time,open,high,low,close,volume
2026-04-19 14:15:00,75794.34,75911.59,75764.42,75850.0,40.60974
2026-04-19 14:20:00,75849.99,75908.11,75809.86,75889.78,23.96618
2026-04-19 14:25:00,75889.78,76028.57,75889.78,75960.01,27.44311
2026-04-19 14:30:00,75960.01,75989.94,75792.76,75850.0,41.94308
2026-04-19 14:35:00,75850.0,75927.16,75821.64,75927.15,109.00456
2026-04-19 14:40:00,75927.15,75992.86,75927.15,75974.87,20.59319
2026-04-19 14:45:00,75974.87,76147.01,75946.0,76096.0,77.85912
2026-04-19 14:50:00,76096.01,76135.06,75975.33,75975.34,63.52961
2026-04-19 14:55:00,75975.34,76040.91,75964.77,76024.01,63.6635
2026-04-19 15:00:00,76024.02,76030.0,75871.89,76014.46,46.21365
2026-04-19 15:05:00,76014.47,76014.47,75890.47,75939.64,48.64682
2026-04-19 15:10:00,75939.65,76041.13,75939.64,76011.31,53.93462
2026-04-19 15:15:00,76011.32,76155.3,76002.03,76073.89,69.48925
2026-04-19 15:20:00,76073.9,76095.39,75894.52,75986.37,85.48645
2026-04-19 15:25:00,75986.37,75993.66,75932.92,75963.13,37.51598
2026-04-19 15:30:00,75963.14,75992.7,75707.68,75725.07,118.23616
2026-04-19 15:35:00,75725.08,75753.81,75401.44,75647.52,246.09298
2026-04-19 15:40:00,75647.51,75743.58,75605.78,75724.88,107.54877
2026-04-19 15:45:00,75724.88,75848.0,75693.04,75847.99,122.72857
2026-04-19 15:50:00,75848.0,75880.26,75717.32,75848.35,111.98475
2026-04-19 15:55:00,75848.35,75872.0,75790.0,75846.63,49.88831
2026-04-19 16:00:00,75846.63,75853.26,75702.45,75853.24,42.64757
2026-04-19 16:05:00,75851.8,75851.8,75678.1,75695.61,22.21456
2026-04-19 16:10:00,75695.61,75736.59,75622.0,75667.98,45.68075
2026-04-19 16:15:00,75667.98,75762.3,75600.0,75607.2,28.02567
2026-04-19 16:20:00,75607.2,75646.04,75550.53,75618.77,19.79777
2026-04-19 16:25:00,75618.76,75720.0,75555.0,75569.99,19.88636
2026-04-19 16:30:00,75569.99,75702.04,75518.73,75673.68,26.10414
2026-04-19 16:35:00,75673.68,75691.89,75614.67,75628.47,30.38287
2026-04-19 16:40:00,75628.48,75639.99,75503.82,75563.51,25.93138
2026-04-19 16:45:00,75563.51,75634.7,75542.36,75610.55,21.85977
2026-04-19 16:50:00,75610.55,75630.47,75369.18,75409.35,47.95457
2026-04-19 16:55:00,75409.34,75485.54,75311.11,75382.86,73.23376
2026-04-19 17:00:00,75382.87,75382.87,75157.89,75160.01,104.89267
2026-04-19 17:05:00,75160.01,75238.11,75012.49,75135.32,156.08244
2026-04-19 17:10:00,75135.33,75264.01,75105.08,75264.0,42.43835
2026-04-19 17:15:00,75264.0,75311.7,75216.83,75293.0,32.64807
2026-04-19 17:20:00,75293.0,75381.76,75193.52,75201.34,32.0712
2026-04-19 17:25:00,75201.33,75281.39,75161.86,75271.22,34.00891
2026-04-19 17:30:00,75271.22,75363.41,75129.88,75145.94,33.96038
2026-04-19 17:35:00,75145.93,75207.5,75084.53,75207.49,29.45049
2026-04-19 17:40:00,75207.5,75221.99,75131.64,75189.15,13.72452
2026-04-19 17:45:00,75189.14,75222.0,75050.0,75050.0,35.22788
2026-04-19 17:50:00,75050.01,75050.01,74638.31,74806.47,236.7241
2026-04-19 17:55:00,74806.46,74869.48,74760.87,74791.26,44.45247
2026-04-19 18:00:00,74791.27,74890.57,74675.77,74703.03,73.25419
2026-04-19 18:05:00,74703.04,74877.14,74697.23,74877.13,48.00712
2026-04-19 18:10:00,74877.14,74908.62,74800.0,74835.52,64.13898
2026-04-19 18:15:00,74835.52,74853.86,74775.25,74775.25,26.22095
2026-04-19 18:20:00,74775.25,74819.01,74655.7,74655.71,45.85189
2026-04-19 18:25:00,74655.7,74872.56,74608.0,74810.67,76.59579
2026-04-19 18:30:00,74810.68,74820.79,74700.0,74713.54,32.91261
2026-04-19 18:35:00,74713.55,74780.0,74686.39,74757.11,47.55513
2026-04-19 18:40:00,74757.1,74772.06,74650.51,74699.99,47.23713
2026-04-19 18:45:00,74700.0,74712.45,74612.85,74712.45,28.96425
2026-04-19 18:50:00,74712.46,74794.01,74700.6,74728.8,27.33924
2026-04-19 18:55:00,74728.8,74789.78,74728.79,74770.11,13.08553
2026-04-19 19:00:00,74770.11,74922.78,74770.11,74869.97,49.59222
2026-04-19 19:05:00,74869.97,74979.21,74869.96,74938.22,47.90099
2026-04-19 19:10:00,74938.23,74982.55,74911.29,74950.82,15.0761
2026-04-19 19:15:00,74950.81,75022.72,74933.2,75020.97,23.81154
2026-04-19 19:20:00,75020.97,75033.26,74844.22,74867.96,25.85309
2026-04-19 19:25:00,74867.96,74970.87,74845.2,74950.78,25.64081
2026-04-19 19:30:00,74950.78,75071.61,74942.6,74960.91,25.03691
2026-04-19 19:35:00,74960.91,74995.21,74936.62,74976.32,13.73775
2026-04-19 19:40:00,74976.33,75033.03,74961.09,74967.23,26.76007
2026-04-19 19:45:00,74967.22,75023.98,74967.22,74986.31,24.23589
2026-04-19 19:50:00,74986.32,75000.01,74940.03,74940.03,14.91709
2026-04-19 19:55:00,74940.03,74980.0,74892.6,74965.47,14.27028
2026-04-19 20:00:00,74965.46,74965.47,74720.0,74735.9,29.8155
2026-04-19 20:05:00,74735.9,74817.95,74700.0,74817.95,28.68699
2026-04-19 20:10:00,74817.94,74840.0,74720.01,74799.87,45.14887
2026-04-19 20:15:00,74799.88,74800.0,74650.0,74680.0,23.25649
2026-04-19 20:20:00,74680.0,74707.47,74640.0,74680.42,17.22795
2026-04-19 20:25:00,74680.42,74770.0,74680.41,74755.01,13.96836
2026-04-19 20:30:00,74755.01,74863.94,74734.75,74863.24,13.40345
2026-04-19 20:35:00,74863.24,74867.33,74782.72,74782.72,25.9908
2026-04-19 20:40:00,74782.73,74782.73,74459.62,74537.0,109.44369
2026-04-19 20:45:00,74537.0,74593.08,74427.53,74514.0,78.33959
2026-04-19 20:50:00,74514.0,74717.07,74489.05,74698.62,55.16122
2026-04-19 20:55:00,74698.62,74706.86,74630.0,74630.0,12.26832
2026-04-19 21:00:00,74630.01,74695.71,74610.0,74679.17,28.8105
2026-04-19 21:05:00,74679.18,74740.0,74679.17,74711.01,20.9007
2026-04-19 21:10:00,74711.0,74711.01,74572.5,74687.8,30.70682
2026-04-19 21:15:00,74687.81,74699.72,74582.69,74636.69,26.54068
2026-04-19 21:20:00,74636.69,74710.0,74636.68,74697.44,13.85407
2026-04-19 21:25:00,74697.44,74766.27,74683.41,74746.1,28.35463
2026-04-19 21:30:00,74746.11,74796.52,74730.0,74740.73,14.14875
2026-04-19 21:35:00,74740.72,74810.0,74740.72,74774.16,11.60356
2026-04-19 21:40:00,74774.16,74790.32,74743.2,74743.21,11.32275
2026-04-19 21:45:00,74743.21,74796.42,74603.23,74622.49,57.00521
2026-04-19 21:50:00,74622.49,74650.67,74374.74,74405.61,90.38015
2026-04-19 21:55:00,74405.6,74483.04,74368.6,74425.15,49.92099
2026-04-19 22:00:00,74425.16,74425.16,73819.33,73886.32,505.95422
2026-04-19 22:05:00,73886.31,74193.74,73818.61,74185.75,111.55174
2026-04-19 22:10:00,74185.74,74185.74,73984.91,74021.14,72.19724
2026-04-19 22:15:00,74021.14,74070.0,73850.0,74044.36,56.61563
2026-04-19 22:20:00,74044.35,74044.35,73762.9,73942.62,119.83586
2026-04-19 22:25:00,73942.62,74025.87,73818.64,73943.57,42.0963
2026-04-19 22:30:00,73943.57,74121.01,73920.0,74043.63,49.36586
2026-04-19 22:35:00,74043.63,74181.81,74034.38,74107.3,69.13509
2026-04-19 22:40:00,74107.3,74170.0,74098.36,74140.59,19.63807
2026-04-19 22:45:00,74140.59,74165.91,74028.88,74048.36,39.25039
2026-04-19 22:50:00,74048.36,74180.0,74048.36,74136.92,36.55282
2026-04-19 22:55:00,74136.91,74196.98,74047.33,74047.34,18.19658
2026-04-19 23:00:00,74047.34,74054.22,73822.13,73922.6,99.38742
2026-04-19 23:05:00,73922.59,73970.0,73859.57,73951.8,40.30823
2026-04-19 23:10:00,73951.8,74030.0,73921.58,74026.01,31.59683
2026-04-19 23:15:00,74026.01,74026.01,73790.0,73930.38,57.34423
2026-04-19 23:20:00,73930.39,73947.24,73800.0,73863.61,26.24425
2026-04-19 23:25:00,73863.61,73940.2,73854.0,73882.07,21.52931
2026-04-19 23:30:00,73882.07,73952.31,73814.5,73863.52,32.77412
2026-04-19 23:35:00,73863.52,73955.99,73819.08,73871.03,23.71764
2026-04-19 23:40:00,73871.04,73897.51,73823.69,73888.92,25.19334
2026-04-19 23:45:00,73888.93,73931.03,73839.7,73916.01,13.04852
2026-04-19 23:50:00,73916.01,73977.41,73885.28,73919.04,25.81394
2026-04-19 23:55:00,73919.05,73919.05,73795.0,73801.79,18.6835
2026-04-20 00:00:00,73801.8,74187.79,73724.31,74069.97,131.47242
2026-04-20 00:05:00,74069.97,74115.74,73879.82,74071.14,121.11216
2026-04-20 00:10:00,74071.14,74133.34,74040.42,74044.28,52.4841
2026-04-20 00:15:00,74044.29,74187.23,74044.28,74135.19,67.38851
2026-04-20 00:20:00,74135.18,74248.0,74122.01,74248.0,34.79876
2026-04-20 00:25:00,74248.0,74280.0,74201.57,74228.92,64.14511
2026-04-20 00:30:00,74228.92,74274.25,74188.88,74217.81,68.3586
2026-04-20 00:35:00,74217.81,74229.7,74150.0,74155.88,69.30981
2026-04-20 00:40:00,74155.88,74211.44,74155.87,74184.58,33.92576
2026-04-20 00:45:00,74184.58,74264.29,74171.86,74240.51,39.23076
2026-04-20 00:50:00,74240.52,74360.43,74240.52,74305.96,53.91857
2026-04-20 00:55:00,74305.97,74341.94,74280.0,74280.01,51.78912
2026-04-20 01:00:00,74280.01,74363.5,74260.0,74286.35,168.06377
2026-04-20 01:05:00,74286.35,74354.23,74214.67,74280.04,52.17077
2026-04-20 01:10:00,74280.04,74360.0,74259.91,74360.0,20.9967
2026-04-20 01:15:00,74360.0,74360.0,74275.35,74291.72,34.94701
2026-04-20 01:20:00,74291.72,74291.72,74217.26,74238.18,21.16587
2026-04-20 01:25:00,74238.18,74302.01,74238.18,74298.03,17.70103
2026-04-20 01:30:00,74298.03,74631.84,74298.02,74604.0,219.65126
2026-04-20 01:35:00,74604.0,74657.18,74550.0,74604.91,35.41744
2026-04-20 01:40:00,74604.91,74706.0,74586.0,74681.18,32.18726
2026-04-20 01:45:00,74681.19,74746.93,74673.08,74728.36,34.45513
2026-04-20 01:50:00,74728.35,74728.36,74667.78,74693.2,25.76283
2026-04-20 01:55:00,74693.2,74693.2,74560.0,74595.13,27.09109
2026-04-20 02:00:00,74595.12,74627.99,74498.64,74498.64,41.19278
2026-04-20 02:05:00,74498.64,74558.92,74472.13,74549.94,19.37875
2026-04-20 02:10:00,74549.94,74550.0,74344.72,74393.71,20.82395
2026-04-20 02:15:00,74393.71,74472.0,74304.84,74372.01,61.54399
2026-04-20 02:20:00,74372.0,74451.77,74358.39,74446.08,62.30536
2026-04-20 02:25:00,74446.09,74472.0,74400.0,74451.55,23.70322
2026-04-20 02:30:00,74451.55,74491.1,74402.16,74485.99,64.97163
2026-04-20 02:35:00,74485.98,74513.34,74459.92,74504.0,64.72689
2026-04-20 02:40:00,74504.01,74517.01,74431.32,74517.01,94.90806
2026-04-20 02:45:00,74517.0,74517.01,74433.97,74487.99,74.65351
2026-04-20 02:50:00,74487.99,74499.55,74450.0,74498.0,103.56767
2026-04-20 02:55:00,74498.0,74498.0,74410.0,74410.01,107.91395
2026-04-20 03:00:00,74410.01,74430.44,74359.04,74376.19,14.44006
2026-04-20 03:05:00,74376.2,74411.31,74364.66,74401.87,10.16264
2026-04-20 03:10:00,74401.87,74505.07,74401.52,74495.52,29.66143
2026-04-20 03:15:00,74495.52,74514.0,74394.55,74425.15,24.50396
2026-04-20 03:20:00,74425.15,74593.67,74405.45,74507.61,74.00204
2026-04-20 03:25:00,74507.61,74535.95,74500.54,74505.21,12.51505
2026-04-20 03:30:00,74505.2,74526.4,74457.52,74522.77,18.81733
2026-04-20 03:35:00,74522.77,74527.75,74485.26,74527.74,17.0804
2026-04-20 03:40:00,74527.74,74575.65,74518.65,74575.64,10.66248
2026-04-20 03:45:00,74575.65,74600.0,74558.63,74595.12,22.51023
2026-04-20 03:50:00,74595.12,74636.29,74543.77,74636.29,30.42565
2026-04-20 03:55:00,74636.29,74640.65,74606.99,74634.0,16.42183
2026-04-20 04:00:00,74634.01,74637.43,74556.62,74556.62,36.93471
2026-04-20 04:05:00,74556.62,74569.1,74509.01,74532.82,31.67414
2026-04-20 04:10:00,74532.83,74545.38,74506.78,74506.78,21.01211
2026-04-20 04:15:00,74506.78,74521.88,74466.56,74466.56,60.65894
2026-04-20 04:20:00,74466.57,74485.82,74435.19,74457.53,45.24508
2026-04-20 04:25:00,74457.53,74503.9,74457.52,74500.0,24.7898
2026-04-20 04:30:00,74499.99,74513.12,74468.43,74512.19,17.88087
2026-04-20 04:35:00,74512.2,74512.2,74469.62,74479.99,9.09554
2026-04-20 04:40:00,74479.99,74480.0,74437.31,74465.43,9.55691
2026-04-20 04:45:00,74465.43,74570.92,74465.42,74570.91,12.9442
2026-04-20 04:50:00,74570.91,74610.17,74556.21,74579.6,33.94933
2026-04-20 04:55:00,74579.61,74584.58,74546.53,74567.64,30.02631
2026-04-20 05:00:00,74567.63,74567.63,74443.8,74455.66,33.34474
2026-04-20 05:05:00,74455.67,74455.67,74319.53,74351.48,39.27678
2026-04-20 05:10:00,74351.47,74363.17,74260.03,74355.36,102.59679
2026-04-20 05:15:00,74355.36,74355.36,74217.43,74221.15,39.2878
2026-04-20 05:20:00,74221.15,74221.16,74150.0,74150.0,29.94782
2026-04-20 05:25:00,74150.0,74193.43,74128.47,74139.55,36.54893
2026-04-20 05:30:00,74139.55,74192.55,74109.71,74164.41,60.89647
2026-04-20 05:35:00,74164.42,74221.41,74150.0,74156.94,64.14825
2026-04-20 05:40:00,74156.95,74211.76,74119.85,74119.85,42.83539
2026-04-20 05:45:00,74119.85,74218.63,74095.18,74208.38,39.02983
2026-04-20 05:50:00,74208.39,74297.21,74208.38,74297.2,26.8334
2026-04-20 05:55:00,74297.2,74297.21,74259.91,74264.15,14.99337
2026-04-20 06:00:00,74264.16,74432.16,74263.91,74382.43,38.03863
2026-04-20 06:05:00,74382.44,74401.95,74350.67,74366.63,11.27996
2026-04-20 06:10:00,74366.63,74366.64,74274.8,74297.54,13.1715
2026-04-20 06:15:00,74297.53,74400.91,74250.0,74400.91,20.20144
2026-04-20 06:20:00,74400.91,74401.32,74335.28,74353.2,17.62988
2026-04-20 06:25:00,74353.2,74382.4,74318.0,74344.14,18.50781
2026-04-20 06:30:00,74344.14,74515.29,74344.14,74513.01,62.41071
2026-04-20 06:35:00,74513.0,74574.96,74505.4,74574.96,28.59236
2026-04-20 06:40:00,74574.96,74894.11,74574.96,74781.29,98.90824
2026-04-20 06:45:00,74781.29,74821.62,74720.35,74760.28,37.16098
2026-04-20 06:50:00,74760.28,74760.29,74682.41,74707.23,29.23205
2026-04-20 06:55:00,74707.23,74814.0,74654.81,74786.59,66.16714
2026-04-20 07:00:00,74786.59,74863.94,74750.0,74767.6,38.96689
2026-04-20 07:05:00,74767.6,74776.82,74689.07,74757.4,32.65028
2026-04-20 07:10:00,74757.41,74837.84,74735.49,74802.0,31.53328
2026-04-20 07:15:00,74801.99,74913.04,74722.85,74911.91,38.18391
2026-04-20 07:20:00,74911.9,75572.0,74905.93,75380.21,396.21056
2026-04-20 07:25:00,75380.21,75410.5,75140.05,75211.03,126.21447
2026-04-20 07:30:00,75211.02,75246.77,74992.09,75069.74,120.31621
2026-04-20 07:35:00,75069.74,75069.74,74848.11,74936.0,114.03863
2026-04-20 07:40:00,74936.0,74973.72,74923.38,74947.53,38.7296
2026-04-20 07:45:00,74947.53,75018.68,74856.61,74856.62,51.37284
2026-04-20 07:50:00,74856.62,74856.62,74698.85,74709.3,124.70261
2026-04-20 07:55:00,74709.3,74837.18,74670.86,74837.17,62.82554
2026-04-20 08:00:00,74837.18,74850.0,74664.13,74684.3,48.31545
2026-04-20 08:05:00,74684.3,74749.29,74663.36,74671.41,48.10553
2026-04-20 08:10:00,74671.4,74876.01,74671.4,74833.6,43.86256
2026-04-20 08:15:00,74833.6,74998.83,74824.0,74993.27,42.85475
2026-04-20 08:20:00,74993.26,74993.27,74837.28,74838.98,45.38062
2026-04-20 08:25:00,74838.98,74838.98,74713.97,74817.71,41.20816
2026-04-20 08:30:00,74817.72,74931.35,74775.99,74886.42,49.45354
2026-04-20 08:35:00,74886.41,74893.67,74758.86,74784.18,39.35656
2026-04-20 08:40:00,74784.18,74845.56,74751.0,74835.51,30.59868
2026-04-20 08:45:00,74835.51,74859.73,74710.48,74729.3,68.00386
2026-04-20 08:50:00,74729.31,74744.54,74619.41,74689.53,46.87948
2026-04-20 08:55:00,74689.54,74745.75,74689.53,74728.91,34.50933
2026-04-20 09:00:00,74728.92,74771.6,74706.87,74726.0,32.87919
2026-04-20 09:05:00,74726.0,75033.26,74708.92,74949.99,102.22609
2026-04-20 09:10:00,74950.0,75085.71,74872.41,75032.24,44.22431
2026-04-20 09:15:00,75032.23,75125.94,75015.98,75050.38,51.98843
2026-04-20 09:20:00,75050.38,75143.86,75002.99,75081.0,43.18083
2026-04-20 09:25:00,75080.99,75081.0,75000.0,75027.84,23.25399
2026-04-20 09:30:00,75027.84,75033.78,74976.34,74987.67,25.8901
2026-04-20 09:35:00,74987.68,75161.06,74987.67,75134.12,35.22944
2026-04-20 09:40:00,75134.13,75196.47,75113.38,75159.63,40.66798
2026-04-20 09:45:00,75159.62,75233.0,75088.92,75095.6,46.19531
2026-04-20 09:50:00,75095.6,75110.45,75020.19,75066.33,42.54673
2026-04-20 09:55:00,75066.34,75107.63,75029.46,75062.77,14.28164
2026-04-20 10:00:00,75062.77,75214.51,75062.77,75199.97,33.09494
2026-04-20 10:05:00,75199.97,75300.0,75199.97,75257.54,33.04743
2026-04-20 10:10:00,75257.53,75345.32,75257.53,75342.96,69.95019
2026-04-20 10:15:00,75342.96,75404.63,75320.41,75383.8,24.34579
2026-04-20 10:20:00,75383.79,75383.79,75271.76,75300.0,27.55748
2026-04-20 10:25:00,75299.99,75333.8,75268.32,75303.69,22.71259
2026-04-20 10:30:00,75303.69,75303.69,75176.66,75176.67,25.07741
2026-04-20 10:35:00,75176.67,75193.82,75146.37,75190.95,16.63506
2026-04-20 10:40:00,75190.94,75196.75,75162.69,75174.45,13.52756
2026-04-20 10:45:00,75174.45,75186.09,75110.0,75112.55,16.04469
2026-04-20 10:50:00,75112.55,75147.53,75076.31,75099.4,22.59494
2026-04-20 10:55:00,75099.39,75108.74,75003.63,75027.26,16.73292
2026-04-20 11:00:00,75027.26,75080.2,74957.51,75043.86,30.21786
2026-04-20 11:05:00,75043.86,75185.52,75043.86,75172.13,29.26396
2026-04-20 11:10:00,75172.13,75172.14,75094.47,75171.23,14.27442
2026-04-20 11:15:00,75171.24,75266.46,75171.24,75199.14,29.01544
2026-04-20 11:20:00,75199.14,75199.98,75059.39,75199.98,29.2716
2026-04-20 11:25:00,75199.98,75233.56,75170.48,75170.49,17.38565
2026-04-20 11:30:00,75170.49,75258.34,75083.22,75206.4,29.66509
2026-04-20 11:35:00,75206.41,75287.88,75188.57,75252.72,20.24971
2026-04-20 11:40:00,75252.71,75254.0,75214.11,75215.78,10.08924
2026-04-20 11:45:00,75215.78,75274.85,75201.64,75229.52,34.03179
2026-04-20 11:50:00,75229.52,75234.71,75164.06,75199.97,18.796
2026-04-20 11:55:00,75199.98,75223.41,75149.98,75192.71,21.8594
2026-04-20 12:00:00,75192.72,75199.97,75075.04,75186.18,32.10348
2026-04-20 12:05:00,75186.19,75353.18,75186.19,75303.68,47.81986
2026-04-20 12:10:00,75303.69,75393.55,75303.69,75354.1,34.66152
2026-04-20 12:15:00,75354.09,75450.0,75294.61,75447.9,36.46101
2026-04-20 12:20:00,75447.91,75650.0,75447.9,75505.99,185.69585
2026-04-20 12:25:00,75506.0,75535.19,75402.0,75412.1,63.57374
2026-04-20 12:30:00,75412.1,75450.0,75350.02,75395.43,42.47375
2026-04-20 12:35:00,75395.43,75438.31,75207.55,75252.0,49.04255
2026-04-20 12:40:00,75252.0,75252.0,75043.86,75215.38,104.70303
2026-04-20 12:45:00,75215.39,75327.4,75215.39,75312.73,43.49413
2026-04-20 12:50:00,75312.73,75378.92,75293.95,75319.07,28.16775
2026-04-20 12:55:00,75319.08,75319.08,75228.0,75289.9,30.65817
2026-04-20 13:00:00,75289.91,75309.38,75159.57,75201.62,28.57162
2026-04-20 13:05:00,75201.63,75350.0,75120.05,75279.01,96.6688
2026-04-20 13:10:00,75279.02,75309.27,75202.51,75221.38,35.59507
2026-04-20 13:15:00,75221.38,75267.52,75071.44,75111.98,38.19296
2026-04-20 13:20:00,75111.98,75119.49,75000.0,75006.89,49.59368
2026-04-20 13:25:00,75006.89,75199.2,75000.0,75192.79,66.67658
2026-04-20 13:30:00,75192.8,75275.39,74859.11,75275.38,169.09875
2026-04-20 13:35:00,75275.39,75434.41,75218.17,75245.97,72.26976
2026-04-20 13:40:00,75245.96,75279.05,75123.0,75227.04,40.59131
2026-04-20 13:45:00,75227.03,75321.31,75033.26,75097.6,54.80365
2026-04-20 13:50:00,75097.6,75139.4,74972.44,75045.33,61.84643
2026-04-20 13:55:00,75045.33,75288.14,75010.0,75269.38,60.18232
2026-04-20 14:00:00,75269.37,75269.37,75096.27,75184.36,50.90191
2026-04-20 14:05:00,75184.8,75300.0,75050.86,75198.44,75.43198
2026-04-20 14:10:00,75198.43,75240.56,75030.0,75070.99,65.32202
2026-04-20 14:15:00,75070.98,75298.48,75030.73,75289.41,65.63862
2026-04-20 14:20:00,75290.02,75580.98,75286.91,75524.11,116.45336
2026-04-20 14:25:00,75524.1,75766.74,75435.12,75570.61,125.9547
2026-04-20 14:30:00,75570.61,75669.82,75469.74,75526.65,84.68107
2026-04-20 14:35:00,75526.66,75560.01,75427.62,75461.24,46.52692
2026-04-20 14:40:00,75461.23,75461.23,75200.0,75329.8,59.21166
2026-04-20 14:45:00,75329.79,75407.39,75225.23,75400.26,62.24657
2026-04-20 14:50:00,75400.26,75435.11,74986.8,75025.42,205.57283
2026-04-20 14:55:00,75025.41,75035.43,74921.42,75034.79,89.26764
2026-04-20 15:00:00,75034.79,75081.9,74708.91,74799.53,138.26963
2026-04-20 15:05:00,74799.52,74889.23,74702.0,74814.4,129.51002
2026-04-20 15:10:00,74814.4,75070.62,74804.41,75063.13,87.2072
2026-04-20 15:15:00,75063.13,75210.45,75042.02,75185.11,97.38113
2026-04-20 15:20:00,75185.11,75516.64,75138.91,75433.93,175.29444
2026-04-20 15:25:00,75436.09,75772.72,75427.71,75754.4,171.58757
2026-04-20 15:30:00,75754.39,75754.39,75516.65,75576.28,123.15035
2026-04-20 15:35:00,75576.27,75666.97,75536.36,75581.63,77.38717
2026-04-20 15:40:00,75581.64,75722.31,75566.14,75580.57,55.05231
2026-04-20 15:45:00,75580.56,75688.37,75541.23,75541.23,46.3172
2026-04-20 15:50:00,75541.16,75625.32,75541.15,75574.8,38.44928
2026-04-20 15:55:00,75574.79,75729.5,75574.79,75716.77,57.3463
2026-04-20 16:00:00,75716.78,75723.99,75517.4,75536.97,42.86497
2026-04-20 16:05:00,75536.97,75563.52,75425.62,75462.73,57.32368
2026-04-20 16:10:00,75462.74,75500.0,75409.72,75419.01,100.70947
2026-04-20 16:15:00,75419.01,75443.52,75331.93,75421.28,59.39118
2026-04-20 16:20:00,75421.28,75516.64,75350.0,75440.26,44.87592
2026-04-20 16:25:00,75440.27,75440.27,75325.84,75359.76,69.94467
2026-04-20 16:30:00,75359.77,75445.49,75325.89,75396.0,28.46705
2026-04-20 16:35:00,75395.84,75427.23,75311.25,75427.23,58.40813
2026-04-20 16:40:00,75427.22,75568.81,75365.74,75481.83,81.61362
2026-04-20 16:45:00,75481.83,75558.6,75321.86,75333.43,50.71178
2026-04-20 16:50:00,75333.43,75401.99,75325.06,75359.75,20.74049
2026-04-20 16:55:00,75359.74,75361.64,75299.26,75338.74,15.66609
2026-04-20 17:00:00,75338.75,75501.89,75289.92,75477.48,47.4383
2026-04-20 17:05:00,75477.49,75650.0,75445.48,75567.49,66.01241
2026-04-20 17:10:00,75567.48,75683.46,75564.0,75644.87,32.93687
2026-04-20 17:15:00,75644.87,75887.99,75607.22,75855.88,73.29523
2026-04-20 17:20:00,75855.89,75859.86,75723.9,75754.73,56.01403
2026-04-20 17:25:00,75754.73,75758.0,75699.09,75719.67,24.15714
2026-04-20 17:30:00,75719.67,75745.0,75607.83,75665.83,49.74377
2026-04-20 17:35:00,75665.84,75814.97,75633.33,75769.06,50.69611
2026-04-20 17:40:00,75769.05,75844.58,75737.31,75762.03,54.79898
2026-04-20 17:45:00,75762.04,75927.27,75697.1,75919.36,65.29271
2026-04-20 17:50:00,75919.35,75991.47,75800.28,75887.55,82.26611
2026-04-20 17:55:00,75887.56,75949.66,75813.42,75898.14,39.95879
2026-04-20 18:00:00,75898.14,76256.08,75898.14,76071.4,272.84091
2026-04-20 18:05:00,76071.4,76292.51,76063.79,76292.5,93.29529
2026-04-20 18:10:00,76292.5,76300.0,76186.21,76275.24,116.727
2026-04-20 18:15:00,76275.24,76319.99,76243.85,76264.66,87.31684
2026-04-20 18:20:00,76264.67,76293.42,76150.0,76159.01,94.70147
2026-04-20 18:25:00,76159.01,76195.95,76082.94,76102.0,107.1671
2026-04-20 18:30:00,76102.0,76137.42,76010.86,76137.42,103.88565
2026-04-20 18:35:00,76137.42,76147.87,76001.0,76061.1,103.53383
2026-04-20 18:40:00,76061.1,76268.78,76061.1,76173.07,149.03598
2026-04-20 18:45:00,76173.06,76199.45,76097.28,76178.99,113.9295
2026-04-20 18:50:00,76178.99,76453.19,76178.99,76408.24,153.73153
2026-04-20 18:55:00,76408.24,76449.67,76344.9,76423.69,148.59793
2026-04-20 19:00:00,76423.69,76464.03,76302.98,76416.0,125.43872
2026-04-20 19:05:00,76415.99,76477.31,76361.34,76454.14,107.94166
2026-04-20 19:10:00,76454.14,76486.67,76321.69,76333.75,183.13447
2026-04-20 19:15:00,76333.74,76338.48,76209.67,76232.01,201.2449
2026-04-20 19:20:00,76232.01,76262.0,76157.76,76193.43,168.90578
2026-04-20 19:25:00,76193.43,76213.13,76174.0,76211.09,18.83791
2026-04-20 19:30:00,76211.09,76255.81,76154.49,76226.31,24.60363
2026-04-20 19:35:00,76226.31,76257.79,76206.14,76253.33,18.20636
2026-04-20 19:40:00,76253.33,76255.25,76218.27,76250.57,23.8631
2026-04-20 19:45:00,76250.57,76259.95,76211.94,76257.25,129.96987
2026-04-20 19:50:00,76257.26,76280.35,76209.07,76225.87,232.21388
2026-04-20 19:55:00,76225.87,76347.45,76221.39,76296.96,133.76215
2026-04-20 20:00:00,76296.97,76296.97,76113.07,76255.21,191.74288
2026-04-20 20:05:00,76255.21,76306.62,76137.39,76255.96,113.64296
2026-04-20 20:10:00,76255.97,76372.86,76255.97,76333.2,151.27207
2026-04-20 20:15:00,76333.2,76401.0,76311.56,76394.64,58.07182
2026-04-20 20:20:00,76394.65,76558.62,76382.96,76446.33,101.44694
2026-04-20 20:25:00,76446.32,76471.92,76297.57,76325.12,123.82266
2026-04-20 20:30:00,76325.12,76325.13,76211.97,76258.15,124.41981
2026-04-20 20:35:00,76258.14,76260.57,76231.22,76260.56,43.42398
2026-04-20 20:40:00,76260.56,76260.57,76199.94,76250.81,205.35384
2026-04-20 20:45:00,76250.81,76311.91,76237.57,76270.6,57.10342
2026-04-20 20:50:00,76270.61,76286.06,76244.85,76273.89,181.30826
2026-04-20 20:55:00,76273.89,76289.84,76273.89,76276.17,67.24886
2026-04-20 21:00:00,76276.18,76357.2,76223.65,76246.0,62.8318
2026-04-20 21:05:00,76245.99,76320.25,76133.5,76137.99,56.3473
2026-04-20 21:10:00,76137.99,76138.0,75918.07,76004.79,102.90104
2026-04-20 21:15:00,76004.8,76037.57,75854.54,75917.31,40.23071
2026-04-20 21:20:00,75917.36,75989.41,75917.36,75966.1,17.57499
2026-04-20 21:25:00,75966.09,75966.1,75890.78,75926.87,20.38427
2026-04-20 21:30:00,75926.87,75926.87,75784.05,75862.89,83.22407
2026-04-20 21:35:00,75862.9,75927.8,75862.9,75886.51,27.61647
2026-04-20 21:40:00,75886.51,75945.05,75864.55,75888.73,37.03661
2026-04-20 21:45:00,75888.73,75931.2,75857.59,75904.99,39.33431
2026-04-20 21:50:00,75905.0,75964.54,75900.0,75945.42,5.91524
2026-04-20 21:55:00,75945.42,75968.25,75929.93,75954.71,29.88551
2026-04-20 22:00:00,75954.72,76101.93,75954.72,76084.15,42.08123
2026-04-20 22:05:00,76084.14,76143.71,76050.61,76052.48,15.33964
2026-04-20 22:10:00,76052.47,76090.46,76047.37,76067.97,9.50163
2026-04-20 22:15:00,76067.96,76108.43,75932.26,75932.26,15.14953
2026-04-20 22:20:00,75932.25,75986.11,75904.39,75960.61,16.78397
2026-04-20 22:25:00,75960.6,75972.73,75914.53,75919.99,9.95421
2026-04-20 22:30:00,75920.0,76036.89,75904.83,76029.4,16.91253
2026-04-20 22:35:00,76029.4,76066.87,76000.0,76005.51,18.95238
2026-04-20 22:40:00,76005.52,76020.49,75935.89,75991.55,9.21729
2026-04-20 22:45:00,75991.55,75995.53,75937.7,75938.3,51.11697
2026-04-20 22:50:00,75938.3,75960.66,75928.27,75960.43,7.79602
2026-04-20 22:55:00,75960.43,75995.53,75930.59,75974.24,7.8363
2026-04-20 23:00:00,75974.24,75974.24,75813.34,75818.4,66.733
2026-04-20 23:05:00,75818.41,75818.41,75727.28,75769.83,39.21524
2026-04-20 23:10:00,75769.82,75812.24,75727.0,75753.42,34.18482
2026-04-20 23:15:00,75753.41,75755.95,75680.67,75707.77,23.24245
2026-04-20 23:20:00,75707.76,75755.0,75707.76,75752.76,29.66908
2026-04-20 23:25:00,75752.75,75752.75,75617.6,75658.0,27.4303
2026-04-20 23:30:00,75657.99,75720.97,75636.75,75714.35,17.05058
2026-04-20 23:35:00,75714.35,75799.55,75712.0,75791.93,7.58258
2026-04-20 23:40:00,75791.92,75806.8,75771.69,75775.52,6.31309
2026-04-20 23:45:00,75775.53,75882.81,75757.51,75866.01,23.57421
2026-04-20 23:50:00,75866.0,75866.01,75840.46,75862.63,8.10019
2026-04-20 23:55:00,75862.62,75864.37,75829.0,75840.97,18.68922
2026-04-21 00:00:00,75840.97,75924.42,75814.38,75821.4,37.94966
2026-04-21 00:05:00,75821.39,75854.95,75700.0,75733.11,38.00466
2026-04-21 00:10:00,75733.12,75903.41,75733.12,75867.21,15.80958
2026-04-21 00:15:00,75867.21,75919.49,75845.75,75879.46,22.39724
2026-04-21 00:20:00,75879.46,75928.63,75836.09,75906.32,19.96524
2026-04-21 00:25:00,75906.33,75910.9,75808.18,75909.51,19.46798
2026-04-21 00:30:00,75909.51,75952.69,75861.58,75932.38,18.76971
2026-04-21 00:35:00,75932.39,75993.22,75899.0,75904.39,61.60604
2026-04-21 00:40:00,75904.39,75945.41,75881.61,75881.61,51.65376
2026-04-21 00:45:00,75881.62,76073.33,75881.61,75999.71,90.26552
2026-04-21 00:50:00,75999.71,75999.71,75919.49,75936.86,11.70995
2026-04-21 00:55:00,75936.85,76099.19,75936.85,76092.45,41.35897
2026-04-21 01:00:00,76092.46,76114.0,76024.72,76099.76,28.51401
2026-04-21 01:05:00,76099.76,76263.4,76099.75,76180.01,90.44571
2026-04-21 01:10:00,76180.0,76192.92,76078.0,76129.94,52.32424
2026-04-21 01:15:00,76129.94,76129.94,75995.54,76003.79,25.99916
2026-04-21 01:20:00,76003.79,76051.65,76003.79,76029.29,25.54936
2026-04-21 01:25:00,76029.28,76142.49,75987.94,76133.01,50.0333
2026-04-21 01:30:00,76133.0,76226.4,76118.52,76118.53,24.1284
2026-04-21 01:35:00,76118.53,76134.72,76015.22,76024.72,18.4779
2026-04-21 01:40:00,76024.72,76082.77,75990.82,76072.2,19.42781
2026-04-21 01:45:00,76072.2,76072.21,75990.83,76024.55,18.73102
2026-04-21 01:50:00,76024.55,76042.38,75866.01,75890.63,28.73856
2026-04-21 01:55:00,75890.63,75927.59,75876.55,75927.59,8.76646
2026-04-21 02:00:00,75927.58,75932.7,75750.0,75786.7,31.91818
2026-04-21 02:05:00,75786.69,75810.43,75758.49,75792.3,10.80052
2026-04-21 02:10:00,75792.3,75801.6,75703.61,75731.99,50.81617
2026-04-21 02:15:00,75732.0,75784.18,75699.69,75733.32,132.97963
2026-04-21 02:20:00,75733.32,75787.94,75709.04,75730.01,141.86556
2026-04-21 02:25:00,75730.01,75794.34,75691.03,75721.38,26.50494
2026-04-21 02:30:00,75721.39,75797.94,75721.39,75743.54,13.54071
2026-04-21 02:35:00,75743.54,75764.4,75650.0,75650.01,28.26723
2026-04-21 02:40:00,75650.01,75682.68,75600.0,75603.87,34.20235
2026-04-21 02:45:00,75603.88,75672.42,75580.0,75601.0,27.52491
2026-04-21 02:50:00,75601.01,75633.59,75601.0,75618.8,17.57854
2026-04-21 02:55:00,75618.8,75623.8,75581.33,75581.33,20.09467
2026-04-21 03:00:00,75581.33,75616.78,75474.77,75616.78,65.98029
2026-04-21 03:05:00,75616.79,75624.0,75567.0,75603.82,10.9492
2026-04-21 03:10:00,75603.82,75635.78,75542.0,75568.07,31.55926
2026-04-21 03:15:00,75568.07,75625.81,75500.01,75508.0,14.03059
2026-04-21 03:20:00,75508.01,75576.75,75508.0,75573.65,10.92447
2026-04-21 03:25:00,75573.64,75663.09,75565.44,75630.58,18.32959
2026-04-21 03:30:00,75630.57,75720.84,75623.18,75669.35,22.0765
2026-04-21 03:35:00,75669.34,75669.35,75522.0,75533.07,10.61304
2026-04-21 03:40:00,75533.08,75560.91,75492.67,75556.81,14.33675
2026-04-21 03:45:00,75556.81,75647.99,75548.82,75641.74,10.27279
2026-04-21 03:50:00,75641.74,75709.04,75641.74,75706.17,23.76798
2026-04-21 03:55:00,75706.18,75721.12,75694.48,75710.3,23.41104
2026-04-21 04:00:00,75710.31,75763.07,75700.0,75726.08,35.8603
2026-04-21 04:05:00,75726.07,75726.08,75645.45,75645.45,10.97892
2026-04-21 04:10:00,75645.45,75662.16,75611.05,75611.05,8.73432
2026-04-21 04:15:00,75611.05,75663.78,75600.0,75600.01,22.24389
2026-04-21 04:20:00,75600.0,75652.58,75600.0,75644.91,15.31222
2026-04-21 04:25:00,75644.91,75712.89,75632.43,75633.63,18.67039
2026-04-21 04:30:00,75633.63,75673.3,75623.2,75623.2,25.10118
2026-04-21 04:35:00,75623.21,75729.46,75623.21,75704.29,31.98663
2026-04-21 04:40:00,75704.29,75712.0,75650.0,75711.19,26.6401
2026-04-21 04:45:00,75711.19,75733.29,75689.91,75721.12,19.97802
2026-04-21 04:50:00,75721.13,75790.02,75721.12,75753.74,15.82577
2026-04-21 04:55:00,75753.74,75823.49,75749.99,75813.81,28.31099
2026-04-21 05:00:00,75813.8,75852.0,75804.0,75846.69,18.05065
2026-04-21 05:05:00,75846.68,75970.68,75842.3,75931.81,40.33343
2026-04-21 05:10:00,75931.81,75931.81,75867.52,75900.0,18.15156
2026-04-21 05:15:00,75900.0,75922.6,75870.93,75879.75,19.7069
2026-04-21 05:20:00,75879.74,75975.61,75879.74,75970.13,73.30277
2026-04-21 05:25:00,75970.13,75981.1,75850.0,75892.42,44.47005
2026-04-21 05:30:00,75892.41,75892.42,75829.79,75859.81,11.41673
2026-04-21 05:35:00,75859.8,75879.32,75834.81,75834.82,9.95671
2026-04-21 05:40:00,75834.82,75864.28,75834.82,75841.62,15.40797
2026-04-21 05:45:00,75841.62,75841.62,75782.75,75809.12,28.17588
2026-04-21 05:50:00,75809.13,75829.77,75783.55,75829.77,18.04045
2026-04-21 05:55:00,75829.76,75829.77,75798.18,75802.0,24.52548
2026-04-21 06:00:00,75802.0,75817.54,75734.15,75754.27,25.43231
2026-04-21 06:05:00,75754.28,75781.81,75750.0,75766.72,19.32428
2026-04-21 06:10:00,75766.72,75789.0,75758.17,75788.54,16.71377
2026-04-21 06:15:00,75788.53,75800.06,75743.37,75743.38,52.00466
2026-04-21 06:20:00,75743.38,75765.44,75703.85,75724.0,22.24609
2026-04-21 06:25:00,75724.0,75766.53,75722.6,75760.41,16.49257
2026-04-21 06:30:00,75760.41,76070.0,75760.41,76066.69,127.64899
2026-04-21 06:35:00,76066.7,76129.95,76001.59,76031.71,49.02627
2026-04-21 06:40:00,76031.7,76058.27,75992.06,75992.06,20.12302
2026-04-21 06:45:00,75992.07,76045.71,75991.37,76037.71,17.33171
2026-04-21 06:50:00,76037.7,76037.78,75971.46,75974.99,16.50847
2026-04-21 06:55:00,75974.99,75999.26,75964.29,75974.11,26.02125
2026-04-21 07:00:00,75974.12,75982.13,75814.26,75888.93,25.5272
2026-04-21 07:05:00,75888.93,75904.37,75867.16,75900.11,14.01447
2026-04-21 07:10:00,75900.12,75974.12,75900.12,75955.87,22.74282
2026-04-21 07:15:00,75955.88,76056.93,75938.0,76056.93,20.08853
2026-04-21 07:20:00,76056.94,76138.08,76052.82,76138.08,38.60295
2026-04-21 07:25:00,76138.08,76300.0,76138.08,76179.82,67.55273
2026-04-21 07:30:00,76179.82,76236.78,76028.7,76109.33,220.30242
2026-04-21 07:35:00,76109.34,76232.16,76109.33,76171.65,292.86785
2026-04-21 07:40:00,76171.65,76300.0,76171.65,76194.84,131.25615
2026-04-21 07:45:00,76194.84,76222.3,76131.93,76222.27,162.08138
2026-04-21 07:50:00,76222.26,76293.36,76116.0,76117.29,110.5877
2026-04-21 07:55:00,76117.28,76132.05,76084.33,76084.34,131.10028
2026-04-21 08:00:00,76084.34,76168.18,76063.98,76144.11,52.86529
2026-04-21 08:05:00,76144.11,76211.79,76107.62,76162.69,42.18646
2026-04-21 08:10:00,76162.69,76184.86,76088.5,76132.47,43.2433
2026-04-21 08:15:00,76132.46,76212.0,76115.62,76211.99,40.63101
2026-04-21 08:20:00,76212.0,76368.0,76211.99,76332.1,83.09203
2026-04-21 08:25:00,76332.11,76370.0,76300.0,76352.16,36.65085
2026-04-21 08:30:00,76352.15,76353.92,76265.14,76321.46,49.78144
2026-04-21 08:35:00,76321.47,76341.66,76250.0,76341.66,49.43535
2026-04-21 08:40:00,76341.66,76496.68,76324.2,76458.78,63.90683
2026-04-21 08:45:00,76458.78,76927.57,76419.87,76659.01,337.96179
2026-04-21 08:50:00,76659.02,76665.61,76534.95,76538.26,67.54661
2026-04-21 08:55:00,76538.26,76538.26,76454.84,76507.21,47.93687
2026-04-21 09:00:00,76507.21,76587.82,76385.31,76400.95,108.48081
2026-04-21 09:05:00,76400.94,76440.01,76349.82,76418.89,41.07489
2026-04-21 09:10:00,76418.88,76484.41,76412.38,76476.68,22.04709
2026-04-21 09:15:00,76476.69,76531.0,76476.68,76509.19,23.99965
2026-04-21 09:20:00,76509.2,76530.99,76412.8,76412.8,27.90993
2026-04-21 09:25:00,76412.81,76412.81,76196.05,76246.75,92.26451
2026-04-21 09:30:00,76246.76,76283.97,76200.01,76200.01,74.50791
2026-04-21 09:35:00,76200.01,76272.98,76155.0,76268.75,67.78413
2026-04-21 09:40:00,76268.76,76322.27,76268.76,76301.26,28.87182
2026-04-21 09:45:00,76301.25,76329.84,76250.0,76296.48,28.29378
2026-04-21 09:50:00,76296.49,76354.16,76275.01,76312.4,26.30888
2026-04-21 09:55:00,76312.41,76381.61,76312.41,76362.77,41.12897
2026-04-21 10:00:00,76362.78,76417.56,76349.59,76417.06,25.15542
2026-04-21 10:05:00,76417.07,76502.72,76399.4,76470.0,46.62119
2026-04-21 10:10:00,76470.01,76470.01,76386.55,76438.0,22.31665
2026-04-21 10:15:00,76437.99,76530.0,76373.03,76476.12,88.13924
2026-04-21 10:20:00,76476.12,76574.0,76435.73,76572.0,31.56271
2026-04-21 10:25:00,76572.0,76572.0,76502.94,76511.72,31.25401
2026-04-21 10:30:00,76511.73,76543.44,76496.2,76528.0,18.16574
2026-04-21 10:35:00,76527.99,76553.14,76527.99,76533.8,18.39167
2026-04-21 10:40:00,76533.8,76598.56,76471.27,76572.11,28.81228
2026-04-21 10:45:00,76572.1,76734.68,76550.86,76730.49,95.00727
2026-04-21 10:50:00,76730.49,76866.55,76730.49,76834.01,98.09065
2026-04-21 10:55:00,76834.0,76866.55,76746.41,76746.41,32.8256
2026-04-21 11:00:00,76746.41,76750.68,76660.58,76689.25,40.70804
2026-04-21 11:05:00,76689.25,76704.5,76593.06,76642.96,63.32556
2026-04-21 11:10:00,76642.96,76645.82,76344.34,76405.37,180.45994
2026-04-21 11:15:00,76405.37,76511.33,76342.0,76511.33,38.86934
2026-04-21 11:20:00,76511.33,76723.87,76502.46,76695.17,50.60929
2026-04-21 11:25:00,76689.87,76689.88,76610.85,76669.07,21.32614
2026-04-21 11:30:00,76669.07,76691.98,76579.63,76579.64,21.16593
2026-04-21 11:35:00,76579.64,76623.09,76552.41,76602.0,48.14792
2026-04-21 11:40:00,76602.0,76609.94,76468.24,76473.9,59.47564
2026-04-21 11:45:00,76473.9,76485.25,76446.35,76456.21,54.59115
2026-04-21 11:50:00,76456.2,76491.6,76446.23,76446.24,21.14232
2026-04-21 11:55:00,76446.24,76482.99,76417.16,76452.94,25.12157
2026-04-21 12:00:00,76452.94,76494.11,76356.0,76400.01,71.55027
2026-04-21 12:05:00,76400.0,76463.36,76383.69,76439.46,36.92673
2026-04-21 12:10:00,76439.47,76439.47,76258.76,76258.76,57.75876
2026-04-21 12:15:00,76258.76,76331.95,76247.09,76330.39,40.8738
2026-04-21 12:20:00,76330.39,76368.89,76300.0,76313.3,19.99669
2026-04-21 12:25:00,76313.31,76386.59,76313.3,76381.19,20.63454
2026-04-21 12:30:00,76381.2,76517.36,76317.48,76506.0,30.7536
2026-04-21 12:35:00,76506.01,76528.11,76100.0,76128.79,65.15794
2026-04-21 12:40:00,76128.79,76150.08,75709.03,75829.94,476.73972
2026-04-21 12:45:00,75829.95,75910.63,75745.13,75780.92,100.16658
2026-04-21 12:50:00,75780.92,75955.07,75767.86,75955.07,71.69776
2026-04-21 12:55:00,75955.07,76059.79,75955.06,76009.46,47.52876
2026-04-21 13:00:00,76009.46,76088.52,75912.9,75926.16,83.95664
2026-04-21 13:05:00,75926.15,76050.0,75900.0,75995.63,33.19327
2026-04-21 13:10:00,75995.63,76022.59,75963.16,75991.69,28.51048
2026-04-21 13:15:00,75991.39,76068.79,75970.0,76036.02,25.64377
2026-04-21 13:20:00,76036.01,76059.12,75996.39,76054.0,71.59546
2026-04-21 13:25:00,76054.0,76129.95,76007.22,76029.46,75.52509
2026-04-21 13:30:00,76029.46,76029.46,75865.7,75906.34,78.79532
2026-04-21 13:35:00,75906.33,75963.63,75777.13,75788.77,57.3175
2026-04-21 13:40:00,75788.78,76179.75,75736.33,76012.01,72.07394
2026-04-21 13:45:00,76012.0,76053.99,75850.41,75876.9,53.60776
2026-04-21 13:50:00,75876.91,75907.88,75770.65,75808.36,42.61401
2026-04-21 13:55:00,75808.37,75950.0,75808.37,75899.98,63.25169
2026-04-21 14:00:00,75899.98,75933.37,75700.0,75841.4,80.6381
2026-04-21 14:05:00,75841.39,75880.63,75726.0,75875.28,33.31787
2026-04-21 14:10:00,75875.28,75877.15,75759.39,75838.23,26.24924
2026-04-21 14:15:00,75838.24,76300.73,75838.24,76178.83,129.50094
2026-04-21 14:20:00,76178.83,76251.98,76063.98,76112.68,50.80364
2026-04-21 14:25:00,76112.67,76202.0,76088.57,76117.39,24.98786
2026-04-21 14:30:00,76117.38,76251.34,76110.29,76212.59,34.41715
2026-04-21 14:35:00,76212.59,76373.56,76203.27,76314.77,52.82788
2026-04-21 14:40:00,76314.77,76595.3,76285.41,76463.52,158.66061
2026-04-21 14:45:00,76463.51,76472.85,76187.23,76222.61,70.54225
2026-04-21 14:50:00,76222.6,76268.79,76149.78,76149.78,38.56272
2026-04-21 14:55:00,76149.78,76149.78,75625.28,75675.05,248.70585
2026-04-21 15:00:00,75675.04,75799.84,75430.62,75676.3,207.02172
2026-04-21 15:05:00,75676.3,75759.8,75549.84,75719.25,94.7233
2026-04-21 15:10:00,75719.25,75850.0,75710.0,75771.19,62.63781
2026-04-21 15:15:00,75771.18,75979.78,75754.16,75979.01,71.60457
2026-04-21 15:20:00,75979.01,75979.02,75746.15,75766.7,72.8281
2026-04-21 15:25:00,75766.7,75766.7,75594.0,75694.9,53.58011
2026-04-21 15:30:00,75694.9,75770.98,75622.43,75653.2,46.47228
2026-04-21 15:35:00,75653.2,75771.97,75529.98,75771.97,148.44102
2026-04-21 15:40:00,75772.0,75820.19,75657.89,75701.5,34.70872
2026-04-21 15:45:00,75701.5,75810.54,75668.16,75755.98,44.04719
2026-04-21 15:50:00,75755.98,75763.15,75681.23,75681.24,50.02611
2026-04-21 15:55:00,75681.24,75834.66,75620.0,75834.65,37.77058
2026-04-21 16:00:00,75834.66,76001.0,75831.99,75855.11,93.90653
2026-04-21 16:05:00,75855.11,75959.37,75822.71,75959.37,33.1189
2026-04-21 16:10:00,75959.38,75966.98,75850.0,75960.96,22.97234
2026-04-21 16:15:00,75960.97,75985.89,75846.0,75969.07,34.88497
2026-04-21 16:20:00,75969.06,75972.83,75854.87,75891.62,39.41383
2026-04-21 16:25:00,75891.62,75986.36,75861.28,75863.67,40.20914
2026-04-21 16:30:00,75863.67,76087.33,75845.22,76087.33,33.05863
2026-04-21 16:35:00,76087.34,76190.72,75989.15,76029.05,71.53854
2026-04-21 16:40:00,76029.06,76106.78,75871.36,75891.52,31.45711
2026-04-21 16:45:00,75891.52,76046.0,75889.17,76046.0,31.38808
2026-04-21 16:50:00,76045.99,76045.99,75918.0,75930.43,31.9763
2026-04-21 16:55:00,75930.43,75933.53,75760.0,75781.18,32.40627
2026-04-21 17:00:00,75781.19,75822.38,75722.41,75742.38,38.83993
2026-04-21 17:05:00,75742.39,75742.39,75551.79,75651.0,86.55467
2026-04-21 17:10:00,75651.0,75651.0,75441.2,75540.23,94.87522
2026-04-21 17:15:00,75540.24,75549.42,75097.48,75101.3,172.64936
2026-04-21 17:20:00,75101.29,75365.41,75052.64,75303.61,121.18908
2026-04-21 17:25:00,75303.6,75382.1,75205.82,75332.73,62.71203
2026-04-21 17:30:00,75332.73,75374.82,75273.66,75334.2,52.66497
2026-04-21 17:35:00,75334.19,75692.0,75273.03,75597.21,130.51897
2026-04-21 17:40:00,75597.51,75912.98,75589.03,75768.03,123.00981
2026-04-21 17:45:00,75768.02,75793.07,75642.85,75713.46,48.52686
2026-04-21 17:50:00,75713.46,75820.0,75608.89,75617.57,24.31192
2026-04-21 17:55:00,75617.57,75617.58,75506.95,75545.62,39.23178
2026-04-21 18:00:00,75545.62,75639.52,75520.0,75571.37,48.09355
2026-04-21 18:05:00,75571.37,75637.86,75546.4,75592.75,18.03985
2026-04-21 18:10:00,75592.74,75603.82,75495.55,75582.15,17.49524
2026-04-21 18:15:00,75582.15,75668.24,75437.9,75469.31,120.33057
2026-04-21 18:20:00,75469.32,75513.26,75412.0,75450.01,20.02322
2026-04-21 18:25:00,75450.01,75485.2,75380.0,75475.53,32.56824
2026-04-21 18:30:00,75475.53,75599.26,75475.52,75576.17,19.99143
2026-04-21 18:35:00,75576.16,75583.13,75470.93,75533.72,17.9734
2026-04-21 18:40:00,75533.72,75540.69,75470.0,75524.79,12.80607
2026-04-21 18:45:00,75524.78,75560.79,75392.17,75392.17,33.12618
2026-04-21 18:50:00,75392.17,75545.31,75310.88,75506.9,70.34823
2026-04-21 18:55:00,75506.89,75639.46,75464.49,75610.21,45.67457
2026-04-21 19:00:00,75610.21,75745.12,75607.23,75739.12,38.91696
2026-04-21 19:05:00,75739.11,75795.79,75692.03,75692.04,56.15632
2026-04-21 19:10:00,75692.04,75766.55,75567.06,75607.58,75.25803
2026-04-21 19:15:00,75607.58,75685.87,75540.0,75609.64,54.93078
2026-04-21 19:20:00,75609.64,75860.0,75609.64,75832.43,44.4515
2026-04-21 19:25:00,75832.42,75919.5,75762.53,75773.73,35.92062
2026-04-21 19:30:00,75773.74,75786.45,75572.84,75572.85,26.31903
2026-04-21 19:35:00,75572.84,75572.84,75182.0,75255.19,121.69866
2026-04-21 19:40:00,75255.2,75255.2,74823.0,74866.0,274.29594
2026-04-21 19:45:00,74866.01,75032.97,74821.57,75010.08,75.58981
2026-04-21 19:50:00,75010.08,75093.72,74907.38,74955.11,77.44807
2026-04-21 19:55:00,74955.12,75039.08,74947.47,75023.43,73.28188
2026-04-21 20:00:00,75023.43,75187.3,74994.04,75108.31,112.06834
2026-04-21 20:05:00,75108.3,75423.53,74967.58,75358.75,154.91094
2026-04-21 20:10:00,75358.74,75614.29,75312.01,75576.01,195.72748
2026-04-21 20:15:00,75576.0,75630.1,75451.37,75516.01,52.67168
2026-04-21 20:20:00,75516.01,75650.0,75516.0,75628.32,34.19228
2026-04-21 20:25:00,75628.33,75779.99,75628.33,75646.81,80.42887
2026-04-21 20:30:00,75646.8,75859.56,75646.8,75797.09,43.35972
2026-04-21 20:35:00,75797.09,75837.22,75679.62,75755.14,48.02206
2026-04-21 20:40:00,75755.14,75755.14,75666.65,75667.13,20.37144
2026-04-21 20:45:00,75667.12,75732.33,75583.3,75732.33,20.27635
2026-04-21 20:50:00,75732.33,75750.0,75670.09,75709.86,14.25892
2026-04-21 20:55:00,75709.87,75771.0,75695.55,75698.51,20.96895
2026-04-21 21:00:00,75698.51,75777.38,75650.02,75707.99,21.36351
2026-04-21 21:05:00,75707.99,75714.83,75624.99,75625.0,15.28621
2026-04-21 21:10:00,75624.99,75625.0,75535.47,75578.0,27.84124
2026-04-21 21:15:00,75578.01,75608.88,75558.0,75578.58,10.37972
2026-04-21 21:20:00,75578.58,75673.16,75578.57,75608.62,15.49534
2026-04-21 21:25:00,75608.63,75622.06,75550.11,75577.84,23.77766
2026-04-21 21:30:00,75577.84,75585.0,75573.54,75584.99,15.8275
2026-04-21 21:35:00,75584.99,75628.0,75573.48,75604.56,15.92374
2026-04-21 21:40:00,75604.56,75625.04,75449.95,75452.81,36.50335
2026-04-21 21:45:00,75452.8,75533.79,75431.62,75514.01,34.63425
2026-04-21 21:50:00,75514.01,75540.0,75514.0,75539.99,13.70368
2026-04-21 21:55:00,75540.0,75585.88,75522.93,75549.99,18.64035
2026-04-21 22:00:00,75549.99,75594.0,75510.0,75534.85,39.91843
2026-04-21 22:05:00,75534.08,75570.13,75490.0,75503.31,69.02415
2026-04-21 22:10:00,75503.12,75571.45,75500.0,75550.74,27.71308
2026-04-21 22:15:00,75550.74,75550.74,75321.49,75321.5,63.7069
2026-04-21 22:20:00,75321.51,75414.78,75302.31,75363.98,36.2993
2026-04-21 22:25:00,75363.99,75382.36,75341.34,75368.0,14.68826
2026-04-21 22:30:00,75367.99,75402.13,75302.01,75376.84,18.6902
2026-04-21 22:35:00,75376.83,75434.88,75366.82,75386.83,54.62138
2026-04-21 22:40:00,75386.83,75540.85,75379.8,75527.96,16.18716
2026-04-21 22:45:00,75527.43,75550.0,75489.63,75489.64,12.89972
2026-04-21 22:50:00,75489.63,75576.36,75489.63,75574.41,11.28923
2026-04-21 22:55:00,75574.41,75650.04,75574.41,75650.04,24.25607
2026-04-21 23:00:00,75650.03,75796.7,75622.0,75757.37,41.44742
2026-04-21 23:05:00,75757.36,75857.82,75757.36,75850.99,33.98356
2026-04-21 23:10:00,75850.98,75850.98,75726.9,75775.05,14.19038
2026-04-21 23:15:00,75775.05,75868.91,75754.74,75835.06,10.96521
2026-04-21 23:20:00,75835.05,75847.17,75782.0,75824.14,23.90585
2026-04-21 23:25:00,75824.15,75824.15,75760.0,75787.26,14.59009
2026-04-21 23:30:00,75787.25,75836.08,75780.96,75835.99,25.01605
2026-04-21 23:35:00,75836.0,75974.23,75835.99,75974.23,22.96064
2026-04-21 23:40:00,75974.22,76111.88,75931.45,76083.62,70.37471
2026-04-21 23:45:00,76083.62,76406.91,76077.55,76360.51,148.33922
2026-04-21 23:50:00,76360.51,76425.37,76300.0,76341.37,49.04917
2026-04-21 23:55:00,76341.36,76349.19,76314.26,76336.15,22.30867
2026-04-22 00:00:00,76336.14,76414.13,76311.99,76311.99,106.39589
2026-04-22 00:05:00,76312.0,76500.0,76311.99,76450.0,98.82243
2026-04-22 00:10:00,76450.01,76450.01,76319.31,76417.85,39.01902
2026-04-22 00:15:00,76417.85,76417.85,76278.53,76368.74,41.90658
2026-04-22 00:20:00,76368.73,76439.29,76287.31,76287.32,24.58765
2026-04-22 00:25:00,76287.32,76325.43,76242.8,76274.01,30.66401
2026-04-22 00:30:00,76274.0,76310.0,76252.6,76254.16,16.78933
2026-04-22 00:35:00,76254.16,76338.33,76220.4,76338.33,41.85064
2026-04-22 00:40:00,76338.33,76400.0,76301.76,76338.0,16.34428
2026-04-22 00:45:00,76337.99,76374.33,76284.64,76284.65,18.8882
2026-04-22 00:50:00,76284.64,76300.59,76249.41,76273.96,24.22015
2026-04-22 00:55:00,76273.97,76370.46,76266.68,76370.45,37.43883
2026-04-22 01:00:00,76370.46,76412.42,76312.41,76350.84,59.71369
2026-04-22 01:05:00,76350.83,76369.92,76315.52,76345.62,21.81084
2026-04-22 01:10:00,76345.62,76416.24,76281.73,76397.37,17.70941
2026-04-22 01:15:00,76397.37,76397.37,76164.81,76184.44,29.72532
2026-04-22 01:20:00,76184.44,76247.77,76140.09,76178.18,69.68134
2026-04-22 01:25:00,76178.19,76214.65,76150.0,76160.58,22.40756
2026-04-22 01:30:00,76160.59,76206.88,76132.95,76175.84,19.71993
2026-04-22 01:35:00,76175.84,76271.13,76170.65,76262.19,16.1788
2026-04-22 01:40:00,76262.18,76271.13,76218.89,76250.2,15.38185
2026-04-22 01:45:00,76250.2,76291.62,76209.2,76280.03,15.53412
2026-04-22 01:50:00,76280.02,76350.0,76237.83,76244.52,48.21336
2026-04-22 01:55:00,76244.52,76324.86,76237.83,76297.99,15.41084
2026-04-22 02:00:00,76297.99,76349.81,76223.9,76290.96,32.19737
2026-04-22 02:05:00,76290.96,76346.55,76235.98,76346.54,27.93435
2026-04-22 02:10:00,76346.54,76879.52,76346.54,76739.94,274.57787
2026-04-22 02:15:00,76739.93,77167.24,76739.93,77019.46,295.10753
2026-04-22 02:20:00,77019.45,77138.99,76784.86,77015.06,142.65879
2026-04-22 02:25:00,77015.07,77250.0,77015.06,77239.56,103.63592
2026-04-22 02:30:00,77239.57,77347.92,77077.5,77134.04,121.55579
2026-04-22 02:35:00,77134.05,77237.9,77076.94,77102.97,51.44351
2026-04-22 02:40:00,77102.98,77306.81,77067.43,77242.46,80.0579
2026-04-22 02:45:00,77242.46,77280.48,77144.24,77192.21,54.93044
2026-04-22 02:50:00,77192.21,77500.0,77192.2,77478.97,167.25963
2026-04-22 02:55:00,77478.97,77645.35,77411.52,77604.71,271.49729
2026-04-22 03:00:00,77604.7,77678.67,77466.67,77604.42,155.66535
2026-04-22 03:05:00,77604.41,77733.11,77507.25,77604.84,218.59532
2026-04-22 03:10:00,77604.84,77658.13,77542.43,77606.78,57.95717
2026-04-22 03:15:00,77606.78,77606.78,77420.11,77429.22,70.6994
2026-04-22 03:20:00,77429.21,77500.0,77402.94,77487.11,56.83619
2026-04-22 03:25:00,77487.12,77605.82,77487.11,77529.09,45.51715
2026-04-22 03:30:00,77529.09,77537.46,77397.88,77420.57,99.17461
2026-04-22 03:35:00,77420.56,77452.2,77405.17,77424.09,55.37259
2026-04-22 03:40:00,77424.09,77592.83,77424.09,77583.32,60.68259
2026-04-22 03:45:00,77583.33,77612.89,77500.0,77557.82,42.83364
2026-04-22 03:50:00,77557.82,77613.71,77546.0,77552.19,21.269
2026-04-22 03:55:00,77552.19,77614.78,77521.47,77521.48,72.04979
2026-04-22 04:00:00,77521.47,77600.0,77510.93,77600.0,95.00343
2026-04-22 04:05:00,77599.99,77600.0,77545.17,77569.16,22.87561
2026-04-22 04:10:00,77569.16,77624.4,77484.11,77484.26,46.72125
2026-04-22 04:15:00,77484.27,77498.0,77439.04,77439.05,29.32545
2026-04-22 04:20:00,77439.05,77487.39,77364.25,77417.07,34.68105
2026-04-22 04:25:00,77417.07,77515.46,77404.71,77507.02,62.11269
2026-04-22 04:30:00,77507.03,77534.4,77483.15,77500.01,29.62705
2026-04-22 04:35:00,77500.0,77650.0,77473.87,77650.0,31.50526
2026-04-22 04:40:00,77649.99,77700.0,77561.59,77562.02,44.63144
2026-04-22 04:45:00,77562.02,77589.71,77523.1,77523.1,18.774
2026-04-22 04:50:00,77523.1,77559.0,77465.63,77472.01,44.3264
2026-04-22 04:55:00,77472.0,77523.01,77450.33,77523.0,87.57417
2026-04-22 05:00:00,77523.01,77531.48,77450.0,77483.61,102.05441
2026-04-22 05:05:00,77483.62,77578.65,77450.0,77548.49,35.77276
2026-04-22 05:10:00,77548.48,77589.78,77523.62,77548.62,19.8924
2026-04-22 05:15:00,77548.62,78012.55,77525.33,77939.67,423.7709
2026-04-22 05:20:00,77939.66,78450.0,77883.41,78225.33,513.57886
2026-04-22 05:25:00,78225.32,78452.18,78107.56,78258.53,400.23626
2026-04-22 05:30:00,78258.53,78336.7,78122.15,78189.25,171.80339
2026-04-22 05:35:00,78189.24,78244.45,78027.01,78034.37,109.96323
2026-04-22 05:40:00,78034.37,78368.91,78002.62,78133.52,193.31232
2026-04-22 05:45:00,78133.52,78150.85,78075.17,78093.3,88.18429
2026-04-22 05:50:00,78093.3,78150.0,77962.42,78096.08,173.77592
2026-04-22 05:55:00,78094.25,78211.14,77994.93,77994.93,154.14405
2026-04-22 06:00:00,77994.92,78007.37,77920.0,77959.84,56.77906
2026-04-22 06:05:00,77959.84,77974.65,77913.23,77941.99,164.76158
2026-04-22 06:10:00,77941.99,78015.16,77919.31,77950.76,58.89278
2026-04-22 06:15:00,77950.76,78014.16,77950.75,77996.42,37.18897
2026-04-22 06:20:00,77996.41,78042.84,77921.48,77951.06,29.84461
2026-04-22 06:25:00,77951.06,77997.47,77924.39,77972.85,48.31717
2026-04-22 06:30:00,77972.86,78012.85,77939.45,77939.46,32.21154
2026-04-22 06:35:00,77939.45,77955.46,77900.0,77945.85,23.39051
2026-04-22 06:40:00,77945.85,77987.29,77931.85,77971.26,22.95598
2026-04-22 06:45:00,77971.26,77997.6,77925.06,77959.1,36.23035
2026-04-22 06:50:00,77959.11,78018.0,77959.1,78014.64,40.12727
2026-04-22 06:55:00,78014.64,78017.36,77964.07,78010.72,26.18604
2026-04-22 07:00:00,78010.73,78025.97,77967.31,77997.86,48.36044
2026-04-22 07:05:00,77997.87,78062.41,77997.86,78039.2,31.25307
2026-04-22 07:10:00,78039.21,78111.0,77993.11,78105.21,56.44276
2026-04-22 07:15:00,78105.22,78105.22,77952.91,77966.83,36.60684
2026-04-22 07:20:00,77966.83,77970.48,77825.0,77882.03,95.70689
2026-04-22 07:25:00,77882.02,77899.85,77828.91,77893.9,67.04198
2026-04-22 07:30:00,77893.9,77909.91,77837.86,77897.56,59.01351
2026-04-22 07:35:00,77897.56,77970.0,77867.83,77894.57,72.15888
2026-04-22 07:40:00,77894.58,78067.11,77875.37,78062.69,88.74795
2026-04-22 07:45:00,78063.39,78110.0,77990.51,78000.0,91.68487
2026-04-22 07:50:00,77999.99,78058.55,77972.57,77993.5,106.31715
2026-04-22 07:55:00,77993.49,78078.04,77987.71,78012.79,127.19206
2026-04-22 08:00:00,78012.78,78162.2,78012.78,78056.12,84.09294
2026-04-22 08:05:00,78056.12,78133.16,78056.11,78106.14,71.16949
2026-04-22 08:10:00,78106.14,78182.0,78094.08,78141.2,64.14152
2026-04-22 08:15:00,78141.2,78158.0,78112.31,78137.15,115.07928
2026-04-22 08:20:00,78137.14,78219.41,78020.89,78031.2,180.6679
2026-04-22 08:25:00,78030.95,78095.99,77965.76,77965.76,215.63676
2026-04-22 08:30:00,77965.76,78018.82,77949.25,77967.2,35.42988
2026-04-22 08:35:00,77967.2,78008.68,77958.8,77979.75,49.13311
2026-04-22 08:40:00,77979.74,78007.83,77944.2,77944.2,35.8251
2026-04-22 08:45:00,77944.2,77992.21,77941.59,77966.0,28.87735
2026-04-22 08:50:00,77966.01,78070.94,77966.0,78050.36,37.71625
2026-04-22 08:55:00,78050.36,78066.04,78010.92,78010.92,69.67854
2026-04-22 09:00:00,78010.92,78057.74,77956.76,77991.33,50.96186
2026-04-22 09:05:00,77991.33,78077.0,77958.0,78064.47,32.84234
2026-04-22 09:10:00,78064.46,78096.0,78031.97,78039.35,41.44239
2026-04-22 09:15:00,78039.36,78050.0,77960.78,77983.24,30.80479
2026-04-22 09:20:00,77983.24,78043.14,77982.53,78040.33,23.24152
2026-04-22 09:25:00,78040.34,78157.13,78036.69,78157.12,34.2723
2026-04-22 09:30:00,78157.13,78157.13,78095.1,78099.3,21.19795
2026-04-22 09:35:00,78099.3,78114.05,78057.19,78114.02,21.43445
2026-04-22 09:40:00,78114.02,78184.7,78114.02,78145.72,28.22918
2026-04-22 09:45:00,78145.73,78145.73,78094.95,78108.11,15.8055
2026-04-22 09:50:00,78108.12,78125.71,77987.56,77999.86,95.87724
2026-04-22 09:55:00,77999.86,78028.01,77978.29,78001.95,19.28653
2026-04-22 10:00:00,78001.96,78051.56,77951.17,77981.35,13.42714
2026-04-22 10:05:00,77981.35,78039.79,77954.28,77954.47,13.12893
2026-04-22 10:10:00,77954.48,78039.48,77954.47,78039.48,47.89205
2026-04-22 10:15:00,78039.48,78048.1,77973.97,78018.98,21.95761
2026-04-22 10:20:00,78018.97,78032.77,77978.47,77990.08,15.41446
2026-04-22 10:25:00,77990.09,78076.99,77984.85,78067.9,14.35221
2026-04-22 10:30:00,78067.9,78167.85,78067.89,78167.84,61.88144
2026-04-22 10:35:00,78167.85,78180.0,78108.0,78137.95,27.04627
2026-04-22 10:40:00,78137.95,78157.44,78100.18,78119.59,25.15181
2026-04-22 10:45:00,78119.59,78128.04,78098.0,78122.6,28.28175
2026-04-22 10:50:00,78122.6,78164.71,78100.0,78120.24,24.89897
2026-04-22 10:55:00,78120.24,78171.59,78056.99,78157.41,59.28867
2026-04-22 11:00:00,78157.41,78280.0,78157.41,78217.09,56.49754
2026-04-22 11:05:00,78217.09,78276.81,78102.0,78126.04,102.79152
2026-04-22 11:10:00,78126.03,78209.84,78104.97,78152.34,32.1922
2026-04-22 11:15:00,78152.34,78239.99,78152.33,78199.99,21.41441
2026-04-22 11:20:00,78200.0,78240.0,78200.0,78224.2,46.03358
2026-04-22 11:25:00,78224.2,78314.65,78211.11,78314.64,61.11945
2026-04-22 11:30:00,78314.65,78333.0,78272.3,78312.87,61.44948
2026-04-22 11:35:00,78312.87,78399.0,78174.02,78226.01,86.29424
2026-04-22 11:40:00,78226.0,78254.17,78186.64,78209.83,30.76568
2026-04-22 11:45:00,78209.83,78312.88,78209.83,78308.98,24.79554
2026-04-22 11:50:00,78308.97,78316.07,78244.25,78284.14,25.95173
2026-04-22 11:55:00,78284.15,78300.0,78244.86,78300.0,11.57727
2026-04-22 12:00:00,78300.0,78416.64,78244.86,78313.1,68.83775
2026-04-22 12:05:00,78313.11,78330.04,78228.0,78330.03,33.32182
2026-04-22 12:10:00,78330.03,78463.31,78324.19,78429.85,377.82741
2026-04-22 12:15:00,78429.85,78508.18,78300.0,78342.0,107.82006
2026-04-22 12:20:00,78341.99,78373.67,78231.48,78241.7,43.57183
2026-04-22 12:25:00,78241.7,78287.51,78138.8,78185.37,62.2221
2026-04-22 12:30:00,78185.36,78243.6,78114.04,78225.82,43.12093
2026-04-22 12:35:00,78225.83,78247.98,78179.49,78200.87,44.40409
2026-04-22 12:40:00,78200.88,78281.7,78188.79,78188.79,48.35561
2026-04-22 12:45:00,78188.8,78330.23,78180.03,78181.71,66.45362
2026-04-22 12:50:00,78181.22,78249.6,78178.33,78244.08,24.88313
2026-04-22 12:55:00,78244.07,78299.47,78225.98,78236.05,32.12173
2026-04-22 13:00:00,78236.05,78299.47,78162.64,78294.9,39.96736
2026-04-22 13:05:00,78294.91,78445.7,78223.06,78262.75,89.58969
2026-04-22 13:10:00,78262.74,78373.96,78241.42,78373.95,46.13768
2026-04-22 13:15:00,78373.96,78500.0,78345.15,78450.01,62.23444
2026-04-22 13:20:00,78450.0,78495.49,78380.0,78467.79,60.4064
2026-04-22 13:25:00,78467.8,78470.0,78406.42,78467.85,35.31891
2026-04-22 13:30:00,78467.85,78672.67,78361.26,78447.39,249.09352
2026-04-22 13:35:00,78447.38,78498.45,78283.06,78451.15,91.3826
2026-04-22 13:40:00,78451.15,78649.99,78426.87,78616.93,111.24907
2026-04-22 13:45:00,78616.92,78770.0,78527.29,78650.39,221.29405
2026-04-22 13:50:00,78650.38,78773.6,78570.73,78746.27,114.06994
2026-04-22 13:55:00,78747.4,78850.0,78719.4,78840.94,132.44358
2026-04-22 14:00:00,78840.94,78900.0,78775.0,78881.8,154.22608
2026-04-22 14:05:00,78881.8,78888.01,78703.13,78825.19,121.93636
2026-04-22 14:10:00,78825.19,79079.25,78825.19,79057.81,269.77374
2026-04-22 14:15:00,79057.81,79072.33,78781.83,78804.8,154.19487
2026-04-22 14:20:00,78804.81,79174.68,78778.2,79081.14,255.19835
2026-04-22 14:25:00,79081.15,79129.56,79000.0,79008.31,97.55961
2026-04-22 14:30:00,79008.3,79042.72,78577.86,78729.49,258.59255
2026-04-22 14:35:00,78729.5,78860.84,78700.0,78860.84,106.76159
2026-04-22 14:40:00,78860.83,78951.47,78686.76,78699.54,134.48727
2026-04-22 14:45:00,78699.53,78888.0,78693.8,78888.0,60.806
2026-04-22 14:50:00,78888.0,79007.84,78865.44,78957.77,143.28239
2026-04-22 14:55:00,78957.77,79095.34,78867.32,79045.75,90.87628
2026-04-22 15:00:00,79045.75,79092.87,78890.0,78916.0,136.40154
2026-04-22 15:05:00,78915.99,79011.76,78852.02,78954.85,98.04846
2026-04-22 15:10:00,78954.84,79123.0,78924.35,78947.64,125.08492
2026-04-22 15:15:00,78947.64,79027.6,78886.0,78982.86,63.26026
2026-04-22 15:20:00,78982.85,79071.69,78930.42,78986.37,123.34297
2026-04-22 15:25:00,78986.36,79127.01,78837.66,79068.15,147.5126
2026-04-22 15:30:00,79068.16,79282.75,79010.18,79092.21,221.06256
2026-04-22 15:35:00,79092.22,79276.0,79009.99,79259.99,124.13825
2026-04-22 15:40:00,79260.0,79317.73,79200.0,79279.92,129.33262
2026-04-22 15:45:00,79279.92,79328.65,79235.11,79280.89,50.53946
2026-04-22 15:50:00,79280.89,79400.0,79218.5,79399.99,119.18124
2026-04-22 15:55:00,79399.99,79400.0,79272.9,79272.9,74.09912
2026-04-22 16:00:00,79272.91,79436.02,79272.91,79426.16,132.34421
2026-04-22 16:05:00,79426.16,79472.82,79283.83,79283.83,77.7689
2026-04-22 16:10:00,79283.83,79283.84,79114.11,79201.01,85.28008
2026-04-22 16:15:00,79201.0,79208.0,79100.0,79127.41,104.41553
2026-04-22 16:20:00,79127.4,79174.0,78944.9,78989.91,84.00579
2026-04-22 16:25:00,78989.9,79011.56,78881.13,78932.0,92.7028
2026-04-22 16:30:00,78932.0,79030.23,78861.0,78980.01,52.01193
2026-04-22 16:35:00,78980.0,79022.4,78936.34,78965.28,37.21216
2026-04-22 16:40:00,78965.28,78965.28,78777.0,78813.9,72.5919
2026-04-22 16:45:00,78813.9,78846.75,78732.87,78842.08,97.23097
2026-04-22 16:50:00,78842.07,78847.18,78702.0,78705.89,47.45511
2026-04-22 16:55:00,78705.9,78770.0,78632.37,78743.59,127.95424
2026-04-22 17:00:00,78743.6,78913.7,78743.59,78883.96,86.94749
2026-04-22 17:05:00,78883.97,78922.3,78827.4,78922.3,67.84097
2026-04-22 17:10:00,78922.3,79034.73,78922.3,78980.25,63.64997
2026-04-22 17:15:00,78980.24,79008.14,78768.0,78841.62,70.72502
2026-04-22 17:20:00,78841.62,78856.92,78709.47,78723.21,40.11552
2026-04-22 17:25:00,78723.2,78913.53,78705.71,78832.18,24.49393
2026-04-22 17:30:00,78832.19,78890.15,78774.09,78805.59,15.81368
2026-04-22 17:35:00,78805.58,78863.11,78763.66,78835.27,20.27052
2026-04-22 17:40:00,78835.27,78889.49,78798.31,78815.99,20.00352
2026-04-22 17:45:00,78815.98,78928.0,78708.31,78879.05,26.13152
2026-04-22 17:50:00,78879.12,78994.4,78861.5,78994.4,42.53056
2026-04-22 17:55:00,78994.39,78994.4,78900.0,78900.0,23.79118
2026-04-22 18:00:00,78900.01,78981.31,78900.01,78920.0,15.36862
2026-04-22 18:05:00,78920.01,78932.99,78828.76,78920.15,17.90089
2026-04-22 18:10:00,78920.14,78989.71,78886.49,78958.51,29.24631
2026-04-22 18:15:00,78958.51,78986.8,78930.01,78976.11,25.21871
2026-04-22 18:20:00,78976.12,78991.81,78885.84,78991.8,18.98216
2026-04-22 18:25:00,78991.8,78991.81,78903.2,78905.02,32.96401
2026-04-22 18:30:00,78905.02,78957.02,78857.16,78899.17,21.03252
2026-04-22 18:35:00,78899.17,78968.71,78896.08,78960.21,16.26422
2026-04-22 18:40:00,78960.2,79031.56,78960.2,78960.97,55.24459
2026-04-22 18:45:00,78960.97,79108.0,78957.72,79108.0,33.19051
2026-04-22 18:50:00,79107.99,79163.66,79072.48,79079.59,25.39126
2026-04-22 18:55:00,79079.59,79079.59,78990.76,79022.39,32.13642
2026-04-22 19:00:00,79022.4,79050.51,78742.48,78785.89,70.84074
2026-04-22 19:05:00,78785.41,78845.74,78706.81,78761.17,64.38514
2026-04-22 19:10:00,78761.17,78855.73,78761.17,78855.72,66.18165
2026-04-22 19:15:00,78855.72,78945.25,78828.67,78932.9,47.68449
2026-04-22 19:20:00,78932.89,78986.0,78918.86,78982.78,51.29716
2026-04-22 19:25:00,78982.78,79067.6,78982.78,79027.6,34.51892
2026-04-22 19:30:00,79027.59,79062.0,78923.17,78936.7,49.06641
2026-04-22 19:35:00,78936.7,78936.7,78762.9,78875.64,40.34124
2026-04-22 19:40:00,78875.64,78875.64,78826.94,78860.1,35.26908
2026-04-22 19:45:00,78860.1,78888.0,78805.64,78884.19,21.62649
2026-04-22 19:50:00,78884.2,78913.7,78782.59,78889.99,27.12313
2026-04-22 19:55:00,78890.0,78967.34,78827.18,78846.62,48.97223
2026-04-22 20:00:00,78846.62,78915.84,78808.51,78897.88,37.16678
2026-04-22 20:05:00,78897.88,78909.9,78779.84,78779.85,23.79644
2026-04-22 20:10:00,78779.84,78800.0,78747.25,78748.46,22.628
2026-04-22 20:15:00,78748.46,78758.0,78632.37,78667.15,48.4468
2026-04-22 20:20:00,78667.15,78667.15,78484.42,78556.0,99.68586
2026-04-22 20:25:00,78556.77,78610.25,78556.77,78595.14,22.23612
2026-04-22 20:30:00,78595.13,78617.87,78549.58,78549.59,20.58298
2026-04-22 20:35:00,78549.58,78549.59,78487.56,78522.81,40.05103
2026-04-22 20:40:00,78522.81,78567.12,78513.37,78513.37,20.41982
2026-04-22 20:45:00,78513.37,78521.26,78470.58,78495.85,17.99878
2026-04-22 20:50:00,78495.85,78512.0,78440.78,78440.79,39.13523
2026-04-22 20:55:00,78440.79,78482.63,78410.0,78436.68,44.51759
2026-04-22 21:00:00,78436.69,78550.0,78425.0,78549.99,20.34676
2026-04-22 21:05:00,78549.99,78582.24,78545.99,78577.86,9.63181
2026-04-22 21:10:00,78577.85,78599.99,78555.75,78583.99,19.18492
2026-04-22 21:15:00,78584.0,78599.92,78565.35,78575.77,8.00839
2026-04-22 21:20:00,78575.78,78599.92,78550.0,78568.71,90.65008
2026-04-22 21:25:00,78568.71,78585.16,78566.77,78580.09,8.34321
2026-04-22 21:30:00,78580.08,78700.0,78580.08,78700.0,26.73428
2026-04-22 21:35:00,78700.0,78749.33,78678.69,78749.32,18.90844
2026-04-22 21:40:00,78749.33,78753.51,78704.0,78749.99,36.14786
2026-04-22 21:45:00,78750.0,78816.36,78742.87,78796.0,20.96184
2026-04-22 21:50:00,78796.0,78796.0,78712.73,78755.7,24.45015
2026-04-22 21:55:00,78755.7,78821.86,78744.0,78762.69,15.97771
2026-04-22 22:00:00,78762.68,78810.83,78701.15,78750.3,42.47166
2026-04-22 22:05:00,78750.29,78819.3,78732.0,78819.3,22.38646
2026-04-22 22:10:00,78819.3,78824.0,78762.6,78762.61,21.13479
2026-04-22 22:15:00,78762.62,78766.29,78622.28,78635.99,22.40916
2026-04-22 22:20:00,78635.99,78640.0,78587.6,78625.36,22.04223
2026-04-22 22:25:00,78625.36,78625.37,78530.0,78541.59,15.98567
2026-04-22 22:30:00,78541.6,78599.06,78480.16,78499.3,50.17192
2026-04-22 22:35:00,78499.31,78545.67,78480.0,78536.3,14.99989
2026-04-22 22:40:00,78536.29,78566.84,78499.86,78499.86,9.85706
2026-04-22 22:45:00,78499.86,78546.31,78456.15,78495.41,12.8916
2026-04-22 22:50:00,78495.41,78562.53,78487.38,78553.85,16.39115
2026-04-22 22:55:00,78553.86,78630.0,78538.01,78607.95,43.89981
2026-04-22 23:00:00,78607.95,78607.95,78474.95,78507.1,19.23265
2026-04-22 23:05:00,78507.1,78546.87,78454.0,78546.86,23.08808
2026-04-22 23:10:00,78546.86,78598.0,78546.86,78562.58,20.67202
2026-04-22 23:15:00,78562.59,78584.88,78534.81,78534.82,13.08017
2026-04-22 23:20:00,78534.81,78534.81,78237.07,78240.89,216.92179
2026-04-22 23:25:00,78240.9,78348.0,78155.83,78331.01,244.69148
2026-04-22 23:30:00,78331.01,78331.01,78189.86,78247.74,33.01312
2026-04-22 23:35:00,78247.74,78299.1,78231.58,78262.0,29.90465
2026-04-22 23:40:00,78261.99,78286.1,78221.11,78254.9,29.0363
2026-04-22 23:45:00,78254.9,78305.04,78243.53,78272.88,12.7477
2026-04-22 23:50:00,78272.88,78288.0,78197.41,78203.46,22.03079
2026-04-22 23:55:00,78203.45,78238.52,78157.13,78178.23,47.65018
2026-04-23 00:00:00,78178.22,78403.02,78178.22,78349.23,176.00632
2026-04-23 00:05:00,78349.23,78357.32,78150.0,78150.01,121.82129
2026-04-23 00:10:00,78150.0,78150.01,77888.0,77888.01,200.91224
2026-04-23 00:15:00,77888.01,78430.0,77582.17,78392.01,476.15223
2026-04-23 00:20:00,78392.0,78399.85,78138.4,78247.8,208.02042
2026-04-23 00:25:00,78247.8,78480.0,78196.97,78443.42,336.80069
2026-04-23 00:30:00,78443.41,78560.0,78311.99,78426.76,92.92653
2026-04-23 00:35:00,78426.03,78574.44,78388.44,78479.7,41.24122
2026-04-23 00:40:00,78479.7,78491.81,78386.0,78421.96,33.00774
2026-04-23 00:45:00,78421.96,78455.92,78271.99,78369.5,43.71827
2026-04-23 00:50:00,78369.5,78458.03,78306.19,78360.81,25.94058
2026-04-23 00:55:00,78360.81,78424.29,78355.88,78424.29,22.03274
2026-04-23 01:00:00,78424.3,78435.79,78300.0,78310.73,29.32059
2026-04-23 01:05:00,78310.73,78472.95,78310.73,78347.21,38.73519
2026-04-23 01:10:00,78347.2,78362.21,78234.59,78265.12,27.98764
2026-04-23 01:15:00,78265.12,78275.75,78150.0,78150.0,31.62358
2026-04-23 01:20:00,78150.0,78197.04,78058.08,78068.08,32.05506
2026-04-23 01:25:00,78068.08,78270.76,78057.5,78087.43,151.07531
2026-04-23 01:30:00,78087.43,78220.95,78066.41,78135.39,137.27584
2026-04-23 01:35:00,78135.38,78250.0,78135.38,78228.66,17.28213
2026-04-23 01:40:00,78228.65,78393.6,78228.65,78291.84,33.03961
2026-04-23 01:45:00,78291.85,78382.63,78230.0,78382.63,38.40337
2026-04-23 01:50:00,78382.62,78430.23,78296.93,78344.0,24.96626
2026-04-23 01:55:00,78344.0,78381.23,78323.19,78359.23,25.10392
2026-04-23 02:00:00,78359.71,78359.72,78250.23,78252.01,34.05108
2026-04-23 02:05:00,78252.01,78285.69,78209.21,78252.73,32.59391
2026-04-23 02:10:00,78252.73,78290.05,78164.09,78164.09,25.17707
2026-04-23 02:15:00,78164.09,78217.99,78073.67,78106.01,41.6805
2026-04-23 02:20:00,78106.0,78207.07,78082.15,78082.52,32.69999
2026-04-23 02:25:00,78082.52,78113.44,77987.42,78036.0,86.37078
2026-04-23 02:30:00,78035.99,78056.47,77966.11,78014.52,31.18456
2026-04-23 02:35:00,78014.53,78112.35,77819.24,77871.34,53.30181
2026-04-23 02:40:00,77871.35,77903.18,77761.2,77872.01,80.37571
2026-04-23 02:45:00,77872.01,77921.07,77765.53,77826.66,30.07513
2026-04-23 02:50:00,77826.67,78018.0,77826.66,77958.09,37.97456
2026-04-23 02:55:00,77958.08,78007.12,77916.0,77939.92,22.83817
2026-04-23 03:00:00,77939.91,78025.99,77900.01,77973.87,23.7357
2026-04-23 03:05:00,77973.87,77973.87,77806.51,77815.15,27.44498
2026-04-23 03:10:00,77815.15,77850.01,77725.09,77725.09,22.83663
2026-04-23 03:15:00,77725.17,77748.74,77640.59,77666.38,48.7989
2026-04-23 03:20:00,77666.38,77727.72,77629.69,77683.5,129.87231
2026-04-23 03:25:00,77683.51,77724.67,77623.34,77687.86,39.09439
2026-04-23 03:30:00,77687.98,77714.54,77607.09,77615.19,51.2876
2026-04-23 03:35:00,77615.04,77669.79,77514.74,77629.77,69.86465
2026-04-23 03:40:00,77629.78,77642.16,77453.43,77627.04,72.36084
2026-04-23 03:45:00,77627.05,77699.83,77542.57,77586.66,48.0167
2026-04-23 03:50:00,77586.66,77727.16,77586.66,77727.15,31.48061
2026-04-23 03:55:00,77727.15,77761.63,77648.63,77746.46,44.41029
2026-04-23 04:00:00,77746.47,77759.51,77675.8,77759.5,39.34847
2026-04-23 04:05:00,77759.5,77783.56,77680.0,77783.56,28.95767
2026-04-23 04:10:00,77783.57,77873.86,77783.57,77854.57,27.20734
2026-04-23 04:15:00,77854.56,77928.48,77788.63,77840.31,58.927
2026-04-23 04:20:00,77840.31,77905.6,77784.53,77784.54,24.52723
2026-04-23 04:25:00,77784.53,77807.0,77746.26,77795.85,25.38246
2026-04-23 04:30:00,77795.86,77914.41,77795.85,77905.47,13.98802
2026-04-23 04:35:00,77905.48,77909.95,77865.0,77884.01,20.02634
2026-04-23 04:40:00,77884.0,77907.85,77871.05,77876.25,13.1249
2026-04-23 04:45:00,77876.26,77917.61,77844.0,77881.69,15.10938
2026-04-23 04:50:00,77881.68,77923.95,77839.35,77923.51,16.56855
2026-04-23 04:55:00,77923.51,77949.09,77904.8,77920.09,21.88254
2026-04-23 05:00:00,77920.09,78050.26,77901.51,78014.01,111.59489
2026-04-23 05:05:00,78014.0,78018.09,77963.39,78014.12,68.52664
2026-04-23 05:10:00,78014.12,78014.12,77980.22,77990.0,22.63187
2026-04-23 05:15:00,77990.0,77999.08,77909.86,77996.75,42.1572
2026-04-23 05:20:00,77996.75,78014.4,77938.0,77938.01,17.95809
2026-04-23 05:25:00,77938.0,77938.01,77888.0,77905.52,15.67627
2026-04-23 05:30:00,77905.53,77905.53,77750.0,77836.76,130.94391
2026-04-23 05:35:00,77836.75,77882.08,77784.54,77794.13,85.83894
2026-04-23 05:40:00,77794.13,77862.68,77785.37,77862.68,9.7502
2026-04-23 05:45:00,77862.68,77985.13,77862.67,77985.13,12.78173
2026-04-23 05:50:00,77985.12,78110.01,77968.02,77986.42,141.24468
2026-04-23 05:55:00,77986.43,78064.54,77986.42,78033.87,21.78856
2026-04-23 06:00:00,78034.0,78137.21,78034.0,78127.3,44.21683
2026-04-23 06:05:00,78127.3,78280.23,78127.3,78229.25,58.32653
2026-04-23 06:10:00,78229.24,78286.47,78184.0,78196.63,63.83187
2026-04-23 06:15:00,78196.63,78250.98,78175.68,78175.69,30.47745
2026-04-23 06:20:00,78175.68,78337.93,78160.0,78305.61,68.8108
2026-04-23 06:25:00,78305.6,78328.99,78282.0,78282.37,23.77321
2026-04-23 06:30:00,78282.36,78339.35,78275.31,78275.33,27.033
2026-04-23 06:35:00,78275.33,78275.33,78219.44,78219.44,24.39262
2026-04-23 06:40:00,78219.44,78229.42,78137.17,78178.39,31.73639
2026-04-23 06:45:00,78178.39,78178.4,78100.07,78100.08,14.95636
2026-04-23 06:50:00,78100.08,78243.72,78100.07,78196.78,15.78735
2026-04-23 06:55:00,78196.78,78214.61,78167.51,78211.43,29.78718
2026-04-23 07:00:00,78211.43,78248.39,78143.24,78193.07,35.78362
2026-04-23 07:05:00,78193.07,78247.68,78160.69,78168.57,26.4
2026-04-23 07:10:00,78168.57,78225.32,78132.0,78142.26,21.68289
2026-04-23 07:15:00,78142.26,78161.01,78112.83,78142.98,22.1547
2026-04-23 07:20:00,78142.98,78187.35,78121.49,78164.02,20.40145
2026-04-23 07:25:00,78164.01,78191.78,78132.84,78149.99,12.12378
2026-04-23 07:30:00,78149.99,78172.76,78123.24,78159.99,15.41663
2026-04-23 07:35:00,78159.99,78166.0,78036.07,78123.65,21.32763
2026-04-23 07:40:00,78123.64,78144.11,78082.0,78099.54,18.57347
2026-04-23 07:45:00,78099.53,78120.0,78014.19,78115.84,24.30676
2026-04-23 07:50:00,78115.84,78147.14,77981.88,77992.17,50.911
2026-04-23 07:55:00,77992.16,78048.62,77992.16,78048.62,23.27291
2026-04-23 08:00:00,78048.61,78048.62,77977.38,77985.62,25.67772
2026-04-23 08:05:00,77985.63,78070.0,77920.58,78069.99,34.92546
2026-04-23 08:10:00,78069.99,78175.52,78044.37,78109.0,21.73005
2026-04-23 08:15:00,78109.01,78109.64,78034.67,78100.46,21.62946
2026-04-23 08:20:00,78100.46,78121.4,77977.51,77982.83,31.10915
2026-04-23 08:25:00,77982.83,78030.38,77957.12,77983.91,18.36813
2026-04-23 08:30:00,77983.53,77983.53,77842.65,77861.38,45.75897
2026-04-23 08:35:00,77861.38,77895.0,77800.0,77810.24,67.80973
2026-04-23 08:40:00,77810.24,77810.24,77715.9,77734.68,288.10322
2026-04-23 08:45:00,77734.68,77839.93,77714.86,77818.6,264.2247
2026-04-23 08:50:00,77818.6,77877.92,77813.32,77853.28,123.55639
2026-04-23 08:55:00,77853.28,77891.32,77846.88,77858.35,192.37577
2026-04-23 09:00:00,77858.34,77860.8,77633.33,77642.77,48.71849
2026-04-23 09:05:00,77642.78,77691.23,77440.85,77549.99,228.63079
2026-04-23 09:10:00,77549.99,77583.65,77464.67,77580.17,58.56194
2026-04-23 09:15:00,77580.17,77704.96,77570.34,77674.5,110.90401
2026-04-23 09:20:00,77674.3,77674.31,77513.48,77523.6,57.09941
2026-04-23 09:25:00,77523.6,77620.34,77523.6,77620.34,55.14131
2026-04-23 09:30:00,77620.34,77674.0,77620.34,77668.72,36.32717
2026-04-23 09:35:00,77668.72,77688.63,77632.23,77688.63,33.63295
2026-04-23 09:40:00,77688.63,77761.94,77688.62,77726.0,31.6727
2026-04-23 09:45:00,77726.0,77741.67,77544.71,77616.14,38.69345
2026-04-23 09:50:00,77616.14,77648.19,77592.0,77616.38,29.88595
2026-04-23 09:55:00,77616.39,77655.35,77612.17,77655.34,42.78444
2026-04-23 10:00:00,77655.35,77709.16,77621.33,77622.01,29.71816
2026-04-23 10:05:00,77622.0,77622.01,77215.01,77300.0,486.51458
2026-04-23 10:10:00,77300.0,77300.01,77174.01,77217.46,145.4466
2026-04-23 10:15:00,77217.47,77350.0,77204.96,77314.29,103.68039
2026-04-23 10:20:00,77314.28,77395.92,77294.94,77327.23,141.97292
2026-04-23 10:25:00,77327.24,77390.14,77327.23,77387.52,28.55092
2026-04-23 10:30:00,77387.52,77441.01,77352.0,77409.9,38.69375
2026-04-23 10:35:00,77409.91,77444.68,77366.0,77427.31,25.28518
2026-04-23 10:40:00,77427.32,77429.16,77376.03,77376.04,25.59532
2026-04-23 10:45:00,77376.03,77469.63,77356.15,77367.6,46.88072
2026-04-23 10:50:00,77367.6,77393.56,77319.7,77319.71,22.07128
2026-04-23 10:55:00,77319.71,77423.59,77300.0,77403.63,35.07927
2026-04-23 11:00:00,77403.63,77495.3,77403.63,77495.3,51.86157
2026-04-23 11:05:00,77495.3,77495.3,77400.62,77444.97,29.27287
2026-04-23 11:10:00,77444.97,77460.37,77365.57,77398.55,27.84994
2026-04-23 11:15:00,77398.55,77469.61,77384.45,77442.15,22.28356
2026-04-23 11:20:00,77442.15,77488.84,77442.15,77484.49,20.92877
2026-04-23 11:25:00,77484.49,77501.61,77432.12,77460.6,53.78127
2026-04-23 11:30:00,77460.6,77492.88,77384.44,77384.45,32.9549
2026-04-23 11:35:00,77384.44,77570.12,77384.44,77521.08,52.68296
2026-04-23 11:40:00,77521.09,77588.21,77513.23,77588.2,22.80203
2026-04-23 11:45:00,77588.2,77689.32,77583.33,77606.0,37.16171
2026-04-23 11:50:00,77606.01,77700.0,77603.11,77699.99,26.81901
2026-04-23 11:55:00,77699.99,77757.31,77674.23,77704.62,147.02812
2026-04-23 12:00:00,77704.61,77789.47,77698.15,77768.87,49.97923
2026-04-23 12:05:00,77768.86,77865.41,77747.5,77762.49,87.49665
2026-04-23 12:10:00,77762.48,77807.96,77712.14,77714.64,62.91184
2026-04-23 12:15:00,77714.64,77729.82,77650.0,77680.74,40.78136
2026-04-23 12:20:00,77680.74,77739.18,77622.2,77739.18,19.32409
2026-04-23 12:25:00,77739.94,77766.62,77703.2,77766.2,24.93543
2026-04-23 12:30:00,77766.19,77821.74,77720.26,77761.34,29.67541
2026-04-23 12:35:00,77761.35,77794.56,77751.4,77780.85,33.99912
2026-04-23 12:40:00,77780.86,77868.6,77764.48,77764.49,48.16998
2026-04-23 12:45:00,77764.48,77830.0,77491.18,77680.01,186.81136
2026-04-23 12:50:00,77680.01,77734.78,77602.01,77689.35,23.14189
2026-04-23 12:55:00,77689.35,77870.54,77689.35,77870.53,28.9893
2026-04-23 13:00:00,77870.54,77904.37,77780.0,77825.05,38.76006
2026-04-23 13:05:00,77825.05,77825.05,77760.0,77816.01,18.94569
2026-04-23 13:10:00,77816.01,77822.76,77630.0,77661.49,41.45181
2026-04-23 13:15:00,77661.5,77714.11,77606.29,77671.82,43.46889
2026-04-23 13:20:00,77671.82,77705.86,77658.0,77682.52,26.65306
2026-04-23 13:25:00,77682.53,77687.25,77576.84,77595.82,26.9072
2026-04-23 13:30:00,77595.81,77675.01,77539.16,77617.99,106.83845
2026-04-23 13:35:00,77617.99,77692.57,77534.04,77582.01,38.31585
2026-04-23 13:40:00,77582.02,77640.51,77521.2,77541.29,32.52985
2026-04-23 13:45:00,77541.29,77665.27,77473.16,77614.66,97.42603
2026-04-23 13:50:00,77614.66,77614.66,77379.92,77421.42,67.36055
2026-04-23 13:55:00,77421.42,77565.3,77408.0,77532.23,54.04371
2026-04-23 14:00:00,77532.23,77621.32,77414.0,77590.97,50.1936
2026-04-23 14:05:00,77590.96,77649.8,77472.75,77602.01,76.71376
2026-04-23 14:10:00,77602.97,77607.99,77474.28,77523.53,49.1026
2026-04-23 14:15:00,77523.53,77597.65,77487.9,77487.9,23.10799
2026-04-23 14:20:00,77487.9,77763.22,77476.0,77732.9,34.60376
2026-04-23 14:25:00,77732.9,77954.94,77708.79,77727.98,115.03953
2026-04-23 14:30:00,77727.98,77907.99,77727.98,77822.0,37.67683
2026-04-23 14:35:00,77822.0,77973.68,77790.49,77834.26,87.87681
2026-04-23 14:40:00,77834.26,77924.52,77773.39,77902.0,96.55612
2026-04-23 14:45:00,77902.0,77995.0,77861.52,77861.53,109.09234
2026-04-23 14:50:00,77861.53,78070.0,77850.0,78048.97,74.44595
2026-04-23 14:55:00,78048.96,78201.53,78048.96,78180.77,172.11153
2026-04-23 15:00:00,78180.78,78199.99,78000.0,78012.43,88.10822
2026-04-23 15:05:00,78012.42,78075.02,77983.25,78020.15,54.79546
2026-04-23 15:10:00,78020.14,78139.46,78020.14,78109.99,37.66121
2026-04-23 15:15:00,78109.99,78479.13,78067.49,78402.5,170.333
2026-04-23 15:20:00,78402.5,78662.5,78380.39,78573.84,120.69376
2026-04-23 15:25:00,78573.84,78574.0,78382.42,78386.89,107.34998
2026-04-23 15:30:00,78386.88,78500.0,78310.13,78499.99,64.09496
2026-04-23 15:35:00,78499.99,78550.0,78427.64,78549.99,68.07924
2026-04-23 15:40:00,78549.99,78600.01,78483.68,78488.0,79.05277
2026-04-23 15:45:00,78487.99,78488.0,78265.38,78378.11,88.12333
2026-04-23 15:50:00,78378.12,78380.0,78282.41,78286.24,76.03417
2026-04-23 15:55:00,78286.24,78428.25,78282.1,78376.76,54.12652
2026-04-23 16:00:00,78376.77,78450.0,78325.15,78325.16,69.6363
2026-04-23 16:05:00,78325.16,78509.82,78318.15,78403.03,44.14951
2026-04-23 16:10:00,78403.03,78458.87,78302.65,78302.65,43.86987
2026-04-23 16:15:00,78302.65,78416.31,78300.0,78416.31,24.51032
2026-04-23 16:20:00,78416.31,78424.0,78236.84,78386.0,63.23727
2026-04-23 16:25:00,78385.99,78441.24,78300.0,78300.01,38.82413
2026-04-23 16:30:00,78300.0,78424.23,78278.38,78424.23,21.25182
2026-04-23 16:35:00,78424.23,78458.5,78317.29,78317.29,40.09116
2026-04-23 16:40:00,78317.3,78369.58,78306.27,78335.01,90.22816
2026-04-23 16:45:00,78335.0,78361.65,78300.0,78340.0,36.40766
2026-04-23 16:50:00,78340.0,78375.54,78100.07,78100.78,127.75985
2026-04-23 16:55:00,78100.79,78160.19,78030.0,78103.72,61.97013
2026-04-23 17:00:00,78103.72,78184.85,77901.0,77917.21,146.54927
2026-04-23 17:05:00,77917.22,77934.0,77708.33,77727.14,83.50917
2026-04-23 17:10:00,77727.13,77910.3,77672.23,77841.95,48.80807
2026-04-23 17:15:00,77841.95,77850.79,77560.76,77631.57,98.70176
2026-04-23 17:20:00,77631.58,77747.19,77559.89,77647.72,62.9066
2026-04-23 17:25:00,77647.72,77841.06,77588.23,77588.24,47.97705
2026-04-23 17:30:00,77588.23,77688.0,77500.23,77662.99,76.70583
2026-04-23 17:35:00,77662.99,77725.56,77200.0,77262.5,181.85248
2026-04-23 17:40:00,77262.49,77265.43,76982.25,77191.88,338.79596
2026-04-23 17:45:00,77191.87,77369.44,76960.0,77301.98,275.02991
2026-04-23 17:50:00,77301.97,77792.0,77234.72,77663.76,266.86253
2026-04-23 17:55:00,77663.77,77812.64,77618.11,77769.21,96.84003
2026-04-23 18:00:00,77769.2,78010.96,77742.87,77793.93,128.63369
2026-04-23 18:05:00,77793.94,78114.63,77744.59,77961.94,98.49768
2026-04-23 18:10:00,77961.94,78146.75,77961.94,77978.01,112.54278
2026-04-23 18:15:00,77978.0,78063.6,77890.9,77904.3,69.13932
2026-04-23 18:20:00,77904.3,77970.0,77837.5,77927.19,59.25282
2026-04-23 18:25:00,77927.2,77938.25,77864.0,77907.85,16.63323
2026-04-23 18:30:00,77907.85,78050.0,77907.84,77980.01,30.26109
2026-04-23 18:35:00,77980.0,78122.72,77971.47,78062.52,51.44632
2026-04-23 18:40:00,78062.51,78095.01,78001.32,78026.05,37.31762
2026-04-23 18:45:00,78026.05,78054.82,77868.71,77868.71,34.28569
2026-04-23 18:50:00,77868.71,77912.25,77792.75,77885.51,37.93485
2026-04-23 18:55:00,77885.5,77885.5,77678.65,77678.65,55.12329
2026-04-23 19:00:00,77678.65,77740.64,77592.92,77625.72,42.04414
2026-04-23 19:05:00,77625.73,77767.59,77625.07,77695.79,43.34686
2026-04-23 19:10:00,77695.79,77739.87,77671.18,77697.2,44.30187
2026-04-23 19:15:00,77697.2,77880.9,77697.2,77828.58,40.51135
2026-04-23 19:20:00,77828.58,77884.61,77794.4,77796.07,48.75997
2026-04-23 19:25:00,77796.06,77876.94,77796.06,77852.61,27.45736
2026-04-23 19:30:00,77852.62,77886.88,77678.14,77704.58,36.56682
2026-04-23 19:35:00,77704.57,77766.46,77639.53,77683.84,44.63974
2026-04-23 19:40:00,77683.84,77722.0,77638.36,77643.45,22.37634
2026-04-23 19:45:00,77643.46,77793.52,77643.46,77773.71,23.34407
2026-04-23 19:50:00,77773.7,77812.0,77593.83,77712.3,147.89382
2026-04-23 19:55:00,77712.3,77777.84,77698.02,77727.26,308.96251
2026-04-23 20:00:00,77727.25,77854.46,77637.5,77854.46,83.93932
2026-04-23 20:05:00,77854.46,77912.59,77832.0,77898.09,36.47007
2026-04-23 20:10:00,77898.09,77904.86,77775.22,77797.33,26.49798
2026-04-23 20:15:00,77797.34,77830.98,77678.59,77780.01,49.97298
2026-04-23 20:20:00,77780.01,77790.75,77709.8,77768.0,13.391
2026-04-23 20:25:00,77767.99,77768.0,77710.34,77744.17,20.7231
2026-04-23 20:30:00,77744.17,77890.78,77720.38,77866.01,22.52202
2026-04-23 20:35:00,77866.01,77981.87,77831.23,77981.86,25.27248
2026-04-23 20:40:00,77981.86,78050.0,77955.43,77992.15,47.85316
2026-04-23 20:45:00,77992.14,78025.56,77920.65,77920.65,40.76025
2026-04-23 20:50:00,77920.66,77962.72,77888.0,77892.79,12.0393
2026-04-23 20:55:00,77892.79,77906.0,77852.29,77886.97,12.30327
2026-04-23 21:00:00,77886.97,77886.98,77828.2,77844.78,19.53465
2026-04-23 21:05:00,77844.78,77871.88,77836.92,77848.66,11.06458
2026-04-23 21:10:00,77848.67,77913.47,77846.97,77879.97,17.08699
2026-04-23 21:15:00,77879.96,77905.56,77858.02,77867.0,7.09233
2026-04-23 21:20:00,77867.0,77867.0,77800.0,77844.77,16.73673
2026-04-23 21:25:00,77844.77,77917.05,77844.76,77917.05,6.16064
2026-04-23 21:30:00,77917.06,78008.91,77917.05,78008.9,25.03067
2026-04-23 21:35:00,78008.9,78047.52,77995.42,78006.01,30.22149
2026-04-23 21:40:00,78006.01,78070.0,77980.87,78069.99,28.69239
2026-04-23 21:45:00,78069.99,78069.99,78011.53,78024.01,10.68387
2026-04-23 21:50:00,78024.0,78024.01,77996.49,78000.17,9.1856
2026-04-23 21:55:00,78000.17,78000.18,77863.5,77864.83,29.88757
2026-04-23 22:00:00,77864.84,78018.14,77864.83,78013.01,31.34557
2026-04-23 22:05:00,78013.01,78173.15,78010.09,78090.68,32.44095
2026-04-23 22:10:00,78090.68,78150.7,78041.69,78062.31,31.36825
2026-04-23 22:15:00,78062.31,78267.99,78043.26,78230.11,45.17271
2026-04-23 22:20:00,78230.11,78251.57,78154.25,78197.51,14.99157
2026-04-23 22:25:00,78197.52,78250.0,78150.0,78178.34,17.45395
2026-04-23 22:30:00,78178.33,78250.0,78178.33,78217.49,13.49091
2026-04-23 22:35:00,78217.48,78276.92,78217.48,78250.55,14.10383
2026-04-23 22:40:00,78250.55,78306.0,78232.77,78306.0,16.60309
2026-04-23 22:45:00,78306.37,78331.0,78266.88,78289.5,27.57645
2026-04-23 22:50:00,78289.5,78289.51,78246.0,78268.98,11.33341
2026-04-23 22:55:00,78268.97,78278.0,78207.47,78235.3,15.44951
2026-04-23 23:00:00,78235.29,78235.29,78185.0,78201.39,22.67475
2026-04-23 23:05:00,78201.38,78217.63,78165.66,78165.66,20.54657
2026-04-23 23:10:00,78165.16,78165.16,78088.53,78096.78,14.34462
2026-04-23 23:15:00,78096.78,78099.49,78030.0,78082.34,18.35268
2026-04-23 23:20:00,78082.34,78150.0,78065.64,78130.92,17.61372
2026-04-23 23:25:00,78130.92,78152.0,78102.48,78134.01,18.10707
2026-04-23 23:30:00,78134.01,78186.7,78134.01,78162.94,19.97343
2026-04-23 23:35:00,78162.95,78220.0,78162.94,78217.74,11.74893
2026-04-23 23:40:00,78217.73,78277.57,78217.73,78257.98,12.09591
2026-04-23 23:45:00,78257.98,78298.01,78220.48,78252.83,14.54183
2026-04-23 23:50:00,78252.83,78292.09,78241.99,78242.0,28.5122
2026-04-23 23:55:00,78242.0,78263.27,78240.53,78257.48,29.55223
2026-04-24 00:00:00,78257.48,78296.21,78177.1,78177.11,22.78821
2026-04-24 00:05:00,78177.11,78344.07,78172.01,78330.16,18.63719
2026-04-24 00:10:00,78330.16,78330.17,78273.24,78295.92,18.40745
2026-04-24 00:15:00,78295.93,78366.64,78259.06,78360.28,17.31269
2026-04-24 00:20:00,78360.27,78473.84,78346.02,78346.03,173.23643
2026-04-24 00:25:00,78346.02,78440.23,78346.02,78407.99,65.98737
2026-04-24 00:30:00,78408.0,78470.0,78403.9,78443.83,15.53902
2026-04-24 00:35:00,78443.83,78490.83,78437.61,78458.7,15.39336
2026-04-24 00:40:00,78458.7,78458.71,78377.03,78383.67,14.92163
2026-04-24 00:45:00,78383.67,78473.29,78383.66,78450.01,8.80554
2026-04-24 00:50:00,78450.0,78464.31,78378.58,78397.66,28.54321
2026-04-24 00:55:00,78397.67,78417.23,78326.28,78417.22,51.80247
2026-04-24 01:00:00,78417.22,78428.76,78250.0,78250.0,56.07667
2026-04-24 01:05:00,78250.0,78250.0,78076.09,78141.57,60.60762
2026-04-24 01:10:00,78141.56,78183.51,78136.79,78156.01,9.03015
2026-04-24 01:15:00,78156.0,78182.29,78078.93,78078.94,15.14958
2026-04-24 01:20:00,78078.93,78084.07,77984.68,78036.85,121.81568
2026-04-24 01:25:00,78036.85,78084.07,78025.98,78025.99,23.53381
2026-04-24 01:30:00,78025.99,78061.18,77952.16,78040.04,36.91263
2026-04-24 01:35:00,78040.04,78130.21,78022.26,78099.2,10.78739
2026-04-24 01:40:00,78099.2,78141.97,78026.75,78051.46,7.58321
2026-04-24 01:45:00,78051.45,78287.23,78033.66,78287.23,29.92186
2026-04-24 01:50:00,78287.23,78450.0,78287.22,78396.15,141.09651
2026-04-24 01:55:00,78396.15,78449.67,78396.14,78429.73,21.33284
2026-04-24 02:00:00,78429.73,78581.93,78409.77,78418.8,100.83958
2026-04-24 02:05:00,78418.81,78422.56,78332.38,78347.1,35.81331
2026-04-24 02:10:00,78347.09,78418.88,78302.94,78392.0,26.63159
2026-04-24 02:15:00,78392.0,78401.35,78357.97,78357.97,9.8978
2026-04-24 02:20:00,78357.98,78358.0,78267.68,78267.7,17.55185
2026-04-24 02:25:00,78267.7,78293.14,78250.0,78259.96,15.53342
2026-04-24 02:30:00,78259.97,78313.4,78258.68,78306.16,25.5129
2026-04-24 02:35:00,78306.17,78352.26,78276.2,78324.48,16.9941
2026-04-24 02:40:00,78324.48,78413.93,78308.02,78413.92,11.1388
2026-04-24 02:45:00,78413.92,78431.72,78335.67,78372.59,43.77043
2026-04-24 02:50:00,78372.59,78378.03,78067.17,78146.01,94.67182
2026-04-24 02:55:00,78146.0,78167.67,78097.38,78125.65,27.20737
2026-04-24 03:00:00,78125.65,78165.24,78078.56,78137.54,21.84
2026-04-24 03:05:00,78137.54,78153.52,78093.35,78140.53,28.06196
2026-04-24 03:10:00,78140.52,78178.4,78106.08,78131.89,20.14668
2026-04-24 03:15:00,78131.89,78131.9,78028.71,78052.75,23.76697
2026-04-24 03:20:00,78052.75,78052.75,77667.99,77709.39,147.55646
2026-04-24 03:25:00,77709.4,77867.86,77709.4,77750.41,76.44929
2026-04-24 03:30:00,77750.41,77750.41,77555.0,77600.23,204.25152
2026-04-24 03:35:00,77600.23,77708.95,77600.22,77680.0,36.34743
2026-04-24 03:40:00,77679.99,77681.49,77609.33,77644.59,19.33641
2026-04-24 03:45:00,77644.6,77725.58,77636.5,77686.42,27.76719
2026-04-24 03:50:00,77686.42,77742.32,77672.54,77721.84,19.63392
2026-04-24 03:55:00,77721.85,77737.86,77702.0,77737.85,14.80203
2026-04-24 04:00:00,77737.84,77737.85,77675.71,77690.91,39.04179
2026-04-24 04:05:00,77690.91,77738.22,77680.0,77680.0,142.77193
2026-04-24 04:10:00,77679.99,77740.0,77679.99,77726.08,29.47886
2026-04-24 04:15:00,77726.08,77763.34,77673.89,77757.21,137.92644
2026-04-24 04:20:00,77757.22,77854.57,77757.21,77830.01,33.72937
2026-04-24 04:25:00,77830.0,77830.0,77608.0,77613.28,40.94349
2026-04-24 04:30:00,77613.07,77665.94,77603.44,77603.45,23.67903
2026-04-24 04:35:00,77603.45,77665.94,77482.49,77576.0,65.5218
2026-04-24 04:40:00,77575.99,77653.17,77551.5,77653.17,22.19752
2026-04-24 04:45:00,77653.16,77750.0,77609.54,77735.27,25.2077
2026-04-24 04:50:00,77735.28,77735.28,77682.0,77682.01,30.58687
2026-04-24 04:55:00,77682.01,77697.81,77670.0,77670.0,14.05936
2026-04-24 05:00:00,77670.01,77695.68,77657.97,77665.77,13.478
2026-04-24 05:05:00,77665.77,77665.77,77600.0,77616.71,18.67119
2026-04-24 05:10:00,77616.71,77616.72,77557.59,77565.57,40.62477
2026-04-24 05:15:00,77565.57,77593.32,77457.0,77517.09,54.65267
2026-04-24 05:20:00,77517.09,77583.92,77502.29,77572.69,75.14928
2026-04-24 05:25:00,77572.69,77653.64,77572.69,77640.0,19.28905
2026-04-24 05:30:00,77640.0,77712.06,77640.0,77700.01,16.27672
2026-04-24 05:35:00,77700.01,77727.65,77673.53,77727.64,15.14459
2026-04-24 05:40:00,77727.64,77758.83,77714.55,77714.55,17.20575
2026-04-24 05:45:00,77714.55,77796.54,77714.55,77796.54,22.45432
2026-04-24 05:50:00,77796.54,77868.38,77795.29,77795.29,24.26705
2026-04-24 05:55:00,77795.3,78057.65,77776.99,77953.48,106.45841
2026-04-24 06:00:00,77953.48,77979.54,77914.32,77926.39,19.64968
2026-04-24 06:05:00,77926.38,77935.08,77891.35,77935.08,12.47365
2026-04-24 06:10:00,77935.07,77947.4,77903.42,77939.34,24.45905
2026-04-24 06:15:00,77939.35,77959.82,77913.09,77959.81,15.57266
2026-04-24 06:20:00,77959.81,77965.77,77886.12,77896.25,34.49712
2026-04-24 06:25:00,77896.25,77896.25,77816.26,77840.4,22.40035
2026-04-24 06:30:00,77840.4,77850.0,77771.99,77848.29,50.07351
2026-04-24 06:35:00,77848.29,77848.29,77761.2,77833.3,46.46442
2026-04-24 06:40:00,77833.3,77897.39,77817.49,77817.5,16.85373
2026-04-24 06:45:00,77817.5,77853.04,77800.0,77853.04,11.07705
2026-04-24 06:50:00,77853.6,77915.83,77853.6,77875.01,8.69937
2026-04-24 06:55:00,77875.0,77875.01,77782.96,77789.75,18.53277
2026-04-24 07:00:00,77789.75,77804.95,77770.46,77788.26,12.1138
2026-04-24 07:05:00,77788.26,77855.67,77788.26,77808.42,17.80335
2026-04-24 07:10:00,77808.42,77839.03,77750.0,77761.16,38.49551
2026-04-24 07:15:00,77761.15,77780.2,77700.0,77704.11,25.18979
2026-04-24 07:20:00,77704.11,77706.39,77665.93,77665.94,15.0447
2026-04-24 07:25:00,77665.93,77720.32,77649.85,77720.32,37.40225
2026-04-24 07:30:00,77720.31,77735.04,77648.21,77655.31,51.92295
2026-04-24 07:35:00,77655.3,77663.54,77609.45,77660.41,117.67882
2026-04-24 07:40:00,77660.41,77675.24,77643.74,77644.64,58.03681
2026-04-24 07:45:00,77644.64,77719.24,77644.63,77706.5,72.60743
2026-04-24 07:50:00,77706.5,77730.03,77646.99,77661.55,139.6161
2026-04-24 07:55:00,77661.55,77671.18,77543.52,77644.6,110.99515
2026-04-24 08:00:00,77644.59,77669.39,77574.77,77581.57,101.71911
2026-04-24 08:05:00,77581.57,77660.02,77550.73,77648.0,110.15952
2026-04-24 08:10:00,77648.01,77699.41,77636.01,77694.88,21.58388
2026-04-24 08:15:00,77694.88,77885.68,77694.87,77841.55,68.349
2026-04-24 08:20:00,77841.55,78000.0,77789.99,77921.58,206.72807
2026-04-24 08:25:00,77921.58,77921.59,77854.13,77855.62,38.20313
2026-04-24 08:30:00,77855.62,77855.63,77776.88,77776.88,35.49734
2026-04-24 08:35:00,77776.89,77806.63,77747.81,77806.63,26.22575
2026-04-24 08:40:00,77806.63,77820.89,77731.37,77744.11,24.49717
2026-04-24 08:45:00,77744.12,77861.83,77744.11,77846.39,37.2041
2026-04-24 08:50:00,77846.4,77875.01,77818.21,77859.16,37.57067
2026-04-24 08:55:00,77859.15,77859.16,77776.01,77785.71,23.93725
2026-04-24 09:00:00,77785.7,77804.23,77674.23,77691.09,52.78988
2026-04-24 09:05:00,77691.08,77691.09,77402.01,77441.97,92.06987
2026-04-24 09:10:00,77441.98,77508.0,77423.82,77508.0,101.45404
2026-04-24 09:15:00,77508.0,77608.42,77487.99,77561.41,45.55399
2026-04-24 09:20:00,77561.41,77561.41,77442.18,77496.28,45.27377
2026-04-24 09:25:00,77496.27,77530.97,77467.6,77500.01,40.6659
2026-04-24 09:30:00,77500.01,77538.85,77404.24,77482.55,75.58283
2026-04-24 09:35:00,77482.54,77568.76,77480.28,77536.19,38.15684
2026-04-24 09:40:00,77536.19,77581.5,77536.18,77581.49,24.0437
2026-04-24 09:45:00,77581.49,77581.5,77484.63,77508.96,22.44677
2026-04-24 09:50:00,77508.96,77572.58,77468.28,77572.58,40.58959
2026-04-24 09:55:00,77572.58,77572.58,77504.11,77527.69,42.47057
2026-04-24 10:00:00,77527.7,77531.84,77462.0,77507.38,25.97083
2026-04-24 10:05:00,77507.39,77511.65,77444.95,77511.64,28.83937
2026-04-24 10:10:00,77511.64,77528.22,77472.35,77510.65,31.70693
2026-04-24 10:15:00,77510.66,77597.99,77510.65,77574.01,29.76558
2026-04-24 10:20:00,77574.0,77657.36,77559.71,77657.36,51.80786
2026-04-24 10:25:00,77657.35,77759.25,77657.35,77685.16,26.60161
2026-04-24 10:30:00,77685.15,77685.16,77625.15,77638.33,24.63257
2026-04-24 10:35:00,77638.33,77705.43,77636.62,77646.87,17.31048
2026-04-24 10:40:00,77646.87,77668.95,77627.54,77653.63,32.29391
2026-04-24 10:45:00,77653.63,77733.85,77613.7,77682.21,26.41302
2026-04-24 10:50:00,77682.22,77713.67,77667.28,77713.67,23.72893
2026-04-24 10:55:00,77713.67,77784.0,77713.23,77752.36,60.92093
2026-04-24 11:00:00,77752.37,78025.0,77752.37,77954.01,357.49316
2026-04-24 11:05:00,77954.01,78296.23,77931.03,78115.29,256.27516
2026-04-24 11:10:00,78115.3,78234.89,78115.29,78217.83,50.1385
2026-04-24 11:15:00,78217.82,78229.45,78104.01,78110.53,35.27299
2026-04-24 11:20:00,78110.54,78311.0,78100.0,78254.92,177.89948
2026-04-24 11:25:00,78254.92,78324.03,78188.6,78324.02,55.37558
2026-04-24 11:30:00,78324.02,78372.58,78272.21,78371.3,70.82602
2026-04-24 11:35:00,78371.3,78371.3,78223.11,78280.16,45.73982
2026-04-24 11:40:00,78280.16,78324.67,78268.94,78295.33,25.46313
2026-04-24 11:45:00,78295.34,78295.34,78192.12,78230.74,35.28747
2026-04-24 11:50:00,78230.74,78243.24,78204.51,78204.52,53.67639
2026-04-24 11:55:00,78204.52,78260.14,78172.65,78240.26,22.91294
2026-04-24 12:00:00,78240.27,78312.69,78222.94,78223.46,92.60325
2026-04-24 12:05:00,78223.47,78262.4,78176.11,78220.76,29.21097
2026-04-24 12:10:00,78220.76,78325.83,78220.75,78318.41,35.0384
2026-04-24 12:15:00,78318.41,78341.08,78220.75,78274.46,36.48928
2026-04-24 12:20:00,78274.46,78345.15,78187.61,78342.93,32.35564
2026-04-24 12:25:00,78342.92,78342.92,78242.17,78268.9,22.22358
2026-04-24 12:30:00,78268.91,78271.91,78182.77,78203.38,28.46084
2026-04-24 12:35:00,78203.38,78253.99,78168.0,78200.0,27.66238
2026-04-24 12:40:00,78199.99,78284.22,78182.3,78189.1,59.73081
2026-04-24 12:45:00,78189.09,78274.28,78130.0,78130.64,111.60689
2026-04-24 12:50:00,78131.05,78142.65,78016.51,78038.0,73.68469
2026-04-24 12:55:00,78038.01,78275.66,78038.0,78275.66,30.33362
2026-04-24 13:00:00,78275.65,78415.32,78275.65,78368.01,56.29722
2026-04-24 13:05:00,78368.01,78419.33,78350.0,78381.52,57.16554
2026-04-24 13:10:00,78381.52,78479.37,78338.68,78357.99,71.55631
2026-04-24 13:15:00,78357.99,78399.0,78290.98,78399.0,31.11527
2026-04-24 13:20:00,78398.99,78399.0,78230.0,78245.54,76.39783
2026-04-24 13:25:00,78245.53,78245.53,78146.62,78167.89,40.15902
2026-04-24 13:30:00,78167.89,78293.14,78053.3,78250.59,116.05315
2026-04-24 13:35:00,78250.58,78287.18,78107.41,78247.69,143.26883
2026-04-24 13:40:00,78247.69,78276.0,78098.67,78184.67,51.27027
2026-04-24 13:45:00,78184.68,78242.3,78044.22,78105.01,67.87126
2026-04-24 13:50:00,78105.0,78121.96,77985.93,78004.95,87.36996
2026-04-24 13:55:00,78004.94,78107.62,77913.27,78093.79,54.44382
2026-04-24 14:00:00,78093.8,78093.8,77800.0,77897.92,75.71964
2026-04-24 14:05:00,77897.93,77999.99,77800.0,77964.41,81.10612
2026-04-24 14:10:00,77964.41,78068.77,77856.0,77875.01,67.11723
2026-04-24 14:15:00,77875.0,78019.97,77858.0,77960.46,47.90906
2026-04-24 14:20:00,77960.46,78000.0,77870.11,77874.01,52.29108
2026-04-24 14:25:00,77874.01,77874.01,77688.0,77702.14,68.37702
2026-04-24 14:30:00,77702.15,77854.0,77681.74,77840.58,58.28307
2026-04-24 14:35:00,77840.58,77994.14,77829.57,77978.0,57.00213
2026-04-24 14:40:00,77978.01,78007.88,77895.73,77971.12,121.99197
2026-04-24 14:45:00,77971.11,78056.11,77875.63,77926.19,57.09139
2026-04-24 14:50:00,77926.19,78006.96,77905.68,78006.96,34.07868
2026-04-24 14:55:00,78006.96,78056.34,77990.49,78037.64,34.75777
2026-04-24 15:00:00,78037.65,78037.65,77850.0,77850.0,36.36155
2026-04-24 15:05:00,77850.0,77850.0,77577.22,77632.04,118.24238
2026-04-24 15:10:00,77632.03,77779.03,77626.11,77727.71,41.85678
2026-04-24 15:15:00,77727.72,77796.91,77683.3,77704.53,35.6173
2026-04-24 15:20:00,77704.52,77875.01,77704.52,77819.34,34.47654
2026-04-24 15:25:00,77819.34,77848.39,77797.44,77825.99,44.23659
2026-04-24 15:30:00,77825.99,77883.72,77802.95,77829.2,25.70942
2026-04-24 15:35:00,77829.2,77829.21,77717.61,77733.14,17.9031
2026-04-24 15:40:00,77733.15,78013.81,77732.8,77983.7,78.82074
2026-04-24 15:45:00,77983.7,78233.18,77924.7,77956.0,134.86133
2026-04-24 15:50:00,77955.8,78084.07,77952.03,77995.5,38.76905
2026-04-24 15:55:00,77995.5,78055.04,77965.07,78038.62,55.16555
2026-04-24 16:00:00,78038.63,78060.29,77930.01,77980.03,36.9529
2026-04-24 16:05:00,77980.03,78043.72,77841.2,77875.76,49.83173
2026-04-24 16:10:00,77875.76,77962.35,77792.45,77792.45,29.47253
2026-04-24 16:15:00,77792.46,77792.46,77700.0,77720.37,77.15293
2026-04-24 16:20:00,77720.36,77746.47,77640.01,77746.47,50.40866
2026-04-24 16:25:00,77746.84,77764.06,77682.59,77727.69,51.82966
2026-04-24 16:30:00,77727.7,77875.01,77727.69,77875.01,48.56481
2026-04-24 16:35:00,77875.0,77902.48,77766.0,77784.7,32.6269
2026-04-24 16:40:00,77784.7,77789.99,77586.86,77708.13,45.69889
2026-04-24 16:45:00,77708.13,77746.56,77630.0,77630.01,20.6289
2026-04-24 16:50:00,77630.01,77728.53,77630.01,77728.53,38.6836
2026-04-24 16:55:00,77728.53,77783.54,77661.71,77777.28,43.21168
2026-04-24 17:00:00,77776.76,77776.76,77656.83,77682.12,50.32563
2026-04-24 17:05:00,77682.12,77699.37,77612.86,77657.66,48.29943
2026-04-24 17:10:00,77657.67,77768.88,77657.66,77752.53,28.92679
2026-04-24 17:15:00,77752.53,77752.54,77627.51,77642.01,15.31732
2026-04-24 17:20:00,77642.0,77642.0,77590.01,77618.11,36.60134
2026-04-24 17:25:00,77618.12,77714.72,77601.64,77678.47,19.99999
2026-04-24 17:30:00,77678.47,77709.79,77489.6,77505.76,125.1615
2026-04-24 17:35:00,77505.75,77605.98,77500.49,77516.01,34.26183
2026-04-24 17:40:00,77516.0,77615.27,77516.0,77602.07,16.97183
2026-04-24 17:45:00,77602.07,77650.0,77562.44,77619.31,19.32333
2026-04-24 17:50:00,77619.31,77829.17,77614.68,77756.23,49.4834
2026-04-24 17:55:00,77756.0,77813.31,77657.0,77681.71,92.69243
2026-04-24 18:00:00,77681.72,77717.08,77631.37,77665.93,22.93923
2026-04-24 18:05:00,77665.94,77665.94,77600.0,77629.99,14.51875
2026-04-24 18:10:00,77630.0,77668.0,77520.45,77529.33,28.87497
2026-04-24 18:15:00,77529.33,77529.34,77363.63,77415.79,65.32322
2026-04-24 18:20:00,77415.8,77513.8,77415.79,77509.21,17.44805
2026-04-24 18:25:00,77509.2,77545.49,77485.97,77499.0,22.85786
2026-04-24 18:30:00,77499.01,77600.02,77483.99,77584.43,32.34901
2026-04-24 18:35:00,77584.42,77636.72,77546.33,77546.33,43.82698
2026-04-24 18:40:00,77546.33,77584.96,77521.98,77573.48,29.38385
2026-04-24 18:45:00,77573.48,77615.08,77558.94,77560.03,15.67229
2026-04-24 18:50:00,77560.04,77600.8,77548.23,77585.18,16.19262
2026-04-24 18:55:00,77585.18,77625.58,77563.14,77618.24,11.92875
2026-04-24 19:00:00,77618.25,77748.66,77618.25,77645.44,30.5344
2026-04-24 19:05:00,77645.44,77665.94,77570.07,77593.84,17.49127
2026-04-24 19:10:00,77593.84,77610.01,77570.0,77600.51,18.15356
2026-04-24 19:15:00,77600.52,77674.21,77600.51,77632.18,15.99057
2026-04-24 19:20:00,77632.17,77654.27,77561.4,77561.4,15.5096
2026-04-24 19:25:00,77561.4,77584.32,77532.46,77575.13,10.53939
2026-04-24 19:30:00,77575.12,77650.0,77561.43,77621.31,21.45837
2026-04-24 19:35:00,77621.31,77645.55,77567.39,77636.89,27.34997
2026-04-24 19:40:00,77636.88,77651.56,77614.83,77614.84,9.95564
2026-04-24 19:45:00,77614.83,77621.01,77578.44,77582.04,19.8305
2026-04-24 19:50:00,77582.04,77606.9,77544.61,77601.9,29.24147
2026-04-24 19:55:00,77601.91,77636.62,77593.98,77628.85,34.52421
2026-04-24 20:00:00,77628.84,77628.85,77532.0,77574.79,31.72294
2026-04-24 20:05:00,77574.79,77600.89,77550.0,77561.79,25.44255
2026-04-24 20:10:00,77561.78,77636.62,77561.78,77636.61,13.69086
2026-04-24 20:15:00,77636.62,77644.61,77551.15,77561.4,14.47147
2026-04-24 20:20:00,77561.4,77597.9,77513.52,77513.52,65.26577
2026-04-24 20:25:00,77513.52,77561.4,77458.0,77537.87,40.2881
2026-04-24 20:30:00,77537.86,77579.73,77537.86,77561.41,16.54779
2026-04-24 20:35:00,77561.41,77662.68,77561.4,77650.0,25.27196
2026-04-24 20:40:00,77650.01,77656.84,77621.06,77624.4,9.64946
2026-04-24 20:45:00,77624.41,77670.06,77624.4,77648.53,26.34233
2026-04-24 20:50:00,77648.52,77665.94,77641.99,77658.05,6.57702
2026-04-24 20:55:00,77658.05,77757.14,77658.05,77718.31,101.0257
2026-04-24 21:00:00,77718.31,77738.1,77697.18,77737.84,19.03663
2026-04-24 21:05:00,77737.85,77756.15,77697.18,77708.84,8.87457
2026-04-24 21:10:00,77708.84,77731.2,77592.5,77592.5,81.75248
2026-04-24 21:15:00,77592.51,77631.97,77580.0,77631.97,60.01304
2026-04-24 21:20:00,77631.96,77634.48,77580.01,77634.47,18.75758
2026-04-24 21:25:00,77634.48,77660.33,77602.82,77625.72,16.76036
2026-04-24 21:30:00,77625.71,77629.68,77574.0,77614.32,15.68523
2026-04-24 21:35:00,77614.31,77614.31,77553.28,77593.61,27.57359
2026-04-24 21:40:00,77593.6,77626.71,77557.34,77557.35,33.4282
2026-04-24 21:45:00,77557.35,77585.99,77550.0,77572.0,16.10677
2026-04-24 21:50:00,77572.0,77585.75,77561.06,77577.11,9.69836
2026-04-24 21:55:00,77577.12,77592.0,77536.48,77536.48,15.00952
2026-04-24 22:00:00,77536.49,77598.04,77515.05,77561.52,21.09913
2026-04-24 22:05:00,77561.52,77596.47,77544.0,77544.0,19.02804
2026-04-24 22:10:00,77544.01,77601.14,77544.0,77601.13,6.69866
2026-04-24 22:15:00,77601.12,77601.13,77575.68,77601.12,22.34869
2026-04-24 22:20:00,77601.12,77616.78,77576.0,77588.88,7.53498
2026-04-24 22:25:00,77588.89,77588.89,77546.91,77546.91,6.2448
2026-04-24 22:30:00,77546.91,77546.92,77462.34,77462.35,19.17269
2026-04-24 22:35:00,77462.34,77504.73,77264.08,77303.31,67.66483
2026-04-24 22:40:00,77303.31,77360.43,77282.22,77282.23,32.77296
2026-04-24 22:45:00,77282.23,77380.67,77282.23,77332.59,48.9694
2026-04-24 22:50:00,77332.6,77379.72,77316.81,77322.01,14.43979
2026-04-24 22:55:00,77322.02,77351.72,77322.01,77328.91,12.30499
2026-04-24 23:00:00,77328.92,77373.93,77328.92,77356.02,16.23804
2026-04-24 23:05:00,77356.01,77388.75,77356.01,77373.93,17.4605
2026-04-24 23:10:00,77373.93,77405.84,77373.92,77388.39,21.20015
2026-04-24 23:15:00,77388.4,77389.47,77370.74,77389.46,21.71966
2026-04-24 23:20:00,77389.47,77389.47,77337.6,77369.82,28.54721
2026-04-24 23:25:00,77369.82,77426.59,77369.82,77409.61,15.48646
2026-04-24 23:30:00,77409.62,77456.87,77396.0,77440.04,18.02371
2026-04-24 23:35:00,77440.04,77455.86,77418.78,77427.63,16.49079
2026-04-24 23:40:00,77427.64,77443.68,77427.63,77443.67,14.94131
2026-04-24 23:45:00,77443.67,77443.67,77418.0,77426.38,12.94815
2026-04-24 23:50:00,77426.39,77445.0,77426.38,77445.0,17.27004
2026-04-24 23:55:00,77445.0,77445.0,77426.0,77437.13,36.7623
2026-04-25 00:00:00,77437.13,77502.99,77413.29,77424.1,109.14858
2026-04-25 00:05:00,77424.11,77473.71,77424.1,77465.89,30.06214
2026-04-25 00:10:00,77465.89,77465.9,77409.42,77427.38,31.25023
2026-04-25 00:15:00,77427.38,77444.18,77361.28,77370.65,27.17134
2026-04-25 00:20:00,77370.66,77391.55,77360.83,77367.3,24.97226
2026-04-25 00:25:00,77367.3,77377.11,77309.92,77318.99,116.9048
2026-04-25 00:30:00,77318.99,77362.0,77318.98,77360.0,9.70669
2026-04-25 00:35:00,77360.01,77393.08,77353.54,77393.08,8.25345
2026-04-25 00:40:00,77393.07,77430.75,77373.69,77373.7,39.14286
2026-04-25 00:45:00,77373.7,77422.26,77373.69,77418.12,16.48806
2026-04-25 00:50:00,77418.12,77418.8,77410.42,77418.79,4.1317
2026-04-25 00:55:00,77418.8,77456.88,77418.79,77456.88,12.4047
2026-04-25 01:00:00,77456.88,77485.91,77456.15,77457.68,16.49444
2026-04-25 01:05:00,77457.68,77457.69,77440.8,77450.02,12.20831
2026-04-25 01:10:00,77450.03,77519.82,77450.02,77514.19,19.86587
2026-04-25 01:15:00,77514.18,77547.7,77510.28,77524.96,19.87119
2026-04-25 01:20:00,77524.95,77524.96,77480.6,77496.59,6.78767
2026-04-25 01:25:00,77496.58,77496.59,77476.12,77486.2,11.19931
2026-04-25 01:30:00,77486.21,77543.73,77486.2,77543.72,11.52645
2026-04-25 01:35:00,77543.72,77549.98,77529.37,77545.07,33.08803
2026-04-25 01:40:00,77545.07,77554.26,77541.62,77554.25,10.89241
2026-04-25 01:45:00,77554.26,77620.52,77554.25,77596.73,26.52247
2026-04-25 01:50:00,77596.72,77596.73,77554.84,77561.41,25.27457
2026-04-25 01:55:00,77561.41,77561.41,77541.62,77541.63,6.34816
2026-04-25 02:00:00,77541.63,77561.41,77504.43,77504.43,21.40455
2026-04-25 02:05:00,77504.43,77575.97,77504.43,77562.49,24.81255
2026-04-25 02:10:00,77562.01,77632.2,77541.28,77547.93,26.98692
2026-04-25 02:15:00,77547.94,77568.32,77534.44,77568.31,9.46943
2026-04-25 02:20:00,77568.31,77585.37,77561.4,77585.37,7.77014
2026-04-25 02:25:00,77585.36,77635.71,77585.36,77633.18,9.47412
2026-04-25 02:30:00,77633.18,77644.04,77625.0,77635.16,10.30483
2026-04-25 02:35:00,77635.17,77635.17,77621.61,77626.0,9.45122
2026-04-25 02:40:00,77626.01,77626.01,77622.96,77622.97,4.84923
2026-04-25 02:45:00,77622.97,77622.99,77614.77,77622.99,19.47178
2026-04-25 02:50:00,77623.0,77634.66,77622.99,77631.46,9.8612
2026-04-25 02:55:00,77631.46,77631.47,77593.5,77607.8,17.21433
2026-04-25 03:00:00,77607.8,77638.43,77604.3,77638.43,8.00192
2026-04-25 03:05:00,77638.42,77688.0,77600.0,77600.0,13.37463
2026-04-25 03:10:00,77600.0,77600.01,77561.4,77581.14,15.50825
2026-04-25 03:15:00,77581.14,77596.93,77574.22,77596.92,5.77457
2026-04-25 03:20:00,77596.93,77596.93,77575.83,77575.83,6.49322
2026-04-25 03:25:00,77575.84,77575.84,77550.27,77558.48,12.17023
2026-04-25 03:30:00,77558.48,77590.06,77558.47,77590.05,8.50005
2026-04-25 03:35:00,77590.06,77619.29,77587.17,77619.29,10.93002
2026-04-25 03:40:00,77619.29,77689.33,77619.29,77678.96,19.65614
2026-04-25 03:45:00,77678.95,77711.87,77678.95,77687.4,20.40637
2026-04-25 03:50:00,77687.39,77694.32,77667.33,77669.99,6.71435
2026-04-25 03:55:00,77669.98,77679.08,77636.84,77679.07,14.6923
2026-04-25 04:00:00,77679.08,77679.08,77651.14,77652.77,10.4651
2026-04-25 04:05:00,77652.78,77677.79,77608.74,77677.79,102.81654
2026-04-25 04:10:00,77677.78,77691.23,77675.16,77675.18,15.76197
2026-04-25 04:15:00,77675.17,77685.58,77665.34,77665.69,6.2346
2026-04-25 04:20:00,77665.68,77665.69,77634.83,77659.83,12.07325
2026-04-25 04:25:00,77659.84,77659.84,77644.64,77644.65,4.76441
2026-04-25 04:30:00,77644.64,77644.65,77638.72,77638.73,2.56412
2026-04-25 04:35:00,77638.72,77638.73,77596.37,77602.95,17.81481
2026-04-25 04:40:00,77602.95,77615.56,77600.18,77611.4,19.16082
2026-04-25 04:45:00,77611.4,77611.4,77607.31,77607.32,1.7599
2026-04-25 04:50:00,77607.32,77614.0,77596.74,77597.0,56.95109
2026-04-25 04:55:00,77596.99,77630.35,77596.99,77619.05,24.8453
2026-04-25 05:00:00,77619.05,77619.05,77487.48,77487.49,40.55189
2026-04-25 05:05:00,77487.49,77528.0,77485.51,77528.0,9.76429
2026-04-25 05:10:00,77528.0,77528.0,77494.76,77502.32,9.42058
2026-04-25 05:15:00,77502.32,77505.0,77497.33,77504.99,4.41246
2026-04-25 05:20:00,77505.0,77532.0,77504.99,77524.42,7.47109
2026-04-25 05:25:00,77524.43,77524.43,77494.0,77494.01,7.25753
2026-04-25 05:30:00,77494.0,77512.82,77494.0,77508.21,7.74856
2026-04-25 05:35:00,77508.21,77544.43,77508.21,77544.42,54.69602
2026-04-25 05:40:00,77544.42,77552.69,77532.1,77535.28,5.39512
2026-04-25 05:45:00,77535.29,77553.38,77532.77,77532.77,6.86114
2026-04-25 05:50:00,77532.77,77532.77,77520.5,77520.51,9.66183
2026-04-25 05:55:00,77520.5,77520.51,77510.27,77510.28,11.31811
2026-04-25 06:00:00,77510.27,77530.0,77510.27,77530.0,79.03464
2026-04-25 06:05:00,77530.0,77555.97,77529.99,77555.97,31.58098
2026-04-25 06:10:00,77555.97,77555.97,77539.99,77540.0,7.23103
2026-04-25 06:15:00,77539.99,77551.56,77528.54,77528.55,8.79547
2026-04-25 06:20:00,77528.55,77528.55,77490.09,77490.09,8.69241
2026-04-25 06:25:00,77490.1,77501.67,77489.35,77491.14,25.38654
2026-04-25 06:30:00,77491.13,77541.83,77491.13,77537.92,7.4218
2026-04-25 06:35:00,77537.92,77548.79,77509.93,77548.79,17.82209
2026-04-25 06:40:00,77548.79,77555.97,77531.8,77531.81,10.9005
2026-04-25 06:45:00,77531.81,77540.82,77528.23,77540.81,15.50202
2026-04-25 06:50:00,77540.81,77582.28,77530.17,77530.18,52.34777
2026-04-25 06:55:00,77530.18,77537.93,77503.62,77503.63,4.83289
2026-04-25 07:00:00,77503.63,77503.63,77450.0,77463.83,18.64825
2026-04-25 07:05:00,77463.84,77479.42,77454.99,77455.0,17.51569
2026-04-25 07:10:00,77455.0,77482.69,77454.99,77479.25,15.73334
2026-04-25 07:15:00,77479.24,77512.67,77479.24,77512.67,22.63396
2026-04-25 07:20:00,77512.67,77530.71,77501.34,77530.56,8.27467
2026-04-25 07:25:00,77530.57,77535.69,77506.52,77532.1,26.1537
2026-04-25 07:30:00,77532.11,77561.4,77506.62,77561.4,16.64967
2026-04-25 07:35:00,77561.39,77566.26,77529.63,77559.26,8.51196
2026-04-25 07:40:00,77559.27,77559.27,77530.01,77531.4,8.24217
2026-04-25 07:45:00,77531.39,77531.4,77509.26,77519.71,3.33765
2026-04-25 07:50:00,77519.71,77537.9,77519.7,77535.98,10.8672
2026-04-25 07:55:00,77535.98,77556.74,77497.14,77501.19,18.13081
2026-04-25 08:00:00,77501.19,77525.97,77491.36,77513.6,14.72208
2026-04-25 08:05:00,77513.6,77564.91,77513.6,77564.9,11.30113
2026-04-25 08:10:00,77564.91,77584.32,77560.56,77560.56,7.74371
2026-04-25 08:15:00,77560.57,77565.28,77548.36,77548.36,6.46609
2026-04-25 08:20:00,77548.36,77583.43,77541.9,77542.21,13.87507
2026-04-25 08:25:00,77542.2,77571.81,77542.2,77571.81,4.5824
2026-04-25 08:30:00,77571.8,77650.0,77571.8,77642.67,22.52985
2026-04-25 08:35:00,77642.67,77654.41,77642.67,77643.6,6.22848
2026-04-25 08:40:00,77643.61,77653.23,77638.28,77641.05,12.75272
2026-04-25 08:45:00,77641.05,77641.05,77618.0,77618.0,6.87472
2026-04-25 08:50:00,77618.01,77622.23,77618.0,77622.23,4.20022
2026-04-25 08:55:00,77622.23,77643.38,77619.68,77643.37,5.22437
2026-04-25 09:00:00,77643.38,77660.05,77611.3,77611.31,7.48721
2026-04-25 09:05:00,77611.31,77623.32,77611.3,77623.31,5.38976
2026-04-25 09:10:00,77623.32,77635.41,77623.31,77628.9,3.78191
2026-04-25 09:15:00,77628.9,77632.3,77623.07,77624.21,9.60507
2026-04-25 09:20:00,77624.21,77625.38,77587.1,77609.28,10.44809
2026-04-25 09:25:00,77609.28,77628.69,77590.1,77590.1,11.35811
2026-04-25 09:30:00,77590.1,77607.63,77590.1,77607.62,6.04486
2026-04-25 09:35:00,77607.63,77757.13,77607.62,77724.15,30.93747
2026-04-25 09:40:00,77724.15,77733.24,77699.87,77733.23,14.0642
2026-04-25 09:45:00,77733.24,77763.38,77716.42,77753.91,18.09708
2026-04-25 09:50:00,77753.91,77761.35,77732.18,77761.35,9.82283
2026-04-25 09:55:00,77761.35,77779.65,77714.55,77714.55,17.61967
2026-04-25 10:00:00,77714.56,77800.76,77714.55,77780.01,131.99842
2026-04-25 10:05:00,77780.0,77788.67,77760.0,77767.97,33.45011
2026-04-25 10:10:00,77767.97,77770.47,77767.97,77767.97,7.60078
2026-04-25 10:15:00,77767.97,77784.63,77767.97,77770.01,9.77865
2026-04-25 10:20:00,77770.0,77808.63,77767.97,77808.62,14.50025
2026-04-25 10:25:00,77808.62,77843.34,77808.62,77826.08,24.59515
2026-04-25 10:30:00,77826.07,77885.35,77826.07,77867.82,15.92801
2026-04-25 10:35:00,77867.81,77867.82,77832.0,77851.08,15.28329
2026-04-25 10:40:00,77851.08,77851.08,77776.65,77812.07,22.00923
2026-04-25 10:45:00,77812.06,77824.89,77784.54,77784.54,8.26595
2026-04-25 10:50:00,77784.55,77818.47,77784.54,77801.77,9.63974
2026-04-25 10:55:00,77801.77,77804.67,77785.65,77787.77,13.39686
2026-04-25 11:00:00,77787.76,77787.77,77767.97,77773.64,20.46116
2026-04-25 11:05:00,77773.65,77773.65,77747.46,77747.46,14.16565
2026-04-25 11:10:00,77746.02,77755.77,77741.07,77741.07,13.71626
2026-04-25 11:15:00,77741.07,77755.77,77736.57,77736.58,10.3753
2026-04-25 11:20:00,77736.58,77736.58,77644.22,77680.25,30.41315
2026-04-25 11:25:00,77680.26,77680.26,77671.11,77678.93,13.80358
2026-04-25 11:30:00,77678.94,77678.94,77653.39,77661.27,4.70679
2026-04-25 11:35:00,77661.27,77665.94,77629.33,77656.12,13.41324
2026-04-25 11:40:00,77656.11,77682.44,77644.63,77644.63,26.48539
2026-04-25 11:45:00,77644.64,77658.68,77607.03,77658.67,16.84205
2026-04-25 11:50:00,77658.68,77693.43,77650.14,77650.14,10.46739
2026-04-25 11:55:00,77650.15,77682.3,77650.14,77682.3,10.74355
2026-04-25 12:00:00,77682.29,77682.3,77626.17,77640.04,8.8455
2026-04-25 12:05:00,77640.03,77717.95,77640.03,77680.12,20.11072
2026-04-25 12:10:00,77680.12,77696.38,77680.12,77694.95,11.56316
2026-04-25 12:15:00,77694.95,77711.59,77680.0,77680.0,9.90097
2026-04-25 12:20:00,77680.0,77699.87,77680.0,77699.86,8.26961
2026-04-25 12:25:00,77699.87,77699.87,77610.71,77610.71,14.65539
2026-04-25 12:30:00,77610.72,77611.0,77561.4,77607.82,17.82492
2026-04-25 12:35:00,77607.82,77611.63,77566.0,77566.0,33.54545
2026-04-25 12:40:00,77566.0,77571.77,77550.61,77562.14,11.32049
2026-04-25 12:45:00,77562.14,77568.49,77550.61,77550.61,8.2189
2026-04-25 12:50:00,77550.61,77578.67,77550.61,77571.85,6.42274
2026-04-25 12:55:00,77571.84,77571.85,77557.13,77557.14,11.14282
2026-04-25 13:00:00,77557.14,77585.35,77557.14,77585.34,8.9314
2026-04-25 13:05:00,77585.34,77609.46,77585.34,77609.46,5.01933
2026-04-25 13:10:00,77609.45,77645.36,77609.45,77645.35,6.4581
2026-04-25 13:15:00,77645.36,77645.36,77609.45,77623.28,28.18086
2026-04-25 13:20:00,77623.27,77641.82,77623.27,77641.82,11.11767
2026-04-25 13:25:00,77641.82,77641.82,77615.61,77615.62,10.32652
2026-04-25 13:30:00,77615.62,77620.8,77613.55,77613.55,5.70965
2026-04-25 13:35:00,77613.56,77624.87,77604.65,77624.86,7.57917
2026-04-25 13:40:00,77624.87,77676.82,77624.86,77676.82,23.5266
2026-04-25 13:45:00,77676.81,77710.91,77654.31,77663.59,16.51653
2026-04-25 13:50:00,77663.6,77691.23,77650.02,77690.64,22.83174
2026-04-25 13:55:00,77690.64,77708.38,77690.0,77691.69,15.46039
2026-04-25 14:00:00,77691.7,77750.0,77644.05,77644.05,52.75749
2026-04-25 14:05:00,77644.05,77676.31,77638.0,77662.09,18.66227
2026-04-25 14:10:00,77662.08,77692.67,77640.16,77692.67,10.89302
2026-04-25 14:15:00,77692.67,77700.0,77667.93,77667.93,9.77918
2026-04-25 14:20:00,77667.94,77691.2,77664.0,77672.0,5.31369
2026-04-25 14:25:00,77672.01,77742.34,77672.0,77729.81,9.91844
2026-04-25 14:30:00,77729.81,77743.32,77721.77,77721.77,7.13743
2026-04-25 14:35:00,77721.72,77740.28,77713.21,77740.27,9.14684
2026-04-25 14:40:00,77740.28,77745.33,77727.69,77738.22,25.21664
2026-04-25 14:45:00,77738.22,77752.54,77727.76,77738.55,21.46864
2026-04-25 14:50:00,77738.55,77738.55,77662.08,77677.89,25.59177
2026-04-25 14:55:00,77677.9,77677.9,77650.0,77656.75,6.87425
2026-04-25 15:00:00,77656.74,77665.45,77643.71,77663.58,8.68817
2026-04-25 15:05:00,77663.58,77677.72,77663.58,77663.59,13.92278
2026-04-25 15:10:00,77663.58,77670.39,77656.07,77670.39,7.78474
2026-04-25 15:15:00,77670.39,77683.14,77670.38,77683.14,12.84251
2026-04-25 15:20:00,77683.13,77702.62,77683.13,77702.62,4.39235
2026-04-25 15:25:00,77702.61,77718.57,77700.08,77700.09,9.19414
2026-04-25 15:30:00,77700.09,77709.61,77690.18,77709.6,11.84766
2026-04-25 15:35:00,77709.61,77722.7,77700.0,77700.01,13.09418
2026-04-25 15:40:00,77700.01,77700.01,77670.0,77670.0,15.24838
2026-04-25 15:45:00,77670.0,77670.01,77505.0,77505.44,66.44465
2026-04-25 15:50:00,77505.44,77521.36,77321.0,77332.07,96.27241
2026-04-25 15:55:00,77332.07,77407.49,77299.89,77330.26,220.62642
2026-04-25 16:00:00,77330.25,77409.91,77295.01,77404.63,55.31514
2026-04-25 16:05:00,77404.62,77444.41,77353.05,77408.71,27.07915
2026-04-25 16:10:00,77408.71,77451.57,77372.72,77451.56,18.76837
2026-04-25 16:15:00,77451.57,77454.31,77419.81,77419.82,16.05188
2026-04-25 16:20:00,77419.82,77432.74,77415.64,77421.0,29.21321
2026-04-25 16:25:00,77421.01,77423.44,77327.65,77394.82,49.90465
2026-04-25 16:30:00,77394.82,77416.11,77326.0,77378.68,65.31001
2026-04-25 16:35:00,77378.69,77430.69,77140.23,77264.0,101.9419
2026-04-25 16:40:00,77264.0,77382.46,77259.96,77368.27,57.44468
2026-04-25 16:45:00,77368.27,77398.52,77346.0,77393.93,21.44808
2026-04-25 16:50:00,77393.93,77408.74,77388.95,77393.86,15.64697
2026-04-25 16:55:00,77393.87,77408.66,77378.07,77397.27,13.4796
2026-04-25 17:00:00,77397.27,77400.0,77366.28,77381.72,22.38455
2026-04-25 17:05:00,77381.73,77381.73,77362.0,77363.25,12.97572
2026-04-25 17:10:00,77363.25,77363.25,77352.21,77355.47,3.72672
2026-04-25 17:15:00,77355.47,77355.47,77300.0,77326.57,8.31244
2026-04-25 17:20:00,77326.57,77406.44,77322.79,77373.88,20.40115
2026-04-25 17:25:00,77373.89,77407.03,77321.88,77324.87,13.6133
2026-04-25 17:30:00,77324.88,77334.48,77255.14,77282.49,19.92915
2026-04-25 17:35:00,77282.48,77335.0,77282.48,77328.6,5.76006
2026-04-25 17:40:00,77328.6,77331.78,77306.95,77306.96,5.68527
2026-04-25 17:45:00,77306.95,77306.96,77254.1,77254.1,7.49169
2026-04-25 17:50:00,77254.11,77254.11,77231.58,77231.59,13.36389
2026-04-25 17:55:00,77231.59,77263.15,77210.96,77245.77,17.45297
2026-04-25 18:00:00,77245.78,77330.11,77216.29,77295.97,28.74734
2026-04-25 18:05:00,77295.97,77295.97,77260.56,77282.64,12.87083
2026-04-25 18:10:00,77282.65,77295.04,77272.18,77280.35,5.99499
2026-04-25 18:15:00,77280.35,77291.72,77280.35,77284.97,4.56978
2026-04-25 18:20:00,77284.97,77293.75,77264.1,77286.51,11.66487
2026-04-25 18:25:00,77286.52,77326.43,77286.51,77326.42,8.4241
2026-04-25 18:30:00,77326.43,77370.62,77326.42,77359.47,16.66837
2026-04-25 18:35:00,77359.47,77389.01,77350.18,77350.19,6.22605
2026-04-25 18:40:00,77350.18,77352.34,77311.67,77311.67,8.87821
2026-04-25 18:45:00,77311.67,77358.23,77306.57,77313.85,15.14511
2026-04-25 18:50:00,77313.86,77328.86,77300.0,77308.73,79.25287
2026-04-25 18:55:00,77308.74,77326.03,77301.57,77313.0,132.69052
2026-04-25 19:00:00,77313.0,77319.01,77292.93,77313.01,72.69943
2026-04-25 19:05:00,77313.02,77313.02,77282.88,77300.0,9.33638
2026-04-25 19:10:00,77299.99,77343.81,77295.96,77330.06,36.32026
2026-04-25 19:15:00,77330.05,77336.17,77322.27,77336.16,62.8347
2026-04-25 19:20:00,77336.16,77339.0,77320.51,77339.0,41.69848
2026-04-25 19:25:00,77339.0,77339.0,77255.69,77255.7,7.43026
2026-04-25 19:30:00,77255.7,77255.7,77223.15,77234.81,16.87144
2026-04-25 19:35:00,77235.05,77255.54,77223.16,77223.17,8.77274
2026-04-25 19:40:00,77223.17,77242.0,77193.79,77193.8,7.52152
2026-04-25 19:45:00,77193.79,77242.88,77193.79,77240.54,14.9465
2026-04-25 19:50:00,77240.54,77285.34,77240.54,77285.33,6.34844
2026-04-25 19:55:00,77285.34,77335.06,77285.34,77330.01,9.06112
2026-04-25 20:00:00,77330.0,77356.06,77316.32,77316.32,15.40047
2026-04-25 20:05:00,77316.33,77344.01,77311.05,77344.0,4.23966
2026-04-25 20:10:00,77344.01,77381.9,77344.0,77358.0,9.88936
2026-04-25 20:15:00,77357.99,77380.49,77350.5,77380.49,4.08201
2026-04-25 20:20:00,77380.49,77428.76,77380.48,77418.63,8.08907
2026-04-25 20:25:00,77418.62,77418.63,77389.29,77415.99,12.13556
2026-04-25 20:30:00,77415.99,77431.55,77393.81,77407.52,12.44922
2026-04-25 20:35:00,77407.53,77417.58,77399.77,77399.78,3.08572
2026-04-25 20:40:00,77399.79,77411.47,77399.78,77400.2,2.34952
2026-04-25 20:45:00,77400.2,77411.38,77400.2,77411.03,5.70349
2026-04-25 20:50:00,77411.03,77428.8,77403.28,77428.79,2.56765
2026-04-25 20:55:00,77428.8,77481.7,77428.79,77479.13,5.64274
2026-04-25 21:00:00,77479.14,77523.84,77479.13,77507.78,22.93483
2026-04-25 21:05:00,77507.79,77528.22,77496.58,77506.88,13.16527
2026-04-25 21:10:00,77506.87,77530.0,77486.23,77500.57,15.94385
2026-04-25 21:15:00,77500.58,77512.38,77497.32,77497.32,4.13843
2026-04-25 21:20:00,77497.32,77519.92,77497.32,77514.66,4.6986
2026-04-25 21:25:00,77514.65,77519.92,77486.98,77518.89,26.29302
2026-04-25 21:30:00,77518.88,77520.0,77466.32,77466.33,17.09704
2026-04-25 21:35:00,77466.32,77471.96,77455.71,77455.71,9.95766
2026-04-25 21:40:00,77455.71,77468.03,77415.2,77468.03,10.75601
2026-04-25 21:45:00,77468.02,77500.0,77468.02,77482.5,4.30826
2026-04-25 21:50:00,77482.5,77528.0,77466.91,77515.34,13.43116
2026-04-25 21:55:00,77515.34,77525.84,77494.56,77525.84,7.82738
2026-04-25 22:00:00,77525.83,77525.86,77498.81,77525.85,9.4707
2026-04-25 22:05:00,77525.86,77551.65,77515.86,77532.18,12.23134
2026-04-25 22:10:00,77532.18,77532.18,77509.75,77509.75,4.71471
2026-04-25 22:15:00,77509.76,77519.59,77503.59,77509.82,4.42173
2026-04-25 22:20:00,77509.83,77532.1,77509.82,77532.1,4.43485
2026-04-25 22:25:00,77532.1,77573.75,77532.09,77556.65,18.43544
2026-04-25 22:30:00,77556.65,77634.77,77556.65,77626.5,12.05625
2026-04-25 22:35:00,77626.49,77626.5,77580.18,77583.05,9.69285
2026-04-25 22:40:00,77583.06,77600.0,77565.0,77600.0,18.11571
2026-04-25 22:45:00,77599.99,77599.99,77551.5,77551.5,10.95413
2026-04-25 22:50:00,77551.51,77551.51,77532.09,77540.0,29.06038
2026-04-25 22:55:00,77540.0,77561.41,77540.0,77557.01,108.53704
2026-04-25 23:00:00,77557.01,77624.0,77530.0,77571.23,189.61029
2026-04-25 23:05:00,77571.22,77616.11,77564.51,77581.66,15.20518
2026-04-25 23:10:00,77581.66,77592.54,77581.66,77585.48,13.74144
2026-04-25 23:15:00,77585.49,77596.92,77562.0,77596.92,20.09388
2026-04-25 23:20:00,77597.13,77605.8,77568.0,77605.79,13.95951
2026-04-25 23:25:00,77605.79,77605.79,77578.25,77594.46,19.95912
2026-04-25 23:30:00,77594.46,77620.0,77580.9,77619.99,21.10159
2026-04-25 23:35:00,77620.0,77638.13,77619.95,77620.2,9.51413
2026-04-25 23:40:00,77620.21,77650.0,77606.76,77606.76,15.0506
2026-04-25 23:45:00,77606.77,77619.68,77600.0,77614.16,18.77896
2026-04-25 23:50:00,77614.16,77615.13,77604.83,77615.13,9.36634
2026-04-25 23:55:00,77615.12,77625.0,77604.0,77625.0,15.92768
2026-04-26 00:00:00,77625.0,77635.41,77572.67,77633.32,112.87796
2026-04-26 00:05:00,77633.31,77642.43,77522.13,77554.27,30.0153
2026-04-26 00:10:00,77554.27,77559.0,77519.76,77550.27,14.49461
2026-04-26 00:15:00,77550.27,77550.27,77479.25,77484.48,73.58496
2026-04-26 00:20:00,77484.48,77497.12,77474.67,77474.91,7.95843
2026-04-26 00:25:00,77474.92,77480.56,77472.29,77472.3,6.71972
2026-04-26 00:30:00,77472.3,77515.36,77445.94,77515.36,12.79928
2026-04-26 00:35:00,77515.36,77515.36,77498.78,77508.22,5.2732
2026-04-26 00:40:00,77508.22,77550.87,77508.22,77545.55,8.6918
2026-04-26 00:45:00,77545.55,77554.0,77533.46,77543.71,11.75533
2026-04-26 00:50:00,77543.71,77592.84,77529.24,77529.24,9.55777
2026-04-26 00:55:00,77529.24,77529.25,77463.73,77502.4,14.18403
2026-04-26 01:00:00,77502.39,77518.58,77486.2,77514.8,16.16191
2026-04-26 01:05:00,77514.8,77516.03,77502.6,77516.02,8.98576
2026-04-26 01:10:00,77516.02,77525.52,77505.27,77506.5,9.89866
2026-04-26 01:15:00,77506.51,77538.47,77500.0,77500.0,11.0097
2026-04-26 01:20:00,77500.0,77551.85,77500.0,77546.76,9.52977
2026-04-26 01:25:00,77546.77,77572.81,77506.41,77506.41,6.89154
2026-04-26 01:30:00,77506.41,77520.0,77506.41,77519.99,7.43379
2026-04-26 01:35:00,77519.99,77549.54,77519.99,77549.53,7.92575
2026-04-26 01:40:00,77549.54,77555.0,77521.45,77555.0,13.68228
2026-04-26 01:45:00,77554.99,77554.99,77502.69,77502.7,13.5434
2026-04-26 01:50:00,77502.69,77546.51,77502.69,77531.65,14.65118
2026-04-26 01:55:00,77531.65,77531.65,77451.16,77461.16,10.85209
2026-04-26 02:00:00,77461.16,77491.55,77452.07,77491.54,5.25938
2026-04-26 02:05:00,77491.54,77512.72,77491.54,77512.72,8.00539
2026-04-26 02:10:00,77512.72,77569.44,77504.4,77569.44,6.82633
2026-04-26 02:15:00,77569.44,77590.97,77551.05,77551.06,5.2213
2026-04-26 02:20:00,77551.05,77580.79,77522.23,77564.0,15.86683
2026-04-26 02:25:00,77563.99,77564.0,77555.77,77559.97,3.16833
2026-04-26 02:30:00,77559.96,77584.43,77559.96,77561.0,5.24336
2026-04-26 02:35:00,77561.01,77561.01,77552.92,77552.92,4.31419
2026-04-26 02:40:00,77552.92,77552.93,77522.23,77522.24,6.01166
2026-04-26 02:45:00,77522.24,77522.24,77478.08,77497.86,8.72816
2026-04-26 02:50:00,77497.85,77519.63,77497.85,77505.43,9.73802
2026-04-26 02:55:00,77505.43,77512.67,77488.37,77512.67,7.54164
2026-04-26 03:00:00,77512.67,77518.55,77494.51,77494.52,5.36822
2026-04-26 03:05:00,77494.52,77501.45,77483.06,77501.44,21.95127
2026-04-26 03:10:00,77501.44,77526.99,77494.95,77526.98,15.83219
2026-04-26 03:15:00,77526.99,77541.96,77523.51,77523.52,13.0543
2026-04-26 03:20:00,77523.52,77525.79,77511.07,77514.51,3.31275
2026-04-26 03:25:00,77514.52,77514.52,77425.39,77432.65,9.12449
2026-04-26 03:30:00,77432.66,77432.66,77352.33,77371.11,18.95409
2026-04-26 03:35:00,77371.22,77378.77,77326.51,77357.07,25.44681
2026-04-26 03:40:00,77357.06,77380.0,77352.91,77380.0,4.55814
2026-04-26 03:45:00,77380.0,77380.0,77367.94,77379.59,6.38703
2026-04-26 03:50:00,77379.59,77400.86,77374.65,77382.52,9.11505
2026-04-26 03:55:00,77382.52,77420.39,77382.52,77400.21,13.66977
2026-04-26 04:00:00,77400.21,77418.78,77383.46,77393.25,10.58486
2026-04-26 04:05:00,77393.25,77448.64,77393.24,77445.46,7.01294
2026-04-26 04:10:00,77445.46,77494.52,77445.45,77476.89,8.6547
2026-04-26 04:15:00,77476.89,77487.64,77473.01,77487.1,8.04428
2026-04-26 04:20:00,77487.11,77494.86,77487.1,77494.86,10.91064
2026-04-26 04:25:00,77494.85,77494.86,77476.79,77481.97,8.92968
2026-04-26 04:30:00,77481.97,77481.98,77433.87,77442.38,10.98657
2026-04-26 04:35:00,77442.38,77467.24,77442.37,77461.76,7.6972
2026-04-26 04:40:00,77461.76,77522.42,77461.76,77517.94,9.35843
2026-04-26 04:45:00,77517.94,77800.0,77517.93,77742.53,85.42859
2026-04-26 04:50:00,77742.53,77814.43,77695.16,77792.38,44.56927
2026-04-26 04:55:00,77792.39,77793.25,77747.15,77774.29,14.8948
2026-04-26 05:00:00,77774.29,77776.59,77719.77,77729.82,32.55034
2026-04-26 05:05:00,77729.83,77830.0,77729.82,77799.99,23.08387
2026-04-26 05:10:00,77800.0,78150.0,77794.09,78138.86,246.71268
2026-04-26 05:15:00,78138.86,78173.15,78026.58,78139.4,130.53479
2026-04-26 05:20:00,78139.39,78151.93,78034.9,78047.2,77.42949
2026-04-26 05:25:00,78047.21,78200.0,78034.91,78100.37,57.7472
2026-04-26 05:30:00,78100.38,78190.0,78050.0,78080.18,43.02999
2026-04-26 05:35:00,78080.17,78081.34,78019.22,78058.0,30.26875
2026-04-26 05:40:00,78058.31,78065.1,78039.99,78044.0,17.32522
2026-04-26 05:45:00,78043.99,78052.0,78000.0,78052.0,55.31181
2026-04-26 05:50:00,78052.0,78052.0,78012.48,78012.48,23.5158
2026-04-26 05:55:00,78012.48,78012.49,77983.3,77983.31,59.55643
2026-04-26 06:00:00,77983.31,78038.0,77983.31,78037.99,36.16953
2026-04-26 06:05:00,78038.0,78038.0,78000.86,78000.87,10.43063
2026-04-26 06:10:00,78000.86,78030.0,78000.86,78015.24,18.366
2026-04-26 06:15:00,78015.25,78015.25,77927.23,77938.35,9.34137
2026-04-26 06:20:00,77938.36,77957.74,77926.8,77931.38,7.79723
2026-04-26 06:25:00,77931.38,77976.56,77931.38,77948.99,9.69662
2026-04-26 06:30:00,77948.99,77961.61,77938.37,77938.37,4.93821
2026-04-26 06:35:00,77938.38,77975.05,77930.03,77975.05,7.67956
2026-04-26 06:40:00,77975.05,78045.0,77975.05,78012.01,32.09226
2026-04-26 06:45:00,78012.01,78013.0,77930.86,77930.86,19.92532
2026-04-26 06:50:00,77930.87,77994.44,77899.45,77969.51,29.86907
2026-04-26 06:55:00,77969.51,78003.0,77962.42,77999.04,19.71242
2026-04-26 07:00:00,77999.04,78021.0,77999.04,78000.01,17.50957
2026-04-26 07:05:00,78000.01,78014.0,77987.15,77987.16,13.88137
2026-04-26 07:10:00,77987.16,78010.0,77987.15,78009.99,19.30762
2026-04-26 07:15:00,78009.99,78022.0,77988.97,77999.79,24.94729
2026-04-26 07:20:00,77999.79,78029.77,77999.79,78013.39,14.97772
2026-04-26 07:25:00,78013.39,78013.39,77998.0,77998.01,5.15372
2026-04-26 07:30:00,77998.01,77998.01,77971.47,77971.47,6.74786
2026-04-26 07:35:00,77971.47,77986.81,77968.36,77976.26,10.09149
2026-04-26 07:40:00,77976.26,77981.89,77976.25,77980.54,7.17888
2026-04-26 07:45:00,77980.54,77987.13,77974.13,77987.12,8.88918
2026-04-26 07:50:00,77987.12,78070.0,77987.12,78053.4,27.78625
2026-04-26 07:55:00,78053.41,78121.45,78053.4,78102.53,19.14035
2026-04-26 08:00:00,78102.53,78114.66,78084.73,78109.53,19.76683
2026-04-26 08:05:00,78109.53,78138.43,78073.38,78081.59,32.0069
2026-04-26 08:10:00,78081.59,78081.6,78040.37,78077.87,17.97819
2026-04-26 08:15:00,78077.88,78084.02,78050.6,78050.6,12.43422
2026-04-26 08:20:00,78050.61,78050.61,78025.76,78044.99,22.31912
2026-04-26 08:25:00,78044.99,78087.47,78044.99,78087.46,8.52361
2026-04-26 08:30:00,78087.46,78132.0,78069.17,78132.0,18.76669
2026-04-26 08:35:00,78132.0,78210.0,78131.99,78146.24,49.72754
2026-04-26 08:40:00,78146.25,78154.06,78019.65,78044.0,60.54354
2026-04-26 08:45:00,78044.0,78044.0,78023.39,78039.0,8.07742
2026-04-26 08:50:00,78039.0,78051.66,78023.4,78051.65,9.10275
2026-04-26 08:55:00,78051.65,78051.66,78031.21,78032.59,6.71792
2026-04-26 09:00:00,78032.59,78032.59,77981.56,78004.13,14.59965
2026-04-26 09:05:00,78004.12,78015.6,77969.56,77977.13,13.06701
2026-04-26 09:10:00,77977.14,78009.74,77977.13,78009.73,9.82302
2026-04-26 09:15:00,78009.73,78015.59,77992.57,77992.58,5.39796
2026-04-26 09:20:00,77992.57,78015.59,77992.57,78015.59,7.59536
2026-04-26 09:25:00,78015.59,78058.45,78009.96,78009.97,26.39681
2026-04-26 09:30:00,78009.98,78010.0,77970.67,77970.68,20.03108
2026-04-26 09:35:00,77970.68,77970.9,77934.5,77952.54,22.8682
2026-04-26 09:40:00,77952.55,77981.6,77926.59,77976.34,17.54445
2026-04-26 09:45:00,77976.35,77976.35,77945.26,77961.8,15.76936
2026-04-26 09:50:00,77961.81,78000.0,77961.8,77994.51,12.36646
2026-04-26 09:55:00,77994.51,78000.0,77994.51,77999.99,3.34078
2026-04-26 10:00:00,78000.0,78000.0,77954.0,77967.97,8.26867
2026-04-26 10:05:00,77967.97,78050.19,77967.97,78031.11,30.90258
2026-04-26 10:10:00,78031.1,78047.29,78030.32,78040.14,4.41815
2026-04-26 10:15:00,78040.13,78047.29,78014.0,78028.52,5.81202
2026-04-26 10:20:00,78028.52,78033.53,78018.46,78024.29,6.42073
2026-04-26 10:25:00,78024.29,78029.19,78001.28,78008.05,8.76583
2026-04-26 10:30:00,78008.05,78010.43,78000.0,78010.43,5.19236
2026-04-26 10:35:00,78010.42,78018.24,78006.95,78006.96,13.58791
2026-04-26 10:40:00,78006.95,78018.23,77982.2,77992.34,44.20502
2026-04-26 10:45:00,77992.34,78004.49,77982.75,77982.75,4.33022
2026-04-26 10:50:00,77982.75,77986.83,77972.28,77979.88,6.7624
2026-04-26 10:55:00,77979.88,78002.43,77979.88,78002.43,14.68151
2026-04-26 11:00:00,78002.43,78069.48,78002.42,78029.39,7.31216
2026-04-26 11:05:00,78029.4,78074.1,78029.39,78054.42,23.22712
2026-04-26 11:10:00,78054.42,78086.0,78048.57,78048.58,10.31078
2026-04-26 11:15:00,78048.58,78054.97,78036.15,78045.69,5.51894
2026-04-26 11:20:00,78045.69,78111.58,78045.68,78111.58,9.9613
2026-04-26 11:25:00,78111.58,78149.99,78106.61,78139.55,15.68742
2026-04-26 11:30:00,78139.55,78141.96,78077.22,78099.77,11.2461
2026-04-26 11:35:00,78099.77,78099.77,78074.29,78077.42,8.53952
2026-04-26 11:40:00,78077.41,78083.33,78077.41,78077.42,4.45424
2026-04-26 11:45:00,78077.41,78086.0,78050.33,78086.0,9.12256
2026-04-26 11:50:00,78085.99,78121.44,78085.99,78101.43,19.31359
2026-04-26 11:55:00,78101.43,78128.7,78101.43,78101.44,8.89253
2026-04-26 12:00:00,78101.43,78101.5,78059.91,78059.91,10.90789
2026-04-26 12:05:00,78059.91,78078.17,78047.32,78047.32,13.13017
2026-04-26 12:10:00,78047.33,78047.33,77981.87,77981.87,11.65514
2026-04-26 12:15:00,77981.87,77987.69,77957.34,77984.99,15.62334
2026-04-26 12:20:00,77985.0,78027.3,77984.99,78000.64,34.26306
2026-04-26 12:25:00,78000.65,78010.82,77960.0,77976.6,15.84508
2026-04-26 12:30:00,77976.59,77982.67,77969.12,77972.64,12.41338
2026-04-26 12:35:00,77972.65,77987.41,77972.64,77987.4,4.52541
2026-04-26 12:40:00,77987.41,77987.41,77950.0,77950.0,12.01068
2026-04-26 12:45:00,77950.0,77950.01,77770.0,77832.76,112.56542
2026-04-26 12:50:00,77832.76,77877.93,77832.75,77840.01,19.79041
2026-04-26 12:55:00,77840.01,77860.89,77810.0,77833.08,34.20616
2026-04-26 13:00:00,77833.08,77851.17,77797.13,77841.07,33.20027
2026-04-26 13:05:00,77841.08,77900.0,77821.37,77898.23,35.82309
2026-04-26 13:10:00,77898.22,77938.59,77891.0,77905.13,38.25879
2026-04-26 13:15:00,77905.13,77941.22,77870.0,77895.41,25.94064
2026-04-26 13:20:00,77895.41,77895.41,77852.42,77852.43,19.37064
2026-04-26 13:25:00,77852.43,77874.44,77818.08,77874.43,9.55437
2026-04-26 13:30:00,77874.43,77961.96,77873.38,77957.87,35.05547
2026-04-26 13:35:00,77958.41,77986.92,77924.69,77978.46,28.42297
2026-04-26 13:40:00,77978.46,77991.65,77946.81,77989.74,7.38875
2026-04-26 13:45:00,77989.74,77996.69,77941.24,77945.2,9.00313
2026-04-26 13:50:00,77945.2,77959.49,77917.75,77959.48,7.18815
2026-04-26 13:55:00,77959.49,77977.8,77928.43,77977.79,5.26335
2026-04-26 14:00:00,77977.79,77977.8,77920.88,77925.7,13.23666
2026-04-26 14:05:00,77925.7,77944.02,77871.85,77944.01,42.56361
2026-04-26 14:10:00,77944.02,77944.02,77926.6,77926.6,2.21881
