time,open,high,low,close,volume
2026-04-19 14:13:00,75782.61,75804.0,75782.61,75803.99,5.16182
2026-04-19 14:14:00,75803.99,75803.99,75789.74,75794.34,2.45219
2026-04-19 14:15:00,75794.34,75794.35,75764.42,75777.08,4.24458
2026-04-19 14:16:00,75777.08,75786.0,75774.88,75782.9,3.18474
2026-04-19 14:17:00,75782.9,75797.14,75771.85,75771.85,4.09383
2026-04-19 14:18:00,75771.85,75850.0,75771.84,75839.82,10.2281
2026-04-19 14:19:00,75839.8,75911.59,75837.77,75850.0,18.85849
2026-04-19 14:20:00,75849.99,75850.0,75809.86,75809.86,2.2922
2026-04-19 14:21:00,75809.87,75881.6,75809.86,75861.83,10.81872
2026-04-19 14:22:00,75861.83,75883.83,75847.64,75868.0,5.98509
2026-04-19 14:23:00,75868.01,75908.11,75868.0,75876.53,1.87779
2026-04-19 14:24:00,75876.53,75889.78,75865.47,75889.78,2.99238
2026-04-19 14:25:00,75889.78,75946.15,75889.78,75946.13,3.95914
2026-04-19 14:26:00,75946.13,76011.4,75940.24,75962.07,7.60391
2026-04-19 14:27:00,75962.06,76028.57,75957.04,75957.04,6.57326
2026-04-19 14:28:00,75957.04,75970.9,75950.0,75970.0,6.86293
2026-04-19 14:29:00,75969.99,75970.0,75960.0,75960.01,2.44387
2026-04-19 14:30:00,75960.01,75989.94,75899.71,75909.24,13.8208
2026-04-19 14:31:00,75909.25,75921.95,75898.68,75921.95,5.65871
2026-04-19 14:32:00,75921.95,75929.05,75807.61,75842.66,8.82347
2026-04-19 14:33:00,75842.65,75849.37,75792.76,75841.16,10.54361
2026-04-19 14:34:00,75841.16,75856.54,75833.54,75850.0,3.09649
2026-04-19 14:35:00,75850.0,75899.24,75822.84,75822.84,79.51609
2026-04-19 14:36:00,75822.85,75854.1,75821.64,75853.69,7.96229
2026-04-19 14:37:00,75853.69,75886.13,75853.68,75863.93,1.97926
2026-04-19 14:38:00,75863.94,75886.97,75856.08,75886.96,9.84444
2026-04-19 14:39:00,75886.96,75927.16,75886.96,75927.15,9.70248
2026-04-19 14:40:00,75927.15,75992.86,75927.15,75983.78,6.12255
2026-04-19 14:41:00,75983.78,75983.78,75954.41,75956.84,7.56415
2026-04-19 14:42:00,75956.83,75956.84,75946.62,75947.4,2.68482
2026-04-19 14:43:00,75947.4,75966.0,75947.4,75966.0,2.92413
2026-04-19 14:44:00,75965.99,75980.29,75965.99,75974.87,1.29754
2026-04-19 14:45:00,75974.87,75974.88,75946.0,75957.6,6.07269
2026-04-19 14:46:00,75957.6,76045.67,75957.6,76042.0,7.7956
2026-04-19 14:47:00,76042.01,76146.84,76042.0,76146.84,20.98367
2026-04-19 14:48:00,76147.01,76147.01,76101.29,76118.04,25.02944
2026-04-19 14:49:00,76118.05,76118.05,76080.67,76096.0,17.97772
2026-04-19 14:50:00,76096.01,76135.06,76091.43,76135.06,11.0429
2026-04-19 14:51:00,76135.06,76135.06,76092.04,76101.19,16.39636
2026-04-19 14:52:00,76101.2,76101.2,76046.88,76046.88,13.59746
2026-04-19 14:53:00,76046.89,76046.89,76016.81,76035.51,10.54613
2026-04-19 14:54:00,76035.51,76035.51,75975.33,75975.34,11.94676
2026-04-19 14:55:00,75975.34,75995.53,75964.77,75983.45,12.75634
2026-04-19 14:56:00,75983.45,76040.91,75980.7,76034.0,15.67109
2026-04-19 14:57:00,76034.0,76034.0,75973.31,75973.31,9.7351
2026-04-19 14:58:00,75973.32,76034.0,75973.31,76031.77,15.33982
2026-04-19 14:59:00,76031.77,76031.77,76011.62,76024.01,10.16115
2026-04-19 15:00:00,76024.02,76030.0,75983.76,75986.22,8.30888
2026-04-19 15:01:00,75986.23,75986.23,75904.76,75912.16,14.0244
2026-04-19 15:02:00,75912.16,75924.87,75871.89,75901.53,9.613
2026-04-19 15:03:00,75901.54,75950.41,75901.53,75948.09,5.385
2026-04-19 15:04:00,75948.1,76014.47,75948.09,76014.46,8.88237
2026-04-19 15:05:00,76014.47,76014.47,75945.22,75956.83,9.44484
2026-04-19 15:06:00,75956.84,75956.84,75890.47,75909.75,9.26114
2026-04-19 15:07:00,75909.76,75958.59,75909.75,75952.0,11.31358
2026-04-19 15:08:00,75952.01,75972.45,75935.35,75972.45,9.1366
2026-04-19 15:09:00,75972.45,75972.45,75939.63,75939.64,9.49066
2026-04-19 15:10:00,75939.65,76000.0,75939.64,75998.0,11.8238
2026-04-19 15:11:00,75998.01,75998.01,75951.91,75969.99,7.09788
2026-04-19 15:12:00,75970.0,76030.0,75969.99,76030.0,16.74224
2026-04-19 15:13:00,76030.0,76041.13,76014.78,76023.13,10.36115
2026-04-19 15:14:00,76023.14,76028.3,76011.31,76011.31,7.90955
2026-04-19 15:15:00,76011.32,76049.96,76002.03,76049.95,8.29442
2026-04-19 15:16:00,76049.96,76091.21,76044.86,76091.2,11.71793
2026-04-19 15:17:00,76091.21,76115.08,76079.09,76100.09,18.47274
2026-04-19 15:18:00,76100.1,76155.3,76100.09,76137.86,10.14279
2026-04-19 15:19:00,76137.87,76137.87,76057.61,76073.89,20.86137
2026-04-19 15:20:00,76073.9,76095.39,76033.37,76033.37,15.91398
2026-04-19 15:21:00,76033.37,76033.37,75968.48,75968.48,10.85511
2026-04-19 15:22:00,75968.49,75968.49,75894.52,75930.01,29.87341
2026-04-19 15:23:00,75930.02,75949.93,75930.01,75943.21,15.18493
2026-04-19 15:24:00,75943.21,76000.0,75943.2,75986.37,13.65902
2026-04-19 15:25:00,75986.37,75986.37,75932.92,75946.14,9.40229
2026-04-19 15:26:00,75946.14,75964.61,75943.64,75964.6,7.46384
2026-04-19 15:27:00,75964.61,75993.66,75964.6,75980.7,7.21279
2026-04-19 15:28:00,75980.71,75980.71,75950.64,75963.14,7.64668
2026-04-19 15:29:00,75963.15,75963.15,75955.67,75963.13,5.79038
2026-04-19 15:30:00,75963.14,75992.7,75950.0,75950.0,12.26973
2026-04-19 15:31:00,75950.0,75950.01,75827.2,75888.0,45.05771
2026-04-19 15:32:00,75887.99,75925.44,75887.99,75894.55,13.34902
2026-04-19 15:33:00,75894.56,75894.6,75770.69,75771.94,22.48655
2026-04-19 15:34:00,75771.95,75782.8,75707.68,75725.07,25.07315
2026-04-19 15:35:00,75725.08,75753.81,75495.55,75527.0,70.55327
2026-04-19 15:36:00,75527.01,75559.84,75401.44,75526.22,91.73816
2026-04-19 15:37:00,75526.22,75646.04,75526.22,75608.93,40.11066
2026-04-19 15:38:00,75608.93,75666.66,75572.99,75599.07,24.01195
2026-04-19 15:39:00,75599.08,75663.67,75596.85,75647.52,19.67894
2026-04-19 15:40:00,75647.51,75660.74,75605.78,75658.47,19.10687
2026-04-19 15:41:00,75658.48,75730.13,75648.4,75730.12,25.20729
2026-04-19 15:42:00,75730.13,75743.58,75705.19,75727.25,22.26032
2026-04-19 15:43:00,75727.26,75733.99,75689.04,75702.46,19.11356
2026-04-19 15:44:00,75702.46,75741.6,75702.45,75724.88,21.86073
2026-04-19 15:45:00,75724.88,75727.15,75693.04,75725.21,19.92393
2026-04-19 15:46:00,75725.21,75771.28,75725.21,75771.27,23.52765
2026-04-19 15:47:00,75771.28,75790.73,75735.79,75742.61,24.49707
2026-04-19 15:48:00,75742.62,75834.7,75742.61,75818.68,29.38967
2026-04-19 15:49:00,75818.69,75848.0,75798.1,75847.99,25.39025
2026-04-19 15:50:00,75848.0,75857.72,75722.35,75749.98,35.03467
2026-04-19 15:51:00,75749.98,75765.12,75717.32,75717.32,20.96857
2026-04-19 15:52:00,75717.33,75769.89,75717.32,75752.63,18.7924
2026-04-19 15:53:00,75752.64,75809.0,75752.63,75800.0,18.27871
2026-04-19 15:54:00,75800.01,75880.26,75800.0,75848.35,18.9104
2026-04-19 15:55:00,75848.35,75872.0,75837.35,75861.78,16.08252
2026-04-19 15:56:00,75861.77,75861.78,75836.6,75850.22,6.59314
2026-04-19 15:57:00,75850.23,75850.23,75799.09,75799.1,5.86505
2026-04-19 15:58:00,75799.1,75821.4,75790.0,75819.64,9.07811
2026-04-19 15:59:00,75819.65,75846.64,75798.42,75846.63,12.26949
2026-04-19 16:00:00,75846.63,75850.0,75769.55,75769.55,10.55414
2026-04-19 16:01:00,75769.56,75769.56,75746.51,75759.34,13.39279
2026-04-19 16:02:00,75760.01,75774.51,75711.0,75730.96,8.26087
2026-04-19 16:03:00,75730.95,75764.0,75702.45,75760.02,4.46015
2026-04-19 16:04:00,75760.01,75853.26,75760.01,75853.24,5.97962
2026-04-19 16:05:00,75851.8,75851.8,75790.6,75797.98,3.1742
2026-04-19 16:06:00,75797.99,75797.99,75717.46,75769.67,6.46767
2026-04-19 16:07:00,75769.66,75786.92,75758.09,75780.67,3.6681
2026-04-19 16:08:00,75780.67,75780.68,75737.37,75752.81,3.65851
2026-04-19 16:09:00,75752.82,75760.4,75678.1,75695.61,5.24608
2026-04-19 16:10:00,75695.61,75695.61,75622.0,75688.4,14.23693
2026-04-19 16:11:00,75688.47,75736.59,75688.47,75712.36,3.27002
2026-04-19 16:12:00,75712.36,75725.44,75670.58,75670.58,8.76941
2026-04-19 16:13:00,75670.59,75682.76,75652.14,75672.9,7.74104
2026-04-19 16:14:00,75672.91,75693.45,75660.43,75667.98,11.66335
2026-04-19 16:15:00,75667.98,75726.03,75650.0,75726.03,6.52702
2026-04-19 16:16:00,75726.04,75762.3,75716.44,75719.05,7.29392
2026-04-19 16:17:00,75719.06,75741.8,75678.55,75678.55,3.94998
2026-04-19 16:18:00,75678.55,75685.92,75601.4,75617.38,3.89204
2026-04-19 16:19:00,75617.38,75643.68,75600.0,75607.2,6.36271
2026-04-19 16:20:00,75607.2,75634.78,75607.2,75613.82,2.93502
2026-04-19 16:21:00,75613.82,75624.0,75574.93,75576.78,2.71322
2026-04-19 16:22:00,75576.78,75590.0,75554.88,75564.14,9.23065
2026-04-19 16:23:00,75564.13,75633.54,75550.53,75633.54,2.86624
2026-04-19 16:24:00,75633.53,75646.04,75618.77,75618.77,2.05264
2026-04-19 16:25:00,75618.76,75646.04,75618.76,75642.58,4.92252
2026-04-19 16:26:00,75642.59,75720.0,75642.59,75689.86,4.29917
2026-04-19 16:27:00,75689.87,75689.87,75648.66,75649.9,3.38922
2026-04-19 16:28:00,75649.9,75649.9,75555.0,75571.51,5.24723
2026-04-19 16:29:00,75571.51,75572.64,75563.94,75569.99,2.02822
2026-04-19 16:30:00,75569.99,75589.29,75518.73,75576.6,11.87401
2026-04-19 16:31:00,75576.59,75611.99,75568.62,75599.72,3.25991
2026-04-19 16:32:00,75599.71,75599.71,75575.0,75599.61,3.7196
2026-04-19 16:33:00,75599.61,75646.04,75599.6,75646.04,4.04536
2026-04-19 16:34:00,75646.04,75702.04,75646.03,75673.68,3.20526
2026-04-19 16:35:00,75673.68,75691.89,75643.07,75643.07,18.61333
2026-04-19 16:36:00,75643.08,75646.04,75616.94,75616.94,4.80009
2026-04-19 16:37:00,75616.94,75637.15,75614.67,75637.14,1.97702
2026-04-19 16:38:00,75637.14,75646.04,75627.95,75646.03,2.07164
2026-04-19 16:39:00,75646.03,75652.04,75628.47,75628.47,2.92079
2026-04-19 16:40:00,75628.48,75639.99,75600.0,75600.01,1.53452
2026-04-19 16:41:00,75600.0,75605.87,75522.12,75536.51,7.9711
2026-04-19 16:42:00,75536.51,75573.81,75536.51,75557.25,3.05506
2026-04-19 16:43:00,75557.25,75571.08,75525.68,75535.23,2.85563
2026-04-19 16:44:00,75535.22,75571.08,75503.82,75563.51,10.51507
2026-04-19 16:45:00,75563.51,75600.0,75558.33,75583.2,3.77947
2026-04-19 16:46:00,75583.2,75618.0,75583.2,75591.2,5.89301
2026-04-19 16:47:00,75591.21,75591.21,75542.36,75581.9,2.483
2026-04-19 16:48:00,75581.89,75631.57,75574.0,75626.12,7.47283
2026-04-19 16:49:00,75626.13,75634.7,75610.54,75610.55,2.23146
2026-04-19 16:50:00,75610.55,75614.44,75572.22,75572.22,3.11482
2026-04-19 16:51:00,75572.23,75616.45,75572.23,75601.14,1.6956
2026-04-19 16:52:00,75601.14,75630.47,75589.44,75622.59,9.01632
2026-04-19 16:53:00,75622.58,75622.59,75408.91,75485.44,18.63811
2026-04-19 16:54:00,75485.45,75487.64,75369.18,75409.35,15.48972
2026-04-19 16:55:00,75409.34,75424.42,75311.11,75424.42,52.03948
2026-04-19 16:56:00,75424.42,75485.54,75347.76,75359.75,6.12581
2026-04-19 16:57:00,75359.75,75376.0,75322.17,75373.19,7.76611
2026-04-19 16:58:00,75373.19,75424.43,75373.19,75424.42,2.04256
2026-04-19 16:59:00,75424.43,75443.47,75348.0,75382.86,5.2598
2026-04-19 17:00:00,75382.87,75382.87,75247.01,75247.01,60.13725
2026-04-19 17:01:00,75247.01,75299.08,75245.75,75274.9,9.04523
2026-04-19 17:02:00,75274.89,75305.99,75274.89,75305.99,3.49019
2026-04-19 17:03:00,75306.0,75382.87,75306.0,75348.37,6.45138
2026-04-19 17:04:00,75348.36,75348.37,75157.89,75160.01,25.76862
2026-04-19 17:05:00,75160.01,75165.96,75012.49,75100.0,118.17609
2026-04-19 17:06:00,75099.99,75156.51,75054.58,75126.58,17.29264
2026-04-19 17:07:00,75126.59,75148.05,75106.17,75108.33,6.32439
2026-04-19 17:08:00,75108.33,75238.11,75108.33,75233.44,5.9054
2026-04-19 17:09:00,75233.43,75233.43,75135.32,75135.32,8.38392
2026-04-19 17:10:00,75135.33,75151.64,75105.08,75144.93,11.09007
2026-04-19 17:11:00,75144.93,75199.06,75132.87,75171.05,4.35276
2026-04-19 17:12:00,75171.05,75239.81,75166.23,75239.81,9.37233
2026-04-19 17:13:00,75239.81,75260.0,75224.38,75253.99,8.25603
2026-04-19 17:14:00,75253.99,75264.01,75232.01,75264.0,9.36716
2026-04-19 17:15:00,75264.0,75269.14,75244.0,75265.15,5.45119
2026-04-19 17:16:00,75265.14,75265.15,75216.83,75223.62,8.76922
2026-04-19 17:17:00,75223.62,75277.67,75223.62,75260.38,1.63996
2026-04-19 17:18:00,75260.38,75311.7,75250.69,75303.0,6.50035
2026-04-19 17:19:00,75303.0,75303.0,75259.14,75293.0,10.28735
2026-04-19 17:20:00,75293.0,75314.31,75293.0,75314.06,6.49942
2026-04-19 17:21:00,75314.07,75345.24,75292.86,75345.23,8.43027
2026-04-19 17:22:00,75345.24,75381.76,75305.07,75305.07,8.54043
2026-04-19 17:23:00,75305.07,75308.25,75276.07,75276.08,4.51265
2026-04-19 17:24:00,75276.08,75276.08,75193.52,75201.34,4.08843
2026-04-19 17:25:00,75201.33,75218.0,75171.67,75193.76,17.08076
2026-04-19 17:26:00,75193.75,75239.62,75161.86,75239.61,5.02799
2026-04-19 17:27:00,75239.61,75275.99,75226.62,75238.84,9.54213
2026-04-19 17:28:00,75238.85,75281.39,75238.84,75281.38,1.54412
2026-04-19 17:29:00,75281.38,75281.39,75271.21,75271.22,0.81391
2026-04-19 17:30:00,75271.22,75323.7,75271.21,75323.7,11.67477
2026-04-19 17:31:00,75323.7,75359.96,75323.7,75347.07,5.70123
2026-04-19 17:32:00,75347.08,75363.41,75303.12,75309.76,5.22402
2026-04-19 17:33:00,75309.75,75309.76,75214.67,75214.67,4.08569
2026-04-19 17:34:00,75214.67,75214.68,75129.88,75145.94,7.27467
2026-04-19 17:35:00,75145.93,75202.45,75084.53,75159.38,19.9333
2026-04-19 17:36:00,75159.38,75200.3,75159.37,75166.09,1.67298
2026-04-19 17:37:00,75166.08,75198.87,75166.08,75177.37,2.98628
2026-04-19 17:38:00,75177.37,75194.6,75167.88,75178.63,2.66
2026-04-19 17:39:00,75178.62,75207.5,75159.76,75207.49,2.19793
2026-04-19 17:40:00,75207.5,75221.99,75131.64,75131.65,5.44444
2026-04-19 17:41:00,75131.66,75167.06,75131.65,75159.63,3.25596
2026-04-19 17:42:00,75159.63,75171.36,75150.0,75171.36,1.42739
2026-04-19 17:43:00,75171.37,75187.16,75171.37,75187.16,0.79671
2026-04-19 17:44:00,75187.16,75200.7,75187.16,75189.15,2.80002
2026-04-19 17:45:00,75189.14,75200.0,75152.41,75200.0,1.53631
2026-04-19 17:46:00,75200.0,75222.0,75145.88,75152.39,13.13784
2026-04-19 17:47:00,75152.4,75156.04,75127.03,75127.04,1.88087
2026-04-19 17:48:00,75127.03,75127.04,75090.0,75090.0,6.31465
2026-04-19 17:49:00,75090.0,75092.91,75050.0,75050.0,12.35821
2026-04-19 17:50:00,75050.01,75050.01,74956.84,74956.84,42.48217
2026-04-19 17:51:00,74956.84,74979.34,74743.55,74854.06,103.96326
2026-04-19 17:52:00,74854.05,74880.0,74638.31,74664.86,59.65928
2026-04-19 17:53:00,74664.86,74830.38,74661.44,74830.38,22.27579
2026-04-19 17:54:00,74830.37,74840.29,74740.64,74806.47,8.3436
2026-04-19 17:55:00,74806.46,74859.82,74774.52,74849.99,9.5741
2026-04-19 17:56:00,74850.0,74869.48,74800.0,74844.57,8.98107
2026-04-19 17:57:00,74844.57,74866.89,74814.22,74831.72,6.37172
2026-04-19 17:58:00,74831.72,74831.72,74760.87,74776.58,7.5469
2026-04-19 17:59:00,74776.58,74798.0,74776.58,74791.26,11.97868
2026-04-19 18:00:00,74791.27,74806.0,74763.5,74782.15,11.33352
2026-04-19 18:01:00,74782.16,74890.57,74706.87,74879.9,20.18016
2026-04-19 18:02:00,74878.08,74888.47,74836.2,74864.33,5.43297
2026-04-19 18:03:00,74864.33,74864.34,74807.49,74847.25,9.32599
2026-04-19 18:04:00,74847.24,74847.25,74675.77,74703.03,26.98155
2026-04-19 18:05:00,74703.04,74753.15,74697.23,74730.0,8.38214
2026-04-19 18:06:00,74730.01,74776.79,74703.2,74739.93,8.17439
2026-04-19 18:07:00,74739.92,74755.49,74700.0,74709.99,9.90804
2026-04-19 18:08:00,74709.99,74762.79,74709.99,74762.78,6.05132
2026-04-19 18:09:00,74762.79,74877.14,74762.79,74877.13,15.49123
2026-04-19 18:10:00,74877.14,74908.62,74830.79,74830.79,30.43519
2026-04-19 18:11:00,74830.8,74845.94,74811.76,74811.77,5.40028
2026-04-19 18:12:00,74811.77,74853.38,74811.77,74823.92,14.22583
2026-04-19 18:13:00,74823.93,74841.55,74800.0,74800.01,9.95275
2026-04-19 18:14:00,74800.0,74835.53,74800.0,74835.52,4.12493
2026-04-19 18:15:00,74835.52,74845.0,74779.19,74790.35,10.48283
2026-04-19 18:16:00,74790.35,74813.28,74788.23,74794.67,4.92919
2026-04-19 18:17:00,74794.66,74853.86,74794.66,74814.69,5.1679
2026-04-19 18:18:00,74814.7,74840.0,74810.79,74825.6,2.83656
2026-04-19 18:19:00,74825.6,74825.6,74775.25,74775.25,2.80447
2026-04-19 18:20:00,74775.25,74775.26,74726.9,74767.46,12.2145
2026-04-19 18:21:00,74767.47,74819.01,74762.0,74809.17,4.23019
2026-04-19 18:22:00,74809.16,74809.17,74700.67,74706.72,13.3825
2026-04-19 18:23:00,74706.72,74738.06,74700.01,74722.34,4.13323
2026-04-19 18:24:00,74722.33,74722.34,74655.7,74655.71,11.89147
2026-04-19 18:25:00,74655.7,74723.2,74608.0,74713.62,26.55534
2026-04-19 18:26:00,74713.62,74794.96,74706.85,74793.98,11.75833
2026-04-19 18:27:00,74793.97,74866.82,74791.65,74842.08,19.26184
2026-04-19 18:28:00,74842.08,74872.56,74832.06,74847.0,4.89571
2026-04-19 18:29:00,74847.01,74847.01,74756.82,74810.67,14.12457
2026-04-19 18:30:00,74810.68,74816.66,74755.84,74794.65,15.8772
2026-04-19 18:31:00,74794.66,74820.79,74753.18,74753.18,4.12359
2026-04-19 18:32:00,74753.19,74785.26,74753.18,74781.36,1.71749
2026-04-19 18:33:00,74781.35,74781.36,74708.6,74708.6,4.18535
2026-04-19 18:34:00,74708.6,74713.55,74700.0,74713.54,7.00898
2026-04-19 18:35:00,74713.55,74728.38,74686.39,74728.38,14.98178
2026-04-19 18:36:00,74728.37,74751.7,74728.37,74739.99,6.28703
2026-04-19 18:37:00,74740.0,74775.19,74739.99,74775.19,9.23013
2026-04-19 18:38:00,74775.19,74780.0,74742.21,74749.69,2.54497
2026-04-19 18:39:00,74749.7,74779.55,74742.23,74757.11,14.51122
2026-04-19 18:40:00,74757.1,74772.06,74709.95,74760.57,11.27788
2026-04-19 18:41:00,74760.58,74760.58,74722.0,74741.27,12.95481
2026-04-19 18:42:00,74741.27,74741.27,74678.86,74708.9,6.62959
2026-04-19 18:43:00,74708.9,74708.9,74650.51,74650.52,5.75053
2026-04-19 18:44:00,74650.52,74700.0,74650.51,74699.99,10.62432
2026-04-19 18:45:00,74700.0,74703.35,74658.39,74672.1,5.14142
2026-04-19 18:46:00,74672.11,74672.11,74612.85,74660.0,11.3525
2026-04-19 18:47:00,74660.0,74673.8,74640.3,74657.3,5.14806
2026-04-19 18:48:00,74657.31,74660.0,74630.65,74649.99,2.54124
2026-04-19 18:49:00,74650.0,74712.45,74649.99,74712.45,4.78103
2026-04-19 18:50:00,74712.46,74772.06,74700.6,74772.05,10.45156
2026-04-19 18:51:00,74772.05,74794.01,74758.15,74776.57,6.56726
2026-04-19 18:52:00,74776.58,74786.83,74756.78,74786.82,3.62177
2026-04-19 18:53:00,74786.82,74786.83,74751.72,74761.49,3.57994
2026-04-19 18:54:00,74761.49,74761.49,74713.97,74728.8,3.11871
2026-04-19 18:55:00,74728.8,74768.52,74728.79,74764.77,2.25204
2026-04-19 18:56:00,74764.77,74764.77,74729.64,74752.65,2.59867
2026-04-19 18:57:00,74752.64,74767.6,74750.0,74767.59,2.63178
2026-04-19 18:58:00,74767.59,74789.78,74767.59,74770.1,4.53587
2026-04-19 18:59:00,74770.1,74770.11,74770.1,74770.11,1.06717
2026-04-19 19:00:00,74770.11,74900.0,74770.11,74900.0,13.80373
2026-04-19 19:01:00,74899.99,74917.12,74890.4,74917.12,10.3051
2026-04-19 19:02:00,74917.12,74922.78,74899.49,74904.67,6.9818
2026-04-19 19:03:00,74904.67,74904.67,74854.07,74881.7,7.22836
2026-04-19 19:04:00,74881.69,74881.7,74848.99,74869.97,11.27323
2026-04-19 19:05:00,74869.97,74944.02,74869.96,74944.02,6.45744
2026-04-19 19:06:00,74944.01,74947.56,74917.91,74939.49,7.06853
2026-04-19 19:07:00,74939.5,74957.04,74936.95,74938.79,15.86273
2026-04-19 19:08:00,74938.79,74970.77,74938.79,74942.72,5.27111
2026-04-19 19:09:00,74942.72,74979.21,74938.22,74938.22,13.24118
2026-04-19 19:10:00,74938.23,74968.69,74938.22,74942.73,2.01584
2026-04-19 19:11:00,74942.72,74950.23,74914.28,74914.28,3.42667
2026-04-19 19:12:00,74914.28,74932.01,74914.27,74926.28,1.50388
2026-04-19 19:13:00,74926.28,74961.69,74911.29,74961.68,4.42324
2026-04-19 19:14:00,74961.68,74982.55,74950.81,74950.82,3.70647
2026-04-19 19:15:00,74950.81,74964.0,74933.2,74933.21,3.67895
2026-04-19 19:16:00,74933.21,74958.33,74933.2,74948.54,1.38712
2026-04-19 19:17:00,74948.54,74972.35,74948.53,74972.35,1.45012
2026-04-19 19:18:00,74972.34,74988.77,74934.9,74972.34,5.45771
2026-04-19 19:19:00,74972.34,75022.72,74967.89,75020.97,11.83764
2026-04-19 19:20:00,75020.97,75033.26,75011.99,75033.26,4.31055
2026-04-19 19:21:00,75033.25,75033.26,75006.0,75020.0,3.13368
2026-04-19 19:22:00,75020.0,75021.48,74995.25,74995.26,2.93928
2026-04-19 19:23:00,74995.25,74995.26,74875.2,74875.2,10.3967
2026-04-19 19:24:00,74875.2,74875.21,74844.22,74867.96,5.07288
2026-04-19 19:25:00,74867.96,74925.45,74845.2,74924.11,6.12518
2026-04-19 19:26:00,74924.11,74947.21,74924.1,74945.96,3.89016
2026-04-19 19:27:00,74945.96,74970.61,74941.0,74948.5,5.38365
2026-04-19 19:28:00,74948.51,74969.0,74948.51,74965.1,5.32249
2026-04-19 19:29:00,74965.11,74970.87,74950.78,74950.78,4.91933
2026-04-19 19:30:00,74950.78,74974.83,74950.78,74974.82,1.35537
2026-04-19 19:31:00,74974.83,75027.77,74974.83,75021.25,2.73462
2026-04-19 19:32:00,75021.25,75071.61,75000.72,75017.43,6.24163
2026-04-19 19:33:00,75017.44,75017.44,74980.01,75002.0,3.88856
2026-04-19 19:34:00,75001.99,75002.0,74942.6,74960.91,10.81673
2026-04-19 19:35:00,74960.91,74995.21,74949.16,74968.74,1.54624
2026-04-19 19:36:00,74968.75,74968.75,74940.58,74940.58,4.24178
2026-04-19 19:37:00,74940.58,74958.7,74936.62,74958.7,1.96458
2026-04-19 19:38:00,74958.7,74965.14,74958.69,74964.28,4.0398
2026-04-19 19:39:00,74964.28,74976.33,74955.86,74976.32,1.94535
2026-04-19 19:40:00,74976.33,74976.33,74961.09,74962.75,1.32185
2026-04-19 19:41:00,74962.76,75033.03,74962.75,75033.02,2.98121
2026-04-19 19:42:00,75033.03,75033.03,75020.0,75020.0,6.28785
2026-04-19 19:43:00,75020.01,75020.01,74998.84,75001.29,2.12993
2026-04-19 19:44:00,75001.3,75001.41,74967.22,74967.23,14.03923
2026-04-19 19:45:00,74967.22,74984.65,74967.22,74984.61,7.8689
2026-04-19 19:46:00,74984.61,75022.81,74984.6,75015.42,4.71963
2026-04-19 19:47:00,75015.42,75023.98,74996.19,75010.49,7.49253
2026-04-19 19:48:00,75010.48,75010.49,75003.99,75008.94,2.53241
2026-04-19 19:49:00,75008.93,75008.93,74986.31,74986.31,1.62242
2026-04-19 19:50:00,74986.32,75000.01,74986.31,75000.0,1.21089
2026-04-19 19:51:00,75000.0,75000.01,74955.26,74960.23,2.75468
2026-04-19 19:52:00,74960.23,74973.97,74957.15,74959.15,5.78896
2026-04-19 19:53:00,74959.16,74971.71,74959.16,74966.0,3.32868
2026-04-19 19:54:00,74966.0,74966.01,74940.03,74940.03,1.83388
2026-04-19 19:55:00,74940.03,74940.04,74892.6,74910.0,5.92361
2026-04-19 19:56:00,74910.0,74966.01,74910.0,74966.0,2.52202
2026-04-19 19:57:00,74966.01,74966.01,74944.0,74961.85,2.55142
2026-04-19 19:58:00,74961.86,74965.89,74961.85,74965.89,0.94301
2026-04-19 19:59:00,74965.88,74980.0,74965.47,74965.47,2.33022
2026-04-19 20:00:00,74965.46,74965.47,74931.36,74938.08,1.95168
2026-04-19 20:01:00,74938.08,74938.09,74840.04,74841.68,6.44207
2026-04-19 20:02:00,74841.69,74841.69,74770.0,74772.6,6.0495
2026-04-19 20:03:00,74772.6,74786.57,74730.0,74773.52,11.78984
2026-04-19 20:04:00,74773.52,74774.14,74720.0,74735.9,3.58241
2026-04-19 20:05:00,74735.9,74739.51,74700.0,74713.9,7.28187
2026-04-19 20:06:00,74713.89,74723.21,74709.12,74716.41,1.377
2026-04-19 20:07:00,74716.42,74790.0,74700.0,74752.19,6.4698
2026-04-19 20:08:00,74752.2,74792.47,74752.19,74769.19,2.10339
2026-04-19 20:09:00,74769.19,74817.95,74769.18,74817.95,11.45493
2026-04-19 20:10:00,74817.94,74820.0,74800.61,74803.8,1.54588
2026-04-19 20:11:00,74803.81,74837.1,74803.8,74837.1,7.24709
2026-04-19 20:12:00,74837.09,74840.0,74790.0,74809.42,12.23847
2026-04-19 20:13:00,74809.42,74827.44,74720.01,74773.28,21.24955
2026-04-19 20:14:00,74773.27,74799.87,74773.27,74799.87,2.86788
2026-04-19 20:15:00,74799.88,74800.0,74783.1,74783.1,1.99139
2026-04-19 20:16:00,74783.1,74783.11,74740.0,74749.39,3.42035
2026-04-19 20:17:00,74749.39,74749.4,74719.02,74747.97,2.66528
2026-04-19 20:18:00,74747.97,74750.5,74650.0,74650.01,8.58869
2026-04-19 20:19:00,74650.0,74681.78,74650.0,74680.0,6.59078
2026-04-19 20:20:00,74680.0,74707.47,74679.99,74688.37,3.16358
2026-04-19 20:21:00,74688.37,74703.88,74650.0,74655.29,3.44591
2026-04-19 20:22:00,74655.29,74678.38,74640.0,74678.38,5.02164
2026-04-19 20:23:00,74678.38,74700.0,74650.23,74662.52,2.33958
2026-04-19 20:24:00,74662.52,74691.26,74662.51,74680.42,3.25724
2026-04-19 20:25:00,74680.42,74716.59,74680.41,74716.58,2.93185
2026-04-19 20:26:00,74716.58,74719.99,74699.99,74719.99,1.74211
2026-04-19 20:27:00,74720.0,74740.57,74719.99,74740.22,3.2387
2026-04-19 20:28:00,74740.22,74770.0,74740.22,74750.69,5.63869
2026-04-19 20:29:00,74750.69,74755.01,74750.69,74755.01,0.41701
2026-04-19 20:30:00,74755.01,74761.24,74734.75,74761.23,2.5072
2026-04-19 20:31:00,74761.23,74840.0,74761.23,74840.0,4.46384
2026-04-19 20:32:00,74840.0,74841.47,74824.06,74824.07,2.72391
2026-04-19 20:33:00,74824.07,74850.0,74824.07,74845.08,1.15545
2026-04-19 20:34:00,74845.08,74863.94,74845.07,74863.24,2.55305
2026-04-19 20:35:00,74863.24,74867.33,74850.0,74865.9,1.43052
2026-04-19 20:36:00,74865.9,74865.91,74810.0,74827.95,3.72522
2026-04-19 20:37:00,74827.94,74835.44,74827.94,74835.44,2.46224
2026-04-19 20:38:00,74835.44,74835.44,74835.43,74835.43,0.79552
2026-04-19 20:39:00,74835.44,74835.44,74782.72,74782.72,17.5773
2026-04-19 20:40:00,74782.73,74782.73,74702.76,74702.76,12.75151
2026-04-19 20:41:00,74702.76,74702.77,74650.0,74688.06,6.82333
2026-04-19 20:42:00,74688.06,74697.49,74651.82,74667.78,7.32801
2026-04-19 20:43:00,74667.78,74669.39,74652.99,74657.18,2.7594
2026-04-19 20:44:00,74657.17,74657.18,74459.62,74537.0,79.78144
2026-04-19 20:45:00,74537.0,74589.53,74518.83,74578.21,25.84454
2026-04-19 20:46:00,74578.2,74593.08,74560.84,74565.85,7.7562
2026-04-19 20:47:00,74565.84,74589.25,74530.16,74531.25,10.4985
2026-04-19 20:48:00,74531.25,74556.0,74500.0,74500.01,11.15702
2026-04-19 20:49:00,74500.0,74514.0,74427.53,74514.0,23.08333
2026-04-19 20:50:00,74514.0,74598.23,74489.05,74598.23,15.01616
2026-04-19 20:51:00,74598.23,74717.07,74598.22,74708.33,22.71472
2026-04-19 20:52:00,74708.33,74708.33,74662.2,74700.94,7.46323
2026-04-19 20:53:00,74700.93,74702.01,74687.14,74692.86,5.37629
2026-04-19 20:54:00,74692.87,74708.29,74691.95,74698.62,4.59082
2026-04-19 20:55:00,74698.62,74706.09,74676.11,74699.12,2.68037
2026-04-19 20:56:00,74699.11,74706.86,74666.78,74666.78,2.79907
2026-04-19 20:57:00,74666.78,74692.0,74666.78,74684.35,0.83158
2026-04-19 20:58:00,74684.34,74684.35,74650.0,74652.14,3.8482
2026-04-19 20:59:00,74652.14,74652.14,74630.0,74630.0,2.1091
2026-04-19 21:00:00,74630.01,74684.35,74610.0,74668.25,12.78957
2026-04-19 21:01:00,74668.25,74695.71,74663.57,74664.86,5.21882
2026-04-19 21:02:00,74664.86,74681.9,74663.57,74681.9,3.57384
2026-04-19 21:03:00,74681.9,74692.08,74643.84,74643.84,4.67197
2026-04-19 21:04:00,74643.85,74679.17,74643.85,74679.17,2.5563
2026-04-19 21:05:00,74679.18,74731.8,74679.17,74722.39,7.17564
2026-04-19 21:06:00,74722.39,74722.4,74700.0,74700.0,1.91976
2026-04-19 21:07:00,74700.01,74740.0,74700.0,74722.01,6.51473
2026-04-19 21:08:00,74722.0,74724.36,74692.91,74692.92,4.53912
2026-04-19 21:09:00,74692.92,74711.01,74692.92,74711.01,0.75145
2026-04-19 21:10:00,74711.0,74711.01,74700.42,74700.42,1.99774
2026-04-19 21:11:00,74700.43,74700.43,74622.53,74622.54,5.48676
2026-04-19 21:12:00,74622.53,74623.09,74622.53,74623.09,2.49089
2026-04-19 21:13:00,74623.08,74643.14,74572.5,74643.13,16.46166
2026-04-19 21:14:00,74643.14,74697.46,74643.14,74687.8,4.26977
2026-04-19 21:15:00,74687.81,74699.72,74669.12,74699.72,5.75404
2026-04-19 21:16:00,74699.71,74699.72,74661.57,74663.04,3.75879
2026-04-19 21:17:00,74663.05,74663.05,74642.45,74642.46,2.3283
2026-04-19 21:18:00,74642.46,74642.46,74584.15,74598.71,6.89389
2026-04-19 21:19:00,74598.71,74636.69,74582.69,74636.69,7.80566
2026-04-19 21:20:00,74636.69,74636.69,74636.68,74636.68,0.70158
2026-04-19 21:21:00,74636.69,74686.04,74636.69,74686.04,4.64107
2026-04-19 21:22:00,74686.03,74686.03,74670.12,74673.4,2.74156
2026-04-19 21:23:00,74673.4,74673.4,74673.39,74673.39,0.43216
2026-04-19 21:24:00,74673.39,74710.0,74673.39,74697.44,5.3377
2026-04-19 21:25:00,74697.44,74697.44,74683.41,74687.79,6.30127
2026-04-19 21:26:00,74687.8,74740.0,74687.79,74725.63,6.71844
2026-04-19 21:27:00,74725.63,74760.0,74716.88,74752.8,5.26056
2026-04-19 21:28:00,74752.79,74764.0,74742.26,74763.99,7.56454
2026-04-19 21:29:00,74763.99,74766.27,74739.87,74746.1,2.50982
2026-04-19 21:30:00,74746.11,74780.0,74746.1,74780.0,2.86885
2026-04-19 21:31:00,74780.0,74796.52,74778.41,74778.42,3.13408
2026-04-19 21:32:00,74778.42,74785.19,74740.0,74741.83,4.12867
2026-04-19 21:33:00,74741.83,74756.49,74730.0,74756.49,2.97961
2026-04-19 21:34:00,74756.48,74756.49,74740.72,74740.73,1.03754
2026-04-19 21:35:00,74740.72,74759.28,74740.72,74759.25,2.44337
2026-04-19 21:36:00,74759.25,74778.36,74759.25,74778.35,1.81084
2026-04-19 21:37:00,74778.36,74810.0,74778.35,74800.35,3.43386
2026-04-19 21:38:00,74800.36,74807.24,74787.42,74802.33,2.51959
2026-04-19 21:39:00,74802.33,74809.02,74774.15,74774.16,1.3959
2026-04-19 21:40:00,74774.16,74790.32,74770.39,74770.4,2.78262
2026-04-19 21:41:00,74770.39,74782.73,74770.39,74782.73,1.15067
2026-04-19 21:42:00,74782.73,74782.73,74770.39,74770.9,2.03457
2026-04-19 21:43:00,74770.91,74770.91,74743.21,74743.21,4.45197
2026-04-19 21:44:00,74743.2,74743.21,74743.2,74743.21,0.90292
2026-04-19 21:45:00,74743.21,74796.42,74743.2,74790.72,10.7276
2026-04-19 21:46:00,74790.72,74790.73,74776.15,74783.35,3.14901
2026-04-19 21:47:00,74783.34,74792.87,74744.94,74751.52,3.20825
2026-04-19 21:48:00,74751.52,74769.58,74676.01,74676.01,16.62262
2026-04-19 21:49:00,74676.01,74682.73,74603.23,74622.49,23.29773
2026-04-19 21:50:00,74622.49,74639.64,74576.34,74639.63,15.10221
2026-04-19 21:51:00,74639.63,74650.67,74530.88,74534.35,15.89852
2026-04-19 21:52:00,74534.35,74537.01,74374.74,74429.13,43.02106
2026-04-19 21:53:00,74429.12,74516.68,74392.11,74506.03,10.41928
2026-04-19 21:54:00,74506.04,74517.67,74405.6,74405.61,5.93908
2026-04-19 21:55:00,74405.6,74457.26,74368.6,74457.26,11.17671
2026-04-19 21:56:00,74457.26,74479.25,74457.25,74479.24,4.37903
2026-04-19 21:57:00,74479.25,74483.04,74450.08,74459.63,6.88358
2026-04-19 21:58:00,74459.63,74480.71,74384.68,74449.71,22.42973
2026-04-19 21:59:00,74449.72,74471.36,74425.15,74425.15,5.05194
2026-04-19 22:00:00,74425.16,74425.16,74044.53,74108.09,197.88578
2026-04-19 22:01:00,74108.08,74267.05,73902.0,74104.11,142.69009
2026-04-19 22:02:00,74104.11,74123.25,73941.76,73971.04,34.13331
2026-04-19 22:03:00,73971.04,74165.16,73865.92,73962.47,96.47023
2026-04-19 22:04:00,73962.47,74038.0,73819.33,73886.32,34.77481
2026-04-19 22:05:00,73886.31,73945.12,73818.61,73919.23,31.15971
2026-04-19 22:06:00,73919.25,74091.43,73919.25,74045.24,24.69843
2026-04-19 22:07:00,74045.39,74181.8,74038.27,74174.82,21.62579
2026-04-19 22:08:00,74174.82,74193.74,74050.02,74134.2,23.39902
2026-04-19 22:09:00,74134.21,74185.75,74132.1,74185.75,10.66879
2026-04-19 22:10:00,74185.74,74185.74,74085.64,74138.79,10.84606
2026-04-19 22:11:00,74138.8,74146.22,74000.0,74009.51,25.40732
2026-04-19 22:12:00,74009.52,74080.77,74004.87,74019.46,11.25428
2026-04-19 22:13:00,74019.47,74044.73,74004.86,74044.35,7.15307
2026-04-19 22:14:00,74044.35,74044.35,73984.91,74021.14,17.53651
2026-04-19 22:15:00,74021.14,74021.14,73882.1,73896.52,13.9668
2026-04-19 22:16:00,73896.52,73952.29,73850.0,73945.86,21.82131
2026-04-19 22:17:00,73945.86,74013.33,73923.32,73982.53,10.35324
2026-04-19 22:18:00,73982.53,74058.95,73982.53,74019.48,4.80403
2026-04-19 22:19:00,74019.48,74070.0,74000.0,74044.36,5.67025
2026-04-19 22:20:00,74044.35,74044.35,73879.71,73879.71,17.33103
2026-04-19 22:21:00,73879.71,73879.72,73772.74,73828.0,53.69224
2026-04-19 22:22:00,73828.0,73883.37,73822.31,73848.17,6.52391
2026-04-19 22:23:00,73848.18,73863.99,73762.9,73770.36,30.38839
2026-04-19 22:24:00,73770.37,73942.62,73770.36,73942.62,11.90029
2026-04-19 22:25:00,73942.62,73942.62,73888.1,73888.11,8.62449
2026-04-19 22:26:00,73888.1,73897.4,73818.64,73890.0,13.89215
2026-04-19 22:27:00,73890.01,73959.78,73890.01,73959.78,7.5426
2026-04-19 22:28:00,73959.78,74025.87,73959.78,73974.13,8.43444
2026-04-19 22:29:00,73974.13,74001.24,73943.56,73943.57,3.60262
2026-04-19 22:30:00,73943.57,73948.61,73920.0,73935.12,4.96596
2026-04-19 22:31:00,73935.12,74020.0,73932.85,74019.99,13.58284
2026-04-19 22:32:00,74020.0,74079.13,74020.0,74079.13,5.84396
2026-04-19 22:33:00,74079.13,74121.01,73994.66,74015.91,20.13712
2026-04-19 22:34:00,74015.91,74049.98,74003.19,74043.63,4.83598
2026-04-19 22:35:00,74043.63,74070.0,74034.38,74070.0,3.13583
2026-04-19 22:36:00,74069.99,74181.81,74069.99,74162.58,12.76656
2026-04-19 22:37:00,74162.58,74177.31,74074.13,74074.14,6.71162
2026-04-19 22:38:00,74074.13,74137.42,74074.13,74137.41,32.01843
2026-04-19 22:39:00,74137.41,74170.0,74090.0,74107.3,14.50265
2026-04-19 22:40:00,74107.3,74141.68,74098.36,74110.01,8.92147
2026-04-19 22:41:00,74110.0,74147.48,74110.0,74147.47,1.87229
2026-04-19 22:42:00,74147.48,74159.99,74138.0,74159.99,3.44375
2026-04-19 22:43:00,74160.0,74170.0,74110.0,74124.18,4.2935
2026-04-19 22:44:00,74124.17,74146.63,74114.4,74140.59,1.10706
2026-04-19 22:45:00,74140.59,74165.91,74114.03,74114.03,3.92544
2026-04-19 22:46:00,74114.04,74114.04,74067.99,74078.35,3.29179
2026-04-19 22:47:00,74078.35,74106.12,74066.27,74066.27,4.30898
2026-04-19 22:48:00,74066.28,74104.09,74040.0,74050.66,10.17669
2026-04-19 22:49:00,74050.67,74069.72,74028.88,74048.36,17.54749
2026-04-19 22:50:00,74048.36,74100.0,74048.36,74095.18,5.20176
2026-04-19 22:51:00,74095.19,74169.99,74091.16,74169.99,8.4925
2026-04-19 22:52:00,74170.0,74180.0,74138.13,74160.14,13.54964
2026-04-19 22:53:00,74160.14,74160.15,74120.0,74120.0,6.35663
2026-04-19 22:54:00,74120.0,74139.08,74100.0,74136.92,2.95229
2026-04-19 22:55:00,74136.91,74196.98,74129.91,74165.16,4.72284
2026-04-19 22:56:00,74165.16,74165.16,74130.01,74140.01,3.13148
2026-04-19 22:57:00,74140.0,74151.22,74080.0,74099.08,5.49444
2026-04-19 22:58:00,74099.08,74121.83,74099.08,74121.83,1.81561
2026-04-19 22:59:00,74121.82,74121.82,74047.33,74047.34,3.03221
2026-04-19 23:00:00,74047.34,74054.22,73945.36,73963.31,50.31911
2026-04-19 23:01:00,73963.31,73970.73,73880.0,73907.21,10.02417
2026-04-19 23:02:00,73907.21,73930.0,73840.53,73840.54,12.91884
2026-04-19 23:03:00,73840.54,73890.8,73822.13,73886.03,14.31741
2026-04-19 23:04:00,73886.03,73930.0,73871.37,73922.6,11.80789
2026-04-19 23:05:00,73922.59,73969.19,73910.0,73922.0,6.69886
2026-04-19 23:06:00,73921.99,73936.02,73913.09,73920.94,2.2311
2026-04-19 23:07:00,73920.94,73920.95,73859.57,73873.9,9.25028
2026-04-19 23:08:00,73873.9,73966.31,73873.9,73956.57,19.02207
2026-04-19 23:09:00,73956.57,73970.0,73928.01,73951.8,3.10592
2026-04-19 23:10:00,73951.8,73970.0,73922.0,73928.43,3.49446
2026-04-19 23:11:00,73928.43,73969.99,73921.58,73963.12,5.85349
2026-04-19 23:12:00,73963.12,73980.0,73940.59,73946.64,1.86574
2026-04-19 23:13:00,73946.64,73985.01,73932.07,73985.01,2.80484
2026-04-19 23:14:00,73985.01,74030.0,73985.0,74026.01,17.5783
2026-04-19 23:15:00,74026.01,74026.01,73859.92,73869.4,22.63147
2026-04-19 23:16:00,73869.4,73876.5,73829.11,73834.52,6.5758
2026-04-19 23:17:00,73834.51,73880.66,73790.0,73880.65,16.44443
2026-04-19 23:18:00,73880.66,73934.32,73880.65,73934.32,7.12882
2026-04-19 23:19:00,73934.32,73959.48,73908.24,73930.38,4.56371
2026-04-19 23:20:00,73930.39,73947.24,73882.09,73896.76,3.82157
2026-04-19 23:21:00,73896.87,73896.88,73850.0,73850.0,3.03304
2026-04-19 23:22:00,73850.01,73850.01,73800.0,73844.32,5.16716
2026-04-19 23:23:00,73844.32,73926.43,73844.32,73895.81,9.48417
2026-04-19 23:24:00,73895.81,73903.2,73859.92,73863.61,4.73831
2026-04-19 23:25:00,73863.61,73884.64,73859.93,73884.63,1.4617
2026-04-19 23:26:00,73884.64,73940.2,73884.64,73917.9,6.98326
2026-04-19 23:27:00,73917.91,73917.91,73894.5,73907.33,1.90705
2026-04-19 23:28:00,73907.33,73920.6,73893.23,73915.38,7.38837
2026-04-19 23:29:00,73915.37,73915.38,73854.0,73882.07,3.78893
2026-04-19 23:30:00,73882.07,73952.31,73882.07,73926.44,8.34095
2026-04-19 23:31:00,73926.44,73926.44,73827.88,73831.0,4.66108
2026-04-19 23:32:00,73831.0,73879.5,73814.5,73860.79,11.06109
2026-04-19 23:33:00,73860.79,73900.0,73850.3,73871.78,4.31757
2026-04-19 23:34:00,73871.78,73871.78,73818.21,73863.52,4.39343
2026-04-19 23:35:00,73863.52,73873.38,73819.08,73864.29,5.5377
2026-04-19 23:36:00,73864.3,73932.75,73864.29,73932.75,4.7106
2026-04-19 23:37:00,73932.76,73955.99,73917.64,73946.08,3.10541
2026-04-19 23:38:00,73946.08,73946.08,73843.54,73843.54,4.88389
2026-04-19 23:39:00,73843.54,73887.14,73843.54,73871.03,5.48004
2026-04-19 23:40:00,73871.04,73894.81,73823.69,73854.77,5.97743
2026-04-19 23:41:00,73854.77,73862.94,73841.31,73856.71,2.22149
2026-04-19 23:42:00,73856.71,73870.99,73853.03,73870.99,0.89515
2026-04-19 23:43:00,73872.0,73886.0,73828.18,73856.0,7.36822
2026-04-19 23:44:00,73856.01,73897.51,73856.01,73888.92,8.73105
2026-04-19 23:45:00,73888.93,73888.93,73839.7,73839.7,4.72992
2026-04-19 23:46:00,73839.71,73870.05,73839.71,73870.05,1.99121
2026-04-19 23:47:00,73870.05,73881.94,73850.72,73881.94,3.01886
2026-04-19 23:48:00,73881.94,73919.38,73881.93,73919.38,1.48339
2026-04-19 23:49:00,73919.38,73931.03,73910.0,73916.01,1.82514
2026-04-19 23:50:00,73916.01,73956.0,73901.69,73948.0,7.51672
2026-04-19 23:51:00,73948.0,73962.62,73931.0,73931.0,4.59059
2026-04-19 23:52:00,73931.0,73972.96,73931.0,73972.96,6.45548
2026-04-19 23:53:00,73972.95,73977.41,73897.69,73897.69,4.72023
2026-04-19 23:54:00,73897.36,73919.05,73885.28,73919.04,2.53092
2026-04-19 23:55:00,73919.05,73919.05,73879.6,73879.61,2.0152
2026-04-19 23:56:00,73879.6,73879.6,73837.77,73843.24,4.77103
2026-04-19 23:57:00,73843.25,73859.92,73831.16,73834.0,4.27603
2026-04-19 23:58:00,73834.0,73850.72,73832.06,73832.07,1.99292
2026-04-19 23:59:00,73832.07,73832.07,73795.0,73801.79,5.62832
2026-04-20 00:00:00,73801.8,73832.07,73724.31,73830.8,38.11564
2026-04-20 00:01:00,73830.8,73830.8,73749.2,73815.59,17.89615
2026-04-20 00:02:00,73815.6,73890.16,73811.94,73890.15,12.31282
2026-04-20 00:03:00,73890.16,73966.2,73882.44,73966.2,6.41622
2026-04-20 00:04:00,73966.2,74187.79,73966.2,74069.97,56.73159
2026-04-20 00:05:00,74069.97,74091.15,73879.82,73957.8,66.90376
2026-04-20 00:06:00,73957.8,74075.28,73957.79,74075.27,19.24554
2026-04-20 00:07:00,74075.27,74075.27,73987.52,74009.24,8.78467
2026-04-20 00:08:00,74009.24,74049.82,74009.24,74034.08,3.1589
2026-04-20 00:09:00,74034.07,74115.74,74026.0,74071.14,23.01929
2026-04-20 00:10:00,74071.14,74077.96,74040.42,74040.42,11.48464
2026-04-20 00:11:00,74040.43,74118.91,74040.43,74109.12,3.63301
2026-04-20 00:12:00,74109.11,74133.34,74093.1,74093.11,6.61753
2026-04-20 00:13:00,74093.11,74100.02,74059.94,74073.1,4.92509
2026-04-20 00:14:00,74073.1,74094.0,74044.28,74044.28,25.82383
2026-04-20 00:15:00,74044.29,74178.98,74044.28,74175.64,35.09763
2026-04-20 00:16:00,74175.64,74185.69,74148.58,74156.49,5.22633
2026-04-20 00:17:00,74156.49,74187.23,74120.01,74134.06,15.43489
2026-04-20 00:18:00,74134.07,74174.0,74134.07,74164.99,4.22171
2026-04-20 00:19:00,74164.99,74173.96,74135.18,74135.19,7.40795
2026-04-20 00:20:00,74135.18,74146.13,74126.34,74128.03,5.55019
2026-04-20 00:21:00,74128.03,74183.87,74122.01,74181.33,6.28742
2026-04-20 00:22:00,74181.33,74201.58,74168.0,74174.12,3.99522
2026-04-20 00:23:00,74174.12,74242.0,74174.11,74223.65,8.3909
2026-04-20 00:24:00,74223.65,74248.0,74217.8,74248.0,10.57503
2026-04-20 00:25:00,74248.0,74267.19,74218.23,74257.33,8.25998
2026-04-20 00:26:00,74257.33,74280.0,74212.47,74212.7,19.37229
2026-04-20 00:27:00,74212.7,74235.69,74201.57,74213.48,22.77428
2026-04-20 00:28:00,74213.49,74257.19,74213.49,74257.19,8.22032
2026-04-20 00:29:00,74257.18,74257.18,74228.92,74228.92,5.51824
2026-04-20 00:30:00,74228.92,74228.93,74191.68,74197.67,11.94954
2026-04-20 00:31:00,74197.67,74268.0,74188.88,74268.0,10.74055
2026-04-20 00:32:00,74268.15,74274.25,74245.14,74245.19,3.94532
2026-04-20 00:33:00,74245.19,74269.19,74245.18,74255.71,8.62759
2026-04-20 00:34:00,74255.71,74255.71,74216.0,74217.81,33.0956
2026-04-20 00:35:00,74217.81,74229.7,74217.8,74222.7,39.23842
2026-04-20 00:36:00,74222.71,74222.71,74179.69,74181.75,12.63691
2026-04-20 00:37:00,74181.75,74181.75,74150.0,74150.01,7.93058
2026-04-20 00:38:00,74150.01,74178.13,74150.0,74178.13,6.47212
2026-04-20 00:39:00,74178.13,74178.13,74150.0,74155.88,3.03178
2026-04-20 00:40:00,74155.88,74210.71,74155.87,74201.57,15.01971
2026-04-20 00:41:00,74201.58,74201.58,74183.3,74183.61,2.81456
2026-04-20 00:42:00,74183.6,74211.44,74183.6,74184.14,5.86252
2026-04-20 00:43:00,74184.14,74184.14,74171.85,74171.85,2.81644
2026-04-20 00:44:00,74171.86,74191.21,74171.85,74184.58,7.41253
2026-04-20 00:45:00,74184.58,74194.94,74171.86,74172.2,6.91792
2026-04-20 00:46:00,74172.21,74223.78,74172.2,74223.78,5.60546
2026-04-20 00:47:00,74223.78,74230.68,74216.34,74216.34,9.31342
2026-04-20 00:48:00,74216.35,74226.9,74201.57,74225.89,7.16425
2026-04-20 00:49:00,74225.89,74264.29,74225.88,74240.51,10.22971
2026-04-20 00:50:00,74240.52,74310.8,74240.52,74310.79,6.97872
2026-04-20 00:51:00,74310.8,74338.0,74307.69,74338.0,20.22872
2026-04-20 00:52:00,74338.0,74338.0,74310.8,74322.64,4.33364
2026-04-20 00:53:00,74322.65,74360.43,74322.64,74350.34,13.05811
2026-04-20 00:54:00,74350.33,74350.33,74300.0,74305.96,9.31938
2026-04-20 00:55:00,74305.97,74315.2,74280.88,74281.76,9.34112
2026-04-20 00:56:00,74281.75,74287.96,74280.64,74285.99,5.13836
2026-04-20 00:57:00,74285.99,74332.29,74285.99,74332.29,2.80334
2026-04-20 00:58:00,74332.29,74338.74,74316.73,74330.0,5.8747
2026-04-20 00:59:00,74330.0,74341.94,74280.0,74280.01,28.6316
2026-04-20 01:00:00,74280.01,74339.7,74260.0,74326.77,24.95252
2026-04-20 01:01:00,74326.78,74356.45,74314.06,74356.45,6.16351
2026-04-20 01:02:00,74356.46,74363.5,74320.78,74343.07,3.95156
2026-04-20 01:03:00,74343.08,74343.08,74313.99,74341.06,3.77649
2026-04-20 01:04:00,74341.06,74341.07,74274.97,74286.35,129.21969
2026-04-20 01:05:00,74286.35,74319.08,74274.0,74301.1,13.66892
2026-04-20 01:06:00,74300.88,74300.89,74214.67,74231.03,23.70135
2026-04-20 01:07:00,74231.03,74297.29,74231.02,74290.18,5.72217
2026-04-20 01:08:00,74290.17,74354.0,74286.55,74343.34,4.38811
2026-04-20 01:09:00,74343.34,74354.23,74280.03,74280.04,4.69022
2026-04-20 01:10:00,74280.04,74316.76,74259.91,74304.99,2.60857
2026-04-20 01:11:00,74304.98,74304.99,74291.03,74291.03,2.91194
2026-04-20 01:12:00,74291.03,74323.91,74283.41,74323.91,1.66743
2026-04-20 01:13:00,74323.9,74329.74,74318.0,74329.72,6.32896
2026-04-20 01:14:00,74329.73,74360.0,74329.72,74360.0,7.4798
2026-04-20 01:15:00,74360.0,74360.0,74329.73,74335.96,10.53927
2026-04-20 01:16:00,74335.96,74335.96,74329.72,74329.72,3.01718
2026-04-20 01:17:00,74329.72,74331.62,74303.12,74303.13,8.60362
2026-04-20 01:18:00,74303.12,74306.94,74275.6,74306.93,5.39744
2026-04-20 01:19:00,74306.93,74329.04,74275.35,74291.72,7.3895
2026-04-20 01:20:00,74291.72,74291.72,74258.01,74258.01,4.31205
2026-04-20 01:21:00,74258.01,74258.01,74217.26,74243.39,8.0828
2026-04-20 01:22:00,74243.39,74257.04,74240.8,74257.03,5.64533
2026-04-20 01:23:00,74257.03,74257.03,74244.39,74244.4,1.0609
2026-04-20 01:24:00,74244.4,74244.4,74231.64,74238.18,2.06479
2026-04-20 01:25:00,74238.18,74254.27,74238.18,74254.26,2.57437
2026-04-20 01:26:00,74254.27,74281.79,74254.26,74281.78,6.28355
2026-04-20 01:27:00,74281.79,74302.01,74277.32,74301.77,6.12315
2026-04-20 01:28:00,74301.76,74301.77,74286.17,74290.19,1.39806
2026-04-20 01:29:00,74290.2,74301.59,74290.2,74298.03,1.3219
2026-04-20 01:30:00,74298.03,74400.0,74298.02,74400.0,4.39813
2026-04-20 01:31:00,74400.0,74475.68,74399.99,74460.0,21.56707
2026-04-20 01:32:00,74460.0,74631.84,74451.78,74582.74,180.18762
2026-04-20 01:33:00,74582.74,74582.74,74494.5,74506.0,8.78826
2026-04-20 01:34:00,74505.99,74604.0,74486.04,74604.0,4.71018
2026-04-20 01:35:00,74604.0,74605.0,74571.08,74574.37,5.60945
2026-04-20 01:36:00,74574.36,74585.54,74550.0,74564.92,4.1271
2026-04-20 01:37:00,74564.92,74609.36,74553.55,74600.02,8.44755
2026-04-20 01:38:00,74600.02,74642.05,74600.0,74625.72,9.65765
2026-04-20 01:39:00,74625.73,74657.18,74604.9,74604.91,7.57569
2026-04-20 01:40:00,74604.91,74639.64,74586.0,74616.99,8.24862
2026-04-20 01:41:00,74617.0,74666.66,74609.58,74657.29,4.51356
2026-04-20 01:42:00,74657.28,74675.2,74648.05,74650.99,6.69004
2026-04-20 01:43:00,74650.99,74651.0,74634.5,74634.51,3.58982
2026-04-20 01:44:00,74634.5,74706.0,74634.5,74681.18,9.14522
2026-04-20 01:45:00,74681.19,74688.03,74674.5,74688.03,3.68525
2026-04-20 01:46:00,74688.03,74746.93,74688.02,74724.21,13.76415
2026-04-20 01:47:00,74724.0,74724.01,74675.3,74675.31,7.65566
2026-04-20 01:48:00,74675.3,74712.08,74673.08,74699.98,7.03189
2026-04-20 01:49:00,74699.98,74734.78,74699.97,74728.36,2.31818
2026-04-20 01:50:00,74728.35,74728.36,74667.78,74669.51,2.1854
2026-04-20 01:51:00,74669.51,74689.75,74669.5,74682.15,6.9283
2026-04-20 01:52:00,74682.15,74711.05,74682.14,74711.05,1.53762
2026-04-20 01:53:00,74711.05,74721.39,74685.53,74701.31,8.53409
2026-04-20 01:54:00,74701.31,74714.11,74693.0,74693.2,6.57742
2026-04-20 01:55:00,74693.2,74693.2,74635.09,74638.85,6.3967
2026-04-20 01:56:00,74638.85,74640.0,74614.81,74614.83,3.94767
2026-04-20 01:57:00,74614.82,74614.82,74560.0,74576.0,9.29006
2026-04-20 01:58:00,74576.0,74593.32,74575.99,74593.31,2.24223
2026-04-20 01:59:00,74593.32,74598.53,74588.09,74595.13,5.21443
2026-04-20 02:00:00,74595.12,74627.99,74595.12,74596.33,3.16096
2026-04-20 02:01:00,74596.33,74596.34,74509.24,74532.42,9.47766
2026-04-20 02:02:00,74532.42,74542.8,74500.0,74542.8,8.28227
2026-04-20 02:03:00,74542.79,74571.86,74507.54,74528.74,14.11122
2026-04-20 02:04:00,74528.73,74528.74,74498.64,74498.64,6.16067
2026-04-20 02:05:00,74498.64,74499.0,74498.64,74498.99,1.34595
2026-04-20 02:06:00,74499.0,74499.0,74472.13,74481.81,4.63179
2026-04-20 02:07:00,74481.81,74500.0,74477.49,74500.0,3.23204
2026-04-20 02:08:00,74500.0,74555.94,74499.99,74555.94,5.84261
2026-04-20 02:09:00,74555.93,74558.92,74549.94,74549.94,4.32636
2026-04-20 02:10:00,74549.94,74550.0,74527.94,74527.94,2.18661
2026-04-20 02:11:00,74527.94,74527.95,74500.0,74500.0,1.61355
2026-04-20 02:12:00,74500.0,74500.01,74441.18,74441.18,4.11033
2026-04-20 02:13:00,74441.19,74441.19,74385.56,74385.57,6.70225
2026-04-20 02:14:00,74385.56,74393.71,74344.72,74393.71,6.21121
2026-04-20 02:15:00,74393.71,74393.71,74304.84,74386.18,7.4585
2026-04-20 02:16:00,74386.19,74426.8,74386.18,74426.79,5.93998
2026-04-20 02:17:00,74426.8,74443.32,74426.8,74443.32,2.83223
2026-04-20 02:18:00,74443.32,74472.0,74439.87,74439.88,5.9443
2026-04-20 02:19:00,74439.87,74439.88,74372.0,74372.01,39.36898
2026-04-20 02:20:00,74372.0,74413.36,74372.0,74404.79,40.49961
2026-04-20 02:21:00,74404.79,74404.8,74358.39,74364.82,7.42261
2026-04-20 02:22:00,74364.81,74393.71,74364.81,74366.49,3.23211
2026-04-20 02:23:00,74366.5,74418.11,74366.49,74418.11,3.76645
2026-04-20 02:24:00,74418.12,74451.77,74418.11,74446.08,7.38458
2026-04-20 02:25:00,74446.09,74446.09,74425.23,74425.24,1.37212
2026-04-20 02:26:00,74425.24,74425.24,74400.0,74407.43,6.87499
2026-04-20 02:27:00,74407.43,74459.18,74407.42,74459.17,8.65537
2026-04-20 02:28:00,74459.17,74472.0,74443.12,74471.99,3.76033
2026-04-20 02:29:00,74471.99,74472.0,74451.55,74451.55,3.04041
2026-04-20 02:30:00,74451.55,74491.1,74451.55,74462.9,6.26622
2026-04-20 02:31:00,74462.91,74462.91,74429.72,74441.6,7.15578
2026-04-20 02:32:00,74441.6,74446.58,74433.3,74438.07,6.91502
2026-04-20 02:33:00,74438.06,74446.56,74402.16,74446.56,7.87528
2026-04-20 02:34:00,74446.55,74489.24,74431.32,74485.99,36.75933
2026-04-20 02:35:00,74485.98,74485.99,74459.92,74463.99,31.51271
2026-04-20 02:36:00,74463.99,74510.8,74463.99,74510.79,3.87859
2026-04-20 02:37:00,74510.79,74513.34,74500.24,74500.24,4.78225
2026-04-20 02:38:00,74500.25,74500.25,74478.18,74486.0,2.75267
2026-04-20 02:39:00,74485.99,74504.01,74470.22,74504.0,21.80067
2026-04-20 02:40:00,74504.01,74504.01,74473.63,74498.52,21.15729
2026-04-20 02:41:00,74498.52,74505.19,74474.11,74474.12,5.63962
2026-04-20 02:42:00,74474.11,74474.11,74431.32,74453.21,3.5637
2026-04-20 02:43:00,74453.21,74469.51,74438.37,74438.38,2.6739
2026-04-20 02:44:00,74438.38,74517.01,74438.37,74517.01,61.87355
2026-04-20 02:45:00,74517.0,74517.01,74484.31,74485.51,59.69266
2026-04-20 02:46:00,74485.5,74485.5,74457.52,74457.52,2.16786
2026-04-20 02:47:00,74457.53,74457.53,74438.37,74438.38,2.40165
2026-04-20 02:48:00,74438.38,74470.01,74433.97,74470.0,3.14178
2026-04-20 02:49:00,74470.01,74506.54,74470.0,74487.99,7.24956
2026-04-20 02:50:00,74487.99,74492.23,74457.52,74469.95,24.43051
2026-04-20 02:51:00,74469.94,74481.32,74469.94,74475.45,1.78855
2026-04-20 02:52:00,74475.46,74475.46,74457.52,74457.53,1.81471
2026-04-20 02:53:00,74457.53,74457.53,74450.0,74450.0,2.41786
2026-04-20 02:54:00,74450.01,74499.55,74450.0,74498.0,73.11604
2026-04-20 02:55:00,74498.0,74498.0,74462.08,74471.55,89.38095
2026-04-20 02:56:00,74471.54,74471.55,74431.32,74431.33,4.10215
2026-04-20 02:57:00,74431.33,74447.19,74431.32,74447.18,2.47372
2026-04-20 02:58:00,74447.19,74473.54,74413.05,74413.05,8.86168
2026-04-20 02:59:00,74413.06,74417.38,74410.0,74410.01,3.09545
2026-04-20 03:00:00,74410.01,74430.44,74403.99,74414.34,4.23912
2026-04-20 03:01:00,74414.34,74414.34,74374.79,74374.79,3.90789
2026-04-20 03:02:00,74374.79,74411.34,74359.04,74411.33,3.32317
2026-04-20 03:03:00,74411.34,74418.25,74403.9,74403.9,1.24059
2026-04-20 03:04:00,74403.91,74403.91,74376.19,74376.19,1.72929
2026-04-20 03:05:00,74376.2,74376.2,74376.18,74376.18,1.76039
2026-04-20 03:06:00,74376.18,74388.0,74376.18,74382.0,1.18642
2026-04-20 03:07:00,74382.0,74400.92,74364.66,74371.41,3.0135
2026-04-20 03:08:00,74371.41,74375.1,74371.4,74375.09,2.22019
2026-04-20 03:09:00,74375.1,74411.31,74375.1,74401.87,1.98214
2026-04-20 03:10:00,74401.87,74422.5,74401.52,74422.5,2.27973
2026-04-20 03:11:00,74422.49,74431.71,74410.54,74419.37,2.19263
2026-04-20 03:12:00,74419.36,74475.45,74419.36,74475.44,8.3478
2026-04-20 03:13:00,74475.44,74475.45,74457.52,74466.92,7.45816
2026-04-20 03:14:00,74466.92,74505.07,74466.91,74495.52,9.38311
2026-04-20 03:15:00,74495.52,74514.0,74466.0,74466.0,8.08904
2026-04-20 03:16:00,74466.01,74470.54,74424.69,74428.7,5.47418
2026-04-20 03:17:00,74428.7,74431.8,74394.55,74394.56,3.01745
2026-04-20 03:18:00,74394.56,74408.06,74394.55,74408.06,5.09852
2026-04-20 03:19:00,74408.05,74425.16,74408.05,74425.15,2.82477
2026-04-20 03:20:00,74425.15,74533.67,74405.45,74533.66,37.94609
2026-04-20 03:21:00,74533.67,74593.67,74503.0,74503.01,26.26776
2026-04-20 03:22:00,74503.01,74503.01,74492.7,74492.71,2.25671
2026-04-20 03:23:00,74492.71,74492.71,74469.51,74484.85,3.6078
2026-04-20 03:24:00,74484.85,74507.62,74484.84,74507.61,3.92368
2026-04-20 03:25:00,74507.61,74526.98,74507.61,74526.98,1.93549
2026-04-20 03:26:00,74526.98,74526.98,74512.74,74512.74,1.79924
2026-04-20 03:27:00,74512.75,74530.32,74500.54,74530.31,6.12556
2026-04-20 03:28:00,74530.31,74535.95,74523.44,74535.94,0.96382
2026-04-20 03:29:00,74535.95,74535.95,74505.2,74505.21,1.69094
2026-04-20 03:30:00,74505.2,74513.69,74500.35,74513.69,3.17777
2026-04-20 03:31:00,74513.69,74513.69,74480.72,74480.72,2.41691
2026-04-20 03:32:00,74480.73,74484.0,74457.52,74476.96,5.54485
2026-04-20 03:33:00,74476.96,74512.93,74476.95,74512.92,3.87984
2026-04-20 03:34:00,74512.92,74526.4,74510.41,74522.77,3.79796
2026-04-20 03:35:00,74522.77,74522.77,74495.99,74495.99,2.43762
2026-04-20 03:36:00,74496.0,74496.0,74485.26,74495.99,1.7589
2026-04-20 03:37:00,74495.99,74505.0,74495.99,74500.09,1.1787
2026-04-20 03:38:00,74500.08,74505.0,74492.85,74500.01,5.09209
2026-04-20 03:39:00,74500.01,74527.75,74500.01,74527.74,6.61309
2026-04-20 03:40:00,74527.74,74527.74,74518.65,74518.66,1.70328
2026-04-20 03:41:00,74518.65,74537.42,74518.65,74537.41,2.1329
2026-04-20 03:42:00,74537.42,74571.38,74537.42,74558.64,3.60469
2026-04-20 03:43:00,74558.63,74575.65,74558.63,74575.65,2.20017
2026-04-20 03:44:00,74575.65,74575.65,74575.64,74575.64,1.02144
2026-04-20 03:45:00,74575.65,74596.69,74558.63,74596.68,7.65159
2026-04-20 03:46:00,74596.68,74598.18,74575.8,74594.84,4.06899
2026-04-20 03:47:00,74594.84,74594.85,74560.0,74562.86,2.90498
2026-04-20 03:48:00,74562.86,74600.0,74562.85,74600.0,2.99015
2026-04-20 03:49:00,74600.0,74600.0,74570.91,74595.12,4.89452
2026-04-20 03:50:00,74595.12,74609.98,74581.66,74581.66,5.34942
2026-04-20 03:51:00,74581.67,74586.41,74552.36,74556.0,8.90356
2026-04-20 03:52:00,74556.0,74563.48,74543.77,74563.47,8.69683
2026-04-20 03:53:00,74563.47,74584.1,74563.47,74576.68,1.45417
2026-04-20 03:54:00,74576.68,74636.29,74576.67,74636.29,6.02167
2026-04-20 03:55:00,74636.29,74636.29,74607.44,74626.25,1.89061
2026-04-20 03:56:00,74626.24,74629.66,74606.99,74622.9,4.06675
2026-04-20 03:57:00,74622.91,74640.65,74619.79,74640.64,1.62763
2026-04-20 03:58:00,74640.64,74640.65,74633.55,74639.57,5.93178
2026-04-20 03:59:00,74639.57,74639.58,74634.0,74634.0,2.90506
2026-04-20 04:00:00,74634.01,74637.43,74615.76,74615.76,5.03671
2026-04-20 04:01:00,74615.76,74615.77,74590.73,74614.42,11.86427
2026-04-20 04:02:00,74614.42,74632.93,74594.93,74594.94,3.73499
2026-04-20 04:03:00,74594.94,74624.4,74590.01,74624.4,9.5302
2026-04-20 04:04:00,74624.39,74624.4,74556.62,74556.62,6.76854
2026-04-20 04:05:00,74556.62,74556.63,74509.01,74525.14,10.60925
2026-04-20 04:06:00,74525.14,74555.98,74525.14,74550.23,7.56737
2026-04-20 04:07:00,74550.22,74550.22,74535.31,74544.04,6.62897
2026-04-20 04:08:00,74544.04,74569.1,74544.04,74560.79,4.63805
2026-04-20 04:09:00,74560.8,74563.01,74532.82,74532.82,2.2305
2026-04-20 04:10:00,74532.83,74543.58,74532.82,74538.93,2.11674
2026-04-20 04:11:00,74538.93,74538.93,74515.25,74515.25,4.14952
2026-04-20 04:12:00,74515.0,74538.84,74512.97,74538.83,9.02488
2026-04-20 04:13:00,74538.84,74545.38,74534.56,74534.56,4.68179
2026-04-20 04:14:00,74534.57,74534.57,74506.78,74506.78,1.03918
2026-04-20 04:15:00,74506.78,74506.79,74478.67,74491.99,27.03173
2026-04-20 04:16:00,74491.99,74521.88,74491.99,74494.85,3.67763
2026-04-20 04:17:00,74494.85,74494.85,74484.74,74484.75,1.74622
2026-04-20 04:18:00,74484.74,74515.84,74483.81,74515.84,7.18658
2026-04-20 04:19:00,74515.83,74515.83,74466.56,74466.56,21.01678
2026-04-20 04:20:00,74466.57,74466.57,74457.52,74457.52,5.06066
2026-04-20 04:21:00,74457.52,74457.53,74435.19,74456.73,7.85693
2026-04-20 04:22:00,74456.73,74464.5,74456.72,74457.51,9.02706
2026-04-20 04:23:00,74457.51,74465.62,74455.21,74465.61,4.08831
2026-04-20 04:24:00,74465.61,74485.82,74457.52,74457.53,19.21212
2026-04-20 04:25:00,74457.53,74493.5,74457.52,74493.49,15.10519
2026-04-20 04:26:00,74493.49,74503.9,74493.49,74503.9,2.05103
2026-04-20 04:27:00,74503.9,74503.9,74492.45,74492.46,1.06689
2026-04-20 04:28:00,74492.45,74500.0,74492.45,74499.99,4.02444
2026-04-20 04:29:00,74499.99,74500.0,74499.99,74500.0,2.54225
2026-04-20 04:30:00,74499.99,74500.0,74481.42,74481.42,1.64668
2026-04-20 04:31:00,74481.43,74500.0,74481.42,74491.66,3.50783
2026-04-20 04:32:00,74491.67,74491.67,74468.43,74468.43,2.07032
2026-04-20 04:33:00,74468.43,74478.88,74468.43,74471.77,2.82133
2026-04-20 04:34:00,74471.76,74513.12,74471.76,74512.19,7.83471
2026-04-20 04:35:00,74512.2,74512.2,74470.18,74480.96,3.15342
2026-04-20 04:36:00,74480.96,74480.97,74473.75,74477.79,1.06502
2026-04-20 04:37:00,74477.79,74480.96,74477.79,74480.95,1.0195
2026-04-20 04:38:00,74480.96,74480.96,74469.62,74480.0,2.03919
2026-04-20 04:39:00,74479.99,74480.0,74479.99,74479.99,1.81841
2026-04-20 04:40:00,74479.99,74480.0,74474.0,74474.01,2.28855
2026-04-20 04:41:00,74474.0,74474.01,74450.0,74450.0,2.40721
2026-04-20 04:42:00,74449.85,74449.85,74446.66,74446.67,1.49549
2026-04-20 04:43:00,74446.67,74446.67,74437.31,74446.67,2.21358
2026-04-20 04:44:00,74446.66,74465.43,74446.66,74465.43,1.15208
2026-04-20 04:45:00,74465.43,74521.57,74465.42,74521.57,1.87305
2026-04-20 04:46:00,74521.56,74563.49,74521.56,74563.48,1.82431
2026-04-20 04:47:00,74563.48,74570.92,74562.85,74562.86,5.20628
2026-04-20 04:48:00,74562.85,74570.04,74542.77,74542.78,1.30821
2026-04-20 04:49:00,74542.78,74570.92,74533.58,74570.91,2.73235
2026-04-20 04:50:00,74570.91,74588.05,74556.21,74588.05,1.84645
2026-04-20 04:51:00,74588.04,74588.04,74556.95,74578.38,1.79069
2026-04-20 04:52:00,74578.38,74597.99,74570.91,74570.92,14.25592
2026-04-20 04:53:00,74570.92,74598.63,74570.91,74598.63,14.14485
2026-04-20 04:54:00,74598.63,74610.17,74579.6,74579.6,1.91142
2026-04-20 04:55:00,74579.61,74579.61,74546.53,74546.54,2.2277
2026-04-20 04:56:00,74546.53,74546.54,74546.53,74546.54,2.86093
2026-04-20 04:57:00,74546.54,74568.82,74546.53,74564.85,1.37196
2026-04-20 04:58:00,74564.85,74564.85,74564.0,74564.0,2.16342
2026-04-20 04:59:00,74564.01,74584.58,74564.0,74567.64,21.4023
2026-04-20 05:00:00,74567.63,74567.63,74525.12,74525.13,22.17503
2026-04-20 05:01:00,74525.12,74525.13,74500.99,74500.99,0.99544
2026-04-20 05:02:00,74500.99,74500.99,74489.64,74489.64,4.34657
2026-04-20 05:03:00,74489.64,74489.64,74443.8,74443.8,2.79714
2026-04-20 05:04:00,74443.81,74459.64,74443.8,74455.66,3.03056
2026-04-20 05:05:00,74455.67,74455.67,74434.81,74434.82,1.33769
2026-04-20 05:06:00,74434.81,74434.82,74350.0,74353.45,9.01865
2026-04-20 05:07:00,74353.45,74376.0,74319.53,74348.77,13.89792
2026-04-20 05:08:00,74348.76,74348.77,74328.54,74328.54,6.23568
2026-04-20 05:09:00,74328.54,74351.48,74320.62,74351.48,8.78684
2026-04-20 05:10:00,74351.47,74351.47,74260.03,74279.98,52.60056
2026-04-20 05:11:00,74279.98,74279.98,74260.03,74279.92,10.26876
2026-04-20 05:12:00,74279.91,74296.25,74260.75,74296.25,8.95067
2026-04-20 05:13:00,74296.24,74304.45,74296.24,74304.45,2.91411
2026-04-20 05:14:00,74304.44,74363.17,74289.25,74355.36,27.86269
2026-04-20 05:15:00,74355.36,74355.36,74281.07,74281.07,10.56474
2026-04-20 05:16:00,74281.08,74281.08,74264.61,74268.39,4.04192
2026-04-20 05:17:00,74268.4,74285.48,74268.39,74269.79,5.75868
2026-04-20 05:18:00,74269.8,74269.8,74257.15,74264.2,4.49389
2026-04-20 05:19:00,74264.21,74264.21,74217.43,74221.15,14.42857
2026-04-20 05:20:00,74221.15,74221.16,74193.09,74193.09,7.23179
2026-04-20 05:21:00,74193.09,74201.4,74181.64,74201.39,10.18274
2026-04-20 05:22:00,74201.4,74216.78,74201.39,74216.77,1.93185
2026-04-20 05:23:00,74216.78,74216.78,74178.67,74178.67,4.88866
2026-04-20 05:24:00,74178.68,74178.68,74150.0,74150.0,5.71278
2026-04-20 05:25:00,74150.0,74193.43,74128.47,74193.42,15.33856
2026-04-20 05:26:00,74193.43,74193.43,74140.21,74147.99,3.88884
2026-04-20 05:27:00,74148.0,74153.81,74141.97,74141.97,4.19652
2026-04-20 05:28:00,74141.97,74169.93,74136.93,74166.65,11.60003
2026-04-20 05:29:00,74166.66,74166.66,74139.55,74139.55,1.52498
2026-04-20 05:30:00,74139.55,74139.55,74110.0,74121.0,8.58713
2026-04-20 05:31:00,74121.01,74154.01,74109.71,74150.45,9.54715
2026-04-20 05:32:00,74150.45,74192.55,74150.45,74173.36,13.69959
2026-04-20 05:33:00,74173.36,74192.54,74167.61,74179.85,19.9706
2026-04-20 05:34:00,74179.85,74179.85,74141.58,74164.41,9.092
2026-04-20 05:35:00,74164.42,74170.85,74164.41,74170.85,12.92911
2026-04-20 05:36:00,74170.85,74221.41,74170.85,74221.4,32.49145
2026-04-20 05:37:00,74221.4,74221.41,74198.61,74198.61,7.09163
2026-04-20 05:38:00,74198.62,74198.62,74168.39,74168.39,4.65455
2026-04-20 05:39:00,74168.39,74168.39,74150.0,74156.94,6.98151
2026-04-20 05:40:00,74156.95,74170.51,74150.0,74170.36,7.94701
2026-04-20 05:41:00,74170.37,74185.88,74170.36,74181.79,12.99987
2026-04-20 05:42:00,74181.8,74211.76,74181.79,74211.75,11.25386
2026-04-20 05:43:00,74211.76,74211.76,74200.0,74200.0,3.10086
2026-04-20 05:44:00,74200.01,74200.01,74119.85,74119.85,7.53379
2026-04-20 05:45:00,74119.85,74163.9,74095.18,74163.89,14.34454
2026-04-20 05:46:00,74163.9,74178.74,74158.0,74158.0,4.97301
2026-04-20 05:47:00,74158.0,74192.31,74158.0,74192.3,5.01451
2026-04-20 05:48:00,74192.31,74212.44,74192.31,74212.43,9.50231
2026-04-20 05:49:00,74212.44,74218.63,74187.4,74208.38,5.19546
2026-04-20 05:50:00,74208.39,74240.79,74208.38,74240.78,5.32239
2026-04-20 05:51:00,74240.79,74240.79,74220.24,74225.59,6.10774
2026-04-20 05:52:00,74225.59,74225.6,74220.24,74220.24,1.1971
2026-04-20 05:53:00,74220.24,74235.23,74220.24,74235.22,4.77158
2026-04-20 05:54:00,74235.23,74297.21,74235.22,74297.2,9.43459
2026-04-20 05:55:00,74297.2,74297.21,74294.18,74297.2,2.21784
2026-04-20 05:56:00,74297.2,74297.21,74286.91,74286.91,3.07634
2026-04-20 05:57:00,74286.92,74286.92,74259.91,74259.91,5.49587
2026-04-20 05:58:00,74259.91,74264.0,74259.91,74263.99,2.61913
2026-04-20 05:59:00,74263.99,74274.2,74263.99,74264.15,1.58419
2026-04-20 06:00:00,74264.16,74290.0,74263.91,74263.91,2.57612
2026-04-20 06:01:00,74263.91,74297.21,74263.91,74297.2,3.46673
2026-04-20 06:02:00,74297.2,74320.79,74277.81,74307.65,2.90359
2026-04-20 06:03:00,74307.65,74426.04,74307.65,74415.68,13.08669
2026-04-20 06:04:00,74415.68,74432.16,74382.43,74382.43,16.0055
2026-04-20 06:05:00,74382.44,74401.95,74377.4,74393.92,3.1862
2026-04-20 06:06:00,74393.92,74393.93,74356.03,74356.03,1.81176
2026-04-20 06:07:00,74356.03,74371.07,74356.03,74366.64,2.08005
2026-04-20 06:08:00,74366.65,74366.65,74359.58,74361.55,2.0353
2026-04-20 06:09:00,74361.56,74366.64,74350.67,74366.63,2.16665
2026-04-20 06:10:00,74366.63,74366.64,74350.31,74350.31,2.45259
2026-04-20 06:11:00,74350.32,74350.32,74274.8,74282.24,3.02685
2026-04-20 06:12:00,74282.24,74302.87,74282.23,74302.86,1.50456
2026-04-20 06:13:00,74302.87,74317.62,74299.09,74316.41,3.04569
2026-04-20 06:14:00,74316.41,74316.42,74288.94,74297.54,3.14181
2026-04-20 06:15:00,74297.53,74297.54,74250.0,74278.3,6.52008
2026-04-20 06:16:00,74278.31,74295.81,74269.03,74295.81,2.72793
2026-04-20 06:17:00,74295.81,74329.39,74291.47,74329.39,3.92677
2026-04-20 06:18:00,74329.39,74370.88,74329.39,74370.88,3.4074
2026-04-20 06:19:00,74370.88,74400.91,74353.44,74400.91,3.61926
2026-04-20 06:20:00,74400.91,74401.32,74396.41,74396.41,1.53936
2026-04-20 06:21:00,74396.4,74396.41,74349.09,74350.8,9.31036
2026-04-20 06:22:00,74350.8,74350.8,74335.28,74335.29,2.13564
2026-04-20 06:23:00,74335.29,74356.0,74335.29,74340.06,1.5432
2026-04-20 06:24:00,74340.06,74353.21,74340.06,74353.2,3.10132
2026-04-20 06:25:00,74353.2,74361.71,74318.0,74361.71,4.05248
2026-04-20 06:26:00,74361.7,74361.71,74354.36,74358.35,2.63813
2026-04-20 06:27:00,74358.34,74382.4,74358.34,74378.55,3.21649
2026-04-20 06:28:00,74378.54,74382.4,74378.54,74382.4,1.557
2026-04-20 06:29:00,74382.39,74382.4,74344.13,74344.14,7.04371
2026-04-20 06:30:00,74344.14,74430.11,74344.14,74416.17,10.14487
2026-04-20 06:31:00,74416.16,74455.67,74416.16,74439.34,10.49439
2026-04-20 06:32:00,74439.35,74455.67,74434.57,74455.66,10.65267
2026-04-20 06:33:00,74455.67,74515.29,74455.66,74488.0,21.78277
2026-04-20 06:34:00,74488.0,74513.01,74488.0,74513.01,9.33601
2026-04-20 06:35:00,74513.0,74548.54,74507.77,74548.2,9.66683
2026-04-20 06:36:00,74548.19,74550.0,74543.24,74543.24,4.97012
2026-04-20 06:37:00,74543.25,74543.25,74526.81,74526.82,1.43906
2026-04-20 06:38:00,74526.81,74526.82,74505.4,74520.2,6.26632
2026-04-20 06:39:00,74520.19,74574.96,74514.87,74574.96,6.25003
2026-04-20 06:40:00,74574.96,74728.18,74574.96,74709.67,38.80682
2026-04-20 06:41:00,74709.68,74894.11,74709.68,74778.7,37.37537
2026-04-20 06:42:00,74778.7,74846.51,74776.83,74791.25,6.62587
2026-04-20 06:43:00,74791.25,74799.54,74729.28,74738.0,10.09797
2026-04-20 06:44:00,74737.99,74781.3,74737.99,74781.29,6.00221
2026-04-20 06:45:00,74781.29,74781.3,74752.92,74752.92,5.04375
2026-04-20 06:46:00,74752.92,74752.92,74729.28,74737.19,3.24584
2026-04-20 06:47:00,74737.19,74796.58,74720.35,74796.58,14.22244
2026-04-20 06:48:00,74796.58,74821.62,74791.79,74802.0,10.31591
2026-04-20 06:49:00,74802.0,74802.0,74760.28,74760.28,4.33304
2026-04-20 06:50:00,74760.28,74760.29,74706.87,74706.88,4.21345
2026-04-20 06:51:00,74706.88,74713.7,74694.62,74694.62,1.46083
2026-04-20 06:52:00,74694.62,74710.0,74682.41,74699.77,10.13839
2026-04-20 06:53:00,74699.78,74727.07,74699.77,74718.03,4.79765
2026-04-20 06:54:00,74718.03,74745.87,74707.23,74707.23,8.62173
2026-04-20 06:55:00,74707.23,74707.24,74698.0,74700.26,6.48742
2026-04-20 06:56:00,74700.27,74788.68,74654.81,74750.25,23.72891
2026-04-20 06:57:00,74750.24,74814.0,74729.29,74802.39,12.30363
2026-04-20 06:58:00,74802.38,74802.38,74761.02,74770.07,4.01241
2026-04-20 06:59:00,74770.06,74803.54,74768.29,74786.59,19.63477
2026-04-20 07:00:00,74786.59,74863.21,74786.59,74849.32,16.58439
2026-04-20 07:01:00,74849.32,74859.27,74793.18,74819.81,5.58837
2026-04-20 07:02:00,74819.82,74854.0,74808.63,74839.58,3.24739
2026-04-20 07:03:00,74839.01,74863.94,74764.85,74764.86,10.36795
2026-04-20 07:04:00,74764.86,74774.14,74750.0,74767.6,3.17879
2026-04-20 07:05:00,74767.6,74767.61,74738.4,74750.0,8.96516
2026-04-20 07:06:00,74750.0,74750.0,74728.66,74736.35,8.34765
2026-04-20 07:07:00,74736.34,74736.34,74702.17,74702.18,3.92932
2026-04-20 07:08:00,74702.17,74776.82,74689.07,74757.02,8.95576
2026-04-20 07:09:00,74757.02,74771.56,74757.01,74757.4,2.45239
2026-04-20 07:10:00,74757.41,74783.24,74735.49,74783.24,13.80629
2026-04-20 07:11:00,74783.24,74783.24,74759.78,74770.1,4.09612
2026-04-20 07:12:00,74770.09,74811.48,74770.09,74811.48,3.41982
2026-04-20 07:13:00,74811.48,74837.84,74811.48,74812.83,3.81386
2026-04-20 07:14:00,74812.82,74812.83,74786.51,74802.0,6.39719
2026-04-20 07:15:00,74801.99,74801.99,74750.0,74750.01,3.65032
2026-04-20 07:16:00,74750.0,74753.24,74722.85,74753.24,5.19456
2026-04-20 07:17:00,74753.24,74816.72,74753.23,74816.71,7.80857
2026-04-20 07:18:00,74816.71,74818.57,74806.31,74813.34,4.76111
2026-04-20 07:19:00,74813.34,74913.04,74800.13,74911.91,16.76935
2026-04-20 07:20:00,74911.9,75058.33,74905.93,75029.89,52.25088
2026-04-20 07:21:00,75030.07,75363.31,75030.07,75235.61,131.07488
2026-04-20 07:22:00,75235.62,75319.8,75205.22,75257.78,25.98489
2026-04-20 07:23:00,75257.77,75555.03,75248.21,75459.63,105.27611
2026-04-20 07:24:00,75459.64,75572.0,75373.76,75380.21,81.6238
2026-04-20 07:25:00,75380.21,75410.5,75258.35,75265.82,42.50714
2026-04-20 07:26:00,75265.81,75265.82,75162.72,75167.8,35.96847
2026-04-20 07:27:00,75167.8,75260.92,75167.8,75216.75,30.40493
2026-04-20 07:28:00,75216.0,75217.06,75158.7,75158.71,5.72935
2026-04-20 07:29:00,75158.71,75211.03,75140.05,75211.03,11.60458
2026-04-20 07:30:00,75211.02,75246.77,75126.83,75139.33,26.84464
2026-04-20 07:31:00,75139.33,75139.34,74992.09,75037.51,28.25131
2026-04-20 07:32:00,75037.51,75150.0,75037.5,75150.0,25.59229
2026-04-20 07:33:00,75150.0,75150.0,75056.61,75083.2,13.09204
2026-04-20 07:34:00,75083.2,75120.22,75066.39,75069.74,26.53593
2026-04-20 07:35:00,75069.74,75069.74,75007.02,75022.01,16.47856
2026-04-20 07:36:00,75022.01,75022.01,74932.4,74937.53,23.5133
2026-04-20 07:37:00,74937.53,74942.0,74848.11,74912.46,23.46346
2026-04-20 07:38:00,74912.47,74950.0,74903.12,74938.81,25.28898
2026-04-20 07:39:00,74938.81,74950.01,74923.35,74936.0,25.29433
2026-04-20 07:40:00,74936.0,74950.01,74935.99,74949.99,5.6006
2026-04-20 07:41:00,74950.0,74952.05,74923.38,74939.1,10.48588
2026-04-20 07:42:00,74939.1,74949.99,74928.8,74943.77,6.84108
2026-04-20 07:43:00,74943.78,74968.84,74943.77,74959.33,5.81181
2026-04-20 07:44:00,74959.34,74973.72,74944.76,74947.53,9.99023
2026-04-20 07:45:00,74947.53,74950.79,74872.69,74950.79,9.40604
2026-04-20 07:46:00,74950.79,74978.69,74950.79,74978.69,10.58437
2026-04-20 07:47:00,74978.69,75018.68,74978.68,74997.96,11.53056
2026-04-20 07:48:00,74997.96,75016.44,74980.17,75005.83,6.50726
2026-04-20 07:49:00,75005.83,75005.83,74856.61,74856.62,13.34461
2026-04-20 07:50:00,74856.62,74856.62,74698.85,74762.47,52.4296
2026-04-20 07:51:00,74762.48,74845.07,74761.32,74837.2,37.94029
2026-04-20 07:52:00,74837.21,74852.2,74783.16,74792.11,12.07107
2026-04-20 07:53:00,74792.11,74792.11,74764.35,74765.86,12.16442
2026-04-20 07:54:00,74765.87,74765.87,74709.29,74709.3,10.09723
2026-04-20 07:55:00,74709.3,74752.88,74670.86,74733.46,18.27533
2026-04-20 07:56:00,74733.46,74785.26,74733.46,74781.11,7.00079
2026-04-20 07:57:00,74781.11,74795.83,74781.1,74789.08,12.21104
2026-04-20 07:58:00,74789.09,74797.7,74768.51,74768.52,9.35959
2026-04-20 07:59:00,74768.52,74837.18,74768.52,74837.17,15.97879
2026-04-20 08:00:00,74837.18,74850.0,74789.09,74798.94,12.78104
2026-04-20 08:01:00,74798.94,74813.68,74750.0,74751.44,9.06817
2026-04-20 08:02:00,74751.44,74758.73,74664.13,74694.0,18.15004
2026-04-20 08:03:00,74693.99,74716.66,74686.52,74708.88,5.05955
2026-04-20 08:04:00,74708.88,74732.09,74684.3,74684.3,3.25665
2026-04-20 08:05:00,74684.3,74719.54,74663.36,74706.11,7.14655
2026-04-20 08:06:00,74706.1,74710.42,74676.83,74710.42,6.93605
2026-04-20 08:07:00,74710.43,74749.29,74698.12,74698.12,7.97319
2026-04-20 08:08:00,74698.12,74744.64,74697.17,74709.26,8.10953
2026-04-20 08:09:00,74709.26,74709.26,74664.52,74671.41,17.94021
2026-04-20 08:10:00,74671.4,74765.27,74671.4,74765.26,10.9708
2026-04-20 08:11:00,74765.26,74775.96,74744.84,74761.06,4.66821
2026-04-20 08:12:00,74760.38,74790.96,74740.57,74790.96,9.36567
2026-04-20 08:13:00,74790.96,74840.82,74790.21,74840.82,13.51951
2026-04-20 08:14:00,74840.81,74876.01,74811.54,74833.6,5.33837
2026-04-20 08:15:00,74833.6,74887.99,74824.0,74852.52,3.66443
2026-04-20 08:16:00,74852.52,74875.61,74845.51,74854.84,2.01385
2026-04-20 08:17:00,74854.83,74896.92,74846.0,74896.88,9.14341
2026-04-20 08:18:00,74896.88,74932.0,74885.22,74931.99,12.7787
2026-04-20 08:19:00,74931.99,74998.83,74925.8,74993.27,15.25436
2026-04-20 08:20:00,74993.26,74993.27,74943.72,74954.14,11.75802
2026-04-20 08:21:00,74954.14,74987.2,74880.61,74935.52,11.84564
2026-04-20 08:22:00,74935.51,74942.34,74872.45,74874.06,7.91824
2026-04-20 08:23:00,74874.07,74902.87,74865.02,74865.02,9.47811
2026-04-20 08:24:00,74865.02,74865.47,74837.28,74838.98,4.38061
2026-04-20 08:25:00,74838.98,74838.98,74793.22,74797.26,13.51933
2026-04-20 08:26:00,74797.27,74797.27,74713.97,74737.99,7.63823
2026-04-20 08:27:00,74737.99,74801.8,74737.99,74788.69,9.07192
2026-04-20 08:28:00,74788.69,74807.11,74767.94,74800.6,5.37036
2026-04-20 08:29:00,74800.59,74827.22,74789.29,74817.71,5.60832
2026-04-20 08:30:00,74817.72,74838.0,74805.22,74809.67,3.92583
2026-04-20 08:31:00,74809.67,74809.68,74775.99,74805.01,4.14363
2026-04-20 08:32:00,74805.0,74931.35,74792.63,74931.34,31.58876
2026-04-20 08:33:00,74931.34,74931.35,74887.73,74887.73,6.6834
2026-04-20 08:34:00,74887.73,74913.81,74885.72,74886.42,3.11192
2026-04-20 08:35:00,74886.41,74892.98,74853.33,74892.97,4.84395
2026-04-20 08:36:00,74892.98,74893.67,74874.4,74879.4,6.1053
2026-04-20 08:37:00,74879.4,74879.4,74845.26,74845.26,2.49678
2026-04-20 08:38:00,74845.26,74846.08,74810.6,74810.6,3.25068
2026-04-20 08:39:00,74810.6,74810.61,74758.86,74784.18,22.65985
2026-04-20 08:40:00,74784.18,74784.19,74751.0,74763.99,3.01915
2026-04-20 08:41:00,74763.99,74788.09,74763.98,74788.08,3.1868
2026-04-20 08:42:00,74788.08,74832.68,74788.08,74831.6,8.51038
2026-04-20 08:43:00,74831.6,74831.61,74820.71,74824.95,6.61988
2026-04-20 08:44:00,74824.94,74845.56,74814.67,74835.51,9.26247
2026-04-20 08:45:00,74835.51,74859.73,74835.51,74835.53,8.56439
2026-04-20 08:46:00,74835.52,74835.52,74763.99,74764.0,3.23031
2026-04-20 08:47:00,74764.0,74789.74,74763.99,74781.07,10.72392
2026-04-20 08:48:00,74781.07,74794.0,74781.07,74791.89,5.89692
2026-04-20 08:49:00,74791.89,74806.39,74710.48,74729.3,39.58832
2026-04-20 08:50:00,74729.31,74744.54,74706.87,74706.87,2.70798
2026-04-20 08:51:00,74706.87,74706.88,74625.0,74625.01,13.2357
2026-04-20 08:52:00,74625.0,74688.11,74619.41,74688.11,9.8591
2026-04-20 08:53:00,74688.11,74713.97,74672.08,74703.11,12.22164
2026-04-20 08:54:00,74703.11,74703.12,74667.78,74689.53,8.85506
2026-04-20 08:55:00,74689.54,74722.95,74689.53,74722.94,5.69546
2026-04-20 08:56:00,74722.94,74724.12,74698.5,74698.5,8.14436
2026-04-20 08:57:00,74698.5,74745.75,74696.0,74742.09,12.07433
2026-04-20 08:58:00,74742.09,74742.1,74713.14,74715.11,5.47503
2026-04-20 08:59:00,74715.12,74740.52,74715.11,74728.91,3.12015
2026-04-20 09:00:00,74728.92,74760.37,74711.72,74760.36,12.05236
2026-04-20 09:01:00,74760.36,74771.6,74728.75,74728.75,5.87458
2026-04-20 09:02:00,74728.76,74738.34,74724.0,74735.12,3.2151
2026-04-20 09:03:00,74735.12,74735.13,74706.9,74725.41,6.14011
2026-04-20 09:04:00,74725.41,74734.6,74706.87,74726.0,5.59704
2026-04-20 09:05:00,74726.0,74734.6,74708.92,74734.6,2.97032
2026-04-20 09:06:00,74734.6,75033.26,74734.6,75033.26,76.35635
2026-04-20 09:07:00,75033.26,75033.26,74946.69,75003.74,9.64156
2026-04-20 09:08:00,75003.74,75003.74,74923.46,74923.46,6.28756
2026-04-20 09:09:00,74923.46,74950.0,74923.45,74949.99,6.9703
2026-04-20 09:10:00,74950.0,74951.0,74872.41,74872.42,3.25656
2026-04-20 09:11:00,74872.41,74926.06,74872.41,74926.06,7.94729
2026-04-20 09:12:00,74926.06,75032.24,74926.06,75032.22,12.58275
2026-04-20 09:13:00,75032.23,75070.0,75003.74,75070.0,14.15767
2026-04-20 09:14:00,75070.0,75085.71,75029.53,75032.24,6.28004
2026-04-20 09:15:00,75032.23,75067.51,75015.98,75050.14,8.17994
2026-04-20 09:16:00,75050.13,75057.89,75018.0,75018.01,6.68757
2026-04-20 09:17:00,75018.01,75043.85,75018.01,75043.85,9.37779
2026-04-20 09:18:00,75043.85,75125.94,75043.84,75125.94,20.55934
2026-04-20 09:19:00,75125.93,75125.93,75050.38,75050.38,7.18379
2026-04-20 09:20:00,75050.38,75084.0,75050.38,75077.98,7.92024
2026-04-20 09:21:00,75077.98,75143.86,75077.97,75108.01,12.59234
2026-04-20 09:22:00,75108.0,75108.01,75032.0,75032.01,7.10348
2026-04-20 09:23:00,75032.0,75042.0,75002.99,75041.99,5.84474
2026-04-20 09:24:00,75042.0,75081.0,75020.33,75081.0,9.72003
2026-04-20 09:25:00,75080.99,75081.0,75062.34,75071.99,2.45107
2026-04-20 09:26:00,75072.0,75072.0,75052.0,75072.0,4.0176
2026-04-20 09:27:00,75071.99,75072.0,75029.11,75029.11,2.10068
2026-04-20 09:28:00,75029.11,75029.12,75005.99,75005.99,5.24178
2026-04-20 09:29:00,75005.99,75027.85,75000.0,75027.84,9.44286
2026-04-20 09:30:00,75027.84,75027.85,74986.65,75012.79,4.64382
2026-04-20 09:31:00,75012.8,75027.84,74997.99,74998.0,4.01183
2026-04-20 09:32:00,74997.99,75021.59,74987.69,75021.58,5.13627
2026-04-20 09:33:00,75021.58,75033.78,75013.46,75014.7,9.191
2026-04-20 09:34:00,75014.7,75014.71,74976.34,74987.67,2.90718
2026-04-20 09:35:00,74987.68,75024.23,74987.67,75006.1,5.14554
2026-04-20 09:36:00,75006.11,75052.0,74996.81,75052.0,5.89301
2026-04-20 09:37:00,75052.0,75118.0,75051.99,75114.6,5.98706
2026-04-20 09:38:00,75114.6,75160.89,75088.91,75145.14,13.68028
2026-04-20 09:39:00,75145.13,75161.06,75109.11,75134.12,4.52355
2026-04-20 09:40:00,75134.13,75141.1,75113.38,75141.1,6.63059
2026-04-20 09:41:00,75141.09,75179.79,75141.09,75179.79,7.76815
2026-04-20 09:42:00,75179.78,75196.47,75172.32,75186.66,16.49044
2026-04-20 09:43:00,75186.66,75187.5,75179.96,75179.96,3.56189
2026-04-20 09:44:00,75179.8,75179.8,75153.23,75159.63,6.21691
2026-04-20 09:45:00,75159.62,75195.24,75159.62,75161.93,7.18212
2026-04-20 09:46:00,75161.93,75176.26,75150.11,75174.87,8.8389
2026-04-20 09:47:00,75174.87,75225.81,75174.86,75225.8,8.9389
2026-04-20 09:48:00,75225.8,75233.0,75160.2,75160.21,10.29757
2026-04-20 09:49:00,75160.2,75160.2,75088.92,75095.6,10.93782
2026-04-20 09:50:00,75095.6,75107.45,75053.71,75086.09,12.56037
2026-04-20 09:51:00,75086.09,75110.45,75081.65,75083.59,7.31104
2026-04-20 09:52:00,75083.58,75083.58,75022.25,75027.42,13.75365
2026-04-20 09:53:00,75027.42,75085.38,75020.19,75020.19,4.95398
2026-04-20 09:54:00,75020.2,75066.33,75020.2,75066.33,3.96769
2026-04-20 09:55:00,75066.34,75066.37,75056.69,75057.04,1.70397
2026-04-20 09:56:00,75057.03,75107.63,75057.03,75088.81,4.28154
2026-04-20 09:57:00,75088.81,75091.91,75059.29,75062.77,4.28557
2026-04-20 09:58:00,75062.77,75069.97,75038.24,75038.24,2.22192
2026-04-20 09:59:00,75038.24,75062.77,75029.46,75062.77,1.78864
2026-04-20 10:00:00,75062.77,75093.53,75062.77,75078.08,4.98315
2026-04-20 10:01:00,75078.09,75105.66,75078.09,75105.65,2.93274
2026-04-20 10:02:00,75105.66,75199.98,75105.66,75199.98,13.16618
2026-04-20 10:03:00,75199.97,75199.98,75169.4,75197.07,5.97068
2026-04-20 10:04:00,75197.08,75214.51,75197.07,75199.97,6.04219
2026-04-20 10:05:00,75199.97,75274.0,75199.97,75270.12,8.97973
2026-04-20 10:06:00,75270.12,75288.73,75230.0,75230.0,3.31053
2026-04-20 10:07:00,75230.01,75279.0,75230.0,75267.66,3.8324
2026-04-20 10:08:00,75267.65,75300.0,75240.07,75246.79,11.38614
2026-04-20 10:09:00,75246.78,75272.85,75246.78,75257.54,5.53863
2026-04-20 10:10:00,75257.53,75293.04,75257.53,75279.89,1.5737
2026-04-20 10:11:00,75279.9,75345.32,75272.85,75342.61,25.42533
2026-04-20 10:12:00,75342.61,75342.62,75280.89,75337.14,23.68159
2026-04-20 10:13:00,75337.14,75342.96,75291.95,75342.95,16.57827
2026-04-20 10:14:00,75342.96,75342.96,75335.47,75342.96,2.6913
2026-04-20 10:15:00,75342.96,75350.0,75320.41,75331.99,3.90716
2026-04-20 10:16:00,75332.0,75354.55,75329.07,75329.07,5.74452
2026-04-20 10:17:00,75329.07,75349.79,75329.07,75349.79,3.85791
2026-04-20 10:18:00,75349.8,75366.0,75332.0,75365.99,3.35012
2026-04-20 10:19:00,75365.99,75404.63,75365.99,75383.8,7.48608
2026-04-20 10:20:00,75383.79,75383.79,75303.68,75303.69,3.18862
2026-04-20 10:21:00,75303.69,75347.98,75303.68,75324.44,4.29732
2026-04-20 10:22:00,75324.44,75324.44,75271.76,75271.76,3.92527
2026-04-20 10:23:00,75271.76,75280.0,75271.76,75273.22,10.27191
2026-04-20 10:24:00,75273.21,75300.01,75273.21,75300.0,5.87436
2026-04-20 10:25:00,75299.99,75333.8,75292.93,75328.91,8.04877
2026-04-20 10:26:00,75328.9,75328.9,75303.68,75303.68,3.15226
2026-04-20 10:27:00,75303.68,75303.69,75268.32,75268.32,4.50976
2026-04-20 10:28:00,75268.32,75298.0,75268.32,75287.93,4.86648
2026-04-20 10:29:00,75287.92,75307.02,75287.92,75303.69,2.13532
2026-04-20 10:30:00,75303.69,75303.69,75199.97,75204.35,9.95265
2026-04-20 10:31:00,75204.36,75228.0,75204.35,75219.9,4.77656
2026-04-20 10:32:00,75219.9,75219.91,75183.63,75183.63,2.755
2026-04-20 10:33:00,75183.63,75212.55,75183.62,75187.82,4.59941
2026-04-20 10:34:00,75187.81,75196.62,75176.66,75176.67,2.99379
2026-04-20 10:35:00,75176.67,75176.67,75146.37,75146.39,3.2371
2026-04-20 10:36:00,75146.38,75193.82,75146.38,75188.15,1.8071
2026-04-20 10:37:00,75188.16,75188.16,75154.49,75178.0,2.59955
2026-04-20 10:38:00,75178.0,75179.07,75165.22,75171.95,2.87634
2026-04-20 10:39:00,75171.96,75190.95,75171.95,75190.95,6.11497
2026-04-20 10:40:00,75190.94,75194.19,75162.69,75174.28,7.97191
2026-04-20 10:41:00,75174.28,75196.75,75170.0,75170.01,1.99281
2026-04-20 10:42:00,75170.01,75172.43,75170.0,75172.42,1.04541
2026-04-20 10:43:00,75172.42,75176.38,75172.42,75176.37,0.87313
2026-04-20 10:44:00,75176.38,75176.38,75174.45,75174.45,1.6443
2026-04-20 10:45:00,75174.45,75186.09,75174.45,75174.45,1.15034
2026-04-20 10:46:00,75174.45,75186.09,75166.93,75186.09,3.08423
2026-04-20 10:47:00,75186.09,75186.09,75186.05,75186.06,0.67863
2026-04-20 10:48:00,75186.07,75186.07,75150.01,75151.12,4.74894
2026-04-20 10:49:00,75151.13,75169.36,75110.0,75112.55,6.38255
2026-04-20 10:50:00,75112.55,75147.53,75112.55,75144.3,2.78234
2026-04-20 10:51:00,75144.29,75144.3,75084.67,75084.68,6.40612
2026-04-20 10:52:00,75084.68,75131.74,75077.44,75118.27,5.3516
2026-04-20 10:53:00,75118.26,75118.26,75076.31,75076.32,5.56896
2026-04-20 10:54:00,75076.32,75099.4,75076.32,75099.4,2.48592
2026-04-20 10:55:00,75099.39,75099.45,75080.0,75096.28,2.22285
2026-04-20 10:56:00,75096.28,75108.74,75060.24,75060.24,4.78671
2026-04-20 10:57:00,75060.24,75060.24,75043.85,75043.85,2.63617
2026-04-20 10:58:00,75043.85,75043.85,75003.63,75014.67,3.98117
2026-04-20 10:59:00,75014.66,75027.27,75014.66,75027.26,3.10602
2026-04-20 11:00:00,75027.26,75049.99,75002.0,75002.01,5.06412
2026-04-20 11:01:00,75002.01,75002.01,74957.51,74977.27,10.28272
2026-04-20 11:02:00,74977.17,75078.36,74977.17,75078.35,3.53007
2026-04-20 11:03:00,75078.35,75080.2,75058.0,75058.6,8.90561
2026-04-20 11:04:00,75058.59,75068.13,75043.86,75043.86,2.43534
2026-04-20 11:05:00,75043.86,75124.03,75043.86,75102.0,6.33319
2026-04-20 11:06:00,75102.0,75114.92,75067.45,75114.92,5.82068
2026-04-20 11:07:00,75114.91,75161.7,75105.96,75161.7,10.56115
2026-04-20 11:08:00,75161.7,75172.33,75161.69,75166.1,5.28771
2026-04-20 11:09:00,75166.09,75185.52,75166.09,75172.13,1.26123
2026-04-20 11:10:00,75172.13,75172.14,75130.97,75145.82,1.65128
2026-04-20 11:11:00,75145.81,75145.81,75094.47,75094.48,4.55971
2026-04-20 11:12:00,75094.48,75123.78,75094.48,75114.7,2.35465
2026-04-20 11:13:00,75114.7,75145.58,75114.69,75145.58,4.1201
2026-04-20 11:14:00,75145.58,75171.24,75145.57,75171.23,1.58868
2026-04-20 11:15:00,75171.24,75241.39,75171.24,75216.94,11.90641
2026-04-20 11:16:00,75216.93,75266.46,75212.1,75250.26,2.327
2026-04-20 11:17:00,75250.26,75250.26,75188.07,75188.84,9.78462
2026-04-20 11:18:00,75188.85,75190.49,75179.08,75188.92,1.02829
2026-04-20 11:19:00,75188.92,75200.0,75184.09,75199.14,3.96912
2026-04-20 11:20:00,75199.14,75199.14,75089.04,75089.04,3.17717
2026-04-20 11:21:00,75089.04,75096.0,75059.39,75096.0,9.8443
2026-04-20 11:22:00,75095.99,75130.0,75095.99,75124.83,2.7518
2026-04-20 11:23:00,75124.84,75124.84,75111.31,75115.08,1.29619
2026-04-20 11:24:00,75115.08,75199.98,75115.08,75199.98,12.20214
2026-04-20 11:25:00,75199.98,75233.56,75192.79,75210.86,8.55961
2026-04-20 11:26:00,75210.85,75210.85,75190.3,75209.84,1.9973
2026-04-20 11:27:00,75209.84,75217.37,75209.83,75217.37,0.33861
2026-04-20 11:28:00,75217.36,75217.36,75196.52,75196.52,3.40718
2026-04-20 11:29:00,75196.53,75207.12,75170.48,75170.49,3.08295
2026-04-20 11:30:00,75170.49,75170.49,75111.44,75111.44,2.45205
2026-04-20 11:31:00,75111.44,75111.45,75083.22,75100.63,2.41038
2026-04-20 11:32:00,75100.63,75196.57,75096.27,75147.22,6.33331
2026-04-20 11:33:00,75147.21,75258.34,75147.21,75203.91,14.2721
2026-04-20 11:34:00,75203.91,75232.22,75203.91,75206.4,4.19725
2026-04-20 11:35:00,75206.41,75226.0,75188.57,75225.99,3.29058
2026-04-20 11:36:00,75225.99,75238.73,75206.0,75225.91,5.97455
2026-04-20 11:37:00,75225.91,75238.58,75225.91,75236.86,1.10884
2026-04-20 11:38:00,75236.86,75287.88,75236.86,75280.01,8.10587
2026-04-20 11:39:00,75280.0,75280.0,75246.78,75252.72,1.76987
2026-04-20 11:40:00,75252.71,75252.72,75228.37,75240.49,0.7508
2026-04-20 11:41:00,75240.49,75252.39,75238.86,75244.27,1.4963
2026-04-20 11:42:00,75244.26,75244.26,75218.0,75240.82,3.21403
2026-04-20 11:43:00,75240.81,75254.0,75236.2,75236.21,3.42662
2026-04-20 11:44:00,75236.2,75243.12,75214.11,75215.78,1.20149
2026-04-20 11:45:00,75215.78,75274.85,75215.78,75267.31,1.98823
2026-04-20 11:46:00,75267.32,75267.32,75201.64,75211.37,16.35599
2026-04-20 11:47:00,75211.37,75264.52,75211.36,75260.74,7.88306
2026-04-20 11:48:00,75260.74,75260.74,75223.22,75227.97,1.65328
2026-04-20 11:49:00,75227.96,75241.17,75220.98,75229.52,6.15123
2026-04-20 11:50:00,75229.52,75234.71,75207.52,75234.7,2.71269
2026-04-20 11:51:00,75234.7,75234.71,75207.73,75214.9,5.73851
2026-04-20 11:52:00,75214.89,75214.9,75164.06,75177.03,4.56453
2026-04-20 11:53:00,75177.03,75206.31,75177.02,75206.3,2.41272
2026-04-20 11:54:00,75206.31,75211.8,75199.97,75199.97,3.36755
2026-04-20 11:55:00,75199.98,75223.41,75187.59,75209.05,6.13668
2026-04-20 11:56:00,75209.05,75209.05,75181.12,75197.53,1.86565
2026-04-20 11:57:00,75197.52,75197.52,75166.26,75166.27,1.04583
2026-04-20 11:58:00,75166.27,75166.27,75149.98,75158.0,11.36947
2026-04-20 11:59:00,75158.0,75200.0,75157.99,75192.71,1.44177
2026-04-20 12:00:00,75192.72,75192.72,75129.5,75148.29,2.93873
2026-04-20 12:01:00,75148.3,75148.3,75106.43,75106.43,4.46604
2026-04-20 12:02:00,75106.43,75119.03,75086.0,75112.26,9.72237
2026-04-20 12:03:00,75112.25,75112.26,75075.04,75093.63,4.91911
2026-04-20 12:04:00,75093.64,75199.97,75093.64,75186.18,10.05723
2026-04-20 12:05:00,75186.19,75252.09,75186.19,75252.09,6.19098
2026-04-20 12:06:00,75252.23,75314.56,75252.23,75281.8,22.62076
2026-04-20 12:07:00,75281.81,75305.4,75242.27,75303.69,8.40782
2026-04-20 12:08:00,75303.69,75303.69,75266.2,75284.69,4.23214
2026-04-20 12:09:00,75284.69,75353.18,75284.69,75303.68,6.36816
2026-04-20 12:10:00,75303.69,75393.55,75303.69,75393.54,14.46683
2026-04-20 12:11:00,75393.54,75393.55,75318.94,75318.94,5.4171
2026-04-20 12:12:00,75318.93,75367.57,75318.93,75352.47,2.29064
2026-04-20 12:13:00,75352.47,75392.07,75352.46,75374.27,5.32839
2026-04-20 12:14:00,75374.27,75374.27,75354.09,75354.1,7.15856
2026-04-20 12:15:00,75354.09,75354.1,75294.61,75313.69,5.73562
2026-04-20 12:16:00,75313.68,75381.21,75313.68,75377.25,4.78584
2026-04-20 12:17:00,75377.26,75435.1,75377.25,75413.51,17.21028
2026-04-20 12:18:00,75413.52,75450.0,75413.51,75434.53,5.32522
2026-04-20 12:19:00,75434.54,75450.0,75428.38,75447.9,3.40405
2026-04-20 12:20:00,75447.91,75650.0,75447.9,75592.63,129.87056
2026-04-20 12:21:00,75592.63,75646.15,75491.24,75491.24,23.57531
2026-04-20 12:22:00,75491.25,75547.92,75491.24,75547.91,3.97877
2026-04-20 12:23:00,75547.91,75547.92,75477.99,75477.99,9.81778
2026-04-20 12:24:00,75477.99,75531.37,75452.3,75505.99,18.45343
2026-04-20 12:25:00,75506.0,75535.19,75459.26,75468.17,42.11913
2026-04-20 12:26:00,75468.17,75495.52,75427.62,75427.62,9.15926
2026-04-20 12:27:00,75427.63,75445.72,75407.38,75445.67,3.94125
2026-04-20 12:28:00,75445.67,75445.67,75415.74,75423.21,6.09703
2026-04-20 12:29:00,75423.22,75423.22,75402.0,75412.1,2.25707
2026-04-20 12:30:00,75412.1,75450.0,75412.1,75449.99,3.06477
2026-04-20 12:31:00,75449.99,75450.0,75386.36,75422.81,25.25083
2026-04-20 12:32:00,75422.81,75450.0,75402.13,75407.38,3.43872
2026-04-20 12:33:00,75407.39,75407.39,75350.02,75365.75,7.8853
2026-04-20 12:34:00,75365.76,75404.0,75365.75,75395.43,2.83413
2026-04-20 12:35:00,75395.43,75427.55,75374.45,75422.99,4.28857
2026-04-20 12:36:00,75422.99,75438.31,75394.95,75422.57,6.36943
2026-04-20 12:37:00,75422.57,75427.41,75368.03,75368.03,9.42902
2026-04-20 12:38:00,75368.03,75368.04,75207.55,75233.44,22.70721
2026-04-20 12:39:00,75233.44,75279.75,75233.44,75252.0,6.24832
2026-04-20 12:40:00,75252.0,75252.0,75043.86,75132.86,65.23261
2026-04-20 12:41:00,75132.86,75171.6,75119.72,75171.31,19.02589
2026-04-20 12:42:00,75171.32,75178.43,75128.18,75163.88,12.84224
2026-04-20 12:43:00,75163.89,75231.25,75163.89,75231.24,3.13832
2026-04-20 12:44:00,75231.25,75238.29,75215.38,75215.38,4.46397
2026-04-20 12:45:00,75215.39,75246.77,75215.39,75242.56,6.50597
2026-04-20 12:46:00,75242.57,75269.35,75236.18,75236.18,11.58887
2026-04-20 12:47:00,75236.19,75250.0,75222.0,75245.46,13.52249
2026-04-20 12:48:00,75245.47,75282.08,75241.32,75282.07,7.10185
2026-04-20 12:49:00,75282.07,75327.4,75282.07,75312.73,4.77495
2026-04-20 12:50:00,75312.73,75378.92,75312.73,75378.91,8.50143
2026-04-20 12:51:00,75378.91,75378.92,75318.58,75325.29,10.45343
2026-04-20 12:52:00,75325.29,75355.65,75293.95,75314.31,4.84546
2026-04-20 12:53:00,75314.32,75333.75,75314.31,75324.33,2.00114
2026-04-20 12:54:00,75324.34,75324.34,75303.68,75319.07,2.36629
2026-04-20 12:55:00,75319.08,75319.08,75259.21,75259.21,2.9481
2026-04-20 12:56:00,75259.21,75259.21,75228.0,75231.61,8.07081
2026-04-20 12:57:00,75231.62,75260.28,75231.62,75239.2,3.04757
2026-04-20 12:58:00,75239.19,75285.35,75239.19,75248.4,4.48483
2026-04-20 12:59:00,75248.4,75298.96,75248.4,75289.9,12.10686
2026-04-20 13:00:00,75289.91,75309.38,75252.87,75281.8,4.2458
2026-04-20 13:01:00,75281.79,75281.8,75236.13,75248.0,4.01986
2026-04-20 13:02:00,75248.0,75248.0,75197.31,75197.31,9.66937
2026-04-20 13:03:00,75197.3,75200.53,75159.57,75200.52,3.59126
2026-04-20 13:04:00,75200.53,75201.63,75173.14,75201.62,7.04533
2026-04-20 13:05:00,75201.63,75218.78,75188.86,75218.78,3.09337
2026-04-20 13:06:00,75218.78,75249.18,75218.78,75224.22,8.47818
2026-04-20 13:07:00,75224.23,75246.79,75163.66,75163.66,5.6654
2026-04-20 13:08:00,75163.67,75346.78,75120.05,75255.24,57.33783
2026-04-20 13:09:00,75255.25,75350.0,75255.25,75279.01,22.09402
2026-04-20 13:10:00,75279.02,75296.45,75240.66,75255.16,4.7415
2026-04-20 13:11:00,75255.16,75309.27,75229.07,75303.69,9.7856
2026-04-20 13:12:00,75303.68,75308.4,75224.31,75224.31,8.95756
2026-04-20 13:13:00,75224.31,75269.04,75202.51,75262.74,7.52989
2026-04-20 13:14:00,75262.75,75262.75,75218.61,75221.38,4.58052
2026-04-20 13:15:00,75221.38,75267.52,75221.38,75228.35,2.58508
2026-04-20 13:16:00,75228.34,75228.35,75130.34,75130.34,9.61232
2026-04-20 13:17:00,75130.34,75148.05,75114.6,75129.45,15.34234
2026-04-20 13:18:00,75129.44,75129.45,75074.62,75074.63,5.21711
2026-04-20 13:19:00,75074.62,75111.99,75071.44,75111.98,5.43611
2026-04-20 13:20:00,75111.98,75115.83,75096.27,75103.33,2.14273
2026-04-20 13:21:00,75103.32,75103.33,75067.36,75082.53,8.19475
2026-04-20 13:22:00,75082.54,75119.48,75067.96,75119.48,16.551
2026-04-20 13:23:00,75119.49,75119.49,75090.53,75103.48,4.89795
2026-04-20 13:24:00,75103.48,75103.49,75000.0,75006.89,17.80725
2026-04-20 13:25:00,75006.89,75084.62,75000.0,75084.62,34.0641
2026-04-20 13:26:00,75084.61,75084.62,75050.85,75059.01,7.58643
2026-04-20 13:27:00,75059.0,75104.18,75059.0,75096.64,13.69223
2026-04-20 13:28:00,75096.63,75137.97,75096.63,75118.87,5.11774
2026-04-20 13:29:00,75118.87,75199.2,75118.86,75192.79,6.21608
2026-04-20 13:30:00,75192.8,75234.0,75111.44,75114.11,22.24196
2026-04-20 13:31:00,75114.11,75114.11,74859.11,74937.91,60.91635
2026-04-20 13:32:00,74937.9,75142.0,74937.9,75125.06,31.72348
2026-04-20 13:33:00,75125.07,75199.98,75065.11,75199.97,18.56854
2026-04-20 13:34:00,75199.98,75275.39,75165.46,75275.38,35.64842
2026-04-20 13:35:00,75275.39,75282.99,75218.17,75272.93,16.61059
2026-04-20 13:36:00,75272.92,75329.42,75271.79,75325.11,12.54042
2026-04-20 13:37:00,75326.0,75434.41,75311.61,75327.68,26.71826
2026-04-20 13:38:00,75327.68,75353.99,75237.62,75274.27,10.96757
2026-04-20 13:39:00,75274.27,75299.57,75234.0,75245.97,5.43292
2026-04-20 13:40:00,75245.96,75245.97,75123.0,75158.92,13.77785
2026-04-20 13:41:00,75158.91,75254.87,75158.91,75232.0,5.52447
2026-04-20 13:42:00,75232.01,75236.46,75186.26,75236.36,5.83969
2026-04-20 13:43:00,75236.35,75236.36,75132.0,75143.99,6.73738
2026-04-20 13:44:00,75143.99,75279.05,75143.99,75227.04,8.71192
2026-04-20 13:45:00,75227.03,75291.94,75187.17,75275.92,10.59844
2026-04-20 13:46:00,75275.92,75321.31,75255.42,75304.86,5.64096
2026-04-20 13:47:00,75304.87,75304.87,75230.72,75238.75,6.84388
2026-04-20 13:48:00,75238.75,75238.75,75069.24,75125.55,15.37195
2026-04-20 13:49:00,75125.55,75125.55,75033.26,75097.6,16.34842
2026-04-20 13:50:00,75097.6,75139.4,75015.25,75052.0,17.00534
2026-04-20 13:51:00,75051.99,75091.53,74995.2,75014.48,18.07094
2026-04-20 13:52:00,75014.48,75061.97,74972.44,75052.8,14.63478
2026-04-20 13:53:00,75052.8,75076.96,75018.91,75053.99,8.85108
2026-04-20 13:54:00,75054.0,75074.71,75029.13,75045.33,3.28429
2026-04-20 13:55:00,75045.33,75071.02,75010.0,75070.86,8.96501
2026-04-20 13:56:00,75070.85,75241.48,75065.02,75222.15,28.32497
2026-04-20 13:57:00,75222.0,75288.14,75202.24,75260.88,8.49184
2026-04-20 13:58:00,75260.88,75281.65,75246.78,75266.0,5.2636
2026-04-20 13:59:00,75265.99,75280.59,75228.33,75269.38,9.1369
2026-04-20 14:00:00,75269.37,75269.37,75150.0,75150.01,11.29533
2026-04-20 14:01:00,75150.01,75182.58,75108.0,75182.58,7.02978
2026-04-20 14:02:00,75182.57,75187.83,75096.27,75187.83,14.07154
2026-04-20 14:03:00,75187.83,75211.0,75129.42,75170.45,9.95984
2026-04-20 14:04:00,75170.45,75188.31,75137.68,75184.36,8.54542
2026-04-20 14:05:00,75184.8,75261.69,75184.8,75229.53,10.64884
2026-04-20 14:06:00,75229.53,75300.0,75216.75,75284.75,11.64727
2026-04-20 14:07:00,75284.74,75284.75,75188.81,75209.12,14.88658
2026-04-20 14:08:00,75209.12,75209.13,75050.86,75079.74,21.41268
2026-04-20 14:09:00,75079.74,75228.66,75068.18,75198.44,16.83661
2026-04-20 14:10:00,75198.43,75240.56,75172.32,75172.98,12.57953
2026-04-20 14:11:00,75172.97,75172.97,75066.38,75070.29,16.94461
2026-04-20 14:12:00,75070.29,75100.0,75030.0,75100.0,15.25647
2026-04-20 14:13:00,75100.0,75145.01,75073.72,75086.0,11.78552
2026-04-20 14:14:00,75086.0,75086.01,75035.47,75070.99,8.75589
2026-04-20 14:15:00,75070.98,75094.72,75030.73,75087.16,8.46205
2026-04-20 14:16:00,75087.16,75158.0,75084.07,75136.37,7.26917
2026-04-20 14:17:00,75136.38,75232.09,75111.44,75192.01,13.06444
2026-04-20 14:18:00,75192.01,75280.09,75187.37,75247.25,12.42511
2026-04-20 14:19:00,75247.25,75298.48,75225.65,75289.41,24.41785
2026-04-20 14:20:00,75290.02,75568.98,75286.91,75472.92,63.12439
2026-04-20 14:21:00,75472.92,75550.0,75454.48,75491.12,13.00585
2026-04-20 14:22:00,75491.12,75540.26,75457.53,75531.99,14.42214
2026-04-20 14:23:00,75532.0,75580.98,75483.82,75501.38,13.32148
2026-04-20 14:24:00,75501.38,75524.11,75480.47,75524.11,12.5795
2026-04-20 14:25:00,75524.1,75577.13,75473.38,75577.12,11.60973
2026-04-20 14:26:00,75577.11,75766.74,75577.11,75667.74,66.98715
2026-04-20 14:27:00,75667.75,75675.54,75514.71,75514.71,22.91188
2026-04-20 14:28:00,75514.72,75518.2,75467.7,75474.57,14.40033
2026-04-20 14:29:00,75474.57,75578.18,75435.12,75570.61,10.04561
2026-04-20 14:30:00,75570.61,75669.82,75548.68,75616.48,16.90046
2026-04-20 14:31:00,75616.47,75616.48,75521.72,75572.71,12.99153
2026-04-20 14:32:00,75572.71,75649.89,75558.93,75609.94,13.97311
2026-04-20 14:33:00,75609.94,75634.0,75540.67,75540.67,33.68942
2026-04-20 14:34:00,75540.67,75544.61,75469.74,75526.65,7.12655
2026-04-20 14:35:00,75526.66,75548.0,75427.62,75447.39,7.46922
2026-04-20 14:36:00,75448.0,75495.54,75448.0,75473.23,8.65379
2026-04-20 14:37:00,75473.23,75560.01,75464.88,75550.67,14.31389
2026-04-20 14:38:00,75550.67,75550.67,75495.55,75511.1,10.75575
2026-04-20 14:39:00,75511.09,75511.09,75451.18,75461.24,5.33427
2026-04-20 14:40:00,75461.23,75461.23,75315.94,75323.49,16.41813
2026-04-20 14:41:00,75323.5,75323.5,75200.0,75200.0,23.2032
2026-04-20 14:42:00,75200.01,75301.14,75200.01,75286.91,6.10279
2026-04-20 14:43:00,75286.91,75303.99,75242.17,75303.99,7.86852
2026-04-20 14:44:00,75304.0,75359.75,75298.79,75329.8,5.61902
2026-04-20 14:45:00,75329.79,75340.44,75303.68,75323.3,5.63691
2026-04-20 14:46:00,75323.29,75369.7,75298.79,75328.24,6.67168
2026-04-20 14:47:00,75328.95,75360.0,75250.0,75259.03,29.1342
2026-04-20 14:48:00,75259.04,75292.0,75225.23,75286.79,7.14067
2026-04-20 14:49:00,75286.79,75407.39,75286.78,75400.26,13.66311
2026-04-20 14:50:00,75400.26,75435.11,75343.71,75353.59,6.66752
2026-04-20 14:51:00,75353.58,75353.58,74988.78,75130.69,134.33929
2026-04-20 14:52:00,75130.69,75151.37,75059.56,75123.08,18.69693
2026-04-20 14:53:00,75123.09,75177.0,75096.27,75108.95,7.94481
2026-04-20 14:54:00,75108.94,75108.94,74986.8,75025.42,37.92428
2026-04-20 14:55:00,75025.41,75025.41,74921.42,75005.2,28.32341
2026-04-20 14:56:00,75005.21,75033.58,74922.0,74939.55,18.8655
2026-04-20 14:57:00,74939.56,75021.32,74939.56,75000.0,9.95523
2026-04-20 14:58:00,74999.99,74999.99,74926.71,74984.87,20.9642
2026-04-20 14:59:00,74984.87,75035.43,74971.56,75034.79,11.1593
2026-04-20 15:00:00,75034.79,75081.9,75021.35,75021.35,9.61834
2026-04-20 15:01:00,75021.35,75035.61,74937.89,74937.89,22.39202
2026-04-20 15:02:00,74937.9,74965.38,74919.84,74955.65,15.54639
2026-04-20 15:03:00,74955.65,74956.84,74777.0,74824.98,36.17514
2026-04-20 15:04:00,74824.99,74880.88,74708.91,74799.53,54.53774
2026-04-20 15:05:00,74799.52,74889.23,74799.52,74816.08,29.35468
2026-04-20 15:06:00,74816.08,74854.12,74793.77,74849.23,15.80694
2026-04-20 15:07:00,74849.23,74854.13,74702.0,74766.12,43.24829
2026-04-20 15:08:00,74766.13,74851.46,74766.13,74838.0,28.83545
2026-04-20 15:09:00,74838.0,74838.0,74795.07,74814.4,12.26466
2026-04-20 15:10:00,74814.4,74950.0,74804.41,74938.59,21.44336
2026-04-20 15:11:00,74938.6,75033.26,74938.6,75027.51,19.34181
2026-04-20 15:12:00,75027.51,75033.26,74946.7,74991.0,24.96433
2026-04-20 15:13:00,74991.0,74998.49,74886.41,74941.5,11.62959
2026-04-20 15:14:00,74941.5,75070.62,74941.49,75063.13,9.82811
2026-04-20 15:15:00,75063.13,75120.11,75063.13,75067.53,24.01992
2026-04-20 15:16:00,75067.54,75110.8,75042.02,75110.8,16.32125
2026-04-20 15:17:00,75110.8,75197.53,75110.8,75158.46,19.35342
2026-04-20 15:18:00,75158.46,75207.39,75140.77,75170.82,18.25775
2026-04-20 15:19:00,75170.82,75210.45,75162.76,75185.11,19.42879
2026-04-20 15:20:00,75185.11,75186.26,75146.98,75148.11,12.32579
2026-04-20 15:21:00,75148.1,75407.02,75138.91,75322.02,54.97162
2026-04-20 15:22:00,75322.02,75516.64,75322.01,75466.02,56.73369
2026-04-20 15:23:00,75464.21,75477.9,75384.88,75442.01,22.61165
2026-04-20 15:24:00,75442.0,75516.37,75430.51,75433.93,28.65169
2026-04-20 15:25:00,75436.09,75489.77,75427.71,75467.61,17.35889
2026-04-20 15:26:00,75467.61,75574.85,75467.61,75540.86,34.57807
2026-04-20 15:27:00,75540.86,75700.48,75508.46,75618.42,55.21429
2026-04-20 15:28:00,75618.42,75663.77,75592.25,75645.92,26.1408
2026-04-20 15:29:00,75645.92,75772.72,75598.45,75754.4,38.29552
2026-04-20 15:30:00,75754.39,75754.39,75570.18,75570.18,41.29752
2026-04-20 15:31:00,75570.19,75694.03,75567.28,75631.03,19.11991
2026-04-20 15:32:00,75631.02,75648.1,75569.76,75571.25,20.68457
2026-04-20 15:33:00,75571.25,75607.74,75571.23,75600.63,13.96532
2026-04-20 15:34:00,75600.62,75600.62,75516.65,75576.28,28.08303
2026-04-20 15:35:00,75576.27,75663.11,75552.0,75654.76,20.04164
2026-04-20 15:36:00,75654.76,75654.77,75539.44,75546.6,13.16339
2026-04-20 15:37:00,75546.59,75608.88,75536.36,75601.94,10.20592
2026-04-20 15:38:00,75601.94,75666.97,75601.94,75634.88,17.89353
2026-04-20 15:39:00,75634.87,75634.87,75554.95,75581.63,16.08269
2026-04-20 15:40:00,75581.64,75693.6,75581.63,75687.1,8.34999
2026-04-20 15:41:00,75687.11,75722.31,75663.64,75665.34,14.15301
2026-04-20 15:42:00,75665.34,75665.35,75602.71,75649.79,16.70991
2026-04-20 15:43:00,75649.8,75650.0,75611.49,75649.56,5.87814
2026-04-20 15:44:00,75649.56,75649.56,75566.14,75580.57,9.96126
2026-04-20 15:45:00,75580.56,75598.82,75551.41,75577.29,5.84566
2026-04-20 15:46:00,75577.3,75625.27,75550.0,75607.17,9.61709
2026-04-20 15:47:00,75607.17,75675.53,75607.16,75651.79,6.39269
2026-04-20 15:48:00,75651.79,75688.37,75628.28,75666.21,16.30423
2026-04-20 15:49:00,75666.2,75666.2,75541.23,75541.23,8.15753
2026-04-20 15:50:00,75541.16,75603.66,75541.15,75578.45,12.9055
2026-04-20 15:51:00,75578.45,75607.99,75542.11,75568.42,5.63362
2026-04-20 15:52:00,75568.42,75600.0,75568.42,75599.99,3.47995
2026-04-20 15:53:00,75600.0,75614.2,75565.72,75565.72,8.59031
2026-04-20 15:54:00,75565.73,75625.32,75565.72,75574.8,7.8399
2026-04-20 15:55:00,75574.79,75630.69,75574.79,75630.69,6.47431
2026-04-20 15:56:00,75630.69,75666.41,75603.42,75622.2,16.89712
2026-04-20 15:57:00,75622.68,75643.2,75622.67,75643.2,6.88216
2026-04-20 15:58:00,75643.19,75694.95,75640.13,75690.82,9.65704
2026-04-20 15:59:00,75690.82,75729.5,75690.82,75716.77,17.43567
2026-04-20 16:00:00,75716.78,75723.99,75598.08,75598.15,14.55412
2026-04-20 16:01:00,75598.15,75640.14,75564.0,75640.13,10.16259
2026-04-20 16:02:00,75640.13,75661.24,75631.58,75654.14,4.20852
2026-04-20 16:03:00,75654.13,75654.13,75586.21,75587.11,4.10655
2026-04-20 16:04:00,75587.12,75608.88,75517.4,75536.97,9.83319
2026-04-20 16:05:00,75536.97,75553.85,75516.63,75553.84,9.22698
2026-04-20 16:06:00,75553.84,75563.52,75538.84,75558.0,6.0478
2026-04-20 16:07:00,75558.0,75558.0,75516.63,75526.38,7.21744
2026-04-20 16:08:00,75526.38,75545.01,75425.62,75439.86,21.67588
2026-04-20 16:09:00,75439.86,75494.0,75439.85,75462.73,13.15558
2026-04-20 16:10:00,75462.74,75500.0,75450.43,75450.43,10.30061
2026-04-20 16:11:00,75450.43,75473.79,75450.43,75459.99,12.45131
2026-04-20 16:12:00,75459.98,75462.0,75441.88,75452.4,21.82002
2026-04-20 16:13:00,75452.4,75472.88,75409.72,75409.73,27.99244
2026-04-20 16:14:00,75409.72,75421.2,75409.72,75419.01,28.14509
2026-04-20 16:15:00,75419.01,75419.02,75350.0,75363.75,21.10207
2026-04-20 16:16:00,75363.3,75414.24,75331.93,75336.12,10.10084
2026-04-20 16:17:00,75336.12,75427.55,75333.14,75427.55,5.77417
2026-04-20 16:18:00,75427.54,75443.52,75416.35,75433.09,10.25777
2026-04-20 16:19:00,75433.09,75433.09,75383.55,75421.28,12.15633
2026-04-20 16:20:00,75421.28,75516.64,75421.28,75443.94,11.01312
2026-04-20 16:21:00,75443.94,75511.49,75433.71,75433.72,16.35935
2026-04-20 16:22:00,75433.72,75433.72,75350.0,75384.65,6.52998
2026-04-20 16:23:00,75384.64,75488.39,75375.65,75486.2,7.97646
2026-04-20 16:24:00,75486.2,75486.2,75440.26,75440.26,2.99701
2026-04-20 16:25:00,75440.27,75440.27,75358.54,75358.55,6.48842
2026-04-20 16:26:00,75358.55,75358.55,75325.84,75325.85,14.65897
2026-04-20 16:27:00,75325.85,75368.8,75325.84,75348.54,14.33537
2026-04-20 16:28:00,75348.53,75398.17,75348.53,75396.77,29.26155
2026-04-20 16:29:00,75396.76,75396.76,75359.76,75359.76,5.20036
2026-04-20 16:30:00,75359.77,75404.62,75348.55,75356.1,6.82488
2026-04-20 16:31:00,75356.09,75407.95,75325.89,75407.94,10.73073
2026-04-20 16:32:00,75407.94,75416.0,75371.77,75415.99,2.89332
2026-04-20 16:33:00,75415.99,75445.49,75415.98,75415.99,3.16683
2026-04-20 16:34:00,75416.0,75433.56,75396.0,75396.0,4.85129
2026-04-20 16:35:00,75395.84,75395.84,75311.25,75314.17,17.00307
2026-04-20 16:36:00,75314.17,75382.36,75314.16,75382.35,11.57889
2026-04-20 16:37:00,75382.35,75382.35,75346.58,75346.58,3.40391
2026-04-20 16:38:00,75346.59,75396.0,75346.58,75393.28,9.62506
2026-04-20 16:39:00,75393.29,75427.23,75383.87,75427.23,16.7972
2026-04-20 16:40:00,75427.22,75427.22,75365.74,75409.99,17.39695
2026-04-20 16:41:00,75410.0,75568.81,75409.99,75540.21,17.26943
2026-04-20 16:42:00,75540.2,75540.21,75485.95,75507.48,35.77957
2026-04-20 16:43:00,75507.47,75511.11,75474.33,75491.03,7.38147
2026-04-20 16:44:00,75491.03,75491.88,75474.33,75481.83,3.7862
2026-04-20 16:45:00,75481.83,75558.6,75481.82,75558.59,15.77457
2026-04-20 16:46:00,75558.59,75558.6,75487.84,75498.51,5.75479
2026-04-20 16:47:00,75498.51,75498.51,75459.78,75459.78,7.00149
2026-04-20 16:48:00,75459.79,75472.38,75433.38,75439.94,9.67663
2026-04-20 16:49:00,75439.95,75439.95,75321.86,75333.43,12.5043
2026-04-20 16:50:00,75333.43,75358.58,75325.06,75326.0,6.78943
2026-04-20 16:51:00,75326.01,75372.12,75326.01,75365.58,4.30245
2026-04-20 16:52:00,75365.58,75382.36,75347.89,75382.36,4.5161
2026-04-20 16:53:00,75382.36,75401.99,75332.75,75332.75,4.02589
2026-04-20 16:54:00,75332.76,75359.75,75332.75,75359.75,1.10662
2026-04-20 16:55:00,75359.74,75361.64,75332.32,75332.33,1.49095
2026-04-20 16:56:00,75332.33,75353.87,75318.0,75349.32,3.53245
2026-04-20 16:57:00,75349.31,75359.71,75331.24,75338.01,4.60484
2026-04-20 16:58:00,75338.0,75338.01,75299.26,75321.66,4.2798
2026-04-20 16:59:00,75321.66,75338.74,75303.68,75338.74,1.75805
2026-04-20 17:00:00,75338.75,75370.57,75337.56,75368.18,2.64917
2026-04-20 17:01:00,75368.18,75387.91,75330.95,75350.32,3.58369
2026-04-20 17:02:00,75350.32,75483.69,75289.92,75423.17,23.87767
2026-04-20 17:03:00,75423.2,75423.2,75368.97,75398.06,12.65214
2026-04-20 17:04:00,75398.01,75501.89,75398.01,75477.48,4.67563
2026-04-20 17:05:00,75477.49,75483.61,75445.48,75483.61,5.08695
2026-04-20 17:06:00,75483.62,75550.0,75480.32,75501.49,6.90813
2026-04-20 17:07:00,75501.5,75519.38,75472.03,75501.93,5.02121
2026-04-20 17:08:00,75501.92,75636.83,75501.92,75613.88,41.04842
2026-04-20 17:09:00,75613.87,75650.0,75563.92,75567.49,7.9477
2026-04-20 17:10:00,75567.48,75623.83,75564.0,75604.63,9.90471
2026-04-20 17:11:00,75604.63,75662.6,75604.63,75662.59,7.06783
2026-04-20 17:12:00,75662.6,75683.46,75633.86,75638.14,5.47052
2026-04-20 17:13:00,75638.14,75655.82,75623.85,75655.82,3.77442
2026-04-20 17:14:00,75655.81,75671.56,75627.49,75644.87,6.71939
2026-04-20 17:15:00,75644.87,75648.97,75623.54,75623.55,4.32851
2026-04-20 17:16:00,75623.54,75641.7,75607.22,75614.8,5.01476
2026-04-20 17:17:00,75614.8,75718.51,75609.8,75715.0,10.43538
2026-04-20 17:18:00,75717.13,75866.0,75717.12,75800.59,36.16972
2026-04-20 17:19:00,75800.6,75887.99,75800.6,75855.88,17.34686
2026-04-20 17:20:00,75855.89,75859.86,75743.61,75753.0,11.75948
2026-04-20 17:21:00,75753.0,75793.82,75753.0,75775.05,5.09485
2026-04-20 17:22:00,75775.05,75799.49,75756.7,75772.0,20.02725
2026-04-20 17:23:00,75772.0,75785.38,75723.9,75778.28,15.3123
2026-04-20 17:24:00,75778.29,75796.77,75754.72,75754.73,3.82015
2026-04-20 17:25:00,75754.73,75754.73,75716.4,75748.13,4.97924
2026-04-20 17:26:00,75748.12,75757.06,75728.0,75743.94,3.10398
2026-04-20 17:27:00,75743.93,75758.0,75732.91,75746.36,7.45089
2026-04-20 17:28:00,75746.35,75746.36,75699.09,75743.15,3.39465
2026-04-20 17:29:00,75743.14,75751.1,75719.67,75719.67,5.22838
2026-04-20 17:30:00,75719.67,75745.0,75650.0,75650.0,11.0073
2026-04-20 17:31:00,75650.01,75657.59,75607.83,75657.59,12.54532
2026-04-20 17:32:00,75657.58,75665.0,75626.0,75659.99,5.40286
2026-04-20 17:33:00,75659.99,75681.86,75633.05,75670.97,8.42357
2026-04-20 17:34:00,75670.97,75673.78,75643.72,75665.83,12.36472
2026-04-20 17:35:00,75665.84,75685.44,75633.33,75670.28,14.66147
2026-04-20 17:36:00,75670.27,75689.41,75637.75,75664.53,9.63058
2026-04-20 17:37:00,75664.54,75711.18,75659.17,75711.18,12.06272
2026-04-20 17:38:00,75711.19,75759.96,75711.18,75759.96,4.72923
2026-04-20 17:39:00,75759.97,75814.97,75759.97,75769.06,9.61211
2026-04-20 17:40:00,75769.05,75843.06,75737.31,75814.37,30.574
2026-04-20 17:41:00,75814.36,75819.86,75788.64,75794.77,5.17723
2026-04-20 17:42:00,75794.76,75844.58,75783.14,75783.14,7.54591
2026-04-20 17:43:00,75783.15,75797.27,75772.7,75797.25,6.14775
2026-04-20 17:44:00,75797.26,75806.91,75762.03,75762.03,5.35409
2026-04-20 17:45:00,75762.04,75762.04,75697.1,75697.11,3.55872
2026-04-20 17:46:00,75697.11,75745.12,75697.1,75739.55,9.46733
2026-04-20 17:47:00,75739.54,75752.0,75736.0,75736.01,2.37442
2026-04-20 17:48:00,75736.0,75836.6,75736.0,75836.6,10.96964
2026-04-20 17:49:00,75836.94,75927.27,75836.93,75919.36,38.9226
2026-04-20 17:50:00,75919.35,75991.47,75919.35,75966.86,41.01602
2026-04-20 17:51:00,75966.86,75966.87,75876.0,75886.85,17.92369
2026-04-20 17:52:00,75886.0,75910.32,75875.09,75875.1,5.68616
2026-04-20 17:53:00,75875.09,75880.85,75818.01,75818.02,3.73873
2026-04-20 17:54:00,75818.01,75887.57,75800.28,75887.55,13.90151
2026-04-20 17:55:00,75887.56,75887.57,75813.42,75818.64,4.73975
2026-04-20 17:56:00,75818.65,75895.2,75818.65,75880.51,16.17554
2026-04-20 17:57:00,75880.5,75880.51,75847.25,75859.99,3.11286
2026-04-20 17:58:00,75859.99,75949.66,75859.98,75931.83,10.88301
2026-04-20 17:59:00,75931.82,75931.83,75890.72,75898.14,5.04763
2026-04-20 18:00:00,75898.14,75966.32,75898.14,75942.33,7.00363
2026-04-20 18:01:00,75942.33,76074.94,75912.17,76033.68,81.77583
2026-04-20 18:02:00,76033.68,76111.11,75988.6,76111.1,47.78376
2026-04-20 18:03:00,76111.1,76256.08,76091.53,76132.06,116.58542
2026-04-20 18:04:00,76132.07,76132.07,76057.53,76071.4,19.69227
2026-04-20 18:05:00,76071.4,76183.9,76063.79,76182.0,4.31177
2026-04-20 18:06:00,76182.0,76231.78,76172.01,76172.27,24.18272
2026-04-20 18:07:00,76172.27,76183.05,76100.0,76100.01,19.07093
2026-04-20 18:08:00,76100.0,76151.24,76074.39,76119.04,14.84073
2026-04-20 18:09:00,76119.04,76292.51,76114.56,76292.5,30.88914
2026-04-20 18:10:00,76292.5,76292.5,76219.59,76231.79,28.33335
2026-04-20 18:11:00,76231.8,76275.1,76186.21,76204.0,44.04941
2026-04-20 18:12:00,76203.99,76269.61,76194.63,76269.6,19.5174
2026-04-20 18:13:00,76269.6,76294.39,76230.31,76294.38,8.05142
2026-04-20 18:14:00,76294.39,76300.0,76251.89,76275.24,16.77542
2026-04-20 18:15:00,76275.24,76319.99,76275.24,76319.99,12.7735
2026-04-20 18:16:00,76319.98,76319.99,76298.16,76305.03,9.73834
2026-04-20 18:17:00,76305.02,76314.88,76280.26,76285.37,5.69313
2026-04-20 18:18:00,76285.37,76301.5,76266.25,76286.19,32.36891
2026-04-20 18:19:00,76286.18,76313.65,76243.85,76264.66,26.74296
2026-04-20 18:20:00,76264.67,76293.42,76173.83,76173.83,12.2022
2026-04-20 18:21:00,76173.83,76194.97,76150.3,76188.73,36.69206
2026-04-20 18:22:00,76188.73,76232.03,76173.24,76173.24,14.29164
2026-04-20 18:23:00,76173.25,76249.84,76173.24,76203.58,22.49906
2026-04-20 18:24:00,76203.57,76203.58,76150.0,76159.01,9.01651
2026-04-20 18:25:00,76159.01,76195.95,76100.0,76119.32,16.1795
2026-04-20 18:26:00,76119.32,76131.3,76092.9,76127.01,20.45787
2026-04-20 18:27:00,76127.01,76153.9,76110.18,76148.16,13.31661
2026-04-20 18:28:00,76148.16,76148.17,76082.94,76125.95,36.48848
2026-04-20 18:29:00,76125.95,76149.78,76094.74,76102.0,20.72464
2026-04-20 18:30:00,76102.0,76120.59,76050.0,76050.01,6.69987
2026-04-20 18:31:00,76050.01,76051.98,76010.86,76020.46,22.93065
2026-04-20 18:32:00,76020.46,76042.99,76011.15,76035.23,25.33646
2026-04-20 18:33:00,76035.23,76097.06,76035.22,76081.77,22.67738
2026-04-20 18:34:00,76081.78,76137.42,76081.77,76137.42,26.24129
2026-04-20 18:35:00,76137.42,76140.35,76089.55,76089.55,9.05535
2026-04-20 18:36:00,76089.55,76147.87,76066.72,76090.68,19.27152
2026-04-20 18:37:00,76090.68,76097.61,76049.84,76056.53,13.62103
2026-04-20 18:38:00,76056.53,76065.03,76001.0,76015.34,8.34936
2026-04-20 18:39:00,76015.33,76077.68,76012.25,76061.1,53.23657
2026-04-20 18:40:00,76061.1,76171.82,76061.1,76157.92,15.48177
2026-04-20 18:41:00,76157.91,76233.83,76157.91,76210.82,45.45723
2026-04-20 18:42:00,76210.38,76268.78,76194.34,76213.28,37.15213
2026-04-20 18:43:00,76213.28,76241.3,76160.34,76160.35,21.89637
2026-04-20 18:44:00,76160.35,76182.99,76152.2,76173.07,29.04848
2026-04-20 18:45:00,76173.06,76173.88,76134.71,76151.7,3.97466
2026-04-20 18:46:00,76151.71,76164.64,76107.83,76138.01,21.73569
2026-04-20 18:47:00,76138.02,76158.73,76122.83,76143.98,26.11775
2026-04-20 18:48:00,76143.98,76143.98,76097.28,76121.09,23.03458
2026-04-20 18:49:00,76121.09,76199.45,76106.15,76178.99,39.06682
2026-04-20 18:50:00,76178.99,76388.58,76178.99,76375.21,40.23722
2026-04-20 18:51:00,76375.21,76447.22,76351.92,76402.96,28.21087
2026-04-20 18:52:00,76402.96,76402.96,76289.87,76303.76,18.30409
2026-04-20 18:53:00,76303.75,76443.62,76303.75,76435.31,25.6501
2026-04-20 18:54:00,76435.31,76453.19,76408.24,76408.24,41.32925
2026-04-20 18:55:00,76408.24,76426.62,76344.9,76373.4,16.10107
2026-04-20 18:56:00,76373.39,76447.72,76361.5,76377.33,44.99949
2026-04-20 18:57:00,76377.33,76415.14,76361.04,76414.55,26.34362
2026-04-20 18:58:00,76414.55,76449.67,76402.03,76441.92,51.19331
2026-04-20 18:59:00,76441.93,76441.93,76408.38,76423.69,9.96044
2026-04-20 19:00:00,76423.69,76464.03,76400.0,76463.42,11.01431
2026-04-20 19:01:00,76463.43,76463.43,76361.82,76361.82,57.93266
2026-04-20 19:02:00,76361.83,76361.83,76347.47,76361.56,11.47184
2026-04-20 19:03:00,76361.56,76389.92,76302.98,76313.61,27.45093
2026-04-20 19:04:00,76313.61,76416.0,76313.6,76416.0,17.56898
2026-04-20 19:05:00,76415.99,76416.0,76361.34,76390.39,10.7815
2026-04-20 19:06:00,76390.39,76455.79,76390.39,76455.78,35.64576
2026-04-20 19:07:00,76455.79,76477.31,76432.49,76442.87,14.70982
2026-04-20 19:08:00,76442.87,76475.88,76441.87,76475.87,13.62323
2026-04-20 19:09:00,76475.87,76475.88,76437.12,76454.14,33.18135
2026-04-20 19:10:00,76454.14,76454.15,76400.0,76406.61,11.42068
2026-04-20 19:11:00,76406.6,76454.83,76401.71,76440.44,25.79329
2026-04-20 19:12:00,76440.43,76481.47,76438.16,76468.63,14.03963
2026-04-20 19:13:00,76468.63,76486.67,76350.02,76394.86,108.18677
2026-04-20 19:14:00,76394.86,76396.23,76321.69,76333.75,23.6941
2026-04-20 19:15:00,76333.74,76338.48,76234.78,76240.81,16.65588
2026-04-20 19:16:00,76240.81,76240.81,76209.67,76238.0,11.80622
2026-04-20 19:17:00,76238.0,76258.62,76222.76,76227.64,59.09395
2026-04-20 19:18:00,76227.63,76246.67,76220.48,76242.02,29.80279
2026-04-20 19:19:00,76242.01,76288.0,76226.37,76232.01,83.88606
2026-04-20 19:20:00,76232.01,76236.93,76208.57,76236.93,9.80479
2026-04-20 19:21:00,76236.93,76262.0,76214.48,76262.0,35.10194
2026-04-20 19:22:00,76261.99,76261.99,76180.5,76192.77,55.61232
2026-04-20 19:23:00,76192.76,76198.07,76160.79,76165.3,53.46125
2026-04-20 19:24:00,76165.3,76195.0,76157.76,76193.43,14.92548
2026-04-20 19:25:00,76193.43,76196.27,76174.0,76196.27,2.76098
2026-04-20 19:26:00,76196.27,76201.03,76186.0,76201.02,7.53217
2026-04-20 19:27:00,76201.03,76211.02,76181.28,76181.29,3.77101
2026-04-20 19:28:00,76181.29,76200.37,76181.28,76194.99,2.36984
2026-04-20 19:29:00,76194.99,76213.13,76194.98,76211.09,2.40391
2026-04-20 19:30:00,76211.09,76211.09,76156.11,76156.43,4.17041
2026-04-20 19:31:00,76156.44,76235.21,76154.49,76224.27,6.46699
2026-04-20 19:32:00,76224.27,76255.81,76198.5,76198.51,6.57017
2026-04-20 19:33:00,76198.51,76198.51,76180.77,76189.99,2.24487
2026-04-20 19:34:00,76189.99,76226.31,76183.04,76226.31,5.15119
2026-04-20 19:35:00,76226.31,76242.0,76206.14,76241.98,5.55962
2026-04-20 19:36:00,76241.99,76257.79,76226.45,76235.6,5.82472
2026-04-20 19:37:00,76235.6,76248.83,76235.59,76247.73,2.79827
2026-04-20 19:38:00,76247.73,76247.73,76239.11,76239.11,1.63178
2026-04-20 19:39:00,76239.11,76253.33,76239.11,76253.33,2.39197
2026-04-20 19:40:00,76253.33,76253.33,76235.79,76244.09,3.6325
2026-04-20 19:41:00,76244.09,76244.1,76218.27,76244.09,2.16462
2026-04-20 19:42:00,76244.09,76255.25,76244.09,76255.25,2.1368
2026-04-20 19:43:00,76255.25,76255.25,76247.29,76247.29,8.15717
2026-04-20 19:44:00,76247.29,76250.57,76234.13,76250.57,7.77201
2026-04-20 19:45:00,76250.57,76251.49,76235.92,76241.14,7.71638
2026-04-20 19:46:00,76241.15,76250.67,76241.14,76244.02,4.70532
2026-04-20 19:47:00,76244.01,76259.95,76239.64,76239.64,29.6143
2026-04-20 19:48:00,76239.64,76251.95,76211.94,76251.95,45.04899
2026-04-20 19:49:00,76251.94,76257.26,76235.91,76257.25,42.88488
2026-04-20 19:50:00,76257.26,76280.35,76227.46,76230.0,51.71692
2026-04-20 19:51:00,76230.0,76249.53,76209.07,76249.53,50.12432
2026-04-20 19:52:00,76249.53,76249.53,76228.74,76228.74,25.26373
2026-04-20 19:53:00,76228.75,76253.64,76228.74,76230.69,77.86888
2026-04-20 19:54:00,76230.69,76249.99,76225.87,76225.87,27.24003
2026-04-20 19:55:00,76225.87,76238.09,76221.39,76230.01,10.27675
2026-04-20 19:56:00,76230.01,76311.34,76230.0,76311.34,9.61445
2026-04-20 19:57:00,76311.34,76347.45,76298.56,76319.62,32.52546
2026-04-20 19:58:00,76319.62,76328.01,76292.35,76299.09,35.19863
2026-04-20 19:59:00,76299.1,76304.61,76266.29,76296.96,46.14686
2026-04-20 20:00:00,76296.97,76296.97,76200.01,76200.01,13.05095
2026-04-20 20:01:00,76200.01,76200.01,76113.07,76133.04,47.08164
2026-04-20 20:02:00,76133.03,76198.96,76133.03,76198.96,9.73867
2026-04-20 20:03:00,76198.96,76255.98,76198.96,76255.25,51.81401
2026-04-20 20:04:00,76255.25,76255.26,76230.88,76255.21,70.05761
2026-04-20 20:05:00,76255.21,76262.89,76159.79,76159.79,37.41449
2026-04-20 20:06:00,76159.79,76196.0,76137.39,76196.0,6.44705
2026-04-20 20:07:00,76195.99,76270.99,76192.69,76270.98,11.87114
2026-04-20 20:08:00,76270.99,76306.62,76270.99,76300.21,32.26206
2026-04-20 20:09:00,76300.2,76300.2,76235.17,76255.96,25.64822
2026-04-20 20:10:00,76255.97,76277.39,76255.97,76277.38,1.46642
2026-04-20 20:11:00,76277.38,76318.94,76271.85,76318.94,3.32674
2026-04-20 20:12:00,76318.94,76320.25,76318.39,76318.93,8.095
2026-04-20 20:13:00,76318.93,76372.86,76318.93,76347.99,65.45385
2026-04-20 20:14:00,76347.99,76372.85,76321.57,76333.2,72.93006
2026-04-20 20:15:00,76333.2,76366.02,76311.56,76345.65,4.93674
2026-04-20 20:16:00,76345.65,76345.65,76312.8,76323.0,12.0307
2026-04-20 20:17:00,76322.99,76370.12,76322.99,76348.21,17.57142
2026-04-20 20:18:00,76348.21,76371.46,76345.32,76360.3,5.85385
2026-04-20 20:19:00,76357.2,76401.0,76355.03,76394.64,17.67911
2026-04-20 20:20:00,76394.65,76397.06,76382.96,76382.96,0.73436
2026-04-20 20:21:00,76382.97,76558.62,76382.96,76516.12,45.36249
2026-04-20 20:22:00,76516.11,76518.84,76465.16,76465.16,7.16039
2026-04-20 20:23:00,76465.16,76465.16,76435.2,76435.21,6.66855
2026-04-20 20:24:00,76435.21,76457.52,76407.09,76446.33,41.52115
2026-04-20 20:25:00,76446.32,76471.92,76445.63,76445.63,8.26831
2026-04-20 20:26:00,76445.63,76445.63,76376.77,76399.99,27.06548
2026-04-20 20:27:00,76399.0,76420.61,76345.35,76345.35,50.97137
2026-04-20 20:28:00,76345.35,76345.35,76307.25,76307.84,24.19769
2026-04-20 20:29:00,76307.85,76325.58,76297.57,76325.12,13.31981
2026-04-20 20:30:00,76325.12,76325.13,76235.17,76240.92,5.85148
2026-04-20 20:31:00,76240.91,76251.97,76235.17,76243.97,14.20238
2026-04-20 20:32:00,76244.04,76264.97,76211.97,76229.19,54.94586
2026-04-20 20:33:00,76229.19,76241.47,76213.68,76241.46,26.52149
2026-04-20 20:34:00,76241.47,76260.11,76241.46,76258.15,22.8986
2026-04-20 20:35:00,76258.14,76258.14,76247.23,76252.73,3.24399
2026-04-20 20:36:00,76252.73,76252.73,76231.22,76244.3,4.65054
2026-04-20 20:37:00,76244.3,76253.43,76244.3,76253.42,1.56291
2026-04-20 20:38:00,76253.42,76258.4,76245.02,76245.02,4.3601
2026-04-20 20:39:00,76245.02,76260.57,76245.02,76260.56,29.60644
2026-04-20 20:40:00,76260.56,76260.57,76241.04,76241.05,5.96896
2026-04-20 20:41:00,76241.05,76248.21,76199.94,76248.2,77.4741
2026-04-20 20:42:00,76248.21,76248.21,76200.0,76233.79,90.93602
2026-04-20 20:43:00,76233.79,76246.54,76233.78,76233.81,7.84928
2026-04-20 20:44:00,76233.8,76250.82,76233.8,76250.81,23.12548
2026-04-20 20:45:00,76250.81,76250.81,76237.57,76237.58,5.39428
2026-04-20 20:46:00,76237.58,76237.58,76237.57,76237.58,1.37691
2026-04-20 20:47:00,76237.58,76311.91,76237.57,76287.32,27.21149
2026-04-20 20:48:00,76287.32,76287.32,76239.38,76261.71,15.76106
2026-04-20 20:49:00,76261.71,76273.51,76253.43,76270.6,7.35968
2026-04-20 20:50:00,76270.61,76281.44,76270.6,76278.03,3.5819
2026-04-20 20:51:00,76278.03,76280.2,76244.85,76280.19,62.55997
2026-04-20 20:52:00,76280.19,76284.0,76268.12,76283.84,39.9812
2026-04-20 20:53:00,76283.83,76283.85,76268.13,76283.8,25.79797
2026-04-20 20:54:00,76283.79,76286.06,76273.89,76273.89,49.38722
2026-04-20 20:55:00,76273.89,76286.34,76273.89,76286.34,5.14116
2026-04-20 20:56:00,76286.33,76286.34,76280.0,76280.0,24.33006
2026-04-20 20:57:00,76280.0,76289.84,76280.0,76282.97,26.01404
2026-04-20 20:58:00,76282.98,76282.98,76282.97,76282.97,4.84183
2026-04-20 20:59:00,76282.97,76282.98,76276.0,76276.17,6.92177
2026-04-20 21:00:00,76276.18,76278.01,76276.18,76278.0,5.11674
2026-04-20 21:01:00,76278.01,76278.01,76278.0,76278.0,1.36453
2026-04-20 21:02:00,76278.0,76357.2,76278.0,76357.2,12.74534
2026-04-20 21:03:00,76357.2,76357.2,76232.06,76232.07,37.41376
2026-04-20 21:04:00,76232.06,76246.0,76223.65,76246.0,6.19143
2026-04-20 21:05:00,76245.99,76265.99,76222.47,76265.98,17.30534
2026-04-20 21:06:00,76265.98,76320.25,76265.98,76282.89,6.15734
2026-04-20 21:07:00,76282.9,76282.9,76191.38,76197.99,15.72431
2026-04-20 21:08:00,76197.99,76198.0,76143.99,76144.0,14.69499
2026-04-20 21:09:00,76144.0,76144.0,76133.5,76137.99,2.46532
2026-04-20 21:10:00,76137.99,76138.0,76098.68,76098.68,8.00377
2026-04-20 21:11:00,76098.68,76098.69,75918.07,75935.4,62.02024
2026-04-20 21:12:00,75935.4,75961.88,75926.31,75961.87,10.56536
2026-04-20 21:13:00,75961.88,76012.41,75936.0,76000.84,18.25115
2026-04-20 21:14:00,76000.85,76012.41,75987.77,76004.79,4.06052
2026-04-20 21:15:00,76004.8,76037.57,76004.79,76034.0,3.61975
2026-04-20 21:16:00,76033.99,76034.0,75998.15,75998.15,2.74264
2026-04-20 21:17:00,75998.15,76007.53,75992.0,75992.01,1.97737
2026-04-20 21:18:00,75992.0,75992.01,75902.82,75919.99,16.32754
2026-04-20 21:19:00,75920.0,75931.02,75854.54,75917.31,15.56341
2026-04-20 21:20:00,75917.36,75966.04,75917.36,75966.04,5.70191
2026-04-20 21:21:00,75966.05,75982.01,75966.04,75974.97,2.81347
2026-04-20 21:22:00,75974.98,75989.41,75974.97,75989.4,0.9593
2026-04-20 21:23:00,75989.4,75989.41,75956.81,75987.39,4.79234
2026-04-20 21:24:00,75987.4,75989.31,75966.09,75966.1,3.30797
2026-04-20 21:25:00,75966.09,75966.1,75925.66,75925.67,5.57716
2026-04-20 21:26:00,75925.66,75927.66,75890.78,75919.13,4.39359
2026-04-20 21:27:00,75919.13,75947.95,75919.13,75947.94,3.80749
2026-04-20 21:28:00,75947.95,75947.95,75934.82,75934.82,3.65889
2026-04-20 21:29:00,75934.82,75934.83,75926.86,75926.87,2.94714
2026-04-20 21:30:00,75926.87,75926.87,75887.96,75887.96,1.76621
2026-04-20 21:31:00,75887.95,75887.95,75800.0,75800.01,47.74531
2026-04-20 21:32:00,75800.01,75822.93,75784.05,75821.54,6.07436
2026-04-20 21:33:00,75821.55,75832.04,75800.33,75831.63,25.76984
2026-04-20 21:34:00,75831.64,75862.9,75831.63,75862.89,1.86835
2026-04-20 21:35:00,75862.9,75900.0,75862.9,75876.0,6.74794
2026-04-20 21:36:00,75876.0,75880.76,75873.11,75873.11,2.04504
2026-04-20 21:37:00,75873.11,75927.8,75873.11,75905.01,6.80025
2026-04-20 21:38:00,75905.0,75905.01,75876.42,75884.33,7.42457
2026-04-20 21:39:00,75884.32,75894.38,75877.0,75886.51,4.59867
2026-04-20 21:40:00,75886.51,75901.74,75886.5,75886.86,3.37715
2026-04-20 21:41:00,75886.87,75886.87,75864.55,75884.02,2.26707
2026-04-20 21:42:00,75884.02,75910.54,75880.78,75910.54,0.99139
2026-04-20 21:43:00,75911.09,75945.05,75894.09,75903.85,26.98834
2026-04-20 21:44:00,75903.86,75903.86,75888.73,75888.73,3.41266
2026-04-20 21:45:00,75888.73,75931.2,75888.73,75931.19,1.04486
2026-04-20 21:46:00,75931.2,75931.2,75904.39,75904.4,1.37191
2026-04-20 21:47:00,75904.39,75904.39,75857.59,75888.03,21.7372
2026-04-20 21:48:00,75888.04,75899.29,75865.53,75895.1,14.43685
2026-04-20 21:49:00,75895.1,75904.99,75895.09,75904.99,0.74349
2026-04-20 21:50:00,75905.0,75916.14,75900.0,75914.29,1.71698
2026-04-20 21:51:00,75914.29,75931.15,75914.28,75931.14,0.44142
2026-04-20 21:52:00,75931.15,75931.16,75921.17,75921.18,1.06859
2026-04-20 21:53:00,75921.18,75964.54,75921.17,75964.47,1.47538
2026-04-20 21:54:00,75964.47,75964.47,75945.41,75945.42,1.21287
2026-04-20 21:55:00,75945.42,75950.14,75929.93,75933.69,3.31354
2026-04-20 21:56:00,75933.69,75950.13,75933.69,75940.56,2.23687
2026-04-20 21:57:00,75940.56,75968.25,75932.0,75968.23,12.32986
2026-04-20 21:58:00,75968.23,75968.24,75945.41,75945.42,2.7571
2026-04-20 21:59:00,75945.41,75958.0,75934.61,75954.71,9.24814
2026-04-20 22:00:00,75954.72,76088.91,75954.72,76082.0,20.83713
2026-04-20 22:01:00,76081.99,76086.79,76050.0,76086.78,7.55034
2026-04-20 22:02:00,76086.79,76101.93,76038.0,76038.0,7.36601
2026-04-20 22:03:00,76038.0,76063.89,76032.92,76040.0,4.14432
2026-04-20 22:04:00,76040.01,76084.15,76030.17,76084.15,2.18343
2026-04-20 22:05:00,76084.14,76089.96,76060.0,76089.96,4.73803
2026-04-20 22:06:00,76089.95,76129.95,76089.95,76129.94,2.38677
2026-04-20 22:07:00,76129.95,76143.71,76091.39,76091.39,2.54838
2026-04-20 22:08:00,76091.39,76091.39,76056.0,76056.01,1.58228
2026-04-20 22:09:00,76056.01,76057.99,76050.61,76052.48,4.08418
2026-04-20 22:10:00,76052.47,76079.06,76052.47,76069.12,3.56294
2026-04-20 22:11:00,76069.12,76071.87,76058.97,76067.84,1.24349
2026-04-20 22:12:00,76067.83,76090.46,76064.85,76075.0,1.58477
2026-04-20 22:13:00,76075.0,76075.0,76047.37,76047.37,2.27945
2026-04-20 22:14:00,76047.38,76067.97,76047.37,76067.97,0.83098
2026-04-20 22:15:00,76067.96,76084.0,76067.96,76083.99,0.65716
2026-04-20 22:16:00,76084.0,76108.43,76084.0,76091.43,1.49238
2026-04-20 22:17:00,76091.42,76091.42,76018.61,76018.61,5.7551
2026-04-20 22:18:00,76018.61,76018.61,75964.0,75976.0,4.43904
2026-04-20 22:19:00,75976.01,75976.01,75932.26,75932.26,2.80585
2026-04-20 22:20:00,75932.25,75939.73,75904.39,75939.73,2.22551
2026-04-20 22:21:00,75939.72,75986.11,75939.72,75981.04,2.74295
2026-04-20 22:22:00,75981.04,75981.04,75920.7,75920.7,2.07119
2026-04-20 22:23:00,75920.7,75936.82,75919.49,75927.04,6.87958
2026-04-20 22:24:00,75927.04,75960.61,75927.03,75960.61,2.86474
2026-04-20 22:25:00,75960.6,75960.61,75950.01,75953.36,2.12139
2026-04-20 22:26:00,75953.37,75972.73,75937.44,75937.44,3.76704
2026-04-20 22:27:00,75937.28,75943.49,75914.53,75943.49,2.48844
2026-04-20 22:28:00,75943.49,75943.5,75938.87,75938.88,0.61652
2026-04-20 22:29:00,75938.87,75938.87,75919.99,75919.99,0.96082
2026-04-20 22:30:00,75920.0,75943.06,75904.83,75904.83,2.35176
2026-04-20 22:31:00,75904.84,75930.0,75904.83,75930.0,3.78017
2026-04-20 22:32:00,75930.0,75986.38,75929.99,75984.8,2.04049
2026-04-20 22:33:00,75984.81,76006.0,75984.8,76006.0,3.80537
2026-04-20 22:34:00,76005.99,76036.89,76005.99,76029.4,4.93474
2026-04-20 22:35:00,76029.4,76066.87,76024.72,76024.72,2.3147
2026-04-20 22:36:00,76024.72,76041.8,76024.72,76041.79,1.53786
2026-04-20 22:37:00,76041.79,76041.8,76028.01,76040.77,8.12304
2026-04-20 22:38:00,76040.77,76040.78,76000.0,76007.21,4.73817
2026-04-20 22:39:00,76007.2,76019.99,76000.0,76005.51,2.23861
2026-04-20 22:40:00,76005.52,76005.52,75980.65,76002.64,1.88881
2026-04-20 22:41:00,76002.65,76020.49,75968.35,75968.35,1.15347
2026-04-20 22:42:00,75968.35,75976.0,75954.67,75954.67,1.01477
2026-04-20 22:43:00,75954.67,75959.0,75935.89,75958.99,4.28695
2026-04-20 22:44:00,75958.99,75991.55,75958.99,75991.55,0.87329
2026-04-20 22:45:00,75991.55,75991.55,75975.98,75976.07,1.3089
2026-04-20 22:46:00,75976.08,75995.53,75975.99,75995.52,12.56099
2026-04-20 22:47:00,75995.52,75995.53,75990.0,75990.0,1.52235
2026-04-20 22:48:00,75990.01,75995.53,75975.99,75975.99,32.84072
2026-04-20 22:49:00,75975.99,75976.0,75937.7,75938.3,2.88401
2026-04-20 22:50:00,75938.3,75960.66,75932.11,75960.65,2.06001
2026-04-20 22:51:00,75960.65,75960.66,75952.0,75952.0,1.05829
2026-04-20 22:52:00,75952.0,75954.18,75928.27,75954.18,2.21837
2026-04-20 22:53:00,75954.18,75954.19,75942.0,75942.01,0.49532
2026-04-20 22:54:00,75942.01,75960.44,75942.0,75960.43,1.96403
2026-04-20 22:55:00,75960.43,75960.44,75930.59,75930.6,2.45105
2026-04-20 22:56:00,75930.6,75959.99,75930.59,75959.99,2.30824
2026-04-20 22:57:00,75960.0,75980.31,75959.99,75980.31,1.12032
2026-04-20 22:58:00,75980.31,75995.53,75980.3,75984.26,0.93684
2026-04-20 22:59:00,75984.26,75984.27,75974.24,75974.24,1.01985
2026-04-20 23:00:00,75974.24,75974.24,75850.0,75850.01,27.19013
2026-04-20 23:01:00,75850.01,75850.01,75814.26,75814.26,5.91068
2026-04-20 23:02:00,75814.26,75834.01,75814.26,75821.61,6.40803
2026-04-20 23:03:00,75821.61,75836.08,75813.34,75836.08,1.60564
2026-04-20 23:04:00,75836.07,75875.32,75818.4,75818.4,25.61852
2026-04-20 23:05:00,75818.41,75818.41,75734.39,75734.4,18.92158
2026-04-20 23:06:00,75734.39,75765.0,75727.28,75760.72,13.08528
2026-04-20 23:07:00,75760.72,75765.0,75737.09,75744.44,2.81457
2026-04-20 23:08:00,75744.44,75758.49,75742.51,75755.44,2.90631
2026-04-20 23:09:00,75755.45,75769.83,75755.44,75769.83,1.4875
2026-04-20 23:10:00,75769.82,75812.24,75727.0,75733.51,10.09246
2026-04-20 23:11:00,75733.51,75764.43,75728.61,75741.19,6.72598
2026-04-20 23:12:00,75741.18,75751.98,75731.32,75731.33,6.3032
2026-04-20 23:13:00,75731.32,75791.57,75728.01,75791.56,4.40308
2026-04-20 23:14:00,75791.56,75791.56,75745.13,75753.42,6.6601
2026-04-20 23:15:00,75753.41,75753.42,75727.37,75737.79,3.59243
2026-04-20 23:16:00,75737.8,75747.04,75726.4,75726.41,4.26032
2026-04-20 23:17:00,75726.41,75755.95,75726.4,75755.94,2.11463
2026-04-20 23:18:00,75755.94,75755.95,75680.67,75689.99,10.20455
2026-04-20 23:19:00,75689.99,75721.88,75689.98,75707.77,3.07052
2026-04-20 23:20:00,75707.76,75741.93,75707.76,75741.92,9.10651
2026-04-20 23:21:00,75741.93,75755.0,75724.84,75743.39,15.51158
2026-04-20 23:22:00,75743.38,75754.03,75735.86,75754.03,1.9979
2026-04-20 23:23:00,75754.03,75754.03,75724.85,75729.13,2.40923
2026-04-20 23:24:00,75729.14,75752.76,75729.13,75752.76,0.64386
2026-04-20 23:25:00,75752.75,75752.75,75730.45,75742.38,1.11179
2026-04-20 23:26:00,75742.39,75742.39,75733.17,75737.7,1.70131
2026-04-20 23:27:00,75737.71,75737.71,75679.43,75683.67,9.49059
2026-04-20 23:28:00,75683.68,75683.68,75617.6,75656.82,14.1516
2026-04-20 23:29:00,75656.82,75658.0,75656.81,75658.0,0.97501
2026-04-20 23:30:00,75657.99,75700.0,75657.99,75695.64,4.61755
2026-04-20 23:31:00,75695.63,75695.63,75636.75,75646.35,2.70927
2026-04-20 23:32:00,75646.35,75674.96,75646.35,75671.4,3.01222
2026-04-20 23:33:00,75671.4,75712.0,75671.4,75703.21,3.95849
2026-04-20 23:34:00,75703.22,75720.97,75703.21,75714.35,2.75305
2026-04-20 23:35:00,75714.35,75738.53,75712.0,75738.52,2.04586
2026-04-20 23:36:00,75738.53,75769.59,75738.52,75769.58,2.6613
2026-04-20 23:37:00,75769.59,75780.43,75769.59,75780.42,0.71386
2026-04-20 23:38:00,75780.42,75799.55,75780.42,75796.46,1.86801
2026-04-20 23:39:00,75796.47,75796.47,75791.92,75791.93,0.29355
2026-04-20 23:40:00,75791.92,75800.0,75771.69,75799.99,1.9879
2026-04-20 23:41:00,75799.99,75806.8,75799.99,75806.8,0.56191
2026-04-20 23:42:00,75806.8,75806.8,75777.81,75777.81,1.98951
2026-04-20 23:43:00,75777.81,75777.82,75772.4,75772.4,0.40206
2026-04-20 23:44:00,75772.41,75775.53,75772.4,75775.52,1.37171
2026-04-20 23:45:00,75775.53,75796.92,75773.26,75776.97,0.79281
2026-04-20 23:46:00,75776.98,75786.72,75757.51,75765.39,4.92214
2026-04-20 23:47:00,75765.4,75776.79,75765.39,75776.74,1.27541
2026-04-20 23:48:00,75776.74,75822.2,75776.73,75822.2,2.73306
2026-04-20 23:49:00,75822.19,75882.81,75822.19,75866.01,13.85079
2026-04-20 23:50:00,75866.0,75866.01,75840.46,75840.47,3.33374
2026-04-20 23:51:00,75840.47,75858.86,75840.47,75858.85,1.11507
2026-04-20 23:52:00,75858.86,75864.37,75858.85,75864.37,0.95924
2026-04-20 23:53:00,75864.36,75864.37,75862.62,75862.62,0.79322
2026-04-20 23:54:00,75862.63,75862.63,75862.62,75862.63,1.89892
2026-04-20 23:55:00,75862.62,75862.63,75829.0,75829.01,4.05464
2026-04-20 23:56:00,75829.01,75847.52,75829.01,75847.51,2.72286
2026-04-20 23:57:00,75847.51,75864.37,75847.51,75864.37,2.55045
2026-04-20 23:58:00,75864.37,75864.37,75846.48,75853.32,5.36117
2026-04-20 23:59:00,75853.32,75860.02,75840.97,75840.97,4.0001
2026-04-21 00:00:00,75840.97,75846.49,75829.44,75829.44,4.053
2026-04-21 00:01:00,75829.45,75854.24,75829.44,75854.24,4.68805
2026-04-21 00:02:00,75854.24,75924.42,75854.24,75924.42,18.30126
2026-04-21 00:03:00,75924.42,75924.42,75829.45,75840.61,7.13858
2026-04-21 00:04:00,75840.6,75840.61,75814.38,75821.4,3.76877
2026-04-21 00:05:00,75821.39,75854.95,75816.25,75843.13,5.46427
2026-04-21 00:06:00,75842.01,75842.01,75785.46,75792.88,5.95939
2026-04-21 00:07:00,75792.88,75820.02,75713.1,75727.62,15.52599
2026-04-21 00:08:00,75727.61,75746.94,75702.04,75746.93,5.31158
2026-04-21 00:09:00,75746.93,75747.84,75700.0,75733.11,5.74343
2026-04-21 00:10:00,75733.12,75814.27,75733.12,75814.26,4.67994
2026-04-21 00:11:00,75814.26,75814.27,75803.44,75814.27,1.69295
2026-04-21 00:12:00,75814.26,75843.77,75790.6,75843.77,3.9152
2026-04-21 00:13:00,75843.77,75893.6,75843.76,75886.0,3.11202
2026-04-21 00:14:00,75886.0,75903.41,75867.21,75867.21,2.40947
2026-04-21 00:15:00,75867.21,75888.82,75845.75,75888.81,3.13357
2026-04-21 00:16:00,75888.81,75896.23,75858.85,75879.45,3.7983
2026-04-21 00:17:00,75879.45,75919.49,75879.44,75916.09,9.21813
2026-04-21 00:18:00,75916.09,75916.09,75870.76,75870.77,2.23417
2026-04-21 00:19:00,75870.76,75893.18,75870.76,75879.46,4.01307
2026-04-21 00:20:00,75879.46,75886.01,75836.09,75836.1,2.82785
2026-04-21 00:21:00,75836.1,75872.13,75836.1,75871.76,2.33711
2026-04-21 00:22:00,75871.75,75898.54,75861.47,75882.0,2.61474
2026-04-21 00:23:00,75882.0,75913.58,75867.39,75910.71,10.36495
2026-04-21 00:24:00,75910.71,75928.63,75906.32,75906.32,1.82059
2026-04-21 00:25:00,75906.33,75906.33,75838.73,75858.45,1.90989
2026-04-21 00:26:00,75858.45,75858.46,75808.18,75821.64,2.40711
2026-04-21 00:27:00,75821.65,75860.94,75821.65,75857.14,1.6227
2026-04-21 00:28:00,75857.13,75862.9,75853.23,75862.89,3.48362
2026-04-21 00:29:00,75862.9,75910.9,75857.66,75909.51,10.04466
2026-04-21 00:30:00,75909.51,75952.69,75909.5,75942.99,4.98139
2026-04-21 00:31:00,75942.01,75942.01,75886.18,75886.18,2.43887
2026-04-21 00:32:00,75886.19,75886.19,75861.58,75861.58,2.59109
2026-04-21 00:33:00,75861.59,75914.0,75861.58,75911.23,5.63795
2026-04-21 00:34:00,75911.22,75938.86,75911.22,75932.38,3.12041
2026-04-21 00:35:00,75932.39,75993.22,75919.98,75951.64,15.30244
2026-04-21 00:36:00,75951.63,75951.63,75899.0,75899.01,4.0832
2026-04-21 00:37:00,75899.02,75924.0,75899.02,75902.4,3.75052
2026-04-21 00:38:00,75902.4,75914.96,75902.39,75906.54,4.72198
2026-04-21 00:39:00,75906.54,75960.0,75899.01,75904.39,33.7479
2026-04-21 00:40:00,75904.39,75945.41,75904.39,75940.66,31.46736
2026-04-21 00:41:00,75940.65,75940.66,75926.2,75929.99,2.02304
2026-04-21 00:42:00,75929.99,75929.99,75919.49,75919.5,0.3529
2026-04-21 00:43:00,75919.49,75919.5,75899.0,75912.89,1.82554
2026-04-21 00:44:00,75912.89,75919.5,75881.61,75881.61,15.98492
2026-04-21 00:45:00,75881.62,75919.5,75881.61,75919.48,21.00355
2026-04-21 00:46:00,75919.49,75945.81,75919.48,75919.5,7.1201
2026-04-21 00:47:00,75919.5,76073.33,75904.39,76015.93,44.18315
2026-04-21 00:48:00,76015.94,76063.29,76015.93,76063.28,7.07787
2026-04-21 00:49:00,76063.28,76063.29,75996.83,75999.71,10.88085
2026-04-21 00:50:00,75999.71,75999.71,75946.8,75946.81,3.54112
2026-04-21 00:51:00,75946.81,75971.16,75939.21,75971.16,1.11842
2026-04-21 00:52:00,75971.16,75971.16,75935.15,75935.16,1.81671
2026-04-21 00:53:00,75935.16,75943.38,75919.49,75943.38,2.25441
2026-04-21 00:54:00,75943.38,75943.39,75932.83,75936.86,2.97929
2026-04-21 00:55:00,75936.85,76019.88,75936.85,76015.65,7.28574
2026-04-21 00:56:00,76015.65,76065.8,76008.0,76065.79,5.76569
2026-04-21 00:57:00,76065.8,76090.26,76051.24,76054.87,10.90863
2026-04-21 00:58:00,76054.86,76099.19,76054.82,76099.19,10.53622
2026-04-21 00:59:00,76099.18,76099.19,76089.19,76092.45,6.86269
2026-04-21 01:00:00,76092.46,76092.46,76041.64,76073.33,10.81573
2026-04-21 01:01:00,76073.32,76073.32,76041.16,76055.84,1.56561
2026-04-21 01:02:00,76055.84,76055.84,76024.72,76051.99,3.08941
2026-04-21 01:03:00,76052.0,76100.0,76051.99,76100.0,8.71292
2026-04-21 01:04:00,76099.99,76114.0,76097.73,76099.76,4.33034
2026-04-21 01:05:00,76099.76,76131.33,76099.75,76131.32,48.82238
2026-04-21 01:06:00,76131.32,76235.18,76131.32,76235.17,20.50034
2026-04-21 01:07:00,76235.18,76263.4,76189.0,76191.59,10.74573
2026-04-21 01:08:00,76191.58,76212.36,76189.01,76200.52,4.27507
2026-04-21 01:09:00,76200.52,76200.52,76147.03,76180.01,6.10219
2026-04-21 01:10:00,76180.0,76192.92,76174.7,76186.2,2.50024
2026-04-21 01:11:00,76186.2,76186.2,76138.23,76144.57,4.67318
2026-04-21 01:12:00,76144.57,76144.57,76100.66,76110.19,22.78268
2026-04-21 01:13:00,76110.19,76131.26,76078.0,76130.19,17.80514
2026-04-21 01:14:00,76130.18,76158.97,76129.94,76129.94,4.563
2026-04-21 01:15:00,76129.94,76129.94,76068.61,76068.62,6.96751
2026-04-21 01:16:00,76068.61,76068.61,76014.0,76015.18,7.14998
2026-04-21 01:17:00,76015.19,76063.4,76015.18,76056.95,2.63334
2026-04-21 01:18:00,76056.94,76057.48,76047.68,76047.68,2.9981
2026-04-21 01:19:00,76047.68,76047.68,75995.54,76003.79,6.25023
2026-04-21 01:20:00,76003.79,76030.0,76003.79,76026.79,2.80756
2026-04-21 01:21:00,76026.79,76051.65,76026.79,76041.01,4.90565
2026-04-21 01:22:00,76041.01,76041.01,76007.39,76020.57,8.25667
2026-04-21 01:23:00,76020.56,76051.64,76020.56,76051.63,5.82146
2026-04-21 01:24:00,76051.63,76051.63,76024.72,76029.29,3.75802
2026-04-21 01:25:00,76029.28,76029.29,75995.54,75995.55,6.91934
2026-04-21 01:26:00,75995.55,76014.39,75987.94,75989.26,6.9886
2026-04-21 01:27:00,75989.26,76023.85,75989.26,76016.87,5.46516
2026-04-21 01:28:00,76016.86,76029.29,76003.84,76029.29,2.92507
2026-04-21 01:29:00,76029.29,76142.49,76029.28,76133.01,27.73513
2026-04-21 01:30:00,76133.0,76226.4,76131.31,76209.1,9.58181
2026-04-21 01:31:00,76209.09,76220.57,76185.33,76185.34,3.16964
2026-04-21 01:32:00,76185.33,76189.65,76163.99,76189.65,4.95082
2026-04-21 01:33:00,76189.65,76189.67,76170.0,76173.49,3.33555
2026-04-21 01:34:00,76173.48,76173.48,76118.52,76118.53,3.09058
2026-04-21 01:35:00,76118.53,76134.72,76112.0,76134.72,3.74824
2026-04-21 01:36:00,76134.71,76134.71,76080.0,76080.01,4.82001
2026-04-21 01:37:00,76080.01,76080.01,76038.65,76038.65,4.22459
2026-04-21 01:38:00,76038.66,76068.61,76038.65,76068.61,2.85471
2026-04-21 01:39:00,76068.62,76068.62,76015.22,76024.72,2.83035
2026-04-21 01:40:00,76024.72,76024.72,75990.82,76006.43,3.3478
2026-04-21 01:41:00,76006.43,76045.19,76006.42,76045.18,3.50158
2026-04-21 01:42:00,76045.18,76045.19,76041.27,76043.59,2.50965
2026-04-21 01:43:00,76043.6,76043.6,76024.72,76024.73,3.40696
2026-04-21 01:44:00,76024.73,76082.77,76024.72,76072.2,6.66182
2026-04-21 01:45:00,76072.2,76072.21,76032.4,76047.53,2.50638
2026-04-21 01:46:00,76047.54,76047.54,76010.0,76010.0,1.90279
2026-04-21 01:47:00,76010.01,76031.33,75990.83,76031.33,6.05305
2026-04-21 01:48:00,76031.33,76044.34,76029.63,76042.38,3.83486
2026-04-21 01:49:00,76042.38,76042.38,76017.11,76024.55,4.43394
2026-04-21 01:50:00,76024.55,76042.38,76019.37,76019.38,1.87053
2026-04-21 01:51:00,76019.38,76023.02,75980.18,75980.19,7.51685
2026-04-21 01:52:00,75980.19,75980.19,75919.49,75919.49,4.27813
2026-04-21 01:53:00,75919.49,75919.49,75866.01,75889.85,10.4147
2026-04-21 01:54:00,75889.85,75890.63,75870.34,75890.63,4.65835
2026-04-21 01:55:00,75890.63,75900.0,75885.61,75896.78,0.71684
2026-04-21 01:56:00,75896.78,75896.79,75876.55,75889.67,3.24288
2026-04-21 01:57:00,75889.67,75900.02,75876.55,75900.01,3.72113
2026-04-21 01:58:00,75900.02,75917.31,75900.01,75917.3,0.57998
2026-04-21 01:59:00,75917.31,75927.59,75917.3,75927.59,0.50563
2026-04-21 02:00:00,75927.58,75932.7,75871.09,75871.1,2.50507
2026-04-21 02:01:00,75871.1,75871.1,75775.31,75803.6,19.28245
2026-04-21 02:02:00,75803.6,75803.6,75750.0,75758.31,4.14349
2026-04-21 02:03:00,75758.32,75790.59,75758.31,75780.34,3.81024
2026-04-21 02:04:00,75780.34,75812.0,75780.34,75786.7,2.17693
2026-04-21 02:05:00,75786.69,75805.86,75786.69,75794.71,0.78144
2026-04-21 02:06:00,75794.71,75794.71,75773.59,75776.8,1.8432
2026-04-21 02:07:00,75776.8,75810.43,75772.15,75779.53,5.01607
2026-04-21 02:08:00,75779.52,75779.53,75758.49,75758.5,0.56957
2026-04-21 02:09:00,75758.5,75792.31,75758.49,75792.3,2.59024
2026-04-21 02:10:00,75792.3,75798.69,75779.87,75779.88,2.42734
2026-04-21 02:11:00,75779.87,75801.6,75772.65,75772.65,17.37274
2026-04-21 02:12:00,75772.65,75787.06,75703.61,75705.51,18.75375
2026-04-21 02:13:00,75705.52,75730.7,75705.51,75725.12,5.17316
2026-04-21 02:14:00,75725.11,75732.0,75712.68,75731.99,7.08918
2026-04-21 02:15:00,75732.0,75732.0,75699.69,75726.21,4.40551
2026-04-21 02:16:00,75726.2,75767.85,75719.81,75736.8,5.12889
2026-04-21 02:17:00,75736.8,75736.8,75719.66,75726.08,2.01046
2026-04-21 02:18:00,75726.08,75771.65,75726.07,75771.64,2.07702
2026-04-21 02:19:00,75771.65,75784.18,75721.99,75733.32,119.35775
2026-04-21 02:20:00,75733.32,75763.24,75709.04,75763.24,125.63869
2026-04-21 02:21:00,75763.23,75778.71,75763.23,75778.7,3.37931
2026-04-21 02:22:00,75778.7,75787.94,75761.12,75761.12,3.04396
2026-04-21 02:23:00,75761.13,75761.13,75722.41,75739.88,5.81018
2026-04-21 02:24:00,75739.89,75754.8,75730.0,75730.01,3.99342
2026-04-21 02:25:00,75730.01,75730.01,75691.03,75716.8,5.86551
2026-04-21 02:26:00,75716.8,75727.78,75714.07,75727.78,3.33394
2026-04-21 02:27:00,75727.78,75754.25,75727.78,75749.19,1.98838
2026-04-21 02:28:00,75749.19,75794.34,75749.19,75783.4,9.70478
2026-04-21 02:29:00,75783.41,75783.41,75721.38,75721.38,5.61233
2026-04-21 02:30:00,75721.39,75781.22,75721.39,75762.84,2.87607
2026-04-21 02:31:00,75762.83,75790.59,75762.83,75790.59,2.85413
2026-04-21 02:32:00,75790.58,75797.94,75778.0,75778.01,1.30575
2026-04-21 02:33:00,75778.0,75778.01,75762.2,75770.69,3.64949
2026-04-21 02:34:00,75770.68,75770.68,75730.21,75743.54,2.85527
2026-04-21 02:35:00,75743.54,75764.4,75711.2,75711.21,3.23141
2026-04-21 02:36:00,75711.2,75740.74,75692.44,75740.73,3.25732
2026-04-21 02:37:00,75740.73,75740.74,75691.78,75695.91,2.2262
2026-04-21 02:38:00,75695.92,75695.92,75669.19,75669.27,2.30644
2026-04-21 02:39:00,75669.28,75686.34,75650.0,75650.01,17.24586
2026-04-21 02:40:00,75650.01,75671.19,75631.58,75631.59,4.2505
2026-04-21 02:41:00,75631.59,75671.19,75631.58,75671.19,1.5514
2026-04-21 02:42:00,75671.19,75682.68,75662.47,75664.09,3.73216
2026-04-21 02:43:00,75664.09,75672.42,75654.14,75672.42,1.58731
2026-04-21 02:44:00,75672.42,75681.73,75600.0,75603.87,23.08098
2026-04-21 02:45:00,75603.88,75631.71,75580.0,75631.71,7.17146
2026-04-21 02:46:00,75631.71,75650.0,75628.0,75628.01,2.31117
2026-04-21 02:47:00,75628.01,75672.42,75628.01,75655.5,5.42732
2026-04-21 02:48:00,75655.51,75655.51,75630.18,75638.99,1.08152
2026-04-21 02:49:00,75639.0,75650.37,75601.0,75601.0,11.53344
2026-04-21 02:50:00,75601.01,75633.59,75601.0,75619.04,4.1812
2026-04-21 02:51:00,75619.04,75619.04,75611.52,75618.99,9.0618
2026-04-21 02:52:00,75619.0,75619.0,75613.93,75613.93,0.42674
2026-04-21 02:53:00,75613.94,75613.95,75613.93,75613.94,1.04411
2026-04-21 02:54:00,75613.94,75619.04,75601.0,75618.8,2.86469
2026-04-21 02:55:00,75618.8,75619.04,75601.0,75601.01,1.76587
2026-04-21 02:56:00,75601.01,75602.41,75601.0,75602.41,1.90022
2026-04-21 02:57:00,75602.41,75621.41,75602.41,75621.41,1.66378
2026-04-21 02:58:00,75621.41,75623.8,75609.65,75609.65,1.07228
2026-04-21 02:59:00,75609.65,75609.66,75581.33,75581.33,13.69252
2026-04-21 03:00:00,75581.33,75581.34,75556.81,75556.81,8.17578
2026-04-21 03:01:00,75556.81,75588.17,75556.8,75567.11,8.34977
2026-04-21 03:02:00,75567.11,75567.12,75474.77,75527.19,36.29808
2026-04-21 03:03:00,75527.19,75570.99,75527.18,75567.3,4.12578
2026-04-21 03:04:00,75567.3,75616.78,75567.0,75616.78,9.03088
2026-04-21 03:05:00,75616.79,75624.0,75567.0,75567.0,3.60723
2026-04-21 03:06:00,75567.01,75606.78,75567.0,75602.0,1.8497
2026-04-21 03:07:00,75601.99,75601.99,75586.19,75601.91,1.77111
2026-04-21 03:08:00,75601.9,75620.0,75601.9,75620.0,2.44711
2026-04-21 03:09:00,75619.99,75620.0,75603.81,75603.82,1.27405
2026-04-21 03:10:00,75603.82,75631.29,75587.25,75622.91,5.88289
2026-04-21 03:11:00,75622.92,75635.78,75612.0,75621.93,1.76977
2026-04-21 03:12:00,75621.92,75621.93,75567.0,75567.01,17.77932
2026-04-21 03:13:00,75567.0,75567.01,75542.0,75567.01,5.18885
2026-04-21 03:14:00,75567.01,75568.07,75567.0,75568.07,0.93843
2026-04-21 03:15:00,75568.07,75590.45,75563.95,75590.45,2.07217
2026-04-21 03:16:00,75590.45,75601.8,75590.44,75601.79,2.51827
2026-04-21 03:17:00,75601.8,75625.81,75601.79,75613.27,1.55961
2026-04-21 03:18:00,75613.27,75613.28,75550.0,75550.01,2.70185
2026-04-21 03:19:00,75550.0,75550.0,75500.01,75508.0,5.17869
2026-04-21 03:20:00,75508.01,75541.13,75508.0,75541.13,1.80366
2026-04-21 03:21:00,75541.13,75557.56,75540.93,75540.93,2.77457
2026-04-21 03:22:00,75540.94,75555.41,75508.0,75508.01,2.27268
2026-04-21 03:23:00,75508.0,75571.73,75508.0,75571.73,2.45744
2026-04-21 03:24:00,75571.73,75576.75,75571.72,75573.65,1.61612
2026-04-21 03:25:00,75573.64,75573.65,75565.44,75565.45,2.42861
2026-04-21 03:26:00,75565.45,75605.77,75565.44,75605.77,4.19579
2026-04-21 03:27:00,75605.77,75663.09,75605.77,75651.54,7.95787
2026-04-21 03:28:00,75651.54,75651.54,75631.58,75631.59,1.9287
2026-04-21 03:29:00,75631.58,75631.59,75630.57,75630.58,1.81862
2026-04-21 03:30:00,75630.57,75674.71,75623.18,75674.7,3.5869
2026-04-21 03:31:00,75674.7,75720.84,75674.7,75693.41,13.82538
2026-04-21 03:32:00,75693.42,75704.21,75680.94,75680.95,2.74584
2026-04-21 03:33:00,75680.95,75680.95,75662.29,75669.35,1.61505
2026-04-21 03:34:00,75669.35,75669.35,75669.34,75669.35,0.30333
2026-04-21 03:35:00,75669.34,75669.35,75613.64,75613.65,3.1576
2026-04-21 03:36:00,75613.65,75616.91,75600.0,75600.01,2.66676
2026-04-21 03:37:00,75600.01,75600.01,75522.0,75522.01,2.72629
2026-04-21 03:38:00,75522.0,75540.87,75522.0,75533.08,1.49397
2026-04-21 03:39:00,75533.08,75533.08,75533.07,75533.07,0.56842
2026-04-21 03:40:00,75533.08,75533.08,75500.0,75526.0,2.89156
2026-04-21 03:41:00,75526.0,75526.0,75492.67,75492.68,3.14421
2026-04-21 03:42:00,75492.67,75542.68,75492.67,75542.67,3.85913
2026-04-21 03:43:00,75542.68,75560.91,75542.68,75560.9,1.74107
2026-04-21 03:44:00,75560.91,75560.91,75556.81,75556.81,2.70078
2026-04-21 03:45:00,75556.81,75573.05,75548.82,75567.31,2.63975
2026-04-21 03:46:00,75567.31,75567.31,75563.95,75563.95,0.71652
2026-04-21 03:47:00,75563.95,75576.71,75559.49,75576.71,0.90645
2026-04-21 03:48:00,75576.71,75598.2,75576.7,75598.19,2.14028
2026-04-21 03:49:00,75598.2,75647.99,75598.19,75641.74,3.86979
2026-04-21 03:50:00,75641.74,75663.54,75641.74,75663.54,4.33363
2026-04-21 03:51:00,75663.54,75696.69,75663.53,75693.68,3.52284
2026-04-21 03:52:00,75693.69,75709.04,75688.49,75709.03,6.67569
2026-04-21 03:53:00,75709.04,75709.04,75705.75,75705.76,2.36554
2026-04-21 03:54:00,75705.76,75706.18,75694.35,75706.17,6.87028
2026-04-21 03:55:00,75706.18,75716.71,75694.48,75711.99,5.19393
2026-04-21 03:56:00,75711.99,75711.99,75698.51,75698.6,6.02333
2026-04-21 03:57:00,75698.61,75714.4,75698.6,75713.53,7.45114
2026-04-21 03:58:00,75713.53,75721.12,75700.0,75703.59,2.71269
2026-04-21 03:59:00,75703.59,75721.12,75703.59,75710.3,2.02995
2026-04-21 04:00:00,75710.31,75746.42,75710.31,75746.42,14.36963
2026-04-21 04:01:00,75746.42,75763.07,75728.7,75728.71,12.15096
2026-04-21 04:02:00,75728.71,75737.07,75700.0,75707.43,5.77835
2026-04-21 04:03:00,75707.44,75716.89,75700.0,75716.89,2.76279
2026-04-21 04:04:00,75716.89,75726.08,75716.89,75726.08,0.79857
2026-04-21 04:05:00,75726.07,75726.08,75673.97,75675.39,3.05583
2026-04-21 04:06:00,75675.38,75675.38,75650.0,75673.99,1.72052
2026-04-21 04:07:00,75673.99,75673.99,75659.5,75673.76,2.76095
2026-04-21 04:08:00,75673.76,75673.77,75660.0,75660.0,2.28068
2026-04-21 04:09:00,75660.0,75666.19,75645.45,75645.45,1.16094
2026-04-21 04:10:00,75645.45,75655.66,75645.44,75655.66,1.31713
2026-04-21 04:11:00,75655.65,75658.07,75644.0,75651.57,1.47554
2026-04-21 04:12:00,75651.57,75662.16,75651.57,75655.13,1.37769
2026-04-21 04:13:00,75655.14,75655.14,75641.75,75641.75,1.08879
2026-04-21 04:14:00,75641.76,75655.06,75611.05,75611.05,3.47517
2026-04-21 04:15:00,75611.05,75663.78,75611.05,75663.77,3.82444
2026-04-21 04:16:00,75663.77,75663.78,75636.0,75646.88,2.62259
2026-04-21 04:17:00,75646.89,75646.89,75637.25,75645.99,5.32237
2026-04-21 04:18:00,75645.99,75646.0,75619.99,75634.3,1.2854
2026-04-21 04:19:00,75634.3,75653.96,75600.0,75600.01,9.18909
2026-04-21 04:20:00,75600.0,75641.13,75600.0,75632.0,6.95802
2026-04-21 04:21:00,75632.01,75632.01,75612.04,75612.04,0.78643
2026-04-21 04:22:00,75612.05,75624.3,75604.83,75624.29,3.56059
2026-04-21 04:23:00,75624.29,75652.58,75617.98,75652.58,3.60115
2026-04-21 04:24:00,75652.58,75652.58,75644.91,75644.91,0.40603
2026-04-21 04:25:00,75644.91,75644.92,75638.43,75638.43,2.09235
2026-04-21 04:26:00,75638.43,75649.72,75638.42,75649.72,4.53174
2026-04-21 04:27:00,75649.71,75712.89,75649.71,75712.89,4.12856
2026-04-21 04:28:00,75712.89,75712.89,75654.43,75654.44,5.68905
2026-04-21 04:29:00,75654.43,75662.0,75632.43,75633.63,2.22869
2026-04-21 04:30:00,75633.63,75660.23,75633.62,75660.23,4.18446
2026-04-21 04:31:00,75660.23,75673.3,75660.22,75673.3,5.62687
2026-04-21 04:32:00,75673.29,75673.3,75648.12,75655.94,5.73295
2026-04-21 04:33:00,75655.94,75669.1,75655.94,75656.76,4.18822
2026-04-21 04:34:00,75656.76,75656.77,75623.2,75623.2,5.36868
2026-04-21 04:35:00,75623.21,75696.17,75623.21,75696.17,9.21528
2026-04-21 04:36:00,75696.17,75716.0,75696.16,75716.0,5.02074
2026-04-21 04:37:00,75716.0,75720.39,75715.99,75719.35,5.77557
2026-04-21 04:38:00,75719.35,75729.46,75715.73,75729.45,7.2066
2026-04-21 04:39:00,75729.44,75729.45,75696.91,75704.29,4.76844
2026-04-21 04:40:00,75704.29,75704.3,75699.41,75699.41,3.73801
2026-04-21 04:41:00,75699.42,75699.42,75687.4,75687.4,4.3186
2026-04-21 04:42:00,75687.41,75687.41,75674.43,75674.43,2.61552
2026-04-21 04:43:00,75674.43,75674.44,75667.39,75667.4,3.19571
2026-04-21 04:44:00,75667.4,75712.0,75650.0,75711.19,12.77226
2026-04-21 04:45:00,75711.19,75733.29,75689.91,75713.83,9.26163
2026-04-21 04:46:00,75713.82,75723.61,75713.82,75723.6,1.14382
2026-04-21 04:47:00,75723.61,75725.16,75723.6,75725.16,1.74596
2026-04-21 04:48:00,75725.15,75725.16,75718.0,75725.14,2.88439
2026-04-21 04:49:00,75725.14,75725.16,75721.12,75721.12,4.94222
2026-04-21 04:50:00,75721.13,75721.13,75721.12,75721.12,0.3514
2026-04-21 04:51:00,75721.12,75725.0,75721.12,75724.99,0.42306
2026-04-21 04:52:00,75725.0,75790.02,75725.0,75769.68,9.24441
2026-04-21 04:53:00,75769.68,75769.69,75759.78,75759.79,0.91368
2026-04-21 04:54:00,75759.78,75760.54,75749.44,75753.74,4.89322
2026-04-21 04:55:00,75753.74,75759.45,75749.99,75759.45,5.07598
2026-04-21 04:56:00,75759.44,75783.4,75759.44,75783.4,2.08733
2026-04-21 04:57:00,75783.4,75799.89,75783.39,75799.89,2.17821
2026-04-21 04:58:00,75799.89,75822.0,75799.88,75822.0,3.14914
2026-04-21 04:59:00,75822.0,75823.49,75806.82,75813.81,15.82033
2026-04-21 05:00:00,75813.8,75830.66,75805.84,75830.65,3.20126
2026-04-21 05:01:00,75830.66,75852.0,75814.26,75817.73,4.21145
2026-04-21 05:02:00,75817.73,75817.73,75804.0,75815.0,4.63343
2026-04-21 05:03:00,75815.01,75838.21,75815.01,75838.21,2.42312
2026-04-21 05:04:00,75838.21,75846.69,75838.2,75846.69,3.58139
2026-04-21 05:05:00,75846.68,75860.2,75842.3,75846.14,9.86689
2026-04-21 05:06:00,75846.14,75868.88,75846.14,75868.88,2.45808
2026-04-21 05:07:00,75868.88,75871.33,75862.28,75871.33,3.28394
2026-04-21 05:08:00,75871.32,75940.98,75871.32,75940.97,6.87241
2026-04-21 05:09:00,75940.98,75970.68,75923.85,75931.81,17.85211
2026-04-21 05:10:00,75931.81,75931.81,75889.32,75889.33,6.80789
2026-04-21 05:11:00,75889.32,75890.5,75881.88,75882.57,3.80199
2026-04-21 05:12:00,75882.57,75898.17,75876.15,75898.16,2.84635
2026-04-21 05:13:00,75898.17,75898.17,75867.52,75870.63,1.23808
2026-04-21 05:14:00,75870.63,75900.0,75870.63,75900.0,3.45725
2026-04-21 05:15:00,75900.0,75922.6,75890.06,75922.59,2.48589
2026-04-21 05:16:00,75922.6,75922.6,75904.0,75904.0,1.82271
2026-04-21 05:17:00,75904.01,75904.01,75870.93,75877.29,8.4228
2026-04-21 05:18:00,75877.28,75880.4,75870.93,75877.47,2.56991
2026-04-21 05:19:00,75877.47,75880.4,75877.47,75879.75,4.40559
2026-04-21 05:20:00,75879.74,75932.0,75879.74,75932.0,15.9311
2026-04-21 05:21:00,75932.0,75946.59,75932.0,75935.65,22.44105
2026-04-21 05:22:00,75935.66,75938.18,75914.8,75914.81,13.49894
2026-04-21 05:23:00,75914.8,75961.94,75910.35,75960.84,12.23696
2026-04-21 05:24:00,75960.84,75975.61,75958.36,75970.13,9.19472
2026-04-21 05:25:00,75970.13,75970.14,75949.95,75949.95,5.00712
2026-04-21 05:26:00,75949.95,75968.34,75947.44,75967.0,6.47408
2026-04-21 05:27:00,75967.0,75981.1,75850.0,75853.71,30.18368
2026-04-21 05:28:00,75853.72,75892.42,75853.72,75892.41,2.47161
2026-04-21 05:29:00,75892.42,75892.42,75892.41,75892.42,0.33356
2026-04-21 05:30:00,75892.41,75892.42,75886.01,75890.43,1.51272
2026-04-21 05:31:00,75890.44,75890.44,75866.94,75866.94,1.44943
2026-04-21 05:32:00,75866.95,75866.95,75829.79,75829.8,4.1248
2026-04-21 05:33:00,75829.79,75880.14,75829.79,75875.63,1.66065
2026-04-21 05:34:00,75875.63,75875.64,75859.8,75859.81,2.66913
2026-04-21 05:35:00,75859.8,75875.52,75852.3,75863.48,1.73341
2026-04-21 05:36:00,75863.48,75873.44,75863.48,75867.15,1.209
2026-04-21 05:37:00,75867.14,75867.15,75860.21,75864.29,2.15775
2026-04-21 05:38:00,75864.3,75879.32,75864.27,75864.28,1.49638
2026-04-21 05:39:00,75864.28,75864.28,75834.81,75834.82,3.36017
2026-04-21 05:40:00,75834.82,75856.75,75834.82,75856.75,2.32318
2026-04-21 05:41:00,75856.74,75856.85,75842.16,75856.84,1.50444
2026-04-21 05:42:00,75856.85,75864.28,75856.85,75856.91,2.03155
2026-04-21 05:43:00,75856.91,75857.78,75848.27,75848.28,6.35259
2026-04-21 05:44:00,75848.27,75848.28,75841.62,75841.62,3.19621
2026-04-21 05:45:00,75841.62,75841.62,75813.12,75823.16,9.12063
2026-04-21 05:46:00,75823.16,75823.17,75804.22,75804.91,5.36521
2026-04-21 05:47:00,75804.92,75804.92,75782.75,75804.3,6.93696
2026-04-21 05:48:00,75804.29,75816.11,75804.29,75814.26,4.15343
2026-04-21 05:49:00,75814.26,75814.27,75809.12,75809.12,2.59965
2026-04-21 05:50:00,75809.13,75809.81,75792.26,75795.12,4.66529
2026-04-21 05:51:00,75795.12,75795.12,75783.55,75787.6,3.03407
2026-04-21 05:52:00,75787.6,75795.12,75787.6,75795.12,1.27664
2026-04-21 05:53:00,75795.12,75816.1,75795.12,75815.83,2.21782
2026-04-21 05:54:00,75815.82,75829.77,75811.74,75829.77,6.84663
2026-04-21 05:55:00,75829.76,75829.77,75829.76,75829.76,2.51771
2026-04-21 05:56:00,75829.76,75829.77,75829.75,75829.75,6.63186
2026-04-21 05:57:00,75829.75,75829.76,75798.18,75798.19,5.78152
2026-04-21 05:58:00,75798.19,75816.35,75798.19,75810.39,3.65036
2026-04-21 05:59:00,75810.38,75821.76,75802.0,75802.0,5.94403
2026-04-21 06:00:00,75802.0,75807.91,75802.0,75807.9,1.52072
2026-04-21 06:01:00,75807.91,75817.54,75745.31,75766.97,8.72858
2026-04-21 06:02:00,75766.96,75784.0,75745.96,75745.97,5.30697
2026-04-21 06:03:00,75745.97,75774.17,75734.15,75768.0,3.70117
2026-04-21 06:04:00,75768.0,75772.77,75752.47,75754.27,6.17487
2026-04-21 06:05:00,75754.28,75773.85,75750.0,75750.0,4.16098
2026-04-21 06:06:00,75750.01,75774.0,75750.01,75770.47,1.37319
2026-04-21 06:07:00,75770.46,75770.46,75758.2,75758.2,2.30941
2026-04-21 06:08:00,75758.2,75781.81,75758.2,75775.95,5.91495
2026-04-21 06:09:00,75775.95,75777.06,75766.72,75766.72,5.56575
2026-04-21 06:10:00,75766.72,75777.17,75762.1,75777.17,3.84034
2026-04-21 06:11:00,75777.16,75777.17,75762.08,75776.0,4.42662
2026-04-21 06:12:00,75776.0,75776.0,75758.17,75758.17,1.88353
2026-04-21 06:13:00,75758.17,75777.17,75758.17,75772.89,3.08893
2026-04-21 06:14:00,75772.89,75789.0,75770.79,75788.54,3.47435
2026-04-21 06:15:00,75788.53,75788.54,75788.52,75788.53,5.56029
2026-04-21 06:16:00,75788.53,75800.06,75786.43,75800.0,17.57434
2026-04-21 06:17:00,75800.0,75800.01,75771.46,75774.04,24.24474
2026-04-21 06:18:00,75774.04,75784.64,75759.83,75759.83,2.10292
2026-04-21 06:19:00,75759.84,75759.84,75743.37,75743.38,2.52237
2026-04-21 06:20:00,75743.38,75743.38,75703.85,75704.01,2.27693
2026-04-21 06:21:00,75704.01,75733.52,75704.0,75733.52,1.87459
2026-04-21 06:22:00,75733.87,75765.44,75726.2,75735.58,11.2102
2026-04-21 06:23:00,75735.59,75746.96,75735.58,75746.95,1.46802
2026-04-21 06:24:00,75746.95,75759.99,75724.0,75724.0,5.41635
2026-04-21 06:25:00,75724.0,75743.35,75722.6,75742.89,4.04666
2026-04-21 06:26:00,75742.9,75742.9,75726.5,75726.5,1.1737
2026-04-21 06:27:00,75726.51,75759.98,75726.5,75759.98,2.33424
2026-04-21 06:28:00,75759.99,75766.53,75759.98,75766.5,7.20975
2026-04-21 06:29:00,75766.5,75766.51,75760.41,75760.41,1.72822
2026-04-21 06:30:00,75760.41,75807.57,75760.41,75807.56,3.06517
2026-04-21 06:31:00,75807.57,75949.87,75807.56,75939.3,8.51159
2026-04-21 06:32:00,75939.3,75967.35,75908.85,75913.7,7.19642
2026-04-21 06:33:00,75913.71,75999.55,75913.71,75989.27,6.15619
2026-04-21 06:34:00,75989.27,76070.0,75983.6,76066.69,102.71962
2026-04-21 06:35:00,76066.7,76129.95,76042.0,76119.37,27.0353
2026-04-21 06:36:00,76119.37,76129.95,76073.15,76073.15,4.91126
2026-04-21 06:37:00,76073.15,76073.16,76001.59,76009.45,7.32413
2026-04-21 06:38:00,76009.46,76033.48,76002.87,76002.87,6.03093
2026-04-21 06:39:00,76002.88,76037.88,76002.87,76031.71,3.72465
2026-04-21 06:40:00,76031.7,76057.59,76031.7,76057.51,2.4995
2026-04-21 06:41:00,76057.51,76057.52,76037.53,76046.26,2.19512
2026-04-21 06:42:00,76046.26,76058.27,76039.56,76039.56,1.68615
2026-04-21 06:43:00,76039.56,76041.95,76005.0,76015.2,10.44857
2026-04-21 06:44:00,76015.19,76015.2,75992.06,75992.06,3.29368
2026-04-21 06:45:00,75992.07,76018.92,75991.37,76016.96,6.11642
2026-04-21 06:46:00,76016.97,76016.97,76007.47,76015.16,3.5064
2026-04-21 06:47:00,76015.16,76015.17,76015.08,76015.17,1.78081
2026-04-21 06:48:00,76015.17,76045.71,76015.15,76037.71,3.03899
2026-04-21 06:49:00,76037.71,76045.6,76037.7,76037.71,2.88909
2026-04-21 06:50:00,76037.7,76037.78,76024.72,76037.78,3.65465
2026-04-21 06:51:00,76037.78,76037.78,76009.39,76012.4,4.05878
2026-04-21 06:52:00,76012.4,76012.41,75991.37,76003.38,2.89979
2026-04-21 06:53:00,76003.38,76003.39,75989.04,75989.04,2.06063
2026-04-21 06:54:00,75989.04,75989.04,75971.46,75974.99,3.83462
2026-04-21 06:55:00,75974.99,75987.75,75964.29,75987.74,3.83464
2026-04-21 06:56:00,75987.75,75999.26,75986.97,75986.98,12.79008
2026-04-21 06:57:00,75986.97,75999.26,75971.89,75999.25,3.53839
2026-04-21 06:58:00,75999.25,75999.26,75995.65,75995.66,3.00113
2026-04-21 06:59:00,75995.65,75995.66,75974.11,75974.11,2.85701
2026-04-21 07:00:00,75974.12,75982.13,75910.6,75910.61,8.34976
2026-04-21 07:01:00,75910.61,75918.84,75894.8,75916.93,3.21117
2026-04-21 07:02:00,75916.93,75916.93,75814.26,75847.71,6.99651
2026-04-21 07:03:00,75847.71,75898.91,75847.71,75865.55,3.36716
2026-04-21 07:04:00,75865.55,75888.94,75859.28,75888.93,3.6026
2026-04-21 07:05:00,75888.93,75893.78,75870.0,75893.78,2.11746
2026-04-21 07:06:00,75893.78,75900.0,75888.18,75888.18,1.72938
2026-04-21 07:07:00,75888.19,75891.04,75888.19,75891.04,1.17316
2026-04-21 07:08:00,75891.03,75904.37,75875.75,75880.89,3.18404
2026-04-21 07:09:00,75880.89,75900.12,75867.16,75900.11,5.81043
2026-04-21 07:10:00,75900.12,75946.79,75900.12,75946.78,9.64169
2026-04-21 07:11:00,75946.79,75948.55,75916.15,75948.55,2.81535
2026-04-21 07:12:00,75948.55,75948.55,75914.0,75916.58,2.41686
2026-04-21 07:13:00,75916.58,75929.1,75916.55,75929.1,2.24211
2026-04-21 07:14:00,75929.1,75974.12,75929.1,75955.87,5.62681
2026-04-21 07:15:00,75955.88,76005.98,75952.61,76005.97,1.89719
2026-04-21 07:16:00,76005.97,76005.98,75967.15,75967.15,2.31922
2026-04-21 07:17:00,75967.16,75967.16,75938.0,75963.52,5.08398
2026-04-21 07:18:00,75963.53,76026.6,75963.53,76026.59,5.85695
2026-04-21 07:19:00,76026.6,76056.93,76026.59,76056.93,4.93119
2026-04-21 07:20:00,76056.94,76100.36,76056.93,76072.31,18.14871
2026-04-21 07:21:00,76072.31,76103.95,76058.8,76058.81,4.53672
2026-04-21 07:22:00,76058.81,76113.23,76052.82,76107.81,6.66237
2026-04-21 07:23:00,76107.8,76122.9,76098.06,76102.37,4.08624
2026-04-21 07:24:00,76102.37,76138.08,76102.37,76138.08,5.16891
2026-04-21 07:25:00,76138.08,76300.0,76138.08,76222.16,35.65148
2026-04-21 07:26:00,76222.16,76276.8,76198.78,76211.11,13.97422
2026-04-21 07:27:00,76211.11,76211.11,76166.07,76169.46,5.28014
2026-04-21 07:28:00,76169.46,76189.98,76158.01,76165.09,5.36554
2026-04-21 07:29:00,76165.09,76191.54,76160.2,76179.82,7.28135
2026-04-21 07:30:00,76179.82,76236.78,76164.0,76164.0,7.67307
2026-04-21 07:31:00,76164.0,76164.0,76110.0,76110.01,31.60063
2026-04-21 07:32:00,76110.0,76119.62,76034.73,76039.36,25.22267
2026-04-21 07:33:00,76039.36,76039.37,76028.7,76028.71,10.80911
2026-04-21 07:34:00,76028.7,76142.62,76028.7,76109.33,144.99694
2026-04-21 07:35:00,76109.34,76200.01,76109.33,76144.11,217.12954
2026-04-21 07:36:00,76144.1,76232.16,76144.1,76232.16,42.47628
2026-04-21 07:37:00,76232.15,76232.16,76184.22,76184.23,7.6931
2026-04-21 07:38:00,76184.22,76184.23,76156.99,76184.23,20.38067
2026-04-21 07:39:00,76184.22,76184.23,76171.65,76171.65,5.18826
2026-04-21 07:40:00,76171.65,76217.26,76171.65,76217.26,54.21123
2026-04-21 07:41:00,76217.25,76300.0,76217.25,76278.59,46.79304
2026-04-21 07:42:00,76278.59,76278.6,76252.73,76273.68,14.16262
2026-04-21 07:43:00,76273.67,76273.68,76239.55,76239.56,8.70498
2026-04-21 07:44:00,76239.55,76239.56,76194.84,76194.84,7.38428
2026-04-21 07:45:00,76194.84,76194.84,76162.72,76163.91,27.40755
2026-04-21 07:46:00,76163.91,76171.19,76153.39,76153.39,13.23531
2026-04-21 07:47:00,76153.39,76158.09,76131.93,76144.44,50.64721
2026-04-21 07:48:00,76144.44,76171.19,76135.63,76171.19,30.60671
2026-04-21 07:49:00,76171.18,76222.3,76171.18,76222.27,40.1846
2026-04-21 07:50:00,76222.26,76293.36,76222.26,76241.49,37.55731
2026-04-21 07:51:00,76241.49,76241.49,76162.31,76162.32,21.72088
2026-04-21 07:52:00,76162.31,76162.32,76149.99,76149.99,15.3029
2026-04-21 07:53:00,76149.99,76150.0,76144.61,76144.61,17.31119
2026-04-21 07:54:00,76144.61,76144.62,76116.0,76117.29,18.69542
2026-04-21 07:55:00,76117.28,76117.29,76086.75,76088.01,26.12881
2026-04-21 07:56:00,76088.0,76109.65,76087.5,76102.96,39.0662
2026-04-21 07:57:00,76102.95,76132.05,76101.15,76105.35,26.23603
2026-04-21 07:58:00,76105.35,76111.04,76100.49,76100.49,16.05406
2026-04-21 07:59:00,76100.49,76100.5,76084.33,76084.34,23.61518
2026-04-21 08:00:00,76084.34,76115.86,76063.98,76101.41,22.74996
2026-04-21 08:01:00,76101.42,76148.06,76101.41,76145.65,6.21309
2026-04-21 08:02:00,76145.65,76159.04,76116.85,76116.85,9.91744
2026-04-21 08:03:00,76116.86,76144.01,76116.85,76144.0,3.42914
2026-04-21 08:04:00,76144.01,76168.18,76129.99,76144.11,10.55566
2026-04-21 08:05:00,76144.11,76160.83,76134.91,76160.82,5.04608
2026-04-21 08:06:00,76160.82,76211.79,76107.62,76117.76,21.03532
2026-04-21 08:07:00,76117.77,76160.49,76117.77,76150.0,6.02809
2026-04-21 08:08:00,76150.0,76175.16,76150.0,76167.25,3.15166
2026-04-21 08:09:00,76167.25,76175.03,76162.68,76162.69,6.92531
2026-04-21 08:10:00,76162.69,76184.86,76158.97,76174.98,15.88612
2026-04-21 08:11:00,76174.97,76174.97,76109.7,76109.71,4.52317
2026-04-21 08:12:00,76109.7,76135.25,76088.5,76088.51,13.34479
2026-04-21 08:13:00,76088.51,76125.11,76088.51,76116.48,6.6177
2026-04-21 08:14:00,76116.48,76132.47,76116.47,76132.47,2.87152
2026-04-21 08:15:00,76132.46,76175.16,76115.62,76175.16,7.12593
2026-04-21 08:16:00,76175.16,76175.16,76162.31,76162.32,7.58049
2026-04-21 08:17:00,76162.31,76201.13,76162.31,76201.13,15.98459
2026-04-21 08:18:00,76201.13,76201.13,76187.99,76188.0,4.13883
2026-04-21 08:19:00,76188.0,76212.0,76186.0,76211.99,5.80117
2026-04-21 08:20:00,76212.0,76340.41,76211.99,76327.52,35.83421
2026-04-21 08:21:00,76327.51,76368.0,76295.03,76335.72,20.06411
2026-04-21 08:22:00,76335.72,76353.99,76300.95,76334.19,10.97658
2026-04-21 08:23:00,76334.19,76350.0,76308.15,76350.0,7.17839
2026-04-21 08:24:00,76349.99,76368.0,76332.1,76332.1,9.03874
2026-04-21 08:25:00,76332.11,76332.11,76308.15,76308.16,5.80578
2026-04-21 08:26:00,76308.15,76361.24,76300.0,76340.41,9.72961
2026-04-21 08:27:00,76340.41,76350.0,76326.0,76349.99,5.85551
2026-04-21 08:28:00,76350.0,76370.0,76349.99,76370.0,9.68076
2026-04-21 08:29:00,76370.0,76370.0,76352.15,76352.16,5.57919
2026-04-21 08:30:00,76352.15,76353.91,76335.67,76353.9,4.87655
2026-04-21 08:31:00,76353.9,76353.92,76340.4,76348.48,4.60689
2026-04-21 08:32:00,76348.49,76348.49,76312.41,76312.42,9.50272
2026-04-21 08:33:00,76312.41,76327.13,76265.14,76293.77,20.44738
2026-04-21 08:34:00,76293.77,76321.47,76293.76,76321.46,10.3479
2026-04-21 08:35:00,76321.47,76321.47,76284.17,76284.17,7.0121
2026-04-21 08:36:00,76284.17,76284.17,76250.0,76261.4,6.90942
2026-04-21 08:37:00,76261.41,76304.03,76261.4,76303.37,9.50771
2026-04-21 08:38:00,76303.37,76314.67,76303.37,76314.67,4.77867
2026-04-21 08:39:00,76314.67,76341.66,76310.0,76341.66,21.22745
2026-04-21 08:40:00,76341.66,76416.1,76324.2,76409.29,20.07479
2026-04-21 08:41:00,76409.29,76412.39,76398.11,76412.39,9.3947
2026-04-21 08:42:00,76412.39,76477.44,76412.39,76457.25,17.65139
2026-04-21 08:43:00,76457.25,76493.91,76445.74,76476.44,10.56051
2026-04-21 08:44:00,76476.44,76496.68,76458.78,76458.78,6.22544
2026-04-21 08:45:00,76458.78,76458.79,76419.87,76445.63,9.59274
2026-04-21 08:46:00,76445.64,76468.81,76435.22,76468.8,6.36083
2026-04-21 08:47:00,76468.8,76927.57,76468.8,76779.54,261.27915
2026-04-21 08:48:00,76779.55,76851.78,76709.2,76711.35,38.37755
2026-04-21 08:49:00,76711.35,76730.01,76645.38,76659.01,22.35152
2026-04-21 08:50:00,76659.02,76665.61,76587.64,76607.09,21.34224
2026-04-21 08:51:00,76607.09,76622.25,76596.7,76603.09,6.07595
2026-04-21 08:52:00,76603.1,76603.1,76566.7,76572.39,7.85993
2026-04-21 08:53:00,76572.39,76605.44,76555.0,76555.01,16.30409
2026-04-21 08:54:00,76555.0,76588.69,76534.95,76538.26,15.9644
2026-04-21 08:55:00,76538.26,76538.26,76500.0,76517.89,10.48123
2026-04-21 08:56:00,76517.88,76521.78,76454.84,76519.08,22.03654
2026-04-21 08:57:00,76519.08,76531.0,76519.08,76524.43,5.16346
2026-04-21 08:58:00,76524.44,76531.0,76519.08,76524.39,4.78605
2026-04-21 08:59:00,76524.39,76524.4,76507.2,76507.21,5.46959
2026-04-21 09:00:00,76507.21,76587.82,76484.79,76539.31,23.13392
2026-04-21 09:01:00,76539.31,76539.31,76454.84,76477.97,17.4399
2026-04-21 09:02:00,76477.97,76518.0,76406.6,76414.25,43.39011
2026-04-21 09:03:00,76414.25,76446.49,76385.31,76405.62,17.64419
2026-04-21 09:04:00,76405.62,76412.39,76386.0,76400.95,6.87269
2026-04-21 09:05:00,76400.94,76440.01,76398.0,76400.01,10.79886
2026-04-21 09:06:00,76400.01,76400.01,76374.3,76374.3,4.07326
2026-04-21 09:07:00,76374.0,76407.66,76349.82,76390.97,8.78956
2026-04-21 09:08:00,76390.96,76430.01,76390.96,76430.01,6.81039
2026-04-21 09:09:00,76430.0,76430.01,76405.99,76418.89,10.60282
2026-04-21 09:10:00,76418.88,76437.95,76412.38,76437.94,5.84666
2026-04-21 09:11:00,76437.95,76484.41,76437.95,76471.63,6.20892
2026-04-21 09:12:00,76471.62,76484.4,76471.62,76484.4,2.04259
2026-04-21 09:13:00,76484.39,76484.4,76445.63,76445.64,5.62294
2026-04-21 09:14:00,76445.64,76479.94,76445.63,76476.68,2.32598
2026-04-21 09:15:00,76476.69,76516.56,76476.68,76516.55,4.43922
2026-04-21 09:16:00,76516.56,76520.22,76503.72,76520.22,5.48323
2026-04-21 09:17:00,76520.22,76520.22,76488.63,76493.53,3.39101
2026-04-21 09:18:00,76493.53,76531.0,76493.53,76519.6,3.62336
2026-04-21 09:19:00,76519.61,76519.61,76499.13,76509.19,7.06283
2026-04-21 09:20:00,76509.2,76514.12,76496.98,76513.35,3.68678
2026-04-21 09:21:00,76513.35,76530.99,76505.39,76520.4,3.94864
2026-04-21 09:22:00,76520.41,76520.41,76480.0,76487.73,7.02638
2026-04-21 09:23:00,76487.72,76487.72,76474.39,76477.6,2.66945
2026-04-21 09:24:00,76477.6,76477.61,76412.8,76412.8,10.57868
2026-04-21 09:25:00,76412.81,76412.81,76380.01,76380.01,6.02766
2026-04-21 09:26:00,76380.0,76380.01,76322.38,76331.55,10.6729
2026-04-21 09:27:00,76331.55,76331.55,76283.89,76316.17,32.39027
2026-04-21 09:28:00,76316.01,76319.11,76294.32,76294.32,5.68596
2026-04-21 09:29:00,76294.32,76306.65,76196.05,76246.75,37.48772
2026-04-21 09:30:00,76246.76,76269.65,76211.43,76212.41,11.61743
2026-04-21 09:31:00,76212.41,76283.97,76211.42,76266.01,27.49759
2026-04-21 09:32:00,76266.01,76276.65,76233.2,76233.2,18.19858
2026-04-21 09:33:00,76233.21,76255.91,76201.04,76201.04,7.5825
2026-04-21 09:34:00,76201.05,76243.7,76200.01,76200.01,9.61181
2026-04-21 09:35:00,76200.01,76200.01,76155.0,76189.12,40.26191
2026-04-21 09:36:00,76189.12,76221.01,76189.11,76208.4,6.76138
2026-04-21 09:37:00,76208.4,76229.06,76208.39,76228.53,4.62451
2026-04-21 09:38:00,76228.54,76243.25,76227.2,76227.21,10.55208
2026-04-21 09:39:00,76227.2,76272.98,76221.4,76268.75,5.58425
2026-04-21 09:40:00,76268.76,76300.0,76268.76,76291.1,9.50327
2026-04-21 09:41:00,76291.09,76303.0,76291.09,76303.0,4.5812
2026-04-21 09:42:00,76302.99,76322.27,76292.76,76292.76,3.91293
2026-04-21 09:43:00,76292.76,76300.27,76274.0,76274.01,3.84096
2026-04-21 09:44:00,76274.01,76307.16,76274.0,76301.26,7.03346
2026-04-21 09:45:00,76301.25,76329.84,76278.93,76281.1,7.69667
2026-04-21 09:46:00,76281.11,76285.62,76270.86,76285.47,4.96716
2026-04-21 09:47:00,76285.48,76290.34,76285.47,76285.47,3.38568
2026-04-21 09:48:00,76285.48,76285.48,76250.0,76250.6,7.10745
2026-04-21 09:49:00,76250.6,76322.86,76250.6,76296.48,5.13682
2026-04-21 09:50:00,76296.49,76322.36,76275.01,76296.53,6.44794
2026-04-21 09:51:00,76296.52,76315.35,76283.76,76315.35,2.70501
2026-04-21 09:52:00,76315.36,76332.03,76315.35,76328.85,3.07532
2026-04-21 09:53:00,76328.86,76354.16,76328.85,76340.4,8.69685
2026-04-21 09:54:00,76340.41,76340.41,76312.4,76312.4,5.38376
2026-04-21 09:55:00,76312.41,76366.34,76312.41,76340.37,14.13449
2026-04-21 09:56:00,76340.38,76353.12,76319.28,76350.38,5.60437
2026-04-21 09:57:00,76350.37,76365.66,76340.4,76365.66,5.35486
2026-04-21 09:58:00,76365.66,76381.61,76356.99,76357.0,8.69706
2026-04-21 09:59:00,76357.0,76364.65,76346.4,76362.77,7.33819
2026-04-21 10:00:00,76362.78,76372.0,76349.59,76356.66,5.88607
2026-04-21 10:01:00,76356.66,76393.33,76356.66,76380.62,4.76278
2026-04-21 10:02:00,76380.62,76415.52,76380.62,76403.8,8.91801
2026-04-21 10:03:00,76403.8,76410.0,76402.87,76410.0,1.44976
2026-04-21 10:04:00,76410.0,76417.56,76402.26,76417.06,4.1388
2026-04-21 10:05:00,76417.07,76452.0,76417.06,76452.0,8.36717
2026-04-21 10:06:00,76452.0,76476.41,76445.63,76455.01,13.45615
2026-04-21 10:07:00,76455.0,76455.01,76399.4,76445.64,10.44819
2026-04-21 10:08:00,76445.63,76495.67,76445.63,76494.61,6.17381
2026-04-21 10:09:00,76494.6,76502.72,76470.0,76470.0,8.17587
2026-04-21 10:10:00,76470.01,76470.01,76426.02,76439.99,6.65654
2026-04-21 10:11:00,76439.99,76440.0,76386.55,76405.13,3.13898
2026-04-21 10:12:00,76405.13,76412.0,76396.02,76410.24,8.89934
2026-04-21 10:13:00,76410.23,76424.0,76410.0,76424.0,1.81776
2026-04-21 10:14:00,76423.99,76438.0,76423.99,76438.0,1.80403
2026-04-21 10:15:00,76437.99,76438.0,76376.53,76385.23,43.12272
2026-04-21 10:16:00,76385.23,76385.23,76373.03,76380.0,4.23399
2026-04-21 10:17:00,76380.01,76507.78,76380.0,76507.77,9.437
2026-04-21 10:18:00,76507.78,76530.0,76503.94,76521.14,8.69533
2026-04-21 10:19:00,76521.14,76521.14,76476.12,76476.12,22.6502
2026-04-21 10:20:00,76476.12,76511.7,76466.79,76474.02,10.55493
2026-04-21 10:21:00,76474.02,76478.89,76435.73,76478.88,7.19779
2026-04-21 10:22:00,76478.88,76526.27,76478.88,76505.9,3.5174
2026-04-21 10:23:00,76505.9,76563.93,76505.9,76559.99,6.0625
2026-04-21 10:24:00,76559.99,76574.0,76546.31,76572.0,4.23009
2026-04-21 10:25:00,76572.0,76572.0,76513.1,76545.88,11.69011
2026-04-21 10:26:00,76545.88,76570.44,76545.88,76552.33,3.38705
2026-04-21 10:27:00,76552.34,76555.0,76516.0,76519.68,7.46199
2026-04-21 10:28:00,76519.68,76519.69,76502.94,76507.8,6.35738
2026-04-21 10:29:00,76507.8,76523.96,76507.79,76511.72,2.35748
2026-04-21 10:30:00,76511.73,76529.02,76496.2,76529.01,3.73233
2026-04-21 10:31:00,76529.01,76543.44,76521.4,76532.99,6.31635
2026-04-21 10:32:00,76532.99,76541.28,76528.7,76528.7,2.37449
2026-04-21 10:33:00,76528.7,76528.71,76513.71,76513.71,1.82571
2026-04-21 10:34:00,76513.71,76528.0,76508.84,76528.0,3.91686
2026-04-21 10:35:00,76527.99,76539.1,76527.99,76539.1,1.61849
2026-04-21 10:36:00,76539.09,76539.1,76539.09,76539.1,2.81083
2026-04-21 10:37:00,76539.09,76553.14,76539.09,76543.6,3.73859
2026-04-21 10:38:00,76543.59,76543.6,76528.1,76528.11,7.59818
2026-04-21 10:39:00,76528.1,76541.46,76528.1,76533.8,2.62558
2026-04-21 10:40:00,76533.8,76533.8,76514.6,76520.0,5.54446
2026-04-21 10:41:00,76519.99,76519.99,76504.26,76504.26,2.31173
2026-04-21 10:42:00,76504.26,76504.27,76471.27,76489.37,8.83605
2026-04-21 10:43:00,76489.37,76547.39,76489.37,76539.84,3.64852
2026-04-21 10:44:00,76539.84,76598.56,76539.83,76572.11,8.47152
2026-04-21 10:45:00,76572.1,76635.58,76550.86,76597.25,14.6364
2026-04-21 10:46:00,76597.26,76649.56,76593.15,76626.68,19.70173
2026-04-21 10:47:00,76626.69,76698.09,76626.68,76683.39,41.26417
2026-04-21 10:48:00,76683.38,76725.83,76668.64,76718.74,11.52312
2026-04-21 10:49:00,76718.74,76734.68,76676.4,76730.49,7.88185
2026-04-21 10:50:00,76730.49,76790.0,76730.49,76790.0,15.86346
2026-04-21 10:51:00,76789.99,76866.55,76788.55,76788.56,22.96643
2026-04-21 10:52:00,76788.56,76823.55,76743.23,76820.87,40.73366
2026-04-21 10:53:00,76820.86,76825.0,76802.99,76817.43,8.93645
2026-04-21 10:54:00,76817.42,76850.0,76808.08,76834.01,9.59065
2026-04-21 10:55:00,76834.0,76866.55,76804.68,76804.68,9.16371
2026-04-21 10:56:00,76804.68,76810.56,76777.86,76777.86,9.34422
2026-04-21 10:57:00,76777.86,76777.87,76746.67,76761.3,7.7843
2026-04-21 10:58:00,76761.31,76761.31,76754.38,76761.29,2.91978
2026-04-21 10:59:00,76761.3,76761.3,76746.41,76746.41,3.61359
2026-04-21 11:00:00,76746.41,76750.68,76693.54,76727.99,14.23363
2026-04-21 11:01:00,76727.99,76728.0,76670.77,76694.0,11.76166
2026-04-21 11:02:00,76694.0,76728.0,76672.65,76691.98,7.93241
2026-04-21 11:03:00,76691.98,76691.99,76668.32,76679.99,2.96543
2026-04-21 11:04:00,76678.26,76700.0,76660.58,76689.25,3.81491
2026-04-21 11:05:00,76689.25,76689.25,76663.73,76672.04,2.46625
2026-04-21 11:06:00,76672.05,76704.01,76672.04,76704.0,3.5652
2026-04-21 11:07:00,76704.0,76704.5,76681.49,76704.5,12.35953
2026-04-21 11:08:00,76704.5,76704.5,76692.14,76692.14,1.95848
2026-04-21 11:09:00,76692.15,76692.15,76593.06,76642.96,42.9761
2026-04-21 11:10:00,76642.96,76645.82,76521.8,76522.03,47.38746
2026-04-21 11:11:00,76522.04,76522.29,76367.6,76406.91,49.77544
2026-04-21 11:12:00,76406.91,76410.79,76344.34,76355.82,27.57643
2026-04-21 11:13:00,76355.82,76413.99,76355.82,76402.06,24.81147
2026-04-21 11:14:00,76402.06,76450.18,76400.0,76405.37,30.90914
2026-04-21 11:15:00,76405.37,76414.2,76342.0,76377.46,8.80716
2026-04-21 11:16:00,76377.46,76432.0,76377.45,76432.0,4.45996
2026-04-21 11:17:00,76432.0,76471.86,76425.0,76471.86,7.1936
2026-04-21 11:18:00,76471.85,76507.62,76471.85,76492.81,14.09351
2026-04-21 11:19:00,76492.8,76511.33,76492.8,76511.33,4.31511
2026-04-21 11:20:00,76511.33,76548.77,76502.46,76536.01,4.80816
2026-04-21 11:21:00,76536.01,76584.0,76536.01,76584.0,9.63719
2026-04-21 11:22:00,76583.99,76584.0,76539.37,76562.75,11.74581
2026-04-21 11:23:00,76562.75,76667.31,76562.75,76663.53,10.59922
2026-04-21 11:24:00,76663.54,76723.87,76663.53,76695.17,13.81891
2026-04-21 11:25:00,76689.87,76689.88,76638.55,76644.01,8.5573
2026-04-21 11:26:00,76644.01,76650.44,76610.85,76635.86,3.17873
2026-04-21 11:27:00,76635.86,76669.08,76635.86,76669.07,5.72936
2026-04-21 11:28:00,76669.08,76669.08,76656.08,76656.08,2.09545
2026-04-21 11:29:00,76656.09,76669.08,76656.08,76669.07,1.7653
2026-04-21 11:30:00,76669.07,76691.98,76656.74,76660.79,3.71778
2026-04-21 11:31:00,76660.78,76660.79,76643.15,76646.08,5.47434
2026-04-21 11:32:00,76646.08,76658.42,76626.29,76649.14,6.58356
2026-04-21 11:33:00,76649.13,76666.0,76649.13,76656.09,1.79723
2026-04-21 11:34:00,76656.08,76656.09,76579.63,76579.64,3.59302
2026-04-21 11:35:00,76579.64,76594.89,76552.41,76559.62,29.01069
2026-04-21 11:36:00,76559.61,76623.09,76558.83,76623.09,3.76244
2026-04-21 11:37:00,76623.08,76623.09,76600.0,76600.01,2.80999
2026-04-21 11:38:00,76600.01,76600.01,76580.9,76580.9,5.61914
2026-04-21 11:39:00,76580.91,76602.0,76580.9,76602.0,6.94566
2026-04-21 11:40:00,76602.0,76602.0,76590.63,76590.63,5.86416
2026-04-21 11:41:00,76590.63,76608.85,76585.28,76608.13,2.91473
2026-04-21 11:42:00,76608.13,76609.94,76601.78,76609.94,2.09949
2026-04-21 11:43:00,76609.93,76609.94,76476.21,76493.18,43.57786
2026-04-21 11:44:00,76493.19,76493.19,76468.24,76473.9,5.0194
2026-04-21 11:45:00,76473.9,76482.8,76451.0,76482.42,9.62587
2026-04-21 11:46:00,76482.43,76485.25,76451.0,76455.66,8.49153
2026-04-21 11:47:00,76455.65,76470.0,76455.65,76464.97,9.29352
2026-04-21 11:48:00,76464.97,76469.99,76453.06,76469.71,3.02541
2026-04-21 11:49:00,76469.71,76469.71,76446.35,76456.21,24.15482
2026-04-21 11:50:00,76456.2,76479.12,76455.67,76479.12,6.43798
2026-04-21 11:51:00,76479.12,76491.6,76479.11,76491.6,1.94741
2026-04-21 11:52:00,76491.59,76491.6,76468.67,76472.25,5.35758
2026-04-21 11:53:00,76472.26,76491.57,76472.25,76476.54,2.12408
2026-04-21 11:54:00,76476.53,76476.53,76446.23,76446.24,5.27527
2026-04-21 11:55:00,76446.24,76470.9,76446.23,76457.41,6.19247
2026-04-21 11:56:00,76457.42,76457.42,76417.16,76420.29,7.41349
2026-04-21 11:57:00,76420.29,76454.7,76420.28,76454.69,1.35549
2026-04-21 11:58:00,76454.7,76482.99,76454.69,76482.98,6.04101
2026-04-21 11:59:00,76482.99,76482.99,76452.93,76452.94,4.11911
2026-04-21 12:00:00,76452.94,76491.87,76452.93,76452.97,8.50146
2026-04-21 12:01:00,76452.97,76494.11,76452.96,76489.04,8.86905
2026-04-21 12:02:00,76489.04,76489.05,76452.93,76470.61,5.70023
2026-04-21 12:03:00,76470.61,76470.61,76433.0,76442.5,6.26611
2026-04-21 12:04:00,76442.49,76442.49,76356.0,76400.01,42.21342
2026-04-21 12:05:00,76400.0,76421.21,76383.69,76421.21,22.48308
2026-04-21 12:06:00,76421.2,76440.0,76404.11,76440.0,3.82892
2026-04-21 12:07:00,76439.99,76440.0,76420.17,76420.84,2.34757
2026-04-21 12:08:00,76420.85,76463.36,76420.85,76457.92,4.34748
2026-04-21 12:09:00,76457.91,76457.92,76408.0,76439.46,3.91968
2026-04-21 12:10:00,76439.47,76439.47,76365.04,76374.13,14.08623
2026-04-21 12:11:00,76374.13,76374.14,76337.99,76337.99,7.47587
2026-04-21 12:12:00,76337.99,76349.99,76305.53,76305.54,7.32149
2026-04-21 12:13:00,76305.53,76369.19,76305.53,76350.61,8.97474
2026-04-21 12:14:00,76350.61,76350.61,76258.76,76258.76,19.90043
2026-04-21 12:15:00,76258.76,76307.39,76258.76,76271.1,7.60096
2026-04-21 12:16:00,76271.11,76287.83,76247.09,76257.71,12.48075
2026-04-21 12:17:00,76257.7,76269.72,76250.1,76255.42,6.26099
2026-04-21 12:18:00,76255.42,76331.95,76250.19,76326.68,8.58034
2026-04-21 12:19:00,76326.67,76330.4,76302.66,76330.39,5.95076
2026-04-21 12:20:00,76330.39,76331.92,76300.0,76331.92,2.19892
2026-04-21 12:21:00,76331.91,76348.38,76328.0,76338.88,4.31566
2026-04-21 12:22:00,76338.87,76354.0,76320.2,76320.2,7.4301
2026-04-21 12:23:00,76320.2,76368.89,76313.3,76368.89,3.23738
2026-04-21 12:24:00,76368.88,76368.88,76313.3,76313.3,2.81463
2026-04-21 12:25:00,76313.31,76335.11,76313.3,76332.0,3.65012
2026-04-21 12:26:00,76331.99,76368.08,76331.99,76363.62,5.0248
2026-04-21 12:27:00,76363.62,76363.63,76354.0,76354.0,2.03485
2026-04-21 12:28:00,76354.01,76376.67,76352.0,76368.61,5.08235
2026-04-21 12:29:00,76368.61,76386.59,76368.6,76381.19,4.84242
2026-04-21 12:30:00,76381.2,76386.29,76317.48,76359.22,5.12234
2026-04-21 12:31:00,76359.21,76359.22,76324.79,76349.61,4.34708
2026-04-21 12:32:00,76349.62,76424.32,76349.61,76416.67,7.47909
2026-04-21 12:33:00,76416.66,76467.59,76416.66,76450.34,4.14251
2026-04-21 12:34:00,76450.34,76517.36,76450.34,76506.0,9.66258
2026-04-21 12:35:00,76506.01,76528.11,76440.79,76452.0,8.26714
2026-04-21 12:36:00,76452.0,76494.16,76450.44,76485.8,3.37814
2026-04-21 12:37:00,76485.8,76500.0,76389.71,76395.19,5.96586
2026-04-21 12:38:00,76395.19,76395.19,76223.42,76292.53,11.99723
2026-04-21 12:39:00,76292.53,76292.54,76100.0,76128.79,35.54957
2026-04-21 12:40:00,76128.79,76150.08,75970.0,75979.36,212.66368
2026-04-21 12:41:00,75979.35,76025.51,75960.0,76021.31,20.55789
2026-04-21 12:42:00,76021.32,76022.5,75947.89,75947.89,21.89975
2026-04-21 12:43:00,75947.89,75981.73,75824.34,75827.08,148.67828
2026-04-21 12:44:00,75827.08,75849.66,75709.03,75829.94,72.94012
2026-04-21 12:45:00,75829.95,75852.74,75745.13,75842.16,39.62792
2026-04-21 12:46:00,75842.16,75899.03,75837.99,75889.29,17.01817
2026-04-21 12:47:00,75889.29,75910.63,75877.47,75902.41,14.95304
2026-04-21 12:48:00,75902.41,75902.41,75816.8,75823.66,8.75208
2026-04-21 12:49:00,75823.66,75866.06,75780.92,75780.92,19.81537
2026-04-21 12:50:00,75780.92,75864.94,75767.86,75864.94,31.44652
2026-04-21 12:51:00,75864.94,75864.94,75827.38,75836.15,8.82235
2026-04-21 12:52:00,75836.15,75865.7,75836.15,75846.01,4.4069
2026-04-21 12:53:00,75846.01,75919.51,75846.0,75919.51,5.30582
2026-04-21 12:54:00,75919.5,75955.07,75900.0,75955.07,21.71617
2026-04-21 12:55:00,75955.07,76001.39,75955.06,75994.95,17.03804
2026-04-21 12:56:00,75994.95,76012.81,75960.95,75960.96,10.38739
2026-04-21 12:57:00,75960.97,75984.77,75960.96,75965.24,4.47806
2026-04-21 12:58:00,75965.24,76000.0,75965.23,76000.0,3.17348
2026-04-21 12:59:00,76000.0,76059.79,75999.99,76009.46,12.45179
2026-04-21 13:00:00,76009.46,76064.27,76009.46,76064.27,37.13682
2026-04-21 13:01:00,76064.26,76088.52,76047.02,76066.57,12.15506
2026-04-21 13:02:00,76066.57,76080.01,76034.98,76034.98,6.13646
2026-04-21 13:03:00,76034.99,76053.25,76032.18,76039.3,14.81242
2026-04-21 13:04:00,76039.3,76039.3,75912.9,75926.16,13.71588
2026-04-21 13:05:00,75926.15,75977.69,75900.0,75975.65,11.68184
2026-04-21 13:06:00,75975.65,76016.34,75972.74,75972.75,5.32069
2026-04-21 13:07:00,75972.75,76024.73,75972.75,76024.72,7.62786
2026-04-21 13:08:00,76024.72,76024.72,75995.93,76007.9,3.53269
2026-04-21 13:09:00,76007.91,76050.0,75995.62,75995.63,5.03019
2026-04-21 13:10:00,75995.63,76009.07,75963.16,75968.13,17.74343
2026-04-21 13:11:00,75968.12,76022.59,75968.12,76015.77,2.94743
2026-04-21 13:12:00,76015.77,76015.78,75991.68,76004.0,1.56471
2026-04-21 13:13:00,76003.99,76011.9,75991.18,76011.89,1.94351
2026-04-21 13:14:00,76011.9,76019.75,75991.69,75991.69,4.3114
2026-04-21 13:15:00,75991.39,76011.64,75970.0,76011.64,3.963
2026-04-21 13:16:00,76011.64,76026.05,76011.63,76019.76,2.84399
2026-04-21 13:17:00,76019.76,76048.0,76005.93,76048.0,7.11417
2026-04-21 13:18:00,76048.0,76068.79,76048.0,76065.71,3.48762
2026-04-21 13:19:00,76065.72,76065.72,76036.01,76036.02,8.23499
2026-04-21 13:20:00,76036.01,76050.94,76011.16,76026.97,50.8808
2026-04-21 13:21:00,76026.98,76051.63,76026.98,76039.52,3.41147
2026-04-21 13:22:00,76039.52,76059.12,76029.2,76035.8,3.10571
2026-04-21 13:23:00,76035.8,76040.57,75996.39,76040.56,11.60035
2026-04-21 13:24:00,76040.57,76055.31,76034.91,76054.0,2.59713
2026-04-21 13:25:00,76054.0,76129.95,76054.0,76101.98,53.86853
2026-04-21 13:26:00,76101.99,76109.53,76065.7,76065.7,3.6465
2026-04-21 13:27:00,76065.71,76065.72,76042.83,76051.71,11.42045
2026-04-21 13:28:00,76051.71,76051.71,76007.22,76035.11,3.76635
2026-04-21 13:29:00,76035.11,76035.12,76016.0,76029.46,2.82326
2026-04-21 13:30:00,76029.46,76029.46,75896.88,75940.58,31.99391
2026-04-21 13:31:00,75940.57,75989.02,75891.2,75950.64,11.80159
2026-04-21 13:32:00,75950.65,76003.31,75897.15,75941.65,15.40458
2026-04-21 13:33:00,75941.65,75955.19,75865.7,75887.84,9.02017
2026-04-21 13:34:00,75887.79,75917.47,75868.45,75906.34,10.57507
2026-04-21 13:35:00,75906.33,75906.33,75800.0,75875.96,14.83575
2026-04-21 13:36:00,75875.96,75963.63,75873.17,75873.17,11.63485
2026-04-21 13:37:00,75873.17,75877.26,75820.0,75837.66,8.48535
2026-04-21 13:38:00,75837.65,75865.39,75809.84,75846.86,9.728
2026-04-21 13:39:00,75846.86,75846.86,75777.13,75788.77,12.63355
2026-04-21 13:40:00,75788.78,75884.28,75736.33,75872.04,12.52906
2026-04-21 13:41:00,75872.04,75910.0,75825.41,75890.82,8.48876
2026-04-21 13:42:00,75890.83,76032.56,75890.83,76027.23,8.56468
2026-04-21 13:43:00,76027.23,76179.75,75986.04,76172.09,21.52839
2026-04-21 13:44:00,76172.1,76173.25,76012.0,76012.01,20.96305
2026-04-21 13:45:00,76012.0,76053.99,75884.01,75887.42,11.00898
2026-04-21 13:46:00,75887.42,75923.31,75854.49,75878.0,7.30267
2026-04-21 13:47:00,75878.0,75959.94,75862.84,75935.68,5.54298
2026-04-21 13:48:00,75935.68,75940.61,75873.21,75885.99,16.84815
2026-04-21 13:49:00,75885.99,75886.0,75850.41,75876.9,12.90498
2026-04-21 13:50:00,75876.91,75881.62,75801.19,75855.07,4.73192
2026-04-21 13:51:00,75855.06,75855.07,75792.41,75813.52,5.75665
2026-04-21 13:52:00,75813.53,75881.18,75792.42,75866.69,15.2153
2026-04-21 13:53:00,75866.69,75907.88,75840.46,75840.46,5.83176
2026-04-21 13:54:00,75840.47,75840.47,75770.65,75808.36,11.07838
2026-04-21 13:55:00,75808.37,75930.52,75808.37,75930.52,23.41831
2026-04-21 13:56:00,75930.52,75930.52,75886.74,75923.5,21.9897
2026-04-21 13:57:00,75923.5,75950.0,75898.65,75906.19,6.14333
2026-04-21 13:58:00,75906.19,75924.71,75874.64,75902.24,5.76681
2026-04-21 13:59:00,75902.23,75902.24,75846.53,75899.98,5.93354
2026-04-21 14:00:00,75899.98,75933.37,75850.14,75894.06,17.26127
2026-04-21 14:01:00,75894.0,75901.24,75806.0,75806.0,13.31386
2026-04-21 14:02:00,75806.0,75806.0,75750.0,75780.32,27.66859
2026-04-21 14:03:00,75780.31,75782.21,75700.0,75751.7,13.87134
2026-04-21 14:04:00,75751.7,75841.4,75742.43,75841.4,8.52304
2026-04-21 14:05:00,75841.39,75855.31,75814.26,75816.82,7.57492
2026-04-21 14:06:00,75816.81,75837.82,75750.0,75750.01,3.1471
2026-04-21 14:07:00,75750.0,75808.18,75726.0,75795.01,11.83986
2026-04-21 14:08:00,75795.0,75852.96,75795.0,75843.79,4.56587
2026-04-21 14:09:00,75843.8,75880.63,75843.8,75875.28,6.19012
2026-04-21 14:10:00,75875.28,75875.28,75759.39,75777.06,7.27981
2026-04-21 14:11:00,75777.88,75865.48,75777.88,75856.5,3.48471
2026-04-21 14:12:00,75856.5,75868.31,75839.09,75868.31,4.52308
2026-04-21 14:13:00,75868.3,75877.15,75798.0,75830.07,5.31629
2026-04-21 14:14:00,75830.07,75867.34,75823.24,75838.23,5.64535
2026-04-21 14:15:00,75838.24,75977.15,75838.24,75963.14,10.65564
2026-04-21 14:16:00,75963.14,76087.26,75932.15,76087.26,20.7035
2026-04-21 14:17:00,76087.26,76300.73,76087.25,76185.83,67.22525
2026-04-21 14:18:00,76185.83,76294.0,76185.83,76224.79,23.86706
2026-04-21 14:19:00,76224.79,76224.79,76163.58,76178.83,7.04949
2026-04-21 14:20:00,76178.83,76201.93,76132.47,76201.92,14.07571
2026-04-21 14:21:00,76201.93,76251.98,76185.02,76201.32,13.22776
2026-04-21 14:22:00,76201.32,76250.0,76175.0,76175.01,4.96386
2026-04-21 14:23:00,76175.01,76187.96,76090.56,76100.5,10.85173
2026-04-21 14:24:00,76100.5,76128.74,76063.98,76112.68,7.68458
2026-04-21 14:25:00,76112.67,76202.0,76112.67,76145.44,8.24081
2026-04-21 14:26:00,76145.44,76174.18,76113.82,76164.18,4.0116
2026-04-21 14:27:00,76164.19,76196.0,76129.94,76166.89,5.4033
2026-04-21 14:28:00,76166.89,76166.89,76106.41,76124.36,3.76247
2026-04-21 14:29:00,76124.36,76126.75,76088.57,76117.39,3.56968
2026-04-21 14:30:00,76117.38,76191.51,76110.29,76172.37,10.83602
2026-04-21 14:31:00,76172.38,76199.47,76162.28,76162.28,2.65507
2026-04-21 14:32:00,76162.27,76181.51,76123.36,76181.51,8.30606
2026-04-21 14:33:00,76181.67,76183.56,76120.2,76156.98,4.92287
2026-04-21 14:34:00,76156.98,76251.34,76125.13,76212.59,7.69713
2026-04-21 14:35:00,76212.59,76293.69,76212.58,76293.68,7.63911
2026-04-21 14:36:00,76293.68,76318.0,76242.33,76246.0,8.41748
2026-04-21 14:37:00,76246.01,76249.97,76203.27,76233.32,7.30377
2026-04-21 14:38:00,76233.32,76337.15,76232.79,76337.14,8.44369
2026-04-21 14:39:00,76337.15,76373.56,76306.0,76314.77,21.02383
2026-04-21 14:40:00,76314.77,76409.99,76285.41,76379.01,44.01383
2026-04-21 14:41:00,76379.01,76595.3,76371.8,76457.21,73.5799
2026-04-21 14:42:00,76457.21,76476.58,76414.32,76426.33,20.01325
2026-04-21 14:43:00,76426.34,76498.83,76426.34,76454.0,9.04472
2026-04-21 14:44:00,76454.01,76495.74,76454.01,76463.52,12.00891
2026-04-21 14:45:00,76463.51,76472.85,76416.03,76457.65,8.62171
2026-04-21 14:46:00,76457.65,76457.65,76264.61,76319.0,10.80902
2026-04-21 14:47:00,76319.0,76319.0,76268.18,76273.1,22.83274
2026-04-21 14:48:00,76273.09,76273.1,76187.23,76205.73,22.00301
2026-04-21 14:49:00,76205.73,76239.2,76192.12,76222.61,6.27577
2026-04-21 14:50:00,76222.6,76225.97,76192.13,76201.4,5.24215
2026-04-21 14:51:00,76201.4,76222.67,76150.0,76170.83,7.3718
2026-04-21 14:52:00,76170.82,76212.62,76150.0,76189.34,8.77196
2026-04-21 14:53:00,76188.51,76268.79,76188.51,76261.38,5.35271
2026-04-21 14:54:00,76261.37,76261.38,76149.78,76149.78,11.8241
2026-04-21 14:55:00,76149.78,76149.78,75998.58,76005.21,42.19208
2026-04-21 14:56:00,76005.21,76005.21,75927.04,75927.16,23.561
2026-04-21 14:57:00,75927.17,75927.17,75767.68,75793.99,44.98575
2026-04-21 14:58:00,75793.99,75798.88,75625.28,75770.78,105.81773
2026-04-21 14:59:00,75770.77,75770.78,75660.37,75675.05,32.14929
2026-04-21 15:00:00,75675.04,75799.84,75671.72,75777.93,27.23382
2026-04-21 15:01:00,75778.17,75793.7,75663.66,75709.87,27.72135
2026-04-21 15:02:00,75709.99,75781.42,75660.39,75679.04,28.49931
2026-04-21 15:03:00,75679.05,75688.62,75551.99,75551.99,54.68345
2026-04-21 15:04:00,75551.68,75676.3,75430.62,75676.3,68.88379
2026-04-21 15:05:00,75676.3,75676.3,75549.84,75555.42,20.76995
2026-04-21 15:06:00,75555.42,75633.9,75555.42,75622.25,16.82033
2026-04-21 15:07:00,75622.25,75720.69,75616.0,75667.58,20.98313
2026-04-21 15:08:00,75667.59,75715.23,75631.59,75708.0,10.35407
2026-04-21 15:09:00,75708.0,75759.8,75702.0,75719.25,25.79582
2026-04-21 15:10:00,75719.25,75832.57,75710.0,75829.68,15.092
2026-04-21 15:11:00,75829.68,75850.0,75767.86,75774.0,16.09762
2026-04-21 15:12:00,75774.0,75787.1,75745.13,75767.33,9.76009
2026-04-21 15:13:00,75767.32,75790.0,75750.81,75750.81,16.09946
2026-04-21 15:14:00,75750.8,75786.72,75734.89,75771.19,5.58864
2026-04-21 15:15:00,75771.18,75851.04,75771.18,75809.81,16.66007
2026-04-21 15:16:00,75809.82,75828.86,75762.47,75778.03,8.24696
2026-04-21 15:17:00,75778.02,75857.83,75754.16,75857.83,10.26573
2026-04-21 15:18:00,75857.83,75950.0,75840.7,75950.0,24.98489
2026-04-21 15:19:00,75949.99,75979.78,75924.88,75979.01,11.44692
2026-04-21 15:20:00,75979.01,75979.02,75867.67,75878.03,10.2273
2026-04-21 15:21:00,75878.02,75896.77,75848.0,75887.99,24.27544
2026-04-21 15:22:00,75888.0,75935.78,75836.39,75896.52,20.99357
2026-04-21 15:23:00,75896.52,75896.52,75804.0,75806.3,2.79249
2026-04-21 15:24:00,75806.3,75806.3,75746.15,75766.7,14.5393
2026-04-21 15:25:00,75766.7,75766.7,75716.75,75740.17,12.45938
2026-04-21 15:26:00,75740.17,75740.17,75631.58,75662.0,12.24544
2026-04-21 15:27:00,75661.99,75686.0,75594.0,75686.0,16.19798
2026-04-21 15:28:00,75686.0,75730.52,75654.28,75654.29,7.17706
2026-04-21 15:29:00,75654.28,75694.9,75616.26,75694.9,5.50025
2026-04-21 15:30:00,75694.9,75717.67,75638.24,75659.35,10.04097
2026-04-21 15:31:00,75659.35,75708.7,75659.34,75681.07,10.09471
2026-04-21 15:32:00,75681.07,75770.98,75663.42,75764.71,12.56862
2026-04-21 15:33:00,75764.72,75770.32,75654.28,75654.29,8.89768
2026-04-21 15:34:00,75654.29,75663.69,75622.43,75653.2,4.8703
2026-04-21 15:35:00,75653.2,75658.03,75594.35,75594.36,8.31307
2026-04-21 15:36:00,75594.36,75599.37,75529.98,75576.0,91.87301
2026-04-21 15:37:00,75576.0,75641.54,75576.0,75637.99,10.87032
2026-04-21 15:38:00,75638.0,75674.96,75595.76,75672.3,24.78314
2026-04-21 15:39:00,75672.3,75771.97,75672.3,75771.97,12.60148
2026-04-21 15:40:00,75772.0,75820.19,75700.0,75709.04,10.70988
2026-04-21 15:41:00,75709.04,75715.16,75676.98,75676.99,5.38693
2026-04-21 15:42:00,75676.99,75712.0,75657.89,75712.0,7.67254
2026-04-21 15:43:00,75712.66,75746.47,75712.66,75732.47,5.51039
2026-04-21 15:44:00,75732.48,75763.03,75701.5,75701.5,5.42898
2026-04-21 15:45:00,75701.5,75710.52,75677.51,75710.52,6.26289
2026-04-21 15:46:00,75710.51,75710.52,75668.16,75698.0,7.80368
2026-04-21 15:47:00,75698.0,75778.86,75698.0,75770.0,9.41378
2026-04-21 15:48:00,75770.0,75778.0,75736.15,75777.99,8.7232
2026-04-21 15:49:00,75778.0,75810.54,75755.97,75755.98,11.84364
2026-04-21 15:50:00,75755.98,75755.98,75697.99,75740.0,10.26862
2026-04-21 15:51:00,75739.99,75763.15,75722.41,75747.35,13.4776
2026-04-21 15:52:00,75747.34,75747.34,75718.0,75736.4,11.75743
2026-04-21 15:53:00,75736.39,75762.72,75721.91,75721.91,7.54822
2026-04-21 15:54:00,75721.91,75729.38,75681.23,75681.24,6.97424
2026-04-21 15:55:00,75681.24,75686.2,75620.0,75686.19,5.20946
2026-04-21 15:56:00,75686.19,75754.64,75670.0,75754.64,8.66315
2026-04-21 15:57:00,75754.64,75811.32,75754.64,75773.77,10.90271
2026-04-21 15:58:00,75773.77,75813.3,75746.96,75812.13,4.7906
2026-04-21 15:59:00,75812.12,75834.66,75788.67,75834.65,8.20466
2026-04-21 16:00:00,75834.66,75927.16,75834.66,75913.19,18.3373
2026-04-21 16:01:00,75913.2,75974.86,75905.5,75905.5,11.54968
2026-04-21 16:02:00,75905.0,75959.17,75893.23,75951.69,9.7047
2026-04-21 16:03:00,75951.68,76001.0,75831.99,75901.19,43.18502
2026-04-21 16:04:00,75901.2,75946.47,75855.11,75855.11,11.12983
2026-04-21 16:05:00,75855.11,75880.18,75822.71,75860.88,8.24366
2026-04-21 16:06:00,75860.88,75904.37,75853.18,75899.99,4.80782
2026-04-21 16:07:00,75899.99,75900.0,75838.0,75842.64,3.74733
2026-04-21 16:08:00,75842.65,75930.0,75835.25,75872.27,10.66931
2026-04-21 16:09:00,75872.26,75959.37,75872.26,75959.37,5.65078
2026-04-21 16:10:00,75959.38,75966.98,75881.88,75899.92,3.49153
2026-04-21 16:11:00,75899.92,75899.99,75850.0,75865.55,3.83354
2026-04-21 16:12:00,75865.55,75911.66,75865.55,75898.62,6.03885
2026-04-21 16:13:00,75898.62,75945.37,75895.7,75933.84,2.37523
2026-04-21 16:14:00,75933.84,75960.97,75894.67,75960.96,7.23319
2026-04-21 16:15:00,75960.97,75985.89,75893.01,75893.02,5.93729
2026-04-21 16:16:00,75893.01,75898.64,75846.0,75898.63,5.63707
2026-04-21 16:17:00,75898.62,75951.5,75898.62,75943.17,14.03732
2026-04-21 16:18:00,75943.18,75979.02,75940.71,75942.0,4.9993
2026-04-21 16:19:00,75942.01,75969.84,75932.0,75969.07,4.27399
2026-04-21 16:20:00,75969.06,75969.06,75864.46,75885.67,6.73117
2026-04-21 16:21:00,75885.66,75938.8,75879.7,75912.19,4.80526
2026-04-21 16:22:00,75912.19,75972.83,75912.19,75940.8,15.60581
2026-04-21 16:23:00,75940.79,75940.79,75870.74,75870.89,6.29228
2026-04-21 16:24:00,75870.9,75898.46,75854.87,75891.62,5.97931
2026-04-21 16:25:00,75891.62,75945.82,75891.62,75937.99,16.918
2026-04-21 16:26:00,75938.0,75986.36,75937.99,75986.36,8.26158
2026-04-21 16:27:00,75986.35,75986.35,75938.66,75938.66,6.08284
2026-04-21 16:28:00,75938.66,75938.67,75881.88,75897.8,4.14812
2026-04-21 16:29:00,75897.8,75899.33,75861.28,75863.67,4.7986
2026-04-21 16:30:00,75863.67,75934.4,75845.22,75922.55,5.34269
2026-04-21 16:31:00,75922.55,75969.69,75905.68,75911.06,4.43801
2026-04-21 16:32:00,75911.07,75966.0,75911.07,75965.99,2.33772
2026-04-21 16:33:00,75965.99,75988.0,75965.99,75970.54,2.22263
2026-04-21 16:34:00,75970.54,76087.33,75970.53,76087.33,18.71758
2026-04-21 16:35:00,76087.34,76190.72,76087.33,76140.96,30.50401
2026-04-21 16:36:00,76140.96,76148.94,76106.37,76134.67,16.13442
2026-04-21 16:37:00,76134.67,76134.67,76044.0,76068.72,9.04179
2026-04-21 16:38:00,76068.71,76076.0,75997.16,75997.16,7.99048
2026-04-21 16:39:00,75997.16,76029.06,75989.15,76029.05,7.86784
2026-04-21 16:40:00,76029.06,76106.78,76029.06,76091.04,7.12112
2026-04-21 16:41:00,76091.03,76091.03,76048.0,76064.56,2.63633
2026-04-21 16:42:00,76064.55,76072.92,75981.14,75984.01,4.17868
2026-04-21 16:43:00,75984.57,75984.58,75900.79,75900.79,9.66284
2026-04-21 16:44:00,75900.79,75911.66,75871.36,75891.52,7.85814
2026-04-21 16:45:00,75891.52,75967.11,75889.17,75967.1,8.86366
2026-04-21 16:46:00,75967.1,76000.0,75951.77,75951.78,4.79914
2026-04-21 16:47:00,75951.77,75956.49,75927.87,75936.23,5.26578
2026-04-21 16:48:00,75936.23,76034.7,75936.22,76023.91,5.06634
2026-04-21 16:49:00,76023.91,76046.0,75988.56,76046.0,7.39316
2026-04-21 16:50:00,76045.99,76045.99,75972.73,75978.8,4.7912
2026-04-21 16:51:00,75978.8,75996.7,75950.5,75951.13,11.92793
2026-04-21 16:52:00,75951.12,75962.0,75921.3,75943.97,4.54453
2026-04-21 16:53:00,75943.96,75980.87,75930.6,75962.57,4.06337
2026-04-21 16:54:00,75962.57,75962.57,75918.0,75930.43,6.64927
2026-04-21 16:55:00,75930.43,75933.53,75894.88,75925.51,7.89642
2026-04-21 16:56:00,75925.51,75930.25,75895.29,75920.29,3.82838
2026-04-21 16:57:00,75920.3,75920.3,75877.41,75898.37,4.6079
2026-04-21 16:58:00,75898.38,75898.38,75828.04,75828.05,5.76432
2026-04-21 16:59:00,75828.05,75828.05,75760.0,75781.18,10.30925
2026-04-21 17:00:00,75781.19,75801.35,75724.18,75732.1,12.18583
2026-04-21 17:01:00,75732.1,75822.38,75732.1,75790.61,12.14162
2026-04-21 17:02:00,75790.6,75794.0,75763.1,75784.99,4.32403
2026-04-21 17:03:00,75785.0,75807.06,75734.01,75734.01,3.4904
2026-04-21 17:04:00,75734.0,75745.94,75722.41,75742.38,6.69805
2026-04-21 17:05:00,75742.39,75742.39,75579.27,75655.07,20.97922
2026-04-21 17:06:00,75655.07,75690.04,75593.97,75622.0,13.9998
2026-04-21 17:07:00,75622.0,75650.9,75600.0,75612.0,13.22903
2026-04-21 17:08:00,75612.0,75612.0,75561.26,75598.8,18.44076
2026-04-21 17:09:00,75598.8,75660.17,75551.79,75651.0,19.90586
2026-04-21 17:10:00,75651.0,75651.0,75515.77,75584.58,14.42405
2026-04-21 17:11:00,75584.58,75584.58,75520.14,75537.96,15.27988
2026-04-21 17:12:00,75537.95,75563.05,75453.21,75488.99,36.76387
2026-04-21 17:13:00,75489.0,75495.83,75441.2,75495.82,18.03141
2026-04-21 17:14:00,75495.82,75540.24,75495.82,75540.23,10.37601
2026-04-21 17:15:00,75540.24,75549.42,75388.32,75425.75,29.00675
2026-04-21 17:16:00,75425.75,75462.37,75279.17,75365.09,40.44525
2026-04-21 17:17:00,75365.09,75372.38,75243.07,75248.48,21.73819
2026-04-21 17:18:00,75248.48,75252.66,75128.79,75142.66,52.40145
2026-04-21 17:19:00,75142.67,75171.46,75097.48,75101.3,29.05772
2026-04-21 17:20:00,75101.29,75253.22,75052.64,75253.21,32.96298
2026-04-21 17:21:00,75253.22,75305.81,75205.37,75278.0,24.26487
2026-04-21 17:22:00,75278.0,75291.58,75250.33,75291.58,36.49617
2026-04-21 17:23:00,75291.58,75334.9,75291.57,75318.0,18.66584
2026-04-21 17:24:00,75317.99,75365.41,75303.61,75303.61,8.79922
2026-04-21 17:25:00,75303.6,75382.1,75291.59,75352.74,8.96633
2026-04-21 17:26:00,75352.74,75378.62,75323.27,75327.91,11.24066
2026-04-21 17:27:00,75327.91,75350.0,75231.76,75269.53,25.74308
2026-04-21 17:28:00,75269.53,75269.53,75205.82,75247.59,7.18624
2026-04-21 17:29:00,75247.6,75332.73,75245.67,75332.73,9.57572
2026-04-21 17:30:00,75332.73,75355.97,75291.95,75322.9,15.71053
2026-04-21 17:31:00,75322.9,75326.34,75273.66,75293.73,6.46501
2026-04-21 17:32:00,75293.73,75355.42,75293.73,75298.54,14.19822
2026-04-21 17:33:00,75298.54,75352.06,75298.54,75352.05,10.49162
2026-04-21 17:34:00,75352.06,75374.82,75330.01,75334.2,5.79959
2026-04-21 17:35:00,75334.19,75351.98,75293.88,75293.89,8.21601
2026-04-21 17:36:00,75293.89,75351.16,75273.03,75333.09,5.36537
2026-04-21 17:37:00,75333.74,75349.07,75312.46,75312.47,3.04655
2026-04-21 17:38:00,75312.47,75572.0,75312.46,75526.0,43.06361
2026-04-21 17:39:00,75526.0,75692.0,75469.36,75597.21,70.82743
2026-04-21 17:40:00,75597.51,75788.95,75589.03,75731.73,49.803
2026-04-21 17:41:00,75731.73,75839.1,75731.73,75783.99,24.38557
2026-04-21 17:42:00,75783.99,75788.62,75727.15,75776.33,11.89275
2026-04-21 17:43:00,75776.32,75912.98,75719.49,75793.12,24.72491
2026-04-21 17:44:00,75794.66,75817.02,75768.03,75768.03,12.20358
2026-04-21 17:45:00,75768.02,75793.07,75732.78,75738.14,5.50592
2026-04-21 17:46:00,75738.14,75738.15,75646.01,75667.34,20.60697
2026-04-21 17:47:00,75667.34,75676.0,75642.85,75654.88,5.88801
2026-04-21 17:48:00,75654.88,75704.66,75645.0,75664.7,9.21316
2026-04-21 17:49:00,75664.7,75713.47,75650.01,75713.46,7.3128
2026-04-21 17:50:00,75713.46,75745.12,75700.0,75700.0,3.37313
2026-04-21 17:51:00,75700.0,75733.93,75686.34,75732.62,2.22034
2026-04-21 17:52:00,75732.62,75820.0,75732.61,75777.09,8.69484
2026-04-21 17:53:00,75777.1,75782.01,75664.71,75664.71,5.13528
2026-04-21 17:54:00,75664.71,75667.11,75608.89,75617.57,4.88833
2026-04-21 17:55:00,75617.57,75617.58,75512.1,75548.37,18.42468
2026-04-21 17:56:00,75548.37,75548.38,75506.95,75528.73,10.48422
2026-04-21 17:57:00,75528.73,75569.87,75528.73,75557.27,3.99809
2026-04-21 17:58:00,75557.26,75557.27,75535.48,75535.48,1.49534
2026-04-21 17:59:00,75535.48,75559.43,75517.62,75545.62,4.82945
2026-04-21 18:00:00,75545.62,75577.3,75520.0,75577.3,11.98823
2026-04-21 18:01:00,75577.31,75639.52,75577.3,75611.77,16.43437
2026-04-21 18:02:00,75611.76,75611.76,75566.67,75605.99,7.11344
2026-04-21 18:03:00,75606.0,75630.89,75596.93,75599.64,8.38632
2026-04-21 18:04:00,75599.65,75629.05,75570.54,75571.37,4.17119
2026-04-21 18:05:00,75571.37,75637.86,75546.4,75588.25,6.14417
2026-04-21 18:06:00,75588.24,75625.74,75588.24,75603.81,3.8048
2026-04-21 18:07:00,75603.82,75614.76,75594.51,75605.32,3.28908
2026-04-21 18:08:00,75605.33,75610.68,75596.0,75596.0,1.39704
2026-04-21 18:09:00,75596.01,75625.74,75581.17,75592.75,3.40476
2026-04-21 18:10:00,75592.74,75592.74,75543.07,75543.08,2.99893
2026-04-21 18:11:00,75543.08,75555.71,75495.55,75555.71,2.95481
2026-04-21 18:12:00,75555.75,75603.82,75555.75,75569.65,7.84412
2026-04-21 18:13:00,75569.64,75569.64,75554.9,75563.49,1.55275
2026-04-21 18:14:00,75563.5,75582.15,75563.5,75582.15,2.14463
2026-04-21 18:15:00,75582.15,75615.6,75573.96,75611.36,7.30626
2026-04-21 18:16:00,75611.36,75668.24,75437.9,75529.46,86.76336
2026-04-21 18:17:00,75529.46,75545.67,75476.01,75545.66,8.57662
2026-04-21 18:18:00,75545.67,75570.0,75495.77,75534.89,8.77415
2026-04-21 18:19:00,75534.9,75543.41,75456.6,75469.31,8.91018
2026-04-21 18:20:00,75469.32,75469.32,75412.02,75426.46,4.78176
2026-04-21 18:21:00,75426.46,75457.96,75426.46,75432.94,2.79397
2026-04-21 18:22:00,75432.95,75472.88,75412.0,75472.87,4.84432
2026-04-21 18:23:00,75472.87,75499.51,75471.1,75499.51,2.4973
2026-04-21 18:24:00,75499.52,75513.26,75450.0,75450.01,5.10587
2026-04-21 18:25:00,75450.01,75485.2,75436.45,75474.0,5.25625
2026-04-21 18:26:00,75474.0,75485.19,75450.26,75450.26,6.33032
2026-04-21 18:27:00,75450.26,75468.97,75412.0,75412.0,7.88223
2026-04-21 18:28:00,75412.0,75412.01,75380.0,75405.5,9.54557
2026-04-21 18:29:00,75405.5,75475.53,75405.5,75475.53,3.55387
2026-04-21 18:30:00,75475.53,75532.9,75475.52,75488.71,5.43638
2026-04-21 18:31:00,75488.71,75535.86,75488.71,75535.86,2.51297
2026-04-21 18:32:00,75535.86,75592.5,75535.86,75556.01,4.90038
2026-04-21 18:33:00,75556.0,75579.5,75555.0,75565.29,3.04769
2026-04-21 18:34:00,75565.29,75599.26,75562.2,75576.17,4.09401
2026-04-21 18:35:00,75576.16,75583.13,75543.45,75556.62,8.90215
2026-04-21 18:36:00,75556.61,75556.62,75507.32,75507.33,1.79572
2026-04-21 18:37:00,75507.33,75528.66,75470.93,75489.52,1.88648
2026-04-21 18:38:00,75489.52,75540.0,75489.52,75540.0,3.08301
2026-04-21 18:39:00,75540.0,75542.62,75512.97,75533.72,2.30604
2026-04-21 18:40:00,75533.72,75534.44,75489.03,75489.03,1.91632
2026-04-21 18:41:00,75489.03,75515.18,75470.0,75515.17,2.69869
2026-04-21 18:42:00,75515.17,75540.2,75515.17,75540.19,2.74286
2026-04-21 18:43:00,75540.2,75540.69,75498.58,75498.58,3.67271
2026-04-21 18:44:00,75498.58,75524.79,75498.58,75524.79,1.77549
2026-04-21 18:45:00,75524.78,75540.55,75489.07,75538.23,6.11317
2026-04-21 18:46:00,75538.22,75560.79,75517.06,75526.84,11.58185
2026-04-21 18:47:00,75526.83,75526.84,75468.14,75472.92,4.49565
2026-04-21 18:48:00,75473.93,75493.56,75410.86,75421.7,7.23676
2026-04-21 18:49:00,75421.7,75430.33,75392.17,75392.17,3.69875
2026-04-21 18:50:00,75392.17,75428.23,75383.1,75421.28,4.80717
2026-04-21 18:51:00,75421.28,75421.28,75376.96,75399.15,6.62167
2026-04-21 18:52:00,75399.36,75409.57,75375.0,75375.0,3.24328
2026-04-21 18:53:00,75375.01,75375.01,75312.81,75312.81,6.51995
2026-04-21 18:54:00,75312.82,75545.31,75310.88,75506.9,49.15616
2026-04-21 18:55:00,75506.89,75639.46,75464.49,75521.71,17.49805
2026-04-21 18:56:00,75521.7,75521.7,75474.88,75501.08,4.90486
2026-04-21 18:57:00,75501.08,75630.65,75501.08,75607.58,13.42628
2026-04-21 18:58:00,75607.57,75607.57,75573.01,75589.42,4.93461
2026-04-21 18:59:00,75589.42,75610.21,75570.0,75610.21,4.91077
2026-04-21 19:00:00,75610.21,75695.59,75607.23,75643.81,9.41104
2026-04-21 19:01:00,75643.8,75742.1,75643.8,75710.07,10.08547
2026-04-21 19:02:00,75710.07,75744.94,75693.4,75722.5,4.94382
2026-04-21 19:03:00,75722.49,75740.52,75700.0,75712.71,10.94192
2026-04-21 19:04:00,75712.72,75745.12,75709.03,75739.12,3.53471
2026-04-21 19:05:00,75739.11,75795.79,75739.11,75756.82,6.15717
2026-04-21 19:06:00,75756.82,75767.83,75722.41,75743.09,2.39707
2026-04-21 19:07:00,75743.09,75761.42,75724.75,75760.79,4.04029
2026-04-21 19:08:00,75761.2,75763.4,75742.15,75742.15,14.09125
2026-04-21 19:09:00,75742.16,75742.16,75692.03,75692.04,29.47054
2026-04-21 19:10:00,75692.04,75749.2,75675.63,75730.52,31.11379
2026-04-21 19:11:00,75730.52,75766.55,75730.51,75746.38,18.34399
2026-04-21 19:12:00,75746.37,75757.47,75725.55,75739.92,2.89062
2026-04-21 19:13:00,75739.92,75759.27,75735.91,75745.91,1.79325
2026-04-21 19:14:00,75745.91,75745.91,75567.06,75607.58,21.11638
2026-04-21 19:15:00,75607.58,75659.78,75540.0,75586.72,11.69281
2026-04-21 19:16:00,75586.72,75629.6,75586.72,75625.54,7.02776
2026-04-21 19:17:00,75625.53,75634.0,75572.19,75591.28,9.10853
2026-04-21 19:18:00,75591.28,75643.92,75574.0,75639.0,3.38554
2026-04-21 19:19:00,75638.94,75685.87,75609.63,75609.64,23.71614
2026-04-21 19:20:00,75609.64,75709.04,75609.64,75709.04,11.38076
2026-04-21 19:21:00,75709.03,75826.89,75701.15,75743.51,11.86698
2026-04-21 19:22:00,75743.52,75767.03,75722.42,75736.24,6.61878
2026-04-21 19:23:00,75736.25,75817.01,75736.24,75800.0,8.54456
2026-04-21 19:24:00,75800.01,75860.0,75800.0,75832.43,6.04042
2026-04-21 19:25:00,75832.42,75886.68,75820.0,75884.8,8.00925
2026-04-21 19:26:00,75884.79,75919.5,75842.96,75862.0,15.00786
2026-04-21 19:27:00,75862.01,75862.01,75803.0,75803.01,6.77823
2026-04-21 19:28:00,75803.01,75819.31,75786.77,75786.77,4.2827
2026-04-21 19:29:00,75786.78,75786.78,75762.53,75773.73,1.84258
2026-04-21 19:30:00,75773.74,75786.45,75729.83,75731.48,9.04834
2026-04-21 19:31:00,75731.47,75731.48,75712.02,75722.46,1.76973
2026-04-21 19:32:00,75722.47,75722.47,75692.35,75695.54,4.57946
2026-04-21 19:33:00,75695.53,75695.53,75636.83,75636.83,6.13551
2026-04-21 19:34:00,75636.83,75636.83,75572.84,75572.85,4.78599
2026-04-21 19:35:00,75572.84,75572.84,75485.71,75491.32,7.00761
2026-04-21 19:36:00,75491.32,75506.05,75330.16,75347.21,44.47358
2026-04-21 19:37:00,75347.21,75411.68,75342.18,75411.67,16.54936
2026-04-21 19:38:00,75411.68,75411.68,75209.98,75210.45,30.90432
2026-04-21 19:39:00,75210.45,75268.93,75182.0,75255.19,22.76379
2026-04-21 19:40:00,75255.2,75255.2,75150.88,75190.45,20.13758
2026-04-21 19:41:00,75190.46,75238.68,75061.53,75073.0,34.30584
2026-04-21 19:42:00,75073.0,75073.0,74905.0,74936.9,140.07248
2026-04-21 19:43:00,74936.9,74946.89,74829.69,74900.0,63.50853
2026-04-21 19:44:00,74899.99,74900.0,74823.0,74866.0,16.27151
2026-04-21 19:45:00,74866.01,74956.0,74855.0,74939.45,18.87473
2026-04-21 19:46:00,74939.44,74955.6,74821.57,74865.82,17.11023
2026-04-21 19:47:00,74865.82,75032.97,74865.82,74998.01,16.09408
2026-04-21 19:48:00,74998.01,75023.4,74967.62,74967.97,8.93399
2026-04-21 19:49:00,74967.98,75023.76,74951.2,75010.08,14.57678
2026-04-21 19:50:00,75010.08,75093.72,74993.04,74993.05,22.79417
2026-04-21 19:51:00,74993.05,75007.02,74950.0,74981.08,14.11827
2026-04-21 19:52:00,74981.08,74982.66,74907.38,74920.27,23.26237
2026-04-21 19:53:00,74920.27,74992.77,74920.27,74972.26,9.83922
2026-04-21 19:54:00,74972.27,75000.0,74946.0,74955.11,7.43404
2026-04-21 19:55:00,74955.12,75014.5,74947.47,75013.32,18.44675
2026-04-21 19:56:00,75013.32,75020.52,74976.35,74993.85,8.4808
2026-04-21 19:57:00,74993.86,74993.86,74960.13,74980.23,7.76353
2026-04-21 19:58:00,74980.24,74990.88,74956.26,74989.98,19.47654
2026-04-21 19:59:00,74989.98,75039.08,74989.98,75023.43,19.11426
2026-04-21 20:00:00,75023.43,75073.21,74994.04,75073.21,17.45911
2026-04-21 20:01:00,75073.21,75158.04,75073.2,75158.0,34.2454
2026-04-21 20:02:00,75158.01,75168.34,75099.93,75103.13,19.11764
2026-04-21 20:03:00,75103.13,75135.31,75083.15,75135.31,11.74119
2026-04-21 20:04:00,75135.31,75187.3,75108.3,75108.31,29.505
2026-04-21 20:05:00,75108.3,75130.86,75062.36,75062.36,7.51966
2026-04-21 20:06:00,75062.36,75078.0,75026.66,75026.69,5.76976
2026-04-21 20:07:00,75026.7,75042.29,74979.92,74979.99,18.52589
2026-04-21 20:08:00,74979.99,75027.09,74967.58,75027.08,18.33747
2026-04-21 20:09:00,75027.08,75423.53,75027.08,75358.75,104.75816
2026-04-21 20:10:00,75358.74,75572.17,75312.01,75571.23,75.59632
2026-04-21 20:11:00,75571.23,75614.29,75528.01,75528.22,45.69084
2026-04-21 20:12:00,75528.21,75531.72,75411.95,75521.63,24.75026
2026-04-21 20:13:00,75521.63,75584.37,75482.6,75565.28,19.17347
2026-04-21 20:14:00,75565.29,75611.65,75482.86,75576.01,30.51659
2026-04-21 20:15:00,75576.0,75576.01,75467.57,75467.57,18.51816
2026-04-21 20:16:00,75467.57,75544.43,75451.37,75540.86,7.16289
2026-04-21 20:17:00,75540.86,75630.1,75540.86,75604.71,9.42891
2026-04-21 20:18:00,75604.71,75613.76,75524.0,75529.27,10.04583
2026-04-21 20:19:00,75529.27,75566.17,75516.0,75516.01,7.51589
2026-04-21 20:20:00,75516.01,75608.88,75516.0,75608.88,6.25749
2026-04-21 20:21:00,75608.87,75608.87,75525.73,75525.74,10.27353
2026-04-21 20:22:00,75525.73,75589.6,75525.73,75589.6,3.9937
2026-04-21 20:23:00,75590.0,75605.37,75576.88,75584.95,5.08848
2026-04-21 20:24:00,75584.95,75650.0,75584.93,75628.32,8.57908
2026-04-21 20:25:00,75628.33,75699.94,75628.33,75691.01,27.0565
2026-04-21 20:26:00,75691.02,75742.81,75668.0,75734.0,21.72653
2026-04-21 20:27:00,75734.0,75779.99,75719.51,75766.69,17.32394
2026-04-21 20:28:00,75766.69,75766.69,75677.57,75677.58,10.97367
2026-04-21 20:29:00,75677.57,75677.58,75638.07,75646.81,3.34823
2026-04-21 20:30:00,75646.8,75696.0,75646.8,75680.54,4.06891
2026-04-21 20:31:00,75680.55,75782.62,75680.54,75758.72,8.08248
2026-04-21 20:32:00,75758.71,75859.56,75758.71,75785.53,11.25709
2026-04-21 20:33:00,75785.53,75799.65,75773.99,75776.24,5.784
2026-04-21 20:34:00,75776.24,75813.33,75761.07,75797.09,14.16724
2026-04-21 20:35:00,75797.09,75824.0,75793.34,75823.99,12.88486
2026-04-21 20:36:00,75823.99,75837.22,75774.0,75780.33,6.95612
2026-04-21 20:37:00,75780.32,75786.77,75679.62,75706.42,11.36313
2026-04-21 20:38:00,75706.43,75729.42,75687.02,75721.3,11.4947
2026-04-21 20:39:00,75721.31,75755.14,75707.73,75755.14,5.32325
2026-04-21 20:40:00,75755.14,75755.14,75718.0,75718.0,2.98562
2026-04-21 20:41:00,75718.0,75718.13,75676.0,75676.0,6.84754
2026-04-21 20:42:00,75676.0,75690.33,75676.0,75690.33,4.61688
2026-04-21 20:43:00,75690.32,75690.32,75668.96,75683.27,2.67082
2026-04-21 20:44:00,75683.27,75683.27,75666.65,75667.13,3.25058
2026-04-21 20:45:00,75667.12,75667.13,75634.0,75634.0,3.47877
2026-04-21 20:46:00,75634.0,75634.01,75583.3,75583.31,5.93939
2026-04-21 20:47:00,75583.3,75665.6,75583.3,75665.6,5.63453
2026-04-21 20:48:00,75665.96,75713.26,75665.96,75713.25,2.99843
2026-04-21 20:49:00,75713.26,75732.33,75713.25,75732.33,2.22523
2026-04-21 20:50:00,75732.33,75750.0,75699.69,75699.69,3.51975
2026-04-21 20:51:00,75699.7,75714.85,75699.7,75706.01,1.98112
2026-04-21 20:52:00,75706.02,75706.02,75670.09,75676.24,2.55113
2026-04-21 20:53:00,75676.24,75699.65,75676.24,75690.52,4.54054
2026-04-21 20:54:00,75690.51,75709.87,75690.51,75709.86,1.66638
2026-04-21 20:55:00,75709.87,75716.34,75695.55,75711.16,3.29229
2026-04-21 20:56:00,75711.15,75727.54,75696.53,75714.3,7.18259
2026-04-21 20:57:00,75714.31,75761.96,75702.9,75761.96,3.80069
2026-04-21 20:58:00,75761.96,75771.0,75746.56,75756.64,4.13639
2026-04-21 20:59:00,75756.63,75756.64,75698.51,75698.51,2.55699
2026-04-21 21:00:00,75698.51,75751.88,75698.51,75751.88,4.88199
2026-04-21 21:01:00,75751.88,75777.38,75751.88,75760.41,5.00046
2026-04-21 21:02:00,75760.4,75760.4,75676.98,75676.99,4.67664
2026-04-21 21:03:00,75676.98,75676.99,75650.02,75676.96,5.73432
2026-04-21 21:04:00,75676.97,75708.0,75676.96,75707.99,1.0701
2026-04-21 21:05:00,75707.99,75714.83,75686.75,75686.76,2.0744
2026-04-21 21:06:00,75686.76,75686.76,75661.9,75665.6,4.65367
2026-04-21 21:07:00,75665.93,75672.62,75662.56,75663.01,3.02081
2026-04-21 21:08:00,75663.0,75663.01,75650.4,75650.4,1.26272
2026-04-21 21:09:00,75650.4,75650.41,75624.99,75625.0,4.27461
2026-04-21 21:10:00,75624.99,75625.0,75593.99,75593.99,3.61678
2026-04-21 21:11:00,75593.99,75593.99,75550.79,75560.91,7.98947
2026-04-21 21:12:00,75560.91,75582.79,75560.9,75574.62,2.25228
2026-04-21 21:13:00,75574.62,75574.62,75535.47,75545.99,10.81285
2026-04-21 21:14:00,75545.99,75586.19,75545.99,75578.0,3.16986
2026-04-21 21:15:00,75578.01,75608.88,75567.75,75571.61,5.25678
2026-04-21 21:16:00,75571.61,75578.58,75571.6,75578.58,1.68592
2026-04-21 21:17:00,75578.58,75578.58,75558.0,75558.01,1.32879
2026-04-21 21:18:00,75558.01,75563.54,75558.0,75563.54,1.28482
2026-04-21 21:19:00,75563.53,75578.58,75558.0,75578.58,0.82341
2026-04-21 21:20:00,75578.58,75652.0,75578.57,75651.99,3.71955
2026-04-21 21:21:00,75651.99,75673.16,75651.99,75659.32,4.53936
2026-04-21 21:22:00,75659.34,75667.6,75641.28,75644.69,1.61118
2026-04-21 21:23:00,75644.69,75647.73,75644.68,75644.69,0.77817
2026-04-21 21:24:00,75644.68,75644.68,75608.62,75608.62,4.84708
2026-04-21 21:25:00,75608.63,75608.63,75591.02,75603.99,7.97724
2026-04-21 21:26:00,75603.99,75607.62,75600.88,75607.61,1.26228
2026-04-21 21:27:00,75607.61,75622.06,75607.61,75622.06,5.95411
2026-04-21 21:28:00,75622.05,75622.06,75563.53,75563.53,4.93247
2026-04-21 21:29:00,75563.54,75577.84,75550.11,75577.84,3.65156
2026-04-21 21:30:00,75577.84,75584.81,75577.83,75577.84,4.08336
2026-04-21 21:31:00,75577.83,75577.84,75577.82,75577.83,2.35062
2026-04-21 21:32:00,75577.83,75580.98,75576.31,75576.32,3.79367
2026-04-21 21:33:00,75576.32,75585.0,75573.54,75585.0,4.25164
2026-04-21 21:34:00,75584.99,75585.0,75584.99,75584.99,1.34821
2026-04-21 21:35:00,75584.99,75628.0,75584.99,75628.0,4.21537
2026-04-21 21:36:00,75627.99,75627.99,75600.0,75600.0,2.52696
2026-04-21 21:37:00,75600.01,75616.62,75600.01,75601.55,3.04822
2026-04-21 21:38:00,75601.54,75601.54,75573.48,75583.82,3.02577
2026-04-21 21:39:00,75583.82,75605.88,75583.81,75604.56,3.10742
2026-04-21 21:40:00,75604.56,75625.04,75581.86,75598.78,3.37872
2026-04-21 21:41:00,75598.78,75598.78,75567.94,75586.81,2.23913
2026-04-21 21:42:00,75586.8,75586.81,75504.28,75504.28,8.10934
2026-04-21 21:43:00,75504.28,75510.31,75485.08,75485.09,5.59526
2026-04-21 21:44:00,75485.08,75492.88,75449.95,75452.81,17.1809
2026-04-21 21:45:00,75452.8,75500.0,75431.62,75500.0,9.93758
2026-04-21 21:46:00,75499.99,75500.0,75466.65,75495.53,2.94879
2026-04-21 21:47:00,75495.53,75520.0,75495.53,75515.75,5.87351
2026-04-21 21:48:00,75515.75,75530.0,75512.0,75530.0,13.9738
2026-04-21 21:49:00,75530.7,75533.79,75514.0,75514.01,1.90057
2026-04-21 21:50:00,75514.01,75536.25,75514.0,75536.25,1.55633
2026-04-21 21:51:00,75536.25,75536.25,75522.95,75522.95,1.93508
2026-04-21 21:52:00,75522.88,75530.0,75519.98,75530.0,2.73915
2026-04-21 21:53:00,75529.99,75530.0,75529.99,75529.99,1.34031
2026-04-21 21:54:00,75530.0,75540.0,75529.99,75539.99,6.13281
2026-04-21 21:55:00,75540.0,75540.0,75539.99,75539.99,0.9087
2026-04-21 21:56:00,75540.0,75572.01,75540.0,75572.0,10.90822
2026-04-21 21:57:00,75572.01,75585.88,75572.0,75572.01,3.02399
2026-04-21 21:58:00,75572.0,75572.01,75526.0,75526.0,2.27915
2026-04-21 21:59:00,75526.0,75550.0,75522.93,75549.99,1.52029
2026-04-21 22:00:00,75549.99,75563.52,75510.0,75540.18,12.51074
2026-04-21 22:01:00,75540.19,75594.0,75540.18,75547.36,13.97508
2026-04-21 22:02:00,75547.36,75580.0,75520.0,75580.0,9.86637
2026-04-21 22:03:00,75580.0,75580.0,75520.0,75527.43,1.85803
2026-04-21 22:04:00,75527.42,75549.21,75527.42,75534.85,1.70821
2026-04-21 22:05:00,75534.08,75534.08,75497.75,75525.45,22.93214
2026-04-21 22:06:00,75525.45,75530.0,75508.01,75529.99,9.38851
2026-04-21 22:07:00,75529.99,75570.13,75495.56,75495.56,15.23952
2026-04-21 22:08:00,75495.55,75516.89,75490.0,75516.89,7.7987
2026-04-21 22:09:00,75516.89,75540.22,75503.31,75503.31,13.66528
2026-04-21 22:10:00,75503.12,75536.77,75500.0,75520.4,2.83782
2026-04-21 22:11:00,75520.0,75550.0,75516.19,75539.61,5.63586
2026-04-21 22:12:00,75539.61,75539.61,75527.99,75529.99,3.95257
2026-04-21 22:13:00,75530.0,75550.0,75529.99,75550.0,2.3224
2026-04-21 22:14:00,75550.0,75571.45,75549.99,75550.74,12.96443
2026-04-21 22:15:00,75550.74,75550.74,75506.85,75506.85,0.90631
2026-04-21 22:16:00,75506.85,75530.0,75504.09,75529.99,3.35015
2026-04-21 22:17:00,75529.99,75530.0,75460.94,75489.61,5.7391
2026-04-21 22:18:00,75489.6,75489.61,75434.0,75461.9,3.81214
2026-04-21 22:19:00,75461.9,75488.0,75321.49,75321.5,49.8992
2026-04-21 22:20:00,75321.51,75394.0,75321.51,75393.99,3.6742
2026-04-21 22:21:00,75394.0,75414.78,75364.0,75373.99,18.11063
2026-04-21 22:22:00,75373.99,75374.0,75331.24,75337.38,6.47591
2026-04-21 22:23:00,75337.38,75337.39,75302.31,75329.98,7.24584
2026-04-21 22:24:00,75329.99,75363.98,75329.98,75363.98,0.79272
2026-04-21 22:25:00,75363.99,75381.99,75363.98,75379.08,5.61902
2026-04-21 22:26:00,75379.07,75382.36,75360.94,75363.54,2.07396
2026-04-21 22:27:00,75363.55,75364.91,75360.94,75363.54,1.08095
2026-04-21 22:28:00,75363.54,75363.54,75341.34,75341.35,4.5667
2026-04-21 22:29:00,75341.35,75368.0,75341.35,75368.0,1.34763
2026-04-21 22:30:00,75367.99,75381.97,75356.13,75376.45,2.5349
2026-04-21 22:31:00,75376.45,75402.13,75302.01,75311.54,7.1725
2026-04-21 22:32:00,75311.54,75364.0,75311.54,75363.87,1.88156
2026-04-21 22:33:00,75363.88,75372.59,75340.8,75349.97,2.48507
2026-04-21 22:34:00,75349.97,75376.84,75340.8,75376.84,4.61617
2026-04-21 22:35:00,75376.83,75379.8,75366.82,75379.79,1.72571
2026-04-21 22:36:00,75379.79,75428.0,75379.79,75428.0,4.46562
2026-04-21 22:37:00,75428.0,75434.88,75382.38,75414.0,43.12645
2026-04-21 22:38:00,75413.99,75431.7,75412.0,75431.69,2.98352
2026-04-21 22:39:00,75431.69,75431.7,75386.83,75386.83,2.32008
2026-04-21 22:40:00,75386.83,75413.36,75379.8,75413.35,1.8152
2026-04-21 22:41:00,75413.36,75413.36,75383.85,75383.86,1.59544
2026-04-21 22:42:00,75383.85,75420.81,75382.99,75420.81,2.10793
2026-04-21 22:43:00,75420.8,75540.85,75420.8,75533.0,7.69745
2026-04-21 22:44:00,75533.0,75538.37,75527.96,75527.96,2.97114
2026-04-21 22:45:00,75527.43,75529.06,75516.0,75521.14,1.59433
2026-04-21 22:46:00,75521.15,75526.21,75521.14,75526.21,1.30032
2026-04-21 22:47:00,75526.21,75526.21,75526.2,75526.2,1.37299
2026-04-21 22:48:00,75526.21,75550.0,75524.61,75524.62,2.61403
2026-04-21 22:49:00,75524.62,75542.82,75489.63,75489.64,6.01805
2026-04-21 22:50:00,75489.63,75518.19,75489.63,75518.19,1.14653
2026-04-21 22:51:00,75518.18,75543.1,75518.18,75543.09,2.53795
2026-04-21 22:52:00,75543.1,75543.1,75526.1,75526.1,2.64005
2026-04-21 22:53:00,75526.0,75552.56,75522.22,75546.32,1.46027
2026-04-21 22:54:00,75546.33,75576.36,75546.33,75574.41,3.50443
2026-04-21 22:55:00,75574.41,75609.12,75574.41,75601.55,7.14212
2026-04-21 22:56:00,75601.54,75607.51,75587.0,75607.5,2.62576
2026-04-21 22:57:00,75607.51,75621.28,75598.93,75598.93,6.35841
2026-04-21 22:58:00,75598.93,75623.62,75593.55,75623.62,2.68742
2026-04-21 22:59:00,75623.61,75650.04,75623.61,75650.04,5.44236
2026-04-21 23:00:00,75650.03,75657.27,75622.0,75657.26,12.63588
2026-04-21 23:01:00,75657.26,75750.0,75657.26,75736.18,11.51995
2026-04-21 23:02:00,75736.18,75776.27,75726.9,75754.01,9.54322
2026-04-21 23:03:00,75754.0,75796.7,75745.13,75748.64,5.83047
2026-04-21 23:04:00,75748.64,75779.08,75748.64,75757.37,1.9179
2026-04-21 23:05:00,75757.36,75846.23,75757.36,75824.14,13.74277
2026-04-21 23:06:00,75824.14,75850.0,75824.07,75824.08,4.37243
2026-04-21 23:07:00,75824.08,75824.65,75804.61,75824.65,3.26543
2026-04-21 23:08:00,75824.64,75857.82,75812.03,75857.82,4.89394
2026-04-21 23:09:00,75857.82,75857.82,75842.83,75850.99,7.70899
2026-04-21 23:10:00,75850.98,75850.98,75794.8,75794.8,3.91029
2026-04-21 23:11:00,75794.81,75803.86,75784.3,75784.31,1.90134
2026-04-21 23:12:00,75784.31,75791.89,75757.64,75757.64,3.33197
2026-04-21 23:13:00,75757.65,75757.65,75726.9,75749.99,3.49961
2026-04-21 23:14:00,75750.0,75775.05,75749.99,75775.05,1.54717
2026-04-21 23:15:00,75775.05,75783.4,75754.74,75778.57,1.38284
2026-04-21 23:16:00,75778.56,75800.0,75778.56,75798.94,1.16297
2026-04-21 23:17:00,75798.93,75823.75,75798.93,75808.61,1.7398
2026-04-21 23:18:00,75808.61,75815.26,75790.6,75808.57,2.10153
2026-04-21 23:19:00,75808.57,75868.91,75808.57,75835.06,4.57807
2026-04-21 23:20:00,75835.05,75838.05,75817.14,75817.91,3.91914
2026-04-21 23:21:00,75817.9,75847.17,75814.27,75814.27,3.37258
2026-04-21 23:22:00,75814.27,75831.33,75795.54,75802.73,9.25458
2026-04-21 23:23:00,75802.74,75802.74,75782.0,75795.01,6.47612
2026-04-21 23:24:00,75795.01,75828.35,75795.0,75824.14,0.88343
2026-04-21 23:25:00,75824.15,75824.15,75785.22,75785.22,5.14874
2026-04-21 23:26:00,75785.22,75785.22,75764.08,75767.16,2.55181
2026-04-21 23:27:00,75767.16,75776.58,75760.0,75776.58,1.42107
2026-04-21 23:28:00,75776.58,75790.6,75775.51,75783.0,4.69734
2026-04-21 23:29:00,75783.0,75789.66,75775.8,75787.26,0.77113
2026-04-21 23:30:00,75787.25,75823.28,75787.25,75790.61,16.9517
2026-04-21 23:31:00,75790.6,75794.5,75780.96,75794.5,0.81097
2026-04-21 23:32:00,75794.5,75832.0,75794.5,75815.27,3.40927
2026-04-21 23:33:00,75815.26,75836.08,75815.26,75822.01,1.41815
2026-04-21 23:34:00,75822.0,75836.0,75822.0,75835.99,2.42596
2026-04-21 23:35:00,75836.0,75850.0,75835.99,75840.42,2.27315
2026-04-21 23:36:00,75840.43,75870.8,75840.42,75870.8,3.45902
2026-04-21 23:37:00,75870.79,75880.0,75858.83,75879.99,2.78853
2026-04-21 23:38:00,75879.99,75879.99,75865.58,75876.21,2.21535
2026-04-21 23:39:00,75876.2,75974.23,75876.2,75974.23,12.22459
2026-04-21 23:40:00,75974.22,75993.25,75951.88,75951.89,3.61105
2026-04-21 23:41:00,75951.89,75972.01,75940.18,75940.18,9.19251
2026-04-21 23:42:00,75940.18,76111.88,75931.45,76024.72,45.85171
2026-04-21 23:43:00,76024.72,76069.96,76008.63,76069.95,8.84625
2026-04-21 23:44:00,76069.95,76089.01,76069.95,76083.62,2.87319
2026-04-21 23:45:00,76083.62,76256.08,76077.55,76242.63,50.9667
2026-04-21 23:46:00,76242.64,76393.43,76242.63,76326.79,40.35481
2026-04-21 23:47:00,76326.78,76384.0,76321.57,76384.0,11.28572
2026-04-21 23:48:00,76383.99,76406.91,76326.26,76379.99,27.05189
2026-04-21 23:49:00,76380.0,76380.0,76306.09,76360.51,18.6801
2026-04-21 23:50:00,76360.51,76365.89,76332.76,76343.46,6.39869
2026-04-21 23:51:00,76343.45,76396.53,76303.27,76396.53,18.28902
2026-04-21 23:52:00,76396.53,76425.37,76330.61,76330.61,13.73509
2026-04-21 23:53:00,76330.61,76330.62,76306.14,76306.14,3.06636
2026-04-21 23:54:00,76306.15,76341.37,76300.0,76341.37,7.56001
2026-04-21 23:55:00,76341.36,76341.98,76314.26,76341.98,5.3297
2026-04-21 23:56:00,76341.97,76341.98,76327.06,76327.84,8.31208
2026-04-21 23:57:00,76327.85,76338.55,76322.43,76338.55,2.53639
2026-04-21 23:58:00,76338.54,76349.19,76325.02,76349.18,2.33176
2026-04-21 23:59:00,76349.18,76349.19,76320.7,76336.15,3.79874
2026-04-22 00:00:00,76336.14,76367.15,76328.24,76338.35,22.50619
2026-04-22 00:01:00,76338.35,76360.0,76324.0,76347.38,15.52549
2026-04-22 00:02:00,76347.37,76390.9,76324.0,76327.03,6.1308
2026-04-22 00:03:00,76327.04,76414.13,76326.89,76414.13,13.24158
2026-04-22 00:04:00,76414.12,76414.13,76311.99,76311.99,48.99183
2026-04-22 00:05:00,76312.0,76401.1,76311.99,76374.13,61.94225
2026-04-22 00:06:00,76374.12,76444.0,76364.8,76443.99,9.37958
2026-04-22 00:07:00,76443.99,76443.99,76372.0,76399.99,5.39065
2026-04-22 00:08:00,76400.0,76453.92,76399.99,76453.92,7.71813
2026-04-22 00:09:00,76453.91,76500.0,76450.0,76450.0,14.39182
2026-04-22 00:10:00,76450.01,76450.01,76319.31,76322.97,13.02115
2026-04-22 00:11:00,76322.96,76380.0,76322.96,76380.0,8.24867
2026-04-22 00:12:00,76379.99,76387.76,76346.31,76384.69,3.76717
2026-04-22 00:13:00,76384.7,76396.94,76362.57,76396.94,8.99444
2026-04-22 00:14:00,76396.94,76426.27,76396.93,76417.85,4.98759
2026-04-22 00:15:00,76417.85,76417.85,76370.7,76398.48,10.07627
2026-04-22 00:16:00,76398.49,76398.49,76278.53,76278.53,7.3479
2026-04-22 00:17:00,76278.53,76353.13,76278.53,76335.24,9.14817
2026-04-22 00:18:00,76335.24,76410.0,76335.24,76399.54,13.36008
2026-04-22 00:19:00,76399.55,76399.55,76368.73,76368.74,1.97416
2026-04-22 00:20:00,76368.73,76429.4,76353.31,76429.4,6.53126
2026-04-22 00:21:00,76429.4,76439.29,76388.0,76415.29,2.97929
2026-04-22 00:22:00,76415.4,76423.27,76361.25,76361.25,3.17143
2026-04-22 00:23:00,76361.25,76361.25,76350.1,76351.0,1.36738
2026-04-22 00:24:00,76351.0,76351.0,76287.31,76287.32,10.53829
2026-04-22 00:25:00,76287.32,76287.32,76242.8,76259.62,16.3403
2026-04-22 00:26:00,76259.63,76312.52,76259.62,76312.52,4.5751
2026-04-22 00:27:00,76312.53,76325.43,76303.85,76303.86,2.69699
2026-04-22 00:28:00,76303.85,76307.19,76282.12,76284.92,2.31956
2026-04-22 00:29:00,76284.93,76300.0,76274.0,76274.01,4.73206
2026-04-22 00:30:00,76274.0,76305.67,76274.0,76284.36,3.80832
2026-04-22 00:31:00,76284.35,76306.52,76284.35,76306.52,2.87461
2026-04-22 00:32:00,76306.52,76306.52,76277.15,76290.09,3.22613
2026-04-22 00:33:00,76290.1,76310.0,76286.62,76306.04,3.61406
2026-04-22 00:34:00,76306.03,76306.03,76252.6,76254.16,3.26621
2026-04-22 00:35:00,76254.16,76266.0,76250.96,76253.15,3.79565
2026-04-22 00:36:00,76253.15,76270.0,76220.4,76220.4,13.40776
2026-04-22 00:37:00,76220.4,76298.44,76220.4,76298.43,14.3141
2026-04-22 00:38:00,76298.43,76313.97,76286.62,76296.98,7.07051
2026-04-22 00:39:00,76296.99,76338.33,76296.97,76338.33,3.26262
2026-04-22 00:40:00,76338.33,76400.0,76338.33,76350.0,3.97452
2026-04-22 00:41:00,76350.0,76350.0,76301.76,76305.77,1.80143
2026-04-22 00:42:00,76305.77,76329.07,76304.01,76329.06,3.70988
2026-04-22 00:43:00,76329.06,76350.42,76329.06,76350.42,4.4335
2026-04-22 00:44:00,76350.42,76350.42,76315.44,76338.0,2.42495
2026-04-22 00:45:00,76337.99,76374.33,76337.99,76363.99,7.50779
2026-04-22 00:46:00,76364.0,76364.0,76317.81,76332.36,2.2331
2026-04-22 00:47:00,76332.36,76334.37,76309.7,76334.37,2.89399
2026-04-22 00:48:00,76334.37,76334.37,76302.0,76310.7,3.39812
2026-04-22 00:49:00,76310.7,76317.6,76284.64,76284.65,2.8552
2026-04-22 00:50:00,76284.64,76284.65,76250.0,76254.23,3.2328
2026-04-22 00:51:00,76254.23,76291.3,76250.0,76279.65,4.05074
2026-04-22 00:52:00,76279.65,76281.54,76249.41,76281.53,8.24801
2026-04-22 00:53:00,76281.53,76282.02,76267.47,76277.4,2.88293
2026-04-22 00:54:00,76277.41,76300.59,76258.66,76273.96,5.80567
2026-04-22 00:55:00,76273.97,76288.1,76266.68,76266.68,6.38163
2026-04-22 00:56:00,76266.68,76308.89,76266.68,76308.89,4.50308
2026-04-22 00:57:00,76308.93,76315.43,76288.0,76296.15,1.9593
2026-04-22 00:58:00,76296.15,76305.6,76282.49,76286.55,1.70443
2026-04-22 00:59:00,76286.56,76370.46,76285.17,76370.45,22.89039
2026-04-22 01:00:00,76370.46,76376.41,76312.41,76329.19,39.85884
2026-04-22 01:01:00,76329.94,76387.64,76322.89,76377.97,4.6703
2026-04-22 01:02:00,76377.98,76412.42,76373.06,76412.41,4.90803
2026-04-22 01:03:00,76412.41,76412.42,76363.57,76383.83,1.89682
2026-04-22 01:04:00,76383.83,76397.12,76350.83,76350.84,8.3797
2026-04-22 01:05:00,76350.83,76369.92,76350.0,76369.92,2.97054
2026-04-22 01:06:00,76369.91,76369.91,76322.15,76322.15,4.86517
2026-04-22 01:07:00,76322.01,76357.25,76322.0,76345.62,2.76582
2026-04-22 01:08:00,76345.63,76345.82,76315.52,76338.7,7.21782
2026-04-22 01:09:00,76338.7,76345.63,76323.44,76345.62,3.99149
2026-04-22 01:10:00,76345.62,76355.53,76331.06,76331.07,2.88783
2026-04-22 01:11:00,76331.06,76331.07,76281.73,76309.99,3.62469
2026-04-22 01:12:00,76310.0,76370.89,76310.0,76364.86,3.07331
2026-04-22 01:13:00,76364.86,76391.81,76341.33,76384.16,4.26418
2026-04-22 01:14:00,76384.17,76416.24,76384.17,76397.37,3.8594
2026-04-22 01:15:00,76397.37,76397.37,76358.86,76358.87,1.99601
2026-04-22 01:16:00,76358.86,76358.86,76326.02,76337.38,2.52937
2026-04-22 01:17:00,76337.38,76349.99,76331.54,76349.99,3.71308
2026-04-22 01:18:00,76349.98,76349.99,76258.76,76258.77,5.81019
2026-04-22 01:19:00,76258.78,76258.78,76164.81,76184.44,15.67667
2026-04-22 01:20:00,76184.44,76204.12,76169.19,76204.12,11.7223
2026-04-22 01:21:00,76204.11,76219.09,76140.09,76140.1,20.02395
2026-04-22 01:22:00,76140.1,76200.0,76140.09,76200.0,9.60051
2026-04-22 01:23:00,76199.99,76247.77,76199.99,76233.23,15.17078
2026-04-22 01:24:00,76233.24,76233.24,76178.18,76178.18,13.1638
2026-04-22 01:25:00,76178.19,76200.0,76169.0,76179.15,6.84456
2026-04-22 01:26:00,76179.15,76198.0,76169.8,76197.99,4.19022
2026-04-22 01:27:00,76198.0,76214.65,76196.27,76214.64,2.5573
2026-04-22 01:28:00,76214.65,76214.65,76150.0,76169.38,4.08434
2026-04-22 01:29:00,76169.38,76169.38,76151.88,76160.58,4.73114
2026-04-22 01:30:00,76160.59,76187.72,76132.95,76170.09,6.53803
2026-04-22 01:31:00,76170.09,76203.65,76160.31,76201.31,3.39037
2026-04-22 01:32:00,76201.32,76201.32,76180.32,76181.3,2.40461
2026-04-22 01:33:00,76181.29,76201.34,76181.29,76201.34,4.08765
2026-04-22 01:34:00,76201.33,76206.88,76175.84,76175.84,3.29927
2026-04-22 01:35:00,76175.84,76201.03,76170.65,76201.02,2.04562
2026-04-22 01:36:00,76201.02,76218.89,76197.23,76218.89,1.20011
2026-04-22 01:37:00,76218.88,76271.13,76218.88,76249.99,7.02506
2026-04-22 01:38:00,76249.99,76249.99,76236.4,76238.97,1.45757
2026-04-22 01:39:00,76238.97,76262.19,76238.96,76262.19,4.45044
2026-04-22 01:40:00,76262.18,76262.19,76253.06,76261.33,1.08056
2026-04-22 01:41:00,76261.34,76261.34,76225.1,76231.32,3.05127
2026-04-22 01:42:00,76231.31,76253.25,76218.89,76253.25,4.88449
2026-04-22 01:43:00,76253.25,76271.13,76239.63,76239.64,4.30931
2026-04-22 01:44:00,76239.64,76250.21,76239.63,76250.2,2.05622
2026-04-22 01:45:00,76250.2,76288.1,76243.2,76264.02,6.12048
2026-04-22 01:46:00,76264.03,76269.85,76255.88,76255.88,1.78114
2026-04-22 01:47:00,76255.89,76255.89,76209.2,76215.39,2.98791
2026-04-22 01:48:00,76215.39,76250.1,76215.39,76250.1,2.08129
2026-04-22 01:49:00,76250.1,76291.62,76250.1,76280.03,2.5633
2026-04-22 01:50:00,76280.02,76315.9,76280.02,76301.4,18.18235
2026-04-22 01:51:00,76301.4,76301.4,76270.25,76270.25,2.32631
2026-04-22 01:52:00,76270.26,76350.0,76270.26,76292.57,22.84611
2026-04-22 01:53:00,76292.56,76292.57,76256.06,76256.06,2.26707
2026-04-22 01:54:00,76256.06,76256.06,76237.83,76244.52,2.59152
2026-04-22 01:55:00,76244.52,76268.71,76237.83,76268.7,2.72543
2026-04-22 01:56:00,76268.71,76315.43,76268.71,76301.7,3.79511
2026-04-22 01:57:00,76301.7,76324.86,76301.7,76316.97,2.20174
2026-04-22 01:58:00,76316.97,76322.47,76306.28,76306.29,4.15335
2026-04-22 01:59:00,76306.28,76306.29,76292.71,76297.99,2.53521
2026-04-22 02:00:00,76297.99,76321.57,76297.99,76308.0,1.96985
2026-04-22 02:01:00,76308.01,76349.81,76308.0,76341.64,5.26388
2026-04-22 02:02:00,76341.64,76341.65,76288.31,76289.3,9.06202
2026-04-22 02:03:00,76289.31,76289.31,76223.9,76239.73,7.58353
2026-04-22 02:04:00,76239.73,76290.97,76239.72,76290.96,8.31809
2026-04-22 02:05:00,76290.96,76290.97,76260.41,76269.67,3.96503
2026-04-22 02:06:00,76269.67,76288.67,76235.98,76280.42,12.08973
2026-04-22 02:07:00,76280.42,76312.73,76275.39,76312.73,3.98016
2026-04-22 02:08:00,76312.72,76313.52,76307.38,76313.52,1.76952
2026-04-22 02:09:00,76313.51,76346.55,76313.51,76346.54,6.12991
2026-04-22 02:10:00,76346.54,76576.0,76346.54,76575.99,61.77633
2026-04-22 02:11:00,76575.99,76821.65,76575.99,76821.64,117.1193
2026-04-22 02:12:00,76821.65,76879.52,76788.16,76844.75,47.06411
2026-04-22 02:13:00,76844.76,76877.78,76697.31,76697.32,17.97364
2026-04-22 02:14:00,76697.31,76784.0,76697.31,76739.94,30.64449
2026-04-22 02:15:00,76739.93,76813.8,76739.93,76803.97,11.41933
2026-04-22 02:16:00,76805.59,76999.0,76803.41,76888.01,78.44946
2026-04-22 02:17:00,76888.01,77157.67,76882.57,77083.5,144.63281
2026-04-22 02:18:00,77083.49,77167.24,77039.41,77162.79,39.16786
2026-04-22 02:19:00,77162.8,77162.8,77016.45,77019.46,21.43807
2026-04-22 02:20:00,77019.45,77066.78,76914.93,76931.48,29.51236
2026-04-22 02:21:00,76931.49,76950.0,76890.67,76890.67,13.47478
2026-04-22 02:22:00,76890.68,76890.68,76840.41,76846.33,12.18614
2026-04-22 02:23:00,76846.32,77003.54,76784.86,76968.99,49.25685
2026-04-22 02:24:00,76968.98,77138.99,76961.92,77015.06,38.22866
2026-04-22 02:25:00,77015.07,77139.92,77015.06,77093.3,23.06937
2026-04-22 02:26:00,77093.29,77160.0,77092.01,77148.21,12.39899
2026-04-22 02:27:00,77148.22,77160.25,77136.63,77140.21,14.28234
2026-04-22 02:28:00,77140.21,77200.0,77126.86,77180.58,15.57653
2026-04-22 02:29:00,77180.59,77250.0,77170.07,77239.56,38.30869
2026-04-22 02:30:00,77239.57,77347.92,77239.56,77241.38,63.69526
2026-04-22 02:31:00,77240.59,77240.59,77108.88,77108.95,27.4584
2026-04-22 02:32:00,77108.95,77137.32,77077.5,77119.01,14.61136
2026-04-22 02:33:00,77119.01,77134.16,77078.6,77091.16,6.94844
2026-04-22 02:34:00,77091.15,77142.05,77083.44,77134.04,8.84233
2026-04-22 02:35:00,77134.05,77237.9,77134.05,77196.55,13.49995
2026-04-22 02:36:00,77196.55,77196.55,77135.01,77149.22,5.39809
2026-04-22 02:37:00,77149.22,77149.23,77125.91,77135.69,4.55956
2026-04-22 02:38:00,77135.69,77135.69,77076.94,77105.15,8.18544
2026-04-22 02:39:00,77105.16,77177.68,77088.44,77102.97,19.80047
2026-04-22 02:40:00,77102.98,77158.66,77067.43,77158.66,14.58228
2026-04-22 02:41:00,77158.65,77213.13,77158.65,77169.95,28.48354
2026-04-22 02:42:00,77169.95,77306.81,77169.94,77263.79,16.6873
2026-04-22 02:43:00,77263.79,77293.31,77234.88,77251.29,12.85565
2026-04-22 02:44:00,77251.29,77279.99,77234.89,77242.46,7.44913
2026-04-22 02:45:00,77242.46,77280.48,77215.69,77215.69,26.40141
2026-04-22 02:46:00,77215.68,77238.79,77184.54,77238.79,9.62224
2026-04-22 02:47:00,77238.78,77238.79,77192.21,77207.9,5.37315
2026-04-22 02:48:00,77207.9,77207.9,77178.0,77189.67,4.37923
2026-04-22 02:49:00,77189.66,77192.21,77144.24,77192.21,9.15441
2026-04-22 02:50:00,77192.21,77250.0,77192.2,77228.01,7.2555
2026-04-22 02:51:00,77228.01,77332.65,77217.61,77294.62,20.96176
2026-04-22 02:52:00,77294.63,77320.1,77270.56,77312.36,7.81593
2026-04-22 02:53:00,77312.35,77450.0,77312.35,77323.15,64.54746
2026-04-22 02:54:00,77323.14,77500.0,77323.14,77478.97,66.67898
2026-04-22 02:55:00,77478.97,77493.88,77411.52,77417.71,25.84248
2026-04-22 02:56:00,77417.71,77570.09,77417.7,77482.29,132.49771
2026-04-22 02:57:00,77482.29,77612.26,77475.84,77475.85,57.44592
2026-04-22 02:58:00,77475.85,77532.0,77475.85,77526.4,17.26834
2026-04-22 02:59:00,77526.39,77645.35,77491.56,77604.71,38.44284
2026-04-22 03:00:00,77604.7,77678.67,77466.67,77531.79,67.6987
2026-04-22 03:01:00,77531.79,77571.76,77502.6,77571.31,26.94378
2026-04-22 03:02:00,77571.31,77609.55,77517.14,77594.18,34.7095
2026-04-22 03:03:00,77594.19,77594.19,77555.41,77556.0,6.87861
2026-04-22 03:04:00,77556.0,77618.0,77523.36,77604.42,19.43476
2026-04-22 03:05:00,77604.41,77715.08,77598.4,77598.4,45.301
2026-04-22 03:06:00,77598.4,77733.11,77591.22,77724.84,85.67496
2026-04-22 03:07:00,77724.85,77728.29,77611.2,77611.69,14.31931
2026-04-22 03:08:00,77611.68,77611.68,77507.25,77560.02,56.63769
2026-04-22 03:09:00,77560.02,77610.2,77536.51,77604.84,16.66236
2026-04-22 03:10:00,77604.84,77604.85,77591.03,77600.12,5.83626
2026-04-22 03:11:00,77600.12,77646.01,77600.11,77639.68,5.38839
2026-04-22 03:12:00,77639.67,77658.13,77616.54,77638.89,10.91332
2026-04-22 03:13:00,77638.89,77638.89,77542.43,77542.44,17.06405
2026-04-22 03:14:00,77542.44,77615.67,77542.43,77606.78,18.75515
2026-04-22 03:15:00,77606.78,77606.78,77539.71,77548.08,7.79637
2026-04-22 03:16:00,77548.08,77548.09,77439.02,77447.38,25.43162
2026-04-22 03:17:00,77447.39,77500.0,77439.03,77472.52,15.33447
2026-04-22 03:18:00,77472.53,77486.31,77439.02,77445.99,11.09899
2026-04-22 03:19:00,77446.0,77446.0,77420.11,77429.22,11.03795
2026-04-22 03:20:00,77429.21,77466.72,77402.94,77438.73,26.55072
2026-04-22 03:21:00,77438.74,77482.72,77438.74,77474.99,8.21213
2026-04-22 03:22:00,77474.98,77479.07,77421.04,77459.1,8.80934
2026-04-22 03:23:00,77459.1,77465.57,77422.3,77462.61,8.97308
2026-04-22 03:24:00,77462.62,77500.0,77462.61,77487.11,4.29092
2026-04-22 03:25:00,77487.12,77544.19,77487.11,77537.45,15.66074
2026-04-22 03:26:00,77537.46,77605.82,77537.46,77558.27,15.4069
2026-04-22 03:27:00,77558.28,77558.28,77521.57,77526.47,6.75508
2026-04-22 03:28:00,77526.48,77554.0,77515.48,77515.49,4.81893
2026-04-22 03:29:00,77515.49,77533.59,77515.48,77529.09,2.8755
2026-04-22 03:30:00,77529.09,77537.46,77428.0,77447.3,16.92558
2026-04-22 03:31:00,77447.31,77449.61,77417.35,77429.99,12.84004
2026-04-22 03:32:00,77430.0,77439.99,77413.24,77425.59,29.84492
2026-04-22 03:33:00,77425.6,77438.0,77397.88,77437.99,30.26111
2026-04-22 03:34:00,77438.0,77453.91,77420.56,77420.57,9.30296
2026-04-22 03:35:00,77420.56,77439.43,77405.17,77434.96,6.20666
2026-04-22 03:36:00,77434.96,77446.3,77431.61,77443.56,13.95888
2026-04-22 03:37:00,77443.57,77444.0,77424.9,77424.9,18.98786
2026-04-22 03:38:00,77424.91,77452.2,77424.9,77452.19,11.78973
2026-04-22 03:39:00,77452.19,77452.2,77424.09,77424.09,4.42946
2026-04-22 03:40:00,77424.09,77453.36,77424.09,77450.92,8.55382
2026-04-22 03:41:00,77450.92,77489.95,77450.92,77489.94,2.87375
2026-04-22 03:42:00,77489.95,77528.95,77489.94,77524.79,8.47091
2026-04-22 03:43:00,77524.8,77572.61,77523.79,77553.16,18.91562
2026-04-22 03:44:00,77553.16,77592.83,77534.0,77583.32,21.86849
2026-04-22 03:45:00,77583.33,77612.89,77550.0,77554.96,7.11085
2026-04-22 03:46:00,77554.96,77562.0,77506.73,77506.81,10.76452
2026-04-22 03:47:00,77506.81,77544.97,77506.81,77533.33,10.31839
2026-04-22 03:48:00,77533.33,77544.0,77500.0,77513.54,6.65054
2026-04-22 03:49:00,77513.53,77557.83,77505.36,77557.82,7.98934
2026-04-22 03:50:00,77557.82,77586.0,77546.0,77581.97,4.15687
2026-04-22 03:51:00,77581.96,77589.16,77566.96,77589.15,5.42017
2026-04-22 03:52:00,77589.16,77613.71,77575.22,77575.22,3.97127
2026-04-22 03:53:00,77575.22,77595.65,77575.22,77576.52,4.14621
2026-04-22 03:54:00,77576.52,77576.53,77552.19,77552.19,3.57448
2026-04-22 03:55:00,77552.19,77575.55,77552.19,77564.51,3.8236
2026-04-22 03:56:00,77564.5,77592.0,77538.92,77538.93,9.83834
2026-04-22 03:57:00,77538.93,77596.51,77538.92,77596.51,13.74872
2026-04-22 03:58:00,77596.51,77614.78,77570.83,77570.83,30.97483
2026-04-22 03:59:00,77570.83,77578.27,77521.47,77521.48,13.6643
2026-04-22 04:00:00,77521.47,77587.9,77520.64,77566.41,31.2094
2026-04-22 04:01:00,77566.4,77578.59,77542.79,77558.9,11.09211
2026-04-22 04:02:00,77558.91,77578.59,77528.94,77549.56,20.93078
2026-04-22 04:03:00,77549.56,77549.56,77510.93,77516.01,13.38204
2026-04-22 04:04:00,77516.02,77600.0,77516.01,77600.0,18.3891
2026-04-22 04:05:00,77599.99,77600.0,77579.86,77599.99,5.18773
2026-04-22 04:06:00,77599.99,77599.99,77562.01,77572.0,9.91173
2026-04-22 04:07:00,77572.0,77581.35,77562.0,77571.96,2.61596
2026-04-22 04:08:00,77571.95,77571.96,77545.17,77568.35,2.5302
2026-04-22 04:09:00,77568.35,77583.98,77566.64,77569.16,2.62999
2026-04-22 04:10:00,77569.16,77611.35,77569.16,77611.35,3.46924
2026-04-22 04:11:00,77611.34,77624.4,77600.0,77600.0,6.99358
2026-04-22 04:12:00,77600.01,77600.01,77534.1,77539.0,10.61705
2026-04-22 04:13:00,77538.99,77539.0,77488.81,77518.52,14.56362
2026-04-22 04:14:00,77518.52,77524.45,77484.11,77484.26,11.07776
2026-04-22 04:15:00,77484.27,77498.0,77460.0,77460.01,6.14229
2026-04-22 04:16:00,77460.0,77465.33,77451.72,77456.05,4.71674
2026-04-22 04:17:00,77456.05,77487.4,77451.72,77454.41,4.42816
2026-04-22 04:18:00,77454.42,77476.5,77450.0,77458.42,6.60932
2026-04-22 04:19:00,77458.42,77474.78,77439.04,77439.05,7.42894
2026-04-22 04:20:00,77439.05,77439.05,77364.25,77366.11,10.70102
2026-04-22 04:21:00,77366.11,77417.48,77366.11,77417.48,6.85048
2026-04-22 04:22:00,77417.48,77464.25,77417.47,77464.25,6.13318
2026-04-22 04:23:00,77464.25,77487.39,77446.31,77446.31,7.43237
2026-04-22 04:24:00,77446.31,77446.32,77417.07,77417.07,3.564
2026-04-22 04:25:00,77417.07,77446.31,77404.71,77441.6,12.83625
2026-04-22 04:26:00,77441.6,77465.27,77432.75,77465.24,28.16795
2026-04-22 04:27:00,77465.23,77513.6,77465.23,77513.59,4.26735
2026-04-22 04:28:00,77513.59,77515.46,77503.42,77503.43,4.71085
2026-04-22 04:29:00,77503.43,77512.3,77494.21,77507.02,12.13029
2026-04-22 04:30:00,77507.03,77523.2,77498.61,77501.06,5.10208
2026-04-22 04:31:00,77501.06,77534.4,77501.06,77524.4,4.84864
2026-04-22 04:32:00,77524.4,77527.89,77504.91,77504.91,7.7167
2026-04-22 04:33:00,77504.91,77519.84,77483.15,77503.62,5.02013
2026-04-22 04:34:00,77503.63,77503.63,77494.22,77500.01,6.9395
2026-04-22 04:35:00,77500.0,77507.45,77473.87,77494.53,4.60722
2026-04-22 04:36:00,77494.52,77523.81,77494.52,77515.38,4.26166
2026-04-22 04:37:00,77515.38,77534.4,77515.38,77534.39,2.25342
2026-04-22 04:38:00,77534.39,77556.2,77534.39,77556.2,7.60684
2026-04-22 04:39:00,77556.2,77650.0,77556.2,77650.0,12.77612
2026-04-22 04:40:00,77649.99,77700.0,77649.99,77686.14,20.10025
2026-04-22 04:41:00,77686.14,77686.14,77618.9,77629.89,9.77674
2026-04-22 04:42:00,77629.89,77629.89,77598.16,77628.8,5.40883
2026-04-22 04:43:00,77628.81,77628.81,77585.28,77585.29,5.58547
2026-04-22 04:44:00,77585.28,77585.29,77561.59,77562.02,3.76015
2026-04-22 04:45:00,77562.02,77562.03,77526.0,77555.02,5.14029
2026-04-22 04:46:00,77555.02,77565.12,77545.49,77565.11,5.16121
2026-04-22 04:47:00,77565.11,77589.71,77557.69,77580.0,3.29444
2026-04-22 04:48:00,77580.01,77580.01,77571.42,77571.43,1.44953
2026-04-22 04:49:00,77571.42,77576.5,77523.1,77523.1,3.72853
2026-04-22 04:50:00,77523.1,77524.34,77510.55,77523.0,5.48056
2026-04-22 04:51:00,77522.99,77523.0,77500.0,77500.01,5.60164
2026-04-22 04:52:00,77500.0,77559.0,77465.63,77526.32,23.67043
2026-04-22 04:53:00,77526.33,77536.18,77479.65,77501.16,6.67764
2026-04-22 04:54:00,77501.15,77501.16,77472.0,77472.01,2.89613
2026-04-22 04:55:00,77472.0,77472.0,77450.33,77450.34,3.47757
2026-04-22 04:56:00,77450.34,77474.4,77450.33,77463.01,3.72948
2026-04-22 04:57:00,77463.0,77474.4,77452.91,77474.4,4.72544
2026-04-22 04:58:00,77474.4,77474.4,77464.92,77464.93,3.1389
2026-04-22 04:59:00,77464.93,77523.01,77464.92,77523.0,72.50278
2026-04-22 05:00:00,77523.01,77531.48,77478.12,77482.0,85.37364
2026-04-22 05:01:00,77482.0,77482.01,77450.0,77450.01,3.1509
2026-04-22 05:02:00,77450.0,77461.6,77450.0,77450.01,4.63974
2026-04-22 05:03:00,77450.01,77469.51,77450.01,77469.5,4.27969
2026-04-22 05:04:00,77469.5,77497.12,77468.72,77483.61,4.61044
2026-04-22 05:05:00,77483.62,77526.0,77476.47,77476.47,6.41237
2026-04-22 05:06:00,77476.46,77484.22,77450.0,77468.32,8.69473
2026-04-22 05:07:00,77468.32,77497.14,77454.0,77497.14,9.31298
2026-04-22 05:08:00,77497.13,77566.46,77497.13,77565.53,8.35774
2026-04-22 05:09:00,77565.53,77578.65,77548.48,77548.49,2.99494
2026-04-22 05:10:00,77548.48,77568.36,77539.49,77539.5,3.29772
2026-04-22 05:11:00,77539.49,77549.36,77523.62,77523.63,9.56255
2026-04-22 05:12:00,77523.64,77560.6,77523.63,77560.6,1.74389
2026-04-22 05:13:00,77560.6,77589.78,77560.59,77572.56,3.25187
2026-04-22 05:14:00,77572.57,77572.57,77548.61,77548.62,2.03637
2026-04-22 05:15:00,77548.62,77548.62,77525.33,77525.34,1.57977
2026-04-22 05:16:00,77525.33,77891.39,77525.33,77874.17,160.03717
2026-04-22 05:17:00,77874.17,77999.99,77861.14,77912.57,90.25799
2026-04-22 05:18:00,77913.29,78012.55,77857.04,77857.05,141.82075
2026-04-22 05:19:00,77857.05,77978.16,77848.28,77939.67,30.07522
2026-04-22 05:20:00,77939.66,77968.4,77883.41,77922.86,30.55791
2026-04-22 05:21:00,77922.86,78173.15,77890.0,78012.38,117.08448
2026-04-22 05:22:00,78012.39,78115.57,78012.39,78041.21,56.176
2026-04-22 05:23:00,78041.2,78183.19,78030.39,78143.2,63.10313
2026-04-22 05:24:00,78142.83,78450.0,78136.56,78225.33,246.65734
2026-04-22 05:25:00,78225.32,78452.18,78225.32,78372.5,120.70751
2026-04-22 05:26:00,78372.51,78381.31,78261.14,78275.53,72.68668
2026-04-22 05:27:00,78275.53,78275.54,78107.56,78142.23,73.31524
2026-04-22 05:28:00,78142.22,78286.99,78129.83,78280.01,106.86127
2026-04-22 05:29:00,78280.0,78300.0,78245.41,78258.53,26.66556
2026-04-22 05:30:00,78258.53,78336.7,78238.0,78238.0,58.82341
2026-04-22 05:31:00,78238.01,78262.04,78198.0,78198.0,22.61368
2026-04-22 05:32:00,78198.0,78209.94,78122.15,78201.28,33.17013
2026-04-22 05:33:00,78201.27,78300.0,78196.77,78265.86,28.84603
2026-04-22 05:34:00,78265.86,78276.4,78186.15,78189.25,28.35014
2026-04-22 05:35:00,78189.24,78244.45,78172.74,78234.4,31.12793
2026-04-22 05:36:00,78234.4,78234.41,78128.4,78128.4,17.53262
2026-04-22 05:37:00,78128.4,78130.21,78074.89,78116.68,21.83626
2026-04-22 05:38:00,78116.67,78116.68,78050.0,78050.0,21.9347
2026-04-22 05:39:00,78050.0,78058.22,78027.01,78034.37,17.53172
2026-04-22 05:40:00,78034.37,78244.38,78002.62,78234.11,69.35333
2026-04-22 05:41:00,78234.11,78368.91,78190.28,78196.39,72.83078
2026-04-22 05:42:00,78196.4,78203.6,78139.28,78151.08,21.21005
2026-04-22 05:43:00,78151.07,78168.72,78132.06,78160.89,19.10968
2026-04-22 05:44:00,78160.89,78167.58,78133.51,78133.52,10.80848
2026-04-22 05:45:00,78133.52,78139.76,78101.59,78128.96,26.3898
2026-04-22 05:46:00,78128.6,78150.85,78096.0,78112.09,19.68197
2026-04-22 05:47:00,78112.09,78147.14,78104.04,78132.5,13.72688
2026-04-22 05:48:00,78132.5,78132.5,78075.17,78088.3,17.02468
2026-04-22 05:49:00,78088.31,78111.36,78088.3,78093.3,11.36096
2026-04-22 05:50:00,78093.3,78093.3,78044.54,78046.02,7.87676
2026-04-22 05:51:00,78046.02,78114.09,78046.02,78070.01,35.18487
2026-04-22 05:52:00,78070.0,78150.0,78030.79,78030.8,38.3288
2026-04-22 05:53:00,78030.8,78030.8,77962.42,77995.8,47.11687
2026-04-22 05:54:00,77995.8,78096.09,77968.34,78096.08,45.26862
2026-04-22 05:55:00,78094.25,78211.14,78075.29,78153.73,71.01787
2026-04-22 05:56:00,78153.74,78153.74,78060.75,78060.76,16.55181
2026-04-22 05:57:00,78060.76,78060.76,78010.0,78028.23,24.71192
2026-04-22 05:58:00,78028.24,78049.86,78001.97,78012.61,21.13675
2026-04-22 05:59:00,78012.62,78013.72,77994.93,77994.93,20.7257
2026-04-22 06:00:00,77994.92,78007.37,77958.18,77969.62,14.67493
2026-04-22 06:01:00,77969.62,77973.71,77920.0,77936.48,21.28877
2026-04-22 06:02:00,77936.48,77977.99,77932.17,77977.98,6.73174
2026-04-22 06:03:00,77977.98,77983.92,77965.11,77965.12,4.78118
2026-04-22 06:04:00,77965.12,77965.12,77941.8,77959.84,9.30244
2026-04-22 06:05:00,77959.84,77974.65,77939.95,77971.51,5.20235
2026-04-22 06:06:00,77971.5,77971.51,77930.0,77941.79,68.24108
2026-04-22 06:07:00,77941.8,77967.0,77941.79,77950.86,36.76616
2026-04-22 06:08:00,77950.86,77953.89,77913.23,77918.76,47.78009
2026-04-22 06:09:00,77918.77,77942.0,77916.18,77941.99,6.7719
2026-04-22 06:10:00,77941.99,77955.83,77928.18,77928.18,4.87625
2026-04-22 06:11:00,77928.19,77946.52,77919.31,77922.8,7.56386
2026-04-22 06:12:00,77922.8,77964.53,77922.8,77953.33,4.8455
2026-04-22 06:13:00,77953.33,78011.79,77953.32,78011.79,9.15701
2026-04-22 06:14:00,78011.79,78015.16,77925.28,77950.76,32.45016
2026-04-22 06:15:00,77950.76,77989.7,77950.75,77989.7,12.29101
2026-04-22 06:16:00,77989.69,78014.16,77989.69,78000.0,3.3444
2026-04-22 06:17:00,78000.01,78000.01,77963.09,77984.72,3.87931
2026-04-22 06:18:00,77984.73,78011.82,77984.72,77997.99,11.78267
2026-04-22 06:19:00,77997.98,78001.97,77984.72,77996.42,5.89158
2026-04-22 06:20:00,77996.41,78031.59,77996.41,78031.57,14.24503
2026-04-22 06:21:00,78031.57,78042.83,78018.0,78042.83,3.3715
2026-04-22 06:22:00,78042.84,78042.84,78025.0,78028.06,3.48408
2026-04-22 06:23:00,78028.07,78028.07,77972.97,77976.91,3.95475
2026-04-22 06:24:00,77976.92,77976.92,77921.48,77951.06,4.78925
2026-04-22 06:25:00,77951.06,77992.28,77951.06,77974.2,13.34007
2026-04-22 06:26:00,77974.2,77991.33,77960.74,77991.33,2.09196
2026-04-22 06:27:00,77991.33,77991.33,77968.48,77974.37,7.8166
2026-04-22 06:28:00,77974.37,77997.47,77935.05,77935.05,18.00788
2026-04-22 06:29:00,77935.05,77972.86,77924.39,77972.85,7.06066
2026-04-22 06:30:00,77972.86,78012.85,77972.86,77989.74,7.50718
2026-04-22 06:31:00,77989.73,77999.34,77964.0,77964.0,5.07382
2026-04-22 06:32:00,77964.0,77988.18,77955.04,77980.72,5.61132
2026-04-22 06:33:00,77980.72,78012.85,77972.0,77972.0,3.45473
2026-04-22 06:34:00,77972.01,77996.86,77939.45,77939.46,10.56449
2026-04-22 06:35:00,77939.45,77947.77,77909.09,77947.77,7.97783
2026-04-22 06:36:00,77947.77,77949.84,77926.14,77941.75,3.00776
2026-04-22 06:37:00,77941.75,77955.46,77910.54,77923.55,7.40475
2026-04-22 06:38:00,77923.55,77933.0,77900.0,77933.0,2.54414
2026-04-22 06:39:00,77933.0,77945.85,77926.0,77945.85,2.45603
2026-04-22 06:40:00,77945.85,77987.29,77945.84,77955.84,4.79086
2026-04-22 06:41:00,77955.85,77984.05,77950.0,77962.83,9.73276
2026-04-22 06:42:00,77962.83,77962.84,77942.91,77953.19,2.49862
2026-04-22 06:43:00,77953.19,77963.48,77931.85,77963.47,1.22457
2026-04-22 06:44:00,77963.47,77976.23,77963.47,77971.26,4.70917
2026-04-22 06:45:00,77971.26,77971.26,77925.06,77961.75,6.42865
2026-04-22 06:46:00,77961.75,77997.6,77958.59,77992.15,6.37741
2026-04-22 06:47:00,77992.15,77992.15,77964.86,77965.16,12.12906
2026-04-22 06:48:00,77965.17,77990.78,77965.16,77969.0,2.79032
2026-04-22 06:49:00,77969.01,77984.61,77957.48,77959.1,8.50491
2026-04-22 06:50:00,77959.11,78006.12,77959.1,78006.11,13.29418
2026-04-22 06:51:00,78006.11,78018.0,78006.11,78014.65,2.58621
2026-04-22 06:52:00,78014.66,78014.66,77961.62,77972.86,8.42921
2026-04-22 06:53:00,77972.87,77985.62,77968.12,77973.11,5.67855
2026-04-22 06:54:00,77973.12,78014.65,77973.11,78014.64,10.13912
2026-04-22 06:55:00,78014.64,78017.36,77984.0,77984.0,5.14952
2026-04-22 06:56:00,77984.01,78000.0,77967.11,77977.78,6.27102
2026-04-22 06:57:00,77977.78,77981.32,77964.07,77975.97,5.43304
2026-04-22 06:58:00,77975.96,77993.99,77975.96,77993.99,3.38853
2026-04-22 06:59:00,77993.99,78011.33,77993.98,78010.72,5.94393
2026-04-22 07:00:00,78010.73,78025.97,77988.11,77988.11,6.59179
2026-04-22 07:01:00,77988.12,78023.42,77968.0,78001.62,7.51179
2026-04-22 07:02:00,78001.62,78017.62,77967.31,78015.93,15.97578
2026-04-22 07:03:00,78015.93,78023.42,78002.36,78006.68,10.49287
2026-04-22 07:04:00,78006.68,78019.54,77993.02,77997.86,7.78821
2026-04-22 07:05:00,77997.87,78023.4,77997.86,78023.39,4.44652
2026-04-22 07:06:00,78023.39,78023.4,78000.01,78023.4,4.86323
2026-04-22 07:07:00,78023.4,78023.4,78000.0,78010.52,3.88957
2026-04-22 07:08:00,78010.53,78023.0,78010.52,78023.0,6.12602
2026-04-22 07:09:00,78022.99,78062.41,78022.99,78039.2,11.92773
2026-04-22 07:10:00,78039.21,78039.21,78004.19,78004.19,8.50098
2026-04-22 07:11:00,78004.19,78023.58,77993.11,78023.57,7.84159
2026-04-22 07:12:00,78023.57,78033.26,78023.57,78033.26,3.59279
2026-04-22 07:13:00,78033.26,78048.57,78017.13,78048.57,6.91227
2026-04-22 07:14:00,78048.56,78111.0,78044.55,78105.21,29.59513
2026-04-22 07:15:00,78105.22,78105.22,78091.45,78092.19,7.08755
2026-04-22 07:16:00,78092.18,78092.19,78029.44,78068.23,8.85758
2026-04-22 07:17:00,78068.23,78068.24,78018.35,78018.36,4.60039
2026-04-22 07:18:00,78018.36,78027.86,77973.55,77973.55,10.778
2026-04-22 07:19:00,77973.56,77977.53,77952.91,77966.83,5.28332
2026-04-22 07:20:00,77966.83,77970.48,77887.1,77895.49,22.41728
2026-04-22 07:21:00,77895.5,77919.95,77861.88,77861.88,15.39536
2026-04-22 07:22:00,77861.89,77887.01,77825.94,77825.95,16.90132
2026-04-22 07:23:00,77825.95,77891.71,77825.0,77875.84,13.78983
2026-04-22 07:24:00,77875.84,77918.17,77875.83,77882.03,27.2031
2026-04-22 07:25:00,77882.02,77899.85,77882.02,77889.1,16.77414
2026-04-22 07:26:00,77889.1,77889.11,77834.0,77839.8,23.60556
2026-04-22 07:27:00,77839.8,77850.0,77828.91,77846.8,7.65924
2026-04-22 07:28:00,77846.8,77883.73,77846.79,77863.25,7.79405
2026-04-22 07:29:00,77863.24,77893.91,77850.74,77893.9,11.20899
2026-04-22 07:30:00,77893.9,77893.91,77861.18,77861.18,9.30136
2026-04-22 07:31:00,77861.19,77866.85,77837.86,77858.5,18.30734
2026-04-22 07:32:00,77858.5,77899.75,77858.5,77889.22,7.97584
2026-04-22 07:33:00,77889.23,77909.91,77871.06,77880.78,13.64092
2026-04-22 07:34:00,77880.78,77897.56,77880.78,77897.56,9.78805
2026-04-22 07:35:00,77897.56,77970.0,77897.56,77967.12,11.38431
2026-04-22 07:36:00,77967.12,77967.12,77945.0,77945.01,13.3363
2026-04-22 07:37:00,77945.0,77945.01,77923.98,77923.98,11.53404
2026-04-22 07:38:00,77923.98,77923.99,77885.89,77904.85,19.0976
2026-04-22 07:39:00,77904.84,77904.85,77867.83,77894.57,16.80663
2026-04-22 07:40:00,77894.58,77903.31,77875.37,77898.48,13.16252
2026-04-22 07:41:00,77898.48,77936.11,77898.48,77925.71,10.25704
2026-04-22 07:42:00,77925.7,77981.0,77918.01,77981.0,14.01599
2026-04-22 07:43:00,77980.99,78066.4,77980.99,78062.24,26.18187
2026-04-22 07:44:00,78062.24,78067.11,78038.75,78062.69,25.13053
2026-04-22 07:45:00,78063.39,78100.0,78063.39,78077.47,12.15153
2026-04-22 07:46:00,78077.48,78085.3,78042.38,78085.3,32.08055
2026-04-22 07:47:00,78085.29,78110.0,78074.14,78092.07,20.63292
2026-04-22 07:48:00,78092.06,78092.06,78048.31,78048.32,13.29362
2026-04-22 07:49:00,78048.32,78048.32,77990.51,78000.0,13.52625
2026-04-22 07:50:00,77999.99,78058.55,77999.99,78041.34,16.02901
2026-04-22 07:51:00,78041.35,78055.78,78030.45,78055.56,23.51729
2026-04-22 07:52:00,78055.56,78055.57,78020.85,78020.86,33.07592
2026-04-22 07:53:00,78020.86,78030.46,77972.57,77983.13,20.05774
2026-04-22 07:54:00,77983.13,78003.97,77978.86,77993.5,13.63719
2026-04-22 07:55:00,77993.49,78016.1,77987.71,78001.77,11.75781
2026-04-22 07:56:00,78001.76,78032.07,78000.0,78032.07,20.5063
2026-04-22 07:57:00,78032.06,78064.11,78032.06,78064.11,33.01913
2026-04-22 07:58:00,78064.11,78078.04,78064.11,78072.86,18.60213
2026-04-22 07:59:00,78072.85,78078.0,77994.17,78012.79,43.30669
2026-04-22 08:00:00,78012.78,78058.54,78012.78,78057.49,33.27169
2026-04-22 08:01:00,78057.49,78162.2,78036.6,78149.4,28.56297
2026-04-22 08:02:00,78149.41,78149.41,78122.43,78122.43,6.80912
2026-04-22 08:03:00,78122.44,78140.93,78045.85,78045.86,5.17573
2026-04-22 08:04:00,78045.85,78056.12,78028.0,78056.12,10.27343
2026-04-22 08:05:00,78056.12,78113.19,78056.11,78089.03,22.00015
2026-04-22 08:06:00,78089.03,78089.03,78062.0,78073.04,7.81271
2026-04-22 08:07:00,78073.04,78085.31,78073.03,78082.4,14.83826
2026-04-22 08:08:00,78082.4,78110.73,78082.39,78110.73,18.29207
2026-04-22 08:09:00,78110.72,78133.16,78106.12,78106.14,8.2263
2026-04-22 08:10:00,78106.14,78132.86,78094.08,78131.8,16.46804
2026-04-22 08:11:00,78131.81,78157.12,78131.8,78151.31,15.37117
2026-04-22 08:12:00,78151.32,78182.0,78151.31,78158.39,6.91188
2026-04-22 08:13:00,78158.4,78170.68,78148.08,78148.08,17.32276
2026-04-22 08:14:00,78148.09,78148.09,78109.45,78141.2,8.06767
2026-04-22 08:15:00,78141.2,78158.0,78141.2,78144.31,3.69843
2026-04-22 08:16:00,78144.31,78144.31,78115.08,78142.16,18.54269
2026-04-22 08:17:00,78142.16,78142.17,78115.6,78142.17,40.27703
2026-04-22 08:18:00,78142.16,78142.17,78128.92,78139.33,5.86078
2026-04-22 08:19:00,78139.33,78142.14,78112.31,78137.15,46.70035
2026-04-22 08:20:00,78137.14,78159.04,78137.14,78159.03,29.69576
2026-04-22 08:21:00,78159.03,78211.13,78145.15,78211.13,46.03287
2026-04-22 08:22:00,78211.13,78219.41,78184.03,78189.14,41.86276
2026-04-22 08:23:00,78189.15,78209.84,78086.22,78090.72,13.20804
2026-04-22 08:24:00,78090.71,78090.72,78020.89,78031.2,49.86847
2026-04-22 08:25:00,78030.95,78065.84,78000.01,78000.02,78.07068
2026-04-22 08:26:00,78000.01,78095.99,77984.0,78072.12,106.36376
2026-04-22 08:27:00,78072.13,78085.31,78018.79,78018.8,17.66718
2026-04-22 08:28:00,78018.8,78039.0,78008.0,78012.29,7.68478
2026-04-22 08:29:00,78012.3,78023.03,77965.76,77965.76,5.85036
2026-04-22 08:30:00,77965.76,78018.82,77955.38,78018.82,15.4401
2026-04-22 08:31:00,78018.81,78018.82,77978.52,77991.99,3.44748
2026-04-22 08:32:00,77991.99,78001.77,77982.53,77992.21,6.34692
2026-04-22 08:33:00,77992.2,77992.21,77957.0,77957.0,2.76793
2026-04-22 08:34:00,77957.0,77976.55,77949.25,77967.2,7.42745
2026-04-22 08:35:00,77967.2,78008.68,77963.04,77976.54,14.12972
2026-04-22 08:36:00,77976.55,77976.55,77958.8,77958.8,3.54258
2026-04-22 08:37:00,77958.8,77989.17,77958.8,77973.09,11.29114
2026-04-22 08:38:00,77973.1,77989.06,77973.09,77988.69,10.07037
2026-04-22 08:39:00,77988.7,78008.17,77979.74,77979.75,10.0993
2026-04-22 08:40:00,77979.74,78007.83,77971.61,78007.83,8.12154
2026-04-22 08:41:00,78007.82,78007.83,77980.13,77980.13,15.39626
2026-04-22 08:42:00,77980.14,77980.14,77974.25,77974.25,5.67717
2026-04-22 08:43:00,77974.26,77974.26,77959.55,77959.56,1.36512
2026-04-22 08:44:00,77959.55,77970.63,77944.2,77944.2,5.26501
2026-04-22 08:45:00,77944.2,77980.5,77941.59,77980.5,4.05903
2026-04-22 08:46:00,77980.49,77988.5,77959.39,77985.58,5.65505
2026-04-22 08:47:00,77985.57,77992.21,77985.06,77985.06,2.99737
2026-04-22 08:48:00,77985.06,77985.07,77956.76,77956.77,8.64972
2026-04-22 08:49:00,77956.76,77985.01,77956.76,77966.0,7.51618
2026-04-22 08:50:00,77966.01,77985.07,77966.0,77969.8,9.82787
2026-04-22 08:51:00,77969.79,77992.26,77969.79,77992.25,9.03289
2026-04-22 08:52:00,77992.26,78034.32,77992.25,78034.31,10.22805
2026-04-22 08:53:00,78034.31,78070.94,78034.31,78066.04,6.4769
2026-04-22 08:54:00,78066.04,78066.04,78050.35,78050.36,2.15054
2026-04-22 08:55:00,78050.36,78066.04,78026.89,78035.34,17.22203
2026-04-22 08:56:00,78035.35,78049.91,78019.26,78031.08,17.27949
2026-04-22 08:57:00,78031.07,78066.04,78016.31,78054.83,12.88678
2026-04-22 08:58:00,78054.84,78054.84,78043.57,78054.84,5.74244
2026-04-22 08:59:00,78054.83,78064.84,78010.92,78010.92,16.5478
2026-04-22 09:00:00,78010.92,78057.74,77973.09,77973.09,19.23373
2026-04-22 09:01:00,77973.1,77992.53,77967.39,77984.95,6.76177
2026-04-22 09:02:00,77984.94,77995.0,77956.76,77989.84,5.0598
2026-04-22 09:03:00,77989.83,77993.49,77976.0,77978.75,11.22277
2026-04-22 09:04:00,77978.75,77996.39,77978.74,77991.33,8.68379
2026-04-22 09:05:00,77991.33,77991.34,77965.64,77990.16,4.58459
2026-04-22 09:06:00,77990.15,78000.5,77990.15,78000.5,3.26105
2026-04-22 09:07:00,78000.49,78000.49,77958.0,77975.65,3.78886
2026-04-22 09:08:00,77975.64,78057.74,77975.64,78048.04,13.27165
2026-04-22 09:09:00,78048.04,78077.0,78042.33,78064.47,7.93619
2026-04-22 09:10:00,78064.46,78096.0,78062.54,78062.54,5.20512
2026-04-22 09:11:00,78062.55,78062.55,78046.0,78055.81,4.00666
2026-04-22 09:12:00,78055.81,78055.81,78031.97,78034.33,4.42709
2026-04-22 09:13:00,78034.33,78050.0,78034.33,78050.0,3.84679
2026-04-22 09:14:00,78050.0,78050.0,78034.33,78039.35,23.95673
2026-04-22 09:15:00,78039.36,78050.0,78028.0,78050.0,6.23507
2026-04-22 09:16:00,78049.99,78050.0,78031.73,78050.0,1.94759
2026-04-22 09:17:00,78049.99,78049.99,78004.81,78004.83,5.81969
2026-04-22 09:18:00,78004.83,78004.83,77960.78,77972.93,12.46833
2026-04-22 09:19:00,77972.92,77983.24,77966.14,77983.24,4.33411
2026-04-22 09:20:00,77983.24,78012.56,77982.53,78012.56,3.04785
2026-04-22 09:21:00,78012.55,78020.0,78003.68,78010.41,7.18585
2026-04-22 09:22:00,78010.41,78034.32,78002.6,78004.0,6.87176
2026-04-22 09:23:00,78004.01,78034.32,78004.0,78023.99,4.42596
2026-04-22 09:24:00,78024.0,78043.14,78023.99,78040.33,1.7101
2026-04-22 09:25:00,78040.34,78040.34,78036.69,78036.7,1.55255
2026-04-22 09:26:00,78036.7,78095.6,78036.69,78095.59,3.68435
2026-04-22 09:27:00,78095.59,78095.59,78074.17,78086.89,3.12487
2026-04-22 09:28:00,78086.89,78148.79,78086.89,78143.93,21.78439
2026-04-22 09:29:00,78143.93,78157.13,78143.92,78157.12,4.12614
2026-04-22 09:30:00,78157.13,78157.13,78123.44,78123.45,4.6484
2026-04-22 09:31:00,78123.44,78135.85,78123.44,78130.73,3.69709
2026-04-22 09:32:00,78130.74,78154.93,78130.74,78154.92,2.16888
2026-04-22 09:33:00,78154.92,78154.93,78126.05,78142.56,5.81897
2026-04-22 09:34:00,78142.56,78142.57,78095.1,78099.3,4.86461
2026-04-22 09:35:00,78099.3,78114.05,78095.34,78095.34,1.5524
2026-04-22 09:36:00,78095.34,78103.28,78088.83,78088.83,4.20297
2026-04-22 09:37:00,78088.84,78102.86,78088.83,78101.96,4.9124
2026-04-22 09:38:00,78101.97,78101.97,78057.19,78082.56,4.82369
2026-04-22 09:39:00,78082.56,78114.04,78082.56,78114.02,5.94299
2026-04-22 09:40:00,78114.02,78183.15,78114.02,78166.35,10.25984
2026-04-22 09:41:00,78166.35,78184.7,78146.17,78146.17,11.05725
2026-04-22 09:42:00,78146.18,78171.5,78146.17,78168.0,2.7132
2026-04-22 09:43:00,78168.0,78168.0,78136.79,78151.13,2.52578
2026-04-22 09:44:00,78151.13,78151.14,78145.72,78145.72,1.67311
2026-04-22 09:45:00,78145.73,78145.73,78113.7,78113.71,2.39217
2026-04-22 09:46:00,78113.71,78119.46,78113.7,78115.13,2.11369
2026-04-22 09:47:00,78115.13,78115.14,78094.95,78094.96,5.10594
2026-04-22 09:48:00,78094.96,78111.88,78094.95,78108.12,5.0628
2026-04-22 09:49:00,78108.11,78113.95,78108.11,78108.11,1.1309
2026-04-22 09:50:00,78108.12,78125.71,78108.11,78123.15,2.53729
2026-04-22 09:51:00,78123.15,78125.7,78080.0,78098.95,67.14488
2026-04-22 09:52:00,78098.96,78098.96,78089.39,78089.5,3.1268
2026-04-22 09:53:00,78089.5,78089.51,78000.0,78000.0,16.64637
2026-04-22 09:54:00,78000.0,78007.67,77987.56,77999.86,6.4219
2026-04-22 09:55:00,77999.86,78018.27,77982.53,77992.08,3.9228
2026-04-22 09:56:00,77992.07,77994.35,77978.29,77994.34,5.82192
2026-04-22 09:57:00,77994.35,78019.81,77994.34,78013.78,3.64489
2026-04-22 09:58:00,78013.79,78028.01,78010.59,78016.69,1.62546
2026-04-22 09:59:00,78016.69,78028.01,78001.95,78001.95,4.27146
2026-04-22 10:00:00,78001.96,78038.99,78001.95,78038.43,2.0092
2026-04-22 10:01:00,78038.42,78051.56,78030.45,78039.78,2.08904
2026-04-22 10:02:00,78039.79,78039.79,77984.61,77984.62,1.83064
2026-04-22 10:03:00,77984.61,77984.61,77951.17,77971.5,4.70227
2026-04-22 10:04:00,77971.5,77985.17,77964.0,77981.35,2.79599
2026-04-22 10:05:00,77981.35,77988.01,77978.0,77983.16,1.87455
2026-04-22 10:06:00,77983.16,78000.0,77983.15,77998.74,1.34879
2026-04-22 10:07:00,77998.74,78039.79,77998.74,78029.03,3.76601
2026-04-22 10:08:00,78029.02,78029.02,77997.57,78008.67,3.78438
2026-04-22 10:09:00,78008.67,78008.68,77954.28,77954.47,2.3552
2026-04-22 10:10:00,77954.48,77979.25,77954.47,77979.25,1.33907
2026-04-22 10:11:00,77979.24,78029.99,77979.24,78029.99,3.05511
2026-04-22 10:12:00,78029.99,78034.24,78010.0,78010.0,3.94266
2026-04-22 10:13:00,78010.01,78026.0,77993.86,78012.48,34.88275
2026-04-22 10:14:00,78012.47,78039.48,78012.47,78039.48,4.67246
2026-04-22 10:15:00,78039.48,78048.1,78019.57,78027.14,4.04519
2026-04-22 10:16:00,78027.14,78044.12,78017.54,78017.55,4.66227
2026-04-22 10:17:00,78017.54,78017.54,77973.97,77973.98,4.25438
2026-04-22 10:18:00,77973.97,78010.91,77973.97,78008.68,6.49546
2026-04-22 10:19:00,78008.67,78025.44,78008.67,78018.98,2.50031
2026-04-22 10:20:00,78018.97,78018.98,78008.94,78014.54,5.74749
2026-04-22 10:21:00,78014.54,78032.77,78008.0,78019.22,2.59239
2026-04-22 10:22:00,78019.21,78019.22,78001.3,78001.31,3.24824
2026-04-22 10:23:00,78001.3,78001.31,77990.08,77990.08,2.6852
2026-04-22 10:24:00,77990.08,77990.09,77978.47,77990.08,1.14114
2026-04-22 10:25:00,77990.09,77992.07,77984.85,77984.86,1.18931
2026-04-22 10:26:00,77984.86,78000.0,77984.85,78000.0,2.84423
2026-04-22 10:27:00,78000.0,78029.05,77996.12,78029.05,4.70362
2026-04-22 10:28:00,78029.05,78071.44,78029.04,78069.05,3.60354
2026-04-22 10:29:00,78069.05,78076.99,78061.35,78067.9,2.01151
2026-04-22 10:30:00,78067.9,78098.96,78067.89,78094.65,3.08733
2026-04-22 10:31:00,78094.64,78094.65,78076.67,78084.34,3.60779
2026-04-22 10:32:00,78084.34,78128.55,78073.64,78128.55,11.50637
2026-04-22 10:33:00,78128.55,78148.2,78128.54,78148.2,6.82457
2026-04-22 10:34:00,78148.2,78167.85,78088.48,78167.84,36.85538
2026-04-22 10:35:00,78167.85,78180.0,78151.87,78162.05,12.05384
2026-04-22 10:36:00,78162.0,78162.0,78114.64,78117.12,6.98175
2026-04-22 10:37:00,78117.13,78140.72,78108.0,78140.71,1.8924
2026-04-22 10:38:00,78140.71,78140.72,78132.89,78137.95,3.27524
2026-04-22 10:39:00,78137.94,78143.99,78137.94,78137.95,2.84304
2026-04-22 10:40:00,78137.95,78157.44,78137.95,78157.44,1.92523
2026-04-22 10:41:00,78157.43,78157.43,78133.82,78143.68,4.00588
2026-04-22 10:42:00,78143.68,78143.69,78100.18,78110.47,8.80403
2026-04-22 10:43:00,78110.47,78126.97,78110.46,78111.76,6.39286
2026-04-22 10:44:00,78111.76,78119.59,78111.76,78119.59,4.02381
2026-04-22 10:45:00,78119.59,78122.02,78110.47,78110.47,2.58356
2026-04-22 10:46:00,78110.47,78110.47,78098.0,78103.34,6.33776
2026-04-22 10:47:00,78103.34,78110.88,78100.01,78110.88,4.65769
2026-04-22 10:48:00,78110.88,78128.04,78110.86,78114.58,8.21415
2026-04-22 10:49:00,78114.57,78124.65,78106.0,78122.6,6.48859
2026-04-22 10:50:00,78122.6,78122.6,78102.25,78102.26,6.65852
2026-04-22 10:51:00,78102.26,78119.39,78100.0,78119.39,3.22599
2026-04-22 10:52:00,78119.39,78125.03,78119.39,78125.03,2.71044
2026-04-22 10:53:00,78125.03,78164.71,78125.02,78145.96,8.69196
2026-04-22 10:54:00,78145.96,78145.96,78120.23,78120.24,3.61206
2026-04-22 10:55:00,78120.24,78120.24,78087.0,78087.01,6.70282
2026-04-22 10:56:00,78087.01,78101.82,78056.99,78074.94,22.71522
2026-04-22 10:57:00,78074.94,78128.04,78074.93,78123.82,25.03701
2026-04-22 10:58:00,78123.82,78151.48,78123.82,78151.48,1.21318
2026-04-22 10:59:00,78151.48,78171.59,78151.47,78157.41,3.62044
2026-04-22 11:00:00,78157.41,78178.0,78157.41,78170.91,3.5968
2026-04-22 11:01:00,78170.91,78195.87,78162.35,78195.86,5.86475
2026-04-22 11:02:00,78195.87,78267.83,78195.87,78265.23,23.09206
2026-04-22 11:03:00,78265.23,78280.0,78263.06,78279.98,13.68941
2026-04-22 11:04:00,78279.98,78279.99,78209.25,78217.09,10.25452
2026-04-22 11:05:00,78217.09,78264.0,78203.57,78264.0,36.5057
2026-04-22 11:06:00,78263.99,78276.81,78250.0,78271.39,14.35928
2026-04-22 11:07:00,78271.38,78271.39,78252.0,78253.41,2.51008
2026-04-22 11:08:00,78253.4,78253.41,78205.06,78212.88,39.68817
2026-04-22 11:09:00,78212.88,78212.88,78102.0,78126.04,9.72829
2026-04-22 11:10:00,78126.03,78145.88,78104.97,78119.73,8.34996
2026-04-22 11:11:00,78119.72,78160.83,78119.72,78160.82,2.5438
2026-04-22 11:12:00,78160.83,78209.84,78151.0,78209.84,5.34313
2026-04-22 11:13:00,78209.83,78209.84,78162.44,78173.9,4.81112
2026-04-22 11:14:00,78173.91,78184.92,78152.33,78152.34,11.14419
2026-04-22 11:15:00,78152.34,78189.05,78152.33,78177.26,2.12791
2026-04-22 11:16:00,78177.25,78207.67,78177.25,78202.21,4.98205
2026-04-22 11:17:00,78202.2,78207.67,78192.6,78192.62,3.27989
2026-04-22 11:18:00,78192.63,78239.99,78192.62,78235.39,5.17883
2026-04-22 11:19:00,78235.39,78235.4,78199.39,78199.99,5.84573
2026-04-22 11:20:00,78200.0,78215.96,78200.0,78212.01,8.40476
2026-04-22 11:21:00,78212.0,78238.0,78212.0,78235.91,3.39632
2026-04-22 11:22:00,78235.92,78239.38,78211.29,78211.3,3.59422
2026-04-22 11:23:00,78211.29,78227.33,78204.09,78227.33,5.63257
2026-04-22 11:24:00,78227.33,78240.0,78224.2,78224.2,25.00571
2026-04-22 11:25:00,78224.2,78229.04,78213.02,78219.42,7.41245
2026-04-22 11:26:00,78219.41,78239.99,78211.11,78239.99,8.43251
2026-04-22 11:27:00,78240.0,78258.66,78239.99,78258.65,13.984
2026-04-22 11:28:00,78258.65,78300.0,78258.65,78296.27,10.91182
2026-04-22 11:29:00,78296.26,78314.65,78278.67,78314.64,20.37867
2026-04-22 11:30:00,78314.65,78330.83,78305.05,78321.65,23.45754
2026-04-22 11:31:00,78321.65,78333.0,78294.36,78294.36,10.39731
2026-04-22 11:32:00,78294.36,78294.36,78272.3,78278.57,5.1072
2026-04-22 11:33:00,78278.57,78293.15,78274.0,78278.63,4.27858
2026-04-22 11:34:00,78278.63,78312.88,78278.62,78312.87,18.20885
2026-04-22 11:35:00,78312.87,78399.0,78259.68,78259.68,39.60533
2026-04-22 11:36:00,78259.68,78259.68,78174.02,78204.27,23.24479
2026-04-22 11:37:00,78204.27,78239.28,78184.27,78239.28,11.21243
2026-04-22 11:38:00,78239.27,78247.02,78230.56,78247.02,4.54933
2026-04-22 11:39:00,78247.01,78253.81,78226.0,78226.01,7.68236
2026-04-22 11:40:00,78226.0,78227.99,78188.01,78217.23,9.84405
2026-04-22 11:41:00,78217.23,78235.35,78217.23,78235.34,0.89441
2026-04-22 11:42:00,78235.35,78254.17,78186.64,78219.41,12.68094
2026-04-22 11:43:00,78219.41,78219.42,78190.67,78190.67,5.87426
2026-04-22 11:44:00,78190.67,78209.84,78190.67,78209.83,1.47202
2026-04-22 11:45:00,78209.83,78251.4,78209.83,78251.39,2.36367
2026-04-22 11:46:00,78251.39,78311.78,78251.39,78301.06,8.34525
2026-04-22 11:47:00,78301.06,78303.72,78230.6,78230.61,6.46658
2026-04-22 11:48:00,78230.6,78246.91,78227.71,78246.91,2.54356
2026-04-22 11:49:00,78246.9,78312.88,78246.9,78308.98,5.07648
2026-04-22 11:50:00,78308.97,78308.98,78244.25,78245.22,11.98597
2026-04-22 11:51:00,78245.21,78294.67,78245.21,78294.52,4.39527
2026-04-22 11:52:00,78294.52,78316.07,78278.92,78316.06,1.81611
2026-04-22 11:53:00,78316.06,78316.06,78276.0,78284.14,2.94556
2026-04-22 11:54:00,78284.14,78295.53,78276.01,78284.14,4.80882
2026-04-22 11:55:00,78284.15,78292.2,78266.72,78292.2,2.38111
2026-04-22 11:56:00,78292.19,78292.2,78260.95,78260.95,1.82154
2026-04-22 11:57:00,78260.96,78270.0,78244.86,78270.0,3.21713
2026-04-22 11:58:00,78270.0,78277.49,78269.99,78277.49,2.27566
2026-04-22 11:59:00,78277.49,78300.0,78277.47,78300.0,1.88183
2026-04-22 12:00:00,78300.0,78314.47,78277.47,78277.47,3.26298
2026-04-22 12:01:00,78277.47,78281.95,78244.86,78281.94,3.1349
2026-04-22 12:02:00,78281.95,78334.36,78281.94,78332.87,12.34467
2026-04-22 12:03:00,78332.88,78416.64,78332.88,78369.99,23.01744
2026-04-22 12:04:00,78369.99,78370.0,78305.08,78313.1,27.07776
2026-04-22 12:05:00,78313.11,78320.14,78228.0,78230.6,10.01216
2026-04-22 12:06:00,78230.6,78291.93,78230.6,78291.93,3.30421
2026-04-22 12:07:00,78291.92,78314.32,78284.09,78314.31,2.38059
2026-04-22 12:08:00,78314.32,78314.32,78296.03,78310.71,2.35492
2026-04-22 12:09:00,78310.7,78330.04,78286.0,78330.03,15.26994
2026-04-22 12:10:00,78330.03,78343.38,78324.19,78327.96,7.80261
2026-04-22 12:11:00,78327.97,78453.71,78326.49,78390.93,335.19532
2026-04-22 12:12:00,78390.94,78404.99,78375.69,78386.98,8.64611
2026-04-22 12:13:00,78386.99,78463.31,78386.99,78438.49,18.56467
2026-04-22 12:14:00,78438.5,78438.5,78394.16,78429.85,7.6187
2026-04-22 12:15:00,78429.85,78429.85,78393.52,78416.97,16.96398
2026-04-22 12:16:00,78416.98,78455.0,78410.28,78445.5,3.85443
2026-04-22 12:17:00,78445.5,78508.18,78360.0,78390.38,70.56392
2026-04-22 12:18:00,78390.37,78413.12,78370.58,78388.64,5.47584
2026-04-22 12:19:00,78388.64,78410.4,78300.0,78342.0,10.96189
2026-04-22 12:20:00,78341.99,78373.67,78330.95,78336.26,5.87273
2026-04-22 12:21:00,78336.26,78359.51,78300.0,78300.0,8.87492
2026-04-22 12:22:00,78300.0,78300.0,78262.0,78295.09,10.04579
2026-04-22 12:23:00,78295.09,78295.13,78264.0,78264.0,11.85484
2026-04-22 12:24:00,78264.01,78264.01,78231.48,78241.7,6.92355
2026-04-22 12:25:00,78241.7,78287.51,78238.19,78287.5,5.88337
2026-04-22 12:26:00,78287.5,78287.51,78252.69,78252.7,3.60005
2026-04-22 12:27:00,78252.69,78258.05,78161.01,78169.38,11.27159
2026-04-22 12:28:00,78169.37,78190.71,78138.8,78188.8,24.07447
2026-04-22 12:29:00,78188.81,78221.38,78180.66,78185.37,17.39262
2026-04-22 12:30:00,78185.36,78185.36,78114.04,78149.83,8.82863
2026-04-22 12:31:00,78149.82,78160.91,78130.98,78158.26,5.32939
2026-04-22 12:32:00,78158.26,78158.27,78129.99,78143.99,9.56079
2026-04-22 12:33:00,78143.99,78219.42,78140.41,78219.41,8.81032
2026-04-22 12:34:00,78219.42,78243.6,78199.33,78225.82,10.5918
2026-04-22 12:35:00,78225.83,78225.83,78179.49,78199.16,7.28605
2026-04-22 12:36:00,78199.16,78209.84,78199.15,78201.57,3.69116
2026-04-22 12:37:00,78201.58,78247.98,78198.04,78247.97,6.55442
2026-04-22 12:38:00,78247.97,78247.97,78189.16,78202.76,4.61177
2026-04-22 12:39:00,78202.76,78241.81,78198.8,78200.87,22.26069
2026-04-22 12:40:00,78200.88,78235.14,78198.8,78219.51,4.54087
2026-04-22 12:41:00,78219.5,78281.7,78188.79,78228.16,26.8717
2026-04-22 12:42:00,78230.55,78252.99,78196.0,78198.44,3.91243
2026-04-22 12:43:00,78198.45,78205.05,78188.79,78199.08,2.49249
2026-04-22 12:44:00,78199.09,78204.96,78188.79,78188.79,10.53812
2026-04-22 12:45:00,78188.8,78252.99,78188.8,78252.98,18.33259
2026-04-22 12:46:00,78252.98,78330.23,78248.29,78302.79,21.45148
2026-04-22 12:47:00,78302.8,78309.54,78276.99,78277.38,4.46399
2026-04-22 12:48:00,78277.38,78277.38,78180.03,78199.69,13.91105
2026-04-22 12:49:00,78199.7,78200.0,78181.71,78181.71,8.29451
2026-04-22 12:50:00,78181.22,78209.84,78178.33,78205.66,7.43977
2026-04-22 12:51:00,78205.66,78225.75,78193.14,78199.0,3.33937
2026-04-22 12:52:00,78199.0,78231.6,78196.99,78231.54,7.63792
2026-04-22 12:53:00,78231.54,78249.6,78212.13,78212.14,4.54538
2026-04-22 12:54:00,78212.13,78247.14,78212.13,78244.08,1.92069
2026-04-22 12:55:00,78244.07,78244.07,78227.58,78227.59,3.54828
2026-04-22 12:56:00,78227.59,78241.94,78225.98,78241.93,4.18554
2026-04-22 12:57:00,78241.94,78299.47,78241.93,78296.94,10.79507
2026-04-22 12:58:00,78296.93,78297.26,78243.94,78243.94,4.51564
2026-04-22 12:59:00,78243.95,78260.0,78228.0,78236.05,9.0772
2026-04-22 13:00:00,78236.05,78255.83,78203.45,78215.22,3.93142
2026-04-22 13:01:00,78215.22,78227.5,78198.0,78209.81,2.28044
2026-04-22 13:02:00,78209.81,78254.29,78162.64,78254.29,8.50614
2026-04-22 13:03:00,78254.29,78299.47,78241.89,78297.55,20.71823
2026-04-22 13:04:00,78297.56,78297.56,78278.43,78294.9,4.53113
2026-04-22 13:05:00,78294.91,78317.97,78294.9,78316.48,8.54268
2026-04-22 13:06:00,78316.47,78360.56,78278.31,78278.31,11.39586
2026-04-22 13:07:00,78278.3,78298.0,78261.64,78261.65,2.89565
2026-04-22 13:08:00,78261.64,78282.88,78254.01,78282.11,2.27476
2026-04-22 13:09:00,78282.1,78445.7,78223.06,78262.75,64.48074
2026-04-22 13:10:00,78262.74,78320.67,78241.42,78320.66,7.95994
2026-04-22 13:11:00,78320.66,78335.97,78307.2,78326.07,7.38523
2026-04-22 13:12:00,78326.08,78363.78,78310.0,78363.77,8.40153
2026-04-22 13:13:00,78363.77,78363.77,78316.37,78347.4,3.90529
2026-04-22 13:14:00,78347.41,78373.96,78338.18,78373.95,18.48569
2026-04-22 13:15:00,78373.96,78430.16,78373.96,78410.47,6.80526
2026-04-22 13:16:00,78410.46,78439.91,78410.46,78419.84,4.05264
2026-04-22 13:17:00,78419.83,78419.83,78359.05,78386.01,10.05721
2026-04-22 13:18:00,78386.01,78393.75,78345.15,78378.79,8.36845
2026-04-22 13:19:00,78377.98,78500.0,78358.03,78450.01,32.95088
2026-04-22 13:20:00,78450.0,78495.49,78392.86,78411.72,35.11784
2026-04-22 13:21:00,78411.72,78434.98,78380.0,78415.44,6.38009
2026-04-22 13:22:00,78415.44,78431.68,78384.38,78431.68,3.84507
2026-04-22 13:23:00,78431.67,78494.0,78431.67,78478.65,5.91794
2026-04-22 13:24:00,78478.66,78494.0,78453.56,78467.79,9.14546
2026-04-22 13:25:00,78467.8,78467.8,78407.72,78412.25,14.3928
2026-04-22 13:26:00,78412.25,78437.11,78406.42,78437.1,3.36107
2026-04-22 13:27:00,78437.1,78470.0,78437.1,78459.23,2.66472
2026-04-22 13:28:00,78459.22,78470.0,78443.07,78459.99,5.62425
2026-04-22 13:29:00,78460.0,78467.85,78439.23,78467.85,9.27607
2026-04-22 13:30:00,78467.85,78470.0,78408.18,78456.84,16.55617
2026-04-22 13:31:00,78456.84,78672.67,78441.65,78617.37,126.94135
2026-04-22 13:32:00,78617.37,78617.37,78361.26,78389.32,59.72345
2026-04-22 13:33:00,78389.31,78518.43,78387.85,78518.43,22.90514
2026-04-22 13:34:00,78518.42,78533.27,78376.04,78447.39,22.96741
2026-04-22 13:35:00,78447.38,78447.38,78318.82,78318.83,23.22394
2026-04-22 13:36:00,78318.83,78365.36,78309.03,78322.1,19.56098
2026-04-22 13:37:00,78322.1,78487.23,78283.06,78475.86,23.90932
2026-04-22 13:38:00,78475.85,78498.45,78372.13,78414.58,14.02944
2026-04-22 13:39:00,78414.58,78476.33,78414.58,78451.15,10.65892
2026-04-22 13:40:00,78451.15,78495.0,78426.87,78482.86,20.72481
2026-04-22 13:41:00,78482.85,78593.21,78468.0,78566.43,38.31659
2026-04-22 13:42:00,78566.43,78649.99,78560.0,78606.26,33.39595
2026-04-22 13:43:00,78606.26,78622.55,78556.0,78596.14,9.34327
2026-04-22 13:44:00,78596.13,78616.93,78577.88,78616.93,9.46845
2026-04-22 13:45:00,78616.92,78676.0,78600.0,78672.18,35.31795
2026-04-22 13:46:00,78672.19,78770.0,78632.55,78632.56,88.31084
2026-04-22 13:47:00,78632.56,78742.0,78627.21,78693.69,39.98234
2026-04-22 13:48:00,78693.69,78693.69,78527.29,78599.99,26.57735
2026-04-22 13:49:00,78600.0,78663.26,78568.02,78650.39,31.10557
2026-04-22 13:50:00,78650.38,78681.3,78610.0,78654.88,17.39293
2026-04-22 13:51:00,78654.87,78681.3,78570.73,78681.3,15.46486
2026-04-22 13:52:00,78681.3,78773.6,78660.58,78761.25,26.90618
2026-04-22 13:53:00,78761.24,78765.79,78710.0,78746.98,35.04363
2026-04-22 13:54:00,78746.98,78773.47,78727.6,78746.27,19.26234
2026-04-22 13:55:00,78747.4,78764.0,78719.4,78742.8,8.08904
2026-04-22 13:56:00,78742.8,78801.86,78742.8,78801.86,43.02251
2026-04-22 13:57:00,78801.86,78832.12,78780.0,78821.01,29.27373
2026-04-22 13:58:00,78821.01,78821.02,78785.12,78800.6,36.55154
2026-04-22 13:59:00,78800.6,78850.0,78800.6,78840.94,15.50676
2026-04-22 14:00:00,78840.94,78880.36,78775.0,78785.48,44.79308
2026-04-22 14:01:00,78785.49,78888.0,78775.01,78886.05,21.02852
2026-04-22 14:02:00,78886.04,78900.0,78832.6,78854.46,52.71552
2026-04-22 14:03:00,78854.47,78881.55,78842.39,78881.54,12.56058
2026-04-22 14:04:00,78881.55,78900.0,78870.79,78881.8,23.12838
2026-04-22 14:05:00,78881.8,78888.01,78725.74,78737.02,38.36396
2026-04-22 14:06:00,78737.03,78824.0,78703.13,78823.99,19.15559
2026-04-22 14:07:00,78823.99,78840.0,78755.38,78809.17,22.96046
2026-04-22 14:08:00,78809.17,78849.5,78795.68,78822.42,16.52857
2026-04-22 14:09:00,78822.42,78850.0,78797.59,78825.19,24.92778
2026-04-22 14:10:00,78825.19,78952.6,78825.19,78933.84,45.8346
2026-04-22 14:11:00,78933.84,78992.16,78899.99,78969.06,30.90855
2026-04-22 14:12:00,78969.06,78990.0,78947.07,78976.0,24.24282
2026-04-22 14:13:00,78975.99,78998.12,78974.14,78995.61,13.66784
2026-04-22 14:14:00,78995.62,79079.25,78943.5,79057.81,155.11993
2026-04-22 14:15:00,79057.81,79072.33,78988.05,79041.48,43.97483
2026-04-22 14:16:00,79041.47,79041.47,78967.46,78967.46,28.51048
2026-04-22 14:17:00,78967.46,78967.47,78900.12,78900.13,15.33247
2026-04-22 14:18:00,78900.12,78900.12,78827.09,78827.09,25.9226
2026-04-22 14:19:00,78827.09,78846.19,78781.83,78804.8,40.45449
2026-04-22 14:20:00,78804.81,78881.69,78778.2,78857.46,26.23698
2026-04-22 14:21:00,78857.46,79061.63,78857.46,79046.73,68.9708
2026-04-22 14:22:00,79046.73,79174.68,79029.64,79098.63,82.59338
2026-04-22 14:23:00,79098.63,79134.3,79007.84,79040.09,46.71209
2026-04-22 14:24:00,79040.09,79081.14,78992.1,79081.14,30.6851
2026-04-22 14:25:00,79081.15,79094.42,79018.13,79071.68,21.85582
2026-04-22 14:26:00,79070.64,79129.56,79058.0,79085.0,25.1417
2026-04-22 14:27:00,79085.0,79113.69,79013.33,79070.8,16.8275
2026-04-22 14:28:00,79070.8,79070.8,79026.26,79030.98,13.08715
2026-04-22 14:29:00,79030.97,79095.35,79000.0,79008.31,20.64744
2026-04-22 14:30:00,79008.3,79042.72,78823.52,78823.52,31.60516
2026-04-22 14:31:00,78823.53,78871.72,78762.37,78762.37,43.65583
2026-04-22 14:32:00,78762.38,78785.01,78590.3,78649.28,105.26757
2026-04-22 14:33:00,78649.28,78755.65,78577.86,78755.64,47.49983
2026-04-22 14:34:00,78755.64,78794.51,78724.0,78729.49,30.56416
2026-04-22 14:35:00,78729.5,78740.18,78700.0,78716.3,19.71439
2026-04-22 14:36:00,78716.29,78772.0,78701.69,78702.01,28.85616
2026-04-22 14:37:00,78702.0,78837.57,78702.0,78799.86,17.33185
2026-04-22 14:38:00,78799.86,78799.86,78736.88,78797.99,14.75552
2026-04-22 14:39:00,78797.99,78860.84,78797.99,78860.84,26.10367
2026-04-22 14:40:00,78860.83,78939.39,78860.83,78939.39,24.69317
2026-04-22 14:41:00,78939.38,78951.47,78910.92,78912.89,19.47454
2026-04-22 14:42:00,78912.88,78922.37,78861.71,78880.9,22.32502
2026-04-22 14:43:00,78880.9,78882.0,78690.0,78725.15,29.4664
2026-04-22 14:44:00,78725.15,78750.47,78686.76,78699.54,38.52814
2026-04-22 14:45:00,78699.53,78736.47,78693.8,78701.01,13.10523
2026-04-22 14:46:00,78701.02,78802.0,78701.02,78801.99,16.61775
2026-04-22 14:47:00,78802.0,78838.04,78787.9,78803.72,7.66334
2026-04-22 14:48:00,78803.72,78836.7,78803.72,78820.01,8.61642
2026-04-22 14:49:00,78820.0,78888.0,78766.25,78888.0,14.80326
2026-04-22 14:50:00,78888.0,78967.0,78887.99,78954.99,23.10381
2026-04-22 14:51:00,78955.0,78962.46,78893.59,78946.14,18.41577
2026-04-22 14:52:00,78946.14,79007.84,78922.05,78966.18,54.88535
2026-04-22 14:53:00,78966.17,78966.17,78889.56,78901.81,25.63614
2026-04-22 14:54:00,78901.82,78957.77,78865.44,78957.77,21.24132
2026-04-22 14:55:00,78957.77,78957.77,78899.99,78899.99,14.36438
2026-04-22 14:56:00,78899.99,78983.63,78867.32,78971.26,16.59225
2026-04-22 14:57:00,78971.27,79071.42,78948.78,79071.42,14.65948
2026-04-22 14:58:00,79071.41,79092.18,79042.37,79066.97,25.3173
2026-04-22 14:59:00,79066.96,79095.34,79045.74,79045.75,19.94287
2026-04-22 15:00:00,79045.75,79092.87,79000.94,79000.94,54.84576
2026-04-22 15:01:00,79000.94,79012.05,78890.0,78924.16,19.96447
2026-04-22 15:02:00,78924.16,78972.29,78908.28,78950.0,20.57876
2026-04-22 15:03:00,78949.99,78993.15,78935.29,78993.14,16.3324
2026-04-22 15:04:00,78993.14,79003.0,78905.47,78916.0,24.68015
2026-04-22 15:05:00,78915.99,78952.49,78886.66,78889.73,12.99517
2026-04-22 15:06:00,78889.73,78946.58,78852.02,78946.57,18.1572
2026-04-22 15:07:00,78946.57,78978.18,78909.2,78938.01,22.63582
2026-04-22 15:08:00,78938.0,79011.76,78938.0,78971.43,21.81325
2026-04-22 15:09:00,78971.43,78999.0,78936.75,78954.85,22.44702
2026-04-22 15:10:00,78954.84,79078.18,78954.84,79078.18,22.56824
2026-04-22 15:11:00,79078.18,79123.0,79068.0,79090.98,54.9586
2026-04-22 15:12:00,79090.98,79090.98,78946.41,78968.56,14.13023
2026-04-22 15:13:00,78968.56,78997.36,78940.6,78947.88,7.91831
2026-04-22 15:14:00,78947.87,79004.47,78924.35,78947.64,25.50954
2026-04-22 15:15:00,78947.64,78988.09,78925.54,78966.79,7.12117
2026-04-22 15:16:00,78966.8,78968.49,78909.88,78968.49,7.43515
2026-04-22 15:17:00,78968.48,78997.0,78952.03,78996.99,7.59391
2026-04-22 15:18:00,78996.99,79027.6,78962.14,78962.14,11.10937
2026-04-22 15:19:00,78962.14,79000.52,78886.0,78982.86,30.00066
2026-04-22 15:20:00,78982.85,79000.0,78951.33,78991.96,10.02932
2026-04-22 15:21:00,78991.95,79050.0,78960.0,79041.82,52.183
2026-04-22 15:22:00,79041.82,79047.42,78990.0,78999.37,17.20654
2026-04-22 15:23:00,78999.38,79067.24,78930.42,79056.96,22.69764
2026-04-22 15:24:00,79056.96,79071.69,78980.08,78986.37,21.22647
2026-04-22 15:25:00,78986.36,78988.44,78900.01,78904.04,25.09809
2026-04-22 15:26:00,78904.03,78924.99,78837.66,78902.0,27.71789
2026-04-22 15:27:00,78901.99,78976.0,78886.56,78959.05,38.44423
2026-04-22 15:28:00,78959.04,79039.72,78959.04,79019.74,18.63393
2026-04-22 15:29:00,79019.73,79127.01,79011.82,79068.15,37.61846
2026-04-22 15:30:00,79068.16,79282.75,79064.87,79249.71,126.38361
2026-04-22 15:31:00,79249.71,79249.71,79156.72,79172.83,51.88081
2026-04-22 15:32:00,79172.82,79191.84,79110.71,79120.01,14.78252
2026-04-22 15:33:00,79120.01,79127.4,79030.11,79056.62,6.51305
2026-04-22 15:34:00,79056.63,79105.89,79010.18,79092.21,21.50257
2026-04-22 15:35:00,79092.22,79099.64,79040.93,79040.93,11.57846
2026-04-22 15:36:00,79040.93,79142.22,79009.99,79142.22,36.15002
2026-04-22 15:37:00,79142.6,79216.97,79111.12,79205.62,45.55858
2026-04-22 15:38:00,79204.0,79204.01,79159.26,79189.0,9.99203
2026-04-22 15:39:00,79189.0,79276.0,79188.99,79259.99,20.85916
2026-04-22 15:40:00,79260.0,79267.48,79200.0,79267.48,23.50267
2026-04-22 15:41:00,79267.48,79317.73,79243.88,79313.35,40.02877
2026-04-22 15:42:00,79313.35,79313.36,79223.36,79224.75,13.30006
2026-04-22 15:43:00,79224.75,79296.0,79224.75,79255.99,28.64757
2026-04-22 15:44:00,79255.99,79283.81,79232.68,79279.92,23.85355
2026-04-22 15:45:00,79279.92,79310.0,79266.0,79309.99,6.6556
2026-04-22 15:46:00,79309.99,79328.65,79235.11,79235.12,13.12117
2026-04-22 15:47:00,79235.12,79300.0,79235.12,79270.17,7.66244
2026-04-22 15:48:00,79270.17,79325.73,79270.17,79322.16,12.01384
2026-04-22 15:49:00,79322.16,79325.73,79280.89,79280.89,11.08641
2026-04-22 15:50:00,79280.89,79299.68,79218.5,79299.68,12.90909
2026-04-22 15:51:00,79299.67,79314.0,79294.01,79306.96,12.02813
2026-04-22 15:52:00,79306.95,79371.42,79288.43,79332.46,34.55009
2026-04-22 15:53:00,79332.46,79332.46,79309.07,79323.33,30.11096
2026-04-22 15:54:00,79323.33,79400.0,79323.33,79399.99,29.58297
2026-04-22 15:55:00,79399.99,79400.0,79385.0,79390.01,9.20767
2026-04-22 15:56:00,79390.0,79395.0,79348.46,79371.04,31.67939
2026-04-22 15:57:00,79371.04,79376.5,79323.33,79323.34,10.75027
2026-04-22 15:58:00,79323.33,79331.42,79302.16,79308.58,12.97419
2026-04-22 15:59:00,79308.59,79308.59,79272.9,79272.9,9.4876
2026-04-22 16:00:00,79272.91,79324.31,79272.91,79324.3,33.407
2026-04-22 16:01:00,79324.31,79340.92,79294.0,79313.01,16.96315
2026-04-22 16:02:00,79313.01,79333.78,79286.14,79333.77,22.47808
2026-04-22 16:03:00,79333.76,79381.33,79316.64,79381.32,25.98259
2026-04-22 16:04:00,79381.33,79436.02,79373.41,79426.16,33.51339
2026-04-22 16:05:00,79426.16,79472.82,79380.0,79380.0,27.67686
2026-04-22 16:06:00,79380.0,79423.8,79317.28,79319.25,24.85089
2026-04-22 16:07:00,79319.25,79328.0,79306.12,79306.13,6.69474
2026-04-22 16:08:00,79306.12,79307.31,79292.51,79307.3,10.78526
2026-04-22 16:09:00,79307.3,79330.03,79283.83,79283.83,7.76115
2026-04-22 16:10:00,79283.83,79283.84,79237.2,79237.21,34.83329
2026-04-22 16:11:00,79237.2,79237.21,79183.35,79188.71,15.64185
2026-04-22 16:12:00,79188.7,79191.88,79114.11,79191.87,22.04635
2026-04-22 16:13:00,79191.88,79196.59,79184.06,79191.67,3.04311
2026-04-22 16:14:00,79191.66,79203.44,79181.74,79201.01,9.71548
2026-04-22 16:15:00,79201.0,79208.0,79167.61,79169.19,16.58322
2026-04-22 16:16:00,79169.19,79169.2,79145.16,79152.68,21.37125
2026-04-22 16:17:00,79152.68,79193.33,79152.68,79179.99,20.07521
2026-04-22 16:18:00,79179.99,79188.34,79124.0,79124.01,18.86074
2026-04-22 16:19:00,79124.0,79129.34,79100.0,79127.41,27.52511
2026-04-22 16:20:00,79127.4,79135.5,79108.91,79135.5,9.89223
2026-04-22 16:21:00,79135.5,79174.0,79135.49,79144.62,8.79719
2026-04-22 16:22:00,79144.63,79144.63,79071.42,79088.12,16.97966
2026-04-22 16:23:00,79088.11,79088.12,78959.67,78959.67,38.74385
2026-04-22 16:24:00,78959.67,79022.4,78944.9,78989.91,9.59286
2026-04-22 16:25:00,78989.9,79011.56,78969.17,78969.18,12.18421
2026-04-22 16:26:00,78969.18,78969.18,78908.67,78931.17,29.80497
2026-04-22 16:27:00,78931.18,78960.0,78881.13,78959.99,17.11797
2026-04-22 16:28:00,78960.0,78991.65,78954.97,78958.24,27.53776
2026-04-22 16:29:00,78958.12,78967.46,78925.92,78932.0,6.05789
2026-04-22 16:30:00,78932.0,78932.0,78862.31,78862.31,12.87632
2026-04-22 16:31:00,78862.31,78900.0,78861.0,78893.99,10.19802
2026-04-22 16:32:00,78894.0,78973.7,78894.0,78956.41,11.70817
2026-04-22 16:33:00,78956.41,78990.94,78945.0,78984.16,6.74151
2026-04-22 16:34:00,78984.16,79030.23,78980.0,78980.01,10.48791
2026-04-22 16:35:00,78980.0,78992.31,78946.0,78964.69,17.02391
2026-04-22 16:36:00,78964.68,78984.84,78942.62,78942.62,7.76696
2026-04-22 16:37:00,78942.63,79020.16,78936.34,79020.15,4.19443
2026-04-22 16:38:00,79020.16,79022.4,78946.55,78946.56,3.05331
2026-04-22 16:39:00,78946.56,78989.3,78946.55,78965.28,5.17355
2026-04-22 16:40:00,78965.28,78965.28,78885.15,78913.66,5.64773
2026-04-22 16:41:00,78913.66,78925.0,78898.75,78900.0,4.44263
2026-04-22 16:42:00,78900.01,78913.7,78790.0,78840.84,28.6302
2026-04-22 16:43:00,78841.07,78849.97,78777.0,78777.01,16.77868
2026-04-22 16:44:00,78777.0,78823.66,78777.0,78813.9,17.09266
2026-04-22 16:45:00,78813.9,78813.9,78732.87,78745.96,13.02944
2026-04-22 16:46:00,78745.95,78775.52,78738.07,78775.51,16.73411
2026-04-22 16:47:00,78775.51,78809.76,78775.51,78807.99,6.41529
2026-04-22 16:48:00,78807.99,78821.77,78750.2,78771.32,19.0731
2026-04-22 16:49:00,78771.32,78846.75,78735.65,78842.08,41.97903
2026-04-22 16:50:00,78842.07,78842.07,78797.9,78819.86,7.91361
2026-04-22 16:51:00,78819.86,78847.18,78806.78,78811.49,2.30101
2026-04-22 16:52:00,78811.5,78827.26,78742.25,78757.09,19.47215
2026-04-22 16:53:00,78757.08,78772.0,78743.37,78766.1,5.65155
2026-04-22 16:54:00,78766.1,78772.0,78702.0,78705.89,12.11679
2026-04-22 16:55:00,78705.9,78705.9,78632.37,78686.0,82.26032
2026-04-22 16:56:00,78686.0,78770.0,78686.0,78749.93,15.09844
2026-04-22 16:57:00,78749.93,78764.0,78745.02,78745.58,4.21032
2026-04-22 16:58:00,78745.58,78745.58,78698.64,78708.56,18.94778
2026-04-22 16:59:00,78708.56,78754.0,78708.56,78743.59,7.43738
2026-04-22 17:00:00,78743.6,78798.42,78743.59,78787.59,16.32168
2026-04-22 17:01:00,78787.58,78909.32,78787.58,78903.57,32.99319
2026-04-22 17:02:00,78903.58,78911.46,78834.73,78834.74,16.61712
2026-04-22 17:03:00,78834.73,78899.9,78825.46,78891.24,6.43827
2026-04-22 17:04:00,78891.24,78913.7,78877.43,78883.96,14.57723
2026-04-22 17:05:00,78883.97,78912.24,78870.02,78902.56,5.30332
2026-04-22 17:06:00,78902.56,78906.75,78855.78,78855.79,2.33431
2026-04-22 17:07:00,78855.78,78868.67,78827.4,78844.49,4.30134
2026-04-22 17:08:00,78844.49,78890.76,78844.48,78859.7,6.01899
2026-04-22 17:09:00,78859.7,78922.3,78859.69,78922.3,49.88301
2026-04-22 17:10:00,78922.3,79025.0,78922.3,79017.99,28.06556
2026-04-22 17:11:00,79017.98,79034.73,78995.54,78995.54,10.17935
2026-04-22 17:12:00,78995.54,79012.76,78978.54,78984.99,7.17776
2026-04-22 17:13:00,78984.99,78996.77,78964.13,78980.55,12.98056
2026-04-22 17:14:00,78980.54,78980.54,78958.0,78980.25,5.24674
2026-04-22 17:15:00,78980.24,79008.14,78963.54,78969.98,25.19609
2026-04-22 17:16:00,78969.98,78974.64,78875.4,78880.95,12.86552
2026-04-22 17:17:00,78880.94,78880.95,78805.54,78822.43,7.98571
2026-04-22 17:18:00,78822.43,78822.43,78789.22,78792.16,18.76467
2026-04-22 17:19:00,78792.16,78841.63,78768.0,78841.62,5.91303
2026-04-22 17:20:00,78841.62,78841.63,78792.51,78818.4,7.16109
2026-04-22 17:21:00,78818.41,78856.92,78818.4,78856.92,5.09301
2026-04-22 17:22:00,78856.91,78856.91,78817.71,78842.47,5.67884
2026-04-22 17:23:00,78842.46,78842.47,78777.15,78785.03,3.87494
2026-04-22 17:24:00,78785.03,78785.04,78709.47,78723.21,18.30764
2026-04-22 17:25:00,78723.2,78785.03,78705.71,78785.03,9.52691
2026-04-22 17:26:00,78785.03,78824.69,78785.03,78817.85,3.09961
2026-04-22 17:27:00,78817.85,78895.06,78817.84,78886.64,4.57255
2026-04-22 17:28:00,78886.64,78913.53,78882.44,78896.44,4.58164
2026-04-22 17:29:00,78896.44,78896.44,78827.92,78832.18,2.71322
2026-04-22 17:30:00,78832.19,78860.0,78822.26,78851.23,2.19778
2026-04-22 17:31:00,78851.22,78861.34,78774.09,78857.38,4.93223
2026-04-22 17:32:00,78857.39,78890.15,78857.38,78870.68,2.9115
2026-04-22 17:33:00,78870.68,78882.02,78860.02,78876.55,2.78306
2026-04-22 17:34:00,78876.55,78886.69,78805.58,78805.59,2.98911
2026-04-22 17:35:00,78805.58,78805.58,78776.0,78797.1,1.56859
2026-04-22 17:36:00,78797.1,78797.1,78763.66,78772.56,5.61226
2026-04-22 17:37:00,78772.55,78822.93,78772.55,78813.68,3.3374
2026-04-22 17:38:00,78813.67,78840.0,78813.67,78839.0,1.95115
2026-04-22 17:39:00,78839.01,78863.11,78835.26,78835.27,7.80112
2026-04-22 17:40:00,78835.27,78879.32,78835.27,78879.31,4.57568
2026-04-22 17:41:00,78879.31,78889.49,78826.69,78826.69,4.77662
2026-04-22 17:42:00,78826.68,78847.38,78798.31,78847.38,4.29598
2026-04-22 17:43:00,78847.37,78847.38,78830.56,78836.06,4.13405
2026-04-22 17:44:00,78836.06,78862.05,78815.98,78815.99,2.22119
2026-04-22 17:45:00,78815.98,78815.99,78736.76,78736.77,5.13527
2026-04-22 17:46:00,78736.76,78782.0,78708.31,78781.6,5.01288
2026-04-22 17:47:00,78782.0,78928.0,78782.0,78897.92,10.48097
2026-04-22 17:48:00,78897.92,78909.91,78846.0,78846.0,3.56625
2026-04-22 17:49:00,78846.01,78890.45,78843.75,78879.05,1.93615
2026-04-22 17:50:00,78879.12,78879.52,78861.5,78866.78,1.12274
2026-04-22 17:51:00,78866.79,78935.26,78866.78,78935.26,8.53137
2026-04-22 17:52:00,78935.4,78980.0,78932.0,78957.83,21.09067
2026-04-22 17:53:00,78957.83,78957.83,78935.07,78950.78,2.73199
2026-04-22 17:54:00,78950.78,78994.4,78950.78,78994.4,9.05379
2026-04-22 17:55:00,78994.39,78994.4,78952.35,78969.3,7.6783
2026-04-22 17:56:00,78969.3,78990.0,78937.53,78937.53,4.5108
2026-04-22 17:57:00,78937.53,78943.19,78900.54,78908.65,6.60411
2026-04-22 17:58:00,78908.64,78919.92,78900.0,78914.72,2.75466
2026-04-22 17:59:00,78914.71,78914.72,78900.0,78900.0,2.24331
2026-04-22 18:00:00,78900.01,78958.42,78900.01,78951.99,3.93232
2026-04-22 18:01:00,78952.0,78976.59,78951.99,78970.42,3.76291
2026-04-22 18:02:00,78970.41,78981.31,78922.75,78922.76,2.09753
2026-04-22 18:03:00,78922.76,78935.5,78912.68,78935.1,2.38932
2026-04-22 18:04:00,78935.1,78946.6,78920.0,78920.0,3.18654
2026-04-22 18:05:00,78920.01,78932.99,78896.73,78896.73,3.12248
2026-04-22 18:06:00,78896.73,78896.73,78828.76,78852.07,5.24745
2026-04-22 18:07:00,78852.08,78867.86,78849.23,78856.0,2.05302
2026-04-22 18:08:00,78856.0,78922.0,78856.0,78908.02,4.76619
2026-04-22 18:09:00,78908.01,78920.15,78882.68,78920.15,2.71175
2026-04-22 18:10:00,78920.14,78920.15,78901.37,78901.37,9.60017
2026-04-22 18:11:00,78901.38,78901.38,78886.49,78899.43,2.20722
2026-04-22 18:12:00,78899.44,78972.95,78899.44,78972.94,3.58581
2026-04-22 18:13:00,78972.95,78989.71,78972.94,78977.83,5.98238
2026-04-22 18:14:00,78977.83,78977.84,78956.89,78958.51,7.87073
2026-04-22 18:15:00,78958.51,78977.84,78958.51,78971.41,4.81621
2026-04-22 18:16:00,78971.41,78971.42,78930.01,78960.21,11.93076
2026-04-22 18:17:00,78960.2,78960.2,78943.02,78951.44,3.50425
2026-04-22 18:18:00,78951.43,78978.47,78951.43,78978.47,2.58737
2026-04-22 18:19:00,78978.47,78986.8,78976.11,78976.11,2.38012
2026-04-22 18:20:00,78976.12,78976.12,78912.78,78940.37,5.39517
2026-04-22 18:21:00,78940.37,78949.97,78935.04,78949.96,1.74246
2026-04-22 18:22:00,78949.96,78949.97,78885.84,78926.0,4.4504
2026-04-22 18:23:00,78925.99,78950.0,78925.99,78932.2,2.94738
2026-04-22 18:24:00,78932.21,78991.81,78932.21,78991.8,4.44675
2026-04-22 18:25:00,78991.8,78991.81,78959.96,78959.96,2.92488
2026-04-22 18:26:00,78959.96,78959.97,78932.53,78942.63,8.13256
2026-04-22 18:27:00,78942.64,78942.64,78915.55,78940.04,2.54813
2026-04-22 18:28:00,78940.05,78940.05,78933.37,78933.37,3.07997
2026-04-22 18:29:00,78933.37,78940.99,78903.2,78905.02,16.27847
2026-04-22 18:30:00,78905.02,78905.02,78857.16,78876.7,7.64729
2026-04-22 18:31:00,78876.7,78929.02,78876.7,78929.02,2.82348
2026-04-22 18:32:00,78929.02,78957.02,78914.81,78914.81,7.3866
2026-04-22 18:33:00,78914.81,78926.7,78904.0,78920.67,1.44305
2026-04-22 18:34:00,78920.67,78936.43,78895.17,78899.17,1.7321
2026-04-22 18:35:00,78899.17,78931.29,78896.08,78930.67,1.72638
2026-04-22 18:36:00,78930.68,78966.69,78921.2,78966.65,4.88808
2026-04-22 18:37:00,78966.65,78968.71,78952.0,78959.9,2.44834
2026-04-22 18:38:00,78959.89,78959.9,78933.31,78955.99,4.0544
2026-04-22 18:39:00,78955.99,78964.81,78945.35,78960.21,3.14702
2026-04-22 18:40:00,78960.2,78994.32,78960.2,78989.78,2.71923
2026-04-22 18:41:00,78989.28,78989.28,78972.0,78972.01,1.62103
2026-04-22 18:42:00,78972.0,79031.56,78971.88,79009.39,32.37705
2026-04-22 18:43:00,79009.38,79014.94,79001.6,79014.93,6.22879
2026-04-22 18:44:00,79014.94,79014.94,78960.96,78960.97,12.29849
2026-04-22 18:45:00,78960.97,78998.7,78957.72,78998.7,4.62221
2026-04-22 18:46:00,78998.69,78998.7,78990.33,78990.33,1.88573
2026-04-22 18:47:00,78990.32,79013.91,78990.32,79013.9,2.8582
2026-04-22 18:48:00,79013.9,79069.82,79013.9,79046.81,5.5355
2026-04-22 18:49:00,79046.81,79108.0,79046.81,79108.0,18.28887
2026-04-22 18:50:00,79107.99,79107.99,79072.48,79103.08,4.45825
2026-04-22 18:51:00,79103.09,79103.09,79073.8,79090.92,2.76079
2026-04-22 18:52:00,79090.91,79144.62,79090.91,79144.62,7.63567
2026-04-22 18:53:00,79144.62,79163.66,79094.0,79094.0,6.67722
2026-04-22 18:54:00,79094.0,79099.84,79075.78,79079.59,3.85933
2026-04-22 18:55:00,79079.59,79079.59,79033.6,79055.0,5.01034
2026-04-22 18:56:00,79054.99,79054.99,79011.35,79011.35,3.9267
2026-04-22 18:57:00,79011.36,79031.27,79002.51,79022.52,6.48234
2026-04-22 18:58:00,79023.99,79035.0,79008.0,79008.0,3.84519
2026-04-22 18:59:00,79008.0,79022.4,78990.76,79022.39,12.87185
2026-04-22 19:00:00,79022.4,79050.51,78865.0,78876.48,14.7524
2026-04-22 19:01:00,78876.48,78876.49,78806.81,78839.4,14.89192
2026-04-22 19:02:00,78839.4,78927.3,78839.4,78927.3,5.71063
2026-04-22 19:03:00,78927.3,78942.27,78779.9,78789.57,18.28874
2026-04-22 19:04:00,78789.57,78795.72,78742.48,78785.89,17.19705
2026-04-22 19:05:00,78785.41,78845.74,78706.81,78812.27,31.25861
2026-04-22 19:06:00,78812.27,78823.89,78785.63,78801.38,10.35555
2026-04-22 19:07:00,78801.37,78801.37,78736.67,78772.67,15.24692
2026-04-22 19:08:00,78772.67,78778.81,78726.17,78726.17,3.49145
2026-04-22 19:09:00,78726.18,78761.18,78726.17,78761.17,4.03261
2026-04-22 19:10:00,78761.17,78787.85,78761.17,78778.83,4.89021
2026-04-22 19:11:00,78778.84,78803.48,78772.0,78794.25,8.30938
2026-04-22 19:12:00,78794.25,78823.4,78788.85,78795.59,38.12884
2026-04-22 19:13:00,78795.59,78837.59,78795.59,78837.58,7.49413
2026-04-22 19:14:00,78837.59,78855.73,78825.22,78855.72,7.35909
2026-04-22 19:15:00,78855.72,78893.33,78828.67,78893.33,6.64373
2026-04-22 19:16:00,78893.34,78895.72,78874.03,78890.0,4.83076
2026-04-22 19:17:00,78890.01,78913.67,78847.16,78861.39,14.51818
2026-04-22 19:18:00,78861.39,78900.0,78858.63,78883.02,11.66756
2026-04-22 19:19:00,78883.02,78945.25,78883.02,78932.9,10.02426
2026-04-22 19:20:00,78932.89,78986.0,78930.9,78937.73,9.1503
2026-04-22 19:21:00,78937.72,78969.89,78934.35,78969.88,4.62804
2026-04-22 19:22:00,78969.89,78977.77,78929.83,78931.28,13.57095
2026-04-22 19:23:00,78931.29,78966.0,78918.86,78964.19,7.85544
2026-04-22 19:24:00,78964.2,78982.79,78950.0,78982.78,16.09243
2026-04-22 19:25:00,78982.78,79028.0,78982.78,79027.99,4.88451
2026-04-22 19:26:00,79028.0,79067.6,79007.87,79024.0,12.36884
2026-04-22 19:27:00,79024.0,79024.0,79007.85,79022.39,2.00781
2026-04-22 19:28:00,79022.4,79029.39,78987.73,79029.39,12.49922
2026-04-22 19:29:00,79029.38,79029.38,79002.0,79027.6,2.75854
2026-04-22 19:30:00,79027.59,79050.0,79016.21,79040.01,13.0458
2026-04-22 19:31:00,79040.02,79062.0,79004.09,79061.99,8.39728
2026-04-22 19:32:00,79061.99,79062.0,79019.84,79036.08,7.80453
2026-04-22 19:33:00,79036.08,79036.09,78950.0,78953.5,11.89115
2026-04-22 19:34:00,78953.49,78959.46,78923.17,78936.7,7.92765
2026-04-22 19:35:00,78936.7,78936.7,78837.9,78838.25,16.86825
2026-04-22 19:36:00,78838.25,78838.25,78762.9,78789.22,13.71835
2026-04-22 19:37:00,78789.22,78866.11,78789.21,78866.11,4.766
2026-04-22 19:38:00,78866.11,78882.33,78854.15,78873.67,3.97623
2026-04-22 19:39:00,78873.67,78877.61,78873.67,78875.64,1.01241
2026-04-22 19:40:00,78875.64,78875.64,78835.24,78857.77,10.53401
2026-04-22 19:41:00,78857.78,78864.33,78842.45,78843.59,7.406
2026-04-22 19:42:00,78843.17,78866.94,78826.94,78836.0,6.69762
2026-04-22 19:43:00,78836.0,78861.35,78836.0,78861.35,7.13274
2026-04-22 19:44:00,78861.36,78874.87,78860.09,78860.1,3.49871
2026-04-22 19:45:00,78860.1,78860.1,78817.19,78834.04,5.92823
2026-04-22 19:46:00,78834.04,78843.29,78805.64,78827.05,3.84682
2026-04-22 19:47:00,78827.04,78888.0,78827.04,78887.61,6.17595
2026-04-22 19:48:00,78887.6,78887.61,78854.0,78860.07,2.21422
2026-04-22 19:49:00,78860.07,78886.55,78842.96,78884.19,3.46127
2026-04-22 19:50:00,78884.2,78913.7,78832.19,78861.43,9.95181
2026-04-22 19:51:00,78861.44,78868.0,78826.45,78840.11,6.19267
2026-04-22 19:52:00,78840.11,78840.11,78782.59,78782.69,4.05062
2026-04-22 19:53:00,78782.7,78819.44,78782.7,78819.43,3.56272
2026-04-22 19:54:00,78819.43,78890.0,78819.43,78889.99,3.36531
2026-04-22 19:55:00,78890.0,78890.96,78838.12,78889.99,3.83912
2026-04-22 19:56:00,78889.98,78936.99,78889.98,78936.98,4.27667
2026-04-22 19:57:00,78936.98,78967.34,78936.98,78946.64,8.25502
2026-04-22 19:58:00,78946.63,78952.8,78923.95,78925.73,10.98231
2026-04-22 19:59:00,78925.73,78939.55,78827.18,78846.62,21.61911
2026-04-22 20:00:00,78846.62,78893.48,78808.51,78842.9,16.58444
2026-04-22 20:01:00,78844.12,78875.0,78826.55,78856.87,5.0276
2026-04-22 20:02:00,78856.88,78915.84,78856.88,78892.54,7.69006
2026-04-22 20:03:00,78892.54,78897.53,78880.06,78894.94,3.32446
2026-04-22 20:04:00,78894.94,78913.7,78881.76,78897.88,4.54022
2026-04-22 20:05:00,78897.88,78909.9,78868.25,78870.52,3.295
2026-04-22 20:06:00,78870.53,78878.9,78836.7,78836.7,3.56184
2026-04-22 20:07:00,78836.69,78836.69,78806.29,78814.17,7.81483
2026-04-22 20:08:00,78814.17,78832.38,78805.0,78805.0,3.95304
2026-04-22 20:09:00,78805.01,78826.8,78779.84,78779.85,5.17173
2026-04-22 20:10:00,78779.84,78779.85,78747.25,78751.79,5.39153
2026-04-22 20:11:00,78751.78,78789.14,78751.78,78778.01,3.65993
2026-04-22 20:12:00,78778.01,78800.0,78778.0,78794.57,7.23963
2026-04-22 20:13:00,78794.57,78794.57,78775.43,78775.43,2.87516
2026-04-22 20:14:00,78775.44,78780.02,78748.46,78748.46,3.46175
2026-04-22 20:15:00,78748.46,78750.0,78735.03,78750.0,6.63357
2026-04-22 20:16:00,78750.0,78750.5,78738.27,78750.49,2.40873
2026-04-22 20:17:00,78750.49,78758.0,78729.38,78729.38,2.20234
2026-04-22 20:18:00,78729.39,78758.0,78726.0,78734.78,4.37841
2026-04-22 20:19:00,78734.78,78734.78,78632.37,78667.15,32.82375
2026-04-22 20:20:00,78667.15,78667.15,78581.91,78592.47,36.66403
2026-04-22 20:21:00,78592.47,78592.47,78516.62,78533.92,20.92713
2026-04-22 20:22:00,78533.92,78550.0,78484.42,78549.99,25.2696
2026-04-22 20:23:00,78549.99,78580.2,78542.37,78580.19,9.78354
2026-04-22 20:24:00,78580.2,78581.02,78534.96,78556.0,7.04156
2026-04-22 20:25:00,78556.77,78587.43,78556.77,78587.43,0.71636
2026-04-22 20:26:00,78587.42,78599.99,78574.01,78599.99,6.12737
2026-04-22 20:27:00,78599.98,78599.98,78586.82,78595.52,1.90844
2026-04-22 20:28:00,78595.53,78610.25,78595.52,78610.25,3.97042
2026-04-22 20:29:00,78610.25,78610.25,78594.0,78595.14,9.51353
2026-04-22 20:30:00,78595.13,78595.14,78573.77,78593.43,3.74505
2026-04-22 20:31:00,78593.42,78600.0,78590.71,78590.72,5.42079
2026-04-22 20:32:00,78590.71,78617.87,78590.71,78617.86,4.99469
2026-04-22 20:33:00,78617.86,78617.87,78573.07,78573.07,5.29941
2026-04-22 20:34:00,78573.08,78573.08,78549.58,78549.59,1.12304
2026-04-22 20:35:00,78549.58,78549.59,78539.68,78539.68,1.8325
2026-04-22 20:36:00,78539.69,78549.59,78487.56,78547.2,27.49393
2026-04-22 20:37:00,78547.21,78547.23,78506.12,78533.99,4.19613
2026-04-22 20:38:00,78533.99,78534.0,78530.15,78530.16,2.30341
2026-04-22 20:39:00,78530.16,78530.16,78514.81,78522.81,4.22506
2026-04-22 20:40:00,78522.81,78567.12,78522.81,78546.33,4.93519
2026-04-22 20:41:00,78546.32,78546.32,78524.01,78535.99,2.21043
2026-04-22 20:42:00,78535.99,78536.0,78530.8,78535.0,1.4654
2026-04-22 20:43:00,78535.0,78535.0,78526.01,78535.0,5.21233
2026-04-22 20:44:00,78534.99,78535.0,78513.37,78513.37,6.59647
2026-04-22 20:45:00,78513.37,78521.26,78496.97,78496.97,2.9622
2026-04-22 20:46:00,78496.97,78512.77,78470.58,78470.59,6.68801
2026-04-22 20:47:00,78470.59,78502.31,78470.59,78502.3,4.12897
2026-04-22 20:48:00,78502.3,78517.6,78502.22,78502.22,2.77093
2026-04-22 20:49:00,78502.22,78502.23,78495.84,78495.85,1.44867
2026-04-22 20:50:00,78495.85,78512.0,78488.0,78488.01,13.97801
2026-04-22 20:51:00,78488.0,78488.01,78483.16,78483.16,2.10595
2026-04-22 20:52:00,78483.16,78483.17,78444.0,78468.22,12.10598
2026-04-22 20:53:00,78468.22,78468.23,78442.62,78442.63,8.74988
2026-04-22 20:54:00,78442.62,78442.63,78440.78,78440.79,2.19541
2026-04-22 20:55:00,78440.79,78440.79,78432.54,78432.55,1.67911
2026-04-22 20:56:00,78432.55,78432.55,78410.0,78422.82,16.00475
2026-04-22 20:57:00,78422.83,78468.19,78422.82,78468.19,7.10327
2026-04-22 20:58:00,78468.2,78482.63,78414.98,78414.98,14.23435
2026-04-22 20:59:00,78414.97,78436.68,78414.97,78436.68,5.49611
2026-04-22 21:00:00,78436.69,78478.22,78425.0,78473.79,11.19074
2026-04-22 21:01:00,78473.79,78486.27,78448.17,78486.27,1.82331
2026-04-22 21:02:00,78486.85,78534.87,78486.85,78534.87,5.03635
2026-04-22 21:03:00,78534.86,78534.87,78522.2,78522.2,0.92317
2026-04-22 21:04:00,78522.2,78550.0,78520.5,78549.99,1.37319
2026-04-22 21:05:00,78549.99,78549.99,78545.99,78545.99,0.52263
2026-04-22 21:06:00,78545.99,78582.24,78545.99,78572.12,4.71833
2026-04-22 21:07:00,78572.13,78572.13,78549.07,78553.13,2.09771
2026-04-22 21:08:00,78553.13,78553.13,78553.12,78553.12,0.6658
2026-04-22 21:09:00,78553.12,78577.86,78553.12,78577.86,1.62734
2026-04-22 21:10:00,78577.85,78577.85,78572.13,78576.8,2.78346
2026-04-22 21:11:00,78576.79,78599.99,78572.86,78599.99,5.60212
2026-04-22 21:12:00,78599.98,78599.99,78583.57,78583.57,2.45175
2026-04-22 21:13:00,78583.57,78583.57,78555.75,78569.81,6.45554
2026-04-22 21:14:00,78569.81,78584.0,78569.8,78583.99,1.89205
2026-04-22 21:15:00,78584.0,78599.01,78583.99,78593.57,1.97442
2026-04-22 21:16:00,78593.56,78593.57,78586.04,78593.32,0.73074
2026-04-22 21:17:00,78593.31,78599.92,78593.31,78599.92,0.82473
2026-04-22 21:18:00,78599.92,78599.92,78565.35,78575.78,3.45494
2026-04-22 21:19:00,78575.78,78575.78,78575.77,78575.77,1.02356
2026-04-22 21:20:00,78575.78,78593.94,78571.26,78593.93,1.87658
2026-04-22 21:21:00,78593.93,78599.92,78550.0,78568.45,78.03969
2026-04-22 21:22:00,78568.71,78585.43,78568.71,78580.93,2.10867
2026-04-22 21:23:00,78580.93,78580.94,78568.71,78568.71,7.00838
2026-04-22 21:24:00,78568.72,78568.72,78568.71,78568.71,1.61676
2026-04-22 21:25:00,78568.71,78575.0,78568.71,78574.99,1.62721
2026-04-22 21:26:00,78574.99,78574.99,78566.77,78566.77,2.31689
2026-04-22 21:27:00,78566.78,78585.16,78566.77,78585.15,1.5665
2026-04-22 21:28:00,78585.16,78585.16,78580.08,78580.08,2.00048
2026-04-22 21:29:00,78580.09,78580.09,78580.08,78580.09,0.83213
2026-04-22 21:30:00,78580.08,78613.28,78580.08,78613.27,5.43808
2026-04-22 21:31:00,78613.27,78647.88,78613.27,78624.53,9.06702
2026-04-22 21:32:00,78624.54,78650.0,78624.53,78649.99,2.52343
2026-04-22 21:33:00,78649.99,78653.83,78649.99,78653.83,3.42576
2026-04-22 21:34:00,78653.82,78700.0,78653.82,78700.0,6.27999
2026-04-22 21:35:00,78700.0,78706.45,78700.0,78700.63,5.28987
2026-04-22 21:36:00,78700.63,78700.64,78678.69,78686.54,4.62755
2026-04-22 21:37:00,78686.54,78716.06,78686.54,78716.05,2.12655
2026-04-22 21:38:00,78716.06,78723.78,78712.81,78723.78,5.38638
2026-04-22 21:39:00,78723.78,78749.33,78723.77,78749.32,1.47809
2026-04-22 21:40:00,78749.33,78753.51,78704.0,78718.0,23.51711
2026-04-22 21:41:00,78717.99,78736.46,78717.99,78736.45,0.90538
2026-04-22 21:42:00,78736.46,78745.23,78736.45,78745.22,0.57102
2026-04-22 21:43:00,78745.22,78752.51,78723.16,78723.16,6.2624
2026-04-22 21:44:00,78722.12,78750.0,78711.38,78749.99,4.89195
2026-04-22 21:45:00,78750.0,78757.74,78742.87,78742.88,5.90647
2026-04-22 21:46:00,78742.87,78788.0,78742.87,78788.0,3.19994
2026-04-22 21:47:00,78788.0,78788.0,78779.85,78779.86,2.88878
2026-04-22 21:48:00,78779.85,78799.99,78779.85,78799.99,1.77545
2026-04-22 21:49:00,78800.0,78816.36,78796.0,78796.0,7.1912
2026-04-22 21:50:00,78796.0,78796.0,78778.95,78779.0,8.15215
2026-04-22 21:51:00,78779.0,78779.01,78721.03,78741.96,5.54114
2026-04-22 21:52:00,78741.97,78741.97,78712.73,78715.29,6.12637
2026-04-22 21:53:00,78715.29,78737.34,78715.28,78737.34,1.92493
2026-04-22 21:54:00,78737.33,78763.81,78737.33,78755.7,2.70556
2026-04-22 21:55:00,78755.7,78779.0,78744.46,78779.0,4.30509
2026-04-22 21:56:00,78778.99,78803.2,78778.99,78803.2,0.90465
2026-04-22 21:57:00,78803.19,78821.86,78803.19,78815.24,4.51038
2026-04-22 21:58:00,78815.23,78815.24,78744.0,78761.48,5.33662
2026-04-22 21:59:00,78761.48,78772.9,78761.48,78762.69,0.92097
2026-04-22 22:00:00,78762.68,78810.83,78736.0,78810.83,7.74738
2026-04-22 22:01:00,78810.83,78810.83,78776.67,78800.0,4.01596
2026-04-22 22:02:00,78799.99,78800.0,78728.0,78728.01,3.53564
2026-04-22 22:03:00,78728.0,78735.49,78701.16,78701.16,8.32776
2026-04-22 22:04:00,78701.16,78754.99,78701.15,78750.3,18.84492
2026-04-22 22:05:00,78750.29,78779.46,78732.0,78732.0,4.60278
2026-04-22 22:06:00,78732.0,78785.14,78732.0,78781.6,4.25817
2026-04-22 22:07:00,78781.6,78782.95,78760.0,78771.96,3.68501
2026-04-22 22:08:00,78771.96,78815.0,78766.72,78814.99,4.45654
2026-04-22 22:09:00,78815.0,78819.3,78802.55,78819.3,5.38396
2026-04-22 22:10:00,78819.3,78819.3,78783.74,78796.01,6.81726
2026-04-22 22:11:00,78796.01,78799.79,78777.02,78789.21,2.03832
2026-04-22 22:12:00,78789.21,78818.33,78789.2,78816.96,1.30416
2026-04-22 22:13:00,78816.96,78824.0,78809.98,78813.92,4.68936
2026-04-22 22:14:00,78813.92,78817.08,78762.6,78762.61,6.28569
2026-04-22 22:15:00,78762.62,78766.29,78746.85,78747.39,3.10619
2026-04-22 22:16:00,78747.4,78747.4,78739.49,78739.5,1.78018
2026-04-22 22:17:00,78739.49,78739.5,78692.08,78732.01,6.84465
2026-04-22 22:18:00,78732.01,78732.02,78687.75,78691.64,3.49804
2026-04-22 22:19:00,78691.64,78691.65,78622.28,78635.99,7.1801
2026-04-22 22:20:00,78635.99,78636.0,78587.6,78590.92,4.40509
2026-04-22 22:21:00,78590.93,78640.0,78590.92,78627.07,5.45685
2026-04-22 22:22:00,78627.07,78633.25,78587.6,78633.24,4.9549
2026-04-22 22:23:00,78633.23,78633.24,78609.99,78614.99,4.93248
2026-04-22 22:24:00,78615.0,78633.24,78614.99,78625.36,2.29291
2026-04-22 22:25:00,78625.36,78625.37,78597.28,78597.29,0.84273
2026-04-22 22:26:00,78597.28,78597.29,78564.68,78566.11,2.66957
2026-04-22 22:27:00,78566.1,78566.11,78537.01,78537.02,2.22086
2026-04-22 22:28:00,78537.02,78545.74,78530.0,78530.01,5.22569
2026-04-22 22:29:00,78530.0,78557.87,78530.0,78541.59,5.02682
2026-04-22 22:30:00,78541.6,78587.6,78530.01,78587.6,8.03488
2026-04-22 22:31:00,78587.59,78599.06,78566.99,78580.7,4.90644
2026-04-22 22:32:00,78580.7,78580.7,78530.0,78543.69,3.45823
2026-04-22 22:33:00,78543.68,78543.69,78523.19,78542.0,3.6985
2026-04-22 22:34:00,78542.0,78543.43,78480.16,78499.3,30.07387
2026-04-22 22:35:00,78499.31,78545.67,78480.0,78542.72,4.37419
2026-04-22 22:36:00,78542.72,78542.72,78516.36,78530.69,1.72959
2026-04-22 22:37:00,78530.7,78530.7,78491.39,78505.79,2.76292
2026-04-22 22:38:00,78505.79,78530.0,78497.33,78529.99,2.01601
2026-04-22 22:39:00,78529.99,78542.2,78529.99,78536.3,4.11718
2026-04-22 22:40:00,78536.29,78547.97,78533.75,78547.97,1.44903
2026-04-22 22:41:00,78547.97,78547.97,78533.75,78533.76,1.59475
2026-04-22 22:42:00,78533.75,78566.84,78533.75,78566.84,2.31716
2026-04-22 22:43:00,78566.84,78566.84,78538.37,78538.38,2.21978
2026-04-22 22:44:00,78538.38,78538.38,78499.86,78499.86,2.27634
2026-04-22 22:45:00,78499.86,78525.32,78470.74,78525.32,2.3063
2026-04-22 22:46:00,78525.32,78546.31,78525.32,78536.45,1.69826
2026-04-22 22:47:00,78536.45,78536.45,78516.79,78516.79,1.08772
2026-04-22 22:48:00,78516.79,78516.79,78456.15,78456.53,5.4751
2026-04-22 22:49:00,78456.53,78495.41,78456.52,78495.41,2.32422
2026-04-22 22:50:00,78495.41,78504.0,78487.38,78498.25,1.78622
2026-04-22 22:51:00,78498.25,78519.1,78498.25,78519.1,0.74491
2026-04-22 22:52:00,78519.1,78562.53,78519.09,78562.53,1.73898
2026-04-22 22:53:00,78562.52,78562.53,78506.17,78515.01,3.2956
2026-04-22 22:54:00,78515.02,78553.85,78512.8,78553.85,8.82544
2026-04-22 22:55:00,78553.86,78561.12,78538.02,78538.02,1.89877
2026-04-22 22:56:00,78538.02,78553.84,78538.01,78546.49,0.9627
2026-04-22 22:57:00,78546.5,78565.21,78546.49,78562.43,9.37497
2026-04-22 22:58:00,78562.44,78598.82,78562.43,78598.03,21.21405
2026-04-22 22:59:00,78598.02,78630.0,78598.02,78607.95,10.44932
2026-04-22 23:00:00,78607.95,78607.95,78549.49,78566.76,7.24465
2026-04-22 23:01:00,78566.77,78566.77,78500.0,78500.0,4.57602
2026-04-22 23:02:00,78500.01,78530.58,78500.0,78520.28,2.99887
2026-04-22 23:03:00,78520.28,78520.29,78474.95,78474.96,2.12438
2026-04-22 23:04:00,78474.96,78508.22,78474.95,78507.1,2.28873
2026-04-22 23:05:00,78507.1,78507.1,78478.42,78486.27,1.58025
2026-04-22 23:06:00,78486.28,78486.28,78454.0,78475.26,6.20593
2026-04-22 23:07:00,78475.26,78487.85,78475.26,78483.91,11.08263
2026-04-22 23:08:00,78483.92,78518.0,78483.91,78517.99,1.31176
2026-04-22 23:09:00,78517.99,78546.87,78517.98,78546.86,2.90751
2026-04-22 23:10:00,78546.86,78573.45,78546.86,78573.44,1.96383
2026-04-22 23:11:00,78573.45,78598.0,78573.44,78584.89,1.50817
2026-04-22 23:12:00,78584.89,78584.89,78558.0,78564.25,1.53628
2026-04-22 23:13:00,78564.25,78584.0,78563.83,78563.83,14.77999
2026-04-22 23:14:00,78563.83,78563.84,78562.58,78562.58,0.88375
2026-04-22 23:15:00,78562.59,78584.88,78554.5,78584.87,5.49177
2026-04-22 23:16:00,78584.88,78584.88,78564.42,78564.43,2.09862
2026-04-22 23:17:00,78564.42,78564.42,78551.09,78563.16,1.44589
2026-04-22 23:18:00,78563.16,78563.16,78538.95,78538.96,2.33731
2026-04-22 23:19:00,78538.95,78538.96,78534.81,78534.82,1.70658
2026-04-22 23:20:00,78534.81,78534.81,78499.99,78499.99,2.05209
2026-04-22 23:21:00,78500.0,78500.0,78355.0,78355.0,27.61695
2026-04-22 23:22:00,78355.01,78430.0,78355.0,78429.99,16.39574
2026-04-22 23:23:00,78430.0,78430.0,78372.67,78372.68,11.05478
2026-04-22 23:24:00,78372.67,78372.67,78237.07,78240.89,159.80223
2026-04-22 23:25:00,78240.9,78293.14,78155.83,78283.38,204.4541
2026-04-22 23:26:00,78283.38,78289.58,78267.84,78288.24,11.16245
2026-04-22 23:27:00,78288.25,78289.93,78210.24,78289.93,16.73893
2026-04-22 23:28:00,78289.93,78340.35,78289.93,78340.35,5.69755
2026-04-22 23:29:00,78340.35,78348.0,78323.2,78331.01,6.63845
2026-04-22 23:30:00,78331.01,78331.01,78282.57,78299.1,6.82305
2026-04-22 23:31:00,78299.09,78299.1,78224.73,78224.73,5.62947
2026-04-22 23:32:00,78224.73,78258.0,78189.86,78257.99,13.6744
2026-04-22 23:33:00,78258.0,78277.83,78258.0,78270.0,3.99084
2026-04-22 23:34:00,78270.0,78270.0,78241.75,78247.74,2.89536
2026-04-22 23:35:00,78247.74,78293.05,78238.92,78288.05,9.52963
2026-04-22 23:36:00,78288.06,78292.67,78272.8,78292.67,1.80439
2026-04-22 23:37:00,78292.66,78299.1,78275.42,78275.42,1.76312
2026-04-22 23:38:00,78275.42,78294.97,78231.58,78231.58,14.10425
2026-04-22 23:39:00,78231.59,78262.0,78231.58,78262.0,2.70326
2026-04-22 23:40:00,78261.99,78276.9,78246.43,78276.89,16.29164
2026-04-22 23:41:00,78276.89,78286.1,78254.26,78254.26,2.55939
2026-04-22 23:42:00,78254.26,78254.26,78221.11,78228.17,5.95691
2026-04-22 23:43:00,78228.16,78251.93,78228.16,78251.93,1.3786
2026-04-22 23:44:00,78251.92,78278.83,78251.92,78254.9,2.84976
2026-04-22 23:45:00,78254.9,78272.65,78243.53,78272.65,2.39903
2026-04-22 23:46:00,78272.64,78297.04,78272.64,78297.04,5.15163
2026-04-22 23:47:00,78297.04,78305.04,78285.28,78297.2,1.55643
2026-04-22 23:48:00,78297.2,78303.25,78287.99,78303.25,1.65587
2026-04-22 23:49:00,78303.25,78303.25,78269.67,78272.88,1.98474
2026-04-22 23:50:00,78272.88,78288.0,78272.88,78288.0,1.44945
2026-04-22 23:51:00,78287.99,78288.0,78255.41,78255.42,4.52569
2026-04-22 23:52:00,78255.42,78255.42,78197.41,78236.0,9.93748
2026-04-22 23:53:00,78236.0,78251.84,78215.43,78251.83,2.87067
2026-04-22 23:54:00,78251.83,78251.83,78203.45,78203.46,3.2475
2026-04-22 23:55:00,78203.45,78238.52,78186.91,78238.51,12.76948
2026-04-22 23:56:00,78238.51,78238.52,78208.62,78215.4,4.02204
2026-04-22 23:57:00,78215.39,78215.39,78190.71,78190.71,3.08277
2026-04-22 23:58:00,78190.72,78202.81,78157.13,78202.8,12.06783
2026-04-22 23:59:00,78202.8,78202.8,78178.21,78178.23,15.70806
2026-04-23 00:00:00,78178.22,78334.63,78178.22,78304.61,118.19718
2026-04-23 00:01:00,78304.61,78346.68,78278.03,78306.82,12.68728
2026-04-23 00:02:00,78306.83,78346.67,78290.58,78346.67,14.07102
2026-04-23 00:03:00,78346.66,78400.0,78345.85,78393.53,17.64152
2026-04-23 00:04:00,78393.52,78403.02,78349.23,78349.23,13.40932
2026-04-23 00:05:00,78349.23,78349.23,78302.16,78321.97,20.68246
2026-04-23 00:06:00,78321.98,78352.92,78321.97,78342.69,8.48127
2026-04-23 00:07:00,78342.68,78357.32,78300.0,78300.01,12.17668
2026-04-23 00:08:00,78300.0,78337.28,78232.71,78270.0,63.07296
2026-04-23 00:09:00,78270.0,78270.0,78150.0,78150.01,17.40792
2026-04-23 00:10:00,78150.0,78150.01,78042.64,78094.12,51.31593
2026-04-23 00:11:00,78094.13,78100.0,78034.44,78056.45,26.8027
2026-04-23 00:12:00,78056.45,78056.45,77949.46,77949.47,38.06736
2026-04-23 00:13:00,77949.47,77972.2,77914.21,77924.65,57.53747
2026-04-23 00:14:00,77924.66,77964.0,77888.0,77888.01,27.18878
2026-04-23 00:15:00,77888.01,77888.01,77752.24,77770.42,98.2565
2026-04-23 00:16:00,77770.43,77770.43,77582.17,77625.54,200.35611
2026-04-23 00:17:00,77625.53,77914.8,77603.78,77869.61,52.49066
2026-04-23 00:18:00,77869.61,78038.0,77824.0,78032.52,43.69098
2026-04-23 00:19:00,78032.51,78430.0,78032.51,78392.01,81.35798
2026-04-23 00:20:00,78392.0,78399.85,78186.1,78224.01,42.39462
2026-04-23 00:21:00,78224.01,78244.97,78138.4,78157.37,14.45639
2026-04-23 00:22:00,78157.37,78284.72,78157.37,78219.99,15.1835
2026-04-23 00:23:00,78220.0,78245.1,78153.26,78217.12,106.69196
2026-04-23 00:24:00,78217.12,78286.48,78199.01,78247.8,29.29395
2026-04-23 00:25:00,78247.8,78300.0,78196.97,78293.31,57.29057
2026-04-23 00:26:00,78293.3,78400.0,78281.59,78400.0,60.62813
2026-04-23 00:27:00,78400.0,78415.12,78200.6,78242.73,61.22336
2026-04-23 00:28:00,78242.73,78358.45,78224.93,78358.45,54.8279
2026-04-23 00:29:00,78358.45,78480.0,78327.53,78443.42,102.83073
2026-04-23 00:30:00,78443.41,78560.0,78409.99,78450.01,18.43448
2026-04-23 00:31:00,78450.01,78493.8,78380.79,78380.79,11.44829
2026-04-23 00:32:00,78380.79,78394.0,78330.67,78340.8,21.24317
2026-04-23 00:33:00,78340.79,78349.11,78311.99,78314.52,22.81739
2026-04-23 00:34:00,78314.52,78430.01,78314.45,78426.76,18.9832
2026-04-23 00:35:00,78426.03,78435.21,78390.0,78408.18,4.60193
2026-04-23 00:36:00,78408.18,78445.0,78388.44,78441.74,2.83465
2026-04-23 00:37:00,78441.74,78574.44,78433.3,78473.26,15.40922
2026-04-23 00:38:00,78473.25,78493.69,78423.47,78423.48,4.8288
2026-04-23 00:39:00,78423.48,78522.53,78414.72,78479.7,13.56662
2026-04-23 00:40:00,78479.7,78479.7,78450.98,78458.59,5.07609
2026-04-23 00:41:00,78457.44,78491.81,78445.92,78470.0,6.91321
2026-04-23 00:42:00,78470.01,78470.01,78415.18,78415.96,6.24775
2026-04-23 00:43:00,78415.96,78415.97,78386.0,78393.48,3.23759
2026-04-23 00:44:00,78393.49,78421.97,78393.48,78421.96,11.5331
2026-04-23 00:45:00,78421.96,78455.92,78421.96,78449.24,4.11693
2026-04-23 00:46:00,78449.23,78455.92,78349.81,78365.45,18.80023
2026-04-23 00:47:00,78365.46,78391.28,78346.69,78366.41,5.77183
2026-04-23 00:48:00,78366.42,78366.42,78271.99,78289.81,8.34989
2026-04-23 00:49:00,78289.82,78369.51,78280.0,78369.5,6.67939
2026-04-23 00:50:00,78369.5,78369.51,78306.19,78322.68,5.63197
2026-04-23 00:51:00,78322.68,78396.77,78312.89,78396.77,6.06865
2026-04-23 00:52:00,78396.77,78458.03,78396.75,78418.49,8.55224
2026-04-23 00:53:00,78418.5,78437.42,78410.37,78410.37,2.6201
2026-04-23 00:54:00,78410.38,78411.2,78360.81,78360.81,3.06762
2026-04-23 00:55:00,78360.81,78393.71,78355.88,78381.42,7.04175
2026-04-23 00:56:00,78381.42,78421.24,78366.43,78413.12,3.17143
2026-04-23 00:57:00,78413.13,78418.73,78382.0,78397.67,4.04374
2026-04-23 00:58:00,78397.68,78400.01,78386.78,78388.0,1.41435
2026-04-23 00:59:00,78388.01,78424.29,78380.2,78424.29,6.36147
2026-04-23 01:00:00,78424.3,78435.79,78382.6,78401.17,6.48434
2026-04-23 01:01:00,78401.17,78401.17,78353.18,78377.42,2.43785
2026-04-23 01:02:00,78377.42,78377.42,78338.85,78377.42,2.70388
2026-04-23 01:03:00,78377.41,78392.25,78300.0,78311.68,12.58028
2026-04-23 01:04:00,78311.68,78334.88,78304.49,78310.73,5.11424
2026-04-23 01:05:00,78310.73,78356.97,78310.73,78337.56,3.26667
2026-04-23 01:06:00,78337.57,78393.34,78334.64,78380.54,6.5326
2026-04-23 01:07:00,78380.53,78472.95,78360.0,78360.0,7.47741
2026-04-23 01:08:00,78360.01,78362.18,78326.86,78345.61,18.70999
2026-04-23 01:09:00,78345.61,78370.19,78334.11,78347.21,2.74852
2026-04-23 01:10:00,78347.2,78362.21,78330.0,78330.01,4.00992
2026-04-23 01:11:00,78330.01,78330.01,78234.59,78245.85,11.40406
2026-04-23 01:12:00,78245.86,78289.1,78245.86,78254.0,4.4449
2026-04-23 01:13:00,78254.0,78265.12,78239.99,78243.81,4.09136
2026-04-23 01:14:00,78243.81,78265.12,78243.75,78265.12,4.0374
2026-04-23 01:15:00,78265.12,78275.75,78255.28,78262.89,3.17008
2026-04-23 01:16:00,78262.89,78262.89,78167.05,78205.75,10.42827
2026-04-23 01:17:00,78205.76,78213.14,78164.09,78184.56,8.57018
2026-04-23 01:18:00,78184.56,78184.57,78150.0,78152.18,7.14778
2026-04-23 01:19:00,78152.17,78164.1,78150.0,78150.0,2.30727
2026-04-23 01:20:00,78150.0,78164.1,78108.23,78154.0,9.8243
2026-04-23 01:21:00,78154.01,78197.04,78154.0,78169.72,4.7254
2026-04-23 01:22:00,78169.68,78169.68,78101.99,78101.99,3.23231
2026-04-23 01:23:00,78101.99,78113.96,78090.0,78090.01,3.42424
2026-04-23 01:24:00,78090.0,78100.0,78058.08,78068.08,10.84881
2026-04-23 01:25:00,78068.08,78111.94,78068.07,78081.89,17.06905
2026-04-23 01:26:00,78081.89,78202.64,78081.89,78187.01,14.91535
2026-04-23 01:27:00,78187.0,78270.76,78187.0,78270.75,8.0856
2026-04-23 01:28:00,78270.76,78270.76,78188.05,78190.0,5.06615
2026-04-23 01:29:00,78190.0,78190.0,78057.5,78087.43,105.93916
2026-04-23 01:30:00,78087.43,78140.78,78066.41,78140.77,118.82134
2026-04-23 01:31:00,78140.78,78220.95,78140.78,78178.31,6.47528
2026-04-23 01:32:00,78178.32,78178.32,78136.0,78136.0,3.91002
2026-04-23 01:33:00,78136.01,78142.1,78110.19,78110.2,2.30532
2026-04-23 01:34:00,78110.2,78135.39,78091.16,78135.39,5.76388
2026-04-23 01:35:00,78135.38,78205.75,78135.38,78185.44,5.66598
2026-04-23 01:36:00,78185.45,78188.0,78160.05,78188.0,2.23793
2026-04-23 01:37:00,78187.99,78230.6,78187.99,78193.25,4.71976
2026-04-23 01:38:00,78193.24,78246.93,78174.99,78234.4,2.97753
2026-04-23 01:39:00,78234.95,78250.0,78228.65,78228.66,1.68093
2026-04-23 01:40:00,78228.65,78295.76,78228.65,78295.76,3.3875
2026-04-23 01:41:00,78295.75,78365.25,78295.75,78340.79,9.30855
2026-04-23 01:42:00,78340.8,78393.6,78340.79,78366.44,2.94307
2026-04-23 01:43:00,78366.43,78366.43,78323.19,78323.2,3.54154
2026-04-23 01:44:00,78323.19,78323.19,78260.92,78291.84,13.85895
2026-04-23 01:45:00,78291.85,78294.9,78279.32,78282.01,11.08445
2026-04-23 01:46:00,78282.01,78300.0,78282.01,78287.6,6.34396
2026-04-23 01:47:00,78287.59,78287.6,78256.0,78256.0,1.37387
2026-04-23 01:48:00,78256.0,78281.34,78230.0,78281.03,8.13285
2026-04-23 01:49:00,78281.03,78382.63,78281.02,78382.63,11.46824
2026-04-23 01:50:00,78382.62,78396.27,78338.9,78345.7,4.79909
2026-04-23 01:51:00,78345.7,78345.86,78296.93,78345.85,2.57421
2026-04-23 01:52:00,78345.85,78427.26,78338.15,78427.26,6.70324
2026-04-23 01:53:00,78427.27,78430.23,78395.29,78395.29,6.54695
2026-04-23 01:54:00,78395.29,78395.3,78332.43,78344.0,4.34277
2026-04-23 01:55:00,78344.0,78381.23,78335.09,78344.01,2.62777
2026-04-23 01:56:00,78344.01,78357.75,78344.0,78352.16,1.38178
2026-04-23 01:57:00,78352.16,78368.0,78323.84,78323.85,3.8106
2026-04-23 01:58:00,78323.84,78357.2,78323.19,78347.43,9.29647
2026-04-23 01:59:00,78347.43,78364.67,78347.42,78359.23,7.9873
2026-04-23 02:00:00,78359.71,78359.72,78342.25,78355.32,18.58416
2026-04-23 02:01:00,78355.32,78355.33,78300.0,78300.01,5.73608
2026-04-23 02:02:00,78300.0,78306.91,78270.75,78290.04,2.95242
2026-04-23 02:03:00,78290.04,78290.04,78250.23,78253.7,2.97964
2026-04-23 02:04:00,78253.71,78276.1,78252.0,78252.01,3.79878
2026-04-23 02:05:00,78252.01,78267.16,78219.21,78232.44,4.73356
2026-04-23 02:06:00,78232.43,78285.69,78226.28,78274.76,6.29476
2026-04-23 02:07:00,78274.76,78278.23,78217.42,78230.35,7.88463
2026-04-23 02:08:00,78230.35,78270.76,78209.21,78270.76,8.87932
2026-04-23 02:09:00,78270.75,78281.67,78248.0,78252.73,4.80164
2026-04-23 02:10:00,78252.73,78290.05,78252.73,78276.81,3.26486
2026-04-23 02:11:00,78276.81,78276.81,78254.07,78268.3,4.95843
2026-04-23 02:12:00,78268.3,78276.79,78254.0,78276.79,0.91025
2026-04-23 02:13:00,78276.78,78276.78,78209.54,78235.95,13.29326
2026-04-23 02:14:00,78235.96,78235.96,78164.09,78164.09,2.75027
2026-04-23 02:15:00,78164.09,78164.09,78073.67,78146.1,17.161
2026-04-23 02:16:00,78146.1,78186.0,78146.1,78172.36,4.16527
2026-04-23 02:17:00,78172.37,78214.0,78162.64,78162.65,2.99864
2026-04-23 02:18:00,78162.64,78198.26,78150.84,78177.41,3.51581
2026-04-23 02:19:00,78177.41,78217.99,78106.0,78106.01,13.83978
2026-04-23 02:20:00,78106.0,78171.92,78102.03,78171.92,12.12555
2026-04-23 02:21:00,78171.92,78207.07,78169.32,78189.2,4.65468
2026-04-23 02:22:00,78189.2,78204.36,78141.92,78151.64,5.96314
2026-04-23 02:23:00,78151.64,78151.64,78102.04,78132.92,2.7224
2026-04-23 02:24:00,78132.93,78132.93,78082.15,78082.52,7.23422
2026-04-23 02:25:00,78082.52,78100.0,77987.42,78080.72,38.631
2026-04-23 02:26:00,78080.72,78113.44,78050.27,78066.24,8.50167
2026-04-23 02:27:00,78066.23,78069.9,78043.64,78049.19,5.02676
2026-04-23 02:28:00,78049.2,78071.34,77987.54,78021.26,26.77774
2026-04-23 02:29:00,78021.26,78056.47,78021.26,78036.0,7.43361
2026-04-23 02:30:00,78035.99,78056.47,77969.99,77969.99,9.56441
2026-04-23 02:31:00,77970.0,78018.26,77966.11,78009.53,8.42523
2026-04-23 02:32:00,78009.52,78046.19,78009.52,78025.07,3.61077
2026-04-23 02:33:00,78025.07,78052.27,78003.6,78003.61,5.56557
2026-04-23 02:34:00,78003.61,78034.04,77998.83,78014.52,4.01858
2026-04-23 02:35:00,78014.53,78067.83,78006.66,78067.83,2.77141
2026-04-23 02:36:00,78067.82,78112.35,78037.9,78037.91,5.56645
2026-04-23 02:37:00,78037.91,78037.91,77906.38,77925.99,14.77655
2026-04-23 02:38:00,77925.98,77963.73,77844.11,77844.11,19.68699
2026-04-23 02:39:00,77844.12,77897.64,77819.24,77871.34,10.50041
2026-04-23 02:40:00,77871.35,77895.12,77800.04,77807.5,18.84839
2026-04-23 02:41:00,77807.5,77846.33,77783.87,77783.88,30.24164
2026-04-23 02:42:00,77783.88,77818.02,77761.2,77771.07,19.47612
2026-04-23 02:43:00,77771.07,77851.79,77771.07,77851.79,5.8687
2026-04-23 02:44:00,77851.79,77903.18,77851.78,77872.01,5.94086
2026-04-23 02:45:00,77872.01,77903.18,77865.77,77888.09,4.0494
2026-04-23 02:46:00,77888.08,77921.07,77878.0,77921.07,4.28831
2026-04-23 02:47:00,77921.07,77921.07,77825.03,77825.33,8.26192
2026-04-23 02:48:00,77825.33,77825.34,77765.53,77801.3,11.04927
2026-04-23 02:49:00,77801.31,77831.15,77800.0,77826.66,2.42623
2026-04-23 02:50:00,77826.67,77937.06,77826.66,77935.58,4.95779
2026-04-23 02:51:00,77935.57,77990.44,77934.71,77990.44,11.54991
2026-04-23 02:52:00,77990.43,77998.5,77958.01,77983.85,10.41668
2026-04-23 02:53:00,77983.85,78018.0,77983.85,78005.2,8.0845
2026-04-23 02:54:00,78005.2,78005.2,77950.4,77958.09,2.96568
2026-04-23 02:55:00,77958.08,77977.75,77929.54,77952.81,5.84041
2026-04-23 02:56:00,77952.8,77952.8,77920.76,77939.9,1.13193
2026-04-23 02:57:00,77939.9,77939.9,77916.0,77921.41,3.7173
2026-04-23 02:58:00,77921.41,78007.12,77921.41,77986.38,7.91088
2026-04-23 02:59:00,77986.37,77986.37,77939.91,77939.92,4.23765
2026-04-23 03:00:00,77939.91,77939.92,77903.11,77929.03,2.22378
2026-04-23 03:01:00,77929.03,77959.55,77900.01,77939.11,5.11529
2026-04-23 03:02:00,77939.12,78018.27,77933.25,78010.83,8.40135
2026-04-23 03:03:00,78010.83,78025.99,77976.0,78000.59,4.6643
2026-04-23 03:04:00,78000.58,78000.58,77954.0,77973.87,3.33098
2026-04-23 03:05:00,77973.87,77973.87,77891.83,77898.52,5.52032
2026-04-23 03:06:00,77898.52,77914.0,77872.43,77872.43,3.5493
2026-04-23 03:07:00,77872.44,77890.12,77850.0,77877.06,3.89566
2026-04-23 03:08:00,77877.07,77885.0,77838.81,77838.81,5.81731
2026-04-23 03:09:00,77838.81,77883.45,77806.51,77815.15,8.66239
2026-04-23 03:10:00,77815.15,77849.99,77815.14,77849.98,1.88246
2026-04-23 03:11:00,77849.99,77850.01,77830.45,77841.17,1.89028
2026-04-23 03:12:00,77841.17,77841.18,77813.35,77813.36,1.40141
2026-04-23 03:13:00,77813.36,77831.63,77802.73,77802.74,10.47301
2026-04-23 03:14:00,77802.74,77814.0,77725.09,77725.09,7.18947
2026-04-23 03:15:00,77725.17,77748.74,77684.03,77715.23,15.5403
2026-04-23 03:16:00,77715.24,77737.86,77687.44,77699.99,5.1923
2026-04-23 03:17:00,77699.99,77714.54,77687.85,77702.0,8.11261
2026-04-23 03:18:00,77702.0,77720.0,77683.7,77691.01,7.67753
2026-04-23 03:19:00,77691.01,77691.01,77640.59,77666.38,12.27616
2026-04-23 03:20:00,77666.38,77672.49,77633.0,77646.01,15.27852
2026-04-23 03:21:00,77646.02,77727.72,77646.01,77701.54,9.25419
2026-04-23 03:22:00,77701.53,77703.99,77629.69,77675.84,96.9634
2026-04-23 03:23:00,77675.84,77703.75,77657.86,77681.52,4.17029
2026-04-23 03:24:00,77681.52,77685.82,77662.37,77683.5,4.20591
2026-04-23 03:25:00,77683.51,77724.67,77677.72,77677.73,3.83476
2026-04-23 03:26:00,77677.72,77685.45,77636.92,77656.07,8.13317
2026-04-23 03:27:00,77656.07,77672.0,77623.34,77626.3,14.82742
2026-04-23 03:28:00,77626.3,77697.8,77626.3,77686.62,9.69863
2026-04-23 03:29:00,77686.61,77716.53,77680.31,77687.86,2.60041
2026-04-23 03:30:00,77687.98,77687.98,77628.0,77628.01,10.40855
2026-04-23 03:31:00,77628.01,77687.56,77607.09,77687.55,13.63813
2026-04-23 03:32:00,77687.56,77714.54,77675.74,77675.74,12.6447
2026-04-23 03:33:00,77675.74,77675.75,77611.12,77624.9,7.87031
2026-04-23 03:34:00,77624.9,77657.08,77615.19,77615.19,6.72591
2026-04-23 03:35:00,77615.04,77667.92,77600.0,77663.93,8.74615
2026-04-23 03:36:00,77662.07,77669.79,77620.81,77634.29,2.78237
2026-04-23 03:37:00,77634.28,77653.75,77628.49,77628.5,2.11547
2026-04-23 03:38:00,77628.5,77628.5,77592.77,77597.81,22.62169
2026-04-23 03:39:00,77597.8,77629.78,77514.74,77629.77,33.59897
2026-04-23 03:40:00,77629.78,77642.16,77453.43,77522.63,48.02206
2026-04-23 03:41:00,77522.63,77615.84,77506.69,77615.83,11.7277
2026-04-23 03:42:00,77615.84,77615.84,77582.02,77586.04,3.13728
2026-04-23 03:43:00,77586.04,77597.28,77538.49,77538.49,5.80553
2026-04-23 03:44:00,77538.49,77627.05,77538.49,77627.04,3.66827
2026-04-23 03:45:00,77627.05,77660.0,77623.59,77655.51,8.98853
2026-04-23 03:46:00,77655.52,77699.83,77652.7,77692.48,6.84521
2026-04-23 03:47:00,77692.48,77692.48,77658.89,77658.89,5.04613
2026-04-23 03:48:00,77658.88,77658.88,77561.63,77569.4,12.17953
2026-04-23 03:49:00,77569.4,77595.59,77542.57,77586.66,14.9573
2026-04-23 03:50:00,77586.66,77644.59,77586.66,77642.69,2.9455
2026-04-23 03:51:00,77642.69,77642.69,77609.55,77625.16,2.13921
2026-04-23 03:52:00,77625.17,77688.4,77625.16,77688.4,3.97264
2026-04-23 03:53:00,77688.4,77695.65,77666.0,77693.38,17.05525
2026-04-23 03:54:00,77693.37,77727.16,77693.37,77727.15,5.36801
2026-04-23 03:55:00,77727.15,77727.16,77670.0,77670.01,4.29618
2026-04-23 03:56:00,77670.0,77682.01,77648.63,77682.01,5.08922
2026-04-23 03:57:00,77682.01,77729.07,77682.01,77729.06,17.61309
2026-04-23 03:58:00,77729.07,77761.63,77718.73,77729.33,13.72488
2026-04-23 03:59:00,77729.33,77757.88,77720.08,77746.46,3.68692
2026-04-23 04:00:00,77746.47,77746.47,77712.42,77736.16,4.84693
2026-04-23 04:01:00,77736.17,77736.17,77675.8,77676.03,3.04928
2026-04-23 04:02:00,77676.04,77729.71,77676.03,77695.28,10.00932
2026-04-23 04:03:00,77695.28,77710.0,77695.28,77710.0,1.65572
2026-04-23 04:04:00,77710.0,77759.51,77708.64,77759.5,19.78722
2026-04-23 04:05:00,77759.5,77759.5,77696.36,77703.05,11.95833
2026-04-23 04:06:00,77703.05,77710.0,77680.0,77690.02,2.5372
2026-04-23 04:07:00,77690.02,77719.77,77690.02,77719.77,3.57753
2026-04-23 04:08:00,77719.77,77770.53,77711.27,77769.46,3.76326
2026-04-23 04:09:00,77769.45,77783.56,77762.91,77783.56,7.12135
2026-04-23 04:10:00,77783.57,77838.61,77783.57,77823.13,10.19982
2026-04-23 04:11:00,77823.13,77870.91,77807.89,77851.64,4.48194
2026-04-23 04:12:00,77851.65,77873.86,77851.64,77853.51,5.2333
2026-04-23 04:13:00,77853.5,77853.51,77808.13,77820.01,3.47222
2026-04-23 04:14:00,77820.01,77854.57,77820.01,77854.57,3.82006
2026-04-23 04:15:00,77854.56,77854.57,77808.14,77813.42,1.77687
2026-04-23 04:16:00,77813.41,77817.35,77788.63,77797.28,3.07313
2026-04-23 04:17:00,77797.28,77884.66,77792.2,77852.0,14.72867
2026-04-23 04:18:00,77852.0,77885.14,77852.0,77877.27,10.35034
2026-04-23 04:19:00,77877.27,77928.48,77840.31,77840.31,28.99799
2026-04-23 04:20:00,77840.31,77905.6,77840.31,77890.5,8.51727
2026-04-23 04:21:00,77890.49,77898.61,77868.0,77893.95,2.99588
2026-04-23 04:22:00,77893.95,77893.95,77854.58,77864.74,3.64325
2026-04-23 04:23:00,77864.75,77876.42,77831.23,77831.23,3.86406
2026-04-23 04:24:00,77831.23,77831.24,77784.53,77784.54,5.50677
2026-04-23 04:25:00,77784.53,77788.81,77752.14,77768.17,4.27899
2026-04-23 04:26:00,77765.74,77778.32,77746.26,77767.73,9.24981
2026-04-23 04:27:00,77767.74,77783.63,77755.57,77765.63,6.63255
2026-04-23 04:28:00,77765.64,77807.0,77765.41,77807.0,3.25852
2026-04-23 04:29:00,77807.0,77807.0,77789.8,77795.85,1.96259
2026-04-23 04:30:00,77795.86,77828.71,77795.85,77824.1,3.90096
2026-04-23 04:31:00,77824.1,77885.46,77824.1,77864.0,2.74435
2026-04-23 04:32:00,77864.01,77880.0,77864.0,77877.6,1.13668
2026-04-23 04:33:00,77877.6,77905.48,77874.19,77905.47,3.65191
2026-04-23 04:34:00,77905.48,77914.41,77892.26,77905.47,2.55412
2026-04-23 04:35:00,77905.48,77909.95,77900.02,77909.0,2.64814
2026-04-23 04:36:00,77909.01,77909.01,77898.91,77898.92,2.05308
2026-04-23 04:37:00,77898.91,77908.72,77870.0,77870.01,7.30767
2026-04-23 04:38:00,77870.01,77873.29,77865.0,77873.29,6.19142
2026-04-23 04:39:00,77873.29,77898.78,77873.28,77884.01,1.82603
2026-04-23 04:40:00,77884.0,77884.01,77871.05,77880.36,1.3416
2026-04-23 04:41:00,77880.36,77907.85,77873.19,77907.84,1.95078
2026-04-23 04:42:00,77907.84,77907.84,77885.13,77889.42,3.01115
2026-04-23 04:43:00,77889.42,77894.8,77889.41,77894.79,2.08612
2026-04-23 04:44:00,77894.8,77894.8,77876.25,77876.25,4.73525
2026-04-23 04:45:00,77876.26,77917.61,77868.11,77883.96,2.79377
2026-04-23 04:46:00,77883.95,77883.96,77864.8,77864.8,1.46918
2026-04-23 04:47:00,77864.81,77864.81,77848.89,77848.9,1.0119
2026-04-23 04:48:00,77848.9,77861.39,77848.89,77861.38,2.33531
2026-04-23 04:49:00,77861.38,77881.69,77844.0,77881.69,7.49922
2026-04-23 04:50:00,77881.68,77881.68,77839.35,77850.68,6.15284
2026-04-23 04:51:00,77850.67,77877.42,77850.67,77873.58,3.10544
2026-04-23 04:52:00,77873.59,77873.59,77855.01,77868.79,1.81297
2026-04-23 04:53:00,77868.8,77901.31,77868.79,77901.31,2.09346
2026-04-23 04:54:00,77901.31,77923.95,77901.3,77923.51,3.40384
2026-04-23 04:55:00,77923.51,77923.51,77909.07,77909.69,3.00346
2026-04-23 04:56:00,77909.69,77914.51,77904.8,77914.51,4.10056
2026-04-23 04:57:00,77914.51,77924.53,77914.5,77924.52,1.41284
2026-04-23 04:58:00,77924.52,77935.19,77920.0,77920.2,9.73797
2026-04-23 04:59:00,77920.2,77949.09,77920.08,77920.09,3.62771
2026-04-23 05:00:00,77920.09,77946.44,77901.51,77946.43,3.98113
2026-04-23 05:01:00,77946.44,77964.83,77946.43,77955.17,4.2815
2026-04-23 05:02:00,77955.18,78050.26,77955.17,77990.26,96.79675
2026-04-23 05:03:00,77990.26,78001.14,77990.26,77992.13,3.87495
2026-04-23 05:04:00,77992.13,78014.01,77967.2,78014.01,2.66056
2026-04-23 05:05:00,78014.0,78014.01,77982.15,77982.15,3.24957
2026-04-23 05:06:00,77982.15,77994.5,77971.48,77976.75,5.20591
2026-04-23 05:07:00,77976.75,77994.0,77976.75,77986.65,2.96321
2026-04-23 05:08:00,77986.65,77990.26,77986.52,77986.52,3.59429
2026-04-23 05:09:00,77986.52,78018.09,77963.39,78014.12,53.51366
2026-04-23 05:10:00,78014.12,78014.12,77980.22,77985.68,6.07717
2026-04-23 05:11:00,77985.67,78009.84,77985.67,77985.67,3.09118
2026-04-23 05:12:00,77985.68,77999.99,77985.67,77999.98,3.43003
2026-04-23 05:13:00,77999.99,77999.99,77990.12,77990.12,7.94856
2026-04-23 05:14:00,77990.13,77998.4,77990.0,77990.0,2.08493
2026-04-23 05:15:00,77990.0,77990.01,77990.0,77990.01,3.11979
2026-04-23 05:16:00,77990.01,77990.01,77929.0,77929.0,6.32798
2026-04-23 05:17:00,77929.01,77936.69,77921.68,77921.69,3.97469
2026-04-23 05:18:00,77921.68,77946.32,77921.68,77941.54,2.79167
2026-04-23 05:19:00,77941.54,77999.08,77909.86,77996.75,25.94307
2026-04-23 05:20:00,77996.75,78014.4,77987.18,77987.19,5.77015
2026-04-23 05:21:00,77987.18,77987.19,77973.19,77986.35,3.33518
2026-04-23 05:22:00,77986.35,77986.35,77943.85,77943.86,3.20763
2026-04-23 05:23:00,77943.86,77948.92,77943.85,77948.92,2.75196
2026-04-23 05:24:00,77948.91,77950.24,77938.0,77938.01,2.89317
2026-04-23 05:25:00,77938.0,77938.01,77888.0,77894.75,3.14475
2026-04-23 05:26:00,77894.76,77894.76,77888.0,77894.5,3.16069
2026-04-23 05:27:00,77894.5,77912.05,77888.0,77902.5,5.09898
2026-04-23 05:28:00,77902.5,77905.53,77902.49,77905.52,1.62515
2026-04-23 05:29:00,77905.52,77905.53,77905.52,77905.52,2.6467
2026-04-23 05:30:00,77905.53,77905.53,77831.23,77877.59,10.68982
2026-04-23 05:31:00,77877.58,77905.51,77858.36,77858.37,4.2491
2026-04-23 05:32:00,77858.36,77877.47,77809.99,77810.0,9.87168
2026-04-23 05:33:00,77809.99,77810.0,77750.0,77774.32,100.60753
2026-04-23 05:34:00,77774.32,77836.76,77774.32,77836.76,5.52578
2026-04-23 05:35:00,77836.75,77846.9,77787.19,77815.65,4.59072
2026-04-23 05:36:00,77815.66,77818.77,77784.54,77796.99,2.90632
2026-04-23 05:37:00,77797.0,77839.67,77796.99,77839.67,5.56399
2026-04-23 05:38:00,77839.67,77882.08,77839.66,77846.77,5.29439
2026-04-23 05:39:00,77846.77,77853.61,77794.12,77794.13,67.48352
2026-04-23 05:40:00,77794.13,77819.56,77785.37,77819.56,3.48743
2026-04-23 05:41:00,77819.56,77825.02,77819.56,77825.01,1.18415
2026-04-23 05:42:00,77825.01,77842.61,77825.0,77842.6,1.1227
2026-04-23 05:43:00,77842.61,77850.77,77842.6,77850.77,2.00414
2026-04-23 05:44:00,77850.77,77862.68,77850.76,77862.68,1.95178
2026-04-23 05:45:00,77862.68,77894.22,77862.67,77894.22,3.25509
2026-04-23 05:46:00,77894.22,77939.92,77894.21,77929.76,2.0071
2026-04-23 05:47:00,77928.37,77928.37,77919.53,77924.47,1.27883
2026-04-23 05:48:00,77924.47,77942.56,77919.53,77942.56,1.3558
2026-04-23 05:49:00,77942.56,77985.13,77942.56,77985.13,4.88491
2026-04-23 05:50:00,77985.12,78012.99,77981.96,78012.99,3.87582
2026-04-23 05:51:00,78012.98,78043.61,78012.98,78029.5,8.16311
2026-04-23 05:52:00,78029.49,78110.01,78003.7,78055.55,96.98317
2026-04-23 05:53:00,78055.55,78060.0,78044.4,78060.0,5.80364
2026-04-23 05:54:00,78059.99,78060.0,77968.02,77986.42,26.41894
2026-04-23 05:55:00,77986.43,78029.19,77986.42,78029.18,5.47388
2026-04-23 05:56:00,78029.19,78064.54,78020.79,78020.8,10.22121
2026-04-23 05:57:00,78020.79,78027.58,78020.79,78027.57,1.96156
2026-04-23 05:58:00,78027.58,78027.58,78008.48,78010.35,2.28736
2026-04-23 05:59:00,78010.35,78033.87,78002.16,78033.87,1.84455
2026-04-23 06:00:00,78034.0,78075.53,78034.0,78063.43,7.88031
2026-04-23 06:01:00,78063.43,78074.55,78048.96,78069.09,6.10018
2026-04-23 06:02:00,78069.1,78075.53,78055.2,78075.52,6.65058
2026-04-23 06:03:00,78075.52,78100.0,78070.37,78099.99,6.70512
2026-04-23 06:04:00,78099.99,78137.21,78099.98,78127.3,16.88064
2026-04-23 06:05:00,78127.3,78212.5,78127.3,78208.46,24.53629
2026-04-23 06:06:00,78208.46,78250.0,78187.17,78246.65,12.25821
2026-04-23 06:07:00,78246.64,78246.65,78202.22,78202.23,5.91322
2026-04-23 06:08:00,78202.22,78238.13,78185.43,78238.13,7.48715
2026-04-23 06:09:00,78238.13,78280.23,78229.24,78229.25,8.13166
2026-04-23 06:10:00,78229.24,78286.47,78229.24,78245.58,38.75815
2026-04-23 06:11:00,78245.58,78262.59,78216.25,78243.99,12.09761
2026-04-23 06:12:00,78243.99,78243.99,78217.62,78217.62,4.12539
2026-04-23 06:13:00,78217.15,78217.15,78188.0,78196.56,4.81359
2026-04-23 06:14:00,78196.57,78196.63,78184.0,78196.63,4.03713
2026-04-23 06:15:00,78196.63,78249.82,78185.3,78237.11,4.81045
2026-04-23 06:16:00,78237.11,78244.0,78232.77,78236.33,2.21905
2026-04-23 06:17:00,78236.34,78250.98,78218.56,78245.81,3.72379
2026-04-23 06:18:00,78245.81,78245.81,78230.62,78230.62,1.38706
2026-04-23 06:19:00,78230.63,78239.6,78175.68,78175.69,18.3371
2026-04-23 06:20:00,78175.68,78216.0,78160.0,78196.05,10.92217
2026-04-23 06:21:00,78196.05,78196.06,78177.18,78191.71,5.92581
2026-04-23 06:22:00,78191.71,78235.6,78191.71,78212.17,9.12271
2026-04-23 06:23:00,78212.17,78337.93,78212.16,78326.2,40.07801
2026-04-23 06:24:00,78326.2,78335.88,78305.6,78305.61,2.7621
2026-04-23 06:25:00,78305.6,78305.61,78291.64,78291.64,4.04433
2026-04-23 06:26:00,78291.64,78328.99,78282.0,78323.39,5.67267
2026-04-23 06:27:00,78323.39,78323.39,78287.8,78287.8,3.31074
2026-04-23 06:28:00,78287.8,78296.03,78287.8,78288.01,4.20371
2026-04-23 06:29:00,78288.01,78296.03,78282.36,78282.37,6.54176
2026-04-23 06:30:00,78282.36,78299.68,78275.31,78299.67,3.57664
2026-04-23 06:31:00,78299.68,78339.35,78299.68,78339.35,8.69595
2026-04-23 06:32:00,78339.34,78339.35,78337.21,78337.21,1.59124
2026-04-23 06:33:00,78337.21,78337.22,78295.28,78303.16,6.61602
2026-04-23 06:34:00,78303.17,78310.15,78275.32,78275.33,6.55315
2026-04-23 06:35:00,78275.33,78275.33,78229.24,78264.56,7.25521
2026-04-23 06:36:00,78264.55,78264.56,78236.07,78238.8,3.70378
2026-04-23 06:37:00,78238.81,78255.64,78231.44,78238.2,3.80858
2026-04-23 06:38:00,78238.2,78252.74,78229.83,78245.84,6.91704
2026-04-23 06:39:00,78245.83,78245.84,78219.44,78219.44,2.70801
2026-04-23 06:40:00,78219.44,78229.42,78219.44,78221.96,2.25437
2026-04-23 06:41:00,78221.96,78221.96,78211.49,78211.62,4.81577
2026-04-23 06:42:00,78211.61,78211.62,78209.96,78209.97,3.70654
2026-04-23 06:43:00,78209.97,78209.97,78180.85,78180.85,4.93248
2026-04-23 06:44:00,78180.86,78180.86,78137.17,78178.39,16.02723
2026-04-23 06:45:00,78178.39,78178.4,78156.49,78160.24,2.13139
2026-04-23 06:46:00,78160.25,78177.11,78160.24,78177.1,2.07012
2026-04-23 06:47:00,78177.1,78177.1,78162.65,78174.03,3.24871
2026-04-23 06:48:00,78174.02,78174.03,78157.71,78157.71,1.67687
2026-04-23 06:49:00,78157.72,78157.72,78100.07,78100.08,5.82927
2026-04-23 06:50:00,78100.08,78158.85,78100.07,78151.09,2.20764
2026-04-23 06:51:00,78151.08,78180.96,78151.08,78180.95,1.09878
2026-04-23 06:52:00,78180.96,78243.72,78180.95,78237.34,4.71539
2026-04-23 06:53:00,78237.34,78237.34,78208.42,78214.62,2.60482
2026-04-23 06:54:00,78214.61,78214.62,78188.22,78196.78,5.16072
2026-04-23 06:55:00,78196.78,78207.64,78170.68,78207.64,4.06537
2026-04-23 06:56:00,78207.64,78214.0,78193.55,78198.01,6.90212
2026-04-23 06:57:00,78198.01,78209.38,78167.51,78209.37,6.37952
2026-04-23 06:58:00,78209.37,78214.61,78209.37,78214.6,10.47171
2026-04-23 06:59:00,78214.59,78214.6,78211.42,78211.43,1.96846
2026-04-23 07:00:00,78211.43,78248.39,78211.43,78227.49,5.78025
2026-04-23 07:01:00,78227.49,78227.5,78166.93,78166.94,5.64468
2026-04-23 07:02:00,78166.93,78196.55,78143.24,78187.5,8.60815
2026-04-23 07:03:00,78187.5,78223.24,78187.5,78223.24,12.86562
2026-04-23 07:04:00,78223.23,78223.24,78193.07,78193.07,2.88492
2026-04-23 07:05:00,78193.07,78220.41,78193.07,78216.49,3.83893
2026-04-23 07:06:00,78216.48,78238.46,78216.48,78232.15,8.25525
2026-04-23 07:07:00,78232.14,78232.14,78214.95,78214.96,2.92441
2026-04-23 07:08:00,78214.95,78247.68,78196.45,78232.09,2.73799
2026-04-23 07:09:00,78232.09,78232.1,78160.69,78168.57,8.64342
2026-04-23 07:10:00,78168.57,78215.8,78168.57,78215.8,6.35563
2026-04-23 07:11:00,78215.81,78225.32,78185.4,78185.4,5.72204
2026-04-23 07:12:00,78185.4,78185.41,78135.41,78135.42,3.34691
2026-04-23 07:13:00,78135.41,78147.83,78135.41,78147.83,2.335
2026-04-23 07:14:00,78147.82,78147.82,78132.0,78142.26,3.92331
2026-04-23 07:15:00,78142.26,78156.0,78120.94,78124.26,4.79833
2026-04-23 07:16:00,78124.27,78161.01,78122.18,78152.04,3.53602
2026-04-23 07:17:00,78152.05,78152.05,78130.27,78130.28,5.67096
2026-04-23 07:18:00,78130.27,78130.28,78112.83,78112.83,2.92995
2026-04-23 07:19:00,78112.84,78143.49,78112.83,78142.98,5.21944
2026-04-23 07:20:00,78142.98,78161.19,78121.49,78148.0,7.0957
2026-04-23 07:21:00,78148.0,78148.01,78130.2,78144.11,2.52166
2026-04-23 07:22:00,78144.11,78155.16,78137.43,78137.43,5.98417
2026-04-23 07:23:00,78137.44,78187.35,78137.43,78156.3,2.18685
2026-04-23 07:24:00,78156.3,78171.84,78153.77,78164.02,2.61307
2026-04-23 07:25:00,78164.01,78164.01,78135.41,78135.42,1.10549
2026-04-23 07:26:00,78135.42,78159.94,78132.84,78148.74,7.58219
2026-04-23 07:27:00,78148.74,78153.68,78138.57,78148.74,0.95155
2026-04-23 07:28:00,78148.75,78167.97,78148.74,78167.96,0.96841
2026-04-23 07:29:00,78167.97,78191.78,78149.98,78149.99,1.51614
2026-04-23 07:30:00,78149.99,78159.93,78123.24,78159.93,3.25507
2026-04-23 07:31:00,78159.92,78172.76,78141.38,78169.55,2.1742
2026-04-23 07:32:00,78169.55,78169.56,78143.91,78143.92,2.88658
2026-04-23 07:33:00,78143.91,78153.23,78135.41,78151.74,4.1302
2026-04-23 07:34:00,78151.74,78160.0,78148.51,78159.99,2.97058
2026-04-23 07:35:00,78159.99,78166.0,78148.76,78159.01,3.53579
2026-04-23 07:36:00,78159.0,78159.01,78109.45,78109.45,3.51691
2026-04-23 07:37:00,78109.45,78109.46,78036.07,78074.76,8.85484
2026-04-23 07:38:00,78074.75,78097.55,78068.75,78097.54,1.65769
2026-04-23 07:39:00,78097.54,78128.07,78097.54,78123.65,3.7624
2026-04-23 07:40:00,78123.64,78123.65,78110.42,78110.42,1.51596
2026-04-23 07:41:00,78110.42,78115.0,78082.0,78115.0,3.38703
2026-04-23 07:42:00,78114.99,78121.08,78085.99,78121.08,4.75803
2026-04-23 07:43:00,78121.07,78144.11,78118.78,78118.79,6.93818
2026-04-23 07:44:00,78118.78,78118.78,78099.53,78099.54,1.97427
2026-04-23 07:45:00,78099.53,78120.0,78099.53,78103.41,3.4062
2026-04-23 07:46:00,78103.41,78103.41,78054.27,78078.0,2.91385
2026-04-23 07:47:00,78077.99,78090.83,78034.53,78034.54,4.17407
2026-04-23 07:48:00,78034.53,78100.0,78014.19,78080.2,6.54983
2026-04-23 07:49:00,78080.19,78115.85,78070.91,78115.84,7.26281
2026-04-23 07:50:00,78115.84,78147.14,78100.0,78107.67,11.17054
2026-04-23 07:51:00,78107.67,78107.68,78030.53,78030.55,5.69431
2026-04-23 07:52:00,78030.54,78046.01,77981.88,77981.88,19.18808
2026-04-23 07:53:00,77981.89,78001.0,77981.88,77994.03,4.94114
2026-04-23 07:54:00,77994.03,78006.98,77981.88,77992.17,9.91693
2026-04-23 07:55:00,77992.16,78033.2,77992.16,78033.2,2.77518
2026-04-23 07:56:00,78033.19,78033.2,78019.38,78025.61,2.44299
2026-04-23 07:57:00,78025.61,78025.62,77998.2,78017.58,8.89765
2026-04-23 07:58:00,78017.57,78019.33,78006.65,78019.32,3.69667
2026-04-23 07:59:00,78019.32,78048.62,78019.32,78048.62,5.46042
2026-04-23 08:00:00,78048.61,78048.62,78032.07,78039.59,5.34531
2026-04-23 08:01:00,78039.58,78039.59,78014.0,78014.0,3.15549
2026-04-23 08:02:00,78014.0,78014.01,77977.38,77986.34,8.23191
2026-04-23 08:03:00,77986.34,78033.87,77986.34,78016.0,3.89883
2026-04-23 08:04:00,78015.99,78016.0,77985.61,77985.62,5.04618
2026-04-23 08:05:00,77985.63,78006.83,77985.63,77992.7,3.03465
2026-04-23 08:06:00,77992.69,77992.7,77982.22,77984.32,2.68819
2026-04-23 08:07:00,77984.33,77989.46,77983.42,77985.96,2.97837
2026-04-23 08:08:00,77985.96,78050.0,77920.58,78033.6,20.45675
2026-04-23 08:09:00,78033.6,78070.0,78012.78,78069.99,5.7675
2026-04-23 08:10:00,78069.99,78099.97,78053.47,78053.48,4.84481
2026-04-23 08:11:00,78053.48,78068.0,78044.37,78058.04,2.25061
2026-04-23 08:12:00,78058.04,78125.61,78058.03,78125.61,3.71094
2026-04-23 08:13:00,78125.62,78175.52,78125.62,78157.41,9.01941
2026-04-23 08:14:00,78157.41,78157.41,78109.0,78109.0,1.90428
2026-04-23 08:15:00,78109.01,78109.01,78066.0,78066.0,1.58008
2026-04-23 08:16:00,78066.01,78109.64,78066.01,78086.85,2.64425
2026-04-23 08:17:00,78086.85,78104.37,78075.75,78092.85,6.06341
2026-04-23 08:18:00,78092.85,78105.76,78054.72,78056.17,6.33399
2026-04-23 08:19:00,78056.16,78100.46,78034.67,78100.46,5.00773
2026-04-23 08:20:00,78100.46,78121.4,78100.46,78121.39,1.73275
2026-04-23 08:21:00,78121.4,78121.4,78078.12,78078.13,1.78251
2026-04-23 08:22:00,78078.13,78078.13,78036.32,78036.32,11.35849
2026-04-23 08:23:00,78036.32,78036.33,78000.0,78000.0,5.81112
2026-04-23 08:24:00,78000.01,78038.47,77977.51,77982.83,10.42428
2026-04-23 08:25:00,77982.83,77994.88,77963.31,77994.88,5.49434
2026-04-23 08:26:00,77994.87,78030.38,77994.87,78021.98,3.13147
2026-04-23 08:27:00,78021.98,78030.38,77998.0,77998.47,2.72045
2026-04-23 08:28:00,77998.47,78002.94,77991.43,77991.43,1.70826
2026-04-23 08:29:00,77991.43,77991.43,77957.12,77983.91,5.31361
2026-04-23 08:30:00,77983.53,77983.53,77952.95,77964.4,4.61701
2026-04-23 08:31:00,77964.39,77964.4,77913.45,77913.45,4.80418
2026-04-23 08:32:00,77913.46,77927.96,77904.21,77918.25,3.54042
2026-04-23 08:33:00,77918.24,77918.24,77842.65,77860.62,28.39747
2026-04-23 08:34:00,77860.62,77888.01,77860.61,77861.38,4.39989
2026-04-23 08:35:00,77861.38,77895.0,77860.6,77874.78,15.12964
2026-04-23 08:36:00,77874.78,77882.54,77825.02,77825.02,4.16861
2026-04-23 08:37:00,77825.02,77831.58,77800.0,77831.57,4.92205
2026-04-23 08:38:00,77831.58,77869.26,77831.58,77834.76,21.00013
2026-04-23 08:39:00,77834.76,77845.72,77810.23,77810.24,22.5893
2026-04-23 08:40:00,77810.24,77810.24,77761.17,77768.14,41.09104
2026-04-23 08:41:00,77768.14,77791.21,77738.64,77784.43,31.22981
2026-04-23 08:42:00,77784.43,77797.31,77772.06,77791.9,24.94732
2026-04-23 08:43:00,77791.9,77798.91,77719.86,77750.85,115.24764
2026-04-23 08:44:00,77750.84,77750.84,77715.9,77734.68,75.58741
2026-04-23 08:45:00,77734.68,77755.79,77714.86,77729.97,89.05206
2026-04-23 08:46:00,77729.96,77755.78,77729.96,77753.33,85.27107
2026-04-23 08:47:00,77753.32,77824.52,77753.32,77824.51,43.44217
2026-04-23 08:48:00,77824.52,77839.93,77788.58,77811.96,12.00666
2026-04-23 08:49:00,77811.96,77818.62,77787.45,77818.6,34.45274
2026-04-23 08:50:00,77818.6,77858.84,77813.32,77855.87,15.13629
2026-04-23 08:51:00,77855.87,77855.87,77826.66,77837.06,14.30085
2026-04-23 08:52:00,77837.06,77877.92,77837.06,77877.91,6.19829
2026-04-23 08:53:00,77877.91,77877.92,77856.43,77856.44,11.91497
2026-04-23 08:54:00,77856.43,77866.0,77828.33,77853.28,76.00599
2026-04-23 08:55:00,77853.28,77870.57,77846.88,77861.28,79.79765
2026-04-23 08:56:00,77861.27,77870.56,77847.7,77859.59,71.21522
2026-04-23 08:57:00,77859.59,77870.36,77848.43,77869.7,31.37277
2026-04-23 08:58:00,77869.7,77885.56,77869.7,77885.56,6.64352
2026-04-23 08:59:00,77885.55,77891.32,77858.34,77858.35,3.34661
2026-04-23 09:00:00,77858.34,77858.35,77826.46,77835.41,3.91425
2026-04-23 09:01:00,77835.42,77860.8,77835.42,77835.86,6.41154
2026-04-23 09:02:00,77835.87,77835.87,77809.45,77817.09,9.2935
2026-04-23 09:03:00,77817.1,77821.44,77745.54,77748.47,7.39601
2026-04-23 09:04:00,77748.47,77748.47,77633.33,77642.77,21.70319
2026-04-23 09:05:00,77642.78,77691.23,77637.1,77691.22,22.92644
2026-04-23 09:06:00,77691.23,77691.23,77600.0,77625.51,54.47916
2026-04-23 09:07:00,77625.51,77636.0,77600.0,77622.61,7.98655
2026-04-23 09:08:00,77622.61,77622.61,77542.85,77543.74,21.78333
2026-04-23 09:09:00,77543.75,77583.77,77440.85,77549.99,121.45531
2026-04-23 09:10:00,77549.99,77557.55,77476.0,77476.0,17.78273
2026-04-23 09:11:00,77475.07,77535.74,77464.67,77523.65,14.72122
2026-04-23 09:12:00,77523.64,77569.99,77500.33,77554.77,9.17756
2026-04-23 09:13:00,77554.76,77583.65,77554.76,77570.59,7.04983
2026-04-23 09:14:00,77570.59,77583.65,77565.13,77580.17,9.8306
2026-04-23 09:15:00,77580.17,77603.59,77570.34,77601.61,12.66416
2026-04-23 09:16:00,77600.84,77609.27,77574.77,77575.99,14.1103
2026-04-23 09:17:00,77576.0,77584.0,77573.27,77575.03,16.22015
2026-04-23 09:18:00,77575.03,77679.28,77575.03,77653.76,58.14232
2026-04-23 09:19:00,77653.75,77704.96,77652.21,77674.5,9.76708
2026-04-23 09:20:00,77674.3,77674.31,77632.38,77632.38,5.23667
2026-04-23 09:21:00,77632.38,77655.34,77632.38,77655.34,10.28957
2026-04-23 09:22:00,77655.34,77667.74,77611.06,77614.0,15.78956
2026-04-23 09:23:00,77614.0,77614.0,77526.94,77562.01,16.04271
2026-04-23 09:24:00,77562.0,77562.01,77513.48,77523.6,9.7409
2026-04-23 09:25:00,77523.6,77564.88,77523.6,77564.88,19.54495
2026-04-23 09:26:00,77564.88,77592.93,77564.87,77572.0,18.0253
2026-04-23 09:27:00,77572.01,77610.99,77572.0,77610.98,4.338
2026-04-23 09:28:00,77610.98,77610.99,77583.83,77597.98,7.26533
2026-04-23 09:29:00,77597.97,77620.34,77575.56,77620.34,5.96773
2026-04-23 09:30:00,77620.34,77661.73,77620.34,77661.73,8.15974
2026-04-23 09:31:00,77661.73,77674.0,77661.42,77666.01,10.85873
2026-04-23 09:32:00,77666.0,77668.0,77661.83,77661.83,5.49888
2026-04-23 09:33:00,77661.83,77672.21,77660.24,77672.2,5.87792
2026-04-23 09:34:00,77672.21,77672.21,77654.99,77668.72,5.9319
2026-04-23 09:35:00,77668.72,77668.72,77632.23,77632.23,6.33141
2026-04-23 09:36:00,77632.24,77685.41,77632.24,77674.17,13.89627
2026-04-23 09:37:00,77674.17,77674.18,77661.41,77661.41,5.37703
2026-04-23 09:38:00,77661.42,77661.42,77661.41,77661.41,1.28846
2026-04-23 09:39:00,77661.42,77688.63,77661.41,77688.63,6.73978
2026-04-23 09:40:00,77688.63,77744.08,77688.62,77744.08,7.48714
2026-04-23 09:41:00,77744.08,77761.94,77730.36,77750.01,5.38523
2026-04-23 09:42:00,77750.02,77759.77,77740.17,77750.44,12.16044
2026-04-23 09:43:00,77750.44,77757.97,77740.17,77740.18,3.05929
2026-04-23 09:44:00,77740.17,77740.18,77725.99,77726.0,3.5806
2026-04-23 09:45:00,77726.0,77741.67,77676.1,77676.11,10.87526
2026-04-23 09:46:00,77676.1,77677.85,77650.0,77650.0,3.44154
2026-04-23 09:47:00,77650.0,77650.0,77582.96,77582.97,8.04061
2026-04-23 09:48:00,77582.97,77619.73,77544.71,77619.73,10.94639
2026-04-23 09:49:00,77619.72,77644.35,77613.63,77616.14,5.38965
2026-04-23 09:50:00,77616.14,77616.14,77592.0,77599.23,3.90989
2026-04-23 09:51:00,77599.24,77610.0,77592.0,77609.38,14.20679
2026-04-23 09:52:00,77609.38,77640.02,77605.83,77639.9,8.42168
2026-04-23 09:53:00,77639.91,77648.19,77634.72,77634.73,1.63831
2026-04-23 09:54:00,77634.73,77634.73,77616.38,77616.38,1.70928
2026-04-23 09:55:00,77616.39,77650.0,77614.52,77621.89,9.68082
2026-04-23 09:56:00,77621.89,77631.58,77612.17,77624.73,11.88211
2026-04-23 09:57:00,77624.74,77624.75,77624.73,77624.75,3.18993
2026-04-23 09:58:00,77624.74,77650.0,77624.74,77628.49,3.36484
2026-04-23 09:59:00,77628.49,77655.35,77622.0,77655.34,14.66674
2026-04-23 10:00:00,77655.35,77655.35,77621.33,77654.88,5.12094
2026-04-23 10:01:00,77654.87,77662.51,77635.55,77635.56,6.14097
2026-04-23 10:02:00,77635.55,77707.02,77635.55,77707.01,7.4734
2026-04-23 10:03:00,77707.01,77709.16,77663.11,77663.11,6.14316
2026-04-23 10:04:00,77663.11,77682.87,77622.01,77622.01,4.83969
2026-04-23 10:05:00,77622.0,77622.01,77215.01,77378.99,234.26041
2026-04-23 10:06:00,77379.0,77447.48,77332.9,77379.32,42.99758
2026-04-23 10:07:00,77379.32,77448.17,77363.8,77410.61,23.58465
2026-04-23 10:08:00,77410.6,77448.17,77287.74,77287.74,128.34622
2026-04-23 10:09:00,77287.74,77322.42,77271.12,77300.0,57.32572
2026-04-23 10:10:00,77300.0,77300.01,77261.96,77274.62,33.40713
2026-04-23 10:11:00,77274.62,77300.0,77252.58,77272.77,25.45808
2026-04-23 10:12:00,77272.78,77272.78,77200.0,77227.99,49.48783
2026-04-23 10:13:00,77227.99,77238.0,77200.0,77208.0,13.46256
2026-04-23 10:14:00,77208.0,77226.19,77174.01,77217.46,23.631
2026-04-23 10:15:00,77217.47,77290.46,77204.96,77290.46,30.81799
2026-04-23 10:16:00,77290.46,77290.46,77251.65,77281.77,4.95907
2026-04-23 10:17:00,77281.77,77320.79,77261.19,77302.8,41.87249
2026-04-23 10:18:00,77302.79,77302.8,77264.57,77294.06,11.72424
2026-04-23 10:19:00,77294.06,77350.0,77294.05,77314.29,14.3066
2026-04-23 10:20:00,77314.28,77395.92,77314.28,77358.46,26.77842
2026-04-23 10:21:00,77358.47,77388.0,77333.28,77388.0,48.60729
2026-04-23 10:22:00,77388.14,77388.15,77350.1,77350.1,52.64773
2026-04-23 10:23:00,77350.11,77350.11,77294.94,77317.19,7.70414
2026-04-23 10:24:00,77317.19,77330.28,77309.44,77327.23,6.23534
2026-04-23 10:25:00,77327.24,77371.25,77327.23,77371.25,7.93602
2026-04-23 10:26:00,77371.24,77371.25,77359.44,77367.21,3.88242
2026-04-23 10:27:00,77367.21,77378.48,77344.33,77373.12,8.40817
2026-04-23 10:28:00,77373.12,77390.14,77373.11,77390.13,5.2236
2026-04-23 10:29:00,77390.14,77390.14,77384.66,77387.52,3.10071
2026-04-23 10:30:00,77387.52,77420.12,77379.77,77419.15,9.26792
2026-04-23 10:31:00,77419.16,77433.62,77408.09,77433.62,4.07912
2026-04-23 10:32:00,77433.62,77441.01,77371.7,77371.71,7.13727
2026-04-23 10:33:00,77371.7,77394.21,77352.0,77352.0,9.66137
2026-04-23 10:34:00,77352.01,77409.91,77352.01,77409.9,8.54807
2026-04-23 10:35:00,77409.91,77419.84,77398.54,77418.07,5.37656
2026-04-23 10:36:00,77418.07,77418.07,77368.58,77368.58,3.5912
2026-04-23 10:37:00,77368.58,77414.34,77366.0,77406.56,7.32613
2026-04-23 10:38:00,77406.34,77444.68,77396.12,77429.16,5.69403
2026-04-23 10:39:00,77429.17,77429.17,77413.04,77427.31,3.29726
2026-04-23 10:40:00,77427.32,77429.16,77406.19,77406.19,8.07692
2026-04-23 10:41:00,77406.11,77413.6,77378.0,77378.0,4.1181
2026-04-23 10:42:00,77378.0,77408.08,77378.0,77408.07,6.52513
2026-04-23 10:43:00,77408.08,77408.08,77384.68,77407.54,3.65333
2026-04-23 10:44:00,77407.55,77407.55,77376.03,77376.04,3.22184
2026-04-23 10:45:00,77376.03,77468.0,77376.03,77468.0,10.18192
2026-04-23 10:46:00,77468.0,77469.63,77410.72,77410.72,4.56342
2026-04-23 10:47:00,77410.73,77410.73,77356.15,77356.16,19.21058
2026-04-23 10:48:00,77356.15,77393.56,77356.15,77389.06,10.368
2026-04-23 10:49:00,77389.07,77389.07,77367.59,77367.6,2.5568
2026-04-23 10:50:00,77367.6,77381.17,77339.88,77381.17,11.38656
2026-04-23 10:51:00,77381.26,77393.56,77366.0,77380.0,3.52815
2026-04-23 10:52:00,77380.0,77380.0,77336.9,77336.91,1.91159
2026-04-23 10:53:00,77336.91,77336.91,77322.17,77322.18,2.14134
2026-04-23 10:54:00,77322.17,77322.18,77319.7,77319.71,3.10364
2026-04-23 10:55:00,77319.71,77358.72,77300.0,77346.44,11.29199
2026-04-23 10:56:00,77346.45,77379.95,77346.44,77370.7,3.44825
2026-04-23 10:57:00,77370.71,77408.0,77370.71,77408.0,5.90967
2026-04-23 10:58:00,77408.0,77423.59,77396.5,77423.58,9.82829
2026-04-23 10:59:00,77423.59,77423.59,77383.65,77403.63,4.60107
2026-04-23 11:00:00,77403.63,77489.56,77403.63,77489.56,7.34083
2026-04-23 11:01:00,77489.55,77489.56,77423.79,77423.8,5.53134
2026-04-23 11:02:00,77423.8,77445.76,77423.79,77438.85,6.46953
2026-04-23 11:03:00,77438.85,77476.0,77438.84,77476.0,29.66612
2026-04-23 11:04:00,77476.22,77495.3,77476.21,77495.3,2.85375
2026-04-23 11:05:00,77495.3,77495.3,77442.12,77442.13,3.84475
2026-04-23 11:06:00,77442.12,77447.19,77435.24,77435.24,5.06108
2026-04-23 11:07:00,77435.25,77456.96,77400.62,77444.98,10.57184
2026-04-23 11:08:00,77444.98,77473.86,77444.98,77469.34,5.05112
2026-04-23 11:09:00,77469.34,77469.35,77444.97,77444.97,4.74408
2026-04-23 11:10:00,77444.97,77460.37,77438.39,77460.36,5.54827
2026-04-23 11:11:00,77460.36,77460.37,77460.36,77460.36,1.89496
2026-04-23 11:12:00,77460.36,77460.36,77413.15,77413.15,1.44713
2026-04-23 11:13:00,77413.16,77413.16,77413.15,77413.15,3.10331
2026-04-23 11:14:00,77413.16,77430.47,77365.57,77398.55,15.85627
2026-04-23 11:15:00,77398.55,77412.0,77384.45,77411.84,5.15383
2026-04-23 11:16:00,77411.85,77440.91,77406.0,77406.01,3.09237
2026-04-23 11:17:00,77406.0,77422.67,77393.99,77422.66,6.73348
2026-04-23 11:18:00,77422.67,77469.61,77422.66,77466.16,4.42083
2026-04-23 11:19:00,77466.15,77466.16,77440.0,77442.15,2.88305
2026-04-23 11:20:00,77442.15,77484.79,77442.15,77484.79,5.56677
2026-04-23 11:21:00,77484.79,77484.79,77463.33,77463.34,3.9135
2026-04-23 11:22:00,77463.34,77488.84,77463.33,77488.83,4.56042
2026-04-23 11:23:00,77488.84,77488.84,77474.4,77474.4,2.12022
2026-04-23 11:24:00,77474.4,77484.49,77463.33,77484.49,4.76786
2026-04-23 11:25:00,77484.49,77501.61,77484.48,77493.08,12.05768
2026-04-23 11:26:00,77493.09,77501.61,77475.0,77475.0,26.60776
2026-04-23 11:27:00,77475.0,77497.49,77459.6,77497.49,4.59848
2026-04-23 11:28:00,77497.48,77497.48,77471.42,77471.43,4.75019
2026-04-23 11:29:00,77471.42,77471.43,77432.12,77460.6,5.76716
2026-04-23 11:30:00,77460.6,77492.88,77437.43,77462.93,13.68899
2026-04-23 11:31:00,77462.92,77462.93,77424.0,77435.6,4.35096
2026-04-23 11:32:00,77435.6,77462.16,77435.59,77437.5,4.09651
2026-04-23 11:33:00,77437.5,77441.04,77407.64,77430.99,6.73008
2026-04-23 11:34:00,77430.99,77430.99,77384.44,77384.45,4.08836
2026-04-23 11:35:00,77384.44,77481.59,77384.44,77481.58,10.56292
2026-04-23 11:36:00,77481.58,77520.87,77481.58,77511.99,5.83165
2026-04-23 11:37:00,77512.0,77570.12,77488.0,77513.49,14.28439
2026-04-23 11:38:00,77513.49,77565.99,77497.09,77497.1,16.14502
2026-04-23 11:39:00,77497.09,77535.38,77497.09,77521.08,5.85898
2026-04-23 11:40:00,77521.09,77535.14,77513.23,77513.23,4.53548
2026-04-23 11:41:00,77513.24,77548.24,77513.24,77548.24,4.98017
2026-04-23 11:42:00,77548.23,77570.0,77529.16,77552.41,5.43815
2026-04-23 11:43:00,77552.42,77574.14,77545.35,77545.35,4.99402
2026-04-23 11:44:00,77545.36,77588.21,77545.35,77588.2,2.85421
2026-04-23 11:45:00,77588.2,77630.6,77583.33,77626.97,16.41667
2026-04-23 11:46:00,77626.97,77634.28,77615.06,77626.97,5.40681
2026-04-23 11:47:00,77626.96,77677.63,77620.0,77672.21,6.21138
2026-04-23 11:48:00,77672.2,77689.32,77652.84,77652.98,3.95601
2026-04-23 11:49:00,77652.98,77658.45,77606.0,77606.0,5.17084
2026-04-23 11:50:00,77606.01,77619.94,77603.12,77603.12,3.19141
2026-04-23 11:51:00,77603.11,77636.73,77603.11,77614.72,10.75335
2026-04-23 11:52:00,77614.71,77667.86,77614.71,77667.85,4.18548
2026-04-23 11:53:00,77667.86,77667.86,77640.64,77640.64,4.16909
2026-04-23 11:54:00,77640.65,77700.0,77640.64,77699.99,4.51968
2026-04-23 11:55:00,77699.99,77734.06,77674.23,77726.08,11.27563
2026-04-23 11:56:00,77726.07,77726.08,77715.01,77724.16,2.98493
2026-04-23 11:57:00,77724.16,77743.31,77720.42,77727.76,7.56077
2026-04-23 11:58:00,77727.77,77727.77,77702.31,77706.05,7.81838
2026-04-23 11:59:00,77706.05,77757.31,77700.0,77704.62,117.38841
2026-04-23 12:00:00,77704.61,77736.76,77698.15,77736.76,15.6972
2026-04-23 12:01:00,77736.76,77766.33,77728.94,77766.32,11.25004
2026-04-23 12:02:00,77766.32,77789.47,77766.32,77780.6,8.22324
2026-04-23 12:03:00,77780.61,77780.61,77716.0,77733.99,9.94376
2026-04-23 12:04:00,77734.0,77772.07,77730.96,77768.87,4.86499
2026-04-23 12:05:00,77768.86,77796.92,77751.04,77764.38,7.24292
2026-04-23 12:06:00,77764.38,77865.41,77747.5,77798.34,23.40422
2026-04-23 12:07:00,77798.34,77834.97,77750.0,77810.03,8.62887
2026-04-23 12:08:00,77810.03,77838.89,77798.23,77824.2,11.61257
2026-04-23 12:09:00,77824.21,77824.21,77760.74,77762.49,36.60807
2026-04-23 12:10:00,77762.48,77800.18,77760.72,77788.13,5.21208
2026-04-23 12:11:00,77788.12,77807.96,77750.66,77764.6,24.88251
2026-04-23 12:12:00,77764.59,77776.0,77732.0,77758.24,4.68236
2026-04-23 12:13:00,77758.24,77799.89,77713.98,77799.89,6.0857
2026-04-23 12:14:00,77799.88,77805.41,77712.14,77714.64,22.04919
2026-04-23 12:15:00,77714.64,77729.82,77650.0,77650.01,18.19395
2026-04-23 12:16:00,77650.01,77673.77,77650.01,77662.07,4.0811
2026-04-23 12:17:00,77662.08,77705.4,77656.46,77683.98,11.45048
2026-04-23 12:18:00,77683.98,77708.9,77670.78,77683.33,4.39349
2026-04-23 12:19:00,77683.34,77693.82,77680.74,77680.74,2.66234
2026-04-23 12:20:00,77680.74,77695.84,77679.98,77680.0,2.6899
2026-04-23 12:21:00,77680.01,77680.01,77622.2,77646.67,5.40991
2026-04-23 12:22:00,77646.67,77675.5,77646.24,77646.25,4.28088
2026-04-23 12:23:00,77646.25,77676.24,77631.89,77676.23,3.63808
2026-04-23 12:24:00,77676.23,77739.18,77676.23,77739.18,3.30532
2026-04-23 12:25:00,77739.94,77764.71,77738.01,77751.27,4.57349
2026-04-23 12:26:00,77751.28,77756.0,77739.59,77756.0,3.29302
2026-04-23 12:27:00,77755.99,77755.99,77716.49,77718.65,2.29336
2026-04-23 12:28:00,77718.66,77731.76,77703.2,77731.76,7.28906
2026-04-23 12:29:00,77731.76,77766.62,77731.75,77766.2,7.4865
2026-04-23 12:30:00,77766.19,77778.44,77763.09,77776.94,4.73186
2026-04-23 12:31:00,77776.94,77821.74,77766.2,77766.2,5.80359
2026-04-23 12:32:00,77766.21,77766.21,77733.57,77734.42,8.27475
2026-04-23 12:33:00,77734.41,77769.08,77720.26,77750.08,8.89428
2026-04-23 12:34:00,77750.08,77782.04,77750.08,77761.34,1.97093
2026-04-23 12:35:00,77761.35,77794.06,77751.4,77790.37,3.29927
2026-04-23 12:36:00,77790.37,77790.38,77764.23,77764.24,9.12438
2026-04-23 12:37:00,77764.23,77794.56,77761.21,77794.55,14.0227
2026-04-23 12:38:00,77794.55,77794.56,77761.2,77761.88,2.37325
2026-04-23 12:39:00,77764.0,77788.46,77764.0,77780.85,5.17952
2026-04-23 12:40:00,77780.86,77790.55,77780.86,77790.55,2.23986
2026-04-23 12:41:00,77790.54,77835.96,77790.54,77835.95,10.1985
2026-04-23 12:42:00,77835.95,77868.6,77814.78,77856.07,6.59135
2026-04-23 12:43:00,77856.07,77856.07,77814.28,77815.03,21.24826
2026-04-23 12:44:00,77815.02,77817.14,77764.48,77764.49,7.89201
2026-04-23 12:45:00,77764.48,77830.0,77630.63,77630.63,35.43139
2026-04-23 12:46:00,77633.33,77702.38,77491.18,77688.99,92.04229
2026-04-23 12:47:00,77688.99,77727.27,77640.0,77651.08,14.6111
2026-04-23 12:48:00,77651.08,77709.99,77616.0,77673.79,41.22253
2026-04-23 12:49:00,77673.79,77685.51,77658.1,77680.01,3.50405
2026-04-23 12:50:00,77680.01,77691.16,77602.01,77639.24,7.95193
2026-04-23 12:51:00,77639.24,77688.03,77634.44,77688.02,1.14317
2026-04-23 12:52:00,77688.03,77734.78,77687.63,77695.78,8.01449
2026-04-23 12:53:00,77695.79,77695.79,77676.0,77676.01,2.17865
2026-04-23 12:54:00,77676.01,77689.39,77650.0,77689.35,3.85365
2026-04-23 12:55:00,77689.35,77774.96,77689.35,77771.13,7.01859
2026-04-23 12:56:00,77771.13,77778.3,77750.39,77778.29,2.04357
2026-04-23 12:57:00,77778.3,77778.3,77774.6,77778.3,2.70592
2026-04-23 12:58:00,77778.3,77836.9,77778.29,77819.86,4.94681
2026-04-23 12:59:00,77819.87,77870.54,77819.86,77870.53,12.27441
2026-04-23 13:00:00,77870.54,77900.0,77780.0,77810.3,18.61627
2026-04-23 13:01:00,77810.3,77810.3,77786.0,77786.01,4.09162
2026-04-23 13:02:00,77786.0,77820.13,77786.0,77811.97,3.0325
2026-04-23 13:03:00,77811.98,77904.37,77811.98,77876.18,9.11551
2026-04-23 13:04:00,77876.18,77891.79,77825.04,77825.05,3.90416
2026-04-23 13:05:00,77825.05,77825.05,77767.41,77767.42,7.6946
2026-04-23 13:06:00,77767.42,77802.46,77760.0,77790.93,4.06537
2026-04-23 13:07:00,77790.94,77809.77,77784.54,77784.54,2.34605
2026-04-23 13:08:00,77784.53,77784.82,77764.77,77777.98,2.26216
2026-04-23 13:09:00,77777.98,77825.05,77777.98,77816.01,2.57751
2026-04-23 13:10:00,77816.01,77822.76,77799.18,77822.75,4.08886
2026-04-23 13:11:00,77822.75,77822.75,77764.77,77764.77,3.06917
2026-04-23 13:12:00,77764.78,77767.2,77749.93,77749.93,5.28725
2026-04-23 13:13:00,77749.93,77749.94,77714.1,77714.1,4.29526
2026-04-23 13:14:00,77714.1,77714.11,77630.0,77661.49,24.71127
2026-04-23 13:15:00,77661.5,77707.77,77659.62,77686.15,12.32037
2026-04-23 13:16:00,77686.15,77714.11,77686.15,77714.1,12.2598
2026-04-23 13:17:00,77714.1,77714.11,77659.96,77659.96,2.41587
2026-04-23 13:18:00,77659.05,77659.05,77620.0,77624.94,7.12035
2026-04-23 13:19:00,77624.95,77671.83,77606.29,77671.82,9.3525
2026-04-23 13:20:00,77671.82,77705.86,77668.24,77686.03,9.47679
2026-04-23 13:21:00,77686.04,77686.04,77662.17,77680.67,4.3512
2026-04-23 13:22:00,77680.66,77683.84,77658.0,77680.0,3.18036
2026-04-23 13:23:00,77680.0,77700.7,77661.04,77700.7,1.31435
2026-04-23 13:24:00,77700.69,77700.7,77663.86,77682.52,8.33036
2026-04-23 13:25:00,77682.53,77687.25,77667.3,77674.01,2.47635
2026-04-23 13:26:00,77674.0,77674.01,77638.3,77654.7,7.78652
2026-04-23 13:27:00,77654.7,77654.7,77576.84,77587.99,7.82531
2026-04-23 13:28:00,77588.0,77634.77,77588.0,77592.0,5.53222
2026-04-23 13:29:00,77592.0,77602.92,77592.0,77595.82,3.2868
2026-04-23 13:30:00,77595.81,77627.73,77555.41,77626.06,15.48842
2026-04-23 13:31:00,77626.06,77675.01,77593.83,77633.3,9.62312
2026-04-23 13:32:00,77634.33,77669.83,77559.25,77668.45,7.91933
2026-04-23 13:33:00,77668.45,77668.45,77553.85,77606.22,6.19239
2026-04-23 13:34:00,77606.22,77618.0,77539.16,77617.99,67.61519
2026-04-23 13:35:00,77617.99,77660.7,77601.58,77629.8,6.0645
2026-04-23 13:36:00,77629.79,77692.57,77610.0,77646.92,5.69746
2026-04-23 13:37:00,77646.92,77646.92,77534.04,77560.43,16.54787
2026-04-23 13:38:00,77560.43,77667.92,77559.87,77656.21,5.99066
2026-04-23 13:39:00,77656.21,77656.21,77573.21,77582.01,4.01536
2026-04-23 13:40:00,77582.02,77617.98,77525.84,77617.98,15.46772
2026-04-23 13:41:00,77617.98,77640.51,77566.0,77602.5,7.28325
2026-04-23 13:42:00,77602.51,77607.5,77534.68,77537.78,3.66339
2026-04-23 13:43:00,77537.79,77558.17,77528.66,77528.67,3.08202
2026-04-23 13:44:00,77528.66,77541.3,77521.2,77541.29,3.03347
2026-04-23 13:45:00,77541.29,77541.29,77473.16,77529.08,60.52306
2026-04-23 13:46:00,77529.09,77665.27,77529.09,77634.98,9.26784
2026-04-23 13:47:00,77634.99,77651.22,77552.66,77585.76,10.01532
2026-04-23 13:48:00,77585.76,77644.6,77576.8,77628.0,7.10326
2026-04-23 13:49:00,77628.0,77650.0,77561.43,77614.66,10.51655
2026-04-23 13:50:00,77614.66,77614.66,77474.78,77507.98,21.89994
2026-04-23 13:51:00,77507.98,77574.76,77500.8,77538.11,6.31349
2026-04-23 13:52:00,77538.11,77544.67,77488.72,77488.73,7.95828
2026-04-23 13:53:00,77488.72,77488.72,77426.08,77458.47,12.63662
2026-04-23 13:54:00,77458.47,77458.47,77379.92,77421.42,18.55222
2026-04-23 13:55:00,77421.42,77428.51,77408.0,77412.51,14.57604
2026-04-23 13:56:00,77412.24,77481.71,77412.24,77460.0,9.36349
2026-04-23 13:57:00,77460.01,77535.82,77450.14,77535.81,11.55775
2026-04-23 13:58:00,77535.81,77565.3,77484.13,77497.38,10.04323
2026-04-23 13:59:00,77497.38,77541.22,77497.38,77532.23,8.5032
2026-04-23 14:00:00,77532.23,77536.7,77456.64,77456.64,16.16468
2026-04-23 14:01:00,77456.65,77474.58,77444.09,77468.29,4.24287
2026-04-23 14:02:00,77468.29,77524.79,77414.0,77524.78,17.87644
2026-04-23 14:03:00,77524.79,77562.71,77504.35,77562.0,8.13512
2026-04-23 14:04:00,77562.55,77621.32,77558.06,77590.97,3.77449
2026-04-23 14:05:00,77590.96,77649.8,77569.98,77633.06,23.18742
2026-04-23 14:06:00,77633.05,77633.05,77523.01,77543.25,25.60064
2026-04-23 14:07:00,77543.24,77543.99,77472.75,77543.99,7.39885
2026-04-23 14:08:00,77543.99,77623.0,77522.68,77615.2,12.70539
2026-04-23 14:09:00,77615.2,77623.99,77595.2,77602.01,7.82146
2026-04-23 14:10:00,77602.97,77607.99,77492.56,77537.96,19.99723
2026-04-23 14:11:00,77537.95,77549.99,77502.2,77542.6,6.23608
2026-04-23 14:12:00,77542.6,77563.49,77510.25,77544.96,11.309
2026-04-23 14:13:00,77544.96,77544.96,77500.0,77516.0,6.89636
2026-04-23 14:14:00,77516.0,77523.54,77474.28,77523.53,4.66393
2026-04-23 14:15:00,77523.53,77574.68,77523.53,77556.0,6.81482
2026-04-23 14:16:00,77556.0,77597.65,77521.32,77552.65,5.68362
2026-04-23 14:17:00,77552.65,77594.29,77552.65,77573.24,3.4321
2026-04-23 14:18:00,77573.23,77573.24,77487.9,77498.22,4.2722
2026-04-23 14:19:00,77498.21,77524.42,77487.9,77487.9,2.90525
2026-04-23 14:20:00,77487.9,77531.42,77476.0,77512.95,4.10376
2026-04-23 14:21:00,77512.95,77600.0,77512.95,77545.16,6.83546
2026-04-23 14:22:00,77545.16,77545.16,77510.34,77529.15,5.86833
2026-04-23 14:23:00,77529.15,77667.9,77529.15,77667.9,5.83074
2026-04-23 14:24:00,77667.92,77763.22,77655.25,77732.9,11.96547
2026-04-23 14:25:00,77732.9,77762.02,77708.79,77739.99,6.68709
2026-04-23 14:26:00,77739.99,77837.48,77736.24,77837.48,25.3124
2026-04-23 14:27:00,77837.49,77954.94,77826.0,77936.94,29.67683
2026-04-23 14:28:00,77936.94,77936.95,77763.25,77862.0,39.1809
2026-04-23 14:29:00,77862.38,77867.18,77724.76,77727.98,14.18231
2026-04-23 14:30:00,77727.98,77870.15,77727.98,77834.01,13.01558
2026-04-23 14:31:00,77834.01,77907.99,77814.92,77814.93,9.46316
2026-04-23 14:32:00,77814.93,77894.19,77814.93,77860.01,4.13562
2026-04-23 14:33:00,77860.01,77869.92,77838.21,77855.99,5.64743
2026-04-23 14:34:00,77855.99,77855.99,77814.27,77822.0,5.41504
2026-04-23 14:35:00,77822.0,77863.86,77790.49,77863.86,8.57613
2026-04-23 14:36:00,77863.87,77955.26,77860.0,77924.68,13.62745
2026-04-23 14:37:00,77924.69,77960.0,77897.07,77959.49,22.76293
2026-04-23 14:38:00,77959.49,77973.68,77826.87,77839.98,17.51212
2026-04-23 14:39:00,77839.98,77881.91,77792.28,77834.26,25.39818
2026-04-23 14:40:00,77834.26,77857.0,77807.88,77823.68,3.99795
2026-04-23 14:41:00,77823.68,77847.2,77800.0,77800.0,20.48907
2026-04-23 14:42:00,77800.0,77831.22,77773.39,77831.22,30.3288
2026-04-23 14:43:00,77831.22,77868.0,77810.74,77866.01,29.57248
2026-04-23 14:44:00,77866.01,77924.52,77866.0,77902.0,12.16782
2026-04-23 14:45:00,77902.0,77975.0,77902.0,77974.0,12.61149
2026-04-23 14:46:00,77974.0,77995.0,77956.8,77964.17,44.57692
2026-04-23 14:47:00,77964.17,77973.89,77920.76,77930.89,19.59775
2026-04-23 14:48:00,77930.88,77977.33,77906.75,77957.92,20.16939
2026-04-23 14:49:00,77957.92,77957.92,77861.52,77861.53,12.13679
2026-04-23 14:50:00,77861.53,77911.15,77850.0,77911.14,9.97061
2026-04-23 14:51:00,77911.14,77953.18,77902.52,77914.56,8.23085
2026-04-23 14:52:00,77914.56,78023.81,77904.29,78003.85,18.57895
2026-04-23 14:53:00,78003.85,78066.66,77993.63,78038.0,11.6336
2026-04-23 14:54:00,78038.0,78070.0,77993.64,78048.97,26.03194
2026-04-23 14:55:00,78048.96,78101.01,78048.96,78100.0,11.0346
2026-04-23 14:56:00,78100.0,78189.5,78074.0,78166.04,111.33396
2026-04-23 14:57:00,78166.05,78199.93,78132.81,78199.93,22.46362
2026-04-23 14:58:00,78199.92,78201.53,78142.18,78199.98,18.92226
2026-04-23 14:59:00,78199.99,78199.99,78166.53,78180.77,8.35709
2026-04-23 15:00:00,78180.78,78199.99,78160.01,78160.02,26.07078
2026-04-23 15:01:00,78160.01,78160.01,78100.0,78120.01,25.57488
2026-04-23 15:02:00,78120.01,78140.0,78098.35,78108.77,13.34383
2026-04-23 15:03:00,78108.76,78122.77,78064.33,78064.53,13.6352
2026-04-23 15:04:00,78064.52,78070.0,78000.0,78012.43,9.48353
2026-04-23 15:05:00,78012.42,78075.02,78012.42,78072.35,8.07163
2026-04-23 15:06:00,78072.35,78072.35,78021.52,78021.53,4.1845
2026-04-23 15:07:00,78021.52,78047.53,78000.0,78000.0,13.36915
2026-04-23 15:08:00,78000.0,78002.97,77983.25,77986.07,5.81011
2026-04-23 15:09:00,77986.07,78045.32,77986.06,78020.15,23.36007
2026-04-23 15:10:00,78020.14,78090.0,78020.14,78052.95,12.96757
2026-04-23 15:11:00,78052.95,78115.26,78052.94,78115.26,9.62532
2026-04-23 15:12:00,78115.27,78139.46,78078.01,78078.01,5.68042
2026-04-23 15:13:00,78078.0,78089.75,78060.95,78088.51,4.92591
2026-04-23 15:14:00,78088.51,78110.0,78072.5,78109.99,4.46199
2026-04-23 15:15:00,78109.99,78110.0,78067.49,78099.99,9.45418
2026-04-23 15:16:00,78100.0,78281.36,78099.99,78275.69,28.30065
2026-04-23 15:17:00,78275.68,78479.13,78264.03,78408.32,64.7583
2026-04-23 15:18:00,78408.32,78475.68,78382.58,78382.58,17.22053
2026-04-23 15:19:00,78382.59,78437.43,78375.26,78402.5,50.59934
2026-04-23 15:20:00,78402.5,78431.35,78380.39,78419.99,9.57582
2026-04-23 15:21:00,78419.99,78452.69,78404.21,78450.17,10.71282
2026-04-23 15:22:00,78450.17,78500.0,78426.46,78458.84,15.27664
2026-04-23 15:23:00,78458.84,78657.14,78448.05,78634.0,59.5557
2026-04-23 15:24:00,78634.01,78662.5,78573.84,78573.84,25.57278
2026-04-23 15:25:00,78573.84,78574.0,78528.57,78528.57,32.7439
2026-04-23 15:26:00,78528.57,78528.58,78449.68,78478.24,16.26815
2026-04-23 15:27:00,78478.24,78493.71,78469.65,78493.7,11.84131
2026-04-23 15:28:00,78493.7,78510.0,78465.19,78472.62,25.96079
2026-04-23 15:29:00,78472.62,78473.54,78382.42,78386.89,20.53583
2026-04-23 15:30:00,78386.88,78386.88,78310.13,78362.17,16.1796
2026-04-23 15:31:00,78362.18,78445.73,78354.07,78445.73,14.48628
2026-04-23 15:32:00,78445.73,78467.3,78442.87,78446.89,8.3451
2026-04-23 15:33:00,78446.89,78490.0,78446.88,78489.99,15.30236
2026-04-23 15:34:00,78490.0,78500.0,78461.27,78499.99,9.78162
2026-04-23 15:35:00,78499.99,78506.92,78470.18,78506.91,19.82373
2026-04-23 15:36:00,78506.92,78524.21,78501.34,78524.2,8.27515
2026-04-23 15:37:00,78524.2,78524.21,78427.64,78452.44,15.25459
2026-04-23 15:38:00,78452.44,78508.38,78452.44,78481.64,15.33293
2026-04-23 15:39:00,78481.64,78550.0,78481.63,78549.99,9.39284
2026-04-23 15:40:00,78549.99,78568.84,78499.99,78568.84,29.44699
2026-04-23 15:41:00,78568.84,78600.01,78521.77,78529.1,20.4655
2026-04-23 15:42:00,78529.64,78562.0,78507.06,78562.0,10.5665
2026-04-23 15:43:00,78561.99,78596.68,78542.05,78542.06,5.83978
2026-04-23 15:44:00,78542.05,78550.58,78483.68,78488.0,12.734
2026-04-23 15:45:00,78487.99,78488.0,78374.72,78374.73,17.72586
2026-04-23 15:46:00,78374.73,78388.15,78265.38,78287.99,32.4975
2026-04-23 15:47:00,78288.0,78346.72,78287.99,78342.73,19.8414
2026-04-23 15:48:00,78342.73,78355.98,78317.3,78350.0,9.20109
2026-04-23 15:49:00,78349.99,78380.0,78334.84,78378.11,8.85748
2026-04-23 15:50:00,78378.12,78380.0,78312.48,78326.02,7.44543
2026-04-23 15:51:00,78326.01,78370.0,78298.48,78310.73,16.08004
2026-04-23 15:52:00,78310.73,78321.74,78282.41,78305.71,13.03031
2026-04-23 15:53:00,78305.71,78330.0,78287.8,78290.24,27.20261
2026-04-23 15:54:00,78290.25,78320.0,78284.5,78286.24,12.27578
2026-04-23 15:55:00,78286.24,78377.25,78282.1,78363.89,10.80143
2026-04-23 15:56:00,78363.89,78428.25,78363.88,78388.36,10.64043
2026-04-23 15:57:00,78388.37,78388.37,78313.01,78332.92,14.24
2026-04-23 15:58:00,78332.93,78400.0,78332.92,78388.13,9.0682
2026-04-23 15:59:00,78388.14,78394.65,78366.17,78376.76,9.37646
2026-04-23 16:00:00,78376.77,78429.12,78376.77,78380.54,20.37507
2026-04-23 16:01:00,78380.55,78426.0,78356.83,78426.0,12.00574
2026-04-23 16:02:00,78426.0,78450.0,78407.67,78444.0,16.46411
2026-04-23 16:03:00,78444.0,78444.0,78393.72,78409.9,11.93831
2026-04-23 16:04:00,78409.91,78418.32,78325.15,78325.16,8.85307
2026-04-23 16:05:00,78325.16,78433.99,78318.15,78426.14,12.22696
2026-04-23 16:06:00,78426.14,78497.97,78426.13,78497.97,5.16121
2026-04-23 16:07:00,78497.97,78509.82,78446.64,78472.98,15.37779
2026-04-23 16:08:00,78472.98,78491.93,78405.15,78405.15,4.19552
2026-04-23 16:09:00,78405.14,78420.67,78377.33,78403.03,7.18803
2026-04-23 16:10:00,78403.03,78443.18,78390.17,78420.94,5.40013
2026-04-23 16:11:00,78420.94,78458.87,78350.0,78350.0,14.91388
2026-04-23 16:12:00,78350.01,78408.77,78338.34,78392.69,6.50519
2026-04-23 16:13:00,78392.68,78400.7,78354.0,78361.23,9.59601
2026-04-23 16:14:00,78361.24,78361.24,78302.65,78302.65,7.45466
2026-04-23 16:15:00,78302.65,78341.85,78300.0,78315.86,6.66533
2026-04-23 16:16:00,78315.85,78346.68,78308.0,78346.67,6.66366
2026-04-23 16:17:00,78346.68,78346.68,78300.01,78309.15,2.28445
2026-04-23 16:18:00,78309.16,78392.0,78309.15,78375.72,5.30338
2026-04-23 16:19:00,78375.73,78416.31,78359.8,78416.31,3.5935
2026-04-23 16:20:00,78416.31,78424.0,78300.01,78314.53,34.05203
2026-04-23 16:21:00,78314.53,78325.93,78236.84,78308.94,13.05998
2026-04-23 16:22:00,78308.95,78331.74,78289.17,78315.99,6.04135
2026-04-23 16:23:00,78315.99,78377.97,78315.98,78377.96,3.63382
2026-04-23 16:24:00,78377.97,78386.0,78364.48,78386.0,6.45009
2026-04-23 16:25:00,78385.99,78436.75,78385.99,78436.75,13.05033
2026-04-23 16:26:00,78436.75,78441.24,78400.02,78403.56,8.74159
2026-04-23 16:27:00,78403.56,78437.31,78395.7,78397.99,4.83768
2026-04-23 16:28:00,78398.0,78398.0,78339.81,78344.59,7.59842
2026-04-23 16:29:00,78344.59,78344.6,78300.0,78300.01,4.59611
2026-04-23 16:30:00,78300.0,78338.0,78278.38,78338.0,6.40325
2026-04-23 16:31:00,78337.99,78396.64,78337.99,78387.57,4.66172
2026-04-23 16:32:00,78387.58,78387.58,78344.24,78357.75,5.07781
2026-04-23 16:33:00,78357.75,78407.98,78357.75,78407.06,3.47967
2026-04-23 16:34:00,78407.07,78424.23,78407.06,78424.23,1.62937
2026-04-23 16:35:00,78424.23,78458.5,78424.22,78436.77,3.02621
2026-04-23 16:36:00,78436.78,78443.78,78387.15,78387.16,3.856
2026-04-23 16:37:00,78387.15,78387.15,78348.27,78376.68,5.2645
2026-04-23 16:38:00,78377.26,78427.78,78371.11,78372.73,21.84629
2026-04-23 16:39:00,78372.72,78372.73,78317.29,78317.29,6.09816
2026-04-23 16:40:00,78317.3,78365.38,78317.3,78365.38,6.15048
2026-04-23 16:41:00,78365.39,78365.39,78327.77,78335.33,2.54701
2026-04-23 16:42:00,78335.32,78359.39,78306.27,78306.27,16.26319
2026-04-23 16:43:00,78306.27,78345.41,78306.27,78345.4,9.55398
2026-04-23 16:44:00,78345.41,78369.58,78335.0,78335.01,55.7135
2026-04-23 16:45:00,78335.0,78361.65,78323.19,78338.58,6.78157
2026-04-23 16:46:00,78338.58,78342.65,78329.62,78340.69,3.01682
2026-04-23 16:47:00,78340.69,78345.7,78300.0,78322.0,3.58053
2026-04-23 16:48:00,78322.0,78342.65,78322.0,78339.14,4.03119
2026-04-23 16:49:00,78339.14,78359.19,78339.13,78340.0,18.99755
2026-04-23 16:50:00,78340.0,78340.01,78290.98,78332.0,67.86515
2026-04-23 16:51:00,78332.01,78375.54,78302.84,78302.84,9.8174
2026-04-23 16:52:00,78302.85,78302.85,78257.77,78257.77,3.65988
2026-04-23 16:53:00,78257.76,78257.77,78163.4,78169.44,13.19632
2026-04-23 16:54:00,78169.45,78169.45,78100.07,78100.78,33.2211
2026-04-23 16:55:00,78100.79,78160.19,78100.79,78130.08,13.21859
2026-04-23 16:56:00,78130.08,78130.08,78030.0,78091.67,15.45277
2026-04-23 16:57:00,78091.68,78125.68,78074.3,78074.31,6.16922
2026-04-23 16:58:00,78074.3,78149.99,78059.23,78084.21,9.35739
2026-04-23 16:59:00,78084.22,78112.0,78071.17,78103.72,17.77216
2026-04-23 17:00:00,78103.72,78169.08,78103.72,78166.81,10.49875
2026-04-23 17:01:00,78166.81,78184.85,77952.16,77978.2,79.2457
2026-04-23 17:02:00,77978.19,77978.66,77901.0,77965.03,37.36306
2026-04-23 17:03:00,77965.02,78032.2,77965.02,78009.6,8.83546
2026-04-23 17:04:00,78009.6,78030.44,77901.33,77917.21,10.6063
2026-04-23 17:05:00,77917.22,77934.0,77797.75,77899.99,27.68903
2026-04-23 17:06:00,77900.0,77908.92,77846.68,77899.57,7.4811
2026-04-23 17:07:00,77899.57,77908.19,77823.75,77835.01,17.36352
2026-04-23 17:08:00,77836.88,77847.99,77784.53,77799.36,12.41809
2026-04-23 17:09:00,77799.35,77826.85,77708.33,77727.14,18.55743
2026-04-23 17:10:00,77727.13,77788.97,77672.23,77788.97,9.74524
2026-04-23 17:11:00,77788.97,77846.73,77788.97,77846.73,13.54589
2026-04-23 17:12:00,77846.73,77910.3,77796.15,77830.0,15.18366
2026-04-23 17:13:00,77830.0,77839.51,77764.65,77795.97,2.89312
2026-04-23 17:14:00,77795.97,77850.57,77795.96,77841.95,7.44016
2026-04-23 17:15:00,77841.95,77849.54,77794.21,77794.21,4.65074
2026-04-23 17:16:00,77794.22,77850.79,77702.4,77758.22,18.24087
2026-04-23 17:17:00,77758.21,77758.22,77565.39,77672.76,42.53356
2026-04-23 17:18:00,77672.76,77672.77,77596.18,77660.12,15.61876
2026-04-23 17:19:00,77660.12,77668.16,77560.76,77631.57,17.65783
2026-04-23 17:20:00,77631.58,77631.58,77559.89,77582.41,12.92521
2026-04-23 17:21:00,77582.42,77707.56,77582.42,77668.55,13.46494
2026-04-23 17:22:00,77668.55,77668.56,77631.54,77665.29,12.2197
2026-04-23 17:23:00,77665.3,77747.19,77661.05,77723.68,14.50791
2026-04-23 17:24:00,77723.68,77723.68,77636.65,77647.72,9.78884
2026-04-23 17:25:00,77647.72,77682.0,77626.0,77664.91,4.41508
2026-04-23 17:26:00,77664.91,77841.06,77664.91,77815.12,11.58195
2026-04-23 17:27:00,77815.13,77815.13,77737.87,77741.18,4.12216
2026-04-23 17:28:00,77741.17,77741.18,77612.62,77666.89,16.08531
2026-04-23 17:29:00,77666.88,77673.9,77588.23,77588.24,11.77255
2026-04-23 17:30:00,77588.23,77652.0,77572.28,77613.27,18.33521
2026-04-23 17:31:00,77613.28,77639.9,77500.23,77588.51,19.59298
2026-04-23 17:32:00,77588.51,77683.69,77588.5,77662.0,14.62946
2026-04-23 17:33:00,77662.01,77668.0,77580.55,77592.12,8.217
2026-04-23 17:34:00,77592.11,77688.0,77592.11,77662.99,15.93118
2026-04-23 17:35:00,77662.99,77725.56,77650.59,77650.59,9.87649
2026-04-23 17:36:00,77650.59,77650.6,77421.3,77507.44,48.65441
2026-04-23 17:37:00,77507.44,77507.44,77418.0,77455.21,29.87644
2026-04-23 17:38:00,77454.48,77493.13,77425.52,77443.68,17.01185
2026-04-23 17:39:00,77443.68,77459.8,77200.0,77262.5,76.43329
2026-04-23 17:40:00,77262.49,77265.43,76982.25,77017.54,210.57323
2026-04-23 17:41:00,77018.0,77089.1,77003.68,77074.58,51.27269
2026-04-23 17:42:00,77074.57,77209.82,77000.0,77152.39,41.2515
2026-04-23 17:43:00,77152.39,77237.78,77116.0,77211.44,23.63428
2026-04-23 17:44:00,77211.44,77231.53,77123.11,77191.88,12.06426
2026-04-23 17:45:00,77191.87,77191.87,77020.0,77138.69,107.0502
2026-04-23 17:46:00,77138.7,77138.7,76996.74,77010.81,27.71319
2026-04-23 17:47:00,77010.81,77190.0,76960.0,77176.37,50.79338
2026-04-23 17:48:00,77176.36,77317.71,77148.01,77314.21,49.52357
2026-04-23 17:49:00,77314.21,77369.44,77272.77,77301.98,39.94957
2026-04-23 17:50:00,77301.97,77377.37,77234.72,77368.71,45.51992
2026-04-23 17:51:00,77368.72,77421.44,77354.38,77381.11,72.54585
2026-04-23 17:52:00,77381.11,77401.04,77330.74,77401.04,12.42201
2026-04-23 17:53:00,77401.03,77792.0,77401.03,77637.99,104.53545
2026-04-23 17:54:00,77636.62,77674.0,77525.85,77663.76,31.8393
2026-04-23 17:55:00,77663.77,77783.33,77618.11,77783.33,24.84335
2026-04-23 17:56:00,77783.33,77812.64,77745.76,77760.16,22.64852
2026-04-23 17:57:00,77760.17,77782.99,77655.9,77655.9,24.43433
2026-04-23 17:58:00,77655.89,77797.32,77655.89,77786.84,14.93745
2026-04-23 17:59:00,77786.83,77797.31,77732.95,77769.21,9.97638
2026-04-23 18:00:00,77769.2,77874.74,77742.87,77860.01,23.99885
2026-04-23 18:01:00,77860.01,77983.48,77803.17,77865.47,27.00176
2026-04-23 18:02:00,77865.48,78000.0,77822.89,77943.6,35.73918
2026-04-23 18:03:00,77943.61,78010.96,77869.35,77875.3,27.24432
2026-04-23 18:04:00,77875.07,77900.32,77778.55,77793.93,14.64958
2026-04-23 18:05:00,77793.94,77924.06,77744.59,77906.65,19.82916
2026-04-23 18:06:00,77906.65,78081.24,77894.52,78006.87,38.33017
2026-04-23 18:07:00,78006.87,78114.63,77982.71,78043.12,18.05405
2026-04-23 18:08:00,78043.11,78043.11,77928.04,77939.83,15.41776
2026-04-23 18:09:00,77939.83,77994.21,77939.82,77961.94,6.86654
2026-04-23 18:10:00,77961.94,78146.75,77961.94,78141.84,31.85211
2026-04-23 18:11:00,78141.84,78141.84,78066.0,78066.01,17.96644
2026-04-23 18:12:00,78066.01,78086.09,78020.15,78020.89,14.04976
2026-04-23 18:13:00,78020.88,78049.15,77996.72,78021.81,9.10412
2026-04-23 18:14:00,78021.8,78039.07,77978.0,77978.01,39.57035
2026-04-23 18:15:00,77978.0,78007.82,77972.52,77991.65,12.48087
2026-04-23 18:16:00,77991.66,78018.26,77991.63,78004.01,8.69444
2026-04-23 18:17:00,78004.0,78063.6,77946.36,77946.36,16.3376
2026-04-23 18:18:00,77946.37,78001.26,77890.9,77900.01,25.46264
2026-04-23 18:19:00,77900.01,77935.56,77900.0,77904.3,6.16377
2026-04-23 18:20:00,77904.3,77939.26,77900.0,77916.41,7.86283
2026-04-23 18:21:00,77916.42,77948.0,77837.5,77870.45,19.44513
2026-04-23 18:22:00,77870.46,77949.41,77870.46,77934.82,16.0193
2026-04-23 18:23:00,77934.82,77970.0,77913.0,77940.25,12.9722
2026-04-23 18:24:00,77940.26,77940.26,77914.8,77927.19,2.95336
2026-04-23 18:25:00,77927.2,77927.2,77864.0,77884.09,2.64122
2026-04-23 18:26:00,77884.08,77897.73,77867.78,77895.82,2.65786
2026-04-23 18:27:00,77895.83,77938.25,77895.83,77906.06,3.21538
2026-04-23 18:28:00,77906.06,77909.63,77881.86,77881.99,1.86493
2026-04-23 18:29:00,77882.0,77924.69,77871.41,77907.85,6.25384
2026-04-23 18:30:00,77907.85,78026.44,77907.84,78013.98,9.36966
2026-04-23 18:31:00,78013.99,78050.0,77997.28,77997.29,5.99127
2026-04-23 18:32:00,77997.28,78019.72,77959.48,77959.48,5.14684
2026-04-23 18:33:00,77959.49,78016.39,77952.82,78009.78,2.58449
2026-04-23 18:34:00,78009.78,78049.9,77980.0,77980.01,7.16883
2026-04-23 18:35:00,77980.0,78005.62,77971.47,77991.99,5.29555
2026-04-23 18:36:00,77992.0,78070.0,77992.0,78070.0,20.61533
2026-04-23 18:37:00,78069.99,78107.42,78054.93,78096.01,13.44846
2026-04-23 18:38:00,78096.0,78122.72,78068.64,78068.65,7.37934
2026-04-23 18:39:00,78068.64,78085.26,78019.21,78062.52,4.70764
2026-04-23 18:40:00,78062.51,78092.01,78032.0,78050.28,7.30129
2026-04-23 18:41:00,78050.28,78079.32,78022.9,78069.02,3.69019
2026-04-23 18:42:00,78069.03,78084.55,78001.32,78037.3,8.0467
2026-04-23 18:43:00,78037.29,78095.01,78004.2,78048.1,13.28719
2026-04-23 18:44:00,78048.1,78065.87,78026.05,78026.05,4.99225
2026-04-23 18:45:00,78026.05,78054.82,77989.45,77989.45,5.80335
2026-04-23 18:46:00,77989.46,78018.24,77964.21,78014.58,6.7218
2026-04-23 18:47:00,78014.58,78035.67,77964.55,77964.55,8.12544
2026-04-23 18:48:00,77964.55,77972.55,77927.73,77955.15,6.73621
2026-04-23 18:49:00,77955.15,77955.15,77868.71,77868.71,6.89889
2026-04-23 18:50:00,77868.71,77868.71,77797.61,77811.42,16.48347
2026-04-23 18:51:00,77811.43,77870.91,77792.75,77870.91,8.63571
2026-04-23 18:52:00,77870.91,77912.25,77870.91,77900.0,3.17567
2026-04-23 18:53:00,77900.01,77906.0,77854.6,77869.84,5.00146
2026-04-23 18:54:00,77869.83,77885.51,77854.61,77885.51,4.63854
2026-04-23 18:55:00,77885.5,77885.5,77835.57,77852.09,9.2101
2026-04-23 18:56:00,77852.1,77852.1,77792.89,77792.9,3.95866
2026-04-23 18:57:00,77792.89,77792.89,77761.2,77776.0,6.57802
2026-04-23 18:58:00,77776.0,77788.15,77755.98,77767.8,14.04475
2026-04-23 18:59:00,77767.79,77793.22,77678.65,77678.65,21.33176
2026-04-23 19:00:00,77678.65,77740.64,77669.28,77712.94,9.45457
2026-04-23 19:01:00,77712.94,77739.31,77620.0,77643.82,11.30191
2026-04-23 19:02:00,77643.83,77657.29,77592.92,77637.99,9.65701
2026-04-23 19:03:00,77637.99,77709.38,77637.99,77660.57,7.45342
2026-04-23 19:04:00,77660.56,77667.42,77624.0,77625.72,4.17723
2026-04-23 19:05:00,77625.73,77705.43,77625.07,77705.42,9.24443
2026-04-23 19:06:00,77705.43,77761.19,77683.03,77691.82,15.39904
2026-04-23 19:07:00,77691.83,77767.59,77691.82,77764.26,4.20868
2026-04-23 19:08:00,77764.26,77764.26,77704.28,77708.84,3.28663
2026-04-23 19:09:00,77708.85,77750.77,77695.79,77695.79,11.20808
2026-04-23 19:10:00,77695.79,77708.55,77693.85,77697.57,3.07161
2026-04-23 19:11:00,77697.56,77725.01,77674.0,77725.0,3.43443
2026-04-23 19:12:00,77725.01,77735.31,77671.18,77671.18,13.67126
2026-04-23 19:13:00,77671.19,77718.53,77671.19,77718.52,6.37141
2026-04-23 19:14:00,77718.52,77739.87,77674.01,77697.2,17.75316
2026-04-23 19:15:00,77697.2,77734.0,77697.2,77724.25,4.17486
2026-04-23 19:16:00,77724.24,77827.6,77717.72,77827.59,6.42533
2026-04-23 19:17:00,77827.59,77880.9,77807.88,77871.73,11.1159
2026-04-23 19:18:00,77871.73,77871.73,77824.42,77824.42,13.63646
2026-04-23 19:19:00,77824.42,77839.04,77822.03,77828.58,5.1588
2026-04-23 19:20:00,77828.58,77858.0,77814.66,77857.99,7.92353
2026-04-23 19:21:00,77858.0,77884.61,77826.07,77827.86,9.43375
2026-04-23 19:22:00,77827.87,77847.86,77807.07,77830.69,12.76283
2026-04-23 19:23:00,77830.68,77830.68,77794.4,77822.0,4.82947
2026-04-23 19:24:00,77822.0,77857.3,77796.06,77796.07,13.81039
2026-04-23 19:25:00,77796.06,77850.14,77796.06,77850.14,1.96563
2026-04-23 19:26:00,77850.13,77876.94,77848.0,77872.25,4.92771
2026-04-23 19:27:00,77872.25,77872.26,77807.22,77816.24,15.05175
2026-04-23 19:28:00,77816.24,77869.48,77816.24,77858.3,2.59203
2026-04-23 19:29:00,77858.3,77869.48,77852.61,77852.61,2.92024
2026-04-23 19:30:00,77852.62,77869.01,77835.7,77869.01,3.49502
2026-04-23 19:31:00,77869.0,77886.88,77846.12,77858.5,14.00495
2026-04-23 19:32:00,77858.49,77858.5,77794.55,77794.56,4.08898
2026-04-23 19:33:00,77794.55,77794.56,77711.3,77711.3,3.51282
2026-04-23 19:34:00,77711.31,77721.9,77678.14,77704.58,11.46505
2026-04-23 19:35:00,77704.57,77704.57,77639.53,77689.95,16.67665
2026-04-23 19:36:00,77689.95,77743.55,77689.95,77743.54,2.09921
2026-04-23 19:37:00,77743.54,77746.0,77723.29,77733.95,1.29787
2026-04-23 19:38:00,77733.96,77766.46,77677.36,77766.45,9.23296
2026-04-23 19:39:00,77766.46,77766.46,77667.94,77683.84,15.33305
2026-04-23 19:40:00,77683.84,77702.75,77683.84,77702.74,3.59458
2026-04-23 19:41:00,77702.75,77722.0,77667.93,77678.59,6.78916
2026-04-23 19:42:00,77679.02,77704.0,77659.99,77702.73,4.14661
2026-04-23 19:43:00,77702.74,77706.23,77659.99,77672.8,2.99418
2026-04-23 19:44:00,77673.66,77681.49,77638.36,77643.45,4.85181
2026-04-23 19:45:00,77643.46,77691.08,77643.46,77687.4,5.99313
2026-04-23 19:46:00,77687.4,77694.17,77678.27,77681.8,2.12536
2026-04-23 19:47:00,77681.79,77696.09,77675.52,77686.95,2.75966
2026-04-23 19:48:00,77686.94,77741.48,77684.0,77738.54,6.3322
2026-04-23 19:49:00,77738.54,77793.52,77738.54,77773.71,6.13372
2026-04-23 19:50:00,77773.7,77773.7,77593.83,77714.55,109.66795
2026-04-23 19:51:00,77714.56,77747.99,77701.25,77747.99,12.26668
2026-04-23 19:52:00,77747.99,77787.25,77747.99,77782.01,4.82503
2026-04-23 19:53:00,77782.01,77812.0,77766.19,77766.19,4.28874
2026-04-23 19:54:00,77766.19,77766.19,77702.75,77712.3,16.84542
2026-04-23 19:55:00,77712.3,77735.78,77702.81,77710.61,8.55238
2026-04-23 19:56:00,77711.01,77743.99,77698.02,77743.99,9.39667
2026-04-23 19:57:00,77744.0,77777.84,77728.69,77777.83,8.40742
2026-04-23 19:58:00,77777.83,77777.83,77725.0,77746.76,21.47445
2026-04-23 19:59:00,77746.76,77765.25,77724.0,77727.26,261.13159
2026-04-23 20:00:00,77727.25,77727.25,77637.5,77644.45,41.6194
2026-04-23 20:01:00,77644.46,77751.12,77644.46,77751.11,19.01023
2026-04-23 20:02:00,77751.11,77830.16,77751.11,77792.22,12.33376
2026-04-23 20:03:00,77792.22,77804.1,77772.6,77797.85,5.36623
2026-04-23 20:04:00,77797.86,77854.46,77797.86,77854.46,5.6097
2026-04-23 20:05:00,77854.46,77871.39,77832.0,77845.25,8.3815
2026-04-23 20:06:00,77845.24,77874.0,77843.84,77849.99,7.82137
2026-04-23 20:07:00,77850.0,77876.3,77849.99,77862.24,12.22712
2026-04-23 20:08:00,77862.23,77881.35,77854.58,77881.35,2.51375
2026-04-23 20:09:00,77881.34,77912.59,77881.34,77898.09,5.52633
2026-04-23 20:10:00,77898.09,77904.86,77842.19,77859.99,3.63044
2026-04-23 20:11:00,77860.0,77888.0,77850.0,77850.0,7.1438
2026-04-23 20:12:00,77850.0,77850.0,77822.32,77822.32,3.10645
2026-04-23 20:13:00,77822.33,77831.0,77805.23,77825.27,2.79722
2026-04-23 20:14:00,77825.27,77836.0,77775.22,77797.33,9.82007
2026-04-23 20:15:00,77797.34,77830.98,77771.65,77773.81,9.39528
2026-04-23 20:16:00,77773.39,77797.2,77678.59,77693.89,29.44015
2026-04-23 20:17:00,77693.88,77748.64,77693.88,77748.63,5.11728
2026-04-23 20:18:00,77748.63,77771.03,77748.63,77765.83,2.56311
2026-04-23 20:19:00,77765.83,77801.69,77765.82,77780.01,3.45716
2026-04-23 20:20:00,77780.01,77790.75,77768.75,77768.75,2.10093
2026-04-23 20:21:00,77768.75,77782.95,77750.2,77750.2,1.00051
2026-04-23 20:22:00,77750.2,77750.21,77716.04,77725.79,1.62009
2026-04-23 20:23:00,77725.78,77737.67,77709.8,77737.67,7.41567
2026-04-23 20:24:00,77737.68,77768.0,77737.66,77768.0,1.2538
2026-04-23 20:25:00,77767.99,77768.0,77739.18,77743.06,2.54158
2026-04-23 20:26:00,77743.06,77759.02,77743.06,77759.01,1.11134
2026-04-23 20:27:00,77759.02,77767.05,77747.97,77755.73,4.11494
2026-04-23 20:28:00,77755.73,77755.74,77710.34,77730.9,8.54894
2026-04-23 20:29:00,77730.89,77745.96,77730.89,77744.17,4.4063
2026-04-23 20:30:00,77744.17,77752.0,77720.38,77731.29,7.20148
2026-04-23 20:31:00,77731.29,77755.88,77731.28,77755.8,3.78665
2026-04-23 20:32:00,77755.81,77820.39,77755.8,77817.99,2.47965
2026-04-23 20:33:00,77818.0,77890.78,77817.99,77884.77,4.5084
2026-04-23 20:34:00,77884.77,77889.29,77866.0,77866.01,4.54584
2026-04-23 20:35:00,77866.01,77866.01,77831.23,77849.99,3.39284
2026-04-23 20:36:00,77849.99,77861.61,77836.63,77836.63,1.39593
2026-04-23 20:37:00,77836.64,77859.57,77836.63,77859.56,5.75845
2026-04-23 20:38:00,77859.57,77944.79,77859.57,77944.79,6.73019
2026-04-23 20:39:00,77944.78,77981.87,77938.13,77981.86,7.99507
2026-04-23 20:40:00,77981.86,78000.0,77955.43,77995.76,15.6947
2026-04-23 20:41:00,77995.75,78007.7,77969.32,78000.01,7.86507
2026-04-23 20:42:00,78000.0,78046.0,78000.0,78027.99,5.48118
2026-04-23 20:43:00,78028.0,78050.0,78010.01,78010.02,10.12854
2026-04-23 20:44:00,78010.02,78010.02,77961.51,77992.15,8.68367
2026-04-23 20:45:00,77992.14,78025.56,77992.14,78005.21,11.14641
2026-04-23 20:46:00,78005.21,78005.21,77960.65,77974.41,16.92033
2026-04-23 20:47:00,77974.41,77974.41,77926.43,77930.98,8.66053
2026-04-23 20:48:00,77930.98,77951.08,77930.97,77937.51,1.37082
2026-04-23 20:49:00,77937.52,77937.52,77920.65,77920.65,2.66216
2026-04-23 20:50:00,77920.66,77962.72,77920.66,77949.46,1.49584
2026-04-23 20:51:00,77949.46,77949.47,77919.95,77919.95,2.6648
2026-04-23 20:52:00,77919.96,77925.47,77918.0,77918.01,2.63355
2026-04-23 20:53:00,77918.01,77918.01,77888.0,77888.01,0.92397
2026-04-23 20:54:00,77888.0,77892.8,77888.0,77892.79,4.32114
2026-04-23 20:55:00,77892.79,77892.79,77874.23,77888.39,1.64874
2026-04-23 20:56:00,77888.38,77888.39,77852.29,77852.3,1.76776
2026-04-23 20:57:00,77852.3,77873.65,77852.29,77873.65,3.1105
2026-04-23 20:58:00,77873.66,77875.58,77873.66,77875.57,0.97263
2026-04-23 20:59:00,77875.57,77906.0,77875.57,77886.97,4.80364
2026-04-23 21:00:00,77886.97,77886.98,77854.5,77854.5,3.95405
2026-04-23 21:01:00,77854.5,77854.51,77828.21,77828.22,4.16398
2026-04-23 21:02:00,77828.22,77846.0,77828.2,77845.99,3.59432
2026-04-23 21:03:00,77846.0,77876.11,77846.0,77854.72,3.76221
2026-04-23 21:04:00,77854.73,77854.73,77844.78,77844.78,4.06009
2026-04-23 21:05:00,77844.78,77858.65,77836.92,77858.64,3.56346
2026-04-23 21:06:00,77858.65,77858.65,77858.64,77858.64,1.52247
2026-04-23 21:07:00,77858.64,77871.88,77858.64,77862.1,1.77605
2026-04-23 21:08:00,77862.1,77862.1,77839.67,77839.67,1.84189
2026-04-23 21:09:00,77839.68,77848.66,77839.67,77848.66,2.36071
2026-04-23 21:10:00,77848.67,77857.68,77846.97,77846.98,5.8018
2026-04-23 21:11:00,77846.98,77877.93,77846.97,77877.93,1.50894
2026-04-23 21:12:00,77877.93,77877.93,77877.92,77877.93,0.5808
2026-04-23 21:13:00,77877.93,77913.47,77877.92,77913.47,5.94485
2026-04-23 21:14:00,77913.46,77913.47,77879.96,77879.97,3.2506
2026-04-23 21:15:00,77879.96,77905.56,77879.96,77905.56,1.15635
2026-04-23 21:16:00,77905.56,77905.56,77870.01,77870.01,2.2203
2026-04-23 21:17:00,77870.0,77870.01,77858.02,77858.02,1.96924
2026-04-23 21:18:00,77858.03,77858.03,77858.02,77858.03,0.46933
2026-04-23 21:19:00,77858.03,77867.0,77858.02,77867.0,1.27711
2026-04-23 21:20:00,77867.0,77867.0,77800.0,77800.01,5.9818
2026-04-23 21:21:00,77800.01,77840.96,77800.0,77828.07,3.21666
2026-04-23 21:22:00,77828.07,77851.0,77828.06,77850.99,1.34637
2026-04-23 21:23:00,77851.0,77851.0,77844.78,77845.0,5.57459
2026-04-23 21:24:00,77845.0,77845.0,77844.76,77844.77,0.61731
2026-04-23 21:25:00,77844.77,77861.17,77844.76,77860.38,1.25122
2026-04-23 21:26:00,77860.38,77882.88,77860.38,77882.87,0.91594
2026-04-23 21:27:00,77882.87,77884.0,77873.91,77884.0,1.55003
2026-04-23 21:28:00,77884.0,77884.0,77883.99,77883.99,0.57178
2026-04-23 21:29:00,77884.0,77917.05,77883.99,77917.05,1.87167
2026-04-23 21:30:00,77917.06,77988.28,77917.05,77967.27,9.70061
2026-04-23 21:31:00,77967.27,77982.0,77957.44,77981.99,3.22724
2026-04-23 21:32:00,77981.99,77983.99,77979.04,77983.99,2.81649
2026-04-23 21:33:00,77983.99,78000.0,77983.99,77999.99,1.90764
2026-04-23 21:34:00,77999.99,78008.91,77984.41,78008.9,7.37869
2026-04-23 21:35:00,78008.9,78008.91,77995.42,78001.28,1.57604
2026-04-23 21:36:00,78001.27,78021.11,77995.42,78021.1,4.2797
2026-04-23 21:37:00,78021.1,78039.28,78021.1,78039.27,1.56
2026-04-23 21:38:00,78039.27,78047.52,78028.93,78028.93,3.2699
2026-04-23 21:39:00,78028.93,78028.93,78006.0,78006.01,19.53585
2026-04-23 21:40:00,78006.01,78010.97,77980.87,78010.97,5.9482
2026-04-23 21:41:00,78010.96,78010.97,77996.48,78007.22,2.95904
2026-04-23 21:42:00,78007.21,78022.34,78007.21,78022.33,1.01176
2026-04-23 21:43:00,78022.34,78041.67,78022.34,78040.53,3.53942
2026-04-23 21:44:00,78040.53,78070.0,78029.0,78069.99,15.23397
2026-04-23 21:45:00,78069.99,78069.99,78028.07,78039.0,1.41742
2026-04-23 21:46:00,78039.0,78039.0,78028.07,78028.07,2.63631
2026-04-23 21:47:00,78028.08,78039.0,78028.07,78039.0,0.97514
2026-04-23 21:48:00,78039.0,78039.0,78011.54,78011.54,1.59883
2026-04-23 21:49:00,78011.54,78035.0,78011.53,78024.01,4.05617
2026-04-23 21:50:00,78024.0,78024.01,78015.84,78015.84,1.89777
2026-04-23 21:51:00,78015.84,78015.85,78013.27,78013.28,1.35539
2026-04-23 21:52:00,78013.27,78013.28,77996.49,77996.49,2.97057
2026-04-23 21:53:00,77996.49,78000.18,77996.49,78000.18,1.82415
2026-04-23 21:54:00,78000.18,78000.18,77996.49,78000.17,1.13772
2026-04-23 21:55:00,78000.17,78000.18,78000.17,78000.18,1.17601
2026-04-23 21:56:00,78000.17,78000.18,77978.51,77978.51,3.67798
2026-04-23 21:57:00,77978.51,77978.51,77950.0,77950.0,2.65742
2026-04-23 21:58:00,77950.0,77965.48,77940.68,77965.48,9.20958
2026-04-23 21:59:00,77965.48,77965.48,77863.5,77864.83,13.16658
2026-04-23 22:00:00,77864.84,77994.86,77864.83,77994.86,5.843
2026-04-23 22:01:00,77994.85,78010.0,77986.54,77997.29,11.09765
2026-04-23 22:02:00,77997.28,78013.02,77978.64,77997.74,7.4148
2026-04-23 22:03:00,77997.75,78018.14,77996.0,78017.96,2.37151
2026-04-23 22:04:00,78017.96,78017.97,77988.26,78013.01,4.61861
2026-04-23 22:05:00,78013.01,78033.03,78010.09,78030.15,2.65171
2026-04-23 22:06:00,78030.14,78030.15,78021.46,78030.14,0.85395
2026-04-23 22:07:00,78030.15,78048.0,78030.14,78034.63,6.31019
2026-04-23 22:08:00,78034.63,78173.15,78034.62,78089.88,20.68451
2026-04-23 22:09:00,78089.88,78100.0,78080.11,78090.68,1.94059
2026-04-23 22:10:00,78090.68,78150.7,78090.67,78150.7,4.35753
2026-04-23 22:11:00,78150.69,78150.7,78086.7,78086.71,18.12833
2026-04-23 22:12:00,78086.7,78086.71,78041.69,78043.21,4.2005
2026-04-23 22:13:00,78043.2,78075.77,78043.2,78075.77,2.04975
2026-04-23 22:14:00,78075.77,78075.77,78062.3,78062.31,2.63214
2026-04-23 22:15:00,78062.31,78075.77,78043.26,78043.27,1.18512
2026-04-23 22:16:00,78043.26,78118.0,78043.26,78081.18,5.22447
2026-04-23 22:17:00,78081.18,78211.07,78081.18,78160.51,14.08339
2026-04-23 22:18:00,78160.51,78166.92,78137.98,78137.98,2.25921
2026-04-23 22:19:00,78137.98,78267.99,78137.98,78230.11,22.42052
2026-04-23 22:20:00,78230.11,78251.57,78214.0,78231.39,4.27848
2026-04-23 22:21:00,78231.38,78231.39,78201.53,78201.53,3.17569
2026-04-23 22:22:00,78201.53,78204.87,78177.95,78177.95,1.99122
2026-04-23 22:23:00,78177.95,78189.71,78154.25,78189.71,3.29256
2026-04-23 22:24:00,78189.71,78197.52,78189.71,78197.51,2.25362
2026-04-23 22:25:00,78197.52,78197.52,78153.47,78153.48,2.97502
2026-04-23 22:26:00,78153.47,78171.87,78150.0,78171.87,1.85274
2026-04-23 22:27:00,78171.87,78205.76,78171.86,78205.76,1.61397
2026-04-23 22:28:00,78205.76,78250.0,78199.17,78248.0,6.25729
2026-04-23 22:29:00,78248.01,78248.01,78178.34,78178.34,4.75493
2026-04-23 22:30:00,78178.33,78191.86,78178.33,78191.86,1.54836
2026-04-23 22:31:00,78191.86,78220.27,78191.85,78220.27,2.48449
2026-04-23 22:32:00,78220.27,78226.52,78220.26,78226.38,2.04757
2026-04-23 22:33:00,78226.37,78250.0,78205.93,78232.01,3.62658
2026-04-23 22:34:00,78232.01,78250.0,78217.48,78217.49,3.78391
2026-04-23 22:35:00,78217.48,78260.0,78217.48,78260.0,3.59895
2026-04-23 22:36:00,78259.99,78276.92,78250.95,78262.4,4.64333
2026-04-23 22:37:00,78262.41,78276.19,78239.02,78239.02,3.08
2026-04-23 22:38:00,78239.02,78239.03,78229.1,78239.02,1.9492
2026-04-23 22:39:00,78239.03,78254.24,78239.02,78250.55,0.83235
2026-04-23 22:40:00,78250.55,78250.55,78232.77,78232.78,1.37563
2026-04-23 22:41:00,78232.78,78277.69,78232.77,78277.68,2.56704
2026-04-23 22:42:00,78277.69,78277.69,78252.72,78252.72,1.94076
2026-04-23 22:43:00,78252.73,78277.69,78252.72,78277.69,1.52882
2026-04-23 22:44:00,78277.69,78306.0,78277.68,78306.0,9.19084
2026-04-23 22:45:00,78306.37,78331.0,78306.37,78316.72,7.28637
2026-04-23 22:46:00,78316.73,78316.73,78306.75,78306.75,2.04177
2026-04-23 22:47:00,78306.54,78306.54,78266.88,78279.99,3.24519
2026-04-23 22:48:00,78280.0,78316.73,78280.0,78316.73,1.16807
2026-04-23 22:49:00,78316.72,78316.73,78281.68,78289.5,13.83505
2026-04-23 22:50:00,78289.5,78289.51,78268.57,78268.57,1.29735
2026-04-23 22:51:00,78268.57,78282.59,78268.57,78279.99,2.37895
2026-04-23 22:52:00,78280.0,78280.0,78257.52,78257.53,2.67277
2026-04-23 22:53:00,78257.53,78257.53,78246.0,78246.01,0.75851
2026-04-23 22:54:00,78246.0,78275.02,78246.0,78268.98,4.22583
2026-04-23 22:55:00,78268.97,78276.0,78268.97,78275.99,0.70721
2026-04-23 22:56:00,78276.0,78278.0,78256.2,78256.2,2.73949
2026-04-23 22:57:00,78256.2,78256.2,78209.69,78212.01,7.56223
2026-04-23 22:58:00,78212.0,78216.66,78207.47,78210.35,1.34558
2026-04-23 22:59:00,78210.36,78235.3,78210.36,78235.3,3.095
2026-04-23 23:00:00,78235.29,78235.29,78185.0,78229.23,8.45551
2026-04-23 23:01:00,78229.22,78229.23,78214.98,78226.11,3.68913
2026-04-23 23:02:00,78226.11,78227.37,78200.0,78211.22,4.29183
2026-04-23 23:03:00,78211.22,78220.0,78200.0,78210.22,3.68916
2026-04-23 23:04:00,78210.22,78210.22,78201.38,78201.39,2.54912
2026-04-23 23:05:00,78201.38,78217.63,78201.38,78217.63,5.72463
2026-04-23 23:06:00,78217.63,78217.63,78217.62,78217.62,1.05934
2026-04-23 23:07:00,78217.63,78217.63,78191.3,78191.31,3.76525
2026-04-23 23:08:00,78191.31,78193.99,78184.67,78184.68,2.90202
2026-04-23 23:09:00,78184.67,78189.1,78165.66,78165.66,7.09533
2026-04-23 23:10:00,78165.16,78165.16,78118.0,78118.01,3.89785
2026-04-23 23:11:00,78118.01,78136.0,78118.0,78131.01,1.16244
2026-04-23 23:12:00,78131.01,78131.01,78088.53,78088.54,5.24271
2026-04-23 23:13:00,78088.54,78105.19,78088.53,78100.02,2.60688
2026-04-23 23:14:00,78100.02,78102.35,78096.77,78096.78,1.43474
2026-04-23 23:15:00,78096.78,78099.49,78075.68,78082.81,4.19016
2026-04-23 23:16:00,78082.82,78082.82,78048.44,78048.44,2.32724
2026-04-23 23:17:00,78048.45,78074.22,78030.0,78074.21,2.56217
2026-04-23 23:18:00,78074.22,78074.22,78048.0,78048.0,2.40134
2026-04-23 23:19:00,78048.01,78087.75,78048.0,78082.34,6.87177
2026-04-23 23:20:00,78082.34,78115.62,78065.64,78101.4,4.33114
2026-04-23 23:21:00,78101.41,78123.43,78101.4,78102.48,2.24928
2026-04-23 23:22:00,78102.48,78118.98,78102.47,78118.98,5.34179
2026-04-23 23:23:00,78119.18,78150.0,78119.18,78130.92,4.34709
2026-04-23 23:24:00,78130.92,78130.92,78130.91,78130.92,1.34442
2026-04-23 23:25:00,78130.92,78130.92,78128.0,78128.02,5.73434
2026-04-23 23:26:00,78128.01,78128.02,78102.48,78102.48,5.222
2026-04-23 23:27:00,78102.49,78135.4,78102.48,78135.4,1.89622
2026-04-23 23:28:00,78135.4,78152.0,78132.65,78132.65,2.27521
2026-04-23 23:29:00,78132.66,78147.96,78132.66,78134.01,2.9793
2026-04-23 23:30:00,78134.01,78176.32,78134.01,78173.0,3.52267
2026-04-23 23:31:00,78172.99,78186.7,78158.85,78158.86,10.45257
2026-04-23 23:32:00,78158.86,78166.68,78158.85,78158.86,2.63835
2026-04-23 23:33:00,78158.86,78158.86,78136.0,78136.01,1.76594
2026-04-23 23:34:00,78136.01,78162.95,78136.01,78162.94,1.5939
2026-04-23 23:35:00,78162.95,78193.32,78162.94,78193.32,2.40367
2026-04-23 23:36:00,78193.32,78193.32,78176.0,78176.01,2.3947
2026-04-23 23:37:00,78176.01,78193.19,78164.47,78193.19,3.10237
2026-04-23 23:38:00,78193.18,78200.0,78193.18,78200.0,1.79599
2026-04-23 23:39:00,78200.0,78220.0,78199.99,78217.74,2.0522
2026-04-23 23:40:00,78217.73,78243.97,78217.73,78243.96,1.58416
2026-04-23 23:41:00,78243.97,78257.62,78243.96,78249.49,1.84105
2026-04-23 23:42:00,78249.49,78277.57,78249.48,78272.22,4.5287
2026-04-23 23:43:00,78272.21,78272.22,78247.35,78247.84,1.4828
2026-04-23 23:44:00,78247.83,78257.98,78247.83,78257.98,2.6592
2026-04-23 23:45:00,78257.98,78257.98,78245.75,78245.75,2.23779
2026-04-23 23:46:00,78245.75,78252.7,78220.48,78252.7,1.8839
2026-04-23 23:47:00,78252.69,78298.0,78252.69,78298.0,4.86718
2026-04-23 23:48:00,78297.99,78298.01,78250.63,78250.63,3.70272
2026-04-23 23:49:00,78250.63,78256.64,78250.62,78252.83,1.85024
2026-04-23 23:50:00,78252.83,78292.09,78252.82,78272.41,5.12328
2026-04-23 23:51:00,78272.41,78272.42,78257.27,78268.45,1.80666
2026-04-23 23:52:00,78268.46,78271.5,78268.0,78268.01,0.51375
2026-04-23 23:53:00,78268.01,78268.01,78250.0,78259.34,2.28933
2026-04-23 23:54:00,78259.34,78267.12,78241.99,78242.0,18.77918
2026-04-23 23:55:00,78242.0,78263.27,78241.99,78255.42,16.60097
2026-04-23 23:56:00,78255.42,78255.43,78240.53,78240.54,4.47054
2026-04-23 23:57:00,78240.53,78254.23,78240.53,78242.35,1.75009
2026-04-23 23:58:00,78242.35,78244.13,78242.34,78244.12,2.06098
2026-04-23 23:59:00,78244.12,78257.48,78244.12,78257.48,4.66965
2026-04-24 00:00:00,78257.48,78296.21,78257.48,78293.82,4.05188
2026-04-24 00:01:00,78293.83,78293.83,78272.8,78282.8,6.60832
2026-04-24 00:02:00,78282.8,78291.03,78265.33,78265.33,5.48097
2026-04-24 00:03:00,78265.34,78269.82,78252.72,78264.25,2.80354
2026-04-24 00:04:00,78264.25,78264.25,78177.1,78177.11,3.8435
2026-04-24 00:05:00,78177.11,78241.7,78172.01,78241.69,5.00146
2026-04-24 00:06:00,78241.7,78265.0,78241.69,78242.5,3.32292
2026-04-24 00:07:00,78242.5,78308.85,78242.49,78283.47,3.59082
2026-04-24 00:08:00,78283.47,78296.53,78283.46,78286.5,2.89972
2026-04-24 00:09:00,78286.5,78344.07,78286.5,78330.16,3.82227
2026-04-24 00:10:00,78330.16,78330.17,78292.2,78293.87,3.16425
2026-04-24 00:11:00,78293.88,78303.93,78293.87,78301.65,5.95641
2026-04-24 00:12:00,78301.65,78301.65,78278.0,78299.54,1.99335
2026-04-24 00:13:00,78299.53,78299.54,78273.24,78273.25,3.55672
2026-04-24 00:14:00,78273.25,78295.93,78273.24,78295.92,3.73672
2026-04-24 00:15:00,78295.93,78348.0,78295.93,78303.06,3.58533
2026-04-24 00:16:00,78303.07,78303.07,78277.63,78277.63,2.77169
2026-04-24 00:17:00,78277.63,78287.08,78259.06,78287.07,2.34926
2026-04-24 00:18:00,78287.07,78323.17,78287.07,78323.16,4.5206
2026-04-24 00:19:00,78323.17,78366.64,78323.17,78360.28,4.08581
2026-04-24 00:20:00,78360.27,78440.76,78360.27,78380.0,19.8913
2026-04-24 00:21:00,78380.01,78380.01,78363.63,78370.94,2.41774
2026-04-24 00:22:00,78370.94,78459.16,78370.93,78433.41,92.38316
2026-04-24 00:23:00,78433.41,78473.84,78418.87,78473.83,6.84628
2026-04-24 00:24:00,78473.83,78473.84,78346.02,78346.03,51.69795
2026-04-24 00:25:00,78346.02,78390.46,78346.02,78375.02,52.04901
2026-04-24 00:26:00,78375.02,78416.13,78375.02,78395.44,5.09914
2026-04-24 00:27:00,78395.45,78432.56,78395.45,78432.56,3.6568
2026-04-24 00:28:00,78432.55,78440.23,78411.98,78411.98,2.16309
2026-04-24 00:29:00,78411.98,78411.99,78400.0,78407.99,3.01933
2026-04-24 00:30:00,78408.0,78450.0,78407.99,78450.0,2.05714
2026-04-24 00:31:00,78450.0,78470.0,78430.3,78436.69,4.93808
2026-04-24 00:32:00,78436.68,78436.68,78403.9,78423.23,2.86652
2026-04-24 00:33:00,78423.23,78438.95,78420.0,78420.01,3.50369
2026-04-24 00:34:00,78420.01,78443.84,78420.0,78443.83,2.17359
2026-04-24 00:35:00,78443.83,78465.78,78443.83,78465.77,4.0418
2026-04-24 00:36:00,78465.77,78480.3,78465.77,78471.99,2.60102
2026-04-24 00:37:00,78472.0,78490.83,78456.29,78456.3,4.12263
2026-04-24 00:38:00,78456.29,78465.62,78437.61,78465.61,3.18539
2026-04-24 00:39:00,78465.61,78474.88,78457.08,78458.7,1.44252
2026-04-24 00:40:00,78458.7,78458.71,78431.99,78432.0,1.73263
2026-04-24 00:41:00,78431.99,78432.95,78422.14,78432.95,2.19231
2026-04-24 00:42:00,78432.94,78432.94,78377.03,78377.03,5.86465
2026-04-24 00:43:00,78377.04,78404.07,78377.03,78399.99,2.00049
2026-04-24 00:44:00,78399.99,78400.0,78378.15,78383.67,3.13155
2026-04-24 00:45:00,78383.67,78430.01,78383.66,78430.0,1.99971
2026-04-24 00:46:00,78430.0,78464.19,78430.0,78458.16,1.52588
2026-04-24 00:47:00,78458.17,78458.17,78447.13,78452.9,1.32181
2026-04-24 00:48:00,78452.9,78452.91,78442.0,78442.01,1.85534
2026-04-24 00:49:00,78442.01,78473.29,78442.0,78450.01,2.1028
2026-04-24 00:50:00,78450.0,78453.94,78436.2,78436.21,6.31184
2026-04-24 00:51:00,78436.21,78464.31,78417.25,78432.92,15.82954
2026-04-24 00:52:00,78432.91,78432.92,78414.97,78414.98,1.50281
2026-04-24 00:53:00,78414.98,78414.98,78378.58,78387.39,3.38784
2026-04-24 00:54:00,78387.38,78397.67,78387.38,78397.66,1.51118
2026-04-24 00:55:00,78397.67,78397.67,78326.28,78329.04,3.91143
2026-04-24 00:56:00,78329.04,78349.99,78329.03,78337.68,4.62503
2026-04-24 00:57:00,78337.68,78360.06,78328.57,78360.05,3.51241
2026-04-24 00:58:00,78360.05,78386.85,78360.05,78371.98,2.44458
2026-04-24 00:59:00,78371.99,78417.23,78344.26,78417.22,37.30902
2026-04-24 01:00:00,78417.22,78428.76,78334.02,78346.99,39.13346
2026-04-24 01:01:00,78346.99,78346.99,78259.99,78278.47,9.53385
2026-04-24 01:02:00,78278.0,78293.14,78259.77,78293.14,1.9594
2026-04-24 01:03:00,78293.13,78322.51,78285.51,78285.52,3.41132
2026-04-24 01:04:00,78285.51,78285.51,78250.0,78250.0,2.03864
2026-04-24 01:05:00,78250.0,78250.0,78208.01,78228.0,3.8037
2026-04-24 01:06:00,78228.0,78235.25,78180.82,78188.61,8.19385
2026-04-24 01:07:00,78188.61,78208.0,78188.61,78202.01,4.25828
2026-04-24 01:08:00,78202.01,78202.01,78173.15,78188.61,2.4072
2026-04-24 01:09:00,78188.61,78188.61,78076.09,78141.57,41.94459
2026-04-24 01:10:00,78141.56,78157.21,78141.56,78153.7,1.93799
2026-04-24 01:11:00,78153.69,78173.58,78153.69,78171.36,1.6291
2026-04-24 01:12:00,78171.36,78183.51,78146.66,78146.67,2.91176
2026-04-24 01:13:00,78146.66,78158.06,78136.79,78157.21,1.64736
2026-04-24 01:14:00,78157.21,78166.0,78150.23,78156.01,0.90394
2026-04-24 01:15:00,78156.0,78182.29,78153.69,78153.69,1.53877
2026-04-24 01:16:00,78153.7,78153.7,78108.18,78108.18,2.29676
2026-04-24 01:17:00,78108.18,78118.26,78100.0,78118.26,1.37874
2026-04-24 01:18:00,78118.25,78118.26,78094.99,78098.18,8.70623
2026-04-24 01:19:00,78098.18,78098.78,78078.93,78078.94,1.22908
2026-04-24 01:20:00,78078.93,78078.93,78053.19,78060.0,9.35255
2026-04-24 01:21:00,78060.01,78060.01,78043.74,78052.23,3.03378
2026-04-24 01:22:00,78052.22,78084.07,78052.22,78073.01,2.13582
2026-04-24 01:23:00,78073.02,78073.02,77984.68,78034.34,101.52575
2026-04-24 01:24:00,78034.35,78054.69,78034.34,78036.85,5.76778
2026-04-24 01:25:00,78036.85,78043.82,78034.01,78034.02,3.01377
2026-04-24 01:26:00,78034.02,78071.73,78034.02,78071.73,2.43325
2026-04-24 01:27:00,78071.73,78084.06,78056.41,78084.06,1.92877
2026-04-24 01:28:00,78084.06,78084.07,78084.06,78084.07,1.22888
2026-04-24 01:29:00,78084.07,78084.07,78025.98,78025.99,14.92914
2026-04-24 01:30:00,78025.99,78061.18,78025.98,78061.18,17.76843
2026-04-24 01:31:00,78061.18,78061.18,78003.64,78003.65,2.16875
2026-04-24 01:32:00,78003.64,78003.65,77952.16,77992.9,11.47589
2026-04-24 01:33:00,77992.9,78038.49,77992.89,78028.29,2.04947
2026-04-24 01:34:00,78028.29,78052.24,78028.29,78040.04,3.45009
2026-04-24 01:35:00,78040.04,78050.0,78027.43,78037.99,1.23507
2026-04-24 01:36:00,78037.99,78038.0,78022.26,78022.27,1.01132
2026-04-24 01:37:00,78022.27,78087.9,78022.27,78087.9,3.87124
2026-04-24 01:38:00,78087.9,78130.21,78080.43,78080.44,2.9222
2026-04-24 01:39:00,78080.44,78099.2,78078.2,78099.2,1.74756
2026-04-24 01:40:00,78099.2,78141.97,78099.19,78141.96,1.41757
2026-04-24 01:41:00,78141.96,78141.97,78130.63,78130.64,1.1444
2026-04-24 01:42:00,78130.63,78130.64,78104.4,78104.4,0.78891
2026-04-24 01:43:00,78104.41,78104.41,78050.0,78050.0,1.96097
2026-04-24 01:44:00,78050.01,78051.46,78026.75,78051.46,2.27136
2026-04-24 01:45:00,78051.45,78051.46,78033.66,78033.67,2.5835
2026-04-24 01:46:00,78033.66,78114.0,78033.66,78114.0,4.48671
2026-04-24 01:47:00,78114.0,78217.93,78114.0,78208.01,12.45501
2026-04-24 01:48:00,78208.01,78229.23,78206.38,78206.38,3.25395
2026-04-24 01:49:00,78206.39,78287.23,78206.38,78287.23,7.14269
2026-04-24 01:50:00,78287.23,78373.84,78287.22,78358.14,16.36713
2026-04-24 01:51:00,78358.13,78450.0,78358.13,78422.83,23.09468
2026-04-24 01:52:00,78422.83,78440.86,78418.0,78422.12,2.44867
2026-04-24 01:53:00,78422.12,78422.12,78357.43,78376.62,7.90371
2026-04-24 01:54:00,78376.63,78447.24,78368.69,78396.15,91.28232
2026-04-24 01:55:00,78396.15,78417.22,78396.14,78417.22,1.74365
2026-04-24 01:56:00,78417.22,78440.0,78396.14,78411.48,6.2807
2026-04-24 01:57:00,78411.67,78435.85,78411.67,78435.85,1.57984
2026-04-24 01:58:00,78435.85,78446.0,78435.84,78435.85,1.60119
2026-04-24 01:59:00,78435.84,78449.67,78429.73,78429.73,10.12746
2026-04-24 02:00:00,78429.73,78441.87,78409.77,78441.87,16.68439
2026-04-24 02:01:00,78441.86,78482.24,78439.3,78471.31,23.12886
2026-04-24 02:02:00,78471.31,78485.82,78458.3,78481.93,11.74025
2026-04-24 02:03:00,78481.93,78581.93,78481.93,78528.64,28.43104
2026-04-24 02:04:00,78528.63,78528.64,78418.8,78418.8,20.85504
2026-04-24 02:05:00,78418.81,78422.56,78372.42,78372.42,15.80924
2026-04-24 02:06:00,78372.43,78388.0,78332.93,78343.82,4.139
2026-04-24 02:07:00,78343.81,78351.65,78332.78,78351.65,3.302
2026-04-24 02:08:00,78351.65,78372.59,78338.0,78338.0,6.6865
2026-04-24 02:09:00,78338.01,78349.75,78332.38,78347.1,5.87657
2026-04-24 02:10:00,78347.09,78386.85,78325.32,78386.84,3.23227
2026-04-24 02:11:00,78386.85,78386.85,78302.94,78305.03,9.83927
2026-04-24 02:12:00,78305.04,78336.66,78305.03,78332.0,3.46896
2026-04-24 02:13:00,78332.0,78415.88,78331.99,78411.2,6.07897
2026-04-24 02:14:00,78411.2,78418.88,78386.85,78392.0,4.01212
2026-04-24 02:15:00,78392.0,78401.35,78366.0,78374.98,3.38956
2026-04-24 02:16:00,78374.98,78387.62,78358.37,78358.38,1.51628
2026-04-24 02:17:00,78358.38,78384.0,78358.37,78378.01,0.918
2026-04-24 02:18:00,78378.01,78382.18,78374.99,78375.0,1.93056
2026-04-24 02:19:00,78374.99,78375.0,78357.97,78357.97,2.1434
2026-04-24 02:20:00,78357.98,78357.98,78345.57,78357.97,2.76968
2026-04-24 02:21:00,78357.97,78358.0,78289.62,78310.19,6.32859
2026-04-24 02:22:00,78310.19,78312.16,78268.0,78269.19,3.87785
2026-04-24 02:23:00,78269.19,78287.45,78267.68,78277.46,2.44578
2026-04-24 02:24:00,78277.45,78287.99,78267.7,78267.7,2.12995
2026-04-24 02:25:00,78267.7,78278.53,78262.18,78266.69,2.87911
2026-04-24 02:26:00,78266.69,78266.7,78253.21,78262.04,3.60135
2026-04-24 02:27:00,78262.04,78293.14,78262.04,78282.74,4.4188
2026-04-24 02:28:00,78282.73,78293.14,78257.47,78257.48,1.84409
2026-04-24 02:29:00,78257.47,78259.97,78250.0,78259.96,2.79007
2026-04-24 02:30:00,78259.97,78296.58,78259.96,78278.75,9.12494
2026-04-24 02:31:00,78278.76,78293.14,78263.17,78263.18,5.34622
2026-04-24 02:32:00,78263.17,78281.46,78258.68,78281.45,2.48203
2026-04-24 02:33:00,78281.45,78313.4,78281.45,78306.16,3.17685
2026-04-24 02:34:00,78306.16,78306.17,78279.62,78306.16,5.38286
2026-04-24 02:35:00,78306.17,78334.55,78306.16,78334.55,2.19749
2026-04-24 02:36:00,78334.56,78346.68,78313.47,78313.47,2.3042
2026-04-24 02:37:00,78313.47,78313.48,78276.2,78290.0,2.58974
2026-04-24 02:38:00,78290.0,78343.53,78289.99,78343.53,3.87744
2026-04-24 02:39:00,78343.52,78352.26,78324.47,78324.48,6.02523
2026-04-24 02:40:00,78324.48,78330.31,78308.02,78330.18,2.40099
2026-04-24 02:41:00,78330.18,78349.17,78330.18,78349.16,1.76917
2026-04-24 02:42:00,78349.17,78359.49,78349.16,78354.06,2.79084
2026-04-24 02:43:00,78354.06,78361.92,78354.06,78361.92,1.33941
2026-04-24 02:44:00,78361.93,78413.93,78361.93,78413.92,2.83839
2026-04-24 02:45:00,78413.92,78431.72,78413.92,78420.58,3.69765
2026-04-24 02:46:00,78418.74,78418.74,78399.99,78400.0,0.7557
2026-04-24 02:47:00,78399.99,78400.0,78386.0,78386.0,0.73851
2026-04-24 02:48:00,78386.0,78386.01,78335.67,78335.67,10.47597
2026-04-24 02:49:00,78335.68,78374.0,78335.68,78372.59,28.1026
2026-04-24 02:50:00,78372.59,78372.59,78366.0,78371.83,2.88778
2026-04-24 02:51:00,78371.83,78378.03,78286.0,78286.01,16.85018
2026-04-24 02:52:00,78286.0,78287.96,78077.26,78085.6,30.04268
2026-04-24 02:53:00,78085.6,78173.61,78067.17,78138.9,39.58724
2026-04-24 02:54:00,78138.89,78168.86,78126.18,78146.01,5.30394
2026-04-24 02:55:00,78146.0,78167.67,78132.03,78139.95,3.6519
2026-04-24 02:56:00,78139.95,78139.95,78111.97,78111.97,2.45391
2026-04-24 02:57:00,78111.97,78139.95,78097.38,78139.94,2.65275
2026-04-24 02:58:00,78139.94,78139.94,78128.43,78128.43,0.59457
2026-04-24 02:59:00,78128.43,78139.95,78124.54,78125.65,17.85424
2026-04-24 03:00:00,78125.65,78165.24,78125.64,78154.66,9.30062
2026-04-24 03:01:00,78154.66,78154.66,78142.08,78142.09,2.77283
2026-04-24 03:02:00,78142.08,78144.24,78138.46,78138.46,3.12596
2026-04-24 03:03:00,78138.46,78138.47,78110.0,78110.0,3.15076
2026-04-24 03:04:00,78110.0,78137.55,78078.56,78137.54,3.48983
2026-04-24 03:05:00,78137.54,78137.55,78104.0,78104.0,1.27426
2026-04-24 03:06:00,78104.0,78131.3,78093.35,78108.56,7.38961
2026-04-24 03:07:00,78108.57,78120.28,78103.36,78107.67,7.38348
2026-04-24 03:08:00,78107.67,78110.0,78096.05,78109.98,9.2889
2026-04-24 03:09:00,78109.98,78153.52,78109.98,78140.53,2.72571
2026-04-24 03:10:00,78140.52,78178.4,78140.52,78153.53,9.29072
2026-04-24 03:11:00,78153.52,78153.52,78113.19,78113.2,1.87592
2026-04-24 03:12:00,78113.2,78122.0,78106.08,78122.0,4.38413
2026-04-24 03:13:00,78121.99,78153.38,78121.99,78148.93,2.35313
2026-04-24 03:14:00,78148.93,78148.94,78131.89,78131.89,2.24278
2026-04-24 03:15:00,78131.89,78131.9,78041.7,78041.7,9.15901
2026-04-24 03:16:00,78041.7,78084.07,78041.7,78064.01,3.1177
2026-04-24 03:17:00,78064.0,78081.12,78052.18,78054.48,3.53719
2026-04-24 03:18:00,78054.48,78054.49,78028.71,78039.08,5.97565
2026-04-24 03:19:00,78039.09,78060.22,78039.08,78052.75,1.97742
2026-04-24 03:20:00,78052.75,78052.75,78010.2,78010.21,1.78254
2026-04-24 03:21:00,78010.21,78022.99,78010.2,78010.96,1.66194
2026-04-24 03:22:00,78010.97,78021.17,77955.0,77968.72,15.37946
2026-04-24 03:23:00,77968.73,77974.76,77760.87,77861.42,64.05749
2026-04-24 03:24:00,77861.42,77861.43,77667.99,77709.39,64.67503
2026-04-24 03:25:00,77709.4,77821.52,77709.4,77819.43,45.63698
2026-04-24 03:26:00,77819.44,77867.86,77814.2,77815.23,16.18669
2026-04-24 03:27:00,77815.23,77836.0,77796.88,77802.09,4.8021
2026-04-24 03:28:00,77802.09,77820.68,77791.02,77791.02,4.27276
2026-04-24 03:29:00,77791.02,77791.02,77750.4,77750.41,5.55076
2026-04-24 03:30:00,77750.41,77750.41,77720.0,77720.32,6.73252
2026-04-24 03:31:00,77720.32,77735.88,77666.88,77666.89,27.03898
2026-04-24 03:32:00,77666.88,77688.55,77555.0,77621.65,64.32181
2026-04-24 03:33:00,77621.64,77640.07,77564.99,77586.62,97.89036
2026-04-24 03:34:00,77586.62,77617.38,77576.74,77600.23,8.26785
2026-04-24 03:35:00,77600.23,77651.15,77600.22,77639.87,10.33007
2026-04-24 03:36:00,77639.87,77698.86,77639.86,77678.3,9.17164
2026-04-24 03:37:00,77678.31,77705.16,77678.3,77692.39,6.73835
2026-04-24 03:38:00,77692.39,77708.95,77688.85,77688.85,6.22761
2026-04-24 03:39:00,77688.84,77688.84,77665.27,77680.0,3.87976
2026-04-24 03:40:00,77679.99,77681.49,77658.66,77679.55,4.27426
2026-04-24 03:41:00,77679.56,77679.56,77609.33,77610.57,6.67107
2026-04-24 03:42:00,77612.48,77647.14,77612.47,77636.4,1.87508
2026-04-24 03:43:00,77636.4,77653.77,77630.69,77653.76,3.66408
2026-04-24 03:44:00,77653.76,77653.77,77619.24,77644.59,2.85192
2026-04-24 03:45:00,77644.6,77658.0,77636.5,77658.0,1.71051
2026-04-24 03:46:00,77658.0,77665.94,77645.97,77645.98,6.07956
2026-04-24 03:47:00,77645.97,77689.49,77641.18,77689.48,2.25271
2026-04-24 03:48:00,77689.49,77725.58,77682.0,77715.84,15.27742
2026-04-24 03:49:00,77715.84,77715.84,77686.41,77686.42,2.44699
2026-04-24 03:50:00,77686.42,77692.0,77672.54,77691.99,2.24276
2026-04-24 03:51:00,77691.99,77734.22,77691.99,77734.21,4.27731
2026-04-24 03:52:00,77734.21,77742.32,77734.2,77742.31,1.65091
2026-04-24 03:53:00,77742.32,77742.32,77704.0,77724.51,8.86288
2026-04-24 03:54:00,77724.5,77724.51,77708.41,77721.84,2.60006
2026-04-24 03:55:00,77721.85,77721.85,77702.0,77718.51,5.44498
2026-04-24 03:56:00,77718.52,77722.34,77718.52,77718.52,3.01707
2026-04-24 03:57:00,77718.52,77731.21,77718.52,77726.32,2.49473
2026-04-24 03:58:00,77726.32,77737.86,77726.31,77734.04,3.15612
2026-04-24 03:59:00,77734.04,77737.85,77734.03,77737.85,0.68913
2026-04-24 04:00:00,77737.84,77737.85,77714.42,77714.43,5.30336
2026-04-24 04:01:00,77714.42,77714.43,77675.71,77703.99,6.19443
2026-04-24 04:02:00,77703.99,77704.0,77690.91,77690.92,17.45111
2026-04-24 04:03:00,77690.91,77693.41,77690.91,77693.4,4.42842
2026-04-24 04:04:00,77693.4,77713.8,77690.9,77690.91,5.66447
2026-04-24 04:05:00,77690.91,77738.22,77690.91,77728.48,5.99776
2026-04-24 04:06:00,77728.49,77728.49,77690.0,77690.0,3.03815
2026-04-24 04:07:00,77690.01,77690.01,77690.0,77690.01,1.12768
2026-04-24 04:08:00,77690.01,77710.54,77690.0,77710.54,4.22335
2026-04-24 04:09:00,77710.53,77731.66,77680.0,77680.0,128.38499
2026-04-24 04:10:00,77679.99,77689.46,77679.99,77688.04,4.03013
2026-04-24 04:11:00,77688.03,77689.46,77686.06,77686.07,2.76589
2026-04-24 04:12:00,77686.07,77719.12,77685.85,77719.1,14.44068
2026-04-24 04:13:00,77719.1,77736.0,77712.36,77729.98,4.51771
2026-04-24 04:14:00,77731.17,77740.0,77726.08,77726.08,3.72445
2026-04-24 04:15:00,77726.08,77730.58,77698.12,77730.58,4.01472
2026-04-24 04:16:00,77730.58,77730.58,77687.02,77687.03,3.65672
2026-04-24 04:17:00,77687.03,77703.11,77673.89,77703.1,4.43106
2026-04-24 04:18:00,77703.11,77706.1,77703.1,77703.11,2.07783
2026-04-24 04:19:00,77703.11,77763.34,77703.1,77757.21,123.74611
2026-04-24 04:20:00,77757.22,77793.54,77757.21,77777.08,9.18966
2026-04-24 04:21:00,77777.08,77818.64,77777.07,77810.01,10.02844
2026-04-24 04:22:00,77810.0,77810.01,77793.97,77793.97,2.18426
2026-04-24 04:23:00,77793.98,77854.57,77793.97,77824.92,8.31368
2026-04-24 04:24:00,77824.92,77830.08,77821.63,77830.01,4.01333
2026-04-24 04:25:00,77830.0,77830.0,77770.0,77770.01,5.07649
2026-04-24 04:26:00,77770.01,77770.01,77751.26,77760.74,4.68078
2026-04-24 04:27:00,77760.75,77761.27,77670.78,77670.79,12.59708
2026-04-24 04:28:00,77670.79,77670.79,77608.0,77634.02,8.36765
2026-04-24 04:29:00,77634.02,77652.06,77613.28,77613.28,10.22149
2026-04-24 04:30:00,77613.07,77653.3,77608.0,77647.97,8.47156
2026-04-24 04:31:00,77647.97,77665.94,77640.59,77658.23,3.95411
2026-04-24 04:32:00,77658.23,77658.23,77614.51,77614.51,2.43319
2026-04-24 04:33:00,77614.52,77637.63,77603.44,77630.01,3.13145
2026-04-24 04:34:00,77630.01,77630.01,77603.45,77603.45,5.68872
2026-04-24 04:35:00,77603.45,77630.01,77600.23,77630.01,2.92383
2026-04-24 04:36:00,77630.01,77649.57,77630.01,77647.75,3.06829
2026-04-24 04:37:00,77647.75,77665.94,77622.56,77622.57,13.77702
2026-04-24 04:38:00,77622.57,77622.57,77600.23,77611.82,4.16913
2026-04-24 04:39:00,77611.81,77611.82,77482.49,77576.0,41.58353
2026-04-24 04:40:00,77575.99,77576.0,77551.5,77575.99,5.24454
2026-04-24 04:41:00,77576.0,77639.43,77576.0,77611.17,3.62241
2026-04-24 04:42:00,77611.16,77621.13,77611.16,77621.11,4.41757
2026-04-24 04:43:00,77621.12,77643.34,77621.11,77636.04,4.53486
2026-04-24 04:44:00,77636.05,77653.17,77622.3,77653.17,4.37814
2026-04-24 04:45:00,77653.16,77660.94,77614.33,77614.33,7.77783
2026-04-24 04:46:00,77614.33,77665.94,77609.54,77665.93,1.80042
2026-04-24 04:47:00,77665.94,77690.67,77665.94,77690.21,4.21551
2026-04-24 04:48:00,77690.2,77750.0,77688.0,77735.3,7.05895
2026-04-24 04:49:00,77735.3,77747.3,77735.27,77735.27,4.35499
2026-04-24 04:50:00,77735.28,77735.28,77719.83,77732.85,3.65017
2026-04-24 04:51:00,77732.84,77732.85,77712.0,77712.0,5.35021
2026-04-24 04:52:00,77712.0,77712.01,77696.45,77696.45,5.9588
2026-04-24 04:53:00,77696.45,77700.01,77684.96,77686.02,9.42986
2026-04-24 04:54:00,77686.02,77693.79,77682.0,77682.01,6.19783
2026-04-24 04:55:00,77682.01,77692.74,77674.57,77687.06,3.21274
2026-04-24 04:56:00,77687.05,77687.06,77678.12,77687.05,2.12861
2026-04-24 04:57:00,77687.05,77697.81,77687.04,77697.8,2.10124
2026-04-24 04:58:00,77697.81,77697.81,77697.8,77697.81,0.85442
2026-04-24 04:59:00,77697.8,77697.8,77670.0,77670.0,5.76235
2026-04-24 05:00:00,77670.01,77695.68,77657.97,77693.07,4.59648
2026-04-24 05:01:00,77693.08,77693.08,77678.8,77679.16,2.80778
2026-04-24 05:02:00,77679.15,77683.19,77679.15,77683.19,1.02114
2026-04-24 05:03:00,77683.19,77695.21,77683.19,77688.0,3.74498
2026-04-24 05:04:00,77688.0,77688.0,77665.76,77665.77,1.30762
2026-04-24 05:05:00,77665.77,77665.77,77660.0,77660.01,2.5656
2026-04-24 05:06:00,77660.0,77660.01,77603.96,77618.99,3.75515
2026-04-24 05:07:00,77619.0,77635.42,77618.99,77619.0,4.53744
2026-04-24 05:08:00,77619.0,77619.0,77600.0,77602.59,4.97895
2026-04-24 05:09:00,77602.58,77616.72,77600.0,77616.71,2.83405
2026-04-24 05:10:00,77616.71,77616.72,77557.59,77565.55,15.41447
2026-04-24 05:11:00,77565.56,77600.0,77565.55,77599.99,3.5251
2026-04-24 05:12:00,77600.0,77600.0,77562.25,77563.49,17.02464
2026-04-24 05:13:00,77563.48,77582.64,77563.48,77571.1,1.30548
2026-04-24 05:14:00,77571.1,77578.63,77565.56,77565.57,3.35508
2026-04-24 05:15:00,77565.57,77593.32,77555.0,77586.89,4.03086
2026-04-24 05:16:00,77586.88,77586.89,77526.5,77526.5,7.19579
2026-04-24 05:17:00,77526.51,77526.51,77482.78,77482.78,8.30433
2026-04-24 05:18:00,77482.78,77489.86,77457.0,77470.01,14.04684
2026-04-24 05:19:00,77470.02,77519.56,77470.01,77517.09,21.07485
2026-04-24 05:20:00,77517.09,77560.42,77517.09,77528.84,2.70677
2026-04-24 05:21:00,77528.84,77583.92,77528.83,77579.72,17.05841
2026-04-24 05:22:00,77579.71,77579.72,77520.01,77520.02,50.84508
2026-04-24 05:23:00,77520.01,77527.77,77502.29,77527.77,2.74919
2026-04-24 05:24:00,77527.77,77574.0,77527.77,77572.69,1.78983
2026-04-24 05:25:00,77572.69,77585.65,77572.69,77585.64,1.60101
2026-04-24 05:26:00,77585.64,77616.62,77585.64,77616.62,5.48966
2026-04-24 05:27:00,77616.72,77653.64,77609.29,77614.22,7.49894
2026-04-24 05:28:00,77614.21,77617.08,77606.45,77617.08,1.52985
2026-04-24 05:29:00,77617.08,77640.0,77613.68,77640.0,3.16959
2026-04-24 05:30:00,77640.0,77705.82,77640.0,77705.82,8.51364
2026-04-24 05:31:00,77705.81,77705.88,77698.9,77701.26,1.68968
2026-04-24 05:32:00,77701.26,77712.04,77701.25,77712.03,1.09766
2026-04-24 05:33:00,77712.04,77712.06,77709.74,77709.74,2.9645
2026-04-24 05:34:00,77709.75,77709.75,77700.0,77700.01,2.01124
2026-04-24 05:35:00,77700.01,77705.58,77694.0,77700.12,3.76912
2026-04-24 05:36:00,77700.11,77700.12,77694.0,77694.0,1.3799
2026-04-24 05:37:00,77694.0,77694.01,77673.53,77673.53,5.22848
2026-04-24 05:38:00,77673.54,77725.84,77673.53,77725.83,2.86975
2026-04-24 05:39:00,77725.84,77727.65,77725.01,77727.64,1.89734
2026-04-24 05:40:00,77727.64,77727.65,77727.63,77727.64,2.28309
2026-04-24 05:41:00,77727.64,77727.64,77719.79,77723.25,1.66137
2026-04-24 05:42:00,77723.25,77746.14,77723.25,77746.14,2.13679
2026-04-24 05:43:00,77746.13,77758.83,77746.13,77755.85,2.23589
2026-04-24 05:44:00,77755.85,77755.85,77714.55,77714.55,8.88861
2026-04-24 05:45:00,77714.55,77759.23,77714.55,77757.85,6.19641
2026-04-24 05:46:00,77757.84,77757.85,77734.58,77744.0,2.31474
2026-04-24 05:47:00,77744.0,77777.0,77743.99,77765.47,3.43662
2026-04-24 05:48:00,77765.47,77782.0,77765.46,77782.0,6.46918
2026-04-24 05:49:00,77782.0,77796.54,77776.99,77796.54,4.03737
2026-04-24 05:50:00,77796.54,77868.38,77796.53,77862.45,7.73731
2026-04-24 05:51:00,77862.45,77862.45,77817.95,77817.95,4.19588
2026-04-24 05:52:00,77817.95,77864.68,77817.95,77846.78,3.38783
2026-04-24 05:53:00,77846.78,77855.72,77833.38,77855.71,4.35729
2026-04-24 05:54:00,77855.71,77855.72,77795.29,77795.29,4.58874
2026-04-24 05:55:00,77795.3,77913.25,77776.99,77884.11,29.42323
2026-04-24 05:56:00,77884.12,78057.65,77882.92,78008.01,58.24433
2026-04-24 05:57:00,78008.01,78008.01,77945.41,77955.07,10.29656
2026-04-24 05:58:00,77955.07,77985.12,77955.06,77970.75,4.86639
2026-04-24 05:59:00,77970.75,77970.75,77948.09,77953.48,3.6279
2026-04-24 06:00:00,77953.48,77979.54,77941.5,77956.0,5.82138
2026-04-24 06:01:00,77956.0,77956.0,77914.32,77922.13,3.05665
2026-04-24 06:02:00,77922.12,77926.67,77918.0,77918.02,2.64319
2026-04-24 06:03:00,77920.0,77930.98,77918.57,77930.98,3.96265
2026-04-24 06:04:00,77930.98,77948.06,77926.39,77926.39,4.16581
2026-04-24 06:05:00,77926.38,77926.38,77912.74,77925.47,1.42285
2026-04-24 06:06:00,77925.46,77931.18,77925.46,77925.47,3.07875
2026-04-24 06:07:00,77925.46,77925.47,77891.35,77903.25,3.4038
2026-04-24 06:08:00,77903.24,77933.27,77903.24,77908.09,3.21269
2026-04-24 06:09:00,77908.1,77935.08,77908.09,77935.08,1.35556
2026-04-24 06:10:00,77935.07,77947.4,77919.77,77919.78,2.19351
2026-04-24 06:11:00,77919.77,77924.81,77919.77,77919.78,0.94105
2026-04-24 06:12:00,77919.77,77919.78,77903.42,77903.42,2.60097
2026-04-24 06:13:00,77903.43,77920.54,77903.42,77908.35,1.74113
2026-04-24 06:14:00,77908.35,77939.35,77908.35,77939.34,16.98239
2026-04-24 06:15:00,77939.35,77943.89,77933.98,77933.99,1.36615
2026-04-24 06:16:00,77933.98,77945.05,77933.98,77938.89,2.06996
2026-04-24 06:17:00,77938.88,77938.89,77913.09,77913.09,2.49397
2026-04-24 06:18:00,77913.1,77928.0,77913.09,77928.0,2.29613
2026-04-24 06:19:00,77927.99,77959.82,77918.85,77959.81,7.34645
2026-04-24 06:20:00,77959.81,77965.77,77942.37,77942.38,6.47904
2026-04-24 06:21:00,77942.37,77942.37,77906.29,77922.26,6.23552
2026-04-24 06:22:00,77922.26,77926.0,77907.1,77907.1,2.06452
2026-04-24 06:23:00,77907.1,77907.1,77886.13,77886.13,3.06924
2026-04-24 06:24:00,77886.13,77911.13,77886.12,77896.25,16.6488
2026-04-24 06:25:00,77896.25,77896.25,77841.7,77841.7,6.68927
2026-04-24 06:26:00,77841.7,77844.38,77832.0,77832.0,3.55551
2026-04-24 06:27:00,77832.01,77832.01,77816.26,77823.12,7.26951
2026-04-24 06:28:00,77823.11,77850.0,77823.11,77844.38,3.75505
2026-04-24 06:29:00,77844.39,77844.39,77840.39,77840.4,1.13101
2026-04-24 06:30:00,77840.4,77850.0,77817.2,77817.2,3.182
2026-04-24 06:31:00,77817.2,77817.21,77792.0,77795.64,5.05902
2026-04-24 06:32:00,77795.64,77795.64,77777.75,77792.04,4.35272
2026-04-24 06:33:00,77792.04,77812.07,77777.0,77780.22,8.58177
2026-04-24 06:34:00,77780.22,77848.3,77771.99,77848.29,28.898
2026-04-24 06:35:00,77848.29,77848.29,77761.2,77802.66,24.77757
2026-04-24 06:36:00,77802.66,77802.66,77802.65,77802.66,0.95067
2026-04-24 06:37:00,77802.65,77802.66,77796.69,77796.7,1.09102
2026-04-24 06:38:00,77796.69,77810.0,77788.11,77808.69,2.69543
2026-04-24 06:39:00,77808.69,77840.91,77807.1,77833.3,16.94973
2026-04-24 06:40:00,77833.3,77850.46,77833.29,77850.46,1.99987
2026-04-24 06:41:00,77850.45,77878.84,77850.45,77864.54,4.18292
2026-04-24 06:42:00,77864.55,77897.39,77864.55,77889.18,6.54084
2026-04-24 06:43:00,77889.19,77889.19,77870.78,77873.99,1.32513
2026-04-24 06:44:00,77874.0,77874.0,77817.49,77817.5,2.80497
2026-04-24 06:45:00,77817.5,77831.05,77816.35,77823.35,1.56971
2026-04-24 06:46:00,77823.34,77823.34,77800.0,77800.01,2.43387
2026-04-24 06:47:00,77800.0,77805.99,77800.0,77805.99,4.23694
2026-04-24 06:48:00,77806.0,77841.65,77806.0,77841.64,1.09914
2026-04-24 06:49:00,77841.65,77853.04,77841.64,77853.04,1.73739
2026-04-24 06:50:00,77853.6,77895.87,77853.6,77895.87,2.0553
2026-04-24 06:51:00,77895.87,77915.83,77895.86,77907.0,1.85595
2026-04-24 06:52:00,77907.01,77907.01,77885.66,77885.66,1.6068
2026-04-24 06:53:00,77885.66,77885.67,77872.5,77872.5,1.41863
2026-04-24 06:54:00,77872.5,77875.01,77857.56,77875.01,1.76269
2026-04-24 06:55:00,77875.0,77875.01,77869.53,77869.53,1.33728
2026-04-24 06:56:00,77869.54,77869.54,77856.0,77856.01,2.00063
2026-04-24 06:57:00,77856.01,77856.01,77809.32,77809.32,1.62834
2026-04-24 06:58:00,77809.33,77809.33,77793.82,77804.95,11.25197
2026-04-24 06:59:00,77804.95,77804.96,77782.96,77789.75,2.31455
2026-04-24 07:00:00,77789.75,77796.35,77770.46,77796.34,3.59669
2026-04-24 07:01:00,77796.35,77804.95,77793.16,77793.16,2.20258
2026-04-24 07:02:00,77793.17,77793.17,77776.32,77776.32,1.24807
2026-04-24 07:03:00,77776.33,77792.0,77776.32,77779.04,1.93842
2026-04-24 07:04:00,77779.05,77790.62,77779.05,77788.26,3.12804
2026-04-24 07:05:00,77788.26,77804.0,77788.26,77803.99,2.48602
2026-04-24 07:06:00,77803.99,77819.57,77803.99,77809.64,2.68122
2026-04-24 07:07:00,77809.65,77855.67,77809.64,77831.23,3.07986
2026-04-24 07:08:00,77831.23,77831.24,77812.39,77812.4,3.16958
2026-04-24 07:09:00,77812.39,77812.4,77808.41,77808.42,6.38667
2026-04-24 07:10:00,77808.42,77828.0,77808.42,77818.07,2.07224
2026-04-24 07:11:00,77818.07,77839.03,77809.67,77833.43,8.83287
2026-04-24 07:12:00,77833.44,77833.44,77800.0,77800.0,7.01012
2026-04-24 07:13:00,77800.0,77800.01,77781.69,77781.69,9.23939
2026-04-24 07:14:00,77781.68,77781.68,77750.0,77761.16,11.34089
2026-04-24 07:15:00,77761.15,77780.2,77752.01,77780.2,11.4009
2026-04-24 07:16:00,77780.2,77780.2,77750.93,77750.93,3.72594
2026-04-24 07:17:00,77750.93,77750.94,77734.84,77745.22,3.62601
2026-04-24 07:18:00,77745.22,77750.94,77719.91,77719.91,2.72586
2026-04-24 07:19:00,77719.91,77719.92,77700.0,77704.11,3.71108
2026-04-24 07:20:00,77704.11,77706.39,77704.11,77706.38,1.37647
2026-04-24 07:21:00,77706.39,77706.39,77687.02,77689.95,3.36238
2026-04-24 07:22:00,77689.95,77689.96,77670.0,77670.0,4.04691
2026-04-24 07:23:00,77670.01,77677.78,77670.0,77677.78,2.5027
2026-04-24 07:24:00,77677.78,77677.78,77665.93,77665.94,3.75624
2026-04-24 07:25:00,77665.93,77665.94,77665.93,77665.93,1.13666
2026-04-24 07:26:00,77665.94,77714.75,77649.85,77706.92,16.12566
2026-04-24 07:27:00,77706.92,77708.37,77662.84,77665.36,11.75571
2026-04-24 07:28:00,77665.35,77706.61,77652.37,77706.6,5.76617
2026-04-24 07:29:00,77706.6,77720.32,77706.6,77720.32,2.61805
2026-04-24 07:30:00,77720.31,77735.04,77695.75,77714.13,16.59292
2026-04-24 07:31:00,77714.13,77714.14,77682.23,77682.24,9.29045
2026-04-24 07:32:00,77682.23,77682.24,77661.81,77661.82,8.80134
2026-04-24 07:33:00,77661.81,77668.23,77648.21,77648.21,8.63906
2026-04-24 07:34:00,77648.21,77665.94,77648.21,77655.31,8.59918
2026-04-24 07:35:00,77655.3,77655.31,77626.04,77644.39,8.8556
2026-04-24 07:36:00,77644.39,77655.01,77632.72,77652.18,8.62072
2026-04-24 07:37:00,77652.19,77652.19,77623.43,77630.81,15.87954
2026-04-24 07:38:00,77630.82,77630.82,77624.71,77624.71,13.53386
2026-04-24 07:39:00,77624.72,77663.54,77609.45,77660.41,70.7891
2026-04-24 07:40:00,77660.41,77661.19,77643.74,77661.19,14.87805
2026-04-24 07:41:00,77661.2,77675.24,77654.33,77654.34,9.10186
2026-04-24 07:42:00,77654.34,77663.88,77646.12,77663.87,14.07622
2026-04-24 07:43:00,77663.88,77663.88,77658.0,77658.0,8.65734
2026-04-24 07:44:00,77658.0,77658.01,77644.63,77644.64,11.32334
2026-04-24 07:45:00,77644.64,77657.65,77644.63,77657.65,15.16582
2026-04-24 07:46:00,77657.64,77695.06,77657.64,77695.06,15.14452
2026-04-24 07:47:00,77695.06,77719.24,77695.05,77718.77,17.67338
2026-04-24 07:48:00,77718.77,77718.78,77718.77,77718.77,7.53096
2026-04-24 07:49:00,77718.78,77718.78,77700.45,77706.5,17.09275
2026-04-24 07:50:00,77706.5,77730.03,77706.49,77730.02,14.36173
2026-04-24 07:51:00,77730.03,77730.03,77706.49,77710.57,31.79486
2026-04-24 07:52:00,77710.56,77710.57,77689.49,77710.57,35.10774
2026-04-24 07:53:00,77710.57,77711.6,77710.57,77711.59,10.14789
2026-04-24 07:54:00,77711.59,77728.34,77646.99,77661.55,48.20388
2026-04-24 07:55:00,77661.55,77671.18,77592.54,77592.54,42.95968
2026-04-24 07:56:00,77592.54,77602.54,77575.05,77585.29,24.2081
2026-04-24 07:57:00,77585.28,77585.29,77543.52,77571.31,16.87524
2026-04-24 07:58:00,77571.32,77623.33,77571.31,77617.61,15.61037
2026-04-24 07:59:00,77617.62,77644.6,77607.56,77644.6,11.34176
2026-04-24 08:00:00,77644.59,77669.39,77599.99,77624.24,28.01054
2026-04-24 08:01:00,77624.23,77630.05,77580.23,77594.0,22.44153
2026-04-24 08:02:00,77594.0,77654.53,77594.0,77639.31,24.68115
2026-04-24 08:03:00,77639.32,77655.69,77626.57,77632.24,17.22318
2026-04-24 08:04:00,77632.24,77632.24,77574.77,77581.57,9.36271
2026-04-24 08:05:00,77581.57,77604.0,77577.22,77603.99,34.4628
2026-04-24 08:06:00,77604.0,77604.0,77550.73,77561.01,18.57462
2026-04-24 08:07:00,77561.01,77631.78,77561.0,77631.78,12.53658
2026-04-24 08:08:00,77631.78,77660.02,77631.77,77641.54,11.7924
2026-04-24 08:09:00,77641.55,77658.15,77626.52,77648.0,32.79312
2026-04-24 08:10:00,77648.01,77660.65,77636.01,77660.64,4.978
2026-04-24 08:11:00,77660.65,77660.65,77648.7,77648.7,3.45744
2026-04-24 08:12:00,77648.7,77680.59,77648.7,77680.59,4.61629
2026-04-24 08:13:00,77680.59,77696.82,77680.58,77696.81,2.23274
2026-04-24 08:14:00,77696.82,77699.41,77689.05,77694.88,6.29941
2026-04-24 08:15:00,77694.88,77832.24,77694.87,77832.23,25.01267
2026-04-24 08:16:00,77832.24,77885.68,77825.96,77825.97,13.53075
2026-04-24 08:17:00,77825.97,77857.25,77812.26,77840.2,14.38582
2026-04-24 08:18:00,77840.2,77846.13,77830.67,77833.89,3.85796
2026-04-24 08:19:00,77833.89,77861.18,77833.89,77841.55,11.5618
2026-04-24 08:20:00,77841.55,77937.68,77789.99,77937.67,130.83637
2026-04-24 08:21:00,77937.67,78000.0,77908.32,77931.01,35.30364
2026-04-24 08:22:00,77930.34,77930.35,77887.09,77895.44,6.4555
2026-04-24 08:23:00,77895.44,77969.89,77895.44,77938.56,25.8559
2026-04-24 08:24:00,77938.57,77958.68,77921.58,77921.58,8.27666
2026-04-24 08:25:00,77921.58,77921.59,77867.82,77869.8,10.22357
2026-04-24 08:26:00,77869.79,77880.88,77855.42,77880.87,14.06237
2026-04-24 08:27:00,77880.87,77905.45,77872.75,77905.45,5.10948
2026-04-24 08:28:00,77905.44,77912.2,77864.32,77864.32,5.55878
2026-04-24 08:29:00,77864.32,77864.33,77854.13,77855.62,3.24893
2026-04-24 08:30:00,77855.62,77855.63,77826.75,77845.11,17.9884
2026-04-24 08:31:00,77845.11,77845.12,77812.16,77822.42,1.81173
2026-04-24 08:32:00,77822.41,77822.42,77806.32,77821.68,6.61837
2026-04-24 08:33:00,77821.67,77821.68,77812.17,77812.17,2.00484
2026-04-24 08:34:00,77812.18,77815.9,77776.88,77776.88,7.074
2026-04-24 08:35:00,77776.89,77776.89,77747.81,77766.76,6.6012
2026-04-24 08:36:00,77766.77,77774.86,77761.91,77762.01,6.77359
2026-04-24 08:37:00,77762.01,77788.86,77762.0,77788.85,6.09365
2026-04-24 08:38:00,77788.86,77788.86,77788.85,77788.85,1.83453
2026-04-24 08:39:00,77788.85,77806.63,77788.85,77806.63,4.92278
2026-04-24 08:40:00,77806.63,77820.89,77806.62,77820.88,2.88466
2026-04-24 08:41:00,77820.88,77820.89,77788.85,77788.85,2.75665
2026-04-24 08:42:00,77788.85,77788.85,77770.0,77774.67,7.10951
2026-04-24 08:43:00,77774.67,77774.68,77731.37,77742.06,8.31249
2026-04-24 08:44:00,77742.07,77759.58,77742.07,77744.11,3.43386
2026-04-24 08:45:00,77744.12,77764.81,77744.11,77764.81,2.0845
2026-04-24 08:46:00,77764.81,77784.51,77764.8,77784.49,4.62401
2026-04-24 08:47:00,77784.5,77808.66,77784.5,77808.65,5.18614
2026-04-24 08:48:00,77808.66,77861.83,77808.65,77831.77,20.17295
2026-04-24 08:49:00,77831.77,77846.4,77821.93,77846.39,5.1365
2026-04-24 08:50:00,77846.4,77846.4,77818.21,77818.21,3.04696
2026-04-24 08:51:00,77818.22,77875.01,77818.21,77870.0,21.41036
2026-04-24 08:52:00,77870.0,77870.0,77848.69,77848.7,4.54914
2026-04-24 08:53:00,77848.71,77848.71,77848.7,77848.7,1.62958
2026-04-24 08:54:00,77848.71,77859.16,77848.7,77859.16,6.93463
2026-04-24 08:55:00,77859.15,77859.16,77836.75,77836.76,2.35766
2026-04-24 08:56:00,77836.76,77848.66,77836.75,77848.65,3.50032
2026-04-24 08:57:00,77848.66,77848.66,77828.95,77828.95,4.06574
2026-04-24 08:58:00,77828.96,77828.96,77828.95,77828.96,1.88371
2026-04-24 08:59:00,77828.95,77828.96,77776.01,77785.71,12.12982
2026-04-24 09:00:00,77785.7,77804.23,77774.24,77794.82,7.7188
2026-04-24 09:01:00,77794.81,77794.82,77724.31,77724.31,2.91225
2026-04-24 09:02:00,77724.31,77724.32,77682.92,77694.99,32.72856
2026-04-24 09:03:00,77694.99,77694.99,77674.23,77680.67,4.2262
2026-04-24 09:04:00,77680.68,77703.95,77680.67,77691.09,5.20407
2026-04-24 09:05:00,77691.08,77691.09,77650.61,77650.61,4.17352
2026-04-24 09:06:00,77650.61,77650.62,77626.87,77626.88,6.17238
2026-04-24 09:07:00,77626.87,77626.87,77583.7,77583.7,10.14596
2026-04-24 09:08:00,77583.71,77583.71,77402.01,77434.74,60.0103
2026-04-24 09:09:00,77434.74,77448.68,77412.01,77441.97,11.56771
2026-04-24 09:10:00,77441.98,77450.58,77423.82,77442.29,9.34461
2026-04-24 09:11:00,77442.29,77442.63,77428.83,77439.83,8.13865
2026-04-24 09:12:00,77439.83,77504.43,77439.83,77493.81,24.96372
2026-04-24 09:13:00,77493.82,77500.0,77453.51,77482.35,20.98209
2026-04-24 09:14:00,77482.36,77508.0,77478.79,77508.0,38.02497
2026-04-24 09:15:00,77508.0,77608.42,77508.0,77606.94,12.62833
2026-04-24 09:16:00,77606.95,77606.95,77606.94,77606.94,4.09702
2026-04-24 09:17:00,77606.95,77606.95,77500.0,77506.0,12.39571
2026-04-24 09:18:00,77506.0,77516.34,77487.99,77499.29,8.06181
2026-04-24 09:19:00,77499.29,77561.41,77499.28,77561.41,8.37112
2026-04-24 09:20:00,77561.41,77561.41,77534.0,77534.0,3.84102
2026-04-24 09:21:00,77534.0,77555.44,77524.0,77555.44,9.18857
2026-04-24 09:22:00,77555.44,77555.44,77442.18,77475.22,18.08056
2026-04-24 09:23:00,77475.21,77518.28,77469.18,77472.13,8.07491
2026-04-24 09:24:00,77472.13,77496.28,77472.12,77496.28,6.08871
2026-04-24 09:25:00,77496.27,77504.78,77483.76,77504.78,7.87008
2026-04-24 09:26:00,77504.77,77504.78,77483.76,77483.76,3.81895
2026-04-24 09:27:00,77483.76,77492.28,77467.6,77492.28,8.16116
2026-04-24 09:28:00,77492.28,77530.97,77492.28,77527.16,12.4423
2026-04-24 09:29:00,77527.62,77527.63,77500.0,77500.01,8.37341
2026-04-24 09:30:00,77500.01,77534.46,77500.0,77534.45,3.71535
2026-04-24 09:31:00,77534.45,77538.85,77525.3,77533.07,6.37079
2026-04-24 09:32:00,77533.07,77533.07,77404.24,77449.75,29.56448
2026-04-24 09:33:00,77449.76,77451.83,77447.99,77448.0,14.37081
2026-04-24 09:34:00,77448.0,77487.45,77448.0,77482.55,21.5614
2026-04-24 09:35:00,77482.54,77509.95,77482.54,77502.98,5.2013
2026-04-24 09:36:00,77502.98,77512.76,77480.28,77502.98,11.98553
2026-04-24 09:37:00,77502.98,77540.93,77502.97,77540.93,7.73852
2026-04-24 09:38:00,77540.92,77568.76,77540.92,77568.76,6.94784
2026-04-24 09:39:00,77568.76,77568.76,77536.18,77536.19,6.28365
2026-04-24 09:40:00,77536.19,77536.19,77536.18,77536.19,2.53176
2026-04-24 09:41:00,77536.19,77565.06,77536.18,77560.34,5.86984
2026-04-24 09:42:00,77560.34,77570.49,77553.44,77561.21,6.46876
2026-04-24 09:43:00,77561.2,77561.21,77555.69,77555.7,1.06086
2026-04-24 09:44:00,77555.7,77581.5,77553.44,77581.49,8.11248
2026-04-24 09:45:00,77581.49,77581.5,77544.16,77544.16,3.97392
2026-04-24 09:46:00,77544.17,77544.17,77541.66,77541.66,1.00489
2026-04-24 09:47:00,77541.66,77541.67,77541.66,77541.67,2.24587
2026-04-24 09:48:00,77541.67,77541.67,77534.29,77534.3,3.96754
2026-04-24 09:49:00,77534.3,77534.3,77484.63,77508.96,11.25455
2026-04-24 09:50:00,77508.96,77508.96,77468.28,77504.88,11.85916
2026-04-24 09:51:00,77504.88,77504.88,77486.46,77486.47,1.95698
2026-04-24 09:52:00,77486.47,77508.58,77486.46,77508.58,9.25465
2026-04-24 09:53:00,77508.58,77538.61,77508.57,77517.66,6.86404
2026-04-24 09:54:00,77517.67,77572.58,77500.82,77572.58,10.65476
2026-04-24 09:55:00,77572.58,77572.58,77551.89,77551.9,5.55106
2026-04-24 09:56:00,77551.9,77551.9,77531.14,77531.14,6.85781
2026-04-24 09:57:00,77531.15,77535.9,77508.22,77515.57,10.3441
2026-04-24 09:58:00,77515.56,77525.2,77515.56,77525.19,9.25534
2026-04-24 09:59:00,77525.2,77533.27,77504.11,77527.69,10.46226
2026-04-24 10:00:00,77527.7,77527.7,77468.0,77480.92,9.95404
2026-04-24 10:01:00,77480.92,77485.44,77465.23,77474.51,4.38673
2026-04-24 10:02:00,77474.5,77474.51,77462.0,77462.45,2.4421
2026-04-24 10:03:00,77462.45,77531.84,77462.44,77531.83,7.29585
2026-04-24 10:04:00,77531.84,77531.84,77507.38,77507.38,1.89211
2026-04-24 10:05:00,77507.39,77507.39,77444.95,77456.39,7.33528
2026-04-24 10:06:00,77456.4,77456.4,77449.99,77450.0,3.0241
2026-04-24 10:07:00,77450.0,77500.0,77449.99,77499.99,6.62433
2026-04-24 10:08:00,77499.99,77499.99,77465.12,77481.49,7.43679
2026-04-24 10:09:00,77481.49,77511.65,77472.36,77511.64,4.41887
2026-04-24 10:10:00,77511.64,77511.65,77475.48,77492.0,12.85998
2026-04-24 10:11:00,77492.0,77492.01,77478.0,77487.0,4.95706
2026-04-24 10:12:00,77487.0,77487.0,77472.35,77487.0,5.66608
2026-04-24 10:13:00,77487.0,77528.22,77486.99,77528.21,4.59195
2026-04-24 10:14:00,77528.22,77528.22,77510.65,77510.65,3.63186
2026-04-24 10:15:00,77510.66,77560.31,77510.65,77535.52,13.1151
2026-04-24 10:16:00,77535.51,77566.63,77535.51,77566.63,3.21032
2026-04-24 10:17:00,77566.62,77566.62,77554.93,77561.29,3.6233
2026-04-24 10:18:00,77561.29,77597.99,77561.28,77582.36,4.33924
2026-04-24 10:19:00,77582.37,77582.37,77574.0,77574.01,5.47762
2026-04-24 10:20:00,77574.0,77576.46,77574.0,77576.45,1.44547
2026-04-24 10:21:00,77576.45,77586.62,77576.45,77586.62,2.61528
2026-04-24 10:22:00,77586.62,77616.64,77559.71,77570.5,29.72492
2026-04-24 10:23:00,77570.5,77619.02,77570.5,77608.7,11.11449
2026-04-24 10:24:00,77608.7,77657.36,77608.69,77657.36,6.9077
2026-04-24 10:25:00,77657.35,77759.25,77657.35,77727.99,13.42804
2026-04-24 10:26:00,77727.99,77731.8,77696.0,77696.0,3.85194
2026-04-24 10:27:00,77696.01,77712.47,77696.0,77704.65,3.17209
2026-04-24 10:28:00,77704.65,77704.65,77704.64,77704.65,1.59482
2026-04-24 10:29:00,77704.65,77704.65,77678.19,77685.16,4.55472
2026-04-24 10:30:00,77685.15,77685.16,77678.19,77678.2,1.79727
2026-04-24 10:31:00,77678.19,77684.1,77670.02,77684.09,4.32192
2026-04-24 10:32:00,77684.09,77684.1,77645.63,77645.64,4.09736
2026-04-24 10:33:00,77645.63,77659.88,77625.15,77659.87,3.58359
2026-04-24 10:34:00,77659.88,77663.44,77629.35,77638.33,10.83243
2026-04-24 10:35:00,77638.33,77705.43,77638.32,77699.6,4.36182
2026-04-24 10:36:00,77699.6,77699.61,77678.4,77682.88,7.7376
2026-04-24 10:37:00,77682.87,77682.88,77670.11,77670.12,1.99701
2026-04-24 10:38:00,77670.11,77670.12,77670.11,77670.12,1.1854
2026-04-24 10:39:00,77670.12,77670.12,77636.62,77646.87,2.02865
2026-04-24 10:40:00,77646.87,77665.94,77646.86,77665.93,3.79712
2026-04-24 10:41:00,77665.94,77668.95,77647.8,77647.8,2.82729
2026-04-24 10:42:00,77647.81,77647.81,77627.54,77639.23,2.2286
2026-04-24 10:43:00,77639.24,77660.32,77639.23,77660.32,17.21767
2026-04-24 10:44:00,77660.32,77660.32,77653.63,77653.63,6.22323
2026-04-24 10:45:00,77653.63,77653.64,77613.7,77613.71,1.5106
2026-04-24 10:46:00,77613.7,77703.58,77613.7,77684.5,7.43096
2026-04-24 10:47:00,77684.5,77733.85,77680.51,77721.53,10.90759
2026-04-24 10:48:00,77721.53,77721.53,77695.35,77706.62,2.66715
2026-04-24 10:49:00,77706.62,77706.63,77682.21,77682.21,3.89672
2026-04-24 10:50:00,77682.22,77696.34,77669.69,77684.25,8.67639
2026-04-24 10:51:00,77684.25,77698.1,77678.75,77678.75,6.62241
2026-04-24 10:52:00,77678.76,77678.76,77667.28,77669.57,2.00198
2026-04-24 10:53:00,77669.57,77669.57,77669.56,77669.57,3.31805
2026-04-24 10:54:00,77669.57,77713.67,77669.56,77713.67,3.1101
2026-04-24 10:55:00,77713.67,77767.96,77713.23,77766.14,33.14325
2026-04-24 10:56:00,77767.98,77784.0,77759.46,77761.03,7.59313
2026-04-24 10:57:00,77761.03,77777.7,77748.1,77748.11,15.5642
2026-04-24 10:58:00,77748.11,77761.16,77748.1,77761.15,1.99539
2026-04-24 10:59:00,77761.16,77761.16,77752.36,77752.36,2.62496
2026-04-24 11:00:00,77752.37,77950.0,77752.37,77949.99,69.82732
2026-04-24 11:01:00,77949.99,77983.56,77845.03,77944.9,124.02509
2026-04-24 11:02:00,77944.0,77944.0,77905.76,77924.78,73.78131
2026-04-24 11:03:00,77924.77,77924.78,77899.37,77919.3,19.31557
2026-04-24 11:04:00,77919.3,78025.0,77919.29,77954.01,70.54387
2026-04-24 11:05:00,77954.01,78223.1,77931.03,78072.29,137.07735
2026-04-24 11:06:00,78072.29,78111.95,78045.03,78105.59,32.59745
2026-04-24 11:07:00,78105.59,78296.23,78105.58,78211.11,54.95386
2026-04-24 11:08:00,78212.34,78260.15,78153.68,78153.69,20.95906
2026-04-24 11:09:00,78153.68,78220.5,78115.29,78115.29,10.68744
2026-04-24 11:10:00,78115.3,78185.76,78115.29,78182.29,10.49447
2026-04-24 11:11:00,78182.28,78212.91,78124.88,78148.78,17.34708
2026-04-24 11:12:00,78148.78,78234.89,78143.52,78164.98,8.98111
2026-04-24 11:13:00,78164.98,78177.2,78136.12,78177.04,9.78395
2026-04-24 11:14:00,78177.04,78217.85,78177.04,78217.83,3.53189
2026-04-24 11:15:00,78217.82,78229.45,78186.02,78212.34,7.761
2026-04-24 11:16:00,78212.0,78219.34,78120.21,78136.37,9.14308
2026-04-24 11:17:00,78136.37,78204.26,78136.37,78152.22,10.25723
2026-04-24 11:18:00,78152.21,78152.21,78116.7,78132.88,3.79249
2026-04-24 11:19:00,78132.89,78132.89,78104.01,78110.53,4.31919
2026-04-24 11:20:00,78110.54,78136.23,78110.53,78118.3,2.33819
2026-04-24 11:21:00,78118.29,78275.53,78100.0,78177.16,38.46462
2026-04-24 11:22:00,78177.15,78295.23,78155.74,78251.96,104.1054
2026-04-24 11:23:00,78251.96,78255.34,78211.06,78253.09,11.90964
2026-04-24 11:24:00,78253.09,78311.0,78221.69,78254.92,21.08163
2026-04-24 11:25:00,78254.92,78264.0,78188.6,78205.39,18.5374
2026-04-24 11:26:00,78205.38,78282.0,78200.16,78270.61,10.42827
2026-04-24 11:27:00,78270.61,78297.01,78244.32,78297.01,11.23273
2026-04-24 11:28:00,78297.0,78322.16,78276.2,78276.2,7.48903
2026-04-24 11:29:00,78276.21,78324.03,78276.21,78324.02,7.68815
2026-04-24 11:30:00,78324.02,78330.17,78278.19,78278.19,8.52415
2026-04-24 11:31:00,78278.19,78350.0,78272.21,78349.99,20.63003
2026-04-24 11:32:00,78349.99,78350.0,78301.59,78307.98,4.48861
2026-04-24 11:33:00,78307.99,78367.99,78305.7,78367.99,15.48101
2026-04-24 11:34:00,78367.98,78372.58,78350.2,78371.3,21.70222
2026-04-24 11:35:00,78371.3,78371.3,78286.28,78286.28,10.54433
2026-04-24 11:36:00,78286.28,78325.96,78267.18,78292.31,10.66852
2026-04-24 11:37:00,78292.31,78308.0,78262.14,78271.83,4.82214
2026-04-24 11:38:00,78271.82,78273.47,78223.11,78273.47,13.73519
2026-04-24 11:39:00,78273.46,78313.82,78273.46,78280.16,5.96964
2026-04-24 11:40:00,78280.16,78293.14,78270.83,78293.13,2.05344
2026-04-24 11:41:00,78293.13,78304.32,78268.94,78293.13,8.63811
2026-04-24 11:42:00,78293.13,78310.09,78292.64,78306.83,3.85459
2026-04-24 11:43:00,78306.84,78308.58,78294.06,78306.4,3.54377
2026-04-24 11:44:00,78306.41,78324.67,78294.04,78295.33,7.37322
2026-04-24 11:45:00,78295.34,78295.34,78228.0,78228.01,5.99937
2026-04-24 11:46:00,78228.0,78228.01,78199.43,78200.0,4.22097
2026-04-24 11:47:00,78200.0,78240.78,78192.12,78236.5,6.29989
2026-04-24 11:48:00,78236.51,78267.37,78235.35,78267.37,8.75693
2026-04-24 11:49:00,78267.36,78279.08,78216.84,78230.74,10.01031
2026-04-24 11:50:00,78230.74,78243.24,78226.0,78229.52,4.76765
2026-04-24 11:51:00,78229.52,78242.19,78229.52,78232.78,5.56895
2026-04-24 11:52:00,78232.78,78240.59,78214.18,78214.18,9.23566
2026-04-24 11:53:00,78214.19,78236.19,78209.62,78236.19,2.35564
2026-04-24 11:54:00,78236.18,78236.29,78204.51,78204.52,31.74849
2026-04-24 11:55:00,78204.52,78204.52,78172.65,78201.47,8.77424
2026-04-24 11:56:00,78201.46,78228.31,78201.46,78223.7,3.01833
2026-04-24 11:57:00,78223.7,78237.67,78223.7,78229.42,3.1299
2026-04-24 11:58:00,78229.41,78260.14,78229.41,78245.82,3.96408
2026-04-24 11:59:00,78245.83,78250.92,78240.26,78240.26,4.02639
2026-04-24 12:00:00,78240.27,78242.61,78233.84,78233.84,6.12814
2026-04-24 12:01:00,78233.85,78249.53,78222.94,78249.48,15.24448
2026-04-24 12:02:00,78249.48,78310.15,78223.45,78310.14,16.3768
2026-04-24 12:03:00,78310.15,78312.69,78272.69,78279.97,8.6123
2026-04-24 12:04:00,78279.97,78290.51,78223.46,78223.46,46.24153
2026-04-24 12:05:00,78223.47,78239.11,78223.46,78239.1,5.37598
2026-04-24 12:06:00,78239.1,78253.95,78238.0,78253.94,1.65629
2026-04-24 12:07:00,78253.95,78262.4,78223.46,78223.47,2.92579
2026-04-24 12:08:00,78223.46,78226.0,78201.46,78201.46,9.4489
2026-04-24 12:09:00,78201.47,78222.34,78176.11,78220.76,9.80401
2026-04-24 12:10:00,78220.76,78288.53,78220.75,78275.02,3.74412
2026-04-24 12:11:00,78275.03,78285.08,78252.39,78274.05,4.7908
2026-04-24 12:12:00,78274.04,78275.19,78251.37,78261.05,2.64798
2026-04-24 12:13:00,78261.04,78289.04,78254.16,78284.0,16.31546
2026-04-24 12:14:00,78284.01,78325.83,78284.0,78318.41,7.54004
2026-04-24 12:15:00,78318.41,78318.42,78281.77,78281.77,2.6548
2026-04-24 12:16:00,78281.77,78324.11,78281.77,78324.1,11.84252
2026-04-24 12:17:00,78324.1,78331.16,78314.09,78331.15,2.66176
2026-04-24 12:18:00,78331.15,78341.08,78331.15,78336.17,3.60123
2026-04-24 12:19:00,78336.18,78336.18,78220.75,78274.46,15.72897
2026-04-24 12:20:00,78274.46,78274.47,78226.32,78251.72,5.8072
2026-04-24 12:21:00,78251.72,78268.73,78251.72,78262.85,1.2363
2026-04-24 12:22:00,78262.84,78272.39,78187.61,78235.68,18.1852
2026-04-24 12:23:00,78237.99,78304.58,78237.99,78304.57,1.83606
2026-04-24 12:24:00,78304.58,78345.15,78304.57,78342.93,5.29088
2026-04-24 12:25:00,78342.92,78342.92,78300.46,78317.82,2.26594
2026-04-24 12:26:00,78317.82,78323.32,78280.11,78302.0,12.62962
2026-04-24 12:27:00,78302.0,78302.01,78263.87,78263.88,3.71969
2026-04-24 12:28:00,78263.87,78263.87,78242.17,78242.17,1.75684
2026-04-24 12:29:00,78242.18,78268.9,78242.17,78268.9,1.85149
2026-04-24 12:30:00,78268.91,78271.91,78230.49,78263.97,10.8903
2026-04-24 12:31:00,78263.97,78271.91,78260.17,78264.57,3.92317
2026-04-24 12:32:00,78264.57,78264.57,78226.01,78229.45,3.84749
2026-04-24 12:33:00,78229.44,78256.89,78229.44,78236.0,3.04701
2026-04-24 12:34:00,78236.0,78236.01,78182.77,78203.38,6.75287
2026-04-24 12:35:00,78203.38,78243.69,78192.89,78243.68,7.41626
2026-04-24 12:36:00,78243.69,78253.99,78225.38,78232.61,5.14149
2026-04-24 12:37:00,78232.6,78232.61,78168.13,78196.42,11.93636
2026-04-24 12:38:00,78196.42,78198.9,78168.0,78192.0,2.17551
2026-04-24 12:39:00,78192.0,78200.0,78191.99,78200.0,0.99276
2026-04-24 12:40:00,78199.99,78242.54,78199.99,78242.54,2.09838
2026-04-24 12:41:00,78242.54,78253.65,78242.53,78246.0,2.66571
2026-04-24 12:42:00,78246.0,78281.16,78246.0,78281.16,4.75419
2026-04-24 12:43:00,78281.15,78284.22,78230.84,78230.84,35.81808
2026-04-24 12:44:00,78230.84,78230.85,78182.3,78189.1,14.39445
2026-04-24 12:45:00,78189.09,78214.52,78189.09,78207.97,3.31666
2026-04-24 12:46:00,78207.97,78242.53,78207.96,78242.53,3.46764
2026-04-24 12:47:00,78242.53,78274.28,78242.52,78257.42,5.67999
2026-04-24 12:48:00,78257.43,78257.43,78226.49,78248.61,2.33558
2026-04-24 12:49:00,78248.61,78248.62,78130.0,78130.64,96.80702
2026-04-24 12:50:00,78131.05,78131.05,78084.06,78111.2,6.27403
2026-04-24 12:51:00,78111.21,78142.65,78102.0,78111.4,3.79295
2026-04-24 12:52:00,78111.4,78117.66,78063.5,78066.6,10.88224
2026-04-24 12:53:00,78066.6,78084.07,78016.51,78049.68,38.53803
2026-04-24 12:54:00,78049.69,78060.9,78027.23,78038.0,14.19744
2026-04-24 12:55:00,78038.01,78079.26,78038.0,78073.12,5.08214
2026-04-24 12:56:00,78073.13,78110.09,78073.12,78110.09,7.55357
2026-04-24 12:57:00,78110.08,78125.69,78077.53,78121.24,5.74704
2026-04-24 12:58:00,78121.25,78213.06,78121.24,78196.14,9.25242
2026-04-24 12:59:00,78196.14,78275.66,78196.13,78275.66,2.69845
2026-04-24 13:00:00,78275.65,78356.42,78275.65,78356.42,20.17868
2026-04-24 13:01:00,78356.42,78415.32,78330.8,78330.8,22.96652
2026-04-24 13:02:00,78330.01,78365.0,78324.0,78353.93,6.10012
2026-04-24 13:03:00,78353.93,78370.19,78325.27,78370.19,3.49666
2026-04-24 13:04:00,78370.19,78377.7,78352.0,78368.01,3.55524
2026-04-24 13:05:00,78368.01,78407.14,78368.01,78404.01,13.98121
2026-04-24 13:06:00,78404.0,78419.33,78401.4,78401.4,6.67557
2026-04-24 13:07:00,78401.41,78401.41,78360.0,78364.01,12.94972
2026-04-24 13:08:00,78364.01,78381.81,78355.09,78357.54,12.70167
2026-04-24 13:09:00,78357.53,78385.0,78350.0,78381.52,10.85737
2026-04-24 13:10:00,78381.52,78403.37,78381.52,78397.66,5.51515
2026-04-24 13:11:00,78397.66,78479.37,78376.0,78408.46,39.26335
2026-04-24 13:12:00,78408.47,78437.18,78350.0,78350.01,9.16595
2026-04-24 13:13:00,78350.01,78369.56,78338.68,78356.28,8.39711
2026-04-24 13:14:00,78356.28,78368.1,78340.6,78357.99,9.21475
2026-04-24 13:15:00,78357.99,78364.99,78316.62,78344.69,5.58932
2026-04-24 13:16:00,78344.69,78354.45,78310.87,78327.49,6.97982
2026-04-24 13:17:00,78327.48,78344.08,78290.98,78344.07,8.43805
2026-04-24 13:18:00,78344.07,78344.07,78332.17,78340.01,2.22404
2026-04-24 13:19:00,78340.02,78399.0,78340.01,78399.0,7.88404
2026-04-24 13:20:00,78398.99,78399.0,78382.67,78382.67,4.41294
2026-04-24 13:21:00,78382.67,78382.68,78359.65,78359.66,2.74825
2026-04-24 13:22:00,78359.66,78363.5,78300.0,78315.22,57.87173
2026-04-24 13:23:00,78315.22,78315.22,78235.0,78235.01,5.80019
2026-04-24 13:24:00,78235.01,78258.58,78230.0,78245.54,5.56472
2026-04-24 13:25:00,78245.53,78245.53,78207.32,78207.32,8.47466
2026-04-24 13:26:00,78207.33,78207.33,78170.29,78170.29,9.54073
2026-04-24 13:27:00,78170.29,78188.6,78146.62,78186.27,7.0308
2026-04-24 13:28:00,78186.28,78197.85,78172.4,78197.84,6.50731
2026-04-24 13:29:00,78197.85,78197.85,78161.54,78167.89,8.60552
2026-04-24 13:30:00,78167.89,78189.5,78062.05,78116.3,37.15288
2026-04-24 13:31:00,78116.31,78134.54,78053.3,78128.61,25.84416
2026-04-24 13:32:00,78128.62,78161.01,78110.93,78116.91,23.23207
2026-04-24 13:33:00,78116.9,78205.79,78103.81,78161.05,21.18274
2026-04-24 13:34:00,78161.04,78293.14,78124.0,78250.59,8.6413
2026-04-24 13:35:00,78250.58,78270.66,78180.0,78198.5,98.71712
2026-04-24 13:36:00,78198.5,78257.87,78150.0,78169.61,20.85938
2026-04-24 13:37:00,78169.6,78211.79,78107.41,78186.81,9.8528
2026-04-24 13:38:00,78186.8,78231.09,78140.0,78231.09,6.58473
2026-04-24 13:39:00,78231.08,78287.18,78231.08,78247.69,7.2548
2026-04-24 13:40:00,78247.69,78276.0,78189.54,78227.84,10.12525
2026-04-24 13:41:00,78227.83,78252.06,78153.17,78167.73,21.83918
2026-04-24 13:42:00,78167.72,78172.04,78098.67,78142.33,7.42524
2026-04-24 13:43:00,78142.32,78181.63,78141.38,78162.92,5.33298
2026-04-24 13:44:00,78162.93,78189.63,78138.97,78184.67,6.54762
2026-04-24 13:45:00,78184.68,78205.49,78154.0,78175.85,6.92623
2026-04-24 13:46:00,78175.84,78242.3,78172.0,78222.22,9.90089
2026-04-24 13:47:00,78222.22,78222.22,78044.22,78084.05,23.0906
2026-04-24 13:48:00,78084.06,78174.0,78066.69,78128.01,8.75669
2026-04-24 13:49:00,78128.0,78139.81,78046.0,78105.01,19.19685
2026-04-24 13:50:00,78105.0,78121.96,78070.91,78070.91,9.31353
2026-04-24 13:51:00,78070.9,78084.07,78033.05,78060.32,11.03173
2026-04-24 13:52:00,78060.32,78096.37,78046.76,78051.95,17.77839
2026-04-24 13:53:00,78051.96,78058.76,78024.09,78024.1,23.53669
2026-04-24 13:54:00,78024.09,78024.1,77985.93,78004.95,25.70962
2026-04-24 13:55:00,78004.94,78012.2,77916.64,77934.92,13.75169
2026-04-24 13:56:00,77935.99,77972.57,77913.27,77968.0,14.81457
2026-04-24 13:57:00,77968.0,78070.0,77968.0,78069.99,11.96982
2026-04-24 13:58:00,78070.0,78107.62,78065.11,78070.45,11.45859
2026-04-24 13:59:00,78070.45,78104.0,78070.44,78093.79,2.44915
2026-04-24 14:00:00,78093.8,78093.8,77950.0,77950.0,13.33286
2026-04-24 14:01:00,77950.01,78019.53,77922.32,77979.53,14.16805
2026-04-24 14:02:00,77979.53,77979.53,77837.17,77837.18,16.3217
2026-04-24 14:03:00,77837.18,77927.98,77809.9,77894.25,23.20483
2026-04-24 14:04:00,77894.01,77900.0,77800.0,77897.92,8.6922
2026-04-24 14:05:00,77897.93,77970.0,77884.4,77888.11,7.87255
2026-04-24 14:06:00,77888.1,77924.68,77854.58,77900.0,8.08077
2026-04-24 14:07:00,77900.0,77911.33,77800.0,77825.03,40.3841
2026-04-24 14:08:00,77825.04,77900.0,77821.67,77899.99,8.69272
2026-04-24 14:09:00,77900.0,77999.99,77900.0,77964.41,16.07598
2026-04-24 14:10:00,77964.41,77979.27,77912.81,77971.91,23.71275
2026-04-24 14:11:00,77971.91,78068.77,77967.27,77989.4,16.37394
2026-04-24 14:12:00,77989.4,78000.33,77937.14,77962.62,7.34486
2026-04-24 14:13:00,77962.63,77981.43,77875.0,77875.01,8.79516
2026-04-24 14:14:00,77875.01,77916.86,77856.0,77875.01,10.89052
2026-04-24 14:15:00,77875.0,77985.93,77858.0,77985.93,13.93911
2026-04-24 14:16:00,77985.93,78019.97,77913.57,77913.58,11.64009
2026-04-24 14:17:00,77913.57,77935.48,77884.93,77893.03,10.89839
2026-04-24 14:18:00,77893.03,77902.14,77862.17,77902.14,8.17216
2026-04-24 14:19:00,77902.13,77975.01,77902.13,77960.46,3.25931
2026-04-24 14:20:00,77960.46,78000.0,77946.07,77957.58,9.39623
2026-04-24 14:21:00,77957.58,77961.68,77876.0,77915.03,21.36403
2026-04-24 14:22:00,77915.04,77929.72,77898.42,77898.42,6.16446
2026-04-24 14:23:00,77898.42,77923.01,77876.68,77912.84,9.99292
2026-04-24 14:24:00,77912.83,77912.83,77870.11,77874.01,5.37344
2026-04-24 14:25:00,77874.01,77874.01,77775.34,77783.62,22.35689
2026-04-24 14:26:00,77783.62,77796.0,77711.32,77770.46,18.46441
2026-04-24 14:27:00,77770.46,77770.46,77722.72,77722.73,8.79206
2026-04-24 14:28:00,77722.73,77741.21,77688.0,77732.21,8.40381
2026-04-24 14:29:00,77732.21,77732.22,77690.83,77702.14,10.35985
2026-04-24 14:30:00,77702.15,77736.48,77681.74,77724.07,14.15372
2026-04-24 14:31:00,77724.06,77789.35,77718.41,77771.03,6.6038
2026-04-24 14:32:00,77771.03,77816.44,77756.01,77799.34,16.44816
2026-04-24 14:33:00,77799.34,77828.36,77765.94,77781.99,11.29568
2026-04-24 14:34:00,77782.0,77854.0,77782.0,77840.58,9.78171
2026-04-24 14:35:00,77840.58,77875.2,77829.57,77857.66,6.66865
2026-04-24 14:36:00,77857.66,77875.01,77842.56,77875.01,9.44219
2026-04-24 14:37:00,77875.0,77937.54,77843.22,77843.23,15.79946
2026-04-24 14:38:00,77843.23,77974.72,77843.22,77967.17,19.04162
2026-04-24 14:39:00,77967.18,77994.14,77967.17,77978.0,6.05021
2026-04-24 14:40:00,77978.01,77984.78,77919.22,77956.6,12.86216
2026-04-24 14:41:00,77956.6,77956.6,77898.0,77904.01,6.57312
2026-04-24 14:42:00,77904.01,77947.39,77895.73,77923.47,9.39494
2026-04-24 14:43:00,77923.47,77995.12,77923.46,77982.35,67.41663
2026-04-24 14:44:00,77982.34,78007.88,77962.77,77971.12,25.74512
2026-04-24 14:45:00,77971.11,77989.08,77971.11,77975.82,8.32198
2026-04-24 14:46:00,77975.82,78056.11,77959.2,78045.72,11.4831
2026-04-24 14:47:00,78045.72,78045.72,77971.4,77971.41,18.11455
2026-04-24 14:48:00,77971.41,77985.0,77884.57,77896.83,11.87946
2026-04-24 14:49:00,77896.83,77945.59,77875.63,77926.19,7.2923
2026-04-24 14:50:00,77926.19,77979.54,77915.25,77943.03,4.06282
2026-04-24 14:51:00,77943.02,77969.48,77905.68,77963.65,7.58622
2026-04-24 14:52:00,77963.66,77963.66,77929.12,77934.0,6.3634
2026-04-24 14:53:00,77934.0,77965.02,77929.39,77951.37,8.68592
2026-04-24 14:54:00,77951.37,78006.96,77945.13,78006.96,7.38032
2026-04-24 14:55:00,78006.96,78052.81,78006.95,78045.07,6.48285
2026-04-24 14:56:00,78045.07,78056.34,78038.45,78046.61,8.00518
2026-04-24 14:57:00,78046.61,78046.61,77990.49,78007.96,7.93914
2026-04-24 14:58:00,78007.96,78031.61,78000.04,78013.73,7.12381
2026-04-24 14:59:00,78013.73,78037.65,78010.51,78037.64,5.20679
2026-04-24 15:00:00,78037.65,78037.65,77941.45,77941.45,5.33285
2026-04-24 15:01:00,77941.45,77941.45,77850.0,77881.77,16.84965
2026-04-24 15:02:00,77881.77,77942.0,77881.76,77942.0,3.9354
2026-04-24 15:03:00,77942.0,77961.5,77919.41,77936.16,4.4051
2026-04-24 15:04:00,77936.15,77936.15,77850.0,77850.0,5.83855
2026-04-24 15:05:00,77850.0,77850.0,77740.47,77740.47,17.58317
2026-04-24 15:06:00,77740.47,77740.48,77577.22,77633.4,76.54587
2026-04-24 15:07:00,77633.41,77691.64,77617.73,77621.62,12.96259
2026-04-24 15:08:00,77621.62,77638.71,77608.5,77624.32,5.47662
2026-04-24 15:09:00,77624.32,77656.32,77624.31,77632.04,5.67413
2026-04-24 15:10:00,77632.03,77694.0,77626.11,77689.79,15.07266
2026-04-24 15:11:00,77689.78,77776.8,77684.62,77729.1,10.32229
2026-04-24 15:12:00,77729.09,77742.41,77714.53,77727.33,3.81994
2026-04-24 15:13:00,77727.34,77779.03,77727.33,77758.23,6.05123
2026-04-24 15:14:00,77758.22,77766.48,77716.23,77727.71,6.59066
2026-04-24 15:15:00,77727.72,77757.87,77683.3,77684.17,5.94446
2026-04-24 15:16:00,77684.17,77762.0,77684.16,77762.0,4.68971
2026-04-24 15:17:00,77762.0,77796.91,77754.13,77772.1,6.07019
2026-04-24 15:18:00,77772.1,77772.1,77722.28,77722.28,5.28691
2026-04-24 15:19:00,77722.29,77741.66,77692.58,77704.53,13.62603
2026-04-24 15:20:00,77704.52,77737.49,77704.52,77721.93,9.81924
2026-04-24 15:21:00,77721.94,77763.84,77721.94,77744.03,6.98663
2026-04-24 15:22:00,77744.03,77795.13,77729.97,77795.13,10.47455
2026-04-24 15:23:00,77795.14,77869.7,77795.14,77864.94,4.03526
2026-04-24 15:24:00,77864.95,77875.01,77808.1,77819.34,3.16086
2026-04-24 15:25:00,77819.34,77848.39,77797.44,77797.44,22.26839
2026-04-24 15:26:00,77797.44,77845.76,77797.44,77837.62,7.74685
2026-04-24 15:27:00,77837.62,77848.36,77807.88,77837.39,10.97218
2026-04-24 15:28:00,77837.38,77846.04,77835.01,77846.04,2.02364
2026-04-24 15:29:00,77846.04,77846.04,77818.72,77825.99,1.22553
2026-04-24 15:30:00,77825.99,77853.27,77811.64,77819.19,9.37999
2026-04-24 15:31:00,77819.19,77883.72,77803.51,77850.65,4.51874
2026-04-24 15:32:00,77850.64,77850.65,77802.95,77812.22,3.42418
2026-04-24 15:33:00,77812.22,77867.18,77812.22,77867.17,2.30044
2026-04-24 15:34:00,77867.17,77867.18,77826.21,77829.2,6.08607
2026-04-24 15:35:00,77829.2,77829.21,77807.77,77807.77,3.40383
2026-04-24 15:36:00,77807.77,77807.78,77756.57,77770.46,4.43828
2026-04-24 15:37:00,77770.46,77803.74,77760.44,77802.26,4.94209
2026-04-24 15:38:00,77801.28,77801.28,77744.82,77744.82,2.33379
2026-04-24 15:39:00,77744.82,77758.0,77717.61,77733.14,2.78511
2026-04-24 15:40:00,77733.15,77770.47,77733.14,77747.0,3.81508
2026-04-24 15:41:00,77747.0,77747.09,77732.8,77747.09,2.53184
2026-04-24 15:42:00,77747.08,77836.63,77747.08,77820.0,16.54561
2026-04-24 15:43:00,77820.0,77836.57,77788.59,77795.38,4.31677
2026-04-24 15:44:00,77795.38,78013.81,77755.11,77983.7,51.61144
2026-04-24 15:45:00,77983.7,78233.18,77983.7,78043.18,78.75777
2026-04-24 15:46:00,78043.17,78107.42,77999.93,78055.39,30.96754
2026-04-24 15:47:00,78055.39,78115.28,78037.24,78037.24,12.14306
2026-04-24 15:48:00,78037.24,78049.99,77950.01,77950.02,7.90904
2026-04-24 15:49:00,77950.01,77963.71,77924.7,77956.0,5.08392
2026-04-24 15:50:00,77955.8,78079.48,77952.03,78067.47,7.93122
2026-04-24 15:51:00,78067.46,78084.07,78023.2,78032.49,12.65156
2026-04-24 15:52:00,78032.48,78041.88,78020.59,78031.38,6.09463
2026-04-24 15:53:00,78031.39,78062.0,77963.54,77986.0,7.03163
2026-04-24 15:54:00,77986.0,78002.69,77985.99,77995.5,5.06001
2026-04-24 15:55:00,77995.5,78054.81,77995.49,78018.27,8.26639
2026-04-24 15:56:00,78018.27,78018.27,77977.0,77977.01,12.45969
2026-04-24 15:57:00,77977.0,78027.27,77965.07,78006.47,14.63585
2026-04-24 15:58:00,78006.47,78040.74,78006.46,78039.41,9.78602
2026-04-24 15:59:00,78039.4,78055.04,78014.81,78038.62,10.0176
2026-04-24 16:00:00,78038.63,78060.29,77998.01,77998.01,6.4859
2026-04-24 16:01:00,77998.0,77998.0,77930.01,77935.26,8.03799
2026-04-24 16:02:00,77935.26,77997.38,77935.26,77979.54,7.6335
2026-04-24 16:03:00,77979.53,77979.53,77944.0,77961.02,3.44209
2026-04-24 16:04:00,77961.01,77986.72,77951.31,77980.03,11.35342
2026-04-24 16:05:00,77980.03,77994.86,77976.09,77986.68,9.08733
2026-04-24 16:06:00,77986.68,78043.72,77986.68,78021.71,11.81901
2026-04-24 16:07:00,78021.7,78021.7,77892.84,77892.84,13.71402
2026-04-24 16:08:00,77892.85,77910.75,77856.22,77857.15,9.01749
2026-04-24 16:09:00,77857.14,77887.93,77841.2,77875.76,6.19388
2026-04-24 16:10:00,77875.76,77931.55,77875.76,77931.55,1.91528
2026-04-24 16:11:00,77931.55,77962.35,77930.02,77946.5,6.54103
2026-04-24 16:12:00,77946.51,77946.51,77896.13,77896.14,4.8397
2026-04-24 16:13:00,77896.13,77896.14,77868.16,77879.99,3.48976
2026-04-24 16:14:00,77879.99,77885.98,77792.45,77792.45,12.68676
2026-04-24 16:15:00,77792.46,77792.46,77735.33,77735.33,14.851
2026-04-24 16:16:00,77735.33,77789.61,77735.33,77775.78,10.42593
2026-04-24 16:17:00,77775.78,77775.78,77700.0,77712.01,37.51273
2026-04-24 16:18:00,77712.01,77732.32,77700.0,77714.07,7.34894
2026-04-24 16:19:00,77714.07,77734.11,77714.07,77720.37,7.01433
2026-04-24 16:20:00,77720.36,77736.86,77700.0,77705.82,10.82583
2026-04-24 16:21:00,77705.82,77705.82,77678.12,77680.64,5.72727
2026-04-24 16:22:00,77680.65,77699.0,77640.01,77699.0,15.92616
2026-04-24 16:23:00,77699.0,77740.66,77698.99,77716.78,9.62746
2026-04-24 16:24:00,77716.78,77746.47,77716.78,77746.47,8.30194
2026-04-24 16:25:00,77746.84,77746.84,77682.59,77684.42,11.51808
2026-04-24 16:26:00,77684.43,77730.0,77684.42,77729.99,9.68314
2026-04-24 16:27:00,77729.99,77760.0,77729.99,77760.0,2.328
2026-04-24 16:28:00,77760.0,77764.06,77720.0,77720.0,10.78863
2026-04-24 16:29:00,77720.0,77727.7,77692.04,77727.69,17.51181
2026-04-24 16:30:00,77727.7,77770.47,77727.69,77757.91,9.28346
2026-04-24 16:31:00,77757.91,77809.5,77757.91,77780.01,14.04696
2026-04-24 16:32:00,77780.01,77808.89,77770.45,77803.18,3.37338
2026-04-24 16:33:00,77803.18,77855.67,77800.76,77855.67,13.14002
2026-04-24 16:34:00,77855.66,77875.01,77832.37,77875.01,8.72099
2026-04-24 16:35:00,77875.0,77902.48,77868.94,77902.11,8.98678
2026-04-24 16:36:00,77902.1,77902.11,77842.82,77842.83,5.42214
2026-04-24 16:37:00,77842.83,77855.64,77825.8,77825.81,3.49866
2026-04-24 16:38:00,77825.8,77825.8,77807.64,77807.65,5.92973
2026-04-24 16:39:00,77807.65,77807.65,77766.0,77784.7,8.78959
2026-04-24 16:40:00,77784.7,77789.99,77673.02,77673.02,4.82312
2026-04-24 16:41:00,77673.03,77673.03,77588.0,77588.01,20.11724
2026-04-24 16:42:00,77588.01,77637.43,77586.86,77624.65,9.22451
2026-04-24 16:43:00,77624.65,77682.02,77624.65,77682.01,7.90287
2026-04-24 16:44:00,77682.02,77713.42,77682.02,77708.13,3.63115
2026-04-24 16:45:00,77708.13,77726.61,77706.79,77716.0,8.50838
2026-04-24 16:46:00,77716.0,77746.56,77706.79,77740.65,3.80764
2026-04-24 16:47:00,77740.65,77740.65,77706.79,77706.79,2.69481
2026-04-24 16:48:00,77706.8,77720.75,77667.93,77667.93,1.99509
2026-04-24 16:49:00,77667.93,77667.94,77630.0,77630.01,3.62298
2026-04-24 16:50:00,77630.01,77667.92,77630.01,77658.71,9.35558
2026-04-24 16:51:00,77658.7,77658.7,77640.89,77640.9,4.59193
2026-04-24 16:52:00,77640.89,77649.64,77640.0,77649.63,7.09436
2026-04-24 16:53:00,77649.64,77687.18,77641.65,77686.03,13.88072
2026-04-24 16:54:00,77686.03,77728.53,77686.02,77728.53,3.76101
2026-04-24 16:55:00,77728.53,77737.23,77700.0,77725.59,18.66397
2026-04-24 16:56:00,77725.6,77732.0,77700.0,77700.01,2.38638
2026-04-24 16:57:00,77700.01,77700.01,77661.71,77679.41,4.8759
2026-04-24 16:58:00,77679.41,77761.53,77679.4,77761.53,12.62219
2026-04-24 16:59:00,77757.93,77783.54,77747.69,77777.28,4.66324
2026-04-24 17:00:00,77776.76,77776.76,77730.03,77734.26,5.2759
2026-04-24 17:01:00,77734.26,77741.65,77707.49,77707.49,3.99421
2026-04-24 17:02:00,77707.49,77740.12,77707.49,77727.78,14.00253
2026-04-24 17:03:00,77727.79,77731.93,77688.0,77709.11,5.78437
2026-04-24 17:04:00,77709.12,77709.12,77656.83,77682.12,21.26862
2026-04-24 17:05:00,77682.12,77682.12,77635.62,77635.62,13.34935
2026-04-24 17:06:00,77635.63,77698.84,77616.0,77698.84,10.29942
2026-04-24 17:07:00,77698.84,77699.37,77617.71,77627.98,9.09576
2026-04-24 17:08:00,77627.98,77660.1,77612.86,77660.09,10.84319
2026-04-24 17:09:00,77660.1,77676.49,77657.66,77657.66,4.71171
2026-04-24 17:10:00,77657.67,77743.23,77657.66,77743.23,4.33332
2026-04-24 17:11:00,77743.22,77768.88,77743.22,77751.26,2.75904
2026-04-24 17:12:00,77751.26,77751.26,77660.07,77665.94,14.12102
2026-04-24 17:13:00,77665.93,77709.63,77665.93,77699.05,2.61966
2026-04-24 17:14:00,77699.05,77752.54,77699.05,77752.53,5.09375
2026-04-24 17:15:00,77752.53,77752.54,77730.92,77740.02,4.10708
2026-04-24 17:16:00,77740.01,77740.02,77715.34,77727.99,1.24473
2026-04-24 17:17:00,77727.99,77728.0,77682.93,77684.7,3.29249
2026-04-24 17:18:00,77684.69,77684.7,77627.51,77640.85,4.29311
2026-04-24 17:19:00,77640.86,77665.94,77640.85,77642.01,2.37991
2026-04-24 17:20:00,77642.0,77642.0,77615.0,77627.45,3.39574
2026-04-24 17:21:00,77627.46,77627.46,77615.28,77615.28,2.09787
2026-04-24 17:22:00,77615.29,77618.88,77590.01,77590.02,6.01491
2026-04-24 17:23:00,77590.02,77604.13,77590.01,77597.25,9.30562
2026-04-24 17:24:00,77597.25,77618.12,77597.24,77618.11,15.7872
2026-04-24 17:25:00,77618.12,77621.58,77605.3,77609.24,3.07004
2026-04-24 17:26:00,77609.24,77630.0,77601.64,77623.66,3.36171
2026-04-24 17:27:00,77623.66,77697.75,77623.66,77693.79,7.34617
2026-04-24 17:28:00,77693.78,77714.72,77693.78,77714.71,4.34485
2026-04-24 17:29:00,77714.72,77714.72,77678.47,77678.47,1.87722
2026-04-24 17:30:00,77678.47,77680.85,77652.5,77673.29,20.22174
2026-04-24 17:31:00,77673.3,77709.79,77666.8,77689.85,3.41922
2026-04-24 17:32:00,77689.85,77692.0,77615.27,77615.27,4.8789
2026-04-24 17:33:00,77615.27,77615.28,77500.0,77525.99,51.00574
2026-04-24 17:34:00,77525.99,77554.0,77489.6,77505.76,45.6359
2026-04-24 17:35:00,77505.75,77567.72,77500.49,77550.0,7.75937
2026-04-24 17:36:00,77550.01,77598.04,77550.0,77598.03,5.59574
2026-04-24 17:37:00,77598.03,77605.98,77554.93,77554.93,2.42831
2026-04-24 17:38:00,77554.0,77559.99,77529.62,77540.19,14.97327
2026-04-24 17:39:00,77540.18,77554.06,77516.0,77516.01,3.50514
2026-04-24 17:40:00,77516.0,77561.41,77516.0,77561.4,6.6609
2026-04-24 17:41:00,77561.41,77585.47,77556.0,77569.09,1.99518
2026-04-24 17:42:00,77569.1,77609.97,77561.92,77597.72,4.20762
2026-04-24 17:43:00,77597.72,77615.27,77595.27,77598.19,3.06218
2026-04-24 17:44:00,77598.18,77607.87,77598.18,77602.07,1.04595
2026-04-24 17:45:00,77602.07,77650.0,77597.73,77609.55,4.74339
2026-04-24 17:46:00,77609.55,77609.55,77580.0,77580.01,2.165
2026-04-24 17:47:00,77580.01,77582.64,77562.44,77582.64,3.00969
2026-04-24 17:48:00,77582.64,77644.4,77582.64,77635.27,7.11007
2026-04-24 17:49:00,77635.27,77636.31,77619.31,77619.31,2.29518
2026-04-24 17:50:00,77619.31,77692.0,77614.68,77664.2,9.70384
2026-04-24 17:51:00,77664.2,77680.18,77658.57,77670.51,4.73835
2026-04-24 17:52:00,77670.51,77699.89,77660.26,77696.0,2.97799
2026-04-24 17:53:00,77696.01,77733.43,77688.35,77715.31,7.95107
2026-04-24 17:54:00,77715.32,77829.17,77715.31,77756.23,24.11215
2026-04-24 17:55:00,77756.0,77769.34,77718.95,77718.95,6.21832
2026-04-24 17:56:00,77718.95,77794.79,77718.95,77794.79,6.69797
2026-04-24 17:57:00,77794.79,77813.31,77690.0,77706.78,51.81577
2026-04-24 17:58:00,77706.77,77728.24,77660.26,77660.26,24.42484
2026-04-24 17:59:00,77660.27,77681.72,77657.0,77681.71,3.53553
2026-04-24 18:00:00,77681.72,77684.46,77631.37,77631.38,4.43037
2026-04-24 18:01:00,77631.38,77662.83,77631.38,77651.54,8.23265
2026-04-24 18:02:00,77651.54,77717.08,77651.54,77698.01,4.62804
2026-04-24 18:03:00,77698.01,77698.02,77672.78,77672.78,1.39543
2026-04-24 18:04:00,77672.79,77672.79,77657.34,77665.93,4.25274
2026-04-24 18:05:00,77665.94,77665.94,77606.88,77614.66,5.01725
2026-04-24 18:06:00,77614.66,77644.52,77614.65,77641.99,1.48427
2026-04-24 18:07:00,77642.0,77642.0,77626.84,77641.99,1.90402
2026-04-24 18:08:00,77642.0,77642.0,77604.23,77617.99,4.20917
2026-04-24 18:09:00,77618.0,77630.0,77600.0,77629.99,1.90404
2026-04-24 18:10:00,77630.0,77668.0,77629.99,77667.99,1.29737
2026-04-24 18:11:00,77667.99,77667.99,77651.24,77659.44,1.32669
2026-04-24 18:12:00,77659.43,77666.77,77640.51,77645.63,4.04808
2026-04-24 18:13:00,77645.63,77649.64,77581.84,77581.85,12.09156
2026-04-24 18:14:00,77581.84,77581.84,77520.45,77529.33,10.11127
2026-04-24 18:15:00,77529.33,77529.34,77492.96,77493.28,6.8207
2026-04-24 18:16:00,77493.29,77493.29,77417.99,77424.14,20.08676
2026-04-24 18:17:00,77424.14,77424.14,77363.63,77369.49,18.79534
2026-04-24 18:18:00,77369.49,77419.02,77365.47,77409.99,11.22303
2026-04-24 18:19:00,77410.0,77456.87,77410.0,77415.79,8.39739
2026-04-24 18:20:00,77415.8,77435.97,77415.79,77420.01,5.75078
2026-04-24 18:21:00,77420.01,77466.49,77419.99,77466.48,1.66616
2026-04-24 18:22:00,77466.49,77481.07,77466.48,77476.94,1.55788
2026-04-24 18:23:00,77476.93,77504.96,77474.0,77500.01,4.09223
2026-04-24 18:24:00,77500.0,77513.8,77483.99,77509.21,4.381
2026-04-24 18:25:00,77509.2,77522.29,77485.97,77522.29,3.90273
2026-04-24 18:26:00,77522.29,77537.91,77496.44,77537.14,3.92732
2026-04-24 18:27:00,77537.14,77545.49,77509.03,77509.03,5.83854
2026-04-24 18:28:00,77509.03,77540.57,77499.99,77522.42,5.66907
2026-04-24 18:29:00,77522.42,77522.43,77491.85,77499.0,3.5202
2026-04-24 18:30:00,77499.01,77523.43,77483.99,77523.43,6.47656
2026-04-24 18:31:00,77523.43,77561.41,77523.43,77528.24,8.57176
2026-04-24 18:32:00,77528.23,77564.61,77528.23,77530.0,6.27691
2026-04-24 18:33:00,77530.01,77558.39,77530.0,77550.58,3.84371
2026-04-24 18:34:00,77550.57,77600.02,77550.57,77584.43,7.18007
2026-04-24 18:35:00,77584.42,77617.19,77579.39,77592.2,5.74447
2026-04-24 18:36:00,77592.21,77592.21,77565.04,77581.43,5.57466
2026-04-24 18:37:00,77581.43,77610.73,77581.43,77586.88,7.69918
2026-04-24 18:38:00,77586.89,77636.72,77586.88,77615.12,14.31491
2026-04-24 18:39:00,77615.12,77615.12,77546.33,77546.33,10.49376
2026-04-24 18:40:00,77546.33,77584.96,77540.0,77560.01,13.38414
2026-04-24 18:41:00,77560.01,77560.01,77522.0,77522.0,2.86226
2026-04-24 18:42:00,77522.0,77561.41,77522.0,77541.38,6.79925
2026-04-24 18:43:00,77541.37,77541.38,77521.98,77534.21,3.95063
2026-04-24 18:44:00,77534.22,77573.48,77534.22,77573.48,2.38757
2026-04-24 18:45:00,77573.48,77590.68,77558.94,77558.94,2.77365
2026-04-24 18:46:00,77558.94,77610.63,77558.94,77609.36,3.06099
2026-04-24 18:47:00,77609.36,77615.08,77609.28,77609.28,3.12488
2026-04-24 18:48:00,77609.28,77609.29,77580.08,77592.2,2.54299
2026-04-24 18:49:00,77592.21,77602.92,77560.03,77560.03,4.16978
2026-04-24 18:50:00,77560.04,77570.33,77548.23,77570.32,4.68996
2026-04-24 18:51:00,77570.31,77580.0,77560.0,77580.0,3.20371
2026-04-24 18:52:00,77580.0,77600.8,77579.99,77600.8,2.19111
2026-04-24 18:53:00,77600.79,77600.8,77574.0,77574.01,3.15967
2026-04-24 18:54:00,77574.0,77585.19,77570.4,77585.18,2.94817
2026-04-24 18:55:00,77585.18,77593.12,77582.74,77593.12,1.56426
2026-04-24 18:56:00,77593.11,77600.77,77593.11,77593.34,1.04755
2026-04-24 18:57:00,77593.34,77593.34,77563.14,77565.68,2.71811
2026-04-24 18:58:00,77565.68,77595.64,77565.68,77590.1,3.22956
2026-04-24 18:59:00,77590.1,77625.58,77590.1,77618.24,3.36927
2026-04-24 19:00:00,77618.25,77695.77,77618.25,77690.01,9.30888
2026-04-24 19:01:00,77690.01,77748.66,77690.01,77729.37,5.25452
2026-04-24 19:02:00,77729.37,77748.66,77717.65,77729.65,2.88523
2026-04-24 19:03:00,77729.65,77735.0,77680.25,77680.25,4.04866
2026-04-24 19:04:00,77680.25,77680.25,77632.08,77645.44,9.03711
2026-04-24 19:05:00,77645.44,77665.94,77627.09,77627.1,3.77803
2026-04-24 19:06:00,77627.1,77627.1,77570.07,77576.15,4.95489
2026-04-24 19:07:00,77576.15,77605.87,77576.14,77605.86,3.47593
2026-04-24 19:08:00,77605.87,77632.67,77605.64,77605.65,2.62327
2026-04-24 19:09:00,77605.64,77605.64,77590.43,77593.84,2.65915
2026-04-24 19:10:00,77593.84,77610.01,77581.25,77581.25,3.83923
2026-04-24 19:11:00,77581.25,77603.51,77570.0,77603.51,4.60076
2026-04-24 19:12:00,77603.51,77603.51,77581.69,77584.05,2.8077
2026-04-24 19:13:00,77584.05,77603.92,77584.05,77603.92,4.32264
2026-04-24 19:14:00,77603.92,77603.92,77600.51,77600.51,2.58323
2026-04-24 19:15:00,77600.52,77674.21,77600.51,77660.39,5.47863
2026-04-24 19:16:00,77660.39,77665.94,77640.19,77646.86,3.89603
2026-04-24 19:17:00,77646.87,77646.87,77633.64,77644.58,2.99759
2026-04-24 19:18:00,77644.58,77644.58,77628.84,77632.18,2.27964
2026-04-24 19:19:00,77632.19,77632.19,77632.17,77632.18,1.33868
2026-04-24 19:20:00,77632.17,77654.27,77632.17,77654.26,3.24325
2026-04-24 19:21:00,77654.27,77654.27,77606.74,77606.74,2.57439
2026-04-24 19:22:00,77606.74,77613.19,77591.87,77613.18,3.12436
2026-04-24 19:23:00,77613.19,77628.98,77613.18,77626.01,1.66574
2026-04-24 19:24:00,77626.01,77626.01,77561.4,77561.4,4.90186
2026-04-24 19:25:00,77561.4,77571.73,77561.4,77565.43,1.60693
2026-04-24 19:26:00,77565.44,77565.44,77532.46,77547.76,4.99529
2026-04-24 19:27:00,77547.77,77584.32,77547.76,77579.86,2.05296
2026-04-24 19:28:00,77579.85,77579.86,77561.5,77575.12,1.25041
2026-04-24 19:29:00,77575.12,77575.13,77575.12,77575.13,0.6338
2026-04-24 19:30:00,77575.12,77592.39,77561.43,77574.05,6.02271
2026-04-24 19:31:00,77574.05,77618.97,77574.05,77614.7,2.82527
2026-04-24 19:32:00,77614.69,77650.0,77582.0,77586.29,5.8317
2026-04-24 19:33:00,77586.28,77607.53,77582.16,77607.53,3.41296
2026-04-24 19:34:00,77607.53,77621.32,77600.02,77621.31,3.36573
2026-04-24 19:35:00,77621.31,77621.31,77572.47,77572.47,2.08337
2026-04-24 19:36:00,77572.48,77590.83,77572.47,77589.47,2.28973
2026-04-24 19:37:00,77589.47,77598.04,77567.39,77586.69,2.88515
2026-04-24 19:38:00,77586.7,77632.0,77580.71,77631.99,16.251
2026-04-24 19:39:00,77632.0,77645.55,77631.99,77636.89,3.84072
2026-04-24 19:40:00,77636.88,77640.52,77616.12,77640.51,3.18705
2026-04-24 19:41:00,77640.51,77640.51,77620.05,77634.01,1.29941
2026-04-24 19:42:00,77634.01,77644.61,77634.01,77636.14,1.1193
2026-04-24 19:43:00,77636.13,77651.56,77636.13,77651.55,1.63494
2026-04-24 19:44:00,77651.56,77651.56,77614.83,77614.84,2.71494
2026-04-24 19:45:00,77614.83,77614.83,77585.75,77585.75,5.50617
2026-04-24 19:46:00,77585.75,77585.76,77578.44,77578.44,3.23321
2026-04-24 19:47:00,77578.45,77621.01,77578.44,77605.48,4.06413
2026-04-24 19:48:00,77605.47,77605.48,77578.57,77578.57,1.89017
2026-04-24 19:49:00,77578.58,77589.16,77578.57,77582.04,5.13682
2026-04-24 19:50:00,77582.04,77606.9,77582.04,77582.55,7.58404
2026-04-24 19:51:00,77582.55,77597.51,77574.77,77597.51,4.41651
2026-04-24 19:52:00,77597.51,77602.01,77574.77,77574.78,1.33255
2026-04-24 19:53:00,77574.77,77599.56,77544.61,77599.56,14.12419
2026-04-24 19:54:00,77599.56,77601.91,77584.0,77601.9,1.78418
2026-04-24 19:55:00,77601.91,77610.85,77593.98,77610.84,6.29032
2026-04-24 19:56:00,77610.84,77615.25,77601.99,77615.24,4.57806
2026-04-24 19:57:00,77615.25,77635.89,77601.99,77635.89,3.16651
2026-04-24 19:58:00,77635.88,77635.89,77614.05,77635.21,5.71398
2026-04-24 19:59:00,77635.2,77636.62,77608.46,77628.85,14.77534
2026-04-24 20:00:00,77628.84,77628.85,77552.64,77552.64,9.42798
2026-04-24 20:01:00,77552.65,77607.5,77544.7,77607.5,4.50247
2026-04-24 20:02:00,77607.49,77618.36,77544.7,77544.7,4.32506
2026-04-24 20:03:00,77544.7,77561.41,77532.0,77561.41,12.01854
2026-04-24 20:04:00,77561.4,77574.79,77561.4,77574.79,1.44889
2026-04-24 20:05:00,77574.79,77600.89,77574.78,77596.59,5.6027
2026-04-24 20:06:00,77596.59,77596.6,77596.59,77596.6,0.65913
2026-04-24 20:07:00,77596.59,77596.6,77551.7,77563.26,11.665
2026-04-24 20:08:00,77563.27,77564.08,77563.26,77564.08,0.6748
2026-04-24 20:09:00,77564.08,77564.08,77550.0,77561.79,6.84092
2026-04-24 20:10:00,77561.78,77579.69,77561.78,77579.68,1.81829
2026-04-24 20:11:00,77579.69,77595.18,77579.68,77588.01,4.75064
2026-04-24 20:12:00,77588.01,77588.01,77588.0,77588.0,1.60252
2026-04-24 20:13:00,77588.01,77616.05,77588.0,77616.05,3.99695
2026-04-24 20:14:00,77616.04,77636.62,77616.04,77636.61,1.52246
2026-04-24 20:15:00,77636.62,77644.61,77625.18,77625.18,2.95753
2026-04-24 20:16:00,77625.19,77625.19,77625.18,77625.19,0.83693
2026-04-24 20:17:00,77625.19,77625.19,77569.99,77570.0,4.9772
2026-04-24 20:18:00,77569.99,77569.99,77551.15,77551.15,5.06793
2026-04-24 20:19:00,77551.15,77561.41,77551.15,77561.4,0.63188
2026-04-24 20:20:00,77561.4,77597.9,77561.4,77578.28,5.84615
2026-04-24 20:21:00,77578.28,77578.53,77529.94,77529.95,10.03943
2026-04-24 20:22:00,77529.94,77542.19,77518.12,77542.13,37.73603
2026-04-24 20:23:00,77542.13,77542.14,77523.76,77524.34,6.20639
2026-04-24 20:24:00,77524.35,77524.35,77513.52,77513.52,5.43777
2026-04-24 20:25:00,77513.52,77516.76,77502.78,77516.75,4.53628
2026-04-24 20:26:00,77516.76,77516.76,77458.0,77469.85,10.89549
2026-04-24 20:27:00,77469.84,77522.44,77469.84,77509.43,5.33708
2026-04-24 20:28:00,77509.43,77561.4,77507.27,77561.4,18.30046
2026-04-24 20:29:00,77561.4,77561.4,77537.51,77537.87,1.21879
2026-04-24 20:30:00,77537.86,77556.6,77537.86,77556.6,2.75968
2026-04-24 20:31:00,77556.6,77574.76,77544.72,77544.73,3.46978
2026-04-24 20:32:00,77544.73,77579.73,77544.72,77563.16,4.57083
2026-04-24 20:33:00,77563.15,77563.16,77563.15,77563.15,3.96332
2026-04-24 20:34:00,77563.15,77563.16,77559.48,77561.41,1.78418
2026-04-24 20:35:00,77561.41,77581.97,77561.4,77581.96,4.41905
2026-04-24 20:36:00,77581.97,77660.79,77581.96,77660.78,6.23611
2026-04-24 20:37:00,77660.79,77662.68,77633.83,77633.83,7.97518
2026-04-24 20:38:00,77633.84,77650.71,77633.84,77650.36,3.36216
2026-04-24 20:39:00,77650.36,77655.8,77650.0,77650.0,3.27946
2026-04-24 20:40:00,77650.01,77656.84,77621.06,77633.99,4.58372
2026-04-24 20:41:00,77633.99,77634.0,77633.99,77633.99,0.88515
2026-04-24 20:42:00,77634.0,77634.0,77625.13,77630.0,1.79252
2026-04-24 20:43:00,77630.0,77630.0,77629.99,77629.99,0.36105
2026-04-24 20:44:00,77629.99,77630.0,77624.4,77624.4,2.02702
2026-04-24 20:45:00,77624.41,77670.06,77624.4,77652.82,18.26996
2026-04-24 20:46:00,77652.82,77652.83,77652.82,77652.83,0.66708
2026-04-24 20:47:00,77652.83,77652.83,77652.82,77652.83,3.53534
2026-04-24 20:48:00,77652.82,77665.98,77642.28,77642.28,2.57121
2026-04-24 20:49:00,77642.29,77648.53,77642.28,77648.53,1.29874
2026-04-24 20:50:00,77648.52,77648.53,77641.99,77641.99,1.27114
2026-04-24 20:51:00,77641.99,77665.94,77641.99,77665.93,2.4444
2026-04-24 20:52:00,77665.94,77665.94,77665.93,77665.93,1.0777
2026-04-24 20:53:00,77665.94,77665.94,77655.0,77655.0,1.27165
2026-04-24 20:54:00,77655.01,77658.05,77654.99,77658.05,0.51213
2026-04-24 20:55:00,77658.05,77676.31,77658.05,77676.3,12.09762
2026-04-24 20:56:00,77676.31,77728.82,77676.3,77709.77,34.86154
2026-04-24 20:57:00,77709.77,77738.01,77709.77,77738.01,40.66048
2026-04-24 20:58:00,77738.01,77757.14,77738.01,77742.21,10.17536
2026-04-24 20:59:00,77742.21,77742.21,77718.29,77718.31,3.2307
2026-04-24 21:00:00,77718.31,77718.77,77697.18,77701.65,4.03407
2026-04-24 21:01:00,77701.64,77701.65,77697.18,77697.19,0.91171
2026-04-24 21:02:00,77697.19,77718.34,77697.18,77718.34,4.55026
2026-04-24 21:03:00,77718.33,77722.91,77709.36,77709.36,1.28646
2026-04-24 21:04:00,77709.36,77738.1,77700.72,77737.84,8.25413
2026-04-24 21:05:00,77737.85,77756.15,77725.68,77725.68,3.75898
2026-04-24 21:06:00,77725.69,77729.13,77705.57,77705.58,2.66186
2026-04-24 21:07:00,77705.57,77705.58,77697.18,77700.0,0.76873
2026-04-24 21:08:00,77700.0,77700.0,77699.99,77700.0,0.42046
2026-04-24 21:09:00,77700.0,77708.84,77699.99,77708.84,1.26454
2026-04-24 21:10:00,77708.84,77708.84,77697.18,77697.18,2.37939
2026-04-24 21:11:00,77697.19,77697.19,77697.18,77697.18,0.75737
2026-04-24 21:12:00,77697.18,77731.2,77697.18,77731.2,6.3961
2026-04-24 21:13:00,77731.19,77731.2,77717.3,77717.3,3.69802
2026-04-24 21:14:00,77717.31,77717.31,77592.5,77592.5,68.5216
2026-04-24 21:15:00,77592.51,77601.7,77592.5,77601.7,32.36351
2026-04-24 21:16:00,77601.69,77601.7,77581.52,77581.52,12.38478
2026-04-24 21:17:00,77581.52,77581.53,77580.0,77580.02,3.5443
2026-04-24 21:18:00,77580.02,77616.57,77580.01,77616.57,7.89397
2026-04-24 21:19:00,77616.57,77631.97,77616.56,77631.97,3.82648
2026-04-24 21:20:00,77631.96,77631.97,77589.37,77589.37,3.00432
2026-04-24 21:21:00,77589.37,77589.37,77580.01,77580.01,1.84422
2026-04-24 21:22:00,77580.01,77580.54,77580.01,77580.54,1.52149
2026-04-24 21:23:00,77580.55,77587.78,77580.55,77587.77,1.01553
2026-04-24 21:24:00,77587.77,77634.48,77587.77,77634.47,11.37202
2026-04-24 21:25:00,77634.48,77660.33,77613.55,77613.56,6.52345
2026-04-24 21:26:00,77613.55,77625.48,77602.82,77625.48,2.99037
2026-04-24 21:27:00,77625.47,77625.48,77615.86,77615.86,3.11644
2026-04-24 21:28:00,77615.87,77619.8,77615.86,77619.8,3.14961
2026-04-24 21:29:00,77619.79,77625.72,77619.79,77625.72,0.98049
2026-04-24 21:30:00,77625.71,77625.71,77607.57,77607.57,2.34243
2026-04-24 21:31:00,77607.58,77608.16,77604.88,77604.89,1.75981
2026-04-24 21:32:00,77604.89,77604.89,77574.0,77586.31,6.76903
2026-04-24 21:33:00,77586.32,77609.65,77586.32,77609.65,0.95795
2026-04-24 21:34:00,77609.65,77629.68,77609.64,77614.32,3.85601
2026-04-24 21:35:00,77614.31,77614.31,77579.93,77579.94,11.88539
2026-04-24 21:36:00,77579.94,77579.94,77553.28,77571.56,7.4642
2026-04-24 21:37:00,77571.56,77580.0,77571.56,77579.99,1.96329
2026-04-24 21:38:00,77580.0,77603.3,77580.0,77603.29,2.13795
2026-04-24 21:39:00,77603.29,77603.3,77593.6,77593.61,4.12276
2026-04-24 21:40:00,77593.6,77593.61,77560.25,77586.87,6.46339
2026-04-24 21:41:00,77586.88,77602.0,77586.87,77602.0,1.6256
2026-04-24 21:42:00,77602.0,77602.0,77581.42,77583.2,5.27426
2026-04-24 21:43:00,77583.19,77584.63,77565.97,77578.26,3.55638
2026-04-24 21:44:00,77578.27,77626.71,77557.34,77557.35,16.50857
2026-04-24 21:45:00,77557.35,77585.99,77557.34,77576.26,2.80825
2026-04-24 21:46:00,77576.26,77576.26,77550.0,77550.0,1.59319
2026-04-24 21:47:00,77550.0,77576.71,77550.0,77567.11,9.92783
2026-04-24 21:48:00,77567.11,77567.11,77562.71,77562.72,0.86932
2026-04-24 21:49:00,77562.71,77572.0,77562.71,77572.0,0.90818
2026-04-24 21:50:00,77572.0,77585.75,77568.0,77568.01,1.96099
2026-04-24 21:51:00,77568.01,77584.69,77568.0,77584.68,1.70081
2026-04-24 21:52:00,77584.69,77584.69,77580.26,77580.27,1.10767
2026-04-24 21:53:00,77580.26,77583.08,77561.06,77583.08,3.03133
2026-04-24 21:54:00,77583.08,77583.08,77577.11,77577.11,1.89756
2026-04-24 21:55:00,77577.12,77592.0,77562.26,77578.84,2.93353
2026-04-24 21:56:00,77578.85,77592.0,77578.06,77586.31,0.79839
2026-04-24 21:57:00,77586.31,77590.92,77586.3,77590.91,0.31654
2026-04-24 21:58:00,77590.92,77590.92,77583.34,77583.35,0.62374
2026-04-24 21:59:00,77583.34,77583.35,77536.48,77536.48,10.33732
2026-04-24 22:00:00,77536.49,77555.2,77515.05,77555.2,4.20523
2026-04-24 22:01:00,77555.21,77570.0,77553.86,77564.99,8.1185
2026-04-24 22:02:00,77565.0,77570.54,77552.16,77552.16,2.68543
2026-04-24 22:03:00,77552.16,77598.04,77549.85,77598.04,5.05567
2026-04-24 22:04:00,77598.04,77598.04,77561.51,77561.52,1.0343
2026-04-24 22:05:00,77561.52,77586.11,77561.51,77564.92,0.94765
2026-04-24 22:06:00,77564.92,77574.74,77554.68,77572.64,2.14651
2026-04-24 22:07:00,77572.64,77580.36,77572.64,77580.36,6.76404
2026-04-24 22:08:00,77580.36,77587.82,77580.35,77582.56,1.88305
2026-04-24 22:09:00,77582.56,77596.47,77544.0,77544.0,7.28679
2026-04-24 22:10:00,77544.01,77557.96,77544.0,77556.0,1.2814
2026-04-24 22:11:00,77556.01,77570.0,77556.0,77569.99,1.72633
2026-04-24 22:12:00,77570.0,77580.34,77569.99,77580.33,0.54077
2026-04-24 22:13:00,77580.33,77580.34,77580.33,77580.34,0.61819
2026-04-24 22:14:00,77580.34,77601.14,77580.2,77601.13,2.53197
2026-04-24 22:15:00,77601.12,77601.13,77587.58,77595.62,3.02235
2026-04-24 22:16:00,77595.61,77595.62,77583.21,77583.22,0.78555
2026-04-24 22:17:00,77583.22,77583.22,77583.2,77583.2,1.98415
2026-04-24 22:18:00,77583.21,77583.21,77583.2,77583.2,0.65562
2026-04-24 22:19:00,77583.21,77601.12,77575.68,77601.12,15.90102
2026-04-24 22:20:00,77601.12,77616.78,77578.27,77578.27,1.46329
2026-04-24 22:21:00,77578.27,77592.65,77576.0,77586.95,2.41032
2026-04-24 22:22:00,77586.96,77588.77,77584.88,77588.76,1.93771
2026-04-24 22:23:00,77588.77,77588.77,77578.42,77581.62,0.99945
2026-04-24 22:24:00,77581.62,77600.25,77581.61,77588.88,0.72421
2026-04-24 22:25:00,77588.89,77588.89,77560.0,77560.0,0.53007
2026-04-24 22:26:00,77560.0,77570.15,77560.0,77561.4,3.25455
2026-04-24 22:27:00,77561.4,77570.49,77561.4,77570.48,0.50393
2026-04-24 22:28:00,77570.49,77570.49,77567.24,77567.25,0.50062
2026-04-24 22:29:00,77567.25,77567.25,77546.91,77546.91,1.45563
2026-04-24 22:30:00,77546.91,77546.92,77528.23,77528.23,1.73604
2026-04-24 22:31:00,77528.24,77528.24,77493.5,77493.5,5.35124
2026-04-24 22:32:00,77493.51,77493.51,77466.78,77466.79,5.27068
2026-04-24 22:33:00,77466.78,77477.64,77466.78,77467.52,4.02795
2026-04-24 22:34:00,77467.52,77467.53,77462.34,77462.35,2.78678
2026-04-24 22:35:00,77462.34,77504.73,77462.34,77483.53,4.14653
2026-04-24 22:36:00,77483.52,77483.53,77467.99,77468.0,2.35115
2026-04-24 22:37:00,77467.99,77482.01,77467.99,77482.0,0.83185
2026-04-24 22:38:00,77482.0,77482.01,77382.35,77384.25,19.55973
2026-04-24 22:39:00,77384.25,77390.31,77264.08,77303.31,40.77557
2026-04-24 22:40:00,77303.31,77360.43,77303.31,77327.08,11.85307
2026-04-24 22:41:00,77327.09,77333.55,77318.42,77325.78,9.84716
2026-04-24 22:42:00,77325.78,77325.79,77314.1,77314.48,3.91656
2026-04-24 22:43:00,77314.48,77316.38,77291.31,77291.32,4.83582
2026-04-24 22:44:00,77291.32,77299.42,77282.22,77282.23,2.32035
2026-04-24 22:45:00,77282.23,77318.79,77282.23,77302.44,6.97603
2026-04-24 22:46:00,77302.44,77380.67,77302.44,77380.67,7.07327
2026-04-24 22:47:00,77380.66,77380.66,77344.25,77350.79,4.6835
2026-04-24 22:48:00,77350.78,77350.79,77333.61,77336.02,2.12554
2026-04-24 22:49:00,77336.02,77340.0,77312.42,77332.59,28.11106
2026-04-24 22:50:00,77332.6,77332.6,77328.92,77328.93,1.45499
2026-04-24 22:51:00,77328.93,77338.95,77316.81,77331.13,2.47874
2026-04-24 22:52:00,77331.13,77352.34,77324.01,77352.34,3.56097
2026-04-24 22:53:00,77352.34,77379.72,77342.87,77342.88,4.92713
2026-04-24 22:54:00,77342.89,77348.0,77322.01,77322.01,2.01796
2026-04-24 22:55:00,77322.02,77339.34,77322.01,77339.34,1.71697
2026-04-24 22:56:00,77339.34,77339.34,77339.33,77339.34,1.39935
2026-04-24 22:57:00,77339.33,77339.34,77339.33,77339.33,0.5743
2026-04-24 22:58:00,77339.33,77351.72,77339.33,77351.71,3.64699
2026-04-24 22:59:00,77351.71,77351.72,77328.91,77328.91,4.96738
2026-04-24 23:00:00,77328.92,77349.71,77328.92,77349.71,2.90198
2026-04-24 23:01:00,77349.71,77373.93,77349.71,77373.92,2.53607
2026-04-24 23:02:00,77373.93,77373.93,77340.0,77340.0,5.39944
2026-04-24 23:03:00,77340.0,77346.97,77338.96,77346.97,1.7435
2026-04-24 23:04:00,77346.96,77356.02,77346.96,77356.02,3.65705
2026-04-24 23:05:00,77356.01,77365.56,77356.01,77360.49,5.00658
2026-04-24 23:06:00,77360.49,77375.61,77360.48,77375.61,1.33306
2026-04-24 23:07:00,77375.6,77388.75,77364.0,77364.0,4.27196
2026-04-24 23:08:00,77364.0,77364.01,77364.0,77364.01,3.78355
2026-04-24 23:09:00,77364.01,77373.93,77364.0,77373.93,3.06535
2026-04-24 23:10:00,77373.93,77388.75,77373.92,77388.74,3.33339
2026-04-24 23:11:00,77388.75,77404.38,77388.74,77404.38,4.8334
2026-04-24 23:12:00,77404.38,77405.84,77388.75,77388.76,4.47259
2026-04-24 23:13:00,77388.76,77398.49,77388.75,77398.48,5.00586
2026-04-24 23:14:00,77398.48,77398.48,77384.27,77388.39,3.55491
2026-04-24 23:15:00,77388.4,77388.4,77385.99,77386.0,3.21766
2026-04-24 23:16:00,77385.99,77386.0,77377.18,77377.19,6.51488
2026-04-24 23:17:00,77377.19,77388.0,77377.18,77387.99,1.86419
2026-04-24 23:18:00,77387.99,77388.0,77382.72,77382.73,0.79384
2026-04-24 23:19:00,77382.72,77389.47,77370.74,77389.46,9.32909
2026-04-24 23:20:00,77389.47,77389.47,77350.0,77350.01,6.271
2026-04-24 23:21:00,77350.01,77352.33,77337.6,77339.66,8.11466
2026-04-24 23:22:00,77339.67,77351.33,77339.66,77346.46,8.04834
2026-04-24 23:23:00,77346.47,77373.74,77346.46,77369.82,4.57289
2026-04-24 23:24:00,77369.82,77369.83,77369.82,77369.82,1.54032
2026-04-24 23:25:00,77369.82,77369.83,77369.82,77369.82,0.52452
2026-04-24 23:26:00,77369.83,77393.14,77369.82,77393.13,2.37414
2026-04-24 23:27:00,77393.14,77402.41,77393.13,77402.41,1.2916
2026-04-24 23:28:00,77402.4,77411.98,77402.4,77411.97,1.29191
2026-04-24 23:29:00,77411.97,77426.59,77404.4,77409.61,10.00429
2026-04-24 23:30:00,77409.62,77409.62,77405.08,77405.08,0.35743
2026-04-24 23:31:00,77405.08,77418.79,77396.0,77418.78,5.02586
2026-04-24 23:32:00,77418.79,77418.79,77418.78,77418.79,0.46034
2026-04-24 23:33:00,77418.78,77426.02,77418.78,77426.01,1.0349
2026-04-24 23:34:00,77426.01,77456.87,77426.01,77440.04,11.14518
2026-04-24 23:35:00,77440.04,77440.05,77418.78,77418.79,0.8154
2026-04-24 23:36:00,77418.79,77436.75,77418.79,77436.74,3.35897
2026-04-24 23:37:00,77436.74,77436.75,77423.01,77423.01,0.66508
2026-04-24 23:38:00,77423.02,77440.78,77423.02,77440.78,1.23073
2026-04-24 23:39:00,77440.78,77455.86,77427.63,77427.63,10.42061
2026-04-24 23:40:00,77427.64,77432.99,77427.63,77431.33,7.02087
2026-04-24 23:41:00,77431.34,77439.35,77431.34,77432.94,1.56233
2026-04-24 23:42:00,77432.93,77443.67,77432.93,77443.67,4.60351
2026-04-24 23:43:00,77443.66,77443.68,77443.66,77443.66,0.97599
2026-04-24 23:44:00,77443.66,77443.67,77443.66,77443.67,0.77861
2026-04-24 23:45:00,77443.67,77443.67,77432.94,77432.94,1.36141
2026-04-24 23:46:00,77432.95,77432.95,77432.94,77432.95,0.51035
2026-04-24 23:47:00,77432.95,77436.07,77432.0,77432.0,1.78213
2026-04-24 23:48:00,77432.0,77432.01,77418.0,77419.52,6.13163
2026-04-24 23:49:00,77419.53,77426.39,77419.52,77426.38,3.16263
2026-04-24 23:50:00,77426.39,77432.01,77426.38,77432.01,1.28429
2026-04-24 23:51:00,77432.01,77432.01,77430.01,77430.02,0.45968
2026-04-24 23:52:00,77430.02,77435.03,77430.01,77435.03,3.69068
2026-04-24 23:53:00,77435.03,77443.02,77435.02,77443.01,10.1166
2026-04-24 23:54:00,77443.01,77445.0,77439.98,77445.0,1.71879
2026-04-24 23:55:00,77445.0,77445.0,77444.99,77444.99,1.53025
2026-04-24 23:56:00,77444.99,77445.0,77434.63,77434.64,1.13379
2026-04-24 23:57:00,77434.63,77434.64,77434.63,77434.63,0.32151
2026-04-24 23:58:00,77434.64,77436.65,77434.63,77436.65,1.32916
2026-04-24 23:59:00,77436.65,77437.13,77426.0,77437.13,32.44759
2026-04-25 00:00:00,77437.13,77442.84,77430.46,77432.69,5.97369
2026-04-25 00:01:00,77432.68,77502.99,77423.86,77483.22,10.32348
2026-04-25 00:02:00,77483.22,77483.22,77464.29,77481.65,5.45372
2026-04-25 00:03:00,77481.65,77490.97,77478.17,77478.18,4.00401
2026-04-25 00:04:00,77478.17,77478.18,77413.29,77424.1,83.39368
2026-04-25 00:05:00,77424.11,77450.92,77424.1,77450.91,7.34323
2026-04-25 00:06:00,77450.91,77469.07,77450.91,77465.89,13.88181
2026-04-25 00:07:00,77465.88,77465.89,77465.88,77465.89,2.86801
2026-04-25 00:08:00,77465.89,77473.71,77465.88,77473.71,3.19548
2026-04-25 00:09:00,77473.71,77473.71,77465.89,77465.89,2.77361
2026-04-25 00:10:00,77465.89,77465.9,77457.52,77457.52,10.23359
2026-04-25 00:11:00,77457.53,77457.53,77423.53,77429.03,5.33005
2026-04-25 00:12:00,77429.03,77429.04,77409.42,77409.43,6.58983
2026-04-25 00:13:00,77409.43,77421.21,77409.42,77421.21,5.04062
2026-04-25 00:14:00,77421.21,77427.39,77421.2,77427.38,4.05614
2026-04-25 00:15:00,77427.38,77440.29,77427.38,77440.29,4.2027
2026-04-25 00:16:00,77440.28,77444.18,77416.89,77416.89,3.41217
2026-04-25 00:17:00,77416.89,77416.9,77405.5,77405.5,4.33858
2026-04-25 00:18:00,77405.51,77405.51,77361.28,77361.29,7.39142
2026-04-25 00:19:00,77361.28,77374.47,77361.28,77370.65,7.82647
2026-04-25 00:20:00,77370.66,77391.55,77370.66,77383.16,3.87817
2026-04-25 00:21:00,77383.16,77383.16,77373.3,77373.3,3.45629
2026-04-25 00:22:00,77373.3,77373.31,77373.3,77373.3,6.25699
2026-04-25 00:23:00,77373.3,77383.85,77373.3,77383.85,3.62614
2026-04-25 00:24:00,77383.84,77383.85,77360.83,77367.3,7.75467
2026-04-25 00:25:00,77367.3,77377.11,77367.3,77377.11,4.25324
2026-04-25 00:26:00,77377.1,77377.11,77343.21,77343.21,5.7742
2026-04-25 00:27:00,77343.22,77343.22,77343.21,77343.21,1.17404
2026-04-25 00:28:00,77343.22,77343.22,77319.77,77328.0,59.93833
2026-04-25 00:29:00,77328.0,77328.0,77309.92,77318.99,45.76499
2026-04-25 00:30:00,77318.99,77333.97,77318.98,77333.96,1.49945
2026-04-25 00:31:00,77333.97,77334.61,77333.97,77334.6,3.25009
2026-04-25 00:32:00,77334.61,77340.84,77334.6,77340.83,1.72772
2026-04-25 00:33:00,77340.84,77362.0,77340.83,77362.0,2.114
2026-04-25 00:34:00,77361.99,77362.0,77360.0,77360.0,1.11543
2026-04-25 00:35:00,77360.01,77360.01,77360.0,77360.01,0.53871
2026-04-25 00:36:00,77360.01,77360.01,77353.54,77353.55,1.63265
2026-04-25 00:37:00,77353.55,77358.25,77353.54,77358.25,0.90069
2026-04-25 00:38:00,77358.24,77362.0,77358.24,77362.0,1.07286
2026-04-25 00:39:00,77362.0,77393.08,77361.99,77393.08,4.10854
2026-04-25 00:40:00,77393.07,77393.08,77393.07,77393.08,0.677
2026-04-25 00:41:00,77393.08,77418.73,77393.07,77418.73,3.77376
2026-04-25 00:42:00,77418.73,77430.75,77418.73,77430.75,5.52473
2026-04-25 00:43:00,77430.75,77430.75,77426.36,77426.37,2.11096
2026-04-25 00:44:00,77426.37,77426.37,77373.69,77373.7,27.05641
2026-04-25 00:45:00,77373.7,77376.78,77373.69,77376.78,2.13129
2026-04-25 00:46:00,77376.77,77392.71,77376.77,77392.71,1.93696
2026-04-25 00:47:00,77392.71,77411.0,77392.7,77411.0,1.5974
2026-04-25 00:48:00,77411.0,77422.26,77410.99,77421.43,10.18537
2026-04-25 00:49:00,77421.43,77421.44,77418.12,77418.12,0.63704
2026-04-25 00:50:00,77418.12,77418.13,77410.42,77410.42,0.94798
2026-04-25 00:51:00,77410.43,77410.43,77410.42,77410.42,1.13736
2026-04-25 00:52:00,77410.42,77410.43,77410.42,77410.42,0.37649
2026-04-25 00:53:00,77410.42,77410.43,77410.42,77410.43,0.5024
2026-04-25 00:54:00,77410.43,77418.8,77410.42,77418.79,1.16747
2026-04-25 00:55:00,77418.8,77430.88,77418.79,77430.87,3.715
2026-04-25 00:56:00,77430.88,77450.0,77430.87,77439.63,1.86786
2026-04-25 00:57:00,77439.63,77447.26,77439.62,77447.25,2.21689
2026-04-25 00:58:00,77447.26,77454.48,77447.25,77454.48,2.80099
2026-04-25 00:59:00,77454.47,77456.88,77454.47,77456.88,1.80396
2026-04-25 01:00:00,77456.88,77485.91,77456.88,77478.02,3.69729
2026-04-25 01:01:00,77478.01,77478.02,77476.01,77476.02,2.33464
2026-04-25 01:02:00,77476.02,77484.91,77476.01,77484.91,2.64604
2026-04-25 01:03:00,77484.9,77484.91,77478.3,77478.31,2.47425
2026-04-25 01:04:00,77478.3,77478.31,77456.15,77457.68,5.34222
2026-04-25 01:05:00,77457.68,77457.69,77448.0,77448.0,4.53846
2026-04-25 01:06:00,77448.01,77455.76,77448.01,77448.26,2.58579
2026-04-25 01:07:00,77448.26,77448.27,77440.8,77440.81,0.74609
2026-04-25 01:08:00,77440.8,77446.68,77440.8,77446.67,2.39434
2026-04-25 01:09:00,77446.68,77450.03,77446.67,77450.02,1.94363
2026-04-25 01:10:00,77450.03,77456.87,77450.02,77456.86,1.09802
2026-04-25 01:11:00,77456.87,77456.87,77456.86,77456.87,1.36501
2026-04-25 01:12:00,77456.87,77466.04,77456.87,77466.04,8.6007
2026-04-25 01:13:00,77466.04,77495.67,77466.04,77495.67,3.82528
2026-04-25 01:14:00,77495.68,77519.82,77495.67,77514.19,4.97686
2026-04-25 01:15:00,77514.18,77514.19,77513.94,77513.95,2.65541
2026-04-25 01:16:00,77513.95,77519.33,77510.28,77519.33,2.82247
2026-04-25 01:17:00,77519.32,77547.7,77519.32,77547.7,5.17902
2026-04-25 01:18:00,77547.7,77547.7,77524.1,77524.1,6.75319
2026-04-25 01:19:00,77524.1,77524.96,77524.1,77524.96,2.4611
2026-04-25 01:20:00,77524.95,77524.96,77510.29,77510.29,1.01988
2026-04-25 01:21:00,77510.29,77510.3,77504.97,77504.97,1.05598
2026-04-25 01:22:00,77504.98,77504.98,77480.6,77500.36,2.45382
2026-04-25 01:23:00,77500.36,77500.36,77500.35,77500.35,0.70472
2026-04-25 01:24:00,77500.35,77500.35,77496.58,77496.59,1.55327
2026-04-25 01:25:00,77496.58,77496.59,77486.46,77496.59,1.52389
2026-04-25 01:26:00,77496.59,77496.59,77496.58,77496.58,1.22941
2026-04-25 01:27:00,77496.58,77496.59,77484.9,77484.9,0.83132
2026-04-25 01:28:00,77484.9,77484.91,77476.12,77476.12,2.63604
2026-04-25 01:29:00,77476.13,77486.21,77476.12,77486.2,4.97865
2026-04-25 01:30:00,77486.21,77496.58,77486.2,77496.58,2.23187
2026-04-25 01:31:00,77496.58,77506.42,77496.57,77506.42,0.85587
2026-04-25 01:32:00,77506.42,77520.0,77506.41,77519.99,1.2805
2026-04-25 01:33:00,77519.99,77520.0,77519.99,77520.0,0.93427
2026-04-25 01:34:00,77519.99,77543.73,77519.99,77543.72,6.22394
2026-04-25 01:35:00,77543.72,77549.98,77543.72,77547.16,3.91151
2026-04-25 01:36:00,77547.15,77549.98,77536.48,77536.48,2.71738
2026-04-25 01:37:00,77536.48,77549.53,77534.0,77549.52,14.8703
2026-04-25 01:38:00,77549.52,77549.53,77535.19,77535.19,2.91688
2026-04-25 01:39:00,77535.19,77545.07,77529.37,77545.07,8.67196
2026-04-25 01:40:00,77545.07,77549.98,77545.06,77549.98,2.21044
2026-04-25 01:41:00,77549.97,77549.98,77541.62,77541.62,3.0548
2026-04-25 01:42:00,77541.62,77546.0,77541.62,77546.0,2.54042
2026-04-25 01:43:00,77546.0,77546.0,77545.99,77546.0,1.4393
2026-04-25 01:44:00,77545.99,77554.26,77545.99,77554.25,1.64745
2026-04-25 01:45:00,77554.26,77606.36,77554.25,77606.35,7.42532
2026-04-25 01:46:00,77606.35,77620.52,77580.93,77580.93,5.60788
2026-04-25 01:47:00,77580.93,77580.94,77580.93,77580.93,3.02535
2026-04-25 01:48:00,77580.93,77585.88,77580.93,77585.88,1.63338
2026-04-25 01:49:00,77585.88,77598.98,77585.87,77596.73,8.83054
2026-04-25 01:50:00,77596.72,77596.73,77567.28,77567.29,13.46862
2026-04-25 01:51:00,77567.28,77593.54,77567.28,77573.5,4.84302
2026-04-25 01:52:00,77573.5,77578.02,77573.5,77578.01,1.22537
2026-04-25 01:53:00,77578.02,77578.02,77554.85,77554.86,2.48473
2026-04-25 01:54:00,77554.85,77561.41,77554.84,77561.41,3.25283
2026-04-25 01:55:00,77561.41,77561.41,77554.84,77554.85,1.03577
2026-04-25 01:56:00,77554.85,77554.85,77554.84,77554.84,1.42289
2026-04-25 01:57:00,77554.84,77554.85,77554.84,77554.84,0.77293
2026-04-25 01:58:00,77554.84,77554.84,77552.05,77552.05,1.63517
2026-04-25 01:59:00,77552.05,77552.05,77541.62,77541.63,1.4814
2026-04-25 02:00:00,77541.63,77541.63,77541.62,77541.63,2.93028
2026-04-25 02:01:00,77541.63,77552.0,77541.62,77551.99,3.95257
2026-04-25 02:02:00,77551.99,77561.41,77551.99,77561.41,1.91917
2026-04-25 02:03:00,77561.4,77561.41,77504.43,77513.52,9.40696
2026-04-25 02:04:00,77513.52,77513.52,77504.43,77504.43,3.19557
2026-04-25 02:05:00,77504.43,77525.06,77504.43,77525.06,6.80815
2026-04-25 02:06:00,77525.06,77530.0,77525.05,77529.99,3.85966
2026-04-25 02:07:00,77530.0,77540.57,77529.99,77536.01,4.33444
2026-04-25 02:08:00,77536.0,77543.26,77535.99,77543.26,4.08298
2026-04-25 02:09:00,77543.26,77575.97,77543.25,77562.49,5.72732
2026-04-25 02:10:00,77562.01,77567.99,77561.89,77567.98,5.93663
2026-04-25 02:11:00,77567.99,77580.09,77567.98,77580.09,2.97265
2026-04-25 02:12:00,77580.09,77595.61,77580.08,77595.6,2.67882
2026-04-25 02:13:00,77595.61,77624.5,77595.61,77620.45,3.41978
2026-04-25 02:14:00,77620.45,77632.2,77541.28,77547.93,11.97904
2026-04-25 02:15:00,77547.94,77547.94,77534.44,77540.17,3.25628
2026-04-25 02:16:00,77540.17,77547.54,77540.17,77547.54,2.73439
2026-04-25 02:17:00,77547.54,77555.48,77547.53,77555.47,0.65188
2026-04-25 02:18:00,77555.48,77568.32,77555.47,77568.31,1.60277
2026-04-25 02:19:00,77568.31,77568.32,77568.31,77568.31,1.22411
2026-04-25 02:20:00,77568.31,77568.32,77568.3,77568.31,1.41254
2026-04-25 02:21:00,77568.3,77568.31,77568.3,77568.31,0.47371
2026-04-25 02:22:00,77568.31,77568.31,77561.4,77561.4,1.36167
2026-04-25 02:23:00,77561.4,77568.31,77561.4,77568.31,2.88588
2026-04-25 02:24:00,77568.31,77585.37,77568.31,77585.37,1.63634
2026-04-25 02:25:00,77585.36,77598.04,77585.36,77598.04,1.13743
2026-04-25 02:26:00,77598.03,77598.04,77598.03,77598.04,0.62107
2026-04-25 02:27:00,77598.04,77623.99,77598.03,77622.92,3.90942
2026-04-25 02:28:00,77622.93,77635.71,77622.93,77633.18,2.81132
2026-04-25 02:29:00,77633.18,77633.19,77633.18,77633.18,0.99488
2026-04-25 02:30:00,77633.18,77633.19,77630.64,77630.65,2.18866
2026-04-25 02:31:00,77630.64,77635.17,77625.0,77635.16,2.56485
2026-04-25 02:32:00,77635.17,77644.04,77635.16,77644.0,1.8111
2026-04-25 02:33:00,77644.0,77644.02,77642.61,77644.02,2.22261
2026-04-25 02:34:00,77644.01,77644.01,77635.16,77635.16,1.51761
2026-04-25 02:35:00,77635.17,77635.17,77621.61,77628.71,3.53463
2026-04-25 02:36:00,77628.71,77628.71,77626.0,77626.0,1.0409
2026-04-25 02:37:00,77626.0,77626.01,77626.0,77626.01,1.15479
2026-04-25 02:38:00,77626.0,77626.01,77626.0,77626.01,1.74445
2026-04-25 02:39:00,77626.0,77626.01,77626.0,77626.0,1.97645
2026-04-25 02:40:00,77626.01,77626.01,77626.0,77626.0,0.93578
2026-04-25 02:41:00,77626.0,77626.01,77626.0,77626.01,0.96392
2026-04-25 02:42:00,77626.01,77626.01,77622.96,77622.96,1.4392
2026-04-25 02:43:00,77622.97,77622.97,77622.96,77622.96,0.80109
2026-04-25 02:44:00,77622.96,77622.97,77622.96,77622.97,0.70924
2026-04-25 02:45:00,77622.97,77622.97,77619.62,77619.62,2.00248
2026-04-25 02:46:00,77619.63,77619.63,77614.77,77614.78,1.66089
2026-04-25 02:47:00,77614.77,77614.78,77614.77,77614.77,0.96887
2026-04-25 02:48:00,77614.77,77614.78,77614.77,77614.77,1.38455
2026-04-25 02:49:00,77614.78,77622.99,77614.77,77622.99,13.45499
2026-04-25 02:50:00,77623.0,77623.0,77622.99,77623.0,1.83096
2026-04-25 02:51:00,77623.0,77623.0,77622.99,77622.99,1.79118
2026-04-25 02:52:00,77623.0,77626.01,77622.99,77626.0,2.1778
2026-04-25 02:53:00,77626.0,77626.01,77626.0,77626.01,2.49863
2026-04-25 02:54:00,77626.0,77634.66,77626.0,77631.46,1.56263
2026-04-25 02:55:00,77631.46,77631.47,77622.79,77622.8,3.98231
2026-04-25 02:56:00,77622.79,77630.5,77622.79,77630.5,3.45029
2026-04-25 02:57:00,77630.49,77630.5,77630.49,77630.5,1.48423
2026-04-25 02:58:00,77630.49,77630.5,77616.32,77616.32,1.98097
2026-04-25 02:59:00,77616.32,77616.32,77593.5,77607.8,6.31653
2026-04-25 03:00:00,77607.8,77621.32,77604.3,77604.31,4.02361
2026-04-25 03:01:00,77604.31,77604.31,77604.3,77604.31,0.5183
2026-04-25 03:02:00,77604.31,77609.85,77604.3,77609.85,1.29399
2026-04-25 03:03:00,77609.85,77619.76,77609.84,77619.75,0.74363
2026-04-25 03:04:00,77619.76,77638.43,77619.75,77638.43,1.42239
2026-04-25 03:05:00,77638.42,77644.02,77638.42,77644.01,0.99053
2026-04-25 03:06:00,77644.02,77688.0,77644.02,77644.77,6.25573
2026-04-25 03:07:00,77644.76,77649.96,77644.76,77649.96,1.25943
2026-04-25 03:08:00,77649.95,77649.96,77622.95,77622.95,1.49851
2026-04-25 03:09:00,77622.95,77622.96,77600.0,77600.0,3.37043
2026-04-25 03:10:00,77600.0,77600.01,77582.53,77582.53,1.3112
2026-04-25 03:11:00,77582.53,77588.0,77582.53,77587.99,2.83598
2026-04-25 03:12:00,77588.0,77588.0,77585.98,77585.98,3.89289
2026-04-25 03:13:00,77585.99,77585.99,77561.4,77567.56,5.51681
2026-04-25 03:14:00,77567.56,77581.14,77567.55,77581.14,1.95137
2026-04-25 03:15:00,77581.14,77581.14,77581.13,77581.14,0.86113
2026-04-25 03:16:00,77581.14,77581.14,77574.22,77574.23,0.89619
2026-04-25 03:17:00,77574.23,77574.23,77574.22,77574.23,0.82963
2026-04-25 03:18:00,77574.22,77581.14,77574.22,77581.13,1.4091
2026-04-25 03:19:00,77581.13,77596.93,77581.13,77596.92,1.77852
2026-04-25 03:20:00,77596.93,77596.93,77596.92,77596.92,0.36583
2026-04-25 03:21:00,77596.92,77596.93,77596.92,77596.92,0.21607
2026-04-25 03:22:00,77596.93,77596.93,77596.92,77596.92,0.37326
2026-04-25 03:23:00,77596.92,77596.93,77575.83,77575.84,4.37775
2026-04-25 03:24:00,77575.83,77575.84,77575.83,77575.83,1.16031
2026-04-25 03:25:00,77575.84,77575.84,77575.83,77575.84,1.37613
2026-04-25 03:26:00,77575.83,77575.84,77575.83,77575.83,4.39602
2026-04-25 03:27:00,77575.84,77575.84,77550.27,77550.28,4.32018
2026-04-25 03:28:00,77550.28,77558.58,77550.27,77558.48,1.73905
2026-04-25 03:29:00,77558.48,77558.48,77558.47,77558.48,0.33885
2026-04-25 03:30:00,77558.48,77561.41,77558.47,77561.41,0.88087
2026-04-25 03:31:00,77561.4,77561.41,77561.4,77561.4,0.65569
2026-04-25 03:32:00,77561.4,77567.61,77561.4,77567.6,2.39671
2026-04-25 03:33:00,77567.61,77570.17,77567.6,77570.16,2.61134
2026-04-25 03:34:00,77570.16,77590.06,77570.16,77590.05,1.95544
2026-04-25 03:35:00,77590.06,77612.27,77590.05,77612.27,2.76997
2026-04-25 03:36:00,77612.28,77612.28,77601.0,77601.01,1.36816
2026-04-25 03:37:00,77601.01,77601.01,77587.17,77587.18,2.89331
2026-04-25 03:38:00,77587.18,77587.97,77587.18,77587.96,1.94824
2026-04-25 03:39:00,77587.96,77619.29,77587.96,77619.29,1.95034
2026-04-25 03:40:00,77619.29,77660.1,77619.29,77653.1,4.74438
2026-04-25 03:41:00,77653.1,77665.93,77653.09,77665.92,1.3076
2026-04-25 03:42:00,77665.92,77681.62,77665.92,77675.33,9.55412
2026-04-25 03:43:00,77675.34,77689.33,77675.33,77676.84,1.8116
2026-04-25 03:44:00,77676.84,77678.97,77676.83,77678.96,2.23844
2026-04-25 03:45:00,77678.95,77703.09,77678.95,77703.08,3.63238
2026-04-25 03:46:00,77703.08,77703.41,77700.0,77703.4,7.58194
2026-04-25 03:47:00,77703.4,77711.87,77703.4,77711.6,2.2829
2026-04-25 03:48:00,77711.6,77711.6,77695.99,77699.69,5.15357
2026-04-25 03:49:00,77699.69,77699.7,77687.39,77687.4,1.75558
2026-04-25 03:50:00,77687.39,77694.32,77686.0,77686.01,1.7552
2026-04-25 03:51:00,77686.01,77686.01,77682.09,77682.09,0.64169
2026-04-25 03:52:00,77682.09,77682.1,77682.09,77682.09,0.73677
2026-04-25 03:53:00,77682.1,77682.1,77667.33,77669.99,2.85345
2026-04-25 03:54:00,77669.98,77669.99,77669.98,77669.99,0.72724
2026-04-25 03:55:00,77669.98,77669.99,77654.44,77654.45,1.6572
2026-04-25 03:56:00,77654.44,77654.44,77636.84,77644.64,4.26148
2026-04-25 03:57:00,77644.64,77644.64,77644.63,77644.63,0.37329
2026-04-25 03:58:00,77644.63,77644.64,77644.63,77644.64,0.36013
2026-04-25 03:59:00,77644.64,77679.08,77644.63,77679.07,8.0402
2026-04-25 04:00:00,77679.08,77679.08,77656.88,77656.88,3.6862
2026-04-25 04:01:00,77656.88,77656.89,77651.14,77651.15,1.17652
2026-04-25 04:02:00,77651.15,77651.15,77651.14,77651.15,1.91964
2026-04-25 04:03:00,77651.15,77651.15,77651.14,77651.15,0.85508
2026-04-25 04:04:00,77651.14,77652.77,77651.14,77652.77,2.82766
2026-04-25 04:05:00,77652.78,77652.78,77652.77,77652.78,0.30964
2026-04-25 04:06:00,77652.78,77655.92,77644.0,77644.01,4.19834
2026-04-25 04:07:00,77644.0,77644.01,77636.46,77637.64,1.93513
2026-04-25 04:08:00,77637.64,77637.65,77631.45,77631.45,1.11075
2026-04-25 04:09:00,77631.46,77677.79,77608.74,77677.79,95.26268
2026-04-25 04:10:00,77677.78,77691.23,77675.16,77691.23,11.14014
2026-04-25 04:11:00,77691.23,77691.23,77685.91,77685.92,2.21517
2026-04-25 04:12:00,77685.92,77685.92,77682.13,77682.13,0.84684
2026-04-25 04:13:00,77682.14,77682.14,77675.17,77675.17,0.9095
2026-04-25 04:14:00,77675.18,77675.18,77675.17,77675.18,0.65032
2026-04-25 04:15:00,77675.17,77675.17,77665.34,77670.77,0.94212
2026-04-25 04:16:00,77670.76,77674.74,77670.76,77674.73,2.45413
2026-04-25 04:17:00,77674.74,77685.58,77674.73,77674.75,1.8056
2026-04-25 04:18:00,77674.75,77674.75,77665.68,77665.69,0.53975
2026-04-25 04:19:00,77665.69,77665.69,77665.68,77665.69,0.493
2026-04-25 04:20:00,77665.68,77665.69,77658.85,77659.99,4.68812
2026-04-25 04:21:00,77659.99,77660.0,77650.39,77659.99,2.26213
2026-04-25 04:22:00,77660.0,77660.0,77659.99,77660.0,0.82637
2026-04-25 04:23:00,77660.0,77660.0,77654.04,77654.05,0.76809
2026-04-25 04:24:00,77654.04,77659.84,77634.83,77659.83,3.52854
2026-04-25 04:25:00,77659.84,77659.84,77659.83,77659.83,0.75963
2026-04-25 04:26:00,77659.84,77659.84,77651.14,77651.14,0.95591
2026-04-25 04:27:00,77650.15,77650.15,77650.14,77650.15,0.28917
2026-04-25 04:28:00,77650.14,77650.15,77650.14,77650.14,1.34487
2026-04-25 04:29:00,77650.15,77650.15,77644.64,77644.65,1.41483
2026-04-25 04:30:00,77644.64,77644.65,77644.64,77644.64,0.28008
2026-04-25 04:31:00,77644.64,77644.65,77644.64,77644.65,1.3529
2026-04-25 04:32:00,77644.65,77644.65,77638.72,77638.72,0.45186
2026-04-25 04:33:00,77638.73,77638.73,77638.72,77638.73,0.21869
2026-04-25 04:34:00,77638.73,77638.73,77638.72,77638.73,0.26059
2026-04-25 04:35:00,77638.72,77638.73,77621.78,77622.88,1.07375
2026-04-25 04:36:00,77622.88,77622.88,77603.04,77603.04,1.76836
2026-04-25 04:37:00,77603.04,77603.05,77596.37,77601.61,3.28188
2026-04-25 04:38:00,77601.61,77611.48,77601.6,77611.47,1.57118
2026-04-25 04:39:00,77611.47,77611.48,77602.94,77602.95,10.11964
2026-04-25 04:40:00,77602.95,77602.95,77602.94,77602.94,0.39064
2026-04-25 04:41:00,77602.94,77615.56,77600.18,77604.15,16.5528
2026-04-25 04:42:00,77604.16,77611.4,77604.15,77611.39,0.72904
2026-04-25 04:43:00,77611.4,77611.4,77611.39,77611.4,0.75104
2026-04-25 04:44:00,77611.39,77611.4,77611.39,77611.4,0.7373
2026-04-25 04:45:00,77611.4,77611.4,77611.39,77611.4,0.4662
2026-04-25 04:46:00,77611.4,77611.4,77611.39,77611.39,0.24662
2026-04-25 04:47:00,77611.4,77611.4,77611.39,77611.4,0.30883
2026-04-25 04:48:00,77611.4,77611.4,77607.31,77607.31,0.58432
2026-04-25 04:49:00,77607.31,77607.32,77607.31,77607.32,0.15393
2026-04-25 04:50:00,77607.32,77614.0,77607.31,77614.0,2.00761
2026-04-25 04:51:00,77614.0,77614.0,77607.62,77607.62,4.65132
2026-04-25 04:52:00,77607.63,77613.27,77607.62,77613.27,5.68538
2026-04-25 04:53:00,77613.28,77613.28,77613.27,77613.27,5.79621
2026-04-25 04:54:00,77613.27,77613.28,77596.74,77597.0,38.81057
2026-04-25 04:55:00,77596.99,77618.74,77596.99,77617.34,6.47246
2026-04-25 04:56:00,77617.35,77617.35,77613.53,77613.54,2.84266
2026-04-25 04:57:00,77613.53,77630.35,77613.53,77630.34,7.71968
2026-04-25 04:58:00,77630.35,77630.35,77630.34,77630.34,4.77791
2026-04-25 04:59:00,77630.35,77630.35,77619.04,77619.05,3.03259
2026-04-25 05:00:00,77619.05,77619.05,77595.06,77595.06,12.19166
2026-04-25 05:01:00,77595.07,77595.07,77561.4,77561.4,1.79011
2026-04-25 05:02:00,77561.4,77561.41,77540.58,77540.58,4.55796
2026-04-25 05:03:00,77540.59,77540.59,77531.26,77533.31,9.54259
2026-04-25 05:04:00,77533.32,77533.32,77487.48,77487.49,12.46957
2026-04-25 05:05:00,77487.49,77526.97,77485.51,77526.96,3.10389
2026-04-25 05:06:00,77526.97,77526.97,77522.71,77522.71,1.56335
2026-04-25 05:07:00,77522.72,77528.0,77518.32,77527.99,1.31153
2026-04-25 05:08:00,77528.0,77528.0,77527.99,77528.0,1.73167
2026-04-25 05:09:00,77528.0,77528.0,77527.99,77528.0,2.05385
2026-04-25 05:10:00,77528.0,77528.0,77510.79,77510.8,2.10467
2026-04-25 05:11:00,77510.8,77510.8,77507.5,77507.51,1.76613
2026-04-25 05:12:00,77507.51,77507.51,77494.76,77494.77,2.68685
2026-04-25 05:13:00,77494.77,77499.89,77494.77,77497.08,1.96737
2026-04-25 05:14:00,77497.08,77502.32,77497.07,77502.32,0.89556
2026-04-25 05:15:00,77502.32,77502.32,77497.33,77497.33,1.0003
2026-04-25 05:16:00,77497.34,77497.34,77497.33,77497.33,0.27553
2026-04-25 05:17:00,77497.34,77497.34,77497.33,77497.34,0.60229
2026-04-25 05:18:00,77497.33,77498.94,77497.33,77498.94,0.7256
2026-04-25 05:19:00,77498.93,77505.0,77498.93,77504.99,1.80874
2026-04-25 05:20:00,77505.0,77524.42,77504.99,77524.42,2.85414
2026-04-25 05:21:00,77524.42,77524.42,77524.41,77524.42,2.17322
2026-04-25 05:22:00,77524.42,77524.42,77524.41,77524.42,0.32606
2026-04-25 05:23:00,77524.42,77532.0,77524.41,77524.43,1.87587
2026-04-25 05:24:00,77524.43,77524.43,77524.42,77524.42,0.2418
2026-04-25 05:25:00,77524.43,77524.43,77514.53,77514.53,0.74946
2026-04-25 05:26:00,77514.53,77514.54,77514.53,77514.54,0.45892
2026-04-25 05:27:00,77514.53,77514.54,77514.53,77514.54,0.85757
2026-04-25 05:28:00,77514.53,77514.54,77514.53,77514.54,0.40707
2026-04-25 05:29:00,77514.54,77514.54,77494.0,77494.01,4.78451
2026-04-25 05:30:00,77494.0,77494.01,77494.0,77494.01,1.18768
2026-04-25 05:31:00,77494.01,77505.26,77494.0,77505.26,1.84354
2026-04-25 05:32:00,77505.25,77512.82,77505.25,77506.0,1.41649
2026-04-25 05:33:00,77506.0,77506.01,77500.45,77500.46,2.01886
2026-04-25 05:34:00,77500.45,77508.22,77500.45,77508.21,1.28199
2026-04-25 05:35:00,77508.21,77530.53,77508.21,77520.56,48.27177
2026-04-25 05:36:00,77520.55,77532.69,77520.55,77532.69,2.42896
2026-04-25 05:37:00,77532.68,77532.69,77532.68,77532.69,1.39868
2026-04-25 05:38:00,77532.68,77532.69,77532.68,77532.69,0.92921
2026-04-25 05:39:00,77532.68,77544.43,77532.68,77544.42,1.6674
2026-04-25 05:40:00,77544.42,77552.68,77544.42,77552.68,0.66252
2026-04-25 05:41:00,77552.68,77552.69,77552.67,77552.68,0.81313
2026-04-25 05:42:00,77552.69,77552.69,77552.68,77552.68,0.80096
2026-04-25 05:43:00,77552.68,77552.69,77552.68,77552.68,0.98476
2026-04-25 05:44:00,77552.69,77552.69,77532.1,77535.28,2.13375
2026-04-25 05:45:00,77535.29,77535.29,77535.27,77535.28,2.55811
2026-04-25 05:46:00,77535.27,77553.38,77535.27,77553.37,1.38553
2026-04-25 05:47:00,77553.37,77553.38,77545.61,77545.62,1.03778
2026-04-25 05:48:00,77545.62,77545.62,77535.48,77535.49,0.75046
2026-04-25 05:49:00,77535.48,77535.49,77532.77,77532.77,1.12926
2026-04-25 05:50:00,77532.77,77532.77,77529.34,77529.34,1.26729
2026-04-25 05:51:00,77529.35,77529.35,77529.34,77529.35,0.89842
2026-04-25 05:52:00,77529.34,77529.35,77529.34,77529.35,0.72051
2026-04-25 05:53:00,77529.34,77529.35,77529.34,77529.35,0.5186
2026-04-25 05:54:00,77529.35,77529.35,77520.5,77520.51,6.25701
2026-04-25 05:55:00,77520.5,77520.51,77520.5,77520.51,0.64933
2026-04-25 05:56:00,77520.51,77520.51,77515.35,77515.35,0.58599
2026-04-25 05:57:00,77515.35,77515.36,77510.27,77510.28,8.64144
2026-04-25 05:58:00,77510.28,77510.28,77510.27,77510.28,0.45547
2026-04-25 05:59:00,77510.28,77510.28,77510.27,77510.28,0.98588
2026-04-25 06:00:00,77510.27,77524.57,77510.27,77524.57,72.69563
2026-04-25 06:01:00,77524.57,77530.0,77524.57,77530.0,0.68872
2026-04-25 06:02:00,77530.0,77530.0,77529.99,77529.99,1.3764
2026-04-25 06:03:00,77529.99,77530.0,77529.99,77530.0,2.32751
2026-04-25 06:04:00,77530.0,77530.0,77529.99,77530.0,1.94638
2026-04-25 06:05:00,77530.0,77530.0,77529.99,77529.99,9.22264
2026-04-25 06:06:00,77530.0,77548.22,77529.99,77548.22,17.58247
2026-04-25 06:07:00,77548.21,77548.22,77548.21,77548.21,0.68707
2026-04-25 06:08:00,77548.21,77548.22,77548.21,77548.21,1.39626
2026-04-25 06:09:00,77548.22,77555.97,77548.21,77555.97,2.69254
2026-04-25 06:10:00,77555.97,77555.97,77552.64,77552.65,1.7152
2026-04-25 06:11:00,77552.64,77552.65,77552.64,77552.65,0.79096
2026-04-25 06:12:00,77552.65,77552.65,77552.64,77552.65,1.77523
2026-04-25 06:13:00,77552.64,77552.65,77539.99,77540.0,1.65416
2026-04-25 06:14:00,77540.0,77540.0,77539.99,77540.0,1.29548
2026-04-25 06:15:00,77539.99,77540.0,77539.99,77540.0,1.15365
2026-04-25 06:16:00,77540.0,77551.56,77539.99,77551.56,2.40535
2026-04-25 06:17:00,77551.56,77551.56,77548.29,77548.29,1.0348
2026-04-25 06:18:00,77548.29,77548.3,77548.29,77548.3,0.52285
2026-04-25 06:19:00,77548.3,77548.3,77528.54,77528.55,3.67882
2026-04-25 06:20:00,77528.55,77528.55,77506.96,77506.97,1.70508
2026-04-25 06:21:00,77506.97,77506.97,77499.99,77500.0,4.4172
2026-04-25 06:22:00,77500.0,77500.0,77499.99,77500.0,0.63441
2026-04-25 06:23:00,77499.99,77500.0,77499.99,77499.99,0.49114
2026-04-25 06:24:00,77500.0,77500.0,77490.09,77490.09,1.44458
2026-04-25 06:25:00,77490.1,77490.1,77490.09,77490.1,0.29721
2026-04-25 06:26:00,77490.1,77490.1,77490.09,77490.1,0.59811
2026-04-25 06:27:00,77490.1,77490.1,77490.09,77490.1,0.23162
2026-04-25 06:28:00,77490.09,77501.67,77490.09,77501.66,1.97107
2026-04-25 06:29:00,77501.67,77501.67,77489.35,77491.14,22.28853
2026-04-25 06:30:00,77491.13,77506.18,77491.13,77506.18,1.32336
2026-04-25 06:31:00,77506.19,77526.92,77506.19,77526.92,2.46052
2026-04-25 06:32:00,77526.92,77535.18,77526.91,77535.18,0.85715
2026-04-25 06:33:00,77535.18,77541.83,77527.44,77527.45,1.57426
2026-04-25 06:34:00,77527.44,77537.93,77526.56,77537.92,1.20651
2026-04-25 06:35:00,77537.92,77537.93,77510.11,77522.18,9.77469
2026-04-25 06:36:00,77522.17,77522.18,77509.93,77509.94,0.89346
2026-04-25 06:37:00,77509.94,77529.16,77509.93,77529.15,3.63196
2026-04-25 06:38:00,77529.15,77529.16,77526.0,77526.01,1.88619
2026-04-25 06:39:00,77526.01,77548.79,77526.0,77548.79,1.63579
2026-04-25 06:40:00,77548.79,77548.79,77548.78,77548.79,2.31174
2026-04-25 06:41:00,77548.79,77548.79,77548.78,77548.79,0.84105
2026-04-25 06:42:00,77548.78,77548.79,77548.78,77548.78,0.43414
2026-04-25 06:43:00,77548.78,77555.97,77548.78,77555.96,1.49664
2026-04-25 06:44:00,77555.96,77555.97,77531.8,77531.81,5.81693
2026-04-25 06:45:00,77531.81,77531.81,77528.23,77528.23,3.59592
2026-04-25 06:46:00,77528.23,77528.24,77528.23,77528.23,2.4341
2026-04-25 06:47:00,77528.23,77528.24,77528.23,77528.24,0.60416
2026-04-25 06:48:00,77528.24,77540.82,77528.24,77540.82,8.09007
2026-04-25 06:49:00,77540.81,77540.82,77540.81,77540.81,0.77777
2026-04-25 06:50:00,77540.81,77540.82,77540.81,77540.81,0.33269
2026-04-25 06:51:00,77540.82,77561.2,77540.82,77560.0,2.32801
2026-04-25 06:52:00,77560.0,77582.28,77559.99,77582.27,1.85996
2026-04-25 06:53:00,77582.27,77582.28,77570.0,77570.01,1.51158
2026-04-25 06:54:00,77570.01,77570.01,77530.17,77530.18,46.31553
2026-04-25 06:55:00,77530.18,77530.18,77530.17,77530.18,0.46326
2026-04-25 06:56:00,77530.18,77530.18,77530.17,77530.18,0.43824
2026-04-25 06:57:00,77530.18,77537.93,77530.17,77537.92,1.9572
2026-04-25 06:58:00,77537.93,77537.93,77537.92,77537.93,0.26146
2026-04-25 06:59:00,77537.92,77537.93,77503.62,77503.63,1.71273
2026-04-25 07:00:00,77503.63,77503.63,77456.86,77456.87,2.12433
2026-04-25 07:01:00,77456.87,77475.49,77456.86,77471.99,9.49758
2026-04-25 07:02:00,77472.0,77472.0,77450.0,77450.01,4.85642
2026-04-25 07:03:00,77450.01,77463.84,77450.0,77463.84,1.81905
2026-04-25 07:04:00,77463.84,77463.84,77463.83,77463.83,0.35087
2026-04-25 07:05:00,77463.84,77479.42,77463.83,77479.41,3.05446
2026-04-25 07:06:00,77479.42,77479.42,77476.35,77476.35,1.14839
2026-04-25 07:07:00,77476.35,77478.75,77476.35,77478.75,1.60253
2026-04-25 07:08:00,77478.74,77478.75,77478.74,77478.74,0.26598
2026-04-25 07:09:00,77478.75,77478.75,77454.99,77455.0,11.44433
2026-04-25 07:10:00,77455.0,77469.35,77454.99,77468.22,10.80874
2026-04-25 07:11:00,77468.22,77475.68,77468.21,77475.68,1.32461
2026-04-25 07:12:00,77475.68,77482.69,77475.68,77482.68,0.72699
2026-04-25 07:13:00,77482.68,77482.68,77475.91,77479.25,1.65836
2026-04-25 07:14:00,77479.24,77479.25,77479.24,77479.25,1.21464
2026-04-25 07:15:00,77479.24,77479.25,77479.24,77479.25,1.21374
2026-04-25 07:16:00,77479.25,77479.68,77479.24,77479.67,5.161
2026-04-25 07:17:00,77479.68,77504.95,77479.68,77504.94,6.07834
2026-04-25 07:18:00,77504.94,77508.44,77500.3,77508.44,6.27538
2026-04-25 07:19:00,77508.44,77512.67,77508.43,77512.67,3.9055
2026-04-25 07:20:00,77512.67,77512.67,77512.66,77512.66,0.6316
2026-04-25 07:21:00,77512.67,77512.67,77501.34,77502.92,1.86745
2026-04-25 07:22:00,77502.91,77511.44,77502.91,77511.44,1.05584
2026-04-25 07:23:00,77511.43,77511.44,77511.43,77511.43,0.32612
2026-04-25 07:24:00,77511.44,77530.71,77511.43,77530.56,4.39366
2026-04-25 07:25:00,77530.57,77530.57,77530.56,77530.57,0.78571
2026-04-25 07:26:00,77530.57,77530.57,77508.96,77508.96,4.65541
2026-04-25 07:27:00,77508.96,77519.3,77507.06,77519.29,2.53949
2026-04-25 07:28:00,77519.29,77524.74,77519.29,77524.73,1.18705
2026-04-25 07:29:00,77524.73,77535.69,77506.52,77532.1,16.98604
2026-04-25 07:30:00,77532.11,77532.11,77516.94,77516.95,3.09237
2026-04-25 07:31:00,77516.94,77516.95,77510.67,77510.67,2.57468
2026-04-25 07:32:00,77510.67,77520.3,77506.62,77507.94,3.40608
2026-04-25 07:33:00,77507.93,77523.48,77507.93,77523.47,1.29031
2026-04-25 07:34:00,77523.48,77561.4,77523.47,77561.4,6.28623
2026-04-25 07:35:00,77561.39,77561.4,77558.7,77558.7,1.69249
2026-04-25 07:36:00,77558.7,77558.71,77542.0,77542.01,0.66775
2026-04-25 07:37:00,77542.01,77542.01,77529.63,77540.0,2.83893
2026-04-25 07:38:00,77540.0,77557.42,77539.99,77557.42,1.20419
2026-04-25 07:39:00,77557.41,77566.26,77557.41,77559.26,2.1086
2026-04-25 07:40:00,77559.27,77559.27,77546.02,77546.03,3.1562
2026-04-25 07:41:00,77546.03,77546.03,77546.02,77546.03,0.87952
2026-04-25 07:42:00,77546.02,77546.03,77530.01,77530.02,1.135
2026-04-25 07:43:00,77530.02,77530.02,77530.01,77530.02,0.35077
2026-04-25 07:44:00,77530.01,77534.55,77530.01,77531.4,2.72068
2026-04-25 07:45:00,77531.39,77531.4,77528.23,77528.23,0.47353
2026-04-25 07:46:00,77528.24,77528.24,77521.68,77521.68,0.51415
2026-04-25 07:47:00,77521.68,77521.69,77509.26,77509.27,0.6329
2026-04-25 07:48:00,77509.26,77519.7,77509.26,77519.7,0.54543
2026-04-25 07:49:00,77519.69,77519.71,77519.69,77519.71,1.17164
2026-04-25 07:50:00,77519.71,77537.9,77519.7,77537.12,4.95597
2026-04-25 07:51:00,77537.12,77537.12,77537.11,77537.11,0.45613
2026-04-25 07:52:00,77537.11,77537.12,77532.59,77532.6,1.3188
2026-04-25 07:53:00,77532.6,77532.6,77532.59,77532.6,0.43484
2026-04-25 07:54:00,77532.6,77535.98,77532.59,77535.98,3.70146
2026-04-25 07:55:00,77535.98,77537.12,77535.97,77537.12,0.73744
2026-04-25 07:56:00,77537.12,77553.35,77537.11,77553.35,1.22662
2026-04-25 07:57:00,77553.35,77556.74,77549.29,77549.29,0.701
2026-04-25 07:58:00,77549.3,77549.3,77546.03,77546.04,1.15988
2026-04-25 07:59:00,77546.03,77546.04,77497.14,77501.19,14.30587
2026-04-25 08:00:00,77501.19,77506.0,77491.36,77498.24,2.6509
2026-04-25 08:01:00,77498.25,77498.25,77498.24,77498.24,0.57269
2026-04-25 08:02:00,77498.24,77512.37,77498.24,77510.21,1.19421
2026-04-25 08:03:00,77510.2,77525.97,77510.2,77525.97,0.92304
2026-04-25 08:04:00,77525.97,77525.97,77504.02,77513.6,9.38124
2026-04-25 08:05:00,77513.6,77525.97,77513.6,77525.96,0.75058
2026-04-25 08:06:00,77525.97,77556.68,77525.96,77556.68,5.12505
2026-04-25 08:07:00,77556.67,77561.41,77556.67,77561.41,4.19805
2026-04-25 08:08:00,77561.4,77561.41,77561.4,77561.4,0.35571
2026-04-25 08:09:00,77561.41,77564.91,77561.4,77564.9,0.87174
2026-04-25 08:10:00,77564.91,77584.32,77564.9,77577.66,4.77179
2026-04-25 08:11:00,77577.66,77577.66,77570.41,77570.41,0.65882
2026-04-25 08:12:00,77570.41,77570.42,77564.0,77564.01,0.59741
2026-04-25 08:13:00,77564.01,77569.8,77564.0,77569.8,0.43139
2026-04-25 08:14:00,77569.79,77569.8,77560.56,77560.56,1.2843
2026-04-25 08:15:00,77560.57,77560.57,77560.56,77560.56,0.78406
2026-04-25 08:16:00,77560.56,77565.28,77560.56,77565.28,2.17185
2026-04-25 08:17:00,77565.27,77565.28,77561.14,77561.15,0.53024
2026-04-25 08:18:00,77561.15,77561.15,77561.14,77561.14,0.49055
2026-04-25 08:19:00,77561.14,77561.15,77548.36,77548.36,2.48939
2026-04-25 08:20:00,77548.36,77548.37,77542.55,77547.15,3.62984
2026-04-25 08:21:00,77547.15,77583.43,77547.15,77583.43,4.29383
2026-04-25 08:22:00,77583.43,77583.43,77560.52,77560.52,1.76658
2026-04-25 08:23:00,77560.52,77560.53,77550.42,77555.88,1.5024
2026-04-25 08:24:00,77555.87,77555.88,77541.9,77542.21,2.68242
2026-04-25 08:25:00,77542.2,77542.21,77542.2,77542.2,0.52287
2026-04-25 08:26:00,77542.2,77560.83,77542.2,77560.83,1.02152
2026-04-25 08:27:00,77560.83,77571.81,77560.83,77571.81,1.71283
2026-04-25 08:28:00,77571.81,77571.81,77571.8,77571.81,0.72118
2026-04-25 08:29:00,77571.8,77571.81,77571.8,77571.81,0.604
2026-04-25 08:30:00,77571.8,77605.5,77571.8,77605.49,3.35136
2026-04-25 08:31:00,77605.5,77650.0,77605.5,77646.31,9.50196
2026-04-25 08:32:00,77646.32,77646.32,77627.97,77636.96,3.3143
2026-04-25 08:33:00,77636.97,77636.97,77623.63,77623.64,2.27326
2026-04-25 08:34:00,77623.64,77642.68,77623.63,77642.67,4.08897
2026-04-25 08:35:00,77642.67,77649.46,77642.67,77649.46,0.67362
2026-04-25 08:36:00,77649.46,77654.41,77649.45,77654.4,2.65903
2026-04-25 08:37:00,77654.41,77654.41,77648.0,77648.0,0.72353
2026-04-25 08:38:00,77648.0,77654.41,77648.0,77654.4,0.79793
2026-04-25 08:39:00,77654.4,77654.41,77643.6,77643.6,1.37437
2026-04-25 08:40:00,77643.61,77653.23,77643.6,77653.22,0.52607
2026-04-25 08:41:00,77653.22,77653.23,77653.22,77653.22,0.23224
2026-04-25 08:42:00,77653.23,77653.23,77638.28,77638.29,1.53628
2026-04-25 08:43:00,77638.29,77648.29,77638.28,77648.28,1.71778
2026-04-25 08:44:00,77648.28,77648.29,77638.3,77641.05,8.74035
2026-04-25 08:45:00,77641.05,77641.05,77638.3,77638.3,1.85607
2026-04-25 08:46:00,77638.3,77638.31,77638.3,77638.31,1.0525
2026-04-25 08:47:00,77638.3,77638.31,77626.01,77626.02,2.76169
2026-04-25 08:48:00,77626.01,77626.02,77618.0,77618.01,0.74684
2026-04-25 08:49:00,77618.01,77618.01,77618.0,77618.0,0.45762
2026-04-25 08:50:00,77618.01,77618.01,77618.0,77618.01,0.63225
2026-04-25 08:51:00,77618.0,77618.01,77618.0,77618.01,0.48279
2026-04-25 08:52:00,77618.01,77618.01,77618.0,77618.0,0.56729
2026-04-25 08:53:00,77618.01,77618.01,77618.0,77618.01,1.76758
2026-04-25 08:54:00,77618.0,77622.23,77618.0,77622.23,0.75031
2026-04-25 08:55:00,77622.23,77622.23,77619.68,77619.69,1.13743
2026-04-25 08:56:00,77619.69,77619.69,77619.68,77619.68,0.83017
2026-04-25 08:57:00,77619.68,77619.69,77619.68,77619.69,0.45194
2026-04-25 08:58:00,77619.69,77622.23,77619.68,77622.22,0.55814
2026-04-25 08:59:00,77622.22,77643.38,77622.22,77643.37,2.24669
2026-04-25 09:00:00,77643.38,77660.05,77636.62,77636.63,4.11089
2026-04-25 09:01:00,77636.63,77636.63,77612.71,77612.72,1.16147
2026-04-25 09:02:00,77612.72,77612.72,77612.71,77612.71,1.19004
2026-04-25 09:03:00,77612.71,77612.72,77612.71,77612.72,0.30054
2026-04-25 09:04:00,77612.72,77612.72,77611.3,77611.31,0.72427
2026-04-25 09:05:00,77611.31,77611.31,77611.3,77611.31,0.17824
2026-04-25 09:06:00,77611.31,77621.34,77611.3,77613.58,2.30188
2026-04-25 09:07:00,77613.59,77614.99,77613.58,77614.99,1.72824
2026-04-25 09:08:00,77614.99,77623.32,77614.98,77623.31,0.87484
2026-04-25 09:09:00,77623.32,77623.32,77623.31,77623.31,0.30656
2026-04-25 09:10:00,77623.32,77623.32,77623.31,77623.32,0.23605
2026-04-25 09:11:00,77623.31,77623.32,77623.31,77623.32,0.33049
2026-04-25 09:12:00,77623.31,77623.32,77623.31,77623.31,1.02077
2026-04-25 09:13:00,77623.31,77623.32,77623.31,77623.31,0.25464
2026-04-25 09:14:00,77623.32,77635.41,77623.31,77628.9,1.93996
2026-04-25 09:15:00,77628.9,77628.91,77623.07,77623.08,0.57402
2026-04-25 09:16:00,77623.08,77623.08,77623.07,77623.08,0.78431
2026-04-25 09:17:00,77623.07,77632.3,77623.07,77632.29,0.93378
2026-04-25 09:18:00,77632.29,77632.3,77624.21,77624.21,7.10994
2026-04-25 09:19:00,77624.21,77624.22,77624.21,77624.21,0.20302
2026-04-25 09:20:00,77624.21,77624.22,77624.21,77624.21,1.35189
2026-04-25 09:21:00,77624.21,77624.22,77624.21,77624.22,0.72919
2026-04-25 09:22:00,77624.21,77625.38,77616.27,77616.27,2.44178
2026-04-25 09:23:00,77616.28,77616.28,77587.1,77609.27,5.708
2026-04-25 09:24:00,77609.27,77609.28,77609.27,77609.28,0.21723
2026-04-25 09:25:00,77609.28,77616.71,77609.28,77616.7,1.04281
2026-04-25 09:26:00,77616.7,77628.69,77616.7,77628.68,5.28481
2026-04-25 09:27:00,77628.68,77628.69,77628.68,77628.69,0.2756
2026-04-25 09:28:00,77628.69,77628.69,77616.04,77616.04,2.13913
2026-04-25 09:29:00,77616.04,77616.04,77590.1,77590.1,2.61576
2026-04-25 09:30:00,77590.1,77601.44,77590.1,77601.43,1.49382
2026-04-25 09:31:00,77601.43,77601.44,77601.43,77601.43,0.57584
2026-04-25 09:32:00,77601.44,77601.44,77601.43,77601.43,0.66984
2026-04-25 09:33:00,77601.44,77601.44,77601.43,77601.43,1.01339
2026-04-25 09:34:00,77601.44,77607.63,77601.43,77607.62,2.29197
2026-04-25 09:35:00,77607.63,77609.19,77607.62,77609.18,0.82053
2026-04-25 09:36:00,77609.19,77618.49,77609.18,77618.48,1.38969
2026-04-25 09:37:00,77618.48,77618.49,77618.48,77618.49,0.20134
2026-04-25 09:38:00,77618.49,77632.8,77618.48,77632.79,1.1825
2026-04-25 09:39:00,77632.8,77757.13,77632.79,77724.15,27.34341
2026-04-25 09:40:00,77724.15,77724.15,77699.87,77699.88,1.95631
2026-04-25 09:41:00,77699.88,77715.0,77699.87,77715.0,4.06585
2026-04-25 09:42:00,77714.99,77715.0,77707.31,77707.32,1.0825
2026-04-25 09:43:00,77707.32,77724.97,77700.0,77724.97,6.71493
2026-04-25 09:44:00,77724.96,77733.24,77724.96,77733.23,0.24461
2026-04-25 09:45:00,77733.24,77741.58,77733.23,77738.84,4.28914
2026-04-25 09:46:00,77738.85,77738.85,77716.42,77716.42,3.21347
2026-04-25 09:47:00,77716.42,77725.86,77716.42,77725.86,1.33368
2026-04-25 09:48:00,77725.86,77741.56,77725.85,77741.55,1.00234
2026-04-25 09:49:00,77741.56,77763.38,77741.55,77753.91,8.25845
2026-04-25 09:50:00,77753.91,77753.91,77732.18,77736.04,1.5057
2026-04-25 09:51:00,77736.05,77736.05,77736.04,77736.05,1.04099
2026-04-25 09:52:00,77736.05,77744.36,77736.04,77744.35,2.17641
2026-04-25 09:53:00,77744.36,77744.36,77744.35,77744.35,0.53864
2026-04-25 09:54:00,77744.35,77761.35,77744.35,77761.35,4.56109
2026-04-25 09:55:00,77761.35,77761.35,77761.34,77761.34,2.56494
2026-04-25 09:56:00,77761.35,77777.0,77761.34,77776.99,2.27221
2026-04-25 09:57:00,77776.99,77779.65,77752.14,77765.01,7.5093
2026-04-25 09:58:00,77765.01,77765.02,77749.97,77749.98,2.35517
2026-04-25 09:59:00,77749.97,77749.98,77714.55,77714.55,2.91805
2026-04-25 10:00:00,77714.56,77730.69,77714.55,77730.68,1.45251
2026-04-25 10:01:00,77730.69,77737.57,77730.68,77737.57,0.76993
2026-04-25 10:02:00,77737.57,77800.03,77737.56,77791.14,49.19622
2026-04-25 10:03:00,77791.14,77800.76,77736.2,77760.01,43.43338
2026-04-25 10:04:00,77760.0,77780.11,77760.0,77780.01,37.14638
2026-04-25 10:05:00,77780.0,77780.0,77760.0,77760.0,15.7539
2026-04-25 10:06:00,77760.0,77783.63,77760.0,77783.63,12.48178
2026-04-25 10:07:00,77783.63,77788.67,77783.62,77788.67,1.85666
2026-04-25 10:08:00,77788.66,77788.66,77783.62,77783.63,1.13652
2026-04-25 10:09:00,77783.63,77783.63,77767.97,77767.97,2.22125
2026-04-25 10:10:00,77767.97,77770.47,77767.97,77770.47,0.74285
2026-04-25 10:11:00,77770.47,77770.47,77770.46,77770.46,3.4578
2026-04-25 10:12:00,77770.47,77770.47,77767.97,77767.98,0.90325
2026-04-25 10:13:00,77767.97,77767.98,77767.97,77767.98,1.70635
2026-04-25 10:14:00,77767.98,77767.98,77767.97,77767.97,0.79053
2026-04-25 10:15:00,77767.97,77767.98,77767.97,77767.97,0.57345
2026-04-25 10:16:00,77767.98,77784.63,77767.97,77784.63,3.61421
2026-04-25 10:17:00,77784.63,77784.63,77784.62,77784.62,1.34548
2026-04-25 10:18:00,77784.63,77784.63,77784.62,77784.62,0.80309
2026-04-25 10:19:00,77784.62,77784.63,77770.0,77770.01,3.44242
2026-04-25 10:20:00,77770.0,77770.01,77767.97,77770.01,2.40626
2026-04-25 10:21:00,77770.01,77778.82,77770.0,77778.82,1.70409
2026-04-25 10:22:00,77778.82,77788.26,77778.81,77788.25,4.13547
2026-04-25 10:23:00,77788.26,77792.0,77788.25,77792.0,2.75551
2026-04-25 10:24:00,77792.0,77808.63,77791.99,77808.62,3.49892
2026-04-25 10:25:00,77808.62,77843.34,77808.62,77837.43,9.63833
2026-04-25 10:26:00,77837.43,77840.69,77823.44,77823.45,2.27357
2026-04-25 10:27:00,77823.44,77823.45,77819.99,77819.99,2.05434
2026-04-25 10:28:00,77820.0,77823.45,77817.51,77817.51,4.36906
2026-04-25 10:29:00,77817.52,77826.08,77817.51,77826.08,6.25985
2026-04-25 10:30:00,77826.07,77829.69,77826.07,77829.69,1.26757
2026-04-25 10:31:00,77829.68,77870.54,77829.68,77856.99,8.10624
2026-04-25 10:32:00,77856.99,77872.58,77856.98,77872.58,1.79466
2026-04-25 10:33:00,77872.57,77872.58,77872.57,77872.58,1.16841
2026-04-25 10:34:00,77872.58,77885.35,77867.81,77867.82,3.59113
2026-04-25 10:35:00,77867.81,77867.82,77841.93,77841.94,2.02824
2026-04-25 10:36:00,77841.94,77841.94,77841.93,77841.94,1.53314
2026-04-25 10:37:00,77841.94,77851.08,77841.93,77851.08,2.13756
2026-04-25 10:38:00,77851.08,77851.08,77841.93,77841.93,2.16338
2026-04-25 10:39:00,77841.93,77851.08,77832.0,77851.08,7.42097
2026-04-25 10:40:00,77851.08,77851.08,77830.86,77830.86,3.33406
2026-04-25 10:41:00,77830.87,77830.87,77818.42,77819.4,1.02063
2026-04-25 10:42:00,77819.41,77824.43,77809.52,77809.52,7.31114
2026-04-25 10:43:00,77809.53,77809.53,77776.65,77805.43,6.03986
2026-04-25 10:44:00,77805.42,77812.07,77805.42,77812.07,4.30354
2026-04-25 10:45:00,77812.06,77824.89,77812.06,77824.89,3.50426
2026-04-25 10:46:00,77824.89,77824.89,77815.19,77815.2,1.54495
2026-04-25 10:47:00,77815.19,77815.2,77794.38,77794.39,1.17823
2026-04-25 10:48:00,77794.38,77794.39,77784.54,77784.54,1.47142
2026-04-25 10:49:00,77784.55,77784.55,77784.54,77784.54,0.56709
2026-04-25 10:50:00,77784.55,77784.55,77784.54,77784.55,0.86772
2026-04-25 10:51:00,77784.54,77794.71,77784.54,77794.71,1.63053
2026-04-25 10:52:00,77794.7,77798.0,77794.7,77794.7,2.39529
2026-04-25 10:53:00,77794.7,77794.7,77790.51,77790.51,0.48221
2026-04-25 10:54:00,77790.51,77818.47,77790.51,77801.77,4.26399
2026-04-25 10:55:00,77801.77,77801.77,77801.76,77801.77,0.76604
2026-04-25 10:56:00,77801.77,77801.77,77801.76,77801.77,0.79972
2026-04-25 10:57:00,77801.76,77801.77,77801.76,77801.76,0.44604
2026-04-25 10:58:00,77801.77,77804.67,77785.65,77785.65,7.29683
2026-04-25 10:59:00,77785.66,77800.48,77785.65,77787.77,4.08823
2026-04-25 11:00:00,77787.76,77787.77,77772.24,77772.25,0.51943
2026-04-25 11:01:00,77772.25,77772.25,77767.97,77767.97,0.77266
2026-04-25 11:02:00,77767.98,77778.24,77767.97,77775.06,9.79695
2026-04-25 11:03:00,77775.06,77775.07,77775.06,77775.06,0.76851
2026-04-25 11:04:00,77775.07,77776.97,77769.19,77773.64,8.60361
2026-04-25 11:05:00,77773.65,77773.65,77760.0,77760.0,3.33241
2026-04-25 11:06:00,77760.0,77761.09,77760.0,77761.09,0.5587
2026-04-25 11:07:00,77761.09,77761.09,77748.87,77753.72,7.21254
2026-04-25 11:08:00,77753.72,77753.73,77753.72,77753.73,1.00186
2026-04-25 11:09:00,77753.73,77753.73,77747.46,77747.46,2.06014
2026-04-25 11:10:00,77746.02,77749.48,77741.07,77749.48,5.84603
2026-04-25 11:11:00,77749.48,77749.48,77749.47,77749.48,1.40751
2026-04-25 11:12:00,77749.47,77755.77,77749.47,77755.77,2.98354
2026-04-25 11:13:00,77755.76,77755.77,77741.47,77741.47,1.94551
2026-04-25 11:14:00,77741.48,77750.0,77741.07,77741.07,1.53367
2026-04-25 11:15:00,77741.07,77750.0,77741.07,77749.99,1.61321
2026-04-25 11:16:00,77750.0,77755.77,77749.99,77755.76,2.83686
2026-04-25 11:17:00,77755.76,77755.77,77750.99,77753.32,2.30723
2026-04-25 11:18:00,77753.31,77753.32,77753.31,77753.31,1.01517
2026-04-25 11:19:00,77753.31,77753.32,77736.57,77736.58,2.60283
2026-04-25 11:20:00,77736.58,77736.58,77716.73,77716.73,2.90863
2026-04-25 11:21:00,77716.74,77716.74,77674.26,77675.87,12.65719
2026-04-25 11:22:00,77675.88,77683.74,77675.87,77683.74,1.91304
2026-04-25 11:23:00,77683.74,77683.74,77644.22,77644.23,4.50527
2026-04-25 11:24:00,77644.22,77680.26,77644.22,77680.25,8.42902
2026-04-25 11:25:00,77680.26,77680.26,77674.39,77674.39,1.17247
2026-04-25 11:26:00,77674.4,77680.16,77671.52,77671.52,3.4573
2026-04-25 11:27:00,77671.53,77671.53,77671.11,77671.11,1.60178
2026-04-25 11:28:00,77671.11,77677.46,77671.11,77677.46,1.0319
2026-04-25 11:29:00,77677.45,77680.25,77674.2,77678.93,6.54013
2026-04-25 11:30:00,77678.94,77678.94,77678.93,77678.94,0.72838
2026-04-25 11:31:00,77678.94,77678.94,77678.93,77678.94,0.51151
2026-04-25 11:32:00,77678.94,77678.94,77670.78,77670.79,0.63583
2026-04-25 11:33:00,77670.78,77670.79,77670.78,77670.78,0.45518
2026-04-25 11:34:00,77670.78,77670.79,77653.39,77661.27,2.37589
2026-04-25 11:35:00,77661.27,77661.27,77645.63,77645.63,2.04626
2026-04-25 11:36:00,77645.63,77645.64,77629.33,77638.13,3.96802
2026-04-25 11:37:00,77638.12,77638.13,77638.12,77638.13,0.86372
2026-04-25 11:38:00,77638.13,77658.01,77638.12,77658.0,4.35319
2026-04-25 11:39:00,77658.01,77665.94,77656.11,77656.12,2.18205
2026-04-25 11:40:00,77656.11,77656.12,77648.35,77648.36,0.32443
2026-04-25 11:41:00,77648.36,77677.86,77648.35,77677.85,6.72671
2026-04-25 11:42:00,77677.85,77677.86,77677.85,77677.85,0.75262
2026-04-25 11:43:00,77677.85,77682.44,77677.85,77682.43,9.58319
2026-04-25 11:44:00,77682.43,77682.43,77644.63,77644.63,9.09844
2026-04-25 11:45:00,77644.64,77644.64,77629.33,77629.33,3.3759
2026-04-25 11:46:00,77629.33,77629.34,77607.03,77607.04,3.37086
2026-04-25 11:47:00,77607.04,77613.45,77607.03,77613.44,1.25397
2026-04-25 11:48:00,77613.45,77633.73,77613.44,77633.73,6.0137
2026-04-25 11:49:00,77633.73,77658.68,77633.72,77658.67,2.82762
2026-04-25 11:50:00,77658.68,77665.9,77658.67,77665.89,1.1409
2026-04-25 11:51:00,77665.9,77679.98,77665.89,77677.58,1.5723
2026-04-25 11:52:00,77677.57,77680.0,77662.61,77679.99,2.13231
2026-04-25 11:53:00,77680.0,77693.43,77679.99,77693.42,2.48325
2026-04-25 11:54:00,77693.43,77693.43,77650.14,77650.14,3.13863
2026-04-25 11:55:00,77650.15,77663.92,77650.14,77663.92,2.07852
2026-04-25 11:56:00,77663.92,77673.7,77663.91,77665.94,1.34341
2026-04-25 11:57:00,77665.94,77665.94,77665.93,77665.93,0.42355
2026-04-25 11:58:00,77665.93,77672.91,77665.93,77672.91,2.0508
2026-04-25 11:59:00,77672.91,77682.3,77672.9,77682.3,4.84727
2026-04-25 12:00:00,77682.29,77682.3,77682.29,77682.29,1.03559
2026-04-25 12:01:00,77682.29,77682.3,77682.29,77682.3,0.39363
2026-04-25 12:02:00,77682.29,77682.29,77657.51,77657.52,2.71646
2026-04-25 12:03:00,77657.51,77657.51,77635.45,77635.46,0.93932
2026-04-25 12:04:00,77635.46,77640.04,77626.17,77640.04,3.7605
2026-04-25 12:05:00,77640.03,77667.05,77640.03,77654.19,4.74794
2026-04-25 12:06:00,77654.19,77673.11,77654.18,77673.11,6.83769
2026-04-25 12:07:00,77673.11,77717.95,77673.1,77700.0,5.30191
2026-04-25 12:08:00,77699.99,77700.0,77692.54,77692.55,1.97078
2026-04-25 12:09:00,77692.54,77692.55,77680.12,77680.12,1.2524
2026-04-25 12:10:00,77680.12,77683.28,77680.12,77683.28,1.62644
2026-04-25 12:11:00,77683.28,77692.55,77683.27,77692.55,1.67275
2026-04-25 12:12:00,77692.55,77692.55,77684.78,77684.79,0.64511
2026-04-25 12:13:00,77684.78,77692.54,77684.78,77692.54,1.00995
2026-04-25 12:14:00,77692.55,77696.38,77686.65,77694.95,6.60891
2026-04-25 12:15:00,77694.95,77694.95,77694.94,77694.95,0.52789
2026-04-25 12:16:00,77694.95,77711.59,77694.94,77706.57,4.17139
2026-04-25 12:17:00,77706.57,77706.57,77698.36,77698.36,0.99374
2026-04-25 12:18:00,77698.37,77698.37,77698.36,77698.36,0.75903
2026-04-25 12:19:00,77698.37,77698.37,77680.0,77680.0,3.44892
2026-04-25 12:20:00,77680.0,77680.01,77680.0,77680.01,1.94212
2026-04-25 12:21:00,77680.0,77685.5,77680.0,77685.5,1.92337
2026-04-25 12:22:00,77685.5,77685.5,77685.49,77685.49,0.24242
2026-04-25 12:23:00,77685.5,77685.5,77685.49,77685.5,1.68445
2026-04-25 12:24:00,77685.5,77699.87,77685.49,77699.86,2.47725
2026-04-25 12:25:00,77699.87,77699.87,77694.07,77694.08,1.01335
2026-04-25 12:26:00,77694.07,77694.08,77685.73,77685.74,3.75425
2026-04-25 12:27:00,77685.73,77685.74,77657.87,77657.88,2.23843
2026-04-25 12:28:00,77657.87,77657.88,77656.25,77656.26,3.29457
2026-04-25 12:29:00,77656.25,77656.26,77610.71,77610.71,4.35479
2026-04-25 12:30:00,77610.72,77610.72,77561.4,77575.61,7.34762
2026-04-25 12:31:00,77575.61,77604.13,77575.6,77601.82,1.11331
2026-04-25 12:32:00,77601.81,77611.0,77601.81,77611.0,1.72804
2026-04-25 12:33:00,77611.0,77611.0,77596.13,77607.83,5.10033
2026-04-25 12:34:00,77607.82,77607.83,77607.82,77607.82,2.53562
2026-04-25 12:35:00,77607.82,77607.83,77596.13,77596.14,6.82858
2026-04-25 12:36:00,77596.13,77596.14,77592.96,77596.14,1.09275
2026-04-25 12:37:00,77596.14,77596.14,77590.0,77590.0,4.93252
2026-04-25 12:38:00,77590.0,77611.63,77574.77,77600.14,16.48122
2026-04-25 12:39:00,77600.14,77600.15,77566.0,77566.0,4.21038
2026-04-25 12:40:00,77566.0,77571.56,77561.4,77561.41,2.63385
2026-04-25 12:41:00,77561.4,77561.41,77553.51,77553.51,1.47266
2026-04-25 12:42:00,77553.51,77568.72,77553.51,77568.71,1.65949
2026-04-25 12:43:00,77568.71,77571.77,77550.61,77550.61,3.12978
2026-04-25 12:44:00,77550.62,77562.14,77550.61,77562.14,2.42471
2026-04-25 12:45:00,77562.14,77562.14,77550.61,77560.23,1.91012
2026-04-25 12:46:00,77560.22,77568.49,77550.61,77550.62,2.87831
2026-04-25 12:47:00,77550.61,77550.62,77550.61,77550.61,0.36625
2026-04-25 12:48:00,77550.62,77561.2,77550.61,77561.19,1.32072
2026-04-25 12:49:00,77561.19,77561.2,77550.61,77550.61,1.7435
2026-04-25 12:50:00,77550.61,77561.28,77550.61,77561.27,1.12172
2026-04-25 12:51:00,77561.27,77561.4,77561.27,77561.4,0.94282
2026-04-25 12:52:00,77561.4,77570.05,77561.4,77569.61,1.03784
2026-04-25 12:53:00,77569.62,77578.67,77569.61,77578.67,1.18566
2026-04-25 12:54:00,77578.67,77578.67,77571.84,77571.85,2.1347
2026-04-25 12:55:00,77571.84,77571.85,77562.5,77562.5,0.73519
2026-04-25 12:56:00,77562.5,77562.51,77561.47,77561.47,1.16195
2026-04-25 12:57:00,77561.47,77571.18,77560.0,77564.26,4.35376
2026-04-25 12:58:00,77564.26,77564.26,77564.25,77564.25,0.32919
2026-04-25 12:59:00,77564.26,77564.26,77557.13,77557.14,4.56273
2026-04-25 13:00:00,77557.14,77570.48,77557.14,77570.48,1.74179
2026-04-25 13:01:00,77570.47,77578.22,77570.47,77572.13,3.66909
2026-04-25 13:02:00,77572.13,77572.13,77561.5,77561.51,1.1347
2026-04-25 13:03:00,77561.5,77566.27,77561.5,77566.26,1.12797
2026-04-25 13:04:00,77566.27,77585.35,77566.26,77585.34,1.25785
2026-04-25 13:05:00,77585.34,77588.58,77585.34,77588.57,0.60119
2026-04-25 13:06:00,77588.58,77592.96,77588.57,77592.96,0.50613
2026-04-25 13:07:00,77592.96,77600.0,77592.96,77600.0,1.26296
2026-04-25 13:08:00,77599.99,77609.46,77599.99,77609.45,2.21363
2026-04-25 13:09:00,77609.45,77609.46,77609.45,77609.46,0.43542
2026-04-25 13:10:00,77609.45,77609.46,77609.45,77609.46,0.52163
2026-04-25 13:11:00,77609.45,77611.27,77609.45,77611.27,2.16291
2026-04-25 13:12:00,77611.27,77614.82,77611.26,77614.82,0.42023
2026-04-25 13:13:00,77614.81,77614.82,77614.81,77614.81,1.1862
2026-04-25 13:14:00,77614.82,77645.36,77614.82,77645.35,2.16713
2026-04-25 13:15:00,77645.36,77645.36,77627.83,77627.84,2.1241
2026-04-25 13:16:00,77627.84,77627.84,77624.13,77624.14,0.87135
2026-04-25 13:17:00,77624.14,77624.14,77618.14,77618.14,1.34043
2026-04-25 13:18:00,77618.15,77618.15,77609.45,77609.46,20.98832
2026-04-25 13:19:00,77609.45,77623.28,77609.45,77623.28,2.85666
2026-04-25 13:20:00,77623.27,77638.59,77623.27,77638.58,0.90696
2026-04-25 13:21:00,77638.59,77641.81,77638.58,77641.81,0.75844
2026-04-25 13:22:00,77641.81,77641.81,77641.8,77641.81,1.7577
2026-04-25 13:23:00,77641.8,77641.81,77641.8,77641.81,3.11781
2026-04-25 13:24:00,77641.81,77641.82,77641.8,77641.82,4.57676
2026-04-25 13:25:00,77641.82,77641.82,77620.0,77620.0,3.40125
2026-04-25 13:26:00,77620.01,77628.84,77620.01,77628.84,1.71401
2026-04-25 13:27:00,77628.84,77628.84,77625.08,77625.09,3.89065
2026-04-25 13:28:00,77625.09,77625.09,77615.61,77615.62,1.03495
2026-04-25 13:29:00,77615.62,77615.62,77615.61,77615.62,0.28566
2026-04-25 13:30:00,77615.62,77620.8,77615.61,77620.8,1.71588
2026-04-25 13:31:00,77620.8,77620.8,77620.79,77620.79,1.34722
2026-04-25 13:32:00,77620.79,77620.8,77617.32,77617.33,0.60011
2026-04-25 13:33:00,77617.32,77617.33,77613.55,77613.55,1.12976
2026-04-25 13:34:00,77613.55,77613.56,77613.55,77613.55,0.91668
2026-04-25 13:35:00,77613.56,77613.56,77611.57,77611.57,1.38301
2026-04-25 13:36:00,77611.57,77611.58,77611.57,77611.58,1.3967
2026-04-25 13:37:00,77611.57,77611.58,77604.65,77604.66,1.75841
2026-04-25 13:38:00,77604.65,77604.66,77604.65,77604.66,0.71789
2026-04-25 13:39:00,77604.66,77624.87,77604.65,77624.86,2.32316
2026-04-25 13:40:00,77624.87,77633.66,77624.86,77633.66,2.44236
2026-04-25 13:41:00,77633.65,77633.66,77633.65,77633.66,1.78489
2026-04-25 13:42:00,77633.66,77633.66,77633.65,77633.65,0.65544
2026-04-25 13:43:00,77633.66,77636.85,77633.65,77636.85,5.54968
2026-04-25 13:44:00,77636.85,77676.82,77636.84,77676.82,13.09423
2026-04-25 13:45:00,77676.81,77697.01,77676.81,77697.01,6.3918
2026-04-25 13:46:00,77697.01,77697.01,77697.0,77697.0,3.00153
2026-04-25 13:47:00,77697.0,77697.01,77697.0,77697.0,0.8627
2026-04-25 13:48:00,77697.01,77697.01,77697.0,77697.0,0.66687
2026-04-25 13:49:00,77697.01,77710.91,77654.31,77663.59,5.59363
2026-04-25 13:50:00,77663.6,77663.6,77663.59,77663.59,0.77315
2026-04-25 13:51:00,77663.59,77663.6,77652.0,77653.8,10.91579
2026-04-25 13:52:00,77653.79,77653.8,77650.02,77650.02,1.98873
2026-04-25 13:53:00,77650.03,77691.23,77650.02,77690.63,8.74642
2026-04-25 13:54:00,77690.64,77690.64,77690.63,77690.64,0.40765
2026-04-25 13:55:00,77690.64,77690.64,77690.63,77690.63,0.64667
2026-04-25 13:56:00,77690.63,77708.38,77690.0,77708.37,3.98565
2026-04-25 13:57:00,77708.37,77708.38,77702.34,77702.35,2.16886
2026-04-25 13:58:00,77702.34,77702.34,77691.69,77691.69,7.50658
2026-04-25 13:59:00,77691.69,77691.7,77691.69,77691.69,1.15263
2026-04-25 14:00:00,77691.7,77704.06,77690.0,77698.33,2.3779
2026-04-25 14:01:00,77698.34,77698.34,77691.79,77691.79,1.49184
2026-04-25 14:02:00,77691.8,77750.0,77688.0,77742.54,16.71453
2026-04-25 14:03:00,77741.88,77741.88,77700.8,77700.81,1.98994
2026-04-25 14:04:00,77700.8,77700.81,77644.05,77644.05,30.18328
2026-04-25 14:05:00,77644.05,77644.05,77638.0,77638.1,3.74299
2026-04-25 14:06:00,77638.09,77638.1,77638.09,77638.09,0.58246
2026-04-25 14:07:00,77638.09,77665.94,77638.09,77665.94,9.9727
2026-04-25 14:08:00,77665.93,77676.31,77665.93,77676.3,2.90559
2026-04-25 14:09:00,77676.31,77676.31,77662.08,77662.09,1.45853
2026-04-25 14:10:00,77662.08,77662.09,77643.16,77646.78,3.75122
2026-04-25 14:11:00,77646.79,77646.79,77646.78,77646.79,0.55879
2026-04-25 14:12:00,77646.78,77646.79,77646.78,77646.78,1.29852
2026-04-25 14:13:00,77646.79,77646.79,77640.16,77640.16,0.64774
2026-04-25 14:14:00,77640.17,77692.67,77640.16,77692.67,4.63675
2026-04-25 14:15:00,77692.67,77692.68,77692.67,77692.67,1.057
2026-04-25 14:16:00,77692.68,77693.14,77692.67,77693.13,0.78847
2026-04-25 14:17:00,77693.13,77700.0,77693.13,77700.0,0.60425
2026-04-25 14:18:00,77700.0,77700.0,77699.99,77699.99,1.51709
2026-04-25 14:19:00,77699.99,77700.0,77667.93,77667.93,5.81237
2026-04-25 14:20:00,77667.94,77667.94,77664.0,77664.0,0.58578
2026-04-25 14:21:00,77664.0,77675.97,77664.0,77675.97,1.30967
2026-04-25 14:22:00,77675.97,77689.05,77675.97,77689.04,1.77004
2026-04-25 14:23:00,77689.04,77691.2,77689.04,77691.2,0.42212
2026-04-25 14:24:00,77691.2,77691.2,77672.0,77672.0,1.22608
2026-04-25 14:25:00,77672.01,77699.99,77672.0,77699.99,2.11043
2026-04-25 14:26:00,77699.98,77720.0,77699.98,77719.99,2.95239
2026-04-25 14:27:00,77719.99,77720.0,77719.99,77719.99,1.10021
2026-04-25 14:28:00,77719.99,77737.9,77719.99,77737.9,1.17139
2026-04-25 14:29:00,77737.9,77742.34,77729.8,77729.81,2.58402
2026-04-25 14:30:00,77729.81,77729.81,77729.8,77729.8,0.3027
2026-04-25 14:31:00,77729.8,77733.95,77729.8,77733.94,0.80821
2026-04-25 14:32:00,77733.95,77743.32,77733.94,77743.32,0.95135
2026-04-25 14:33:00,77743.32,77743.32,77737.89,77737.9,2.06595
2026-04-25 14:34:00,77737.89,77743.32,77721.77,77721.77,3.00922
2026-04-25 14:35:00,77721.72,77721.73,77721.72,77721.73,0.31952
2026-04-25 14:36:00,77721.73,77721.73,77713.21,77713.22,0.85589
2026-04-25 14:37:00,77713.21,77713.22,77713.21,77713.22,0.49007
2026-04-25 14:38:00,77713.22,77718.52,77713.21,77718.51,1.08949
2026-04-25 14:39:00,77718.51,77740.28,77718.51,77740.27,6.39187
2026-04-25 14:40:00,77740.28,77740.28,77727.69,77734.3,8.52528
2026-04-25 14:41:00,77734.29,77745.33,77734.29,77745.33,2.86785
2026-04-25 14:42:00,77745.33,77745.33,77745.32,77745.32,1.5305
2026-04-25 14:43:00,77745.32,77745.33,77738.0,77738.0,1.75278
2026-04-25 14:44:00,77738.01,77738.32,77738.0,77738.22,10.54023
2026-04-25 14:45:00,77738.22,77742.73,77738.22,77742.72,6.67424
2026-04-25 14:46:00,77742.73,77742.73,77727.76,77727.77,5.33528
2026-04-25 14:47:00,77727.77,77727.77,77727.76,77727.77,4.68256
2026-04-25 14:48:00,77727.77,77727.77,77727.76,77727.77,0.96634
2026-04-25 14:49:00,77727.77,77752.54,77727.76,77738.55,3.81022
2026-04-25 14:50:00,77738.55,77738.55,77731.25,77731.26,2.35244
2026-04-25 14:51:00,77731.25,77731.26,77720.44,77720.44,0.77829
2026-04-25 14:52:00,77720.44,77720.45,77703.8,77711.59,2.62171
2026-04-25 14:53:00,77711.59,77711.59,77711.58,77711.59,0.80552
2026-04-25 14:54:00,77711.59,77711.59,77662.08,77677.89,19.03381
2026-04-25 14:55:00,77677.9,77677.9,77671.63,77671.64,2.41258
2026-04-25 14:56:00,77671.63,77671.64,77656.53,77656.54,1.42014
2026-04-25 14:57:00,77656.54,77656.54,77650.0,77650.01,1.15446
2026-04-25 14:58:00,77650.01,77656.75,77650.0,77656.74,0.59054
2026-04-25 14:59:00,77656.74,77656.75,77656.74,77656.75,1.29653
2026-04-25 15:00:00,77656.74,77656.75,77643.71,77653.47,2.26042
2026-04-25 15:01:00,77653.48,77653.48,77648.85,77648.85,0.60772
2026-04-25 15:02:00,77648.86,77665.45,77648.85,77665.44,2.04785
2026-04-25 15:03:00,77665.44,77665.45,77665.44,77665.44,1.53275
2026-04-25 15:04:00,77665.45,77665.45,77657.53,77663.58,2.23943
2026-04-25 15:05:00,77663.58,77669.49,77663.58,77669.48,1.90428
2026-04-25 15:06:00,77669.48,77677.72,77669.48,77677.71,5.42413
2026-04-25 15:07:00,77677.71,77677.72,77677.71,77677.72,1.48905
2026-04-25 15:08:00,77677.71,77677.72,77663.58,77663.58,4.22316
2026-04-25 15:09:00,77663.59,77663.59,77663.58,77663.59,0.88216
2026-04-25 15:10:00,77663.58,77663.59,77656.07,77656.07,0.73918
2026-04-25 15:11:00,77656.07,77656.08,77656.07,77656.08,0.46812
2026-04-25 15:12:00,77656.07,77670.39,77656.07,77670.39,5.04125
2026-04-25 15:13:00,77670.39,77670.39,77670.38,77670.38,1.26696
2026-04-25 15:14:00,77670.39,77670.39,77670.38,77670.39,0.26923
2026-04-25 15:15:00,77670.39,77670.39,77670.38,77670.38,0.40214
2026-04-25 15:16:00,77670.38,77675.17,77670.38,77675.16,4.82825
2026-04-25 15:17:00,77675.17,77683.14,77675.16,77683.13,4.02442
2026-04-25 15:18:00,77683.13,77683.14,77683.13,77683.14,2.4623
2026-04-25 15:19:00,77683.14,77683.14,77683.13,77683.14,1.1254
2026-04-25 15:20:00,77683.13,77690.19,77683.13,77690.19,1.68422
2026-04-25 15:21:00,77690.19,77690.19,77690.18,77690.19,0.49782
2026-04-25 15:22:00,77690.18,77700.09,77690.18,77700.08,1.2289
2026-04-25 15:23:00,77700.09,77700.09,77700.08,77700.09,0.60858
2026-04-25 15:24:00,77700.09,77702.62,77700.08,77702.62,0.37283
2026-04-25 15:25:00,77702.61,77718.57,77702.61,77705.01,3.6064
2026-04-25 15:26:00,77705.01,77705.01,77705.0,77705.0,0.56425
2026-04-25 15:27:00,77705.0,77705.01,77700.08,77700.08,4.19518
2026-04-25 15:28:00,77700.09,77700.09,77700.08,77700.09,0.2991
2026-04-25 15:29:00,77700.09,77700.09,77700.08,77700.09,0.52921
2026-04-25 15:30:00,77700.09,77705.52,77700.08,77700.51,2.00736
2026-04-25 15:31:00,77700.51,77700.51,77690.18,77690.18,5.13183
2026-04-25 15:32:00,77690.18,77690.19,77690.18,77690.18,0.65022
2026-04-25 15:33:00,77690.18,77702.67,77690.18,77702.67,3.15667
2026-04-25 15:34:00,77702.67,77709.61,77702.66,77709.6,0.90158
2026-04-25 15:35:00,77709.61,77711.1,77709.6,77711.09,1.5407
2026-04-25 15:36:00,77711.1,77722.7,77711.09,77722.69,4.9258
2026-04-25 15:37:00,77722.69,77722.7,77700.0,77700.01,4.6997
2026-04-25 15:38:00,77700.0,77700.01,77700.0,77700.0,0.86399
2026-04-25 15:39:00,77700.0,77700.01,77700.0,77700.01,1.06399
2026-04-25 15:40:00,77700.01,77700.01,77700.0,77700.0,0.36972
2026-04-25 15:41:00,77700.01,77700.01,77700.0,77700.0,0.88924
2026-04-25 15:42:00,77700.01,77700.01,77700.0,77700.01,2.48607
2026-04-25 15:43:00,77700.0,77700.0,77683.07,77683.08,4.1225
2026-04-25 15:44:00,77683.07,77683.08,77670.0,77670.0,7.38085
2026-04-25 15:45:00,77670.0,77670.01,77630.0,77630.0,8.96215
2026-04-25 15:46:00,77630.01,77630.01,77610.0,77610.0,5.18766
2026-04-25 15:47:00,77610.01,77626.73,77610.0,77626.72,6.33494
2026-04-25 15:48:00,77626.72,77626.72,77580.0,77580.0,21.90233
2026-04-25 15:49:00,77580.0,77580.01,77505.0,77505.44,24.05757
2026-04-25 15:50:00,77505.44,77521.36,77490.0,77511.94,26.61016
2026-04-25 15:51:00,77511.93,77519.64,77460.0,77462.66,11.05581
2026-04-25 15:52:00,77462.66,77480.64,77420.01,77452.91,14.31948
2026-04-25 15:53:00,77452.92,77452.92,77386.62,77406.58,16.37283
2026-04-25 15:54:00,77406.58,77414.12,77321.0,77332.07,27.91413
2026-04-25 15:55:00,77332.07,77348.97,77330.26,77345.19,13.12836
2026-04-25 15:56:00,77345.2,77382.44,77345.2,77370.61,17.43982
2026-04-25 15:57:00,77370.62,77407.49,77370.61,77388.05,6.34285
2026-04-25 15:58:00,77388.05,77388.06,77319.9,77319.91,95.83483
2026-04-25 15:59:00,77319.91,77340.0,77299.89,77330.26,87.88056
2026-04-25 16:00:00,77330.25,77368.0,77295.01,77368.0,36.61694
2026-04-25 16:01:00,77367.99,77402.92,77367.99,77389.26,6.75002
2026-04-25 16:02:00,77389.27,77400.0,77361.06,77381.8,7.29292
2026-04-25 16:03:00,77381.8,77409.91,77381.8,77403.47,2.25439
2026-04-25 16:04:00,77403.47,77404.63,77392.43,77404.63,2.40087
2026-04-25 16:05:00,77404.62,77404.63,77353.05,77383.65,6.56111
2026-04-25 16:06:00,77383.66,77409.72,77383.65,77390.79,10.4865
2026-04-25 16:07:00,77390.79,77400.84,77386.56,77400.83,1.74193
2026-04-25 16:08:00,77400.84,77415.52,77400.83,77415.52,2.00718
2026-04-25 16:09:00,77415.52,77444.41,77408.7,77408.71,6.28243
2026-04-25 16:10:00,77408.71,77408.71,77372.72,77386.82,4.41074
2026-04-25 16:11:00,77386.81,77408.73,77386.81,77408.72,1.66833
2026-04-25 16:12:00,77408.73,77416.23,77389.38,77414.89,8.19786
2026-04-25 16:13:00,77414.88,77414.89,77414.88,77414.88,0.4084
2026-04-25 16:14:00,77414.89,77451.57,77414.89,77451.56,4.08304
2026-04-25 16:15:00,77451.57,77451.57,77445.23,77445.23,7.1875
2026-04-25 16:16:00,77445.24,77454.31,77445.23,77448.07,4.34168
2026-04-25 16:17:00,77448.06,77448.07,77448.06,77448.06,0.82922
2026-04-25 16:18:00,77448.07,77448.07,77438.35,77442.25,2.03691
2026-04-25 16:19:00,77442.25,77442.26,77419.81,77419.82,1.65657
2026-04-25 16:20:00,77419.82,77432.74,77419.81,77432.73,0.98911
2026-04-25 16:21:00,77432.74,77432.74,77432.73,77432.73,0.83036
2026-04-25 16:22:00,77432.73,77432.74,77419.19,77430.81,2.1586
2026-04-25 16:23:00,77430.8,77430.81,77415.64,77423.0,13.10779
2026-04-25 16:24:00,77423.0,77423.0,77421.0,77421.0,12.12735
2026-04-25 16:25:00,77421.01,77421.01,77421.0,77421.0,1.25941
2026-04-25 16:26:00,77421.01,77423.44,77360.0,77361.37,19.94089
2026-04-25 16:27:00,77361.37,77391.55,77327.65,77391.55,16.34716
2026-04-25 16:28:00,77391.55,77405.0,77372.63,77404.99,7.67017
2026-04-25 16:29:00,77404.98,77408.0,77394.82,77394.82,4.68702
2026-04-25 16:30:00,77394.82,77416.11,77394.82,77416.11,2.45939
2026-04-25 16:31:00,77416.1,77416.11,77400.27,77400.28,3.04448
2026-04-25 16:32:00,77400.28,77404.05,77390.42,77404.0,26.80143
2026-04-25 16:33:00,77404.01,77404.01,77326.0,77328.08,26.69851
2026-04-25 16:34:00,77328.08,77387.26,77328.07,77378.68,6.3062
2026-04-25 16:35:00,77378.69,77402.76,77378.68,77382.0,7.69749
2026-04-25 16:36:00,77382.0,77430.69,77370.35,77370.35,14.02697
2026-04-25 16:37:00,77370.35,77370.36,77307.12,77307.13,2.87745
2026-04-25 16:38:00,77307.13,77307.13,77140.23,77226.4,63.64995
2026-04-25 16:39:00,77226.4,77264.0,77217.78,77264.0,13.69004
2026-04-25 16:40:00,77264.0,77319.96,77259.96,77314.05,16.56022
2026-04-25 16:41:00,77314.06,77337.72,77314.03,77314.04,13.84237
2026-04-25 16:42:00,77314.04,77349.85,77314.04,77341.7,3.91711
2026-04-25 16:43:00,77341.7,77370.88,77341.7,77363.85,19.71393
2026-04-25 16:44:00,77363.86,77382.46,77363.85,77368.27,3.41105
2026-04-25 16:45:00,77368.27,77396.5,77368.27,77390.21,5.91686
2026-04-25 16:46:00,77390.21,77398.52,77390.2,77396.67,3.76155
2026-04-25 16:47:00,77396.66,77396.67,77346.0,77348.77,7.33858
2026-04-25 16:48:00,77348.77,77383.45,77348.76,77383.45,3.81107
2026-04-25 16:49:00,77383.45,77393.93,77383.45,77393.93,0.62002
2026-04-25 16:50:00,77393.93,77399.87,77393.92,77399.86,0.56102
2026-04-25 16:51:00,77399.87,77408.74,77399.86,77408.73,4.79875
2026-04-25 16:52:00,77408.74,77408.74,77399.87,77399.87,1.79779
2026-04-25 16:53:00,77399.88,77399.88,77388.95,77388.95,6.68485
2026-04-25 16:54:00,77388.96,77399.09,77388.95,77393.86,1.80456
2026-04-25 16:55:00,77393.87,77393.87,77378.07,77378.08,2.00783
2026-04-25 16:56:00,77378.08,77407.67,77378.08,77407.66,4.30027
2026-04-25 16:57:00,77407.66,77407.67,77400.1,77400.1,0.40634
2026-04-25 16:58:00,77400.1,77400.11,77400.1,77400.1,0.47703
2026-04-25 16:59:00,77400.11,77408.66,77397.27,77397.27,6.28813
2026-04-25 17:00:00,77397.27,77397.28,77380.0,77389.77,7.5298
2026-04-25 17:01:00,77389.77,77400.0,77373.68,77373.69,9.02842
2026-04-25 17:02:00,77373.69,77373.69,77366.28,77366.28,1.83981
2026-04-25 17:03:00,77366.29,77381.73,77366.28,77381.73,1.53498
2026-04-25 17:04:00,77381.72,77381.73,77374.09,77381.72,2.45154
2026-04-25 17:05:00,77381.73,77381.73,77369.14,77374.68,1.9883
2026-04-25 17:06:00,77374.68,77374.69,77369.15,77369.15,7.84326
2026-04-25 17:07:00,77369.16,77372.08,77362.0,77363.24,2.21918
2026-04-25 17:08:00,77363.25,77363.25,77363.24,77363.24,0.32322
2026-04-25 17:09:00,77363.24,77363.25,77363.24,77363.25,0.60176
2026-04-25 17:10:00,77363.25,77363.25,77363.24,77363.25,0.68207
2026-04-25 17:11:00,77363.25,77363.25,77358.54,77358.54,0.77004
2026-04-25 17:12:00,77358.54,77358.55,77352.21,77352.22,0.95648
2026-04-25 17:13:00,77352.22,77355.47,77352.21,77355.46,0.86999
2026-04-25 17:14:00,77355.46,77355.47,77355.46,77355.47,0.44814
2026-04-25 17:15:00,77355.47,77355.47,77326.98,77326.99,1.5978
2026-04-25 17:16:00,77326.98,77326.99,77326.98,77326.98,1.13919
2026-04-25 17:17:00,77326.98,77326.99,77326.98,77326.99,1.60565
2026-04-25 17:18:00,77326.99,77326.99,77300.0,77326.57,3.6927
2026-04-25 17:19:00,77326.56,77326.57,77326.56,77326.57,0.2771
2026-04-25 17:20:00,77326.57,77326.57,77322.79,77322.8,1.85961
2026-04-25 17:21:00,77322.8,77325.7,77322.79,77325.7,1.12184
2026-04-25 17:22:00,77325.7,77406.44,77325.69,77400.77,8.06728
2026-04-25 17:23:00,77400.76,77400.76,77370.0,77370.01,2.80103
2026-04-25 17:24:00,77370.01,77383.32,77367.1,77373.88,6.55139
2026-04-25 17:25:00,77373.89,77407.03,77373.89,77397.37,4.15781
2026-04-25 17:26:00,77397.37,77397.37,77380.97,77380.97,1.24674
2026-04-25 17:27:00,77380.97,77380.98,77380.97,77380.98,0.74073
2026-04-25 17:28:00,77380.97,77380.98,77345.32,77345.32,5.8215
2026-04-25 17:29:00,77345.33,77345.33,77321.88,77324.87,1.64652
2026-04-25 17:30:00,77324.88,77334.48,77321.88,77327.11,3.00193
2026-04-25 17:31:00,77327.11,77328.13,77327.11,77328.13,1.78252
2026-04-25 17:32:00,77328.13,77328.13,77278.0,77278.01,5.54062
2026-04-25 17:33:00,77278.01,77278.01,77255.14,77260.12,7.58312
2026-04-25 17:34:00,77260.12,77282.49,77260.11,77282.49,2.02096
2026-04-25 17:35:00,77282.48,77302.27,77282.48,77298.64,0.82333
2026-04-25 17:36:00,77298.63,77308.91,77298.63,77308.9,0.82693
2026-04-25 17:37:00,77308.9,77319.14,77308.9,77319.14,0.92889
2026-04-25 17:38:00,77319.14,77328.61,77319.13,77328.6,1.78774
2026-04-25 17:39:00,77328.61,77335.0,77328.6,77328.6,1.39317
2026-04-25 17:40:00,77328.6,77331.78,77328.6,77331.77,1.56551
2026-04-25 17:41:00,77331.77,77331.78,77331.77,77331.77,0.31147
2026-04-25 17:42:00,77331.78,77331.78,77319.76,77319.77,2.31911
2026-04-25 17:43:00,77319.76,77319.77,77319.76,77319.76,0.82564
2026-04-25 17:44:00,77319.76,77319.77,77306.95,77306.96,0.66354
2026-04-25 17:45:00,77306.95,77306.96,77302.04,77302.05,0.75006
2026-04-25 17:46:00,77302.05,77302.05,77302.04,77302.05,0.58543
2026-04-25 17:47:00,77302.05,77302.05,77298.67,77298.67,0.72322
2026-04-25 17:48:00,77298.67,77302.05,77293.2,77302.04,2.66256
2026-04-25 17:49:00,77302.04,77302.05,77254.1,77254.1,2.77042
2026-04-25 17:50:00,77254.11,77254.11,77233.84,77233.84,2.44525
2026-04-25 17:51:00,77233.84,77247.27,77233.83,77247.26,2.43763
2026-04-25 17:52:00,77247.26,77247.27,77247.26,77247.27,1.87078
2026-04-25 17:53:00,77247.27,77247.27,77247.26,77247.27,3.53312
2026-04-25 17:54:00,77247.26,77247.27,77231.58,77231.59,3.07711
2026-04-25 17:55:00,77231.59,77263.15,77210.96,77263.15,6.57813
2026-04-25 17:56:00,77263.14,77263.15,77250.38,77250.38,1.65786
2026-04-25 17:57:00,77250.37,77250.64,77234.92,77234.92,4.01615
2026-04-25 17:58:00,77234.93,77255.4,77234.93,77255.4,2.91124
2026-04-25 17:59:00,77255.4,77255.4,77242.64,77245.77,2.28959
2026-04-25 18:00:00,77245.78,77255.4,77216.29,77255.4,8.27083
2026-04-25 18:01:00,77255.39,77313.57,77255.39,77313.56,7.80193
2026-04-25 18:02:00,77313.57,77313.57,77308.01,77308.01,0.99149
2026-04-25 18:03:00,77308.02,77308.02,77308.01,77308.02,0.39365
2026-04-25 18:04:00,77308.01,77330.11,77281.86,77295.97,11.28944
2026-04-25 18:05:00,77295.97,77295.97,77260.56,77260.56,7.33813
2026-04-25 18:06:00,77260.56,77270.64,77260.56,77270.64,1.77823
2026-04-25 18:07:00,77270.64,77275.23,77270.63,77275.23,2.372
2026-04-25 18:08:00,77275.22,77282.65,77275.22,77282.64,1.02575
2026-04-25 18:09:00,77282.65,77282.65,77282.64,77282.64,0.35672
2026-04-25 18:10:00,77282.65,77282.65,77272.18,77272.18,0.83981
2026-04-25 18:11:00,77272.19,77294.73,77272.18,77284.96,1.84317
2026-04-25 18:12:00,77284.96,77284.96,77284.95,77284.96,0.56529
2026-04-25 18:13:00,77284.96,77295.04,77280.35,77280.35,2.35247
2026-04-25 18:14:00,77280.35,77280.36,77280.35,77280.35,0.39425
2026-04-25 18:15:00,77280.35,77285.14,77280.35,77285.13,1.23713
2026-04-25 18:16:00,77285.13,77291.72,77284.96,77284.97,1.89365
2026-04-25 18:17:00,77284.96,77284.97,77284.96,77284.96,0.85955
2026-04-25 18:18:00,77284.96,77284.97,77284.96,77284.97,0.36967
2026-04-25 18:19:00,77284.96,77284.97,77284.96,77284.97,0.20978
2026-04-25 18:20:00,77284.97,77284.97,77284.96,77284.96,0.53102
2026-04-25 18:21:00,77284.97,77286.52,77264.1,77286.51,3.75643
2026-04-25 18:22:00,77286.52,77293.75,77286.27,77286.28,0.88629
2026-04-25 18:23:00,77286.28,77286.28,77286.27,77286.28,0.34254
2026-04-25 18:24:00,77286.28,77292.22,77265.0,77286.51,6.14859
2026-04-25 18:25:00,77286.52,77295.95,77286.51,77295.95,0.49146
2026-04-25 18:26:00,77295.95,77295.95,77295.94,77295.95,0.70124
2026-04-25 18:27:00,77295.94,77307.38,77295.94,77307.37,1.42573
2026-04-25 18:28:00,77307.37,77312.58,77307.37,77312.57,1.76672
2026-04-25 18:29:00,77312.58,77326.43,77309.48,77326.42,4.03895
2026-04-25 18:30:00,77326.43,77354.0,77326.42,77352.33,3.89797
2026-04-25 18:31:00,77352.33,77370.62,77337.03,77367.73,9.77643
2026-04-25 18:32:00,77367.73,77370.61,77367.01,77367.01,1.85564
2026-04-25 18:33:00,77367.02,77367.02,77363.32,77363.33,0.62367
2026-04-25 18:34:00,77363.32,77363.33,77359.47,77359.47,0.51466
2026-04-25 18:35:00,77359.47,77370.2,77359.47,77370.2,1.09575
2026-04-25 18:36:00,77370.2,77389.01,77370.19,77389.01,1.2963
2026-04-25 18:37:00,77389.0,77389.01,77354.68,77354.69,2.05827
2026-04-25 18:38:00,77354.69,77358.47,77354.68,77358.46,1.2911
2026-04-25 18:39:00,77358.46,77358.47,77350.18,77350.19,0.48463
2026-04-25 18:40:00,77350.18,77352.34,77350.18,77352.34,1.64213
2026-04-25 18:41:00,77352.33,77352.34,77345.87,77345.87,1.14512
2026-04-25 18:42:00,77345.88,77345.88,77340.86,77340.87,1.21224
2026-04-25 18:43:00,77340.87,77340.87,77336.48,77336.49,1.26718
2026-04-25 18:44:00,77336.49,77336.49,77311.67,77311.67,3.61154
2026-04-25 18:45:00,77311.67,77352.34,77306.57,77352.33,1.67398
2026-04-25 18:46:00,77352.34,77358.23,77342.2,77342.2,0.73828
2026-04-25 18:47:00,77342.21,77342.21,77336.48,77336.49,0.92516
2026-04-25 18:48:00,77336.49,77341.21,77336.48,77341.2,2.04423
2026-04-25 18:49:00,77341.2,77350.0,77313.85,77313.85,9.76346
2026-04-25 18:50:00,77313.86,77316.68,77313.85,77316.67,1.97922
2026-04-25 18:51:00,77316.67,77316.68,77305.52,77307.8,2.08062
2026-04-25 18:52:00,77307.8,77315.47,77307.8,77315.46,3.98313
2026-04-25 18:53:00,77315.47,77328.86,77315.47,77328.86,4.62981
2026-04-25 18:54:00,77328.86,77328.86,77300.0,77308.73,66.58009
2026-04-25 18:55:00,77308.74,77316.23,77301.57,77304.1,8.85512
2026-04-25 18:56:00,77304.11,77312.63,77304.1,77312.62,0.91892
2026-04-25 18:57:00,77312.63,77319.67,77312.62,77313.95,2.19938
2026-04-25 18:58:00,77313.94,77315.23,77311.0,77315.23,7.3597
2026-04-25 18:59:00,77315.23,77326.03,77312.0,77313.0,113.3574
2026-04-25 19:00:00,77313.0,77313.01,77292.93,77313.0,61.59402
2026-04-25 19:01:00,77313.0,77313.01,77313.0,77313.0,0.80259
2026-04-25 19:02:00,77313.01,77319.01,77313.0,77313.0,5.04069
2026-04-25 19:03:00,77313.0,77313.01,77313.0,77313.0,1.14634
2026-04-25 19:04:00,77313.01,77316.9,77313.0,77313.01,4.11579
2026-04-25 19:05:00,77313.02,77313.02,77282.88,77282.88,2.01708
2026-04-25 19:06:00,77282.88,77286.45,77282.88,77286.45,1.16102
2026-04-25 19:07:00,77286.44,77286.45,77286.44,77286.44,0.48601
2026-04-25 19:08:00,77286.44,77290.01,77286.44,77290.0,2.00085
2026-04-25 19:09:00,77290.01,77300.0,77290.0,77300.0,3.67142
2026-04-25 19:10:00,77299.99,77320.12,77299.99,77302.6,15.91258
2026-04-25 19:11:00,77302.6,77302.61,77295.96,77295.97,3.67164
2026-04-25 19:12:00,77295.96,77343.81,77295.96,77321.53,10.91947
2026-04-25 19:13:00,77321.53,77321.53,77321.52,77321.52,1.35999
2026-04-25 19:14:00,77321.53,77330.06,77321.52,77330.06,4.45658
2026-04-25 19:15:00,77330.05,77330.06,77322.27,77322.28,1.21184
2026-04-25 19:16:00,77322.28,77322.28,77322.27,77322.27,0.26968
2026-04-25 19:17:00,77322.27,77333.12,77322.27,77333.11,1.67435
2026-04-25 19:18:00,77333.11,77333.12,77326.13,77333.0,5.66246
2026-04-25 19:19:00,77332.99,77336.17,77332.99,77336.16,54.01637
2026-04-25 19:20:00,77336.16,77336.17,77320.51,77320.51,1.99628
2026-04-25 19:21:00,77320.52,77329.26,77320.51,77329.25,1.21448
2026-04-25 19:22:00,77329.25,77329.26,77329.25,77329.25,1.42736
2026-04-25 19:23:00,77329.26,77335.0,77329.25,77334.99,1.60919
2026-04-25 19:24:00,77335.0,77339.0,77334.99,77339.0,35.45117
2026-04-25 19:25:00,77339.0,77339.0,77319.16,77319.16,1.81261
2026-04-25 19:26:00,77319.17,77319.17,77319.16,77319.16,1.56118
2026-04-25 19:27:00,77319.16,77319.17,77317.78,77317.78,1.12451
2026-04-25 19:28:00,77317.78,77317.79,77293.21,77293.22,1.25085
2026-04-25 19:29:00,77293.21,77293.22,77255.69,77255.7,1.68111
2026-04-25 19:30:00,77255.7,77255.7,77255.69,77255.69,2.6342
2026-04-25 19:31:00,77255.7,77255.7,77249.07,77249.07,5.38858
2026-04-25 19:32:00,77249.07,77249.08,77234.97,77234.98,2.77405
2026-04-25 19:33:00,77234.98,77234.98,77223.15,77223.16,0.98582
2026-04-25 19:34:00,77223.15,77234.81,77223.15,77234.81,5.08879
2026-04-25 19:35:00,77235.05,77255.54,77235.05,77238.8,5.76
2026-04-25 19:36:00,77238.79,77238.8,77238.79,77238.8,0.52552
2026-04-25 19:37:00,77238.79,77238.8,77238.79,77238.79,0.92122
2026-04-25 19:38:00,77238.79,77238.8,77233.31,77233.32,0.7776
2026-04-25 19:39:00,77233.32,77233.32,77223.16,77223.17,0.7884
2026-04-25 19:40:00,77223.17,77228.93,77223.16,77228.93,1.13507
2026-04-25 19:41:00,77228.93,77242.0,77228.92,77228.93,1.7949
2026-04-25 19:42:00,77228.93,77228.93,77228.92,77228.93,0.20112
2026-04-25 19:43:00,77228.93,77228.93,77225.51,77225.52,0.58766
2026-04-25 19:44:00,77225.52,77225.52,77193.79,77193.8,3.80277
2026-04-25 19:45:00,77193.79,77200.0,77193.79,77199.99,0.58865
2026-04-25 19:46:00,77200.0,77214.32,77199.99,77214.31,9.58574
2026-04-25 19:47:00,77214.31,77214.32,77214.31,77214.32,0.83329
2026-04-25 19:48:00,77214.31,77235.89,77214.31,77235.88,2.12176
2026-04-25 19:49:00,77235.89,77242.88,77235.88,77240.54,1.81706
2026-04-25 19:50:00,77240.54,77240.55,77240.54,77240.54,0.48918
2026-04-25 19:51:00,77240.54,77255.7,77240.54,77255.69,2.34076
2026-04-25 19:52:00,77255.7,77268.13,77255.69,77268.12,0.56814
2026-04-25 19:53:00,77268.13,77276.48,77268.12,77274.86,1.60596
2026-04-25 19:54:00,77274.86,77285.34,77274.85,77285.33,1.3444
2026-04-25 19:55:00,77285.34,77318.11,77285.34,77309.07,0.95609
2026-04-25 19:56:00,77309.07,77324.0,77309.06,77319.03,5.7269
2026-04-25 19:57:00,77319.03,77319.03,77319.02,77319.02,0.28062
2026-04-25 19:58:00,77319.03,77324.83,77319.02,77324.83,0.64497
2026-04-25 19:59:00,77324.85,77335.06,77324.84,77330.01,1.45254
2026-04-25 20:00:00,77330.0,77356.06,77324.77,77335.32,9.81726
2026-04-25 20:01:00,77335.33,77335.33,77331.4,77331.4,0.84241
2026-04-25 20:02:00,77331.41,77338.88,77331.4,77338.88,1.13334
2026-04-25 20:03:00,77338.88,77338.88,77338.87,77338.87,0.28196
2026-04-25 20:04:00,77338.88,77346.16,77316.32,77316.32,3.3255
2026-04-25 20:05:00,77316.33,77320.01,77316.32,77320.0,0.62258
2026-04-25 20:06:00,77320.0,77320.01,77311.05,77311.06,1.0197
2026-04-25 20:07:00,77311.05,77330.53,77311.05,77330.52,1.67289
2026-04-25 20:08:00,77330.53,77330.53,77330.52,77330.52,0.39411
2026-04-25 20:09:00,77330.53,77344.01,77330.52,77344.0,0.53038
2026-04-25 20:10:00,77344.01,77352.34,77344.0,77352.34,0.96609
2026-04-25 20:11:00,77352.34,77358.56,77352.34,77358.55,0.48719
2026-04-25 20:12:00,77358.55,77371.35,77357.99,77358.0,3.10098
2026-04-25 20:13:00,77358.0,77381.9,77357.99,77364.78,4.71745
2026-04-25 20:14:00,77364.77,77364.78,77357.99,77358.0,0.61765
2026-04-25 20:15:00,77357.99,77366.26,77357.99,77366.26,1.02067
2026-04-25 20:16:00,77366.25,77366.25,77358.51,77358.51,0.59945
2026-04-25 20:17:00,77358.51,77358.52,77350.5,77350.51,0.33303
2026-04-25 20:18:00,77350.5,77352.34,77350.5,77352.33,0.40054
2026-04-25 20:19:00,77352.33,77380.49,77352.33,77380.49,1.72832
2026-04-25 20:20:00,77380.49,77400.0,77380.48,77395.87,3.32563
2026-04-25 20:21:00,77395.86,77395.87,77395.86,77395.87,0.40359
2026-04-25 20:22:00,77395.86,77428.76,77395.86,77418.62,3.83676
2026-04-25 20:23:00,77418.62,77418.63,77418.62,77418.62,0.31208
2026-04-25 20:24:00,77418.62,77418.63,77418.62,77418.63,0.21101
2026-04-25 20:25:00,77418.62,77418.63,77418.62,77418.62,0.34095
2026-04-25 20:26:00,77418.62,77418.63,77416.19,77416.2,1.16516
2026-04-25 20:27:00,77416.19,77416.2,77416.19,77416.19,0.79156
2026-04-25 20:28:00,77416.2,77416.2,77389.29,77407.15,7.58689
2026-04-25 20:29:00,77407.14,77416.0,77407.14,77415.99,2.251
2026-04-25 20:30:00,77415.99,77431.55,77415.99,77431.54,3.09503
2026-04-25 20:31:00,77431.55,77431.55,77397.49,77400.89,4.81405
2026-04-25 20:32:00,77400.88,77400.89,77400.88,77400.88,0.7627
2026-04-25 20:33:00,77400.88,77400.89,77393.81,77393.81,1.83655
2026-04-25 20:34:00,77393.81,77407.53,77393.81,77407.52,1.94089
2026-04-25 20:35:00,77407.53,77407.53,77407.52,77407.53,0.62907
2026-04-25 20:36:00,77407.52,77417.58,77407.52,77417.57,0.67158
2026-04-25 20:37:00,77417.58,77417.58,77417.57,77417.57,0.14196
2026-04-25 20:38:00,77417.57,77417.58,77407.52,77407.52,0.50017
2026-04-25 20:39:00,77407.53,77407.53,77399.77,77399.78,1.14294
2026-04-25 20:40:00,77399.79,77411.47,77399.78,77411.46,0.71721
2026-04-25 20:41:00,77411.46,77411.47,77411.46,77411.47,0.62886
2026-04-25 20:42:00,77411.47,77411.47,77411.46,77411.46,0.24163
2026-04-25 20:43:00,77411.46,77411.47,77411.46,77411.46,0.29108
2026-04-25 20:44:00,77411.47,77411.47,77400.2,77400.2,0.47074
2026-04-25 20:45:00,77400.2,77411.38,77400.2,77411.37,1.08435
2026-04-25 20:46:00,77411.38,77411.38,77403.28,77403.28,3.2177
2026-04-25 20:47:00,77403.28,77403.29,77403.28,77403.28,0.34477
2026-04-25 20:48:00,77403.29,77411.03,77403.29,77411.02,0.66804
2026-04-25 20:49:00,77411.02,77411.03,77411.02,77411.03,0.38863
2026-04-25 20:50:00,77411.03,77411.03,77403.28,77403.29,0.50317
2026-04-25 20:51:00,77403.29,77415.0,77403.28,77414.99,0.82904
2026-04-25 20:52:00,77414.99,77415.0,77414.99,77415.0,0.15656
2026-04-25 20:53:00,77414.99,77415.0,77414.99,77414.99,0.16234
2026-04-25 20:54:00,77414.99,77428.8,77414.99,77428.79,0.91654
2026-04-25 20:55:00,77428.8,77428.8,77428.79,77428.79,0.33278
2026-04-25 20:56:00,77428.79,77456.87,77428.79,77456.87,1.96268
2026-04-25 20:57:00,77456.86,77481.7,77456.86,77481.7,1.93896
2026-04-25 20:58:00,77481.7,77481.7,77479.13,77479.14,0.95493
2026-04-25 20:59:00,77479.13,77479.14,77479.13,77479.13,0.45339
2026-04-25 21:00:00,77479.14,77479.14,77479.13,77479.14,0.59334
2026-04-25 21:01:00,77479.14,77483.25,77479.13,77483.25,1.72647
2026-04-25 21:02:00,77483.25,77523.84,77483.25,77521.16,3.87452
2026-04-25 21:03:00,77521.16,77521.52,77515.0,77515.0,4.08847
2026-04-25 21:04:00,77515.01,77521.96,77485.0,77507.78,12.65203
2026-04-25 21:05:00,77507.79,77507.79,77496.58,77501.84,1.25345
2026-04-25 21:06:00,77501.85,77501.85,77499.05,77499.05,1.53028
2026-04-25 21:07:00,77499.05,77528.22,77499.05,77510.26,7.20516
2026-04-25 21:08:00,77510.25,77511.65,77502.53,77502.53,1.94969
2026-04-25 21:09:00,77502.53,77506.88,77502.53,77506.88,1.22669
2026-04-25 21:10:00,77506.87,77506.88,77506.87,77506.87,0.56828
2026-04-25 21:11:00,77506.88,77516.36,77506.87,77516.36,2.38444
2026-04-25 21:12:00,77516.36,77530.0,77516.36,77530.0,1.11386
2026-04-25 21:13:00,77530.0,77530.0,77486.98,77486.98,9.60279
2026-04-25 21:14:00,77486.99,77500.58,77486.23,77500.57,2.27448
2026-04-25 21:15:00,77500.58,77509.04,77500.57,77509.04,1.05969
2026-04-25 21:16:00,77509.04,77512.38,77505.69,77505.7,1.03152
2026-04-25 21:17:00,77505.7,77505.7,77497.32,77497.33,0.7597
2026-04-25 21:18:00,77497.33,77497.33,77497.32,77497.32,0.73024
2026-04-25 21:19:00,77497.32,77497.33,77497.32,77497.32,0.55728
2026-04-25 21:20:00,77497.32,77507.44,77497.32,77507.43,0.52522
2026-04-25 21:21:00,77507.43,77519.92,77507.43,77519.91,0.70694
2026-04-25 21:22:00,77519.91,77519.92,77519.91,77519.91,0.88884
2026-04-25 21:23:00,77519.92,77519.92,77519.91,77519.91,0.29802
2026-04-25 21:24:00,77519.91,77519.91,77514.65,77514.66,2.27958
2026-04-25 21:25:00,77514.65,77514.65,77500.0,77500.0,5.53317
2026-04-25 21:26:00,77500.0,77500.0,77492.41,77492.42,6.28719
2026-04-25 21:27:00,77492.42,77506.67,77492.42,77504.86,2.7352
2026-04-25 21:28:00,77504.85,77504.86,77493.51,77493.51,0.40486
2026-04-25 21:29:00,77493.52,77519.92,77486.98,77518.89,11.3326
2026-04-25 21:30:00,77518.88,77520.0,77502.7,77502.7,3.9196
2026-04-25 21:31:00,77502.7,77506.61,77502.7,77506.6,2.70361
2026-04-25 21:32:00,77506.6,77506.6,77480.04,77483.89,8.88864
2026-04-25 21:33:00,77483.89,77483.89,77483.88,77483.88,0.43856
2026-04-25 21:34:00,77483.88,77483.89,77466.32,77466.33,1.14663
2026-04-25 21:35:00,77466.32,77466.33,77463.18,77466.32,5.48341
2026-04-25 21:36:00,77466.32,77466.32,77466.31,77466.32,0.77182
2026-04-25 21:37:00,77466.32,77466.32,77458.48,77458.48,0.85086
2026-04-25 21:38:00,77458.49,77471.96,77455.71,77455.71,2.30131
2026-04-25 21:39:00,77455.71,77455.72,77455.71,77455.71,0.55026
2026-04-25 21:40:00,77455.71,77455.71,77436.0,77436.01,2.5576
2026-04-25 21:41:00,77436.0,77443.98,77436.0,77443.98,1.51176
2026-04-25 21:42:00,77443.98,77443.98,77443.97,77443.97,0.46862
2026-04-25 21:43:00,77443.97,77443.98,77415.2,77419.75,4.6158
2026-04-25 21:44:00,77419.75,77468.03,77419.75,77468.03,1.60223
2026-04-25 21:45:00,77468.02,77477.13,77468.02,77477.12,0.42412
2026-04-25 21:46:00,77477.12,77485.44,77477.12,77485.44,1.17106
2026-04-25 21:47:00,77485.43,77485.44,77485.43,77485.44,0.31633
2026-04-25 21:48:00,77485.43,77500.0,77485.43,77499.99,0.71369
2026-04-25 21:49:00,77499.99,77499.99,77482.5,77482.5,1.68306
2026-04-25 21:50:00,77482.5,77482.51,77466.91,77466.92,1.90878
2026-04-25 21:51:00,77466.91,77499.99,77466.91,77499.99,6.4701
2026-04-25 21:52:00,77499.99,77528.0,77499.99,77525.83,2.93018
2026-04-25 21:53:00,77525.83,77525.84,77499.77,77499.78,1.11277
2026-04-25 21:54:00,77499.77,77515.34,77497.06,77515.34,1.00933
2026-04-25 21:55:00,77515.34,77525.84,77504.55,77512.4,1.11371
2026-04-25 21:56:00,77512.39,77512.4,77494.56,77494.57,0.69097
2026-04-25 21:57:00,77494.56,77499.99,77494.56,77499.99,0.78651
2026-04-25 21:58:00,77499.98,77506.88,77499.98,77506.88,0.34334
2026-04-25 21:59:00,77506.88,77525.84,77505.78,77525.84,4.89285
2026-04-25 22:00:00,77525.83,77525.84,77498.81,77518.85,3.77659
2026-04-25 22:01:00,77518.86,77525.84,77518.22,77518.22,0.4576
2026-04-25 22:02:00,77518.23,77518.23,77510.77,77516.58,1.59738
2026-04-25 22:03:00,77516.58,77525.84,77498.82,77516.12,2.88017
2026-04-25 22:04:00,77516.11,77525.86,77516.11,77525.85,0.75896
2026-04-25 22:05:00,77525.86,77551.65,77525.85,77551.64,4.83621
2026-04-25 22:06:00,77551.64,77551.64,77532.18,77532.19,2.63411
2026-04-25 22:07:00,77532.18,77542.52,77532.18,77532.19,1.38148
2026-04-25 22:08:00,77532.18,77532.19,77515.87,77515.87,1.09014
2026-04-25 22:09:00,77515.86,77532.18,77515.86,77532.18,2.2894
2026-04-25 22:10:00,77532.18,77532.18,77510.0,77510.0,1.61127
2026-04-25 22:11:00,77510.0,77517.52,77509.75,77509.76,1.42725
2026-04-25 22:12:00,77509.76,77512.14,77509.75,77509.75,0.33638
2026-04-25 22:13:00,77509.76,77509.76,77509.75,77509.76,0.99588
2026-04-25 22:14:00,77509.75,77509.76,77509.75,77509.75,0.34393
2026-04-25 22:15:00,77509.76,77509.76,77503.59,77509.75,0.6237
2026-04-25 22:16:00,77509.75,77519.59,77509.75,77519.58,1.03705
2026-04-25 22:17:00,77519.59,77519.59,77509.83,77509.83,0.71079
2026-04-25 22:18:00,77509.83,77509.83,77509.82,77509.82,1.16361
2026-04-25 22:19:00,77509.83,77509.83,77509.82,77509.82,0.88658
2026-04-25 22:20:00,77509.83,77515.7,77509.82,77515.7,1.21181
2026-04-25 22:21:00,77515.7,77519.96,77515.69,77519.96,0.57272
2026-04-25 22:22:00,77519.96,77532.1,77519.95,77532.1,1.15753
2026-04-25 22:23:00,77532.09,77532.1,77532.09,77532.1,0.9636
2026-04-25 22:24:00,77532.1,77532.1,77532.09,77532.1,0.52919
2026-04-25 22:25:00,77532.1,77532.1,77532.09,77532.1,0.61507
2026-04-25 22:26:00,77532.1,77549.4,77532.09,77549.4,1.64725
2026-04-25 22:27:00,77549.39,77549.39,77532.09,77539.0,5.01812
2026-04-25 22:28:00,77539.01,77546.03,77539.01,77546.03,1.61838
2026-04-25 22:29:00,77546.03,77573.75,77546.02,77556.65,9.53662
2026-04-25 22:30:00,77556.65,77626.72,77556.65,77602.34,7.84346
2026-04-25 22:31:00,77602.33,77626.72,77602.33,77624.18,1.28972
2026-04-25 22:32:00,77624.18,77634.77,77624.17,77634.77,1.60165
2026-04-25 22:33:00,77634.77,77634.77,77607.69,77626.49,0.98846
2026-04-25 22:34:00,77626.49,77626.5,77626.49,77626.5,0.33296
2026-04-25 22:35:00,77626.49,77626.5,77626.49,77626.49,0.51675
2026-04-25 22:36:00,77626.49,77626.5,77626.49,77626.49,0.33869
2026-04-25 22:37:00,77626.49,77626.5,77610.11,77610.11,1.9751
2026-04-25 22:38:00,77610.12,77610.12,77580.18,77583.06,5.21987
2026-04-25 22:39:00,77583.05,77583.06,77583.05,77583.05,1.64244
2026-04-25 22:40:00,77583.06,77583.06,77583.05,77583.06,0.3663
2026-04-25 22:41:00,77583.06,77583.06,77583.05,77583.05,0.23036
2026-04-25 22:42:00,77583.06,77592.01,77568.16,77574.28,9.12586
2026-04-25 22:43:00,77574.29,77574.29,77565.0,77568.08,4.64403
2026-04-25 22:44:00,77568.08,77600.0,77568.07,77600.0,3.74916
2026-04-25 22:45:00,77599.99,77599.99,77571.27,77571.29,1.70347
2026-04-25 22:46:00,77571.3,77571.3,77571.29,77571.3,2.53514
2026-04-25 22:47:00,77571.3,77571.3,77571.29,77571.3,0.9056
2026-04-25 22:48:00,77571.3,77583.02,77564.23,77564.24,3.71818
2026-04-25 22:49:00,77564.24,77564.24,77551.5,77551.5,2.09174
2026-04-25 22:50:00,77551.51,77551.51,77541.72,77541.72,1.74082
2026-04-25 22:51:00,77541.73,77541.73,77532.1,77532.1,0.77169
2026-04-25 22:52:00,77532.1,77532.11,77532.1,77532.1,0.63797
2026-04-25 22:53:00,77532.11,77538.0,77532.1,77538.0,0.54012
2026-04-25 22:54:00,77537.99,77540.0,77532.09,77540.0,25.36978
2026-04-25 22:55:00,77540.0,77561.41,77540.0,77561.4,3.9417
2026-04-25 22:56:00,77561.41,77561.41,77561.4,77561.4,0.51019
2026-04-25 22:57:00,77561.41,77561.41,77561.4,77561.4,0.31076
2026-04-25 22:58:00,77561.41,77561.41,77559.1,77559.11,1.37662
2026-04-25 22:59:00,77559.1,77561.38,77557.0,77557.01,102.39777
2026-04-25 23:00:00,77557.01,77562.56,77557.01,77558.13,3.6105
2026-04-25 23:01:00,77558.12,77558.12,77544.49,77544.49,0.85263
2026-04-25 23:02:00,77544.5,77544.5,77544.49,77544.5,0.56223
2026-04-25 23:03:00,77544.5,77544.5,77536.0,77536.0,0.80463
2026-04-25 23:04:00,77536.0,77624.0,77530.0,77571.23,183.7803
2026-04-25 23:05:00,77571.22,77571.23,77569.14,77569.15,1.52277
2026-04-25 23:06:00,77569.14,77580.34,77564.51,77580.33,2.69312
2026-04-25 23:07:00,77580.33,77580.34,77580.33,77580.34,1.11232
2026-04-25 23:08:00,77580.34,77607.6,77580.33,77607.6,3.18703
2026-04-25 23:09:00,77607.6,77616.11,77581.66,77581.66,6.68994
2026-04-25 23:10:00,77581.66,77592.54,77581.66,77585.93,0.93766
2026-04-25 23:11:00,77585.94,77585.94,77584.63,77584.86,5.04927
2026-04-25 23:12:00,77584.85,77589.94,77584.85,77589.93,3.8785
2026-04-25 23:13:00,77589.94,77589.94,77589.9,77589.9,0.71246
2026-04-25 23:14:00,77589.91,77589.91,77585.37,77585.48,3.16355
2026-04-25 23:15:00,77585.49,77585.51,77578.12,77578.12,3.70125
2026-04-25 23:16:00,77578.13,77583.97,77567.17,77573.22,6.95636
2026-04-25 23:17:00,77573.23,77573.23,77562.0,77562.0,2.46519
2026-04-25 23:18:00,77562.01,77564.56,77562.0,77564.55,3.79498
2026-04-25 23:19:00,77564.56,77596.92,77564.55,77596.92,3.1761
2026-04-25 23:20:00,77597.13,77598.04,77578.6,77578.6,0.97725
2026-04-25 23:21:00,77578.61,77578.61,77578.6,77578.61,2.43821
2026-04-25 23:22:00,77578.61,77579.03,77572.78,77572.78,2.46233
2026-04-25 23:23:00,77572.79,77572.79,77572.78,77572.78,2.36325
2026-04-25 23:24:00,77572.79,77605.8,77568.0,77605.79,5.71847
2026-04-25 23:25:00,77605.79,77605.79,77584.0,77584.47,7.3202
2026-04-25 23:26:00,77584.48,77584.54,77578.25,77578.64,6.05069
2026-04-25 23:27:00,77578.65,77580.55,77578.64,77580.54,0.29998
2026-04-25 23:28:00,77580.55,77588.56,77580.54,77588.56,5.91109
2026-04-25 23:29:00,77588.56,77594.46,77588.55,77594.46,0.37716
2026-04-25 23:30:00,77594.46,77601.79,77594.45,77601.78,5.33048
2026-04-25 23:31:00,77601.78,77602.21,77601.78,77602.21,2.89883
2026-04-25 23:32:00,77602.21,77606.0,77602.2,77606.0,2.67544
2026-04-25 23:33:00,77605.99,77606.0,77605.9,77605.9,1.08822
2026-04-25 23:34:00,77605.9,77620.0,77580.9,77619.99,9.10862
2026-04-25 23:35:00,77620.0,77620.0,77619.95,77619.95,0.65375
2026-04-25 23:36:00,77619.95,77620.09,77619.95,77620.08,1.84932
2026-04-25 23:37:00,77620.08,77621.1,77620.08,77621.09,1.33777
2026-04-25 23:38:00,77621.1,77638.13,77621.1,77638.12,1.64979
2026-04-25 23:39:00,77638.13,77638.13,77620.2,77620.2,4.0235
2026-04-25 23:40:00,77620.21,77637.28,77620.2,77637.28,2.53603
2026-04-25 23:41:00,77637.28,77637.28,77631.8,77636.16,1.25329
2026-04-25 23:42:00,77636.16,77650.0,77636.16,77649.99,3.90218
2026-04-25 23:43:00,77650.0,77650.0,77636.2,77636.2,2.043
2026-04-25 23:44:00,77636.2,77636.21,77606.76,77606.76,5.3161
2026-04-25 23:45:00,77606.77,77606.77,77606.76,77606.77,5.18055
2026-04-25 23:46:00,77606.77,77614.16,77606.76,77614.16,3.8014
2026-04-25 23:47:00,77614.16,77619.68,77614.15,77619.68,1.61637
2026-04-25 23:48:00,77619.68,77619.68,77602.39,77602.4,6.41049
2026-04-25 23:49:00,77602.39,77614.17,77600.0,77614.16,1.77015
2026-04-25 23:50:00,77614.16,77614.16,77604.83,77604.83,0.71023
2026-04-25 23:51:00,77604.84,77604.84,77604.83,77604.84,0.9385
2026-04-25 23:52:00,77604.83,77604.84,77604.83,77604.83,0.51362
2026-04-25 23:53:00,77604.84,77604.84,77604.83,77604.83,0.36152
2026-04-25 23:54:00,77604.84,77615.13,77604.83,77615.13,6.84247
2026-04-25 23:55:00,77615.12,77615.12,77604.0,77604.0,3.54772
2026-04-25 23:56:00,77604.0,77607.08,77604.0,77604.0,8.32286
2026-04-25 23:57:00,77604.0,77604.01,77604.0,77604.0,1.4938
2026-04-25 23:58:00,77604.01,77604.01,77604.0,77604.01,0.66227
2026-04-25 23:59:00,77604.01,77625.0,77604.01,77625.0,1.90103
2026-04-26 00:00:00,77625.0,77626.81,77576.12,77576.13,94.2851
2026-04-26 00:01:00,77576.13,77595.13,77572.67,77595.12,8.62986
2026-04-26 00:02:00,77595.13,77611.06,77595.12,77611.05,1.00297
2026-04-26 00:03:00,77611.06,77625.58,77605.46,77625.58,2.18736
2026-04-26 00:04:00,77625.58,77635.41,77625.57,77633.32,6.77267
2026-04-26 00:05:00,77633.31,77642.43,77522.13,77533.27,24.45134
2026-04-26 00:06:00,77533.28,77550.0,77533.27,77550.0,1.34127
2026-04-26 00:07:00,77549.99,77556.74,77549.99,77556.73,1.39225
2026-04-26 00:08:00,77556.74,77562.31,77556.73,77559.13,1.7779
2026-04-26 00:09:00,77559.13,77559.14,77554.26,77554.27,1.05254
2026-04-26 00:10:00,77554.27,77554.27,77519.76,77519.76,2.08097
2026-04-26 00:11:00,77519.76,77525.11,77519.76,77525.1,1.24881
2026-04-26 00:12:00,77525.11,77536.27,77525.1,77536.26,0.66783
2026-04-26 00:13:00,77536.27,77536.27,77536.26,77536.27,0.2944
2026-04-26 00:14:00,77536.26,77559.0,77536.26,77550.27,10.2026
2026-04-26 00:15:00,77550.27,77550.27,77500.0,77514.65,15.81038
2026-04-26 00:16:00,77514.65,77514.65,77481.87,77489.71,47.67167
2026-04-26 00:17:00,77489.7,77507.21,77489.7,77507.21,2.85401
2026-04-26 00:18:00,77507.21,77507.21,77507.2,77507.2,2.58026
2026-04-26 00:19:00,77507.2,77507.2,77479.25,77484.48,4.66864
2026-04-26 00:20:00,77484.48,77489.9,77484.47,77489.89,0.76216
2026-04-26 00:21:00,77489.89,77497.12,77486.03,77497.12,1.88019
2026-04-26 00:22:00,77497.12,77497.12,77497.11,77497.11,0.98371
2026-04-26 00:23:00,77497.12,77497.12,77488.51,77488.51,1.50347
2026-04-26 00:24:00,77488.52,77488.52,77474.67,77474.91,2.8289
2026-04-26 00:25:00,77474.92,77480.56,77474.92,77480.56,1.56161
2026-04-26 00:26:00,77480.55,77480.56,77480.55,77480.56,1.84007
2026-04-26 00:27:00,77480.55,77480.55,77476.1,77478.85,1.96786
2026-04-26 00:28:00,77478.85,77478.86,77473.99,77473.99,0.83176
2026-04-26 00:29:00,77473.99,77474.0,77472.29,77472.3,0.51842
2026-04-26 00:30:00,77472.3,77477.13,77467.0,77467.0,1.48791
2026-04-26 00:31:00,77467.0,77467.01,77451.29,77451.29,7.64776
2026-04-26 00:32:00,77451.3,77472.16,77445.94,77472.16,1.27624
2026-04-26 00:33:00,77472.16,77495.37,77472.15,77495.37,1.0941
2026-04-26 00:34:00,77495.37,77515.36,77495.36,77515.36,1.29327
2026-04-26 00:35:00,77515.36,77515.36,77511.12,77515.35,0.71609
2026-04-26 00:36:00,77515.36,77515.36,77498.78,77498.79,0.84123
2026-04-26 00:37:00,77498.79,77515.36,77498.78,77508.22,2.48237
2026-04-26 00:38:00,77508.21,77508.22,77508.21,77508.21,0.7164
2026-04-26 00:39:00,77508.22,77508.22,77508.21,77508.22,0.51711
2026-04-26 00:40:00,77508.22,77550.87,77508.22,77547.58,5.94301
2026-04-26 00:41:00,77547.59,77547.59,77534.96,77534.97,0.98977
2026-04-26 00:42:00,77534.97,77534.97,77534.96,77534.96,0.48786
2026-04-26 00:43:00,77534.96,77534.97,77534.96,77534.96,0.46963
2026-04-26 00:44:00,77534.97,77545.55,77534.96,77545.55,0.80153
2026-04-26 00:45:00,77545.55,77545.55,77533.46,77533.46,0.67497
2026-04-26 00:46:00,77533.46,77546.66,77533.46,77546.66,3.5136
2026-04-26 00:47:00,77546.66,77546.66,77542.79,77542.79,2.23935
2026-04-26 00:48:00,77542.8,77554.0,77542.8,77552.95,0.80421
2026-04-26 00:49:00,77552.95,77552.95,77543.7,77543.71,4.5232
2026-04-26 00:50:00,77543.71,77543.71,77543.7,77543.7,1.44402
2026-04-26 00:51:00,77543.71,77551.46,77543.7,77551.46,0.85405
2026-04-26 00:52:00,77551.46,77585.7,77551.45,77585.69,1.42637
2026-04-26 00:53:00,77585.69,77592.84,77576.43,77576.43,1.11801
2026-04-26 00:54:00,77576.42,77576.43,77529.24,77529.24,4.71532
2026-04-26 00:55:00,77529.24,77529.25,77516.0,77516.01,0.88722
2026-04-26 00:56:00,77516.01,77516.01,77480.99,77486.41,4.73264
2026-04-26 00:57:00,77486.41,77486.41,77463.73,77481.74,2.91049
2026-04-26 00:58:00,77481.73,77490.19,77481.73,77490.18,0.99248
2026-04-26 00:59:00,77490.18,77520.0,77490.18,77502.4,4.6612
2026-04-26 01:00:00,77502.39,77518.58,77502.39,77506.36,7.77238
2026-04-26 01:01:00,77506.36,77506.36,77500.95,77500.96,0.51235
2026-04-26 01:02:00,77500.96,77508.25,77500.95,77508.25,0.94947
2026-04-26 01:03:00,77508.25,77508.25,77508.24,77508.24,0.41438
2026-04-26 01:04:00,77508.25,77514.81,77486.2,77514.8,6.51333
2026-04-26 01:05:00,77514.8,77514.81,77502.6,77502.61,2.62308
2026-04-26 01:06:00,77502.6,77516.03,77502.6,77516.03,1.0526
2026-04-26 01:07:00,77516.03,77516.03,77516.02,77516.03,0.38926
2026-04-26 01:08:00,77516.03,77516.03,77512.5,77512.51,0.49909
2026-04-26 01:09:00,77512.51,77516.03,77510.32,77516.02,4.42173
2026-04-26 01:10:00,77516.02,77525.52,77516.02,77517.41,1.6705
2026-04-26 01:11:00,77517.42,77517.42,77516.74,77516.74,0.62086
2026-04-26 01:12:00,77516.74,77517.42,77505.79,77505.79,0.82195
2026-04-26 01:13:00,77505.79,77505.8,77505.27,77505.28,2.06452
2026-04-26 01:14:00,77505.28,77518.7,77505.27,77506.5,4.72083
2026-04-26 01:15:00,77506.51,77510.04,77506.5,77510.04,0.75343
2026-04-26 01:16:00,77510.03,77510.04,77510.03,77510.03,0.64328
2026-04-26 01:17:00,77510.03,77528.07,77510.03,77528.07,1.28419
2026-04-26 01:18:00,77528.07,77528.07,77528.06,77528.06,0.94684
2026-04-26 01:19:00,77528.07,77538.47,77500.0,77500.0,7.38196
2026-04-26 01:20:00,77500.0,77500.01,77500.0,77500.0,1.66398
2026-04-26 01:21:00,77500.01,77519.18,77500.0,77519.17,0.83924
2026-04-26 01:22:00,77519.18,77525.72,77519.17,77525.71,0.44727
2026-04-26 01:23:00,77525.71,77551.85,77525.71,77547.97,2.93248
2026-04-26 01:24:00,77547.96,77547.97,77532.16,77546.76,3.6468
2026-04-26 01:25:00,77546.77,77572.81,77544.07,77544.08,2.64483
2026-04-26 01:26:00,77544.07,77544.08,77535.01,77535.02,0.97416
2026-04-26 01:27:00,77535.01,77535.01,77528.42,77528.43,0.69331
2026-04-26 01:28:00,77528.42,77528.43,77528.42,77528.43,0.24962
2026-04-26 01:29:00,77528.42,77528.43,77506.41,77506.41,2.32962
2026-04-26 01:30:00,77506.41,77506.42,77506.41,77506.41,0.3222
2026-04-26 01:31:00,77506.41,77513.4,77506.41,77508.0,3.20691
2026-04-26 01:32:00,77508.0,77508.01,77508.0,77508.0,0.32028
2026-04-26 01:33:00,77508.0,77508.01,77508.0,77508.0,2.85884
2026-04-26 01:34:00,77508.0,77520.0,77508.0,77519.99,0.72556
2026-04-26 01:35:00,77519.99,77527.9,77519.99,77527.9,0.66804
2026-04-26 01:36:00,77527.89,77533.43,77527.89,77533.43,1.26653
2026-04-26 01:37:00,77533.42,77538.04,77533.42,77537.76,3.34007
2026-04-26 01:38:00,77537.76,77541.66,77537.75,77541.66,2.20882
2026-04-26 01:39:00,77541.65,77549.54,77541.65,77549.53,0.44229
2026-04-26 01:40:00,77549.54,77549.54,77549.52,77549.53,1.92058
2026-04-26 01:41:00,77549.52,77549.53,77545.59,77545.59,0.28775
2026-04-26 01:42:00,77545.6,77545.6,77541.96,77541.97,0.37403
2026-04-26 01:43:00,77541.96,77542.91,77541.96,77542.91,0.52582
2026-04-26 01:44:00,77542.91,77555.0,77521.45,77555.0,10.5741
2026-04-26 01:45:00,77554.99,77554.99,77534.72,77534.73,6.22836
2026-04-26 01:46:00,77534.73,77534.73,77518.56,77518.65,1.50139
2026-04-26 01:47:00,77518.66,77518.66,77502.69,77502.7,4.25751
2026-04-26 01:48:00,77502.7,77509.76,77502.69,77509.75,0.85242
2026-04-26 01:49:00,77509.75,77509.76,77502.69,77502.7,0.70372
2026-04-26 01:50:00,77502.69,77530.52,77502.69,77530.51,6.76672
2026-04-26 01:51:00,77530.52,77536.75,77530.51,77536.74,1.56894
2026-04-26 01:52:00,77536.74,77546.51,77536.74,77546.51,1.1621
2026-04-26 01:53:00,77546.5,77546.51,77534.63,77534.64,0.64941
2026-04-26 01:54:00,77534.63,77534.64,77531.64,77531.65,4.50401
2026-04-26 01:55:00,77531.65,77531.65,77482.81,77482.82,8.6305
2026-04-26 01:56:00,77482.82,77482.82,77470.21,77470.21,0.47818
2026-04-26 01:57:00,77470.22,77470.22,77470.21,77470.22,0.4223
2026-04-26 01:58:00,77470.21,77470.22,77451.16,77456.71,0.95045
2026-04-26 01:59:00,77456.71,77461.17,77456.7,77461.16,0.37066
2026-04-26 02:00:00,77461.16,77477.92,77452.07,77477.91,2.05738
2026-04-26 02:01:00,77477.91,77477.92,77475.91,77475.91,1.86747
2026-04-26 02:02:00,77475.91,77475.92,77475.91,77475.92,0.28958
2026-04-26 02:03:00,77475.92,77488.0,77475.92,77488.0,0.6735
2026-04-26 02:04:00,77487.99,77491.55,77487.99,77491.54,0.37145
2026-04-26 02:05:00,77491.54,77491.55,77491.54,77491.55,0.49352
2026-04-26 02:06:00,77491.55,77512.72,77491.55,77512.71,1.17411
2026-04-26 02:07:00,77512.71,77512.72,77512.71,77512.72,0.37148
2026-04-26 02:08:00,77512.71,77512.72,77504.4,77504.41,0.50045
2026-04-26 02:09:00,77504.41,77512.72,77504.4,77512.72,5.46583
2026-04-26 02:10:00,77512.72,77512.72,77512.71,77512.72,0.39485
2026-04-26 02:11:00,77512.71,77512.72,77504.4,77504.41,1.08529
2026-04-26 02:12:00,77504.41,77542.22,77504.4,77542.21,4.21378
2026-04-26 02:13:00,77542.21,77564.0,77542.21,77563.99,0.61764
2026-04-26 02:14:00,77564.0,77569.44,77563.99,77569.44,0.51477
2026-04-26 02:15:00,77569.44,77583.94,77569.43,77583.93,0.76181
2026-04-26 02:16:00,77583.94,77590.97,77583.93,77585.67,0.99407
2026-04-26 02:17:00,77585.66,77585.67,77582.64,77582.64,0.27813
2026-04-26 02:18:00,77582.65,77582.65,77569.51,77571.09,1.59476
2026-04-26 02:19:00,77571.09,77571.09,77551.05,77551.06,1.59253
2026-04-26 02:20:00,77551.05,77573.4,77551.05,77573.4,0.50252
2026-04-26 02:21:00,77573.4,77580.79,77565.7,77565.7,0.79901
2026-04-26 02:22:00,77565.71,77565.71,77552.08,77552.09,1.76979
2026-04-26 02:23:00,77552.08,77552.08,77522.23,77522.24,3.56464
2026-04-26 02:24:00,77522.24,77565.64,77522.23,77564.0,9.23087
2026-04-26 02:25:00,77563.99,77564.0,77559.96,77559.97,0.3659
2026-04-26 02:26:00,77559.97,77559.97,77559.96,77559.96,1.55484
2026-04-26 02:27:00,77559.97,77559.97,77559.96,77559.97,0.37902
2026-04-26 02:28:00,77559.97,77559.97,77559.96,77559.97,0.24198
2026-04-26 02:29:00,77559.96,77559.97,77555.77,77559.97,0.62659
2026-04-26 02:30:00,77559.96,77559.97,77559.96,77559.97,1.15239
2026-04-26 02:31:00,77559.97,77559.97,77559.96,77559.96,0.45342
2026-04-26 02:32:00,77559.97,77584.43,77559.96,77576.31,2.26749
2026-04-26 02:33:00,77576.31,77576.31,77568.23,77568.24,0.35885
2026-04-26 02:34:00,77568.24,77568.24,77561.0,77561.0,1.01121
2026-04-26 02:35:00,77561.01,77561.01,77561.0,77561.01,0.60285
2026-04-26 02:36:00,77561.0,77561.01,77552.92,77552.92,1.51123
2026-04-26 02:37:00,77552.92,77552.93,77552.92,77552.93,0.2376
2026-04-26 02:38:00,77552.92,77552.93,77552.92,77552.92,1.3654
2026-04-26 02:39:00,77552.93,77552.93,77552.92,77552.92,0.59711
2026-04-26 02:40:00,77552.92,77552.93,77541.87,77541.87,1.15825
2026-04-26 02:41:00,77541.88,77541.88,77526.09,77526.09,1.10529
2026-04-26 02:42:00,77526.1,77526.1,77523.13,77525.28,1.11253
2026-04-26 02:43:00,77525.29,77530.39,77522.23,77522.24,1.65767
2026-04-26 02:44:00,77522.24,77522.24,77522.23,77522.24,0.97792
2026-04-26 02:45:00,77522.24,77522.24,77508.72,77508.72,1.88198
2026-04-26 02:46:00,77508.72,77508.73,77488.96,77488.96,3.77902
2026-04-26 02:47:00,77488.96,77493.25,77478.08,77493.24,1.10869
2026-04-26 02:48:00,77493.25,77502.36,77493.24,77502.36,0.42577
2026-04-26 02:49:00,77502.36,77502.36,77497.85,77497.86,1.5327
2026-04-26 02:50:00,77497.85,77497.86,77497.85,77497.86,0.35427
2026-04-26 02:51:00,77497.85,77514.62,77497.85,77514.62,6.96676
2026-04-26 02:52:00,77514.61,77519.63,77514.61,77519.62,0.45231
2026-04-26 02:53:00,77519.63,77519.63,77517.19,77517.2,0.36683
2026-04-26 02:54:00,77517.2,77517.2,77500.85,77505.43,1.59785
2026-04-26 02:55:00,77505.43,77505.43,77488.37,77497.95,0.85427
2026-04-26 02:56:00,77497.94,77500.0,77497.94,77499.99,0.84667
2026-04-26 02:57:00,77500.0,77500.0,77498.33,77498.33,0.69584
2026-04-26 02:58:00,77498.34,77498.34,77498.33,77498.33,1.56083
2026-04-26 02:59:00,77498.33,77512.67,77498.33,77512.67,3.58403
2026-04-26 03:00:00,77512.67,77518.55,77494.51,77494.52,2.53262
2026-04-26 03:01:00,77494.52,77494.52,77494.51,77494.51,0.45045
2026-04-26 03:02:00,77494.52,77494.52,77494.51,77494.52,0.60103
2026-04-26 03:03:00,77494.52,77494.52,77494.51,77494.51,1.24822
2026-04-26 03:04:00,77494.51,77494.52,77494.51,77494.52,0.5359
2026-04-26 03:05:00,77494.52,77494.52,77494.51,77494.52,0.30853
2026-04-26 03:06:00,77494.52,77494.52,77483.06,77484.91,9.1994
2026-04-26 03:07:00,77484.9,77484.91,77484.9,77484.9,0.40911
2026-04-26 03:08:00,77484.91,77492.9,77484.9,77487.61,8.69668
2026-04-26 03:09:00,77487.61,77501.45,77487.61,77501.44,3.33755
2026-04-26 03:10:00,77501.44,77501.45,77494.95,77500.0,5.57246
2026-04-26 03:11:00,77500.01,77500.01,77500.0,77500.0,0.82682
2026-04-26 03:12:00,77500.0,77500.01,77500.0,77500.01,0.80341
2026-04-26 03:13:00,77500.01,77518.52,77500.0,77518.52,1.8185
2026-04-26 03:14:00,77518.51,77526.99,77518.51,77526.98,6.811
2026-04-26 03:15:00,77526.99,77526.99,77526.98,77526.98,0.54869
2026-04-26 03:16:00,77526.99,77541.96,77526.98,77541.96,2.07358
2026-04-26 03:17:00,77541.96,77541.96,77541.95,77541.96,0.46265
2026-04-26 03:18:00,77541.95,77541.96,77541.95,77541.95,0.65412
2026-04-26 03:19:00,77541.96,77541.96,77523.51,77523.52,9.31526
2026-04-26 03:20:00,77523.52,77525.79,77523.51,77525.79,0.56856
2026-04-26 03:21:00,77525.79,77525.79,77525.78,77525.78,0.8679
2026-04-26 03:22:00,77525.79,77525.79,77514.65,77514.65,0.84213
2026-04-26 03:23:00,77514.65,77514.65,77511.07,77511.07,0.36292
2026-04-26 03:24:00,77511.08,77514.52,77511.07,77514.51,0.67124
2026-04-26 03:25:00,77514.52,77514.52,77497.45,77497.45,1.37081
2026-04-26 03:26:00,77497.45,77497.46,77495.68,77495.68,0.40398
2026-04-26 03:27:00,77495.68,77495.69,77495.68,77495.68,0.31416
2026-04-26 03:28:00,77495.69,77495.69,77487.61,77487.62,1.2605
2026-04-26 03:29:00,77487.62,77487.62,77425.39,77432.65,5.77504
2026-04-26 03:30:00,77432.66,77432.66,77403.29,77403.29,3.97842
2026-04-26 03:31:00,77403.29,77410.16,77403.29,77410.16,1.67433
2026-04-26 03:32:00,77410.16,77425.63,77404.06,77404.06,2.56551
2026-04-26 03:33:00,77404.07,77404.07,77404.06,77404.07,0.35424
2026-04-26 03:34:00,77404.06,77404.07,77352.33,77371.11,10.38159
2026-04-26 03:35:00,77371.22,77378.77,77326.51,77353.63,8.57562
2026-04-26 03:36:00,77353.62,77374.08,77328.85,77328.86,6.68667
2026-04-26 03:37:00,77328.86,77358.68,77328.85,77345.84,6.6638
2026-04-26 03:38:00,77345.83,77349.76,77328.74,77349.75,2.76688
2026-04-26 03:39:00,77349.76,77357.38,77344.65,77357.07,0.75384
2026-04-26 03:40:00,77357.06,77359.35,77352.91,77359.35,0.79314
2026-04-26 03:41:00,77359.34,77360.0,77359.34,77360.0,1.67913
2026-04-26 03:42:00,77359.99,77367.55,77359.99,77367.55,0.61062
2026-04-26 03:43:00,77367.55,77380.0,77367.55,77379.99,0.86083
2026-04-26 03:44:00,77380.0,77380.0,77379.99,77380.0,0.61442
2026-04-26 03:45:00,77380.0,77380.0,77367.94,77367.94,3.61916
2026-04-26 03:46:00,77367.95,77375.99,77367.94,77375.98,1.47854
2026-04-26 03:47:00,77375.99,77378.11,77375.98,77378.11,0.41327
2026-04-26 03:48:00,77378.1,77379.59,77378.1,77379.59,0.32989
2026-04-26 03:49:00,77379.58,77379.59,77379.58,77379.59,0.54617
2026-04-26 03:50:00,77379.59,77379.59,77379.58,77379.58,0.46522
2026-04-26 03:51:00,77379.59,77400.86,77379.58,77387.8,4.81928
2026-04-26 03:52:00,77387.81,77387.81,77380.01,77380.01,1.9532
2026-04-26 03:53:00,77380.01,77380.02,77374.65,77374.66,1.18878
2026-04-26 03:54:00,77374.66,77382.53,77374.65,77382.52,0.68857
2026-04-26 03:55:00,77382.52,77404.06,77382.52,77404.05,6.61956
2026-04-26 03:56:00,77404.06,77409.47,77400.21,77400.21,1.00401
2026-04-26 03:57:00,77400.21,77405.62,77400.21,77405.62,0.96495
2026-04-26 03:58:00,77405.62,77420.39,77405.61,77420.38,0.79864
2026-04-26 03:59:00,77420.38,77420.39,77400.21,77400.21,4.28261
2026-04-26 04:00:00,77400.21,77400.21,77383.46,77383.46,1.42919
2026-04-26 04:01:00,77383.46,77388.65,77383.46,77388.65,0.86737
2026-04-26 04:02:00,77388.65,77403.44,77388.64,77403.43,1.80076
2026-04-26 04:03:00,77403.44,77418.78,77403.44,77405.77,3.30252
2026-04-26 04:04:00,77405.77,77414.89,77393.24,77393.25,3.18502
2026-04-26 04:05:00,77393.25,77399.06,77393.24,77399.05,0.9469
2026-04-26 04:06:00,77399.05,77420.39,77399.05,77419.99,2.94615
2026-04-26 04:07:00,77420.0,77432.2,77419.99,77432.2,0.70602
2026-04-26 04:08:00,77432.2,77448.64,77432.2,77445.45,2.05189
2026-04-26 04:09:00,77445.46,77445.46,77445.45,77445.46,0.36198
2026-04-26 04:10:00,77445.46,77445.46,77445.45,77445.46,2.7625
2026-04-26 04:11:00,77445.46,77472.0,77445.45,77471.99,1.29605
2026-04-26 04:12:00,77472.0,77494.52,77471.99,77492.04,1.86796
2026-04-26 04:13:00,77492.04,77492.05,77490.53,77490.53,1.81781
2026-04-26 04:14:00,77490.53,77490.54,77476.88,77476.89,0.91038
2026-04-26 04:15:00,77476.89,77484.64,77476.88,77484.64,0.44171
2026-04-26 04:16:00,77484.63,77487.64,77483.44,77483.45,1.67484
2026-04-26 04:17:00,77483.45,77483.45,77483.44,77483.45,0.5263
2026-04-26 04:18:00,77483.45,77483.45,77483.44,77483.45,0.40135
2026-04-26 04:19:00,77483.44,77487.11,77473.01,77487.1,5.00008
2026-04-26 04:20:00,77487.11,77487.11,77487.1,77487.11,0.47426
2026-04-26 04:21:00,77487.11,77487.11,77487.1,77487.1,0.76688
2026-04-26 04:22:00,77487.1,77487.11,77487.1,77487.1,0.80573
2026-04-26 04:23:00,77487.1,77487.11,77487.1,77487.11,0.6181
2026-04-26 04:24:00,77487.11,77494.86,77487.1,77494.86,8.24567
2026-04-26 04:25:00,77494.85,77494.86,77481.99,77482.0,1.49354
2026-04-26 04:26:00,77481.99,77482.0,77481.99,77481.99,0.83
2026-04-26 04:27:00,77481.99,77482.0,77476.79,77476.79,1.05908
2026-04-26 04:28:00,77476.8,77476.8,77476.79,77476.79,0.27455
2026-04-26 04:29:00,77476.8,77481.98,77476.79,77481.97,5.27251
2026-04-26 04:30:00,77481.97,77481.98,77433.87,77438.91,4.44438
2026-04-26 04:31:00,77438.91,77451.82,77438.91,77451.82,1.16997
2026-04-26 04:32:00,77451.82,77451.82,77451.8,77451.81,1.68801
2026-04-26 04:33:00,77451.8,77451.81,77438.58,77438.58,1.50874
2026-04-26 04:34:00,77438.58,77442.38,77435.06,77442.38,2.17547
2026-04-26 04:35:00,77442.38,77442.38,77442.37,77442.38,0.34268
2026-04-26 04:36:00,77442.37,77454.42,77442.37,77454.42,0.80232
2026-04-26 04:37:00,77454.42,77467.24,77454.42,77467.23,1.91897
2026-04-26 04:38:00,77467.24,77467.24,77467.23,77467.23,0.5751
2026-04-26 04:39:00,77467.24,77467.24,77461.76,77461.76,4.05813
2026-04-26 04:40:00,77461.76,77505.41,77461.76,77505.4,4.43398
2026-04-26 04:41:00,77505.41,77510.0,77497.94,77510.0,1.15754
2026-04-26 04:42:00,77510.0,77522.42,77510.0,77522.42,0.84278
2026-04-26 04:43:00,77522.42,77522.42,77512.02,77517.93,1.37017
2026-04-26 04:44:00,77517.94,77517.94,77517.93,77517.94,1.55396
2026-04-26 04:45:00,77517.94,77517.94,77517.93,77517.94,0.51057
2026-04-26 04:46:00,77517.94,77525.33,77517.93,77525.32,3.71437
2026-04-26 04:47:00,77525.33,77608.42,77525.32,77601.26,14.42027
2026-04-26 04:48:00,77601.26,77768.86,77588.05,77768.86,52.17317
2026-04-26 04:49:00,77768.85,77800.0,77731.44,77742.53,14.61021
2026-04-26 04:50:00,77742.53,77742.54,77695.16,77701.74,8.82483
2026-04-26 04:51:00,77701.75,77765.22,77701.75,77761.19,3.17344
2026-04-26 04:52:00,77761.19,77806.26,77733.54,77802.22,25.05561
2026-04-26 04:53:00,77802.22,77814.43,77784.53,77784.54,4.3383
2026-04-26 04:54:00,77784.53,77807.06,77784.53,77792.38,3.17709
2026-04-26 04:55:00,77792.39,77793.25,77758.0,77763.2,4.84622
2026-04-26 04:56:00,77763.2,77780.55,77747.15,77747.16,1.96337
2026-04-26 04:57:00,77747.16,77777.16,77747.16,77777.15,3.31729
2026-04-26 04:58:00,77777.15,77777.16,77764.84,77773.95,3.88164
2026-04-26 04:59:00,77774.29,77774.3,77774.29,77774.29,0.88628
2026-04-26 05:00:00,77774.29,77776.59,77739.98,77739.98,12.46779
2026-04-26 05:01:00,77739.99,77750.3,77735.9,77735.91,8.8784
2026-04-26 05:02:00,77735.9,77747.17,77735.9,77747.16,2.66765
2026-04-26 05:03:00,77747.15,77747.16,77720.21,77729.78,7.41495
2026-04-26 05:04:00,77726.09,77729.83,77719.77,77729.82,1.12155
2026-04-26 05:05:00,77729.83,77729.83,77729.82,77729.82,0.53476
2026-04-26 05:06:00,77729.82,77752.24,77729.82,77752.23,2.38621
2026-04-26 05:07:00,77752.23,77752.24,77752.23,77752.24,2.59781
2026-04-26 05:08:00,77752.23,77755.01,77737.44,77755.0,6.46914
2026-04-26 05:09:00,77755.01,77830.0,77755.01,77799.99,11.09595
2026-04-26 05:10:00,77800.0,77800.0,77794.09,77794.1,3.5586
2026-04-26 05:11:00,77794.1,78042.79,77794.09,78040.52,76.62032
2026-04-26 05:12:00,78040.52,78064.98,77944.18,78006.1,110.2297
2026-04-26 05:13:00,78006.09,78141.51,77995.8,78121.54,34.9212
2026-04-26 05:14:00,78121.53,78150.0,78074.7,78138.86,21.38286
2026-04-26 05:15:00,78138.86,78173.15,78065.89,78070.67,30.11756
2026-04-26 05:16:00,78070.67,78096.42,78047.31,78060.5,14.7392
2026-04-26 05:17:00,78060.49,78166.45,78042.08,78068.44,19.70507
2026-04-26 05:18:00,78068.44,78082.59,78026.58,78059.98,35.13842
2026-04-26 05:19:00,78059.99,78148.06,78042.22,78139.4,30.83454
2026-04-26 05:20:00,78139.39,78151.93,78095.47,78149.29,20.25944
2026-04-26 05:21:00,78149.28,78149.29,78077.81,78110.27,22.91372
2026-04-26 05:22:00,78110.28,78110.28,78076.93,78076.94,9.67825
2026-04-26 05:23:00,78076.93,78076.94,78040.38,78075.66,8.72889
2026-04-26 05:24:00,78075.66,78075.66,78034.9,78047.2,15.84919
2026-04-26 05:25:00,78047.21,78047.21,78034.91,78044.9,5.38994
2026-04-26 05:26:00,78044.89,78117.99,78044.89,78111.94,19.18745
2026-04-26 05:27:00,78111.95,78158.63,78111.94,78158.62,7.58324
2026-04-26 05:28:00,78158.62,78200.0,78123.97,78123.98,21.49207
2026-04-26 05:29:00,78123.98,78123.98,78100.37,78100.37,4.0945
2026-04-26 05:30:00,78100.38,78190.0,78100.38,78126.75,19.17162
2026-04-26 05:31:00,78126.75,78126.75,78074.0,78086.35,4.84444
2026-04-26 05:32:00,78086.35,78086.36,78060.49,78067.18,5.57908
2026-04-26 05:33:00,78067.19,78067.19,78050.0,78064.17,9.43811
2026-04-26 05:34:00,78064.17,78083.97,78064.17,78080.18,3.99674
2026-04-26 05:35:00,78080.17,78081.34,78077.52,78077.53,6.62831
2026-04-26 05:36:00,78077.52,78077.53,78040.16,78040.17,9.49741
2026-04-26 05:37:00,78040.16,78054.0,78019.22,78029.54,7.66646
2026-04-26 05:38:00,78029.54,78050.0,78029.53,78049.99,3.10143
2026-04-26 05:39:00,78050.0,78058.0,78042.89,78058.0,3.37514
2026-04-26 05:40:00,78058.31,78065.1,78042.89,78042.9,2.89504
2026-04-26 05:41:00,78042.9,78042.9,78042.89,78042.89,1.0482
2026-04-26 05:42:00,78042.9,78043.0,78039.99,78042.99,8.02624
2026-04-26 05:43:00,78042.99,78044.0,78042.99,78043.0,3.13557
2026-04-26 05:44:00,78043.0,78044.0,78042.99,78044.0,2.22017
2026-04-26 05:45:00,78043.99,78049.0,78042.99,78042.99,8.57193
2026-04-26 05:46:00,78042.99,78043.0,78000.0,78000.01,4.14375
2026-04-26 05:47:00,78000.0,78029.11,78000.0,78029.11,22.84473
2026-04-26 05:48:00,78029.11,78041.18,78025.25,78031.32,6.60991
2026-04-26 05:49:00,78031.32,78052.0,78031.32,78052.0,13.14149
2026-04-26 05:50:00,78052.0,78052.0,78028.7,78042.85,8.01397
2026-04-26 05:51:00,78042.85,78042.86,78018.27,78018.28,9.60742
2026-04-26 05:52:00,78018.28,78025.0,78012.48,78025.0,3.69306
2026-04-26 05:53:00,78025.0,78025.0,78021.73,78021.74,1.54515
2026-04-26 05:54:00,78021.73,78021.74,78012.48,78012.48,0.6562
2026-04-26 05:55:00,78012.48,78012.49,78006.0,78006.0,2.30678
2026-04-26 05:56:00,78006.0,78006.01,78000.0,78000.0,5.99529
2026-04-26 05:57:00,78000.01,78000.01,77991.97,77991.98,43.14052
2026-04-26 05:58:00,77991.98,78007.0,77991.97,78006.99,4.7037
2026-04-26 05:59:00,78007.0,78007.0,77983.3,77983.31,3.41014
2026-04-26 06:00:00,77983.31,78036.0,77983.31,78033.41,18.33899
2026-04-26 06:01:00,78033.41,78033.41,78023.14,78033.4,4.63091
2026-04-26 06:02:00,78033.41,78034.0,78020.28,78020.29,3.5455
2026-04-26 06:03:00,78020.28,78020.29,78020.28,78020.28,1.9429
2026-04-26 06:04:00,78020.28,78038.0,78020.28,78037.99,7.71123
2026-04-26 06:05:00,78038.0,78038.0,78028.29,78028.29,4.26253
2026-04-26 06:06:00,78028.29,78028.3,78028.29,78028.29,2.01741
2026-04-26 06:07:00,78028.29,78028.3,78018.45,78018.45,1.12105
2026-04-26 06:08:00,78018.46,78018.46,78018.45,78018.46,1.03264
2026-04-26 06:09:00,78018.46,78018.46,78000.86,78000.87,1.997
2026-04-26 06:10:00,78000.86,78010.53,78000.86,78003.76,2.56363
2026-04-26 06:11:00,78003.77,78005.0,78003.76,78005.0,0.61237
2026-04-26 06:12:00,78005.0,78005.0,78004.99,78005.0,0.45818
2026-04-26 06:13:00,78005.0,78030.0,78004.99,78029.99,13.65515
2026-04-26 06:14:00,78029.99,78030.0,78015.24,78015.24,1.07667
2026-04-26 06:15:00,78015.25,78015.25,78007.84,78007.85,3.08601
2026-04-26 06:16:00,78007.84,78007.85,78007.84,78007.84,0.67856
2026-04-26 06:17:00,78007.84,78007.85,77980.41,77980.41,1.65187
2026-04-26 06:18:00,77980.42,77980.42,77960.24,77960.25,0.96357
2026-04-26 06:19:00,77960.25,77960.25,77927.23,77938.35,2.96136
2026-04-26 06:20:00,77938.36,77953.95,77938.35,77953.94,1.69576
2026-04-26 06:21:00,77953.94,77957.74,77940.25,77940.25,2.85227
2026-04-26 06:22:00,77940.25,77940.26,77940.24,77940.25,1.04612
2026-04-26 06:23:00,77940.24,77940.25,77934.69,77934.69,0.33274
2026-04-26 06:24:00,77934.69,77938.58,77926.8,77931.38,1.87034
2026-04-26 06:25:00,77931.38,77938.1,77931.38,77938.09,1.54725
2026-04-26 06:26:00,77938.09,77947.61,77938.09,77947.61,1.05167
2026-04-26 06:27:00,77947.6,77969.92,77947.6,77969.91,1.75671
2026-04-26 06:28:00,77969.92,77976.56,77966.43,77966.43,1.20706
2026-04-26 06:29:00,77966.43,77966.44,77938.67,77948.99,4.13393
2026-04-26 06:30:00,77948.99,77961.61,77948.98,77961.6,1.55722
2026-04-26 06:31:00,77961.6,77961.61,77961.6,77961.6,0.52368
2026-04-26 06:32:00,77961.61,77961.61,77957.96,77957.97,0.7239
2026-04-26 06:33:00,77957.96,77957.96,77944.37,77944.37,0.85936
2026-04-26 06:34:00,77944.38,77944.38,77938.37,77938.37,1.27405
2026-04-26 06:35:00,77938.38,77938.38,77938.37,77938.38,0.6817
2026-04-26 06:36:00,77938.38,77938.38,77934.64,77934.64,0.95849
2026-04-26 06:37:00,77934.64,77956.82,77930.03,77956.81,3.02017
2026-04-26 06:38:00,77956.82,77974.74,77956.81,77974.73,1.79071
2026-04-26 06:39:00,77974.74,77975.05,77974.73,77975.05,1.22849
2026-04-26 06:40:00,77975.05,78005.0,77975.05,77991.14,4.51312
2026-04-26 06:41:00,77991.15,78019.99,77991.14,78019.99,7.87623
2026-04-26 06:42:00,78020.0,78045.0,78019.99,78027.48,17.50689
2026-04-26 06:43:00,78027.47,78027.48,78012.0,78012.0,1.5936
2026-04-26 06:44:00,78012.01,78012.01,78012.0,78012.01,0.60242
2026-04-26 06:45:00,78012.01,78013.0,78012.0,78012.99,0.90684
2026-04-26 06:46:00,78013.0,78013.0,78002.01,78002.01,1.06015
2026-04-26 06:47:00,78002.02,78002.02,77940.74,77940.75,9.0688
2026-04-26 06:48:00,77940.75,77940.75,77936.44,77936.45,1.89796
2026-04-26 06:49:00,77936.45,77950.47,77930.86,77930.86,6.99157
2026-04-26 06:50:00,77930.87,77930.87,77913.0,77913.58,8.14054
2026-04-26 06:51:00,77913.59,77913.59,77899.45,77899.46,5.09536
2026-04-26 06:52:00,77899.45,77912.29,77899.45,77912.29,7.80127
2026-04-26 06:53:00,77912.28,77985.78,77912.28,77985.78,4.55238
2026-04-26 06:54:00,77985.78,77994.44,77969.25,77969.51,4.27952
2026-04-26 06:55:00,77969.51,77969.51,77962.42,77969.5,7.23751
2026-04-26 06:56:00,77969.5,78000.0,77969.5,77999.99,3.99868
2026-04-26 06:57:00,78000.0,78003.0,77984.34,77984.34,6.16635
2026-04-26 06:58:00,77984.34,77992.16,77984.34,77992.16,1.02636
2026-04-26 06:59:00,77992.16,77999.05,77992.15,77999.04,1.28352
2026-04-26 07:00:00,77999.04,78021.0,77999.04,78019.27,9.33645
2026-04-26 07:01:00,78019.27,78020.0,78008.02,78020.0,2.52233
2026-04-26 07:02:00,78020.0,78020.0,78019.99,78020.0,1.48192
2026-04-26 07:03:00,78020.0,78020.0,78006.53,78006.53,3.02176
2026-04-26 07:04:00,78006.53,78013.43,78000.0,78000.01,1.14711
2026-04-26 07:05:00,78000.01,78014.0,77999.04,78014.0,6.11004
2026-04-26 07:06:00,78014.0,78014.0,78009.94,78009.95,1.57515
2026-04-26 07:07:00,78009.94,78009.95,77999.05,77999.05,4.79469
2026-04-26 07:08:00,77999.05,77999.06,77987.15,77987.16,0.90118
2026-04-26 07:09:00,77987.15,77987.16,77987.15,77987.16,0.50031
2026-04-26 07:10:00,77987.16,78000.0,77987.15,77999.99,1.85334
2026-04-26 07:11:00,78000.0,78009.95,77999.99,78009.95,9.46916
2026-04-26 07:12:00,78009.95,78009.95,78009.94,78009.95,2.33648
2026-04-26 07:13:00,78009.94,78009.95,78009.94,78009.95,0.58153
2026-04-26 07:14:00,78009.95,78010.0,78009.94,78009.99,5.06711
2026-04-26 07:15:00,78009.99,78012.0,78009.99,78012.0,7.80129
2026-04-26 07:16:00,78011.99,78019.0,78011.99,78019.0,8.36403
2026-04-26 07:17:00,78019.0,78021.0,78018.99,78020.99,4.50119
2026-04-26 07:18:00,78021.0,78022.0,78009.38,78009.38,2.11346
2026-04-26 07:19:00,78009.39,78009.39,77988.97,77999.79,2.16732
2026-04-26 07:20:00,77999.79,78005.0,77999.79,78004.99,2.45007
2026-04-26 07:21:00,78005.0,78022.0,78004.99,78022.0,5.85903
2026-04-26 07:22:00,78021.99,78029.77,78021.99,78023.14,2.37956
2026-04-26 07:23:00,78023.15,78023.15,78023.14,78023.14,2.17131
2026-04-26 07:24:00,78023.14,78023.15,78013.38,78013.39,2.11775
2026-04-26 07:25:00,78013.39,78013.39,78013.38,78013.38,0.48964
2026-04-26 07:26:00,78013.38,78013.39,78000.0,78000.0,1.43887
2026-04-26 07:27:00,78000.0,78000.01,78000.0,78000.0,0.33646
2026-04-26 07:28:00,78000.0,78000.01,78000.0,78000.0,1.13992
2026-04-26 07:29:00,78000.01,78000.01,77998.0,77998.01,1.74883
2026-04-26 07:30:00,77998.01,77998.01,77987.15,77987.15,2.50859
2026-04-26 07:31:00,77987.15,77987.16,77984.0,77984.0,0.93545
2026-04-26 07:32:00,77984.0,77984.01,77971.47,77971.48,2.19261
2026-04-26 07:33:00,77971.48,77971.48,77971.47,77971.47,0.65816
2026-04-26 07:34:00,77971.47,77971.48,77971.47,77971.47,0.45305
2026-04-26 07:35:00,77971.47,77971.48,77968.36,77968.36,2.41221
2026-04-26 07:36:00,77968.36,77969.0,77968.36,77968.99,0.57153
2026-04-26 07:37:00,77968.99,77969.0,77968.98,77968.98,3.21193
2026-04-26 07:38:00,77968.98,77986.81,77968.98,77986.8,1.38181
2026-04-26 07:39:00,77986.8,77986.81,77976.26,77976.26,2.51401
2026-04-26 07:40:00,77976.26,77976.27,77976.25,77976.25,0.90767
2026-04-26 07:41:00,77976.25,77981.89,77976.25,77981.88,1.23535
2026-04-26 07:42:00,77981.88,77981.89,77981.88,77981.88,1.07156
2026-04-26 07:43:00,77981.89,77981.89,77981.88,77981.88,0.85181
2026-04-26 07:44:00,77981.88,77981.89,77980.54,77980.54,3.11249
2026-04-26 07:45:00,77980.54,77980.55,77980.54,77980.54,1.16529
2026-04-26 07:46:00,77980.55,77980.55,77980.54,77980.54,0.27591
2026-04-26 07:47:00,77980.54,77980.55,77974.13,77974.14,3.94226
2026-04-26 07:48:00,77974.13,77974.14,77974.13,77974.13,0.19283
2026-04-26 07:49:00,77974.13,77987.13,77974.13,77987.12,3.31289
2026-04-26 07:50:00,77987.12,77995.98,77987.12,77995.97,0.60872
2026-04-26 07:51:00,77995.97,78043.28,77995.97,78043.27,5.39931
2026-04-26 07:52:00,78043.28,78070.0,78043.27,78069.99,7.04252
2026-04-26 07:53:00,78070.0,78070.0,78058.75,78058.75,11.731
2026-04-26 07:54:00,78058.76,78060.0,78053.4,78053.4,3.0047
2026-04-26 07:55:00,78053.41,78088.01,78053.4,78084.99,3.0415
2026-04-26 07:56:00,78084.99,78121.45,78084.99,78114.51,9.8568
2026-04-26 07:57:00,78114.52,78114.52,78088.96,78098.26,2.81783
2026-04-26 07:58:00,78098.26,78105.12,78091.52,78091.52,2.00887
2026-04-26 07:59:00,78091.52,78102.54,78091.52,78102.53,1.41535
2026-04-26 08:00:00,78102.53,78114.66,78084.73,78084.74,5.97115
2026-04-26 08:01:00,78084.74,78109.44,78084.73,78104.96,4.59299
2026-04-26 08:02:00,78104.95,78110.0,78101.44,78101.45,6.35512
2026-04-26 08:03:00,78101.45,78107.86,78101.44,78107.85,0.60735
2026-04-26 08:04:00,78107.86,78109.54,78107.86,78109.53,2.24022
2026-04-26 08:05:00,78109.53,78138.43,78109.53,78112.0,5.16553
2026-04-26 08:06:00,78112.0,78117.6,78111.99,78112.09,7.97421
2026-04-26 08:07:00,78112.09,78112.09,78112.08,78112.09,1.7756
2026-04-26 08:08:00,78112.09,78112.09,78073.38,78081.61,13.96921
2026-04-26 08:09:00,78081.62,78081.62,78079.18,78081.59,3.12235
2026-04-26 08:10:00,78081.59,78081.6,78042.96,78056.85,10.47383
2026-04-26 08:11:00,78056.85,78064.24,78040.37,78064.23,2.87541
2026-04-26 08:12:00,78064.24,78064.24,78064.23,78064.24,1.73185
2026-04-26 08:13:00,78064.24,78077.88,78064.24,78077.88,1.24188
2026-04-26 08:14:00,78077.88,78077.88,78077.87,78077.87,1.65522
2026-04-26 08:15:00,78077.88,78084.02,78077.87,78084.01,1.29775
2026-04-26 08:16:00,78084.01,78084.02,78055.13,78055.13,6.71223
2026-04-26 08:17:00,78055.14,78055.14,78055.13,78055.14,2.3648
2026-04-26 08:18:00,78055.14,78055.14,78050.6,78050.61,0.56325
2026-04-26 08:19:00,78050.61,78055.14,78050.6,78050.6,1.49619
2026-04-26 08:20:00,78050.61,78050.61,78047.53,78047.54,2.80511
2026-04-26 08:21:00,78047.53,78047.54,78047.53,78047.53,3.16939
2026-04-26 08:22:00,78047.53,78047.54,78031.0,78044.99,4.20954
2026-04-26 08:23:00,78044.99,78047.54,78025.76,78047.53,10.66496
2026-04-26 08:24:00,78047.54,78047.54,78044.98,78044.99,1.47012
2026-04-26 08:25:00,78044.99,78071.64,78044.99,78067.96,2.88225
2026-04-26 08:26:00,78067.96,78067.96,78067.95,78067.96,0.33775
2026-04-26 08:27:00,78067.96,78079.45,78067.95,78079.44,0.69587
2026-04-26 08:28:00,78079.44,78087.47,78079.44,78087.47,2.01054
2026-04-26 08:29:00,78087.47,78087.47,78087.46,78087.46,2.5972
2026-04-26 08:30:00,78087.46,78087.47,78069.17,78080.85,4.84281
2026-04-26 08:31:00,78080.85,78100.0,78080.85,78099.99,1.31565
2026-04-26 08:32:00,78100.0,78115.25,78099.99,78115.24,3.29014
2026-04-26 08:33:00,78115.25,78115.25,78115.24,78115.24,1.46728
2026-04-26 08:34:00,78115.24,78132.0,78115.24,78132.0,7.85081
2026-04-26 08:35:00,78132.0,78151.56,78131.99,78149.86,5.99315
2026-04-26 08:36:00,78149.87,78210.0,78149.86,78197.38,30.0706
2026-04-26 08:37:00,78197.38,78200.67,78186.0,78186.0,2.64795
2026-04-26 08:38:00,78186.0,78186.01,78160.11,78160.11,5.33509
2026-04-26 08:39:00,78160.11,78160.12,78146.24,78146.24,5.68075
2026-04-26 08:40:00,78146.25,78154.06,78120.0,78120.0,10.13797
2026-04-26 08:41:00,78120.01,78134.33,78080.19,78085.98,14.8912
2026-04-26 08:42:00,78085.98,78085.99,78019.65,78039.27,29.48622
2026-04-26 08:43:00,78039.26,78042.0,78023.35,78042.0,2.86998
2026-04-26 08:44:00,78041.99,78049.99,78041.99,78044.0,3.15817
2026-04-26 08:45:00,78044.0,78044.0,78043.99,78044.0,0.75827
2026-04-26 08:46:00,78043.99,78044.0,78023.39,78023.39,3.70085
2026-04-26 08:47:00,78023.39,78044.0,78023.39,78031.01,2.39329
2026-04-26 08:48:00,78031.02,78040.91,78031.02,78039.0,0.5142
2026-04-26 08:49:00,78039.0,78039.01,78039.0,78039.0,0.71081
2026-04-26 08:50:00,78039.0,78039.01,78031.21,78031.21,2.90046
2026-04-26 08:51:00,78031.22,78031.22,78031.21,78031.22,0.45788
2026-04-26 08:52:00,78031.21,78038.94,78023.4,78038.94,2.75923
2026-04-26 08:53:00,78038.93,78038.94,78038.93,78038.94,1.15887
2026-04-26 08:54:00,78038.93,78051.66,78038.93,78051.65,1.82631
2026-04-26 08:55:00,78051.65,78051.66,78048.18,78048.18,1.12763
2026-04-26 08:56:00,78048.18,78048.19,78031.21,78031.21,2.04412
2026-04-26 08:57:00,78031.21,78031.22,78031.21,78031.21,1.48676
2026-04-26 08:58:00,78031.22,78038.43,78031.21,78038.42,1.54764
2026-04-26 08:59:00,78038.43,78038.43,78032.59,78032.59,0.51177
2026-04-26 09:00:00,78032.59,78032.59,78015.58,78015.61,4.42037
2026-04-26 09:01:00,78015.61,78015.61,78015.6,78015.6,0.50972
2026-04-26 09:02:00,78015.61,78015.61,78000.0,78000.01,2.90854
2026-04-26 09:03:00,78000.0,78015.6,77981.56,78015.58,6.08228
2026-04-26 09:04:00,78015.58,78015.59,78004.12,78004.13,0.67874
2026-04-26 09:05:00,78004.12,78015.6,78004.12,78015.58,1.9453
2026-04-26 09:06:00,78015.58,78015.58,78000.0,78000.01,1.37568
2026-04-26 09:07:00,78000.01,78000.01,77980.54,77996.52,3.50283
2026-04-26 09:08:00,77996.51,77996.52,77979.27,77979.28,3.34475
2026-04-26 09:09:00,77979.27,77979.28,77969.56,77977.13,2.89845
2026-04-26 09:10:00,77977.14,77979.83,77977.13,77979.83,1.64886
2026-04-26 09:11:00,77979.83,77989.17,77979.82,77989.16,2.68947
2026-04-26 09:12:00,77989.17,77989.17,77989.16,77989.16,1.14544
2026-04-26 09:13:00,77989.17,78009.73,77989.16,78009.73,2.58618
2026-04-26 09:14:00,78009.73,78009.74,78009.73,78009.73,1.75307
2026-04-26 09:15:00,78009.73,78015.59,78009.73,78015.58,1.33034
2026-04-26 09:16:00,78015.58,78015.59,78015.58,78015.58,1.04091
2026-04-26 09:17:00,78015.58,78015.59,78007.77,78007.77,1.04933
2026-04-26 09:18:00,78007.78,78015.59,78007.77,78015.58,0.94307
2026-04-26 09:19:00,78015.58,78015.59,77992.57,77992.58,1.03431
2026-04-26 09:20:00,77992.57,78015.58,77992.57,78015.58,2.25558
2026-04-26 09:21:00,78015.57,78015.59,78015.57,78015.58,2.4017
2026-04-26 09:22:00,78015.59,78015.59,78015.58,78015.58,0.24046
2026-04-26 09:23:00,78015.58,78015.59,78015.58,78015.59,1.70867
2026-04-26 09:24:00,78015.58,78015.59,78015.58,78015.59,0.98895
2026-04-26 09:25:00,78015.59,78015.59,78015.58,78015.58,0.4045
2026-04-26 09:26:00,78015.58,78034.96,78015.58,78034.95,2.68825
2026-04-26 09:27:00,78034.96,78058.45,78034.95,78041.18,3.61633
2026-04-26 09:28:00,78041.18,78041.18,78015.0,78015.01,5.49291
2026-04-26 09:29:00,78015.0,78021.07,78009.96,78009.97,14.19482
2026-04-26 09:30:00,78009.98,78010.0,78000.0,78002.78,8.95825
2026-04-26 09:31:00,78002.78,78002.79,77987.48,77987.49,1.83729
2026-04-26 09:32:00,77987.48,77987.49,77973.57,77973.57,3.04142
2026-04-26 09:33:00,77973.57,77980.08,77970.78,77978.47,4.87429
2026-04-26 09:34:00,77978.47,77978.48,77970.67,77970.68,1.31983
2026-04-26 09:35:00,77970.68,77970.68,77970.67,77970.68,1.92719
2026-04-26 09:36:00,77970.68,77970.9,77970.67,77970.89,2.62662
2026-04-26 09:37:00,77970.89,77970.9,77934.5,77949.99,11.64393
2026-04-26 09:38:00,77949.99,77952.55,77941.62,77947.74,5.29819
2026-04-26 09:39:00,77947.75,77952.55,77944.07,77952.54,1.37227
2026-04-26 09:40:00,77952.55,77952.55,77933.28,77933.28,3.2678
2026-04-26 09:41:00,77933.28,77949.41,77929.46,77929.48,5.22679
2026-04-26 09:42:00,77929.48,77929.48,77926.59,77926.6,3.0809
2026-04-26 09:43:00,77926.6,77974.45,77926.59,77974.45,4.55751
2026-04-26 09:44:00,77974.44,77981.6,77974.44,77976.34,1.41145
2026-04-26 09:45:00,77976.35,77976.35,77955.54,77955.55,3.8036
2026-04-26 09:46:00,77955.55,77967.92,77955.55,77967.91,6.56587
2026-04-26 09:47:00,77967.92,77967.92,77945.26,77955.78,1.78418
2026-04-26 09:48:00,77955.78,77960.0,77950.75,77952.68,2.36822
2026-04-26 09:49:00,77952.67,77961.81,77952.67,77961.8,1.24749
2026-04-26 09:50:00,77961.81,77969.56,77961.8,77969.55,2.4241
2026-04-26 09:51:00,77969.56,77994.0,77969.55,77989.6,5.60361
2026-04-26 09:52:00,77989.6,77989.6,77982.56,77982.57,1.03241
2026-04-26 09:53:00,77982.56,78000.0,77982.56,77999.99,1.77997
2026-04-26 09:54:00,78000.0,78000.0,77994.51,77994.51,1.52637
2026-04-26 09:55:00,77994.51,77995.3,77994.51,77995.29,0.88567
2026-04-26 09:56:00,77995.29,77995.3,77995.29,77995.3,0.30765
2026-04-26 09:57:00,77995.29,77995.3,77995.29,77995.3,0.35802
2026-04-26 09:58:00,77995.3,77995.3,77995.29,77995.29,0.35452
2026-04-26 09:59:00,77995.3,78000.0,77995.29,77999.99,1.43492
2026-04-26 10:00:00,78000.0,78000.0,77963.84,77963.84,6.04034
2026-04-26 10:01:00,77963.85,77963.85,77954.0,77962.41,0.47547
2026-04-26 10:02:00,77962.41,77962.42,77962.41,77962.42,0.55016
2026-04-26 10:03:00,77962.41,77972.54,77962.41,77972.53,0.47069
2026-04-26 10:04:00,77972.54,77972.54,77967.97,77967.97,0.73201
2026-04-26 10:05:00,77967.97,77967.98,77967.97,77967.97,0.25918
2026-04-26 10:06:00,77967.98,78014.31,77967.97,78014.31,11.76943
2026-04-26 10:07:00,78014.31,78050.11,78007.87,78050.0,11.64341
2026-04-26 10:08:00,78050.01,78050.02,78035.82,78035.82,4.05816
2026-04-26 10:09:00,78035.82,78050.19,78031.1,78031.11,3.1724
2026-04-26 10:10:00,78031.1,78036.21,78030.32,78030.33,0.43204
2026-04-26 10:11:00,78030.32,78047.29,78030.32,78035.3,2.66686
2026-04-26 10:12:00,78035.31,78042.99,78035.3,78037.31,0.50252
2026-04-26 10:13:00,78037.32,78045.13,78037.31,78040.13,0.47298
2026-04-26 10:14:00,78040.14,78040.14,78040.13,78040.14,0.34375
2026-04-26 10:15:00,78040.13,78047.29,78037.33,78037.34,1.19923
2026-04-26 10:16:00,78037.34,78037.34,78037.33,78037.33,0.28419
2026-04-26 10:17:00,78037.34,78037.34,78037.33,78037.34,0.9908
2026-04-26 10:18:00,78037.33,78037.34,78014.0,78019.18,0.91359
2026-04-26 10:19:00,78019.18,78040.09,78019.17,78028.52,2.42421
2026-04-26 10:20:00,78028.52,78033.53,78018.46,78033.52,3.27172
2026-04-26 10:21:00,78033.53,78033.53,78029.18,78029.19,0.87485
2026-04-26 10:22:00,78029.18,78030.5,78029.18,78030.49,0.35241
2026-04-26 10:23:00,78030.49,78030.5,78024.28,78024.29,1.17511
2026-04-26 10:24:00,78024.29,78024.29,78024.28,78024.29,0.74664
2026-04-26 10:25:00,78024.29,78029.19,78024.28,78029.19,0.23991
2026-04-26 10:26:00,78029.18,78029.19,78008.05,78008.05,1.50914
2026-04-26 10:27:00,78008.05,78008.06,78001.28,78008.05,5.89403
2026-04-26 10:28:00,78008.05,78008.06,78008.05,78008.05,0.6679
2026-04-26 10:29:00,78008.05,78008.06,78008.05,78008.05,0.45485
2026-04-26 10:30:00,78008.05,78008.06,78000.0,78000.0,0.79303
2026-04-26 10:31:00,78000.01,78000.01,78000.0,78000.01,0.56236
2026-04-26 10:32:00,78000.0,78000.01,78000.0,78000.01,0.54392
2026-04-26 10:33:00,78000.0,78000.01,78000.0,78000.0,0.28884
2026-04-26 10:34:00,78000.0,78010.43,78000.0,78010.43,3.00421
2026-04-26 10:35:00,78010.42,78010.43,78010.42,78010.43,0.39322
2026-04-26 10:36:00,78010.43,78018.24,78010.42,78018.23,2.51699
2026-04-26 10:37:00,78018.24,78018.24,78018.23,78018.23,0.19382
2026-04-26 10:38:00,78018.23,78018.24,78010.42,78010.43,5.29736
2026-04-26 10:39:00,78010.43,78010.43,78006.95,78006.96,5.18652
2026-04-26 10:40:00,78006.95,78014.7,78006.95,78014.69,9.94286
2026-04-26 10:41:00,78014.69,78017.98,77982.2,77989.44,18.39731
2026-04-26 10:42:00,77989.44,78018.23,77989.44,78018.23,7.79903
2026-04-26 10:43:00,78018.22,78018.23,78012.19,78012.2,6.39124
2026-04-26 10:44:00,78012.2,78012.2,77988.07,77992.34,1.67458
2026-04-26 10:45:00,77992.34,78004.49,77992.33,78004.48,1.36097
2026-04-26 10:46:00,78004.49,78004.49,77992.35,77995.77,0.92219
2026-04-26 10:47:00,77995.76,77995.77,77985.42,77985.42,0.84519
2026-04-26 10:48:00,77985.43,77985.43,77982.75,77982.76,0.53432
2026-04-26 10:49:00,77982.75,77982.76,77982.75,77982.75,0.66755
2026-04-26 10:50:00,77982.75,77982.76,77979.4,77979.4,2.39129
2026-04-26 10:51:00,77979.4,77986.83,77979.4,77986.83,0.65549
2026-04-26 10:52:00,77986.83,77986.83,77986.82,77986.83,0.3456
2026-04-26 10:53:00,77986.82,77986.83,77972.28,77979.88,0.85101
2026-04-26 10:54:00,77979.88,77979.89,77979.88,77979.88,2.51901
2026-04-26 10:55:00,77979.88,77992.33,77979.88,77992.33,5.41541
2026-04-26 10:56:00,77992.32,77992.33,77992.32,77992.33,0.15364
2026-04-26 10:57:00,77992.33,78002.43,77992.32,78002.42,8.30754
2026-04-26 10:58:00,78002.42,78002.43,78002.42,78002.42,0.33272
2026-04-26 10:59:00,78002.43,78002.43,78002.42,78002.43,0.4722
2026-04-26 11:00:00,78002.43,78030.41,78002.42,78030.41,1.21383
2026-04-26 11:01:00,78030.41,78069.48,78030.41,78051.37,3.72187
2026-04-26 11:02:00,78051.37,78051.38,78037.87,78037.87,1.1878
2026-04-26 11:03:00,78037.88,78037.88,78029.39,78029.4,0.64097
2026-04-26 11:04:00,78029.39,78029.4,78029.39,78029.39,0.54769
2026-04-26 11:05:00,78029.4,78029.4,78029.39,78029.4,0.20626
2026-04-26 11:06:00,78029.39,78054.0,78029.39,78053.99,1.37695
2026-04-26 11:07:00,78053.99,78074.1,78046.0,78054.43,19.73964
2026-04-26 11:08:00,78054.43,78054.43,78054.42,78054.42,0.81317
2026-04-26 11:09:00,78054.43,78054.43,78054.42,78054.42,1.0911
2026-04-26 11:10:00,78054.42,78054.43,78054.42,78054.42,0.71501
2026-04-26 11:11:00,78054.42,78086.0,78054.42,78077.08,2.70293
2026-04-26 11:12:00,78077.07,78077.08,78054.42,78054.43,0.86423
2026-04-26 11:13:00,78054.43,78054.43,78054.42,78054.42,0.95581
2026-04-26 11:14:00,78054.43,78055.04,78048.57,78048.58,5.0728
2026-04-26 11:15:00,78048.58,78054.97,78048.57,78054.97,1.73338
2026-04-26 11:16:00,78054.96,78054.97,78038.1,78038.11,1.12021
2026-04-26 11:17:00,78038.1,78050.83,78038.1,78044.94,1.08927
2026-04-26 11:18:00,78044.94,78044.94,78044.93,78044.94,0.41407
2026-04-26 11:19:00,78044.94,78045.69,78036.15,78045.69,1.16201
2026-04-26 11:20:00,78045.69,78045.69,78045.68,78045.69,0.26918
2026-04-26 11:21:00,78045.69,78045.69,78045.68,78045.68,0.15487
2026-04-26 11:22:00,78045.68,78045.69,78045.68,78045.69,1.32527
2026-04-26 11:23:00,78045.68,78054.83,78045.68,78054.83,0.46493
2026-04-26 11:24:00,78054.83,78111.58,78054.82,78111.58,7.74705
2026-04-26 11:25:00,78111.58,78122.82,78106.61,78106.62,2.07545
2026-04-26 11:26:00,78106.62,78149.99,78106.61,78145.16,2.42013
2026-04-26 11:27:00,78145.15,78145.16,78117.02,78130.74,0.71733
2026-04-26 11:28:00,78130.73,78133.01,78124.53,78133.0,1.35818
2026-04-26 11:29:00,78133.01,78139.55,78124.52,78139.55,9.11633
2026-04-26 11:30:00,78139.55,78141.96,78122.02,78122.03,2.87898
2026-04-26 11:31:00,78122.02,78122.03,78122.02,78122.02,1.78641
2026-04-26 11:32:00,78122.02,78122.03,78077.22,78079.26,4.11815
2026-04-26 11:33:00,78079.26,78099.77,78079.25,78099.77,1.42258
2026-04-26 11:34:00,78099.77,78102.41,78099.76,78099.77,1.03998
2026-04-26 11:35:00,78099.77,78099.77,78082.56,78082.57,1.54955
2026-04-26 11:36:00,78082.57,78082.57,78074.29,78074.3,0.60678
2026-04-26 11:37:00,78074.3,78083.33,78074.29,78083.33,2.78601
2026-04-26 11:38:00,78083.33,78083.33,78083.32,78083.32,2.31097
2026-04-26 11:39:00,78083.32,78083.33,78077.41,78077.42,1.28621
2026-04-26 11:40:00,78077.41,78077.42,78077.41,78077.41,0.9135
2026-04-26 11:41:00,78077.41,78083.33,78077.41,78083.33,0.48093
2026-04-26 11:42:00,78083.33,78083.33,78083.32,78083.33,0.51369
2026-04-26 11:43:00,78083.32,78083.33,78077.41,78077.42,2.18513
2026-04-26 11:44:00,78077.41,78077.42,78077.41,78077.42,0.36099
2026-04-26 11:45:00,78077.41,78077.42,78050.33,78053.36,4.65724
2026-04-26 11:46:00,78053.37,78060.54,78053.36,78060.54,1.56599
2026-04-26 11:47:00,78060.54,78060.54,78056.49,78056.49,1.26081
2026-04-26 11:48:00,78056.5,78083.33,78056.49,78083.33,0.76522
2026-04-26 11:49:00,78083.33,78086.0,78083.32,78086.0,0.8733
2026-04-26 11:50:00,78085.99,78098.27,78085.99,78098.26,1.45141
2026-04-26 11:51:00,78098.27,78120.0,78098.26,78119.99,1.85022
2026-04-26 11:52:00,78120.0,78121.44,78115.2,78121.43,12.13271
2026-04-26 11:53:00,78121.43,78121.44,78101.43,78101.43,3.15293
2026-04-26 11:54:00,78101.43,78101.44,78101.43,78101.43,0.72632
2026-04-26 11:55:00,78101.43,78114.26,78101.43,78114.26,1.38395
2026-04-26 11:56:00,78114.25,78128.7,78108.7,78108.7,3.17408
2026-04-26 11:57:00,78108.7,78108.71,78102.25,78102.26,1.83015
2026-04-26 11:58:00,78102.25,78102.27,78102.25,78102.27,0.47171
2026-04-26 11:59:00,78102.26,78102.27,78101.43,78101.44,2.03264
2026-04-26 12:00:00,78101.43,78101.5,78092.51,78101.5,1.49763
2026-04-26 12:01:00,78101.5,78101.5,78090.07,78090.08,1.19084
2026-04-26 12:02:00,78090.07,78090.08,78070.61,78070.61,1.68356
2026-04-26 12:03:00,78070.61,78072.9,78070.61,78072.89,2.27417
2026-04-26 12:04:00,78072.89,78072.9,78059.91,78059.91,4.26169
2026-04-26 12:05:00,78059.91,78067.4,78059.91,78067.39,0.51602
2026-04-26 12:06:00,78067.4,78072.33,78067.39,78072.32,2.14392
2026-04-26 12:07:00,78072.33,78078.17,78062.96,78062.96,5.0482
2026-04-26 12:08:00,78062.96,78062.97,78047.32,78047.32,4.93421
2026-04-26 12:09:00,78047.33,78047.33,78047.32,78047.32,0.48782
2026-04-26 12:10:00,78047.33,78047.33,78047.32,78047.32,1.02338
2026-04-26 12:11:00,78047.33,78047.33,78005.32,78014.28,5.08146
2026-04-26 12:12:00,78014.29,78014.29,78014.28,78014.29,1.73405
2026-04-26 12:13:00,78014.29,78014.29,77981.87,77981.87,2.03391
2026-04-26 12:14:00,77981.88,77981.88,77981.87,77981.87,1.78234
2026-04-26 12:15:00,77981.87,77981.88,77957.34,77962.34,10.20298
2026-04-26 12:16:00,77962.34,77985.69,77962.33,77982.25,2.35461
2026-04-26 12:17:00,77982.26,77987.69,77973.2,77985.0,2.06895
2026-04-26 12:18:00,77985.0,77985.0,77984.99,77985.0,0.74323
2026-04-26 12:19:00,77985.0,77985.0,77984.99,77984.99,0.25357
2026-04-26 12:20:00,77985.0,77990.49,77984.99,77990.49,3.00278
2026-04-26 12:21:00,77990.49,78003.61,77990.48,78003.61,5.14875
2026-04-26 12:22:00,78003.61,78027.3,78003.6,78019.12,2.57533
2026-04-26 12:23:00,78019.13,78027.0,78003.95,78009.89,21.54438
2026-04-26 12:24:00,78009.89,78009.89,78000.64,78000.64,1.99182
2026-04-26 12:25:00,78000.65,78010.82,78000.64,78010.82,7.1984
2026-04-26 12:26:00,78010.82,78010.82,78010.81,78010.82,0.27993
2026-04-26 12:27:00,78010.82,78010.82,78010.81,78010.82,0.2043
2026-04-26 12:28:00,78010.82,78010.82,77976.6,77976.61,2.76691
2026-04-26 12:29:00,77976.6,77976.61,77960.0,77976.6,5.39554
2026-04-26 12:30:00,77976.59,77976.6,77973.47,77974.51,8.54178
2026-04-26 12:31:00,77974.51,77982.67,77969.12,77982.66,1.59635
2026-04-26 12:32:00,77982.66,77982.67,77969.2,77969.2,1.35725
2026-04-26 12:33:00,77969.21,77972.65,77969.21,77972.65,0.51277
2026-04-26 12:34:00,77972.65,77972.65,77972.64,77972.64,0.40523
2026-04-26 12:35:00,77972.65,77972.65,77972.64,77972.64,0.98963
2026-04-26 12:36:00,77972.65,77972.65,77972.64,77972.64,0.66909
2026-04-26 12:37:00,77972.65,77984.41,77972.64,77984.41,0.64951
2026-04-26 12:38:00,77984.4,77987.41,77984.4,77987.4,1.868
2026-04-26 12:39:00,77987.41,77987.41,77987.4,77987.4,0.34918
2026-04-26 12:40:00,77987.41,77987.41,77977.0,77977.0,1.45909
2026-04-26 12:41:00,77977.01,77977.01,77973.77,77973.78,0.68779
2026-04-26 12:42:00,77973.77,77973.78,77959.16,77959.17,0.9667
2026-04-26 12:43:00,77959.16,77959.17,77951.29,77957.29,0.66536
2026-04-26 12:44:00,77957.28,77957.53,77950.0,77950.0,8.23174
2026-04-26 12:45:00,77950.0,77950.01,77900.0,77900.0,5.30002
2026-04-26 12:46:00,77900.01,77900.01,77770.0,77770.0,96.55549
2026-04-26 12:47:00,77770.01,77842.12,77770.0,77827.96,5.85322
2026-04-26 12:48:00,77827.96,77833.96,77827.0,77827.01,4.05816
2026-04-26 12:49:00,77827.01,77832.76,77827.0,77832.76,0.79853
2026-04-26 12:50:00,77832.76,77865.16,77832.75,77865.15,3.43745
2026-04-26 12:51:00,77865.15,77877.93,77860.19,77860.19,3.4459
2026-04-26 12:52:00,77860.2,77876.15,77860.19,77873.79,2.10707
2026-04-26 12:53:00,77873.8,77873.8,77852.0,77853.1,6.05824
2026-04-26 12:54:00,77853.1,77853.1,77840.0,77840.01,4.74175
2026-04-26 12:55:00,77840.01,77860.89,77810.0,77819.48,13.34936
2026-04-26 12:56:00,77819.48,77852.25,77819.48,77835.39,6.93215
2026-04-26 12:57:00,77835.39,77835.39,77810.0,77810.01,8.28693
2026-04-26 12:58:00,77810.0,77839.11,77810.0,77839.11,3.74084
2026-04-26 12:59:00,77839.1,77839.11,77833.07,77833.08,1.89688
2026-04-26 13:00:00,77833.08,77851.17,77833.07,77851.17,1.682
2026-04-26 13:01:00,77851.17,77851.17,77842.92,77842.92,2.49829
2026-04-26 13:02:00,77842.92,77843.27,77819.0,77819.0,16.31133
2026-04-26 13:03:00,77819.0,77819.01,77797.13,77802.51,9.21417
2026-04-26 13:04:00,77802.52,77841.08,77802.51,77841.07,3.49448
2026-04-26 13:05:00,77841.08,77842.05,77841.07,77842.05,3.125
2026-04-26 13:06:00,77842.05,77843.15,77842.04,77843.14,3.61208
2026-04-26 13:07:00,77843.15,77843.15,77821.37,77822.07,12.78139
2026-04-26 13:08:00,77822.08,77868.99,77822.07,77868.99,5.37418
2026-04-26 13:09:00,77869.0,77900.0,77868.99,77898.23,10.93044
2026-04-26 13:10:00,77898.22,77924.69,77891.0,77912.56,10.90676
2026-04-26 13:11:00,77912.56,77912.56,77901.29,77901.3,1.27568
2026-04-26 13:12:00,77901.3,77922.0,77901.29,77922.0,11.3178
2026-04-26 13:13:00,77922.0,77938.59,77904.78,77904.78,12.54529
2026-04-26 13:14:00,77904.79,77905.13,77904.78,77905.13,2.21326
2026-04-26 13:15:00,77905.13,77941.22,77905.12,77935.0,3.82625
2026-04-26 13:16:00,77935.0,77935.0,77912.76,77912.76,5.60387
2026-04-26 13:17:00,77912.77,77912.77,77888.0,77888.01,10.42042
2026-04-26 13:18:00,77888.0,77888.01,77870.0,77870.0,3.13899
2026-04-26 13:19:00,77870.0,77895.41,77870.0,77895.41,2.95111
2026-04-26 13:20:00,77895.41,77895.41,77872.14,77872.14,0.99522
2026-04-26 13:21:00,77872.15,77880.52,77872.14,77880.52,3.69392
2026-04-26 13:22:00,77880.51,77893.23,77872.0,77893.22,7.79854
2026-04-26 13:23:00,77893.22,77893.23,77872.82,77872.83,3.66175
2026-04-26 13:24:00,77872.83,77872.83,77852.42,77852.43,3.22121
2026-04-26 13:25:00,77852.43,77852.43,77822.27,77830.0,3.86767
2026-04-26 13:26:00,77830.0,77845.58,77818.08,77845.58,3.12366
2026-04-26 13:27:00,77845.57,77864.0,77845.57,77864.0,0.53153
2026-04-26 13:28:00,77864.0,77874.44,77863.99,77874.43,1.57228
2026-04-26 13:29:00,77874.43,77874.44,77874.43,77874.43,0.45923
2026-04-26 13:30:00,77874.43,77887.13,77873.38,77887.12,4.72014
2026-04-26 13:31:00,77887.12,77887.88,77873.87,77873.87,5.37366
2026-04-26 13:32:00,77873.87,77912.0,77873.87,77911.99,6.04957
2026-04-26 13:33:00,77912.0,77961.96,77912.0,77961.96,15.37674
2026-04-26 13:34:00,77961.95,77961.95,77942.03,77957.87,3.53536
2026-04-26 13:35:00,77958.41,77958.41,77937.35,77937.35,1.91552
2026-04-26 13:36:00,77937.35,77937.36,77924.69,77924.7,2.86029
2026-04-26 13:37:00,77924.69,77945.16,77924.69,77945.16,0.45583
2026-04-26 13:38:00,77945.16,77964.17,77945.15,77952.8,6.96664
2026-04-26 13:39:00,77952.79,77986.92,77952.79,77978.46,16.22469
2026-04-26 13:40:00,77978.46,77978.46,77958.95,77958.96,0.79192
2026-04-26 13:41:00,77958.95,77958.97,77958.95,77958.96,0.9005
2026-04-26 13:42:00,77958.96,77958.97,77946.81,77954.62,0.99211
2026-04-26 13:43:00,77954.62,77967.25,77952.56,77952.56,2.01085
2026-04-26 13:44:00,77952.56,77991.65,77952.56,77989.74,2.69337
2026-04-26 13:45:00,77989.74,77996.69,77949.83,77949.84,4.21248
2026-04-26 13:46:00,77949.84,77949.84,77945.15,77945.15,0.70647
2026-04-26 13:47:00,77945.16,77949.77,77941.24,77949.77,2.60231
2026-04-26 13:48:00,77949.77,77949.77,77945.19,77945.2,1.1226
2026-04-26 13:49:00,77945.2,77945.2,77945.19,77945.2,0.35927
2026-04-26 13:50:00,77945.2,77945.2,77928.76,77928.76,0.92086
2026-04-26 13:51:00,77928.76,77944.56,77928.76,77944.55,1.75415
2026-04-26 13:52:00,77944.55,77944.56,77944.55,77944.55,1.38732
2026-04-26 13:53:00,77944.55,77944.56,77917.75,77917.75,0.97651
2026-04-26 13:54:00,77917.75,77959.49,77917.75,77959.48,2.14931
2026-04-26 13:55:00,77959.49,77959.49,77951.27,77951.27,0.79816
2026-04-26 13:56:00,77951.27,77951.28,77951.27,77951.28,0.77435
2026-04-26 13:57:00,77951.28,77951.28,77934.02,77934.02,1.38779
2026-04-26 13:58:00,77934.02,77934.03,77928.43,77931.72,0.94185
2026-04-26 13:59:00,77931.72,77977.8,77931.71,77977.79,1.3612
2026-04-26 14:00:00,77977.79,77977.8,77944.02,77944.02,2.59577
2026-04-26 14:01:00,77944.02,77944.03,77931.71,77931.71,3.43311
2026-04-26 14:02:00,77931.71,77931.72,77920.88,77925.7,5.99249
2026-04-26 14:03:00,77925.7,77925.7,77925.69,77925.7,0.56926
2026-04-26 14:04:00,77925.7,77925.7,77925.69,77925.7,0.64603
2026-04-26 14:05:00,77925.7,77925.7,77925.69,77925.69,0.57391
2026-04-26 14:06:00,77925.69,77925.7,77871.85,77871.85,36.97572
2026-04-26 14:07:00,77871.86,77883.15,77871.85,77883.15,1.3802
2026-04-26 14:08:00,77883.14,77901.5,77883.14,77901.49,1.26766
2026-04-26 14:09:00,77901.5,77944.02,77901.5,77944.01,2.36612
2026-04-26 14:10:00,77944.02,77944.02,77937.5,77937.51,0.48103
2026-04-26 14:11:00,77937.5,77937.51,77926.6,77926.6,1.86878
2026-04-26 14:12:00,77926.61,77926.61,77926.6,77926.61,0.10333
