symbol,variant,strategy,timestamp,entry_time,exit_time,side,pattern,entry,sl,tp,rr,qty,spread,slippage,fee,gross_pnl,pnl,r_multiple,result,balance,atr,atr_percentile_100,m15_adx
XAUUSDm,candidate_current,momentum,2025-01-03 13:15:00+00:00,2025-01-03 13:20:00+00:00,2025-01-03 16:50:00+00:00,SELL,session_breakout,2652.005430036269,2658.656,2640.0344041015533,1.8,3.7590763102016957,0.04961357142857001,0.04176317801689456,1.98931815731512,45.0,43.01068184268488,1.7204272737073953,TP,10043.010681842685,1.653785714285667,73.0,20.836599199556407
XAUUSDm,candidate_current,momentum,2025-01-06 13:30:00+00:00,2025-01-06 13:35:00+00:00,2025-01-06 14:15:00+00:00,SELL,session_breakout,2638.225875719044,2648.848,2619.106052013323,1.8,2.353578186316398,0.09765428571428304,0.05929713809885488,1.2373541743335637,45.00000000000021,43.76264582566665,1.750505833026666,TP,10086.773327668352,3.255142857142768,99.0,33.51748168707531
XAUUSDm,candidate_current,momentum,2025-01-07 13:10:00+00:00,2025-01-07 13:15:00+00:00,2025-01-07 15:00:00+00:00,BUY,session_breakout,2654.9791208801166,2647.585,2668.2885384643264,1.8,3.3810645518694584,0.06860785714285579,0.061816951545560016,1.79283115831226,-25.0,-26.79283115831226,-1.0717132463324903,SL,10059.98049651004,2.2869285714285263,100.0,29.35827353571139
XAUUSDm,candidate_current,momentum,2025-01-13 12:00:00+00:00,2025-01-13 12:05:00+00:00,2025-01-13 17:35:00+00:00,SELL,session_breakout,2673.064954967965,2680.55,2659.591873910302,1.8,3.3399932656387783,0.06136285714285707,0.048363603463073,1.7811037896416055,44.999999999999694,43.21889621035809,1.7287558484143235,TP,10103.199392720397,2.045428571428569,66.0,19.272499199964653
XAUUSDm,candidate_current,momentum,2025-01-15 13:55:00+00:00,2025-01-15 14:00:00+00:00,2025-01-15 14:30:00+00:00,BUY,session_breakout,2693.9235412198063,2682.127,2715.157315415458,1.8,2.119265260398956,0.10109571428571404,0.03699336266367949,1.1393277150156143,-25.0,-26.139327715015614,-1.0455731086006246,SL,10077.06006500538,3.3698571428571347,100.0,29.527297783745972
XAUUSDm,candidate_current,momentum,2025-01-16 13:30:00+00:00,2025-01-16 13:35:00+00:00,2025-01-17 01:35:00+00:00,BUY,session_breakout,2713.597716646188,2701.388,2735.5752066093264,1.8,2.047549564371345,0.07803214285714083,0.07670057475941956,1.110873182781847,-3.719817377488553,-4.8306905602704,-0.19322762241081598,TIMEOUT,10072.229374445109,2.601071428571361,100.0,29.035232131775437
XAUUSDm,candidate_current,momentum,2025-01-23 13:10:00+00:00,2025-01-23 13:15:00+00:00,2025-01-23 14:30:00+00:00,SELL,session_breakout,2740.6604500907943,2746.514,2730.124060254224,1.8,4.27091258941562,0.08819785714285834,0.07345098063418955,2.3435242439212507,-25.0,-27.34352424392125,-1.09374096975685,SL,10044.885850201188,2.9399285714286116,100.0,21.034694030739566
XAUUSDm,candidate_current,momentum,2025-01-24 13:40:00+00:00,2025-01-24 13:45:00+00:00,2025-01-24 14:15:00+00:00,BUY,session_breakout,2783.989965984538,2777.85,2795.041904756706,1.8,4.071683794821815,0.05255785714285528,0.044687055966147325,2.264605365889156,-25.0,-27.264605365889157,-1.0905842146355662,SL,10017.621244835298,1.7519285714285096,50.0,34.62164324979766
XAUUSDm,candidate_current,momentum,2025-01-30 13:00:00+00:00,2025-01-30 13:05:00+00:00,2025-01-30 15:10:00+00:00,BUY,session_breakout,2782.0784600846373,2777.714,2789.9344882369846,1.8,5.728085379449001,0.03985714285714169,0.015531513208790131,3.191696590338161,45.00000000000052,41.80830340966236,1.6723321363864943,TP,10059.42954824496,1.3285714285713897,54.0,44.63844601034202
XAUUSDm,candidate_current,momentum,2025-02-03 12:35:00+00:00,2025-02-03 12:40:00+00:00,2025-02-03 14:45:00+00:00,BUY,session_breakout,2808.063664237018,2800.096,2822.405459863651,1.8,3.137682419378147,0.06067071428571547,0.037328879875170806,1.7666623983542145,44.999999999999424,43.23333760164521,1.7293335040658084,TP,10102.662885846605,2.0223571428571825,47.0,32.5962657261514
XAUUSDm,candidate_current,momentum,2025-02-11 12:45:00+00:00,2025-02-11 12:50:00+00:00,2025-02-11 13:15:00+00:00,SELL,session_breakout,2896.70702945354,2904.236,2883.1548824699125,1.8,3.320507079384908,0.08019428571428665,0.044873403602606415,1.9192072396409015,45.0000000000003,43.080792760359394,1.7232317104143757,TP,10145.743678606965,2.673142857142888,57.99999999999999,33.99080280425428
XAUUSDm,candidate_current,momentum,2025-02-12 13:15:00+00:00,2025-02-12 13:20:00+00:00,2025-02-12 14:00:00+00:00,SELL,session_breakout,2874.135672914283,2885.902,2852.9562841599927,1.8,2.124707210489437,0.08443714285714382,0.08010851428802923,1.2238393576331774,-25.0,-26.223839357633178,-1.048953574305327,SL,10119.519839249331,2.814571428571461,97.0,21.687231563201554
XAUUSDm,candidate_current,momentum,2025-02-13 13:00:00+00:00,2025-02-13 13:05:00+00:00,2025-02-13 18:50:00+00:00,SELL,session_breakout,2913.977348250412,2921.369,2900.672375101153,1.8,3.3821939732743647,0.06448499999999967,0.048409249587880905,1.973627325102112,-25.0,-26.97362732510211,-1.0789450930040845,SL,10092.54621192423,2.149499999999989,60.0,18.43714716473585
XAUUSDm,candidate_current,momentum,2025-02-14 13:40:00+00:00,2025-02-14 13:45:00+00:00,2025-02-14 16:45:00+00:00,SELL,session_breakout,2917.8264139641774,2933.321,2889.936159099697,1.8,1.613466790413216,0.10798928571428665,0.09459139296546173,0.937063203824337,45.0,44.06293679617566,1.7625174718470265,TP,10136.609148720405,3.5996428571428885,100.0,18.863435153374482
XAUUSDm,candidate_current,momentum,2025-02-24 13:55:00+00:00,2025-02-24 14:00:00+00:00,2025-02-24 14:20:00+00:00,BUY,session_breakout,2954.474146215458,2946.923,2968.0662094032828,1.8,3.310755650423211,0.07127785714285698,0.04350728688624731,1.953808394722424,-25.0,-26.953808394722422,-1.078152335788897,SL,10109.655340325682,2.375928571428566,88.0,20.21311523242239
XAUUSDm,candidate_current,momentum,2025-02-28 12:50:00+00:00,2025-02-28 12:55:00+00:00,2025-02-28 14:40:00+00:00,SELL,session_breakout,2855.0368560519237,2864.502,2837.999596945386,1.8,2.6412699201559504,0.06792428571428445,0.03118180521898592,1.5036845937653123,45.000000000000476,43.49631540623516,1.7398526162494066,TP,10153.151655731917,2.264142857142815,71.0,21.169540131150995
XAUUSDm,candidate_current,momentum,2025-03-03 13:05:00+00:00,2025-03-03 13:10:00+00:00,2025-03-03 14:30:00+00:00,SELL,session_breakout,2871.046025089197,2877.716,2859.040070249752,1.8,3.7481400356557772,0.057207857142854465,0.03937098223129791,2.15471651016944,-25.0,-27.15471651016944,-1.0861886604067776,SL,10125.996939221748,1.9069285714284823,70.0,19.71262015212677
XAUUSDm,candidate_current,momentum,2025-03-05 13:30:00+00:00,2025-03-05 13:35:00+00:00,2025-03-05 15:05:00+00:00,SELL,session_breakout,2908.6978719114,2917.269,2893.26984135192,1.8,2.9167689178804417,0.08657571428571535,0.029840231457395987,1.6992999088592315,-25.0,-26.69929990885923,-1.0679719963543692,SL,10099.297639312888,2.8858571428571786,100.0,18.538773727042578
XAUUSDm,candidate_current,momentum,2025-03-21 13:45:00+00:00,2025-03-21 13:50:00+00:00,2025-03-23 22:05:00+00:00,SELL,session_breakout,3010.647271117855,3036.851,2963.4805591299933,1.8,0.9540626875068364,0.11942571428571715,0.10501602500195266,0.5757322076429435,-12.62962319378646,-13.205355401429403,-0.5282142160571761,TIMEOUT,10086.09228391146,3.9808571428572384,100.0,18.011965333720443
XAUUSDm,candidate_current,momentum,2025-03-26 13:00:00+00:00,2025-03-26 13:05:00+00:00,2025-03-26 14:00:00+00:00,SELL,session_breakout,3024.786806823958,3029.994,3015.4138591070828,1.8,4.801050999034117,0.06616928571428649,0.04910853318502165,2.899931144153476,44.999999999999126,42.10006885584565,1.6840027542338263,TP,10128.192352767304,2.205642857142883,100.0,19.750277906197685
XAUUSDm,candidate_current,momentum,2025-04-02 12:25:00+00:00,2025-04-02 12:30:00+00:00,2025-04-02 13:50:00+00:00,BUY,session_breakout,3125.9499882589607,3117.046,3141.9771671250905,1.8,2.807730566675016,0.08566285714285543,0.07115683038933508,1.7528650663864185,-25.0,-26.75286506638642,-1.0701146026554569,SL,10101.439487700918,2.8554285714285146,72.0,23.02494613702874
XAUUSDm,candidate_current,momentum,2025-04-03 12:20:00+00:00,2025-04-03 12:25:00+00:00,2025-04-03 14:00:00+00:00,SELL,session_breakout,3080.7036956851484,3097.309,3050.814147918415,1.8,1.5055430196265678,0.14053499999999824,0.07703681485179077,0.9301263889153092,-25.0,-25.93012638891531,-1.0372050555566124,SL,10075.509361312003,4.684499999999941,68.0,45.51265925747012
XAUUSDm,candidate_current,momentum,2025-04-11 13:30:00+00:00,2025-04-11 13:35:00+00:00,2025-04-11 13:50:00+00:00,BUY,session_breakout,3240.6385206539057,3225.711,3267.5080578309367,1.8,1.6747590292871886,0.17203285714285552,0.16850422533456297,1.0829577246242013,-25.0,-26.0829577246242,-1.043318308984968,SL,10049.426403587378,5.734428571428517,74.0,26.486869484803904
XAUUSDm,candidate_current,momentum,2025-04-21 13:00:00+00:00,2025-04-21 13:05:00+00:00,2025-04-22 01:05:00+00:00,BUY,session_breakout,3421.38500393422,3398.008,3463.4636110158167,1.8,1.0694270348050847,0.13261714285714366,0.12269536279172585,0.7329396255417551,11.55301604963811,10.820076424096355,0.43280305696385424,TIMEOUT,10060.246480011474,4.4205714285714555,100.0,28.364920124046165
XAUUSDm,candidate_current,momentum,2025-04-23 13:25:00+00:00,2025-04-23 13:30:00+00:00,2025-04-23 14:00:00+00:00,SELL,session_breakout,3299.618724652617,3320.54,3261.9604290273273,1.8,1.1949558325146359,0.2031985714285695,0.1716760616688446,0.7840797280196298,45.00000000000022,44.21592027198059,1.7686368108792236,TP,10104.462400283455,6.773285714285651,78.0,22.560104668224394
XAUUSDm,candidate_current,momentum,2025-04-25 13:20:00+00:00,2025-04-25 13:25:00+00:00,2025-04-25 19:30:00+00:00,SELL,session_breakout,3270.4388227992904,3298.252,3220.3751038380133,1.8,0.8988545184748691,0.20633142857142858,0.09001148642390396,0.5904297426537548,-25.0,-25.590429742653754,-1.0236171897061501,SL,10078.871970540802,6.877714285714286,89.0,31.5080885248663
XAUUSDm,candidate_current,momentum,2025-04-30 12:00:00+00:00,2025-04-30 12:05:00+00:00,2025-04-30 12:15:00+00:00,SELL,session_breakout,3267.599403856226,3281.671,3242.270530797434,1.8,1.7766285888656628,0.11945999999999815,0.07486614377366088,1.1635621035702737,-25.0,-26.163562103570275,-1.046542484142811,SL,10052.70840843723,3.9819999999999385,85.0,43.24131785778276
XAUUSDm,candidate_current,momentum,2025-04-30 12:20:00+00:00,2025-04-30 12:25:00+00:00,2025-05-01 00:20:00+00:00,BUY,session_breakout,3290.162766000042,3266.901,3332.0339448001187,1.8,1.074724937047104,0.15381214285714284,0.05085992861380509,0.7047039943128242,-25.0,-25.704703994312823,-1.0281881597725129,SL,10027.003704442917,5.127071428571428,97.0,44.343344543550394
XAUUSDm,candidate_current,momentum,2025-05-02 13:00:00+00:00,2025-05-02 13:05:00+00:00,2025-05-02 14:55:00+00:00,SELL,session_breakout,3244.0387209740907,3263.926,3208.241618727454,1.8,1.2570849922420182,0.15889714285714296,0.0648304544808321,0.8181064780777042,-25.0,-25.818106478077706,-1.0327242591231083,SL,10001.185597964839,5.296571428571432,100.0,20.422343309001352
XAUUSDm,candidate_current,momentum,2025-05-08 13:30:00+00:00,2025-05-08 13:35:00+00:00,2025-05-08 15:25:00+00:00,BUY,session_breakout,3366.6686439760065,3347.274,3401.5790031328183,1.8,1.2890156700441564,0.1554171428571424,0.12093540457829562,0.8654377275862768,-24.999999999999996,-25.865437727586272,-1.034617509103451,SL,9975.320160237252,5.1805714285714135,74.0,26.396879957534892
XAUUSDm,candidate_current,momentum,2025-05-09 13:25:00+00:00,2025-05-09 13:30:00+00:00,2025-05-09 14:00:00+00:00,BUY,session_breakout,3339.9487570070332,3328.669,3360.2523196196935,1.8,2.216359801404545,0.10501285714285587,0.08625057846148382,1.4780056327562934,-25.0,-26.478005632756293,-1.0591202253102516,SL,9948.842154604496,3.500428571428529,49.0,23.16619450277093
XAUUSDm,candidate_current,momentum,2025-05-14 12:50:00+00:00,2025-05-14 12:55:00+00:00,2025-05-15 00:55:00+00:00,SELL,session_breakout,3186.127853952494,3221.493,3122.470591066984,1.8,0.70691069581383,0.21265500000000104,0.20781854750555884,0.45058175678041934,-1.2018514254274357,-1.652433182207855,-0.06609732728831422,TIMEOUT,9947.189721422288,7.088500000000034,100.0,20.548243138493692
XAUUSDm,candidate_current,momentum,2025-05-15 12:30:00+00:00,2025-05-15 12:35:00+00:00,2025-05-15 14:10:00+00:00,BUY,session_breakout,3186.2035087685554,3176.286,3204.055024551955,1.8,2.520794342956933,0.11138142857143066,0.058818054269386966,1.610852756082661,44.99999999999977,43.38914724391711,1.7355658897566844,TP,9990.578868666205,3.7127142857143554,40.0,27.853226835020156
XAUUSDm,candidate_current,momentum,2025-05-28 13:35:00+00:00,2025-05-28 13:40:00+00:00,2025-05-28 20:50:00+00:00,SELL,session_breakout,3303.6954279933816,3316.438,3280.7587983814683,1.8,1.9619273084754774,0.11382000000000095,0.06366200661862267,1.291822055813159,45.0,43.70817794418684,1.7483271177674737,TP,10034.287046610392,3.7940000000000316,98.0,19.47008735358178
XAUUSDm,candidate_current,momentum,2025-05-29 12:15:00+00:00,2025-05-29 12:20:00+00:00,2025-05-29 16:05:00+00:00,BUY,session_breakout,3308.8366427593082,3298.541,3327.3687997260627,1.8,2.4282116798776885,0.10334357142857113,0.06497097359416883,1.6114111565510862,44.99999999999978,43.388588843448694,1.7355435537379478,TP,10077.675635453841,3.4447857142857043,100.0,33.53063891306181
XAUUSDm,candidate_current,momentum,2025-05-30 12:10:00+00:00,2025-05-30 12:15:00+00:00,2025-05-30 13:40:00+00:00,BUY,session_breakout,3302.979898523199,3288.365,3329.286715864958,1.8,1.7105832079720256,0.14142642857142912,0.061185308913734464,1.127504390136586,-25.0,-26.127504390136586,-1.0451001756054634,SL,10051.548131063704,4.714214285714304,100.0,26.073140583746437
XAUUSDm,candidate_current,momentum,2025-06-03 13:45:00+00:00,2025-06-03 13:50:00+00:00,2025-06-04 01:20:00+00:00,SELL,session_breakout,3343.835604564268,3363.095,3309.168692779951,1.8,1.2980677448274345,0.12839785714285493,0.050196507160150464,0.8706050284580841,-25.0,-25.870605028458083,-1.0348242011383233,SL,10025.677526035246,4.279928571428497,100.0,26.21077909916798
XAUUSDm,candidate_current,momentum,2025-06-11 12:15:00+00:00,2025-06-11 12:20:00+00:00,2025-06-11 12:35:00+00:00,BUY,session_breakout,3338.1091663513876,3327.196,3357.752865783885,1.8,2.2908108604814923,0.09899999999999863,0.06266635138745634,1.533895346350116,44.99999999999979,43.46610465364967,1.7386441861459871,TP,10069.143630688895,3.2999999999999545,97.0,30.652943272538636
XAUUSDm,candidate_current,momentum,2025-06-16 13:50:00+00:00,2025-06-16 13:55:00+00:00,2025-06-17 01:55:00+00:00,SELL,session_breakout,3389.7641466185096,3417.401,3340.0178105318273,1.8,0.9045892328952223,0.17297357142857242,0.07936659577567651,0.613623867828032,-3.550380109588499,-4.164003977416531,-0.16656015909666125,TIMEOUT,10064.97962671148,5.765785714285747,100.0,35.415918947083775
XAUUSDm,candidate_current,momentum,2025-06-20 13:50:00+00:00,2025-06-20 13:55:00+00:00,2025-06-22 22:05:00+00:00,BUY,session_breakout,3372.0850593489163,3348.68,3414.214166176966,1.8,1.0681451231251589,0.11116928571428453,0.08547470605948573,0.7213484228637052,9.731806823537747,9.010458400674041,0.36041833602696166,TIMEOUT,10073.990085112155,3.7056428571428177,98.0,19.55623931036536
XAUUSDm,candidate_current,momentum,2025-06-23 13:50:00+00:00,2025-06-23 13:55:00+00:00,2025-06-23 22:00:00+00:00,BUY,session_breakout,3385.459346299038,3363.575,3424.851169637306,1.8,1.1423690549577399,0.11966142857142585,0.07251558475192996,0.770988798805896,-25.0,-25.770988798805895,-1.0308395519522358,SL,10048.219096313349,3.9887142857141953,100.0,19.594011510915283
XAUUSDm,candidate_current,momentum,2025-06-24 12:30:00+00:00,2025-06-24 12:35:00+00:00,2025-06-24 19:30:00+00:00,SELL,session_breakout,3307.6356011871094,3321.86,3282.0316833239062,1.8,1.757543522847796,0.12322071428571267,0.1087884557475836,1.1651627053614362,-25.0,-26.165162705361436,-1.0466065082144573,SL,10022.053933607987,4.107357142857089,82.0,38.064296195118644
XAUUSDm,candidate_current,momentum,2025-06-26 13:05:00+00:00,2025-06-26 13:10:00+00:00,2025-06-27 01:10:00+00:00,SELL,session_breakout,3317.7996430778257,3344.056,3270.538200617912,1.8,0.952150371588175,0.15296785714285566,0.12087299360250178,0.631689371715057,1.1946088727622493,0.5629195010471922,0.022516780041887688,TIMEOUT,10022.616853109035,5.098928571428522,100.0,18.53667304092629
XAUUSDm,candidate_current,momentum,2025-06-27 12:05:00+00:00,2025-06-27 12:10:00+00:00,2025-06-29 22:05:00+00:00,SELL,session_breakout,3273.97162963371,3285.344,3253.501362974388,1.8,2.1983103957030075,0.1014771428571443,0.052631794861075505,1.4387861586521875,6.55015079912926,5.111364640477072,0.2044545856190829,TIMEOUT,10027.728217749513,3.382571428571477,74.0,43.632735004813654
XAUUSDm,candidate_current,momentum,2025-07-08 13:45:00+00:00,2025-07-08 13:50:00+00:00,2025-07-08 14:40:00+00:00,SELL,session_breakout,3315.9761054295136,3326.914,3296.2878952026376,1.8,2.2856318315095807,0.10118357142857348,0.08930278477169323,1.5113201078189733,45.000000000000206,43.48867989218123,1.7395471956872492,TP,10071.216897641694,3.372785714285783,100.0,18.147393845146915
XAUUSDm,candidate_current,momentum,2025-07-11 12:45:00+00:00,2025-07-11 12:50:00+00:00,2025-07-13 22:05:00+00:00,BUY,session_breakout,3356.0502578997543,3344.356,3377.099922119312,1.8,2.137801322179293,0.09554357142856848,0.08248611404013373,1.43609759496603,11.838592383793515,10.402494788827484,0.41609979155309934,TIMEOUT,10081.619392430523,3.184785714285616,100.0,24.363230310504886
XAUUSDm,candidate_current,momentum,2025-07-14 12:35:00+00:00,2025-07-14 12:40:00+00:00,2025-07-15 00:40:00+00:00,SELL,session_breakout,3351.4567749689463,3368.025,3321.6339699130494,1.8,1.5089123882095143,0.09729428571428668,0.055577888196515324,1.0107355740301218,6.753552297480821,5.7428167234507,0.229712668938028,TIMEOUT,10087.362209153973,3.2431428571428893,100.0,21.65202251038262
XAUUSDm,candidate_current,momentum,2025-07-15 12:05:00+00:00,2025-07-15 12:10:00+00:00,2025-07-15 12:30:00+00:00,SELL,session_breakout,3352.7316158305553,3359.335,3340.845524325555,1.8,3.785937537252513,0.0592757142857129,0.029746312302091207,2.541146495341234,-25.0,-27.541146495341234,-1.1016458598136494,SL,10059.821062658631,1.9758571428570966,59.0,20.971755145144762
XAUUSDm,candidate_current,momentum,2025-07-15 12:35:00+00:00,2025-07-15 12:40:00+00:00,2025-07-15 15:35:00+00:00,SELL,session_breakout,3347.938680773132,3360.387,3325.5317061647697,1.8,2.0083032531846348,0.10199142857143151,0.07932351258222026,1.3402352288118713,44.99999999999964,43.65976477118777,1.7463905908475106,TP,10103.48082742982,3.3997142857143836,100.0,24.614335357064114
XAUUSDm,candidate_current,momentum,2025-07-18 12:00:00+00:00,2025-07-18 12:05:00+00:00,2025-07-18 14:15:00+00:00,BUY,session_breakout,3358.281873016632,3351.982,3369.621644446569,1.8,3.968333954351018,0.058890000000000914,0.02342801663182694,2.662856796994687,-25.0,-27.66285679699469,-1.1065142718797876,SL,10075.817970632825,1.9630000000000305,82.0,31.83987434693921
XAUUSDm,candidate_current,momentum,2025-07-21 12:15:00+00:00,2025-07-21 12:20:00+00:00,2025-07-21 13:45:00+00:00,BUY,session_breakout,3378.228565430901,3370.859,3391.4937832065234,1.8,3.3923302851987267,0.06443571428571561,0.02834757375835463,2.296513414566939,44.999999999999694,42.703486585432756,1.7081394634173102,TP,10118.521457218258,2.147857142857187,90.0,27.99741884698307
XAUUSDm,candidate_current,momentum,2025-07-22 12:40:00+00:00,2025-07-22 12:45:00+00:00,2025-07-22 14:30:00+00:00,BUY,session_breakout,3403.7789814141565,3391.033,3426.7217479596384,1.8,1.9614025148532814,0.07822285714285596,0.02386998558534284,1.3397361308300935,44.99999999999982,43.66026386916973,1.7464105547667892,TP,10162.181721087427,2.607428571428532,100.0,21.18492615692123
XAUUSDm,candidate_current,momentum,2025-07-24 12:45:00+00:00,2025-07-24 12:50:00+00:00,2025-07-24 13:40:00+00:00,SELL,session_breakout,3354.1949773290485,3365.506,3333.835136521336,1.8,2.2102333915574417,0.0947721428571445,0.08063659952282486,1.4852107481373837,-25.0,-26.485210748137384,-1.0594084299254953,SL,10135.69651033929,3.1590714285714836,92.0,50.569753258342374
XAUUSDm,candidate_current,momentum,2025-07-28 13:30:00+00:00,2025-07-28 13:35:00+00:00,2025-07-28 13:50:00+00:00,SELL,session_breakout,3324.2437847182264,3330.639,3312.7323972110335,1.8,3.909172545176013,0.08868000000000101,0.06787528177380776,2.594508507338498,45.00000000000071,42.405491492662215,1.6962196597064887,TP,10178.102001831952,2.9560000000000337,99.0,24.688991825086365
XAUUSDm,candidate_current,momentum,2025-08-01 12:30:00+00:00,2025-08-01 12:35:00+00:00,2025-08-03 22:05:00+00:00,BUY,session_breakout,3328.1476331541644,3296.811,3384.55357283166,1.8,0.7977883226002476,0.12649285714285852,0.10038672559332708,0.533843935964204,28.12472440195024,27.590880465986036,1.1036352186394414,TIMEOUT,10205.692882297939,4.216428571428618,100.0,27.262211762494214
XAUUSDm,candidate_current,momentum,2025-08-04 13:00:00+00:00,2025-08-04 13:05:00+00:00,2025-08-05 01:05:00+00:00,BUY,session_breakout,3372.377597311585,3361.037,3392.790672472438,1.8,2.2044694219466843,0.08956285714285676,0.07581588301374807,1.4889014246216095,20.407661153258708,18.9187597286371,0.756750389145484,TIMEOUT,10224.611642026575,2.985428571428559,100.0,18.452596237814085
XAUUSDm,candidate_current,momentum,2025-08-05 12:25:00+00:00,2025-08-05 12:30:00+00:00,2025-08-05 14:00:00+00:00,BUY,session_breakout,3360.909966099297,3349.903,3380.722505078032,1.8,2.2712889069038096,0.08291357142857188,0.051509313582929185,1.5312195046207584,45.00000000000041,43.468780495379654,1.7387512198151864,TP,10268.080422521954,2.763785714285729,100.0,39.83255098002978
XAUUSDm,candidate_current,momentum,2025-08-06 12:50:00+00:00,2025-08-06 12:55:00+00:00,2025-08-07 00:55:00+00:00,BUY,session_breakout,3368.582526430822,3360.141,3383.777274006301,1.8,2.9615496918566433,0.07221857142856997,0.05041714510757704,1.996356518478194,11.116098492190904,9.11974197371271,0.3647896789485084,TIMEOUT,10277.200164495667,2.4072857142856656,95.0,26.669520520968696
XAUUSDm,candidate_current,momentum,2025-08-08 12:20:00+00:00,2025-08-08 12:25:00+00:00,2025-08-08 14:25:00+00:00,BUY,session_breakout,3391.9286613724175,3383.76,3406.6322518427687,1.8,3.0604769692640414,0.09986142857142828,0.03973065813154609,2.073683909903379,-25.0,-27.07368390990338,-1.0829473563961352,SL,10250.126480585765,3.328714285714276,92.0,24.10039471149036
XAUUSDm,candidate_current,momentum,2025-08-12 12:30:00+00:00,2025-08-12 12:35:00+00:00,2025-08-12 14:10:00+00:00,BUY,session_breakout,3350.358977749513,3338.543,3371.6277376986363,1.8,2.1157792042245895,0.11245285714285533,0.04275132094138767,1.415223970361915,-25.000000000000004,-26.415223970361918,-1.0566089588144765,SL,10223.711256615403,3.7484285714285113,100.0,24.49102958935112
XAUUSDm,candidate_current,momentum,2025-08-20 12:00:00+00:00,2025-08-20 12:05:00+00:00,2025-08-20 13:40:00+00:00,BUY,session_breakout,3334.6028112302724,3328.646,3345.3250714447627,1.8,4.196876320832715,0.05190642857142652,0.039858015986602886,2.803483115566907,45.00000000000077,42.19651688443386,1.6878606753773542,TP,10265.907773499837,1.7302142857142175,98.0,33.17162831817436
XAUUSDm,candidate_current,momentum,2025-08-21 12:05:00+00:00,2025-08-21 12:10:00+00:00,2025-08-22 00:10:00+00:00,BUY,session_breakout,3341.117115681367,3330.13,3360.8939239078277,1.8,2.2753924437509547,0.07179857142857111,0.045216395653118927,1.519408575766124,-10.619519755494629,-12.138928331260754,-0.48555713325043015,TIMEOUT,10253.768845168577,2.393285714285704,91.0,22.85663152783449
XAUUSDm,candidate_current,momentum,2025-08-28 12:05:00+00:00,2025-08-28 12:10:00+00:00,2025-08-28 12:30:00+00:00,BUY,session_breakout,3408.1153597204575,3401.401,3420.201207217281,1.8,3.7233632156806755,0.06637285714285845,0.04617329188608057,2.5354302730358933,-25.0,-27.535430273035892,-1.1014172109214357,SL,10226.233414895542,2.212428571428615,100.0,28.685871396469178
XAUUSDm,candidate_current,momentum,2025-08-29 13:30:00+00:00,2025-08-29 13:35:00+00:00,2025-08-29 14:10:00+00:00,BUY,session_breakout,3421.0500854825277,3413.653,3434.364839351078,1.8,3.379709489507797,0.08168142857142845,0.06824476824190455,2.316931087597352,45.0,42.683068912402646,1.7073227564961058,TP,10268.916483807945,2.7227142857142814,100.0,20.979330941647344
XAUUSDm,candidate_current,momentum,2025-09-03 13:05:00+00:00,2025-09-03 13:10:00+00:00,2025-09-03 18:05:00+00:00,BUY,session_breakout,3555.7701009324724,3543.887,3577.159682610922,1.8,2.1038279605691224,0.11580857142856921,0.08619664675773767,1.5006457119394851,44.99999999999962,43.49935428806014,1.7399741715224055,TP,10312.415838096005,3.86028571428564,100.0,19.288601585619453
XAUUSDm,candidate_current,momentum,2025-09-04 13:35:00+00:00,2025-09-04 13:40:00+00:00,2025-09-04 14:00:00+00:00,BUY,session_breakout,3558.0640662244755,3539.71,3591.101385428531,1.8,1.3620959897519653,0.13142357142856975,0.09035443876120358,0.9667849591769859,-25.0,-25.966784959176987,-1.0386713983670794,SL,10286.449053136828,4.3807857142856585,99.0,19.552379694708875
XAUUSDm,candidate_current,momentum,2025-09-12 12:20:00+00:00,2025-09-12 12:25:00+00:00,2025-09-12 13:10:00+00:00,SELL,session_breakout,3643.1968028362885,3649.349,3632.1228479416077,1.8,4.063588882921517,0.063953571428571,0.044220377997241433,2.9633908052601514,-25.0,-27.96339080526015,-1.118535632210406,SL,10258.485662331568,2.1317857142857,65.0,21.061426016204223
XAUUSDm,candidate_current,momentum,2025-09-25 12:50:00+00:00,2025-09-25 12:55:00+00:00,2025-09-25 18:40:00+00:00,SELL,session_breakout,3732.378902640609,3755.926,3689.994127393705,1.8,1.0617019846834543,0.14623071428571327,0.07498200224854984,0.7950348177048376,-25.0,-25.79503481770484,-1.0318013927081935,SL,10232.690627513863,4.874357142857109,100.0,19.87710691908853
XAUUSDm,candidate_current,momentum,2025-10-01 12:45:00+00:00,2025-10-01 12:50:00+00:00,2025-10-02 00:50:00+00:00,SELL,session_breakout,3870.905355312528,3891.122,3834.515394875079,1.8,1.2366048069041147,0.1346742857142866,0.04330754461467479,0.9556902832770526,16.657506130178785,15.701815846901733,0.6280726338760693,TIMEOUT,10248.392443360764,4.489142857142887,96.0,18.3325867553591
XAUUSDm,candidate_current,momentum,2025-10-09 13:40:00+00:00,2025-10-09 13:45:00+00:00,2025-10-09 16:40:00+00:00,SELL,session_breakout,4031.171171300555,4057.981,3982.913479641554,1.8,0.9324938357594775,0.18705642857143076,0.11330048515882081,0.7473084536258162,45.0,44.25269154637419,1.7701076618549676,TP,10292.64513490714,6.235214285714359,100.0,19.2834809256265
XAUUSDm,candidate_current,momentum,2025-10-21 12:10:00+00:00,2025-10-21 12:15:00+00:00,2025-10-21 14:20:00+00:00,SELL,session_breakout,4225.283335901737,4267.064,4150.078140524863,1.8,0.5983629159460644,0.2890564285714325,0.13013588397739745,0.5011505715136955,44.99999999999989,44.498849428486196,1.779953977139448,TP,10337.143984335626,9.635214285714417,84.0,57.438051634424795
XAUUSDm,candidate_current,momentum,2025-10-22 13:00:00+00:00,2025-10-22 13:05:00+00:00,2025-10-22 14:45:00+00:00,BUY,session_breakout,4066.5952891271345,4023.09,4144.9048095559765,1.8,0.5746427733635597,0.39714642857142374,0.2327159128484839,0.46486791901824076,-25.000000000000004,-25.464867919018243,-1.0185947167607297,SL,10311.679116416608,13.238214285714125,64.0,38.975027111375816
XAUUSDm,candidate_current,momentum,2025-10-24 12:30:00+00:00,2025-10-24 12:35:00+00:00,2025-10-26 22:05:00+00:00,BUY,session_breakout,4089.9666600733817,4058.775,4146.111648205469,1.8,0.801496295522101,0.19440642857142945,0.1744568590955911,0.6555581396462238,-0.6048572531938924,-1.260415392840116,-0.050416615713604646,TIMEOUT,10310.418701023767,6.4802142857143155,74.0,42.41032507024094
XAUUSDm,candidate_current,momentum,2025-11-10 12:50:00+00:00,2025-11-10 12:55:00+00:00,2025-11-10 14:00:00+00:00,BUY,session_breakout,4099.934994391345,4087.377,4122.539384295766,1.8,1.9907637494431656,0.09960428571428273,0.046192248487273484,1.6299003923815516,-25.0,-26.62990039238155,-1.065196015695262,SL,10283.788800631386,3.320142857142758,42.0,48.841486735074575
XAUUSDm,candidate_current,momentum,2025-11-14 12:10:00+00:00,2025-11-14 12:15:00+00:00,2025-11-14 13:20:00+00:00,SELL,session_breakout,4125.7742953295765,4157.72,4068.272026922814,1.8,0.7825778225247824,0.2434607142857099,0.08297431328121764,0.6412478928535477,44.99999999999986,44.35875210714631,1.7743500842858524,TP,10328.147552738532,8.115357142856997,100.0,35.25045599985121
XAUUSDm,candidate_current,momentum,2025-11-14 13:25:00+00:00,2025-11-14 13:30:00+00:00,2025-11-16 23:00:00+00:00,SELL,session_breakout,4055.3733724706008,4119.67,3939.639442917682,1.8,0.3888228817066475,0.34366928571428257,0.17079288654217784,0.31623133611291704,-8.669438968320806,-8.985670304433723,-0.35942681217734895,TIMEOUT,10319.161882434099,11.455642857142752,100.0,46.13312162979941
XAUUSDm,candidate_current,momentum,2025-11-18 13:35:00+00:00,2025-11-18 13:40:00+00:00,2025-11-19 01:40:00+00:00,BUY,session_breakout,4066.1903626633543,4029.089,4132.972815457392,1.8,0.6738296980313583,0.20224714285714396,0.1022390919254461,0.547929764497238,-0.5420034505557729,-1.0899332150530108,-0.04359732860212043,TIMEOUT,10318.071949219046,6.741571428571466,98.0,23.99220544731655
XAUUSDm,candidate_current,momentum,2025-11-19 13:10:00+00:00,2025-11-19 13:15:00+00:00,2025-11-19 14:55:00+00:00,SELL,session_breakout,4102.941736439969,4120.01,4072.218862031912,1.8,1.4647067003665302,0.13318928571428126,0.10166891717355755,1.2044212505154217,-24.999999999999996,-26.204421250515416,-1.0481768500206168,SL,10291.86752796853,4.439642857142709,70.0,38.20990375075074
XAUUSDm,candidate_current,momentum,2025-12-03 13:50:00+00:00,2025-12-03 13:55:00+00:00,2025-12-03 14:50:00+00:00,BUY,session_breakout,4236.201202345871,4211.353,4280.927966568439,1.8,1.0061089994365031,0.14135571428571309,0.09752448872773059,0.8499160306207832,-25.0,-25.849916030620783,-1.0339966412248314,SL,10266.01761193791,4.711857142857103,100.0,27.83795219721161
XAUUSDm,candidate_current,momentum,2025-12-16 13:20:00+00:00,2025-12-16 13:25:00+00:00,2025-12-16 14:15:00+00:00,BUY,session_breakout,4301.041734985879,4289.067,4322.596257960461,1.8,2.0877288749588936,0.10657071428571661,0.09044962873595015,1.8003818045066633,45.0,43.199618195493336,1.7279847278197336,TP,10309.217230133403,3.5523571428572205,63.0,29.460394202997385
XAUUSDm,candidate_current,momentum,2025-12-23 13:50:00+00:00,2025-12-23 13:55:00+00:00,2025-12-23 14:55:00+00:00,SELL,session_breakout,4478.853611996486,4497.359,4445.543913590159,1.8,1.3509578937362285,0.16868357142857154,0.12904621780011893,1.2056485284031344,45.00000000000025,43.79435147159712,1.7517740588638846,TP,10353.011581605,5.622785714285718,100.0,24.530324010148064
XAUUSDm,candidate_current,momentum,2025-12-29 13:40:00+00:00,2025-12-29 13:45:00+00:00,2025-12-29 14:40:00+00:00,SELL,session_breakout,4429.260487061959,4467.761,4359.959563773484,1.8,0.6493419981243427,0.21624642857142654,0.12638972375476445,0.5707209709764024,45.000000000000234,44.42927902902383,1.7771711611609533,TP,10397.440860634024,7.208214285714218,73.0,42.45223459079032
XAUUSDm,candidate_current,momentum,2026-01-07 12:15:00+00:00,2026-01-07 12:20:00+00:00,2026-01-07 16:20:00+00:00,SELL,session_breakout,4442.014749360292,4455.798,4417.204898208817,1.8,1.8137956461429858,0.13742785714285674,0.11953671113753699,1.6138814024985249,-25.0,-26.613881402498524,-1.064555256099941,SL,10370.826979231526,4.580928571428558,75.0,24.219487564866068
XAUUSDm,candidate_current,momentum,2026-01-08 13:20:00+00:00,2026-01-08 13:25:00+00:00,2026-01-08 16:30:00+00:00,BUY,session_breakout,4432.1925643660525,4417.26,4459.071180224946,1.8,1.6741933526725725,0.1653042857142873,0.06891222319556652,1.4885694658052897,44.99999999999939,43.5114305341941,1.7404572213677638,TP,10414.33840976572,5.51014285714291,83.0,28.359410028489833
XAUUSDm,candidate_current,momentum,2026-01-12 13:45:00+00:00,2026-01-12 13:50:00+00:00,2026-01-12 14:10:00+00:00,BUY,session_breakout,4614.538484774171,4595.895,4648.096757367677,1.8,1.3409510240615763,0.15747642857142571,0.04974655988522907,1.2350740213458957,-24.999999999999996,-26.23507402134589,-1.0494029608538358,SL,10388.103335744374,5.24921428571419,100.0,25.538314763185657
XAUUSDm,candidate_current,momentum,2026-01-30 13:20:00+00:00,2026-01-30 13:25:00+00:00,2026-01-30 17:43:00+00:00,SELL,session_breakout,5025.543380445478,5117.524,4859.978265247338,1.8,0.271796386250486,0.8836500000000017,0.32079455452207767,0.26868490595002653,44.99999999999991,44.73131509404988,1.7892526037619951,TP,10432.834650838424,29.45500000000006,71.0,48.48365673984146
XAUUSDm,candidate_current,momentum,2026-02-04 12:30:00+00:00,2026-02-04 12:35:00+00:00,2026-02-04 12:59:00+00:00,BUY,session_breakout,5062.923031461973,5037.48,5108.720488093524,1.8,0.9825873161916563,0.28187571428571706,0.22709360482995392,0.9924527907138289,-25.0,-25.99245279071383,-1.0396981116285533,SL,10406.84219804771,9.395857142857235,45.0,27.185615352908528
XAUUSDm,candidate_current,momentum,2026-02-17 13:55:00+00:00,2026-02-17 14:00:00+00:00,2026-02-18 02:00:00+00:00,SELL,session_breakout,4869.877790790018,4924.239,4772.02761421205,1.8,0.45988675313369237,0.3260078571428546,0.2032052814109885,0.44879473491357097,-8.76277840710882,-9.211573142022392,-0.36846292568089567,TIMEOUT,10397.630624905689,10.866928571428486,88.0,20.56358489368482
XAUUSDm,candidate_current,momentum,2026-02-18 13:05:00+00:00,2026-02-18 13:10:00+00:00,2026-02-19 01:10:00+00:00,BUY,session_breakout,4955.1880070497555,4917.985,5022.153419739316,1.8,0.6719886907680518,0.21361500000000172,0.08819954975478471,0.6664673633629608,5.013030895773811,4.34656353241085,0.173862541296434,TIMEOUT,10401.977188438099,7.120500000000058,100.0,18.559749289996407
XAUUSDm,candidate_current,momentum,2026-02-19 13:35:00+00:00,2026-02-19 13:40:00+00:00,2026-02-19 14:30:00+00:00,BUY,session_breakout,4994.704105243283,4971.705,5036.102494681193,1.8,1.0869988086732636,0.19561928571427936,0.127295600425898,1.0833474824149818,-25.0,-26.083347482414982,-1.0433338992965993,SL,10375.893840955683,6.520642857142645,99.0,31.84451899181582
XAUUSDm,candidate_current,momentum,2026-02-24 13:35:00+00:00,2026-02-24 13:40:00+00:00,2026-02-24 14:13:00+00:00,SELL,session_breakout,5138.423030398959,5161.12,5097.568485117085,1.8,1.1014686294884648,0.2371114285714267,0.09641388675555407,1.127462354605101,44.999999999999595,43.872537645394495,1.7549015058157797,TP,10419.766378601078,7.903714285714224,92.0,28.697801795800675
XAUUSDm,candidate_current,momentum,2026-02-27 13:15:00+00:00,2026-02-27 13:20:00+00:00,2026-03-01 23:01:00+00:00,BUY,session_breakout,5218.654637006121,5182.863,5283.079583617139,1.8,0.6984871911760964,0.15895071428571358,0.12516164897892557,0.7335326838241034,44.999999999999744,44.26646731617564,1.7706586926470258,TP,10464.032845917254,5.29835714285712,96.0,21.011152787242228
XAUUSDm,candidate_current,momentum,2026-03-06 13:30:00+00:00,2026-03-06 13:35:00+00:00,2026-03-08 22:03:00+00:00,BUY,session_breakout,5124.062030090054,5065.362,5229.72208425215,1.8,0.4258941598777156,0.3191828571428576,0.19543866148181196,0.43884202505017184,23.804063568707036,23.365221543656865,0.9346088617462747,TIMEOUT,10487.398067460912,10.639428571428587,100.0,32.269028977247274
XAUUSDm,candidate_current,momentum,2026-03-11 12:55:00+00:00,2026-03-11 13:00:00+00:00,2026-03-12 01:00:00+00:00,SELL,session_breakout,5166.937364405824,5196.653,5113.449220336307,1.8,0.8413079343623294,0.24058499999999836,0.13634309417629464,0.8688721575275608,5.249226779997493,4.380354622469933,0.1752141848987973,TIMEOUT,10491.778422083382,8.019499999999946,100.0,33.44240933449603
XAUUSDm,candidate_current,momentum,2026-03-18 12:05:00+00:00,2026-03-18 12:10:00+00:00,2026-03-18 20:28:00+00:00,SELL,session_breakout,4913.137669325803,4966.259,4817.519274112247,1.8,0.4706207409097004,0.37023642857142863,0.18921245991148256,0.4579448980258936,44.999999999999915,44.54205510197402,1.7816822040789608,TP,10536.320477185356,12.341214285714289,100.0,40.301700145599256
XAUUSDm,candidate_current,momentum,2026-03-19 12:00:00+00:00,2026-03-19 12:05:00+00:00,2026-03-19 13:02:00+00:00,SELL,session_breakout,4629.970035462909,4695.267,4512.435499296147,1.8,0.38286618952706974,0.40764214285714323,0.3021434656623214,0.3500317970204393,44.999999999999865,44.64996820297942,1.785998728119177,TP,10580.970445388335,13.58807142857144,45.0,62.785720474995564
XAUUSDm,candidate_current,momentum,2026-03-20 13:30:00+00:00,2026-03-20 13:35:00+00:00,2026-03-20 14:15:00+00:00,SELL,session_breakout,4644.864585460504,4681.746,4578.478039289411,1.8,0.6778481875533139,0.32604642857143384,0.18039132520955817,0.6252026081369956,44.99999999999975,44.37479739186276,1.7749918956745103,TP,10625.345242780199,10.868214285714462,70.0,18.014851889985096
XAUUSDm,candidate_current,momentum,2026-03-30 13:40:00+00:00,2026-03-30 13:45:00+00:00,2026-03-31 00:23:00+00:00,SELL,session_breakout,4544.303643446579,4578.633,4482.510801650423,1.8,0.7282396907468136,0.28368857142857123,0.10251226770620132,0.657368455992631,44.999999999999865,44.34263154400723,1.7737052617602893,TP,10669.687874324205,9.456285714285709,89.0,42.69311928505708
XAUUSDm,candidate_current,momentum,2026-04-09 13:35:00+00:00,2026-04-09 13:40:00+00:00,2026-04-10 01:40:00+00:00,BUY,session_breakout,4770.258389146939,4738.562,4827.31188961143,1.8,0.788733375404495,0.22024499999999989,0.08426664693877299,0.7527326176575253,2.402174928303113,1.6494423106455878,0.0659776924258235,TIMEOUT,10671.33731663485,7.341499999999996,85.0,19.548493915416145
XAUUSDm,candidate_current,momentum,2026-04-17 12:45:00+00:00,2026-04-17 12:50:00+00:00,2026-04-19 22:01:00+00:00,BUY,session_breakout,4836.564901924644,4800.857,4900.839125389003,1.8,0.7001251446460979,0.21645000000000436,0.21067692464422394,0.6747401403100463,-25.0,-25.674740140310046,-1.026989605612402,SL,10645.66257649454,7.2150000000001455,100.0,20.33483815266089
XAUUSDm,candidate_current,momentum,2026-04-20 13:25:00+00:00,2026-04-20 13:30:00+00:00,2026-04-20 14:51:00+00:00,BUY,session_breakout,4824.453508594206,4799.549,4869.281624063778,1.8,1.0038343019470801,0.2057849999999988,0.1926160942060843,0.9660903840151615,-25.0,-25.96609038401516,-1.0386436153606065,SL,10619.696486110524,6.859499999999961,99.0,18.41847392036155
XAUUSDm,candidate_current,momentum,2026-04-29 12:50:00+00:00,2026-04-29 12:55:00+00:00,2026-04-30 00:45:00+00:00,SELL,session_breakout,4544.914357839637,4568.888,4501.761801950984,1.8,1.0428119278986319,0.17339357142857026,0.13694537464841713,0.950398180726585,-25.0,-25.950398180726584,-1.0380159272290634,SL,10593.746087929798,5.7797857142856754,95.0,20.702548664922677
XAUUSDm,candidate_current,momentum,2026-05-01 13:50:00+00:00,2026-05-01 13:55:00+00:00,2026-05-03 22:03:00+00:00,BUY,session_breakout,4617.019888802445,4586.483,4671.986288646846,1.8,0.8186819607503149,0.22602857142856853,0.1098745167306952,0.7567408019691871,7.6662289158981824,6.909488113928996,0.2763795245571598,TIMEOUT,10600.655576043726,7.534285714285618,100.0,38.294848342025965
XAUUSDm,sell_only,momentum,2025-01-03 13:15:00+00:00,2025-01-03 13:20:00+00:00,2025-01-03 16:50:00+00:00,SELL,session_breakout,2652.005430036269,2658.656,2640.0344041015533,1.8,3.7590763102016957,0.04961357142857001,0.04176317801689456,1.98931815731512,45.0,43.01068184268488,1.7204272737073953,TP,10043.010681842685,1.653785714285667,73.0,20.836599199556407
XAUUSDm,sell_only,momentum,2025-01-06 13:30:00+00:00,2025-01-06 13:35:00+00:00,2025-01-06 14:15:00+00:00,SELL,session_breakout,2638.225875719044,2648.848,2619.106052013323,1.8,2.353578186316398,0.09765428571428304,0.05929713809885488,1.2373541743335637,45.00000000000021,43.76264582566665,1.750505833026666,TP,10086.773327668352,3.255142857142768,99.0,33.51748168707531
XAUUSDm,sell_only,momentum,2025-01-13 12:00:00+00:00,2025-01-13 12:05:00+00:00,2025-01-13 17:35:00+00:00,SELL,session_breakout,2673.0580294992337,2680.55,2659.572482597854,1.8,3.3369058243678893,0.06136285714285707,0.0552890721947306,1.7794485815018692,45.0,43.22055141849813,1.7288220567399253,TP,10129.993879086851,2.045428571428569,66.0,19.272499199964653
XAUUSDm,sell_only,momentum,2025-01-23 13:10:00+00:00,2025-01-23 13:15:00+00:00,2025-01-23 14:30:00+00:00,SELL,session_breakout,2740.6643872582235,2746.514,2730.1350843230257,1.8,4.273787189612704,0.08819785714285834,0.06951381320493961,2.3451032698583893,-25.0,-27.345103269858388,-1.0938041307943356,SL,10102.648775816993,2.9399285714286116,100.0,21.034694030739566
XAUUSDm,sell_only,momentum,2025-02-11 12:45:00+00:00,2025-02-11 12:50:00+00:00,2025-02-11 13:15:00+00:00,SELL,session_breakout,2896.7225578318275,2904.236,2883.1983619291173,1.8,3.3273697248782215,0.08019428571428665,0.02934502531530715,1.9231933880602854,45.000000000000306,43.07680661194002,1.7230722644776009,TP,10145.725582428933,2.673142857142888,57.99999999999999,33.99080280425428
XAUUSDm,sell_only,momentum,2025-02-12 13:15:00+00:00,2025-02-12 13:20:00+00:00,2025-02-12 14:00:00+00:00,SELL,session_breakout,2874.132785150998,2885.902,2852.948198422795,1.8,2.1241858799204643,0.08443714285714382,0.0829962775729859,1.2235384558468456,-25.0,-26.223538455846846,-1.0489415382338738,SL,10119.502043973087,2.814571428571461,97.0,21.687231563201554
XAUUSDm,sell_only,momentum,2025-02-13 13:00:00+00:00,2025-02-13 13:05:00+00:00,2025-02-13 18:50:00+00:00,SELL,session_breakout,2913.972054534422,2921.369,2900.6575526963816,1.8,3.379773464106024,0.06448499999999967,0.05370296557799326,1.9722130850123905,-25.0,-26.972213085012392,-1.0788885234004957,SL,10092.529830888074,2.149499999999989,60.0,18.43714716473585
XAUUSDm,sell_only,momentum,2025-02-14 13:40:00+00:00,2025-02-14 13:45:00+00:00,2025-02-14 16:45:00+00:00,SELL,session_breakout,2917.8291880054317,2933.321,2889.943926415209,1.8,1.6137557058377363,0.10798928571428665,0.09181735171093464,0.937232700160731,45.0,44.062767299839265,1.7625106919935707,TP,10136.592598187914,3.5996428571428885,100.0,18.863435153374482
XAUUSDm,sell_only,momentum,2025-02-28 12:50:00+00:00,2025-02-28 12:55:00+00:00,2025-02-28 14:40:00+00:00,SELL,session_breakout,2855.041569152536,2864.502,2838.0127936271006,1.8,2.6425857768096703,0.06792428571428445,0.0264687046071094,1.504438448568571,45.0,43.49556155143143,1.739822462057257,TP,10180.088159739345,2.264142857142815,71.0,21.169540131150995
XAUUSDm,sell_only,momentum,2025-03-03 13:05:00+00:00,2025-03-03 13:10:00+00:00,2025-03-03 14:30:00+00:00,SELL,session_breakout,2871.0501977842096,2877.716,2859.051753795787,1.8,3.750486316677468,0.057207857142854465,0.03519828721885243,2.156066896256763,-25.0,-27.156066896256764,-1.0862426758502706,SL,10152.932092843088,1.9069285714284823,70.0,19.71262015212677
XAUUSDm,sell_only,momentum,2025-03-05 13:30:00+00:00,2025-03-05 13:35:00+00:00,2025-03-05 15:05:00+00:00,SELL,session_breakout,2908.679267955909,2917.269,2893.2177502765453,1.8,2.9104516731925636,0.08657571428571535,0.048444186948282,1.6956140884405593,-25.0,-26.69561408844056,-1.0678245635376225,SL,10126.236478754647,2.8858571428571786,100.0,18.538773727042578
XAUUSDm,sell_only,momentum,2025-03-21 13:45:00+00:00,2025-03-21 13:50:00+00:00,2025-03-23 22:05:00+00:00,SELL,session_breakout,3010.6389837290335,3036.851,2963.457354441294,1.8,0.9537610438496069,0.11942571428571715,0.11330341382348241,0.5755493893856891,-12.633534305446096,-13.209083694831785,-0.5283633477932714,TIMEOUT,10113.027395059815,3.9808571428572384,100.0,18.011965333720443
XAUUSDm,sell_only,momentum,2025-03-26 13:00:00+00:00,2025-03-26 13:05:00+00:00,2025-03-26 14:00:00+00:00,SELL,session_breakout,3024.7862417048646,3029.994,3015.4122767736203,1.8,4.800530013720441,0.06616928571428649,0.04967365227874255,2.899615427678571,45.00000000000087,42.1003845723223,1.684015382892892,TP,10155.127779632137,2.205642857142883,100.0,19.750277906197685
XAUUSDm,sell_only,momentum,2025-04-03 12:20:00+00:00,2025-04-03 12:25:00+00:00,2025-04-03 14:00:00+00:00,SELL,session_breakout,3080.657633237676,3097.309,3050.6851730654917,1.8,1.5013782566224716,0.14053499999999824,0.12309926232470972,0.9275464773282184,-25.0,-25.927546477328217,-1.0371018590931287,SL,10129.200233154808,4.684499999999941,68.0,45.51265925747012
XAUUSDm,sell_only,momentum,2025-04-23 13:25:00+00:00,2025-04-23 13:30:00+00:00,2025-04-23 14:00:00+00:00,SELL,session_breakout,3299.66637035063,3320.54,3262.0938369817645,1.8,1.1976834129925622,0.2031985714285695,0.124030363655571,0.7858911360356645,44.99999999999989,44.21410886396423,1.7685643545585692,TP,10173.414342018772,6.773285714285651,78.0,22.560104668224394
XAUUSDm,sell_only,momentum,2025-04-25 13:20:00+00:00,2025-04-25 13:25:00+00:00,2025-04-25 19:30:00+00:00,SELL,session_breakout,3270.434114314078,3298.252,3220.361920079419,1.8,0.8987023773935546,0.20633142857142858,0.09471997163624747,0.5903293827286094,-25.0,-25.59032938272861,-1.0236131753091444,SL,10147.824012636043,6.877714285714286,89.0,31.5080885248663
XAUUSDm,sell_only,momentum,2025-04-30 12:00:00+00:00,2025-04-30 12:05:00+00:00,2025-04-30 12:15:00+00:00,SELL,session_breakout,3267.59205651094,3281.671,3242.2499582306323,1.8,1.7757014238622706,0.11945999999999815,0.08221348905983687,1.1629535734695042,-25.0,-26.162953573469505,-1.0465181429387802,SL,10121.661059062573,3.9819999999999385,85.0,43.24131785778276
XAUUSDm,sell_only,momentum,2025-05-02 13:00:00+00:00,2025-05-02 13:05:00+00:00,2025-05-02 14:55:00+00:00,SELL,session_breakout,3244.048784019952,3263.926,3208.269795255866,1.8,1.257721404501228,0.15889714285714296,0.0547674086190981,0.818521918581615,-25.0,-25.818521918581617,-1.0327408767432646,SL,10095.842537143992,5.296571428571432,100.0,20.422343309001352
XAUUSDm,sell_only,momentum,2025-05-14 12:50:00+00:00,2025-05-14 12:55:00+00:00,2025-05-15 00:55:00+00:00,SELL,session_breakout,3186.1486760651837,3221.493,3122.5288929825147,1.8,0.7073271523344532,0.21265500000000104,0.18699643481605868,0.450848677132741,-1.1878314166606592,-1.6386800937934,-0.065547203751736,TIMEOUT,10094.203857050199,7.088500000000034,100.0,20.548243138493692
XAUUSDm,sell_only,momentum,2025-05-28 13:35:00+00:00,2025-05-28 13:40:00+00:00,2025-05-28 20:50:00+00:00,SELL,session_breakout,3303.674616770664,3316.438,3280.7005269578594,1.8,1.9587283050891215,0.11382000000000095,0.0844732293356521,1.2897001965346313,45.000000000000355,43.71029980346572,1.748411992138629,TP,10137.914156853665,3.7940000000000316,98.0,19.47008735358178
XAUUSDm,sell_only,momentum,2025-06-03 13:45:00+00:00,2025-06-03 13:50:00+00:00,2025-06-04 01:20:00+00:00,SELL,session_breakout,3343.7791459253385,3363.095,3309.0106085909483,1.8,1.2942736005028763,0.12839785714285493,0.10665514609011857,0.8680530148966442,-25.000000000000004,-25.86805301489665,-1.0347221205958659,SL,10112.04610383877,4.279928571428497,100.0,26.21077909916798
XAUUSDm,sell_only,momentum,2025-06-16 13:50:00+00:00,2025-06-16 13:55:00+00:00,2025-06-17 01:55:00+00:00,SELL,session_breakout,3389.7486946068466,3417.401,3339.9745448991707,1.8,0.9040837515916496,0.17297357142857242,0.09481860743868863,0.6132795799628368,-3.5623660822588152,-4.175645662221652,-0.16702582648886607,TIMEOUT,10107.870458176547,5.765785714285747,100.0,35.415918947083775
XAUUSDm,sell_only,momentum,2025-06-24 12:30:00+00:00,2025-06-24 12:35:00+00:00,2025-06-24 19:30:00+00:00,SELL,session_breakout,3307.6236963558263,3321.86,3281.9983497963135,1.8,1.7560738113527898,0.12322071428571267,0.12069328703088288,1.164186270196076,-25.0,-26.164186270196076,-1.046567450807843,SL,10081.70627190635,4.107357142857089,82.0,38.064296195118644
XAUUSDm,sell_only,momentum,2025-06-26 13:05:00+00:00,2025-06-26 13:10:00+00:00,2025-06-27 01:10:00+00:00,SELL,session_breakout,3317.778992537417,3344.056,3270.480379104767,1.8,0.9514020968939626,0.15296785714285566,0.14152353401123338,0.6311909757974025,1.174023087649774,0.5428321118523715,0.02171328447409486,TIMEOUT,10082.249104018203,5.098928571428522,100.0,18.53667304092629
XAUUSDm,sell_only,momentum,2025-06-27 12:05:00+00:00,2025-06-27 12:10:00+00:00,2025-06-29 22:05:00+00:00,SELL,session_breakout,3273.938526592383,3285.344,3253.408674458672,1.8,2.1919300590630257,0.1014771428571443,0.08573483618828168,1.4346029955717043,6.458580207672242,5.0239772121005375,0.2009590884840215,TIMEOUT,10087.273081230303,3.382571428571477,74.0,43.632735004813654
XAUUSDm,sell_only,momentum,2025-07-08 13:45:00+00:00,2025-07-08 13:50:00+00:00,2025-07-08 14:40:00+00:00,SELL,session_breakout,3316.021267175138,3326.914,3296.4143480903854,1.8,2.2951081608224295,0.10118357142857348,0.04414103914766541,1.5176254943508787,45.00000000000042,43.48237450564954,1.7392949802259816,TP,10130.755455735953,3.372785714285783,100.0,18.147393845146915
XAUUSDm,sell_only,momentum,2025-07-14 12:35:00+00:00,2025-07-14 12:40:00+00:00,2025-07-15 00:40:00+00:00,SELL,session_breakout,3351.451378070749,3368.025,3321.6188585980967,1.8,1.5084210383656014,0.09729428571428668,0.060974786394119705,1.0104056323151243,6.743212331365516,5.732806699050392,0.22931226796201568,TIMEOUT,10136.488262435003,3.2431428571428893,100.0,21.65202251038262
XAUUSDm,sell_only,momentum,2025-07-15 12:05:00+00:00,2025-07-15 12:10:00+00:00,2025-07-15 12:30:00+00:00,SELL,session_breakout,3352.7417618789177,3359.335,3340.8739332609694,1.8,3.791763552428179,0.0592757142857129,0.01960026393952331,2.5450608026792634,-25.0,-27.545060802679263,-1.1018024321071704,SL,10108.943201632324,1.9758571428570966,59.0,20.971755145144762
XAUUSDm,sell_only,momentum,2025-07-15 12:35:00+00:00,2025-07-15 12:40:00+00:00,2025-07-15 15:35:00+00:00,SELL,session_breakout,3347.976391513146,3360.387,3325.637296236809,1.8,2.0144056616145245,0.10199142857143151,0.041612772568100274,1.3443365196031698,44.99999999999963,43.65566348039646,1.7462265392158587,TP,10152.59886511272,3.3997142857143836,100.0,24.614335357064114
XAUUSDm,sell_only,momentum,2025-07-24 12:45:00+00:00,2025-07-24 12:50:00+00:00,2025-07-24 13:40:00+00:00,SELL,session_breakout,3354.2018684766313,3365.506,3333.8544317345677,1.8,2.211580778967271,0.0947721428571445,0.07374545193972519,1.4861176762198047,-25.000000000000004,-26.48611767621981,-1.0594447070487922,SL,10126.1127474365,3.1590714285714836,92.0,50.569753258342374
XAUUSDm,sell_only,momentum,2025-07-28 13:30:00+00:00,2025-07-28 13:35:00+00:00,2025-07-28 13:50:00+00:00,SELL,session_breakout,3324.23882414441,3330.639,3312.718507604348,1.8,3.9061426692149963,0.08868000000000101,0.07283585559013449,2.5924902227303135,45.0,42.40750977726969,1.6963003910907875,TP,10168.52025721377,2.9560000000000337,99.0,24.688991825086365
XAUUSDm,sell_only,momentum,2025-09-12 12:20:00+00:00,2025-09-12 12:25:00+00:00,2025-09-12 13:10:00+00:00,SELL,session_breakout,3643.17852415091,3649.349,3632.071667622548,1.8,4.051551389458351,0.063953571428571,0.0624990633753195,2.9546050023136887,-25.0,-27.954605002313688,-1.1181842000925475,SL,10140.565652211455,2.1317857142857,65.0,21.061426016204223
XAUUSDm,sell_only,momentum,2025-09-25 12:50:00+00:00,2025-09-25 12:55:00+00:00,2025-09-25 18:40:00+00:00,SELL,session_breakout,3732.3766634561744,3755.926,3689.9878576772885,1.8,1.06160103294098,0.14623071428571327,0.0772211866827722,0.7949589842499766,-24.999999999999996,-25.794958984249973,-1.031798359369999,SL,10114.770693227205,4.874357142857109,100.0,19.87710691908853
XAUUSDm,sell_only,momentum,2025-10-01 12:45:00+00:00,2025-10-01 12:50:00+00:00,2025-10-02 00:50:00+00:00,SELL,session_breakout,3870.8733365940216,3891.122,3834.4257424632606,1.8,1.234649393827097,0.1346742857142866,0.07532626312160537,0.9541751203084711,16.59163412985329,15.637459009544818,0.6254983603817926,TIMEOUT,10130.40815223675,4.489142857142887,96.0,18.3325867553591
XAUUSDm,sell_only,momentum,2025-10-09 13:40:00+00:00,2025-10-09 13:45:00+00:00,2025-10-09 16:40:00+00:00,SELL,session_breakout,4031.1668714539924,4057.981,3982.901440071178,1.8,0.9323443033811389,0.18705642857143076,0.1176003317219786,0.7471870937157795,45.00000000000017,44.25281290628439,1.7701125162513756,TP,10174.660965143035,6.235214285714359,100.0,19.2834809256265
XAUUSDm,sell_only,momentum,2025-10-21 12:10:00+00:00,2025-10-21 12:15:00+00:00,2025-10-21 14:20:00+00:00,SELL,session_breakout,4225.288417317081,4267.064,4150.092368487827,1.8,0.5984356984258644,0.2890564285714325,0.1250544686328651,0.5012126850135725,45.00000000000021,44.49878731498664,1.7799514925994657,TP,10219.159752458021,9.635214285714417,84.0,57.438051634424795
XAUUSDm,sell_only,momentum,2025-11-14 12:10:00+00:00,2025-11-14 12:15:00+00:00,2025-11-14 13:20:00+00:00,SELL,session_breakout,4125.762089880828,4157.72,4068.2378516663184,1.8,0.7822789383527956,0.2434607142857099,0.09517976202874698,0.6409993575136371,45.0,44.359000642486365,1.7743600256994545,TP,10263.518753100507,8.115357142856997,100.0,35.25045599985121
XAUUSDm,sell_only,momentum,2025-11-14 13:25:00+00:00,2025-11-14 13:30:00+00:00,2025-11-16 23:00:00+00:00,SELL,session_breakout,4055.326624950884,4119.67,3939.5085498624744,1.8,0.38854038944827407,0.34366928571428257,0.21754040625906726,0.3159997676039915,-8.681303643172487,-8.997303410776478,-0.3598921364310591,TIMEOUT,10254.52144968973,11.455642857142752,100.0,46.13312162979941
XAUUSDm,sell_only,momentum,2025-11-19 13:10:00+00:00,2025-11-19 13:15:00+00:00,2025-11-19 14:55:00+00:00,SELL,session_breakout,4102.982293245543,4120.01,4072.332421087519,1.8,1.4681953571613782,0.13318928571428126,0.06111211159967023,1.20729591069169,-25.0,-26.20729591069169,-1.0482918364276677,SL,10228.314153779038,4.439642857142709,70.0,38.20990375075074
XAUUSDm,sell_only,momentum,2025-12-23 13:50:00+00:00,2025-12-23 13:55:00+00:00,2025-12-23 14:55:00+00:00,SELL,session_breakout,4478.852962511086,4497.359,4445.54209503104,1.8,1.3509104806999117,0.16868357142857154,0.12969570319969032,1.205605881714015,45.0,43.794394118285986,1.7517757647314394,TP,10272.108547897324,5.622785714285718,100.0,24.530324010148064
XAUUSDm,sell_only,momentum,2025-12-29 13:40:00+00:00,2025-12-29 13:45:00+00:00,2025-12-29 14:40:00+00:00,SELL,session_breakout,4429.255830078303,4467.761,4359.946524219247,1.8,0.6492634638631386,0.21624642857142654,0.13104670741092922,0.570650796514528,45.00000000000024,44.429349203485714,1.7771739681394285,TP,10316.537897100809,7.208214285714218,73.0,42.45223459079032
XAUUSDm,sell_only,momentum,2026-01-07 12:15:00+00:00,2026-01-07 12:20:00+00:00,2026-01-07 16:20:00+00:00,SELL,session_breakout,4442.012954488165,4455.798,4417.199872566862,1.8,1.8135594821603187,0.13742785714285674,0.12133158326452272,1.6136709426981968,-25.0,-26.613670942698196,-1.064546837707928,SL,10289.924226158111,4.580928571428558,75.0,24.219487564866068
XAUUSDm,sell_only,momentum,2026-01-30 13:20:00+00:00,2026-01-30 13:25:00+00:00,2026-01-30 17:43:00+00:00,SELL,session_breakout,5025.165927519831,5117.524,4858.921397055526,1.8,0.27068559714006396,0.8836500000000017,0.6982474801690025,0.26754800796372175,45.0,44.73245199203628,1.7892980796814513,TP,10334.656678150148,29.45500000000006,71.0,48.48365673984146
XAUUSDm,sell_only,momentum,2026-02-17 13:55:00+00:00,2026-02-17 14:00:00+00:00,2026-02-18 02:00:00+00:00,SELL,session_breakout,4869.911909928706,4924.239,4772.123147800378,1.8,0.46017557662655206,0.3260078571428546,0.16908614272276518,0.4490781623459958,-8.752580916046423,-9.201659078392419,-0.36806636313569674,TIMEOUT,10325.455019071755,10.866928571428486,88.0,20.56358489368482
XAUUSDm,sell_only,momentum,2026-02-24 13:35:00+00:00,2026-02-24 13:40:00+00:00,2026-02-24 14:13:00+00:00,SELL,session_breakout,5138.310174039827,5161.12,5097.252487311515,1.8,1.0960188843023713,0.2371114285714267,0.2092702458873996,1.1218369968301307,45.0000000000004,43.878163003170265,1.7551265201268107,TP,10369.333182074924,7.903714285714224,92.0,28.697801795800675
XAUUSDm,sell_only,momentum,2026-03-11 12:55:00+00:00,2026-03-11 13:00:00+00:00,2026-03-12 01:00:00+00:00,SELL,session_breakout,5166.866002036937,5196.653,5113.249405703424,1.8,0.8392923661189619,0.24058499999999836,0.20770546306385623,0.8667845627514595,5.176757023807214,4.309972461055755,0.1723988984422302,TIMEOUT,10373.643154535981,8.019499999999946,100.0,33.44240933449603
XAUUSDm,sell_only,momentum,2026-03-18 12:05:00+00:00,2026-03-18 12:10:00+00:00,2026-03-18 20:28:00+00:00,SELL,session_breakout,4913.115389829302,4966.259,4817.456891522046,1.8,0.4704234416837661,0.37023642857142863,0.21149195641197327,0.4577489302145958,45.00000000000017,44.54225106978557,1.7816900427914228,TP,10418.185405605767,12.341214285714289,100.0,40.301700145599256
XAUUSDm,sell_only,momentum,2026-03-19 12:00:00+00:00,2026-03-19 12:05:00+00:00,2026-03-19 13:02:00+00:00,SELL,session_breakout,4630.067612005422,4695.267,4512.708713615182,1.8,0.38343918200703303,0.40764214285714323,0.20456692314958622,0.35056986755692315,45.00000000000014,44.64943013244322,1.785977205297729,TP,10462.834835738211,13.58807142857144,45.0,62.785720474995564
XAUUSDm,sell_only,momentum,2026-03-20 13:30:00+00:00,2026-03-20 13:35:00+00:00,2026-03-20 14:15:00+00:00,SELL,session_breakout,4644.791395202031,4681.746,4578.273106565686,1.8,0.6765056787016103,0.32604642857143384,0.25358158368240125,0.6239455510477099,44.99999999999988,44.37605444895217,1.7750421779580867,TP,10507.210890187163,10.868214285714462,70.0,18.014851889985096
XAUUSDm,sell_only,momentum,2026-03-30 13:40:00+00:00,2026-03-30 13:45:00+00:00,2026-03-31 01:24:00+00:00,SELL,session_breakout,4544.293296815157,4578.633,4482.48183108244,1.8,0.7280202704557703,0.28368857142857123,0.1128588991286753,0.664167526995543,-25.000000000000004,-25.664167526995545,-1.0265667010798216,SL,10481.546722660169,9.456285714285709,89.0,42.69311928505708
XAUUSDm,sell_only,momentum,2026-04-29 12:50:00+00:00,2026-04-29 12:55:00+00:00,2026-04-30 00:45:00+00:00,SELL,session_breakout,4544.975021184827,4568.888,4501.931659317515,1.8,1.0454573724682577,0.17339357142857026,0.07628202945808843,0.9528155287163506,-24.999999999999996,-25.952815528716346,-1.038112621148654,SL,10455.593907131451,5.7797857142856754,95.0,20.702548664922677
XAUUSDm,buy_only,momentum,2025-01-07 13:10:00+00:00,2025-01-07 13:15:00+00:00,2025-01-07 15:00:00+00:00,BUY,session_breakout,2654.975055911924,2647.585,2668.2771565533867,1.8,3.382924337509092,0.06860785714285579,0.057751983352780416,1.793815946424802,-25.0,-26.7938159464248,-1.071752637856992,SL,9973.206184053575,2.2869285714285263,100.0,29.35827353571139
XAUUSDm,buy_only,momentum,2025-01-15 13:55:00+00:00,2025-01-15 14:00:00+00:00,2025-01-15 14:30:00+00:00,BUY,session_breakout,2693.947934681974,2682.127,2715.2256171095273,1.8,2.1148919838059044,0.10109571428571404,0.06138682483164762,1.136981778369876,-25.0,-26.136981778369876,-1.045479271134795,SL,9947.069202275205,3.3698571428571347,100.0,29.527297783745972
XAUUSDm,buy_only,momentum,2025-01-16 13:30:00+00:00,2025-01-16 13:35:00+00:00,2025-01-17 01:35:00+00:00,BUY,session_breakout,2713.5913244791664,2701.388,2735.557308541666,1.8,2.0486220818499166,0.07803214285714083,0.07030840773750051,1.1114537546185432,-3.708670703333759,-4.820124457952302,-0.19280497831809207,TIMEOUT,9942.249077817252,2.601071428571361,100.0,29.035232131775437
XAUUSDm,buy_only,momentum,2025-01-24 13:40:00+00:00,2025-01-24 13:45:00+00:00,2025-01-24 14:15:00+00:00,BUY,session_breakout,2783.9867028041876,2777.85,2795.0327678517256,1.8,4.073848905138408,0.05255785714285528,0.0414238756159642,2.265808236227745,-25.0,-27.265808236227745,-1.0906323294491098,SL,9914.983269581024,1.7519285714285096,50.0,34.62164324979766
XAUUSDm,buy_only,momentum,2025-01-30 13:00:00+00:00,2025-01-30 13:05:00+00:00,2025-01-30 15:10:00+00:00,BUY,session_breakout,2782.0775132622916,2777.714,2789.9318371344166,1.8,5.729328295170611,0.03985714285714169,0.014584690863207852,3.192387083218308,44.99999999999948,41.807612916781174,1.672304516671247,TP,9956.790882497804,1.3285714285713897,54.0,44.63844601034202
XAUUSDm,buy_only,momentum,2025-02-03 12:35:00+00:00,2025-02-03 12:40:00+00:00,2025-02-03 14:45:00+00:00,BUY,session_breakout,2808.0859707648915,2800.096,2822.4679181416964,1.8,3.128922587533335,0.06067071428571547,0.05963540774855266,1.7617567243323484,45.00000000000057,43.23824327566822,1.7295297310267288,TP,10000.029125773472,2.0223571428571825,47.0,32.5962657261514
XAUUSDm,buy_only,momentum,2025-02-24 13:55:00+00:00,2025-02-24 14:00:00+00:00,2025-02-24 14:20:00+00:00,BUY,session_breakout,2954.4899989705755,2946.923,2968.1105971176116,1.8,3.3038196644683837,0.07127785714285698,0.059360042003814666,1.9497204314148324,-25.0,-26.949720431414832,-1.0779888172565932,SL,9973.079405342056,2.375928571428566,88.0,20.21311523242239
XAUUSDm,buy_only,momentum,2025-04-02 12:25:00+00:00,2025-04-02 12:30:00+00:00,2025-04-02 13:50:00+00:00,BUY,session_breakout,3125.9516658457155,3117.046,3141.9818643680037,1.8,2.8072016661198766,0.08566285714285543,0.07283441714448294,1.7525353449144594,-25.0,-26.75253534491446,-1.0701014137965783,SL,9946.326869997141,2.8554285714285146,72.0,23.02494613702874
XAUUSDm,buy_only,momentum,2025-04-11 13:30:00+00:00,2025-04-11 13:35:00+00:00,2025-04-11 13:50:00+00:00,BUY,session_breakout,3240.5370541137017,3225.711,3267.223951518365,1.8,1.68622074412203,0.17203285714285552,0.06703768513054377,1.0903521605485236,-25.0,-26.090352160548523,-1.043614086421941,SL,9920.236517836593,5.734428571428517,74.0,26.486869484803904
XAUUSDm,buy_only,momentum,2025-04-21 13:00:00+00:00,2025-04-21 13:05:00+00:00,2025-04-22 01:05:00+00:00,BUY,session_breakout,3421.3439039416726,3398.008,3463.3485310366837,1.8,1.0713105462932389,0.13261714285714366,0.08159537024386464,0.7342261008049895,11.617394472303216,10.883168371498227,0.43532673485992907,TIMEOUT,9931.11968620809,4.4205714285714555,100.0,28.364920124046165
XAUUSDm,buy_only,momentum,2025-04-30 12:15:00+00:00,2025-04-30 12:20:00+00:00,2025-04-30 13:35:00+00:00,BUY,session_breakout,3283.1524824651397,3266.901,3312.405150902391,1.8,1.5383211995352524,0.1382485714285706,0.07735817942565479,1.014608613016583,44.99999999999972,43.98539138698314,1.7594156554793257,TP,9975.105077595073,4.608285714285687,89.0,44.343344543550394
XAUUSDm,buy_only,momentum,2025-05-08 13:30:00+00:00,2025-05-08 13:35:00+00:00,2025-05-08 15:25:00+00:00,BUY,session_breakout,3366.6951583309524,3347.274,3401.653243326667,1.8,1.2872558667191452,0.1554171428571424,0.1474497595239595,0.864259618803292,-25.0,-25.864259618803292,-1.0345703847521317,SL,9949.24081797627,5.1805714285714135,74.0,26.396879957534892
XAUUSDm,buy_only,momentum,2025-05-09 13:25:00+00:00,2025-05-09 13:30:00+00:00,2025-05-09 14:00:00+00:00,BUY,session_breakout,3339.9413401668266,3328.669,3360.231552467115,1.8,2.217818095445005,0.10501285714285587,0.07883373825486575,1.4789764683893658,-25.0,-26.478976468389366,-1.0591590587355746,SL,9922.76184150788,3.500428571428529,49.0,23.16619450277093
XAUUSDm,buy_only,momentum,2025-05-15 12:30:00+00:00,2025-05-15 12:35:00+00:00,2025-05-15 14:10:00+00:00,BUY,session_breakout,3186.242253397559,3176.286,3204.1635095131655,1.8,2.510984704962325,0.11138142857143066,0.09756268327331719,1.604621112917193,45.00000000000023,43.395378887083034,1.7358151554833214,TP,9966.157220394962,3.7127142857143554,40.0,27.853226835020156
XAUUSDm,buy_only,momentum,2025-05-29 12:15:00+00:00,2025-05-29 12:20:00+00:00,2025-05-29 16:05:00+00:00,BUY,session_breakout,3308.8347516619933,3298.541,3327.363504653581,1.8,2.4286577742404276,0.10334357142857113,0.06307987627883979,1.611705448660159,45.0,43.38829455133984,1.7355317820535936,TP,10009.545514946301,3.4447857142857043,100.0,33.53063891306181
XAUUSDm,buy_only,momentum,2025-05-30 12:10:00+00:00,2025-05-30 12:15:00+00:00,2025-05-30 13:40:00+00:00,BUY,session_breakout,3302.983637435456,3288.365,3329.297184819277,1.8,1.7101457034131589,0.14142642857142912,0.06492422117003906,1.1272166552008425,-25.0,-26.127216655200844,-1.0450886662080336,SL,9983.4182982911,4.714214285714304,100.0,26.073140583746437
XAUUSDm,buy_only,momentum,2025-06-11 12:15:00+00:00,2025-06-11 12:20:00+00:00,2025-06-11 12:35:00+00:00,BUY,session_breakout,3338.11463272574,3327.196,3357.7681716320726,1.8,2.289663974232177,0.09899999999999863,0.06813272574019641,1.5331321632818806,44.999999999999794,43.46686783671791,1.7386747134687164,TP,10026.885166127819,3.2999999999999545,97.0,30.652943272538636
XAUUSDm,buy_only,momentum,2025-06-20 13:50:00+00:00,2025-06-20 13:55:00+00:00,2025-06-22 22:05:00+00:00,BUY,session_breakout,3372.037901591715,3348.68,3414.082124456803,1.8,1.070301623706949,0.11116928571428453,0.03831694885842807,0.7227997210146426,9.801927596455231,9.079127875440589,0.36316511501762355,TIMEOUT,10035.964294003259,3.7056428571428177,98.0,19.55623931036536
XAUUSDm,buy_only,momentum,2025-06-23 13:50:00+00:00,2025-06-23 13:55:00+00:00,2025-06-23 22:00:00+00:00,BUY,session_breakout,3385.4920540127173,3363.575,3424.9427512356087,1.8,1.1406642510208551,0.11966142857142585,0.10522329843104082,0.7698419516254945,-25.000000000000004,-25.769841951625498,-1.0307936780650198,SL,10010.194452051634,3.9887142857141953,100.0,19.594011510915283
XAUUSDm,buy_only,momentum,2025-07-11 12:45:00+00:00,2025-07-11 12:50:00+00:00,2025-07-13 22:05:00+00:00,BUY,session_breakout,3356.0386808879884,3344.356,3377.067506486367,1.8,2.1399197872214613,0.09554357142856848,0.0709091022740525,1.4375182257599035,11.87509777340016,10.437579547640256,0.4175031819056103,TIMEOUT,10020.632031599274,3.184785714285616,100.0,24.363230310504886
XAUUSDm,buy_only,momentum,2025-07-18 12:00:00+00:00,2025-07-18 12:05:00+00:00,2025-07-18 14:15:00+00:00,BUY,session_breakout,3358.3073626509095,3351.982,3369.6930154225465,1.8,3.9523425580042297,0.058890000000000914,0.048917650909540124,2.652136222452827,-25.0,-27.652136222452828,-1.106085448898113,SL,9992.979895376822,1.9630000000000305,82.0,31.83987434693921
XAUUSDm,buy_only,momentum,2025-07-21 12:15:00+00:00,2025-07-21 12:20:00+00:00,2025-07-21 13:45:00+00:00,BUY,session_breakout,3378.235539465221,3370.859,3391.5133105026184,1.8,3.389123059379056,0.06443571428571561,0.035321608078212725,2.294351193363085,44.99999999999938,42.7056488066363,1.708225952265452,TP,10035.685544183458,2.147857142857187,90.0,27.99741884698307
XAUUSDm,buy_only,momentum,2025-07-22 12:40:00+00:00,2025-07-22 12:45:00+00:00,2025-07-22 14:30:00+00:00,BUY,session_breakout,3403.831729826738,3391.033,3426.8694435148664,1.8,1.9533188322931903,0.07822285714285596,0.0766183981666233,1.3342537239655348,44.99999999999982,43.66574627603429,1.7466298510413716,TP,10079.351290459492,2.607428571428532,100.0,21.18492615692123
XAUUSDm,buy_only,momentum,2025-07-24 13:40:00+00:00,2025-07-24 13:45:00+00:00,2025-07-25 01:45:00+00:00,BUY,session_breakout,3367.145871874416,3351.315,3395.641441248365,1.8,1.5791928706341167,0.12340285714285755,0.1141704458449116,1.0638963736990823,4.218226492472352,3.15433011877327,0.1261732047509308,TIMEOUT,10082.505620578266,4.113428571428585,100.0,53.27659949751417
XAUUSDm,buy_only,momentum,2025-08-01 12:30:00+00:00,2025-08-01 12:35:00+00:00,2025-08-03 22:05:00+00:00,BUY,session_breakout,3328.1541162524627,3296.811,3384.5717255068953,1.8,0.797623305820327,0.12649285714285852,0.10686982389125455,0.5337340312904213,28.11373593457533,27.58000190328491,1.1032000761313965,TIMEOUT,10110.08562248155,4.216428571428618,100.0,27.262211762494214
XAUUSDm,buy_only,momentum,2025-08-04 13:00:00+00:00,2025-08-04 13:05:00+00:00,2025-08-05 01:05:00+00:00,BUY,session_breakout,3372.340852964864,3361.037,3392.68778830162,1.8,2.2116352784937465,0.08956285714285676,0.039071536292928234,1.4937331266511988,20.555263466415102,19.0615303397639,0.7624612135905562,TIMEOUT,10129.147152821315,2.985428571428559,100.0,18.452596237814085
XAUUSDm,buy_only,momentum,2025-08-05 12:25:00+00:00,2025-08-05 12:30:00+00:00,2025-08-05 14:00:00+00:00,BUY,session_breakout,3360.9104191108386,3349.903,3380.7237735103486,1.8,2.2711954317595673,0.08291357142857188,0.05196232512438691,1.531156878087534,45.00000000000041,43.468843121912876,1.738753724876515,TP,10172.615995943228,2.763785714285729,100.0,39.83255098002978
XAUUSDm,buy_only,momentum,2025-08-06 12:50:00+00:00,2025-08-06 12:55:00+00:00,2025-08-07 00:55:00+00:00,BUY,session_breakout,3368.555989268915,3360.141,3383.702969952961,1.8,2.970889112402188,0.07221857142856997,0.023879983200412718,2.0026442618798144,11.229992725743818,9.227348463864004,0.3690939385545602,TIMEOUT,10181.843344407092,2.4072857142856656,95.0,26.669520520968696
XAUUSDm,buy_only,momentum,2025-08-08 12:20:00+00:00,2025-08-08 12:25:00+00:00,2025-08-08 14:25:00+00:00,BUY,session_breakout,3391.9296744412213,3383.76,3406.635088435419,1.8,3.0600974591912014,0.09986142857142828,0.040743726935426244,2.073427075702564,-25.0,-27.073427075702565,-1.0829370830281027,SL,10154.76991733139,3.328714285714276,92.0,24.10039471149036
XAUUSDm,buy_only,momentum,2025-08-12 12:30:00+00:00,2025-08-12 12:35:00+00:00,2025-08-12 14:10:00+00:00,BUY,session_breakout,3350.4037298501667,3338.543,3371.7530435804665,1.8,2.1077960897700554,0.11245285714285533,0.08750342159524203,1.409893576185838,-25.0,-26.409893576185837,-1.0563957430474336,SL,10128.360023755204,3.7484285714285113,100.0,24.49102958935112
XAUUSDm,buy_only,momentum,2025-08-20 12:00:00+00:00,2025-08-20 12:05:00+00:00,2025-08-20 13:40:00+00:00,BUY,session_breakout,3334.605585703411,3328.646,3345.332839969551,1.8,4.194922473501999,0.05190642857142652,0.04263248912525947,2.8021823823465075,45.000000000000384,42.197817617653875,1.687912704706155,TP,10170.557841372858,1.7302142857142175,98.0,33.17162831817436
XAUUSDm,buy_only,momentum,2025-08-21 12:05:00+00:00,2025-08-21 12:10:00+00:00,2025-08-22 00:10:00+00:00,BUY,session_breakout,3341.142064928785,3330.13,3360.9637818005986,1.8,2.270237249932209,0.07179857142857111,0.07016564307098208,1.5159718245653064,-10.652100580429098,-12.168072404994405,-0.48672289619977627,TIMEOUT,10158.389768967863,2.393285714285704,91.0,22.85663152783449
XAUUSDm,buy_only,momentum,2025-08-28 12:05:00+00:00,2025-08-28 12:10:00+00:00,2025-08-28 12:30:00+00:00,BUY,session_breakout,3408.104236457679,3401.401,3420.170062081501,1.8,3.7295417158320694,0.06637285714285845,0.035050029107314515,2.539633384354583,-25.0,-27.539633384354584,-1.1015853353741833,SL,10130.850135583509,2.212428571428615,100.0,28.685871396469178
XAUUSDm,buy_only,momentum,2025-08-29 13:30:00+00:00,2025-08-29 13:35:00+00:00,2025-08-29 14:10:00+00:00,BUY,session_breakout,3421.027526917469,3413.653,3434.3016753689135,1.8,3.390047969148846,0.08168142857142845,0.0456862031833842,2.323989484005773,44.99999999999969,42.676010515993916,1.7070404206397567,TP,10173.526146099503,2.7227142857142814,100.0,20.979330941647344
XAUUSDm,buy_only,momentum,2025-09-03 13:05:00+00:00,2025-09-03 13:10:00+00:00,2025-09-03 18:05:00+00:00,BUY,session_breakout,3555.75671186854,3543.887,3577.122193231912,1.8,2.1062010836388647,0.11580857142856921,0.07280758282545467,1.5023277279387373,45.00000000000019,43.49767227206146,1.7399068908824582,TP,10217.023818371565,3.86028571428564,100.0,19.288601585619453
XAUUSDm,buy_only,momentum,2025-09-04 13:35:00+00:00,2025-09-04 13:40:00+00:00,2025-09-04 14:00:00+00:00,BUY,session_breakout,3558.030569559029,3539.71,3591.0075947652813,1.8,1.3645863966974234,0.13142357142856975,0.05685777331456819,0.9685480228507674,-24.999999999999996,-25.968548022850765,-1.0387419209140307,SL,10191.055270348714,4.3807857142856585,99.0,19.552379694708875
XAUUSDm,buy_only,momentum,2025-10-22 13:00:00+00:00,2025-10-22 13:05:00+00:00,2025-10-22 14:45:00+00:00,BUY,session_breakout,4066.5178356461442,4023.09,4144.687939809203,1.8,0.5756676479045235,0.39714642857142374,0.15526243185845112,0.46569255152164196,-25.0,-25.46569255152164,-1.0186277020608656,SL,10165.589577797193,13.238214285714125,64.0,38.975027111375816
XAUUSDm,buy_only,momentum,2025-10-24 12:30:00+00:00,2025-10-24 12:35:00+00:00,2025-10-26 22:05:00+00:00,BUY,session_breakout,4089.9152612098906,4058.775,4145.967731387694,1.8,0.8028192130918844,0.19440642857142945,0.12305799560442221,0.6566360511622905,-0.5645916111223941,-1.2212276622846847,-0.048849106491387385,TIMEOUT,10164.368350134908,6.4802142857143155,74.0,42.41032507024094
XAUUSDm,buy_only,momentum,2025-11-10 12:50:00+00:00,2025-11-10 12:55:00+00:00,2025-11-10 14:00:00+00:00,BUY,session_breakout,4099.934504229115,4087.377,4122.538011841522,1.8,1.9908414557437437,0.09960428571428273,0.045702086258159136,1.6299639153706993,-25.0,-26.6299639153707,-1.0651985566148279,SL,10137.738386219537,3.320142857142758,42.0,48.841486735074575
XAUUSDm,buy_only,momentum,2025-11-18 13:35:00+00:00,2025-11-18 13:40:00+00:00,2025-11-19 01:40:00+00:00,BUY,session_breakout,4066.243625290955,4029.089,4133.121950814674,1.8,0.6728637364588336,0.20224714285714396,0.15550171952633074,0.5471478693172617,-0.5770649577536994,-1.124212827070961,-0.04496851308283844,TIMEOUT,10136.614173392465,6.741571428571466,98.0,23.99220544731655
XAUUSDm,buy_only,momentum,2025-12-03 13:50:00+00:00,2025-12-03 13:55:00+00:00,2025-12-03 14:50:00+00:00,BUY,session_breakout,4236.18934031665,4211.353,4280.894752886618,1.8,1.0065895249164698,0.14135571428571309,0.08566245950621182,0.8503207631051101,-24.999999999999996,-25.850320763105106,-1.0340128305242045,SL,10110.76385262936,4.711857142857103,100.0,27.83795219721161
XAUUSDm,buy_only,momentum,2025-12-16 13:20:00+00:00,2025-12-16 13:25:00+00:00,2025-12-16 14:15:00+00:00,BUY,session_breakout,4301.045373948516,4289.067,4322.606447055844,1.8,2.087094634668516,0.10657071428571661,0.09408859137253298,1.7998377446867577,45.00000000000075,43.200162255314,1.7280064902125603,TP,10153.964014884674,3.5523571428572205,63.0,29.460394202997385
XAUUSDm,buy_only,momentum,2026-01-08 13:20:00+00:00,2026-01-08 13:25:00+00:00,2026-01-08 16:30:00+00:00,BUY,session_breakout,4432.254273204319,4417.26,4459.243964972094,1.8,1.6673032203253892,0.1653042857142873,0.1306210614622732,1.4824823646029057,44.999999999999694,43.517517635396786,1.7407007054158714,TP,10197.48153252007,5.51014285714291,83.0,28.359410028489833
XAUUSDm,buy_only,momentum,2026-01-12 13:45:00+00:00,2026-01-12 13:50:00+00:00,2026-01-12 14:10:00+00:00,BUY,session_breakout,4614.57041441102,4595.895,4648.186160350854,1.8,1.3386583799312728,0.15747642857142571,0.0816761967342143,1.2329666710068476,-25.0,-26.23296667100685,-1.049318666840274,SL,10171.248565849064,5.24921428571419,100.0,25.538314763185657
XAUUSDm,buy_only,momentum,2026-02-04 12:30:00+00:00,2026-02-04 12:35:00+00:00,2026-02-04 12:59:00+00:00,BUY,session_breakout,5062.944716249621,5037.48,5108.781205498939,1.8,0.9817505820577072,0.28187571428571706,0.24877839247840802,0.9916097844208116,-25.0,-25.991609784420813,-1.0396643913768324,SL,10145.256956064643,9.395857142857235,45.0,27.185615352908528
XAUUSDm,buy_only,momentum,2026-02-18 13:05:00+00:00,2026-02-18 13:10:00+00:00,2026-02-19 01:10:00+00:00,BUY,session_breakout,4955.284228816759,4917.985,5022.422840686927,1.8,0.6702551444915315,0.21361500000000172,0.184421316758677,0.6647545099082794,4.9356055184255805,4.270851008517301,0.17083404034069205,TIMEOUT,10149.52780707316,7.120500000000058,100.0,18.559749289996407
XAUUSDm,buy_only,momentum,2026-02-19 13:35:00+00:00,2026-02-19 13:40:00+00:00,2026-02-19 14:30:00+00:00,BUY,session_breakout,4994.688554199187,4971.705,5036.058951757724,1.8,1.087734289628901,0.19561928571427936,0.11174455632921047,1.0840788012838911,-25.0,-26.08407880128389,-1.0433631520513555,SL,10123.443728271875,6.520642857142645,99.0,31.84451899181582
XAUUSDm,buy_only,momentum,2026-02-27 13:15:00+00:00,2026-02-27 13:20:00+00:00,2026-03-01 23:01:00+00:00,BUY,session_breakout,5218.609241542076,5182.863,5282.952476317813,1.8,0.6993742256951172,0.15895071428571358,0.07976618493356451,0.7344521595017744,45.000000000000256,44.265547840498485,1.7706219136199395,TP,10167.709276112373,5.29835714285712,96.0,21.011152787242228
XAUUSDm,buy_only,momentum,2026-03-06 13:30:00+00:00,2026-03-06 13:35:00+00:00,2026-03-08 22:03:00+00:00,BUY,session_breakout,5124.114834891177,5065.362,5229.869937695296,1.8,0.42551138249422804,0.3191828571428576,0.24824346260497832,0.43844985752502347,23.760200342778425,23.321750485253403,0.9328700194101361,TIMEOUT,10191.031026597626,10.639428571428587,100.0,32.269028977247274
XAUUSDm,buy_only,momentum,2026-04-09 13:35:00+00:00,2026-04-09 13:40:00+00:00,2026-04-10 01:40:00+00:00,BUY,session_breakout,4770.261741850028,4738.562,4827.321277180077,1.8,0.7886499555193733,0.22024499999999989,0.08761935002677265,0.752653269780624,2.399276754654216,1.646623484873592,0.06586493939494367,TIMEOUT,10192.6776500825,7.341499999999996,85.0,19.548493915416145
XAUUSDm,buy_only,momentum,2026-04-17 12:45:00+00:00,2026-04-17 12:50:00+00:00,2026-04-19 22:01:00+00:00,BUY,session_breakout,4836.449449091298,4800.857,4900.515857455635,1.8,0.7023961721732691,0.21645000000000436,0.09522409129801795,0.6769207159902488,-25.0,-25.67692071599025,-1.02707682863961,SL,10167.00072936651,7.2150000000001455,100.0,20.33483815266089
XAUUSDm,buy_only,momentum,2026-04-20 13:25:00+00:00,2026-04-20 13:30:00+00:00,2026-04-20 14:51:00+00:00,BUY,session_breakout,4824.323688531277,4799.549,4868.918127887576,1.8,1.0090944218506863,0.2057849999999988,0.0627960312764971,0.9711396246598079,-25.0,-25.97113962465981,-1.0388455849863925,SL,10141.02958974185,6.859499999999961,99.0,18.41847392036155
XAUUSDm,buy_only,momentum,2026-05-01 13:50:00+00:00,2026-05-01 13:55:00+00:00,2026-05-03 22:03:00+00:00,BUY,session_breakout,4617.102330032151,4586.483,4672.217124090023,1.8,0.8164776947682839,0.22602857142856853,0.19231574643695729,0.7547100410366796,7.578276498949164,6.823566457912484,0.2729426583164994,TIMEOUT,10147.853156199762,7.534285714285618,100.0,38.294848342025965
XAUUSDm,buy_strict_body2.2_wick0.35_atr45_closeOff,momentum,2025-01-07 13:10:00+00:00,2025-01-07 13:15:00+00:00,2025-01-07 15:00:00+00:00,BUY,session_breakout,2654.975055911924,2647.585,2668.2771565533867,1.8,3.382924337509092,0.06860785714285579,0.057751983352780416,1.793815946424802,-25.0,-26.7938159464248,-1.071752637856992,SL,9973.206184053575,2.2869285714285263,100.0,29.35827353571139
XAUUSDm,buy_strict_body2.2_wick0.35_atr45_closeOff,momentum,2025-01-15 13:55:00+00:00,2025-01-15 14:00:00+00:00,2025-01-15 14:30:00+00:00,BUY,session_breakout,2693.947934681974,2682.127,2715.2256171095273,1.8,2.1148919838059044,0.10109571428571404,0.06138682483164762,1.136981778369876,-25.0,-26.136981778369876,-1.045479271134795,SL,9947.069202275205,3.3698571428571347,100.0,29.527297783745972
XAUUSDm,buy_strict_body2.2_wick0.35_atr45_closeOff,momentum,2025-01-16 13:30:00+00:00,2025-01-16 13:35:00+00:00,2025-01-17 01:35:00+00:00,BUY,session_breakout,2713.5913244791664,2701.388,2735.557308541666,1.8,2.0486220818499166,0.07803214285714083,0.07030840773750051,1.1114537546185432,-3.708670703333759,-4.820124457952302,-0.19280497831809207,TIMEOUT,9942.249077817252,2.601071428571361,100.0,29.035232131775437
XAUUSDm,buy_strict_body2.2_wick0.35_atr45_closeOff,momentum,2025-01-24 13:40:00+00:00,2025-01-24 13:45:00+00:00,2025-01-24 14:15:00+00:00,BUY,session_breakout,2783.9867028041876,2777.85,2795.0327678517256,1.8,4.073848905138408,0.05255785714285528,0.0414238756159642,2.265808236227745,-25.0,-27.265808236227745,-1.0906323294491098,SL,9914.983269581024,1.7519285714285096,50.0,34.62164324979766
XAUUSDm,buy_strict_body2.2_wick0.35_atr45_closeOff,momentum,2025-01-30 13:00:00+00:00,2025-01-30 13:05:00+00:00,2025-01-30 15:10:00+00:00,BUY,session_breakout,2782.0775132622916,2777.714,2789.9318371344166,1.8,5.729328295170611,0.03985714285714169,0.014584690863207852,3.192387083218308,44.99999999999948,41.807612916781174,1.672304516671247,TP,9956.790882497804,1.3285714285713897,54.0,44.63844601034202
XAUUSDm,buy_strict_body2.2_wick0.35_atr45_closeOff,momentum,2025-02-03 12:35:00+00:00,2025-02-03 12:40:00+00:00,2025-02-03 14:45:00+00:00,BUY,session_breakout,2808.0859707648915,2800.096,2822.4679181416964,1.8,3.128922587533335,0.06067071428571547,0.05963540774855266,1.7617567243323484,45.00000000000057,43.23824327566822,1.7295297310267288,TP,10000.029125773472,2.0223571428571825,47.0,32.5962657261514
XAUUSDm,buy_strict_body2.2_wick0.35_atr45_closeOff,momentum,2025-02-24 13:55:00+00:00,2025-02-24 14:00:00+00:00,2025-02-24 14:20:00+00:00,BUY,session_breakout,2954.4899989705755,2946.923,2968.1105971176116,1.8,3.3038196644683837,0.07127785714285698,0.059360042003814666,1.9497204314148324,-25.0,-26.949720431414832,-1.0779888172565932,SL,9973.079405342056,2.375928571428566,88.0,20.21311523242239
XAUUSDm,buy_strict_body2.2_wick0.35_atr45_closeOff,momentum,2025-04-02 12:25:00+00:00,2025-04-02 12:30:00+00:00,2025-04-02 13:50:00+00:00,BUY,session_breakout,3125.9516658457155,3117.046,3141.9818643680037,1.8,2.8072016661198766,0.08566285714285543,0.07283441714448294,1.7525353449144594,-25.0,-26.75253534491446,-1.0701014137965783,SL,9946.326869997141,2.8554285714285146,72.0,23.02494613702874
XAUUSDm,buy_strict_body2.2_wick0.35_atr45_closeOff,momentum,2025-04-11 13:30:00+00:00,2025-04-11 13:35:00+00:00,2025-04-11 13:50:00+00:00,BUY,session_breakout,3240.5370541137017,3225.711,3267.223951518365,1.8,1.68622074412203,0.17203285714285552,0.06703768513054377,1.0903521605485236,-25.0,-26.090352160548523,-1.043614086421941,SL,9920.236517836593,5.734428571428517,74.0,26.486869484803904
XAUUSDm,buy_strict_body2.2_wick0.35_atr45_closeOff,momentum,2025-04-21 13:00:00+00:00,2025-04-21 13:05:00+00:00,2025-04-22 01:05:00+00:00,BUY,session_breakout,3421.3439039416726,3398.008,3463.3485310366837,1.8,1.0713105462932389,0.13261714285714366,0.08159537024386464,0.7342261008049895,11.617394472303216,10.883168371498227,0.43532673485992907,TIMEOUT,9931.11968620809,4.4205714285714555,100.0,28.364920124046165
XAUUSDm,buy_strict_body2.2_wick0.35_atr45_closeOff,momentum,2025-04-30 12:15:00+00:00,2025-04-30 12:20:00+00:00,2025-04-30 13:35:00+00:00,BUY,session_breakout,3283.1524824651397,3266.901,3312.405150902391,1.8,1.5383211995352524,0.1382485714285706,0.07735817942565479,1.014608613016583,44.99999999999972,43.98539138698314,1.7594156554793257,TP,9975.105077595073,4.608285714285687,89.0,44.343344543550394
XAUUSDm,buy_strict_body2.2_wick0.35_atr45_closeOff,momentum,2025-05-09 13:25:00+00:00,2025-05-09 13:30:00+00:00,2025-05-09 14:00:00+00:00,BUY,session_breakout,3339.9621358532795,3328.669,3360.289780389183,1.8,2.2137341058143525,0.10501285714285587,0.0996294247081278,1.476257618453391,-25.0,-26.476257618453392,-1.0590503047381357,SL,9948.62881997662,3.500428571428529,49.0,23.16619450277093
XAUUSDm,buy_strict_body2.2_wick0.35_atr45_closeOff,momentum,2025-05-15 12:50:00+00:00,2025-05-15 12:55:00+00:00,2025-05-15 15:05:00+00:00,BUY,session_breakout,3188.664844547128,3177.747,3208.3169647319583,1.8,2.289829269146029,0.1302021428571457,0.09774347569897689,1.4647996181081975,45.000000000000206,43.53520038189201,1.7414080152756803,TP,9992.164020358512,4.340071428571524,65.0,28.573355861432
XAUUSDm,buy_strict_body2.2_wick0.35_atr45_closeOff,momentum,2025-05-29 12:15:00+00:00,2025-05-29 12:20:00+00:00,2025-05-29 16:05:00+00:00,BUY,session_breakout,3308.8621938436277,3298.541,3327.4403427621573,1.8,2.4222004139022615,0.10334357142857113,0.09052205791338963,1.607445475094716,45.00000000000044,43.39255452490573,1.7357021809962294,TP,10035.556574883418,3.4447857142857043,100.0,33.53063891306181
XAUUSDm,buy_strict_body2.2_wick0.35_atr45_closeOff,momentum,2025-05-30 12:10:00+00:00,2025-05-30 12:15:00+00:00,2025-05-30 13:40:00+00:00,BUY,session_breakout,3303.00503848342,3288.365,3329.357107753576,1.8,1.7076457844228088,0.14142642857142912,0.08632526913403644,1.125572525978702,-25.0,-26.1255725259787,-1.045022901039148,SL,10009.43100235744,4.714214285714304,100.0,26.073140583746437
XAUUSDm,buy_strict_body2.2_wick0.35_atr45_closeOff,momentum,2025-06-11 12:15:00+00:00,2025-06-11 12:20:00+00:00,2025-06-11 12:35:00+00:00,BUY,session_breakout,3338.0919476434196,3327.196,3357.7046534015753,1.8,2.294430995646163,0.09899999999999863,0.04544764341968441,1.5363043261979863,45.00000000000041,43.46369567380243,1.7385478269520973,TP,10052.894698031243,3.2999999999999545,97.0,30.652943272538636
XAUUSDm,buy_strict_body2.2_wick0.35_atr45_closeOff,momentum,2025-06-20 13:50:00+00:00,2025-06-20 13:55:00+00:00,2025-06-22 22:05:00+00:00,BUY,session_breakout,3372.0760923848197,3348.68,3414.1890586774957,1.8,1.0685545085392452,0.11116928571428453,0.07650774196267664,0.7216239341710061,9.745118399662179,9.023494465491172,0.3609397786196469,TIMEOUT,10061.918192496734,3.7056428571428177,98.0,19.55623931036536
XAUUSDm,buy_strict_body2.2_wick0.35_atr45_closeOff,momentum,2025-07-11 12:45:00+00:00,2025-07-11 12:50:00+00:00,2025-07-13 22:05:00+00:00,BUY,session_breakout,3356.00070298714,3344.356,3376.9611683639914,1.8,2.1468988970873544,0.09554357142856848,0.03293120142544571,1.4421983777529563,11.995361794609227,10.553163416856272,0.4221265366742509,TIMEOUT,10072.47135591359,3.184785714285616,100.0,24.363230310504886
XAUUSDm,buy_strict_body2.2_wick0.35_atr45_closeOff,momentum,2025-07-18 12:00:00+00:00,2025-07-18 12:05:00+00:00,2025-07-18 14:15:00+00:00,BUY,session_breakout,3358.310229439803,3351.982,3369.701042431449,1.8,3.95055208377172,0.058890000000000914,0.05178443980305101,2.6509358949730597,-25.0,-27.65093589497306,-1.1060374357989224,SL,10044.820420018617,1.9630000000000305,82.0,31.83987434693921
XAUUSDm,buy_strict_body2.2_wick0.35_atr45_closeOff,momentum,2025-07-21 12:15:00+00:00,2025-07-21 12:20:00+00:00,2025-07-21 13:45:00+00:00,BUY,session_breakout,3378.248039794151,3370.859,3391.5483114236226,1.8,3.3833895467432415,0.06443571428571561,0.047821937008116,2.2904858208290753,45.00000000000062,42.70951417917154,1.7083805671668617,TP,10087.52993419779,2.147857142857187,90.0,27.99741884698307
XAUUSDm,buy_strict_body2.2_wick0.35_atr45_closeOff,momentum,2025-07-22 12:55:00+00:00,2025-07-22 13:00:00+00:00,2025-07-22 16:50:00+00:00,BUY,session_breakout,3407.624357786757,3393.754,3432.5910018029203,1.8,1.8024048394677148,0.08744357142857,0.07263600104306601,1.232883726712583,45.00000000000016,43.76711627328758,1.750684650931503,TP,10131.297050471077,2.914785714285667,100.0,24.906157185601465
XAUUSDm,buy_strict_body2.2_wick0.35_atr45_closeOff,momentum,2025-07-24 13:40:00+00:00,2025-07-24 13:45:00+00:00,2025-07-25 01:45:00+00:00,BUY,session_breakout,3367.099346947893,3351.315,3395.5111714541003,1.8,1.5838475980368085,0.12340285714285755,0.06764551932185166,1.0670248774288331,4.3043482588769555,3.2373233814481224,0.1294929352579249,TIMEOUT,10134.534373852526,4.113428571428585,100.0,53.27659949751417
XAUUSDm,buy_strict_body2.2_wick0.35_atr45_closeOff,momentum,2025-08-01 12:30:00+00:00,2025-08-01 12:35:00+00:00,2025-08-03 22:05:00+00:00,BUY,session_breakout,3328.171144742284,3296.811,3384.619405278395,1.8,0.7971901981144787,0.12649285714285852,0.12389831371290519,0.5334455723764427,28.084895292442887,27.551449720066444,1.1020579888026578,TIMEOUT,10162.085823572592,4.216428571428618,100.0,27.262211762494214
XAUUSDm,buy_strict_body2.2_wick0.35_atr45_closeOff,momentum,2025-08-04 13:00:00+00:00,2025-08-04 13:05:00+00:00,2025-08-05 01:05:00+00:00,BUY,session_breakout,3372.3846436212943,3361.037,3392.8104021396243,1.8,2.203100558523533,0.08956285714285676,0.08286219272303065,1.4879784449140985,20.379465304468635,18.891486859554536,0.7556594743821815,TIMEOUT,10180.977310432147,2.985428571428559,100.0,18.452596237814085
XAUUSDm,buy_strict_body2.2_wick0.35_atr45_closeOff,momentum,2025-08-05 12:25:00+00:00,2025-08-05 12:30:00+00:00,2025-08-05 14:20:00+00:00,BUY,session_breakout,3360.928507846121,3349.903,3380.77442196914,1.8,2.267469249391048,0.08291357142857188,0.0700510604069844,1.528660408188564,45.00000000000041,43.47133959181185,1.738853583672474,TP,10224.448650023958,2.763785714285729,100.0,39.83255098002978
XAUUSDm,buy_strict_body2.2_wick0.35_atr45_closeOff,momentum,2025-08-06 12:50:00+00:00,2025-08-06 12:55:00+00:00,2025-08-07 00:55:00+00:00,BUY,session_breakout,3368.563614427741,3360.141,3383.7243203976745,1.8,2.968199507941326,0.07221857142856997,0.03150514202661131,2.0008334918626294,11.197192999343608,9.19635950748098,0.36785438029923917,TIMEOUT,10233.64500953144,2.4072857142856656,95.0,26.669520520968696
XAUUSDm,buy_strict_body2.2_wick0.35_atr45_closeOff,momentum,2025-08-08 12:20:00+00:00,2025-08-08 12:25:00+00:00,2025-08-08 14:25:00+00:00,BUY,session_breakout,3391.951514341181,3383.76,3406.696240155306,1.8,3.0519387452353146,0.09986142857142828,0.06258362689495925,2.06790564971549,-25.0,-27.06790564971549,-1.0827162259886196,SL,10206.577103881724,3.328714285714276,92.0,24.10039471149036
XAUUSDm,buy_strict_body2.2_wick0.35_atr45_closeOff,momentum,2025-08-12 12:30:00+00:00,2025-08-12 12:35:00+00:00,2025-08-12 14:10:00+00:00,BUY,session_breakout,3350.353410386746,3338.543,3371.6121490828887,1.8,2.1167765709526987,0.11245285714285533,0.037183958174329824,1.415889920703627,-25.000000000000004,-26.41588992070363,-1.0566355968281451,SL,10180.16121396102,3.7484285714285113,100.0,24.49102958935112
XAUUSDm,buy_strict_body2.2_wick0.35_atr45_closeOff,momentum,2025-08-20 12:00:00+00:00,2025-08-20 12:05:00+00:00,2025-08-20 13:40:00+00:00,BUY,session_breakout,3334.5841311744066,3328.646,3345.272767288338,1.8,4.210078771541969,0.05190642857142652,0.02117796012095605,2.8122723725156185,44.99999999999923,42.18772762748361,1.6875091050993445,TP,10222.348941588505,1.7302142857142175,98.0,33.17162831817436
XAUUSDm,buy_strict_body2.2_wick0.35_atr45_closeOff,momentum,2025-08-28 12:05:00+00:00,2025-08-28 12:10:00+00:00,2025-08-28 12:30:00+00:00,BUY,session_breakout,3408.120833423131,3401.401,3420.216533584767,1.8,3.7203303156212897,0.06637285714285845,0.05164699455945585,2.533367051176914,-25.0,-27.533367051176914,-1.1013346820470766,SL,10194.815574537328,2.212428571428615,100.0,28.685871396469178
XAUUSDm,buy_strict_body2.2_wick0.35_atr45_closeOff,momentum,2025-08-29 13:30:00+00:00,2025-08-29 13:35:00+00:00,2025-08-29 14:10:00+00:00,BUY,session_breakout,3421.048928408645,3413.653,3434.361599544207,1.8,3.380238236321539,0.08168142857142845,0.06708769435976973,2.317292079226746,44.999999999999694,42.68270792077295,1.707308316830918,TP,10237.4982824581,2.7227142857142814,100.0,20.979330941647344
XAUUSDm,buy_strict_body2.2_wick0.35_atr45_closeOff,momentum,2025-09-03 13:25:00+00:00,2025-09-03 13:30:00+00:00,2025-09-04 01:30:00+00:00,BUY,session_breakout,3560.539391108436,3545.048,3588.4238951036214,1.8,1.613799550021394,0.12008142857142663,0.11735039415064906,1.1474434964133635,-17.55877027485082,-18.70621377126418,-0.7482485508505673,TIMEOUT,10218.792068686837,4.002714285714221,100.0,20.93352068030542
XAUUSDm,buy_strict_body2.2_wick0.35_atr45_closeOff,momentum,2025-09-04 13:35:00+00:00,2025-09-04 13:40:00+00:00,2025-09-04 14:00:00+00:00,BUY,session_breakout,3558.0431136497027,3539.71,3591.0427182191675,1.8,1.3636527039369244,0.13142357142856975,0.06940186398852705,0.9678870225305142,-25.0,-25.967887022530515,-1.0387154809012207,SL,10192.824181664306,4.3807857142856585,99.0,19.552379694708875
XAUUSDm,buy_strict_body2.2_wick0.35_atr45_closeOff,momentum,2025-10-22 13:00:00+00:00,2025-10-22 13:05:00+00:00,2025-10-22 14:45:00+00:00,BUY,session_breakout,4066.5847058672844,4023.09,4144.875176428396,1.8,0.5747825971345277,0.39714642857142374,0.2221326529983845,0.4649804237411894,-25.0,-25.46498042374119,-1.0185992169496476,SL,10167.359201240564,13.238214285714125,64.0,38.975027111375816
XAUUSDm,buy_strict_body2.2_wick0.35_atr45_closeOff,momentum,2025-10-24 12:30:00+00:00,2025-10-24 12:35:00+00:00,2025-10-26 22:05:00+00:00,BUY,session_breakout,4089.914424410657,4058.775,4145.9653883498395,1.8,0.8028407869814146,0.19440642857142945,0.12222119637099181,0.6566536295394335,-0.563934966646767,-1.2205885961862006,-0.048823543847448025,TIMEOUT,10166.138612644378,6.4802142857143155,74.0,42.41032507024094
XAUUSDm,buy_strict_body2.2_wick0.35_atr45_closeOff,momentum,2025-11-10 13:00:00+00:00,2025-11-10 13:05:00+00:00,2025-11-10 13:50:00+00:00,BUY,session_breakout,4105.117944589064,4092.184,4128.399044849379,1.8,1.9328983380011373,0.11574214285713975,0.05007351763447079,1.5844551304789694,-25.0,-26.58445513047897,-1.0633782052191587,SL,10139.5541575139,3.8580714285713253,82.0,50.15628024988935
XAUUSDm,buy_strict_body2.2_wick0.35_atr45_closeOff,momentum,2025-11-18 13:35:00+00:00,2025-11-18 13:40:00+00:00,2025-11-19 01:40:00+00:00,BUY,session_breakout,4066.1671910915607,4029.089,4132.90793505637,1.8,0.6742507998371635,0.20224714285714396,0.07906752013200201,0.5482706243011924,-0.5267187183104594,-1.074989342611652,-0.042999573704466075,TIMEOUT,10138.479168171289,6.741571428571466,98.0,23.99220544731655
XAUUSDm,buy_strict_body2.2_wick0.35_atr45_closeOff,momentum,2025-12-03 13:50:00+00:00,2025-12-03 13:55:00+00:00,2025-12-03 14:50:00+00:00,BUY,session_breakout,4236.193155098174,4211.353,4280.905434274889,1.8,1.0064349397656291,0.14135571428571309,0.08947724103084345,0.8501905605773604,-25.0,-25.85019056057736,-1.0340076224230943,SL,10112.628977610711,4.711857142857103,100.0,27.83795219721161
XAUUSDm,buy_strict_body2.2_wick0.35_atr45_closeOff,momentum,2025-12-16 13:20:00+00:00,2025-12-16 13:25:00+00:00,2025-12-16 14:15:00+00:00,BUY,session_breakout,4301.000183895413,4289.067,4322.479914907157,1.8,2.094998302138758,0.10657071428571661,0.04889853827023678,1.8066176165518752,45.000000000000384,43.19338238344851,1.7277352953379401,TP,10155.82235999416,3.5523571428572205,63.0,29.460394202997385
XAUUSDm,buy_strict_body2.2_wick0.35_atr45_closeOff,momentum,2026-01-08 13:20:00+00:00,2026-01-08 13:25:00+00:00,2026-01-08 16:30:00+00:00,BUY,session_breakout,4432.2507496153385,4417.26,4459.234098922947,1.8,1.6676951214247808,0.1653042857142873,0.12709747248098424,1.4828285904129654,44.999999999999396,43.51717140958643,1.7406868563834572,TP,10199.339531403746,5.51014285714291,83.0,28.359410028489833
XAUUSDm,buy_strict_body2.2_wick0.35_atr45_closeOff,momentum,2026-02-04 12:30:00+00:00,2026-02-04 12:35:00+00:00,2026-02-04 12:59:00+00:00,BUY,session_breakout,5062.866756327997,5037.48,5108.562917718392,1.8,0.9847654295412765,0.28187571428571706,0.17081847085417215,0.994647231201118,-25.0,-25.994647231201117,-1.0397858892480447,SL,10173.344884172546,9.395857142857235,45.0,27.185615352908528
XAUUSDm,buy_strict_body2.2_wick0.35_atr45_closeOff,momentum,2026-02-18 13:05:00+00:00,2026-02-18 13:10:00+00:00,2026-02-19 01:10:00+00:00,BUY,session_breakout,4955.288402786996,4917.985,5022.434527803589,1.8,0.6701801479814294,0.21361500000000172,0.18859528699562797,0.6646804086090194,4.932255949294894,4.267575540685875,0.17070302162743498,TIMEOUT,10177.612459713231,7.120500000000058,100.0,18.559749289996407
XAUUSDm,buy_strict_body2.2_wick0.35_atr45_closeOff,momentum,2026-02-19 13:35:00+00:00,2026-02-19 13:40:00+00:00,2026-02-19 14:30:00+00:00,BUY,session_breakout,4994.731385179916,4971.705,5036.178878503766,1.8,1.0857110138939667,0.19561928571427936,0.15457553705930566,1.0820669752663408,-25.0,-26.08206697526634,-1.0432826790106535,SL,10151.530392737965,6.520642857142645,99.0,31.84451899181582
XAUUSDm,buy_strict_body2.2_wick0.35_atr45_closeOff,momentum,2026-02-27 13:15:00+00:00,2026-02-27 13:20:00+00:00,2026-03-01 23:01:00+00:00,BUY,session_breakout,5218.611916201965,5182.863,5282.959965365501,1.8,0.699321899963671,0.15895071428571358,0.0824408448224074,0.7343979200822824,45.0,44.26560207991772,1.7706240831967088,TP,10195.795994817883,5.29835714285712,96.0,21.011152787242228
XAUUSDm,buy_strict_body2.2_wick0.35_atr45_closeOff,momentum,2026-03-06 13:30:00+00:00,2026-03-06 13:35:00+00:00,2026-03-08 22:03:00+00:00,BUY,session_breakout,5124.148296428621,5065.362,5229.9636300001375,1.8,0.42526917868274783,0.3191828571428576,0.2817050000489845,0.4382017120665216,23.73244572361329,23.294244011546766,0.9317697604618707,TIMEOUT,10219.09023882943,10.639428571428587,100.0,32.269028977247274
XAUUSDm,buy_strict_body2.2_wick0.35_atr45_closeOff,momentum,2026-04-09 13:35:00+00:00,2026-04-09 13:40:00+00:00,2026-04-10 01:40:00+00:00,BUY,session_breakout,4770.364267728142,4738.562,4827.608349638798,1.8,0.78610746295545,0.22024499999999989,0.19014522814181808,0.7502348849232205,2.3109454779983905,1.56071059307517,0.0624284237230068,TIMEOUT,10220.650949422507,7.341499999999996,85.0,19.548493915416145
XAUUSDm,buy_strict_body2.2_wick0.35_atr45_closeOff,momentum,2026-04-17 12:45:00+00:00,2026-04-17 12:50:00+00:00,2026-04-19 22:01:00+00:00,BUY,session_breakout,4836.477868786599,4800.857,4900.595432602478,1.8,0.7018357735678014,0.21645000000000436,0.12364378659875937,0.6763826372766788,-25.0,-25.676382637276678,-1.0270553054910672,SL,10194.97456678523,7.2150000000001455,100.0,20.33483815266089
XAUUSDm,buy_strict_body2.2_wick0.35_atr45_closeOff,momentum,2026-04-20 13:25:00+00:00,2026-04-20 13:30:00+00:00,2026-04-20 14:51:00+00:00,BUY,session_breakout,4824.364161519207,4799.549,4869.03145225378,1.8,1.0074486108280862,0.2057849999999988,0.10326901920709909,0.9695597945302662,-25.0,-25.969559794530266,-1.0387823917812107,SL,10169.0050069907,6.859499999999961,99.0,18.41847392036155
XAUUSDm,buy_strict_body2.2_wick0.35_atr45_closeOff,momentum,2026-05-01 13:50:00+00:00,2026-05-01 13:55:00+00:00,2026-05-03 22:03:00+00:00,BUY,session_breakout,4617.085807295782,4586.483,4672.1708604281885,1.8,0.8169185185649993,0.22602857142856853,0.1757930100674898,0.755116166137637,7.595865809261905,6.840749643124268,0.2736299857249707,TIMEOUT,10175.845756633824,7.534285714285618,100.0,38.294848342025965
XAUUSDm,asym_sellBase_buy_body2.2_wick0.35_atr45_closeOff,momentum,2025-01-03 13:15:00+00:00,2025-01-03 13:20:00+00:00,2025-01-03 16:50:00+00:00,SELL,session_breakout,2652.005430036269,2658.656,2640.0344041015533,1.8,3.7590763102016957,0.04961357142857001,0.04176317801689456,1.98931815731512,45.0,43.01068184268488,1.7204272737073953,TP,10043.010681842685,1.653785714285667,73.0,20.836599199556407
XAUUSDm,asym_sellBase_buy_body2.2_wick0.35_atr45_closeOff,momentum,2025-01-06 13:30:00+00:00,2025-01-06 13:35:00+00:00,2025-01-06 14:15:00+00:00,SELL,session_breakout,2638.225875719044,2648.848,2619.106052013323,1.8,2.353578186316398,0.09765428571428304,0.05929713809885488,1.2373541743335637,45.00000000000021,43.76264582566665,1.750505833026666,TP,10086.773327668352,3.255142857142768,99.0,33.51748168707531
XAUUSDm,asym_sellBase_buy_body2.2_wick0.35_atr45_closeOff,momentum,2025-01-07 13:10:00+00:00,2025-01-07 13:15:00+00:00,2025-01-07 15:00:00+00:00,BUY,session_breakout,2654.9791208801166,2647.585,2668.2885384643264,1.8,3.3810645518694584,0.06860785714285579,0.061816951545560016,1.79283115831226,-25.0,-26.79283115831226,-1.0717132463324903,SL,10059.98049651004,2.2869285714285263,100.0,29.35827353571139
XAUUSDm,asym_sellBase_buy_body2.2_wick0.35_atr45_closeOff,momentum,2025-01-13 12:00:00+00:00,2025-01-13 12:05:00+00:00,2025-01-13 17:35:00+00:00,SELL,session_breakout,2673.064954967965,2680.55,2659.591873910302,1.8,3.3399932656387783,0.06136285714285707,0.048363603463073,1.7811037896416055,44.999999999999694,43.21889621035809,1.7287558484143235,TP,10103.199392720397,2.045428571428569,66.0,19.272499199964653
XAUUSDm,asym_sellBase_buy_body2.2_wick0.35_atr45_closeOff,momentum,2025-01-15 13:55:00+00:00,2025-01-15 14:00:00+00:00,2025-01-15 14:30:00+00:00,BUY,session_breakout,2693.9235412198063,2682.127,2715.157315415458,1.8,2.119265260398956,0.10109571428571404,0.03699336266367949,1.1393277150156143,-25.0,-26.139327715015614,-1.0455731086006246,SL,10077.06006500538,3.3698571428571347,100.0,29.527297783745972
XAUUSDm,asym_sellBase_buy_body2.2_wick0.35_atr45_closeOff,momentum,2025-01-16 13:30:00+00:00,2025-01-16 13:35:00+00:00,2025-01-17 01:35:00+00:00,BUY,session_breakout,2713.597716646188,2701.388,2735.5752066093264,1.8,2.047549564371345,0.07803214285714083,0.07670057475941956,1.110873182781847,-3.719817377488553,-4.8306905602704,-0.19322762241081598,TIMEOUT,10072.229374445109,2.601071428571361,100.0,29.035232131775437
XAUUSDm,asym_sellBase_buy_body2.2_wick0.35_atr45_closeOff,momentum,2025-01-23 13:10:00+00:00,2025-01-23 13:15:00+00:00,2025-01-23 14:30:00+00:00,SELL,session_breakout,2740.6604500907943,2746.514,2730.124060254224,1.8,4.27091258941562,0.08819785714285834,0.07345098063418955,2.3435242439212507,-25.0,-27.34352424392125,-1.09374096975685,SL,10044.885850201188,2.9399285714286116,100.0,21.034694030739566
XAUUSDm,asym_sellBase_buy_body2.2_wick0.35_atr45_closeOff,momentum,2025-01-24 13:40:00+00:00,2025-01-24 13:45:00+00:00,2025-01-24 14:15:00+00:00,BUY,session_breakout,2783.989965984538,2777.85,2795.041904756706,1.8,4.071683794821815,0.05255785714285528,0.044687055966147325,2.264605365889156,-25.0,-27.264605365889157,-1.0905842146355662,SL,10017.621244835298,1.7519285714285096,50.0,34.62164324979766
XAUUSDm,asym_sellBase_buy_body2.2_wick0.35_atr45_closeOff,momentum,2025-01-30 13:00:00+00:00,2025-01-30 13:05:00+00:00,2025-01-30 15:10:00+00:00,BUY,session_breakout,2782.0784600846373,2777.714,2789.9344882369846,1.8,5.728085379449001,0.03985714285714169,0.015531513208790131,3.191696590338161,45.00000000000052,41.80830340966236,1.6723321363864943,TP,10059.42954824496,1.3285714285713897,54.0,44.63844601034202
XAUUSDm,asym_sellBase_buy_body2.2_wick0.35_atr45_closeOff,momentum,2025-02-03 12:35:00+00:00,2025-02-03 12:40:00+00:00,2025-02-03 14:45:00+00:00,BUY,session_breakout,2808.063664237018,2800.096,2822.405459863651,1.8,3.137682419378147,0.06067071428571547,0.037328879875170806,1.7666623983542145,44.999999999999424,43.23333760164521,1.7293335040658084,TP,10102.662885846605,2.0223571428571825,47.0,32.5962657261514
XAUUSDm,asym_sellBase_buy_body2.2_wick0.35_atr45_closeOff,momentum,2025-02-11 12:45:00+00:00,2025-02-11 12:50:00+00:00,2025-02-11 13:15:00+00:00,SELL,session_breakout,2896.70702945354,2904.236,2883.1548824699125,1.8,3.320507079384908,0.08019428571428665,0.044873403602606415,1.9192072396409015,45.0000000000003,43.080792760359394,1.7232317104143757,TP,10145.743678606965,2.673142857142888,57.99999999999999,33.99080280425428
XAUUSDm,asym_sellBase_buy_body2.2_wick0.35_atr45_closeOff,momentum,2025-02-12 13:15:00+00:00,2025-02-12 13:20:00+00:00,2025-02-12 14:00:00+00:00,SELL,session_breakout,2874.135672914283,2885.902,2852.9562841599927,1.8,2.124707210489437,0.08443714285714382,0.08010851428802923,1.2238393576331774,-25.0,-26.223839357633178,-1.048953574305327,SL,10119.519839249331,2.814571428571461,97.0,21.687231563201554
XAUUSDm,asym_sellBase_buy_body2.2_wick0.35_atr45_closeOff,momentum,2025-02-13 13:00:00+00:00,2025-02-13 13:05:00+00:00,2025-02-13 18:50:00+00:00,SELL,session_breakout,2913.977348250412,2921.369,2900.672375101153,1.8,3.3821939732743647,0.06448499999999967,0.048409249587880905,1.973627325102112,-25.0,-26.97362732510211,-1.0789450930040845,SL,10092.54621192423,2.149499999999989,60.0,18.43714716473585
XAUUSDm,asym_sellBase_buy_body2.2_wick0.35_atr45_closeOff,momentum,2025-02-14 13:40:00+00:00,2025-02-14 13:45:00+00:00,2025-02-14 16:45:00+00:00,SELL,session_breakout,2917.8264139641774,2933.321,2889.936159099697,1.8,1.613466790413216,0.10798928571428665,0.09459139296546173,0.937063203824337,45.0,44.06293679617566,1.7625174718470265,TP,10136.609148720405,3.5996428571428885,100.0,18.863435153374482
XAUUSDm,asym_sellBase_buy_body2.2_wick0.35_atr45_closeOff,momentum,2025-02-24 13:55:00+00:00,2025-02-24 14:00:00+00:00,2025-02-24 14:20:00+00:00,BUY,session_breakout,2954.474146215458,2946.923,2968.0662094032828,1.8,3.310755650423211,0.07127785714285698,0.04350728688624731,1.953808394722424,-25.0,-26.953808394722422,-1.078152335788897,SL,10109.655340325682,2.375928571428566,88.0,20.21311523242239
XAUUSDm,asym_sellBase_buy_body2.2_wick0.35_atr45_closeOff,momentum,2025-02-28 12:50:00+00:00,2025-02-28 12:55:00+00:00,2025-02-28 14:40:00+00:00,SELL,session_breakout,2855.0368560519237,2864.502,2837.999596945386,1.8,2.6412699201559504,0.06792428571428445,0.03118180521898592,1.5036845937653123,45.000000000000476,43.49631540623516,1.7398526162494066,TP,10153.151655731917,2.264142857142815,71.0,21.169540131150995
XAUUSDm,asym_sellBase_buy_body2.2_wick0.35_atr45_closeOff,momentum,2025-03-03 13:05:00+00:00,2025-03-03 13:10:00+00:00,2025-03-03 14:30:00+00:00,SELL,session_breakout,2871.046025089197,2877.716,2859.040070249752,1.8,3.7481400356557772,0.057207857142854465,0.03937098223129791,2.15471651016944,-25.0,-27.15471651016944,-1.0861886604067776,SL,10125.996939221748,1.9069285714284823,70.0,19.71262015212677
XAUUSDm,asym_sellBase_buy_body2.2_wick0.35_atr45_closeOff,momentum,2025-03-05 13:30:00+00:00,2025-03-05 13:35:00+00:00,2025-03-05 15:05:00+00:00,SELL,session_breakout,2908.6978719114,2917.269,2893.26984135192,1.8,2.9167689178804417,0.08657571428571535,0.029840231457395987,1.6992999088592315,-25.0,-26.69929990885923,-1.0679719963543692,SL,10099.297639312888,2.8858571428571786,100.0,18.538773727042578
XAUUSDm,asym_sellBase_buy_body2.2_wick0.35_atr45_closeOff,momentum,2025-03-21 13:45:00+00:00,2025-03-21 13:50:00+00:00,2025-03-23 22:05:00+00:00,SELL,session_breakout,3010.647271117855,3036.851,2963.4805591299933,1.8,0.9540626875068364,0.11942571428571715,0.10501602500195266,0.5757322076429435,-12.62962319378646,-13.205355401429403,-0.5282142160571761,TIMEOUT,10086.09228391146,3.9808571428572384,100.0,18.011965333720443
XAUUSDm,asym_sellBase_buy_body2.2_wick0.35_atr45_closeOff,momentum,2025-03-26 13:00:00+00:00,2025-03-26 13:05:00+00:00,2025-03-26 14:00:00+00:00,SELL,session_breakout,3024.786806823958,3029.994,3015.4138591070828,1.8,4.801050999034117,0.06616928571428649,0.04910853318502165,2.899931144153476,44.999999999999126,42.10006885584565,1.6840027542338263,TP,10128.192352767304,2.205642857142883,100.0,19.750277906197685
XAUUSDm,asym_sellBase_buy_body2.2_wick0.35_atr45_closeOff,momentum,2025-04-02 12:25:00+00:00,2025-04-02 12:30:00+00:00,2025-04-02 13:50:00+00:00,BUY,session_breakout,3125.9499882589607,3117.046,3141.9771671250905,1.8,2.807730566675016,0.08566285714285543,0.07115683038933508,1.7528650663864185,-25.0,-26.75286506638642,-1.0701146026554569,SL,10101.439487700918,2.8554285714285146,72.0,23.02494613702874
XAUUSDm,asym_sellBase_buy_body2.2_wick0.35_atr45_closeOff,momentum,2025-04-03 12:20:00+00:00,2025-04-03 12:25:00+00:00,2025-04-03 14:00:00+00:00,SELL,session_breakout,3080.7036956851484,3097.309,3050.814147918415,1.8,1.5055430196265678,0.14053499999999824,0.07703681485179077,0.9301263889153092,-25.0,-25.93012638891531,-1.0372050555566124,SL,10075.509361312003,4.684499999999941,68.0,45.51265925747012
XAUUSDm,asym_sellBase_buy_body2.2_wick0.35_atr45_closeOff,momentum,2025-04-11 13:30:00+00:00,2025-04-11 13:35:00+00:00,2025-04-11 13:50:00+00:00,BUY,session_breakout,3240.6385206539057,3225.711,3267.5080578309367,1.8,1.6747590292871886,0.17203285714285552,0.16850422533456297,1.0829577246242013,-25.0,-26.0829577246242,-1.043318308984968,SL,10049.426403587378,5.734428571428517,74.0,26.486869484803904
XAUUSDm,asym_sellBase_buy_body2.2_wick0.35_atr45_closeOff,momentum,2025-04-21 13:00:00+00:00,2025-04-21 13:05:00+00:00,2025-04-22 01:05:00+00:00,BUY,session_breakout,3421.38500393422,3398.008,3463.4636110158167,1.8,1.0694270348050847,0.13261714285714366,0.12269536279172585,0.7329396255417551,11.55301604963811,10.820076424096355,0.43280305696385424,TIMEOUT,10060.246480011474,4.4205714285714555,100.0,28.364920124046165
XAUUSDm,asym_sellBase_buy_body2.2_wick0.35_atr45_closeOff,momentum,2025-04-23 13:25:00+00:00,2025-04-23 13:30:00+00:00,2025-04-23 14:00:00+00:00,SELL,session_breakout,3299.618724652617,3320.54,3261.9604290273273,1.8,1.1949558325146359,0.2031985714285695,0.1716760616688446,0.7840797280196298,45.00000000000022,44.21592027198059,1.7686368108792236,TP,10104.462400283455,6.773285714285651,78.0,22.560104668224394
XAUUSDm,asym_sellBase_buy_body2.2_wick0.35_atr45_closeOff,momentum,2025-04-25 13:20:00+00:00,2025-04-25 13:25:00+00:00,2025-04-25 19:30:00+00:00,SELL,session_breakout,3270.4388227992904,3298.252,3220.3751038380133,1.8,0.8988545184748691,0.20633142857142858,0.09001148642390396,0.5904297426537548,-25.0,-25.590429742653754,-1.0236171897061501,SL,10078.871970540802,6.877714285714286,89.0,31.5080885248663
XAUUSDm,asym_sellBase_buy_body2.2_wick0.35_atr45_closeOff,momentum,2025-04-30 12:00:00+00:00,2025-04-30 12:05:00+00:00,2025-04-30 12:15:00+00:00,SELL,session_breakout,3267.599403856226,3281.671,3242.270530797434,1.8,1.7766285888656628,0.11945999999999815,0.07486614377366088,1.1635621035702737,-25.0,-26.163562103570275,-1.046542484142811,SL,10052.70840843723,3.9819999999999385,85.0,43.24131785778276
XAUUSDm,asym_sellBase_buy_body2.2_wick0.35_atr45_closeOff,momentum,2025-04-30 12:20:00+00:00,2025-04-30 12:25:00+00:00,2025-05-01 00:20:00+00:00,BUY,session_breakout,3290.162766000042,3266.901,3332.0339448001187,1.8,1.074724937047104,0.15381214285714284,0.05085992861380509,0.7047039943128242,-25.0,-25.704703994312823,-1.0281881597725129,SL,10027.003704442917,5.127071428571428,97.0,44.343344543550394
XAUUSDm,asym_sellBase_buy_body2.2_wick0.35_atr45_closeOff,momentum,2025-05-02 13:00:00+00:00,2025-05-02 13:05:00+00:00,2025-05-02 14:55:00+00:00,SELL,session_breakout,3244.0387209740907,3263.926,3208.241618727454,1.8,1.2570849922420182,0.15889714285714296,0.0648304544808321,0.8181064780777042,-25.0,-25.818106478077706,-1.0327242591231083,SL,10001.185597964839,5.296571428571432,100.0,20.422343309001352
XAUUSDm,asym_sellBase_buy_body2.2_wick0.35_atr45_closeOff,momentum,2025-05-09 13:25:00+00:00,2025-05-09 13:30:00+00:00,2025-05-09 14:00:00+00:00,BUY,session_breakout,3339.9442205312184,3328.669,3360.239617487412,1.8,2.2172515323119923,0.10501285714285587,0.08171410264675574,1.4785992881618855,-25.0,-26.478599288161885,-1.0591439715264754,SL,9974.706998676676,3.500428571428529,49.0,23.16619450277093
XAUUSDm,asym_sellBase_buy_body2.2_wick0.35_atr45_closeOff,momentum,2025-05-14 12:50:00+00:00,2025-05-14 12:55:00+00:00,2025-05-15 00:55:00+00:00,SELL,session_breakout,3186.1610118226145,3221.493,3122.5634331033207,1.8,0.707574107476959,0.21265500000000104,0.17466067738520466,0.45100695861083306,-1.1795176717882017,-1.6305246303990346,-0.06522098521596137,TIMEOUT,9973.076474046278,7.088500000000034,100.0,20.548243138493692
XAUUSDm,asym_sellBase_buy_body2.2_wick0.35_atr45_closeOff,momentum,2025-05-15 12:50:00+00:00,2025-05-15 12:55:00+00:00,2025-05-15 15:05:00+00:00,BUY,session_breakout,3188.6943420025646,3177.747,3208.399557607181,1.8,2.2836593571428643,0.1302021428571457,0.12724093113579818,1.460878334236533,45.00000000000021,43.53912166576368,1.741564866630547,TP,10016.615595712043,4.340071428571524,65.0,28.573355861432
XAUUSDm,asym_sellBase_buy_body2.2_wick0.35_atr45_closeOff,momentum,2025-05-28 13:35:00+00:00,2025-05-28 13:40:00+00:00,2025-05-28 20:50:00+00:00,SELL,session_breakout,3303.6989841904156,3316.438,3280.7687557331633,1.8,1.9624749960032684,0.11382000000000095,0.06010580958429962,1.2921853301590174,45.00000000000018,43.70781466984116,1.7483125867936464,TP,10060.323410381883,3.7940000000000316,98.0,19.47008735358178
XAUUSDm,asym_sellBase_buy_body2.2_wick0.35_atr45_closeOff,momentum,2025-05-29 12:15:00+00:00,2025-05-29 12:20:00+00:00,2025-05-29 16:05:00+00:00,BUY,session_breakout,3308.829474097507,3298.541,3327.3487274730196,1.8,2.429903575891594,0.10334357142857113,0.05780231179298669,1.612527314225007,45.00000000000045,43.38747268577544,1.7354989074310174,TP,10103.710883067659,3.4447857142857043,100.0,33.53063891306181
XAUUSDm,asym_sellBase_buy_body2.2_wick0.35_atr45_closeOff,momentum,2025-05-30 12:10:00+00:00,2025-05-30 12:15:00+00:00,2025-05-30 13:40:00+00:00,BUY,session_breakout,3303.0076264638396,3288.365,3329.3643540987514,1.8,1.707343970136628,0.14142642857142912,0.08891324955401698,1.1253740308716664,-25.0,-26.125374030871665,-1.0450149612348667,SL,10077.585509036788,4.714214285714304,100.0,26.073140583746437
XAUUSDm,asym_sellBase_buy_body2.2_wick0.35_atr45_closeOff,momentum,2025-06-03 13:45:00+00:00,2025-06-03 13:50:00+00:00,2025-06-04 01:20:00+00:00,SELL,session_breakout,3343.830252312738,3363.095,3309.153706475667,1.8,1.2977071076062228,0.12839785714285493,0.05554875869031315,0.87036245701099,-25.0,-25.87036245701099,-1.0348144982804397,SL,10051.715146579776,4.279928571428497,100.0,26.21077909916798
XAUUSDm,asym_sellBase_buy_body2.2_wick0.35_atr45_closeOff,momentum,2025-06-11 12:15:00+00:00,2025-06-11 12:20:00+00:00,2025-06-11 12:35:00+00:00,BUY,session_breakout,3338.0852035603198,3327.196,3357.6857699688953,1.8,2.295852020904425,0.09899999999999863,0.03870356031974765,1.5372499321090236,44.99999999999958,43.46275006789056,1.7385100027156224,TP,10095.177896647667,3.2999999999999545,97.0,30.652943272538636
XAUUSDm,asym_sellBase_buy_body2.2_wick0.35_atr45_closeOff,momentum,2025-06-16 13:50:00+00:00,2025-06-16 13:55:00+00:00,2025-06-17 01:55:00+00:00,SELL,session_breakout,3389.734022076832,3417.401,3339.9334618151297,1.8,0.9036042920707065,0.17297357142857242,0.10949113745339746,0.6129530157679869,-3.5737350264194183,-4.186688042187405,-0.1674675216874962,TIMEOUT,10090.99120860548,5.765785714285747,100.0,35.415918947083775
XAUUSDm,asym_sellBase_buy_body2.2_wick0.35_atr45_closeOff,momentum,2025-06-20 13:50:00+00:00,2025-06-20 13:55:00+00:00,2025-06-22 22:05:00+00:00,BUY,session_breakout,3372.0505931737503,3348.68,3414.117660886501,1.8,1.0697203881020747,0.11116928571428453,0.0510085308934014,0.7224085566598839,9.783028139527143,9.06061958286726,0.36242478331469036,TIMEOUT,10100.051828188347,3.7056428571428177,98.0,19.55623931036536
XAUUSDm,asym_sellBase_buy_body2.2_wick0.35_atr45_closeOff,momentum,2025-06-24 12:30:00+00:00,2025-06-24 12:35:00+00:00,2025-06-24 19:30:00+00:00,SELL,session_breakout,3307.649648957367,3321.86,3282.0710170806274,1.8,1.7592809582955578,0.12322071428571267,0.09474068549005563,1.1663170088247363,-25.0,-26.166317008824738,-1.0466526803529894,SL,10073.885511179522,4.107357142857089,82.0,38.064296195118644
XAUUSDm,asym_sellBase_buy_body2.2_wick0.35_atr45_closeOff,momentum,2025-06-26 13:05:00+00:00,2025-06-26 13:10:00+00:00,2025-06-27 01:10:00+00:00,SELL,session_breakout,3317.8278165796924,3344.056,3270.6170864231385,1.8,0.9531731420119344,0.15296785714285566,0.09269949173590823,0.6323705982857832,1.2227463098902938,0.5903757116045105,0.02361502846418042,TIMEOUT,10074.475886891127,5.098928571428522,100.0,18.53667304092629
XAUUSDm,asym_sellBase_buy_body2.2_wick0.35_atr45_closeOff,momentum,2025-06-27 12:05:00+00:00,2025-06-27 12:10:00+00:00,2025-06-29 22:05:00+00:00,SELL,session_breakout,3273.9346698227355,3285.344,3253.397875503659,1.8,2.191189106773125,0.1014771428571443,0.08959160583591655,1.4341172023544486,6.447946060407586,5.013828858053138,0.2005531543221255,TIMEOUT,10079.48971574918,3.382571428571477,74.0,43.632735004813654
XAUUSDm,asym_sellBase_buy_body2.2_wick0.35_atr45_closeOff,momentum,2025-07-08 13:45:00+00:00,2025-07-08 13:50:00+00:00,2025-07-08 14:40:00+00:00,SELL,session_breakout,3315.98545441608,3326.914,3296.314072365023,1.8,2.2875871091926046,0.10118357142857348,0.07995379820573935,1.5126211159584813,45.000000000000206,43.487378884041725,1.739495155361669,TP,10122.977094633221,3.372785714285783,100.0,18.147393845146915
XAUUSDm,asym_sellBase_buy_body2.2_wick0.35_atr45_closeOff,momentum,2025-07-11 12:45:00+00:00,2025-07-11 12:50:00+00:00,2025-07-13 22:05:00+00:00,BUY,session_breakout,3356.017326094302,3344.356,3377.007713064045,1.8,2.1438385135474474,0.09554357142856848,0.04955430858752149,1.4401461016892423,11.942625265449552,10.50247916376031,0.42009916655041235,TIMEOUT,10133.479573796982,3.184785714285616,100.0,24.363230310504886
XAUUSDm,asym_sellBase_buy_body2.2_wick0.35_atr45_closeOff,momentum,2025-07-14 12:35:00+00:00,2025-07-14 12:40:00+00:00,2025-07-15 00:40:00+00:00,SELL,session_breakout,3351.426482685395,3368.025,3321.549151519106,1.8,1.5061586240599034,0.09729428571428668,0.08587017174810813,1.0088864197513996,6.695602084716411,5.6867156649650115,0.22746862659860045,TIMEOUT,10139.166289461946,3.2431428571428893,100.0,21.65202251038262
XAUUSDm,asym_sellBase_buy_body2.2_wick0.35_atr45_closeOff,momentum,2025-07-15 12:05:00+00:00,2025-07-15 12:10:00+00:00,2025-07-15 12:30:00+00:00,SELL,session_breakout,3352.710187341086,3359.335,3340.785524555041,1.8,3.773691617733763,0.0592757142857129,0.05117480177132788,2.53291886613193,-25.0,-27.53291886613193,-1.1013167546452771,SL,10111.633370595813,1.9758571428570966,59.0,20.971755145144762
XAUUSDm,asym_sellBase_buy_body2.2_wick0.35_atr45_closeOff,momentum,2025-07-15 12:35:00+00:00,2025-07-15 12:40:00+00:00,2025-07-15 15:35:00+00:00,SELL,session_breakout,3347.95974322575,3360.387,3325.5906810321,1.8,2.011707044776072,0.10199142857143151,0.058261059963910525,1.3425228402147864,45.00000000000036,43.65747715978558,1.7462990863914232,TP,10155.2908477556,3.3997142857143836,100.0,24.614335357064114
XAUUSDm,asym_sellBase_buy_body2.2_wick0.35_atr45_closeOff,momentum,2025-07-18 12:00:00+00:00,2025-07-18 12:05:00+00:00,2025-07-18 14:15:00+00:00,BUY,session_breakout,3358.287997749428,3351.982,3369.638793698399,1.8,3.964479689557013,0.058890000000000914,0.02955274942831691,2.660272911752139,-25.0,-27.660272911752138,-1.1064109164700855,SL,10127.630574843848,1.9630000000000305,82.0,31.83987434693921
XAUUSDm,asym_sellBase_buy_body2.2_wick0.35_atr45_closeOff,momentum,2025-07-21 12:15:00+00:00,2025-07-21 12:20:00+00:00,2025-07-21 13:45:00+00:00,BUY,session_breakout,3378.2503325311354,3370.859,3391.5547310871793,1.8,3.3823400441921856,0.06443571428571561,0.05011467399250658,2.2897782758051255,45.0,42.710221724194874,1.708408868967795,TP,10170.340796568044,2.147857142857187,90.0,27.99741884698307
XAUUSDm,asym_sellBase_buy_body2.2_wick0.35_atr45_closeOff,momentum,2025-07-22 12:55:00+00:00,2025-07-22 13:00:00+00:00,2025-07-22 16:50:00+00:00,BUY,session_breakout,3407.586509176541,3393.754,3432.4850256943146,1.8,1.8073365924382248,0.08744357142857,0.03478739082653851,1.2362311579867191,45.0,43.76376884201328,1.7505507536805311,TP,10214.104565410056,2.914785714285667,100.0,24.906157185601465
XAUUSDm,asym_sellBase_buy_body2.2_wick0.35_atr45_closeOff,momentum,2025-07-24 12:45:00+00:00,2025-07-24 12:50:00+00:00,2025-07-24 13:40:00+00:00,SELL,session_breakout,3354.2339202756075,3365.506,3333.944176771701,1.8,2.217869338335224,0.0947721428571445,0.0416936529634435,1.4903505130766452,-25.0,-26.490350513076645,-1.0596140205230657,SL,10187.61421489698,3.1590714285714836,92.0,50.569753258342374
XAUUSDm,asym_sellBase_buy_body2.2_wick0.35_atr45_closeOff,momentum,2025-07-28 13:30:00+00:00,2025-07-28 13:35:00+00:00,2025-07-28 13:50:00+00:00,SELL,session_breakout,3324.2845989797434,3330.639,3312.8466771432813,1.8,3.9342811258376926,0.08868000000000101,0.027061020257063726,2.6112340309357855,44.99999999999929,42.388765969063506,1.6955506387625403,TP,10230.002980866042,2.9560000000000337,99.0,24.688991825086365
XAUUSDm,asym_sellBase_buy_body2.2_wick0.35_atr45_closeOff,momentum,2025-08-01 12:30:00+00:00,2025-08-01 12:35:00+00:00,2025-08-03 22:05:00+00:00,BUY,session_breakout,3328.15487250472,3296.811,3384.573843013216,1.8,0.7976040610883476,0.12649285714285852,0.10762607614878515,0.5337212138909345,28.11245442787282,27.578733213981884,1.1031493285592753,TIMEOUT,10257.581714080025,4.216428571428618,100.0,27.262211762494214
XAUUSDm,asym_sellBase_buy_body2.2_wick0.35_atr45_closeOff,momentum,2025-08-04 13:00:00+00:00,2025-08-04 13:05:00+00:00,2025-08-05 01:05:00+00:00,BUY,session_breakout,3372.370332445317,3361.037,3392.7703308468886,1.8,2.2058825257816594,0.08956285714285676,0.06855101674603771,1.4898542341877274,20.43676826605153,18.946914031863802,0.757876561274552,TIMEOUT,10276.528628111888,2.985428571428559,100.0,18.452596237814085
XAUUSDm,asym_sellBase_buy_body2.2_wick0.35_atr45_closeOff,momentum,2025-08-05 12:25:00+00:00,2025-08-05 12:30:00+00:00,2025-08-05 14:20:00+00:00,BUY,session_breakout,3360.9242583031355,3349.903,3380.76252324878,1.8,2.268343533232238,0.08291357142857188,0.06580151742135495,1.5292461614010548,45.0000000000002,43.470753838599144,1.738830153543966,TP,10319.999381950487,2.763785714285729,100.0,39.83255098002978
XAUUSDm,asym_sellBase_buy_body2.2_wick0.35_atr45_closeOff,momentum,2025-08-06 12:50:00+00:00,2025-08-06 12:55:00+00:00,2025-08-07 00:55:00+00:00,BUY,session_breakout,3368.5932430518483,3360.141,3383.807280545175,1.8,2.9577947352724796,0.07221857142856997,0.06113376613382373,1.9938285025943057,11.070306796647028,9.076478294052722,0.36305913176210886,TIMEOUT,10329.07586024454,2.4072857142856656,95.0,26.669520520968696
XAUUSDm,asym_sellBase_buy_body2.2_wick0.35_atr45_closeOff,momentum,2025-08-08 12:20:00+00:00,2025-08-08 12:25:00+00:00,2025-08-08 14:25:00+00:00,BUY,session_breakout,3391.950968732315,3383.76,3406.694712450481,1.8,3.052142038019432,0.09986142857142828,0.062038018028884964,2.068043228513727,-25.0,-27.068043228513726,-1.082721729140549,SL,10302.007817016027,3.328714285714276,92.0,24.10039471149036
XAUUSDm,asym_sellBase_buy_body2.2_wick0.35_atr45_closeOff,momentum,2025-08-12 12:30:00+00:00,2025-08-12 12:35:00+00:00,2025-08-12 14:10:00+00:00,BUY,session_breakout,3350.394731886436,3338.543,3371.727849282021,1.8,2.109396351482756,0.11245285714285533,0.07850545786467981,1.410962084693659,-25.0,-26.410962084693658,-1.0564384833877463,SL,10275.596854931333,3.7484285714285113,100.0,24.49102958935112
XAUUSDm,asym_sellBase_buy_body2.2_wick0.35_atr45_closeOff,momentum,2025-08-20 12:00:00+00:00,2025-08-20 12:05:00+00:00,2025-08-20 13:40:00+00:00,BUY,session_breakout,3334.5836045968854,3328.646,3345.2712928712785,1.8,4.210452143127675,0.05190642857142652,0.020651382599897124,2.812520936882673,44.99999999999923,42.18747906311656,1.6874991625246625,TP,10317.78433399445,1.7302142857142175,98.0,33.17162831817436
XAUUSDm,asym_sellBase_buy_body2.2_wick0.35_atr45_closeOff,momentum,2025-08-28 12:05:00+00:00,2025-08-28 12:10:00+00:00,2025-08-28 12:30:00+00:00,BUY,session_breakout,3408.0944194674607,3401.401,3420.1425745088904,1.8,3.735011696418239,0.06637285714285845,0.0252330388894125,2.543354503841739,-25.0,-27.54335450384174,-1.1017341801536695,SL,10290.240979490609,2.212428571428615,100.0,28.685871396469178
XAUUSDm,asym_sellBase_buy_body2.2_wick0.35_atr45_closeOff,momentum,2025-08-29 13:30:00+00:00,2025-08-29 13:35:00+00:00,2025-08-29 14:10:00+00:00,BUY,session_breakout,3421.0445624190033,3413.653,3434.3493747732095,1.8,3.3822348487141953,0.08168142857142845,0.06272170471772227,2.3186552276035517,44.99999999999938,42.68134477239583,1.7072537908958332,TP,10332.922324263005,2.7227142857142814,100.0,20.979330941647344
XAUUSDm,asym_sellBase_buy_body2.2_wick0.35_atr45_closeOff,momentum,2025-09-03 13:25:00+00:00,2025-09-03 13:30:00+00:00,2025-09-04 01:30:00+00:00,BUY,session_breakout,3560.4976640766567,3545.048,3588.3070594146393,1.8,1.6181581603300172,0.12008142857142663,0.07562336237120064,1.1505358027200496,-17.538672722717756,-18.689208525437806,-0.7475683410175122,TIMEOUT,10314.233115737567,4.002714285714221,100.0,20.93352068030542
XAUUSDm,asym_sellBase_buy_body2.2_wick0.35_atr45_closeOff,momentum,2025-09-04 13:35:00+00:00,2025-09-04 13:40:00+00:00,2025-09-04 14:00:00+00:00,BUY,session_breakout,3558.065138600613,3539.71,3591.104388081716,1.8,1.362016410988321,0.13142357142856975,0.09142681489846695,0.9667286220278941,-25.0,-25.966728622027894,-1.0386691448811158,SL,10288.266387115538,4.3807857142856585,99.0,19.552379694708875
XAUUSDm,asym_sellBase_buy_body2.2_wick0.35_atr45_closeOff,momentum,2025-09-12 12:20:00+00:00,2025-09-12 12:25:00+00:00,2025-09-12 13:10:00+00:00,SELL,session_breakout,3643.187590056508,3649.349,3632.0970521582217,1.8,4.057512846780289,0.063953571428571,0.05343315777794299,2.9589560899769602,-25.0,-27.95895608997696,-1.1183582435990784,SL,10260.307431025562,2.1317857142857,65.0,21.061426016204223
XAUUSDm,asym_sellBase_buy_body2.2_wick0.35_atr45_closeOff,momentum,2025-09-25 12:50:00+00:00,2025-09-25 12:55:00+00:00,2025-09-25 18:40:00+00:00,SELL,session_breakout,3732.3450447092587,3755.926,3689.899325185924,1.8,1.060177575155995,0.14623071428571327,0.108839933598454,0.7938897038290711,-24.999999999999996,-25.793889703829066,-1.0317555881531628,SL,10234.513541321732,4.874357142857109,100.0,19.87710691908853
XAUUSDm,asym_sellBase_buy_body2.2_wick0.35_atr45_closeOff,momentum,2025-10-01 12:45:00+00:00,2025-10-01 12:50:00+00:00,2025-10-02 00:50:00+00:00,SELL,session_breakout,3870.85607353417,3891.122,3834.3774058956756,1.8,1.2335976863506335,0.1346742857142866,0.09258932297311691,0.9533601987756007,16.556205260093662,15.602845061318062,0.6241138024527225,TIMEOUT,10250.11638638305,4.489142857142887,96.0,18.3325867553591
XAUUSDm,asym_sellBase_buy_body2.2_wick0.35_atr45_closeOff,momentum,2025-10-09 13:40:00+00:00,2025-10-09 13:45:00+00:00,2025-10-09 16:40:00+00:00,SELL,session_breakout,4031.155132551118,4057.981,3982.8685711431303,1.8,0.9319363128755738,0.18705642857143076,0.12933923459585417,0.7468559701718268,45.00000000000017,44.25314402982834,1.7701257611931336,TP,10294.369530412878,6.235214285714359,100.0,19.2834809256265
XAUUSDm,asym_sellBase_buy_body2.2_wick0.35_atr45_closeOff,momentum,2025-10-21 12:10:00+00:00,2025-10-21 12:15:00+00:00,2025-10-21 14:20:00+00:00,SELL,session_breakout,4225.265253746275,4267.064,4150.027510489571,1.8,0.5981040638933554,0.2890564285714325,0.1482180394383705,0.5009296638586074,44.99999999999989,44.49907033614129,1.7799628134456515,TP,10338.86860074902,9.635214285714417,84.0,57.438051634424795
XAUUSDm,asym_sellBase_buy_body2.2_wick0.35_atr45_closeOff,momentum,2025-10-22 13:00:00+00:00,2025-10-22 13:05:00+00:00,2025-10-22 14:45:00+00:00,BUY,session_breakout,4066.490284577912,4023.09,4144.610796818153,1.8,0.5760330892559055,0.39714642857142374,0.12771136362590058,0.4659865922109082,-25.0,-25.465986592210907,-1.0186394636884364,SL,10313.402614156808,13.238214285714125,64.0,38.975027111375816
XAUUSDm,asym_sellBase_buy_body2.2_wick0.35_atr45_closeOff,momentum,2025-10-24 12:30:00+00:00,2025-10-24 12:35:00+00:00,2025-10-26 22:05:00+00:00,BUY,session_breakout,4089.9099556104125,4058.775,4145.952875709155,1.8,0.8029560187212642,0.19440642857142945,0.11775239612642052,0.6567475202112617,-0.5604276581809619,-1.2171751783922236,-0.048687007135688944,TIMEOUT,10312.185438978417,6.4802142857143155,74.0,42.41032507024094
XAUUSDm,asym_sellBase_buy_body2.2_wick0.35_atr45_closeOff,momentum,2025-11-10 13:00:00+00:00,2025-11-10 13:05:00+00:00,2025-11-10 13:50:00+00:00,BUY,session_breakout,4105.119979257186,4092.184,4128.404741920121,1.8,1.9325943172112494,0.11574214285713975,0.052108185756643305,1.58420630867656,-25.0,-26.58420630867656,-1.0633682523470624,SL,10285.60123266974,3.8580714285713253,82.0,50.15628024988935
XAUUSDm,asym_sellBase_buy_body2.2_wick0.35_atr45_closeOff,momentum,2025-11-14 12:10:00+00:00,2025-11-14 12:15:00+00:00,2025-11-14 13:20:00+00:00,SELL,session_breakout,4125.714608955786,4157.72,4068.1049050762012,1.8,0.7811184048794697,0.2434607142857099,0.1426606870708735,0.6400343228670938,45.00000000000014,44.35996567713305,1.7743986270853218,TP,10329.961198346873,8.115357142856997,100.0,35.25045599985121
XAUUSDm,asym_sellBase_buy_body2.2_wick0.35_atr45_closeOff,momentum,2025-11-14 13:25:00+00:00,2025-11-14 13:30:00+00:00,2025-11-16 23:00:00+00:00,SELL,session_breakout,4055.2357626741973,4119.67,3939.254135487752,1.8,0.38799248718644674,0.34366928571428257,0.3084026829457957,0.31555063349129475,-8.704315538169237,-9.019866171660532,-0.36079464686642126,TIMEOUT,10320.941332175213,11.455642857142752,100.0,46.13312162979941
XAUUSDm,asym_sellBase_buy_body2.2_wick0.35_atr45_closeOff,momentum,2025-11-18 13:35:00+00:00,2025-11-18 13:40:00+00:00,2025-11-19 01:40:00+00:00,BUY,session_breakout,4066.1819172291184,4029.089,4132.949168241532,1.8,0.6739831177358742,0.20224714285714396,0.09379365768955725,0.5480539496935091,-0.5364347755409569,-1.084488725234466,-0.04337954900937864,TIMEOUT,10319.856843449978,6.741571428571466,98.0,23.99220544731655
XAUUSDm,asym_sellBase_buy_body2.2_wick0.35_atr45_closeOff,momentum,2025-11-19 13:10:00+00:00,2025-11-19 13:15:00+00:00,2025-11-19 14:55:00+00:00,SELL,session_breakout,4102.998012861064,4120.01,4072.376436010979,1.8,1.4695520162239828,0.13318928571428126,0.045392496078810046,1.2084138004725944,-25.0,-26.208413800472595,-1.0483365520189039,SL,10293.648429649505,4.439642857142709,70.0,38.20990375075074
XAUUSDm,asym_sellBase_buy_body2.2_wick0.35_atr45_closeOff,momentum,2025-12-03 13:50:00+00:00,2025-12-03 13:55:00+00:00,2025-12-03 14:50:00+00:00,BUY,session_breakout,4236.173927226161,4211.353,4280.851596233251,1.8,1.0072145884078894,0.14135571428571309,0.07024936901739823,0.8508472357070661,-25.000000000000004,-25.850847235707068,-1.0340338894282826,SL,10267.7975824138,4.711857142857103,100.0,27.83795219721161
XAUUSDm,asym_sellBase_buy_body2.2_wick0.35_atr45_closeOff,momentum,2025-12-16 13:20:00+00:00,2025-12-16 13:25:00+00:00,2025-12-16 14:15:00+00:00,BUY,session_breakout,4301.005158518961,4289.067,4322.493843853092,1.8,2.094125317593394,0.10657071428571661,0.05387316181823117,1.805868758710869,45.00000000000038,43.194131241289504,1.7277652496515805,TP,10310.991713655088,3.5523571428572205,63.0,29.460394202997385
XAUUSDm,asym_sellBase_buy_body2.2_wick0.35_atr45_closeOff,momentum,2025-12-23 13:50:00+00:00,2025-12-23 13:55:00+00:00,2025-12-23 14:55:00+00:00,SELL,session_breakout,4478.853895033673,4497.359,4445.544706094284,1.8,1.3509785567545511,0.16868357142857154,0.1287631806127512,1.2056671142054183,45.00000000000049,43.79433288579507,1.751773315431803,TP,10354.786046540883,5.622785714285718,100.0,24.530324010148064
XAUUSDm,asym_sellBase_buy_body2.2_wick0.35_atr45_closeOff,momentum,2025-12-29 13:40:00+00:00,2025-12-29 13:45:00+00:00,2025-12-29 14:40:00+00:00,SELL,session_breakout,4429.237683507662,4467.761,4359.895713821453,1.8,0.64895762557131,0.21624642857142654,0.14919327805170732,0.5703775140360203,45.00000000000012,44.4296224859641,1.7771848994385642,TP,10399.215669026848,7.208214285714218,73.0,42.45223459079032
XAUUSDm,asym_sellBase_buy_body2.2_wick0.35_atr45_closeOff,momentum,2026-01-07 12:15:00+00:00,2026-01-07 12:20:00+00:00,2026-01-07 16:20:00+00:00,SELL,session_breakout,4442.01764709852,4455.798,4417.213011875856,1.8,1.814177051831163,0.13742785714285674,0.11663897290978921,1.6142212958390385,-25.0,-26.614221295839037,-1.0645688518335614,SL,10372.60144773101,4.580928571428558,75.0,24.219487564866068
XAUUSDm,asym_sellBase_buy_body2.2_wick0.35_atr45_closeOff,momentum,2026-01-08 13:20:00+00:00,2026-01-08 13:25:00+00:00,2026-01-08 16:30:00+00:00,BUY,session_breakout,4432.250113141264,4417.26,4459.232316795538,1.8,1.6677659310777448,0.1653042857142873,0.1264609984061899,1.482891147342496,45.000000000000604,43.51710885265811,1.7406843541063244,TP,10416.118556583668,5.51014285714291,83.0,28.359410028489833
XAUUSDm,asym_sellBase_buy_body2.2_wick0.35_atr45_closeOff,momentum,2026-01-30 13:20:00+00:00,2026-01-30 13:25:00+00:00,2026-01-30 17:43:00+00:00,SELL,session_breakout,5025.347707374922,5117.524,4859.43038064978,1.8,0.2712194132355266,0.8836500000000017,0.5164676250780638,0.26809437129974506,45.0000000000001,44.73190562870035,1.789276225148014,TP,10460.850462212367,29.45500000000006,71.0,48.48365673984146
XAUUSDm,asym_sellBase_buy_body2.2_wick0.35_atr45_closeOff,momentum,2026-02-04 12:30:00+00:00,2026-02-04 12:35:00+00:00,2026-02-04 12:59:00+00:00,BUY,session_breakout,5062.941117375588,5037.48,5108.771128651647,1.8,0.9818893503852855,0.28187571428571706,0.24517951844532598,0.9917495929557736,-25.0,-25.991749592955774,-1.039669983718231,SL,10434.858712619412,9.395857142857235,45.0,27.185615352908528
XAUUSDm,asym_sellBase_buy_body2.2_wick0.35_atr45_closeOff,momentum,2026-02-17 13:55:00+00:00,2026-02-17 14:00:00+00:00,2026-02-18 02:00:00+00:00,SELL,session_breakout,4869.945089575612,4924.239,4772.216050811714,1.8,0.46045679533096323,0.3260078571428546,0.1359064958168536,0.4493541270694743,-8.742651927249778,-9.192006054319252,-0.36768024217277007,TIMEOUT,10425.666706565093,10.866928571428486,88.0,20.56358489368482
XAUUSDm,asym_sellBase_buy_body2.2_wick0.35_atr45_closeOff,momentum,2026-02-18 13:05:00+00:00,2026-02-18 13:10:00+00:00,2026-02-19 01:10:00+00:00,BUY,session_breakout,4955.1672881476525,4917.985,5022.095406813428,1.8,0.6723631396949994,0.21361500000000172,0.06748064765174326,0.6668373426054021,5.029754908198073,4.362917565592671,0.17451670262370683,TIMEOUT,10430.029624130686,7.120500000000058,100.0,18.559749289996407
XAUUSDm,asym_sellBase_buy_body2.2_wick0.35_atr45_closeOff,momentum,2026-02-19 13:35:00+00:00,2026-02-19 13:40:00+00:00,2026-02-19 14:30:00+00:00,BUY,session_breakout,4994.6478259973155,4971.705,5035.944912792484,1.8,1.0896652401463143,0.19561928571427936,0.07101635445780474,1.0859988245523262,-25.0,-26.085998824552327,-1.043439952982093,SL,10403.943625306134,6.520642857142645,99.0,31.84451899181582
XAUUSDm,asym_sellBase_buy_body2.2_wick0.35_atr45_closeOff,momentum,2026-02-24 13:35:00+00:00,2026-02-24 13:40:00+00:00,2026-02-24 14:13:00+00:00,SELL,session_breakout,5138.32841509685,5161.12,5097.30356227118,1.8,1.0968960739779505,0.2371114285714267,0.19102918886472467,1.122742453065816,45.0000000000004,43.87725754693458,1.7550903018773831,TP,10447.820882853068,7.903714285714224,92.0,28.697801795800675
XAUUSDm,asym_sellBase_buy_body2.2_wick0.35_atr45_closeOff,momentum,2026-02-27 13:15:00+00:00,2026-02-27 13:20:00+00:00,2026-03-01 23:01:00+00:00,BUY,session_breakout,5218.62855157239,5182.863,5283.006544402692,1.8,0.6989966294633997,0.15895071428571358,0.09907621524824958,0.7340607535941129,45.0,44.265939246405885,1.7706375698562353,TP,10492.086822099474,5.29835714285712,96.0,21.011152787242228
XAUUSDm,asym_sellBase_buy_body2.2_wick0.35_atr45_closeOff,momentum,2026-03-06 13:30:00+00:00,2026-03-06 13:35:00+00:00,2026-03-08 22:03:00+00:00,BUY,session_breakout,5123.998378916761,5065.362,5229.54386096693,1.8,0.4263564780405279,0.3191828571428576,0.13178748818877692,0.4393156846172269,23.85704153162002,23.417725847002792,0.9367090338801117,TIMEOUT,10515.504547946477,10.639428571428587,100.0,32.269028977247274
XAUUSDm,asym_sellBase_buy_body2.2_wick0.35_atr45_closeOff,momentum,2026-03-11 12:55:00+00:00,2026-03-11 13:00:00+00:00,2026-03-12 01:00:00+00:00,SELL,session_breakout,5166.917151299948,5196.653,5113.392623639855,1.8,0.8407360506900986,0.24058499999999836,0.15655620005276882,0.8682798375351144,5.228664702562435,4.360384865027321,0.17441539460109282,TIMEOUT,10519.864932811504,8.019499999999946,100.0,33.44240933449603
XAUUSDm,asym_sellBase_buy_body2.2_wick0.35_atr45_closeOff,momentum,2026-03-18 12:05:00+00:00,2026-03-18 12:10:00+00:00,2026-03-18 20:28:00+00:00,SELL,session_breakout,4913.176336814887,4966.259,4817.627543081683,1.8,0.47096355947361596,0.37023642857142863,0.15054497082713822,0.4582854031815761,44.999999999999915,44.54171459681834,1.7816685838727335,TP,10564.406647408323,12.341214285714289,100.0,40.301700145599256
XAUUSDm,asym_sellBase_buy_body2.2_wick0.35_atr45_closeOff,momentum,2026-03-19 12:00:00+00:00,2026-03-19 12:05:00+00:00,2026-03-19 13:02:00+00:00,SELL,session_breakout,4629.951191614846,4695.267,4512.382736521568,1.8,0.38275573124013246,0.40764214285714323,0.3209873137253876,0.3499280707905326,45.00000000000007,44.65007192920954,1.7860028771683816,TP,10609.056719337532,13.58807142857144,45.0,62.785720474995564
XAUUSDm,asym_sellBase_buy_body2.2_wick0.35_atr45_closeOff,momentum,2026-03-20 13:30:00+00:00,2026-03-20 13:35:00+00:00,2026-03-20 14:15:00+00:00,SELL,session_breakout,4644.845335494977,4681.746,4578.424139385936,1.8,0.6774945745650972,0.32604642857143384,0.19964129073638176,0.6248715028983692,44.99999999999988,44.37512849710151,1.7750051398840603,TP,10653.431847834634,10.868214285714462,70.0,18.014851889985096
XAUUSDm,asym_sellBase_buy_body2.2_wick0.35_atr45_closeOff,momentum,2026-03-30 13:40:00+00:00,2026-03-30 13:45:00+00:00,2026-03-31 01:24:00+00:00,SELL,session_breakout,4544.245385185736,4578.633,4482.347678520062,1.8,0.7270059332417065,0.28368857142857123,0.16077052854926302,0.6632386714272549,-24.999999999999996,-25.66323867142725,-1.0265295468570903,SL,10627.768609163208,9.456285714285709,89.0,42.69311928505708
XAUUSDm,asym_sellBase_buy_body2.2_wick0.35_atr45_closeOff,momentum,2026-04-09 13:35:00+00:00,2026-04-09 13:40:00+00:00,2026-04-10 01:40:00+00:00,BUY,session_breakout,4770.286680571053,4738.562,4827.391105598948,1.8,0.788029999041541,0.22024499999999989,0.11255807105206177,0.7520635754863267,2.3777382267013665,1.6256746512150397,0.06502698604860159,TIMEOUT,10629.394283814423,7.341499999999996,85.0,19.548493915416145
XAUUSDm,asym_sellBase_buy_body2.2_wick0.35_atr45_closeOff,momentum,2026-04-17 12:45:00+00:00,2026-04-17 12:50:00+00:00,2026-04-19 22:01:00+00:00,BUY,session_breakout,4836.5146572670965,4800.857,4900.69844034787,1.8,0.7011116802412317,0.21645000000000436,0.16043226709641162,0.6756873835735758,-25.0,-25.675687383573575,-1.027027495342943,SL,10603.71859643085,7.2150000000001455,100.0,20.33483815266089
XAUUSDm,asym_sellBase_buy_body2.2_wick0.35_atr45_closeOff,momentum,2026-04-20 13:25:00+00:00,2026-04-20 13:30:00+00:00,2026-04-20 14:51:00+00:00,BUY,session_breakout,4824.374746925644,4799.549,4869.0610913918035,1.8,1.007019046592144,0.2057849999999988,0.11385442564390995,0.9691474516104556,-24.999999999999996,-25.969147451610453,-1.0387658980644183,SL,10577.749448979239,6.859499999999961,99.0,18.41847392036155
XAUUSDm,asym_sellBase_buy_body2.2_wick0.35_atr45_closeOff,momentum,2026-04-29 12:50:00+00:00,2026-04-29 12:55:00+00:00,2026-04-30 00:45:00+00:00,SELL,session_breakout,4544.9886465900745,4568.888,4501.969810452209,1.8,1.0460534045083192,0.17339357142857026,0.06265662421052241,0.953360169443441,-24.999999999999996,-25.95336016944344,-1.0381344067777376,SL,10551.796088809795,5.7797857142856754,95.0,20.702548664922677
XAUUSDm,asym_sellBase_buy_body2.2_wick0.35_atr45_closeOff,momentum,2026-05-01 13:50:00+00:00,2026-05-01 13:55:00+00:00,2026-05-03 22:03:00+00:00,BUY,session_breakout,4616.996493750977,4586.483,4671.920782502734,1.8,0.819309653756051,0.22602857142856853,0.08647946526207825,0.757319087187055,7.6912744945200595,6.933955407333005,0.2773582162933202,TIMEOUT,10558.730044217127,7.534285714285618,100.0,38.294848342025965
XAUUSDm,buy_strict_body2.2_wick0.35_atr45_close20,momentum,2025-01-07 13:10:00+00:00,2025-01-07 13:15:00+00:00,2025-01-07 15:00:00+00:00,BUY,session_breakout,2654.975055911924,2647.585,2668.2771565533867,1.8,3.382924337509092,0.06860785714285579,0.057751983352780416,1.793815946424802,-25.0,-26.7938159464248,-1.071752637856992,SL,9973.206184053575,2.2869285714285263,100.0,29.35827353571139
XAUUSDm,buy_strict_body2.2_wick0.35_atr45_close20,momentum,2025-01-15 13:55:00+00:00,2025-01-15 14:00:00+00:00,2025-01-15 14:30:00+00:00,BUY,session_breakout,2693.947934681974,2682.127,2715.2256171095273,1.8,2.1148919838059044,0.10109571428571404,0.06138682483164762,1.136981778369876,-25.0,-26.136981778369876,-1.045479271134795,SL,9947.069202275205,3.3698571428571347,100.0,29.527297783745972
XAUUSDm,buy_strict_body2.2_wick0.35_atr45_close20,momentum,2025-01-24 13:40:00+00:00,2025-01-24 13:45:00+00:00,2025-01-24 14:15:00+00:00,BUY,session_breakout,2783.992634532487,2777.85,2795.049376690964,1.8,4.0699149310902545,0.05255785714285528,0.04735560391535518,2.263622638265813,-25.0,-27.26362263826581,-1.0905449055306324,SL,9919.805579636939,1.7519285714285096,50.0,34.62164324979766
XAUUSDm,buy_strict_body2.2_wick0.35_atr45_close20,momentum,2025-02-03 12:35:00+00:00,2025-02-03 12:40:00+00:00,2025-02-03 14:45:00+00:00,BUY,session_breakout,2808.074153442939,2800.096,2822.434829640229,1.8,3.133557179465659,0.06067071428571547,0.047818085795851874,1.7643521847986148,45.0,43.23564781520138,1.7294259126080553,TP,9963.04122745214,2.0223571428571825,47.0,32.5962657261514
XAUUSDm,buy_strict_body2.2_wick0.35_atr45_close20,momentum,2025-02-24 13:55:00+00:00,2025-02-24 14:00:00+00:00,2025-02-24 14:20:00+00:00,BUY,session_breakout,2954.456721217399,2946.923,2968.017419408717,1.8,3.3184132089017067,0.07127785714285698,0.02608228882703741,1.958321641763249,-25.0,-26.95832164176325,-1.07833286567053,SL,9936.082905810377,2.375928571428566,88.0,20.21311523242239
XAUUSDm,buy_strict_body2.2_wick0.35_atr45_close20,momentum,2025-04-02 12:25:00+00:00,2025-04-02 12:30:00+00:00,2025-04-02 13:50:00+00:00,BUY,session_breakout,3125.9630325044077,3117.046,3142.013691012342,1.8,2.803623289209946,0.08566285714285543,0.08420107583640189,1.750304551827741,-25.0,-26.750304551827742,-1.0700121820731097,SL,9909.33260125855,2.8554285714285146,72.0,23.02494613702874
XAUUSDm,buy_strict_body2.2_wick0.35_atr45_close20,momentum,2025-04-21 13:00:00+00:00,2025-04-21 13:05:00+00:00,2025-04-22 01:05:00+00:00,BUY,session_breakout,3421.3727518351006,3398.008,3463.429305138282,1.8,1.0699878250982549,0.13261714285714366,0.11044326367231197,0.7333226563034799,11.572183861858663,10.838861205555183,0.43355444822220734,TIMEOUT,9920.171462464104,4.4205714285714555,100.0,28.364920124046165
XAUUSDm,buy_strict_body2.2_wick0.35_atr45_close20,momentum,2025-05-09 13:25:00+00:00,2025-05-09 13:30:00+00:00,2025-05-09 14:00:00+00:00,BUY,session_breakout,3339.951793086731,3328.669,3360.2608206428467,1.8,2.2157634025391078,0.10501285714285587,0.08928665815945964,1.4776085898732898,-25.0,-26.47760858987329,-1.0591043435949317,SL,9893.69385387423,3.500428571428529,49.0,23.16619450277093
XAUUSDm,buy_strict_body2.2_wick0.35_atr45_close20,momentum,2025-05-15 12:50:00+00:00,2025-05-15 12:55:00+00:00,2025-05-15 15:05:00+00:00,BUY,session_breakout,3188.617838182938,3177.747,3208.185346912227,1.8,2.2997306720320134,0.1302021428571457,0.05073711150964223,1.4710924487715429,44.999999999999794,43.52890755122825,1.74115630204913,TP,9937.222761425459,4.340071428571524,65.0,28.573355861432
XAUUSDm,buy_strict_body2.2_wick0.35_atr45_close20,momentum,2025-05-29 12:55:00+00:00,2025-05-29 13:00:00+00:00,2025-05-30 01:00:00+00:00,BUY,session_breakout,3316.54287105983,3304.421,3338.362238967524,1.8,2.062387883570719,0.11555142857142948,0.07109534554404998,1.3671500955465494,-8.494709767783213,-9.861859863329762,-0.3944743945331905,TIMEOUT,9927.36090156213,3.8517142857143165,100.0,37.63242241008216
XAUUSDm,buy_strict_body2.2_wick0.35_atr45_close20,momentum,2025-05-30 12:10:00+00:00,2025-05-30 12:15:00+00:00,2025-05-30 13:40:00+00:00,BUY,session_breakout,3302.997849591059,3288.365,3329.3369788549658,1.8,1.7084847243475412,0.14142642857142912,0.07913637677341807,1.1261242741158204,-25.0,-26.12612427411582,-1.0450449709646328,SL,9901.234777288013,4.714214285714304,100.0,26.073140583746437
XAUUSDm,buy_strict_body2.2_wick0.35_atr45_close20,momentum,2025-06-11 12:15:00+00:00,2025-06-11 12:20:00+00:00,2025-06-11 12:35:00+00:00,BUY,session_breakout,3338.1404248137273,3327.196,3357.840389478437,1.8,2.2842680566129756,0.09899999999999863,0.0939248137272068,1.5295415081780932,45.00000000000042,43.47045849182233,1.7388183396728931,TP,9944.705235779835,3.2999999999999545,97.0,30.652943272538636
XAUUSDm,buy_strict_body2.2_wick0.35_atr45_close20,momentum,2025-06-20 13:50:00+00:00,2025-06-20 13:55:00+00:00,2025-06-22 22:05:00+00:00,BUY,session_breakout,3372.0830400464183,3348.68,3414.2085121299715,1.8,1.0682372867120702,0.11116928571428453,0.08345540356128202,0.7214104478148681,9.734803614729755,9.013393166914886,0.36053572667659545,TIMEOUT,9953.71862894675,3.7056428571428177,98.0,19.55623931036536
XAUUSDm,buy_strict_body2.2_wick0.35_atr45_close20,momentum,2025-07-11 12:45:00+00:00,2025-07-11 12:50:00+00:00,2025-07-13 22:05:00+00:00,BUY,session_breakout,3356.051461565219,3344.356,3377.1032923826133,1.8,2.1375813054140065,0.09554357142856848,0.08368977950492858,1.4359500529553226,11.834801054894099,10.398851001938777,0.41595404007755105,TIMEOUT,9964.117479948689,3.184785714285616,100.0,24.363230310504886
XAUUSDm,buy_strict_body2.2_wick0.35_atr45_close20,momentum,2025-07-18 12:00:00+00:00,2025-07-18 12:05:00+00:00,2025-07-18 14:15:00+00:00,BUY,session_breakout,3358.2943908635184,3351.982,3369.6566944178517,1.8,3.96046451186728,0.058890000000000914,0.035945863518259624,2.657581151083582,-25.0,-27.657581151083583,-1.1063032460433433,SL,9936.459898797606,1.9630000000000305,82.0,31.83987434693921
XAUUSDm,buy_strict_body2.2_wick0.35_atr45_close20,momentum,2025-07-21 12:20:00+00:00,2025-07-21 12:25:00+00:00,2025-07-21 14:25:00+00:00,BUY,session_breakout,3380.963058832151,3371.579,3397.8543647300226,1.8,2.6640924196198554,0.06679285714285828,0.030662403579904907,1.8059396112098984,44.99999999999952,43.194060388789616,1.7277624155515847,TP,9979.653959186395,2.226428571428609,94.0,27.99741884698307
XAUUSDm,buy_strict_body2.2_wick0.35_atr45_close20,momentum,2025-07-22 12:55:00+00:00,2025-07-22 13:00:00+00:00,2025-07-22 16:50:00+00:00,BUY,session_breakout,3407.6119012692484,3393.754,3432.5561235538958,1.8,1.80402497566327,0.08744357142857,0.0601794835342032,1.233983395451425,45.00000000000016,43.76601660454874,1.7506406641819496,TP,10023.419975790943,2.914785714285667,100.0,24.906157185601465
XAUUSDm,buy_strict_body2.2_wick0.35_atr45_close20,momentum,2025-08-01 12:30:00+00:00,2025-08-01 12:35:00+00:00,2025-08-03 22:05:00+00:00,BUY,session_breakout,3328.090844984656,3296.811,3384.394565957037,1.8,0.7992366973769703,0.12649285714285852,0.043598556084601815,0.5348085842710467,28.221171678332208,27.68636309406116,1.1074545237624465,TIMEOUT,10051.106338885003,4.216428571428618,100.0,27.262211762494214
XAUUSDm,buy_strict_body2.2_wick0.35_atr45_close20,momentum,2025-08-04 13:00:00+00:00,2025-08-04 13:05:00+00:00,2025-08-05 01:05:00+00:00,BUY,session_breakout,3372.380537794411,3361.037,3392.7989058243506,1.8,2.203897977253394,0.08956285714285676,0.07875636583975974,1.48851611820831,20.395890535466318,18.90737441725801,0.7562949766903203,TIMEOUT,10070.013713302262,2.985428571428559,100.0,18.452596237814085
XAUUSDm,buy_strict_body2.2_wick0.35_atr45_close20,momentum,2025-08-05 12:25:00+00:00,2025-08-05 12:30:00+00:00,2025-08-05 14:20:00+00:00,BUY,session_breakout,3360.9199923430356,3349.903,3380.7505785605,1.8,2.2692218730462637,0.08291357142857188,0.06153555732141684,1.5298346320366596,44.999999999999794,43.47016536796313,1.7388066147185253,TP,10113.483878670226,2.763785714285729,100.0,39.83255098002978
XAUUSDm,buy_strict_body2.2_wick0.35_atr45_close20,momentum,2025-08-06 12:50:00+00:00,2025-08-06 12:55:00+00:00,2025-08-07 00:55:00+00:00,BUY,session_breakout,3368.5920984666673,3360.141,3383.8040757066683,1.8,2.9581953279334,0.07221857142856997,0.05998918095310612,1.9940982006819075,11.075192024146949,9.081093823465041,0.3632437529386016,TIMEOUT,10122.56497249369,2.4072857142856656,95.0,26.669520520968696
XAUUSDm,buy_strict_body2.2_wick0.35_atr45_close20,momentum,2025-08-20 12:00:00+00:00,2025-08-20 12:05:00+00:00,2025-08-20 13:40:00+00:00,BUY,session_breakout,3334.591406666646,3328.646,3345.2931386666082,1.8,4.204926828681374,0.05190642857142652,0.02845345236044215,2.8088425737165883,44.99999999999923,42.19115742628264,1.6876462970513058,TP,10164.756129919973,1.7302142857142175,98.0,33.17162831817436
XAUUSDm,buy_strict_body2.2_wick0.35_atr45_close20,momentum,2025-08-28 12:05:00+00:00,2025-08-28 12:10:00+00:00,2025-08-28 12:30:00+00:00,BUY,session_breakout,3408.1341978866258,3401.401,3420.2539540825524,1.8,3.712945976184243,0.06637285714285845,0.06501145805427003,2.5283436312678123,-25.0,-27.528343631267813,-1.1011337452507126,SL,10137.227786288706,2.212428571428615,100.0,28.685871396469178
XAUUSDm,buy_strict_body2.2_wick0.35_atr45_close20,momentum,2025-08-29 13:30:00+00:00,2025-08-29 13:35:00+00:00,2025-08-29 14:10:00+00:00,BUY,session_breakout,3421.057411129211,3413.653,3434.3853511617904,1.8,3.376365731688376,0.08168142857142845,0.07557041492526775,2.314648201815044,44.99999999999939,42.68535179818434,1.7074140719273736,TP,10179.91313808689,2.7227142857142814,100.0,20.979330941647344
XAUUSDm,buy_strict_body2.2_wick0.35_atr45_close20,momentum,2025-09-03 13:25:00+00:00,2025-09-03 13:30:00+00:00,2025-09-04 01:30:00+00:00,BUY,session_breakout,3560.5234937244704,3545.048,3588.3793824285176,1.8,1.6154573446964542,0.12008142857142663,0.10145301018495613,1.1486196531619346,-17.551126183604115,-18.69974583676605,-0.747989833470642,TIMEOUT,10161.213392250123,4.002714285714221,100.0,20.93352068030542
XAUUSDm,buy_strict_body2.2_wick0.35_atr45_close20,momentum,2025-09-04 13:35:00+00:00,2025-09-04 13:40:00+00:00,2025-09-04 14:00:00+00:00,BUY,session_breakout,3558.03104493703,3539.71,3591.008925823684,1.8,1.3645509896365573,0.13142357142856975,0.05733315131547423,0.9685229567052837,-25.0,-25.968522956705282,-1.0387409182682112,SL,10135.244869293418,4.3807857142856585,99.0,19.552379694708875
XAUUSDm,buy_strict_body2.2_wick0.35_atr45_close20,momentum,2025-10-22 13:00:00+00:00,2025-10-22 13:05:00+00:00,2025-10-22 14:45:00+00:00,BUY,session_breakout,4066.611466748696,4023.09,4144.950106896348,1.8,0.5744291695028686,0.39714642857142374,0.24889353441005033,0.4646960495070592,-25.0,-25.464696049507058,-1.0185878419802823,SL,10109.780173243911,13.238214285714125,64.0,38.975027111375816
XAUUSDm,buy_strict_body2.2_wick0.35_atr45_close20,momentum,2025-10-24 12:30:00+00:00,2025-10-24 12:35:00+00:00,2025-10-26 22:05:00+00:00,BUY,session_breakout,4089.8564861564228,4058.775,4145.803161237984,1.8,0.804337343271921,0.19440642857142945,0.064282942136701,0.657873021659415,-0.5183842828326243,-1.1762573044920392,-0.04705029217968157,TIMEOUT,10108.603915939419,6.4802142857143155,74.0,42.41032507024094
XAUUSDm,buy_strict_body2.2_wick0.35_atr45_close20,momentum,2025-11-10 13:00:00+00:00,2025-11-10 13:05:00+00:00,2025-11-10 13:50:00+00:00,BUY,session_breakout,4105.115094171789,4092.184,4128.391063681008,1.8,1.9333244092013375,0.11574214285713975,0.04722310035970828,1.5848038428286333,-25.0,-26.584803842828634,-1.0633921537131454,SL,10082.01911209659,3.8580714285713253,82.0,50.15628024988935
XAUUSDm,buy_strict_body2.2_wick0.35_atr45_close20,momentum,2025-11-18 13:35:00+00:00,2025-11-18 13:40:00+00:00,2025-11-19 01:40:00+00:00,BUY,session_breakout,4066.245499003743,4029.089,4133.1271972104805,1.8,0.6728298055605688,0.20224714285714396,0.15737543231453774,0.5471204040364885,-0.5782965475680177,-1.1254169516045063,-0.04501667806418025,TIMEOUT,10080.893695144985,6.741571428571466,98.0,23.99220544731655
XAUUSDm,buy_strict_body2.2_wick0.35_atr45_close20,momentum,2025-12-03 13:50:00+00:00,2025-12-03 13:55:00+00:00,2025-12-03 14:50:00+00:00,BUY,session_breakout,4236.219778041994,4211.353,4280.979978517583,1.8,1.0053574273989703,0.14135571428571309,0.11610018485063589,0.8492830035897873,-25.0,-25.849283003589786,-1.0339713201435914,SL,10055.044412141395,4.711857142857103,100.0,27.83795219721161
XAUUSDm,buy_strict_body2.2_wick0.35_atr45_close20,momentum,2025-12-16 13:20:00+00:00,2025-12-16 13:25:00+00:00,2025-12-16 14:15:00+00:00,BUY,session_breakout,4301.055432313714,4289.067,4322.634610478399,1.8,2.0853435499987554,0.10657071428571661,0.1041469565704424,1.7983356407925022,44.999999999999616,43.201664359207115,1.7280665743682848,TP,10098.246076500602,3.5523571428572205,63.0,29.460394202997385
XAUUSDm,buy_strict_body2.2_wick0.35_atr45_close20,momentum,2026-01-08 13:20:00+00:00,2026-01-08 13:25:00+00:00,2026-01-08 16:30:00+00:00,BUY,session_breakout,4432.2109456582375,4417.26,4459.122647843064,1.8,1.6721350322229378,0.1653042857142873,0.08729351538052653,1.486751038487419,44.999999999999694,43.513248961512275,1.740529958460491,TP,10141.759325462113,5.51014285714291,83.0,28.359410028489833
XAUUSDm,buy_strict_body2.2_wick0.35_atr45_close20,momentum,2026-02-04 12:30:00+00:00,2026-02-04 12:35:00+00:00,2026-02-04 12:59:00+00:00,BUY,session_breakout,5062.853597087405,5037.48,5108.526071844736,1.8,0.985276148032188,0.28187571428571706,0.15765923026257392,0.9951617780378372,-25.0,-25.995161778037836,-1.0398064711215134,SL,10115.764163684076,9.395857142857235,45.0,27.185615352908528
XAUUSDm,buy_strict_body2.2_wick0.35_atr45_close20,momentum,2026-02-19 13:35:00+00:00,2026-02-19 13:40:00+00:00,2026-02-19 14:30:00+00:00,BUY,session_breakout,4994.699793349255,4971.705,5036.090421377914,1.8,1.0872026384533726,0.19561928571427936,0.12298370639761756,1.083550158722365,-24.999999999999996,-26.08355015872236,-1.0433420063488945,SL,10089.680613525354,6.520642857142645,99.0,31.84451899181582
XAUUSDm,buy_strict_body2.2_wick0.35_atr45_close20,momentum,2026-02-27 13:20:00+00:00,2026-02-27 13:25:00+00:00,2026-03-01 23:01:00+00:00,BUY,session_breakout,5234.928323738717,5182.863,5328.645906468408,1.8,0.4801660338358652,0.19656642857142806,0.08504052443166926,0.506792696454999,40.65742330068217,40.15063060422717,1.6060252241690867,TIMEOUT,10129.83124412958,6.552214285714269,100.0,21.011152787242228
XAUUSDm,buy_strict_body2.2_wick0.35_atr45_close20,momentum,2026-03-06 13:30:00+00:00,2026-03-06 13:35:00+00:00,2026-03-08 22:03:00+00:00,BUY,session_breakout,5123.991374387809,5065.362,5229.524248285864,1.8,0.4264074154132282,0.3191828571428576,0.12478295923695107,0.4393678715651793,23.862878547032494,23.423510675467316,0.9369404270186926,TIMEOUT,10153.254754805048,10.639428571428587,100.0,32.269028977247274
XAUUSDm,buy_strict_body2.2_wick0.35_atr45_close20,momentum,2026-04-09 13:35:00+00:00,2026-04-09 13:40:00+00:00,2026-04-10 01:40:00+00:00,BUY,session_breakout,4770.3135361420345,4738.562,4827.466301197697,1.8,0.7873634802476048,0.22024499999999989,0.13941364203364148,0.7514295917408865,2.3545820307624354,1.603152439021549,0.06412609756086196,TIMEOUT,10154.85790724407,7.341499999999996,85.0,19.548493915416145
XAUUSDm,buy_strict_body2.2_wick0.35_atr45_close20,momentum,2026-04-17 13:05:00+00:00,2026-04-17 13:10:00+00:00,2026-04-19 22:01:00+00:00,BUY,session_breakout,4862.673107346377,4811.482,4954.817100569856,1.8,0.488366071685873,0.27648857142857586,0.12686306066257969,0.47245291266545747,-25.0,-25.472452912665457,-1.0188981165066182,SL,10129.385454331405,9.216285714285862,100.0,23.682725240557893
XAUUSDm,buy_strict_body2.2_wick0.35_atr45_close20,momentum,2026-04-20 13:25:00+00:00,2026-04-20 13:30:00+00:00,2026-04-20 14:51:00+00:00,BUY,session_breakout,4824.419114371028,4799.549,4869.1853202388775,1.8,1.0052225585710843,0.2057849999999988,0.15822187102701735,0.9674229851534579,-24.999999999999996,-25.967422985153455,-1.0386969194061384,SL,10103.418031346251,6.859499999999961,99.0,18.41847392036155
XAUUSDm,buy_strict_body2.2_wick0.35_atr45_close20,momentum,2026-05-01 13:50:00+00:00,2026-05-01 13:55:00+00:00,2026-05-03 22:03:00+00:00,BUY,session_breakout,4617.046989033746,4586.483,4672.06216929449,1.8,0.8179560584319397,0.22602857142856853,0.13697474803254983,0.756072037817769,7.6372646874926975,6.8811926496749285,0.27524770598699716,TIMEOUT,10110.299223995926,7.534285714285618,100.0,38.294848342025965
XAUUSDm,asym_sellBase_buy_body2.2_wick0.35_atr45_close20,momentum,2025-01-03 13:15:00+00:00,2025-01-03 13:20:00+00:00,2025-01-03 16:50:00+00:00,SELL,session_breakout,2652.005430036269,2658.656,2640.0344041015533,1.8,3.7590763102016957,0.04961357142857001,0.04176317801689456,1.98931815731512,45.0,43.01068184268488,1.7204272737073953,TP,10043.010681842685,1.653785714285667,73.0,20.836599199556407
XAUUSDm,asym_sellBase_buy_body2.2_wick0.35_atr45_close20,momentum,2025-01-06 13:30:00+00:00,2025-01-06 13:35:00+00:00,2025-01-06 14:15:00+00:00,SELL,session_breakout,2638.225875719044,2648.848,2619.106052013323,1.8,2.353578186316398,0.09765428571428304,0.05929713809885488,1.2373541743335637,45.00000000000021,43.76264582566665,1.750505833026666,TP,10086.773327668352,3.255142857142768,99.0,33.51748168707531
XAUUSDm,asym_sellBase_buy_body2.2_wick0.35_atr45_close20,momentum,2025-01-07 13:10:00+00:00,2025-01-07 13:15:00+00:00,2025-01-07 15:00:00+00:00,BUY,session_breakout,2654.9791208801166,2647.585,2668.2885384643264,1.8,3.3810645518694584,0.06860785714285579,0.061816951545560016,1.79283115831226,-25.0,-26.79283115831226,-1.0717132463324903,SL,10059.98049651004,2.2869285714285263,100.0,29.35827353571139
XAUUSDm,asym_sellBase_buy_body2.2_wick0.35_atr45_close20,momentum,2025-01-13 12:00:00+00:00,2025-01-13 12:05:00+00:00,2025-01-13 17:35:00+00:00,SELL,session_breakout,2673.064954967965,2680.55,2659.591873910302,1.8,3.3399932656387783,0.06136285714285707,0.048363603463073,1.7811037896416055,44.999999999999694,43.21889621035809,1.7287558484143235,TP,10103.199392720397,2.045428571428569,66.0,19.272499199964653
XAUUSDm,asym_sellBase_buy_body2.2_wick0.35_atr45_close20,momentum,2025-01-15 13:55:00+00:00,2025-01-15 14:00:00+00:00,2025-01-15 14:30:00+00:00,BUY,session_breakout,2693.9235412198063,2682.127,2715.157315415458,1.8,2.119265260398956,0.10109571428571404,0.03699336266367949,1.1393277150156143,-25.0,-26.139327715015614,-1.0455731086006246,SL,10077.06006500538,3.3698571428571347,100.0,29.527297783745972
XAUUSDm,asym_sellBase_buy_body2.2_wick0.35_atr45_close20,momentum,2025-01-23 13:10:00+00:00,2025-01-23 13:15:00+00:00,2025-01-23 14:30:00+00:00,SELL,session_breakout,2740.6472082537293,2746.514,2730.086983110442,1.8,4.261272784378476,0.08819785714285834,0.08669281769938418,2.338229072022893,-25.0,-27.338229072022894,-1.0935291628809158,SL,10049.721835933356,2.9399285714286116,100.0,21.034694030739566
XAUUSDm,asym_sellBase_buy_body2.2_wick0.35_atr45_close20,momentum,2025-01-24 13:40:00+00:00,2025-01-24 13:45:00+00:00,2025-01-24 14:15:00+00:00,BUY,session_breakout,2783.9890489959203,2777.85,2795.039337188577,1.8,4.0722919814801175,0.05255785714285528,0.04377006734893167,2.264943256150909,-25.0,-27.264943256150907,-1.0905977302460363,SL,10022.456892677206,1.7519285714285096,50.0,34.62164324979766
XAUUSDm,asym_sellBase_buy_body2.2_wick0.35_atr45_close20,momentum,2025-02-03 12:35:00+00:00,2025-02-03 12:40:00+00:00,2025-02-03 14:45:00+00:00,BUY,session_breakout,2808.077920329442,2800.096,2822.4453769224374,1.8,3.1320783681322513,0.06067071428571547,0.05158497229867488,1.763524022058729,45.000000000000284,43.23647597794155,1.729459039117662,TP,10065.693368655147,2.0223571428571825,47.0,32.5962657261514
XAUUSDm,asym_sellBase_buy_body2.2_wick0.35_atr45_close20,momentum,2025-02-11 12:45:00+00:00,2025-02-11 12:50:00+00:00,2025-02-11 13:15:00+00:00,SELL,session_breakout,2896.7206527845447,2904.236,2883.1930277967253,1.8,3.326526277932681,0.08019428571428665,0.03125007259816052,1.9227034742636195,44.999999999999694,43.077296525736074,1.723091861029443,TP,10108.770665180884,2.673142857142888,57.99999999999999,33.99080280425428
XAUUSDm,asym_sellBase_buy_body2.2_wick0.35_atr45_close20,momentum,2025-02-12 13:15:00+00:00,2025-02-12 13:20:00+00:00,2025-02-12 14:00:00+00:00,SELL,session_breakout,2874.1638297744685,2885.902,2853.0351233685114,1.8,2.1298038382185625,0.08443714285714382,0.05195165410239884,1.2267810312645253,-25.0,-26.226781031264526,-1.049071241250581,SL,10082.54388414962,2.814571428571461,97.0,21.687231563201554
XAUUSDm,asym_sellBase_buy_body2.2_wick0.35_atr45_close20,momentum,2025-02-13 13:00:00+00:00,2025-02-13 13:05:00+00:00,2025-02-13 18:50:00+00:00,SELL,session_breakout,2913.989674362585,2921.369,2900.7068882152375,1.8,3.3878434464584855,0.06448499999999967,0.036083137414846415,1.976928164267396,-25.0,-26.976928164267395,-1.0790771265706958,SL,10055.566955985352,2.149499999999989,60.0,18.43714716473585
XAUUSDm,asym_sellBase_buy_body2.2_wick0.35_atr45_close20,momentum,2025-02-14 13:40:00+00:00,2025-02-14 13:45:00+00:00,2025-02-14 16:45:00+00:00,SELL,session_breakout,2917.818552089009,2933.321,2889.914145849225,1.8,1.6126485406395195,0.10798928571428665,0.10245326813382452,0.9365831659754513,44.99999999999971,44.06341683402426,1.7625366733609704,TP,10099.630372819376,3.5996428571428885,100.0,18.863435153374482
XAUUSDm,asym_sellBase_buy_body2.2_wick0.35_atr45_close20,momentum,2025-02-24 13:55:00+00:00,2025-02-24 14:00:00+00:00,2025-02-24 14:20:00+00:00,BUY,session_breakout,2954.484147613948,2946.923,2968.094213319055,1.8,3.306376396339811,0.07127785714285698,0.05350868537672173,1.951227329806181,-25.0,-26.95122732980618,-1.0780490931922473,SL,10072.67914548957,2.375928571428566,88.0,20.21311523242239
XAUUSDm,asym_sellBase_buy_body2.2_wick0.35_atr45_close20,momentum,2025-02-28 12:50:00+00:00,2025-02-28 12:55:00+00:00,2025-02-28 14:40:00+00:00,SELL,session_breakout,2855.008540725002,2864.502,2837.920314030006,1.8,2.6333920308522925,0.06792428571428445,0.05949713214047275,1.4991713478320907,45.000000000000234,43.500828652168146,1.7400331460867258,TP,10116.179974141738,2.264142857142815,71.0,21.169540131150995
XAUUSDm,asym_sellBase_buy_body2.2_wick0.35_atr45_close20,momentum,2025-03-03 13:05:00+00:00,2025-03-03 13:10:00+00:00,2025-03-03 14:30:00+00:00,SELL,session_breakout,2871.0504769709864,2877.716,2859.0525355187624,1.8,3.750643406553525,0.057207857142854465,0.03491910044199539,2.1561573082667165,-25.0,-27.156157308266717,-1.0862462923306686,SL,10089.02381683347,1.9069285714284823,70.0,19.71262015212677
XAUUSDm,asym_sellBase_buy_body2.2_wick0.35_atr45_close20,momentum,2025-03-05 13:30:00+00:00,2025-03-05 13:35:00+00:00,2025-03-05 15:05:00+00:00,SELL,session_breakout,2908.6879680803154,2917.269,2893.2421106248835,1.8,2.9134025177847716,0.08657571428571535,0.039744062542037606,1.6973357699310925,-25.0,-26.697335769931094,-1.0678934307972439,SL,10062.32648106354,2.8858571428571786,100.0,18.538773727042578
XAUUSDm,asym_sellBase_buy_body2.2_wick0.35_atr45_close20,momentum,2025-03-21 13:45:00+00:00,2025-03-21 13:50:00+00:00,2025-03-23 22:05:00+00:00,SELL,session_breakout,3010.6700972495464,3036.851,2963.54447229873,1.8,0.9548944984170482,0.11942571428571715,0.082189893310666,0.5762363462758147,-12.618837933524654,-13.195074279800469,-0.5278029711920188,TIMEOUT,10049.13140678374,3.9808571428572384,100.0,18.011965333720443
XAUUSDm,asym_sellBase_buy_body2.2_wick0.35_atr45_close20,momentum,2025-03-26 13:00:00+00:00,2025-03-26 13:05:00+00:00,2025-03-26 14:00:00+00:00,SELL,session_breakout,3024.813108651852,3029.994,3015.487504225185,1.8,4.825424491663162,0.06616928571428649,0.022806705291147224,2.914701451438486,45.00000000000044,42.08529854856195,1.683411941942478,TP,10091.216705332301,2.205642857142883,100.0,19.750277906197685
XAUUSDm,asym_sellBase_buy_body2.2_wick0.35_atr45_close20,momentum,2025-04-02 12:25:00+00:00,2025-04-02 12:30:00+00:00,2025-04-02 13:50:00+00:00,BUY,session_breakout,3125.9541583613113,3117.046,3141.988843411672,1.8,2.8064162070328713,0.08566285714285543,0.07532693274021882,1.7520456824933965,-25.0,-26.752045682493396,-1.0700818272997359,SL,10064.464659649808,2.8554285714285146,72.0,23.02494613702874
XAUUSDm,asym_sellBase_buy_body2.2_wick0.35_atr45_close20,momentum,2025-04-03 12:20:00+00:00,2025-04-03 12:25:00+00:00,2025-04-03 14:00:00+00:00,SELL,session_breakout,3080.676432330569,3097.309,3050.737810525592,1.8,1.5030752014282731,0.14053499999999824,0.10430016943143226,0.9285976698121208,-25.0,-25.92859766981212,-1.0371439067924848,SL,10038.536061979996,4.684499999999941,68.0,45.51265925747012
XAUUSDm,asym_sellBase_buy_body2.2_wick0.35_atr45_close20,momentum,2025-04-21 13:00:00+00:00,2025-04-21 13:05:00+00:00,2025-04-22 01:05:00+00:00,BUY,session_breakout,3421.3724685153734,3398.008,3463.4285118430457,1.8,1.0700007998705499,0.13261714285714366,0.11015994394474894,0.7333315183272631,11.572627339575703,10.83929582124844,0.43357183284993756,TIMEOUT,10049.375357801244,4.4205714285714555,100.0,28.364920124046165
XAUUSDm,asym_sellBase_buy_body2.2_wick0.35_atr45_close20,momentum,2025-04-23 13:25:00+00:00,2025-04-23 13:30:00+00:00,2025-04-23 14:00:00+00:00,SELL,session_breakout,3299.6790137236762,3320.54,3262.1292384262933,1.8,1.1984093018830018,0.2031985714285695,0.11138699060939472,0.7863732046549166,45.00000000000022,44.213626795345306,1.7685450718138123,TP,10093.588984596588,6.773285714285651,78.0,22.560104668224394
XAUUSDm,asym_sellBase_buy_body2.2_wick0.35_atr45_close20,momentum,2025-04-25 13:20:00+00:00,2025-04-25 13:25:00+00:00,2025-04-25 19:30:00+00:00,SELL,session_breakout,3270.3267350000833,3298.252,3220.0612580002335,1.8,0.89524665209353,0.20633142857142858,0.20209928563083324,0.588049812152158,-25.0,-25.588049812152157,-1.0235219924860863,SL,10068.000934784437,6.877714285714286,89.0,31.5080885248663
XAUUSDm,asym_sellBase_buy_body2.2_wick0.35_atr45_close20,momentum,2025-04-30 12:00:00+00:00,2025-04-30 12:05:00+00:00,2025-04-30 12:15:00+00:00,SELL,session_breakout,3267.5637474255927,3281.671,3242.17069279166,1.8,1.7721381160605418,0.11945999999999815,0.1105225744072031,1.160614852694103,-25.0,-26.160614852694103,-1.0464245941077641,SL,10041.840319931744,3.9819999999999385,85.0,43.24131785778276
XAUUSDm,asym_sellBase_buy_body2.2_wick0.35_atr45_close20,momentum,2025-05-02 13:00:00+00:00,2025-05-02 13:05:00+00:00,2025-05-02 14:55:00+00:00,SELL,session_breakout,3243.9693042461017,3263.926,3208.047251889085,1.8,1.2527123882778377,0.15889714285714296,0.13424718246966333,0.815252106924426,-25.0,-25.815252106924426,-1.032610084276977,SL,10016.02506782482,5.296571428571432,100.0,20.422343309001352
XAUUSDm,asym_sellBase_buy_body2.2_wick0.35_atr45_close20,momentum,2025-05-09 13:25:00+00:00,2025-05-09 13:30:00+00:00,2025-05-09 14:00:00+00:00,BUY,session_breakout,3339.9083179824897,3328.669,3360.1390903509714,1.8,2.224334255774985,0.10501285714285587,0.04581155391834687,1.483314496567253,-25.0,-26.483314496567253,-1.05933257986269,SL,9989.541753328253,3.500428571428529,49.0,23.16619450277093
XAUUSDm,asym_sellBase_buy_body2.2_wick0.35_atr45_close20,momentum,2025-05-14 12:50:00+00:00,2025-05-14 12:55:00+00:00,2025-05-15 00:55:00+00:00,SELL,session_breakout,3186.2024006114666,3221.493,3122.6793217121067,1.8,0.7084039498666896,0.21265500000000104,0.13327188853330135,0.4515388312363522,-1.1515810277379175,-1.6031198589742697,-0.06412479435897078,TIMEOUT,9987.938633469279,7.088500000000034,100.0,20.548243138493692
XAUUSDm,asym_sellBase_buy_body2.2_wick0.35_atr45_close20,momentum,2025-05-15 12:50:00+00:00,2025-05-15 12:55:00+00:00,2025-05-15 15:05:00+00:00,BUY,session_breakout,3188.6101540552054,3177.747,3208.1638313545754,1.8,2.301357402551075,0.1302021428571457,0.043052983776640505,1.472126316376894,45.00000000000021,43.52787368362332,1.7411149473449328,TP,10031.466507152902,4.340071428571524,65.0,28.573355861432
XAUUSDm,asym_sellBase_buy_body2.2_wick0.35_atr45_close20,momentum,2025-05-28 13:35:00+00:00,2025-05-28 13:40:00+00:00,2025-05-28 20:50:00+00:00,SELL,session_breakout,3303.712651139009,3316.438,3280.8070231892243,1.8,1.9645826824155554,0.11382000000000095,0.04643886099099019,1.293583332420976,45.000000000000355,43.706416667579376,1.748256666703175,TP,10075.17292382048,3.7940000000000316,98.0,19.47008735358178
XAUUSDm,asym_sellBase_buy_body2.2_wick0.35_atr45_close20,momentum,2025-05-29 12:55:00+00:00,2025-05-29 13:00:00+00:00,2025-05-30 01:00:00+00:00,BUY,session_breakout,3316.561690240489,3304.421,3338.4149326733695,1.8,2.059190993657425,0.11555142857142948,0.08991452620339847,1.3650347630427164,-8.520294477759306,-9.885329240802022,-0.3954131696320809,TIMEOUT,10065.287594579679,3.8517142857143165,100.0,37.63242241008216
XAUUSDm,asym_sellBase_buy_body2.2_wick0.35_atr45_close20,momentum,2025-05-30 12:10:00+00:00,2025-05-30 12:15:00+00:00,2025-05-30 13:40:00+00:00,BUY,session_breakout,3303.0348714791485,3288.365,3329.4406401416163,1.8,1.7041730757855806,0.14142642857142912,0.11615826486306906,1.1232886192711302,-25.0,-26.12328861927113,-1.0449315447708452,SL,10039.164305960407,4.714214285714304,100.0,26.073140583746437
XAUUSDm,asym_sellBase_buy_body2.2_wick0.35_atr45_close20,momentum,2025-06-03 13:45:00+00:00,2025-06-03 13:50:00+00:00,2025-06-04 01:20:00+00:00,SELL,session_breakout,3343.760323390799,3363.095,3308.9579054942374,1.8,1.2930136099666207,0.12839785714285493,0.12547768062944312,0.8672055213221384,-24.999999999999996,-25.867205521322134,-1.0346882208528856,SL,10013.297100439084,4.279928571428497,100.0,26.21077909916798
XAUUSDm,asym_sellBase_buy_body2.2_wick0.35_atr45_close20,momentum,2025-06-11 12:15:00+00:00,2025-06-11 12:20:00+00:00,2025-06-11 12:35:00+00:00,BUY,session_breakout,3338.098779697319,3327.196,3357.7237831524935,1.8,2.2929932268692155,0.09899999999999863,0.05227969731897321,1.5353475784932693,45.0,43.46465242150673,1.738586096860269,TP,10056.76175286059,3.2999999999999545,97.0,30.652943272538636
XAUUSDm,asym_sellBase_buy_body2.2_wick0.35_atr45_close20,momentum,2025-06-16 13:50:00+00:00,2025-06-16 13:55:00+00:00,2025-06-17 01:55:00+00:00,SELL,session_breakout,3389.7467653259605,3417.401,3339.9691429126897,1.8,0.9040206787378199,0.17297357142857242,0.09674788832483296,0.6132366204744378,-3.563861665768826,-4.177098286243264,-0.16708393144973055,TIMEOUT,10052.584654574346,5.765785714285747,100.0,35.415918947083775
XAUUSDm,asym_sellBase_buy_body2.2_wick0.35_atr45_close20,momentum,2025-06-20 13:50:00+00:00,2025-06-20 13:55:00+00:00,2025-06-22 22:05:00+00:00,BUY,session_breakout,3372.069475557471,3348.68,3414.170531560919,1.8,1.068856800083937,0.11116928571428453,0.06989091461405143,0.7218273726321685,9.754947711529372,9.033120338897204,0.3613248135558881,TIMEOUT,10061.617774913244,3.7056428571428177,98.0,19.55623931036536
XAUUSDm,asym_sellBase_buy_body2.2_wick0.35_atr45_close20,momentum,2025-06-24 12:30:00+00:00,2025-06-24 12:35:00+00:00,2025-06-24 19:30:00+00:00,SELL,session_breakout,3307.6910806712294,3321.86,3282.187025879442,1.8,1.7644253185376144,0.12322071428571267,0.0533089716278491,1.1697347777274723,-25.0,-26.169734777727474,-1.0467893911090989,SL,10035.448040135516,4.107357142857089,82.0,38.064296195118644
XAUUSDm,asym_sellBase_buy_body2.2_wick0.35_atr45_close20,momentum,2025-06-26 13:05:00+00:00,2025-06-26 13:10:00+00:00,2025-06-27 01:10:00+00:00,SELL,session_breakout,3317.8607140442978,3344.056,3270.7091993240338,1.8,0.9543701886773226,0.15296785714285566,0.059802027130415526,0.6331679033074363,1.255678260701792,0.6225103573943557,0.024900414295774227,TIMEOUT,10036.07055049291,5.098928571428522,100.0,18.53667304092629
XAUUSDm,asym_sellBase_buy_body2.2_wick0.35_atr45_close20,momentum,2025-06-27 12:05:00+00:00,2025-06-27 12:10:00+00:00,2025-06-29 22:05:00+00:00,SELL,session_breakout,3273.9600270619844,3285.344,3253.468875773556,1.8,2.1960698726290024,0.1014771428571443,0.06423436658667675,1.4373171964432945,6.517994811971141,5.080677615527846,0.20322710462111385,TIMEOUT,10041.151228108438,3.382571428571477,74.0,43.632735004813654
XAUUSDm,asym_sellBase_buy_body2.2_wick0.35_atr45_close20,momentum,2025-07-08 13:45:00+00:00,2025-07-08 13:50:00+00:00,2025-07-08 14:40:00+00:00,SELL,session_breakout,3316.0189814940277,3326.914,3296.4079481832773,1.8,2.2946266668840694,0.10118357142857348,0.046426720257822914,1.5173051165659894,44.99999999999958,43.48269488343359,1.7393077953373435,TP,10084.633922991872,3.372785714285783,100.0,18.147393845146915
XAUUSDm,asym_sellBase_buy_body2.2_wick0.35_atr45_close20,momentum,2025-07-11 12:45:00+00:00,2025-07-11 12:50:00+00:00,2025-07-13 22:05:00+00:00,BUY,session_breakout,3356.0412323520145,3344.356,3377.07465058564,1.8,2.1394525369185784,0.09554357142856848,0.07346056629993279,1.4372048903233923,11.867046116180878,10.429841225857487,0.4171936490342994,TIMEOUT,10095.06376421773,3.184785714285616,100.0,24.363230310504886
XAUUSDm,asym_sellBase_buy_body2.2_wick0.35_atr45_close20,momentum,2025-07-14 12:35:00+00:00,2025-07-14 12:40:00+00:00,2025-07-15 00:40:00+00:00,SELL,session_breakout,3351.453391902842,3368.025,3321.624497327958,1.8,1.508604346266651,0.09729428571428668,0.05896095430100526,1.010528723680664,6.747069862835206,5.736541139154542,0.22946164556618168,TIMEOUT,10100.800305356885,3.2431428571428893,100.0,21.65202251038262
XAUUSDm,asym_sellBase_buy_body2.2_wick0.35_atr45_close20,momentum,2025-07-15 12:05:00+00:00,2025-07-15 12:10:00+00:00,2025-07-15 12:30:00+00:00,SELL,session_breakout,3352.7090291121826,3359.335,3340.782281514111,1.8,3.7730319712036966,0.0592757142857129,0.052333030674740905,2.532475671396714,-25.0,-27.532475671396714,-1.1012990268558687,SL,10073.267829685488,1.9758571428570966,59.0,20.971755145144762
XAUUSDm,asym_sellBase_buy_body2.2_wick0.35_atr45_close20,momentum,2025-07-15 12:35:00+00:00,2025-07-15 12:40:00+00:00,2025-07-15 15:35:00+00:00,SELL,session_breakout,3347.9374121304504,3360.387,3325.528153965261,1.8,2.00809860229567,0.10199142857143151,0.08059215526377946,1.340097687574508,44.99999999999964,43.65990231242513,1.746396092497005,TP,10116.927731997914,3.3997142857143836,100.0,24.614335357064114
XAUUSDm,asym_sellBase_buy_body2.2_wick0.35_atr45_close20,momentum,2025-07-18 12:00:00+00:00,2025-07-18 12:05:00+00:00,2025-07-18 14:15:00+00:00,BUY,session_breakout,3358.2889886900575,3351.982,3369.641568332161,1.8,3.9638567989523183,0.058890000000000914,0.03054369005769235,2.6598553281331583,-25.0,-27.65985532813316,-1.1063942131253264,SL,10089.26787666978,1.9630000000000305,82.0,31.83987434693921
XAUUSDm,asym_sellBase_buy_body2.2_wick0.35_atr45_close20,momentum,2025-07-21 12:20:00+00:00,2025-07-21 12:25:00+00:00,2025-07-21 14:25:00+00:00,BUY,session_breakout,3380.9913465927284,3371.579,3397.933570459639,1.8,2.65608578622832,0.06679285714285828,0.05895016415709077,1.8005406118091787,45.0,43.199459388190824,1.727978375527633,TP,10132.46733605797,2.226428571428609,94.0,27.99741884698307
XAUUSDm,asym_sellBase_buy_body2.2_wick0.35_atr45_close20,momentum,2025-07-22 12:55:00+00:00,2025-07-22 13:00:00+00:00,2025-07-22 16:50:00+00:00,BUY,session_breakout,3407.627214885847,3393.754,3432.5990016803717,1.8,1.8020336458209096,0.08744357142857,0.07549310013312818,1.232631778727859,44.99999999999967,43.767368221271816,1.7506947288508727,TP,10176.234704279243,2.914785714285667,100.0,24.906157185601465
XAUUSDm,asym_sellBase_buy_body2.2_wick0.35_atr45_close20,momentum,2025-07-24 12:45:00+00:00,2025-07-24 12:50:00+00:00,2025-07-24 13:40:00+00:00,SELL,session_breakout,3354.22147677631,3365.506,3333.9093349736677,1.8,2.215423682900182,0.0947721428571445,0.05413715226119508,1.488704339468532,-25.000000000000004,-26.488704339468537,-1.0595481735787413,SL,10149.745999939774,3.1590714285714836,92.0,50.569753258342374
XAUUSDm,asym_sellBase_buy_body2.2_wick0.35_atr45_close20,momentum,2025-07-28 13:30:00+00:00,2025-07-28 13:35:00+00:00,2025-07-28 13:50:00+00:00,SELL,session_breakout,3324.267157744621,3330.639,3312.7978416849382,1.8,3.9235120704525017,0.08868000000000101,0.044502255379574335,2.60406046376397,44.99999999999928,42.39593953623531,1.6958375814494124,TP,10192.141939476009,2.9560000000000337,99.0,24.688991825086365
XAUUSDm,asym_sellBase_buy_body2.2_wick0.35_atr45_close20,momentum,2025-08-01 12:30:00+00:00,2025-08-01 12:35:00+00:00,2025-08-03 22:05:00+00:00,BUY,session_breakout,3328.1456258501134,3296.811,3384.5479523803174,1.8,0.797839429121813,0.12649285714285852,0.0983794215423224,0.533877973991025,28.128127585221286,27.59424961123026,1.1037699844492104,TIMEOUT,10219.73618908724,4.216428571428618,100.0,27.262211762494214
XAUUSDm,asym_sellBase_buy_body2.2_wick0.35_atr45_close20,momentum,2025-08-04 13:00:00+00:00,2025-08-04 13:05:00+00:00,2025-08-05 01:05:00+00:00,BUY,session_breakout,3372.3374119279215,3361.037,3392.6781533981807,1.8,2.2123087334744507,0.08956285714285676,0.03563049935025906,1.4941872152553644,20.569135292107642,19.074948076852277,0.762997923074091,TIMEOUT,10238.811137164092,2.985428571428559,100.0,18.452596237814085
XAUUSDm,asym_sellBase_buy_body2.2_wick0.35_atr45_close20,momentum,2025-08-05 12:25:00+00:00,2025-08-05 12:30:00+00:00,2025-08-05 14:00:00+00:00,BUY,session_breakout,3360.89493342926,3349.903,3380.6804136019286,1.8,2.274395142664379,0.08291357142857188,0.036476643546125675,1.5333006223193661,44.99999999999959,43.46669937768022,1.738667975107209,TP,10282.277836541773,2.763785714285729,100.0,39.83255098002978
XAUUSDm,asym_sellBase_buy_body2.2_wick0.35_atr45_close20,momentum,2025-08-06 12:50:00+00:00,2025-08-06 12:55:00+00:00,2025-08-07 00:55:00+00:00,BUY,session_breakout,3368.5541470419657,3360.141,3383.697811717504,1.8,2.9715396480410226,0.07221857142856997,0.022037756251293564,2.0030822335024276,11.237926007859404,9.234843774356976,0.36939375097427907,TIMEOUT,10291.51268031613,2.4072857142856656,95.0,26.669520520968696
XAUUSDm,asym_sellBase_buy_body2.2_wick0.35_atr45_close20,momentum,2025-08-20 12:00:00+00:00,2025-08-20 12:05:00+00:00,2025-08-20 13:40:00+00:00,BUY,session_breakout,3334.6071176466517,3328.646,3345.337129410624,1.8,4.1938444234602885,0.05190642857142652,0.04416443236577827,2.801464692954679,44.99999999999924,42.19853530704456,1.6879414122817824,TP,10333.711215623174,1.7302142857142175,98.0,33.17162831817436
XAUUSDm,asym_sellBase_buy_body2.2_wick0.35_atr45_close20,momentum,2025-08-28 12:05:00+00:00,2025-08-28 12:10:00+00:00,2025-08-28 12:30:00+00:00,BUY,session_breakout,3408.1199879213623,3401.401,3420.2141661798146,1.8,3.720798473310938,0.06637285714285845,0.05080149279098055,2.53368552958366,-25.0,-27.53368552958366,-1.1013474211833465,SL,10306.17753009359,2.212428571428615,100.0,28.685871396469178
XAUUSDm,asym_sellBase_buy_body2.2_wick0.35_atr45_close20,momentum,2025-08-29 13:30:00+00:00,2025-08-29 13:35:00+00:00,2025-08-29 14:10:00+00:00,BUY,session_breakout,3421.046664383711,3413.653,3434.3552602743907,1.8,3.381273304084185,0.08168142857142845,0.06482366942514643,2.317998751661378,45.00000000000061,42.68200124833923,1.7072800499335694,TP,10348.859531341928,2.7227142857142814,100.0,20.979330941647344
XAUUSDm,asym_sellBase_buy_body2.2_wick0.35_atr45_close20,momentum,2025-09-03 13:25:00+00:00,2025-09-03 13:30:00+00:00,2025-09-04 01:30:00+00:00,BUY,session_breakout,3560.523690883018,3545.048,3588.3799344724507,1.8,1.6154367639530127,0.12008142857142663,0.10165016873204047,1.1486050517274788,-17.551221081412123,-18.699826133139602,-0.7479930453255841,TIMEOUT,10330.15970520879,4.002714285714221,100.0,20.93352068030542
XAUUSDm,asym_sellBase_buy_body2.2_wick0.35_atr45_close20,momentum,2025-09-04 13:35:00+00:00,2025-09-04 13:40:00+00:00,2025-09-04 14:00:00+00:00,BUY,session_breakout,3558.0553575022873,3539.71,3591.0770010064043,1.8,1.3627425901557424,0.13142357142856975,0.08164571657288328,0.9672427147600365,-24.999999999999996,-25.967242714760033,-1.0386897085904014,SL,10304.19246249403,4.3807857142856585,99.0,19.552379694708875
XAUUSDm,asym_sellBase_buy_body2.2_wick0.35_atr45_close20,momentum,2025-09-12 12:20:00+00:00,2025-09-12 12:25:00+00:00,2025-09-12 13:10:00+00:00,SELL,session_breakout,3643.196376021367,3649.349,3632.1216528598275,1.8,4.063306986875905,0.063953571428571,0.044647192918392295,2.96318505784972,-24.999999999999996,-27.963185057849717,-1.1185274023139888,SL,10276.22927743618,2.1317857142857,65.0,21.061426016204223
XAUUSDm,asym_sellBase_buy_body2.2_wick0.35_atr45_close20,momentum,2025-09-25 12:50:00+00:00,2025-09-25 12:55:00+00:00,2025-09-25 18:40:00+00:00,SELL,session_breakout,3732.3957055981477,3755.926,3690.041175674814,1.8,1.0624601449114093,0.14623071428571327,0.058179044709558085,0.795604336447306,-25.0,-25.795604336447305,-1.0318241734578921,SL,10250.433673099733,4.874357142857109,100.0,19.87710691908853
XAUUSDm,asym_sellBase_buy_body2.2_wick0.35_atr45_close20,momentum,2025-10-01 12:45:00+00:00,2025-10-01 12:50:00+00:00,2025-10-02 00:50:00+00:00,SELL,session_breakout,3870.8974635923364,3891.122,3834.493298058542,1.8,1.2361222772219913,0.1346742857142866,0.05119926480666934,0.95531639240244,16.641251152777098,15.685934760374659,0.6274373904149865,TIMEOUT,10266.119607860108,4.489142857142887,96.0,18.3325867553591
XAUUSDm,asym_sellBase_buy_body2.2_wick0.35_atr45_close20,momentum,2025-10-09 13:40:00+00:00,2025-10-09 13:45:00+00:00,2025-10-09 16:40:00+00:00,SELL,session_breakout,4031.1408345075274,4057.981,3982.828536621076,1.8,0.9314398604215436,0.18705642857143076,0.1436372781867937,0.7464530512466553,45.00000000000017,44.25354694875352,1.7701418779501408,TP,10310.373154808862,6.235214285714359,100.0,19.2834809256265
XAUUSDm,asym_sellBase_buy_body2.2_wick0.35_atr45_close20,momentum,2025-10-21 12:10:00+00:00,2025-10-21 12:15:00+00:00,2025-10-21 14:20:00+00:00,SELL,session_breakout,4225.2314334863395,4267.064,4149.93281376175,1.8,0.5976205163466605,0.2890564285714325,0.18203829937432942,0.5005169981928493,44.99999999999978,44.49948300180693,1.779979320072277,TP,10354.87263781067,9.635214285714417,84.0,57.438051634424795
XAUUSDm,asym_sellBase_buy_body2.2_wick0.35_atr45_close20,momentum,2025-10-22 13:00:00+00:00,2025-10-22 13:05:00+00:00,2025-10-22 14:45:00+00:00,BUY,session_breakout,4066.6388541935494,4023.09,4145.026791741938,1.8,0.5740679166641124,0.39714642857142374,0.2762809792634619,0.4644053789704448,-25.000000000000004,-25.464405378970447,-1.0185762151588178,SL,10329.408232431699,13.238214285714125,64.0,38.975027111375816
XAUUSDm,asym_sellBase_buy_body2.2_wick0.35_atr45_close20,momentum,2025-10-24 12:30:00+00:00,2025-10-24 12:35:00+00:00,2025-10-26 22:05:00+00:00,BUY,session_breakout,4089.9546296298695,4058.775,4146.0779629636345,1.8,0.8018055473003616,0.19440642857142945,0.1624264155834604,0.6558101175931231,-0.5954445568189777,-1.2512546744121007,-0.05005018697648403,TIMEOUT,10328.156977757286,6.4802142857143155,74.0,42.41032507024094
XAUUSDm,asym_sellBase_buy_body2.2_wick0.35_atr45_close20,momentum,2025-11-10 13:00:00+00:00,2025-11-10 13:05:00+00:00,2025-11-10 13:50:00+00:00,BUY,session_breakout,4105.154018275213,4092.184,4128.500051170597,1.8,1.9275223418749798,0.11574214285713975,0.0861472037844284,1.5800552174126647,-25.0,-26.580055217412664,-1.0632022086965065,SL,10301.576922539873,3.8580714285713253,82.0,50.15628024988935
XAUUSDm,asym_sellBase_buy_body2.2_wick0.35_atr45_close20,momentum,2025-11-14 12:10:00+00:00,2025-11-14 12:15:00+00:00,2025-11-14 13:20:00+00:00,SELL,session_breakout,4125.689889043163,4157.72,4068.035689320856,1.8,0.7805155603016553,0.2434607142857099,0.16738059969434857,0.6395330310754797,45.00000000000007,44.36046696892459,1.7744186787569836,TP,10345.937389508797,8.115357142856997,100.0,35.25045599985121
XAUUSDm,asym_sellBase_buy_body2.2_wick0.35_atr45_close20,momentum,2025-11-14 13:25:00+00:00,2025-11-14 13:30:00+00:00,2025-11-16 23:00:00+00:00,SELL,session_breakout,4055.306536943579,4119.67,3939.452303442021,1.8,0.38841912496356773,0.34366928571428257,0.23762841356406655,0.31590036298288526,-8.686396751530156,-9.002297114513041,-0.36009188458052166,TIMEOUT,10336.935092394284,11.455642857142752,100.0,46.13312162979941
XAUUSDm,asym_sellBase_buy_body2.2_wick0.35_atr45_close20,momentum,2025-11-18 13:35:00+00:00,2025-11-18 13:40:00+00:00,2025-11-19 01:40:00+00:00,BUY,session_breakout,4066.191828841519,4029.089,4132.976920756253,1.8,0.6738030705632961,0.20224714285714396,0.10370527009016162,0.5479082109597837,-0.5429699477640247,-1.0908781587238083,-0.043635126348952336,TIMEOUT,10335.84421423556,6.741571428571466,98.0,23.99220544731655
XAUUSDm,asym_sellBase_buy_body2.2_wick0.35_atr45_close20,momentum,2025-11-19 13:10:00+00:00,2025-11-19 13:15:00+00:00,2025-11-19 14:55:00+00:00,SELL,session_breakout,4103.000575347667,4120.01,4072.3836109734675,1.8,1.4697734056848806,0.13318928571428126,0.04283000947563969,1.2085962258311531,-25.0,-26.208596225831155,-1.0483438490332462,SL,10309.635618009728,4.439642857142709,70.0,38.20990375075074
XAUUSDm,asym_sellBase_buy_body2.2_wick0.35_atr45_close20,momentum,2025-12-03 13:50:00+00:00,2025-12-03 13:55:00+00:00,2025-12-03 14:50:00+00:00,BUY,session_breakout,4236.189297320376,4211.353,4280.894632497052,1.8,1.0065912675111193,0.14135571428571309,0.08561946323286658,0.850322230841351,-24.999999999999996,-25.850322230841346,-1.034012889233654,SL,10283.785295778887,4.711857142857103,100.0,27.83795219721161
XAUUSDm,asym_sellBase_buy_body2.2_wick0.35_atr45_close20,momentum,2025-12-16 13:20:00+00:00,2025-12-16 13:25:00+00:00,2025-12-16 14:15:00+00:00,BUY,session_breakout,4300.999264480729,4289.067,4322.477340546041,1.8,2.095159727675832,0.10657071428571661,0.0479791235857158,1.8067560895406796,45.0,43.19324391045932,1.727729756418373,TP,10326.978539689346,3.5523571428572205,63.0,29.460394202997385
XAUUSDm,asym_sellBase_buy_body2.2_wick0.35_atr45_close20,momentum,2025-12-23 13:50:00+00:00,2025-12-23 13:55:00+00:00,2025-12-23 14:55:00+00:00,SELL,session_breakout,4478.8838146933995,4497.359,4445.628481141518,1.8,1.3531664005052157,0.16868357142857154,0.09884352088661094,1.2076350179619475,44.99999999999975,43.7923649820378,1.751694599281512,TP,10370.770904671384,5.622785714285718,100.0,24.530324010148064
XAUUSDm,asym_sellBase_buy_body2.2_wick0.35_atr45_close20,momentum,2025-12-29 13:40:00+00:00,2025-12-29 13:45:00+00:00,2025-12-29 14:40:00+00:00,SELL,session_breakout,4429.192821100434,4467.761,4359.770099081215,1.8,0.6482027597180948,0.21624642857142654,0.1940556852797122,0.5697030019921752,44.999999999999766,44.43029699800759,1.7772118799203036,TP,10415.201201669392,7.208214285714218,73.0,42.45223459079032
XAUUSDm,asym_sellBase_buy_body2.2_wick0.35_atr45_close20,momentum,2026-01-07 12:15:00+00:00,2026-01-07 12:20:00+00:00,2026-01-07 16:20:00+00:00,SELL,session_breakout,4442.070552852716,4455.798,4417.361147987605,1.8,1.8211689130376065,0.13742785714285674,0.0637332187133598,1.6204521600750283,-25.0,-26.62045216007503,-1.0648180864030012,SL,10388.580749509316,4.580928571428558,75.0,24.219487564866068
XAUUSDm,asym_sellBase_buy_body2.2_wick0.35_atr45_close20,momentum,2026-01-08 13:20:00+00:00,2026-01-08 13:25:00+00:00,2026-01-08 16:30:00+00:00,BUY,session_breakout,4432.179989813721,4417.26,4459.035971478417,1.8,1.6756043611377083,0.1653042857142873,0.056337670863353145,1.4898160240558307,45.0,43.510183975944166,1.7404073590377667,TP,10432.09093348526,5.51014285714291,83.0,28.359410028489833
XAUUSDm,asym_sellBase_buy_body2.2_wick0.35_atr45_close20,momentum,2026-01-30 13:20:00+00:00,2026-01-30 13:25:00+00:00,2026-01-30 17:43:00+00:00,SELL,session_breakout,5025.42502858667,5117.524,4859.646880042676,1.8,0.27144711408124966,0.8836500000000017,0.4391464133296669,0.26832742420830663,45.00000000000005,44.73167257579174,1.7892669030316697,TP,10476.822606061052,29.45500000000006,71.0,48.48365673984146
XAUUSDm,asym_sellBase_buy_body2.2_wick0.35_atr45_close20,momentum,2026-02-04 12:30:00+00:00,2026-02-04 12:35:00+00:00,2026-02-04 12:59:00+00:00,BUY,session_breakout,5062.8384304365545,5037.48,5108.483605222354,1.8,0.9858654329000479,0.28187571428571706,0.1424925794119333,0.9957554801850665,-25.0,-25.995755480185068,-1.0398302192074027,SL,10450.826850580866,9.395857142857235,45.0,27.185615352908528
XAUUSDm,asym_sellBase_buy_body2.2_wick0.35_atr45_close20,momentum,2026-02-17 13:55:00+00:00,2026-02-17 14:00:00+00:00,2026-02-18 02:00:00+00:00,SELL,session_breakout,4869.832140725084,4924.239,4771.899794030236,1.8,0.45950088524088717,0.3260078571428546,0.24885534634436363,0.4484160761520202,-8.776402244800094,-9.224818320952114,-0.36899273283808454,TIMEOUT,10441.602032259914,10.866928571428486,88.0,20.56358489368482
XAUUSDm,asym_sellBase_buy_body2.2_wick0.35_atr45_close20,momentum,2026-02-19 13:35:00+00:00,2026-02-19 13:40:00+00:00,2026-02-19 14:30:00+00:00,BUY,session_breakout,4994.711771790804,4971.705,5036.123961014251,1.8,1.0866365880150373,0.19561928571427936,0.13496214794690575,1.0829873115634603,-25.0,-26.08298731156346,-1.0433194924625384,SL,10415.51904494835,6.520642857142645,99.0,31.84451899181582
XAUUSDm,asym_sellBase_buy_body2.2_wick0.35_atr45_close20,momentum,2026-02-24 13:35:00+00:00,2026-02-24 13:40:00+00:00,2026-02-24 14:13:00+00:00,SELL,session_breakout,5138.318201000192,5161.12,5097.274962800538,1.8,1.0964047179001346,0.2371114285714267,0.20124328552249127,1.1222352635297486,45.0,43.877764736470255,1.7551105894588102,TP,10459.39680968482,7.903714285714224,92.0,28.697801795800675
XAUUSDm,asym_sellBase_buy_body2.2_wick0.35_atr45_close20,momentum,2026-02-27 13:20:00+00:00,2026-02-27 13:25:00+00:00,2026-03-01 23:01:00+00:00,BUY,session_breakout,5234.9936603609085,5182.863,5328.828849010543,1.8,0.4795642300888062,0.19656642857142806,0.15037714662308554,0.5061606541759635,40.57513325811307,40.068972603937105,1.6027589041574841,TIMEOUT,10499.465782288757,6.552214285714269,100.0,21.011152787242228
XAUUSDm,asym_sellBase_buy_body2.2_wick0.35_atr45_close20,momentum,2026-03-06 13:30:00+00:00,2026-03-06 13:35:00+00:00,2026-03-08 22:03:00+00:00,BUY,session_breakout,5124.053144489393,5065.362,5229.6972045703005,1.8,0.4259586385220024,0.3191828571428576,0.18655306082068948,0.4389080854587688,23.811452305513146,23.372544220054376,0.934901768802175,TIMEOUT,10522.83832650881,10.639428571428587,100.0,32.269028977247274
XAUUSDm,asym_sellBase_buy_body2.2_wick0.35_atr45_close20,momentum,2026-03-11 12:55:00+00:00,2026-03-11 13:00:00+00:00,2026-03-12 01:00:00+00:00,SELL,session_breakout,5166.864443234029,5196.653,5113.24504105528,1.8,0.839248446858575,0.24058499999999836,0.20926426597141312,0.866739074031911,5.175177906800004,4.3084388327680925,0.1723375533107237,TIMEOUT,10527.146765341578,8.019499999999946,100.0,33.44240933449603
XAUUSDm,asym_sellBase_buy_body2.2_wick0.35_atr45_close20,momentum,2026-03-18 12:05:00+00:00,2026-03-18 12:10:00+00:00,2026-03-18 20:28:00+00:00,SELL,session_breakout,4913.172537236868,4966.259,4817.616904263231,1.8,0.47092985101584806,0.37023642857142863,0.15434454884576862,0.45825192219522287,45.000000000000085,44.54174807780486,1.7816699231121944,TP,10571.688513419384,12.341214285714289,100.0,40.301700145599256
XAUUSDm,asym_sellBase_buy_body2.2_wick0.35_atr45_close20,momentum,2026-03-19 12:00:00+00:00,2026-03-19 12:05:00+00:00,2026-03-19 13:02:00+00:00,SELL,session_breakout,4630.143405407001,4695.267,4512.920935139604,1.8,0.3838854436129023,0.40764214285714323,0.12877352156985347,0.3509889310352041,45.00000000000014,44.64901106896494,1.7859604427585976,TP,10616.337524488348,13.58807142857144,45.0,62.785720474995564
XAUUSDm,asym_sellBase_buy_body2.2_wick0.35_atr45_close20,momentum,2026-03-20 13:30:00+00:00,2026-03-20 13:35:00+00:00,2026-03-20 14:15:00+00:00,SELL,session_breakout,4644.926611008757,4681.746,4578.651710824521,1.8,0.6789900833483716,0.32604642857143384,0.11836577695590714,0.6262718213511811,44.99999999999988,44.3737281786487,1.7749491271459479,TP,10660.711252666997,10.868214285714462,70.0,18.014851889985096
XAUUSDm,asym_sellBase_buy_body2.2_wick0.35_atr45_close20,momentum,2026-03-30 13:40:00+00:00,2026-03-30 13:45:00+00:00,2026-03-31 01:24:00+00:00,SELL,session_breakout,4544.177601578297,4578.633,4482.157884419232,1.8,0.725575704974377,0.28368857142857123,0.22855413598871555,0.6619289733587893,-25.0,-25.66192897335879,-1.0264771589343515,SL,10635.049323693638,9.456285714285709,89.0,42.69311928505708
XAUUSDm,asym_sellBase_buy_body2.2_wick0.35_atr45_close20,momentum,2026-04-09 13:35:00+00:00,2026-04-09 13:40:00+00:00,2026-04-10 01:40:00+00:00,BUY,session_breakout,4770.311404305404,4738.562,4827.4603320551305,1.8,0.7874163483358606,0.22024499999999989,0.1372818054037017,0.751479879158003,2.3564187738846174,1.6049388947266143,0.06419755578906457,TIMEOUT,10636.654262588365,7.341499999999996,85.0,19.548493915416145
XAUUSDm,asym_sellBase_buy_body2.2_wick0.35_atr45_close20,momentum,2026-04-17 13:05:00+00:00,2026-04-17 13:10:00+00:00,2026-04-19 22:01:00+00:00,BUY,session_breakout,4862.6604037198,4811.482,4954.781530415441,1.8,0.48848729508786476,0.27648857142857586,0.11415943408629461,0.47256956550879,-25.0,-25.47256956550879,-1.0189027826203516,SL,10611.181693022856,9.216285714285862,100.0,23.682725240557893
XAUUSDm,asym_sellBase_buy_body2.2_wick0.35_atr45_close20,momentum,2026-04-20 13:25:00+00:00,2026-04-20 13:30:00+00:00,2026-04-20 14:51:00+00:00,BUY,session_breakout,4824.394803249332,4799.549,4869.117249098129,1.8,1.0062061487455585,0.2057849999999988,0.1339107493312512,0.9683671430011193,-25.0,-25.96836714300112,-1.0387346857200448,SL,10585.213325879855,6.859499999999961,99.0,18.41847392036155
XAUUSDm,asym_sellBase_buy_body2.2_wick0.35_atr45_close20,momentum,2026-04-29 12:50:00+00:00,2026-04-29 12:55:00+00:00,2026-04-30 00:45:00+00:00,SELL,session_breakout,4544.980798185234,4568.888,4501.947834918655,1.8,1.04570999959346,0.17339357142857026,0.07050502905143312,0.953046373724513,-25.0,-25.95304637372451,-1.0381218549489803,SL,10559.26027950613,5.7797857142856754,95.0,20.702548664922677
XAUUSDm,asym_sellBase_buy_body2.2_wick0.35_atr45_close20,momentum,2026-05-01 13:50:00+00:00,2026-05-01 13:55:00+00:00,2026-05-03 22:03:00+00:00,BUY,session_breakout,4617.087994666887,4586.483,4672.1769850672845,1.8,0.8168601325406694,0.22602857142856853,0.17798038117336853,0.755062375869956,7.593536148505119,6.8384737726351625,0.2735389509054065,TIMEOUT,10566.098753278766,7.534285714285618,100.0,38.294848342025965
XAUUSDm,buy_strict_body2.2_wick0.35_atr50_closeOff,momentum,2025-01-07 13:10:00+00:00,2025-01-07 13:15:00+00:00,2025-01-07 15:00:00+00:00,BUY,session_breakout,2654.975055911924,2647.585,2668.2771565533867,1.8,3.382924337509092,0.06860785714285579,0.057751983352780416,1.793815946424802,-25.0,-26.7938159464248,-1.071752637856992,SL,9973.206184053575,2.2869285714285263,100.0,29.35827353571139
XAUUSDm,buy_strict_body2.2_wick0.35_atr50_closeOff,momentum,2025-01-15 13:55:00+00:00,2025-01-15 14:00:00+00:00,2025-01-15 14:30:00+00:00,BUY,session_breakout,2693.947934681974,2682.127,2715.2256171095273,1.8,2.1148919838059044,0.10109571428571404,0.06138682483164762,1.136981778369876,-25.0,-26.136981778369876,-1.045479271134795,SL,9947.069202275205,3.3698571428571347,100.0,29.527297783745972
XAUUSDm,buy_strict_body2.2_wick0.35_atr50_closeOff,momentum,2025-01-16 13:30:00+00:00,2025-01-16 13:35:00+00:00,2025-01-17 01:35:00+00:00,BUY,session_breakout,2713.5913244791664,2701.388,2735.557308541666,1.8,2.0486220818499166,0.07803214285714083,0.07030840773750051,1.1114537546185432,-3.708670703333759,-4.820124457952302,-0.19280497831809207,TIMEOUT,9942.249077817252,2.601071428571361,100.0,29.035232131775437
XAUUSDm,buy_strict_body2.2_wick0.35_atr50_closeOff,momentum,2025-01-24 13:40:00+00:00,2025-01-24 13:45:00+00:00,2025-01-24 14:15:00+00:00,BUY,session_breakout,2783.9867028041876,2777.85,2795.0327678517256,1.8,4.073848905138408,0.05255785714285528,0.0414238756159642,2.265808236227745,-25.0,-27.265808236227745,-1.0906323294491098,SL,9914.983269581024,1.7519285714285096,50.0,34.62164324979766
XAUUSDm,buy_strict_body2.2_wick0.35_atr50_closeOff,momentum,2025-01-30 13:00:00+00:00,2025-01-30 13:05:00+00:00,2025-01-30 15:10:00+00:00,BUY,session_breakout,2782.0775132622916,2777.714,2789.9318371344166,1.8,5.729328295170611,0.03985714285714169,0.014584690863207852,3.192387083218308,44.99999999999948,41.807612916781174,1.672304516671247,TP,9956.790882497804,1.3285714285713897,54.0,44.63844601034202
XAUUSDm,buy_strict_body2.2_wick0.35_atr50_closeOff,momentum,2025-02-24 13:55:00+00:00,2025-02-24 14:00:00+00:00,2025-02-24 14:20:00+00:00,BUY,session_breakout,2954.5007004751383,2946.923,2968.1405613303878,1.8,3.299153890025334,0.07127785714285698,0.07006154656659709,1.9469704958110252,-25.0,-26.946970495811026,-1.0778788198324412,SL,9929.843912001992,2.375928571428566,88.0,20.21311523242239
XAUUSDm,buy_strict_body2.2_wick0.35_atr50_closeOff,momentum,2025-04-02 12:25:00+00:00,2025-04-02 12:30:00+00:00,2025-04-02 13:50:00+00:00,BUY,session_breakout,3125.9501712668043,3117.046,3141.9776795470525,1.8,2.8076728592589086,0.08566285714285543,0.07133983823300524,1.7528290910523088,-25.0,-26.75282909105231,-1.0701131636420924,SL,9903.09108291094,2.8554285714285146,72.0,23.02494613702874
XAUUSDm,buy_strict_body2.2_wick0.35_atr50_closeOff,momentum,2025-04-11 13:30:00+00:00,2025-04-11 13:35:00+00:00,2025-04-11 13:50:00+00:00,BUY,session_breakout,3240.6162865075485,3225.711,3267.445802221136,1.8,1.6772572595192263,0.17203285714285552,0.14627007897722236,1.0845694383722047,-25.0,-26.084569438372206,-1.0433827775348883,SL,9877.006513472568,5.734428571428517,74.0,26.486869484803904
XAUUSDm,buy_strict_body2.2_wick0.35_atr50_closeOff,momentum,2025-04-21 13:00:00+00:00,2025-04-21 13:05:00+00:00,2025-04-22 01:05:00+00:00,BUY,session_breakout,3421.3139867590344,3398.008,3463.2647629252965,1.8,1.072685754886939,0.13261714285714366,0.05167818760567944,0.7351653952285752,11.664399102035889,10.929233706807313,0.43716934827229254,TIMEOUT,9887.935747179376,4.4205714285714555,100.0,28.364920124046165
XAUUSDm,buy_strict_body2.2_wick0.35_atr50_closeOff,momentum,2025-04-30 12:15:00+00:00,2025-04-30 12:20:00+00:00,2025-04-30 13:35:00+00:00,BUY,session_breakout,3283.1601845058967,3266.901,3312.426716616511,1.8,1.5375924906278662,0.1382485714285706,0.08506022018247654,1.0141324890449332,44.99999999999972,43.98586751095479,1.7594347004381916,TP,9931.92161469033,4.608285714285687,89.0,44.343344543550394
XAUUSDm,buy_strict_body2.2_wick0.35_atr50_closeOff,momentum,2025-05-15 12:50:00+00:00,2025-05-15 12:55:00+00:00,2025-05-15 15:05:00+00:00,BUY,session_breakout,3188.6399568024112,3177.747,3208.247279046752,1.8,2.295060969530854,0.1302021428571457,0.07285573098273826,1.4681246221487527,45.000000000000206,43.531875377851456,1.7412750151140584,TP,9975.453490068183,4.340071428571524,65.0,28.573355861432
XAUUSDm,buy_strict_body2.2_wick0.35_atr50_closeOff,momentum,2025-05-29 12:15:00+00:00,2025-05-29 12:20:00+00:00,2025-05-29 16:05:00+00:00,BUY,session_breakout,3308.8697174998188,3298.541,3327.461408999492,1.8,2.420436031911908,0.10334357142857113,0.09804571410437342,1.6062814978277473,44.99999999999956,43.393718502171815,1.7357487400868725,TP,10018.847208570354,3.4447857142857043,100.0,33.53063891306181
XAUUSDm,buy_strict_body2.2_wick0.35_atr50_closeOff,momentum,2025-05-30 12:10:00+00:00,2025-05-30 12:15:00+00:00,2025-05-30 13:40:00+00:00,BUY,session_breakout,3303.0248828239473,3288.365,3329.4126719070528,1.8,1.7053342308549297,0.14142642857142912,0.10616960966173465,1.1240522796090542,-25.0,-26.124052279609053,-1.0449620911843622,SL,9992.723156290745,4.714214285714304,100.0,26.073140583746437
XAUUSDm,buy_strict_body2.2_wick0.35_atr50_closeOff,momentum,2025-06-11 12:15:00+00:00,2025-06-11 12:20:00+00:00,2025-06-11 12:35:00+00:00,BUY,session_breakout,3338.1332173797996,3327.196,3357.820208663439,1.8,2.285773349094566,0.09899999999999863,0.08671737979966732,1.530543188802809,45.00000000000042,43.46945681119761,1.7387782724479044,TP,10036.192613101943,3.2999999999999545,97.0,30.652943272538636
XAUUSDm,buy_strict_body2.2_wick0.35_atr50_closeOff,momentum,2025-06-20 13:50:00+00:00,2025-06-20 13:55:00+00:00,2025-06-22 22:05:00+00:00,BUY,session_breakout,3372.0674412564026,3348.68,3414.1648355179277,1.8,1.068949772055793,0.11116928571428453,0.06785661354572965,0.7218899416163751,9.757970788166245,9.03608084654987,0.36144323386199484,TIMEOUT,10045.228693948493,3.7056428571428177,98.0,19.55623931036536
XAUUSDm,buy_strict_body2.2_wick0.35_atr50_closeOff,momentum,2025-07-11 12:45:00+00:00,2025-07-11 12:50:00+00:00,2025-07-13 22:05:00+00:00,BUY,session_breakout,3356.0116326964753,3344.356,3376.9917715501306,1.8,2.1448857089980637,0.09554357142856848,0.04386091076089684,1.4408483450941312,11.960670537454574,10.519822192360442,0.42079288769441775,TIMEOUT,10055.748516140853,3.184785714285616,100.0,24.363230310504886
XAUUSDm,buy_strict_body2.2_wick0.35_atr50_closeOff,momentum,2025-07-18 12:00:00+00:00,2025-07-18 12:05:00+00:00,2025-07-18 14:15:00+00:00,BUY,session_breakout,3358.298973648675,3351.982,3369.6695262162907,1.8,3.9575913072303064,0.058890000000000914,0.040528648675154384,2.6556549650384915,-25.0,-27.65565496503849,-1.1062261986015396,SL,10028.092861175815,1.9630000000000305,82.0,31.83987434693921
XAUUSDm,buy_strict_body2.2_wick0.35_atr50_closeOff,momentum,2025-07-21 12:15:00+00:00,2025-07-21 12:20:00+00:00,2025-07-21 13:45:00+00:00,BUY,session_breakout,3378.222427048765,3370.859,3391.476595736542,1.8,3.395158237385242,0.06443571428571561,0.022209191622293567,2.298419940182836,45.0,42.70158005981716,1.7080632023926865,TP,10070.794441235632,2.147857142857187,90.0,27.99741884698307
XAUUSDm,buy_strict_body2.2_wick0.35_atr50_closeOff,momentum,2025-07-22 12:55:00+00:00,2025-07-22 13:00:00+00:00,2025-07-22 16:50:00+00:00,BUY,session_breakout,3407.628614574996,3393.754,3432.602920809989,1.8,1.8018518543249085,0.08744357142857,0.07689278928182211,1.2325083876045153,45.00000000000033,43.76749161239581,1.7506996644958324,TP,10114.561932848028,2.914785714285667,100.0,24.906157185601465
XAUUSDm,buy_strict_body2.2_wick0.35_atr50_closeOff,momentum,2025-07-24 13:40:00+00:00,2025-07-24 13:45:00+00:00,2025-07-25 01:45:00+00:00,BUY,session_breakout,3367.1232867198387,3351.315,3395.578202815548,1.8,1.58144904903744,0.12340285714285755,0.09158529126781965,1.065412780985511,4.259970305290641,3.1945575243051296,0.1277823009722052,TIMEOUT,10117.756490372332,4.113428571428585,100.0,53.27659949751417
XAUUSDm,buy_strict_body2.2_wick0.35_atr50_closeOff,momentum,2025-08-01 12:30:00+00:00,2025-08-01 12:35:00+00:00,2025-08-03 22:05:00+00:00,BUY,session_breakout,3328.15231916466,3296.811,3384.5666936610482,1.8,0.7976690409441858,0.12649285714285852,0.10507273608871771,0.5337644918524956,28.116781436473083,27.58301694462059,1.1033206777848235,TIMEOUT,10145.339507316952,4.216428571428618,100.0,27.262211762494214
XAUUSDm,buy_strict_body2.2_wick0.35_atr50_closeOff,momentum,2025-08-04 13:00:00+00:00,2025-08-04 13:05:00+00:00,2025-08-05 01:05:00+00:00,BUY,session_breakout,3372.35087693676,3361.037,3392.715855422928,1.8,2.2096757936947307,0.08956285714285676,0.0490955081887909,1.492411910322324,20.514901998524973,19.022490088202648,0.7608996035281059,TIMEOUT,10164.361997405154,2.985428571428559,100.0,18.452596237814085
XAUUSDm,buy_strict_body2.2_wick0.35_atr50_closeOff,momentum,2025-08-05 12:25:00+00:00,2025-08-05 12:30:00+00:00,2025-08-05 14:20:00+00:00,BUY,session_breakout,3360.9396696851295,3349.903,3380.805675118363,1.8,2.265176064269082,0.08291357142857188,0.08121289941543985,1.527124018644638,45.00000000000021,43.47287598135558,1.738915039254223,TP,10207.83487338651,2.763785714285729,100.0,39.83255098002978
XAUUSDm,buy_strict_body2.2_wick0.35_atr50_closeOff,momentum,2025-08-06 12:50:00+00:00,2025-08-06 12:55:00+00:00,2025-08-07 00:55:00+00:00,BUY,session_breakout,3368.598924809189,3360.141,3383.8231894657297,1.8,2.9558077854793465,0.07221857142856997,0.06681552347477113,1.9924907932160634,11.04607594391977,9.053585150703707,0.3621434060281483,TIMEOUT,10216.888458537213,2.4072857142856656,95.0,26.669520520968696
XAUUSDm,buy_strict_body2.2_wick0.35_atr50_closeOff,momentum,2025-08-08 12:20:00+00:00,2025-08-08 12:25:00+00:00,2025-08-08 14:25:00+00:00,BUY,session_breakout,3391.9733004844534,3383.76,3406.757241356469,1.8,3.043843342554209,0.09986142857142828,0.0843697701673755,2.062427069760246,-25.0,-27.062427069760247,-1.08249708279041,SL,10189.826031467452,3.328714285714276,92.0,24.10039471149036
XAUUSDm,buy_strict_body2.2_wick0.35_atr50_closeOff,momentum,2025-08-12 12:30:00+00:00,2025-08-12 12:35:00+00:00,2025-08-12 14:10:00+00:00,BUY,session_breakout,3350.3652836608803,3338.543,3371.6453942504645,1.8,2.1146506645517826,0.11245285714285533,0.04905723230883968,1.4144704347169406,-25.000000000000004,-26.414470434716943,-1.0565788173886776,SL,10163.411561032735,3.7484285714285113,100.0,24.49102958935112
XAUUSDm,buy_strict_body2.2_wick0.35_atr50_closeOff,momentum,2025-08-20 12:00:00+00:00,2025-08-20 12:05:00+00:00,2025-08-20 13:40:00+00:00,BUY,session_breakout,3334.595483217167,3328.646,3345.304553008067,1.8,4.20204563782356,0.05190642857142652,0.032530002881347206,2.8069244808317686,45.00000000000038,42.19307551916861,1.6877230207667446,TP,10205.604636551903,1.7302142857142175,98.0,33.17162831817436
XAUUSDm,buy_strict_body2.2_wick0.35_atr50_closeOff,momentum,2025-08-28 12:05:00+00:00,2025-08-28 12:10:00+00:00,2025-08-28 12:30:00+00:00,BUY,session_breakout,3408.0911334524762,3401.401,3420.133373666934,1.8,3.73684623447176,0.06637285714285845,0.02194702390509801,2.5446025037556956,-25.0,-27.544602503755694,-1.1017841001502278,SL,10178.060034048147,2.212428571428615,100.0,28.685871396469178
XAUUSDm,buy_strict_body2.2_wick0.35_atr50_closeOff,momentum,2025-08-29 13:30:00+00:00,2025-08-29 13:35:00+00:00,2025-08-29 14:10:00+00:00,BUY,session_breakout,3421.015166953145,3413.653,3434.2670674688065,1.8,3.395739346731232,0.08168142857142845,0.0333262388593747,2.327875161637422,44.99999999999938,42.67212483836196,1.7068849935344783,TP,10220.732158886509,2.7227142857142814,100.0,20.979330941647344
XAUUSDm,buy_strict_body2.2_wick0.35_atr50_closeOff,momentum,2025-09-03 13:25:00+00:00,2025-09-03 13:30:00+00:00,2025-09-04 01:30:00+00:00,BUY,session_breakout,3560.5154801887197,3545.048,3588.3569445284156,1.8,1.6162942958370095,0.12008142857142663,0.09343947443412808,1.1492134454734901,-17.547267001895015,-18.696480447368504,-0.7478592178947402,TIMEOUT,10202.03567843914,4.002714285714221,100.0,20.93352068030542
XAUUSDm,buy_strict_body2.2_wick0.35_atr50_closeOff,momentum,2025-09-04 13:35:00+00:00,2025-09-04 13:40:00+00:00,2025-09-04 14:00:00+00:00,BUY,session_breakout,3558.081654368819,3539.71,3591.1506322326927,1.8,1.3607919841139158,0.13142357142856975,0.10794258310454355,0.9658617988175738,-25.0,-25.965861798817574,-1.038634471952703,SL,10176.069816640324,4.3807857142856585,99.0,19.552379694708875
XAUUSDm,buy_strict_body2.2_wick0.35_atr50_closeOff,momentum,2025-10-22 13:00:00+00:00,2025-10-22 13:05:00+00:00,2025-10-22 14:45:00+00:00,BUY,session_breakout,4066.7506872672484,4023.09,4145.339924348295,1.8,0.5725974913535905,0.39714642857142374,0.38811405296246526,0.46322224829794334,-25.0,-25.463222248297942,-1.0185288899319176,SL,10150.606594392026,13.238214285714125,64.0,38.975027111375816
XAUUSDm,buy_strict_body2.2_wick0.35_atr50_closeOff,momentum,2025-10-24 12:30:00+00:00,2025-10-24 12:35:00+00:00,2025-10-26 22:05:00+00:00,BUY,session_breakout,4089.894864923807,4058.775,4145.910621786659,1.8,0.8033453892299822,0.19440642857142945,0.10266170952098037,0.6570647787955836,-0.5485763880071133,-1.205641166802697,-0.04822564667210788,TIMEOUT,10149.400953225224,6.4802142857143155,74.0,42.41032507024094
XAUUSDm,buy_strict_body2.2_wick0.35_atr50_closeOff,momentum,2025-11-10 13:00:00+00:00,2025-11-10 13:05:00+00:00,2025-11-10 13:50:00+00:00,BUY,session_breakout,4105.132608174439,4092.184,4128.4401028884295,1.8,1.930709437123207,0.11574214285713975,0.06473710301023318,1.582663653448919,-25.0,-26.58266365344892,-1.0633065461379567,SL,10122.818289571775,3.8580714285713253,82.0,50.15628024988935
XAUUSDm,buy_strict_body2.2_wick0.35_atr50_closeOff,momentum,2025-11-18 13:35:00+00:00,2025-11-18 13:40:00+00:00,2025-11-19 01:40:00+00:00,BUY,session_breakout,4066.2152741391556,4029.089,4133.042567589636,1.8,0.6733775629166485,0.20224714285714396,0.1271505677268935,0.5475637848589738,-0.5584145988143905,-1.1059783836733643,-0.04423913534693457,TIMEOUT,10121.712311188101,6.741571428571466,98.0,23.99220544731655
XAUUSDm,buy_strict_body2.2_wick0.35_atr50_closeOff,momentum,2025-12-03 13:50:00+00:00,2025-12-03 13:55:00+00:00,2025-12-03 14:50:00+00:00,BUY,session_breakout,4236.164832572939,4211.353,4280.82613120423,1.8,1.0075837778812833,0.14135571428571309,0.061154715795744746,0.8511581931463352,-25.0,-25.851158193146336,-1.0340463277258534,SL,10095.861152994954,4.711857142857103,100.0,27.83795219721161
XAUUSDm,buy_strict_body2.2_wick0.35_atr50_closeOff,momentum,2025-12-16 13:20:00+00:00,2025-12-16 13:25:00+00:00,2025-12-16 14:15:00+00:00,BUY,session_breakout,4300.992948650766,4289.067,4322.459656222146,1.8,2.0962692974863444,0.10657071428571661,0.04166329362298871,1.8077078933923725,45.00000000000077,43.19229210660839,1.7276916842643357,TP,10139.053445101563,3.5523571428572205,63.0,29.460394202997385
XAUUSDm,buy_strict_body2.2_wick0.35_atr50_closeOff,momentum,2026-01-08 13:20:00+00:00,2026-01-08 13:25:00+00:00,2026-01-08 16:30:00+00:00,BUY,session_breakout,4432.2282886727,4417.26,4459.171208283559,1.8,1.6701976122091406,0.1653042857142873,0.10463652984266819,1.48503942090139,45.000000000000306,43.51496057909892,1.7405984231639566,TP,10182.568405680662,5.51014285714291,83.0,28.359410028489833
XAUUSDm,buy_strict_body2.2_wick0.35_atr50_closeOff,momentum,2026-02-18 13:05:00+00:00,2026-02-18 13:10:00+00:00,2026-02-19 01:10:00+00:00,BUY,session_breakout,4955.197821868419,4917.985,5022.180901231573,1.8,0.6718114548903988,0.21361500000000172,0.09801436841825402,0.6662922430968087,5.005115009770197,4.338822766673388,0.17355291066693554,TIMEOUT,10186.907228447335,7.120500000000058,100.0,18.559749289996407
XAUUSDm,buy_strict_body2.2_wick0.35_atr50_closeOff,momentum,2026-02-19 13:35:00+00:00,2026-02-19 13:40:00+00:00,2026-02-19 14:30:00+00:00,BUY,session_breakout,4994.7272154032125,4971.705,5036.167203128995,1.8,1.0859076575450424,0.19561928571427936,0.15040576035513836,1.082262506110995,-25.0,-26.082262506110993,-1.0432905002444397,SL,10160.824965941223,6.520642857142645,99.0,31.84451899181582
XAUUSDm,buy_strict_body2.2_wick0.35_atr50_closeOff,momentum,2026-02-27 13:15:00+00:00,2026-02-27 13:20:00+00:00,2026-03-01 23:01:00+00:00,BUY,session_breakout,5218.625800498257,5182.863,5282.9988413951205,1.8,0.6990504001837994,0.15895071428571358,0.09632514111500318,0.7341164908495615,45.000000000000256,44.2658835091507,1.770635340366028,TP,10205.090849450375,5.29835714285712,96.0,21.011152787242228
XAUUSDm,buy_strict_body2.2_wick0.35_atr50_closeOff,momentum,2026-03-06 13:30:00+00:00,2026-03-06 13:35:00+00:00,2026-03-08 22:03:00+00:00,BUY,session_breakout,5124.148389909704,5065.362,5229.96389174717,1.8,0.42526850242717995,0.3191828571428576,0.28179848113166805,0.43820101922132254,23.732368230135254,23.294167210913933,0.9317666884365573,TIMEOUT,10228.385016661288,10.639428571428587,100.0,32.269028977247274
XAUUSDm,buy_strict_body2.2_wick0.35_atr50_closeOff,momentum,2026-04-09 13:35:00+00:00,2026-04-09 13:40:00+00:00,2026-04-10 01:40:00+00:00,BUY,session_breakout,4770.3481569211735,4738.562,4827.563239379286,1.8,0.7865059013581729,0.22024499999999989,0.17403442117333964,0.7506138741928159,2.32478802498579,1.5741741507929743,0.06296696603171897,TIMEOUT,10229.959190812082,7.341499999999996,85.0,19.548493915416145
XAUUSDm,buy_strict_body2.2_wick0.35_atr50_closeOff,momentum,2026-04-17 12:45:00+00:00,2026-04-17 12:50:00+00:00,2026-04-19 22:01:00+00:00,BUY,session_breakout,4836.466488231669,4800.857,4900.563567048674,1.8,0.7020600755999146,0.21645000000000436,0.1122632316690022,0.6765980056728759,-25.0,-25.676598005672876,-1.027063920226915,SL,10204.282592806409,7.2150000000001455,100.0,20.33483815266089
XAUUSDm,buy_strict_body2.2_wick0.35_atr50_closeOff,momentum,2026-04-20 13:25:00+00:00,2026-04-20 13:30:00+00:00,2026-04-20 14:51:00+00:00,BUY,session_breakout,4824.442514608261,4799.549,4869.250840903132,1.8,1.0042776358989252,0.2057849999999988,0.18162210826107694,0.9665159446202101,-25.0,-25.96651594462021,-1.0386606377848084,SL,10178.316076861789,6.859499999999961,99.0,18.41847392036155
XAUUSDm,buy_strict_body2.2_wick0.35_atr50_closeOff,momentum,2026-05-01 13:50:00+00:00,2026-05-01 13:55:00+00:00,2026-05-03 22:03:00+00:00,BUY,session_breakout,4617.105152673786,4586.483,4672.225027486599,1.8,0.8164024347446235,0.22602857142856853,0.1951383880717129,0.7546407049778395,7.57527354874509,6.8206328437672505,0.27282531375069,TIMEOUT,10185.136709705555,7.534285714285618,100.0,38.294848342025965
XAUUSDm,asym_sellBase_buy_body2.2_wick0.35_atr50_closeOff,momentum,2025-01-03 13:15:00+00:00,2025-01-03 13:20:00+00:00,2025-01-03 16:50:00+00:00,SELL,session_breakout,2652.005430036269,2658.656,2640.0344041015533,1.8,3.7590763102016957,0.04961357142857001,0.04176317801689456,1.98931815731512,45.0,43.01068184268488,1.7204272737073953,TP,10043.010681842685,1.653785714285667,73.0,20.836599199556407
XAUUSDm,asym_sellBase_buy_body2.2_wick0.35_atr50_closeOff,momentum,2025-01-06 13:30:00+00:00,2025-01-06 13:35:00+00:00,2025-01-06 14:15:00+00:00,SELL,session_breakout,2638.225875719044,2648.848,2619.106052013323,1.8,2.353578186316398,0.09765428571428304,0.05929713809885488,1.2373541743335637,45.00000000000021,43.76264582566665,1.750505833026666,TP,10086.773327668352,3.255142857142768,99.0,33.51748168707531
XAUUSDm,asym_sellBase_buy_body2.2_wick0.35_atr50_closeOff,momentum,2025-01-07 13:10:00+00:00,2025-01-07 13:15:00+00:00,2025-01-07 15:00:00+00:00,BUY,session_breakout,2654.9791208801166,2647.585,2668.2885384643264,1.8,3.3810645518694584,0.06860785714285579,0.061816951545560016,1.79283115831226,-25.0,-26.79283115831226,-1.0717132463324903,SL,10059.98049651004,2.2869285714285263,100.0,29.35827353571139
XAUUSDm,asym_sellBase_buy_body2.2_wick0.35_atr50_closeOff,momentum,2025-01-13 12:00:00+00:00,2025-01-13 12:05:00+00:00,2025-01-13 17:35:00+00:00,SELL,session_breakout,2673.064954967965,2680.55,2659.591873910302,1.8,3.3399932656387783,0.06136285714285707,0.048363603463073,1.7811037896416055,44.999999999999694,43.21889621035809,1.7287558484143235,TP,10103.199392720397,2.045428571428569,66.0,19.272499199964653
XAUUSDm,asym_sellBase_buy_body2.2_wick0.35_atr50_closeOff,momentum,2025-01-15 13:55:00+00:00,2025-01-15 14:00:00+00:00,2025-01-15 14:30:00+00:00,BUY,session_breakout,2693.9235412198063,2682.127,2715.157315415458,1.8,2.119265260398956,0.10109571428571404,0.03699336266367949,1.1393277150156143,-25.0,-26.139327715015614,-1.0455731086006246,SL,10077.06006500538,3.3698571428571347,100.0,29.527297783745972
XAUUSDm,asym_sellBase_buy_body2.2_wick0.35_atr50_closeOff,momentum,2025-01-16 13:30:00+00:00,2025-01-16 13:35:00+00:00,2025-01-17 01:35:00+00:00,BUY,session_breakout,2713.597716646188,2701.388,2735.5752066093264,1.8,2.047549564371345,0.07803214285714083,0.07670057475941956,1.110873182781847,-3.719817377488553,-4.8306905602704,-0.19322762241081598,TIMEOUT,10072.229374445109,2.601071428571361,100.0,29.035232131775437
XAUUSDm,asym_sellBase_buy_body2.2_wick0.35_atr50_closeOff,momentum,2025-01-23 13:10:00+00:00,2025-01-23 13:15:00+00:00,2025-01-23 14:30:00+00:00,SELL,session_breakout,2740.6604500907943,2746.514,2730.124060254224,1.8,4.27091258941562,0.08819785714285834,0.07345098063418955,2.3435242439212507,-25.0,-27.34352424392125,-1.09374096975685,SL,10044.885850201188,2.9399285714286116,100.0,21.034694030739566
XAUUSDm,asym_sellBase_buy_body2.2_wick0.35_atr50_closeOff,momentum,2025-01-24 13:40:00+00:00,2025-01-24 13:45:00+00:00,2025-01-24 14:15:00+00:00,BUY,session_breakout,2783.989965984538,2777.85,2795.041904756706,1.8,4.071683794821815,0.05255785714285528,0.044687055966147325,2.264605365889156,-25.0,-27.264605365889157,-1.0905842146355662,SL,10017.621244835298,1.7519285714285096,50.0,34.62164324979766
XAUUSDm,asym_sellBase_buy_body2.2_wick0.35_atr50_closeOff,momentum,2025-01-30 13:00:00+00:00,2025-01-30 13:05:00+00:00,2025-01-30 15:10:00+00:00,BUY,session_breakout,2782.0784600846373,2777.714,2789.9344882369846,1.8,5.728085379449001,0.03985714285714169,0.015531513208790131,3.191696590338161,45.00000000000052,41.80830340966236,1.6723321363864943,TP,10059.42954824496,1.3285714285713897,54.0,44.63844601034202
XAUUSDm,asym_sellBase_buy_body2.2_wick0.35_atr50_closeOff,momentum,2025-02-11 12:45:00+00:00,2025-02-11 12:50:00+00:00,2025-02-11 13:15:00+00:00,SELL,session_breakout,2896.7025617064187,2904.236,2883.1423727779725,1.8,3.3185378343512926,0.08019428571428665,0.049341150723991846,1.9180634091770121,45.000000000000306,43.0819365908233,1.7232774636329318,TP,10102.511484835783,2.673142857142888,57.99999999999999,33.99080280425428
XAUUSDm,asym_sellBase_buy_body2.2_wick0.35_atr50_closeOff,momentum,2025-02-12 13:15:00+00:00,2025-02-12 13:20:00+00:00,2025-02-12 14:00:00+00:00,SELL,session_breakout,2874.1685338976936,2885.902,2853.048294913542,1.8,2.130657708644653,0.08443714285714382,0.04724753087743434,1.2272738685386042,-25.0,-26.227273868538603,-1.0490909547415441,SL,10076.284210967244,2.814571428571461,97.0,21.687231563201554
XAUUSDm,asym_sellBase_buy_body2.2_wick0.35_atr50_closeOff,momentum,2025-02-13 13:00:00+00:00,2025-02-13 13:05:00+00:00,2025-02-13 18:50:00+00:00,SELL,session_breakout,2913.964578291786,2921.369,2900.6366192170003,1.8,3.376360907735176,0.06448499999999967,0.06117920821413114,1.9702192177338806,-25.0,-26.97021921773388,-1.0788087687093553,SL,10049.31399174951,2.149499999999989,60.0,18.43714716473585
XAUUSDm,asym_sellBase_buy_body2.2_wick0.35_atr50_closeOff,momentum,2025-02-14 13:40:00+00:00,2025-02-14 13:45:00+00:00,2025-02-14 16:45:00+00:00,SELL,session_breakout,2917.8399371973387,2933.321,2889.9740241525487,1.8,1.6148762083506627,0.10798928571428665,0.08106815980398405,0.9378900588710749,44.99999999999971,44.06210994112863,1.7624843976451452,TP,10093.37610169064,3.5996428571428885,100.0,18.863435153374482
XAUUSDm,asym_sellBase_buy_body2.2_wick0.35_atr50_closeOff,momentum,2025-02-24 13:55:00+00:00,2025-02-24 14:00:00+00:00,2025-02-24 14:20:00+00:00,BUY,session_breakout,2954.4930735650278,2946.923,2968.1192059820783,1.8,3.3024778141515383,0.07127785714285698,0.062434636456198414,1.9489295655025785,-25.0,-26.948929565502578,-1.077957182620103,SL,10066.427172125137,2.375928571428566,88.0,20.21311523242239
XAUUSDm,asym_sellBase_buy_body2.2_wick0.35_atr50_closeOff,momentum,2025-02-28 12:50:00+00:00,2025-02-28 12:55:00+00:00,2025-02-28 14:40:00+00:00,SELL,session_breakout,2855.0265775565167,2864.502,2837.970817158247,1.8,2.638404793993523,0.06792428571428445,0.04146030062592806,1.502043161840807,44.99999999999976,43.49795683815895,1.7399182735263579,TP,10109.925128963296,2.264142857142815,71.0,21.169540131150995
XAUUSDm,asym_sellBase_buy_body2.2_wick0.35_atr50_closeOff,momentum,2025-03-03 13:05:00+00:00,2025-03-03 13:10:00+00:00,2025-03-03 14:30:00+00:00,SELL,session_breakout,2871.0591338260524,2877.716,2859.076774712947,1.8,3.7555208932756887,0.057207857142854465,0.026262245376088195,2.1589645125827484,-25.0,-27.15896451258275,-1.08635858050331,SL,10082.766164450713,1.9069285714284823,70.0,19.71262015212677
XAUUSDm,asym_sellBase_buy_body2.2_wick0.35_atr50_closeOff,momentum,2025-03-05 13:30:00+00:00,2025-03-05 13:35:00+00:00,2025-03-05 15:05:00+00:00,SELL,session_breakout,2908.6681299267243,2917.269,2893.1865637948285,1.8,2.906682671289236,0.08657571428571535,0.05958221613323566,1.6934150499578555,-25.0,-26.693415049957856,-1.0677366019983143,SL,10056.072749400755,2.8858571428571786,100.0,18.538773727042578
XAUUSDm,asym_sellBase_buy_body2.2_wick0.35_atr50_closeOff,momentum,2025-03-21 13:45:00+00:00,2025-03-21 13:50:00+00:00,2025-03-23 22:05:00+00:00,SELL,session_breakout,3010.711124433595,3036.851,2963.6593484140662,1.8,0.9563932290530899,0.11942571428571715,0.041162709261512116,0.5771446873478308,-12.599405392097738,-13.176550079445569,-0.5270620031778228,TIMEOUT,10042.896199321309,3.9808571428572384,100.0,18.011965333720443
XAUUSDm,asym_sellBase_buy_body2.2_wick0.35_atr50_closeOff,momentum,2025-03-26 13:00:00+00:00,2025-03-26 13:05:00+00:00,2025-03-26 14:00:00+00:00,SELL,session_breakout,3024.777729936989,3029.994,3015.388443823569,1.8,4.792696639170737,0.06616928571428649,0.0581854201542248,2.8948684121015,45.00000000000043,42.10513158789893,1.6842052635159572,TP,10085.001330909208,2.205642857142883,100.0,19.750277906197685
XAUUSDm,asym_sellBase_buy_body2.2_wick0.35_atr50_closeOff,momentum,2025-04-02 12:25:00+00:00,2025-04-02 12:30:00+00:00,2025-04-02 13:50:00+00:00,BUY,session_breakout,3125.942407409743,3117.046,3141.9559407472802,1.8,2.8101231034699414,0.08566285714285543,0.06357598117181137,1.7543565958357132,-24.999999999999996,-26.75435659583571,-1.0701742638334286,SL,10058.246974313373,2.8554285714285146,72.0,23.02494613702874
XAUUSDm,asym_sellBase_buy_body2.2_wick0.35_atr50_closeOff,momentum,2025-04-03 12:20:00+00:00,2025-04-03 12:25:00+00:00,2025-04-03 14:00:00+00:00,SELL,session_breakout,3080.663995497613,3097.309,3050.702987393316,1.8,1.501952132029443,0.14053499999999824,0.11673700238702715,0.9279019712207967,-25.0,-25.9279019712208,-1.0371160788488318,SL,10032.319072342152,4.684499999999941,68.0,45.51265925747012
XAUUSDm,asym_sellBase_buy_body2.2_wick0.35_atr50_closeOff,momentum,2025-04-11 13:30:00+00:00,2025-04-11 13:35:00+00:00,2025-04-11 13:50:00+00:00,BUY,session_breakout,3240.5643193663745,3225.711,3267.300294225849,1.8,1.683125460602126,0.17203285714285552,0.0943029378029594,1.0883552625288688,-25.0,-26.088355262528868,-1.0435342105011547,SL,10006.230717079623,5.734428571428517,74.0,26.486869484803904
XAUUSDm,asym_sellBase_buy_body2.2_wick0.35_atr50_closeOff,momentum,2025-04-21 13:00:00+00:00,2025-04-21 13:05:00+00:00,2025-04-22 01:05:00+00:00,BUY,session_breakout,3421.392205553286,3398.008,3463.4837755492017,1.8,1.0690976840342787,0.13261714285714366,0.1298969818577713,0.7327146725100194,11.541758840291957,10.809044167781938,0.4323617667112775,TIMEOUT,10017.039761247404,4.4205714285714555,100.0,28.364920124046165
XAUUSDm,asym_sellBase_buy_body2.2_wick0.35_atr50_closeOff,momentum,2025-04-23 13:25:00+00:00,2025-04-23 13:30:00+00:00,2025-04-23 14:00:00+00:00,SELL,session_breakout,3299.6024044876813,3320.54,3261.9147325655076,1.8,1.1940244038667753,0.2031985714285695,0.18799622660431772,0.7834611588031565,45.0,44.216538841196844,1.7686615536478738,TP,10061.256300088602,6.773285714285651,78.0,22.560104668224394
XAUUSDm,asym_sellBase_buy_body2.2_wick0.35_atr50_closeOff,momentum,2025-04-25 13:20:00+00:00,2025-04-25 13:25:00+00:00,2025-04-25 19:30:00+00:00,SELL,session_breakout,3270.3545113718938,3298.252,3220.1390318413028,1.8,0.8961380120364298,0.20633142857142858,0.17432291382078616,0.5886377980950358,-25.0,-25.588637798095036,-1.0235455119238015,SL,10035.667662290507,6.877714285714286,89.0,31.5080885248663
XAUUSDm,asym_sellBase_buy_body2.2_wick0.35_atr50_closeOff,momentum,2025-04-30 12:00:00+00:00,2025-04-30 12:05:00+00:00,2025-04-30 12:15:00+00:00,SELL,session_breakout,3267.622155921972,3281.671,3242.334236581522,1.8,1.7795058341561183,0.11945999999999815,0.052114078027996426,1.1654505380561886,-25.0,-26.165450538056188,-1.0466180215222476,SL,10009.502211752451,3.9819999999999385,85.0,43.24131785778276
XAUUSDm,asym_sellBase_buy_body2.2_wick0.35_atr50_closeOff,momentum,2025-04-30 12:20:00+00:00,2025-04-30 12:25:00+00:00,2025-05-01 00:20:00+00:00,BUY,session_breakout,3290.2083008646755,3266.901,3332.1614424210916,1.8,1.0726252750222909,0.15381214285714284,0.09639479324692701,0.7033321167191194,-25.0,-25.70333211671912,-1.0281332846687647,SL,9983.798879635733,5.127071428571428,97.0,44.343344543550394
XAUUSDm,asym_sellBase_buy_body2.2_wick0.35_atr50_closeOff,momentum,2025-05-02 13:00:00+00:00,2025-05-02 13:05:00+00:00,2025-05-02 14:55:00+00:00,SELL,session_breakout,3244.051010080453,3263.926,3208.276028225269,1.8,1.2578622731985796,0.15889714285714296,0.05254134811812477,0.8186138755823893,-25.0,-25.81861387558239,-1.0327445550232957,SL,9957.98026576015,5.296571428571432,100.0,20.422343309001352
XAUUSDm,asym_sellBase_buy_body2.2_wick0.35_atr50_closeOff,momentum,2025-05-14 12:50:00+00:00,2025-05-14 12:55:00+00:00,2025-05-15 00:55:00+00:00,SELL,session_breakout,3186.2489086976448,3221.493,3122.8095443534053,1.8,0.7093387593831759,0.21265500000000104,0.08676380235493748,0.45213798066285366,-1.1201106653654078,-1.5722486460282614,-0.06288994584113046,TIMEOUT,9956.408017114121,7.088500000000034,100.0,20.548243138493692
XAUUSDm,asym_sellBase_buy_body2.2_wick0.35_atr50_closeOff,momentum,2025-05-15 12:50:00+00:00,2025-05-15 12:55:00+00:00,2025-05-15 15:05:00+00:00,BUY,session_breakout,3188.6684158204575,3177.747,3208.3269642972814,1.8,2.289080501190211,0.1302021428571457,0.10131474902909225,1.4643237390831376,45.0,43.535676260916865,1.7414270504366747,TP,9999.943693375038,4.340071428571524,65.0,28.573355861432
XAUUSDm,asym_sellBase_buy_body2.2_wick0.35_atr50_closeOff,momentum,2025-05-28 13:35:00+00:00,2025-05-28 13:40:00+00:00,2025-05-28 20:50:00+00:00,SELL,session_breakout,3303.66560581999,3316.438,3280.675296295972,1.8,1.9573464181936508,0.11382000000000095,0.0934841800098002,1.2887836080922632,44.99999999999982,43.711216391907556,1.7484486556763021,TP,10043.654909766947,3.7940000000000316,98.0,19.47008735358178
XAUUSDm,asym_sellBase_buy_body2.2_wick0.35_atr50_closeOff,momentum,2025-05-29 12:15:00+00:00,2025-05-29 12:20:00+00:00,2025-05-29 16:05:00+00:00,BUY,session_breakout,3308.872664994942,3298.541,3327.469661985838,1.8,2.419745511709784,0.10334357142857113,0.1009932092277281,1.605825955988141,45.0,43.39417404401186,1.7357669617604745,TP,10087.049083810958,3.4447857142857043,100.0,33.53063891306181
XAUUSDm,asym_sellBase_buy_body2.2_wick0.35_atr50_closeOff,momentum,2025-05-30 12:10:00+00:00,2025-05-30 12:15:00+00:00,2025-05-30 13:40:00+00:00,BUY,session_breakout,3302.993397364575,3288.365,3329.32451262081,1.8,1.709004710286412,0.14142642857142912,0.0746841502890687,1.1264662548281954,-25.0,-26.126466254828195,-1.0450586501931278,SL,10060.92261755613,4.714214285714304,100.0,26.073140583746437
XAUUSDm,asym_sellBase_buy_body2.2_wick0.35_atr50_closeOff,momentum,2025-06-03 13:45:00+00:00,2025-06-03 13:50:00+00:00,2025-06-04 01:20:00+00:00,SELL,session_breakout,3343.813985351597,3363.095,3309.108158984471,1.8,1.2966122611224027,0.12839785714285493,0.07181571983171087,0.8696260424638893,-25.000000000000004,-25.869626042463892,-1.0347850416985556,SL,10035.052991513667,4.279928571428497,100.0,26.21077909916798
XAUUSDm,asym_sellBase_buy_body2.2_wick0.35_atr50_closeOff,momentum,2025-06-11 12:15:00+00:00,2025-06-11 12:20:00+00:00,2025-06-11 12:35:00+00:00,BUY,session_breakout,3338.1087402177213,3327.196,3357.75167260962,1.8,2.290900314790046,0.09899999999999863,0.06224021772141263,1.5339548727536365,45.00000000000042,43.46604512724678,1.738641805089871,TP,10078.519036640913,3.2999999999999545,97.0,30.652943272538636
XAUUSDm,asym_sellBase_buy_body2.2_wick0.35_atr50_closeOff,momentum,2025-06-16 13:50:00+00:00,2025-06-16 13:55:00+00:00,2025-06-17 01:55:00+00:00,SELL,session_breakout,3389.768679666492,3417.401,3340.030503066178,1.8,0.9047376296403257,0.17297357142857242,0.07483354779353579,0.6137249421866926,-3.546861325968608,-4.160586268155301,-0.16642345072621204,TIMEOUT,10074.358450372758,5.765785714285747,100.0,35.415918947083775
XAUUSDm,asym_sellBase_buy_body2.2_wick0.35_atr50_closeOff,momentum,2025-06-20 13:50:00+00:00,2025-06-20 13:55:00+00:00,2025-06-22 22:05:00+00:00,BUY,session_breakout,3372.043045725234,3348.68,3414.096528030656,1.8,1.0700659620332642,0.11116928571428453,0.043461082377233645,0.7226411236304575,9.794264821473703,9.071623697843245,0.36286494791372986,TIMEOUT,10083.4300740706,3.7056428571428177,98.0,19.55623931036536
XAUUSDm,asym_sellBase_buy_body2.2_wick0.35_atr50_closeOff,momentum,2025-06-24 12:30:00+00:00,2025-06-24 12:35:00+00:00,2025-06-24 19:30:00+00:00,SELL,session_breakout,3307.6663917380124,3321.86,3282.1178968664344,1.8,1.7613562061560601,0.12322071428571267,0.07799790484486807,1.1676957453963142,-25.0,-26.167695745396315,-1.0467078298158525,SL,10057.262378325204,4.107357142857089,82.0,38.064296195118644
XAUUSDm,asym_sellBase_buy_body2.2_wick0.35_atr50_closeOff,momentum,2025-06-26 13:05:00+00:00,2025-06-26 13:10:00+00:00,2025-06-27 01:10:00+00:00,SELL,session_breakout,3317.8503288284624,3344.056,3270.6801207196945,1.8,0.9539919751092969,0.15296785714285566,0.0701872429658525,0.6329159903404958,1.2452732272318345,0.6123572368913387,0.024494289475653547,TIMEOUT,10057.874735562094,5.098928571428522,100.0,18.53667304092629
XAUUSDm,asym_sellBase_buy_body2.2_wick0.35_atr50_closeOff,momentum,2025-06-27 12:05:00+00:00,2025-06-27 12:10:00+00:00,2025-06-29 22:05:00+00:00,SELL,session_breakout,3273.9462387184158,3285.344,3253.430268411564,1.8,2.193413196010104,0.1014771428571443,0.07802271015542141,1.4355753899876103,6.479866189136715,5.044290799149104,0.2017716319659642,TIMEOUT,10062.919026361244,3.382571428571477,74.0,43.632735004813654
XAUUSDm,asym_sellBase_buy_body2.2_wick0.35_atr50_closeOff,momentum,2025-07-08 13:45:00+00:00,2025-07-08 13:50:00+00:00,2025-07-08 14:40:00+00:00,SELL,session_breakout,3316.004090328171,3326.914,3296.3662529188787,1.8,2.2914946825410794,0.10118357142857348,0.06131788611442155,1.5152211480542948,44.999999999999794,43.4847788519455,1.73939115407782,TP,10106.40380521319,3.372785714285783,100.0,18.147393845146915
XAUUSDm,asym_sellBase_buy_body2.2_wick0.35_atr50_closeOff,momentum,2025-07-11 12:45:00+00:00,2025-07-11 12:50:00+00:00,2025-07-13 22:05:00+00:00,BUY,session_breakout,3356.0521247912343,3344.356,3377.105149415456,1.8,2.1374600943670528,0.09554357142856848,0.08435300552001501,1.4358687695060173,11.832712346132991,10.396843576626974,0.41587374306507896,TIMEOUT,10116.800648789816,3.184785714285616,100.0,24.363230310504886
XAUUSDm,asym_sellBase_buy_body2.2_wick0.35_atr50_closeOff,momentum,2025-07-14 12:35:00+00:00,2025-07-14 12:40:00+00:00,2025-07-15 00:40:00+00:00,SELL,session_breakout,3351.435472316392,3368.025,3321.5743224858975,1.8,1.5069747901685062,0.09729428571428668,0.07688054075125164,1.0094344757830263,6.712777484305847,5.703343008522821,0.22813372034091284,TIMEOUT,10122.50399179834,3.2431428571428893,100.0,21.65202251038262
XAUUSDm,asym_sellBase_buy_body2.2_wick0.35_atr50_closeOff,momentum,2025-07-15 12:05:00+00:00,2025-07-15 12:10:00+00:00,2025-07-15 12:30:00+00:00,SELL,session_breakout,3352.7306183995206,3359.335,3340.8427315186577,1.8,3.7853657635690205,0.0592757142857129,0.030743743336578592,2.540762339471827,-25.0,-27.540762339471826,-1.101630493578873,SL,10094.963229458868,1.9758571428570966,59.0,20.971755145144762
XAUUSDm,asym_sellBase_buy_body2.2_wick0.35_atr50_closeOff,momentum,2025-07-15 12:35:00+00:00,2025-07-15 12:40:00+00:00,2025-07-15 15:35:00+00:00,SELL,session_breakout,3347.927988500882,3360.387,3325.5017678024687,1.8,2.006579735621011,0.10199142857143151,0.09001578483224014,1.3390768916088567,45.000000000000185,43.66092310839133,1.7464369243356532,TP,10138.62415256726,3.3997142857143836,100.0,24.614335357064114
XAUUSDm,asym_sellBase_buy_body2.2_wick0.35_atr50_closeOff,momentum,2025-07-18 12:00:00+00:00,2025-07-18 12:05:00+00:00,2025-07-18 14:15:00+00:00,BUY,session_breakout,3358.309286801109,3351.982,3369.6984030431054,1.8,3.9511406367130424,0.058890000000000914,0.05084180110909145,2.6513304587461315,-25.0,-27.65133045874613,-1.1060532183498453,SL,10110.972822108513,1.9630000000000305,82.0,31.83987434693921
XAUUSDm,asym_sellBase_buy_body2.2_wick0.35_atr50_closeOff,momentum,2025-07-21 12:15:00+00:00,2025-07-21 12:20:00+00:00,2025-07-21 13:45:00+00:00,BUY,session_breakout,3378.2370257837147,3370.859,3391.5174721944013,1.8,3.388440313556725,0.06443571428571561,0.03680792657187106,2.293890905383102,45.00000000000031,42.70610909461721,1.7082443637846885,TP,10153.67893120313,2.147857142857187,90.0,27.99741884698307
XAUUSDm,asym_sellBase_buy_body2.2_wick0.35_atr50_closeOff,momentum,2025-07-22 12:55:00+00:00,2025-07-22 13:00:00+00:00,2025-07-22 16:50:00+00:00,BUY,session_breakout,3407.595603564548,3393.754,3432.5104899807347,1.8,1.8061491129561893,0.08744357142857,0.04388177883419291,1.2354251553383038,44.99999999999967,43.76457484466137,1.7505829937864548,TP,10197.443506047792,2.914785714285667,100.0,24.906157185601465
XAUUSDm,asym_sellBase_buy_body2.2_wick0.35_atr50_closeOff,momentum,2025-07-24 12:45:00+00:00,2025-07-24 12:50:00+00:00,2025-07-24 13:40:00+00:00,SELL,session_breakout,3354.2019051927327,3365.506,3333.854534539652,1.8,2.2115879622602,0.0947721428571445,0.073708735838596,1.4861225113028953,-25.0,-26.486122511302895,-1.0594449004521158,SL,10170.957383536488,3.1590714285714836,92.0,50.569753258342374
XAUUSDm,asym_sellBase_buy_body2.2_wick0.35_atr50_closeOff,momentum,2025-07-28 13:30:00+00:00,2025-07-28 13:35:00+00:00,2025-07-28 13:50:00+00:00,SELL,session_breakout,3324.276380724828,3330.639,3312.823666029518,1.8,3.9291994253928593,0.08868000000000101,0.03527927517253192,2.60784896899821,45.00000000000072,42.392151031002506,1.6956860412401003,TP,10213.349534567491,2.9560000000000337,99.0,24.688991825086365
XAUUSDm,asym_sellBase_buy_body2.2_wick0.35_atr50_closeOff,momentum,2025-08-01 12:30:00+00:00,2025-08-01 12:35:00+00:00,2025-08-03 22:05:00+00:00,BUY,session_breakout,3328.102895157502,3296.811,3384.428306441006,1.8,0.7989289199061631,0.12649285714285852,0.05564872893101622,0.5346035979506067,28.200676776551152,27.666073178600545,1.106642927144022,TIMEOUT,10241.015607746092,4.216428571428618,100.0,27.262211762494214
XAUUSDm,asym_sellBase_buy_body2.2_wick0.35_atr50_closeOff,momentum,2025-08-04 13:00:00+00:00,2025-08-04 13:05:00+00:00,2025-08-05 01:05:00+00:00,BUY,session_breakout,3372.329111855854,3361.037,3392.6549131963916,1.8,2.2139348528538547,0.08956285714285676,0.02733042728262657,1.4952836542161807,20.60263009908461,19.10734644486843,0.7642938577947372,TIMEOUT,10260.122954190962,2.985428571428559,100.0,18.452596237814085
XAUUSDm,asym_sellBase_buy_body2.2_wick0.35_atr50_closeOff,momentum,2025-08-05 12:25:00+00:00,2025-08-05 12:30:00+00:00,2025-08-05 14:20:00+00:00,BUY,session_breakout,3360.929003554551,3349.903,3380.775809952743,1.8,2.2673673082284527,0.08291357142857188,0.07054676883660717,1.5285921095872836,45.00000000000041,43.471407890413126,1.738856315616525,TP,10303.594362081374,2.763785714285729,100.0,39.83255098002978
XAUUSDm,asym_sellBase_buy_body2.2_wick0.35_atr50_closeOff,momentum,2025-08-06 12:50:00+00:00,2025-08-06 12:55:00+00:00,2025-08-07 00:55:00+00:00,BUY,session_breakout,3368.587385062496,3360.141,3383.7908781749893,1.8,2.9598461134581364,0.07221857142856997,0.05527577678186731,1.9952095882396295,11.095323353621113,9.100113765381483,0.3640045506152593,TIMEOUT,10312.694475846756,2.4072857142856656,95.0,26.669520520968696
XAUUSDm,asym_sellBase_buy_body2.2_wick0.35_atr50_closeOff,momentum,2025-08-08 12:20:00+00:00,2025-08-08 12:25:00+00:00,2025-08-08 14:25:00+00:00,BUY,session_breakout,3391.9681823183196,3383.76,3406.7429104912944,1.8,3.0457413140305096,0.09986142857142828,0.07925160403354505,2.0637115257527756,-25.0,-27.063711525752776,-1.082548461030111,SL,10285.630764321004,3.328714285714276,92.0,24.10039471149036
XAUUSDm,asym_sellBase_buy_body2.2_wick0.35_atr50_closeOff,momentum,2025-08-12 12:30:00+00:00,2025-08-12 12:35:00+00:00,2025-08-12 14:10:00+00:00,BUY,session_breakout,3350.4114189328493,3338.543,3371.7745730119777,1.8,2.10643053143376,0.11245285714285533,0.09519250427781184,1.4089817811408922,-25.0,-26.40898178114089,-1.0563592712456356,SL,10259.221782539864,3.7484285714285113,100.0,24.49102958935112
XAUUSDm,asym_sellBase_buy_body2.2_wick0.35_atr50_closeOff,momentum,2025-08-20 12:00:00+00:00,2025-08-20 12:05:00+00:00,2025-08-20 13:40:00+00:00,BUY,session_breakout,3334.5951996181034,3328.646,3345.303758930689,1.8,4.202245949846081,0.05190642857142652,0.03224640381772511,2.8070578343942723,45.0,42.19294216560573,1.6877176866242292,TP,10301.41472470547,1.7302142857142175,98.0,33.17162831817436
XAUUSDm,asym_sellBase_buy_body2.2_wick0.35_atr50_closeOff,momentum,2025-08-28 12:05:00+00:00,2025-08-28 12:10:00+00:00,2025-08-28 12:30:00+00:00,BUY,session_breakout,3408.115522570419,3401.401,3420.201663197174,1.8,3.723272911485432,0.06637285714285845,0.04633614184802545,2.535368840879892,-25.0,-27.53536884087989,-1.1014147536351957,SL,10273.87935586459,2.212428571428615,100.0,28.685871396469178
XAUUSDm,asym_sellBase_buy_body2.2_wick0.35_atr50_closeOff,momentum,2025-08-29 13:30:00+00:00,2025-08-29 13:35:00+00:00,2025-08-29 14:10:00+00:00,BUY,session_breakout,3421.0143383158193,3413.653,3434.264747284294,1.8,3.3961215919495467,0.08168142857142845,0.03249760153337359,2.328136132144669,44.99999999999938,42.67186386785471,1.7068745547141884,TP,10316.551219732444,2.7227142857142814,100.0,20.979330941647344
XAUUSDm,asym_sellBase_buy_body2.2_wick0.35_atr50_closeOff,momentum,2025-09-03 13:25:00+00:00,2025-09-03 13:30:00+00:00,2025-09-04 01:30:00+00:00,BUY,session_breakout,3560.467692197248,3545.048,3588.223138152295,1.8,1.6213034397963626,0.12008142857142663,0.04565148296264115,1.1527672863447334,-17.524169839098438,-18.67693712544317,-0.7470774850177269,TIMEOUT,10297.874282607001,4.002714285714221,100.0,20.93352068030542
XAUUSDm,asym_sellBase_buy_body2.2_wick0.35_atr50_closeOff,momentum,2025-09-04 13:35:00+00:00,2025-09-04 13:40:00+00:00,2025-09-04 14:00:00+00:00,BUY,session_breakout,3558.0746295902172,3539.71,3591.1309628526083,1.8,1.3613125098541308,0.13142357142856975,0.10091780450292727,0.966230300851153,-25.000000000000004,-25.966230300851155,-1.038649212034046,SL,10271.90805230615,4.3807857142856585,99.0,19.552379694708875
XAUUSDm,asym_sellBase_buy_body2.2_wick0.35_atr50_closeOff,momentum,2025-09-12 12:20:00+00:00,2025-09-12 12:25:00+00:00,2025-09-12 13:10:00+00:00,SELL,session_breakout,3643.2007473434487,3649.349,3632.133892561656,1.8,4.06619594159985,0.063953571428571,0.040275870837083845,2.9652936186562946,-25.0,-27.965293618656293,-1.1186117447462518,SL,10243.942758687494,2.1317857142857,65.0,21.061426016204223
XAUUSDm,asym_sellBase_buy_body2.2_wick0.35_atr50_closeOff,momentum,2025-09-25 12:50:00+00:00,2025-09-25 12:55:00+00:00,2025-09-25 18:40:00+00:00,SELL,session_breakout,3732.352157012858,3755.926,3689.9192396360017,1.8,1.060497434111007,0.14623071428571327,0.10172762999928778,0.7941299771421636,-24.999999999999996,-25.79412997714216,-1.0317651990856864,SL,10218.14862871035,4.874357142857109,100.0,19.87710691908853
XAUUSDm,asym_sellBase_buy_body2.2_wick0.35_atr50_closeOff,momentum,2025-10-01 12:45:00+00:00,2025-10-01 12:50:00+00:00,2025-10-02 00:50:00+00:00,SELL,session_breakout,3870.8361425991425,3891.122,3834.321599277599,1.8,1.2323856717509705,0.1346742857142866,0.11252025800061001,0.9524210623545686,16.515376124274816,15.562955061920247,0.6225182024768098,TIMEOUT,10233.71158377227,4.489142857142887,96.0,18.3325867553591
XAUUSDm,asym_sellBase_buy_body2.2_wick0.35_atr50_closeOff,momentum,2025-10-09 13:40:00+00:00,2025-10-09 13:45:00+00:00,2025-10-09 16:40:00+00:00,SELL,session_breakout,4031.145245157681,4057.981,3982.8408864415064,1.8,0.9315929492907642,0.18705642857143076,0.13922662803314753,0.746577297591177,45.00000000000017,44.25342270240899,1.7701369080963596,TP,10277.96500647468,6.235214285714359,100.0,19.2834809256265
XAUUSDm,asym_sellBase_buy_body2.2_wick0.35_atr50_closeOff,momentum,2025-10-21 12:10:00+00:00,2025-10-21 12:15:00+00:00,2025-10-21 14:20:00+00:00,SELL,session_breakout,4225.214743878003,4267.064,4149.8860828584075,1.8,0.597382183499773,0.2890564285714325,0.19872790771086982,0.5003136018906551,45.00000000000021,44.49968639810956,1.7799874559243825,TP,10322.464692872789,9.635214285714417,84.0,57.438051634424795
XAUUSDm,asym_sellBase_buy_body2.2_wick0.35_atr50_closeOff,momentum,2025-10-22 13:00:00+00:00,2025-10-22 13:05:00+00:00,2025-10-22 14:45:00+00:00,BUY,session_breakout,4066.6371781315625,4023.09,4145.022098768374,1.8,0.5740900116299475,0.39714642857142374,0.27460491727655206,0.4644231569776652,-25.0,-25.464423156977666,-1.0185769262791067,SL,10297.00026971581,13.238214285714125,64.0,38.975027111375816
XAUUSDm,asym_sellBase_buy_body2.2_wick0.35_atr50_closeOff,momentum,2025-10-24 12:30:00+00:00,2025-10-24 12:35:00+00:00,2025-10-26 22:05:00+00:00,BUY,session_breakout,4089.8918880399774,4058.775,4145.902286511937,1.8,0.8034222435058846,0.19440642857142945,0.09968482569123058,0.6571273995596782,-0.5462371744114721,-1.2033645739711503,-0.04813458295884601,TIMEOUT,10295.79690514184,6.4802142857143155,74.0,42.41032507024094
XAUUSDm,asym_sellBase_buy_body2.2_wick0.35_atr50_closeOff,momentum,2025-11-10 13:00:00+00:00,2025-11-10 13:05:00+00:00,2025-11-10 13:50:00+00:00,BUY,session_breakout,4105.105090559834,4092.184,4128.363053567535,1.8,1.9348212044666229,0.11574214285713975,0.037219488404919024,1.5860288751558087,-25.0,-26.586028875155808,-1.0634411550062324,SL,10269.210876266685,3.8580714285713253,82.0,50.15628024988935
XAUUSDm,asym_sellBase_buy_body2.2_wick0.35_atr50_closeOff,momentum,2025-11-14 12:10:00+00:00,2025-11-14 12:15:00+00:00,2025-11-14 13:20:00+00:00,SELL,session_breakout,4125.709804959305,4157.72,4068.091453886054,1.8,0.7810011769130746,0.2434607142857099,0.1474646835521639,0.6399368426550058,44.99999999999993,44.360063157344925,1.774402526293797,TP,10313.57093942403,8.115357142856997,100.0,35.25045599985121
XAUUSDm,asym_sellBase_buy_body2.2_wick0.35_atr50_closeOff,momentum,2025-11-14 13:25:00+00:00,2025-11-14 13:30:00+00:00,2025-11-16 23:00:00+00:00,SELL,session_breakout,4055.3894422585654,4119.67,3939.684438323983,1.8,0.3889200853010835,0.34366928571428257,0.1547230985774692,0.3163110172041984,-8.665356417354491,-8.98166743455869,-0.35926669738234757,TIMEOUT,10304.589271989471,11.455642857142752,100.0,46.13312162979941
XAUUSDm,asym_sellBase_buy_body2.2_wick0.35_atr50_closeOff,momentum,2025-11-18 13:35:00+00:00,2025-11-18 13:40:00+00:00,2025-11-19 01:40:00+00:00,BUY,session_breakout,4066.206634339964,4029.089,4133.018376151898,1.8,0.6735343036957229,0.20224714285714396,0.11851076853517141,0.5476906582907437,-0.5527253787563288,-1.1004160370470726,-0.044016641481882904,TIMEOUT,10303.488855952424,6.741571428571466,98.0,23.99220544731655
XAUUSDm,asym_sellBase_buy_body2.2_wick0.35_atr50_closeOff,momentum,2025-11-19 13:10:00+00:00,2025-11-19 13:15:00+00:00,2025-11-19 14:55:00+00:00,SELL,session_breakout,4102.923883669399,4120.01,4072.168874274318,1.8,1.4631762722594608,0.13318928571428126,0.11952168774275601,1.2031601746943403,-25.0,-26.20316017469434,-1.0481264069877736,SL,10277.28569577773,4.439642857142709,70.0,38.20990375075074
XAUUSDm,asym_sellBase_buy_body2.2_wick0.35_atr50_closeOff,momentum,2025-12-03 13:50:00+00:00,2025-12-03 13:55:00+00:00,2025-12-03 14:50:00+00:00,BUY,session_breakout,4236.169232649616,4211.353,4280.838451418925,1.8,1.0074051268368904,0.14135571428571309,0.06555479247260333,0.8510077206239838,-25.0,-25.851007720623983,-1.0340403088249592,SL,10251.434688057105,4.711857142857103,100.0,27.83795219721161
XAUUSDm,asym_sellBase_buy_body2.2_wick0.35_atr50_closeOff,momentum,2025-12-16 13:20:00+00:00,2025-12-16 13:25:00+00:00,2025-12-16 14:15:00+00:00,BUY,session_breakout,4300.987605926807,4289.067,4322.44469659506,1.8,2.0972088292743356,0.10657071428571661,0.03632056966434856,1.8085138363498372,45.0,43.19148616365016,1.7276594465460064,TP,10294.626174220755,3.5523571428572205,63.0,29.460394202997385
XAUUSDm,asym_sellBase_buy_body2.2_wick0.35_atr50_closeOff,momentum,2025-12-23 13:50:00+00:00,2025-12-23 13:55:00+00:00,2025-12-23 14:55:00+00:00,SELL,session_breakout,4478.898827754963,4497.359,4445.6705177138965,1.8,1.354266887012454,0.16868357142857154,0.0838304593226908,1.2086248745414887,45.00000000000025,43.79137512545876,1.7516550050183504,TP,10338.417549346213,5.622785714285718,100.0,24.530324010148064
XAUUSDm,asym_sellBase_buy_body2.2_wick0.35_atr50_closeOff,momentum,2025-12-29 13:40:00+00:00,2025-12-29 13:45:00+00:00,2025-12-29 14:40:00+00:00,SELL,session_breakout,4429.277560836045,4467.761,4360.007370340926,1.8,0.6496300887633717,0.21624642857142654,0.10931594966896484,0.5709783950007061,44.999999999999886,44.42902160499918,1.7771608641999672,TP,10382.846570951213,7.208214285714218,73.0,42.45223459079032
XAUUSDm,asym_sellBase_buy_body2.2_wick0.35_atr50_closeOff,momentum,2026-01-07 12:15:00+00:00,2026-01-07 12:20:00+00:00,2026-01-07 16:20:00+00:00,SELL,session_breakout,4442.029381676528,4455.798,4417.245868694278,1.8,1.8157232202000695,0.13742785714285674,0.10490439490132678,1.6155991786242059,-25.0,-26.615599178624205,-1.0646239671449682,SL,10356.23097177259,4.580928571428558,75.0,24.219487564866068
XAUUSDm,asym_sellBase_buy_body2.2_wick0.35_atr50_closeOff,momentum,2026-01-08 13:20:00+00:00,2026-01-08 13:25:00+00:00,2026-01-08 16:30:00+00:00,BUY,session_breakout,4432.237699290015,4417.26,4459.1975580120425,1.8,1.6691482126808481,0.1653042857142873,0.11404714715815313,1.4841123267893208,44.999999999999694,43.51588767321037,1.740635506928415,TP,10399.7468594458,5.51014285714291,83.0,28.359410028489833
XAUUSDm,asym_sellBase_buy_body2.2_wick0.35_atr50_closeOff,momentum,2026-01-30 13:20:00+00:00,2026-01-30 13:25:00+00:00,2026-01-30 17:43:00+00:00,SELL,session_breakout,5025.114195843266,5117.524,4858.776548361145,1.8,0.2705340653855094,0.8836500000000017,0.749979156733819,0.2673929144855827,45.0000000000001,44.732607085514516,1.7893042834205806,TP,10444.479466531315,29.45500000000006,71.0,48.48365673984146
XAUUSDm,asym_sellBase_buy_body2.2_wick0.35_atr50_closeOff,momentum,2026-02-17 13:55:00+00:00,2026-02-17 14:00:00+00:00,2026-02-18 02:00:00+00:00,SELL,session_breakout,4869.831593710659,4924.239,4771.898262389846,1.8,0.45949626539903593,0.3260078571428546,0.2494023607700368,0.4484115426222123,-8.776565357556334,-9.224976900178547,-0.3689990760071419,TIMEOUT,10435.254489631136,10.866928571428486,88.0,20.56358489368482
XAUUSDm,asym_sellBase_buy_body2.2_wick0.35_atr50_closeOff,momentum,2026-02-18 13:05:00+00:00,2026-02-18 13:10:00+00:00,2026-02-19 01:10:00+00:00,BUY,session_breakout,4955.2246592305855,4917.985,5022.25604584564,1.8,0.6713273031098759,0.21361500000000172,0.12485173058456546,0.6658138704908443,4.9834913387967,4.317677468305856,0.17270709873223425,TIMEOUT,10439.57216709944,7.120500000000058,100.0,18.559749289996407
XAUUSDm,asym_sellBase_buy_body2.2_wick0.35_atr50_closeOff,momentum,2026-02-19 13:35:00+00:00,2026-02-19 13:40:00+00:00,2026-02-19 14:30:00+00:00,BUY,session_breakout,4994.746962088915,4971.705,5036.222493848963,1.8,1.084977047680622,0.19561928571427936,0.17015244605794663,1.0813371625677974,-25.0,-26.0813371625678,-1.0432534865027119,SL,10413.490829936873,6.520642857142645,99.0,31.84451899181582
XAUUSDm,asym_sellBase_buy_body2.2_wick0.35_atr50_closeOff,momentum,2026-02-24 13:35:00+00:00,2026-02-24 13:40:00+00:00,2026-02-24 14:13:00+00:00,SELL,session_breakout,5138.420597025843,5161.12,5097.56167167236,1.8,1.1013505521912599,0.2371114285714267,0.09884725987186867,1.127340472385071,44.9999999999998,43.87265952761473,1.754906381104589,TP,10457.363489464487,7.903714285714224,92.0,28.697801795800675
XAUUSDm,asym_sellBase_buy_body2.2_wick0.35_atr50_closeOff,momentum,2026-02-27 13:15:00+00:00,2026-02-27 13:20:00+00:00,2026-03-01 23:01:00+00:00,BUY,session_breakout,5218.579687641602,5182.863,5282.869725396484,1.8,0.6999529253905684,0.15895071428571358,0.05021228445898961,0.7350520237497076,44.99999999999987,44.26494797625016,1.7705979190500065,TP,10501.628437440737,5.29835714285712,96.0,21.011152787242228
XAUUSDm,asym_sellBase_buy_body2.2_wick0.35_atr50_closeOff,momentum,2026-03-06 13:30:00+00:00,2026-03-06 13:35:00+00:00,2026-03-08 22:03:00+00:00,BUY,session_breakout,5123.982465499153,5065.362,5229.499303397627,1.8,0.4264722189959655,0.3191828571428576,0.11587407058023738,0.4394342648834869,23.870304519185527,23.43087025430204,0.9372348101720815,TIMEOUT,10525.059307695039,10.639428571428587,100.0,32.269028977247274
XAUUSDm,asym_sellBase_buy_body2.2_wick0.35_atr50_closeOff,momentum,2026-03-11 12:55:00+00:00,2026-03-11 13:00:00+00:00,2026-03-12 01:00:00+00:00,SELL,session_breakout,5166.879879822946,5196.653,5113.28826350425,1.8,0.8396835753636418,0.24058499999999836,0.19382767705427156,0.8671897518976192,5.190822952199679,4.323633200302059,0.17294532801208237,TIMEOUT,10529.38294089534,8.019499999999946,100.0,33.44240933449603
XAUUSDm,asym_sellBase_buy_body2.2_wick0.35_atr50_closeOff,momentum,2026-03-18 12:05:00+00:00,2026-03-18 12:10:00+00:00,2026-03-18 20:28:00+00:00,SELL,session_breakout,4913.0961082138265,4966.259,4817.402902998714,1.8,0.47025282410431135,0.37023642857142863,0.2307735718881445,0.45757946399669064,45.0,44.54242053600331,1.7816968214401325,TP,10573.925361431344,12.341214285714289,100.0,40.301700145599256
XAUUSDm,asym_sellBase_buy_body2.2_wick0.35_atr50_closeOff,momentum,2026-03-19 12:00:00+00:00,2026-03-19 12:05:00+00:00,2026-03-19 13:02:00+00:00,SELL,session_breakout,4630.103867464203,4695.267,4512.810228899769,1.8,0.38365251987028903,0.40764214285714323,0.16831146436849176,0.3507702032027624,45.00000000000014,44.64922979679738,1.7859691918718952,TP,10618.574591228142,13.58807142857144,45.0,62.785720474995564
XAUUSDm,asym_sellBase_buy_body2.2_wick0.35_atr50_closeOff,momentum,2026-03-20 13:30:00+00:00,2026-03-20 13:35:00+00:00,2026-03-20 14:15:00+00:00,SELL,session_breakout,4644.832808155508,4681.746,4578.389062835423,1.8,0.6772646512206306,0.32604642857143384,0.2121686302052104,0.6246562143587165,45.0,44.375343785641284,1.7750137514256514,TP,10662.949935013783,10.868214285714462,70.0,18.014851889985096
XAUUSDm,asym_sellBase_buy_body2.2_wick0.35_atr50_closeOff,momentum,2026-03-30 13:40:00+00:00,2026-03-30 13:45:00+00:00,2026-03-31 01:24:00+00:00,SELL,session_breakout,4544.290802700876,4578.633,4482.474847562454,1.8,0.7279673977249543,0.28368857142857123,0.11535301340955775,0.6641191100295202,-25.000000000000004,-25.664119110029525,-1.0265647644011808,SL,10637.285815903753,9.456285714285709,89.0,42.69311928505708
XAUUSDm,asym_sellBase_buy_body2.2_wick0.35_atr50_closeOff,momentum,2026-04-09 13:35:00+00:00,2026-04-09 13:40:00+00:00,2026-04-10 01:40:00+00:00,BUY,session_breakout,4770.347548756707,4738.562,4827.561536518779,1.8,0.7865209498616895,0.22024499999999989,0.17342625670629708,0.7506281881277109,2.3253108400949656,1.5746826519672545,0.06298730607869019,TIMEOUT,10638.860498555721,7.341499999999996,85.0,19.548493915416145
XAUUSDm,asym_sellBase_buy_body2.2_wick0.35_atr50_closeOff,momentum,2026-04-17 12:45:00+00:00,2026-04-17 12:50:00+00:00,2026-04-19 22:01:00+00:00,BUY,session_breakout,4836.486759368094,4800.857,4900.620326230663,1.8,0.701660646700503,0.21645000000000436,0.13253436809360195,0.6762144854673274,-25.0,-25.676214485467327,-1.027048579418693,SL,10613.184284070254,7.2150000000001455,100.0,20.33483815266089
XAUUSDm,asym_sellBase_buy_body2.2_wick0.35_atr50_closeOff,momentum,2026-04-20 13:25:00+00:00,2026-04-20 13:30:00+00:00,2026-04-20 14:51:00+00:00,BUY,session_breakout,4824.377513917109,4799.549,4869.068838967906,1.8,1.0069068202576736,0.2057849999999988,0.11662141710858458,0.9690397244521796,-25.0,-25.96903972445218,-1.0387615889780872,SL,10587.215244345802,6.859499999999961,99.0,18.41847392036155
XAUUSDm,asym_sellBase_buy_body2.2_wick0.35_atr50_closeOff,momentum,2026-04-29 12:50:00+00:00,2026-04-29 12:55:00+00:00,2026-04-30 00:45:00+00:00,SELL,session_breakout,4544.9626889622805,4568.888,4501.8971290943855,1.8,1.0449184949188857,0.17339357142857026,0.0886142520049389,0.9523231144825915,-25.0,-25.952323114482592,-1.0380929245793036,SL,10561.262921231319,5.7797857142856754,95.0,20.702548664922677
XAUUSDm,asym_sellBase_buy_body2.2_wick0.35_atr50_closeOff,momentum,2026-05-01 13:50:00+00:00,2026-05-01 13:55:00+00:00,2026-05-03 22:03:00+00:00,BUY,session_breakout,4617.077546169026,4586.483,4672.147729273273,1.8,0.8171391025669108,0.22602857142856853,0.1675318833118398,0.7553193872448308,7.604667331522176,6.849347944277345,0.2739739177710938,TIMEOUT,10568.112269175595,7.534285714285618,100.0,38.294848342025965
XAUUSDm,buy_strict_body2.2_wick0.35_atr50_close20,momentum,2025-01-07 13:10:00+00:00,2025-01-07 13:15:00+00:00,2025-01-07 15:00:00+00:00,BUY,session_breakout,2654.975055911924,2647.585,2668.2771565533867,1.8,3.382924337509092,0.06860785714285579,0.057751983352780416,1.793815946424802,-25.0,-26.7938159464248,-1.071752637856992,SL,9973.206184053575,2.2869285714285263,100.0,29.35827353571139
XAUUSDm,buy_strict_body2.2_wick0.35_atr50_close20,momentum,2025-01-15 13:55:00+00:00,2025-01-15 14:00:00+00:00,2025-01-15 14:30:00+00:00,BUY,session_breakout,2693.947934681974,2682.127,2715.2256171095273,1.8,2.1148919838059044,0.10109571428571404,0.06138682483164762,1.136981778369876,-25.0,-26.136981778369876,-1.045479271134795,SL,9947.069202275205,3.3698571428571347,100.0,29.527297783745972
XAUUSDm,buy_strict_body2.2_wick0.35_atr50_close20,momentum,2025-01-24 13:40:00+00:00,2025-01-24 13:45:00+00:00,2025-01-24 14:15:00+00:00,BUY,session_breakout,2783.992634532487,2777.85,2795.049376690964,1.8,4.0699149310902545,0.05255785714285528,0.04735560391535518,2.263622638265813,-25.0,-27.26362263826581,-1.0905449055306324,SL,9919.805579636939,1.7519285714285096,50.0,34.62164324979766
XAUUSDm,buy_strict_body2.2_wick0.35_atr50_close20,momentum,2025-02-24 13:55:00+00:00,2025-02-24 14:00:00+00:00,2025-02-24 14:20:00+00:00,BUY,session_breakout,2954.4868171148405,2946.923,2968.101687921554,1.8,3.305209475642698,0.07127785714285698,0.05617818626875944,1.9505395647178811,-25.0,-26.950539564717882,-1.0780215825887154,SL,9892.855040072222,2.375928571428566,88.0,20.21311523242239
XAUUSDm,buy_strict_body2.2_wick0.35_atr50_close20,momentum,2025-04-02 12:25:00+00:00,2025-04-02 12:30:00+00:00,2025-04-02 13:50:00+00:00,BUY,session_breakout,3125.910177536203,3117.046,3141.8656971013684,1.8,2.8203406235824184,0.08566285714285543,0.031346107631591534,1.7607262918750166,-25.0,-26.760726291875017,-1.0704290516750006,SL,9866.094313780346,2.8554285714285146,72.0,23.02494613702874
XAUUSDm,buy_strict_body2.2_wick0.35_atr50_close20,momentum,2025-04-21 13:00:00+00:00,2025-04-21 13:05:00+00:00,2025-04-22 01:05:00+00:00,BUY,session_breakout,3421.3926626884327,3398.008,3463.4850555276116,1.8,1.0690767847750982,0.13261714285714366,0.13035411700428698,0.7327003979063736,11.541044503613167,10.808344105706793,0.4323337642282717,TIMEOUT,9876.902657886052,4.4205714285714555,100.0,28.364920124046165
XAUUSDm,buy_strict_body2.2_wick0.35_atr50_close20,momentum,2025-05-15 12:50:00+00:00,2025-05-15 12:55:00+00:00,2025-05-15 15:05:00+00:00,BUY,session_breakout,3188.675533128435,3177.747,3208.3468927596177,1.8,2.2875897164050687,0.1302021428571457,0.10843205700609898,1.4633762717074115,44.999999999999794,43.53662372829238,1.7414649491316951,TP,9920.439281614345,4.340071428571524,65.0,28.573355861432
XAUUSDm,buy_strict_body2.2_wick0.35_atr50_close20,momentum,2025-05-29 12:55:00+00:00,2025-05-29 13:00:00+00:00,2025-05-30 01:00:00+00:00,BUY,session_breakout,3316.570022740254,3304.421,3338.4382636727114,1.8,2.0577786818330526,0.11555142857142948,0.09824702596806102,1.3641002581993624,-8.53159720928976,-9.895697467489123,-0.3958278986995649,TIMEOUT,9910.543584146855,3.8517142857143165,100.0,37.63242241008216
XAUUSDm,buy_strict_body2.2_wick0.35_atr50_close20,momentum,2025-05-30 12:10:00+00:00,2025-05-30 12:15:00+00:00,2025-05-30 13:40:00+00:00,BUY,session_breakout,3302.9738242003214,3288.365,3329.2697077609,1.8,1.7112944653991855,0.14142642857142912,0.05511098603585881,1.1279721649424785,-25.0,-26.127972164942477,-1.045118886597699,SL,9884.415611981913,4.714214285714304,100.0,26.073140583746437
XAUUSDm,buy_strict_body2.2_wick0.35_atr50_close20,momentum,2025-06-11 12:15:00+00:00,2025-06-11 12:20:00+00:00,2025-06-11 12:35:00+00:00,BUY,session_breakout,3338.107411745496,3327.196,3357.7479528873887,1.8,2.291179233550545,0.09899999999999863,0.06091174549616196,1.534140476230488,44.999999999999794,43.4658595237693,1.738634380950772,TP,9927.881471505681,3.2999999999999545,97.0,30.652943272538636
XAUUSDm,buy_strict_body2.2_wick0.35_atr50_close20,momentum,2025-06-20 13:50:00+00:00,2025-06-20 13:55:00+00:00,2025-06-22 22:05:00+00:00,BUY,session_breakout,3372.06179037462,3348.68,3414.149013048937,1.8,1.0692081144964911,0.11116928571428453,0.06220573176302817,0.7220638028755187,9.766371050967987,9.044307248092467,0.3617722899236987,TIMEOUT,9936.925778753774,3.7056428571428177,98.0,19.55623931036536
XAUUSDm,buy_strict_body2.2_wick0.35_atr50_close20,momentum,2025-07-11 12:45:00+00:00,2025-07-11 12:50:00+00:00,2025-07-13 22:05:00+00:00,BUY,session_breakout,3356.0584173629795,3344.356,3377.1227686163425,1.8,2.1363107488447395,0.09554357142856848,0.09064557726525754,1.4350980248350889,11.81290682409249,10.377808799257402,0.41511235197029606,TIMEOUT,9947.303587553031,3.184785714285616,100.0,24.363230310504886
XAUUSDm,buy_strict_body2.2_wick0.35_atr50_close20,momentum,2025-07-18 12:00:00+00:00,2025-07-18 12:05:00+00:00,2025-07-18 14:15:00+00:00,BUY,session_breakout,3358.302654051845,3351.982,3369.679831345166,1.8,3.955286872994217,0.058890000000000914,0.04420905184508592,2.6541100806225804,-25.0,-27.65411008062258,-1.1061644032249032,SL,9919.649477472409,1.9630000000000305,82.0,31.83987434693921
XAUUSDm,buy_strict_body2.2_wick0.35_atr50_close20,momentum,2025-07-21 12:20:00+00:00,2025-07-21 12:25:00+00:00,2025-07-21 14:25:00+00:00,BUY,session_breakout,3380.990902504943,3371.579,3397.9323270138398,1.8,2.656211110014292,0.06679285714285828,0.058506076371335786,1.800625119618176,45.00000000000048,43.19937488038231,1.727974995215292,TP,9962.84885235279,2.226428571428609,94.0,27.99741884698307
XAUUSDm,buy_strict_body2.2_wick0.35_atr50_close20,momentum,2025-07-22 12:55:00+00:00,2025-07-22 13:00:00+00:00,2025-07-22 16:50:00+00:00,BUY,session_breakout,3407.60509646196,3393.754,3432.5370700934877,1.8,1.804911262343662,0.08744357142857,0.0533746762458909,1.2345849632447705,44.99999999999984,43.765415036755066,1.7506166014702027,TP,10006.614267389545,2.914785714285667,100.0,24.906157185601465
XAUUSDm,buy_strict_body2.2_wick0.35_atr50_close20,momentum,2025-08-01 12:30:00+00:00,2025-08-01 12:35:00+00:00,2025-08-03 22:05:00+00:00,BUY,session_breakout,3328.1053151383344,3296.811,3384.435082387336,1.8,0.7988671389512543,0.12649285714285852,0.05806870976329084,0.5345624505248812,28.196562782763774,27.662000332238893,1.1064800132895558,TIMEOUT,10034.276267721783,4.216428571428618,100.0,27.262211762494214
XAUUSDm,buy_strict_body2.2_wick0.35_atr50_close20,momentum,2025-08-04 13:00:00+00:00,2025-08-04 13:05:00+00:00,2025-08-05 01:05:00+00:00,BUY,session_breakout,3372.3634194243514,3361.037,3392.750974388184,1.8,2.2072288746654136,0.08956285714285676,0.06163799578002763,1.4907620330797993,20.4645003603591,18.9737383272793,0.758949533091172,TIMEOUT,10053.250006049062,2.985428571428559,100.0,18.452596237814085
XAUUSDm,buy_strict_body2.2_wick0.35_atr50_close20,momentum,2025-08-05 12:25:00+00:00,2025-08-05 12:30:00+00:00,2025-08-05 14:00:00+00:00,BUY,session_breakout,3360.8870347787783,3349.903,3380.65829738058,1.8,2.276030666645436,0.08291357142857188,0.028577993064229864,1.5343963916575094,45.000000000000206,43.4656036083427,1.7386241443337078,TP,10096.715609657405,2.763785714285729,100.0,39.83255098002978
XAUUSDm,buy_strict_body2.2_wick0.35_atr50_close20,momentum,2025-08-06 12:50:00+00:00,2025-08-06 12:55:00+00:00,2025-08-07 00:55:00+00:00,BUY,session_breakout,3368.5956140957805,3360.141,3383.8139194681853,1.8,2.956965240137572,0.07221857142856997,0.06350481006631113,1.9932700469025681,11.060191103476829,9.06692105657426,0.3626768422629704,TIMEOUT,10105.78253071398,2.4072857142856656,95.0,26.669520520968696
XAUUSDm,buy_strict_body2.2_wick0.35_atr50_close20,momentum,2025-08-20 12:00:00+00:00,2025-08-20 12:05:00+00:00,2025-08-20 13:40:00+00:00,BUY,session_breakout,3334.601476352967,3328.646,3345.321333788307,1.8,4.19781702055553,0.05190642857142652,0.038523138681327715,2.804109366840817,44.999999999999616,42.1958906331588,1.6878356253263518,TP,10147.978421347138,1.7302142857142175,98.0,33.17162831817436
XAUUSDm,buy_strict_body2.2_wick0.35_atr50_close20,momentum,2025-08-28 12:05:00+00:00,2025-08-28 12:10:00+00:00,2025-08-28 12:30:00+00:00,BUY,session_breakout,3408.124319800206,3401.401,3420.226295440578,1.8,3.718401138561443,0.06637285714285845,0.05513337163496478,2.532054670220806,-25.0,-27.532054670220806,-1.1012821868088323,SL,10120.446366676917,2.212428571428615,100.0,28.685871396469178
XAUUSDm,buy_strict_body2.2_wick0.35_atr50_close20,momentum,2025-08-29 13:30:00+00:00,2025-08-29 13:35:00+00:00,2025-08-29 14:10:00+00:00,BUY,session_breakout,3421.026615874137,3413.653,3434.299124447584,1.8,3.3904668247890575,0.08168142857142845,0.04477515985118999,2.324275449568328,45.0,42.675724550431674,1.707028982017267,TP,10163.12209122735,2.7227142857142814,100.0,20.979330941647344
XAUUSDm,buy_strict_body2.2_wick0.35_atr50_close20,momentum,2025-09-03 13:25:00+00:00,2025-09-03 13:30:00+00:00,2025-09-04 01:30:00+00:00,BUY,session_breakout,3560.5396591066938,3545.048,3588.424645498743,1.8,1.6137716320647304,0.12008142857142663,0.11761839240798905,1.1474236894411067,-17.558899004548994,-18.706322693990103,-0.7482529077596041,TIMEOUT,10144.41576853336,4.002714285714221,100.0,20.93352068030542
XAUUSDm,buy_strict_body2.2_wick0.35_atr50_close20,momentum,2025-09-04 13:35:00+00:00,2025-09-04 13:40:00+00:00,2025-09-04 14:00:00+00:00,BUY,session_breakout,3558.0953028743806,3539.71,3591.1888480482658,1.8,1.3597817871598283,0.13142357142856975,0.12159108866628743,0.9651466379655033,-25.0,-25.965146637965503,-1.03860586551862,SL,10118.450621895394,4.3807857142856585,99.0,19.552379694708875
XAUUSDm,buy_strict_body2.2_wick0.35_atr50_close20,momentum,2025-10-22 13:00:00+00:00,2025-10-22 13:05:00+00:00,2025-10-22 14:45:00+00:00,BUY,session_breakout,4066.6981097010025,4023.09,4145.192707162807,1.8,0.5732878625423506,0.39714642857142374,0.33553648671667297,0.4637777333831011,-25.0,-25.4637777333831,-1.0185511093353241,SL,10092.986844162011,13.238214285714125,64.0,38.975027111375816
XAUUSDm,buy_strict_body2.2_wick0.35_atr50_close20,momentum,2025-10-24 12:30:00+00:00,2025-10-24 12:35:00+00:00,2025-10-26 22:05:00+00:00,BUY,session_breakout,4089.877012454096,4058.775,4145.860634871469,1.8,0.8038065072765933,0.19440642857142945,0.08480923981011004,0.6574404971805089,-0.5345413380224108,-1.1919818352029197,-0.047679273408116785,TIMEOUT,10091.794862326808,6.4802142857143155,74.0,42.41032507024094
XAUUSDm,buy_strict_body2.2_wick0.35_atr50_close20,momentum,2025-11-10 13:00:00+00:00,2025-11-10 13:05:00+00:00,2025-11-10 13:50:00+00:00,BUY,session_breakout,4105.140407216648,4092.184,4128.461940206614,1.8,1.9295472565787777,0.11574214285713975,0.07253614521860335,1.5817124821231139,-25.0,-26.581712482123113,-1.0632684992849244,SL,10065.213149844685,3.8580714285713253,82.0,50.15628024988935
XAUUSDm,buy_strict_body2.2_wick0.35_atr50_close20,momentum,2025-11-18 13:35:00+00:00,2025-11-18 13:40:00+00:00,2025-11-19 01:40:00+00:00,BUY,session_breakout,4066.1549991448196,4029.089,4132.873797605495,1.8,0.6744725780174737,0.20224714285714396,0.06687557339093855,0.548450142094799,-0.5186688356997387,-1.0671189777945376,-0.0426847591117815,TIMEOUT,10064.14603086689,6.741571428571466,98.0,23.99220544731655
XAUUSDm,buy_strict_body2.2_wick0.35_atr50_close20,momentum,2025-12-03 13:50:00+00:00,2025-12-03 13:55:00+00:00,2025-12-03 14:50:00+00:00,BUY,session_breakout,4236.16135136238,4211.353,4280.816383814663,1.8,1.0077251662079798,0.14135571428571309,0.057673505236305586,0.8512772803770949,-25.0,-25.851277280377094,-1.0340510912150838,SL,10038.294753586513,4.711857142857103,100.0,27.83795219721161
XAUUSDm,buy_strict_body2.2_wick0.35_atr50_close20,momentum,2025-12-16 13:20:00+00:00,2025-12-16 13:25:00+00:00,2025-12-16 14:15:00+00:00,BUY,session_breakout,4301.0342116818165,4289.067,4322.575192709086,1.8,2.089041346029345,0.10657071428571661,0.08292632467312659,1.8015076597780093,44.99999999999962,43.19849234022161,1.7279396936088645,TP,10081.493245926735,3.5523571428572205,63.0,29.460394202997385
XAUUSDm,buy_strict_body2.2_wick0.35_atr50_close20,momentum,2026-01-08 13:20:00+00:00,2026-01-08 13:25:00+00:00,2026-01-08 16:30:00+00:00,BUY,session_breakout,4432.259422091918,4417.26,4459.25838185737,1.8,1.6667308811497878,0.1653042857142873,0.13576994906084824,1.4819767304135425,44.999999999999694,43.51802326958615,1.7407209307834461,TP,10125.01126919632,5.51014285714291,83.0,28.359410028489833
XAUUSDm,buy_strict_body2.2_wick0.35_atr50_close20,momentum,2026-02-19 13:35:00+00:00,2026-02-19 13:40:00+00:00,2026-02-19 14:30:00+00:00,BUY,session_breakout,4994.767979922518,4971.705,5036.28134378305,1.8,1.0839882826932838,0.19561928571427936,0.19117027966055938,1.0803539930015227,-25.0,-26.080353993001523,-1.043214159720061,SL,10098.930915203318,6.520642857142645,99.0,31.84451899181582
XAUUSDm,buy_strict_body2.2_wick0.35_atr50_close20,momentum,2026-02-27 13:20:00+00:00,2026-02-27 13:25:00+00:00,2026-03-01 23:01:00+00:00,BUY,session_breakout,5234.947085571748,5182.863,5328.698439600895,1.8,0.4799930674708978,0.19656642857142806,0.10380235746248452,0.5066110391355743,40.63377205290289,40.12716101376732,1.6050864405506928,TIMEOUT,10139.058076217085,6.552214285714269,100.0,21.011152787242228
XAUUSDm,buy_strict_body2.2_wick0.35_atr50_close20,momentum,2026-03-06 13:30:00+00:00,2026-03-06 13:35:00+00:00,2026-03-08 22:03:00+00:00,BUY,session_breakout,5124.0451173569145,5065.362,5229.674728599361,1.8,0.4260169044522367,0.3191828571428576,0.17852592834281608,0.43896778074549725,23.81812911499056,23.37916133424506,0.9351664533698024,TIMEOUT,10162.43723755133,10.639428571428587,100.0,32.269028977247274
XAUUSDm,buy_strict_body2.2_wick0.35_atr50_close20,momentum,2026-04-09 13:35:00+00:00,2026-04-09 13:40:00+00:00,2026-04-10 01:40:00+00:00,BUY,session_breakout,4770.312588123758,4738.562,4827.463646746523,1.8,0.7873869895749395,0.22024499999999989,0.13846562375810814,0.7514519534980222,2.355398791812695,1.6039468383146729,0.06415787353258691,TIMEOUT,10164.041184389645,7.341499999999996,85.0,19.548493915416145
XAUUSDm,buy_strict_body2.2_wick0.35_atr50_close20,momentum,2026-04-17 13:05:00+00:00,2026-04-17 13:10:00+00:00,2026-04-19 22:01:00+00:00,BUY,session_breakout,4862.665861522923,4811.482,4954.796812264183,1.8,0.48843520703891785,0.27648857142857586,0.11961723720846416,0.47251944136680535,-25.0,-25.472519441366806,-1.0189007776546724,SL,10138.568664948278,9.216285714285862,100.0,23.682725240557893
XAUUSDm,buy_strict_body2.2_wick0.35_atr50_close20,momentum,2026-04-20 13:25:00+00:00,2026-04-20 13:30:00+00:00,2026-04-20 14:51:00+00:00,BUY,session_breakout,4824.341343127883,4799.549,4868.967560758073,1.8,1.008375846972013,0.2057849999999988,0.08045062788282155,0.9704498575917356,-25.0,-25.970449857591735,-1.0388179943036695,SL,10112.598215090686,6.859499999999961,99.0,18.41847392036155
XAUUSDm,buy_strict_body2.2_wick0.35_atr50_close20,momentum,2026-05-01 13:50:00+00:00,2026-05-01 13:55:00+00:00,2026-05-03 22:03:00+00:00,BUY,session_breakout,4617.0530888905705,4586.483,4672.079248893597,1.8,0.8177928461212789,0.22602857142856853,0.14307460485603682,0.7559216724866809,7.630752353085017,6.874830680598336,0.27499322722393343,TIMEOUT,10119.473045771285,7.534285714285618,100.0,38.294848342025965
XAUUSDm,asym_sellBase_buy_body2.2_wick0.35_atr50_close20,momentum,2025-01-03 13:15:00+00:00,2025-01-03 13:20:00+00:00,2025-01-03 16:50:00+00:00,SELL,session_breakout,2652.005430036269,2658.656,2640.0344041015533,1.8,3.7590763102016957,0.04961357142857001,0.04176317801689456,1.98931815731512,45.0,43.01068184268488,1.7204272737073953,TP,10043.010681842685,1.653785714285667,73.0,20.836599199556407
XAUUSDm,asym_sellBase_buy_body2.2_wick0.35_atr50_close20,momentum,2025-01-06 13:30:00+00:00,2025-01-06 13:35:00+00:00,2025-01-06 14:15:00+00:00,SELL,session_breakout,2638.225875719044,2648.848,2619.106052013323,1.8,2.353578186316398,0.09765428571428304,0.05929713809885488,1.2373541743335637,45.00000000000021,43.76264582566665,1.750505833026666,TP,10086.773327668352,3.255142857142768,99.0,33.51748168707531
XAUUSDm,asym_sellBase_buy_body2.2_wick0.35_atr50_close20,momentum,2025-01-07 13:10:00+00:00,2025-01-07 13:15:00+00:00,2025-01-07 15:00:00+00:00,BUY,session_breakout,2654.9791208801166,2647.585,2668.2885384643264,1.8,3.3810645518694584,0.06860785714285579,0.061816951545560016,1.79283115831226,-25.0,-26.79283115831226,-1.0717132463324903,SL,10059.98049651004,2.2869285714285263,100.0,29.35827353571139
XAUUSDm,asym_sellBase_buy_body2.2_wick0.35_atr50_close20,momentum,2025-01-13 12:00:00+00:00,2025-01-13 12:05:00+00:00,2025-01-13 17:35:00+00:00,SELL,session_breakout,2673.064954967965,2680.55,2659.591873910302,1.8,3.3399932656387783,0.06136285714285707,0.048363603463073,1.7811037896416055,44.999999999999694,43.21889621035809,1.7287558484143235,TP,10103.199392720397,2.045428571428569,66.0,19.272499199964653
XAUUSDm,asym_sellBase_buy_body2.2_wick0.35_atr50_close20,momentum,2025-01-15 13:55:00+00:00,2025-01-15 14:00:00+00:00,2025-01-15 14:30:00+00:00,BUY,session_breakout,2693.9235412198063,2682.127,2715.157315415458,1.8,2.119265260398956,0.10109571428571404,0.03699336266367949,1.1393277150156143,-25.0,-26.139327715015614,-1.0455731086006246,SL,10077.06006500538,3.3698571428571347,100.0,29.527297783745972
XAUUSDm,asym_sellBase_buy_body2.2_wick0.35_atr50_close20,momentum,2025-01-23 13:10:00+00:00,2025-01-23 13:15:00+00:00,2025-01-23 14:30:00+00:00,SELL,session_breakout,2740.6472082537293,2746.514,2730.086983110442,1.8,4.261272784378476,0.08819785714285834,0.08669281769938418,2.338229072022893,-25.0,-27.338229072022894,-1.0935291628809158,SL,10049.721835933356,2.9399285714286116,100.0,21.034694030739566
XAUUSDm,asym_sellBase_buy_body2.2_wick0.35_atr50_close20,momentum,2025-01-24 13:40:00+00:00,2025-01-24 13:45:00+00:00,2025-01-24 14:15:00+00:00,BUY,session_breakout,2783.9890489959203,2777.85,2795.039337188577,1.8,4.0722919814801175,0.05255785714285528,0.04377006734893167,2.264943256150909,-25.0,-27.264943256150907,-1.0905977302460363,SL,10022.456892677206,1.7519285714285096,50.0,34.62164324979766
XAUUSDm,asym_sellBase_buy_body2.2_wick0.35_atr50_close20,momentum,2025-02-11 12:45:00+00:00,2025-02-11 12:50:00+00:00,2025-02-11 13:15:00+00:00,SELL,session_breakout,2896.6837180655875,2904.236,2883.0896105836455,1.8,3.310257776008898,0.08019428571428665,0.06818479155531358,1.9132539604729955,44.9999999999994,43.08674603952641,1.7234698415810563,TP,10065.543638716732,2.673142857142888,57.99999999999999,33.99080280425428
XAUUSDm,asym_sellBase_buy_body2.2_wick0.35_atr50_close20,momentum,2025-02-12 13:15:00+00:00,2025-02-12 13:20:00+00:00,2025-02-12 14:00:00+00:00,SELL,session_breakout,2874.182878001341,2885.902,2853.088458403755,1.8,2.133265615193773,0.08443714285714382,0.03290342723006404,1.228779101083788,-25.0,-26.228779101083788,-1.0491511640433515,SL,10039.314859615648,2.814571428571461,97.0,21.687231563201554
XAUUSDm,asym_sellBase_buy_body2.2_wick0.35_atr50_close20,momentum,2025-02-13 13:00:00+00:00,2025-02-13 13:05:00+00:00,2025-02-13 18:50:00+00:00,SELL,session_breakout,2913.9860818039565,2921.369,2900.696829051078,1.8,3.3861949077800944,0.06448499999999967,0.03967569604363675,1.9759649663093253,-25.0,-26.975964966309327,-1.0790385986523732,SL,10012.338894649338,2.149499999999989,60.0,18.43714716473585
XAUUSDm,asym_sellBase_buy_body2.2_wick0.35_atr50_close20,momentum,2025-02-14 13:40:00+00:00,2025-02-14 13:45:00+00:00,2025-02-14 16:45:00+00:00,SELL,session_breakout,2917.8605790217816,2933.321,2890.0318212609886,1.8,1.6170322939602837,0.10798928571428665,0.06042633536108763,0.9391549571103746,45.00000000000015,44.060845042889774,1.762433801715591,TP,10056.399739692228,3.5996428571428885,100.0,18.863435153374482
XAUUSDm,asym_sellBase_buy_body2.2_wick0.35_atr50_close20,momentum,2025-02-24 13:55:00+00:00,2025-02-24 14:00:00+00:00,2025-02-24 14:20:00+00:00,BUY,session_breakout,2954.4982627614504,2946.923,2968.1337357320617,1.8,3.3002155551911976,0.07127785714285698,0.06762383287896355,1.9475962249101417,-25.0,-26.947596224910143,-1.0779038489964057,SL,10029.452143467317,2.375928571428566,88.0,20.21311523242239
XAUUSDm,asym_sellBase_buy_body2.2_wick0.35_atr50_close20,momentum,2025-02-28 12:50:00+00:00,2025-02-28 12:55:00+00:00,2025-02-28 14:40:00+00:00,SELL,session_breakout,2855.017046716564,2864.502,2837.9441308063792,1.8,2.6357536250240368,0.06792428571428445,0.05099114057876012,1.5005243060777207,45.0,43.49947569392228,1.7399790277568912,TP,10072.95161916124,2.264142857142815,71.0,21.169540131150995
XAUUSDm,asym_sellBase_buy_body2.2_wick0.35_atr50_close20,momentum,2025-03-03 13:05:00+00:00,2025-03-03 13:10:00+00:00,2025-03-03 14:30:00+00:00,SELL,session_breakout,2871.0352858141014,2877.716,2859.010000279484,1.8,3.7421148853769775,0.057207857142854465,0.05011025732709182,2.151248775897499,-25.0,-27.1512487758975,-1.0860499510359,SL,10045.800370385343,1.9069285714284823,70.0,19.71262015212677
XAUUSDm,asym_sellBase_buy_body2.2_wick0.35_atr50_close20,momentum,2025-03-05 13:30:00+00:00,2025-03-05 13:35:00+00:00,2025-03-05 15:05:00+00:00,SELL,session_breakout,2908.6748671978803,2917.269,2893.2054281540654,1.8,2.908961331599918,0.08657571428571535,0.05284494497724768,1.6947445429750323,-25.0,-26.694744542975034,-1.0677897817190014,SL,10019.105625842369,2.8858571428571786,100.0,18.538773727042578
XAUUSDm,asym_sellBase_buy_body2.2_wick0.35_atr50_close20,momentum,2025-03-21 13:45:00+00:00,2025-03-21 13:50:00+00:00,2025-03-23 22:05:00+00:00,SELL,session_breakout,3010.6974627259074,3036.851,2963.6210956325403,1.8,0.9558936421485358,0.11942571428571715,0.05482441694947938,0.576841900914075,-12.605883035902185,-13.18272493681626,-0.5273089974726504,TIMEOUT,10005.922900905553,3.9808571428572384,100.0,18.011965333720443
XAUUSDm,asym_sellBase_buy_body2.2_wick0.35_atr50_close20,momentum,2025-03-26 13:00:00+00:00,2025-03-26 13:05:00+00:00,2025-03-26 14:00:00+00:00,SELL,session_breakout,3024.7903770359717,3029.994,3015.4238557007207,1.8,4.804345005935233,0.06616928571428649,0.04553832117167919,2.9019273083827444,44.999999999999126,42.09807269161638,1.683922907664655,TP,10048.02097359717,2.205642857142883,100.0,19.750277906197685
XAUUSDm,asym_sellBase_buy_body2.2_wick0.35_atr50_close20,momentum,2025-04-02 12:25:00+00:00,2025-04-02 12:30:00+00:00,2025-04-02 13:50:00+00:00,BUY,session_breakout,3125.908357023659,3117.046,3141.8605996662454,1.8,2.8209199802331963,0.08566285714285543,0.02952559508788732,1.7610874681411928,-25.0,-26.76108746814119,-1.0704434987256477,SL,10021.259886129028,2.8554285714285146,72.0,23.02494613702874
XAUUSDm,asym_sellBase_buy_body2.2_wick0.35_atr50_close20,momentum,2025-04-03 12:20:00+00:00,2025-04-03 12:25:00+00:00,2025-04-03 14:00:00+00:00,SELL,session_breakout,3080.657154197271,3097.309,3050.683831752359,1.8,1.5013350649633614,0.14053499999999824,0.1235783027291827,0.9275197217453209,-25.0,-25.92751972174532,-1.0371007888698127,SL,9995.332366407283,4.684499999999941,68.0,45.51265925747012
XAUUSDm,asym_sellBase_buy_body2.2_wick0.35_atr50_close20,momentum,2025-04-21 13:00:00+00:00,2025-04-21 13:05:00+00:00,2025-04-22 01:05:00+00:00,BUY,session_breakout,3421.360732383785,3398.008,3463.3956506745985,1.8,1.070538538666188,0.13261714285714366,0.09842381235644297,0.7336988044643644,11.59100725161062,10.857308447146256,0.43429233788585025,TIMEOUT,10006.18967485443,4.4205714285714555,100.0,28.364920124046165
XAUUSDm,asym_sellBase_buy_body2.2_wick0.35_atr50_close20,momentum,2025-04-23 13:25:00+00:00,2025-04-23 13:30:00+00:00,2025-04-23 14:00:00+00:00,SELL,session_breakout,3299.621611500795,3320.54,3261.9685122022265,1.8,1.1951207427355257,0.2031985714285695,0.16878921349057333,0.7841892462166046,44.99999999999978,44.215810753783174,1.768632430151327,TP,10050.405485608213,6.773285714285651,78.0,22.560104668224394
XAUUSDm,asym_sellBase_buy_body2.2_wick0.35_atr50_close20,momentum,2025-04-25 13:20:00+00:00,2025-04-25 13:25:00+00:00,2025-04-25 19:30:00+00:00,SELL,session_breakout,3270.415729962514,3298.252,3220.310443895039,1.8,0.8981088330560637,0.20633142857142858,0.11310432320036173,0.5899378509689657,-25.0,-25.589937850968965,-1.0235975140387585,SL,10024.815547757244,6.877714285714286,89.0,31.5080885248663
XAUUSDm,asym_sellBase_buy_body2.2_wick0.35_atr50_close20,momentum,2025-04-30 12:00:00+00:00,2025-04-30 12:05:00+00:00,2025-04-30 12:15:00+00:00,SELL,session_breakout,3267.557260289804,3281.671,3242.152528811452,1.8,1.7713235834964554,0.11945999999999815,0.11700971019594877,1.1600802471152794,-25.0,-26.16008024711528,-1.0464032098846112,SL,9998.655467510129,3.9819999999999385,85.0,43.24131785778276
XAUUSDm,asym_sellBase_buy_body2.2_wick0.35_atr50_close20,momentum,2025-05-02 13:00:00+00:00,2025-05-02 13:05:00+00:00,2025-05-02 14:55:00+00:00,SELL,session_breakout,3243.9565422096316,3263.926,3208.0115181869687,1.8,1.2519118076434708,0.15889714285714296,0.14700921893956836,0.8147294997349046,-24.999999999999996,-25.814729499734902,-1.0325891799893963,SL,9972.840738010394,5.296571428571432,100.0,20.422343309001352
XAUUSDm,asym_sellBase_buy_body2.2_wick0.35_atr50_close20,momentum,2025-05-14 12:50:00+00:00,2025-05-14 12:55:00+00:00,2025-05-15 00:55:00+00:00,SELL,session_breakout,3186.1560070002006,3221.493,3122.5494196005616,1.8,0.7074738928731699,0.21265500000000104,0.17966549979915544,0.45094272785437584,-1.1828913964247607,-1.6338341242791365,-0.06535336497116546,TIMEOUT,9971.206903886115,7.088500000000034,100.0,20.548243138493692
XAUUSDm,asym_sellBase_buy_body2.2_wick0.35_atr50_close20,momentum,2025-05-15 12:50:00+00:00,2025-05-15 12:55:00+00:00,2025-05-15 15:05:00+00:00,BUY,session_breakout,3188.6239013780773,3177.747,3208.2023238586166,1.8,2.298448715402326,0.1302021428571457,0.0568003066488342,1.470277702004719,44.99999999999958,43.52972229799486,1.7411888919197946,TP,10014.73662618411,4.340071428571524,65.0,28.573355861432
XAUUSDm,asym_sellBase_buy_body2.2_wick0.35_atr50_close20,momentum,2025-05-28 13:35:00+00:00,2025-05-28 13:40:00+00:00,2025-05-28 20:50:00+00:00,SELL,session_breakout,3303.687758470749,3316.438,3280.7373237180973,1.8,1.9607471703689727,0.11382000000000095,0.07133152925094831,1.2910392848408272,44.999999999999645,43.70896071515882,1.7483584286063527,TP,10058.44558689927,3.7940000000000316,98.0,19.47008735358178
XAUUSDm,asym_sellBase_buy_body2.2_wick0.35_atr50_close20,momentum,2025-05-29 12:55:00+00:00,2025-05-29 13:00:00+00:00,2025-05-30 01:00:00+00:00,BUY,session_breakout,3316.509984254257,3304.421,3338.270155911919,1.8,2.067998392106154,0.11555142857142948,0.038208539970894656,1.3708624820815645,-8.449808867974125,-9.82067135005569,-0.3928268540022276,TIMEOUT,10048.624915549215,3.8517142857143165,100.0,37.63242241008216
XAUUSDm,asym_sellBase_buy_body2.2_wick0.35_atr50_close20,momentum,2025-05-30 12:10:00+00:00,2025-05-30 12:15:00+00:00,2025-05-30 13:40:00+00:00,BUY,session_breakout,3302.9764155711373,3288.365,3329.276963599185,1.8,1.7109909630784477,0.14142642857142912,0.057702356851877926,1.127772559660692,-25.0,-26.12777255966069,-1.0451109023864276,SL,10022.497142989554,4.714214285714304,100.0,26.073140583746437
XAUUSDm,asym_sellBase_buy_body2.2_wick0.35_atr50_close20,momentum,2025-06-03 13:45:00+00:00,2025-06-03 13:50:00+00:00,2025-06-04 01:20:00+00:00,SELL,session_breakout,3343.7858902989415,3363.095,3309.0294928370363,1.8,1.2947256702689793,0.12839785714285493,0.09991077248685738,0.8683570856106506,-25.0,-25.86835708561065,-1.034734283424426,SL,9996.628785903944,4.279928571428497,100.0,26.21077909916798
XAUUSDm,asym_sellBase_buy_body2.2_wick0.35_atr50_close20,momentum,2025-06-11 12:15:00+00:00,2025-06-11 12:20:00+00:00,2025-06-11 12:35:00+00:00,BUY,session_breakout,3338.1278120174043,3327.196,3357.805073648732,1.8,2.286903576479171,0.09899999999999863,0.0813120174044106,1.5312952864094385,45.0,43.46870471359056,1.7387481885436225,TP,10040.097490617534,3.2999999999999545,97.0,30.652943272538636
XAUUSDm,asym_sellBase_buy_body2.2_wick0.35_atr50_close20,momentum,2025-06-16 13:50:00+00:00,2025-06-16 13:55:00+00:00,2025-06-17 01:55:00+00:00,SELL,session_breakout,3389.674473613189,3417.401,3339.76672611693,1.8,0.9016636145194253,0.17297357142857242,0.1690396010963052,0.6116312028217114,-3.6197523725153964,-4.231383575337108,-0.16925534301348433,TIMEOUT,10035.866107042197,5.765785714285747,100.0,35.415918947083775
XAUUSDm,asym_sellBase_buy_body2.2_wick0.35_atr50_close20,momentum,2025-06-20 13:50:00+00:00,2025-06-20 13:55:00+00:00,2025-06-22 22:05:00+00:00,BUY,session_breakout,3372.0582906692034,3348.68,3414.1392138737697,1.8,1.0693681738217375,0.11116928571428453,0.058706026346558866,0.7221715208166739,9.771575539987701,9.049404019171027,0.3619761607668411,TIMEOUT,10044.915511061368,3.7056428571428177,98.0,19.55623931036536
XAUUSDm,asym_sellBase_buy_body2.2_wick0.35_atr50_close20,momentum,2025-06-24 12:30:00+00:00,2025-06-24 12:35:00+00:00,2025-06-24 19:30:00+00:00,SELL,session_breakout,3307.6754696118574,3321.86,3282.1433149132004,1.8,1.7624834461138144,0.12322071428571267,0.06892003099989798,1.168444652061527,-25.0,-26.168444652061527,-1.0467377860824612,SL,10018.747066409307,4.107357142857089,82.0,38.064296195118644
XAUUSDm,asym_sellBase_buy_body2.2_wick0.35_atr50_close20,momentum,2025-06-26 13:05:00+00:00,2025-06-26 13:10:00+00:00,2025-06-27 01:10:00+00:00,SELL,session_breakout,3317.8243468519036,3344.056,3270.60737118533,1.8,0.9530470633649004,0.15296785714285566,0.09616921952474153,0.6322866223295319,1.2192777602317448,0.5869911379022129,0.023479645516088516,TIMEOUT,10019.334057547208,5.098928571428522,100.0,18.53667304092629
XAUUSDm,asym_sellBase_buy_body2.2_wick0.35_atr50_close20,momentum,2025-06-27 12:05:00+00:00,2025-06-27 12:10:00+00:00,2025-06-29 22:05:00+00:00,SELL,session_breakout,3273.980359377193,3285.344,3253.5258062561406,1.8,2.199999175424874,0.1014771428571443,0.04390205137833663,1.4398933793808417,6.574388165697493,5.134494786316651,0.20537979145266608,TIMEOUT,10024.468552333525,3.382571428571477,74.0,43.632735004813654
XAUUSDm,asym_sellBase_buy_body2.2_wick0.35_atr50_close20,momentum,2025-07-08 13:45:00+00:00,2025-07-08 13:50:00+00:00,2025-07-08 14:40:00+00:00,SELL,session_breakout,3316.0258509975165,3326.914,3296.4271827930456,1.8,2.2960743827345866,0.10118357142857348,0.03955721676922568,1.5182684017922112,45.00000000000042,43.481731598208206,1.7392692639283283,TP,10067.950283931734,3.372785714285783,100.0,18.147393845146915
XAUUSDm,asym_sellBase_buy_body2.2_wick0.35_atr50_close20,momentum,2025-07-11 12:45:00+00:00,2025-07-11 12:50:00+00:00,2025-07-13 22:05:00+00:00,BUY,session_breakout,3356.0282502404616,3344.356,3377.0383006732923,1.8,2.1418320790740517,0.09554357142856848,0.060478454747023125,1.4388005979674163,11.908050386603998,10.469249788636581,0.41876999154546324,TIMEOUT,10078.419533720371,3.184785714285616,100.0,24.363230310504886
XAUUSDm,asym_sellBase_buy_body2.2_wick0.35_atr50_close20,momentum,2025-07-14 12:35:00+00:00,2025-07-14 12:40:00+00:00,2025-07-15 00:40:00+00:00,SELL,session_breakout,3351.4677106833024,3368.025,3321.6645899132463,1.8,1.5099089906454641,0.09729428571428668,0.04464217384074567,1.0114047931638237,6.774524799142948,5.763120005979124,0.23052480023916494,TIMEOUT,10084.18265372635,3.2431428571428893,100.0,21.65202251038262
XAUUSDm,asym_sellBase_buy_body2.2_wick0.35_atr50_close20,momentum,2025-07-15 12:05:00+00:00,2025-07-15 12:10:00+00:00,2025-07-15 12:30:00+00:00,SELL,session_breakout,3352.71578683649,3359.335,3340.8012031421727,1.8,3.776883956210869,0.0592757142857129,0.04557530636707462,2.535063693007528,-25.0,-27.53506369300753,-1.101402547720301,SL,10056.647590033343,1.9758571428570966,59.0,20.971755145144762
XAUUSDm,asym_sellBase_buy_body2.2_wick0.35_atr50_close20,momentum,2025-07-15 12:35:00+00:00,2025-07-15 12:40:00+00:00,2025-07-15 15:35:00+00:00,SELL,session_breakout,3347.9561968330468,3360.387,3325.5807511325306,1.8,2.0111331234381615,0.10199142857143151,0.06180745266740153,1.3421371206541988,45.00000000000001,43.65786287934581,1.746314515173832,TP,10100.305452912688,3.3997142857143836,100.0,24.614335357064114
XAUUSDm,asym_sellBase_buy_body2.2_wick0.35_atr50_close20,momentum,2025-07-18 12:00:00+00:00,2025-07-18 12:05:00+00:00,2025-07-18 14:15:00+00:00,BUY,session_breakout,3358.310437493276,3351.982,3369.7016249811727,1.8,3.9504222055701534,0.058890000000000914,0.05199249327609304,2.650848825094291,-25.0,-27.65084882509429,-1.1060339530037715,SL,10072.654604087593,1.9630000000000305,82.0,31.83987434693921
XAUUSDm,asym_sellBase_buy_body2.2_wick0.35_atr50_close20,momentum,2025-07-21 12:20:00+00:00,2025-07-21 12:25:00+00:00,2025-07-21 14:25:00+00:00,BUY,session_breakout,3380.985175180558,3371.579,3397.9162905055623,1.8,2.6578284499393114,0.06679285714285828,0.05277875198697319,1.801715717483587,44.99999999999952,43.19828428251593,1.7279313713006368,TP,10115.85288837011,2.226428571428609,94.0,27.99741884698307
XAUUSDm,asym_sellBase_buy_body2.2_wick0.35_atr50_close20,momentum,2025-07-22 12:55:00+00:00,2025-07-22 13:00:00+00:00,2025-07-22 16:50:00+00:00,BUY,session_breakout,3407.597074975445,3393.754,3432.5146099312465,1.8,1.80595713339304,0.08744357142857,0.045353189730886104,1.2352948490562325,44.99999999999984,43.764705150943605,1.7505882060377442,TP,10159.617593521052,2.914785714285667,100.0,24.906157185601465
XAUUSDm,asym_sellBase_buy_body2.2_wick0.35_atr50_close20,momentum,2025-07-24 12:45:00+00:00,2025-07-24 12:50:00+00:00,2025-07-24 13:40:00+00:00,SELL,session_breakout,3354.1919697543594,3365.506,3333.8267153122065,1.8,2.2096458518513433,0.0947721428571445,0.08364417421160264,1.4848152744561613,-25.0,-26.48481527445616,-1.0593926109782463,SL,10133.132778246596,3.1590714285714836,92.0,50.569753258342374
XAUUSDm,asym_sellBase_buy_body2.2_wick0.35_atr50_close20,momentum,2025-07-28 13:30:00+00:00,2025-07-28 13:35:00+00:00,2025-07-28 13:50:00+00:00,SELL,session_breakout,3324.2350994477442,3330.639,3312.708078453684,1.8,3.903870741901714,0.08868000000000101,0.07656055225597234,2.5909768287873565,44.99999999999929,42.409023171211935,1.6963609268484774,TP,10175.541801417809,2.9560000000000337,99.0,24.688991825086365
XAUUSDm,asym_sellBase_buy_body2.2_wick0.35_atr50_close20,momentum,2025-08-01 12:30:00+00:00,2025-08-01 12:35:00+00:00,2025-08-03 22:05:00+00:00,BUY,session_breakout,3328.1195035587853,3296.811,3384.4748099645985,1.8,0.7985051075040936,0.12649285714285852,0.07225713021408472,0.5343213299060056,28.17245510869735,27.638133778791342,1.1055253511516536,TIMEOUT,10203.1799351966,4.216428571428618,100.0,27.262211762494214
XAUUSDm,asym_sellBase_buy_body2.2_wick0.35_atr50_close20,momentum,2025-08-04 13:00:00+00:00,2025-08-04 13:05:00+00:00,2025-08-05 01:05:00+00:00,BUY,session_breakout,3372.346726727862,3361.037,3392.704234838014,1.8,2.2104866546784887,0.08956285714285676,0.04494529929065968,1.4929586472874314,20.53160411306842,19.038645465780988,0.7615458186312395,TIMEOUT,10222.218580662382,2.985428571428559,100.0,18.452596237814085
XAUUSDm,asym_sellBase_buy_body2.2_wick0.35_atr50_close20,momentum,2025-08-05 12:25:00+00:00,2025-08-05 12:30:00+00:00,2025-08-05 14:20:00+00:00,BUY,session_breakout,3360.9229425549456,3349.903,3380.758839153848,1.8,2.26861436666744,0.08291357142857188,0.06448576923152737,1.5294276145484713,44.99999999999959,43.47057238545111,1.7388228954180445,TP,10265.689153047833,2.763785714285729,100.0,39.83255098002978
XAUUSDm,asym_sellBase_buy_body2.2_wick0.35_atr50_close20,momentum,2025-08-06 12:50:00+00:00,2025-08-06 12:55:00+00:00,2025-08-07 00:55:00+00:00,BUY,session_breakout,3368.560839764447,3360.141,3383.716551340451,1.8,2.9691776446344917,0.07221857142856997,0.028730478732472284,2.0014920201415887,11.209121376316762,9.207629356175174,0.36830517424700693,TIMEOUT,10274.896782404008,2.4072857142856656,95.0,26.669520520968696
XAUUSDm,asym_sellBase_buy_body2.2_wick0.35_atr50_close20,momentum,2025-08-20 12:00:00+00:00,2025-08-20 12:05:00+00:00,2025-08-20 13:40:00+00:00,BUY,session_breakout,3334.58578870744,3328.646,3345.2774083808313,1.8,4.208903924256956,0.05190642857142652,0.022835493154259492,2.811490242372444,45.0,42.18850975762756,1.6875403903051023,TP,10317.085292161635,1.7302142857142175,98.0,33.17162831817436
XAUUSDm,asym_sellBase_buy_body2.2_wick0.35_atr50_close20,momentum,2025-08-28 12:05:00+00:00,2025-08-28 12:10:00+00:00,2025-08-28 12:30:00+00:00,BUY,session_breakout,3408.089440344129,3401.401,3420.1286329635614,1.8,3.7377921778048595,0.06637285714285845,0.02025391555775901,2.5452460102755254,-25.0,-27.545246010275527,-1.101809840411021,SL,10289.54004615136,2.212428571428615,100.0,28.685871396469178
XAUUSDm,asym_sellBase_buy_body2.2_wick0.35_atr50_close20,momentum,2025-08-29 13:30:00+00:00,2025-08-29 13:35:00+00:00,2025-08-29 14:10:00+00:00,BUY,session_breakout,3421.0513391179898,3413.653,3434.3683495303717,1.8,3.3791368037198315,0.08168142857142845,0.06949840370386823,2.316540097485723,45.0,42.68345990251428,1.7073383961005713,TP,10332.223506053875,2.7227142857142814,100.0,20.979330941647344
XAUUSDm,asym_sellBase_buy_body2.2_wick0.35_atr50_close20,momentum,2025-09-03 13:25:00+00:00,2025-09-03 13:30:00+00:00,2025-09-04 01:30:00+00:00,BUY,session_breakout,3560.5139505113098,3545.048,3588.352661431668,1.8,1.6164541572610056,0.12008142857142663,0.09190979702398354,1.1493268624698758,-17.546529880868967,-18.695856743338844,-0.7478342697335537,TIMEOUT,10313.527649310536,4.002714285714221,100.0,20.93352068030542
XAUUSDm,asym_sellBase_buy_body2.2_wick0.35_atr50_close20,momentum,2025-09-04 13:35:00+00:00,2025-09-04 13:40:00+00:00,2025-09-04 14:00:00+00:00,BUY,session_breakout,3558.0780116038977,3539.71,3591.1404324909136,1.8,1.361061857925602,0.13142357142856975,0.10429981818336774,0.9660528538235665,-25.0,-25.966052853823566,-1.0386421141529427,SL,10287.561596456711,4.3807857142856585,99.0,19.552379694708875
XAUUSDm,asym_sellBase_buy_body2.2_wick0.35_atr50_close20,momentum,2025-09-12 12:20:00+00:00,2025-09-12 12:25:00+00:00,2025-09-12 13:10:00+00:00,SELL,session_breakout,3643.186885855961,3649.349,3632.0950803966907,1.8,4.057049158069144,0.063953571428571,0.05413735832484701,2.9586176575900947,-25.0,-27.958617657590096,-1.1183447063036038,SL,10259.602978799121,2.1317857142857,65.0,21.061426016204223
XAUUSDm,asym_sellBase_buy_body2.2_wick0.35_atr50_close20,momentum,2025-09-25 12:50:00+00:00,2025-09-25 12:55:00+00:00,2025-09-25 18:40:00+00:00,SELL,session_breakout,3732.3630401214136,3755.926,3689.9497123399583,1.8,1.0609872498539399,0.14623071428571327,0.09084452144348143,0.7944979194789817,-25.0,-25.79449791947898,-1.0317799167791593,SL,10233.808480879643,4.874357142857109,100.0,19.87710691908853
XAUUSDm,asym_sellBase_buy_body2.2_wick0.35_atr50_close20,momentum,2025-10-01 12:45:00+00:00,2025-10-01 12:50:00+00:00,2025-10-02 00:50:00+00:00,SELL,session_breakout,3870.854644201404,3891.122,3834.3734037639315,1.8,1.233510688243407,0.1346742857142866,0.09401865573915753,0.953292787796327,16.553274554855527,15.5999817670592,0.623999270682368,TIMEOUT,10249.408462646703,4.489142857142887,96.0,18.3325867553591
XAUUSDm,asym_sellBase_buy_body2.2_wick0.35_atr50_close20,momentum,2025-10-09 13:40:00+00:00,2025-10-09 13:45:00+00:00,2025-10-09 16:40:00+00:00,SELL,session_breakout,4031.2100499081066,4057.981,3983.022339742698,1.8,0.9338480671842175,0.18705642857143076,0.07442187760776584,0.7484075427040557,45.000000000000085,44.25159245729603,1.7700636982918412,TP,10293.660055104,6.235214285714359,100.0,19.2834809256265
XAUUSDm,asym_sellBase_buy_body2.2_wick0.35_atr50_close20,momentum,2025-10-21 12:10:00+00:00,2025-10-21 12:15:00+00:00,2025-10-21 14:20:00+00:00,SELL,session_breakout,4225.303580899328,4267.064,4150.134826518119,1.8,0.5986529957884837,0.2890564285714325,0.10989088638566215,0.5013981293642382,44.99999999999979,44.49860187063555,1.7799440748254216,TP,10338.158656974634,9.635214285714417,84.0,57.438051634424795
XAUUSDm,asym_sellBase_buy_body2.2_wick0.35_atr50_close20,momentum,2025-10-22 13:00:00+00:00,2025-10-22 13:05:00+00:00,2025-10-22 14:45:00+00:00,BUY,session_breakout,4066.6675348372423,4023.09,4145.107097544278,1.8,0.573690092690478,0.39714642857142374,0.30496162295658047,0.46410137500042703,-25.000000000000004,-25.464101375000432,-1.0185640550000172,SL,10312.694555599634,13.238214285714125,64.0,38.975027111375816
XAUUSDm,asym_sellBase_buy_body2.2_wick0.35_atr50_close20,momentum,2025-10-24 12:30:00+00:00,2025-10-24 12:35:00+00:00,2025-10-26 22:05:00+00:00,BUY,session_breakout,4089.9146340345224,4058.775,4145.965975296663,1.8,0.8028353824673825,0.19440642857142945,0.12243082023631424,0.6566492259484261,-0.5640994638403602,-1.2207486897887865,-0.04882994759155146,TIMEOUT,10311.473806909844,6.4802142857143155,74.0,42.41032507024094
XAUUSDm,asym_sellBase_buy_body2.2_wick0.35_atr50_close20,momentum,2025-11-10 13:00:00+00:00,2025-11-10 13:05:00+00:00,2025-11-10 13:50:00+00:00,BUY,session_breakout,4105.1483888610155,4092.184,4128.484288810843,1.8,1.9283593131934251,0.11574214285713975,0.08051778958619338,1.5807402255402248,-25.0,-26.580740225540225,-1.063229609021609,SL,10284.893066684304,3.8580714285713253,82.0,50.15628024988935
XAUUSDm,asym_sellBase_buy_body2.2_wick0.35_atr50_close20,momentum,2025-11-14 12:10:00+00:00,2025-11-14 12:15:00+00:00,2025-11-14 13:20:00+00:00,SELL,session_breakout,4125.653858410794,4157.72,4067.9348035502226,1.8,0.7796385458615677,0.2434607142857099,0.20341123206369321,0.6388037549799115,44.99999999999986,44.36119624501995,1.7744478498007978,TP,10329.254262929324,8.115357142856997,100.0,35.25045599985121
XAUUSDm,asym_sellBase_buy_body2.2_wick0.35_atr50_close20,momentum,2025-11-14 13:25:00+00:00,2025-11-14 13:30:00+00:00,2025-11-16 23:00:00+00:00,SELL,session_breakout,4055.2883713372635,4119.67,3939.4014397443375,1.8,0.38830953051782197,0.34366928571428257,0.25579401987934547,0.31581052468949633,-8.690999718251478,-9.006810242940974,-0.36027240971763896,TIMEOUT,10320.247452686383,11.455642857142752,100.0,46.13312162979941
XAUUSDm,asym_sellBase_buy_body2.2_wick0.35_atr50_close20,momentum,2025-11-18 13:35:00+00:00,2025-11-18 13:40:00+00:00,2025-11-19 01:40:00+00:00,BUY,session_breakout,4066.227169610775,4029.089,4133.075874910171,1.8,0.6731618779819083,0.20224714285714396,0.13904603934649806,0.5473891992277607,-0.566243314890656,-1.1136325141184167,-0.04454530056473667,TIMEOUT,10319.133820172265,6.741571428571466,98.0,23.99220544731655
XAUUSDm,asym_sellBase_buy_body2.2_wick0.35_atr50_close20,momentum,2025-11-19 13:10:00+00:00,2025-11-19 13:15:00+00:00,2025-11-19 14:55:00+00:00,SELL,session_breakout,4102.951312289814,4120.01,4072.2456744114797,1.8,1.4655289096518365,0.13318928571428126,0.0920930673284794,1.2050987526109327,-24.999999999999996,-26.20509875261093,-1.0482039501044373,SL,10292.928721419654,4.439642857142709,70.0,38.20990375075074
XAUUSDm,asym_sellBase_buy_body2.2_wick0.35_atr50_close20,momentum,2025-12-03 13:50:00+00:00,2025-12-03 13:55:00+00:00,2025-12-03 14:50:00+00:00,BUY,session_breakout,4236.176160129682,4211.353,4280.85784836311,1.8,1.0071239870102804,0.14135571428571309,0.07248227253891108,0.8507709248135411,-25.000000000000004,-25.850770924813546,-1.0340308369925417,SL,10267.07795049484,4.711857142857103,100.0,27.83795219721161
XAUUSDm,asym_sellBase_buy_body2.2_wick0.35_atr50_close20,momentum,2025-12-16 13:20:00+00:00,2025-12-16 13:25:00+00:00,2025-12-16 14:15:00+00:00,BUY,session_breakout,4300.985555566479,4289.067,4322.438955586141,1.8,2.0975696140824893,0.10657071428571661,0.03427020933556603,1.808823322392788,44.99999999999924,43.19117667760645,1.727647067104258,TP,10310.269127172447,3.5523571428572205,63.0,29.460394202997385
XAUUSDm,asym_sellBase_buy_body2.2_wick0.35_atr50_close20,momentum,2025-12-23 13:50:00+00:00,2025-12-23 13:55:00+00:00,2025-12-23 14:55:00+00:00,SELL,session_breakout,4478.880486208613,4497.359,4445.619161384115,1.8,1.3529226582958052,0.16868357142857154,0.102172005673045,1.207415778718113,45.0,43.792584221281885,1.7517033688512753,TP,10354.06171139373,5.622785714285718,100.0,24.530324010148064
XAUUSDm,asym_sellBase_buy_body2.2_wick0.35_atr50_close20,momentum,2025-12-29 13:40:00+00:00,2025-12-29 13:45:00+00:00,2025-12-29 14:40:00+00:00,SELL,session_breakout,4429.289520638756,4467.761,4360.0408577885155,1.8,0.6498320422059051,0.21624642857142654,0.09735614695780183,0.5711588509435794,44.999999999999766,44.42884114905618,1.777153645962247,TP,10398.490552542786,7.208214285714218,73.0,42.45223459079032
XAUUSDm,asym_sellBase_buy_body2.2_wick0.35_atr50_close20,momentum,2026-01-07 12:15:00+00:00,2026-01-07 12:20:00+00:00,2026-01-07 16:20:00+00:00,SELL,session_breakout,4442.053757463024,4455.798,4417.314120896469,1.8,1.8189434545224137,0.13742785714285674,0.08052860840484503,1.6184689213548125,-25.0,-26.61846892135481,-1.0647387568541924,SL,10371.87208362143,4.580928571428558,75.0,24.219487564866068
XAUUSDm,asym_sellBase_buy_body2.2_wick0.35_atr50_close20,momentum,2026-01-08 13:20:00+00:00,2026-01-08 13:25:00+00:00,2026-01-08 16:30:00+00:00,BUY,session_breakout,4432.271993258389,4417.26,4459.2935811234875,1.8,1.6653351470185649,0.1653042857142873,0.14834111553136642,1.4807436663038454,44.999999999999396,43.51925633369555,1.740770253347822,TP,10415.391339955126,5.51014285714291,83.0,28.359410028489833
XAUUSDm,asym_sellBase_buy_body2.2_wick0.35_atr50_close20,momentum,2026-01-30 13:20:00+00:00,2026-01-30 13:25:00+00:00,2026-01-30 17:43:00+00:00,SELL,session_breakout,5025.45437556132,5117.524,4859.729051571697,1.8,0.2715336372057263,0.8836500000000017,0.40979943867943663,0.26841598104151954,44.9999999999999,44.73158401895838,1.7892633607583353,TP,10460.122923974084,29.45500000000006,71.0,48.48365673984146
XAUUSDm,asym_sellBase_buy_body2.2_wick0.35_atr50_close20,momentum,2026-02-17 13:55:00+00:00,2026-02-17 14:00:00+00:00,2026-02-18 02:00:00+00:00,SELL,session_breakout,4869.969888707968,4924.239,4772.28548838231,1.8,0.4606672083769796,0.3260078571428546,0.11110736346138042,0.4495606089895933,-8.735222873834077,-9.18478348282367,-0.3673913393129468,TIMEOUT,10450.93814049126,10.866928571428486,88.0,20.56358489368482
XAUUSDm,asym_sellBase_buy_body2.2_wick0.35_atr50_close20,momentum,2026-02-19 13:35:00+00:00,2026-02-19 13:40:00+00:00,2026-02-19 14:30:00+00:00,BUY,session_breakout,4994.67402630975,4971.705,5036.0182736673,1.8,1.0884222806339803,0.19561928571427936,0.09721666689247661,1.0847628989478726,-24.999999999999996,-26.08476289894787,-1.0433905159579149,SL,10424.853377592312,6.520642857142645,99.0,31.84451899181582
XAUUSDm,asym_sellBase_buy_body2.2_wick0.35_atr50_close20,momentum,2026-02-24 13:35:00+00:00,2026-02-24 13:40:00+00:00,2026-02-24 14:13:00+00:00,SELL,session_breakout,5138.399580752417,5161.12,5097.502826106768,1.8,1.1003318084748654,0.2371114285714267,0.11986353329802622,1.1262889006711596,44.999999999999595,43.87371109932843,1.7549484439731373,TP,10468.72708869164,7.903714285714224,92.0,28.697801795800675
XAUUSDm,asym_sellBase_buy_body2.2_wick0.35_atr50_close20,momentum,2026-02-27 13:20:00+00:00,2026-02-27 13:25:00+00:00,2026-03-01 23:01:00+00:00,BUY,session_breakout,5234.993330538576,5182.863,5328.8279255080115,1.8,0.4795672642340237,0.19656642857142806,0.15004732429004738,0.5061638407763585,40.57554814409596,40.0693843033196,1.602775372132784,TIMEOUT,10508.79647299496,6.552214285714269,100.0,21.011152787242228
XAUUSDm,asym_sellBase_buy_body2.2_wick0.35_atr50_close20,momentum,2026-03-06 13:30:00+00:00,2026-03-06 13:35:00+00:00,2026-03-08 22:03:00+00:00,BUY,session_breakout,5124.086802865449,5065.362,5229.791448023256,1.8,0.4257144984765725,0.3191828571428576,0.22021143687616457,0.4386579562674004,23.783475809427244,23.344817853159846,0.9337927141263939,TIMEOUT,10532.14129084812,10.639428571428587,100.0,32.269028977247274
XAUUSDm,asym_sellBase_buy_body2.2_wick0.35_atr50_close20,momentum,2026-03-11 12:55:00+00:00,2026-03-11 13:00:00+00:00,2026-03-12 01:00:00+00:00,SELL,session_breakout,5166.8695160945545,5196.653,5113.259245064752,1.8,0.8393913915298824,0.24058499999999836,0.20419140544650513,0.8668871268453419,5.180317482456862,4.31343035561152,0.1725372142244608,TIMEOUT,10536.45472120373,8.019499999999946,100.0,33.44240933449603
XAUUSDm,asym_sellBase_buy_body2.2_wick0.35_atr50_close20,momentum,2026-03-18 12:05:00+00:00,2026-03-18 12:10:00+00:00,2026-03-18 20:28:00+00:00,SELL,session_breakout,4913.043643706307,4966.259,4817.2560023776605,1.8,0.4697892063716774,0.37023642857142863,0.2832380794071462,0.45711897484924013,44.99999999999983,44.54288102515059,1.7817152410060237,TP,10580.997602228881,12.341214285714289,100.0,40.301700145599256
XAUUSDm,asym_sellBase_buy_body2.2_wick0.35_atr50_close20,momentum,2026-03-19 12:00:00+00:00,2026-03-19 12:05:00+00:00,2026-03-19 13:02:00+00:00,SELL,session_breakout,4630.033923997996,4695.267,4512.614387194389,1.8,0.38324116433252303,0.40764214285714323,0.23825493057563646,0.3503839183864145,44.99999999999993,44.649616081613516,1.7859846432645405,TP,10625.647218310494,13.58807142857144,45.0,62.785720474995564
XAUUSDm,asym_sellBase_buy_body2.2_wick0.35_atr50_close20,momentum,2026-03-20 13:30:00+00:00,2026-03-20 13:35:00+00:00,2026-03-20 14:15:00+00:00,SELL,session_breakout,4644.761376949698,4681.746,4578.1890554591555,1.8,0.6759565986652948,0.32604642857143384,0.2835998360147239,0.6234314203949699,44.99999999999988,44.37656857960491,1.7750627431841963,TP,10670.023786890099,10.868214285714462,70.0,18.014851889985096
XAUUSDm,asym_sellBase_buy_body2.2_wick0.35_atr50_close20,momentum,2026-03-30 13:40:00+00:00,2026-03-30 13:45:00+00:00,2026-03-31 01:24:00+00:00,SELL,session_breakout,4544.287891326476,4578.633,4482.466695714133,1.8,0.7279056892101793,0.28368857142857123,0.118264387809683,0.6640626019010942,-25.0,-25.664062601901094,-1.0265625040760438,SL,10644.359724288197,9.456285714285709,89.0,42.69311928505708
XAUUSDm,asym_sellBase_buy_body2.2_wick0.35_atr50_close20,momentum,2026-04-09 13:35:00+00:00,2026-04-09 13:40:00+00:00,2026-04-10 01:40:00+00:00,BUY,session_breakout,4770.243697554383,4738.562,4827.270753152274,1.8,0.7890991307232232,0.22024499999999989,0.06957505438315692,0.7530805192155783,2.41488199958637,1.6618014803707917,0.06647205921483167,TIMEOUT,10646.021525768569,7.341499999999996,85.0,19.548493915416145
XAUUSDm,asym_sellBase_buy_body2.2_wick0.35_atr50_close20,momentum,2026-04-17 13:05:00+00:00,2026-04-17 13:10:00+00:00,2026-04-19 22:01:00+00:00,BUY,session_breakout,4862.646618900213,4811.482,4954.742932920597,1.8,0.4886189037928293,0.27648857142857586,0.10037461449881228,0.47269621209178597,-25.0,-25.472696212091787,-1.0189078484836716,SL,10620.548829556477,9.216285714285862,100.0,23.682725240557893
XAUUSDm,asym_sellBase_buy_body2.2_wick0.35_atr50_close20,momentum,2026-04-20 13:25:00+00:00,2026-04-20 13:30:00+00:00,2026-04-20 14:51:00+00:00,BUY,session_breakout,4824.426683503274,4799.549,4869.2065138091675,1.8,1.0049167156865648,0.2057849999999988,0.16579100327374238,0.9671294035713472,-25.0,-25.96712940357135,-1.038685176142854,SL,10594.581700152907,6.859499999999961,99.0,18.41847392036155
XAUUSDm,asym_sellBase_buy_body2.2_wick0.35_atr50_close20,momentum,2026-04-29 12:50:00+00:00,2026-04-29 12:55:00+00:00,2026-04-30 00:45:00+00:00,SELL,session_breakout,4544.943224563096,4568.888,4501.842628776669,1.8,1.0440690941486037,0.17339357142857026,0.10807865118894795,0.9515469510852853,-25.000000000000004,-25.951546951085287,-1.0380618780434114,SL,10568.63015320182,5.7797857142856754,95.0,20.702548664922677
XAUUSDm,asym_sellBase_buy_body2.2_wick0.35_atr50_close20,momentum,2026-05-01 13:50:00+00:00,2026-05-01 13:55:00+00:00,2026-05-03 22:03:00+00:00,BUY,session_breakout,4617.0033392780215,4586.483,4671.9399499784595,1.8,0.8191258875684686,0.22602857142856853,0.09332499230726671,0.7571497858425256,7.6839420398693346,6.926792254026809,0.27707169016107236,TIMEOUT,10575.556945455848,7.534285714285618,100.0,38.294848342025965
XAUUSDm,buy_strict_body2.2_wick0.3_atr45_closeOff,momentum,2025-01-07 13:10:00+00:00,2025-01-07 13:15:00+00:00,2025-01-07 15:00:00+00:00,BUY,session_breakout,2654.975055911924,2647.585,2668.2771565533867,1.8,3.382924337509092,0.06860785714285579,0.057751983352780416,1.793815946424802,-25.0,-26.7938159464248,-1.071752637856992,SL,9973.206184053575,2.2869285714285263,100.0,29.35827353571139
XAUUSDm,buy_strict_body2.2_wick0.3_atr45_closeOff,momentum,2025-01-15 13:55:00+00:00,2025-01-15 14:00:00+00:00,2025-01-15 14:30:00+00:00,BUY,session_breakout,2693.947934681974,2682.127,2715.2256171095273,1.8,2.1148919838059044,0.10109571428571404,0.06138682483164762,1.136981778369876,-25.0,-26.136981778369876,-1.045479271134795,SL,9947.069202275205,3.3698571428571347,100.0,29.527297783745972
XAUUSDm,buy_strict_body2.2_wick0.3_atr45_closeOff,momentum,2025-01-16 13:30:00+00:00,2025-01-16 13:35:00+00:00,2025-01-17 01:35:00+00:00,BUY,session_breakout,2713.5913244791664,2701.388,2735.557308541666,1.8,2.0486220818499166,0.07803214285714083,0.07030840773750051,1.1114537546185432,-3.708670703333759,-4.820124457952302,-0.19280497831809207,TIMEOUT,9942.249077817252,2.601071428571361,100.0,29.035232131775437
XAUUSDm,buy_strict_body2.2_wick0.3_atr45_closeOff,momentum,2025-01-24 13:40:00+00:00,2025-01-24 13:45:00+00:00,2025-01-24 14:15:00+00:00,BUY,session_breakout,2783.9867028041876,2777.85,2795.0327678517256,1.8,4.073848905138408,0.05255785714285528,0.0414238756159642,2.265808236227745,-25.0,-27.265808236227745,-1.0906323294491098,SL,9914.983269581024,1.7519285714285096,50.0,34.62164324979766
XAUUSDm,buy_strict_body2.2_wick0.3_atr45_closeOff,momentum,2025-02-03 12:35:00+00:00,2025-02-03 12:40:00+00:00,2025-02-03 14:45:00+00:00,BUY,session_breakout,2808.048536236305,2800.096,2822.3631014616544,1.8,3.1436511896505763,0.06067071428571547,0.02220087916182925,1.770005024307164,45.0,43.22999497569283,1.7291997990277133,TP,9958.213264556716,2.0223571428571825,47.0,32.5962657261514
XAUUSDm,buy_strict_body2.2_wick0.3_atr45_closeOff,momentum,2025-02-24 13:55:00+00:00,2025-02-24 14:00:00+00:00,2025-02-24 14:20:00+00:00,BUY,session_breakout,2954.5007004751383,2946.923,2968.1405613303878,1.8,3.299153890025334,0.07127785714285698,0.07006154656659709,1.9469704958110252,-25.0,-26.946970495811026,-1.0778788198324412,SL,9931.266294060904,2.375928571428566,88.0,20.21311523242239
XAUUSDm,buy_strict_body2.2_wick0.3_atr45_closeOff,momentum,2025-04-02 12:25:00+00:00,2025-04-02 12:30:00+00:00,2025-04-02 13:50:00+00:00,BUY,session_breakout,3125.9501712668043,3117.046,3141.9776795470525,1.8,2.8076728592589086,0.08566285714285543,0.07133983823300524,1.7528290910523088,-25.0,-26.75282909105231,-1.0701131636420924,SL,9904.513464969852,2.8554285714285146,72.0,23.02494613702874
XAUUSDm,buy_strict_body2.2_wick0.3_atr45_closeOff,momentum,2025-04-11 13:30:00+00:00,2025-04-11 13:35:00+00:00,2025-04-11 13:50:00+00:00,BUY,session_breakout,3240.6162865075485,3225.711,3267.445802221136,1.8,1.6772572595192263,0.17203285714285552,0.14627007897722236,1.0845694383722047,-25.0,-26.084569438372206,-1.0433827775348883,SL,9878.42889553148,5.734428571428517,74.0,26.486869484803904
XAUUSDm,buy_strict_body2.2_wick0.3_atr45_closeOff,momentum,2025-04-21 13:00:00+00:00,2025-04-21 13:05:00+00:00,2025-04-22 01:05:00+00:00,BUY,session_breakout,3421.3139867590344,3398.008,3463.2647629252965,1.8,1.072685754886939,0.13261714285714366,0.05167818760567944,0.7351653952285752,11.664399102035889,10.929233706807313,0.43716934827229254,TIMEOUT,9889.358129238288,4.4205714285714555,100.0,28.364920124046165
XAUUSDm,buy_strict_body2.2_wick0.3_atr45_closeOff,momentum,2025-04-30 12:15:00+00:00,2025-04-30 12:20:00+00:00,2025-04-30 13:35:00+00:00,BUY,session_breakout,3283.1601845058967,3266.901,3312.426716616511,1.8,1.5375924906278662,0.1382485714285706,0.08506022018247654,1.0141324890449332,44.99999999999972,43.98586751095479,1.7594347004381916,TP,9933.343996749243,4.608285714285687,89.0,44.343344543550394
XAUUSDm,buy_strict_body2.2_wick0.3_atr45_closeOff,momentum,2025-05-09 13:25:00+00:00,2025-05-09 13:30:00+00:00,2025-05-09 14:00:00+00:00,BUY,session_breakout,3339.9212672776775,3328.669,3360.1753483774974,1.8,2.221774455144269,0.10501285714285587,0.058760849106169244,1.4816103507661236,-25.0,-26.481610350766125,-1.059264414030645,SL,9906.862386398478,3.500428571428529,49.0,23.16619450277093
XAUUSDm,buy_strict_body2.2_wick0.3_atr45_closeOff,momentum,2025-05-15 12:50:00+00:00,2025-05-15 12:55:00+00:00,2025-05-15 15:05:00+00:00,BUY,session_breakout,3188.690628465517,3177.747,3208.3891597034476,1.8,2.284434278701426,0.1302021428571457,0.1235273940882904,1.461370835168124,44.99999999999959,43.53862916483146,1.7415451665932584,TP,9950.40101556331,4.340071428571524,65.0,28.573355861432
XAUUSDm,buy_strict_body2.2_wick0.3_atr45_closeOff,momentum,2025-05-29 12:15:00+00:00,2025-05-29 12:20:00+00:00,2025-05-29 16:05:00+00:00,BUY,session_breakout,3308.8492523818622,3298.541,3327.404106669214,1.8,2.42524135749614,0.10334357142857113,0.07758059614776652,1.609451610519335,44.99999999999978,43.39054838948044,1.7356219355792177,TP,9993.79156395279,3.4447857142857043,100.0,33.53063891306181
XAUUSDm,buy_strict_body2.2_wick0.3_atr45_closeOff,momentum,2025-05-30 12:10:00+00:00,2025-05-30 12:15:00+00:00,2025-05-30 13:40:00+00:00,BUY,session_breakout,3303.0425933084284,3288.365,3329.4622612636,1.8,1.703276516432956,0.14142642857142912,0.1238800941428213,1.1226989763920114,-25.0,-26.122698976392012,-1.0449079590556805,SL,9967.668864976396,4.714214285714304,100.0,26.073140583746437
XAUUSDm,buy_strict_body2.2_wick0.3_atr45_closeOff,momentum,2025-06-11 12:15:00+00:00,2025-06-11 12:20:00+00:00,2025-06-11 12:35:00+00:00,BUY,session_breakout,3338.1069286039788,3327.196,3357.746600091141,1.8,2.2912806881426526,0.09899999999999863,0.06042860397873321,1.5342079880930963,45.00000000000042,43.465792011907325,1.7386316804762927,TP,10011.134656988304,3.2999999999999545,97.0,30.652943272538636
XAUUSDm,buy_strict_body2.2_wick0.3_atr45_closeOff,momentum,2025-06-20 13:50:00+00:00,2025-06-20 13:55:00+00:00,2025-06-22 22:05:00+00:00,BUY,session_breakout,3372.0506188050426,3348.68,3414.1177326541197,1.8,1.069719214906095,0.11116928571428453,0.05103416218549383,0.722407767113537,9.782989991886668,9.06058222477313,0.3624232889909252,TIMEOUT,10020.195239213077,3.7056428571428177,98.0,19.55623931036536
XAUUSDm,buy_strict_body2.2_wick0.3_atr45_closeOff,momentum,2025-07-11 12:45:00+00:00,2025-07-11 12:50:00+00:00,2025-07-13 22:05:00+00:00,BUY,session_breakout,3356.033525764991,3344.356,3377.053072141974,1.8,2.140864469333938,0.09554357142856848,0.06575397927658194,1.438151724294311,11.891376535562356,10.453224811268045,0.4181289924507218,TIMEOUT,10030.648464024345,3.184785714285616,100.0,24.363230310504886
XAUUSDm,buy_strict_body2.2_wick0.3_atr45_closeOff,momentum,2025-07-18 12:00:00+00:00,2025-07-18 12:05:00+00:00,2025-07-18 14:15:00+00:00,BUY,session_breakout,3358.2787427387484,3351.982,3369.6128796684957,1.8,3.9703067184493386,0.058890000000000914,0.020297738748382733,2.6641793309442505,-25.0,-27.66417933094425,-1.10656717323777,SL,10002.9842846934,1.9630000000000305,82.0,31.83987434693921
XAUUSDm,buy_strict_body2.2_wick0.3_atr45_closeOff,momentum,2025-07-21 12:15:00+00:00,2025-07-21 12:20:00+00:00,2025-07-21 13:45:00+00:00,BUY,session_breakout,3378.2568788754415,3370.859,3391.5730608512363,1.8,3.3793470291857965,0.06443571428571561,0.056661018298440856,2.287760469490841,44.99999999999939,42.71223953050855,1.708489581220342,TP,10045.69652422391,2.147857142857187,90.0,27.99741884698307
XAUUSDm,buy_strict_body2.2_wick0.3_atr45_closeOff,momentum,2025-07-22 12:55:00+00:00,2025-07-22 13:00:00+00:00,2025-07-22 16:50:00+00:00,BUY,session_breakout,3407.616619350845,3393.754,3432.5693341823667,1.8,1.8034109836879828,0.08744357142857,0.06489756513103152,1.2335666479070053,44.99999999999984,43.76643335209283,1.7506573340837133,TP,10089.462957576003,2.914785714285667,100.0,24.906157185601465
XAUUSDm,buy_strict_body2.2_wick0.3_atr45_closeOff,momentum,2025-07-24 13:40:00+00:00,2025-07-24 13:45:00+00:00,2025-07-25 01:45:00+00:00,BUY,session_breakout,3367.134207420878,3351.315,3395.608780778458,1.8,1.5803573045641754,0.12340285714285755,0.10250599230691225,1.0646790051140027,4.239770849046299,3.1750918439322966,0.12700367375729185,TIMEOUT,10092.638049419935,4.113428571428585,100.0,53.27659949751417
XAUUSDm,buy_strict_body2.2_wick0.3_atr45_closeOff,momentum,2025-08-01 12:30:00+00:00,2025-08-01 12:35:00+00:00,2025-08-03 22:05:00+00:00,BUY,session_breakout,3328.116585787562,3296.811,3384.466640205174,1.8,0.7985795304917354,0.12649285714285852,0.06933935899091709,0.5343708971935422,28.17741093544441,27.643040038250867,1.1057216015300346,TIMEOUT,10120.281089458185,4.216428571428618,100.0,27.262211762494214
XAUUSDm,buy_strict_body2.2_wick0.3_atr45_closeOff,momentum,2025-08-04 13:00:00+00:00,2025-08-04 13:05:00+00:00,2025-08-05 01:05:00+00:00,BUY,session_breakout,3372.3895072276555,3361.037,3392.824020237436,1.8,2.202156712932793,0.08956285714285676,0.08772579908427083,1.4873420407903981,20.36002397299057,18.872681932200173,0.7549072772880069,TIMEOUT,10139.153771390385,2.985428571428559,100.0,18.452596237814085
XAUUSDm,buy_strict_body2.2_wick0.3_atr45_closeOff,momentum,2025-08-05 12:25:00+00:00,2025-08-05 12:30:00+00:00,2025-08-05 14:20:00+00:00,BUY,session_breakout,3360.9351671604636,3349.903,3380.7930680492987,1.8,2.2661005436531974,0.08291357142857188,0.07671037474955153,1.5277434018970955,45.00000000000041,43.472256598103314,1.7388902639241326,TP,10182.626027988488,2.763785714285729,100.0,39.83255098002978
XAUUSDm,buy_strict_body2.2_wick0.3_atr45_closeOff,momentum,2025-08-06 12:50:00+00:00,2025-08-06 12:55:00+00:00,2025-08-07 00:55:00+00:00,BUY,session_breakout,3368.5931244780704,3360.141,3383.806948538597,1.8,2.957836229798121,0.07221857142856997,0.06101519235614008,1.9938564386882565,11.070812822387222,9.076956383698965,0.3630782553479586,TIMEOUT,10191.702984372187,2.4072857142856656,95.0,26.669520520968696
XAUUSDm,buy_strict_body2.2_wick0.3_atr45_closeOff,momentum,2025-08-12 12:30:00+00:00,2025-08-12 12:35:00+00:00,2025-08-12 14:10:00+00:00,BUY,session_breakout,3350.3652836608803,3338.543,3371.6453942504645,1.8,2.1146506645517826,0.11245285714285533,0.04905723230883968,1.4144704347169406,-25.000000000000004,-26.414470434716943,-1.0565788173886776,SL,10165.28851393747,3.7484285714285113,100.0,24.49102958935112
XAUUSDm,buy_strict_body2.2_wick0.3_atr45_closeOff,momentum,2025-08-20 12:00:00+00:00,2025-08-20 12:05:00+00:00,2025-08-20 13:40:00+00:00,BUY,session_breakout,3334.595483217167,3328.646,3345.304553008067,1.8,4.20204563782356,0.05190642857142652,0.032530002881347206,2.8069244808317686,45.00000000000038,42.19307551916861,1.6877230207667446,TP,10207.481589456638,1.7302142857142175,98.0,33.17162831817436
XAUUSDm,buy_strict_body2.2_wick0.3_atr45_closeOff,momentum,2025-08-28 12:05:00+00:00,2025-08-28 12:10:00+00:00,2025-08-28 12:30:00+00:00,BUY,session_breakout,3408.0911334524762,3401.401,3420.133373666934,1.8,3.73684623447176,0.06637285714285845,0.02194702390509801,2.5446025037556956,-25.0,-27.544602503755694,-1.1017841001502278,SL,10179.936986952882,2.212428571428615,100.0,28.685871396469178
XAUUSDm,buy_strict_body2.2_wick0.3_atr45_closeOff,momentum,2025-08-29 13:30:00+00:00,2025-08-29 13:35:00+00:00,2025-08-29 14:10:00+00:00,BUY,session_breakout,3421.015166953145,3413.653,3434.2670674688065,1.8,3.395739346731232,0.08168142857142845,0.0333262388593747,2.327875161637422,44.99999999999938,42.67212483836196,1.7068849935344783,TP,10222.609111791244,2.7227142857142814,100.0,20.979330941647344
XAUUSDm,buy_strict_body2.2_wick0.3_atr45_closeOff,momentum,2025-09-03 13:25:00+00:00,2025-09-03 13:30:00+00:00,2025-09-04 01:30:00+00:00,BUY,session_breakout,3560.5154801887197,3545.048,3588.3569445284156,1.8,1.6162942958370095,0.12008142857142663,0.09343947443412808,1.1492134454734901,-17.547267001895015,-18.696480447368504,-0.7478592178947402,TIMEOUT,10203.912631343876,4.002714285714221,100.0,20.93352068030542
XAUUSDm,buy_strict_body2.2_wick0.3_atr45_closeOff,momentum,2025-09-04 13:35:00+00:00,2025-09-04 13:40:00+00:00,2025-09-04 14:00:00+00:00,BUY,session_breakout,3558.081654368819,3539.71,3591.1506322326927,1.8,1.3607919841139158,0.13142357142856975,0.10794258310454355,0.9658617988175738,-25.0,-25.965861798817574,-1.038634471952703,SL,10177.946769545058,4.3807857142856585,99.0,19.552379694708875
XAUUSDm,buy_strict_body2.2_wick0.3_atr45_closeOff,momentum,2025-10-22 13:00:00+00:00,2025-10-22 13:05:00+00:00,2025-10-22 14:45:00+00:00,BUY,session_breakout,4066.7506872672484,4023.09,4145.339924348295,1.8,0.5725974913535905,0.39714642857142374,0.38811405296246526,0.46322224829794334,-25.0,-25.463222248297942,-1.0185288899319176,SL,10152.48354729676,13.238214285714125,64.0,38.975027111375816
XAUUSDm,buy_strict_body2.2_wick0.3_atr45_closeOff,momentum,2025-10-24 12:30:00+00:00,2025-10-24 12:35:00+00:00,2025-10-26 22:05:00+00:00,BUY,session_breakout,4089.894864923807,4058.775,4145.910621786659,1.8,0.8033453892299822,0.19440642857142945,0.10266170952098037,0.6570647787955836,-0.5485763880071133,-1.205641166802697,-0.04822564667210788,TIMEOUT,10151.277906129959,6.4802142857143155,74.0,42.41032507024094
XAUUSDm,buy_strict_body2.2_wick0.3_atr45_closeOff,momentum,2025-11-10 13:00:00+00:00,2025-11-10 13:05:00+00:00,2025-11-10 13:50:00+00:00,BUY,session_breakout,4105.132608174439,4092.184,4128.4401028884295,1.8,1.930709437123207,0.11574214285713975,0.06473710301023318,1.582663653448919,-25.0,-26.58266365344892,-1.0633065461379567,SL,10124.69524247651,3.8580714285713253,82.0,50.15628024988935
XAUUSDm,buy_strict_body2.2_wick0.3_atr45_closeOff,momentum,2025-11-18 13:35:00+00:00,2025-11-18 13:40:00+00:00,2025-11-19 01:40:00+00:00,BUY,session_breakout,4066.2152741391556,4029.089,4133.042567589636,1.8,0.6733775629166485,0.20224714285714396,0.1271505677268935,0.5475637848589738,-0.5584145988143905,-1.1059783836733643,-0.04423913534693457,TIMEOUT,10123.589264092836,6.741571428571466,98.0,23.99220544731655
XAUUSDm,buy_strict_body2.2_wick0.3_atr45_closeOff,momentum,2025-12-03 13:50:00+00:00,2025-12-03 13:55:00+00:00,2025-12-03 14:50:00+00:00,BUY,session_breakout,4236.164832572939,4211.353,4280.82613120423,1.8,1.0075837778812833,0.14135571428571309,0.061154715795744746,0.8511581931463352,-25.0,-25.851158193146336,-1.0340463277258534,SL,10097.738105899689,4.711857142857103,100.0,27.83795219721161
XAUUSDm,buy_strict_body2.2_wick0.3_atr45_closeOff,momentum,2025-12-16 13:20:00+00:00,2025-12-16 13:25:00+00:00,2025-12-16 14:15:00+00:00,BUY,session_breakout,4300.992948650766,4289.067,4322.459656222146,1.8,2.0962692974863444,0.10657071428571661,0.04166329362298871,1.8077078933923725,45.00000000000077,43.19229210660839,1.7276916842643357,TP,10140.930398006298,3.5523571428572205,63.0,29.460394202997385
XAUUSDm,buy_strict_body2.2_wick0.3_atr45_closeOff,momentum,2026-01-08 13:20:00+00:00,2026-01-08 13:25:00+00:00,2026-01-08 16:30:00+00:00,BUY,session_breakout,4432.2282886727,4417.26,4459.171208283559,1.8,1.6701976122091406,0.1653042857142873,0.10463652984266819,1.48503942090139,45.000000000000306,43.51496057909892,1.7405984231639566,TP,10184.445358585397,5.51014285714291,83.0,28.359410028489833
XAUUSDm,buy_strict_body2.2_wick0.3_atr45_closeOff,momentum,2026-02-04 12:30:00+00:00,2026-02-04 12:35:00+00:00,2026-02-04 12:59:00+00:00,BUY,session_breakout,5062.825272735818,5037.48,5108.44676366029,1.8,0.9863772333635168,0.28187571428571706,0.12933487867499266,0.9962711171048098,-25.0,-25.99627111710481,-1.0398508446841925,SL,10158.449087468292,9.395857142857235,45.0,27.185615352908528
XAUUSDm,buy_strict_body2.2_wick0.3_atr45_closeOff,momentum,2026-02-18 13:05:00+00:00,2026-02-18 13:10:00+00:00,2026-02-19 01:10:00+00:00,BUY,session_breakout,4955.264049621533,4917.985,5022.366338940292,1.8,0.6706179544223037,0.21361500000000172,0.16424212153187442,0.6651129890857509,4.951809698363662,4.286696709277911,0.17146786837111647,TIMEOUT,10162.73578417757,7.120500000000058,100.0,18.559749289996407
XAUUSDm,buy_strict_body2.2_wick0.3_atr45_closeOff,momentum,2026-02-19 13:35:00+00:00,2026-02-19 13:40:00+00:00,2026-02-19 14:30:00+00:00,BUY,session_breakout,4994.695356170854,4971.705,5036.077997278392,1.8,1.0874124704380794,0.19561928571427936,0.11854652799718617,1.0837588032678704,-25.0,-26.08375880326787,-1.0433503521307148,SL,10136.652025374302,6.520642857142645,99.0,31.84451899181582
XAUUSDm,buy_strict_body2.2_wick0.3_atr45_closeOff,momentum,2026-02-27 13:20:00+00:00,2026-02-27 13:25:00+00:00,2026-03-01 23:01:00+00:00,BUY,session_breakout,5235.01682674826,5182.863,5328.893714895129,1.8,0.47935121080705745,0.19656642857142806,0.17354353397530034,0.5059369314208744,40.54600521454603,40.04006828312515,1.601602731325006,TIMEOUT,10176.692093657428,6.552214285714269,100.0,21.011152787242228
XAUUSDm,buy_strict_body2.2_wick0.3_atr45_closeOff,momentum,2026-03-06 13:30:00+00:00,2026-03-06 13:35:00+00:00,2026-03-08 22:03:00+00:00,BUY,session_breakout,5124.118805116925,5065.362,5229.881054327389,1.8,0.425482630484258,0.3191828571428576,0.252213688353016,0.43842040018224565,23.75690559245194,23.318485192269694,0.9327394076907878,TIMEOUT,10200.010578849699,10.639428571428587,100.0,32.269028977247274
XAUUSDm,buy_strict_body2.2_wick0.3_atr45_closeOff,momentum,2026-04-09 13:35:00+00:00,2026-04-09 13:40:00+00:00,2026-04-10 01:40:00+00:00,BUY,session_breakout,4770.2883540336525,4738.562,4827.395791294227,1.8,0.787988433006899,0.22024499999999989,0.11423153365183127,0.7520240384311602,2.376294139525837,1.6242701010946767,0.06497080404378706,TIMEOUT,10201.634848950793,7.341499999999996,85.0,19.548493915416145
XAUUSDm,buy_strict_body2.2_wick0.3_atr45_closeOff,momentum,2026-04-17 13:05:00+00:00,2026-04-17 13:10:00+00:00,2026-04-19 22:01:00+00:00,BUY,session_breakout,4862.790268083624,4811.482,4955.145150634147,1.8,0.4872509038748696,0.27648857142857586,0.24402379791020534,0.47137979069553304,-25.0,-25.471379790695533,-1.0188551916278212,SL,10176.163469160098,9.216285714285862,100.0,23.682725240557893
XAUUSDm,buy_strict_body2.2_wick0.3_atr45_closeOff,momentum,2026-04-20 13:25:00+00:00,2026-04-20 13:30:00+00:00,2026-04-20 14:51:00+00:00,BUY,session_breakout,4824.438553903316,4799.549,4869.239750929283,1.8,1.004437447819011,0.2057849999999988,0.1776614033152345,0.9666693496484574,-24.999999999999996,-25.966669349648456,-1.0386667739859383,SL,10150.196799810448,6.859499999999961,99.0,18.41847392036155
XAUUSDm,buy_strict_body2.2_wick0.3_atr45_closeOff,momentum,2026-05-01 13:50:00+00:00,2026-05-01 13:55:00+00:00,2026-05-03 22:03:00+00:00,BUY,session_breakout,4617.039129686273,4586.483,4672.040163121563,1.8,0.8181664450531313,0.22602857142856853,0.12911540055872398,0.7562658642137308,7.645659324064861,6.889393459851131,0.2755757383940452,TIMEOUT,10157.0861932703,7.534285714285618,100.0,38.294848342025965
XAUUSDm,asym_sellBase_buy_body2.2_wick0.3_atr45_closeOff,momentum,2025-01-03 13:15:00+00:00,2025-01-03 13:20:00+00:00,2025-01-03 16:50:00+00:00,SELL,session_breakout,2652.005430036269,2658.656,2640.0344041015533,1.8,3.7590763102016957,0.04961357142857001,0.04176317801689456,1.98931815731512,45.0,43.01068184268488,1.7204272737073953,TP,10043.010681842685,1.653785714285667,73.0,20.836599199556407
XAUUSDm,asym_sellBase_buy_body2.2_wick0.3_atr45_closeOff,momentum,2025-01-06 13:30:00+00:00,2025-01-06 13:35:00+00:00,2025-01-06 14:15:00+00:00,SELL,session_breakout,2638.225875719044,2648.848,2619.106052013323,1.8,2.353578186316398,0.09765428571428304,0.05929713809885488,1.2373541743335637,45.00000000000021,43.76264582566665,1.750505833026666,TP,10086.773327668352,3.255142857142768,99.0,33.51748168707531
XAUUSDm,asym_sellBase_buy_body2.2_wick0.3_atr45_closeOff,momentum,2025-01-07 13:10:00+00:00,2025-01-07 13:15:00+00:00,2025-01-07 15:00:00+00:00,BUY,session_breakout,2654.9791208801166,2647.585,2668.2885384643264,1.8,3.3810645518694584,0.06860785714285579,0.061816951545560016,1.79283115831226,-25.0,-26.79283115831226,-1.0717132463324903,SL,10059.98049651004,2.2869285714285263,100.0,29.35827353571139
XAUUSDm,asym_sellBase_buy_body2.2_wick0.3_atr45_closeOff,momentum,2025-01-13 12:00:00+00:00,2025-01-13 12:05:00+00:00,2025-01-13 17:35:00+00:00,SELL,session_breakout,2673.064954967965,2680.55,2659.591873910302,1.8,3.3399932656387783,0.06136285714285707,0.048363603463073,1.7811037896416055,44.999999999999694,43.21889621035809,1.7287558484143235,TP,10103.199392720397,2.045428571428569,66.0,19.272499199964653
XAUUSDm,asym_sellBase_buy_body2.2_wick0.3_atr45_closeOff,momentum,2025-01-15 13:55:00+00:00,2025-01-15 14:00:00+00:00,2025-01-15 14:30:00+00:00,BUY,session_breakout,2693.9235412198063,2682.127,2715.157315415458,1.8,2.119265260398956,0.10109571428571404,0.03699336266367949,1.1393277150156143,-25.0,-26.139327715015614,-1.0455731086006246,SL,10077.06006500538,3.3698571428571347,100.0,29.527297783745972
XAUUSDm,asym_sellBase_buy_body2.2_wick0.3_atr45_closeOff,momentum,2025-01-16 13:30:00+00:00,2025-01-16 13:35:00+00:00,2025-01-17 01:35:00+00:00,BUY,session_breakout,2713.597716646188,2701.388,2735.5752066093264,1.8,2.047549564371345,0.07803214285714083,0.07670057475941956,1.110873182781847,-3.719817377488553,-4.8306905602704,-0.19322762241081598,TIMEOUT,10072.229374445109,2.601071428571361,100.0,29.035232131775437
XAUUSDm,asym_sellBase_buy_body2.2_wick0.3_atr45_closeOff,momentum,2025-01-23 13:10:00+00:00,2025-01-23 13:15:00+00:00,2025-01-23 14:30:00+00:00,SELL,session_breakout,2740.6604500907943,2746.514,2730.124060254224,1.8,4.27091258941562,0.08819785714285834,0.07345098063418955,2.3435242439212507,-25.0,-27.34352424392125,-1.09374096975685,SL,10044.885850201188,2.9399285714286116,100.0,21.034694030739566
XAUUSDm,asym_sellBase_buy_body2.2_wick0.3_atr45_closeOff,momentum,2025-01-24 13:40:00+00:00,2025-01-24 13:45:00+00:00,2025-01-24 14:15:00+00:00,BUY,session_breakout,2783.989965984538,2777.85,2795.041904756706,1.8,4.071683794821815,0.05255785714285528,0.044687055966147325,2.264605365889156,-25.0,-27.264605365889157,-1.0905842146355662,SL,10017.621244835298,1.7519285714285096,50.0,34.62164324979766
XAUUSDm,asym_sellBase_buy_body2.2_wick0.3_atr45_closeOff,momentum,2025-02-03 12:35:00+00:00,2025-02-03 12:40:00+00:00,2025-02-03 14:45:00+00:00,BUY,session_breakout,2808.049977493352,2800.096,2822.367136981385,1.8,3.1430815615075054,0.06067071428571547,0.02364213620862884,1.769686021610184,44.999999999999424,43.23031397838924,1.7292125591355696,TP,10060.851558813687,2.0223571428571825,47.0,32.5962657261514
XAUUSDm,asym_sellBase_buy_body2.2_wick0.3_atr45_closeOff,momentum,2025-02-11 12:45:00+00:00,2025-02-11 12:50:00+00:00,2025-02-11 13:15:00+00:00,SELL,session_breakout,2896.7025617064187,2904.236,2883.1423727779725,1.8,3.3185378343512926,0.08019428571428665,0.049341150723991846,1.9180634091770121,45.000000000000306,43.0819365908233,1.7232774636329318,TP,10103.93349540451,2.673142857142888,57.99999999999999,33.99080280425428
XAUUSDm,asym_sellBase_buy_body2.2_wick0.3_atr45_closeOff,momentum,2025-02-12 13:15:00+00:00,2025-02-12 13:20:00+00:00,2025-02-12 14:00:00+00:00,SELL,session_breakout,2874.1685338976936,2885.902,2853.048294913542,1.8,2.130657708644653,0.08443714285714382,0.04724753087743434,1.2272738685386042,-25.0,-26.227273868538603,-1.0490909547415441,SL,10077.706221535971,2.814571428571461,97.0,21.687231563201554
XAUUSDm,asym_sellBase_buy_body2.2_wick0.3_atr45_closeOff,momentum,2025-02-13 13:00:00+00:00,2025-02-13 13:05:00+00:00,2025-02-13 18:50:00+00:00,SELL,session_breakout,2913.964578291786,2921.369,2900.6366192170003,1.8,3.376360907735176,0.06448499999999967,0.06117920821413114,1.9702192177338806,-25.0,-26.97021921773388,-1.0788087687093553,SL,10050.736002318237,2.149499999999989,60.0,18.43714716473585
XAUUSDm,asym_sellBase_buy_body2.2_wick0.3_atr45_closeOff,momentum,2025-02-14 13:40:00+00:00,2025-02-14 13:45:00+00:00,2025-02-14 16:45:00+00:00,SELL,session_breakout,2917.8399371973387,2933.321,2889.9740241525487,1.8,1.6148762083506627,0.10798928571428665,0.08106815980398405,0.9378900588710749,44.99999999999971,44.06210994112863,1.7624843976451452,TP,10094.798112259366,3.5996428571428885,100.0,18.863435153374482
XAUUSDm,asym_sellBase_buy_body2.2_wick0.3_atr45_closeOff,momentum,2025-02-24 13:55:00+00:00,2025-02-24 14:00:00+00:00,2025-02-24 14:20:00+00:00,BUY,session_breakout,2954.4930735650278,2946.923,2968.1192059820783,1.8,3.3024778141515383,0.07127785714285698,0.062434636456198414,1.9489295655025785,-25.0,-26.948929565502578,-1.077957182620103,SL,10067.849182693864,2.375928571428566,88.0,20.21311523242239
XAUUSDm,asym_sellBase_buy_body2.2_wick0.3_atr45_closeOff,momentum,2025-02-28 12:50:00+00:00,2025-02-28 12:55:00+00:00,2025-02-28 14:40:00+00:00,SELL,session_breakout,2855.0265775565167,2864.502,2837.970817158247,1.8,2.638404793993523,0.06792428571428445,0.04146030062592806,1.502043161840807,44.99999999999976,43.49795683815895,1.7399182735263579,TP,10111.347139532023,2.264142857142815,71.0,21.169540131150995
XAUUSDm,asym_sellBase_buy_body2.2_wick0.3_atr45_closeOff,momentum,2025-03-03 13:05:00+00:00,2025-03-03 13:10:00+00:00,2025-03-03 14:30:00+00:00,SELL,session_breakout,2871.0591338260524,2877.716,2859.076774712947,1.8,3.7555208932756887,0.057207857142854465,0.026262245376088195,2.1589645125827484,-25.0,-27.15896451258275,-1.08635858050331,SL,10084.18817501944,1.9069285714284823,70.0,19.71262015212677
XAUUSDm,asym_sellBase_buy_body2.2_wick0.3_atr45_closeOff,momentum,2025-03-05 13:30:00+00:00,2025-03-05 13:35:00+00:00,2025-03-05 15:05:00+00:00,SELL,session_breakout,2908.6681299267243,2917.269,2893.1865637948285,1.8,2.906682671289236,0.08657571428571535,0.05958221613323566,1.6934150499578555,-25.0,-26.693415049957856,-1.0677366019983143,SL,10057.494759969482,2.8858571428571786,100.0,18.538773727042578
XAUUSDm,asym_sellBase_buy_body2.2_wick0.3_atr45_closeOff,momentum,2025-03-21 13:45:00+00:00,2025-03-21 13:50:00+00:00,2025-03-23 22:05:00+00:00,SELL,session_breakout,3010.711124433595,3036.851,2963.6593484140662,1.8,0.9563932290530899,0.11942571428571715,0.041162709261512116,0.5771446873478308,-12.599405392097738,-13.176550079445569,-0.5270620031778228,TIMEOUT,10044.318209890036,3.9808571428572384,100.0,18.011965333720443
XAUUSDm,asym_sellBase_buy_body2.2_wick0.3_atr45_closeOff,momentum,2025-03-26 13:00:00+00:00,2025-03-26 13:05:00+00:00,2025-03-26 14:00:00+00:00,SELL,session_breakout,3024.777729936989,3029.994,3015.388443823569,1.8,4.792696639170737,0.06616928571428649,0.0581854201542248,2.8948684121015,45.00000000000043,42.10513158789893,1.6842052635159572,TP,10086.423341477936,2.205642857142883,100.0,19.750277906197685
XAUUSDm,asym_sellBase_buy_body2.2_wick0.3_atr45_closeOff,momentum,2025-04-02 12:25:00+00:00,2025-04-02 12:30:00+00:00,2025-04-02 13:50:00+00:00,BUY,session_breakout,3125.942407409743,3117.046,3141.9559407472802,1.8,2.8101231034699414,0.08566285714285543,0.06357598117181137,1.7543565958357132,-24.999999999999996,-26.75435659583571,-1.0701742638334286,SL,10059.6689848821,2.8554285714285146,72.0,23.02494613702874
XAUUSDm,asym_sellBase_buy_body2.2_wick0.3_atr45_closeOff,momentum,2025-04-03 12:20:00+00:00,2025-04-03 12:25:00+00:00,2025-04-03 14:00:00+00:00,SELL,session_breakout,3080.663995497613,3097.309,3050.702987393316,1.8,1.501952132029443,0.14053499999999824,0.11673700238702715,0.9279019712207967,-25.0,-25.9279019712208,-1.0371160788488318,SL,10033.74108291088,4.684499999999941,68.0,45.51265925747012
XAUUSDm,asym_sellBase_buy_body2.2_wick0.3_atr45_closeOff,momentum,2025-04-11 13:30:00+00:00,2025-04-11 13:35:00+00:00,2025-04-11 13:50:00+00:00,BUY,session_breakout,3240.5643193663745,3225.711,3267.300294225849,1.8,1.683125460602126,0.17203285714285552,0.0943029378029594,1.0883552625288688,-25.0,-26.088355262528868,-1.0435342105011547,SL,10007.65272764835,5.734428571428517,74.0,26.486869484803904
XAUUSDm,asym_sellBase_buy_body2.2_wick0.3_atr45_closeOff,momentum,2025-04-21 13:00:00+00:00,2025-04-21 13:05:00+00:00,2025-04-22 01:05:00+00:00,BUY,session_breakout,3421.392205553286,3398.008,3463.4837755492017,1.8,1.0690976840342787,0.13261714285714366,0.1298969818577713,0.7327146725100194,11.541758840291957,10.809044167781938,0.4323617667112775,TIMEOUT,10018.461771816132,4.4205714285714555,100.0,28.364920124046165
XAUUSDm,asym_sellBase_buy_body2.2_wick0.3_atr45_closeOff,momentum,2025-04-23 13:25:00+00:00,2025-04-23 13:30:00+00:00,2025-04-23 14:00:00+00:00,SELL,session_breakout,3299.6024044876813,3320.54,3261.9147325655076,1.8,1.1940244038667753,0.2031985714285695,0.18799622660431772,0.7834611588031565,45.0,44.216538841196844,1.7686615536478738,TP,10062.67831065733,6.773285714285651,78.0,22.560104668224394
XAUUSDm,asym_sellBase_buy_body2.2_wick0.3_atr45_closeOff,momentum,2025-04-25 13:20:00+00:00,2025-04-25 13:25:00+00:00,2025-04-25 19:30:00+00:00,SELL,session_breakout,3270.3545113718938,3298.252,3220.1390318413028,1.8,0.8961380120364298,0.20633142857142858,0.17432291382078616,0.5886377980950358,-25.0,-25.588637798095036,-1.0235455119238015,SL,10037.089672859234,6.877714285714286,89.0,31.5080885248663
XAUUSDm,asym_sellBase_buy_body2.2_wick0.3_atr45_closeOff,momentum,2025-04-30 12:00:00+00:00,2025-04-30 12:05:00+00:00,2025-04-30 12:15:00+00:00,SELL,session_breakout,3267.622155921972,3281.671,3242.334236581522,1.8,1.7795058341561183,0.11945999999999815,0.052114078027996426,1.1654505380561886,-25.0,-26.165450538056188,-1.0466180215222476,SL,10010.924222321179,3.9819999999999385,85.0,43.24131785778276
XAUUSDm,asym_sellBase_buy_body2.2_wick0.3_atr45_closeOff,momentum,2025-04-30 12:20:00+00:00,2025-04-30 12:25:00+00:00,2025-05-01 00:20:00+00:00,BUY,session_breakout,3290.2083008646755,3266.901,3332.1614424210916,1.8,1.0726252750222909,0.15381214285714284,0.09639479324692701,0.7033321167191194,-25.0,-25.70333211671912,-1.0281332846687647,SL,9985.22089020446,5.127071428571428,97.0,44.343344543550394
XAUUSDm,asym_sellBase_buy_body2.2_wick0.3_atr45_closeOff,momentum,2025-05-02 13:00:00+00:00,2025-05-02 13:05:00+00:00,2025-05-02 14:55:00+00:00,SELL,session_breakout,3244.051010080453,3263.926,3208.276028225269,1.8,1.2578622731985796,0.15889714285714296,0.05254134811812477,0.8186138755823893,-25.0,-25.81861387558239,-1.0327445550232957,SL,9959.402276328878,5.296571428571432,100.0,20.422343309001352
XAUUSDm,asym_sellBase_buy_body2.2_wick0.3_atr45_closeOff,momentum,2025-05-09 13:25:00+00:00,2025-05-09 13:30:00+00:00,2025-05-09 14:00:00+00:00,BUY,session_breakout,3339.9053519519866,3328.669,3360.130785465563,1.8,2.224921407484002,0.10501285714285587,0.04284552341524999,1.483705383305673,-24.999999999999996,-26.48370538330567,-1.059348215332227,SL,9932.918570945572,3.500428571428529,49.0,23.16619450277093
XAUUSDm,asym_sellBase_buy_body2.2_wick0.3_atr45_closeOff,momentum,2025-05-14 12:50:00+00:00,2025-05-14 12:55:00+00:00,2025-05-15 00:55:00+00:00,SELL,session_breakout,3186.1701983573935,3221.493,3122.5891554007017,1.8,0.7077581289544408,0.21265500000000104,0.16547414260624274,0.4511249038828406,-1.1733225887487753,-1.624447492631616,-0.06497789970526463,TIMEOUT,9931.29412345294,7.088500000000034,100.0,20.548243138493692
XAUUSDm,asym_sellBase_buy_body2.2_wick0.3_atr45_closeOff,momentum,2025-05-15 12:50:00+00:00,2025-05-15 12:55:00+00:00,2025-05-15 15:05:00+00:00,BUY,session_breakout,3188.6740404543184,3177.747,3208.3427132720917,1.8,2.2879022096161052,0.1302021428571457,0.10693938288981751,1.46357487658019,44.99999999999979,43.5364251234196,1.741457004936784,TP,9974.830548576361,4.340071428571524,65.0,28.573355861432
XAUUSDm,asym_sellBase_buy_body2.2_wick0.3_atr45_closeOff,momentum,2025-05-28 13:35:00+00:00,2025-05-28 13:40:00+00:00,2025-05-28 20:50:00+00:00,SELL,session_breakout,3303.647858629578,3316.438,3280.625604162818,1.8,1.9546304670106147,0.11382000000000095,0.11123137042196417,1.2869821513503499,45.00000000000018,43.71301784864983,1.748520713945993,TP,10018.54356642501,3.7940000000000316,98.0,19.47008735358178
XAUUSDm,asym_sellBase_buy_body2.2_wick0.3_atr45_closeOff,momentum,2025-05-29 12:15:00+00:00,2025-05-29 12:20:00+00:00,2025-05-29 16:05:00+00:00,BUY,session_breakout,3308.826245226463,3298.541,3327.3396866340963,1.8,2.43066640119359,0.10334357142857113,0.05457344074896425,1.6130305563319014,45.00000000000044,43.38696944366854,1.7354787777467415,TP,10061.93053586868,3.4447857142857043,100.0,33.53063891306181
XAUUSDm,asym_sellBase_buy_body2.2_wick0.3_atr45_closeOff,momentum,2025-05-30 12:10:00+00:00,2025-05-30 12:15:00+00:00,2025-05-30 13:40:00+00:00,BUY,session_breakout,3302.997816098065,3288.365,3329.3368850745824,1.8,1.708488634891381,0.14142642857142912,0.07910288377932184,1.1261268459749192,-25.0,-26.12612684597492,-1.0450450738389967,SL,10035.804409022705,4.714214285714304,100.0,26.073140583746437
XAUUSDm,asym_sellBase_buy_body2.2_wick0.3_atr45_closeOff,momentum,2025-06-03 13:45:00+00:00,2025-06-03 13:50:00+00:00,2025-06-04 01:20:00+00:00,SELL,session_breakout,3343.8050787423017,3363.095,3309.083220478445,1.8,1.2960135848156022,0.12839785714285493,0.08072232912660846,0.8692233614050856,-25.0,-25.869223361405087,-1.0347689344562034,SL,10009.9351856613,4.279928571428497,100.0,26.21077909916798
XAUUSDm,asym_sellBase_buy_body2.2_wick0.3_atr45_closeOff,momentum,2025-06-11 12:15:00+00:00,2025-06-11 12:20:00+00:00,2025-06-11 12:35:00+00:00,BUY,session_breakout,3338.0893303651847,3327.196,3357.6973250225174,1.8,2.294982265469558,0.09899999999999863,0.042830365184540406,1.5366711627482503,45.00000000000041,43.46332883725216,1.7385331534900867,TP,10053.39851449855,3.2999999999999545,97.0,30.652943272538636
XAUUSDm,asym_sellBase_buy_body2.2_wick0.3_atr45_closeOff,momentum,2025-06-16 13:50:00+00:00,2025-06-16 13:55:00+00:00,2025-06-17 01:55:00+00:00,SELL,session_breakout,3389.7758900521085,3417.401,3340.050692145904,1.8,0.9049737737571707,0.17297357142857242,0.06762316217684872,0.6138857820699728,-3.5412618766699797,-4.155147658739953,-0.16620590634959811,TIMEOUT,10049.243366839812,5.765785714285747,100.0,35.415918947083775
XAUUSDm,asym_sellBase_buy_body2.2_wick0.3_atr45_closeOff,momentum,2025-06-20 13:50:00+00:00,2025-06-20 13:55:00+00:00,2025-06-22 22:05:00+00:00,BUY,session_breakout,3372.0699540723726,3348.68,3414.171871402644,1.8,1.068834933264316,0.11116928571428453,0.07036942951579779,0.7218126565337122,9.75423669002258,9.032424033488867,0.36129696133955475,TIMEOUT,10058.2757908733,3.7056428571428177,98.0,19.55623931036536
XAUUSDm,asym_sellBase_buy_body2.2_wick0.3_atr45_closeOff,momentum,2025-06-24 12:30:00+00:00,2025-06-24 12:35:00+00:00,2025-06-24 19:30:00+00:00,SELL,session_breakout,3307.687851476124,3321.86,3282.1779841331463,1.8,1.7640232853812954,0.12322071428571267,0.05653816673342303,1.1694676781553421,-25.0,-26.169467678155343,-1.0467787071262138,SL,10032.106323195145,4.107357142857089,82.0,38.064296195118644
XAUUSDm,asym_sellBase_buy_body2.2_wick0.3_atr45_closeOff,momentum,2025-06-26 13:05:00+00:00,2025-06-26 13:10:00+00:00,2025-06-27 01:10:00+00:00,SELL,session_breakout,3317.8029037062697,3344.056,3270.547330377555,1.8,0.9522686284425208,0.15296785714285566,0.1176123651584725,0.6317681378872884,1.1978622370821577,0.5660940991948693,0.022643763967794772,TIMEOUT,10032.67241729434,5.098928571428522,100.0,18.53667304092629
XAUUSDm,asym_sellBase_buy_body2.2_wick0.3_atr45_closeOff,momentum,2025-06-27 12:05:00+00:00,2025-06-27 12:10:00+00:00,2025-06-29 22:05:00+00:00,SELL,session_breakout,3273.962765636309,3285.344,3253.4765437816654,1.8,2.1965982951512153,0.1014771428571443,0.061495792262320874,1.4376636480038538,6.525578732009939,5.087915084006085,0.2035166033602434,TIMEOUT,10037.760332378346,3.382571428571477,74.0,43.632735004813654
XAUUSDm,asym_sellBase_buy_body2.2_wick0.3_atr45_closeOff,momentum,2025-07-08 13:45:00+00:00,2025-07-08 13:50:00+00:00,2025-07-08 14:40:00+00:00,SELL,session_breakout,3315.9760757952477,3326.914,3296.287812226693,1.8,2.2856256390163523,0.10118357142857348,0.08933241903805578,1.51131598744049,45.00000000000021,43.48868401255972,1.7395473605023888,TP,10081.249016390906,3.372785714285783,100.0,18.147393845146915
XAUUSDm,asym_sellBase_buy_body2.2_wick0.3_atr45_closeOff,momentum,2025-07-11 12:45:00+00:00,2025-07-11 12:50:00+00:00,2025-07-13 22:05:00+00:00,BUY,session_breakout,3356.0432689372974,3344.356,3377.0803530244325,1.8,2.139079722912713,0.09554357142856848,0.07549715158303051,1.4369548833388173,11.860621785231807,10.42366690189299,0.41694667607571956,TIMEOUT,10091.6726832928,3.184785714285616,100.0,24.363230310504886
XAUUSDm,asym_sellBase_buy_body2.2_wick0.3_atr45_closeOff,momentum,2025-07-14 12:35:00+00:00,2025-07-14 12:40:00+00:00,2025-07-15 00:40:00+00:00,SELL,session_breakout,3351.461890528951,3368.025,3321.648293481062,1.8,1.5093784197766464,0.09729428571428668,0.0504623281922515,1.01104851450707,6.763359465779549,5.752310951272479,0.23009243805089916,TIMEOUT,10097.424994244073,3.2431428571428893,100.0,21.65202251038262
XAUUSDm,asym_sellBase_buy_body2.2_wick0.3_atr45_closeOff,momentum,2025-07-15 12:05:00+00:00,2025-07-15 12:10:00+00:00,2025-07-15 12:30:00+00:00,SELL,session_breakout,3352.709046472632,3359.335,3340.78233012337,1.8,3.773041856804376,0.0592757142857129,0.052315670225004135,2.532482313205586,-25.0,-27.532482313205584,-1.1012992925282235,SL,10069.892511930868,1.9758571428570966,59.0,20.971755145144762
XAUUSDm,asym_sellBase_buy_body2.2_wick0.3_atr45_closeOff,momentum,2025-07-15 12:35:00+00:00,2025-07-15 12:40:00+00:00,2025-07-15 15:35:00+00:00,SELL,session_breakout,3347.9299515106036,3360.387,3325.5072642296896,1.8,2.006895936969335,0.10199142857143151,0.08805277511055777,1.3392894033889147,45.00000000000036,43.660710596611445,1.746428423864458,TP,10113.55322252748,3.3997142857143836,100.0,24.614335357064114
XAUUSDm,asym_sellBase_buy_body2.2_wick0.3_atr45_closeOff,momentum,2025-07-18 12:00:00+00:00,2025-07-18 12:05:00+00:00,2025-07-18 14:15:00+00:00,BUY,session_breakout,3358.2920850212186,3351.982,3369.650238059412,1.8,3.961911751732955,0.058890000000000914,0.033640021218761404,2.658551375479467,-25.0,-27.65855137547947,-1.1063420550191787,SL,10085.894671152,1.9630000000000305,82.0,31.83987434693921
XAUUSDm,asym_sellBase_buy_body2.2_wick0.3_atr45_closeOff,momentum,2025-07-21 12:15:00+00:00,2025-07-21 12:20:00+00:00,2025-07-21 13:45:00+00:00,BUY,session_breakout,3378.2325536105564,3370.859,3391.5049501095577,1.8,3.3904954544859454,0.06443571428571561,0.032335753413488606,2.295276423442608,44.99999999999938,42.70472357655677,1.708188943062271,TP,10128.599394728557,2.147857142857187,90.0,27.99741884698307
XAUUSDm,asym_sellBase_buy_body2.2_wick0.3_atr45_closeOff,momentum,2025-07-22 12:55:00+00:00,2025-07-22 13:00:00+00:00,2025-07-22 16:50:00+00:00,BUY,session_breakout,3407.619730748189,3393.754,3432.578046094929,1.8,1.8030063077104883,0.08744357142857,0.06800896247463055,1.2332919737635402,45.0,43.76670802623646,1.7506683210494582,TP,10172.366102754793,2.914785714285667,100.0,24.906157185601465
XAUUSDm,asym_sellBase_buy_body2.2_wick0.3_atr45_closeOff,momentum,2025-07-24 12:45:00+00:00,2025-07-24 12:50:00+00:00,2025-07-24 13:40:00+00:00,SELL,session_breakout,3354.2379110360753,3365.506,3333.955350901011,1.8,2.2186548295845814,0.0947721428571445,0.03770289249602692,1.4908792281791772,-25.0,-26.49087922817918,-1.059635169127167,SL,10145.875223526615,3.1590714285714836,92.0,50.569753258342374
XAUUSDm,asym_sellBase_buy_body2.2_wick0.3_atr45_closeOff,momentum,2025-07-28 13:30:00+00:00,2025-07-28 13:35:00+00:00,2025-07-28 13:50:00+00:00,SELL,session_breakout,3324.2726464984235,3330.639,3312.8132101955853,1.8,3.92689472769751,0.08868000000000101,0.039013501576845265,2.606313745792742,45.00000000000072,42.39368625420798,1.6957474501683192,TP,10188.268909780823,2.9560000000000337,99.0,24.688991825086365
XAUUSDm,asym_sellBase_buy_body2.2_wick0.3_atr45_closeOff,momentum,2025-08-01 12:30:00+00:00,2025-08-01 12:35:00+00:00,2025-08-03 22:05:00+00:00,BUY,session_breakout,3328.0858461778894,3296.811,3384.38056929809,1.8,0.799364443163099,0.12649285714285852,0.03859974931796035,0.5348936656728189,28.229678270230515,27.694784604557697,1.107791384182308,TIMEOUT,10215.96369438538,4.216428571428618,100.0,27.262211762494214
XAUUSDm,asym_sellBase_buy_body2.2_wick0.3_atr45_closeOff,momentum,2025-08-04 13:00:00+00:00,2025-08-04 13:05:00+00:00,2025-08-05 01:05:00+00:00,BUY,session_breakout,3372.3779857226373,3361.037,3392.7917600233845,1.8,2.2043939223111884,0.08956285714285676,0.07620429406597588,1.4888505176937827,20.406106011766767,18.917255494072982,0.7566902197629193,TIMEOUT,10234.880949879453,2.985428571428559,100.0,18.452596237814085
XAUUSDm,asym_sellBase_buy_body2.2_wick0.3_atr45_closeOff,momentum,2025-08-05 12:25:00+00:00,2025-08-05 12:30:00+00:00,2025-08-05 14:20:00+00:00,BUY,session_breakout,3360.921918468434,3349.903,3380.755971711615,1.8,2.2688252092632797,0.08291357142857188,0.06346168271974502,1.5295688749973375,44.99999999999959,43.47043112500225,1.73881724500009,TP,10278.351381004455,2.763785714285729,100.0,39.83255098002978
XAUUSDm,asym_sellBase_buy_body2.2_wick0.3_atr45_closeOff,momentum,2025-08-06 12:50:00+00:00,2025-08-06 12:55:00+00:00,2025-08-07 00:55:00+00:00,BUY,session_breakout,3368.589423082529,3360.141,3383.7965846310803,1.8,2.9591321073514636,0.07221857142856997,0.05731379681426738,1.994728885270526,11.086616049150237,9.091887163879711,0.36367548655518844,TIMEOUT,10287.443268168336,2.4072857142856656,95.0,26.669520520968696
XAUUSDm,asym_sellBase_buy_body2.2_wick0.3_atr45_closeOff,momentum,2025-08-12 12:30:00+00:00,2025-08-12 12:35:00+00:00,2025-08-12 14:10:00+00:00,BUY,session_breakout,3350.4114189328493,3338.543,3371.7745730119777,1.8,2.10643053143376,0.11245285714285533,0.09519250427781184,1.4089817811408922,-25.0,-26.40898178114089,-1.0563592712456356,SL,10261.034286387196,3.7484285714285113,100.0,24.49102958935112
XAUUSDm,asym_sellBase_buy_body2.2_wick0.3_atr45_closeOff,momentum,2025-08-20 12:00:00+00:00,2025-08-20 12:05:00+00:00,2025-08-20 13:40:00+00:00,BUY,session_breakout,3334.5951996181034,3328.646,3345.303758930689,1.8,4.202245949846081,0.05190642857142652,0.03224640381772511,2.8070578343942723,45.0,42.19294216560573,1.6877176866242292,TP,10303.227228552802,1.7302142857142175,98.0,33.17162831817436
XAUUSDm,asym_sellBase_buy_body2.2_wick0.3_atr45_closeOff,momentum,2025-08-28 12:05:00+00:00,2025-08-28 12:10:00+00:00,2025-08-28 12:30:00+00:00,BUY,session_breakout,3408.115522570419,3401.401,3420.201663197174,1.8,3.723272911485432,0.06637285714285845,0.04633614184802545,2.535368840879892,-25.0,-27.53536884087989,-1.1014147536351957,SL,10275.691859711922,2.212428571428615,100.0,28.685871396469178
XAUUSDm,asym_sellBase_buy_body2.2_wick0.3_atr45_closeOff,momentum,2025-08-29 13:30:00+00:00,2025-08-29 13:35:00+00:00,2025-08-29 14:10:00+00:00,BUY,session_breakout,3421.0143383158193,3413.653,3434.264747284294,1.8,3.3961215919495467,0.08168142857142845,0.03249760153337359,2.328136132144669,44.99999999999938,42.67186386785471,1.7068745547141884,TP,10318.363723579776,2.7227142857142814,100.0,20.979330941647344
XAUUSDm,asym_sellBase_buy_body2.2_wick0.3_atr45_closeOff,momentum,2025-09-03 13:25:00+00:00,2025-09-03 13:30:00+00:00,2025-09-04 01:30:00+00:00,BUY,session_breakout,3560.467692197248,3545.048,3588.223138152295,1.8,1.6213034397963626,0.12008142857142663,0.04565148296264115,1.1527672863447334,-17.524169839098438,-18.67693712544317,-0.7470774850177269,TIMEOUT,10299.686786454333,4.002714285714221,100.0,20.93352068030542
XAUUSDm,asym_sellBase_buy_body2.2_wick0.3_atr45_closeOff,momentum,2025-09-04 13:35:00+00:00,2025-09-04 13:40:00+00:00,2025-09-04 14:00:00+00:00,BUY,session_breakout,3558.0746295902172,3539.71,3591.1309628526083,1.8,1.3613125098541308,0.13142357142856975,0.10091780450292727,0.966230300851153,-25.000000000000004,-25.966230300851155,-1.038649212034046,SL,10273.720556153481,4.3807857142856585,99.0,19.552379694708875
XAUUSDm,asym_sellBase_buy_body2.2_wick0.3_atr45_closeOff,momentum,2025-09-12 12:20:00+00:00,2025-09-12 12:25:00+00:00,2025-09-12 13:10:00+00:00,SELL,session_breakout,3643.2007473434487,3649.349,3632.133892561656,1.8,4.06619594159985,0.063953571428571,0.040275870837083845,2.9652936186562946,-25.0,-27.965293618656293,-1.1186117447462518,SL,10245.755262534825,2.1317857142857,65.0,21.061426016204223
XAUUSDm,asym_sellBase_buy_body2.2_wick0.3_atr45_closeOff,momentum,2025-09-25 12:50:00+00:00,2025-09-25 12:55:00+00:00,2025-09-25 18:40:00+00:00,SELL,session_breakout,3732.352157012858,3755.926,3689.9192396360017,1.8,1.060497434111007,0.14623071428571327,0.10172762999928778,0.7941299771421636,-24.999999999999996,-25.79412997714216,-1.0317651990856864,SL,10219.961132557683,4.874357142857109,100.0,19.87710691908853
XAUUSDm,asym_sellBase_buy_body2.2_wick0.3_atr45_closeOff,momentum,2025-10-01 12:45:00+00:00,2025-10-01 12:50:00+00:00,2025-10-02 00:50:00+00:00,SELL,session_breakout,3870.8361425991425,3891.122,3834.321599277599,1.8,1.2323856717509705,0.1346742857142866,0.11252025800061001,0.9524210623545686,16.515376124274816,15.562955061920247,0.6225182024768098,TIMEOUT,10235.524087619602,4.489142857142887,96.0,18.3325867553591
XAUUSDm,asym_sellBase_buy_body2.2_wick0.3_atr45_closeOff,momentum,2025-10-09 13:40:00+00:00,2025-10-09 13:45:00+00:00,2025-10-09 16:40:00+00:00,SELL,session_breakout,4031.145245157681,4057.981,3982.8408864415064,1.8,0.9315929492907642,0.18705642857143076,0.13922662803314753,0.746577297591177,45.00000000000017,44.25342270240899,1.7701369080963596,TP,10279.777510322012,6.235214285714359,100.0,19.2834809256265
XAUUSDm,asym_sellBase_buy_body2.2_wick0.3_atr45_closeOff,momentum,2025-10-21 12:10:00+00:00,2025-10-21 12:15:00+00:00,2025-10-21 14:20:00+00:00,SELL,session_breakout,4225.214743878003,4267.064,4149.8860828584075,1.8,0.597382183499773,0.2890564285714325,0.19872790771086982,0.5003136018906551,45.00000000000021,44.49968639810956,1.7799874559243825,TP,10324.27719672012,9.635214285714417,84.0,57.438051634424795
XAUUSDm,asym_sellBase_buy_body2.2_wick0.3_atr45_closeOff,momentum,2025-10-22 13:00:00+00:00,2025-10-22 13:05:00+00:00,2025-10-22 14:45:00+00:00,BUY,session_breakout,4066.6371781315625,4023.09,4145.022098768374,1.8,0.5740900116299475,0.39714642857142374,0.27460491727655206,0.4644231569776652,-25.0,-25.464423156977666,-1.0185769262791067,SL,10298.812773563142,13.238214285714125,64.0,38.975027111375816
XAUUSDm,asym_sellBase_buy_body2.2_wick0.3_atr45_closeOff,momentum,2025-10-24 12:30:00+00:00,2025-10-24 12:35:00+00:00,2025-10-26 22:05:00+00:00,BUY,session_breakout,4089.8918880399774,4058.775,4145.902286511937,1.8,0.8034222435058846,0.19440642857142945,0.09968482569123058,0.6571273995596782,-0.5462371744114721,-1.2033645739711503,-0.04813458295884601,TIMEOUT,10297.609408989172,6.4802142857143155,74.0,42.41032507024094
XAUUSDm,asym_sellBase_buy_body2.2_wick0.3_atr45_closeOff,momentum,2025-11-10 13:00:00+00:00,2025-11-10 13:05:00+00:00,2025-11-10 13:50:00+00:00,BUY,session_breakout,4105.105090559834,4092.184,4128.363053567535,1.8,1.9348212044666229,0.11574214285713975,0.037219488404919024,1.5860288751558087,-25.0,-26.586028875155808,-1.0634411550062324,SL,10271.023380114017,3.8580714285713253,82.0,50.15628024988935
XAUUSDm,asym_sellBase_buy_body2.2_wick0.3_atr45_closeOff,momentum,2025-11-14 12:10:00+00:00,2025-11-14 12:15:00+00:00,2025-11-14 13:20:00+00:00,SELL,session_breakout,4125.709804959305,4157.72,4068.091453886054,1.8,0.7810011769130746,0.2434607142857099,0.1474646835521639,0.6399368426550058,44.99999999999993,44.360063157344925,1.774402526293797,TP,10315.383443271361,8.115357142856997,100.0,35.25045599985121
XAUUSDm,asym_sellBase_buy_body2.2_wick0.3_atr45_closeOff,momentum,2025-11-14 13:25:00+00:00,2025-11-14 13:30:00+00:00,2025-11-16 23:00:00+00:00,SELL,session_breakout,4055.3894422585654,4119.67,3939.684438323983,1.8,0.3889200853010835,0.34366928571428257,0.1547230985774692,0.3163110172041984,-8.665356417354491,-8.98166743455869,-0.35926669738234757,TIMEOUT,10306.401775836803,11.455642857142752,100.0,46.13312162979941
XAUUSDm,asym_sellBase_buy_body2.2_wick0.3_atr45_closeOff,momentum,2025-11-18 13:35:00+00:00,2025-11-18 13:40:00+00:00,2025-11-19 01:40:00+00:00,BUY,session_breakout,4066.206634339964,4029.089,4133.018376151898,1.8,0.6735343036957229,0.20224714285714396,0.11851076853517141,0.5476906582907437,-0.5527253787563288,-1.1004160370470726,-0.044016641481882904,TIMEOUT,10305.301359799756,6.741571428571466,98.0,23.99220544731655
XAUUSDm,asym_sellBase_buy_body2.2_wick0.3_atr45_closeOff,momentum,2025-11-19 13:10:00+00:00,2025-11-19 13:15:00+00:00,2025-11-19 14:55:00+00:00,SELL,session_breakout,4102.923883669399,4120.01,4072.168874274318,1.8,1.4631762722594608,0.13318928571428126,0.11952168774275601,1.2031601746943403,-25.0,-26.20316017469434,-1.0481264069877736,SL,10279.098199625061,4.439642857142709,70.0,38.20990375075074
XAUUSDm,asym_sellBase_buy_body2.2_wick0.3_atr45_closeOff,momentum,2025-12-03 13:50:00+00:00,2025-12-03 13:55:00+00:00,2025-12-03 14:50:00+00:00,BUY,session_breakout,4236.169232649616,4211.353,4280.838451418925,1.8,1.0074051268368904,0.14135571428571309,0.06555479247260333,0.8510077206239838,-25.0,-25.851007720623983,-1.0340403088249592,SL,10253.247191904436,4.711857142857103,100.0,27.83795219721161
XAUUSDm,asym_sellBase_buy_body2.2_wick0.3_atr45_closeOff,momentum,2025-12-16 13:20:00+00:00,2025-12-16 13:25:00+00:00,2025-12-16 14:15:00+00:00,BUY,session_breakout,4300.987605926807,4289.067,4322.44469659506,1.8,2.0972088292743356,0.10657071428571661,0.03632056966434856,1.8085138363498372,45.0,43.19148616365016,1.7276594465460064,TP,10296.438678068087,3.5523571428572205,63.0,29.460394202997385
XAUUSDm,asym_sellBase_buy_body2.2_wick0.3_atr45_closeOff,momentum,2025-12-23 13:50:00+00:00,2025-12-23 13:55:00+00:00,2025-12-23 14:55:00+00:00,SELL,session_breakout,4478.898827754963,4497.359,4445.6705177138965,1.8,1.354266887012454,0.16868357142857154,0.0838304593226908,1.2086248745414887,45.00000000000025,43.79137512545876,1.7516550050183504,TP,10340.230053193545,5.622785714285718,100.0,24.530324010148064
XAUUSDm,asym_sellBase_buy_body2.2_wick0.3_atr45_closeOff,momentum,2025-12-29 13:40:00+00:00,2025-12-29 13:45:00+00:00,2025-12-29 14:40:00+00:00,SELL,session_breakout,4429.277560836045,4467.761,4360.007370340926,1.8,0.6496300887633717,0.21624642857142654,0.10931594966896484,0.5709783950007061,44.999999999999886,44.42902160499918,1.7771608641999672,TP,10384.659074798545,7.208214285714218,73.0,42.45223459079032
XAUUSDm,asym_sellBase_buy_body2.2_wick0.3_atr45_closeOff,momentum,2026-01-07 12:15:00+00:00,2026-01-07 12:20:00+00:00,2026-01-07 16:20:00+00:00,SELL,session_breakout,4442.029381676528,4455.798,4417.245868694278,1.8,1.8157232202000695,0.13742785714285674,0.10490439490132678,1.6155991786242059,-25.0,-26.615599178624205,-1.0646239671449682,SL,10358.043475619921,4.580928571428558,75.0,24.219487564866068
XAUUSDm,asym_sellBase_buy_body2.2_wick0.3_atr45_closeOff,momentum,2026-01-08 13:20:00+00:00,2026-01-08 13:25:00+00:00,2026-01-08 16:30:00+00:00,BUY,session_breakout,4432.237699290015,4417.26,4459.1975580120425,1.8,1.6691482126808481,0.1653042857142873,0.11404714715815313,1.4841123267893208,44.999999999999694,43.51588767321037,1.740635506928415,TP,10401.559363293132,5.51014285714291,83.0,28.359410028489833
XAUUSDm,asym_sellBase_buy_body2.2_wick0.3_atr45_closeOff,momentum,2026-01-30 13:20:00+00:00,2026-01-30 13:25:00+00:00,2026-01-30 17:43:00+00:00,SELL,session_breakout,5025.114195843266,5117.524,4858.776548361145,1.8,0.2705340653855094,0.8836500000000017,0.749979156733819,0.2673929144855827,45.0000000000001,44.732607085514516,1.7893042834205806,TP,10446.291970378647,29.45500000000006,71.0,48.48365673984146
XAUUSDm,asym_sellBase_buy_body2.2_wick0.3_atr45_closeOff,momentum,2026-02-04 12:30:00+00:00,2026-02-04 12:35:00+00:00,2026-02-04 12:59:00+00:00,BUY,session_breakout,5062.911578269011,5037.48,5108.688419153233,1.8,0.9830298275456324,0.28187571428571706,0.21564041186833421,0.9928986191329144,-25.0,-25.992898619132916,-1.0397159447653166,SL,10420.299071759513,9.395857142857235,45.0,27.185615352908528
XAUUSDm,asym_sellBase_buy_body2.2_wick0.3_atr45_closeOff,momentum,2026-02-17 13:55:00+00:00,2026-02-17 14:00:00+00:00,2026-02-18 02:00:00+00:00,SELL,session_breakout,4869.890453997377,4924.239,4772.063071192657,1.8,0.45999390671451973,0.3260078571428546,0.19054207405121765,0.44889988655476304,-8.758995135630549,-9.207895022185312,-0.3683158008874125,TIMEOUT,10411.091176737327,10.866928571428486,88.0,20.56358489368482
XAUUSDm,asym_sellBase_buy_body2.2_wick0.3_atr45_closeOff,momentum,2026-02-18 13:05:00+00:00,2026-02-18 13:10:00+00:00,2026-02-19 01:10:00+00:00,BUY,session_breakout,4955.28561287513,4917.985,5022.426716050365,1.8,0.6702302743306502,0.21361500000000172,0.18580537512930598,0.6647299366150475,4.934494742430141,4.269764805815094,0.17079059223260376,TIMEOUT,10415.360941543142,7.120500000000058,100.0,18.559749289996407
XAUUSDm,asym_sellBase_buy_body2.2_wick0.3_atr45_closeOff,momentum,2026-02-19 13:35:00+00:00,2026-02-19 13:40:00+00:00,2026-02-19 14:30:00+00:00,BUY,session_breakout,4994.658359614899,4971.705,5035.974406921719,1.8,1.089165177535581,0.19561928571427936,0.08154997204246464,1.0855015917959072,-25.0,-26.085501591795907,-1.0434200636718363,SL,10389.275439951347,6.520642857142645,99.0,31.84451899181582
XAUUSDm,asym_sellBase_buy_body2.2_wick0.3_atr45_closeOff,momentum,2026-02-24 13:35:00+00:00,2026-02-24 13:40:00+00:00,2026-02-24 14:13:00+00:00,SELL,session_breakout,5138.4445411526685,5161.12,5097.628715227472,1.8,1.1025135221438844,0.2371114285714267,0.07490313304603986,1.128540917881449,45.0000000000004,43.871459082118946,1.7548583632847579,TP,10433.146899033465,7.903714285714224,92.0,28.697801795800675
XAUUSDm,asym_sellBase_buy_body2.2_wick0.3_atr45_closeOff,momentum,2026-02-27 13:20:00+00:00,2026-02-27 13:25:00+00:00,2026-03-01 23:01:00+00:00,BUY,session_breakout,5234.914643413332,5182.863,5328.607601557328,1.8,0.48029223211033134,0.19656642857142806,0.07136019904664397,0.5069252357510632,40.67467952653439,40.16775429078333,1.6067101716313332,TIMEOUT,10473.314653324249,6.552214285714269,100.0,21.011152787242228
XAUUSDm,asym_sellBase_buy_body2.2_wick0.3_atr45_closeOff,momentum,2026-03-06 13:30:00+00:00,2026-03-06 13:35:00+00:00,2026-03-08 22:03:00+00:00,BUY,session_breakout,5124.1237415907,5065.362,5229.894876453959,1.8,0.4254468864135359,0.3191828571428576,0.2571501621279212,0.43838377925227817,23.752809607899753,23.314425828647476,0.932577033145899,TIMEOUT,10496.629079152897,10.639428571428587,100.0,32.269028977247274
XAUUSDm,asym_sellBase_buy_body2.2_wick0.3_atr45_closeOff,momentum,2026-03-11 12:55:00+00:00,2026-03-11 13:00:00+00:00,2026-03-12 01:00:00+00:00,SELL,session_breakout,5166.923747486592,5196.653,5113.411092962458,1.8,0.8409225892485822,0.24058499999999836,0.14996001340801998,0.8684730420676392,5.235371696432713,4.366898654365074,0.17467594617460297,TIMEOUT,10500.995977807263,8.019499999999946,100.0,33.44240933449603
XAUUSDm,asym_sellBase_buy_body2.2_wick0.3_atr45_closeOff,momentum,2026-03-18 12:05:00+00:00,2026-03-18 12:10:00+00:00,2026-03-18 20:28:00+00:00,SELL,session_breakout,4913.174014775894,4966.259,4817.621041372502,1.8,0.4709429586249055,0.37023642857142863,0.15286700982056153,0.4582649413515129,45.00000000000017,44.541735058648655,1.7816694023459463,TP,10545.537712865911,12.341214285714289,100.0,40.301700145599256
XAUUSDm,asym_sellBase_buy_body2.2_wick0.3_atr45_closeOff,momentum,2026-03-19 12:00:00+00:00,2026-03-19 12:05:00+00:00,2026-03-19 13:02:00+00:00,SELL,session_breakout,4630.006913409661,4695.267,4512.538757547051,1.8,0.3830825441120558,0.40764214285714323,0.2652655189105003,0.35023496552907596,45.00000000000007,44.649765034470995,1.7859906013788398,TP,10590.187477900383,13.58807142857144,45.0,62.785720474995564
XAUUSDm,asym_sellBase_buy_body2.2_wick0.3_atr45_closeOff,momentum,2026-03-20 13:30:00+00:00,2026-03-20 13:35:00+00:00,2026-03-20 14:15:00+00:00,SELL,session_breakout,4644.9124002851595,4681.746,4578.611920798447,1.8,0.6787281230600783,0.32604642857143384,0.1325765005539139,0.626026535044806,44.99999999999987,44.373973464955064,1.7749589385982025,TP,10634.561451365338,10.868214285714462,70.0,18.014851889985096
XAUUSDm,asym_sellBase_buy_body2.2_wick0.3_atr45_closeOff,momentum,2026-03-30 13:40:00+00:00,2026-03-30 13:45:00+00:00,2026-03-31 01:24:00+00:00,SELL,session_breakout,4544.182772450134,4578.633,4482.172362860374,1.8,0.7256846116273936,0.28368857142857123,0.22338326415225826,0.6620287020778737,-25.0,-25.662028702077873,-1.0264811480831149,SL,10608.89942266326,9.456285714285709,89.0,42.69311928505708
XAUUSDm,asym_sellBase_buy_body2.2_wick0.3_atr45_closeOff,momentum,2026-04-09 13:35:00+00:00,2026-04-09 13:40:00+00:00,2026-04-10 01:40:00+00:00,BUY,session_breakout,4770.30898058224,4738.562,4827.453545630273,1.8,0.7874764636352666,0.22024499999999989,0.13485808223966161,0.7515370600252529,2.3585072996165817,1.6069702395913288,0.06427880958365315,TIMEOUT,10610.506392902851,7.341499999999996,85.0,19.548493915416145
XAUUSDm,asym_sellBase_buy_body2.2_wick0.3_atr45_closeOff,momentum,2026-04-17 13:05:00+00:00,2026-04-17 13:10:00+00:00,2026-04-19 22:01:00+00:00,BUY,session_breakout,4862.702934467284,4811.482,4954.900616508395,1.8,0.48808168495965637,0.27648857142857586,0.15669018156973935,0.4721792483426115,-25.0,-25.472179248342613,-1.0188871699337045,SL,10585.034213654508,9.216285714285862,100.0,23.682725240557893
XAUUSDm,asym_sellBase_buy_body2.2_wick0.3_atr45_closeOff,momentum,2026-04-20 13:25:00+00:00,2026-04-20 13:30:00+00:00,2026-04-20 14:51:00+00:00,BUY,session_breakout,4824.366060665686,4799.549,4869.03676986392,1.8,1.0073715149742568,0.2057849999999988,0.10516816568570642,0.9694857894646359,-25.0,-25.969485789464635,-1.0387794315785854,SL,10559.064727865043,6.859499999999961,99.0,18.41847392036155
XAUUSDm,asym_sellBase_buy_body2.2_wick0.3_atr45_closeOff,momentum,2026-04-29 12:50:00+00:00,2026-04-29 12:55:00+00:00,2026-04-30 00:45:00+00:00,SELL,session_breakout,4544.922784277976,4568.888,4501.7853959783315,1.8,1.0431785922554684,0.17339357142857026,0.1285189363096722,0.9507332304025806,-25.0,-25.95073323040258,-1.0380293292161031,SL,10533.113994634641,5.7797857142856754,95.0,20.702548664922677
XAUUSDm,asym_sellBase_buy_body2.2_wick0.3_atr45_closeOff,momentum,2026-05-01 13:50:00+00:00,2026-05-01 13:55:00+00:00,2026-05-03 22:03:00+00:00,BUY,session_breakout,4617.035068848384,4586.483,4672.028792775475,1.8,0.8182751919048001,0.22602857142856853,0.12505456267032725,0.7563660512418401,7.6499984321933,6.89363238095146,0.2757452952380584,TIMEOUT,10540.007627015593,7.534285714285618,100.0,38.294848342025965
XAUUSDm,buy_strict_body2.2_wick0.3_atr45_close20,momentum,2025-01-07 13:10:00+00:00,2025-01-07 13:15:00+00:00,2025-01-07 15:00:00+00:00,BUY,session_breakout,2654.975055911924,2647.585,2668.2771565533867,1.8,3.382924337509092,0.06860785714285579,0.057751983352780416,1.793815946424802,-25.0,-26.7938159464248,-1.071752637856992,SL,9973.206184053575,2.2869285714285263,100.0,29.35827353571139
XAUUSDm,buy_strict_body2.2_wick0.3_atr45_close20,momentum,2025-01-15 13:55:00+00:00,2025-01-15 14:00:00+00:00,2025-01-15 14:30:00+00:00,BUY,session_breakout,2693.947934681974,2682.127,2715.2256171095273,1.8,2.1148919838059044,0.10109571428571404,0.06138682483164762,1.136981778369876,-25.0,-26.136981778369876,-1.045479271134795,SL,9947.069202275205,3.3698571428571347,100.0,29.527297783745972
XAUUSDm,buy_strict_body2.2_wick0.3_atr45_close20,momentum,2025-01-24 13:40:00+00:00,2025-01-24 13:45:00+00:00,2025-01-24 14:15:00+00:00,BUY,session_breakout,2783.992634532487,2777.85,2795.049376690964,1.8,4.0699149310902545,0.05255785714285528,0.04735560391535518,2.263622638265813,-25.0,-27.26362263826581,-1.0905449055306324,SL,9919.805579636939,1.7519285714285096,50.0,34.62164324979766
XAUUSDm,buy_strict_body2.2_wick0.3_atr45_close20,momentum,2025-02-03 12:35:00+00:00,2025-02-03 12:40:00+00:00,2025-02-03 14:45:00+00:00,BUY,session_breakout,2808.074153442939,2800.096,2822.434829640229,1.8,3.133557179465659,0.06067071428571547,0.047818085795851874,1.7643521847986148,45.0,43.23564781520138,1.7294259126080553,TP,9963.04122745214,2.0223571428571825,47.0,32.5962657261514
XAUUSDm,buy_strict_body2.2_wick0.3_atr45_close20,momentum,2025-02-24 13:55:00+00:00,2025-02-24 14:00:00+00:00,2025-02-24 14:20:00+00:00,BUY,session_breakout,2954.456721217399,2946.923,2968.017419408717,1.8,3.3184132089017067,0.07127785714285698,0.02608228882703741,1.958321641763249,-25.0,-26.95832164176325,-1.07833286567053,SL,9936.082905810377,2.375928571428566,88.0,20.21311523242239
XAUUSDm,buy_strict_body2.2_wick0.3_atr45_close20,momentum,2025-04-02 12:25:00+00:00,2025-04-02 12:30:00+00:00,2025-04-02 13:50:00+00:00,BUY,session_breakout,3125.9630325044077,3117.046,3142.013691012342,1.8,2.803623289209946,0.08566285714285543,0.08420107583640189,1.750304551827741,-25.0,-26.750304551827742,-1.0700121820731097,SL,9909.33260125855,2.8554285714285146,72.0,23.02494613702874
XAUUSDm,buy_strict_body2.2_wick0.3_atr45_close20,momentum,2025-04-21 13:00:00+00:00,2025-04-21 13:05:00+00:00,2025-04-22 01:05:00+00:00,BUY,session_breakout,3421.3727518351006,3398.008,3463.429305138282,1.8,1.0699878250982549,0.13261714285714366,0.11044326367231197,0.7333226563034799,11.572183861858663,10.838861205555183,0.43355444822220734,TIMEOUT,9920.171462464104,4.4205714285714555,100.0,28.364920124046165
XAUUSDm,buy_strict_body2.2_wick0.3_atr45_close20,momentum,2025-05-09 13:25:00+00:00,2025-05-09 13:30:00+00:00,2025-05-09 14:00:00+00:00,BUY,session_breakout,3339.951793086731,3328.669,3360.2608206428467,1.8,2.2157634025391078,0.10501285714285587,0.08928665815945964,1.4776085898732898,-25.0,-26.47760858987329,-1.0591043435949317,SL,9893.69385387423,3.500428571428529,49.0,23.16619450277093
XAUUSDm,buy_strict_body2.2_wick0.3_atr45_close20,momentum,2025-05-15 12:50:00+00:00,2025-05-15 12:55:00+00:00,2025-05-15 15:05:00+00:00,BUY,session_breakout,3188.617838182938,3177.747,3208.185346912227,1.8,2.2997306720320134,0.1302021428571457,0.05073711150964223,1.4710924487715429,44.999999999999794,43.52890755122825,1.74115630204913,TP,9937.222761425459,4.340071428571524,65.0,28.573355861432
XAUUSDm,buy_strict_body2.2_wick0.3_atr45_close20,momentum,2025-05-29 12:55:00+00:00,2025-05-29 13:00:00+00:00,2025-05-30 01:00:00+00:00,BUY,session_breakout,3316.54287105983,3304.421,3338.362238967524,1.8,2.062387883570719,0.11555142857142948,0.07109534554404998,1.3671500955465494,-8.494709767783213,-9.861859863329762,-0.3944743945331905,TIMEOUT,9927.36090156213,3.8517142857143165,100.0,37.63242241008216
XAUUSDm,buy_strict_body2.2_wick0.3_atr45_close20,momentum,2025-05-30 12:10:00+00:00,2025-05-30 12:15:00+00:00,2025-05-30 13:40:00+00:00,BUY,session_breakout,3302.997849591059,3288.365,3329.3369788549658,1.8,1.7084847243475412,0.14142642857142912,0.07913637677341807,1.1261242741158204,-25.0,-26.12612427411582,-1.0450449709646328,SL,9901.234777288013,4.714214285714304,100.0,26.073140583746437
XAUUSDm,buy_strict_body2.2_wick0.3_atr45_close20,momentum,2025-06-11 12:15:00+00:00,2025-06-11 12:20:00+00:00,2025-06-11 12:35:00+00:00,BUY,session_breakout,3338.1404248137273,3327.196,3357.840389478437,1.8,2.2842680566129756,0.09899999999999863,0.0939248137272068,1.5295415081780932,45.00000000000042,43.47045849182233,1.7388183396728931,TP,9944.705235779835,3.2999999999999545,97.0,30.652943272538636
XAUUSDm,buy_strict_body2.2_wick0.3_atr45_close20,momentum,2025-06-20 13:50:00+00:00,2025-06-20 13:55:00+00:00,2025-06-22 22:05:00+00:00,BUY,session_breakout,3372.0830400464183,3348.68,3414.2085121299715,1.8,1.0682372867120702,0.11116928571428453,0.08345540356128202,0.7214104478148681,9.734803614729755,9.013393166914886,0.36053572667659545,TIMEOUT,9953.71862894675,3.7056428571428177,98.0,19.55623931036536
XAUUSDm,buy_strict_body2.2_wick0.3_atr45_close20,momentum,2025-07-11 12:45:00+00:00,2025-07-11 12:50:00+00:00,2025-07-13 22:05:00+00:00,BUY,session_breakout,3356.051461565219,3344.356,3377.1032923826133,1.8,2.1375813054140065,0.09554357142856848,0.08368977950492858,1.4359500529553226,11.834801054894099,10.398851001938777,0.41595404007755105,TIMEOUT,9964.117479948689,3.184785714285616,100.0,24.363230310504886
XAUUSDm,buy_strict_body2.2_wick0.3_atr45_close20,momentum,2025-07-18 12:00:00+00:00,2025-07-18 12:05:00+00:00,2025-07-18 14:15:00+00:00,BUY,session_breakout,3358.2943908635184,3351.982,3369.6566944178517,1.8,3.96046451186728,0.058890000000000914,0.035945863518259624,2.657581151083582,-25.0,-27.657581151083583,-1.1063032460433433,SL,9936.459898797606,1.9630000000000305,82.0,31.83987434693921
XAUUSDm,buy_strict_body2.2_wick0.3_atr45_close20,momentum,2025-07-21 12:20:00+00:00,2025-07-21 12:25:00+00:00,2025-07-21 14:25:00+00:00,BUY,session_breakout,3380.963058832151,3371.579,3397.8543647300226,1.8,2.6640924196198554,0.06679285714285828,0.030662403579904907,1.8059396112098984,44.99999999999952,43.194060388789616,1.7277624155515847,TP,9979.653959186395,2.226428571428609,94.0,27.99741884698307
XAUUSDm,buy_strict_body2.2_wick0.3_atr45_close20,momentum,2025-07-22 12:55:00+00:00,2025-07-22 13:00:00+00:00,2025-07-22 16:50:00+00:00,BUY,session_breakout,3407.6119012692484,3393.754,3432.5561235538958,1.8,1.80402497566327,0.08744357142857,0.0601794835342032,1.233983395451425,45.00000000000016,43.76601660454874,1.7506406641819496,TP,10023.419975790943,2.914785714285667,100.0,24.906157185601465
XAUUSDm,buy_strict_body2.2_wick0.3_atr45_close20,momentum,2025-08-01 12:30:00+00:00,2025-08-01 12:35:00+00:00,2025-08-03 22:05:00+00:00,BUY,session_breakout,3328.090844984656,3296.811,3384.394565957037,1.8,0.7992366973769703,0.12649285714285852,0.043598556084601815,0.5348085842710467,28.221171678332208,27.68636309406116,1.1074545237624465,TIMEOUT,10051.106338885003,4.216428571428618,100.0,27.262211762494214
XAUUSDm,buy_strict_body2.2_wick0.3_atr45_close20,momentum,2025-08-04 13:00:00+00:00,2025-08-04 13:05:00+00:00,2025-08-05 01:05:00+00:00,BUY,session_breakout,3372.380537794411,3361.037,3392.7989058243506,1.8,2.203897977253394,0.08956285714285676,0.07875636583975974,1.48851611820831,20.395890535466318,18.90737441725801,0.7562949766903203,TIMEOUT,10070.013713302262,2.985428571428559,100.0,18.452596237814085
XAUUSDm,buy_strict_body2.2_wick0.3_atr45_close20,momentum,2025-08-05 12:25:00+00:00,2025-08-05 12:30:00+00:00,2025-08-05 14:20:00+00:00,BUY,session_breakout,3360.9199923430356,3349.903,3380.7505785605,1.8,2.2692218730462637,0.08291357142857188,0.06153555732141684,1.5298346320366596,44.999999999999794,43.47016536796313,1.7388066147185253,TP,10113.483878670226,2.763785714285729,100.0,39.83255098002978
XAUUSDm,buy_strict_body2.2_wick0.3_atr45_close20,momentum,2025-08-06 12:50:00+00:00,2025-08-06 12:55:00+00:00,2025-08-07 00:55:00+00:00,BUY,session_breakout,3368.5920984666673,3360.141,3383.8040757066683,1.8,2.9581953279334,0.07221857142856997,0.05998918095310612,1.9940982006819075,11.075192024146949,9.081093823465041,0.3632437529386016,TIMEOUT,10122.56497249369,2.4072857142856656,95.0,26.669520520968696
XAUUSDm,buy_strict_body2.2_wick0.3_atr45_close20,momentum,2025-08-20 12:00:00+00:00,2025-08-20 12:05:00+00:00,2025-08-20 13:40:00+00:00,BUY,session_breakout,3334.591406666646,3328.646,3345.2931386666082,1.8,4.204926828681374,0.05190642857142652,0.02845345236044215,2.8088425737165883,44.99999999999923,42.19115742628264,1.6876462970513058,TP,10164.756129919973,1.7302142857142175,98.0,33.17162831817436
XAUUSDm,buy_strict_body2.2_wick0.3_atr45_close20,momentum,2025-08-28 12:05:00+00:00,2025-08-28 12:10:00+00:00,2025-08-28 12:30:00+00:00,BUY,session_breakout,3408.1341978866258,3401.401,3420.2539540825524,1.8,3.712945976184243,0.06637285714285845,0.06501145805427003,2.5283436312678123,-25.0,-27.528343631267813,-1.1011337452507126,SL,10137.227786288706,2.212428571428615,100.0,28.685871396469178
XAUUSDm,buy_strict_body2.2_wick0.3_atr45_close20,momentum,2025-08-29 13:30:00+00:00,2025-08-29 13:35:00+00:00,2025-08-29 14:10:00+00:00,BUY,session_breakout,3421.057411129211,3413.653,3434.3853511617904,1.8,3.376365731688376,0.08168142857142845,0.07557041492526775,2.314648201815044,44.99999999999939,42.68535179818434,1.7074140719273736,TP,10179.91313808689,2.7227142857142814,100.0,20.979330941647344
XAUUSDm,buy_strict_body2.2_wick0.3_atr45_close20,momentum,2025-09-03 13:25:00+00:00,2025-09-03 13:30:00+00:00,2025-09-04 01:30:00+00:00,BUY,session_breakout,3560.5234937244704,3545.048,3588.3793824285176,1.8,1.6154573446964542,0.12008142857142663,0.10145301018495613,1.1486196531619346,-17.551126183604115,-18.69974583676605,-0.747989833470642,TIMEOUT,10161.213392250123,4.002714285714221,100.0,20.93352068030542
XAUUSDm,buy_strict_body2.2_wick0.3_atr45_close20,momentum,2025-09-04 13:35:00+00:00,2025-09-04 13:40:00+00:00,2025-09-04 14:00:00+00:00,BUY,session_breakout,3558.03104493703,3539.71,3591.008925823684,1.8,1.3645509896365573,0.13142357142856975,0.05733315131547423,0.9685229567052837,-25.0,-25.968522956705282,-1.0387409182682112,SL,10135.244869293418,4.3807857142856585,99.0,19.552379694708875
XAUUSDm,buy_strict_body2.2_wick0.3_atr45_close20,momentum,2025-10-22 13:00:00+00:00,2025-10-22 13:05:00+00:00,2025-10-22 14:45:00+00:00,BUY,session_breakout,4066.611466748696,4023.09,4144.950106896348,1.8,0.5744291695028686,0.39714642857142374,0.24889353441005033,0.4646960495070592,-25.0,-25.464696049507058,-1.0185878419802823,SL,10109.780173243911,13.238214285714125,64.0,38.975027111375816
XAUUSDm,buy_strict_body2.2_wick0.3_atr45_close20,momentum,2025-10-24 12:30:00+00:00,2025-10-24 12:35:00+00:00,2025-10-26 22:05:00+00:00,BUY,session_breakout,4089.8564861564228,4058.775,4145.803161237984,1.8,0.804337343271921,0.19440642857142945,0.064282942136701,0.657873021659415,-0.5183842828326243,-1.1762573044920392,-0.04705029217968157,TIMEOUT,10108.603915939419,6.4802142857143155,74.0,42.41032507024094
XAUUSDm,buy_strict_body2.2_wick0.3_atr45_close20,momentum,2025-11-10 13:00:00+00:00,2025-11-10 13:05:00+00:00,2025-11-10 13:50:00+00:00,BUY,session_breakout,4105.115094171789,4092.184,4128.391063681008,1.8,1.9333244092013375,0.11574214285713975,0.04722310035970828,1.5848038428286333,-25.0,-26.584803842828634,-1.0633921537131454,SL,10082.01911209659,3.8580714285713253,82.0,50.15628024988935
XAUUSDm,buy_strict_body2.2_wick0.3_atr45_close20,momentum,2025-11-18 13:35:00+00:00,2025-11-18 13:40:00+00:00,2025-11-19 01:40:00+00:00,BUY,session_breakout,4066.245499003743,4029.089,4133.1271972104805,1.8,0.6728298055605688,0.20224714285714396,0.15737543231453774,0.5471204040364885,-0.5782965475680177,-1.1254169516045063,-0.04501667806418025,TIMEOUT,10080.893695144985,6.741571428571466,98.0,23.99220544731655
XAUUSDm,buy_strict_body2.2_wick0.3_atr45_close20,momentum,2025-12-03 13:50:00+00:00,2025-12-03 13:55:00+00:00,2025-12-03 14:50:00+00:00,BUY,session_breakout,4236.219778041994,4211.353,4280.979978517583,1.8,1.0053574273989703,0.14135571428571309,0.11610018485063589,0.8492830035897873,-25.0,-25.849283003589786,-1.0339713201435914,SL,10055.044412141395,4.711857142857103,100.0,27.83795219721161
XAUUSDm,buy_strict_body2.2_wick0.3_atr45_close20,momentum,2025-12-16 13:20:00+00:00,2025-12-16 13:25:00+00:00,2025-12-16 14:15:00+00:00,BUY,session_breakout,4301.055432313714,4289.067,4322.634610478399,1.8,2.0853435499987554,0.10657071428571661,0.1041469565704424,1.7983356407925022,44.999999999999616,43.201664359207115,1.7280665743682848,TP,10098.246076500602,3.5523571428572205,63.0,29.460394202997385
XAUUSDm,buy_strict_body2.2_wick0.3_atr45_close20,momentum,2026-01-08 13:20:00+00:00,2026-01-08 13:25:00+00:00,2026-01-08 16:30:00+00:00,BUY,session_breakout,4432.2109456582375,4417.26,4459.122647843064,1.8,1.6721350322229378,0.1653042857142873,0.08729351538052653,1.486751038487419,44.999999999999694,43.513248961512275,1.740529958460491,TP,10141.759325462113,5.51014285714291,83.0,28.359410028489833
XAUUSDm,buy_strict_body2.2_wick0.3_atr45_close20,momentum,2026-02-04 12:30:00+00:00,2026-02-04 12:35:00+00:00,2026-02-04 12:59:00+00:00,BUY,session_breakout,5062.853597087405,5037.48,5108.526071844736,1.8,0.985276148032188,0.28187571428571706,0.15765923026257392,0.9951617780378372,-25.0,-25.995161778037836,-1.0398064711215134,SL,10115.764163684076,9.395857142857235,45.0,27.185615352908528
XAUUSDm,buy_strict_body2.2_wick0.3_atr45_close20,momentum,2026-02-19 13:35:00+00:00,2026-02-19 13:40:00+00:00,2026-02-19 14:30:00+00:00,BUY,session_breakout,4994.699793349255,4971.705,5036.090421377914,1.8,1.0872026384533726,0.19561928571427936,0.12298370639761756,1.083550158722365,-24.999999999999996,-26.08355015872236,-1.0433420063488945,SL,10089.680613525354,6.520642857142645,99.0,31.84451899181582
XAUUSDm,buy_strict_body2.2_wick0.3_atr45_close20,momentum,2026-02-27 13:20:00+00:00,2026-02-27 13:25:00+00:00,2026-03-01 23:01:00+00:00,BUY,session_breakout,5234.928323738717,5182.863,5328.645906468408,1.8,0.4801660338358652,0.19656642857142806,0.08504052443166926,0.506792696454999,40.65742330068217,40.15063060422717,1.6060252241690867,TIMEOUT,10129.83124412958,6.552214285714269,100.0,21.011152787242228
XAUUSDm,buy_strict_body2.2_wick0.3_atr45_close20,momentum,2026-03-06 13:30:00+00:00,2026-03-06 13:35:00+00:00,2026-03-08 22:03:00+00:00,BUY,session_breakout,5123.991374387809,5065.362,5229.524248285864,1.8,0.4264074154132282,0.3191828571428576,0.12478295923695107,0.4393678715651793,23.862878547032494,23.423510675467316,0.9369404270186926,TIMEOUT,10153.254754805048,10.639428571428587,100.0,32.269028977247274
XAUUSDm,buy_strict_body2.2_wick0.3_atr45_close20,momentum,2026-04-09 13:35:00+00:00,2026-04-09 13:40:00+00:00,2026-04-10 01:40:00+00:00,BUY,session_breakout,4770.3135361420345,4738.562,4827.466301197697,1.8,0.7873634802476048,0.22024499999999989,0.13941364203364148,0.7514295917408865,2.3545820307624354,1.603152439021549,0.06412609756086196,TIMEOUT,10154.85790724407,7.341499999999996,85.0,19.548493915416145
XAUUSDm,buy_strict_body2.2_wick0.3_atr45_close20,momentum,2026-04-17 13:05:00+00:00,2026-04-17 13:10:00+00:00,2026-04-19 22:01:00+00:00,BUY,session_breakout,4862.673107346377,4811.482,4954.817100569856,1.8,0.488366071685873,0.27648857142857586,0.12686306066257969,0.47245291266545747,-25.0,-25.472452912665457,-1.0188981165066182,SL,10129.385454331405,9.216285714285862,100.0,23.682725240557893
XAUUSDm,buy_strict_body2.2_wick0.3_atr45_close20,momentum,2026-04-20 13:25:00+00:00,2026-04-20 13:30:00+00:00,2026-04-20 14:51:00+00:00,BUY,session_breakout,4824.419114371028,4799.549,4869.1853202388775,1.8,1.0052225585710843,0.2057849999999988,0.15822187102701735,0.9674229851534579,-24.999999999999996,-25.967422985153455,-1.0386969194061384,SL,10103.418031346251,6.859499999999961,99.0,18.41847392036155
XAUUSDm,buy_strict_body2.2_wick0.3_atr45_close20,momentum,2026-05-01 13:50:00+00:00,2026-05-01 13:55:00+00:00,2026-05-03 22:03:00+00:00,BUY,session_breakout,4617.046989033746,4586.483,4672.06216929449,1.8,0.8179560584319397,0.22602857142856853,0.13697474803254983,0.756072037817769,7.6372646874926975,6.8811926496749285,0.27524770598699716,TIMEOUT,10110.299223995926,7.534285714285618,100.0,38.294848342025965
XAUUSDm,asym_sellBase_buy_body2.2_wick0.3_atr45_close20,momentum,2025-01-03 13:15:00+00:00,2025-01-03 13:20:00+00:00,2025-01-03 16:50:00+00:00,SELL,session_breakout,2652.005430036269,2658.656,2640.0344041015533,1.8,3.7590763102016957,0.04961357142857001,0.04176317801689456,1.98931815731512,45.0,43.01068184268488,1.7204272737073953,TP,10043.010681842685,1.653785714285667,73.0,20.836599199556407
XAUUSDm,asym_sellBase_buy_body2.2_wick0.3_atr45_close20,momentum,2025-01-06 13:30:00+00:00,2025-01-06 13:35:00+00:00,2025-01-06 14:15:00+00:00,SELL,session_breakout,2638.225875719044,2648.848,2619.106052013323,1.8,2.353578186316398,0.09765428571428304,0.05929713809885488,1.2373541743335637,45.00000000000021,43.76264582566665,1.750505833026666,TP,10086.773327668352,3.255142857142768,99.0,33.51748168707531
XAUUSDm,asym_sellBase_buy_body2.2_wick0.3_atr45_close20,momentum,2025-01-07 13:10:00+00:00,2025-01-07 13:15:00+00:00,2025-01-07 15:00:00+00:00,BUY,session_breakout,2654.9791208801166,2647.585,2668.2885384643264,1.8,3.3810645518694584,0.06860785714285579,0.061816951545560016,1.79283115831226,-25.0,-26.79283115831226,-1.0717132463324903,SL,10059.98049651004,2.2869285714285263,100.0,29.35827353571139
XAUUSDm,asym_sellBase_buy_body2.2_wick0.3_atr45_close20,momentum,2025-01-13 12:00:00+00:00,2025-01-13 12:05:00+00:00,2025-01-13 17:35:00+00:00,SELL,session_breakout,2673.064954967965,2680.55,2659.591873910302,1.8,3.3399932656387783,0.06136285714285707,0.048363603463073,1.7811037896416055,44.999999999999694,43.21889621035809,1.7287558484143235,TP,10103.199392720397,2.045428571428569,66.0,19.272499199964653
XAUUSDm,asym_sellBase_buy_body2.2_wick0.3_atr45_close20,momentum,2025-01-15 13:55:00+00:00,2025-01-15 14:00:00+00:00,2025-01-15 14:30:00+00:00,BUY,session_breakout,2693.9235412198063,2682.127,2715.157315415458,1.8,2.119265260398956,0.10109571428571404,0.03699336266367949,1.1393277150156143,-25.0,-26.139327715015614,-1.0455731086006246,SL,10077.06006500538,3.3698571428571347,100.0,29.527297783745972
XAUUSDm,asym_sellBase_buy_body2.2_wick0.3_atr45_close20,momentum,2025-01-23 13:10:00+00:00,2025-01-23 13:15:00+00:00,2025-01-23 14:30:00+00:00,SELL,session_breakout,2740.6472082537293,2746.514,2730.086983110442,1.8,4.261272784378476,0.08819785714285834,0.08669281769938418,2.338229072022893,-25.0,-27.338229072022894,-1.0935291628809158,SL,10049.721835933356,2.9399285714286116,100.0,21.034694030739566
XAUUSDm,asym_sellBase_buy_body2.2_wick0.3_atr45_close20,momentum,2025-01-24 13:40:00+00:00,2025-01-24 13:45:00+00:00,2025-01-24 14:15:00+00:00,BUY,session_breakout,2783.9890489959203,2777.85,2795.039337188577,1.8,4.0722919814801175,0.05255785714285528,0.04377006734893167,2.264943256150909,-25.0,-27.264943256150907,-1.0905977302460363,SL,10022.456892677206,1.7519285714285096,50.0,34.62164324979766
XAUUSDm,asym_sellBase_buy_body2.2_wick0.3_atr45_close20,momentum,2025-02-03 12:35:00+00:00,2025-02-03 12:40:00+00:00,2025-02-03 14:45:00+00:00,BUY,session_breakout,2808.077920329442,2800.096,2822.4453769224374,1.8,3.1320783681322513,0.06067071428571547,0.05158497229867488,1.763524022058729,45.000000000000284,43.23647597794155,1.729459039117662,TP,10065.693368655147,2.0223571428571825,47.0,32.5962657261514
XAUUSDm,asym_sellBase_buy_body2.2_wick0.3_atr45_close20,momentum,2025-02-11 12:45:00+00:00,2025-02-11 12:50:00+00:00,2025-02-11 13:15:00+00:00,SELL,session_breakout,2896.7206527845447,2904.236,2883.1930277967253,1.8,3.326526277932681,0.08019428571428665,0.03125007259816052,1.9227034742636195,44.999999999999694,43.077296525736074,1.723091861029443,TP,10108.770665180884,2.673142857142888,57.99999999999999,33.99080280425428
XAUUSDm,asym_sellBase_buy_body2.2_wick0.3_atr45_close20,momentum,2025-02-12 13:15:00+00:00,2025-02-12 13:20:00+00:00,2025-02-12 14:00:00+00:00,SELL,session_breakout,2874.1638297744685,2885.902,2853.0351233685114,1.8,2.1298038382185625,0.08443714285714382,0.05195165410239884,1.2267810312645253,-25.0,-26.226781031264526,-1.049071241250581,SL,10082.54388414962,2.814571428571461,97.0,21.687231563201554
XAUUSDm,asym_sellBase_buy_body2.2_wick0.3_atr45_close20,momentum,2025-02-13 13:00:00+00:00,2025-02-13 13:05:00+00:00,2025-02-13 18:50:00+00:00,SELL,session_breakout,2913.989674362585,2921.369,2900.7068882152375,1.8,3.3878434464584855,0.06448499999999967,0.036083137414846415,1.976928164267396,-25.0,-26.976928164267395,-1.0790771265706958,SL,10055.566955985352,2.149499999999989,60.0,18.43714716473585
XAUUSDm,asym_sellBase_buy_body2.2_wick0.3_atr45_close20,momentum,2025-02-14 13:40:00+00:00,2025-02-14 13:45:00+00:00,2025-02-14 16:45:00+00:00,SELL,session_breakout,2917.818552089009,2933.321,2889.914145849225,1.8,1.6126485406395195,0.10798928571428665,0.10245326813382452,0.9365831659754513,44.99999999999971,44.06341683402426,1.7625366733609704,TP,10099.630372819376,3.5996428571428885,100.0,18.863435153374482
XAUUSDm,asym_sellBase_buy_body2.2_wick0.3_atr45_close20,momentum,2025-02-24 13:55:00+00:00,2025-02-24 14:00:00+00:00,2025-02-24 14:20:00+00:00,BUY,session_breakout,2954.484147613948,2946.923,2968.094213319055,1.8,3.306376396339811,0.07127785714285698,0.05350868537672173,1.951227329806181,-25.0,-26.95122732980618,-1.0780490931922473,SL,10072.67914548957,2.375928571428566,88.0,20.21311523242239
XAUUSDm,asym_sellBase_buy_body2.2_wick0.3_atr45_close20,momentum,2025-02-28 12:50:00+00:00,2025-02-28 12:55:00+00:00,2025-02-28 14:40:00+00:00,SELL,session_breakout,2855.008540725002,2864.502,2837.920314030006,1.8,2.6333920308522925,0.06792428571428445,0.05949713214047275,1.4991713478320907,45.000000000000234,43.500828652168146,1.7400331460867258,TP,10116.179974141738,2.264142857142815,71.0,21.169540131150995
XAUUSDm,asym_sellBase_buy_body2.2_wick0.3_atr45_close20,momentum,2025-03-03 13:05:00+00:00,2025-03-03 13:10:00+00:00,2025-03-03 14:30:00+00:00,SELL,session_breakout,2871.0504769709864,2877.716,2859.0525355187624,1.8,3.750643406553525,0.057207857142854465,0.03491910044199539,2.1561573082667165,-25.0,-27.156157308266717,-1.0862462923306686,SL,10089.02381683347,1.9069285714284823,70.0,19.71262015212677
XAUUSDm,asym_sellBase_buy_body2.2_wick0.3_atr45_close20,momentum,2025-03-05 13:30:00+00:00,2025-03-05 13:35:00+00:00,2025-03-05 15:05:00+00:00,SELL,session_breakout,2908.6879680803154,2917.269,2893.2421106248835,1.8,2.9134025177847716,0.08657571428571535,0.039744062542037606,1.6973357699310925,-25.0,-26.697335769931094,-1.0678934307972439,SL,10062.32648106354,2.8858571428571786,100.0,18.538773727042578
XAUUSDm,asym_sellBase_buy_body2.2_wick0.3_atr45_close20,momentum,2025-03-21 13:45:00+00:00,2025-03-21 13:50:00+00:00,2025-03-23 22:05:00+00:00,SELL,session_breakout,3010.6700972495464,3036.851,2963.54447229873,1.8,0.9548944984170482,0.11942571428571715,0.082189893310666,0.5762363462758147,-12.618837933524654,-13.195074279800469,-0.5278029711920188,TIMEOUT,10049.13140678374,3.9808571428572384,100.0,18.011965333720443
XAUUSDm,asym_sellBase_buy_body2.2_wick0.3_atr45_close20,momentum,2025-03-26 13:00:00+00:00,2025-03-26 13:05:00+00:00,2025-03-26 14:00:00+00:00,SELL,session_breakout,3024.813108651852,3029.994,3015.487504225185,1.8,4.825424491663162,0.06616928571428649,0.022806705291147224,2.914701451438486,45.00000000000044,42.08529854856195,1.683411941942478,TP,10091.216705332301,2.205642857142883,100.0,19.750277906197685
XAUUSDm,asym_sellBase_buy_body2.2_wick0.3_atr45_close20,momentum,2025-04-02 12:25:00+00:00,2025-04-02 12:30:00+00:00,2025-04-02 13:50:00+00:00,BUY,session_breakout,3125.9541583613113,3117.046,3141.988843411672,1.8,2.8064162070328713,0.08566285714285543,0.07532693274021882,1.7520456824933965,-25.0,-26.752045682493396,-1.0700818272997359,SL,10064.464659649808,2.8554285714285146,72.0,23.02494613702874
XAUUSDm,asym_sellBase_buy_body2.2_wick0.3_atr45_close20,momentum,2025-04-03 12:20:00+00:00,2025-04-03 12:25:00+00:00,2025-04-03 14:00:00+00:00,SELL,session_breakout,3080.676432330569,3097.309,3050.737810525592,1.8,1.5030752014282731,0.14053499999999824,0.10430016943143226,0.9285976698121208,-25.0,-25.92859766981212,-1.0371439067924848,SL,10038.536061979996,4.684499999999941,68.0,45.51265925747012
XAUUSDm,asym_sellBase_buy_body2.2_wick0.3_atr45_close20,momentum,2025-04-21 13:00:00+00:00,2025-04-21 13:05:00+00:00,2025-04-22 01:05:00+00:00,BUY,session_breakout,3421.3724685153734,3398.008,3463.4285118430457,1.8,1.0700007998705499,0.13261714285714366,0.11015994394474894,0.7333315183272631,11.572627339575703,10.83929582124844,0.43357183284993756,TIMEOUT,10049.375357801244,4.4205714285714555,100.0,28.364920124046165
XAUUSDm,asym_sellBase_buy_body2.2_wick0.3_atr45_close20,momentum,2025-04-23 13:25:00+00:00,2025-04-23 13:30:00+00:00,2025-04-23 14:00:00+00:00,SELL,session_breakout,3299.6790137236762,3320.54,3262.1292384262933,1.8,1.1984093018830018,0.2031985714285695,0.11138699060939472,0.7863732046549166,45.00000000000022,44.213626795345306,1.7685450718138123,TP,10093.588984596588,6.773285714285651,78.0,22.560104668224394
XAUUSDm,asym_sellBase_buy_body2.2_wick0.3_atr45_close20,momentum,2025-04-25 13:20:00+00:00,2025-04-25 13:25:00+00:00,2025-04-25 19:30:00+00:00,SELL,session_breakout,3270.3267350000833,3298.252,3220.0612580002335,1.8,0.89524665209353,0.20633142857142858,0.20209928563083324,0.588049812152158,-25.0,-25.588049812152157,-1.0235219924860863,SL,10068.000934784437,6.877714285714286,89.0,31.5080885248663
XAUUSDm,asym_sellBase_buy_body2.2_wick0.3_atr45_close20,momentum,2025-04-30 12:00:00+00:00,2025-04-30 12:05:00+00:00,2025-04-30 12:15:00+00:00,SELL,session_breakout,3267.5637474255927,3281.671,3242.17069279166,1.8,1.7721381160605418,0.11945999999999815,0.1105225744072031,1.160614852694103,-25.0,-26.160614852694103,-1.0464245941077641,SL,10041.840319931744,3.9819999999999385,85.0,43.24131785778276
XAUUSDm,asym_sellBase_buy_body2.2_wick0.3_atr45_close20,momentum,2025-05-02 13:00:00+00:00,2025-05-02 13:05:00+00:00,2025-05-02 14:55:00+00:00,SELL,session_breakout,3243.9693042461017,3263.926,3208.047251889085,1.8,1.2527123882778377,0.15889714285714296,0.13424718246966333,0.815252106924426,-25.0,-25.815252106924426,-1.032610084276977,SL,10016.02506782482,5.296571428571432,100.0,20.422343309001352
XAUUSDm,asym_sellBase_buy_body2.2_wick0.3_atr45_close20,momentum,2025-05-09 13:25:00+00:00,2025-05-09 13:30:00+00:00,2025-05-09 14:00:00+00:00,BUY,session_breakout,3339.9083179824897,3328.669,3360.1390903509714,1.8,2.224334255774985,0.10501285714285587,0.04581155391834687,1.483314496567253,-25.0,-26.483314496567253,-1.05933257986269,SL,9989.541753328253,3.500428571428529,49.0,23.16619450277093
XAUUSDm,asym_sellBase_buy_body2.2_wick0.3_atr45_close20,momentum,2025-05-14 12:50:00+00:00,2025-05-14 12:55:00+00:00,2025-05-15 00:55:00+00:00,SELL,session_breakout,3186.2024006114666,3221.493,3122.6793217121067,1.8,0.7084039498666896,0.21265500000000104,0.13327188853330135,0.4515388312363522,-1.1515810277379175,-1.6031198589742697,-0.06412479435897078,TIMEOUT,9987.938633469279,7.088500000000034,100.0,20.548243138493692
XAUUSDm,asym_sellBase_buy_body2.2_wick0.3_atr45_close20,momentum,2025-05-15 12:50:00+00:00,2025-05-15 12:55:00+00:00,2025-05-15 15:05:00+00:00,BUY,session_breakout,3188.6101540552054,3177.747,3208.1638313545754,1.8,2.301357402551075,0.1302021428571457,0.043052983776640505,1.472126316376894,45.00000000000021,43.52787368362332,1.7411149473449328,TP,10031.466507152902,4.340071428571524,65.0,28.573355861432
XAUUSDm,asym_sellBase_buy_body2.2_wick0.3_atr45_close20,momentum,2025-05-28 13:35:00+00:00,2025-05-28 13:40:00+00:00,2025-05-28 20:50:00+00:00,SELL,session_breakout,3303.712651139009,3316.438,3280.8070231892243,1.8,1.9645826824155554,0.11382000000000095,0.04643886099099019,1.293583332420976,45.000000000000355,43.706416667579376,1.748256666703175,TP,10075.17292382048,3.7940000000000316,98.0,19.47008735358178
XAUUSDm,asym_sellBase_buy_body2.2_wick0.3_atr45_close20,momentum,2025-05-29 12:55:00+00:00,2025-05-29 13:00:00+00:00,2025-05-30 01:00:00+00:00,BUY,session_breakout,3316.561690240489,3304.421,3338.4149326733695,1.8,2.059190993657425,0.11555142857142948,0.08991452620339847,1.3650347630427164,-8.520294477759306,-9.885329240802022,-0.3954131696320809,TIMEOUT,10065.287594579679,3.8517142857143165,100.0,37.63242241008216
XAUUSDm,asym_sellBase_buy_body2.2_wick0.3_atr45_close20,momentum,2025-05-30 12:10:00+00:00,2025-05-30 12:15:00+00:00,2025-05-30 13:40:00+00:00,BUY,session_breakout,3303.0348714791485,3288.365,3329.4406401416163,1.8,1.7041730757855806,0.14142642857142912,0.11615826486306906,1.1232886192711302,-25.0,-26.12328861927113,-1.0449315447708452,SL,10039.164305960407,4.714214285714304,100.0,26.073140583746437
XAUUSDm,asym_sellBase_buy_body2.2_wick0.3_atr45_close20,momentum,2025-06-03 13:45:00+00:00,2025-06-03 13:50:00+00:00,2025-06-04 01:20:00+00:00,SELL,session_breakout,3343.760323390799,3363.095,3308.9579054942374,1.8,1.2930136099666207,0.12839785714285493,0.12547768062944312,0.8672055213221384,-24.999999999999996,-25.867205521322134,-1.0346882208528856,SL,10013.297100439084,4.279928571428497,100.0,26.21077909916798
XAUUSDm,asym_sellBase_buy_body2.2_wick0.3_atr45_close20,momentum,2025-06-11 12:15:00+00:00,2025-06-11 12:20:00+00:00,2025-06-11 12:35:00+00:00,BUY,session_breakout,3338.098779697319,3327.196,3357.7237831524935,1.8,2.2929932268692155,0.09899999999999863,0.05227969731897321,1.5353475784932693,45.0,43.46465242150673,1.738586096860269,TP,10056.76175286059,3.2999999999999545,97.0,30.652943272538636
XAUUSDm,asym_sellBase_buy_body2.2_wick0.3_atr45_close20,momentum,2025-06-16 13:50:00+00:00,2025-06-16 13:55:00+00:00,2025-06-17 01:55:00+00:00,SELL,session_breakout,3389.7467653259605,3417.401,3339.9691429126897,1.8,0.9040206787378199,0.17297357142857242,0.09674788832483296,0.6132366204744378,-3.563861665768826,-4.177098286243264,-0.16708393144973055,TIMEOUT,10052.584654574346,5.765785714285747,100.0,35.415918947083775
XAUUSDm,asym_sellBase_buy_body2.2_wick0.3_atr45_close20,momentum,2025-06-20 13:50:00+00:00,2025-06-20 13:55:00+00:00,2025-06-22 22:05:00+00:00,BUY,session_breakout,3372.069475557471,3348.68,3414.170531560919,1.8,1.068856800083937,0.11116928571428453,0.06989091461405143,0.7218273726321685,9.754947711529372,9.033120338897204,0.3613248135558881,TIMEOUT,10061.617774913244,3.7056428571428177,98.0,19.55623931036536
XAUUSDm,asym_sellBase_buy_body2.2_wick0.3_atr45_close20,momentum,2025-06-24 12:30:00+00:00,2025-06-24 12:35:00+00:00,2025-06-24 19:30:00+00:00,SELL,session_breakout,3307.6910806712294,3321.86,3282.187025879442,1.8,1.7644253185376144,0.12322071428571267,0.0533089716278491,1.1697347777274723,-25.0,-26.169734777727474,-1.0467893911090989,SL,10035.448040135516,4.107357142857089,82.0,38.064296195118644
XAUUSDm,asym_sellBase_buy_body2.2_wick0.3_atr45_close20,momentum,2025-06-26 13:05:00+00:00,2025-06-26 13:10:00+00:00,2025-06-27 01:10:00+00:00,SELL,session_breakout,3317.8607140442978,3344.056,3270.7091993240338,1.8,0.9543701886773226,0.15296785714285566,0.059802027130415526,0.6331679033074363,1.255678260701792,0.6225103573943557,0.024900414295774227,TIMEOUT,10036.07055049291,5.098928571428522,100.0,18.53667304092629
XAUUSDm,asym_sellBase_buy_body2.2_wick0.3_atr45_close20,momentum,2025-06-27 12:05:00+00:00,2025-06-27 12:10:00+00:00,2025-06-29 22:05:00+00:00,SELL,session_breakout,3273.9600270619844,3285.344,3253.468875773556,1.8,2.1960698726290024,0.1014771428571443,0.06423436658667675,1.4373171964432945,6.517994811971141,5.080677615527846,0.20322710462111385,TIMEOUT,10041.151228108438,3.382571428571477,74.0,43.632735004813654
XAUUSDm,asym_sellBase_buy_body2.2_wick0.3_atr45_close20,momentum,2025-07-08 13:45:00+00:00,2025-07-08 13:50:00+00:00,2025-07-08 14:40:00+00:00,SELL,session_breakout,3316.0189814940277,3326.914,3296.4079481832773,1.8,2.2946266668840694,0.10118357142857348,0.046426720257822914,1.5173051165659894,44.99999999999958,43.48269488343359,1.7393077953373435,TP,10084.633922991872,3.372785714285783,100.0,18.147393845146915
XAUUSDm,asym_sellBase_buy_body2.2_wick0.3_atr45_close20,momentum,2025-07-11 12:45:00+00:00,2025-07-11 12:50:00+00:00,2025-07-13 22:05:00+00:00,BUY,session_breakout,3356.0412323520145,3344.356,3377.07465058564,1.8,2.1394525369185784,0.09554357142856848,0.07346056629993279,1.4372048903233923,11.867046116180878,10.429841225857487,0.4171936490342994,TIMEOUT,10095.06376421773,3.184785714285616,100.0,24.363230310504886
XAUUSDm,asym_sellBase_buy_body2.2_wick0.3_atr45_close20,momentum,2025-07-14 12:35:00+00:00,2025-07-14 12:40:00+00:00,2025-07-15 00:40:00+00:00,SELL,session_breakout,3351.453391902842,3368.025,3321.624497327958,1.8,1.508604346266651,0.09729428571428668,0.05896095430100526,1.010528723680664,6.747069862835206,5.736541139154542,0.22946164556618168,TIMEOUT,10100.800305356885,3.2431428571428893,100.0,21.65202251038262
XAUUSDm,asym_sellBase_buy_body2.2_wick0.3_atr45_close20,momentum,2025-07-15 12:05:00+00:00,2025-07-15 12:10:00+00:00,2025-07-15 12:30:00+00:00,SELL,session_breakout,3352.7090291121826,3359.335,3340.782281514111,1.8,3.7730319712036966,0.0592757142857129,0.052333030674740905,2.532475671396714,-25.0,-27.532475671396714,-1.1012990268558687,SL,10073.267829685488,1.9758571428570966,59.0,20.971755145144762
XAUUSDm,asym_sellBase_buy_body2.2_wick0.3_atr45_close20,momentum,2025-07-15 12:35:00+00:00,2025-07-15 12:40:00+00:00,2025-07-15 15:35:00+00:00,SELL,session_breakout,3347.9374121304504,3360.387,3325.528153965261,1.8,2.00809860229567,0.10199142857143151,0.08059215526377946,1.340097687574508,44.99999999999964,43.65990231242513,1.746396092497005,TP,10116.927731997914,3.3997142857143836,100.0,24.614335357064114
XAUUSDm,asym_sellBase_buy_body2.2_wick0.3_atr45_close20,momentum,2025-07-18 12:00:00+00:00,2025-07-18 12:05:00+00:00,2025-07-18 14:15:00+00:00,BUY,session_breakout,3358.2889886900575,3351.982,3369.641568332161,1.8,3.9638567989523183,0.058890000000000914,0.03054369005769235,2.6598553281331583,-25.0,-27.65985532813316,-1.1063942131253264,SL,10089.26787666978,1.9630000000000305,82.0,31.83987434693921
XAUUSDm,asym_sellBase_buy_body2.2_wick0.3_atr45_close20,momentum,2025-07-21 12:20:00+00:00,2025-07-21 12:25:00+00:00,2025-07-21 14:25:00+00:00,BUY,session_breakout,3380.9913465927284,3371.579,3397.933570459639,1.8,2.65608578622832,0.06679285714285828,0.05895016415709077,1.8005406118091787,45.0,43.199459388190824,1.727978375527633,TP,10132.46733605797,2.226428571428609,94.0,27.99741884698307
XAUUSDm,asym_sellBase_buy_body2.2_wick0.3_atr45_close20,momentum,2025-07-22 12:55:00+00:00,2025-07-22 13:00:00+00:00,2025-07-22 16:50:00+00:00,BUY,session_breakout,3407.627214885847,3393.754,3432.5990016803717,1.8,1.8020336458209096,0.08744357142857,0.07549310013312818,1.232631778727859,44.99999999999967,43.767368221271816,1.7506947288508727,TP,10176.234704279243,2.914785714285667,100.0,24.906157185601465
XAUUSDm,asym_sellBase_buy_body2.2_wick0.3_atr45_close20,momentum,2025-07-24 12:45:00+00:00,2025-07-24 12:50:00+00:00,2025-07-24 13:40:00+00:00,SELL,session_breakout,3354.22147677631,3365.506,3333.9093349736677,1.8,2.215423682900182,0.0947721428571445,0.05413715226119508,1.488704339468532,-25.000000000000004,-26.488704339468537,-1.0595481735787413,SL,10149.745999939774,3.1590714285714836,92.0,50.569753258342374
XAUUSDm,asym_sellBase_buy_body2.2_wick0.3_atr45_close20,momentum,2025-07-28 13:30:00+00:00,2025-07-28 13:35:00+00:00,2025-07-28 13:50:00+00:00,SELL,session_breakout,3324.267157744621,3330.639,3312.7978416849382,1.8,3.9235120704525017,0.08868000000000101,0.044502255379574335,2.60406046376397,44.99999999999928,42.39593953623531,1.6958375814494124,TP,10192.141939476009,2.9560000000000337,99.0,24.688991825086365
XAUUSDm,asym_sellBase_buy_body2.2_wick0.3_atr45_close20,momentum,2025-08-01 12:30:00+00:00,2025-08-01 12:35:00+00:00,2025-08-03 22:05:00+00:00,BUY,session_breakout,3328.1456258501134,3296.811,3384.5479523803174,1.8,0.797839429121813,0.12649285714285852,0.0983794215423224,0.533877973991025,28.128127585221286,27.59424961123026,1.1037699844492104,TIMEOUT,10219.73618908724,4.216428571428618,100.0,27.262211762494214
XAUUSDm,asym_sellBase_buy_body2.2_wick0.3_atr45_close20,momentum,2025-08-04 13:00:00+00:00,2025-08-04 13:05:00+00:00,2025-08-05 01:05:00+00:00,BUY,session_breakout,3372.3374119279215,3361.037,3392.6781533981807,1.8,2.2123087334744507,0.08956285714285676,0.03563049935025906,1.4941872152553644,20.569135292107642,19.074948076852277,0.762997923074091,TIMEOUT,10238.811137164092,2.985428571428559,100.0,18.452596237814085
XAUUSDm,asym_sellBase_buy_body2.2_wick0.3_atr45_close20,momentum,2025-08-05 12:25:00+00:00,2025-08-05 12:30:00+00:00,2025-08-05 14:00:00+00:00,BUY,session_breakout,3360.89493342926,3349.903,3380.6804136019286,1.8,2.274395142664379,0.08291357142857188,0.036476643546125675,1.5333006223193661,44.99999999999959,43.46669937768022,1.738667975107209,TP,10282.277836541773,2.763785714285729,100.0,39.83255098002978
XAUUSDm,asym_sellBase_buy_body2.2_wick0.3_atr45_close20,momentum,2025-08-06 12:50:00+00:00,2025-08-06 12:55:00+00:00,2025-08-07 00:55:00+00:00,BUY,session_breakout,3368.5541470419657,3360.141,3383.697811717504,1.8,2.9715396480410226,0.07221857142856997,0.022037756251293564,2.0030822335024276,11.237926007859404,9.234843774356976,0.36939375097427907,TIMEOUT,10291.51268031613,2.4072857142856656,95.0,26.669520520968696
XAUUSDm,asym_sellBase_buy_body2.2_wick0.3_atr45_close20,momentum,2025-08-20 12:00:00+00:00,2025-08-20 12:05:00+00:00,2025-08-20 13:40:00+00:00,BUY,session_breakout,3334.6071176466517,3328.646,3345.337129410624,1.8,4.1938444234602885,0.05190642857142652,0.04416443236577827,2.801464692954679,44.99999999999924,42.19853530704456,1.6879414122817824,TP,10333.711215623174,1.7302142857142175,98.0,33.17162831817436
XAUUSDm,asym_sellBase_buy_body2.2_wick0.3_atr45_close20,momentum,2025-08-28 12:05:00+00:00,2025-08-28 12:10:00+00:00,2025-08-28 12:30:00+00:00,BUY,session_breakout,3408.1199879213623,3401.401,3420.2141661798146,1.8,3.720798473310938,0.06637285714285845,0.05080149279098055,2.53368552958366,-25.0,-27.53368552958366,-1.1013474211833465,SL,10306.17753009359,2.212428571428615,100.0,28.685871396469178
XAUUSDm,asym_sellBase_buy_body2.2_wick0.3_atr45_close20,momentum,2025-08-29 13:30:00+00:00,2025-08-29 13:35:00+00:00,2025-08-29 14:10:00+00:00,BUY,session_breakout,3421.046664383711,3413.653,3434.3552602743907,1.8,3.381273304084185,0.08168142857142845,0.06482366942514643,2.317998751661378,45.00000000000061,42.68200124833923,1.7072800499335694,TP,10348.859531341928,2.7227142857142814,100.0,20.979330941647344
XAUUSDm,asym_sellBase_buy_body2.2_wick0.3_atr45_close20,momentum,2025-09-03 13:25:00+00:00,2025-09-03 13:30:00+00:00,2025-09-04 01:30:00+00:00,BUY,session_breakout,3560.523690883018,3545.048,3588.3799344724507,1.8,1.6154367639530127,0.12008142857142663,0.10165016873204047,1.1486050517274788,-17.551221081412123,-18.699826133139602,-0.7479930453255841,TIMEOUT,10330.15970520879,4.002714285714221,100.0,20.93352068030542
XAUUSDm,asym_sellBase_buy_body2.2_wick0.3_atr45_close20,momentum,2025-09-04 13:35:00+00:00,2025-09-04 13:40:00+00:00,2025-09-04 14:00:00+00:00,BUY,session_breakout,3558.0553575022873,3539.71,3591.0770010064043,1.8,1.3627425901557424,0.13142357142856975,0.08164571657288328,0.9672427147600365,-24.999999999999996,-25.967242714760033,-1.0386897085904014,SL,10304.19246249403,4.3807857142856585,99.0,19.552379694708875
XAUUSDm,asym_sellBase_buy_body2.2_wick0.3_atr45_close20,momentum,2025-09-12 12:20:00+00:00,2025-09-12 12:25:00+00:00,2025-09-12 13:10:00+00:00,SELL,session_breakout,3643.196376021367,3649.349,3632.1216528598275,1.8,4.063306986875905,0.063953571428571,0.044647192918392295,2.96318505784972,-24.999999999999996,-27.963185057849717,-1.1185274023139888,SL,10276.22927743618,2.1317857142857,65.0,21.061426016204223
XAUUSDm,asym_sellBase_buy_body2.2_wick0.3_atr45_close20,momentum,2025-09-25 12:50:00+00:00,2025-09-25 12:55:00+00:00,2025-09-25 18:40:00+00:00,SELL,session_breakout,3732.3957055981477,3755.926,3690.041175674814,1.8,1.0624601449114093,0.14623071428571327,0.058179044709558085,0.795604336447306,-25.0,-25.795604336447305,-1.0318241734578921,SL,10250.433673099733,4.874357142857109,100.0,19.87710691908853
XAUUSDm,asym_sellBase_buy_body2.2_wick0.3_atr45_close20,momentum,2025-10-01 12:45:00+00:00,2025-10-01 12:50:00+00:00,2025-10-02 00:50:00+00:00,SELL,session_breakout,3870.8974635923364,3891.122,3834.493298058542,1.8,1.2361222772219913,0.1346742857142866,0.05119926480666934,0.95531639240244,16.641251152777098,15.685934760374659,0.6274373904149865,TIMEOUT,10266.119607860108,4.489142857142887,96.0,18.3325867553591
XAUUSDm,asym_sellBase_buy_body2.2_wick0.3_atr45_close20,momentum,2025-10-09 13:40:00+00:00,2025-10-09 13:45:00+00:00,2025-10-09 16:40:00+00:00,SELL,session_breakout,4031.1408345075274,4057.981,3982.828536621076,1.8,0.9314398604215436,0.18705642857143076,0.1436372781867937,0.7464530512466553,45.00000000000017,44.25354694875352,1.7701418779501408,TP,10310.373154808862,6.235214285714359,100.0,19.2834809256265
XAUUSDm,asym_sellBase_buy_body2.2_wick0.3_atr45_close20,momentum,2025-10-21 12:10:00+00:00,2025-10-21 12:15:00+00:00,2025-10-21 14:20:00+00:00,SELL,session_breakout,4225.2314334863395,4267.064,4149.93281376175,1.8,0.5976205163466605,0.2890564285714325,0.18203829937432942,0.5005169981928493,44.99999999999978,44.49948300180693,1.779979320072277,TP,10354.87263781067,9.635214285714417,84.0,57.438051634424795
XAUUSDm,asym_sellBase_buy_body2.2_wick0.3_atr45_close20,momentum,2025-10-22 13:00:00+00:00,2025-10-22 13:05:00+00:00,2025-10-22 14:45:00+00:00,BUY,session_breakout,4066.6388541935494,4023.09,4145.026791741938,1.8,0.5740679166641124,0.39714642857142374,0.2762809792634619,0.4644053789704448,-25.000000000000004,-25.464405378970447,-1.0185762151588178,SL,10329.408232431699,13.238214285714125,64.0,38.975027111375816
XAUUSDm,asym_sellBase_buy_body2.2_wick0.3_atr45_close20,momentum,2025-10-24 12:30:00+00:00,2025-10-24 12:35:00+00:00,2025-10-26 22:05:00+00:00,BUY,session_breakout,4089.9546296298695,4058.775,4146.0779629636345,1.8,0.8018055473003616,0.19440642857142945,0.1624264155834604,0.6558101175931231,-0.5954445568189777,-1.2512546744121007,-0.05005018697648403,TIMEOUT,10328.156977757286,6.4802142857143155,74.0,42.41032507024094
XAUUSDm,asym_sellBase_buy_body2.2_wick0.3_atr45_close20,momentum,2025-11-10 13:00:00+00:00,2025-11-10 13:05:00+00:00,2025-11-10 13:50:00+00:00,BUY,session_breakout,4105.154018275213,4092.184,4128.500051170597,1.8,1.9275223418749798,0.11574214285713975,0.0861472037844284,1.5800552174126647,-25.0,-26.580055217412664,-1.0632022086965065,SL,10301.576922539873,3.8580714285713253,82.0,50.15628024988935
XAUUSDm,asym_sellBase_buy_body2.2_wick0.3_atr45_close20,momentum,2025-11-14 12:10:00+00:00,2025-11-14 12:15:00+00:00,2025-11-14 13:20:00+00:00,SELL,session_breakout,4125.689889043163,4157.72,4068.035689320856,1.8,0.7805155603016553,0.2434607142857099,0.16738059969434857,0.6395330310754797,45.00000000000007,44.36046696892459,1.7744186787569836,TP,10345.937389508797,8.115357142856997,100.0,35.25045599985121
XAUUSDm,asym_sellBase_buy_body2.2_wick0.3_atr45_close20,momentum,2025-11-14 13:25:00+00:00,2025-11-14 13:30:00+00:00,2025-11-16 23:00:00+00:00,SELL,session_breakout,4055.306536943579,4119.67,3939.452303442021,1.8,0.38841912496356773,0.34366928571428257,0.23762841356406655,0.31590036298288526,-8.686396751530156,-9.002297114513041,-0.36009188458052166,TIMEOUT,10336.935092394284,11.455642857142752,100.0,46.13312162979941
XAUUSDm,asym_sellBase_buy_body2.2_wick0.3_atr45_close20,momentum,2025-11-18 13:35:00+00:00,2025-11-18 13:40:00+00:00,2025-11-19 01:40:00+00:00,BUY,session_breakout,4066.191828841519,4029.089,4132.976920756253,1.8,0.6738030705632961,0.20224714285714396,0.10370527009016162,0.5479082109597837,-0.5429699477640247,-1.0908781587238083,-0.043635126348952336,TIMEOUT,10335.84421423556,6.741571428571466,98.0,23.99220544731655
XAUUSDm,asym_sellBase_buy_body2.2_wick0.3_atr45_close20,momentum,2025-11-19 13:10:00+00:00,2025-11-19 13:15:00+00:00,2025-11-19 14:55:00+00:00,SELL,session_breakout,4103.000575347667,4120.01,4072.3836109734675,1.8,1.4697734056848806,0.13318928571428126,0.04283000947563969,1.2085962258311531,-25.0,-26.208596225831155,-1.0483438490332462,SL,10309.635618009728,4.439642857142709,70.0,38.20990375075074
XAUUSDm,asym_sellBase_buy_body2.2_wick0.3_atr45_close20,momentum,2025-12-03 13:50:00+00:00,2025-12-03 13:55:00+00:00,2025-12-03 14:50:00+00:00,BUY,session_breakout,4236.189297320376,4211.353,4280.894632497052,1.8,1.0065912675111193,0.14135571428571309,0.08561946323286658,0.850322230841351,-24.999999999999996,-25.850322230841346,-1.034012889233654,SL,10283.785295778887,4.711857142857103,100.0,27.83795219721161
XAUUSDm,asym_sellBase_buy_body2.2_wick0.3_atr45_close20,momentum,2025-12-16 13:20:00+00:00,2025-12-16 13:25:00+00:00,2025-12-16 14:15:00+00:00,BUY,session_breakout,4300.999264480729,4289.067,4322.477340546041,1.8,2.095159727675832,0.10657071428571661,0.0479791235857158,1.8067560895406796,45.0,43.19324391045932,1.727729756418373,TP,10326.978539689346,3.5523571428572205,63.0,29.460394202997385
XAUUSDm,asym_sellBase_buy_body2.2_wick0.3_atr45_close20,momentum,2025-12-23 13:50:00+00:00,2025-12-23 13:55:00+00:00,2025-12-23 14:55:00+00:00,SELL,session_breakout,4478.8838146933995,4497.359,4445.628481141518,1.8,1.3531664005052157,0.16868357142857154,0.09884352088661094,1.2076350179619475,44.99999999999975,43.7923649820378,1.751694599281512,TP,10370.770904671384,5.622785714285718,100.0,24.530324010148064
XAUUSDm,asym_sellBase_buy_body2.2_wick0.3_atr45_close20,momentum,2025-12-29 13:40:00+00:00,2025-12-29 13:45:00+00:00,2025-12-29 14:40:00+00:00,SELL,session_breakout,4429.192821100434,4467.761,4359.770099081215,1.8,0.6482027597180948,0.21624642857142654,0.1940556852797122,0.5697030019921752,44.999999999999766,44.43029699800759,1.7772118799203036,TP,10415.201201669392,7.208214285714218,73.0,42.45223459079032
XAUUSDm,asym_sellBase_buy_body2.2_wick0.3_atr45_close20,momentum,2026-01-07 12:15:00+00:00,2026-01-07 12:20:00+00:00,2026-01-07 16:20:00+00:00,SELL,session_breakout,4442.070552852716,4455.798,4417.361147987605,1.8,1.8211689130376065,0.13742785714285674,0.0637332187133598,1.6204521600750283,-25.0,-26.62045216007503,-1.0648180864030012,SL,10388.580749509316,4.580928571428558,75.0,24.219487564866068
XAUUSDm,asym_sellBase_buy_body2.2_wick0.3_atr45_close20,momentum,2026-01-08 13:20:00+00:00,2026-01-08 13:25:00+00:00,2026-01-08 16:30:00+00:00,BUY,session_breakout,4432.179989813721,4417.26,4459.035971478417,1.8,1.6756043611377083,0.1653042857142873,0.056337670863353145,1.4898160240558307,45.0,43.510183975944166,1.7404073590377667,TP,10432.09093348526,5.51014285714291,83.0,28.359410028489833
XAUUSDm,asym_sellBase_buy_body2.2_wick0.3_atr45_close20,momentum,2026-01-30 13:20:00+00:00,2026-01-30 13:25:00+00:00,2026-01-30 17:43:00+00:00,SELL,session_breakout,5025.42502858667,5117.524,4859.646880042676,1.8,0.27144711408124966,0.8836500000000017,0.4391464133296669,0.26832742420830663,45.00000000000005,44.73167257579174,1.7892669030316697,TP,10476.822606061052,29.45500000000006,71.0,48.48365673984146
XAUUSDm,asym_sellBase_buy_body2.2_wick0.3_atr45_close20,momentum,2026-02-04 12:30:00+00:00,2026-02-04 12:35:00+00:00,2026-02-04 12:59:00+00:00,BUY,session_breakout,5062.8384304365545,5037.48,5108.483605222354,1.8,0.9858654329000479,0.28187571428571706,0.1424925794119333,0.9957554801850665,-25.0,-25.995755480185068,-1.0398302192074027,SL,10450.826850580866,9.395857142857235,45.0,27.185615352908528
XAUUSDm,asym_sellBase_buy_body2.2_wick0.3_atr45_close20,momentum,2026-02-17 13:55:00+00:00,2026-02-17 14:00:00+00:00,2026-02-18 02:00:00+00:00,SELL,session_breakout,4869.832140725084,4924.239,4771.899794030236,1.8,0.45950088524088717,0.3260078571428546,0.24885534634436363,0.4484160761520202,-8.776402244800094,-9.224818320952114,-0.36899273283808454,TIMEOUT,10441.602032259914,10.866928571428486,88.0,20.56358489368482
XAUUSDm,asym_sellBase_buy_body2.2_wick0.3_atr45_close20,momentum,2026-02-19 13:35:00+00:00,2026-02-19 13:40:00+00:00,2026-02-19 14:30:00+00:00,BUY,session_breakout,4994.711771790804,4971.705,5036.123961014251,1.8,1.0866365880150373,0.19561928571427936,0.13496214794690575,1.0829873115634603,-25.0,-26.08298731156346,-1.0433194924625384,SL,10415.51904494835,6.520642857142645,99.0,31.84451899181582
XAUUSDm,asym_sellBase_buy_body2.2_wick0.3_atr45_close20,momentum,2026-02-24 13:35:00+00:00,2026-02-24 13:40:00+00:00,2026-02-24 14:13:00+00:00,SELL,session_breakout,5138.318201000192,5161.12,5097.274962800538,1.8,1.0964047179001346,0.2371114285714267,0.20124328552249127,1.1222352635297486,45.0,43.877764736470255,1.7551105894588102,TP,10459.39680968482,7.903714285714224,92.0,28.697801795800675
XAUUSDm,asym_sellBase_buy_body2.2_wick0.3_atr45_close20,momentum,2026-02-27 13:20:00+00:00,2026-02-27 13:25:00+00:00,2026-03-01 23:01:00+00:00,BUY,session_breakout,5234.9936603609085,5182.863,5328.828849010543,1.8,0.4795642300888062,0.19656642857142806,0.15037714662308554,0.5061606541759635,40.57513325811307,40.068972603937105,1.6027589041574841,TIMEOUT,10499.465782288757,6.552214285714269,100.0,21.011152787242228
XAUUSDm,asym_sellBase_buy_body2.2_wick0.3_atr45_close20,momentum,2026-03-06 13:30:00+00:00,2026-03-06 13:35:00+00:00,2026-03-08 22:03:00+00:00,BUY,session_breakout,5124.053144489393,5065.362,5229.6972045703005,1.8,0.4259586385220024,0.3191828571428576,0.18655306082068948,0.4389080854587688,23.811452305513146,23.372544220054376,0.934901768802175,TIMEOUT,10522.83832650881,10.639428571428587,100.0,32.269028977247274
XAUUSDm,asym_sellBase_buy_body2.2_wick0.3_atr45_close20,momentum,2026-03-11 12:55:00+00:00,2026-03-11 13:00:00+00:00,2026-03-12 01:00:00+00:00,SELL,session_breakout,5166.864443234029,5196.653,5113.24504105528,1.8,0.839248446858575,0.24058499999999836,0.20926426597141312,0.866739074031911,5.175177906800004,4.3084388327680925,0.1723375533107237,TIMEOUT,10527.146765341578,8.019499999999946,100.0,33.44240933449603
XAUUSDm,asym_sellBase_buy_body2.2_wick0.3_atr45_close20,momentum,2026-03-18 12:05:00+00:00,2026-03-18 12:10:00+00:00,2026-03-18 20:28:00+00:00,SELL,session_breakout,4913.172537236868,4966.259,4817.616904263231,1.8,0.47092985101584806,0.37023642857142863,0.15434454884576862,0.45825192219522287,45.000000000000085,44.54174807780486,1.7816699231121944,TP,10571.688513419384,12.341214285714289,100.0,40.301700145599256
XAUUSDm,asym_sellBase_buy_body2.2_wick0.3_atr45_close20,momentum,2026-03-19 12:00:00+00:00,2026-03-19 12:05:00+00:00,2026-03-19 13:02:00+00:00,SELL,session_breakout,4630.143405407001,4695.267,4512.920935139604,1.8,0.3838854436129023,0.40764214285714323,0.12877352156985347,0.3509889310352041,45.00000000000014,44.64901106896494,1.7859604427585976,TP,10616.337524488348,13.58807142857144,45.0,62.785720474995564
XAUUSDm,asym_sellBase_buy_body2.2_wick0.3_atr45_close20,momentum,2026-03-20 13:30:00+00:00,2026-03-20 13:35:00+00:00,2026-03-20 14:15:00+00:00,SELL,session_breakout,4644.926611008757,4681.746,4578.651710824521,1.8,0.6789900833483716,0.32604642857143384,0.11836577695590714,0.6262718213511811,44.99999999999988,44.3737281786487,1.7749491271459479,TP,10660.711252666997,10.868214285714462,70.0,18.014851889985096
XAUUSDm,asym_sellBase_buy_body2.2_wick0.3_atr45_close20,momentum,2026-03-30 13:40:00+00:00,2026-03-30 13:45:00+00:00,2026-03-31 01:24:00+00:00,SELL,session_breakout,4544.177601578297,4578.633,4482.157884419232,1.8,0.725575704974377,0.28368857142857123,0.22855413598871555,0.6619289733587893,-25.0,-25.66192897335879,-1.0264771589343515,SL,10635.049323693638,9.456285714285709,89.0,42.69311928505708
XAUUSDm,asym_sellBase_buy_body2.2_wick0.3_atr45_close20,momentum,2026-04-09 13:35:00+00:00,2026-04-09 13:40:00+00:00,2026-04-10 01:40:00+00:00,BUY,session_breakout,4770.311404305404,4738.562,4827.4603320551305,1.8,0.7874163483358606,0.22024499999999989,0.1372818054037017,0.751479879158003,2.3564187738846174,1.6049388947266143,0.06419755578906457,TIMEOUT,10636.654262588365,7.341499999999996,85.0,19.548493915416145
XAUUSDm,asym_sellBase_buy_body2.2_wick0.3_atr45_close20,momentum,2026-04-17 13:05:00+00:00,2026-04-17 13:10:00+00:00,2026-04-19 22:01:00+00:00,BUY,session_breakout,4862.6604037198,4811.482,4954.781530415441,1.8,0.48848729508786476,0.27648857142857586,0.11415943408629461,0.47256956550879,-25.0,-25.47256956550879,-1.0189027826203516,SL,10611.181693022856,9.216285714285862,100.0,23.682725240557893
XAUUSDm,asym_sellBase_buy_body2.2_wick0.3_atr45_close20,momentum,2026-04-20 13:25:00+00:00,2026-04-20 13:30:00+00:00,2026-04-20 14:51:00+00:00,BUY,session_breakout,4824.394803249332,4799.549,4869.117249098129,1.8,1.0062061487455585,0.2057849999999988,0.1339107493312512,0.9683671430011193,-25.0,-25.96836714300112,-1.0387346857200448,SL,10585.213325879855,6.859499999999961,99.0,18.41847392036155
XAUUSDm,asym_sellBase_buy_body2.2_wick0.3_atr45_close20,momentum,2026-04-29 12:50:00+00:00,2026-04-29 12:55:00+00:00,2026-04-30 00:45:00+00:00,SELL,session_breakout,4544.980798185234,4568.888,4501.947834918655,1.8,1.04570999959346,0.17339357142857026,0.07050502905143312,0.953046373724513,-25.0,-25.95304637372451,-1.0381218549489803,SL,10559.26027950613,5.7797857142856754,95.0,20.702548664922677
XAUUSDm,asym_sellBase_buy_body2.2_wick0.3_atr45_close20,momentum,2026-05-01 13:50:00+00:00,2026-05-01 13:55:00+00:00,2026-05-03 22:03:00+00:00,BUY,session_breakout,4617.087994666887,4586.483,4672.1769850672845,1.8,0.8168601325406694,0.22602857142856853,0.17798038117336853,0.755062375869956,7.593536148505119,6.8384737726351625,0.2735389509054065,TIMEOUT,10566.098753278766,7.534285714285618,100.0,38.294848342025965
XAUUSDm,buy_strict_body2.2_wick0.3_atr50_closeOff,momentum,2025-01-07 13:10:00+00:00,2025-01-07 13:15:00+00:00,2025-01-07 15:00:00+00:00,BUY,session_breakout,2654.975055911924,2647.585,2668.2771565533867,1.8,3.382924337509092,0.06860785714285579,0.057751983352780416,1.793815946424802,-25.0,-26.7938159464248,-1.071752637856992,SL,9973.206184053575,2.2869285714285263,100.0,29.35827353571139
XAUUSDm,buy_strict_body2.2_wick0.3_atr50_closeOff,momentum,2025-01-15 13:55:00+00:00,2025-01-15 14:00:00+00:00,2025-01-15 14:30:00+00:00,BUY,session_breakout,2693.947934681974,2682.127,2715.2256171095273,1.8,2.1148919838059044,0.10109571428571404,0.06138682483164762,1.136981778369876,-25.0,-26.136981778369876,-1.045479271134795,SL,9947.069202275205,3.3698571428571347,100.0,29.527297783745972
XAUUSDm,buy_strict_body2.2_wick0.3_atr50_closeOff,momentum,2025-01-16 13:30:00+00:00,2025-01-16 13:35:00+00:00,2025-01-17 01:35:00+00:00,BUY,session_breakout,2713.5913244791664,2701.388,2735.557308541666,1.8,2.0486220818499166,0.07803214285714083,0.07030840773750051,1.1114537546185432,-3.708670703333759,-4.820124457952302,-0.19280497831809207,TIMEOUT,9942.249077817252,2.601071428571361,100.0,29.035232131775437
XAUUSDm,buy_strict_body2.2_wick0.3_atr50_closeOff,momentum,2025-01-24 13:40:00+00:00,2025-01-24 13:45:00+00:00,2025-01-24 14:15:00+00:00,BUY,session_breakout,2783.9867028041876,2777.85,2795.0327678517256,1.8,4.073848905138408,0.05255785714285528,0.0414238756159642,2.265808236227745,-25.0,-27.265808236227745,-1.0906323294491098,SL,9914.983269581024,1.7519285714285096,50.0,34.62164324979766
XAUUSDm,buy_strict_body2.2_wick0.3_atr50_closeOff,momentum,2025-02-24 13:55:00+00:00,2025-02-24 14:00:00+00:00,2025-02-24 14:20:00+00:00,BUY,session_breakout,2954.456721217399,2946.923,2968.017419408717,1.8,3.3184132089017067,0.07127785714285698,0.02608228882703741,1.958321641763249,-25.0,-26.95832164176325,-1.07833286567053,SL,9888.02494793926,2.375928571428566,88.0,20.21311523242239
XAUUSDm,buy_strict_body2.2_wick0.3_atr50_closeOff,momentum,2025-04-02 12:25:00+00:00,2025-04-02 12:30:00+00:00,2025-04-02 13:50:00+00:00,BUY,session_breakout,3125.9630325044077,3117.046,3142.013691012342,1.8,2.803623289209946,0.08566285714285543,0.08420107583640189,1.750304551827741,-25.0,-26.750304551827742,-1.0700121820731097,SL,9861.274643387433,2.8554285714285146,72.0,23.02494613702874
XAUUSDm,buy_strict_body2.2_wick0.3_atr50_closeOff,momentum,2025-04-11 13:30:00+00:00,2025-04-11 13:35:00+00:00,2025-04-11 13:50:00+00:00,BUY,session_breakout,3240.613285012047,3225.711,3267.4373980337323,1.8,1.6775950788613647,0.17203285714285552,0.14326858347564006,1.0847873798857943,-25.0,-26.084787379885796,-1.043391495195432,SL,9835.189856007546,5.734428571428517,74.0,26.486869484803904
XAUUSDm,buy_strict_body2.2_wick0.3_atr50_closeOff,momentum,2025-04-21 13:00:00+00:00,2025-04-21 13:05:00+00:00,2025-04-22 01:05:00+00:00,BUY,session_breakout,3421.375065635873,3398.008,3463.4357837804446,1.8,1.0698818751816226,0.13261714285714366,0.11275706444461371,0.7332502904338019,11.568562493708171,10.83531220327437,0.43341248813097477,TIMEOUT,9846.025168210821,4.4205714285714555,100.0,28.364920124046165
XAUUSDm,buy_strict_body2.2_wick0.3_atr50_closeOff,momentum,2025-04-30 12:15:00+00:00,2025-04-30 12:20:00+00:00,2025-04-30 13:35:00+00:00,BUY,session_breakout,3283.1289969258314,3266.901,3312.3393913923283,1.8,1.540547494201532,0.1382485714285706,0.05387264011711438,1.0160632298708958,45.0,43.983936770129105,1.7593574708051642,TP,9890.00910498095,4.608285714285687,89.0,44.343344543550394
XAUUSDm,buy_strict_body2.2_wick0.3_atr50_closeOff,momentum,2025-05-15 12:50:00+00:00,2025-05-15 12:55:00+00:00,2025-05-15 15:05:00+00:00,BUY,session_breakout,3188.6472105642447,3177.747,3208.267589579885,1.8,2.2935336755792273,0.1302021428571457,0.08010949281585344,1.4671539513941725,44.99999999999958,43.53284604860541,1.7413138419442162,TP,9933.541951029556,4.340071428571524,65.0,28.573355861432
XAUUSDm,buy_strict_body2.2_wick0.3_atr50_closeOff,momentum,2025-05-29 12:15:00+00:00,2025-05-29 12:20:00+00:00,2025-05-29 16:05:00+00:00,BUY,session_breakout,3308.8294985716147,3298.541,3327.348796000521,1.8,2.4298977956777548,0.10334357142857113,0.057826785900568306,1.6125235009705396,44.99999999999978,43.38747649902924,1.7354990599611697,TP,9976.929427528585,3.4447857142857043,100.0,33.53063891306181
XAUUSDm,buy_strict_body2.2_wick0.3_atr50_closeOff,momentum,2025-05-30 12:10:00+00:00,2025-05-30 12:15:00+00:00,2025-05-30 13:40:00+00:00,BUY,session_breakout,3303.0528894866056,3288.365,3329.491090562496,1.8,1.70208252334673,0.14142642857142912,0.13417627231995738,1.121913719377014,-25.0,-26.121913719377012,-1.0448765487750804,SL,9950.807513809208,4.714214285714304,100.0,26.073140583746437
XAUUSDm,buy_strict_body2.2_wick0.3_atr50_closeOff,momentum,2025-06-11 12:15:00+00:00,2025-06-11 12:20:00+00:00,2025-06-11 12:35:00+00:00,BUY,session_breakout,3338.1208198528216,3327.196,3357.7854955879006,1.8,2.2883672533550303,0.09899999999999863,0.07431985282158902,1.532269274378769,45.000000000000206,43.467730725621436,1.7387092290248574,TP,9994.275244534829,3.2999999999999545,97.0,30.652943272538636
XAUUSDm,buy_strict_body2.2_wick0.3_atr50_closeOff,momentum,2025-06-20 13:50:00+00:00,2025-06-20 13:55:00+00:00,2025-06-22 22:05:00+00:00,BUY,session_breakout,3372.0969615031736,3348.68,3414.2474922088863,1.8,1.0676022163085375,0.11116928571428453,0.09737686031660074,0.7209830533081635,9.714153665488487,8.993170612180323,0.35972682448721294,TIMEOUT,10003.26841514701,3.7056428571428177,98.0,19.55623931036536
XAUUSDm,buy_strict_body2.2_wick0.3_atr50_closeOff,momentum,2025-07-11 12:45:00+00:00,2025-07-11 12:50:00+00:00,2025-07-13 22:05:00+00:00,BUY,session_breakout,3356.0260906204676,3344.356,3377.032253737309,1.8,2.1422284378969803,0.09554357142856848,0.05831883475324095,1.4390663939744628,11.914880441840701,10.475814047866239,0.41903256191464955,TIMEOUT,10013.744229194876,3.184785714285616,100.0,24.363230310504886
XAUUSDm,buy_strict_body2.2_wick0.3_atr50_closeOff,momentum,2025-07-18 12:00:00+00:00,2025-07-18 12:05:00+00:00,2025-07-18 14:15:00+00:00,BUY,session_breakout,3358.285479461828,3351.982,3369.631742493118,1.8,3.966063529102125,0.058890000000000914,0.027034461828134276,2.6613347120813597,-25.0,-27.66133471208136,-1.1064533884832544,SL,9986.082894482794,1.9630000000000305,82.0,31.83987434693921
XAUUSDm,buy_strict_body2.2_wick0.3_atr50_closeOff,momentum,2025-07-21 12:15:00+00:00,2025-07-21 12:20:00+00:00,2025-07-21 13:45:00+00:00,BUY,session_breakout,3378.244563118247,3370.859,3391.5385767310913,1.8,3.384982241670197,0.06443571428571561,0.04434526110406443,2.291559570834832,45.00000000000062,42.70844042916578,1.7083376171666314,TP,10028.791334911959,2.147857142857187,90.0,27.99741884698307
XAUUSDm,buy_strict_body2.2_wick0.3_atr50_closeOff,momentum,2025-07-22 12:55:00+00:00,2025-07-22 13:00:00+00:00,2025-07-22 16:50:00+00:00,BUY,session_breakout,3407.5818611432974,3393.754,3432.472011201233,1.8,1.8079441021952845,0.08744357142857,0.030139357583335556,1.236643505720331,45.0,43.76335649427967,1.7505342597711868,TP,10072.554691406238,2.914785714285667,100.0,24.906157185601465
XAUUSDm,buy_strict_body2.2_wick0.3_atr50_closeOff,momentum,2025-07-24 13:40:00+00:00,2025-07-24 13:45:00+00:00,2025-07-25 01:45:00+00:00,BUY,session_breakout,3367.140214721613,3351.315,3395.6256012205167,1.8,1.579757396015398,0.12340285714285755,0.10851329304192071,1.0642757986595763,4.228671341076822,3.164395542417246,0.12657582169668985,TIMEOUT,10075.719086948655,4.113428571428585,100.0,53.27659949751417
XAUUSDm,buy_strict_body2.2_wick0.3_atr50_closeOff,momentum,2025-08-01 12:30:00+00:00,2025-08-01 12:35:00+00:00,2025-08-03 22:05:00+00:00,BUY,session_breakout,3328.1411250099345,3296.811,3384.5353500278165,1.8,0.7979540455734803,0.12649285714285852,0.0938785813631214,0.533954310977704,28.135759894737806,27.6018055837601,1.1040722233504041,TIMEOUT,10103.320892532414,4.216428571428618,100.0,27.262211762494214
XAUUSDm,buy_strict_body2.2_wick0.3_atr50_closeOff,momentum,2025-08-04 13:00:00+00:00,2025-08-04 13:05:00+00:00,2025-08-05 01:05:00+00:00,BUY,session_breakout,3372.376177838491,3361.037,3392.7866979477753,1.8,2.2047453841967903,0.08956285714285676,0.07439640991976926,1.489087496915294,20.41334542368639,18.924257926771098,0.7569703170708438,TIMEOUT,10122.245150459185,2.985428571428559,100.0,18.452596237814085
XAUUSDm,buy_strict_body2.2_wick0.3_atr50_closeOff,momentum,2025-08-05 12:25:00+00:00,2025-08-05 12:30:00+00:00,2025-08-05 14:00:00+00:00,BUY,session_breakout,3360.90390736707,3349.903,3380.705540627797,1.8,2.272539815655022,0.08291357142857188,0.04545058135584517,1.532057589216441,45.00000000000021,43.46794241078377,1.7387176964313507,TP,10165.713092869968,2.763785714285729,100.0,39.83255098002978
XAUUSDm,buy_strict_body2.2_wick0.3_atr50_closeOff,momentum,2025-08-06 12:50:00+00:00,2025-08-06 12:55:00+00:00,2025-08-07 00:55:00+00:00,BUY,session_breakout,3368.60284655437,3360.141,3383.834170352236,1.8,2.954437880593493,0.07221857142856997,0.07073726865580554,1.9915685079024439,11.02936995383679,9.037801445934345,0.36151205783737383,TIMEOUT,10174.750894315903,2.4072857142856656,95.0,26.669520520968696
XAUUSDm,buy_strict_body2.2_wick0.3_atr50_closeOff,momentum,2025-08-12 12:30:00+00:00,2025-08-12 12:35:00+00:00,2025-08-12 14:10:00+00:00,BUY,session_breakout,3350.4202661010218,3338.543,3371.799345082861,1.8,2.104861488103698,0.11245285714285533,0.10403967244997489,1.407934117415637,-25.0,-26.407934117415635,-1.0563173646966255,SL,10148.342960198486,3.7484285714285113,100.0,24.49102958935112
XAUUSDm,buy_strict_body2.2_wick0.3_atr50_closeOff,momentum,2025-08-20 12:00:00+00:00,2025-08-20 12:05:00+00:00,2025-08-20 13:40:00+00:00,BUY,session_breakout,3334.6068073180318,3328.646,3345.3362604904887,1.8,4.194062761326709,0.05190642857142652,0.04385410374585344,2.801610046847821,45.000000000000384,42.198389953152564,1.6879355981261026,TP,10190.54135015164,1.7302142857142175,98.0,33.17162831817436
XAUUSDm,buy_strict_body2.2_wick0.3_atr50_closeOff,momentum,2025-08-28 12:05:00+00:00,2025-08-28 12:10:00+00:00,2025-08-28 12:30:00+00:00,BUY,session_breakout,3408.0981413947197,3401.401,3420.1529959052154,1.8,3.7329359687269412,0.06637285714285845,0.02895496614836798,2.5419424273927573,-25.0,-27.541942427392758,-1.1016776970957103,SL,10162.999407724246,2.212428571428615,100.0,28.685871396469178
XAUUSDm,buy_strict_body2.2_wick0.3_atr50_closeOff,momentum,2025-08-29 13:30:00+00:00,2025-08-29 13:35:00+00:00,2025-08-29 14:10:00+00:00,BUY,session_breakout,3421.0330308496873,3413.653,3434.3170863791247,1.8,3.387519714915365,0.08168142857142845,0.05119013540152912,2.322263367475996,44.99999999999969,42.67773663252369,1.7071094653009475,TP,10205.67714435677,2.7227142857142814,100.0,20.979330941647344
XAUUSDm,buy_strict_body2.2_wick0.3_atr50_closeOff,momentum,2025-09-03 13:25:00+00:00,2025-09-03 13:30:00+00:00,2025-09-04 01:30:00+00:00,BUY,session_breakout,3560.4617471559977,3545.048,3588.206492036794,1.8,1.6219287722175817,0.12008142857142663,0.03970644171220501,1.1532109413753482,-17.521286431304194,-18.674497372679543,-0.7469798949071818,TIMEOUT,10187.00264698409,4.002714285714221,100.0,20.93352068030542
XAUUSDm,buy_strict_body2.2_wick0.3_atr50_closeOff,momentum,2025-09-04 13:35:00+00:00,2025-09-04 13:40:00+00:00,2025-09-04 14:00:00+00:00,BUY,session_breakout,3558.0273329504,3539.71,3590.998532261119,1.8,1.3648275143382376,0.13142357142856975,0.053621164685562904,0.9687187201556406,-25.0,-25.96871872015564,-1.0387487488062255,SL,10161.033928263934,4.3807857142856585,99.0,19.552379694708875
XAUUSDm,buy_strict_body2.2_wick0.3_atr50_closeOff,momentum,2025-10-22 13:00:00+00:00,2025-10-22 13:05:00+00:00,2025-10-22 14:45:00+00:00,BUY,session_breakout,4066.671606459481,4023.09,4145.118498086547,1.8,0.5736364955533058,0.39714642857142374,0.3090332451952103,0.4640582497791098,-25.0,-25.46405824977911,-1.0185623299911644,SL,10135.569870014155,13.238214285714125,64.0,38.975027111375816
XAUUSDm,buy_strict_body2.2_wick0.3_atr50_closeOff,momentum,2025-10-24 12:30:00+00:00,2025-10-24 12:35:00+00:00,2025-10-26 22:05:00+00:00,BUY,session_breakout,4089.951875728463,4058.775,4146.070252039697,1.8,0.801876372018128,0.19440642857142945,0.15967251417706663,0.6558678254810871,-0.5932888648843209,-1.249156690365408,-0.049966267614616325,TIMEOUT,10134.32071332379,6.4802142857143155,74.0,42.41032507024094
XAUUSDm,buy_strict_body2.2_wick0.3_atr50_closeOff,momentum,2025-11-10 13:00:00+00:00,2025-11-10 13:05:00+00:00,2025-11-10 13:50:00+00:00,BUY,session_breakout,4105.180980869053,4092.184,4128.575546433349,1.8,1.92352364382772,0.11574214285713975,0.11310979762409329,1.576782535778699,-25.0,-26.576782535778698,-1.063071301431148,SL,10107.743930788012,3.8580714285713253,82.0,50.15628024988935
XAUUSDm,buy_strict_body2.2_wick0.3_atr50_closeOff,momentum,2025-11-18 13:35:00+00:00,2025-11-18 13:40:00+00:00,2025-11-19 01:40:00+00:00,BUY,session_breakout,4066.1949257877136,4029.089,4132.985592205599,1.8,0.6737468334041105,0.20224714285714396,0.10680221628483602,0.5478626899318737,-0.5450111879309861,-1.0928738778628597,-0.04371495511451439,TIMEOUT,10106.65105691015,6.741571428571466,98.0,23.99220544731655
XAUUSDm,buy_strict_body2.2_wick0.3_atr50_closeOff,momentum,2025-12-03 13:50:00+00:00,2025-12-03 13:55:00+00:00,2025-12-03 14:50:00+00:00,BUY,session_breakout,4236.182741188882,4211.353,4280.876275328868,1.8,1.0068570513813748,0.14135571428571309,0.07906333173815785,0.8505460927812214,-25.0,-25.850546092781222,-1.034021843711249,SL,10080.80051081737,4.711857142857103,100.0,27.83795219721161
XAUUSDm,buy_strict_body2.2_wick0.3_atr50_closeOff,momentum,2025-12-16 13:20:00+00:00,2025-12-16 13:25:00+00:00,2025-12-16 14:15:00+00:00,BUY,session_breakout,4301.018285200173,4289.067,4322.530598560484,1.8,2.091825237309117,0.10657071428571661,0.06699984302898539,1.8038957190219405,45.00000000000075,43.196104280978815,1.7278441712391528,TP,10123.996615098347,3.5523571428572205,63.0,29.460394202997385
XAUUSDm,buy_strict_body2.2_wick0.3_atr50_closeOff,momentum,2026-01-08 13:20:00+00:00,2026-01-08 13:25:00+00:00,2026-01-08 16:30:00+00:00,BUY,session_breakout,4432.195167727945,4417.26,4459.078469638245,1.8,1.6739015225937781,0.1653042857142873,0.07151558508800634,1.4883116479385186,45.0,43.51168835206148,1.7404675340824594,TP,10167.50830345041,5.51014285714291,83.0,28.359410028489833
XAUUSDm,buy_strict_body2.2_wick0.3_atr50_closeOff,momentum,2026-02-18 13:05:00+00:00,2026-02-18 13:10:00+00:00,2026-02-19 01:10:00+00:00,BUY,session_breakout,4955.1833192276545,4917.985,5022.140293837433,1.8,0.6720733764071241,0.21361500000000172,0.08351172765356642,0.6665510381349652,5.016813210471695,4.35026217233673,0.17401048689346918,TIMEOUT,10171.858565622746,7.120500000000058,100.0,18.559749289996407
XAUUSDm,buy_strict_body2.2_wick0.3_atr50_closeOff,momentum,2026-02-19 13:35:00+00:00,2026-02-19 13:40:00+00:00,2026-02-19 14:30:00+00:00,BUY,session_breakout,4994.700635369087,4971.705,5036.092779033443,1.8,1.0871628288908977,0.19561928571427936,0.1238257262296406,1.083510574442204,-25.0,-26.083510574442204,-1.0433404229776881,SL,10145.775055048303,6.520642857142645,99.0,31.84451899181582
XAUUSDm,buy_strict_body2.2_wick0.3_atr50_closeOff,momentum,2026-02-27 13:20:00+00:00,2026-02-27 13:25:00+00:00,2026-03-01 23:01:00+00:00,BUY,session_breakout,5234.933475075103,5182.863,5328.6603302102885,1.8,0.48011853097060697,0.19656642857142806,0.09019186081810832,0.5067428067370217,40.650927806389625,40.1441849996526,1.605767399986104,TIMEOUT,10185.919240047955,6.552214285714269,100.0,21.011152787242228
XAUUSDm,buy_strict_body2.2_wick0.3_atr50_closeOff,momentum,2026-03-06 13:30:00+00:00,2026-03-06 13:35:00+00:00,2026-03-08 22:03:00+00:00,BUY,session_breakout,5124.112001486918,5065.362,5229.862004163371,1.8,0.42553190412372444,0.3191828571428576,0.2454100583467814,0.438470882582926,23.76255195734568,23.324081074762752,0.93296324299051,TIMEOUT,10209.243321122718,10.639428571428587,100.0,32.269028977247274
XAUUSDm,buy_strict_body2.2_wick0.3_atr50_closeOff,momentum,2026-04-09 13:35:00+00:00,2026-04-09 13:40:00+00:00,2026-04-10 01:40:00+00:00,BUY,session_breakout,4770.307592367061,4738.562,4827.449658627772,1.8,0.7875108994954378,0.22024499999999989,0.13346986706042546,0.7515698149540073,2.3597036702706506,1.6081338553166433,0.06432535421266573,TIMEOUT,10210.851454978034,7.341499999999996,85.0,19.548493915416145
XAUUSDm,buy_strict_body2.2_wick0.3_atr50_closeOff,momentum,2026-04-17 13:05:00+00:00,2026-04-17 13:10:00+00:00,2026-04-19 22:01:00+00:00,BUY,session_breakout,4862.790349060564,4811.482,4955.145377369579,1.8,0.487250134875518,0.27648857142857586,0.2441047748500013,0.47137905069022545,-25.0,-25.471379050690224,-1.018855162027609,SL,10185.380075927344,9.216285714285862,100.0,23.682725240557893
XAUUSDm,buy_strict_body2.2_wick0.3_atr50_closeOff,momentum,2026-04-20 13:25:00+00:00,2026-04-20 13:30:00+00:00,2026-04-20 14:51:00+00:00,BUY,session_breakout,4824.423500837811,4799.549,4869.197602345871,1.8,1.0050452936928196,0.2057849999999988,0.16260833781087203,0.9672528268596158,-25.0,-25.967252826859617,-1.0386901130743846,SL,10159.412823100483,6.859499999999961,99.0,18.41847392036155
XAUUSDm,buy_strict_body2.2_wick0.3_atr50_closeOff,momentum,2026-05-01 13:50:00+00:00,2026-05-01 13:55:00+00:00,2026-05-03 22:03:00+00:00,BUY,session_breakout,4617.027245507143,4586.483,4672.006887419999,1.8,0.8184847778988023,0.22602857142856853,0.11723122142803645,0.7565591400306205,7.658361122939978,6.901801982909358,0.27607207931637434,TIMEOUT,10166.314625083392,7.534285714285618,100.0,38.294848342025965
XAUUSDm,asym_sellBase_buy_body2.2_wick0.3_atr50_closeOff,momentum,2025-01-03 13:15:00+00:00,2025-01-03 13:20:00+00:00,2025-01-03 16:50:00+00:00,SELL,session_breakout,2652.005430036269,2658.656,2640.0344041015533,1.8,3.7590763102016957,0.04961357142857001,0.04176317801689456,1.98931815731512,45.0,43.01068184268488,1.7204272737073953,TP,10043.010681842685,1.653785714285667,73.0,20.836599199556407
XAUUSDm,asym_sellBase_buy_body2.2_wick0.3_atr50_closeOff,momentum,2025-01-06 13:30:00+00:00,2025-01-06 13:35:00+00:00,2025-01-06 14:15:00+00:00,SELL,session_breakout,2638.225875719044,2648.848,2619.106052013323,1.8,2.353578186316398,0.09765428571428304,0.05929713809885488,1.2373541743335637,45.00000000000021,43.76264582566665,1.750505833026666,TP,10086.773327668352,3.255142857142768,99.0,33.51748168707531
XAUUSDm,asym_sellBase_buy_body2.2_wick0.3_atr50_closeOff,momentum,2025-01-07 13:10:00+00:00,2025-01-07 13:15:00+00:00,2025-01-07 15:00:00+00:00,BUY,session_breakout,2654.9791208801166,2647.585,2668.2885384643264,1.8,3.3810645518694584,0.06860785714285579,0.061816951545560016,1.79283115831226,-25.0,-26.79283115831226,-1.0717132463324903,SL,10059.98049651004,2.2869285714285263,100.0,29.35827353571139
XAUUSDm,asym_sellBase_buy_body2.2_wick0.3_atr50_closeOff,momentum,2025-01-13 12:00:00+00:00,2025-01-13 12:05:00+00:00,2025-01-13 17:35:00+00:00,SELL,session_breakout,2673.064954967965,2680.55,2659.591873910302,1.8,3.3399932656387783,0.06136285714285707,0.048363603463073,1.7811037896416055,44.999999999999694,43.21889621035809,1.7287558484143235,TP,10103.199392720397,2.045428571428569,66.0,19.272499199964653
XAUUSDm,asym_sellBase_buy_body2.2_wick0.3_atr50_closeOff,momentum,2025-01-15 13:55:00+00:00,2025-01-15 14:00:00+00:00,2025-01-15 14:30:00+00:00,BUY,session_breakout,2693.9235412198063,2682.127,2715.157315415458,1.8,2.119265260398956,0.10109571428571404,0.03699336266367949,1.1393277150156143,-25.0,-26.139327715015614,-1.0455731086006246,SL,10077.06006500538,3.3698571428571347,100.0,29.527297783745972
XAUUSDm,asym_sellBase_buy_body2.2_wick0.3_atr50_closeOff,momentum,2025-01-16 13:30:00+00:00,2025-01-16 13:35:00+00:00,2025-01-17 01:35:00+00:00,BUY,session_breakout,2713.597716646188,2701.388,2735.5752066093264,1.8,2.047549564371345,0.07803214285714083,0.07670057475941956,1.110873182781847,-3.719817377488553,-4.8306905602704,-0.19322762241081598,TIMEOUT,10072.229374445109,2.601071428571361,100.0,29.035232131775437
XAUUSDm,asym_sellBase_buy_body2.2_wick0.3_atr50_closeOff,momentum,2025-01-23 13:10:00+00:00,2025-01-23 13:15:00+00:00,2025-01-23 14:30:00+00:00,SELL,session_breakout,2740.6604500907943,2746.514,2730.124060254224,1.8,4.27091258941562,0.08819785714285834,0.07345098063418955,2.3435242439212507,-25.0,-27.34352424392125,-1.09374096975685,SL,10044.885850201188,2.9399285714286116,100.0,21.034694030739566
XAUUSDm,asym_sellBase_buy_body2.2_wick0.3_atr50_closeOff,momentum,2025-01-24 13:40:00+00:00,2025-01-24 13:45:00+00:00,2025-01-24 14:15:00+00:00,BUY,session_breakout,2783.989965984538,2777.85,2795.041904756706,1.8,4.071683794821815,0.05255785714285528,0.044687055966147325,2.264605365889156,-25.0,-27.264605365889157,-1.0905842146355662,SL,10017.621244835298,1.7519285714285096,50.0,34.62164324979766
XAUUSDm,asym_sellBase_buy_body2.2_wick0.3_atr50_closeOff,momentum,2025-02-11 12:45:00+00:00,2025-02-11 12:50:00+00:00,2025-02-11 13:15:00+00:00,SELL,session_breakout,2896.7206527845447,2904.236,2883.1930277967253,1.8,3.326526277932681,0.08019428571428665,0.03125007259816052,1.9227034742636195,44.999999999999694,43.077296525736074,1.723091861029443,TP,10060.698541361035,2.673142857142888,57.99999999999999,33.99080280425428
XAUUSDm,asym_sellBase_buy_body2.2_wick0.3_atr50_closeOff,momentum,2025-02-12 13:15:00+00:00,2025-02-12 13:20:00+00:00,2025-02-12 14:00:00+00:00,SELL,session_breakout,2874.1638297744685,2885.902,2853.0351233685114,1.8,2.1298038382185625,0.08443714285714382,0.05195165410239884,1.2267810312645253,-25.0,-26.226781031264526,-1.049071241250581,SL,10034.47176032977,2.814571428571461,97.0,21.687231563201554
XAUUSDm,asym_sellBase_buy_body2.2_wick0.3_atr50_closeOff,momentum,2025-02-13 13:00:00+00:00,2025-02-13 13:05:00+00:00,2025-02-13 18:50:00+00:00,SELL,session_breakout,2913.989674362585,2921.369,2900.7068882152375,1.8,3.3878434464584855,0.06448499999999967,0.036083137414846415,1.976928164267396,-25.0,-26.976928164267395,-1.0790771265706958,SL,10007.494832165503,2.149499999999989,60.0,18.43714716473585
XAUUSDm,asym_sellBase_buy_body2.2_wick0.3_atr50_closeOff,momentum,2025-02-14 13:40:00+00:00,2025-02-14 13:45:00+00:00,2025-02-14 16:45:00+00:00,SELL,session_breakout,2917.818552089009,2933.321,2889.914145849225,1.8,1.6126485406395195,0.10798928571428665,0.10245326813382452,0.9365831659754513,44.99999999999971,44.06341683402426,1.7625366733609704,TP,10051.558248999527,3.5996428571428885,100.0,18.863435153374482
XAUUSDm,asym_sellBase_buy_body2.2_wick0.3_atr50_closeOff,momentum,2025-02-24 13:55:00+00:00,2025-02-24 14:00:00+00:00,2025-02-24 14:20:00+00:00,BUY,session_breakout,2954.484147613948,2946.923,2968.094213319055,1.8,3.306376396339811,0.07127785714285698,0.05350868537672173,1.951227329806181,-25.0,-26.95122732980618,-1.0780490931922473,SL,10024.60702166972,2.375928571428566,88.0,20.21311523242239
XAUUSDm,asym_sellBase_buy_body2.2_wick0.3_atr50_closeOff,momentum,2025-02-28 12:50:00+00:00,2025-02-28 12:55:00+00:00,2025-02-28 14:40:00+00:00,SELL,session_breakout,2855.008540725002,2864.502,2837.920314030006,1.8,2.6333920308522925,0.06792428571428445,0.05949713214047275,1.4991713478320907,45.000000000000234,43.500828652168146,1.7400331460867258,TP,10068.107850321889,2.264142857142815,71.0,21.169540131150995
XAUUSDm,asym_sellBase_buy_body2.2_wick0.3_atr50_closeOff,momentum,2025-03-03 13:05:00+00:00,2025-03-03 13:10:00+00:00,2025-03-03 14:30:00+00:00,SELL,session_breakout,2871.0504769709864,2877.716,2859.0525355187624,1.8,3.750643406553525,0.057207857142854465,0.03491910044199539,2.1561573082667165,-25.0,-27.156157308266717,-1.0862462923306686,SL,10040.951693013621,1.9069285714284823,70.0,19.71262015212677
XAUUSDm,asym_sellBase_buy_body2.2_wick0.3_atr50_closeOff,momentum,2025-03-05 13:30:00+00:00,2025-03-05 13:35:00+00:00,2025-03-05 15:05:00+00:00,SELL,session_breakout,2908.6879680803154,2917.269,2893.2421106248835,1.8,2.9134025177847716,0.08657571428571535,0.039744062542037606,1.6973357699310925,-25.0,-26.697335769931094,-1.0678934307972439,SL,10014.25435724369,2.8858571428571786,100.0,18.538773727042578
XAUUSDm,asym_sellBase_buy_body2.2_wick0.3_atr50_closeOff,momentum,2025-03-21 13:45:00+00:00,2025-03-21 13:50:00+00:00,2025-03-23 22:05:00+00:00,SELL,session_breakout,3010.6700972495464,3036.851,2963.54447229873,1.8,0.9548944984170482,0.11942571428571715,0.082189893310666,0.5762363462758147,-12.618837933524654,-13.195074279800469,-0.5278029711920188,TIMEOUT,10001.05928296389,3.9808571428572384,100.0,18.011965333720443
XAUUSDm,asym_sellBase_buy_body2.2_wick0.3_atr50_closeOff,momentum,2025-03-26 13:00:00+00:00,2025-03-26 13:05:00+00:00,2025-03-26 14:00:00+00:00,SELL,session_breakout,3024.813108651852,3029.994,3015.487504225185,1.8,4.825424491663162,0.06616928571428649,0.022806705291147224,2.914701451438486,45.00000000000044,42.08529854856195,1.683411941942478,TP,10043.144581512452,2.205642857142883,100.0,19.750277906197685
XAUUSDm,asym_sellBase_buy_body2.2_wick0.3_atr50_closeOff,momentum,2025-04-02 12:25:00+00:00,2025-04-02 12:30:00+00:00,2025-04-02 13:50:00+00:00,BUY,session_breakout,3125.9541583613113,3117.046,3141.988843411672,1.8,2.8064162070328713,0.08566285714285543,0.07532693274021882,1.7520456824933965,-25.0,-26.752045682493396,-1.0700818272997359,SL,10016.392535829958,2.8554285714285146,72.0,23.02494613702874
XAUUSDm,asym_sellBase_buy_body2.2_wick0.3_atr50_closeOff,momentum,2025-04-03 12:20:00+00:00,2025-04-03 12:25:00+00:00,2025-04-03 14:00:00+00:00,SELL,session_breakout,3080.676432330569,3097.309,3050.737810525592,1.8,1.5030752014282731,0.14053499999999824,0.10430016943143226,0.9285976698121208,-25.0,-25.92859766981212,-1.0371439067924848,SL,9990.463938160146,4.684499999999941,68.0,45.51265925747012
XAUUSDm,asym_sellBase_buy_body2.2_wick0.3_atr50_closeOff,momentum,2025-04-11 13:30:00+00:00,2025-04-11 13:35:00+00:00,2025-04-11 13:50:00+00:00,BUY,session_breakout,3240.6129174856387,3225.711,3267.436368959789,1.8,1.6776364534357844,0.17203285714285552,0.14290105706715678,1.0848140723697595,-25.0,-26.08481407236976,-1.0433925628947904,SL,9964.379124087776,5.734428571428517,74.0,26.486869484803904
XAUUSDm,asym_sellBase_buy_body2.2_wick0.3_atr50_closeOff,momentum,2025-04-21 13:00:00+00:00,2025-04-21 13:05:00+00:00,2025-04-22 01:05:00+00:00,BUY,session_breakout,3421.335005068959,3398.008,3463.323614193086,1.8,1.0717192338277004,0.13261714285714366,0.07269649753057524,0.7345052424013024,11.631363412231112,10.896858169829809,0.4358743267931924,TIMEOUT,9975.275982257606,4.4205714285714555,100.0,28.364920124046165
XAUUSDm,asym_sellBase_buy_body2.2_wick0.3_atr50_closeOff,momentum,2025-04-23 13:25:00+00:00,2025-04-23 13:30:00+00:00,2025-04-23 14:00:00+00:00,SELL,session_breakout,3299.591370026565,3320.54,3261.883836074382,1.8,1.1933954646056892,0.2031985714285695,0.19903068772047616,0.7830434752083552,45.00000000000021,44.21695652479186,1.7686782609916745,TP,10019.492938782398,6.773285714285651,78.0,22.560104668224394
XAUUSDm,asym_sellBase_buy_body2.2_wick0.3_atr50_closeOff,momentum,2025-04-25 13:20:00+00:00,2025-04-25 13:25:00+00:00,2025-04-25 19:30:00+00:00,SELL,session_breakout,3270.337939587348,3298.252,3220.0926308445746,1.8,0.8956060003606239,0.20633142857142858,0.19089469836623624,0.5882868563802857,-25.0,-25.588286856380286,-1.0235314742552115,SL,9993.904651926017,6.877714285714286,89.0,31.5080885248663
XAUUSDm,asym_sellBase_buy_body2.2_wick0.3_atr50_closeOff,momentum,2025-04-30 12:00:00+00:00,2025-04-30 12:05:00+00:00,2025-04-30 12:15:00+00:00,SELL,session_breakout,3267.573342015208,3281.671,3242.197557642582,1.8,1.773344198516447,0.11945999999999815,0.10092798479230056,1.1614064458579334,-25.0,-26.161406445857935,-1.0464562578343175,SL,9967.74324548016,3.9819999999999385,85.0,43.24131785778276
XAUUSDm,asym_sellBase_buy_body2.2_wick0.3_atr50_closeOff,momentum,2025-04-30 12:20:00+00:00,2025-04-30 12:25:00+00:00,2025-05-01 00:20:00+00:00,BUY,session_breakout,3290.179006172002,3266.901,3332.0794172816063,1.8,1.0739751426850663,0.15381214285714284,0.06710010057350242,0.7042140935225972,-25.000000000000004,-25.7042140935226,-1.028168563740904,SL,9942.039031386637,5.127071428571428,97.0,44.343344543550394
XAUUSDm,asym_sellBase_buy_body2.2_wick0.3_atr50_closeOff,momentum,2025-05-02 13:00:00+00:00,2025-05-02 13:05:00+00:00,2025-05-02 14:55:00+00:00,SELL,session_breakout,3244.003969841912,3263.926,3208.1443155573534,1.8,1.254892187272908,0.15889714285714296,0.09958158665969347,0.8166750474473826,-25.0,-25.816675047447383,-1.0326670018978954,SL,9916.22235633919,5.296571428571432,100.0,20.422343309001352
XAUUSDm,asym_sellBase_buy_body2.2_wick0.3_atr50_closeOff,momentum,2025-05-14 12:50:00+00:00,2025-05-14 12:55:00+00:00,2025-05-15 00:55:00+00:00,SELL,session_breakout,3186.2653554371304,3221.493,3122.8555952239653,1.8,0.7096699285523733,0.21265500000000104,0.07031706286943853,0.4523502376139226,-1.1089618552843785,-1.561312092898301,-0.062452483715932046,TIMEOUT,9914.661044246293,7.088500000000034,100.0,20.548243138493692
XAUUSDm,asym_sellBase_buy_body2.2_wick0.3_atr50_closeOff,momentum,2025-05-15 12:50:00+00:00,2025-05-15 12:55:00+00:00,2025-05-15 15:05:00+00:00,BUY,session_breakout,3188.620223890027,3177.747,3208.1920268920753,1.8,2.299226085368309,0.1302021428571457,0.05312281859841843,1.4707717590201774,44.99999999999958,43.52922824097941,1.7411691296391762,TP,9958.190272487273,4.340071428571524,65.0,28.573355861432
XAUUSDm,asym_sellBase_buy_body2.2_wick0.3_atr50_closeOff,momentum,2025-05-28 13:35:00+00:00,2025-05-28 13:40:00+00:00,2025-05-28 20:50:00+00:00,SELL,session_breakout,3303.6705227576995,3316.438,3280.6890637215583,1.8,1.9581002202354534,0.11382000000000095,0.08856724230064007,1.2892835956394455,45.0,43.710716404360554,1.7484286561744222,TP,10001.900988891633,3.7940000000000316,98.0,19.47008735358178
XAUUSDm,asym_sellBase_buy_body2.2_wick0.3_atr50_closeOff,momentum,2025-05-29 12:15:00+00:00,2025-05-29 12:20:00+00:00,2025-05-29 16:05:00+00:00,BUY,session_breakout,3308.8565513238823,3298.541,3327.4245437068703,1.8,2.4235253371403505,0.10334357142857113,0.08487953816802063,1.6083195378192539,45.00000000000044,43.391680462181185,1.7356672184872475,TP,10045.292669353814,3.4447857142857043,100.0,33.53063891306181
XAUUSDm,asym_sellBase_buy_body2.2_wick0.3_atr50_closeOff,momentum,2025-05-30 12:10:00+00:00,2025-05-30 12:15:00+00:00,2025-05-30 13:40:00+00:00,BUY,session_breakout,3303.0569231551035,3288.365,3329.5023848342903,1.8,1.7016152164745995,0.14142642857142912,0.13820994081781723,1.1216063842644992,-25.0,-26.1216063842645,-1.04486425537058,SL,10019.17106296955,4.714214285714304,100.0,26.073140583746437
XAUUSDm,asym_sellBase_buy_body2.2_wick0.3_atr50_closeOff,momentum,2025-06-03 13:45:00+00:00,2025-06-03 13:50:00+00:00,2025-06-04 01:20:00+00:00,SELL,session_breakout,3343.8179970198344,3363.095,3309.1193916555367,1.8,1.2968820944688908,0.12839785714285493,0.06780405159427587,0.8698075374995708,-25.0,-25.86980753749957,-1.034792301499983,SL,9993.30125543205,4.279928571428497,100.0,26.21077909916798
XAUUSDm,asym_sellBase_buy_body2.2_wick0.3_atr50_closeOff,momentum,2025-06-11 12:15:00+00:00,2025-06-11 12:20:00+00:00,2025-06-11 12:35:00+00:00,BUY,session_breakout,3338.101872857628,3327.196,3357.732444001359,1.8,2.2923428804245867,0.09899999999999863,0.055372857628215644,1.5349148124754326,44.99999999999958,43.465085187524146,1.7386034075009658,TP,10036.766340619575,3.2999999999999545,97.0,30.652943272538636
XAUUSDm,asym_sellBase_buy_body2.2_wick0.3_atr50_closeOff,momentum,2025-06-16 13:50:00+00:00,2025-06-16 13:55:00+00:00,2025-06-17 01:55:00+00:00,SELL,session_breakout,3389.734766620894,3417.401,3339.9355465385033,1.8,0.9036286095555187,0.17297357142857242,0.10874659339156378,0.6129695786257497,-3.5731584102195497,-4.1861279888453,-0.167445119553812,TIMEOUT,10032.58021263073,5.765785714285747,100.0,35.415918947083775
XAUUSDm,asym_sellBase_buy_body2.2_wick0.3_atr50_closeOff,momentum,2025-06-20 13:50:00+00:00,2025-06-20 13:55:00+00:00,2025-06-22 22:05:00+00:00,BUY,session_breakout,3372.047679805528,3348.68,3414.1095034554783,1.8,1.0698537556170127,0.11116928571428453,0.04809516267118568,0.7224983113436799,9.787364717642866,9.064866406299187,0.36259465625196746,TIMEOUT,10041.645079037029,3.7056428571428177,98.0,19.55623931036536
XAUUSDm,asym_sellBase_buy_body2.2_wick0.3_atr50_closeOff,momentum,2025-06-24 12:30:00+00:00,2025-06-24 12:35:00+00:00,2025-06-24 19:30:00+00:00,SELL,session_breakout,3307.6962171140894,3321.86,3282.20140791945,1.8,1.7650651807765687,0.12322071428571267,0.04817252876767209,1.1701598842828906,-25.0,-26.170159884282892,-1.0468063953713156,SL,10015.474919152746,4.107357142857089,82.0,38.064296195118644
XAUUSDm,asym_sellBase_buy_body2.2_wick0.3_atr50_closeOff,momentum,2025-06-26 13:05:00+00:00,2025-06-26 13:10:00+00:00,2025-06-27 01:10:00+00:00,SELL,session_breakout,3317.8236884200473,3344.056,3270.6055275761323,1.8,0.9530231418532535,0.15296785714285566,0.09682765138081362,0.6322706891650923,1.2186196555248259,0.5863489663597335,0.023453958654389342,TIMEOUT,10016.061268119105,5.098928571428522,100.0,18.53667304092629
XAUUSDm,asym_sellBase_buy_body2.2_wick0.3_atr50_closeOff,momentum,2025-06-27 12:05:00+00:00,2025-06-27 12:10:00+00:00,2025-06-29 22:05:00+00:00,SELL,session_breakout,3273.9777000070135,3285.344,3253.518360019638,1.8,2.1994844422042292,0.1014771428571443,0.04656142155762402,1.4395559029863507,6.567000714514795,5.127444811528444,0.20509779246113777,TIMEOUT,10021.188712930634,3.382571428571477,74.0,43.632735004813654
XAUUSDm,asym_sellBase_buy_body2.2_wick0.3_atr50_closeOff,momentum,2025-07-08 13:45:00+00:00,2025-07-08 13:50:00+00:00,2025-07-08 14:40:00+00:00,SELL,session_breakout,3315.9876112223346,3326.914,3296.3201114225367,1.8,2.2880386657211043,0.10118357142857348,0.07779699195094318,1.5129215739057726,44.999999999999794,43.48707842609402,1.739483137043761,TP,10064.675791356729,3.372785714285783,100.0,18.147393845146915
XAUUSDm,asym_sellBase_buy_body2.2_wick0.3_atr50_closeOff,momentum,2025-07-11 12:45:00+00:00,2025-07-11 12:50:00+00:00,2025-07-13 22:05:00+00:00,BUY,session_breakout,3356.0256717960533,3344.356,3377.031081028949,1.8,2.14230532245607,0.09554357142856848,0.057900010338710554,1.4391179523292352,11.916205316562937,10.477087364233702,0.419083494569348,TIMEOUT,10075.152878720963,3.184785714285616,100.0,24.363230310504886
XAUUSDm,asym_sellBase_buy_body2.2_wick0.3_atr50_closeOff,momentum,2025-07-14 12:35:00+00:00,2025-07-14 12:40:00+00:00,2025-07-15 00:40:00+00:00,SELL,session_breakout,3351.426454190208,3368.025,3321.5490717325824,1.8,1.506156038395339,0.09729428571428668,0.08589866693500164,1.0088846834760932,6.6955476719913145,5.686662988515222,0.22746651954060887,TIMEOUT,10080.839541709478,3.2431428571428893,100.0,21.65202251038262
XAUUSDm,asym_sellBase_buy_body2.2_wick0.3_atr50_closeOff,momentum,2025-07-15 12:05:00+00:00,2025-07-15 12:10:00+00:00,2025-07-15 12:30:00+00:00,SELL,session_breakout,3352.714523328694,3359.335,3340.7976653203436,1.8,3.776163143713487,0.0592757142857129,0.046838814163092504,2.5345794028773496,-25.0,-27.53457940287735,-1.1013831761150938,SL,10053.3049623066,1.9758571428570966,59.0,20.971755145144762
XAUUSDm,asym_sellBase_buy_body2.2_wick0.3_atr50_closeOff,momentum,2025-07-15 12:35:00+00:00,2025-07-15 12:40:00+00:00,2025-07-15 15:35:00+00:00,SELL,session_breakout,3347.965105753148,3360.387,3325.6056961088134,1.8,2.0125754980030366,0.10199142857143151,0.05289853256625953,1.343106508001586,45.000000000000185,43.6568934919986,1.7462757396799438,TP,10096.961855798598,3.3997142857143836,100.0,24.614335357064114
XAUUSDm,asym_sellBase_buy_body2.2_wick0.3_atr50_closeOff,momentum,2025-07-18 12:00:00+00:00,2025-07-18 12:05:00+00:00,2025-07-18 14:15:00+00:00,BUY,session_breakout,3358.310420245793,3351.982,3369.7015766882205,1.8,3.950432972054805,0.058890000000000914,0.05197524579291518,2.6508560429068417,-25.0,-27.65085604290684,-1.1060342417162736,SL,10069.310999755691,1.9630000000000305,82.0,31.83987434693921
XAUUSDm,asym_sellBase_buy_body2.2_wick0.3_atr50_closeOff,momentum,2025-07-21 12:15:00+00:00,2025-07-21 12:20:00+00:00,2025-07-21 13:45:00+00:00,BUY,session_breakout,3378.2558474677735,3370.859,3391.570172909766,1.8,3.379818241341258,0.06443571428571561,0.05562961063060867,2.2880781474378704,45.0,42.71192185256213,1.7084768741024852,TP,10112.022921608253,2.147857142857187,90.0,27.99741884698307
XAUUSDm,asym_sellBase_buy_body2.2_wick0.3_atr50_closeOff,momentum,2025-07-22 12:55:00+00:00,2025-07-22 13:00:00+00:00,2025-07-22 16:50:00+00:00,BUY,session_breakout,3407.6016726024623,3393.754,3432.5274832868945,1.8,1.805357529578983,0.08744357142857,0.049950816748197104,1.2348878674877584,45.0,43.76511213251224,1.7506044853004896,TP,10155.788033740766,2.914785714285667,100.0,24.906157185601465
XAUUSDm,asym_sellBase_buy_body2.2_wick0.3_atr50_closeOff,momentum,2025-07-24 12:45:00+00:00,2025-07-24 12:50:00+00:00,2025-07-24 13:40:00+00:00,SELL,session_breakout,3354.2280544551354,3365.506,3333.9277524743793,1.8,2.2167157928319714,0.0947721428571445,0.047559473435928035,1.4895740602141514,-25.0,-26.489574060214153,-1.0595829624085662,SL,10129.298459680553,3.1590714285714836,92.0,50.569753258342374
XAUUSDm,asym_sellBase_buy_body2.2_wick0.3_atr50_closeOff,momentum,2025-07-28 13:30:00+00:00,2025-07-28 13:35:00+00:00,2025-07-28 13:50:00+00:00,SELL,session_breakout,3324.2426894090954,3330.639,3312.729330345467,1.8,3.908503135471406,0.08868000000000101,0.06897059090475136,2.59406259492467,44.99999999999929,42.40593740507462,1.6962374962029847,TP,10171.704397085627,2.9560000000000337,99.0,24.688991825086365
XAUUSDm,asym_sellBase_buy_body2.2_wick0.3_atr50_closeOff,momentum,2025-08-01 12:30:00+00:00,2025-08-01 12:35:00+00:00,2025-08-03 22:05:00+00:00,BUY,session_breakout,3328.0975686693755,3296.811,3384.4133922742512,1.8,0.7990649362731516,0.12649285714285852,0.05032224080404402,0.5346941877345679,28.209734106428915,27.675039918694345,1.1070015967477738,TIMEOUT,10199.379437004322,4.216428571428618,100.0,27.262211762494214
XAUUSDm,asym_sellBase_buy_body2.2_wick0.3_atr50_closeOff,momentum,2025-08-04 13:00:00+00:00,2025-08-04 13:05:00+00:00,2025-08-05 01:05:00+00:00,BUY,session_breakout,3372.34118333056,3361.037,3392.688713325568,1.8,2.2115706432692135,0.08956285714285676,0.039401901988831416,1.4936895452393315,20.55393211006017,19.06024256482084,0.7624097025928336,TIMEOUT,10218.439679569143,2.985428571428559,100.0,18.452596237814085
XAUUSDm,asym_sellBase_buy_body2.2_wick0.3_atr50_closeOff,momentum,2025-08-05 12:25:00+00:00,2025-08-05 12:30:00+00:00,2025-08-05 14:00:00+00:00,BUY,session_breakout,3360.883758159598,3349.903,3380.649122846875,1.8,2.2767098261013516,0.08291357142857188,0.02530137388378505,1.5348514153172792,44.999999999999794,43.46514858468252,1.7386059433873007,TP,10261.904828153825,2.763785714285729,100.0,39.83255098002978
XAUUSDm,asym_sellBase_buy_body2.2_wick0.3_atr50_closeOff,momentum,2025-08-06 12:50:00+00:00,2025-08-06 12:55:00+00:00,2025-08-07 00:55:00+00:00,BUY,session_breakout,3368.5935562451987,3360.141,3383.808157486556,1.8,2.957685139829865,0.07221857142856997,0.06144695948443578,1.993754717714635,11.068970280224343,9.075215562509708,0.36300862250038834,TIMEOUT,10270.980043716336,2.4072857142856656,95.0,26.669520520968696
XAUUSDm,asym_sellBase_buy_body2.2_wick0.3_atr50_closeOff,momentum,2025-08-12 12:30:00+00:00,2025-08-12 12:35:00+00:00,2025-08-12 14:10:00+00:00,BUY,session_breakout,3350.4022973505926,3338.543,3371.749032581659,1.8,2.1080506931341176,0.11245285714285533,0.08607092202121075,1.4100635770416114,-25.000000000000004,-26.410063577041615,-1.0564025430816644,SL,10244.569980139295,3.7484285714285113,100.0,24.49102958935112
XAUUSDm,asym_sellBase_buy_body2.2_wick0.3_atr50_closeOff,momentum,2025-08-20 12:00:00+00:00,2025-08-20 12:05:00+00:00,2025-08-20 13:40:00+00:00,BUY,session_breakout,3334.604146974307,3328.646,3345.328811528059,1.8,4.195935432242246,0.05190642857142652,0.041193760021125514,2.802856738558285,45.00000000000076,42.19714326144248,1.6878857304576993,TP,10286.767123400738,1.7302142857142175,98.0,33.17162831817436
XAUUSDm,asym_sellBase_buy_body2.2_wick0.3_atr50_closeOff,momentum,2025-08-28 12:05:00+00:00,2025-08-28 12:10:00+00:00,2025-08-28 12:30:00+00:00,BUY,session_breakout,3408.1253717372247,3401.401,3420.2292408642293,1.8,3.7178194449906465,0.06637285714285845,0.056185308653169896,2.531658955602126,-25.0,-27.531658955602126,-1.101266358224085,SL,10259.235464445135,2.212428571428615,100.0,28.685871396469178
XAUUSDm,asym_sellBase_buy_body2.2_wick0.3_atr50_closeOff,momentum,2025-08-29 13:30:00+00:00,2025-08-29 13:35:00+00:00,2025-08-29 14:10:00+00:00,BUY,session_breakout,3421.032584570155,3413.653,3434.3158367964343,1.8,3.387724574782428,0.08168142857142845,0.05074385586938415,2.3224032315759517,44.99999999999969,42.67759676842373,1.7071038707369492,TP,10301.91306121356,2.7227142857142814,100.0,20.979330941647344
XAUUSDm,asym_sellBase_buy_body2.2_wick0.3_atr50_closeOff,momentum,2025-09-03 13:25:00+00:00,2025-09-03 13:30:00+00:00,2025-09-04 01:30:00+00:00,BUY,session_breakout,3560.5058718215655,3545.048,3588.330041100384,1.8,1.6172989586523654,0.12008142857142663,0.0838311072796396,1.1499262243043649,-17.54263450165341,-18.692560725957776,-0.7477024290383111,TIMEOUT,10283.220500487601,4.002714285714221,100.0,20.93352068030542
XAUUSDm,asym_sellBase_buy_body2.2_wick0.3_atr50_closeOff,momentum,2025-09-04 13:35:00+00:00,2025-09-04 13:40:00+00:00,2025-09-04 14:00:00+00:00,BUY,session_breakout,3558.025999691681,3539.71,3590.994799136707,1.8,1.3649268628976168,0.13142357142856975,0.05228790596682179,0.9687890531734648,-25.0,-25.968789053173463,-1.0387515621269385,SL,10257.251711434428,4.3807857142856585,99.0,19.552379694708875
XAUUSDm,asym_sellBase_buy_body2.2_wick0.3_atr50_closeOff,momentum,2025-09-12 12:20:00+00:00,2025-09-12 12:25:00+00:00,2025-09-12 13:10:00+00:00,SELL,session_breakout,3643.21670991779,3649.349,3632.1785877698117,1.8,4.076780397673183,0.063953571428571,0.024313296495592954,2.973018893493647,-25.0,-27.973018893493645,-1.1189207557397458,SL,10229.278692540935,2.1317857142857,65.0,21.061426016204223
XAUUSDm,asym_sellBase_buy_body2.2_wick0.3_atr50_closeOff,momentum,2025-09-25 12:50:00+00:00,2025-09-25 12:55:00+00:00,2025-09-25 18:40:00+00:00,SELL,session_breakout,3732.341596698798,3755.926,3689.889670756635,1.8,1.0600225785117117,0.14623071428571327,0.11228794405902887,0.7937732726438359,-25.0,-25.793773272643836,-1.0317509309057535,SL,10203.48491926829,4.874357142857109,100.0,19.87710691908853
XAUUSDm,asym_sellBase_buy_body2.2_wick0.3_atr50_closeOff,momentum,2025-10-01 12:45:00+00:00,2025-10-01 12:50:00+00:00,2025-10-02 00:50:00+00:00,SELL,session_breakout,3870.8638493898834,3891.122,3834.3991782916737,1.8,1.2340711884882318,0.1346742857142866,0.08481346725981166,0.9537270946058809,16.57215612660294,15.61842903199706,0.6247371612798824,TIMEOUT,10219.103348300288,4.489142857142887,96.0,18.3325867553591
XAUUSDm,asym_sellBase_buy_body2.2_wick0.3_atr50_closeOff,momentum,2025-10-09 13:40:00+00:00,2025-10-09 13:45:00+00:00,2025-10-09 16:40:00+00:00,SELL,session_breakout,4031.1543431239784,4057.981,3982.866360747139,1.8,0.9319088888166851,0.18705642857143076,0.13012866173602372,0.7468337129098441,45.000000000000085,44.25316628709024,1.7701266514836096,TP,10263.356514587378,6.235214285714359,100.0,19.2834809256265
XAUUSDm,asym_sellBase_buy_body2.2_wick0.3_atr50_closeOff,momentum,2025-10-21 12:10:00+00:00,2025-10-21 12:15:00+00:00,2025-10-21 14:20:00+00:00,SELL,session_breakout,4225.171965370832,4267.064,4149.76630303833,1.8,0.5967721601803839,0.2890564285714325,0.24150641488156172,0.49979300018159006,45.0,44.50020699981841,1.7800082799927364,TP,10307.856721587197,9.635214285714417,84.0,57.438051634424795
XAUUSDm,asym_sellBase_buy_body2.2_wick0.3_atr50_closeOff,momentum,2025-10-22 13:00:00+00:00,2025-10-22 13:05:00+00:00,2025-10-22 14:45:00+00:00,BUY,session_breakout,4066.6581704226132,4023.09,4145.080877183317,1.8,0.5738133999545757,0.39714642857142374,0.29559720832738917,0.4642005902446508,-25.000000000000004,-25.464200590244655,-1.018568023609786,SL,10282.392520996953,13.238214285714125,64.0,38.975027111375816
XAUUSDm,asym_sellBase_buy_body2.2_wick0.3_atr50_closeOff,momentum,2025-10-24 12:30:00+00:00,2025-10-24 12:35:00+00:00,2025-10-26 22:05:00+00:00,BUY,session_breakout,4089.9258587188065,4058.775,4145.9974044126575,1.8,0.8025460943363021,0.19440642857142945,0.1336555045202722,0.6564135143552964,-0.5729045266860551,-1.2293180410413513,-0.04917272164165405,TIMEOUT,10281.163202955911,6.4802142857143155,74.0,42.41032507024094
XAUUSDm,asym_sellBase_buy_body2.2_wick0.3_atr50_closeOff,momentum,2025-11-10 13:00:00+00:00,2025-11-10 13:05:00+00:00,2025-11-10 13:50:00+00:00,BUY,session_breakout,4105.147900398846,4092.184,4128.482921116769,1.8,1.9284319711547295,0.11574214285713975,0.08002932741715374,1.5807996914895692,-25.0,-26.58079969148957,-1.0632319876595828,SL,10254.582403264421,3.8580714285713253,82.0,50.15628024988935
XAUUSDm,asym_sellBase_buy_body2.2_wick0.3_atr50_closeOff,momentum,2025-11-14 12:10:00+00:00,2025-11-14 12:15:00+00:00,2025-11-14 13:20:00+00:00,SELL,session_breakout,4125.732431492985,4157.72,4068.1548081803567,1.8,0.7815536211987153,0.2434607142857099,0.12483814987278756,0.6403962243860646,45.0,44.359603775613934,1.7743841510245573,TP,10298.942007040036,8.115357142856997,100.0,35.25045599985121
XAUUSDm,asym_sellBase_buy_body2.2_wick0.3_atr50_closeOff,momentum,2025-11-14 13:25:00+00:00,2025-11-14 13:30:00+00:00,2025-11-16 23:00:00+00:00,SELL,session_breakout,4055.4336507711932,4119.67,3939.808222159341,1.8,0.38918774650394883,0.34366928571428257,0.11051458594954203,0.316530428192668,-8.65411464683415,-8.970645075026818,-0.3588258030010727,TIMEOUT,10289.971361965008,11.455642857142752,100.0,46.13312162979941
XAUUSDm,asym_sellBase_buy_body2.2_wick0.3_atr50_closeOff,momentum,2025-11-18 13:35:00+00:00,2025-11-18 13:40:00+00:00,2025-11-19 01:40:00+00:00,BUY,session_breakout,4066.2106251052314,4029.089,4133.029550294648,1.8,0.6734618953003971,0.20224714285714396,0.12250153380293677,0.5476320474961682,-0.5553535862814698,-1.102985633777638,-0.04411942535110552,TIMEOUT,10288.868376331231,6.741571428571466,98.0,23.99220544731655
XAUUSDm,asym_sellBase_buy_body2.2_wick0.3_atr50_closeOff,momentum,2025-11-19 13:10:00+00:00,2025-11-19 13:15:00+00:00,2025-11-19 14:55:00+00:00,SELL,session_breakout,4102.983442305919,4120.01,4072.335638456573,1.8,1.4682944403195959,0.13318928571428126,0.05996305122293046,1.207377555412228,-25.0,-26.20737755541223,-1.0482951022164892,SL,10262.660998775818,4.439642857142709,70.0,38.20990375075074
XAUUSDm,asym_sellBase_buy_body2.2_wick0.3_atr50_closeOff,momentum,2025-12-03 13:50:00+00:00,2025-12-03 13:55:00+00:00,2025-12-03 14:50:00+00:00,BUY,session_breakout,4236.186508072197,4211.353,4280.886822602152,1.8,1.0067043257569066,0.14135571428571309,0.0828302150536226,0.8504174564778653,-25.0,-25.850417456477864,-1.0340166982591146,SL,10236.81058131934,4.711857142857103,100.0,27.83795219721161
XAUUSDm,asym_sellBase_buy_body2.2_wick0.3_atr50_closeOff,momentum,2025-12-16 13:20:00+00:00,2025-12-16 13:25:00+00:00,2025-12-16 14:15:00+00:00,BUY,session_breakout,4301.046920013993,4289.067,4322.6107760391815,1.8,2.086825285210463,0.10657071428571661,0.09563465684998493,1.7996066931123569,45.00000000000076,43.2003933068884,1.728015732275536,TP,10280.010974626228,3.5523571428572205,63.0,29.460394202997385
XAUUSDm,asym_sellBase_buy_body2.2_wick0.3_atr50_closeOff,momentum,2025-12-23 13:50:00+00:00,2025-12-23 13:55:00+00:00,2025-12-23 14:55:00+00:00,SELL,session_breakout,4478.904429919276,4497.359,4445.686203773971,1.8,1.3546779952414973,0.16868357142857154,0.07822829501032212,1.2089946548002612,44.99999999999975,43.79100534519949,1.7516402138079794,TP,10323.801979971427,5.622785714285718,100.0,24.530324010148064
XAUUSDm,asym_sellBase_buy_body2.2_wick0.3_atr50_closeOff,momentum,2025-12-29 13:40:00+00:00,2025-12-29 13:45:00+00:00,2025-12-29 14:40:00+00:00,SELL,session_breakout,4429.313177425376,4467.761,4360.107096791053,1.8,0.6502318811807067,0.21624642857142654,0.07369936033775602,0.5715161279391592,44.999999999999766,44.4284838720606,1.7771393548824241,TP,10368.230463843489,7.208214285714218,73.0,42.45223459079032
XAUUSDm,asym_sellBase_buy_body2.2_wick0.3_atr50_closeOff,momentum,2026-01-07 12:15:00+00:00,2026-01-07 12:20:00+00:00,2026-01-07 16:20:00+00:00,SELL,session_breakout,4442.065988724566,4455.798,4417.348368428784,1.8,1.8205636085315247,0.13742785714285674,0.068297346863427,1.61991273715351,-25.0,-26.61991273715351,-1.0647965094861405,SL,10341.610551106336,4.580928571428558,75.0,24.219487564866068
XAUUSDm,asym_sellBase_buy_body2.2_wick0.3_atr50_closeOff,momentum,2026-01-08 13:20:00+00:00,2026-01-08 13:25:00+00:00,2026-01-08 16:30:00+00:00,BUY,session_breakout,4432.207216043064,4417.26,4459.11220492058,1.8,1.6725522617705508,0.1653042857142873,0.08356390020674276,1.4871196407657168,44.999999999999694,43.512880359233975,1.740515214369359,TP,10385.12343146557,5.51014285714291,83.0,28.359410028489833
XAUUSDm,asym_sellBase_buy_body2.2_wick0.3_atr50_closeOff,momentum,2026-01-30 13:20:00+00:00,2026-01-30 13:25:00+00:00,2026-01-30 17:43:00+00:00,SELL,session_breakout,5025.189648230233,5117.524,4858.987815044651,1.8,0.27075513631521014,0.8836500000000017,0.6745267697668959,0.2676191816432719,44.99999999999995,44.73238081835668,1.7892952327342673,TP,10429.855812283928,29.45500000000006,71.0,48.48365673984146
XAUUSDm,asym_sellBase_buy_body2.2_wick0.3_atr50_closeOff,momentum,2026-02-17 13:55:00+00:00,2026-02-17 14:00:00+00:00,2026-02-18 02:00:00+00:00,SELL,session_breakout,4869.856075913444,4924.239,4771.9668125576445,1.8,0.45970312225599125,0.3260078571428546,0.22492015798397294,0.4486145347931948,-8.769261862507813,-9.217876397301008,-0.36871505589204034,TIMEOUT,10420.637935886627,10.866928571428486,88.0,20.56358489368482
XAUUSDm,asym_sellBase_buy_body2.2_wick0.3_atr50_closeOff,momentum,2026-02-18 13:05:00+00:00,2026-02-18 13:10:00+00:00,2026-02-19 01:10:00+00:00,BUY,session_breakout,4955.281108691158,4917.985,5022.414104335243,1.8,0.6703112168355178,0.21361500000000172,0.181301191156788,0.6648099129335173,4.938109877525043,4.2732999645915255,0.170931998583661,TIMEOUT,10424.91123585122,7.120500000000058,100.0,18.559749289996407
XAUUSDm,asym_sellBase_buy_body2.2_wick0.3_atr50_closeOff,momentum,2026-02-19 13:35:00+00:00,2026-02-19 13:40:00+00:00,2026-02-19 14:30:00+00:00,BUY,session_breakout,4994.726462206746,4971.705,5036.1650941788885,1.8,1.0859431853409462,0.19561928571427936,0.14965256388870118,1.0822978328551018,-25.0,-26.0822978328551,-1.043291913314204,SL,10398.828938018365,6.520642857142645,99.0,31.84451899181582
XAUUSDm,asym_sellBase_buy_body2.2_wick0.3_atr50_closeOff,momentum,2026-02-24 13:35:00+00:00,2026-02-24 13:40:00+00:00,2026-02-24 14:13:00+00:00,SELL,session_breakout,5138.380859578655,5161.12,5097.450406820234,1.8,1.0994259033878357,0.2371114285714267,0.1385847070595275,1.1253538036986055,45.0,43.87464619630139,1.7549858478520557,TP,10442.703584214667,7.903714285714224,92.0,28.697801795800675
XAUUSDm,asym_sellBase_buy_body2.2_wick0.3_atr50_closeOff,momentum,2026-02-27 13:20:00+00:00,2026-02-27 13:25:00+00:00,2026-03-01 23:01:00+00:00,BUY,session_breakout,5235.014259498716,5182.863,5328.886526596403,1.8,0.4793748078244567,0.19656642857142806,0.17097628443012816,0.5059617141058083,40.54923184710818,40.04327013300237,1.601730805320095,TIMEOUT,10482.74685434767,6.552214285714269,100.0,21.011152787242228
XAUUSDm,asym_sellBase_buy_body2.2_wick0.3_atr50_closeOff,momentum,2026-03-06 13:30:00+00:00,2026-03-06 13:35:00+00:00,2026-03-08 22:03:00+00:00,BUY,session_breakout,5123.999652711264,5065.362,5229.54742759154,1.8,0.4263472162349618,0.3191828571428576,0.1330612826919958,0.43930619560475137,23.85598020279659,23.41667400719184,0.9366669602876736,TIMEOUT,10506.163528354862,10.639428571428587,100.0,32.269028977247274
XAUUSDm,asym_sellBase_buy_body2.2_wick0.3_atr50_closeOff,momentum,2026-03-11 12:55:00+00:00,2026-03-11 13:00:00+00:00,2026-03-12 01:00:00+00:00,SELL,session_breakout,5166.99770707112,5196.653,5113.618179799136,1.8,0.8430198298818202,0.24058499999999836,0.07600042888043634,0.8706452278046302,5.310777983400784,4.440132755596154,0.17760531022384615,TIMEOUT,10510.60366111046,8.019499999999946,100.0,33.44240933449603
XAUUSDm,asym_sellBase_buy_body2.2_wick0.3_atr50_closeOff,momentum,2026-03-18 12:05:00+00:00,2026-03-18 12:10:00+00:00,2026-03-18 20:28:00+00:00,SELL,session_breakout,4913.192473558281,4966.259,4817.672725963186,1.8,0.47110677250481814,0.37023642857142863,0.13440822743327815,0.45842764978260114,44.99999999999983,44.54157235021723,1.7816628940086892,TP,10555.145233460677,12.341214285714289,100.0,40.301700145599256
XAUUSDm,asym_sellBase_buy_body2.2_wick0.3_atr50_closeOff,momentum,2026-03-19 12:00:00+00:00,2026-03-19 12:05:00+00:00,2026-03-19 13:02:00+00:00,SELL,session_breakout,4629.943761406202,4695.267,4512.361931937365,1.8,0.38271219459063277,0.40764214285714323,0.3284175223701649,0.34988718755179526,45.00000000000014,44.65011281244835,1.786004512497934,TP,10599.795346273126,13.58807142857144,45.0,62.785720474995564
XAUUSDm,asym_sellBase_buy_body2.2_wick0.3_atr50_closeOff,momentum,2026-03-20 13:30:00+00:00,2026-03-20 13:35:00+00:00,2026-03-20 14:15:00+00:00,SELL,session_breakout,4644.841747462188,4681.746,4578.414092894127,1.8,0.6774287048460126,0.32604642857143384,0.2032293235247816,0.6248098258396001,45.00000000000013,44.37519017416053,1.7750076069664211,TP,10644.170536447285,10.868214285714462,70.0,18.014851889985096
XAUUSDm,asym_sellBase_buy_body2.2_wick0.3_atr50_closeOff,momentum,2026-03-30 13:40:00+00:00,2026-03-30 13:45:00+00:00,2026-03-31 01:24:00+00:00,SELL,session_breakout,4544.289023470434,4578.633,4482.469865717215,1.8,0.72792968451041,0.28368857142857123,0.11713224385262205,0.6640845750357904,-25.0,-25.66408457503579,-1.0265633830014316,SL,10618.50645187225,9.456285714285709,89.0,42.69311928505708
XAUUSDm,asym_sellBase_buy_body2.2_wick0.3_atr50_closeOff,momentum,2026-04-09 13:35:00+00:00,2026-04-09 13:40:00+00:00,2026-04-10 01:40:00+00:00,BUY,session_breakout,4770.317442824546,4738.562,4827.477239908728,1.8,0.7872666156201716,0.22024499999999989,0.14332032454484814,0.751337455405258,2.351216759876153,1.5998793044708952,0.06399517217883581,TIMEOUT,10620.106331176721,7.341499999999996,85.0,19.548493915416145
XAUUSDm,asym_sellBase_buy_body2.2_wick0.3_atr50_closeOff,momentum,2026-04-17 13:05:00+00:00,2026-04-17 13:10:00+00:00,2026-04-19 22:01:00+00:00,BUY,session_breakout,4862.658669646126,4811.482,4954.776675009154,1.8,0.4885038470238223,0.27648857142857586,0.11242536041188526,0.472585493377175,-25.0,-25.472585493377174,-1.018903419735087,SL,10594.633745683344,9.216285714285862,100.0,23.682725240557893
XAUUSDm,asym_sellBase_buy_body2.2_wick0.3_atr50_closeOff,momentum,2026-04-20 13:25:00+00:00,2026-04-20 13:30:00+00:00,2026-04-20 14:51:00+00:00,BUY,session_breakout,4824.42293260187,4799.549,4869.196011285237,1.8,1.0050682535868958,0.2057849999999988,0.1620401018697594,0.9672748662869465,-25.0,-25.967274866286946,-1.0386909946514777,SL,10568.666470817057,6.859499999999961,99.0,18.41847392036155
XAUUSDm,asym_sellBase_buy_body2.2_wick0.3_atr50_closeOff,momentum,2026-04-29 12:50:00+00:00,2026-04-29 12:55:00+00:00,2026-04-30 00:45:00+00:00,SELL,session_breakout,4544.9451327018305,4568.888,4501.847971565126,1.8,1.0441523017550793,0.17339357142857026,0.10617051245450648,0.9516229843322322,-25.0,-25.951622984332232,-1.0380649193732894,SL,10542.714847832725,5.7797857142856754,95.0,20.702548664922677
XAUUSDm,asym_sellBase_buy_body2.2_wick0.3_atr50_closeOff,momentum,2026-05-01 13:50:00+00:00,2026-05-01 13:55:00+00:00,2026-05-03 22:03:00+00:00,BUY,session_breakout,4617.0381080355355,4586.483,4672.037302499499,1.8,0.8181938015380343,0.22602857142856853,0.12809374982155525,0.7562910673794306,7.646750875168976,6.890459807789545,0.2756183923115818,TIMEOUT,10549.605307640515,7.534285714285618,100.0,38.294848342025965
XAUUSDm,buy_strict_body2.2_wick0.3_atr50_close20,momentum,2025-01-07 13:10:00+00:00,2025-01-07 13:15:00+00:00,2025-01-07 15:00:00+00:00,BUY,session_breakout,2654.975055911924,2647.585,2668.2771565533867,1.8,3.382924337509092,0.06860785714285579,0.057751983352780416,1.793815946424802,-25.0,-26.7938159464248,-1.071752637856992,SL,9973.206184053575,2.2869285714285263,100.0,29.35827353571139
XAUUSDm,buy_strict_body2.2_wick0.3_atr50_close20,momentum,2025-01-15 13:55:00+00:00,2025-01-15 14:00:00+00:00,2025-01-15 14:30:00+00:00,BUY,session_breakout,2693.947934681974,2682.127,2715.2256171095273,1.8,2.1148919838059044,0.10109571428571404,0.06138682483164762,1.136981778369876,-25.0,-26.136981778369876,-1.045479271134795,SL,9947.069202275205,3.3698571428571347,100.0,29.527297783745972
XAUUSDm,buy_strict_body2.2_wick0.3_atr50_close20,momentum,2025-01-24 13:40:00+00:00,2025-01-24 13:45:00+00:00,2025-01-24 14:15:00+00:00,BUY,session_breakout,2783.992634532487,2777.85,2795.049376690964,1.8,4.0699149310902545,0.05255785714285528,0.04735560391535518,2.263622638265813,-25.0,-27.26362263826581,-1.0905449055306324,SL,9919.805579636939,1.7519285714285096,50.0,34.62164324979766
XAUUSDm,buy_strict_body2.2_wick0.3_atr50_close20,momentum,2025-02-24 13:55:00+00:00,2025-02-24 14:00:00+00:00,2025-02-24 14:20:00+00:00,BUY,session_breakout,2954.4868171148405,2946.923,2968.101687921554,1.8,3.305209475642698,0.07127785714285698,0.05617818626875944,1.9505395647178811,-25.0,-26.950539564717882,-1.0780215825887154,SL,9892.855040072222,2.375928571428566,88.0,20.21311523242239
XAUUSDm,buy_strict_body2.2_wick0.3_atr50_close20,momentum,2025-04-02 12:25:00+00:00,2025-04-02 12:30:00+00:00,2025-04-02 13:50:00+00:00,BUY,session_breakout,3125.910177536203,3117.046,3141.8656971013684,1.8,2.8203406235824184,0.08566285714285543,0.031346107631591534,1.7607262918750166,-25.0,-26.760726291875017,-1.0704290516750006,SL,9866.094313780346,2.8554285714285146,72.0,23.02494613702874
XAUUSDm,buy_strict_body2.2_wick0.3_atr50_close20,momentum,2025-04-21 13:00:00+00:00,2025-04-21 13:05:00+00:00,2025-04-22 01:05:00+00:00,BUY,session_breakout,3421.3926626884327,3398.008,3463.4850555276116,1.8,1.0690767847750982,0.13261714285714366,0.13035411700428698,0.7327003979063736,11.541044503613167,10.808344105706793,0.4323337642282717,TIMEOUT,9876.902657886052,4.4205714285714555,100.0,28.364920124046165
XAUUSDm,buy_strict_body2.2_wick0.3_atr50_close20,momentum,2025-05-15 12:50:00+00:00,2025-05-15 12:55:00+00:00,2025-05-15 15:05:00+00:00,BUY,session_breakout,3188.675533128435,3177.747,3208.3468927596177,1.8,2.2875897164050687,0.1302021428571457,0.10843205700609898,1.4633762717074115,44.999999999999794,43.53662372829238,1.7414649491316951,TP,9920.439281614345,4.340071428571524,65.0,28.573355861432
XAUUSDm,buy_strict_body2.2_wick0.3_atr50_close20,momentum,2025-05-29 12:55:00+00:00,2025-05-29 13:00:00+00:00,2025-05-30 01:00:00+00:00,BUY,session_breakout,3316.570022740254,3304.421,3338.4382636727114,1.8,2.0577786818330526,0.11555142857142948,0.09824702596806102,1.3641002581993624,-8.53159720928976,-9.895697467489123,-0.3958278986995649,TIMEOUT,9910.543584146855,3.8517142857143165,100.0,37.63242241008216
XAUUSDm,buy_strict_body2.2_wick0.3_atr50_close20,momentum,2025-05-30 12:10:00+00:00,2025-05-30 12:15:00+00:00,2025-05-30 13:40:00+00:00,BUY,session_breakout,3302.9738242003214,3288.365,3329.2697077609,1.8,1.7112944653991855,0.14142642857142912,0.05511098603585881,1.1279721649424785,-25.0,-26.127972164942477,-1.045118886597699,SL,9884.415611981913,4.714214285714304,100.0,26.073140583746437
XAUUSDm,buy_strict_body2.2_wick0.3_atr50_close20,momentum,2025-06-11 12:15:00+00:00,2025-06-11 12:20:00+00:00,2025-06-11 12:35:00+00:00,BUY,session_breakout,3338.107411745496,3327.196,3357.7479528873887,1.8,2.291179233550545,0.09899999999999863,0.06091174549616196,1.534140476230488,44.999999999999794,43.4658595237693,1.738634380950772,TP,9927.881471505681,3.2999999999999545,97.0,30.652943272538636
XAUUSDm,buy_strict_body2.2_wick0.3_atr50_close20,momentum,2025-06-20 13:50:00+00:00,2025-06-20 13:55:00+00:00,2025-06-22 22:05:00+00:00,BUY,session_breakout,3372.06179037462,3348.68,3414.149013048937,1.8,1.0692081144964911,0.11116928571428453,0.06220573176302817,0.7220638028755187,9.766371050967987,9.044307248092467,0.3617722899236987,TIMEOUT,9936.925778753774,3.7056428571428177,98.0,19.55623931036536
XAUUSDm,buy_strict_body2.2_wick0.3_atr50_close20,momentum,2025-07-11 12:45:00+00:00,2025-07-11 12:50:00+00:00,2025-07-13 22:05:00+00:00,BUY,session_breakout,3356.0584173629795,3344.356,3377.1227686163425,1.8,2.1363107488447395,0.09554357142856848,0.09064557726525754,1.4350980248350889,11.81290682409249,10.377808799257402,0.41511235197029606,TIMEOUT,9947.303587553031,3.184785714285616,100.0,24.363230310504886
XAUUSDm,buy_strict_body2.2_wick0.3_atr50_close20,momentum,2025-07-18 12:00:00+00:00,2025-07-18 12:05:00+00:00,2025-07-18 14:15:00+00:00,BUY,session_breakout,3358.302654051845,3351.982,3369.679831345166,1.8,3.955286872994217,0.058890000000000914,0.04420905184508592,2.6541100806225804,-25.0,-27.65411008062258,-1.1061644032249032,SL,9919.649477472409,1.9630000000000305,82.0,31.83987434693921
XAUUSDm,buy_strict_body2.2_wick0.3_atr50_close20,momentum,2025-07-21 12:20:00+00:00,2025-07-21 12:25:00+00:00,2025-07-21 14:25:00+00:00,BUY,session_breakout,3380.990902504943,3371.579,3397.9323270138398,1.8,2.656211110014292,0.06679285714285828,0.058506076371335786,1.800625119618176,45.00000000000048,43.19937488038231,1.727974995215292,TP,9962.84885235279,2.226428571428609,94.0,27.99741884698307
XAUUSDm,buy_strict_body2.2_wick0.3_atr50_close20,momentum,2025-07-22 12:55:00+00:00,2025-07-22 13:00:00+00:00,2025-07-22 16:50:00+00:00,BUY,session_breakout,3407.60509646196,3393.754,3432.5370700934877,1.8,1.804911262343662,0.08744357142857,0.0533746762458909,1.2345849632447705,44.99999999999984,43.765415036755066,1.7506166014702027,TP,10006.614267389545,2.914785714285667,100.0,24.906157185601465
XAUUSDm,buy_strict_body2.2_wick0.3_atr50_close20,momentum,2025-08-01 12:30:00+00:00,2025-08-01 12:35:00+00:00,2025-08-03 22:05:00+00:00,BUY,session_breakout,3328.1053151383344,3296.811,3384.435082387336,1.8,0.7988671389512543,0.12649285714285852,0.05806870976329084,0.5345624505248812,28.196562782763774,27.662000332238893,1.1064800132895558,TIMEOUT,10034.276267721783,4.216428571428618,100.0,27.262211762494214
XAUUSDm,buy_strict_body2.2_wick0.3_atr50_close20,momentum,2025-08-04 13:00:00+00:00,2025-08-04 13:05:00+00:00,2025-08-05 01:05:00+00:00,BUY,session_breakout,3372.3634194243514,3361.037,3392.750974388184,1.8,2.2072288746654136,0.08956285714285676,0.06163799578002763,1.4907620330797993,20.4645003603591,18.9737383272793,0.758949533091172,TIMEOUT,10053.250006049062,2.985428571428559,100.0,18.452596237814085
XAUUSDm,buy_strict_body2.2_wick0.3_atr50_close20,momentum,2025-08-05 12:25:00+00:00,2025-08-05 12:30:00+00:00,2025-08-05 14:00:00+00:00,BUY,session_breakout,3360.8870347787783,3349.903,3380.65829738058,1.8,2.276030666645436,0.08291357142857188,0.028577993064229864,1.5343963916575094,45.000000000000206,43.4656036083427,1.7386241443337078,TP,10096.715609657405,2.763785714285729,100.0,39.83255098002978
XAUUSDm,buy_strict_body2.2_wick0.3_atr50_close20,momentum,2025-08-06 12:50:00+00:00,2025-08-06 12:55:00+00:00,2025-08-07 00:55:00+00:00,BUY,session_breakout,3368.5956140957805,3360.141,3383.8139194681853,1.8,2.956965240137572,0.07221857142856997,0.06350481006631113,1.9932700469025681,11.060191103476829,9.06692105657426,0.3626768422629704,TIMEOUT,10105.78253071398,2.4072857142856656,95.0,26.669520520968696
XAUUSDm,buy_strict_body2.2_wick0.3_atr50_close20,momentum,2025-08-20 12:00:00+00:00,2025-08-20 12:05:00+00:00,2025-08-20 13:40:00+00:00,BUY,session_breakout,3334.601476352967,3328.646,3345.321333788307,1.8,4.19781702055553,0.05190642857142652,0.038523138681327715,2.804109366840817,44.999999999999616,42.1958906331588,1.6878356253263518,TP,10147.978421347138,1.7302142857142175,98.0,33.17162831817436
XAUUSDm,buy_strict_body2.2_wick0.3_atr50_close20,momentum,2025-08-28 12:05:00+00:00,2025-08-28 12:10:00+00:00,2025-08-28 12:30:00+00:00,BUY,session_breakout,3408.124319800206,3401.401,3420.226295440578,1.8,3.718401138561443,0.06637285714285845,0.05513337163496478,2.532054670220806,-25.0,-27.532054670220806,-1.1012821868088323,SL,10120.446366676917,2.212428571428615,100.0,28.685871396469178
XAUUSDm,buy_strict_body2.2_wick0.3_atr50_close20,momentum,2025-08-29 13:30:00+00:00,2025-08-29 13:35:00+00:00,2025-08-29 14:10:00+00:00,BUY,session_breakout,3421.026615874137,3413.653,3434.299124447584,1.8,3.3904668247890575,0.08168142857142845,0.04477515985118999,2.324275449568328,45.0,42.675724550431674,1.707028982017267,TP,10163.12209122735,2.7227142857142814,100.0,20.979330941647344
XAUUSDm,buy_strict_body2.2_wick0.3_atr50_close20,momentum,2025-09-03 13:25:00+00:00,2025-09-03 13:30:00+00:00,2025-09-04 01:30:00+00:00,BUY,session_breakout,3560.5396591066938,3545.048,3588.424645498743,1.8,1.6137716320647304,0.12008142857142663,0.11761839240798905,1.1474236894411067,-17.558899004548994,-18.706322693990103,-0.7482529077596041,TIMEOUT,10144.41576853336,4.002714285714221,100.0,20.93352068030542
XAUUSDm,buy_strict_body2.2_wick0.3_atr50_close20,momentum,2025-09-04 13:35:00+00:00,2025-09-04 13:40:00+00:00,2025-09-04 14:00:00+00:00,BUY,session_breakout,3558.0953028743806,3539.71,3591.1888480482658,1.8,1.3597817871598283,0.13142357142856975,0.12159108866628743,0.9651466379655033,-25.0,-25.965146637965503,-1.03860586551862,SL,10118.450621895394,4.3807857142856585,99.0,19.552379694708875
XAUUSDm,buy_strict_body2.2_wick0.3_atr50_close20,momentum,2025-10-22 13:00:00+00:00,2025-10-22 13:05:00+00:00,2025-10-22 14:45:00+00:00,BUY,session_breakout,4066.6981097010025,4023.09,4145.192707162807,1.8,0.5732878625423506,0.39714642857142374,0.33553648671667297,0.4637777333831011,-25.0,-25.4637777333831,-1.0185511093353241,SL,10092.986844162011,13.238214285714125,64.0,38.975027111375816
XAUUSDm,buy_strict_body2.2_wick0.3_atr50_close20,momentum,2025-10-24 12:30:00+00:00,2025-10-24 12:35:00+00:00,2025-10-26 22:05:00+00:00,BUY,session_breakout,4089.877012454096,4058.775,4145.860634871469,1.8,0.8038065072765933,0.19440642857142945,0.08480923981011004,0.6574404971805089,-0.5345413380224108,-1.1919818352029197,-0.047679273408116785,TIMEOUT,10091.794862326808,6.4802142857143155,74.0,42.41032507024094
XAUUSDm,buy_strict_body2.2_wick0.3_atr50_close20,momentum,2025-11-10 13:00:00+00:00,2025-11-10 13:05:00+00:00,2025-11-10 13:50:00+00:00,BUY,session_breakout,4105.140407216648,4092.184,4128.461940206614,1.8,1.9295472565787777,0.11574214285713975,0.07253614521860335,1.5817124821231139,-25.0,-26.581712482123113,-1.0632684992849244,SL,10065.213149844685,3.8580714285713253,82.0,50.15628024988935
XAUUSDm,buy_strict_body2.2_wick0.3_atr50_close20,momentum,2025-11-18 13:35:00+00:00,2025-11-18 13:40:00+00:00,2025-11-19 01:40:00+00:00,BUY,session_breakout,4066.1549991448196,4029.089,4132.873797605495,1.8,0.6744725780174737,0.20224714285714396,0.06687557339093855,0.548450142094799,-0.5186688356997387,-1.0671189777945376,-0.0426847591117815,TIMEOUT,10064.14603086689,6.741571428571466,98.0,23.99220544731655
XAUUSDm,buy_strict_body2.2_wick0.3_atr50_close20,momentum,2025-12-03 13:50:00+00:00,2025-12-03 13:55:00+00:00,2025-12-03 14:50:00+00:00,BUY,session_breakout,4236.16135136238,4211.353,4280.816383814663,1.8,1.0077251662079798,0.14135571428571309,0.057673505236305586,0.8512772803770949,-25.0,-25.851277280377094,-1.0340510912150838,SL,10038.294753586513,4.711857142857103,100.0,27.83795219721161
XAUUSDm,buy_strict_body2.2_wick0.3_atr50_close20,momentum,2025-12-16 13:20:00+00:00,2025-12-16 13:25:00+00:00,2025-12-16 14:15:00+00:00,BUY,session_breakout,4301.0342116818165,4289.067,4322.575192709086,1.8,2.089041346029345,0.10657071428571661,0.08292632467312659,1.8015076597780093,44.99999999999962,43.19849234022161,1.7279396936088645,TP,10081.493245926735,3.5523571428572205,63.0,29.460394202997385
XAUUSDm,buy_strict_body2.2_wick0.3_atr50_close20,momentum,2026-01-08 13:20:00+00:00,2026-01-08 13:25:00+00:00,2026-01-08 16:30:00+00:00,BUY,session_breakout,4432.259422091918,4417.26,4459.25838185737,1.8,1.6667308811497878,0.1653042857142873,0.13576994906084824,1.4819767304135425,44.999999999999694,43.51802326958615,1.7407209307834461,TP,10125.01126919632,5.51014285714291,83.0,28.359410028489833
XAUUSDm,buy_strict_body2.2_wick0.3_atr50_close20,momentum,2026-02-19 13:35:00+00:00,2026-02-19 13:40:00+00:00,2026-02-19 14:30:00+00:00,BUY,session_breakout,4994.767979922518,4971.705,5036.28134378305,1.8,1.0839882826932838,0.19561928571427936,0.19117027966055938,1.0803539930015227,-25.0,-26.080353993001523,-1.043214159720061,SL,10098.930915203318,6.520642857142645,99.0,31.84451899181582
XAUUSDm,buy_strict_body2.2_wick0.3_atr50_close20,momentum,2026-02-27 13:20:00+00:00,2026-02-27 13:25:00+00:00,2026-03-01 23:01:00+00:00,BUY,session_breakout,5234.947085571748,5182.863,5328.698439600895,1.8,0.4799930674708978,0.19656642857142806,0.10380235746248452,0.5066110391355743,40.63377205290289,40.12716101376732,1.6050864405506928,TIMEOUT,10139.058076217085,6.552214285714269,100.0,21.011152787242228
XAUUSDm,buy_strict_body2.2_wick0.3_atr50_close20,momentum,2026-03-06 13:30:00+00:00,2026-03-06 13:35:00+00:00,2026-03-08 22:03:00+00:00,BUY,session_breakout,5124.0451173569145,5065.362,5229.674728599361,1.8,0.4260169044522367,0.3191828571428576,0.17852592834281608,0.43896778074549725,23.81812911499056,23.37916133424506,0.9351664533698024,TIMEOUT,10162.43723755133,10.639428571428587,100.0,32.269028977247274
XAUUSDm,buy_strict_body2.2_wick0.3_atr50_close20,momentum,2026-04-09 13:35:00+00:00,2026-04-09 13:40:00+00:00,2026-04-10 01:40:00+00:00,BUY,session_breakout,4770.312588123758,4738.562,4827.463646746523,1.8,0.7873869895749395,0.22024499999999989,0.13846562375810814,0.7514519534980222,2.355398791812695,1.6039468383146729,0.06415787353258691,TIMEOUT,10164.041184389645,7.341499999999996,85.0,19.548493915416145
XAUUSDm,buy_strict_body2.2_wick0.3_atr50_close20,momentum,2026-04-17 13:05:00+00:00,2026-04-17 13:10:00+00:00,2026-04-19 22:01:00+00:00,BUY,session_breakout,4862.665861522923,4811.482,4954.796812264183,1.8,0.48843520703891785,0.27648857142857586,0.11961723720846416,0.47251944136680535,-25.0,-25.472519441366806,-1.0189007776546724,SL,10138.568664948278,9.216285714285862,100.0,23.682725240557893
XAUUSDm,buy_strict_body2.2_wick0.3_atr50_close20,momentum,2026-04-20 13:25:00+00:00,2026-04-20 13:30:00+00:00,2026-04-20 14:51:00+00:00,BUY,session_breakout,4824.341343127883,4799.549,4868.967560758073,1.8,1.008375846972013,0.2057849999999988,0.08045062788282155,0.9704498575917356,-25.0,-25.970449857591735,-1.0388179943036695,SL,10112.598215090686,6.859499999999961,99.0,18.41847392036155
XAUUSDm,buy_strict_body2.2_wick0.3_atr50_close20,momentum,2026-05-01 13:50:00+00:00,2026-05-01 13:55:00+00:00,2026-05-03 22:03:00+00:00,BUY,session_breakout,4617.0530888905705,4586.483,4672.079248893597,1.8,0.8177928461212789,0.22602857142856853,0.14307460485603682,0.7559216724866809,7.630752353085017,6.874830680598336,0.27499322722393343,TIMEOUT,10119.473045771285,7.534285714285618,100.0,38.294848342025965
XAUUSDm,asym_sellBase_buy_body2.2_wick0.3_atr50_close20,momentum,2025-01-03 13:15:00+00:00,2025-01-03 13:20:00+00:00,2025-01-03 16:50:00+00:00,SELL,session_breakout,2652.005430036269,2658.656,2640.0344041015533,1.8,3.7590763102016957,0.04961357142857001,0.04176317801689456,1.98931815731512,45.0,43.01068184268488,1.7204272737073953,TP,10043.010681842685,1.653785714285667,73.0,20.836599199556407
XAUUSDm,asym_sellBase_buy_body2.2_wick0.3_atr50_close20,momentum,2025-01-06 13:30:00+00:00,2025-01-06 13:35:00+00:00,2025-01-06 14:15:00+00:00,SELL,session_breakout,2638.225875719044,2648.848,2619.106052013323,1.8,2.353578186316398,0.09765428571428304,0.05929713809885488,1.2373541743335637,45.00000000000021,43.76264582566665,1.750505833026666,TP,10086.773327668352,3.255142857142768,99.0,33.51748168707531
XAUUSDm,asym_sellBase_buy_body2.2_wick0.3_atr50_close20,momentum,2025-01-07 13:10:00+00:00,2025-01-07 13:15:00+00:00,2025-01-07 15:00:00+00:00,BUY,session_breakout,2654.9791208801166,2647.585,2668.2885384643264,1.8,3.3810645518694584,0.06860785714285579,0.061816951545560016,1.79283115831226,-25.0,-26.79283115831226,-1.0717132463324903,SL,10059.98049651004,2.2869285714285263,100.0,29.35827353571139
XAUUSDm,asym_sellBase_buy_body2.2_wick0.3_atr50_close20,momentum,2025-01-13 12:00:00+00:00,2025-01-13 12:05:00+00:00,2025-01-13 17:35:00+00:00,SELL,session_breakout,2673.064954967965,2680.55,2659.591873910302,1.8,3.3399932656387783,0.06136285714285707,0.048363603463073,1.7811037896416055,44.999999999999694,43.21889621035809,1.7287558484143235,TP,10103.199392720397,2.045428571428569,66.0,19.272499199964653
XAUUSDm,asym_sellBase_buy_body2.2_wick0.3_atr50_close20,momentum,2025-01-15 13:55:00+00:00,2025-01-15 14:00:00+00:00,2025-01-15 14:30:00+00:00,BUY,session_breakout,2693.9235412198063,2682.127,2715.157315415458,1.8,2.119265260398956,0.10109571428571404,0.03699336266367949,1.1393277150156143,-25.0,-26.139327715015614,-1.0455731086006246,SL,10077.06006500538,3.3698571428571347,100.0,29.527297783745972
XAUUSDm,asym_sellBase_buy_body2.2_wick0.3_atr50_close20,momentum,2025-01-23 13:10:00+00:00,2025-01-23 13:15:00+00:00,2025-01-23 14:30:00+00:00,SELL,session_breakout,2740.6472082537293,2746.514,2730.086983110442,1.8,4.261272784378476,0.08819785714285834,0.08669281769938418,2.338229072022893,-25.0,-27.338229072022894,-1.0935291628809158,SL,10049.721835933356,2.9399285714286116,100.0,21.034694030739566
XAUUSDm,asym_sellBase_buy_body2.2_wick0.3_atr50_close20,momentum,2025-01-24 13:40:00+00:00,2025-01-24 13:45:00+00:00,2025-01-24 14:15:00+00:00,BUY,session_breakout,2783.9890489959203,2777.85,2795.039337188577,1.8,4.0722919814801175,0.05255785714285528,0.04377006734893167,2.264943256150909,-25.0,-27.264943256150907,-1.0905977302460363,SL,10022.456892677206,1.7519285714285096,50.0,34.62164324979766
XAUUSDm,asym_sellBase_buy_body2.2_wick0.3_atr50_close20,momentum,2025-02-11 12:45:00+00:00,2025-02-11 12:50:00+00:00,2025-02-11 13:15:00+00:00,SELL,session_breakout,2896.6837180655875,2904.236,2883.0896105836455,1.8,3.310257776008898,0.08019428571428665,0.06818479155531358,1.9132539604729955,44.9999999999994,43.08674603952641,1.7234698415810563,TP,10065.543638716732,2.673142857142888,57.99999999999999,33.99080280425428
XAUUSDm,asym_sellBase_buy_body2.2_wick0.3_atr50_close20,momentum,2025-02-12 13:15:00+00:00,2025-02-12 13:20:00+00:00,2025-02-12 14:00:00+00:00,SELL,session_breakout,2874.182878001341,2885.902,2853.088458403755,1.8,2.133265615193773,0.08443714285714382,0.03290342723006404,1.228779101083788,-25.0,-26.228779101083788,-1.0491511640433515,SL,10039.314859615648,2.814571428571461,97.0,21.687231563201554
XAUUSDm,asym_sellBase_buy_body2.2_wick0.3_atr50_close20,momentum,2025-02-13 13:00:00+00:00,2025-02-13 13:05:00+00:00,2025-02-13 18:50:00+00:00,SELL,session_breakout,2913.9860818039565,2921.369,2900.696829051078,1.8,3.3861949077800944,0.06448499999999967,0.03967569604363675,1.9759649663093253,-25.0,-26.975964966309327,-1.0790385986523732,SL,10012.338894649338,2.149499999999989,60.0,18.43714716473585
XAUUSDm,asym_sellBase_buy_body2.2_wick0.3_atr50_close20,momentum,2025-02-14 13:40:00+00:00,2025-02-14 13:45:00+00:00,2025-02-14 16:45:00+00:00,SELL,session_breakout,2917.8605790217816,2933.321,2890.0318212609886,1.8,1.6170322939602837,0.10798928571428665,0.06042633536108763,0.9391549571103746,45.00000000000015,44.060845042889774,1.762433801715591,TP,10056.399739692228,3.5996428571428885,100.0,18.863435153374482
XAUUSDm,asym_sellBase_buy_body2.2_wick0.3_atr50_close20,momentum,2025-02-24 13:55:00+00:00,2025-02-24 14:00:00+00:00,2025-02-24 14:20:00+00:00,BUY,session_breakout,2954.4982627614504,2946.923,2968.1337357320617,1.8,3.3002155551911976,0.07127785714285698,0.06762383287896355,1.9475962249101417,-25.0,-26.947596224910143,-1.0779038489964057,SL,10029.452143467317,2.375928571428566,88.0,20.21311523242239
XAUUSDm,asym_sellBase_buy_body2.2_wick0.3_atr50_close20,momentum,2025-02-28 12:50:00+00:00,2025-02-28 12:55:00+00:00,2025-02-28 14:40:00+00:00,SELL,session_breakout,2855.017046716564,2864.502,2837.9441308063792,1.8,2.6357536250240368,0.06792428571428445,0.05099114057876012,1.5005243060777207,45.0,43.49947569392228,1.7399790277568912,TP,10072.95161916124,2.264142857142815,71.0,21.169540131150995
XAUUSDm,asym_sellBase_buy_body2.2_wick0.3_atr50_close20,momentum,2025-03-03 13:05:00+00:00,2025-03-03 13:10:00+00:00,2025-03-03 14:30:00+00:00,SELL,session_breakout,2871.0352858141014,2877.716,2859.010000279484,1.8,3.7421148853769775,0.057207857142854465,0.05011025732709182,2.151248775897499,-25.0,-27.1512487758975,-1.0860499510359,SL,10045.800370385343,1.9069285714284823,70.0,19.71262015212677
XAUUSDm,asym_sellBase_buy_body2.2_wick0.3_atr50_close20,momentum,2025-03-05 13:30:00+00:00,2025-03-05 13:35:00+00:00,2025-03-05 15:05:00+00:00,SELL,session_breakout,2908.6748671978803,2917.269,2893.2054281540654,1.8,2.908961331599918,0.08657571428571535,0.05284494497724768,1.6947445429750323,-25.0,-26.694744542975034,-1.0677897817190014,SL,10019.105625842369,2.8858571428571786,100.0,18.538773727042578
XAUUSDm,asym_sellBase_buy_body2.2_wick0.3_atr50_close20,momentum,2025-03-21 13:45:00+00:00,2025-03-21 13:50:00+00:00,2025-03-23 22:05:00+00:00,SELL,session_breakout,3010.6974627259074,3036.851,2963.6210956325403,1.8,0.9558936421485358,0.11942571428571715,0.05482441694947938,0.576841900914075,-12.605883035902185,-13.18272493681626,-0.5273089974726504,TIMEOUT,10005.922900905553,3.9808571428572384,100.0,18.011965333720443
XAUUSDm,asym_sellBase_buy_body2.2_wick0.3_atr50_close20,momentum,2025-03-26 13:00:00+00:00,2025-03-26 13:05:00+00:00,2025-03-26 14:00:00+00:00,SELL,session_breakout,3024.7903770359717,3029.994,3015.4238557007207,1.8,4.804345005935233,0.06616928571428649,0.04553832117167919,2.9019273083827444,44.999999999999126,42.09807269161638,1.683922907664655,TP,10048.02097359717,2.205642857142883,100.0,19.750277906197685
XAUUSDm,asym_sellBase_buy_body2.2_wick0.3_atr50_close20,momentum,2025-04-02 12:25:00+00:00,2025-04-02 12:30:00+00:00,2025-04-02 13:50:00+00:00,BUY,session_breakout,3125.908357023659,3117.046,3141.8605996662454,1.8,2.8209199802331963,0.08566285714285543,0.02952559508788732,1.7610874681411928,-25.0,-26.76108746814119,-1.0704434987256477,SL,10021.259886129028,2.8554285714285146,72.0,23.02494613702874
XAUUSDm,asym_sellBase_buy_body2.2_wick0.3_atr50_close20,momentum,2025-04-03 12:20:00+00:00,2025-04-03 12:25:00+00:00,2025-04-03 14:00:00+00:00,SELL,session_breakout,3080.657154197271,3097.309,3050.683831752359,1.8,1.5013350649633614,0.14053499999999824,0.1235783027291827,0.9275197217453209,-25.0,-25.92751972174532,-1.0371007888698127,SL,9995.332366407283,4.684499999999941,68.0,45.51265925747012
XAUUSDm,asym_sellBase_buy_body2.2_wick0.3_atr50_close20,momentum,2025-04-21 13:00:00+00:00,2025-04-21 13:05:00+00:00,2025-04-22 01:05:00+00:00,BUY,session_breakout,3421.360732383785,3398.008,3463.3956506745985,1.8,1.070538538666188,0.13261714285714366,0.09842381235644297,0.7336988044643644,11.59100725161062,10.857308447146256,0.43429233788585025,TIMEOUT,10006.18967485443,4.4205714285714555,100.0,28.364920124046165
XAUUSDm,asym_sellBase_buy_body2.2_wick0.3_atr50_close20,momentum,2025-04-23 13:25:00+00:00,2025-04-23 13:30:00+00:00,2025-04-23 14:00:00+00:00,SELL,session_breakout,3299.621611500795,3320.54,3261.9685122022265,1.8,1.1951207427355257,0.2031985714285695,0.16878921349057333,0.7841892462166046,44.99999999999978,44.215810753783174,1.768632430151327,TP,10050.405485608213,6.773285714285651,78.0,22.560104668224394
XAUUSDm,asym_sellBase_buy_body2.2_wick0.3_atr50_close20,momentum,2025-04-25 13:20:00+00:00,2025-04-25 13:25:00+00:00,2025-04-25 19:30:00+00:00,SELL,session_breakout,3270.415729962514,3298.252,3220.310443895039,1.8,0.8981088330560637,0.20633142857142858,0.11310432320036173,0.5899378509689657,-25.0,-25.589937850968965,-1.0235975140387585,SL,10024.815547757244,6.877714285714286,89.0,31.5080885248663
XAUUSDm,asym_sellBase_buy_body2.2_wick0.3_atr50_close20,momentum,2025-04-30 12:00:00+00:00,2025-04-30 12:05:00+00:00,2025-04-30 12:15:00+00:00,SELL,session_breakout,3267.557260289804,3281.671,3242.152528811452,1.8,1.7713235834964554,0.11945999999999815,0.11700971019594877,1.1600802471152794,-25.0,-26.16008024711528,-1.0464032098846112,SL,9998.655467510129,3.9819999999999385,85.0,43.24131785778276
XAUUSDm,asym_sellBase_buy_body2.2_wick0.3_atr50_close20,momentum,2025-05-02 13:00:00+00:00,2025-05-02 13:05:00+00:00,2025-05-02 14:55:00+00:00,SELL,session_breakout,3243.9565422096316,3263.926,3208.0115181869687,1.8,1.2519118076434708,0.15889714285714296,0.14700921893956836,0.8147294997349046,-24.999999999999996,-25.814729499734902,-1.0325891799893963,SL,9972.840738010394,5.296571428571432,100.0,20.422343309001352
XAUUSDm,asym_sellBase_buy_body2.2_wick0.3_atr50_close20,momentum,2025-05-14 12:50:00+00:00,2025-05-14 12:55:00+00:00,2025-05-15 00:55:00+00:00,SELL,session_breakout,3186.1560070002006,3221.493,3122.5494196005616,1.8,0.7074738928731699,0.21265500000000104,0.17966549979915544,0.45094272785437584,-1.1828913964247607,-1.6338341242791365,-0.06535336497116546,TIMEOUT,9971.206903886115,7.088500000000034,100.0,20.548243138493692
XAUUSDm,asym_sellBase_buy_body2.2_wick0.3_atr50_close20,momentum,2025-05-15 12:50:00+00:00,2025-05-15 12:55:00+00:00,2025-05-15 15:05:00+00:00,BUY,session_breakout,3188.6239013780773,3177.747,3208.2023238586166,1.8,2.298448715402326,0.1302021428571457,0.0568003066488342,1.470277702004719,44.99999999999958,43.52972229799486,1.7411888919197946,TP,10014.73662618411,4.340071428571524,65.0,28.573355861432
XAUUSDm,asym_sellBase_buy_body2.2_wick0.3_atr50_close20,momentum,2025-05-28 13:35:00+00:00,2025-05-28 13:40:00+00:00,2025-05-28 20:50:00+00:00,SELL,session_breakout,3303.687758470749,3316.438,3280.7373237180973,1.8,1.9607471703689727,0.11382000000000095,0.07133152925094831,1.2910392848408272,44.999999999999645,43.70896071515882,1.7483584286063527,TP,10058.44558689927,3.7940000000000316,98.0,19.47008735358178
XAUUSDm,asym_sellBase_buy_body2.2_wick0.3_atr50_close20,momentum,2025-05-29 12:55:00+00:00,2025-05-29 13:00:00+00:00,2025-05-30 01:00:00+00:00,BUY,session_breakout,3316.509984254257,3304.421,3338.270155911919,1.8,2.067998392106154,0.11555142857142948,0.038208539970894656,1.3708624820815645,-8.449808867974125,-9.82067135005569,-0.3928268540022276,TIMEOUT,10048.624915549215,3.8517142857143165,100.0,37.63242241008216
XAUUSDm,asym_sellBase_buy_body2.2_wick0.3_atr50_close20,momentum,2025-05-30 12:10:00+00:00,2025-05-30 12:15:00+00:00,2025-05-30 13:40:00+00:00,BUY,session_breakout,3302.9764155711373,3288.365,3329.276963599185,1.8,1.7109909630784477,0.14142642857142912,0.057702356851877926,1.127772559660692,-25.0,-26.12777255966069,-1.0451109023864276,SL,10022.497142989554,4.714214285714304,100.0,26.073140583746437
XAUUSDm,asym_sellBase_buy_body2.2_wick0.3_atr50_close20,momentum,2025-06-03 13:45:00+00:00,2025-06-03 13:50:00+00:00,2025-06-04 01:20:00+00:00,SELL,session_breakout,3343.7858902989415,3363.095,3309.0294928370363,1.8,1.2947256702689793,0.12839785714285493,0.09991077248685738,0.8683570856106506,-25.0,-25.86835708561065,-1.034734283424426,SL,9996.628785903944,4.279928571428497,100.0,26.21077909916798
XAUUSDm,asym_sellBase_buy_body2.2_wick0.3_atr50_close20,momentum,2025-06-11 12:15:00+00:00,2025-06-11 12:20:00+00:00,2025-06-11 12:35:00+00:00,BUY,session_breakout,3338.1278120174043,3327.196,3357.805073648732,1.8,2.286903576479171,0.09899999999999863,0.0813120174044106,1.5312952864094385,45.0,43.46870471359056,1.7387481885436225,TP,10040.097490617534,3.2999999999999545,97.0,30.652943272538636
XAUUSDm,asym_sellBase_buy_body2.2_wick0.3_atr50_close20,momentum,2025-06-16 13:50:00+00:00,2025-06-16 13:55:00+00:00,2025-06-17 01:55:00+00:00,SELL,session_breakout,3389.674473613189,3417.401,3339.76672611693,1.8,0.9016636145194253,0.17297357142857242,0.1690396010963052,0.6116312028217114,-3.6197523725153964,-4.231383575337108,-0.16925534301348433,TIMEOUT,10035.866107042197,5.765785714285747,100.0,35.415918947083775
XAUUSDm,asym_sellBase_buy_body2.2_wick0.3_atr50_close20,momentum,2025-06-20 13:50:00+00:00,2025-06-20 13:55:00+00:00,2025-06-22 22:05:00+00:00,BUY,session_breakout,3372.0582906692034,3348.68,3414.1392138737697,1.8,1.0693681738217375,0.11116928571428453,0.058706026346558866,0.7221715208166739,9.771575539987701,9.049404019171027,0.3619761607668411,TIMEOUT,10044.915511061368,3.7056428571428177,98.0,19.55623931036536
XAUUSDm,asym_sellBase_buy_body2.2_wick0.3_atr50_close20,momentum,2025-06-24 12:30:00+00:00,2025-06-24 12:35:00+00:00,2025-06-24 19:30:00+00:00,SELL,session_breakout,3307.6754696118574,3321.86,3282.1433149132004,1.8,1.7624834461138144,0.12322071428571267,0.06892003099989798,1.168444652061527,-25.0,-26.168444652061527,-1.0467377860824612,SL,10018.747066409307,4.107357142857089,82.0,38.064296195118644
XAUUSDm,asym_sellBase_buy_body2.2_wick0.3_atr50_close20,momentum,2025-06-26 13:05:00+00:00,2025-06-26 13:10:00+00:00,2025-06-27 01:10:00+00:00,SELL,session_breakout,3317.8243468519036,3344.056,3270.60737118533,1.8,0.9530470633649004,0.15296785714285566,0.09616921952474153,0.6322866223295319,1.2192777602317448,0.5869911379022129,0.023479645516088516,TIMEOUT,10019.334057547208,5.098928571428522,100.0,18.53667304092629
XAUUSDm,asym_sellBase_buy_body2.2_wick0.3_atr50_close20,momentum,2025-06-27 12:05:00+00:00,2025-06-27 12:10:00+00:00,2025-06-29 22:05:00+00:00,SELL,session_breakout,3273.980359377193,3285.344,3253.5258062561406,1.8,2.199999175424874,0.1014771428571443,0.04390205137833663,1.4398933793808417,6.574388165697493,5.134494786316651,0.20537979145266608,TIMEOUT,10024.468552333525,3.382571428571477,74.0,43.632735004813654
XAUUSDm,asym_sellBase_buy_body2.2_wick0.3_atr50_close20,momentum,2025-07-08 13:45:00+00:00,2025-07-08 13:50:00+00:00,2025-07-08 14:40:00+00:00,SELL,session_breakout,3316.0258509975165,3326.914,3296.4271827930456,1.8,2.2960743827345866,0.10118357142857348,0.03955721676922568,1.5182684017922112,45.00000000000042,43.481731598208206,1.7392692639283283,TP,10067.950283931734,3.372785714285783,100.0,18.147393845146915
XAUUSDm,asym_sellBase_buy_body2.2_wick0.3_atr50_close20,momentum,2025-07-11 12:45:00+00:00,2025-07-11 12:50:00+00:00,2025-07-13 22:05:00+00:00,BUY,session_breakout,3356.0282502404616,3344.356,3377.0383006732923,1.8,2.1418320790740517,0.09554357142856848,0.060478454747023125,1.4388005979674163,11.908050386603998,10.469249788636581,0.41876999154546324,TIMEOUT,10078.419533720371,3.184785714285616,100.0,24.363230310504886
XAUUSDm,asym_sellBase_buy_body2.2_wick0.3_atr50_close20,momentum,2025-07-14 12:35:00+00:00,2025-07-14 12:40:00+00:00,2025-07-15 00:40:00+00:00,SELL,session_breakout,3351.4677106833024,3368.025,3321.6645899132463,1.8,1.5099089906454641,0.09729428571428668,0.04464217384074567,1.0114047931638237,6.774524799142948,5.763120005979124,0.23052480023916494,TIMEOUT,10084.18265372635,3.2431428571428893,100.0,21.65202251038262
XAUUSDm,asym_sellBase_buy_body2.2_wick0.3_atr50_close20,momentum,2025-07-15 12:05:00+00:00,2025-07-15 12:10:00+00:00,2025-07-15 12:30:00+00:00,SELL,session_breakout,3352.71578683649,3359.335,3340.8012031421727,1.8,3.776883956210869,0.0592757142857129,0.04557530636707462,2.535063693007528,-25.0,-27.53506369300753,-1.101402547720301,SL,10056.647590033343,1.9758571428570966,59.0,20.971755145144762
XAUUSDm,asym_sellBase_buy_body2.2_wick0.3_atr50_close20,momentum,2025-07-15 12:35:00+00:00,2025-07-15 12:40:00+00:00,2025-07-15 15:35:00+00:00,SELL,session_breakout,3347.9561968330468,3360.387,3325.5807511325306,1.8,2.0111331234381615,0.10199142857143151,0.06180745266740153,1.3421371206541988,45.00000000000001,43.65786287934581,1.746314515173832,TP,10100.305452912688,3.3997142857143836,100.0,24.614335357064114
XAUUSDm,asym_sellBase_buy_body2.2_wick0.3_atr50_close20,momentum,2025-07-18 12:00:00+00:00,2025-07-18 12:05:00+00:00,2025-07-18 14:15:00+00:00,BUY,session_breakout,3358.310437493276,3351.982,3369.7016249811727,1.8,3.9504222055701534,0.058890000000000914,0.05199249327609304,2.650848825094291,-25.0,-27.65084882509429,-1.1060339530037715,SL,10072.654604087593,1.9630000000000305,82.0,31.83987434693921
XAUUSDm,asym_sellBase_buy_body2.2_wick0.3_atr50_close20,momentum,2025-07-21 12:20:00+00:00,2025-07-21 12:25:00+00:00,2025-07-21 14:25:00+00:00,BUY,session_breakout,3380.985175180558,3371.579,3397.9162905055623,1.8,2.6578284499393114,0.06679285714285828,0.05277875198697319,1.801715717483587,44.99999999999952,43.19828428251593,1.7279313713006368,TP,10115.85288837011,2.226428571428609,94.0,27.99741884698307
XAUUSDm,asym_sellBase_buy_body2.2_wick0.3_atr50_close20,momentum,2025-07-22 12:55:00+00:00,2025-07-22 13:00:00+00:00,2025-07-22 16:50:00+00:00,BUY,session_breakout,3407.597074975445,3393.754,3432.5146099312465,1.8,1.80595713339304,0.08744357142857,0.045353189730886104,1.2352948490562325,44.99999999999984,43.764705150943605,1.7505882060377442,TP,10159.617593521052,2.914785714285667,100.0,24.906157185601465
XAUUSDm,asym_sellBase_buy_body2.2_wick0.3_atr50_close20,momentum,2025-07-24 12:45:00+00:00,2025-07-24 12:50:00+00:00,2025-07-24 13:40:00+00:00,SELL,session_breakout,3354.1919697543594,3365.506,3333.8267153122065,1.8,2.2096458518513433,0.0947721428571445,0.08364417421160264,1.4848152744561613,-25.0,-26.48481527445616,-1.0593926109782463,SL,10133.132778246596,3.1590714285714836,92.0,50.569753258342374
XAUUSDm,asym_sellBase_buy_body2.2_wick0.3_atr50_close20,momentum,2025-07-28 13:30:00+00:00,2025-07-28 13:35:00+00:00,2025-07-28 13:50:00+00:00,SELL,session_breakout,3324.2350994477442,3330.639,3312.708078453684,1.8,3.903870741901714,0.08868000000000101,0.07656055225597234,2.5909768287873565,44.99999999999929,42.409023171211935,1.6963609268484774,TP,10175.541801417809,2.9560000000000337,99.0,24.688991825086365
XAUUSDm,asym_sellBase_buy_body2.2_wick0.3_atr50_close20,momentum,2025-08-01 12:30:00+00:00,2025-08-01 12:35:00+00:00,2025-08-03 22:05:00+00:00,BUY,session_breakout,3328.1195035587853,3296.811,3384.4748099645985,1.8,0.7985051075040936,0.12649285714285852,0.07225713021408472,0.5343213299060056,28.17245510869735,27.638133778791342,1.1055253511516536,TIMEOUT,10203.1799351966,4.216428571428618,100.0,27.262211762494214
XAUUSDm,asym_sellBase_buy_body2.2_wick0.3_atr50_close20,momentum,2025-08-04 13:00:00+00:00,2025-08-04 13:05:00+00:00,2025-08-05 01:05:00+00:00,BUY,session_breakout,3372.346726727862,3361.037,3392.704234838014,1.8,2.2104866546784887,0.08956285714285676,0.04494529929065968,1.4929586472874314,20.53160411306842,19.038645465780988,0.7615458186312395,TIMEOUT,10222.218580662382,2.985428571428559,100.0,18.452596237814085
XAUUSDm,asym_sellBase_buy_body2.2_wick0.3_atr50_close20,momentum,2025-08-05 12:25:00+00:00,2025-08-05 12:30:00+00:00,2025-08-05 14:20:00+00:00,BUY,session_breakout,3360.9229425549456,3349.903,3380.758839153848,1.8,2.26861436666744,0.08291357142857188,0.06448576923152737,1.5294276145484713,44.99999999999959,43.47057238545111,1.7388228954180445,TP,10265.689153047833,2.763785714285729,100.0,39.83255098002978
XAUUSDm,asym_sellBase_buy_body2.2_wick0.3_atr50_close20,momentum,2025-08-06 12:50:00+00:00,2025-08-06 12:55:00+00:00,2025-08-07 00:55:00+00:00,BUY,session_breakout,3368.560839764447,3360.141,3383.716551340451,1.8,2.9691776446344917,0.07221857142856997,0.028730478732472284,2.0014920201415887,11.209121376316762,9.207629356175174,0.36830517424700693,TIMEOUT,10274.896782404008,2.4072857142856656,95.0,26.669520520968696
XAUUSDm,asym_sellBase_buy_body2.2_wick0.3_atr50_close20,momentum,2025-08-20 12:00:00+00:00,2025-08-20 12:05:00+00:00,2025-08-20 13:40:00+00:00,BUY,session_breakout,3334.58578870744,3328.646,3345.2774083808313,1.8,4.208903924256956,0.05190642857142652,0.022835493154259492,2.811490242372444,45.0,42.18850975762756,1.6875403903051023,TP,10317.085292161635,1.7302142857142175,98.0,33.17162831817436
XAUUSDm,asym_sellBase_buy_body2.2_wick0.3_atr50_close20,momentum,2025-08-28 12:05:00+00:00,2025-08-28 12:10:00+00:00,2025-08-28 12:30:00+00:00,BUY,session_breakout,3408.089440344129,3401.401,3420.1286329635614,1.8,3.7377921778048595,0.06637285714285845,0.02025391555775901,2.5452460102755254,-25.0,-27.545246010275527,-1.101809840411021,SL,10289.54004615136,2.212428571428615,100.0,28.685871396469178
XAUUSDm,asym_sellBase_buy_body2.2_wick0.3_atr50_close20,momentum,2025-08-29 13:30:00+00:00,2025-08-29 13:35:00+00:00,2025-08-29 14:10:00+00:00,BUY,session_breakout,3421.0513391179898,3413.653,3434.3683495303717,1.8,3.3791368037198315,0.08168142857142845,0.06949840370386823,2.316540097485723,45.0,42.68345990251428,1.7073383961005713,TP,10332.223506053875,2.7227142857142814,100.0,20.979330941647344
XAUUSDm,asym_sellBase_buy_body2.2_wick0.3_atr50_close20,momentum,2025-09-03 13:25:00+00:00,2025-09-03 13:30:00+00:00,2025-09-04 01:30:00+00:00,BUY,session_breakout,3560.5139505113098,3545.048,3588.352661431668,1.8,1.6164541572610056,0.12008142857142663,0.09190979702398354,1.1493268624698758,-17.546529880868967,-18.695856743338844,-0.7478342697335537,TIMEOUT,10313.527649310536,4.002714285714221,100.0,20.93352068030542
XAUUSDm,asym_sellBase_buy_body2.2_wick0.3_atr50_close20,momentum,2025-09-04 13:35:00+00:00,2025-09-04 13:40:00+00:00,2025-09-04 14:00:00+00:00,BUY,session_breakout,3558.0780116038977,3539.71,3591.1404324909136,1.8,1.361061857925602,0.13142357142856975,0.10429981818336774,0.9660528538235665,-25.0,-25.966052853823566,-1.0386421141529427,SL,10287.561596456711,4.3807857142856585,99.0,19.552379694708875
XAUUSDm,asym_sellBase_buy_body2.2_wick0.3_atr50_close20,momentum,2025-09-12 12:20:00+00:00,2025-09-12 12:25:00+00:00,2025-09-12 13:10:00+00:00,SELL,session_breakout,3643.186885855961,3649.349,3632.0950803966907,1.8,4.057049158069144,0.063953571428571,0.05413735832484701,2.9586176575900947,-25.0,-27.958617657590096,-1.1183447063036038,SL,10259.602978799121,2.1317857142857,65.0,21.061426016204223
XAUUSDm,asym_sellBase_buy_body2.2_wick0.3_atr50_close20,momentum,2025-09-25 12:50:00+00:00,2025-09-25 12:55:00+00:00,2025-09-25 18:40:00+00:00,SELL,session_breakout,3732.3630401214136,3755.926,3689.9497123399583,1.8,1.0609872498539399,0.14623071428571327,0.09084452144348143,0.7944979194789817,-25.0,-25.79449791947898,-1.0317799167791593,SL,10233.808480879643,4.874357142857109,100.0,19.87710691908853
XAUUSDm,asym_sellBase_buy_body2.2_wick0.3_atr50_close20,momentum,2025-10-01 12:45:00+00:00,2025-10-01 12:50:00+00:00,2025-10-02 00:50:00+00:00,SELL,session_breakout,3870.854644201404,3891.122,3834.3734037639315,1.8,1.233510688243407,0.1346742857142866,0.09401865573915753,0.953292787796327,16.553274554855527,15.5999817670592,0.623999270682368,TIMEOUT,10249.408462646703,4.489142857142887,96.0,18.3325867553591
XAUUSDm,asym_sellBase_buy_body2.2_wick0.3_atr50_close20,momentum,2025-10-09 13:40:00+00:00,2025-10-09 13:45:00+00:00,2025-10-09 16:40:00+00:00,SELL,session_breakout,4031.2100499081066,4057.981,3983.022339742698,1.8,0.9338480671842175,0.18705642857143076,0.07442187760776584,0.7484075427040557,45.000000000000085,44.25159245729603,1.7700636982918412,TP,10293.660055104,6.235214285714359,100.0,19.2834809256265
XAUUSDm,asym_sellBase_buy_body2.2_wick0.3_atr50_close20,momentum,2025-10-21 12:10:00+00:00,2025-10-21 12:15:00+00:00,2025-10-21 14:20:00+00:00,SELL,session_breakout,4225.303580899328,4267.064,4150.134826518119,1.8,0.5986529957884837,0.2890564285714325,0.10989088638566215,0.5013981293642382,44.99999999999979,44.49860187063555,1.7799440748254216,TP,10338.158656974634,9.635214285714417,84.0,57.438051634424795
XAUUSDm,asym_sellBase_buy_body2.2_wick0.3_atr50_close20,momentum,2025-10-22 13:00:00+00:00,2025-10-22 13:05:00+00:00,2025-10-22 14:45:00+00:00,BUY,session_breakout,4066.6675348372423,4023.09,4145.107097544278,1.8,0.573690092690478,0.39714642857142374,0.30496162295658047,0.46410137500042703,-25.000000000000004,-25.464101375000432,-1.0185640550000172,SL,10312.694555599634,13.238214285714125,64.0,38.975027111375816
XAUUSDm,asym_sellBase_buy_body2.2_wick0.3_atr50_close20,momentum,2025-10-24 12:30:00+00:00,2025-10-24 12:35:00+00:00,2025-10-26 22:05:00+00:00,BUY,session_breakout,4089.9146340345224,4058.775,4145.965975296663,1.8,0.8028353824673825,0.19440642857142945,0.12243082023631424,0.6566492259484261,-0.5640994638403602,-1.2207486897887865,-0.04882994759155146,TIMEOUT,10311.473806909844,6.4802142857143155,74.0,42.41032507024094
XAUUSDm,asym_sellBase_buy_body2.2_wick0.3_atr50_close20,momentum,2025-11-10 13:00:00+00:00,2025-11-10 13:05:00+00:00,2025-11-10 13:50:00+00:00,BUY,session_breakout,4105.1483888610155,4092.184,4128.484288810843,1.8,1.9283593131934251,0.11574214285713975,0.08051778958619338,1.5807402255402248,-25.0,-26.580740225540225,-1.063229609021609,SL,10284.893066684304,3.8580714285713253,82.0,50.15628024988935
XAUUSDm,asym_sellBase_buy_body2.2_wick0.3_atr50_close20,momentum,2025-11-14 12:10:00+00:00,2025-11-14 12:15:00+00:00,2025-11-14 13:20:00+00:00,SELL,session_breakout,4125.653858410794,4157.72,4067.9348035502226,1.8,0.7796385458615677,0.2434607142857099,0.20341123206369321,0.6388037549799115,44.99999999999986,44.36119624501995,1.7744478498007978,TP,10329.254262929324,8.115357142856997,100.0,35.25045599985121
XAUUSDm,asym_sellBase_buy_body2.2_wick0.3_atr50_close20,momentum,2025-11-14 13:25:00+00:00,2025-11-14 13:30:00+00:00,2025-11-16 23:00:00+00:00,SELL,session_breakout,4055.2883713372635,4119.67,3939.4014397443375,1.8,0.38830953051782197,0.34366928571428257,0.25579401987934547,0.31581052468949633,-8.690999718251478,-9.006810242940974,-0.36027240971763896,TIMEOUT,10320.247452686383,11.455642857142752,100.0,46.13312162979941
XAUUSDm,asym_sellBase_buy_body2.2_wick0.3_atr50_close20,momentum,2025-11-18 13:35:00+00:00,2025-11-18 13:40:00+00:00,2025-11-19 01:40:00+00:00,BUY,session_breakout,4066.227169610775,4029.089,4133.075874910171,1.8,0.6731618779819083,0.20224714285714396,0.13904603934649806,0.5473891992277607,-0.566243314890656,-1.1136325141184167,-0.04454530056473667,TIMEOUT,10319.133820172265,6.741571428571466,98.0,23.99220544731655
XAUUSDm,asym_sellBase_buy_body2.2_wick0.3_atr50_close20,momentum,2025-11-19 13:10:00+00:00,2025-11-19 13:15:00+00:00,2025-11-19 14:55:00+00:00,SELL,session_breakout,4102.951312289814,4120.01,4072.2456744114797,1.8,1.4655289096518365,0.13318928571428126,0.0920930673284794,1.2050987526109327,-24.999999999999996,-26.20509875261093,-1.0482039501044373,SL,10292.928721419654,4.439642857142709,70.0,38.20990375075074
XAUUSDm,asym_sellBase_buy_body2.2_wick0.3_atr50_close20,momentum,2025-12-03 13:50:00+00:00,2025-12-03 13:55:00+00:00,2025-12-03 14:50:00+00:00,BUY,session_breakout,4236.176160129682,4211.353,4280.85784836311,1.8,1.0071239870102804,0.14135571428571309,0.07248227253891108,0.8507709248135411,-25.000000000000004,-25.850770924813546,-1.0340308369925417,SL,10267.07795049484,4.711857142857103,100.0,27.83795219721161
XAUUSDm,asym_sellBase_buy_body2.2_wick0.3_atr50_close20,momentum,2025-12-16 13:20:00+00:00,2025-12-16 13:25:00+00:00,2025-12-16 14:15:00+00:00,BUY,session_breakout,4300.985555566479,4289.067,4322.438955586141,1.8,2.0975696140824893,0.10657071428571661,0.03427020933556603,1.808823322392788,44.99999999999924,43.19117667760645,1.727647067104258,TP,10310.269127172447,3.5523571428572205,63.0,29.460394202997385
XAUUSDm,asym_sellBase_buy_body2.2_wick0.3_atr50_close20,momentum,2025-12-23 13:50:00+00:00,2025-12-23 13:55:00+00:00,2025-12-23 14:55:00+00:00,SELL,session_breakout,4478.880486208613,4497.359,4445.619161384115,1.8,1.3529226582958052,0.16868357142857154,0.102172005673045,1.207415778718113,45.0,43.792584221281885,1.7517033688512753,TP,10354.06171139373,5.622785714285718,100.0,24.530324010148064
XAUUSDm,asym_sellBase_buy_body2.2_wick0.3_atr50_close20,momentum,2025-12-29 13:40:00+00:00,2025-12-29 13:45:00+00:00,2025-12-29 14:40:00+00:00,SELL,session_breakout,4429.289520638756,4467.761,4360.0408577885155,1.8,0.6498320422059051,0.21624642857142654,0.09735614695780183,0.5711588509435794,44.999999999999766,44.42884114905618,1.777153645962247,TP,10398.490552542786,7.208214285714218,73.0,42.45223459079032
XAUUSDm,asym_sellBase_buy_body2.2_wick0.3_atr50_close20,momentum,2026-01-07 12:15:00+00:00,2026-01-07 12:20:00+00:00,2026-01-07 16:20:00+00:00,SELL,session_breakout,4442.053757463024,4455.798,4417.314120896469,1.8,1.8189434545224137,0.13742785714285674,0.08052860840484503,1.6184689213548125,-25.0,-26.61846892135481,-1.0647387568541924,SL,10371.87208362143,4.580928571428558,75.0,24.219487564866068
XAUUSDm,asym_sellBase_buy_body2.2_wick0.3_atr50_close20,momentum,2026-01-08 13:20:00+00:00,2026-01-08 13:25:00+00:00,2026-01-08 16:30:00+00:00,BUY,session_breakout,4432.271993258389,4417.26,4459.2935811234875,1.8,1.6653351470185649,0.1653042857142873,0.14834111553136642,1.4807436663038454,44.999999999999396,43.51925633369555,1.740770253347822,TP,10415.391339955126,5.51014285714291,83.0,28.359410028489833
XAUUSDm,asym_sellBase_buy_body2.2_wick0.3_atr50_close20,momentum,2026-01-30 13:20:00+00:00,2026-01-30 13:25:00+00:00,2026-01-30 17:43:00+00:00,SELL,session_breakout,5025.45437556132,5117.524,4859.729051571697,1.8,0.2715336372057263,0.8836500000000017,0.40979943867943663,0.26841598104151954,44.9999999999999,44.73158401895838,1.7892633607583353,TP,10460.122923974084,29.45500000000006,71.0,48.48365673984146
XAUUSDm,asym_sellBase_buy_body2.2_wick0.3_atr50_close20,momentum,2026-02-17 13:55:00+00:00,2026-02-17 14:00:00+00:00,2026-02-18 02:00:00+00:00,SELL,session_breakout,4869.969888707968,4924.239,4772.28548838231,1.8,0.4606672083769796,0.3260078571428546,0.11110736346138042,0.4495606089895933,-8.735222873834077,-9.18478348282367,-0.3673913393129468,TIMEOUT,10450.93814049126,10.866928571428486,88.0,20.56358489368482
XAUUSDm,asym_sellBase_buy_body2.2_wick0.3_atr50_close20,momentum,2026-02-19 13:35:00+00:00,2026-02-19 13:40:00+00:00,2026-02-19 14:30:00+00:00,BUY,session_breakout,4994.67402630975,4971.705,5036.0182736673,1.8,1.0884222806339803,0.19561928571427936,0.09721666689247661,1.0847628989478726,-24.999999999999996,-26.08476289894787,-1.0433905159579149,SL,10424.853377592312,6.520642857142645,99.0,31.84451899181582
XAUUSDm,asym_sellBase_buy_body2.2_wick0.3_atr50_close20,momentum,2026-02-24 13:35:00+00:00,2026-02-24 13:40:00+00:00,2026-02-24 14:13:00+00:00,SELL,session_breakout,5138.399580752417,5161.12,5097.502826106768,1.8,1.1003318084748654,0.2371114285714267,0.11986353329802622,1.1262889006711596,44.999999999999595,43.87371109932843,1.7549484439731373,TP,10468.72708869164,7.903714285714224,92.0,28.697801795800675
XAUUSDm,asym_sellBase_buy_body2.2_wick0.3_atr50_close20,momentum,2026-02-27 13:20:00+00:00,2026-02-27 13:25:00+00:00,2026-03-01 23:01:00+00:00,BUY,session_breakout,5234.993330538576,5182.863,5328.8279255080115,1.8,0.4795672642340237,0.19656642857142806,0.15004732429004738,0.5061638407763585,40.57554814409596,40.0693843033196,1.602775372132784,TIMEOUT,10508.79647299496,6.552214285714269,100.0,21.011152787242228
XAUUSDm,asym_sellBase_buy_body2.2_wick0.3_atr50_close20,momentum,2026-03-06 13:30:00+00:00,2026-03-06 13:35:00+00:00,2026-03-08 22:03:00+00:00,BUY,session_breakout,5124.086802865449,5065.362,5229.791448023256,1.8,0.4257144984765725,0.3191828571428576,0.22021143687616457,0.4386579562674004,23.783475809427244,23.344817853159846,0.9337927141263939,TIMEOUT,10532.14129084812,10.639428571428587,100.0,32.269028977247274
XAUUSDm,asym_sellBase_buy_body2.2_wick0.3_atr50_close20,momentum,2026-03-11 12:55:00+00:00,2026-03-11 13:00:00+00:00,2026-03-12 01:00:00+00:00,SELL,session_breakout,5166.8695160945545,5196.653,5113.259245064752,1.8,0.8393913915298824,0.24058499999999836,0.20419140544650513,0.8668871268453419,5.180317482456862,4.31343035561152,0.1725372142244608,TIMEOUT,10536.45472120373,8.019499999999946,100.0,33.44240933449603
XAUUSDm,asym_sellBase_buy_body2.2_wick0.3_atr50_close20,momentum,2026-03-18 12:05:00+00:00,2026-03-18 12:10:00+00:00,2026-03-18 20:28:00+00:00,SELL,session_breakout,4913.043643706307,4966.259,4817.2560023776605,1.8,0.4697892063716774,0.37023642857142863,0.2832380794071462,0.45711897484924013,44.99999999999983,44.54288102515059,1.7817152410060237,TP,10580.997602228881,12.341214285714289,100.0,40.301700145599256
XAUUSDm,asym_sellBase_buy_body2.2_wick0.3_atr50_close20,momentum,2026-03-19 12:00:00+00:00,2026-03-19 12:05:00+00:00,2026-03-19 13:02:00+00:00,SELL,session_breakout,4630.033923997996,4695.267,4512.614387194389,1.8,0.38324116433252303,0.40764214285714323,0.23825493057563646,0.3503839183864145,44.99999999999993,44.649616081613516,1.7859846432645405,TP,10625.647218310494,13.58807142857144,45.0,62.785720474995564
XAUUSDm,asym_sellBase_buy_body2.2_wick0.3_atr50_close20,momentum,2026-03-20 13:30:00+00:00,2026-03-20 13:35:00+00:00,2026-03-20 14:15:00+00:00,SELL,session_breakout,4644.761376949698,4681.746,4578.1890554591555,1.8,0.6759565986652948,0.32604642857143384,0.2835998360147239,0.6234314203949699,44.99999999999988,44.37656857960491,1.7750627431841963,TP,10670.023786890099,10.868214285714462,70.0,18.014851889985096
XAUUSDm,asym_sellBase_buy_body2.2_wick0.3_atr50_close20,momentum,2026-03-30 13:40:00+00:00,2026-03-30 13:45:00+00:00,2026-03-31 01:24:00+00:00,SELL,session_breakout,4544.287891326476,4578.633,4482.466695714133,1.8,0.7279056892101793,0.28368857142857123,0.118264387809683,0.6640626019010942,-25.0,-25.664062601901094,-1.0265625040760438,SL,10644.359724288197,9.456285714285709,89.0,42.69311928505708
XAUUSDm,asym_sellBase_buy_body2.2_wick0.3_atr50_close20,momentum,2026-04-09 13:35:00+00:00,2026-04-09 13:40:00+00:00,2026-04-10 01:40:00+00:00,BUY,session_breakout,4770.243697554383,4738.562,4827.270753152274,1.8,0.7890991307232232,0.22024499999999989,0.06957505438315692,0.7530805192155783,2.41488199958637,1.6618014803707917,0.06647205921483167,TIMEOUT,10646.021525768569,7.341499999999996,85.0,19.548493915416145
XAUUSDm,asym_sellBase_buy_body2.2_wick0.3_atr50_close20,momentum,2026-04-17 13:05:00+00:00,2026-04-17 13:10:00+00:00,2026-04-19 22:01:00+00:00,BUY,session_breakout,4862.646618900213,4811.482,4954.742932920597,1.8,0.4886189037928293,0.27648857142857586,0.10037461449881228,0.47269621209178597,-25.0,-25.472696212091787,-1.0189078484836716,SL,10620.548829556477,9.216285714285862,100.0,23.682725240557893
XAUUSDm,asym_sellBase_buy_body2.2_wick0.3_atr50_close20,momentum,2026-04-20 13:25:00+00:00,2026-04-20 13:30:00+00:00,2026-04-20 14:51:00+00:00,BUY,session_breakout,4824.426683503274,4799.549,4869.2065138091675,1.8,1.0049167156865648,0.2057849999999988,0.16579100327374238,0.9671294035713472,-25.0,-25.96712940357135,-1.038685176142854,SL,10594.581700152907,6.859499999999961,99.0,18.41847392036155
XAUUSDm,asym_sellBase_buy_body2.2_wick0.3_atr50_close20,momentum,2026-04-29 12:50:00+00:00,2026-04-29 12:55:00+00:00,2026-04-30 00:45:00+00:00,SELL,session_breakout,4544.943224563096,4568.888,4501.842628776669,1.8,1.0440690941486037,0.17339357142857026,0.10807865118894795,0.9515469510852853,-25.000000000000004,-25.951546951085287,-1.0380618780434114,SL,10568.63015320182,5.7797857142856754,95.0,20.702548664922677
XAUUSDm,asym_sellBase_buy_body2.2_wick0.3_atr50_close20,momentum,2026-05-01 13:50:00+00:00,2026-05-01 13:55:00+00:00,2026-05-03 22:03:00+00:00,BUY,session_breakout,4617.0033392780215,4586.483,4671.9399499784595,1.8,0.8191258875684686,0.22602857142856853,0.09332499230726671,0.7571497858425256,7.6839420398693346,6.926792254026809,0.27707169016107236,TIMEOUT,10575.556945455848,7.534285714285618,100.0,38.294848342025965
XAUUSDm,buy_strict_body2.5_wick0.35_atr45_closeOff,momentum,2025-01-07 13:15:00+00:00,2025-01-07 13:20:00+00:00,2025-01-07 15:00:00+00:00,BUY,session_breakout,2658.0325826536314,2647.585,2676.838231430168,1.8,2.39289803477272,0.06974571428571283,0.058709796488312295,1.2695801886787463,-25.0,-26.269580188678745,-1.0507832075471497,SL,9973.730419811322,2.3248571428570943,100.0,31.649388544774304
XAUUSDm,buy_strict_body2.5_wick0.35_atr45_closeOff,momentum,2025-01-15 13:55:00+00:00,2025-01-15 14:00:00+00:00,2025-01-15 14:30:00+00:00,BUY,session_breakout,2693.947934681974,2682.127,2715.2256171095273,1.8,2.1148919838059044,0.10109571428571404,0.06138682483164762,1.136981778369876,-25.0,-26.136981778369876,-1.045479271134795,SL,9947.59343803295,3.3698571428571347,100.0,29.527297783745972
XAUUSDm,buy_strict_body2.5_wick0.35_atr45_closeOff,momentum,2025-01-16 13:30:00+00:00,2025-01-16 13:35:00+00:00,2025-01-17 01:35:00+00:00,BUY,session_breakout,2713.5913244791664,2701.388,2735.557308541666,1.8,2.0486220818499166,0.07803214285714083,0.07030840773750051,1.1114537546185432,-3.708670703333759,-4.820124457952302,-0.19280497831809207,TIMEOUT,9942.773313574999,2.601071428571361,100.0,29.035232131775437
XAUUSDm,buy_strict_body2.5_wick0.35_atr45_closeOff,momentum,2025-01-24 13:40:00+00:00,2025-01-24 13:45:00+00:00,2025-01-24 14:15:00+00:00,BUY,session_breakout,2783.9867028041876,2777.85,2795.0327678517256,1.8,4.073848905138408,0.05255785714285528,0.0414238756159642,2.265808236227745,-25.0,-27.265808236227745,-1.0906323294491098,SL,9915.50750533877,1.7519285714285096,50.0,34.62164324979766
XAUUSDm,buy_strict_body2.5_wick0.35_atr45_closeOff,momentum,2025-01-30 13:00:00+00:00,2025-01-30 13:05:00+00:00,2025-01-30 15:10:00+00:00,BUY,session_breakout,2782.0775132622916,2777.714,2789.9318371344166,1.8,5.729328295170611,0.03985714285714169,0.014584690863207852,3.192387083218308,44.99999999999948,41.807612916781174,1.672304516671247,TP,9957.31511825555,1.3285714285713897,54.0,44.63844601034202
XAUUSDm,buy_strict_body2.5_wick0.35_atr45_closeOff,momentum,2025-02-03 12:35:00+00:00,2025-02-03 12:40:00+00:00,2025-02-03 14:45:00+00:00,BUY,session_breakout,2808.0859707648915,2800.096,2822.4679181416964,1.8,3.128922587533335,0.06067071428571547,0.05963540774855266,1.7617567243323484,45.00000000000057,43.23824327566822,1.7295297310267288,TP,10000.553361531218,2.0223571428571825,47.0,32.5962657261514
XAUUSDm,buy_strict_body2.5_wick0.35_atr45_closeOff,momentum,2025-02-24 13:55:00+00:00,2025-02-24 14:00:00+00:00,2025-02-24 14:20:00+00:00,BUY,session_breakout,2954.4899989705755,2946.923,2968.1105971176116,1.8,3.3038196644683837,0.07127785714285698,0.059360042003814666,1.9497204314148324,-25.0,-26.949720431414832,-1.0779888172565932,SL,9973.603641099802,2.375928571428566,88.0,20.21311523242239
XAUUSDm,buy_strict_body2.5_wick0.35_atr45_closeOff,momentum,2025-04-02 12:25:00+00:00,2025-04-02 12:30:00+00:00,2025-04-02 13:50:00+00:00,BUY,session_breakout,3125.9516658457155,3117.046,3141.9818643680037,1.8,2.8072016661198766,0.08566285714285543,0.07283441714448294,1.7525353449144594,-25.0,-26.75253534491446,-1.0701014137965783,SL,9946.851105754888,2.8554285714285146,72.0,23.02494613702874
XAUUSDm,buy_strict_body2.5_wick0.35_atr45_closeOff,momentum,2025-04-11 13:30:00+00:00,2025-04-11 13:35:00+00:00,2025-04-11 13:50:00+00:00,BUY,session_breakout,3240.5370541137017,3225.711,3267.223951518365,1.8,1.68622074412203,0.17203285714285552,0.06703768513054377,1.0903521605485236,-25.0,-26.090352160548523,-1.043614086421941,SL,9920.760753594339,5.734428571428517,74.0,26.486869484803904
XAUUSDm,buy_strict_body2.5_wick0.35_atr45_closeOff,momentum,2025-04-21 13:00:00+00:00,2025-04-21 13:05:00+00:00,2025-04-22 01:05:00+00:00,BUY,session_breakout,3421.3439039416726,3398.008,3463.3485310366837,1.8,1.0713105462932389,0.13261714285714366,0.08159537024386464,0.7342261008049895,11.617394472303216,10.883168371498227,0.43532673485992907,TIMEOUT,9931.643921965837,4.4205714285714555,100.0,28.364920124046165
XAUUSDm,buy_strict_body2.5_wick0.35_atr45_closeOff,momentum,2025-04-30 12:15:00+00:00,2025-04-30 12:20:00+00:00,2025-04-30 13:35:00+00:00,BUY,session_breakout,3283.1524824651397,3266.901,3312.405150902391,1.8,1.5383211995352524,0.1382485714285706,0.07735817942565479,1.014608613016583,44.99999999999972,43.98539138698314,1.7594156554793257,TP,9975.62931335282,4.608285714285687,89.0,44.343344543550394
XAUUSDm,buy_strict_body2.5_wick0.35_atr45_closeOff,momentum,2025-05-09 13:25:00+00:00,2025-05-09 13:30:00+00:00,2025-05-09 14:00:00+00:00,BUY,session_breakout,3339.9621358532795,3328.669,3360.289780389183,1.8,2.2137341058143525,0.10501285714285587,0.0996294247081278,1.476257618453391,-25.0,-26.476257618453392,-1.0590503047381357,SL,9949.153055734367,3.500428571428529,49.0,23.16619450277093
XAUUSDm,buy_strict_body2.5_wick0.35_atr45_closeOff,momentum,2025-05-15 12:50:00+00:00,2025-05-15 12:55:00+00:00,2025-05-15 15:05:00+00:00,BUY,session_breakout,3188.664844547128,3177.747,3208.3169647319583,1.8,2.289829269146029,0.1302021428571457,0.09774347569897689,1.4647996181081975,45.000000000000206,43.53520038189201,1.7414080152756803,TP,9992.688256116258,4.340071428571524,65.0,28.573355861432
XAUUSDm,buy_strict_body2.5_wick0.35_atr45_closeOff,momentum,2025-05-29 12:15:00+00:00,2025-05-29 12:20:00+00:00,2025-05-29 16:05:00+00:00,BUY,session_breakout,3308.8621938436277,3298.541,3327.4403427621573,1.8,2.4222004139022615,0.10334357142857113,0.09052205791338963,1.607445475094716,45.00000000000044,43.39255452490573,1.7357021809962294,TP,10036.080810641164,3.4447857142857043,100.0,33.53063891306181
XAUUSDm,buy_strict_body2.5_wick0.35_atr45_closeOff,momentum,2025-05-30 12:10:00+00:00,2025-05-30 12:15:00+00:00,2025-05-30 13:40:00+00:00,BUY,session_breakout,3303.00503848342,3288.365,3329.357107753576,1.8,1.7076457844228088,0.14142642857142912,0.08632526913403644,1.125572525978702,-25.0,-26.1255725259787,-1.045022901039148,SL,10009.955238115186,4.714214285714304,100.0,26.073140583746437
XAUUSDm,buy_strict_body2.5_wick0.35_atr45_closeOff,momentum,2025-06-11 12:15:00+00:00,2025-06-11 12:20:00+00:00,2025-06-11 12:35:00+00:00,BUY,session_breakout,3338.0919476434196,3327.196,3357.7046534015753,1.8,2.294430995646163,0.09899999999999863,0.04544764341968441,1.5363043261979863,45.00000000000041,43.46369567380243,1.7385478269520973,TP,10053.41893378899,3.2999999999999545,97.0,30.652943272538636
XAUUSDm,buy_strict_body2.5_wick0.35_atr45_closeOff,momentum,2025-06-20 13:50:00+00:00,2025-06-20 13:55:00+00:00,2025-06-22 22:05:00+00:00,BUY,session_breakout,3372.0760923848197,3348.68,3414.1890586774957,1.8,1.0685545085392452,0.11116928571428453,0.07650774196267664,0.7216239341710061,9.745118399662179,9.023494465491172,0.3609397786196469,TIMEOUT,10062.44242825448,3.7056428571428177,98.0,19.55623931036536
XAUUSDm,buy_strict_body2.5_wick0.35_atr45_closeOff,momentum,2025-07-18 12:00:00+00:00,2025-07-18 12:05:00+00:00,2025-07-18 14:15:00+00:00,BUY,session_breakout,3358.2787427387484,3351.982,3369.6128796684957,1.8,3.9703067184493386,0.058890000000000914,0.020297738748382733,2.6641793309442505,-25.0,-27.66417933094425,-1.10656717323777,SL,10034.778248923536,1.9630000000000305,82.0,31.83987434693921
XAUUSDm,buy_strict_body2.5_wick0.35_atr45_closeOff,momentum,2025-07-21 12:15:00+00:00,2025-07-21 12:20:00+00:00,2025-07-21 13:45:00+00:00,BUY,session_breakout,3378.2568788754415,3370.859,3391.5730608512363,1.8,3.3793470291857965,0.06443571428571561,0.056661018298440856,2.287760469490841,44.99999999999939,42.71223953050855,1.708489581220342,TP,10077.490488454045,2.147857142857187,90.0,27.99741884698307
XAUUSDm,buy_strict_body2.5_wick0.35_atr45_closeOff,momentum,2025-07-22 12:55:00+00:00,2025-07-22 13:00:00+00:00,2025-07-22 16:50:00+00:00,BUY,session_breakout,3407.616619350845,3393.754,3432.5693341823667,1.8,1.8034109836879828,0.08744357142857,0.06489756513103152,1.2335666479070053,44.99999999999984,43.76643335209283,1.7506573340837133,TP,10121.256921806138,2.914785714285667,100.0,24.906157185601465
XAUUSDm,buy_strict_body2.5_wick0.35_atr45_closeOff,momentum,2025-08-01 12:30:00+00:00,2025-08-01 12:35:00+00:00,2025-08-03 22:05:00+00:00,BUY,session_breakout,3328.15231916466,3296.811,3384.5666936610482,1.8,0.7976690409441858,0.12649285714285852,0.10507273608871771,0.5337644918524956,28.116781436473083,27.58301694462059,1.1033206777848235,TIMEOUT,10148.839938750758,4.216428571428618,100.0,27.262211762494214
XAUUSDm,buy_strict_body2.5_wick0.35_atr45_closeOff,momentum,2025-08-04 13:00:00+00:00,2025-08-04 13:05:00+00:00,2025-08-05 01:05:00+00:00,BUY,session_breakout,3372.35087693676,3361.037,3392.715855422928,1.8,2.2096757936947307,0.08956285714285676,0.0490955081887909,1.492411910322324,20.514901998524973,19.022490088202648,0.7608996035281059,TIMEOUT,10167.86242883896,2.985428571428559,100.0,18.452596237814085
XAUUSDm,buy_strict_body2.5_wick0.35_atr45_closeOff,momentum,2025-08-05 12:25:00+00:00,2025-08-05 12:30:00+00:00,2025-08-05 14:20:00+00:00,BUY,session_breakout,3360.9396696851295,3349.903,3380.805675118363,1.8,2.265176064269082,0.08291357142857188,0.08121289941543985,1.527124018644638,45.00000000000021,43.47287598135558,1.738915039254223,TP,10211.335304820315,2.763785714285729,100.0,39.83255098002978
XAUUSDm,buy_strict_body2.5_wick0.35_atr45_closeOff,momentum,2025-08-06 12:50:00+00:00,2025-08-06 12:55:00+00:00,2025-08-07 00:55:00+00:00,BUY,session_breakout,3368.598924809189,3360.141,3383.8231894657297,1.8,2.9558077854793465,0.07221857142856997,0.06681552347477113,1.9924907932160634,11.04607594391977,9.053585150703707,0.3621434060281483,TIMEOUT,10220.388889971018,2.4072857142856656,95.0,26.669520520968696
XAUUSDm,buy_strict_body2.5_wick0.35_atr45_closeOff,momentum,2025-08-08 12:20:00+00:00,2025-08-08 12:25:00+00:00,2025-08-08 14:25:00+00:00,BUY,session_breakout,3391.9733004844534,3383.76,3406.757241356469,1.8,3.043843342554209,0.09986142857142828,0.0843697701673755,2.062427069760246,-25.0,-27.062427069760247,-1.08249708279041,SL,10193.326462901257,3.328714285714276,92.0,24.10039471149036
XAUUSDm,buy_strict_body2.5_wick0.35_atr45_closeOff,momentum,2025-08-12 12:30:00+00:00,2025-08-12 12:35:00+00:00,2025-08-12 14:10:00+00:00,BUY,session_breakout,3350.3652836608803,3338.543,3371.6453942504645,1.8,2.1146506645517826,0.11245285714285533,0.04905723230883968,1.4144704347169406,-25.000000000000004,-26.414470434716943,-1.0565788173886776,SL,10166.911992466541,3.7484285714285113,100.0,24.49102958935112
XAUUSDm,buy_strict_body2.5_wick0.35_atr45_closeOff,momentum,2025-08-20 12:00:00+00:00,2025-08-20 12:05:00+00:00,2025-08-20 13:40:00+00:00,BUY,session_breakout,3334.595483217167,3328.646,3345.304553008067,1.8,4.20204563782356,0.05190642857142652,0.032530002881347206,2.8069244808317686,45.00000000000038,42.19307551916861,1.6877230207667446,TP,10209.105067985709,1.7302142857142175,98.0,33.17162831817436
XAUUSDm,buy_strict_body2.5_wick0.35_atr45_closeOff,momentum,2025-08-28 12:05:00+00:00,2025-08-28 12:10:00+00:00,2025-08-28 12:30:00+00:00,BUY,session_breakout,3408.0911334524762,3401.401,3420.133373666934,1.8,3.73684623447176,0.06637285714285845,0.02194702390509801,2.5446025037556956,-25.0,-27.544602503755694,-1.1017841001502278,SL,10181.560465481953,2.212428571428615,100.0,28.685871396469178
XAUUSDm,buy_strict_body2.5_wick0.35_atr45_closeOff,momentum,2025-08-29 13:30:00+00:00,2025-08-29 13:35:00+00:00,2025-08-29 14:10:00+00:00,BUY,session_breakout,3421.015166953145,3413.653,3434.2670674688065,1.8,3.395739346731232,0.08168142857142845,0.0333262388593747,2.327875161637422,44.99999999999938,42.67212483836196,1.7068849935344783,TP,10224.232590320315,2.7227142857142814,100.0,20.979330941647344
XAUUSDm,buy_strict_body2.5_wick0.35_atr45_closeOff,momentum,2025-09-04 13:35:00+00:00,2025-09-04 13:40:00+00:00,2025-09-04 14:00:00+00:00,BUY,session_breakout,3558.07597697017,3539.71,3591.1347355164758,1.8,1.3612126401228288,0.13142357142856975,0.1022651844555396,0.9661595988738358,-25.0,-25.966159598873837,-1.0386463839549536,SL,10198.26643072144,4.3807857142856585,99.0,19.552379694708875
XAUUSDm,buy_strict_body2.5_wick0.35_atr45_closeOff,momentum,2025-10-22 13:00:00+00:00,2025-10-22 13:05:00+00:00,2025-10-22 14:45:00+00:00,BUY,session_breakout,4066.688762884105,4023.09,4145.166536075494,1.8,0.5734107654947805,0.39714642857142374,0.3261896698191875,0.4638766233108793,-25.0,-25.46387662331088,-1.0185550649324353,SL,10172.802554098129,13.238214285714125,64.0,38.975027111375816
XAUUSDm,buy_strict_body2.5_wick0.35_atr45_closeOff,momentum,2025-10-24 12:30:00+00:00,2025-10-24 12:35:00+00:00,2025-10-26 22:05:00+00:00,BUY,session_breakout,4089.982188221041,4058.775,4146.155127018914,1.8,0.8010974850705815,0.19440642857142945,0.18998500675487268,0.6552331894087793,-0.6169958469067907,-1.27222903631557,-0.050889161452622796,TIMEOUT,10171.530325061813,6.4802142857143155,74.0,42.41032507024094
XAUUSDm,buy_strict_body2.5_wick0.35_atr45_closeOff,momentum,2025-11-10 13:00:00+00:00,2025-11-10 13:05:00+00:00,2025-11-10 13:50:00+00:00,BUY,session_breakout,4105.12899192189,4092.184,4128.429977381291,1.8,1.9312487911039746,0.11574214285713975,0.061120850460815224,1.5831050805950055,-25.0,-26.583105080595004,-1.0633242032238002,SL,10144.947219981217,3.8580714285713253,82.0,50.15628024988935
XAUUSDm,buy_strict_body2.5_wick0.35_atr45_closeOff,momentum,2025-11-18 13:35:00+00:00,2025-11-18 13:40:00+00:00,2025-11-19 01:40:00+00:00,BUY,session_breakout,4066.2012448062483,4029.089,4133.003285457496,1.8,0.6736321160446465,0.20224714285714396,0.11312123481961796,0.547769832252049,-0.5491750839274513,-1.0969449161795004,-0.043877796647180015,TIMEOUT,10143.850275065037,6.741571428571466,98.0,23.99220544731655
XAUUSDm,buy_strict_body2.5_wick0.35_atr45_closeOff,momentum,2025-12-03 13:50:00+00:00,2025-12-03 13:55:00+00:00,2025-12-03 14:50:00+00:00,BUY,session_breakout,4236.1925466493985,4211.353,4280.903730618315,1.8,1.0064595925548188,0.14135571428571309,0.08886879225564345,0.8502113248969029,-25.0,-25.850211324896904,-1.0340084529958762,SL,10118.00006374014,4.711857142857103,100.0,27.83795219721161
XAUUSDm,buy_strict_body2.5_wick0.35_atr45_closeOff,momentum,2025-12-16 13:20:00+00:00,2025-12-16 13:25:00+00:00,2025-12-16 14:15:00+00:00,BUY,session_breakout,4300.997391040081,4289.067,4322.4720949122275,1.8,2.0954887325998017,0.10657071428571661,0.04610568293772346,1.807038314373127,44.99999999999962,43.1929616856265,1.72771846742506,TP,10161.193025425768,3.5523571428572205,63.0,29.460394202997385
XAUUSDm,buy_strict_body2.5_wick0.35_atr45_closeOff,momentum,2026-02-04 12:30:00+00:00,2026-02-04 12:35:00+00:00,2026-02-04 12:59:00+00:00,BUY,session_breakout,5062.8061357734105,5037.48,5108.39318016555,1.8,0.9871225608071921,0.28187571428571706,0.11019791626797328,0.9970220315230027,-25.0,-25.997022031523002,-1.0398808812609202,SL,10135.196003394245,9.395857142857235,45.0,27.185615352908528
XAUUSDm,buy_strict_body2.5_wick0.35_atr45_closeOff,momentum,2026-02-18 13:05:00+00:00,2026-02-18 13:10:00+00:00,2026-02-19 01:10:00+00:00,BUY,session_breakout,4955.235024395472,4917.985,5022.285068307321,1.8,0.6711405000593503,0.21361500000000172,0.13521689547102808,0.6656292972522919,4.9751481541510785,4.309518856898786,0.17238075427595145,TIMEOUT,10139.505522251144,7.120500000000058,100.0,18.559749289996407
XAUUSDm,buy_strict_body2.5_wick0.35_atr45_closeOff,momentum,2026-02-19 13:35:00+00:00,2026-02-19 13:40:00+00:00,2026-02-19 14:30:00+00:00,BUY,session_breakout,4994.66656691992,4971.705,5035.997387375776,1.8,1.0887758700087398,0.19561928571427936,0.08975727706254204,1.0851144873603604,-25.0,-26.08511448736036,-1.0434045794944145,SL,10113.420407763784,6.520642857142645,99.0,31.84451899181582
XAUUSDm,buy_strict_body2.5_wick0.35_atr45_closeOff,momentum,2026-02-27 13:20:00+00:00,2026-02-27 13:25:00+00:00,2026-03-01 23:01:00+00:00,BUY,session_breakout,5234.994417204176,5182.863,5328.830968171692,1.8,0.4795572677812701,0.19656642857142806,0.1511339898907602,0.5061533420368418,40.57418123914289,40.06802789710605,1.602721115884242,TIMEOUT,10153.48843566089,6.552214285714269,100.0,21.011152787242228
XAUUSDm,buy_strict_body2.5_wick0.35_atr45_closeOff,momentum,2026-03-06 13:30:00+00:00,2026-03-06 13:35:00+00:00,2026-03-08 22:03:00+00:00,BUY,session_breakout,5124.060018264645,5065.362,5229.716451141006,1.8,0.4259087570433035,0.3191828571428576,0.19342683607266453,0.4388569803075871,23.805736287106082,23.366879306798495,0.9346751722719397,TIMEOUT,10176.85531496769,10.639428571428587,100.0,32.269028977247274
XAUUSDm,buy_strict_body2.5_wick0.35_atr45_closeOff,momentum,2026-04-09 13:35:00+00:00,2026-04-09 13:40:00+00:00,2026-04-10 01:40:00+00:00,BUY,session_breakout,4770.368571246504,4738.562,4827.620399490212,1.8,0.7860011004093316,0.22024499999999989,0.19444874650353078,0.7501337142946108,2.3072502304211473,1.5571165161265363,0.062284660645061454,TIMEOUT,10178.412431483817,7.341499999999996,85.0,19.548493915416145
XAUUSDm,buy_strict_body2.5_wick0.35_atr45_closeOff,momentum,2026-04-17 12:45:00+00:00,2026-04-17 12:50:00+00:00,2026-04-19 22:01:00+00:00,BUY,session_breakout,4836.52526066693,4800.857,4900.728129867404,1.8,0.7009032549540268,0.21645000000000436,0.1710356669298742,0.675487259573765,-25.0,-25.675487259573764,-1.0270194903829506,SL,10152.736944224243,7.2150000000001455,100.0,20.33483815266089
XAUUSDm,buy_strict_body2.5_wick0.35_atr45_closeOff,momentum,2026-04-20 13:25:00+00:00,2026-04-20 13:30:00+00:00,2026-04-20 14:51:00+00:00,BUY,session_breakout,4824.367624258508,4799.549,4869.041147923822,1.8,1.0073080497775726,0.2057849999999988,0.10673175850776169,0.9694248686003798,-25.0,-25.96942486860038,-1.0387769947440153,SL,10126.767519355642,6.859499999999961,99.0,18.41847392036155
XAUUSDm,buy_strict_body2.5_wick0.35_atr45_closeOff,momentum,2026-05-01 13:50:00+00:00,2026-05-01 13:55:00+00:00,2026-05-03 22:03:00+00:00,BUY,session_breakout,4617.109503002919,4586.483,4672.2372084081735,1.8,0.8162864691936026,0.22602857142856853,0.19948871720531758,0.7545338674580259,7.570646407293805,6.816112539835779,0.2726445015934312,TIMEOUT,10133.583631895479,7.534285714285618,100.0,38.294848342025965
XAUUSDm,asym_sellBase_buy_body2.5_wick0.35_atr45_closeOff,momentum,2025-01-03 13:15:00+00:00,2025-01-03 13:20:00+00:00,2025-01-03 16:50:00+00:00,SELL,session_breakout,2652.005430036269,2658.656,2640.0344041015533,1.8,3.7590763102016957,0.04961357142857001,0.04176317801689456,1.98931815731512,45.0,43.01068184268488,1.7204272737073953,TP,10043.010681842685,1.653785714285667,73.0,20.836599199556407
XAUUSDm,asym_sellBase_buy_body2.5_wick0.35_atr45_closeOff,momentum,2025-01-06 13:30:00+00:00,2025-01-06 13:35:00+00:00,2025-01-06 14:15:00+00:00,SELL,session_breakout,2638.225875719044,2648.848,2619.106052013323,1.8,2.353578186316398,0.09765428571428304,0.05929713809885488,1.2373541743335637,45.00000000000021,43.76264582566665,1.750505833026666,TP,10086.773327668352,3.255142857142768,99.0,33.51748168707531
XAUUSDm,asym_sellBase_buy_body2.5_wick0.35_atr45_closeOff,momentum,2025-01-07 13:15:00+00:00,2025-01-07 13:20:00+00:00,2025-01-07 15:00:00+00:00,BUY,session_breakout,2658.0367150390744,2647.585,2676.8498021094083,1.8,2.3919519338726816,0.06974571428571283,0.06284218193162648,1.2690792121684609,-25.0,-26.26907921216846,-1.0507631684867385,SL,10060.504248456184,2.3248571428570943,100.0,31.649388544774304
XAUUSDm,asym_sellBase_buy_body2.5_wick0.35_atr45_closeOff,momentum,2025-01-13 12:00:00+00:00,2025-01-13 12:05:00+00:00,2025-01-13 17:35:00+00:00,SELL,session_breakout,2673.064954967965,2680.55,2659.591873910302,1.8,3.3399932656387783,0.06136285714285707,0.048363603463073,1.7811037896416055,44.999999999999694,43.21889621035809,1.7287558484143235,TP,10103.723144666541,2.045428571428569,66.0,19.272499199964653
XAUUSDm,asym_sellBase_buy_body2.5_wick0.35_atr45_closeOff,momentum,2025-01-15 13:55:00+00:00,2025-01-15 14:00:00+00:00,2025-01-15 14:30:00+00:00,BUY,session_breakout,2693.9235412198063,2682.127,2715.157315415458,1.8,2.119265260398956,0.10109571428571404,0.03699336266367949,1.1393277150156143,-25.0,-26.139327715015614,-1.0455731086006246,SL,10077.583816951525,3.3698571428571347,100.0,29.527297783745972
XAUUSDm,asym_sellBase_buy_body2.5_wick0.35_atr45_closeOff,momentum,2025-01-16 13:30:00+00:00,2025-01-16 13:35:00+00:00,2025-01-17 01:35:00+00:00,BUY,session_breakout,2713.597716646188,2701.388,2735.5752066093264,1.8,2.047549564371345,0.07803214285714083,0.07670057475941956,1.110873182781847,-3.719817377488553,-4.8306905602704,-0.19322762241081598,TIMEOUT,10072.753126391253,2.601071428571361,100.0,29.035232131775437
XAUUSDm,asym_sellBase_buy_body2.5_wick0.35_atr45_closeOff,momentum,2025-01-23 13:10:00+00:00,2025-01-23 13:15:00+00:00,2025-01-23 14:30:00+00:00,SELL,session_breakout,2740.6604500907943,2746.514,2730.124060254224,1.8,4.27091258941562,0.08819785714285834,0.07345098063418955,2.3435242439212507,-25.0,-27.34352424392125,-1.09374096975685,SL,10045.409602147332,2.9399285714286116,100.0,21.034694030739566
XAUUSDm,asym_sellBase_buy_body2.5_wick0.35_atr45_closeOff,momentum,2025-01-24 13:40:00+00:00,2025-01-24 13:45:00+00:00,2025-01-24 14:15:00+00:00,BUY,session_breakout,2783.989965984538,2777.85,2795.041904756706,1.8,4.071683794821815,0.05255785714285528,0.044687055966147325,2.264605365889156,-25.0,-27.264605365889157,-1.0905842146355662,SL,10018.144996781442,1.7519285714285096,50.0,34.62164324979766
XAUUSDm,asym_sellBase_buy_body2.5_wick0.35_atr45_closeOff,momentum,2025-01-30 13:00:00+00:00,2025-01-30 13:05:00+00:00,2025-01-30 15:10:00+00:00,BUY,session_breakout,2782.0784600846373,2777.714,2789.9344882369846,1.8,5.728085379449001,0.03985714285714169,0.015531513208790131,3.191696590338161,45.00000000000052,41.80830340966236,1.6723321363864943,TP,10059.953300191104,1.3285714285713897,54.0,44.63844601034202
XAUUSDm,asym_sellBase_buy_body2.5_wick0.35_atr45_closeOff,momentum,2025-02-03 12:35:00+00:00,2025-02-03 12:40:00+00:00,2025-02-03 14:45:00+00:00,BUY,session_breakout,2808.063664237018,2800.096,2822.405459863651,1.8,3.137682419378147,0.06067071428571547,0.037328879875170806,1.7666623983542145,44.999999999999424,43.23333760164521,1.7293335040658084,TP,10103.186637792749,2.0223571428571825,47.0,32.5962657261514
XAUUSDm,asym_sellBase_buy_body2.5_wick0.35_atr45_closeOff,momentum,2025-02-11 12:45:00+00:00,2025-02-11 12:50:00+00:00,2025-02-11 13:15:00+00:00,SELL,session_breakout,2896.70702945354,2904.236,2883.1548824699125,1.8,3.320507079384908,0.08019428571428665,0.044873403602606415,1.9192072396409015,45.0000000000003,43.080792760359394,1.7232317104143757,TP,10146.267430553109,2.673142857142888,57.99999999999999,33.99080280425428
XAUUSDm,asym_sellBase_buy_body2.5_wick0.35_atr45_closeOff,momentum,2025-02-12 13:15:00+00:00,2025-02-12 13:20:00+00:00,2025-02-12 14:00:00+00:00,SELL,session_breakout,2874.135672914283,2885.902,2852.9562841599927,1.8,2.124707210489437,0.08443714285714382,0.08010851428802923,1.2238393576331774,-25.0,-26.223839357633178,-1.048953574305327,SL,10120.043591195476,2.814571428571461,97.0,21.687231563201554
XAUUSDm,asym_sellBase_buy_body2.5_wick0.35_atr45_closeOff,momentum,2025-02-13 13:00:00+00:00,2025-02-13 13:05:00+00:00,2025-02-13 18:50:00+00:00,SELL,session_breakout,2913.977348250412,2921.369,2900.672375101153,1.8,3.3821939732743647,0.06448499999999967,0.048409249587880905,1.973627325102112,-25.0,-26.97362732510211,-1.0789450930040845,SL,10093.069963870374,2.149499999999989,60.0,18.43714716473585
XAUUSDm,asym_sellBase_buy_body2.5_wick0.35_atr45_closeOff,momentum,2025-02-14 13:40:00+00:00,2025-02-14 13:45:00+00:00,2025-02-14 16:45:00+00:00,SELL,session_breakout,2917.8264139641774,2933.321,2889.936159099697,1.8,1.613466790413216,0.10798928571428665,0.09459139296546173,0.937063203824337,45.0,44.06293679617566,1.7625174718470265,TP,10137.13290066655,3.5996428571428885,100.0,18.863435153374482
XAUUSDm,asym_sellBase_buy_body2.5_wick0.35_atr45_closeOff,momentum,2025-02-24 13:55:00+00:00,2025-02-24 14:00:00+00:00,2025-02-24 14:20:00+00:00,BUY,session_breakout,2954.474146215458,2946.923,2968.0662094032828,1.8,3.310755650423211,0.07127785714285698,0.04350728688624731,1.953808394722424,-25.0,-26.953808394722422,-1.078152335788897,SL,10110.179092271826,2.375928571428566,88.0,20.21311523242239
XAUUSDm,asym_sellBase_buy_body2.5_wick0.35_atr45_closeOff,momentum,2025-02-28 12:50:00+00:00,2025-02-28 12:55:00+00:00,2025-02-28 14:40:00+00:00,SELL,session_breakout,2855.0368560519237,2864.502,2837.999596945386,1.8,2.6412699201559504,0.06792428571428445,0.03118180521898592,1.5036845937653123,45.000000000000476,43.49631540623516,1.7398526162494066,TP,10153.675407678062,2.264142857142815,71.0,21.169540131150995
XAUUSDm,asym_sellBase_buy_body2.5_wick0.35_atr45_closeOff,momentum,2025-03-03 13:05:00+00:00,2025-03-03 13:10:00+00:00,2025-03-03 14:30:00+00:00,SELL,session_breakout,2871.046025089197,2877.716,2859.040070249752,1.8,3.7481400356557772,0.057207857142854465,0.03937098223129791,2.15471651016944,-25.0,-27.15471651016944,-1.0861886604067776,SL,10126.520691167892,1.9069285714284823,70.0,19.71262015212677
XAUUSDm,asym_sellBase_buy_body2.5_wick0.35_atr45_closeOff,momentum,2025-03-05 13:30:00+00:00,2025-03-05 13:35:00+00:00,2025-03-05 15:05:00+00:00,SELL,session_breakout,2908.6978719114,2917.269,2893.26984135192,1.8,2.9167689178804417,0.08657571428571535,0.029840231457395987,1.6992999088592315,-25.0,-26.69929990885923,-1.0679719963543692,SL,10099.821391259033,2.8858571428571786,100.0,18.538773727042578
XAUUSDm,asym_sellBase_buy_body2.5_wick0.35_atr45_closeOff,momentum,2025-03-21 13:45:00+00:00,2025-03-21 13:50:00+00:00,2025-03-23 22:05:00+00:00,SELL,session_breakout,3010.647271117855,3036.851,2963.4805591299933,1.8,0.9540626875068364,0.11942571428571715,0.10501602500195266,0.5757322076429435,-12.62962319378646,-13.205355401429403,-0.5282142160571761,TIMEOUT,10086.616035857603,3.9808571428572384,100.0,18.011965333720443
XAUUSDm,asym_sellBase_buy_body2.5_wick0.35_atr45_closeOff,momentum,2025-03-26 13:00:00+00:00,2025-03-26 13:05:00+00:00,2025-03-26 14:00:00+00:00,SELL,session_breakout,3024.786806823958,3029.994,3015.4138591070828,1.8,4.801050999034117,0.06616928571428649,0.04910853318502165,2.899931144153476,44.999999999999126,42.10006885584565,1.6840027542338263,TP,10128.716104713449,2.205642857142883,100.0,19.750277906197685
XAUUSDm,asym_sellBase_buy_body2.5_wick0.35_atr45_closeOff,momentum,2025-04-02 12:25:00+00:00,2025-04-02 12:30:00+00:00,2025-04-02 13:50:00+00:00,BUY,session_breakout,3125.9499882589607,3117.046,3141.9771671250905,1.8,2.807730566675016,0.08566285714285543,0.07115683038933508,1.7528650663864185,-25.0,-26.75286506638642,-1.0701146026554569,SL,10101.963239647062,2.8554285714285146,72.0,23.02494613702874
XAUUSDm,asym_sellBase_buy_body2.5_wick0.35_atr45_closeOff,momentum,2025-04-03 12:20:00+00:00,2025-04-03 12:25:00+00:00,2025-04-03 14:00:00+00:00,SELL,session_breakout,3080.7036956851484,3097.309,3050.814147918415,1.8,1.5055430196265678,0.14053499999999824,0.07703681485179077,0.9301263889153092,-25.0,-25.93012638891531,-1.0372050555566124,SL,10076.033113258147,4.684499999999941,68.0,45.51265925747012
XAUUSDm,asym_sellBase_buy_body2.5_wick0.35_atr45_closeOff,momentum,2025-04-11 13:30:00+00:00,2025-04-11 13:35:00+00:00,2025-04-11 13:50:00+00:00,BUY,session_breakout,3240.6385206539057,3225.711,3267.5080578309367,1.8,1.6747590292871886,0.17203285714285552,0.16850422533456297,1.0829577246242013,-25.0,-26.0829577246242,-1.043318308984968,SL,10049.950155533523,5.734428571428517,74.0,26.486869484803904
XAUUSDm,asym_sellBase_buy_body2.5_wick0.35_atr45_closeOff,momentum,2025-04-21 13:00:00+00:00,2025-04-21 13:05:00+00:00,2025-04-22 01:05:00+00:00,BUY,session_breakout,3421.38500393422,3398.008,3463.4636110158167,1.8,1.0694270348050847,0.13261714285714366,0.12269536279172585,0.7329396255417551,11.55301604963811,10.820076424096355,0.43280305696385424,TIMEOUT,10060.770231957618,4.4205714285714555,100.0,28.364920124046165
XAUUSDm,asym_sellBase_buy_body2.5_wick0.35_atr45_closeOff,momentum,2025-04-23 13:25:00+00:00,2025-04-23 13:30:00+00:00,2025-04-23 14:00:00+00:00,SELL,session_breakout,3299.618724652617,3320.54,3261.9604290273273,1.8,1.1949558325146359,0.2031985714285695,0.1716760616688446,0.7840797280196298,45.00000000000022,44.21592027198059,1.7686368108792236,TP,10104.9861522296,6.773285714285651,78.0,22.560104668224394
XAUUSDm,asym_sellBase_buy_body2.5_wick0.35_atr45_closeOff,momentum,2025-04-25 13:20:00+00:00,2025-04-25 13:25:00+00:00,2025-04-25 19:30:00+00:00,SELL,session_breakout,3270.4388227992904,3298.252,3220.3751038380133,1.8,0.8988545184748691,0.20633142857142858,0.09001148642390396,0.5904297426537548,-25.0,-25.590429742653754,-1.0236171897061501,SL,10079.395722486946,6.877714285714286,89.0,31.5080885248663
XAUUSDm,asym_sellBase_buy_body2.5_wick0.35_atr45_closeOff,momentum,2025-04-30 12:00:00+00:00,2025-04-30 12:05:00+00:00,2025-04-30 12:15:00+00:00,SELL,session_breakout,3267.599403856226,3281.671,3242.270530797434,1.8,1.7766285888656628,0.11945999999999815,0.07486614377366088,1.1635621035702737,-25.0,-26.163562103570275,-1.046542484142811,SL,10053.232160383375,3.9819999999999385,85.0,43.24131785778276
XAUUSDm,asym_sellBase_buy_body2.5_wick0.35_atr45_closeOff,momentum,2025-04-30 12:20:00+00:00,2025-04-30 12:25:00+00:00,2025-05-01 00:20:00+00:00,BUY,session_breakout,3290.162766000042,3266.901,3332.0339448001187,1.8,1.074724937047104,0.15381214285714284,0.05085992861380509,0.7047039943128242,-25.0,-25.704703994312823,-1.0281881597725129,SL,10027.527456389062,5.127071428571428,97.0,44.343344543550394
XAUUSDm,asym_sellBase_buy_body2.5_wick0.35_atr45_closeOff,momentum,2025-05-02 13:00:00+00:00,2025-05-02 13:05:00+00:00,2025-05-02 14:55:00+00:00,SELL,session_breakout,3244.0387209740907,3263.926,3208.241618727454,1.8,1.2570849922420182,0.15889714285714296,0.0648304544808321,0.8181064780777042,-25.0,-25.818106478077706,-1.0327242591231083,SL,10001.709349910983,5.296571428571432,100.0,20.422343309001352
XAUUSDm,asym_sellBase_buy_body2.5_wick0.35_atr45_closeOff,momentum,2025-05-09 13:25:00+00:00,2025-05-09 13:30:00+00:00,2025-05-09 14:00:00+00:00,BUY,session_breakout,3339.9442205312184,3328.669,3360.239617487412,1.8,2.2172515323119923,0.10501285714285587,0.08171410264675574,1.4785992881618855,-25.0,-26.478599288161885,-1.0591439715264754,SL,9975.23075062282,3.500428571428529,49.0,23.16619450277093
XAUUSDm,asym_sellBase_buy_body2.5_wick0.35_atr45_closeOff,momentum,2025-05-14 12:50:00+00:00,2025-05-14 12:55:00+00:00,2025-05-15 00:55:00+00:00,SELL,session_breakout,3186.1610118226145,3221.493,3122.5634331033207,1.8,0.707574107476959,0.21265500000000104,0.17466067738520466,0.45100695861083306,-1.1795176717882017,-1.6305246303990346,-0.06522098521596137,TIMEOUT,9973.600225992423,7.088500000000034,100.0,20.548243138493692
XAUUSDm,asym_sellBase_buy_body2.5_wick0.35_atr45_closeOff,momentum,2025-05-15 12:50:00+00:00,2025-05-15 12:55:00+00:00,2025-05-15 15:05:00+00:00,BUY,session_breakout,3188.6943420025646,3177.747,3208.399557607181,1.8,2.2836593571428643,0.1302021428571457,0.12724093113579818,1.460878334236533,45.00000000000021,43.53912166576368,1.741564866630547,TP,10017.139347658187,4.340071428571524,65.0,28.573355861432
XAUUSDm,asym_sellBase_buy_body2.5_wick0.35_atr45_closeOff,momentum,2025-05-28 13:35:00+00:00,2025-05-28 13:40:00+00:00,2025-05-28 20:50:00+00:00,SELL,session_breakout,3303.6989841904156,3316.438,3280.7687557331633,1.8,1.9624749960032684,0.11382000000000095,0.06010580958429962,1.2921853301590174,45.00000000000018,43.70781466984116,1.7483125867936464,TP,10060.847162328027,3.7940000000000316,98.0,19.47008735358178
XAUUSDm,asym_sellBase_buy_body2.5_wick0.35_atr45_closeOff,momentum,2025-05-29 12:15:00+00:00,2025-05-29 12:20:00+00:00,2025-05-29 16:05:00+00:00,BUY,session_breakout,3308.829474097507,3298.541,3327.3487274730196,1.8,2.429903575891594,0.10334357142857113,0.05780231179298669,1.612527314225007,45.00000000000045,43.38747268577544,1.7354989074310174,TP,10104.234635013803,3.4447857142857043,100.0,33.53063891306181
XAUUSDm,asym_sellBase_buy_body2.5_wick0.35_atr45_closeOff,momentum,2025-05-30 12:10:00+00:00,2025-05-30 12:15:00+00:00,2025-05-30 13:40:00+00:00,BUY,session_breakout,3303.0076264638396,3288.365,3329.3643540987514,1.8,1.707343970136628,0.14142642857142912,0.08891324955401698,1.1253740308716664,-25.0,-26.125374030871665,-1.0450149612348667,SL,10078.109260982932,4.714214285714304,100.0,26.073140583746437
XAUUSDm,asym_sellBase_buy_body2.5_wick0.35_atr45_closeOff,momentum,2025-06-03 13:45:00+00:00,2025-06-03 13:50:00+00:00,2025-06-04 01:20:00+00:00,SELL,session_breakout,3343.830252312738,3363.095,3309.153706475667,1.8,1.2977071076062228,0.12839785714285493,0.05554875869031315,0.87036245701099,-25.0,-25.87036245701099,-1.0348144982804397,SL,10052.23889852592,4.279928571428497,100.0,26.21077909916798
XAUUSDm,asym_sellBase_buy_body2.5_wick0.35_atr45_closeOff,momentum,2025-06-11 12:15:00+00:00,2025-06-11 12:20:00+00:00,2025-06-11 12:35:00+00:00,BUY,session_breakout,3338.0852035603198,3327.196,3357.6857699688953,1.8,2.295852020904425,0.09899999999999863,0.03870356031974765,1.5372499321090236,44.99999999999958,43.46275006789056,1.7385100027156224,TP,10095.701648593811,3.2999999999999545,97.0,30.652943272538636
XAUUSDm,asym_sellBase_buy_body2.5_wick0.35_atr45_closeOff,momentum,2025-06-16 13:50:00+00:00,2025-06-16 13:55:00+00:00,2025-06-17 01:55:00+00:00,SELL,session_breakout,3389.734022076832,3417.401,3339.9334618151297,1.8,0.9036042920707065,0.17297357142857242,0.10949113745339746,0.6129530157679869,-3.5737350264194183,-4.186688042187405,-0.1674675216874962,TIMEOUT,10091.514960551624,5.765785714285747,100.0,35.415918947083775
XAUUSDm,asym_sellBase_buy_body2.5_wick0.35_atr45_closeOff,momentum,2025-06-20 13:50:00+00:00,2025-06-20 13:55:00+00:00,2025-06-22 22:05:00+00:00,BUY,session_breakout,3372.0505931737503,3348.68,3414.117660886501,1.8,1.0697203881020747,0.11116928571428453,0.0510085308934014,0.7224085566598839,9.783028139527143,9.06061958286726,0.36242478331469036,TIMEOUT,10100.575580134491,3.7056428571428177,98.0,19.55623931036536
XAUUSDm,asym_sellBase_buy_body2.5_wick0.35_atr45_closeOff,momentum,2025-06-24 12:30:00+00:00,2025-06-24 12:35:00+00:00,2025-06-24 19:30:00+00:00,SELL,session_breakout,3307.649648957367,3321.86,3282.0710170806274,1.8,1.7592809582955578,0.12322071428571267,0.09474068549005563,1.1663170088247363,-25.0,-26.166317008824738,-1.0466526803529894,SL,10074.409263125666,4.107357142857089,82.0,38.064296195118644
XAUUSDm,asym_sellBase_buy_body2.5_wick0.35_atr45_closeOff,momentum,2025-06-26 13:05:00+00:00,2025-06-26 13:10:00+00:00,2025-06-27 01:10:00+00:00,SELL,session_breakout,3317.8278165796924,3344.056,3270.6170864231385,1.8,0.9531731420119344,0.15296785714285566,0.09269949173590823,0.6323705982857832,1.2227463098902938,0.5903757116045105,0.02361502846418042,TIMEOUT,10074.999638837271,5.098928571428522,100.0,18.53667304092629
XAUUSDm,asym_sellBase_buy_body2.5_wick0.35_atr45_closeOff,momentum,2025-06-27 12:05:00+00:00,2025-06-27 12:10:00+00:00,2025-06-29 22:05:00+00:00,SELL,session_breakout,3273.9346698227355,3285.344,3253.397875503659,1.8,2.191189106773125,0.1014771428571443,0.08959160583591655,1.4341172023544486,6.447946060407586,5.013828858053138,0.2005531543221255,TIMEOUT,10080.013467695324,3.382571428571477,74.0,43.632735004813654
XAUUSDm,asym_sellBase_buy_body2.5_wick0.35_atr45_closeOff,momentum,2025-07-08 13:45:00+00:00,2025-07-08 13:50:00+00:00,2025-07-08 14:40:00+00:00,SELL,session_breakout,3315.98545441608,3326.914,3296.314072365023,1.8,2.2875871091926046,0.10118357142857348,0.07995379820573935,1.5126211159584813,45.000000000000206,43.487378884041725,1.739495155361669,TP,10123.500846579365,3.372785714285783,100.0,18.147393845146915
XAUUSDm,asym_sellBase_buy_body2.5_wick0.35_atr45_closeOff,momentum,2025-07-14 12:35:00+00:00,2025-07-14 12:40:00+00:00,2025-07-15 00:40:00+00:00,SELL,session_breakout,3351.461890528951,3368.025,3321.648293481062,1.8,1.5093784197766464,0.09729428571428668,0.0504623281922515,1.01104851450707,6.763359465779549,5.752310951272479,0.23009243805089916,TIMEOUT,10129.253157530638,3.2431428571428893,100.0,21.65202251038262
XAUUSDm,asym_sellBase_buy_body2.5_wick0.35_atr45_closeOff,momentum,2025-07-15 12:05:00+00:00,2025-07-15 12:10:00+00:00,2025-07-15 12:30:00+00:00,SELL,session_breakout,3352.709046472632,3359.335,3340.78233012337,1.8,3.773041856804376,0.0592757142857129,0.052315670225004135,2.532482313205586,-25.0,-27.532482313205584,-1.1012992925282235,SL,10101.720675217433,1.9758571428570966,59.0,20.971755145144762
XAUUSDm,asym_sellBase_buy_body2.5_wick0.35_atr45_closeOff,momentum,2025-07-15 12:35:00+00:00,2025-07-15 12:40:00+00:00,2025-07-15 15:35:00+00:00,SELL,session_breakout,3347.9299515106036,3360.387,3325.5072642296896,1.8,2.006895936969335,0.10199142857143151,0.08805277511055777,1.3392894033889147,45.00000000000036,43.660710596611445,1.746428423864458,TP,10145.381385814046,3.3997142857143836,100.0,24.614335357064114
XAUUSDm,asym_sellBase_buy_body2.5_wick0.35_atr45_closeOff,momentum,2025-07-18 12:00:00+00:00,2025-07-18 12:05:00+00:00,2025-07-18 14:15:00+00:00,BUY,session_breakout,3358.2920850212186,3351.982,3369.650238059412,1.8,3.961911751732955,0.058890000000000914,0.033640021218761404,2.658551375479467,-25.0,-27.65855137547947,-1.1063420550191787,SL,10117.722834438566,1.9630000000000305,82.0,31.83987434693921
XAUUSDm,asym_sellBase_buy_body2.5_wick0.35_atr45_closeOff,momentum,2025-07-21 12:15:00+00:00,2025-07-21 12:20:00+00:00,2025-07-21 13:45:00+00:00,BUY,session_breakout,3378.2325536105564,3370.859,3391.5049501095577,1.8,3.3904954544859454,0.06443571428571561,0.032335753413488606,2.295276423442608,44.99999999999938,42.70472357655677,1.708188943062271,TP,10160.427558015122,2.147857142857187,90.0,27.99741884698307
XAUUSDm,asym_sellBase_buy_body2.5_wick0.35_atr45_closeOff,momentum,2025-07-22 12:55:00+00:00,2025-07-22 13:00:00+00:00,2025-07-22 16:50:00+00:00,BUY,session_breakout,3407.619730748189,3393.754,3432.578046094929,1.8,1.8030063077104883,0.08744357142857,0.06800896247463055,1.2332919737635402,45.0,43.76670802623646,1.7506683210494582,TP,10204.194266041359,2.914785714285667,100.0,24.906157185601465
XAUUSDm,asym_sellBase_buy_body2.5_wick0.35_atr45_closeOff,momentum,2025-07-24 12:45:00+00:00,2025-07-24 12:50:00+00:00,2025-07-24 13:40:00+00:00,SELL,session_breakout,3354.2379110360753,3365.506,3333.955350901011,1.8,2.2186548295845814,0.0947721428571445,0.03770289249602692,1.4908792281791772,-25.0,-26.49087922817918,-1.059635169127167,SL,10177.70338681318,3.1590714285714836,92.0,50.569753258342374
XAUUSDm,asym_sellBase_buy_body2.5_wick0.35_atr45_closeOff,momentum,2025-07-28 13:30:00+00:00,2025-07-28 13:35:00+00:00,2025-07-28 13:50:00+00:00,SELL,session_breakout,3324.2726464984235,3330.639,3312.8132101955853,1.8,3.92689472769751,0.08868000000000101,0.039013501576845265,2.606313745792742,45.00000000000072,42.39368625420798,1.6957474501683192,TP,10220.097073067389,2.9560000000000337,99.0,24.688991825086365
XAUUSDm,asym_sellBase_buy_body2.5_wick0.35_atr45_closeOff,momentum,2025-08-01 12:30:00+00:00,2025-08-01 12:35:00+00:00,2025-08-03 22:05:00+00:00,BUY,session_breakout,3328.0858461778894,3296.811,3384.38056929809,1.8,0.799364443163099,0.12649285714285852,0.03859974931796035,0.5348936656728189,28.229678270230515,27.694784604557697,1.107791384182308,TIMEOUT,10247.791857671946,4.216428571428618,100.0,27.262211762494214
XAUUSDm,asym_sellBase_buy_body2.5_wick0.35_atr45_closeOff,momentum,2025-08-04 13:00:00+00:00,2025-08-04 13:05:00+00:00,2025-08-05 01:05:00+00:00,BUY,session_breakout,3372.3779857226373,3361.037,3392.7917600233845,1.8,2.2043939223111884,0.08956285714285676,0.07620429406597588,1.4888505176937827,20.406106011766767,18.917255494072982,0.7566902197629193,TIMEOUT,10266.709113166018,2.985428571428559,100.0,18.452596237814085
XAUUSDm,asym_sellBase_buy_body2.5_wick0.35_atr45_closeOff,momentum,2025-08-05 12:25:00+00:00,2025-08-05 12:30:00+00:00,2025-08-05 14:20:00+00:00,BUY,session_breakout,3360.921918468434,3349.903,3380.755971711615,1.8,2.2688252092632797,0.08291357142857188,0.06346168271974502,1.5295688749973375,44.99999999999959,43.47043112500225,1.73881724500009,TP,10310.17954429102,2.763785714285729,100.0,39.83255098002978
XAUUSDm,asym_sellBase_buy_body2.5_wick0.35_atr45_closeOff,momentum,2025-08-06 12:50:00+00:00,2025-08-06 12:55:00+00:00,2025-08-07 00:55:00+00:00,BUY,session_breakout,3368.589423082529,3360.141,3383.7965846310803,1.8,2.9591321073514636,0.07221857142856997,0.05731379681426738,1.994728885270526,11.086616049150237,9.091887163879711,0.36367548655518844,TIMEOUT,10319.271431454901,2.4072857142856656,95.0,26.669520520968696
XAUUSDm,asym_sellBase_buy_body2.5_wick0.35_atr45_closeOff,momentum,2025-08-08 12:20:00+00:00,2025-08-08 12:25:00+00:00,2025-08-08 14:25:00+00:00,BUY,session_breakout,3391.973464444313,3383.76,3406.7577004440755,1.8,3.043782580359383,0.09986142857142828,0.08453373002695694,2.062385948823373,-25.0,-27.062385948823373,-1.082495437952935,SL,10292.209045506077,3.328714285714276,92.0,24.10039471149036
XAUUSDm,asym_sellBase_buy_body2.5_wick0.35_atr45_closeOff,momentum,2025-08-12 12:30:00+00:00,2025-08-12 12:35:00+00:00,2025-08-12 14:10:00+00:00,BUY,session_breakout,3350.3860867588173,3338.543,3371.703642924688,1.8,2.1109361528055546,0.11245285714285533,0.06986033024590751,1.411990223279183,-25.0,-26.411990223279183,-1.0564796089311672,SL,10265.797055282797,3.7484285714285113,100.0,24.49102958935112
XAUUSDm,asym_sellBase_buy_body2.5_wick0.35_atr45_closeOff,momentum,2025-08-20 12:00:00+00:00,2025-08-20 12:05:00+00:00,2025-08-20 13:40:00+00:00,BUY,session_breakout,3334.5991900698414,3328.646,3345.3149321955557,1.8,4.199429164314744,0.05190642857142652,0.036236855555777554,2.8051826180159236,45.00000000000077,42.19481738198484,1.6877926952793936,TP,10307.991872664783,1.7302142857142175,98.0,33.17162831817436
XAUUSDm,asym_sellBase_buy_body2.5_wick0.35_atr45_closeOff,momentum,2025-08-28 12:05:00+00:00,2025-08-28 12:10:00+00:00,2025-08-28 12:30:00+00:00,BUY,session_breakout,3408.095593394044,3401.401,3420.1458615033234,1.8,3.7343567455853353,0.06637285714285845,0.026406965472866754,2.5429089537581406,-25.0,-27.54290895375814,-1.1017163581503255,SL,10280.448963711025,2.212428571428615,100.0,28.685871396469178
XAUUSDm,asym_sellBase_buy_body2.5_wick0.35_atr45_closeOff,momentum,2025-08-29 13:30:00+00:00,2025-08-29 13:35:00+00:00,2025-08-29 14:10:00+00:00,BUY,session_breakout,3421.0128936288716,3413.653,3434.2607021608405,1.8,3.396788222852671,0.08168142857142845,0.031052914585994875,2.3285912614611375,44.99999999999938,42.67140873853825,1.7068563495415299,TP,10323.120372449564,2.7227142857142814,100.0,20.979330941647344
XAUUSDm,asym_sellBase_buy_body2.5_wick0.35_atr45_closeOff,momentum,2025-09-04 13:35:00+00:00,2025-09-04 13:40:00+00:00,2025-09-04 14:00:00+00:00,BUY,session_breakout,3558.0746295902172,3539.71,3591.1309628526083,1.8,1.3613125098541308,0.13142357142856975,0.10091780450292727,0.966230300851153,-25.000000000000004,-25.966230300851155,-1.038649212034046,SL,10297.154142148713,4.3807857142856585,99.0,19.552379694708875
XAUUSDm,asym_sellBase_buy_body2.5_wick0.35_atr45_closeOff,momentum,2025-09-12 12:20:00+00:00,2025-09-12 12:25:00+00:00,2025-09-12 13:10:00+00:00,SELL,session_breakout,3643.2007473434487,3649.349,3632.133892561656,1.8,4.06619594159985,0.063953571428571,0.040275870837083845,2.9652936186562946,-25.0,-27.965293618656293,-1.1186117447462518,SL,10269.188848530057,2.1317857142857,65.0,21.061426016204223
XAUUSDm,asym_sellBase_buy_body2.5_wick0.35_atr45_closeOff,momentum,2025-09-25 12:50:00+00:00,2025-09-25 12:55:00+00:00,2025-09-25 18:40:00+00:00,SELL,session_breakout,3732.352157012858,3755.926,3689.9192396360017,1.8,1.060497434111007,0.14623071428571327,0.10172762999928778,0.7941299771421636,-24.999999999999996,-25.79412997714216,-1.0317651990856864,SL,10243.394718552914,4.874357142857109,100.0,19.87710691908853
XAUUSDm,asym_sellBase_buy_body2.5_wick0.35_atr45_closeOff,momentum,2025-10-01 12:45:00+00:00,2025-10-01 12:50:00+00:00,2025-10-02 00:50:00+00:00,SELL,session_breakout,3870.8361425991425,3891.122,3834.321599277599,1.8,1.2323856717509705,0.1346742857142866,0.11252025800061001,0.9524210623545686,16.515376124274816,15.562955061920247,0.6225182024768098,TIMEOUT,10258.957673614834,4.489142857142887,96.0,18.3325867553591
XAUUSDm,asym_sellBase_buy_body2.5_wick0.35_atr45_closeOff,momentum,2025-10-09 13:40:00+00:00,2025-10-09 13:45:00+00:00,2025-10-09 16:40:00+00:00,SELL,session_breakout,4031.145245157681,4057.981,3982.8408864415064,1.8,0.9315929492907642,0.18705642857143076,0.13922662803314753,0.746577297591177,45.00000000000017,44.25342270240899,1.7701369080963596,TP,10303.211096317244,6.235214285714359,100.0,19.2834809256265
XAUUSDm,asym_sellBase_buy_body2.5_wick0.35_atr45_closeOff,momentum,2025-10-21 12:10:00+00:00,2025-10-21 12:15:00+00:00,2025-10-21 14:20:00+00:00,SELL,session_breakout,4225.214743878003,4267.064,4149.8860828584075,1.8,0.597382183499773,0.2890564285714325,0.19872790771086982,0.5003136018906551,45.00000000000021,44.49968639810956,1.7799874559243825,TP,10347.710782715352,9.635214285714417,84.0,57.438051634424795
XAUUSDm,asym_sellBase_buy_body2.5_wick0.35_atr45_closeOff,momentum,2025-10-22 13:00:00+00:00,2025-10-22 13:05:00+00:00,2025-10-22 14:45:00+00:00,BUY,session_breakout,4066.6371781315625,4023.09,4145.022098768374,1.8,0.5740900116299475,0.39714642857142374,0.27460491727655206,0.4644231569776652,-25.0,-25.464423156977666,-1.0185769262791067,SL,10322.246359558374,13.238214285714125,64.0,38.975027111375816
XAUUSDm,asym_sellBase_buy_body2.5_wick0.35_atr45_closeOff,momentum,2025-10-24 12:30:00+00:00,2025-10-24 12:35:00+00:00,2025-10-26 22:05:00+00:00,BUY,session_breakout,4089.8918880399774,4058.775,4145.902286511937,1.8,0.8034222435058846,0.19440642857142945,0.09968482569123058,0.6571273995596782,-0.5462371744114721,-1.2033645739711503,-0.04813458295884601,TIMEOUT,10321.042994984404,6.4802142857143155,74.0,42.41032507024094
XAUUSDm,asym_sellBase_buy_body2.5_wick0.35_atr45_closeOff,momentum,2025-11-10 13:00:00+00:00,2025-11-10 13:05:00+00:00,2025-11-10 13:50:00+00:00,BUY,session_breakout,4105.105090559834,4092.184,4128.363053567535,1.8,1.9348212044666229,0.11574214285713975,0.037219488404919024,1.5860288751558087,-25.0,-26.586028875155808,-1.0634411550062324,SL,10294.456966109248,3.8580714285713253,82.0,50.15628024988935
XAUUSDm,asym_sellBase_buy_body2.5_wick0.35_atr45_closeOff,momentum,2025-11-14 12:10:00+00:00,2025-11-14 12:15:00+00:00,2025-11-14 13:20:00+00:00,SELL,session_breakout,4125.709804959305,4157.72,4068.091453886054,1.8,0.7810011769130746,0.2434607142857099,0.1474646835521639,0.6399368426550058,44.99999999999993,44.360063157344925,1.774402526293797,TP,10338.817029266593,8.115357142856997,100.0,35.25045599985121
XAUUSDm,asym_sellBase_buy_body2.5_wick0.35_atr45_closeOff,momentum,2025-11-14 13:25:00+00:00,2025-11-14 13:30:00+00:00,2025-11-16 23:00:00+00:00,SELL,session_breakout,4055.3894422585654,4119.67,3939.684438323983,1.8,0.3889200853010835,0.34366928571428257,0.1547230985774692,0.3163110172041984,-8.665356417354491,-8.98166743455869,-0.35926669738234757,TIMEOUT,10329.835361832034,11.455642857142752,100.0,46.13312162979941
XAUUSDm,asym_sellBase_buy_body2.5_wick0.35_atr45_closeOff,momentum,2025-11-18 13:35:00+00:00,2025-11-18 13:40:00+00:00,2025-11-19 01:40:00+00:00,BUY,session_breakout,4066.206634339964,4029.089,4133.018376151898,1.8,0.6735343036957229,0.20224714285714396,0.11851076853517141,0.5476906582907437,-0.5527253787563288,-1.1004160370470726,-0.044016641481882904,TIMEOUT,10328.734945794988,6.741571428571466,98.0,23.99220544731655
XAUUSDm,asym_sellBase_buy_body2.5_wick0.35_atr45_closeOff,momentum,2025-11-19 13:10:00+00:00,2025-11-19 13:15:00+00:00,2025-11-19 14:55:00+00:00,SELL,session_breakout,4102.923883669399,4120.01,4072.168874274318,1.8,1.4631762722594608,0.13318928571428126,0.11952168774275601,1.2031601746943403,-25.0,-26.20316017469434,-1.0481264069877736,SL,10302.531785620293,4.439642857142709,70.0,38.20990375075074
XAUUSDm,asym_sellBase_buy_body2.5_wick0.35_atr45_closeOff,momentum,2025-12-03 13:50:00+00:00,2025-12-03 13:55:00+00:00,2025-12-03 14:50:00+00:00,BUY,session_breakout,4236.169232649616,4211.353,4280.838451418925,1.8,1.0074051268368904,0.14135571428571309,0.06555479247260333,0.8510077206239838,-25.0,-25.851007720623983,-1.0340403088249592,SL,10276.680777899668,4.711857142857103,100.0,27.83795219721161
XAUUSDm,asym_sellBase_buy_body2.5_wick0.35_atr45_closeOff,momentum,2025-12-16 13:20:00+00:00,2025-12-16 13:25:00+00:00,2025-12-16 14:15:00+00:00,BUY,session_breakout,4300.987605926807,4289.067,4322.44469659506,1.8,2.0972088292743356,0.10657071428571661,0.03632056966434856,1.8085138363498372,45.0,43.19148616365016,1.7276594465460064,TP,10319.872264063319,3.5523571428572205,63.0,29.460394202997385
XAUUSDm,asym_sellBase_buy_body2.5_wick0.35_atr45_closeOff,momentum,2025-12-23 13:50:00+00:00,2025-12-23 13:55:00+00:00,2025-12-23 14:55:00+00:00,SELL,session_breakout,4478.898827754963,4497.359,4445.6705177138965,1.8,1.354266887012454,0.16868357142857154,0.0838304593226908,1.2086248745414887,45.00000000000025,43.79137512545876,1.7516550050183504,TP,10363.663639188777,5.622785714285718,100.0,24.530324010148064
XAUUSDm,asym_sellBase_buy_body2.5_wick0.35_atr45_closeOff,momentum,2025-12-29 13:40:00+00:00,2025-12-29 13:45:00+00:00,2025-12-29 14:40:00+00:00,SELL,session_breakout,4429.277560836045,4467.761,4360.007370340926,1.8,0.6496300887633717,0.21624642857142654,0.10931594966896484,0.5709783950007061,44.999999999999886,44.42902160499918,1.7771608641999672,TP,10408.092660793776,7.208214285714218,73.0,42.45223459079032
XAUUSDm,asym_sellBase_buy_body2.5_wick0.35_atr45_closeOff,momentum,2026-01-07 12:15:00+00:00,2026-01-07 12:20:00+00:00,2026-01-07 16:20:00+00:00,SELL,session_breakout,4442.029381676528,4455.798,4417.245868694278,1.8,1.8157232202000695,0.13742785714285674,0.10490439490132678,1.6155991786242059,-25.0,-26.615599178624205,-1.0646239671449682,SL,10381.477061615153,4.580928571428558,75.0,24.219487564866068
XAUUSDm,asym_sellBase_buy_body2.5_wick0.35_atr45_closeOff,momentum,2026-01-30 13:20:00+00:00,2026-01-30 13:25:00+00:00,2026-01-30 17:43:00+00:00,SELL,session_breakout,5025.254524977008,5117.524,4859.169469935622,1.8,0.2709455103518298,0.8836500000000017,0.6096500229914605,0.2678140303835475,45.0000000000001,44.73218596961655,1.789287438784662,TP,10426.20924758477,29.45500000000006,71.0,48.48365673984146
XAUUSDm,asym_sellBase_buy_body2.5_wick0.35_atr45_closeOff,momentum,2026-02-04 12:30:00+00:00,2026-02-04 12:35:00+00:00,2026-02-04 12:59:00+00:00,BUY,session_breakout,5062.935173878762,5037.48,5108.754486860534,1.8,0.9821186105060546,0.28187571428571706,0.23923602161913038,0.991980571610408,-25.0,-25.99198057161041,-1.0396792228644163,SL,10400.217267013159,9.395857142857235,45.0,27.185615352908528
XAUUSDm,asym_sellBase_buy_body2.5_wick0.35_atr45_closeOff,momentum,2026-02-17 13:55:00+00:00,2026-02-17 14:00:00+00:00,2026-02-18 02:00:00+00:00,SELL,session_breakout,4869.831593710659,4924.239,4771.898262389846,1.8,0.45949626539903593,0.3260078571428546,0.2494023607700368,0.4484115426222123,-8.776565357556334,-9.224976900178547,-0.3689990760071419,TIMEOUT,10390.99229011298,10.866928571428486,88.0,20.56358489368482
XAUUSDm,asym_sellBase_buy_body2.5_wick0.35_atr45_closeOff,momentum,2026-02-18 13:05:00+00:00,2026-02-18 13:10:00+00:00,2026-02-19 01:10:00+00:00,BUY,session_breakout,4955.2246592305855,4917.985,5022.25604584564,1.8,0.6713273031098759,0.21361500000000172,0.12485173058456546,0.6658138704908443,4.9834913387967,4.317677468305856,0.17270709873223425,TIMEOUT,10395.309967581285,7.120500000000058,100.0,18.559749289996407
XAUUSDm,asym_sellBase_buy_body2.5_wick0.35_atr45_closeOff,momentum,2026-02-19 13:35:00+00:00,2026-02-19 13:40:00+00:00,2026-02-19 14:30:00+00:00,BUY,session_breakout,4994.746962088915,4971.705,5036.222493848963,1.8,1.084977047680622,0.19561928571427936,0.17015244605794663,1.0813371625677974,-25.0,-26.0813371625678,-1.0432534865027119,SL,10369.228630418716,6.520642857142645,99.0,31.84451899181582
XAUUSDm,asym_sellBase_buy_body2.5_wick0.35_atr45_closeOff,momentum,2026-02-24 13:35:00+00:00,2026-02-24 13:40:00+00:00,2026-02-24 14:13:00+00:00,SELL,session_breakout,5138.420597025843,5161.12,5097.56167167236,1.8,1.1013505521912599,0.2371114285714267,0.09884725987186867,1.127340472385071,44.9999999999998,43.87265952761473,1.754906381104589,TP,10413.101289946331,7.903714285714224,92.0,28.697801795800675
XAUUSDm,asym_sellBase_buy_body2.5_wick0.35_atr45_closeOff,momentum,2026-02-27 13:20:00+00:00,2026-02-27 13:25:00+00:00,2026-03-01 23:01:00+00:00,BUY,session_breakout,5234.905378244628,5182.863,5328.581659084958,1.8,0.48037773912802856,0.19656642857142806,0.06209503034239164,0.5070150391971251,40.686371670627295,40.17935663143017,1.6071742652572067,TIMEOUT,10453.280646577761,6.552214285714269,100.0,21.011152787242228
XAUUSDm,asym_sellBase_buy_body2.5_wick0.35_atr45_closeOff,momentum,2026-03-06 13:30:00+00:00,2026-03-06 13:35:00+00:00,2026-03-08 22:03:00+00:00,BUY,session_breakout,5123.982465499153,5065.362,5229.499303397627,1.8,0.4264722189959655,0.3191828571428576,0.11587407058023738,0.4394342648834869,23.870304519185527,23.43087025430204,0.9372348101720815,TIMEOUT,10476.711516832063,10.639428571428587,100.0,32.269028977247274
XAUUSDm,asym_sellBase_buy_body2.5_wick0.35_atr45_closeOff,momentum,2026-03-11 12:55:00+00:00,2026-03-11 13:00:00+00:00,2026-03-12 01:00:00+00:00,SELL,session_breakout,5166.879879822946,5196.653,5113.28826350425,1.8,0.8396835753636418,0.24058499999999836,0.19382767705427156,0.8671897518976192,5.190822952199679,4.323633200302059,0.17294532801208237,TIMEOUT,10481.035150032365,8.019499999999946,100.0,33.44240933449603
XAUUSDm,asym_sellBase_buy_body2.5_wick0.35_atr45_closeOff,momentum,2026-03-18 12:05:00+00:00,2026-03-18 12:10:00+00:00,2026-03-18 20:28:00+00:00,SELL,session_breakout,4913.0961082138265,4966.259,4817.402902998714,1.8,0.47025282410431135,0.37023642857142863,0.2307735718881445,0.45757946399669064,45.0,44.54242053600331,1.7816968214401325,TP,10525.577570568368,12.341214285714289,100.0,40.301700145599256
XAUUSDm,asym_sellBase_buy_body2.5_wick0.35_atr45_closeOff,momentum,2026-03-19 12:00:00+00:00,2026-03-19 12:05:00+00:00,2026-03-19 13:02:00+00:00,SELL,session_breakout,4630.103867464203,4695.267,4512.810228899769,1.8,0.38365251987028903,0.40764214285714323,0.16831146436849176,0.3507702032027624,45.00000000000014,44.64922979679738,1.7859691918718952,TP,10570.226800365166,13.58807142857144,45.0,62.785720474995564
XAUUSDm,asym_sellBase_buy_body2.5_wick0.35_atr45_closeOff,momentum,2026-03-20 13:30:00+00:00,2026-03-20 13:35:00+00:00,2026-03-20 14:15:00+00:00,SELL,session_breakout,4644.832808155508,4681.746,4578.389062835423,1.8,0.6772646512206306,0.32604642857143384,0.2121686302052104,0.6246562143587165,45.0,44.375343785641284,1.7750137514256514,TP,10614.602144150807,10.868214285714462,70.0,18.014851889985096
XAUUSDm,asym_sellBase_buy_body2.5_wick0.35_atr45_closeOff,momentum,2026-03-30 13:40:00+00:00,2026-03-30 13:45:00+00:00,2026-03-31 01:24:00+00:00,SELL,session_breakout,4544.290802700876,4578.633,4482.474847562454,1.8,0.7279673977249543,0.28368857142857123,0.11535301340955775,0.6641191100295202,-25.000000000000004,-25.664119110029525,-1.0265647644011808,SL,10588.938025040778,9.456285714285709,89.0,42.69311928505708
XAUUSDm,asym_sellBase_buy_body2.5_wick0.35_atr45_closeOff,momentum,2026-04-09 13:35:00+00:00,2026-04-09 13:40:00+00:00,2026-04-10 01:40:00+00:00,BUY,session_breakout,4770.347548756707,4738.562,4827.561536518779,1.8,0.7865209498616895,0.22024499999999989,0.17342625670629708,0.7506281881277109,2.3253108400949656,1.5746826519672545,0.06298730607869019,TIMEOUT,10590.512707692746,7.341499999999996,85.0,19.548493915416145
XAUUSDm,asym_sellBase_buy_body2.5_wick0.35_atr45_closeOff,momentum,2026-04-17 12:45:00+00:00,2026-04-17 12:50:00+00:00,2026-04-19 22:01:00+00:00,BUY,session_breakout,4836.486759368094,4800.857,4900.620326230663,1.8,0.701660646700503,0.21645000000000436,0.13253436809360195,0.6762144854673274,-25.0,-25.676214485467327,-1.027048579418693,SL,10564.836493207278,7.2150000000001455,100.0,20.33483815266089
XAUUSDm,asym_sellBase_buy_body2.5_wick0.35_atr45_closeOff,momentum,2026-04-20 13:25:00+00:00,2026-04-20 13:30:00+00:00,2026-04-20 14:51:00+00:00,BUY,session_breakout,4824.377513917109,4799.549,4869.068838967906,1.8,1.0069068202576736,0.2057849999999988,0.11662141710858458,0.9690397244521796,-25.0,-25.96903972445218,-1.0387615889780872,SL,10538.867453482826,6.859499999999961,99.0,18.41847392036155
XAUUSDm,asym_sellBase_buy_body2.5_wick0.35_atr45_closeOff,momentum,2026-04-29 12:50:00+00:00,2026-04-29 12:55:00+00:00,2026-04-30 00:45:00+00:00,SELL,session_breakout,4544.9626889622805,4568.888,4501.8971290943855,1.8,1.0449184949188857,0.17339357142857026,0.0886142520049389,0.9523231144825915,-25.0,-25.952323114482592,-1.0380929245793036,SL,10512.915130368343,5.7797857142856754,95.0,20.702548664922677
XAUUSDm,asym_sellBase_buy_body2.5_wick0.35_atr45_closeOff,momentum,2026-05-01 13:50:00+00:00,2026-05-01 13:55:00+00:00,2026-05-03 22:03:00+00:00,BUY,session_breakout,4617.077546169026,4586.483,4672.147729273273,1.8,0.8171391025669108,0.22602857142856853,0.1675318833118398,0.7553193872448308,7.604667331522176,6.849347944277345,0.2739739177710938,TIMEOUT,10519.76447831262,7.534285714285618,100.0,38.294848342025965
XAUUSDm,buy_strict_body2.5_wick0.35_atr45_close20,momentum,2025-01-07 13:15:00+00:00,2025-01-07 13:20:00+00:00,2025-01-07 15:00:00+00:00,BUY,session_breakout,2658.0325826536314,2647.585,2676.838231430168,1.8,2.39289803477272,0.06974571428571283,0.058709796488312295,1.2695801886787463,-25.0,-26.269580188678745,-1.0507832075471497,SL,9973.730419811322,2.3248571428570943,100.0,31.649388544774304
XAUUSDm,buy_strict_body2.5_wick0.35_atr45_close20,momentum,2025-01-15 13:55:00+00:00,2025-01-15 14:00:00+00:00,2025-01-15 14:30:00+00:00,BUY,session_breakout,2693.947934681974,2682.127,2715.2256171095273,1.8,2.1148919838059044,0.10109571428571404,0.06138682483164762,1.136981778369876,-25.0,-26.136981778369876,-1.045479271134795,SL,9947.59343803295,3.3698571428571347,100.0,29.527297783745972
XAUUSDm,buy_strict_body2.5_wick0.35_atr45_close20,momentum,2025-01-24 13:40:00+00:00,2025-01-24 13:45:00+00:00,2025-01-24 14:15:00+00:00,BUY,session_breakout,2783.992634532487,2777.85,2795.049376690964,1.8,4.0699149310902545,0.05255785714285528,0.04735560391535518,2.263622638265813,-25.0,-27.26362263826581,-1.0905449055306324,SL,9920.329815394685,1.7519285714285096,50.0,34.62164324979766
XAUUSDm,buy_strict_body2.5_wick0.35_atr45_close20,momentum,2025-02-03 12:35:00+00:00,2025-02-03 12:40:00+00:00,2025-02-03 14:45:00+00:00,BUY,session_breakout,2808.074153442939,2800.096,2822.434829640229,1.8,3.133557179465659,0.06067071428571547,0.047818085795851874,1.7643521847986148,45.0,43.23564781520138,1.7294259126080553,TP,9963.565463209887,2.0223571428571825,47.0,32.5962657261514
XAUUSDm,buy_strict_body2.5_wick0.35_atr45_close20,momentum,2025-02-24 13:55:00+00:00,2025-02-24 14:00:00+00:00,2025-02-24 14:20:00+00:00,BUY,session_breakout,2954.456721217399,2946.923,2968.017419408717,1.8,3.3184132089017067,0.07127785714285698,0.02608228882703741,1.958321641763249,-25.0,-26.95832164176325,-1.07833286567053,SL,9936.607141568124,2.375928571428566,88.0,20.21311523242239
XAUUSDm,buy_strict_body2.5_wick0.35_atr45_close20,momentum,2025-04-02 12:25:00+00:00,2025-04-02 12:30:00+00:00,2025-04-02 13:50:00+00:00,BUY,session_breakout,3125.9630325044077,3117.046,3142.013691012342,1.8,2.803623289209946,0.08566285714285543,0.08420107583640189,1.750304551827741,-25.0,-26.750304551827742,-1.0700121820731097,SL,9909.856837016296,2.8554285714285146,72.0,23.02494613702874
XAUUSDm,buy_strict_body2.5_wick0.35_atr45_close20,momentum,2025-04-21 13:00:00+00:00,2025-04-21 13:05:00+00:00,2025-04-22 01:05:00+00:00,BUY,session_breakout,3421.3727518351006,3398.008,3463.429305138282,1.8,1.0699878250982549,0.13261714285714366,0.11044326367231197,0.7333226563034799,11.572183861858663,10.838861205555183,0.43355444822220734,TIMEOUT,9920.69569822185,4.4205714285714555,100.0,28.364920124046165
XAUUSDm,buy_strict_body2.5_wick0.35_atr45_close20,momentum,2025-05-09 13:25:00+00:00,2025-05-09 13:30:00+00:00,2025-05-09 14:00:00+00:00,BUY,session_breakout,3339.951793086731,3328.669,3360.2608206428467,1.8,2.2157634025391078,0.10501285714285587,0.08928665815945964,1.4776085898732898,-25.0,-26.47760858987329,-1.0591043435949317,SL,9894.218089631977,3.500428571428529,49.0,23.16619450277093
XAUUSDm,buy_strict_body2.5_wick0.35_atr45_close20,momentum,2025-05-15 12:50:00+00:00,2025-05-15 12:55:00+00:00,2025-05-15 15:05:00+00:00,BUY,session_breakout,3188.617838182938,3177.747,3208.185346912227,1.8,2.2997306720320134,0.1302021428571457,0.05073711150964223,1.4710924487715429,44.999999999999794,43.52890755122825,1.74115630204913,TP,9937.746997183205,4.340071428571524,65.0,28.573355861432
XAUUSDm,buy_strict_body2.5_wick0.35_atr45_close20,momentum,2025-05-29 12:55:00+00:00,2025-05-29 13:00:00+00:00,2025-05-30 01:00:00+00:00,BUY,session_breakout,3316.54287105983,3304.421,3338.362238967524,1.8,2.062387883570719,0.11555142857142948,0.07109534554404998,1.3671500955465494,-8.494709767783213,-9.861859863329762,-0.3944743945331905,TIMEOUT,9927.885137319876,3.8517142857143165,100.0,37.63242241008216
XAUUSDm,buy_strict_body2.5_wick0.35_atr45_close20,momentum,2025-05-30 12:10:00+00:00,2025-05-30 12:15:00+00:00,2025-05-30 13:40:00+00:00,BUY,session_breakout,3302.997849591059,3288.365,3329.3369788549658,1.8,1.7084847243475412,0.14142642857142912,0.07913637677341807,1.1261242741158204,-25.0,-26.12612427411582,-1.0450449709646328,SL,9901.75901304576,4.714214285714304,100.0,26.073140583746437
XAUUSDm,buy_strict_body2.5_wick0.35_atr45_close20,momentum,2025-06-11 12:15:00+00:00,2025-06-11 12:20:00+00:00,2025-06-11 12:35:00+00:00,BUY,session_breakout,3338.1404248137273,3327.196,3357.840389478437,1.8,2.2842680566129756,0.09899999999999863,0.0939248137272068,1.5295415081780932,45.00000000000042,43.47045849182233,1.7388183396728931,TP,9945.229471537581,3.2999999999999545,97.0,30.652943272538636
XAUUSDm,buy_strict_body2.5_wick0.35_atr45_close20,momentum,2025-06-20 13:50:00+00:00,2025-06-20 13:55:00+00:00,2025-06-22 22:05:00+00:00,BUY,session_breakout,3372.0830400464183,3348.68,3414.2085121299715,1.8,1.0682372867120702,0.11116928571428453,0.08345540356128202,0.7214104478148681,9.734803614729755,9.013393166914886,0.36053572667659545,TIMEOUT,9954.242864704496,3.7056428571428177,98.0,19.55623931036536
XAUUSDm,buy_strict_body2.5_wick0.35_atr45_close20,momentum,2025-07-18 12:00:00+00:00,2025-07-18 12:05:00+00:00,2025-07-18 14:15:00+00:00,BUY,session_breakout,3358.310028701984,3351.982,3369.7004803655545,1.8,3.9506774032428913,0.058890000000000914,0.05158370198386422,2.6510199086953827,-25.0,-27.651019908695382,-1.1060407963478154,SL,9926.591844795801,1.9630000000000305,82.0,31.83987434693921
XAUUSDm,buy_strict_body2.5_wick0.35_atr45_close20,momentum,2025-07-21 12:20:00+00:00,2025-07-21 12:25:00+00:00,2025-07-21 14:25:00+00:00,BUY,session_breakout,3380.97316611658,3371.579,3397.882665126424,1.8,2.6612260939134256,0.06679285714285828,0.0407696880090297,1.8040068024981069,44.99999999999951,43.1959931975014,1.7278397279000564,TP,9969.787837993303,2.226428571428609,94.0,27.99741884698307
XAUUSDm,buy_strict_body2.5_wick0.35_atr45_close20,momentum,2025-07-22 12:55:00+00:00,2025-07-22 13:00:00+00:00,2025-07-22 16:50:00+00:00,BUY,session_breakout,3407.5918642529223,3393.754,3432.5000199081824,1.8,1.806637176305609,0.08744357142857,0.04014246720837786,1.2357564287271732,44.99999999999967,43.7642435712725,1.7505697428509002,TP,10013.552081564576,2.914785714285667,100.0,24.906157185601465
XAUUSDm,buy_strict_body2.5_wick0.35_atr45_close20,momentum,2025-08-01 12:30:00+00:00,2025-08-01 12:35:00+00:00,2025-08-03 22:05:00+00:00,BUY,session_breakout,3328.1342999956805,3296.811,3384.516239987905,1.8,0.7981279112816215,0.12649285714285852,0.08705356710917518,0.5340701092252792,28.147337612242932,27.613267503017653,1.104530700120706,TIMEOUT,10041.165349067594,4.216428571428618,100.0,27.262211762494214
XAUUSDm,buy_strict_body2.5_wick0.35_atr45_close20,momentum,2025-08-04 13:00:00+00:00,2025-08-04 13:05:00+00:00,2025-08-05 01:05:00+00:00,BUY,session_breakout,3372.3326512447684,3361.037,3392.664823485352,1.8,2.2132411366346316,0.08956285714285676,0.030869816197052178,1.4948159041234506,20.588340932401053,19.093525028277604,0.7637410011311041,TIMEOUT,10060.258874095873,2.985428571428559,100.0,18.452596237814085
XAUUSDm,buy_strict_body2.5_wick0.35_atr45_close20,momentum,2025-08-05 12:25:00+00:00,2025-08-05 12:30:00+00:00,2025-08-05 14:20:00+00:00,BUY,session_breakout,3360.9313661565498,3349.903,3380.78242523834,1.8,2.266881571133908,0.08291357142857188,0.07290937083543528,1.5282666751572382,45.000000000000206,43.471733324842965,1.7388693329937186,TP,10103.730607420715,2.763785714285729,100.0,39.83255098002978
XAUUSDm,buy_strict_body2.5_wick0.35_atr45_close20,momentum,2025-08-06 12:50:00+00:00,2025-08-06 12:55:00+00:00,2025-08-07 00:55:00+00:00,BUY,session_breakout,3368.585707387512,3360.141,3383.786180685033,1.8,2.9604341338067903,0.07221857142856997,0.05359810179738809,1.9956054715869138,11.102494261772948,9.106888790186034,0.36427555160744135,TIMEOUT,10112.837496210901,2.4072857142856656,95.0,26.669520520968696
XAUUSDm,buy_strict_body2.5_wick0.35_atr45_close20,momentum,2025-08-20 12:00:00+00:00,2025-08-20 12:05:00+00:00,2025-08-20 13:40:00+00:00,BUY,session_breakout,3334.606069881849,3328.646,3345.3341956691775,1.8,4.194581690415388,0.05190642857142652,0.043116667563558884,2.8019555130948843,45.000000000000384,42.1980444869055,1.68792177947622,TP,10155.035540697807,1.7302142857142175,98.0,33.17162831817436
XAUUSDm,buy_strict_body2.5_wick0.35_atr45_close20,momentum,2025-08-28 12:05:00+00:00,2025-08-28 12:10:00+00:00,2025-08-28 12:30:00+00:00,BUY,session_breakout,3408.1055699167196,3401.401,3420.173795766815,1.8,3.728799954439361,0.06637285714285845,0.03638348814813968,2.5391287787659995,-25.0,-27.539128778766,-1.10156515115064,SL,10127.49641191904,2.212428571428615,100.0,28.685871396469178
XAUUSDm,buy_strict_body2.5_wick0.35_atr45_close20,momentum,2025-08-29 13:30:00+00:00,2025-08-29 13:35:00+00:00,2025-08-29 14:10:00+00:00,BUY,session_breakout,3421.061846743798,3413.653,3434.3977708826346,1.8,3.3743443297604903,0.08168142857142845,0.08000602951225583,2.313268128863977,44.99999999999939,42.686731871135414,1.7074692748454166,TP,10170.183143790176,2.7227142857142814,100.0,20.979330941647344
XAUUSDm,buy_strict_body2.5_wick0.35_atr45_close20,momentum,2025-09-04 13:35:00+00:00,2025-09-04 13:40:00+00:00,2025-09-04 14:00:00+00:00,BUY,session_breakout,3558.0953028743806,3539.71,3591.1888480482658,1.8,1.3597817871598283,0.13142357142856975,0.12159108866628743,0.9651466379655033,-25.0,-25.965146637965503,-1.03860586551862,SL,10144.217997152211,4.3807857142856585,99.0,19.552379694708875
XAUUSDm,buy_strict_body2.5_wick0.35_atr45_close20,momentum,2025-10-22 13:00:00+00:00,2025-10-22 13:05:00+00:00,2025-10-22 14:45:00+00:00,BUY,session_breakout,4066.6981097010025,4023.09,4145.192707162807,1.8,0.5732878625423506,0.39714642857142374,0.33553648671667297,0.4637777333831011,-25.0,-25.4637777333831,-1.0185511093353241,SL,10118.754219418828,13.238214285714125,64.0,38.975027111375816
XAUUSDm,buy_strict_body2.5_wick0.35_atr45_close20,momentum,2025-10-24 12:30:00+00:00,2025-10-24 12:35:00+00:00,2025-10-26 22:05:00+00:00,BUY,session_breakout,4089.877012454096,4058.775,4145.860634871469,1.8,0.8038065072765933,0.19440642857142945,0.08480923981011004,0.6574404971805089,-0.5345413380224108,-1.1919818352029197,-0.047679273408116785,TIMEOUT,10117.562237583625,6.4802142857143155,74.0,42.41032507024094
XAUUSDm,buy_strict_body2.5_wick0.35_atr45_close20,momentum,2025-11-10 13:00:00+00:00,2025-11-10 13:05:00+00:00,2025-11-10 13:50:00+00:00,BUY,session_breakout,4105.140407216648,4092.184,4128.461940206614,1.8,1.9295472565787777,0.11574214285713975,0.07253614521860335,1.5817124821231139,-25.0,-26.581712482123113,-1.0632684992849244,SL,10090.980525101502,3.8580714285713253,82.0,50.15628024988935
XAUUSDm,buy_strict_body2.5_wick0.35_atr45_close20,momentum,2025-11-18 13:35:00+00:00,2025-11-18 13:40:00+00:00,2025-11-19 01:40:00+00:00,BUY,session_breakout,4066.1549991448196,4029.089,4132.873797605495,1.8,0.6744725780174737,0.20224714285714396,0.06687557339093855,0.548450142094799,-0.5186688356997387,-1.0671189777945376,-0.0426847591117815,TIMEOUT,10089.913406123707,6.741571428571466,98.0,23.99220544731655
XAUUSDm,buy_strict_body2.5_wick0.35_atr45_close20,momentum,2025-12-03 13:50:00+00:00,2025-12-03 13:55:00+00:00,2025-12-03 14:50:00+00:00,BUY,session_breakout,4236.16135136238,4211.353,4280.816383814663,1.8,1.0077251662079798,0.14135571428571309,0.057673505236305586,0.8512772803770949,-25.0,-25.851277280377094,-1.0340510912150838,SL,10064.06212884333,4.711857142857103,100.0,27.83795219721161
XAUUSDm,buy_strict_body2.5_wick0.35_atr45_close20,momentum,2025-12-16 13:20:00+00:00,2025-12-16 13:25:00+00:00,2025-12-16 14:15:00+00:00,BUY,session_breakout,4301.0342116818165,4289.067,4322.575192709086,1.8,2.089041346029345,0.10657071428571661,0.08292632467312659,1.8015076597780093,44.99999999999962,43.19849234022161,1.7279396936088645,TP,10107.260621183552,3.5523571428572205,63.0,29.460394202997385
XAUUSDm,buy_strict_body2.5_wick0.35_atr45_close20,momentum,2026-02-04 12:30:00+00:00,2026-02-04 12:35:00+00:00,2026-02-04 12:59:00+00:00,BUY,session_breakout,5062.9274518266975,5037.48,5108.732865114754,1.8,0.982416635278645,0.28187571428571706,0.2315139695543557,0.9922808303766937,-25.0,-25.992280830376693,-1.0396912332150676,SL,10081.268340353176,9.395857142857235,45.0,27.185615352908528
XAUUSDm,buy_strict_body2.5_wick0.35_atr45_close20,momentum,2026-02-19 13:35:00+00:00,2026-02-19 13:40:00+00:00,2026-02-19 14:30:00+00:00,BUY,session_breakout,4994.767979922518,4971.705,5036.28134378305,1.8,1.0839882826932838,0.19561928571427936,0.19117027966055938,1.0803539930015227,-25.0,-26.080353993001523,-1.043214159720061,SL,10055.187986360173,6.520642857142645,99.0,31.84451899181582
XAUUSDm,buy_strict_body2.5_wick0.35_atr45_close20,momentum,2026-02-27 13:20:00+00:00,2026-02-27 13:25:00+00:00,2026-03-01 23:01:00+00:00,BUY,session_breakout,5234.947085571748,5182.863,5328.698439600895,1.8,0.4799930674708978,0.19656642857142806,0.10380235746248452,0.5066110391355743,40.63377205290289,40.12716101376732,1.6050864405506928,TIMEOUT,10095.31514737394,6.552214285714269,100.0,21.011152787242228
XAUUSDm,buy_strict_body2.5_wick0.35_atr45_close20,momentum,2026-03-06 13:30:00+00:00,2026-03-06 13:35:00+00:00,2026-03-08 22:03:00+00:00,BUY,session_breakout,5124.0451173569145,5065.362,5229.674728599361,1.8,0.4260169044522367,0.3191828571428576,0.17852592834281608,0.43896778074549725,23.81812911499056,23.37916133424506,0.9351664533698024,TIMEOUT,10118.694308708185,10.639428571428587,100.0,32.269028977247274
XAUUSDm,buy_strict_body2.5_wick0.35_atr45_close20,momentum,2026-04-09 13:35:00+00:00,2026-04-09 13:40:00+00:00,2026-04-10 01:40:00+00:00,BUY,session_breakout,4770.312588123758,4738.562,4827.463646746523,1.8,0.7873869895749395,0.22024499999999989,0.13846562375810814,0.7514519534980222,2.355398791812695,1.6039468383146729,0.06415787353258691,TIMEOUT,10120.2982555465,7.341499999999996,85.0,19.548493915416145
XAUUSDm,buy_strict_body2.5_wick0.35_atr45_close20,momentum,2026-04-17 13:05:00+00:00,2026-04-17 13:10:00+00:00,2026-04-19 22:01:00+00:00,BUY,session_breakout,4862.665861522923,4811.482,4954.796812264183,1.8,0.48843520703891785,0.27648857142857586,0.11961723720846416,0.47251944136680535,-25.0,-25.472519441366806,-1.0189007776546724,SL,10094.825736105133,9.216285714285862,100.0,23.682725240557893
XAUUSDm,buy_strict_body2.5_wick0.35_atr45_close20,momentum,2026-04-20 13:25:00+00:00,2026-04-20 13:30:00+00:00,2026-04-20 14:51:00+00:00,BUY,session_breakout,4824.341343127883,4799.549,4868.967560758073,1.8,1.008375846972013,0.2057849999999988,0.08045062788282155,0.9704498575917356,-25.0,-25.970449857591735,-1.0388179943036695,SL,10068.85528624754,6.859499999999961,99.0,18.41847392036155
XAUUSDm,buy_strict_body2.5_wick0.35_atr45_close20,momentum,2026-05-01 13:50:00+00:00,2026-05-01 13:55:00+00:00,2026-05-03 22:03:00+00:00,BUY,session_breakout,4617.0530888905705,4586.483,4672.079248893597,1.8,0.8177928461212789,0.22602857142856853,0.14307460485603682,0.7559216724866809,7.630752353085017,6.874830680598336,0.27499322722393343,TIMEOUT,10075.73011692814,7.534285714285618,100.0,38.294848342025965
XAUUSDm,asym_sellBase_buy_body2.5_wick0.35_atr45_close20,momentum,2025-01-03 13:15:00+00:00,2025-01-03 13:20:00+00:00,2025-01-03 16:50:00+00:00,SELL,session_breakout,2652.005430036269,2658.656,2640.0344041015533,1.8,3.7590763102016957,0.04961357142857001,0.04176317801689456,1.98931815731512,45.0,43.01068184268488,1.7204272737073953,TP,10043.010681842685,1.653785714285667,73.0,20.836599199556407
XAUUSDm,asym_sellBase_buy_body2.5_wick0.35_atr45_close20,momentum,2025-01-06 13:30:00+00:00,2025-01-06 13:35:00+00:00,2025-01-06 14:15:00+00:00,SELL,session_breakout,2638.225875719044,2648.848,2619.106052013323,1.8,2.353578186316398,0.09765428571428304,0.05929713809885488,1.2373541743335637,45.00000000000021,43.76264582566665,1.750505833026666,TP,10086.773327668352,3.255142857142768,99.0,33.51748168707531
XAUUSDm,asym_sellBase_buy_body2.5_wick0.35_atr45_close20,momentum,2025-01-07 13:15:00+00:00,2025-01-07 13:20:00+00:00,2025-01-07 15:00:00+00:00,BUY,session_breakout,2658.0367150390744,2647.585,2676.8498021094083,1.8,2.3919519338726816,0.06974571428571283,0.06284218193162648,1.2690792121684609,-25.0,-26.26907921216846,-1.0507631684867385,SL,10060.504248456184,2.3248571428570943,100.0,31.649388544774304
XAUUSDm,asym_sellBase_buy_body2.5_wick0.35_atr45_close20,momentum,2025-01-13 12:00:00+00:00,2025-01-13 12:05:00+00:00,2025-01-13 17:35:00+00:00,SELL,session_breakout,2673.064954967965,2680.55,2659.591873910302,1.8,3.3399932656387783,0.06136285714285707,0.048363603463073,1.7811037896416055,44.999999999999694,43.21889621035809,1.7287558484143235,TP,10103.723144666541,2.045428571428569,66.0,19.272499199964653
XAUUSDm,asym_sellBase_buy_body2.5_wick0.35_atr45_close20,momentum,2025-01-15 13:55:00+00:00,2025-01-15 14:00:00+00:00,2025-01-15 14:30:00+00:00,BUY,session_breakout,2693.9235412198063,2682.127,2715.157315415458,1.8,2.119265260398956,0.10109571428571404,0.03699336266367949,1.1393277150156143,-25.0,-26.139327715015614,-1.0455731086006246,SL,10077.583816951525,3.3698571428571347,100.0,29.527297783745972
XAUUSDm,asym_sellBase_buy_body2.5_wick0.35_atr45_close20,momentum,2025-01-23 13:10:00+00:00,2025-01-23 13:15:00+00:00,2025-01-23 14:30:00+00:00,SELL,session_breakout,2740.6472082537293,2746.514,2730.086983110442,1.8,4.261272784378476,0.08819785714285834,0.08669281769938418,2.338229072022893,-25.0,-27.338229072022894,-1.0935291628809158,SL,10050.2455878795,2.9399285714286116,100.0,21.034694030739566
XAUUSDm,asym_sellBase_buy_body2.5_wick0.35_atr45_close20,momentum,2025-01-24 13:40:00+00:00,2025-01-24 13:45:00+00:00,2025-01-24 14:15:00+00:00,BUY,session_breakout,2783.9890489959203,2777.85,2795.039337188577,1.8,4.0722919814801175,0.05255785714285528,0.04377006734893167,2.264943256150909,-25.0,-27.264943256150907,-1.0905977302460363,SL,10022.98064462335,1.7519285714285096,50.0,34.62164324979766
XAUUSDm,asym_sellBase_buy_body2.5_wick0.35_atr45_close20,momentum,2025-02-03 12:35:00+00:00,2025-02-03 12:40:00+00:00,2025-02-03 14:45:00+00:00,BUY,session_breakout,2808.077920329442,2800.096,2822.4453769224374,1.8,3.1320783681322513,0.06067071428571547,0.05158497229867488,1.763524022058729,45.000000000000284,43.23647597794155,1.729459039117662,TP,10066.217120601292,2.0223571428571825,47.0,32.5962657261514
XAUUSDm,asym_sellBase_buy_body2.5_wick0.35_atr45_close20,momentum,2025-02-11 12:45:00+00:00,2025-02-11 12:50:00+00:00,2025-02-11 13:15:00+00:00,SELL,session_breakout,2896.7206527845447,2904.236,2883.1930277967253,1.8,3.326526277932681,0.08019428571428665,0.03125007259816052,1.9227034742636195,44.999999999999694,43.077296525736074,1.723091861029443,TP,10109.294417127028,2.673142857142888,57.99999999999999,33.99080280425428
XAUUSDm,asym_sellBase_buy_body2.5_wick0.35_atr45_close20,momentum,2025-02-12 13:15:00+00:00,2025-02-12 13:20:00+00:00,2025-02-12 14:00:00+00:00,SELL,session_breakout,2874.1638297744685,2885.902,2853.0351233685114,1.8,2.1298038382185625,0.08443714285714382,0.05195165410239884,1.2267810312645253,-25.0,-26.226781031264526,-1.049071241250581,SL,10083.067636095764,2.814571428571461,97.0,21.687231563201554
XAUUSDm,asym_sellBase_buy_body2.5_wick0.35_atr45_close20,momentum,2025-02-13 13:00:00+00:00,2025-02-13 13:05:00+00:00,2025-02-13 18:50:00+00:00,SELL,session_breakout,2913.989674362585,2921.369,2900.7068882152375,1.8,3.3878434464584855,0.06448499999999967,0.036083137414846415,1.976928164267396,-25.0,-26.976928164267395,-1.0790771265706958,SL,10056.090707931497,2.149499999999989,60.0,18.43714716473585
XAUUSDm,asym_sellBase_buy_body2.5_wick0.35_atr45_close20,momentum,2025-02-14 13:40:00+00:00,2025-02-14 13:45:00+00:00,2025-02-14 16:45:00+00:00,SELL,session_breakout,2917.818552089009,2933.321,2889.914145849225,1.8,1.6126485406395195,0.10798928571428665,0.10245326813382452,0.9365831659754513,44.99999999999971,44.06341683402426,1.7625366733609704,TP,10100.15412476552,3.5996428571428885,100.0,18.863435153374482
XAUUSDm,asym_sellBase_buy_body2.5_wick0.35_atr45_close20,momentum,2025-02-24 13:55:00+00:00,2025-02-24 14:00:00+00:00,2025-02-24 14:20:00+00:00,BUY,session_breakout,2954.484147613948,2946.923,2968.094213319055,1.8,3.306376396339811,0.07127785714285698,0.05350868537672173,1.951227329806181,-25.0,-26.95122732980618,-1.0780490931922473,SL,10073.202897435714,2.375928571428566,88.0,20.21311523242239
XAUUSDm,asym_sellBase_buy_body2.5_wick0.35_atr45_close20,momentum,2025-02-28 12:50:00+00:00,2025-02-28 12:55:00+00:00,2025-02-28 14:40:00+00:00,SELL,session_breakout,2855.008540725002,2864.502,2837.920314030006,1.8,2.6333920308522925,0.06792428571428445,0.05949713214047275,1.4991713478320907,45.000000000000234,43.500828652168146,1.7400331460867258,TP,10116.703726087882,2.264142857142815,71.0,21.169540131150995
XAUUSDm,asym_sellBase_buy_body2.5_wick0.35_atr45_close20,momentum,2025-03-03 13:05:00+00:00,2025-03-03 13:10:00+00:00,2025-03-03 14:30:00+00:00,SELL,session_breakout,2871.0504769709864,2877.716,2859.0525355187624,1.8,3.750643406553525,0.057207857142854465,0.03491910044199539,2.1561573082667165,-25.0,-27.156157308266717,-1.0862462923306686,SL,10089.547568779615,1.9069285714284823,70.0,19.71262015212677
XAUUSDm,asym_sellBase_buy_body2.5_wick0.35_atr45_close20,momentum,2025-03-05 13:30:00+00:00,2025-03-05 13:35:00+00:00,2025-03-05 15:05:00+00:00,SELL,session_breakout,2908.6879680803154,2917.269,2893.2421106248835,1.8,2.9134025177847716,0.08657571428571535,0.039744062542037606,1.6973357699310925,-25.0,-26.697335769931094,-1.0678934307972439,SL,10062.850233009684,2.8858571428571786,100.0,18.538773727042578
XAUUSDm,asym_sellBase_buy_body2.5_wick0.35_atr45_close20,momentum,2025-03-21 13:45:00+00:00,2025-03-21 13:50:00+00:00,2025-03-23 22:05:00+00:00,SELL,session_breakout,3010.6700972495464,3036.851,2963.54447229873,1.8,0.9548944984170482,0.11942571428571715,0.082189893310666,0.5762363462758147,-12.618837933524654,-13.195074279800469,-0.5278029711920188,TIMEOUT,10049.655158729884,3.9808571428572384,100.0,18.011965333720443
XAUUSDm,asym_sellBase_buy_body2.5_wick0.35_atr45_close20,momentum,2025-03-26 13:00:00+00:00,2025-03-26 13:05:00+00:00,2025-03-26 14:00:00+00:00,SELL,session_breakout,3024.813108651852,3029.994,3015.487504225185,1.8,4.825424491663162,0.06616928571428649,0.022806705291147224,2.914701451438486,45.00000000000044,42.08529854856195,1.683411941942478,TP,10091.740457278445,2.205642857142883,100.0,19.750277906197685
XAUUSDm,asym_sellBase_buy_body2.5_wick0.35_atr45_close20,momentum,2025-04-02 12:25:00+00:00,2025-04-02 12:30:00+00:00,2025-04-02 13:50:00+00:00,BUY,session_breakout,3125.9541583613113,3117.046,3141.988843411672,1.8,2.8064162070328713,0.08566285714285543,0.07532693274021882,1.7520456824933965,-25.0,-26.752045682493396,-1.0700818272997359,SL,10064.988411595952,2.8554285714285146,72.0,23.02494613702874
XAUUSDm,asym_sellBase_buy_body2.5_wick0.35_atr45_close20,momentum,2025-04-03 12:20:00+00:00,2025-04-03 12:25:00+00:00,2025-04-03 14:00:00+00:00,SELL,session_breakout,3080.676432330569,3097.309,3050.737810525592,1.8,1.5030752014282731,0.14053499999999824,0.10430016943143226,0.9285976698121208,-25.0,-25.92859766981212,-1.0371439067924848,SL,10039.05981392614,4.684499999999941,68.0,45.51265925747012
XAUUSDm,asym_sellBase_buy_body2.5_wick0.35_atr45_close20,momentum,2025-04-21 13:00:00+00:00,2025-04-21 13:05:00+00:00,2025-04-22 01:05:00+00:00,BUY,session_breakout,3421.3724685153734,3398.008,3463.4285118430457,1.8,1.0700007998705499,0.13261714285714366,0.11015994394474894,0.7333315183272631,11.572627339575703,10.83929582124844,0.43357183284993756,TIMEOUT,10049.899109747388,4.4205714285714555,100.0,28.364920124046165
XAUUSDm,asym_sellBase_buy_body2.5_wick0.35_atr45_close20,momentum,2025-04-23 13:25:00+00:00,2025-04-23 13:30:00+00:00,2025-04-23 14:00:00+00:00,SELL,session_breakout,3299.6790137236762,3320.54,3262.1292384262933,1.8,1.1984093018830018,0.2031985714285695,0.11138699060939472,0.7863732046549166,45.00000000000022,44.213626795345306,1.7685450718138123,TP,10094.112736542733,6.773285714285651,78.0,22.560104668224394
XAUUSDm,asym_sellBase_buy_body2.5_wick0.35_atr45_close20,momentum,2025-04-25 13:20:00+00:00,2025-04-25 13:25:00+00:00,2025-04-25 19:30:00+00:00,SELL,session_breakout,3270.3267350000833,3298.252,3220.0612580002335,1.8,0.89524665209353,0.20633142857142858,0.20209928563083324,0.588049812152158,-25.0,-25.588049812152157,-1.0235219924860863,SL,10068.524686730581,6.877714285714286,89.0,31.5080885248663
XAUUSDm,asym_sellBase_buy_body2.5_wick0.35_atr45_close20,momentum,2025-04-30 12:00:00+00:00,2025-04-30 12:05:00+00:00,2025-04-30 12:15:00+00:00,SELL,session_breakout,3267.5637474255927,3281.671,3242.17069279166,1.8,1.7721381160605418,0.11945999999999815,0.1105225744072031,1.160614852694103,-25.0,-26.160614852694103,-1.0464245941077641,SL,10042.364071877888,3.9819999999999385,85.0,43.24131785778276
XAUUSDm,asym_sellBase_buy_body2.5_wick0.35_atr45_close20,momentum,2025-05-02 13:00:00+00:00,2025-05-02 13:05:00+00:00,2025-05-02 14:55:00+00:00,SELL,session_breakout,3243.9693042461017,3263.926,3208.047251889085,1.8,1.2527123882778377,0.15889714285714296,0.13424718246966333,0.815252106924426,-25.0,-25.815252106924426,-1.032610084276977,SL,10016.548819770964,5.296571428571432,100.0,20.422343309001352
XAUUSDm,asym_sellBase_buy_body2.5_wick0.35_atr45_close20,momentum,2025-05-09 13:25:00+00:00,2025-05-09 13:30:00+00:00,2025-05-09 14:00:00+00:00,BUY,session_breakout,3339.9083179824897,3328.669,3360.1390903509714,1.8,2.224334255774985,0.10501285714285587,0.04581155391834687,1.483314496567253,-25.0,-26.483314496567253,-1.05933257986269,SL,9990.065505274397,3.500428571428529,49.0,23.16619450277093
XAUUSDm,asym_sellBase_buy_body2.5_wick0.35_atr45_close20,momentum,2025-05-14 12:50:00+00:00,2025-05-14 12:55:00+00:00,2025-05-15 00:55:00+00:00,SELL,session_breakout,3186.2024006114666,3221.493,3122.6793217121067,1.8,0.7084039498666896,0.21265500000000104,0.13327188853330135,0.4515388312363522,-1.1515810277379175,-1.6031198589742697,-0.06412479435897078,TIMEOUT,9988.462385415423,7.088500000000034,100.0,20.548243138493692
XAUUSDm,asym_sellBase_buy_body2.5_wick0.35_atr45_close20,momentum,2025-05-15 12:50:00+00:00,2025-05-15 12:55:00+00:00,2025-05-15 15:05:00+00:00,BUY,session_breakout,3188.6101540552054,3177.747,3208.1638313545754,1.8,2.301357402551075,0.1302021428571457,0.043052983776640505,1.472126316376894,45.00000000000021,43.52787368362332,1.7411149473449328,TP,10031.990259099046,4.340071428571524,65.0,28.573355861432
XAUUSDm,asym_sellBase_buy_body2.5_wick0.35_atr45_close20,momentum,2025-05-28 13:35:00+00:00,2025-05-28 13:40:00+00:00,2025-05-28 20:50:00+00:00,SELL,session_breakout,3303.712651139009,3316.438,3280.8070231892243,1.8,1.9645826824155554,0.11382000000000095,0.04643886099099019,1.293583332420976,45.000000000000355,43.706416667579376,1.748256666703175,TP,10075.696675766625,3.7940000000000316,98.0,19.47008735358178
XAUUSDm,asym_sellBase_buy_body2.5_wick0.35_atr45_close20,momentum,2025-05-29 12:55:00+00:00,2025-05-29 13:00:00+00:00,2025-05-30 01:00:00+00:00,BUY,session_breakout,3316.561690240489,3304.421,3338.4149326733695,1.8,2.059190993657425,0.11555142857142948,0.08991452620339847,1.3650347630427164,-8.520294477759306,-9.885329240802022,-0.3954131696320809,TIMEOUT,10065.811346525823,3.8517142857143165,100.0,37.63242241008216
XAUUSDm,asym_sellBase_buy_body2.5_wick0.35_atr45_close20,momentum,2025-05-30 12:10:00+00:00,2025-05-30 12:15:00+00:00,2025-05-30 13:40:00+00:00,BUY,session_breakout,3303.0348714791485,3288.365,3329.4406401416163,1.8,1.7041730757855806,0.14142642857142912,0.11615826486306906,1.1232886192711302,-25.0,-26.12328861927113,-1.0449315447708452,SL,10039.688057906551,4.714214285714304,100.0,26.073140583746437
XAUUSDm,asym_sellBase_buy_body2.5_wick0.35_atr45_close20,momentum,2025-06-03 13:45:00+00:00,2025-06-03 13:50:00+00:00,2025-06-04 01:20:00+00:00,SELL,session_breakout,3343.760323390799,3363.095,3308.9579054942374,1.8,1.2930136099666207,0.12839785714285493,0.12547768062944312,0.8672055213221384,-24.999999999999996,-25.867205521322134,-1.0346882208528856,SL,10013.820852385228,4.279928571428497,100.0,26.21077909916798
XAUUSDm,asym_sellBase_buy_body2.5_wick0.35_atr45_close20,momentum,2025-06-11 12:15:00+00:00,2025-06-11 12:20:00+00:00,2025-06-11 12:35:00+00:00,BUY,session_breakout,3338.098779697319,3327.196,3357.7237831524935,1.8,2.2929932268692155,0.09899999999999863,0.05227969731897321,1.5353475784932693,45.0,43.46465242150673,1.738586096860269,TP,10057.285504806734,3.2999999999999545,97.0,30.652943272538636
XAUUSDm,asym_sellBase_buy_body2.5_wick0.35_atr45_close20,momentum,2025-06-16 13:50:00+00:00,2025-06-16 13:55:00+00:00,2025-06-17 01:55:00+00:00,SELL,session_breakout,3389.7467653259605,3417.401,3339.9691429126897,1.8,0.9040206787378199,0.17297357142857242,0.09674788832483296,0.6132366204744378,-3.563861665768826,-4.177098286243264,-0.16708393144973055,TIMEOUT,10053.10840652049,5.765785714285747,100.0,35.415918947083775
XAUUSDm,asym_sellBase_buy_body2.5_wick0.35_atr45_close20,momentum,2025-06-20 13:50:00+00:00,2025-06-20 13:55:00+00:00,2025-06-22 22:05:00+00:00,BUY,session_breakout,3372.069475557471,3348.68,3414.170531560919,1.8,1.068856800083937,0.11116928571428453,0.06989091461405143,0.7218273726321685,9.754947711529372,9.033120338897204,0.3613248135558881,TIMEOUT,10062.141526859388,3.7056428571428177,98.0,19.55623931036536
XAUUSDm,asym_sellBase_buy_body2.5_wick0.35_atr45_close20,momentum,2025-06-24 12:30:00+00:00,2025-06-24 12:35:00+00:00,2025-06-24 19:30:00+00:00,SELL,session_breakout,3307.6910806712294,3321.86,3282.187025879442,1.8,1.7644253185376144,0.12322071428571267,0.0533089716278491,1.1697347777274723,-25.0,-26.169734777727474,-1.0467893911090989,SL,10035.97179208166,4.107357142857089,82.0,38.064296195118644
XAUUSDm,asym_sellBase_buy_body2.5_wick0.35_atr45_close20,momentum,2025-06-26 13:05:00+00:00,2025-06-26 13:10:00+00:00,2025-06-27 01:10:00+00:00,SELL,session_breakout,3317.8607140442978,3344.056,3270.7091993240338,1.8,0.9543701886773226,0.15296785714285566,0.059802027130415526,0.6331679033074363,1.255678260701792,0.6225103573943557,0.024900414295774227,TIMEOUT,10036.594302439054,5.098928571428522,100.0,18.53667304092629
XAUUSDm,asym_sellBase_buy_body2.5_wick0.35_atr45_close20,momentum,2025-06-27 12:05:00+00:00,2025-06-27 12:10:00+00:00,2025-06-29 22:05:00+00:00,SELL,session_breakout,3273.9600270619844,3285.344,3253.468875773556,1.8,2.1960698726290024,0.1014771428571443,0.06423436658667675,1.4373171964432945,6.517994811971141,5.080677615527846,0.20322710462111385,TIMEOUT,10041.674980054582,3.382571428571477,74.0,43.632735004813654
XAUUSDm,asym_sellBase_buy_body2.5_wick0.35_atr45_close20,momentum,2025-07-08 13:45:00+00:00,2025-07-08 13:50:00+00:00,2025-07-08 14:40:00+00:00,SELL,session_breakout,3316.0189814940277,3326.914,3296.4079481832773,1.8,2.2946266668840694,0.10118357142857348,0.046426720257822914,1.5173051165659894,44.99999999999958,43.48269488343359,1.7393077953373435,TP,10085.157674938016,3.372785714285783,100.0,18.147393845146915
XAUUSDm,asym_sellBase_buy_body2.5_wick0.35_atr45_close20,momentum,2025-07-14 12:35:00+00:00,2025-07-14 12:40:00+00:00,2025-07-15 00:40:00+00:00,SELL,session_breakout,3351.4375462195067,3368.025,3321.5801294146186,1.8,1.5071632048433847,0.09729428571428668,0.0748066376361335,1.0095609963502559,6.71674248272399,5.707181486373734,0.22828725945494935,TIMEOUT,10090.86485642439,3.2431428571428893,100.0,21.65202251038262
XAUUSDm,asym_sellBase_buy_body2.5_wick0.35_atr45_close20,momentum,2025-07-15 12:05:00+00:00,2025-07-15 12:10:00+00:00,2025-07-15 12:30:00+00:00,SELL,session_breakout,3352.7254406840016,3359.335,3340.8282339152042,1.8,3.7824004301599032,0.0592757142857129,0.03592145885548306,2.538770029810244,-25.0,-27.538770029810244,-1.1015508011924098,SL,10063.32608639458,1.9758571428570966,59.0,20.971755145144762
XAUUSDm,asym_sellBase_buy_body2.5_wick0.35_atr45_close20,momentum,2025-07-15 12:35:00+00:00,2025-07-15 12:40:00+00:00,2025-07-15 15:35:00+00:00,SELL,session_breakout,3347.9279586300136,3360.387,3325.5016841640377,1.8,2.006574924795107,0.10199142857143151,0.0900456557007844,1.339073658361491,45.0,43.66092634163851,1.7464370536655403,TP,10106.987012736217,3.3997142857143836,100.0,24.614335357064114
XAUUSDm,asym_sellBase_buy_body2.5_wick0.35_atr45_close20,momentum,2025-07-18 12:00:00+00:00,2025-07-18 12:05:00+00:00,2025-07-18 14:15:00+00:00,BUY,session_breakout,3358.3049790283,3351.982,3369.6863412792395,1.8,3.953832503335383,0.058890000000000914,0.046534028299839436,2.653135076439029,-25.0,-27.65313507643903,-1.1061254030575611,SL,10079.333877659777,1.9630000000000305,82.0,31.83987434693921
XAUUSDm,asym_sellBase_buy_body2.5_wick0.35_atr45_close20,momentum,2025-07-21 12:20:00+00:00,2025-07-21 12:25:00+00:00,2025-07-21 14:25:00+00:00,BUY,session_breakout,3380.967038988032,3371.579,3397.8655091664896,1.8,2.6629629501827403,0.06679285714285828,0.03464255946067506,1.805177992122835,45.00000000000024,43.194822007877406,1.7277928803150961,TP,10122.528699667655,2.226428571428609,94.0,27.99741884698307
XAUUSDm,asym_sellBase_buy_body2.5_wick0.35_atr45_close20,momentum,2025-07-22 12:55:00+00:00,2025-07-22 13:00:00+00:00,2025-07-22 16:50:00+00:00,BUY,session_breakout,3407.628897895716,3393.754,3432.6037141080046,1.8,1.801815061119763,0.08744357142857,0.07717611000187112,1.2324834141870882,44.99999999999984,43.76751658581275,1.75070066343251,TP,10166.296216253468,2.914785714285667,100.0,24.906157185601465
XAUUSDm,asym_sellBase_buy_body2.5_wick0.35_atr45_close20,momentum,2025-07-24 12:45:00+00:00,2025-07-24 12:50:00+00:00,2025-07-24 13:40:00+00:00,SELL,session_breakout,3354.1937938158553,3365.506,3333.8318226843953,1.8,2.2100021510428793,0.0947721428571445,0.08182011271566085,1.4850550998695433,-25.000000000000004,-26.485055099869548,-1.0594022039947817,SL,10139.811161153599,3.1590714285714836,92.0,50.569753258342374
XAUUSDm,asym_sellBase_buy_body2.5_wick0.35_atr45_close20,momentum,2025-07-28 13:30:00+00:00,2025-07-28 13:35:00+00:00,2025-07-28 13:50:00+00:00,SELL,session_breakout,3324.2610028921436,3330.639,3312.7806080980017,1.8,3.9197258288506265,0.08868000000000101,0.05065710785667769,2.6015383429754446,45.0,42.398461657024555,1.6959384662809822,TP,10182.209622810624,2.9560000000000337,99.0,24.688991825086365
XAUUSDm,asym_sellBase_buy_body2.5_wick0.35_atr45_close20,momentum,2025-08-01 12:30:00+00:00,2025-08-01 12:35:00+00:00,2025-08-03 22:05:00+00:00,BUY,session_breakout,3328.110724297677,3296.811,3384.450228033495,1.8,0.7987290802384386,0.12649285714285852,0.0634778691053613,0.5344705004953012,28.18736945307738,27.652898952582078,1.1061159581032831,TIMEOUT,10209.862521763205,4.216428571428618,100.0,27.262211762494214
XAUUSDm,asym_sellBase_buy_body2.5_wick0.35_atr45_close20,momentum,2025-08-04 13:00:00+00:00,2025-08-04 13:05:00+00:00,2025-08-05 01:05:00+00:00,BUY,session_breakout,3372.3714386588404,3361.037,3392.773428244753,1.8,2.2056672370360997,0.08956285714285676,0.06965723026906395,1.4897090720480672,20.432333748470487,18.94262467642242,0.7577049870568967,TIMEOUT,10228.805146439629,2.985428571428559,100.0,18.452596237814085
XAUUSDm,asym_sellBase_buy_body2.5_wick0.35_atr45_close20,momentum,2025-08-05 12:25:00+00:00,2025-08-05 12:30:00+00:00,2025-08-05 14:00:00+00:00,BUY,session_breakout,3360.891442021415,3349.903,3380.6706376599627,1.8,2.275117796615548,0.08291357142857188,0.032985235701014144,1.5337847864471628,45.00000000000041,43.46621521355325,1.73864860854213,TP,10272.271361653182,2.763785714285729,100.0,39.83255098002978
XAUUSDm,asym_sellBase_buy_body2.5_wick0.35_atr45_close20,momentum,2025-08-06 12:50:00+00:00,2025-08-06 12:55:00+00:00,2025-08-07 00:55:00+00:00,BUY,session_breakout,3368.5638808165027,3360.141,3383.7250662862075,1.8,2.968105633290998,0.07221857142856997,0.031771530788294935,2.000770290970208,11.196048197982856,9.195277907012649,0.36781111628050595,TIMEOUT,10281.466639560194,2.4072857142856656,95.0,26.669520520968696
XAUUSDm,asym_sellBase_buy_body2.5_wick0.35_atr45_close20,momentum,2025-08-20 12:00:00+00:00,2025-08-20 12:05:00+00:00,2025-08-20 13:40:00+00:00,BUY,session_breakout,3334.5787926472476,3328.646,3345.257819412293,1.8,4.2138671425840215,0.05190642857142652,0.015839432961695855,2.814794401738747,44.99999999999999,42.18520559826125,1.6874082239304502,TP,10323.651845158456,1.7302142857142175,98.0,33.17162831817436
XAUUSDm,asym_sellBase_buy_body2.5_wick0.35_atr45_close20,momentum,2025-08-28 12:05:00+00:00,2025-08-28 12:10:00+00:00,2025-08-28 12:30:00+00:00,BUY,session_breakout,3408.1256595792174,3401.401,3420.230046821809,1.8,3.7176603076328134,0.06637285714285845,0.056473150645985105,2.531550697608512,-25.0,-27.531550697608512,-1.1012620279043406,SL,10296.120294460847,2.212428571428615,100.0,28.685871396469178
XAUUSDm,asym_sellBase_buy_body2.5_wick0.35_atr45_close20,momentum,2025-08-29 13:30:00+00:00,2025-08-29 13:35:00+00:00,2025-08-29 14:10:00+00:00,BUY,session_breakout,3421.0443593202845,3413.653,3434.348806096797,1.8,3.3823277852817433,0.08168142857142845,0.0625186059987911,2.318718678242076,45.00000000000061,42.68128132175853,1.7072512528703414,TP,10338.801575782605,2.7227142857142814,100.0,20.979330941647344
XAUUSDm,asym_sellBase_buy_body2.5_wick0.35_atr45_close20,momentum,2025-09-04 13:35:00+00:00,2025-09-04 13:40:00+00:00,2025-09-04 14:00:00+00:00,BUY,session_breakout,3558.0780116038977,3539.71,3591.1404324909136,1.8,1.361061857925602,0.13142357142856975,0.10429981818336774,0.9660528538235665,-25.0,-25.966052853823566,-1.0386421141529427,SL,10312.83552292878,4.3807857142856585,99.0,19.552379694708875
XAUUSDm,asym_sellBase_buy_body2.5_wick0.35_atr45_close20,momentum,2025-09-12 12:20:00+00:00,2025-09-12 12:25:00+00:00,2025-09-12 13:10:00+00:00,SELL,session_breakout,3643.186885855961,3649.349,3632.0950803966907,1.8,4.057049158069144,0.063953571428571,0.05413735832484701,2.9586176575900947,-25.0,-27.958617657590096,-1.1183447063036038,SL,10284.87690527119,2.1317857142857,65.0,21.061426016204223
XAUUSDm,asym_sellBase_buy_body2.5_wick0.35_atr45_close20,momentum,2025-09-25 12:50:00+00:00,2025-09-25 12:55:00+00:00,2025-09-25 18:40:00+00:00,SELL,session_breakout,3732.3630401214136,3755.926,3689.9497123399583,1.8,1.0609872498539399,0.14623071428571327,0.09084452144348143,0.7944979194789817,-25.0,-25.79449791947898,-1.0317799167791593,SL,10259.082407351712,4.874357142857109,100.0,19.87710691908853
XAUUSDm,asym_sellBase_buy_body2.5_wick0.35_atr45_close20,momentum,2025-10-01 12:45:00+00:00,2025-10-01 12:50:00+00:00,2025-10-02 00:50:00+00:00,SELL,session_breakout,3870.854644201404,3891.122,3834.3734037639315,1.8,1.233510688243407,0.1346742857142866,0.09401865573915753,0.953292787796327,16.553274554855527,15.5999817670592,0.623999270682368,TIMEOUT,10274.682389118772,4.489142857142887,96.0,18.3325867553591
XAUUSDm,asym_sellBase_buy_body2.5_wick0.35_atr45_close20,momentum,2025-10-09 13:40:00+00:00,2025-10-09 13:45:00+00:00,2025-10-09 16:40:00+00:00,SELL,session_breakout,4031.2100499081066,4057.981,3983.022339742698,1.8,0.9338480671842175,0.18705642857143076,0.07442187760776584,0.7484075427040557,45.000000000000085,44.25159245729603,1.7700636982918412,TP,10318.933981576069,6.235214285714359,100.0,19.2834809256265
XAUUSDm,asym_sellBase_buy_body2.5_wick0.35_atr45_close20,momentum,2025-10-21 12:10:00+00:00,2025-10-21 12:15:00+00:00,2025-10-21 14:20:00+00:00,SELL,session_breakout,4225.303580899328,4267.064,4150.134826518119,1.8,0.5986529957884837,0.2890564285714325,0.10989088638566215,0.5013981293642382,44.99999999999979,44.49860187063555,1.7799440748254216,TP,10363.432583446704,9.635214285714417,84.0,57.438051634424795
XAUUSDm,asym_sellBase_buy_body2.5_wick0.35_atr45_close20,momentum,2025-10-22 13:00:00+00:00,2025-10-22 13:05:00+00:00,2025-10-22 14:45:00+00:00,BUY,session_breakout,4066.6675348372423,4023.09,4145.107097544278,1.8,0.573690092690478,0.39714642857142374,0.30496162295658047,0.46410137500042703,-25.000000000000004,-25.464101375000432,-1.0185640550000172,SL,10337.968482071703,13.238214285714125,64.0,38.975027111375816
XAUUSDm,asym_sellBase_buy_body2.5_wick0.35_atr45_close20,momentum,2025-10-24 12:30:00+00:00,2025-10-24 12:35:00+00:00,2025-10-26 22:05:00+00:00,BUY,session_breakout,4089.9146340345224,4058.775,4145.965975296663,1.8,0.8028353824673825,0.19440642857142945,0.12243082023631424,0.6566492259484261,-0.5640994638403602,-1.2207486897887865,-0.04882994759155146,TIMEOUT,10336.747733381913,6.4802142857143155,74.0,42.41032507024094
XAUUSDm,asym_sellBase_buy_body2.5_wick0.35_atr45_close20,momentum,2025-11-10 13:00:00+00:00,2025-11-10 13:05:00+00:00,2025-11-10 13:50:00+00:00,BUY,session_breakout,4105.1483888610155,4092.184,4128.484288810843,1.8,1.9283593131934251,0.11574214285713975,0.08051778958619338,1.5807402255402248,-25.0,-26.580740225540225,-1.063229609021609,SL,10310.166993156374,3.8580714285713253,82.0,50.15628024988935
XAUUSDm,asym_sellBase_buy_body2.5_wick0.35_atr45_close20,momentum,2025-11-14 12:10:00+00:00,2025-11-14 12:15:00+00:00,2025-11-14 13:20:00+00:00,SELL,session_breakout,4125.653858410794,4157.72,4067.9348035502226,1.8,0.7796385458615677,0.2434607142857099,0.20341123206369321,0.6388037549799115,44.99999999999986,44.36119624501995,1.7744478498007978,TP,10354.528189401393,8.115357142856997,100.0,35.25045599985121
XAUUSDm,asym_sellBase_buy_body2.5_wick0.35_atr45_close20,momentum,2025-11-14 13:25:00+00:00,2025-11-14 13:30:00+00:00,2025-11-16 23:00:00+00:00,SELL,session_breakout,4055.2883713372635,4119.67,3939.4014397443375,1.8,0.38830953051782197,0.34366928571428257,0.25579401987934547,0.31581052468949633,-8.690999718251478,-9.006810242940974,-0.36027240971763896,TIMEOUT,10345.521379158452,11.455642857142752,100.0,46.13312162979941
XAUUSDm,asym_sellBase_buy_body2.5_wick0.35_atr45_close20,momentum,2025-11-18 13:35:00+00:00,2025-11-18 13:40:00+00:00,2025-11-19 01:40:00+00:00,BUY,session_breakout,4066.227169610775,4029.089,4133.075874910171,1.8,0.6731618779819083,0.20224714285714396,0.13904603934649806,0.5473891992277607,-0.566243314890656,-1.1136325141184167,-0.04454530056473667,TIMEOUT,10344.407746644334,6.741571428571466,98.0,23.99220544731655
XAUUSDm,asym_sellBase_buy_body2.5_wick0.35_atr45_close20,momentum,2025-11-19 13:10:00+00:00,2025-11-19 13:15:00+00:00,2025-11-19 14:55:00+00:00,SELL,session_breakout,4102.951312289814,4120.01,4072.2456744114797,1.8,1.4655289096518365,0.13318928571428126,0.0920930673284794,1.2050987526109327,-24.999999999999996,-26.20509875261093,-1.0482039501044373,SL,10318.202647891723,4.439642857142709,70.0,38.20990375075074
XAUUSDm,asym_sellBase_buy_body2.5_wick0.35_atr45_close20,momentum,2025-12-03 13:50:00+00:00,2025-12-03 13:55:00+00:00,2025-12-03 14:50:00+00:00,BUY,session_breakout,4236.176160129682,4211.353,4280.85784836311,1.8,1.0071239870102804,0.14135571428571309,0.07248227253891108,0.8507709248135411,-25.000000000000004,-25.850770924813546,-1.0340308369925417,SL,10292.35187696691,4.711857142857103,100.0,27.83795219721161
XAUUSDm,asym_sellBase_buy_body2.5_wick0.35_atr45_close20,momentum,2025-12-16 13:20:00+00:00,2025-12-16 13:25:00+00:00,2025-12-16 14:15:00+00:00,BUY,session_breakout,4300.985555566479,4289.067,4322.438955586141,1.8,2.0975696140824893,0.10657071428571661,0.03427020933556603,1.808823322392788,44.99999999999924,43.19117667760645,1.727647067104258,TP,10335.543053644516,3.5523571428572205,63.0,29.460394202997385
XAUUSDm,asym_sellBase_buy_body2.5_wick0.35_atr45_close20,momentum,2025-12-23 13:50:00+00:00,2025-12-23 13:55:00+00:00,2025-12-23 14:55:00+00:00,SELL,session_breakout,4478.880486208613,4497.359,4445.619161384115,1.8,1.3529226582958052,0.16868357142857154,0.102172005673045,1.207415778718113,45.0,43.792584221281885,1.7517033688512753,TP,10379.335637865799,5.622785714285718,100.0,24.530324010148064
XAUUSDm,asym_sellBase_buy_body2.5_wick0.35_atr45_close20,momentum,2025-12-29 13:40:00+00:00,2025-12-29 13:45:00+00:00,2025-12-29 14:40:00+00:00,SELL,session_breakout,4429.289520638756,4467.761,4360.0408577885155,1.8,0.6498320422059051,0.21624642857142654,0.09735614695780183,0.5711588509435794,44.999999999999766,44.42884114905618,1.777153645962247,TP,10423.764479014855,7.208214285714218,73.0,42.45223459079032
XAUUSDm,asym_sellBase_buy_body2.5_wick0.35_atr45_close20,momentum,2026-01-07 12:15:00+00:00,2026-01-07 12:20:00+00:00,2026-01-07 16:20:00+00:00,SELL,session_breakout,4442.053757463024,4455.798,4417.314120896469,1.8,1.8189434545224137,0.13742785714285674,0.08052860840484503,1.6184689213548125,-25.0,-26.61846892135481,-1.0647387568541924,SL,10397.1460100935,4.580928571428558,75.0,24.219487564866068
XAUUSDm,asym_sellBase_buy_body2.5_wick0.35_atr45_close20,momentum,2026-01-30 13:20:00+00:00,2026-01-30 13:25:00+00:00,2026-01-30 17:43:00+00:00,SELL,session_breakout,5025.071203262014,5117.524,4858.656169133638,1.8,0.2704082611026972,0.8836500000000017,0.792971737985392,0.2672641531982639,45.00000000000009,44.73273584680183,1.7893094338720732,TP,10441.878745940301,29.45500000000006,71.0,48.48365673984146
XAUUSDm,asym_sellBase_buy_body2.5_wick0.35_atr45_close20,momentum,2026-02-04 12:30:00+00:00,2026-02-04 12:35:00+00:00,2026-02-04 12:59:00+00:00,BUY,session_breakout,5062.826659873203,5037.48,5108.450647644971,1.8,0.9863232522573775,0.28187571428571706,0.13072201606026354,0.9962167313562986,-25.0,-25.9962167313563,-1.039848669254252,SL,10415.882529208944,9.395857142857235,45.0,27.185615352908528
XAUUSDm,asym_sellBase_buy_body2.5_wick0.35_atr45_close20,momentum,2026-02-17 13:55:00+00:00,2026-02-17 14:00:00+00:00,2026-02-18 02:00:00+00:00,SELL,session_breakout,4869.969888707968,4924.239,4772.28548838231,1.8,0.4606672083769796,0.3260078571428546,0.11110736346138042,0.4495606089895933,-8.735222873834077,-9.18478348282367,-0.3673913393129468,TIMEOUT,10406.69774572612,10.866928571428486,88.0,20.56358489368482
XAUUSDm,asym_sellBase_buy_body2.5_wick0.35_atr45_close20,momentum,2026-02-19 13:35:00+00:00,2026-02-19 13:40:00+00:00,2026-02-19 14:30:00+00:00,BUY,session_breakout,4994.67402630975,4971.705,5036.0182736673,1.8,1.0884222806339803,0.19561928571427936,0.09721666689247661,1.0847628989478726,-24.999999999999996,-26.08476289894787,-1.0433905159579149,SL,10380.612982827171,6.520642857142645,99.0,31.84451899181582
XAUUSDm,asym_sellBase_buy_body2.5_wick0.35_atr45_close20,momentum,2026-02-24 13:35:00+00:00,2026-02-24 13:40:00+00:00,2026-02-24 14:13:00+00:00,SELL,session_breakout,5138.399580752417,5161.12,5097.502826106768,1.8,1.1003318084748654,0.2371114285714267,0.11986353329802622,1.1262889006711596,44.999999999999595,43.87371109932843,1.7549484439731373,TP,10424.4866939265,7.903714285714224,92.0,28.697801795800675
XAUUSDm,asym_sellBase_buy_body2.5_wick0.35_atr45_close20,momentum,2026-02-27 13:20:00+00:00,2026-02-27 13:25:00+00:00,2026-03-01 23:01:00+00:00,BUY,session_breakout,5234.993330538576,5182.863,5328.8279255080115,1.8,0.4795672642340237,0.19656642857142806,0.15004732429004738,0.5061638407763585,40.57554814409596,40.0693843033196,1.602775372132784,TIMEOUT,10464.55607822982,6.552214285714269,100.0,21.011152787242228
XAUUSDm,asym_sellBase_buy_body2.5_wick0.35_atr45_close20,momentum,2026-03-06 13:30:00+00:00,2026-03-06 13:35:00+00:00,2026-03-08 22:03:00+00:00,BUY,session_breakout,5124.086802865449,5065.362,5229.791448023256,1.8,0.4257144984765725,0.3191828571428576,0.22021143687616457,0.4386579562674004,23.783475809427244,23.344817853159846,0.9337927141263939,TIMEOUT,10487.90089608298,10.639428571428587,100.0,32.269028977247274
XAUUSDm,asym_sellBase_buy_body2.5_wick0.35_atr45_close20,momentum,2026-03-11 12:55:00+00:00,2026-03-11 13:00:00+00:00,2026-03-12 01:00:00+00:00,SELL,session_breakout,5166.8695160945545,5196.653,5113.259245064752,1.8,0.8393913915298824,0.24058499999999836,0.20419140544650513,0.8668871268453419,5.180317482456862,4.31343035561152,0.1725372142244608,TIMEOUT,10492.21432643859,8.019499999999946,100.0,33.44240933449603
XAUUSDm,asym_sellBase_buy_body2.5_wick0.35_atr45_close20,momentum,2026-03-18 12:05:00+00:00,2026-03-18 12:10:00+00:00,2026-03-18 20:28:00+00:00,SELL,session_breakout,4913.043643706307,4966.259,4817.2560023776605,1.8,0.4697892063716774,0.37023642857142863,0.2832380794071462,0.45711897484924013,44.99999999999983,44.54288102515059,1.7817152410060237,TP,10536.757207463741,12.341214285714289,100.0,40.301700145599256
XAUUSDm,asym_sellBase_buy_body2.5_wick0.35_atr45_close20,momentum,2026-03-19 12:00:00+00:00,2026-03-19 12:05:00+00:00,2026-03-19 13:02:00+00:00,SELL,session_breakout,4630.033923997996,4695.267,4512.614387194389,1.8,0.38324116433252303,0.40764214285714323,0.23825493057563646,0.3503839183864145,44.99999999999993,44.649616081613516,1.7859846432645405,TP,10581.406823545354,13.58807142857144,45.0,62.785720474995564
XAUUSDm,asym_sellBase_buy_body2.5_wick0.35_atr45_close20,momentum,2026-03-20 13:30:00+00:00,2026-03-20 13:35:00+00:00,2026-03-20 14:15:00+00:00,SELL,session_breakout,4644.761376949698,4681.746,4578.1890554591555,1.8,0.6759565986652948,0.32604642857143384,0.2835998360147239,0.6234314203949699,44.99999999999988,44.37656857960491,1.7750627431841963,TP,10625.783392124958,10.868214285714462,70.0,18.014851889985096
XAUUSDm,asym_sellBase_buy_body2.5_wick0.35_atr45_close20,momentum,2026-03-30 13:40:00+00:00,2026-03-30 13:45:00+00:00,2026-03-31 01:24:00+00:00,SELL,session_breakout,4544.287891326476,4578.633,4482.466695714133,1.8,0.7279056892101793,0.28368857142857123,0.118264387809683,0.6640626019010942,-25.0,-25.664062601901094,-1.0265625040760438,SL,10600.119329523057,9.456285714285709,89.0,42.69311928505708
XAUUSDm,asym_sellBase_buy_body2.5_wick0.35_atr45_close20,momentum,2026-04-09 13:35:00+00:00,2026-04-09 13:40:00+00:00,2026-04-10 01:40:00+00:00,BUY,session_breakout,4770.243697554383,4738.562,4827.270753152274,1.8,0.7890991307232232,0.22024499999999989,0.06957505438315692,0.7530805192155783,2.41488199958637,1.6618014803707917,0.06647205921483167,TIMEOUT,10601.781131003429,7.341499999999996,85.0,19.548493915416145
XAUUSDm,asym_sellBase_buy_body2.5_wick0.35_atr45_close20,momentum,2026-04-17 13:05:00+00:00,2026-04-17 13:10:00+00:00,2026-04-19 22:01:00+00:00,BUY,session_breakout,4862.646618900213,4811.482,4954.742932920597,1.8,0.4886189037928293,0.27648857142857586,0.10037461449881228,0.47269621209178597,-25.0,-25.472696212091787,-1.0189078484836716,SL,10576.308434791337,9.216285714285862,100.0,23.682725240557893
XAUUSDm,asym_sellBase_buy_body2.5_wick0.35_atr45_close20,momentum,2026-04-20 13:25:00+00:00,2026-04-20 13:30:00+00:00,2026-04-20 14:51:00+00:00,BUY,session_breakout,4824.426683503274,4799.549,4869.2065138091675,1.8,1.0049167156865648,0.2057849999999988,0.16579100327374238,0.9671294035713472,-25.0,-25.96712940357135,-1.038685176142854,SL,10550.341305387767,6.859499999999961,99.0,18.41847392036155
XAUUSDm,asym_sellBase_buy_body2.5_wick0.35_atr45_close20,momentum,2026-04-29 12:50:00+00:00,2026-04-29 12:55:00+00:00,2026-04-30 00:45:00+00:00,SELL,session_breakout,4544.943224563096,4568.888,4501.842628776669,1.8,1.0440690941486037,0.17339357142857026,0.10807865118894795,0.9515469510852853,-25.000000000000004,-25.951546951085287,-1.0380618780434114,SL,10524.38975843668,5.7797857142856754,95.0,20.702548664922677
XAUUSDm,asym_sellBase_buy_body2.5_wick0.35_atr45_close20,momentum,2026-05-01 13:50:00+00:00,2026-05-01 13:55:00+00:00,2026-05-03 22:03:00+00:00,BUY,session_breakout,4617.0033392780215,4586.483,4671.9399499784595,1.8,0.8191258875684686,0.22602857142856853,0.09332499230726671,0.7571497858425256,7.6839420398693346,6.926792254026809,0.27707169016107236,TIMEOUT,10531.316550690708,7.534285714285618,100.0,38.294848342025965
XAUUSDm,buy_strict_body2.5_wick0.35_atr50_closeOff,momentum,2025-01-07 13:15:00+00:00,2025-01-07 13:20:00+00:00,2025-01-07 15:00:00+00:00,BUY,session_breakout,2658.0325826536314,2647.585,2676.838231430168,1.8,2.39289803477272,0.06974571428571283,0.058709796488312295,1.2695801886787463,-25.0,-26.269580188678745,-1.0507832075471497,SL,9973.730419811322,2.3248571428570943,100.0,31.649388544774304
XAUUSDm,buy_strict_body2.5_wick0.35_atr50_closeOff,momentum,2025-01-15 13:55:00+00:00,2025-01-15 14:00:00+00:00,2025-01-15 14:30:00+00:00,BUY,session_breakout,2693.947934681974,2682.127,2715.2256171095273,1.8,2.1148919838059044,0.10109571428571404,0.06138682483164762,1.136981778369876,-25.0,-26.136981778369876,-1.045479271134795,SL,9947.59343803295,3.3698571428571347,100.0,29.527297783745972
XAUUSDm,buy_strict_body2.5_wick0.35_atr50_closeOff,momentum,2025-01-16 13:30:00+00:00,2025-01-16 13:35:00+00:00,2025-01-17 01:35:00+00:00,BUY,session_breakout,2713.5913244791664,2701.388,2735.557308541666,1.8,2.0486220818499166,0.07803214285714083,0.07030840773750051,1.1114537546185432,-3.708670703333759,-4.820124457952302,-0.19280497831809207,TIMEOUT,9942.773313574999,2.601071428571361,100.0,29.035232131775437
XAUUSDm,buy_strict_body2.5_wick0.35_atr50_closeOff,momentum,2025-01-24 13:40:00+00:00,2025-01-24 13:45:00+00:00,2025-01-24 14:15:00+00:00,BUY,session_breakout,2783.9867028041876,2777.85,2795.0327678517256,1.8,4.073848905138408,0.05255785714285528,0.0414238756159642,2.265808236227745,-25.0,-27.265808236227745,-1.0906323294491098,SL,9915.50750533877,1.7519285714285096,50.0,34.62164324979766
XAUUSDm,buy_strict_body2.5_wick0.35_atr50_closeOff,momentum,2025-01-30 13:00:00+00:00,2025-01-30 13:05:00+00:00,2025-01-30 15:10:00+00:00,BUY,session_breakout,2782.0775132622916,2777.714,2789.9318371344166,1.8,5.729328295170611,0.03985714285714169,0.014584690863207852,3.192387083218308,44.99999999999948,41.807612916781174,1.672304516671247,TP,9957.31511825555,1.3285714285713897,54.0,44.63844601034202
XAUUSDm,buy_strict_body2.5_wick0.35_atr50_closeOff,momentum,2025-02-24 13:55:00+00:00,2025-02-24 14:00:00+00:00,2025-02-24 14:20:00+00:00,BUY,session_breakout,2954.5007004751383,2946.923,2968.1405613303878,1.8,3.299153890025334,0.07127785714285698,0.07006154656659709,1.9469704958110252,-25.0,-26.946970495811026,-1.0778788198324412,SL,9930.368147759738,2.375928571428566,88.0,20.21311523242239
XAUUSDm,buy_strict_body2.5_wick0.35_atr50_closeOff,momentum,2025-04-02 12:25:00+00:00,2025-04-02 12:30:00+00:00,2025-04-02 13:50:00+00:00,BUY,session_breakout,3125.9501712668043,3117.046,3141.9776795470525,1.8,2.8076728592589086,0.08566285714285543,0.07133983823300524,1.7528290910523088,-25.0,-26.75282909105231,-1.0701131636420924,SL,9903.615318668686,2.8554285714285146,72.0,23.02494613702874
XAUUSDm,buy_strict_body2.5_wick0.35_atr50_closeOff,momentum,2025-04-11 13:30:00+00:00,2025-04-11 13:35:00+00:00,2025-04-11 13:50:00+00:00,BUY,session_breakout,3240.6162865075485,3225.711,3267.445802221136,1.8,1.6772572595192263,0.17203285714285552,0.14627007897722236,1.0845694383722047,-25.0,-26.084569438372206,-1.0433827775348883,SL,9877.530749230315,5.734428571428517,74.0,26.486869484803904
XAUUSDm,buy_strict_body2.5_wick0.35_atr50_closeOff,momentum,2025-04-21 13:00:00+00:00,2025-04-21 13:05:00+00:00,2025-04-22 01:05:00+00:00,BUY,session_breakout,3421.3139867590344,3398.008,3463.2647629252965,1.8,1.072685754886939,0.13261714285714366,0.05167818760567944,0.7351653952285752,11.664399102035889,10.929233706807313,0.43716934827229254,TIMEOUT,9888.459982937122,4.4205714285714555,100.0,28.364920124046165
XAUUSDm,buy_strict_body2.5_wick0.35_atr50_closeOff,momentum,2025-04-30 12:15:00+00:00,2025-04-30 12:20:00+00:00,2025-04-30 13:35:00+00:00,BUY,session_breakout,3283.1601845058967,3266.901,3312.426716616511,1.8,1.5375924906278662,0.1382485714285706,0.08506022018247654,1.0141324890449332,44.99999999999972,43.98586751095479,1.7594347004381916,TP,9932.445850448077,4.608285714285687,89.0,44.343344543550394
XAUUSDm,buy_strict_body2.5_wick0.35_atr50_closeOff,momentum,2025-05-15 12:50:00+00:00,2025-05-15 12:55:00+00:00,2025-05-15 15:05:00+00:00,BUY,session_breakout,3188.6399568024112,3177.747,3208.247279046752,1.8,2.295060969530854,0.1302021428571457,0.07285573098273826,1.4681246221487527,45.000000000000206,43.531875377851456,1.7412750151140584,TP,9975.97772582593,4.340071428571524,65.0,28.573355861432
XAUUSDm,buy_strict_body2.5_wick0.35_atr50_closeOff,momentum,2025-05-29 12:15:00+00:00,2025-05-29 12:20:00+00:00,2025-05-29 16:05:00+00:00,BUY,session_breakout,3308.8697174998188,3298.541,3327.461408999492,1.8,2.420436031911908,0.10334357142857113,0.09804571410437342,1.6062814978277473,44.99999999999956,43.393718502171815,1.7357487400868725,TP,10019.3714443281,3.4447857142857043,100.0,33.53063891306181
XAUUSDm,buy_strict_body2.5_wick0.35_atr50_closeOff,momentum,2025-05-30 12:10:00+00:00,2025-05-30 12:15:00+00:00,2025-05-30 13:40:00+00:00,BUY,session_breakout,3303.0248828239473,3288.365,3329.4126719070528,1.8,1.7053342308549297,0.14142642857142912,0.10616960966173465,1.1240522796090542,-25.0,-26.124052279609053,-1.0449620911843622,SL,9993.247392048492,4.714214285714304,100.0,26.073140583746437
XAUUSDm,buy_strict_body2.5_wick0.35_atr50_closeOff,momentum,2025-06-11 12:15:00+00:00,2025-06-11 12:20:00+00:00,2025-06-11 12:35:00+00:00,BUY,session_breakout,3338.1332173797996,3327.196,3357.820208663439,1.8,2.285773349094566,0.09899999999999863,0.08671737979966732,1.530543188802809,45.00000000000042,43.46945681119761,1.7387782724479044,TP,10036.716848859689,3.2999999999999545,97.0,30.652943272538636
XAUUSDm,buy_strict_body2.5_wick0.35_atr50_closeOff,momentum,2025-06-20 13:50:00+00:00,2025-06-20 13:55:00+00:00,2025-06-22 22:05:00+00:00,BUY,session_breakout,3372.0674412564026,3348.68,3414.1648355179277,1.8,1.068949772055793,0.11116928571428453,0.06785661354572965,0.7218899416163751,9.757970788166245,9.03608084654987,0.36144323386199484,TIMEOUT,10045.75292970624,3.7056428571428177,98.0,19.55623931036536
XAUUSDm,buy_strict_body2.5_wick0.35_atr50_closeOff,momentum,2025-07-18 12:00:00+00:00,2025-07-18 12:05:00+00:00,2025-07-18 14:15:00+00:00,BUY,session_breakout,3358.285479461828,3351.982,3369.631742493118,1.8,3.966063529102125,0.058890000000000914,0.027034461828134276,2.6613347120813597,-25.0,-27.66133471208136,-1.1064533884832544,SL,10018.091594994157,1.9630000000000305,82.0,31.83987434693921
XAUUSDm,buy_strict_body2.5_wick0.35_atr50_closeOff,momentum,2025-07-21 12:15:00+00:00,2025-07-21 12:20:00+00:00,2025-07-21 13:45:00+00:00,BUY,session_breakout,3378.244563118247,3370.859,3391.5385767310913,1.8,3.384982241670197,0.06443571428571561,0.04434526110406443,2.291559570834832,45.00000000000062,42.70844042916578,1.7083376171666314,TP,10060.800035423323,2.147857142857187,90.0,27.99741884698307
XAUUSDm,buy_strict_body2.5_wick0.35_atr50_closeOff,momentum,2025-07-22 12:55:00+00:00,2025-07-22 13:00:00+00:00,2025-07-22 16:50:00+00:00,BUY,session_breakout,3407.5818611432974,3393.754,3432.472011201233,1.8,1.8079441021952845,0.08744357142857,0.030139357583335556,1.236643505720331,45.0,43.76335649427967,1.7505342597711868,TP,10104.563391917602,2.914785714285667,100.0,24.906157185601465
XAUUSDm,buy_strict_body2.5_wick0.35_atr50_closeOff,momentum,2025-08-01 12:30:00+00:00,2025-08-01 12:35:00+00:00,2025-08-03 22:05:00+00:00,BUY,session_breakout,3328.1584768878383,3296.811,3384.583935285947,1.8,0.7975123512954626,0.12649285714285852,0.11123045926694151,0.5336601332246256,28.106347472764607,27.572687339539982,1.1029074935815992,TIMEOUT,10132.136079257141,4.216428571428618,100.0,27.262211762494214
XAUUSDm,buy_strict_body2.5_wick0.35_atr50_closeOff,momentum,2025-08-04 13:00:00+00:00,2025-08-04 13:05:00+00:00,2025-08-05 01:05:00+00:00,BUY,session_breakout,3372.368251853553,3361.037,3392.7645051899485,1.8,2.2062875596716007,0.08956285714285676,0.0664704249814156,1.4901273352546032,20.44511115411654,18.954983818861937,0.7581993527544775,TIMEOUT,10151.091063076003,2.985428571428559,100.0,18.452596237814085
XAUUSDm,buy_strict_body2.5_wick0.35_atr50_closeOff,momentum,2025-08-05 12:25:00+00:00,2025-08-05 12:30:00+00:00,2025-08-05 14:20:00+00:00,BUY,session_breakout,3360.9273298905337,3349.903,3380.7711236934947,1.8,2.267711529701816,0.08291357142857188,0.06887310481925686,1.5288227312965406,45.000000000000206,43.47117726870366,1.7388470907481466,TP,10194.562240344707,2.763785714285729,100.0,39.83255098002978
XAUUSDm,buy_strict_body2.5_wick0.35_atr50_closeOff,momentum,2025-08-06 12:50:00+00:00,2025-08-06 12:55:00+00:00,2025-08-07 00:55:00+00:00,BUY,session_breakout,3368.5716972084097,3360.141,3383.746952183547,1.8,2.9653537995721884,0.07221857142856997,0.03958792269543986,1.9989176252482368,11.162489585781975,9.163571960533737,0.36654287842134947,TIMEOUT,10203.72581230524,2.4072857142856656,95.0,26.669520520968696
XAUUSDm,buy_strict_body2.5_wick0.35_atr50_closeOff,momentum,2025-08-08 12:20:00+00:00,2025-08-08 12:25:00+00:00,2025-08-08 14:25:00+00:00,BUY,session_breakout,3391.9867438468564,3383.76,3406.7948827711975,1.8,3.0388693832437412,0.09986142857142828,0.0978131325707052,2.0590609328489684,-25.0,-27.05906093284897,-1.0823624373139586,SL,10176.666751372391,3.328714285714276,92.0,24.10039471149036
XAUUSDm,buy_strict_body2.5_wick0.35_atr50_closeOff,momentum,2025-08-12 12:30:00+00:00,2025-08-12 12:35:00+00:00,2025-08-12 14:10:00+00:00,BUY,session_breakout,3350.4202661010218,3338.543,3371.799345082861,1.8,2.104861488103698,0.11245285714285533,0.10403967244997489,1.407934117415637,-25.0,-26.407934117415635,-1.0563173646966255,SL,10150.258817254975,3.7484285714285113,100.0,24.49102958935112
XAUUSDm,buy_strict_body2.5_wick0.35_atr50_closeOff,momentum,2025-08-20 12:00:00+00:00,2025-08-20 12:05:00+00:00,2025-08-20 13:40:00+00:00,BUY,session_breakout,3334.6068073180318,3328.646,3345.3362604904887,1.8,4.194062761326709,0.05190642857142652,0.04385410374585344,2.801610046847821,45.000000000000384,42.198389953152564,1.6879355981261026,TP,10192.457207208128,1.7302142857142175,98.0,33.17162831817436
XAUUSDm,buy_strict_body2.5_wick0.35_atr50_closeOff,momentum,2025-08-28 12:05:00+00:00,2025-08-28 12:10:00+00:00,2025-08-28 12:30:00+00:00,BUY,session_breakout,3408.0981413947197,3401.401,3420.1529959052154,1.8,3.7329359687269412,0.06637285714285845,0.02895496614836798,2.5419424273927573,-25.0,-27.541942427392758,-1.1016776970957103,SL,10164.915264780735,2.212428571428615,100.0,28.685871396469178
XAUUSDm,buy_strict_body2.5_wick0.35_atr50_closeOff,momentum,2025-08-29 13:30:00+00:00,2025-08-29 13:35:00+00:00,2025-08-29 14:10:00+00:00,BUY,session_breakout,3421.0330308496873,3413.653,3434.3170863791247,1.8,3.387519714915365,0.08168142857142845,0.05119013540152912,2.322263367475996,44.99999999999969,42.67773663252369,1.7071094653009475,TP,10207.59300141326,2.7227142857142814,100.0,20.979330941647344
XAUUSDm,buy_strict_body2.5_wick0.35_atr50_closeOff,momentum,2025-09-04 13:35:00+00:00,2025-09-04 13:40:00+00:00,2025-09-04 14:00:00+00:00,BUY,session_breakout,3558.017168650282,3539.71,3590.97007222079,1.8,1.3655852785086284,0.13142357142856975,0.04345686456781566,0.9692551732379554,-25.0,-25.969255173237954,-1.0387702069295182,SL,10181.62374624002,4.3807857142856585,99.0,19.552379694708875
XAUUSDm,buy_strict_body2.5_wick0.35_atr50_closeOff,momentum,2025-10-22 13:00:00+00:00,2025-10-22 13:05:00+00:00,2025-10-22 14:45:00+00:00,BUY,session_breakout,4066.524610007376,4023.09,4144.706908020652,1.8,0.5755778628092817,0.39714642857142374,0.16203679308993504,0.46562030881787864,-25.0,-25.46562030881788,-1.018624812352715,SL,10156.158125931202,13.238214285714125,64.0,38.975027111375816
XAUUSDm,buy_strict_body2.5_wick0.35_atr50_closeOff,momentum,2025-10-24 12:30:00+00:00,2025-10-24 12:35:00+00:00,2025-10-26 22:05:00+00:00,BUY,session_breakout,4089.943477518135,4058.775,4146.046737050778,1.8,0.8020924341092456,0.19440642857142945,0.15127430384895207,0.656043872592049,-0.5867125830169735,-1.2427564556090225,-0.0497102582243609,TIMEOUT,10154.915369475593,6.4802142857143155,74.0,42.41032507024094
XAUUSDm,buy_strict_body2.5_wick0.35_atr50_closeOff,momentum,2025-11-10 13:00:00+00:00,2025-11-10 13:05:00+00:00,2025-11-10 13:50:00+00:00,BUY,session_breakout,4105.1629339717765,4092.184,4128.525015120974,1.8,1.9261982574504513,0.11574214285713975,0.0950629003477137,1.5789715379933236,-25.0,-26.578971537993322,-1.063158861519733,SL,10128.336397937599,3.8580714285713253,82.0,50.15628024988935
XAUUSDm,buy_strict_body2.5_wick0.35_atr50_closeOff,momentum,2025-11-18 13:35:00+00:00,2025-11-18 13:40:00+00:00,2025-11-19 01:40:00+00:00,BUY,session_breakout,4066.285770969636,4029.089,4133.23995871498,1.8,0.6721013504211887,0.20224714285714396,0.19764739820705232,0.5465307578450551,-0.6047372837620962,-1.1512680416071515,-0.04605072166428606,TIMEOUT,10127.185129895992,6.741571428571466,98.0,23.99220544731655
XAUUSDm,buy_strict_body2.5_wick0.35_atr50_closeOff,momentum,2025-12-03 13:50:00+00:00,2025-12-03 13:55:00+00:00,2025-12-03 14:50:00+00:00,BUY,session_breakout,4236.178324664791,4211.353,4280.863909061415,1.8,1.0070361752592412,0.14135571428571309,0.07464680764812565,0.8506969635573063,-25.0,-25.850696963557308,-1.0340278785422923,SL,10101.334432932435,4.711857142857103,100.0,27.83795219721161
XAUUSDm,buy_strict_body2.5_wick0.35_atr50_closeOff,momentum,2025-12-16 13:20:00+00:00,2025-12-16 13:25:00+00:00,2025-12-16 14:15:00+00:00,BUY,session_breakout,4301.0108926802695,4289.067,4322.509899504755,1.8,2.093119945836272,0.10657071428571661,0.05960732312606379,1.8050063373456284,45.0,43.19499366265437,1.7277997465061747,TP,10144.52942659509,3.5523571428572205,63.0,29.460394202997385
XAUUSDm,buy_strict_body2.5_wick0.35_atr50_closeOff,momentum,2026-02-18 13:05:00+00:00,2026-02-18 13:10:00+00:00,2026-02-19 01:10:00+00:00,BUY,session_breakout,4955.234104915238,4917.985,5022.282493762667,1.8,0.6711570669117609,0.21361500000000172,0.13429741523797828,0.6656456663511554,4.975888079480292,4.310242413129137,0.1724096965251655,TIMEOUT,10148.839669008219,7.120500000000058,100.0,18.559749289996407
XAUUSDm,buy_strict_body2.5_wick0.35_atr50_closeOff,momentum,2026-02-19 13:35:00+00:00,2026-02-19 13:40:00+00:00,2026-02-19 14:30:00+00:00,BUY,session_breakout,4994.6614404049205,4971.705,5035.983033133778,1.8,1.0890190098740813,0.19561928571427936,0.08463076206345099,1.085356251297204,-25.0,-26.085356251297203,-1.0434142500518881,SL,10122.754312756922,6.520642857142645,99.0,31.84451899181582
XAUUSDm,buy_strict_body2.5_wick0.35_atr50_closeOff,momentum,2026-02-27 13:20:00+00:00,2026-02-27 13:25:00+00:00,2026-03-01 23:01:00+00:00,BUY,session_breakout,5234.920129887266,5182.863,5328.622963684344,1.8,0.4802416125157068,0.19656642857142806,0.0768466729803206,0.5068720726989773,40.66775785378503,40.16088578108605,1.6064354312434421,TIMEOUT,10162.915198538009,6.552214285714269,100.0,21.011152787242228
XAUUSDm,buy_strict_body2.5_wick0.35_atr50_closeOff,momentum,2026-03-06 13:30:00+00:00,2026-03-06 13:35:00+00:00,2026-03-08 22:03:00+00:00,BUY,session_breakout,5124.068632085971,5065.362,5229.740569840719,1.8,0.42584626492266603,0.3191828571428576,0.20204065739966537,0.4387929551552429,23.798575190017996,23.359782234862752,0.9343912893945101,TIMEOUT,10186.27498077287,10.639428571428587,100.0,32.269028977247274
XAUUSDm,buy_strict_body2.5_wick0.35_atr50_closeOff,momentum,2026-04-09 13:35:00+00:00,2026-04-09 13:40:00+00:00,2026-04-10 01:40:00+00:00,BUY,session_breakout,4770.275178954707,4738.562,4827.358901073181,1.8,0.788315798794716,0.22024499999999989,0.10105645470719833,0.7523354243818301,2.387667481726174,1.635332057344344,0.06541328229377376,TIMEOUT,10187.910312830214,7.341499999999996,85.0,19.548493915416145
XAUUSDm,buy_strict_body2.5_wick0.35_atr50_closeOff,momentum,2026-04-17 12:45:00+00:00,2026-04-17 12:50:00+00:00,2026-04-19 22:01:00+00:00,BUY,session_breakout,4836.520646867404,4800.857,4900.715211228731,1.8,0.7009939306809782,0.21645000000000436,0.1664218674043239,0.6755743238134577,-25.0,-25.675574323813457,-1.0270229729525382,SL,10162.2347385064,7.2150000000001455,100.0,20.33483815266089
XAUUSDm,buy_strict_body2.5_wick0.35_atr50_closeOff,momentum,2026-04-20 13:25:00+00:00,2026-04-20 13:30:00+00:00,2026-04-20 14:51:00+00:00,BUY,session_breakout,4824.385599515338,4799.549,4869.091478642947,1.8,1.0065790199886662,0.2057849999999988,0.12470701533759908,0.9687250657615165,-25.0,-25.968725065761518,-1.0387490026304607,SL,10136.26601344064,6.859499999999961,99.0,18.41847392036155
XAUUSDm,buy_strict_body2.5_wick0.35_atr50_closeOff,momentum,2026-05-01 13:50:00+00:00,2026-05-01 13:55:00+00:00,2026-05-03 22:03:00+00:00,BUY,session_breakout,4617.109569201323,4586.483,4672.237393763705,1.8,0.8162847048150605,0.22602857142856853,0.1995549156088399,0.7545322419595413,7.5705760068256005,6.816043764866059,0.27264175059464235,TIMEOUT,10143.082057205505,7.534285714285618,100.0,38.294848342025965
XAUUSDm,asym_sellBase_buy_body2.5_wick0.35_atr50_closeOff,momentum,2025-01-03 13:15:00+00:00,2025-01-03 13:20:00+00:00,2025-01-03 16:50:00+00:00,SELL,session_breakout,2652.005430036269,2658.656,2640.0344041015533,1.8,3.7590763102016957,0.04961357142857001,0.04176317801689456,1.98931815731512,45.0,43.01068184268488,1.7204272737073953,TP,10043.010681842685,1.653785714285667,73.0,20.836599199556407
XAUUSDm,asym_sellBase_buy_body2.5_wick0.35_atr50_closeOff,momentum,2025-01-06 13:30:00+00:00,2025-01-06 13:35:00+00:00,2025-01-06 14:15:00+00:00,SELL,session_breakout,2638.225875719044,2648.848,2619.106052013323,1.8,2.353578186316398,0.09765428571428304,0.05929713809885488,1.2373541743335637,45.00000000000021,43.76264582566665,1.750505833026666,TP,10086.773327668352,3.255142857142768,99.0,33.51748168707531
XAUUSDm,asym_sellBase_buy_body2.5_wick0.35_atr50_closeOff,momentum,2025-01-07 13:15:00+00:00,2025-01-07 13:20:00+00:00,2025-01-07 15:00:00+00:00,BUY,session_breakout,2658.0367150390744,2647.585,2676.8498021094083,1.8,2.3919519338726816,0.06974571428571283,0.06284218193162648,1.2690792121684609,-25.0,-26.26907921216846,-1.0507631684867385,SL,10060.504248456184,2.3248571428570943,100.0,31.649388544774304
XAUUSDm,asym_sellBase_buy_body2.5_wick0.35_atr50_closeOff,momentum,2025-01-13 12:00:00+00:00,2025-01-13 12:05:00+00:00,2025-01-13 17:35:00+00:00,SELL,session_breakout,2673.064954967965,2680.55,2659.591873910302,1.8,3.3399932656387783,0.06136285714285707,0.048363603463073,1.7811037896416055,44.999999999999694,43.21889621035809,1.7287558484143235,TP,10103.723144666541,2.045428571428569,66.0,19.272499199964653
XAUUSDm,asym_sellBase_buy_body2.5_wick0.35_atr50_closeOff,momentum,2025-01-15 13:55:00+00:00,2025-01-15 14:00:00+00:00,2025-01-15 14:30:00+00:00,BUY,session_breakout,2693.9235412198063,2682.127,2715.157315415458,1.8,2.119265260398956,0.10109571428571404,0.03699336266367949,1.1393277150156143,-25.0,-26.139327715015614,-1.0455731086006246,SL,10077.583816951525,3.3698571428571347,100.0,29.527297783745972
XAUUSDm,asym_sellBase_buy_body2.5_wick0.35_atr50_closeOff,momentum,2025-01-16 13:30:00+00:00,2025-01-16 13:35:00+00:00,2025-01-17 01:35:00+00:00,BUY,session_breakout,2713.597716646188,2701.388,2735.5752066093264,1.8,2.047549564371345,0.07803214285714083,0.07670057475941956,1.110873182781847,-3.719817377488553,-4.8306905602704,-0.19322762241081598,TIMEOUT,10072.753126391253,2.601071428571361,100.0,29.035232131775437
XAUUSDm,asym_sellBase_buy_body2.5_wick0.35_atr50_closeOff,momentum,2025-01-23 13:10:00+00:00,2025-01-23 13:15:00+00:00,2025-01-23 14:30:00+00:00,SELL,session_breakout,2740.6604500907943,2746.514,2730.124060254224,1.8,4.27091258941562,0.08819785714285834,0.07345098063418955,2.3435242439212507,-25.0,-27.34352424392125,-1.09374096975685,SL,10045.409602147332,2.9399285714286116,100.0,21.034694030739566
XAUUSDm,asym_sellBase_buy_body2.5_wick0.35_atr50_closeOff,momentum,2025-01-24 13:40:00+00:00,2025-01-24 13:45:00+00:00,2025-01-24 14:15:00+00:00,BUY,session_breakout,2783.989965984538,2777.85,2795.041904756706,1.8,4.071683794821815,0.05255785714285528,0.044687055966147325,2.264605365889156,-25.0,-27.264605365889157,-1.0905842146355662,SL,10018.144996781442,1.7519285714285096,50.0,34.62164324979766
XAUUSDm,asym_sellBase_buy_body2.5_wick0.35_atr50_closeOff,momentum,2025-01-30 13:00:00+00:00,2025-01-30 13:05:00+00:00,2025-01-30 15:10:00+00:00,BUY,session_breakout,2782.0784600846373,2777.714,2789.9344882369846,1.8,5.728085379449001,0.03985714285714169,0.015531513208790131,3.191696590338161,45.00000000000052,41.80830340966236,1.6723321363864943,TP,10059.953300191104,1.3285714285713897,54.0,44.63844601034202
XAUUSDm,asym_sellBase_buy_body2.5_wick0.35_atr50_closeOff,momentum,2025-02-11 12:45:00+00:00,2025-02-11 12:50:00+00:00,2025-02-11 13:15:00+00:00,SELL,session_breakout,2896.7025617064187,2904.236,2883.1423727779725,1.8,3.3185378343512926,0.08019428571428665,0.049341150723991846,1.9180634091770121,45.000000000000306,43.0819365908233,1.7232774636329318,TP,10103.035236781927,2.673142857142888,57.99999999999999,33.99080280425428
XAUUSDm,asym_sellBase_buy_body2.5_wick0.35_atr50_closeOff,momentum,2025-02-12 13:15:00+00:00,2025-02-12 13:20:00+00:00,2025-02-12 14:00:00+00:00,SELL,session_breakout,2874.1685338976936,2885.902,2853.048294913542,1.8,2.130657708644653,0.08443714285714382,0.04724753087743434,1.2272738685386042,-25.0,-26.227273868538603,-1.0490909547415441,SL,10076.807962913388,2.814571428571461,97.0,21.687231563201554
XAUUSDm,asym_sellBase_buy_body2.5_wick0.35_atr50_closeOff,momentum,2025-02-13 13:00:00+00:00,2025-02-13 13:05:00+00:00,2025-02-13 18:50:00+00:00,SELL,session_breakout,2913.964578291786,2921.369,2900.6366192170003,1.8,3.376360907735176,0.06448499999999967,0.06117920821413114,1.9702192177338806,-25.0,-26.97021921773388,-1.0788087687093553,SL,10049.837743695654,2.149499999999989,60.0,18.43714716473585
XAUUSDm,asym_sellBase_buy_body2.5_wick0.35_atr50_closeOff,momentum,2025-02-14 13:40:00+00:00,2025-02-14 13:45:00+00:00,2025-02-14 16:45:00+00:00,SELL,session_breakout,2917.8399371973387,2933.321,2889.9740241525487,1.8,1.6148762083506627,0.10798928571428665,0.08106815980398405,0.9378900588710749,44.99999999999971,44.06210994112863,1.7624843976451452,TP,10093.899853636784,3.5996428571428885,100.0,18.863435153374482
XAUUSDm,asym_sellBase_buy_body2.5_wick0.35_atr50_closeOff,momentum,2025-02-24 13:55:00+00:00,2025-02-24 14:00:00+00:00,2025-02-24 14:20:00+00:00,BUY,session_breakout,2954.4930735650278,2946.923,2968.1192059820783,1.8,3.3024778141515383,0.07127785714285698,0.062434636456198414,1.9489295655025785,-25.0,-26.948929565502578,-1.077957182620103,SL,10066.950924071281,2.375928571428566,88.0,20.21311523242239
XAUUSDm,asym_sellBase_buy_body2.5_wick0.35_atr50_closeOff,momentum,2025-02-28 12:50:00+00:00,2025-02-28 12:55:00+00:00,2025-02-28 14:40:00+00:00,SELL,session_breakout,2855.0265775565167,2864.502,2837.970817158247,1.8,2.638404793993523,0.06792428571428445,0.04146030062592806,1.502043161840807,44.99999999999976,43.49795683815895,1.7399182735263579,TP,10110.44888090944,2.264142857142815,71.0,21.169540131150995
XAUUSDm,asym_sellBase_buy_body2.5_wick0.35_atr50_closeOff,momentum,2025-03-03 13:05:00+00:00,2025-03-03 13:10:00+00:00,2025-03-03 14:30:00+00:00,SELL,session_breakout,2871.0591338260524,2877.716,2859.076774712947,1.8,3.7555208932756887,0.057207857142854465,0.026262245376088195,2.1589645125827484,-25.0,-27.15896451258275,-1.08635858050331,SL,10083.289916396858,1.9069285714284823,70.0,19.71262015212677
XAUUSDm,asym_sellBase_buy_body2.5_wick0.35_atr50_closeOff,momentum,2025-03-05 13:30:00+00:00,2025-03-05 13:35:00+00:00,2025-03-05 15:05:00+00:00,SELL,session_breakout,2908.6681299267243,2917.269,2893.1865637948285,1.8,2.906682671289236,0.08657571428571535,0.05958221613323566,1.6934150499578555,-25.0,-26.693415049957856,-1.0677366019983143,SL,10056.5965013469,2.8858571428571786,100.0,18.538773727042578
XAUUSDm,asym_sellBase_buy_body2.5_wick0.35_atr50_closeOff,momentum,2025-03-21 13:45:00+00:00,2025-03-21 13:50:00+00:00,2025-03-23 22:05:00+00:00,SELL,session_breakout,3010.711124433595,3036.851,2963.6593484140662,1.8,0.9563932290530899,0.11942571428571715,0.041162709261512116,0.5771446873478308,-12.599405392097738,-13.176550079445569,-0.5270620031778228,TIMEOUT,10043.419951267453,3.9808571428572384,100.0,18.011965333720443
XAUUSDm,asym_sellBase_buy_body2.5_wick0.35_atr50_closeOff,momentum,2025-03-26 13:00:00+00:00,2025-03-26 13:05:00+00:00,2025-03-26 14:00:00+00:00,SELL,session_breakout,3024.777729936989,3029.994,3015.388443823569,1.8,4.792696639170737,0.06616928571428649,0.0581854201542248,2.8948684121015,45.00000000000043,42.10513158789893,1.6842052635159572,TP,10085.525082855353,2.205642857142883,100.0,19.750277906197685
XAUUSDm,asym_sellBase_buy_body2.5_wick0.35_atr50_closeOff,momentum,2025-04-02 12:25:00+00:00,2025-04-02 12:30:00+00:00,2025-04-02 13:50:00+00:00,BUY,session_breakout,3125.942407409743,3117.046,3141.9559407472802,1.8,2.8101231034699414,0.08566285714285543,0.06357598117181137,1.7543565958357132,-24.999999999999996,-26.75435659583571,-1.0701742638334286,SL,10058.770726259518,2.8554285714285146,72.0,23.02494613702874
XAUUSDm,asym_sellBase_buy_body2.5_wick0.35_atr50_closeOff,momentum,2025-04-03 12:20:00+00:00,2025-04-03 12:25:00+00:00,2025-04-03 14:00:00+00:00,SELL,session_breakout,3080.663995497613,3097.309,3050.702987393316,1.8,1.501952132029443,0.14053499999999824,0.11673700238702715,0.9279019712207967,-25.0,-25.9279019712208,-1.0371160788488318,SL,10032.842824288296,4.684499999999941,68.0,45.51265925747012
XAUUSDm,asym_sellBase_buy_body2.5_wick0.35_atr50_closeOff,momentum,2025-04-11 13:30:00+00:00,2025-04-11 13:35:00+00:00,2025-04-11 13:50:00+00:00,BUY,session_breakout,3240.5643193663745,3225.711,3267.300294225849,1.8,1.683125460602126,0.17203285714285552,0.0943029378029594,1.0883552625288688,-25.0,-26.088355262528868,-1.0435342105011547,SL,10006.754469025767,5.734428571428517,74.0,26.486869484803904
XAUUSDm,asym_sellBase_buy_body2.5_wick0.35_atr50_closeOff,momentum,2025-04-21 13:00:00+00:00,2025-04-21 13:05:00+00:00,2025-04-22 01:05:00+00:00,BUY,session_breakout,3421.392205553286,3398.008,3463.4837755492017,1.8,1.0690976840342787,0.13261714285714366,0.1298969818577713,0.7327146725100194,11.541758840291957,10.809044167781938,0.4323617667112775,TIMEOUT,10017.563513193549,4.4205714285714555,100.0,28.364920124046165
XAUUSDm,asym_sellBase_buy_body2.5_wick0.35_atr50_closeOff,momentum,2025-04-23 13:25:00+00:00,2025-04-23 13:30:00+00:00,2025-04-23 14:00:00+00:00,SELL,session_breakout,3299.6024044876813,3320.54,3261.9147325655076,1.8,1.1940244038667753,0.2031985714285695,0.18799622660431772,0.7834611588031565,45.0,44.216538841196844,1.7686615536478738,TP,10061.780052034746,6.773285714285651,78.0,22.560104668224394
XAUUSDm,asym_sellBase_buy_body2.5_wick0.35_atr50_closeOff,momentum,2025-04-25 13:20:00+00:00,2025-04-25 13:25:00+00:00,2025-04-25 19:30:00+00:00,SELL,session_breakout,3270.3545113718938,3298.252,3220.1390318413028,1.8,0.8961380120364298,0.20633142857142858,0.17432291382078616,0.5886377980950358,-25.0,-25.588637798095036,-1.0235455119238015,SL,10036.191414236651,6.877714285714286,89.0,31.5080885248663
XAUUSDm,asym_sellBase_buy_body2.5_wick0.35_atr50_closeOff,momentum,2025-04-30 12:00:00+00:00,2025-04-30 12:05:00+00:00,2025-04-30 12:15:00+00:00,SELL,session_breakout,3267.622155921972,3281.671,3242.334236581522,1.8,1.7795058341561183,0.11945999999999815,0.052114078027996426,1.1654505380561886,-25.0,-26.165450538056188,-1.0466180215222476,SL,10010.025963698596,3.9819999999999385,85.0,43.24131785778276
XAUUSDm,asym_sellBase_buy_body2.5_wick0.35_atr50_closeOff,momentum,2025-04-30 12:20:00+00:00,2025-04-30 12:25:00+00:00,2025-05-01 00:20:00+00:00,BUY,session_breakout,3290.2083008646755,3266.901,3332.1614424210916,1.8,1.0726252750222909,0.15381214285714284,0.09639479324692701,0.7033321167191194,-25.0,-25.70333211671912,-1.0281332846687647,SL,9984.322631581877,5.127071428571428,97.0,44.343344543550394
XAUUSDm,asym_sellBase_buy_body2.5_wick0.35_atr50_closeOff,momentum,2025-05-02 13:00:00+00:00,2025-05-02 13:05:00+00:00,2025-05-02 14:55:00+00:00,SELL,session_breakout,3244.051010080453,3263.926,3208.276028225269,1.8,1.2578622731985796,0.15889714285714296,0.05254134811812477,0.8186138755823893,-25.0,-25.81861387558239,-1.0327445550232957,SL,9958.504017706295,5.296571428571432,100.0,20.422343309001352
XAUUSDm,asym_sellBase_buy_body2.5_wick0.35_atr50_closeOff,momentum,2025-05-14 12:50:00+00:00,2025-05-14 12:55:00+00:00,2025-05-15 00:55:00+00:00,SELL,session_breakout,3186.2489086976448,3221.493,3122.8095443534053,1.8,0.7093387593831759,0.21265500000000104,0.08676380235493748,0.45213798066285366,-1.1201106653654078,-1.5722486460282614,-0.06288994584113046,TIMEOUT,9956.931769060266,7.088500000000034,100.0,20.548243138493692
XAUUSDm,asym_sellBase_buy_body2.5_wick0.35_atr50_closeOff,momentum,2025-05-15 12:50:00+00:00,2025-05-15 12:55:00+00:00,2025-05-15 15:05:00+00:00,BUY,session_breakout,3188.6684158204575,3177.747,3208.3269642972814,1.8,2.289080501190211,0.1302021428571457,0.10131474902909225,1.4643237390831376,45.0,43.535676260916865,1.7414270504366747,TP,10000.467445321183,4.340071428571524,65.0,28.573355861432
XAUUSDm,asym_sellBase_buy_body2.5_wick0.35_atr50_closeOff,momentum,2025-05-28 13:35:00+00:00,2025-05-28 13:40:00+00:00,2025-05-28 20:50:00+00:00,SELL,session_breakout,3303.66560581999,3316.438,3280.675296295972,1.8,1.9573464181936508,0.11382000000000095,0.0934841800098002,1.2887836080922632,44.99999999999982,43.711216391907556,1.7484486556763021,TP,10044.178661713091,3.7940000000000316,98.0,19.47008735358178
XAUUSDm,asym_sellBase_buy_body2.5_wick0.35_atr50_closeOff,momentum,2025-05-29 12:15:00+00:00,2025-05-29 12:20:00+00:00,2025-05-29 16:05:00+00:00,BUY,session_breakout,3308.872664994942,3298.541,3327.469661985838,1.8,2.419745511709784,0.10334357142857113,0.1009932092277281,1.605825955988141,45.0,43.39417404401186,1.7357669617604745,TP,10087.572835757102,3.4447857142857043,100.0,33.53063891306181
XAUUSDm,asym_sellBase_buy_body2.5_wick0.35_atr50_closeOff,momentum,2025-05-30 12:10:00+00:00,2025-05-30 12:15:00+00:00,2025-05-30 13:40:00+00:00,BUY,session_breakout,3302.993397364575,3288.365,3329.32451262081,1.8,1.709004710286412,0.14142642857142912,0.0746841502890687,1.1264662548281954,-25.0,-26.126466254828195,-1.0450586501931278,SL,10061.446369502275,4.714214285714304,100.0,26.073140583746437
XAUUSDm,asym_sellBase_buy_body2.5_wick0.35_atr50_closeOff,momentum,2025-06-03 13:45:00+00:00,2025-06-03 13:50:00+00:00,2025-06-04 01:20:00+00:00,SELL,session_breakout,3343.813985351597,3363.095,3309.108158984471,1.8,1.2966122611224027,0.12839785714285493,0.07181571983171087,0.8696260424638893,-25.000000000000004,-25.869626042463892,-1.0347850416985556,SL,10035.576743459811,4.279928571428497,100.0,26.21077909916798
XAUUSDm,asym_sellBase_buy_body2.5_wick0.35_atr50_closeOff,momentum,2025-06-11 12:15:00+00:00,2025-06-11 12:20:00+00:00,2025-06-11 12:35:00+00:00,BUY,session_breakout,3338.1087402177213,3327.196,3357.75167260962,1.8,2.290900314790046,0.09899999999999863,0.06224021772141263,1.5339548727536365,45.00000000000042,43.46604512724678,1.738641805089871,TP,10079.042788587058,3.2999999999999545,97.0,30.652943272538636
XAUUSDm,asym_sellBase_buy_body2.5_wick0.35_atr50_closeOff,momentum,2025-06-16 13:50:00+00:00,2025-06-16 13:55:00+00:00,2025-06-17 01:55:00+00:00,SELL,session_breakout,3389.768679666492,3417.401,3340.030503066178,1.8,0.9047376296403257,0.17297357142857242,0.07483354779353579,0.6137249421866926,-3.546861325968608,-4.160586268155301,-0.16642345072621204,TIMEOUT,10074.882202318902,5.765785714285747,100.0,35.415918947083775
XAUUSDm,asym_sellBase_buy_body2.5_wick0.35_atr50_closeOff,momentum,2025-06-20 13:50:00+00:00,2025-06-20 13:55:00+00:00,2025-06-22 22:05:00+00:00,BUY,session_breakout,3372.043045725234,3348.68,3414.096528030656,1.8,1.0700659620332642,0.11116928571428453,0.043461082377233645,0.7226411236304575,9.794264821473703,9.071623697843245,0.36286494791372986,TIMEOUT,10083.953826016745,3.7056428571428177,98.0,19.55623931036536
XAUUSDm,asym_sellBase_buy_body2.5_wick0.35_atr50_closeOff,momentum,2025-06-24 12:30:00+00:00,2025-06-24 12:35:00+00:00,2025-06-24 19:30:00+00:00,SELL,session_breakout,3307.6663917380124,3321.86,3282.1178968664344,1.8,1.7613562061560601,0.12322071428571267,0.07799790484486807,1.1676957453963142,-25.0,-26.167695745396315,-1.0467078298158525,SL,10057.786130271348,4.107357142857089,82.0,38.064296195118644
XAUUSDm,asym_sellBase_buy_body2.5_wick0.35_atr50_closeOff,momentum,2025-06-26 13:05:00+00:00,2025-06-26 13:10:00+00:00,2025-06-27 01:10:00+00:00,SELL,session_breakout,3317.8503288284624,3344.056,3270.6801207196945,1.8,0.9539919751092969,0.15296785714285566,0.0701872429658525,0.6329159903404958,1.2452732272318345,0.6123572368913387,0.024494289475653547,TIMEOUT,10058.398487508239,5.098928571428522,100.0,18.53667304092629
XAUUSDm,asym_sellBase_buy_body2.5_wick0.35_atr50_closeOff,momentum,2025-06-27 12:05:00+00:00,2025-06-27 12:10:00+00:00,2025-06-29 22:05:00+00:00,SELL,session_breakout,3273.9462387184158,3285.344,3253.430268411564,1.8,2.193413196010104,0.1014771428571443,0.07802271015542141,1.4355753899876103,6.479866189136715,5.044290799149104,0.2017716319659642,TIMEOUT,10063.442778307388,3.382571428571477,74.0,43.632735004813654
XAUUSDm,asym_sellBase_buy_body2.5_wick0.35_atr50_closeOff,momentum,2025-07-08 13:45:00+00:00,2025-07-08 13:50:00+00:00,2025-07-08 14:40:00+00:00,SELL,session_breakout,3316.004090328171,3326.914,3296.3662529188787,1.8,2.2914946825410794,0.10118357142857348,0.06131788611442155,1.5152211480542948,44.999999999999794,43.4847788519455,1.73939115407782,TP,10106.927557159333,3.372785714285783,100.0,18.147393845146915
XAUUSDm,asym_sellBase_buy_body2.5_wick0.35_atr50_closeOff,momentum,2025-07-14 12:35:00+00:00,2025-07-14 12:40:00+00:00,2025-07-15 00:40:00+00:00,SELL,session_breakout,3351.426454190208,3368.025,3321.5490717325824,1.8,1.506156038395339,0.09729428571428668,0.08589866693500164,1.0088846834760932,6.6955476719913145,5.686662988515222,0.22746651954060887,TIMEOUT,10112.614220147849,3.2431428571428893,100.0,21.65202251038262
XAUUSDm,asym_sellBase_buy_body2.5_wick0.35_atr50_closeOff,momentum,2025-07-15 12:05:00+00:00,2025-07-15 12:10:00+00:00,2025-07-15 12:30:00+00:00,SELL,session_breakout,3352.714523328694,3359.335,3340.7976653203436,1.8,3.776163143713487,0.0592757142857129,0.046838814163092504,2.5345794028773496,-25.0,-27.53457940287735,-1.1013831761150938,SL,10085.07964074497,1.9758571428570966,59.0,20.971755145144762
XAUUSDm,asym_sellBase_buy_body2.5_wick0.35_atr50_closeOff,momentum,2025-07-15 12:35:00+00:00,2025-07-15 12:40:00+00:00,2025-07-15 15:35:00+00:00,SELL,session_breakout,3347.965105753148,3360.387,3325.6056961088134,1.8,2.0125754980030366,0.10199142857143151,0.05289853256625953,1.343106508001586,45.000000000000185,43.6568934919986,1.7462757396799438,TP,10128.736534236969,3.3997142857143836,100.0,24.614335357064114
XAUUSDm,asym_sellBase_buy_body2.5_wick0.35_atr50_closeOff,momentum,2025-07-18 12:00:00+00:00,2025-07-18 12:05:00+00:00,2025-07-18 14:15:00+00:00,BUY,session_breakout,3358.310420245793,3351.982,3369.7015766882205,1.8,3.950432972054805,0.058890000000000914,0.05197524579291518,2.6508560429068417,-25.0,-27.65085604290684,-1.1060342417162736,SL,10101.085678194062,1.9630000000000305,82.0,31.83987434693921
XAUUSDm,asym_sellBase_buy_body2.5_wick0.35_atr50_closeOff,momentum,2025-07-21 12:15:00+00:00,2025-07-21 12:20:00+00:00,2025-07-21 13:45:00+00:00,BUY,session_breakout,3378.2558474677735,3370.859,3391.570172909766,1.8,3.379818241341258,0.06443571428571561,0.05562961063060867,2.2880781474378704,45.0,42.71192185256213,1.7084768741024852,TP,10143.797600046624,2.147857142857187,90.0,27.99741884698307
XAUUSDm,asym_sellBase_buy_body2.5_wick0.35_atr50_closeOff,momentum,2025-07-22 12:55:00+00:00,2025-07-22 13:00:00+00:00,2025-07-22 16:50:00+00:00,BUY,session_breakout,3407.6016726024623,3393.754,3432.5274832868945,1.8,1.805357529578983,0.08744357142857,0.049950816748197104,1.2348878674877584,45.0,43.76511213251224,1.7506044853004896,TP,10187.562712179137,2.914785714285667,100.0,24.906157185601465
XAUUSDm,asym_sellBase_buy_body2.5_wick0.35_atr50_closeOff,momentum,2025-07-24 12:45:00+00:00,2025-07-24 12:50:00+00:00,2025-07-24 13:40:00+00:00,SELL,session_breakout,3354.2280544551354,3365.506,3333.9277524743793,1.8,2.2167157928319714,0.0947721428571445,0.047559473435928035,1.4895740602141514,-25.0,-26.489574060214153,-1.0595829624085662,SL,10161.073138118923,3.1590714285714836,92.0,50.569753258342374
XAUUSDm,asym_sellBase_buy_body2.5_wick0.35_atr50_closeOff,momentum,2025-07-28 13:30:00+00:00,2025-07-28 13:35:00+00:00,2025-07-28 13:50:00+00:00,SELL,session_breakout,3324.2426894090954,3330.639,3312.729330345467,1.8,3.908503135471406,0.08868000000000101,0.06897059090475136,2.59406259492467,44.99999999999929,42.40593740507462,1.6962374962029847,TP,10203.479075523997,2.9560000000000337,99.0,24.688991825086365
XAUUSDm,asym_sellBase_buy_body2.5_wick0.35_atr50_closeOff,momentum,2025-08-01 12:30:00+00:00,2025-08-01 12:35:00+00:00,2025-08-03 22:05:00+00:00,BUY,session_breakout,3328.0975686693755,3296.811,3384.4133922742512,1.8,0.7990649362731516,0.12649285714285852,0.05032224080404402,0.5346941877345679,28.209734106428915,27.675039918694345,1.1070015967477738,TIMEOUT,10231.154115442692,4.216428571428618,100.0,27.262211762494214
XAUUSDm,asym_sellBase_buy_body2.5_wick0.35_atr50_closeOff,momentum,2025-08-04 13:00:00+00:00,2025-08-04 13:05:00+00:00,2025-08-05 01:05:00+00:00,BUY,session_breakout,3372.34118333056,3361.037,3392.688713325568,1.8,2.2115706432692135,0.08956285714285676,0.039401901988831416,1.4936895452393315,20.55393211006017,19.06024256482084,0.7624097025928336,TIMEOUT,10250.214358007514,2.985428571428559,100.0,18.452596237814085
XAUUSDm,asym_sellBase_buy_body2.5_wick0.35_atr50_closeOff,momentum,2025-08-05 12:25:00+00:00,2025-08-05 12:30:00+00:00,2025-08-05 14:00:00+00:00,BUY,session_breakout,3360.883758159598,3349.903,3380.649122846875,1.8,2.2767098261013516,0.08291357142857188,0.02530137388378505,1.5348514153172792,44.999999999999794,43.46514858468252,1.7386059433873007,TP,10293.679506592196,2.763785714285729,100.0,39.83255098002978
XAUUSDm,asym_sellBase_buy_body2.5_wick0.35_atr50_closeOff,momentum,2025-08-06 12:50:00+00:00,2025-08-06 12:55:00+00:00,2025-08-07 00:55:00+00:00,BUY,session_breakout,3368.5935562451987,3360.141,3383.808157486556,1.8,2.957685139829865,0.07221857142856997,0.06144695948443578,1.993754717714635,11.068970280224343,9.075215562509708,0.36300862250038834,TIMEOUT,10302.754722154707,2.4072857142856656,95.0,26.669520520968696
XAUUSDm,asym_sellBase_buy_body2.5_wick0.35_atr50_closeOff,momentum,2025-08-08 12:20:00+00:00,2025-08-08 12:25:00+00:00,2025-08-08 14:25:00+00:00,BUY,session_breakout,3391.9653642122857,3383.76,3406.7350197943997,1.8,3.0467873641207297,0.09986142857142828,0.07643349799978118,2.064419442243432,-25.0,-27.064419442243434,-1.0825767776897373,SL,10275.690302712463,3.328714285714276,92.0,24.10039471149036
XAUUSDm,asym_sellBase_buy_body2.5_wick0.35_atr50_closeOff,momentum,2025-08-12 12:30:00+00:00,2025-08-12 12:35:00+00:00,2025-08-12 14:10:00+00:00,BUY,session_breakout,3350.4054707888235,3338.543,3371.7579182087056,1.8,2.107486749181669,0.11245285714285533,0.08924436025218492,1.4096870268146433,-24.999999999999996,-26.40968702681464,-1.0563874810725857,SL,10249.280615685648,3.7484285714285113,100.0,24.49102958935112
XAUUSDm,asym_sellBase_buy_body2.5_wick0.35_atr50_closeOff,momentum,2025-08-20 12:00:00+00:00,2025-08-20 12:05:00+00:00,2025-08-20 13:40:00+00:00,BUY,session_breakout,3334.606892541835,3328.646,3345.3364991171375,1.8,4.194002798162374,0.05190642857142652,0.04393932754909453,2.801570127618399,45.00000000000038,42.19842987238198,1.6879371948952795,TP,10291.47904555803,1.7302142857142175,98.0,33.17162831817436
XAUUSDm,asym_sellBase_buy_body2.5_wick0.35_atr50_closeOff,momentum,2025-08-28 12:05:00+00:00,2025-08-28 12:10:00+00:00,2025-08-28 12:30:00+00:00,BUY,session_breakout,3408.1104199715614,3401.401,3420.1873759203722,1.8,3.726104507686871,0.06637285714285845,0.04123354299014476,2.537295119710126,-25.0,-27.537295119710127,-1.101491804788405,SL,10263.94175043832,2.212428571428615,100.0,28.685871396469178
XAUUSDm,asym_sellBase_buy_body2.5_wick0.35_atr50_closeOff,momentum,2025-08-29 13:30:00+00:00,2025-08-29 13:35:00+00:00,2025-08-29 14:10:00+00:00,BUY,session_breakout,3421.038864058218,3413.653,3434.333419363011,1.8,3.384844319221106,0.08168142857142845,0.05702334393242709,2.3204367929684175,44.99999999999939,42.679563207030974,1.707182528281239,TP,10306.621313645352,2.7227142857142814,100.0,20.979330941647344
XAUUSDm,asym_sellBase_buy_body2.5_wick0.35_atr50_closeOff,momentum,2025-09-04 13:35:00+00:00,2025-09-04 13:40:00+00:00,2025-09-04 14:00:00+00:00,BUY,session_breakout,3558.025999691681,3539.71,3590.994799136707,1.8,1.3649268628976168,0.13142357142856975,0.05228790596682179,0.9687890531734648,-25.0,-25.968789053173463,-1.0387515621269385,SL,10280.652524592178,4.3807857142856585,99.0,19.552379694708875
XAUUSDm,asym_sellBase_buy_body2.5_wick0.35_atr50_closeOff,momentum,2025-09-12 12:20:00+00:00,2025-09-12 12:25:00+00:00,2025-09-12 13:10:00+00:00,SELL,session_breakout,3643.21670991779,3649.349,3632.1785877698117,1.8,4.076780397673183,0.063953571428571,0.024313296495592954,2.973018893493647,-25.0,-27.973018893493645,-1.1189207557397458,SL,10252.679505698685,2.1317857142857,65.0,21.061426016204223
XAUUSDm,asym_sellBase_buy_body2.5_wick0.35_atr50_closeOff,momentum,2025-09-25 12:50:00+00:00,2025-09-25 12:55:00+00:00,2025-09-25 18:40:00+00:00,SELL,session_breakout,3732.341596698798,3755.926,3689.889670756635,1.8,1.0600225785117117,0.14623071428571327,0.11228794405902887,0.7937732726438359,-25.0,-25.793773272643836,-1.0317509309057535,SL,10226.88573242604,4.874357142857109,100.0,19.87710691908853
XAUUSDm,asym_sellBase_buy_body2.5_wick0.35_atr50_closeOff,momentum,2025-10-01 12:45:00+00:00,2025-10-01 12:50:00+00:00,2025-10-02 00:50:00+00:00,SELL,session_breakout,3870.8638493898834,3891.122,3834.3991782916737,1.8,1.2340711884882318,0.1346742857142866,0.08481346725981166,0.9537270946058809,16.57215612660294,15.61842903199706,0.6247371612798824,TIMEOUT,10242.504161458039,4.489142857142887,96.0,18.3325867553591
XAUUSDm,asym_sellBase_buy_body2.5_wick0.35_atr50_closeOff,momentum,2025-10-09 13:40:00+00:00,2025-10-09 13:45:00+00:00,2025-10-09 16:40:00+00:00,SELL,session_breakout,4031.1543431239784,4057.981,3982.866360747139,1.8,0.9319088888166851,0.18705642857143076,0.13012866173602372,0.7468337129098441,45.000000000000085,44.25316628709024,1.7701266514836096,TP,10286.757327745128,6.235214285714359,100.0,19.2834809256265
XAUUSDm,asym_sellBase_buy_body2.5_wick0.35_atr50_closeOff,momentum,2025-10-21 12:10:00+00:00,2025-10-21 12:15:00+00:00,2025-10-21 14:20:00+00:00,SELL,session_breakout,4225.171965370832,4267.064,4149.76630303833,1.8,0.5967721601803839,0.2890564285714325,0.24150641488156172,0.49979300018159006,45.0,44.50020699981841,1.7800082799927364,TP,10331.257534744947,9.635214285714417,84.0,57.438051634424795
XAUUSDm,asym_sellBase_buy_body2.5_wick0.35_atr50_closeOff,momentum,2025-10-22 13:00:00+00:00,2025-10-22 13:05:00+00:00,2025-10-22 14:45:00+00:00,BUY,session_breakout,4066.6581704226132,4023.09,4145.080877183317,1.8,0.5738133999545757,0.39714642857142374,0.29559720832738917,0.4642005902446508,-25.000000000000004,-25.464200590244655,-1.018568023609786,SL,10305.793334154703,13.238214285714125,64.0,38.975027111375816
XAUUSDm,asym_sellBase_buy_body2.5_wick0.35_atr50_closeOff,momentum,2025-10-24 12:30:00+00:00,2025-10-24 12:35:00+00:00,2025-10-26 22:05:00+00:00,BUY,session_breakout,4089.9258587188065,4058.775,4145.9974044126575,1.8,0.8025460943363021,0.19440642857142945,0.1336555045202722,0.6564135143552964,-0.5729045266860551,-1.2293180410413513,-0.04917272164165405,TIMEOUT,10304.564016113662,6.4802142857143155,74.0,42.41032507024094
XAUUSDm,asym_sellBase_buy_body2.5_wick0.35_atr50_closeOff,momentum,2025-11-10 13:00:00+00:00,2025-11-10 13:05:00+00:00,2025-11-10 13:50:00+00:00,BUY,session_breakout,4105.147900398846,4092.184,4128.482921116769,1.8,1.9284319711547295,0.11574214285713975,0.08002932741715374,1.5807996914895692,-25.0,-26.58079969148957,-1.0632319876595828,SL,10277.983216422172,3.8580714285713253,82.0,50.15628024988935
XAUUSDm,asym_sellBase_buy_body2.5_wick0.35_atr50_closeOff,momentum,2025-11-14 12:10:00+00:00,2025-11-14 12:15:00+00:00,2025-11-14 13:20:00+00:00,SELL,session_breakout,4125.732431492985,4157.72,4068.1548081803567,1.8,0.7815536211987153,0.2434607142857099,0.12483814987278756,0.6403962243860646,45.0,44.359603775613934,1.7743841510245573,TP,10322.342820197786,8.115357142856997,100.0,35.25045599985121
XAUUSDm,asym_sellBase_buy_body2.5_wick0.35_atr50_closeOff,momentum,2025-11-14 13:25:00+00:00,2025-11-14 13:30:00+00:00,2025-11-16 23:00:00+00:00,SELL,session_breakout,4055.4336507711932,4119.67,3939.808222159341,1.8,0.38918774650394883,0.34366928571428257,0.11051458594954203,0.316530428192668,-8.65411464683415,-8.970645075026818,-0.3588258030010727,TIMEOUT,10313.372175122759,11.455642857142752,100.0,46.13312162979941
XAUUSDm,asym_sellBase_buy_body2.5_wick0.35_atr50_closeOff,momentum,2025-11-18 13:35:00+00:00,2025-11-18 13:40:00+00:00,2025-11-19 01:40:00+00:00,BUY,session_breakout,4066.2106251052314,4029.089,4133.029550294648,1.8,0.6734618953003971,0.20224714285714396,0.12250153380293677,0.5476320474961682,-0.5553535862814698,-1.102985633777638,-0.04411942535110552,TIMEOUT,10312.269189488981,6.741571428571466,98.0,23.99220544731655
XAUUSDm,asym_sellBase_buy_body2.5_wick0.35_atr50_closeOff,momentum,2025-11-19 13:10:00+00:00,2025-11-19 13:15:00+00:00,2025-11-19 14:55:00+00:00,SELL,session_breakout,4102.983442305919,4120.01,4072.335638456573,1.8,1.4682944403195959,0.13318928571428126,0.05996305122293046,1.207377555412228,-25.0,-26.20737755541223,-1.0482951022164892,SL,10286.061811933569,4.439642857142709,70.0,38.20990375075074
XAUUSDm,asym_sellBase_buy_body2.5_wick0.35_atr50_closeOff,momentum,2025-12-03 13:50:00+00:00,2025-12-03 13:55:00+00:00,2025-12-03 14:50:00+00:00,BUY,session_breakout,4236.186508072197,4211.353,4280.886822602152,1.8,1.0067043257569066,0.14135571428571309,0.0828302150536226,0.8504174564778653,-25.0,-25.850417456477864,-1.0340166982591146,SL,10260.21139447709,4.711857142857103,100.0,27.83795219721161
XAUUSDm,asym_sellBase_buy_body2.5_wick0.35_atr50_closeOff,momentum,2025-12-16 13:20:00+00:00,2025-12-16 13:25:00+00:00,2025-12-16 14:15:00+00:00,BUY,session_breakout,4301.046920013993,4289.067,4322.6107760391815,1.8,2.086825285210463,0.10657071428571661,0.09563465684998493,1.7996066931123569,45.00000000000076,43.2003933068884,1.728015732275536,TP,10303.411787783978,3.5523571428572205,63.0,29.460394202997385
XAUUSDm,asym_sellBase_buy_body2.5_wick0.35_atr50_closeOff,momentum,2025-12-23 13:50:00+00:00,2025-12-23 13:55:00+00:00,2025-12-23 14:55:00+00:00,SELL,session_breakout,4478.904429919276,4497.359,4445.686203773971,1.8,1.3546779952414973,0.16868357142857154,0.07822829501032212,1.2089946548002612,44.99999999999975,43.79100534519949,1.7516402138079794,TP,10347.202793129178,5.622785714285718,100.0,24.530324010148064
XAUUSDm,asym_sellBase_buy_body2.5_wick0.35_atr50_closeOff,momentum,2025-12-29 13:40:00+00:00,2025-12-29 13:45:00+00:00,2025-12-29 14:40:00+00:00,SELL,session_breakout,4429.313177425376,4467.761,4360.107096791053,1.8,0.6502318811807067,0.21624642857142654,0.07369936033775602,0.5715161279391592,44.999999999999766,44.4284838720606,1.7771393548824241,TP,10391.63127700124,7.208214285714218,73.0,42.45223459079032
XAUUSDm,asym_sellBase_buy_body2.5_wick0.35_atr50_closeOff,momentum,2026-01-07 12:15:00+00:00,2026-01-07 12:20:00+00:00,2026-01-07 16:20:00+00:00,SELL,session_breakout,4442.065988724566,4455.798,4417.348368428784,1.8,1.8205636085315247,0.13742785714285674,0.068297346863427,1.61991273715351,-25.0,-26.61991273715351,-1.0647965094861405,SL,10365.011364264086,4.580928571428558,75.0,24.219487564866068
XAUUSDm,asym_sellBase_buy_body2.5_wick0.35_atr50_closeOff,momentum,2026-01-30 13:20:00+00:00,2026-01-30 13:25:00+00:00,2026-01-30 17:43:00+00:00,SELL,session_breakout,5025.417476113164,5117.524,4859.62573311686,1.8,0.2714248561884231,0.8836500000000017,0.4466988868353718,0.26830464314816077,44.99999999999995,44.73169535685179,1.7892678142740714,TP,10409.743059620938,29.45500000000006,71.0,48.48365673984146
XAUUSDm,asym_sellBase_buy_body2.5_wick0.35_atr50_closeOff,momentum,2026-02-17 13:55:00+00:00,2026-02-17 14:00:00+00:00,2026-02-18 02:00:00+00:00,SELL,session_breakout,4869.832140725084,4924.239,4771.899794030236,1.8,0.45950088524088717,0.3260078571428546,0.24885534634436363,0.4484160761520202,-8.776402244800094,-9.224818320952114,-0.36899273283808454,TIMEOUT,10400.518241299986,10.866928571428486,88.0,20.56358489368482
XAUUSDm,asym_sellBase_buy_body2.5_wick0.35_atr50_closeOff,momentum,2026-02-18 13:05:00+00:00,2026-02-18 13:10:00+00:00,2026-02-19 01:10:00+00:00,BUY,session_breakout,4955.247185296256,4917.985,5022.319118829518,1.8,0.6709214663937475,0.21361500000000172,0.14737779625566869,0.6654128781258453,4.965365453544259,4.2999525754184145,0.1719981030167366,TIMEOUT,10404.818193875404,7.120500000000058,100.0,18.559749289996407
XAUUSDm,asym_sellBase_buy_body2.5_wick0.35_atr50_closeOff,momentum,2026-02-19 13:35:00+00:00,2026-02-19 13:40:00+00:00,2026-02-19 14:30:00+00:00,BUY,session_breakout,4994.742837353989,4971.705,5036.210944591168,1.8,1.085171303879851,0.19561928571427936,0.16602771113095338,1.081530319471195,-25.0,-26.081530319471195,-1.0432612127788479,SL,10378.736663555934,6.520642857142645,99.0,31.84451899181582
XAUUSDm,asym_sellBase_buy_body2.5_wick0.35_atr50_closeOff,momentum,2026-02-24 13:35:00+00:00,2026-02-24 13:40:00+00:00,2026-02-24 14:13:00+00:00,SELL,session_breakout,5138.3380494243465,5161.12,5097.330538388171,1.8,1.097359943652807,0.2371114285714267,0.18139486136788627,1.1232212704770752,44.9999999999998,43.87677872952273,1.755071149180909,TP,10422.613442285456,7.903714285714224,92.0,28.697801795800675
XAUUSDm,asym_sellBase_buy_body2.5_wick0.35_atr50_closeOff,momentum,2026-02-27 13:20:00+00:00,2026-02-27 13:25:00+00:00,2026-03-01 23:01:00+00:00,BUY,session_breakout,5234.958170552637,5182.863,5328.729477547383,1.8,0.47989093297506513,0.19656642857142806,0.11488733835156693,0.5065037727387968,40.61980628407723,40.11330251133843,1.6045321004535373,TIMEOUT,10462.726744796793,6.552214285714269,100.0,21.011152787242228
XAUUSDm,asym_sellBase_buy_body2.5_wick0.35_atr50_closeOff,momentum,2026-03-06 13:30:00+00:00,2026-03-06 13:35:00+00:00,2026-03-08 22:03:00+00:00,BUY,session_breakout,5124.14422123222,5065.362,5229.952219450216,1.8,0.4252986613288601,0.3191828571428576,0.2776298036480203,0.4382319179691151,23.735824198996582,23.297592281027466,0.9319036912410986,TIMEOUT,10486.02433707782,10.639428571428587,100.0,32.269028977247274
XAUUSDm,asym_sellBase_buy_body2.5_wick0.35_atr50_closeOff,momentum,2026-03-11 12:55:00+00:00,2026-03-11 13:00:00+00:00,2026-03-12 01:00:00+00:00,SELL,session_breakout,5166.973412174046,5196.653,5113.550154087327,1.8,0.8423297569563194,0.24058499999999836,0.10029532595519577,0.8699304950541293,5.285966411364401,4.416035916310272,0.1766414366524109,TIMEOUT,10490.440372994131,8.019499999999946,100.0,33.44240933449603
XAUUSDm,asym_sellBase_buy_body2.5_wick0.35_atr50_closeOff,momentum,2026-03-18 12:05:00+00:00,2026-03-18 12:10:00+00:00,2026-03-18 20:28:00+00:00,SELL,session_breakout,4913.209924671353,4966.259,4817.721589079789,1.8,0.4712617485813159,0.37023642857142863,0.1169571143612021,0.45858158004953953,45.00000000000017,44.54141841995063,1.7816567367980252,TP,10534.981791414082,12.341214285714289,100.0,40.301700145599256
XAUUSDm,asym_sellBase_buy_body2.5_wick0.35_atr50_closeOff,momentum,2026-03-19 12:00:00+00:00,2026-03-19 12:05:00+00:00,2026-03-19 13:02:00+00:00,SELL,session_breakout,4630.124191173666,4695.267,4512.867135286266,1.8,0.38377221446880316,0.40764214285714323,0.14798775490554197,0.35088260282245887,44.99999999999986,44.6491173971774,1.785964695887096,TP,10579.63090881126,13.58807142857144,45.0,62.785720474995564
XAUUSDm,asym_sellBase_buy_body2.5_wick0.35_atr50_closeOff,momentum,2026-03-20 13:30:00+00:00,2026-03-20 13:35:00+00:00,2026-03-20 14:15:00+00:00,SELL,session_breakout,4644.782296976657,4681.746,4578.2476315346385,1.8,0.6763391639688241,0.32604642857143384,0.2626798090564371,0.6237896351108774,45.0,44.376210364889126,1.775048414595565,TP,10624.007119176149,10.868214285714462,70.0,18.014851889985096
XAUUSDm,asym_sellBase_buy_body2.5_wick0.35_atr50_closeOff,momentum,2026-03-30 13:40:00+00:00,2026-03-30 13:45:00+00:00,2026-03-31 01:24:00+00:00,SELL,session_breakout,4544.229328638719,4578.633,4482.302720188414,1.8,0.7266666321006723,0.28368857142857123,0.1768270755663523,0.6629279643469995,-25.000000000000004,-25.662927964347002,-1.02651711857388,SL,10598.344191211801,9.456285714285709,89.0,42.69311928505708
XAUUSDm,asym_sellBase_buy_body2.5_wick0.35_atr50_closeOff,momentum,2026-04-09 13:35:00+00:00,2026-04-09 13:40:00+00:00,2026-04-10 01:40:00+00:00,BUY,session_breakout,4770.265059512082,4738.562,4827.33056663383,1.8,0.7885674248717951,0.22024499999999989,0.0909370120812789,0.7525747677345582,2.3964094748960534,1.6438347071614952,0.06575338828645981,TIMEOUT,10599.988025918963,7.341499999999996,85.0,19.548493915416145
XAUUSDm,asym_sellBase_buy_body2.5_wick0.35_atr50_closeOff,momentum,2026-04-17 12:45:00+00:00,2026-04-17 12:50:00+00:00,2026-04-19 22:01:00+00:00,BUY,session_breakout,4836.4950757991,4800.857,4900.64361223748,1.8,0.7014969085573158,0.21645000000000436,0.14085079909978895,0.6760572687851499,-25.0,-25.67605726878515,-1.027042290751406,SL,10574.311968650178,7.2150000000001455,100.0,20.33483815266089
XAUUSDm,asym_sellBase_buy_body2.5_wick0.35_atr50_closeOff,momentum,2026-04-20 13:25:00+00:00,2026-04-20 13:30:00+00:00,2026-04-20 14:51:00+00:00,BUY,session_breakout,4824.34456848224,4799.549,4868.976591750272,1.8,1.0082446796050033,0.2057849999999988,0.08367598223978005,0.9703239487507028,-25.0,-25.970323948750703,-1.038812957950028,SL,10548.341644701428,6.859499999999961,99.0,18.41847392036155
XAUUSDm,asym_sellBase_buy_body2.5_wick0.35_atr50_closeOff,momentum,2026-04-29 12:50:00+00:00,2026-04-29 12:55:00+00:00,2026-04-30 00:45:00+00:00,SELL,session_breakout,4544.9147689091715,4568.888,4501.76295294568,1.8,1.0428298090182915,0.17339357142857026,0.13653430511381826,0.9504145200931928,-25.0,-25.950414520093194,-1.0380165808037278,SL,10522.391230181334,5.7797857142856754,95.0,20.702548664922677
XAUUSDm,asym_sellBase_buy_body2.5_wick0.35_atr50_closeOff,momentum,2026-05-01 13:50:00+00:00,2026-05-01 13:55:00+00:00,2026-05-03 22:03:00+00:00,BUY,session_breakout,4617.048413703064,4586.483,4672.06615836858,1.8,0.8179179330883297,0.22602857142856853,0.1383994173498928,0.7560369134457682,7.635743448157314,6.879706534711546,0.2751882613884618,TIMEOUT,10529.270936716046,7.534285714285618,100.0,38.294848342025965
XAUUSDm,buy_strict_body2.5_wick0.35_atr50_close20,momentum,2025-01-07 13:15:00+00:00,2025-01-07 13:20:00+00:00,2025-01-07 15:00:00+00:00,BUY,session_breakout,2658.0325826536314,2647.585,2676.838231430168,1.8,2.39289803477272,0.06974571428571283,0.058709796488312295,1.2695801886787463,-25.0,-26.269580188678745,-1.0507832075471497,SL,9973.730419811322,2.3248571428570943,100.0,31.649388544774304
XAUUSDm,buy_strict_body2.5_wick0.35_atr50_close20,momentum,2025-01-15 13:55:00+00:00,2025-01-15 14:00:00+00:00,2025-01-15 14:30:00+00:00,BUY,session_breakout,2693.947934681974,2682.127,2715.2256171095273,1.8,2.1148919838059044,0.10109571428571404,0.06138682483164762,1.136981778369876,-25.0,-26.136981778369876,-1.045479271134795,SL,9947.59343803295,3.3698571428571347,100.0,29.527297783745972
XAUUSDm,buy_strict_body2.5_wick0.35_atr50_close20,momentum,2025-01-24 13:40:00+00:00,2025-01-24 13:45:00+00:00,2025-01-24 14:15:00+00:00,BUY,session_breakout,2783.992634532487,2777.85,2795.049376690964,1.8,4.0699149310902545,0.05255785714285528,0.04735560391535518,2.263622638265813,-25.0,-27.26362263826581,-1.0905449055306324,SL,9920.329815394685,1.7519285714285096,50.0,34.62164324979766
XAUUSDm,buy_strict_body2.5_wick0.35_atr50_close20,momentum,2025-02-24 13:55:00+00:00,2025-02-24 14:00:00+00:00,2025-02-24 14:20:00+00:00,BUY,session_breakout,2954.4868171148405,2946.923,2968.101687921554,1.8,3.305209475642698,0.07127785714285698,0.05617818626875944,1.9505395647178811,-25.0,-26.950539564717882,-1.0780215825887154,SL,9893.379275829968,2.375928571428566,88.0,20.21311523242239
XAUUSDm,buy_strict_body2.5_wick0.35_atr50_close20,momentum,2025-04-02 12:25:00+00:00,2025-04-02 12:30:00+00:00,2025-04-02 13:50:00+00:00,BUY,session_breakout,3125.910177536203,3117.046,3141.8656971013684,1.8,2.8203406235824184,0.08566285714285543,0.031346107631591534,1.7607262918750166,-25.0,-26.760726291875017,-1.0704290516750006,SL,9866.618549538092,2.8554285714285146,72.0,23.02494613702874
XAUUSDm,buy_strict_body2.5_wick0.35_atr50_close20,momentum,2025-04-21 13:00:00+00:00,2025-04-21 13:05:00+00:00,2025-04-22 01:05:00+00:00,BUY,session_breakout,3421.3926626884327,3398.008,3463.4850555276116,1.8,1.0690767847750982,0.13261714285714366,0.13035411700428698,0.7327003979063736,11.541044503613167,10.808344105706793,0.4323337642282717,TIMEOUT,9877.426893643798,4.4205714285714555,100.0,28.364920124046165
XAUUSDm,buy_strict_body2.5_wick0.35_atr50_close20,momentum,2025-05-15 12:50:00+00:00,2025-05-15 12:55:00+00:00,2025-05-15 15:05:00+00:00,BUY,session_breakout,3188.675533128435,3177.747,3208.3468927596177,1.8,2.2875897164050687,0.1302021428571457,0.10843205700609898,1.4633762717074115,44.999999999999794,43.53662372829238,1.7414649491316951,TP,9920.96351737209,4.340071428571524,65.0,28.573355861432
XAUUSDm,buy_strict_body2.5_wick0.35_atr50_close20,momentum,2025-05-29 12:55:00+00:00,2025-05-29 13:00:00+00:00,2025-05-30 01:00:00+00:00,BUY,session_breakout,3316.570022740254,3304.421,3338.4382636727114,1.8,2.0577786818330526,0.11555142857142948,0.09824702596806102,1.3641002581993624,-8.53159720928976,-9.895697467489123,-0.3958278986995649,TIMEOUT,9911.067819904601,3.8517142857143165,100.0,37.63242241008216
XAUUSDm,buy_strict_body2.5_wick0.35_atr50_close20,momentum,2025-05-30 12:10:00+00:00,2025-05-30 12:15:00+00:00,2025-05-30 13:40:00+00:00,BUY,session_breakout,3302.9738242003214,3288.365,3329.2697077609,1.8,1.7112944653991855,0.14142642857142912,0.05511098603585881,1.1279721649424785,-25.0,-26.127972164942477,-1.045118886597699,SL,9884.939847739659,4.714214285714304,100.0,26.073140583746437
XAUUSDm,buy_strict_body2.5_wick0.35_atr50_close20,momentum,2025-06-11 12:15:00+00:00,2025-06-11 12:20:00+00:00,2025-06-11 12:35:00+00:00,BUY,session_breakout,3338.107411745496,3327.196,3357.7479528873887,1.8,2.291179233550545,0.09899999999999863,0.06091174549616196,1.534140476230488,44.999999999999794,43.4658595237693,1.738634380950772,TP,9928.405707263428,3.2999999999999545,97.0,30.652943272538636
XAUUSDm,buy_strict_body2.5_wick0.35_atr50_close20,momentum,2025-06-20 13:50:00+00:00,2025-06-20 13:55:00+00:00,2025-06-22 22:05:00+00:00,BUY,session_breakout,3372.06179037462,3348.68,3414.149013048937,1.8,1.0692081144964911,0.11116928571428453,0.06220573176302817,0.7220638028755187,9.766371050967987,9.044307248092467,0.3617722899236987,TIMEOUT,9937.45001451152,3.7056428571428177,98.0,19.55623931036536
XAUUSDm,buy_strict_body2.5_wick0.35_atr50_close20,momentum,2025-07-18 12:00:00+00:00,2025-07-18 12:05:00+00:00,2025-07-18 14:15:00+00:00,BUY,session_breakout,3358.314316033135,3351.982,3369.7124848927783,1.8,3.948002574284403,0.058890000000000914,0.05587103313530677,2.6492267129909965,-25.0,-27.649226712990995,-1.1059690685196397,SL,9909.80078779853,1.9630000000000305,82.0,31.83987434693921
XAUUSDm,buy_strict_body2.5_wick0.35_atr50_close20,momentum,2025-07-21 12:20:00+00:00,2025-07-21 12:25:00+00:00,2025-07-21 14:25:00+00:00,BUY,session_breakout,3380.9825381994037,3371.579,3397.90890695833,1.8,2.658573769773774,0.06679285714285828,0.05014177083222946,1.8022182984240187,45.0,43.197781701575984,1.7279112680630393,TP,9952.998569500105,2.226428571428609,94.0,27.99741884698307
XAUUSDm,buy_strict_body2.5_wick0.35_atr50_close20,momentum,2025-07-22 12:55:00+00:00,2025-07-22 13:00:00+00:00,2025-07-22 16:50:00+00:00,BUY,session_breakout,3407.6283165068717,3393.754,3432.602086219241,1.8,1.8018905643112462,0.08744357142857,0.0765947211576843,1.2325346620387099,45.0,43.76746533796129,1.7506986135184517,TP,9996.766034838067,2.914785714285667,100.0,24.906157185601465
XAUUSDm,buy_strict_body2.5_wick0.35_atr50_close20,momentum,2025-08-01 12:30:00+00:00,2025-08-01 12:35:00+00:00,2025-08-03 22:05:00+00:00,BUY,session_breakout,3328.1244563959494,3296.811,3384.4886779086582,1.8,0.7983788082632105,0.12649285714285852,0.077209967378024,0.5342372119340334,28.16404484224694,27.629807630312907,1.1051923052125163,TIMEOUT,10024.39584246838,4.216428571428618,100.0,27.262211762494214
XAUUSDm,buy_strict_body2.5_wick0.35_atr50_close20,momentum,2025-08-04 13:00:00+00:00,2025-08-04 13:05:00+00:00,2025-08-05 01:05:00+00:00,BUY,session_breakout,3372.3428967901377,3361.037,3392.693511012386,1.8,2.2112354697778045,0.08956285714285676,0.041115361566431766,1.4934635487477648,20.547028206484125,19.05356465773636,0.7621425863094544,TIMEOUT,10043.449407126116,2.985428571428559,100.0,18.452596237814085
XAUUSDm,buy_strict_body2.5_wick0.35_atr50_close20,momentum,2025-08-05 12:25:00+00:00,2025-08-05 12:30:00+00:00,2025-08-05 14:00:00+00:00,BUY,session_breakout,3360.915518680889,3349.903,3380.7380523064894,1.8,2.27014370866716,0.08291357142857188,0.057061895174577285,1.5304522440190491,45.000000000000206,43.469547755981154,1.738781910239246,TP,10086.918954882098,2.763785714285729,100.0,39.83255098002978
XAUUSDm,buy_strict_body2.5_wick0.35_atr50_close20,momentum,2025-08-06 12:50:00+00:00,2025-08-06 12:55:00+00:00,2025-08-07 00:55:00+00:00,BUY,session_breakout,3368.557001010891,3360.141,3383.705802830494,1.8,2.970531962585145,0.07221857142856997,0.024891725176405297,2.002403811586935,11.22563728372498,9.223233472138045,0.36892933888552176,TIMEOUT,10096.142188354235,2.4072857142856656,95.0,26.669520520968696
XAUUSDm,buy_strict_body2.5_wick0.35_atr50_close20,momentum,2025-08-20 12:00:00+00:00,2025-08-20 12:05:00+00:00,2025-08-20 13:40:00+00:00,BUY,session_breakout,3334.608596707676,3328.646,3345.3412707814928,1.8,4.192804112982627,0.05190642857142652,0.045643493390191234,2.8007721278926336,45.00000000000077,42.19922787210813,1.6879691148843252,TP,10138.341416226343,1.7302142857142175,98.0,33.17162831817436
XAUUSDm,buy_strict_body2.5_wick0.35_atr50_close20,momentum,2025-08-28 12:05:00+00:00,2025-08-28 12:10:00+00:00,2025-08-28 12:30:00+00:00,BUY,session_breakout,3408.118446045362,3401.401,3420.209848927014,1.8,3.72165251960018,0.06637285714285845,0.04925961679046837,2.5342665203641146,-25.0,-27.534266520364113,-1.1013706608145646,SL,10110.80714970598,2.212428571428615,100.0,28.685871396469178
XAUUSDm,buy_strict_body2.5_wick0.35_atr50_close20,momentum,2025-08-29 13:30:00+00:00,2025-08-29 13:35:00+00:00,2025-08-29 14:10:00+00:00,BUY,session_breakout,3421.049690325572,3413.653,3434.3637329116023,1.8,3.3798900453583154,0.08168142857142845,0.06784961128628988,2.31705435860151,45.0,42.68294564139849,1.7073178256559396,TP,10153.490095347377,2.7227142857142814,100.0,20.979330941647344
XAUUSDm,buy_strict_body2.5_wick0.35_atr50_close20,momentum,2025-09-04 13:35:00+00:00,2025-09-04 13:40:00+00:00,2025-09-04 14:00:00+00:00,BUY,session_breakout,3558.04575400537,3539.71,3591.0501112150355,1.8,1.363456337420237,0.13142357142856975,0.07204221965562994,0.9677480064259575,-25.0,-25.967748006425957,-1.0387099202570382,SL,10127.522347340951,4.3807857142856585,99.0,19.552379694708875
XAUUSDm,buy_strict_body2.5_wick0.35_atr50_close20,momentum,2025-10-22 13:00:00+00:00,2025-10-22 13:05:00+00:00,2025-10-22 14:45:00+00:00,BUY,session_breakout,4066.751573620384,4023.09,4145.342406137075,1.8,0.5725858673203764,0.39714642857142374,0.3890004060982679,0.4632128953915866,-25.000000000000004,-25.46321289539159,-1.0185285158156634,SL,10102.05913444556,13.238214285714125,64.0,38.975027111375816
XAUUSDm,buy_strict_body2.5_wick0.35_atr50_close20,momentum,2025-10-24 12:30:00+00:00,2025-10-24 12:35:00+00:00,2025-10-26 22:05:00+00:00,BUY,session_breakout,4089.972065084092,4058.775,4146.126782235457,1.8,0.8013574332268909,0.19440642857142945,0.179861869806,0.6554449948286076,-0.6090838048732024,-1.26452879970181,-0.0505811519880724,TIMEOUT,10100.794605645859,6.4802142857143155,74.0,42.41032507024094
XAUUSDm,buy_strict_body2.5_wick0.35_atr50_close20,momentum,2025-11-10 13:00:00+00:00,2025-11-10 13:05:00+00:00,2025-11-10 13:50:00+00:00,BUY,session_breakout,4105.165657956028,4092.184,4128.532642276877,1.8,1.925794076895423,0.11574214285713975,0.09778688459830788,1.5786407417532442,-25.0,-26.578640741753244,-1.0631456296701298,SL,10074.215964904106,3.8580714285713253,82.0,50.15628024988935
XAUUSDm,buy_strict_body2.5_wick0.35_atr50_close20,momentum,2025-11-18 13:35:00+00:00,2025-11-18 13:40:00+00:00,2025-11-19 01:40:00+00:00,BUY,session_breakout,4066.1763533000726,4029.089,4132.933589240203,1.8,0.6740842302152367,0.20224714285714396,0.08822972864386994,0.5481357949371478,-0.5327646958775364,-1.0809004908146842,-0.043236019632587365,TIMEOUT,10073.13506441329,6.741571428571466,98.0,23.99220544731655
XAUUSDm,buy_strict_body2.5_wick0.35_atr50_close20,momentum,2025-12-03 13:50:00+00:00,2025-12-03 13:55:00+00:00,2025-12-03 14:50:00+00:00,BUY,session_breakout,4236.192266148027,4211.353,4280.902945214474,1.8,1.0064709581601785,0.14135571428571309,0.08858829088349983,0.8502208978121486,-25.0,-25.85022089781215,-1.034008835912486,SL,10047.28484351548,4.711857142857103,100.0,27.83795219721161
XAUUSDm,buy_strict_body2.5_wick0.35_atr50_close20,momentum,2025-12-16 13:20:00+00:00,2025-12-16 13:25:00+00:00,2025-12-16 14:15:00+00:00,BUY,session_breakout,4300.986524310455,4289.067,4322.441668069274,1.8,2.0973991368155236,0.10657071428571661,0.03523895331155943,1.8086770847087894,44.99999999999962,43.19132291529083,1.727652916611633,TP,10090.47616643077,3.5523571428572205,63.0,29.460394202997385
XAUUSDm,buy_strict_body2.5_wick0.35_atr50_close20,momentum,2026-02-19 13:35:00+00:00,2026-02-19 13:40:00+00:00,2026-02-19 14:30:00+00:00,BUY,session_breakout,4994.656622828734,4971.705,5035.969543920455,1.8,1.08924759641404,0.19561928571427936,0.07981318587631468,1.085583544265933,-25.0,-26.085583544265933,-1.0434233417706373,SL,10064.390582886504,6.520642857142645,99.0,31.84451899181582
XAUUSDm,buy_strict_body2.5_wick0.35_atr50_close20,momentum,2026-02-27 13:20:00+00:00,2026-02-27 13:25:00+00:00,2026-03-01 23:01:00+00:00,BUY,session_breakout,5234.996238288151,5182.863,5328.836067206823,1.8,0.47954051620234905,0.19656642857142806,0.1529550738662536,0.5061357487497103,40.571890644992806,40.06575489624309,1.6026301958497238,TIMEOUT,10104.456337782747,6.552214285714269,100.0,21.011152787242228
XAUUSDm,buy_strict_body2.5_wick0.35_atr50_close20,momentum,2026-03-06 13:30:00+00:00,2026-03-06 13:35:00+00:00,2026-03-08 22:03:00+00:00,BUY,session_breakout,5124.1287470046855,5065.362,5229.9088916131195,1.8,0.4254106492912869,0.3191828571428576,0.2621555761130293,0.4383466531754411,23.748657123586998,23.310310470411558,0.9324124188164623,TIMEOUT,10127.766648253159,10.639428571428587,100.0,32.269028977247274
XAUUSDm,buy_strict_body2.5_wick0.35_atr50_close20,momentum,2026-04-09 13:35:00+00:00,2026-04-09 13:40:00+00:00,2026-04-10 01:40:00+00:00,BUY,session_breakout,4770.389358426714,4738.562,4827.678603594801,1.8,0.785487745002932,0.22024499999999989,0.21523592671398067,0.7496454175110059,2.2894152368920095,1.5397698193810037,0.06159079277524015,TIMEOUT,10129.30641807254,7.341499999999996,85.0,19.548493915416145
XAUUSDm,buy_strict_body2.5_wick0.35_atr50_close20,momentum,2026-04-17 13:05:00+00:00,2026-04-17 13:10:00+00:00,2026-04-19 22:01:00+00:00,BUY,session_breakout,4862.692251748607,4811.482,4954.8707048961005,1.8,0.4881835012787235,0.27648857142857586,0.14600746289334798,0.47227722581991105,-25.0,-25.472277225819912,-1.0188910890327965,SL,10103.83414084672,9.216285714285862,100.0,23.682725240557893
XAUUSDm,buy_strict_body2.5_wick0.35_atr50_close20,momentum,2026-04-20 13:25:00+00:00,2026-04-20 13:30:00+00:00,2026-04-20 14:51:00+00:00,BUY,session_breakout,4824.375992535425,4799.549,4869.06457909919,1.8,1.0069685228417378,0.2057849999999988,0.11510003542446917,0.9690989533673079,-24.999999999999996,-25.969098953367304,-1.0387639581346924,SL,10077.865041893354,6.859499999999961,99.0,18.41847392036155
XAUUSDm,buy_strict_body2.5_wick0.35_atr50_close20,momentum,2026-05-01 13:50:00+00:00,2026-05-01 13:55:00+00:00,2026-05-03 22:03:00+00:00,BUY,session_breakout,4617.052115977603,4586.483,4672.076524737287,1.8,0.8178188737390096,0.22602857142856853,0.14210169188862792,0.7559456513847288,7.631790881060092,6.875845229675363,0.27503380918701453,TIMEOUT,10084.74088712303,7.534285714285618,100.0,38.294848342025965
XAUUSDm,asym_sellBase_buy_body2.5_wick0.35_atr50_close20,momentum,2025-01-03 13:15:00+00:00,2025-01-03 13:20:00+00:00,2025-01-03 16:50:00+00:00,SELL,session_breakout,2652.005430036269,2658.656,2640.0344041015533,1.8,3.7590763102016957,0.04961357142857001,0.04176317801689456,1.98931815731512,45.0,43.01068184268488,1.7204272737073953,TP,10043.010681842685,1.653785714285667,73.0,20.836599199556407
XAUUSDm,asym_sellBase_buy_body2.5_wick0.35_atr50_close20,momentum,2025-01-06 13:30:00+00:00,2025-01-06 13:35:00+00:00,2025-01-06 14:15:00+00:00,SELL,session_breakout,2638.225875719044,2648.848,2619.106052013323,1.8,2.353578186316398,0.09765428571428304,0.05929713809885488,1.2373541743335637,45.00000000000021,43.76264582566665,1.750505833026666,TP,10086.773327668352,3.255142857142768,99.0,33.51748168707531
XAUUSDm,asym_sellBase_buy_body2.5_wick0.35_atr50_close20,momentum,2025-01-07 13:15:00+00:00,2025-01-07 13:20:00+00:00,2025-01-07 15:00:00+00:00,BUY,session_breakout,2658.0367150390744,2647.585,2676.8498021094083,1.8,2.3919519338726816,0.06974571428571283,0.06284218193162648,1.2690792121684609,-25.0,-26.26907921216846,-1.0507631684867385,SL,10060.504248456184,2.3248571428570943,100.0,31.649388544774304
XAUUSDm,asym_sellBase_buy_body2.5_wick0.35_atr50_close20,momentum,2025-01-13 12:00:00+00:00,2025-01-13 12:05:00+00:00,2025-01-13 17:35:00+00:00,SELL,session_breakout,2673.064954967965,2680.55,2659.591873910302,1.8,3.3399932656387783,0.06136285714285707,0.048363603463073,1.7811037896416055,44.999999999999694,43.21889621035809,1.7287558484143235,TP,10103.723144666541,2.045428571428569,66.0,19.272499199964653
XAUUSDm,asym_sellBase_buy_body2.5_wick0.35_atr50_close20,momentum,2025-01-15 13:55:00+00:00,2025-01-15 14:00:00+00:00,2025-01-15 14:30:00+00:00,BUY,session_breakout,2693.9235412198063,2682.127,2715.157315415458,1.8,2.119265260398956,0.10109571428571404,0.03699336266367949,1.1393277150156143,-25.0,-26.139327715015614,-1.0455731086006246,SL,10077.583816951525,3.3698571428571347,100.0,29.527297783745972
XAUUSDm,asym_sellBase_buy_body2.5_wick0.35_atr50_close20,momentum,2025-01-23 13:10:00+00:00,2025-01-23 13:15:00+00:00,2025-01-23 14:30:00+00:00,SELL,session_breakout,2740.6472082537293,2746.514,2730.086983110442,1.8,4.261272784378476,0.08819785714285834,0.08669281769938418,2.338229072022893,-25.0,-27.338229072022894,-1.0935291628809158,SL,10050.2455878795,2.9399285714286116,100.0,21.034694030739566
XAUUSDm,asym_sellBase_buy_body2.5_wick0.35_atr50_close20,momentum,2025-01-24 13:40:00+00:00,2025-01-24 13:45:00+00:00,2025-01-24 14:15:00+00:00,BUY,session_breakout,2783.9890489959203,2777.85,2795.039337188577,1.8,4.0722919814801175,0.05255785714285528,0.04377006734893167,2.264943256150909,-25.0,-27.264943256150907,-1.0905977302460363,SL,10022.98064462335,1.7519285714285096,50.0,34.62164324979766
XAUUSDm,asym_sellBase_buy_body2.5_wick0.35_atr50_close20,momentum,2025-02-11 12:45:00+00:00,2025-02-11 12:50:00+00:00,2025-02-11 13:15:00+00:00,SELL,session_breakout,2896.6837180655875,2904.236,2883.0896105836455,1.8,3.310257776008898,0.08019428571428665,0.06818479155531358,1.9132539604729955,44.9999999999994,43.08674603952641,1.7234698415810563,TP,10066.067390662876,2.673142857142888,57.99999999999999,33.99080280425428
XAUUSDm,asym_sellBase_buy_body2.5_wick0.35_atr50_close20,momentum,2025-02-12 13:15:00+00:00,2025-02-12 13:20:00+00:00,2025-02-12 14:00:00+00:00,SELL,session_breakout,2874.182878001341,2885.902,2853.088458403755,1.8,2.133265615193773,0.08443714285714382,0.03290342723006404,1.228779101083788,-25.0,-26.228779101083788,-1.0491511640433515,SL,10039.838611561792,2.814571428571461,97.0,21.687231563201554
XAUUSDm,asym_sellBase_buy_body2.5_wick0.35_atr50_close20,momentum,2025-02-13 13:00:00+00:00,2025-02-13 13:05:00+00:00,2025-02-13 18:50:00+00:00,SELL,session_breakout,2913.9860818039565,2921.369,2900.696829051078,1.8,3.3861949077800944,0.06448499999999967,0.03967569604363675,1.9759649663093253,-25.0,-26.975964966309327,-1.0790385986523732,SL,10012.862646595482,2.149499999999989,60.0,18.43714716473585
XAUUSDm,asym_sellBase_buy_body2.5_wick0.35_atr50_close20,momentum,2025-02-14 13:40:00+00:00,2025-02-14 13:45:00+00:00,2025-02-14 16:45:00+00:00,SELL,session_breakout,2917.8605790217816,2933.321,2890.0318212609886,1.8,1.6170322939602837,0.10798928571428665,0.06042633536108763,0.9391549571103746,45.00000000000015,44.060845042889774,1.762433801715591,TP,10056.923491638372,3.5996428571428885,100.0,18.863435153374482
XAUUSDm,asym_sellBase_buy_body2.5_wick0.35_atr50_close20,momentum,2025-02-24 13:55:00+00:00,2025-02-24 14:00:00+00:00,2025-02-24 14:20:00+00:00,BUY,session_breakout,2954.4982627614504,2946.923,2968.1337357320617,1.8,3.3002155551911976,0.07127785714285698,0.06762383287896355,1.9475962249101417,-25.0,-26.947596224910143,-1.0779038489964057,SL,10029.975895413461,2.375928571428566,88.0,20.21311523242239
XAUUSDm,asym_sellBase_buy_body2.5_wick0.35_atr50_close20,momentum,2025-02-28 12:50:00+00:00,2025-02-28 12:55:00+00:00,2025-02-28 14:40:00+00:00,SELL,session_breakout,2855.017046716564,2864.502,2837.9441308063792,1.8,2.6357536250240368,0.06792428571428445,0.05099114057876012,1.5005243060777207,45.0,43.49947569392228,1.7399790277568912,TP,10073.475371107384,2.264142857142815,71.0,21.169540131150995
XAUUSDm,asym_sellBase_buy_body2.5_wick0.35_atr50_close20,momentum,2025-03-03 13:05:00+00:00,2025-03-03 13:10:00+00:00,2025-03-03 14:30:00+00:00,SELL,session_breakout,2871.0352858141014,2877.716,2859.010000279484,1.8,3.7421148853769775,0.057207857142854465,0.05011025732709182,2.151248775897499,-25.0,-27.1512487758975,-1.0860499510359,SL,10046.324122331487,1.9069285714284823,70.0,19.71262015212677
XAUUSDm,asym_sellBase_buy_body2.5_wick0.35_atr50_close20,momentum,2025-03-05 13:30:00+00:00,2025-03-05 13:35:00+00:00,2025-03-05 15:05:00+00:00,SELL,session_breakout,2908.6748671978803,2917.269,2893.2054281540654,1.8,2.908961331599918,0.08657571428571535,0.05284494497724768,1.6947445429750323,-25.0,-26.694744542975034,-1.0677897817190014,SL,10019.629377788513,2.8858571428571786,100.0,18.538773727042578
XAUUSDm,asym_sellBase_buy_body2.5_wick0.35_atr50_close20,momentum,2025-03-21 13:45:00+00:00,2025-03-21 13:50:00+00:00,2025-03-23 22:05:00+00:00,SELL,session_breakout,3010.6974627259074,3036.851,2963.6210956325403,1.8,0.9558936421485358,0.11942571428571715,0.05482441694947938,0.576841900914075,-12.605883035902185,-13.18272493681626,-0.5273089974726504,TIMEOUT,10006.446652851697,3.9808571428572384,100.0,18.011965333720443
XAUUSDm,asym_sellBase_buy_body2.5_wick0.35_atr50_close20,momentum,2025-03-26 13:00:00+00:00,2025-03-26 13:05:00+00:00,2025-03-26 14:00:00+00:00,SELL,session_breakout,3024.7903770359717,3029.994,3015.4238557007207,1.8,4.804345005935233,0.06616928571428649,0.04553832117167919,2.9019273083827444,44.999999999999126,42.09807269161638,1.683922907664655,TP,10048.544725543314,2.205642857142883,100.0,19.750277906197685
XAUUSDm,asym_sellBase_buy_body2.5_wick0.35_atr50_close20,momentum,2025-04-02 12:25:00+00:00,2025-04-02 12:30:00+00:00,2025-04-02 13:50:00+00:00,BUY,session_breakout,3125.908357023659,3117.046,3141.8605996662454,1.8,2.8209199802331963,0.08566285714285543,0.02952559508788732,1.7610874681411928,-25.0,-26.76108746814119,-1.0704434987256477,SL,10021.783638075172,2.8554285714285146,72.0,23.02494613702874
XAUUSDm,asym_sellBase_buy_body2.5_wick0.35_atr50_close20,momentum,2025-04-03 12:20:00+00:00,2025-04-03 12:25:00+00:00,2025-04-03 14:00:00+00:00,SELL,session_breakout,3080.657154197271,3097.309,3050.683831752359,1.8,1.5013350649633614,0.14053499999999824,0.1235783027291827,0.9275197217453209,-25.0,-25.92751972174532,-1.0371007888698127,SL,9995.856118353428,4.684499999999941,68.0,45.51265925747012
XAUUSDm,asym_sellBase_buy_body2.5_wick0.35_atr50_close20,momentum,2025-04-21 13:00:00+00:00,2025-04-21 13:05:00+00:00,2025-04-22 01:05:00+00:00,BUY,session_breakout,3421.360732383785,3398.008,3463.3956506745985,1.8,1.070538538666188,0.13261714285714366,0.09842381235644297,0.7336988044643644,11.59100725161062,10.857308447146256,0.43429233788585025,TIMEOUT,10006.713426800574,4.4205714285714555,100.0,28.364920124046165
XAUUSDm,asym_sellBase_buy_body2.5_wick0.35_atr50_close20,momentum,2025-04-23 13:25:00+00:00,2025-04-23 13:30:00+00:00,2025-04-23 14:00:00+00:00,SELL,session_breakout,3299.621611500795,3320.54,3261.9685122022265,1.8,1.1951207427355257,0.2031985714285695,0.16878921349057333,0.7841892462166046,44.99999999999978,44.215810753783174,1.768632430151327,TP,10050.929237554357,6.773285714285651,78.0,22.560104668224394
XAUUSDm,asym_sellBase_buy_body2.5_wick0.35_atr50_close20,momentum,2025-04-25 13:20:00+00:00,2025-04-25 13:25:00+00:00,2025-04-25 19:30:00+00:00,SELL,session_breakout,3270.415729962514,3298.252,3220.310443895039,1.8,0.8981088330560637,0.20633142857142858,0.11310432320036173,0.5899378509689657,-25.0,-25.589937850968965,-1.0235975140387585,SL,10025.339299703388,6.877714285714286,89.0,31.5080885248663
XAUUSDm,asym_sellBase_buy_body2.5_wick0.35_atr50_close20,momentum,2025-04-30 12:00:00+00:00,2025-04-30 12:05:00+00:00,2025-04-30 12:15:00+00:00,SELL,session_breakout,3267.557260289804,3281.671,3242.152528811452,1.8,1.7713235834964554,0.11945999999999815,0.11700971019594877,1.1600802471152794,-25.0,-26.16008024711528,-1.0464032098846112,SL,9999.179219456273,3.9819999999999385,85.0,43.24131785778276
XAUUSDm,asym_sellBase_buy_body2.5_wick0.35_atr50_close20,momentum,2025-05-02 13:00:00+00:00,2025-05-02 13:05:00+00:00,2025-05-02 14:55:00+00:00,SELL,session_breakout,3243.9565422096316,3263.926,3208.0115181869687,1.8,1.2519118076434708,0.15889714285714296,0.14700921893956836,0.8147294997349046,-24.999999999999996,-25.814729499734902,-1.0325891799893963,SL,9973.364489956539,5.296571428571432,100.0,20.422343309001352
XAUUSDm,asym_sellBase_buy_body2.5_wick0.35_atr50_close20,momentum,2025-05-14 12:50:00+00:00,2025-05-14 12:55:00+00:00,2025-05-15 00:55:00+00:00,SELL,session_breakout,3186.1560070002006,3221.493,3122.5494196005616,1.8,0.7074738928731699,0.21265500000000104,0.17966549979915544,0.45094272785437584,-1.1828913964247607,-1.6338341242791365,-0.06535336497116546,TIMEOUT,9971.73065583226,7.088500000000034,100.0,20.548243138493692
XAUUSDm,asym_sellBase_buy_body2.5_wick0.35_atr50_close20,momentum,2025-05-15 12:50:00+00:00,2025-05-15 12:55:00+00:00,2025-05-15 15:05:00+00:00,BUY,session_breakout,3188.6239013780773,3177.747,3208.2023238586166,1.8,2.298448715402326,0.1302021428571457,0.0568003066488342,1.470277702004719,44.99999999999958,43.52972229799486,1.7411888919197946,TP,10015.260378130255,4.340071428571524,65.0,28.573355861432
XAUUSDm,asym_sellBase_buy_body2.5_wick0.35_atr50_close20,momentum,2025-05-28 13:35:00+00:00,2025-05-28 13:40:00+00:00,2025-05-28 20:50:00+00:00,SELL,session_breakout,3303.687758470749,3316.438,3280.7373237180973,1.8,1.9607471703689727,0.11382000000000095,0.07133152925094831,1.2910392848408272,44.999999999999645,43.70896071515882,1.7483584286063527,TP,10058.969338845414,3.7940000000000316,98.0,19.47008735358178
XAUUSDm,asym_sellBase_buy_body2.5_wick0.35_atr50_close20,momentum,2025-05-29 12:55:00+00:00,2025-05-29 13:00:00+00:00,2025-05-30 01:00:00+00:00,BUY,session_breakout,3316.509984254257,3304.421,3338.270155911919,1.8,2.067998392106154,0.11555142857142948,0.038208539970894656,1.3708624820815645,-8.449808867974125,-9.82067135005569,-0.3928268540022276,TIMEOUT,10049.14866749536,3.8517142857143165,100.0,37.63242241008216
XAUUSDm,asym_sellBase_buy_body2.5_wick0.35_atr50_close20,momentum,2025-05-30 12:10:00+00:00,2025-05-30 12:15:00+00:00,2025-05-30 13:40:00+00:00,BUY,session_breakout,3302.9764155711373,3288.365,3329.276963599185,1.8,1.7109909630784477,0.14142642857142912,0.057702356851877926,1.127772559660692,-25.0,-26.12777255966069,-1.0451109023864276,SL,10023.020894935698,4.714214285714304,100.0,26.073140583746437
XAUUSDm,asym_sellBase_buy_body2.5_wick0.35_atr50_close20,momentum,2025-06-03 13:45:00+00:00,2025-06-03 13:50:00+00:00,2025-06-04 01:20:00+00:00,SELL,session_breakout,3343.7858902989415,3363.095,3309.0294928370363,1.8,1.2947256702689793,0.12839785714285493,0.09991077248685738,0.8683570856106506,-25.0,-25.86835708561065,-1.034734283424426,SL,9997.152537850088,4.279928571428497,100.0,26.21077909916798
XAUUSDm,asym_sellBase_buy_body2.5_wick0.35_atr50_close20,momentum,2025-06-11 12:15:00+00:00,2025-06-11 12:20:00+00:00,2025-06-11 12:35:00+00:00,BUY,session_breakout,3338.1278120174043,3327.196,3357.805073648732,1.8,2.286903576479171,0.09899999999999863,0.0813120174044106,1.5312952864094385,45.0,43.46870471359056,1.7387481885436225,TP,10040.621242563679,3.2999999999999545,97.0,30.652943272538636
XAUUSDm,asym_sellBase_buy_body2.5_wick0.35_atr50_close20,momentum,2025-06-16 13:50:00+00:00,2025-06-16 13:55:00+00:00,2025-06-17 01:55:00+00:00,SELL,session_breakout,3389.674473613189,3417.401,3339.76672611693,1.8,0.9016636145194253,0.17297357142857242,0.1690396010963052,0.6116312028217114,-3.6197523725153964,-4.231383575337108,-0.16925534301348433,TIMEOUT,10036.389858988341,5.765785714285747,100.0,35.415918947083775
XAUUSDm,asym_sellBase_buy_body2.5_wick0.35_atr50_close20,momentum,2025-06-20 13:50:00+00:00,2025-06-20 13:55:00+00:00,2025-06-22 22:05:00+00:00,BUY,session_breakout,3372.0582906692034,3348.68,3414.1392138737697,1.8,1.0693681738217375,0.11116928571428453,0.058706026346558866,0.7221715208166739,9.771575539987701,9.049404019171027,0.3619761607668411,TIMEOUT,10045.439263007513,3.7056428571428177,98.0,19.55623931036536
XAUUSDm,asym_sellBase_buy_body2.5_wick0.35_atr50_close20,momentum,2025-06-24 12:30:00+00:00,2025-06-24 12:35:00+00:00,2025-06-24 19:30:00+00:00,SELL,session_breakout,3307.6754696118574,3321.86,3282.1433149132004,1.8,1.7624834461138144,0.12322071428571267,0.06892003099989798,1.168444652061527,-25.0,-26.168444652061527,-1.0467377860824612,SL,10019.270818355451,4.107357142857089,82.0,38.064296195118644
XAUUSDm,asym_sellBase_buy_body2.5_wick0.35_atr50_close20,momentum,2025-06-26 13:05:00+00:00,2025-06-26 13:10:00+00:00,2025-06-27 01:10:00+00:00,SELL,session_breakout,3317.8243468519036,3344.056,3270.60737118533,1.8,0.9530470633649004,0.15296785714285566,0.09616921952474153,0.6322866223295319,1.2192777602317448,0.5869911379022129,0.023479645516088516,TIMEOUT,10019.857809493353,5.098928571428522,100.0,18.53667304092629
XAUUSDm,asym_sellBase_buy_body2.5_wick0.35_atr50_close20,momentum,2025-06-27 12:05:00+00:00,2025-06-27 12:10:00+00:00,2025-06-29 22:05:00+00:00,SELL,session_breakout,3273.980359377193,3285.344,3253.5258062561406,1.8,2.199999175424874,0.1014771428571443,0.04390205137833663,1.4398933793808417,6.574388165697493,5.134494786316651,0.20537979145266608,TIMEOUT,10024.992304279669,3.382571428571477,74.0,43.632735004813654
XAUUSDm,asym_sellBase_buy_body2.5_wick0.35_atr50_close20,momentum,2025-07-08 13:45:00+00:00,2025-07-08 13:50:00+00:00,2025-07-08 14:40:00+00:00,SELL,session_breakout,3316.0258509975165,3326.914,3296.4271827930456,1.8,2.2960743827345866,0.10118357142857348,0.03955721676922568,1.5182684017922112,45.00000000000042,43.481731598208206,1.7392692639283283,TP,10068.474035877878,3.372785714285783,100.0,18.147393845146915
XAUUSDm,asym_sellBase_buy_body2.5_wick0.35_atr50_close20,momentum,2025-07-14 12:35:00+00:00,2025-07-14 12:40:00+00:00,2025-07-15 00:40:00+00:00,SELL,session_breakout,3351.450766211723,3368.025,3321.617145392824,1.8,1.508365353074871,0.09729428571428668,0.06158664541982977,1.010368239608988,6.742040490107389,5.7316722504984,0.22926689001993603,TIMEOUT,10074.205708128377,3.2431428571428893,100.0,21.65202251038262
XAUUSDm,asym_sellBase_buy_body2.5_wick0.35_atr50_close20,momentum,2025-07-15 12:05:00+00:00,2025-07-15 12:10:00+00:00,2025-07-15 12:30:00+00:00,SELL,session_breakout,3352.7341642789515,3359.335,3340.8526599810643,1.8,3.7873992107212935,0.0592757142857129,0.027197863905881983,2.5421285455096836,-25.0,-27.542128545509684,-1.1016851418203872,SL,10046.663579582866,1.9758571428570966,59.0,20.971755145144762
XAUUSDm,asym_sellBase_buy_body2.5_wick0.35_atr50_close20,momentum,2025-07-15 12:35:00+00:00,2025-07-15 12:40:00+00:00,2025-07-15 15:35:00+00:00,SELL,session_breakout,3347.9395861568064,3360.387,3325.534241239058,1.8,2.0084493305145443,0.10199142857143151,0.07841812890779397,1.3403334040839556,44.99999999999964,43.65966659591568,1.746386663836627,TP,10090.323246178781,3.3997142857143836,100.0,24.614335357064114
XAUUSDm,asym_sellBase_buy_body2.5_wick0.35_atr50_close20,momentum,2025-07-18 12:00:00+00:00,2025-07-18 12:05:00+00:00,2025-07-18 14:15:00+00:00,BUY,session_breakout,3358.294132713552,3351.982,3369.655971597945,1.8,3.9606264846628316,0.058890000000000914,0.035687713551674646,2.6576897370626176,-25.0,-27.65768973706262,-1.1063075894825047,SL,10062.665556441718,1.9630000000000305,82.0,31.83987434693921
XAUUSDm,asym_sellBase_buy_body2.5_wick0.35_atr50_close20,momentum,2025-07-21 12:20:00+00:00,2025-07-21 12:25:00+00:00,2025-07-21 14:25:00+00:00,BUY,session_breakout,3380.9913661547707,3371.579,3397.933625233358,1.8,2.6560802659944365,0.06679285714285828,0.058969726199542334,1.8005368894282514,45.00000000000024,43.19946311057199,1.7279785244228796,TP,10105.86501955229,2.226428571428609,94.0,27.99741884698307
XAUUSDm,asym_sellBase_buy_body2.5_wick0.35_atr50_close20,momentum,2025-07-22 12:55:00+00:00,2025-07-22 13:00:00+00:00,2025-07-22 16:50:00+00:00,BUY,session_breakout,3407.620818434169,3393.754,3432.5810916156734,1.8,1.802864883439863,0.08744357142857,0.06909664845467896,1.233195981926714,45.0,43.76680401807329,1.7506721607229314,TP,10149.631823570362,2.914785714285667,100.0,24.906157185601465
XAUUSDm,asym_sellBase_buy_body2.5_wick0.35_atr50_close20,momentum,2025-07-24 12:45:00+00:00,2025-07-24 12:50:00+00:00,2025-07-24 13:40:00+00:00,SELL,session_breakout,3354.226459726541,3365.506,3333.9232872343155,1.8,2.216402388209584,0.0947721428571445,0.049154202029748996,1.489363107186737,-25.0,-26.489363107186737,-1.0595745242874695,SL,10123.142460463176,3.1590714285714836,92.0,50.569753258342374
XAUUSDm,asym_sellBase_buy_body2.5_wick0.35_atr50_close20,momentum,2025-07-28 13:30:00+00:00,2025-07-28 13:35:00+00:00,2025-07-28 13:50:00+00:00,SELL,session_breakout,3324.233392640569,3330.639,3312.703299393593,1.8,3.9028305353733654,0.08868000000000101,0.07826735943140939,2.5902839183010826,44.999999999999645,42.40971608169856,1.6963886432679425,TP,10165.552176544874,2.9560000000000337,99.0,24.688991825086365
XAUUSDm,asym_sellBase_buy_body2.5_wick0.35_atr50_close20,momentum,2025-08-01 12:30:00+00:00,2025-08-01 12:35:00+00:00,2025-08-03 22:05:00+00:00,BUY,session_breakout,3328.1564521457485,3296.811,3384.5782660080954,1.8,0.7975638661633071,0.12649285714285852,0.10920571717741265,0.5336944432187253,28.109777847814374,27.57608340459565,1.103043336183826,TIMEOUT,10193.12825994947,4.216428571428618,100.0,27.262211762494214
XAUUSDm,asym_sellBase_buy_body2.5_wick0.35_atr50_close20,momentum,2025-08-04 13:00:00+00:00,2025-08-04 13:05:00+00:00,2025-08-05 01:05:00+00:00,BUY,session_breakout,3372.352942855209,3361.037,3392.721639994586,1.8,2.209272379675458,0.08956285714285676,0.05116142663777468,1.4921399014811079,20.506592476555994,19.014452575074888,0.7605781030029956,TIMEOUT,10212.142712524545,2.985428571428559,100.0,18.452596237814085
XAUUSDm,asym_sellBase_buy_body2.5_wick0.35_atr50_close20,momentum,2025-08-05 12:25:00+00:00,2025-08-05 12:30:00+00:00,2025-08-05 14:00:00+00:00,BUY,session_breakout,3360.900065276131,3349.903,3380.6947827731674,1.8,2.273333782446634,0.08291357142857188,0.041608490416631054,1.5325895315638656,45.000000000000206,43.46741046843634,1.7386964187374536,TP,10255.61012299298,2.763785714285729,100.0,39.83255098002978
XAUUSDm,asym_sellBase_buy_body2.5_wick0.35_atr50_close20,momentum,2025-08-06 12:50:00+00:00,2025-08-06 12:55:00+00:00,2025-08-07 00:55:00+00:00,BUY,session_breakout,3368.5882770523554,3360.141,3383.793375746595,1.8,2.9595335686343427,0.07221857142856997,0.056167766641017226,1.9949991681558634,11.091511869494948,9.096512701339083,0.36386050805356335,TIMEOUT,10264.70663569432,2.4072857142856656,95.0,26.669520520968696
XAUUSDm,asym_sellBase_buy_body2.5_wick0.35_atr50_close20,momentum,2025-08-20 12:00:00+00:00,2025-08-20 12:05:00+00:00,2025-08-20 13:40:00+00:00,BUY,session_breakout,3334.5836029794727,3328.646,3345.2712883425233,1.8,4.210453290061635,0.05190642857142652,0.02064976518713022,2.8125217004301004,45.0,42.1874782995699,1.6874991319827959,TP,10306.894113993889,1.7302142857142175,98.0,33.17162831817436
XAUUSDm,asym_sellBase_buy_body2.5_wick0.35_atr50_close20,momentum,2025-08-28 12:05:00+00:00,2025-08-28 12:10:00+00:00,2025-08-28 12:30:00+00:00,BUY,session_breakout,3408.0983862207095,3401.401,3420.1536814179867,1.8,3.7327995095601767,0.06637285714285845,0.029199792138053727,2.541849596923499,-25.0,-27.541849596923498,-1.1016739838769398,SL,10279.352264396965,2.212428571428615,100.0,28.685871396469178
XAUUSDm,asym_sellBase_buy_body2.5_wick0.35_atr50_close20,momentum,2025-08-29 13:30:00+00:00,2025-08-29 13:35:00+00:00,2025-08-29 14:10:00+00:00,BUY,session_breakout,3421.0067660953546,3413.653,3434.243545066993,1.8,3.3996186002967863,0.08168142857142845,0.024925381068981775,2.3305236467517854,45.0,42.669476353248214,1.7067790541299286,TP,10322.021740750213,2.7227142857142814,100.0,20.979330941647344
XAUUSDm,asym_sellBase_buy_body2.5_wick0.35_atr50_close20,momentum,2025-09-04 13:35:00+00:00,2025-09-04 13:40:00+00:00,2025-09-04 14:00:00+00:00,BUY,session_breakout,3558.085533145638,3539.71,3591.1614928077856,1.8,1.360504743011218,0.13142357142856975,0.11182135992344547,0.9656584487768478,-25.0,-25.965658448776846,-1.0386263379510738,SL,10296.056082301437,4.3807857142856585,99.0,19.552379694708875
XAUUSDm,asym_sellBase_buy_body2.5_wick0.35_atr50_close20,momentum,2025-09-12 12:20:00+00:00,2025-09-12 12:25:00+00:00,2025-09-12 13:10:00+00:00,SELL,session_breakout,3643.1920734321347,3649.349,3632.109605609977,1.8,4.060467462854186,0.063953571428571,0.048949782151054895,2.9611125750198926,-25.0,-27.961112575019893,-1.1184445030007957,SL,10268.094969726417,2.1317857142857,65.0,21.061426016204223
XAUUSDm,asym_sellBase_buy_body2.5_wick0.35_atr50_close20,momentum,2025-09-25 12:50:00+00:00,2025-09-25 12:55:00+00:00,2025-09-25 18:40:00+00:00,SELL,session_breakout,3732.337833642667,3755.926,3689.8791341994684,1.8,1.0598534714941237,0.14623071428571327,0.11605100018997308,0.7936462419550075,-25.0,-25.793646241955006,-1.0317458496782002,SL,10242.301323484462,4.874357142857109,100.0,19.87710691908853
XAUUSDm,asym_sellBase_buy_body2.5_wick0.35_atr50_close20,momentum,2025-10-01 12:45:00+00:00,2025-10-01 12:50:00+00:00,2025-10-02 00:50:00+00:00,SELL,session_breakout,3870.834659684216,3891.122,3834.3174471158054,1.8,1.2322955898043384,0.1346742857142866,0.11400317292678941,0.9523512618447534,16.51234153373862,15.559990271893867,0.6223996108757547,TIMEOUT,10257.861313756355,4.489142857142887,96.0,18.3325867553591
XAUUSDm,asym_sellBase_buy_body2.5_wick0.35_atr50_close20,momentum,2025-10-09 13:40:00+00:00,2025-10-09 13:45:00+00:00,2025-10-09 16:40:00+00:00,SELL,session_breakout,4031.1682646549516,4057.981,3982.9053410338643,1.8,0.9323927483816614,0.18705642857143076,0.11620713076253239,0.7472264114941127,44.99999999999983,44.25277358850572,1.7701109435402287,TP,10302.11408734486,6.235214285714359,100.0,19.2834809256265
XAUUSDm,asym_sellBase_buy_body2.5_wick0.35_atr50_close20,momentum,2025-10-21 12:10:00+00:00,2025-10-21 12:15:00+00:00,2025-10-21 14:20:00+00:00,SELL,session_breakout,4225.211676047924,4267.064,4149.877492934186,1.8,0.5973383946044813,0.2890564285714325,0.20179573778994184,0.5002762318869154,45.000000000000114,44.4997237681132,1.779988950724528,TP,10346.613811112973,9.635214285714417,84.0,57.438051634424795
XAUUSDm,asym_sellBase_buy_body2.5_wick0.35_atr50_close20,momentum,2025-10-22 13:00:00+00:00,2025-10-22 13:05:00+00:00,2025-10-22 14:45:00+00:00,BUY,session_breakout,4066.5205810578295,4023.09,4144.695626961922,1.8,0.5756312577699939,0.39714642857142374,0.15800784354341071,0.46566327136437696,-25.000000000000004,-25.46566327136438,-1.018626530854575,SL,10321.148147841608,13.238214285714125,64.0,38.975027111375816
XAUUSDm,asym_sellBase_buy_body2.5_wick0.35_atr50_close20,momentum,2025-10-24 12:30:00+00:00,2025-10-24 12:35:00+00:00,2025-10-26 22:05:00+00:00,BUY,session_breakout,4089.8661109106497,4058.775,4145.830110549819,1.8,0.8040883476902968,0.19440642857142945,0.07390769636353507,0.6576701403832019,-0.5259629613505175,-1.1836331017337194,-0.04734532406934878,TIMEOUT,10319.964514739875,6.4802142857143155,74.0,42.41032507024094
XAUUSDm,asym_sellBase_buy_body2.5_wick0.35_atr50_close20,momentum,2025-11-10 13:00:00+00:00,2025-11-10 13:05:00+00:00,2025-11-10 13:50:00+00:00,BUY,session_breakout,4105.15674738805,4092.184,4128.507692686539,1.8,1.927116843655669,0.11574214285713975,0.0888763166199236,1.579723342747646,-25.0,-26.579723342747645,-1.0631889337099059,SL,10293.384791397128,3.8580714285713253,82.0,50.15628024988935
XAUUSDm,asym_sellBase_buy_body2.5_wick0.35_atr50_close20,momentum,2025-11-14 12:10:00+00:00,2025-11-14 12:15:00+00:00,2025-11-14 13:20:00+00:00,SELL,session_breakout,4125.70394603538,4157.72,4068.0750488990634,1.8,0.7808582540380047,0.2434607142857099,0.15332360747713952,0.6398179959957786,44.99999999999986,44.36018200400408,1.7744072801601631,TP,10337.744973401132,8.115357142856997,100.0,35.25045599985121
XAUUSDm,asym_sellBase_buy_body2.5_wick0.35_atr50_close20,momentum,2025-11-14 13:25:00+00:00,2025-11-14 13:30:00+00:00,2025-11-16 23:00:00+00:00,SELL,session_breakout,4055.3050865691466,4119.67,3939.4482423936106,1.8,0.3884103724750168,0.34366928571428257,0.2390787879963034,0.31589318827043544,-8.686764356049293,-9.002657544319728,-0.36010630177278913,TIMEOUT,10328.742315856813,11.455642857142752,100.0,46.13312162979941
XAUUSDm,asym_sellBase_buy_body2.5_wick0.35_atr50_close20,momentum,2025-11-18 13:35:00+00:00,2025-11-18 13:40:00+00:00,2025-11-19 01:40:00+00:00,BUY,session_breakout,4066.257100897527,4029.089,4133.1596825130755,1.8,0.6726197840703613,0.20224714285714396,0.16897732609810276,0.5469504026662938,-0.5859196975980803,-1.1328701002643742,-0.045314804010574965,TIMEOUT,10327.609445756549,6.741571428571466,98.0,23.99220544731655
XAUUSDm,asym_sellBase_buy_body2.5_wick0.35_atr50_close20,momentum,2025-11-19 13:10:00+00:00,2025-11-19 13:15:00+00:00,2025-11-19 14:55:00+00:00,SELL,session_breakout,4102.944272195658,4120.01,4072.2259621478433,1.8,1.4649243376329713,0.13318928571428126,0.09913316148373748,1.2046005840582437,-25.0,-26.204600584058245,-1.0481840233623299,SL,10301.40484517249,4.439642857142709,70.0,38.20990375075074
XAUUSDm,asym_sellBase_buy_body2.5_wick0.35_atr50_close20,momentum,2025-12-03 13:50:00+00:00,2025-12-03 13:55:00+00:00,2025-12-03 14:50:00+00:00,BUY,session_breakout,4236.200860699545,4211.353,4280.927009958726,1.8,1.006122832959129,0.14135571428571309,0.09718284240142148,0.8499276821901853,-25.0,-25.849927682190184,-1.0339971072876073,SL,10275.5549174903,4.711857142857103,100.0,27.83795219721161
XAUUSDm,asym_sellBase_buy_body2.5_wick0.35_atr50_close20,momentum,2025-12-16 13:20:00+00:00,2025-12-16 13:25:00+00:00,2025-12-16 14:15:00+00:00,BUY,session_breakout,4301.024973146017,4289.067,4322.549324808848,1.8,2.09065530543751,0.10657071428571661,0.07368778887374337,1.8028921357853889,44.99999999999962,43.19710786421423,1.727884314568569,TP,10318.752025354515,3.5523571428572205,63.0,29.460394202997385
XAUUSDm,asym_sellBase_buy_body2.5_wick0.35_atr50_close20,momentum,2025-12-23 13:50:00+00:00,2025-12-23 13:55:00+00:00,2025-12-23 14:55:00+00:00,SELL,session_breakout,4478.896163171204,4497.359,4445.66305687937,1.8,1.3540714372239449,0.16868357142857154,0.08649504308265764,1.208449072968409,44.99999999999951,43.7915509270311,1.7516620370812441,TP,10362.543576281547,5.622785714285718,100.0,24.530324010148064
XAUUSDm,asym_sellBase_buy_body2.5_wick0.35_atr50_close20,momentum,2025-12-29 13:40:00+00:00,2025-12-29 13:45:00+00:00,2025-12-29 14:40:00+00:00,SELL,session_breakout,4429.3173378844795,4467.761,4360.118746076541,1.8,0.6503022507292998,0.21624642857142654,0.06953890123456333,0.5715790068041176,45.000000000000234,44.42842099319612,1.7771368397278449,TP,10406.971997274743,7.208214285714218,73.0,42.45223459079032
XAUUSDm,asym_sellBase_buy_body2.5_wick0.35_atr50_close20,momentum,2026-01-07 12:15:00+00:00,2026-01-07 12:20:00+00:00,2026-01-07 16:20:00+00:00,SELL,session_breakout,4442.051045719802,4455.798,4417.306528015445,1.8,1.8185846472197267,0.13742785714285674,0.08324035162831554,1.6181491667824728,-25.0,-26.618149166782473,-1.064725966671299,SL,10380.35384810796,4.580928571428558,75.0,24.219487564866068
XAUUSDm,asym_sellBase_buy_body2.5_wick0.35_atr50_close20,momentum,2026-01-30 13:20:00+00:00,2026-01-30 13:25:00+00:00,2026-01-30 17:43:00+00:00,SELL,session_breakout,5025.466347577704,5117.524,4859.762573217571,1.8,0.27156894991540187,0.8836500000000017,0.39782742229588464,0.26845212376937344,45.00000000000005,44.73154787623068,1.789261915049227,TP,10425.08539598419,29.45500000000006,71.0,48.48365673984146
XAUUSDm,asym_sellBase_buy_body2.5_wick0.35_atr50_close20,momentum,2026-02-17 13:55:00+00:00,2026-02-17 14:00:00+00:00,2026-02-18 02:00:00+00:00,SELL,session_breakout,4869.88996523088,4924.239,4772.061702646465,1.8,0.4599897699416865,0.3260078571428546,0.1910308405483581,0.44889582706884296,-8.75914119266897,-9.208037019737812,-0.3683214807895125,TIMEOUT,10415.877358964452,10.866928571428486,88.0,20.56358489368482
XAUUSDm,asym_sellBase_buy_body2.5_wick0.35_atr50_close20,momentum,2026-02-19 13:35:00+00:00,2026-02-19 13:40:00+00:00,2026-02-19 14:30:00+00:00,BUY,session_breakout,4994.752354898305,4971.705,5036.237593715256,1.8,1.084723175839936,0.19561928571427936,0.17554525544764643,1.0810847273878579,-25.0,-26.081084727387857,-1.0432433890955144,SL,10389.796274237064,6.520642857142645,99.0,31.84451899181582
XAUUSDm,asym_sellBase_buy_body2.5_wick0.35_atr50_close20,momentum,2026-02-24 13:35:00+00:00,2026-02-24 13:40:00+00:00,2026-02-24 14:13:00+00:00,SELL,session_breakout,5138.409482049158,5161.12,5097.530549737643,1.8,1.1008115294470187,0.2371114285714267,0.10996223655638522,1.1267840801719196,45.0000000000002,43.87321591982828,1.7549286367931314,TP,10433.669490156892,7.903714285714224,92.0,28.697801795800675
XAUUSDm,asym_sellBase_buy_body2.5_wick0.35_atr50_close20,momentum,2026-02-27 13:20:00+00:00,2026-02-27 13:25:00+00:00,2026-03-01 23:01:00+00:00,BUY,session_breakout,5234.910275396053,5182.863,5328.595371108949,1.8,0.4803325401716584,0.19656642857142806,0.06699218176824796,0.5069675691513936,40.68019121053219,40.1732236413808,1.606928945655232,TIMEOUT,10473.842713798273,6.552214285714269,100.0,21.011152787242228
XAUUSDm,asym_sellBase_buy_body2.5_wick0.35_atr50_close20,momentum,2026-03-06 13:30:00+00:00,2026-03-06 13:35:00+00:00,2026-03-08 22:03:00+00:00,BUY,session_breakout,5124.025215325942,5065.362,5229.6190029126365,1.8,0.4261614345735445,0.3191828571428576,0.15862389736954802,0.4391158564219288,23.83469111065146,23.39557525422953,0.9358230101691812,TIMEOUT,10497.238289052502,10.639428571428587,100.0,32.269028977247274
XAUUSDm,asym_sellBase_buy_body2.5_wick0.35_atr50_close20,momentum,2026-03-11 12:55:00+00:00,2026-03-11 13:00:00+00:00,2026-03-12 01:00:00+00:00,SELL,session_breakout,5166.952088022052,5196.653,5113.490446461744,1.8,0.8417249954668458,0.24058499999999836,0.12161947794860746,0.8693041223523531,5.264222212010378,4.3949180896580256,0.17579672358632104,TIMEOUT,10501.63320714216,8.019499999999946,100.0,33.44240933449603
XAUUSDm,asym_sellBase_buy_body2.5_wick0.35_atr50_close20,momentum,2026-03-18 12:05:00+00:00,2026-03-18 12:10:00+00:00,2026-03-18 20:28:00+00:00,SELL,session_breakout,4913.044264932645,4966.259,4817.257741811406,1.8,0.4697946906689851,0.37023642857142863,0.28261685306888173,0.4571244221374127,45.000000000000085,44.542875577862674,1.781715023114507,TP,10546.176082720023,12.341214285714289,100.0,40.301700145599256
XAUUSDm,asym_sellBase_buy_body2.5_wick0.35_atr50_close20,momentum,2026-03-19 12:00:00+00:00,2026-03-19 12:05:00+00:00,2026-03-19 13:02:00+00:00,SELL,session_breakout,4629.99093743956,4695.267,4512.4940248307685,1.8,0.3829887866911748,0.40764214285714323,0.2812414890116507,0.35014692230422245,45.00000000000014,44.64985307769592,1.785994123107837,TP,10590.825935797719,13.58807142857144,45.0,62.785720474995564
XAUUSDm,asym_sellBase_buy_body2.5_wick0.35_atr50_close20,momentum,2026-03-20 13:30:00+00:00,2026-03-20 13:35:00+00:00,2026-03-20 14:15:00+00:00,SELL,session_breakout,4644.768251809132,4681.746,4578.20830506557,1.8,0.6760822717207582,0.32604642857143384,0.2767249765813125,0.6235490942599146,45.00000000000025,44.376450905740334,1.7750580362296133,TP,10635.202386703459,10.868214285714462,70.0,18.014851889985096
XAUUSDm,asym_sellBase_buy_body2.5_wick0.35_atr50_close20,momentum,2026-03-30 13:40:00+00:00,2026-03-30 13:45:00+00:00,2026-03-31 01:24:00+00:00,SELL,session_breakout,4544.189128431392,4578.633,4482.190159607899,1.8,0.7258185233388611,0.28368857142857123,0.21702728289386455,0.662151328594116,-25.0,-25.662151328594117,-1.0264860531437647,SL,10609.540235374865,9.456285714285709,89.0,42.69311928505708
XAUUSDm,asym_sellBase_buy_body2.5_wick0.35_atr50_close20,momentum,2026-04-09 13:35:00+00:00,2026-04-09 13:40:00+00:00,2026-04-10 01:40:00+00:00,BUY,session_breakout,4770.302849272009,4738.562,4827.436377961624,1.8,0.7876285787364459,0.22024499999999989,0.12872677200850777,0.7516817498711522,2.363792082461751,1.6121103325905985,0.06448441330362394,TIMEOUT,10611.152345707456,7.341499999999996,85.0,19.548493915416145
XAUUSDm,asym_sellBase_buy_body2.5_wick0.35_atr50_close20,momentum,2026-04-17 13:05:00+00:00,2026-04-17 13:10:00+00:00,2026-04-19 22:01:00+00:00,BUY,session_breakout,4862.786737990432,4811.482,4955.13526637321,1.8,0.4872844298447128,0.27648857142857586,0.24049370471760895,0.47141205261561975,-25.0,-25.47141205261562,-1.0188564821046249,SL,10585.680933654841,9.216285714285862,100.0,23.682725240557893
XAUUSDm,asym_sellBase_buy_body2.5_wick0.35_atr50_close20,momentum,2026-04-20 13:25:00+00:00,2026-04-20 13:30:00+00:00,2026-04-20 14:51:00+00:00,BUY,session_breakout,4824.3466803656265,4799.549,4868.982505023754,1.8,1.0081588128966248,0.2057849999999988,0.08578786562624428,0.9702415244558367,-25.0,-25.970241524455837,-1.0388096609782336,SL,10559.710692130386,6.859499999999961,99.0,18.41847392036155
XAUUSDm,asym_sellBase_buy_body2.5_wick0.35_atr50_close20,momentum,2026-04-29 12:50:00+00:00,2026-04-29 12:55:00+00:00,2026-04-30 00:45:00+00:00,SELL,session_breakout,4544.996528453624,4568.888,4501.991879670147,1.8,1.0463985004637364,0.17339357142857026,0.05477476066122994,0.953675510397352,-25.0,-25.953675510397353,-1.0381470204158942,SL,10533.757016619988,5.7797857142856754,95.0,20.702548664922677
XAUUSDm,asym_sellBase_buy_body2.5_wick0.35_atr50_close20,momentum,2026-05-01 13:50:00+00:00,2026-05-01 13:55:00+00:00,2026-05-03 22:03:00+00:00,BUY,session_breakout,4616.992070229675,4586.483,4671.90839664309,1.8,0.8194284457637668,0.22602857142856853,0.0820559439604924,0.7574285286838298,7.69601441441993,6.9385858857361,0.277543435429444,TIMEOUT,10540.695602505724,7.534285714285618,100.0,38.294848342025965
XAUUSDm,buy_strict_body2.5_wick0.3_atr45_closeOff,momentum,2025-01-07 13:15:00+00:00,2025-01-07 13:20:00+00:00,2025-01-07 15:00:00+00:00,BUY,session_breakout,2658.0325826536314,2647.585,2676.838231430168,1.8,2.39289803477272,0.06974571428571283,0.058709796488312295,1.2695801886787463,-25.0,-26.269580188678745,-1.0507832075471497,SL,9973.730419811322,2.3248571428570943,100.0,31.649388544774304
XAUUSDm,buy_strict_body2.5_wick0.3_atr45_closeOff,momentum,2025-01-15 13:55:00+00:00,2025-01-15 14:00:00+00:00,2025-01-15 14:30:00+00:00,BUY,session_breakout,2693.947934681974,2682.127,2715.2256171095273,1.8,2.1148919838059044,0.10109571428571404,0.06138682483164762,1.136981778369876,-25.0,-26.136981778369876,-1.045479271134795,SL,9947.59343803295,3.3698571428571347,100.0,29.527297783745972
XAUUSDm,buy_strict_body2.5_wick0.3_atr45_closeOff,momentum,2025-01-16 13:30:00+00:00,2025-01-16 13:35:00+00:00,2025-01-17 01:35:00+00:00,BUY,session_breakout,2713.5913244791664,2701.388,2735.557308541666,1.8,2.0486220818499166,0.07803214285714083,0.07030840773750051,1.1114537546185432,-3.708670703333759,-4.820124457952302,-0.19280497831809207,TIMEOUT,9942.773313574999,2.601071428571361,100.0,29.035232131775437
XAUUSDm,buy_strict_body2.5_wick0.3_atr45_closeOff,momentum,2025-01-24 13:40:00+00:00,2025-01-24 13:45:00+00:00,2025-01-24 14:15:00+00:00,BUY,session_breakout,2783.9867028041876,2777.85,2795.0327678517256,1.8,4.073848905138408,0.05255785714285528,0.0414238756159642,2.265808236227745,-25.0,-27.265808236227745,-1.0906323294491098,SL,9915.50750533877,1.7519285714285096,50.0,34.62164324979766
XAUUSDm,buy_strict_body2.5_wick0.3_atr45_closeOff,momentum,2025-02-03 12:35:00+00:00,2025-02-03 12:40:00+00:00,2025-02-03 14:45:00+00:00,BUY,session_breakout,2808.048536236305,2800.096,2822.3631014616544,1.8,3.1436511896505763,0.06067071428571547,0.02220087916182925,1.770005024307164,45.0,43.22999497569283,1.7291997990277133,TP,9958.737500314463,2.0223571428571825,47.0,32.5962657261514
XAUUSDm,buy_strict_body2.5_wick0.3_atr45_closeOff,momentum,2025-02-24 13:55:00+00:00,2025-02-24 14:00:00+00:00,2025-02-24 14:20:00+00:00,BUY,session_breakout,2954.5007004751383,2946.923,2968.1405613303878,1.8,3.299153890025334,0.07127785714285698,0.07006154656659709,1.9469704958110252,-25.0,-26.946970495811026,-1.0778788198324412,SL,9931.79052981865,2.375928571428566,88.0,20.21311523242239
XAUUSDm,buy_strict_body2.5_wick0.3_atr45_closeOff,momentum,2025-04-02 12:25:00+00:00,2025-04-02 12:30:00+00:00,2025-04-02 13:50:00+00:00,BUY,session_breakout,3125.9501712668043,3117.046,3141.9776795470525,1.8,2.8076728592589086,0.08566285714285543,0.07133983823300524,1.7528290910523088,-25.0,-26.75282909105231,-1.0701131636420924,SL,9905.037700727598,2.8554285714285146,72.0,23.02494613702874
XAUUSDm,buy_strict_body2.5_wick0.3_atr45_closeOff,momentum,2025-04-11 13:30:00+00:00,2025-04-11 13:35:00+00:00,2025-04-11 13:50:00+00:00,BUY,session_breakout,3240.6162865075485,3225.711,3267.445802221136,1.8,1.6772572595192263,0.17203285714285552,0.14627007897722236,1.0845694383722047,-25.0,-26.084569438372206,-1.0433827775348883,SL,9878.953131289227,5.734428571428517,74.0,26.486869484803904
XAUUSDm,buy_strict_body2.5_wick0.3_atr45_closeOff,momentum,2025-04-21 13:00:00+00:00,2025-04-21 13:05:00+00:00,2025-04-22 01:05:00+00:00,BUY,session_breakout,3421.3139867590344,3398.008,3463.2647629252965,1.8,1.072685754886939,0.13261714285714366,0.05167818760567944,0.7351653952285752,11.664399102035889,10.929233706807313,0.43716934827229254,TIMEOUT,9889.882364996034,4.4205714285714555,100.0,28.364920124046165
XAUUSDm,buy_strict_body2.5_wick0.3_atr45_closeOff,momentum,2025-04-30 12:15:00+00:00,2025-04-30 12:20:00+00:00,2025-04-30 13:35:00+00:00,BUY,session_breakout,3283.1601845058967,3266.901,3312.426716616511,1.8,1.5375924906278662,0.1382485714285706,0.08506022018247654,1.0141324890449332,44.99999999999972,43.98586751095479,1.7594347004381916,TP,9933.86823250699,4.608285714285687,89.0,44.343344543550394
XAUUSDm,buy_strict_body2.5_wick0.3_atr45_closeOff,momentum,2025-05-09 13:25:00+00:00,2025-05-09 13:30:00+00:00,2025-05-09 14:00:00+00:00,BUY,session_breakout,3339.9212672776775,3328.669,3360.1753483774974,1.8,2.221774455144269,0.10501285714285587,0.058760849106169244,1.4816103507661236,-25.0,-26.481610350766125,-1.059264414030645,SL,9907.386622156224,3.500428571428529,49.0,23.16619450277093
XAUUSDm,buy_strict_body2.5_wick0.3_atr45_closeOff,momentum,2025-05-15 12:50:00+00:00,2025-05-15 12:55:00+00:00,2025-05-15 15:05:00+00:00,BUY,session_breakout,3188.690628465517,3177.747,3208.3891597034476,1.8,2.284434278701426,0.1302021428571457,0.1235273940882904,1.461370835168124,44.99999999999959,43.53862916483146,1.7415451665932584,TP,9950.925251321056,4.340071428571524,65.0,28.573355861432
XAUUSDm,buy_strict_body2.5_wick0.3_atr45_closeOff,momentum,2025-05-29 12:15:00+00:00,2025-05-29 12:20:00+00:00,2025-05-29 16:05:00+00:00,BUY,session_breakout,3308.8492523818622,3298.541,3327.404106669214,1.8,2.42524135749614,0.10334357142857113,0.07758059614776652,1.609451610519335,44.99999999999978,43.39054838948044,1.7356219355792177,TP,9994.315799710535,3.4447857142857043,100.0,33.53063891306181
XAUUSDm,buy_strict_body2.5_wick0.3_atr45_closeOff,momentum,2025-05-30 12:10:00+00:00,2025-05-30 12:15:00+00:00,2025-05-30 13:40:00+00:00,BUY,session_breakout,3303.0425933084284,3288.365,3329.4622612636,1.8,1.703276516432956,0.14142642857142912,0.1238800941428213,1.1226989763920114,-25.0,-26.122698976392012,-1.0449079590556805,SL,9968.193100734143,4.714214285714304,100.0,26.073140583746437
XAUUSDm,buy_strict_body2.5_wick0.3_atr45_closeOff,momentum,2025-06-11 12:15:00+00:00,2025-06-11 12:20:00+00:00,2025-06-11 12:35:00+00:00,BUY,session_breakout,3338.1069286039788,3327.196,3357.746600091141,1.8,2.2912806881426526,0.09899999999999863,0.06042860397873321,1.5342079880930963,45.00000000000042,43.465792011907325,1.7386316804762927,TP,10011.65889274605,3.2999999999999545,97.0,30.652943272538636
XAUUSDm,buy_strict_body2.5_wick0.3_atr45_closeOff,momentum,2025-06-20 13:50:00+00:00,2025-06-20 13:55:00+00:00,2025-06-22 22:05:00+00:00,BUY,session_breakout,3372.0506188050426,3348.68,3414.1177326541197,1.8,1.069719214906095,0.11116928571428453,0.05103416218549383,0.722407767113537,9.782989991886668,9.06058222477313,0.3624232889909252,TIMEOUT,10020.719474970823,3.7056428571428177,98.0,19.55623931036536
XAUUSDm,buy_strict_body2.5_wick0.3_atr45_closeOff,momentum,2025-07-18 12:00:00+00:00,2025-07-18 12:05:00+00:00,2025-07-18 14:15:00+00:00,BUY,session_breakout,3358.298973648675,3351.982,3369.6695262162907,1.8,3.9575913072303064,0.058890000000000914,0.040528648675154384,2.6556549650384915,-25.0,-27.65565496503849,-1.1062261986015396,SL,9993.063820005786,1.9630000000000305,82.0,31.83987434693921
XAUUSDm,buy_strict_body2.5_wick0.3_atr45_closeOff,momentum,2025-07-21 12:15:00+00:00,2025-07-21 12:20:00+00:00,2025-07-21 13:45:00+00:00,BUY,session_breakout,3378.222427048765,3370.859,3391.476595736542,1.8,3.395158237385242,0.06443571428571561,0.022209191622293567,2.298419940182836,45.0,42.70158005981716,1.7080632023926865,TP,10035.765400065602,2.147857142857187,90.0,27.99741884698307
XAUUSDm,buy_strict_body2.5_wick0.3_atr45_closeOff,momentum,2025-07-22 12:55:00+00:00,2025-07-22 13:00:00+00:00,2025-07-22 16:50:00+00:00,BUY,session_breakout,3407.628614574996,3393.754,3432.602920809989,1.8,1.8018518543249085,0.08744357142857,0.07689278928182211,1.2325083876045153,45.00000000000033,43.76749161239581,1.7506996644958324,TP,10079.532891677998,2.914785714285667,100.0,24.906157185601465
XAUUSDm,buy_strict_body2.5_wick0.3_atr45_closeOff,momentum,2025-08-01 12:30:00+00:00,2025-08-01 12:35:00+00:00,2025-08-03 22:05:00+00:00,BUY,session_breakout,3328.1411250099345,3296.811,3384.5353500278165,1.8,0.7979540455734803,0.12649285714285852,0.0938785813631214,0.533954310977704,28.135759894737806,27.6018055837601,1.1040722233504041,TIMEOUT,10107.134697261758,4.216428571428618,100.0,27.262211762494214
XAUUSDm,buy_strict_body2.5_wick0.3_atr45_closeOff,momentum,2025-08-04 13:00:00+00:00,2025-08-04 13:05:00+00:00,2025-08-05 01:05:00+00:00,BUY,session_breakout,3372.376177838491,3361.037,3392.7866979477753,1.8,2.2047453841967903,0.08956285714285676,0.07439640991976926,1.489087496915294,20.41334542368639,18.924257926771098,0.7569703170708438,TIMEOUT,10126.058955188528,2.985428571428559,100.0,18.452596237814085
XAUUSDm,buy_strict_body2.5_wick0.3_atr45_closeOff,momentum,2025-08-05 12:25:00+00:00,2025-08-05 12:30:00+00:00,2025-08-05 14:00:00+00:00,BUY,session_breakout,3360.90390736707,3349.903,3380.705540627797,1.8,2.272539815655022,0.08291357142857188,0.04545058135584517,1.532057589216441,45.00000000000021,43.46794241078377,1.7387176964313507,TP,10169.526897599311,2.763785714285729,100.0,39.83255098002978
XAUUSDm,buy_strict_body2.5_wick0.3_atr45_closeOff,momentum,2025-08-06 12:50:00+00:00,2025-08-06 12:55:00+00:00,2025-08-07 00:55:00+00:00,BUY,session_breakout,3368.60284655437,3360.141,3383.834170352236,1.8,2.954437880593493,0.07221857142856997,0.07073726865580554,1.9915685079024439,11.02936995383679,9.037801445934345,0.36151205783737383,TIMEOUT,10178.564699045246,2.4072857142856656,95.0,26.669520520968696
XAUUSDm,buy_strict_body2.5_wick0.3_atr45_closeOff,momentum,2025-08-12 12:30:00+00:00,2025-08-12 12:35:00+00:00,2025-08-12 14:10:00+00:00,BUY,session_breakout,3350.4202661010218,3338.543,3371.799345082861,1.8,2.104861488103698,0.11245285714285533,0.10403967244997489,1.407934117415637,-25.0,-26.407934117415635,-1.0563173646966255,SL,10152.15676492783,3.7484285714285113,100.0,24.49102958935112
XAUUSDm,buy_strict_body2.5_wick0.3_atr45_closeOff,momentum,2025-08-20 12:00:00+00:00,2025-08-20 12:05:00+00:00,2025-08-20 13:40:00+00:00,BUY,session_breakout,3334.6068073180318,3328.646,3345.3362604904887,1.8,4.194062761326709,0.05190642857142652,0.04385410374585344,2.801610046847821,45.000000000000384,42.198389953152564,1.6879355981261026,TP,10194.355154880983,1.7302142857142175,98.0,33.17162831817436
XAUUSDm,buy_strict_body2.5_wick0.3_atr45_closeOff,momentum,2025-08-28 12:05:00+00:00,2025-08-28 12:10:00+00:00,2025-08-28 12:30:00+00:00,BUY,session_breakout,3408.0981413947197,3401.401,3420.1529959052154,1.8,3.7329359687269412,0.06637285714285845,0.02895496614836798,2.5419424273927573,-25.0,-27.541942427392758,-1.1016776970957103,SL,10166.81321245359,2.212428571428615,100.0,28.685871396469178
XAUUSDm,buy_strict_body2.5_wick0.3_atr45_closeOff,momentum,2025-08-29 13:30:00+00:00,2025-08-29 13:35:00+00:00,2025-08-29 14:10:00+00:00,BUY,session_breakout,3421.0330308496873,3413.653,3434.3170863791247,1.8,3.387519714915365,0.08168142857142845,0.05119013540152912,2.322263367475996,44.99999999999969,42.67773663252369,1.7071094653009475,TP,10209.490949086114,2.7227142857142814,100.0,20.979330941647344
XAUUSDm,buy_strict_body2.5_wick0.3_atr45_closeOff,momentum,2025-09-04 13:35:00+00:00,2025-09-04 13:40:00+00:00,2025-09-04 14:00:00+00:00,BUY,session_breakout,3558.017168650282,3539.71,3590.97007222079,1.8,1.3655852785086284,0.13142357142856975,0.04345686456781566,0.9692551732379554,-25.0,-25.969255173237954,-1.0387702069295182,SL,10183.521693912875,4.3807857142856585,99.0,19.552379694708875
XAUUSDm,buy_strict_body2.5_wick0.3_atr45_closeOff,momentum,2025-10-22 13:00:00+00:00,2025-10-22 13:05:00+00:00,2025-10-22 14:45:00+00:00,BUY,session_breakout,4066.524610007376,4023.09,4144.706908020652,1.8,0.5755778628092817,0.39714642857142374,0.16203679308993504,0.46562030881787864,-25.0,-25.46562030881788,-1.018624812352715,SL,10158.056073604057,13.238214285714125,64.0,38.975027111375816
XAUUSDm,buy_strict_body2.5_wick0.3_atr45_closeOff,momentum,2025-10-24 12:30:00+00:00,2025-10-24 12:35:00+00:00,2025-10-26 22:05:00+00:00,BUY,session_breakout,4089.943477518135,4058.775,4146.046737050778,1.8,0.8020924341092456,0.19440642857142945,0.15127430384895207,0.656043872592049,-0.5867125830169735,-1.2427564556090225,-0.0497102582243609,TIMEOUT,10156.813317148448,6.4802142857143155,74.0,42.41032507024094
XAUUSDm,buy_strict_body2.5_wick0.3_atr45_closeOff,momentum,2025-11-10 13:00:00+00:00,2025-11-10 13:05:00+00:00,2025-11-10 13:50:00+00:00,BUY,session_breakout,4105.1629339717765,4092.184,4128.525015120974,1.8,1.9261982574504513,0.11574214285713975,0.0950629003477137,1.5789715379933236,-25.0,-26.578971537993322,-1.063158861519733,SL,10130.234345610454,3.8580714285713253,82.0,50.15628024988935
XAUUSDm,buy_strict_body2.5_wick0.3_atr45_closeOff,momentum,2025-11-18 13:35:00+00:00,2025-11-18 13:40:00+00:00,2025-11-19 01:40:00+00:00,BUY,session_breakout,4066.285770969636,4029.089,4133.23995871498,1.8,0.6721013504211887,0.20224714285714396,0.19764739820705232,0.5465307578450551,-0.6047372837620962,-1.1512680416071515,-0.04605072166428606,TIMEOUT,10129.083077568846,6.741571428571466,98.0,23.99220544731655
XAUUSDm,buy_strict_body2.5_wick0.3_atr45_closeOff,momentum,2025-12-03 13:50:00+00:00,2025-12-03 13:55:00+00:00,2025-12-03 14:50:00+00:00,BUY,session_breakout,4236.178324664791,4211.353,4280.863909061415,1.8,1.0070361752592412,0.14135571428571309,0.07464680764812565,0.8506969635573063,-25.0,-25.850696963557308,-1.0340278785422923,SL,10103.23238060529,4.711857142857103,100.0,27.83795219721161
XAUUSDm,buy_strict_body2.5_wick0.3_atr45_closeOff,momentum,2025-12-16 13:20:00+00:00,2025-12-16 13:25:00+00:00,2025-12-16 14:15:00+00:00,BUY,session_breakout,4301.0108926802695,4289.067,4322.509899504755,1.8,2.093119945836272,0.10657071428571661,0.05960732312606379,1.8050063373456284,45.0,43.19499366265437,1.7277997465061747,TP,10146.427374267945,3.5523571428572205,63.0,29.460394202997385
XAUUSDm,buy_strict_body2.5_wick0.3_atr45_closeOff,momentum,2026-02-04 12:30:00+00:00,2026-02-04 12:35:00+00:00,2026-02-04 12:59:00+00:00,BUY,session_breakout,5062.873150037219,5037.48,5108.580820104213,1.8,0.9845174766957671,0.28187571428571706,0.17721218007597953,0.9943974197010785,-25.0,-25.99439741970108,-1.0397758967880433,SL,10120.432976848244,9.395857142857235,45.0,27.185615352908528
XAUUSDm,buy_strict_body2.5_wick0.3_atr45_closeOff,momentum,2026-02-18 13:05:00+00:00,2026-02-18 13:10:00+00:00,2026-02-19 01:10:00+00:00,BUY,session_breakout,4955.19222374706,4917.985,5022.165226491768,1.8,0.6719125342420984,0.21361500000000172,0.09241624705955352,0.6663921158946108,5.009629516855152,4.3432374009605414,0.17372949603842164,TIMEOUT,10124.776214249205,7.120500000000058,100.0,18.559749289996407
XAUUSDm,buy_strict_body2.5_wick0.3_atr45_closeOff,momentum,2026-02-19 13:35:00+00:00,2026-02-19 13:40:00+00:00,2026-02-19 14:30:00+00:00,BUY,session_breakout,4994.653286035023,4971.705,5035.960200898064,1.8,1.089405978374425,0.19561928571427936,0.07647639216513803,1.085741029942804,-25.0,-26.085741029942803,-1.0434296411977122,SL,10098.690473219262,6.520642857142645,99.0,31.84451899181582
XAUUSDm,buy_strict_body2.5_wick0.3_atr45_closeOff,momentum,2026-02-27 13:20:00+00:00,2026-02-27 13:25:00+00:00,2026-03-01 23:01:00+00:00,BUY,session_breakout,5234.967708475739,5182.863,5328.756183732067,1.8,0.47980308750102346,0.19656642857142806,0.12442526145287494,0.5064115133371437,40.60779438180224,40.1013828684651,1.604055314738604,TIMEOUT,10138.791856087726,6.552214285714269,100.0,21.011152787242228
XAUUSDm,buy_strict_body2.5_wick0.3_atr45_closeOff,momentum,2026-03-06 13:30:00+00:00,2026-03-06 13:35:00+00:00,2026-03-08 22:03:00+00:00,BUY,session_breakout,5124.0130441877545,5065.362,5229.5849237257125,1.8,0.42624987067527204,0.3191828571428576,0.14645275918259829,0.4392064620027295,23.84482518042062,23.40561871841789,0.9362247487367157,TIMEOUT,10162.197474806144,10.639428571428587,100.0,32.269028977247274
XAUUSDm,buy_strict_body2.5_wick0.3_atr45_closeOff,momentum,2026-04-09 13:35:00+00:00,2026-04-09 13:40:00+00:00,2026-04-10 01:40:00+00:00,BUY,session_breakout,4770.343462228282,4738.562,4827.55009423919,1.8,0.7866220824085499,0.22024499999999989,0.16933972828119453,0.7507243840511084,2.3288243870379883,1.57810000298688,0.0631240001194752,TIMEOUT,10163.775574809131,7.341499999999996,85.0,19.548493915416145
XAUUSDm,buy_strict_body2.5_wick0.3_atr45_closeOff,momentum,2026-04-17 13:05:00+00:00,2026-04-17 13:10:00+00:00,2026-04-19 22:01:00+00:00,BUY,session_breakout,4862.713798113825,4811.482,4954.931034718709,1.8,0.4879781877742402,0.27648857142857586,0.16755382811096275,0.47207965337367536,-25.0,-25.472079653373676,-1.018883186134947,SL,10138.303495155758,9.216285714285862,100.0,23.682725240557893
XAUUSDm,buy_strict_body2.5_wick0.3_atr45_closeOff,momentum,2026-04-20 13:25:00+00:00,2026-04-20 13:30:00+00:00,2026-04-20 14:51:00+00:00,BUY,session_breakout,4824.442574877803,4799.549,4869.251009657849,1.8,1.004275204454135,0.2057849999999988,0.1816823778030324,0.9665136106525279,-25.000000000000004,-25.96651361065253,-1.038660544426101,SL,10112.336981545106,6.859499999999961,99.0,18.41847392036155
XAUUSDm,buy_strict_body2.5_wick0.3_atr45_closeOff,momentum,2026-05-01 13:50:00+00:00,2026-05-01 13:55:00+00:00,2026-05-03 22:03:00+00:00,BUY,session_breakout,4617.088618801581,4586.483,4672.178732644426,1.8,0.8168434744638663,0.22602857142856853,0.17860451586736498,0.7550470290053497,7.592871474582599,6.837824445577249,0.27351297782309,TIMEOUT,10119.174805990684,7.534285714285618,100.0,38.294848342025965
XAUUSDm,asym_sellBase_buy_body2.5_wick0.3_atr45_closeOff,momentum,2025-01-03 13:15:00+00:00,2025-01-03 13:20:00+00:00,2025-01-03 16:50:00+00:00,SELL,session_breakout,2652.005430036269,2658.656,2640.0344041015533,1.8,3.7590763102016957,0.04961357142857001,0.04176317801689456,1.98931815731512,45.0,43.01068184268488,1.7204272737073953,TP,10043.010681842685,1.653785714285667,73.0,20.836599199556407
XAUUSDm,asym_sellBase_buy_body2.5_wick0.3_atr45_closeOff,momentum,2025-01-06 13:30:00+00:00,2025-01-06 13:35:00+00:00,2025-01-06 14:15:00+00:00,SELL,session_breakout,2638.225875719044,2648.848,2619.106052013323,1.8,2.353578186316398,0.09765428571428304,0.05929713809885488,1.2373541743335637,45.00000000000021,43.76264582566665,1.750505833026666,TP,10086.773327668352,3.255142857142768,99.0,33.51748168707531
XAUUSDm,asym_sellBase_buy_body2.5_wick0.3_atr45_closeOff,momentum,2025-01-07 13:15:00+00:00,2025-01-07 13:20:00+00:00,2025-01-07 15:00:00+00:00,BUY,session_breakout,2658.0367150390744,2647.585,2676.8498021094083,1.8,2.3919519338726816,0.06974571428571283,0.06284218193162648,1.2690792121684609,-25.0,-26.26907921216846,-1.0507631684867385,SL,10060.504248456184,2.3248571428570943,100.0,31.649388544774304
XAUUSDm,asym_sellBase_buy_body2.5_wick0.3_atr45_closeOff,momentum,2025-01-13 12:00:00+00:00,2025-01-13 12:05:00+00:00,2025-01-13 17:35:00+00:00,SELL,session_breakout,2673.064954967965,2680.55,2659.591873910302,1.8,3.3399932656387783,0.06136285714285707,0.048363603463073,1.7811037896416055,44.999999999999694,43.21889621035809,1.7287558484143235,TP,10103.723144666541,2.045428571428569,66.0,19.272499199964653
XAUUSDm,asym_sellBase_buy_body2.5_wick0.3_atr45_closeOff,momentum,2025-01-15 13:55:00+00:00,2025-01-15 14:00:00+00:00,2025-01-15 14:30:00+00:00,BUY,session_breakout,2693.9235412198063,2682.127,2715.157315415458,1.8,2.119265260398956,0.10109571428571404,0.03699336266367949,1.1393277150156143,-25.0,-26.139327715015614,-1.0455731086006246,SL,10077.583816951525,3.3698571428571347,100.0,29.527297783745972
XAUUSDm,asym_sellBase_buy_body2.5_wick0.3_atr45_closeOff,momentum,2025-01-16 13:30:00+00:00,2025-01-16 13:35:00+00:00,2025-01-17 01:35:00+00:00,BUY,session_breakout,2713.597716646188,2701.388,2735.5752066093264,1.8,2.047549564371345,0.07803214285714083,0.07670057475941956,1.110873182781847,-3.719817377488553,-4.8306905602704,-0.19322762241081598,TIMEOUT,10072.753126391253,2.601071428571361,100.0,29.035232131775437
XAUUSDm,asym_sellBase_buy_body2.5_wick0.3_atr45_closeOff,momentum,2025-01-23 13:10:00+00:00,2025-01-23 13:15:00+00:00,2025-01-23 14:30:00+00:00,SELL,session_breakout,2740.6604500907943,2746.514,2730.124060254224,1.8,4.27091258941562,0.08819785714285834,0.07345098063418955,2.3435242439212507,-25.0,-27.34352424392125,-1.09374096975685,SL,10045.409602147332,2.9399285714286116,100.0,21.034694030739566
XAUUSDm,asym_sellBase_buy_body2.5_wick0.3_atr45_closeOff,momentum,2025-01-24 13:40:00+00:00,2025-01-24 13:45:00+00:00,2025-01-24 14:15:00+00:00,BUY,session_breakout,2783.989965984538,2777.85,2795.041904756706,1.8,4.071683794821815,0.05255785714285528,0.044687055966147325,2.264605365889156,-25.0,-27.264605365889157,-1.0905842146355662,SL,10018.144996781442,1.7519285714285096,50.0,34.62164324979766
XAUUSDm,asym_sellBase_buy_body2.5_wick0.3_atr45_closeOff,momentum,2025-02-03 12:35:00+00:00,2025-02-03 12:40:00+00:00,2025-02-03 14:45:00+00:00,BUY,session_breakout,2808.049977493352,2800.096,2822.367136981385,1.8,3.1430815615075054,0.06067071428571547,0.02364213620862884,1.769686021610184,44.999999999999424,43.23031397838924,1.7292125591355696,TP,10061.375310759831,2.0223571428571825,47.0,32.5962657261514
XAUUSDm,asym_sellBase_buy_body2.5_wick0.3_atr45_closeOff,momentum,2025-02-11 12:45:00+00:00,2025-02-11 12:50:00+00:00,2025-02-11 13:15:00+00:00,SELL,session_breakout,2896.7025617064187,2904.236,2883.1423727779725,1.8,3.3185378343512926,0.08019428571428665,0.049341150723991846,1.9180634091770121,45.000000000000306,43.0819365908233,1.7232774636329318,TP,10104.457247350654,2.673142857142888,57.99999999999999,33.99080280425428
XAUUSDm,asym_sellBase_buy_body2.5_wick0.3_atr45_closeOff,momentum,2025-02-12 13:15:00+00:00,2025-02-12 13:20:00+00:00,2025-02-12 14:00:00+00:00,SELL,session_breakout,2874.1685338976936,2885.902,2853.048294913542,1.8,2.130657708644653,0.08443714285714382,0.04724753087743434,1.2272738685386042,-25.0,-26.227273868538603,-1.0490909547415441,SL,10078.229973482115,2.814571428571461,97.0,21.687231563201554
XAUUSDm,asym_sellBase_buy_body2.5_wick0.3_atr45_closeOff,momentum,2025-02-13 13:00:00+00:00,2025-02-13 13:05:00+00:00,2025-02-13 18:50:00+00:00,SELL,session_breakout,2913.964578291786,2921.369,2900.6366192170003,1.8,3.376360907735176,0.06448499999999967,0.06117920821413114,1.9702192177338806,-25.0,-26.97021921773388,-1.0788087687093553,SL,10051.259754264382,2.149499999999989,60.0,18.43714716473585
XAUUSDm,asym_sellBase_buy_body2.5_wick0.3_atr45_closeOff,momentum,2025-02-14 13:40:00+00:00,2025-02-14 13:45:00+00:00,2025-02-14 16:45:00+00:00,SELL,session_breakout,2917.8399371973387,2933.321,2889.9740241525487,1.8,1.6148762083506627,0.10798928571428665,0.08106815980398405,0.9378900588710749,44.99999999999971,44.06210994112863,1.7624843976451452,TP,10095.32186420551,3.5996428571428885,100.0,18.863435153374482
XAUUSDm,asym_sellBase_buy_body2.5_wick0.3_atr45_closeOff,momentum,2025-02-24 13:55:00+00:00,2025-02-24 14:00:00+00:00,2025-02-24 14:20:00+00:00,BUY,session_breakout,2954.4930735650278,2946.923,2968.1192059820783,1.8,3.3024778141515383,0.07127785714285698,0.062434636456198414,1.9489295655025785,-25.0,-26.948929565502578,-1.077957182620103,SL,10068.372934640009,2.375928571428566,88.0,20.21311523242239
XAUUSDm,asym_sellBase_buy_body2.5_wick0.3_atr45_closeOff,momentum,2025-02-28 12:50:00+00:00,2025-02-28 12:55:00+00:00,2025-02-28 14:40:00+00:00,SELL,session_breakout,2855.0265775565167,2864.502,2837.970817158247,1.8,2.638404793993523,0.06792428571428445,0.04146030062592806,1.502043161840807,44.99999999999976,43.49795683815895,1.7399182735263579,TP,10111.870891478167,2.264142857142815,71.0,21.169540131150995
XAUUSDm,asym_sellBase_buy_body2.5_wick0.3_atr45_closeOff,momentum,2025-03-03 13:05:00+00:00,2025-03-03 13:10:00+00:00,2025-03-03 14:30:00+00:00,SELL,session_breakout,2871.0591338260524,2877.716,2859.076774712947,1.8,3.7555208932756887,0.057207857142854465,0.026262245376088195,2.1589645125827484,-25.0,-27.15896451258275,-1.08635858050331,SL,10084.711926965585,1.9069285714284823,70.0,19.71262015212677
XAUUSDm,asym_sellBase_buy_body2.5_wick0.3_atr45_closeOff,momentum,2025-03-05 13:30:00+00:00,2025-03-05 13:35:00+00:00,2025-03-05 15:05:00+00:00,SELL,session_breakout,2908.6681299267243,2917.269,2893.1865637948285,1.8,2.906682671289236,0.08657571428571535,0.05958221613323566,1.6934150499578555,-25.0,-26.693415049957856,-1.0677366019983143,SL,10058.018511915627,2.8858571428571786,100.0,18.538773727042578
XAUUSDm,asym_sellBase_buy_body2.5_wick0.3_atr45_closeOff,momentum,2025-03-21 13:45:00+00:00,2025-03-21 13:50:00+00:00,2025-03-23 22:05:00+00:00,SELL,session_breakout,3010.711124433595,3036.851,2963.6593484140662,1.8,0.9563932290530899,0.11942571428571715,0.041162709261512116,0.5771446873478308,-12.599405392097738,-13.176550079445569,-0.5270620031778228,TIMEOUT,10044.84196183618,3.9808571428572384,100.0,18.011965333720443
XAUUSDm,asym_sellBase_buy_body2.5_wick0.3_atr45_closeOff,momentum,2025-03-26 13:00:00+00:00,2025-03-26 13:05:00+00:00,2025-03-26 14:00:00+00:00,SELL,session_breakout,3024.777729936989,3029.994,3015.388443823569,1.8,4.792696639170737,0.06616928571428649,0.0581854201542248,2.8948684121015,45.00000000000043,42.10513158789893,1.6842052635159572,TP,10086.94709342408,2.205642857142883,100.0,19.750277906197685
XAUUSDm,asym_sellBase_buy_body2.5_wick0.3_atr45_closeOff,momentum,2025-04-02 12:25:00+00:00,2025-04-02 12:30:00+00:00,2025-04-02 13:50:00+00:00,BUY,session_breakout,3125.942407409743,3117.046,3141.9559407472802,1.8,2.8101231034699414,0.08566285714285543,0.06357598117181137,1.7543565958357132,-24.999999999999996,-26.75435659583571,-1.0701742638334286,SL,10060.192736828245,2.8554285714285146,72.0,23.02494613702874
XAUUSDm,asym_sellBase_buy_body2.5_wick0.3_atr45_closeOff,momentum,2025-04-03 12:20:00+00:00,2025-04-03 12:25:00+00:00,2025-04-03 14:00:00+00:00,SELL,session_breakout,3080.663995497613,3097.309,3050.702987393316,1.8,1.501952132029443,0.14053499999999824,0.11673700238702715,0.9279019712207967,-25.0,-25.9279019712208,-1.0371160788488318,SL,10034.264834857024,4.684499999999941,68.0,45.51265925747012
XAUUSDm,asym_sellBase_buy_body2.5_wick0.3_atr45_closeOff,momentum,2025-04-11 13:30:00+00:00,2025-04-11 13:35:00+00:00,2025-04-11 13:50:00+00:00,BUY,session_breakout,3240.5643193663745,3225.711,3267.300294225849,1.8,1.683125460602126,0.17203285714285552,0.0943029378029594,1.0883552625288688,-25.0,-26.088355262528868,-1.0435342105011547,SL,10008.176479594495,5.734428571428517,74.0,26.486869484803904
XAUUSDm,asym_sellBase_buy_body2.5_wick0.3_atr45_closeOff,momentum,2025-04-21 13:00:00+00:00,2025-04-21 13:05:00+00:00,2025-04-22 01:05:00+00:00,BUY,session_breakout,3421.392205553286,3398.008,3463.4837755492017,1.8,1.0690976840342787,0.13261714285714366,0.1298969818577713,0.7327146725100194,11.541758840291957,10.809044167781938,0.4323617667112775,TIMEOUT,10018.985523762276,4.4205714285714555,100.0,28.364920124046165
XAUUSDm,asym_sellBase_buy_body2.5_wick0.3_atr45_closeOff,momentum,2025-04-23 13:25:00+00:00,2025-04-23 13:30:00+00:00,2025-04-23 14:00:00+00:00,SELL,session_breakout,3299.6024044876813,3320.54,3261.9147325655076,1.8,1.1940244038667753,0.2031985714285695,0.18799622660431772,0.7834611588031565,45.0,44.216538841196844,1.7686615536478738,TP,10063.202062603474,6.773285714285651,78.0,22.560104668224394
XAUUSDm,asym_sellBase_buy_body2.5_wick0.3_atr45_closeOff,momentum,2025-04-25 13:20:00+00:00,2025-04-25 13:25:00+00:00,2025-04-25 19:30:00+00:00,SELL,session_breakout,3270.3545113718938,3298.252,3220.1390318413028,1.8,0.8961380120364298,0.20633142857142858,0.17432291382078616,0.5886377980950358,-25.0,-25.588637798095036,-1.0235455119238015,SL,10037.613424805379,6.877714285714286,89.0,31.5080885248663
XAUUSDm,asym_sellBase_buy_body2.5_wick0.3_atr45_closeOff,momentum,2025-04-30 12:00:00+00:00,2025-04-30 12:05:00+00:00,2025-04-30 12:15:00+00:00,SELL,session_breakout,3267.622155921972,3281.671,3242.334236581522,1.8,1.7795058341561183,0.11945999999999815,0.052114078027996426,1.1654505380561886,-25.0,-26.165450538056188,-1.0466180215222476,SL,10011.447974267323,3.9819999999999385,85.0,43.24131785778276
XAUUSDm,asym_sellBase_buy_body2.5_wick0.3_atr45_closeOff,momentum,2025-04-30 12:20:00+00:00,2025-04-30 12:25:00+00:00,2025-05-01 00:20:00+00:00,BUY,session_breakout,3290.2083008646755,3266.901,3332.1614424210916,1.8,1.0726252750222909,0.15381214285714284,0.09639479324692701,0.7033321167191194,-25.0,-25.70333211671912,-1.0281332846687647,SL,9985.744642150605,5.127071428571428,97.0,44.343344543550394
XAUUSDm,asym_sellBase_buy_body2.5_wick0.3_atr45_closeOff,momentum,2025-05-02 13:00:00+00:00,2025-05-02 13:05:00+00:00,2025-05-02 14:55:00+00:00,SELL,session_breakout,3244.051010080453,3263.926,3208.276028225269,1.8,1.2578622731985796,0.15889714285714296,0.05254134811812477,0.8186138755823893,-25.0,-25.81861387558239,-1.0327445550232957,SL,9959.926028275022,5.296571428571432,100.0,20.422343309001352
XAUUSDm,asym_sellBase_buy_body2.5_wick0.3_atr45_closeOff,momentum,2025-05-09 13:25:00+00:00,2025-05-09 13:30:00+00:00,2025-05-09 14:00:00+00:00,BUY,session_breakout,3339.9053519519866,3328.669,3360.130785465563,1.8,2.224921407484002,0.10501285714285587,0.04284552341524999,1.483705383305673,-24.999999999999996,-26.48370538330567,-1.059348215332227,SL,9933.442322891717,3.500428571428529,49.0,23.16619450277093
XAUUSDm,asym_sellBase_buy_body2.5_wick0.3_atr45_closeOff,momentum,2025-05-14 12:50:00+00:00,2025-05-14 12:55:00+00:00,2025-05-15 00:55:00+00:00,SELL,session_breakout,3186.1701983573935,3221.493,3122.5891554007017,1.8,0.7077581289544408,0.21265500000000104,0.16547414260624274,0.4511249038828406,-1.1733225887487753,-1.624447492631616,-0.06497789970526463,TIMEOUT,9931.817875399085,7.088500000000034,100.0,20.548243138493692
XAUUSDm,asym_sellBase_buy_body2.5_wick0.3_atr45_closeOff,momentum,2025-05-15 12:50:00+00:00,2025-05-15 12:55:00+00:00,2025-05-15 15:05:00+00:00,BUY,session_breakout,3188.6740404543184,3177.747,3208.3427132720917,1.8,2.2879022096161052,0.1302021428571457,0.10693938288981751,1.46357487658019,44.99999999999979,43.5364251234196,1.741457004936784,TP,9975.354300522506,4.340071428571524,65.0,28.573355861432
XAUUSDm,asym_sellBase_buy_body2.5_wick0.3_atr45_closeOff,momentum,2025-05-28 13:35:00+00:00,2025-05-28 13:40:00+00:00,2025-05-28 20:50:00+00:00,SELL,session_breakout,3303.647858629578,3316.438,3280.625604162818,1.8,1.9546304670106147,0.11382000000000095,0.11123137042196417,1.2869821513503499,45.00000000000018,43.71301784864983,1.748520713945993,TP,10019.067318371155,3.7940000000000316,98.0,19.47008735358178
XAUUSDm,asym_sellBase_buy_body2.5_wick0.3_atr45_closeOff,momentum,2025-05-29 12:15:00+00:00,2025-05-29 12:20:00+00:00,2025-05-29 16:05:00+00:00,BUY,session_breakout,3308.826245226463,3298.541,3327.3396866340963,1.8,2.43066640119359,0.10334357142857113,0.05457344074896425,1.6130305563319014,45.00000000000044,43.38696944366854,1.7354787777467415,TP,10062.454287814824,3.4447857142857043,100.0,33.53063891306181
XAUUSDm,asym_sellBase_buy_body2.5_wick0.3_atr45_closeOff,momentum,2025-05-30 12:10:00+00:00,2025-05-30 12:15:00+00:00,2025-05-30 13:40:00+00:00,BUY,session_breakout,3302.997816098065,3288.365,3329.3368850745824,1.8,1.708488634891381,0.14142642857142912,0.07910288377932184,1.1261268459749192,-25.0,-26.12612684597492,-1.0450450738389967,SL,10036.32816096885,4.714214285714304,100.0,26.073140583746437
XAUUSDm,asym_sellBase_buy_body2.5_wick0.3_atr45_closeOff,momentum,2025-06-03 13:45:00+00:00,2025-06-03 13:50:00+00:00,2025-06-04 01:20:00+00:00,SELL,session_breakout,3343.8050787423017,3363.095,3309.083220478445,1.8,1.2960135848156022,0.12839785714285493,0.08072232912660846,0.8692233614050856,-25.0,-25.869223361405087,-1.0347689344562034,SL,10010.458937607444,4.279928571428497,100.0,26.21077909916798
XAUUSDm,asym_sellBase_buy_body2.5_wick0.3_atr45_closeOff,momentum,2025-06-11 12:15:00+00:00,2025-06-11 12:20:00+00:00,2025-06-11 12:35:00+00:00,BUY,session_breakout,3338.0893303651847,3327.196,3357.6973250225174,1.8,2.294982265469558,0.09899999999999863,0.042830365184540406,1.5366711627482503,45.00000000000041,43.46332883725216,1.7385331534900867,TP,10053.922266444695,3.2999999999999545,97.0,30.652943272538636
XAUUSDm,asym_sellBase_buy_body2.5_wick0.3_atr45_closeOff,momentum,2025-06-16 13:50:00+00:00,2025-06-16 13:55:00+00:00,2025-06-17 01:55:00+00:00,SELL,session_breakout,3389.7758900521085,3417.401,3340.050692145904,1.8,0.9049737737571707,0.17297357142857242,0.06762316217684872,0.6138857820699728,-3.5412618766699797,-4.155147658739953,-0.16620590634959811,TIMEOUT,10049.767118785956,5.765785714285747,100.0,35.415918947083775
XAUUSDm,asym_sellBase_buy_body2.5_wick0.3_atr45_closeOff,momentum,2025-06-20 13:50:00+00:00,2025-06-20 13:55:00+00:00,2025-06-22 22:05:00+00:00,BUY,session_breakout,3372.0699540723726,3348.68,3414.171871402644,1.8,1.068834933264316,0.11116928571428453,0.07036942951579779,0.7218126565337122,9.75423669002258,9.032424033488867,0.36129696133955475,TIMEOUT,10058.799542819444,3.7056428571428177,98.0,19.55623931036536
XAUUSDm,asym_sellBase_buy_body2.5_wick0.3_atr45_closeOff,momentum,2025-06-24 12:30:00+00:00,2025-06-24 12:35:00+00:00,2025-06-24 19:30:00+00:00,SELL,session_breakout,3307.687851476124,3321.86,3282.1779841331463,1.8,1.7640232853812954,0.12322071428571267,0.05653816673342303,1.1694676781553421,-25.0,-26.169467678155343,-1.0467787071262138,SL,10032.63007514129,4.107357142857089,82.0,38.064296195118644
XAUUSDm,asym_sellBase_buy_body2.5_wick0.3_atr45_closeOff,momentum,2025-06-26 13:05:00+00:00,2025-06-26 13:10:00+00:00,2025-06-27 01:10:00+00:00,SELL,session_breakout,3317.8029037062697,3344.056,3270.547330377555,1.8,0.9522686284425208,0.15296785714285566,0.1176123651584725,0.6317681378872884,1.1978622370821577,0.5660940991948693,0.022643763967794772,TIMEOUT,10033.196169240484,5.098928571428522,100.0,18.53667304092629
XAUUSDm,asym_sellBase_buy_body2.5_wick0.3_atr45_closeOff,momentum,2025-06-27 12:05:00+00:00,2025-06-27 12:10:00+00:00,2025-06-29 22:05:00+00:00,SELL,session_breakout,3273.962765636309,3285.344,3253.4765437816654,1.8,2.1965982951512153,0.1014771428571443,0.061495792262320874,1.4376636480038538,6.525578732009939,5.087915084006085,0.2035166033602434,TIMEOUT,10038.28408432449,3.382571428571477,74.0,43.632735004813654
XAUUSDm,asym_sellBase_buy_body2.5_wick0.3_atr45_closeOff,momentum,2025-07-08 13:45:00+00:00,2025-07-08 13:50:00+00:00,2025-07-08 14:40:00+00:00,SELL,session_breakout,3315.9760757952477,3326.914,3296.287812226693,1.8,2.2856256390163523,0.10118357142857348,0.08933241903805578,1.51131598744049,45.00000000000021,43.48868401255972,1.7395473605023888,TP,10081.77276833705,3.372785714285783,100.0,18.147393845146915
XAUUSDm,asym_sellBase_buy_body2.5_wick0.3_atr45_closeOff,momentum,2025-07-14 12:35:00+00:00,2025-07-14 12:40:00+00:00,2025-07-15 00:40:00+00:00,SELL,session_breakout,3351.435472316392,3368.025,3321.5743224858975,1.8,1.5069747901685062,0.09729428571428668,0.07688054075125164,1.0094344757830263,6.712777484305847,5.703343008522821,0.22813372034091284,TIMEOUT,10087.476111345573,3.2431428571428893,100.0,21.65202251038262
XAUUSDm,asym_sellBase_buy_body2.5_wick0.3_atr45_closeOff,momentum,2025-07-15 12:05:00+00:00,2025-07-15 12:10:00+00:00,2025-07-15 12:30:00+00:00,SELL,session_breakout,3352.7306183995206,3359.335,3340.8427315186577,1.8,3.7853657635690205,0.0592757142857129,0.030743743336578592,2.540762339471827,-25.0,-27.540762339471826,-1.101630493578873,SL,10059.935349006102,1.9758571428570966,59.0,20.971755145144762
XAUUSDm,asym_sellBase_buy_body2.5_wick0.3_atr45_closeOff,momentum,2025-07-15 12:35:00+00:00,2025-07-15 12:40:00+00:00,2025-07-15 15:35:00+00:00,SELL,session_breakout,3347.927988500882,3360.387,3325.5017678024687,1.8,2.006579735621011,0.10199142857143151,0.09001578483224014,1.3390768916088567,45.000000000000185,43.66092310839133,1.7464369243356532,TP,10103.596272114493,3.3997142857143836,100.0,24.614335357064114
XAUUSDm,asym_sellBase_buy_body2.5_wick0.3_atr45_closeOff,momentum,2025-07-18 12:00:00+00:00,2025-07-18 12:05:00+00:00,2025-07-18 14:15:00+00:00,BUY,session_breakout,3358.309286801109,3351.982,3369.6984030431054,1.8,3.9511406367130424,0.058890000000000914,0.05084180110909145,2.6513304587461315,-25.0,-27.65133045874613,-1.1060532183498453,SL,10075.944941655747,1.9630000000000305,82.0,31.83987434693921
XAUUSDm,asym_sellBase_buy_body2.5_wick0.3_atr45_closeOff,momentum,2025-07-21 12:15:00+00:00,2025-07-21 12:20:00+00:00,2025-07-21 13:45:00+00:00,BUY,session_breakout,3378.2370257837147,3370.859,3391.5174721944013,1.8,3.388440313556725,0.06443571428571561,0.03680792657187106,2.293890905383102,45.00000000000031,42.70610909461721,1.7082443637846885,TP,10118.651050750364,2.147857142857187,90.0,27.99741884698307
XAUUSDm,asym_sellBase_buy_body2.5_wick0.3_atr45_closeOff,momentum,2025-07-22 12:55:00+00:00,2025-07-22 13:00:00+00:00,2025-07-22 16:50:00+00:00,BUY,session_breakout,3407.595603564548,3393.754,3432.5104899807347,1.8,1.8061491129561893,0.08744357142857,0.04388177883419291,1.2354251553383038,44.99999999999967,43.76457484466137,1.7505829937864548,TP,10162.415625595026,2.914785714285667,100.0,24.906157185601465
XAUUSDm,asym_sellBase_buy_body2.5_wick0.3_atr45_closeOff,momentum,2025-07-24 12:45:00+00:00,2025-07-24 12:50:00+00:00,2025-07-24 13:40:00+00:00,SELL,session_breakout,3354.2019051927327,3365.506,3333.854534539652,1.8,2.2115879622602,0.0947721428571445,0.073708735838596,1.4861225113028953,-25.0,-26.486122511302895,-1.0594449004521158,SL,10135.929503083722,3.1590714285714836,92.0,50.569753258342374
XAUUSDm,asym_sellBase_buy_body2.5_wick0.3_atr45_closeOff,momentum,2025-07-28 13:30:00+00:00,2025-07-28 13:35:00+00:00,2025-07-28 13:50:00+00:00,SELL,session_breakout,3324.276380724828,3330.639,3312.823666029518,1.8,3.9291994253928593,0.08868000000000101,0.03527927517253192,2.60784896899821,45.00000000000072,42.392151031002506,1.6956860412401003,TP,10178.321654114725,2.9560000000000337,99.0,24.688991825086365
XAUUSDm,asym_sellBase_buy_body2.5_wick0.3_atr45_closeOff,momentum,2025-08-01 12:30:00+00:00,2025-08-01 12:35:00+00:00,2025-08-03 22:05:00+00:00,BUY,session_breakout,3328.102895157502,3296.811,3384.428306441006,1.8,0.7989289199061631,0.12649285714285852,0.05564872893101622,0.5346035979506067,28.200676776551152,27.666073178600545,1.106642927144022,TIMEOUT,10205.987727293326,4.216428571428618,100.0,27.262211762494214
XAUUSDm,asym_sellBase_buy_body2.5_wick0.3_atr45_closeOff,momentum,2025-08-04 13:00:00+00:00,2025-08-04 13:05:00+00:00,2025-08-05 01:05:00+00:00,BUY,session_breakout,3372.329111855854,3361.037,3392.6549131963916,1.8,2.2139348528538547,0.08956285714285676,0.02733042728262657,1.4952836542161807,20.60263009908461,19.10734644486843,0.7642938577947372,TIMEOUT,10225.095073738195,2.985428571428559,100.0,18.452596237814085
XAUUSDm,asym_sellBase_buy_body2.5_wick0.3_atr45_closeOff,momentum,2025-08-05 12:25:00+00:00,2025-08-05 12:30:00+00:00,2025-08-05 14:20:00+00:00,BUY,session_breakout,3360.929003554551,3349.903,3380.775809952743,1.8,2.2673673082284527,0.08291357142857188,0.07054676883660717,1.5285921095872836,45.00000000000041,43.471407890413126,1.738856315616525,TP,10268.566481628608,2.763785714285729,100.0,39.83255098002978
XAUUSDm,asym_sellBase_buy_body2.5_wick0.3_atr45_closeOff,momentum,2025-08-06 12:50:00+00:00,2025-08-06 12:55:00+00:00,2025-08-07 00:55:00+00:00,BUY,session_breakout,3368.587385062496,3360.141,3383.7908781749893,1.8,2.9598461134581364,0.07221857142856997,0.05527577678186731,1.9952095882396295,11.095323353621113,9.100113765381483,0.3640045506152593,TIMEOUT,10277.66659539399,2.4072857142856656,95.0,26.669520520968696
XAUUSDm,asym_sellBase_buy_body2.5_wick0.3_atr45_closeOff,momentum,2025-08-12 12:30:00+00:00,2025-08-12 12:35:00+00:00,2025-08-12 14:10:00+00:00,BUY,session_breakout,3350.4054707888235,3338.543,3371.7579182087056,1.8,2.107486749181669,0.11245285714285533,0.08924436025218492,1.4096870268146433,-24.999999999999996,-26.40968702681464,-1.0563874810725857,SL,10251.256908367175,3.7484285714285113,100.0,24.49102958935112
XAUUSDm,asym_sellBase_buy_body2.5_wick0.3_atr45_closeOff,momentum,2025-08-20 12:00:00+00:00,2025-08-20 12:05:00+00:00,2025-08-20 13:40:00+00:00,BUY,session_breakout,3334.606892541835,3328.646,3345.3364991171375,1.8,4.194002798162374,0.05190642857142652,0.04393932754909453,2.801570127618399,45.00000000000038,42.19842987238198,1.6879371948952795,TP,10293.455338239557,1.7302142857142175,98.0,33.17162831817436
XAUUSDm,asym_sellBase_buy_body2.5_wick0.3_atr45_closeOff,momentum,2025-08-28 12:05:00+00:00,2025-08-28 12:10:00+00:00,2025-08-28 12:30:00+00:00,BUY,session_breakout,3408.1104199715614,3401.401,3420.1873759203722,1.8,3.726104507686871,0.06637285714285845,0.04123354299014476,2.537295119710126,-25.0,-27.537295119710127,-1.101491804788405,SL,10265.918043119847,2.212428571428615,100.0,28.685871396469178
XAUUSDm,asym_sellBase_buy_body2.5_wick0.3_atr45_closeOff,momentum,2025-08-29 13:30:00+00:00,2025-08-29 13:35:00+00:00,2025-08-29 14:10:00+00:00,BUY,session_breakout,3421.038864058218,3413.653,3434.333419363011,1.8,3.384844319221106,0.08168142857142845,0.05702334393242709,2.3204367929684175,44.99999999999939,42.679563207030974,1.707182528281239,TP,10308.597606326879,2.7227142857142814,100.0,20.979330941647344
XAUUSDm,asym_sellBase_buy_body2.5_wick0.3_atr45_closeOff,momentum,2025-09-04 13:35:00+00:00,2025-09-04 13:40:00+00:00,2025-09-04 14:00:00+00:00,BUY,session_breakout,3558.025999691681,3539.71,3590.994799136707,1.8,1.3649268628976168,0.13142357142856975,0.05228790596682179,0.9687890531734648,-25.0,-25.968789053173463,-1.0387515621269385,SL,10282.628817273706,4.3807857142856585,99.0,19.552379694708875
XAUUSDm,asym_sellBase_buy_body2.5_wick0.3_atr45_closeOff,momentum,2025-09-12 12:20:00+00:00,2025-09-12 12:25:00+00:00,2025-09-12 13:10:00+00:00,SELL,session_breakout,3643.21670991779,3649.349,3632.1785877698117,1.8,4.076780397673183,0.063953571428571,0.024313296495592954,2.973018893493647,-25.0,-27.973018893493645,-1.1189207557397458,SL,10254.655798380212,2.1317857142857,65.0,21.061426016204223
XAUUSDm,asym_sellBase_buy_body2.5_wick0.3_atr45_closeOff,momentum,2025-09-25 12:50:00+00:00,2025-09-25 12:55:00+00:00,2025-09-25 18:40:00+00:00,SELL,session_breakout,3732.341596698798,3755.926,3689.889670756635,1.8,1.0600225785117117,0.14623071428571327,0.11228794405902887,0.7937732726438359,-25.0,-25.793773272643836,-1.0317509309057535,SL,10228.862025107568,4.874357142857109,100.0,19.87710691908853
XAUUSDm,asym_sellBase_buy_body2.5_wick0.3_atr45_closeOff,momentum,2025-10-01 12:45:00+00:00,2025-10-01 12:50:00+00:00,2025-10-02 00:50:00+00:00,SELL,session_breakout,3870.8638493898834,3891.122,3834.3991782916737,1.8,1.2340711884882318,0.1346742857142866,0.08481346725981166,0.9537270946058809,16.57215612660294,15.61842903199706,0.6247371612798824,TIMEOUT,10244.480454139566,4.489142857142887,96.0,18.3325867553591
XAUUSDm,asym_sellBase_buy_body2.5_wick0.3_atr45_closeOff,momentum,2025-10-09 13:40:00+00:00,2025-10-09 13:45:00+00:00,2025-10-09 16:40:00+00:00,SELL,session_breakout,4031.1543431239784,4057.981,3982.866360747139,1.8,0.9319088888166851,0.18705642857143076,0.13012866173602372,0.7468337129098441,45.000000000000085,44.25316628709024,1.7701266514836096,TP,10288.733620426656,6.235214285714359,100.0,19.2834809256265
XAUUSDm,asym_sellBase_buy_body2.5_wick0.3_atr45_closeOff,momentum,2025-10-21 12:10:00+00:00,2025-10-21 12:15:00+00:00,2025-10-21 14:20:00+00:00,SELL,session_breakout,4225.171965370832,4267.064,4149.76630303833,1.8,0.5967721601803839,0.2890564285714325,0.24150641488156172,0.49979300018159006,45.0,44.50020699981841,1.7800082799927364,TP,10333.233827426475,9.635214285714417,84.0,57.438051634424795
XAUUSDm,asym_sellBase_buy_body2.5_wick0.3_atr45_closeOff,momentum,2025-10-22 13:00:00+00:00,2025-10-22 13:05:00+00:00,2025-10-22 14:45:00+00:00,BUY,session_breakout,4066.6581704226132,4023.09,4145.080877183317,1.8,0.5738133999545757,0.39714642857142374,0.29559720832738917,0.4642005902446508,-25.000000000000004,-25.464200590244655,-1.018568023609786,SL,10307.76962683623,13.238214285714125,64.0,38.975027111375816
XAUUSDm,asym_sellBase_buy_body2.5_wick0.3_atr45_closeOff,momentum,2025-10-24 12:30:00+00:00,2025-10-24 12:35:00+00:00,2025-10-26 22:05:00+00:00,BUY,session_breakout,4089.9258587188065,4058.775,4145.9974044126575,1.8,0.8025460943363021,0.19440642857142945,0.1336555045202722,0.6564135143552964,-0.5729045266860551,-1.2293180410413513,-0.04917272164165405,TIMEOUT,10306.540308795189,6.4802142857143155,74.0,42.41032507024094
XAUUSDm,asym_sellBase_buy_body2.5_wick0.3_atr45_closeOff,momentum,2025-11-10 13:00:00+00:00,2025-11-10 13:05:00+00:00,2025-11-10 13:50:00+00:00,BUY,session_breakout,4105.147900398846,4092.184,4128.482921116769,1.8,1.9284319711547295,0.11574214285713975,0.08002932741715374,1.5807996914895692,-25.0,-26.58079969148957,-1.0632319876595828,SL,10279.959509103699,3.8580714285713253,82.0,50.15628024988935
XAUUSDm,asym_sellBase_buy_body2.5_wick0.3_atr45_closeOff,momentum,2025-11-14 12:10:00+00:00,2025-11-14 12:15:00+00:00,2025-11-14 13:20:00+00:00,SELL,session_breakout,4125.732431492985,4157.72,4068.1548081803567,1.8,0.7815536211987153,0.2434607142857099,0.12483814987278756,0.6403962243860646,45.0,44.359603775613934,1.7743841510245573,TP,10324.319112879313,8.115357142856997,100.0,35.25045599985121
XAUUSDm,asym_sellBase_buy_body2.5_wick0.3_atr45_closeOff,momentum,2025-11-14 13:25:00+00:00,2025-11-14 13:30:00+00:00,2025-11-16 23:00:00+00:00,SELL,session_breakout,4055.4336507711932,4119.67,3939.808222159341,1.8,0.38918774650394883,0.34366928571428257,0.11051458594954203,0.316530428192668,-8.65411464683415,-8.970645075026818,-0.3588258030010727,TIMEOUT,10315.348467804286,11.455642857142752,100.0,46.13312162979941
XAUUSDm,asym_sellBase_buy_body2.5_wick0.3_atr45_closeOff,momentum,2025-11-18 13:35:00+00:00,2025-11-18 13:40:00+00:00,2025-11-19 01:40:00+00:00,BUY,session_breakout,4066.2106251052314,4029.089,4133.029550294648,1.8,0.6734618953003971,0.20224714285714396,0.12250153380293677,0.5476320474961682,-0.5553535862814698,-1.102985633777638,-0.04411942535110552,TIMEOUT,10314.245482170509,6.741571428571466,98.0,23.99220544731655
XAUUSDm,asym_sellBase_buy_body2.5_wick0.3_atr45_closeOff,momentum,2025-11-19 13:10:00+00:00,2025-11-19 13:15:00+00:00,2025-11-19 14:55:00+00:00,SELL,session_breakout,4102.983442305919,4120.01,4072.335638456573,1.8,1.4682944403195959,0.13318928571428126,0.05996305122293046,1.207377555412228,-25.0,-26.20737755541223,-1.0482951022164892,SL,10288.038104615096,4.439642857142709,70.0,38.20990375075074
XAUUSDm,asym_sellBase_buy_body2.5_wick0.3_atr45_closeOff,momentum,2025-12-03 13:50:00+00:00,2025-12-03 13:55:00+00:00,2025-12-03 14:50:00+00:00,BUY,session_breakout,4236.186508072197,4211.353,4280.886822602152,1.8,1.0067043257569066,0.14135571428571309,0.0828302150536226,0.8504174564778653,-25.0,-25.850417456477864,-1.0340166982591146,SL,10262.187687158617,4.711857142857103,100.0,27.83795219721161
XAUUSDm,asym_sellBase_buy_body2.5_wick0.3_atr45_closeOff,momentum,2025-12-16 13:20:00+00:00,2025-12-16 13:25:00+00:00,2025-12-16 14:15:00+00:00,BUY,session_breakout,4301.046920013993,4289.067,4322.6107760391815,1.8,2.086825285210463,0.10657071428571661,0.09563465684998493,1.7996066931123569,45.00000000000076,43.2003933068884,1.728015732275536,TP,10305.388080465505,3.5523571428572205,63.0,29.460394202997385
XAUUSDm,asym_sellBase_buy_body2.5_wick0.3_atr45_closeOff,momentum,2025-12-23 13:50:00+00:00,2025-12-23 13:55:00+00:00,2025-12-23 14:55:00+00:00,SELL,session_breakout,4478.904429919276,4497.359,4445.686203773971,1.8,1.3546779952414973,0.16868357142857154,0.07822829501032212,1.2089946548002612,44.99999999999975,43.79100534519949,1.7516402138079794,TP,10349.179085810705,5.622785714285718,100.0,24.530324010148064
XAUUSDm,asym_sellBase_buy_body2.5_wick0.3_atr45_closeOff,momentum,2025-12-29 13:40:00+00:00,2025-12-29 13:45:00+00:00,2025-12-29 14:40:00+00:00,SELL,session_breakout,4429.313177425376,4467.761,4360.107096791053,1.8,0.6502318811807067,0.21624642857142654,0.07369936033775602,0.5715161279391592,44.999999999999766,44.4284838720606,1.7771393548824241,TP,10393.607569682767,7.208214285714218,73.0,42.45223459079032
XAUUSDm,asym_sellBase_buy_body2.5_wick0.3_atr45_closeOff,momentum,2026-01-07 12:15:00+00:00,2026-01-07 12:20:00+00:00,2026-01-07 16:20:00+00:00,SELL,session_breakout,4442.065988724566,4455.798,4417.348368428784,1.8,1.8205636085315247,0.13742785714285674,0.068297346863427,1.61991273715351,-25.0,-26.61991273715351,-1.0647965094861405,SL,10366.987656945614,4.580928571428558,75.0,24.219487564866068
XAUUSDm,asym_sellBase_buy_body2.5_wick0.3_atr45_closeOff,momentum,2026-01-30 13:20:00+00:00,2026-01-30 13:25:00+00:00,2026-01-30 17:43:00+00:00,SELL,session_breakout,5025.417476113164,5117.524,4859.62573311686,1.8,0.2714248561884231,0.8836500000000017,0.4466988868353718,0.26830464314816077,44.99999999999995,44.73169535685179,1.7892678142740714,TP,10411.719352302465,29.45500000000006,71.0,48.48365673984146
XAUUSDm,asym_sellBase_buy_body2.5_wick0.3_atr45_closeOff,momentum,2026-02-04 12:30:00+00:00,2026-02-04 12:35:00+00:00,2026-02-04 12:59:00+00:00,BUY,session_breakout,5062.911105304699,5037.48,5108.687094853158,1.8,0.9830481098035554,0.28187571428571706,0.21516744755602424,0.9929170384346427,-25.0,-25.992917038434644,-1.0397166815373857,SL,10385.72643526403,9.395857142857235,45.0,27.185615352908528
XAUUSDm,asym_sellBase_buy_body2.5_wick0.3_atr45_closeOff,momentum,2026-02-17 13:55:00+00:00,2026-02-17 14:00:00+00:00,2026-02-18 02:00:00+00:00,SELL,session_breakout,4869.856075913444,4924.239,4771.9668125576445,1.8,0.45970312225599125,0.3260078571428546,0.22492015798397294,0.4486145347931948,-8.769261862507813,-9.217876397301008,-0.36871505589204034,TIMEOUT,10376.50855886673,10.866928571428486,88.0,20.56358489368482
XAUUSDm,asym_sellBase_buy_body2.5_wick0.3_atr45_closeOff,momentum,2026-02-18 13:05:00+00:00,2026-02-18 13:10:00+00:00,2026-02-19 01:10:00+00:00,BUY,session_breakout,4955.281108691158,4917.985,5022.414104335243,1.8,0.6703112168355178,0.21361500000000172,0.181301191156788,0.6648099129335173,4.938109877525043,4.2732999645915255,0.170931998583661,TIMEOUT,10380.781858831322,7.120500000000058,100.0,18.559749289996407
XAUUSDm,asym_sellBase_buy_body2.5_wick0.3_atr45_closeOff,momentum,2026-02-19 13:35:00+00:00,2026-02-19 13:40:00+00:00,2026-02-19 14:30:00+00:00,BUY,session_breakout,4994.726462206746,4971.705,5036.1650941788885,1.8,1.0859431853409462,0.19561928571427936,0.14965256388870118,1.0822978328551018,-25.0,-26.0822978328551,-1.043291913314204,SL,10354.699560998468,6.520642857142645,99.0,31.84451899181582
XAUUSDm,asym_sellBase_buy_body2.5_wick0.3_atr45_closeOff,momentum,2026-02-24 13:35:00+00:00,2026-02-24 13:40:00+00:00,2026-02-24 14:13:00+00:00,SELL,session_breakout,5138.380859578655,5161.12,5097.450406820234,1.8,1.0994259033878357,0.2371114285714267,0.1385847070595275,1.1253538036986055,45.0,43.87464619630139,1.7549858478520557,TP,10398.57420719477,7.903714285714224,92.0,28.697801795800675
XAUUSDm,asym_sellBase_buy_body2.5_wick0.3_atr45_closeOff,momentum,2026-02-27 13:20:00+00:00,2026-02-27 13:25:00+00:00,2026-03-01 23:01:00+00:00,BUY,session_breakout,5235.014259498716,5182.863,5328.886526596403,1.8,0.4793748078244567,0.19656642857142806,0.17097628443012816,0.5059617141058083,40.54923184710818,40.04327013300237,1.601730805320095,TIMEOUT,10438.617477327773,6.552214285714269,100.0,21.011152787242228
XAUUSDm,asym_sellBase_buy_body2.5_wick0.3_atr45_closeOff,momentum,2026-03-06 13:30:00+00:00,2026-03-06 13:35:00+00:00,2026-03-08 22:03:00+00:00,BUY,session_breakout,5123.999652711264,5065.362,5229.54742759154,1.8,0.4263472162349618,0.3191828571428576,0.1330612826919958,0.43930619560475137,23.85598020279659,23.41667400719184,0.9366669602876736,TIMEOUT,10462.034151334965,10.639428571428587,100.0,32.269028977247274
XAUUSDm,asym_sellBase_buy_body2.5_wick0.3_atr45_closeOff,momentum,2026-03-11 12:55:00+00:00,2026-03-11 13:00:00+00:00,2026-03-12 01:00:00+00:00,SELL,session_breakout,5166.99770707112,5196.653,5113.618179799136,1.8,0.8430198298818202,0.24058499999999836,0.07600042888043634,0.8706452278046302,5.310777983400784,4.440132755596154,0.17760531022384615,TIMEOUT,10466.474284090562,8.019499999999946,100.0,33.44240933449603
XAUUSDm,asym_sellBase_buy_body2.5_wick0.3_atr45_closeOff,momentum,2026-03-18 12:05:00+00:00,2026-03-18 12:10:00+00:00,2026-03-18 20:28:00+00:00,SELL,session_breakout,4913.192473558281,4966.259,4817.672725963186,1.8,0.47110677250481814,0.37023642857142863,0.13440822743327815,0.45842764978260114,44.99999999999983,44.54157235021723,1.7816628940086892,TP,10511.01585644078,12.341214285714289,100.0,40.301700145599256
XAUUSDm,asym_sellBase_buy_body2.5_wick0.3_atr45_closeOff,momentum,2026-03-19 12:00:00+00:00,2026-03-19 12:05:00+00:00,2026-03-19 13:02:00+00:00,SELL,session_breakout,4629.943761406202,4695.267,4512.361931937365,1.8,0.38271219459063277,0.40764214285714323,0.3284175223701649,0.34988718755179526,45.00000000000014,44.65011281244835,1.786004512497934,TP,10555.665969253228,13.58807142857144,45.0,62.785720474995564
XAUUSDm,asym_sellBase_buy_body2.5_wick0.3_atr45_closeOff,momentum,2026-03-20 13:30:00+00:00,2026-03-20 13:35:00+00:00,2026-03-20 14:15:00+00:00,SELL,session_breakout,4644.841747462188,4681.746,4578.414092894127,1.8,0.6774287048460126,0.32604642857143384,0.2032293235247816,0.6248098258396001,45.00000000000013,44.37519017416053,1.7750076069664211,TP,10600.041159427388,10.868214285714462,70.0,18.014851889985096
XAUUSDm,asym_sellBase_buy_body2.5_wick0.3_atr45_closeOff,momentum,2026-03-30 13:40:00+00:00,2026-03-30 13:45:00+00:00,2026-03-31 01:24:00+00:00,SELL,session_breakout,4544.289023470434,4578.633,4482.469865717215,1.8,0.72792968451041,0.28368857142857123,0.11713224385262205,0.6640845750357904,-25.0,-25.66408457503579,-1.0265633830014316,SL,10574.377074852353,9.456285714285709,89.0,42.69311928505708
XAUUSDm,asym_sellBase_buy_body2.5_wick0.3_atr45_closeOff,momentum,2026-04-09 13:35:00+00:00,2026-04-09 13:40:00+00:00,2026-04-10 01:40:00+00:00,BUY,session_breakout,4770.317442824546,4738.562,4827.477239908728,1.8,0.7872666156201716,0.22024499999999989,0.14332032454484814,0.751337455405258,2.351216759876153,1.5998793044708952,0.06399517217883581,TIMEOUT,10575.976954156824,7.341499999999996,85.0,19.548493915416145
XAUUSDm,asym_sellBase_buy_body2.5_wick0.3_atr45_closeOff,momentum,2026-04-17 13:05:00+00:00,2026-04-17 13:10:00+00:00,2026-04-19 22:01:00+00:00,BUY,session_breakout,4862.658669646126,4811.482,4954.776675009154,1.8,0.4885038470238223,0.27648857142857586,0.11242536041188526,0.472585493377175,-25.0,-25.472585493377174,-1.018903419735087,SL,10550.504368663447,9.216285714285862,100.0,23.682725240557893
XAUUSDm,asym_sellBase_buy_body2.5_wick0.3_atr45_closeOff,momentum,2026-04-20 13:25:00+00:00,2026-04-20 13:30:00+00:00,2026-04-20 14:51:00+00:00,BUY,session_breakout,4824.42293260187,4799.549,4869.196011285237,1.8,1.0050682535868958,0.2057849999999988,0.1620401018697594,0.9672748662869465,-25.0,-25.967274866286946,-1.0386909946514777,SL,10524.53709379716,6.859499999999961,99.0,18.41847392036155
XAUUSDm,asym_sellBase_buy_body2.5_wick0.3_atr45_closeOff,momentum,2026-04-29 12:50:00+00:00,2026-04-29 12:55:00+00:00,2026-04-30 00:45:00+00:00,SELL,session_breakout,4544.9451327018305,4568.888,4501.847971565126,1.8,1.0441523017550793,0.17339357142857026,0.10617051245450648,0.9516229843322322,-25.0,-25.951622984332232,-1.0380649193732894,SL,10498.585470812828,5.7797857142856754,95.0,20.702548664922677
XAUUSDm,asym_sellBase_buy_body2.5_wick0.3_atr45_closeOff,momentum,2026-05-01 13:50:00+00:00,2026-05-01 13:55:00+00:00,2026-05-03 22:03:00+00:00,BUY,session_breakout,4617.0381080355355,4586.483,4672.037302499499,1.8,0.8181938015380343,0.22602857142856853,0.12809374982155525,0.7562910673794306,7.646750875168976,6.890459807789545,0.2756183923115818,TIMEOUT,10505.475930620618,7.534285714285618,100.0,38.294848342025965
XAUUSDm,buy_strict_body2.5_wick0.3_atr45_close20,momentum,2025-01-07 13:15:00+00:00,2025-01-07 13:20:00+00:00,2025-01-07 15:00:00+00:00,BUY,session_breakout,2658.0325826536314,2647.585,2676.838231430168,1.8,2.39289803477272,0.06974571428571283,0.058709796488312295,1.2695801886787463,-25.0,-26.269580188678745,-1.0507832075471497,SL,9973.730419811322,2.3248571428570943,100.0,31.649388544774304
XAUUSDm,buy_strict_body2.5_wick0.3_atr45_close20,momentum,2025-01-15 13:55:00+00:00,2025-01-15 14:00:00+00:00,2025-01-15 14:30:00+00:00,BUY,session_breakout,2693.947934681974,2682.127,2715.2256171095273,1.8,2.1148919838059044,0.10109571428571404,0.06138682483164762,1.136981778369876,-25.0,-26.136981778369876,-1.045479271134795,SL,9947.59343803295,3.3698571428571347,100.0,29.527297783745972
XAUUSDm,buy_strict_body2.5_wick0.3_atr45_close20,momentum,2025-01-24 13:40:00+00:00,2025-01-24 13:45:00+00:00,2025-01-24 14:15:00+00:00,BUY,session_breakout,2783.992634532487,2777.85,2795.049376690964,1.8,4.0699149310902545,0.05255785714285528,0.04735560391535518,2.263622638265813,-25.0,-27.26362263826581,-1.0905449055306324,SL,9920.329815394685,1.7519285714285096,50.0,34.62164324979766
XAUUSDm,buy_strict_body2.5_wick0.3_atr45_close20,momentum,2025-02-03 12:35:00+00:00,2025-02-03 12:40:00+00:00,2025-02-03 14:45:00+00:00,BUY,session_breakout,2808.074153442939,2800.096,2822.434829640229,1.8,3.133557179465659,0.06067071428571547,0.047818085795851874,1.7643521847986148,45.0,43.23564781520138,1.7294259126080553,TP,9963.565463209887,2.0223571428571825,47.0,32.5962657261514
XAUUSDm,buy_strict_body2.5_wick0.3_atr45_close20,momentum,2025-02-24 13:55:00+00:00,2025-02-24 14:00:00+00:00,2025-02-24 14:20:00+00:00,BUY,session_breakout,2954.456721217399,2946.923,2968.017419408717,1.8,3.3184132089017067,0.07127785714285698,0.02608228882703741,1.958321641763249,-25.0,-26.95832164176325,-1.07833286567053,SL,9936.607141568124,2.375928571428566,88.0,20.21311523242239
XAUUSDm,buy_strict_body2.5_wick0.3_atr45_close20,momentum,2025-04-02 12:25:00+00:00,2025-04-02 12:30:00+00:00,2025-04-02 13:50:00+00:00,BUY,session_breakout,3125.9630325044077,3117.046,3142.013691012342,1.8,2.803623289209946,0.08566285714285543,0.08420107583640189,1.750304551827741,-25.0,-26.750304551827742,-1.0700121820731097,SL,9909.856837016296,2.8554285714285146,72.0,23.02494613702874
XAUUSDm,buy_strict_body2.5_wick0.3_atr45_close20,momentum,2025-04-21 13:00:00+00:00,2025-04-21 13:05:00+00:00,2025-04-22 01:05:00+00:00,BUY,session_breakout,3421.3727518351006,3398.008,3463.429305138282,1.8,1.0699878250982549,0.13261714285714366,0.11044326367231197,0.7333226563034799,11.572183861858663,10.838861205555183,0.43355444822220734,TIMEOUT,9920.69569822185,4.4205714285714555,100.0,28.364920124046165
XAUUSDm,buy_strict_body2.5_wick0.3_atr45_close20,momentum,2025-05-09 13:25:00+00:00,2025-05-09 13:30:00+00:00,2025-05-09 14:00:00+00:00,BUY,session_breakout,3339.951793086731,3328.669,3360.2608206428467,1.8,2.2157634025391078,0.10501285714285587,0.08928665815945964,1.4776085898732898,-25.0,-26.47760858987329,-1.0591043435949317,SL,9894.218089631977,3.500428571428529,49.0,23.16619450277093
XAUUSDm,buy_strict_body2.5_wick0.3_atr45_close20,momentum,2025-05-15 12:50:00+00:00,2025-05-15 12:55:00+00:00,2025-05-15 15:05:00+00:00,BUY,session_breakout,3188.617838182938,3177.747,3208.185346912227,1.8,2.2997306720320134,0.1302021428571457,0.05073711150964223,1.4710924487715429,44.999999999999794,43.52890755122825,1.74115630204913,TP,9937.746997183205,4.340071428571524,65.0,28.573355861432
XAUUSDm,buy_strict_body2.5_wick0.3_atr45_close20,momentum,2025-05-29 12:55:00+00:00,2025-05-29 13:00:00+00:00,2025-05-30 01:00:00+00:00,BUY,session_breakout,3316.54287105983,3304.421,3338.362238967524,1.8,2.062387883570719,0.11555142857142948,0.07109534554404998,1.3671500955465494,-8.494709767783213,-9.861859863329762,-0.3944743945331905,TIMEOUT,9927.885137319876,3.8517142857143165,100.0,37.63242241008216
XAUUSDm,buy_strict_body2.5_wick0.3_atr45_close20,momentum,2025-05-30 12:10:00+00:00,2025-05-30 12:15:00+00:00,2025-05-30 13:40:00+00:00,BUY,session_breakout,3302.997849591059,3288.365,3329.3369788549658,1.8,1.7084847243475412,0.14142642857142912,0.07913637677341807,1.1261242741158204,-25.0,-26.12612427411582,-1.0450449709646328,SL,9901.75901304576,4.714214285714304,100.0,26.073140583746437
XAUUSDm,buy_strict_body2.5_wick0.3_atr45_close20,momentum,2025-06-11 12:15:00+00:00,2025-06-11 12:20:00+00:00,2025-06-11 12:35:00+00:00,BUY,session_breakout,3338.1404248137273,3327.196,3357.840389478437,1.8,2.2842680566129756,0.09899999999999863,0.0939248137272068,1.5295415081780932,45.00000000000042,43.47045849182233,1.7388183396728931,TP,9945.229471537581,3.2999999999999545,97.0,30.652943272538636
XAUUSDm,buy_strict_body2.5_wick0.3_atr45_close20,momentum,2025-06-20 13:50:00+00:00,2025-06-20 13:55:00+00:00,2025-06-22 22:05:00+00:00,BUY,session_breakout,3372.0830400464183,3348.68,3414.2085121299715,1.8,1.0682372867120702,0.11116928571428453,0.08345540356128202,0.7214104478148681,9.734803614729755,9.013393166914886,0.36053572667659545,TIMEOUT,9954.242864704496,3.7056428571428177,98.0,19.55623931036536
XAUUSDm,buy_strict_body2.5_wick0.3_atr45_close20,momentum,2025-07-18 12:00:00+00:00,2025-07-18 12:05:00+00:00,2025-07-18 14:15:00+00:00,BUY,session_breakout,3358.310028701984,3351.982,3369.7004803655545,1.8,3.9506774032428913,0.058890000000000914,0.05158370198386422,2.6510199086953827,-25.0,-27.651019908695382,-1.1060407963478154,SL,9926.591844795801,1.9630000000000305,82.0,31.83987434693921
XAUUSDm,buy_strict_body2.5_wick0.3_atr45_close20,momentum,2025-07-21 12:20:00+00:00,2025-07-21 12:25:00+00:00,2025-07-21 14:25:00+00:00,BUY,session_breakout,3380.97316611658,3371.579,3397.882665126424,1.8,2.6612260939134256,0.06679285714285828,0.0407696880090297,1.8040068024981069,44.99999999999951,43.1959931975014,1.7278397279000564,TP,9969.787837993303,2.226428571428609,94.0,27.99741884698307
XAUUSDm,buy_strict_body2.5_wick0.3_atr45_close20,momentum,2025-07-22 12:55:00+00:00,2025-07-22 13:00:00+00:00,2025-07-22 16:50:00+00:00,BUY,session_breakout,3407.5918642529223,3393.754,3432.5000199081824,1.8,1.806637176305609,0.08744357142857,0.04014246720837786,1.2357564287271732,44.99999999999967,43.7642435712725,1.7505697428509002,TP,10013.552081564576,2.914785714285667,100.0,24.906157185601465
XAUUSDm,buy_strict_body2.5_wick0.3_atr45_close20,momentum,2025-08-01 12:30:00+00:00,2025-08-01 12:35:00+00:00,2025-08-03 22:05:00+00:00,BUY,session_breakout,3328.1342999956805,3296.811,3384.516239987905,1.8,0.7981279112816215,0.12649285714285852,0.08705356710917518,0.5340701092252792,28.147337612242932,27.613267503017653,1.104530700120706,TIMEOUT,10041.165349067594,4.216428571428618,100.0,27.262211762494214
XAUUSDm,buy_strict_body2.5_wick0.3_atr45_close20,momentum,2025-08-04 13:00:00+00:00,2025-08-04 13:05:00+00:00,2025-08-05 01:05:00+00:00,BUY,session_breakout,3372.3326512447684,3361.037,3392.664823485352,1.8,2.2132411366346316,0.08956285714285676,0.030869816197052178,1.4948159041234506,20.588340932401053,19.093525028277604,0.7637410011311041,TIMEOUT,10060.258874095873,2.985428571428559,100.0,18.452596237814085
XAUUSDm,buy_strict_body2.5_wick0.3_atr45_close20,momentum,2025-08-05 12:25:00+00:00,2025-08-05 12:30:00+00:00,2025-08-05 14:20:00+00:00,BUY,session_breakout,3360.9313661565498,3349.903,3380.78242523834,1.8,2.266881571133908,0.08291357142857188,0.07290937083543528,1.5282666751572382,45.000000000000206,43.471733324842965,1.7388693329937186,TP,10103.730607420715,2.763785714285729,100.0,39.83255098002978
XAUUSDm,buy_strict_body2.5_wick0.3_atr45_close20,momentum,2025-08-06 12:50:00+00:00,2025-08-06 12:55:00+00:00,2025-08-07 00:55:00+00:00,BUY,session_breakout,3368.585707387512,3360.141,3383.786180685033,1.8,2.9604341338067903,0.07221857142856997,0.05359810179738809,1.9956054715869138,11.102494261772948,9.106888790186034,0.36427555160744135,TIMEOUT,10112.837496210901,2.4072857142856656,95.0,26.669520520968696
XAUUSDm,buy_strict_body2.5_wick0.3_atr45_close20,momentum,2025-08-20 12:00:00+00:00,2025-08-20 12:05:00+00:00,2025-08-20 13:40:00+00:00,BUY,session_breakout,3334.606069881849,3328.646,3345.3341956691775,1.8,4.194581690415388,0.05190642857142652,0.043116667563558884,2.8019555130948843,45.000000000000384,42.1980444869055,1.68792177947622,TP,10155.035540697807,1.7302142857142175,98.0,33.17162831817436
XAUUSDm,buy_strict_body2.5_wick0.3_atr45_close20,momentum,2025-08-28 12:05:00+00:00,2025-08-28 12:10:00+00:00,2025-08-28 12:30:00+00:00,BUY,session_breakout,3408.1055699167196,3401.401,3420.173795766815,1.8,3.728799954439361,0.06637285714285845,0.03638348814813968,2.5391287787659995,-25.0,-27.539128778766,-1.10156515115064,SL,10127.49641191904,2.212428571428615,100.0,28.685871396469178
XAUUSDm,buy_strict_body2.5_wick0.3_atr45_close20,momentum,2025-08-29 13:30:00+00:00,2025-08-29 13:35:00+00:00,2025-08-29 14:10:00+00:00,BUY,session_breakout,3421.061846743798,3413.653,3434.3977708826346,1.8,3.3743443297604903,0.08168142857142845,0.08000602951225583,2.313268128863977,44.99999999999939,42.686731871135414,1.7074692748454166,TP,10170.183143790176,2.7227142857142814,100.0,20.979330941647344
XAUUSDm,buy_strict_body2.5_wick0.3_atr45_close20,momentum,2025-09-04 13:35:00+00:00,2025-09-04 13:40:00+00:00,2025-09-04 14:00:00+00:00,BUY,session_breakout,3558.0953028743806,3539.71,3591.1888480482658,1.8,1.3597817871598283,0.13142357142856975,0.12159108866628743,0.9651466379655033,-25.0,-25.965146637965503,-1.03860586551862,SL,10144.217997152211,4.3807857142856585,99.0,19.552379694708875
XAUUSDm,buy_strict_body2.5_wick0.3_atr45_close20,momentum,2025-10-22 13:00:00+00:00,2025-10-22 13:05:00+00:00,2025-10-22 14:45:00+00:00,BUY,session_breakout,4066.6981097010025,4023.09,4145.192707162807,1.8,0.5732878625423506,0.39714642857142374,0.33553648671667297,0.4637777333831011,-25.0,-25.4637777333831,-1.0185511093353241,SL,10118.754219418828,13.238214285714125,64.0,38.975027111375816
XAUUSDm,buy_strict_body2.5_wick0.3_atr45_close20,momentum,2025-10-24 12:30:00+00:00,2025-10-24 12:35:00+00:00,2025-10-26 22:05:00+00:00,BUY,session_breakout,4089.877012454096,4058.775,4145.860634871469,1.8,0.8038065072765933,0.19440642857142945,0.08480923981011004,0.6574404971805089,-0.5345413380224108,-1.1919818352029197,-0.047679273408116785,TIMEOUT,10117.562237583625,6.4802142857143155,74.0,42.41032507024094
XAUUSDm,buy_strict_body2.5_wick0.3_atr45_close20,momentum,2025-11-10 13:00:00+00:00,2025-11-10 13:05:00+00:00,2025-11-10 13:50:00+00:00,BUY,session_breakout,4105.140407216648,4092.184,4128.461940206614,1.8,1.9295472565787777,0.11574214285713975,0.07253614521860335,1.5817124821231139,-25.0,-26.581712482123113,-1.0632684992849244,SL,10090.980525101502,3.8580714285713253,82.0,50.15628024988935
XAUUSDm,buy_strict_body2.5_wick0.3_atr45_close20,momentum,2025-11-18 13:35:00+00:00,2025-11-18 13:40:00+00:00,2025-11-19 01:40:00+00:00,BUY,session_breakout,4066.1549991448196,4029.089,4132.873797605495,1.8,0.6744725780174737,0.20224714285714396,0.06687557339093855,0.548450142094799,-0.5186688356997387,-1.0671189777945376,-0.0426847591117815,TIMEOUT,10089.913406123707,6.741571428571466,98.0,23.99220544731655
XAUUSDm,buy_strict_body2.5_wick0.3_atr45_close20,momentum,2025-12-03 13:50:00+00:00,2025-12-03 13:55:00+00:00,2025-12-03 14:50:00+00:00,BUY,session_breakout,4236.16135136238,4211.353,4280.816383814663,1.8,1.0077251662079798,0.14135571428571309,0.057673505236305586,0.8512772803770949,-25.0,-25.851277280377094,-1.0340510912150838,SL,10064.06212884333,4.711857142857103,100.0,27.83795219721161
XAUUSDm,buy_strict_body2.5_wick0.3_atr45_close20,momentum,2025-12-16 13:20:00+00:00,2025-12-16 13:25:00+00:00,2025-12-16 14:15:00+00:00,BUY,session_breakout,4301.0342116818165,4289.067,4322.575192709086,1.8,2.089041346029345,0.10657071428571661,0.08292632467312659,1.8015076597780093,44.99999999999962,43.19849234022161,1.7279396936088645,TP,10107.260621183552,3.5523571428572205,63.0,29.460394202997385
XAUUSDm,buy_strict_body2.5_wick0.3_atr45_close20,momentum,2026-02-04 12:30:00+00:00,2026-02-04 12:35:00+00:00,2026-02-04 12:59:00+00:00,BUY,session_breakout,5062.9274518266975,5037.48,5108.732865114754,1.8,0.982416635278645,0.28187571428571706,0.2315139695543557,0.9922808303766937,-25.0,-25.992280830376693,-1.0396912332150676,SL,10081.268340353176,9.395857142857235,45.0,27.185615352908528
XAUUSDm,buy_strict_body2.5_wick0.3_atr45_close20,momentum,2026-02-19 13:35:00+00:00,2026-02-19 13:40:00+00:00,2026-02-19 14:30:00+00:00,BUY,session_breakout,4994.767979922518,4971.705,5036.28134378305,1.8,1.0839882826932838,0.19561928571427936,0.19117027966055938,1.0803539930015227,-25.0,-26.080353993001523,-1.043214159720061,SL,10055.187986360173,6.520642857142645,99.0,31.84451899181582
XAUUSDm,buy_strict_body2.5_wick0.3_atr45_close20,momentum,2026-02-27 13:20:00+00:00,2026-02-27 13:25:00+00:00,2026-03-01 23:01:00+00:00,BUY,session_breakout,5234.947085571748,5182.863,5328.698439600895,1.8,0.4799930674708978,0.19656642857142806,0.10380235746248452,0.5066110391355743,40.63377205290289,40.12716101376732,1.6050864405506928,TIMEOUT,10095.31514737394,6.552214285714269,100.0,21.011152787242228
XAUUSDm,buy_strict_body2.5_wick0.3_atr45_close20,momentum,2026-03-06 13:30:00+00:00,2026-03-06 13:35:00+00:00,2026-03-08 22:03:00+00:00,BUY,session_breakout,5124.0451173569145,5065.362,5229.674728599361,1.8,0.4260169044522367,0.3191828571428576,0.17852592834281608,0.43896778074549725,23.81812911499056,23.37916133424506,0.9351664533698024,TIMEOUT,10118.694308708185,10.639428571428587,100.0,32.269028977247274
XAUUSDm,buy_strict_body2.5_wick0.3_atr45_close20,momentum,2026-04-09 13:35:00+00:00,2026-04-09 13:40:00+00:00,2026-04-10 01:40:00+00:00,BUY,session_breakout,4770.312588123758,4738.562,4827.463646746523,1.8,0.7873869895749395,0.22024499999999989,0.13846562375810814,0.7514519534980222,2.355398791812695,1.6039468383146729,0.06415787353258691,TIMEOUT,10120.2982555465,7.341499999999996,85.0,19.548493915416145
XAUUSDm,buy_strict_body2.5_wick0.3_atr45_close20,momentum,2026-04-17 13:05:00+00:00,2026-04-17 13:10:00+00:00,2026-04-19 22:01:00+00:00,BUY,session_breakout,4862.665861522923,4811.482,4954.796812264183,1.8,0.48843520703891785,0.27648857142857586,0.11961723720846416,0.47251944136680535,-25.0,-25.472519441366806,-1.0189007776546724,SL,10094.825736105133,9.216285714285862,100.0,23.682725240557893
XAUUSDm,buy_strict_body2.5_wick0.3_atr45_close20,momentum,2026-04-20 13:25:00+00:00,2026-04-20 13:30:00+00:00,2026-04-20 14:51:00+00:00,BUY,session_breakout,4824.341343127883,4799.549,4868.967560758073,1.8,1.008375846972013,0.2057849999999988,0.08045062788282155,0.9704498575917356,-25.0,-25.970449857591735,-1.0388179943036695,SL,10068.85528624754,6.859499999999961,99.0,18.41847392036155
XAUUSDm,buy_strict_body2.5_wick0.3_atr45_close20,momentum,2026-05-01 13:50:00+00:00,2026-05-01 13:55:00+00:00,2026-05-03 22:03:00+00:00,BUY,session_breakout,4617.0530888905705,4586.483,4672.079248893597,1.8,0.8177928461212789,0.22602857142856853,0.14307460485603682,0.7559216724866809,7.630752353085017,6.874830680598336,0.27499322722393343,TIMEOUT,10075.73011692814,7.534285714285618,100.0,38.294848342025965
XAUUSDm,asym_sellBase_buy_body2.5_wick0.3_atr45_close20,momentum,2025-01-03 13:15:00+00:00,2025-01-03 13:20:00+00:00,2025-01-03 16:50:00+00:00,SELL,session_breakout,2652.005430036269,2658.656,2640.0344041015533,1.8,3.7590763102016957,0.04961357142857001,0.04176317801689456,1.98931815731512,45.0,43.01068184268488,1.7204272737073953,TP,10043.010681842685,1.653785714285667,73.0,20.836599199556407
XAUUSDm,asym_sellBase_buy_body2.5_wick0.3_atr45_close20,momentum,2025-01-06 13:30:00+00:00,2025-01-06 13:35:00+00:00,2025-01-06 14:15:00+00:00,SELL,session_breakout,2638.225875719044,2648.848,2619.106052013323,1.8,2.353578186316398,0.09765428571428304,0.05929713809885488,1.2373541743335637,45.00000000000021,43.76264582566665,1.750505833026666,TP,10086.773327668352,3.255142857142768,99.0,33.51748168707531
XAUUSDm,asym_sellBase_buy_body2.5_wick0.3_atr45_close20,momentum,2025-01-07 13:15:00+00:00,2025-01-07 13:20:00+00:00,2025-01-07 15:00:00+00:00,BUY,session_breakout,2658.0367150390744,2647.585,2676.8498021094083,1.8,2.3919519338726816,0.06974571428571283,0.06284218193162648,1.2690792121684609,-25.0,-26.26907921216846,-1.0507631684867385,SL,10060.504248456184,2.3248571428570943,100.0,31.649388544774304
XAUUSDm,asym_sellBase_buy_body2.5_wick0.3_atr45_close20,momentum,2025-01-13 12:00:00+00:00,2025-01-13 12:05:00+00:00,2025-01-13 17:35:00+00:00,SELL,session_breakout,2673.064954967965,2680.55,2659.591873910302,1.8,3.3399932656387783,0.06136285714285707,0.048363603463073,1.7811037896416055,44.999999999999694,43.21889621035809,1.7287558484143235,TP,10103.723144666541,2.045428571428569,66.0,19.272499199964653
XAUUSDm,asym_sellBase_buy_body2.5_wick0.3_atr45_close20,momentum,2025-01-15 13:55:00+00:00,2025-01-15 14:00:00+00:00,2025-01-15 14:30:00+00:00,BUY,session_breakout,2693.9235412198063,2682.127,2715.157315415458,1.8,2.119265260398956,0.10109571428571404,0.03699336266367949,1.1393277150156143,-25.0,-26.139327715015614,-1.0455731086006246,SL,10077.583816951525,3.3698571428571347,100.0,29.527297783745972
XAUUSDm,asym_sellBase_buy_body2.5_wick0.3_atr45_close20,momentum,2025-01-23 13:10:00+00:00,2025-01-23 13:15:00+00:00,2025-01-23 14:30:00+00:00,SELL,session_breakout,2740.6472082537293,2746.514,2730.086983110442,1.8,4.261272784378476,0.08819785714285834,0.08669281769938418,2.338229072022893,-25.0,-27.338229072022894,-1.0935291628809158,SL,10050.2455878795,2.9399285714286116,100.0,21.034694030739566
XAUUSDm,asym_sellBase_buy_body2.5_wick0.3_atr45_close20,momentum,2025-01-24 13:40:00+00:00,2025-01-24 13:45:00+00:00,2025-01-24 14:15:00+00:00,BUY,session_breakout,2783.9890489959203,2777.85,2795.039337188577,1.8,4.0722919814801175,0.05255785714285528,0.04377006734893167,2.264943256150909,-25.0,-27.264943256150907,-1.0905977302460363,SL,10022.98064462335,1.7519285714285096,50.0,34.62164324979766
XAUUSDm,asym_sellBase_buy_body2.5_wick0.3_atr45_close20,momentum,2025-02-03 12:35:00+00:00,2025-02-03 12:40:00+00:00,2025-02-03 14:45:00+00:00,BUY,session_breakout,2808.077920329442,2800.096,2822.4453769224374,1.8,3.1320783681322513,0.06067071428571547,0.05158497229867488,1.763524022058729,45.000000000000284,43.23647597794155,1.729459039117662,TP,10066.217120601292,2.0223571428571825,47.0,32.5962657261514
XAUUSDm,asym_sellBase_buy_body2.5_wick0.3_atr45_close20,momentum,2025-02-11 12:45:00+00:00,2025-02-11 12:50:00+00:00,2025-02-11 13:15:00+00:00,SELL,session_breakout,2896.7206527845447,2904.236,2883.1930277967253,1.8,3.326526277932681,0.08019428571428665,0.03125007259816052,1.9227034742636195,44.999999999999694,43.077296525736074,1.723091861029443,TP,10109.294417127028,2.673142857142888,57.99999999999999,33.99080280425428
XAUUSDm,asym_sellBase_buy_body2.5_wick0.3_atr45_close20,momentum,2025-02-12 13:15:00+00:00,2025-02-12 13:20:00+00:00,2025-02-12 14:00:00+00:00,SELL,session_breakout,2874.1638297744685,2885.902,2853.0351233685114,1.8,2.1298038382185625,0.08443714285714382,0.05195165410239884,1.2267810312645253,-25.0,-26.226781031264526,-1.049071241250581,SL,10083.067636095764,2.814571428571461,97.0,21.687231563201554
XAUUSDm,asym_sellBase_buy_body2.5_wick0.3_atr45_close20,momentum,2025-02-13 13:00:00+00:00,2025-02-13 13:05:00+00:00,2025-02-13 18:50:00+00:00,SELL,session_breakout,2913.989674362585,2921.369,2900.7068882152375,1.8,3.3878434464584855,0.06448499999999967,0.036083137414846415,1.976928164267396,-25.0,-26.976928164267395,-1.0790771265706958,SL,10056.090707931497,2.149499999999989,60.0,18.43714716473585
XAUUSDm,asym_sellBase_buy_body2.5_wick0.3_atr45_close20,momentum,2025-02-14 13:40:00+00:00,2025-02-14 13:45:00+00:00,2025-02-14 16:45:00+00:00,SELL,session_breakout,2917.818552089009,2933.321,2889.914145849225,1.8,1.6126485406395195,0.10798928571428665,0.10245326813382452,0.9365831659754513,44.99999999999971,44.06341683402426,1.7625366733609704,TP,10100.15412476552,3.5996428571428885,100.0,18.863435153374482
XAUUSDm,asym_sellBase_buy_body2.5_wick0.3_atr45_close20,momentum,2025-02-24 13:55:00+00:00,2025-02-24 14:00:00+00:00,2025-02-24 14:20:00+00:00,BUY,session_breakout,2954.484147613948,2946.923,2968.094213319055,1.8,3.306376396339811,0.07127785714285698,0.05350868537672173,1.951227329806181,-25.0,-26.95122732980618,-1.0780490931922473,SL,10073.202897435714,2.375928571428566,88.0,20.21311523242239
XAUUSDm,asym_sellBase_buy_body2.5_wick0.3_atr45_close20,momentum,2025-02-28 12:50:00+00:00,2025-02-28 12:55:00+00:00,2025-02-28 14:40:00+00:00,SELL,session_breakout,2855.008540725002,2864.502,2837.920314030006,1.8,2.6333920308522925,0.06792428571428445,0.05949713214047275,1.4991713478320907,45.000000000000234,43.500828652168146,1.7400331460867258,TP,10116.703726087882,2.264142857142815,71.0,21.169540131150995
XAUUSDm,asym_sellBase_buy_body2.5_wick0.3_atr45_close20,momentum,2025-03-03 13:05:00+00:00,2025-03-03 13:10:00+00:00,2025-03-03 14:30:00+00:00,SELL,session_breakout,2871.0504769709864,2877.716,2859.0525355187624,1.8,3.750643406553525,0.057207857142854465,0.03491910044199539,2.1561573082667165,-25.0,-27.156157308266717,-1.0862462923306686,SL,10089.547568779615,1.9069285714284823,70.0,19.71262015212677
XAUUSDm,asym_sellBase_buy_body2.5_wick0.3_atr45_close20,momentum,2025-03-05 13:30:00+00:00,2025-03-05 13:35:00+00:00,2025-03-05 15:05:00+00:00,SELL,session_breakout,2908.6879680803154,2917.269,2893.2421106248835,1.8,2.9134025177847716,0.08657571428571535,0.039744062542037606,1.6973357699310925,-25.0,-26.697335769931094,-1.0678934307972439,SL,10062.850233009684,2.8858571428571786,100.0,18.538773727042578
XAUUSDm,asym_sellBase_buy_body2.5_wick0.3_atr45_close20,momentum,2025-03-21 13:45:00+00:00,2025-03-21 13:50:00+00:00,2025-03-23 22:05:00+00:00,SELL,session_breakout,3010.6700972495464,3036.851,2963.54447229873,1.8,0.9548944984170482,0.11942571428571715,0.082189893310666,0.5762363462758147,-12.618837933524654,-13.195074279800469,-0.5278029711920188,TIMEOUT,10049.655158729884,3.9808571428572384,100.0,18.011965333720443
XAUUSDm,asym_sellBase_buy_body2.5_wick0.3_atr45_close20,momentum,2025-03-26 13:00:00+00:00,2025-03-26 13:05:00+00:00,2025-03-26 14:00:00+00:00,SELL,session_breakout,3024.813108651852,3029.994,3015.487504225185,1.8,4.825424491663162,0.06616928571428649,0.022806705291147224,2.914701451438486,45.00000000000044,42.08529854856195,1.683411941942478,TP,10091.740457278445,2.205642857142883,100.0,19.750277906197685
XAUUSDm,asym_sellBase_buy_body2.5_wick0.3_atr45_close20,momentum,2025-04-02 12:25:00+00:00,2025-04-02 12:30:00+00:00,2025-04-02 13:50:00+00:00,BUY,session_breakout,3125.9541583613113,3117.046,3141.988843411672,1.8,2.8064162070328713,0.08566285714285543,0.07532693274021882,1.7520456824933965,-25.0,-26.752045682493396,-1.0700818272997359,SL,10064.988411595952,2.8554285714285146,72.0,23.02494613702874
XAUUSDm,asym_sellBase_buy_body2.5_wick0.3_atr45_close20,momentum,2025-04-03 12:20:00+00:00,2025-04-03 12:25:00+00:00,2025-04-03 14:00:00+00:00,SELL,session_breakout,3080.676432330569,3097.309,3050.737810525592,1.8,1.5030752014282731,0.14053499999999824,0.10430016943143226,0.9285976698121208,-25.0,-25.92859766981212,-1.0371439067924848,SL,10039.05981392614,4.684499999999941,68.0,45.51265925747012
XAUUSDm,asym_sellBase_buy_body2.5_wick0.3_atr45_close20,momentum,2025-04-21 13:00:00+00:00,2025-04-21 13:05:00+00:00,2025-04-22 01:05:00+00:00,BUY,session_breakout,3421.3724685153734,3398.008,3463.4285118430457,1.8,1.0700007998705499,0.13261714285714366,0.11015994394474894,0.7333315183272631,11.572627339575703,10.83929582124844,0.43357183284993756,TIMEOUT,10049.899109747388,4.4205714285714555,100.0,28.364920124046165
XAUUSDm,asym_sellBase_buy_body2.5_wick0.3_atr45_close20,momentum,2025-04-23 13:25:00+00:00,2025-04-23 13:30:00+00:00,2025-04-23 14:00:00+00:00,SELL,session_breakout,3299.6790137236762,3320.54,3262.1292384262933,1.8,1.1984093018830018,0.2031985714285695,0.11138699060939472,0.7863732046549166,45.00000000000022,44.213626795345306,1.7685450718138123,TP,10094.112736542733,6.773285714285651,78.0,22.560104668224394
XAUUSDm,asym_sellBase_buy_body2.5_wick0.3_atr45_close20,momentum,2025-04-25 13:20:00+00:00,2025-04-25 13:25:00+00:00,2025-04-25 19:30:00+00:00,SELL,session_breakout,3270.3267350000833,3298.252,3220.0612580002335,1.8,0.89524665209353,0.20633142857142858,0.20209928563083324,0.588049812152158,-25.0,-25.588049812152157,-1.0235219924860863,SL,10068.524686730581,6.877714285714286,89.0,31.5080885248663
XAUUSDm,asym_sellBase_buy_body2.5_wick0.3_atr45_close20,momentum,2025-04-30 12:00:00+00:00,2025-04-30 12:05:00+00:00,2025-04-30 12:15:00+00:00,SELL,session_breakout,3267.5637474255927,3281.671,3242.17069279166,1.8,1.7721381160605418,0.11945999999999815,0.1105225744072031,1.160614852694103,-25.0,-26.160614852694103,-1.0464245941077641,SL,10042.364071877888,3.9819999999999385,85.0,43.24131785778276
XAUUSDm,asym_sellBase_buy_body2.5_wick0.3_atr45_close20,momentum,2025-05-02 13:00:00+00:00,2025-05-02 13:05:00+00:00,2025-05-02 14:55:00+00:00,SELL,session_breakout,3243.9693042461017,3263.926,3208.047251889085,1.8,1.2527123882778377,0.15889714285714296,0.13424718246966333,0.815252106924426,-25.0,-25.815252106924426,-1.032610084276977,SL,10016.548819770964,5.296571428571432,100.0,20.422343309001352
XAUUSDm,asym_sellBase_buy_body2.5_wick0.3_atr45_close20,momentum,2025-05-09 13:25:00+00:00,2025-05-09 13:30:00+00:00,2025-05-09 14:00:00+00:00,BUY,session_breakout,3339.9083179824897,3328.669,3360.1390903509714,1.8,2.224334255774985,0.10501285714285587,0.04581155391834687,1.483314496567253,-25.0,-26.483314496567253,-1.05933257986269,SL,9990.065505274397,3.500428571428529,49.0,23.16619450277093
XAUUSDm,asym_sellBase_buy_body2.5_wick0.3_atr45_close20,momentum,2025-05-14 12:50:00+00:00,2025-05-14 12:55:00+00:00,2025-05-15 00:55:00+00:00,SELL,session_breakout,3186.2024006114666,3221.493,3122.6793217121067,1.8,0.7084039498666896,0.21265500000000104,0.13327188853330135,0.4515388312363522,-1.1515810277379175,-1.6031198589742697,-0.06412479435897078,TIMEOUT,9988.462385415423,7.088500000000034,100.0,20.548243138493692
XAUUSDm,asym_sellBase_buy_body2.5_wick0.3_atr45_close20,momentum,2025-05-15 12:50:00+00:00,2025-05-15 12:55:00+00:00,2025-05-15 15:05:00+00:00,BUY,session_breakout,3188.6101540552054,3177.747,3208.1638313545754,1.8,2.301357402551075,0.1302021428571457,0.043052983776640505,1.472126316376894,45.00000000000021,43.52787368362332,1.7411149473449328,TP,10031.990259099046,4.340071428571524,65.0,28.573355861432
XAUUSDm,asym_sellBase_buy_body2.5_wick0.3_atr45_close20,momentum,2025-05-28 13:35:00+00:00,2025-05-28 13:40:00+00:00,2025-05-28 20:50:00+00:00,SELL,session_breakout,3303.712651139009,3316.438,3280.8070231892243,1.8,1.9645826824155554,0.11382000000000095,0.04643886099099019,1.293583332420976,45.000000000000355,43.706416667579376,1.748256666703175,TP,10075.696675766625,3.7940000000000316,98.0,19.47008735358178
XAUUSDm,asym_sellBase_buy_body2.5_wick0.3_atr45_close20,momentum,2025-05-29 12:55:00+00:00,2025-05-29 13:00:00+00:00,2025-05-30 01:00:00+00:00,BUY,session_breakout,3316.561690240489,3304.421,3338.4149326733695,1.8,2.059190993657425,0.11555142857142948,0.08991452620339847,1.3650347630427164,-8.520294477759306,-9.885329240802022,-0.3954131696320809,TIMEOUT,10065.811346525823,3.8517142857143165,100.0,37.63242241008216
XAUUSDm,asym_sellBase_buy_body2.5_wick0.3_atr45_close20,momentum,2025-05-30 12:10:00+00:00,2025-05-30 12:15:00+00:00,2025-05-30 13:40:00+00:00,BUY,session_breakout,3303.0348714791485,3288.365,3329.4406401416163,1.8,1.7041730757855806,0.14142642857142912,0.11615826486306906,1.1232886192711302,-25.0,-26.12328861927113,-1.0449315447708452,SL,10039.688057906551,4.714214285714304,100.0,26.073140583746437
XAUUSDm,asym_sellBase_buy_body2.5_wick0.3_atr45_close20,momentum,2025-06-03 13:45:00+00:00,2025-06-03 13:50:00+00:00,2025-06-04 01:20:00+00:00,SELL,session_breakout,3343.760323390799,3363.095,3308.9579054942374,1.8,1.2930136099666207,0.12839785714285493,0.12547768062944312,0.8672055213221384,-24.999999999999996,-25.867205521322134,-1.0346882208528856,SL,10013.820852385228,4.279928571428497,100.0,26.21077909916798
XAUUSDm,asym_sellBase_buy_body2.5_wick0.3_atr45_close20,momentum,2025-06-11 12:15:00+00:00,2025-06-11 12:20:00+00:00,2025-06-11 12:35:00+00:00,BUY,session_breakout,3338.098779697319,3327.196,3357.7237831524935,1.8,2.2929932268692155,0.09899999999999863,0.05227969731897321,1.5353475784932693,45.0,43.46465242150673,1.738586096860269,TP,10057.285504806734,3.2999999999999545,97.0,30.652943272538636
XAUUSDm,asym_sellBase_buy_body2.5_wick0.3_atr45_close20,momentum,2025-06-16 13:50:00+00:00,2025-06-16 13:55:00+00:00,2025-06-17 01:55:00+00:00,SELL,session_breakout,3389.7467653259605,3417.401,3339.9691429126897,1.8,0.9040206787378199,0.17297357142857242,0.09674788832483296,0.6132366204744378,-3.563861665768826,-4.177098286243264,-0.16708393144973055,TIMEOUT,10053.10840652049,5.765785714285747,100.0,35.415918947083775
XAUUSDm,asym_sellBase_buy_body2.5_wick0.3_atr45_close20,momentum,2025-06-20 13:50:00+00:00,2025-06-20 13:55:00+00:00,2025-06-22 22:05:00+00:00,BUY,session_breakout,3372.069475557471,3348.68,3414.170531560919,1.8,1.068856800083937,0.11116928571428453,0.06989091461405143,0.7218273726321685,9.754947711529372,9.033120338897204,0.3613248135558881,TIMEOUT,10062.141526859388,3.7056428571428177,98.0,19.55623931036536
XAUUSDm,asym_sellBase_buy_body2.5_wick0.3_atr45_close20,momentum,2025-06-24 12:30:00+00:00,2025-06-24 12:35:00+00:00,2025-06-24 19:30:00+00:00,SELL,session_breakout,3307.6910806712294,3321.86,3282.187025879442,1.8,1.7644253185376144,0.12322071428571267,0.0533089716278491,1.1697347777274723,-25.0,-26.169734777727474,-1.0467893911090989,SL,10035.97179208166,4.107357142857089,82.0,38.064296195118644
XAUUSDm,asym_sellBase_buy_body2.5_wick0.3_atr45_close20,momentum,2025-06-26 13:05:00+00:00,2025-06-26 13:10:00+00:00,2025-06-27 01:10:00+00:00,SELL,session_breakout,3317.8607140442978,3344.056,3270.7091993240338,1.8,0.9543701886773226,0.15296785714285566,0.059802027130415526,0.6331679033074363,1.255678260701792,0.6225103573943557,0.024900414295774227,TIMEOUT,10036.594302439054,5.098928571428522,100.0,18.53667304092629
XAUUSDm,asym_sellBase_buy_body2.5_wick0.3_atr45_close20,momentum,2025-06-27 12:05:00+00:00,2025-06-27 12:10:00+00:00,2025-06-29 22:05:00+00:00,SELL,session_breakout,3273.9600270619844,3285.344,3253.468875773556,1.8,2.1960698726290024,0.1014771428571443,0.06423436658667675,1.4373171964432945,6.517994811971141,5.080677615527846,0.20322710462111385,TIMEOUT,10041.674980054582,3.382571428571477,74.0,43.632735004813654
XAUUSDm,asym_sellBase_buy_body2.5_wick0.3_atr45_close20,momentum,2025-07-08 13:45:00+00:00,2025-07-08 13:50:00+00:00,2025-07-08 14:40:00+00:00,SELL,session_breakout,3316.0189814940277,3326.914,3296.4079481832773,1.8,2.2946266668840694,0.10118357142857348,0.046426720257822914,1.5173051165659894,44.99999999999958,43.48269488343359,1.7393077953373435,TP,10085.157674938016,3.372785714285783,100.0,18.147393845146915
XAUUSDm,asym_sellBase_buy_body2.5_wick0.3_atr45_close20,momentum,2025-07-14 12:35:00+00:00,2025-07-14 12:40:00+00:00,2025-07-15 00:40:00+00:00,SELL,session_breakout,3351.4375462195067,3368.025,3321.5801294146186,1.8,1.5071632048433847,0.09729428571428668,0.0748066376361335,1.0095609963502559,6.71674248272399,5.707181486373734,0.22828725945494935,TIMEOUT,10090.86485642439,3.2431428571428893,100.0,21.65202251038262
XAUUSDm,asym_sellBase_buy_body2.5_wick0.3_atr45_close20,momentum,2025-07-15 12:05:00+00:00,2025-07-15 12:10:00+00:00,2025-07-15 12:30:00+00:00,SELL,session_breakout,3352.7254406840016,3359.335,3340.8282339152042,1.8,3.7824004301599032,0.0592757142857129,0.03592145885548306,2.538770029810244,-25.0,-27.538770029810244,-1.1015508011924098,SL,10063.32608639458,1.9758571428570966,59.0,20.971755145144762
XAUUSDm,asym_sellBase_buy_body2.5_wick0.3_atr45_close20,momentum,2025-07-15 12:35:00+00:00,2025-07-15 12:40:00+00:00,2025-07-15 15:35:00+00:00,SELL,session_breakout,3347.9279586300136,3360.387,3325.5016841640377,1.8,2.006574924795107,0.10199142857143151,0.0900456557007844,1.339073658361491,45.0,43.66092634163851,1.7464370536655403,TP,10106.987012736217,3.3997142857143836,100.0,24.614335357064114
XAUUSDm,asym_sellBase_buy_body2.5_wick0.3_atr45_close20,momentum,2025-07-18 12:00:00+00:00,2025-07-18 12:05:00+00:00,2025-07-18 14:15:00+00:00,BUY,session_breakout,3358.3049790283,3351.982,3369.6863412792395,1.8,3.953832503335383,0.058890000000000914,0.046534028299839436,2.653135076439029,-25.0,-27.65313507643903,-1.1061254030575611,SL,10079.333877659777,1.9630000000000305,82.0,31.83987434693921
XAUUSDm,asym_sellBase_buy_body2.5_wick0.3_atr45_close20,momentum,2025-07-21 12:20:00+00:00,2025-07-21 12:25:00+00:00,2025-07-21 14:25:00+00:00,BUY,session_breakout,3380.967038988032,3371.579,3397.8655091664896,1.8,2.6629629501827403,0.06679285714285828,0.03464255946067506,1.805177992122835,45.00000000000024,43.194822007877406,1.7277928803150961,TP,10122.528699667655,2.226428571428609,94.0,27.99741884698307
XAUUSDm,asym_sellBase_buy_body2.5_wick0.3_atr45_close20,momentum,2025-07-22 12:55:00+00:00,2025-07-22 13:00:00+00:00,2025-07-22 16:50:00+00:00,BUY,session_breakout,3407.628897895716,3393.754,3432.6037141080046,1.8,1.801815061119763,0.08744357142857,0.07717611000187112,1.2324834141870882,44.99999999999984,43.76751658581275,1.75070066343251,TP,10166.296216253468,2.914785714285667,100.0,24.906157185601465
XAUUSDm,asym_sellBase_buy_body2.5_wick0.3_atr45_close20,momentum,2025-07-24 12:45:00+00:00,2025-07-24 12:50:00+00:00,2025-07-24 13:40:00+00:00,SELL,session_breakout,3354.1937938158553,3365.506,3333.8318226843953,1.8,2.2100021510428793,0.0947721428571445,0.08182011271566085,1.4850550998695433,-25.000000000000004,-26.485055099869548,-1.0594022039947817,SL,10139.811161153599,3.1590714285714836,92.0,50.569753258342374
XAUUSDm,asym_sellBase_buy_body2.5_wick0.3_atr45_close20,momentum,2025-07-28 13:30:00+00:00,2025-07-28 13:35:00+00:00,2025-07-28 13:50:00+00:00,SELL,session_breakout,3324.2610028921436,3330.639,3312.7806080980017,1.8,3.9197258288506265,0.08868000000000101,0.05065710785667769,2.6015383429754446,45.0,42.398461657024555,1.6959384662809822,TP,10182.209622810624,2.9560000000000337,99.0,24.688991825086365
XAUUSDm,asym_sellBase_buy_body2.5_wick0.3_atr45_close20,momentum,2025-08-01 12:30:00+00:00,2025-08-01 12:35:00+00:00,2025-08-03 22:05:00+00:00,BUY,session_breakout,3328.110724297677,3296.811,3384.450228033495,1.8,0.7987290802384386,0.12649285714285852,0.0634778691053613,0.5344705004953012,28.18736945307738,27.652898952582078,1.1061159581032831,TIMEOUT,10209.862521763205,4.216428571428618,100.0,27.262211762494214
XAUUSDm,asym_sellBase_buy_body2.5_wick0.3_atr45_close20,momentum,2025-08-04 13:00:00+00:00,2025-08-04 13:05:00+00:00,2025-08-05 01:05:00+00:00,BUY,session_breakout,3372.3714386588404,3361.037,3392.773428244753,1.8,2.2056672370360997,0.08956285714285676,0.06965723026906395,1.4897090720480672,20.432333748470487,18.94262467642242,0.7577049870568967,TIMEOUT,10228.805146439629,2.985428571428559,100.0,18.452596237814085
XAUUSDm,asym_sellBase_buy_body2.5_wick0.3_atr45_close20,momentum,2025-08-05 12:25:00+00:00,2025-08-05 12:30:00+00:00,2025-08-05 14:00:00+00:00,BUY,session_breakout,3360.891442021415,3349.903,3380.6706376599627,1.8,2.275117796615548,0.08291357142857188,0.032985235701014144,1.5337847864471628,45.00000000000041,43.46621521355325,1.73864860854213,TP,10272.271361653182,2.763785714285729,100.0,39.83255098002978
XAUUSDm,asym_sellBase_buy_body2.5_wick0.3_atr45_close20,momentum,2025-08-06 12:50:00+00:00,2025-08-06 12:55:00+00:00,2025-08-07 00:55:00+00:00,BUY,session_breakout,3368.5638808165027,3360.141,3383.7250662862075,1.8,2.968105633290998,0.07221857142856997,0.031771530788294935,2.000770290970208,11.196048197982856,9.195277907012649,0.36781111628050595,TIMEOUT,10281.466639560194,2.4072857142856656,95.0,26.669520520968696
XAUUSDm,asym_sellBase_buy_body2.5_wick0.3_atr45_close20,momentum,2025-08-20 12:00:00+00:00,2025-08-20 12:05:00+00:00,2025-08-20 13:40:00+00:00,BUY,session_breakout,3334.5787926472476,3328.646,3345.257819412293,1.8,4.2138671425840215,0.05190642857142652,0.015839432961695855,2.814794401738747,44.99999999999999,42.18520559826125,1.6874082239304502,TP,10323.651845158456,1.7302142857142175,98.0,33.17162831817436
XAUUSDm,asym_sellBase_buy_body2.5_wick0.3_atr45_close20,momentum,2025-08-28 12:05:00+00:00,2025-08-28 12:10:00+00:00,2025-08-28 12:30:00+00:00,BUY,session_breakout,3408.1256595792174,3401.401,3420.230046821809,1.8,3.7176603076328134,0.06637285714285845,0.056473150645985105,2.531550697608512,-25.0,-27.531550697608512,-1.1012620279043406,SL,10296.120294460847,2.212428571428615,100.0,28.685871396469178
XAUUSDm,asym_sellBase_buy_body2.5_wick0.3_atr45_close20,momentum,2025-08-29 13:30:00+00:00,2025-08-29 13:35:00+00:00,2025-08-29 14:10:00+00:00,BUY,session_breakout,3421.0443593202845,3413.653,3434.348806096797,1.8,3.3823277852817433,0.08168142857142845,0.0625186059987911,2.318718678242076,45.00000000000061,42.68128132175853,1.7072512528703414,TP,10338.801575782605,2.7227142857142814,100.0,20.979330941647344
XAUUSDm,asym_sellBase_buy_body2.5_wick0.3_atr45_close20,momentum,2025-09-04 13:35:00+00:00,2025-09-04 13:40:00+00:00,2025-09-04 14:00:00+00:00,BUY,session_breakout,3558.0780116038977,3539.71,3591.1404324909136,1.8,1.361061857925602,0.13142357142856975,0.10429981818336774,0.9660528538235665,-25.0,-25.966052853823566,-1.0386421141529427,SL,10312.83552292878,4.3807857142856585,99.0,19.552379694708875
XAUUSDm,asym_sellBase_buy_body2.5_wick0.3_atr45_close20,momentum,2025-09-12 12:20:00+00:00,2025-09-12 12:25:00+00:00,2025-09-12 13:10:00+00:00,SELL,session_breakout,3643.186885855961,3649.349,3632.0950803966907,1.8,4.057049158069144,0.063953571428571,0.05413735832484701,2.9586176575900947,-25.0,-27.958617657590096,-1.1183447063036038,SL,10284.87690527119,2.1317857142857,65.0,21.061426016204223
XAUUSDm,asym_sellBase_buy_body2.5_wick0.3_atr45_close20,momentum,2025-09-25 12:50:00+00:00,2025-09-25 12:55:00+00:00,2025-09-25 18:40:00+00:00,SELL,session_breakout,3732.3630401214136,3755.926,3689.9497123399583,1.8,1.0609872498539399,0.14623071428571327,0.09084452144348143,0.7944979194789817,-25.0,-25.79449791947898,-1.0317799167791593,SL,10259.082407351712,4.874357142857109,100.0,19.87710691908853
XAUUSDm,asym_sellBase_buy_body2.5_wick0.3_atr45_close20,momentum,2025-10-01 12:45:00+00:00,2025-10-01 12:50:00+00:00,2025-10-02 00:50:00+00:00,SELL,session_breakout,3870.854644201404,3891.122,3834.3734037639315,1.8,1.233510688243407,0.1346742857142866,0.09401865573915753,0.953292787796327,16.553274554855527,15.5999817670592,0.623999270682368,TIMEOUT,10274.682389118772,4.489142857142887,96.0,18.3325867553591
XAUUSDm,asym_sellBase_buy_body2.5_wick0.3_atr45_close20,momentum,2025-10-09 13:40:00+00:00,2025-10-09 13:45:00+00:00,2025-10-09 16:40:00+00:00,SELL,session_breakout,4031.2100499081066,4057.981,3983.022339742698,1.8,0.9338480671842175,0.18705642857143076,0.07442187760776584,0.7484075427040557,45.000000000000085,44.25159245729603,1.7700636982918412,TP,10318.933981576069,6.235214285714359,100.0,19.2834809256265
XAUUSDm,asym_sellBase_buy_body2.5_wick0.3_atr45_close20,momentum,2025-10-21 12:10:00+00:00,2025-10-21 12:15:00+00:00,2025-10-21 14:20:00+00:00,SELL,session_breakout,4225.303580899328,4267.064,4150.134826518119,1.8,0.5986529957884837,0.2890564285714325,0.10989088638566215,0.5013981293642382,44.99999999999979,44.49860187063555,1.7799440748254216,TP,10363.432583446704,9.635214285714417,84.0,57.438051634424795
XAUUSDm,asym_sellBase_buy_body2.5_wick0.3_atr45_close20,momentum,2025-10-22 13:00:00+00:00,2025-10-22 13:05:00+00:00,2025-10-22 14:45:00+00:00,BUY,session_breakout,4066.6675348372423,4023.09,4145.107097544278,1.8,0.573690092690478,0.39714642857142374,0.30496162295658047,0.46410137500042703,-25.000000000000004,-25.464101375000432,-1.0185640550000172,SL,10337.968482071703,13.238214285714125,64.0,38.975027111375816
XAUUSDm,asym_sellBase_buy_body2.5_wick0.3_atr45_close20,momentum,2025-10-24 12:30:00+00:00,2025-10-24 12:35:00+00:00,2025-10-26 22:05:00+00:00,BUY,session_breakout,4089.9146340345224,4058.775,4145.965975296663,1.8,0.8028353824673825,0.19440642857142945,0.12243082023631424,0.6566492259484261,-0.5640994638403602,-1.2207486897887865,-0.04882994759155146,TIMEOUT,10336.747733381913,6.4802142857143155,74.0,42.41032507024094
XAUUSDm,asym_sellBase_buy_body2.5_wick0.3_atr45_close20,momentum,2025-11-10 13:00:00+00:00,2025-11-10 13:05:00+00:00,2025-11-10 13:50:00+00:00,BUY,session_breakout,4105.1483888610155,4092.184,4128.484288810843,1.8,1.9283593131934251,0.11574214285713975,0.08051778958619338,1.5807402255402248,-25.0,-26.580740225540225,-1.063229609021609,SL,10310.166993156374,3.8580714285713253,82.0,50.15628024988935
XAUUSDm,asym_sellBase_buy_body2.5_wick0.3_atr45_close20,momentum,2025-11-14 12:10:00+00:00,2025-11-14 12:15:00+00:00,2025-11-14 13:20:00+00:00,SELL,session_breakout,4125.653858410794,4157.72,4067.9348035502226,1.8,0.7796385458615677,0.2434607142857099,0.20341123206369321,0.6388037549799115,44.99999999999986,44.36119624501995,1.7744478498007978,TP,10354.528189401393,8.115357142856997,100.0,35.25045599985121
XAUUSDm,asym_sellBase_buy_body2.5_wick0.3_atr45_close20,momentum,2025-11-14 13:25:00+00:00,2025-11-14 13:30:00+00:00,2025-11-16 23:00:00+00:00,SELL,session_breakout,4055.2883713372635,4119.67,3939.4014397443375,1.8,0.38830953051782197,0.34366928571428257,0.25579401987934547,0.31581052468949633,-8.690999718251478,-9.006810242940974,-0.36027240971763896,TIMEOUT,10345.521379158452,11.455642857142752,100.0,46.13312162979941
XAUUSDm,asym_sellBase_buy_body2.5_wick0.3_atr45_close20,momentum,2025-11-18 13:35:00+00:00,2025-11-18 13:40:00+00:00,2025-11-19 01:40:00+00:00,BUY,session_breakout,4066.227169610775,4029.089,4133.075874910171,1.8,0.6731618779819083,0.20224714285714396,0.13904603934649806,0.5473891992277607,-0.566243314890656,-1.1136325141184167,-0.04454530056473667,TIMEOUT,10344.407746644334,6.741571428571466,98.0,23.99220544731655
XAUUSDm,asym_sellBase_buy_body2.5_wick0.3_atr45_close20,momentum,2025-11-19 13:10:00+00:00,2025-11-19 13:15:00+00:00,2025-11-19 14:55:00+00:00,SELL,session_breakout,4102.951312289814,4120.01,4072.2456744114797,1.8,1.4655289096518365,0.13318928571428126,0.0920930673284794,1.2050987526109327,-24.999999999999996,-26.20509875261093,-1.0482039501044373,SL,10318.202647891723,4.439642857142709,70.0,38.20990375075074
XAUUSDm,asym_sellBase_buy_body2.5_wick0.3_atr45_close20,momentum,2025-12-03 13:50:00+00:00,2025-12-03 13:55:00+00:00,2025-12-03 14:50:00+00:00,BUY,session_breakout,4236.176160129682,4211.353,4280.85784836311,1.8,1.0071239870102804,0.14135571428571309,0.07248227253891108,0.8507709248135411,-25.000000000000004,-25.850770924813546,-1.0340308369925417,SL,10292.35187696691,4.711857142857103,100.0,27.83795219721161
XAUUSDm,asym_sellBase_buy_body2.5_wick0.3_atr45_close20,momentum,2025-12-16 13:20:00+00:00,2025-12-16 13:25:00+00:00,2025-12-16 14:15:00+00:00,BUY,session_breakout,4300.985555566479,4289.067,4322.438955586141,1.8,2.0975696140824893,0.10657071428571661,0.03427020933556603,1.808823322392788,44.99999999999924,43.19117667760645,1.727647067104258,TP,10335.543053644516,3.5523571428572205,63.0,29.460394202997385
XAUUSDm,asym_sellBase_buy_body2.5_wick0.3_atr45_close20,momentum,2025-12-23 13:50:00+00:00,2025-12-23 13:55:00+00:00,2025-12-23 14:55:00+00:00,SELL,session_breakout,4478.880486208613,4497.359,4445.619161384115,1.8,1.3529226582958052,0.16868357142857154,0.102172005673045,1.207415778718113,45.0,43.792584221281885,1.7517033688512753,TP,10379.335637865799,5.622785714285718,100.0,24.530324010148064
XAUUSDm,asym_sellBase_buy_body2.5_wick0.3_atr45_close20,momentum,2025-12-29 13:40:00+00:00,2025-12-29 13:45:00+00:00,2025-12-29 14:40:00+00:00,SELL,session_breakout,4429.289520638756,4467.761,4360.0408577885155,1.8,0.6498320422059051,0.21624642857142654,0.09735614695780183,0.5711588509435794,44.999999999999766,44.42884114905618,1.777153645962247,TP,10423.764479014855,7.208214285714218,73.0,42.45223459079032
XAUUSDm,asym_sellBase_buy_body2.5_wick0.3_atr45_close20,momentum,2026-01-07 12:15:00+00:00,2026-01-07 12:20:00+00:00,2026-01-07 16:20:00+00:00,SELL,session_breakout,4442.053757463024,4455.798,4417.314120896469,1.8,1.8189434545224137,0.13742785714285674,0.08052860840484503,1.6184689213548125,-25.0,-26.61846892135481,-1.0647387568541924,SL,10397.1460100935,4.580928571428558,75.0,24.219487564866068
XAUUSDm,asym_sellBase_buy_body2.5_wick0.3_atr45_close20,momentum,2026-01-30 13:20:00+00:00,2026-01-30 13:25:00+00:00,2026-01-30 17:43:00+00:00,SELL,session_breakout,5025.071203262014,5117.524,4858.656169133638,1.8,0.2704082611026972,0.8836500000000017,0.792971737985392,0.2672641531982639,45.00000000000009,44.73273584680183,1.7893094338720732,TP,10441.878745940301,29.45500000000006,71.0,48.48365673984146
XAUUSDm,asym_sellBase_buy_body2.5_wick0.3_atr45_close20,momentum,2026-02-04 12:30:00+00:00,2026-02-04 12:35:00+00:00,2026-02-04 12:59:00+00:00,BUY,session_breakout,5062.826659873203,5037.48,5108.450647644971,1.8,0.9863232522573775,0.28187571428571706,0.13072201606026354,0.9962167313562986,-25.0,-25.9962167313563,-1.039848669254252,SL,10415.882529208944,9.395857142857235,45.0,27.185615352908528
XAUUSDm,asym_sellBase_buy_body2.5_wick0.3_atr45_close20,momentum,2026-02-17 13:55:00+00:00,2026-02-17 14:00:00+00:00,2026-02-18 02:00:00+00:00,SELL,session_breakout,4869.969888707968,4924.239,4772.28548838231,1.8,0.4606672083769796,0.3260078571428546,0.11110736346138042,0.4495606089895933,-8.735222873834077,-9.18478348282367,-0.3673913393129468,TIMEOUT,10406.69774572612,10.866928571428486,88.0,20.56358489368482
XAUUSDm,asym_sellBase_buy_body2.5_wick0.3_atr45_close20,momentum,2026-02-19 13:35:00+00:00,2026-02-19 13:40:00+00:00,2026-02-19 14:30:00+00:00,BUY,session_breakout,4994.67402630975,4971.705,5036.0182736673,1.8,1.0884222806339803,0.19561928571427936,0.09721666689247661,1.0847628989478726,-24.999999999999996,-26.08476289894787,-1.0433905159579149,SL,10380.612982827171,6.520642857142645,99.0,31.84451899181582
XAUUSDm,asym_sellBase_buy_body2.5_wick0.3_atr45_close20,momentum,2026-02-24 13:35:00+00:00,2026-02-24 13:40:00+00:00,2026-02-24 14:13:00+00:00,SELL,session_breakout,5138.399580752417,5161.12,5097.502826106768,1.8,1.1003318084748654,0.2371114285714267,0.11986353329802622,1.1262889006711596,44.999999999999595,43.87371109932843,1.7549484439731373,TP,10424.4866939265,7.903714285714224,92.0,28.697801795800675
XAUUSDm,asym_sellBase_buy_body2.5_wick0.3_atr45_close20,momentum,2026-02-27 13:20:00+00:00,2026-02-27 13:25:00+00:00,2026-03-01 23:01:00+00:00,BUY,session_breakout,5234.993330538576,5182.863,5328.8279255080115,1.8,0.4795672642340237,0.19656642857142806,0.15004732429004738,0.5061638407763585,40.57554814409596,40.0693843033196,1.602775372132784,TIMEOUT,10464.55607822982,6.552214285714269,100.0,21.011152787242228
XAUUSDm,asym_sellBase_buy_body2.5_wick0.3_atr45_close20,momentum,2026-03-06 13:30:00+00:00,2026-03-06 13:35:00+00:00,2026-03-08 22:03:00+00:00,BUY,session_breakout,5124.086802865449,5065.362,5229.791448023256,1.8,0.4257144984765725,0.3191828571428576,0.22021143687616457,0.4386579562674004,23.783475809427244,23.344817853159846,0.9337927141263939,TIMEOUT,10487.90089608298,10.639428571428587,100.0,32.269028977247274
XAUUSDm,asym_sellBase_buy_body2.5_wick0.3_atr45_close20,momentum,2026-03-11 12:55:00+00:00,2026-03-11 13:00:00+00:00,2026-03-12 01:00:00+00:00,SELL,session_breakout,5166.8695160945545,5196.653,5113.259245064752,1.8,0.8393913915298824,0.24058499999999836,0.20419140544650513,0.8668871268453419,5.180317482456862,4.31343035561152,0.1725372142244608,TIMEOUT,10492.21432643859,8.019499999999946,100.0,33.44240933449603
XAUUSDm,asym_sellBase_buy_body2.5_wick0.3_atr45_close20,momentum,2026-03-18 12:05:00+00:00,2026-03-18 12:10:00+00:00,2026-03-18 20:28:00+00:00,SELL,session_breakout,4913.043643706307,4966.259,4817.2560023776605,1.8,0.4697892063716774,0.37023642857142863,0.2832380794071462,0.45711897484924013,44.99999999999983,44.54288102515059,1.7817152410060237,TP,10536.757207463741,12.341214285714289,100.0,40.301700145599256
XAUUSDm,asym_sellBase_buy_body2.5_wick0.3_atr45_close20,momentum,2026-03-19 12:00:00+00:00,2026-03-19 12:05:00+00:00,2026-03-19 13:02:00+00:00,SELL,session_breakout,4630.033923997996,4695.267,4512.614387194389,1.8,0.38324116433252303,0.40764214285714323,0.23825493057563646,0.3503839183864145,44.99999999999993,44.649616081613516,1.7859846432645405,TP,10581.406823545354,13.58807142857144,45.0,62.785720474995564
XAUUSDm,asym_sellBase_buy_body2.5_wick0.3_atr45_close20,momentum,2026-03-20 13:30:00+00:00,2026-03-20 13:35:00+00:00,2026-03-20 14:15:00+00:00,SELL,session_breakout,4644.761376949698,4681.746,4578.1890554591555,1.8,0.6759565986652948,0.32604642857143384,0.2835998360147239,0.6234314203949699,44.99999999999988,44.37656857960491,1.7750627431841963,TP,10625.783392124958,10.868214285714462,70.0,18.014851889985096
XAUUSDm,asym_sellBase_buy_body2.5_wick0.3_atr45_close20,momentum,2026-03-30 13:40:00+00:00,2026-03-30 13:45:00+00:00,2026-03-31 01:24:00+00:00,SELL,session_breakout,4544.287891326476,4578.633,4482.466695714133,1.8,0.7279056892101793,0.28368857142857123,0.118264387809683,0.6640626019010942,-25.0,-25.664062601901094,-1.0265625040760438,SL,10600.119329523057,9.456285714285709,89.0,42.69311928505708
XAUUSDm,asym_sellBase_buy_body2.5_wick0.3_atr45_close20,momentum,2026-04-09 13:35:00+00:00,2026-04-09 13:40:00+00:00,2026-04-10 01:40:00+00:00,BUY,session_breakout,4770.243697554383,4738.562,4827.270753152274,1.8,0.7890991307232232,0.22024499999999989,0.06957505438315692,0.7530805192155783,2.41488199958637,1.6618014803707917,0.06647205921483167,TIMEOUT,10601.781131003429,7.341499999999996,85.0,19.548493915416145
XAUUSDm,asym_sellBase_buy_body2.5_wick0.3_atr45_close20,momentum,2026-04-17 13:05:00+00:00,2026-04-17 13:10:00+00:00,2026-04-19 22:01:00+00:00,BUY,session_breakout,4862.646618900213,4811.482,4954.742932920597,1.8,0.4886189037928293,0.27648857142857586,0.10037461449881228,0.47269621209178597,-25.0,-25.472696212091787,-1.0189078484836716,SL,10576.308434791337,9.216285714285862,100.0,23.682725240557893
XAUUSDm,asym_sellBase_buy_body2.5_wick0.3_atr45_close20,momentum,2026-04-20 13:25:00+00:00,2026-04-20 13:30:00+00:00,2026-04-20 14:51:00+00:00,BUY,session_breakout,4824.426683503274,4799.549,4869.2065138091675,1.8,1.0049167156865648,0.2057849999999988,0.16579100327374238,0.9671294035713472,-25.0,-25.96712940357135,-1.038685176142854,SL,10550.341305387767,6.859499999999961,99.0,18.41847392036155
XAUUSDm,asym_sellBase_buy_body2.5_wick0.3_atr45_close20,momentum,2026-04-29 12:50:00+00:00,2026-04-29 12:55:00+00:00,2026-04-30 00:45:00+00:00,SELL,session_breakout,4544.943224563096,4568.888,4501.842628776669,1.8,1.0440690941486037,0.17339357142857026,0.10807865118894795,0.9515469510852853,-25.000000000000004,-25.951546951085287,-1.0380618780434114,SL,10524.38975843668,5.7797857142856754,95.0,20.702548664922677
XAUUSDm,asym_sellBase_buy_body2.5_wick0.3_atr45_close20,momentum,2026-05-01 13:50:00+00:00,2026-05-01 13:55:00+00:00,2026-05-03 22:03:00+00:00,BUY,session_breakout,4617.0033392780215,4586.483,4671.9399499784595,1.8,0.8191258875684686,0.22602857142856853,0.09332499230726671,0.7571497858425256,7.6839420398693346,6.926792254026809,0.27707169016107236,TIMEOUT,10531.316550690708,7.534285714285618,100.0,38.294848342025965
XAUUSDm,buy_strict_body2.5_wick0.3_atr50_closeOff,momentum,2025-01-07 13:15:00+00:00,2025-01-07 13:20:00+00:00,2025-01-07 15:00:00+00:00,BUY,session_breakout,2658.0325826536314,2647.585,2676.838231430168,1.8,2.39289803477272,0.06974571428571283,0.058709796488312295,1.2695801886787463,-25.0,-26.269580188678745,-1.0507832075471497,SL,9973.730419811322,2.3248571428570943,100.0,31.649388544774304
XAUUSDm,buy_strict_body2.5_wick0.3_atr50_closeOff,momentum,2025-01-15 13:55:00+00:00,2025-01-15 14:00:00+00:00,2025-01-15 14:30:00+00:00,BUY,session_breakout,2693.947934681974,2682.127,2715.2256171095273,1.8,2.1148919838059044,0.10109571428571404,0.06138682483164762,1.136981778369876,-25.0,-26.136981778369876,-1.045479271134795,SL,9947.59343803295,3.3698571428571347,100.0,29.527297783745972
XAUUSDm,buy_strict_body2.5_wick0.3_atr50_closeOff,momentum,2025-01-16 13:30:00+00:00,2025-01-16 13:35:00+00:00,2025-01-17 01:35:00+00:00,BUY,session_breakout,2713.5913244791664,2701.388,2735.557308541666,1.8,2.0486220818499166,0.07803214285714083,0.07030840773750051,1.1114537546185432,-3.708670703333759,-4.820124457952302,-0.19280497831809207,TIMEOUT,9942.773313574999,2.601071428571361,100.0,29.035232131775437
XAUUSDm,buy_strict_body2.5_wick0.3_atr50_closeOff,momentum,2025-01-24 13:40:00+00:00,2025-01-24 13:45:00+00:00,2025-01-24 14:15:00+00:00,BUY,session_breakout,2783.9867028041876,2777.85,2795.0327678517256,1.8,4.073848905138408,0.05255785714285528,0.0414238756159642,2.265808236227745,-25.0,-27.265808236227745,-1.0906323294491098,SL,9915.50750533877,1.7519285714285096,50.0,34.62164324979766
XAUUSDm,buy_strict_body2.5_wick0.3_atr50_closeOff,momentum,2025-02-24 13:55:00+00:00,2025-02-24 14:00:00+00:00,2025-02-24 14:20:00+00:00,BUY,session_breakout,2954.456721217399,2946.923,2968.017419408717,1.8,3.3184132089017067,0.07127785714285698,0.02608228882703741,1.958321641763249,-25.0,-26.95832164176325,-1.07833286567053,SL,9888.549183697007,2.375928571428566,88.0,20.21311523242239
XAUUSDm,buy_strict_body2.5_wick0.3_atr50_closeOff,momentum,2025-04-02 12:25:00+00:00,2025-04-02 12:30:00+00:00,2025-04-02 13:50:00+00:00,BUY,session_breakout,3125.9630325044077,3117.046,3142.013691012342,1.8,2.803623289209946,0.08566285714285543,0.08420107583640189,1.750304551827741,-25.0,-26.750304551827742,-1.0700121820731097,SL,9861.798879145179,2.8554285714285146,72.0,23.02494613702874
XAUUSDm,buy_strict_body2.5_wick0.3_atr50_closeOff,momentum,2025-04-11 13:30:00+00:00,2025-04-11 13:35:00+00:00,2025-04-11 13:50:00+00:00,BUY,session_breakout,3240.613285012047,3225.711,3267.4373980337323,1.8,1.6775950788613647,0.17203285714285552,0.14326858347564006,1.0847873798857943,-25.0,-26.084787379885796,-1.043391495195432,SL,9835.714091765292,5.734428571428517,74.0,26.486869484803904
XAUUSDm,buy_strict_body2.5_wick0.3_atr50_closeOff,momentum,2025-04-21 13:00:00+00:00,2025-04-21 13:05:00+00:00,2025-04-22 01:05:00+00:00,BUY,session_breakout,3421.375065635873,3398.008,3463.4357837804446,1.8,1.0698818751816226,0.13261714285714366,0.11275706444461371,0.7332502904338019,11.568562493708171,10.83531220327437,0.43341248813097477,TIMEOUT,9846.549403968567,4.4205714285714555,100.0,28.364920124046165
XAUUSDm,buy_strict_body2.5_wick0.3_atr50_closeOff,momentum,2025-04-30 12:15:00+00:00,2025-04-30 12:20:00+00:00,2025-04-30 13:35:00+00:00,BUY,session_breakout,3283.1289969258314,3266.901,3312.3393913923283,1.8,1.540547494201532,0.1382485714285706,0.05387264011711438,1.0160632298708958,45.0,43.983936770129105,1.7593574708051642,TP,9890.533340738697,4.608285714285687,89.0,44.343344543550394
XAUUSDm,buy_strict_body2.5_wick0.3_atr50_closeOff,momentum,2025-05-15 12:50:00+00:00,2025-05-15 12:55:00+00:00,2025-05-15 15:05:00+00:00,BUY,session_breakout,3188.6472105642447,3177.747,3208.267589579885,1.8,2.2935336755792273,0.1302021428571457,0.08010949281585344,1.4671539513941725,44.99999999999958,43.53284604860541,1.7413138419442162,TP,9934.066186787302,4.340071428571524,65.0,28.573355861432
XAUUSDm,buy_strict_body2.5_wick0.3_atr50_closeOff,momentum,2025-05-29 12:15:00+00:00,2025-05-29 12:20:00+00:00,2025-05-29 16:05:00+00:00,BUY,session_breakout,3308.8294985716147,3298.541,3327.348796000521,1.8,2.4298977956777548,0.10334357142857113,0.057826785900568306,1.6125235009705396,44.99999999999978,43.38747649902924,1.7354990599611697,TP,9977.453663286331,3.4447857142857043,100.0,33.53063891306181
XAUUSDm,buy_strict_body2.5_wick0.3_atr50_closeOff,momentum,2025-05-30 12:10:00+00:00,2025-05-30 12:15:00+00:00,2025-05-30 13:40:00+00:00,BUY,session_breakout,3303.0528894866056,3288.365,3329.491090562496,1.8,1.70208252334673,0.14142642857142912,0.13417627231995738,1.121913719377014,-25.0,-26.121913719377012,-1.0448765487750804,SL,9951.331749566954,4.714214285714304,100.0,26.073140583746437
XAUUSDm,buy_strict_body2.5_wick0.3_atr50_closeOff,momentum,2025-06-11 12:15:00+00:00,2025-06-11 12:20:00+00:00,2025-06-11 12:35:00+00:00,BUY,session_breakout,3338.1208198528216,3327.196,3357.7854955879006,1.8,2.2883672533550303,0.09899999999999863,0.07431985282158902,1.532269274378769,45.000000000000206,43.467730725621436,1.7387092290248574,TP,9994.799480292575,3.2999999999999545,97.0,30.652943272538636
XAUUSDm,buy_strict_body2.5_wick0.3_atr50_closeOff,momentum,2025-06-20 13:50:00+00:00,2025-06-20 13:55:00+00:00,2025-06-22 22:05:00+00:00,BUY,session_breakout,3372.0969615031736,3348.68,3414.2474922088863,1.8,1.0676022163085375,0.11116928571428453,0.09737686031660074,0.7209830533081635,9.714153665488487,8.993170612180323,0.35972682448721294,TIMEOUT,10003.792650904756,3.7056428571428177,98.0,19.55623931036536
XAUUSDm,buy_strict_body2.5_wick0.3_atr50_closeOff,momentum,2025-07-18 12:00:00+00:00,2025-07-18 12:05:00+00:00,2025-07-18 14:15:00+00:00,BUY,session_breakout,3358.2943908635184,3351.982,3369.6566944178517,1.8,3.96046451186728,0.058890000000000914,0.035945863518259624,2.657581151083582,-25.0,-27.657581151083583,-1.1063032460433433,SL,9976.135069753673,1.9630000000000305,82.0,31.83987434693921
XAUUSDm,buy_strict_body2.5_wick0.3_atr50_closeOff,momentum,2025-07-21 12:15:00+00:00,2025-07-21 12:20:00+00:00,2025-07-21 13:45:00+00:00,BUY,session_breakout,3378.229798173975,3370.859,3391.4972348871297,1.8,3.391762928507662,0.06443571428571561,0.029580316831817253,2.296130918685282,45.000000000000306,42.70386908131503,1.708154763252601,TP,10018.838938834988,2.147857142857187,90.0,27.99741884698307
XAUUSDm,buy_strict_body2.5_wick0.3_atr50_closeOff,momentum,2025-07-22 12:55:00+00:00,2025-07-22 13:00:00+00:00,2025-07-22 16:50:00+00:00,BUY,session_breakout,3407.6119012692484,3393.754,3432.5561235538958,1.8,1.80402497566327,0.08744357142857,0.0601794835342032,1.233983395451425,45.00000000000016,43.76601660454874,1.7506406641819496,TP,10062.604955439536,2.914785714285667,100.0,24.906157185601465
XAUUSDm,buy_strict_body2.5_wick0.3_atr50_closeOff,momentum,2025-08-01 12:30:00+00:00,2025-08-01 12:35:00+00:00,2025-08-03 22:05:00+00:00,BUY,session_breakout,3328.090844984656,3296.811,3384.394565957037,1.8,0.7992366973769703,0.12649285714285852,0.043598556084601815,0.5348085842710467,28.221171678332208,27.68636309406116,1.1074545237624465,TIMEOUT,10090.291318533596,4.216428571428618,100.0,27.262211762494214
XAUUSDm,buy_strict_body2.5_wick0.3_atr50_closeOff,momentum,2025-08-04 13:00:00+00:00,2025-08-04 13:05:00+00:00,2025-08-05 01:05:00+00:00,BUY,session_breakout,3372.380537794411,3361.037,3392.7989058243506,1.8,2.203897977253394,0.08956285714285676,0.07875636583975974,1.48851611820831,20.395890535466318,18.90737441725801,0.7562949766903203,TIMEOUT,10109.198692950855,2.985428571428559,100.0,18.452596237814085
XAUUSDm,buy_strict_body2.5_wick0.3_atr50_closeOff,momentum,2025-08-05 12:25:00+00:00,2025-08-05 12:30:00+00:00,2025-08-05 14:20:00+00:00,BUY,session_breakout,3360.9199923430356,3349.903,3380.7505785605,1.8,2.2692218730462637,0.08291357142857188,0.06153555732141684,1.5298346320366596,44.999999999999794,43.47016536796313,1.7388066147185253,TP,10152.668858318819,2.763785714285729,100.0,39.83255098002978
XAUUSDm,buy_strict_body2.5_wick0.3_atr50_closeOff,momentum,2025-08-06 12:50:00+00:00,2025-08-06 12:55:00+00:00,2025-08-07 00:55:00+00:00,BUY,session_breakout,3368.5920984666673,3360.141,3383.8040757066683,1.8,2.9581953279334,0.07221857142856997,0.05998918095310612,1.9940982006819075,11.075192024146949,9.081093823465041,0.3632437529386016,TIMEOUT,10161.749952142283,2.4072857142856656,95.0,26.669520520968696
XAUUSDm,buy_strict_body2.5_wick0.3_atr50_closeOff,momentum,2025-08-12 12:30:00+00:00,2025-08-12 12:35:00+00:00,2025-08-12 14:10:00+00:00,BUY,session_breakout,3350.377869506348,3338.543,3371.680634617774,1.8,2.1124018297447997,0.11245285714285533,0.061643077776134994,1.4129688683763386,-25.0,-26.41296886837634,-1.0565187547350536,SL,10135.336983273906,3.7484285714285113,100.0,24.49102958935112
XAUUSDm,buy_strict_body2.5_wick0.3_atr50_closeOff,momentum,2025-08-20 12:00:00+00:00,2025-08-20 12:05:00+00:00,2025-08-20 13:40:00+00:00,BUY,session_breakout,3334.6137949702247,3328.646,3345.355825916629,1.8,4.189151960604203,0.05190642857142652,0.05084175593880317,2.7983407834114677,44.99999999999999,42.201659216588524,1.6880663686635413,TP,10177.538642490495,1.7302142857142175,98.0,33.17162831817436
XAUUSDm,buy_strict_body2.5_wick0.3_atr50_closeOff,momentum,2025-08-28 12:05:00+00:00,2025-08-28 12:10:00+00:00,2025-08-28 12:30:00+00:00,BUY,session_breakout,3408.130593586132,3401.401,3420.2438620411695,1.8,3.7149345915210183,0.06637285714285845,0.06140715756060898,2.529696446906837,-25.0,-27.529696446906836,-1.1011878578762735,SL,10150.008946043588,2.212428571428615,100.0,28.685871396469178
XAUUSDm,buy_strict_body2.5_wick0.3_atr50_closeOff,momentum,2025-08-29 13:30:00+00:00,2025-08-29 13:35:00+00:00,2025-08-29 14:10:00+00:00,BUY,session_breakout,3421.050850776069,3413.653,3434.366982172994,1.8,3.379359865012436,0.08168142857142845,0.06901006178361495,2.316692388255859,45.0,42.68330761174414,1.7073323044697657,TP,10192.692253655332,2.7227142857142814,100.0,20.979330941647344
XAUUSDm,buy_strict_body2.5_wick0.3_atr50_closeOff,momentum,2025-09-04 13:35:00+00:00,2025-09-04 13:40:00+00:00,2025-09-04 14:00:00+00:00,BUY,session_breakout,3558.03104493703,3539.71,3591.008925823684,1.8,1.3645509896365573,0.13142357142856975,0.05733315131547423,0.9685229567052837,-25.0,-25.968522956705282,-1.0387409182682112,SL,10166.723730698626,4.3807857142856585,99.0,19.552379694708875
XAUUSDm,buy_strict_body2.5_wick0.3_atr50_closeOff,momentum,2025-10-22 13:00:00+00:00,2025-10-22 13:05:00+00:00,2025-10-22 14:45:00+00:00,BUY,session_breakout,4066.611466748696,4023.09,4144.950106896348,1.8,0.5744291695028686,0.39714642857142374,0.24889353441005033,0.4646960495070592,-25.0,-25.464696049507058,-1.0185878419802823,SL,10141.25903464912,13.238214285714125,64.0,38.975027111375816
XAUUSDm,buy_strict_body2.5_wick0.3_atr50_closeOff,momentum,2025-10-24 12:30:00+00:00,2025-10-24 12:35:00+00:00,2025-10-26 22:05:00+00:00,BUY,session_breakout,4089.8564861564228,4058.775,4145.803161237984,1.8,0.804337343271921,0.19440642857142945,0.064282942136701,0.657873021659415,-0.5183842828326243,-1.1762573044920392,-0.04705029217968157,TIMEOUT,10140.082777344627,6.4802142857143155,74.0,42.41032507024094
XAUUSDm,buy_strict_body2.5_wick0.3_atr50_closeOff,momentum,2025-11-10 13:00:00+00:00,2025-11-10 13:05:00+00:00,2025-11-10 13:50:00+00:00,BUY,session_breakout,4105.115094171789,4092.184,4128.391063681008,1.8,1.9333244092013375,0.11574214285713975,0.04722310035970828,1.5848038428286333,-25.0,-26.584803842828634,-1.0633921537131454,SL,10113.497973501799,3.8580714285713253,82.0,50.15628024988935
XAUUSDm,buy_strict_body2.5_wick0.3_atr50_closeOff,momentum,2025-11-18 13:35:00+00:00,2025-11-18 13:40:00+00:00,2025-11-19 01:40:00+00:00,BUY,session_breakout,4066.245499003743,4029.089,4133.1271972104805,1.8,0.6728298055605688,0.20224714285714396,0.15737543231453774,0.5471204040364885,-0.5782965475680177,-1.1254169516045063,-0.04501667806418025,TIMEOUT,10112.372556550194,6.741571428571466,98.0,23.99220544731655
XAUUSDm,buy_strict_body2.5_wick0.3_atr50_closeOff,momentum,2025-12-03 13:50:00+00:00,2025-12-03 13:55:00+00:00,2025-12-03 14:50:00+00:00,BUY,session_breakout,4236.219778041994,4211.353,4280.979978517583,1.8,1.0053574273989703,0.14135571428571309,0.11610018485063589,0.8492830035897873,-25.0,-25.849283003589786,-1.0339713201435914,SL,10086.523273546603,4.711857142857103,100.0,27.83795219721161
XAUUSDm,buy_strict_body2.5_wick0.3_atr50_closeOff,momentum,2025-12-16 13:20:00+00:00,2025-12-16 13:25:00+00:00,2025-12-16 14:15:00+00:00,BUY,session_breakout,4301.055432313714,4289.067,4322.634610478399,1.8,2.0853435499987554,0.10657071428571661,0.1041469565704424,1.7983356407925022,44.999999999999616,43.201664359207115,1.7280665743682848,TP,10129.72493790581,3.5523571428572205,63.0,29.460394202997385
XAUUSDm,buy_strict_body2.5_wick0.3_atr50_closeOff,momentum,2026-02-18 13:05:00+00:00,2026-02-18 13:10:00+00:00,2026-02-19 01:10:00+00:00,BUY,session_breakout,4955.2126128287155,4917.985,5022.222315920404,1.8,0.6715445364446271,0.21361500000000172,0.11280532871507784,0.6660285107764485,4.993193631226694,4.327165120450245,0.1730866048180098,TIMEOUT,10134.05210302626,7.120500000000058,100.0,18.559749289996407
XAUUSDm,buy_strict_body2.5_wick0.3_atr50_closeOff,momentum,2026-02-19 13:35:00+00:00,2026-02-19 13:40:00+00:00,2026-02-19 14:30:00+00:00,BUY,session_breakout,4994.686223772728,4971.705,5036.0524265636395,1.8,1.08784459205638,0.19561928571427936,0.10941412987060788,1.084188479509933,-24.999999999999996,-26.08418847950993,-1.0433675391803974,SL,10107.96791454675,6.520642857142645,99.0,31.84451899181582
XAUUSDm,buy_strict_body2.5_wick0.3_atr50_closeOff,momentum,2026-02-27 13:20:00+00:00,2026-02-27 13:25:00+00:00,2026-03-01 23:01:00+00:00,BUY,session_breakout,5234.966862379043,5182.863,5328.75381466132,1.8,0.4798108788582919,0.19656642857142806,0.12357916475763996,0.506419696182845,40.60885976420377,40.102440068020925,1.6040976027208371,TIMEOUT,10148.070354614772,6.552214285714269,100.0,21.011152787242228
XAUUSDm,buy_strict_body2.5_wick0.3_atr50_closeOff,momentum,2026-03-06 13:30:00+00:00,2026-03-06 13:35:00+00:00,2026-03-08 22:03:00+00:00,BUY,session_breakout,5124.004679492532,5065.362,5229.561502579089,1.8,0.4263106702548224,0.3191828571428576,0.13808806396034112,0.4392687530932456,23.851792325840453,23.412523572747208,0.9365009429098883,TIMEOUT,10171.48287818752,10.639428571428587,100.0,32.269028977247274
XAUUSDm,buy_strict_body2.5_wick0.3_atr50_closeOff,momentum,2026-04-09 13:35:00+00:00,2026-04-09 13:40:00+00:00,2026-04-10 01:40:00+00:00,BUY,session_breakout,4770.260226193361,4738.562,4827.31703334141,1.8,0.7886876649658155,0.22024499999999989,0.08610369335982762,0.7526891385007732,2.4005868562425126,1.6478977177417393,0.06591590870966957,TIMEOUT,10173.130775905262,7.341499999999996,85.0,19.548493915416145
XAUUSDm,buy_strict_body2.5_wick0.3_atr50_closeOff,momentum,2026-04-17 13:05:00+00:00,2026-04-17 13:10:00+00:00,2026-04-19 22:01:00+00:00,BUY,session_breakout,4862.721259739975,4811.482,4954.95192727193,1.8,0.48790712681775905,0.27648857142857586,0.1750154542601939,0.472011271671073,-25.0,-25.47201127167107,-1.0188804508668428,SL,10147.65876463359,9.216285714285862,100.0,23.682725240557893
XAUUSDm,buy_strict_body2.5_wick0.3_atr50_closeOff,momentum,2026-04-20 13:25:00+00:00,2026-04-20 13:30:00+00:00,2026-04-20 14:51:00+00:00,BUY,session_breakout,4824.355314178277,4799.549,4869.006679699175,1.8,1.0078079242378057,0.2057849999999988,0.09442167827610479,0.9699047029935274,-25.0,-25.969904702993528,-1.0387961881197412,SL,10121.688859930597,6.859499999999961,99.0,18.41847392036155
XAUUSDm,buy_strict_body2.5_wick0.3_atr50_closeOff,momentum,2026-05-01 13:50:00+00:00,2026-05-01 13:55:00+00:00,2026-05-03 22:03:00+00:00,BUY,session_breakout,4617.083800827381,4586.483,4672.165242316667,1.8,0.8169720832152333,0.22602857142856853,0.17378654166723598,0.7551655145374877,7.598003092370892,6.842837577833404,0.27371350311333614,TIMEOUT,10128.53169750843,7.534285714285618,100.0,38.294848342025965
XAUUSDm,asym_sellBase_buy_body2.5_wick0.3_atr50_closeOff,momentum,2025-01-03 13:15:00+00:00,2025-01-03 13:20:00+00:00,2025-01-03 16:50:00+00:00,SELL,session_breakout,2652.005430036269,2658.656,2640.0344041015533,1.8,3.7590763102016957,0.04961357142857001,0.04176317801689456,1.98931815731512,45.0,43.01068184268488,1.7204272737073953,TP,10043.010681842685,1.653785714285667,73.0,20.836599199556407
XAUUSDm,asym_sellBase_buy_body2.5_wick0.3_atr50_closeOff,momentum,2025-01-06 13:30:00+00:00,2025-01-06 13:35:00+00:00,2025-01-06 14:15:00+00:00,SELL,session_breakout,2638.225875719044,2648.848,2619.106052013323,1.8,2.353578186316398,0.09765428571428304,0.05929713809885488,1.2373541743335637,45.00000000000021,43.76264582566665,1.750505833026666,TP,10086.773327668352,3.255142857142768,99.0,33.51748168707531
XAUUSDm,asym_sellBase_buy_body2.5_wick0.3_atr50_closeOff,momentum,2025-01-07 13:15:00+00:00,2025-01-07 13:20:00+00:00,2025-01-07 15:00:00+00:00,BUY,session_breakout,2658.0367150390744,2647.585,2676.8498021094083,1.8,2.3919519338726816,0.06974571428571283,0.06284218193162648,1.2690792121684609,-25.0,-26.26907921216846,-1.0507631684867385,SL,10060.504248456184,2.3248571428570943,100.0,31.649388544774304
XAUUSDm,asym_sellBase_buy_body2.5_wick0.3_atr50_closeOff,momentum,2025-01-13 12:00:00+00:00,2025-01-13 12:05:00+00:00,2025-01-13 17:35:00+00:00,SELL,session_breakout,2673.064954967965,2680.55,2659.591873910302,1.8,3.3399932656387783,0.06136285714285707,0.048363603463073,1.7811037896416055,44.999999999999694,43.21889621035809,1.7287558484143235,TP,10103.723144666541,2.045428571428569,66.0,19.272499199964653
XAUUSDm,asym_sellBase_buy_body2.5_wick0.3_atr50_closeOff,momentum,2025-01-15 13:55:00+00:00,2025-01-15 14:00:00+00:00,2025-01-15 14:30:00+00:00,BUY,session_breakout,2693.9235412198063,2682.127,2715.157315415458,1.8,2.119265260398956,0.10109571428571404,0.03699336266367949,1.1393277150156143,-25.0,-26.139327715015614,-1.0455731086006246,SL,10077.583816951525,3.3698571428571347,100.0,29.527297783745972
XAUUSDm,asym_sellBase_buy_body2.5_wick0.3_atr50_closeOff,momentum,2025-01-16 13:30:00+00:00,2025-01-16 13:35:00+00:00,2025-01-17 01:35:00+00:00,BUY,session_breakout,2713.597716646188,2701.388,2735.5752066093264,1.8,2.047549564371345,0.07803214285714083,0.07670057475941956,1.110873182781847,-3.719817377488553,-4.8306905602704,-0.19322762241081598,TIMEOUT,10072.753126391253,2.601071428571361,100.0,29.035232131775437
XAUUSDm,asym_sellBase_buy_body2.5_wick0.3_atr50_closeOff,momentum,2025-01-23 13:10:00+00:00,2025-01-23 13:15:00+00:00,2025-01-23 14:30:00+00:00,SELL,session_breakout,2740.6604500907943,2746.514,2730.124060254224,1.8,4.27091258941562,0.08819785714285834,0.07345098063418955,2.3435242439212507,-25.0,-27.34352424392125,-1.09374096975685,SL,10045.409602147332,2.9399285714286116,100.0,21.034694030739566
XAUUSDm,asym_sellBase_buy_body2.5_wick0.3_atr50_closeOff,momentum,2025-01-24 13:40:00+00:00,2025-01-24 13:45:00+00:00,2025-01-24 14:15:00+00:00,BUY,session_breakout,2783.989965984538,2777.85,2795.041904756706,1.8,4.071683794821815,0.05255785714285528,0.044687055966147325,2.264605365889156,-25.0,-27.264605365889157,-1.0905842146355662,SL,10018.144996781442,1.7519285714285096,50.0,34.62164324979766
XAUUSDm,asym_sellBase_buy_body2.5_wick0.3_atr50_closeOff,momentum,2025-02-11 12:45:00+00:00,2025-02-11 12:50:00+00:00,2025-02-11 13:15:00+00:00,SELL,session_breakout,2896.7206527845447,2904.236,2883.1930277967253,1.8,3.326526277932681,0.08019428571428665,0.03125007259816052,1.9227034742636195,44.999999999999694,43.077296525736074,1.723091861029443,TP,10061.222293307179,2.673142857142888,57.99999999999999,33.99080280425428
XAUUSDm,asym_sellBase_buy_body2.5_wick0.3_atr50_closeOff,momentum,2025-02-12 13:15:00+00:00,2025-02-12 13:20:00+00:00,2025-02-12 14:00:00+00:00,SELL,session_breakout,2874.1638297744685,2885.902,2853.0351233685114,1.8,2.1298038382185625,0.08443714285714382,0.05195165410239884,1.2267810312645253,-25.0,-26.226781031264526,-1.049071241250581,SL,10034.995512275915,2.814571428571461,97.0,21.687231563201554
XAUUSDm,asym_sellBase_buy_body2.5_wick0.3_atr50_closeOff,momentum,2025-02-13 13:00:00+00:00,2025-02-13 13:05:00+00:00,2025-02-13 18:50:00+00:00,SELL,session_breakout,2913.989674362585,2921.369,2900.7068882152375,1.8,3.3878434464584855,0.06448499999999967,0.036083137414846415,1.976928164267396,-25.0,-26.976928164267395,-1.0790771265706958,SL,10008.018584111647,2.149499999999989,60.0,18.43714716473585
XAUUSDm,asym_sellBase_buy_body2.5_wick0.3_atr50_closeOff,momentum,2025-02-14 13:40:00+00:00,2025-02-14 13:45:00+00:00,2025-02-14 16:45:00+00:00,SELL,session_breakout,2917.818552089009,2933.321,2889.914145849225,1.8,1.6126485406395195,0.10798928571428665,0.10245326813382452,0.9365831659754513,44.99999999999971,44.06341683402426,1.7625366733609704,TP,10052.082000945671,3.5996428571428885,100.0,18.863435153374482
XAUUSDm,asym_sellBase_buy_body2.5_wick0.3_atr50_closeOff,momentum,2025-02-24 13:55:00+00:00,2025-02-24 14:00:00+00:00,2025-02-24 14:20:00+00:00,BUY,session_breakout,2954.484147613948,2946.923,2968.094213319055,1.8,3.306376396339811,0.07127785714285698,0.05350868537672173,1.951227329806181,-25.0,-26.95122732980618,-1.0780490931922473,SL,10025.130773615865,2.375928571428566,88.0,20.21311523242239
XAUUSDm,asym_sellBase_buy_body2.5_wick0.3_atr50_closeOff,momentum,2025-02-28 12:50:00+00:00,2025-02-28 12:55:00+00:00,2025-02-28 14:40:00+00:00,SELL,session_breakout,2855.008540725002,2864.502,2837.920314030006,1.8,2.6333920308522925,0.06792428571428445,0.05949713214047275,1.4991713478320907,45.000000000000234,43.500828652168146,1.7400331460867258,TP,10068.631602268033,2.264142857142815,71.0,21.169540131150995
XAUUSDm,asym_sellBase_buy_body2.5_wick0.3_atr50_closeOff,momentum,2025-03-03 13:05:00+00:00,2025-03-03 13:10:00+00:00,2025-03-03 14:30:00+00:00,SELL,session_breakout,2871.0504769709864,2877.716,2859.0525355187624,1.8,3.750643406553525,0.057207857142854465,0.03491910044199539,2.1561573082667165,-25.0,-27.156157308266717,-1.0862462923306686,SL,10041.475444959766,1.9069285714284823,70.0,19.71262015212677
XAUUSDm,asym_sellBase_buy_body2.5_wick0.3_atr50_closeOff,momentum,2025-03-05 13:30:00+00:00,2025-03-05 13:35:00+00:00,2025-03-05 15:05:00+00:00,SELL,session_breakout,2908.6879680803154,2917.269,2893.2421106248835,1.8,2.9134025177847716,0.08657571428571535,0.039744062542037606,1.6973357699310925,-25.0,-26.697335769931094,-1.0678934307972439,SL,10014.778109189834,2.8858571428571786,100.0,18.538773727042578
XAUUSDm,asym_sellBase_buy_body2.5_wick0.3_atr50_closeOff,momentum,2025-03-21 13:45:00+00:00,2025-03-21 13:50:00+00:00,2025-03-23 22:05:00+00:00,SELL,session_breakout,3010.6700972495464,3036.851,2963.54447229873,1.8,0.9548944984170482,0.11942571428571715,0.082189893310666,0.5762363462758147,-12.618837933524654,-13.195074279800469,-0.5278029711920188,TIMEOUT,10001.583034910034,3.9808571428572384,100.0,18.011965333720443
XAUUSDm,asym_sellBase_buy_body2.5_wick0.3_atr50_closeOff,momentum,2025-03-26 13:00:00+00:00,2025-03-26 13:05:00+00:00,2025-03-26 14:00:00+00:00,SELL,session_breakout,3024.813108651852,3029.994,3015.487504225185,1.8,4.825424491663162,0.06616928571428649,0.022806705291147224,2.914701451438486,45.00000000000044,42.08529854856195,1.683411941942478,TP,10043.668333458596,2.205642857142883,100.0,19.750277906197685
XAUUSDm,asym_sellBase_buy_body2.5_wick0.3_atr50_closeOff,momentum,2025-04-02 12:25:00+00:00,2025-04-02 12:30:00+00:00,2025-04-02 13:50:00+00:00,BUY,session_breakout,3125.9541583613113,3117.046,3141.988843411672,1.8,2.8064162070328713,0.08566285714285543,0.07532693274021882,1.7520456824933965,-25.0,-26.752045682493396,-1.0700818272997359,SL,10016.916287776103,2.8554285714285146,72.0,23.02494613702874
XAUUSDm,asym_sellBase_buy_body2.5_wick0.3_atr50_closeOff,momentum,2025-04-03 12:20:00+00:00,2025-04-03 12:25:00+00:00,2025-04-03 14:00:00+00:00,SELL,session_breakout,3080.676432330569,3097.309,3050.737810525592,1.8,1.5030752014282731,0.14053499999999824,0.10430016943143226,0.9285976698121208,-25.0,-25.92859766981212,-1.0371439067924848,SL,9990.98769010629,4.684499999999941,68.0,45.51265925747012
XAUUSDm,asym_sellBase_buy_body2.5_wick0.3_atr50_closeOff,momentum,2025-04-11 13:30:00+00:00,2025-04-11 13:35:00+00:00,2025-04-11 13:50:00+00:00,BUY,session_breakout,3240.6129174856387,3225.711,3267.436368959789,1.8,1.6776364534357844,0.17203285714285552,0.14290105706715678,1.0848140723697595,-25.0,-26.08481407236976,-1.0433925628947904,SL,9964.90287603392,5.734428571428517,74.0,26.486869484803904
XAUUSDm,asym_sellBase_buy_body2.5_wick0.3_atr50_closeOff,momentum,2025-04-21 13:00:00+00:00,2025-04-21 13:05:00+00:00,2025-04-22 01:05:00+00:00,BUY,session_breakout,3421.335005068959,3398.008,3463.323614193086,1.8,1.0717192338277004,0.13261714285714366,0.07269649753057524,0.7345052424013024,11.631363412231112,10.896858169829809,0.4358743267931924,TIMEOUT,9975.79973420375,4.4205714285714555,100.0,28.364920124046165
XAUUSDm,asym_sellBase_buy_body2.5_wick0.3_atr50_closeOff,momentum,2025-04-23 13:25:00+00:00,2025-04-23 13:30:00+00:00,2025-04-23 14:00:00+00:00,SELL,session_breakout,3299.591370026565,3320.54,3261.883836074382,1.8,1.1933954646056892,0.2031985714285695,0.19903068772047616,0.7830434752083552,45.00000000000021,44.21695652479186,1.7686782609916745,TP,10020.016690728542,6.773285714285651,78.0,22.560104668224394
XAUUSDm,asym_sellBase_buy_body2.5_wick0.3_atr50_closeOff,momentum,2025-04-25 13:20:00+00:00,2025-04-25 13:25:00+00:00,2025-04-25 19:30:00+00:00,SELL,session_breakout,3270.337939587348,3298.252,3220.0926308445746,1.8,0.8956060003606239,0.20633142857142858,0.19089469836623624,0.5882868563802857,-25.0,-25.588286856380286,-1.0235314742552115,SL,9994.428403872162,6.877714285714286,89.0,31.5080885248663
XAUUSDm,asym_sellBase_buy_body2.5_wick0.3_atr50_closeOff,momentum,2025-04-30 12:00:00+00:00,2025-04-30 12:05:00+00:00,2025-04-30 12:15:00+00:00,SELL,session_breakout,3267.573342015208,3281.671,3242.197557642582,1.8,1.773344198516447,0.11945999999999815,0.10092798479230056,1.1614064458579334,-25.0,-26.161406445857935,-1.0464562578343175,SL,9968.266997426304,3.9819999999999385,85.0,43.24131785778276
XAUUSDm,asym_sellBase_buy_body2.5_wick0.3_atr50_closeOff,momentum,2025-04-30 12:20:00+00:00,2025-04-30 12:25:00+00:00,2025-05-01 00:20:00+00:00,BUY,session_breakout,3290.179006172002,3266.901,3332.0794172816063,1.8,1.0739751426850663,0.15381214285714284,0.06710010057350242,0.7042140935225972,-25.000000000000004,-25.7042140935226,-1.028168563740904,SL,9942.562783332782,5.127071428571428,97.0,44.343344543550394
XAUUSDm,asym_sellBase_buy_body2.5_wick0.3_atr50_closeOff,momentum,2025-05-02 13:00:00+00:00,2025-05-02 13:05:00+00:00,2025-05-02 14:55:00+00:00,SELL,session_breakout,3244.003969841912,3263.926,3208.1443155573534,1.8,1.254892187272908,0.15889714285714296,0.09958158665969347,0.8166750474473826,-25.0,-25.816675047447383,-1.0326670018978954,SL,9916.746108285335,5.296571428571432,100.0,20.422343309001352
XAUUSDm,asym_sellBase_buy_body2.5_wick0.3_atr50_closeOff,momentum,2025-05-14 12:50:00+00:00,2025-05-14 12:55:00+00:00,2025-05-15 00:55:00+00:00,SELL,session_breakout,3186.2653554371304,3221.493,3122.8555952239653,1.8,0.7096699285523733,0.21265500000000104,0.07031706286943853,0.4523502376139226,-1.1089618552843785,-1.561312092898301,-0.062452483715932046,TIMEOUT,9915.184796192438,7.088500000000034,100.0,20.548243138493692
XAUUSDm,asym_sellBase_buy_body2.5_wick0.3_atr50_closeOff,momentum,2025-05-15 12:50:00+00:00,2025-05-15 12:55:00+00:00,2025-05-15 15:05:00+00:00,BUY,session_breakout,3188.620223890027,3177.747,3208.1920268920753,1.8,2.299226085368309,0.1302021428571457,0.05312281859841843,1.4707717590201774,44.99999999999958,43.52922824097941,1.7411691296391762,TP,9958.714024433417,4.340071428571524,65.0,28.573355861432
XAUUSDm,asym_sellBase_buy_body2.5_wick0.3_atr50_closeOff,momentum,2025-05-28 13:35:00+00:00,2025-05-28 13:40:00+00:00,2025-05-28 20:50:00+00:00,SELL,session_breakout,3303.6705227576995,3316.438,3280.6890637215583,1.8,1.9581002202354534,0.11382000000000095,0.08856724230064007,1.2892835956394455,45.0,43.710716404360554,1.7484286561744222,TP,10002.424740837778,3.7940000000000316,98.0,19.47008735358178
XAUUSDm,asym_sellBase_buy_body2.5_wick0.3_atr50_closeOff,momentum,2025-05-29 12:15:00+00:00,2025-05-29 12:20:00+00:00,2025-05-29 16:05:00+00:00,BUY,session_breakout,3308.8565513238823,3298.541,3327.4245437068703,1.8,2.4235253371403505,0.10334357142857113,0.08487953816802063,1.6083195378192539,45.00000000000044,43.391680462181185,1.7356672184872475,TP,10045.816421299958,3.4447857142857043,100.0,33.53063891306181
XAUUSDm,asym_sellBase_buy_body2.5_wick0.3_atr50_closeOff,momentum,2025-05-30 12:10:00+00:00,2025-05-30 12:15:00+00:00,2025-05-30 13:40:00+00:00,BUY,session_breakout,3303.0569231551035,3288.365,3329.5023848342903,1.8,1.7016152164745995,0.14142642857142912,0.13820994081781723,1.1216063842644992,-25.0,-26.1216063842645,-1.04486425537058,SL,10019.694814915694,4.714214285714304,100.0,26.073140583746437
XAUUSDm,asym_sellBase_buy_body2.5_wick0.3_atr50_closeOff,momentum,2025-06-03 13:45:00+00:00,2025-06-03 13:50:00+00:00,2025-06-04 01:20:00+00:00,SELL,session_breakout,3343.8179970198344,3363.095,3309.1193916555367,1.8,1.2968820944688908,0.12839785714285493,0.06780405159427587,0.8698075374995708,-25.0,-25.86980753749957,-1.034792301499983,SL,9993.825007378195,4.279928571428497,100.0,26.21077909916798
XAUUSDm,asym_sellBase_buy_body2.5_wick0.3_atr50_closeOff,momentum,2025-06-11 12:15:00+00:00,2025-06-11 12:20:00+00:00,2025-06-11 12:35:00+00:00,BUY,session_breakout,3338.101872857628,3327.196,3357.732444001359,1.8,2.2923428804245867,0.09899999999999863,0.055372857628215644,1.5349148124754326,44.99999999999958,43.465085187524146,1.7386034075009658,TP,10037.29009256572,3.2999999999999545,97.0,30.652943272538636
XAUUSDm,asym_sellBase_buy_body2.5_wick0.3_atr50_closeOff,momentum,2025-06-16 13:50:00+00:00,2025-06-16 13:55:00+00:00,2025-06-17 01:55:00+00:00,SELL,session_breakout,3389.734766620894,3417.401,3339.9355465385033,1.8,0.9036286095555187,0.17297357142857242,0.10874659339156378,0.6129695786257497,-3.5731584102195497,-4.1861279888453,-0.167445119553812,TIMEOUT,10033.103964576874,5.765785714285747,100.0,35.415918947083775
XAUUSDm,asym_sellBase_buy_body2.5_wick0.3_atr50_closeOff,momentum,2025-06-20 13:50:00+00:00,2025-06-20 13:55:00+00:00,2025-06-22 22:05:00+00:00,BUY,session_breakout,3372.047679805528,3348.68,3414.1095034554783,1.8,1.0698537556170127,0.11116928571428453,0.04809516267118568,0.7224983113436799,9.787364717642866,9.064866406299187,0.36259465625196746,TIMEOUT,10042.168830983173,3.7056428571428177,98.0,19.55623931036536
XAUUSDm,asym_sellBase_buy_body2.5_wick0.3_atr50_closeOff,momentum,2025-06-24 12:30:00+00:00,2025-06-24 12:35:00+00:00,2025-06-24 19:30:00+00:00,SELL,session_breakout,3307.6962171140894,3321.86,3282.20140791945,1.8,1.7650651807765687,0.12322071428571267,0.04817252876767209,1.1701598842828906,-25.0,-26.170159884282892,-1.0468063953713156,SL,10015.99867109889,4.107357142857089,82.0,38.064296195118644
XAUUSDm,asym_sellBase_buy_body2.5_wick0.3_atr50_closeOff,momentum,2025-06-26 13:05:00+00:00,2025-06-26 13:10:00+00:00,2025-06-27 01:10:00+00:00,SELL,session_breakout,3317.8236884200473,3344.056,3270.6055275761323,1.8,0.9530231418532535,0.15296785714285566,0.09682765138081362,0.6322706891650923,1.2186196555248259,0.5863489663597335,0.023453958654389342,TIMEOUT,10016.58502006525,5.098928571428522,100.0,18.53667304092629
XAUUSDm,asym_sellBase_buy_body2.5_wick0.3_atr50_closeOff,momentum,2025-06-27 12:05:00+00:00,2025-06-27 12:10:00+00:00,2025-06-29 22:05:00+00:00,SELL,session_breakout,3273.9777000070135,3285.344,3253.518360019638,1.8,2.1994844422042292,0.1014771428571443,0.04656142155762402,1.4395559029863507,6.567000714514795,5.127444811528444,0.20509779246113777,TIMEOUT,10021.712464876779,3.382571428571477,74.0,43.632735004813654
XAUUSDm,asym_sellBase_buy_body2.5_wick0.3_atr50_closeOff,momentum,2025-07-08 13:45:00+00:00,2025-07-08 13:50:00+00:00,2025-07-08 14:40:00+00:00,SELL,session_breakout,3315.9876112223346,3326.914,3296.3201114225367,1.8,2.2880386657211043,0.10118357142857348,0.07779699195094318,1.5129215739057726,44.999999999999794,43.48707842609402,1.739483137043761,TP,10065.199543302873,3.372785714285783,100.0,18.147393845146915
XAUUSDm,asym_sellBase_buy_body2.5_wick0.3_atr50_closeOff,momentum,2025-07-14 12:35:00+00:00,2025-07-14 12:40:00+00:00,2025-07-15 00:40:00+00:00,SELL,session_breakout,3351.453391902842,3368.025,3321.624497327958,1.8,1.508604346266651,0.09729428571428668,0.05896095430100526,1.010528723680664,6.747069862835206,5.736541139154542,0.22946164556618168,TIMEOUT,10070.936084442028,3.2431428571428893,100.0,21.65202251038262
XAUUSDm,asym_sellBase_buy_body2.5_wick0.3_atr50_closeOff,momentum,2025-07-15 12:05:00+00:00,2025-07-15 12:10:00+00:00,2025-07-15 12:30:00+00:00,SELL,session_breakout,3352.7090291121826,3359.335,3340.782281514111,1.8,3.7730319712036966,0.0592757142857129,0.052333030674740905,2.532475671396714,-25.0,-27.532475671396714,-1.1012990268558687,SL,10043.403608770632,1.9758571428570966,59.0,20.971755145144762
XAUUSDm,asym_sellBase_buy_body2.5_wick0.3_atr50_closeOff,momentum,2025-07-15 12:35:00+00:00,2025-07-15 12:40:00+00:00,2025-07-15 15:35:00+00:00,SELL,session_breakout,3347.9374121304504,3360.387,3325.528153965261,1.8,2.00809860229567,0.10199142857143151,0.08059215526377946,1.340097687574508,44.99999999999964,43.65990231242513,1.746396092497005,TP,10087.063511083057,3.3997142857143836,100.0,24.614335357064114
XAUUSDm,asym_sellBase_buy_body2.5_wick0.3_atr50_closeOff,momentum,2025-07-18 12:00:00+00:00,2025-07-18 12:05:00+00:00,2025-07-18 14:15:00+00:00,BUY,session_breakout,3358.2889886900575,3351.982,3369.641568332161,1.8,3.9638567989523183,0.058890000000000914,0.03054369005769235,2.6598553281331583,-25.0,-27.65985532813316,-1.1063942131253264,SL,10059.403655754924,1.9630000000000305,82.0,31.83987434693921
XAUUSDm,asym_sellBase_buy_body2.5_wick0.3_atr50_closeOff,momentum,2025-07-21 12:15:00+00:00,2025-07-21 12:20:00+00:00,2025-07-21 13:45:00+00:00,BUY,session_breakout,3378.2570876497707,3370.859,3391.573645419358,1.8,3.3792516638775654,0.06443571428571561,0.05686979262764599,2.2876961768893334,44.99999999999938,42.71230382311005,1.708492152924402,TP,10102.115959578034,2.147857142857187,90.0,27.99741884698307
XAUUSDm,asym_sellBase_buy_body2.5_wick0.3_atr50_closeOff,momentum,2025-07-22 12:55:00+00:00,2025-07-22 13:00:00+00:00,2025-07-22 16:50:00+00:00,BUY,session_breakout,3407.627214885847,3393.754,3432.5990016803717,1.8,1.8020336458209096,0.08744357142857,0.07549310013312818,1.232631778727859,44.99999999999967,43.767368221271816,1.7506947288508727,TP,10145.883327799305,2.914785714285667,100.0,24.906157185601465
XAUUSDm,asym_sellBase_buy_body2.5_wick0.3_atr50_closeOff,momentum,2025-07-24 12:45:00+00:00,2025-07-24 12:50:00+00:00,2025-07-24 13:40:00+00:00,SELL,session_breakout,3354.22147677631,3365.506,3333.9093349736677,1.8,2.215423682900182,0.0947721428571445,0.05413715226119508,1.488704339468532,-25.000000000000004,-26.488704339468537,-1.0595481735787413,SL,10119.394623459837,3.1590714285714836,92.0,50.569753258342374
XAUUSDm,asym_sellBase_buy_body2.5_wick0.3_atr50_closeOff,momentum,2025-07-28 13:30:00+00:00,2025-07-28 13:35:00+00:00,2025-07-28 13:50:00+00:00,SELL,session_breakout,3324.267157744621,3330.639,3312.7978416849382,1.8,3.9235120704525017,0.08868000000000101,0.044502255379574335,2.60406046376397,44.99999999999928,42.39593953623531,1.6958375814494124,TP,10161.790562996071,2.9560000000000337,99.0,24.688991825086365
XAUUSDm,asym_sellBase_buy_body2.5_wick0.3_atr50_closeOff,momentum,2025-08-01 12:30:00+00:00,2025-08-01 12:35:00+00:00,2025-08-03 22:05:00+00:00,BUY,session_breakout,3328.1456258501134,3296.811,3384.5479523803174,1.8,0.797839429121813,0.12649285714285852,0.0983794215423224,0.533877973991025,28.128127585221286,27.59424961123026,1.1037699844492104,TIMEOUT,10189.384812607303,4.216428571428618,100.0,27.262211762494214
XAUUSDm,asym_sellBase_buy_body2.5_wick0.3_atr50_closeOff,momentum,2025-08-04 13:00:00+00:00,2025-08-04 13:05:00+00:00,2025-08-05 01:05:00+00:00,BUY,session_breakout,3372.3374119279215,3361.037,3392.6781533981807,1.8,2.2123087334744507,0.08956285714285676,0.03563049935025906,1.4941872152553644,20.569135292107642,19.074948076852277,0.762997923074091,TIMEOUT,10208.459760684154,2.985428571428559,100.0,18.452596237814085
XAUUSDm,asym_sellBase_buy_body2.5_wick0.3_atr50_closeOff,momentum,2025-08-05 12:25:00+00:00,2025-08-05 12:30:00+00:00,2025-08-05 14:00:00+00:00,BUY,session_breakout,3360.89493342926,3349.903,3380.6804136019286,1.8,2.274395142664379,0.08291357142857188,0.036476643546125675,1.5333006223193661,44.99999999999959,43.46669937768022,1.738667975107209,TP,10251.926460061835,2.763785714285729,100.0,39.83255098002978
XAUUSDm,asym_sellBase_buy_body2.5_wick0.3_atr50_closeOff,momentum,2025-08-06 12:50:00+00:00,2025-08-06 12:55:00+00:00,2025-08-07 00:55:00+00:00,BUY,session_breakout,3368.5541470419657,3360.141,3383.697811717504,1.8,2.9715396480410226,0.07221857142856997,0.022037756251293564,2.0030822335024276,11.237926007859404,9.234843774356976,0.36939375097427907,TIMEOUT,10261.161303836192,2.4072857142856656,95.0,26.669520520968696
XAUUSDm,asym_sellBase_buy_body2.5_wick0.3_atr50_closeOff,momentum,2025-08-12 12:30:00+00:00,2025-08-12 12:35:00+00:00,2025-08-12 14:10:00+00:00,BUY,session_breakout,3350.4119066119383,3338.543,3371.7759385134273,1.8,2.1063439807382127,0.11245285714285533,0.09568018336669142,1.4089239904971391,-25.000000000000004,-26.408923990497144,-1.0563569596198856,SL,10234.752379845695,3.7484285714285113,100.0,24.49102958935112
XAUUSDm,asym_sellBase_buy_body2.5_wick0.3_atr50_closeOff,momentum,2025-08-20 12:00:00+00:00,2025-08-20 12:05:00+00:00,2025-08-20 13:40:00+00:00,BUY,session_breakout,3334.602682166306,3328.646,3345.324710065656,1.8,4.196967254928266,0.05190642857142652,0.03972895202027019,2.8035436530495907,44.99999999999923,42.196456346949645,1.6878582538779858,TP,10276.948836192645,1.7302142857142175,98.0,33.17162831817436
XAUUSDm,asym_sellBase_buy_body2.5_wick0.3_atr50_closeOff,momentum,2025-08-28 12:05:00+00:00,2025-08-28 12:10:00+00:00,2025-08-28 12:30:00+00:00,BUY,session_breakout,3408.1218609743705,3401.401,3420.2194107282376,1.8,3.719761514980738,0.06637285714285845,0.052674545799216335,2.5329801073633993,-25.0,-27.5329801073634,-1.1013192042945361,SL,10249.415856085281,2.212428571428615,100.0,28.685871396469178
XAUUSDm,asym_sellBase_buy_body2.5_wick0.3_atr50_closeOff,momentum,2025-08-29 13:30:00+00:00,2025-08-29 13:35:00+00:00,2025-08-29 14:10:00+00:00,BUY,session_breakout,3421.0509848866636,3413.653,3434.3673576826586,1.8,3.379298604011328,0.08168142857142845,0.06914417237817151,2.3166505634958168,45.000000000000306,42.683349436504486,1.7073339774601795,TP,10292.099205521785,2.7227142857142814,100.0,20.979330941647344
XAUUSDm,asym_sellBase_buy_body2.5_wick0.3_atr50_closeOff,momentum,2025-09-04 13:35:00+00:00,2025-09-04 13:40:00+00:00,2025-09-04 14:00:00+00:00,BUY,session_breakout,3558.0553575022873,3539.71,3591.0770010064043,1.8,1.3627425901557424,0.13142357142856975,0.08164571657288328,0.9672427147600365,-24.999999999999996,-25.967242714760033,-1.0386897085904014,SL,10266.131962807025,4.3807857142856585,99.0,19.552379694708875
XAUUSDm,asym_sellBase_buy_body2.5_wick0.3_atr50_closeOff,momentum,2025-09-12 12:20:00+00:00,2025-09-12 12:25:00+00:00,2025-09-12 13:10:00+00:00,SELL,session_breakout,3643.196376021367,3649.349,3632.1216528598275,1.8,4.063306986875905,0.063953571428571,0.044647192918392295,2.96318505784972,-24.999999999999996,-27.963185057849717,-1.1185274023139888,SL,10238.168777749175,2.1317857142857,65.0,21.061426016204223
XAUUSDm,asym_sellBase_buy_body2.5_wick0.3_atr50_closeOff,momentum,2025-09-25 12:50:00+00:00,2025-09-25 12:55:00+00:00,2025-09-25 18:40:00+00:00,SELL,session_breakout,3732.3957055981477,3755.926,3690.041175674814,1.8,1.0624601449114093,0.14623071428571327,0.058179044709558085,0.795604336447306,-25.0,-25.795604336447305,-1.0318241734578921,SL,10212.373173412729,4.874357142857109,100.0,19.87710691908853
XAUUSDm,asym_sellBase_buy_body2.5_wick0.3_atr50_closeOff,momentum,2025-10-01 12:45:00+00:00,2025-10-01 12:50:00+00:00,2025-10-02 00:50:00+00:00,SELL,session_breakout,3870.8974635923364,3891.122,3834.493298058542,1.8,1.2361222772219913,0.1346742857142866,0.05119926480666934,0.95531639240244,16.641251152777098,15.685934760374659,0.6274373904149865,TIMEOUT,10228.059108173104,4.489142857142887,96.0,18.3325867553591
XAUUSDm,asym_sellBase_buy_body2.5_wick0.3_atr50_closeOff,momentum,2025-10-09 13:40:00+00:00,2025-10-09 13:45:00+00:00,2025-10-09 16:40:00+00:00,SELL,session_breakout,4031.1408345075274,4057.981,3982.828536621076,1.8,0.9314398604215436,0.18705642857143076,0.1436372781867937,0.7464530512466553,45.00000000000017,44.25354694875352,1.7701418779501408,TP,10272.312655121857,6.235214285714359,100.0,19.2834809256265
XAUUSDm,asym_sellBase_buy_body2.5_wick0.3_atr50_closeOff,momentum,2025-10-21 12:10:00+00:00,2025-10-21 12:15:00+00:00,2025-10-21 14:20:00+00:00,SELL,session_breakout,4225.2314334863395,4267.064,4149.93281376175,1.8,0.5976205163466605,0.2890564285714325,0.18203829937432942,0.5005169981928493,44.99999999999978,44.49948300180693,1.779979320072277,TP,10316.812138123665,9.635214285714417,84.0,57.438051634424795
XAUUSDm,asym_sellBase_buy_body2.5_wick0.3_atr50_closeOff,momentum,2025-10-22 13:00:00+00:00,2025-10-22 13:05:00+00:00,2025-10-22 14:45:00+00:00,BUY,session_breakout,4066.6388541935494,4023.09,4145.026791741938,1.8,0.5740679166641124,0.39714642857142374,0.2762809792634619,0.4644053789704448,-25.000000000000004,-25.464405378970447,-1.0185762151588178,SL,10291.347732744694,13.238214285714125,64.0,38.975027111375816
XAUUSDm,asym_sellBase_buy_body2.5_wick0.3_atr50_closeOff,momentum,2025-10-24 12:30:00+00:00,2025-10-24 12:35:00+00:00,2025-10-26 22:05:00+00:00,BUY,session_breakout,4089.9546296298695,4058.775,4146.0779629636345,1.8,0.8018055473003616,0.19440642857142945,0.1624264155834604,0.6558101175931231,-0.5954445568189777,-1.2512546744121007,-0.05005018697648403,TIMEOUT,10290.096478070282,6.4802142857143155,74.0,42.41032507024094
XAUUSDm,asym_sellBase_buy_body2.5_wick0.3_atr50_closeOff,momentum,2025-11-10 13:00:00+00:00,2025-11-10 13:05:00+00:00,2025-11-10 13:50:00+00:00,BUY,session_breakout,4105.154018275213,4092.184,4128.500051170597,1.8,1.9275223418749798,0.11574214285713975,0.0861472037844284,1.5800552174126647,-25.0,-26.580055217412664,-1.0632022086965065,SL,10263.516422852868,3.8580714285713253,82.0,50.15628024988935
XAUUSDm,asym_sellBase_buy_body2.5_wick0.3_atr50_closeOff,momentum,2025-11-14 12:10:00+00:00,2025-11-14 12:15:00+00:00,2025-11-14 13:20:00+00:00,SELL,session_breakout,4125.689889043163,4157.72,4068.035689320856,1.8,0.7805155603016553,0.2434607142857099,0.16738059969434857,0.6395330310754797,45.00000000000007,44.36046696892459,1.7744186787569836,TP,10307.876889821793,8.115357142856997,100.0,35.25045599985121
XAUUSDm,asym_sellBase_buy_body2.5_wick0.3_atr50_closeOff,momentum,2025-11-14 13:25:00+00:00,2025-11-14 13:30:00+00:00,2025-11-16 23:00:00+00:00,SELL,session_breakout,4055.306536943579,4119.67,3939.452303442021,1.8,0.38841912496356773,0.34366928571428257,0.23762841356406655,0.31590036298288526,-8.686396751530156,-9.002297114513041,-0.36009188458052166,TIMEOUT,10298.87459270728,11.455642857142752,100.0,46.13312162979941
XAUUSDm,asym_sellBase_buy_body2.5_wick0.3_atr50_closeOff,momentum,2025-11-18 13:35:00+00:00,2025-11-18 13:40:00+00:00,2025-11-19 01:40:00+00:00,BUY,session_breakout,4066.191828841519,4029.089,4132.976920756253,1.8,0.6738030705632961,0.20224714285714396,0.10370527009016162,0.5479082109597837,-0.5429699477640247,-1.0908781587238083,-0.043635126348952336,TIMEOUT,10297.783714548556,6.741571428571466,98.0,23.99220544731655
XAUUSDm,asym_sellBase_buy_body2.5_wick0.3_atr50_closeOff,momentum,2025-11-19 13:10:00+00:00,2025-11-19 13:15:00+00:00,2025-11-19 14:55:00+00:00,SELL,session_breakout,4103.000575347667,4120.01,4072.3836109734675,1.8,1.4697734056848806,0.13318928571428126,0.04283000947563969,1.2085962258311531,-25.0,-26.208596225831155,-1.0483438490332462,SL,10271.575118322724,4.439642857142709,70.0,38.20990375075074
XAUUSDm,asym_sellBase_buy_body2.5_wick0.3_atr50_closeOff,momentum,2025-12-03 13:50:00+00:00,2025-12-03 13:55:00+00:00,2025-12-03 14:50:00+00:00,BUY,session_breakout,4236.189297320376,4211.353,4280.894632497052,1.8,1.0065912675111193,0.14135571428571309,0.08561946323286658,0.850322230841351,-24.999999999999996,-25.850322230841346,-1.034012889233654,SL,10245.724796091883,4.711857142857103,100.0,27.83795219721161
XAUUSDm,asym_sellBase_buy_body2.5_wick0.3_atr50_closeOff,momentum,2025-12-16 13:20:00+00:00,2025-12-16 13:25:00+00:00,2025-12-16 14:15:00+00:00,BUY,session_breakout,4300.999264480729,4289.067,4322.477340546041,1.8,2.095159727675832,0.10657071428571661,0.0479791235857158,1.8067560895406796,45.0,43.19324391045932,1.727729756418373,TP,10288.918040002342,3.5523571428572205,63.0,29.460394202997385
XAUUSDm,asym_sellBase_buy_body2.5_wick0.3_atr50_closeOff,momentum,2025-12-23 13:50:00+00:00,2025-12-23 13:55:00+00:00,2025-12-23 14:55:00+00:00,SELL,session_breakout,4478.8838146933995,4497.359,4445.628481141518,1.8,1.3531664005052157,0.16868357142857154,0.09884352088661094,1.2076350179619475,44.99999999999975,43.7923649820378,1.751694599281512,TP,10332.71040498438,5.622785714285718,100.0,24.530324010148064
XAUUSDm,asym_sellBase_buy_body2.5_wick0.3_atr50_closeOff,momentum,2025-12-29 13:40:00+00:00,2025-12-29 13:45:00+00:00,2025-12-29 14:40:00+00:00,SELL,session_breakout,4429.192821100434,4467.761,4359.770099081215,1.8,0.6482027597180948,0.21624642857142654,0.1940556852797122,0.5697030019921752,44.999999999999766,44.43029699800759,1.7772118799203036,TP,10377.140701982387,7.208214285714218,73.0,42.45223459079032
XAUUSDm,asym_sellBase_buy_body2.5_wick0.3_atr50_closeOff,momentum,2026-01-07 12:15:00+00:00,2026-01-07 12:20:00+00:00,2026-01-07 16:20:00+00:00,SELL,session_breakout,4442.070552852716,4455.798,4417.361147987605,1.8,1.8211689130376065,0.13742785714285674,0.0637332187133598,1.6204521600750283,-25.0,-26.62045216007503,-1.0648180864030012,SL,10350.520249822312,4.580928571428558,75.0,24.219487564866068
XAUUSDm,asym_sellBase_buy_body2.5_wick0.3_atr50_closeOff,momentum,2026-01-30 13:20:00+00:00,2026-01-30 13:25:00+00:00,2026-01-30 17:43:00+00:00,SELL,session_breakout,5025.563016547614,5117.524,4860.033246333319,1.8,0.2718544219673772,0.8836500000000017,0.30115845238548083,0.26874430578483605,45.0,44.731255694215164,1.7892502277686066,TP,10395.251505516526,29.45500000000006,71.0,48.48365673984146
XAUUSDm,asym_sellBase_buy_body2.5_wick0.3_atr50_closeOff,momentum,2026-02-17 13:55:00+00:00,2026-02-17 14:00:00+00:00,2026-02-18 02:00:00+00:00,SELL,session_breakout,4869.918980362515,4924.239,4772.142945015043,1.8,0.46023547426607053,0.3260078571428546,0.1620157089136816,0.4491369409239049,-8.750466110087944,-9.199603051011849,-0.3679841220404739,TIMEOUT,10386.051902465513,10.866928571428486,88.0,20.56358489368482
XAUUSDm,asym_sellBase_buy_body2.5_wick0.3_atr50_closeOff,momentum,2026-02-18 13:05:00+00:00,2026-02-18 13:10:00+00:00,2026-02-19 01:10:00+00:00,BUY,session_breakout,4955.207793221396,4917.985,5022.20882101991,1.8,0.6716314880321639,0.21361500000000172,0.10798572139573194,0.6661144244489704,4.99707714998085,4.330962725531879,0.1732385090212752,TIMEOUT,10390.382865191044,7.120500000000058,100.0,18.559749289996407
XAUUSDm,asym_sellBase_buy_body2.5_wick0.3_atr50_closeOff,momentum,2026-02-19 13:35:00+00:00,2026-02-19 13:40:00+00:00,2026-02-19 14:30:00+00:00,BUY,session_breakout,4994.726133973641,4971.705,5036.164175126194,1.8,1.0859586686140297,0.19561928571427936,0.14932433078363613,1.082313228508343,-25.0,-26.082313228508344,-1.0432925291403337,SL,10364.300551962537,6.520642857142645,99.0,31.84451899181582
XAUUSDm,asym_sellBase_buy_body2.5_wick0.3_atr50_closeOff,momentum,2026-02-24 13:35:00+00:00,2026-02-24 13:40:00+00:00,2026-02-24 14:13:00+00:00,SELL,session_breakout,5138.355855774562,5161.12,5097.380396168774,1.8,1.09821831000629,0.2371114285714267,0.16358851115272796,1.1241072968279329,44.9999999999998,43.87589270317187,1.7550357081268746,TP,10408.176444665709,7.903714285714224,92.0,28.697801795800675
XAUUSDm,asym_sellBase_buy_body2.5_wick0.3_atr50_closeOff,momentum,2026-02-27 13:20:00+00:00,2026-02-27 13:25:00+00:00,2026-03-01 23:01:00+00:00,BUY,session_breakout,5235.010114792786,5182.863,5328.874921419801,1.8,0.47941290902365535,0.19656642857142806,0.16683157850073874,0.5060017297569125,40.554441766985406,40.048440037228495,1.6019376014891398,TIMEOUT,10448.224884702937,6.552214285714269,100.0,21.011152787242228
XAUUSDm,asym_sellBase_buy_body2.5_wick0.3_atr50_closeOff,momentum,2026-03-06 13:30:00+00:00,2026-03-06 13:35:00+00:00,2026-03-08 22:03:00+00:00,BUY,session_breakout,5124.110772531403,5065.362,5229.858563087929,1.8,0.42554080575277875,0.3191828571428576,0.24418110283112504,0.43848000258318365,23.763572012822273,23.32509201023909,0.9330036804095636,TIMEOUT,10471.549976713175,10.639428571428587,100.0,32.269028977247274
XAUUSDm,asym_sellBase_buy_body2.5_wick0.3_atr50_closeOff,momentum,2026-03-11 12:55:00+00:00,2026-03-11 13:00:00+00:00,2026-03-12 01:00:00+00:00,SELL,session_breakout,5166.933092591859,5196.653,5113.437259257205,1.8,0.8411870083132218,0.24058499999999836,0.1406149081416906,0.8687469101739956,5.244878883901829,4.3761319737278335,0.17504527894911334,TIMEOUT,10475.926108686903,8.019499999999946,100.0,33.44240933449603
XAUUSDm,asym_sellBase_buy_body2.5_wick0.3_atr50_closeOff,momentum,2026-03-18 12:05:00+00:00,2026-03-18 12:10:00+00:00,2026-03-18 20:28:00+00:00,SELL,session_breakout,4913.004844857141,4966.259,4817.1473655999935,1.8,0.46944693673075993,0.37023642857142863,0.3220369285735938,0.45677901491231343,45.000000000000085,44.54322098508777,1.781728839403511,TP,10520.46932967199,12.341214285714289,100.0,40.301700145599256
XAUUSDm,asym_sellBase_buy_body2.5_wick0.3_atr50_closeOff,momentum,2026-03-19 12:00:00+00:00,2026-03-19 12:05:00+00:00,2026-03-19 13:02:00+00:00,SELL,session_breakout,4630.102240646505,4695.267,4512.805673810215,1.8,0.3836429421059372,0.40764214285714323,0.16993828206634637,0.35076120917058345,45.000000000000135,44.64923879082955,1.785969551633182,TP,10565.11856846282,13.58807142857144,45.0,62.785720474995564
XAUUSDm,asym_sellBase_buy_body2.5_wick0.3_atr50_closeOff,momentum,2026-03-20 13:30:00+00:00,2026-03-20 13:35:00+00:00,2026-03-20 14:15:00+00:00,SELL,session_breakout,4644.9419792239105,4681.746,4578.694741826949,1.8,0.6792736085031694,0.32604642857143384,0.10299756180295404,0.626537299903056,45.0,44.373462700096944,1.7749385080038778,TP,10609.492031162918,10.868214285714462,70.0,18.014851889985096
XAUUSDm,asym_sellBase_buy_body2.5_wick0.3_atr50_closeOff,momentum,2026-03-30 13:40:00+00:00,2026-03-30 13:45:00+00:00,2026-03-31 00:23:00+00:00,SELL,session_breakout,4544.3031672585685,4578.633,4482.509468323992,1.8,0.7282295893573775,0.28368857142857123,0.10298845571711984,0.6573592058816274,44.99999999999987,44.342640794118246,1.77370563176473,TP,10653.834671957036,9.456285714285709,89.0,42.69311928505708
XAUUSDm,asym_sellBase_buy_body2.5_wick0.3_atr50_closeOff,momentum,2026-04-09 13:35:00+00:00,2026-04-09 13:40:00+00:00,2026-04-10 01:40:00+00:00,BUY,session_breakout,4770.351563224621,4738.562,4827.572777028939,1.8,0.7864216259705509,0.22024499999999989,0.17744072462048052,0.7505337125734001,2.3218601294690258,1.5713264168956256,0.06285305667582503,TIMEOUT,10655.405998373932,7.341499999999996,85.0,19.548493915416145
XAUUSDm,asym_sellBase_buy_body2.5_wick0.3_atr50_closeOff,momentum,2026-04-17 13:05:00+00:00,2026-04-17 13:10:00+00:00,2026-04-19 22:01:00+00:00,BUY,session_breakout,4862.71858350004,4811.482,4954.944433800112,1.8,0.4879326116656558,0.27648857142857586,0.1723392143258882,0.4720357956484586,-25.0,-25.47203579564846,-1.0188814318259383,SL,10629.933962578283,9.216285714285862,100.0,23.682725240557893
XAUUSDm,asym_sellBase_buy_body2.5_wick0.3_atr50_closeOff,momentum,2026-04-20 13:25:00+00:00,2026-04-20 13:30:00+00:00,2026-04-20 14:51:00+00:00,BUY,session_breakout,4824.345859119135,4799.549,4868.980205533578,1.8,1.008192202080484,0.2057849999999988,0.08496661913390033,0.9702735750606372,-25.0,-25.970273575060638,-1.0388109430024255,SL,10603.963689003223,6.859499999999961,99.0,18.41847392036155
XAUUSDm,asym_sellBase_buy_body2.5_wick0.3_atr50_closeOff,momentum,2026-04-29 12:50:00+00:00,2026-04-29 12:55:00+00:00,2026-04-30 00:45:00+00:00,SELL,session_breakout,4544.938470582756,4568.888,4501.8293176317175,1.8,1.0438618464878806,0.17339357142857026,0.11283263152912897,0.9513575728152641,-24.999999999999996,-25.95135757281526,-1.0380543029126106,SL,10578.012331430407,5.7797857142856754,95.0,20.702548664922677
XAUUSDm,asym_sellBase_buy_body2.5_wick0.3_atr50_closeOff,momentum,2026-05-01 13:50:00+00:00,2026-05-01 13:55:00+00:00,2026-05-03 22:03:00+00:00,BUY,session_breakout,4617.001921678034,4586.483,4671.935980698494,1.8,0.8191639358606194,0.22602857142856853,0.09190739231984775,0.7571848392280417,7.685460204774444,6.928275365546402,0.2771310146218561,TIMEOUT,10584.940606795953,7.534285714285618,100.0,38.294848342025965
XAUUSDm,buy_strict_body2.5_wick0.3_atr50_close20,momentum,2025-01-07 13:15:00+00:00,2025-01-07 13:20:00+00:00,2025-01-07 15:00:00+00:00,BUY,session_breakout,2658.0325826536314,2647.585,2676.838231430168,1.8,2.39289803477272,0.06974571428571283,0.058709796488312295,1.2695801886787463,-25.0,-26.269580188678745,-1.0507832075471497,SL,9973.730419811322,2.3248571428570943,100.0,31.649388544774304
XAUUSDm,buy_strict_body2.5_wick0.3_atr50_close20,momentum,2025-01-15 13:55:00+00:00,2025-01-15 14:00:00+00:00,2025-01-15 14:30:00+00:00,BUY,session_breakout,2693.947934681974,2682.127,2715.2256171095273,1.8,2.1148919838059044,0.10109571428571404,0.06138682483164762,1.136981778369876,-25.0,-26.136981778369876,-1.045479271134795,SL,9947.59343803295,3.3698571428571347,100.0,29.527297783745972
XAUUSDm,buy_strict_body2.5_wick0.3_atr50_close20,momentum,2025-01-24 13:40:00+00:00,2025-01-24 13:45:00+00:00,2025-01-24 14:15:00+00:00,BUY,session_breakout,2783.992634532487,2777.85,2795.049376690964,1.8,4.0699149310902545,0.05255785714285528,0.04735560391535518,2.263622638265813,-25.0,-27.26362263826581,-1.0905449055306324,SL,9920.329815394685,1.7519285714285096,50.0,34.62164324979766
XAUUSDm,buy_strict_body2.5_wick0.3_atr50_close20,momentum,2025-02-24 13:55:00+00:00,2025-02-24 14:00:00+00:00,2025-02-24 14:20:00+00:00,BUY,session_breakout,2954.4868171148405,2946.923,2968.101687921554,1.8,3.305209475642698,0.07127785714285698,0.05617818626875944,1.9505395647178811,-25.0,-26.950539564717882,-1.0780215825887154,SL,9893.379275829968,2.375928571428566,88.0,20.21311523242239
XAUUSDm,buy_strict_body2.5_wick0.3_atr50_close20,momentum,2025-04-02 12:25:00+00:00,2025-04-02 12:30:00+00:00,2025-04-02 13:50:00+00:00,BUY,session_breakout,3125.910177536203,3117.046,3141.8656971013684,1.8,2.8203406235824184,0.08566285714285543,0.031346107631591534,1.7607262918750166,-25.0,-26.760726291875017,-1.0704290516750006,SL,9866.618549538092,2.8554285714285146,72.0,23.02494613702874
XAUUSDm,buy_strict_body2.5_wick0.3_atr50_close20,momentum,2025-04-21 13:00:00+00:00,2025-04-21 13:05:00+00:00,2025-04-22 01:05:00+00:00,BUY,session_breakout,3421.3926626884327,3398.008,3463.4850555276116,1.8,1.0690767847750982,0.13261714285714366,0.13035411700428698,0.7327003979063736,11.541044503613167,10.808344105706793,0.4323337642282717,TIMEOUT,9877.426893643798,4.4205714285714555,100.0,28.364920124046165
XAUUSDm,buy_strict_body2.5_wick0.3_atr50_close20,momentum,2025-05-15 12:50:00+00:00,2025-05-15 12:55:00+00:00,2025-05-15 15:05:00+00:00,BUY,session_breakout,3188.675533128435,3177.747,3208.3468927596177,1.8,2.2875897164050687,0.1302021428571457,0.10843205700609898,1.4633762717074115,44.999999999999794,43.53662372829238,1.7414649491316951,TP,9920.96351737209,4.340071428571524,65.0,28.573355861432
XAUUSDm,buy_strict_body2.5_wick0.3_atr50_close20,momentum,2025-05-29 12:55:00+00:00,2025-05-29 13:00:00+00:00,2025-05-30 01:00:00+00:00,BUY,session_breakout,3316.570022740254,3304.421,3338.4382636727114,1.8,2.0577786818330526,0.11555142857142948,0.09824702596806102,1.3641002581993624,-8.53159720928976,-9.895697467489123,-0.3958278986995649,TIMEOUT,9911.067819904601,3.8517142857143165,100.0,37.63242241008216
XAUUSDm,buy_strict_body2.5_wick0.3_atr50_close20,momentum,2025-05-30 12:10:00+00:00,2025-05-30 12:15:00+00:00,2025-05-30 13:40:00+00:00,BUY,session_breakout,3302.9738242003214,3288.365,3329.2697077609,1.8,1.7112944653991855,0.14142642857142912,0.05511098603585881,1.1279721649424785,-25.0,-26.127972164942477,-1.045118886597699,SL,9884.939847739659,4.714214285714304,100.0,26.073140583746437
XAUUSDm,buy_strict_body2.5_wick0.3_atr50_close20,momentum,2025-06-11 12:15:00+00:00,2025-06-11 12:20:00+00:00,2025-06-11 12:35:00+00:00,BUY,session_breakout,3338.107411745496,3327.196,3357.7479528873887,1.8,2.291179233550545,0.09899999999999863,0.06091174549616196,1.534140476230488,44.999999999999794,43.4658595237693,1.738634380950772,TP,9928.405707263428,3.2999999999999545,97.0,30.652943272538636
XAUUSDm,buy_strict_body2.5_wick0.3_atr50_close20,momentum,2025-06-20 13:50:00+00:00,2025-06-20 13:55:00+00:00,2025-06-22 22:05:00+00:00,BUY,session_breakout,3372.06179037462,3348.68,3414.149013048937,1.8,1.0692081144964911,0.11116928571428453,0.06220573176302817,0.7220638028755187,9.766371050967987,9.044307248092467,0.3617722899236987,TIMEOUT,9937.45001451152,3.7056428571428177,98.0,19.55623931036536
XAUUSDm,buy_strict_body2.5_wick0.3_atr50_close20,momentum,2025-07-18 12:00:00+00:00,2025-07-18 12:05:00+00:00,2025-07-18 14:15:00+00:00,BUY,session_breakout,3358.314316033135,3351.982,3369.7124848927783,1.8,3.948002574284403,0.058890000000000914,0.05587103313530677,2.6492267129909965,-25.0,-27.649226712990995,-1.1059690685196397,SL,9909.80078779853,1.9630000000000305,82.0,31.83987434693921
XAUUSDm,buy_strict_body2.5_wick0.3_atr50_close20,momentum,2025-07-21 12:20:00+00:00,2025-07-21 12:25:00+00:00,2025-07-21 14:25:00+00:00,BUY,session_breakout,3380.9825381994037,3371.579,3397.90890695833,1.8,2.658573769773774,0.06679285714285828,0.05014177083222946,1.8022182984240187,45.0,43.197781701575984,1.7279112680630393,TP,9952.998569500105,2.226428571428609,94.0,27.99741884698307
XAUUSDm,buy_strict_body2.5_wick0.3_atr50_close20,momentum,2025-07-22 12:55:00+00:00,2025-07-22 13:00:00+00:00,2025-07-22 16:50:00+00:00,BUY,session_breakout,3407.6283165068717,3393.754,3432.602086219241,1.8,1.8018905643112462,0.08744357142857,0.0765947211576843,1.2325346620387099,45.0,43.76746533796129,1.7506986135184517,TP,9996.766034838067,2.914785714285667,100.0,24.906157185601465
XAUUSDm,buy_strict_body2.5_wick0.3_atr50_close20,momentum,2025-08-01 12:30:00+00:00,2025-08-01 12:35:00+00:00,2025-08-03 22:05:00+00:00,BUY,session_breakout,3328.1244563959494,3296.811,3384.4886779086582,1.8,0.7983788082632105,0.12649285714285852,0.077209967378024,0.5342372119340334,28.16404484224694,27.629807630312907,1.1051923052125163,TIMEOUT,10024.39584246838,4.216428571428618,100.0,27.262211762494214
XAUUSDm,buy_strict_body2.5_wick0.3_atr50_close20,momentum,2025-08-04 13:00:00+00:00,2025-08-04 13:05:00+00:00,2025-08-05 01:05:00+00:00,BUY,session_breakout,3372.3428967901377,3361.037,3392.693511012386,1.8,2.2112354697778045,0.08956285714285676,0.041115361566431766,1.4934635487477648,20.547028206484125,19.05356465773636,0.7621425863094544,TIMEOUT,10043.449407126116,2.985428571428559,100.0,18.452596237814085
XAUUSDm,buy_strict_body2.5_wick0.3_atr50_close20,momentum,2025-08-05 12:25:00+00:00,2025-08-05 12:30:00+00:00,2025-08-05 14:00:00+00:00,BUY,session_breakout,3360.915518680889,3349.903,3380.7380523064894,1.8,2.27014370866716,0.08291357142857188,0.057061895174577285,1.5304522440190491,45.000000000000206,43.469547755981154,1.738781910239246,TP,10086.918954882098,2.763785714285729,100.0,39.83255098002978
XAUUSDm,buy_strict_body2.5_wick0.3_atr50_close20,momentum,2025-08-06 12:50:00+00:00,2025-08-06 12:55:00+00:00,2025-08-07 00:55:00+00:00,BUY,session_breakout,3368.557001010891,3360.141,3383.705802830494,1.8,2.970531962585145,0.07221857142856997,0.024891725176405297,2.002403811586935,11.22563728372498,9.223233472138045,0.36892933888552176,TIMEOUT,10096.142188354235,2.4072857142856656,95.0,26.669520520968696
XAUUSDm,buy_strict_body2.5_wick0.3_atr50_close20,momentum,2025-08-20 12:00:00+00:00,2025-08-20 12:05:00+00:00,2025-08-20 13:40:00+00:00,BUY,session_breakout,3334.608596707676,3328.646,3345.3412707814928,1.8,4.192804112982627,0.05190642857142652,0.045643493390191234,2.8007721278926336,45.00000000000077,42.19922787210813,1.6879691148843252,TP,10138.341416226343,1.7302142857142175,98.0,33.17162831817436
XAUUSDm,buy_strict_body2.5_wick0.3_atr50_close20,momentum,2025-08-28 12:05:00+00:00,2025-08-28 12:10:00+00:00,2025-08-28 12:30:00+00:00,BUY,session_breakout,3408.118446045362,3401.401,3420.209848927014,1.8,3.72165251960018,0.06637285714285845,0.04925961679046837,2.5342665203641146,-25.0,-27.534266520364113,-1.1013706608145646,SL,10110.80714970598,2.212428571428615,100.0,28.685871396469178
XAUUSDm,buy_strict_body2.5_wick0.3_atr50_close20,momentum,2025-08-29 13:30:00+00:00,2025-08-29 13:35:00+00:00,2025-08-29 14:10:00+00:00,BUY,session_breakout,3421.049690325572,3413.653,3434.3637329116023,1.8,3.3798900453583154,0.08168142857142845,0.06784961128628988,2.31705435860151,45.0,42.68294564139849,1.7073178256559396,TP,10153.490095347377,2.7227142857142814,100.0,20.979330941647344
XAUUSDm,buy_strict_body2.5_wick0.3_atr50_close20,momentum,2025-09-04 13:35:00+00:00,2025-09-04 13:40:00+00:00,2025-09-04 14:00:00+00:00,BUY,session_breakout,3558.04575400537,3539.71,3591.0501112150355,1.8,1.363456337420237,0.13142357142856975,0.07204221965562994,0.9677480064259575,-25.0,-25.967748006425957,-1.0387099202570382,SL,10127.522347340951,4.3807857142856585,99.0,19.552379694708875
XAUUSDm,buy_strict_body2.5_wick0.3_atr50_close20,momentum,2025-10-22 13:00:00+00:00,2025-10-22 13:05:00+00:00,2025-10-22 14:45:00+00:00,BUY,session_breakout,4066.751573620384,4023.09,4145.342406137075,1.8,0.5725858673203764,0.39714642857142374,0.3890004060982679,0.4632128953915866,-25.000000000000004,-25.46321289539159,-1.0185285158156634,SL,10102.05913444556,13.238214285714125,64.0,38.975027111375816
XAUUSDm,buy_strict_body2.5_wick0.3_atr50_close20,momentum,2025-10-24 12:30:00+00:00,2025-10-24 12:35:00+00:00,2025-10-26 22:05:00+00:00,BUY,session_breakout,4089.972065084092,4058.775,4146.126782235457,1.8,0.8013574332268909,0.19440642857142945,0.179861869806,0.6554449948286076,-0.6090838048732024,-1.26452879970181,-0.0505811519880724,TIMEOUT,10100.794605645859,6.4802142857143155,74.0,42.41032507024094
XAUUSDm,buy_strict_body2.5_wick0.3_atr50_close20,momentum,2025-11-10 13:00:00+00:00,2025-11-10 13:05:00+00:00,2025-11-10 13:50:00+00:00,BUY,session_breakout,4105.165657956028,4092.184,4128.532642276877,1.8,1.925794076895423,0.11574214285713975,0.09778688459830788,1.5786407417532442,-25.0,-26.578640741753244,-1.0631456296701298,SL,10074.215964904106,3.8580714285713253,82.0,50.15628024988935
XAUUSDm,buy_strict_body2.5_wick0.3_atr50_close20,momentum,2025-11-18 13:35:00+00:00,2025-11-18 13:40:00+00:00,2025-11-19 01:40:00+00:00,BUY,session_breakout,4066.1763533000726,4029.089,4132.933589240203,1.8,0.6740842302152367,0.20224714285714396,0.08822972864386994,0.5481357949371478,-0.5327646958775364,-1.0809004908146842,-0.043236019632587365,TIMEOUT,10073.13506441329,6.741571428571466,98.0,23.99220544731655
XAUUSDm,buy_strict_body2.5_wick0.3_atr50_close20,momentum,2025-12-03 13:50:00+00:00,2025-12-03 13:55:00+00:00,2025-12-03 14:50:00+00:00,BUY,session_breakout,4236.192266148027,4211.353,4280.902945214474,1.8,1.0064709581601785,0.14135571428571309,0.08858829088349983,0.8502208978121486,-25.0,-25.85022089781215,-1.034008835912486,SL,10047.28484351548,4.711857142857103,100.0,27.83795219721161
XAUUSDm,buy_strict_body2.5_wick0.3_atr50_close20,momentum,2025-12-16 13:20:00+00:00,2025-12-16 13:25:00+00:00,2025-12-16 14:15:00+00:00,BUY,session_breakout,4300.986524310455,4289.067,4322.441668069274,1.8,2.0973991368155236,0.10657071428571661,0.03523895331155943,1.8086770847087894,44.99999999999962,43.19132291529083,1.727652916611633,TP,10090.47616643077,3.5523571428572205,63.0,29.460394202997385
XAUUSDm,buy_strict_body2.5_wick0.3_atr50_close20,momentum,2026-02-19 13:35:00+00:00,2026-02-19 13:40:00+00:00,2026-02-19 14:30:00+00:00,BUY,session_breakout,4994.656622828734,4971.705,5035.969543920455,1.8,1.08924759641404,0.19561928571427936,0.07981318587631468,1.085583544265933,-25.0,-26.085583544265933,-1.0434233417706373,SL,10064.390582886504,6.520642857142645,99.0,31.84451899181582
XAUUSDm,buy_strict_body2.5_wick0.3_atr50_close20,momentum,2026-02-27 13:20:00+00:00,2026-02-27 13:25:00+00:00,2026-03-01 23:01:00+00:00,BUY,session_breakout,5234.996238288151,5182.863,5328.836067206823,1.8,0.47954051620234905,0.19656642857142806,0.1529550738662536,0.5061357487497103,40.571890644992806,40.06575489624309,1.6026301958497238,TIMEOUT,10104.456337782747,6.552214285714269,100.0,21.011152787242228
XAUUSDm,buy_strict_body2.5_wick0.3_atr50_close20,momentum,2026-03-06 13:30:00+00:00,2026-03-06 13:35:00+00:00,2026-03-08 22:03:00+00:00,BUY,session_breakout,5124.1287470046855,5065.362,5229.9088916131195,1.8,0.4254106492912869,0.3191828571428576,0.2621555761130293,0.4383466531754411,23.748657123586998,23.310310470411558,0.9324124188164623,TIMEOUT,10127.766648253159,10.639428571428587,100.0,32.269028977247274
XAUUSDm,buy_strict_body2.5_wick0.3_atr50_close20,momentum,2026-04-09 13:35:00+00:00,2026-04-09 13:40:00+00:00,2026-04-10 01:40:00+00:00,BUY,session_breakout,4770.389358426714,4738.562,4827.678603594801,1.8,0.785487745002932,0.22024499999999989,0.21523592671398067,0.7496454175110059,2.2894152368920095,1.5397698193810037,0.06159079277524015,TIMEOUT,10129.30641807254,7.341499999999996,85.0,19.548493915416145
XAUUSDm,buy_strict_body2.5_wick0.3_atr50_close20,momentum,2026-04-17 13:05:00+00:00,2026-04-17 13:10:00+00:00,2026-04-19 22:01:00+00:00,BUY,session_breakout,4862.692251748607,4811.482,4954.8707048961005,1.8,0.4881835012787235,0.27648857142857586,0.14600746289334798,0.47227722581991105,-25.0,-25.472277225819912,-1.0188910890327965,SL,10103.83414084672,9.216285714285862,100.0,23.682725240557893
XAUUSDm,buy_strict_body2.5_wick0.3_atr50_close20,momentum,2026-04-20 13:25:00+00:00,2026-04-20 13:30:00+00:00,2026-04-20 14:51:00+00:00,BUY,session_breakout,4824.375992535425,4799.549,4869.06457909919,1.8,1.0069685228417378,0.2057849999999988,0.11510003542446917,0.9690989533673079,-24.999999999999996,-25.969098953367304,-1.0387639581346924,SL,10077.865041893354,6.859499999999961,99.0,18.41847392036155
XAUUSDm,buy_strict_body2.5_wick0.3_atr50_close20,momentum,2026-05-01 13:50:00+00:00,2026-05-01 13:55:00+00:00,2026-05-03 22:03:00+00:00,BUY,session_breakout,4617.052115977603,4586.483,4672.076524737287,1.8,0.8178188737390096,0.22602857142856853,0.14210169188862792,0.7559456513847288,7.631790881060092,6.875845229675363,0.27503380918701453,TIMEOUT,10084.74088712303,7.534285714285618,100.0,38.294848342025965
XAUUSDm,asym_sellBase_buy_body2.5_wick0.3_atr50_close20,momentum,2025-01-03 13:15:00+00:00,2025-01-03 13:20:00+00:00,2025-01-03 16:50:00+00:00,SELL,session_breakout,2652.005430036269,2658.656,2640.0344041015533,1.8,3.7590763102016957,0.04961357142857001,0.04176317801689456,1.98931815731512,45.0,43.01068184268488,1.7204272737073953,TP,10043.010681842685,1.653785714285667,73.0,20.836599199556407
XAUUSDm,asym_sellBase_buy_body2.5_wick0.3_atr50_close20,momentum,2025-01-06 13:30:00+00:00,2025-01-06 13:35:00+00:00,2025-01-06 14:15:00+00:00,SELL,session_breakout,2638.225875719044,2648.848,2619.106052013323,1.8,2.353578186316398,0.09765428571428304,0.05929713809885488,1.2373541743335637,45.00000000000021,43.76264582566665,1.750505833026666,TP,10086.773327668352,3.255142857142768,99.0,33.51748168707531
XAUUSDm,asym_sellBase_buy_body2.5_wick0.3_atr50_close20,momentum,2025-01-07 13:15:00+00:00,2025-01-07 13:20:00+00:00,2025-01-07 15:00:00+00:00,BUY,session_breakout,2658.0367150390744,2647.585,2676.8498021094083,1.8,2.3919519338726816,0.06974571428571283,0.06284218193162648,1.2690792121684609,-25.0,-26.26907921216846,-1.0507631684867385,SL,10060.504248456184,2.3248571428570943,100.0,31.649388544774304
XAUUSDm,asym_sellBase_buy_body2.5_wick0.3_atr50_close20,momentum,2025-01-13 12:00:00+00:00,2025-01-13 12:05:00+00:00,2025-01-13 17:35:00+00:00,SELL,session_breakout,2673.064954967965,2680.55,2659.591873910302,1.8,3.3399932656387783,0.06136285714285707,0.048363603463073,1.7811037896416055,44.999999999999694,43.21889621035809,1.7287558484143235,TP,10103.723144666541,2.045428571428569,66.0,19.272499199964653
XAUUSDm,asym_sellBase_buy_body2.5_wick0.3_atr50_close20,momentum,2025-01-15 13:55:00+00:00,2025-01-15 14:00:00+00:00,2025-01-15 14:30:00+00:00,BUY,session_breakout,2693.9235412198063,2682.127,2715.157315415458,1.8,2.119265260398956,0.10109571428571404,0.03699336266367949,1.1393277150156143,-25.0,-26.139327715015614,-1.0455731086006246,SL,10077.583816951525,3.3698571428571347,100.0,29.527297783745972
XAUUSDm,asym_sellBase_buy_body2.5_wick0.3_atr50_close20,momentum,2025-01-23 13:10:00+00:00,2025-01-23 13:15:00+00:00,2025-01-23 14:30:00+00:00,SELL,session_breakout,2740.6472082537293,2746.514,2730.086983110442,1.8,4.261272784378476,0.08819785714285834,0.08669281769938418,2.338229072022893,-25.0,-27.338229072022894,-1.0935291628809158,SL,10050.2455878795,2.9399285714286116,100.0,21.034694030739566
XAUUSDm,asym_sellBase_buy_body2.5_wick0.3_atr50_close20,momentum,2025-01-24 13:40:00+00:00,2025-01-24 13:45:00+00:00,2025-01-24 14:15:00+00:00,BUY,session_breakout,2783.9890489959203,2777.85,2795.039337188577,1.8,4.0722919814801175,0.05255785714285528,0.04377006734893167,2.264943256150909,-25.0,-27.264943256150907,-1.0905977302460363,SL,10022.98064462335,1.7519285714285096,50.0,34.62164324979766
XAUUSDm,asym_sellBase_buy_body2.5_wick0.3_atr50_close20,momentum,2025-02-11 12:45:00+00:00,2025-02-11 12:50:00+00:00,2025-02-11 13:15:00+00:00,SELL,session_breakout,2896.6837180655875,2904.236,2883.0896105836455,1.8,3.310257776008898,0.08019428571428665,0.06818479155531358,1.9132539604729955,44.9999999999994,43.08674603952641,1.7234698415810563,TP,10066.067390662876,2.673142857142888,57.99999999999999,33.99080280425428
XAUUSDm,asym_sellBase_buy_body2.5_wick0.3_atr50_close20,momentum,2025-02-12 13:15:00+00:00,2025-02-12 13:20:00+00:00,2025-02-12 14:00:00+00:00,SELL,session_breakout,2874.182878001341,2885.902,2853.088458403755,1.8,2.133265615193773,0.08443714285714382,0.03290342723006404,1.228779101083788,-25.0,-26.228779101083788,-1.0491511640433515,SL,10039.838611561792,2.814571428571461,97.0,21.687231563201554
XAUUSDm,asym_sellBase_buy_body2.5_wick0.3_atr50_close20,momentum,2025-02-13 13:00:00+00:00,2025-02-13 13:05:00+00:00,2025-02-13 18:50:00+00:00,SELL,session_breakout,2913.9860818039565,2921.369,2900.696829051078,1.8,3.3861949077800944,0.06448499999999967,0.03967569604363675,1.9759649663093253,-25.0,-26.975964966309327,-1.0790385986523732,SL,10012.862646595482,2.149499999999989,60.0,18.43714716473585
XAUUSDm,asym_sellBase_buy_body2.5_wick0.3_atr50_close20,momentum,2025-02-14 13:40:00+00:00,2025-02-14 13:45:00+00:00,2025-02-14 16:45:00+00:00,SELL,session_breakout,2917.8605790217816,2933.321,2890.0318212609886,1.8,1.6170322939602837,0.10798928571428665,0.06042633536108763,0.9391549571103746,45.00000000000015,44.060845042889774,1.762433801715591,TP,10056.923491638372,3.5996428571428885,100.0,18.863435153374482
XAUUSDm,asym_sellBase_buy_body2.5_wick0.3_atr50_close20,momentum,2025-02-24 13:55:00+00:00,2025-02-24 14:00:00+00:00,2025-02-24 14:20:00+00:00,BUY,session_breakout,2954.4982627614504,2946.923,2968.1337357320617,1.8,3.3002155551911976,0.07127785714285698,0.06762383287896355,1.9475962249101417,-25.0,-26.947596224910143,-1.0779038489964057,SL,10029.975895413461,2.375928571428566,88.0,20.21311523242239
XAUUSDm,asym_sellBase_buy_body2.5_wick0.3_atr50_close20,momentum,2025-02-28 12:50:00+00:00,2025-02-28 12:55:00+00:00,2025-02-28 14:40:00+00:00,SELL,session_breakout,2855.017046716564,2864.502,2837.9441308063792,1.8,2.6357536250240368,0.06792428571428445,0.05099114057876012,1.5005243060777207,45.0,43.49947569392228,1.7399790277568912,TP,10073.475371107384,2.264142857142815,71.0,21.169540131150995
XAUUSDm,asym_sellBase_buy_body2.5_wick0.3_atr50_close20,momentum,2025-03-03 13:05:00+00:00,2025-03-03 13:10:00+00:00,2025-03-03 14:30:00+00:00,SELL,session_breakout,2871.0352858141014,2877.716,2859.010000279484,1.8,3.7421148853769775,0.057207857142854465,0.05011025732709182,2.151248775897499,-25.0,-27.1512487758975,-1.0860499510359,SL,10046.324122331487,1.9069285714284823,70.0,19.71262015212677
XAUUSDm,asym_sellBase_buy_body2.5_wick0.3_atr50_close20,momentum,2025-03-05 13:30:00+00:00,2025-03-05 13:35:00+00:00,2025-03-05 15:05:00+00:00,SELL,session_breakout,2908.6748671978803,2917.269,2893.2054281540654,1.8,2.908961331599918,0.08657571428571535,0.05284494497724768,1.6947445429750323,-25.0,-26.694744542975034,-1.0677897817190014,SL,10019.629377788513,2.8858571428571786,100.0,18.538773727042578
XAUUSDm,asym_sellBase_buy_body2.5_wick0.3_atr50_close20,momentum,2025-03-21 13:45:00+00:00,2025-03-21 13:50:00+00:00,2025-03-23 22:05:00+00:00,SELL,session_breakout,3010.6974627259074,3036.851,2963.6210956325403,1.8,0.9558936421485358,0.11942571428571715,0.05482441694947938,0.576841900914075,-12.605883035902185,-13.18272493681626,-0.5273089974726504,TIMEOUT,10006.446652851697,3.9808571428572384,100.0,18.011965333720443
XAUUSDm,asym_sellBase_buy_body2.5_wick0.3_atr50_close20,momentum,2025-03-26 13:00:00+00:00,2025-03-26 13:05:00+00:00,2025-03-26 14:00:00+00:00,SELL,session_breakout,3024.7903770359717,3029.994,3015.4238557007207,1.8,4.804345005935233,0.06616928571428649,0.04553832117167919,2.9019273083827444,44.999999999999126,42.09807269161638,1.683922907664655,TP,10048.544725543314,2.205642857142883,100.0,19.750277906197685
XAUUSDm,asym_sellBase_buy_body2.5_wick0.3_atr50_close20,momentum,2025-04-02 12:25:00+00:00,2025-04-02 12:30:00+00:00,2025-04-02 13:50:00+00:00,BUY,session_breakout,3125.908357023659,3117.046,3141.8605996662454,1.8,2.8209199802331963,0.08566285714285543,0.02952559508788732,1.7610874681411928,-25.0,-26.76108746814119,-1.0704434987256477,SL,10021.783638075172,2.8554285714285146,72.0,23.02494613702874
XAUUSDm,asym_sellBase_buy_body2.5_wick0.3_atr50_close20,momentum,2025-04-03 12:20:00+00:00,2025-04-03 12:25:00+00:00,2025-04-03 14:00:00+00:00,SELL,session_breakout,3080.657154197271,3097.309,3050.683831752359,1.8,1.5013350649633614,0.14053499999999824,0.1235783027291827,0.9275197217453209,-25.0,-25.92751972174532,-1.0371007888698127,SL,9995.856118353428,4.684499999999941,68.0,45.51265925747012
XAUUSDm,asym_sellBase_buy_body2.5_wick0.3_atr50_close20,momentum,2025-04-21 13:00:00+00:00,2025-04-21 13:05:00+00:00,2025-04-22 01:05:00+00:00,BUY,session_breakout,3421.360732383785,3398.008,3463.3956506745985,1.8,1.070538538666188,0.13261714285714366,0.09842381235644297,0.7336988044643644,11.59100725161062,10.857308447146256,0.43429233788585025,TIMEOUT,10006.713426800574,4.4205714285714555,100.0,28.364920124046165
XAUUSDm,asym_sellBase_buy_body2.5_wick0.3_atr50_close20,momentum,2025-04-23 13:25:00+00:00,2025-04-23 13:30:00+00:00,2025-04-23 14:00:00+00:00,SELL,session_breakout,3299.621611500795,3320.54,3261.9685122022265,1.8,1.1951207427355257,0.2031985714285695,0.16878921349057333,0.7841892462166046,44.99999999999978,44.215810753783174,1.768632430151327,TP,10050.929237554357,6.773285714285651,78.0,22.560104668224394
XAUUSDm,asym_sellBase_buy_body2.5_wick0.3_atr50_close20,momentum,2025-04-25 13:20:00+00:00,2025-04-25 13:25:00+00:00,2025-04-25 19:30:00+00:00,SELL,session_breakout,3270.415729962514,3298.252,3220.310443895039,1.8,0.8981088330560637,0.20633142857142858,0.11310432320036173,0.5899378509689657,-25.0,-25.589937850968965,-1.0235975140387585,SL,10025.339299703388,6.877714285714286,89.0,31.5080885248663
XAUUSDm,asym_sellBase_buy_body2.5_wick0.3_atr50_close20,momentum,2025-04-30 12:00:00+00:00,2025-04-30 12:05:00+00:00,2025-04-30 12:15:00+00:00,SELL,session_breakout,3267.557260289804,3281.671,3242.152528811452,1.8,1.7713235834964554,0.11945999999999815,0.11700971019594877,1.1600802471152794,-25.0,-26.16008024711528,-1.0464032098846112,SL,9999.179219456273,3.9819999999999385,85.0,43.24131785778276
XAUUSDm,asym_sellBase_buy_body2.5_wick0.3_atr50_close20,momentum,2025-05-02 13:00:00+00:00,2025-05-02 13:05:00+00:00,2025-05-02 14:55:00+00:00,SELL,session_breakout,3243.9565422096316,3263.926,3208.0115181869687,1.8,1.2519118076434708,0.15889714285714296,0.14700921893956836,0.8147294997349046,-24.999999999999996,-25.814729499734902,-1.0325891799893963,SL,9973.364489956539,5.296571428571432,100.0,20.422343309001352
XAUUSDm,asym_sellBase_buy_body2.5_wick0.3_atr50_close20,momentum,2025-05-14 12:50:00+00:00,2025-05-14 12:55:00+00:00,2025-05-15 00:55:00+00:00,SELL,session_breakout,3186.1560070002006,3221.493,3122.5494196005616,1.8,0.7074738928731699,0.21265500000000104,0.17966549979915544,0.45094272785437584,-1.1828913964247607,-1.6338341242791365,-0.06535336497116546,TIMEOUT,9971.73065583226,7.088500000000034,100.0,20.548243138493692
XAUUSDm,asym_sellBase_buy_body2.5_wick0.3_atr50_close20,momentum,2025-05-15 12:50:00+00:00,2025-05-15 12:55:00+00:00,2025-05-15 15:05:00+00:00,BUY,session_breakout,3188.6239013780773,3177.747,3208.2023238586166,1.8,2.298448715402326,0.1302021428571457,0.0568003066488342,1.470277702004719,44.99999999999958,43.52972229799486,1.7411888919197946,TP,10015.260378130255,4.340071428571524,65.0,28.573355861432
XAUUSDm,asym_sellBase_buy_body2.5_wick0.3_atr50_close20,momentum,2025-05-28 13:35:00+00:00,2025-05-28 13:40:00+00:00,2025-05-28 20:50:00+00:00,SELL,session_breakout,3303.687758470749,3316.438,3280.7373237180973,1.8,1.9607471703689727,0.11382000000000095,0.07133152925094831,1.2910392848408272,44.999999999999645,43.70896071515882,1.7483584286063527,TP,10058.969338845414,3.7940000000000316,98.0,19.47008735358178
XAUUSDm,asym_sellBase_buy_body2.5_wick0.3_atr50_close20,momentum,2025-05-29 12:55:00+00:00,2025-05-29 13:00:00+00:00,2025-05-30 01:00:00+00:00,BUY,session_breakout,3316.509984254257,3304.421,3338.270155911919,1.8,2.067998392106154,0.11555142857142948,0.038208539970894656,1.3708624820815645,-8.449808867974125,-9.82067135005569,-0.3928268540022276,TIMEOUT,10049.14866749536,3.8517142857143165,100.0,37.63242241008216
XAUUSDm,asym_sellBase_buy_body2.5_wick0.3_atr50_close20,momentum,2025-05-30 12:10:00+00:00,2025-05-30 12:15:00+00:00,2025-05-30 13:40:00+00:00,BUY,session_breakout,3302.9764155711373,3288.365,3329.276963599185,1.8,1.7109909630784477,0.14142642857142912,0.057702356851877926,1.127772559660692,-25.0,-26.12777255966069,-1.0451109023864276,SL,10023.020894935698,4.714214285714304,100.0,26.073140583746437
XAUUSDm,asym_sellBase_buy_body2.5_wick0.3_atr50_close20,momentum,2025-06-03 13:45:00+00:00,2025-06-03 13:50:00+00:00,2025-06-04 01:20:00+00:00,SELL,session_breakout,3343.7858902989415,3363.095,3309.0294928370363,1.8,1.2947256702689793,0.12839785714285493,0.09991077248685738,0.8683570856106506,-25.0,-25.86835708561065,-1.034734283424426,SL,9997.152537850088,4.279928571428497,100.0,26.21077909916798
XAUUSDm,asym_sellBase_buy_body2.5_wick0.3_atr50_close20,momentum,2025-06-11 12:15:00+00:00,2025-06-11 12:20:00+00:00,2025-06-11 12:35:00+00:00,BUY,session_breakout,3338.1278120174043,3327.196,3357.805073648732,1.8,2.286903576479171,0.09899999999999863,0.0813120174044106,1.5312952864094385,45.0,43.46870471359056,1.7387481885436225,TP,10040.621242563679,3.2999999999999545,97.0,30.652943272538636
XAUUSDm,asym_sellBase_buy_body2.5_wick0.3_atr50_close20,momentum,2025-06-16 13:50:00+00:00,2025-06-16 13:55:00+00:00,2025-06-17 01:55:00+00:00,SELL,session_breakout,3389.674473613189,3417.401,3339.76672611693,1.8,0.9016636145194253,0.17297357142857242,0.1690396010963052,0.6116312028217114,-3.6197523725153964,-4.231383575337108,-0.16925534301348433,TIMEOUT,10036.389858988341,5.765785714285747,100.0,35.415918947083775
XAUUSDm,asym_sellBase_buy_body2.5_wick0.3_atr50_close20,momentum,2025-06-20 13:50:00+00:00,2025-06-20 13:55:00+00:00,2025-06-22 22:05:00+00:00,BUY,session_breakout,3372.0582906692034,3348.68,3414.1392138737697,1.8,1.0693681738217375,0.11116928571428453,0.058706026346558866,0.7221715208166739,9.771575539987701,9.049404019171027,0.3619761607668411,TIMEOUT,10045.439263007513,3.7056428571428177,98.0,19.55623931036536
XAUUSDm,asym_sellBase_buy_body2.5_wick0.3_atr50_close20,momentum,2025-06-24 12:30:00+00:00,2025-06-24 12:35:00+00:00,2025-06-24 19:30:00+00:00,SELL,session_breakout,3307.6754696118574,3321.86,3282.1433149132004,1.8,1.7624834461138144,0.12322071428571267,0.06892003099989798,1.168444652061527,-25.0,-26.168444652061527,-1.0467377860824612,SL,10019.270818355451,4.107357142857089,82.0,38.064296195118644
XAUUSDm,asym_sellBase_buy_body2.5_wick0.3_atr50_close20,momentum,2025-06-26 13:05:00+00:00,2025-06-26 13:10:00+00:00,2025-06-27 01:10:00+00:00,SELL,session_breakout,3317.8243468519036,3344.056,3270.60737118533,1.8,0.9530470633649004,0.15296785714285566,0.09616921952474153,0.6322866223295319,1.2192777602317448,0.5869911379022129,0.023479645516088516,TIMEOUT,10019.857809493353,5.098928571428522,100.0,18.53667304092629
XAUUSDm,asym_sellBase_buy_body2.5_wick0.3_atr50_close20,momentum,2025-06-27 12:05:00+00:00,2025-06-27 12:10:00+00:00,2025-06-29 22:05:00+00:00,SELL,session_breakout,3273.980359377193,3285.344,3253.5258062561406,1.8,2.199999175424874,0.1014771428571443,0.04390205137833663,1.4398933793808417,6.574388165697493,5.134494786316651,0.20537979145266608,TIMEOUT,10024.992304279669,3.382571428571477,74.0,43.632735004813654
XAUUSDm,asym_sellBase_buy_body2.5_wick0.3_atr50_close20,momentum,2025-07-08 13:45:00+00:00,2025-07-08 13:50:00+00:00,2025-07-08 14:40:00+00:00,SELL,session_breakout,3316.0258509975165,3326.914,3296.4271827930456,1.8,2.2960743827345866,0.10118357142857348,0.03955721676922568,1.5182684017922112,45.00000000000042,43.481731598208206,1.7392692639283283,TP,10068.474035877878,3.372785714285783,100.0,18.147393845146915
XAUUSDm,asym_sellBase_buy_body2.5_wick0.3_atr50_close20,momentum,2025-07-14 12:35:00+00:00,2025-07-14 12:40:00+00:00,2025-07-15 00:40:00+00:00,SELL,session_breakout,3351.450766211723,3368.025,3321.617145392824,1.8,1.508365353074871,0.09729428571428668,0.06158664541982977,1.010368239608988,6.742040490107389,5.7316722504984,0.22926689001993603,TIMEOUT,10074.205708128377,3.2431428571428893,100.0,21.65202251038262
XAUUSDm,asym_sellBase_buy_body2.5_wick0.3_atr50_close20,momentum,2025-07-15 12:05:00+00:00,2025-07-15 12:10:00+00:00,2025-07-15 12:30:00+00:00,SELL,session_breakout,3352.7341642789515,3359.335,3340.8526599810643,1.8,3.7873992107212935,0.0592757142857129,0.027197863905881983,2.5421285455096836,-25.0,-27.542128545509684,-1.1016851418203872,SL,10046.663579582866,1.9758571428570966,59.0,20.971755145144762
XAUUSDm,asym_sellBase_buy_body2.5_wick0.3_atr50_close20,momentum,2025-07-15 12:35:00+00:00,2025-07-15 12:40:00+00:00,2025-07-15 15:35:00+00:00,SELL,session_breakout,3347.9395861568064,3360.387,3325.534241239058,1.8,2.0084493305145443,0.10199142857143151,0.07841812890779397,1.3403334040839556,44.99999999999964,43.65966659591568,1.746386663836627,TP,10090.323246178781,3.3997142857143836,100.0,24.614335357064114
XAUUSDm,asym_sellBase_buy_body2.5_wick0.3_atr50_close20,momentum,2025-07-18 12:00:00+00:00,2025-07-18 12:05:00+00:00,2025-07-18 14:15:00+00:00,BUY,session_breakout,3358.294132713552,3351.982,3369.655971597945,1.8,3.9606264846628316,0.058890000000000914,0.035687713551674646,2.6576897370626176,-25.0,-27.65768973706262,-1.1063075894825047,SL,10062.665556441718,1.9630000000000305,82.0,31.83987434693921
XAUUSDm,asym_sellBase_buy_body2.5_wick0.3_atr50_close20,momentum,2025-07-21 12:20:00+00:00,2025-07-21 12:25:00+00:00,2025-07-21 14:25:00+00:00,BUY,session_breakout,3380.9913661547707,3371.579,3397.933625233358,1.8,2.6560802659944365,0.06679285714285828,0.058969726199542334,1.8005368894282514,45.00000000000024,43.19946311057199,1.7279785244228796,TP,10105.86501955229,2.226428571428609,94.0,27.99741884698307
XAUUSDm,asym_sellBase_buy_body2.5_wick0.3_atr50_close20,momentum,2025-07-22 12:55:00+00:00,2025-07-22 13:00:00+00:00,2025-07-22 16:50:00+00:00,BUY,session_breakout,3407.620818434169,3393.754,3432.5810916156734,1.8,1.802864883439863,0.08744357142857,0.06909664845467896,1.233195981926714,45.0,43.76680401807329,1.7506721607229314,TP,10149.631823570362,2.914785714285667,100.0,24.906157185601465
XAUUSDm,asym_sellBase_buy_body2.5_wick0.3_atr50_close20,momentum,2025-07-24 12:45:00+00:00,2025-07-24 12:50:00+00:00,2025-07-24 13:40:00+00:00,SELL,session_breakout,3354.226459726541,3365.506,3333.9232872343155,1.8,2.216402388209584,0.0947721428571445,0.049154202029748996,1.489363107186737,-25.0,-26.489363107186737,-1.0595745242874695,SL,10123.142460463176,3.1590714285714836,92.0,50.569753258342374
XAUUSDm,asym_sellBase_buy_body2.5_wick0.3_atr50_close20,momentum,2025-07-28 13:30:00+00:00,2025-07-28 13:35:00+00:00,2025-07-28 13:50:00+00:00,SELL,session_breakout,3324.233392640569,3330.639,3312.703299393593,1.8,3.9028305353733654,0.08868000000000101,0.07826735943140939,2.5902839183010826,44.999999999999645,42.40971608169856,1.6963886432679425,TP,10165.552176544874,2.9560000000000337,99.0,24.688991825086365
XAUUSDm,asym_sellBase_buy_body2.5_wick0.3_atr50_close20,momentum,2025-08-01 12:30:00+00:00,2025-08-01 12:35:00+00:00,2025-08-03 22:05:00+00:00,BUY,session_breakout,3328.1564521457485,3296.811,3384.5782660080954,1.8,0.7975638661633071,0.12649285714285852,0.10920571717741265,0.5336944432187253,28.109777847814374,27.57608340459565,1.103043336183826,TIMEOUT,10193.12825994947,4.216428571428618,100.0,27.262211762494214
XAUUSDm,asym_sellBase_buy_body2.5_wick0.3_atr50_close20,momentum,2025-08-04 13:00:00+00:00,2025-08-04 13:05:00+00:00,2025-08-05 01:05:00+00:00,BUY,session_breakout,3372.352942855209,3361.037,3392.721639994586,1.8,2.209272379675458,0.08956285714285676,0.05116142663777468,1.4921399014811079,20.506592476555994,19.014452575074888,0.7605781030029956,TIMEOUT,10212.142712524545,2.985428571428559,100.0,18.452596237814085
XAUUSDm,asym_sellBase_buy_body2.5_wick0.3_atr50_close20,momentum,2025-08-05 12:25:00+00:00,2025-08-05 12:30:00+00:00,2025-08-05 14:00:00+00:00,BUY,session_breakout,3360.900065276131,3349.903,3380.6947827731674,1.8,2.273333782446634,0.08291357142857188,0.041608490416631054,1.5325895315638656,45.000000000000206,43.46741046843634,1.7386964187374536,TP,10255.61012299298,2.763785714285729,100.0,39.83255098002978
XAUUSDm,asym_sellBase_buy_body2.5_wick0.3_atr50_close20,momentum,2025-08-06 12:50:00+00:00,2025-08-06 12:55:00+00:00,2025-08-07 00:55:00+00:00,BUY,session_breakout,3368.5882770523554,3360.141,3383.793375746595,1.8,2.9595335686343427,0.07221857142856997,0.056167766641017226,1.9949991681558634,11.091511869494948,9.096512701339083,0.36386050805356335,TIMEOUT,10264.70663569432,2.4072857142856656,95.0,26.669520520968696
XAUUSDm,asym_sellBase_buy_body2.5_wick0.3_atr50_close20,momentum,2025-08-20 12:00:00+00:00,2025-08-20 12:05:00+00:00,2025-08-20 13:40:00+00:00,BUY,session_breakout,3334.5836029794727,3328.646,3345.2712883425233,1.8,4.210453290061635,0.05190642857142652,0.02064976518713022,2.8125217004301004,45.0,42.1874782995699,1.6874991319827959,TP,10306.894113993889,1.7302142857142175,98.0,33.17162831817436
XAUUSDm,asym_sellBase_buy_body2.5_wick0.3_atr50_close20,momentum,2025-08-28 12:05:00+00:00,2025-08-28 12:10:00+00:00,2025-08-28 12:30:00+00:00,BUY,session_breakout,3408.0983862207095,3401.401,3420.1536814179867,1.8,3.7327995095601767,0.06637285714285845,0.029199792138053727,2.541849596923499,-25.0,-27.541849596923498,-1.1016739838769398,SL,10279.352264396965,2.212428571428615,100.0,28.685871396469178
XAUUSDm,asym_sellBase_buy_body2.5_wick0.3_atr50_close20,momentum,2025-08-29 13:30:00+00:00,2025-08-29 13:35:00+00:00,2025-08-29 14:10:00+00:00,BUY,session_breakout,3421.0067660953546,3413.653,3434.243545066993,1.8,3.3996186002967863,0.08168142857142845,0.024925381068981775,2.3305236467517854,45.0,42.669476353248214,1.7067790541299286,TP,10322.021740750213,2.7227142857142814,100.0,20.979330941647344
XAUUSDm,asym_sellBase_buy_body2.5_wick0.3_atr50_close20,momentum,2025-09-04 13:35:00+00:00,2025-09-04 13:40:00+00:00,2025-09-04 14:00:00+00:00,BUY,session_breakout,3558.085533145638,3539.71,3591.1614928077856,1.8,1.360504743011218,0.13142357142856975,0.11182135992344547,0.9656584487768478,-25.0,-25.965658448776846,-1.0386263379510738,SL,10296.056082301437,4.3807857142856585,99.0,19.552379694708875
XAUUSDm,asym_sellBase_buy_body2.5_wick0.3_atr50_close20,momentum,2025-09-12 12:20:00+00:00,2025-09-12 12:25:00+00:00,2025-09-12 13:10:00+00:00,SELL,session_breakout,3643.1920734321347,3649.349,3632.109605609977,1.8,4.060467462854186,0.063953571428571,0.048949782151054895,2.9611125750198926,-25.0,-27.961112575019893,-1.1184445030007957,SL,10268.094969726417,2.1317857142857,65.0,21.061426016204223
XAUUSDm,asym_sellBase_buy_body2.5_wick0.3_atr50_close20,momentum,2025-09-25 12:50:00+00:00,2025-09-25 12:55:00+00:00,2025-09-25 18:40:00+00:00,SELL,session_breakout,3732.337833642667,3755.926,3689.8791341994684,1.8,1.0598534714941237,0.14623071428571327,0.11605100018997308,0.7936462419550075,-25.0,-25.793646241955006,-1.0317458496782002,SL,10242.301323484462,4.874357142857109,100.0,19.87710691908853
XAUUSDm,asym_sellBase_buy_body2.5_wick0.3_atr50_close20,momentum,2025-10-01 12:45:00+00:00,2025-10-01 12:50:00+00:00,2025-10-02 00:50:00+00:00,SELL,session_breakout,3870.834659684216,3891.122,3834.3174471158054,1.8,1.2322955898043384,0.1346742857142866,0.11400317292678941,0.9523512618447534,16.51234153373862,15.559990271893867,0.6223996108757547,TIMEOUT,10257.861313756355,4.489142857142887,96.0,18.3325867553591
XAUUSDm,asym_sellBase_buy_body2.5_wick0.3_atr50_close20,momentum,2025-10-09 13:40:00+00:00,2025-10-09 13:45:00+00:00,2025-10-09 16:40:00+00:00,SELL,session_breakout,4031.1682646549516,4057.981,3982.9053410338643,1.8,0.9323927483816614,0.18705642857143076,0.11620713076253239,0.7472264114941127,44.99999999999983,44.25277358850572,1.7701109435402287,TP,10302.11408734486,6.235214285714359,100.0,19.2834809256265
XAUUSDm,asym_sellBase_buy_body2.5_wick0.3_atr50_close20,momentum,2025-10-21 12:10:00+00:00,2025-10-21 12:15:00+00:00,2025-10-21 14:20:00+00:00,SELL,session_breakout,4225.211676047924,4267.064,4149.877492934186,1.8,0.5973383946044813,0.2890564285714325,0.20179573778994184,0.5002762318869154,45.000000000000114,44.4997237681132,1.779988950724528,TP,10346.613811112973,9.635214285714417,84.0,57.438051634424795
XAUUSDm,asym_sellBase_buy_body2.5_wick0.3_atr50_close20,momentum,2025-10-22 13:00:00+00:00,2025-10-22 13:05:00+00:00,2025-10-22 14:45:00+00:00,BUY,session_breakout,4066.5205810578295,4023.09,4144.695626961922,1.8,0.5756312577699939,0.39714642857142374,0.15800784354341071,0.46566327136437696,-25.000000000000004,-25.46566327136438,-1.018626530854575,SL,10321.148147841608,13.238214285714125,64.0,38.975027111375816
XAUUSDm,asym_sellBase_buy_body2.5_wick0.3_atr50_close20,momentum,2025-10-24 12:30:00+00:00,2025-10-24 12:35:00+00:00,2025-10-26 22:05:00+00:00,BUY,session_breakout,4089.8661109106497,4058.775,4145.830110549819,1.8,0.8040883476902968,0.19440642857142945,0.07390769636353507,0.6576701403832019,-0.5259629613505175,-1.1836331017337194,-0.04734532406934878,TIMEOUT,10319.964514739875,6.4802142857143155,74.0,42.41032507024094
XAUUSDm,asym_sellBase_buy_body2.5_wick0.3_atr50_close20,momentum,2025-11-10 13:00:00+00:00,2025-11-10 13:05:00+00:00,2025-11-10 13:50:00+00:00,BUY,session_breakout,4105.15674738805,4092.184,4128.507692686539,1.8,1.927116843655669,0.11574214285713975,0.0888763166199236,1.579723342747646,-25.0,-26.579723342747645,-1.0631889337099059,SL,10293.384791397128,3.8580714285713253,82.0,50.15628024988935
XAUUSDm,asym_sellBase_buy_body2.5_wick0.3_atr50_close20,momentum,2025-11-14 12:10:00+00:00,2025-11-14 12:15:00+00:00,2025-11-14 13:20:00+00:00,SELL,session_breakout,4125.70394603538,4157.72,4068.0750488990634,1.8,0.7808582540380047,0.2434607142857099,0.15332360747713952,0.6398179959957786,44.99999999999986,44.36018200400408,1.7744072801601631,TP,10337.744973401132,8.115357142856997,100.0,35.25045599985121
XAUUSDm,asym_sellBase_buy_body2.5_wick0.3_atr50_close20,momentum,2025-11-14 13:25:00+00:00,2025-11-14 13:30:00+00:00,2025-11-16 23:00:00+00:00,SELL,session_breakout,4055.3050865691466,4119.67,3939.4482423936106,1.8,0.3884103724750168,0.34366928571428257,0.2390787879963034,0.31589318827043544,-8.686764356049293,-9.002657544319728,-0.36010630177278913,TIMEOUT,10328.742315856813,11.455642857142752,100.0,46.13312162979941
XAUUSDm,asym_sellBase_buy_body2.5_wick0.3_atr50_close20,momentum,2025-11-18 13:35:00+00:00,2025-11-18 13:40:00+00:00,2025-11-19 01:40:00+00:00,BUY,session_breakout,4066.257100897527,4029.089,4133.1596825130755,1.8,0.6726197840703613,0.20224714285714396,0.16897732609810276,0.5469504026662938,-0.5859196975980803,-1.1328701002643742,-0.045314804010574965,TIMEOUT,10327.609445756549,6.741571428571466,98.0,23.99220544731655
XAUUSDm,asym_sellBase_buy_body2.5_wick0.3_atr50_close20,momentum,2025-11-19 13:10:00+00:00,2025-11-19 13:15:00+00:00,2025-11-19 14:55:00+00:00,SELL,session_breakout,4102.944272195658,4120.01,4072.2259621478433,1.8,1.4649243376329713,0.13318928571428126,0.09913316148373748,1.2046005840582437,-25.0,-26.204600584058245,-1.0481840233623299,SL,10301.40484517249,4.439642857142709,70.0,38.20990375075074
XAUUSDm,asym_sellBase_buy_body2.5_wick0.3_atr50_close20,momentum,2025-12-03 13:50:00+00:00,2025-12-03 13:55:00+00:00,2025-12-03 14:50:00+00:00,BUY,session_breakout,4236.200860699545,4211.353,4280.927009958726,1.8,1.006122832959129,0.14135571428571309,0.09718284240142148,0.8499276821901853,-25.0,-25.849927682190184,-1.0339971072876073,SL,10275.5549174903,4.711857142857103,100.0,27.83795219721161
XAUUSDm,asym_sellBase_buy_body2.5_wick0.3_atr50_close20,momentum,2025-12-16 13:20:00+00:00,2025-12-16 13:25:00+00:00,2025-12-16 14:15:00+00:00,BUY,session_breakout,4301.024973146017,4289.067,4322.549324808848,1.8,2.09065530543751,0.10657071428571661,0.07368778887374337,1.8028921357853889,44.99999999999962,43.19710786421423,1.727884314568569,TP,10318.752025354515,3.5523571428572205,63.0,29.460394202997385
XAUUSDm,asym_sellBase_buy_body2.5_wick0.3_atr50_close20,momentum,2025-12-23 13:50:00+00:00,2025-12-23 13:55:00+00:00,2025-12-23 14:55:00+00:00,SELL,session_breakout,4478.896163171204,4497.359,4445.66305687937,1.8,1.3540714372239449,0.16868357142857154,0.08649504308265764,1.208449072968409,44.99999999999951,43.7915509270311,1.7516620370812441,TP,10362.543576281547,5.622785714285718,100.0,24.530324010148064
XAUUSDm,asym_sellBase_buy_body2.5_wick0.3_atr50_close20,momentum,2025-12-29 13:40:00+00:00,2025-12-29 13:45:00+00:00,2025-12-29 14:40:00+00:00,SELL,session_breakout,4429.3173378844795,4467.761,4360.118746076541,1.8,0.6503022507292998,0.21624642857142654,0.06953890123456333,0.5715790068041176,45.000000000000234,44.42842099319612,1.7771368397278449,TP,10406.971997274743,7.208214285714218,73.0,42.45223459079032
XAUUSDm,asym_sellBase_buy_body2.5_wick0.3_atr50_close20,momentum,2026-01-07 12:15:00+00:00,2026-01-07 12:20:00+00:00,2026-01-07 16:20:00+00:00,SELL,session_breakout,4442.051045719802,4455.798,4417.306528015445,1.8,1.8185846472197267,0.13742785714285674,0.08324035162831554,1.6181491667824728,-25.0,-26.618149166782473,-1.064725966671299,SL,10380.35384810796,4.580928571428558,75.0,24.219487564866068
XAUUSDm,asym_sellBase_buy_body2.5_wick0.3_atr50_close20,momentum,2026-01-30 13:20:00+00:00,2026-01-30 13:25:00+00:00,2026-01-30 17:43:00+00:00,SELL,session_breakout,5025.466347577704,5117.524,4859.762573217571,1.8,0.27156894991540187,0.8836500000000017,0.39782742229588464,0.26845212376937344,45.00000000000005,44.73154787623068,1.789261915049227,TP,10425.08539598419,29.45500000000006,71.0,48.48365673984146
XAUUSDm,asym_sellBase_buy_body2.5_wick0.3_atr50_close20,momentum,2026-02-17 13:55:00+00:00,2026-02-17 14:00:00+00:00,2026-02-18 02:00:00+00:00,SELL,session_breakout,4869.88996523088,4924.239,4772.061702646465,1.8,0.4599897699416865,0.3260078571428546,0.1910308405483581,0.44889582706884296,-8.75914119266897,-9.208037019737812,-0.3683214807895125,TIMEOUT,10415.877358964452,10.866928571428486,88.0,20.56358489368482
XAUUSDm,asym_sellBase_buy_body2.5_wick0.3_atr50_close20,momentum,2026-02-19 13:35:00+00:00,2026-02-19 13:40:00+00:00,2026-02-19 14:30:00+00:00,BUY,session_breakout,4994.752354898305,4971.705,5036.237593715256,1.8,1.084723175839936,0.19561928571427936,0.17554525544764643,1.0810847273878579,-25.0,-26.081084727387857,-1.0432433890955144,SL,10389.796274237064,6.520642857142645,99.0,31.84451899181582
XAUUSDm,asym_sellBase_buy_body2.5_wick0.3_atr50_close20,momentum,2026-02-24 13:35:00+00:00,2026-02-24 13:40:00+00:00,2026-02-24 14:13:00+00:00,SELL,session_breakout,5138.409482049158,5161.12,5097.530549737643,1.8,1.1008115294470187,0.2371114285714267,0.10996223655638522,1.1267840801719196,45.0000000000002,43.87321591982828,1.7549286367931314,TP,10433.669490156892,7.903714285714224,92.0,28.697801795800675
XAUUSDm,asym_sellBase_buy_body2.5_wick0.3_atr50_close20,momentum,2026-02-27 13:20:00+00:00,2026-02-27 13:25:00+00:00,2026-03-01 23:01:00+00:00,BUY,session_breakout,5234.910275396053,5182.863,5328.595371108949,1.8,0.4803325401716584,0.19656642857142806,0.06699218176824796,0.5069675691513936,40.68019121053219,40.1732236413808,1.606928945655232,TIMEOUT,10473.842713798273,6.552214285714269,100.0,21.011152787242228
XAUUSDm,asym_sellBase_buy_body2.5_wick0.3_atr50_close20,momentum,2026-03-06 13:30:00+00:00,2026-03-06 13:35:00+00:00,2026-03-08 22:03:00+00:00,BUY,session_breakout,5124.025215325942,5065.362,5229.6190029126365,1.8,0.4261614345735445,0.3191828571428576,0.15862389736954802,0.4391158564219288,23.83469111065146,23.39557525422953,0.9358230101691812,TIMEOUT,10497.238289052502,10.639428571428587,100.0,32.269028977247274
XAUUSDm,asym_sellBase_buy_body2.5_wick0.3_atr50_close20,momentum,2026-03-11 12:55:00+00:00,2026-03-11 13:00:00+00:00,2026-03-12 01:00:00+00:00,SELL,session_breakout,5166.952088022052,5196.653,5113.490446461744,1.8,0.8417249954668458,0.24058499999999836,0.12161947794860746,0.8693041223523531,5.264222212010378,4.3949180896580256,0.17579672358632104,TIMEOUT,10501.63320714216,8.019499999999946,100.0,33.44240933449603
XAUUSDm,asym_sellBase_buy_body2.5_wick0.3_atr50_close20,momentum,2026-03-18 12:05:00+00:00,2026-03-18 12:10:00+00:00,2026-03-18 20:28:00+00:00,SELL,session_breakout,4913.044264932645,4966.259,4817.257741811406,1.8,0.4697946906689851,0.37023642857142863,0.28261685306888173,0.4571244221374127,45.000000000000085,44.542875577862674,1.781715023114507,TP,10546.176082720023,12.341214285714289,100.0,40.301700145599256
XAUUSDm,asym_sellBase_buy_body2.5_wick0.3_atr50_close20,momentum,2026-03-19 12:00:00+00:00,2026-03-19 12:05:00+00:00,2026-03-19 13:02:00+00:00,SELL,session_breakout,4629.99093743956,4695.267,4512.4940248307685,1.8,0.3829887866911748,0.40764214285714323,0.2812414890116507,0.35014692230422245,45.00000000000014,44.64985307769592,1.785994123107837,TP,10590.825935797719,13.58807142857144,45.0,62.785720474995564
XAUUSDm,asym_sellBase_buy_body2.5_wick0.3_atr50_close20,momentum,2026-03-20 13:30:00+00:00,2026-03-20 13:35:00+00:00,2026-03-20 14:15:00+00:00,SELL,session_breakout,4644.768251809132,4681.746,4578.20830506557,1.8,0.6760822717207582,0.32604642857143384,0.2767249765813125,0.6235490942599146,45.00000000000025,44.376450905740334,1.7750580362296133,TP,10635.202386703459,10.868214285714462,70.0,18.014851889985096
XAUUSDm,asym_sellBase_buy_body2.5_wick0.3_atr50_close20,momentum,2026-03-30 13:40:00+00:00,2026-03-30 13:45:00+00:00,2026-03-31 01:24:00+00:00,SELL,session_breakout,4544.189128431392,4578.633,4482.190159607899,1.8,0.7258185233388611,0.28368857142857123,0.21702728289386455,0.662151328594116,-25.0,-25.662151328594117,-1.0264860531437647,SL,10609.540235374865,9.456285714285709,89.0,42.69311928505708
XAUUSDm,asym_sellBase_buy_body2.5_wick0.3_atr50_close20,momentum,2026-04-09 13:35:00+00:00,2026-04-09 13:40:00+00:00,2026-04-10 01:40:00+00:00,BUY,session_breakout,4770.302849272009,4738.562,4827.436377961624,1.8,0.7876285787364459,0.22024499999999989,0.12872677200850777,0.7516817498711522,2.363792082461751,1.6121103325905985,0.06448441330362394,TIMEOUT,10611.152345707456,7.341499999999996,85.0,19.548493915416145
XAUUSDm,asym_sellBase_buy_body2.5_wick0.3_atr50_close20,momentum,2026-04-17 13:05:00+00:00,2026-04-17 13:10:00+00:00,2026-04-19 22:01:00+00:00,BUY,session_breakout,4862.786737990432,4811.482,4955.13526637321,1.8,0.4872844298447128,0.27648857142857586,0.24049370471760895,0.47141205261561975,-25.0,-25.47141205261562,-1.0188564821046249,SL,10585.680933654841,9.216285714285862,100.0,23.682725240557893
XAUUSDm,asym_sellBase_buy_body2.5_wick0.3_atr50_close20,momentum,2026-04-20 13:25:00+00:00,2026-04-20 13:30:00+00:00,2026-04-20 14:51:00+00:00,BUY,session_breakout,4824.3466803656265,4799.549,4868.982505023754,1.8,1.0081588128966248,0.2057849999999988,0.08578786562624428,0.9702415244558367,-25.0,-25.970241524455837,-1.0388096609782336,SL,10559.710692130386,6.859499999999961,99.0,18.41847392036155
XAUUSDm,asym_sellBase_buy_body2.5_wick0.3_atr50_close20,momentum,2026-04-29 12:50:00+00:00,2026-04-29 12:55:00+00:00,2026-04-30 00:45:00+00:00,SELL,session_breakout,4544.996528453624,4568.888,4501.991879670147,1.8,1.0463985004637364,0.17339357142857026,0.05477476066122994,0.953675510397352,-25.0,-25.953675510397353,-1.0381470204158942,SL,10533.757016619988,5.7797857142856754,95.0,20.702548664922677
XAUUSDm,asym_sellBase_buy_body2.5_wick0.3_atr50_close20,momentum,2026-05-01 13:50:00+00:00,2026-05-01 13:55:00+00:00,2026-05-03 22:03:00+00:00,BUY,session_breakout,4616.992070229675,4586.483,4671.90839664309,1.8,0.8194284457637668,0.22602857142856853,0.0820559439604924,0.7574285286838298,7.69601441441993,6.9385858857361,0.277543435429444,TIMEOUT,10540.695602505724,7.534285714285618,100.0,38.294848342025965
