label,symbol,variant,total_trades,winrate,profit_factor,profit_pct,max_drawdown,expectancy,avg_r,trades_per_day,worst_month,months,positive_months,positive_month_pct,best_month,max_consecutive_losses,config,avg_sl_distance,avg_spread,spread_cost_pct_of_pnl,passes_base_criteria
sensitivity,XAUUSDm,sens_thai_19_2030_rr1.9_body2_wick0.35_atrMin35,69,55.072463768115945,1.8457265127351448,6.404330291434071,-0.5393656889234975,9.28163810352769,0.3712655241411077,0.1402439024390244,-77.59899899743904,16,13,81.25,145.27564658211466,3,"{'strategy': 'momentum', 'variant': 'sens_thai_19_2030_rr1.9_body2_wick0.35_atrMin35', 'initial_balance': 10000.0, 'risk_pct': 0.0025, 'fee_rate': 0.0001, 'spread_atr_mult': 0.03, 'slippage_min_spread': 0.3, 'slippage_max_spread': 1.0, 'max_trades_per_day': 3, 'daily_loss_limit_pct': 0.03, 'max_hold_minutes': 720, 'seed': 42, 'sweep_lookback': 20, 'wick_body_min': 1.5, 'atr_percentile_min': 30.0, 'sweep_rr': 2.0, 'sl_atr_buffer': 0.1, 'use_m1_confirmation': False, 'session': 'ny', 'adx_min': 18.0, 'momentum_rr': 1.9, 'use_atr_expansion': False, 'body_mult': 2.0, 'max_wick_pct': 0.35, 'momentum_sl_atr_mult': 1.0, 'session_hours_utc': None, 'close_extreme_pct': None, 'ema_extension_atr_max': None, 'use_m15_ema_trend': False, 'use_m15_ema200_filter': False, 'momentum_atr_percentile_min': 35.0, 'momentum_atr_percentile_max': None, 'session_ranges_utc_minutes': ((720, 810),), 'entry_mode': 'next_m5'}",18.393032781975414,0.14321279503105572,0.015429689612292097,False
sensitivity,XAUUSDm,sens_thai_19_2030_rr1.8_body2_wick0.35_atrMin35,70,54.285714285714285,1.7326994904669983,5.6144061079200585,-0.5896089629733725,8.020580154171588,0.32082320616686355,0.14227642276422764,-77.5992983276784,16,13,81.25,137.79728353466828,3,"{'strategy': 'momentum', 'variant': 'sens_thai_19_2030_rr1.8_body2_wick0.35_atrMin35', 'initial_balance': 10000.0, 'risk_pct': 0.0025, 'fee_rate': 0.0001, 'spread_atr_mult': 0.03, 'slippage_min_spread': 0.3, 'slippage_max_spread': 1.0, 'max_trades_per_day': 3, 'daily_loss_limit_pct': 0.03, 'max_hold_minutes': 720, 'seed': 42, 'sweep_lookback': 20, 'wick_body_min': 1.5, 'atr_percentile_min': 30.0, 'sweep_rr': 2.0, 'sl_atr_buffer': 0.1, 'use_m1_confirmation': False, 'session': 'ny', 'adx_min': 18.0, 'momentum_rr': 1.8, 'use_atr_expansion': False, 'body_mult': 2.0, 'max_wick_pct': 0.35, 'momentum_sl_atr_mult': 1.0, 'session_hours_utc': None, 'close_extreme_pct': None, 'ema_extension_atr_max': None, 'use_m15_ema_trend': False, 'use_m15_ema200_filter': False, 'momentum_atr_percentile_min': 35.0, 'momentum_atr_percentile_max': None, 'session_ranges_utc_minutes': ((720, 810),), 'entry_mode': 'next_m5'}",19.0500155447046,0.14607645918367326,0.018212704863712053,True
sensitivity,XAUUSDm,sens_thai_19_2030_rr1.9_body2_wick0.35_atrMin45,68,54.41176470588235,1.7293532225880304,5.5227263071594646,-0.5393583300201608,8.121656334058084,0.32486625336232344,0.13821138211382114,-77.59625972049197,16,12,75.0,145.30901064001642,3,"{'strategy': 'momentum', 'variant': 'sens_thai_19_2030_rr1.9_body2_wick0.35_atrMin45', 'initial_balance': 10000.0, 'risk_pct': 0.0025, 'fee_rate': 0.0001, 'spread_atr_mult': 0.03, 'slippage_min_spread': 0.3, 'slippage_max_spread': 1.0, 'max_trades_per_day': 3, 'daily_loss_limit_pct': 0.03, 'max_hold_minutes': 720, 'seed': 42, 'sweep_lookback': 20, 'wick_body_min': 1.5, 'atr_percentile_min': 30.0, 'sweep_rr': 2.0, 'sl_atr_buffer': 0.1, 'use_m1_confirmation': False, 'session': 'ny', 'adx_min': 18.0, 'momentum_rr': 1.9, 'use_atr_expansion': False, 'body_mult': 2.0, 'max_wick_pct': 0.35, 'momentum_sl_atr_mult': 1.0, 'session_hours_utc': None, 'close_extreme_pct': None, 'ema_extension_atr_max': None, 'use_m15_ema_trend': False, 'use_m15_ema200_filter': False, 'momentum_atr_percentile_min': 45.0, 'momentum_atr_percentile_max': None, 'session_ranges_utc_minutes': ((720, 810),), 'entry_mode': 'next_m5'}",18.569091419983344,0.14488096638655443,0.017838844741435014,False
sensitivity,XAUUSDm,sens_thai_19_2030_rr1.9_body2_wick0.35_atrMin40,68,54.41176470588235,1.7290596023894762,5.5208409994996686,-0.5393656889234975,8.1188838227937,0.32475535291174795,0.13821138211382114,-77.59625972049197,16,12,75.0,145.30901064001642,3,"{'strategy': 'momentum', 'variant': 'sens_thai_19_2030_rr1.9_body2_wick0.35_atrMin40', 'initial_balance': 10000.0, 'risk_pct': 0.0025, 'fee_rate': 0.0001, 'spread_atr_mult': 0.03, 'slippage_min_spread': 0.3, 'slippage_max_spread': 1.0, 'max_trades_per_day': 3, 'daily_loss_limit_pct': 0.03, 'max_hold_minutes': 720, 'seed': 42, 'sweep_lookback': 20, 'wick_body_min': 1.5, 'atr_percentile_min': 30.0, 'sweep_rr': 2.0, 'sl_atr_buffer': 0.1, 'use_m1_confirmation': False, 'session': 'ny', 'adx_min': 18.0, 'momentum_rr': 1.9, 'use_atr_expansion': False, 'body_mult': 2.0, 'max_wick_pct': 0.35, 'momentum_sl_atr_mult': 1.0, 'session_hours_utc': None, 'close_extreme_pct': None, 'ema_extension_atr_max': None, 'use_m15_ema_trend': False, 'use_m15_ema200_filter': False, 'momentum_atr_percentile_min': 40.0, 'momentum_atr_percentile_max': None, 'session_ranges_utc_minutes': ((720, 810),), 'entry_mode': 'next_m5'}",18.54912778688421,0.14436686974789897,0.017781615416467736,False
sensitivity,XAUUSDm,sens_thai_19_2030_rr2_body2.2_wick0.35_atrMin35,64,51.5625,1.706036467475404,5.263185794491692,-0.8218661828124298,8.223727803893167,0.32894911215572675,0.13008130081300814,-77.59423414755176,16,13,81.25,95.11761654481386,4,"{'strategy': 'momentum', 'variant': 'sens_thai_19_2030_rr2_body2.2_wick0.35_atrMin35', 'initial_balance': 10000.0, 'risk_pct': 0.0025, 'fee_rate': 0.0001, 'spread_atr_mult': 0.03, 'slippage_min_spread': 0.3, 'slippage_max_spread': 1.0, 'max_trades_per_day': 3, 'daily_loss_limit_pct': 0.03, 'max_hold_minutes': 720, 'seed': 42, 'sweep_lookback': 20, 'wick_body_min': 1.5, 'atr_percentile_min': 30.0, 'sweep_rr': 2.0, 'sl_atr_buffer': 0.1, 'use_m1_confirmation': False, 'session': 'ny', 'adx_min': 18.0, 'momentum_rr': 2.0, 'use_atr_expansion': False, 'body_mult': 2.2, 'max_wick_pct': 0.35, 'momentum_sl_atr_mult': 1.0, 'session_hours_utc': None, 'close_extreme_pct': None, 'ema_extension_atr_max': None, 'use_m15_ema_trend': False, 'use_m15_ema200_filter': False, 'momentum_atr_percentile_min': 35.0, 'momentum_atr_percentile_max': None, 'session_ranges_utc_minutes': ((720, 810),), 'entry_mode': 'next_m5'}",18.593453614718463,0.14431295758928564,0.01754836261980448,False
sensitivity,XAUUSDm,sens_thai_19_2030_rr1.9_body2.2_wick0.35_atrMin35,65,52.307692307692314,1.6868413403711398,5.1260369856403125,-0.8967386632480893,7.886210747138937,0.3154484298855575,0.13211382113821138,-77.59347661448955,16,13,81.25,145.3828619860506,3,"{'strategy': 'momentum', 'variant': 'sens_thai_19_2030_rr1.9_body2.2_wick0.35_atrMin35', 'initial_balance': 10000.0, 'risk_pct': 0.0025, 'fee_rate': 0.0001, 'spread_atr_mult': 0.03, 'slippage_min_spread': 0.3, 'slippage_max_spread': 1.0, 'max_trades_per_day': 3, 'daily_loss_limit_pct': 0.03, 'max_hold_minutes': 720, 'seed': 42, 'sweep_lookback': 20, 'wick_body_min': 1.5, 'atr_percentile_min': 30.0, 'sweep_rr': 2.0, 'sl_atr_buffer': 0.1, 'use_m1_confirmation': False, 'session': 'ny', 'adx_min': 18.0, 'momentum_rr': 1.9, 'use_atr_expansion': False, 'body_mult': 2.2, 'max_wick_pct': 0.35, 'momentum_sl_atr_mult': 1.0, 'session_hours_utc': None, 'close_extreme_pct': None, 'ema_extension_atr_max': None, 'use_m15_ema_trend': False, 'use_m15_ema200_filter': False, 'momentum_atr_percentile_min': 35.0, 'momentum_atr_percentile_max': None, 'session_ranges_utc_minutes': ((720, 810),), 'entry_mode': 'next_m5'}",19.298730625021353,0.14737997802197791,0.018688313405198605,False
sensitivity,XAUUSDm,sens_thai_19_2030_rr1.9_body2_wick0.45_atrMin35,71,53.52112676056338,1.679057329363703,5.490846200931883,-1.2735881837109613,7.733586198495521,0.30934344793982077,0.1443089430894309,-77.5988783890476,16,11,68.75,145.3103280229099,5,"{'strategy': 'momentum', 'variant': 'sens_thai_19_2030_rr1.9_body2_wick0.45_atrMin35', 'initial_balance': 10000.0, 'risk_pct': 0.0025, 'fee_rate': 0.0001, 'spread_atr_mult': 0.03, 'slippage_min_spread': 0.3, 'slippage_max_spread': 1.0, 'max_trades_per_day': 3, 'daily_loss_limit_pct': 0.03, 'max_hold_minutes': 720, 'seed': 42, 'sweep_lookback': 20, 'wick_body_min': 1.5, 'atr_percentile_min': 30.0, 'sweep_rr': 2.0, 'sl_atr_buffer': 0.1, 'use_m1_confirmation': False, 'session': 'ny', 'adx_min': 18.0, 'momentum_rr': 1.9, 'use_atr_expansion': False, 'body_mult': 2.0, 'max_wick_pct': 0.45, 'momentum_sl_atr_mult': 1.0, 'session_hours_utc': None, 'close_extreme_pct': None, 'ema_extension_atr_max': None, 'use_m15_ema_trend': False, 'use_m15_ema200_filter': False, 'momentum_atr_percentile_min': 35.0, 'momentum_atr_percentile_max': None, 'session_ranges_utc_minutes': ((720, 810),), 'entry_mode': 'next_m5'}",18.499352156657526,0.14360179074446666,0.018568589921762652,True
sensitivity,XAUUSDm,sens_thai_19_2030_rr1.9_body2_wick0.4_atrMin35,70,52.85714285714286,1.669736468995893,5.419403849511072,-1.2892150180426127,7.74200549930143,0.309680219972057,0.14227642276422764,-77.5992983276784,16,11,68.75,145.29753353466856,6,"{'strategy': 'momentum', 'variant': 'sens_thai_19_2030_rr1.9_body2_wick0.4_atrMin35', 'initial_balance': 10000.0, 'risk_pct': 0.0025, 'fee_rate': 0.0001, 'spread_atr_mult': 0.03, 'slippage_min_spread': 0.3, 'slippage_max_spread': 1.0, 'max_trades_per_day': 3, 'daily_loss_limit_pct': 0.03, 'max_hold_minutes': 720, 'seed': 42, 'sweep_lookback': 20, 'wick_body_min': 1.5, 'atr_percentile_min': 30.0, 'sweep_rr': 2.0, 'sl_atr_buffer': 0.1, 'use_m1_confirmation': False, 'session': 'ny', 'adx_min': 18.0, 'momentum_rr': 1.9, 'use_atr_expansion': False, 'body_mult': 2.0, 'max_wick_pct': 0.4, 'momentum_sl_atr_mult': 1.0, 'session_hours_utc': None, 'close_extreme_pct': None, 'ema_extension_atr_max': None, 'use_m15_ema_trend': False, 'use_m15_ema200_filter': False, 'momentum_atr_percentile_min': 35.0, 'momentum_atr_percentile_max': None, 'session_ranges_utc_minutes': ((720, 810),), 'entry_mode': 'next_m5'}",18.412046358633162,0.1429236122448978,0.018460799628441747,True
sensitivity,XAUUSDm,sens_thai_19_2030_rr1.7_body2_wick0.35_atrMin35,71,54.929577464788736,1.6469766249588285,4.957540671770494,-0.6402409621569379,6.982451650380936,0.27929806601523743,0.1443089430894309,-77.5988783890476,16,13,81.25,102.74439185766533,3,"{'strategy': 'momentum', 'variant': 'sens_thai_19_2030_rr1.7_body2_wick0.35_atrMin35', 'initial_balance': 10000.0, 'risk_pct': 0.0025, 'fee_rate': 0.0001, 'spread_atr_mult': 0.03, 'slippage_min_spread': 0.3, 'slippage_max_spread': 1.0, 'max_trades_per_day': 3, 'daily_loss_limit_pct': 0.03, 'max_hold_minutes': 720, 'seed': 42, 'sweep_lookback': 20, 'wick_body_min': 1.5, 'atr_percentile_min': 30.0, 'sweep_rr': 2.0, 'sl_atr_buffer': 0.1, 'use_m1_confirmation': False, 'session': 'ny', 'adx_min': 18.0, 'momentum_rr': 1.7, 'use_atr_expansion': False, 'body_mult': 2.0, 'max_wick_pct': 0.35, 'momentum_sl_atr_mult': 1.0, 'session_hours_utc': None, 'close_extreme_pct': None, 'ema_extension_atr_max': None, 'use_m15_ema_trend': False, 'use_m15_ema200_filter': False, 'momentum_atr_percentile_min': 35.0, 'momentum_atr_percentile_max': None, 'session_ranges_utc_minutes': ((720, 810),), 'entry_mode': 'next_m5'}",19.305309722916423,0.14702770623742434,0.02105674533806519,True
sensitivity,XAUUSDm,sens_thai_19_21_rr2_body2.2_wick0.35_atrMin35,93,49.46236559139785,1.6391940544745223,6.826075996239542,-1.5272948063699574,7.33986666262315,0.29359466650492594,0.18902439024390244,-75.95296103046755,17,13,76.47058823529412,175.4310082062462,4,"{'strategy': 'momentum', 'variant': 'sens_thai_19_21_rr2_body2.2_wick0.35_atrMin35', 'initial_balance': 10000.0, 'risk_pct': 0.0025, 'fee_rate': 0.0001, 'spread_atr_mult': 0.03, 'slippage_min_spread': 0.3, 'slippage_max_spread': 1.0, 'max_trades_per_day': 3, 'daily_loss_limit_pct': 0.03, 'max_hold_minutes': 720, 'seed': 42, 'sweep_lookback': 20, 'wick_body_min': 1.5, 'atr_percentile_min': 30.0, 'sweep_rr': 2.0, 'sl_atr_buffer': 0.1, 'use_m1_confirmation': False, 'session': 'ny', 'adx_min': 18.0, 'momentum_rr': 2.0, 'use_atr_expansion': False, 'body_mult': 2.2, 'max_wick_pct': 0.35, 'momentum_sl_atr_mult': 1.0, 'session_hours_utc': None, 'close_extreme_pct': None, 'ema_extension_atr_max': None, 'use_m15_ema_trend': False, 'use_m15_ema200_filter': False, 'momentum_atr_percentile_min': 35.0, 'momentum_atr_percentile_max': None, 'session_ranges_utc_minutes': ((720, 840),), 'entry_mode': 'next_m5'}",19.995025555979907,0.15002665898617495,0.020439970626463376,True
sensitivity,XAUUSDm,sens_thai_19_2030_rr1.8_body2_wick0.35_atrMin45,69,53.62318840579711,1.6241665266655787,4.782466766292146,-0.5896008875707669,6.931111255495895,0.2772444502198358,0.1402439024390244,-77.59899899743904,16,12,75.0,137.77539658211515,3,"{'strategy': 'momentum', 'variant': 'sens_thai_19_2030_rr1.8_body2_wick0.35_atrMin45', 'initial_balance': 10000.0, 'risk_pct': 0.0025, 'fee_rate': 0.0001, 'spread_atr_mult': 0.03, 'slippage_min_spread': 0.3, 'slippage_max_spread': 1.0, 'max_trades_per_day': 3, 'daily_loss_limit_pct': 0.03, 'max_hold_minutes': 720, 'seed': 42, 'sweep_lookback': 20, 'wick_body_min': 1.5, 'atr_percentile_min': 30.0, 'sweep_rr': 2.0, 'sl_atr_buffer': 0.1, 'use_m1_confirmation': False, 'session': 'ny', 'adx_min': 18.0, 'momentum_rr': 1.8, 'use_atr_expansion': False, 'body_mult': 2.0, 'max_wick_pct': 0.35, 'momentum_sl_atr_mult': 1.0, 'session_hours_utc': None, 'close_extreme_pct': None, 'ema_extension_atr_max': None, 'use_m15_ema_trend': False, 'use_m15_ema200_filter': False, 'momentum_atr_percentile_min': 45.0, 'momentum_atr_percentile_max': None, 'session_ranges_utc_minutes': ((720, 810),), 'entry_mode': 'next_m5'}",19.232218056618436,0.1477619565217389,0.021318653109856492,False
sensitivity,XAUUSDm,sens_thai_19_2030_rr1.8_body2_wick0.35_atrMin40,69,53.62318840579711,1.6238827223824746,4.780581458632368,-0.5896089629733725,6.9283789255541945,0.27713515702216773,0.1402439024390244,-77.59899899743904,16,12,75.0,137.77539658211515,3,"{'strategy': 'momentum', 'variant': 'sens_thai_19_2030_rr1.8_body2_wick0.35_atrMin40', 'initial_balance': 10000.0, 'risk_pct': 0.0025, 'fee_rate': 0.0001, 'spread_atr_mult': 0.03, 'slippage_min_spread': 0.3, 'slippage_max_spread': 1.0, 'max_trades_per_day': 3, 'daily_loss_limit_pct': 0.03, 'max_hold_minutes': 720, 'seed': 42, 'sweep_lookback': 20, 'wick_body_min': 1.5, 'atr_percentile_min': 30.0, 'sweep_rr': 2.0, 'sl_atr_buffer': 0.1, 'use_m1_confirmation': False, 'session': 'ny', 'adx_min': 18.0, 'momentum_rr': 1.8, 'use_atr_expansion': False, 'body_mult': 2.0, 'max_wick_pct': 0.35, 'momentum_sl_atr_mult': 1.0, 'session_hours_utc': None, 'close_extreme_pct': None, 'ema_extension_atr_max': None, 'use_m15_ema_trend': False, 'use_m15_ema200_filter': False, 'momentum_atr_percentile_min': 40.0, 'momentum_atr_percentile_max': None, 'session_ranges_utc_minutes': ((720, 810),), 'entry_mode': 'next_m5'}",19.21254375153523,0.14725531055900598,0.02125393431007054,False
sensitivity,XAUUSDm,sens_thai_19_2030_rr2_body2.2_wick0.35_atrMin50,60,51.66666666666667,1.6178835840590104,4.315370619448349,-0.7873703448629653,7.192284365747293,0.28769137462989175,0.12195121951219512,-77.59948748741694,16,12,75.0,89.52748764049366,4,"{'strategy': 'momentum', 'variant': 'sens_thai_19_2030_rr2_body2.2_wick0.35_atrMin50', 'initial_balance': 10000.0, 'risk_pct': 0.0025, 'fee_rate': 0.0001, 'spread_atr_mult': 0.03, 'slippage_min_spread': 0.3, 'slippage_max_spread': 1.0, 'max_trades_per_day': 3, 'daily_loss_limit_pct': 0.03, 'max_hold_minutes': 720, 'seed': 42, 'sweep_lookback': 20, 'wick_body_min': 1.5, 'atr_percentile_min': 30.0, 'sweep_rr': 2.0, 'sl_atr_buffer': 0.1, 'use_m1_confirmation': False, 'session': 'ny', 'adx_min': 18.0, 'momentum_rr': 2.0, 'use_atr_expansion': False, 'body_mult': 2.2, 'max_wick_pct': 0.35, 'momentum_sl_atr_mult': 1.0, 'session_hours_utc': None, 'close_extreme_pct': None, 'ema_extension_atr_max': None, 'use_m15_ema_trend': False, 'use_m15_ema200_filter': False, 'momentum_atr_percentile_min': 50.0, 'momentum_atr_percentile_max': None, 'session_ranges_utc_minutes': ((720, 810),), 'entry_mode': 'next_m5'}",19.164000006590225,0.1466621428571427,0.02039159401922566,False
sensitivity,XAUUSDm,sens_thai_19_21_rr1.9_body2.2_wick0.35_atrMin35,94,50.0,1.6048514638537823,6.464757461445133,-1.628048650199904,6.877401554728824,0.275096062189153,0.1910569105691057,-75.99607593680688,17,13,76.47058823529412,190.02682966317653,4,"{'strategy': 'momentum', 'variant': 'sens_thai_19_21_rr1.9_body2.2_wick0.35_atrMin35', 'initial_balance': 10000.0, 'risk_pct': 0.0025, 'fee_rate': 0.0001, 'spread_atr_mult': 0.03, 'slippage_min_spread': 0.3, 'slippage_max_spread': 1.0, 'max_trades_per_day': 3, 'daily_loss_limit_pct': 0.03, 'max_hold_minutes': 720, 'seed': 42, 'sweep_lookback': 20, 'wick_body_min': 1.5, 'atr_percentile_min': 30.0, 'sweep_rr': 2.0, 'sl_atr_buffer': 0.1, 'use_m1_confirmation': False, 'session': 'ny', 'adx_min': 18.0, 'momentum_rr': 1.9, 'use_atr_expansion': False, 'body_mult': 2.2, 'max_wick_pct': 0.35, 'momentum_sl_atr_mult': 1.0, 'session_hours_utc': None, 'close_extreme_pct': None, 'ema_extension_atr_max': None, 'use_m15_ema_trend': False, 'use_m15_ema200_filter': False, 'momentum_atr_percentile_min': 35.0, 'momentum_atr_percentile_max': None, 'session_ranges_utc_minutes': ((720, 840),), 'entry_mode': 'next_m5'}",20.466223705427943,0.15208668693009098,0.02211397512851607,True
sensitivity,XAUUSDm,sens_thai_19_2030_rr1.8_body2.2_wick0.35_atrMin35,65,52.307692307692314,1.603098150920024,4.501044485640305,-0.9717591549258371,6.924683824062028,0.2769873529624811,0.13211382113821138,-77.59347661448955,16,13,81.25,137.88261198605068,3,"{'strategy': 'momentum', 'variant': 'sens_thai_19_2030_rr1.8_body2.2_wick0.35_atrMin35', 'initial_balance': 10000.0, 'risk_pct': 0.0025, 'fee_rate': 0.0001, 'spread_atr_mult': 0.03, 'slippage_min_spread': 0.3, 'slippage_max_spread': 1.0, 'max_trades_per_day': 3, 'daily_loss_limit_pct': 0.03, 'max_hold_minutes': 720, 'seed': 42, 'sweep_lookback': 20, 'wick_body_min': 1.5, 'atr_percentile_min': 30.0, 'sweep_rr': 2.0, 'sl_atr_buffer': 0.1, 'use_m1_confirmation': False, 'session': 'ny', 'adx_min': 18.0, 'momentum_rr': 1.8, 'use_atr_expansion': False, 'body_mult': 2.2, 'max_wick_pct': 0.35, 'momentum_sl_atr_mult': 1.0, 'session_hours_utc': None, 'close_extreme_pct': None, 'ema_extension_atr_max': None, 'use_m15_ema_trend': False, 'use_m15_ema200_filter': False, 'momentum_atr_percentile_min': 35.0, 'momentum_atr_percentile_max': None, 'session_ranges_utc_minutes': ((720, 810),), 'entry_mode': 'next_m5'}",19.298730625021353,0.14737997802197791,0.021283279029991095,False
sensitivity,XAUUSDm,sens_thai_19_2030_rr1.8_body2_wick0.35_atrMin50,66,53.03030303030303,1.590098165212256,4.292380386950026,-0.6202819856025441,6.503606646893939,0.2601442658757576,0.13414634146341464,-77.59402510398289,16,13,81.25,79.52667446982933,4,"{'strategy': 'momentum', 'variant': 'sens_thai_19_2030_rr1.8_body2_wick0.35_atrMin50', 'initial_balance': 10000.0, 'risk_pct': 0.0025, 'fee_rate': 0.0001, 'spread_atr_mult': 0.03, 'slippage_min_spread': 0.3, 'slippage_max_spread': 1.0, 'max_trades_per_day': 3, 'daily_loss_limit_pct': 0.03, 'max_hold_minutes': 720, 'seed': 42, 'sweep_lookback': 20, 'wick_body_min': 1.5, 'atr_percentile_min': 30.0, 'sweep_rr': 2.0, 'sl_atr_buffer': 0.1, 'use_m1_confirmation': False, 'session': 'ny', 'adx_min': 18.0, 'momentum_rr': 1.8, 'use_atr_expansion': False, 'body_mult': 2.0, 'max_wick_pct': 0.35, 'momentum_sl_atr_mult': 1.0, 'session_hours_utc': None, 'close_extreme_pct': None, 'ema_extension_atr_max': None, 'use_m15_ema_trend': False, 'use_m15_ema200_filter': False, 'momentum_atr_percentile_min': 50.0, 'momentum_atr_percentile_max': None, 'session_ranges_utc_minutes': ((720, 810),), 'entry_mode': 'next_m5'}",19.606240331033575,0.14831896103896075,0.02280564755708227,False
sensitivity,XAUUSDm,sens_thai_19_2030_rr2_body2.2_wick0.35_atrMin45,63,50.79365079365079,1.5810228250294405,4.330763561129915,-0.8218661828124298,6.874227874809315,0.27496911499237264,0.12804878048780488,-77.59516060324486,16,12,75.0,95.08695353905296,4,"{'strategy': 'momentum', 'variant': 'sens_thai_19_2030_rr2_body2.2_wick0.35_atrMin45', 'initial_balance': 10000.0, 'risk_pct': 0.0025, 'fee_rate': 0.0001, 'spread_atr_mult': 0.03, 'slippage_min_spread': 0.3, 'slippage_max_spread': 1.0, 'max_trades_per_day': 3, 'daily_loss_limit_pct': 0.03, 'max_hold_minutes': 720, 'seed': 42, 'sweep_lookback': 20, 'wick_body_min': 1.5, 'atr_percentile_min': 30.0, 'sweep_rr': 2.0, 'sl_atr_buffer': 0.1, 'use_m1_confirmation': False, 'session': 'ny', 'adx_min': 18.0, 'momentum_rr': 2.0, 'use_atr_expansion': False, 'body_mult': 2.2, 'max_wick_pct': 0.35, 'momentum_sl_atr_mult': 1.0, 'session_hours_utc': None, 'close_extreme_pct': None, 'ema_extension_atr_max': None, 'use_m15_ema_trend': False, 'use_m15_ema200_filter': False, 'momentum_atr_percentile_min': 45.0, 'momentum_atr_percentile_max': None, 'session_ranges_utc_minutes': ((720, 810),), 'entry_mode': 'next_m5'}",18.783990852149074,0.14613098639455774,0.021257803648036804,False
sensitivity,XAUUSDm,sens_thai_19_2030_rr2_body2.2_wick0.35_atrMin40,63,50.79365079365079,1.5807341606743102,4.328880669932878,-0.8218661828124298,6.871239158623503,0.2748495663449402,0.12804878048780488,-77.59516060324486,16,12,75.0,95.08695353905296,4,"{'strategy': 'momentum', 'variant': 'sens_thai_19_2030_rr2_body2.2_wick0.35_atrMin40', 'initial_balance': 10000.0, 'risk_pct': 0.0025, 'fee_rate': 0.0001, 'spread_atr_mult': 0.03, 'slippage_min_spread': 0.3, 'slippage_max_spread': 1.0, 'max_trades_per_day': 3, 'daily_loss_limit_pct': 0.03, 'max_hold_minutes': 720, 'seed': 42, 'sweep_lookback': 20, 'wick_body_min': 1.5, 'atr_percentile_min': 30.0, 'sweep_rr': 2.0, 'sl_atr_buffer': 0.1, 'use_m1_confirmation': False, 'session': 'ny', 'adx_min': 18.0, 'momentum_rr': 2.0, 'use_atr_expansion': False, 'body_mult': 2.2, 'max_wick_pct': 0.35, 'momentum_sl_atr_mult': 1.0, 'session_hours_utc': None, 'close_extreme_pct': None, 'ema_extension_atr_max': None, 'use_m15_ema_trend': False, 'use_m15_ema200_filter': False, 'momentum_atr_percentile_min': 40.0, 'momentum_atr_percentile_max': None, 'session_ranges_utc_minutes': ((720, 810),), 'entry_mode': 'next_m5'}",18.7623771363628,0.14557608843537403,0.021186293341670978,False
sensitivity,XAUUSDm,sens_thai_19_2030_rr1.8_body2_wick0.45_atrMin35,72,52.77777777777778,1.5779607557370154,4.725562204630933,-1.2760934293707198,6.563280839765162,0.2625312335906064,0.14634146341463414,-77.5980204895845,16,11,68.75,137.80794787968279,5,"{'strategy': 'momentum', 'variant': 'sens_thai_19_2030_rr1.8_body2_wick0.45_atrMin35', 'initial_balance': 10000.0, 'risk_pct': 0.0025, 'fee_rate': 0.0001, 'spread_atr_mult': 0.03, 'slippage_min_spread': 0.3, 'slippage_max_spread': 1.0, 'max_trades_per_day': 3, 'daily_loss_limit_pct': 0.03, 'max_hold_minutes': 720, 'seed': 42, 'sweep_lookback': 20, 'wick_body_min': 1.5, 'atr_percentile_min': 30.0, 'sweep_rr': 2.0, 'sl_atr_buffer': 0.1, 'use_m1_confirmation': False, 'session': 'ny', 'adx_min': 18.0, 'momentum_rr': 1.8, 'use_atr_expansion': False, 'body_mult': 2.0, 'max_wick_pct': 0.45, 'momentum_sl_atr_mult': 1.0, 'session_hours_utc': None, 'close_extreme_pct': None, 'ema_extension_atr_max': None, 'use_m15_ema_trend': False, 'use_m15_ema200_filter': False, 'momentum_atr_percentile_min': 35.0, 'momentum_atr_percentile_max': None, 'session_ranges_utc_minutes': ((720, 810),), 'entry_mode': 'next_m5'}",19.134536639224702,0.14638050595238075,0.0223029471884702,True
sensitivity,XAUUSDm,sens_thai_19_2030_rr1.8_body1.8_wick0.35_atrMin35,75,52.0,1.570648646912027,4.9840674478828255,-0.7288841295579744,6.645423263843733,0.26581693055374916,0.1524390243902439,-77.59841762291197,16,12,75.0,112.26732615056129,4,"{'strategy': 'momentum', 'variant': 'sens_thai_19_2030_rr1.8_body1.8_wick0.35_atrMin35', 'initial_balance': 10000.0, 'risk_pct': 0.0025, 'fee_rate': 0.0001, 'spread_atr_mult': 0.03, 'slippage_min_spread': 0.3, 'slippage_max_spread': 1.0, 'max_trades_per_day': 3, 'daily_loss_limit_pct': 0.03, 'max_hold_minutes': 720, 'seed': 42, 'sweep_lookback': 20, 'wick_body_min': 1.5, 'atr_percentile_min': 30.0, 'sweep_rr': 2.0, 'sl_atr_buffer': 0.1, 'use_m1_confirmation': False, 'session': 'ny', 'adx_min': 18.0, 'momentum_rr': 1.8, 'use_atr_expansion': False, 'body_mult': 1.8, 'max_wick_pct': 0.35, 'momentum_sl_atr_mult': 1.0, 'session_hours_utc': None, 'close_extreme_pct': None, 'ema_extension_atr_max': None, 'use_m15_ema_trend': False, 'use_m15_ema200_filter': False, 'momentum_atr_percentile_min': 35.0, 'momentum_atr_percentile_max': None, 'session_ranges_utc_minutes': ((720, 810),), 'entry_mode': 'next_m5'}",18.869688968996137,0.14895085714285689,0.022414051179142393,True
sensitivity,XAUUSDm,sens_thai_19_2030_rr1.9_body2_wick0.45_atrMin45,70,52.85714285714286,1.5700744555099215,4.609351196483512,-1.2735881837109613,6.584787423547792,0.2633914969419116,0.14227642276422764,-77.5992983276784,16,10,62.5,145.29753353466856,5,"{'strategy': 'momentum', 'variant': 'sens_thai_19_2030_rr1.9_body2_wick0.45_atrMin45', 'initial_balance': 10000.0, 'risk_pct': 0.0025, 'fee_rate': 0.0001, 'spread_atr_mult': 0.03, 'slippage_min_spread': 0.3, 'slippage_max_spread': 1.0, 'max_trades_per_day': 3, 'daily_loss_limit_pct': 0.03, 'max_hold_minutes': 720, 'seed': 42, 'sweep_lookback': 20, 'wick_body_min': 1.5, 'atr_percentile_min': 30.0, 'sweep_rr': 2.0, 'sl_atr_buffer': 0.1, 'use_m1_confirmation': False, 'session': 'ny', 'adx_min': 18.0, 'momentum_rr': 1.9, 'use_atr_expansion': False, 'body_mult': 2.0, 'max_wick_pct': 0.45, 'momentum_sl_atr_mult': 1.0, 'session_hours_utc': None, 'close_extreme_pct': None, 'ema_extension_atr_max': None, 'use_m15_ema_trend': False, 'use_m15_ema200_filter': False, 'momentum_atr_percentile_min': 45.0, 'momentum_atr_percentile_max': None, 'session_ranges_utc_minutes': ((720, 810),), 'entry_mode': 'next_m5'}",18.676193824326187,0.14526832653061209,0.022061202159863125,True
sensitivity,XAUUSDm,sens_thai_19_2030_rr1.9_body2_wick0.45_atrMin40,70,52.85714285714286,1.5698091028601324,4.607469262586456,-1.2735881837109613,6.58209894655199,0.2632839578620795,0.14227642276422764,-77.5992983276784,16,10,62.5,145.29753353466856,5,"{'strategy': 'momentum', 'variant': 'sens_thai_19_2030_rr1.9_body2_wick0.45_atrMin40', 'initial_balance': 10000.0, 'risk_pct': 0.0025, 'fee_rate': 0.0001, 'spread_atr_mult': 0.03, 'slippage_min_spread': 0.3, 'slippage_max_spread': 1.0, 'max_trades_per_day': 3, 'daily_loss_limit_pct': 0.03, 'max_hold_minutes': 720, 'seed': 42, 'sweep_lookback': 20, 'wick_body_min': 1.5, 'atr_percentile_min': 30.0, 'sweep_rr': 2.0, 'sl_atr_buffer': 0.1, 'use_m1_confirmation': False, 'session': 'ny', 'adx_min': 18.0, 'momentum_rr': 1.9, 'use_atr_expansion': False, 'body_mult': 2.0, 'max_wick_pct': 0.45, 'momentum_sl_atr_mult': 1.0, 'session_hours_utc': None, 'close_extreme_pct': None, 'ema_extension_atr_max': None, 'use_m15_ema_trend': False, 'use_m15_ema200_filter': False, 'momentum_atr_percentile_min': 40.0, 'momentum_atr_percentile_max': None, 'session_ranges_utc_minutes': ((720, 810),), 'entry_mode': 'next_m5'}",18.656704312812373,0.14476891836734676,0.02199433942620742,True
sensitivity,XAUUSDm,sens_thai_19_2030_rr1.8_body2_wick0.4_atrMin35,71,52.112676056338024,1.5688444488073394,4.654331605031203,-1.291751002884303,6.55539662680446,0.26221586507217837,0.1443089430894309,-77.5988783890476,16,11,68.75,137.81007802291012,6,"{'strategy': 'momentum', 'variant': 'sens_thai_19_2030_rr1.8_body2_wick0.4_atrMin35', 'initial_balance': 10000.0, 'risk_pct': 0.0025, 'fee_rate': 0.0001, 'spread_atr_mult': 0.03, 'slippage_min_spread': 0.3, 'slippage_max_spread': 1.0, 'max_trades_per_day': 3, 'daily_loss_limit_pct': 0.03, 'max_hold_minutes': 720, 'seed': 42, 'sweep_lookback': 20, 'wick_body_min': 1.5, 'atr_percentile_min': 30.0, 'sweep_rr': 2.0, 'sl_atr_buffer': 0.1, 'use_m1_confirmation': False, 'session': 'ny', 'adx_min': 18.0, 'momentum_rr': 1.8, 'use_atr_expansion': False, 'body_mult': 2.0, 'max_wick_pct': 0.4, 'momentum_sl_atr_mult': 1.0, 'session_hours_utc': None, 'close_extreme_pct': None, 'ema_extension_atr_max': None, 'use_m15_ema_trend': False, 'use_m15_ema200_filter': False, 'momentum_atr_percentile_min': 35.0, 'momentum_atr_percentile_max': None, 'session_ranges_utc_minutes': ((720, 810),), 'entry_mode': 'next_m5'}",19.062227895377273,0.14575101609657926,0.022233744866117747,True
sensitivity,XAUUSDm,sens_thai_19_2030_rr1.9_body2.2_wick0.35_atrMin45,64,51.5625,1.568728311721471,4.244276507496834,-0.8967386632480893,6.631682042963764,0.2652672817185506,0.13008130081300814,-77.59423414755176,16,12,75.0,145.37865869813004,3,"{'strategy': 'momentum', 'variant': 'sens_thai_19_2030_rr1.9_body2.2_wick0.35_atrMin45', 'initial_balance': 10000.0, 'risk_pct': 0.0025, 'fee_rate': 0.0001, 'spread_atr_mult': 0.03, 'slippage_min_spread': 0.3, 'slippage_max_spread': 1.0, 'max_trades_per_day': 3, 'daily_loss_limit_pct': 0.03, 'max_hold_minutes': 720, 'seed': 42, 'sweep_lookback': 20, 'wick_body_min': 1.5, 'atr_percentile_min': 30.0, 'sweep_rr': 2.0, 'sl_atr_buffer': 0.1, 'use_m1_confirmation': False, 'session': 'ny', 'adx_min': 18.0, 'momentum_rr': 1.9, 'use_atr_expansion': False, 'body_mult': 2.2, 'max_wick_pct': 0.35, 'momentum_sl_atr_mult': 1.0, 'session_hours_utc': None, 'close_extreme_pct': None, 'ema_extension_atr_max': None, 'use_m15_ema_trend': False, 'use_m15_ema200_filter': False, 'momentum_atr_percentile_min': 45.0, 'momentum_atr_percentile_max': None, 'session_ranges_utc_minutes': ((720, 810),), 'entry_mode': 'next_m5'}",19.497375618505806,0.14921752232142843,0.022500705153641783,False
sensitivity,XAUUSDm,sens_thai_19_2030_rr1.9_body2.2_wick0.35_atrMin40,64,51.5625,1.5684407600526658,4.242393616299777,-0.8967386632480893,6.628740025468353,0.26514960101873414,0.13008130081300814,-77.59423414755176,16,12,75.0,145.37865869813004,3,"{'strategy': 'momentum', 'variant': 'sens_thai_19_2030_rr1.9_body2.2_wick0.35_atrMin40', 'initial_balance': 10000.0, 'risk_pct': 0.0025, 'fee_rate': 0.0001, 'spread_atr_mult': 0.03, 'slippage_min_spread': 0.3, 'slippage_max_spread': 1.0, 'max_trades_per_day': 3, 'daily_loss_limit_pct': 0.03, 'max_hold_minutes': 720, 'seed': 42, 'sweep_lookback': 20, 'wick_body_min': 1.5, 'atr_percentile_min': 30.0, 'sweep_rr': 2.0, 'sl_atr_buffer': 0.1, 'use_m1_confirmation': False, 'session': 'ny', 'adx_min': 18.0, 'momentum_rr': 1.9, 'use_atr_expansion': False, 'body_mult': 2.2, 'max_wick_pct': 0.35, 'momentum_sl_atr_mult': 1.0, 'session_hours_utc': None, 'close_extreme_pct': None, 'ema_extension_atr_max': None, 'use_m15_ema_trend': False, 'use_m15_ema200_filter': False, 'momentum_atr_percentile_min': 40.0, 'momentum_atr_percentile_max': None, 'session_ranges_utc_minutes': ((720, 810),), 'entry_mode': 'next_m5'}",19.476099617028694,0.14867129464285697,0.022428288644847347,False
sensitivity,XAUUSDm,sens_thai_19_2030_rr2_body2_wick0.35_atrMin35,69,50.72463768115942,1.5671720867211039,4.639891907631117,-1.083141248605064,6.724481025552235,0.26897924102208937,0.1402439024390244,-77.59899899743904,16,12,75.0,95.0232611682955,4,"{'strategy': 'momentum', 'variant': 'sens_thai_19_2030_rr2_body2_wick0.35_atrMin35', 'initial_balance': 10000.0, 'risk_pct': 0.0025, 'fee_rate': 0.0001, 'spread_atr_mult': 0.03, 'slippage_min_spread': 0.3, 'slippage_max_spread': 1.0, 'max_trades_per_day': 3, 'daily_loss_limit_pct': 0.03, 'max_hold_minutes': 720, 'seed': 42, 'sweep_lookback': 20, 'wick_body_min': 1.5, 'atr_percentile_min': 30.0, 'sweep_rr': 2.0, 'sl_atr_buffer': 0.1, 'use_m1_confirmation': False, 'session': 'ny', 'adx_min': 18.0, 'momentum_rr': 2.0, 'use_atr_expansion': False, 'body_mult': 2.0, 'max_wick_pct': 0.35, 'momentum_sl_atr_mult': 1.0, 'session_hours_utc': None, 'close_extreme_pct': None, 'ema_extension_atr_max': None, 'use_m15_ema_trend': False, 'use_m15_ema200_filter': False, 'momentum_atr_percentile_min': 35.0, 'momentum_atr_percentile_max': None, 'session_ranges_utc_minutes': ((720, 810),), 'entry_mode': 'next_m5'}",18.393032781975414,0.14321279503105572,0.021297226430837413,False
sensitivity,XAUUSDm,sens_thai_19_21_rr1.9_body2.2_wick0.35_atrMin45,94,50.0,1.565733218337479,6.046394926686608,-1.628048650199904,6.432335028389974,0.25729340113559906,0.1910569105691057,-75.99607593680688,17,12,70.58823529411765,190.02682966317653,4,"{'strategy': 'momentum', 'variant': 'sens_thai_19_21_rr1.9_body2.2_wick0.35_atrMin45', 'initial_balance': 10000.0, 'risk_pct': 0.0025, 'fee_rate': 0.0001, 'spread_atr_mult': 0.03, 'slippage_min_spread': 0.3, 'slippage_max_spread': 1.0, 'max_trades_per_day': 3, 'daily_loss_limit_pct': 0.03, 'max_hold_minutes': 720, 'seed': 42, 'sweep_lookback': 20, 'wick_body_min': 1.5, 'atr_percentile_min': 30.0, 'sweep_rr': 2.0, 'sl_atr_buffer': 0.1, 'use_m1_confirmation': False, 'session': 'ny', 'adx_min': 18.0, 'momentum_rr': 1.9, 'use_atr_expansion': False, 'body_mult': 2.2, 'max_wick_pct': 0.35, 'momentum_sl_atr_mult': 1.0, 'session_hours_utc': None, 'close_extreme_pct': None, 'ema_extension_atr_max': None, 'use_m15_ema_trend': False, 'use_m15_ema200_filter': False, 'momentum_atr_percentile_min': 45.0, 'momentum_atr_percentile_max': None, 'session_ranges_utc_minutes': ((720, 840),), 'entry_mode': 'next_m5'}",20.63910070137573,0.15429237082066846,0.02398699230367796,True
sensitivity,XAUUSDm,sens_thai_19_21_rr1.9_body2.2_wick0.35_atrMin40,94,50.0,1.5655330333573039,6.044515249737651,-1.628048650199904,6.430335372061292,0.25721341488245175,0.1910569105691057,-75.99607593680688,17,12,70.58823529411765,190.02682966317653,4,"{'strategy': 'momentum', 'variant': 'sens_thai_19_21_rr1.9_body2.2_wick0.35_atrMin40', 'initial_balance': 10000.0, 'risk_pct': 0.0025, 'fee_rate': 0.0001, 'spread_atr_mult': 0.03, 'slippage_min_spread': 0.3, 'slippage_max_spread': 1.0, 'max_trades_per_day': 3, 'daily_loss_limit_pct': 0.03, 'max_hold_minutes': 720, 'seed': 42, 'sweep_lookback': 20, 'wick_body_min': 1.5, 'atr_percentile_min': 30.0, 'sweep_rr': 2.0, 'sl_atr_buffer': 0.1, 'use_m1_confirmation': False, 'session': 'ny', 'adx_min': 18.0, 'momentum_rr': 1.9, 'use_atr_expansion': False, 'body_mult': 2.2, 'max_wick_pct': 0.35, 'momentum_sl_atr_mult': 1.0, 'session_hours_utc': None, 'close_extreme_pct': None, 'ema_extension_atr_max': None, 'use_m15_ema_trend': False, 'use_m15_ema200_filter': False, 'momentum_atr_percentile_min': 40.0, 'momentum_atr_percentile_max': None, 'session_ranges_utc_minutes': ((720, 840),), 'entry_mode': 'next_m5'}",20.624662272668836,0.15392047112461982,0.023936616400036918,True
sensitivity,XAUUSDm,sens_thai_19_21_rr2_body2.2_wick0.4_atrMin35,95,48.421052631578945,1.5630094728766517,6.304791307219948,-2.5231236671656903,6.636622428652696,0.26546489714610777,0.19308943089430894,-145.2569309600068,17,13,76.47058823529412,175.40648021616394,7,"{'strategy': 'momentum', 'variant': 'sens_thai_19_21_rr2_body2.2_wick0.4_atrMin35', 'initial_balance': 10000.0, 'risk_pct': 0.0025, 'fee_rate': 0.0001, 'spread_atr_mult': 0.03, 'slippage_min_spread': 0.3, 'slippage_max_spread': 1.0, 'max_trades_per_day': 3, 'daily_loss_limit_pct': 0.03, 'max_hold_minutes': 720, 'seed': 42, 'sweep_lookback': 20, 'wick_body_min': 1.5, 'atr_percentile_min': 30.0, 'sweep_rr': 2.0, 'sl_atr_buffer': 0.1, 'use_m1_confirmation': False, 'session': 'ny', 'adx_min': 18.0, 'momentum_rr': 2.0, 'use_atr_expansion': False, 'body_mult': 2.2, 'max_wick_pct': 0.4, 'momentum_sl_atr_mult': 1.0, 'session_hours_utc': None, 'close_extreme_pct': None, 'ema_extension_atr_max': None, 'use_m15_ema_trend': False, 'use_m15_ema200_filter': False, 'momentum_atr_percentile_min': 35.0, 'momentum_atr_percentile_max': None, 'session_ranges_utc_minutes': ((720, 840),), 'entry_mode': 'next_m5'}",19.978116071547237,0.1499382406015036,0.022592552493896002,True
sensitivity,XAUUSDm,sens_thai_19_2030_rr1.9_body2_wick0.4_atrMin45,69,52.17391304347826,1.560837563470039,4.537949650414866,-1.2892150180426127,6.576738623789574,0.2630695449515829,0.1402439024390244,-77.59899899743904,16,10,62.5,145.27564658211466,6,"{'strategy': 'momentum', 'variant': 'sens_thai_19_2030_rr1.9_body2_wick0.4_atrMin45', 'initial_balance': 10000.0, 'risk_pct': 0.0025, 'fee_rate': 0.0001, 'spread_atr_mult': 0.03, 'slippage_min_spread': 0.3, 'slippage_max_spread': 1.0, 'max_trades_per_day': 3, 'daily_loss_limit_pct': 0.03, 'max_hold_minutes': 720, 'seed': 42, 'sweep_lookback': 20, 'wick_body_min': 1.5, 'atr_percentile_min': 30.0, 'sweep_rr': 2.0, 'sl_atr_buffer': 0.1, 'use_m1_confirmation': False, 'session': 'ny', 'adx_min': 18.0, 'momentum_rr': 1.9, 'use_atr_expansion': False, 'body_mult': 2.0, 'max_wick_pct': 0.4, 'momentum_sl_atr_mult': 1.0, 'session_hours_utc': None, 'close_extreme_pct': None, 'ema_extension_atr_max': None, 'use_m15_ema_trend': False, 'use_m15_ema200_filter': False, 'momentum_atr_percentile_min': 45.0, 'momentum_atr_percentile_max': None, 'session_ranges_utc_minutes': ((720, 810),), 'entry_mode': 'next_m5'}",18.589523664011512,0.14460447204968924,0.0219872615169199,False
sensitivity,XAUUSDm,sens_thai_19_2030_rr1.9_body2_wick0.4_atrMin40,69,52.17391304347826,1.5605729308501084,4.53606771651781,-1.2892150180426127,6.57401118335905,0.2629604473343619,0.1402439024390244,-77.59899899743904,16,10,62.5,145.27564658211466,6,"{'strategy': 'momentum', 'variant': 'sens_thai_19_2030_rr1.9_body2_wick0.4_atrMin40', 'initial_balance': 10000.0, 'risk_pct': 0.0025, 'fee_rate': 0.0001, 'spread_atr_mult': 0.03, 'slippage_min_spread': 0.3, 'slippage_max_spread': 1.0, 'max_trades_per_day': 3, 'daily_loss_limit_pct': 0.03, 'max_hold_minutes': 720, 'seed': 42, 'sweep_lookback': 20, 'wick_body_min': 1.5, 'atr_percentile_min': 30.0, 'sweep_rr': 2.0, 'sl_atr_buffer': 0.1, 'use_m1_confirmation': False, 'session': 'ny', 'adx_min': 18.0, 'momentum_rr': 1.9, 'use_atr_expansion': False, 'body_mult': 2.0, 'max_wick_pct': 0.4, 'momentum_sl_atr_mult': 1.0, 'session_hours_utc': None, 'close_extreme_pct': None, 'ema_extension_atr_max': None, 'use_m15_ema_trend': False, 'use_m15_ema200_filter': False, 'momentum_atr_percentile_min': 40.0, 'momentum_atr_percentile_max': None, 'session_ranges_utc_minutes': ((720, 810),), 'entry_mode': 'next_m5'}",18.56975169580909,0.14409782608695632,0.02191931563057187,False
sensitivity,XAUUSDm,sens_thai_19_21_rr1.6_body2_wick0.35_atrMin35,103,53.398058252427184,1.5600715924075557,6.094403761434624,-0.848299654657364,5.916896855761809,0.23667587423047237,0.20934959349593496,-75.94178639440621,17,13,76.47058823529412,185.6530284069506,4,"{'strategy': 'momentum', 'variant': 'sens_thai_19_21_rr1.6_body2_wick0.35_atrMin35', 'initial_balance': 10000.0, 'risk_pct': 0.0025, 'fee_rate': 0.0001, 'spread_atr_mult': 0.03, 'slippage_min_spread': 0.3, 'slippage_max_spread': 1.0, 'max_trades_per_day': 3, 'daily_loss_limit_pct': 0.03, 'max_hold_minutes': 720, 'seed': 42, 'sweep_lookback': 20, 'wick_body_min': 1.5, 'atr_percentile_min': 30.0, 'sweep_rr': 2.0, 'sl_atr_buffer': 0.1, 'use_m1_confirmation': False, 'session': 'ny', 'adx_min': 18.0, 'momentum_rr': 1.6, 'use_atr_expansion': False, 'body_mult': 2.0, 'max_wick_pct': 0.35, 'momentum_sl_atr_mult': 1.0, 'session_hours_utc': None, 'close_extreme_pct': None, 'ema_extension_atr_max': None, 'use_m15_ema_trend': False, 'use_m15_ema200_filter': False, 'momentum_atr_percentile_min': 35.0, 'momentum_atr_percentile_max': None, 'session_ranges_utc_minutes': ((720, 840),), 'entry_mode': 'next_m5'}",20.144117037154377,0.14961842579750315,0.025286637479882107,True
sensitivity,XAUUSDm,sens_thai_19_2030_rr1.6_body2_wick0.35_atrMin35,71,54.929577464788736,1.5556247969916155,4.257545671770531,-0.6912662152609581,5.996543199676746,0.2398617279870698,0.1443089430894309,-77.5988783890476,16,12,75.0,95.24464185766698,3,"{'strategy': 'momentum', 'variant': 'sens_thai_19_2030_rr1.6_body2_wick0.35_atrMin35', 'initial_balance': 10000.0, 'risk_pct': 0.0025, 'fee_rate': 0.0001, 'spread_atr_mult': 0.03, 'slippage_min_spread': 0.3, 'slippage_max_spread': 1.0, 'max_trades_per_day': 3, 'daily_loss_limit_pct': 0.03, 'max_hold_minutes': 720, 'seed': 42, 'sweep_lookback': 20, 'wick_body_min': 1.5, 'atr_percentile_min': 30.0, 'sweep_rr': 2.0, 'sl_atr_buffer': 0.1, 'use_m1_confirmation': False, 'session': 'ny', 'adx_min': 18.0, 'momentum_rr': 1.6, 'use_atr_expansion': False, 'body_mult': 2.0, 'max_wick_pct': 0.35, 'momentum_sl_atr_mult': 1.0, 'session_hours_utc': None, 'close_extreme_pct': None, 'ema_extension_atr_max': None, 'use_m15_ema_trend': False, 'use_m15_ema200_filter': False, 'momentum_atr_percentile_min': 35.0, 'momentum_atr_percentile_max': None, 'session_ranges_utc_minutes': ((720, 810),), 'entry_mode': 'next_m5'}",19.305309722916423,0.14702770623742434,0.024518743773137515,True
sensitivity,XAUUSDm,sens_thai_19_2030_rr1.9_body1.8_wick0.35_atrMin35,75,50.66666666666667,1.5542719815297414,4.983992447882811,-0.990123200977871,6.645323263843718,0.26581293055374866,0.1524390243902439,-77.59841762291197,16,11,68.75,119.7675761505609,4,"{'strategy': 'momentum', 'variant': 'sens_thai_19_2030_rr1.9_body1.8_wick0.35_atrMin35', 'initial_balance': 10000.0, 'risk_pct': 0.0025, 'fee_rate': 0.0001, 'spread_atr_mult': 0.03, 'slippage_min_spread': 0.3, 'slippage_max_spread': 1.0, 'max_trades_per_day': 3, 'daily_loss_limit_pct': 0.03, 'max_hold_minutes': 720, 'seed': 42, 'sweep_lookback': 20, 'wick_body_min': 1.5, 'atr_percentile_min': 30.0, 'sweep_rr': 2.0, 'sl_atr_buffer': 0.1, 'use_m1_confirmation': False, 'session': 'ny', 'adx_min': 18.0, 'momentum_rr': 1.9, 'use_atr_expansion': False, 'body_mult': 1.8, 'max_wick_pct': 0.35, 'momentum_sl_atr_mult': 1.0, 'session_hours_utc': None, 'close_extreme_pct': None, 'ema_extension_atr_max': None, 'use_m15_ema_trend': False, 'use_m15_ema200_filter': False, 'momentum_atr_percentile_min': 35.0, 'momentum_atr_percentile_max': None, 'session_ranges_utc_minutes': ((720, 810),), 'entry_mode': 'next_m5'}",18.869688968996137,0.14895085714285689,0.02241438846974952,True
sensitivity,XAUUSDm,sens_thai_19_21_rr1.6_body2.2_wick0.35_atrMin35,96,53.125,1.5536748345390714,5.6345455124656105,-1.026277948923181,5.86931824215172,0.2347727296860688,0.1951219512195122,-76.02289467243484,17,13,76.47058823529412,185.66237846301607,4,"{'strategy': 'momentum', 'variant': 'sens_thai_19_21_rr1.6_body2.2_wick0.35_atrMin35', 'initial_balance': 10000.0, 'risk_pct': 0.0025, 'fee_rate': 0.0001, 'spread_atr_mult': 0.03, 'slippage_min_spread': 0.3, 'slippage_max_spread': 1.0, 'max_trades_per_day': 3, 'daily_loss_limit_pct': 0.03, 'max_hold_minutes': 720, 'seed': 42, 'sweep_lookback': 20, 'wick_body_min': 1.5, 'atr_percentile_min': 30.0, 'sweep_rr': 2.0, 'sl_atr_buffer': 0.1, 'use_m1_confirmation': False, 'session': 'ny', 'adx_min': 18.0, 'momentum_rr': 1.6, 'use_atr_expansion': False, 'body_mult': 2.2, 'max_wick_pct': 0.35, 'momentum_sl_atr_mult': 1.0, 'session_hours_utc': None, 'close_extreme_pct': None, 'ema_extension_atr_max': None, 'use_m15_ema_trend': False, 'use_m15_ema200_filter': False, 'momentum_atr_percentile_min': 35.0, 'momentum_atr_percentile_max': None, 'session_ranges_utc_minutes': ((720, 840),), 'entry_mode': 'next_m5'}",20.51238634465531,0.15197129464285694,0.025892495239301174,True
sensitivity,XAUUSDm,sens_thai_19_2030_rr1.9_body2_wick0.35_atrMin50,66,51.515151515151516,1.5532841584010135,4.167302886950037,-0.9197049969300134,6.314095283257613,0.25256381133030464,0.13414634146341464,-77.59402510398289,16,12,75.0,84.52667446983001,4,"{'strategy': 'momentum', 'variant': 'sens_thai_19_2030_rr1.9_body2_wick0.35_atrMin50', 'initial_balance': 10000.0, 'risk_pct': 0.0025, 'fee_rate': 0.0001, 'spread_atr_mult': 0.03, 'slippage_min_spread': 0.3, 'slippage_max_spread': 1.0, 'max_trades_per_day': 3, 'daily_loss_limit_pct': 0.03, 'max_hold_minutes': 720, 'seed': 42, 'sweep_lookback': 20, 'wick_body_min': 1.5, 'atr_percentile_min': 30.0, 'sweep_rr': 2.0, 'sl_atr_buffer': 0.1, 'use_m1_confirmation': False, 'session': 'ny', 'adx_min': 18.0, 'momentum_rr': 1.9, 'use_atr_expansion': False, 'body_mult': 2.0, 'max_wick_pct': 0.35, 'momentum_sl_atr_mult': 1.0, 'session_hours_utc': None, 'close_extreme_pct': None, 'ema_extension_atr_max': None, 'use_m15_ema_trend': False, 'use_m15_ema200_filter': False, 'momentum_atr_percentile_min': 50.0, 'momentum_atr_percentile_max': None, 'session_ranges_utc_minutes': ((720, 810),), 'entry_mode': 'next_m5'}",19.606240331033575,0.14831896103896075,0.023490136652236104,False
sensitivity,XAUUSDm,sens_thai_19_21_rr1.9_body2_wick0.35_atrMin35,101,49.504950495049506,1.551141993901191,6.420899603174821,-1.7211622449874353,6.3573263397770505,0.25429305359108195,0.20528455284552846,-75.97902118221788,17,11,64.70588235294117,189.91809854789656,4,"{'strategy': 'momentum', 'variant': 'sens_thai_19_21_rr1.9_body2_wick0.35_atrMin35', 'initial_balance': 10000.0, 'risk_pct': 0.0025, 'fee_rate': 0.0001, 'spread_atr_mult': 0.03, 'slippage_min_spread': 0.3, 'slippage_max_spread': 1.0, 'max_trades_per_day': 3, 'daily_loss_limit_pct': 0.03, 'max_hold_minutes': 720, 'seed': 42, 'sweep_lookback': 20, 'wick_body_min': 1.5, 'atr_percentile_min': 30.0, 'sweep_rr': 2.0, 'sl_atr_buffer': 0.1, 'use_m1_confirmation': False, 'session': 'ny', 'adx_min': 18.0, 'momentum_rr': 1.9, 'use_atr_expansion': False, 'body_mult': 2.0, 'max_wick_pct': 0.35, 'momentum_sl_atr_mult': 1.0, 'session_hours_utc': None, 'close_extreme_pct': None, 'ema_extension_atr_max': None, 'use_m15_ema_trend': False, 'use_m15_ema200_filter': False, 'momentum_atr_percentile_min': 35.0, 'momentum_atr_percentile_max': None, 'session_ranges_utc_minutes': ((720, 840),), 'entry_mode': 'next_m5'}",20.09540192274458,0.1496792291371991,0.023544367732182256,True
sensitivity,XAUUSDm,sens_thai_19_21_rr1.8_body2_wick0.4_atrMin35,103,50.48543689320388,1.549163241440614,6.400546410798215,-2.028551737364765,6.214122728930301,0.24856490915721197,0.20934959349593496,-75.94178639440621,17,10,58.82352941176471,249.92149572312587,7,"{'strategy': 'momentum', 'variant': 'sens_thai_19_21_rr1.8_body2_wick0.4_atrMin35', 'initial_balance': 10000.0, 'risk_pct': 0.0025, 'fee_rate': 0.0001, 'spread_atr_mult': 0.03, 'slippage_min_spread': 0.3, 'slippage_max_spread': 1.0, 'max_trades_per_day': 3, 'daily_loss_limit_pct': 0.03, 'max_hold_minutes': 720, 'seed': 42, 'sweep_lookback': 20, 'wick_body_min': 1.5, 'atr_percentile_min': 30.0, 'sweep_rr': 2.0, 'sl_atr_buffer': 0.1, 'use_m1_confirmation': False, 'session': 'ny', 'adx_min': 18.0, 'momentum_rr': 1.8, 'use_atr_expansion': False, 'body_mult': 2.0, 'max_wick_pct': 0.4, 'momentum_sl_atr_mult': 1.0, 'session_hours_utc': None, 'close_extreme_pct': None, 'ema_extension_atr_max': None, 'use_m15_ema_trend': False, 'use_m15_ema200_filter': False, 'momentum_atr_percentile_min': 35.0, 'momentum_atr_percentile_max': None, 'session_ranges_utc_minutes': ((720, 840),), 'entry_mode': 'next_m5'}",20.077666231255993,0.1496044244105406,0.02407490661779921,True
sensitivity,XAUUSDm,sens_thai_19_21_rr1.8_body2_wick0.35_atrMin35,101,50.495049504950494,1.546068854987738,6.220959603174924,-1.08428856741487,6.159365943737506,0.24637463774950022,0.20528455284552846,-75.97902118221788,17,11,64.70588235294117,179.91759854789643,4,"{'strategy': 'momentum', 'variant': 'sens_thai_19_21_rr1.8_body2_wick0.35_atrMin35', 'initial_balance': 10000.0, 'risk_pct': 0.0025, 'fee_rate': 0.0001, 'spread_atr_mult': 0.03, 'slippage_min_spread': 0.3, 'slippage_max_spread': 1.0, 'max_trades_per_day': 3, 'daily_loss_limit_pct': 0.03, 'max_hold_minutes': 720, 'seed': 42, 'sweep_lookback': 20, 'wick_body_min': 1.5, 'atr_percentile_min': 30.0, 'sweep_rr': 2.0, 'sl_atr_buffer': 0.1, 'use_m1_confirmation': False, 'session': 'ny', 'adx_min': 18.0, 'momentum_rr': 1.8, 'use_atr_expansion': False, 'body_mult': 2.0, 'max_wick_pct': 0.35, 'momentum_sl_atr_mult': 1.0, 'session_hours_utc': None, 'close_extreme_pct': None, 'ema_extension_atr_max': None, 'use_m15_ema_trend': False, 'use_m15_ema200_filter': False, 'momentum_atr_percentile_min': 35.0, 'momentum_atr_percentile_max': None, 'session_ranges_utc_minutes': ((720, 840),), 'entry_mode': 'next_m5'}",20.09540192274458,0.1496792291371991,0.02430107749798248,True
sensitivity,XAUUSDm,sens_thai_19_2030_rr2_body2.2_wick0.45_atrMin35,65,50.76923076923077,1.5448810972226386,4.335576816870725,-1.800767967452125,6.670118179801109,0.26680472719204434,0.13211382113821138,-93.55087831960687,16,12,75.0,95.13670048321583,5,"{'strategy': 'momentum', 'variant': 'sens_thai_19_2030_rr2_body2.2_wick0.45_atrMin35', 'initial_balance': 10000.0, 'risk_pct': 0.0025, 'fee_rate': 0.0001, 'spread_atr_mult': 0.03, 'slippage_min_spread': 0.3, 'slippage_max_spread': 1.0, 'max_trades_per_day': 3, 'daily_loss_limit_pct': 0.03, 'max_hold_minutes': 720, 'seed': 42, 'sweep_lookback': 20, 'wick_body_min': 1.5, 'atr_percentile_min': 30.0, 'sweep_rr': 2.0, 'sl_atr_buffer': 0.1, 'use_m1_confirmation': False, 'session': 'ny', 'adx_min': 18.0, 'momentum_rr': 2.0, 'use_atr_expansion': False, 'body_mult': 2.2, 'max_wick_pct': 0.45, 'momentum_sl_atr_mult': 1.0, 'session_hours_utc': None, 'close_extreme_pct': None, 'ema_extension_atr_max': None, 'use_m15_ema_trend': False, 'use_m15_ema200_filter': False, 'momentum_atr_percentile_min': 35.0, 'momentum_atr_percentile_max': None, 'session_ranges_utc_minutes': ((720, 810),), 'entry_mode': 'next_m5'}",18.498707054105314,0.14370395604395597,0.021544439269326553,False
sensitivity,XAUUSDm,sens_thai_19_21_rr1.8_body2.2_wick0.35_atrMin50,91,50.54945054945055,1.5410392534048276,5.432813039715511,-2.063560424627048,5.9701242194675554,0.23880496877870228,0.18495934959349594,-76.02647417954559,17,12,70.58823529411765,191.63233686948553,4,"{'strategy': 'momentum', 'variant': 'sens_thai_19_21_rr1.8_body2.2_wick0.35_atrMin50', 'initial_balance': 10000.0, 'risk_pct': 0.0025, 'fee_rate': 0.0001, 'spread_atr_mult': 0.03, 'slippage_min_spread': 0.3, 'slippage_max_spread': 1.0, 'max_trades_per_day': 3, 'daily_loss_limit_pct': 0.03, 'max_hold_minutes': 720, 'seed': 42, 'sweep_lookback': 20, 'wick_body_min': 1.5, 'atr_percentile_min': 30.0, 'sweep_rr': 2.0, 'sl_atr_buffer': 0.1, 'use_m1_confirmation': False, 'session': 'ny', 'adx_min': 18.0, 'momentum_rr': 1.8, 'use_atr_expansion': False, 'body_mult': 2.2, 'max_wick_pct': 0.35, 'momentum_sl_atr_mult': 1.0, 'session_hours_utc': None, 'close_extreme_pct': None, 'ema_extension_atr_max': None, 'use_m15_ema_trend': False, 'use_m15_ema200_filter': False, 'momentum_atr_percentile_min': 50.0, 'momentum_atr_percentile_max': None, 'session_ranges_utc_minutes': ((720, 840),), 'entry_mode': 'next_m5'}",20.951680038573567,0.1549116405023545,0.02594780858951211,True
sensitivity,XAUUSDm,sens_thai_19_2030_rr1.7_body2_wick0.35_atrMin45,69,53.62318840579711,1.5393347565089068,4.132471766292147,-0.6402321593670328,5.989089516365398,0.23956358065461597,0.1402439024390244,-77.59899899743904,16,13,81.25,88.50872443084484,3,"{'strategy': 'momentum', 'variant': 'sens_thai_19_2030_rr1.7_body2_wick0.35_atrMin45', 'initial_balance': 10000.0, 'risk_pct': 0.0025, 'fee_rate': 0.0001, 'spread_atr_mult': 0.03, 'slippage_min_spread': 0.3, 'slippage_max_spread': 1.0, 'max_trades_per_day': 3, 'daily_loss_limit_pct': 0.03, 'max_hold_minutes': 720, 'seed': 42, 'sweep_lookback': 20, 'wick_body_min': 1.5, 'atr_percentile_min': 30.0, 'sweep_rr': 2.0, 'sl_atr_buffer': 0.1, 'use_m1_confirmation': False, 'session': 'ny', 'adx_min': 18.0, 'momentum_rr': 1.7, 'use_atr_expansion': False, 'body_mult': 2.0, 'max_wick_pct': 0.35, 'momentum_sl_atr_mult': 1.0, 'session_hours_utc': None, 'close_extreme_pct': None, 'ema_extension_atr_max': None, 'use_m15_ema_trend': False, 'use_m15_ema200_filter': False, 'momentum_atr_percentile_min': 45.0, 'momentum_atr_percentile_max': None, 'session_ranges_utc_minutes': ((720, 810),), 'entry_mode': 'next_m5'}",19.232218056618436,0.1477619565217389,0.024671856401206584,False
sensitivity,XAUUSDm,sens_thai_19_2030_rr1.7_body2_wick0.35_atrMin40,69,53.62318840579711,1.5390560849443076,4.1305864586323695,-0.6402409621569379,5.986357186423677,0.23945428745694705,0.1402439024390244,-77.59899899743904,16,13,81.25,88.50872443084484,3,"{'strategy': 'momentum', 'variant': 'sens_thai_19_2030_rr1.7_body2_wick0.35_atrMin40', 'initial_balance': 10000.0, 'risk_pct': 0.0025, 'fee_rate': 0.0001, 'spread_atr_mult': 0.03, 'slippage_min_spread': 0.3, 'slippage_max_spread': 1.0, 'max_trades_per_day': 3, 'daily_loss_limit_pct': 0.03, 'max_hold_minutes': 720, 'seed': 42, 'sweep_lookback': 20, 'wick_body_min': 1.5, 'atr_percentile_min': 30.0, 'sweep_rr': 2.0, 'sl_atr_buffer': 0.1, 'use_m1_confirmation': False, 'session': 'ny', 'adx_min': 18.0, 'momentum_rr': 1.7, 'use_atr_expansion': False, 'body_mult': 2.0, 'max_wick_pct': 0.35, 'momentum_sl_atr_mult': 1.0, 'session_hours_utc': None, 'close_extreme_pct': None, 'ema_extension_atr_max': None, 'use_m15_ema_trend': False, 'use_m15_ema200_filter': False, 'momentum_atr_percentile_min': 40.0, 'momentum_atr_percentile_max': None, 'session_ranges_utc_minutes': ((720, 810),), 'entry_mode': 'next_m5'}",19.21254375153523,0.14725531055900598,0.024598483848067558,False
sensitivity,XAUUSDm,sens_thai_19_21_rr2_body2.2_wick0.35_atrMin50,90,48.888888888888886,1.5369459624205117,5.621808864619107,-1.8628274560643132,6.246454294021216,0.24985817176084868,0.18292682926829268,-75.94394638623235,17,11,64.70588235294117,175.50405580249196,4,"{'strategy': 'momentum', 'variant': 'sens_thai_19_21_rr2_body2.2_wick0.35_atrMin50', 'initial_balance': 10000.0, 'risk_pct': 0.0025, 'fee_rate': 0.0001, 'spread_atr_mult': 0.03, 'slippage_min_spread': 0.3, 'slippage_max_spread': 1.0, 'max_trades_per_day': 3, 'daily_loss_limit_pct': 0.03, 'max_hold_minutes': 720, 'seed': 42, 'sweep_lookback': 20, 'wick_body_min': 1.5, 'atr_percentile_min': 30.0, 'sweep_rr': 2.0, 'sl_atr_buffer': 0.1, 'use_m1_confirmation': False, 'session': 'ny', 'adx_min': 18.0, 'momentum_rr': 2.0, 'use_atr_expansion': False, 'body_mult': 2.2, 'max_wick_pct': 0.35, 'momentum_sl_atr_mult': 1.0, 'session_hours_utc': None, 'close_extreme_pct': None, 'ema_extension_atr_max': None, 'use_m15_ema_trend': False, 'use_m15_ema200_filter': False, 'momentum_atr_percentile_min': 50.0, 'momentum_atr_percentile_max': None, 'session_ranges_utc_minutes': ((720, 840),), 'entry_mode': 'next_m5'}",20.4720528252723,0.1528143333333331,0.024464172175180904,True
sensitivity,XAUUSDm,sens_thai_19_21_rr1.9_body2.2_wick0.35_atrMin50,91,49.45054945054945,1.5348330735157216,5.50775553971549,-1.963119482207643,6.052478615071958,0.24209914460287832,0.18495934959349594,-76.02647417954559,17,12,70.58823529411765,163.00380580249126,4,"{'strategy': 'momentum', 'variant': 'sens_thai_19_21_rr1.9_body2.2_wick0.35_atrMin50', 'initial_balance': 10000.0, 'risk_pct': 0.0025, 'fee_rate': 0.0001, 'spread_atr_mult': 0.03, 'slippage_min_spread': 0.3, 'slippage_max_spread': 1.0, 'max_trades_per_day': 3, 'daily_loss_limit_pct': 0.03, 'max_hold_minutes': 720, 'seed': 42, 'sweep_lookback': 20, 'wick_body_min': 1.5, 'atr_percentile_min': 30.0, 'sweep_rr': 2.0, 'sl_atr_buffer': 0.1, 'use_m1_confirmation': False, 'session': 'ny', 'adx_min': 18.0, 'momentum_rr': 1.9, 'use_atr_expansion': False, 'body_mult': 2.2, 'max_wick_pct': 0.35, 'momentum_sl_atr_mult': 1.0, 'session_hours_utc': None, 'close_extreme_pct': None, 'ema_extension_atr_max': None, 'use_m15_ema_trend': False, 'use_m15_ema200_filter': False, 'momentum_atr_percentile_min': 50.0, 'momentum_atr_percentile_max': None, 'session_ranges_utc_minutes': ((720, 840),), 'entry_mode': 'next_m5'}",20.951680038573567,0.1549116405023545,0.02559474396433085,True
sensitivity,XAUUSDm,sens_thai_19_2030_rr2_body2.2_wick0.4_atrMin35,65,49.23076923076923,1.533592147859805,4.2544588695779195,-1.816865578427379,6.5453213378121635,0.2618128535124865,0.13211382113821138,-93.55087831960687,16,12,75.0,95.13670048321583,6,"{'strategy': 'momentum', 'variant': 'sens_thai_19_2030_rr2_body2.2_wick0.4_atrMin35', 'initial_balance': 10000.0, 'risk_pct': 0.0025, 'fee_rate': 0.0001, 'spread_atr_mult': 0.03, 'slippage_min_spread': 0.3, 'slippage_max_spread': 1.0, 'max_trades_per_day': 3, 'daily_loss_limit_pct': 0.03, 'max_hold_minutes': 720, 'seed': 42, 'sweep_lookback': 20, 'wick_body_min': 1.5, 'atr_percentile_min': 30.0, 'sweep_rr': 2.0, 'sl_atr_buffer': 0.1, 'use_m1_confirmation': False, 'session': 'ny', 'adx_min': 18.0, 'momentum_rr': 2.0, 'use_atr_expansion': False, 'body_mult': 2.2, 'max_wick_pct': 0.4, 'momentum_sl_atr_mult': 1.0, 'session_hours_utc': None, 'close_extreme_pct': None, 'ema_extension_atr_max': None, 'use_m15_ema_trend': False, 'use_m15_ema200_filter': False, 'momentum_atr_percentile_min': 35.0, 'momentum_atr_percentile_max': None, 'session_ranges_utc_minutes': ((720, 810),), 'entry_mode': 'next_m5'}",18.61203434819274,0.14398460439560434,0.021998095580702624,False
sensitivity,XAUUSDm,sens_thai_19_2030_rr1.6_body2_wick0.35_atrMin50,66,54.54545454545454,1.5335141661035578,3.742455386949987,-0.6880544708460999,5.670386949924212,0.2268154779969686,0.13414634146341464,-77.59402510398289,16,13,81.25,75.76744837164547,4,"{'strategy': 'momentum', 'variant': 'sens_thai_19_2030_rr1.6_body2_wick0.35_atrMin50', 'initial_balance': 10000.0, 'risk_pct': 0.0025, 'fee_rate': 0.0001, 'spread_atr_mult': 0.03, 'slippage_min_spread': 0.3, 'slippage_max_spread': 1.0, 'max_trades_per_day': 3, 'daily_loss_limit_pct': 0.03, 'max_hold_minutes': 720, 'seed': 42, 'sweep_lookback': 20, 'wick_body_min': 1.5, 'atr_percentile_min': 30.0, 'sweep_rr': 2.0, 'sl_atr_buffer': 0.1, 'use_m1_confirmation': False, 'session': 'ny', 'adx_min': 18.0, 'momentum_rr': 1.6, 'use_atr_expansion': False, 'body_mult': 2.0, 'max_wick_pct': 0.35, 'momentum_sl_atr_mult': 1.0, 'session_hours_utc': None, 'close_extreme_pct': None, 'ema_extension_atr_max': None, 'use_m15_ema_trend': False, 'use_m15_ema200_filter': False, 'momentum_atr_percentile_min': 50.0, 'momentum_atr_percentile_max': None, 'session_ranges_utc_minutes': ((720, 810),), 'entry_mode': 'next_m5'}",19.606240331033575,0.14831896103896075,0.026156761848667685,False
sensitivity,XAUUSDm,sens_thai_19_2030_rr1.9_body1.8_wick0.35_atrMin50,70,51.42857142857142,1.5303938347547756,4.378590874385082,-0.8611162683010775,6.255129820550065,0.2502051928220025,0.14227642276422764,-77.5992983276784,16,12,75.0,118.84244862731329,5,"{'strategy': 'momentum', 'variant': 'sens_thai_19_2030_rr1.9_body1.8_wick0.35_atrMin50', 'initial_balance': 10000.0, 'risk_pct': 0.0025, 'fee_rate': 0.0001, 'spread_atr_mult': 0.03, 'slippage_min_spread': 0.3, 'slippage_max_spread': 1.0, 'max_trades_per_day': 3, 'daily_loss_limit_pct': 0.03, 'max_hold_minutes': 720, 'seed': 42, 'sweep_lookback': 20, 'wick_body_min': 1.5, 'atr_percentile_min': 30.0, 'sweep_rr': 2.0, 'sl_atr_buffer': 0.1, 'use_m1_confirmation': False, 'session': 'ny', 'adx_min': 18.0, 'momentum_rr': 1.9, 'use_atr_expansion': False, 'body_mult': 1.8, 'max_wick_pct': 0.35, 'momentum_sl_atr_mult': 1.0, 'session_hours_utc': None, 'close_extreme_pct': None, 'ema_extension_atr_max': None, 'use_m15_ema_trend': False, 'use_m15_ema200_filter': False, 'momentum_atr_percentile_min': 50.0, 'momentum_atr_percentile_max': None, 'session_ranges_utc_minutes': ((720, 810),), 'entry_mode': 'next_m5'}",18.729238806624185,0.14844777551020383,0.02373216540166861,True
sensitivity,XAUUSDm,sens_thai_19_2030_rr1.9_body2.2_wick0.45_atrMin35,66,51.515151515151516,1.5300830429369967,4.22247663975546,-1.851923374926888,6.397691878417447,0.255907675136698,0.13414634146341464,-93.55087831960687,16,12,75.0,145.29029770512938,5,"{'strategy': 'momentum', 'variant': 'sens_thai_19_2030_rr1.9_body2.2_wick0.45_atrMin35', 'initial_balance': 10000.0, 'risk_pct': 0.0025, 'fee_rate': 0.0001, 'spread_atr_mult': 0.03, 'slippage_min_spread': 0.3, 'slippage_max_spread': 1.0, 'max_trades_per_day': 3, 'daily_loss_limit_pct': 0.03, 'max_hold_minutes': 720, 'seed': 42, 'sweep_lookback': 20, 'wick_body_min': 1.5, 'atr_percentile_min': 30.0, 'sweep_rr': 2.0, 'sl_atr_buffer': 0.1, 'use_m1_confirmation': False, 'session': 'ny', 'adx_min': 18.0, 'momentum_rr': 1.9, 'use_atr_expansion': False, 'body_mult': 2.2, 'max_wick_pct': 0.45, 'momentum_sl_atr_mult': 1.0, 'session_hours_utc': None, 'close_extreme_pct': None, 'ema_extension_atr_max': None, 'use_m15_ema_trend': False, 'use_m15_ema200_filter': False, 'momentum_atr_percentile_min': 35.0, 'momentum_atr_percentile_max': None, 'session_ranges_utc_minutes': ((720, 810),), 'entry_mode': 'next_m5'}",19.192531574325255,0.14673373376623364,0.022935417421592073,False
sensitivity,XAUUSDm,sens_thai_19_21_rr1.9_body2.2_wick0.4_atrMin35,96,48.95833333333333,1.529997921614932,5.9398475583667825,-2.6003952510367254,6.187341206632161,0.2474936482652865,0.1951219512195122,-145.2569309600068,17,13,76.47058823529412,189.92282643926737,7,"{'strategy': 'momentum', 'variant': 'sens_thai_19_21_rr1.9_body2.2_wick0.4_atrMin35', 'initial_balance': 10000.0, 'risk_pct': 0.0025, 'fee_rate': 0.0001, 'spread_atr_mult': 0.03, 'slippage_min_spread': 0.3, 'slippage_max_spread': 1.0, 'max_trades_per_day': 3, 'daily_loss_limit_pct': 0.03, 'max_hold_minutes': 720, 'seed': 42, 'sweep_lookback': 20, 'wick_body_min': 1.5, 'atr_percentile_min': 30.0, 'sweep_rr': 2.0, 'sl_atr_buffer': 0.1, 'use_m1_confirmation': False, 'session': 'ny', 'adx_min': 18.0, 'momentum_rr': 1.9, 'use_atr_expansion': False, 'body_mult': 2.2, 'max_wick_pct': 0.4, 'momentum_sl_atr_mult': 1.0, 'session_hours_utc': None, 'close_extreme_pct': None, 'ema_extension_atr_max': None, 'use_m15_ema_trend': False, 'use_m15_ema200_filter': False, 'momentum_atr_percentile_min': 35.0, 'momentum_atr_percentile_max': None, 'session_ranges_utc_minutes': ((720, 840),), 'entry_mode': 'next_m5'}",20.439989725150166,0.15195627232142836,0.02455921974345744,True
sensitivity,XAUUSDm,sens_thai_19_21_rr1.8_body2.2_wick0.35_atrMin35,94,50.0,1.525323377014249,5.614747461445131,-1.7342702738175095,5.973135597282064,0.2389254238912826,0.1910569105691057,-75.99607593680688,17,13,76.47058823529412,180.0263296631767,4,"{'strategy': 'momentum', 'variant': 'sens_thai_19_21_rr1.8_body2.2_wick0.35_atrMin35', 'initial_balance': 10000.0, 'risk_pct': 0.0025, 'fee_rate': 0.0001, 'spread_atr_mult': 0.03, 'slippage_min_spread': 0.3, 'slippage_max_spread': 1.0, 'max_trades_per_day': 3, 'daily_loss_limit_pct': 0.03, 'max_hold_minutes': 720, 'seed': 42, 'sweep_lookback': 20, 'wick_body_min': 1.5, 'atr_percentile_min': 30.0, 'sweep_rr': 2.0, 'sl_atr_buffer': 0.1, 'use_m1_confirmation': False, 'session': 'ny', 'adx_min': 18.0, 'momentum_rr': 1.8, 'use_atr_expansion': False, 'body_mult': 2.2, 'max_wick_pct': 0.35, 'momentum_sl_atr_mult': 1.0, 'session_hours_utc': None, 'close_extreme_pct': None, 'ema_extension_atr_max': None, 'use_m15_ema_trend': False, 'use_m15_ema200_filter': False, 'momentum_atr_percentile_min': 35.0, 'momentum_atr_percentile_max': None, 'session_ranges_utc_minutes': ((720, 840),), 'entry_mode': 'next_m5'}",20.466223705427943,0.15208668693009098,0.02546178375714331,True
sensitivity,XAUUSDm,sens_thai_19_2030_rr1.7_body2.2_wick0.35_atrMin35,66,53.03030303030303,1.5249873305520267,3.918090384175157,-1.0469280971727555,5.936500582083579,0.23746002328334317,0.13414634146341464,-77.59402510398289,16,13,81.25,102.74122379986747,3,"{'strategy': 'momentum', 'variant': 'sens_thai_19_2030_rr1.7_body2.2_wick0.35_atrMin35', 'initial_balance': 10000.0, 'risk_pct': 0.0025, 'fee_rate': 0.0001, 'spread_atr_mult': 0.03, 'slippage_min_spread': 0.3, 'slippage_max_spread': 1.0, 'max_trades_per_day': 3, 'daily_loss_limit_pct': 0.03, 'max_hold_minutes': 720, 'seed': 42, 'sweep_lookback': 20, 'wick_body_min': 1.5, 'atr_percentile_min': 30.0, 'sweep_rr': 2.0, 'sl_atr_buffer': 0.1, 'use_m1_confirmation': False, 'session': 'ny', 'adx_min': 18.0, 'momentum_rr': 1.7, 'use_atr_expansion': False, 'body_mult': 2.2, 'max_wick_pct': 0.35, 'momentum_sl_atr_mult': 1.0, 'session_hours_utc': None, 'close_extreme_pct': None, 'ema_extension_atr_max': None, 'use_m15_ema_trend': False, 'use_m15_ema200_filter': False, 'momentum_atr_percentile_min': 35.0, 'momentum_atr_percentile_max': None, 'session_ranges_utc_minutes': ((720, 810),), 'entry_mode': 'next_m5'}",19.571246012711622,0.14838353896103884,0.02499511907888326,False
sensitivity,XAUUSDm,sens_thai_19_21_rr1.6_body2_wick0.35_atrMin45,102,52.94117647058824,1.5244634602227511,5.706711511019985,-0.848299654657364,5.59481520688232,0.22379260827529282,0.2073170731707317,-75.93896270915303,17,13,76.47058823529412,185.59794883247181,4,"{'strategy': 'momentum', 'variant': 'sens_thai_19_21_rr1.6_body2_wick0.35_atrMin45', 'initial_balance': 10000.0, 'risk_pct': 0.0025, 'fee_rate': 0.0001, 'spread_atr_mult': 0.03, 'slippage_min_spread': 0.3, 'slippage_max_spread': 1.0, 'max_trades_per_day': 3, 'daily_loss_limit_pct': 0.03, 'max_hold_minutes': 720, 'seed': 42, 'sweep_lookback': 20, 'wick_body_min': 1.5, 'atr_percentile_min': 30.0, 'sweep_rr': 2.0, 'sl_atr_buffer': 0.1, 'use_m1_confirmation': False, 'session': 'ny', 'adx_min': 18.0, 'momentum_rr': 1.6, 'use_atr_expansion': False, 'body_mult': 2.0, 'max_wick_pct': 0.35, 'momentum_sl_atr_mult': 1.0, 'session_hours_utc': None, 'close_extreme_pct': None, 'ema_extension_atr_max': None, 'use_m15_ema_trend': False, 'use_m15_ema200_filter': False, 'momentum_atr_percentile_min': 45.0, 'momentum_atr_percentile_max': None, 'session_ranges_utc_minutes': ((720, 840),), 'entry_mode': 'next_m5'}",20.13615617747567,0.15102369747899125,0.02699350950737627,True
sensitivity,XAUUSDm,sens_thai_19_21_rr1.6_body2_wick0.35_atrMin40,102,52.94117647058824,1.5242687372170234,5.70483328575001,-0.848299654657364,5.592973809558802,0.2237189523823521,0.2073170731707317,-75.93896270915303,17,13,76.47058823529412,185.59794883247181,4,"{'strategy': 'momentum', 'variant': 'sens_thai_19_21_rr1.6_body2_wick0.35_atrMin40', 'initial_balance': 10000.0, 'risk_pct': 0.0025, 'fee_rate': 0.0001, 'spread_atr_mult': 0.03, 'slippage_min_spread': 0.3, 'slippage_max_spread': 1.0, 'max_trades_per_day': 3, 'daily_loss_limit_pct': 0.03, 'max_hold_minutes': 720, 'seed': 42, 'sweep_lookback': 20, 'wick_body_min': 1.5, 'atr_percentile_min': 30.0, 'sweep_rr': 2.0, 'sl_atr_buffer': 0.1, 'use_m1_confirmation': False, 'session': 'ny', 'adx_min': 18.0, 'momentum_rr': 1.6, 'use_atr_expansion': False, 'body_mult': 2.0, 'max_wick_pct': 0.35, 'momentum_sl_atr_mult': 1.0, 'session_hours_utc': None, 'close_extreme_pct': None, 'ema_extension_atr_max': None, 'use_m15_ema_trend': False, 'use_m15_ema200_filter': False, 'momentum_atr_percentile_min': 40.0, 'momentum_atr_percentile_max': None, 'session_ranges_utc_minutes': ((720, 840),), 'entry_mode': 'next_m5'}",20.122829157754932,0.15068096638655423,0.026941117823407187,True
sensitivity,XAUUSDm,sens_thai_19_2030_rr1.9_body2.2_wick0.35_atrMin50,61,50.81967213114754,1.5230505271300034,3.7001892172361295,-0.8276896022347867,6.065883962682295,0.24263535850729187,0.12398373983739837,-77.5981789933033,16,12,75.0,84.50918567072718,4,"{'strategy': 'momentum', 'variant': 'sens_thai_19_2030_rr1.9_body2.2_wick0.35_atrMin50', 'initial_balance': 10000.0, 'risk_pct': 0.0025, 'fee_rate': 0.0001, 'spread_atr_mult': 0.03, 'slippage_min_spread': 0.3, 'slippage_max_spread': 1.0, 'max_trades_per_day': 3, 'daily_loss_limit_pct': 0.03, 'max_hold_minutes': 720, 'seed': 42, 'sweep_lookback': 20, 'wick_body_min': 1.5, 'atr_percentile_min': 30.0, 'sweep_rr': 2.0, 'sl_atr_buffer': 0.1, 'use_m1_confirmation': False, 'session': 'ny', 'adx_min': 18.0, 'momentum_rr': 1.9, 'use_atr_expansion': False, 'body_mult': 2.2, 'max_wick_pct': 0.35, 'momentum_sl_atr_mult': 1.0, 'session_hours_utc': None, 'close_extreme_pct': None, 'ema_extension_atr_max': None, 'use_m15_ema_trend': False, 'use_m15_ema200_filter': False, 'momentum_atr_percentile_min': 50.0, 'momentum_atr_percentile_max': None, 'session_ranges_utc_minutes': ((720, 810),), 'entry_mode': 'next_m5'}",19.91162279465408,0.14989176814988273,0.02471062240425739,False
sensitivity,XAUUSDm,sens_thai_19_21_rr2_body2.2_wick0.45_atrMin35,97,48.45360824742268,1.5219771212302367,6.024297979366329,-2.5070239552353266,6.210616473573633,0.24842465894294524,0.19715447154471544,-145.2569309600068,17,13,76.47058823529412,175.40648021616394,6,"{'strategy': 'momentum', 'variant': 'sens_thai_19_21_rr2_body2.2_wick0.45_atrMin35', 'initial_balance': 10000.0, 'risk_pct': 0.0025, 'fee_rate': 0.0001, 'spread_atr_mult': 0.03, 'slippage_min_spread': 0.3, 'slippage_max_spread': 1.0, 'max_trades_per_day': 3, 'daily_loss_limit_pct': 0.03, 'max_hold_minutes': 720, 'seed': 42, 'sweep_lookback': 20, 'wick_body_min': 1.5, 'atr_percentile_min': 30.0, 'sweep_rr': 2.0, 'sl_atr_buffer': 0.1, 'use_m1_confirmation': False, 'session': 'ny', 'adx_min': 18.0, 'momentum_rr': 2.0, 'use_atr_expansion': False, 'body_mult': 2.2, 'max_wick_pct': 0.45, 'momentum_sl_atr_mult': 1.0, 'session_hours_utc': None, 'close_extreme_pct': None, 'ema_extension_atr_max': None, 'use_m15_ema_trend': False, 'use_m15_ema200_filter': False, 'momentum_atr_percentile_min': 35.0, 'momentum_atr_percentile_max': None, 'session_ranges_utc_minutes': ((720, 840),), 'entry_mode': 'next_m5'}",19.829271603281676,0.14922379970544902,0.024027212168131935,True
sensitivity,XAUUSDm,sens_thai_19_2030_rr1.9_body2.2_wick0.4_atrMin35,66,50.0,1.5188367446116753,4.141358692462655,-1.8680368814265425,6.274785897670759,0.25099143590683043,0.13414634146341464,-93.55087831960687,16,12,75.0,145.29029770512938,6,"{'strategy': 'momentum', 'variant': 'sens_thai_19_2030_rr1.9_body2.2_wick0.4_atrMin35', 'initial_balance': 10000.0, 'risk_pct': 0.0025, 'fee_rate': 0.0001, 'spread_atr_mult': 0.03, 'slippage_min_spread': 0.3, 'slippage_max_spread': 1.0, 'max_trades_per_day': 3, 'daily_loss_limit_pct': 0.03, 'max_hold_minutes': 720, 'seed': 42, 'sweep_lookback': 20, 'wick_body_min': 1.5, 'atr_percentile_min': 30.0, 'sweep_rr': 2.0, 'sl_atr_buffer': 0.1, 'use_m1_confirmation': False, 'session': 'ny', 'adx_min': 18.0, 'momentum_rr': 1.9, 'use_atr_expansion': False, 'body_mult': 2.2, 'max_wick_pct': 0.4, 'momentum_sl_atr_mult': 1.0, 'session_hours_utc': None, 'close_extreme_pct': None, 'ema_extension_atr_max': None, 'use_m15_ema_trend': False, 'use_m15_ema200_filter': False, 'momentum_atr_percentile_min': 35.0, 'momentum_atr_percentile_max': None, 'session_ranges_utc_minutes': ((720, 810),), 'entry_mode': 'next_m5'}",19.304141788199235,0.14701012987012974,0.023428708527680735,False
sensitivity,XAUUSDm,sens_thai_19_21_rr1.6_body2.2_wick0.35_atrMin45,95,52.63157894736842,1.5159704843131916,5.2506122918695475,-1.0262638236745145,5.526960307231131,0.22107841228924519,0.19308943089430894,-75.95111552017912,17,13,76.47058823529412,185.78113147282212,4,"{'strategy': 'momentum', 'variant': 'sens_thai_19_21_rr1.6_body2.2_wick0.35_atrMin45', 'initial_balance': 10000.0, 'risk_pct': 0.0025, 'fee_rate': 0.0001, 'spread_atr_mult': 0.03, 'slippage_min_spread': 0.3, 'slippage_max_spread': 1.0, 'max_trades_per_day': 3, 'daily_loss_limit_pct': 0.03, 'max_hold_minutes': 720, 'seed': 42, 'sweep_lookback': 20, 'wick_body_min': 1.5, 'atr_percentile_min': 30.0, 'sweep_rr': 2.0, 'sl_atr_buffer': 0.1, 'use_m1_confirmation': False, 'session': 'ny', 'adx_min': 18.0, 'momentum_rr': 1.6, 'use_atr_expansion': False, 'body_mult': 2.2, 'max_wick_pct': 0.35, 'momentum_sl_atr_mult': 1.0, 'session_hours_utc': None, 'close_extreme_pct': None, 'ema_extension_atr_max': None, 'use_m15_ema_trend': False, 'use_m15_ema200_filter': False, 'momentum_atr_percentile_min': 45.0, 'momentum_atr_percentile_max': None, 'session_ranges_utc_minutes': ((720, 840),), 'entry_mode': 'next_m5'}",20.507239348746804,0.15350487969924786,0.027773834289783413,True
sensitivity,XAUUSDm,sens_thai_19_21_rr1.6_body2.2_wick0.35_atrMin40,95,52.63157894736842,1.515762837801012,5.248734991519031,-1.026277948923181,5.524984201599009,0.22099936806396037,0.19308943089430894,-75.95111552017912,17,13,76.47058823529412,185.78113147282212,4,"{'strategy': 'momentum', 'variant': 'sens_thai_19_21_rr1.6_body2.2_wick0.35_atrMin40', 'initial_balance': 10000.0, 'risk_pct': 0.0025, 'fee_rate': 0.0001, 'spread_atr_mult': 0.03, 'slippage_min_spread': 0.3, 'slippage_max_spread': 1.0, 'max_trades_per_day': 3, 'daily_loss_limit_pct': 0.03, 'max_hold_minutes': 720, 'seed': 42, 'sweep_lookback': 20, 'wick_body_min': 1.5, 'atr_percentile_min': 30.0, 'sweep_rr': 2.0, 'sl_atr_buffer': 0.1, 'use_m1_confirmation': False, 'session': 'ny', 'adx_min': 18.0, 'momentum_rr': 1.6, 'use_atr_expansion': False, 'body_mult': 2.2, 'max_wick_pct': 0.35, 'momentum_sl_atr_mult': 1.0, 'session_hours_utc': None, 'close_extreme_pct': None, 'ema_extension_atr_max': None, 'use_m15_ema_trend': False, 'use_m15_ema200_filter': False, 'momentum_atr_percentile_min': 40.0, 'momentum_atr_percentile_max': None, 'session_ranges_utc_minutes': ((720, 840),), 'entry_mode': 'next_m5'}",20.49298538180118,0.15313689473684183,0.027717164275785952,True
sensitivity,XAUUSDm,sens_thai_19_21_rr1.8_body2_wick0.4_atrMin45,103,50.48543689320388,1.5155407230337665,6.008436409068963,-2.028551737364765,5.833433406863087,0.2333373362745234,0.20934959349593496,-75.94178639440621,17,9,52.94117647058824,249.92149572312587,7,"{'strategy': 'momentum', 'variant': 'sens_thai_19_21_rr1.8_body2_wick0.4_atrMin45', 'initial_balance': 10000.0, 'risk_pct': 0.0025, 'fee_rate': 0.0001, 'spread_atr_mult': 0.03, 'slippage_min_spread': 0.3, 'slippage_max_spread': 1.0, 'max_trades_per_day': 3, 'daily_loss_limit_pct': 0.03, 'max_hold_minutes': 720, 'seed': 42, 'sweep_lookback': 20, 'wick_body_min': 1.5, 'atr_percentile_min': 30.0, 'sweep_rr': 2.0, 'sl_atr_buffer': 0.1, 'use_m1_confirmation': False, 'session': 'ny', 'adx_min': 18.0, 'momentum_rr': 1.8, 'use_atr_expansion': False, 'body_mult': 2.0, 'max_wick_pct': 0.4, 'momentum_sl_atr_mult': 1.0, 'session_hours_utc': None, 'close_extreme_pct': None, 'ema_extension_atr_max': None, 'use_m15_ema_trend': False, 'use_m15_ema200_filter': False, 'momentum_atr_percentile_min': 45.0, 'momentum_atr_percentile_max': None, 'session_ranges_utc_minutes': ((720, 840),), 'entry_mode': 'next_m5'}",20.237798949759867,0.15164488210818272,0.025995819533959394,True
sensitivity,XAUUSDm,candidate_thai_19_21_rr1.8_body2_wick0.4_atrMin40,103,50.48543689320388,1.515359067739992,6.006555760437259,-2.028551737364765,5.831607534405104,0.23326430137620416,0.20934959349593496,-75.94178639440621,17,9,52.94117647058824,249.92149572312587,7,"{'strategy': 'momentum', 'variant': 'candidate_thai_19_21_rr1.8_body2_wick0.4_atrMin40', 'initial_balance': 10000.0, 'risk_pct': 0.0025, 'fee_rate': 0.0001, 'spread_atr_mult': 0.03, 'slippage_min_spread': 0.3, 'slippage_max_spread': 1.0, 'max_trades_per_day': 3, 'daily_loss_limit_pct': 0.03, 'max_hold_minutes': 720, 'seed': 42, 'sweep_lookback': 20, 'wick_body_min': 1.5, 'atr_percentile_min': 30.0, 'sweep_rr': 2.0, 'sl_atr_buffer': 0.1, 'use_m1_confirmation': False, 'session': 'ny', 'adx_min': 18.0, 'momentum_rr': 1.8, 'use_atr_expansion': False, 'body_mult': 2.0, 'max_wick_pct': 0.4, 'momentum_sl_atr_mult': 1.0, 'session_hours_utc': None, 'close_extreme_pct': None, 'ema_extension_atr_max': None, 'use_m15_ema_trend': False, 'use_m15_ema200_filter': False, 'momentum_atr_percentile_min': 40.0, 'momentum_atr_percentile_max': None, 'session_ranges_utc_minutes': ((720, 840),), 'entry_mode': 'next_m5'}",20.224683394995537,0.1513054785020801,0.025945758113764268,True
sensitivity,XAUUSDm,sens_thai_19_21_rr1.8_body2_wick0.4_atrMin40,103,50.48543689320388,1.515359067739992,6.006555760437259,-2.028551737364765,5.831607534405104,0.23326430137620416,0.20934959349593496,-75.94178639440621,17,9,52.94117647058824,249.92149572312587,7,"{'strategy': 'momentum', 'variant': 'sens_thai_19_21_rr1.8_body2_wick0.4_atrMin40', 'initial_balance': 10000.0, 'risk_pct': 0.0025, 'fee_rate': 0.0001, 'spread_atr_mult': 0.03, 'slippage_min_spread': 0.3, 'slippage_max_spread': 1.0, 'max_trades_per_day': 3, 'daily_loss_limit_pct': 0.03, 'max_hold_minutes': 720, 'seed': 42, 'sweep_lookback': 20, 'wick_body_min': 1.5, 'atr_percentile_min': 30.0, 'sweep_rr': 2.0, 'sl_atr_buffer': 0.1, 'use_m1_confirmation': False, 'session': 'ny', 'adx_min': 18.0, 'momentum_rr': 1.8, 'use_atr_expansion': False, 'body_mult': 2.0, 'max_wick_pct': 0.4, 'momentum_sl_atr_mult': 1.0, 'session_hours_utc': None, 'close_extreme_pct': None, 'ema_extension_atr_max': None, 'use_m15_ema_trend': False, 'use_m15_ema200_filter': False, 'momentum_atr_percentile_min': 40.0, 'momentum_atr_percentile_max': None, 'session_ranges_utc_minutes': ((720, 840),), 'entry_mode': 'next_m5'}",20.224683394995537,0.1513054785020801,0.025945758113764268,True
sensitivity,XAUUSDm,sens_thai_19_21_rr1.9_body2_wick0.35_atrMin45,101,49.504950495049506,1.5152580464600454,6.0026062266197915,-1.7211622449874353,5.94317448180176,0.23772697927207034,0.20528455284552846,-75.97902118221788,17,10,58.82352941176471,189.91809854789656,4,"{'strategy': 'momentum', 'variant': 'sens_thai_19_21_rr1.9_body2_wick0.35_atrMin45', 'initial_balance': 10000.0, 'risk_pct': 0.0025, 'fee_rate': 0.0001, 'spread_atr_mult': 0.03, 'slippage_min_spread': 0.3, 'slippage_max_spread': 1.0, 'max_trades_per_day': 3, 'daily_loss_limit_pct': 0.03, 'max_hold_minutes': 720, 'seed': 42, 'sweep_lookback': 20, 'wick_body_min': 1.5, 'atr_percentile_min': 30.0, 'sweep_rr': 2.0, 'sl_atr_buffer': 0.1, 'use_m1_confirmation': False, 'session': 'ny', 'adx_min': 18.0, 'momentum_rr': 1.9, 'use_atr_expansion': False, 'body_mult': 2.0, 'max_wick_pct': 0.35, 'momentum_sl_atr_mult': 1.0, 'session_hours_utc': None, 'close_extreme_pct': None, 'ema_extension_atr_max': None, 'use_m15_ema_trend': False, 'use_m15_ema200_filter': False, 'momentum_atr_percentile_min': 45.0, 'momentum_atr_percentile_max': None, 'session_ranges_utc_minutes': ((720, 840),), 'entry_mode': 'next_m5'}",20.256211962188566,0.1517320438472415,0.025530471015423013,True
sensitivity,XAUUSDm,sens_thai_19_21_rr1.9_body2_wick0.35_atrMin40,101,49.504950495049506,1.5150758397621127,6.000722666265228,-1.7211622449874353,5.94130957055963,0.23765238282238516,0.20528455284552846,-75.97902118221788,17,10,58.82352941176471,189.91809854789656,4,"{'strategy': 'momentum', 'variant': 'sens_thai_19_21_rr1.9_body2_wick0.35_atrMin40', 'initial_balance': 10000.0, 'risk_pct': 0.0025, 'fee_rate': 0.0001, 'spread_atr_mult': 0.03, 'slippage_min_spread': 0.3, 'slippage_max_spread': 1.0, 'max_trades_per_day': 3, 'daily_loss_limit_pct': 0.03, 'max_hold_minutes': 720, 'seed': 42, 'sweep_lookback': 20, 'wick_body_min': 1.5, 'atr_percentile_min': 30.0, 'sweep_rr': 2.0, 'sl_atr_buffer': 0.1, 'use_m1_confirmation': False, 'session': 'ny', 'adx_min': 18.0, 'momentum_rr': 1.9, 'use_atr_expansion': False, 'body_mult': 2.0, 'max_wick_pct': 0.35, 'momentum_sl_atr_mult': 1.0, 'session_hours_utc': None, 'close_extreme_pct': None, 'ema_extension_atr_max': None, 'use_m15_ema_trend': False, 'use_m15_ema200_filter': False, 'momentum_atr_percentile_min': 40.0, 'momentum_atr_percentile_max': None, 'session_ranges_utc_minutes': ((720, 840),), 'entry_mode': 'next_m5'}",20.24268370692193,0.1513859193776517,0.02548022747843321,True
sensitivity,XAUUSDm,sens_thai_19_21_rr2_body2.2_wick0.35_atrMin45,93,48.38709677419355,1.5148917989038715,5.632934141472379,-1.5272948063699574,6.056918431690712,0.24227673726762838,0.18902439024390244,-83.13237281566704,17,12,70.58823529411765,175.4310082062462,4,"{'strategy': 'momentum', 'variant': 'sens_thai_19_21_rr2_body2.2_wick0.35_atrMin45', 'initial_balance': 10000.0, 'risk_pct': 0.0025, 'fee_rate': 0.0001, 'spread_atr_mult': 0.03, 'slippage_min_spread': 0.3, 'slippage_max_spread': 1.0, 'max_trades_per_day': 3, 'daily_loss_limit_pct': 0.03, 'max_hold_minutes': 720, 'seed': 42, 'sweep_lookback': 20, 'wick_body_min': 1.5, 'atr_percentile_min': 30.0, 'sweep_rr': 2.0, 'sl_atr_buffer': 0.1, 'use_m1_confirmation': False, 'session': 'ny', 'adx_min': 18.0, 'momentum_rr': 2.0, 'use_atr_expansion': False, 'body_mult': 2.2, 'max_wick_pct': 0.35, 'momentum_sl_atr_mult': 1.0, 'session_hours_utc': None, 'close_extreme_pct': None, 'ema_extension_atr_max': None, 'use_m15_ema_trend': False, 'use_m15_ema200_filter': False, 'momentum_atr_percentile_min': 45.0, 'momentum_atr_percentile_max': None, 'session_ranges_utc_minutes': ((720, 840),), 'entry_mode': 'next_m5'}",20.16976070118132,0.15225605990783386,0.025137545044557175,True
sensitivity,XAUUSDm,sens_thai_19_21_rr2_body2.2_wick0.35_atrMin40,93,48.38709677419355,1.5146983659639788,5.631054464523422,-1.5272948063699574,6.054897273681084,0.2421958909472433,0.18902439024390244,-83.13237281566704,17,12,70.58823529411765,175.4310082062462,4,"{'strategy': 'momentum', 'variant': 'sens_thai_19_21_rr2_body2.2_wick0.35_atrMin40', 'initial_balance': 10000.0, 'risk_pct': 0.0025, 'fee_rate': 0.0001, 'spread_atr_mult': 0.03, 'slippage_min_spread': 0.3, 'slippage_max_spread': 1.0, 'max_trades_per_day': 3, 'daily_loss_limit_pct': 0.03, 'max_hold_minutes': 720, 'seed': 42, 'sweep_lookback': 20, 'wick_body_min': 1.5, 'atr_percentile_min': 30.0, 'sweep_rr': 2.0, 'sl_atr_buffer': 0.1, 'use_m1_confirmation': False, 'session': 'ny', 'adx_min': 18.0, 'momentum_rr': 2.0, 'use_atr_expansion': False, 'body_mult': 2.2, 'max_wick_pct': 0.35, 'momentum_sl_atr_mult': 1.0, 'session_hours_utc': None, 'close_extreme_pct': None, 'ema_extension_atr_max': None, 'use_m15_ema_trend': False, 'use_m15_ema200_filter': False, 'momentum_atr_percentile_min': 40.0, 'momentum_atr_percentile_max': None, 'session_ranges_utc_minutes': ((720, 840),), 'entry_mode': 'next_m5'}",20.155167020552845,0.15188016129032236,0.025083854345556315,True
sensitivity,XAUUSDm,sens_thai_19_21_rr1.8_body2_wick0.35_atrMin45,101,50.495049504950494,1.5115666286331004,5.827663726619867,-1.08428856741487,5.769964085762209,0.23079856343048832,0.20528455284552846,-75.97902118221788,17,10,58.82352941176471,179.91759854789643,4,"{'strategy': 'momentum', 'variant': 'sens_thai_19_21_rr1.8_body2_wick0.35_atrMin45', 'initial_balance': 10000.0, 'risk_pct': 0.0025, 'fee_rate': 0.0001, 'spread_atr_mult': 0.03, 'slippage_min_spread': 0.3, 'slippage_max_spread': 1.0, 'max_trades_per_day': 3, 'daily_loss_limit_pct': 0.03, 'max_hold_minutes': 720, 'seed': 42, 'sweep_lookback': 20, 'wick_body_min': 1.5, 'atr_percentile_min': 30.0, 'sweep_rr': 2.0, 'sl_atr_buffer': 0.1, 'use_m1_confirmation': False, 'session': 'ny', 'adx_min': 18.0, 'momentum_rr': 1.8, 'use_atr_expansion': False, 'body_mult': 2.0, 'max_wick_pct': 0.35, 'momentum_sl_atr_mult': 1.0, 'session_hours_utc': None, 'close_extreme_pct': None, 'ema_extension_atr_max': None, 'use_m15_ema_trend': False, 'use_m15_ema200_filter': False, 'momentum_atr_percentile_min': 45.0, 'momentum_atr_percentile_max': None, 'session_ranges_utc_minutes': ((720, 840),), 'entry_mode': 'next_m5'}",20.256211962188566,0.1517320438472415,0.026296878384676776,True
sensitivity,XAUUSDm,sens_thai_19_21_rr1.8_body2_wick0.35_atrMin40,101,50.495049504950494,1.5113804473475738,5.825780166265304,-1.08428856741487,5.7680991745200805,0.23072396698080316,0.20528455284552846,-75.97902118221788,17,10,58.82352941176471,179.91759854789643,4,"{'strategy': 'momentum', 'variant': 'sens_thai_19_21_rr1.8_body2_wick0.35_atrMin40', 'initial_balance': 10000.0, 'risk_pct': 0.0025, 'fee_rate': 0.0001, 'spread_atr_mult': 0.03, 'slippage_min_spread': 0.3, 'slippage_max_spread': 1.0, 'max_trades_per_day': 3, 'daily_loss_limit_pct': 0.03, 'max_hold_minutes': 720, 'seed': 42, 'sweep_lookback': 20, 'wick_body_min': 1.5, 'atr_percentile_min': 30.0, 'sweep_rr': 2.0, 'sl_atr_buffer': 0.1, 'use_m1_confirmation': False, 'session': 'ny', 'adx_min': 18.0, 'momentum_rr': 1.8, 'use_atr_expansion': False, 'body_mult': 2.0, 'max_wick_pct': 0.35, 'momentum_sl_atr_mult': 1.0, 'session_hours_utc': None, 'close_extreme_pct': None, 'ema_extension_atr_max': None, 'use_m15_ema_trend': False, 'use_m15_ema200_filter': False, 'momentum_atr_percentile_min': 40.0, 'momentum_atr_percentile_max': None, 'session_ranges_utc_minutes': ((720, 840),), 'entry_mode': 'next_m5'}",20.24268370692193,0.1513859193776517,0.026245373874010648,True
sensitivity,XAUUSDm,sens_thai_19_2030_rr1.7_body2_wick0.35_atrMin50,66,53.03030303030303,1.5076134092682247,3.692385386950064,-0.6414699295262529,5.594523313560631,0.22378093254242531,0.13414634146341464,-77.59402510398289,16,13,81.25,66.39576775616597,4,"{'strategy': 'momentum', 'variant': 'sens_thai_19_2030_rr1.7_body2_wick0.35_atrMin50', 'initial_balance': 10000.0, 'risk_pct': 0.0025, 'fee_rate': 0.0001, 'spread_atr_mult': 0.03, 'slippage_min_spread': 0.3, 'slippage_max_spread': 1.0, 'max_trades_per_day': 3, 'daily_loss_limit_pct': 0.03, 'max_hold_minutes': 720, 'seed': 42, 'sweep_lookback': 20, 'wick_body_min': 1.5, 'atr_percentile_min': 30.0, 'sweep_rr': 2.0, 'sl_atr_buffer': 0.1, 'use_m1_confirmation': False, 'session': 'ny', 'adx_min': 18.0, 'momentum_rr': 1.7, 'use_atr_expansion': False, 'body_mult': 2.0, 'max_wick_pct': 0.35, 'momentum_sl_atr_mult': 1.0, 'session_hours_utc': None, 'close_extreme_pct': None, 'ema_extension_atr_max': None, 'use_m15_ema_trend': False, 'use_m15_ema200_filter': False, 'momentum_atr_percentile_min': 50.0, 'momentum_atr_percentile_max': None, 'session_ranges_utc_minutes': ((720, 810),), 'entry_mode': 'next_m5'}",19.606240331033575,0.14831896103896075,0.026511456423722227,False
sensitivity,XAUUSDm,sens_thai_19_21_rr1.7_body2_wick0.35_atrMin35,103,51.45631067961165,1.503541908188395,5.744288761434727,-1.1604457155571477,5.5769793800336585,0.2230791752013464,0.20934959349593496,-75.94178639440621,17,11,64.70588235294117,195.65402840695114,4,"{'strategy': 'momentum', 'variant': 'sens_thai_19_21_rr1.7_body2_wick0.35_atrMin35', 'initial_balance': 10000.0, 'risk_pct': 0.0025, 'fee_rate': 0.0001, 'spread_atr_mult': 0.03, 'slippage_min_spread': 0.3, 'slippage_max_spread': 1.0, 'max_trades_per_day': 3, 'daily_loss_limit_pct': 0.03, 'max_hold_minutes': 720, 'seed': 42, 'sweep_lookback': 20, 'wick_body_min': 1.5, 'atr_percentile_min': 30.0, 'sweep_rr': 2.0, 'sl_atr_buffer': 0.1, 'use_m1_confirmation': False, 'session': 'ny', 'adx_min': 18.0, 'momentum_rr': 1.7, 'use_atr_expansion': False, 'body_mult': 2.0, 'max_wick_pct': 0.35, 'momentum_sl_atr_mult': 1.0, 'session_hours_utc': None, 'close_extreme_pct': None, 'ema_extension_atr_max': None, 'use_m15_ema_trend': False, 'use_m15_ema200_filter': False, 'momentum_atr_percentile_min': 35.0, 'momentum_atr_percentile_max': None, 'session_ranges_utc_minutes': ((720, 840),), 'entry_mode': 'next_m5'}",20.144117037154377,0.14961842579750315,0.026827860675468405,True
sensitivity,XAUUSDm,sens_thai_19_2030_rr1.7_body2_wick0.45_atrMin35,73,53.42465753424658,1.5007093379647345,4.093920872369381,-1.279434570753527,5.608110784067597,0.22432443136270386,0.1483739837398374,-77.595421346297,16,11,68.75,102.73641676164112,5,"{'strategy': 'momentum', 'variant': 'sens_thai_19_2030_rr1.7_body2_wick0.45_atrMin35', 'initial_balance': 10000.0, 'risk_pct': 0.0025, 'fee_rate': 0.0001, 'spread_atr_mult': 0.03, 'slippage_min_spread': 0.3, 'slippage_max_spread': 1.0, 'max_trades_per_day': 3, 'daily_loss_limit_pct': 0.03, 'max_hold_minutes': 720, 'seed': 42, 'sweep_lookback': 20, 'wick_body_min': 1.5, 'atr_percentile_min': 30.0, 'sweep_rr': 2.0, 'sl_atr_buffer': 0.1, 'use_m1_confirmation': False, 'session': 'ny', 'adx_min': 18.0, 'momentum_rr': 1.7, 'use_atr_expansion': False, 'body_mult': 2.0, 'max_wick_pct': 0.45, 'momentum_sl_atr_mult': 1.0, 'session_hours_utc': None, 'close_extreme_pct': None, 'ema_extension_atr_max': None, 'use_m15_ema_trend': False, 'use_m15_ema200_filter': False, 'momentum_atr_percentile_min': 35.0, 'momentum_atr_percentile_max': None, 'session_ranges_utc_minutes': ((720, 810),), 'entry_mode': 'next_m5'}",19.383595831653565,0.14730152641878655,0.026265801816409168,True
sensitivity,XAUUSDm,sens_thai_19_2030_rr1.6_body1.8_wick0.35_atrMin35,76,53.94736842105263,1.4987127190928415,4.226454476719446,-0.7811995954520135,5.561124311472963,0.22244497245891856,0.15447154471544716,-77.60009646182955,16,11,68.75,95.24253631074681,4,"{'strategy': 'momentum', 'variant': 'sens_thai_19_2030_rr1.6_body1.8_wick0.35_atrMin35', 'initial_balance': 10000.0, 'risk_pct': 0.0025, 'fee_rate': 0.0001, 'spread_atr_mult': 0.03, 'slippage_min_spread': 0.3, 'slippage_max_spread': 1.0, 'max_trades_per_day': 3, 'daily_loss_limit_pct': 0.03, 'max_hold_minutes': 720, 'seed': 42, 'sweep_lookback': 20, 'wick_body_min': 1.5, 'atr_percentile_min': 30.0, 'sweep_rr': 2.0, 'sl_atr_buffer': 0.1, 'use_m1_confirmation': False, 'session': 'ny', 'adx_min': 18.0, 'momentum_rr': 1.6, 'use_atr_expansion': False, 'body_mult': 1.8, 'max_wick_pct': 0.35, 'momentum_sl_atr_mult': 1.0, 'session_hours_utc': None, 'close_extreme_pct': None, 'ema_extension_atr_max': None, 'use_m15_ema_trend': False, 'use_m15_ema200_filter': False, 'momentum_atr_percentile_min': 35.0, 'momentum_atr_percentile_max': None, 'session_ranges_utc_minutes': ((720, 810),), 'entry_mode': 'next_m5'}",19.112893504067824,0.14980170112781935,0.026937304893323216,True
sensitivity,XAUUSDm,sens_thai_19_21_rr1.9_body2.2_wick0.4_atrMin45,96,48.95833333333333,1.4927727399676054,5.5224284091184925,-2.6003952510367254,5.752529592831862,0.2301011837132745,0.1951219512195122,-145.2569309600068,17,12,70.58823529411765,189.92282643926737,7,"{'strategy': 'momentum', 'variant': 'sens_thai_19_21_rr1.9_body2.2_wick0.4_atrMin45', 'initial_balance': 10000.0, 'risk_pct': 0.0025, 'fee_rate': 0.0001, 'spread_atr_mult': 0.03, 'slippage_min_spread': 0.3, 'slippage_max_spread': 1.0, 'max_trades_per_day': 3, 'daily_loss_limit_pct': 0.03, 'max_hold_minutes': 720, 'seed': 42, 'sweep_lookback': 20, 'wick_body_min': 1.5, 'atr_percentile_min': 30.0, 'sweep_rr': 2.0, 'sl_atr_buffer': 0.1, 'use_m1_confirmation': False, 'session': 'ny', 'adx_min': 18.0, 'momentum_rr': 1.9, 'use_atr_expansion': False, 'body_mult': 2.2, 'max_wick_pct': 0.4, 'momentum_sl_atr_mult': 1.0, 'session_hours_utc': None, 'close_extreme_pct': None, 'ema_extension_atr_max': None, 'use_m15_ema_trend': False, 'use_m15_ema200_filter': False, 'momentum_atr_percentile_min': 45.0, 'momentum_atr_percentile_max': None, 'session_ranges_utc_minutes': ((720, 840),), 'entry_mode': 'next_m5'}",20.61204908039444,0.1541455133928569,0.026796126974285406,True
sensitivity,XAUUSDm,sens_thai_19_21_rr1.9_body2.2_wick0.4_atrMin40,96,48.95833333333333,1.4925852107284057,5.5205519529536655,-2.6003952510367254,5.7505749509935145,0.2300229980397406,0.1951219512195122,-145.2569309600068,17,12,70.58823529411765,189.92282643926737,7,"{'strategy': 'momentum', 'variant': 'sens_thai_19_21_rr1.9_body2.2_wick0.4_atrMin40', 'initial_balance': 10000.0, 'risk_pct': 0.0025, 'fee_rate': 0.0001, 'spread_atr_mult': 0.03, 'slippage_min_spread': 0.3, 'slippage_max_spread': 1.0, 'max_trades_per_day': 3, 'daily_loss_limit_pct': 0.03, 'max_hold_minutes': 720, 'seed': 42, 'sweep_lookback': 20, 'wick_body_min': 1.5, 'atr_percentile_min': 30.0, 'sweep_rr': 2.0, 'sl_atr_buffer': 0.1, 'use_m1_confirmation': False, 'session': 'ny', 'adx_min': 18.0, 'momentum_rr': 1.9, 'use_atr_expansion': False, 'body_mult': 2.2, 'max_wick_pct': 0.4, 'momentum_sl_atr_mult': 1.0, 'session_hours_utc': None, 'close_extreme_pct': None, 'ema_extension_atr_max': None, 'use_m15_ema_trend': False, 'use_m15_ema200_filter': False, 'momentum_atr_percentile_min': 40.0, 'momentum_atr_percentile_max': None, 'session_ranges_utc_minutes': ((720, 840),), 'entry_mode': 'next_m5'}",20.597913023646715,0.1537813616071426,0.02674191066418048,True
sensitivity,XAUUSDm,sens_thai_19_2030_rr1.7_body1.8_wick0.35_atrMin35,76,52.63157894736842,1.49248627750402,4.301386976719514,-0.7336044199304188,5.659719706209857,0.22638878824839417,0.15447154471544716,-77.60009646182955,16,12,75.0,102.74228631074735,4,"{'strategy': 'momentum', 'variant': 'sens_thai_19_2030_rr1.7_body1.8_wick0.35_atrMin35', 'initial_balance': 10000.0, 'risk_pct': 0.0025, 'fee_rate': 0.0001, 'spread_atr_mult': 0.03, 'slippage_min_spread': 0.3, 'slippage_max_spread': 1.0, 'max_trades_per_day': 3, 'daily_loss_limit_pct': 0.03, 'max_hold_minutes': 720, 'seed': 42, 'sweep_lookback': 20, 'wick_body_min': 1.5, 'atr_percentile_min': 30.0, 'sweep_rr': 2.0, 'sl_atr_buffer': 0.1, 'use_m1_confirmation': False, 'session': 'ny', 'adx_min': 18.0, 'momentum_rr': 1.7, 'use_atr_expansion': False, 'body_mult': 1.8, 'max_wick_pct': 0.35, 'momentum_sl_atr_mult': 1.0, 'session_hours_utc': None, 'close_extreme_pct': None, 'ema_extension_atr_max': None, 'use_m15_ema_trend': False, 'use_m15_ema200_filter': False, 'momentum_atr_percentile_min': 35.0, 'momentum_atr_percentile_max': None, 'session_ranges_utc_minutes': ((720, 810),), 'entry_mode': 'next_m5'}",19.112893504067824,0.14980170112781935,0.026468042395007055,True
sensitivity,XAUUSDm,sens_thai_19_2030_rr1.8_body2.2_wick0.35_atrMin45,64,51.5625,1.4916799589103646,3.6692840074968265,-0.9717591549258371,5.7332562617137715,0.22933025046855082,0.13008130081300814,-77.59423414755176,16,12,75.0,137.87840869813007,3,"{'strategy': 'momentum', 'variant': 'sens_thai_19_2030_rr1.8_body2.2_wick0.35_atrMin45', 'initial_balance': 10000.0, 'risk_pct': 0.0025, 'fee_rate': 0.0001, 'spread_atr_mult': 0.03, 'slippage_min_spread': 0.3, 'slippage_max_spread': 1.0, 'max_trades_per_day': 3, 'daily_loss_limit_pct': 0.03, 'max_hold_minutes': 720, 'seed': 42, 'sweep_lookback': 20, 'wick_body_min': 1.5, 'atr_percentile_min': 30.0, 'sweep_rr': 2.0, 'sl_atr_buffer': 0.1, 'use_m1_confirmation': False, 'session': 'ny', 'adx_min': 18.0, 'momentum_rr': 1.8, 'use_atr_expansion': False, 'body_mult': 2.2, 'max_wick_pct': 0.35, 'momentum_sl_atr_mult': 1.0, 'session_hours_utc': None, 'close_extreme_pct': None, 'ema_extension_atr_max': None, 'use_m15_ema_trend': False, 'use_m15_ema200_filter': False, 'momentum_atr_percentile_min': 45.0, 'momentum_atr_percentile_max': None, 'session_ranges_utc_minutes': ((720, 810),), 'entry_mode': 'next_m5'}",19.497375618505806,0.14921752232142843,0.026026661902048782,False
sensitivity,XAUUSDm,sens_thai_19_2030_rr1.7_body2_wick0.4_atrMin35,72,52.77777777777778,1.4915712339116576,4.022071650681956,-1.2951228733520033,5.58621062594714,0.22344842503788553,0.14634146341463414,-77.5980204895845,16,11,68.75,102.71935610571558,6,"{'strategy': 'momentum', 'variant': 'sens_thai_19_2030_rr1.7_body2_wick0.4_atrMin35', 'initial_balance': 10000.0, 'risk_pct': 0.0025, 'fee_rate': 0.0001, 'spread_atr_mult': 0.03, 'slippage_min_spread': 0.3, 'slippage_max_spread': 1.0, 'max_trades_per_day': 3, 'daily_loss_limit_pct': 0.03, 'max_hold_minutes': 720, 'seed': 42, 'sweep_lookback': 20, 'wick_body_min': 1.5, 'atr_percentile_min': 30.0, 'sweep_rr': 2.0, 'sl_atr_buffer': 0.1, 'use_m1_confirmation': False, 'session': 'ny', 'adx_min': 18.0, 'momentum_rr': 1.7, 'use_atr_expansion': False, 'body_mult': 2.0, 'max_wick_pct': 0.4, 'momentum_sl_atr_mult': 1.0, 'session_hours_utc': None, 'close_extreme_pct': None, 'ema_extension_atr_max': None, 'use_m15_ema_trend': False, 'use_m15_ema200_filter': False, 'momentum_atr_percentile_min': 35.0, 'momentum_atr_percentile_max': None, 'session_ranges_utc_minutes': ((720, 810),), 'entry_mode': 'next_m5'}",19.313861764218206,0.1466935714285712,0.02625994278611709,True
sensitivity,XAUUSDm,sens_thai_19_2030_rr1.8_body2.2_wick0.35_atrMin40,64,51.5625,1.4913971843531384,3.6674011162997524,-0.9717591549258371,5.7303142442183574,0.22921256976873428,0.13008130081300814,-77.59423414755176,16,12,75.0,137.87840869813007,3,"{'strategy': 'momentum', 'variant': 'sens_thai_19_2030_rr1.8_body2.2_wick0.35_atrMin40', 'initial_balance': 10000.0, 'risk_pct': 0.0025, 'fee_rate': 0.0001, 'spread_atr_mult': 0.03, 'slippage_min_spread': 0.3, 'slippage_max_spread': 1.0, 'max_trades_per_day': 3, 'daily_loss_limit_pct': 0.03, 'max_hold_minutes': 720, 'seed': 42, 'sweep_lookback': 20, 'wick_body_min': 1.5, 'atr_percentile_min': 30.0, 'sweep_rr': 2.0, 'sl_atr_buffer': 0.1, 'use_m1_confirmation': False, 'session': 'ny', 'adx_min': 18.0, 'momentum_rr': 1.8, 'use_atr_expansion': False, 'body_mult': 2.2, 'max_wick_pct': 0.35, 'momentum_sl_atr_mult': 1.0, 'session_hours_utc': None, 'close_extreme_pct': None, 'ema_extension_atr_max': None, 'use_m15_ema_trend': False, 'use_m15_ema200_filter': False, 'momentum_atr_percentile_min': 40.0, 'momentum_atr_percentile_max': None, 'session_ranges_utc_minutes': ((720, 810),), 'entry_mode': 'next_m5'}",19.476099617028694,0.14867129464285697,0.025944701862181462,False
sensitivity,XAUUSDm,sens_thai_19_21_rr1.9_body2.2_wick0.45_atrMin35,98,48.97959183673469,1.4902922371380427,5.663104128131108,-2.5842756431915506,5.778677681766504,0.23114710727066026,0.1991869918699187,-145.2569309600068,17,13,76.47058823529412,189.9511864090369,6,"{'strategy': 'momentum', 'variant': 'sens_thai_19_21_rr1.9_body2.2_wick0.45_atrMin35', 'initial_balance': 10000.0, 'risk_pct': 0.0025, 'fee_rate': 0.0001, 'spread_atr_mult': 0.03, 'slippage_min_spread': 0.3, 'slippage_max_spread': 1.0, 'max_trades_per_day': 3, 'daily_loss_limit_pct': 0.03, 'max_hold_minutes': 720, 'seed': 42, 'sweep_lookback': 20, 'wick_body_min': 1.5, 'atr_percentile_min': 30.0, 'sweep_rr': 2.0, 'sl_atr_buffer': 0.1, 'use_m1_confirmation': False, 'session': 'ny', 'adx_min': 18.0, 'momentum_rr': 1.9, 'use_atr_expansion': False, 'body_mult': 2.2, 'max_wick_pct': 0.45, 'momentum_sl_atr_mult': 1.0, 'session_hours_utc': None, 'close_extreme_pct': None, 'ema_extension_atr_max': None, 'use_m15_ema_trend': False, 'use_m15_ema200_filter': False, 'momentum_atr_percentile_min': 35.0, 'momentum_atr_percentile_max': None, 'session_ranges_utc_minutes': ((720, 840),), 'entry_mode': 'next_m5'}",20.282614278020883,0.15120793731778406,0.026166529030489338,True
sensitivity,XAUUSDm,sens_thai_19_21_rr1.6_body2_wick0.4_atrMin35,105,52.38095238095239,1.4886455186336602,5.570411911300999,-1.5442398258822898,5.3051542012390644,0.21220616804956258,0.21341463414634146,-76.04692613936825,17,11,64.70588235294117,185.63990921137167,7,"{'strategy': 'momentum', 'variant': 'sens_thai_19_21_rr1.6_body2_wick0.4_atrMin35', 'initial_balance': 10000.0, 'risk_pct': 0.0025, 'fee_rate': 0.0001, 'spread_atr_mult': 0.03, 'slippage_min_spread': 0.3, 'slippage_max_spread': 1.0, 'max_trades_per_day': 3, 'daily_loss_limit_pct': 0.03, 'max_hold_minutes': 720, 'seed': 42, 'sweep_lookback': 20, 'wick_body_min': 1.5, 'atr_percentile_min': 30.0, 'sweep_rr': 2.0, 'sl_atr_buffer': 0.1, 'use_m1_confirmation': False, 'session': 'ny', 'adx_min': 18.0, 'momentum_rr': 1.6, 'use_atr_expansion': False, 'body_mult': 2.0, 'max_wick_pct': 0.4, 'momentum_sl_atr_mult': 1.0, 'session_hours_utc': None, 'close_extreme_pct': None, 'ema_extension_atr_max': None, 'use_m15_ema_trend': False, 'use_m15_ema200_filter': False, 'momentum_atr_percentile_min': 35.0, 'momentum_atr_percentile_max': None, 'session_ranges_utc_minutes': ((720, 840),), 'entry_mode': 'next_m5'}",20.129429795957346,0.14954620408163233,0.028188851522299677,True
sensitivity,XAUUSDm,sens_thai_19_21_rr1.8_body2.2_wick0.35_atrMin45,94,50.0,1.488540613082135,5.221382426686614,-1.7342702738175095,5.554662156049584,0.2221864862419833,0.1910569105691057,-75.99607593680688,17,12,70.58823529411765,180.0263296631767,4,"{'strategy': 'momentum', 'variant': 'sens_thai_19_21_rr1.8_body2.2_wick0.35_atrMin45', 'initial_balance': 10000.0, 'risk_pct': 0.0025, 'fee_rate': 0.0001, 'spread_atr_mult': 0.03, 'slippage_min_spread': 0.3, 'slippage_max_spread': 1.0, 'max_trades_per_day': 3, 'daily_loss_limit_pct': 0.03, 'max_hold_minutes': 720, 'seed': 42, 'sweep_lookback': 20, 'wick_body_min': 1.5, 'atr_percentile_min': 30.0, 'sweep_rr': 2.0, 'sl_atr_buffer': 0.1, 'use_m1_confirmation': False, 'session': 'ny', 'adx_min': 18.0, 'momentum_rr': 1.8, 'use_atr_expansion': False, 'body_mult': 2.2, 'max_wick_pct': 0.35, 'momentum_sl_atr_mult': 1.0, 'session_hours_utc': None, 'close_extreme_pct': None, 'ema_extension_atr_max': None, 'use_m15_ema_trend': False, 'use_m15_ema200_filter': False, 'momentum_atr_percentile_min': 45.0, 'momentum_atr_percentile_max': None, 'session_ranges_utc_minutes': ((720, 840),), 'entry_mode': 'next_m5'}",20.63910070137573,0.15429237082066846,0.027777093635231908,True
sensitivity,XAUUSDm,sens_thai_19_21_rr1.8_body2.2_wick0.35_atrMin40,94,50.0,1.4883437464739726,5.219502749737657,-1.7342702738175095,5.552662499720915,0.22210649998883664,0.1910569105691057,-75.99607593680688,17,12,70.58823529411765,180.0263296631767,4,"{'strategy': 'momentum', 'variant': 'sens_thai_19_21_rr1.8_body2.2_wick0.35_atrMin40', 'initial_balance': 10000.0, 'risk_pct': 0.0025, 'fee_rate': 0.0001, 'spread_atr_mult': 0.03, 'slippage_min_spread': 0.3, 'slippage_max_spread': 1.0, 'max_trades_per_day': 3, 'daily_loss_limit_pct': 0.03, 'max_hold_minutes': 720, 'seed': 42, 'sweep_lookback': 20, 'wick_body_min': 1.5, 'atr_percentile_min': 30.0, 'sweep_rr': 2.0, 'sl_atr_buffer': 0.1, 'use_m1_confirmation': False, 'session': 'ny', 'adx_min': 18.0, 'momentum_rr': 1.8, 'use_atr_expansion': False, 'body_mult': 2.2, 'max_wick_pct': 0.35, 'momentum_sl_atr_mult': 1.0, 'session_hours_utc': None, 'close_extreme_pct': None, 'ema_extension_atr_max': None, 'use_m15_ema_trend': False, 'use_m15_ema200_filter': False, 'momentum_atr_percentile_min': 40.0, 'momentum_atr_percentile_max': None, 'session_ranges_utc_minutes': ((720, 840),), 'entry_mode': 'next_m5'}",20.624662272668836,0.15392047112461982,0.027720120056343438,True
sensitivity,XAUUSDm,sens_thai_19_21_rr1.7_body2.2_wick0.35_atrMin35,96,51.041666666666664,1.4867292802026109,5.209428012465596,-1.8841369032901456,5.426487512985044,0.2170595005194017,0.1951219512195122,-77.60715367893775,17,12,70.58823529411765,195.66337846301604,4,"{'strategy': 'momentum', 'variant': 'sens_thai_19_21_rr1.7_body2.2_wick0.35_atrMin35', 'initial_balance': 10000.0, 'risk_pct': 0.0025, 'fee_rate': 0.0001, 'spread_atr_mult': 0.03, 'slippage_min_spread': 0.3, 'slippage_max_spread': 1.0, 'max_trades_per_day': 3, 'daily_loss_limit_pct': 0.03, 'max_hold_minutes': 720, 'seed': 42, 'sweep_lookback': 20, 'wick_body_min': 1.5, 'atr_percentile_min': 30.0, 'sweep_rr': 2.0, 'sl_atr_buffer': 0.1, 'use_m1_confirmation': False, 'session': 'ny', 'adx_min': 18.0, 'momentum_rr': 1.7, 'use_atr_expansion': False, 'body_mult': 2.2, 'max_wick_pct': 0.35, 'momentum_sl_atr_mult': 1.0, 'session_hours_utc': None, 'close_extreme_pct': None, 'ema_extension_atr_max': None, 'use_m15_ema_trend': False, 'use_m15_ema200_filter': False, 'momentum_atr_percentile_min': 35.0, 'momentum_atr_percentile_max': None, 'session_ranges_utc_minutes': ((720, 840),), 'entry_mode': 'next_m5'}",20.51238634465531,0.15197129464285694,0.02800546288537563,True
sensitivity,XAUUSDm,sens_thai_19_21_rr1.8_body2_wick0.35_atrMin50,98,50.0,1.4855284504961388,5.342034885052199,-1.0256694343522392,5.451056005155314,0.21804224020621255,0.1991869918699187,-75.98091441453946,17,11,64.70588235294117,150.50857740247363,4,"{'strategy': 'momentum', 'variant': 'sens_thai_19_21_rr1.8_body2_wick0.35_atrMin50', 'initial_balance': 10000.0, 'risk_pct': 0.0025, 'fee_rate': 0.0001, 'spread_atr_mult': 0.03, 'slippage_min_spread': 0.3, 'slippage_max_spread': 1.0, 'max_trades_per_day': 3, 'daily_loss_limit_pct': 0.03, 'max_hold_minutes': 720, 'seed': 42, 'sweep_lookback': 20, 'wick_body_min': 1.5, 'atr_percentile_min': 30.0, 'sweep_rr': 2.0, 'sl_atr_buffer': 0.1, 'use_m1_confirmation': False, 'session': 'ny', 'adx_min': 18.0, 'momentum_rr': 1.8, 'use_atr_expansion': False, 'body_mult': 2.0, 'max_wick_pct': 0.35, 'momentum_sl_atr_mult': 1.0, 'session_hours_utc': None, 'close_extreme_pct': None, 'ema_extension_atr_max': None, 'use_m15_ema_trend': False, 'use_m15_ema200_filter': False, 'momentum_atr_percentile_min': 50.0, 'momentum_atr_percentile_max': None, 'session_ranges_utc_minutes': ((720, 840),), 'entry_mode': 'next_m5'}",20.53756109523808,0.1522287026239063,0.027926460942602066,True
sensitivity,XAUUSDm,sens_thai_19_21_rr1.9_body2_wick0.35_atrMin50,98,48.97959183673469,1.485503804309954,5.466977385052178,-1.4666865207168545,5.578548352094066,0.22314193408376265,0.1991869918699187,-75.98091441453946,17,11,64.70588235294117,163.00882740247351,4,"{'strategy': 'momentum', 'variant': 'sens_thai_19_21_rr1.9_body2_wick0.35_atrMin50', 'initial_balance': 10000.0, 'risk_pct': 0.0025, 'fee_rate': 0.0001, 'spread_atr_mult': 0.03, 'slippage_min_spread': 0.3, 'slippage_max_spread': 1.0, 'max_trades_per_day': 3, 'daily_loss_limit_pct': 0.03, 'max_hold_minutes': 720, 'seed': 42, 'sweep_lookback': 20, 'wick_body_min': 1.5, 'atr_percentile_min': 30.0, 'sweep_rr': 2.0, 'sl_atr_buffer': 0.1, 'use_m1_confirmation': False, 'session': 'ny', 'adx_min': 18.0, 'momentum_rr': 1.9, 'use_atr_expansion': False, 'body_mult': 2.0, 'max_wick_pct': 0.35, 'momentum_sl_atr_mult': 1.0, 'session_hours_utc': None, 'close_extreme_pct': None, 'ema_extension_atr_max': None, 'use_m15_ema_trend': False, 'use_m15_ema200_filter': False, 'momentum_atr_percentile_min': 50.0, 'momentum_atr_percentile_max': None, 'session_ranges_utc_minutes': ((720, 840),), 'entry_mode': 'next_m5'}",20.53756109523808,0.1522287026239063,0.02728822858849345,True
sensitivity,XAUUSDm,sens_thai_19_21_rr1.9_body2_wick0.4_atrMin35,103,48.54368932038835,1.4848475190093482,5.900421410798171,-2.688140968331461,5.728564476503121,0.2291425790601248,0.20934959349593496,-145.49094433007323,17,11,64.70588235294117,189.91499572312688,8,"{'strategy': 'momentum', 'variant': 'sens_thai_19_21_rr1.9_body2_wick0.4_atrMin35', 'initial_balance': 10000.0, 'risk_pct': 0.0025, 'fee_rate': 0.0001, 'spread_atr_mult': 0.03, 'slippage_min_spread': 0.3, 'slippage_max_spread': 1.0, 'max_trades_per_day': 3, 'daily_loss_limit_pct': 0.03, 'max_hold_minutes': 720, 'seed': 42, 'sweep_lookback': 20, 'wick_body_min': 1.5, 'atr_percentile_min': 30.0, 'sweep_rr': 2.0, 'sl_atr_buffer': 0.1, 'use_m1_confirmation': False, 'session': 'ny', 'adx_min': 18.0, 'momentum_rr': 1.9, 'use_atr_expansion': False, 'body_mult': 2.0, 'max_wick_pct': 0.4, 'momentum_sl_atr_mult': 1.0, 'session_hours_utc': None, 'close_extreme_pct': None, 'ema_extension_atr_max': None, 'use_m15_ema_trend': False, 'use_m15_ema200_filter': False, 'momentum_atr_percentile_min': 35.0, 'momentum_atr_percentile_max': None, 'session_ranges_utc_minutes': ((720, 840),), 'entry_mode': 'next_m5'}",20.077666231255993,0.1496044244105406,0.026115517251167154,True
sensitivity,XAUUSDm,sens_thai_19_2030_rr2_body2_wick0.35_atrMin50,65,50.76923076923077,1.47949558466102,3.6973459351530797,-1.0398864423459582,5.688224515620132,0.2275289806248053,0.13211382113821138,-77.59347661448955,16,11,68.75,89.62378529811079,4,"{'strategy': 'momentum', 'variant': 'sens_thai_19_2030_rr2_body2_wick0.35_atrMin50', 'initial_balance': 10000.0, 'risk_pct': 0.0025, 'fee_rate': 0.0001, 'spread_atr_mult': 0.03, 'slippage_min_spread': 0.3, 'slippage_max_spread': 1.0, 'max_trades_per_day': 3, 'daily_loss_limit_pct': 0.03, 'max_hold_minutes': 720, 'seed': 42, 'sweep_lookback': 20, 'wick_body_min': 1.5, 'atr_percentile_min': 30.0, 'sweep_rr': 2.0, 'sl_atr_buffer': 0.1, 'use_m1_confirmation': False, 'session': 'ny', 'adx_min': 18.0, 'momentum_rr': 2.0, 'use_atr_expansion': False, 'body_mult': 2.0, 'max_wick_pct': 0.35, 'momentum_sl_atr_mult': 1.0, 'session_hours_utc': None, 'close_extreme_pct': None, 'ema_extension_atr_max': None, 'use_m15_ema_trend': False, 'use_m15_ema200_filter': False, 'momentum_atr_percentile_min': 50.0, 'momentum_atr_percentile_max': None, 'session_ranges_utc_minutes': ((720, 810),), 'entry_mode': 'next_m5'}",18.916271031702063,0.14531357142857115,0.02554638464595293,False
sensitivity,XAUUSDm,sens_thai_19_21_rr2_body2_wick0.35_atrMin35,100,48.0,1.4782773718327609,5.696501454514583,-1.7734958786356658,5.696501454514538,0.2278600581805815,0.2032520325203252,-76.01715845090412,17,11,64.70588235294117,175.4181191471272,4,"{'strategy': 'momentum', 'variant': 'sens_thai_19_21_rr2_body2_wick0.35_atrMin35', 'initial_balance': 10000.0, 'risk_pct': 0.0025, 'fee_rate': 0.0001, 'spread_atr_mult': 0.03, 'slippage_min_spread': 0.3, 'slippage_max_spread': 1.0, 'max_trades_per_day': 3, 'daily_loss_limit_pct': 0.03, 'max_hold_minutes': 720, 'seed': 42, 'sweep_lookback': 20, 'wick_body_min': 1.5, 'atr_percentile_min': 30.0, 'sweep_rr': 2.0, 'sl_atr_buffer': 0.1, 'use_m1_confirmation': False, 'session': 'ny', 'adx_min': 18.0, 'momentum_rr': 2.0, 'use_atr_expansion': False, 'body_mult': 2.0, 'max_wick_pct': 0.35, 'momentum_sl_atr_mult': 1.0, 'session_hours_utc': None, 'close_extreme_pct': None, 'ema_extension_atr_max': None, 'use_m15_ema_trend': False, 'use_m15_ema200_filter': False, 'momentum_atr_percentile_min': 35.0, 'momentum_atr_percentile_max': None, 'session_ranges_utc_minutes': ((720, 840),), 'entry_mode': 'next_m5'}",19.656908013413137,0.14773932857142827,0.02593509889378564,True
sensitivity,XAUUSDm,sens_thai_19_21_rr1.6_body2.2_wick0.4_atrMin35,98,52.04081632653062,1.478154682166894,5.114154205838585,-1.705963859107389,5.218524699835393,0.2087409879934157,0.1991869918699187,-80.25043096000692,17,13,76.47058823529412,185.68916048904765,7,"{'strategy': 'momentum', 'variant': 'sens_thai_19_21_rr1.6_body2.2_wick0.4_atrMin35', 'initial_balance': 10000.0, 'risk_pct': 0.0025, 'fee_rate': 0.0001, 'spread_atr_mult': 0.03, 'slippage_min_spread': 0.3, 'slippage_max_spread': 1.0, 'max_trades_per_day': 3, 'daily_loss_limit_pct': 0.03, 'max_hold_minutes': 720, 'seed': 42, 'sweep_lookback': 20, 'wick_body_min': 1.5, 'atr_percentile_min': 30.0, 'sweep_rr': 2.0, 'sl_atr_buffer': 0.1, 'use_m1_confirmation': False, 'session': 'ny', 'adx_min': 18.0, 'momentum_rr': 1.6, 'use_atr_expansion': False, 'body_mult': 2.2, 'max_wick_pct': 0.4, 'momentum_sl_atr_mult': 1.0, 'session_hours_utc': None, 'close_extreme_pct': None, 'ema_extension_atr_max': None, 'use_m15_ema_trend': False, 'use_m15_ema200_filter': False, 'momentum_atr_percentile_min': 35.0, 'momentum_atr_percentile_max': None, 'session_ranges_utc_minutes': ((720, 840),), 'entry_mode': 'next_m5'}",20.483009053076316,0.15184589650145752,0.029097475864442522,True
sensitivity,XAUUSDm,sens_thai_19_2030_rr1.8_body2_wick0.45_atrMin45,71,52.112676056338024,1.4762790435360438,3.89396901412676,-1.2760934293707198,5.4844634001784955,0.21937853600713972,0.1443089430894309,-77.5988783890476,16,10,62.5,137.81007802291012,5,"{'strategy': 'momentum', 'variant': 'sens_thai_19_2030_rr1.8_body2_wick0.45_atrMin45', 'initial_balance': 10000.0, 'risk_pct': 0.0025, 'fee_rate': 0.0001, 'spread_atr_mult': 0.03, 'slippage_min_spread': 0.3, 'slippage_max_spread': 1.0, 'max_trades_per_day': 3, 'daily_loss_limit_pct': 0.03, 'max_hold_minutes': 720, 'seed': 42, 'sweep_lookback': 20, 'wick_body_min': 1.5, 'atr_percentile_min': 30.0, 'sweep_rr': 2.0, 'sl_atr_buffer': 0.1, 'use_m1_confirmation': False, 'session': 'ny', 'adx_min': 18.0, 'momentum_rr': 1.8, 'use_atr_expansion': False, 'body_mult': 2.0, 'max_wick_pct': 0.45, 'momentum_sl_atr_mult': 1.0, 'session_hours_utc': None, 'close_extreme_pct': None, 'ema_extension_atr_max': None, 'use_m15_ema_trend': False, 'use_m15_ema200_filter': False, 'momentum_atr_percentile_min': 45.0, 'momentum_atr_percentile_max': None, 'session_ranges_utc_minutes': ((720, 810),), 'entry_mode': 'next_m5'}",19.318071221480505,0.14806270623742435,0.02699675345314649,True
sensitivity,XAUUSDm,sens_thai_19_2030_rr1.8_body2_wick0.45_atrMin40,71,52.112676056338024,1.4760219276786357,3.892087080229721,-1.2760934293707198,5.481812789055878,0.21927251156223512,0.1443089430894309,-77.5988783890476,16,10,62.5,137.81007802291012,5,"{'strategy': 'momentum', 'variant': 'sens_thai_19_2030_rr1.8_body2_wick0.45_atrMin40', 'initial_balance': 10000.0, 'risk_pct': 0.0025, 'fee_rate': 0.0001, 'spread_atr_mult': 0.03, 'slippage_min_spread': 0.3, 'slippage_max_spread': 1.0, 'max_trades_per_day': 3, 'daily_loss_limit_pct': 0.03, 'max_hold_minutes': 720, 'seed': 42, 'sweep_lookback': 20, 'wick_body_min': 1.5, 'atr_percentile_min': 30.0, 'sweep_rr': 2.0, 'sl_atr_buffer': 0.1, 'use_m1_confirmation': False, 'session': 'ny', 'adx_min': 18.0, 'momentum_rr': 1.8, 'use_atr_expansion': False, 'body_mult': 2.0, 'max_wick_pct': 0.45, 'momentum_sl_atr_mult': 1.0, 'session_hours_utc': None, 'close_extreme_pct': None, 'ema_extension_atr_max': None, 'use_m15_ema_trend': False, 'use_m15_ema200_filter': False, 'momentum_atr_percentile_min': 40.0, 'momentum_atr_percentile_max': None, 'session_ranges_utc_minutes': ((720, 810),), 'entry_mode': 'next_m5'}",19.298856210128857,0.1475703319919515,0.02691998754254562,True
sensitivity,XAUUSDm,sens_thai_19_2030_rr1.8_body1.8_wick0.35_atrMin45,74,51.35135135135135,1.4753846841370164,4.1518000368711725,-0.7346438626856179,5.610540590366398,0.22442162361465587,0.15040650406504066,-77.59537086034766,16,11,68.75,112.22035159541554,4,"{'strategy': 'momentum', 'variant': 'sens_thai_19_2030_rr1.8_body1.8_wick0.35_atrMin45', 'initial_balance': 10000.0, 'risk_pct': 0.0025, 'fee_rate': 0.0001, 'spread_atr_mult': 0.03, 'slippage_min_spread': 0.3, 'slippage_max_spread': 1.0, 'max_trades_per_day': 3, 'daily_loss_limit_pct': 0.03, 'max_hold_minutes': 720, 'seed': 42, 'sweep_lookback': 20, 'wick_body_min': 1.5, 'atr_percentile_min': 30.0, 'sweep_rr': 2.0, 'sl_atr_buffer': 0.1, 'use_m1_confirmation': False, 'session': 'ny', 'adx_min': 18.0, 'momentum_rr': 1.8, 'use_atr_expansion': False, 'body_mult': 1.8, 'max_wick_pct': 0.35, 'momentum_sl_atr_mult': 1.0, 'session_hours_utc': None, 'close_extreme_pct': None, 'ema_extension_atr_max': None, 'use_m15_ema_trend': False, 'use_m15_ema200_filter': False, 'momentum_atr_percentile_min': 45.0, 'momentum_atr_percentile_max': None, 'session_ranges_utc_minutes': ((720, 810),), 'entry_mode': 'next_m5'}",19.03667806236516,0.1505613127413125,0.02683543774727063,True
sensitivity,XAUUSDm,sens_thai_19_2030_rr1.8_body1.8_wick0.35_atrMin40,74,51.35135135135135,1.4751438670323977,4.149917109861235,-0.7346570139711239,5.607996094407011,0.22431984377628042,0.15040650406504066,-77.59537086034766,16,11,68.75,112.22035159541554,4,"{'strategy': 'momentum', 'variant': 'sens_thai_19_2030_rr1.8_body1.8_wick0.35_atrMin40', 'initial_balance': 10000.0, 'risk_pct': 0.0025, 'fee_rate': 0.0001, 'spread_atr_mult': 0.03, 'slippage_min_spread': 0.3, 'slippage_max_spread': 1.0, 'max_trades_per_day': 3, 'daily_loss_limit_pct': 0.03, 'max_hold_minutes': 720, 'seed': 42, 'sweep_lookback': 20, 'wick_body_min': 1.5, 'atr_percentile_min': 30.0, 'sweep_rr': 2.0, 'sl_atr_buffer': 0.1, 'use_m1_confirmation': False, 'session': 'ny', 'adx_min': 18.0, 'momentum_rr': 1.8, 'use_atr_expansion': False, 'body_mult': 1.8, 'max_wick_pct': 0.35, 'momentum_sl_atr_mult': 1.0, 'session_hours_utc': None, 'close_extreme_pct': None, 'ema_extension_atr_max': None, 'use_m15_ema_trend': False, 'use_m15_ema200_filter': False, 'momentum_atr_percentile_min': 40.0, 'momentum_atr_percentile_max': None, 'session_ranges_utc_minutes': ((720, 810),), 'entry_mode': 'next_m5'}",19.018224348530506,0.15008889961389937,0.02676337449014749,True
sensitivity,XAUUSDm,sens_thai_19_21_rr1.7_body2_wick0.35_atrMin45,102,50.98039215686274,1.4673831467099545,5.331599011020044,-1.1604457155571477,5.227057853941135,0.20908231415764542,0.2073170731707317,-75.93896270915303,17,11,64.70588235294117,195.59894883247142,4,"{'strategy': 'momentum', 'variant': 'sens_thai_19_21_rr1.7_body2_wick0.35_atrMin45', 'initial_balance': 10000.0, 'risk_pct': 0.0025, 'fee_rate': 0.0001, 'spread_atr_mult': 0.03, 'slippage_min_spread': 0.3, 'slippage_max_spread': 1.0, 'max_trades_per_day': 3, 'daily_loss_limit_pct': 0.03, 'max_hold_minutes': 720, 'seed': 42, 'sweep_lookback': 20, 'wick_body_min': 1.5, 'atr_percentile_min': 30.0, 'sweep_rr': 2.0, 'sl_atr_buffer': 0.1, 'use_m1_confirmation': False, 'session': 'ny', 'adx_min': 18.0, 'momentum_rr': 1.7, 'use_atr_expansion': False, 'body_mult': 2.0, 'max_wick_pct': 0.35, 'momentum_sl_atr_mult': 1.0, 'session_hours_utc': None, 'close_extreme_pct': None, 'ema_extension_atr_max': None, 'use_m15_ema_trend': False, 'use_m15_ema200_filter': False, 'momentum_atr_percentile_min': 45.0, 'momentum_atr_percentile_max': None, 'session_ranges_utc_minutes': ((720, 840),), 'entry_mode': 'next_m5'}",20.13615617747567,0.15102369747899125,0.02889267762076161,True
sensitivity,XAUUSDm,sens_thai_19_2030_rr1.8_body2_wick0.4_atrMin45,70,51.42857142857142,1.4672467276614354,3.8228366005827956,-1.291751002884303,5.4611951436896895,0.21844780574758751,0.14227642276422764,-77.5992983276784,16,10,62.5,137.79728353466828,6,"{'strategy': 'momentum', 'variant': 'sens_thai_19_2030_rr1.8_body2_wick0.4_atrMin45', 'initial_balance': 10000.0, 'risk_pct': 0.0025, 'fee_rate': 0.0001, 'spread_atr_mult': 0.03, 'slippage_min_spread': 0.3, 'slippage_max_spread': 1.0, 'max_trades_per_day': 3, 'daily_loss_limit_pct': 0.03, 'max_hold_minutes': 720, 'seed': 42, 'sweep_lookback': 20, 'wick_body_min': 1.5, 'atr_percentile_min': 30.0, 'sweep_rr': 2.0, 'sl_atr_buffer': 0.1, 'use_m1_confirmation': False, 'session': 'ny', 'adx_min': 18.0, 'momentum_rr': 1.8, 'use_atr_expansion': False, 'body_mult': 2.0, 'max_wick_pct': 0.4, 'momentum_sl_atr_mult': 1.0, 'session_hours_utc': None, 'close_extreme_pct': None, 'ema_extension_atr_max': None, 'use_m15_ema_trend': False, 'use_m15_ema200_filter': False, 'momentum_atr_percentile_min': 45.0, 'momentum_atr_percentile_max': None, 'session_ranges_utc_minutes': ((720, 810),), 'entry_mode': 'next_m5'}",19.247110645027643,0.14744825510204054,0.026999265036777582,True
sensitivity,XAUUSDm,sens_thai_19_21_rr1.7_body2_wick0.35_atrMin40,102,50.98039215686274,1.467199703123336,5.329720785750069,-1.1604457155571477,5.2252164566176145,0.2090086582647046,0.2073170731707317,-75.93896270915303,17,11,64.70588235294117,195.59894883247142,4,"{'strategy': 'momentum', 'variant': 'sens_thai_19_21_rr1.7_body2_wick0.35_atrMin40', 'initial_balance': 10000.0, 'risk_pct': 0.0025, 'fee_rate': 0.0001, 'spread_atr_mult': 0.03, 'slippage_min_spread': 0.3, 'slippage_max_spread': 1.0, 'max_trades_per_day': 3, 'daily_loss_limit_pct': 0.03, 'max_hold_minutes': 720, 'seed': 42, 'sweep_lookback': 20, 'wick_body_min': 1.5, 'atr_percentile_min': 30.0, 'sweep_rr': 2.0, 'sl_atr_buffer': 0.1, 'use_m1_confirmation': False, 'session': 'ny', 'adx_min': 18.0, 'momentum_rr': 1.7, 'use_atr_expansion': False, 'body_mult': 2.0, 'max_wick_pct': 0.35, 'momentum_sl_atr_mult': 1.0, 'session_hours_utc': None, 'close_extreme_pct': None, 'ema_extension_atr_max': None, 'use_m15_ema_trend': False, 'use_m15_ema200_filter': False, 'momentum_atr_percentile_min': 40.0, 'momentum_atr_percentile_max': None, 'session_ranges_utc_minutes': ((720, 840),), 'entry_mode': 'next_m5'}",20.122829157754932,0.15068096638655423,0.028837267821837376,True
sensitivity,XAUUSDm,sens_thai_19_2030_rr1.8_body2_wick0.4_atrMin40,70,51.42857142857142,1.4669903049868327,3.820954666685757,-1.291751002884303,5.458506666693892,0.21834026666775566,0.14227642276422764,-77.5992983276784,16,10,62.5,137.79728353466828,6,"{'strategy': 'momentum', 'variant': 'sens_thai_19_2030_rr1.8_body2_wick0.4_atrMin40', 'initial_balance': 10000.0, 'risk_pct': 0.0025, 'fee_rate': 0.0001, 'spread_atr_mult': 0.03, 'slippage_min_spread': 0.3, 'slippage_max_spread': 1.0, 'max_trades_per_day': 3, 'daily_loss_limit_pct': 0.03, 'max_hold_minutes': 720, 'seed': 42, 'sweep_lookback': 20, 'wick_body_min': 1.5, 'atr_percentile_min': 30.0, 'sweep_rr': 2.0, 'sl_atr_buffer': 0.1, 'use_m1_confirmation': False, 'session': 'ny', 'adx_min': 18.0, 'momentum_rr': 1.8, 'use_atr_expansion': False, 'body_mult': 2.0, 'max_wick_pct': 0.4, 'momentum_sl_atr_mult': 1.0, 'session_hours_utc': None, 'close_extreme_pct': None, 'ema_extension_atr_max': None, 'use_m15_ema_trend': False, 'use_m15_ema200_filter': False, 'momentum_atr_percentile_min': 40.0, 'momentum_atr_percentile_max': None, 'session_ranges_utc_minutes': ((720, 810),), 'entry_mode': 'next_m5'}",19.22762113351383,0.14694884693877525,0.026921071258447178,True
sensitivity,XAUUSDm,sens_thai_19_21_rr2_body2.2_wick0.4_atrMin50,92,47.82608695652174,1.4641888645663208,5.10037390153022,-2.6461647906037915,5.543884675576257,0.22175538702305034,0.18699186991869918,-145.2723622312632,17,11,64.70588235294117,175.41350456849887,6,"{'strategy': 'momentum', 'variant': 'sens_thai_19_21_rr2_body2.2_wick0.4_atrMin50', 'initial_balance': 10000.0, 'risk_pct': 0.0025, 'fee_rate': 0.0001, 'spread_atr_mult': 0.03, 'slippage_min_spread': 0.3, 'slippage_max_spread': 1.0, 'max_trades_per_day': 3, 'daily_loss_limit_pct': 0.03, 'max_hold_minutes': 720, 'seed': 42, 'sweep_lookback': 20, 'wick_body_min': 1.5, 'atr_percentile_min': 30.0, 'sweep_rr': 2.0, 'sl_atr_buffer': 0.1, 'use_m1_confirmation': False, 'session': 'ny', 'adx_min': 18.0, 'momentum_rr': 2.0, 'use_atr_expansion': False, 'body_mult': 2.2, 'max_wick_pct': 0.4, 'momentum_sl_atr_mult': 1.0, 'session_hours_utc': None, 'close_extreme_pct': None, 'ema_extension_atr_max': None, 'use_m15_ema_trend': False, 'use_m15_ema200_filter': False, 'momentum_atr_percentile_min': 50.0, 'momentum_atr_percentile_max': None, 'session_ranges_utc_minutes': ((720, 840),), 'entry_mode': 'next_m5'}",20.443695837714426,0.15269322204968921,0.027542640402024154,True
sensitivity,XAUUSDm,sens_thai_19_21_rr1.9_body2.2_wick0.4_atrMin50,93,48.38709677419355,1.460988853110962,4.986409203168932,-2.7470379453958906,5.36173032598809,0.2144692130395236,0.18902439024390244,-145.2723622312632,17,12,70.58823529411765,162.9132545685,6,"{'strategy': 'momentum', 'variant': 'sens_thai_19_21_rr1.9_body2.2_wick0.4_atrMin50', 'initial_balance': 10000.0, 'risk_pct': 0.0025, 'fee_rate': 0.0001, 'spread_atr_mult': 0.03, 'slippage_min_spread': 0.3, 'slippage_max_spread': 1.0, 'max_trades_per_day': 3, 'daily_loss_limit_pct': 0.03, 'max_hold_minutes': 720, 'seed': 42, 'sweep_lookback': 20, 'wick_body_min': 1.5, 'atr_percentile_min': 30.0, 'sweep_rr': 2.0, 'sl_atr_buffer': 0.1, 'use_m1_confirmation': False, 'session': 'ny', 'adx_min': 18.0, 'momentum_rr': 1.9, 'use_atr_expansion': False, 'body_mult': 2.2, 'max_wick_pct': 0.4, 'momentum_sl_atr_mult': 1.0, 'session_hours_utc': None, 'close_extreme_pct': None, 'ema_extension_atr_max': None, 'use_m15_ema_trend': False, 'use_m15_ema200_filter': False, 'momentum_atr_percentile_min': 50.0, 'momentum_atr_percentile_max': None, 'session_ranges_utc_minutes': ((720, 840),), 'entry_mode': 'next_m5'}",20.91576766356099,0.1547467281105988,0.028861341153348884,True
sensitivity,XAUUSDm,sens_thai_19_2030_rr1.9_body1.8_wick0.35_atrMin45,74,50.0,1.456178995913479,4.101725036871158,-0.990123200977871,5.5428716714474735,0.22171486685789887,0.15040650406504066,-77.59537086034766,16,10,62.5,119.72060159541522,4,"{'strategy': 'momentum', 'variant': 'sens_thai_19_2030_rr1.9_body1.8_wick0.35_atrMin45', 'initial_balance': 10000.0, 'risk_pct': 0.0025, 'fee_rate': 0.0001, 'spread_atr_mult': 0.03, 'slippage_min_spread': 0.3, 'slippage_max_spread': 1.0, 'max_trades_per_day': 3, 'daily_loss_limit_pct': 0.03, 'max_hold_minutes': 720, 'seed': 42, 'sweep_lookback': 20, 'wick_body_min': 1.5, 'atr_percentile_min': 30.0, 'sweep_rr': 2.0, 'sl_atr_buffer': 0.1, 'use_m1_confirmation': False, 'session': 'ny', 'adx_min': 18.0, 'momentum_rr': 1.9, 'use_atr_expansion': False, 'body_mult': 1.8, 'max_wick_pct': 0.35, 'momentum_sl_atr_mult': 1.0, 'session_hours_utc': None, 'close_extreme_pct': None, 'ema_extension_atr_max': None, 'use_m15_ema_trend': False, 'use_m15_ema200_filter': False, 'momentum_atr_percentile_min': 45.0, 'momentum_atr_percentile_max': None, 'session_ranges_utc_minutes': ((720, 810),), 'entry_mode': 'next_m5'}",19.03667806236516,0.1505613127413125,0.02716305223461807,True
sensitivity,XAUUSDm,sens_thai_19_2030_rr1.9_body1.8_wick0.35_atrMin40,74,50.0,1.4559460764837575,4.099842109861202,-0.990123200977871,5.540327175488082,0.2216130870195232,0.15040650406504066,-77.59537086034766,16,10,62.5,119.72060159541522,4,"{'strategy': 'momentum', 'variant': 'sens_thai_19_2030_rr1.9_body1.8_wick0.35_atrMin40', 'initial_balance': 10000.0, 'risk_pct': 0.0025, 'fee_rate': 0.0001, 'spread_atr_mult': 0.03, 'slippage_min_spread': 0.3, 'slippage_max_spread': 1.0, 'max_trades_per_day': 3, 'daily_loss_limit_pct': 0.03, 'max_hold_minutes': 720, 'seed': 42, 'sweep_lookback': 20, 'wick_body_min': 1.5, 'atr_percentile_min': 30.0, 'sweep_rr': 2.0, 'sl_atr_buffer': 0.1, 'use_m1_confirmation': False, 'session': 'ny', 'adx_min': 18.0, 'momentum_rr': 1.9, 'use_atr_expansion': False, 'body_mult': 1.8, 'max_wick_pct': 0.35, 'momentum_sl_atr_mult': 1.0, 'session_hours_utc': None, 'close_extreme_pct': None, 'ema_extension_atr_max': None, 'use_m15_ema_trend': False, 'use_m15_ema200_filter': False, 'momentum_atr_percentile_min': 40.0, 'momentum_atr_percentile_max': None, 'session_ranges_utc_minutes': ((720, 810),), 'entry_mode': 'next_m5'}",19.018224348530506,0.15008889961389937,0.02709025926806878,True
sensitivity,XAUUSDm,sens_thai_19_21_rr1.6_body2_wick0.4_atrMin45,104,51.92307692307693,1.4547996394044393,5.184388693090733,-1.5442398258822898,4.984989127971837,0.19939956511887347,0.21138211382113822,-76.05415260945115,17,11,64.70588235294117,185.67763131498143,7,"{'strategy': 'momentum', 'variant': 'sens_thai_19_21_rr1.6_body2_wick0.4_atrMin45', 'initial_balance': 10000.0, 'risk_pct': 0.0025, 'fee_rate': 0.0001, 'spread_atr_mult': 0.03, 'slippage_min_spread': 0.3, 'slippage_max_spread': 1.0, 'max_trades_per_day': 3, 'daily_loss_limit_pct': 0.03, 'max_hold_minutes': 720, 'seed': 42, 'sweep_lookback': 20, 'wick_body_min': 1.5, 'atr_percentile_min': 30.0, 'sweep_rr': 2.0, 'sl_atr_buffer': 0.1, 'use_m1_confirmation': False, 'session': 'ny', 'adx_min': 18.0, 'momentum_rr': 1.6, 'use_atr_expansion': False, 'body_mult': 2.0, 'max_wick_pct': 0.4, 'momentum_sl_atr_mult': 1.0, 'session_hours_utc': None, 'close_extreme_pct': None, 'ema_extension_atr_max': None, 'use_m15_ema_trend': False, 'use_m15_ema200_filter': False, 'momentum_atr_percentile_min': 45.0, 'momentum_atr_percentile_max': None, 'session_ranges_utc_minutes': ((720, 840),), 'entry_mode': 'next_m5'}",20.123804401246804,0.15095099587912053,0.030281108344269458,True
sensitivity,XAUUSDm,sens_thai_19_2030_rr1.8_body2.2_wick0.45_atrMin35,66,51.515151515151516,1.4547606190418545,3.622481639755406,-1.9031799086813774,5.488608545084063,0.21954434180336266,0.13414634146341464,-93.55087831960687,16,12,75.0,137.79004770512847,5,"{'strategy': 'momentum', 'variant': 'sens_thai_19_2030_rr1.8_body2.2_wick0.45_atrMin35', 'initial_balance': 10000.0, 'risk_pct': 0.0025, 'fee_rate': 0.0001, 'spread_atr_mult': 0.03, 'slippage_min_spread': 0.3, 'slippage_max_spread': 1.0, 'max_trades_per_day': 3, 'daily_loss_limit_pct': 0.03, 'max_hold_minutes': 720, 'seed': 42, 'sweep_lookback': 20, 'wick_body_min': 1.5, 'atr_percentile_min': 30.0, 'sweep_rr': 2.0, 'sl_atr_buffer': 0.1, 'use_m1_confirmation': False, 'session': 'ny', 'adx_min': 18.0, 'momentum_rr': 1.8, 'use_atr_expansion': False, 'body_mult': 2.2, 'max_wick_pct': 0.45, 'momentum_sl_atr_mult': 1.0, 'session_hours_utc': None, 'close_extreme_pct': None, 'ema_extension_atr_max': None, 'use_m15_ema_trend': False, 'use_m15_ema200_filter': False, 'momentum_atr_percentile_min': 35.0, 'momentum_atr_percentile_max': None, 'session_ranges_utc_minutes': ((720, 810),), 'entry_mode': 'next_m5'}",19.192531574325255,0.14673373376623364,0.026734231920703733,False
sensitivity,XAUUSDm,sens_thai_19_21_rr1.6_body2_wick0.4_atrMin40,104,51.92307692307693,1.4546165551541812,5.182509573607659,-1.5442398258822898,4.983182282315045,0.19932729129260185,0.21138211382113822,-76.05415260945115,17,11,64.70588235294117,185.67763131498143,7,"{'strategy': 'momentum', 'variant': 'sens_thai_19_21_rr1.6_body2_wick0.4_atrMin40', 'initial_balance': 10000.0, 'risk_pct': 0.0025, 'fee_rate': 0.0001, 'spread_atr_mult': 0.03, 'slippage_min_spread': 0.3, 'slippage_max_spread': 1.0, 'max_trades_per_day': 3, 'daily_loss_limit_pct': 0.03, 'max_hold_minutes': 720, 'seed': 42, 'sweep_lookback': 20, 'wick_body_min': 1.5, 'atr_percentile_min': 30.0, 'sweep_rr': 2.0, 'sl_atr_buffer': 0.1, 'use_m1_confirmation': False, 'session': 'ny', 'adx_min': 18.0, 'momentum_rr': 1.6, 'use_atr_expansion': False, 'body_mult': 2.0, 'max_wick_pct': 0.4, 'momentum_sl_atr_mult': 1.0, 'session_hours_utc': None, 'close_extreme_pct': None, 'ema_extension_atr_max': None, 'use_m15_ema_trend': False, 'use_m15_ema200_filter': False, 'momentum_atr_percentile_min': 40.0, 'momentum_atr_percentile_max': None, 'session_ranges_utc_minutes': ((720, 840),), 'entry_mode': 'next_m5'}",20.11083403528291,0.15061485576923042,0.03022463302290821,True
sensitivity,XAUUSDm,sens_thai_19_2030_rr1.6_body2_wick0.35_atrMin45,69,53.62318840579711,1.4545029863522398,3.4824767662922023,-0.6912566740063663,5.047067777234958,0.2018827110893984,0.1402439024390244,-77.59899899743904,16,12,75.0,83.50822443084483,3,"{'strategy': 'momentum', 'variant': 'sens_thai_19_2030_rr1.6_body2_wick0.35_atrMin45', 'initial_balance': 10000.0, 'risk_pct': 0.0025, 'fee_rate': 0.0001, 'spread_atr_mult': 0.03, 'slippage_min_spread': 0.3, 'slippage_max_spread': 1.0, 'max_trades_per_day': 3, 'daily_loss_limit_pct': 0.03, 'max_hold_minutes': 720, 'seed': 42, 'sweep_lookback': 20, 'wick_body_min': 1.5, 'atr_percentile_min': 30.0, 'sweep_rr': 2.0, 'sl_atr_buffer': 0.1, 'use_m1_confirmation': False, 'session': 'ny', 'adx_min': 18.0, 'momentum_rr': 1.6, 'use_atr_expansion': False, 'body_mult': 2.0, 'max_wick_pct': 0.35, 'momentum_sl_atr_mult': 1.0, 'session_hours_utc': None, 'close_extreme_pct': None, 'ema_extension_atr_max': None, 'use_m15_ema_trend': False, 'use_m15_ema200_filter': False, 'momentum_atr_percentile_min': 45.0, 'momentum_atr_percentile_max': None, 'session_ranges_utc_minutes': ((720, 810),), 'entry_mode': 'next_m5'}",19.232218056618436,0.1477619565217389,0.02927679259395451,False
sensitivity,XAUUSDm,sens_thai_19_2030_rr1.6_body2_wick0.35_atrMin40,69,53.62318840579711,1.4542294475061492,3.480591458632407,-0.6912662152609581,5.04433544729325,0.20177341789172998,0.1402439024390244,-77.59899899743904,16,12,75.0,83.50822443084483,3,"{'strategy': 'momentum', 'variant': 'sens_thai_19_2030_rr1.6_body2_wick0.35_atrMin40', 'initial_balance': 10000.0, 'risk_pct': 0.0025, 'fee_rate': 0.0001, 'spread_atr_mult': 0.03, 'slippage_min_spread': 0.3, 'slippage_max_spread': 1.0, 'max_trades_per_day': 3, 'daily_loss_limit_pct': 0.03, 'max_hold_minutes': 720, 'seed': 42, 'sweep_lookback': 20, 'wick_body_min': 1.5, 'atr_percentile_min': 30.0, 'sweep_rr': 2.0, 'sl_atr_buffer': 0.1, 'use_m1_confirmation': False, 'session': 'ny', 'adx_min': 18.0, 'momentum_rr': 1.6, 'use_atr_expansion': False, 'body_mult': 2.0, 'max_wick_pct': 0.35, 'momentum_sl_atr_mult': 1.0, 'session_hours_utc': None, 'close_extreme_pct': None, 'ema_extension_atr_max': None, 'use_m15_ema_trend': False, 'use_m15_ema200_filter': False, 'momentum_atr_percentile_min': 40.0, 'momentum_atr_percentile_max': None, 'session_ranges_utc_minutes': ((720, 810),), 'entry_mode': 'next_m5'}",19.21254375153523,0.14725531055900598,0.029192212155125807,False
sensitivity,XAUUSDm,sens_thai_19_21_rr1.9_body2.2_wick0.45_atrMin45,98,48.97959183673469,1.4541969924147757,5.24597959976194,-2.5842756431915506,5.353040407920396,0.21412161631681587,0.1991869918699187,-145.2569309600068,17,12,70.58823529411765,189.9511864090369,6,"{'strategy': 'momentum', 'variant': 'sens_thai_19_21_rr1.9_body2.2_wick0.45_atrMin45', 'initial_balance': 10000.0, 'risk_pct': 0.0025, 'fee_rate': 0.0001, 'spread_atr_mult': 0.03, 'slippage_min_spread': 0.3, 'slippage_max_spread': 1.0, 'max_trades_per_day': 3, 'daily_loss_limit_pct': 0.03, 'max_hold_minutes': 720, 'seed': 42, 'sweep_lookback': 20, 'wick_body_min': 1.5, 'atr_percentile_min': 30.0, 'sweep_rr': 2.0, 'sl_atr_buffer': 0.1, 'use_m1_confirmation': False, 'session': 'ny', 'adx_min': 18.0, 'momentum_rr': 1.9, 'use_atr_expansion': False, 'body_mult': 2.2, 'max_wick_pct': 0.45, 'momentum_sl_atr_mult': 1.0, 'session_hours_utc': None, 'close_extreme_pct': None, 'ema_extension_atr_max': None, 'use_m15_ema_trend': False, 'use_m15_ema200_filter': False, 'momentum_atr_percentile_min': 45.0, 'momentum_atr_percentile_max': None, 'session_ranges_utc_minutes': ((720, 840),), 'entry_mode': 'next_m5'}",20.450960825384048,0.15335249999999978,0.02864773816635091,True
sensitivity,XAUUSDm,sens_thai_19_21_rr1.8_body2.2_wick0.4_atrMin35,96,48.95833333333333,1.4541531833594983,5.08983255836678,-2.6830261203028174,5.301908914965502,0.21207635659862004,0.1951219512195122,-145.2569309600068,17,13,76.47058823529412,179.92232643926673,7,"{'strategy': 'momentum', 'variant': 'sens_thai_19_21_rr1.8_body2.2_wick0.4_atrMin35', 'initial_balance': 10000.0, 'risk_pct': 0.0025, 'fee_rate': 0.0001, 'spread_atr_mult': 0.03, 'slippage_min_spread': 0.3, 'slippage_max_spread': 1.0, 'max_trades_per_day': 3, 'daily_loss_limit_pct': 0.03, 'max_hold_minutes': 720, 'seed': 42, 'sweep_lookback': 20, 'wick_body_min': 1.5, 'atr_percentile_min': 30.0, 'sweep_rr': 2.0, 'sl_atr_buffer': 0.1, 'use_m1_confirmation': False, 'session': 'ny', 'adx_min': 18.0, 'momentum_rr': 1.8, 'use_atr_expansion': False, 'body_mult': 2.2, 'max_wick_pct': 0.4, 'momentum_sl_atr_mult': 1.0, 'session_hours_utc': None, 'close_extreme_pct': None, 'ema_extension_atr_max': None, 'use_m15_ema_trend': False, 'use_m15_ema200_filter': False, 'momentum_atr_percentile_min': 35.0, 'momentum_atr_percentile_max': None, 'session_ranges_utc_minutes': ((720, 840),), 'entry_mode': 'next_m5'}",20.439989725150166,0.15195627232142836,0.028660671987877237,True
sensitivity,XAUUSDm,sens_thai_19_21_rr1.9_body2.2_wick0.45_atrMin40,98,48.97959183673469,1.4540165612150557,5.244103143597113,-2.5842756431915506,5.35112565673181,0.21404502626927244,0.1991869918699187,-145.2569309600068,17,12,70.58823529411765,189.9511864090369,6,"{'strategy': 'momentum', 'variant': 'sens_thai_19_21_rr1.9_body2.2_wick0.45_atrMin40', 'initial_balance': 10000.0, 'risk_pct': 0.0025, 'fee_rate': 0.0001, 'spread_atr_mult': 0.03, 'slippage_min_spread': 0.3, 'slippage_max_spread': 1.0, 'max_trades_per_day': 3, 'daily_loss_limit_pct': 0.03, 'max_hold_minutes': 720, 'seed': 42, 'sweep_lookback': 20, 'wick_body_min': 1.5, 'atr_percentile_min': 30.0, 'sweep_rr': 2.0, 'sl_atr_buffer': 0.1, 'use_m1_confirmation': False, 'session': 'ny', 'adx_min': 18.0, 'momentum_rr': 1.9, 'use_atr_expansion': False, 'body_mult': 2.2, 'max_wick_pct': 0.45, 'momentum_sl_atr_mult': 1.0, 'session_hours_utc': None, 'close_extreme_pct': None, 'ema_extension_atr_max': None, 'use_m15_ema_trend': False, 'use_m15_ema200_filter': False, 'momentum_atr_percentile_min': 40.0, 'momentum_atr_percentile_max': None, 'session_ranges_utc_minutes': ((720, 840),), 'entry_mode': 'next_m5'}",20.43711325959036,0.1529957798833817,0.028591326329799473,True
sensitivity,XAUUSDm,sens_thai_19_2030_rr2_body2_wick0.35_atrMin45,68,50.0,1.453310892259449,3.708226742369388,-1.083141248605064,5.45327462113141,0.21813098484525645,0.13821138211382114,-77.59625972049197,16,11,68.75,95.0505071274903,4,"{'strategy': 'momentum', 'variant': 'sens_thai_19_2030_rr2_body2_wick0.35_atrMin45', 'initial_balance': 10000.0, 'risk_pct': 0.0025, 'fee_rate': 0.0001, 'spread_atr_mult': 0.03, 'slippage_min_spread': 0.3, 'slippage_max_spread': 1.0, 'max_trades_per_day': 3, 'daily_loss_limit_pct': 0.03, 'max_hold_minutes': 720, 'seed': 42, 'sweep_lookback': 20, 'wick_body_min': 1.5, 'atr_percentile_min': 30.0, 'sweep_rr': 2.0, 'sl_atr_buffer': 0.1, 'use_m1_confirmation': False, 'session': 'ny', 'adx_min': 18.0, 'momentum_rr': 2.0, 'use_atr_expansion': False, 'body_mult': 2.0, 'max_wick_pct': 0.35, 'momentum_sl_atr_mult': 1.0, 'session_hours_utc': None, 'close_extreme_pct': None, 'ema_extension_atr_max': None, 'use_m15_ema_trend': False, 'use_m15_ema200_filter': False, 'momentum_atr_percentile_min': 45.0, 'momentum_atr_percentile_max': None, 'session_ranges_utc_minutes': ((720, 810),), 'entry_mode': 'next_m5'}",18.569091419983344,0.14488096638655443,0.026567700409794413,False
sensitivity,XAUUSDm,sens_thai_19_2030_rr2_body2_wick0.35_atrMin40,68,50.0,1.4530547463034296,3.706341434709611,-1.083141248605064,5.450502109867025,0.21802008439468104,0.13821138211382114,-77.59625972049197,16,11,68.75,95.0505071274903,4,"{'strategy': 'momentum', 'variant': 'sens_thai_19_2030_rr2_body2_wick0.35_atrMin40', 'initial_balance': 10000.0, 'risk_pct': 0.0025, 'fee_rate': 0.0001, 'spread_atr_mult': 0.03, 'slippage_min_spread': 0.3, 'slippage_max_spread': 1.0, 'max_trades_per_day': 3, 'daily_loss_limit_pct': 0.03, 'max_hold_minutes': 720, 'seed': 42, 'sweep_lookback': 20, 'wick_body_min': 1.5, 'atr_percentile_min': 30.0, 'sweep_rr': 2.0, 'sl_atr_buffer': 0.1, 'use_m1_confirmation': False, 'session': 'ny', 'adx_min': 18.0, 'momentum_rr': 2.0, 'use_atr_expansion': False, 'body_mult': 2.0, 'max_wick_pct': 0.35, 'momentum_sl_atr_mult': 1.0, 'session_hours_utc': None, 'close_extreme_pct': None, 'ema_extension_atr_max': None, 'use_m15_ema_trend': False, 'use_m15_ema200_filter': False, 'momentum_atr_percentile_min': 40.0, 'momentum_atr_percentile_max': None, 'session_ranges_utc_minutes': ((720, 810),), 'entry_mode': 'next_m5'}",18.54912778688421,0.14436686974789897,0.026486893654540947,False
sensitivity,XAUUSDm,sens_thai_19_2030_rr2_body2.2_wick0.45_atrMin50,61,50.81967213114754,1.452513325377746,3.3879837217930073,-1.5475325971890788,5.554071675070417,0.22216286700281665,0.12398373983739837,-93.604209984154,16,12,75.0,89.50918567072726,4,"{'strategy': 'momentum', 'variant': 'sens_thai_19_2030_rr2_body2.2_wick0.45_atrMin50', 'initial_balance': 10000.0, 'risk_pct': 0.0025, 'fee_rate': 0.0001, 'spread_atr_mult': 0.03, 'slippage_min_spread': 0.3, 'slippage_max_spread': 1.0, 'max_trades_per_day': 3, 'daily_loss_limit_pct': 0.03, 'max_hold_minutes': 720, 'seed': 42, 'sweep_lookback': 20, 'wick_body_min': 1.5, 'atr_percentile_min': 30.0, 'sweep_rr': 2.0, 'sl_atr_buffer': 0.1, 'use_m1_confirmation': False, 'session': 'ny', 'adx_min': 18.0, 'momentum_rr': 2.0, 'use_atr_expansion': False, 'body_mult': 2.2, 'max_wick_pct': 0.45, 'momentum_sl_atr_mult': 1.0, 'session_hours_utc': None, 'close_extreme_pct': None, 'ema_extension_atr_max': None, 'use_m15_ema_trend': False, 'use_m15_ema200_filter': False, 'momentum_atr_percentile_min': 50.0, 'momentum_atr_percentile_max': None, 'session_ranges_utc_minutes': ((720, 810),), 'entry_mode': 'next_m5'}",19.06541036071749,0.14602113583138157,0.026290826689688022,False
sensitivity,XAUUSDm,sens_thai_19_21_rr1.9_body2_wick0.4_atrMin45,103,48.54368932038835,1.4505900858950458,5.483313909068947,-2.688140968331461,5.323605736960188,0.2129442294784074,0.20934959349593496,-145.49094433007323,17,10,58.82352941176471,189.91499572312688,8,"{'strategy': 'momentum', 'variant': 'sens_thai_19_21_rr1.9_body2_wick0.4_atrMin45', 'initial_balance': 10000.0, 'risk_pct': 0.0025, 'fee_rate': 0.0001, 'spread_atr_mult': 0.03, 'slippage_min_spread': 0.3, 'slippage_max_spread': 1.0, 'max_trades_per_day': 3, 'daily_loss_limit_pct': 0.03, 'max_hold_minutes': 720, 'seed': 42, 'sweep_lookback': 20, 'wick_body_min': 1.5, 'atr_percentile_min': 30.0, 'sweep_rr': 2.0, 'sl_atr_buffer': 0.1, 'use_m1_confirmation': False, 'session': 'ny', 'adx_min': 18.0, 'momentum_rr': 1.9, 'use_atr_expansion': False, 'body_mult': 2.0, 'max_wick_pct': 0.4, 'momentum_sl_atr_mult': 1.0, 'session_hours_utc': None, 'close_extreme_pct': None, 'ema_extension_atr_max': None, 'use_m15_ema_trend': False, 'use_m15_ema200_filter': False, 'momentum_atr_percentile_min': 45.0, 'momentum_atr_percentile_max': None, 'session_ranges_utc_minutes': ((720, 840),), 'entry_mode': 'next_m5'}",20.237798949759867,0.15164488210818272,0.028485370555403473,True
sensitivity,XAUUSDm,sens_thai_19_21_rr1.9_body2_wick0.4_atrMin40,103,48.54368932038835,1.4504185602870023,5.481433260437242,-2.688140968331461,5.32177986450221,0.21287119458008835,0.20934959349593496,-145.49094433007323,17,10,58.82352941176471,189.91499572312688,8,"{'strategy': 'momentum', 'variant': 'sens_thai_19_21_rr1.9_body2_wick0.4_atrMin40', 'initial_balance': 10000.0, 'risk_pct': 0.0025, 'fee_rate': 0.0001, 'spread_atr_mult': 0.03, 'slippage_min_spread': 0.3, 'slippage_max_spread': 1.0, 'max_trades_per_day': 3, 'daily_loss_limit_pct': 0.03, 'max_hold_minutes': 720, 'seed': 42, 'sweep_lookback': 20, 'wick_body_min': 1.5, 'atr_percentile_min': 30.0, 'sweep_rr': 2.0, 'sl_atr_buffer': 0.1, 'use_m1_confirmation': False, 'session': 'ny', 'adx_min': 18.0, 'momentum_rr': 1.9, 'use_atr_expansion': False, 'body_mult': 2.0, 'max_wick_pct': 0.4, 'momentum_sl_atr_mult': 1.0, 'session_hours_utc': None, 'close_extreme_pct': None, 'ema_extension_atr_max': None, 'use_m15_ema_trend': False, 'use_m15_ema200_filter': False, 'momentum_atr_percentile_min': 40.0, 'momentum_atr_percentile_max': None, 'session_ranges_utc_minutes': ((720, 840),), 'entry_mode': 'next_m5'}",20.224683394995537,0.1513054785020801,0.02843136739107358,True
sensitivity,XAUUSDm,sens_thai_19_21_rr1.8_body2_wick0.45_atrMin50,103,49.51456310679612,1.4501830963762035,5.230024109061359,-1.7587951024619857,5.077693309768326,0.20310773239073304,0.20934959349593496,-75.94178639440621,17,11,64.70588235294117,191.65498308117924,5,"{'strategy': 'momentum', 'variant': 'sens_thai_19_21_rr1.8_body2_wick0.45_atrMin50', 'initial_balance': 10000.0, 'risk_pct': 0.0025, 'fee_rate': 0.0001, 'spread_atr_mult': 0.03, 'slippage_min_spread': 0.3, 'slippage_max_spread': 1.0, 'max_trades_per_day': 3, 'daily_loss_limit_pct': 0.03, 'max_hold_minutes': 720, 'seed': 42, 'sweep_lookback': 20, 'wick_body_min': 1.5, 'atr_percentile_min': 30.0, 'sweep_rr': 2.0, 'sl_atr_buffer': 0.1, 'use_m1_confirmation': False, 'session': 'ny', 'adx_min': 18.0, 'momentum_rr': 1.8, 'use_atr_expansion': False, 'body_mult': 2.0, 'max_wick_pct': 0.45, 'momentum_sl_atr_mult': 1.0, 'session_hours_utc': None, 'close_extreme_pct': None, 'ema_extension_atr_max': None, 'use_m15_ema_trend': False, 'use_m15_ema200_filter': False, 'momentum_atr_percentile_min': 50.0, 'momentum_atr_percentile_max': None, 'session_ranges_utc_minutes': ((720, 840),), 'entry_mode': 'next_m5'}",20.472312642373726,0.1519688488210815,0.02992871753966078,True
sensitivity,XAUUSDm,sens_thai_19_21_rr1.6_body2_wick0.45_atrMin35,108,51.85185185185185,1.449438106407411,5.282579645756468,-1.5280148009888896,4.891277449774537,0.1956510979909814,0.21951219512195122,-76.0544748552494,17,11,64.70588235294117,185.76692503351697,6,"{'strategy': 'momentum', 'variant': 'sens_thai_19_21_rr1.6_body2_wick0.45_atrMin35', 'initial_balance': 10000.0, 'risk_pct': 0.0025, 'fee_rate': 0.0001, 'spread_atr_mult': 0.03, 'slippage_min_spread': 0.3, 'slippage_max_spread': 1.0, 'max_trades_per_day': 3, 'daily_loss_limit_pct': 0.03, 'max_hold_minutes': 720, 'seed': 42, 'sweep_lookback': 20, 'wick_body_min': 1.5, 'atr_percentile_min': 30.0, 'sweep_rr': 2.0, 'sl_atr_buffer': 0.1, 'use_m1_confirmation': False, 'session': 'ny', 'adx_min': 18.0, 'momentum_rr': 1.6, 'use_atr_expansion': False, 'body_mult': 2.0, 'max_wick_pct': 0.45, 'momentum_sl_atr_mult': 1.0, 'session_hours_utc': None, 'close_extreme_pct': None, 'ema_extension_atr_max': None, 'use_m15_ema_trend': False, 'use_m15_ema200_filter': False, 'momentum_atr_percentile_min': 35.0, 'momentum_atr_percentile_max': None, 'session_ranges_utc_minutes': ((720, 840),), 'entry_mode': 'next_m5'}",20.100713011701785,0.149465218253968,0.030557501550204962,True
sensitivity,XAUUSDm,sens_thai_19_2030_rr1.8_body2.2_wick0.35_atrMin50,61,50.81967213114754,1.448838753692805,3.175196717236158,-0.877944029920644,5.2052405200593475,0.20820962080237393,0.12398373983739837,-77.5981789933033,16,12,75.0,79.5091856707273,4,"{'strategy': 'momentum', 'variant': 'sens_thai_19_2030_rr1.8_body2.2_wick0.35_atrMin50', 'initial_balance': 10000.0, 'risk_pct': 0.0025, 'fee_rate': 0.0001, 'spread_atr_mult': 0.03, 'slippage_min_spread': 0.3, 'slippage_max_spread': 1.0, 'max_trades_per_day': 3, 'daily_loss_limit_pct': 0.03, 'max_hold_minutes': 720, 'seed': 42, 'sweep_lookback': 20, 'wick_body_min': 1.5, 'atr_percentile_min': 30.0, 'sweep_rr': 2.0, 'sl_atr_buffer': 0.1, 'use_m1_confirmation': False, 'session': 'ny', 'adx_min': 18.0, 'momentum_rr': 1.8, 'use_atr_expansion': False, 'body_mult': 2.2, 'max_wick_pct': 0.35, 'momentum_sl_atr_mult': 1.0, 'session_hours_utc': None, 'close_extreme_pct': None, 'ema_extension_atr_max': None, 'use_m15_ema_trend': False, 'use_m15_ema200_filter': False, 'momentum_atr_percentile_min': 50.0, 'momentum_atr_percentile_max': None, 'session_ranges_utc_minutes': ((720, 810),), 'entry_mode': 'next_m5'}",19.91162279465408,0.14989176814988273,0.028796319319395008,False
sensitivity,XAUUSDm,sens_thai_19_21_rr1.7_body2.2_wick0.35_atrMin45,95,50.526315789473685,1.448540580208962,4.800497291869542,-1.8841369032901456,5.053155044073226,0.202126201762929,0.19308943089430894,-77.60715367893775,17,12,70.58823529411765,195.7821314728217,4,"{'strategy': 'momentum', 'variant': 'sens_thai_19_21_rr1.7_body2.2_wick0.35_atrMin45', 'initial_balance': 10000.0, 'risk_pct': 0.0025, 'fee_rate': 0.0001, 'spread_atr_mult': 0.03, 'slippage_min_spread': 0.3, 'slippage_max_spread': 1.0, 'max_trades_per_day': 3, 'daily_loss_limit_pct': 0.03, 'max_hold_minutes': 720, 'seed': 42, 'sweep_lookback': 20, 'wick_body_min': 1.5, 'atr_percentile_min': 30.0, 'sweep_rr': 2.0, 'sl_atr_buffer': 0.1, 'use_m1_confirmation': False, 'session': 'ny', 'adx_min': 18.0, 'momentum_rr': 1.7, 'use_atr_expansion': False, 'body_mult': 2.2, 'max_wick_pct': 0.35, 'momentum_sl_atr_mult': 1.0, 'session_hours_utc': None, 'close_extreme_pct': None, 'ema_extension_atr_max': None, 'use_m15_ema_trend': False, 'use_m15_ema200_filter': False, 'momentum_atr_percentile_min': 45.0, 'momentum_atr_percentile_max': None, 'session_ranges_utc_minutes': ((720, 840),), 'entry_mode': 'next_m5'}",20.507239348746804,0.15350487969924786,0.03037802686843966,True
sensitivity,XAUUSDm,sens_thai_19_21_rr1.7_body2.2_wick0.35_atrMin40,95,50.526315789473685,1.448346023991977,4.798619991519009,-1.8841369032901456,5.051178938441091,0.2020471575376436,0.19308943089430894,-77.60715367893775,17,12,70.58823529411765,195.7821314728217,4,"{'strategy': 'momentum', 'variant': 'sens_thai_19_21_rr1.7_body2.2_wick0.35_atrMin40', 'initial_balance': 10000.0, 'risk_pct': 0.0025, 'fee_rate': 0.0001, 'spread_atr_mult': 0.03, 'slippage_min_spread': 0.3, 'slippage_max_spread': 1.0, 'max_trades_per_day': 3, 'daily_loss_limit_pct': 0.03, 'max_hold_minutes': 720, 'seed': 42, 'sweep_lookback': 20, 'wick_body_min': 1.5, 'atr_percentile_min': 30.0, 'sweep_rr': 2.0, 'sl_atr_buffer': 0.1, 'use_m1_confirmation': False, 'session': 'ny', 'adx_min': 18.0, 'momentum_rr': 1.7, 'use_atr_expansion': False, 'body_mult': 2.2, 'max_wick_pct': 0.35, 'momentum_sl_atr_mult': 1.0, 'session_hours_utc': None, 'close_extreme_pct': None, 'ema_extension_atr_max': None, 'use_m15_ema_trend': False, 'use_m15_ema200_filter': False, 'momentum_atr_percentile_min': 40.0, 'momentum_atr_percentile_max': None, 'session_ranges_utc_minutes': ((720, 840),), 'entry_mode': 'next_m5'}",20.49298538180118,0.15313689473684183,0.030317059958304183,True
sensitivity,XAUUSDm,sens_thai_19_21_rr1.9_body2_wick0.45_atrMin35,106,48.113207547169814,1.448006241026585,5.610199281142085,-2.6718978897291126,5.292640831266106,0.21170563325064423,0.21544715447154472,-145.49094433007323,17,11,64.70588235294117,189.8876356548337,7,"{'strategy': 'momentum', 'variant': 'sens_thai_19_21_rr1.9_body2_wick0.45_atrMin35', 'initial_balance': 10000.0, 'risk_pct': 0.0025, 'fee_rate': 0.0001, 'spread_atr_mult': 0.03, 'slippage_min_spread': 0.3, 'slippage_max_spread': 1.0, 'max_trades_per_day': 3, 'daily_loss_limit_pct': 0.03, 'max_hold_minutes': 720, 'seed': 42, 'sweep_lookback': 20, 'wick_body_min': 1.5, 'atr_percentile_min': 30.0, 'sweep_rr': 2.0, 'sl_atr_buffer': 0.1, 'use_m1_confirmation': False, 'session': 'ny', 'adx_min': 18.0, 'momentum_rr': 1.9, 'use_atr_expansion': False, 'body_mult': 2.0, 'max_wick_pct': 0.45, 'momentum_sl_atr_mult': 1.0, 'session_hours_utc': None, 'close_extreme_pct': None, 'ema_extension_atr_max': None, 'use_m15_ema_trend': False, 'use_m15_ema200_filter': False, 'momentum_atr_percentile_min': 35.0, 'momentum_atr_percentile_max': None, 'session_ranges_utc_minutes': ((720, 840),), 'entry_mode': 'next_m5'}",20.05040127836839,0.14952026280323422,0.028250596926953378,True
sensitivity,XAUUSDm,sens_thai_19_21_rr2_body2.2_wick0.4_atrMin45,95,47.368421052631575,1.4461048480114072,5.1120082266284586,-2.5231236671656903,5.38106129118795,0.215242451647518,0.19308943089430894,-145.2569309600068,17,12,70.58823529411765,175.40648021616394,7,"{'strategy': 'momentum', 'variant': 'sens_thai_19_21_rr2_body2.2_wick0.4_atrMin45', 'initial_balance': 10000.0, 'risk_pct': 0.0025, 'fee_rate': 0.0001, 'spread_atr_mult': 0.03, 'slippage_min_spread': 0.3, 'slippage_max_spread': 1.0, 'max_trades_per_day': 3, 'daily_loss_limit_pct': 0.03, 'max_hold_minutes': 720, 'seed': 42, 'sweep_lookback': 20, 'wick_body_min': 1.5, 'atr_percentile_min': 30.0, 'sweep_rr': 2.0, 'sl_atr_buffer': 0.1, 'use_m1_confirmation': False, 'session': 'ny', 'adx_min': 18.0, 'momentum_rr': 2.0, 'use_atr_expansion': False, 'body_mult': 2.2, 'max_wick_pct': 0.4, 'momentum_sl_atr_mult': 1.0, 'session_hours_utc': None, 'close_extreme_pct': None, 'ema_extension_atr_max': None, 'use_m15_ema_trend': False, 'use_m15_ema200_filter': False, 'momentum_atr_percentile_min': 45.0, 'momentum_atr_percentile_max': None, 'session_ranges_utc_minutes': ((720, 840),), 'entry_mode': 'next_m5'}",20.15254488159869,0.15215052631578924,0.028275189239147232,True
sensitivity,XAUUSDm,sens_thai_19_21_rr2_body2.2_wick0.4_atrMin40,95,47.368421052631575,1.4459233099198154,5.1101317704636315,-2.5231236671656903,5.379086074172355,0.2151634429668942,0.19308943089430894,-145.2569309600068,17,12,70.58823529411765,175.40648021616394,7,"{'strategy': 'momentum', 'variant': 'sens_thai_19_21_rr2_body2.2_wick0.4_atrMin40', 'initial_balance': 10000.0, 'risk_pct': 0.0025, 'fee_rate': 0.0001, 'spread_atr_mult': 0.03, 'slippage_min_spread': 0.3, 'slippage_max_spread': 1.0, 'max_trades_per_day': 3, 'daily_loss_limit_pct': 0.03, 'max_hold_minutes': 720, 'seed': 42, 'sweep_lookback': 20, 'wick_body_min': 1.5, 'atr_percentile_min': 30.0, 'sweep_rr': 2.0, 'sl_atr_buffer': 0.1, 'use_m1_confirmation': False, 'session': 'ny', 'adx_min': 18.0, 'momentum_rr': 2.0, 'use_atr_expansion': False, 'body_mult': 2.2, 'max_wick_pct': 0.4, 'momentum_sl_atr_mult': 1.0, 'session_hours_utc': None, 'close_extreme_pct': None, 'ema_extension_atr_max': None, 'use_m15_ema_trend': False, 'use_m15_ema200_filter': False, 'momentum_atr_percentile_min': 40.0, 'momentum_atr_percentile_max': None, 'session_ranges_utc_minutes': ((720, 840),), 'entry_mode': 'next_m5'}",20.138260024253626,0.15178254135338323,0.028217161662864264,True
sensitivity,XAUUSDm,sens_thai_19_21_rr1.7_body2_wick0.35_atrMin50,99,50.505050505050505,1.444543306515578,4.897125333839649,-1.0843174852461421,4.94659124630272,0.19786364985210883,0.20121951219512196,-75.97252035341242,17,11,64.70588235294117,139.91833888803745,4,"{'strategy': 'momentum', 'variant': 'sens_thai_19_21_rr1.7_body2_wick0.35_atrMin50', 'initial_balance': 10000.0, 'risk_pct': 0.0025, 'fee_rate': 0.0001, 'spread_atr_mult': 0.03, 'slippage_min_spread': 0.3, 'slippage_max_spread': 1.0, 'max_trades_per_day': 3, 'daily_loss_limit_pct': 0.03, 'max_hold_minutes': 720, 'seed': 42, 'sweep_lookback': 20, 'wick_body_min': 1.5, 'atr_percentile_min': 30.0, 'sweep_rr': 2.0, 'sl_atr_buffer': 0.1, 'use_m1_confirmation': False, 'session': 'ny', 'adx_min': 18.0, 'momentum_rr': 1.7, 'use_atr_expansion': False, 'body_mult': 2.0, 'max_wick_pct': 0.35, 'momentum_sl_atr_mult': 1.0, 'session_hours_utc': None, 'close_extreme_pct': None, 'ema_extension_atr_max': None, 'use_m15_ema_trend': False, 'use_m15_ema200_filter': False, 'momentum_atr_percentile_min': 50.0, 'momentum_atr_percentile_max': None, 'session_ranges_utc_minutes': ((720, 840),), 'entry_mode': 'next_m5'}",20.41042096500747,0.15149387445887408,0.030625913263422896,True
sensitivity,XAUUSDm,sens_thai_19_2030_rr1.8_body2.2_wick0.4_atrMin35,66,50.0,1.4436683093950238,3.5413636924626006,-1.9193093421284102,5.365702564337375,0.21462810257349504,0.13414634146341464,-93.55087831960687,16,12,75.0,137.79004770512847,6,"{'strategy': 'momentum', 'variant': 'sens_thai_19_2030_rr1.8_body2.2_wick0.4_atrMin35', 'initial_balance': 10000.0, 'risk_pct': 0.0025, 'fee_rate': 0.0001, 'spread_atr_mult': 0.03, 'slippage_min_spread': 0.3, 'slippage_max_spread': 1.0, 'max_trades_per_day': 3, 'daily_loss_limit_pct': 0.03, 'max_hold_minutes': 720, 'seed': 42, 'sweep_lookback': 20, 'wick_body_min': 1.5, 'atr_percentile_min': 30.0, 'sweep_rr': 2.0, 'sl_atr_buffer': 0.1, 'use_m1_confirmation': False, 'session': 'ny', 'adx_min': 18.0, 'momentum_rr': 1.8, 'use_atr_expansion': False, 'body_mult': 2.2, 'max_wick_pct': 0.4, 'momentum_sl_atr_mult': 1.0, 'session_hours_utc': None, 'close_extreme_pct': None, 'ema_extension_atr_max': None, 'use_m15_ema_trend': False, 'use_m15_ema200_filter': False, 'momentum_atr_percentile_min': 35.0, 'momentum_atr_percentile_max': None, 'session_ranges_utc_minutes': ((720, 810),), 'entry_mode': 'next_m5'}",19.304141788199235,0.14701012987012974,0.027398113873701908,False
sensitivity,XAUUSDm,sens_thai_19_2030_rr1.8_body1.8_wick0.45_atrMin35,77,50.649350649350644,1.4425767876345434,4.092390663977076,-1.2796004763063522,5.314793070100123,0.21259172280400487,0.1565040650406504,-77.5992877566892,16,10,62.5,112.23663050010175,5,"{'strategy': 'momentum', 'variant': 'sens_thai_19_2030_rr1.8_body1.8_wick0.45_atrMin35', 'initial_balance': 10000.0, 'risk_pct': 0.0025, 'fee_rate': 0.0001, 'spread_atr_mult': 0.03, 'slippage_min_spread': 0.3, 'slippage_max_spread': 1.0, 'max_trades_per_day': 3, 'daily_loss_limit_pct': 0.03, 'max_hold_minutes': 720, 'seed': 42, 'sweep_lookback': 20, 'wick_body_min': 1.5, 'atr_percentile_min': 30.0, 'sweep_rr': 2.0, 'sl_atr_buffer': 0.1, 'use_m1_confirmation': False, 'session': 'ny', 'adx_min': 18.0, 'momentum_rr': 1.8, 'use_atr_expansion': False, 'body_mult': 1.8, 'max_wick_pct': 0.45, 'momentum_sl_atr_mult': 1.0, 'session_hours_utc': None, 'close_extreme_pct': None, 'ema_extension_atr_max': None, 'use_m15_ema_trend': False, 'use_m15_ema200_filter': False, 'momentum_atr_percentile_min': 35.0, 'momentum_atr_percentile_max': None, 'session_ranges_utc_minutes': ((720, 810),), 'entry_mode': 'next_m5'}",18.951954579966785,0.14916050092764363,0.02806515681048588,True
sensitivity,XAUUSDm,sens_thai_19_21_rr1.6_body2.2_wick0.4_atrMin45,97,51.546391752577314,1.4419032746597338,4.726217152071549,-1.705963859107389,4.872388816568676,0.19489555266274697,0.19715447154471544,-80.25043096000692,17,13,76.47058823529412,185.58976933900897,7,"{'strategy': 'momentum', 'variant': 'sens_thai_19_21_rr1.6_body2.2_wick0.4_atrMin45', 'initial_balance': 10000.0, 'risk_pct': 0.0025, 'fee_rate': 0.0001, 'spread_atr_mult': 0.03, 'slippage_min_spread': 0.3, 'slippage_max_spread': 1.0, 'max_trades_per_day': 3, 'daily_loss_limit_pct': 0.03, 'max_hold_minutes': 720, 'seed': 42, 'sweep_lookback': 20, 'wick_body_min': 1.5, 'atr_percentile_min': 30.0, 'sweep_rr': 2.0, 'sl_atr_buffer': 0.1, 'use_m1_confirmation': False, 'session': 'ny', 'adx_min': 18.0, 'momentum_rr': 1.6, 'use_atr_expansion': False, 'body_mult': 2.2, 'max_wick_pct': 0.4, 'momentum_sl_atr_mult': 1.0, 'session_hours_utc': None, 'close_extreme_pct': None, 'ema_extension_atr_max': None, 'use_m15_ema_trend': False, 'use_m15_ema200_filter': False, 'momentum_atr_percentile_min': 45.0, 'momentum_atr_percentile_max': None, 'session_ranges_utc_minutes': ((720, 840),), 'entry_mode': 'next_m5'}",20.48154553338145,0.15337577319587603,0.03147855784298618,True
sensitivity,XAUUSDm,sens_thai_19_21_rr1.6_body2.2_wick0.4_atrMin40,97,51.546391752577314,1.4417084722564417,4.724337170449344,-1.705963859107389,4.870450691184986,0.19481802764739942,0.19715447154471544,-80.25043096000692,17,13,76.47058823529412,185.58976933900897,7,"{'strategy': 'momentum', 'variant': 'sens_thai_19_21_rr1.6_body2.2_wick0.4_atrMin40', 'initial_balance': 10000.0, 'risk_pct': 0.0025, 'fee_rate': 0.0001, 'spread_atr_mult': 0.03, 'slippage_min_spread': 0.3, 'slippage_max_spread': 1.0, 'max_trades_per_day': 3, 'daily_loss_limit_pct': 0.03, 'max_hold_minutes': 720, 'seed': 42, 'sweep_lookback': 20, 'wick_body_min': 1.5, 'atr_percentile_min': 30.0, 'sweep_rr': 2.0, 'sl_atr_buffer': 0.1, 'use_m1_confirmation': False, 'session': 'ny', 'adx_min': 18.0, 'momentum_rr': 1.6, 'use_atr_expansion': False, 'body_mult': 2.2, 'max_wick_pct': 0.4, 'momentum_sl_atr_mult': 1.0, 'session_hours_utc': None, 'close_extreme_pct': None, 'ema_extension_atr_max': None, 'use_m15_ema_trend': False, 'use_m15_ema200_filter': False, 'momentum_atr_percentile_min': 40.0, 'momentum_atr_percentile_max': None, 'session_ranges_utc_minutes': ((720, 840),), 'entry_mode': 'next_m5'}",20.46750793861753,0.15301537555228248,0.031417087504699424,True
sensitivity,XAUUSDm,sens_thai_19_2030_rr1.6_body2.2_wick0.35_atrMin35,66,53.03030303030303,1.4412442026458283,3.2930978841752223,-1.1222459310562047,4.989542248750278,0.1995816899500111,0.13414634146341464,-77.59402510398289,16,11,68.75,95.24147379986738,3,"{'strategy': 'momentum', 'variant': 'sens_thai_19_2030_rr1.6_body2.2_wick0.35_atrMin35', 'initial_balance': 10000.0, 'risk_pct': 0.0025, 'fee_rate': 0.0001, 'spread_atr_mult': 0.03, 'slippage_min_spread': 0.3, 'slippage_max_spread': 1.0, 'max_trades_per_day': 3, 'daily_loss_limit_pct': 0.03, 'max_hold_minutes': 720, 'seed': 42, 'sweep_lookback': 20, 'wick_body_min': 1.5, 'atr_percentile_min': 30.0, 'sweep_rr': 2.0, 'sl_atr_buffer': 0.1, 'use_m1_confirmation': False, 'session': 'ny', 'adx_min': 18.0, 'momentum_rr': 1.6, 'use_atr_expansion': False, 'body_mult': 2.2, 'max_wick_pct': 0.35, 'momentum_sl_atr_mult': 1.0, 'session_hours_utc': None, 'close_extreme_pct': None, 'ema_extension_atr_max': None, 'use_m15_ema_trend': False, 'use_m15_ema200_filter': False, 'momentum_atr_percentile_min': 35.0, 'momentum_atr_percentile_max': None, 'session_ranges_utc_minutes': ((720, 810),), 'entry_mode': 'next_m5'}",19.571246012711622,0.14838353896103884,0.029738908213113983,False
sensitivity,XAUUSDm,sens_thai_19_21_rr1.8_body2_wick0.45_atrMin35,106,49.056603773584904,1.441124745033534,5.410254281142097,-2.0122766610314513,5.104013472775573,0.20416053891102284,0.21544715447154472,-76.01825508753784,17,11,64.70588235294117,179.88713565483403,6,"{'strategy': 'momentum', 'variant': 'sens_thai_19_21_rr1.8_body2_wick0.45_atrMin35', 'initial_balance': 10000.0, 'risk_pct': 0.0025, 'fee_rate': 0.0001, 'spread_atr_mult': 0.03, 'slippage_min_spread': 0.3, 'slippage_max_spread': 1.0, 'max_trades_per_day': 3, 'daily_loss_limit_pct': 0.03, 'max_hold_minutes': 720, 'seed': 42, 'sweep_lookback': 20, 'wick_body_min': 1.5, 'atr_percentile_min': 30.0, 'sweep_rr': 2.0, 'sl_atr_buffer': 0.1, 'use_m1_confirmation': False, 'session': 'ny', 'adx_min': 18.0, 'momentum_rr': 1.8, 'use_atr_expansion': False, 'body_mult': 2.0, 'max_wick_pct': 0.45, 'momentum_sl_atr_mult': 1.0, 'session_hours_utc': None, 'close_extreme_pct': None, 'ema_extension_atr_max': None, 'use_m15_ema_trend': False, 'use_m15_ema200_filter': False, 'momentum_atr_percentile_min': 35.0, 'momentum_atr_percentile_max': None, 'session_ranges_utc_minutes': ((720, 840),), 'entry_mode': 'next_m5'}",20.05040127836839,0.14952026280323422,0.029294645008435843,True
sensitivity,XAUUSDm,sens_thai_19_2030_rr2_body2.2_wick0.4_atrMin50,61,49.18032786885246,1.4407193553499036,3.306903819677391,-1.5637750087442825,5.421153802749735,0.21684615210998934,0.12398373983739837,-93.604209984154,16,12,75.0,89.50918567072726,5,"{'strategy': 'momentum', 'variant': 'sens_thai_19_2030_rr2_body2.2_wick0.4_atrMin50', 'initial_balance': 10000.0, 'risk_pct': 0.0025, 'fee_rate': 0.0001, 'spread_atr_mult': 0.03, 'slippage_min_spread': 0.3, 'slippage_max_spread': 1.0, 'max_trades_per_day': 3, 'daily_loss_limit_pct': 0.03, 'max_hold_minutes': 720, 'seed': 42, 'sweep_lookback': 20, 'wick_body_min': 1.5, 'atr_percentile_min': 30.0, 'sweep_rr': 2.0, 'sl_atr_buffer': 0.1, 'use_m1_confirmation': False, 'session': 'ny', 'adx_min': 18.0, 'momentum_rr': 2.0, 'use_atr_expansion': False, 'body_mult': 2.2, 'max_wick_pct': 0.4, 'momentum_sl_atr_mult': 1.0, 'session_hours_utc': None, 'close_extreme_pct': None, 'ema_extension_atr_max': None, 'use_m15_ema_trend': False, 'use_m15_ema200_filter': False, 'momentum_atr_percentile_min': 50.0, 'momentum_atr_percentile_max': None, 'session_ranges_utc_minutes': ((720, 810),), 'entry_mode': 'next_m5'}",19.18618351072629,0.14632018735362984,0.02699059880562932,False
sensitivity,XAUUSDm,sens_thai_19_2030_rr1.8_body1.8_wick0.35_atrMin50,71,50.70422535211267,1.4389756578814474,3.6635200852520025,-0.8669955260842499,5.159887444016856,0.20639549776067417,0.1443089430894309,-77.5988783890476,16,12,75.0,108.84244862731548,5,"{'strategy': 'momentum', 'variant': 'sens_thai_19_2030_rr1.8_body1.8_wick0.35_atrMin50', 'initial_balance': 10000.0, 'risk_pct': 0.0025, 'fee_rate': 0.0001, 'spread_atr_mult': 0.03, 'slippage_min_spread': 0.3, 'slippage_max_spread': 1.0, 'max_trades_per_day': 3, 'daily_loss_limit_pct': 0.03, 'max_hold_minutes': 720, 'seed': 42, 'sweep_lookback': 20, 'wick_body_min': 1.5, 'atr_percentile_min': 30.0, 'sweep_rr': 2.0, 'sl_atr_buffer': 0.1, 'use_m1_confirmation': False, 'session': 'ny', 'adx_min': 18.0, 'momentum_rr': 1.8, 'use_atr_expansion': False, 'body_mult': 1.8, 'max_wick_pct': 0.35, 'momentum_sl_atr_mult': 1.0, 'session_hours_utc': None, 'close_extreme_pct': None, 'ema_extension_atr_max': None, 'use_m15_ema_trend': False, 'use_m15_ema200_filter': False, 'momentum_atr_percentile_min': 50.0, 'momentum_atr_percentile_max': None, 'session_ranges_utc_minutes': ((720, 810),), 'entry_mode': 'next_m5'}",19.369580515040347,0.15119737424547253,0.029302455893838023,True
sensitivity,XAUUSDm,sens_thai_19_21_rr1.6_body2.2_wick0.45_atrMin35,100,52.0,1.4379383154806087,4.83422749600093,-1.6898110065483105,4.834227496001026,0.19336909984004103,0.2032520325203252,-80.25043096000692,17,13,76.47058823529412,185.682562433299,6,"{'strategy': 'momentum', 'variant': 'sens_thai_19_21_rr1.6_body2.2_wick0.45_atrMin35', 'initial_balance': 10000.0, 'risk_pct': 0.0025, 'fee_rate': 0.0001, 'spread_atr_mult': 0.03, 'slippage_min_spread': 0.3, 'slippage_max_spread': 1.0, 'max_trades_per_day': 3, 'daily_loss_limit_pct': 0.03, 'max_hold_minutes': 720, 'seed': 42, 'sweep_lookback': 20, 'wick_body_min': 1.5, 'atr_percentile_min': 30.0, 'sweep_rr': 2.0, 'sl_atr_buffer': 0.1, 'use_m1_confirmation': False, 'session': 'ny', 'adx_min': 18.0, 'momentum_rr': 1.6, 'use_atr_expansion': False, 'body_mult': 2.2, 'max_wick_pct': 0.45, 'momentum_sl_atr_mult': 1.0, 'session_hours_utc': None, 'close_extreme_pct': None, 'ema_extension_atr_max': None, 'use_m15_ema_trend': False, 'use_m15_ema200_filter': False, 'momentum_atr_percentile_min': 35.0, 'momentum_atr_percentile_max': None, 'session_ranges_utc_minutes': ((720, 840),), 'entry_mode': 'next_m5'}",20.326937782836108,0.15111473571428552,0.031259334782918424,True
sensitivity,XAUUSDm,sens_thai_19_21_rr1.7_body2_wick0.4_atrMin35,105,50.476190476190474,1.437724701286524,5.220301911300976,-2.0819036593548965,4.971716106000946,0.1988686442400378,0.21341463414634146,-77.98419433007345,17,10,58.82352941176471,195.64090921137068,7,"{'strategy': 'momentum', 'variant': 'sens_thai_19_21_rr1.7_body2_wick0.4_atrMin35', 'initial_balance': 10000.0, 'risk_pct': 0.0025, 'fee_rate': 0.0001, 'spread_atr_mult': 0.03, 'slippage_min_spread': 0.3, 'slippage_max_spread': 1.0, 'max_trades_per_day': 3, 'daily_loss_limit_pct': 0.03, 'max_hold_minutes': 720, 'seed': 42, 'sweep_lookback': 20, 'wick_body_min': 1.5, 'atr_percentile_min': 30.0, 'sweep_rr': 2.0, 'sl_atr_buffer': 0.1, 'use_m1_confirmation': False, 'session': 'ny', 'adx_min': 18.0, 'momentum_rr': 1.7, 'use_atr_expansion': False, 'body_mult': 2.0, 'max_wick_pct': 0.4, 'momentum_sl_atr_mult': 1.0, 'session_hours_utc': None, 'close_extreme_pct': None, 'ema_extension_atr_max': None, 'use_m15_ema_trend': False, 'use_m15_ema200_filter': False, 'momentum_atr_percentile_min': 35.0, 'momentum_atr_percentile_max': None, 'session_ranges_utc_minutes': ((720, 840),), 'entry_mode': 'next_m5'}",20.129429795957346,0.14954620408163233,0.030079393290603926,True
sensitivity,XAUUSDm,sens_thai_19_2030_rr1.8_body2_wick0.45_atrMin50,68,51.470588235294116,1.4373752390144718,3.405624327454516,-1.0200214286658718,5.008271069786171,0.20033084279144692,0.13821138211382114,-77.59625972049197,16,12,75.0,79.54203397308176,4,"{'strategy': 'momentum', 'variant': 'sens_thai_19_2030_rr1.8_body2_wick0.45_atrMin50', 'initial_balance': 10000.0, 'risk_pct': 0.0025, 'fee_rate': 0.0001, 'spread_atr_mult': 0.03, 'slippage_min_spread': 0.3, 'slippage_max_spread': 1.0, 'max_trades_per_day': 3, 'daily_loss_limit_pct': 0.03, 'max_hold_minutes': 720, 'seed': 42, 'sweep_lookback': 20, 'wick_body_min': 1.5, 'atr_percentile_min': 30.0, 'sweep_rr': 2.0, 'sl_atr_buffer': 0.1, 'use_m1_confirmation': False, 'session': 'ny', 'adx_min': 18.0, 'momentum_rr': 1.8, 'use_atr_expansion': False, 'body_mult': 2.0, 'max_wick_pct': 0.45, 'momentum_sl_atr_mult': 1.0, 'session_hours_utc': None, 'close_extreme_pct': None, 'ema_extension_atr_max': None, 'use_m15_ema_trend': False, 'use_m15_ema200_filter': False, 'momentum_atr_percentile_min': 50.0, 'momentum_atr_percentile_max': None, 'session_ranges_utc_minutes': ((720, 810),), 'entry_mode': 'next_m5'}",19.68051482905527,0.1486165966386552,0.0296742317993184,False
sensitivity,XAUUSDm,sens_thai_19_21_rr1.9_body1.8_wick0.35_atrMin35,106,48.113207547169814,1.437327772312412,5.641351030886199,-1.867723626112061,5.3220292744209114,0.21288117097683645,0.21544715447154472,-76.01825508753784,17,11,64.70588235294117,209.73406754971563,4,"{'strategy': 'momentum', 'variant': 'sens_thai_19_21_rr1.9_body1.8_wick0.35_atrMin35', 'initial_balance': 10000.0, 'risk_pct': 0.0025, 'fee_rate': 0.0001, 'spread_atr_mult': 0.03, 'slippage_min_spread': 0.3, 'slippage_max_spread': 1.0, 'max_trades_per_day': 3, 'daily_loss_limit_pct': 0.03, 'max_hold_minutes': 720, 'seed': 42, 'sweep_lookback': 20, 'wick_body_min': 1.5, 'atr_percentile_min': 30.0, 'sweep_rr': 2.0, 'sl_atr_buffer': 0.1, 'use_m1_confirmation': False, 'session': 'ny', 'adx_min': 18.0, 'momentum_rr': 1.9, 'use_atr_expansion': False, 'body_mult': 1.8, 'max_wick_pct': 0.35, 'momentum_sl_atr_mult': 1.0, 'session_hours_utc': None, 'close_extreme_pct': None, 'ema_extension_atr_max': None, 'use_m15_ema_trend': False, 'use_m15_ema200_filter': False, 'momentum_atr_percentile_min': 35.0, 'momentum_atr_percentile_max': None, 'session_ranges_utc_minutes': ((720, 840),), 'entry_mode': 'next_m5'}",19.394132946040813,0.1499174797843663,0.028169232458924942,True
sensitivity,XAUUSDm,sens_thai_19_21_rr1.6_body2_wick0.35_atrMin50,99,51.515151515151516,1.434655200436843,4.67217283383974,-0.848299654657364,4.719366498828003,0.18877465995312012,0.20121951219512196,-75.97252035341242,17,12,70.58823529411765,132.4175888880367,4,"{'strategy': 'momentum', 'variant': 'sens_thai_19_21_rr1.6_body2_wick0.35_atrMin50', 'initial_balance': 10000.0, 'risk_pct': 0.0025, 'fee_rate': 0.0001, 'spread_atr_mult': 0.03, 'slippage_min_spread': 0.3, 'slippage_max_spread': 1.0, 'max_trades_per_day': 3, 'daily_loss_limit_pct': 0.03, 'max_hold_minutes': 720, 'seed': 42, 'sweep_lookback': 20, 'wick_body_min': 1.5, 'atr_percentile_min': 30.0, 'sweep_rr': 2.0, 'sl_atr_buffer': 0.1, 'use_m1_confirmation': False, 'session': 'ny', 'adx_min': 18.0, 'momentum_rr': 1.6, 'use_atr_expansion': False, 'body_mult': 2.0, 'max_wick_pct': 0.35, 'momentum_sl_atr_mult': 1.0, 'session_hours_utc': None, 'close_extreme_pct': None, 'ema_extension_atr_max': None, 'use_m15_ema_trend': False, 'use_m15_ema200_filter': False, 'momentum_atr_percentile_min': 50.0, 'momentum_atr_percentile_max': None, 'session_ranges_utc_minutes': ((720, 840),), 'entry_mode': 'next_m5'}",20.41042096500747,0.15149387445887408,0.03210046825066367,True
sensitivity,XAUUSDm,sens_thai_19_2030_rr1.8_body1.8_wick0.4_atrMin35,76,50.0,1.4345921033310476,4.0212948609501105,-1.295899710748046,5.291177448618691,0.21164709794474765,0.15447154471544716,-77.60009646182955,16,10,62.5,112.20197637067533,6,"{'strategy': 'momentum', 'variant': 'sens_thai_19_2030_rr1.8_body1.8_wick0.4_atrMin35', 'initial_balance': 10000.0, 'risk_pct': 0.0025, 'fee_rate': 0.0001, 'spread_atr_mult': 0.03, 'slippage_min_spread': 0.3, 'slippage_max_spread': 1.0, 'max_trades_per_day': 3, 'daily_loss_limit_pct': 0.03, 'max_hold_minutes': 720, 'seed': 42, 'sweep_lookback': 20, 'wick_body_min': 1.5, 'atr_percentile_min': 30.0, 'sweep_rr': 2.0, 'sl_atr_buffer': 0.1, 'use_m1_confirmation': False, 'session': 'ny', 'adx_min': 18.0, 'momentum_rr': 1.8, 'use_atr_expansion': False, 'body_mult': 1.8, 'max_wick_pct': 0.4, 'momentum_sl_atr_mult': 1.0, 'session_hours_utc': None, 'close_extreme_pct': None, 'ema_extension_atr_max': None, 'use_m15_ema_trend': False, 'use_m15_ema200_filter': False, 'momentum_atr_percentile_min': 35.0, 'momentum_atr_percentile_max': None, 'session_ranges_utc_minutes': ((720, 810),), 'entry_mode': 'next_m5'}",18.88174435407879,0.14860900375939828,0.02808618784807415,True
sensitivity,XAUUSDm,sens_thai_19_21_rr1.9_body2_wick0.4_atrMin50,99,48.484848484848484,1.4306456182425853,5.033775924915663,-2.438369396951297,5.08462214637947,0.20338488585517875,0.20121951219512196,-145.50611915675782,17,11,64.70588235294117,162.91076627342412,7,"{'strategy': 'momentum', 'variant': 'sens_thai_19_21_rr1.9_body2_wick0.4_atrMin50', 'initial_balance': 10000.0, 'risk_pct': 0.0025, 'fee_rate': 0.0001, 'spread_atr_mult': 0.03, 'slippage_min_spread': 0.3, 'slippage_max_spread': 1.0, 'max_trades_per_day': 3, 'daily_loss_limit_pct': 0.03, 'max_hold_minutes': 720, 'seed': 42, 'sweep_lookback': 20, 'wick_body_min': 1.5, 'atr_percentile_min': 30.0, 'sweep_rr': 2.0, 'sl_atr_buffer': 0.1, 'use_m1_confirmation': False, 'session': 'ny', 'adx_min': 18.0, 'momentum_rr': 1.9, 'use_atr_expansion': False, 'body_mult': 2.0, 'max_wick_pct': 0.4, 'momentum_sl_atr_mult': 1.0, 'session_hours_utc': None, 'close_extreme_pct': None, 'ema_extension_atr_max': None, 'use_m15_ema_trend': False, 'use_m15_ema200_filter': False, 'momentum_atr_percentile_min': 50.0, 'momentum_atr_percentile_max': None, 'session_ranges_utc_minutes': ((720, 840),), 'entry_mode': 'next_m5'}",20.071137151580878,0.15019424242424206,0.029538919137027442,True
sensitivity,XAUUSDm,sens_thai_19_21_rr1.9_body1.8_wick0.35_atrMin50,104,48.07692307692308,1.430472865389276,5.313378217364625,-1.1955565871605593,5.1090175166967375,0.2043607006678695,0.21138211382113822,-76.05415260945115,17,11,64.70588235294117,209.57309071999967,4,"{'strategy': 'momentum', 'variant': 'sens_thai_19_21_rr1.9_body1.8_wick0.35_atrMin50', 'initial_balance': 10000.0, 'risk_pct': 0.0025, 'fee_rate': 0.0001, 'spread_atr_mult': 0.03, 'slippage_min_spread': 0.3, 'slippage_max_spread': 1.0, 'max_trades_per_day': 3, 'daily_loss_limit_pct': 0.03, 'max_hold_minutes': 720, 'seed': 42, 'sweep_lookback': 20, 'wick_body_min': 1.5, 'atr_percentile_min': 30.0, 'sweep_rr': 2.0, 'sl_atr_buffer': 0.1, 'use_m1_confirmation': False, 'session': 'ny', 'adx_min': 18.0, 'momentum_rr': 1.9, 'use_atr_expansion': False, 'body_mult': 1.8, 'max_wick_pct': 0.35, 'momentum_sl_atr_mult': 1.0, 'session_hours_utc': None, 'close_extreme_pct': None, 'ema_extension_atr_max': None, 'use_m15_ema_trend': False, 'use_m15_ema200_filter': False, 'momentum_atr_percentile_min': 50.0, 'momentum_atr_percentile_max': None, 'session_ranges_utc_minutes': ((720, 840),), 'entry_mode': 'next_m5'}",20.222314503126203,0.15418973901098865,0.030179919819629204,True
sensitivity,XAUUSDm,sens_thai_19_2030_rr1.8_body2_wick0.4_atrMin50,67,50.74626865671642,1.4280613617131477,3.3356266436611985,-1.0360160085904453,4.978547229345144,0.19914188917380585,0.13617886178861788,-77.5948242338759,16,12,75.0,79.55159594457758,5,"{'strategy': 'momentum', 'variant': 'sens_thai_19_2030_rr1.8_body2_wick0.4_atrMin50', 'initial_balance': 10000.0, 'risk_pct': 0.0025, 'fee_rate': 0.0001, 'spread_atr_mult': 0.03, 'slippage_min_spread': 0.3, 'slippage_max_spread': 1.0, 'max_trades_per_day': 3, 'daily_loss_limit_pct': 0.03, 'max_hold_minutes': 720, 'seed': 42, 'sweep_lookback': 20, 'wick_body_min': 1.5, 'atr_percentile_min': 30.0, 'sweep_rr': 2.0, 'sl_atr_buffer': 0.1, 'use_m1_confirmation': False, 'session': 'ny', 'adx_min': 18.0, 'momentum_rr': 1.8, 'use_atr_expansion': False, 'body_mult': 2.0, 'max_wick_pct': 0.4, 'momentum_sl_atr_mult': 1.0, 'session_hours_utc': None, 'close_extreme_pct': None, 'ema_extension_atr_max': None, 'use_m15_ema_trend': False, 'use_m15_ema200_filter': False, 'momentum_atr_percentile_min': 50.0, 'momentum_atr_percentile_max': None, 'session_ranges_utc_minutes': ((720, 810),), 'entry_mode': 'next_m5'}",19.60958830553233,0.14798289978678006,0.029724112872631138,False
sensitivity,XAUUSDm,sens_thai_19_2030_rr1.9_body1.8_wick0.45_atrMin35,77,49.35064935064935,1.4279288988882248,4.067318163977088,-1.9429765865777306,5.282231381788415,0.21128925527153658,0.1565040650406504,-119.3108747119868,16,10,62.5,119.73688050010188,6,"{'strategy': 'momentum', 'variant': 'sens_thai_19_2030_rr1.9_body1.8_wick0.45_atrMin35', 'initial_balance': 10000.0, 'risk_pct': 0.0025, 'fee_rate': 0.0001, 'spread_atr_mult': 0.03, 'slippage_min_spread': 0.3, 'slippage_max_spread': 1.0, 'max_trades_per_day': 3, 'daily_loss_limit_pct': 0.03, 'max_hold_minutes': 720, 'seed': 42, 'sweep_lookback': 20, 'wick_body_min': 1.5, 'atr_percentile_min': 30.0, 'sweep_rr': 2.0, 'sl_atr_buffer': 0.1, 'use_m1_confirmation': False, 'session': 'ny', 'adx_min': 18.0, 'momentum_rr': 1.9, 'use_atr_expansion': False, 'body_mult': 1.8, 'max_wick_pct': 0.45, 'momentum_sl_atr_mult': 1.0, 'session_hours_utc': None, 'close_extreme_pct': None, 'ema_extension_atr_max': None, 'use_m15_ema_trend': False, 'use_m15_ema200_filter': False, 'momentum_atr_percentile_min': 35.0, 'momentum_atr_percentile_max': None, 'session_ranges_utc_minutes': ((720, 810),), 'entry_mode': 'next_m5'}",18.951954579966785,0.14916050092764363,0.028238161138095033,True
sensitivity,XAUUSDm,sens_thai_19_2030_rr2_body2.2_wick0.45_atrMin45,64,50.0,1.4278395244766362,3.404155672245561,-1.800767967452125,5.318993237883672,0.21275972951534688,0.13008130081300814,-93.55087831960687,16,11,68.75,95.11761654481386,5,"{'strategy': 'momentum', 'variant': 'sens_thai_19_2030_rr2_body2.2_wick0.45_atrMin45', 'initial_balance': 10000.0, 'risk_pct': 0.0025, 'fee_rate': 0.0001, 'spread_atr_mult': 0.03, 'slippage_min_spread': 0.3, 'slippage_max_spread': 1.0, 'max_trades_per_day': 3, 'daily_loss_limit_pct': 0.03, 'max_hold_minutes': 720, 'seed': 42, 'sweep_lookback': 20, 'wick_body_min': 1.5, 'atr_percentile_min': 30.0, 'sweep_rr': 2.0, 'sl_atr_buffer': 0.1, 'use_m1_confirmation': False, 'session': 'ny', 'adx_min': 18.0, 'momentum_rr': 2.0, 'use_atr_expansion': False, 'body_mult': 2.2, 'max_wick_pct': 0.45, 'momentum_sl_atr_mult': 1.0, 'session_hours_utc': None, 'close_extreme_pct': None, 'ema_extension_atr_max': None, 'use_m15_ema_trend': False, 'use_m15_ema200_filter': False, 'momentum_atr_percentile_min': 45.0, 'momentum_atr_percentile_max': None, 'session_ranges_utc_minutes': ((720, 810),), 'entry_mode': 'next_m5'}",18.689422327569446,0.14552832589285702,0.02736012613371173,False
sensitivity,XAUUSDm,sens_thai_19_2030_rr2_body2.2_wick0.45_atrMin40,64,50.0,1.4275786637272239,3.402275950548974,-1.800767967452125,5.316056172732731,0.21264224690930927,0.13008130081300814,-93.55087831960687,16,11,68.75,95.11761654481386,5,"{'strategy': 'momentum', 'variant': 'sens_thai_19_2030_rr2_body2.2_wick0.45_atrMin40', 'initial_balance': 10000.0, 'risk_pct': 0.0025, 'fee_rate': 0.0001, 'spread_atr_mult': 0.03, 'slippage_min_spread': 0.3, 'slippage_max_spread': 1.0, 'max_trades_per_day': 3, 'daily_loss_limit_pct': 0.03, 'max_hold_minutes': 720, 'seed': 42, 'sweep_lookback': 20, 'wick_body_min': 1.5, 'atr_percentile_min': 30.0, 'sweep_rr': 2.0, 'sl_atr_buffer': 0.1, 'use_m1_confirmation': False, 'session': 'ny', 'adx_min': 18.0, 'momentum_rr': 2.0, 'use_atr_expansion': False, 'body_mult': 2.2, 'max_wick_pct': 0.45, 'momentum_sl_atr_mult': 1.0, 'session_hours_utc': None, 'close_extreme_pct': None, 'ema_extension_atr_max': None, 'use_m15_ema_trend': False, 'use_m15_ema200_filter': False, 'momentum_atr_percentile_min': 40.0, 'momentum_atr_percentile_max': None, 'session_ranges_utc_minutes': ((720, 810),), 'entry_mode': 'next_m5'}",18.66832519829692,0.1449820982142856,0.02727249176897941,False
sensitivity,XAUUSDm,sens_thai_19_2030_rr2_body2_wick0.45_atrMin35,71,49.29577464788733,1.4258854254416111,3.702634396413978,-2.0619131106676534,5.214978023118173,0.2085991209247269,0.1443089430894309,-119.34734413137845,16,11,68.75,95.0767925947221,6,"{'strategy': 'momentum', 'variant': 'sens_thai_19_2030_rr2_body2_wick0.45_atrMin35', 'initial_balance': 10000.0, 'risk_pct': 0.0025, 'fee_rate': 0.0001, 'spread_atr_mult': 0.03, 'slippage_min_spread': 0.3, 'slippage_max_spread': 1.0, 'max_trades_per_day': 3, 'daily_loss_limit_pct': 0.03, 'max_hold_minutes': 720, 'seed': 42, 'sweep_lookback': 20, 'wick_body_min': 1.5, 'atr_percentile_min': 30.0, 'sweep_rr': 2.0, 'sl_atr_buffer': 0.1, 'use_m1_confirmation': False, 'session': 'ny', 'adx_min': 18.0, 'momentum_rr': 2.0, 'use_atr_expansion': False, 'body_mult': 2.0, 'max_wick_pct': 0.45, 'momentum_sl_atr_mult': 1.0, 'session_hours_utc': None, 'close_extreme_pct': None, 'ema_extension_atr_max': None, 'use_m15_ema_trend': False, 'use_m15_ema200_filter': False, 'momentum_atr_percentile_min': 35.0, 'momentum_atr_percentile_max': None, 'session_ranges_utc_minutes': ((720, 810),), 'entry_mode': 'next_m5'}",18.499352156657526,0.14360179074446666,0.02753641340536338,True
sensitivity,XAUUSDm,sens_thai_19_21_rr2_body2.2_wick0.45_atrMin50,94,47.87234042553192,1.4256852964195248,4.823880946674254,-2.6306259743389337,5.131788241142752,0.20527152964571008,0.1910569105691057,-145.2723622312632,17,11,64.70588235294117,175.41350456849887,5,"{'strategy': 'momentum', 'variant': 'sens_thai_19_21_rr2_body2.2_wick0.45_atrMin50', 'initial_balance': 10000.0, 'risk_pct': 0.0025, 'fee_rate': 0.0001, 'spread_atr_mult': 0.03, 'slippage_min_spread': 0.3, 'slippage_max_spread': 1.0, 'max_trades_per_day': 3, 'daily_loss_limit_pct': 0.03, 'max_hold_minutes': 720, 'seed': 42, 'sweep_lookback': 20, 'wick_body_min': 1.5, 'atr_percentile_min': 30.0, 'sweep_rr': 2.0, 'sl_atr_buffer': 0.1, 'use_m1_confirmation': False, 'session': 'ny', 'adx_min': 18.0, 'momentum_rr': 2.0, 'use_atr_expansion': False, 'body_mult': 2.2, 'max_wick_pct': 0.45, 'momentum_sl_atr_mult': 1.0, 'session_hours_utc': None, 'close_extreme_pct': None, 'ema_extension_atr_max': None, 'use_m15_ema_trend': False, 'use_m15_ema200_filter': False, 'momentum_atr_percentile_min': 50.0, 'momentum_atr_percentile_max': None, 'session_ranges_utc_minutes': ((720, 840),), 'entry_mode': 'next_m5'}",20.281490428340653,0.1518973632218843,0.02959930458628192,True
sensitivity,XAUUSDm,sens_thai_19_21_rr1.8_body1.8_wick0.35_atrMin50,104,49.03846153846153,1.4251388164901424,5.138430717364681,-1.339998645605947,4.9407987666967434,0.19763195066786976,0.21138211382113822,-76.05415260945115,17,11,64.70588235294117,194.57259071999954,4,"{'strategy': 'momentum', 'variant': 'sens_thai_19_21_rr1.8_body1.8_wick0.35_atrMin50', 'initial_balance': 10000.0, 'risk_pct': 0.0025, 'fee_rate': 0.0001, 'spread_atr_mult': 0.03, 'slippage_min_spread': 0.3, 'slippage_max_spread': 1.0, 'max_trades_per_day': 3, 'daily_loss_limit_pct': 0.03, 'max_hold_minutes': 720, 'seed': 42, 'sweep_lookback': 20, 'wick_body_min': 1.5, 'atr_percentile_min': 30.0, 'sweep_rr': 2.0, 'sl_atr_buffer': 0.1, 'use_m1_confirmation': False, 'session': 'ny', 'adx_min': 18.0, 'momentum_rr': 1.8, 'use_atr_expansion': False, 'body_mult': 1.8, 'max_wick_pct': 0.35, 'momentum_sl_atr_mult': 1.0, 'session_hours_utc': None, 'close_extreme_pct': None, 'ema_extension_atr_max': None, 'use_m15_ema_trend': False, 'use_m15_ema200_filter': False, 'momentum_atr_percentile_min': 50.0, 'momentum_atr_percentile_max': None, 'session_ranges_utc_minutes': ((720, 840),), 'entry_mode': 'next_m5'}",20.222314503126203,0.15418973901098865,0.031207451728311304,True
sensitivity,XAUUSDm,sens_thai_19_21_rr1.7_body2.2_wick0.35_atrMin50,92,50.0,1.4228811616297319,4.360966164716775,-2.1641506152412924,4.740180613822534,0.18960722455290135,0.18699186991869918,-77.62232576221402,17,11,64.70588235294117,139.85266812910513,4,"{'strategy': 'momentum', 'variant': 'sens_thai_19_21_rr1.7_body2.2_wick0.35_atrMin50', 'initial_balance': 10000.0, 'risk_pct': 0.0025, 'fee_rate': 0.0001, 'spread_atr_mult': 0.03, 'slippage_min_spread': 0.3, 'slippage_max_spread': 1.0, 'max_trades_per_day': 3, 'daily_loss_limit_pct': 0.03, 'max_hold_minutes': 720, 'seed': 42, 'sweep_lookback': 20, 'wick_body_min': 1.5, 'atr_percentile_min': 30.0, 'sweep_rr': 2.0, 'sl_atr_buffer': 0.1, 'use_m1_confirmation': False, 'session': 'ny', 'adx_min': 18.0, 'momentum_rr': 1.7, 'use_atr_expansion': False, 'body_mult': 2.2, 'max_wick_pct': 0.35, 'momentum_sl_atr_mult': 1.0, 'session_hours_utc': None, 'close_extreme_pct': None, 'ema_extension_atr_max': None, 'use_m15_ema_trend': False, 'use_m15_ema200_filter': False, 'momentum_atr_percentile_min': 50.0, 'momentum_atr_percentile_max': None, 'session_ranges_utc_minutes': ((720, 840),), 'entry_mode': 'next_m5'}",20.81004676066324,0.1540917391304345,0.03250756704947014,True
sensitivity,XAUUSDm,sens_thai_19_21_rr1.9_body2.2_wick0.45_atrMin50,95,48.421052631578945,1.4219441940842763,4.709403130447608,-2.7314876014648517,4.957266453102713,0.1982906581241085,0.19308943089430894,-145.2723622312632,17,12,70.58823529411765,162.9132545685,5,"{'strategy': 'momentum', 'variant': 'sens_thai_19_21_rr1.9_body2.2_wick0.45_atrMin50', 'initial_balance': 10000.0, 'risk_pct': 0.0025, 'fee_rate': 0.0001, 'spread_atr_mult': 0.03, 'slippage_min_spread': 0.3, 'slippage_max_spread': 1.0, 'max_trades_per_day': 3, 'daily_loss_limit_pct': 0.03, 'max_hold_minutes': 720, 'seed': 42, 'sweep_lookback': 20, 'wick_body_min': 1.5, 'atr_percentile_min': 30.0, 'sweep_rr': 2.0, 'sl_atr_buffer': 0.1, 'use_m1_confirmation': False, 'session': 'ny', 'adx_min': 18.0, 'momentum_rr': 1.9, 'use_atr_expansion': False, 'body_mult': 2.2, 'max_wick_pct': 0.45, 'momentum_sl_atr_mult': 1.0, 'session_hours_utc': None, 'close_extreme_pct': None, 'ema_extension_atr_max': None, 'use_m15_ema_trend': False, 'use_m15_ema200_filter': False, 'momentum_atr_percentile_min': 50.0, 'momentum_atr_percentile_max': None, 'session_ranges_utc_minutes': ((720, 840),), 'entry_mode': 'next_m5'}",20.74466620380222,0.15391601503759372,0.03104856607844005,True
sensitivity,XAUUSDm,sens_thai_19_2030_rr1.9_body2_wick0.45_atrMin50,67,50.74626865671642,1.4207209396221079,3.34655133049655,-1.6860156929339152,4.994852732084496,0.19979410928337984,0.13617886178861788,-119.39549538689592,16,12,75.0,84.55159594457794,5,"{'strategy': 'momentum', 'variant': 'sens_thai_19_2030_rr1.9_body2_wick0.45_atrMin50', 'initial_balance': 10000.0, 'risk_pct': 0.0025, 'fee_rate': 0.0001, 'spread_atr_mult': 0.03, 'slippage_min_spread': 0.3, 'slippage_max_spread': 1.0, 'max_trades_per_day': 3, 'daily_loss_limit_pct': 0.03, 'max_hold_minutes': 720, 'seed': 42, 'sweep_lookback': 20, 'wick_body_min': 1.5, 'atr_percentile_min': 30.0, 'sweep_rr': 2.0, 'sl_atr_buffer': 0.1, 'use_m1_confirmation': False, 'session': 'ny', 'adx_min': 18.0, 'momentum_rr': 1.9, 'use_atr_expansion': False, 'body_mult': 2.0, 'max_wick_pct': 0.45, 'momentum_sl_atr_mult': 1.0, 'session_hours_utc': None, 'close_extreme_pct': None, 'ema_extension_atr_max': None, 'use_m15_ema_trend': False, 'use_m15_ema200_filter': False, 'momentum_atr_percentile_min': 50.0, 'momentum_atr_percentile_max': None, 'session_ranges_utc_minutes': ((720, 810),), 'entry_mode': 'next_m5'}",19.013505903345923,0.14570536247334734,0.029171102790960624,False
sensitivity,XAUUSDm,sens_thai_19_2030_rr1.9_body1.8_wick0.4_atrMin35,76,48.68421052631579,1.4201704447622832,3.99622236095016,-1.959251660899492,5.258187317039747,0.21032749268158984,0.15447154471544716,-119.3108747119868,16,10,62.5,119.70222637067559,7,"{'strategy': 'momentum', 'variant': 'sens_thai_19_2030_rr1.9_body1.8_wick0.4_atrMin35', 'initial_balance': 10000.0, 'risk_pct': 0.0025, 'fee_rate': 0.0001, 'spread_atr_mult': 0.03, 'slippage_min_spread': 0.3, 'slippage_max_spread': 1.0, 'max_trades_per_day': 3, 'daily_loss_limit_pct': 0.03, 'max_hold_minutes': 720, 'seed': 42, 'sweep_lookback': 20, 'wick_body_min': 1.5, 'atr_percentile_min': 30.0, 'sweep_rr': 2.0, 'sl_atr_buffer': 0.1, 'use_m1_confirmation': False, 'session': 'ny', 'adx_min': 18.0, 'momentum_rr': 1.9, 'use_atr_expansion': False, 'body_mult': 1.8, 'max_wick_pct': 0.4, 'momentum_sl_atr_mult': 1.0, 'session_hours_utc': None, 'close_extreme_pct': None, 'ema_extension_atr_max': None, 'use_m15_ema_trend': False, 'use_m15_ema200_filter': False, 'momentum_atr_percentile_min': 35.0, 'momentum_atr_percentile_max': None, 'session_ranges_utc_minutes': ((720, 810),), 'entry_mode': 'next_m5'}",18.88174435407879,0.14860900375939828,0.028262402002647208,True
sensitivity,XAUUSDm,sens_thai_19_2030_rr1.9_body2.2_wick0.45_atrMin45,65,50.76923076923077,1.4195819444049336,3.3420647735895543,-1.851923374926888,5.141638113214811,0.20566552452859246,0.13211382113821138,-93.55087831960687,16,11,68.75,145.3828619860506,5,"{'strategy': 'momentum', 'variant': 'sens_thai_19_2030_rr1.9_body2.2_wick0.45_atrMin45', 'initial_balance': 10000.0, 'risk_pct': 0.0025, 'fee_rate': 0.0001, 'spread_atr_mult': 0.03, 'slippage_min_spread': 0.3, 'slippage_max_spread': 1.0, 'max_trades_per_day': 3, 'daily_loss_limit_pct': 0.03, 'max_hold_minutes': 720, 'seed': 42, 'sweep_lookback': 20, 'wick_body_min': 1.5, 'atr_percentile_min': 30.0, 'sweep_rr': 2.0, 'sl_atr_buffer': 0.1, 'use_m1_confirmation': False, 'session': 'ny', 'adx_min': 18.0, 'momentum_rr': 1.9, 'use_atr_expansion': False, 'body_mult': 2.2, 'max_wick_pct': 0.45, 'momentum_sl_atr_mult': 1.0, 'session_hours_utc': None, 'close_extreme_pct': None, 'ema_extension_atr_max': None, 'use_m15_ema_trend': False, 'use_m15_ema200_filter': False, 'momentum_atr_percentile_min': 45.0, 'momentum_atr_percentile_max': None, 'session_ranges_utc_minutes': ((720, 810),), 'entry_mode': 'next_m5'}",19.391736897749503,0.1485766483516482,0.02889675334593912,False
sensitivity,XAUUSDm,sens_thai_19_2030_rr1.9_body2.2_wick0.45_atrMin40,65,50.76923076923077,1.4193218403547736,3.3401850518929495,-1.851923374926888,5.138746233681575,0.20554984934726303,0.13211382113821138,-93.55087831960687,16,11,68.75,145.3828619860506,5,"{'strategy': 'momentum', 'variant': 'sens_thai_19_2030_rr1.9_body2.2_wick0.45_atrMin40', 'initial_balance': 10000.0, 'risk_pct': 0.0025, 'fee_rate': 0.0001, 'spread_atr_mult': 0.03, 'slippage_min_spread': 0.3, 'slippage_max_spread': 1.0, 'max_trades_per_day': 3, 'daily_loss_limit_pct': 0.03, 'max_hold_minutes': 720, 'seed': 42, 'sweep_lookback': 20, 'wick_body_min': 1.5, 'atr_percentile_min': 30.0, 'sweep_rr': 2.0, 'sl_atr_buffer': 0.1, 'use_m1_confirmation': False, 'session': 'ny', 'adx_min': 18.0, 'momentum_rr': 1.9, 'use_atr_expansion': False, 'body_mult': 2.2, 'max_wick_pct': 0.45, 'momentum_sl_atr_mult': 1.0, 'session_hours_utc': None, 'close_extreme_pct': None, 'ema_extension_atr_max': None, 'use_m15_ema_trend': False, 'use_m15_ema200_filter': False, 'momentum_atr_percentile_min': 40.0, 'momentum_atr_percentile_max': None, 'session_ranges_utc_minutes': ((720, 810),), 'entry_mode': 'next_m5'}",19.370964339696556,0.148038824175824,0.02880835469272899,False
sensitivity,XAUUSDm,sens_thai_19_21_rr1.6_body2.2_wick0.35_atrMin50,92,51.08695652173913,1.4191911216268311,4.21101616471673,-1.6205086976664471,4.577191483387726,0.18308765933550902,0.18699186991869918,-80.12207576221442,17,12,70.58823529411765,132.3519181291049,4,"{'strategy': 'momentum', 'variant': 'sens_thai_19_21_rr1.6_body2.2_wick0.35_atrMin50', 'initial_balance': 10000.0, 'risk_pct': 0.0025, 'fee_rate': 0.0001, 'spread_atr_mult': 0.03, 'slippage_min_spread': 0.3, 'slippage_max_spread': 1.0, 'max_trades_per_day': 3, 'daily_loss_limit_pct': 0.03, 'max_hold_minutes': 720, 'seed': 42, 'sweep_lookback': 20, 'wick_body_min': 1.5, 'atr_percentile_min': 30.0, 'sweep_rr': 2.0, 'sl_atr_buffer': 0.1, 'use_m1_confirmation': False, 'session': 'ny', 'adx_min': 18.0, 'momentum_rr': 1.6, 'use_atr_expansion': False, 'body_mult': 2.2, 'max_wick_pct': 0.35, 'momentum_sl_atr_mult': 1.0, 'session_hours_utc': None, 'close_extreme_pct': None, 'ema_extension_atr_max': None, 'use_m15_ema_trend': False, 'use_m15_ema200_filter': False, 'momentum_atr_percentile_min': 50.0, 'momentum_atr_percentile_max': None, 'session_ranges_utc_minutes': ((720, 840),), 'entry_mode': 'next_m5'}",20.81004676066324,0.1540917391304345,0.033665128428576524,True
sensitivity,XAUUSDm,sens_thai_19_21_rr1.8_body2.2_wick0.4_atrMin45,96,48.95833333333333,1.4191554644000415,4.697410909118498,-2.6830261203028174,4.893136363665188,0.1957254545466075,0.1951219512195122,-145.2569309600068,17,12,70.58823529411765,179.92232643926673,7,"{'strategy': 'momentum', 'variant': 'sens_thai_19_21_rr1.8_body2.2_wick0.4_atrMin45', 'initial_balance': 10000.0, 'risk_pct': 0.0025, 'fee_rate': 0.0001, 'spread_atr_mult': 0.03, 'slippage_min_spread': 0.3, 'slippage_max_spread': 1.0, 'max_trades_per_day': 3, 'daily_loss_limit_pct': 0.03, 'max_hold_minutes': 720, 'seed': 42, 'sweep_lookback': 20, 'wick_body_min': 1.5, 'atr_percentile_min': 30.0, 'sweep_rr': 2.0, 'sl_atr_buffer': 0.1, 'use_m1_confirmation': False, 'session': 'ny', 'adx_min': 18.0, 'momentum_rr': 1.8, 'use_atr_expansion': False, 'body_mult': 2.2, 'max_wick_pct': 0.4, 'momentum_sl_atr_mult': 1.0, 'session_hours_utc': None, 'close_extreme_pct': None, 'ema_extension_atr_max': None, 'use_m15_ema_trend': False, 'use_m15_ema200_filter': False, 'momentum_atr_percentile_min': 45.0, 'momentum_atr_percentile_max': None, 'session_ranges_utc_minutes': ((720, 840),), 'entry_mode': 'next_m5'}",20.61204908039444,0.1541455133928569,0.031502394770252164,True
sensitivity,XAUUSDm,sens_thai_19_21_rr1.8_body2.2_wick0.4_atrMin40,96,48.95833333333333,1.4189709376348096,4.6955344529536704,-2.6830261203028174,4.891181721826842,0.19564726887307363,0.1951219512195122,-145.2569309600068,17,12,70.58823529411765,179.92232643926673,7,"{'strategy': 'momentum', 'variant': 'sens_thai_19_21_rr1.8_body2.2_wick0.4_atrMin40', 'initial_balance': 10000.0, 'risk_pct': 0.0025, 'fee_rate': 0.0001, 'spread_atr_mult': 0.03, 'slippage_min_spread': 0.3, 'slippage_max_spread': 1.0, 'max_trades_per_day': 3, 'daily_loss_limit_pct': 0.03, 'max_hold_minutes': 720, 'seed': 42, 'sweep_lookback': 20, 'wick_body_min': 1.5, 'atr_percentile_min': 30.0, 'sweep_rr': 2.0, 'sl_atr_buffer': 0.1, 'use_m1_confirmation': False, 'session': 'ny', 'adx_min': 18.0, 'momentum_rr': 1.8, 'use_atr_expansion': False, 'body_mult': 2.2, 'max_wick_pct': 0.4, 'momentum_sl_atr_mult': 1.0, 'session_hours_utc': None, 'close_extreme_pct': None, 'ema_extension_atr_max': None, 'use_m15_ema_trend': False, 'use_m15_ema200_filter': False, 'momentum_atr_percentile_min': 40.0, 'momentum_atr_percentile_max': None, 'session_ranges_utc_minutes': ((720, 840),), 'entry_mode': 'next_m5'}",20.597913023646715,0.1537813616071426,0.03144053326027431,True
sensitivity,XAUUSDm,sens_thai_19_21_rr1.8_body1.8_wick0.35_atrMin35,107,48.598130841121495,1.4184266914858514,5.32731355154503,-1.2774186672936199,4.978797711724325,0.19915190846897302,0.21747967479674796,-75.96156151022574,17,11,64.70588235294117,194.7335675497155,4,"{'strategy': 'momentum', 'variant': 'sens_thai_19_21_rr1.8_body1.8_wick0.35_atrMin35', 'initial_balance': 10000.0, 'risk_pct': 0.0025, 'fee_rate': 0.0001, 'spread_atr_mult': 0.03, 'slippage_min_spread': 0.3, 'slippage_max_spread': 1.0, 'max_trades_per_day': 3, 'daily_loss_limit_pct': 0.03, 'max_hold_minutes': 720, 'seed': 42, 'sweep_lookback': 20, 'wick_body_min': 1.5, 'atr_percentile_min': 30.0, 'sweep_rr': 2.0, 'sl_atr_buffer': 0.1, 'use_m1_confirmation': False, 'session': 'ny', 'adx_min': 18.0, 'momentum_rr': 1.8, 'use_atr_expansion': False, 'body_mult': 1.8, 'max_wick_pct': 0.35, 'momentum_sl_atr_mult': 1.0, 'session_hours_utc': None, 'close_extreme_pct': None, 'ema_extension_atr_max': None, 'use_m15_ema_trend': False, 'use_m15_ema200_filter': False, 'momentum_atr_percentile_min': 35.0, 'momentum_atr_percentile_max': None, 'session_ranges_utc_minutes': ((720, 840),), 'entry_mode': 'next_m5'}",19.81320582007479,0.15172824432576737,0.030474876287596504,True
sensitivity,XAUUSDm,sens_thai_19_21_rr1.8_body2_wick0.4_atrMin50,100,49.0,1.418167301047274,4.817458217887179,-1.7748629513521599,4.81745821788717,0.19269832871548678,0.2032520325203252,-76.01715845090412,17,11,64.70588235294117,150.41051627342318,6,"{'strategy': 'momentum', 'variant': 'sens_thai_19_21_rr1.8_body2_wick0.4_atrMin50', 'initial_balance': 10000.0, 'risk_pct': 0.0025, 'fee_rate': 0.0001, 'spread_atr_mult': 0.03, 'slippage_min_spread': 0.3, 'slippage_max_spread': 1.0, 'max_trades_per_day': 3, 'daily_loss_limit_pct': 0.03, 'max_hold_minutes': 720, 'seed': 42, 'sweep_lookback': 20, 'wick_body_min': 1.5, 'atr_percentile_min': 30.0, 'sweep_rr': 2.0, 'sl_atr_buffer': 0.1, 'use_m1_confirmation': False, 'session': 'ny', 'adx_min': 18.0, 'momentum_rr': 1.8, 'use_atr_expansion': False, 'body_mult': 2.0, 'max_wick_pct': 0.4, 'momentum_sl_atr_mult': 1.0, 'session_hours_utc': None, 'close_extreme_pct': None, 'ema_extension_atr_max': None, 'use_m15_ema_trend': False, 'use_m15_ema200_filter': False, 'momentum_atr_percentile_min': 50.0, 'momentum_atr_percentile_max': None, 'session_ranges_utc_minutes': ((720, 840),), 'entry_mode': 'next_m5'}",20.5112143809395,0.15212899285714246,0.03157868443825609,True
sensitivity,XAUUSDm,sens_thai_19_2030_rr1.6_body2_wick0.45_atrMin35,73,53.42465753424658,1.418153381977919,3.418923372369463,-1.3526473829931622,4.683456674478617,0.18733826697914463,0.1483739837398374,-77.595421346297,16,11,68.75,95.23666676164187,5,"{'strategy': 'momentum', 'variant': 'sens_thai_19_2030_rr1.6_body2_wick0.45_atrMin35', 'initial_balance': 10000.0, 'risk_pct': 0.0025, 'fee_rate': 0.0001, 'spread_atr_mult': 0.03, 'slippage_min_spread': 0.3, 'slippage_max_spread': 1.0, 'max_trades_per_day': 3, 'daily_loss_limit_pct': 0.03, 'max_hold_minutes': 720, 'seed': 42, 'sweep_lookback': 20, 'wick_body_min': 1.5, 'atr_percentile_min': 30.0, 'sweep_rr': 2.0, 'sl_atr_buffer': 0.1, 'use_m1_confirmation': False, 'session': 'ny', 'adx_min': 18.0, 'momentum_rr': 1.6, 'use_atr_expansion': False, 'body_mult': 2.0, 'max_wick_pct': 0.45, 'momentum_sl_atr_mult': 1.0, 'session_hours_utc': None, 'close_extreme_pct': None, 'ema_extension_atr_max': None, 'use_m15_ema_trend': False, 'use_m15_ema200_filter': False, 'momentum_atr_percentile_min': 35.0, 'momentum_atr_percentile_max': None, 'session_ranges_utc_minutes': ((720, 810),), 'entry_mode': 'next_m5'}",19.383595831653565,0.14730152641878655,0.03145145490967626,True
sensitivity,XAUUSDm,sens_thai_19_21_rr1.7_body2.2_wick0.4_atrMin35,98,50.0,1.417847378122388,4.689041705838536,-2.808837097147639,4.784736434529207,0.19138945738116828,0.1991869918699187,-145.2569309600068,17,12,70.58823529411765,195.69016048904749,7,"{'strategy': 'momentum', 'variant': 'sens_thai_19_21_rr1.7_body2.2_wick0.4_atrMin35', 'initial_balance': 10000.0, 'risk_pct': 0.0025, 'fee_rate': 0.0001, 'spread_atr_mult': 0.03, 'slippage_min_spread': 0.3, 'slippage_max_spread': 1.0, 'max_trades_per_day': 3, 'daily_loss_limit_pct': 0.03, 'max_hold_minutes': 720, 'seed': 42, 'sweep_lookback': 20, 'wick_body_min': 1.5, 'atr_percentile_min': 30.0, 'sweep_rr': 2.0, 'sl_atr_buffer': 0.1, 'use_m1_confirmation': False, 'session': 'ny', 'adx_min': 18.0, 'momentum_rr': 1.7, 'use_atr_expansion': False, 'body_mult': 2.2, 'max_wick_pct': 0.4, 'momentum_sl_atr_mult': 1.0, 'session_hours_utc': None, 'close_extreme_pct': None, 'ema_extension_atr_max': None, 'use_m15_ema_trend': False, 'use_m15_ema200_filter': False, 'momentum_atr_percentile_min': 35.0, 'momentum_atr_percentile_max': None, 'session_ranges_utc_minutes': ((720, 840),), 'entry_mode': 'next_m5'}",20.483009053076316,0.15184589650145752,0.03173547771736321,True
sensitivity,XAUUSDm,sens_thai_19_2030_rr2_body2_wick0.4_atrMin35,70,48.57142857142857,1.4173553295494117,3.6309993002494956,-2.0776181733238612,5.187141857499188,0.20748567429996748,0.14227642276422764,-119.34734413137845,16,11,68.75,95.04472363211622,7,"{'strategy': 'momentum', 'variant': 'sens_thai_19_2030_rr2_body2_wick0.4_atrMin35', 'initial_balance': 10000.0, 'risk_pct': 0.0025, 'fee_rate': 0.0001, 'spread_atr_mult': 0.03, 'slippage_min_spread': 0.3, 'slippage_max_spread': 1.0, 'max_trades_per_day': 3, 'daily_loss_limit_pct': 0.03, 'max_hold_minutes': 720, 'seed': 42, 'sweep_lookback': 20, 'wick_body_min': 1.5, 'atr_percentile_min': 30.0, 'sweep_rr': 2.0, 'sl_atr_buffer': 0.1, 'use_m1_confirmation': False, 'session': 'ny', 'adx_min': 18.0, 'momentum_rr': 2.0, 'use_atr_expansion': False, 'body_mult': 2.0, 'max_wick_pct': 0.4, 'momentum_sl_atr_mult': 1.0, 'session_hours_utc': None, 'close_extreme_pct': None, 'ema_extension_atr_max': None, 'use_m15_ema_trend': False, 'use_m15_ema200_filter': False, 'momentum_atr_percentile_min': 35.0, 'momentum_atr_percentile_max': None, 'session_ranges_utc_minutes': ((720, 810),), 'entry_mode': 'next_m5'}",18.412046358633162,0.1429236122448978,0.02755344198622009,True
sensitivity,XAUUSDm,sens_thai_19_2030_rr2_body2.2_wick0.4_atrMin45,64,48.4375,1.416789694872516,3.323037724952756,-1.816865578427379,5.1922464452386485,0.20768985780954596,0.13008130081300814,-93.55087831960687,16,11,68.75,95.11761654481386,6,"{'strategy': 'momentum', 'variant': 'sens_thai_19_2030_rr2_body2.2_wick0.4_atrMin45', 'initial_balance': 10000.0, 'risk_pct': 0.0025, 'fee_rate': 0.0001, 'spread_atr_mult': 0.03, 'slippage_min_spread': 0.3, 'slippage_max_spread': 1.0, 'max_trades_per_day': 3, 'daily_loss_limit_pct': 0.03, 'max_hold_minutes': 720, 'seed': 42, 'sweep_lookback': 20, 'wick_body_min': 1.5, 'atr_percentile_min': 30.0, 'sweep_rr': 2.0, 'sl_atr_buffer': 0.1, 'use_m1_confirmation': False, 'session': 'ny', 'adx_min': 18.0, 'momentum_rr': 2.0, 'use_atr_expansion': False, 'body_mult': 2.2, 'max_wick_pct': 0.4, 'momentum_sl_atr_mult': 1.0, 'session_hours_utc': None, 'close_extreme_pct': None, 'ema_extension_atr_max': None, 'use_m15_ema_trend': False, 'use_m15_ema200_filter': False, 'momentum_atr_percentile_min': 45.0, 'momentum_atr_percentile_max': None, 'session_ranges_utc_minutes': ((720, 810),), 'entry_mode': 'next_m5'}",18.804520360626988,0.14581335937499987,0.0280829041750729,False
sensitivity,XAUUSDm,sens_thai_19_21_rr1.8_body2.2_wick0.45_atrMin35,98,48.97959183673469,1.416700838053453,4.8130891281311055,-2.6668874243608856,4.911315436868553,0.19645261747474208,0.1991869918699187,-145.2569309600068,17,13,76.47058823529412,179.9506864090363,6,"{'strategy': 'momentum', 'variant': 'sens_thai_19_21_rr1.8_body2.2_wick0.45_atrMin35', 'initial_balance': 10000.0, 'risk_pct': 0.0025, 'fee_rate': 0.0001, 'spread_atr_mult': 0.03, 'slippage_min_spread': 0.3, 'slippage_max_spread': 1.0, 'max_trades_per_day': 3, 'daily_loss_limit_pct': 0.03, 'max_hold_minutes': 720, 'seed': 42, 'sweep_lookback': 20, 'wick_body_min': 1.5, 'atr_percentile_min': 30.0, 'sweep_rr': 2.0, 'sl_atr_buffer': 0.1, 'use_m1_confirmation': False, 'session': 'ny', 'adx_min': 18.0, 'momentum_rr': 1.8, 'use_atr_expansion': False, 'body_mult': 2.2, 'max_wick_pct': 0.45, 'momentum_sl_atr_mult': 1.0, 'session_hours_utc': None, 'close_extreme_pct': None, 'ema_extension_atr_max': None, 'use_m15_ema_trend': False, 'use_m15_ema200_filter': False, 'momentum_atr_percentile_min': 35.0, 'momentum_atr_percentile_max': None, 'session_ranges_utc_minutes': ((720, 840),), 'entry_mode': 'next_m5'}",20.282614278020883,0.15120793731778406,0.030787665598240217,True
sensitivity,XAUUSDm,sens_thai_19_21_rr1.6_body2_wick0.45_atrMin45,107,51.4018691588785,1.4166585503748808,4.897095420092592,-1.5280148009888896,4.576724691675322,0.18306898766701285,0.21747967479674796,-75.96156151022574,17,11,64.70588235294117,185.72208178846233,6,"{'strategy': 'momentum', 'variant': 'sens_thai_19_21_rr1.6_body2_wick0.45_atrMin45', 'initial_balance': 10000.0, 'risk_pct': 0.0025, 'fee_rate': 0.0001, 'spread_atr_mult': 0.03, 'slippage_min_spread': 0.3, 'slippage_max_spread': 1.0, 'max_trades_per_day': 3, 'daily_loss_limit_pct': 0.03, 'max_hold_minutes': 720, 'seed': 42, 'sweep_lookback': 20, 'wick_body_min': 1.5, 'atr_percentile_min': 30.0, 'sweep_rr': 2.0, 'sl_atr_buffer': 0.1, 'use_m1_confirmation': False, 'session': 'ny', 'adx_min': 18.0, 'momentum_rr': 1.6, 'use_atr_expansion': False, 'body_mult': 2.0, 'max_wick_pct': 0.45, 'momentum_sl_atr_mult': 1.0, 'session_hours_utc': None, 'close_extreme_pct': None, 'ema_extension_atr_max': None, 'use_m15_ema_trend': False, 'use_m15_ema200_filter': False, 'momentum_atr_percentile_min': 45.0, 'momentum_atr_percentile_max': None, 'session_ranges_utc_minutes': ((720, 840),), 'entry_mode': 'next_m5'}",20.09477166362171,0.15082986648865127,0.032955853071738865,True
sensitivity,XAUUSDm,sens_thai_19_2030_rr2_body2.2_wick0.4_atrMin40,64,48.4375,1.4165300027686802,3.3211580032561687,-1.816865578427379,5.189309380087709,0.20757237520350835,0.13008130081300814,-93.55087831960687,16,11,68.75,95.11761654481386,6,"{'strategy': 'momentum', 'variant': 'sens_thai_19_2030_rr2_body2.2_wick0.4_atrMin40', 'initial_balance': 10000.0, 'risk_pct': 0.0025, 'fee_rate': 0.0001, 'spread_atr_mult': 0.03, 'slippage_min_spread': 0.3, 'slippage_max_spread': 1.0, 'max_trades_per_day': 3, 'daily_loss_limit_pct': 0.03, 'max_hold_minutes': 720, 'seed': 42, 'sweep_lookback': 20, 'wick_body_min': 1.5, 'atr_percentile_min': 30.0, 'sweep_rr': 2.0, 'sl_atr_buffer': 0.1, 'use_m1_confirmation': False, 'session': 'ny', 'adx_min': 18.0, 'momentum_rr': 2.0, 'use_atr_expansion': False, 'body_mult': 2.2, 'max_wick_pct': 0.4, 'momentum_sl_atr_mult': 1.0, 'session_hours_utc': None, 'close_extreme_pct': None, 'ema_extension_atr_max': None, 'use_m15_ema_trend': False, 'use_m15_ema200_filter': False, 'momentum_atr_percentile_min': 40.0, 'momentum_atr_percentile_max': None, 'session_ranges_utc_minutes': ((720, 810),), 'entry_mode': 'next_m5'}",18.783423231354462,0.14526713169642844,0.027993538456936858,False
sensitivity,XAUUSDm,sens_thai_19_21_rr1.6_body2_wick0.45_atrMin40,107,51.4018691588785,1.4164824639717404,4.895216300609518,-1.5280148009888896,4.574968505242552,0.18299874020970208,0.21747967479674796,-75.96156151022574,17,11,64.70588235294117,185.72208178846233,6,"{'strategy': 'momentum', 'variant': 'sens_thai_19_21_rr1.6_body2_wick0.45_atrMin40', 'initial_balance': 10000.0, 'risk_pct': 0.0025, 'fee_rate': 0.0001, 'spread_atr_mult': 0.03, 'slippage_min_spread': 0.3, 'slippage_max_spread': 1.0, 'max_trades_per_day': 3, 'daily_loss_limit_pct': 0.03, 'max_hold_minutes': 720, 'seed': 42, 'sweep_lookback': 20, 'wick_body_min': 1.5, 'atr_percentile_min': 30.0, 'sweep_rr': 2.0, 'sl_atr_buffer': 0.1, 'use_m1_confirmation': False, 'session': 'ny', 'adx_min': 18.0, 'momentum_rr': 1.6, 'use_atr_expansion': False, 'body_mult': 2.0, 'max_wick_pct': 0.45, 'momentum_sl_atr_mult': 1.0, 'session_hours_utc': None, 'close_extreme_pct': None, 'ema_extension_atr_max': None, 'use_m15_ema_trend': False, 'use_m15_ema200_filter': False, 'momentum_atr_percentile_min': 40.0, 'momentum_atr_percentile_max': None, 'session_ranges_utc_minutes': ((720, 840),), 'entry_mode': 'next_m5'}",20.0821649527783,0.15050315086782345,0.03289709004452353,True
sensitivity,XAUUSDm,sens_thai_19_21_rr2_body2_wick0.4_atrMin35,102,47.05882352941176,1.416333907529211,5.175103005111486,-2.7695002661353807,5.07363039716807,0.20294521588672282,0.2073170731707317,-145.49094433007323,17,11,64.70588235294117,175.37428408243852,8,"{'strategy': 'momentum', 'variant': 'sens_thai_19_21_rr2_body2_wick0.4_atrMin35', 'initial_balance': 10000.0, 'risk_pct': 0.0025, 'fee_rate': 0.0001, 'spread_atr_mult': 0.03, 'slippage_min_spread': 0.3, 'slippage_max_spread': 1.0, 'max_trades_per_day': 3, 'daily_loss_limit_pct': 0.03, 'max_hold_minutes': 720, 'seed': 42, 'sweep_lookback': 20, 'wick_body_min': 1.5, 'atr_percentile_min': 30.0, 'sweep_rr': 2.0, 'sl_atr_buffer': 0.1, 'use_m1_confirmation': False, 'session': 'ny', 'adx_min': 18.0, 'momentum_rr': 2.0, 'use_atr_expansion': False, 'body_mult': 2.0, 'max_wick_pct': 0.4, 'momentum_sl_atr_mult': 1.0, 'session_hours_utc': None, 'close_extreme_pct': None, 'ema_extension_atr_max': None, 'use_m15_ema_trend': False, 'use_m15_ema200_filter': False, 'momentum_atr_percentile_min': 35.0, 'momentum_atr_percentile_max': None, 'session_ranges_utc_minutes': ((720, 840),), 'entry_mode': 'next_m5'}",19.644053234781303,0.14770182773109217,0.029111664857088205,True
sensitivity,XAUUSDm,sens_thai_19_21_rr1.9_body2_wick0.45_atrMin45,106,48.113207547169814,1.414660719982679,5.192436662306336,-2.6718978897291126,4.89852515311919,0.1959410061247675,0.21544715447154472,-145.49094433007323,17,10,58.82352941176471,189.8876356548337,7,"{'strategy': 'momentum', 'variant': 'sens_thai_19_21_rr1.9_body2_wick0.45_atrMin45', 'initial_balance': 10000.0, 'risk_pct': 0.0025, 'fee_rate': 0.0001, 'spread_atr_mult': 0.03, 'slippage_min_spread': 0.3, 'slippage_max_spread': 1.0, 'max_trades_per_day': 3, 'daily_loss_limit_pct': 0.03, 'max_hold_minutes': 720, 'seed': 42, 'sweep_lookback': 20, 'wick_body_min': 1.5, 'atr_percentile_min': 30.0, 'sweep_rr': 2.0, 'sl_atr_buffer': 0.1, 'use_m1_confirmation': False, 'session': 'ny', 'adx_min': 18.0, 'momentum_rr': 1.9, 'use_atr_expansion': False, 'body_mult': 2.0, 'max_wick_pct': 0.45, 'momentum_sl_atr_mult': 1.0, 'session_hours_utc': None, 'close_extreme_pct': None, 'ema_extension_atr_max': None, 'use_m15_ema_trend': False, 'use_m15_ema200_filter': False, 'momentum_atr_percentile_min': 45.0, 'momentum_atr_percentile_max': None, 'session_ranges_utc_minutes': ((720, 840),), 'entry_mode': 'next_m5'}",20.20644822613589,0.15150297169811291,0.030928282893809732,True
sensitivity,XAUUSDm,sens_thai_19_2030_rr1.7_body2.2_wick0.35_atrMin45,64,51.5625,1.4146316060992543,3.0942915074968185,-1.0469280971727555,4.83483048046374,0.19339321921854957,0.13008130081300814,-77.59423414755176,16,13,81.25,88.61172865125292,3,"{'strategy': 'momentum', 'variant': 'sens_thai_19_2030_rr1.7_body2.2_wick0.35_atrMin45', 'initial_balance': 10000.0, 'risk_pct': 0.0025, 'fee_rate': 0.0001, 'spread_atr_mult': 0.03, 'slippage_min_spread': 0.3, 'slippage_max_spread': 1.0, 'max_trades_per_day': 3, 'daily_loss_limit_pct': 0.03, 'max_hold_minutes': 720, 'seed': 42, 'sweep_lookback': 20, 'wick_body_min': 1.5, 'atr_percentile_min': 30.0, 'sweep_rr': 2.0, 'sl_atr_buffer': 0.1, 'use_m1_confirmation': False, 'session': 'ny', 'adx_min': 18.0, 'momentum_rr': 1.7, 'use_atr_expansion': False, 'body_mult': 2.2, 'max_wick_pct': 0.35, 'momentum_sl_atr_mult': 1.0, 'session_hours_utc': None, 'close_extreme_pct': None, 'ema_extension_atr_max': None, 'use_m15_ema_trend': False, 'use_m15_ema200_filter': False, 'momentum_atr_percentile_min': 45.0, 'momentum_atr_percentile_max': None, 'session_ranges_utc_minutes': ((720, 810),), 'entry_mode': 'next_m5'}",19.497375618505806,0.14921752232142843,0.030863030860001528,False
sensitivity,XAUUSDm,sens_thai_19_21_rr1.9_body2_wick0.45_atrMin40,106,48.113207547169814,1.4144953453508908,5.190556013674632,-2.6718978897291126,4.896750956296816,0.19587003825187257,0.21544715447154472,-145.49094433007323,17,10,58.82352941176471,189.8876356548337,7,"{'strategy': 'momentum', 'variant': 'sens_thai_19_21_rr1.9_body2_wick0.45_atrMin40', 'initial_balance': 10000.0, 'risk_pct': 0.0025, 'fee_rate': 0.0001, 'spread_atr_mult': 0.03, 'slippage_min_spread': 0.3, 'slippage_max_spread': 1.0, 'max_trades_per_day': 3, 'daily_loss_limit_pct': 0.03, 'max_hold_minutes': 720, 'seed': 42, 'sweep_lookback': 20, 'wick_body_min': 1.5, 'atr_percentile_min': 30.0, 'sweep_rr': 2.0, 'sl_atr_buffer': 0.1, 'use_m1_confirmation': False, 'session': 'ny', 'adx_min': 18.0, 'momentum_rr': 1.9, 'use_atr_expansion': False, 'body_mult': 2.0, 'max_wick_pct': 0.45, 'momentum_sl_atr_mult': 1.0, 'session_hours_utc': None, 'close_extreme_pct': None, 'ema_extension_atr_max': None, 'use_m15_ema_trend': False, 'use_m15_ema200_filter': False, 'momentum_atr_percentile_min': 40.0, 'momentum_atr_percentile_max': None, 'session_ranges_utc_minutes': ((720, 840),), 'entry_mode': 'next_m5'}",20.193703866317723,0.15117317385444715,0.03087213852688403,True
sensitivity,XAUUSDm,sens_thai_19_2030_rr1.7_body2.2_wick0.35_atrMin40,64,51.5625,1.4143536086536077,3.092408616299763,-1.0469280971727555,4.8318884629683225,0.19327553851873286,0.13008130081300814,-77.59423414755176,16,13,81.25,88.61172865125292,3,"{'strategy': 'momentum', 'variant': 'sens_thai_19_2030_rr1.7_body2.2_wick0.35_atrMin40', 'initial_balance': 10000.0, 'risk_pct': 0.0025, 'fee_rate': 0.0001, 'spread_atr_mult': 0.03, 'slippage_min_spread': 0.3, 'slippage_max_spread': 1.0, 'max_trades_per_day': 3, 'daily_loss_limit_pct': 0.03, 'max_hold_minutes': 720, 'seed': 42, 'sweep_lookback': 20, 'wick_body_min': 1.5, 'atr_percentile_min': 30.0, 'sweep_rr': 2.0, 'sl_atr_buffer': 0.1, 'use_m1_confirmation': False, 'session': 'ny', 'adx_min': 18.0, 'momentum_rr': 1.7, 'use_atr_expansion': False, 'body_mult': 2.2, 'max_wick_pct': 0.35, 'momentum_sl_atr_mult': 1.0, 'session_hours_utc': None, 'close_extreme_pct': None, 'ema_extension_atr_max': None, 'use_m15_ema_trend': False, 'use_m15_ema200_filter': False, 'momentum_atr_percentile_min': 40.0, 'momentum_atr_percentile_max': None, 'session_ranges_utc_minutes': ((720, 810),), 'entry_mode': 'next_m5'}",19.476099617028694,0.14867129464285697,0.03076877617980555,False
sensitivity,XAUUSDm,sens_thai_19_2030_rr1.9_body2_wick0.4_atrMin50,66,50.0,1.411475111132781,3.2753874992229792,-1.7019903353549155,4.962708332156056,0.19850833328624232,0.13414634146341464,-119.39549538689592,16,12,75.0,84.52667446983001,6,"{'strategy': 'momentum', 'variant': 'sens_thai_19_2030_rr1.9_body2_wick0.4_atrMin50', 'initial_balance': 10000.0, 'risk_pct': 0.0025, 'fee_rate': 0.0001, 'spread_atr_mult': 0.03, 'slippage_min_spread': 0.3, 'slippage_max_spread': 1.0, 'max_trades_per_day': 3, 'daily_loss_limit_pct': 0.03, 'max_hold_minutes': 720, 'seed': 42, 'sweep_lookback': 20, 'wick_body_min': 1.5, 'atr_percentile_min': 30.0, 'sweep_rr': 2.0, 'sl_atr_buffer': 0.1, 'use_m1_confirmation': False, 'session': 'ny', 'adx_min': 18.0, 'momentum_rr': 1.9, 'use_atr_expansion': False, 'body_mult': 2.0, 'max_wick_pct': 0.4, 'momentum_sl_atr_mult': 1.0, 'session_hours_utc': None, 'close_extreme_pct': None, 'ema_extension_atr_max': None, 'use_m15_ema_trend': False, 'use_m15_ema200_filter': False, 'momentum_atr_percentile_min': 50.0, 'momentum_atr_percentile_max': None, 'session_ranges_utc_minutes': ((720, 810),), 'entry_mode': 'next_m5'}",18.93404097918095,0.1450179545454543,0.029221534863494797,False
sensitivity,XAUUSDm,sens_thai_19_21_rr2_body2.2_wick0.45_atrMin45,97,47.42268041237113,1.4093551681150254,4.83129356756841,-2.5070239552353266,4.980715018111831,0.1992286007244732,0.19715447154471544,-145.2569309600068,17,12,70.58823529411765,175.40648021616394,6,"{'strategy': 'momentum', 'variant': 'sens_thai_19_21_rr2_body2.2_wick0.45_atrMin45', 'initial_balance': 10000.0, 'risk_pct': 0.0025, 'fee_rate': 0.0001, 'spread_atr_mult': 0.03, 'slippage_min_spread': 0.3, 'slippage_max_spread': 1.0, 'max_trades_per_day': 3, 'daily_loss_limit_pct': 0.03, 'max_hold_minutes': 720, 'seed': 42, 'sweep_lookback': 20, 'wick_body_min': 1.5, 'atr_percentile_min': 30.0, 'sweep_rr': 2.0, 'sl_atr_buffer': 0.1, 'use_m1_confirmation': False, 'session': 'ny', 'adx_min': 18.0, 'momentum_rr': 2.0, 'use_atr_expansion': False, 'body_mult': 2.2, 'max_wick_pct': 0.45, 'momentum_sl_atr_mult': 1.0, 'session_hours_utc': None, 'close_extreme_pct': None, 'ema_extension_atr_max': None, 'use_m15_ema_trend': False, 'use_m15_ema200_filter': False, 'momentum_atr_percentile_min': 45.0, 'momentum_atr_percentile_max': None, 'session_ranges_utc_minutes': ((720, 840),), 'entry_mode': 'next_m5'}",19.999743765804503,0.15139047128129582,0.03039532892983854,True
sensitivity,XAUUSDm,sens_thai_19_21_rr2_body2.2_wick0.45_atrMin40,97,47.42268041237113,1.4091803289255542,4.829417111403582,-2.5070239552353266,4.97878052722027,0.19915122108881075,0.19715447154471544,-145.2569309600068,17,12,70.58823529411765,175.40648021616394,6,"{'strategy': 'momentum', 'variant': 'sens_thai_19_21_rr2_body2.2_wick0.45_atrMin40', 'initial_balance': 10000.0, 'risk_pct': 0.0025, 'fee_rate': 0.0001, 'spread_atr_mult': 0.03, 'slippage_min_spread': 0.3, 'slippage_max_spread': 1.0, 'max_trades_per_day': 3, 'daily_loss_limit_pct': 0.03, 'max_hold_minutes': 720, 'seed': 42, 'sweep_lookback': 20, 'wick_body_min': 1.5, 'atr_percentile_min': 30.0, 'sweep_rr': 2.0, 'sl_atr_buffer': 0.1, 'use_m1_confirmation': False, 'session': 'ny', 'adx_min': 18.0, 'momentum_rr': 2.0, 'use_atr_expansion': False, 'body_mult': 2.2, 'max_wick_pct': 0.45, 'momentum_sl_atr_mult': 1.0, 'session_hours_utc': None, 'close_extreme_pct': None, 'ema_extension_atr_max': None, 'use_m15_ema_trend': False, 'use_m15_ema200_filter': False, 'momentum_atr_percentile_min': 40.0, 'momentum_atr_percentile_max': None, 'session_ranges_utc_minutes': ((720, 840),), 'entry_mode': 'next_m5'}",19.985753441600576,0.1510300736377023,0.030334752217331565,True
sensitivity,XAUUSDm,sens_thai_19_21_rr1.8_body2_wick0.45_atrMin45,106,49.056603773584904,1.4091159718286939,5.017489162306338,-2.0122766610314513,4.733480341798449,0.1893392136719379,0.21544715447154472,-76.01825508753784,17,10,58.82352941176471,179.88713565483403,6,"{'strategy': 'momentum', 'variant': 'sens_thai_19_21_rr1.8_body2_wick0.45_atrMin45', 'initial_balance': 10000.0, 'risk_pct': 0.0025, 'fee_rate': 0.0001, 'spread_atr_mult': 0.03, 'slippage_min_spread': 0.3, 'slippage_max_spread': 1.0, 'max_trades_per_day': 3, 'daily_loss_limit_pct': 0.03, 'max_hold_minutes': 720, 'seed': 42, 'sweep_lookback': 20, 'wick_body_min': 1.5, 'atr_percentile_min': 30.0, 'sweep_rr': 2.0, 'sl_atr_buffer': 0.1, 'use_m1_confirmation': False, 'session': 'ny', 'adx_min': 18.0, 'momentum_rr': 1.8, 'use_atr_expansion': False, 'body_mult': 2.0, 'max_wick_pct': 0.45, 'momentum_sl_atr_mult': 1.0, 'session_hours_utc': None, 'close_extreme_pct': None, 'ema_extension_atr_max': None, 'use_m15_ema_trend': False, 'use_m15_ema200_filter': False, 'momentum_atr_percentile_min': 45.0, 'momentum_atr_percentile_max': None, 'session_ranges_utc_minutes': ((720, 840),), 'entry_mode': 'next_m5'}",20.20644822613589,0.15150297169811291,0.032006676009675904,True
sensitivity,XAUUSDm,sens_thai_19_2030_rr1.6_body2_wick0.4_atrMin35,72,52.77777777777778,1.4090741073609647,3.3470741506820745,-1.3683554116649936,4.6487140981694255,0.18594856392677703,0.14634146341463414,-77.5980204895845,16,11,68.75,95.21960610571497,6,"{'strategy': 'momentum', 'variant': 'sens_thai_19_2030_rr1.6_body2_wick0.4_atrMin35', 'initial_balance': 10000.0, 'risk_pct': 0.0025, 'fee_rate': 0.0001, 'spread_atr_mult': 0.03, 'slippage_min_spread': 0.3, 'slippage_max_spread': 1.0, 'max_trades_per_day': 3, 'daily_loss_limit_pct': 0.03, 'max_hold_minutes': 720, 'seed': 42, 'sweep_lookback': 20, 'wick_body_min': 1.5, 'atr_percentile_min': 30.0, 'sweep_rr': 2.0, 'sl_atr_buffer': 0.1, 'use_m1_confirmation': False, 'session': 'ny', 'adx_min': 18.0, 'momentum_rr': 1.6, 'use_atr_expansion': False, 'body_mult': 2.0, 'max_wick_pct': 0.4, 'momentum_sl_atr_mult': 1.0, 'session_hours_utc': None, 'close_extreme_pct': None, 'ema_extension_atr_max': None, 'use_m15_ema_trend': False, 'use_m15_ema200_filter': False, 'momentum_atr_percentile_min': 35.0, 'momentum_atr_percentile_max': None, 'session_ranges_utc_minutes': ((720, 810),), 'entry_mode': 'next_m5'}",19.313861764218206,0.1466935714285712,0.03155573096791139,True
sensitivity,XAUUSDm,sens_thai_19_21_rr1.8_body2_wick0.45_atrMin40,106,49.056603773584904,1.4089473270220647,5.015608513674633,-2.0122766610314513,4.731706144976071,0.18926824579904278,0.21544715447154472,-76.01825508753784,17,10,58.82352941176471,179.88713565483403,6,"{'strategy': 'momentum', 'variant': 'sens_thai_19_21_rr1.8_body2_wick0.45_atrMin40', 'initial_balance': 10000.0, 'risk_pct': 0.0025, 'fee_rate': 0.0001, 'spread_atr_mult': 0.03, 'slippage_min_spread': 0.3, 'slippage_max_spread': 1.0, 'max_trades_per_day': 3, 'daily_loss_limit_pct': 0.03, 'max_hold_minutes': 720, 'seed': 42, 'sweep_lookback': 20, 'wick_body_min': 1.5, 'atr_percentile_min': 30.0, 'sweep_rr': 2.0, 'sl_atr_buffer': 0.1, 'use_m1_confirmation': False, 'session': 'ny', 'adx_min': 18.0, 'momentum_rr': 1.8, 'use_atr_expansion': False, 'body_mult': 2.0, 'max_wick_pct': 0.45, 'momentum_sl_atr_mult': 1.0, 'session_hours_utc': None, 'close_extreme_pct': None, 'ema_extension_atr_max': None, 'use_m15_ema_trend': False, 'use_m15_ema200_filter': False, 'momentum_atr_percentile_min': 40.0, 'momentum_atr_percentile_max': None, 'session_ranges_utc_minutes': ((720, 840),), 'entry_mode': 'next_m5'}",20.193703866317723,0.15117317385444715,0.031948977646246386,True
sensitivity,XAUUSDm,sens_thai_19_2030_rr2_body1.8_wick0.35_atrMin35,74,48.64864864864865,1.4088071053126374,3.782311390214236,-1.085383946469538,5.111231608397555,0.2044492643359022,0.15040650406504066,-77.59537086034766,16,12,75.0,100.94845771652324,5,"{'strategy': 'momentum', 'variant': 'sens_thai_19_2030_rr2_body1.8_wick0.35_atrMin35', 'initial_balance': 10000.0, 'risk_pct': 0.0025, 'fee_rate': 0.0001, 'spread_atr_mult': 0.03, 'slippage_min_spread': 0.3, 'slippage_max_spread': 1.0, 'max_trades_per_day': 3, 'daily_loss_limit_pct': 0.03, 'max_hold_minutes': 720, 'seed': 42, 'sweep_lookback': 20, 'wick_body_min': 1.5, 'atr_percentile_min': 30.0, 'sweep_rr': 2.0, 'sl_atr_buffer': 0.1, 'use_m1_confirmation': False, 'session': 'ny', 'adx_min': 18.0, 'momentum_rr': 2.0, 'use_atr_expansion': False, 'body_mult': 1.8, 'max_wick_pct': 0.35, 'momentum_sl_atr_mult': 1.0, 'session_hours_utc': None, 'close_extreme_pct': None, 'ema_extension_atr_max': None, 'use_m15_ema_trend': False, 'use_m15_ema200_filter': False, 'momentum_atr_percentile_min': 35.0, 'momentum_atr_percentile_max': None, 'session_ranges_utc_minutes': ((720, 810),), 'entry_mode': 'next_m5'}",18.253856322340432,0.14631952702702683,0.028627058649940564,True
sensitivity,XAUUSDm,sens_thai_19_2030_rr1.9_body2.2_wick0.4_atrMin45,65,49.23076923076923,1.408560913810944,3.260946826296749,-1.8680368814265425,5.016841271225866,0.20067365084903468,0.13211382113821138,-93.55087831960687,16,11,68.75,145.3828619860506,6,"{'strategy': 'momentum', 'variant': 'sens_thai_19_2030_rr1.9_body2.2_wick0.4_atrMin45', 'initial_balance': 10000.0, 'risk_pct': 0.0025, 'fee_rate': 0.0001, 'spread_atr_mult': 0.03, 'slippage_min_spread': 0.3, 'slippage_max_spread': 1.0, 'max_trades_per_day': 3, 'daily_loss_limit_pct': 0.03, 'max_hold_minutes': 720, 'seed': 42, 'sweep_lookback': 20, 'wick_body_min': 1.5, 'atr_percentile_min': 30.0, 'sweep_rr': 2.0, 'sl_atr_buffer': 0.1, 'use_m1_confirmation': False, 'session': 'ny', 'adx_min': 18.0, 'momentum_rr': 1.9, 'use_atr_expansion': False, 'body_mult': 2.2, 'max_wick_pct': 0.4, 'momentum_sl_atr_mult': 1.0, 'session_hours_utc': None, 'close_extreme_pct': None, 'ema_extension_atr_max': None, 'use_m15_ema_trend': False, 'use_m15_ema200_filter': False, 'momentum_atr_percentile_min': 45.0, 'momentum_atr_percentile_max': None, 'session_ranges_utc_minutes': ((720, 810),), 'entry_mode': 'next_m5'}",19.50506419183693,0.14885729670329656,0.02967151812377816,False
sensitivity,XAUUSDm,sens_thai_19_2030_rr1.9_body2.2_wick0.4_atrMin40,65,49.23076923076923,1.4083019739465563,3.259067104600144,-1.8680368814265425,5.01394939169263,0.2005579756677052,0.13211382113821138,-93.55087831960687,16,11,68.75,145.3828619860506,6,"{'strategy': 'momentum', 'variant': 'sens_thai_19_2030_rr1.9_body2.2_wick0.4_atrMin40', 'initial_balance': 10000.0, 'risk_pct': 0.0025, 'fee_rate': 0.0001, 'spread_atr_mult': 0.03, 'slippage_min_spread': 0.3, 'slippage_max_spread': 1.0, 'max_trades_per_day': 3, 'daily_loss_limit_pct': 0.03, 'max_hold_minutes': 720, 'seed': 42, 'sweep_lookback': 20, 'wick_body_min': 1.5, 'atr_percentile_min': 30.0, 'sweep_rr': 2.0, 'sl_atr_buffer': 0.1, 'use_m1_confirmation': False, 'session': 'ny', 'adx_min': 18.0, 'momentum_rr': 1.9, 'use_atr_expansion': False, 'body_mult': 2.2, 'max_wick_pct': 0.4, 'momentum_sl_atr_mult': 1.0, 'session_hours_utc': None, 'close_extreme_pct': None, 'ema_extension_atr_max': None, 'use_m15_ema_trend': False, 'use_m15_ema200_filter': False, 'momentum_atr_percentile_min': 40.0, 'momentum_atr_percentile_max': None, 'session_ranges_utc_minutes': ((720, 810),), 'entry_mode': 'next_m5'}",19.484291633783982,0.14831947252747238,0.02958136609300759,False
sensitivity,XAUUSDm,sens_thai_19_2030_rr1.6_body1.8_wick0.35_atrMin45,74,52.702702702702695,1.4073357541403495,3.4518700368711324,-0.7807409786042121,4.664689239015006,0.18658756956060024,0.15040650406504066,-77.59537086034766,16,11,68.75,88.67631668461043,4,"{'strategy': 'momentum', 'variant': 'sens_thai_19_2030_rr1.6_body1.8_wick0.35_atrMin45', 'initial_balance': 10000.0, 'risk_pct': 0.0025, 'fee_rate': 0.0001, 'spread_atr_mult': 0.03, 'slippage_min_spread': 0.3, 'slippage_max_spread': 1.0, 'max_trades_per_day': 3, 'daily_loss_limit_pct': 0.03, 'max_hold_minutes': 720, 'seed': 42, 'sweep_lookback': 20, 'wick_body_min': 1.5, 'atr_percentile_min': 30.0, 'sweep_rr': 2.0, 'sl_atr_buffer': 0.1, 'use_m1_confirmation': False, 'session': 'ny', 'adx_min': 18.0, 'momentum_rr': 1.6, 'use_atr_expansion': False, 'body_mult': 1.8, 'max_wick_pct': 0.35, 'momentum_sl_atr_mult': 1.0, 'session_hours_utc': None, 'close_extreme_pct': None, 'ema_extension_atr_max': None, 'use_m15_ema_trend': False, 'use_m15_ema200_filter': False, 'momentum_atr_percentile_min': 45.0, 'momentum_atr_percentile_max': None, 'session_ranges_utc_minutes': ((720, 810),), 'entry_mode': 'next_m5'}",19.03667806236516,0.1505613127413125,0.032276815244632454,True
sensitivity,XAUUSDm,sens_thai_19_2030_rr1.6_body2.2_wick0.35_atrMin50,61,52.459016393442624,1.407232847117163,2.7752767172361383,-0.8827615021557754,4.549633962682284,0.1819853585072914,0.12398373983739837,-77.5981789933033,16,13,81.25,58.895517756166456,4,"{'strategy': 'momentum', 'variant': 'sens_thai_19_2030_rr1.6_body2.2_wick0.35_atrMin50', 'initial_balance': 10000.0, 'risk_pct': 0.0025, 'fee_rate': 0.0001, 'spread_atr_mult': 0.03, 'slippage_min_spread': 0.3, 'slippage_max_spread': 1.0, 'max_trades_per_day': 3, 'daily_loss_limit_pct': 0.03, 'max_hold_minutes': 720, 'seed': 42, 'sweep_lookback': 20, 'wick_body_min': 1.5, 'atr_percentile_min': 30.0, 'sweep_rr': 2.0, 'sl_atr_buffer': 0.1, 'use_m1_confirmation': False, 'session': 'ny', 'adx_min': 18.0, 'momentum_rr': 1.6, 'use_atr_expansion': False, 'body_mult': 2.2, 'max_wick_pct': 0.35, 'momentum_sl_atr_mult': 1.0, 'session_hours_utc': None, 'close_extreme_pct': None, 'ema_extension_atr_max': None, 'use_m15_ema_trend': False, 'use_m15_ema200_filter': False, 'momentum_atr_percentile_min': 50.0, 'momentum_atr_percentile_max': None, 'session_ranges_utc_minutes': ((720, 810),), 'entry_mode': 'next_m5'}",19.91162279465408,0.14989176814988273,0.03294589617084546,False
sensitivity,XAUUSDm,sens_thai_19_2030_rr1.6_body1.8_wick0.35_atrMin40,74,52.702702702702695,1.407091291203195,3.4499871098611767,-0.7811995954520135,4.662144743055613,0.18648578972222457,0.15040650406504066,-77.59537086034766,16,11,68.75,88.67631668461043,4,"{'strategy': 'momentum', 'variant': 'sens_thai_19_2030_rr1.6_body1.8_wick0.35_atrMin40', 'initial_balance': 10000.0, 'risk_pct': 0.0025, 'fee_rate': 0.0001, 'spread_atr_mult': 0.03, 'slippage_min_spread': 0.3, 'slippage_max_spread': 1.0, 'max_trades_per_day': 3, 'daily_loss_limit_pct': 0.03, 'max_hold_minutes': 720, 'seed': 42, 'sweep_lookback': 20, 'wick_body_min': 1.5, 'atr_percentile_min': 30.0, 'sweep_rr': 2.0, 'sl_atr_buffer': 0.1, 'use_m1_confirmation': False, 'session': 'ny', 'adx_min': 18.0, 'momentum_rr': 1.6, 'use_atr_expansion': False, 'body_mult': 1.8, 'max_wick_pct': 0.35, 'momentum_sl_atr_mult': 1.0, 'session_hours_utc': None, 'close_extreme_pct': None, 'ema_extension_atr_max': None, 'use_m15_ema_trend': False, 'use_m15_ema200_filter': False, 'momentum_atr_percentile_min': 40.0, 'momentum_atr_percentile_max': None, 'session_ranges_utc_minutes': ((720, 810),), 'entry_mode': 'next_m5'}",19.018224348530506,0.15008889961389937,0.03219310164864802,True
sensitivity,XAUUSDm,sens_thai_19_21_rr1.9_body1.8_wick0.35_atrMin45,106,48.113207547169814,1.404971086362558,5.223776861174337,-1.867723626112061,4.9280913784663145,0.19712365513865263,0.21544715447154472,-76.01825508753784,17,10,58.82352941176471,209.73406754971563,4,"{'strategy': 'momentum', 'variant': 'sens_thai_19_21_rr1.9_body1.8_wick0.35_atrMin45', 'initial_balance': 10000.0, 'risk_pct': 0.0025, 'fee_rate': 0.0001, 'spread_atr_mult': 0.03, 'slippage_min_spread': 0.3, 'slippage_max_spread': 1.0, 'max_trades_per_day': 3, 'daily_loss_limit_pct': 0.03, 'max_hold_minutes': 720, 'seed': 42, 'sweep_lookback': 20, 'wick_body_min': 1.5, 'atr_percentile_min': 30.0, 'sweep_rr': 2.0, 'sl_atr_buffer': 0.1, 'use_m1_confirmation': False, 'session': 'ny', 'adx_min': 18.0, 'momentum_rr': 1.9, 'use_atr_expansion': False, 'body_mult': 1.8, 'max_wick_pct': 0.35, 'momentum_sl_atr_mult': 1.0, 'session_hours_utc': None, 'close_extreme_pct': None, 'ema_extension_atr_max': None, 'use_m15_ema_trend': False, 'use_m15_ema200_filter': False, 'momentum_atr_percentile_min': 45.0, 'momentum_atr_percentile_max': None, 'session_ranges_utc_minutes': ((720, 840),), 'entry_mode': 'next_m5'}",19.54702911018585,0.15187346361185952,0.030817907369876024,True
sensitivity,XAUUSDm,sens_thai_19_21_rr1.9_body1.8_wick0.35_atrMin40,106,48.113207547169814,1.404810846251763,5.221895862549791,-1.867723626112061,4.9263168514620315,0.19705267405848126,0.21544715447154472,-76.01825508753784,17,10,58.82352941176471,209.73406754971563,4,"{'strategy': 'momentum', 'variant': 'sens_thai_19_21_rr1.9_body1.8_wick0.35_atrMin40', 'initial_balance': 10000.0, 'risk_pct': 0.0025, 'fee_rate': 0.0001, 'spread_atr_mult': 0.03, 'slippage_min_spread': 0.3, 'slippage_max_spread': 1.0, 'max_trades_per_day': 3, 'daily_loss_limit_pct': 0.03, 'max_hold_minutes': 720, 'seed': 42, 'sweep_lookback': 20, 'wick_body_min': 1.5, 'atr_percentile_min': 30.0, 'sweep_rr': 2.0, 'sl_atr_buffer': 0.1, 'use_m1_confirmation': False, 'session': 'ny', 'adx_min': 18.0, 'momentum_rr': 1.9, 'use_atr_expansion': False, 'body_mult': 1.8, 'max_wick_pct': 0.35, 'momentum_sl_atr_mult': 1.0, 'session_hours_utc': None, 'close_extreme_pct': None, 'ema_extension_atr_max': None, 'use_m15_ema_trend': False, 'use_m15_ema200_filter': False, 'momentum_atr_percentile_min': 40.0, 'momentum_atr_percentile_max': None, 'session_ranges_utc_minutes': ((720, 840),), 'entry_mode': 'next_m5'}",19.53427284546486,0.15154366576819375,0.0307620622744188,True
sensitivity,XAUUSDm,sens_thai_19_21_rr1.7_body2_wick0.4_atrMin45,104,50.0,1.40327458089907,4.8092811930907375,-2.0819036593548965,4.624308839510285,0.18497235358041142,0.21138211382113822,-77.98419433007345,17,10,58.82352941176471,195.67863131498157,7,"{'strategy': 'momentum', 'variant': 'sens_thai_19_21_rr1.7_body2_wick0.4_atrMin45', 'initial_balance': 10000.0, 'risk_pct': 0.0025, 'fee_rate': 0.0001, 'spread_atr_mult': 0.03, 'slippage_min_spread': 0.3, 'slippage_max_spread': 1.0, 'max_trades_per_day': 3, 'daily_loss_limit_pct': 0.03, 'max_hold_minutes': 720, 'seed': 42, 'sweep_lookback': 20, 'wick_body_min': 1.5, 'atr_percentile_min': 30.0, 'sweep_rr': 2.0, 'sl_atr_buffer': 0.1, 'use_m1_confirmation': False, 'session': 'ny', 'adx_min': 18.0, 'momentum_rr': 1.7, 'use_atr_expansion': False, 'body_mult': 2.0, 'max_wick_pct': 0.4, 'momentum_sl_atr_mult': 1.0, 'session_hours_utc': None, 'close_extreme_pct': None, 'ema_extension_atr_max': None, 'use_m15_ema_trend': False, 'use_m15_ema200_filter': False, 'momentum_atr_percentile_min': 45.0, 'momentum_atr_percentile_max': None, 'session_ranges_utc_minutes': ((720, 840),), 'entry_mode': 'next_m5'}",20.123804401246804,0.15095099587912053,0.032642931326166844,True
sensitivity,XAUUSDm,sens_thai_19_21_rr1.6_body2.2_wick0.45_atrMin45,99,51.515151515151516,1.4032024085718655,4.450613574914842,-1.6898110065483105,4.495569267590822,0.17982277070363287,0.20121951219512196,-80.25043096000692,17,13,76.47058823529412,185.68678706373208,6,"{'strategy': 'momentum', 'variant': 'sens_thai_19_21_rr1.6_body2.2_wick0.45_atrMin45', 'initial_balance': 10000.0, 'risk_pct': 0.0025, 'fee_rate': 0.0001, 'spread_atr_mult': 0.03, 'slippage_min_spread': 0.3, 'slippage_max_spread': 1.0, 'max_trades_per_day': 3, 'daily_loss_limit_pct': 0.03, 'max_hold_minutes': 720, 'seed': 42, 'sweep_lookback': 20, 'wick_body_min': 1.5, 'atr_percentile_min': 30.0, 'sweep_rr': 2.0, 'sl_atr_buffer': 0.1, 'use_m1_confirmation': False, 'session': 'ny', 'adx_min': 18.0, 'momentum_rr': 1.6, 'use_atr_expansion': False, 'body_mult': 2.2, 'max_wick_pct': 0.45, 'momentum_sl_atr_mult': 1.0, 'session_hours_utc': None, 'close_extreme_pct': None, 'ema_extension_atr_max': None, 'use_m15_ema_trend': False, 'use_m15_ema200_filter': False, 'momentum_atr_percentile_min': 45.0, 'momentum_atr_percentile_max': None, 'session_ranges_utc_minutes': ((720, 840),), 'entry_mode': 'next_m5'}",20.32163505370575,0.1526063203463201,0.033945939048582806,True
sensitivity,XAUUSDm,sens_thai_19_21_rr1.7_body2_wick0.4_atrMin40,104,50.0,1.4031015519700825,4.807402073607682,-2.0819036593548965,4.622501993853499,0.18490007975413997,0.21138211382113822,-77.98419433007345,17,10,58.82352941176471,195.67863131498157,7,"{'strategy': 'momentum', 'variant': 'sens_thai_19_21_rr1.7_body2_wick0.4_atrMin40', 'initial_balance': 10000.0, 'risk_pct': 0.0025, 'fee_rate': 0.0001, 'spread_atr_mult': 0.03, 'slippage_min_spread': 0.3, 'slippage_max_spread': 1.0, 'max_trades_per_day': 3, 'daily_loss_limit_pct': 0.03, 'max_hold_minutes': 720, 'seed': 42, 'sweep_lookback': 20, 'wick_body_min': 1.5, 'atr_percentile_min': 30.0, 'sweep_rr': 2.0, 'sl_atr_buffer': 0.1, 'use_m1_confirmation': False, 'session': 'ny', 'adx_min': 18.0, 'momentum_rr': 1.7, 'use_atr_expansion': False, 'body_mult': 2.0, 'max_wick_pct': 0.4, 'momentum_sl_atr_mult': 1.0, 'session_hours_utc': None, 'close_extreme_pct': None, 'ema_extension_atr_max': None, 'use_m15_ema_trend': False, 'use_m15_ema200_filter': False, 'momentum_atr_percentile_min': 40.0, 'momentum_atr_percentile_max': None, 'session_ranges_utc_minutes': ((720, 840),), 'entry_mode': 'next_m5'}",20.11083403528291,0.15061485576923042,0.0325829725913589,True
sensitivity,XAUUSDm,sens_thai_19_21_rr1.6_body2.2_wick0.45_atrMin40,99,51.515151515151516,1.4030152745003237,4.448733593292636,-1.6898110065483105,4.493670296255289,0.17974681185021155,0.20121951219512196,-80.25043096000692,17,13,76.47058823529412,185.68678706373208,6,"{'strategy': 'momentum', 'variant': 'sens_thai_19_21_rr1.6_body2.2_wick0.45_atrMin40', 'initial_balance': 10000.0, 'risk_pct': 0.0025, 'fee_rate': 0.0001, 'spread_atr_mult': 0.03, 'slippage_min_spread': 0.3, 'slippage_max_spread': 1.0, 'max_trades_per_day': 3, 'daily_loss_limit_pct': 0.03, 'max_hold_minutes': 720, 'seed': 42, 'sweep_lookback': 20, 'wick_body_min': 1.5, 'atr_percentile_min': 30.0, 'sweep_rr': 2.0, 'sl_atr_buffer': 0.1, 'use_m1_confirmation': False, 'session': 'ny', 'adx_min': 18.0, 'momentum_rr': 1.6, 'use_atr_expansion': False, 'body_mult': 2.2, 'max_wick_pct': 0.45, 'momentum_sl_atr_mult': 1.0, 'session_hours_utc': None, 'close_extreme_pct': None, 'ema_extension_atr_max': None, 'use_m15_ema_trend': False, 'use_m15_ema200_filter': False, 'momentum_atr_percentile_min': 40.0, 'momentum_atr_percentile_max': None, 'session_ranges_utc_minutes': ((720, 840),), 'entry_mode': 'next_m5'}",20.30788104671484,0.1522532034632032,0.033881703246025956,True
sensitivity,XAUUSDm,sens_thai_19_21_rr1.7_body2_wick0.45_atrMin35,108,50.0,1.4016657160025319,4.932469645756501,-2.065596458975193,4.567101523848596,0.18268406095394382,0.21951219512195122,-77.98419433007345,17,10,58.82352941176471,195.76792503351714,6,"{'strategy': 'momentum', 'variant': 'sens_thai_19_21_rr1.7_body2_wick0.45_atrMin35', 'initial_balance': 10000.0, 'risk_pct': 0.0025, 'fee_rate': 0.0001, 'spread_atr_mult': 0.03, 'slippage_min_spread': 0.3, 'slippage_max_spread': 1.0, 'max_trades_per_day': 3, 'daily_loss_limit_pct': 0.03, 'max_hold_minutes': 720, 'seed': 42, 'sweep_lookback': 20, 'wick_body_min': 1.5, 'atr_percentile_min': 30.0, 'sweep_rr': 2.0, 'sl_atr_buffer': 0.1, 'use_m1_confirmation': False, 'session': 'ny', 'adx_min': 18.0, 'momentum_rr': 1.7, 'use_atr_expansion': False, 'body_mult': 2.0, 'max_wick_pct': 0.45, 'momentum_sl_atr_mult': 1.0, 'session_hours_utc': None, 'close_extreme_pct': None, 'ema_extension_atr_max': None, 'use_m15_ema_trend': False, 'use_m15_ema200_filter': False, 'momentum_atr_percentile_min': 35.0, 'momentum_atr_percentile_max': None, 'session_ranges_utc_minutes': ((720, 840),), 'entry_mode': 'next_m5'}",20.100713011701785,0.149465218253968,0.03272649348246083,True
sensitivity,XAUUSDm,sens_thai_19_2030_rr1.7_body2_wick0.45_atrMin45,71,52.112676056338024,1.3998343644868467,3.2689715141267515,-1.279434570753527,4.604185231164357,0.1841674092465743,0.1443089430894309,-77.5988783890476,16,11,68.75,88.54324938726938,5,"{'strategy': 'momentum', 'variant': 'sens_thai_19_2030_rr1.7_body2_wick0.45_atrMin45', 'initial_balance': 10000.0, 'risk_pct': 0.0025, 'fee_rate': 0.0001, 'spread_atr_mult': 0.03, 'slippage_min_spread': 0.3, 'slippage_max_spread': 1.0, 'max_trades_per_day': 3, 'daily_loss_limit_pct': 0.03, 'max_hold_minutes': 720, 'seed': 42, 'sweep_lookback': 20, 'wick_body_min': 1.5, 'atr_percentile_min': 30.0, 'sweep_rr': 2.0, 'sl_atr_buffer': 0.1, 'use_m1_confirmation': False, 'session': 'ny', 'adx_min': 18.0, 'momentum_rr': 1.7, 'use_atr_expansion': False, 'body_mult': 2.0, 'max_wick_pct': 0.45, 'momentum_sl_atr_mult': 1.0, 'session_hours_utc': None, 'close_extreme_pct': None, 'ema_extension_atr_max': None, 'use_m15_ema_trend': False, 'use_m15_ema200_filter': False, 'momentum_atr_percentile_min': 45.0, 'momentum_atr_percentile_max': None, 'session_ranges_utc_minutes': ((720, 810),), 'entry_mode': 'next_m5'}",19.318071221480505,0.14806270623742435,0.032158286168686705,True
sensitivity,XAUUSDm,sens_thai_19_2030_rr1.7_body2_wick0.45_atrMin40,71,52.112676056338024,1.3995815735417512,3.2670895802296944,-1.279434570753527,4.601534620041731,0.18406138480166914,0.1443089430894309,-77.5988783890476,16,11,68.75,88.54324938726938,5,"{'strategy': 'momentum', 'variant': 'sens_thai_19_2030_rr1.7_body2_wick0.45_atrMin40', 'initial_balance': 10000.0, 'risk_pct': 0.0025, 'fee_rate': 0.0001, 'spread_atr_mult': 0.03, 'slippage_min_spread': 0.3, 'slippage_max_spread': 1.0, 'max_trades_per_day': 3, 'daily_loss_limit_pct': 0.03, 'max_hold_minutes': 720, 'seed': 42, 'sweep_lookback': 20, 'wick_body_min': 1.5, 'atr_percentile_min': 30.0, 'sweep_rr': 2.0, 'sl_atr_buffer': 0.1, 'use_m1_confirmation': False, 'session': 'ny', 'adx_min': 18.0, 'momentum_rr': 1.7, 'use_atr_expansion': False, 'body_mult': 2.0, 'max_wick_pct': 0.45, 'momentum_sl_atr_mult': 1.0, 'session_hours_utc': None, 'close_extreme_pct': None, 'ema_extension_atr_max': None, 'use_m15_ema_trend': False, 'use_m15_ema200_filter': False, 'momentum_atr_percentile_min': 40.0, 'momentum_atr_percentile_max': None, 'session_ranges_utc_minutes': ((720, 810),), 'entry_mode': 'next_m5'}",19.298856210128857,0.1475703319919515,0.0320698080482144,True
sensitivity,XAUUSDm,sens_thai_19_2030_rr1.7_body1.8_wick0.35_atrMin45,74,51.35135135135135,1.3980968883662457,3.476802536871183,-0.7393887411083617,4.69838180658262,0.18793527226330478,0.15040650406504066,-77.59537086034766,16,12,75.0,98.67631668461165,4,"{'strategy': 'momentum', 'variant': 'sens_thai_19_2030_rr1.7_body1.8_wick0.35_atrMin45', 'initial_balance': 10000.0, 'risk_pct': 0.0025, 'fee_rate': 0.0001, 'spread_atr_mult': 0.03, 'slippage_min_spread': 0.3, 'slippage_max_spread': 1.0, 'max_trades_per_day': 3, 'daily_loss_limit_pct': 0.03, 'max_hold_minutes': 720, 'seed': 42, 'sweep_lookback': 20, 'wick_body_min': 1.5, 'atr_percentile_min': 30.0, 'sweep_rr': 2.0, 'sl_atr_buffer': 0.1, 'use_m1_confirmation': False, 'session': 'ny', 'adx_min': 18.0, 'momentum_rr': 1.7, 'use_atr_expansion': False, 'body_mult': 1.8, 'max_wick_pct': 0.35, 'momentum_sl_atr_mult': 1.0, 'session_hours_utc': None, 'close_extreme_pct': None, 'ema_extension_atr_max': None, 'use_m15_ema_trend': False, 'use_m15_ema200_filter': False, 'momentum_atr_percentile_min': 45.0, 'momentum_atr_percentile_max': None, 'session_ranges_utc_minutes': ((720, 810),), 'entry_mode': 'next_m5'}",19.03667806236516,0.1505613127413125,0.032045354962504345,True
sensitivity,XAUUSDm,sens_thai_19_2030_rr1.7_body1.8_wick0.35_atrMin40,74,51.35135135135135,1.3978601734316038,3.4749196098612267,-0.739402062825656,4.695837310623223,0.18783349242492886,0.15040650406504066,-77.59537086034766,16,12,75.0,98.67631668461165,4,"{'strategy': 'momentum', 'variant': 'sens_thai_19_2030_rr1.7_body1.8_wick0.35_atrMin40', 'initial_balance': 10000.0, 'risk_pct': 0.0025, 'fee_rate': 0.0001, 'spread_atr_mult': 0.03, 'slippage_min_spread': 0.3, 'slippage_max_spread': 1.0, 'max_trades_per_day': 3, 'daily_loss_limit_pct': 0.03, 'max_hold_minutes': 720, 'seed': 42, 'sweep_lookback': 20, 'wick_body_min': 1.5, 'atr_percentile_min': 30.0, 'sweep_rr': 2.0, 'sl_atr_buffer': 0.1, 'use_m1_confirmation': False, 'session': 'ny', 'adx_min': 18.0, 'momentum_rr': 1.7, 'use_atr_expansion': False, 'body_mult': 1.8, 'max_wick_pct': 0.35, 'momentum_sl_atr_mult': 1.0, 'session_hours_utc': None, 'close_extreme_pct': None, 'ema_extension_atr_max': None, 'use_m15_ema_trend': False, 'use_m15_ema200_filter': False, 'momentum_atr_percentile_min': 40.0, 'momentum_atr_percentile_max': None, 'session_ranges_utc_minutes': ((720, 810),), 'entry_mode': 'next_m5'}",19.018224348530506,0.15008889961389937,0.03196211659087053,True
sensitivity,XAUUSDm,sens_thai_19_2030_rr1.9_body1.8_wick0.45_atrMin50,72,50.0,1.3949205131557243,3.462569092696576,-1.1165990022764205,4.809123739856332,0.19236494959425327,0.14634146341463414,-77.5980204895845,16,11,68.75,118.62449766370264,5,"{'strategy': 'momentum', 'variant': 'sens_thai_19_2030_rr1.9_body1.8_wick0.45_atrMin50', 'initial_balance': 10000.0, 'risk_pct': 0.0025, 'fee_rate': 0.0001, 'spread_atr_mult': 0.03, 'slippage_min_spread': 0.3, 'slippage_max_spread': 1.0, 'max_trades_per_day': 3, 'daily_loss_limit_pct': 0.03, 'max_hold_minutes': 720, 'seed': 42, 'sweep_lookback': 20, 'wick_body_min': 1.5, 'atr_percentile_min': 30.0, 'sweep_rr': 2.0, 'sl_atr_buffer': 0.1, 'use_m1_confirmation': False, 'session': 'ny', 'adx_min': 18.0, 'momentum_rr': 1.9, 'use_atr_expansion': False, 'body_mult': 1.8, 'max_wick_pct': 0.45, 'momentum_sl_atr_mult': 1.0, 'session_hours_utc': None, 'close_extreme_pct': None, 'ema_extension_atr_max': None, 'use_m15_ema_trend': False, 'use_m15_ema200_filter': False, 'momentum_atr_percentile_min': 50.0, 'momentum_atr_percentile_max': None, 'session_ranges_utc_minutes': ((720, 810),), 'entry_mode': 'next_m5'}",18.82397436042633,0.1487252976190474,0.03092565416574006,True
sensitivity,XAUUSDm,sens_thai_19_21_rr1.9_body2_wick0.45_atrMin50,102,48.03921568627451,1.39388099881023,4.743211331073762,-2.422329314981351,4.650207187327268,0.18600828749309073,0.2073170731707317,-145.50611915675782,17,11,64.70588235294117,162.91076627342412,6,"{'strategy': 'momentum', 'variant': 'sens_thai_19_21_rr1.9_body2_wick0.45_atrMin50', 'initial_balance': 10000.0, 'risk_pct': 0.0025, 'fee_rate': 0.0001, 'spread_atr_mult': 0.03, 'slippage_min_spread': 0.3, 'slippage_max_spread': 1.0, 'max_trades_per_day': 3, 'daily_loss_limit_pct': 0.03, 'max_hold_minutes': 720, 'seed': 42, 'sweep_lookback': 20, 'wick_body_min': 1.5, 'atr_percentile_min': 30.0, 'sweep_rr': 2.0, 'sl_atr_buffer': 0.1, 'use_m1_confirmation': False, 'session': 'ny', 'adx_min': 18.0, 'momentum_rr': 1.9, 'use_atr_expansion': False, 'body_mult': 2.0, 'max_wick_pct': 0.45, 'momentum_sl_atr_mult': 1.0, 'session_hours_utc': None, 'close_extreme_pct': None, 'ema_extension_atr_max': None, 'use_m15_ema_trend': False, 'use_m15_ema200_filter': False, 'momentum_atr_percentile_min': 50.0, 'momentum_atr_percentile_max': None, 'session_ranges_utc_minutes': ((720, 840),), 'entry_mode': 'next_m5'}",20.040224523615702,0.15008943277310893,0.032275859273997995,True
sensitivity,XAUUSDm,sens_thai_19_2030_rr1.7_body2_wick0.4_atrMin45,70,51.42857142857142,1.390856322529528,3.197839100582769,-1.2951228733520033,4.568341572261044,0.18273366289044168,0.14227642276422764,-77.5992983276784,16,11,68.75,88.53016166987989,6,"{'strategy': 'momentum', 'variant': 'sens_thai_19_2030_rr1.7_body2_wick0.4_atrMin45', 'initial_balance': 10000.0, 'risk_pct': 0.0025, 'fee_rate': 0.0001, 'spread_atr_mult': 0.03, 'slippage_min_spread': 0.3, 'slippage_max_spread': 1.0, 'max_trades_per_day': 3, 'daily_loss_limit_pct': 0.03, 'max_hold_minutes': 720, 'seed': 42, 'sweep_lookback': 20, 'wick_body_min': 1.5, 'atr_percentile_min': 30.0, 'sweep_rr': 2.0, 'sl_atr_buffer': 0.1, 'use_m1_confirmation': False, 'session': 'ny', 'adx_min': 18.0, 'momentum_rr': 1.7, 'use_atr_expansion': False, 'body_mult': 2.0, 'max_wick_pct': 0.4, 'momentum_sl_atr_mult': 1.0, 'session_hours_utc': None, 'close_extreme_pct': None, 'ema_extension_atr_max': None, 'use_m15_ema_trend': False, 'use_m15_ema200_filter': False, 'momentum_atr_percentile_min': 45.0, 'momentum_atr_percentile_max': None, 'session_ranges_utc_minutes': ((720, 810),), 'entry_mode': 'next_m5'}",19.247110645027643,0.14744825510204054,0.032276101243686746,True
sensitivity,XAUUSDm,sens_thai_19_2030_rr1.7_body2_wick0.4_atrMin40,70,51.42857142857142,1.39060421862842,3.195957166685712,-1.2951228733520033,4.565653095265236,0.18262612381060936,0.14227642276422764,-77.5992983276784,16,11,68.75,88.53016166987989,6,"{'strategy': 'momentum', 'variant': 'sens_thai_19_2030_rr1.7_body2_wick0.4_atrMin40', 'initial_balance': 10000.0, 'risk_pct': 0.0025, 'fee_rate': 0.0001, 'spread_atr_mult': 0.03, 'slippage_min_spread': 0.3, 'slippage_max_spread': 1.0, 'max_trades_per_day': 3, 'daily_loss_limit_pct': 0.03, 'max_hold_minutes': 720, 'seed': 42, 'sweep_lookback': 20, 'wick_body_min': 1.5, 'atr_percentile_min': 30.0, 'sweep_rr': 2.0, 'sl_atr_buffer': 0.1, 'use_m1_confirmation': False, 'session': 'ny', 'adx_min': 18.0, 'momentum_rr': 1.7, 'use_atr_expansion': False, 'body_mult': 2.0, 'max_wick_pct': 0.4, 'momentum_sl_atr_mult': 1.0, 'session_hours_utc': None, 'close_extreme_pct': None, 'ema_extension_atr_max': None, 'use_m15_ema_trend': False, 'use_m15_ema200_filter': False, 'momentum_atr_percentile_min': 40.0, 'momentum_atr_percentile_max': None, 'session_ranges_utc_minutes': ((720, 810),), 'entry_mode': 'next_m5'}",19.22762113351383,0.14694884693877525,0.03218572324103359,True
sensitivity,XAUUSDm,sens_thai_19_21_rr1.8_body2.2_wick0.4_atrMin50,93,48.38709677419355,1.3893392122754538,4.21139170316892,-2.848060879339386,4.528378175450454,0.18113512701801815,0.18902439024390244,-145.2723622312632,17,12,70.58823529411765,150.41300456849794,6,"{'strategy': 'momentum', 'variant': 'sens_thai_19_21_rr1.8_body2.2_wick0.4_atrMin50', 'initial_balance': 10000.0, 'risk_pct': 0.0025, 'fee_rate': 0.0001, 'spread_atr_mult': 0.03, 'slippage_min_spread': 0.3, 'slippage_max_spread': 1.0, 'max_trades_per_day': 3, 'daily_loss_limit_pct': 0.03, 'max_hold_minutes': 720, 'seed': 42, 'sweep_lookback': 20, 'wick_body_min': 1.5, 'atr_percentile_min': 30.0, 'sweep_rr': 2.0, 'sl_atr_buffer': 0.1, 'use_m1_confirmation': False, 'session': 'ny', 'adx_min': 18.0, 'momentum_rr': 1.8, 'use_atr_expansion': False, 'body_mult': 2.2, 'max_wick_pct': 0.4, 'momentum_sl_atr_mult': 1.0, 'session_hours_utc': None, 'close_extreme_pct': None, 'ema_extension_atr_max': None, 'use_m15_ema_trend': False, 'use_m15_ema200_filter': False, 'momentum_atr_percentile_min': 50.0, 'momentum_atr_percentile_max': None, 'session_ranges_utc_minutes': ((720, 840),), 'entry_mode': 'next_m5'}",20.91576766356099,0.1547467281105988,0.03417266008159877,True
sensitivity,XAUUSDm,sens_thai_19_21_rr1.8_body1.8_wick0.35_atrMin45,107,48.598130841121495,1.387552893754961,4.934057342311898,-1.2774186672936199,4.611268544216734,0.18445074176866932,0.21747967479674796,-75.96156151022574,17,10,58.82352941176471,194.7335675497155,4,"{'strategy': 'momentum', 'variant': 'sens_thai_19_21_rr1.8_body1.8_wick0.35_atrMin45', 'initial_balance': 10000.0, 'risk_pct': 0.0025, 'fee_rate': 0.0001, 'spread_atr_mult': 0.03, 'slippage_min_spread': 0.3, 'slippage_max_spread': 1.0, 'max_trades_per_day': 3, 'daily_loss_limit_pct': 0.03, 'max_hold_minutes': 720, 'seed': 42, 'sweep_lookback': 20, 'wick_body_min': 1.5, 'atr_percentile_min': 30.0, 'sweep_rr': 2.0, 'sl_atr_buffer': 0.1, 'use_m1_confirmation': False, 'session': 'ny', 'adx_min': 18.0, 'momentum_rr': 1.8, 'use_atr_expansion': False, 'body_mult': 1.8, 'max_wick_pct': 0.35, 'momentum_sl_atr_mult': 1.0, 'session_hours_utc': None, 'close_extreme_pct': None, 'ema_extension_atr_max': None, 'use_m15_ema_trend': False, 'use_m15_ema200_filter': False, 'momentum_atr_percentile_min': 45.0, 'momentum_atr_percentile_max': None, 'session_ranges_utc_minutes': ((720, 840),), 'entry_mode': 'next_m5'}",19.964965876015484,0.15366594793057375,0.03332400758209915,True
sensitivity,XAUUSDm,sens_thai_19_21_rr1.8_body1.8_wick0.35_atrMin40,107,48.598130841121495,1.3873911699294212,4.932176343687352,-1.2774186672936199,4.609510601576975,0.18438042406307903,0.21747967479674796,-75.96156151022574,17,10,58.82352941176471,194.7335675497155,4,"{'strategy': 'momentum', 'variant': 'sens_thai_19_21_rr1.8_body1.8_wick0.35_atrMin40', 'initial_balance': 10000.0, 'risk_pct': 0.0025, 'fee_rate': 0.0001, 'spread_atr_mult': 0.03, 'slippage_min_spread': 0.3, 'slippage_max_spread': 1.0, 'max_trades_per_day': 3, 'daily_loss_limit_pct': 0.03, 'max_hold_minutes': 720, 'seed': 42, 'sweep_lookback': 20, 'wick_body_min': 1.5, 'atr_percentile_min': 30.0, 'sweep_rr': 2.0, 'sl_atr_buffer': 0.1, 'use_m1_confirmation': False, 'session': 'ny', 'adx_min': 18.0, 'momentum_rr': 1.8, 'use_atr_expansion': False, 'body_mult': 1.8, 'max_wick_pct': 0.35, 'momentum_sl_atr_mult': 1.0, 'session_hours_utc': None, 'close_extreme_pct': None, 'ema_extension_atr_max': None, 'use_m15_ema_trend': False, 'use_m15_ema200_filter': False, 'momentum_atr_percentile_min': 40.0, 'momentum_atr_percentile_max': None, 'session_ranges_utc_minutes': ((720, 840),), 'entry_mode': 'next_m5'}",19.95232882872179,0.15333923230974597,0.03326583786514919,True
sensitivity,XAUUSDm,sens_thai_19_2030_rr1.9_body1.8_wick0.4_atrMin50,71,49.29577464788733,1.3865427056531505,3.3915751665837526,-1.1174595821333588,4.77686643180806,0.19107465727232228,0.1443089430894309,-77.5988783890476,16,11,68.75,118.62449766370264,5,"{'strategy': 'momentum', 'variant': 'sens_thai_19_2030_rr1.9_body1.8_wick0.4_atrMin50', 'initial_balance': 10000.0, 'risk_pct': 0.0025, 'fee_rate': 0.0001, 'spread_atr_mult': 0.03, 'slippage_min_spread': 0.3, 'slippage_max_spread': 1.0, 'max_trades_per_day': 3, 'daily_loss_limit_pct': 0.03, 'max_hold_minutes': 720, 'seed': 42, 'sweep_lookback': 20, 'wick_body_min': 1.5, 'atr_percentile_min': 30.0, 'sweep_rr': 2.0, 'sl_atr_buffer': 0.1, 'use_m1_confirmation': False, 'session': 'ny', 'adx_min': 18.0, 'momentum_rr': 1.9, 'use_atr_expansion': False, 'body_mult': 1.8, 'max_wick_pct': 0.4, 'momentum_sl_atr_mult': 1.0, 'session_hours_utc': None, 'close_extreme_pct': None, 'ema_extension_atr_max': None, 'use_m15_ema_trend': False, 'use_m15_ema200_filter': False, 'momentum_atr_percentile_min': 50.0, 'momentum_atr_percentile_max': None, 'session_ranges_utc_minutes': ((720, 810),), 'entry_mode': 'next_m5'}",18.746041073244612,0.14812883299798765,0.03100962421968336,True
sensitivity,XAUUSDm,sens_thai_19_2030_rr1.6_body2_wick0.45_atrMin50,68,52.94117647058824,1.3860249314607698,2.9056943274544937,-1.0170075480363638,4.273079893315542,0.17092319573262174,0.13821138211382114,-77.59625972049197,16,13,81.25,58.895517756166456,4,"{'strategy': 'momentum', 'variant': 'sens_thai_19_2030_rr1.6_body2_wick0.45_atrMin50', 'initial_balance': 10000.0, 'risk_pct': 0.0025, 'fee_rate': 0.0001, 'spread_atr_mult': 0.03, 'slippage_min_spread': 0.3, 'slippage_max_spread': 1.0, 'max_trades_per_day': 3, 'daily_loss_limit_pct': 0.03, 'max_hold_minutes': 720, 'seed': 42, 'sweep_lookback': 20, 'wick_body_min': 1.5, 'atr_percentile_min': 30.0, 'sweep_rr': 2.0, 'sl_atr_buffer': 0.1, 'use_m1_confirmation': False, 'session': 'ny', 'adx_min': 18.0, 'momentum_rr': 1.6, 'use_atr_expansion': False, 'body_mult': 2.0, 'max_wick_pct': 0.45, 'momentum_sl_atr_mult': 1.0, 'session_hours_utc': None, 'close_extreme_pct': None, 'ema_extension_atr_max': None, 'use_m15_ema_trend': False, 'use_m15_ema200_filter': False, 'momentum_atr_percentile_min': 50.0, 'momentum_atr_percentile_max': None, 'session_ranges_utc_minutes': ((720, 810),), 'entry_mode': 'next_m5'}",19.68051482905527,0.1486165966386552,0.03477973741402282,False
sensitivity,XAUUSDm,sens_thai_19_2030_rr1.9_body2.2_wick0.45_atrMin50,61,50.81967213114754,1.3857318946799313,2.8879887217929356,-1.5982851782574907,4.734407740644207,0.18937630962576835,0.12398373983739837,-93.604209984154,16,12,75.0,84.50918567072718,4,"{'strategy': 'momentum', 'variant': 'sens_thai_19_2030_rr1.9_body2.2_wick0.45_atrMin50', 'initial_balance': 10000.0, 'risk_pct': 0.0025, 'fee_rate': 0.0001, 'spread_atr_mult': 0.03, 'slippage_min_spread': 0.3, 'slippage_max_spread': 1.0, 'max_trades_per_day': 3, 'daily_loss_limit_pct': 0.03, 'max_hold_minutes': 720, 'seed': 42, 'sweep_lookback': 20, 'wick_body_min': 1.5, 'atr_percentile_min': 30.0, 'sweep_rr': 2.0, 'sl_atr_buffer': 0.1, 'use_m1_confirmation': False, 'session': 'ny', 'adx_min': 18.0, 'momentum_rr': 1.9, 'use_atr_expansion': False, 'body_mult': 2.2, 'max_wick_pct': 0.45, 'momentum_sl_atr_mult': 1.0, 'session_hours_utc': None, 'close_extreme_pct': None, 'ema_extension_atr_max': None, 'use_m15_ema_trend': False, 'use_m15_ema200_filter': False, 'momentum_atr_percentile_min': 50.0, 'momentum_atr_percentile_max': None, 'session_ranges_utc_minutes': ((720, 810),), 'entry_mode': 'next_m5'}",19.06541036071749,0.14602113583138157,0.030842534870372734,False
sensitivity,XAUUSDm,sens_thai_19_2030_rr1.7_body2.2_wick0.45_atrMin35,67,52.23880597014925,1.3849398560469741,3.066314235386053,-1.9545378688786752,4.576588411023948,0.183063536440958,0.13617886178861788,-93.55087831960687,16,12,75.0,102.79115453472957,5,"{'strategy': 'momentum', 'variant': 'sens_thai_19_2030_rr1.7_body2.2_wick0.45_atrMin35', 'initial_balance': 10000.0, 'risk_pct': 0.0025, 'fee_rate': 0.0001, 'spread_atr_mult': 0.03, 'slippage_min_spread': 0.3, 'slippage_max_spread': 1.0, 'max_trades_per_day': 3, 'daily_loss_limit_pct': 0.03, 'max_hold_minutes': 720, 'seed': 42, 'sweep_lookback': 20, 'wick_body_min': 1.5, 'atr_percentile_min': 30.0, 'sweep_rr': 2.0, 'sl_atr_buffer': 0.1, 'use_m1_confirmation': False, 'session': 'ny', 'adx_min': 18.0, 'momentum_rr': 1.7, 'use_atr_expansion': False, 'body_mult': 2.2, 'max_wick_pct': 0.45, 'momentum_sl_atr_mult': 1.0, 'session_hours_utc': None, 'close_extreme_pct': None, 'ema_extension_atr_max': None, 'use_m15_ema_trend': False, 'use_m15_ema200_filter': False, 'momentum_atr_percentile_min': 35.0, 'momentum_atr_percentile_max': None, 'session_ranges_utc_minutes': ((720, 810),), 'entry_mode': 'next_m5'}",19.462435274799102,0.14773196162046898,0.032279931764153544,False
sensitivity,XAUUSDm,sens_thai_19_21_rr2_body2_wick0.35_atrMin50,97,47.42268041237113,1.384004691240734,4.4933333135058815,-1.8957753793056715,4.632302385057628,0.18529209540230504,0.19715447154471544,-75.9896499267842,17,9,52.94117647058824,175.50907740247294,4,"{'strategy': 'momentum', 'variant': 'sens_thai_19_21_rr2_body2_wick0.35_atrMin50', 'initial_balance': 10000.0, 'risk_pct': 0.0025, 'fee_rate': 0.0001, 'spread_atr_mult': 0.03, 'slippage_min_spread': 0.3, 'slippage_max_spread': 1.0, 'max_trades_per_day': 3, 'daily_loss_limit_pct': 0.03, 'max_hold_minutes': 720, 'seed': 42, 'sweep_lookback': 20, 'wick_body_min': 1.5, 'atr_percentile_min': 30.0, 'sweep_rr': 2.0, 'sl_atr_buffer': 0.1, 'use_m1_confirmation': False, 'session': 'ny', 'adx_min': 18.0, 'momentum_rr': 2.0, 'use_atr_expansion': False, 'body_mult': 2.0, 'max_wick_pct': 0.35, 'momentum_sl_atr_mult': 1.0, 'session_hours_utc': None, 'close_extreme_pct': None, 'ema_extension_atr_max': None, 'use_m15_ema_trend': False, 'use_m15_ema200_filter': False, 'momentum_atr_percentile_min': 50.0, 'momentum_atr_percentile_max': None, 'session_ranges_utc_minutes': ((720, 840),), 'entry_mode': 'next_m5'}",20.087392849790096,0.15025508836524265,0.03243637307657614,True
sensitivity,XAUUSDm,sens_thai_19_21_rr1.8_body2.2_wick0.45_atrMin45,98,48.97959183673469,1.3827669648930216,4.420962099761909,-2.6668874243608856,4.511185816083658,0.18044743264334628,0.1991869918699187,-145.2569309600068,17,12,70.58823529411765,179.9506864090363,6,"{'strategy': 'momentum', 'variant': 'sens_thai_19_21_rr1.8_body2.2_wick0.45_atrMin45', 'initial_balance': 10000.0, 'risk_pct': 0.0025, 'fee_rate': 0.0001, 'spread_atr_mult': 0.03, 'slippage_min_spread': 0.3, 'slippage_max_spread': 1.0, 'max_trades_per_day': 3, 'daily_loss_limit_pct': 0.03, 'max_hold_minutes': 720, 'seed': 42, 'sweep_lookback': 20, 'wick_body_min': 1.5, 'atr_percentile_min': 30.0, 'sweep_rr': 2.0, 'sl_atr_buffer': 0.1, 'use_m1_confirmation': False, 'session': 'ny', 'adx_min': 18.0, 'momentum_rr': 1.8, 'use_atr_expansion': False, 'body_mult': 2.2, 'max_wick_pct': 0.45, 'momentum_sl_atr_mult': 1.0, 'session_hours_utc': None, 'close_extreme_pct': None, 'ema_extension_atr_max': None, 'use_m15_ema_trend': False, 'use_m15_ema200_filter': False, 'momentum_atr_percentile_min': 45.0, 'momentum_atr_percentile_max': None, 'session_ranges_utc_minutes': ((720, 840),), 'entry_mode': 'next_m5'}",20.450960825384048,0.15335249999999978,0.03399383360651086,True
sensitivity,XAUUSDm,sens_thai_19_21_rr1.8_body2.2_wick0.45_atrMin40,98,48.97959183673469,1.3825893604076918,4.419085643597081,-2.6668874243608856,4.509271064895073,0.1803708425958029,0.1991869918699187,-145.2569309600068,17,12,70.58823529411765,179.9506864090363,6,"{'strategy': 'momentum', 'variant': 'sens_thai_19_21_rr1.8_body2.2_wick0.45_atrMin40', 'initial_balance': 10000.0, 'risk_pct': 0.0025, 'fee_rate': 0.0001, 'spread_atr_mult': 0.03, 'slippage_min_spread': 0.3, 'slippage_max_spread': 1.0, 'max_trades_per_day': 3, 'daily_loss_limit_pct': 0.03, 'max_hold_minutes': 720, 'seed': 42, 'sweep_lookback': 20, 'wick_body_min': 1.5, 'atr_percentile_min': 30.0, 'sweep_rr': 2.0, 'sl_atr_buffer': 0.1, 'use_m1_confirmation': False, 'session': 'ny', 'adx_min': 18.0, 'momentum_rr': 1.8, 'use_atr_expansion': False, 'body_mult': 2.2, 'max_wick_pct': 0.45, 'momentum_sl_atr_mult': 1.0, 'session_hours_utc': None, 'close_extreme_pct': None, 'ema_extension_atr_max': None, 'use_m15_ema_trend': False, 'use_m15_ema200_filter': False, 'momentum_atr_percentile_min': 40.0, 'momentum_atr_percentile_max': None, 'session_ranges_utc_minutes': ((720, 840),), 'entry_mode': 'next_m5'}",20.43711325959036,0.1529957798833817,0.03392916009739631,True
sensitivity,XAUUSDm,sens_thai_19_21_rr2_body2_wick0.45_atrMin35,105,46.666666666666664,1.382187913572086,4.885613799137955,-2.7531842303504956,4.652965522988529,0.18611862091954118,0.21341463414634146,-145.49094433007323,17,11,64.70588235294117,175.37428408243852,7,"{'strategy': 'momentum', 'variant': 'sens_thai_19_21_rr2_body2_wick0.45_atrMin35', 'initial_balance': 10000.0, 'risk_pct': 0.0025, 'fee_rate': 0.0001, 'spread_atr_mult': 0.03, 'slippage_min_spread': 0.3, 'slippage_max_spread': 1.0, 'max_trades_per_day': 3, 'daily_loss_limit_pct': 0.03, 'max_hold_minutes': 720, 'seed': 42, 'sweep_lookback': 20, 'wick_body_min': 1.5, 'atr_percentile_min': 30.0, 'sweep_rr': 2.0, 'sl_atr_buffer': 0.1, 'use_m1_confirmation': False, 'session': 'ny', 'adx_min': 18.0, 'momentum_rr': 2.0, 'use_atr_expansion': False, 'body_mult': 2.0, 'max_wick_pct': 0.45, 'momentum_sl_atr_mult': 1.0, 'session_hours_utc': None, 'close_extreme_pct': None, 'ema_extension_atr_max': None, 'use_m15_ema_trend': False, 'use_m15_ema200_filter': False, 'momentum_atr_percentile_min': 35.0, 'momentum_atr_percentile_max': None, 'session_ranges_utc_minutes': ((720, 840),), 'entry_mode': 'next_m5'}",19.62976970122042,0.14767122448979567,0.031737012397837126,True
sensitivity,XAUUSDm,sens_thai_19_21_rr1.7_body2.2_wick0.45_atrMin35,100,50.0,1.3812497976191163,4.409114996000917,-2.792686410720663,4.409114996000973,0.1763645998400389,0.2032520325203252,-145.2569309600068,17,12,70.58823529411765,195.6835624332989,6,"{'strategy': 'momentum', 'variant': 'sens_thai_19_21_rr1.7_body2.2_wick0.45_atrMin35', 'initial_balance': 10000.0, 'risk_pct': 0.0025, 'fee_rate': 0.0001, 'spread_atr_mult': 0.03, 'slippage_min_spread': 0.3, 'slippage_max_spread': 1.0, 'max_trades_per_day': 3, 'daily_loss_limit_pct': 0.03, 'max_hold_minutes': 720, 'seed': 42, 'sweep_lookback': 20, 'wick_body_min': 1.5, 'atr_percentile_min': 30.0, 'sweep_rr': 2.0, 'sl_atr_buffer': 0.1, 'use_m1_confirmation': False, 'session': 'ny', 'adx_min': 18.0, 'momentum_rr': 1.7, 'use_atr_expansion': False, 'body_mult': 2.2, 'max_wick_pct': 0.45, 'momentum_sl_atr_mult': 1.0, 'session_hours_utc': None, 'close_extreme_pct': None, 'ema_extension_atr_max': None, 'use_m15_ema_trend': False, 'use_m15_ema200_filter': False, 'momentum_atr_percentile_min': 35.0, 'momentum_atr_percentile_max': None, 'session_ranges_utc_minutes': ((720, 840),), 'entry_mode': 'next_m5'}",20.326937782836108,0.15111473571428552,0.03427325797838006,True
sensitivity,XAUUSDm,sens_thai_19_21_rr1.7_body2.2_wick0.4_atrMin45,97,49.48453608247423,1.3810660256186411,4.276107152071582,-2.808837097147639,4.4083578887335815,0.17633431554934326,0.19715447154471544,-145.2569309600068,17,12,70.58823529411765,195.59076933900923,7,"{'strategy': 'momentum', 'variant': 'sens_thai_19_21_rr1.7_body2.2_wick0.4_atrMin45', 'initial_balance': 10000.0, 'risk_pct': 0.0025, 'fee_rate': 0.0001, 'spread_atr_mult': 0.03, 'slippage_min_spread': 0.3, 'slippage_max_spread': 1.0, 'max_trades_per_day': 3, 'daily_loss_limit_pct': 0.03, 'max_hold_minutes': 720, 'seed': 42, 'sweep_lookback': 20, 'wick_body_min': 1.5, 'atr_percentile_min': 30.0, 'sweep_rr': 2.0, 'sl_atr_buffer': 0.1, 'use_m1_confirmation': False, 'session': 'ny', 'adx_min': 18.0, 'momentum_rr': 1.7, 'use_atr_expansion': False, 'body_mult': 2.2, 'max_wick_pct': 0.4, 'momentum_sl_atr_mult': 1.0, 'session_hours_utc': None, 'close_extreme_pct': None, 'ema_extension_atr_max': None, 'use_m15_ema_trend': False, 'use_m15_ema200_filter': False, 'momentum_atr_percentile_min': 45.0, 'momentum_atr_percentile_max': None, 'session_ranges_utc_minutes': ((720, 840),), 'entry_mode': 'next_m5'}",20.48154553338145,0.15337577319587603,0.03479204208620578,True
sensitivity,XAUUSDm,sens_thai_19_21_rr1.7_body2.2_wick0.4_atrMin40,97,49.48453608247423,1.3808828563578097,4.274227170449394,-2.808837097147639,4.406419763349891,0.17625679053399562,0.19715447154471544,-145.2569309600068,17,12,70.58823529411765,195.59076933900923,7,"{'strategy': 'momentum', 'variant': 'sens_thai_19_21_rr1.7_body2.2_wick0.4_atrMin40', 'initial_balance': 10000.0, 'risk_pct': 0.0025, 'fee_rate': 0.0001, 'spread_atr_mult': 0.03, 'slippage_min_spread': 0.3, 'slippage_max_spread': 1.0, 'max_trades_per_day': 3, 'daily_loss_limit_pct': 0.03, 'max_hold_minutes': 720, 'seed': 42, 'sweep_lookback': 20, 'wick_body_min': 1.5, 'atr_percentile_min': 30.0, 'sweep_rr': 2.0, 'sl_atr_buffer': 0.1, 'use_m1_confirmation': False, 'session': 'ny', 'adx_min': 18.0, 'momentum_rr': 1.7, 'use_atr_expansion': False, 'body_mult': 2.2, 'max_wick_pct': 0.4, 'momentum_sl_atr_mult': 1.0, 'session_hours_utc': None, 'close_extreme_pct': None, 'ema_extension_atr_max': None, 'use_m15_ema_trend': False, 'use_m15_ema200_filter': False, 'momentum_atr_percentile_min': 40.0, 'momentum_atr_percentile_max': None, 'session_ranges_utc_minutes': ((720, 840),), 'entry_mode': 'next_m5'}",20.46750793861753,0.15301537555228248,0.034725555841270024,True
sensitivity,XAUUSDm,sens_thai_19_21_rr1.7_body2_wick0.4_atrMin50,101,49.504950495049506,1.378865295748665,4.370493282475364,-1.8593322356731254,4.3272210717577835,0.17308884287031132,0.20528455284552846,-77.99936915675782,17,11,64.70588235294117,139.9033478640158,6,"{'strategy': 'momentum', 'variant': 'sens_thai_19_21_rr1.7_body2_wick0.4_atrMin50', 'initial_balance': 10000.0, 'risk_pct': 0.0025, 'fee_rate': 0.0001, 'spread_atr_mult': 0.03, 'slippage_min_spread': 0.3, 'slippage_max_spread': 1.0, 'max_trades_per_day': 3, 'daily_loss_limit_pct': 0.03, 'max_hold_minutes': 720, 'seed': 42, 'sweep_lookback': 20, 'wick_body_min': 1.5, 'atr_percentile_min': 30.0, 'sweep_rr': 2.0, 'sl_atr_buffer': 0.1, 'use_m1_confirmation': False, 'session': 'ny', 'adx_min': 18.0, 'momentum_rr': 1.7, 'use_atr_expansion': False, 'body_mult': 2.0, 'max_wick_pct': 0.4, 'momentum_sl_atr_mult': 1.0, 'session_hours_utc': None, 'close_extreme_pct': None, 'ema_extension_atr_max': None, 'use_m15_ema_trend': False, 'use_m15_ema200_filter': False, 'momentum_atr_percentile_min': 50.0, 'momentum_atr_percentile_max': None, 'session_ranges_utc_minutes': ((720, 840),), 'entry_mode': 'next_m5'}",20.384819093609895,0.15140970297029663,0.034990054924277696,True
sensitivity,XAUUSDm,sens_thai_19_21_rr1.7_body1.8_wick0.35_atrMin35,109,49.54128440366973,1.3784770343689952,4.82434871283047,-1.4030499037418218,4.426007993422426,0.177040319736897,0.22154471544715448,-76.03250044345405,17,11,64.70588235294117,179.73306754971583,4,"{'strategy': 'momentum', 'variant': 'sens_thai_19_21_rr1.7_body1.8_wick0.35_atrMin35', 'initial_balance': 10000.0, 'risk_pct': 0.0025, 'fee_rate': 0.0001, 'spread_atr_mult': 0.03, 'slippage_min_spread': 0.3, 'slippage_max_spread': 1.0, 'max_trades_per_day': 3, 'daily_loss_limit_pct': 0.03, 'max_hold_minutes': 720, 'seed': 42, 'sweep_lookback': 20, 'wick_body_min': 1.5, 'atr_percentile_min': 30.0, 'sweep_rr': 2.0, 'sl_atr_buffer': 0.1, 'use_m1_confirmation': False, 'session': 'ny', 'adx_min': 18.0, 'momentum_rr': 1.7, 'use_atr_expansion': False, 'body_mult': 1.8, 'max_wick_pct': 0.35, 'momentum_sl_atr_mult': 1.0, 'session_hours_utc': None, 'close_extreme_pct': None, 'ema_extension_atr_max': None, 'use_m15_ema_trend': False, 'use_m15_ema200_filter': False, 'momentum_atr_percentile_min': 35.0, 'momentum_atr_percentile_max': None, 'session_ranges_utc_minutes': ((720, 840),), 'entry_mode': 'next_m5'}",19.86543010652517,0.15163319134993414,0.034259583709581876,True
sensitivity,XAUUSDm,sens_thai_19_2030_rr1.6_body1.8_wick0.45_atrMin35,78,52.56410256410257,1.376723508459116,3.3857751244050633,-1.2764528445517807,4.340737338980894,0.17362949355923576,0.15853658536585366,-77.5967976513087,16,11,68.75,95.30347386541223,5,"{'strategy': 'momentum', 'variant': 'sens_thai_19_2030_rr1.6_body1.8_wick0.45_atrMin35', 'initial_balance': 10000.0, 'risk_pct': 0.0025, 'fee_rate': 0.0001, 'spread_atr_mult': 0.03, 'slippage_min_spread': 0.3, 'slippage_max_spread': 1.0, 'max_trades_per_day': 3, 'daily_loss_limit_pct': 0.03, 'max_hold_minutes': 720, 'seed': 42, 'sweep_lookback': 20, 'wick_body_min': 1.5, 'atr_percentile_min': 30.0, 'sweep_rr': 2.0, 'sl_atr_buffer': 0.1, 'use_m1_confirmation': False, 'session': 'ny', 'adx_min': 18.0, 'momentum_rr': 1.6, 'use_atr_expansion': False, 'body_mult': 1.8, 'max_wick_pct': 0.45, 'momentum_sl_atr_mult': 1.0, 'session_hours_utc': None, 'close_extreme_pct': None, 'ema_extension_atr_max': None, 'use_m15_ema_trend': False, 'use_m15_ema200_filter': False, 'momentum_atr_percentile_min': 35.0, 'momentum_atr_percentile_max': None, 'session_ranges_utc_minutes': ((720, 810),), 'entry_mode': 'next_m5'}",19.185719778999502,0.1499868406593405,0.03455330948325797,True
sensitivity,XAUUSDm,sens_thai_19_2030_rr1.6_body2_wick0.4_atrMin50,67,52.23880597014925,1.376430683083684,2.8356966436611946,-1.0329548684100525,4.2323830502406565,0.16929532200962627,0.13617886178861788,-77.5948242338759,16,12,75.0,58.895517756166456,5,"{'strategy': 'momentum', 'variant': 'sens_thai_19_2030_rr1.6_body2_wick0.4_atrMin50', 'initial_balance': 10000.0, 'risk_pct': 0.0025, 'fee_rate': 0.0001, 'spread_atr_mult': 0.03, 'slippage_min_spread': 0.3, 'slippage_max_spread': 1.0, 'max_trades_per_day': 3, 'daily_loss_limit_pct': 0.03, 'max_hold_minutes': 720, 'seed': 42, 'sweep_lookback': 20, 'wick_body_min': 1.5, 'atr_percentile_min': 30.0, 'sweep_rr': 2.0, 'sl_atr_buffer': 0.1, 'use_m1_confirmation': False, 'session': 'ny', 'adx_min': 18.0, 'momentum_rr': 1.6, 'use_atr_expansion': False, 'body_mult': 2.0, 'max_wick_pct': 0.4, 'momentum_sl_atr_mult': 1.0, 'session_hours_utc': None, 'close_extreme_pct': None, 'ema_extension_atr_max': None, 'use_m15_ema_trend': False, 'use_m15_ema200_filter': False, 'momentum_atr_percentile_min': 50.0, 'momentum_atr_percentile_max': None, 'session_ranges_utc_minutes': ((720, 810),), 'entry_mode': 'next_m5'}",19.60958830553233,0.14798289978678006,0.034964439189492935,False
sensitivity,XAUUSDm,sens_thai_19_2030_rr1.7_body2.2_wick0.35_atrMin50,61,50.81967213114754,1.3746269802556048,2.650204217236169,-0.9282733445431676,4.344597077436381,0.1737838830974552,0.12398373983739837,-77.5981789933033,16,12,75.0,66.39576775616597,4,"{'strategy': 'momentum', 'variant': 'sens_thai_19_2030_rr1.7_body2.2_wick0.35_atrMin50', 'initial_balance': 10000.0, 'risk_pct': 0.0025, 'fee_rate': 0.0001, 'spread_atr_mult': 0.03, 'slippage_min_spread': 0.3, 'slippage_max_spread': 1.0, 'max_trades_per_day': 3, 'daily_loss_limit_pct': 0.03, 'max_hold_minutes': 720, 'seed': 42, 'sweep_lookback': 20, 'wick_body_min': 1.5, 'atr_percentile_min': 30.0, 'sweep_rr': 2.0, 'sl_atr_buffer': 0.1, 'use_m1_confirmation': False, 'session': 'ny', 'adx_min': 18.0, 'momentum_rr': 1.7, 'use_atr_expansion': False, 'body_mult': 2.2, 'max_wick_pct': 0.35, 'momentum_sl_atr_mult': 1.0, 'session_hours_utc': None, 'close_extreme_pct': None, 'ema_extension_atr_max': None, 'use_m15_ema_trend': False, 'use_m15_ema200_filter': False, 'momentum_atr_percentile_min': 50.0, 'momentum_atr_percentile_max': None, 'session_ranges_utc_minutes': ((720, 810),), 'entry_mode': 'next_m5'}",19.91162279465408,0.14989176814988273,0.03450072940672543,False
sensitivity,XAUUSDm,sens_thai_19_2030_rr1.9_body2.2_wick0.4_atrMin50,61,49.18032786885246,1.3740837692869046,2.806908819677319,-1.6145396736693378,4.601489868323525,0.18405959473294103,0.12398373983739837,-93.604209984154,16,12,75.0,84.50918567072718,5,"{'strategy': 'momentum', 'variant': 'sens_thai_19_2030_rr1.9_body2.2_wick0.4_atrMin50', 'initial_balance': 10000.0, 'risk_pct': 0.0025, 'fee_rate': 0.0001, 'spread_atr_mult': 0.03, 'slippage_min_spread': 0.3, 'slippage_max_spread': 1.0, 'max_trades_per_day': 3, 'daily_loss_limit_pct': 0.03, 'max_hold_minutes': 720, 'seed': 42, 'sweep_lookback': 20, 'wick_body_min': 1.5, 'atr_percentile_min': 30.0, 'sweep_rr': 2.0, 'sl_atr_buffer': 0.1, 'use_m1_confirmation': False, 'session': 'ny', 'adx_min': 18.0, 'momentum_rr': 1.9, 'use_atr_expansion': False, 'body_mult': 2.2, 'max_wick_pct': 0.4, 'momentum_sl_atr_mult': 1.0, 'session_hours_utc': None, 'close_extreme_pct': None, 'ema_extension_atr_max': None, 'use_m15_ema_trend': False, 'use_m15_ema200_filter': False, 'momentum_atr_percentile_min': 50.0, 'momentum_atr_percentile_max': None, 'session_ranges_utc_minutes': ((720, 810),), 'entry_mode': 'next_m5'}",19.18618351072629,0.14632018735362984,0.03179843736284029,False
sensitivity,XAUUSDm,sens_thai_19_2030_rr1.7_body2.2_wick0.4_atrMin35,67,50.74626865671642,1.3739902984808123,2.985196288093248,-1.9706832607893348,4.455516847900346,0.17822067391601384,0.13617886178861788,-93.55087831960687,16,12,75.0,102.79115453472957,6,"{'strategy': 'momentum', 'variant': 'sens_thai_19_2030_rr1.7_body2.2_wick0.4_atrMin35', 'initial_balance': 10000.0, 'risk_pct': 0.0025, 'fee_rate': 0.0001, 'spread_atr_mult': 0.03, 'slippage_min_spread': 0.3, 'slippage_max_spread': 1.0, 'max_trades_per_day': 3, 'daily_loss_limit_pct': 0.03, 'max_hold_minutes': 720, 'seed': 42, 'sweep_lookback': 20, 'wick_body_min': 1.5, 'atr_percentile_min': 30.0, 'sweep_rr': 2.0, 'sl_atr_buffer': 0.1, 'use_m1_confirmation': False, 'session': 'ny', 'adx_min': 18.0, 'momentum_rr': 1.7, 'use_atr_expansion': False, 'body_mult': 2.2, 'max_wick_pct': 0.4, 'momentum_sl_atr_mult': 1.0, 'session_hours_utc': None, 'close_extreme_pct': None, 'ema_extension_atr_max': None, 'use_m15_ema_trend': False, 'use_m15_ema200_filter': False, 'momentum_atr_percentile_min': 35.0, 'momentum_atr_percentile_max': None, 'session_ranges_utc_minutes': ((720, 810),), 'entry_mode': 'next_m5'}",19.572379664585412,0.14800423240938157,0.03321819610650295,False
sensitivity,XAUUSDm,sens_thai_19_2030_rr1.7_body1.8_wick0.45_atrMin35,78,51.28205128205128,1.371559729942038,3.4357101244051043,-1.2826388917108693,4.404756569750119,0.1761902627900048,0.15853658536585366,-77.5967976513087,16,10,62.5,102.80322386541229,5,"{'strategy': 'momentum', 'variant': 'sens_thai_19_2030_rr1.7_body1.8_wick0.45_atrMin35', 'initial_balance': 10000.0, 'risk_pct': 0.0025, 'fee_rate': 0.0001, 'spread_atr_mult': 0.03, 'slippage_min_spread': 0.3, 'slippage_max_spread': 1.0, 'max_trades_per_day': 3, 'daily_loss_limit_pct': 0.03, 'max_hold_minutes': 720, 'seed': 42, 'sweep_lookback': 20, 'wick_body_min': 1.5, 'atr_percentile_min': 30.0, 'sweep_rr': 2.0, 'sl_atr_buffer': 0.1, 'use_m1_confirmation': False, 'session': 'ny', 'adx_min': 18.0, 'momentum_rr': 1.7, 'use_atr_expansion': False, 'body_mult': 1.8, 'max_wick_pct': 0.45, 'momentum_sl_atr_mult': 1.0, 'session_hours_utc': None, 'close_extreme_pct': None, 'ema_extension_atr_max': None, 'use_m15_ema_trend': False, 'use_m15_ema200_filter': False, 'momentum_atr_percentile_min': 35.0, 'momentum_atr_percentile_max': None, 'session_ranges_utc_minutes': ((720, 810),), 'entry_mode': 'next_m5'}",19.185719778999502,0.1499868406593405,0.03405110777049122,True
sensitivity,XAUUSDm,sens_thai_19_21_rr2_body2_wick0.35_atrMin45,100,47.0,1.3700452551661422,4.503935685136202,-1.7734958786356658,4.503935685136164,0.18015742740544652,0.2032520325203252,-83.0380033621988,17,10,58.82352941176471,175.4181191471272,4,"{'strategy': 'momentum', 'variant': 'sens_thai_19_21_rr2_body2_wick0.35_atrMin45', 'initial_balance': 10000.0, 'risk_pct': 0.0025, 'fee_rate': 0.0001, 'spread_atr_mult': 0.03, 'slippage_min_spread': 0.3, 'slippage_max_spread': 1.0, 'max_trades_per_day': 3, 'daily_loss_limit_pct': 0.03, 'max_hold_minutes': 720, 'seed': 42, 'sweep_lookback': 20, 'wick_body_min': 1.5, 'atr_percentile_min': 30.0, 'sweep_rr': 2.0, 'sl_atr_buffer': 0.1, 'use_m1_confirmation': False, 'session': 'ny', 'adx_min': 18.0, 'momentum_rr': 2.0, 'use_atr_expansion': False, 'body_mult': 2.0, 'max_wick_pct': 0.35, 'momentum_sl_atr_mult': 1.0, 'session_hours_utc': None, 'close_extreme_pct': None, 'ema_extension_atr_max': None, 'use_m15_ema_trend': False, 'use_m15_ema200_filter': False, 'momentum_atr_percentile_min': 45.0, 'momentum_atr_percentile_max': None, 'session_ranges_utc_minutes': ((720, 840),), 'entry_mode': 'next_m5'}",19.819088638711897,0.1498126714285711,0.0332626133901026,True
sensitivity,XAUUSDm,sens_thai_19_21_rr2_body2_wick0.35_atrMin40,100,47.0,1.369876394597271,4.502052124781639,-1.7734958786356658,4.502052124781611,0.18008208499126444,0.2032520325203252,-83.0380033621988,17,10,58.82352941176471,175.4181191471272,4,"{'strategy': 'momentum', 'variant': 'sens_thai_19_21_rr2_body2_wick0.35_atrMin40', 'initial_balance': 10000.0, 'risk_pct': 0.0025, 'fee_rate': 0.0001, 'spread_atr_mult': 0.03, 'slippage_min_spread': 0.3, 'slippage_max_spread': 1.0, 'max_trades_per_day': 3, 'daily_loss_limit_pct': 0.03, 'max_hold_minutes': 720, 'seed': 42, 'sweep_lookback': 20, 'wick_body_min': 1.5, 'atr_percentile_min': 30.0, 'sweep_rr': 2.0, 'sl_atr_buffer': 0.1, 'use_m1_confirmation': False, 'session': 'ny', 'adx_min': 18.0, 'momentum_rr': 2.0, 'use_atr_expansion': False, 'body_mult': 2.0, 'max_wick_pct': 0.35, 'momentum_sl_atr_mult': 1.0, 'session_hours_utc': None, 'close_extreme_pct': None, 'ema_extension_atr_max': None, 'use_m15_ema_trend': False, 'use_m15_ema200_filter': False, 'momentum_atr_percentile_min': 40.0, 'momentum_atr_percentile_max': None, 'session_ranges_utc_minutes': ((720, 840),), 'entry_mode': 'next_m5'}",19.805425100892595,0.14946308571428538,0.03319887943801531,True
sensitivity,XAUUSDm,sens_thai_19_2030_rr1.6_body1.8_wick0.4_atrMin35,77,51.94805194805194,1.3685885630812382,3.315001562327343,-1.2927119852385458,4.305196834191404,0.17220787336765622,0.1565040650406504,-77.5992877566892,16,11,68.75,95.27187630291672,6,"{'strategy': 'momentum', 'variant': 'sens_thai_19_2030_rr1.6_body1.8_wick0.4_atrMin35', 'initial_balance': 10000.0, 'risk_pct': 0.0025, 'fee_rate': 0.0001, 'spread_atr_mult': 0.03, 'slippage_min_spread': 0.3, 'slippage_max_spread': 1.0, 'max_trades_per_day': 3, 'daily_loss_limit_pct': 0.03, 'max_hold_minutes': 720, 'seed': 42, 'sweep_lookback': 20, 'wick_body_min': 1.5, 'atr_percentile_min': 30.0, 'sweep_rr': 2.0, 'sl_atr_buffer': 0.1, 'use_m1_confirmation': False, 'session': 'ny', 'adx_min': 18.0, 'momentum_rr': 1.6, 'use_atr_expansion': False, 'body_mult': 1.8, 'max_wick_pct': 0.4, 'momentum_sl_atr_mult': 1.0, 'session_hours_utc': None, 'close_extreme_pct': None, 'ema_extension_atr_max': None, 'use_m15_ema_trend': False, 'use_m15_ema200_filter': False, 'momentum_atr_percentile_min': 35.0, 'momentum_atr_percentile_max': None, 'session_ranges_utc_minutes': ((720, 810),), 'entry_mode': 'next_m5'}",19.11889836867612,0.1494532374768087,0.03471461195220329,True
sensitivity,XAUUSDm,sens_thai_19_21_rr1.7_body2_wick0.45_atrMin45,107,49.532710280373834,1.3682534868742022,4.521987920092543,-2.065596458975193,4.226156934665965,0.16904627738663855,0.21747967479674796,-77.98419433007345,17,10,58.82352941176471,195.7230817884625,6,"{'strategy': 'momentum', 'variant': 'sens_thai_19_21_rr1.7_body2_wick0.45_atrMin45', 'initial_balance': 10000.0, 'risk_pct': 0.0025, 'fee_rate': 0.0001, 'spread_atr_mult': 0.03, 'slippage_min_spread': 0.3, 'slippage_max_spread': 1.0, 'max_trades_per_day': 3, 'daily_loss_limit_pct': 0.03, 'max_hold_minutes': 720, 'seed': 42, 'sweep_lookback': 20, 'wick_body_min': 1.5, 'atr_percentile_min': 30.0, 'sweep_rr': 2.0, 'sl_atr_buffer': 0.1, 'use_m1_confirmation': False, 'session': 'ny', 'adx_min': 18.0, 'momentum_rr': 1.7, 'use_atr_expansion': False, 'body_mult': 2.0, 'max_wick_pct': 0.45, 'momentum_sl_atr_mult': 1.0, 'session_hours_utc': None, 'close_extreme_pct': None, 'ema_extension_atr_max': None, 'use_m15_ema_trend': False, 'use_m15_ema200_filter': False, 'momentum_atr_percentile_min': 45.0, 'momentum_atr_percentile_max': None, 'session_ranges_utc_minutes': ((720, 840),), 'entry_mode': 'next_m5'}",20.09477166362171,0.15082986648865127,0.03568960377487091,True
sensitivity,XAUUSDm,sens_thai_19_21_rr1.7_body2_wick0.45_atrMin40,107,49.532710280373834,1.3680867498363087,4.520108800609487,-2.065596458975193,4.224400748233199,0.16897602992932795,0.21747967479674796,-77.98419433007345,17,10,58.82352941176471,195.7230817884625,6,"{'strategy': 'momentum', 'variant': 'sens_thai_19_21_rr1.7_body2_wick0.45_atrMin40', 'initial_balance': 10000.0, 'risk_pct': 0.0025, 'fee_rate': 0.0001, 'spread_atr_mult': 0.03, 'slippage_min_spread': 0.3, 'slippage_max_spread': 1.0, 'max_trades_per_day': 3, 'daily_loss_limit_pct': 0.03, 'max_hold_minutes': 720, 'seed': 42, 'sweep_lookback': 20, 'wick_body_min': 1.5, 'atr_percentile_min': 30.0, 'sweep_rr': 2.0, 'sl_atr_buffer': 0.1, 'use_m1_confirmation': False, 'session': 'ny', 'adx_min': 18.0, 'momentum_rr': 1.7, 'use_atr_expansion': False, 'body_mult': 2.0, 'max_wick_pct': 0.45, 'momentum_sl_atr_mult': 1.0, 'session_hours_utc': None, 'close_extreme_pct': None, 'ema_extension_atr_max': None, 'use_m15_ema_trend': False, 'use_m15_ema200_filter': False, 'momentum_atr_percentile_min': 40.0, 'momentum_atr_percentile_max': None, 'session_ranges_utc_minutes': ((720, 840),), 'entry_mode': 'next_m5'}",20.0821649527783,0.15050315086782345,0.03562710070316351,True
sensitivity,XAUUSDm,sens_thai_19_21_rr1.6_body2_wick0.4_atrMin50,101,50.495049504950494,1.367876965180331,4.1455357824753625,-1.57778379078162,4.104490873738015,0.16417963494952056,0.20528455284552846,-80.49961915675782,17,12,70.58823529411765,132.40259786401555,6,"{'strategy': 'momentum', 'variant': 'sens_thai_19_21_rr1.6_body2_wick0.4_atrMin50', 'initial_balance': 10000.0, 'risk_pct': 0.0025, 'fee_rate': 0.0001, 'spread_atr_mult': 0.03, 'slippage_min_spread': 0.3, 'slippage_max_spread': 1.0, 'max_trades_per_day': 3, 'daily_loss_limit_pct': 0.03, 'max_hold_minutes': 720, 'seed': 42, 'sweep_lookback': 20, 'wick_body_min': 1.5, 'atr_percentile_min': 30.0, 'sweep_rr': 2.0, 'sl_atr_buffer': 0.1, 'use_m1_confirmation': False, 'session': 'ny', 'adx_min': 18.0, 'momentum_rr': 1.6, 'use_atr_expansion': False, 'body_mult': 2.0, 'max_wick_pct': 0.4, 'momentum_sl_atr_mult': 1.0, 'session_hours_utc': None, 'close_extreme_pct': None, 'ema_extension_atr_max': None, 'use_m15_ema_trend': False, 'use_m15_ema200_filter': False, 'momentum_atr_percentile_min': 50.0, 'momentum_atr_percentile_max': None, 'session_ranges_utc_minutes': ((720, 840),), 'entry_mode': 'next_m5'}",20.384819093609895,0.15140970297029663,0.036888790261191594,True
sensitivity,XAUUSDm,sens_thai_19_21_rr1.9_body1.8_wick0.4_atrMin50,106,47.16981132075472,1.3656506746758077,4.727624568392676,-1.91647090722795,4.460023177728878,0.1784009271091551,0.21544715447154472,-76.01825508753784,17,11,64.70588235294117,193.74959264335192,6,"{'strategy': 'momentum', 'variant': 'sens_thai_19_21_rr1.9_body1.8_wick0.4_atrMin50', 'initial_balance': 10000.0, 'risk_pct': 0.0025, 'fee_rate': 0.0001, 'spread_atr_mult': 0.03, 'slippage_min_spread': 0.3, 'slippage_max_spread': 1.0, 'max_trades_per_day': 3, 'daily_loss_limit_pct': 0.03, 'max_hold_minutes': 720, 'seed': 42, 'sweep_lookback': 20, 'wick_body_min': 1.5, 'atr_percentile_min': 30.0, 'sweep_rr': 2.0, 'sl_atr_buffer': 0.1, 'use_m1_confirmation': False, 'session': 'ny', 'adx_min': 18.0, 'momentum_rr': 1.9, 'use_atr_expansion': False, 'body_mult': 1.8, 'max_wick_pct': 0.4, 'momentum_sl_atr_mult': 1.0, 'session_hours_utc': None, 'close_extreme_pct': None, 'ema_extension_atr_max': None, 'use_m15_ema_trend': False, 'use_m15_ema200_filter': False, 'momentum_atr_percentile_min': 50.0, 'momentum_atr_percentile_max': None, 'session_ranges_utc_minutes': ((720, 840),), 'entry_mode': 'next_m5'}",19.86408442797618,0.1520862735849053,0.03409988413162245,True
sensitivity,XAUUSDm,sens_thai_19_21_rr1.9_body1.8_wick0.4_atrMin35,109,46.788990825688074,1.3655774771794131,4.963246758088662,-2.8384393271223076,4.553437392741895,0.1821374957096758,0.22154471544715448,-145.3918345539566,17,11,64.70588235294117,193.82520627156822,8,"{'strategy': 'momentum', 'variant': 'sens_thai_19_21_rr1.9_body1.8_wick0.4_atrMin35', 'initial_balance': 10000.0, 'risk_pct': 0.0025, 'fee_rate': 0.0001, 'spread_atr_mult': 0.03, 'slippage_min_spread': 0.3, 'slippage_max_spread': 1.0, 'max_trades_per_day': 3, 'daily_loss_limit_pct': 0.03, 'max_hold_minutes': 720, 'seed': 42, 'sweep_lookback': 20, 'wick_body_min': 1.5, 'atr_percentile_min': 30.0, 'sweep_rr': 2.0, 'sl_atr_buffer': 0.1, 'use_m1_confirmation': False, 'session': 'ny', 'adx_min': 18.0, 'momentum_rr': 1.9, 'use_atr_expansion': False, 'body_mult': 1.8, 'max_wick_pct': 0.4, 'momentum_sl_atr_mult': 1.0, 'session_hours_utc': None, 'close_extreme_pct': None, 'ema_extension_atr_max': None, 'use_m15_ema_trend': False, 'use_m15_ema200_filter': False, 'momentum_atr_percentile_min': 35.0, 'momentum_atr_percentile_max': None, 'session_ranges_utc_minutes': ((720, 840),), 'entry_mode': 'next_m5'}",19.471943071211964,0.14970184796854494,0.03287666768124829,True
sensitivity,XAUUSDm,sens_thai_19_2030_rr1.7_body1.8_wick0.35_atrMin50,71,50.70422535211267,1.364086294003998,3.038522585251958,-0.8721954680992605,4.27960927500271,0.17118437100010844,0.1443089430894309,-77.5988783890476,16,12,75.0,98.8424486273138,5,"{'strategy': 'momentum', 'variant': 'sens_thai_19_2030_rr1.7_body1.8_wick0.35_atrMin50', 'initial_balance': 10000.0, 'risk_pct': 0.0025, 'fee_rate': 0.0001, 'spread_atr_mult': 0.03, 'slippage_min_spread': 0.3, 'slippage_max_spread': 1.0, 'max_trades_per_day': 3, 'daily_loss_limit_pct': 0.03, 'max_hold_minutes': 720, 'seed': 42, 'sweep_lookback': 20, 'wick_body_min': 1.5, 'atr_percentile_min': 30.0, 'sweep_rr': 2.0, 'sl_atr_buffer': 0.1, 'use_m1_confirmation': False, 'session': 'ny', 'adx_min': 18.0, 'momentum_rr': 1.7, 'use_atr_expansion': False, 'body_mult': 1.8, 'max_wick_pct': 0.35, 'momentum_sl_atr_mult': 1.0, 'session_hours_utc': None, 'close_extreme_pct': None, 'ema_extension_atr_max': None, 'use_m15_ema_trend': False, 'use_m15_ema200_filter': False, 'momentum_atr_percentile_min': 50.0, 'momentum_atr_percentile_max': None, 'session_ranges_utc_minutes': ((720, 810),), 'entry_mode': 'next_m5'}",19.369580515040347,0.15119737424547253,0.035329714590679955,True
sensitivity,XAUUSDm,sens_thai_19_2030_rr1.7_body1.8_wick0.4_atrMin35,77,50.649350649350644,1.3636562889002282,3.3649365623273844,-1.298970255332513,4.370047483542053,0.17480189934168217,0.1565040650406504,-77.5992877566892,16,10,62.5,102.7716263029162,6,"{'strategy': 'momentum', 'variant': 'sens_thai_19_2030_rr1.7_body1.8_wick0.4_atrMin35', 'initial_balance': 10000.0, 'risk_pct': 0.0025, 'fee_rate': 0.0001, 'spread_atr_mult': 0.03, 'slippage_min_spread': 0.3, 'slippage_max_spread': 1.0, 'max_trades_per_day': 3, 'daily_loss_limit_pct': 0.03, 'max_hold_minutes': 720, 'seed': 42, 'sweep_lookback': 20, 'wick_body_min': 1.5, 'atr_percentile_min': 30.0, 'sweep_rr': 2.0, 'sl_atr_buffer': 0.1, 'use_m1_confirmation': False, 'session': 'ny', 'adx_min': 18.0, 'momentum_rr': 1.7, 'use_atr_expansion': False, 'body_mult': 1.8, 'max_wick_pct': 0.4, 'momentum_sl_atr_mult': 1.0, 'session_hours_utc': None, 'close_extreme_pct': None, 'ema_extension_atr_max': None, 'use_m15_ema_trend': False, 'use_m15_ema200_filter': False, 'momentum_atr_percentile_min': 35.0, 'momentum_atr_percentile_max': None, 'session_ranges_utc_minutes': ((720, 810),), 'entry_mode': 'next_m5'}",19.11889836867612,0.1494532374768087,0.03419945390517185,True
sensitivity,XAUUSDm,sens_thai_19_2030_rr1.7_body2_wick0.45_atrMin50,68,51.470588235294116,1.3635298453908047,2.83062682745458,-1.023114239250088,4.1626865109626525,0.1665074604385062,0.13821138211382114,-77.59625972049197,16,12,75.0,66.39576775616597,4,"{'strategy': 'momentum', 'variant': 'sens_thai_19_2030_rr1.7_body2_wick0.45_atrMin50', 'initial_balance': 10000.0, 'risk_pct': 0.0025, 'fee_rate': 0.0001, 'spread_atr_mult': 0.03, 'slippage_min_spread': 0.3, 'slippage_max_spread': 1.0, 'max_trades_per_day': 3, 'daily_loss_limit_pct': 0.03, 'max_hold_minutes': 720, 'seed': 42, 'sweep_lookback': 20, 'wick_body_min': 1.5, 'atr_percentile_min': 30.0, 'sweep_rr': 2.0, 'sl_atr_buffer': 0.1, 'use_m1_confirmation': False, 'session': 'ny', 'adx_min': 18.0, 'momentum_rr': 1.7, 'use_atr_expansion': False, 'body_mult': 2.0, 'max_wick_pct': 0.45, 'momentum_sl_atr_mult': 1.0, 'session_hours_utc': None, 'close_extreme_pct': None, 'ema_extension_atr_max': None, 'use_m15_ema_trend': False, 'use_m15_ema200_filter': False, 'momentum_atr_percentile_min': 50.0, 'momentum_atr_percentile_max': None, 'session_ranges_utc_minutes': ((720, 810),), 'entry_mode': 'next_m5'}",19.68051482905527,0.1486165966386552,0.0357020871610835,False
sensitivity,XAUUSDm,sens_thai_19_21_rr1.6_body1.8_wick0.35_atrMin35,109,50.45871559633027,1.3605338580905186,4.4993962128304155,-1.0918184349250866,4.1278864337894134,0.16511545735157648,0.22154471544715448,-76.03250044345405,17,12,70.58823529411765,164.73256754971567,4,"{'strategy': 'momentum', 'variant': 'sens_thai_19_21_rr1.6_body1.8_wick0.35_atrMin35', 'initial_balance': 10000.0, 'risk_pct': 0.0025, 'fee_rate': 0.0001, 'spread_atr_mult': 0.03, 'slippage_min_spread': 0.3, 'slippage_max_spread': 1.0, 'max_trades_per_day': 3, 'daily_loss_limit_pct': 0.03, 'max_hold_minutes': 720, 'seed': 42, 'sweep_lookback': 20, 'wick_body_min': 1.5, 'atr_percentile_min': 30.0, 'sweep_rr': 2.0, 'sl_atr_buffer': 0.1, 'use_m1_confirmation': False, 'session': 'ny', 'adx_min': 18.0, 'momentum_rr': 1.6, 'use_atr_expansion': False, 'body_mult': 1.8, 'max_wick_pct': 0.35, 'momentum_sl_atr_mult': 1.0, 'session_hours_utc': None, 'close_extreme_pct': None, 'ema_extension_atr_max': None, 'use_m15_ema_trend': False, 'use_m15_ema200_filter': False, 'momentum_atr_percentile_min': 35.0, 'momentum_atr_percentile_max': None, 'session_ranges_utc_minutes': ((720, 840),), 'entry_mode': 'next_m5'}",19.86543010652517,0.15163319134993414,0.03673385733403871,True
sensitivity,XAUUSDm,sens_thai_19_21_rr1.7_body2.2_wick0.4_atrMin50,94,48.93617021276596,1.3545641193914455,3.8405044859299418,-2.9492339262763005,4.085643070138178,0.1634257228055271,0.1910569105691057,-145.2723622312632,17,11,64.70588235294117,139.99489375471057,6,"{'strategy': 'momentum', 'variant': 'sens_thai_19_21_rr1.7_body2.2_wick0.4_atrMin50', 'initial_balance': 10000.0, 'risk_pct': 0.0025, 'fee_rate': 0.0001, 'spread_atr_mult': 0.03, 'slippage_min_spread': 0.3, 'slippage_max_spread': 1.0, 'max_trades_per_day': 3, 'daily_loss_limit_pct': 0.03, 'max_hold_minutes': 720, 'seed': 42, 'sweep_lookback': 20, 'wick_body_min': 1.5, 'atr_percentile_min': 30.0, 'sweep_rr': 2.0, 'sl_atr_buffer': 0.1, 'use_m1_confirmation': False, 'session': 'ny', 'adx_min': 18.0, 'momentum_rr': 1.7, 'use_atr_expansion': False, 'body_mult': 2.2, 'max_wick_pct': 0.4, 'momentum_sl_atr_mult': 1.0, 'session_hours_utc': None, 'close_extreme_pct': None, 'ema_extension_atr_max': None, 'use_m15_ema_trend': False, 'use_m15_ema200_filter': False, 'momentum_atr_percentile_min': 50.0, 'momentum_atr_percentile_max': None, 'session_ranges_utc_minutes': ((720, 840),), 'entry_mode': 'next_m5'}",20.778980266538593,0.15394602583586597,0.037679754005202286,True
sensitivity,XAUUSDm,sens_thai_19_2030_rr1.7_body2_wick0.4_atrMin50,67,50.74626865671642,1.35427186452845,2.7606291436612445,-1.0391363003676797,4.120342005464584,0.1648136802185834,0.13617886178861788,-77.5948242338759,16,12,75.0,66.39576775616597,5,"{'strategy': 'momentum', 'variant': 'sens_thai_19_2030_rr1.7_body2_wick0.4_atrMin50', 'initial_balance': 10000.0, 'risk_pct': 0.0025, 'fee_rate': 0.0001, 'spread_atr_mult': 0.03, 'slippage_min_spread': 0.3, 'slippage_max_spread': 1.0, 'max_trades_per_day': 3, 'daily_loss_limit_pct': 0.03, 'max_hold_minutes': 720, 'seed': 42, 'sweep_lookback': 20, 'wick_body_min': 1.5, 'atr_percentile_min': 30.0, 'sweep_rr': 2.0, 'sl_atr_buffer': 0.1, 'use_m1_confirmation': False, 'session': 'ny', 'adx_min': 18.0, 'momentum_rr': 1.7, 'use_atr_expansion': False, 'body_mult': 2.0, 'max_wick_pct': 0.4, 'momentum_sl_atr_mult': 1.0, 'session_hours_utc': None, 'close_extreme_pct': None, 'ema_extension_atr_max': None, 'use_m15_ema_trend': False, 'use_m15_ema200_filter': False, 'momentum_atr_percentile_min': 50.0, 'momentum_atr_percentile_max': None, 'session_ranges_utc_minutes': ((720, 810),), 'entry_mode': 'next_m5'}",19.60958830553233,0.14798289978678006,0.03591519820211974,False
sensitivity,XAUUSDm,sens_thai_19_2030_rr1.8_body1.8_wick0.45_atrMin45,76,50.0,1.3526866160883204,3.261024765591046,-1.2796004763063522,4.290822059988259,0.17163288239953037,0.15447154471544716,-77.60009646182955,16,9,56.25,112.20197637067533,5,"{'strategy': 'momentum', 'variant': 'sens_thai_19_2030_rr1.8_body1.8_wick0.45_atrMin45', 'initial_balance': 10000.0, 'risk_pct': 0.0025, 'fee_rate': 0.0001, 'spread_atr_mult': 0.03, 'slippage_min_spread': 0.3, 'slippage_max_spread': 1.0, 'max_trades_per_day': 3, 'daily_loss_limit_pct': 0.03, 'max_hold_minutes': 720, 'seed': 42, 'sweep_lookback': 20, 'wick_body_min': 1.5, 'atr_percentile_min': 30.0, 'sweep_rr': 2.0, 'sl_atr_buffer': 0.1, 'use_m1_confirmation': False, 'session': 'ny', 'adx_min': 18.0, 'momentum_rr': 1.8, 'use_atr_expansion': False, 'body_mult': 1.8, 'max_wick_pct': 0.45, 'momentum_sl_atr_mult': 1.0, 'session_hours_utc': None, 'close_extreme_pct': None, 'ema_extension_atr_max': None, 'use_m15_ema_trend': False, 'use_m15_ema200_filter': False, 'momentum_atr_percentile_min': 45.0, 'momentum_atr_percentile_max': None, 'session_ranges_utc_minutes': ((720, 810),), 'entry_mode': 'next_m5'}",19.12082412746974,0.15076860902255618,0.035137464782906594,True
sensitivity,XAUUSDm,sens_thai_19_21_rr1.8_body2.2_wick0.45_atrMin50,95,48.421052631578945,1.3525056420256347,3.9343856304475775,-2.8324989906255804,4.141458558365863,0.16565834233463447,0.19308943089430894,-145.2723622312632,17,12,70.58823529411765,150.41300456849794,5,"{'strategy': 'momentum', 'variant': 'sens_thai_19_21_rr1.8_body2.2_wick0.45_atrMin50', 'initial_balance': 10000.0, 'risk_pct': 0.0025, 'fee_rate': 0.0001, 'spread_atr_mult': 0.03, 'slippage_min_spread': 0.3, 'slippage_max_spread': 1.0, 'max_trades_per_day': 3, 'daily_loss_limit_pct': 0.03, 'max_hold_minutes': 720, 'seed': 42, 'sweep_lookback': 20, 'wick_body_min': 1.5, 'atr_percentile_min': 30.0, 'sweep_rr': 2.0, 'sl_atr_buffer': 0.1, 'use_m1_confirmation': False, 'session': 'ny', 'adx_min': 18.0, 'momentum_rr': 1.8, 'use_atr_expansion': False, 'body_mult': 2.2, 'max_wick_pct': 0.45, 'momentum_sl_atr_mult': 1.0, 'session_hours_utc': None, 'close_extreme_pct': None, 'ema_extension_atr_max': None, 'use_m15_ema_trend': False, 'use_m15_ema200_filter': False, 'momentum_atr_percentile_min': 50.0, 'momentum_atr_percentile_max': None, 'session_ranges_utc_minutes': ((720, 840),), 'entry_mode': 'next_m5'}",20.74466620380222,0.15391601503759372,0.037164687964021524,True
sensitivity,XAUUSDm,sens_thai_19_2030_rr1.8_body1.8_wick0.45_atrMin40,76,50.0,1.3524656750269648,3.25914431001871,-1.2796004763063522,4.288347776340477,0.17153391105361912,0.15447154471544716,-77.60009646182955,16,9,56.25,112.20197637067533,5,"{'strategy': 'momentum', 'variant': 'sens_thai_19_2030_rr1.8_body1.8_wick0.45_atrMin40', 'initial_balance': 10000.0, 'risk_pct': 0.0025, 'fee_rate': 0.0001, 'spread_atr_mult': 0.03, 'slippage_min_spread': 0.3, 'slippage_max_spread': 1.0, 'max_trades_per_day': 3, 'daily_loss_limit_pct': 0.03, 'max_hold_minutes': 720, 'seed': 42, 'sweep_lookback': 20, 'wick_body_min': 1.5, 'atr_percentile_min': 30.0, 'sweep_rr': 2.0, 'sl_atr_buffer': 0.1, 'use_m1_confirmation': False, 'session': 'ny', 'adx_min': 18.0, 'momentum_rr': 1.8, 'use_atr_expansion': False, 'body_mult': 1.8, 'max_wick_pct': 0.45, 'momentum_sl_atr_mult': 1.0, 'session_hours_utc': None, 'close_extreme_pct': None, 'ema_extension_atr_max': None, 'use_m15_ema_trend': False, 'use_m15_ema200_filter': False, 'momentum_atr_percentile_min': 40.0, 'momentum_atr_percentile_max': None, 'session_ranges_utc_minutes': ((720, 810),), 'entry_mode': 'next_m5'}",19.10291731926692,0.15030862781954865,0.03505047530165958,True
sensitivity,XAUUSDm,sens_thai_19_2030_rr1.8_body2.2_wick0.45_atrMin45,65,50.76923076923077,1.3505324234810356,2.7920697735895192,-1.9031799086813774,4.295491959368626,0.171819678374745,0.13211382113821138,-93.55087831960687,16,11,68.75,137.88261198605068,5,"{'strategy': 'momentum', 'variant': 'sens_thai_19_2030_rr1.8_body2.2_wick0.45_atrMin45', 'initial_balance': 10000.0, 'risk_pct': 0.0025, 'fee_rate': 0.0001, 'spread_atr_mult': 0.03, 'slippage_min_spread': 0.3, 'slippage_max_spread': 1.0, 'max_trades_per_day': 3, 'daily_loss_limit_pct': 0.03, 'max_hold_minutes': 720, 'seed': 42, 'sweep_lookback': 20, 'wick_body_min': 1.5, 'atr_percentile_min': 30.0, 'sweep_rr': 2.0, 'sl_atr_buffer': 0.1, 'use_m1_confirmation': False, 'session': 'ny', 'adx_min': 18.0, 'momentum_rr': 1.8, 'use_atr_expansion': False, 'body_mult': 2.2, 'max_wick_pct': 0.45, 'momentum_sl_atr_mult': 1.0, 'session_hours_utc': None, 'close_extreme_pct': None, 'ema_extension_atr_max': None, 'use_m15_ema_trend': False, 'use_m15_ema200_filter': False, 'momentum_atr_percentile_min': 45.0, 'momentum_atr_percentile_max': None, 'session_ranges_utc_minutes': ((720, 810),), 'entry_mode': 'next_m5'}",19.391736897749503,0.1485766483516482,0.0345889713581228,False
sensitivity,XAUUSDm,sens_thai_19_2030_rr1.8_body2.2_wick0.45_atrMin40,65,50.76923076923077,1.3502762898828848,2.7901900518929326,-1.9031799086813774,4.2926000798354025,0.1717040031934161,0.13211382113821138,-93.55087831960687,16,11,68.75,137.88261198605068,5,"{'strategy': 'momentum', 'variant': 'sens_thai_19_2030_rr1.8_body2.2_wick0.45_atrMin40', 'initial_balance': 10000.0, 'risk_pct': 0.0025, 'fee_rate': 0.0001, 'spread_atr_mult': 0.03, 'slippage_min_spread': 0.3, 'slippage_max_spread': 1.0, 'max_trades_per_day': 3, 'daily_loss_limit_pct': 0.03, 'max_hold_minutes': 720, 'seed': 42, 'sweep_lookback': 20, 'wick_body_min': 1.5, 'atr_percentile_min': 30.0, 'sweep_rr': 2.0, 'sl_atr_buffer': 0.1, 'use_m1_confirmation': False, 'session': 'ny', 'adx_min': 18.0, 'momentum_rr': 1.8, 'use_atr_expansion': False, 'body_mult': 2.2, 'max_wick_pct': 0.45, 'momentum_sl_atr_mult': 1.0, 'session_hours_utc': None, 'close_extreme_pct': None, 'ema_extension_atr_max': None, 'use_m15_ema_trend': False, 'use_m15_ema200_filter': False, 'momentum_atr_percentile_min': 40.0, 'momentum_atr_percentile_max': None, 'session_ranges_utc_minutes': ((720, 810),), 'entry_mode': 'next_m5'}",19.370964339696556,0.148038824175824,0.03448698257991471,False
sensitivity,XAUUSDm,sens_thai_19_21_rr1.6_body2.2_wick0.4_atrMin50,94,50.0,1.3493287798125895,3.690549485930005,-2.4061757317516834,3.926116474393527,0.15704465897574107,0.1910569105691057,-145.2723622312632,17,12,70.58823529411765,132.49414375471065,6,"{'strategy': 'momentum', 'variant': 'sens_thai_19_21_rr1.6_body2.2_wick0.4_atrMin50', 'initial_balance': 10000.0, 'risk_pct': 0.0025, 'fee_rate': 0.0001, 'spread_atr_mult': 0.03, 'slippage_min_spread': 0.3, 'slippage_max_spread': 1.0, 'max_trades_per_day': 3, 'daily_loss_limit_pct': 0.03, 'max_hold_minutes': 720, 'seed': 42, 'sweep_lookback': 20, 'wick_body_min': 1.5, 'atr_percentile_min': 30.0, 'sweep_rr': 2.0, 'sl_atr_buffer': 0.1, 'use_m1_confirmation': False, 'session': 'ny', 'adx_min': 18.0, 'momentum_rr': 1.6, 'use_atr_expansion': False, 'body_mult': 2.2, 'max_wick_pct': 0.4, 'momentum_sl_atr_mult': 1.0, 'session_hours_utc': None, 'close_extreme_pct': None, 'ema_extension_atr_max': None, 'use_m15_ema_trend': False, 'use_m15_ema200_filter': False, 'momentum_atr_percentile_min': 50.0, 'momentum_atr_percentile_max': None, 'session_ranges_utc_minutes': ((720, 840),), 'entry_mode': 'next_m5'}",20.778980266538593,0.15394602583586597,0.03921076382728718,True
sensitivity,XAUUSDm,sens_thai_19_21_rr1.8_body1.8_wick0.4_atrMin35,110,47.27272727272727,1.3464844037153738,4.645788855920328,-2.2248672570873937,4.223444414473025,0.16893777657892098,0.22357723577235772,-76.02714186711498,17,10,58.82352941176471,178.82470627156846,7,"{'strategy': 'momentum', 'variant': 'sens_thai_19_21_rr1.8_body1.8_wick0.4_atrMin35', 'initial_balance': 10000.0, 'risk_pct': 0.0025, 'fee_rate': 0.0001, 'spread_atr_mult': 0.03, 'slippage_min_spread': 0.3, 'slippage_max_spread': 1.0, 'max_trades_per_day': 3, 'daily_loss_limit_pct': 0.03, 'max_hold_minutes': 720, 'seed': 42, 'sweep_lookback': 20, 'wick_body_min': 1.5, 'atr_percentile_min': 30.0, 'sweep_rr': 2.0, 'sl_atr_buffer': 0.1, 'use_m1_confirmation': False, 'session': 'ny', 'adx_min': 18.0, 'momentum_rr': 1.8, 'use_atr_expansion': False, 'body_mult': 1.8, 'max_wick_pct': 0.4, 'momentum_sl_atr_mult': 1.0, 'session_hours_utc': None, 'close_extreme_pct': None, 'ema_extension_atr_max': None, 'use_m15_ema_trend': False, 'use_m15_ema200_filter': False, 'momentum_atr_percentile_min': 35.0, 'momentum_atr_percentile_max': None, 'session_ranges_utc_minutes': ((720, 840),), 'entry_mode': 'next_m5'}",19.88422813201284,0.15146518831168798,0.035862952947277475,True
sensitivity,XAUUSDm,sens_thai_19_21_rr1.7_body1.8_wick0.35_atrMin45,108,49.074074074074076,1.3461592241768776,4.412220598302265,-1.4030499037418218,4.085389442872481,0.16341557771489917,0.21951219512195122,-76.0544748552494,17,11,64.70588235294117,179.73306754971583,4,"{'strategy': 'momentum', 'variant': 'sens_thai_19_21_rr1.7_body1.8_wick0.35_atrMin45', 'initial_balance': 10000.0, 'risk_pct': 0.0025, 'fee_rate': 0.0001, 'spread_atr_mult': 0.03, 'slippage_min_spread': 0.3, 'slippage_max_spread': 1.0, 'max_trades_per_day': 3, 'daily_loss_limit_pct': 0.03, 'max_hold_minutes': 720, 'seed': 42, 'sweep_lookback': 20, 'wick_body_min': 1.5, 'atr_percentile_min': 30.0, 'sweep_rr': 2.0, 'sl_atr_buffer': 0.1, 'use_m1_confirmation': False, 'session': 'ny', 'adx_min': 18.0, 'momentum_rr': 1.7, 'use_atr_expansion': False, 'body_mult': 1.8, 'max_wick_pct': 0.35, 'momentum_sl_atr_mult': 1.0, 'session_hours_utc': None, 'close_extreme_pct': None, 'ema_extension_atr_max': None, 'use_m15_ema_trend': False, 'use_m15_ema200_filter': False, 'momentum_atr_percentile_min': 45.0, 'momentum_atr_percentile_max': None, 'session_ranges_utc_minutes': ((720, 840),), 'entry_mode': 'next_m5'}",19.85537588146614,0.15297904761904724,0.03744540141355191,True
sensitivity,XAUUSDm,sens_thai_19_21_rr1.7_body1.8_wick0.35_atrMin40,108,49.074074074074076,1.3459988456549319,4.410336421836746,-1.4030499037418218,4.08364483503402,0.16334579340136074,0.21951219512195122,-76.0544748552494,17,11,64.70588235294117,179.73306754971583,4,"{'strategy': 'momentum', 'variant': 'sens_thai_19_21_rr1.7_body1.8_wick0.35_atrMin40', 'initial_balance': 10000.0, 'risk_pct': 0.0025, 'fee_rate': 0.0001, 'spread_atr_mult': 0.03, 'slippage_min_spread': 0.3, 'slippage_max_spread': 1.0, 'max_trades_per_day': 3, 'daily_loss_limit_pct': 0.03, 'max_hold_minutes': 720, 'seed': 42, 'sweep_lookback': 20, 'wick_body_min': 1.5, 'atr_percentile_min': 30.0, 'sweep_rr': 2.0, 'sl_atr_buffer': 0.1, 'use_m1_confirmation': False, 'session': 'ny', 'adx_min': 18.0, 'momentum_rr': 1.7, 'use_atr_expansion': False, 'body_mult': 1.8, 'max_wick_pct': 0.35, 'momentum_sl_atr_mult': 1.0, 'session_hours_utc': None, 'close_extreme_pct': None, 'ema_extension_atr_max': None, 'use_m15_ema_trend': False, 'use_m15_ema200_filter': False, 'momentum_atr_percentile_min': 40.0, 'momentum_atr_percentile_max': None, 'session_ranges_utc_minutes': ((720, 840),), 'entry_mode': 'next_m5'}",19.842817318332354,0.15265535714285677,0.03738213368440133,True
sensitivity,XAUUSDm,sens_thai_19_21_rr1.7_body2.2_wick0.45_atrMin45,99,49.494949494949495,1.345930964986245,4.000503574914819,-2.792686410720663,4.040912701934212,0.16163650807736846,0.20121951219512196,-145.2569309600068,17,12,70.58823529411765,195.68778706373263,6,"{'strategy': 'momentum', 'variant': 'sens_thai_19_21_rr1.7_body2.2_wick0.45_atrMin45', 'initial_balance': 10000.0, 'risk_pct': 0.0025, 'fee_rate': 0.0001, 'spread_atr_mult': 0.03, 'slippage_min_spread': 0.3, 'slippage_max_spread': 1.0, 'max_trades_per_day': 3, 'daily_loss_limit_pct': 0.03, 'max_hold_minutes': 720, 'seed': 42, 'sweep_lookback': 20, 'wick_body_min': 1.5, 'atr_percentile_min': 30.0, 'sweep_rr': 2.0, 'sl_atr_buffer': 0.1, 'use_m1_confirmation': False, 'session': 'ny', 'adx_min': 18.0, 'momentum_rr': 1.7, 'use_atr_expansion': False, 'body_mult': 2.2, 'max_wick_pct': 0.45, 'momentum_sl_atr_mult': 1.0, 'session_hours_utc': None, 'close_extreme_pct': None, 'ema_extension_atr_max': None, 'use_m15_ema_trend': False, 'use_m15_ema200_filter': False, 'momentum_atr_percentile_min': 45.0, 'momentum_atr_percentile_max': None, 'session_ranges_utc_minutes': ((720, 840),), 'entry_mode': 'next_m5'}",20.32163505370575,0.1526063203463201,0.03776530987003852,True
sensitivity,XAUUSDm,sens_thai_19_21_rr1.7_body2.2_wick0.45_atrMin40,99,49.494949494949495,1.3457546280207193,3.998623593292632,-2.792686410720663,4.039013730598676,0.16156054922394705,0.20121951219512196,-145.2569309600068,17,12,70.58823529411765,195.68778706373263,6,"{'strategy': 'momentum', 'variant': 'sens_thai_19_21_rr1.7_body2.2_wick0.45_atrMin40', 'initial_balance': 10000.0, 'risk_pct': 0.0025, 'fee_rate': 0.0001, 'spread_atr_mult': 0.03, 'slippage_min_spread': 0.3, 'slippage_max_spread': 1.0, 'max_trades_per_day': 3, 'daily_loss_limit_pct': 0.03, 'max_hold_minutes': 720, 'seed': 42, 'sweep_lookback': 20, 'wick_body_min': 1.5, 'atr_percentile_min': 30.0, 'sweep_rr': 2.0, 'sl_atr_buffer': 0.1, 'use_m1_confirmation': False, 'session': 'ny', 'adx_min': 18.0, 'momentum_rr': 1.7, 'use_atr_expansion': False, 'body_mult': 2.2, 'max_wick_pct': 0.45, 'momentum_sl_atr_mult': 1.0, 'session_hours_utc': None, 'close_extreme_pct': None, 'ema_extension_atr_max': None, 'use_m15_ema_trend': False, 'use_m15_ema200_filter': False, 'momentum_atr_percentile_min': 40.0, 'momentum_atr_percentile_max': None, 'session_ranges_utc_minutes': ((720, 840),), 'entry_mode': 'next_m5'}",20.30788104671484,0.1522532034632032,0.03769563898972825,True
sensitivity,XAUUSDm,sens_thai_19_21_rr2_body1.8_wick0.35_atrMin35,106,46.22641509433962,1.345254576439379,4.5744350580568245,-2.0413485543669645,4.315504771751726,0.17262019087006902,0.21544715447154472,-95.8590312597194,17,11,64.70588235294117,196.88147353813633,4,"{'strategy': 'momentum', 'variant': 'sens_thai_19_21_rr2_body1.8_wick0.35_atrMin35', 'initial_balance': 10000.0, 'risk_pct': 0.0025, 'fee_rate': 0.0001, 'spread_atr_mult': 0.03, 'slippage_min_spread': 0.3, 'slippage_max_spread': 1.0, 'max_trades_per_day': 3, 'daily_loss_limit_pct': 0.03, 'max_hold_minutes': 720, 'seed': 42, 'sweep_lookback': 20, 'wick_body_min': 1.5, 'atr_percentile_min': 30.0, 'sweep_rr': 2.0, 'sl_atr_buffer': 0.1, 'use_m1_confirmation': False, 'session': 'ny', 'adx_min': 18.0, 'momentum_rr': 2.0, 'use_atr_expansion': False, 'body_mult': 1.8, 'max_wick_pct': 0.35, 'momentum_sl_atr_mult': 1.0, 'session_hours_utc': None, 'close_extreme_pct': None, 'ema_extension_atr_max': None, 'use_m15_ema_trend': False, 'use_m15_ema200_filter': False, 'momentum_atr_percentile_min': 35.0, 'momentum_atr_percentile_max': None, 'session_ranges_utc_minutes': ((720, 840),), 'entry_mode': 'next_m5'}",19.394132946040813,0.1499174797843663,0.0347392686866414,True
sensitivity,XAUUSDm,sens_thai_19_2030_rr1.8_body1.8_wick0.4_atrMin45,75,49.333333333333336,1.3448361234090713,3.190626070059461,-1.295899710748046,4.2541680934127,0.17016672373650796,0.1524390243902439,-77.59841762291197,16,9,56.25,112.26732615056129,6,"{'strategy': 'momentum', 'variant': 'sens_thai_19_2030_rr1.8_body1.8_wick0.4_atrMin45', 'initial_balance': 10000.0, 'risk_pct': 0.0025, 'fee_rate': 0.0001, 'spread_atr_mult': 0.03, 'slippage_min_spread': 0.3, 'slippage_max_spread': 1.0, 'max_trades_per_day': 3, 'daily_loss_limit_pct': 0.03, 'max_hold_minutes': 720, 'seed': 42, 'sweep_lookback': 20, 'wick_body_min': 1.5, 'atr_percentile_min': 30.0, 'sweep_rr': 2.0, 'sl_atr_buffer': 0.1, 'use_m1_confirmation': False, 'session': 'ny', 'adx_min': 18.0, 'momentum_rr': 1.8, 'use_atr_expansion': False, 'body_mult': 1.8, 'max_wick_pct': 0.4, 'momentum_sl_atr_mult': 1.0, 'session_hours_utc': None, 'close_extreme_pct': None, 'ema_extension_atr_max': None, 'use_m15_ema_trend': False, 'use_m15_ema200_filter': False, 'momentum_atr_percentile_min': 45.0, 'momentum_atr_percentile_max': None, 'session_ranges_utc_minutes': ((720, 810),), 'entry_mode': 'next_m5'}",19.049475647017196,0.15023119999999976,0.035313884336780885,True
sensitivity,XAUUSDm,sens_thai_19_2030_rr1.8_body1.8_wick0.4_atrMin40,75,49.333333333333336,1.3446157248685155,3.188745614487161,-1.295899710748046,4.25166081931628,0.1700664327726512,0.1524390243902439,-77.59841762291197,16,9,56.25,112.26732615056129,6,"{'strategy': 'momentum', 'variant': 'sens_thai_19_2030_rr1.8_body1.8_wick0.4_atrMin40', 'initial_balance': 10000.0, 'risk_pct': 0.0025, 'fee_rate': 0.0001, 'spread_atr_mult': 0.03, 'slippage_min_spread': 0.3, 'slippage_max_spread': 1.0, 'max_trades_per_day': 3, 'daily_loss_limit_pct': 0.03, 'max_hold_minutes': 720, 'seed': 42, 'sweep_lookback': 20, 'wick_body_min': 1.5, 'atr_percentile_min': 30.0, 'sweep_rr': 2.0, 'sl_atr_buffer': 0.1, 'use_m1_confirmation': False, 'session': 'ny', 'adx_min': 18.0, 'momentum_rr': 1.8, 'use_atr_expansion': False, 'body_mult': 1.8, 'max_wick_pct': 0.4, 'momentum_sl_atr_mult': 1.0, 'session_hours_utc': None, 'close_extreme_pct': None, 'ema_extension_atr_max': None, 'use_m15_ema_trend': False, 'use_m15_ema200_filter': False, 'momentum_atr_percentile_min': 40.0, 'momentum_atr_percentile_max': None, 'session_ranges_utc_minutes': ((720, 810),), 'entry_mode': 'next_m5'}",19.03133008137167,0.14976508571428546,0.03522507840556518,True
sensitivity,XAUUSDm,sens_thai_19_21_rr1.7_body2_wick0.45_atrMin50,104,49.03846153846153,1.3432625548589316,4.081223973601664,-1.8432417445628058,3.924253820770793,0.15697015283083168,0.21138211382113822,-77.99936915675782,17,11,64.70588235294117,139.9253369668991,5,"{'strategy': 'momentum', 'variant': 'sens_thai_19_21_rr1.7_body2_wick0.45_atrMin50', 'initial_balance': 10000.0, 'risk_pct': 0.0025, 'fee_rate': 0.0001, 'spread_atr_mult': 0.03, 'slippage_min_spread': 0.3, 'slippage_max_spread': 1.0, 'max_trades_per_day': 3, 'daily_loss_limit_pct': 0.03, 'max_hold_minutes': 720, 'seed': 42, 'sweep_lookback': 20, 'wick_body_min': 1.5, 'atr_percentile_min': 30.0, 'sweep_rr': 2.0, 'sl_atr_buffer': 0.1, 'use_m1_confirmation': False, 'session': 'ny', 'adx_min': 18.0, 'momentum_rr': 1.7, 'use_atr_expansion': False, 'body_mult': 2.0, 'max_wick_pct': 0.45, 'momentum_sl_atr_mult': 1.0, 'session_hours_utc': None, 'close_extreme_pct': None, 'ema_extension_atr_max': None, 'use_m15_ema_trend': False, 'use_m15_ema200_filter': False, 'momentum_atr_percentile_min': 50.0, 'momentum_atr_percentile_max': None, 'session_ranges_utc_minutes': ((720, 840),), 'entry_mode': 'next_m5'}",20.349851586295635,0.1512718475274722,0.038547926417705505,True
sensitivity,XAUUSDm,sens_thai_19_2030_rr1.8_body2.2_wick0.4_atrMin45,65,49.23076923076923,1.3396525654811309,2.710951826296714,-1.9193093421284102,4.17069511737968,0.16682780469518718,0.13211382113821138,-93.55087831960687,16,11,68.75,137.88261198605068,6,"{'strategy': 'momentum', 'variant': 'sens_thai_19_2030_rr1.8_body2.2_wick0.4_atrMin45', 'initial_balance': 10000.0, 'risk_pct': 0.0025, 'fee_rate': 0.0001, 'spread_atr_mult': 0.03, 'slippage_min_spread': 0.3, 'slippage_max_spread': 1.0, 'max_trades_per_day': 3, 'daily_loss_limit_pct': 0.03, 'max_hold_minutes': 720, 'seed': 42, 'sweep_lookback': 20, 'wick_body_min': 1.5, 'atr_percentile_min': 30.0, 'sweep_rr': 2.0, 'sl_atr_buffer': 0.1, 'use_m1_confirmation': False, 'session': 'ny', 'adx_min': 18.0, 'momentum_rr': 1.8, 'use_atr_expansion': False, 'body_mult': 2.2, 'max_wick_pct': 0.4, 'momentum_sl_atr_mult': 1.0, 'session_hours_utc': None, 'close_extreme_pct': None, 'ema_extension_atr_max': None, 'use_m15_ema_trend': False, 'use_m15_ema200_filter': False, 'momentum_atr_percentile_min': 45.0, 'momentum_atr_percentile_max': None, 'session_ranges_utc_minutes': ((720, 810),), 'entry_mode': 'next_m5'}",19.50506419183693,0.14885729670329656,0.0356912439087178,False
sensitivity,XAUUSDm,sens_thai_19_2030_rr1.8_body2.2_wick0.4_atrMin40,65,49.23076923076923,1.339397579850538,2.709072104600127,-1.9193093421284102,4.1678032378464565,0.16671212951385828,0.13211382113821138,-93.55087831960687,16,11,68.75,137.88261198605068,6,"{'strategy': 'momentum', 'variant': 'sens_thai_19_2030_rr1.8_body2.2_wick0.4_atrMin40', 'initial_balance': 10000.0, 'risk_pct': 0.0025, 'fee_rate': 0.0001, 'spread_atr_mult': 0.03, 'slippage_min_spread': 0.3, 'slippage_max_spread': 1.0, 'max_trades_per_day': 3, 'daily_loss_limit_pct': 0.03, 'max_hold_minutes': 720, 'seed': 42, 'sweep_lookback': 20, 'wick_body_min': 1.5, 'atr_percentile_min': 30.0, 'sweep_rr': 2.0, 'sl_atr_buffer': 0.1, 'use_m1_confirmation': False, 'session': 'ny', 'adx_min': 18.0, 'momentum_rr': 1.8, 'use_atr_expansion': False, 'body_mult': 2.2, 'max_wick_pct': 0.4, 'momentum_sl_atr_mult': 1.0, 'session_hours_utc': None, 'close_extreme_pct': None, 'ema_extension_atr_max': None, 'use_m15_ema_trend': False, 'use_m15_ema200_filter': False, 'momentum_atr_percentile_min': 40.0, 'momentum_atr_percentile_max': None, 'session_ranges_utc_minutes': ((720, 810),), 'entry_mode': 'next_m5'}",19.484291633783982,0.14831947252747238,0.03558696609778308,False
sensitivity,XAUUSDm,sens_thai_19_2030_rr1.6_body2.2_wick0.35_atrMin45,64,51.5625,1.3375832532881506,2.5192990074968837,-1.1222459310562047,3.93640469921378,0.15745618796855115,0.13008130081300814,-77.59423414755176,16,11,68.75,83.61122865125296,3,"{'strategy': 'momentum', 'variant': 'sens_thai_19_2030_rr1.6_body2.2_wick0.35_atrMin45', 'initial_balance': 10000.0, 'risk_pct': 0.0025, 'fee_rate': 0.0001, 'spread_atr_mult': 0.03, 'slippage_min_spread': 0.3, 'slippage_max_spread': 1.0, 'max_trades_per_day': 3, 'daily_loss_limit_pct': 0.03, 'max_hold_minutes': 720, 'seed': 42, 'sweep_lookback': 20, 'wick_body_min': 1.5, 'atr_percentile_min': 30.0, 'sweep_rr': 2.0, 'sl_atr_buffer': 0.1, 'use_m1_confirmation': False, 'session': 'ny', 'adx_min': 18.0, 'momentum_rr': 1.6, 'use_atr_expansion': False, 'body_mult': 2.2, 'max_wick_pct': 0.35, 'momentum_sl_atr_mult': 1.0, 'session_hours_utc': None, 'close_extreme_pct': None, 'ema_extension_atr_max': None, 'use_m15_ema_trend': False, 'use_m15_ema200_filter': False, 'momentum_atr_percentile_min': 45.0, 'momentum_atr_percentile_max': None, 'session_ranges_utc_minutes': ((720, 810),), 'entry_mode': 'next_m5'}",19.497375618505806,0.14921752232142843,0.03790705827356413,False
sensitivity,XAUUSDm,sens_thai_19_2030_rr1.6_body2.2_wick0.35_atrMin40,64,51.5625,1.3373100329540832,2.5174161162998097,-1.1222459310562047,3.9334626817183587,0.15733850726873433,0.13008130081300814,-77.59423414755176,16,11,68.75,83.61122865125296,3,"{'strategy': 'momentum', 'variant': 'sens_thai_19_2030_rr1.6_body2.2_wick0.35_atrMin40', 'initial_balance': 10000.0, 'risk_pct': 0.0025, 'fee_rate': 0.0001, 'spread_atr_mult': 0.03, 'slippage_min_spread': 0.3, 'slippage_max_spread': 1.0, 'max_trades_per_day': 3, 'daily_loss_limit_pct': 0.03, 'max_hold_minutes': 720, 'seed': 42, 'sweep_lookback': 20, 'wick_body_min': 1.5, 'atr_percentile_min': 30.0, 'sweep_rr': 2.0, 'sl_atr_buffer': 0.1, 'use_m1_confirmation': False, 'session': 'ny', 'adx_min': 18.0, 'momentum_rr': 1.6, 'use_atr_expansion': False, 'body_mult': 2.2, 'max_wick_pct': 0.35, 'momentum_sl_atr_mult': 1.0, 'session_hours_utc': None, 'close_extreme_pct': None, 'ema_extension_atr_max': None, 'use_m15_ema_trend': False, 'use_m15_ema200_filter': False, 'momentum_atr_percentile_min': 40.0, 'momentum_atr_percentile_max': None, 'session_ranges_utc_minutes': ((720, 810),), 'entry_mode': 'next_m5'}",19.476099617028694,0.14867129464285697,0.03779654382736102,False
sensitivity,XAUUSDm,sens_thai_19_2030_rr2_body2_wick0.45_atrMin50,67,49.25373134328358,1.3355804603245773,2.759646272101727,-1.8098677787687774,4.118875032987697,0.16475500131950788,0.13617886178861788,-119.39549538689592,16,11,68.75,89.55159594457787,5,"{'strategy': 'momentum', 'variant': 'sens_thai_19_2030_rr2_body2_wick0.45_atrMin50', 'initial_balance': 10000.0, 'risk_pct': 0.0025, 'fee_rate': 0.0001, 'spread_atr_mult': 0.03, 'slippage_min_spread': 0.3, 'slippage_max_spread': 1.0, 'max_trades_per_day': 3, 'daily_loss_limit_pct': 0.03, 'max_hold_minutes': 720, 'seed': 42, 'sweep_lookback': 20, 'wick_body_min': 1.5, 'atr_percentile_min': 30.0, 'sweep_rr': 2.0, 'sl_atr_buffer': 0.1, 'use_m1_confirmation': False, 'session': 'ny', 'adx_min': 18.0, 'momentum_rr': 2.0, 'use_atr_expansion': False, 'body_mult': 2.0, 'max_wick_pct': 0.45, 'momentum_sl_atr_mult': 1.0, 'session_hours_utc': None, 'close_extreme_pct': None, 'ema_extension_atr_max': None, 'use_m15_ema_trend': False, 'use_m15_ema200_filter': False, 'momentum_atr_percentile_min': 50.0, 'momentum_atr_percentile_max': None, 'session_ranges_utc_minutes': ((720, 810),), 'entry_mode': 'next_m5'}",19.013505903345923,0.14570536247334734,0.03537503840403176,False
sensitivity,XAUUSDm,sens_thai_19_21_rr1.9_body1.8_wick0.45_atrMin35,112,46.42857142857143,1.3354376326023676,4.672767269473624,-2.82271213674057,4.172113633458626,0.16688454533834512,0.22764227642276422,-145.3918345539566,17,11,64.70588235294117,193.82520627156822,7,"{'strategy': 'momentum', 'variant': 'sens_thai_19_21_rr1.9_body1.8_wick0.45_atrMin35', 'initial_balance': 10000.0, 'risk_pct': 0.0025, 'fee_rate': 0.0001, 'spread_atr_mult': 0.03, 'slippage_min_spread': 0.3, 'slippage_max_spread': 1.0, 'max_trades_per_day': 3, 'daily_loss_limit_pct': 0.03, 'max_hold_minutes': 720, 'seed': 42, 'sweep_lookback': 20, 'wick_body_min': 1.5, 'atr_percentile_min': 30.0, 'sweep_rr': 2.0, 'sl_atr_buffer': 0.1, 'use_m1_confirmation': False, 'session': 'ny', 'adx_min': 18.0, 'momentum_rr': 1.9, 'use_atr_expansion': False, 'body_mult': 1.8, 'max_wick_pct': 0.45, 'momentum_sl_atr_mult': 1.0, 'session_hours_utc': None, 'close_extreme_pct': None, 'ema_extension_atr_max': None, 'use_m15_ema_trend': False, 'use_m15_ema200_filter': False, 'momentum_atr_percentile_min': 35.0, 'momentum_atr_percentile_max': None, 'session_ranges_utc_minutes': ((720, 840),), 'entry_mode': 'next_m5'}",19.463193666969637,0.14961958545918344,0.03586181935681143,True
sensitivity,XAUUSDm,sens_thai_19_2030_rr1.9_body1.8_wick0.45_atrMin45,76,48.68421052631579,1.3352165379993897,3.18595226559104,-1.9429765865777306,4.192042454725066,0.1676816981890027,0.15447154471544716,-119.3108747119868,16,9,56.25,119.70222637067559,6,"{'strategy': 'momentum', 'variant': 'sens_thai_19_2030_rr1.9_body1.8_wick0.45_atrMin45', 'initial_balance': 10000.0, 'risk_pct': 0.0025, 'fee_rate': 0.0001, 'spread_atr_mult': 0.03, 'slippage_min_spread': 0.3, 'slippage_max_spread': 1.0, 'max_trades_per_day': 3, 'daily_loss_limit_pct': 0.03, 'max_hold_minutes': 720, 'seed': 42, 'sweep_lookback': 20, 'wick_body_min': 1.5, 'atr_percentile_min': 30.0, 'sweep_rr': 2.0, 'sl_atr_buffer': 0.1, 'use_m1_confirmation': False, 'session': 'ny', 'adx_min': 18.0, 'momentum_rr': 1.9, 'use_atr_expansion': False, 'body_mult': 1.8, 'max_wick_pct': 0.45, 'momentum_sl_atr_mult': 1.0, 'session_hours_utc': None, 'close_extreme_pct': None, 'ema_extension_atr_max': None, 'use_m15_ema_trend': False, 'use_m15_ema200_filter': False, 'momentum_atr_percentile_min': 45.0, 'momentum_atr_percentile_max': None, 'session_ranges_utc_minutes': ((720, 810),), 'entry_mode': 'next_m5'}",19.12082412746974,0.15076860902255618,0.035965429895066334,True
sensitivity,XAUUSDm,sens_thai_19_2030_rr1.9_body1.8_wick0.45_atrMin40,76,48.68421052631579,1.3350024395109263,3.1840718100187044,-1.9429765865777306,4.189568171077276,0.16758272684309106,0.15447154471544716,-119.3108747119868,16,9,56.25,119.70222637067559,6,"{'strategy': 'momentum', 'variant': 'sens_thai_19_2030_rr1.9_body1.8_wick0.45_atrMin40', 'initial_balance': 10000.0, 'risk_pct': 0.0025, 'fee_rate': 0.0001, 'spread_atr_mult': 0.03, 'slippage_min_spread': 0.3, 'slippage_max_spread': 1.0, 'max_trades_per_day': 3, 'daily_loss_limit_pct': 0.03, 'max_hold_minutes': 720, 'seed': 42, 'sweep_lookback': 20, 'wick_body_min': 1.5, 'atr_percentile_min': 30.0, 'sweep_rr': 2.0, 'sl_atr_buffer': 0.1, 'use_m1_confirmation': False, 'session': 'ny', 'adx_min': 18.0, 'momentum_rr': 1.9, 'use_atr_expansion': False, 'body_mult': 1.8, 'max_wick_pct': 0.45, 'momentum_sl_atr_mult': 1.0, 'session_hours_utc': None, 'close_extreme_pct': None, 'ema_extension_atr_max': None, 'use_m15_ema_trend': False, 'use_m15_ema200_filter': False, 'momentum_atr_percentile_min': 40.0, 'momentum_atr_percentile_max': None, 'session_ranges_utc_minutes': ((720, 810),), 'entry_mode': 'next_m5'}",19.10291731926692,0.15030862781954865,0.03587687839935526,True
sensitivity,XAUUSDm,sens_thai_19_21_rr1.9_body1.8_wick0.4_atrMin45,109,46.788990825688074,1.3348475552295394,4.5458887229864375,-2.8384393271223076,4.1705401128315875,0.16682160451326353,0.22154471544715448,-145.3918345539566,17,10,58.82352941176471,193.82520627156822,8,"{'strategy': 'momentum', 'variant': 'sens_thai_19_21_rr1.9_body1.8_wick0.4_atrMin45', 'initial_balance': 10000.0, 'risk_pct': 0.0025, 'fee_rate': 0.0001, 'spread_atr_mult': 0.03, 'slippage_min_spread': 0.3, 'slippage_max_spread': 1.0, 'max_trades_per_day': 3, 'daily_loss_limit_pct': 0.03, 'max_hold_minutes': 720, 'seed': 42, 'sweep_lookback': 20, 'wick_body_min': 1.5, 'atr_percentile_min': 30.0, 'sweep_rr': 2.0, 'sl_atr_buffer': 0.1, 'use_m1_confirmation': False, 'session': 'ny', 'adx_min': 18.0, 'momentum_rr': 1.9, 'use_atr_expansion': False, 'body_mult': 1.8, 'max_wick_pct': 0.4, 'momentum_sl_atr_mult': 1.0, 'session_hours_utc': None, 'close_extreme_pct': None, 'ema_extension_atr_max': None, 'use_m15_ema_trend': False, 'use_m15_ema200_filter': False, 'momentum_atr_percentile_min': 45.0, 'momentum_atr_percentile_max': None, 'session_ranges_utc_minutes': ((720, 840),), 'entry_mode': 'next_m5'}",19.623691309349713,0.15162998689383977,0.036357398032767184,True
sensitivity,XAUUSDm,sens_thai_19_21_rr1.9_body1.8_wick0.4_atrMin40,109,46.788990825688074,1.3346974803589216,4.5440058210057765,-2.8384393271223076,4.168812679821819,0.16675250719287282,0.22154471544715448,-145.3918345539566,17,10,58.82352941176471,193.82520627156822,8,"{'strategy': 'momentum', 'variant': 'sens_thai_19_21_rr1.9_body1.8_wick0.4_atrMin40', 'initial_balance': 10000.0, 'risk_pct': 0.0025, 'fee_rate': 0.0001, 'spread_atr_mult': 0.03, 'slippage_min_spread': 0.3, 'slippage_max_spread': 1.0, 'max_trades_per_day': 3, 'daily_loss_limit_pct': 0.03, 'max_hold_minutes': 720, 'seed': 42, 'sweep_lookback': 20, 'wick_body_min': 1.5, 'atr_percentile_min': 30.0, 'sweep_rr': 2.0, 'sl_atr_buffer': 0.1, 'use_m1_confirmation': False, 'session': 'ny', 'adx_min': 18.0, 'momentum_rr': 1.9, 'use_atr_expansion': False, 'body_mult': 1.8, 'max_wick_pct': 0.4, 'momentum_sl_atr_mult': 1.0, 'session_hours_utc': None, 'close_extreme_pct': None, 'ema_extension_atr_max': None, 'use_m15_ema_trend': False, 'use_m15_ema200_filter': False, 'momentum_atr_percentile_min': 40.0, 'momentum_atr_percentile_max': None, 'session_ranges_utc_minutes': ((720, 840),), 'entry_mode': 'next_m5'}",19.611246854910377,0.15130926605504552,0.03629553008880041,True
sensitivity,XAUUSDm,sens_thai_19_21_rr1.9_body1.8_wick0.45_atrMin50,109,46.788990825688074,1.3342930126215211,4.440432195611284,-1.9000968464292722,4.0737910051479105,0.16295164020591638,0.22154471544715448,-76.03250044345405,17,11,64.70588235294117,193.74959264335192,5,"{'strategy': 'momentum', 'variant': 'sens_thai_19_21_rr1.9_body1.8_wick0.45_atrMin50', 'initial_balance': 10000.0, 'risk_pct': 0.0025, 'fee_rate': 0.0001, 'spread_atr_mult': 0.03, 'slippage_min_spread': 0.3, 'slippage_max_spread': 1.0, 'max_trades_per_day': 3, 'daily_loss_limit_pct': 0.03, 'max_hold_minutes': 720, 'seed': 42, 'sweep_lookback': 20, 'wick_body_min': 1.5, 'atr_percentile_min': 30.0, 'sweep_rr': 2.0, 'sl_atr_buffer': 0.1, 'use_m1_confirmation': False, 'session': 'ny', 'adx_min': 18.0, 'momentum_rr': 1.9, 'use_atr_expansion': False, 'body_mult': 1.8, 'max_wick_pct': 0.45, 'momentum_sl_atr_mult': 1.0, 'session_hours_utc': None, 'close_extreme_pct': None, 'ema_extension_atr_max': None, 'use_m15_ema_trend': False, 'use_m15_ema200_filter': False, 'momentum_atr_percentile_min': 50.0, 'momentum_atr_percentile_max': None, 'session_ranges_utc_minutes': ((720, 840),), 'entry_mode': 'next_m5'}",19.84516605210573,0.1519361205766707,0.03729600276123007,True
sensitivity,XAUUSDm,sens_thai_19_21_rr1.6_body2_wick0.45_atrMin50,104,50.0,1.3317910024210804,3.8562664736016266,-1.561716068561892,3.707948532309286,0.14831794129237144,0.21138211382113822,-80.49961915675782,17,12,70.58823529411765,132.424586966899,5,"{'strategy': 'momentum', 'variant': 'sens_thai_19_21_rr1.6_body2_wick0.45_atrMin50', 'initial_balance': 10000.0, 'risk_pct': 0.0025, 'fee_rate': 0.0001, 'spread_atr_mult': 0.03, 'slippage_min_spread': 0.3, 'slippage_max_spread': 1.0, 'max_trades_per_day': 3, 'daily_loss_limit_pct': 0.03, 'max_hold_minutes': 720, 'seed': 42, 'sweep_lookback': 20, 'wick_body_min': 1.5, 'atr_percentile_min': 30.0, 'sweep_rr': 2.0, 'sl_atr_buffer': 0.1, 'use_m1_confirmation': False, 'session': 'ny', 'adx_min': 18.0, 'momentum_rr': 1.6, 'use_atr_expansion': False, 'body_mult': 2.0, 'max_wick_pct': 0.45, 'momentum_sl_atr_mult': 1.0, 'session_hours_utc': None, 'close_extreme_pct': None, 'ema_extension_atr_max': None, 'use_m15_ema_trend': False, 'use_m15_ema200_filter': False, 'momentum_atr_percentile_min': 50.0, 'momentum_atr_percentile_max': None, 'session_ranges_utc_minutes': ((720, 840),), 'entry_mode': 'next_m5'}",20.349851586295635,0.1512718475274722,0.040796641649516394,True
sensitivity,XAUUSDm,sens_thai_19_21_rr1.6_body1.8_wick0.35_atrMin45,108,50.0,1.3295271534795705,4.1122655983022565,-1.0918033914429304,3.8076533317613817,0.15230613327045528,0.21951219512195122,-76.0544748552494,17,12,70.58823529411765,164.73256754971567,4,"{'strategy': 'momentum', 'variant': 'sens_thai_19_21_rr1.6_body1.8_wick0.35_atrMin45', 'initial_balance': 10000.0, 'risk_pct': 0.0025, 'fee_rate': 0.0001, 'spread_atr_mult': 0.03, 'slippage_min_spread': 0.3, 'slippage_max_spread': 1.0, 'max_trades_per_day': 3, 'daily_loss_limit_pct': 0.03, 'max_hold_minutes': 720, 'seed': 42, 'sweep_lookback': 20, 'wick_body_min': 1.5, 'atr_percentile_min': 30.0, 'sweep_rr': 2.0, 'sl_atr_buffer': 0.1, 'use_m1_confirmation': False, 'session': 'ny', 'adx_min': 18.0, 'momentum_rr': 1.6, 'use_atr_expansion': False, 'body_mult': 1.8, 'max_wick_pct': 0.35, 'momentum_sl_atr_mult': 1.0, 'session_hours_utc': None, 'close_extreme_pct': None, 'ema_extension_atr_max': None, 'use_m15_ema_trend': False, 'use_m15_ema200_filter': False, 'momentum_atr_percentile_min': 45.0, 'momentum_atr_percentile_max': None, 'session_ranges_utc_minutes': ((720, 840),), 'entry_mode': 'next_m5'}",19.85537588146614,0.15297904761904724,0.040176726789431925,True
sensitivity,XAUUSDm,sens_thai_19_21_rr1.6_body1.8_wick0.35_atrMin40,108,50.0,1.32936396113585,4.1103814218367365,-1.0918184349250866,3.8059087239229226,0.15223634895691693,0.21951219512195122,-76.0544748552494,17,12,70.58823529411765,164.73256754971567,4,"{'strategy': 'momentum', 'variant': 'sens_thai_19_21_rr1.6_body1.8_wick0.35_atrMin40', 'initial_balance': 10000.0, 'risk_pct': 0.0025, 'fee_rate': 0.0001, 'spread_atr_mult': 0.03, 'slippage_min_spread': 0.3, 'slippage_max_spread': 1.0, 'max_trades_per_day': 3, 'daily_loss_limit_pct': 0.03, 'max_hold_minutes': 720, 'seed': 42, 'sweep_lookback': 20, 'wick_body_min': 1.5, 'atr_percentile_min': 30.0, 'sweep_rr': 2.0, 'sl_atr_buffer': 0.1, 'use_m1_confirmation': False, 'session': 'ny', 'adx_min': 18.0, 'momentum_rr': 1.6, 'use_atr_expansion': False, 'body_mult': 1.8, 'max_wick_pct': 0.35, 'momentum_sl_atr_mult': 1.0, 'session_hours_utc': None, 'close_extreme_pct': None, 'ema_extension_atr_max': None, 'use_m15_ema_trend': False, 'use_m15_ema200_filter': False, 'momentum_atr_percentile_min': 40.0, 'momentum_atr_percentile_max': None, 'session_ranges_utc_minutes': ((720, 840),), 'entry_mode': 'next_m5'}",19.842817318332354,0.15265535714285677,0.040110094123725584,True
sensitivity,XAUUSDm,sens_thai_19_2030_rr1.9_body1.8_wick0.4_atrMin45,75,48.0,1.3275906087419265,3.115553570059492,-1.959251660899492,4.1540714267460075,0.16616285706984033,0.1524390243902439,-119.3108747119868,16,9,56.25,119.7675761505609,7,"{'strategy': 'momentum', 'variant': 'sens_thai_19_2030_rr1.9_body1.8_wick0.4_atrMin45', 'initial_balance': 10000.0, 'risk_pct': 0.0025, 'fee_rate': 0.0001, 'spread_atr_mult': 0.03, 'slippage_min_spread': 0.3, 'slippage_max_spread': 1.0, 'max_trades_per_day': 3, 'daily_loss_limit_pct': 0.03, 'max_hold_minutes': 720, 'seed': 42, 'sweep_lookback': 20, 'wick_body_min': 1.5, 'atr_percentile_min': 30.0, 'sweep_rr': 2.0, 'sl_atr_buffer': 0.1, 'use_m1_confirmation': False, 'session': 'ny', 'adx_min': 18.0, 'momentum_rr': 1.9, 'use_atr_expansion': False, 'body_mult': 1.8, 'max_wick_pct': 0.4, 'momentum_sl_atr_mult': 1.0, 'session_hours_utc': None, 'close_extreme_pct': None, 'ema_extension_atr_max': None, 'use_m15_ema_trend': False, 'use_m15_ema200_filter': False, 'momentum_atr_percentile_min': 45.0, 'momentum_atr_percentile_max': None, 'session_ranges_utc_minutes': ((720, 810),), 'entry_mode': 'next_m5'}",19.049475647017196,0.15023119999999976,0.03616480906725279,True
sensitivity,XAUUSDm,sens_thai_19_2030_rr1.9_body1.8_wick0.4_atrMin40,75,48.0,1.3273770226152235,3.1136731144871557,-1.959251660899492,4.1515641526495815,0.16606256610598327,0.1524390243902439,-119.3108747119868,16,9,56.25,119.7675761505609,7,"{'strategy': 'momentum', 'variant': 'sens_thai_19_2030_rr1.9_body1.8_wick0.4_atrMin40', 'initial_balance': 10000.0, 'risk_pct': 0.0025, 'fee_rate': 0.0001, 'spread_atr_mult': 0.03, 'slippage_min_spread': 0.3, 'slippage_max_spread': 1.0, 'max_trades_per_day': 3, 'daily_loss_limit_pct': 0.03, 'max_hold_minutes': 720, 'seed': 42, 'sweep_lookback': 20, 'wick_body_min': 1.5, 'atr_percentile_min': 30.0, 'sweep_rr': 2.0, 'sl_atr_buffer': 0.1, 'use_m1_confirmation': False, 'session': 'ny', 'adx_min': 18.0, 'momentum_rr': 1.9, 'use_atr_expansion': False, 'body_mult': 1.8, 'max_wick_pct': 0.4, 'momentum_sl_atr_mult': 1.0, 'session_hours_utc': None, 'close_extreme_pct': None, 'ema_extension_atr_max': None, 'use_m15_ema_trend': False, 'use_m15_ema200_filter': False, 'momentum_atr_percentile_min': 40.0, 'momentum_atr_percentile_max': None, 'session_ranges_utc_minutes': ((720, 810),), 'entry_mode': 'next_m5'}",19.03133008137167,0.14976508571428546,0.03607437587558498,True
sensitivity,XAUUSDm,sens_thai_19_2030_rr2_body2_wick0.4_atrMin50,66,48.484848484848484,1.3266969125694148,2.6884824408281203,-1.8259189399809856,4.073458243678995,0.16293832974715988,0.13414634146341464,-119.39549538689592,16,11,68.75,89.52667446982963,6,"{'strategy': 'momentum', 'variant': 'sens_thai_19_2030_rr2_body2_wick0.4_atrMin50', 'initial_balance': 10000.0, 'risk_pct': 0.0025, 'fee_rate': 0.0001, 'spread_atr_mult': 0.03, 'slippage_min_spread': 0.3, 'slippage_max_spread': 1.0, 'max_trades_per_day': 3, 'daily_loss_limit_pct': 0.03, 'max_hold_minutes': 720, 'seed': 42, 'sweep_lookback': 20, 'wick_body_min': 1.5, 'atr_percentile_min': 30.0, 'sweep_rr': 2.0, 'sl_atr_buffer': 0.1, 'use_m1_confirmation': False, 'session': 'ny', 'adx_min': 18.0, 'momentum_rr': 2.0, 'use_atr_expansion': False, 'body_mult': 2.0, 'max_wick_pct': 0.4, 'momentum_sl_atr_mult': 1.0, 'session_hours_utc': None, 'close_extreme_pct': None, 'ema_extension_atr_max': None, 'use_m15_ema_trend': False, 'use_m15_ema200_filter': False, 'momentum_atr_percentile_min': 50.0, 'momentum_atr_percentile_max': None, 'session_ranges_utc_minutes': ((720, 810),), 'entry_mode': 'next_m5'}",18.93404097918095,0.1450179545454543,0.035600697459090565,False
sensitivity,XAUUSDm,sens_thai_1930_21_rr1.9_body2_wick0.4_atrMin50,87,48.275862068965516,1.3253783084522504,3.306503289611228,-1.202069393919115,3.8005784938060403,0.15202313975224163,0.17682926829268292,-98.37474227326325,17,11,64.70588235294117,168.1872166160366,5,"{'strategy': 'momentum', 'variant': 'sens_thai_1930_21_rr1.9_body2_wick0.4_atrMin50', 'initial_balance': 10000.0, 'risk_pct': 0.0025, 'fee_rate': 0.0001, 'spread_atr_mult': 0.03, 'slippage_min_spread': 0.3, 'slippage_max_spread': 1.0, 'max_trades_per_day': 3, 'daily_loss_limit_pct': 0.03, 'max_hold_minutes': 720, 'seed': 42, 'sweep_lookback': 20, 'wick_body_min': 1.5, 'atr_percentile_min': 30.0, 'sweep_rr': 2.0, 'sl_atr_buffer': 0.1, 'use_m1_confirmation': False, 'session': 'ny', 'adx_min': 18.0, 'momentum_rr': 1.9, 'use_atr_expansion': False, 'body_mult': 2.0, 'max_wick_pct': 0.4, 'momentum_sl_atr_mult': 1.0, 'session_hours_utc': None, 'close_extreme_pct': None, 'ema_extension_atr_max': None, 'use_m15_ema_trend': False, 'use_m15_ema200_filter': False, 'momentum_atr_percentile_min': 50.0, 'momentum_atr_percentile_max': None, 'session_ranges_utc_minutes': ((750, 840),), 'entry_mode': 'next_m5'}",21.61323754287063,0.15975955665024588,0.04203558929531718,True
sensitivity,XAUUSDm,sens_thai_19_21_rr2_body2_wick0.4_atrMin50,99,46.464646464646464,1.3250947434611242,3.972480111789737,-2.8930496872336042,4.012606173524993,0.16050424694099974,0.20121951219512196,-145.50611915675782,17,9,52.94117647058824,175.4110162734235,7,"{'strategy': 'momentum', 'variant': 'sens_thai_19_21_rr2_body2_wick0.4_atrMin50', 'initial_balance': 10000.0, 'risk_pct': 0.0025, 'fee_rate': 0.0001, 'spread_atr_mult': 0.03, 'slippage_min_spread': 0.3, 'slippage_max_spread': 1.0, 'max_trades_per_day': 3, 'daily_loss_limit_pct': 0.03, 'max_hold_minutes': 720, 'seed': 42, 'sweep_lookback': 20, 'wick_body_min': 1.5, 'atr_percentile_min': 30.0, 'sweep_rr': 2.0, 'sl_atr_buffer': 0.1, 'use_m1_confirmation': False, 'session': 'ny', 'adx_min': 18.0, 'momentum_rr': 2.0, 'use_atr_expansion': False, 'body_mult': 2.0, 'max_wick_pct': 0.4, 'momentum_sl_atr_mult': 1.0, 'session_hours_utc': None, 'close_extreme_pct': None, 'ema_extension_atr_max': None, 'use_m15_ema_trend': False, 'use_m15_ema200_filter': False, 'momentum_atr_percentile_min': 50.0, 'momentum_atr_percentile_max': None, 'session_ranges_utc_minutes': ((720, 840),), 'entry_mode': 'next_m5'}",20.071137151580878,0.15019424242424206,0.03743059645753859,True
sensitivity,XAUUSDm,sens_thai_19_2030_rr2_body1.8_wick0.35_atrMin50,70,48.57142857142857,1.3234451318494223,2.840658337528166,-1.0422070905452678,4.058083339325864,0.16232333357303452,0.14227642276422764,-77.5992983276784,16,11,68.75,101.13658996522449,5,"{'strategy': 'momentum', 'variant': 'sens_thai_19_2030_rr2_body1.8_wick0.35_atrMin50', 'initial_balance': 10000.0, 'risk_pct': 0.0025, 'fee_rate': 0.0001, 'spread_atr_mult': 0.03, 'slippage_min_spread': 0.3, 'slippage_max_spread': 1.0, 'max_trades_per_day': 3, 'daily_loss_limit_pct': 0.03, 'max_hold_minutes': 720, 'seed': 42, 'sweep_lookback': 20, 'wick_body_min': 1.5, 'atr_percentile_min': 30.0, 'sweep_rr': 2.0, 'sl_atr_buffer': 0.1, 'use_m1_confirmation': False, 'session': 'ny', 'adx_min': 18.0, 'momentum_rr': 2.0, 'use_atr_expansion': False, 'body_mult': 1.8, 'max_wick_pct': 0.35, 'momentum_sl_atr_mult': 1.0, 'session_hours_utc': None, 'close_extreme_pct': None, 'ema_extension_atr_max': None, 'use_m15_ema_trend': False, 'use_m15_ema200_filter': False, 'momentum_atr_percentile_min': 50.0, 'momentum_atr_percentile_max': None, 'session_ranges_utc_minutes': ((720, 810),), 'entry_mode': 'next_m5'}",18.729238806624185,0.14844777551020383,0.0365807606935111,True
sensitivity,XAUUSDm,sens_thai_19_2030_rr1.6_body2_wick0.45_atrMin45,71,52.112676056338024,1.3233896854376594,2.6439740141267793,-1.3526473829931622,3.7239070621503316,0.1489562824860133,0.1443089430894309,-77.5988783890476,16,11,68.75,83.54274938726957,5,"{'strategy': 'momentum', 'variant': 'sens_thai_19_2030_rr1.6_body2_wick0.45_atrMin45', 'initial_balance': 10000.0, 'risk_pct': 0.0025, 'fee_rate': 0.0001, 'spread_atr_mult': 0.03, 'slippage_min_spread': 0.3, 'slippage_max_spread': 1.0, 'max_trades_per_day': 3, 'daily_loss_limit_pct': 0.03, 'max_hold_minutes': 720, 'seed': 42, 'sweep_lookback': 20, 'wick_body_min': 1.5, 'atr_percentile_min': 30.0, 'sweep_rr': 2.0, 'sl_atr_buffer': 0.1, 'use_m1_confirmation': False, 'session': 'ny', 'adx_min': 18.0, 'momentum_rr': 1.6, 'use_atr_expansion': False, 'body_mult': 2.0, 'max_wick_pct': 0.45, 'momentum_sl_atr_mult': 1.0, 'session_hours_utc': None, 'close_extreme_pct': None, 'ema_extension_atr_max': None, 'use_m15_ema_trend': False, 'use_m15_ema200_filter': False, 'momentum_atr_percentile_min': 45.0, 'momentum_atr_percentile_max': None, 'session_ranges_utc_minutes': ((720, 810),), 'entry_mode': 'next_m5'}",19.318071221480505,0.14806270623742435,0.039760043354016214,True
sensitivity,XAUUSDm,sens_thai_19_2030_rr1.6_body2_wick0.45_atrMin40,71,52.112676056338024,1.3231412194048777,2.6420920802297223,-1.3526473829931622,3.7212564510277093,0.14885025804110835,0.1443089430894309,-77.5988783890476,16,11,68.75,83.54274938726957,5,"{'strategy': 'momentum', 'variant': 'sens_thai_19_2030_rr1.6_body2_wick0.45_atrMin40', 'initial_balance': 10000.0, 'risk_pct': 0.0025, 'fee_rate': 0.0001, 'spread_atr_mult': 0.03, 'slippage_min_spread': 0.3, 'slippage_max_spread': 1.0, 'max_trades_per_day': 3, 'daily_loss_limit_pct': 0.03, 'max_hold_minutes': 720, 'seed': 42, 'sweep_lookback': 20, 'wick_body_min': 1.5, 'atr_percentile_min': 30.0, 'sweep_rr': 2.0, 'sl_atr_buffer': 0.1, 'use_m1_confirmation': False, 'session': 'ny', 'adx_min': 18.0, 'momentum_rr': 1.6, 'use_atr_expansion': False, 'body_mult': 2.0, 'max_wick_pct': 0.45, 'momentum_sl_atr_mult': 1.0, 'session_hours_utc': None, 'close_extreme_pct': None, 'ema_extension_atr_max': None, 'use_m15_ema_trend': False, 'use_m15_ema200_filter': False, 'momentum_atr_percentile_min': 40.0, 'momentum_atr_percentile_max': None, 'session_ranges_utc_minutes': ((720, 810),), 'entry_mode': 'next_m5'}",19.298856210128857,0.1475703319919515,0.03965605002880052,True
sensitivity,XAUUSDm,sens_thai_19_21_rr1.7_body1.8_wick0.35_atrMin50,105,48.57142857142857,1.3211254629857236,3.968246913790463,-1.4894565523633714,3.779282775038524,0.15117131100154096,0.21341463414634146,-76.04692613936825,17,11,64.70588235294117,179.57209072000097,4,"{'strategy': 'momentum', 'variant': 'sens_thai_19_21_rr1.7_body1.8_wick0.35_atrMin50', 'initial_balance': 10000.0, 'risk_pct': 0.0025, 'fee_rate': 0.0001, 'spread_atr_mult': 0.03, 'slippage_min_spread': 0.3, 'slippage_max_spread': 1.0, 'max_trades_per_day': 3, 'daily_loss_limit_pct': 0.03, 'max_hold_minutes': 720, 'seed': 42, 'sweep_lookback': 20, 'wick_body_min': 1.5, 'atr_percentile_min': 30.0, 'sweep_rr': 2.0, 'sl_atr_buffer': 0.1, 'use_m1_confirmation': False, 'session': 'ny', 'adx_min': 18.0, 'momentum_rr': 1.7, 'use_atr_expansion': False, 'body_mult': 1.8, 'max_wick_pct': 0.35, 'momentum_sl_atr_mult': 1.0, 'session_hours_utc': None, 'close_extreme_pct': None, 'ema_extension_atr_max': None, 'use_m15_ema_trend': False, 'use_m15_ema200_filter': False, 'momentum_atr_percentile_min': 50.0, 'momentum_atr_percentile_max': None, 'session_ranges_utc_minutes': ((720, 840),), 'entry_mode': 'next_m5'}",20.103281904418218,0.15347822448979556,0.040610410394133864,True
sensitivity,XAUUSDm,sens_thai_19_2030_rr2_body2_wick0.45_atrMin45,70,48.57142857142857,1.3187304682737933,2.7709466472219537,-2.0619131106676534,3.9584952103169786,0.1583398084126791,0.14227642276422764,-119.34734413137845,16,10,62.5,95.04472363211622,6,"{'strategy': 'momentum', 'variant': 'sens_thai_19_2030_rr2_body2_wick0.45_atrMin45', 'initial_balance': 10000.0, 'risk_pct': 0.0025, 'fee_rate': 0.0001, 'spread_atr_mult': 0.03, 'slippage_min_spread': 0.3, 'slippage_max_spread': 1.0, 'max_trades_per_day': 3, 'daily_loss_limit_pct': 0.03, 'max_hold_minutes': 720, 'seed': 42, 'sweep_lookback': 20, 'wick_body_min': 1.5, 'atr_percentile_min': 30.0, 'sweep_rr': 2.0, 'sl_atr_buffer': 0.1, 'use_m1_confirmation': False, 'session': 'ny', 'adx_min': 18.0, 'momentum_rr': 2.0, 'use_atr_expansion': False, 'body_mult': 2.0, 'max_wick_pct': 0.45, 'momentum_sl_atr_mult': 1.0, 'session_hours_utc': None, 'close_extreme_pct': None, 'ema_extension_atr_max': None, 'use_m15_ema_trend': False, 'use_m15_ema200_filter': False, 'momentum_atr_percentile_min': 45.0, 'momentum_atr_percentile_max': None, 'session_ranges_utc_minutes': ((720, 810),), 'entry_mode': 'next_m5'}",18.676193824326187,0.14526832653061209,0.03669786593450991,True
sensitivity,XAUUSDm,sens_thai_19_21_rr1.7_body2.2_wick0.45_atrMin50,96,48.95833333333333,1.3186938401558599,3.561457049200471,-2.9336604756249907,3.7098510929172064,0.14839404371668827,0.1951219512195122,-145.2723622312632,17,11,64.70588235294117,139.91978983935593,5,"{'strategy': 'momentum', 'variant': 'sens_thai_19_21_rr1.7_body2.2_wick0.45_atrMin50', 'initial_balance': 10000.0, 'risk_pct': 0.0025, 'fee_rate': 0.0001, 'spread_atr_mult': 0.03, 'slippage_min_spread': 0.3, 'slippage_max_spread': 1.0, 'max_trades_per_day': 3, 'daily_loss_limit_pct': 0.03, 'max_hold_minutes': 720, 'seed': 42, 'sweep_lookback': 20, 'wick_body_min': 1.5, 'atr_percentile_min': 30.0, 'sweep_rr': 2.0, 'sl_atr_buffer': 0.1, 'use_m1_confirmation': False, 'session': 'ny', 'adx_min': 18.0, 'momentum_rr': 1.7, 'use_atr_expansion': False, 'body_mult': 2.2, 'max_wick_pct': 0.45, 'momentum_sl_atr_mult': 1.0, 'session_hours_utc': None, 'close_extreme_pct': None, 'ema_extension_atr_max': None, 'use_m15_ema_trend': False, 'use_m15_ema200_filter': False, 'momentum_atr_percentile_min': 50.0, 'momentum_atr_percentile_max': None, 'session_ranges_utc_minutes': ((720, 840),), 'entry_mode': 'next_m5'}",20.6117937930516,0.15314064732142832,0.04127945933296412,True
sensitivity,XAUUSDm,sens_thai_19_2030_rr2_body2_wick0.45_atrMin40,70,48.57142857142857,1.3184970504929945,2.7690647133248785,-2.0619131106676534,3.955806733321172,0.15823226933284687,0.14227642276422764,-119.34734413137845,16,10,62.5,95.04472363211622,6,"{'strategy': 'momentum', 'variant': 'sens_thai_19_2030_rr2_body2_wick0.45_atrMin40', 'initial_balance': 10000.0, 'risk_pct': 0.0025, 'fee_rate': 0.0001, 'spread_atr_mult': 0.03, 'slippage_min_spread': 0.3, 'slippage_max_spread': 1.0, 'max_trades_per_day': 3, 'daily_loss_limit_pct': 0.03, 'max_hold_minutes': 720, 'seed': 42, 'sweep_lookback': 20, 'wick_body_min': 1.5, 'atr_percentile_min': 30.0, 'sweep_rr': 2.0, 'sl_atr_buffer': 0.1, 'use_m1_confirmation': False, 'session': 'ny', 'adx_min': 18.0, 'momentum_rr': 2.0, 'use_atr_expansion': False, 'body_mult': 2.0, 'max_wick_pct': 0.45, 'momentum_sl_atr_mult': 1.0, 'session_hours_utc': None, 'close_extreme_pct': None, 'ema_extension_atr_max': None, 'use_m15_ema_trend': False, 'use_m15_ema200_filter': False, 'momentum_atr_percentile_min': 40.0, 'momentum_atr_percentile_max': None, 'session_ranges_utc_minutes': ((720, 810),), 'entry_mode': 'next_m5'}",18.656704312812373,0.14476891836734676,0.03659655997546758,True
sensitivity,XAUUSDm,sens_thai_19_21_rr1.8_body1.8_wick0.4_atrMin45,110,47.27272727272727,1.3172394339375952,4.2535152144148745,-2.2248672570873937,3.866832013104426,0.15467328052417711,0.22357723577235772,-76.02714186711498,17,9,52.94117647058824,178.82470627156846,7,"{'strategy': 'momentum', 'variant': 'sens_thai_19_21_rr1.8_body1.8_wick0.4_atrMin45', 'initial_balance': 10000.0, 'risk_pct': 0.0025, 'fee_rate': 0.0001, 'spread_atr_mult': 0.03, 'slippage_min_spread': 0.3, 'slippage_max_spread': 1.0, 'max_trades_per_day': 3, 'daily_loss_limit_pct': 0.03, 'max_hold_minutes': 720, 'seed': 42, 'sweep_lookback': 20, 'wick_body_min': 1.5, 'atr_percentile_min': 30.0, 'sweep_rr': 2.0, 'sl_atr_buffer': 0.1, 'use_m1_confirmation': False, 'session': 'ny', 'adx_min': 18.0, 'momentum_rr': 1.8, 'use_atr_expansion': False, 'body_mult': 1.8, 'max_wick_pct': 0.4, 'momentum_sl_atr_mult': 1.0, 'session_hours_utc': None, 'close_extreme_pct': None, 'ema_extension_atr_max': None, 'use_m15_ema_trend': False, 'use_m15_ema200_filter': False, 'momentum_atr_percentile_min': 45.0, 'momentum_atr_percentile_max': None, 'session_ranges_utc_minutes': ((720, 840),), 'entry_mode': 'next_m5'}",20.03441287028407,0.15337579870129836,0.03966445870457222,True
sensitivity,XAUUSDm,sens_thai_19_21_rr1.8_body1.8_wick0.4_atrMin40,110,47.27272727272727,1.3170880839135695,4.251632312434231,-2.2248672570873937,3.865120284031118,0.15460481136124476,0.22357723577235772,-76.02714186711498,17,9,52.94117647058824,178.82470627156846,7,"{'strategy': 'momentum', 'variant': 'sens_thai_19_21_rr1.8_body1.8_wick0.4_atrMin40', 'initial_balance': 10000.0, 'risk_pct': 0.0025, 'fee_rate': 0.0001, 'spread_atr_mult': 0.03, 'slippage_min_spread': 0.3, 'slippage_max_spread': 1.0, 'max_trades_per_day': 3, 'daily_loss_limit_pct': 0.03, 'max_hold_minutes': 720, 'seed': 42, 'sweep_lookback': 20, 'wick_body_min': 1.5, 'atr_percentile_min': 30.0, 'sweep_rr': 2.0, 'sl_atr_buffer': 0.1, 'use_m1_confirmation': False, 'session': 'ny', 'adx_min': 18.0, 'momentum_rr': 1.8, 'use_atr_expansion': False, 'body_mult': 1.8, 'max_wick_pct': 0.4, 'momentum_sl_atr_mult': 1.0, 'session_hours_utc': None, 'close_extreme_pct': None, 'ema_extension_atr_max': None, 'use_m15_ema_trend': False, 'use_m15_ema200_filter': False, 'momentum_atr_percentile_min': 40.0, 'momentum_atr_percentile_max': None, 'session_ranges_utc_minutes': ((720, 840),), 'entry_mode': 'next_m5'}",20.022081547248725,0.15305799350649316,0.03959980084937013,True
sensitivity,XAUUSDm,sens_thai_19_21_rr1.8_body1.8_wick0.45_atrMin35,113,46.902654867256636,1.3167889292647,4.3595973543907895,-2.209116749985201,3.8580507560980433,0.15432203024392174,0.22967479674796748,-75.94408898505408,17,11,64.70588235294117,178.82470627156846,6,"{'strategy': 'momentum', 'variant': 'sens_thai_19_21_rr1.8_body1.8_wick0.45_atrMin35', 'initial_balance': 10000.0, 'risk_pct': 0.0025, 'fee_rate': 0.0001, 'spread_atr_mult': 0.03, 'slippage_min_spread': 0.3, 'slippage_max_spread': 1.0, 'max_trades_per_day': 3, 'daily_loss_limit_pct': 0.03, 'max_hold_minutes': 720, 'seed': 42, 'sweep_lookback': 20, 'wick_body_min': 1.5, 'atr_percentile_min': 30.0, 'sweep_rr': 2.0, 'sl_atr_buffer': 0.1, 'use_m1_confirmation': False, 'session': 'ny', 'adx_min': 18.0, 'momentum_rr': 1.8, 'use_atr_expansion': False, 'body_mult': 1.8, 'max_wick_pct': 0.45, 'momentum_sl_atr_mult': 1.0, 'session_hours_utc': None, 'close_extreme_pct': None, 'ema_extension_atr_max': None, 'use_m15_ema_trend': False, 'use_m15_ema200_filter': False, 'momentum_atr_percentile_min': 35.0, 'momentum_atr_percentile_max': None, 'session_ranges_utc_minutes': ((720, 840),), 'entry_mode': 'next_m5'}",19.859007621375063,0.15133683944374182,0.03922624377207544,True
sensitivity,XAUUSDm,sens_thai_1930_21_rr1.8_body2_wick0.4_atrMin45,90,48.888888888888886,1.3157687640556461,3.2936086146618795,-1.460140680327821,3.659565127402118,0.14638260509608472,0.18292682926829268,-98.23169611343073,17,9,52.94117647058824,158.23622971821277,5,"{'strategy': 'momentum', 'variant': 'sens_thai_1930_21_rr1.8_body2_wick0.4_atrMin45', 'initial_balance': 10000.0, 'risk_pct': 0.0025, 'fee_rate': 0.0001, 'spread_atr_mult': 0.03, 'slippage_min_spread': 0.3, 'slippage_max_spread': 1.0, 'max_trades_per_day': 3, 'daily_loss_limit_pct': 0.03, 'max_hold_minutes': 720, 'seed': 42, 'sweep_lookback': 20, 'wick_body_min': 1.5, 'atr_percentile_min': 30.0, 'sweep_rr': 2.0, 'sl_atr_buffer': 0.1, 'use_m1_confirmation': False, 'session': 'ny', 'adx_min': 18.0, 'momentum_rr': 1.8, 'use_atr_expansion': False, 'body_mult': 2.0, 'max_wick_pct': 0.4, 'momentum_sl_atr_mult': 1.0, 'session_hours_utc': None, 'close_extreme_pct': None, 'ema_extension_atr_max': None, 'use_m15_ema_trend': False, 'use_m15_ema200_filter': False, 'momentum_atr_percentile_min': 45.0, 'momentum_atr_percentile_max': None, 'session_ranges_utc_minutes': ((750, 840),), 'entry_mode': 'next_m5'}",21.388663140057815,0.15940711904761867,0.04355903324523695,True
sensitivity,XAUUSDm,sens_thai_1930_21_rr1.8_body2_wick0.4_atrMin35,90,48.888888888888886,1.3155742568348876,3.291725269549988,-1.4615476323786756,3.6574725217222306,0.1462989008688892,0.18292682926829268,-98.23169611343073,17,9,52.94117647058824,158.23622971821277,5,"{'strategy': 'momentum', 'variant': 'sens_thai_1930_21_rr1.8_body2_wick0.4_atrMin35', 'initial_balance': 10000.0, 'risk_pct': 0.0025, 'fee_rate': 0.0001, 'spread_atr_mult': 0.03, 'slippage_min_spread': 0.3, 'slippage_max_spread': 1.0, 'max_trades_per_day': 3, 'daily_loss_limit_pct': 0.03, 'max_hold_minutes': 720, 'seed': 42, 'sweep_lookback': 20, 'wick_body_min': 1.5, 'atr_percentile_min': 30.0, 'sweep_rr': 2.0, 'sl_atr_buffer': 0.1, 'use_m1_confirmation': False, 'session': 'ny', 'adx_min': 18.0, 'momentum_rr': 1.8, 'use_atr_expansion': False, 'body_mult': 2.0, 'max_wick_pct': 0.4, 'momentum_sl_atr_mult': 1.0, 'session_hours_utc': None, 'close_extreme_pct': None, 'ema_extension_atr_max': None, 'use_m15_ema_trend': False, 'use_m15_ema200_filter': False, 'momentum_atr_percentile_min': 35.0, 'momentum_atr_percentile_max': None, 'session_ranges_utc_minutes': ((750, 840),), 'entry_mode': 'next_m5'}",21.373648459142824,0.15901869047619008,0.04347775397675752,True
sensitivity,XAUUSDm,sens_thai_1930_21_rr1.8_body2_wick0.4_atrMin40,90,48.888888888888886,1.3155742568348876,3.291725269549988,-1.4615476323786756,3.6574725217222306,0.1462989008688892,0.18292682926829268,-98.23169611343073,17,9,52.94117647058824,158.23622971821277,5,"{'strategy': 'momentum', 'variant': 'sens_thai_1930_21_rr1.8_body2_wick0.4_atrMin40', 'initial_balance': 10000.0, 'risk_pct': 0.0025, 'fee_rate': 0.0001, 'spread_atr_mult': 0.03, 'slippage_min_spread': 0.3, 'slippage_max_spread': 1.0, 'max_trades_per_day': 3, 'daily_loss_limit_pct': 0.03, 'max_hold_minutes': 720, 'seed': 42, 'sweep_lookback': 20, 'wick_body_min': 1.5, 'atr_percentile_min': 30.0, 'sweep_rr': 2.0, 'sl_atr_buffer': 0.1, 'use_m1_confirmation': False, 'session': 'ny', 'adx_min': 18.0, 'momentum_rr': 1.8, 'use_atr_expansion': False, 'body_mult': 2.0, 'max_wick_pct': 0.4, 'momentum_sl_atr_mult': 1.0, 'session_hours_utc': None, 'close_extreme_pct': None, 'ema_extension_atr_max': None, 'use_m15_ema_trend': False, 'use_m15_ema200_filter': False, 'momentum_atr_percentile_min': 40.0, 'momentum_atr_percentile_max': None, 'session_ranges_utc_minutes': ((750, 840),), 'entry_mode': 'next_m5'}",21.373648459142824,0.15901869047619008,0.04347775397675752,True
sensitivity,XAUUSDm,sens_thai_19_2030_rr1.6_body2_wick0.4_atrMin45,70,51.42857142857142,1.3144659173976325,2.572841600582833,-1.3683554116649936,3.67548800083254,0.1470195200333016,0.14227642276422764,-77.5992983276784,16,11,68.75,83.52966166988,6,"{'strategy': 'momentum', 'variant': 'sens_thai_19_2030_rr1.6_body2_wick0.4_atrMin45', 'initial_balance': 10000.0, 'risk_pct': 0.0025, 'fee_rate': 0.0001, 'spread_atr_mult': 0.03, 'slippage_min_spread': 0.3, 'slippage_max_spread': 1.0, 'max_trades_per_day': 3, 'daily_loss_limit_pct': 0.03, 'max_hold_minutes': 720, 'seed': 42, 'sweep_lookback': 20, 'wick_body_min': 1.5, 'atr_percentile_min': 30.0, 'sweep_rr': 2.0, 'sl_atr_buffer': 0.1, 'use_m1_confirmation': False, 'session': 'ny', 'adx_min': 18.0, 'momentum_rr': 1.6, 'use_atr_expansion': False, 'body_mult': 2.0, 'max_wick_pct': 0.4, 'momentum_sl_atr_mult': 1.0, 'session_hours_utc': None, 'close_extreme_pct': None, 'ema_extension_atr_max': None, 'use_m15_ema_trend': False, 'use_m15_ema200_filter': False, 'momentum_atr_percentile_min': 45.0, 'momentum_atr_percentile_max': None, 'session_ranges_utc_minutes': ((720, 810),), 'entry_mode': 'next_m5'}",19.247110645027643,0.14744825510204054,0.040116647114244924,True
sensitivity,XAUUSDm,sens_thai_19_2030_rr1.6_body2_wick0.4_atrMin40,70,51.42857142857142,1.3142181322700206,2.570959666685776,-1.3683554116649936,3.672799523836737,0.14691198095346944,0.14227642276422764,-77.5992983276784,16,11,68.75,83.52966166988,6,"{'strategy': 'momentum', 'variant': 'sens_thai_19_2030_rr1.6_body2_wick0.4_atrMin40', 'initial_balance': 10000.0, 'risk_pct': 0.0025, 'fee_rate': 0.0001, 'spread_atr_mult': 0.03, 'slippage_min_spread': 0.3, 'slippage_max_spread': 1.0, 'max_trades_per_day': 3, 'daily_loss_limit_pct': 0.03, 'max_hold_minutes': 720, 'seed': 42, 'sweep_lookback': 20, 'wick_body_min': 1.5, 'atr_percentile_min': 30.0, 'sweep_rr': 2.0, 'sl_atr_buffer': 0.1, 'use_m1_confirmation': False, 'session': 'ny', 'adx_min': 18.0, 'momentum_rr': 1.6, 'use_atr_expansion': False, 'body_mult': 2.0, 'max_wick_pct': 0.4, 'momentum_sl_atr_mult': 1.0, 'session_hours_utc': None, 'close_extreme_pct': None, 'ema_extension_atr_max': None, 'use_m15_ema_trend': False, 'use_m15_ema200_filter': False, 'momentum_atr_percentile_min': 40.0, 'momentum_atr_percentile_max': None, 'session_ranges_utc_minutes': ((720, 810),), 'entry_mode': 'next_m5'}",19.22762113351383,0.14694884693877525,0.0400100375708139,True
sensitivity,XAUUSDm,sens_thai_19_21_rr2_body2_wick0.4_atrMin45,102,46.07843137254902,1.31380937336891,3.9825645063648336,-2.7695002661353807,3.9044750062399833,0.15617900024959938,0.2073170731707317,-145.49094433007323,17,10,58.82352941176471,175.37428408243852,8,"{'strategy': 'momentum', 'variant': 'sens_thai_19_21_rr2_body2_wick0.4_atrMin45', 'initial_balance': 10000.0, 'risk_pct': 0.0025, 'fee_rate': 0.0001, 'spread_atr_mult': 0.03, 'slippage_min_spread': 0.3, 'slippage_max_spread': 1.0, 'max_trades_per_day': 3, 'daily_loss_limit_pct': 0.03, 'max_hold_minutes': 720, 'seed': 42, 'sweep_lookback': 20, 'wick_body_min': 1.5, 'atr_percentile_min': 30.0, 'sweep_rr': 2.0, 'sl_atr_buffer': 0.1, 'use_m1_confirmation': False, 'session': 'ny', 'adx_min': 18.0, 'momentum_rr': 2.0, 'use_atr_expansion': False, 'body_mult': 2.0, 'max_wick_pct': 0.4, 'momentum_sl_atr_mult': 1.0, 'session_hours_utc': None, 'close_extreme_pct': None, 'ema_extension_atr_max': None, 'use_m15_ema_trend': False, 'use_m15_ema200_filter': False, 'momentum_atr_percentile_min': 45.0, 'momentum_atr_percentile_max': None, 'session_ranges_utc_minutes': ((720, 840),), 'entry_mode': 'next_m5'}",19.80613806473229,0.14976228991596607,0.038356575385070125,True
sensitivity,XAUUSDm,sens_thai_19_21_rr2_body2_wick0.4_atrMin40,102,46.07843137254902,1.313649845797593,3.980683857733093,-2.7695002661353807,3.9026312330716273,0.15610524932286513,0.2073170731707317,-145.49094433007323,17,10,58.82352941176471,175.37428408243852,8,"{'strategy': 'momentum', 'variant': 'sens_thai_19_21_rr2_body2_wick0.4_atrMin40', 'initial_balance': 10000.0, 'risk_pct': 0.0025, 'fee_rate': 0.0001, 'spread_atr_mult': 0.03, 'slippage_min_spread': 0.3, 'slippage_max_spread': 1.0, 'max_trades_per_day': 3, 'daily_loss_limit_pct': 0.03, 'max_hold_minutes': 720, 'seed': 42, 'sweep_lookback': 20, 'wick_body_min': 1.5, 'atr_percentile_min': 30.0, 'sweep_rr': 2.0, 'sl_atr_buffer': 0.1, 'use_m1_confirmation': False, 'session': 'ny', 'adx_min': 18.0, 'momentum_rr': 2.0, 'use_atr_expansion': False, 'body_mult': 2.0, 'max_wick_pct': 0.4, 'momentum_sl_atr_mult': 1.0, 'session_hours_utc': None, 'close_extreme_pct': None, 'ema_extension_atr_max': None, 'use_m15_ema_trend': False, 'use_m15_ema200_filter': False, 'momentum_atr_percentile_min': 40.0, 'momentum_atr_percentile_max': None, 'session_ranges_utc_minutes': ((720, 840),), 'entry_mode': 'next_m5'}",19.792893926097722,0.1494195588235291,0.03828687618684538,True
sensitivity,XAUUSDm,sens_thai_19_2030_rr1.8_body1.8_wick0.45_atrMin50,73,49.31506849315068,1.313138539980264,2.773470607428808,-1.1238275162186495,3.799274804697021,0.1519709921878808,0.1483739837398374,-77.595421346297,16,11,68.75,108.62449766370156,5,"{'strategy': 'momentum', 'variant': 'sens_thai_19_2030_rr1.8_body1.8_wick0.45_atrMin50', 'initial_balance': 10000.0, 'risk_pct': 0.0025, 'fee_rate': 0.0001, 'spread_atr_mult': 0.03, 'slippage_min_spread': 0.3, 'slippage_max_spread': 1.0, 'max_trades_per_day': 3, 'daily_loss_limit_pct': 0.03, 'max_hold_minutes': 720, 'seed': 42, 'sweep_lookback': 20, 'wick_body_min': 1.5, 'atr_percentile_min': 30.0, 'sweep_rr': 2.0, 'sl_atr_buffer': 0.1, 'use_m1_confirmation': False, 'session': 'ny', 'adx_min': 18.0, 'momentum_rr': 1.8, 'use_atr_expansion': False, 'body_mult': 1.8, 'max_wick_pct': 0.45, 'momentum_sl_atr_mult': 1.0, 'session_hours_utc': None, 'close_extreme_pct': None, 'ema_extension_atr_max': None, 'use_m15_ema_trend': False, 'use_m15_ema200_filter': False, 'momentum_atr_percentile_min': 50.0, 'momentum_atr_percentile_max': None, 'session_ranges_utc_minutes': ((720, 810),), 'entry_mode': 'next_m5'}",19.449155328621842,0.1513957632093931,0.03984859505877896,True
sensitivity,XAUUSDm,sens_thai_19_21_rr1.6_body2.2_wick0.45_atrMin50,96,50.0,1.312745605611323,3.411502049200517,-2.3905907019698676,3.5536479679172412,0.14214591871668966,0.1951219512195122,-145.2723622312632,17,12,70.58823529411765,132.41903983935606,5,"{'strategy': 'momentum', 'variant': 'sens_thai_19_21_rr1.6_body2.2_wick0.45_atrMin50', 'initial_balance': 10000.0, 'risk_pct': 0.0025, 'fee_rate': 0.0001, 'spread_atr_mult': 0.03, 'slippage_min_spread': 0.3, 'slippage_max_spread': 1.0, 'max_trades_per_day': 3, 'daily_loss_limit_pct': 0.03, 'max_hold_minutes': 720, 'seed': 42, 'sweep_lookback': 20, 'wick_body_min': 1.5, 'atr_percentile_min': 30.0, 'sweep_rr': 2.0, 'sl_atr_buffer': 0.1, 'use_m1_confirmation': False, 'session': 'ny', 'adx_min': 18.0, 'momentum_rr': 1.6, 'use_atr_expansion': False, 'body_mult': 2.2, 'max_wick_pct': 0.45, 'momentum_sl_atr_mult': 1.0, 'session_hours_utc': None, 'close_extreme_pct': None, 'ema_extension_atr_max': None, 'use_m15_ema_trend': False, 'use_m15_ema200_filter': False, 'momentum_atr_percentile_min': 50.0, 'momentum_atr_percentile_max': None, 'session_ranges_utc_minutes': ((720, 840),), 'entry_mode': 'next_m5'}",20.6117937930516,0.15314064732142832,0.043093927340018025,True
sensitivity,XAUUSDm,sens_thai_19_2030_rr2_body2_wick0.4_atrMin45,69,47.82608695652174,1.3103091044402104,2.699549346040676,-2.0776181733238612,3.9123903565805307,0.15649561426322123,0.1402439024390244,-119.34734413137845,16,10,62.5,95.0232611682955,7,"{'strategy': 'momentum', 'variant': 'sens_thai_19_2030_rr2_body2_wick0.4_atrMin45', 'initial_balance': 10000.0, 'risk_pct': 0.0025, 'fee_rate': 0.0001, 'spread_atr_mult': 0.03, 'slippage_min_spread': 0.3, 'slippage_max_spread': 1.0, 'max_trades_per_day': 3, 'daily_loss_limit_pct': 0.03, 'max_hold_minutes': 720, 'seed': 42, 'sweep_lookback': 20, 'wick_body_min': 1.5, 'atr_percentile_min': 30.0, 'sweep_rr': 2.0, 'sl_atr_buffer': 0.1, 'use_m1_confirmation': False, 'session': 'ny', 'adx_min': 18.0, 'momentum_rr': 2.0, 'use_atr_expansion': False, 'body_mult': 2.0, 'max_wick_pct': 0.4, 'momentum_sl_atr_mult': 1.0, 'session_hours_utc': None, 'close_extreme_pct': None, 'ema_extension_atr_max': None, 'use_m15_ema_trend': False, 'use_m15_ema200_filter': False, 'momentum_atr_percentile_min': 45.0, 'momentum_atr_percentile_max': None, 'session_ranges_utc_minutes': ((720, 810),), 'entry_mode': 'next_m5'}",18.589523664011512,0.14460447204968924,0.03696064525015214,False
sensitivity,XAUUSDm,sens_thai_19_2030_rr2_body2_wick0.4_atrMin40,69,47.82608695652174,1.3100762913919866,2.6976674121435824,-2.0776181733238612,3.9096629161500034,0.1563865166460001,0.1402439024390244,-119.34734413137845,16,10,62.5,95.0232611682955,7,"{'strategy': 'momentum', 'variant': 'sens_thai_19_2030_rr2_body2_wick0.4_atrMin40', 'initial_balance': 10000.0, 'risk_pct': 0.0025, 'fee_rate': 0.0001, 'spread_atr_mult': 0.03, 'slippage_min_spread': 0.3, 'slippage_max_spread': 1.0, 'max_trades_per_day': 3, 'daily_loss_limit_pct': 0.03, 'max_hold_minutes': 720, 'seed': 42, 'sweep_lookback': 20, 'wick_body_min': 1.5, 'atr_percentile_min': 30.0, 'sweep_rr': 2.0, 'sl_atr_buffer': 0.1, 'use_m1_confirmation': False, 'session': 'ny', 'adx_min': 18.0, 'momentum_rr': 2.0, 'use_atr_expansion': False, 'body_mult': 2.0, 'max_wick_pct': 0.4, 'momentum_sl_atr_mult': 1.0, 'session_hours_utc': None, 'close_extreme_pct': None, 'ema_extension_atr_max': None, 'use_m15_ema_trend': False, 'use_m15_ema200_filter': False, 'momentum_atr_percentile_min': 40.0, 'momentum_atr_percentile_max': None, 'session_ranges_utc_minutes': ((720, 810),), 'entry_mode': 'next_m5'}",18.56975169580909,0.14409782608695632,0.036856841415079084,False
sensitivity,XAUUSDm,sens_thai_19_2030_rr1.6_body2.2_wick0.45_atrMin35,67,52.23880597014925,1.3096175077163488,2.466319235386036,-2.0059975568709136,3.681073485650822,0.14724293942603292,0.13617886178861788,-93.55087831960687,16,11,68.75,95.2914045347299,5,"{'strategy': 'momentum', 'variant': 'sens_thai_19_2030_rr1.6_body2.2_wick0.45_atrMin35', 'initial_balance': 10000.0, 'risk_pct': 0.0025, 'fee_rate': 0.0001, 'spread_atr_mult': 0.03, 'slippage_min_spread': 0.3, 'slippage_max_spread': 1.0, 'max_trades_per_day': 3, 'daily_loss_limit_pct': 0.03, 'max_hold_minutes': 720, 'seed': 42, 'sweep_lookback': 20, 'wick_body_min': 1.5, 'atr_percentile_min': 30.0, 'sweep_rr': 2.0, 'sl_atr_buffer': 0.1, 'use_m1_confirmation': False, 'session': 'ny', 'adx_min': 18.0, 'momentum_rr': 1.6, 'use_atr_expansion': False, 'body_mult': 2.2, 'max_wick_pct': 0.45, 'momentum_sl_atr_mult': 1.0, 'session_hours_utc': None, 'close_extreme_pct': None, 'ema_extension_atr_max': None, 'use_m15_ema_trend': False, 'use_m15_ema200_filter': False, 'momentum_atr_percentile_min': 35.0, 'momentum_atr_percentile_max': None, 'session_ranges_utc_minutes': ((720, 810),), 'entry_mode': 'next_m5'}",19.462435274799102,0.14773196162046898,0.04013284771313106,False
sensitivity,XAUUSDm,sens_thai_19_21_rr1.7_body1.8_wick0.4_atrMin35,112,48.214285714285715,1.3087258484518354,4.143977167759112,-2.3271622894647614,3.699979614070627,0.14799918456282507,0.22764227642276422,-77.8850845539568,17,10,58.82352941176471,169.89304037514995,7,"{'strategy': 'momentum', 'variant': 'sens_thai_19_21_rr1.7_body1.8_wick0.4_atrMin35', 'initial_balance': 10000.0, 'risk_pct': 0.0025, 'fee_rate': 0.0001, 'spread_atr_mult': 0.03, 'slippage_min_spread': 0.3, 'slippage_max_spread': 1.0, 'max_trades_per_day': 3, 'daily_loss_limit_pct': 0.03, 'max_hold_minutes': 720, 'seed': 42, 'sweep_lookback': 20, 'wick_body_min': 1.5, 'atr_percentile_min': 30.0, 'sweep_rr': 2.0, 'sl_atr_buffer': 0.1, 'use_m1_confirmation': False, 'session': 'ny', 'adx_min': 18.0, 'momentum_rr': 1.7, 'use_atr_expansion': False, 'body_mult': 1.8, 'max_wick_pct': 0.4, 'momentum_sl_atr_mult': 1.0, 'session_hours_utc': None, 'close_extreme_pct': None, 'ema_extension_atr_max': None, 'use_m15_ema_trend': False, 'use_m15_ema200_filter': False, 'momentum_atr_percentile_min': 35.0, 'momentum_atr_percentile_max': None, 'session_ranges_utc_minutes': ((720, 840),), 'entry_mode': 'next_m5'}",19.92970043488312,0.1513773788265303,0.04091303050721099,True
sensitivity,XAUUSDm,sens_thai_19_2030_rr2_body1.8_wick0.35_atrMin45,73,47.94520547945205,1.3080954515037462,2.850280071095731,-1.085383946469538,3.904493248076282,0.15617972992305126,0.1483739837398374,-77.595421346297,16,11,68.75,100.94845771652324,5,"{'strategy': 'momentum', 'variant': 'sens_thai_19_2030_rr2_body1.8_wick0.35_atrMin45', 'initial_balance': 10000.0, 'risk_pct': 0.0025, 'fee_rate': 0.0001, 'spread_atr_mult': 0.03, 'slippage_min_spread': 0.3, 'slippage_max_spread': 1.0, 'max_trades_per_day': 3, 'daily_loss_limit_pct': 0.03, 'max_hold_minutes': 720, 'seed': 42, 'sweep_lookback': 20, 'wick_body_min': 1.5, 'atr_percentile_min': 30.0, 'sweep_rr': 2.0, 'sl_atr_buffer': 0.1, 'use_m1_confirmation': False, 'session': 'ny', 'adx_min': 18.0, 'momentum_rr': 2.0, 'use_atr_expansion': False, 'body_mult': 1.8, 'max_wick_pct': 0.35, 'momentum_sl_atr_mult': 1.0, 'session_hours_utc': None, 'close_extreme_pct': None, 'ema_extension_atr_max': None, 'use_m15_ema_trend': False, 'use_m15_ema200_filter': False, 'momentum_atr_percentile_min': 45.0, 'momentum_atr_percentile_max': None, 'session_ranges_utc_minutes': ((720, 810),), 'entry_mode': 'next_m5'}",18.415695068201547,0.14791599804305264,0.03788353280311853,True
sensitivity,XAUUSDm,sens_thai_19_2030_rr2_body1.8_wick0.35_atrMin40,73,47.94520547945205,1.3078764928409934,2.8483971440857565,-1.085383946469538,3.901913896007854,0.15607655584031413,0.1483739837398374,-77.595421346297,16,11,68.75,100.94845771652324,5,"{'strategy': 'momentum', 'variant': 'sens_thai_19_2030_rr2_body1.8_wick0.35_atrMin40', 'initial_balance': 10000.0, 'risk_pct': 0.0025, 'fee_rate': 0.0001, 'spread_atr_mult': 0.03, 'slippage_min_spread': 0.3, 'slippage_max_spread': 1.0, 'max_trades_per_day': 3, 'daily_loss_limit_pct': 0.03, 'max_hold_minutes': 720, 'seed': 42, 'sweep_lookback': 20, 'wick_body_min': 1.5, 'atr_percentile_min': 30.0, 'sweep_rr': 2.0, 'sl_atr_buffer': 0.1, 'use_m1_confirmation': False, 'session': 'ny', 'adx_min': 18.0, 'momentum_rr': 2.0, 'use_atr_expansion': False, 'body_mult': 1.8, 'max_wick_pct': 0.35, 'momentum_sl_atr_mult': 1.0, 'session_hours_utc': None, 'close_extreme_pct': None, 'ema_extension_atr_max': None, 'use_m15_ema_trend': False, 'use_m15_ema200_filter': False, 'momentum_atr_percentile_min': 40.0, 'momentum_atr_percentile_max': None, 'session_ranges_utc_minutes': ((720, 810),), 'entry_mode': 'next_m5'}",18.39698856376642,0.1474371135029352,0.03778584495515953,True
sensitivity,XAUUSDm,sens_thai_19_21_rr1.6_body1.8_wick0.35_atrMin50,105,49.523809523809526,1.3075406361951258,3.718291913790418,-1.0931559306162035,3.541230394086146,0.1416492157634458,0.21341463414634146,-76.04692613936825,17,12,70.58823529411765,164.57159071999905,4,"{'strategy': 'momentum', 'variant': 'sens_thai_19_21_rr1.6_body1.8_wick0.35_atrMin50', 'initial_balance': 10000.0, 'risk_pct': 0.0025, 'fee_rate': 0.0001, 'spread_atr_mult': 0.03, 'slippage_min_spread': 0.3, 'slippage_max_spread': 1.0, 'max_trades_per_day': 3, 'daily_loss_limit_pct': 0.03, 'max_hold_minutes': 720, 'seed': 42, 'sweep_lookback': 20, 'wick_body_min': 1.5, 'atr_percentile_min': 30.0, 'sweep_rr': 2.0, 'sl_atr_buffer': 0.1, 'use_m1_confirmation': False, 'session': 'ny', 'adx_min': 18.0, 'momentum_rr': 1.6, 'use_atr_expansion': False, 'body_mult': 1.8, 'max_wick_pct': 0.35, 'momentum_sl_atr_mult': 1.0, 'session_hours_utc': None, 'close_extreme_pct': None, 'ema_extension_atr_max': None, 'use_m15_ema_trend': False, 'use_m15_ema200_filter': False, 'momentum_atr_percentile_min': 50.0, 'momentum_atr_percentile_max': None, 'session_ranges_utc_minutes': ((720, 840),), 'entry_mode': 'next_m5'}",20.103281904418218,0.15347822448979556,0.04334036688098695,True
sensitivity,XAUUSDm,sens_thai_19_21_rr1.9_body1.8_wick0.45_atrMin45,112,46.42857142857143,1.3054874983380051,4.255410062384708,-2.82271213674057,3.799473269986361,0.1519789307994545,0.22764227642276422,-145.3918345539566,17,10,58.82352941176471,193.82520627156822,7,"{'strategy': 'momentum', 'variant': 'sens_thai_19_21_rr1.9_body1.8_wick0.45_atrMin45', 'initial_balance': 10000.0, 'risk_pct': 0.0025, 'fee_rate': 0.0001, 'spread_atr_mult': 0.03, 'slippage_min_spread': 0.3, 'slippage_max_spread': 1.0, 'max_trades_per_day': 3, 'daily_loss_limit_pct': 0.03, 'max_hold_minutes': 720, 'seed': 42, 'sweep_lookback': 20, 'wick_body_min': 1.5, 'atr_percentile_min': 30.0, 'sweep_rr': 2.0, 'sl_atr_buffer': 0.1, 'use_m1_confirmation': False, 'session': 'ny', 'adx_min': 18.0, 'momentum_rr': 1.9, 'use_atr_expansion': False, 'body_mult': 1.8, 'max_wick_pct': 0.45, 'momentum_sl_atr_mult': 1.0, 'session_hours_utc': None, 'close_extreme_pct': None, 'ema_extension_atr_max': None, 'use_m15_ema_trend': False, 'use_m15_ema200_filter': False, 'momentum_atr_percentile_min': 45.0, 'momentum_atr_percentile_max': None, 'session_ranges_utc_minutes': ((720, 840),), 'entry_mode': 'next_m5'}",19.610608567577582,0.15149607780612215,0.03987291580726556,True
sensitivity,XAUUSDm,sens_thai_19_21_rr1.9_body1.8_wick0.45_atrMin40,112,46.42857142857143,1.3053422091480553,4.2535271604040465,-2.82271213674057,3.7977921075036414,0.1519116843001457,0.22764227642276422,-145.3918345539566,17,10,58.82352941176471,193.82520627156822,7,"{'strategy': 'momentum', 'variant': 'sens_thai_19_21_rr1.9_body1.8_wick0.45_atrMin40', 'initial_balance': 10000.0, 'risk_pct': 0.0025, 'fee_rate': 0.0001, 'spread_atr_mult': 0.03, 'slippage_min_spread': 0.3, 'slippage_max_spread': 1.0, 'max_trades_per_day': 3, 'daily_loss_limit_pct': 0.03, 'max_hold_minutes': 720, 'seed': 42, 'sweep_lookback': 20, 'wick_body_min': 1.5, 'atr_percentile_min': 30.0, 'sweep_rr': 2.0, 'sl_atr_buffer': 0.1, 'use_m1_confirmation': False, 'session': 'ny', 'adx_min': 18.0, 'momentum_rr': 1.9, 'use_atr_expansion': False, 'body_mult': 1.8, 'max_wick_pct': 0.45, 'momentum_sl_atr_mult': 1.0, 'session_hours_utc': None, 'close_extreme_pct': None, 'ema_extension_atr_max': None, 'use_m15_ema_trend': False, 'use_m15_ema200_filter': False, 'momentum_atr_percentile_min': 40.0, 'momentum_atr_percentile_max': None, 'session_ranges_utc_minutes': ((720, 840),), 'entry_mode': 'next_m5'}",19.598497446739298,0.15118394770408133,0.03980837903301067,True
sensitivity,XAUUSDm,sens_thai_19_2030_rr1.8_body1.8_wick0.4_atrMin50,72,48.61111111111111,1.3047880505227276,2.7016156528762623,-1.1247792321961703,3.752243962328139,0.15008975849312556,0.14634146341463414,-77.5980204895845,16,11,68.75,108.62449766370156,5,"{'strategy': 'momentum', 'variant': 'sens_thai_19_2030_rr1.8_body1.8_wick0.4_atrMin50', 'initial_balance': 10000.0, 'risk_pct': 0.0025, 'fee_rate': 0.0001, 'spread_atr_mult': 0.03, 'slippage_min_spread': 0.3, 'slippage_max_spread': 1.0, 'max_trades_per_day': 3, 'daily_loss_limit_pct': 0.03, 'max_hold_minutes': 720, 'seed': 42, 'sweep_lookback': 20, 'wick_body_min': 1.5, 'atr_percentile_min': 30.0, 'sweep_rr': 2.0, 'sl_atr_buffer': 0.1, 'use_m1_confirmation': False, 'session': 'ny', 'adx_min': 18.0, 'momentum_rr': 1.8, 'use_atr_expansion': False, 'body_mult': 1.8, 'max_wick_pct': 0.4, 'momentum_sl_atr_mult': 1.0, 'session_hours_utc': None, 'close_extreme_pct': None, 'ema_extension_atr_max': None, 'use_m15_ema_trend': False, 'use_m15_ema200_filter': False, 'momentum_atr_percentile_min': 50.0, 'momentum_atr_percentile_max': None, 'session_ranges_utc_minutes': ((720, 810),), 'entry_mode': 'next_m5'}",19.37836413218341,0.15084467261904733,0.04020119004347825,True
sensitivity,XAUUSDm,sens_thai_19_2030_rr1.8_body2.2_wick0.45_atrMin50,62,50.0,1.303437000439867,2.2990193893635475,-1.64911333228109,3.7080957892959714,0.1483238315718389,0.12601626016260162,-93.604209984154,16,12,75.0,79.58310984109887,4,"{'strategy': 'momentum', 'variant': 'sens_thai_19_2030_rr1.8_body2.2_wick0.45_atrMin50', 'initial_balance': 10000.0, 'risk_pct': 0.0025, 'fee_rate': 0.0001, 'spread_atr_mult': 0.03, 'slippage_min_spread': 0.3, 'slippage_max_spread': 1.0, 'max_trades_per_day': 3, 'daily_loss_limit_pct': 0.03, 'max_hold_minutes': 720, 'seed': 42, 'sweep_lookback': 20, 'wick_body_min': 1.5, 'atr_percentile_min': 30.0, 'sweep_rr': 2.0, 'sl_atr_buffer': 0.1, 'use_m1_confirmation': False, 'session': 'ny', 'adx_min': 18.0, 'momentum_rr': 1.8, 'use_atr_expansion': False, 'body_mult': 2.2, 'max_wick_pct': 0.45, 'momentum_sl_atr_mult': 1.0, 'session_hours_utc': None, 'close_extreme_pct': None, 'ema_extension_atr_max': None, 'use_m15_ema_trend': False, 'use_m15_ema200_filter': False, 'momentum_atr_percentile_min': 50.0, 'momentum_atr_percentile_max': None, 'session_ranges_utc_minutes': ((720, 810),), 'entry_mode': 'next_m5'}",19.792787509604302,0.14920900921658967,0.04023871488091165,False
sensitivity,XAUUSDm,sens_thai_1930_21_rr1.8_body2_wick0.45_atrMin50,90,48.888888888888886,1.3016469588096915,3.094701035590515,-1.320227812605053,3.4385567062116884,0.13754226824846758,0.18292682926829268,-98.37474227326325,17,11,64.70588235294117,158.18671661603548,5,"{'strategy': 'momentum', 'variant': 'sens_thai_1930_21_rr1.8_body2_wick0.45_atrMin50', 'initial_balance': 10000.0, 'risk_pct': 0.0025, 'fee_rate': 0.0001, 'spread_atr_mult': 0.03, 'slippage_min_spread': 0.3, 'slippage_max_spread': 1.0, 'max_trades_per_day': 3, 'daily_loss_limit_pct': 0.03, 'max_hold_minutes': 720, 'seed': 42, 'sweep_lookback': 20, 'wick_body_min': 1.5, 'atr_percentile_min': 30.0, 'sweep_rr': 2.0, 'sl_atr_buffer': 0.1, 'use_m1_confirmation': False, 'session': 'ny', 'adx_min': 18.0, 'momentum_rr': 1.8, 'use_atr_expansion': False, 'body_mult': 2.0, 'max_wick_pct': 0.45, 'momentum_sl_atr_mult': 1.0, 'session_hours_utc': None, 'close_extreme_pct': None, 'ema_extension_atr_max': None, 'use_m15_ema_trend': False, 'use_m15_ema200_filter': False, 'momentum_atr_percentile_min': 50.0, 'momentum_atr_percentile_max': None, 'session_ranges_utc_minutes': ((750, 840),), 'entry_mode': 'next_m5'}",21.52737016229077,0.15932192857142818,0.04633395409289488,True
sensitivity,XAUUSDm,sens_thai_1930_21_rr1.6_body2_wick0.4_atrMin50,87,50.57471264367817,1.2996061711793638,2.8877309040279213,-1.2221506998011995,3.319230924170002,0.13276923696680015,0.17682926829268292,-98.37474227326325,17,12,70.58823529411765,153.80222805770035,5,"{'strategy': 'momentum', 'variant': 'sens_thai_1930_21_rr1.6_body2_wick0.4_atrMin50', 'initial_balance': 10000.0, 'risk_pct': 0.0025, 'fee_rate': 0.0001, 'spread_atr_mult': 0.03, 'slippage_min_spread': 0.3, 'slippage_max_spread': 1.0, 'max_trades_per_day': 3, 'daily_loss_limit_pct': 0.03, 'max_hold_minutes': 720, 'seed': 42, 'sweep_lookback': 20, 'wick_body_min': 1.5, 'atr_percentile_min': 30.0, 'sweep_rr': 2.0, 'sl_atr_buffer': 0.1, 'use_m1_confirmation': False, 'session': 'ny', 'adx_min': 18.0, 'momentum_rr': 1.6, 'use_atr_expansion': False, 'body_mult': 2.0, 'max_wick_pct': 0.4, 'momentum_sl_atr_mult': 1.0, 'session_hours_utc': None, 'close_extreme_pct': None, 'ema_extension_atr_max': None, 'use_m15_ema_trend': False, 'use_m15_ema200_filter': False, 'momentum_atr_percentile_min': 50.0, 'momentum_atr_percentile_max': None, 'session_ranges_utc_minutes': ((750, 840),), 'entry_mode': 'next_m5'}",21.61323754287063,0.15975955665024588,0.04813149801868484,True
sensitivity,XAUUSDm,sens_thai_19_2030_rr1.6_body2.2_wick0.4_atrMin35,67,50.74626865671642,1.2988219385200266,2.385201288093231,-2.022158938855086,3.5600019225272184,0.14240007690108877,0.13617886178861788,-93.55087831960687,16,11,68.75,95.2914045347299,6,"{'strategy': 'momentum', 'variant': 'sens_thai_19_2030_rr1.6_body2.2_wick0.4_atrMin35', 'initial_balance': 10000.0, 'risk_pct': 0.0025, 'fee_rate': 0.0001, 'spread_atr_mult': 0.03, 'slippage_min_spread': 0.3, 'slippage_max_spread': 1.0, 'max_trades_per_day': 3, 'daily_loss_limit_pct': 0.03, 'max_hold_minutes': 720, 'seed': 42, 'sweep_lookback': 20, 'wick_body_min': 1.5, 'atr_percentile_min': 30.0, 'sweep_rr': 2.0, 'sl_atr_buffer': 0.1, 'use_m1_confirmation': False, 'session': 'ny', 'adx_min': 18.0, 'momentum_rr': 1.6, 'use_atr_expansion': False, 'body_mult': 2.2, 'max_wick_pct': 0.4, 'momentum_sl_atr_mult': 1.0, 'session_hours_utc': None, 'close_extreme_pct': None, 'ema_extension_atr_max': None, 'use_m15_ema_trend': False, 'use_m15_ema200_filter': False, 'momentum_atr_percentile_min': 35.0, 'momentum_atr_percentile_max': None, 'session_ranges_utc_minutes': ((720, 810),), 'entry_mode': 'next_m5'}",19.572379664585412,0.14800423240938157,0.04157420013535119,False
sensitivity,XAUUSDm,sens_thai_1930_21_rr1.7_body2_wick0.4_atrMin50,87,49.42528735632184,1.2940506774355593,2.9126884040279584,-1.600037287521848,3.3479177057792304,0.1339167082311692,0.17682926829268292,-98.37474227326325,17,11,64.70588235294117,166.30247805770193,5,"{'strategy': 'momentum', 'variant': 'sens_thai_1930_21_rr1.7_body2_wick0.4_atrMin50', 'initial_balance': 10000.0, 'risk_pct': 0.0025, 'fee_rate': 0.0001, 'spread_atr_mult': 0.03, 'slippage_min_spread': 0.3, 'slippage_max_spread': 1.0, 'max_trades_per_day': 3, 'daily_loss_limit_pct': 0.03, 'max_hold_minutes': 720, 'seed': 42, 'sweep_lookback': 20, 'wick_body_min': 1.5, 'atr_percentile_min': 30.0, 'sweep_rr': 2.0, 'sl_atr_buffer': 0.1, 'use_m1_confirmation': False, 'session': 'ny', 'adx_min': 18.0, 'momentum_rr': 1.7, 'use_atr_expansion': False, 'body_mult': 2.0, 'max_wick_pct': 0.4, 'momentum_sl_atr_mult': 1.0, 'session_hours_utc': None, 'close_extreme_pct': None, 'ema_extension_atr_max': None, 'use_m15_ema_trend': False, 'use_m15_ema200_filter': False, 'momentum_atr_percentile_min': 50.0, 'momentum_atr_percentile_max': None, 'session_ranges_utc_minutes': ((750, 840),), 'entry_mode': 'next_m5'}",21.61323754287063,0.15975955665024588,0.04771908113943969,True
sensitivity,XAUUSDm,sens_thai_19_21_rr2_body2_wick0.45_atrMin50,102,46.07843137254902,1.2928474417105542,3.681915517947873,-2.8769949803755863,3.6097210960273465,0.14438884384109388,0.2073170731707317,-145.50611915675782,17,9,52.94117647058824,175.4110162734235,6,"{'strategy': 'momentum', 'variant': 'sens_thai_19_21_rr2_body2_wick0.45_atrMin50', 'initial_balance': 10000.0, 'risk_pct': 0.0025, 'fee_rate': 0.0001, 'spread_atr_mult': 0.03, 'slippage_min_spread': 0.3, 'slippage_max_spread': 1.0, 'max_trades_per_day': 3, 'daily_loss_limit_pct': 0.03, 'max_hold_minutes': 720, 'seed': 42, 'sweep_lookback': 20, 'wick_body_min': 1.5, 'atr_percentile_min': 30.0, 'sweep_rr': 2.0, 'sl_atr_buffer': 0.1, 'use_m1_confirmation': False, 'session': 'ny', 'adx_min': 18.0, 'momentum_rr': 2.0, 'use_atr_expansion': False, 'body_mult': 2.0, 'max_wick_pct': 0.45, 'momentum_sl_atr_mult': 1.0, 'session_hours_utc': None, 'close_extreme_pct': None, 'ema_extension_atr_max': None, 'use_m15_ema_trend': False, 'use_m15_ema200_filter': False, 'momentum_atr_percentile_min': 50.0, 'momentum_atr_percentile_max': None, 'session_ranges_utc_minutes': ((720, 840),), 'entry_mode': 'next_m5'}",20.040224523615702,0.15008943277310893,0.041579232516963376,True
sensitivity,XAUUSDm,sens_thai_19_2030_rr1.8_body2.2_wick0.4_atrMin50,62,48.38709677419355,1.292103869230497,2.2179394872479317,-1.6653799295430058,3.5773217536256228,0.14309287014502495,0.12601626016260162,-93.604209984154,16,12,75.0,79.58310984109887,5,"{'strategy': 'momentum', 'variant': 'sens_thai_19_2030_rr1.8_body2.2_wick0.4_atrMin50', 'initial_balance': 10000.0, 'risk_pct': 0.0025, 'fee_rate': 0.0001, 'spread_atr_mult': 0.03, 'slippage_min_spread': 0.3, 'slippage_max_spread': 1.0, 'max_trades_per_day': 3, 'daily_loss_limit_pct': 0.03, 'max_hold_minutes': 720, 'seed': 42, 'sweep_lookback': 20, 'wick_body_min': 1.5, 'atr_percentile_min': 30.0, 'sweep_rr': 2.0, 'sl_atr_buffer': 0.1, 'use_m1_confirmation': False, 'session': 'ny', 'adx_min': 18.0, 'momentum_rr': 1.8, 'use_atr_expansion': False, 'body_mult': 2.2, 'max_wick_pct': 0.4, 'momentum_sl_atr_mult': 1.0, 'session_hours_utc': None, 'close_extreme_pct': None, 'ema_extension_atr_max': None, 'use_m15_ema_trend': False, 'use_m15_ema200_filter': False, 'momentum_atr_percentile_min': 50.0, 'momentum_atr_percentile_max': None, 'session_ranges_utc_minutes': ((720, 810),), 'entry_mode': 'next_m5'}",19.911612705580705,0.1495032373271887,0.041791945937115355,False
sensitivity,XAUUSDm,sens_thai_19_2030_rr2_body1.8_wick0.45_atrMin35,76,47.368421052631575,1.2910065720920352,2.8415015914309696,-2.0672844875331418,3.7388178834618335,0.1495527153384733,0.15447154471544716,-119.3108747119868,16,11,68.75,100.77872370391866,6,"{'strategy': 'momentum', 'variant': 'sens_thai_19_2030_rr2_body1.8_wick0.45_atrMin35', 'initial_balance': 10000.0, 'risk_pct': 0.0025, 'fee_rate': 0.0001, 'spread_atr_mult': 0.03, 'slippage_min_spread': 0.3, 'slippage_max_spread': 1.0, 'max_trades_per_day': 3, 'daily_loss_limit_pct': 0.03, 'max_hold_minutes': 720, 'seed': 42, 'sweep_lookback': 20, 'wick_body_min': 1.5, 'atr_percentile_min': 30.0, 'sweep_rr': 2.0, 'sl_atr_buffer': 0.1, 'use_m1_confirmation': False, 'session': 'ny', 'adx_min': 18.0, 'momentum_rr': 2.0, 'use_atr_expansion': False, 'body_mult': 1.8, 'max_wick_pct': 0.45, 'momentum_sl_atr_mult': 1.0, 'session_hours_utc': None, 'close_extreme_pct': None, 'ema_extension_atr_max': None, 'use_m15_ema_trend': False, 'use_m15_ema200_filter': False, 'momentum_atr_percentile_min': 35.0, 'momentum_atr_percentile_max': None, 'session_ranges_utc_minutes': ((720, 810),), 'entry_mode': 'next_m5'}",18.356797442686027,0.14660117481202994,0.03921056852233987,True
sensitivity,XAUUSDm,sens_thai_19_2030_rr1.6_body1.8_wick0.45_atrMin45,76,51.31578947368421,1.2905426073582917,2.611089765591005,-1.2764528445517807,3.435644428409266,0.13742577713637064,0.15447154471544716,-77.60009646182955,16,11,68.75,88.6067896970251,5,"{'strategy': 'momentum', 'variant': 'sens_thai_19_2030_rr1.6_body1.8_wick0.45_atrMin45', 'initial_balance': 10000.0, 'risk_pct': 0.0025, 'fee_rate': 0.0001, 'spread_atr_mult': 0.03, 'slippage_min_spread': 0.3, 'slippage_max_spread': 1.0, 'max_trades_per_day': 3, 'daily_loss_limit_pct': 0.03, 'max_hold_minutes': 720, 'seed': 42, 'sweep_lookback': 20, 'wick_body_min': 1.5, 'atr_percentile_min': 30.0, 'sweep_rr': 2.0, 'sl_atr_buffer': 0.1, 'use_m1_confirmation': False, 'session': 'ny', 'adx_min': 18.0, 'momentum_rr': 1.6, 'use_atr_expansion': False, 'body_mult': 1.8, 'max_wick_pct': 0.45, 'momentum_sl_atr_mult': 1.0, 'session_hours_utc': None, 'close_extreme_pct': None, 'ema_extension_atr_max': None, 'use_m15_ema_trend': False, 'use_m15_ema200_filter': False, 'momentum_atr_percentile_min': 45.0, 'momentum_atr_percentile_max': None, 'session_ranges_utc_minutes': ((720, 810),), 'entry_mode': 'next_m5'}",19.12082412746974,0.15076860902255618,0.04388364749735274,True
sensitivity,XAUUSDm,sens_thai_19_2030_rr1.6_body1.8_wick0.45_atrMin40,76,51.31578947368421,1.2903184781815265,2.6092093100186866,-1.2764528445517807,3.4331701447614837,0.1373268057904594,0.15447154471544716,-77.60009646182955,16,11,68.75,88.6067896970251,5,"{'strategy': 'momentum', 'variant': 'sens_thai_19_2030_rr1.6_body1.8_wick0.45_atrMin40', 'initial_balance': 10000.0, 'risk_pct': 0.0025, 'fee_rate': 0.0001, 'spread_atr_mult': 0.03, 'slippage_min_spread': 0.3, 'slippage_max_spread': 1.0, 'max_trades_per_day': 3, 'daily_loss_limit_pct': 0.03, 'max_hold_minutes': 720, 'seed': 42, 'sweep_lookback': 20, 'wick_body_min': 1.5, 'atr_percentile_min': 30.0, 'sweep_rr': 2.0, 'sl_atr_buffer': 0.1, 'use_m1_confirmation': False, 'session': 'ny', 'adx_min': 18.0, 'momentum_rr': 1.6, 'use_atr_expansion': False, 'body_mult': 1.8, 'max_wick_pct': 0.45, 'momentum_sl_atr_mult': 1.0, 'session_hours_utc': None, 'close_extreme_pct': None, 'ema_extension_atr_max': None, 'use_m15_ema_trend': False, 'use_m15_ema200_filter': False, 'momentum_atr_percentile_min': 40.0, 'momentum_atr_percentile_max': None, 'session_ranges_utc_minutes': ((720, 810),), 'entry_mode': 'next_m5'}",19.10291731926692,0.15030862781954865,0.043781292939674914,True
sensitivity,XAUUSDm,sens_thai_19_21_rr1.6_body1.8_wick0.4_atrMin35,112,49.107142857142854,1.2902892061662528,3.819019667759112,-1.841194690184313,3.4098389890706704,0.1363935595628268,0.22764227642276422,-80.3853345539567,17,11,64.70588235294117,159.89204037515034,7,"{'strategy': 'momentum', 'variant': 'sens_thai_19_21_rr1.6_body1.8_wick0.4_atrMin35', 'initial_balance': 10000.0, 'risk_pct': 0.0025, 'fee_rate': 0.0001, 'spread_atr_mult': 0.03, 'slippage_min_spread': 0.3, 'slippage_max_spread': 1.0, 'max_trades_per_day': 3, 'daily_loss_limit_pct': 0.03, 'max_hold_minutes': 720, 'seed': 42, 'sweep_lookback': 20, 'wick_body_min': 1.5, 'atr_percentile_min': 30.0, 'sweep_rr': 2.0, 'sl_atr_buffer': 0.1, 'use_m1_confirmation': False, 'session': 'ny', 'adx_min': 18.0, 'momentum_rr': 1.6, 'use_atr_expansion': False, 'body_mult': 1.8, 'max_wick_pct': 0.4, 'momentum_sl_atr_mult': 1.0, 'session_hours_utc': None, 'close_extreme_pct': None, 'ema_extension_atr_max': None, 'use_m15_ema_trend': False, 'use_m15_ema200_filter': False, 'momentum_atr_percentile_min': 35.0, 'momentum_atr_percentile_max': None, 'session_ranges_utc_minutes': ((720, 840),), 'entry_mode': 'next_m5'}",19.92970043488312,0.1513773788265303,0.04439428938191221,True
sensitivity,XAUUSDm,sens_thai_19_2030_rr1.6_body1.8_wick0.35_atrMin50,71,50.70422535211267,1.289196930126557,2.41352508525204,-0.877458161415064,3.399331105988659,0.13597324423954635,0.1443089430894309,-77.5988783890476,16,12,75.0,88.84244862731362,5,"{'strategy': 'momentum', 'variant': 'sens_thai_19_2030_rr1.6_body1.8_wick0.35_atrMin50', 'initial_balance': 10000.0, 'risk_pct': 0.0025, 'fee_rate': 0.0001, 'spread_atr_mult': 0.03, 'slippage_min_spread': 0.3, 'slippage_max_spread': 1.0, 'max_trades_per_day': 3, 'daily_loss_limit_pct': 0.03, 'max_hold_minutes': 720, 'seed': 42, 'sweep_lookback': 20, 'wick_body_min': 1.5, 'atr_percentile_min': 30.0, 'sweep_rr': 2.0, 'sl_atr_buffer': 0.1, 'use_m1_confirmation': False, 'session': 'ny', 'adx_min': 18.0, 'momentum_rr': 1.6, 'use_atr_expansion': False, 'body_mult': 1.8, 'max_wick_pct': 0.35, 'momentum_sl_atr_mult': 1.0, 'session_hours_utc': None, 'close_extreme_pct': None, 'ema_extension_atr_max': None, 'use_m15_ema_trend': False, 'use_m15_ema200_filter': False, 'momentum_atr_percentile_min': 50.0, 'momentum_atr_percentile_max': None, 'session_ranges_utc_minutes': ((720, 810),), 'entry_mode': 'next_m5'}",19.369580515040347,0.15119737424547253,0.044478566380046235,True
sensitivity,XAUUSDm,sens_thai_19_21_rr1.8_body1.8_wick0.4_atrMin50,107,46.728971962616825,1.2890103983085706,3.7627513344570978,-2.090927916978013,3.516590032202897,0.1406636012881158,0.21747967479674796,-75.96156151022574,17,11,64.70588235294117,178.74909264335116,6,"{'strategy': 'momentum', 'variant': 'sens_thai_19_21_rr1.8_body1.8_wick0.4_atrMin50', 'initial_balance': 10000.0, 'risk_pct': 0.0025, 'fee_rate': 0.0001, 'spread_atr_mult': 0.03, 'slippage_min_spread': 0.3, 'slippage_max_spread': 1.0, 'max_trades_per_day': 3, 'daily_loss_limit_pct': 0.03, 'max_hold_minutes': 720, 'seed': 42, 'sweep_lookback': 20, 'wick_body_min': 1.5, 'atr_percentile_min': 30.0, 'sweep_rr': 2.0, 'sl_atr_buffer': 0.1, 'use_m1_confirmation': False, 'session': 'ny', 'adx_min': 18.0, 'momentum_rr': 1.8, 'use_atr_expansion': False, 'body_mult': 1.8, 'max_wick_pct': 0.4, 'momentum_sl_atr_mult': 1.0, 'session_hours_utc': None, 'close_extreme_pct': None, 'ema_extension_atr_max': None, 'use_m15_ema_trend': False, 'use_m15_ema200_filter': False, 'momentum_atr_percentile_min': 50.0, 'momentum_atr_percentile_max': None, 'session_ranges_utc_minutes': ((720, 840),), 'entry_mode': 'next_m5'}",20.281782873657292,0.15387676902536676,0.04375738076268554,True
sensitivity,XAUUSDm,sens_thai_19_21_rr1.8_body1.8_wick0.45_atrMin45,113,46.902654867256636,1.2883154627759408,3.9676170711741907,-2.209116749985201,3.5111655497116687,0.1404466219884668,0.22967479674796748,-75.94408898505408,17,10,58.82352941176471,178.82470627156846,6,"{'strategy': 'momentum', 'variant': 'sens_thai_19_21_rr1.8_body1.8_wick0.45_atrMin45', 'initial_balance': 10000.0, 'risk_pct': 0.0025, 'fee_rate': 0.0001, 'spread_atr_mult': 0.03, 'slippage_min_spread': 0.3, 'slippage_max_spread': 1.0, 'max_trades_per_day': 3, 'daily_loss_limit_pct': 0.03, 'max_hold_minutes': 720, 'seed': 42, 'sweep_lookback': 20, 'wick_body_min': 1.5, 'atr_percentile_min': 30.0, 'sweep_rr': 2.0, 'sl_atr_buffer': 0.1, 'use_m1_confirmation': False, 'session': 'ny', 'adx_min': 18.0, 'momentum_rr': 1.8, 'use_atr_expansion': False, 'body_mult': 1.8, 'max_wick_pct': 0.45, 'momentum_sl_atr_mult': 1.0, 'session_hours_utc': None, 'close_extreme_pct': None, 'ema_extension_atr_max': None, 'use_m15_ema_trend': False, 'use_m15_ema200_filter': False, 'momentum_atr_percentile_min': 45.0, 'momentum_atr_percentile_max': None, 'session_ranges_utc_minutes': ((720, 840),), 'entry_mode': 'next_m5'}",20.005382491421944,0.15319672566371648,0.043631302339559794,True
sensitivity,XAUUSDm,sens_thai_19_21_rr1.8_body1.8_wick0.45_atrMin40,113,46.902654867256636,1.2881689704536519,3.9657341691935475,-2.209116749985201,3.50949926477305,0.14037997059092203,0.22967479674796748,-75.94408898505408,17,10,58.82352941176471,178.82470627156846,6,"{'strategy': 'momentum', 'variant': 'sens_thai_19_21_rr1.8_body1.8_wick0.45_atrMin40', 'initial_balance': 10000.0, 'risk_pct': 0.0025, 'fee_rate': 0.0001, 'spread_atr_mult': 0.03, 'slippage_min_spread': 0.3, 'slippage_max_spread': 1.0, 'max_trades_per_day': 3, 'daily_loss_limit_pct': 0.03, 'max_hold_minutes': 720, 'seed': 42, 'sweep_lookback': 20, 'wick_body_min': 1.5, 'atr_percentile_min': 30.0, 'sweep_rr': 2.0, 'sl_atr_buffer': 0.1, 'use_m1_confirmation': False, 'session': 'ny', 'adx_min': 18.0, 'momentum_rr': 1.8, 'use_atr_expansion': False, 'body_mult': 1.8, 'max_wick_pct': 0.45, 'momentum_sl_atr_mult': 1.0, 'session_hours_utc': None, 'close_extreme_pct': None, 'ema_extension_atr_max': None, 'use_m15_ema_trend': False, 'use_m15_ema200_filter': False, 'momentum_atr_percentile_min': 40.0, 'momentum_atr_percentile_max': None, 'session_ranges_utc_minutes': ((720, 840),), 'entry_mode': 'next_m5'}",19.993378548644177,0.1528873577749681,0.04356386659190678,True
sensitivity,XAUUSDm,sens_thai_1930_21_rr1.9_body2_wick0.45_atrMin50,90,47.77777777777778,1.2871486579996076,3.0196535355905327,-1.1533294284812128,3.355170595100564,0.13420682380402257,0.18292682926829268,-98.37474227326325,17,11,64.70588235294117,168.1872166160366,5,"{'strategy': 'momentum', 'variant': 'sens_thai_1930_21_rr1.9_body2_wick0.45_atrMin50', 'initial_balance': 10000.0, 'risk_pct': 0.0025, 'fee_rate': 0.0001, 'spread_atr_mult': 0.03, 'slippage_min_spread': 0.3, 'slippage_max_spread': 1.0, 'max_trades_per_day': 3, 'daily_loss_limit_pct': 0.03, 'max_hold_minutes': 720, 'seed': 42, 'sweep_lookback': 20, 'wick_body_min': 1.5, 'atr_percentile_min': 30.0, 'sweep_rr': 2.0, 'sl_atr_buffer': 0.1, 'use_m1_confirmation': False, 'session': 'ny', 'adx_min': 18.0, 'momentum_rr': 1.9, 'use_atr_expansion': False, 'body_mult': 2.0, 'max_wick_pct': 0.45, 'momentum_sl_atr_mult': 1.0, 'session_hours_utc': None, 'close_extreme_pct': None, 'ema_extension_atr_max': None, 'use_m15_ema_trend': False, 'use_m15_ema200_filter': False, 'momentum_atr_percentile_min': 50.0, 'momentum_atr_percentile_max': None, 'session_ranges_utc_minutes': ((750, 840),), 'entry_mode': 'next_m5'}",21.52737016229077,0.15932192857142818,0.04748549263160578,True
sensitivity,XAUUSDm,sens_thai_19_2030_rr2_body1.8_wick0.4_atrMin35,75,46.666666666666664,1.2835779475892912,2.7708825431686273,-2.0836333454889244,3.6945100575581757,0.14778040230232697,0.1524390243902439,-119.3108747119868,16,11,68.75,100.77872370391866,7,"{'strategy': 'momentum', 'variant': 'sens_thai_19_2030_rr2_body1.8_wick0.4_atrMin35', 'initial_balance': 10000.0, 'risk_pct': 0.0025, 'fee_rate': 0.0001, 'spread_atr_mult': 0.03, 'slippage_min_spread': 0.3, 'slippage_max_spread': 1.0, 'max_trades_per_day': 3, 'daily_loss_limit_pct': 0.03, 'max_hold_minutes': 720, 'seed': 42, 'sweep_lookback': 20, 'wick_body_min': 1.5, 'atr_percentile_min': 30.0, 'sweep_rr': 2.0, 'sl_atr_buffer': 0.1, 'use_m1_confirmation': False, 'session': 'ny', 'adx_min': 18.0, 'momentum_rr': 2.0, 'use_atr_expansion': False, 'body_mult': 1.8, 'max_wick_pct': 0.4, 'momentum_sl_atr_mult': 1.0, 'session_hours_utc': None, 'close_extreme_pct': None, 'ema_extension_atr_max': None, 'use_m15_ema_trend': False, 'use_m15_ema200_filter': False, 'momentum_atr_percentile_min': 35.0, 'momentum_atr_percentile_max': None, 'session_ranges_utc_minutes': ((720, 810),), 'entry_mode': 'next_m5'}",18.27594867419095,0.1460081999999998,0.03952031466291405,True
sensitivity,XAUUSDm,sens_thai_19_21_rr2_body2_wick0.45_atrMin45,105,45.714285714285715,1.28315080945868,3.6934582198234605,-2.7531842303504956,3.5175792569747304,0.14070317027898924,0.21341463414634146,-145.49094433007323,17,10,58.82352941176471,175.37428408243852,7,"{'strategy': 'momentum', 'variant': 'sens_thai_19_21_rr2_body2_wick0.45_atrMin45', 'initial_balance': 10000.0, 'risk_pct': 0.0025, 'fee_rate': 0.0001, 'spread_atr_mult': 0.03, 'slippage_min_spread': 0.3, 'slippage_max_spread': 1.0, 'max_trades_per_day': 3, 'daily_loss_limit_pct': 0.03, 'max_hold_minutes': 720, 'seed': 42, 'sweep_lookback': 20, 'wick_body_min': 1.5, 'atr_percentile_min': 30.0, 'sweep_rr': 2.0, 'sl_atr_buffer': 0.1, 'use_m1_confirmation': False, 'session': 'ny', 'adx_min': 18.0, 'momentum_rr': 2.0, 'use_atr_expansion': False, 'body_mult': 2.0, 'max_wick_pct': 0.45, 'momentum_sl_atr_mult': 1.0, 'session_hours_utc': None, 'close_extreme_pct': None, 'ema_extension_atr_max': None, 'use_m15_ema_trend': False, 'use_m15_ema200_filter': False, 'momentum_atr_percentile_min': 45.0, 'momentum_atr_percentile_max': None, 'session_ranges_utc_minutes': ((720, 840),), 'entry_mode': 'next_m5'}",19.787004404811604,0.14967281632653034,0.04254994852774274,True
sensitivity,XAUUSDm,sens_thai_19_21_rr2_body2_wick0.45_atrMin40,105,45.714285714285715,1.282996678620688,3.69157757119172,-2.7531842303504956,3.515788163039756,0.14063152652159025,0.21341463414634146,-145.49094433007323,17,10,58.82352941176471,175.37428408243852,7,"{'strategy': 'momentum', 'variant': 'sens_thai_19_21_rr2_body2_wick0.45_atrMin40', 'initial_balance': 10000.0, 'risk_pct': 0.0025, 'fee_rate': 0.0001, 'spread_atr_mult': 0.03, 'slippage_min_spread': 0.3, 'slippage_max_spread': 1.0, 'max_trades_per_day': 3, 'daily_loss_limit_pct': 0.03, 'max_hold_minutes': 720, 'seed': 42, 'sweep_lookback': 20, 'wick_body_min': 1.5, 'atr_percentile_min': 30.0, 'sweep_rr': 2.0, 'sl_atr_buffer': 0.1, 'use_m1_confirmation': False, 'session': 'ny', 'adx_min': 18.0, 'momentum_rr': 2.0, 'use_atr_expansion': False, 'body_mult': 2.0, 'max_wick_pct': 0.45, 'momentum_sl_atr_mult': 1.0, 'session_hours_utc': None, 'close_extreme_pct': None, 'ema_extension_atr_max': None, 'use_m15_ema_trend': False, 'use_m15_ema200_filter': False, 'momentum_atr_percentile_min': 40.0, 'momentum_atr_percentile_max': None, 'session_ranges_utc_minutes': ((720, 840),), 'entry_mode': 'next_m5'}",19.774138670138026,0.1493398775510201,0.04247692711437444,True
sensitivity,XAUUSDm,sens_thai_19_2030_rr1.6_body1.8_wick0.4_atrMin45,75,50.66666666666667,1.282509628964314,2.5406910700594745,-1.2927119852385458,3.387588093412697,0.1355035237365079,0.1524390243902439,-77.59841762291197,16,11,68.75,88.6067896970251,6,"{'strategy': 'momentum', 'variant': 'sens_thai_19_2030_rr1.6_body1.8_wick0.4_atrMin45', 'initial_balance': 10000.0, 'risk_pct': 0.0025, 'fee_rate': 0.0001, 'spread_atr_mult': 0.03, 'slippage_min_spread': 0.3, 'slippage_max_spread': 1.0, 'max_trades_per_day': 3, 'daily_loss_limit_pct': 0.03, 'max_hold_minutes': 720, 'seed': 42, 'sweep_lookback': 20, 'wick_body_min': 1.5, 'atr_percentile_min': 30.0, 'sweep_rr': 2.0, 'sl_atr_buffer': 0.1, 'use_m1_confirmation': False, 'session': 'ny', 'adx_min': 18.0, 'momentum_rr': 1.6, 'use_atr_expansion': False, 'body_mult': 1.8, 'max_wick_pct': 0.4, 'momentum_sl_atr_mult': 1.0, 'session_hours_utc': None, 'close_extreme_pct': None, 'ema_extension_atr_max': None, 'use_m15_ema_trend': False, 'use_m15_ema200_filter': False, 'momentum_atr_percentile_min': 45.0, 'momentum_atr_percentile_max': None, 'session_ranges_utc_minutes': ((720, 810),), 'entry_mode': 'next_m5'}",19.049475647017196,0.15023119999999976,0.044347540449835215,True
sensitivity,XAUUSDm,sens_thai_19_2030_rr1.7_body1.8_wick0.45_atrMin45,76,50.0,1.2823877631399077,2.6110247655910643,-1.2826388917108693,3.4355589020934802,0.13742235608373923,0.15447154471544716,-77.60009646182955,16,10,62.5,98.60678969702641,5,"{'strategy': 'momentum', 'variant': 'sens_thai_19_2030_rr1.7_body1.8_wick0.45_atrMin45', 'initial_balance': 10000.0, 'risk_pct': 0.0025, 'fee_rate': 0.0001, 'spread_atr_mult': 0.03, 'slippage_min_spread': 0.3, 'slippage_max_spread': 1.0, 'max_trades_per_day': 3, 'daily_loss_limit_pct': 0.03, 'max_hold_minutes': 720, 'seed': 42, 'sweep_lookback': 20, 'wick_body_min': 1.5, 'atr_percentile_min': 30.0, 'sweep_rr': 2.0, 'sl_atr_buffer': 0.1, 'use_m1_confirmation': False, 'session': 'ny', 'adx_min': 18.0, 'momentum_rr': 1.7, 'use_atr_expansion': False, 'body_mult': 1.8, 'max_wick_pct': 0.45, 'momentum_sl_atr_mult': 1.0, 'session_hours_utc': None, 'close_extreme_pct': None, 'ema_extension_atr_max': None, 'use_m15_ema_trend': False, 'use_m15_ema200_filter': False, 'momentum_atr_percentile_min': 45.0, 'momentum_atr_percentile_max': None, 'session_ranges_utc_minutes': ((720, 810),), 'entry_mode': 'next_m5'}",19.12082412746974,0.15076860902255618,0.043884739956192964,True
sensitivity,XAUUSDm,sens_thai_19_2030_rr1.6_body1.8_wick0.4_atrMin40,75,50.66666666666667,1.2822860695495566,2.5388106144871565,-1.2927119852385458,3.385080819316279,0.13540323277265115,0.1524390243902439,-77.59841762291197,16,11,68.75,88.6067896970251,6,"{'strategy': 'momentum', 'variant': 'sens_thai_19_2030_rr1.6_body1.8_wick0.4_atrMin40', 'initial_balance': 10000.0, 'risk_pct': 0.0025, 'fee_rate': 0.0001, 'spread_atr_mult': 0.03, 'slippage_min_spread': 0.3, 'slippage_max_spread': 1.0, 'max_trades_per_day': 3, 'daily_loss_limit_pct': 0.03, 'max_hold_minutes': 720, 'seed': 42, 'sweep_lookback': 20, 'wick_body_min': 1.5, 'atr_percentile_min': 30.0, 'sweep_rr': 2.0, 'sl_atr_buffer': 0.1, 'use_m1_confirmation': False, 'session': 'ny', 'adx_min': 18.0, 'momentum_rr': 1.6, 'use_atr_expansion': False, 'body_mult': 1.8, 'max_wick_pct': 0.4, 'momentum_sl_atr_mult': 1.0, 'session_hours_utc': None, 'close_extreme_pct': None, 'ema_extension_atr_max': None, 'use_m15_ema_trend': False, 'use_m15_ema200_filter': False, 'momentum_atr_percentile_min': 40.0, 'momentum_atr_percentile_max': None, 'session_ranges_utc_minutes': ((720, 810),), 'entry_mode': 'next_m5'}",19.03133008137167,0.14976508571428546,0.044242691299918535,True
sensitivity,XAUUSDm,sens_thai_19_2030_rr1.7_body1.8_wick0.45_atrMin40,76,50.0,1.28217032539692,2.609144310018728,-1.2826388917108693,3.4330846184456916,0.13732338473782765,0.15447154471544716,-77.60009646182955,16,10,62.5,98.60678969702641,5,"{'strategy': 'momentum', 'variant': 'sens_thai_19_2030_rr1.7_body1.8_wick0.45_atrMin40', 'initial_balance': 10000.0, 'risk_pct': 0.0025, 'fee_rate': 0.0001, 'spread_atr_mult': 0.03, 'slippage_min_spread': 0.3, 'slippage_max_spread': 1.0, 'max_trades_per_day': 3, 'daily_loss_limit_pct': 0.03, 'max_hold_minutes': 720, 'seed': 42, 'sweep_lookback': 20, 'wick_body_min': 1.5, 'atr_percentile_min': 30.0, 'sweep_rr': 2.0, 'sl_atr_buffer': 0.1, 'use_m1_confirmation': False, 'session': 'ny', 'adx_min': 18.0, 'momentum_rr': 1.7, 'use_atr_expansion': False, 'body_mult': 1.8, 'max_wick_pct': 0.45, 'momentum_sl_atr_mult': 1.0, 'session_hours_utc': None, 'close_extreme_pct': None, 'ema_extension_atr_max': None, 'use_m15_ema_trend': False, 'use_m15_ema200_filter': False, 'momentum_atr_percentile_min': 40.0, 'momentum_atr_percentile_max': None, 'session_ranges_utc_minutes': ((720, 810),), 'entry_mode': 'next_m5'}",19.10291731926692,0.15030862781954865,0.04378238363597341,True
sensitivity,XAUUSDm,sens_thai_19_2030_rr1.7_body2.2_wick0.45_atrMin45,65,50.76923076923077,1.2814829025571384,2.2420747735895565,-1.9545378688786752,3.4493458055224524,0.13797383222089812,0.13211382113821138,-93.55087831960687,16,12,75.0,88.61689946422032,5,"{'strategy': 'momentum', 'variant': 'sens_thai_19_2030_rr1.7_body2.2_wick0.45_atrMin45', 'initial_balance': 10000.0, 'risk_pct': 0.0025, 'fee_rate': 0.0001, 'spread_atr_mult': 0.03, 'slippage_min_spread': 0.3, 'slippage_max_spread': 1.0, 'max_trades_per_day': 3, 'daily_loss_limit_pct': 0.03, 'max_hold_minutes': 720, 'seed': 42, 'sweep_lookback': 20, 'wick_body_min': 1.5, 'atr_percentile_min': 30.0, 'sweep_rr': 2.0, 'sl_atr_buffer': 0.1, 'use_m1_confirmation': False, 'session': 'ny', 'adx_min': 18.0, 'momentum_rr': 1.7, 'use_atr_expansion': False, 'body_mult': 2.2, 'max_wick_pct': 0.45, 'momentum_sl_atr_mult': 1.0, 'session_hours_utc': None, 'close_extreme_pct': None, 'ema_extension_atr_max': None, 'use_m15_ema_trend': False, 'use_m15_ema200_filter': False, 'momentum_atr_percentile_min': 45.0, 'momentum_atr_percentile_max': None, 'session_ranges_utc_minutes': ((720, 810),), 'entry_mode': 'next_m5'}",19.391736897749503,0.1485766483516482,0.043073862908663677,False
sensitivity,XAUUSDm,sens_thai_1930_21_rr1.6_body2.2_wick0.4_atrMin50,81,49.382716049382715,1.2812907846239052,2.549705122517735,-1.9472139340945567,3.147784101873766,0.12591136407495065,0.16463414634146342,-91.92204859877154,17,12,70.58823529411765,152.66260899370286,5,"{'strategy': 'momentum', 'variant': 'sens_thai_1930_21_rr1.6_body2.2_wick0.4_atrMin50', 'initial_balance': 10000.0, 'risk_pct': 0.0025, 'fee_rate': 0.0001, 'spread_atr_mult': 0.03, 'slippage_min_spread': 0.3, 'slippage_max_spread': 1.0, 'max_trades_per_day': 3, 'daily_loss_limit_pct': 0.03, 'max_hold_minutes': 720, 'seed': 42, 'sweep_lookback': 20, 'wick_body_min': 1.5, 'atr_percentile_min': 30.0, 'sweep_rr': 2.0, 'sl_atr_buffer': 0.1, 'use_m1_confirmation': False, 'session': 'ny', 'adx_min': 18.0, 'momentum_rr': 1.6, 'use_atr_expansion': False, 'body_mult': 2.2, 'max_wick_pct': 0.4, 'momentum_sl_atr_mult': 1.0, 'session_hours_utc': None, 'close_extreme_pct': None, 'ema_extension_atr_max': None, 'use_m15_ema_trend': False, 'use_m15_ema200_filter': False, 'momentum_atr_percentile_min': 50.0, 'momentum_atr_percentile_max': None, 'session_ranges_utc_minutes': ((750, 840),), 'entry_mode': 'next_m5'}",21.786024456824926,0.16215415343915315,0.05151374687438965,True
sensitivity,XAUUSDm,sens_thai_19_2030_rr1.7_body2.2_wick0.45_atrMin40,65,50.76923076923077,1.2812307394109943,2.24019505189297,-1.9545378688786752,3.446453925989209,0.13785815703956839,0.13211382113821138,-93.55087831960687,16,12,75.0,88.61689946422032,5,"{'strategy': 'momentum', 'variant': 'sens_thai_19_2030_rr1.7_body2.2_wick0.45_atrMin40', 'initial_balance': 10000.0, 'risk_pct': 0.0025, 'fee_rate': 0.0001, 'spread_atr_mult': 0.03, 'slippage_min_spread': 0.3, 'slippage_max_spread': 1.0, 'max_trades_per_day': 3, 'daily_loss_limit_pct': 0.03, 'max_hold_minutes': 720, 'seed': 42, 'sweep_lookback': 20, 'wick_body_min': 1.5, 'atr_percentile_min': 30.0, 'sweep_rr': 2.0, 'sl_atr_buffer': 0.1, 'use_m1_confirmation': False, 'session': 'ny', 'adx_min': 18.0, 'momentum_rr': 1.7, 'use_atr_expansion': False, 'body_mult': 2.2, 'max_wick_pct': 0.45, 'momentum_sl_atr_mult': 1.0, 'session_hours_utc': None, 'close_extreme_pct': None, 'ema_extension_atr_max': None, 'use_m15_ema_trend': False, 'use_m15_ema200_filter': False, 'momentum_atr_percentile_min': 40.0, 'momentum_atr_percentile_max': None, 'session_ranges_utc_minutes': ((720, 810),), 'entry_mode': 'next_m5'}",19.370964339696556,0.148038824175824,0.042953954225090525,False
sensitivity,XAUUSDm,sens_thai_1930_21_rr1.9_body2_wick0.35_atrMin50,86,47.674418604651166,1.2801953656220588,2.847302144943369,-1.202069393919115,3.310816447608541,0.1324326579043416,0.17479674796747968,-98.37474227326325,17,11,64.70588235294117,168.28980884189411,5,"{'strategy': 'momentum', 'variant': 'sens_thai_1930_21_rr1.9_body2_wick0.35_atrMin50', 'initial_balance': 10000.0, 'risk_pct': 0.0025, 'fee_rate': 0.0001, 'spread_atr_mult': 0.03, 'slippage_min_spread': 0.3, 'slippage_max_spread': 1.0, 'max_trades_per_day': 3, 'daily_loss_limit_pct': 0.03, 'max_hold_minutes': 720, 'seed': 42, 'sweep_lookback': 20, 'wick_body_min': 1.5, 'atr_percentile_min': 30.0, 'sweep_rr': 2.0, 'sl_atr_buffer': 0.1, 'use_m1_confirmation': False, 'session': 'ny', 'adx_min': 18.0, 'momentum_rr': 1.9, 'use_atr_expansion': False, 'body_mult': 2.0, 'max_wick_pct': 0.35, 'momentum_sl_atr_mult': 1.0, 'session_hours_utc': None, 'close_extreme_pct': None, 'ema_extension_atr_max': None, 'use_m15_ema_trend': False, 'use_m15_ema200_filter': False, 'momentum_atr_percentile_min': 50.0, 'momentum_atr_percentile_max': None, 'session_ranges_utc_minutes': ((750, 840),), 'entry_mode': 'next_m5'}",21.662591232148834,0.1597630066445178,0.048254866789706016,True
sensitivity,XAUUSDm,sens_thai_19_21_rr2_body1.8_wick0.4_atrMin35,109,44.95412844036697,1.2798544480038085,3.8975115533979623,-3.0399950140590444,3.575698672842241,0.1430279469136896,0.22154471544715448,-145.3918345539566,17,11,64.70588235294117,181.02047053997785,8,"{'strategy': 'momentum', 'variant': 'sens_thai_19_21_rr2_body1.8_wick0.4_atrMin35', 'initial_balance': 10000.0, 'risk_pct': 0.0025, 'fee_rate': 0.0001, 'spread_atr_mult': 0.03, 'slippage_min_spread': 0.3, 'slippage_max_spread': 1.0, 'max_trades_per_day': 3, 'daily_loss_limit_pct': 0.03, 'max_hold_minutes': 720, 'seed': 42, 'sweep_lookback': 20, 'wick_body_min': 1.5, 'atr_percentile_min': 30.0, 'sweep_rr': 2.0, 'sl_atr_buffer': 0.1, 'use_m1_confirmation': False, 'session': 'ny', 'adx_min': 18.0, 'momentum_rr': 2.0, 'use_atr_expansion': False, 'body_mult': 1.8, 'max_wick_pct': 0.4, 'momentum_sl_atr_mult': 1.0, 'session_hours_utc': None, 'close_extreme_pct': None, 'ema_extension_atr_max': None, 'use_m15_ema_trend': False, 'use_m15_ema200_filter': False, 'momentum_atr_percentile_min': 35.0, 'momentum_atr_percentile_max': None, 'session_ranges_utc_minutes': ((720, 840),), 'entry_mode': 'next_m5'}",19.471943071211964,0.14970184796854494,0.04186646070194454,True
sensitivity,XAUUSDm,sens_thai_19_21_rr1.7_body1.8_wick0.45_atrMin35,115,47.82608695652174,1.2798458748955064,3.8551505001304034,-2.3113883964019424,3.3523047827221326,0.13409219130888533,0.23373983739837398,-77.8850845539568,17,10,58.82352941176471,169.86434928667703,6,"{'strategy': 'momentum', 'variant': 'sens_thai_19_21_rr1.7_body1.8_wick0.45_atrMin35', 'initial_balance': 10000.0, 'risk_pct': 0.0025, 'fee_rate': 0.0001, 'spread_atr_mult': 0.03, 'slippage_min_spread': 0.3, 'slippage_max_spread': 1.0, 'max_trades_per_day': 3, 'daily_loss_limit_pct': 0.03, 'max_hold_minutes': 720, 'seed': 42, 'sweep_lookback': 20, 'wick_body_min': 1.5, 'atr_percentile_min': 30.0, 'sweep_rr': 2.0, 'sl_atr_buffer': 0.1, 'use_m1_confirmation': False, 'session': 'ny', 'adx_min': 18.0, 'momentum_rr': 1.7, 'use_atr_expansion': False, 'body_mult': 1.8, 'max_wick_pct': 0.45, 'momentum_sl_atr_mult': 1.0, 'session_hours_utc': None, 'close_extreme_pct': None, 'ema_extension_atr_max': None, 'use_m15_ema_trend': False, 'use_m15_ema200_filter': False, 'momentum_atr_percentile_min': 35.0, 'momentum_atr_percentile_max': None, 'session_ranges_utc_minutes': ((720, 840),), 'entry_mode': 'next_m5'}",19.906148503275052,0.15125355279503075,0.04511927244044025,True
sensitivity,XAUUSDm,sens_thai_19_21_rr1.7_body1.8_wick0.4_atrMin45,111,47.74774774774775,1.2780403477652562,3.731960765660551,-2.3271622894647614,3.362126815910341,0.13448507263641363,0.22560975609756098,-77.8850845539568,17,10,58.82352941176471,169.8507411409027,7,"{'strategy': 'momentum', 'variant': 'sens_thai_19_21_rr1.7_body1.8_wick0.4_atrMin45', 'initial_balance': 10000.0, 'risk_pct': 0.0025, 'fee_rate': 0.0001, 'spread_atr_mult': 0.03, 'slippage_min_spread': 0.3, 'slippage_max_spread': 1.0, 'max_trades_per_day': 3, 'daily_loss_limit_pct': 0.03, 'max_hold_minutes': 720, 'seed': 42, 'sweep_lookback': 20, 'wick_body_min': 1.5, 'atr_percentile_min': 30.0, 'sweep_rr': 2.0, 'sl_atr_buffer': 0.1, 'use_m1_confirmation': False, 'session': 'ny', 'adx_min': 18.0, 'momentum_rr': 1.7, 'use_atr_expansion': False, 'body_mult': 1.8, 'max_wick_pct': 0.4, 'momentum_sl_atr_mult': 1.0, 'session_hours_utc': None, 'close_extreme_pct': None, 'ema_extension_atr_max': None, 'use_m15_ema_trend': False, 'use_m15_ema200_filter': False, 'momentum_atr_percentile_min': 45.0, 'momentum_atr_percentile_max': None, 'session_ranges_utc_minutes': ((720, 840),), 'entry_mode': 'next_m5'}",19.923191694936843,0.15271007722007685,0.04542067732169364,True
sensitivity,XAUUSDm,sens_thai_19_21_rr1.7_body1.8_wick0.4_atrMin40,111,47.74774774774775,1.277890323697301,3.730075916584119,-2.3271622894647614,3.360428753679327,0.13441715014717312,0.22560975609756098,-77.8850845539568,17,10,58.82352941176471,169.8507411409027,7,"{'strategy': 'momentum', 'variant': 'sens_thai_19_21_rr1.7_body1.8_wick0.4_atrMin40', 'initial_balance': 10000.0, 'risk_pct': 0.0025, 'fee_rate': 0.0001, 'spread_atr_mult': 0.03, 'slippage_min_spread': 0.3, 'slippage_max_spread': 1.0, 'max_trades_per_day': 3, 'daily_loss_limit_pct': 0.03, 'max_hold_minutes': 720, 'seed': 42, 'sweep_lookback': 20, 'wick_body_min': 1.5, 'atr_percentile_min': 30.0, 'sweep_rr': 2.0, 'sl_atr_buffer': 0.1, 'use_m1_confirmation': False, 'session': 'ny', 'adx_min': 18.0, 'momentum_rr': 1.7, 'use_atr_expansion': False, 'body_mult': 1.8, 'max_wick_pct': 0.4, 'momentum_sl_atr_mult': 1.0, 'session_hours_utc': None, 'close_extreme_pct': None, 'ema_extension_atr_max': None, 'use_m15_ema_trend': False, 'use_m15_ema200_filter': False, 'momentum_atr_percentile_min': 40.0, 'momentum_atr_percentile_max': None, 'session_ranges_utc_minutes': ((720, 840),), 'entry_mode': 'next_m5'}",19.91094837668191,0.15239513513513478,0.045349908093804285,True
sensitivity,XAUUSDm,sens_thai_1930_21_rr1.9_body2.2_wick0.4_atrMin50,81,46.913580246913575,1.2750008534532804,2.63668435623209,-2.234320004909306,3.2551658718914536,0.13020663487565814,0.16463414634146342,-91.92204859877154,17,10,58.82352941176471,190.16335899370222,5,"{'strategy': 'momentum', 'variant': 'sens_thai_1930_21_rr1.9_body2.2_wick0.4_atrMin50', 'initial_balance': 10000.0, 'risk_pct': 0.0025, 'fee_rate': 0.0001, 'spread_atr_mult': 0.03, 'slippage_min_spread': 0.3, 'slippage_max_spread': 1.0, 'max_trades_per_day': 3, 'daily_loss_limit_pct': 0.03, 'max_hold_minutes': 720, 'seed': 42, 'sweep_lookback': 20, 'wick_body_min': 1.5, 'atr_percentile_min': 30.0, 'sweep_rr': 2.0, 'sl_atr_buffer': 0.1, 'use_m1_confirmation': False, 'session': 'ny', 'adx_min': 18.0, 'momentum_rr': 1.9, 'use_atr_expansion': False, 'body_mult': 2.2, 'max_wick_pct': 0.4, 'momentum_sl_atr_mult': 1.0, 'session_hours_utc': None, 'close_extreme_pct': None, 'ema_extension_atr_max': None, 'use_m15_ema_trend': False, 'use_m15_ema200_filter': False, 'momentum_atr_percentile_min': 50.0, 'momentum_atr_percentile_max': None, 'session_ranges_utc_minutes': ((750, 840),), 'entry_mode': 'next_m5'}",21.786024456824926,0.16215415343915315,0.049814405723334614,True
sensitivity,XAUUSDm,sens_thai_19_2030_rr1.7_body1.8_wick0.4_atrMin45,75,49.333333333333336,1.2745854969507617,2.540626070059534,-1.298970255332513,3.3875014267460326,0.13550005706984133,0.1524390243902439,-77.59841762291197,16,10,62.5,98.60678969702641,6,"{'strategy': 'momentum', 'variant': 'sens_thai_19_2030_rr1.7_body1.8_wick0.4_atrMin45', 'initial_balance': 10000.0, 'risk_pct': 0.0025, 'fee_rate': 0.0001, 'spread_atr_mult': 0.03, 'slippage_min_spread': 0.3, 'slippage_max_spread': 1.0, 'max_trades_per_day': 3, 'daily_loss_limit_pct': 0.03, 'max_hold_minutes': 720, 'seed': 42, 'sweep_lookback': 20, 'wick_body_min': 1.5, 'atr_percentile_min': 30.0, 'sweep_rr': 2.0, 'sl_atr_buffer': 0.1, 'use_m1_confirmation': False, 'session': 'ny', 'adx_min': 18.0, 'momentum_rr': 1.7, 'use_atr_expansion': False, 'body_mult': 1.8, 'max_wick_pct': 0.4, 'momentum_sl_atr_mult': 1.0, 'session_hours_utc': None, 'close_extreme_pct': None, 'ema_extension_atr_max': None, 'use_m15_ema_trend': False, 'use_m15_ema200_filter': False, 'momentum_atr_percentile_min': 45.0, 'momentum_atr_percentile_max': None, 'session_ranges_utc_minutes': ((720, 810),), 'entry_mode': 'next_m5'}",19.049475647017196,0.15023119999999976,0.044348675048178174,True
sensitivity,XAUUSDm,sens_thai_19_2030_rr1.7_body1.8_wick0.4_atrMin40,75,49.333333333333336,1.2743685969236425,2.5387456144871976,-1.298970255332513,3.384994152649607,0.13539976610598428,0.1524390243902439,-77.59841762291197,16,10,62.5,98.60678969702641,6,"{'strategy': 'momentum', 'variant': 'sens_thai_19_2030_rr1.7_body1.8_wick0.4_atrMin40', 'initial_balance': 10000.0, 'risk_pct': 0.0025, 'fee_rate': 0.0001, 'spread_atr_mult': 0.03, 'slippage_min_spread': 0.3, 'slippage_max_spread': 1.0, 'max_trades_per_day': 3, 'daily_loss_limit_pct': 0.03, 'max_hold_minutes': 720, 'seed': 42, 'sweep_lookback': 20, 'wick_body_min': 1.5, 'atr_percentile_min': 30.0, 'sweep_rr': 2.0, 'sl_atr_buffer': 0.1, 'use_m1_confirmation': False, 'session': 'ny', 'adx_min': 18.0, 'momentum_rr': 1.7, 'use_atr_expansion': False, 'body_mult': 1.8, 'max_wick_pct': 0.4, 'momentum_sl_atr_mult': 1.0, 'session_hours_utc': None, 'close_extreme_pct': None, 'ema_extension_atr_max': None, 'use_m15_ema_trend': False, 'use_m15_ema200_filter': False, 'momentum_atr_percentile_min': 40.0, 'momentum_atr_percentile_max': None, 'session_ranges_utc_minutes': ((720, 810),), 'entry_mode': 'next_m5'}",19.03133008137167,0.14976508571428546,0.04424382405418831,True
sensitivity,XAUUSDm,sens_thai_19_2030_rr1.7_body2.2_wick0.4_atrMin45,65,49.23076923076923,1.2707442171513192,2.1609568262967516,-1.9706832607893348,3.3245489635335073,0.13298195854134034,0.13211382113821138,-93.55087831960687,16,12,75.0,88.61689946422032,6,"{'strategy': 'momentum', 'variant': 'sens_thai_19_2030_rr1.7_body2.2_wick0.4_atrMin45', 'initial_balance': 10000.0, 'risk_pct': 0.0025, 'fee_rate': 0.0001, 'spread_atr_mult': 0.03, 'slippage_min_spread': 0.3, 'slippage_max_spread': 1.0, 'max_trades_per_day': 3, 'daily_loss_limit_pct': 0.03, 'max_hold_minutes': 720, 'seed': 42, 'sweep_lookback': 20, 'wick_body_min': 1.5, 'atr_percentile_min': 30.0, 'sweep_rr': 2.0, 'sl_atr_buffer': 0.1, 'use_m1_confirmation': False, 'session': 'ny', 'adx_min': 18.0, 'momentum_rr': 1.7, 'use_atr_expansion': False, 'body_mult': 2.2, 'max_wick_pct': 0.4, 'momentum_sl_atr_mult': 1.0, 'session_hours_utc': None, 'close_extreme_pct': None, 'ema_extension_atr_max': None, 'use_m15_ema_trend': False, 'use_m15_ema200_filter': False, 'momentum_atr_percentile_min': 45.0, 'momentum_atr_percentile_max': None, 'session_ranges_utc_minutes': ((720, 810),), 'entry_mode': 'next_m5'}",19.50506419183693,0.14885729670329656,0.04477518554729996,False
sensitivity,XAUUSDm,sens_thai_19_2030_rr1.7_body2.2_wick0.4_atrMin40,65,49.23076923076923,1.2704931857545188,2.1590771046001644,-1.9706832607893348,3.3216570840002637,0.13286628336001055,0.13211382113821138,-93.55087831960687,16,12,75.0,88.61689946422032,6,"{'strategy': 'momentum', 'variant': 'sens_thai_19_2030_rr1.7_body2.2_wick0.4_atrMin40', 'initial_balance': 10000.0, 'risk_pct': 0.0025, 'fee_rate': 0.0001, 'spread_atr_mult': 0.03, 'slippage_min_spread': 0.3, 'slippage_max_spread': 1.0, 'max_trades_per_day': 3, 'daily_loss_limit_pct': 0.03, 'max_hold_minutes': 720, 'seed': 42, 'sweep_lookback': 20, 'wick_body_min': 1.5, 'atr_percentile_min': 30.0, 'sweep_rr': 2.0, 'sl_atr_buffer': 0.1, 'use_m1_confirmation': False, 'session': 'ny', 'adx_min': 18.0, 'momentum_rr': 1.7, 'use_atr_expansion': False, 'body_mult': 2.2, 'max_wick_pct': 0.4, 'momentum_sl_atr_mult': 1.0, 'session_hours_utc': None, 'close_extreme_pct': None, 'ema_extension_atr_max': None, 'use_m15_ema_trend': False, 'use_m15_ema200_filter': False, 'momentum_atr_percentile_min': 40.0, 'momentum_atr_percentile_max': None, 'session_ranges_utc_minutes': ((720, 810),), 'entry_mode': 'next_m5'}",19.484291633783982,0.14831947252747238,0.04465225301007038,False
sensitivity,XAUUSDm,sens_thai_1930_21_rr1.6_body2_wick0.4_atrMin45,90,50.0,1.270439421657468,2.748613900621349,-1.3619768908269443,3.054015445134909,0.12216061780539628,0.18292682926829268,-98.23169611343073,17,11,64.70588235294117,153.7337583141613,5,"{'strategy': 'momentum', 'variant': 'sens_thai_1930_21_rr1.6_body2_wick0.4_atrMin45', 'initial_balance': 10000.0, 'risk_pct': 0.0025, 'fee_rate': 0.0001, 'spread_atr_mult': 0.03, 'slippage_min_spread': 0.3, 'slippage_max_spread': 1.0, 'max_trades_per_day': 3, 'daily_loss_limit_pct': 0.03, 'max_hold_minutes': 720, 'seed': 42, 'sweep_lookback': 20, 'wick_body_min': 1.5, 'atr_percentile_min': 30.0, 'sweep_rr': 2.0, 'sl_atr_buffer': 0.1, 'use_m1_confirmation': False, 'session': 'ny', 'adx_min': 18.0, 'momentum_rr': 1.6, 'use_atr_expansion': False, 'body_mult': 2.0, 'max_wick_pct': 0.4, 'momentum_sl_atr_mult': 1.0, 'session_hours_utc': None, 'close_extreme_pct': None, 'ema_extension_atr_max': None, 'use_m15_ema_trend': False, 'use_m15_ema200_filter': False, 'momentum_atr_percentile_min': 45.0, 'momentum_atr_percentile_max': None, 'session_ranges_utc_minutes': ((750, 840),), 'entry_mode': 'next_m5'}",21.388663140057815,0.15940711904761867,0.052195911222897226,True
sensitivity,XAUUSDm,sens_thai_1930_21_rr1.6_body2_wick0.4_atrMin35,90,50.0,1.2702418617105617,2.746730555509457,-1.363383831647094,3.051922839455012,0.1220769135782004,0.18292682926829268,-98.23169611343073,17,11,64.70588235294117,153.7337583141613,5,"{'strategy': 'momentum', 'variant': 'sens_thai_1930_21_rr1.6_body2_wick0.4_atrMin35', 'initial_balance': 10000.0, 'risk_pct': 0.0025, 'fee_rate': 0.0001, 'spread_atr_mult': 0.03, 'slippage_min_spread': 0.3, 'slippage_max_spread': 1.0, 'max_trades_per_day': 3, 'daily_loss_limit_pct': 0.03, 'max_hold_minutes': 720, 'seed': 42, 'sweep_lookback': 20, 'wick_body_min': 1.5, 'atr_percentile_min': 30.0, 'sweep_rr': 2.0, 'sl_atr_buffer': 0.1, 'use_m1_confirmation': False, 'session': 'ny', 'adx_min': 18.0, 'momentum_rr': 1.6, 'use_atr_expansion': False, 'body_mult': 2.0, 'max_wick_pct': 0.4, 'momentum_sl_atr_mult': 1.0, 'session_hours_utc': None, 'close_extreme_pct': None, 'ema_extension_atr_max': None, 'use_m15_ema_trend': False, 'use_m15_ema200_filter': False, 'momentum_atr_percentile_min': 35.0, 'momentum_atr_percentile_max': None, 'session_ranges_utc_minutes': ((750, 840),), 'entry_mode': 'next_m5'}",21.373648459142824,0.15901869047619008,0.05210442689454966,True
sensitivity,XAUUSDm,sens_thai_1930_21_rr1.6_body2_wick0.4_atrMin40,90,50.0,1.2702418617105617,2.746730555509457,-1.363383831647094,3.051922839455012,0.1220769135782004,0.18292682926829268,-98.23169611343073,17,11,64.70588235294117,153.7337583141613,5,"{'strategy': 'momentum', 'variant': 'sens_thai_1930_21_rr1.6_body2_wick0.4_atrMin40', 'initial_balance': 10000.0, 'risk_pct': 0.0025, 'fee_rate': 0.0001, 'spread_atr_mult': 0.03, 'slippage_min_spread': 0.3, 'slippage_max_spread': 1.0, 'max_trades_per_day': 3, 'daily_loss_limit_pct': 0.03, 'max_hold_minutes': 720, 'seed': 42, 'sweep_lookback': 20, 'wick_body_min': 1.5, 'atr_percentile_min': 30.0, 'sweep_rr': 2.0, 'sl_atr_buffer': 0.1, 'use_m1_confirmation': False, 'session': 'ny', 'adx_min': 18.0, 'momentum_rr': 1.6, 'use_atr_expansion': False, 'body_mult': 2.0, 'max_wick_pct': 0.4, 'momentum_sl_atr_mult': 1.0, 'session_hours_utc': None, 'close_extreme_pct': None, 'ema_extension_atr_max': None, 'use_m15_ema_trend': False, 'use_m15_ema200_filter': False, 'momentum_atr_percentile_min': 40.0, 'momentum_atr_percentile_max': None, 'session_ranges_utc_minutes': ((750, 840),), 'entry_mode': 'next_m5'}",21.373648459142824,0.15901869047619008,0.05210442689454966,True
sensitivity,XAUUSDm,sens_thai_1930_21_rr1.7_body2_wick0.4_atrMin45,90,48.888888888888886,1.2683077275605512,2.7985689006213943,-1.561760664615298,3.1095210006904597,0.12438084002761833,0.18292682926829268,-98.23169611343073,17,10,58.82352941176471,166.2340083141611,5,"{'strategy': 'momentum', 'variant': 'sens_thai_1930_21_rr1.7_body2_wick0.4_atrMin45', 'initial_balance': 10000.0, 'risk_pct': 0.0025, 'fee_rate': 0.0001, 'spread_atr_mult': 0.03, 'slippage_min_spread': 0.3, 'slippage_max_spread': 1.0, 'max_trades_per_day': 3, 'daily_loss_limit_pct': 0.03, 'max_hold_minutes': 720, 'seed': 42, 'sweep_lookback': 20, 'wick_body_min': 1.5, 'atr_percentile_min': 30.0, 'sweep_rr': 2.0, 'sl_atr_buffer': 0.1, 'use_m1_confirmation': False, 'session': 'ny', 'adx_min': 18.0, 'momentum_rr': 1.7, 'use_atr_expansion': False, 'body_mult': 2.0, 'max_wick_pct': 0.4, 'momentum_sl_atr_mult': 1.0, 'session_hours_utc': None, 'close_extreme_pct': None, 'ema_extension_atr_max': None, 'use_m15_ema_trend': False, 'use_m15_ema200_filter': False, 'momentum_atr_percentile_min': 45.0, 'momentum_atr_percentile_max': None, 'session_ranges_utc_minutes': ((750, 840),), 'entry_mode': 'next_m5'}",21.388663140057815,0.15940711904761867,0.051264204040501034,True
sensitivity,XAUUSDm,sens_thai_1930_21_rr1.7_body2_wick0.4_atrMin35,90,48.888888888888886,1.2681153175038298,2.7966855555095025,-1.5631700563613022,3.1074283950105737,0.12429713580042288,0.18292682926829268,-98.23169611343073,17,10,58.82352941176471,166.2340083141611,5,"{'strategy': 'momentum', 'variant': 'sens_thai_1930_21_rr1.7_body2_wick0.4_atrMin35', 'initial_balance': 10000.0, 'risk_pct': 0.0025, 'fee_rate': 0.0001, 'spread_atr_mult': 0.03, 'slippage_min_spread': 0.3, 'slippage_max_spread': 1.0, 'max_trades_per_day': 3, 'daily_loss_limit_pct': 0.03, 'max_hold_minutes': 720, 'seed': 42, 'sweep_lookback': 20, 'wick_body_min': 1.5, 'atr_percentile_min': 30.0, 'sweep_rr': 2.0, 'sl_atr_buffer': 0.1, 'use_m1_confirmation': False, 'session': 'ny', 'adx_min': 18.0, 'momentum_rr': 1.7, 'use_atr_expansion': False, 'body_mult': 2.0, 'max_wick_pct': 0.4, 'momentum_sl_atr_mult': 1.0, 'session_hours_utc': None, 'close_extreme_pct': None, 'ema_extension_atr_max': None, 'use_m15_ema_trend': False, 'use_m15_ema200_filter': False, 'momentum_atr_percentile_min': 35.0, 'momentum_atr_percentile_max': None, 'session_ranges_utc_minutes': ((750, 840),), 'entry_mode': 'next_m5'}",21.373648459142824,0.15901869047619008,0.05117372639431294,True
sensitivity,XAUUSDm,sens_thai_1930_21_rr1.7_body2_wick0.4_atrMin40,90,48.888888888888886,1.2681153175038298,2.7966855555095025,-1.5631700563613022,3.1074283950105737,0.12429713580042288,0.18292682926829268,-98.23169611343073,17,10,58.82352941176471,166.2340083141611,5,"{'strategy': 'momentum', 'variant': 'sens_thai_1930_21_rr1.7_body2_wick0.4_atrMin40', 'initial_balance': 10000.0, 'risk_pct': 0.0025, 'fee_rate': 0.0001, 'spread_atr_mult': 0.03, 'slippage_min_spread': 0.3, 'slippage_max_spread': 1.0, 'max_trades_per_day': 3, 'daily_loss_limit_pct': 0.03, 'max_hold_minutes': 720, 'seed': 42, 'sweep_lookback': 20, 'wick_body_min': 1.5, 'atr_percentile_min': 30.0, 'sweep_rr': 2.0, 'sl_atr_buffer': 0.1, 'use_m1_confirmation': False, 'session': 'ny', 'adx_min': 18.0, 'momentum_rr': 1.7, 'use_atr_expansion': False, 'body_mult': 2.0, 'max_wick_pct': 0.4, 'momentum_sl_atr_mult': 1.0, 'session_hours_utc': None, 'close_extreme_pct': None, 'ema_extension_atr_max': None, 'use_m15_ema_trend': False, 'use_m15_ema200_filter': False, 'momentum_atr_percentile_min': 40.0, 'momentum_atr_percentile_max': None, 'session_ranges_utc_minutes': ((750, 840),), 'entry_mode': 'next_m5'}",21.373648459142824,0.15901869047619008,0.05117372639431294,True
sensitivity,XAUUSDm,sens_thai_19_2030_rr1.6_body2.2_wick0.45_atrMin50,62,51.61290322580645,1.2663676074008647,1.9490943893634722,-1.1047382102020458,3.1437006280056004,0.1257480251202241,0.12601626016260162,-77.59609916432471,16,12,75.0,58.895517756166456,4,"{'strategy': 'momentum', 'variant': 'sens_thai_19_2030_rr1.6_body2.2_wick0.45_atrMin50', 'initial_balance': 10000.0, 'risk_pct': 0.0025, 'fee_rate': 0.0001, 'spread_atr_mult': 0.03, 'slippage_min_spread': 0.3, 'slippage_max_spread': 1.0, 'max_trades_per_day': 3, 'daily_loss_limit_pct': 0.03, 'max_hold_minutes': 720, 'seed': 42, 'sweep_lookback': 20, 'wick_body_min': 1.5, 'atr_percentile_min': 30.0, 'sweep_rr': 2.0, 'sl_atr_buffer': 0.1, 'use_m1_confirmation': False, 'session': 'ny', 'adx_min': 18.0, 'momentum_rr': 1.6, 'use_atr_expansion': False, 'body_mult': 2.2, 'max_wick_pct': 0.45, 'momentum_sl_atr_mult': 1.0, 'session_hours_utc': None, 'close_extreme_pct': None, 'ema_extension_atr_max': None, 'use_m15_ema_trend': False, 'use_m15_ema200_filter': False, 'momentum_atr_percentile_min': 50.0, 'momentum_atr_percentile_max': None, 'session_ranges_utc_minutes': ((720, 810),), 'entry_mode': 'next_m5'}",19.792787509604302,0.14920900921658967,0.04746285568268298,False
sensitivity,XAUUSDm,sens_thai_1930_21_rr1.8_body2_wick0.4_atrMin50,87,48.275862068965516,1.2638726192144518,2.6814807896112325,-1.400954694781549,3.0821618271394047,0.12328647308557615,0.17682926829268292,-98.37474227326325,17,11,64.70588235294117,158.18671661603548,5,"{'strategy': 'momentum', 'variant': 'sens_thai_1930_21_rr1.8_body2_wick0.4_atrMin50', 'initial_balance': 10000.0, 'risk_pct': 0.0025, 'fee_rate': 0.0001, 'spread_atr_mult': 0.03, 'slippage_min_spread': 0.3, 'slippage_max_spread': 1.0, 'max_trades_per_day': 3, 'daily_loss_limit_pct': 0.03, 'max_hold_minutes': 720, 'seed': 42, 'sweep_lookback': 20, 'wick_body_min': 1.5, 'atr_percentile_min': 30.0, 'sweep_rr': 2.0, 'sl_atr_buffer': 0.1, 'use_m1_confirmation': False, 'session': 'ny', 'adx_min': 18.0, 'momentum_rr': 1.8, 'use_atr_expansion': False, 'body_mult': 2.0, 'max_wick_pct': 0.4, 'momentum_sl_atr_mult': 1.0, 'session_hours_utc': None, 'close_extreme_pct': None, 'ema_extension_atr_max': None, 'use_m15_ema_trend': False, 'use_m15_ema200_filter': False, 'momentum_atr_percentile_min': 50.0, 'momentum_atr_percentile_max': None, 'session_ranges_utc_minutes': ((750, 840),), 'entry_mode': 'next_m5'}",21.61323754287063,0.15975955665024588,0.05183360433690169,True
sensitivity,XAUUSDm,sens_thai_19_21_rr1.6_body1.8_wick0.45_atrMin35,115,48.69565217391305,1.2613205451073484,3.530193000130457,-1.825406322460352,3.0697330435917523,0.12278932174367006,0.23373983739837398,-80.3853345539567,17,11,64.70588235294117,159.86334928667782,6,"{'strategy': 'momentum', 'variant': 'sens_thai_19_21_rr1.6_body1.8_wick0.45_atrMin35', 'initial_balance': 10000.0, 'risk_pct': 0.0025, 'fee_rate': 0.0001, 'spread_atr_mult': 0.03, 'slippage_min_spread': 0.3, 'slippage_max_spread': 1.0, 'max_trades_per_day': 3, 'daily_loss_limit_pct': 0.03, 'max_hold_minutes': 720, 'seed': 42, 'sweep_lookback': 20, 'wick_body_min': 1.5, 'atr_percentile_min': 30.0, 'sweep_rr': 2.0, 'sl_atr_buffer': 0.1, 'use_m1_confirmation': False, 'session': 'ny', 'adx_min': 18.0, 'momentum_rr': 1.6, 'use_atr_expansion': False, 'body_mult': 1.8, 'max_wick_pct': 0.45, 'momentum_sl_atr_mult': 1.0, 'session_hours_utc': None, 'close_extreme_pct': None, 'ema_extension_atr_max': None, 'use_m15_ema_trend': False, 'use_m15_ema200_filter': False, 'momentum_atr_percentile_min': 35.0, 'momentum_atr_percentile_max': None, 'session_ranges_utc_minutes': ((720, 840),), 'entry_mode': 'next_m5'}",19.906148503275052,0.15125355279503075,0.0492725428065419,True
sensitivity,XAUUSDm,sens_thai_19_21_rr1.6_body1.8_wick0.4_atrMin45,111,48.64864864864865,1.2608806033842763,3.4320007656605047,-1.841194690184313,3.091892581676138,0.12367570326704551,0.22560975609756098,-80.3853345539567,17,11,64.70588235294117,159.84974114090204,7,"{'strategy': 'momentum', 'variant': 'sens_thai_19_21_rr1.6_body1.8_wick0.4_atrMin45', 'initial_balance': 10000.0, 'risk_pct': 0.0025, 'fee_rate': 0.0001, 'spread_atr_mult': 0.03, 'slippage_min_spread': 0.3, 'slippage_max_spread': 1.0, 'max_trades_per_day': 3, 'daily_loss_limit_pct': 0.03, 'max_hold_minutes': 720, 'seed': 42, 'sweep_lookback': 20, 'wick_body_min': 1.5, 'atr_percentile_min': 30.0, 'sweep_rr': 2.0, 'sl_atr_buffer': 0.1, 'use_m1_confirmation': False, 'session': 'ny', 'adx_min': 18.0, 'momentum_rr': 1.6, 'use_atr_expansion': False, 'body_mult': 1.8, 'max_wick_pct': 0.4, 'momentum_sl_atr_mult': 1.0, 'session_hours_utc': None, 'close_extreme_pct': None, 'ema_extension_atr_max': None, 'use_m15_ema_trend': False, 'use_m15_ema200_filter': False, 'momentum_atr_percentile_min': 45.0, 'momentum_atr_percentile_max': None, 'session_ranges_utc_minutes': ((720, 840),), 'entry_mode': 'next_m5'}",19.923191694936843,0.15271007722007685,0.04939048598424838,True
sensitivity,XAUUSDm,sens_thai_19_21_rr1.6_body1.8_wick0.4_atrMin40,111,48.64864864864865,1.2607281401139305,3.4301159165840907,-1.841194690184313,3.0901945194451304,0.12360778077780522,0.22560975609756098,-80.3853345539567,17,11,64.70588235294117,159.84974114090204,7,"{'strategy': 'momentum', 'variant': 'sens_thai_19_21_rr1.6_body1.8_wick0.4_atrMin40', 'initial_balance': 10000.0, 'risk_pct': 0.0025, 'fee_rate': 0.0001, 'spread_atr_mult': 0.03, 'slippage_min_spread': 0.3, 'slippage_max_spread': 1.0, 'max_trades_per_day': 3, 'daily_loss_limit_pct': 0.03, 'max_hold_minutes': 720, 'seed': 42, 'sweep_lookback': 20, 'wick_body_min': 1.5, 'atr_percentile_min': 30.0, 'sweep_rr': 2.0, 'sl_atr_buffer': 0.1, 'use_m1_confirmation': False, 'session': 'ny', 'adx_min': 18.0, 'momentum_rr': 1.6, 'use_atr_expansion': False, 'body_mult': 1.8, 'max_wick_pct': 0.4, 'momentum_sl_atr_mult': 1.0, 'session_hours_utc': None, 'close_extreme_pct': None, 'ema_extension_atr_max': None, 'use_m15_ema_trend': False, 'use_m15_ema200_filter': False, 'momentum_atr_percentile_min': 40.0, 'momentum_atr_percentile_max': None, 'session_ranges_utc_minutes': ((720, 840),), 'entry_mode': 'next_m5'}",19.91094837668191,0.15239513513513478,0.04931570947271583,True
sensitivity,XAUUSDm,sens_thai_1930_21_rr1.6_body2_wick0.45_atrMin50,90,50.0,1.2602866004356248,2.600881150007226,-1.2313129306205959,2.889867944452416,0.11559471777809663,0.18292682926829268,-98.37474227326325,17,12,70.58823529411765,153.80222805770035,5,"{'strategy': 'momentum', 'variant': 'sens_thai_1930_21_rr1.6_body2_wick0.45_atrMin50', 'initial_balance': 10000.0, 'risk_pct': 0.0025, 'fee_rate': 0.0001, 'spread_atr_mult': 0.03, 'slippage_min_spread': 0.3, 'slippage_max_spread': 1.0, 'max_trades_per_day': 3, 'daily_loss_limit_pct': 0.03, 'max_hold_minutes': 720, 'seed': 42, 'sweep_lookback': 20, 'wick_body_min': 1.5, 'atr_percentile_min': 30.0, 'sweep_rr': 2.0, 'sl_atr_buffer': 0.1, 'use_m1_confirmation': False, 'session': 'ny', 'adx_min': 18.0, 'momentum_rr': 1.6, 'use_atr_expansion': False, 'body_mult': 2.0, 'max_wick_pct': 0.45, 'momentum_sl_atr_mult': 1.0, 'session_hours_utc': None, 'close_extreme_pct': None, 'ema_extension_atr_max': None, 'use_m15_ema_trend': False, 'use_m15_ema200_filter': False, 'momentum_atr_percentile_min': 50.0, 'momentum_atr_percentile_max': None, 'session_ranges_utc_minutes': ((750, 840),), 'entry_mode': 'next_m5'}",21.52737016229077,0.15932192857142818,0.05513121417097042,True
sensitivity,XAUUSDm,sens_thai_1930_21_rr1.6_body2_wick0.35_atrMin50,86,50.0,1.2597501595994616,2.5035372593600185,-1.2221383986140164,2.9110898364651288,0.11644359345860514,0.17479674796747968,-98.37474227326325,17,12,70.58823529411765,153.90482028355711,5,"{'strategy': 'momentum', 'variant': 'sens_thai_1930_21_rr1.6_body2_wick0.35_atrMin50', 'initial_balance': 10000.0, 'risk_pct': 0.0025, 'fee_rate': 0.0001, 'spread_atr_mult': 0.03, 'slippage_min_spread': 0.3, 'slippage_max_spread': 1.0, 'max_trades_per_day': 3, 'daily_loss_limit_pct': 0.03, 'max_hold_minutes': 720, 'seed': 42, 'sweep_lookback': 20, 'wick_body_min': 1.5, 'atr_percentile_min': 30.0, 'sweep_rr': 2.0, 'sl_atr_buffer': 0.1, 'use_m1_confirmation': False, 'session': 'ny', 'adx_min': 18.0, 'momentum_rr': 1.6, 'use_atr_expansion': False, 'body_mult': 2.0, 'max_wick_pct': 0.35, 'momentum_sl_atr_mult': 1.0, 'session_hours_utc': None, 'close_extreme_pct': None, 'ema_extension_atr_max': None, 'use_m15_ema_trend': False, 'use_m15_ema200_filter': False, 'momentum_atr_percentile_min': 50.0, 'momentum_atr_percentile_max': None, 'session_ranges_utc_minutes': ((750, 840),), 'entry_mode': 'next_m5'}",21.662591232148834,0.1597630066445178,0.05488082320348948,True
sensitivity,XAUUSDm,sens_thai_19_21_rr1.8_body1.8_wick0.45_atrMin50,110,46.36363636363636,1.2597199773882801,3.4731162815586685,-2.074545738767714,3.157378437780589,0.1262951375112236,0.22357723577235772,-76.02714186711498,17,11,64.70588235294117,178.74909264335116,5,"{'strategy': 'momentum', 'variant': 'sens_thai_19_21_rr1.8_body1.8_wick0.45_atrMin50', 'initial_balance': 10000.0, 'risk_pct': 0.0025, 'fee_rate': 0.0001, 'spread_atr_mult': 0.03, 'slippage_min_spread': 0.3, 'slippage_max_spread': 1.0, 'max_trades_per_day': 3, 'daily_loss_limit_pct': 0.03, 'max_hold_minutes': 720, 'seed': 42, 'sweep_lookback': 20, 'wick_body_min': 1.5, 'atr_percentile_min': 30.0, 'sweep_rr': 2.0, 'sl_atr_buffer': 0.1, 'use_m1_confirmation': False, 'session': 'ny', 'adx_min': 18.0, 'momentum_rr': 1.8, 'use_atr_expansion': False, 'body_mult': 1.8, 'max_wick_pct': 0.45, 'momentum_sl_atr_mult': 1.0, 'session_hours_utc': None, 'close_extreme_pct': None, 'ema_extension_atr_max': None, 'use_m15_ema_trend': False, 'use_m15_ema200_filter': False, 'momentum_atr_percentile_min': 50.0, 'momentum_atr_percentile_max': None, 'session_ranges_utc_minutes': ((720, 840),), 'entry_mode': 'next_m5'}",20.24998666364588,0.15367914935064905,0.04867302174226364,True
sensitivity,XAUUSDm,sens_thai_19_21_rr2_body1.8_wick0.35_atrMin50,103,45.63106796116505,1.258044488662546,3.365242439981321,-2.2288969351791503,3.2672256698847337,0.13068902679538927,0.20934959349593496,-95.87496375740668,17,9,52.94117647058824,196.74664528185494,4,"{'strategy': 'momentum', 'variant': 'sens_thai_19_21_rr2_body1.8_wick0.35_atrMin50', 'initial_balance': 10000.0, 'risk_pct': 0.0025, 'fee_rate': 0.0001, 'spread_atr_mult': 0.03, 'slippage_min_spread': 0.3, 'slippage_max_spread': 1.0, 'max_trades_per_day': 3, 'daily_loss_limit_pct': 0.03, 'max_hold_minutes': 720, 'seed': 42, 'sweep_lookback': 20, 'wick_body_min': 1.5, 'atr_percentile_min': 30.0, 'sweep_rr': 2.0, 'sl_atr_buffer': 0.1, 'use_m1_confirmation': False, 'session': 'ny', 'adx_min': 18.0, 'momentum_rr': 2.0, 'use_atr_expansion': False, 'body_mult': 1.8, 'max_wick_pct': 0.35, 'momentum_sl_atr_mult': 1.0, 'session_hours_utc': None, 'close_extreme_pct': None, 'ema_extension_atr_max': None, 'use_m15_ema_trend': False, 'use_m15_ema200_filter': False, 'momentum_atr_percentile_min': 50.0, 'momentum_atr_percentile_max': None, 'session_ranges_utc_minutes': ((720, 840),), 'entry_mode': 'next_m5'}",19.79079107621104,0.1523501317614421,0.0466298159829336,True
sensitivity,XAUUSDm,sens_thai_1930_21_rr1.7_body2_wick0.45_atrMin50,90,48.888888888888886,1.255945965051347,2.625838650007263,-1.5192703652868007,2.9175985000080016,0.11670394000032008,0.18292682926829268,-98.37474227326325,17,11,64.70588235294117,166.30247805770193,5,"{'strategy': 'momentum', 'variant': 'sens_thai_1930_21_rr1.7_body2_wick0.45_atrMin50', 'initial_balance': 10000.0, 'risk_pct': 0.0025, 'fee_rate': 0.0001, 'spread_atr_mult': 0.03, 'slippage_min_spread': 0.3, 'slippage_max_spread': 1.0, 'max_trades_per_day': 3, 'daily_loss_limit_pct': 0.03, 'max_hold_minutes': 720, 'seed': 42, 'sweep_lookback': 20, 'wick_body_min': 1.5, 'atr_percentile_min': 30.0, 'sweep_rr': 2.0, 'sl_atr_buffer': 0.1, 'use_m1_confirmation': False, 'session': 'ny', 'adx_min': 18.0, 'momentum_rr': 1.7, 'use_atr_expansion': False, 'body_mult': 2.0, 'max_wick_pct': 0.45, 'momentum_sl_atr_mult': 1.0, 'session_hours_utc': None, 'close_extreme_pct': None, 'ema_extension_atr_max': None, 'use_m15_ema_trend': False, 'use_m15_ema200_filter': False, 'momentum_atr_percentile_min': 50.0, 'momentum_atr_percentile_max': None, 'session_ranges_utc_minutes': ((750, 840),), 'entry_mode': 'next_m5'}",21.52737016229077,0.15932192857142818,0.05460721499925067,True
sensitivity,XAUUSDm,sens_thai_19_2030_rr1.6_body2.2_wick0.4_atrMin50,62,50.0,1.254716619366907,1.8680144872478557,-1.1210290653053714,3.0129265923352513,0.1205170636934101,0.12601626016260162,-77.59609916432471,16,11,68.75,58.895517756166456,5,"{'strategy': 'momentum', 'variant': 'sens_thai_19_2030_rr1.6_body2.2_wick0.4_atrMin50', 'initial_balance': 10000.0, 'risk_pct': 0.0025, 'fee_rate': 0.0001, 'spread_atr_mult': 0.03, 'slippage_min_spread': 0.3, 'slippage_max_spread': 1.0, 'max_trades_per_day': 3, 'daily_loss_limit_pct': 0.03, 'max_hold_minutes': 720, 'seed': 42, 'sweep_lookback': 20, 'wick_body_min': 1.5, 'atr_percentile_min': 30.0, 'sweep_rr': 2.0, 'sl_atr_buffer': 0.1, 'use_m1_confirmation': False, 'session': 'ny', 'adx_min': 18.0, 'momentum_rr': 1.6, 'use_atr_expansion': False, 'body_mult': 2.2, 'max_wick_pct': 0.4, 'momentum_sl_atr_mult': 1.0, 'session_hours_utc': None, 'close_extreme_pct': None, 'ema_extension_atr_max': None, 'use_m15_ema_trend': False, 'use_m15_ema200_filter': False, 'momentum_atr_percentile_min': 50.0, 'momentum_atr_percentile_max': None, 'session_ranges_utc_minutes': ((720, 810),), 'entry_mode': 'next_m5'}",19.911612705580705,0.1495032373271887,0.049620604002606025,False
sensitivity,XAUUSDm,sens_thai_1930_21_rr1.9_body2.2_wick0.4_atrMin45,84,46.42857142857143,1.2544244860925073,2.5726714105227257,-2.042281999010843,3.062704060146018,0.12250816240584073,0.17073170731707318,-91.8620569558826,17,10,58.82352941176471,190.19436663140584,5,"{'strategy': 'momentum', 'variant': 'sens_thai_1930_21_rr1.9_body2.2_wick0.4_atrMin45', 'initial_balance': 10000.0, 'risk_pct': 0.0025, 'fee_rate': 0.0001, 'spread_atr_mult': 0.03, 'slippage_min_spread': 0.3, 'slippage_max_spread': 1.0, 'max_trades_per_day': 3, 'daily_loss_limit_pct': 0.03, 'max_hold_minutes': 720, 'seed': 42, 'sweep_lookback': 20, 'wick_body_min': 1.5, 'atr_percentile_min': 30.0, 'sweep_rr': 2.0, 'sl_atr_buffer': 0.1, 'use_m1_confirmation': False, 'session': 'ny', 'adx_min': 18.0, 'momentum_rr': 1.9, 'use_atr_expansion': False, 'body_mult': 2.2, 'max_wick_pct': 0.4, 'momentum_sl_atr_mult': 1.0, 'session_hours_utc': None, 'close_extreme_pct': None, 'ema_extension_atr_max': None, 'use_m15_ema_trend': False, 'use_m15_ema200_filter': False, 'momentum_atr_percentile_min': 45.0, 'momentum_atr_percentile_max': None, 'session_ranges_utc_minutes': ((750, 840),), 'entry_mode': 'next_m5'}",21.536940632789076,0.16169102040816302,0.05279355015464805,True
sensitivity,XAUUSDm,sens_thai_1930_21_rr1.9_body2.2_wick0.4_atrMin35,84,46.42857142857143,1.2542264992072212,2.5707868105810303,-2.042281999010843,3.060460488786886,0.12241841955147544,0.17073170731707318,-91.8620569558826,17,10,58.82352941176471,190.19436663140584,5,"{'strategy': 'momentum', 'variant': 'sens_thai_1930_21_rr1.9_body2.2_wick0.4_atrMin35', 'initial_balance': 10000.0, 'risk_pct': 0.0025, 'fee_rate': 0.0001, 'spread_atr_mult': 0.03, 'slippage_min_spread': 0.3, 'slippage_max_spread': 1.0, 'max_trades_per_day': 3, 'daily_loss_limit_pct': 0.03, 'max_hold_minutes': 720, 'seed': 42, 'sweep_lookback': 20, 'wick_body_min': 1.5, 'atr_percentile_min': 30.0, 'sweep_rr': 2.0, 'sl_atr_buffer': 0.1, 'use_m1_confirmation': False, 'session': 'ny', 'adx_min': 18.0, 'momentum_rr': 1.9, 'use_atr_expansion': False, 'body_mult': 2.2, 'max_wick_pct': 0.4, 'momentum_sl_atr_mult': 1.0, 'session_hours_utc': None, 'close_extreme_pct': None, 'ema_extension_atr_max': None, 'use_m15_ema_trend': False, 'use_m15_ema200_filter': False, 'momentum_atr_percentile_min': 35.0, 'momentum_atr_percentile_max': None, 'session_ranges_utc_minutes': ((750, 840),), 'entry_mode': 'next_m5'}",21.520857671660792,0.16127484693877528,0.0526962682673619,True
sensitivity,XAUUSDm,sens_thai_1930_21_rr1.9_body2.2_wick0.4_atrMin40,84,46.42857142857143,1.2542264992072212,2.5707868105810303,-2.042281999010843,3.060460488786886,0.12241841955147544,0.17073170731707318,-91.8620569558826,17,10,58.82352941176471,190.19436663140584,5,"{'strategy': 'momentum', 'variant': 'sens_thai_1930_21_rr1.9_body2.2_wick0.4_atrMin40', 'initial_balance': 10000.0, 'risk_pct': 0.0025, 'fee_rate': 0.0001, 'spread_atr_mult': 0.03, 'slippage_min_spread': 0.3, 'slippage_max_spread': 1.0, 'max_trades_per_day': 3, 'daily_loss_limit_pct': 0.03, 'max_hold_minutes': 720, 'seed': 42, 'sweep_lookback': 20, 'wick_body_min': 1.5, 'atr_percentile_min': 30.0, 'sweep_rr': 2.0, 'sl_atr_buffer': 0.1, 'use_m1_confirmation': False, 'session': 'ny', 'adx_min': 18.0, 'momentum_rr': 1.9, 'use_atr_expansion': False, 'body_mult': 2.2, 'max_wick_pct': 0.4, 'momentum_sl_atr_mult': 1.0, 'session_hours_utc': None, 'close_extreme_pct': None, 'ema_extension_atr_max': None, 'use_m15_ema_trend': False, 'use_m15_ema200_filter': False, 'momentum_atr_percentile_min': 40.0, 'momentum_atr_percentile_max': None, 'session_ranges_utc_minutes': ((750, 840),), 'entry_mode': 'next_m5'}",21.520857671660792,0.16127484693877528,0.0526962682673619,True
sensitivity,XAUUSDm,sens_thai_1930_21_rr1.7_body2_wick0.35_atrMin50,86,48.837209302325576,1.2527446270519826,2.5034922593600277,-1.600037287521848,2.91103751088374,0.11644150043534957,0.17479674796747968,-98.37474227326325,17,11,64.70588235294117,166.40507028355808,5,"{'strategy': 'momentum', 'variant': 'sens_thai_1930_21_rr1.7_body2_wick0.35_atrMin50', 'initial_balance': 10000.0, 'risk_pct': 0.0025, 'fee_rate': 0.0001, 'spread_atr_mult': 0.03, 'slippage_min_spread': 0.3, 'slippage_max_spread': 1.0, 'max_trades_per_day': 3, 'daily_loss_limit_pct': 0.03, 'max_hold_minutes': 720, 'seed': 42, 'sweep_lookback': 20, 'wick_body_min': 1.5, 'atr_percentile_min': 30.0, 'sweep_rr': 2.0, 'sl_atr_buffer': 0.1, 'use_m1_confirmation': False, 'session': 'ny', 'adx_min': 18.0, 'momentum_rr': 1.7, 'use_atr_expansion': False, 'body_mult': 2.0, 'max_wick_pct': 0.35, 'momentum_sl_atr_mult': 1.0, 'session_hours_utc': None, 'close_extreme_pct': None, 'ema_extension_atr_max': None, 'use_m15_ema_trend': False, 'use_m15_ema200_filter': False, 'momentum_atr_percentile_min': 50.0, 'momentum_atr_percentile_max': None, 'session_ranges_utc_minutes': ((750, 840),), 'entry_mode': 'next_m5'}",21.662591232148834,0.1597630066445178,0.05488180968029387,True
sensitivity,XAUUSDm,sens_thai_19_21_rr2_body1.8_wick0.45_atrMin35,112,44.642857142857146,1.2525746581481856,3.606986511337182,-3.024216298527824,3.2205236708368568,0.12882094683347425,0.22764227642276422,-145.3918345539566,17,11,64.70588235294117,181.02047053997785,7,"{'strategy': 'momentum', 'variant': 'sens_thai_19_21_rr2_body1.8_wick0.45_atrMin35', 'initial_balance': 10000.0, 'risk_pct': 0.0025, 'fee_rate': 0.0001, 'spread_atr_mult': 0.03, 'slippage_min_spread': 0.3, 'slippage_max_spread': 1.0, 'max_trades_per_day': 3, 'daily_loss_limit_pct': 0.03, 'max_hold_minutes': 720, 'seed': 42, 'sweep_lookback': 20, 'wick_body_min': 1.5, 'atr_percentile_min': 30.0, 'sweep_rr': 2.0, 'sl_atr_buffer': 0.1, 'use_m1_confirmation': False, 'session': 'ny', 'adx_min': 18.0, 'momentum_rr': 2.0, 'use_atr_expansion': False, 'body_mult': 1.8, 'max_wick_pct': 0.45, 'momentum_sl_atr_mult': 1.0, 'session_hours_utc': None, 'close_extreme_pct': None, 'ema_extension_atr_max': None, 'use_m15_ema_trend': False, 'use_m15_ema200_filter': False, 'momentum_atr_percentile_min': 35.0, 'momentum_atr_percentile_max': None, 'session_ranges_utc_minutes': ((720, 840),), 'entry_mode': 'next_m5'}",19.463193666969637,0.14961958545918344,0.04645815424803402,True
sensitivity,XAUUSDm,sens_thai_19_21_rr1.7_body1.8_wick0.4_atrMin50,108,47.22222222222222,1.2524385116169492,3.2904749125363746,-2.2655579860286537,3.0467360301262763,0.12186944120505103,0.21951219512195122,-77.97518306127381,17,11,64.70588235294117,163.74859264335146,6,"{'strategy': 'momentum', 'variant': 'sens_thai_19_21_rr1.7_body1.8_wick0.4_atrMin50', 'initial_balance': 10000.0, 'risk_pct': 0.0025, 'fee_rate': 0.0001, 'spread_atr_mult': 0.03, 'slippage_min_spread': 0.3, 'slippage_max_spread': 1.0, 'max_trades_per_day': 3, 'daily_loss_limit_pct': 0.03, 'max_hold_minutes': 720, 'seed': 42, 'sweep_lookback': 20, 'wick_body_min': 1.5, 'atr_percentile_min': 30.0, 'sweep_rr': 2.0, 'sl_atr_buffer': 0.1, 'use_m1_confirmation': False, 'session': 'ny', 'adx_min': 18.0, 'momentum_rr': 1.7, 'use_atr_expansion': False, 'body_mult': 1.8, 'max_wick_pct': 0.4, 'momentum_sl_atr_mult': 1.0, 'session_hours_utc': None, 'close_extreme_pct': None, 'ema_extension_atr_max': None, 'use_m15_ema_trend': False, 'use_m15_ema200_filter': False, 'momentum_atr_percentile_min': 50.0, 'momentum_atr_percentile_max': None, 'session_ranges_utc_minutes': ((720, 840),), 'entry_mode': 'next_m5'}",20.166858521887843,0.15318791666666626,0.050279353101790436,True
sensitivity,XAUUSDm,sens_thai_1930_21_rr1.6_body2.2_wick0.4_atrMin45,84,48.80952380952381,1.251360648950052,2.410088394774939,-1.8297924975626074,2.8691528509224864,0.11476611403689943,0.17073170731707318,-91.8620569558826,17,13,76.47058823529412,152.69361663140552,5,"{'strategy': 'momentum', 'variant': 'sens_thai_1930_21_rr1.6_body2.2_wick0.4_atrMin45', 'initial_balance': 10000.0, 'risk_pct': 0.0025, 'fee_rate': 0.0001, 'spread_atr_mult': 0.03, 'slippage_min_spread': 0.3, 'slippage_max_spread': 1.0, 'max_trades_per_day': 3, 'daily_loss_limit_pct': 0.03, 'max_hold_minutes': 720, 'seed': 42, 'sweep_lookback': 20, 'wick_body_min': 1.5, 'atr_percentile_min': 30.0, 'sweep_rr': 2.0, 'sl_atr_buffer': 0.1, 'use_m1_confirmation': False, 'session': 'ny', 'adx_min': 18.0, 'momentum_rr': 1.6, 'use_atr_expansion': False, 'body_mult': 2.2, 'max_wick_pct': 0.4, 'momentum_sl_atr_mult': 1.0, 'session_hours_utc': None, 'close_extreme_pct': None, 'ema_extension_atr_max': None, 'use_m15_ema_trend': False, 'use_m15_ema200_filter': False, 'momentum_atr_percentile_min': 45.0, 'momentum_atr_percentile_max': None, 'session_ranges_utc_minutes': ((750, 840),), 'entry_mode': 'next_m5'}",21.536940632789076,0.16169102040816302,0.0563549691527157,True
sensitivity,XAUUSDm,sens_thai_1930_21_rr1.6_body2.2_wick0.4_atrMin35,84,48.80952380952381,1.251151999099758,2.4082037948332617,-1.831204504571015,2.8669092795633504,0.11467637118253397,0.17073170731707318,-91.8620569558826,17,13,76.47058823529412,152.69361663140552,5,"{'strategy': 'momentum', 'variant': 'sens_thai_1930_21_rr1.6_body2.2_wick0.4_atrMin35', 'initial_balance': 10000.0, 'risk_pct': 0.0025, 'fee_rate': 0.0001, 'spread_atr_mult': 0.03, 'slippage_min_spread': 0.3, 'slippage_max_spread': 1.0, 'max_trades_per_day': 3, 'daily_loss_limit_pct': 0.03, 'max_hold_minutes': 720, 'seed': 42, 'sweep_lookback': 20, 'wick_body_min': 1.5, 'atr_percentile_min': 30.0, 'sweep_rr': 2.0, 'sl_atr_buffer': 0.1, 'use_m1_confirmation': False, 'session': 'ny', 'adx_min': 18.0, 'momentum_rr': 1.6, 'use_atr_expansion': False, 'body_mult': 2.2, 'max_wick_pct': 0.4, 'momentum_sl_atr_mult': 1.0, 'session_hours_utc': None, 'close_extreme_pct': None, 'ema_extension_atr_max': None, 'use_m15_ema_trend': False, 'use_m15_ema200_filter': False, 'momentum_atr_percentile_min': 35.0, 'momentum_atr_percentile_max': None, 'session_ranges_utc_minutes': ((750, 840),), 'entry_mode': 'next_m5'}",21.520857671660792,0.16127484693877528,0.056253906633326925,True
sensitivity,XAUUSDm,sens_thai_1930_21_rr1.6_body2.2_wick0.4_atrMin40,84,48.80952380952381,1.251151999099758,2.4082037948332617,-1.831204504571015,2.8669092795633504,0.11467637118253397,0.17073170731707318,-91.8620569558826,17,13,76.47058823529412,152.69361663140552,5,"{'strategy': 'momentum', 'variant': 'sens_thai_1930_21_rr1.6_body2.2_wick0.4_atrMin40', 'initial_balance': 10000.0, 'risk_pct': 0.0025, 'fee_rate': 0.0001, 'spread_atr_mult': 0.03, 'slippage_min_spread': 0.3, 'slippage_max_spread': 1.0, 'max_trades_per_day': 3, 'daily_loss_limit_pct': 0.03, 'max_hold_minutes': 720, 'seed': 42, 'sweep_lookback': 20, 'wick_body_min': 1.5, 'atr_percentile_min': 30.0, 'sweep_rr': 2.0, 'sl_atr_buffer': 0.1, 'use_m1_confirmation': False, 'session': 'ny', 'adx_min': 18.0, 'momentum_rr': 1.6, 'use_atr_expansion': False, 'body_mult': 2.2, 'max_wick_pct': 0.4, 'momentum_sl_atr_mult': 1.0, 'session_hours_utc': None, 'close_extreme_pct': None, 'ema_extension_atr_max': None, 'use_m15_ema_trend': False, 'use_m15_ema200_filter': False, 'momentum_atr_percentile_min': 40.0, 'momentum_atr_percentile_max': None, 'session_ranges_utc_minutes': ((750, 840),), 'entry_mode': 'next_m5'}",21.520857671660792,0.16127484693877528,0.056253906633326925,True
sensitivity,XAUUSDm,sens_thai_19_21_rr2_body1.8_wick0.35_atrMin45,106,45.28301886792453,1.2503115663801039,3.381788388344976,-2.0413485543669645,3.19036640409902,0.1276146561639608,0.21544715447154472,-95.8590312597194,17,10,58.82352941176471,196.88147353813633,4,"{'strategy': 'momentum', 'variant': 'sens_thai_19_21_rr2_body1.8_wick0.35_atrMin45', 'initial_balance': 10000.0, 'risk_pct': 0.0025, 'fee_rate': 0.0001, 'spread_atr_mult': 0.03, 'slippage_min_spread': 0.3, 'slippage_max_spread': 1.0, 'max_trades_per_day': 3, 'daily_loss_limit_pct': 0.03, 'max_hold_minutes': 720, 'seed': 42, 'sweep_lookback': 20, 'wick_body_min': 1.5, 'atr_percentile_min': 30.0, 'sweep_rr': 2.0, 'sl_atr_buffer': 0.1, 'use_m1_confirmation': False, 'session': 'ny', 'adx_min': 18.0, 'momentum_rr': 2.0, 'use_atr_expansion': False, 'body_mult': 1.8, 'max_wick_pct': 0.35, 'momentum_sl_atr_mult': 1.0, 'session_hours_utc': None, 'close_extreme_pct': None, 'ema_extension_atr_max': None, 'use_m15_ema_trend': False, 'use_m15_ema200_filter': False, 'momentum_atr_percentile_min': 45.0, 'momentum_atr_percentile_max': None, 'session_ranges_utc_minutes': ((720, 840),), 'entry_mode': 'next_m5'}",19.54702911018585,0.15187346361185952,0.04760376846268527,True
sensitivity,XAUUSDm,sens_thai_19_21_rr2_body1.8_wick0.35_atrMin40,106,45.28301886792453,1.2501638335078666,3.379907389720411,-2.0413485543669645,3.188591877094736,0.12754367508378944,0.21544715447154472,-95.8590312597194,17,10,58.82352941176471,196.88147353813633,4,"{'strategy': 'momentum', 'variant': 'sens_thai_19_21_rr2_body1.8_wick0.35_atrMin40', 'initial_balance': 10000.0, 'risk_pct': 0.0025, 'fee_rate': 0.0001, 'spread_atr_mult': 0.03, 'slippage_min_spread': 0.3, 'slippage_max_spread': 1.0, 'max_trades_per_day': 3, 'daily_loss_limit_pct': 0.03, 'max_hold_minutes': 720, 'seed': 42, 'sweep_lookback': 20, 'wick_body_min': 1.5, 'atr_percentile_min': 30.0, 'sweep_rr': 2.0, 'sl_atr_buffer': 0.1, 'use_m1_confirmation': False, 'session': 'ny', 'adx_min': 18.0, 'momentum_rr': 2.0, 'use_atr_expansion': False, 'body_mult': 1.8, 'max_wick_pct': 0.35, 'momentum_sl_atr_mult': 1.0, 'session_hours_utc': None, 'close_extreme_pct': None, 'ema_extension_atr_max': None, 'use_m15_ema_trend': False, 'use_m15_ema200_filter': False, 'momentum_atr_percentile_min': 40.0, 'momentum_atr_percentile_max': None, 'session_ranges_utc_minutes': ((720, 840),), 'entry_mode': 'next_m5'}",19.53427284546486,0.15154366576819375,0.04752683052880124,True
sensitivity,XAUUSDm,sens_thai_19_21_rr1.7_body1.8_wick0.45_atrMin45,114,47.368421052631575,1.2501065943018406,3.4453458206092913,-2.3113883964019424,3.0222331759730574,0.12088932703892229,0.23170731707317074,-77.8850845539568,17,10,58.82352941176471,169.96155494760973,6,"{'strategy': 'momentum', 'variant': 'sens_thai_19_21_rr1.7_body1.8_wick0.45_atrMin45', 'initial_balance': 10000.0, 'risk_pct': 0.0025, 'fee_rate': 0.0001, 'spread_atr_mult': 0.03, 'slippage_min_spread': 0.3, 'slippage_max_spread': 1.0, 'max_trades_per_day': 3, 'daily_loss_limit_pct': 0.03, 'max_hold_minutes': 720, 'seed': 42, 'sweep_lookback': 20, 'wick_body_min': 1.5, 'atr_percentile_min': 30.0, 'sweep_rr': 2.0, 'sl_atr_buffer': 0.1, 'use_m1_confirmation': False, 'session': 'ny', 'adx_min': 18.0, 'momentum_rr': 1.7, 'use_atr_expansion': False, 'body_mult': 1.8, 'max_wick_pct': 0.45, 'momentum_sl_atr_mult': 1.0, 'session_hours_utc': None, 'close_extreme_pct': None, 'ema_extension_atr_max': None, 'use_m15_ema_trend': False, 'use_m15_ema200_filter': False, 'momentum_atr_percentile_min': 45.0, 'momentum_atr_percentile_max': None, 'session_ranges_utc_minutes': ((720, 840),), 'entry_mode': 'next_m5'}",19.899512234884398,0.15255009398496208,0.05047595109396087,True
sensitivity,XAUUSDm,sens_thai_19_21_rr1.7_body1.8_wick0.45_atrMin40,114,47.368421052631575,1.2499613560540166,3.4434609715328586,-2.3113883964019424,3.020579799590229,0.12082319198360914,0.23170731707317074,-77.8850845539568,17,10,58.82352941176471,169.96155494760973,6,"{'strategy': 'momentum', 'variant': 'sens_thai_19_21_rr1.7_body1.8_wick0.45_atrMin40', 'initial_balance': 10000.0, 'risk_pct': 0.0025, 'fee_rate': 0.0001, 'spread_atr_mult': 0.03, 'slippage_min_spread': 0.3, 'slippage_max_spread': 1.0, 'max_trades_per_day': 3, 'daily_loss_limit_pct': 0.03, 'max_hold_minutes': 720, 'seed': 42, 'sweep_lookback': 20, 'wick_body_min': 1.5, 'atr_percentile_min': 30.0, 'sweep_rr': 2.0, 'sl_atr_buffer': 0.1, 'use_m1_confirmation': False, 'session': 'ny', 'adx_min': 18.0, 'momentum_rr': 1.7, 'use_atr_expansion': False, 'body_mult': 1.8, 'max_wick_pct': 0.45, 'momentum_sl_atr_mult': 1.0, 'session_hours_utc': None, 'close_extreme_pct': None, 'ema_extension_atr_max': None, 'use_m15_ema_trend': False, 'use_m15_ema200_filter': False, 'momentum_atr_percentile_min': 40.0, 'momentum_atr_percentile_max': None, 'session_ranges_utc_minutes': ((720, 840),), 'entry_mode': 'next_m5'}",19.88759110921512,0.15224343984962374,0.050402058528722544,True
sensitivity,XAUUSDm,sens_thai_1930_21_rr2_body2.2_wick0.4_atrMin50,81,45.67901234567901,1.2499299271060824,2.4616268562320873,-2.134166957572825,3.039045501521121,0.1215618200608448,0.16463414634146342,-91.92204859877154,17,9,52.94117647058824,202.663608993703,5,"{'strategy': 'momentum', 'variant': 'sens_thai_1930_21_rr2_body2.2_wick0.4_atrMin50', 'initial_balance': 10000.0, 'risk_pct': 0.0025, 'fee_rate': 0.0001, 'spread_atr_mult': 0.03, 'slippage_min_spread': 0.3, 'slippage_max_spread': 1.0, 'max_trades_per_day': 3, 'daily_loss_limit_pct': 0.03, 'max_hold_minutes': 720, 'seed': 42, 'sweep_lookback': 20, 'wick_body_min': 1.5, 'atr_percentile_min': 30.0, 'sweep_rr': 2.0, 'sl_atr_buffer': 0.1, 'use_m1_confirmation': False, 'session': 'ny', 'adx_min': 18.0, 'momentum_rr': 2.0, 'use_atr_expansion': False, 'body_mult': 2.2, 'max_wick_pct': 0.4, 'momentum_sl_atr_mult': 1.0, 'session_hours_utc': None, 'close_extreme_pct': None, 'ema_extension_atr_max': None, 'use_m15_ema_trend': False, 'use_m15_ema200_filter': False, 'momentum_atr_percentile_min': 50.0, 'momentum_atr_percentile_max': None, 'session_ranges_utc_minutes': ((750, 840),), 'entry_mode': 'next_m5'}",21.786024456824926,0.16215415343915315,0.053356935050163215,True
sensitivity,XAUUSDm,sens_thai_1930_21_rr1.8_body2.2_wick0.35_atrMin50,80,47.5,1.2492152341208065,2.325509029961358,-2.3345723536371756,2.906886287451697,0.11627545149806788,0.16260162601626016,-91.92204859877154,17,10,58.82352941176471,177.76570972029208,5,"{'strategy': 'momentum', 'variant': 'sens_thai_1930_21_rr1.8_body2.2_wick0.35_atrMin50', 'initial_balance': 10000.0, 'risk_pct': 0.0025, 'fee_rate': 0.0001, 'spread_atr_mult': 0.03, 'slippage_min_spread': 0.3, 'slippage_max_spread': 1.0, 'max_trades_per_day': 3, 'daily_loss_limit_pct': 0.03, 'max_hold_minutes': 720, 'seed': 42, 'sweep_lookback': 20, 'wick_body_min': 1.5, 'atr_percentile_min': 30.0, 'sweep_rr': 2.0, 'sl_atr_buffer': 0.1, 'use_m1_confirmation': False, 'session': 'ny', 'adx_min': 18.0, 'momentum_rr': 1.8, 'use_atr_expansion': False, 'body_mult': 2.2, 'max_wick_pct': 0.35, 'momentum_sl_atr_mult': 1.0, 'session_hours_utc': None, 'close_extreme_pct': None, 'ema_extension_atr_max': None, 'use_m15_ema_trend': False, 'use_m15_ema200_filter': False, 'momentum_atr_percentile_min': 50.0, 'momentum_atr_percentile_max': None, 'session_ranges_utc_minutes': ((750, 840),), 'entry_mode': 'next_m5'}",21.842933350097827,0.16218779464285688,0.055794337516049765,True
sensitivity,XAUUSDm,sens_thai_19_2030_rr1.7_body1.8_wick0.45_atrMin50,73,49.31506849315068,1.2453955743671,2.173470607428717,-1.13035244464367,2.9773569964777837,0.11909427985911133,0.1483739837398374,-77.595421346297,16,11,68.75,98.62449766370133,5,"{'strategy': 'momentum', 'variant': 'sens_thai_19_2030_rr1.7_body1.8_wick0.45_atrMin50', 'initial_balance': 10000.0, 'risk_pct': 0.0025, 'fee_rate': 0.0001, 'spread_atr_mult': 0.03, 'slippage_min_spread': 0.3, 'slippage_max_spread': 1.0, 'max_trades_per_day': 3, 'daily_loss_limit_pct': 0.03, 'max_hold_minutes': 720, 'seed': 42, 'sweep_lookback': 20, 'wick_body_min': 1.5, 'atr_percentile_min': 30.0, 'sweep_rr': 2.0, 'sl_atr_buffer': 0.1, 'use_m1_confirmation': False, 'session': 'ny', 'adx_min': 18.0, 'momentum_rr': 1.7, 'use_atr_expansion': False, 'body_mult': 1.8, 'max_wick_pct': 0.45, 'momentum_sl_atr_mult': 1.0, 'session_hours_utc': None, 'close_extreme_pct': None, 'ema_extension_atr_max': None, 'use_m15_ema_trend': False, 'use_m15_ema200_filter': False, 'momentum_atr_percentile_min': 50.0, 'momentum_atr_percentile_max': None, 'session_ranges_utc_minutes': ((720, 810),), 'entry_mode': 'next_m5'}",19.449155328621842,0.1513957632093931,0.050849046113211976,True
sensitivity,XAUUSDm,sens_thai_1930_21_rr1.6_body2.2_wick0.45_atrMin50,83,49.39759036144578,1.2415299042061234,2.2722019675333285,-1.8740493604186468,2.7375927319678475,0.10950370927871392,0.16869918699186992,-91.92204859877154,17,12,70.58823529411765,152.66260899370286,5,"{'strategy': 'momentum', 'variant': 'sens_thai_1930_21_rr1.6_body2.2_wick0.45_atrMin50', 'initial_balance': 10000.0, 'risk_pct': 0.0025, 'fee_rate': 0.0001, 'spread_atr_mult': 0.03, 'slippage_min_spread': 0.3, 'slippage_max_spread': 1.0, 'max_trades_per_day': 3, 'daily_loss_limit_pct': 0.03, 'max_hold_minutes': 720, 'seed': 42, 'sweep_lookback': 20, 'wick_body_min': 1.5, 'atr_percentile_min': 30.0, 'sweep_rr': 2.0, 'sl_atr_buffer': 0.1, 'use_m1_confirmation': False, 'session': 'ny', 'adx_min': 18.0, 'momentum_rr': 1.6, 'use_atr_expansion': False, 'body_mult': 2.2, 'max_wick_pct': 0.45, 'momentum_sl_atr_mult': 1.0, 'session_hours_utc': None, 'close_extreme_pct': None, 'ema_extension_atr_max': None, 'use_m15_ema_trend': False, 'use_m15_ema200_filter': False, 'momentum_atr_percentile_min': 50.0, 'momentum_atr_percentile_max': None, 'session_ranges_utc_minutes': ((750, 840),), 'entry_mode': 'next_m5'}",21.56698438900631,0.1610248450946641,0.058819868716891134,True
sensitivity,XAUUSDm,sens_thai_1930_21_rr1.6_body2.2_wick0.35_atrMin50,80,48.75,1.2386802415846885,2.1634822962470026,-1.9472139340945567,2.7043528703087563,0.10817411481235026,0.16260162601626016,-91.92204859877154,17,12,70.58823529411765,152.76520972029238,5,"{'strategy': 'momentum', 'variant': 'sens_thai_1930_21_rr1.6_body2.2_wick0.35_atrMin50', 'initial_balance': 10000.0, 'risk_pct': 0.0025, 'fee_rate': 0.0001, 'spread_atr_mult': 0.03, 'slippage_min_spread': 0.3, 'slippage_max_spread': 1.0, 'max_trades_per_day': 3, 'daily_loss_limit_pct': 0.03, 'max_hold_minutes': 720, 'seed': 42, 'sweep_lookback': 20, 'wick_body_min': 1.5, 'atr_percentile_min': 30.0, 'sweep_rr': 2.0, 'sl_atr_buffer': 0.1, 'use_m1_confirmation': False, 'session': 'ny', 'adx_min': 18.0, 'momentum_rr': 1.6, 'use_atr_expansion': False, 'body_mult': 2.2, 'max_wick_pct': 0.35, 'momentum_sl_atr_mult': 1.0, 'session_hours_utc': None, 'close_extreme_pct': None, 'ema_extension_atr_max': None, 'use_m15_ema_trend': False, 'use_m15_ema200_filter': False, 'momentum_atr_percentile_min': 50.0, 'momentum_atr_percentile_max': None, 'session_ranges_utc_minutes': ((750, 840),), 'entry_mode': 'next_m5'}",21.842933350097827,0.16218779464285688,0.059972866863465146,True
sensitivity,XAUUSDm,sens_thai_19_21_rr1.6_body1.8_wick0.4_atrMin50,108,48.148148148148145,1.2381382442122697,3.0405149125363824,-1.7952490494777713,2.8152915856817997,0.11261166342727195,0.21951219512195122,-80.47543306127349,17,12,70.58823529411765,148.74809264335067,6,"{'strategy': 'momentum', 'variant': 'sens_thai_19_21_rr1.6_body1.8_wick0.4_atrMin50', 'initial_balance': 10000.0, 'risk_pct': 0.0025, 'fee_rate': 0.0001, 'spread_atr_mult': 0.03, 'slippage_min_spread': 0.3, 'slippage_max_spread': 1.0, 'max_trades_per_day': 3, 'daily_loss_limit_pct': 0.03, 'max_hold_minutes': 720, 'seed': 42, 'sweep_lookback': 20, 'wick_body_min': 1.5, 'atr_percentile_min': 30.0, 'sweep_rr': 2.0, 'sl_atr_buffer': 0.1, 'use_m1_confirmation': False, 'session': 'ny', 'adx_min': 18.0, 'momentum_rr': 1.6, 'use_atr_expansion': False, 'body_mult': 1.8, 'max_wick_pct': 0.4, 'momentum_sl_atr_mult': 1.0, 'session_hours_utc': None, 'close_extreme_pct': None, 'ema_extension_atr_max': None, 'use_m15_ema_trend': False, 'use_m15_ema200_filter': False, 'momentum_atr_percentile_min': 50.0, 'momentum_atr_percentile_max': None, 'session_ranges_utc_minutes': ((720, 840),), 'entry_mode': 'next_m5'}",20.166858521887843,0.15318791666666626,0.05441280663280483,True
sensitivity,XAUUSDm,sens_thai_1930_21_rr1.9_body2.2_wick0.45_atrMin50,83,46.98795180722892,1.23755406337283,2.3591812012476296,-2.2181302433056564,2.8423869894549862,0.11369547957819945,0.16869918699186992,-91.92204859877154,17,10,58.82352941176471,190.16335899370222,5,"{'strategy': 'momentum', 'variant': 'sens_thai_1930_21_rr1.9_body2.2_wick0.45_atrMin50', 'initial_balance': 10000.0, 'risk_pct': 0.0025, 'fee_rate': 0.0001, 'spread_atr_mult': 0.03, 'slippage_min_spread': 0.3, 'slippage_max_spread': 1.0, 'max_trades_per_day': 3, 'daily_loss_limit_pct': 0.03, 'max_hold_minutes': 720, 'seed': 42, 'sweep_lookback': 20, 'wick_body_min': 1.5, 'atr_percentile_min': 30.0, 'sweep_rr': 2.0, 'sl_atr_buffer': 0.1, 'use_m1_confirmation': False, 'session': 'ny', 'adx_min': 18.0, 'momentum_rr': 1.9, 'use_atr_expansion': False, 'body_mult': 2.2, 'max_wick_pct': 0.45, 'momentum_sl_atr_mult': 1.0, 'session_hours_utc': None, 'close_extreme_pct': None, 'ema_extension_atr_max': None, 'use_m15_ema_trend': False, 'use_m15_ema200_filter': False, 'momentum_atr_percentile_min': 50.0, 'momentum_atr_percentile_max': None, 'session_ranges_utc_minutes': ((750, 840),), 'entry_mode': 'next_m5'}",21.56698438900631,0.1610248450946641,0.056651274331064906,True
sensitivity,XAUUSDm,sens_thai_19_2030_rr1.7_body2.2_wick0.45_atrMin50,62,50.0,1.237444958903873,1.7990243893635123,-1.7000172281830976,2.901652240908872,0.11606608963635495,0.12601626016260162,-93.604209984154,16,12,75.0,66.39576775616597,4,"{'strategy': 'momentum', 'variant': 'sens_thai_19_2030_rr1.7_body2.2_wick0.45_atrMin50', 'initial_balance': 10000.0, 'risk_pct': 0.0025, 'fee_rate': 0.0001, 'spread_atr_mult': 0.03, 'slippage_min_spread': 0.3, 'slippage_max_spread': 1.0, 'max_trades_per_day': 3, 'daily_loss_limit_pct': 0.03, 'max_hold_minutes': 720, 'seed': 42, 'sweep_lookback': 20, 'wick_body_min': 1.5, 'atr_percentile_min': 30.0, 'sweep_rr': 2.0, 'sl_atr_buffer': 0.1, 'use_m1_confirmation': False, 'session': 'ny', 'adx_min': 18.0, 'momentum_rr': 1.7, 'use_atr_expansion': False, 'body_mult': 2.2, 'max_wick_pct': 0.45, 'momentum_sl_atr_mult': 1.0, 'session_hours_utc': None, 'close_extreme_pct': None, 'ema_extension_atr_max': None, 'use_m15_ema_trend': False, 'use_m15_ema200_filter': False, 'momentum_atr_percentile_min': 50.0, 'momentum_atr_percentile_max': None, 'session_ranges_utc_minutes': ((720, 810),), 'entry_mode': 'next_m5'}",19.792787509604302,0.14920900921658967,0.051422085359840906,False
sensitivity,XAUUSDm,sens_thai_19_2030_rr1.7_body1.8_wick0.4_atrMin50,72,48.61111111111111,1.2370978777481647,2.101615652876171,-1.1313142185685454,2.918910628994713,0.1167564251597885,0.14634146341463414,-77.5980204895845,16,11,68.75,98.62449766370133,5,"{'strategy': 'momentum', 'variant': 'sens_thai_19_2030_rr1.7_body1.8_wick0.4_atrMin50', 'initial_balance': 10000.0, 'risk_pct': 0.0025, 'fee_rate': 0.0001, 'spread_atr_mult': 0.03, 'slippage_min_spread': 0.3, 'slippage_max_spread': 1.0, 'max_trades_per_day': 3, 'daily_loss_limit_pct': 0.03, 'max_hold_minutes': 720, 'seed': 42, 'sweep_lookback': 20, 'wick_body_min': 1.5, 'atr_percentile_min': 30.0, 'sweep_rr': 2.0, 'sl_atr_buffer': 0.1, 'use_m1_confirmation': False, 'session': 'ny', 'adx_min': 18.0, 'momentum_rr': 1.7, 'use_atr_expansion': False, 'body_mult': 1.8, 'max_wick_pct': 0.4, 'momentum_sl_atr_mult': 1.0, 'session_hours_utc': None, 'close_extreme_pct': None, 'ema_extension_atr_max': None, 'use_m15_ema_trend': False, 'use_m15_ema200_filter': False, 'momentum_atr_percentile_min': 50.0, 'momentum_atr_percentile_max': None, 'session_ranges_utc_minutes': ((720, 810),), 'entry_mode': 'next_m5'}",19.37836413218341,0.15084467261904733,0.05167841424147986,True
sensitivity,XAUUSDm,sens_thai_1930_21_rr1.6_body2_wick0.45_atrMin45,93,49.46236559139785,1.2340548660491841,2.46171165020829,-1.2813541356129565,2.647001774417576,0.10588007097670298,0.18902439024390244,-98.23169611343073,17,11,64.70588235294117,153.7337583141613,5,"{'strategy': 'momentum', 'variant': 'sens_thai_1930_21_rr1.6_body2_wick0.45_atrMin45', 'initial_balance': 10000.0, 'risk_pct': 0.0025, 'fee_rate': 0.0001, 'spread_atr_mult': 0.03, 'slippage_min_spread': 0.3, 'slippage_max_spread': 1.0, 'max_trades_per_day': 3, 'daily_loss_limit_pct': 0.03, 'max_hold_minutes': 720, 'seed': 42, 'sweep_lookback': 20, 'wick_body_min': 1.5, 'atr_percentile_min': 30.0, 'sweep_rr': 2.0, 'sl_atr_buffer': 0.1, 'use_m1_confirmation': False, 'session': 'ny', 'adx_min': 18.0, 'momentum_rr': 1.6, 'use_atr_expansion': False, 'body_mult': 2.0, 'max_wick_pct': 0.45, 'momentum_sl_atr_mult': 1.0, 'session_hours_utc': None, 'close_extreme_pct': None, 'ema_extension_atr_max': None, 'use_m15_ema_trend': False, 'use_m15_ema200_filter': False, 'momentum_atr_percentile_min': 45.0, 'momentum_atr_percentile_max': None, 'session_ranges_utc_minutes': ((750, 840),), 'entry_mode': 'next_m5'}",21.31017753921042,0.15899497695852505,0.06006606361021762,True
sensitivity,XAUUSDm,sens_thai_1930_21_rr1.6_body2_wick0.45_atrMin35,93,49.46236559139785,1.2338655525886761,2.4598283050963983,-1.2827610764331063,2.6449766721467083,0.10579906688586825,0.18902439024390244,-98.23169611343073,17,11,64.70588235294117,153.7337583141613,5,"{'strategy': 'momentum', 'variant': 'sens_thai_1930_21_rr1.6_body2_wick0.45_atrMin35', 'initial_balance': 10000.0, 'risk_pct': 0.0025, 'fee_rate': 0.0001, 'spread_atr_mult': 0.03, 'slippage_min_spread': 0.3, 'slippage_max_spread': 1.0, 'max_trades_per_day': 3, 'daily_loss_limit_pct': 0.03, 'max_hold_minutes': 720, 'seed': 42, 'sweep_lookback': 20, 'wick_body_min': 1.5, 'atr_percentile_min': 30.0, 'sweep_rr': 2.0, 'sl_atr_buffer': 0.1, 'use_m1_confirmation': False, 'session': 'ny', 'adx_min': 18.0, 'momentum_rr': 1.6, 'use_atr_expansion': False, 'body_mult': 2.0, 'max_wick_pct': 0.45, 'momentum_sl_atr_mult': 1.0, 'session_hours_utc': None, 'close_extreme_pct': None, 'ema_extension_atr_max': None, 'use_m15_ema_trend': False, 'use_m15_ema200_filter': False, 'momentum_atr_percentile_min': 35.0, 'momentum_atr_percentile_max': None, 'session_ranges_utc_minutes': ((750, 840),), 'entry_mode': 'next_m5'}",21.295647202841078,0.1586190783410135,0.0599699347110973,True
sensitivity,XAUUSDm,sens_thai_1930_21_rr1.6_body2_wick0.45_atrMin40,93,49.46236559139785,1.2338655525886761,2.4598283050963983,-1.2827610764331063,2.6449766721467083,0.10579906688586825,0.18902439024390244,-98.23169611343073,17,11,64.70588235294117,153.7337583141613,5,"{'strategy': 'momentum', 'variant': 'sens_thai_1930_21_rr1.6_body2_wick0.45_atrMin40', 'initial_balance': 10000.0, 'risk_pct': 0.0025, 'fee_rate': 0.0001, 'spread_atr_mult': 0.03, 'slippage_min_spread': 0.3, 'slippage_max_spread': 1.0, 'max_trades_per_day': 3, 'daily_loss_limit_pct': 0.03, 'max_hold_minutes': 720, 'seed': 42, 'sweep_lookback': 20, 'wick_body_min': 1.5, 'atr_percentile_min': 30.0, 'sweep_rr': 2.0, 'sl_atr_buffer': 0.1, 'use_m1_confirmation': False, 'session': 'ny', 'adx_min': 18.0, 'momentum_rr': 1.6, 'use_atr_expansion': False, 'body_mult': 2.0, 'max_wick_pct': 0.45, 'momentum_sl_atr_mult': 1.0, 'session_hours_utc': None, 'close_extreme_pct': None, 'ema_extension_atr_max': None, 'use_m15_ema_trend': False, 'use_m15_ema200_filter': False, 'momentum_atr_percentile_min': 40.0, 'momentum_atr_percentile_max': None, 'session_ranges_utc_minutes': ((750, 840),), 'entry_mode': 'next_m5'}",21.295647202841078,0.1586190783410135,0.0599699347110973,True
sensitivity,XAUUSDm,sens_thai_1930_21_rr2_body2.2_wick0.4_atrMin45,84,45.23809523809524,1.2335485608781136,2.4226114105226952,-1.9174661528566217,2.8840612030031574,0.11536244812012628,0.17073170731707318,-91.8620569558826,17,10,58.82352941176471,202.6946166314052,5,"{'strategy': 'momentum', 'variant': 'sens_thai_1930_21_rr2_body2.2_wick0.4_atrMin45', 'initial_balance': 10000.0, 'risk_pct': 0.0025, 'fee_rate': 0.0001, 'spread_atr_mult': 0.03, 'slippage_min_spread': 0.3, 'slippage_max_spread': 1.0, 'max_trades_per_day': 3, 'daily_loss_limit_pct': 0.03, 'max_hold_minutes': 720, 'seed': 42, 'sweep_lookback': 20, 'wick_body_min': 1.5, 'atr_percentile_min': 30.0, 'sweep_rr': 2.0, 'sl_atr_buffer': 0.1, 'use_m1_confirmation': False, 'session': 'ny', 'adx_min': 18.0, 'momentum_rr': 2.0, 'use_atr_expansion': False, 'body_mult': 2.2, 'max_wick_pct': 0.4, 'momentum_sl_atr_mult': 1.0, 'session_hours_utc': None, 'close_extreme_pct': None, 'ema_extension_atr_max': None, 'use_m15_ema_trend': False, 'use_m15_ema200_filter': False, 'momentum_atr_percentile_min': 45.0, 'momentum_atr_percentile_max': None, 'session_ranges_utc_minutes': ((750, 840),), 'entry_mode': 'next_m5'}",21.536940632789076,0.16169102040816302,0.056063657816898975,True
sensitivity,XAUUSDm,sens_thai_1930_21_rr2_body2.2_wick0.4_atrMin35,84,45.23809523809524,1.233356490802876,2.420726810581018,-1.9174661528566217,2.8818176316440263,0.11527270526576103,0.17073170731707318,-91.8620569558826,17,10,58.82352941176471,202.6946166314052,5,"{'strategy': 'momentum', 'variant': 'sens_thai_1930_21_rr2_body2.2_wick0.4_atrMin35', 'initial_balance': 10000.0, 'risk_pct': 0.0025, 'fee_rate': 0.0001, 'spread_atr_mult': 0.03, 'slippage_min_spread': 0.3, 'slippage_max_spread': 1.0, 'max_trades_per_day': 3, 'daily_loss_limit_pct': 0.03, 'max_hold_minutes': 720, 'seed': 42, 'sweep_lookback': 20, 'wick_body_min': 1.5, 'atr_percentile_min': 30.0, 'sweep_rr': 2.0, 'sl_atr_buffer': 0.1, 'use_m1_confirmation': False, 'session': 'ny', 'adx_min': 18.0, 'momentum_rr': 2.0, 'use_atr_expansion': False, 'body_mult': 2.2, 'max_wick_pct': 0.4, 'momentum_sl_atr_mult': 1.0, 'session_hours_utc': None, 'close_extreme_pct': None, 'ema_extension_atr_max': None, 'use_m15_ema_trend': False, 'use_m15_ema200_filter': False, 'momentum_atr_percentile_min': 35.0, 'momentum_atr_percentile_max': None, 'session_ranges_utc_minutes': ((750, 840),), 'entry_mode': 'next_m5'}",21.520857671660792,0.16127484693877528,0.05596289132521228,True
sensitivity,XAUUSDm,sens_thai_1930_21_rr2_body2.2_wick0.4_atrMin40,84,45.23809523809524,1.233356490802876,2.420726810581018,-1.9174661528566217,2.8818176316440263,0.11527270526576103,0.17073170731707318,-91.8620569558826,17,10,58.82352941176471,202.6946166314052,5,"{'strategy': 'momentum', 'variant': 'sens_thai_1930_21_rr2_body2.2_wick0.4_atrMin40', 'initial_balance': 10000.0, 'risk_pct': 0.0025, 'fee_rate': 0.0001, 'spread_atr_mult': 0.03, 'slippage_min_spread': 0.3, 'slippage_max_spread': 1.0, 'max_trades_per_day': 3, 'daily_loss_limit_pct': 0.03, 'max_hold_minutes': 720, 'seed': 42, 'sweep_lookback': 20, 'wick_body_min': 1.5, 'atr_percentile_min': 30.0, 'sweep_rr': 2.0, 'sl_atr_buffer': 0.1, 'use_m1_confirmation': False, 'session': 'ny', 'adx_min': 18.0, 'momentum_rr': 2.0, 'use_atr_expansion': False, 'body_mult': 2.2, 'max_wick_pct': 0.4, 'momentum_sl_atr_mult': 1.0, 'session_hours_utc': None, 'close_extreme_pct': None, 'ema_extension_atr_max': None, 'use_m15_ema_trend': False, 'use_m15_ema200_filter': False, 'momentum_atr_percentile_min': 40.0, 'momentum_atr_percentile_max': None, 'session_ranges_utc_minutes': ((750, 840),), 'entry_mode': 'next_m5'}",21.520857671660792,0.16127484693877528,0.05596289132521228,True
sensitivity,XAUUSDm,sens_thai_1930_21_rr1.7_body2_wick0.45_atrMin45,93,48.38709677419355,1.2328937443593375,2.5116666502082987,-1.4809974625592006,2.7007168281810143,0.10802867312724053,0.18902439024390244,-98.23169611343073,17,11,64.70588235294117,166.2340083141611,5,"{'strategy': 'momentum', 'variant': 'sens_thai_1930_21_rr1.7_body2_wick0.45_atrMin45', 'initial_balance': 10000.0, 'risk_pct': 0.0025, 'fee_rate': 0.0001, 'spread_atr_mult': 0.03, 'slippage_min_spread': 0.3, 'slippage_max_spread': 1.0, 'max_trades_per_day': 3, 'daily_loss_limit_pct': 0.03, 'max_hold_minutes': 720, 'seed': 42, 'sweep_lookback': 20, 'wick_body_min': 1.5, 'atr_percentile_min': 30.0, 'sweep_rr': 2.0, 'sl_atr_buffer': 0.1, 'use_m1_confirmation': False, 'session': 'ny', 'adx_min': 18.0, 'momentum_rr': 1.7, 'use_atr_expansion': False, 'body_mult': 2.0, 'max_wick_pct': 0.45, 'momentum_sl_atr_mult': 1.0, 'session_hours_utc': None, 'close_extreme_pct': None, 'ema_extension_atr_max': None, 'use_m15_ema_trend': False, 'use_m15_ema200_filter': False, 'momentum_atr_percentile_min': 45.0, 'momentum_atr_percentile_max': None, 'session_ranges_utc_minutes': ((750, 840),), 'entry_mode': 'next_m5'}",21.31017753921042,0.15899497695852505,0.058871398622569134,True
sensitivity,XAUUSDm,sens_thai_19_21_rr1.6_body1.8_wick0.45_atrMin45,114,48.24561403508772,1.2328434749572086,3.145385820609281,-1.825406322460352,2.759110368955566,0.11036441475822265,0.23170731707317074,-80.3853345539567,17,11,64.70588235294117,159.96055494761038,6,"{'strategy': 'momentum', 'variant': 'sens_thai_19_21_rr1.6_body1.8_wick0.45_atrMin45', 'initial_balance': 10000.0, 'risk_pct': 0.0025, 'fee_rate': 0.0001, 'spread_atr_mult': 0.03, 'slippage_min_spread': 0.3, 'slippage_max_spread': 1.0, 'max_trades_per_day': 3, 'daily_loss_limit_pct': 0.03, 'max_hold_minutes': 720, 'seed': 42, 'sweep_lookback': 20, 'wick_body_min': 1.5, 'atr_percentile_min': 30.0, 'sweep_rr': 2.0, 'sl_atr_buffer': 0.1, 'use_m1_confirmation': False, 'session': 'ny', 'adx_min': 18.0, 'momentum_rr': 1.6, 'use_atr_expansion': False, 'body_mult': 1.8, 'max_wick_pct': 0.45, 'momentum_sl_atr_mult': 1.0, 'session_hours_utc': None, 'close_extreme_pct': None, 'ema_extension_atr_max': None, 'use_m15_ema_trend': False, 'use_m15_ema200_filter': False, 'momentum_atr_percentile_min': 45.0, 'momentum_atr_percentile_max': None, 'session_ranges_utc_minutes': ((720, 840),), 'entry_mode': 'next_m5'}",19.899512234884398,0.15255009398496208,0.05528959468290803,True
sensitivity,XAUUSDm,sens_thai_1930_21_rr1.7_body2_wick0.45_atrMin35,93,48.38709677419355,1.2327091660956306,2.5097833050964073,-1.482406854305205,2.698691725910157,0.10794766903640622,0.18902439024390244,-98.23169611343073,17,11,64.70588235294117,166.2340083141611,5,"{'strategy': 'momentum', 'variant': 'sens_thai_1930_21_rr1.7_body2_wick0.45_atrMin35', 'initial_balance': 10000.0, 'risk_pct': 0.0025, 'fee_rate': 0.0001, 'spread_atr_mult': 0.03, 'slippage_min_spread': 0.3, 'slippage_max_spread': 1.0, 'max_trades_per_day': 3, 'daily_loss_limit_pct': 0.03, 'max_hold_minutes': 720, 'seed': 42, 'sweep_lookback': 20, 'wick_body_min': 1.5, 'atr_percentile_min': 30.0, 'sweep_rr': 2.0, 'sl_atr_buffer': 0.1, 'use_m1_confirmation': False, 'session': 'ny', 'adx_min': 18.0, 'momentum_rr': 1.7, 'use_atr_expansion': False, 'body_mult': 2.0, 'max_wick_pct': 0.45, 'momentum_sl_atr_mult': 1.0, 'session_hours_utc': None, 'close_extreme_pct': None, 'ema_extension_atr_max': None, 'use_m15_ema_trend': False, 'use_m15_ema200_filter': False, 'momentum_atr_percentile_min': 35.0, 'momentum_atr_percentile_max': None, 'session_ranges_utc_minutes': ((750, 840),), 'entry_mode': 'next_m5'}",21.295647202841078,0.1586190783410135,0.05877628660513933,True
sensitivity,XAUUSDm,sens_thai_1930_21_rr1.7_body2_wick0.45_atrMin40,93,48.38709677419355,1.2327091660956306,2.5097833050964073,-1.482406854305205,2.698691725910157,0.10794766903640622,0.18902439024390244,-98.23169611343073,17,11,64.70588235294117,166.2340083141611,5,"{'strategy': 'momentum', 'variant': 'sens_thai_1930_21_rr1.7_body2_wick0.45_atrMin40', 'initial_balance': 10000.0, 'risk_pct': 0.0025, 'fee_rate': 0.0001, 'spread_atr_mult': 0.03, 'slippage_min_spread': 0.3, 'slippage_max_spread': 1.0, 'max_trades_per_day': 3, 'daily_loss_limit_pct': 0.03, 'max_hold_minutes': 720, 'seed': 42, 'sweep_lookback': 20, 'wick_body_min': 1.5, 'atr_percentile_min': 30.0, 'sweep_rr': 2.0, 'sl_atr_buffer': 0.1, 'use_m1_confirmation': False, 'session': 'ny', 'adx_min': 18.0, 'momentum_rr': 1.7, 'use_atr_expansion': False, 'body_mult': 2.0, 'max_wick_pct': 0.45, 'momentum_sl_atr_mult': 1.0, 'session_hours_utc': None, 'close_extreme_pct': None, 'ema_extension_atr_max': None, 'use_m15_ema_trend': False, 'use_m15_ema200_filter': False, 'momentum_atr_percentile_min': 40.0, 'momentum_atr_percentile_max': None, 'session_ranges_utc_minutes': ((750, 840),), 'entry_mode': 'next_m5'}",21.295647202841078,0.1586190783410135,0.05877628660513933,True
sensitivity,XAUUSDm,sens_thai_19_21_rr1.6_body1.8_wick0.45_atrMin40,114,48.24561403508772,1.2326959593803894,3.143500971532867,-1.825406322460352,2.757456992572743,0.11029827970290972,0.23170731707317074,-80.3853345539567,17,11,64.70588235294117,159.96055494761038,6,"{'strategy': 'momentum', 'variant': 'sens_thai_19_21_rr1.6_body1.8_wick0.45_atrMin40', 'initial_balance': 10000.0, 'risk_pct': 0.0025, 'fee_rate': 0.0001, 'spread_atr_mult': 0.03, 'slippage_min_spread': 0.3, 'slippage_max_spread': 1.0, 'max_trades_per_day': 3, 'daily_loss_limit_pct': 0.03, 'max_hold_minutes': 720, 'seed': 42, 'sweep_lookback': 20, 'wick_body_min': 1.5, 'atr_percentile_min': 30.0, 'sweep_rr': 2.0, 'sl_atr_buffer': 0.1, 'use_m1_confirmation': False, 'session': 'ny', 'adx_min': 18.0, 'momentum_rr': 1.6, 'use_atr_expansion': False, 'body_mult': 1.8, 'max_wick_pct': 0.45, 'momentum_sl_atr_mult': 1.0, 'session_hours_utc': None, 'close_extreme_pct': None, 'ema_extension_atr_max': None, 'use_m15_ema_trend': False, 'use_m15_ema200_filter': False, 'momentum_atr_percentile_min': 40.0, 'momentum_atr_percentile_max': None, 'session_ranges_utc_minutes': ((720, 840),), 'entry_mode': 'next_m5'}",19.88759110921512,0.15224343984962374,0.05521153739104327,True
sensitivity,XAUUSDm,sens_thai_1930_21_rr1.6_body2_wick0.35_atrMin45,89,49.43820224719101,1.2324154085712309,2.362178657566528,-1.3619768908269443,2.6541333231084563,0.10616533292433822,0.18089430894308944,-98.23169611343073,17,11,64.70588235294117,153.83631370283882,5,"{'strategy': 'momentum', 'variant': 'sens_thai_1930_21_rr1.6_body2_wick0.35_atrMin45', 'initial_balance': 10000.0, 'risk_pct': 0.0025, 'fee_rate': 0.0001, 'spread_atr_mult': 0.03, 'slippage_min_spread': 0.3, 'slippage_max_spread': 1.0, 'max_trades_per_day': 3, 'daily_loss_limit_pct': 0.03, 'max_hold_minutes': 720, 'seed': 42, 'sweep_lookback': 20, 'wick_body_min': 1.5, 'atr_percentile_min': 30.0, 'sweep_rr': 2.0, 'sl_atr_buffer': 0.1, 'use_m1_confirmation': False, 'session': 'ny', 'adx_min': 18.0, 'momentum_rr': 1.6, 'use_atr_expansion': False, 'body_mult': 2.0, 'max_wick_pct': 0.35, 'momentum_sl_atr_mult': 1.0, 'session_hours_utc': None, 'close_extreme_pct': None, 'ema_extension_atr_max': None, 'use_m15_ema_trend': False, 'use_m15_ema200_filter': False, 'momentum_atr_percentile_min': 45.0, 'momentum_atr_percentile_max': None, 'session_ranges_utc_minutes': ((750, 840),), 'entry_mode': 'next_m5'}",21.43118827284851,0.15940649277688562,0.060059715685341915,True
sensitivity,XAUUSDm,sens_thai_1930_21_rr1.6_body2_wick0.35_atrMin35,89,49.43820224719101,1.232219574761378,2.3602953124546366,-1.363383831647094,2.6520172050051896,0.10608068820020755,0.18089430894308944,-98.23169611343073,17,11,64.70588235294117,153.83631370283882,5,"{'strategy': 'momentum', 'variant': 'sens_thai_1930_21_rr1.6_body2_wick0.35_atrMin35', 'initial_balance': 10000.0, 'risk_pct': 0.0025, 'fee_rate': 0.0001, 'spread_atr_mult': 0.03, 'slippage_min_spread': 0.3, 'slippage_max_spread': 1.0, 'max_trades_per_day': 3, 'daily_loss_limit_pct': 0.03, 'max_hold_minutes': 720, 'seed': 42, 'sweep_lookback': 20, 'wick_body_min': 1.5, 'atr_percentile_min': 30.0, 'sweep_rr': 2.0, 'sl_atr_buffer': 0.1, 'use_m1_confirmation': False, 'session': 'ny', 'adx_min': 18.0, 'momentum_rr': 1.6, 'use_atr_expansion': False, 'body_mult': 2.0, 'max_wick_pct': 0.35, 'momentum_sl_atr_mult': 1.0, 'session_hours_utc': None, 'close_extreme_pct': None, 'ema_extension_atr_max': None, 'use_m15_ema_trend': False, 'use_m15_ema200_filter': False, 'momentum_atr_percentile_min': 35.0, 'momentum_atr_percentile_max': None, 'session_ranges_utc_minutes': ((750, 840),), 'entry_mode': 'next_m5'}",21.416004887653575,0.15901369983948593,0.059959527992268356,True
sensitivity,XAUUSDm,sens_thai_1930_21_rr1.6_body2_wick0.35_atrMin40,89,49.43820224719101,1.232219574761378,2.3602953124546366,-1.363383831647094,2.6520172050051896,0.10608068820020755,0.18089430894308944,-98.23169611343073,17,11,64.70588235294117,153.83631370283882,5,"{'strategy': 'momentum', 'variant': 'sens_thai_1930_21_rr1.6_body2_wick0.35_atrMin40', 'initial_balance': 10000.0, 'risk_pct': 0.0025, 'fee_rate': 0.0001, 'spread_atr_mult': 0.03, 'slippage_min_spread': 0.3, 'slippage_max_spread': 1.0, 'max_trades_per_day': 3, 'daily_loss_limit_pct': 0.03, 'max_hold_minutes': 720, 'seed': 42, 'sweep_lookback': 20, 'wick_body_min': 1.5, 'atr_percentile_min': 30.0, 'sweep_rr': 2.0, 'sl_atr_buffer': 0.1, 'use_m1_confirmation': False, 'session': 'ny', 'adx_min': 18.0, 'momentum_rr': 1.6, 'use_atr_expansion': False, 'body_mult': 2.0, 'max_wick_pct': 0.35, 'momentum_sl_atr_mult': 1.0, 'session_hours_utc': None, 'close_extreme_pct': None, 'ema_extension_atr_max': None, 'use_m15_ema_trend': False, 'use_m15_ema200_filter': False, 'momentum_atr_percentile_min': 40.0, 'momentum_atr_percentile_max': None, 'session_ranges_utc_minutes': ((750, 840),), 'entry_mode': 'next_m5'}",21.416004887653575,0.15901369983948593,0.059959527992268356,True
sensitivity,XAUUSDm,sens_thai_1930_21_rr1.7_body2.2_wick0.4_atrMin50,81,48.148148148148145,1.2316635573234478,2.161716856232124,-2.442252162195252,2.668786242261897,0.1067514496904759,0.16463414634146342,-91.92204859877154,17,10,58.82352941176471,165.16285899370538,5,"{'strategy': 'momentum', 'variant': 'sens_thai_1930_21_rr1.7_body2.2_wick0.4_atrMin50', 'initial_balance': 10000.0, 'risk_pct': 0.0025, 'fee_rate': 0.0001, 'spread_atr_mult': 0.03, 'slippage_min_spread': 0.3, 'slippage_max_spread': 1.0, 'max_trades_per_day': 3, 'daily_loss_limit_pct': 0.03, 'max_hold_minutes': 720, 'seed': 42, 'sweep_lookback': 20, 'wick_body_min': 1.5, 'atr_percentile_min': 30.0, 'sweep_rr': 2.0, 'sl_atr_buffer': 0.1, 'use_m1_confirmation': False, 'session': 'ny', 'adx_min': 18.0, 'momentum_rr': 1.7, 'use_atr_expansion': False, 'body_mult': 2.2, 'max_wick_pct': 0.4, 'momentum_sl_atr_mult': 1.0, 'session_hours_utc': None, 'close_extreme_pct': None, 'ema_extension_atr_max': None, 'use_m15_ema_trend': False, 'use_m15_ema200_filter': False, 'momentum_atr_percentile_min': 50.0, 'momentum_atr_percentile_max': None, 'session_ranges_utc_minutes': ((750, 840),), 'entry_mode': 'next_m5'}",21.786024456824926,0.16215415343915315,0.06075951339651743,True
sensitivity,XAUUSDm,sens_thai_1930_21_rr1.9_body2_wick0.4_atrMin45,90,46.666666666666664,1.2301039856553428,2.5184861146618642,-2.0748133181002455,2.7983179051799034,0.11193271620719614,0.18292682926829268,-98.23169611343073,17,10,58.82352941176471,168.23672971821338,6,"{'strategy': 'momentum', 'variant': 'sens_thai_1930_21_rr1.9_body2_wick0.4_atrMin45', 'initial_balance': 10000.0, 'risk_pct': 0.0025, 'fee_rate': 0.0001, 'spread_atr_mult': 0.03, 'slippage_min_spread': 0.3, 'slippage_max_spread': 1.0, 'max_trades_per_day': 3, 'daily_loss_limit_pct': 0.03, 'max_hold_minutes': 720, 'seed': 42, 'sweep_lookback': 20, 'wick_body_min': 1.5, 'atr_percentile_min': 30.0, 'sweep_rr': 2.0, 'sl_atr_buffer': 0.1, 'use_m1_confirmation': False, 'session': 'ny', 'adx_min': 18.0, 'momentum_rr': 1.9, 'use_atr_expansion': False, 'body_mult': 2.0, 'max_wick_pct': 0.4, 'momentum_sl_atr_mult': 1.0, 'session_hours_utc': None, 'close_extreme_pct': None, 'ema_extension_atr_max': None, 'use_m15_ema_trend': False, 'use_m15_ema200_filter': False, 'momentum_atr_percentile_min': 45.0, 'momentum_atr_percentile_max': None, 'session_ranges_utc_minutes': ((750, 840),), 'entry_mode': 'next_m5'}",21.388663140057815,0.15940711904761867,0.056965335765655406,True
sensitivity,XAUUSDm,sens_thai_1930_21_rr1.9_body2_wick0.4_atrMin35,90,46.666666666666664,1.2299222295646055,2.5166027695499724,-2.076217838887711,2.7962252995000156,0.1118490119800006,0.18292682926829268,-98.23169611343073,17,10,58.82352941176471,168.23672971821338,6,"{'strategy': 'momentum', 'variant': 'sens_thai_1930_21_rr1.9_body2_wick0.4_atrMin35', 'initial_balance': 10000.0, 'risk_pct': 0.0025, 'fee_rate': 0.0001, 'spread_atr_mult': 0.03, 'slippage_min_spread': 0.3, 'slippage_max_spread': 1.0, 'max_trades_per_day': 3, 'daily_loss_limit_pct': 0.03, 'max_hold_minutes': 720, 'seed': 42, 'sweep_lookback': 20, 'wick_body_min': 1.5, 'atr_percentile_min': 30.0, 'sweep_rr': 2.0, 'sl_atr_buffer': 0.1, 'use_m1_confirmation': False, 'session': 'ny', 'adx_min': 18.0, 'momentum_rr': 1.9, 'use_atr_expansion': False, 'body_mult': 2.0, 'max_wick_pct': 0.4, 'momentum_sl_atr_mult': 1.0, 'session_hours_utc': None, 'close_extreme_pct': None, 'ema_extension_atr_max': None, 'use_m15_ema_trend': False, 'use_m15_ema200_filter': False, 'momentum_atr_percentile_min': 35.0, 'momentum_atr_percentile_max': None, 'session_ranges_utc_minutes': ((750, 840),), 'entry_mode': 'next_m5'}",21.373648459142824,0.15901869047619008,0.05686905504525108,True
sensitivity,XAUUSDm,sens_thai_1930_21_rr1.9_body2_wick0.4_atrMin40,90,46.666666666666664,1.2299222295646055,2.5166027695499724,-2.076217838887711,2.7962252995000156,0.1118490119800006,0.18292682926829268,-98.23169611343073,17,10,58.82352941176471,168.23672971821338,6,"{'strategy': 'momentum', 'variant': 'sens_thai_1930_21_rr1.9_body2_wick0.4_atrMin40', 'initial_balance': 10000.0, 'risk_pct': 0.0025, 'fee_rate': 0.0001, 'spread_atr_mult': 0.03, 'slippage_min_spread': 0.3, 'slippage_max_spread': 1.0, 'max_trades_per_day': 3, 'daily_loss_limit_pct': 0.03, 'max_hold_minutes': 720, 'seed': 42, 'sweep_lookback': 20, 'wick_body_min': 1.5, 'atr_percentile_min': 30.0, 'sweep_rr': 2.0, 'sl_atr_buffer': 0.1, 'use_m1_confirmation': False, 'session': 'ny', 'adx_min': 18.0, 'momentum_rr': 1.9, 'use_atr_expansion': False, 'body_mult': 2.0, 'max_wick_pct': 0.4, 'momentum_sl_atr_mult': 1.0, 'session_hours_utc': None, 'close_extreme_pct': None, 'ema_extension_atr_max': None, 'use_m15_ema_trend': False, 'use_m15_ema200_filter': False, 'momentum_atr_percentile_min': 40.0, 'momentum_atr_percentile_max': None, 'session_ranges_utc_minutes': ((750, 840),), 'entry_mode': 'next_m5'}",21.373648459142824,0.15901869047619008,0.05686905504525108,True
sensitivity,XAUUSDm,sens_thai_1930_21_rr1.7_body2_wick0.35_atrMin45,89,48.31460674157304,1.2288597816466293,2.3871311575664915,-1.561760664615298,2.6821698399623823,0.10728679359849524,0.18089430894308944,-98.23169611343073,17,10,58.82352941176471,166.33656370283845,5,"{'strategy': 'momentum', 'variant': 'sens_thai_1930_21_rr1.7_body2_wick0.35_atrMin45', 'initial_balance': 10000.0, 'risk_pct': 0.0025, 'fee_rate': 0.0001, 'spread_atr_mult': 0.03, 'slippage_min_spread': 0.3, 'slippage_max_spread': 1.0, 'max_trades_per_day': 3, 'daily_loss_limit_pct': 0.03, 'max_hold_minutes': 720, 'seed': 42, 'sweep_lookback': 20, 'wick_body_min': 1.5, 'atr_percentile_min': 30.0, 'sweep_rr': 2.0, 'sl_atr_buffer': 0.1, 'use_m1_confirmation': False, 'session': 'ny', 'adx_min': 18.0, 'momentum_rr': 1.7, 'use_atr_expansion': False, 'body_mult': 2.0, 'max_wick_pct': 0.35, 'momentum_sl_atr_mult': 1.0, 'session_hours_utc': None, 'close_extreme_pct': None, 'ema_extension_atr_max': None, 'use_m15_ema_trend': False, 'use_m15_ema200_filter': False, 'momentum_atr_percentile_min': 45.0, 'momentum_atr_percentile_max': None, 'session_ranges_utc_minutes': ((750, 840),), 'entry_mode': 'next_m5'}",21.43118827284851,0.15940649277688562,0.059431916056114226,True
sensitivity,XAUUSDm,sens_thai_1930_21_rr1.7_body2_wick0.35_atrMin35,89,48.31460674157304,1.2286691164259678,2.3852478124545993,-1.5631700563613022,2.6800537218591267,0.10720214887436501,0.18089430894308944,-98.23169611343073,17,10,58.82352941176471,166.33656370283845,5,"{'strategy': 'momentum', 'variant': 'sens_thai_1930_21_rr1.7_body2_wick0.35_atrMin35', 'initial_balance': 10000.0, 'risk_pct': 0.0025, 'fee_rate': 0.0001, 'spread_atr_mult': 0.03, 'slippage_min_spread': 0.3, 'slippage_max_spread': 1.0, 'max_trades_per_day': 3, 'daily_loss_limit_pct': 0.03, 'max_hold_minutes': 720, 'seed': 42, 'sweep_lookback': 20, 'wick_body_min': 1.5, 'atr_percentile_min': 30.0, 'sweep_rr': 2.0, 'sl_atr_buffer': 0.1, 'use_m1_confirmation': False, 'session': 'ny', 'adx_min': 18.0, 'momentum_rr': 1.7, 'use_atr_expansion': False, 'body_mult': 2.0, 'max_wick_pct': 0.35, 'momentum_sl_atr_mult': 1.0, 'session_hours_utc': None, 'close_extreme_pct': None, 'ema_extension_atr_max': None, 'use_m15_ema_trend': False, 'use_m15_ema200_filter': False, 'momentum_atr_percentile_min': 35.0, 'momentum_atr_percentile_max': None, 'session_ranges_utc_minutes': ((750, 840),), 'entry_mode': 'next_m5'}",21.416004887653575,0.15901369983948593,0.059332280745917176,True
sensitivity,XAUUSDm,sens_thai_1930_21_rr1.7_body2_wick0.35_atrMin40,89,48.31460674157304,1.2286691164259678,2.3852478124545993,-1.5631700563613022,2.6800537218591267,0.10720214887436501,0.18089430894308944,-98.23169611343073,17,10,58.82352941176471,166.33656370283845,5,"{'strategy': 'momentum', 'variant': 'sens_thai_1930_21_rr1.7_body2_wick0.35_atrMin40', 'initial_balance': 10000.0, 'risk_pct': 0.0025, 'fee_rate': 0.0001, 'spread_atr_mult': 0.03, 'slippage_min_spread': 0.3, 'slippage_max_spread': 1.0, 'max_trades_per_day': 3, 'daily_loss_limit_pct': 0.03, 'max_hold_minutes': 720, 'seed': 42, 'sweep_lookback': 20, 'wick_body_min': 1.5, 'atr_percentile_min': 30.0, 'sweep_rr': 2.0, 'sl_atr_buffer': 0.1, 'use_m1_confirmation': False, 'session': 'ny', 'adx_min': 18.0, 'momentum_rr': 1.7, 'use_atr_expansion': False, 'body_mult': 2.0, 'max_wick_pct': 0.35, 'momentum_sl_atr_mult': 1.0, 'session_hours_utc': None, 'close_extreme_pct': None, 'ema_extension_atr_max': None, 'use_m15_ema_trend': False, 'use_m15_ema200_filter': False, 'momentum_atr_percentile_min': 40.0, 'momentum_atr_percentile_max': None, 'session_ranges_utc_minutes': ((750, 840),), 'entry_mode': 'next_m5'}",21.416004887653575,0.15901369983948593,0.059332280745917176,True
sensitivity,XAUUSDm,sens_thai_1930_21_rr1.9_body2.2_wick0.35_atrMin50,80,46.25,1.2268940607324497,2.175454029961329,-2.234320004909306,2.7193175374516727,0.1087727014980669,0.16260162601626016,-91.92204859877154,17,10,58.82352941176471,190.26595972029156,5,"{'strategy': 'momentum', 'variant': 'sens_thai_1930_21_rr1.9_body2.2_wick0.35_atrMin50', 'initial_balance': 10000.0, 'risk_pct': 0.0025, 'fee_rate': 0.0001, 'spread_atr_mult': 0.03, 'slippage_min_spread': 0.3, 'slippage_max_spread': 1.0, 'max_trades_per_day': 3, 'daily_loss_limit_pct': 0.03, 'max_hold_minutes': 720, 'seed': 42, 'sweep_lookback': 20, 'wick_body_min': 1.5, 'atr_percentile_min': 30.0, 'sweep_rr': 2.0, 'sl_atr_buffer': 0.1, 'use_m1_confirmation': False, 'session': 'ny', 'adx_min': 18.0, 'momentum_rr': 1.9, 'use_atr_expansion': False, 'body_mult': 2.2, 'max_wick_pct': 0.35, 'momentum_sl_atr_mult': 1.0, 'session_hours_utc': None, 'close_extreme_pct': None, 'ema_extension_atr_max': None, 'use_m15_ema_trend': False, 'use_m15_ema200_filter': False, 'momentum_atr_percentile_min': 50.0, 'momentum_atr_percentile_max': None, 'session_ranges_utc_minutes': ((750, 840),), 'entry_mode': 'next_m5'}",21.842933350097827,0.16218779464285688,0.059642830382672526,True
sensitivity,XAUUSDm,sens_thai_19_2030_rr1.7_body2.2_wick0.4_atrMin50,62,48.38709677419355,1.2262542484741032,1.7179444872478962,-1.7162959453287263,2.7708782052385232,0.11083512820954099,0.12601626016260162,-93.604209984154,16,12,75.0,66.39576775616597,5,"{'strategy': 'momentum', 'variant': 'sens_thai_19_2030_rr1.7_body2.2_wick0.4_atrMin50', 'initial_balance': 10000.0, 'risk_pct': 0.0025, 'fee_rate': 0.0001, 'spread_atr_mult': 0.03, 'slippage_min_spread': 0.3, 'slippage_max_spread': 1.0, 'max_trades_per_day': 3, 'daily_loss_limit_pct': 0.03, 'max_hold_minutes': 720, 'seed': 42, 'sweep_lookback': 20, 'wick_body_min': 1.5, 'atr_percentile_min': 30.0, 'sweep_rr': 2.0, 'sl_atr_buffer': 0.1, 'use_m1_confirmation': False, 'session': 'ny', 'adx_min': 18.0, 'momentum_rr': 1.7, 'use_atr_expansion': False, 'body_mult': 2.2, 'max_wick_pct': 0.4, 'momentum_sl_atr_mult': 1.0, 'session_hours_utc': None, 'close_extreme_pct': None, 'ema_extension_atr_max': None, 'use_m15_ema_trend': False, 'use_m15_ema200_filter': False, 'momentum_atr_percentile_min': 50.0, 'momentum_atr_percentile_max': None, 'session_ranges_utc_minutes': ((720, 810),), 'entry_mode': 'next_m5'}",19.911612705580705,0.1495032373271887,0.053955181806455164,False
sensitivity,XAUUSDm,sens_thai_19_21_rr1.7_body1.8_wick0.45_atrMin50,111,46.846846846846844,1.2240973244146098,3.000074505003977,-2.249167682354358,2.702769824327851,0.108110792973114,0.22560975609756098,-77.97518306127381,17,11,64.70588235294117,163.74859264335146,5,"{'strategy': 'momentum', 'variant': 'sens_thai_19_21_rr1.7_body1.8_wick0.45_atrMin50', 'initial_balance': 10000.0, 'risk_pct': 0.0025, 'fee_rate': 0.0001, 'spread_atr_mult': 0.03, 'slippage_min_spread': 0.3, 'slippage_max_spread': 1.0, 'max_trades_per_day': 3, 'daily_loss_limit_pct': 0.03, 'max_hold_minutes': 720, 'seed': 42, 'sweep_lookback': 20, 'wick_body_min': 1.5, 'atr_percentile_min': 30.0, 'sweep_rr': 2.0, 'sl_atr_buffer': 0.1, 'use_m1_confirmation': False, 'session': 'ny', 'adx_min': 18.0, 'momentum_rr': 1.7, 'use_atr_expansion': False, 'body_mult': 1.8, 'max_wick_pct': 0.45, 'momentum_sl_atr_mult': 1.0, 'session_hours_utc': None, 'close_extreme_pct': None, 'ema_extension_atr_max': None, 'use_m15_ema_trend': False, 'use_m15_ema200_filter': False, 'momentum_atr_percentile_min': 50.0, 'momentum_atr_percentile_max': None, 'session_ranges_utc_minutes': ((720, 840),), 'entry_mode': 'next_m5'}",20.138571788978457,0.15301069498069464,0.05661255117007485,True
sensitivity,XAUUSDm,sens_thai_1930_21_rr1.8_body2_wick0.35_atrMin50,86,47.674418604651166,1.221149007096632,2.2472821449433464,-1.400954694781549,2.6131187731899628,0.1045247509275985,0.17479674796747968,-98.37474227326325,17,11,64.70588235294117,158.28930884189273,5,"{'strategy': 'momentum', 'variant': 'sens_thai_1930_21_rr1.8_body2_wick0.35_atrMin50', 'initial_balance': 10000.0, 'risk_pct': 0.0025, 'fee_rate': 0.0001, 'spread_atr_mult': 0.03, 'slippage_min_spread': 0.3, 'slippage_max_spread': 1.0, 'max_trades_per_day': 3, 'daily_loss_limit_pct': 0.03, 'max_hold_minutes': 720, 'seed': 42, 'sweep_lookback': 20, 'wick_body_min': 1.5, 'atr_percentile_min': 30.0, 'sweep_rr': 2.0, 'sl_atr_buffer': 0.1, 'use_m1_confirmation': False, 'session': 'ny', 'adx_min': 18.0, 'momentum_rr': 1.8, 'use_atr_expansion': False, 'body_mult': 2.0, 'max_wick_pct': 0.35, 'momentum_sl_atr_mult': 1.0, 'session_hours_utc': None, 'close_extreme_pct': None, 'ema_extension_atr_max': None, 'use_m15_ema_trend': False, 'use_m15_ema200_filter': False, 'momentum_atr_percentile_min': 50.0, 'momentum_atr_percentile_max': None, 'session_ranges_utc_minutes': ((750, 840),), 'entry_mode': 'next_m5'}",21.662591232148834,0.1597630066445178,0.06113882318846428,True
sensitivity,XAUUSDm,sens_thai_1930_21_rr1.9_body2.2_wick0.45_atrMin45,86,46.51162790697674,1.2193526019466059,2.2934314717140114,-2.026396586928199,2.6667807810627373,0.10667123124250949,0.17479674796747968,-91.8620569558826,17,10,58.82352941176471,190.19436663140584,5,"{'strategy': 'momentum', 'variant': 'sens_thai_1930_21_rr1.9_body2.2_wick0.45_atrMin45', 'initial_balance': 10000.0, 'risk_pct': 0.0025, 'fee_rate': 0.0001, 'spread_atr_mult': 0.03, 'slippage_min_spread': 0.3, 'slippage_max_spread': 1.0, 'max_trades_per_day': 3, 'daily_loss_limit_pct': 0.03, 'max_hold_minutes': 720, 'seed': 42, 'sweep_lookback': 20, 'wick_body_min': 1.5, 'atr_percentile_min': 30.0, 'sweep_rr': 2.0, 'sl_atr_buffer': 0.1, 'use_m1_confirmation': False, 'session': 'ny', 'adx_min': 18.0, 'momentum_rr': 1.9, 'use_atr_expansion': False, 'body_mult': 2.2, 'max_wick_pct': 0.45, 'momentum_sl_atr_mult': 1.0, 'session_hours_utc': None, 'close_extreme_pct': None, 'ema_extension_atr_max': None, 'use_m15_ema_trend': False, 'use_m15_ema200_filter': False, 'momentum_atr_percentile_min': 45.0, 'momentum_atr_percentile_max': None, 'session_ranges_utc_minutes': ((750, 840),), 'entry_mode': 'next_m5'}",21.329568792146805,0.16061187707641175,0.0602268766210346,True
sensitivity,XAUUSDm,sens_thai_1930_21_rr1.9_body2.2_wick0.45_atrMin35,86,46.51162790697674,1.2191626725081428,2.291546871772316,-2.026396586928199,2.6645893857817247,0.10658357543126898,0.17479674796747968,-91.8620569558826,17,10,58.82352941176471,190.19436663140584,5,"{'strategy': 'momentum', 'variant': 'sens_thai_1930_21_rr1.9_body2.2_wick0.45_atrMin35', 'initial_balance': 10000.0, 'risk_pct': 0.0025, 'fee_rate': 0.0001, 'spread_atr_mult': 0.03, 'slippage_min_spread': 0.3, 'slippage_max_spread': 1.0, 'max_trades_per_day': 3, 'daily_loss_limit_pct': 0.03, 'max_hold_minutes': 720, 'seed': 42, 'sweep_lookback': 20, 'wick_body_min': 1.5, 'atr_percentile_min': 30.0, 'sweep_rr': 2.0, 'sl_atr_buffer': 0.1, 'use_m1_confirmation': False, 'session': 'ny', 'adx_min': 18.0, 'momentum_rr': 1.9, 'use_atr_expansion': False, 'body_mult': 2.2, 'max_wick_pct': 0.45, 'momentum_sl_atr_mult': 1.0, 'session_hours_utc': None, 'close_extreme_pct': None, 'ema_extension_atr_max': None, 'use_m15_ema_trend': False, 'use_m15_ema200_filter': False, 'momentum_atr_percentile_min': 35.0, 'momentum_atr_percentile_max': None, 'session_ranges_utc_minutes': ((750, 840),), 'entry_mode': 'next_m5'}",21.313859853370342,0.16020538205980045,0.06012385357183286,True
sensitivity,XAUUSDm,sens_thai_1930_21_rr1.9_body2.2_wick0.45_atrMin40,86,46.51162790697674,1.2191626725081428,2.291546871772316,-2.026396586928199,2.6645893857817247,0.10658357543126898,0.17479674796747968,-91.8620569558826,17,10,58.82352941176471,190.19436663140584,5,"{'strategy': 'momentum', 'variant': 'sens_thai_1930_21_rr1.9_body2.2_wick0.45_atrMin40', 'initial_balance': 10000.0, 'risk_pct': 0.0025, 'fee_rate': 0.0001, 'spread_atr_mult': 0.03, 'slippage_min_spread': 0.3, 'slippage_max_spread': 1.0, 'max_trades_per_day': 3, 'daily_loss_limit_pct': 0.03, 'max_hold_minutes': 720, 'seed': 42, 'sweep_lookback': 20, 'wick_body_min': 1.5, 'atr_percentile_min': 30.0, 'sweep_rr': 2.0, 'sl_atr_buffer': 0.1, 'use_m1_confirmation': False, 'session': 'ny', 'adx_min': 18.0, 'momentum_rr': 1.9, 'use_atr_expansion': False, 'body_mult': 2.2, 'max_wick_pct': 0.45, 'momentum_sl_atr_mult': 1.0, 'session_hours_utc': None, 'close_extreme_pct': None, 'ema_extension_atr_max': None, 'use_m15_ema_trend': False, 'use_m15_ema200_filter': False, 'momentum_atr_percentile_min': 40.0, 'momentum_atr_percentile_max': None, 'session_ranges_utc_minutes': ((750, 840),), 'entry_mode': 'next_m5'}",21.313859853370342,0.16020538205980045,0.06012385357183286,True
sensitivity,XAUUSDm,sens_thai_1930_21_rr1.8_body2.2_wick0.4_atrMin50,81,46.913580246913575,1.2150276894767849,2.0616668562320775,-2.3345723536371756,2.545267723743326,0.10181070894973307,0.16463414634146342,-91.92204859877154,17,10,58.82352941176471,177.6631089937024,5,"{'strategy': 'momentum', 'variant': 'sens_thai_1930_21_rr1.8_body2.2_wick0.4_atrMin50', 'initial_balance': 10000.0, 'risk_pct': 0.0025, 'fee_rate': 0.0001, 'spread_atr_mult': 0.03, 'slippage_min_spread': 0.3, 'slippage_max_spread': 1.0, 'max_trades_per_day': 3, 'daily_loss_limit_pct': 0.03, 'max_hold_minutes': 720, 'seed': 42, 'sweep_lookback': 20, 'wick_body_min': 1.5, 'atr_percentile_min': 30.0, 'sweep_rr': 2.0, 'sl_atr_buffer': 0.1, 'use_m1_confirmation': False, 'session': 'ny', 'adx_min': 18.0, 'momentum_rr': 1.8, 'use_atr_expansion': False, 'body_mult': 2.2, 'max_wick_pct': 0.4, 'momentum_sl_atr_mult': 1.0, 'session_hours_utc': None, 'close_extreme_pct': None, 'ema_extension_atr_max': None, 'use_m15_ema_trend': False, 'use_m15_ema200_filter': False, 'momentum_atr_percentile_min': 50.0, 'momentum_atr_percentile_max': None, 'session_ranges_utc_minutes': ((750, 840),), 'entry_mode': 'next_m5'}",21.786024456824926,0.16215415343915315,0.06370809322984419,True
sensitivity,XAUUSDm,sens_thai_1930_21_rr1.6_body2.2_wick0.45_atrMin45,86,48.837209302325576,1.2145458965672504,2.1308484559662064,-1.7564514176667618,2.4777307627513863,0.09910923051005545,0.17479674796747968,-91.8620569558826,17,13,76.47058823529412,152.69361663140552,5,"{'strategy': 'momentum', 'variant': 'sens_thai_1930_21_rr1.6_body2.2_wick0.45_atrMin45', 'initial_balance': 10000.0, 'risk_pct': 0.0025, 'fee_rate': 0.0001, 'spread_atr_mult': 0.03, 'slippage_min_spread': 0.3, 'slippage_max_spread': 1.0, 'max_trades_per_day': 3, 'daily_loss_limit_pct': 0.03, 'max_hold_minutes': 720, 'seed': 42, 'sweep_lookback': 20, 'wick_body_min': 1.5, 'atr_percentile_min': 30.0, 'sweep_rr': 2.0, 'sl_atr_buffer': 0.1, 'use_m1_confirmation': False, 'session': 'ny', 'adx_min': 18.0, 'momentum_rr': 1.6, 'use_atr_expansion': False, 'body_mult': 2.2, 'max_wick_pct': 0.45, 'momentum_sl_atr_mult': 1.0, 'session_hours_utc': None, 'close_extreme_pct': None, 'ema_extension_atr_max': None, 'use_m15_ema_trend': False, 'use_m15_ema200_filter': False, 'momentum_atr_percentile_min': 45.0, 'momentum_atr_percentile_max': None, 'session_ranges_utc_minutes': ((750, 840),), 'entry_mode': 'next_m5'}",21.329568792146805,0.16061187707641175,0.06482216691617491,True
sensitivity,XAUUSDm,sens_thai_1930_21_rr1.6_body2.2_wick0.45_atrMin35,86,48.837209302325576,1.2143461790115384,2.128963856024529,-1.7564514176667618,2.4755393674703696,0.09902157469881477,0.17479674796747968,-91.8620569558826,17,13,76.47058823529412,152.69361663140552,5,"{'strategy': 'momentum', 'variant': 'sens_thai_1930_21_rr1.6_body2.2_wick0.45_atrMin35', 'initial_balance': 10000.0, 'risk_pct': 0.0025, 'fee_rate': 0.0001, 'spread_atr_mult': 0.03, 'slippage_min_spread': 0.3, 'slippage_max_spread': 1.0, 'max_trades_per_day': 3, 'daily_loss_limit_pct': 0.03, 'max_hold_minutes': 720, 'seed': 42, 'sweep_lookback': 20, 'wick_body_min': 1.5, 'atr_percentile_min': 30.0, 'sweep_rr': 2.0, 'sl_atr_buffer': 0.1, 'use_m1_confirmation': False, 'session': 'ny', 'adx_min': 18.0, 'momentum_rr': 1.6, 'use_atr_expansion': False, 'body_mult': 2.2, 'max_wick_pct': 0.45, 'momentum_sl_atr_mult': 1.0, 'session_hours_utc': None, 'close_extreme_pct': None, 'ema_extension_atr_max': None, 'use_m15_ema_trend': False, 'use_m15_ema200_filter': False, 'momentum_atr_percentile_min': 35.0, 'momentum_atr_percentile_max': None, 'session_ranges_utc_minutes': ((750, 840),), 'entry_mode': 'next_m5'}",21.313859853370342,0.16020538205980045,0.0647153441245842,True
sensitivity,XAUUSDm,sens_thai_1930_21_rr1.6_body2.2_wick0.45_atrMin40,86,48.837209302325576,1.2143461790115384,2.128963856024529,-1.7564514176667618,2.4755393674703696,0.09902157469881477,0.17479674796747968,-91.8620569558826,17,13,76.47058823529412,152.69361663140552,5,"{'strategy': 'momentum', 'variant': 'sens_thai_1930_21_rr1.6_body2.2_wick0.45_atrMin40', 'initial_balance': 10000.0, 'risk_pct': 0.0025, 'fee_rate': 0.0001, 'spread_atr_mult': 0.03, 'slippage_min_spread': 0.3, 'slippage_max_spread': 1.0, 'max_trades_per_day': 3, 'daily_loss_limit_pct': 0.03, 'max_hold_minutes': 720, 'seed': 42, 'sweep_lookback': 20, 'wick_body_min': 1.5, 'atr_percentile_min': 30.0, 'sweep_rr': 2.0, 'sl_atr_buffer': 0.1, 'use_m1_confirmation': False, 'session': 'ny', 'adx_min': 18.0, 'momentum_rr': 1.6, 'use_atr_expansion': False, 'body_mult': 2.2, 'max_wick_pct': 0.45, 'momentum_sl_atr_mult': 1.0, 'session_hours_utc': None, 'close_extreme_pct': None, 'ema_extension_atr_max': None, 'use_m15_ema_trend': False, 'use_m15_ema200_filter': False, 'momentum_atr_percentile_min': 40.0, 'momentum_atr_percentile_max': None, 'session_ranges_utc_minutes': ((750, 840),), 'entry_mode': 'next_m5'}",21.313859853370342,0.16020538205980045,0.0647153441245842,True
sensitivity,XAUUSDm,sens_thai_1930_21_rr2_body2.2_wick0.45_atrMin50,83,45.78313253012048,1.2142879001163074,2.1841237012476813,-2.117985214064883,2.631474338852614,0.10525897355410452,0.16869918699186992,-91.92204859877154,17,9,52.94117647058824,202.663608993703,5,"{'strategy': 'momentum', 'variant': 'sens_thai_1930_21_rr2_body2.2_wick0.45_atrMin50', 'initial_balance': 10000.0, 'risk_pct': 0.0025, 'fee_rate': 0.0001, 'spread_atr_mult': 0.03, 'slippage_min_spread': 0.3, 'slippage_max_spread': 1.0, 'max_trades_per_day': 3, 'daily_loss_limit_pct': 0.03, 'max_hold_minutes': 720, 'seed': 42, 'sweep_lookback': 20, 'wick_body_min': 1.5, 'atr_percentile_min': 30.0, 'sweep_rr': 2.0, 'sl_atr_buffer': 0.1, 'use_m1_confirmation': False, 'session': 'ny', 'adx_min': 18.0, 'momentum_rr': 2.0, 'use_atr_expansion': False, 'body_mult': 2.2, 'max_wick_pct': 0.45, 'momentum_sl_atr_mult': 1.0, 'session_hours_utc': None, 'close_extreme_pct': None, 'ema_extension_atr_max': None, 'use_m15_ema_trend': False, 'use_m15_ema200_filter': False, 'momentum_atr_percentile_min': 50.0, 'momentum_atr_percentile_max': None, 'session_ranges_utc_minutes': ((750, 840),), 'entry_mode': 'next_m5'}",21.56698438900631,0.1610248450946641,0.06119187358858108,True
sensitivity,XAUUSDm,sens_thai_19_2030_rr1.6_body2.2_wick0.45_atrMin45,65,50.76923076923077,1.2124333816332424,1.6920797735895574,-2.0059975568709136,2.6031996516762974,0.1041279860670519,0.13211382113821138,-93.55087831960687,16,11,68.75,83.61639946422042,5,"{'strategy': 'momentum', 'variant': 'sens_thai_19_2030_rr1.6_body2.2_wick0.45_atrMin45', 'initial_balance': 10000.0, 'risk_pct': 0.0025, 'fee_rate': 0.0001, 'spread_atr_mult': 0.03, 'slippage_min_spread': 0.3, 'slippage_max_spread': 1.0, 'max_trades_per_day': 3, 'daily_loss_limit_pct': 0.03, 'max_hold_minutes': 720, 'seed': 42, 'sweep_lookback': 20, 'wick_body_min': 1.5, 'atr_percentile_min': 30.0, 'sweep_rr': 2.0, 'sl_atr_buffer': 0.1, 'use_m1_confirmation': False, 'session': 'ny', 'adx_min': 18.0, 'momentum_rr': 1.6, 'use_atr_expansion': False, 'body_mult': 2.2, 'max_wick_pct': 0.45, 'momentum_sl_atr_mult': 1.0, 'session_hours_utc': None, 'close_extreme_pct': None, 'ema_extension_atr_max': None, 'use_m15_ema_trend': False, 'use_m15_ema200_filter': False, 'momentum_atr_percentile_min': 45.0, 'momentum_atr_percentile_max': None, 'session_ranges_utc_minutes': ((720, 810),), 'entry_mode': 'next_m5'}",19.391736897749503,0.1485766483516482,0.057074626702555885,False
sensitivity,XAUUSDm,sens_thai_19_2030_rr1.6_body2.2_wick0.45_atrMin40,65,50.76923076923077,1.2121851889391075,1.6902000518929525,-2.0059975568709136,2.6003077721430663,0.10401231088572267,0.13211382113821138,-93.55087831960687,16,11,68.75,83.61639946422042,5,"{'strategy': 'momentum', 'variant': 'sens_thai_19_2030_rr1.6_body2.2_wick0.45_atrMin40', 'initial_balance': 10000.0, 'risk_pct': 0.0025, 'fee_rate': 0.0001, 'spread_atr_mult': 0.03, 'slippage_min_spread': 0.3, 'slippage_max_spread': 1.0, 'max_trades_per_day': 3, 'daily_loss_limit_pct': 0.03, 'max_hold_minutes': 720, 'seed': 42, 'sweep_lookback': 20, 'wick_body_min': 1.5, 'atr_percentile_min': 30.0, 'sweep_rr': 2.0, 'sl_atr_buffer': 0.1, 'use_m1_confirmation': False, 'session': 'ny', 'adx_min': 18.0, 'momentum_rr': 1.6, 'use_atr_expansion': False, 'body_mult': 2.2, 'max_wick_pct': 0.45, 'momentum_sl_atr_mult': 1.0, 'session_hours_utc': None, 'close_extreme_pct': None, 'ema_extension_atr_max': None, 'use_m15_ema_trend': False, 'use_m15_ema200_filter': False, 'momentum_atr_percentile_min': 40.0, 'momentum_atr_percentile_max': None, 'session_ranges_utc_minutes': ((720, 810),), 'entry_mode': 'next_m5'}",19.370964339696556,0.148038824175824,0.05693127012185044,False
sensitivity,XAUUSDm,sens_thai_1930_21_rr1.6_body2.2_wick0.35_atrMin45,83,48.19277108433735,1.2108593592315633,2.021785444803663,-1.8297924975626074,2.4358860780766585,0.09743544312306635,0.16869918699186992,-91.8620569558826,17,13,76.47058823529412,152.7961719033438,5,"{'strategy': 'momentum', 'variant': 'sens_thai_1930_21_rr1.6_body2.2_wick0.35_atrMin45', 'initial_balance': 10000.0, 'risk_pct': 0.0025, 'fee_rate': 0.0001, 'spread_atr_mult': 0.03, 'slippage_min_spread': 0.3, 'slippage_max_spread': 1.0, 'max_trades_per_day': 3, 'daily_loss_limit_pct': 0.03, 'max_hold_minutes': 720, 'seed': 42, 'sweep_lookback': 20, 'wick_body_min': 1.5, 'atr_percentile_min': 30.0, 'sweep_rr': 2.0, 'sl_atr_buffer': 0.1, 'use_m1_confirmation': False, 'session': 'ny', 'adx_min': 18.0, 'momentum_rr': 1.6, 'use_atr_expansion': False, 'body_mult': 2.2, 'max_wick_pct': 0.35, 'momentum_sl_atr_mult': 1.0, 'session_hours_utc': None, 'close_extreme_pct': None, 'ema_extension_atr_max': None, 'use_m15_ema_trend': False, 'use_m15_ema200_filter': False, 'momentum_atr_percentile_min': 45.0, 'momentum_atr_percentile_max': None, 'session_ranges_utc_minutes': ((750, 840),), 'entry_mode': 'next_m5'}",21.587864972879206,0.1617178657487089,0.06638974917759662,True
sensitivity,XAUUSDm,sens_thai_1930_21_rr1.6_body2.2_wick0.35_atrMin35,83,48.19277108433735,1.2106526628658112,2.019900844861986,-1.831204504571015,2.4336154757372923,0.0973446190294917,0.16869918699186992,-91.8620569558826,17,13,76.47058823529412,152.7961719033438,5,"{'strategy': 'momentum', 'variant': 'sens_thai_1930_21_rr1.6_body2.2_wick0.35_atrMin35', 'initial_balance': 10000.0, 'risk_pct': 0.0025, 'fee_rate': 0.0001, 'spread_atr_mult': 0.03, 'slippage_min_spread': 0.3, 'slippage_max_spread': 1.0, 'max_trades_per_day': 3, 'daily_loss_limit_pct': 0.03, 'max_hold_minutes': 720, 'seed': 42, 'sweep_lookback': 20, 'wick_body_min': 1.5, 'atr_percentile_min': 30.0, 'sweep_rr': 2.0, 'sl_atr_buffer': 0.1, 'use_m1_confirmation': False, 'session': 'ny', 'adx_min': 18.0, 'momentum_rr': 1.6, 'use_atr_expansion': False, 'body_mult': 2.2, 'max_wick_pct': 0.35, 'momentum_sl_atr_mult': 1.0, 'session_hours_utc': None, 'close_extreme_pct': None, 'ema_extension_atr_max': None, 'use_m15_ema_trend': False, 'use_m15_ema200_filter': False, 'momentum_atr_percentile_min': 35.0, 'momentum_atr_percentile_max': None, 'session_ranges_utc_minutes': ((750, 840),), 'entry_mode': 'next_m5'}",21.57158824113492,0.1612966781411357,0.06627862114998632,True
sensitivity,XAUUSDm,sens_thai_1930_21_rr1.6_body2.2_wick0.35_atrMin40,83,48.19277108433735,1.2106526628658112,2.019900844861986,-1.831204504571015,2.4336154757372923,0.0973446190294917,0.16869918699186992,-91.8620569558826,17,13,76.47058823529412,152.7961719033438,5,"{'strategy': 'momentum', 'variant': 'sens_thai_1930_21_rr1.6_body2.2_wick0.35_atrMin40', 'initial_balance': 10000.0, 'risk_pct': 0.0025, 'fee_rate': 0.0001, 'spread_atr_mult': 0.03, 'slippage_min_spread': 0.3, 'slippage_max_spread': 1.0, 'max_trades_per_day': 3, 'daily_loss_limit_pct': 0.03, 'max_hold_minutes': 720, 'seed': 42, 'sweep_lookback': 20, 'wick_body_min': 1.5, 'atr_percentile_min': 30.0, 'sweep_rr': 2.0, 'sl_atr_buffer': 0.1, 'use_m1_confirmation': False, 'session': 'ny', 'adx_min': 18.0, 'momentum_rr': 1.6, 'use_atr_expansion': False, 'body_mult': 2.2, 'max_wick_pct': 0.35, 'momentum_sl_atr_mult': 1.0, 'session_hours_utc': None, 'close_extreme_pct': None, 'ema_extension_atr_max': None, 'use_m15_ema_trend': False, 'use_m15_ema200_filter': False, 'momentum_atr_percentile_min': 40.0, 'momentum_atr_percentile_max': None, 'session_ranges_utc_minutes': ((750, 840),), 'entry_mode': 'next_m5'}",21.57158824113492,0.1612966781411357,0.06627862114998632,True
sensitivity,XAUUSDm,sens_thai_19_21_rr1.6_body1.8_wick0.45_atrMin50,111,47.74774774774775,1.209604852257676,2.7501145050039124,-1.7788506122751138,2.4775806351386156,0.0991032254055446,0.22560975609756098,-80.47543306127349,17,12,70.58823529411765,148.74809264335067,5,"{'strategy': 'momentum', 'variant': 'sens_thai_19_21_rr1.6_body1.8_wick0.45_atrMin50', 'initial_balance': 10000.0, 'risk_pct': 0.0025, 'fee_rate': 0.0001, 'spread_atr_mult': 0.03, 'slippage_min_spread': 0.3, 'slippage_max_spread': 1.0, 'max_trades_per_day': 3, 'daily_loss_limit_pct': 0.03, 'max_hold_minutes': 720, 'seed': 42, 'sweep_lookback': 20, 'wick_body_min': 1.5, 'atr_percentile_min': 30.0, 'sweep_rr': 2.0, 'sl_atr_buffer': 0.1, 'use_m1_confirmation': False, 'session': 'ny', 'adx_min': 18.0, 'momentum_rr': 1.6, 'use_atr_expansion': False, 'body_mult': 1.8, 'max_wick_pct': 0.45, 'momentum_sl_atr_mult': 1.0, 'session_hours_utc': None, 'close_extreme_pct': None, 'ema_extension_atr_max': None, 'use_m15_ema_trend': False, 'use_m15_ema200_filter': False, 'momentum_atr_percentile_min': 50.0, 'momentum_atr_percentile_max': None, 'session_ranges_utc_minutes': ((720, 840),), 'entry_mode': 'next_m5'}",20.138571788978457,0.15301069498069464,0.06175810902402134,True
sensitivity,XAUUSDm,sens_thai_1930_21_rr1.8_body2_wick0.45_atrMin45,93,47.31182795698925,1.2089111285367715,2.306636364248825,-1.379517281554163,2.4802541551062904,0.09921016620425159,0.18902439024390244,-98.23169611343073,17,10,58.82352941176471,158.23622971821277,5,"{'strategy': 'momentum', 'variant': 'sens_thai_1930_21_rr1.8_body2_wick0.45_atrMin45', 'initial_balance': 10000.0, 'risk_pct': 0.0025, 'fee_rate': 0.0001, 'spread_atr_mult': 0.03, 'slippage_min_spread': 0.3, 'slippage_max_spread': 1.0, 'max_trades_per_day': 3, 'daily_loss_limit_pct': 0.03, 'max_hold_minutes': 720, 'seed': 42, 'sweep_lookback': 20, 'wick_body_min': 1.5, 'atr_percentile_min': 30.0, 'sweep_rr': 2.0, 'sl_atr_buffer': 0.1, 'use_m1_confirmation': False, 'session': 'ny', 'adx_min': 18.0, 'momentum_rr': 1.8, 'use_atr_expansion': False, 'body_mult': 2.0, 'max_wick_pct': 0.45, 'momentum_sl_atr_mult': 1.0, 'session_hours_utc': None, 'close_extreme_pct': None, 'ema_extension_atr_max': None, 'use_m15_ema_trend': False, 'use_m15_ema200_filter': False, 'momentum_atr_percentile_min': 45.0, 'momentum_atr_percentile_max': None, 'session_ranges_utc_minutes': ((750, 840),), 'entry_mode': 'next_m5'}",21.31017753921042,0.15899497695852505,0.06410430827469428,True
sensitivity,XAUUSDm,sens_thai_1930_21_rr1.8_body2_wick0.45_atrMin35,93,47.31182795698925,1.2087318413130066,2.304753019136933,-1.3809242336050176,2.478229052835431,0.09912916211341724,0.18902439024390244,-98.23169611343073,17,10,58.82352941176471,158.23622971821277,5,"{'strategy': 'momentum', 'variant': 'sens_thai_1930_21_rr1.8_body2_wick0.45_atrMin35', 'initial_balance': 10000.0, 'risk_pct': 0.0025, 'fee_rate': 0.0001, 'spread_atr_mult': 0.03, 'slippage_min_spread': 0.3, 'slippage_max_spread': 1.0, 'max_trades_per_day': 3, 'daily_loss_limit_pct': 0.03, 'max_hold_minutes': 720, 'seed': 42, 'sweep_lookback': 20, 'wick_body_min': 1.5, 'atr_percentile_min': 30.0, 'sweep_rr': 2.0, 'sl_atr_buffer': 0.1, 'use_m1_confirmation': False, 'session': 'ny', 'adx_min': 18.0, 'momentum_rr': 1.8, 'use_atr_expansion': False, 'body_mult': 2.0, 'max_wick_pct': 0.45, 'momentum_sl_atr_mult': 1.0, 'session_hours_utc': None, 'close_extreme_pct': None, 'ema_extension_atr_max': None, 'use_m15_ema_trend': False, 'use_m15_ema200_filter': False, 'momentum_atr_percentile_min': 35.0, 'momentum_atr_percentile_max': None, 'session_ranges_utc_minutes': ((750, 840),), 'entry_mode': 'next_m5'}",21.295647202841078,0.1586190783410135,0.06400501122345076,True
sensitivity,XAUUSDm,sens_thai_1930_21_rr1.8_body2_wick0.45_atrMin40,93,47.31182795698925,1.2087318413130066,2.304753019136933,-1.3809242336050176,2.478229052835431,0.09912916211341724,0.18902439024390244,-98.23169611343073,17,10,58.82352941176471,158.23622971821277,5,"{'strategy': 'momentum', 'variant': 'sens_thai_1930_21_rr1.8_body2_wick0.45_atrMin40', 'initial_balance': 10000.0, 'risk_pct': 0.0025, 'fee_rate': 0.0001, 'spread_atr_mult': 0.03, 'slippage_min_spread': 0.3, 'slippage_max_spread': 1.0, 'max_trades_per_day': 3, 'daily_loss_limit_pct': 0.03, 'max_hold_minutes': 720, 'seed': 42, 'sweep_lookback': 20, 'wick_body_min': 1.5, 'atr_percentile_min': 30.0, 'sweep_rr': 2.0, 'sl_atr_buffer': 0.1, 'use_m1_confirmation': False, 'session': 'ny', 'adx_min': 18.0, 'momentum_rr': 1.8, 'use_atr_expansion': False, 'body_mult': 2.0, 'max_wick_pct': 0.45, 'momentum_sl_atr_mult': 1.0, 'session_hours_utc': None, 'close_extreme_pct': None, 'ema_extension_atr_max': None, 'use_m15_ema_trend': False, 'use_m15_ema200_filter': False, 'momentum_atr_percentile_min': 40.0, 'momentum_atr_percentile_max': None, 'session_ranges_utc_minutes': ((750, 840),), 'entry_mode': 'next_m5'}",21.295647202841078,0.1586190783410135,0.06400501122345076,True
sensitivity,XAUUSDm,sens_thai_1930_21_rr1.9_body2.2_wick0.35_atrMin45,83,45.78313253012048,1.2086024948548137,2.1093609605514754,-2.042281999010843,2.5413987476523086,0.10165594990609238,0.16869918699186992,-91.8620569558826,17,10,58.82352941176471,190.29692190334433,5,"{'strategy': 'momentum', 'variant': 'sens_thai_1930_21_rr1.9_body2.2_wick0.35_atrMin45', 'initial_balance': 10000.0, 'risk_pct': 0.0025, 'fee_rate': 0.0001, 'spread_atr_mult': 0.03, 'slippage_min_spread': 0.3, 'slippage_max_spread': 1.0, 'max_trades_per_day': 3, 'daily_loss_limit_pct': 0.03, 'max_hold_minutes': 720, 'seed': 42, 'sweep_lookback': 20, 'wick_body_min': 1.5, 'atr_percentile_min': 30.0, 'sweep_rr': 2.0, 'sl_atr_buffer': 0.1, 'use_m1_confirmation': False, 'session': 'ny', 'adx_min': 18.0, 'momentum_rr': 1.9, 'use_atr_expansion': False, 'body_mult': 2.2, 'max_wick_pct': 0.35, 'momentum_sl_atr_mult': 1.0, 'session_hours_utc': None, 'close_extreme_pct': None, 'ema_extension_atr_max': None, 'use_m15_ema_trend': False, 'use_m15_ema200_filter': False, 'momentum_atr_percentile_min': 45.0, 'momentum_atr_percentile_max': None, 'session_ranges_utc_minutes': ((750, 840),), 'entry_mode': 'next_m5'}",21.587864972879206,0.1617178657487089,0.06363340892416056,True
sensitivity,XAUUSDm,sens_thai_1930_21_rr1.9_body2.2_wick0.35_atrMin35,83,45.78313253012048,1.2084066030399574,2.1074763606097804,-2.042281999010843,2.539128145312946,0.10156512581251789,0.16869918699186992,-91.8620569558826,17,10,58.82352941176471,190.29692190334433,5,"{'strategy': 'momentum', 'variant': 'sens_thai_1930_21_rr1.9_body2.2_wick0.35_atrMin35', 'initial_balance': 10000.0, 'risk_pct': 0.0025, 'fee_rate': 0.0001, 'spread_atr_mult': 0.03, 'slippage_min_spread': 0.3, 'slippage_max_spread': 1.0, 'max_trades_per_day': 3, 'daily_loss_limit_pct': 0.03, 'max_hold_minutes': 720, 'seed': 42, 'sweep_lookback': 20, 'wick_body_min': 1.5, 'atr_percentile_min': 30.0, 'sweep_rr': 2.0, 'sl_atr_buffer': 0.1, 'use_m1_confirmation': False, 'session': 'ny', 'adx_min': 18.0, 'momentum_rr': 1.9, 'use_atr_expansion': False, 'body_mult': 2.2, 'max_wick_pct': 0.35, 'momentum_sl_atr_mult': 1.0, 'session_hours_utc': None, 'close_extreme_pct': None, 'ema_extension_atr_max': None, 'use_m15_ema_trend': False, 'use_m15_ema200_filter': False, 'momentum_atr_percentile_min': 35.0, 'momentum_atr_percentile_max': None, 'session_ranges_utc_minutes': ((750, 840),), 'entry_mode': 'next_m5'}",21.57158824113492,0.1612966781411357,0.06352443394354798,True
sensitivity,XAUUSDm,sens_thai_1930_21_rr1.9_body2.2_wick0.35_atrMin40,83,45.78313253012048,1.2084066030399574,2.1074763606097804,-2.042281999010843,2.539128145312946,0.10156512581251789,0.16869918699186992,-91.8620569558826,17,10,58.82352941176471,190.29692190334433,5,"{'strategy': 'momentum', 'variant': 'sens_thai_1930_21_rr1.9_body2.2_wick0.35_atrMin40', 'initial_balance': 10000.0, 'risk_pct': 0.0025, 'fee_rate': 0.0001, 'spread_atr_mult': 0.03, 'slippage_min_spread': 0.3, 'slippage_max_spread': 1.0, 'max_trades_per_day': 3, 'daily_loss_limit_pct': 0.03, 'max_hold_minutes': 720, 'seed': 42, 'sweep_lookback': 20, 'wick_body_min': 1.5, 'atr_percentile_min': 30.0, 'sweep_rr': 2.0, 'sl_atr_buffer': 0.1, 'use_m1_confirmation': False, 'session': 'ny', 'adx_min': 18.0, 'momentum_rr': 1.9, 'use_atr_expansion': False, 'body_mult': 2.2, 'max_wick_pct': 0.35, 'momentum_sl_atr_mult': 1.0, 'session_hours_utc': None, 'close_extreme_pct': None, 'ema_extension_atr_max': None, 'use_m15_ema_trend': False, 'use_m15_ema200_filter': False, 'momentum_atr_percentile_min': 40.0, 'momentum_atr_percentile_max': None, 'session_ranges_utc_minutes': ((750, 840),), 'entry_mode': 'next_m5'}",21.57158824113492,0.1612966781411357,0.06352443394354798,True
sensitivity,XAUUSDm,sens_thai_1930_21_rr1.7_body2.2_wick0.4_atrMin45,84,47.61904761904761,1.2077815796303666,2.047708910522688,-2.30009421965691,2.437748703003159,0.09750994812012637,0.17073170731707318,-91.8620569558826,17,11,64.70588235294117,165.19386663140418,5,"{'strategy': 'momentum', 'variant': 'sens_thai_1930_21_rr1.7_body2.2_wick0.4_atrMin45', 'initial_balance': 10000.0, 'risk_pct': 0.0025, 'fee_rate': 0.0001, 'spread_atr_mult': 0.03, 'slippage_min_spread': 0.3, 'slippage_max_spread': 1.0, 'max_trades_per_day': 3, 'daily_loss_limit_pct': 0.03, 'max_hold_minutes': 720, 'seed': 42, 'sweep_lookback': 20, 'wick_body_min': 1.5, 'atr_percentile_min': 30.0, 'sweep_rr': 2.0, 'sl_atr_buffer': 0.1, 'use_m1_confirmation': False, 'session': 'ny', 'adx_min': 18.0, 'momentum_rr': 1.7, 'use_atr_expansion': False, 'body_mult': 2.2, 'max_wick_pct': 0.4, 'momentum_sl_atr_mult': 1.0, 'session_hours_utc': None, 'close_extreme_pct': None, 'ema_extension_atr_max': None, 'use_m15_ema_trend': False, 'use_m15_ema200_filter': False, 'momentum_atr_percentile_min': 45.0, 'momentum_atr_percentile_max': None, 'session_ranges_utc_minutes': ((750, 840),), 'entry_mode': 'next_m5'}",21.536940632789076,0.16169102040816302,0.06632801002374424,True
sensitivity,XAUUSDm,sens_thai_1930_21_rr1.7_body2.2_wick0.4_atrMin35,84,47.61904761904761,1.2075806227454813,2.0458243105809926,-2.3015055263181683,2.435505131644024,0.097420205265761,0.17073170731707318,-91.8620569558826,17,11,64.70588235294117,165.19386663140418,5,"{'strategy': 'momentum', 'variant': 'sens_thai_1930_21_rr1.7_body2.2_wick0.4_atrMin35', 'initial_balance': 10000.0, 'risk_pct': 0.0025, 'fee_rate': 0.0001, 'spread_atr_mult': 0.03, 'slippage_min_spread': 0.3, 'slippage_max_spread': 1.0, 'max_trades_per_day': 3, 'daily_loss_limit_pct': 0.03, 'max_hold_minutes': 720, 'seed': 42, 'sweep_lookback': 20, 'wick_body_min': 1.5, 'atr_percentile_min': 30.0, 'sweep_rr': 2.0, 'sl_atr_buffer': 0.1, 'use_m1_confirmation': False, 'session': 'ny', 'adx_min': 18.0, 'momentum_rr': 1.7, 'use_atr_expansion': False, 'body_mult': 2.2, 'max_wick_pct': 0.4, 'momentum_sl_atr_mult': 1.0, 'session_hours_utc': None, 'close_extreme_pct': None, 'ema_extension_atr_max': None, 'use_m15_ema_trend': False, 'use_m15_ema200_filter': False, 'momentum_atr_percentile_min': 35.0, 'momentum_atr_percentile_max': None, 'session_ranges_utc_minutes': ((750, 840),), 'entry_mode': 'next_m5'}",21.520857671660792,0.16127484693877528,0.06621823327052935,True
sensitivity,XAUUSDm,sens_thai_1930_21_rr1.7_body2.2_wick0.4_atrMin40,84,47.61904761904761,1.2075806227454813,2.0458243105809926,-2.3015055263181683,2.435505131644024,0.097420205265761,0.17073170731707318,-91.8620569558826,17,11,64.70588235294117,165.19386663140418,5,"{'strategy': 'momentum', 'variant': 'sens_thai_1930_21_rr1.7_body2.2_wick0.4_atrMin40', 'initial_balance': 10000.0, 'risk_pct': 0.0025, 'fee_rate': 0.0001, 'spread_atr_mult': 0.03, 'slippage_min_spread': 0.3, 'slippage_max_spread': 1.0, 'max_trades_per_day': 3, 'daily_loss_limit_pct': 0.03, 'max_hold_minutes': 720, 'seed': 42, 'sweep_lookback': 20, 'wick_body_min': 1.5, 'atr_percentile_min': 30.0, 'sweep_rr': 2.0, 'sl_atr_buffer': 0.1, 'use_m1_confirmation': False, 'session': 'ny', 'adx_min': 18.0, 'momentum_rr': 1.7, 'use_atr_expansion': False, 'body_mult': 2.2, 'max_wick_pct': 0.4, 'momentum_sl_atr_mult': 1.0, 'session_hours_utc': None, 'close_extreme_pct': None, 'ema_extension_atr_max': None, 'use_m15_ema_trend': False, 'use_m15_ema200_filter': False, 'momentum_atr_percentile_min': 40.0, 'momentum_atr_percentile_max': None, 'session_ranges_utc_minutes': ((750, 840),), 'entry_mode': 'next_m5'}",21.520857671660792,0.16127484693877528,0.06621823327052935,True
sensitivity,XAUUSDm,sens_thai_19_2030_rr2_body1.8_wick0.45_atrMin50,72,47.22222222222222,1.2043164273633018,1.899102560668398,-1.8143406648896163,2.637642445372742,0.10550569781490966,0.14634146341463414,-119.34734413137845,16,11,68.75,100.84029644594554,5,"{'strategy': 'momentum', 'variant': 'sens_thai_19_2030_rr2_body1.8_wick0.45_atrMin50', 'initial_balance': 10000.0, 'risk_pct': 0.0025, 'fee_rate': 0.0001, 'spread_atr_mult': 0.03, 'slippage_min_spread': 0.3, 'slippage_max_spread': 1.0, 'max_trades_per_day': 3, 'daily_loss_limit_pct': 0.03, 'max_hold_minutes': 720, 'seed': 42, 'sweep_lookback': 20, 'wick_body_min': 1.5, 'atr_percentile_min': 30.0, 'sweep_rr': 2.0, 'sl_atr_buffer': 0.1, 'use_m1_confirmation': False, 'session': 'ny', 'adx_min': 18.0, 'momentum_rr': 2.0, 'use_atr_expansion': False, 'body_mult': 1.8, 'max_wick_pct': 0.45, 'momentum_sl_atr_mult': 1.0, 'session_hours_utc': None, 'close_extreme_pct': None, 'ema_extension_atr_max': None, 'use_m15_ema_trend': False, 'use_m15_ema200_filter': False, 'momentum_atr_percentile_min': 50.0, 'momentum_atr_percentile_max': None, 'session_ranges_utc_minutes': ((720, 810),), 'entry_mode': 'next_m5'}",18.82397436042633,0.1487252976190474,0.05638569317079294,True
sensitivity,XAUUSDm,sens_thai_1930_21_rr1.8_body2_wick0.35_atrMin45,89,47.19101123595505,1.2018397931473408,2.157098371607026,-1.460140680327821,2.423706035513506,0.09694824142054022,0.18089430894308944,-98.23169611343073,17,9,52.94117647058824,158.33878510688996,5,"{'strategy': 'momentum', 'variant': 'sens_thai_1930_21_rr1.8_body2_wick0.35_atrMin45', 'initial_balance': 10000.0, 'risk_pct': 0.0025, 'fee_rate': 0.0001, 'spread_atr_mult': 0.03, 'slippage_min_spread': 0.3, 'slippage_max_spread': 1.0, 'max_trades_per_day': 3, 'daily_loss_limit_pct': 0.03, 'max_hold_minutes': 720, 'seed': 42, 'sweep_lookback': 20, 'wick_body_min': 1.5, 'atr_percentile_min': 30.0, 'sweep_rr': 2.0, 'sl_atr_buffer': 0.1, 'use_m1_confirmation': False, 'session': 'ny', 'adx_min': 18.0, 'momentum_rr': 1.8, 'use_atr_expansion': False, 'body_mult': 2.0, 'max_wick_pct': 0.35, 'momentum_sl_atr_mult': 1.0, 'session_hours_utc': None, 'close_extreme_pct': None, 'ema_extension_atr_max': None, 'use_m15_ema_trend': False, 'use_m15_ema200_filter': False, 'momentum_atr_percentile_min': 45.0, 'momentum_atr_percentile_max': None, 'session_ranges_utc_minutes': ((750, 840),), 'entry_mode': 'next_m5'}",21.43118827284851,0.15940649277688562,0.0657697305041007,True
sensitivity,XAUUSDm,sens_thai_19_2030_rr1.6_body2.2_wick0.4_atrMin45,65,49.23076923076923,1.2018358688215087,1.6109618262967524,-2.022158938855086,2.478402809687352,0.09913611238749408,0.13211382113821138,-93.55087831960687,16,11,68.75,83.61639946422042,6,"{'strategy': 'momentum', 'variant': 'sens_thai_19_2030_rr1.6_body2.2_wick0.4_atrMin45', 'initial_balance': 10000.0, 'risk_pct': 0.0025, 'fee_rate': 0.0001, 'spread_atr_mult': 0.03, 'slippage_min_spread': 0.3, 'slippage_max_spread': 1.0, 'max_trades_per_day': 3, 'daily_loss_limit_pct': 0.03, 'max_hold_minutes': 720, 'seed': 42, 'sweep_lookback': 20, 'wick_body_min': 1.5, 'atr_percentile_min': 30.0, 'sweep_rr': 2.0, 'sl_atr_buffer': 0.1, 'use_m1_confirmation': False, 'session': 'ny', 'adx_min': 18.0, 'momentum_rr': 1.6, 'use_atr_expansion': False, 'body_mult': 2.2, 'max_wick_pct': 0.4, 'momentum_sl_atr_mult': 1.0, 'session_hours_utc': None, 'close_extreme_pct': None, 'ema_extension_atr_max': None, 'use_m15_ema_trend': False, 'use_m15_ema200_filter': False, 'momentum_atr_percentile_min': 45.0, 'momentum_atr_percentile_max': None, 'session_ranges_utc_minutes': ((720, 810),), 'entry_mode': 'next_m5'}",19.50506419183693,0.14885729670329656,0.06006178500179911,False
sensitivity,XAUUSDm,sens_thai_1930_21_rr1.8_body2_wick0.35_atrMin35,89,47.19101123595505,1.2016548715936577,2.155215026495134,-1.4615476323786756,2.4215899174102486,0.09686359669640994,0.18089430894308944,-98.23169611343073,17,9,52.94117647058824,158.33878510688996,5,"{'strategy': 'momentum', 'variant': 'sens_thai_1930_21_rr1.8_body2_wick0.35_atrMin35', 'initial_balance': 10000.0, 'risk_pct': 0.0025, 'fee_rate': 0.0001, 'spread_atr_mult': 0.03, 'slippage_min_spread': 0.3, 'slippage_max_spread': 1.0, 'max_trades_per_day': 3, 'daily_loss_limit_pct': 0.03, 'max_hold_minutes': 720, 'seed': 42, 'sweep_lookback': 20, 'wick_body_min': 1.5, 'atr_percentile_min': 30.0, 'sweep_rr': 2.0, 'sl_atr_buffer': 0.1, 'use_m1_confirmation': False, 'session': 'ny', 'adx_min': 18.0, 'momentum_rr': 1.8, 'use_atr_expansion': False, 'body_mult': 2.0, 'max_wick_pct': 0.35, 'momentum_sl_atr_mult': 1.0, 'session_hours_utc': None, 'close_extreme_pct': None, 'ema_extension_atr_max': None, 'use_m15_ema_trend': False, 'use_m15_ema200_filter': False, 'momentum_atr_percentile_min': 35.0, 'momentum_atr_percentile_max': None, 'session_ranges_utc_minutes': ((750, 840),), 'entry_mode': 'next_m5'}",21.416004887653575,0.15901369983948593,0.06566499913806297,True
sensitivity,XAUUSDm,sens_thai_1930_21_rr1.8_body2_wick0.35_atrMin40,89,47.19101123595505,1.2016548715936577,2.155215026495134,-1.4615476323786756,2.4215899174102486,0.09686359669640994,0.18089430894308944,-98.23169611343073,17,9,52.94117647058824,158.33878510688996,5,"{'strategy': 'momentum', 'variant': 'sens_thai_1930_21_rr1.8_body2_wick0.35_atrMin40', 'initial_balance': 10000.0, 'risk_pct': 0.0025, 'fee_rate': 0.0001, 'spread_atr_mult': 0.03, 'slippage_min_spread': 0.3, 'slippage_max_spread': 1.0, 'max_trades_per_day': 3, 'daily_loss_limit_pct': 0.03, 'max_hold_minutes': 720, 'seed': 42, 'sweep_lookback': 20, 'wick_body_min': 1.5, 'atr_percentile_min': 30.0, 'sweep_rr': 2.0, 'sl_atr_buffer': 0.1, 'use_m1_confirmation': False, 'session': 'ny', 'adx_min': 18.0, 'momentum_rr': 1.8, 'use_atr_expansion': False, 'body_mult': 2.0, 'max_wick_pct': 0.35, 'momentum_sl_atr_mult': 1.0, 'session_hours_utc': None, 'close_extreme_pct': None, 'ema_extension_atr_max': None, 'use_m15_ema_trend': False, 'use_m15_ema200_filter': False, 'momentum_atr_percentile_min': 40.0, 'momentum_atr_percentile_max': None, 'session_ranges_utc_minutes': ((750, 840),), 'entry_mode': 'next_m5'}",21.416004887653575,0.15901369983948593,0.06566499913806297,True
sensitivity,XAUUSDm,sens_thai_19_2030_rr1.6_body2.2_wick0.4_atrMin40,65,49.23076923076923,1.201588791658503,1.6090821046001476,-2.022158938855086,2.4755109301541203,0.09902043720616484,0.13211382113821138,-93.55087831960687,16,11,68.75,83.61639946422042,6,"{'strategy': 'momentum', 'variant': 'sens_thai_19_2030_rr1.6_body2.2_wick0.4_atrMin40', 'initial_balance': 10000.0, 'risk_pct': 0.0025, 'fee_rate': 0.0001, 'spread_atr_mult': 0.03, 'slippage_min_spread': 0.3, 'slippage_max_spread': 1.0, 'max_trades_per_day': 3, 'daily_loss_limit_pct': 0.03, 'max_hold_minutes': 720, 'seed': 42, 'sweep_lookback': 20, 'wick_body_min': 1.5, 'atr_percentile_min': 30.0, 'sweep_rr': 2.0, 'sl_atr_buffer': 0.1, 'use_m1_confirmation': False, 'session': 'ny', 'adx_min': 18.0, 'momentum_rr': 1.6, 'use_atr_expansion': False, 'body_mult': 2.2, 'max_wick_pct': 0.4, 'momentum_sl_atr_mult': 1.0, 'session_hours_utc': None, 'close_extreme_pct': None, 'ema_extension_atr_max': None, 'use_m15_ema_trend': False, 'use_m15_ema200_filter': False, 'momentum_atr_percentile_min': 40.0, 'momentum_atr_percentile_max': None, 'session_ranges_utc_minutes': ((720, 810),), 'entry_mode': 'next_m5'}",19.484291633783982,0.14831947252747238,0.05991469103238349,False
sensitivity,XAUUSDm,sens_thai_1930_21_rr2_body2.2_wick0.35_atrMin50,80,45.0,1.2005617767743568,1.9753940299613713,-2.134166957572825,2.4692425374517177,0.09876970149806871,0.16260162601626016,-91.92204859877154,17,9,52.94117647058824,202.76620972029286,5,"{'strategy': 'momentum', 'variant': 'sens_thai_1930_21_rr2_body2.2_wick0.35_atrMin50', 'initial_balance': 10000.0, 'risk_pct': 0.0025, 'fee_rate': 0.0001, 'spread_atr_mult': 0.03, 'slippage_min_spread': 0.3, 'slippage_max_spread': 1.0, 'max_trades_per_day': 3, 'daily_loss_limit_pct': 0.03, 'max_hold_minutes': 720, 'seed': 42, 'sweep_lookback': 20, 'wick_body_min': 1.5, 'atr_percentile_min': 30.0, 'sweep_rr': 2.0, 'sl_atr_buffer': 0.1, 'use_m1_confirmation': False, 'session': 'ny', 'adx_min': 18.0, 'momentum_rr': 2.0, 'use_atr_expansion': False, 'body_mult': 2.2, 'max_wick_pct': 0.35, 'momentum_sl_atr_mult': 1.0, 'session_hours_utc': None, 'close_extreme_pct': None, 'ema_extension_atr_max': None, 'use_m15_ema_trend': False, 'use_m15_ema200_filter': False, 'momentum_atr_percentile_min': 50.0, 'momentum_atr_percentile_max': None, 'session_ranges_utc_minutes': ((750, 840),), 'entry_mode': 'next_m5'}",21.842933350097827,0.16218779464285688,0.06568321749804142,True
sensitivity,XAUUSDm,sens_thai_1930_21_rr2_body2.2_wick0.45_atrMin45,86,45.348837209302324,1.2000011859340909,2.143371471713999,-1.9015886081383997,2.4922924089697234,0.09969169635878886,0.17479674796747968,-91.8620569558826,17,10,58.82352941176471,202.6946166314052,5,"{'strategy': 'momentum', 'variant': 'sens_thai_1930_21_rr2_body2.2_wick0.45_atrMin45', 'initial_balance': 10000.0, 'risk_pct': 0.0025, 'fee_rate': 0.0001, 'spread_atr_mult': 0.03, 'slippage_min_spread': 0.3, 'slippage_max_spread': 1.0, 'max_trades_per_day': 3, 'daily_loss_limit_pct': 0.03, 'max_hold_minutes': 720, 'seed': 42, 'sweep_lookback': 20, 'wick_body_min': 1.5, 'atr_percentile_min': 30.0, 'sweep_rr': 2.0, 'sl_atr_buffer': 0.1, 'use_m1_confirmation': False, 'session': 'ny', 'adx_min': 18.0, 'momentum_rr': 2.0, 'use_atr_expansion': False, 'body_mult': 2.2, 'max_wick_pct': 0.45, 'momentum_sl_atr_mult': 1.0, 'session_hours_utc': None, 'close_extreme_pct': None, 'ema_extension_atr_max': None, 'use_m15_ema_trend': False, 'use_m15_ema200_filter': False, 'momentum_atr_percentile_min': 45.0, 'momentum_atr_percentile_max': None, 'session_ranges_utc_minutes': ((750, 840),), 'entry_mode': 'next_m5'}",21.329568792146805,0.16061187707641175,0.06444343227880163,True
sensitivity,XAUUSDm,sens_thai_1930_21_rr2_body2.2_wick0.45_atrMin35,86,45.348837209302324,1.1998167216369766,2.1414868717723223,-1.9015886081383997,2.4901010136887116,0.09960404054754843,0.17479674796747968,-91.8620569558826,17,10,58.82352941176471,202.6946166314052,5,"{'strategy': 'momentum', 'variant': 'sens_thai_1930_21_rr2_body2.2_wick0.45_atrMin35', 'initial_balance': 10000.0, 'risk_pct': 0.0025, 'fee_rate': 0.0001, 'spread_atr_mult': 0.03, 'slippage_min_spread': 0.3, 'slippage_max_spread': 1.0, 'max_trades_per_day': 3, 'daily_loss_limit_pct': 0.03, 'max_hold_minutes': 720, 'seed': 42, 'sweep_lookback': 20, 'wick_body_min': 1.5, 'atr_percentile_min': 30.0, 'sweep_rr': 2.0, 'sl_atr_buffer': 0.1, 'use_m1_confirmation': False, 'session': 'ny', 'adx_min': 18.0, 'momentum_rr': 2.0, 'use_atr_expansion': False, 'body_mult': 2.2, 'max_wick_pct': 0.45, 'momentum_sl_atr_mult': 1.0, 'session_hours_utc': None, 'close_extreme_pct': None, 'ema_extension_atr_max': None, 'use_m15_ema_trend': False, 'use_m15_ema200_filter': False, 'momentum_atr_percentile_min': 35.0, 'momentum_atr_percentile_max': None, 'session_ranges_utc_minutes': ((750, 840),), 'entry_mode': 'next_m5'}",21.313859853370342,0.16020538205980045,0.06433690086430678,True
sensitivity,XAUUSDm,sens_thai_1930_21_rr2_body2.2_wick0.45_atrMin40,86,45.348837209302324,1.1998167216369766,2.1414868717723223,-1.9015886081383997,2.4901010136887116,0.09960404054754843,0.17479674796747968,-91.8620569558826,17,10,58.82352941176471,202.6946166314052,5,"{'strategy': 'momentum', 'variant': 'sens_thai_1930_21_rr2_body2.2_wick0.45_atrMin40', 'initial_balance': 10000.0, 'risk_pct': 0.0025, 'fee_rate': 0.0001, 'spread_atr_mult': 0.03, 'slippage_min_spread': 0.3, 'slippage_max_spread': 1.0, 'max_trades_per_day': 3, 'daily_loss_limit_pct': 0.03, 'max_hold_minutes': 720, 'seed': 42, 'sweep_lookback': 20, 'wick_body_min': 1.5, 'atr_percentile_min': 30.0, 'sweep_rr': 2.0, 'sl_atr_buffer': 0.1, 'use_m1_confirmation': False, 'session': 'ny', 'adx_min': 18.0, 'momentum_rr': 2.0, 'use_atr_expansion': False, 'body_mult': 2.2, 'max_wick_pct': 0.45, 'momentum_sl_atr_mult': 1.0, 'session_hours_utc': None, 'close_extreme_pct': None, 'ema_extension_atr_max': None, 'use_m15_ema_trend': False, 'use_m15_ema200_filter': False, 'momentum_atr_percentile_min': 40.0, 'momentum_atr_percentile_max': None, 'session_ranges_utc_minutes': ((750, 840),), 'entry_mode': 'next_m5'}",21.313859853370342,0.16020538205980045,0.06433690086430678,True
sensitivity,XAUUSDm,sens_thai_1930_21_rr1.9_body2_wick0.45_atrMin45,93,46.236559139784944,1.1975004503542839,2.231583864248769,-1.9943292394388974,2.39955254220307,0.09598210168812281,0.18902439024390244,-98.23169611343073,17,10,58.82352941176471,168.23672971821338,5,"{'strategy': 'momentum', 'variant': 'sens_thai_1930_21_rr1.9_body2_wick0.45_atrMin45', 'initial_balance': 10000.0, 'risk_pct': 0.0025, 'fee_rate': 0.0001, 'spread_atr_mult': 0.03, 'slippage_min_spread': 0.3, 'slippage_max_spread': 1.0, 'max_trades_per_day': 3, 'daily_loss_limit_pct': 0.03, 'max_hold_minutes': 720, 'seed': 42, 'sweep_lookback': 20, 'wick_body_min': 1.5, 'atr_percentile_min': 30.0, 'sweep_rr': 2.0, 'sl_atr_buffer': 0.1, 'use_m1_confirmation': False, 'session': 'ny', 'adx_min': 18.0, 'momentum_rr': 1.9, 'use_atr_expansion': False, 'body_mult': 2.0, 'max_wick_pct': 0.45, 'momentum_sl_atr_mult': 1.0, 'session_hours_utc': None, 'close_extreme_pct': None, 'ema_extension_atr_max': None, 'use_m15_ema_trend': False, 'use_m15_ema200_filter': False, 'momentum_atr_percentile_min': 45.0, 'momentum_atr_percentile_max': None, 'session_ranges_utc_minutes': ((750, 840),), 'entry_mode': 'next_m5'}",21.31017753921042,0.15899497695852505,0.06626026067866346,True
sensitivity,XAUUSDm,sens_thai_1930_21_rr1.9_body2_wick0.45_atrMin35,93,46.236559139784944,1.1973257206006158,2.229700519136877,-1.995733760226363,2.3975274399322104,0.09590109759728843,0.18902439024390244,-98.23169611343073,17,10,58.82352941176471,168.23672971821338,5,"{'strategy': 'momentum', 'variant': 'sens_thai_1930_21_rr1.9_body2_wick0.45_atrMin35', 'initial_balance': 10000.0, 'risk_pct': 0.0025, 'fee_rate': 0.0001, 'spread_atr_mult': 0.03, 'slippage_min_spread': 0.3, 'slippage_max_spread': 1.0, 'max_trades_per_day': 3, 'daily_loss_limit_pct': 0.03, 'max_hold_minutes': 720, 'seed': 42, 'sweep_lookback': 20, 'wick_body_min': 1.5, 'atr_percentile_min': 30.0, 'sweep_rr': 2.0, 'sl_atr_buffer': 0.1, 'use_m1_confirmation': False, 'session': 'ny', 'adx_min': 18.0, 'momentum_rr': 1.9, 'use_atr_expansion': False, 'body_mult': 2.0, 'max_wick_pct': 0.45, 'momentum_sl_atr_mult': 1.0, 'session_hours_utc': None, 'close_extreme_pct': None, 'ema_extension_atr_max': None, 'use_m15_ema_trend': False, 'use_m15_ema200_filter': False, 'momentum_atr_percentile_min': 35.0, 'momentum_atr_percentile_max': None, 'session_ranges_utc_minutes': ((750, 840),), 'entry_mode': 'next_m5'}",21.295647202841078,0.1586190783410135,0.06615944230673683,True
sensitivity,XAUUSDm,sens_thai_1930_21_rr1.9_body2_wick0.45_atrMin40,93,46.236559139784944,1.1973257206006158,2.229700519136877,-1.995733760226363,2.3975274399322104,0.09590109759728843,0.18902439024390244,-98.23169611343073,17,10,58.82352941176471,168.23672971821338,5,"{'strategy': 'momentum', 'variant': 'sens_thai_1930_21_rr1.9_body2_wick0.45_atrMin40', 'initial_balance': 10000.0, 'risk_pct': 0.0025, 'fee_rate': 0.0001, 'spread_atr_mult': 0.03, 'slippage_min_spread': 0.3, 'slippage_max_spread': 1.0, 'max_trades_per_day': 3, 'daily_loss_limit_pct': 0.03, 'max_hold_minutes': 720, 'seed': 42, 'sweep_lookback': 20, 'wick_body_min': 1.5, 'atr_percentile_min': 30.0, 'sweep_rr': 2.0, 'sl_atr_buffer': 0.1, 'use_m1_confirmation': False, 'session': 'ny', 'adx_min': 18.0, 'momentum_rr': 1.9, 'use_atr_expansion': False, 'body_mult': 2.0, 'max_wick_pct': 0.45, 'momentum_sl_atr_mult': 1.0, 'session_hours_utc': None, 'close_extreme_pct': None, 'ema_extension_atr_max': None, 'use_m15_ema_trend': False, 'use_m15_ema200_filter': False, 'momentum_atr_percentile_min': 40.0, 'momentum_atr_percentile_max': None, 'session_ranges_utc_minutes': ((750, 840),), 'entry_mode': 'next_m5'}",21.295647202841078,0.1586190783410135,0.06615944230673683,True
sensitivity,XAUUSDm,sens_thai_19_2030_rr2_body1.8_wick0.4_atrMin50,71,46.478873239436616,1.1965438812788418,1.828108634555556,-1.8305600722333084,2.5748008937402007,0.10299203574960805,0.1443089430894309,-119.34734413137845,16,11,68.75,100.84029644594554,6,"{'strategy': 'momentum', 'variant': 'sens_thai_19_2030_rr2_body1.8_wick0.4_atrMin50', 'initial_balance': 10000.0, 'risk_pct': 0.0025, 'fee_rate': 0.0001, 'spread_atr_mult': 0.03, 'slippage_min_spread': 0.3, 'slippage_max_spread': 1.0, 'max_trades_per_day': 3, 'daily_loss_limit_pct': 0.03, 'max_hold_minutes': 720, 'seed': 42, 'sweep_lookback': 20, 'wick_body_min': 1.5, 'atr_percentile_min': 30.0, 'sweep_rr': 2.0, 'sl_atr_buffer': 0.1, 'use_m1_confirmation': False, 'session': 'ny', 'adx_min': 18.0, 'momentum_rr': 2.0, 'use_atr_expansion': False, 'body_mult': 1.8, 'max_wick_pct': 0.4, 'momentum_sl_atr_mult': 1.0, 'session_hours_utc': None, 'close_extreme_pct': None, 'ema_extension_atr_max': None, 'use_m15_ema_trend': False, 'use_m15_ema200_filter': False, 'momentum_atr_percentile_min': 50.0, 'momentum_atr_percentile_max': None, 'session_ranges_utc_minutes': ((720, 810),), 'entry_mode': 'next_m5'}",18.746041073244612,0.14812883299798765,0.057530208785508505,True
sensitivity,XAUUSDm,sens_thai_19_21_rr2_body1.8_wick0.4_atrMin50,106,44.339622641509436,1.1959300082792361,2.6877427840915518,-3.2279582454109703,2.535606400086348,0.10142425600345388,0.21544715447154472,-145.4819330612737,17,9,52.94117647058824,180.89699863177185,7,"{'strategy': 'momentum', 'variant': 'sens_thai_19_21_rr2_body1.8_wick0.4_atrMin50', 'initial_balance': 10000.0, 'risk_pct': 0.0025, 'fee_rate': 0.0001, 'spread_atr_mult': 0.03, 'slippage_min_spread': 0.3, 'slippage_max_spread': 1.0, 'max_trades_per_day': 3, 'daily_loss_limit_pct': 0.03, 'max_hold_minutes': 720, 'seed': 42, 'sweep_lookback': 20, 'wick_body_min': 1.5, 'atr_percentile_min': 30.0, 'sweep_rr': 2.0, 'sl_atr_buffer': 0.1, 'use_m1_confirmation': False, 'session': 'ny', 'adx_min': 18.0, 'momentum_rr': 2.0, 'use_atr_expansion': False, 'body_mult': 1.8, 'max_wick_pct': 0.4, 'momentum_sl_atr_mult': 1.0, 'session_hours_utc': None, 'close_extreme_pct': None, 'ema_extension_atr_max': None, 'use_m15_ema_trend': False, 'use_m15_ema200_filter': False, 'momentum_atr_percentile_min': 50.0, 'momentum_atr_percentile_max': None, 'session_ranges_utc_minutes': ((720, 840),), 'entry_mode': 'next_m5'}",19.86408442797618,0.1520862735849053,0.059980237303284195,True
sensitivity,XAUUSDm,sens_thai_19_2030_rr2_body1.8_wick0.45_atrMin45,75,46.666666666666664,1.1957208624553588,1.9109794015940313,-2.0672844875331418,2.5479725354587286,0.10191890141834911,0.1524390243902439,-119.3108747119868,16,10,62.5,100.77872370391866,6,"{'strategy': 'momentum', 'variant': 'sens_thai_19_2030_rr2_body1.8_wick0.45_atrMin45', 'initial_balance': 10000.0, 'risk_pct': 0.0025, 'fee_rate': 0.0001, 'spread_atr_mult': 0.03, 'slippage_min_spread': 0.3, 'slippage_max_spread': 1.0, 'max_trades_per_day': 3, 'daily_loss_limit_pct': 0.03, 'max_hold_minutes': 720, 'seed': 42, 'sweep_lookback': 20, 'wick_body_min': 1.5, 'atr_percentile_min': 30.0, 'sweep_rr': 2.0, 'sl_atr_buffer': 0.1, 'use_m1_confirmation': False, 'session': 'ny', 'adx_min': 18.0, 'momentum_rr': 2.0, 'use_atr_expansion': False, 'body_mult': 1.8, 'max_wick_pct': 0.45, 'momentum_sl_atr_mult': 1.0, 'session_hours_utc': None, 'close_extreme_pct': None, 'ema_extension_atr_max': None, 'use_m15_ema_trend': False, 'use_m15_ema200_filter': False, 'momentum_atr_percentile_min': 45.0, 'momentum_atr_percentile_max': None, 'session_ranges_utc_minutes': ((720, 810),), 'entry_mode': 'next_m5'}",18.51752944347253,0.14819659999999985,0.05816255785242167,True
sensitivity,XAUUSDm,sens_thai_19_2030_rr2_body1.8_wick0.45_atrMin40,75,46.666666666666664,1.1955190402269507,1.9090989460217134,-2.0672844875331418,2.545465261362309,0.10181861045449234,0.1524390243902439,-119.3108747119868,16,10,62.5,100.77872370391866,6,"{'strategy': 'momentum', 'variant': 'sens_thai_19_2030_rr2_body1.8_wick0.45_atrMin40', 'initial_balance': 10000.0, 'risk_pct': 0.0025, 'fee_rate': 0.0001, 'spread_atr_mult': 0.03, 'slippage_min_spread': 0.3, 'slippage_max_spread': 1.0, 'max_trades_per_day': 3, 'daily_loss_limit_pct': 0.03, 'max_hold_minutes': 720, 'seed': 42, 'sweep_lookback': 20, 'wick_body_min': 1.5, 'atr_percentile_min': 30.0, 'sweep_rr': 2.0, 'sl_atr_buffer': 0.1, 'use_m1_confirmation': False, 'session': 'ny', 'adx_min': 18.0, 'momentum_rr': 2.0, 'use_atr_expansion': False, 'body_mult': 1.8, 'max_wick_pct': 0.45, 'momentum_sl_atr_mult': 1.0, 'session_hours_utc': None, 'close_extreme_pct': None, 'ema_extension_atr_max': None, 'use_m15_ema_trend': False, 'use_m15_ema200_filter': False, 'momentum_atr_percentile_min': 40.0, 'momentum_atr_percentile_max': None, 'session_ranges_utc_minutes': ((720, 810),), 'entry_mode': 'next_m5'}",18.499383877827004,0.14773048571428554,0.05803673220636355,True
sensitivity,XAUUSDm,sens_thai_1930_21_rr1.8_body2.2_wick0.4_atrMin45,84,46.42857142857143,1.1950859683951465,1.9726564105227045,-2.1672215996340767,2.348400488717457,0.0939360195486983,0.17073170731707318,-91.8620569558826,17,10,58.82352941176471,177.69411663140627,5,"{'strategy': 'momentum', 'variant': 'sens_thai_1930_21_rr1.8_body2.2_wick0.4_atrMin45', 'initial_balance': 10000.0, 'risk_pct': 0.0025, 'fee_rate': 0.0001, 'spread_atr_mult': 0.03, 'slippage_min_spread': 0.3, 'slippage_max_spread': 1.0, 'max_trades_per_day': 3, 'daily_loss_limit_pct': 0.03, 'max_hold_minutes': 720, 'seed': 42, 'sweep_lookback': 20, 'wick_body_min': 1.5, 'atr_percentile_min': 30.0, 'sweep_rr': 2.0, 'sl_atr_buffer': 0.1, 'use_m1_confirmation': False, 'session': 'ny', 'adx_min': 18.0, 'momentum_rr': 1.8, 'use_atr_expansion': False, 'body_mult': 2.2, 'max_wick_pct': 0.4, 'momentum_sl_atr_mult': 1.0, 'session_hours_utc': None, 'close_extreme_pct': None, 'ema_extension_atr_max': None, 'use_m15_ema_trend': False, 'use_m15_ema200_filter': False, 'momentum_atr_percentile_min': 45.0, 'momentum_atr_percentile_max': None, 'session_ranges_utc_minutes': ((750, 840),), 'entry_mode': 'next_m5'}",21.536940632789076,0.16169102040816302,0.06885155286970158,True
sensitivity,XAUUSDm,sens_thai_1930_21_rr1.8_body2.2_wick0.4_atrMin35,84,46.42857142857143,1.1948906910826476,1.9707718105810272,-2.1672215996340767,2.346156917358324,0.09384627669433297,0.17073170731707318,-91.8620569558826,17,10,58.82352941176471,177.69411663140627,5,"{'strategy': 'momentum', 'variant': 'sens_thai_1930_21_rr1.8_body2.2_wick0.4_atrMin35', 'initial_balance': 10000.0, 'risk_pct': 0.0025, 'fee_rate': 0.0001, 'spread_atr_mult': 0.03, 'slippage_min_spread': 0.3, 'slippage_max_spread': 1.0, 'max_trades_per_day': 3, 'daily_loss_limit_pct': 0.03, 'max_hold_minutes': 720, 'seed': 42, 'sweep_lookback': 20, 'wick_body_min': 1.5, 'atr_percentile_min': 30.0, 'sweep_rr': 2.0, 'sl_atr_buffer': 0.1, 'use_m1_confirmation': False, 'session': 'ny', 'adx_min': 18.0, 'momentum_rr': 1.8, 'use_atr_expansion': False, 'body_mult': 2.2, 'max_wick_pct': 0.4, 'momentum_sl_atr_mult': 1.0, 'session_hours_utc': None, 'close_extreme_pct': None, 'ema_extension_atr_max': None, 'use_m15_ema_trend': False, 'use_m15_ema200_filter': False, 'momentum_atr_percentile_min': 35.0, 'momentum_atr_percentile_max': None, 'session_ranges_utc_minutes': ((750, 840),), 'entry_mode': 'next_m5'}",21.520857671660792,0.16127484693877528,0.06874000871193393,True
sensitivity,XAUUSDm,sens_thai_1930_21_rr1.8_body2.2_wick0.4_atrMin40,84,46.42857142857143,1.1948906910826476,1.9707718105810272,-2.1672215996340767,2.346156917358324,0.09384627669433297,0.17073170731707318,-91.8620569558826,17,10,58.82352941176471,177.69411663140627,5,"{'strategy': 'momentum', 'variant': 'sens_thai_1930_21_rr1.8_body2.2_wick0.4_atrMin40', 'initial_balance': 10000.0, 'risk_pct': 0.0025, 'fee_rate': 0.0001, 'spread_atr_mult': 0.03, 'slippage_min_spread': 0.3, 'slippage_max_spread': 1.0, 'max_trades_per_day': 3, 'daily_loss_limit_pct': 0.03, 'max_hold_minutes': 720, 'seed': 42, 'sweep_lookback': 20, 'wick_body_min': 1.5, 'atr_percentile_min': 30.0, 'sweep_rr': 2.0, 'sl_atr_buffer': 0.1, 'use_m1_confirmation': False, 'session': 'ny', 'adx_min': 18.0, 'momentum_rr': 1.8, 'use_atr_expansion': False, 'body_mult': 2.2, 'max_wick_pct': 0.4, 'momentum_sl_atr_mult': 1.0, 'session_hours_utc': None, 'close_extreme_pct': None, 'ema_extension_atr_max': None, 'use_m15_ema_trend': False, 'use_m15_ema200_filter': False, 'momentum_atr_percentile_min': 40.0, 'momentum_atr_percentile_max': None, 'session_ranges_utc_minutes': ((750, 840),), 'entry_mode': 'next_m5'}",21.520857671660792,0.16127484693877528,0.06874000871193393,True
sensitivity,XAUUSDm,sens_thai_1930_21_rr1.7_body2.2_wick0.45_atrMin50,83,48.19277108433735,1.194760588700364,1.8842137012476996,-2.418718329858569,2.270136989455067,0.09080547957820272,0.16869918699186992,-91.92204859877154,17,10,58.82352941176471,165.16285899370538,5,"{'strategy': 'momentum', 'variant': 'sens_thai_1930_21_rr1.7_body2.2_wick0.45_atrMin50', 'initial_balance': 10000.0, 'risk_pct': 0.0025, 'fee_rate': 0.0001, 'spread_atr_mult': 0.03, 'slippage_min_spread': 0.3, 'slippage_max_spread': 1.0, 'max_trades_per_day': 3, 'daily_loss_limit_pct': 0.03, 'max_hold_minutes': 720, 'seed': 42, 'sweep_lookback': 20, 'wick_body_min': 1.5, 'atr_percentile_min': 30.0, 'sweep_rr': 2.0, 'sl_atr_buffer': 0.1, 'use_m1_confirmation': False, 'session': 'ny', 'adx_min': 18.0, 'momentum_rr': 1.7, 'use_atr_expansion': False, 'body_mult': 2.2, 'max_wick_pct': 0.45, 'momentum_sl_atr_mult': 1.0, 'session_hours_utc': None, 'close_extreme_pct': None, 'ema_extension_atr_max': None, 'use_m15_ema_trend': False, 'use_m15_ema200_filter': False, 'momentum_atr_percentile_min': 50.0, 'momentum_atr_percentile_max': None, 'session_ranges_utc_minutes': ((750, 840),), 'entry_mode': 'next_m5'}",21.56698438900631,0.1610248450946641,0.07093177453282991,True
sensitivity,XAUUSDm,sens_thai_19_21_rr2_body1.8_wick0.4_atrMin45,109,44.03669724770643,1.190662913964265,2.705081018295732,-3.0399950140590444,2.481725704858532,0.09926902819434127,0.22154471544715448,-145.3918345539566,17,10,58.82352941176471,181.02047053997785,8,"{'strategy': 'momentum', 'variant': 'sens_thai_19_21_rr2_body1.8_wick0.4_atrMin45', 'initial_balance': 10000.0, 'risk_pct': 0.0025, 'fee_rate': 0.0001, 'spread_atr_mult': 0.03, 'slippage_min_spread': 0.3, 'slippage_max_spread': 1.0, 'max_trades_per_day': 3, 'daily_loss_limit_pct': 0.03, 'max_hold_minutes': 720, 'seed': 42, 'sweep_lookback': 20, 'wick_body_min': 1.5, 'atr_percentile_min': 30.0, 'sweep_rr': 2.0, 'sl_atr_buffer': 0.1, 'use_m1_confirmation': False, 'session': 'ny', 'adx_min': 18.0, 'momentum_rr': 2.0, 'use_atr_expansion': False, 'body_mult': 1.8, 'max_wick_pct': 0.4, 'momentum_sl_atr_mult': 1.0, 'session_hours_utc': None, 'close_extreme_pct': None, 'ema_extension_atr_max': None, 'use_m15_ema_trend': False, 'use_m15_ema200_filter': False, 'momentum_atr_percentile_min': 45.0, 'momentum_atr_percentile_max': None, 'session_ranges_utc_minutes': ((720, 840),), 'entry_mode': 'next_m5'}",19.623691309349713,0.15162998689383977,0.06109860835828482,True
sensitivity,XAUUSDm,sens_thai_19_21_rr2_body1.8_wick0.4_atrMin40,109,44.03669724770643,1.1905240014967933,2.7031981163150887,-3.0399950140590444,2.479998271848767,0.09919993087395072,0.22154471544715448,-145.3918345539566,17,10,58.82352941176471,181.02047053997785,8,"{'strategy': 'momentum', 'variant': 'sens_thai_19_21_rr2_body1.8_wick0.4_atrMin40', 'initial_balance': 10000.0, 'risk_pct': 0.0025, 'fee_rate': 0.0001, 'spread_atr_mult': 0.03, 'slippage_min_spread': 0.3, 'slippage_max_spread': 1.0, 'max_trades_per_day': 3, 'daily_loss_limit_pct': 0.03, 'max_hold_minutes': 720, 'seed': 42, 'sweep_lookback': 20, 'wick_body_min': 1.5, 'atr_percentile_min': 30.0, 'sweep_rr': 2.0, 'sl_atr_buffer': 0.1, 'use_m1_confirmation': False, 'session': 'ny', 'adx_min': 18.0, 'momentum_rr': 2.0, 'use_atr_expansion': False, 'body_mult': 1.8, 'max_wick_pct': 0.4, 'momentum_sl_atr_mult': 1.0, 'session_hours_utc': None, 'close_extreme_pct': None, 'ema_extension_atr_max': None, 'use_m15_ema_trend': False, 'use_m15_ema200_filter': False, 'momentum_atr_percentile_min': 40.0, 'momentum_atr_percentile_max': None, 'session_ranges_utc_minutes': ((720, 840),), 'entry_mode': 'next_m5'}",19.611246854910377,0.15130926605504552,0.0610118433438459,True
sensitivity,XAUUSDm,sens_thai_19_2030_rr2_body1.8_wick0.4_atrMin45,74,45.94594594594595,1.1882063654171844,1.8389336389241724,-2.0836333454889244,2.4850454580056267,0.09940181832022507,0.15040650406504066,-119.3108747119868,16,10,62.5,100.77872370391866,7,"{'strategy': 'momentum', 'variant': 'sens_thai_19_2030_rr2_body1.8_wick0.4_atrMin45', 'initial_balance': 10000.0, 'risk_pct': 0.0025, 'fee_rate': 0.0001, 'spread_atr_mult': 0.03, 'slippage_min_spread': 0.3, 'slippage_max_spread': 1.0, 'max_trades_per_day': 3, 'daily_loss_limit_pct': 0.03, 'max_hold_minutes': 720, 'seed': 42, 'sweep_lookback': 20, 'wick_body_min': 1.5, 'atr_percentile_min': 30.0, 'sweep_rr': 2.0, 'sl_atr_buffer': 0.1, 'use_m1_confirmation': False, 'session': 'ny', 'adx_min': 18.0, 'momentum_rr': 2.0, 'use_atr_expansion': False, 'body_mult': 1.8, 'max_wick_pct': 0.4, 'momentum_sl_atr_mult': 1.0, 'session_hours_utc': None, 'close_extreme_pct': None, 'ema_extension_atr_max': None, 'use_m15_ema_trend': False, 'use_m15_ema200_filter': False, 'momentum_atr_percentile_min': 45.0, 'momentum_atr_percentile_max': None, 'session_ranges_utc_minutes': ((720, 810),), 'entry_mode': 'next_m5'}",18.438973438502444,0.1476171718146716,0.05940220181450595,True
sensitivity,XAUUSDm,sens_thai_19_2030_rr2_body1.8_wick0.4_atrMin40,74,45.94594594594595,1.1880050428989293,1.8370531833518544,-2.0836333454889244,2.482504301826823,0.09930017207307291,0.15040650406504066,-119.3108747119868,16,10,62.5,100.77872370391866,7,"{'strategy': 'momentum', 'variant': 'sens_thai_19_2030_rr2_body1.8_wick0.4_atrMin40', 'initial_balance': 10000.0, 'risk_pct': 0.0025, 'fee_rate': 0.0001, 'spread_atr_mult': 0.03, 'slippage_min_spread': 0.3, 'slippage_max_spread': 1.0, 'max_trades_per_day': 3, 'daily_loss_limit_pct': 0.03, 'max_hold_minutes': 720, 'seed': 42, 'sweep_lookback': 20, 'wick_body_min': 1.5, 'atr_percentile_min': 30.0, 'sweep_rr': 2.0, 'sl_atr_buffer': 0.1, 'use_m1_confirmation': False, 'session': 'ny', 'adx_min': 18.0, 'momentum_rr': 2.0, 'use_atr_expansion': False, 'body_mult': 1.8, 'max_wick_pct': 0.4, 'momentum_sl_atr_mult': 1.0, 'session_hours_utc': None, 'close_extreme_pct': None, 'ema_extension_atr_max': None, 'use_m15_ema_trend': False, 'use_m15_ema200_filter': False, 'momentum_atr_percentile_min': 40.0, 'momentum_atr_percentile_max': None, 'session_ranges_utc_minutes': ((720, 810),), 'entry_mode': 'next_m5'}",18.42058266251036,0.14714475868725846,0.05927271045571914,True
sensitivity,XAUUSDm,sens_thai_1930_21_rr1.9_body2_wick0.35_atrMin45,89,46.06741573033708,1.1879422654379512,2.0570433716069965,-2.0748133181002455,2.3112846871989143,0.09245138748795657,0.18089430894308944,-98.23169611343073,17,10,58.82352941176471,168.33928510689123,6,"{'strategy': 'momentum', 'variant': 'sens_thai_1930_21_rr1.9_body2_wick0.35_atrMin45', 'initial_balance': 10000.0, 'risk_pct': 0.0025, 'fee_rate': 0.0001, 'spread_atr_mult': 0.03, 'slippage_min_spread': 0.3, 'slippage_max_spread': 1.0, 'max_trades_per_day': 3, 'daily_loss_limit_pct': 0.03, 'max_hold_minutes': 720, 'seed': 42, 'sweep_lookback': 20, 'wick_body_min': 1.5, 'atr_percentile_min': 30.0, 'sweep_rr': 2.0, 'sl_atr_buffer': 0.1, 'use_m1_confirmation': False, 'session': 'ny', 'adx_min': 18.0, 'momentum_rr': 1.9, 'use_atr_expansion': False, 'body_mult': 2.0, 'max_wick_pct': 0.35, 'momentum_sl_atr_mult': 1.0, 'session_hours_utc': None, 'close_extreme_pct': None, 'ema_extension_atr_max': None, 'use_m15_ema_trend': False, 'use_m15_ema200_filter': False, 'momentum_atr_percentile_min': 45.0, 'momentum_atr_percentile_max': None, 'session_ranges_utc_minutes': ((750, 840),), 'entry_mode': 'next_m5'}",21.43118827284851,0.15940649277688562,0.0689687833176765,True
sensitivity,XAUUSDm,sens_thai_1930_21_rr1.9_body2_wick0.35_atrMin35,89,46.06741573033708,1.1877622862501507,2.0551600264951047,-2.076217838887711,2.309168569095657,0.09236674276382627,0.18089430894308944,-98.23169611343073,17,10,58.82352941176471,168.33928510689123,6,"{'strategy': 'momentum', 'variant': 'sens_thai_1930_21_rr1.9_body2_wick0.35_atrMin35', 'initial_balance': 10000.0, 'risk_pct': 0.0025, 'fee_rate': 0.0001, 'spread_atr_mult': 0.03, 'slippage_min_spread': 0.3, 'slippage_max_spread': 1.0, 'max_trades_per_day': 3, 'daily_loss_limit_pct': 0.03, 'max_hold_minutes': 720, 'seed': 42, 'sweep_lookback': 20, 'wick_body_min': 1.5, 'atr_percentile_min': 30.0, 'sweep_rr': 2.0, 'sl_atr_buffer': 0.1, 'use_m1_confirmation': False, 'session': 'ny', 'adx_min': 18.0, 'momentum_rr': 1.9, 'use_atr_expansion': False, 'body_mult': 2.0, 'max_wick_pct': 0.35, 'momentum_sl_atr_mult': 1.0, 'session_hours_utc': None, 'close_extreme_pct': None, 'ema_extension_atr_max': None, 'use_m15_ema_trend': False, 'use_m15_ema200_filter': False, 'momentum_atr_percentile_min': 35.0, 'momentum_atr_percentile_max': None, 'session_ranges_utc_minutes': ((750, 840),), 'entry_mode': 'next_m5'}",21.416004887653575,0.15901369983948593,0.0688618847353187,True
sensitivity,XAUUSDm,sens_thai_1930_21_rr1.9_body2_wick0.35_atrMin40,89,46.06741573033708,1.1877622862501507,2.0551600264951047,-2.076217838887711,2.309168569095657,0.09236674276382627,0.18089430894308944,-98.23169611343073,17,10,58.82352941176471,168.33928510689123,6,"{'strategy': 'momentum', 'variant': 'sens_thai_1930_21_rr1.9_body2_wick0.35_atrMin40', 'initial_balance': 10000.0, 'risk_pct': 0.0025, 'fee_rate': 0.0001, 'spread_atr_mult': 0.03, 'slippage_min_spread': 0.3, 'slippage_max_spread': 1.0, 'max_trades_per_day': 3, 'daily_loss_limit_pct': 0.03, 'max_hold_minutes': 720, 'seed': 42, 'sweep_lookback': 20, 'wick_body_min': 1.5, 'atr_percentile_min': 30.0, 'sweep_rr': 2.0, 'sl_atr_buffer': 0.1, 'use_m1_confirmation': False, 'session': 'ny', 'adx_min': 18.0, 'momentum_rr': 1.9, 'use_atr_expansion': False, 'body_mult': 2.0, 'max_wick_pct': 0.35, 'momentum_sl_atr_mult': 1.0, 'session_hours_utc': None, 'close_extreme_pct': None, 'ema_extension_atr_max': None, 'use_m15_ema_trend': False, 'use_m15_ema200_filter': False, 'momentum_atr_percentile_min': 40.0, 'momentum_atr_percentile_max': None, 'session_ranges_utc_minutes': ((750, 840),), 'entry_mode': 'next_m5'}",21.416004887653575,0.15901369983948593,0.0688618847353187,True
sensitivity,XAUUSDm,sens_thai_1930_21_rr1.7_body2.2_wick0.35_atrMin50,80,47.5,1.1875929746327716,1.7504915299614003,-2.442252162195252,2.188114412451765,0.08752457649807059,0.16260162601626016,-91.92204859877154,17,10,58.82352941176471,165.26545972029538,5,"{'strategy': 'momentum', 'variant': 'sens_thai_1930_21_rr1.7_body2.2_wick0.35_atrMin50', 'initial_balance': 10000.0, 'risk_pct': 0.0025, 'fee_rate': 0.0001, 'spread_atr_mult': 0.03, 'slippage_min_spread': 0.3, 'slippage_max_spread': 1.0, 'max_trades_per_day': 3, 'daily_loss_limit_pct': 0.03, 'max_hold_minutes': 720, 'seed': 42, 'sweep_lookback': 20, 'wick_body_min': 1.5, 'atr_percentile_min': 30.0, 'sweep_rr': 2.0, 'sl_atr_buffer': 0.1, 'use_m1_confirmation': False, 'session': 'ny', 'adx_min': 18.0, 'momentum_rr': 1.7, 'use_atr_expansion': False, 'body_mult': 2.2, 'max_wick_pct': 0.35, 'momentum_sl_atr_mult': 1.0, 'session_hours_utc': None, 'close_extreme_pct': None, 'ema_extension_atr_max': None, 'use_m15_ema_trend': False, 'use_m15_ema200_filter': False, 'momentum_atr_percentile_min': 50.0, 'momentum_atr_percentile_max': None, 'session_ranges_utc_minutes': ((750, 840),), 'entry_mode': 'next_m5'}",21.842933350097827,0.16218779464285688,0.07412217282602089,True
sensitivity,XAUUSDm,sens_thai_1930_21_rr2_body2.2_wick0.35_atrMin45,83,44.57831325301205,1.186470617627387,1.934298460551454,-1.9174661528566217,2.330480072953511,0.09321920291814044,0.16869918699186992,-91.8620569558826,17,10,58.82352941176471,202.79717190334406,5,"{'strategy': 'momentum', 'variant': 'sens_thai_1930_21_rr2_body2.2_wick0.35_atrMin45', 'initial_balance': 10000.0, 'risk_pct': 0.0025, 'fee_rate': 0.0001, 'spread_atr_mult': 0.03, 'slippage_min_spread': 0.3, 'slippage_max_spread': 1.0, 'max_trades_per_day': 3, 'daily_loss_limit_pct': 0.03, 'max_hold_minutes': 720, 'seed': 42, 'sweep_lookback': 20, 'wick_body_min': 1.5, 'atr_percentile_min': 30.0, 'sweep_rr': 2.0, 'sl_atr_buffer': 0.1, 'use_m1_confirmation': False, 'session': 'ny', 'adx_min': 18.0, 'momentum_rr': 2.0, 'use_atr_expansion': False, 'body_mult': 2.2, 'max_wick_pct': 0.35, 'momentum_sl_atr_mult': 1.0, 'session_hours_utc': None, 'close_extreme_pct': None, 'ema_extension_atr_max': None, 'use_m15_ema_trend': False, 'use_m15_ema200_filter': False, 'momentum_atr_percentile_min': 45.0, 'momentum_atr_percentile_max': None, 'session_ranges_utc_minutes': ((750, 840),), 'entry_mode': 'next_m5'}",21.587864972879206,0.1617178657487089,0.0693925117084384,True
sensitivity,XAUUSDm,sens_thai_1930_21_rr2_body2.2_wick0.35_atrMin35,83,44.57831325301205,1.1862806459655793,1.9324138606097767,-1.9174661528566217,2.3282094706141496,0.09312837882456598,0.16869918699186992,-91.8620569558826,17,10,58.82352941176471,202.79717190334406,5,"{'strategy': 'momentum', 'variant': 'sens_thai_1930_21_rr2_body2.2_wick0.35_atrMin35', 'initial_balance': 10000.0, 'risk_pct': 0.0025, 'fee_rate': 0.0001, 'spread_atr_mult': 0.03, 'slippage_min_spread': 0.3, 'slippage_max_spread': 1.0, 'max_trades_per_day': 3, 'daily_loss_limit_pct': 0.03, 'max_hold_minutes': 720, 'seed': 42, 'sweep_lookback': 20, 'wick_body_min': 1.5, 'atr_percentile_min': 30.0, 'sweep_rr': 2.0, 'sl_atr_buffer': 0.1, 'use_m1_confirmation': False, 'session': 'ny', 'adx_min': 18.0, 'momentum_rr': 2.0, 'use_atr_expansion': False, 'body_mult': 2.2, 'max_wick_pct': 0.35, 'momentum_sl_atr_mult': 1.0, 'session_hours_utc': None, 'close_extreme_pct': None, 'ema_extension_atr_max': None, 'use_m15_ema_trend': False, 'use_m15_ema200_filter': False, 'momentum_atr_percentile_min': 35.0, 'momentum_atr_percentile_max': None, 'session_ranges_utc_minutes': ((750, 840),), 'entry_mode': 'next_m5'}",21.57158824113492,0.1612966781411357,0.06927928099982682,True
sensitivity,XAUUSDm,sens_thai_1930_21_rr2_body2.2_wick0.35_atrMin40,83,44.57831325301205,1.1862806459655793,1.9324138606097767,-1.9174661528566217,2.3282094706141496,0.09312837882456598,0.16869918699186992,-91.8620569558826,17,10,58.82352941176471,202.79717190334406,5,"{'strategy': 'momentum', 'variant': 'sens_thai_1930_21_rr2_body2.2_wick0.35_atrMin40', 'initial_balance': 10000.0, 'risk_pct': 0.0025, 'fee_rate': 0.0001, 'spread_atr_mult': 0.03, 'slippage_min_spread': 0.3, 'slippage_max_spread': 1.0, 'max_trades_per_day': 3, 'daily_loss_limit_pct': 0.03, 'max_hold_minutes': 720, 'seed': 42, 'sweep_lookback': 20, 'wick_body_min': 1.5, 'atr_percentile_min': 30.0, 'sweep_rr': 2.0, 'sl_atr_buffer': 0.1, 'use_m1_confirmation': False, 'session': 'ny', 'adx_min': 18.0, 'momentum_rr': 2.0, 'use_atr_expansion': False, 'body_mult': 2.2, 'max_wick_pct': 0.35, 'momentum_sl_atr_mult': 1.0, 'session_hours_utc': None, 'close_extreme_pct': None, 'ema_extension_atr_max': None, 'use_m15_ema_trend': False, 'use_m15_ema200_filter': False, 'momentum_atr_percentile_min': 40.0, 'momentum_atr_percentile_max': None, 'session_ranges_utc_minutes': ((750, 840),), 'entry_mode': 'next_m5'}",21.57158824113492,0.1612966781411357,0.06927928099982682,True
sensitivity,XAUUSDm,sens_thai_1930_21_rr1.8_body2.2_wick0.45_atrMin50,83,46.98795180722892,1.1796535750325348,1.7841637012476712,-2.3183745659879045,2.149594820780307,0.08598379283121228,0.16869918699186992,-91.92204859877154,17,10,58.82352941176471,177.6631089937024,5,"{'strategy': 'momentum', 'variant': 'sens_thai_1930_21_rr1.8_body2.2_wick0.45_atrMin50', 'initial_balance': 10000.0, 'risk_pct': 0.0025, 'fee_rate': 0.0001, 'spread_atr_mult': 0.03, 'slippage_min_spread': 0.3, 'slippage_max_spread': 1.0, 'max_trades_per_day': 3, 'daily_loss_limit_pct': 0.03, 'max_hold_minutes': 720, 'seed': 42, 'sweep_lookback': 20, 'wick_body_min': 1.5, 'atr_percentile_min': 30.0, 'sweep_rr': 2.0, 'sl_atr_buffer': 0.1, 'use_m1_confirmation': False, 'session': 'ny', 'adx_min': 18.0, 'momentum_rr': 1.8, 'use_atr_expansion': False, 'body_mult': 2.2, 'max_wick_pct': 0.45, 'momentum_sl_atr_mult': 1.0, 'session_hours_utc': None, 'close_extreme_pct': None, 'ema_extension_atr_max': None, 'use_m15_ema_trend': False, 'use_m15_ema200_filter': False, 'momentum_atr_percentile_min': 50.0, 'momentum_atr_percentile_max': None, 'session_ranges_utc_minutes': ((750, 840),), 'entry_mode': 'next_m5'}",21.56698438900631,0.1610248450946641,0.07490939387182362,True
sensitivity,XAUUSDm,sens_thai_1930_21_rr1.6_body1.8_wick0.4_atrMin45,97,47.42268041237113,1.1781526855428033,2.0625860927216126,-1.5010519741949104,2.1263774151769512,0.085055096607078,0.19715447154471544,-98.70138615612194,17,10,58.82352941176471,177.06184289198097,6,"{'strategy': 'momentum', 'variant': 'sens_thai_1930_21_rr1.6_body1.8_wick0.4_atrMin45', 'initial_balance': 10000.0, 'risk_pct': 0.0025, 'fee_rate': 0.0001, 'spread_atr_mult': 0.03, 'slippage_min_spread': 0.3, 'slippage_max_spread': 1.0, 'max_trades_per_day': 3, 'daily_loss_limit_pct': 0.03, 'max_hold_minutes': 720, 'seed': 42, 'sweep_lookback': 20, 'wick_body_min': 1.5, 'atr_percentile_min': 30.0, 'sweep_rr': 2.0, 'sl_atr_buffer': 0.1, 'use_m1_confirmation': False, 'session': 'ny', 'adx_min': 18.0, 'momentum_rr': 1.6, 'use_atr_expansion': False, 'body_mult': 1.8, 'max_wick_pct': 0.4, 'momentum_sl_atr_mult': 1.0, 'session_hours_utc': None, 'close_extreme_pct': None, 'ema_extension_atr_max': None, 'use_m15_ema_trend': False, 'use_m15_ema200_filter': False, 'momentum_atr_percentile_min': 45.0, 'momentum_atr_percentile_max': None, 'session_ranges_utc_minutes': ((750, 840),), 'entry_mode': 'next_m5'}",21.08778670662796,0.16075771723122198,0.07560168579849413,True
sensitivity,XAUUSDm,sens_thai_1930_21_rr1.6_body1.8_wick0.4_atrMin35,97,47.42268041237113,1.177983043623602,2.0607042106747393,-1.5024613654549308,2.124437330592531,0.08497749322370116,0.19715447154471544,-98.70138615612194,17,10,58.82352941176471,177.06184289198097,6,"{'strategy': 'momentum', 'variant': 'sens_thai_1930_21_rr1.6_body1.8_wick0.4_atrMin35', 'initial_balance': 10000.0, 'risk_pct': 0.0025, 'fee_rate': 0.0001, 'spread_atr_mult': 0.03, 'slippage_min_spread': 0.3, 'slippage_max_spread': 1.0, 'max_trades_per_day': 3, 'daily_loss_limit_pct': 0.03, 'max_hold_minutes': 720, 'seed': 42, 'sweep_lookback': 20, 'wick_body_min': 1.5, 'atr_percentile_min': 30.0, 'sweep_rr': 2.0, 'sl_atr_buffer': 0.1, 'use_m1_confirmation': False, 'session': 'ny', 'adx_min': 18.0, 'momentum_rr': 1.6, 'use_atr_expansion': False, 'body_mult': 1.8, 'max_wick_pct': 0.4, 'momentum_sl_atr_mult': 1.0, 'session_hours_utc': None, 'close_extreme_pct': None, 'ema_extension_atr_max': None, 'use_m15_ema_trend': False, 'use_m15_ema200_filter': False, 'momentum_atr_percentile_min': 35.0, 'momentum_atr_percentile_max': None, 'session_ranges_utc_minutes': ((750, 840),), 'entry_mode': 'next_m5'}",21.073765100340772,0.16039731958762846,0.07550108317052201,True
sensitivity,XAUUSDm,sens_thai_1930_21_rr1.6_body1.8_wick0.4_atrMin40,97,47.42268041237113,1.177983043623602,2.0607042106747393,-1.5024613654549308,2.124437330592531,0.08497749322370116,0.19715447154471544,-98.70138615612194,17,10,58.82352941176471,177.06184289198097,6,"{'strategy': 'momentum', 'variant': 'sens_thai_1930_21_rr1.6_body1.8_wick0.4_atrMin40', 'initial_balance': 10000.0, 'risk_pct': 0.0025, 'fee_rate': 0.0001, 'spread_atr_mult': 0.03, 'slippage_min_spread': 0.3, 'slippage_max_spread': 1.0, 'max_trades_per_day': 3, 'daily_loss_limit_pct': 0.03, 'max_hold_minutes': 720, 'seed': 42, 'sweep_lookback': 20, 'wick_body_min': 1.5, 'atr_percentile_min': 30.0, 'sweep_rr': 2.0, 'sl_atr_buffer': 0.1, 'use_m1_confirmation': False, 'session': 'ny', 'adx_min': 18.0, 'momentum_rr': 1.6, 'use_atr_expansion': False, 'body_mult': 1.8, 'max_wick_pct': 0.4, 'momentum_sl_atr_mult': 1.0, 'session_hours_utc': None, 'close_extreme_pct': None, 'ema_extension_atr_max': None, 'use_m15_ema_trend': False, 'use_m15_ema200_filter': False, 'momentum_atr_percentile_min': 40.0, 'momentum_atr_percentile_max': None, 'session_ranges_utc_minutes': ((750, 840),), 'entry_mode': 'next_m5'}",21.073765100340772,0.16039731958762846,0.07550108317052201,True
sensitivity,XAUUSDm,sens_thai_19_2030_rr1.6_body1.8_wick0.45_atrMin50,73,49.31506849315068,1.177652608753944,1.5734706074287896,-1.1369535828464457,2.1554391882586446,0.08621756753034576,0.1483739837398374,-77.595421346297,16,11,68.75,88.62449766370206,5,"{'strategy': 'momentum', 'variant': 'sens_thai_19_2030_rr1.6_body1.8_wick0.45_atrMin50', 'initial_balance': 10000.0, 'risk_pct': 0.0025, 'fee_rate': 0.0001, 'spread_atr_mult': 0.03, 'slippage_min_spread': 0.3, 'slippage_max_spread': 1.0, 'max_trades_per_day': 3, 'daily_loss_limit_pct': 0.03, 'max_hold_minutes': 720, 'seed': 42, 'sweep_lookback': 20, 'wick_body_min': 1.5, 'atr_percentile_min': 30.0, 'sweep_rr': 2.0, 'sl_atr_buffer': 0.1, 'use_m1_confirmation': False, 'session': 'ny', 'adx_min': 18.0, 'momentum_rr': 1.6, 'use_atr_expansion': False, 'body_mult': 1.8, 'max_wick_pct': 0.45, 'momentum_sl_atr_mult': 1.0, 'session_hours_utc': None, 'close_extreme_pct': None, 'ema_extension_atr_max': None, 'use_m15_ema_trend': False, 'use_m15_ema200_filter': False, 'momentum_atr_percentile_min': 50.0, 'momentum_atr_percentile_max': None, 'session_ranges_utc_minutes': ((720, 810),), 'entry_mode': 'next_m5'}",19.449155328621842,0.1513957632093931,0.07023893971775844,True
sensitivity,XAUUSDm,sens_thai_1930_21_rr1.7_body2.2_wick0.45_atrMin45,86,47.674418604651166,1.1733991250761215,1.7684689717139193,-2.276383968646319,2.0563592694348385,0.08225437077739357,0.17479674796747968,-91.8620569558826,17,11,64.70588235294117,165.19386663140418,5,"{'strategy': 'momentum', 'variant': 'sens_thai_1930_21_rr1.7_body2.2_wick0.45_atrMin45', 'initial_balance': 10000.0, 'risk_pct': 0.0025, 'fee_rate': 0.0001, 'spread_atr_mult': 0.03, 'slippage_min_spread': 0.3, 'slippage_max_spread': 1.0, 'max_trades_per_day': 3, 'daily_loss_limit_pct': 0.03, 'max_hold_minutes': 720, 'seed': 42, 'sweep_lookback': 20, 'wick_body_min': 1.5, 'atr_percentile_min': 30.0, 'sweep_rr': 2.0, 'sl_atr_buffer': 0.1, 'use_m1_confirmation': False, 'session': 'ny', 'adx_min': 18.0, 'momentum_rr': 1.7, 'use_atr_expansion': False, 'body_mult': 2.2, 'max_wick_pct': 0.45, 'momentum_sl_atr_mult': 1.0, 'session_hours_utc': None, 'close_extreme_pct': None, 'ema_extension_atr_max': None, 'use_m15_ema_trend': False, 'use_m15_ema200_filter': False, 'momentum_atr_percentile_min': 45.0, 'momentum_atr_percentile_max': None, 'session_ranges_utc_minutes': ((750, 840),), 'entry_mode': 'next_m5'}",21.329568792146805,0.16061187707641175,0.07810496904101474,True
sensitivity,XAUUSDm,sens_thai_1930_21_rr1.7_body2.2_wick0.45_atrMin35,86,47.674418604651166,1.1732064973297853,1.7665843717722236,-2.276383968646319,2.054167874153823,0.08216671496615298,0.17479674796747968,-91.8620569558826,17,11,64.70588235294117,165.19386663140418,5,"{'strategy': 'momentum', 'variant': 'sens_thai_1930_21_rr1.7_body2.2_wick0.45_atrMin35', 'initial_balance': 10000.0, 'risk_pct': 0.0025, 'fee_rate': 0.0001, 'spread_atr_mult': 0.03, 'slippage_min_spread': 0.3, 'slippage_max_spread': 1.0, 'max_trades_per_day': 3, 'daily_loss_limit_pct': 0.03, 'max_hold_minutes': 720, 'seed': 42, 'sweep_lookback': 20, 'wick_body_min': 1.5, 'atr_percentile_min': 30.0, 'sweep_rr': 2.0, 'sl_atr_buffer': 0.1, 'use_m1_confirmation': False, 'session': 'ny', 'adx_min': 18.0, 'momentum_rr': 1.7, 'use_atr_expansion': False, 'body_mult': 2.2, 'max_wick_pct': 0.45, 'momentum_sl_atr_mult': 1.0, 'session_hours_utc': None, 'close_extreme_pct': None, 'ema_extension_atr_max': None, 'use_m15_ema_trend': False, 'use_m15_ema200_filter': False, 'momentum_atr_percentile_min': 35.0, 'momentum_atr_percentile_max': None, 'session_ranges_utc_minutes': ((750, 840),), 'entry_mode': 'next_m5'}",21.313859853370342,0.16020538205980045,0.0779904038397028,True
sensitivity,XAUUSDm,sens_thai_1930_21_rr1.7_body2.2_wick0.45_atrMin40,86,47.674418604651166,1.1732064973297853,1.7665843717722236,-2.276383968646319,2.054167874153823,0.08216671496615298,0.17479674796747968,-91.8620569558826,17,11,64.70588235294117,165.19386663140418,5,"{'strategy': 'momentum', 'variant': 'sens_thai_1930_21_rr1.7_body2.2_wick0.45_atrMin40', 'initial_balance': 10000.0, 'risk_pct': 0.0025, 'fee_rate': 0.0001, 'spread_atr_mult': 0.03, 'slippage_min_spread': 0.3, 'slippage_max_spread': 1.0, 'max_trades_per_day': 3, 'daily_loss_limit_pct': 0.03, 'max_hold_minutes': 720, 'seed': 42, 'sweep_lookback': 20, 'wick_body_min': 1.5, 'atr_percentile_min': 30.0, 'sweep_rr': 2.0, 'sl_atr_buffer': 0.1, 'use_m1_confirmation': False, 'session': 'ny', 'adx_min': 18.0, 'momentum_rr': 1.7, 'use_atr_expansion': False, 'body_mult': 2.2, 'max_wick_pct': 0.45, 'momentum_sl_atr_mult': 1.0, 'session_hours_utc': None, 'close_extreme_pct': None, 'ema_extension_atr_max': None, 'use_m15_ema_trend': False, 'use_m15_ema200_filter': False, 'momentum_atr_percentile_min': 40.0, 'momentum_atr_percentile_max': None, 'session_ranges_utc_minutes': ((750, 840),), 'entry_mode': 'next_m5'}",21.313859853370342,0.16020538205980045,0.0779904038397028,True
sensitivity,XAUUSDm,sens_thai_19_21_rr2_body1.8_wick0.45_atrMin50,109,44.03669724770643,1.1705958531247218,2.4005504113101597,-3.2115922939834998,2.202339826890024,0.08809359307560091,0.22154471544715448,-145.4819330612737,17,9,52.94117647058824,180.89699863177185,6,"{'strategy': 'momentum', 'variant': 'sens_thai_19_21_rr2_body1.8_wick0.45_atrMin50', 'initial_balance': 10000.0, 'risk_pct': 0.0025, 'fee_rate': 0.0001, 'spread_atr_mult': 0.03, 'slippage_min_spread': 0.3, 'slippage_max_spread': 1.0, 'max_trades_per_day': 3, 'daily_loss_limit_pct': 0.03, 'max_hold_minutes': 720, 'seed': 42, 'sweep_lookback': 20, 'wick_body_min': 1.5, 'atr_percentile_min': 30.0, 'sweep_rr': 2.0, 'sl_atr_buffer': 0.1, 'use_m1_confirmation': False, 'session': 'ny', 'adx_min': 18.0, 'momentum_rr': 2.0, 'use_atr_expansion': False, 'body_mult': 1.8, 'max_wick_pct': 0.45, 'momentum_sl_atr_mult': 1.0, 'session_hours_utc': None, 'close_extreme_pct': None, 'ema_extension_atr_max': None, 'use_m15_ema_trend': False, 'use_m15_ema200_filter': False, 'momentum_atr_percentile_min': 50.0, 'momentum_atr_percentile_max': None, 'session_ranges_utc_minutes': ((720, 840),), 'entry_mode': 'next_m5'}",19.84516605210573,0.1519361205766707,0.06898849974085212,True
sensitivity,XAUUSDm,sens_thai_1930_21_rr1.7_body1.8_wick0.4_atrMin50,94,46.808510638297875,1.1695441215634919,1.919309366123234,-2.0634109030698857,2.0418184745991583,0.08167273898396625,0.1910569105691057,-98.69639946442359,17,10,58.82352941176471,192.12138664466423,6,"{'strategy': 'momentum', 'variant': 'sens_thai_1930_21_rr1.7_body1.8_wick0.4_atrMin50', 'initial_balance': 10000.0, 'risk_pct': 0.0025, 'fee_rate': 0.0001, 'spread_atr_mult': 0.03, 'slippage_min_spread': 0.3, 'slippage_max_spread': 1.0, 'max_trades_per_day': 3, 'daily_loss_limit_pct': 0.03, 'max_hold_minutes': 720, 'seed': 42, 'sweep_lookback': 20, 'wick_body_min': 1.5, 'atr_percentile_min': 30.0, 'sweep_rr': 2.0, 'sl_atr_buffer': 0.1, 'use_m1_confirmation': False, 'session': 'ny', 'adx_min': 18.0, 'momentum_rr': 1.7, 'use_atr_expansion': False, 'body_mult': 1.8, 'max_wick_pct': 0.4, 'momentum_sl_atr_mult': 1.0, 'session_hours_utc': None, 'close_extreme_pct': None, 'ema_extension_atr_max': None, 'use_m15_ema_trend': False, 'use_m15_ema200_filter': False, 'momentum_atr_percentile_min': 50.0, 'momentum_atr_percentile_max': None, 'session_ranges_utc_minutes': ((750, 840),), 'entry_mode': 'next_m5'}",21.2866753321706,0.16112701367781113,0.07891348603329831,True
sensitivity,XAUUSDm,sens_thai_19_2030_rr1.6_body1.8_wick0.4_atrMin50,72,48.61111111111111,1.169407704973615,1.5016156528762257,-1.137925585475934,2.085577295661442,0.08342309182645764,0.14634146341463414,-77.5980204895845,16,10,62.5,88.62449766370206,5,"{'strategy': 'momentum', 'variant': 'sens_thai_19_2030_rr1.6_body1.8_wick0.4_atrMin50', 'initial_balance': 10000.0, 'risk_pct': 0.0025, 'fee_rate': 0.0001, 'spread_atr_mult': 0.03, 'slippage_min_spread': 0.3, 'slippage_max_spread': 1.0, 'max_trades_per_day': 3, 'daily_loss_limit_pct': 0.03, 'max_hold_minutes': 720, 'seed': 42, 'sweep_lookback': 20, 'wick_body_min': 1.5, 'atr_percentile_min': 30.0, 'sweep_rr': 2.0, 'sl_atr_buffer': 0.1, 'use_m1_confirmation': False, 'session': 'ny', 'adx_min': 18.0, 'momentum_rr': 1.6, 'use_atr_expansion': False, 'body_mult': 1.8, 'max_wick_pct': 0.4, 'momentum_sl_atr_mult': 1.0, 'session_hours_utc': None, 'close_extreme_pct': None, 'ema_extension_atr_max': None, 'use_m15_ema_trend': False, 'use_m15_ema200_filter': False, 'momentum_atr_percentile_min': 50.0, 'momentum_atr_percentile_max': None, 'session_ranges_utc_minutes': ((720, 810),), 'entry_mode': 'next_m5'}",19.37836413218341,0.15084467261904733,0.07232753872649293,True
sensitivity,XAUUSDm,sens_thai_1930_21_rr1.6_body1.8_wick0.4_atrMin50,94,47.87234042553192,1.1691195555210145,1.869349366123224,-1.6178087034994344,1.988669538428957,0.07954678153715822,0.1910569105691057,-98.69639946442359,17,11,64.70588235294117,177.12088664466444,6,"{'strategy': 'momentum', 'variant': 'sens_thai_1930_21_rr1.6_body1.8_wick0.4_atrMin50', 'initial_balance': 10000.0, 'risk_pct': 0.0025, 'fee_rate': 0.0001, 'spread_atr_mult': 0.03, 'slippage_min_spread': 0.3, 'slippage_max_spread': 1.0, 'max_trades_per_day': 3, 'daily_loss_limit_pct': 0.03, 'max_hold_minutes': 720, 'seed': 42, 'sweep_lookback': 20, 'wick_body_min': 1.5, 'atr_percentile_min': 30.0, 'sweep_rr': 2.0, 'sl_atr_buffer': 0.1, 'use_m1_confirmation': False, 'session': 'ny', 'adx_min': 18.0, 'momentum_rr': 1.6, 'use_atr_expansion': False, 'body_mult': 1.8, 'max_wick_pct': 0.4, 'momentum_sl_atr_mult': 1.0, 'session_hours_utc': None, 'close_extreme_pct': None, 'ema_extension_atr_max': None, 'use_m15_ema_trend': False, 'use_m15_ema200_filter': False, 'momentum_atr_percentile_min': 50.0, 'momentum_atr_percentile_max': None, 'session_ranges_utc_minutes': ((750, 840),), 'entry_mode': 'next_m5'}",21.2866753321706,0.16112701367781113,0.08102251810278191,False
sensitivity,XAUUSDm,sens_thai_19_21_rr2_body1.8_wick0.45_atrMin45,112,43.75,1.1660429733550006,2.414556804248241,-3.024216298527824,2.155854289507445,0.0862341715802978,0.22764227642276422,-145.3918345539566,17,10,58.82352941176471,181.02047053997785,7,"{'strategy': 'momentum', 'variant': 'sens_thai_19_21_rr2_body1.8_wick0.45_atrMin45', 'initial_balance': 10000.0, 'risk_pct': 0.0025, 'fee_rate': 0.0001, 'spread_atr_mult': 0.03, 'slippage_min_spread': 0.3, 'slippage_max_spread': 1.0, 'max_trades_per_day': 3, 'daily_loss_limit_pct': 0.03, 'max_hold_minutes': 720, 'seed': 42, 'sweep_lookback': 20, 'wick_body_min': 1.5, 'atr_percentile_min': 30.0, 'sweep_rr': 2.0, 'sl_atr_buffer': 0.1, 'use_m1_confirmation': False, 'session': 'ny', 'adx_min': 18.0, 'momentum_rr': 2.0, 'use_atr_expansion': False, 'body_mult': 1.8, 'max_wick_pct': 0.45, 'momentum_sl_atr_mult': 1.0, 'session_hours_utc': None, 'close_extreme_pct': None, 'ema_extension_atr_max': None, 'use_m15_ema_trend': False, 'use_m15_ema200_filter': False, 'momentum_atr_percentile_min': 45.0, 'momentum_atr_percentile_max': None, 'session_ranges_utc_minutes': ((720, 840),), 'entry_mode': 'next_m5'}",19.610608567577582,0.15149607780612215,0.07027194673752045,True
sensitivity,XAUUSDm,sens_thai_19_21_rr2_body1.8_wick0.45_atrMin40,112,43.75,1.1659082239139906,2.4126739022675974,-3.024216298527824,2.154173127024729,0.08616692508098915,0.22764227642276422,-145.3918345539566,17,10,58.82352941176471,181.02047053997785,7,"{'strategy': 'momentum', 'variant': 'sens_thai_19_21_rr2_body1.8_wick0.45_atrMin40', 'initial_balance': 10000.0, 'risk_pct': 0.0025, 'fee_rate': 0.0001, 'spread_atr_mult': 0.03, 'slippage_min_spread': 0.3, 'slippage_max_spread': 1.0, 'max_trades_per_day': 3, 'daily_loss_limit_pct': 0.03, 'max_hold_minutes': 720, 'seed': 42, 'sweep_lookback': 20, 'wick_body_min': 1.5, 'atr_percentile_min': 30.0, 'sweep_rr': 2.0, 'sl_atr_buffer': 0.1, 'use_m1_confirmation': False, 'session': 'ny', 'adx_min': 18.0, 'momentum_rr': 2.0, 'use_atr_expansion': False, 'body_mult': 1.8, 'max_wick_pct': 0.45, 'momentum_sl_atr_mult': 1.0, 'session_hours_utc': None, 'close_extreme_pct': None, 'ema_extension_atr_max': None, 'use_m15_ema_trend': False, 'use_m15_ema200_filter': False, 'momentum_atr_percentile_min': 40.0, 'momentum_atr_percentile_max': None, 'session_ranges_utc_minutes': ((720, 840),), 'entry_mode': 'next_m5'}",19.598497446739298,0.15118394770408133,0.07018189290704388,True
sensitivity,XAUUSDm,sens_thai_1930_21_rr1.7_body2.2_wick0.35_atrMin45,83,46.98795180722892,1.1658409481529282,1.6344034605514208,-2.30009421965691,1.9691607958450839,0.07876643183380334,0.16869918699186992,-91.8620569558826,17,11,64.70588235294117,165.2964219033428,5,"{'strategy': 'momentum', 'variant': 'sens_thai_1930_21_rr1.7_body2.2_wick0.35_atrMin45', 'initial_balance': 10000.0, 'risk_pct': 0.0025, 'fee_rate': 0.0001, 'spread_atr_mult': 0.03, 'slippage_min_spread': 0.3, 'slippage_max_spread': 1.0, 'max_trades_per_day': 3, 'daily_loss_limit_pct': 0.03, 'max_hold_minutes': 720, 'seed': 42, 'sweep_lookback': 20, 'wick_body_min': 1.5, 'atr_percentile_min': 30.0, 'sweep_rr': 2.0, 'sl_atr_buffer': 0.1, 'use_m1_confirmation': False, 'session': 'ny', 'adx_min': 18.0, 'momentum_rr': 1.7, 'use_atr_expansion': False, 'body_mult': 2.2, 'max_wick_pct': 0.35, 'momentum_sl_atr_mult': 1.0, 'session_hours_utc': None, 'close_extreme_pct': None, 'ema_extension_atr_max': None, 'use_m15_ema_trend': False, 'use_m15_ema200_filter': False, 'momentum_atr_percentile_min': 45.0, 'momentum_atr_percentile_max': None, 'session_ranges_utc_minutes': ((750, 840),), 'entry_mode': 'next_m5'}",21.587864972879206,0.1617178657487089,0.0821252718873606,False
sensitivity,XAUUSDm,sens_thai_1930_21_rr1.7_body2.2_wick0.35_atrMin35,83,46.98795180722892,1.1656419591669729,1.6325188606097254,-2.3015055263181683,1.9668901935057186,0.07867560774022875,0.16869918699186992,-91.8620569558826,17,11,64.70588235294117,165.2964219033428,5,"{'strategy': 'momentum', 'variant': 'sens_thai_1930_21_rr1.7_body2.2_wick0.35_atrMin35', 'initial_balance': 10000.0, 'risk_pct': 0.0025, 'fee_rate': 0.0001, 'spread_atr_mult': 0.03, 'slippage_min_spread': 0.3, 'slippage_max_spread': 1.0, 'max_trades_per_day': 3, 'daily_loss_limit_pct': 0.03, 'max_hold_minutes': 720, 'seed': 42, 'sweep_lookback': 20, 'wick_body_min': 1.5, 'atr_percentile_min': 30.0, 'sweep_rr': 2.0, 'sl_atr_buffer': 0.1, 'use_m1_confirmation': False, 'session': 'ny', 'adx_min': 18.0, 'momentum_rr': 1.7, 'use_atr_expansion': False, 'body_mult': 2.2, 'max_wick_pct': 0.35, 'momentum_sl_atr_mult': 1.0, 'session_hours_utc': None, 'close_extreme_pct': None, 'ema_extension_atr_max': None, 'use_m15_ema_trend': False, 'use_m15_ema200_filter': False, 'momentum_atr_percentile_min': 35.0, 'momentum_atr_percentile_max': None, 'session_ranges_utc_minutes': ((750, 840),), 'entry_mode': 'next_m5'}",21.57158824113492,0.1612966781411357,0.0820059394640867,False
sensitivity,XAUUSDm,sens_thai_1930_21_rr1.7_body2.2_wick0.35_atrMin40,83,46.98795180722892,1.1656419591669729,1.6325188606097254,-2.3015055263181683,1.9668901935057186,0.07867560774022875,0.16869918699186992,-91.8620569558826,17,11,64.70588235294117,165.2964219033428,5,"{'strategy': 'momentum', 'variant': 'sens_thai_1930_21_rr1.7_body2.2_wick0.35_atrMin40', 'initial_balance': 10000.0, 'risk_pct': 0.0025, 'fee_rate': 0.0001, 'spread_atr_mult': 0.03, 'slippage_min_spread': 0.3, 'slippage_max_spread': 1.0, 'max_trades_per_day': 3, 'daily_loss_limit_pct': 0.03, 'max_hold_minutes': 720, 'seed': 42, 'sweep_lookback': 20, 'wick_body_min': 1.5, 'atr_percentile_min': 30.0, 'sweep_rr': 2.0, 'sl_atr_buffer': 0.1, 'use_m1_confirmation': False, 'session': 'ny', 'adx_min': 18.0, 'momentum_rr': 1.7, 'use_atr_expansion': False, 'body_mult': 2.2, 'max_wick_pct': 0.35, 'momentum_sl_atr_mult': 1.0, 'session_hours_utc': None, 'close_extreme_pct': None, 'ema_extension_atr_max': None, 'use_m15_ema_trend': False, 'use_m15_ema200_filter': False, 'momentum_atr_percentile_min': 40.0, 'momentum_atr_percentile_max': None, 'session_ranges_utc_minutes': ((750, 840),), 'entry_mode': 'next_m5'}",21.57158824113492,0.1612966781411357,0.0820059394640867,False
sensitivity,XAUUSDm,sens_thai_20_2130_rr1.8_body2_wick0.4_atrMin50,93,46.236559139784944,1.1627869815126328,1.7829979176160669,-2.2239609245969763,1.9172020619528174,0.0766880824781127,0.18902439024390244,-148.282845734229,17,10,58.82352941176471,167.5932604324987,7,"{'strategy': 'momentum', 'variant': 'sens_thai_20_2130_rr1.8_body2_wick0.4_atrMin50', 'initial_balance': 10000.0, 'risk_pct': 0.0025, 'fee_rate': 0.0001, 'spread_atr_mult': 0.03, 'slippage_min_spread': 0.3, 'slippage_max_spread': 1.0, 'max_trades_per_day': 3, 'daily_loss_limit_pct': 0.03, 'max_hold_minutes': 720, 'seed': 42, 'sweep_lookback': 20, 'wick_body_min': 1.5, 'atr_percentile_min': 30.0, 'sweep_rr': 2.0, 'sl_atr_buffer': 0.1, 'use_m1_confirmation': False, 'session': 'ny', 'adx_min': 18.0, 'momentum_rr': 1.8, 'use_atr_expansion': False, 'body_mult': 2.0, 'max_wick_pct': 0.4, 'momentum_sl_atr_mult': 1.0, 'session_hours_utc': None, 'close_extreme_pct': None, 'ema_extension_atr_max': None, 'use_m15_ema_trend': False, 'use_m15_ema200_filter': False, 'momentum_atr_percentile_min': 50.0, 'momentum_atr_percentile_max': None, 'session_ranges_utc_minutes': ((780, 870),), 'entry_mode': 'next_m5'}",21.858358753873787,0.17078135944700418,0.08907843509882847,False
sensitivity,XAUUSDm,sens_thai_20_2130_rr1.8_body2_wick0.4_atrMin35,93,46.236559139784944,1.1623334138312502,1.7787238386220816,-2.228193262872495,1.9126062780883142,0.07650425112353258,0.18902439024390244,-148.282845734229,17,10,58.82352941176471,167.5932604324987,7,"{'strategy': 'momentum', 'variant': 'sens_thai_20_2130_rr1.8_body2_wick0.4_atrMin35', 'initial_balance': 10000.0, 'risk_pct': 0.0025, 'fee_rate': 0.0001, 'spread_atr_mult': 0.03, 'slippage_min_spread': 0.3, 'slippage_max_spread': 1.0, 'max_trades_per_day': 3, 'daily_loss_limit_pct': 0.03, 'max_hold_minutes': 720, 'seed': 42, 'sweep_lookback': 20, 'wick_body_min': 1.5, 'atr_percentile_min': 30.0, 'sweep_rr': 2.0, 'sl_atr_buffer': 0.1, 'use_m1_confirmation': False, 'session': 'ny', 'adx_min': 18.0, 'momentum_rr': 1.8, 'use_atr_expansion': False, 'body_mult': 2.0, 'max_wick_pct': 0.4, 'momentum_sl_atr_mult': 1.0, 'session_hours_utc': None, 'close_extreme_pct': None, 'ema_extension_atr_max': None, 'use_m15_ema_trend': False, 'use_m15_ema200_filter': False, 'momentum_atr_percentile_min': 35.0, 'momentum_atr_percentile_max': None, 'session_ranges_utc_minutes': ((780, 870),), 'entry_mode': 'next_m5'}",21.809157662968317,0.17056513824884748,0.08917943028992384,False
sensitivity,XAUUSDm,sens_thai_20_2130_rr1.8_body2_wick0.4_atrMin40,93,46.236559139784944,1.1623334138312502,1.7787238386220816,-2.228193262872495,1.9126062780883142,0.07650425112353258,0.18902439024390244,-148.282845734229,17,10,58.82352941176471,167.5932604324987,7,"{'strategy': 'momentum', 'variant': 'sens_thai_20_2130_rr1.8_body2_wick0.4_atrMin40', 'initial_balance': 10000.0, 'risk_pct': 0.0025, 'fee_rate': 0.0001, 'spread_atr_mult': 0.03, 'slippage_min_spread': 0.3, 'slippage_max_spread': 1.0, 'max_trades_per_day': 3, 'daily_loss_limit_pct': 0.03, 'max_hold_minutes': 720, 'seed': 42, 'sweep_lookback': 20, 'wick_body_min': 1.5, 'atr_percentile_min': 30.0, 'sweep_rr': 2.0, 'sl_atr_buffer': 0.1, 'use_m1_confirmation': False, 'session': 'ny', 'adx_min': 18.0, 'momentum_rr': 1.8, 'use_atr_expansion': False, 'body_mult': 2.0, 'max_wick_pct': 0.4, 'momentum_sl_atr_mult': 1.0, 'session_hours_utc': None, 'close_extreme_pct': None, 'ema_extension_atr_max': None, 'use_m15_ema_trend': False, 'use_m15_ema200_filter': False, 'momentum_atr_percentile_min': 40.0, 'momentum_atr_percentile_max': None, 'session_ranges_utc_minutes': ((780, 870),), 'entry_mode': 'next_m5'}",21.809157662968317,0.17056513824884748,0.08917943028992384,False
sensitivity,XAUUSDm,sens_thai_20_2130_rr1.8_body2_wick0.4_atrMin45,93,46.236559139784944,1.1623334138312502,1.7787238386220816,-2.228193262872495,1.9126062780883142,0.07650425112353258,0.18902439024390244,-148.282845734229,17,10,58.82352941176471,167.5932604324987,7,"{'strategy': 'momentum', 'variant': 'sens_thai_20_2130_rr1.8_body2_wick0.4_atrMin45', 'initial_balance': 10000.0, 'risk_pct': 0.0025, 'fee_rate': 0.0001, 'spread_atr_mult': 0.03, 'slippage_min_spread': 0.3, 'slippage_max_spread': 1.0, 'max_trades_per_day': 3, 'daily_loss_limit_pct': 0.03, 'max_hold_minutes': 720, 'seed': 42, 'sweep_lookback': 20, 'wick_body_min': 1.5, 'atr_percentile_min': 30.0, 'sweep_rr': 2.0, 'sl_atr_buffer': 0.1, 'use_m1_confirmation': False, 'session': 'ny', 'adx_min': 18.0, 'momentum_rr': 1.8, 'use_atr_expansion': False, 'body_mult': 2.0, 'max_wick_pct': 0.4, 'momentum_sl_atr_mult': 1.0, 'session_hours_utc': None, 'close_extreme_pct': None, 'ema_extension_atr_max': None, 'use_m15_ema_trend': False, 'use_m15_ema200_filter': False, 'momentum_atr_percentile_min': 45.0, 'momentum_atr_percentile_max': None, 'session_ranges_utc_minutes': ((780, 870),), 'entry_mode': 'next_m5'}",21.809157662968317,0.17056513824884748,0.08917943028992384,False
sensitivity,XAUUSDm,sens_thai_1930_21_rr1.8_body2.2_wick0.45_atrMin45,86,46.51162790697674,1.1619648608781423,1.6934164717140086,-2.151328312386547,1.9690889205976563,0.07876355682390627,0.17479674796747968,-91.8620569558826,17,10,58.82352941176471,177.69411663140627,5,"{'strategy': 'momentum', 'variant': 'sens_thai_1930_21_rr1.8_body2.2_wick0.45_atrMin45', 'initial_balance': 10000.0, 'risk_pct': 0.0025, 'fee_rate': 0.0001, 'spread_atr_mult': 0.03, 'slippage_min_spread': 0.3, 'slippage_max_spread': 1.0, 'max_trades_per_day': 3, 'daily_loss_limit_pct': 0.03, 'max_hold_minutes': 720, 'seed': 42, 'sweep_lookback': 20, 'wick_body_min': 1.5, 'atr_percentile_min': 30.0, 'sweep_rr': 2.0, 'sl_atr_buffer': 0.1, 'use_m1_confirmation': False, 'session': 'ny', 'adx_min': 18.0, 'momentum_rr': 1.8, 'use_atr_expansion': False, 'body_mult': 2.2, 'max_wick_pct': 0.45, 'momentum_sl_atr_mult': 1.0, 'session_hours_utc': None, 'close_extreme_pct': None, 'ema_extension_atr_max': None, 'use_m15_ema_trend': False, 'use_m15_ema200_filter': False, 'momentum_atr_percentile_min': 45.0, 'momentum_atr_percentile_max': None, 'session_ranges_utc_minutes': ((750, 840),), 'entry_mode': 'next_m5'}",21.329568792146805,0.16061187707641175,0.08156659427430173,False
sensitivity,XAUUSDm,sens_thai_1930_21_rr1.8_body2.2_wick0.45_atrMin35,86,46.51162790697674,1.161777465788254,1.6915318717723313,-2.151328312386547,1.9668975253166423,0.07867590101266572,0.17479674796747968,-91.8620569558826,17,10,58.82352941176471,177.69411663140627,5,"{'strategy': 'momentum', 'variant': 'sens_thai_1930_21_rr1.8_body2.2_wick0.45_atrMin35', 'initial_balance': 10000.0, 'risk_pct': 0.0025, 'fee_rate': 0.0001, 'spread_atr_mult': 0.03, 'slippage_min_spread': 0.3, 'slippage_max_spread': 1.0, 'max_trades_per_day': 3, 'daily_loss_limit_pct': 0.03, 'max_hold_minutes': 720, 'seed': 42, 'sweep_lookback': 20, 'wick_body_min': 1.5, 'atr_percentile_min': 30.0, 'sweep_rr': 2.0, 'sl_atr_buffer': 0.1, 'use_m1_confirmation': False, 'session': 'ny', 'adx_min': 18.0, 'momentum_rr': 1.8, 'use_atr_expansion': False, 'body_mult': 2.2, 'max_wick_pct': 0.45, 'momentum_sl_atr_mult': 1.0, 'session_hours_utc': None, 'close_extreme_pct': None, 'ema_extension_atr_max': None, 'use_m15_ema_trend': False, 'use_m15_ema200_filter': False, 'momentum_atr_percentile_min': 35.0, 'momentum_atr_percentile_max': None, 'session_ranges_utc_minutes': ((750, 840),), 'entry_mode': 'next_m5'}",21.313859853370342,0.16020538205980045,0.0814508025953257,False
sensitivity,XAUUSDm,sens_thai_1930_21_rr1.8_body2.2_wick0.45_atrMin40,86,46.51162790697674,1.161777465788254,1.6915318717723313,-2.151328312386547,1.9668975253166423,0.07867590101266572,0.17479674796747968,-91.8620569558826,17,10,58.82352941176471,177.69411663140627,5,"{'strategy': 'momentum', 'variant': 'sens_thai_1930_21_rr1.8_body2.2_wick0.45_atrMin40', 'initial_balance': 10000.0, 'risk_pct': 0.0025, 'fee_rate': 0.0001, 'spread_atr_mult': 0.03, 'slippage_min_spread': 0.3, 'slippage_max_spread': 1.0, 'max_trades_per_day': 3, 'daily_loss_limit_pct': 0.03, 'max_hold_minutes': 720, 'seed': 42, 'sweep_lookback': 20, 'wick_body_min': 1.5, 'atr_percentile_min': 30.0, 'sweep_rr': 2.0, 'sl_atr_buffer': 0.1, 'use_m1_confirmation': False, 'session': 'ny', 'adx_min': 18.0, 'momentum_rr': 1.8, 'use_atr_expansion': False, 'body_mult': 2.2, 'max_wick_pct': 0.45, 'momentum_sl_atr_mult': 1.0, 'session_hours_utc': None, 'close_extreme_pct': None, 'ema_extension_atr_max': None, 'use_m15_ema_trend': False, 'use_m15_ema200_filter': False, 'momentum_atr_percentile_min': 40.0, 'momentum_atr_percentile_max': None, 'session_ranges_utc_minutes': ((750, 840),), 'entry_mode': 'next_m5'}",21.313859853370342,0.16020538205980045,0.0814508025953257,False
sensitivity,XAUUSDm,sens_thai_20_2130_rr1.9_body2_wick0.4_atrMin50,93,45.16129032258064,1.152364559439659,1.7079454176160107,-2.147028320283729,1.836500449049535,0.07346001796198141,0.18902439024390244,-148.282845734229,17,10,58.82352941176471,158.7386539313444,7,"{'strategy': 'momentum', 'variant': 'sens_thai_20_2130_rr1.9_body2_wick0.4_atrMin50', 'initial_balance': 10000.0, 'risk_pct': 0.0025, 'fee_rate': 0.0001, 'spread_atr_mult': 0.03, 'slippage_min_spread': 0.3, 'slippage_max_spread': 1.0, 'max_trades_per_day': 3, 'daily_loss_limit_pct': 0.03, 'max_hold_minutes': 720, 'seed': 42, 'sweep_lookback': 20, 'wick_body_min': 1.5, 'atr_percentile_min': 30.0, 'sweep_rr': 2.0, 'sl_atr_buffer': 0.1, 'use_m1_confirmation': False, 'session': 'ny', 'adx_min': 18.0, 'momentum_rr': 1.9, 'use_atr_expansion': False, 'body_mult': 2.0, 'max_wick_pct': 0.4, 'momentum_sl_atr_mult': 1.0, 'session_hours_utc': None, 'close_extreme_pct': None, 'ema_extension_atr_max': None, 'use_m15_ema_trend': False, 'use_m15_ema200_filter': False, 'momentum_atr_percentile_min': 50.0, 'momentum_atr_percentile_max': None, 'session_ranges_utc_minutes': ((780, 870),), 'entry_mode': 'next_m5'}",21.858358753873787,0.17078135944700418,0.09299282204662167,False
sensitivity,XAUUSDm,sens_thai_1930_21_rr1.7_body1.8_wick0.4_atrMin45,97,46.391752577319586,1.1519601406054765,1.7998968693087956,-1.9219173380680952,1.8555637827926608,0.07422255131170645,0.19715447154471544,-98.70138615612194,17,10,58.82352941176471,192.0623428919812,6,"{'strategy': 'momentum', 'variant': 'sens_thai_1930_21_rr1.7_body1.8_wick0.4_atrMin45', 'initial_balance': 10000.0, 'risk_pct': 0.0025, 'fee_rate': 0.0001, 'spread_atr_mult': 0.03, 'slippage_min_spread': 0.3, 'slippage_max_spread': 1.0, 'max_trades_per_day': 3, 'daily_loss_limit_pct': 0.03, 'max_hold_minutes': 720, 'seed': 42, 'sweep_lookback': 20, 'wick_body_min': 1.5, 'atr_percentile_min': 30.0, 'sweep_rr': 2.0, 'sl_atr_buffer': 0.1, 'use_m1_confirmation': False, 'session': 'ny', 'adx_min': 18.0, 'momentum_rr': 1.7, 'use_atr_expansion': False, 'body_mult': 1.8, 'max_wick_pct': 0.4, 'momentum_sl_atr_mult': 1.0, 'session_hours_utc': None, 'close_extreme_pct': None, 'ema_extension_atr_max': None, 'use_m15_ema_trend': False, 'use_m15_ema200_filter': False, 'momentum_atr_percentile_min': 45.0, 'momentum_atr_percentile_max': None, 'session_ranges_utc_minutes': ((750, 840),), 'entry_mode': 'next_m5'}",21.08778670662796,0.16075771723122198,0.08663551138580555,False
sensitivity,XAUUSDm,sens_thai_20_2130_rr1.9_body2_wick0.4_atrMin35,93,45.16129032258064,1.1519253447556848,1.7036713386220252,-2.151255426174712,1.831904665185031,0.07327618660740129,0.18902439024390244,-148.282845734229,17,10,58.82352941176471,158.7386539313444,7,"{'strategy': 'momentum', 'variant': 'sens_thai_20_2130_rr1.9_body2_wick0.4_atrMin35', 'initial_balance': 10000.0, 'risk_pct': 0.0025, 'fee_rate': 0.0001, 'spread_atr_mult': 0.03, 'slippage_min_spread': 0.3, 'slippage_max_spread': 1.0, 'max_trades_per_day': 3, 'daily_loss_limit_pct': 0.03, 'max_hold_minutes': 720, 'seed': 42, 'sweep_lookback': 20, 'wick_body_min': 1.5, 'atr_percentile_min': 30.0, 'sweep_rr': 2.0, 'sl_atr_buffer': 0.1, 'use_m1_confirmation': False, 'session': 'ny', 'adx_min': 18.0, 'momentum_rr': 1.9, 'use_atr_expansion': False, 'body_mult': 2.0, 'max_wick_pct': 0.4, 'momentum_sl_atr_mult': 1.0, 'session_hours_utc': None, 'close_extreme_pct': None, 'ema_extension_atr_max': None, 'use_m15_ema_trend': False, 'use_m15_ema200_filter': False, 'momentum_atr_percentile_min': 35.0, 'momentum_atr_percentile_max': None, 'session_ranges_utc_minutes': ((780, 870),), 'entry_mode': 'next_m5'}",21.809157662968317,0.17056513824884748,0.09310808662175638,False
sensitivity,XAUUSDm,sens_thai_20_2130_rr1.9_body2_wick0.4_atrMin40,93,45.16129032258064,1.1519253447556848,1.7036713386220252,-2.151255426174712,1.831904665185031,0.07327618660740129,0.18902439024390244,-148.282845734229,17,10,58.82352941176471,158.7386539313444,7,"{'strategy': 'momentum', 'variant': 'sens_thai_20_2130_rr1.9_body2_wick0.4_atrMin40', 'initial_balance': 10000.0, 'risk_pct': 0.0025, 'fee_rate': 0.0001, 'spread_atr_mult': 0.03, 'slippage_min_spread': 0.3, 'slippage_max_spread': 1.0, 'max_trades_per_day': 3, 'daily_loss_limit_pct': 0.03, 'max_hold_minutes': 720, 'seed': 42, 'sweep_lookback': 20, 'wick_body_min': 1.5, 'atr_percentile_min': 30.0, 'sweep_rr': 2.0, 'sl_atr_buffer': 0.1, 'use_m1_confirmation': False, 'session': 'ny', 'adx_min': 18.0, 'momentum_rr': 1.9, 'use_atr_expansion': False, 'body_mult': 2.0, 'max_wick_pct': 0.4, 'momentum_sl_atr_mult': 1.0, 'session_hours_utc': None, 'close_extreme_pct': None, 'ema_extension_atr_max': None, 'use_m15_ema_trend': False, 'use_m15_ema200_filter': False, 'momentum_atr_percentile_min': 40.0, 'momentum_atr_percentile_max': None, 'session_ranges_utc_minutes': ((780, 870),), 'entry_mode': 'next_m5'}",21.809157662968317,0.17056513824884748,0.09310808662175638,False
sensitivity,XAUUSDm,sens_thai_20_2130_rr1.9_body2_wick0.4_atrMin45,93,45.16129032258064,1.1519253447556848,1.7036713386220252,-2.151255426174712,1.831904665185031,0.07327618660740129,0.18902439024390244,-148.282845734229,17,10,58.82352941176471,158.7386539313444,7,"{'strategy': 'momentum', 'variant': 'sens_thai_20_2130_rr1.9_body2_wick0.4_atrMin45', 'initial_balance': 10000.0, 'risk_pct': 0.0025, 'fee_rate': 0.0001, 'spread_atr_mult': 0.03, 'slippage_min_spread': 0.3, 'slippage_max_spread': 1.0, 'max_trades_per_day': 3, 'daily_loss_limit_pct': 0.03, 'max_hold_minutes': 720, 'seed': 42, 'sweep_lookback': 20, 'wick_body_min': 1.5, 'atr_percentile_min': 30.0, 'sweep_rr': 2.0, 'sl_atr_buffer': 0.1, 'use_m1_confirmation': False, 'session': 'ny', 'adx_min': 18.0, 'momentum_rr': 1.9, 'use_atr_expansion': False, 'body_mult': 2.0, 'max_wick_pct': 0.4, 'momentum_sl_atr_mult': 1.0, 'session_hours_utc': None, 'close_extreme_pct': None, 'ema_extension_atr_max': None, 'use_m15_ema_trend': False, 'use_m15_ema200_filter': False, 'momentum_atr_percentile_min': 45.0, 'momentum_atr_percentile_max': None, 'session_ranges_utc_minutes': ((780, 870),), 'entry_mode': 'next_m5'}",21.809157662968317,0.17056513824884748,0.09310808662175638,False
sensitivity,XAUUSDm,sens_thai_1930_21_rr1.7_body1.8_wick0.4_atrMin35,97,46.391752577319586,1.1517953420844051,1.798014987261904,-1.9233260302783617,1.853623698208227,0.07414494792832908,0.19715447154471544,-98.70138615612194,17,10,58.82352941176471,192.0623428919812,6,"{'strategy': 'momentum', 'variant': 'sens_thai_1930_21_rr1.7_body1.8_wick0.4_atrMin35', 'initial_balance': 10000.0, 'risk_pct': 0.0025, 'fee_rate': 0.0001, 'spread_atr_mult': 0.03, 'slippage_min_spread': 0.3, 'slippage_max_spread': 1.0, 'max_trades_per_day': 3, 'daily_loss_limit_pct': 0.03, 'max_hold_minutes': 720, 'seed': 42, 'sweep_lookback': 20, 'wick_body_min': 1.5, 'atr_percentile_min': 30.0, 'sweep_rr': 2.0, 'sl_atr_buffer': 0.1, 'use_m1_confirmation': False, 'session': 'ny', 'adx_min': 18.0, 'momentum_rr': 1.7, 'use_atr_expansion': False, 'body_mult': 1.8, 'max_wick_pct': 0.4, 'momentum_sl_atr_mult': 1.0, 'session_hours_utc': None, 'close_extreme_pct': None, 'ema_extension_atr_max': None, 'use_m15_ema_trend': False, 'use_m15_ema200_filter': False, 'momentum_atr_percentile_min': 35.0, 'momentum_atr_percentile_max': None, 'session_ranges_utc_minutes': ((750, 840),), 'entry_mode': 'next_m5'}",21.073765100340772,0.16039731958762846,0.08653175924685994,False
sensitivity,XAUUSDm,sens_thai_1930_21_rr1.7_body1.8_wick0.4_atrMin40,97,46.391752577319586,1.1517953420844051,1.798014987261904,-1.9233260302783617,1.853623698208227,0.07414494792832908,0.19715447154471544,-98.70138615612194,17,10,58.82352941176471,192.0623428919812,6,"{'strategy': 'momentum', 'variant': 'sens_thai_1930_21_rr1.7_body1.8_wick0.4_atrMin40', 'initial_balance': 10000.0, 'risk_pct': 0.0025, 'fee_rate': 0.0001, 'spread_atr_mult': 0.03, 'slippage_min_spread': 0.3, 'slippage_max_spread': 1.0, 'max_trades_per_day': 3, 'daily_loss_limit_pct': 0.03, 'max_hold_minutes': 720, 'seed': 42, 'sweep_lookback': 20, 'wick_body_min': 1.5, 'atr_percentile_min': 30.0, 'sweep_rr': 2.0, 'sl_atr_buffer': 0.1, 'use_m1_confirmation': False, 'session': 'ny', 'adx_min': 18.0, 'momentum_rr': 1.7, 'use_atr_expansion': False, 'body_mult': 1.8, 'max_wick_pct': 0.4, 'momentum_sl_atr_mult': 1.0, 'session_hours_utc': None, 'close_extreme_pct': None, 'ema_extension_atr_max': None, 'use_m15_ema_trend': False, 'use_m15_ema200_filter': False, 'momentum_atr_percentile_min': 40.0, 'momentum_atr_percentile_max': None, 'session_ranges_utc_minutes': ((750, 840),), 'entry_mode': 'next_m5'}",21.073765100340772,0.16039731958762846,0.08653175924685994,False
sensitivity,XAUUSDm,sens_thai_1930_21_rr1.8_body2.2_wick0.35_atrMin45,83,45.78313253012048,1.151737385318822,1.5343484605514823,-2.1672215996340767,1.8486126030740075,0.07394450412296028,0.16869918699186992,-91.8620569558826,17,10,58.82352941176471,177.79667190334524,5,"{'strategy': 'momentum', 'variant': 'sens_thai_1930_21_rr1.8_body2.2_wick0.35_atrMin45', 'initial_balance': 10000.0, 'risk_pct': 0.0025, 'fee_rate': 0.0001, 'spread_atr_mult': 0.03, 'slippage_min_spread': 0.3, 'slippage_max_spread': 1.0, 'max_trades_per_day': 3, 'daily_loss_limit_pct': 0.03, 'max_hold_minutes': 720, 'seed': 42, 'sweep_lookback': 20, 'wick_body_min': 1.5, 'atr_percentile_min': 30.0, 'sweep_rr': 2.0, 'sl_atr_buffer': 0.1, 'use_m1_confirmation': False, 'session': 'ny', 'adx_min': 18.0, 'momentum_rr': 1.8, 'use_atr_expansion': False, 'body_mult': 2.2, 'max_wick_pct': 0.35, 'momentum_sl_atr_mult': 1.0, 'session_hours_utc': None, 'close_extreme_pct': None, 'ema_extension_atr_max': None, 'use_m15_ema_trend': False, 'use_m15_ema200_filter': False, 'momentum_atr_percentile_min': 45.0, 'momentum_atr_percentile_max': None, 'session_ranges_utc_minutes': ((750, 840),), 'entry_mode': 'next_m5'}",21.587864972879206,0.1617178657487089,0.08748066819397024,False
sensitivity,XAUUSDm,sens_thai_1930_21_rr1.8_body2.2_wick0.35_atrMin35,83,45.78313253012048,1.1515440900977771,1.532463860609805,-2.1672215996340767,1.8463420007346436,0.07385368002938572,0.16869918699186992,-91.8620569558826,17,10,58.82352941176471,177.79667190334524,5,"{'strategy': 'momentum', 'variant': 'sens_thai_1930_21_rr1.8_body2.2_wick0.35_atrMin35', 'initial_balance': 10000.0, 'risk_pct': 0.0025, 'fee_rate': 0.0001, 'spread_atr_mult': 0.03, 'slippage_min_spread': 0.3, 'slippage_max_spread': 1.0, 'max_trades_per_day': 3, 'daily_loss_limit_pct': 0.03, 'max_hold_minutes': 720, 'seed': 42, 'sweep_lookback': 20, 'wick_body_min': 1.5, 'atr_percentile_min': 30.0, 'sweep_rr': 2.0, 'sl_atr_buffer': 0.1, 'use_m1_confirmation': False, 'session': 'ny', 'adx_min': 18.0, 'momentum_rr': 1.8, 'use_atr_expansion': False, 'body_mult': 2.2, 'max_wick_pct': 0.35, 'momentum_sl_atr_mult': 1.0, 'session_hours_utc': None, 'close_extreme_pct': None, 'ema_extension_atr_max': None, 'use_m15_ema_trend': False, 'use_m15_ema200_filter': False, 'momentum_atr_percentile_min': 35.0, 'momentum_atr_percentile_max': None, 'session_ranges_utc_minutes': ((750, 840),), 'entry_mode': 'next_m5'}",21.57158824113492,0.1612966781411357,0.08736013050505116,False
sensitivity,XAUUSDm,sens_thai_1930_21_rr1.8_body2.2_wick0.35_atrMin40,83,45.78313253012048,1.1515440900977771,1.532463860609805,-2.1672215996340767,1.8463420007346436,0.07385368002938572,0.16869918699186992,-91.8620569558826,17,10,58.82352941176471,177.79667190334524,5,"{'strategy': 'momentum', 'variant': 'sens_thai_1930_21_rr1.8_body2.2_wick0.35_atrMin40', 'initial_balance': 10000.0, 'risk_pct': 0.0025, 'fee_rate': 0.0001, 'spread_atr_mult': 0.03, 'slippage_min_spread': 0.3, 'slippage_max_spread': 1.0, 'max_trades_per_day': 3, 'daily_loss_limit_pct': 0.03, 'max_hold_minutes': 720, 'seed': 42, 'sweep_lookback': 20, 'wick_body_min': 1.5, 'atr_percentile_min': 30.0, 'sweep_rr': 2.0, 'sl_atr_buffer': 0.1, 'use_m1_confirmation': False, 'session': 'ny', 'adx_min': 18.0, 'momentum_rr': 1.8, 'use_atr_expansion': False, 'body_mult': 2.2, 'max_wick_pct': 0.35, 'momentum_sl_atr_mult': 1.0, 'session_hours_utc': None, 'close_extreme_pct': None, 'ema_extension_atr_max': None, 'use_m15_ema_trend': False, 'use_m15_ema200_filter': False, 'momentum_atr_percentile_min': 40.0, 'momentum_atr_percentile_max': None, 'session_ranges_utc_minutes': ((750, 840),), 'entry_mode': 'next_m5'}",21.57158824113492,0.1612966781411357,0.08736013050505116,False
sensitivity,XAUUSDm,sens_thai_1930_21_rr1.6_body1.8_wick0.35_atrMin50,92,47.82608695652174,1.150365366851139,1.6382723678720141,-1.6178087034994344,1.780730834643504,0.07122923338574018,0.18699186991869918,-98.69639946442359,17,11,64.70588235294117,192.9892427761455,6,"{'strategy': 'momentum', 'variant': 'sens_thai_1930_21_rr1.6_body1.8_wick0.35_atrMin50', 'initial_balance': 10000.0, 'risk_pct': 0.0025, 'fee_rate': 0.0001, 'spread_atr_mult': 0.03, 'slippage_min_spread': 0.3, 'slippage_max_spread': 1.0, 'max_trades_per_day': 3, 'daily_loss_limit_pct': 0.03, 'max_hold_minutes': 720, 'seed': 42, 'sweep_lookback': 20, 'wick_body_min': 1.5, 'atr_percentile_min': 30.0, 'sweep_rr': 2.0, 'sl_atr_buffer': 0.1, 'use_m1_confirmation': False, 'session': 'ny', 'adx_min': 18.0, 'momentum_rr': 1.6, 'use_atr_expansion': False, 'body_mult': 1.8, 'max_wick_pct': 0.35, 'momentum_sl_atr_mult': 1.0, 'session_hours_utc': None, 'close_extreme_pct': None, 'ema_extension_atr_max': None, 'use_m15_ema_trend': False, 'use_m15_ema200_filter': False, 'momentum_atr_percentile_min': 50.0, 'momentum_atr_percentile_max': None, 'session_ranges_utc_minutes': ((750, 840),), 'entry_mode': 'next_m5'}",21.248587166812957,0.1614334937888194,0.09065575248554499,False
sensitivity,XAUUSDm,sens_thai_1930_21_rr1.7_body1.8_wick0.35_atrMin50,92,46.73913043478261,1.1490046221414796,1.6632298678719053,-2.0634109030698857,1.8078585520347752,0.07231434208139101,0.18699186991869918,-98.69639946442359,17,10,58.82352941176471,207.989742776145,6,"{'strategy': 'momentum', 'variant': 'sens_thai_1930_21_rr1.7_body1.8_wick0.35_atrMin50', 'initial_balance': 10000.0, 'risk_pct': 0.0025, 'fee_rate': 0.0001, 'spread_atr_mult': 0.03, 'slippage_min_spread': 0.3, 'slippage_max_spread': 1.0, 'max_trades_per_day': 3, 'daily_loss_limit_pct': 0.03, 'max_hold_minutes': 720, 'seed': 42, 'sweep_lookback': 20, 'wick_body_min': 1.5, 'atr_percentile_min': 30.0, 'sweep_rr': 2.0, 'sl_atr_buffer': 0.1, 'use_m1_confirmation': False, 'session': 'ny', 'adx_min': 18.0, 'momentum_rr': 1.7, 'use_atr_expansion': False, 'body_mult': 1.8, 'max_wick_pct': 0.35, 'momentum_sl_atr_mult': 1.0, 'session_hours_utc': None, 'close_extreme_pct': None, 'ema_extension_atr_max': None, 'use_m15_ema_trend': False, 'use_m15_ema200_filter': False, 'momentum_atr_percentile_min': 50.0, 'momentum_atr_percentile_max': None, 'session_ranges_utc_minutes': ((750, 840),), 'entry_mode': 'next_m5'}",21.248587166812957,0.1614334937888194,0.08929542281232307,False
sensitivity,XAUUSDm,sens_thai_1930_21_rr1.6_body1.8_wick0.45_atrMin45,100,47.0,1.1487898571923503,1.7751182903018345,-1.4205112692476796,1.775118290301832,0.07100473161207328,0.2032520325203252,-98.70138615612194,17,11,64.70588235294117,177.06184289198097,6,"{'strategy': 'momentum', 'variant': 'sens_thai_1930_21_rr1.6_body1.8_wick0.45_atrMin45', 'initial_balance': 10000.0, 'risk_pct': 0.0025, 'fee_rate': 0.0001, 'spread_atr_mult': 0.03, 'slippage_min_spread': 0.3, 'slippage_max_spread': 1.0, 'max_trades_per_day': 3, 'daily_loss_limit_pct': 0.03, 'max_hold_minutes': 720, 'seed': 42, 'sweep_lookback': 20, 'wick_body_min': 1.5, 'atr_percentile_min': 30.0, 'sweep_rr': 2.0, 'sl_atr_buffer': 0.1, 'use_m1_confirmation': False, 'session': 'ny', 'adx_min': 18.0, 'momentum_rr': 1.6, 'use_atr_expansion': False, 'body_mult': 1.8, 'max_wick_pct': 0.45, 'momentum_sl_atr_mult': 1.0, 'session_hours_utc': None, 'close_extreme_pct': None, 'ema_extension_atr_max': None, 'use_m15_ema_trend': False, 'use_m15_ema200_filter': False, 'momentum_atr_percentile_min': 45.0, 'momentum_atr_percentile_max': None, 'session_ranges_utc_minutes': ((750, 840),), 'entry_mode': 'next_m5'}",21.027400698892155,0.1603339071428568,0.09032294243083622,False
sensitivity,XAUUSDm,sens_thai_1930_21_rr1.6_body1.8_wick0.45_atrMin35,100,47.0,1.1486263670240102,1.773236408254961,-1.4219206605077,1.773236408254944,0.07092945633019776,0.2032520325203252,-98.70138615612194,17,11,64.70588235294117,177.06184289198097,6,"{'strategy': 'momentum', 'variant': 'sens_thai_1930_21_rr1.6_body1.8_wick0.45_atrMin35', 'initial_balance': 10000.0, 'risk_pct': 0.0025, 'fee_rate': 0.0001, 'spread_atr_mult': 0.03, 'slippage_min_spread': 0.3, 'slippage_max_spread': 1.0, 'max_trades_per_day': 3, 'daily_loss_limit_pct': 0.03, 'max_hold_minutes': 720, 'seed': 42, 'sweep_lookback': 20, 'wick_body_min': 1.5, 'atr_percentile_min': 30.0, 'sweep_rr': 2.0, 'sl_atr_buffer': 0.1, 'use_m1_confirmation': False, 'session': 'ny', 'adx_min': 18.0, 'momentum_rr': 1.6, 'use_atr_expansion': False, 'body_mult': 1.8, 'max_wick_pct': 0.45, 'momentum_sl_atr_mult': 1.0, 'session_hours_utc': None, 'close_extreme_pct': None, 'ema_extension_atr_max': None, 'use_m15_ema_trend': False, 'use_m15_ema200_filter': False, 'momentum_atr_percentile_min': 35.0, 'momentum_atr_percentile_max': None, 'session_ranges_utc_minutes': ((750, 840),), 'entry_mode': 'next_m5'}",21.013799740793583,0.15998432142857108,0.09022165385494928,False
sensitivity,XAUUSDm,sens_thai_1930_21_rr1.6_body1.8_wick0.45_atrMin40,100,47.0,1.1486263670240102,1.773236408254961,-1.4219206605077,1.773236408254944,0.07092945633019776,0.2032520325203252,-98.70138615612194,17,11,64.70588235294117,177.06184289198097,6,"{'strategy': 'momentum', 'variant': 'sens_thai_1930_21_rr1.6_body1.8_wick0.45_atrMin40', 'initial_balance': 10000.0, 'risk_pct': 0.0025, 'fee_rate': 0.0001, 'spread_atr_mult': 0.03, 'slippage_min_spread': 0.3, 'slippage_max_spread': 1.0, 'max_trades_per_day': 3, 'daily_loss_limit_pct': 0.03, 'max_hold_minutes': 720, 'seed': 42, 'sweep_lookback': 20, 'wick_body_min': 1.5, 'atr_percentile_min': 30.0, 'sweep_rr': 2.0, 'sl_atr_buffer': 0.1, 'use_m1_confirmation': False, 'session': 'ny', 'adx_min': 18.0, 'momentum_rr': 1.6, 'use_atr_expansion': False, 'body_mult': 1.8, 'max_wick_pct': 0.45, 'momentum_sl_atr_mult': 1.0, 'session_hours_utc': None, 'close_extreme_pct': None, 'ema_extension_atr_max': None, 'use_m15_ema_trend': False, 'use_m15_ema200_filter': False, 'momentum_atr_percentile_min': 40.0, 'momentum_atr_percentile_max': None, 'session_ranges_utc_minutes': ((750, 840),), 'entry_mode': 'next_m5'}",21.013799740793583,0.15998432142857108,0.09022165385494928,False
sensitivity,XAUUSDm,sens_thai_1930_21_rr1.8_body1.8_wick0.4_atrMin50,94,45.744680851063826,1.1480760304442459,1.7142840801637065,-1.8640985936808983,1.8237064682592772,0.0729482587303711,0.1910569105691057,-98.69639946442359,17,10,58.82352941176471,186.62385804871593,6,"{'strategy': 'momentum', 'variant': 'sens_thai_1930_21_rr1.8_body1.8_wick0.4_atrMin50', 'initial_balance': 10000.0, 'risk_pct': 0.0025, 'fee_rate': 0.0001, 'spread_atr_mult': 0.03, 'slippage_min_spread': 0.3, 'slippage_max_spread': 1.0, 'max_trades_per_day': 3, 'daily_loss_limit_pct': 0.03, 'max_hold_minutes': 720, 'seed': 42, 'sweep_lookback': 20, 'wick_body_min': 1.5, 'atr_percentile_min': 30.0, 'sweep_rr': 2.0, 'sl_atr_buffer': 0.1, 'use_m1_confirmation': False, 'session': 'ny', 'adx_min': 18.0, 'momentum_rr': 1.8, 'use_atr_expansion': False, 'body_mult': 1.8, 'max_wick_pct': 0.4, 'momentum_sl_atr_mult': 1.0, 'session_hours_utc': None, 'close_extreme_pct': None, 'ema_extension_atr_max': None, 'use_m15_ema_trend': False, 'use_m15_ema200_filter': False, 'momentum_atr_percentile_min': 50.0, 'momentum_atr_percentile_max': None, 'session_ranges_utc_minutes': ((750, 840),), 'entry_mode': 'next_m5'}",21.2866753321706,0.16112701367781113,0.08835139671989342,False
sensitivity,XAUUSDm,sens_thai_1930_21_rr1.7_body1.8_wick0.45_atrMin50,97,46.391752577319586,1.1397485350670642,1.6314015811824174,-1.9825614629080195,1.681857300188104,0.06727429200752412,0.19715447154471544,-98.69639946442359,17,10,58.82352941176471,192.12138664466423,6,"{'strategy': 'momentum', 'variant': 'sens_thai_1930_21_rr1.7_body1.8_wick0.45_atrMin50', 'initial_balance': 10000.0, 'risk_pct': 0.0025, 'fee_rate': 0.0001, 'spread_atr_mult': 0.03, 'slippage_min_spread': 0.3, 'slippage_max_spread': 1.0, 'max_trades_per_day': 3, 'daily_loss_limit_pct': 0.03, 'max_hold_minutes': 720, 'seed': 42, 'sweep_lookback': 20, 'wick_body_min': 1.5, 'atr_percentile_min': 30.0, 'sweep_rr': 2.0, 'sl_atr_buffer': 0.1, 'use_m1_confirmation': False, 'session': 'ny', 'adx_min': 18.0, 'momentum_rr': 1.7, 'use_atr_expansion': False, 'body_mult': 1.8, 'max_wick_pct': 0.45, 'momentum_sl_atr_mult': 1.0, 'session_hours_utc': None, 'close_extreme_pct': None, 'ema_extension_atr_max': None, 'use_m15_ema_trend': False, 'use_m15_ema200_filter': False, 'momentum_atr_percentile_min': 50.0, 'momentum_atr_percentile_max': None, 'session_ranges_utc_minutes': ((750, 840),), 'entry_mode': 'next_m5'}",21.219599854718915,0.16067867452135456,0.09553644920016922,False
sensitivity,XAUUSDm,sens_thai_1930_21_rr1.6_body1.8_wick0.45_atrMin50,97,47.42268041237113,1.1386397165537134,1.5814415811824438,-1.734754347568136,1.6303521455489483,0.0652140858219579,0.19715447154471544,-98.69639946442359,17,11,64.70588235294117,177.12088664466444,6,"{'strategy': 'momentum', 'variant': 'sens_thai_1930_21_rr1.6_body1.8_wick0.45_atrMin50', 'initial_balance': 10000.0, 'risk_pct': 0.0025, 'fee_rate': 0.0001, 'spread_atr_mult': 0.03, 'slippage_min_spread': 0.3, 'slippage_max_spread': 1.0, 'max_trades_per_day': 3, 'daily_loss_limit_pct': 0.03, 'max_hold_minutes': 720, 'seed': 42, 'sweep_lookback': 20, 'wick_body_min': 1.5, 'atr_percentile_min': 30.0, 'sweep_rr': 2.0, 'sl_atr_buffer': 0.1, 'use_m1_confirmation': False, 'session': 'ny', 'adx_min': 18.0, 'momentum_rr': 1.6, 'use_atr_expansion': False, 'body_mult': 1.8, 'max_wick_pct': 0.45, 'momentum_sl_atr_mult': 1.0, 'session_hours_utc': None, 'close_extreme_pct': None, 'ema_extension_atr_max': None, 'use_m15_ema_trend': False, 'use_m15_ema200_filter': False, 'momentum_atr_percentile_min': 50.0, 'momentum_atr_percentile_max': None, 'session_ranges_utc_minutes': ((750, 840),), 'entry_mode': 'next_m5'}",21.219599854718915,0.16067867452135456,0.09855458218644733,False
sensitivity,XAUUSDm,sens_thai_1930_21_rr1.9_body1.8_wick0.4_atrMin50,94,44.680851063829785,1.138508020735641,1.6392365801636877,-2.383462549362562,1.7438687023018182,0.06975474809207273,0.1910569105691057,-98.69639946442359,17,10,58.82352941176471,199.1246080487165,6,"{'strategy': 'momentum', 'variant': 'sens_thai_1930_21_rr1.9_body1.8_wick0.4_atrMin50', 'initial_balance': 10000.0, 'risk_pct': 0.0025, 'fee_rate': 0.0001, 'spread_atr_mult': 0.03, 'slippage_min_spread': 0.3, 'slippage_max_spread': 1.0, 'max_trades_per_day': 3, 'daily_loss_limit_pct': 0.03, 'max_hold_minutes': 720, 'seed': 42, 'sweep_lookback': 20, 'wick_body_min': 1.5, 'atr_percentile_min': 30.0, 'sweep_rr': 2.0, 'sl_atr_buffer': 0.1, 'use_m1_confirmation': False, 'session': 'ny', 'adx_min': 18.0, 'momentum_rr': 1.9, 'use_atr_expansion': False, 'body_mult': 1.8, 'max_wick_pct': 0.4, 'momentum_sl_atr_mult': 1.0, 'session_hours_utc': None, 'close_extreme_pct': None, 'ema_extension_atr_max': None, 'use_m15_ema_trend': False, 'use_m15_ema200_filter': False, 'momentum_atr_percentile_min': 50.0, 'momentum_atr_percentile_max': None, 'session_ranges_utc_minutes': ((750, 840),), 'entry_mode': 'next_m5'}",21.2866753321706,0.16112701367781113,0.09239629879539189,False
sensitivity,XAUUSDm,sens_thai_1930_21_rr1.8_body1.8_wick0.4_atrMin45,97,45.36082474226804,1.133768443105891,1.618752407897591,-1.6978927194667328,1.6688169153583963,0.06675267661433587,0.19715447154471544,-98.70138615612194,17,9,52.94117647058824,186.45314675085842,6,"{'strategy': 'momentum', 'variant': 'sens_thai_1930_21_rr1.8_body1.8_wick0.4_atrMin45', 'initial_balance': 10000.0, 'risk_pct': 0.0025, 'fee_rate': 0.0001, 'spread_atr_mult': 0.03, 'slippage_min_spread': 0.3, 'slippage_max_spread': 1.0, 'max_trades_per_day': 3, 'daily_loss_limit_pct': 0.03, 'max_hold_minutes': 720, 'seed': 42, 'sweep_lookback': 20, 'wick_body_min': 1.5, 'atr_percentile_min': 30.0, 'sweep_rr': 2.0, 'sl_atr_buffer': 0.1, 'use_m1_confirmation': False, 'session': 'ny', 'adx_min': 18.0, 'momentum_rr': 1.8, 'use_atr_expansion': False, 'body_mult': 1.8, 'max_wick_pct': 0.4, 'momentum_sl_atr_mult': 1.0, 'session_hours_utc': None, 'close_extreme_pct': None, 'ema_extension_atr_max': None, 'use_m15_ema_trend': False, 'use_m15_ema200_filter': False, 'momentum_atr_percentile_min': 45.0, 'momentum_atr_percentile_max': None, 'session_ranges_utc_minutes': ((750, 840),), 'entry_mode': 'next_m5'}",21.08778670662796,0.16075771723122198,0.09633034981353694,False
sensitivity,XAUUSDm,sens_thai_1930_21_rr1.8_body1.8_wick0.4_atrMin35,97,45.36082474226804,1.1336078332171653,1.6168705258507,-1.6993007133203328,1.6668768307739712,0.06667507323095888,0.19715447154471544,-98.70138615612194,17,9,52.94117647058824,186.45314675085842,6,"{'strategy': 'momentum', 'variant': 'sens_thai_1930_21_rr1.8_body1.8_wick0.4_atrMin35', 'initial_balance': 10000.0, 'risk_pct': 0.0025, 'fee_rate': 0.0001, 'spread_atr_mult': 0.03, 'slippage_min_spread': 0.3, 'slippage_max_spread': 1.0, 'max_trades_per_day': 3, 'daily_loss_limit_pct': 0.03, 'max_hold_minutes': 720, 'seed': 42, 'sweep_lookback': 20, 'wick_body_min': 1.5, 'atr_percentile_min': 30.0, 'sweep_rr': 2.0, 'sl_atr_buffer': 0.1, 'use_m1_confirmation': False, 'session': 'ny', 'adx_min': 18.0, 'momentum_rr': 1.8, 'use_atr_expansion': False, 'body_mult': 1.8, 'max_wick_pct': 0.4, 'momentum_sl_atr_mult': 1.0, 'session_hours_utc': None, 'close_extreme_pct': None, 'ema_extension_atr_max': None, 'use_m15_ema_trend': False, 'use_m15_ema200_filter': False, 'momentum_atr_percentile_min': 35.0, 'momentum_atr_percentile_max': None, 'session_ranges_utc_minutes': ((750, 840),), 'entry_mode': 'next_m5'}",21.073765100340772,0.16039731958762846,0.09622625776923907,False
sensitivity,XAUUSDm,sens_thai_1930_21_rr1.8_body1.8_wick0.4_atrMin40,97,45.36082474226804,1.1336078332171653,1.6168705258507,-1.6993007133203328,1.6668768307739712,0.06667507323095888,0.19715447154471544,-98.70138615612194,17,9,52.94117647058824,186.45314675085842,6,"{'strategy': 'momentum', 'variant': 'sens_thai_1930_21_rr1.8_body1.8_wick0.4_atrMin40', 'initial_balance': 10000.0, 'risk_pct': 0.0025, 'fee_rate': 0.0001, 'spread_atr_mult': 0.03, 'slippage_min_spread': 0.3, 'slippage_max_spread': 1.0, 'max_trades_per_day': 3, 'daily_loss_limit_pct': 0.03, 'max_hold_minutes': 720, 'seed': 42, 'sweep_lookback': 20, 'wick_body_min': 1.5, 'atr_percentile_min': 30.0, 'sweep_rr': 2.0, 'sl_atr_buffer': 0.1, 'use_m1_confirmation': False, 'session': 'ny', 'adx_min': 18.0, 'momentum_rr': 1.8, 'use_atr_expansion': False, 'body_mult': 1.8, 'max_wick_pct': 0.4, 'momentum_sl_atr_mult': 1.0, 'session_hours_utc': None, 'close_extreme_pct': None, 'ema_extension_atr_max': None, 'use_m15_ema_trend': False, 'use_m15_ema200_filter': False, 'momentum_atr_percentile_min': 40.0, 'momentum_atr_percentile_max': None, 'session_ranges_utc_minutes': ((750, 840),), 'entry_mode': 'next_m5'}",21.073765100340772,0.16039731958762846,0.09622625776923907,False
sensitivity,XAUUSDm,sens_thai_1930_21_rr1.7_body1.8_wick0.35_atrMin45,95,46.31578947368421,1.1324744721123081,1.548270865888626,-1.9219173380680952,1.629758806198451,0.06519035224793804,0.19308943089430894,-98.70138615612194,17,10,58.82352941176471,207.92764791597713,6,"{'strategy': 'momentum', 'variant': 'sens_thai_1930_21_rr1.7_body1.8_wick0.35_atrMin45', 'initial_balance': 10000.0, 'risk_pct': 0.0025, 'fee_rate': 0.0001, 'spread_atr_mult': 0.03, 'slippage_min_spread': 0.3, 'slippage_max_spread': 1.0, 'max_trades_per_day': 3, 'daily_loss_limit_pct': 0.03, 'max_hold_minutes': 720, 'seed': 42, 'sweep_lookback': 20, 'wick_body_min': 1.5, 'atr_percentile_min': 30.0, 'sweep_rr': 2.0, 'sl_atr_buffer': 0.1, 'use_m1_confirmation': False, 'session': 'ny', 'adx_min': 18.0, 'momentum_rr': 1.7, 'use_atr_expansion': False, 'body_mult': 1.8, 'max_wick_pct': 0.35, 'momentum_sl_atr_mult': 1.0, 'session_hours_utc': None, 'close_extreme_pct': None, 'ema_extension_atr_max': None, 'use_m15_ema_trend': False, 'use_m15_ema200_filter': False, 'momentum_atr_percentile_min': 45.0, 'momentum_atr_percentile_max': None, 'session_ranges_utc_minutes': ((750, 840),), 'entry_mode': 'next_m5'}",21.0494010575231,0.16104674436090186,0.09881630566952229,False
sensitivity,XAUUSDm,sens_thai_1930_21_rr1.7_body1.8_wick0.35_atrMin35,95,46.31578947368421,1.132308231190023,1.546389032292991,-1.9233260302783617,1.627777928729349,0.06511111714917396,0.19308943089430894,-98.70138615612194,17,10,58.82352941176471,207.92764791597713,6,"{'strategy': 'momentum', 'variant': 'sens_thai_1930_21_rr1.7_body1.8_wick0.35_atrMin35', 'initial_balance': 10000.0, 'risk_pct': 0.0025, 'fee_rate': 0.0001, 'spread_atr_mult': 0.03, 'slippage_min_spread': 0.3, 'slippage_max_spread': 1.0, 'max_trades_per_day': 3, 'daily_loss_limit_pct': 0.03, 'max_hold_minutes': 720, 'seed': 42, 'sweep_lookback': 20, 'wick_body_min': 1.5, 'atr_percentile_min': 30.0, 'sweep_rr': 2.0, 'sl_atr_buffer': 0.1, 'use_m1_confirmation': False, 'session': 'ny', 'adx_min': 18.0, 'momentum_rr': 1.7, 'use_atr_expansion': False, 'body_mult': 1.8, 'max_wick_pct': 0.35, 'momentum_sl_atr_mult': 1.0, 'session_hours_utc': None, 'close_extreme_pct': None, 'ema_extension_atr_max': None, 'use_m15_ema_trend': False, 'use_m15_ema200_filter': False, 'momentum_atr_percentile_min': 35.0, 'momentum_atr_percentile_max': None, 'session_ranges_utc_minutes': ((750, 840),), 'entry_mode': 'next_m5'}",21.035084928724523,0.16067875939849585,0.09871049150047292,False
sensitivity,XAUUSDm,sens_thai_1930_21_rr1.7_body1.8_wick0.35_atrMin40,95,46.31578947368421,1.132308231190023,1.546389032292991,-1.9233260302783617,1.627777928729349,0.06511111714917396,0.19308943089430894,-98.70138615612194,17,10,58.82352941176471,207.92764791597713,6,"{'strategy': 'momentum', 'variant': 'sens_thai_1930_21_rr1.7_body1.8_wick0.35_atrMin40', 'initial_balance': 10000.0, 'risk_pct': 0.0025, 'fee_rate': 0.0001, 'spread_atr_mult': 0.03, 'slippage_min_spread': 0.3, 'slippage_max_spread': 1.0, 'max_trades_per_day': 3, 'daily_loss_limit_pct': 0.03, 'max_hold_minutes': 720, 'seed': 42, 'sweep_lookback': 20, 'wick_body_min': 1.5, 'atr_percentile_min': 30.0, 'sweep_rr': 2.0, 'sl_atr_buffer': 0.1, 'use_m1_confirmation': False, 'session': 'ny', 'adx_min': 18.0, 'momentum_rr': 1.7, 'use_atr_expansion': False, 'body_mult': 1.8, 'max_wick_pct': 0.35, 'momentum_sl_atr_mult': 1.0, 'session_hours_utc': None, 'close_extreme_pct': None, 'ema_extension_atr_max': None, 'use_m15_ema_trend': False, 'use_m15_ema200_filter': False, 'momentum_atr_percentile_min': 40.0, 'momentum_atr_percentile_max': None, 'session_ranges_utc_minutes': ((750, 840),), 'entry_mode': 'next_m5'}",21.035084928724523,0.16067875939849585,0.09871049150047292,False
sensitivity,XAUUSDm,sens_thai_1930_21_rr1.6_body1.8_wick0.35_atrMin45,95,47.368421052631575,1.131196291273035,1.4983158658886169,-1.5010519741949104,1.5771745956721583,0.06308698382688627,0.19308943089430894,-98.70138615612194,17,10,58.82352941176471,192.92714791597666,6,"{'strategy': 'momentum', 'variant': 'sens_thai_1930_21_rr1.6_body1.8_wick0.35_atrMin45', 'initial_balance': 10000.0, 'risk_pct': 0.0025, 'fee_rate': 0.0001, 'spread_atr_mult': 0.03, 'slippage_min_spread': 0.3, 'slippage_max_spread': 1.0, 'max_trades_per_day': 3, 'daily_loss_limit_pct': 0.03, 'max_hold_minutes': 720, 'seed': 42, 'sweep_lookback': 20, 'wick_body_min': 1.5, 'atr_percentile_min': 30.0, 'sweep_rr': 2.0, 'sl_atr_buffer': 0.1, 'use_m1_confirmation': False, 'session': 'ny', 'adx_min': 18.0, 'momentum_rr': 1.6, 'use_atr_expansion': False, 'body_mult': 1.8, 'max_wick_pct': 0.35, 'momentum_sl_atr_mult': 1.0, 'session_hours_utc': None, 'close_extreme_pct': None, 'ema_extension_atr_max': None, 'use_m15_ema_trend': False, 'use_m15_ema200_filter': False, 'momentum_atr_percentile_min': 45.0, 'momentum_atr_percentile_max': None, 'session_ranges_utc_minutes': ((750, 840),), 'entry_mode': 'next_m5'}",21.0494010575231,0.16104674436090186,0.10211091708097617,False
sensitivity,XAUUSDm,sens_thai_1930_21_rr1.6_body1.8_wick0.35_atrMin35,95,47.368421052631575,1.131026217025412,1.496434032293,-1.5024613654549308,1.5751937182030689,0.06300774872812272,0.19308943089430894,-98.70138615612194,17,10,58.82352941176471,192.92714791597666,6,"{'strategy': 'momentum', 'variant': 'sens_thai_1930_21_rr1.6_body1.8_wick0.35_atrMin35', 'initial_balance': 10000.0, 'risk_pct': 0.0025, 'fee_rate': 0.0001, 'spread_atr_mult': 0.03, 'slippage_min_spread': 0.3, 'slippage_max_spread': 1.0, 'max_trades_per_day': 3, 'daily_loss_limit_pct': 0.03, 'max_hold_minutes': 720, 'seed': 42, 'sweep_lookback': 20, 'wick_body_min': 1.5, 'atr_percentile_min': 30.0, 'sweep_rr': 2.0, 'sl_atr_buffer': 0.1, 'use_m1_confirmation': False, 'session': 'ny', 'adx_min': 18.0, 'momentum_rr': 1.6, 'use_atr_expansion': False, 'body_mult': 1.8, 'max_wick_pct': 0.35, 'momentum_sl_atr_mult': 1.0, 'session_hours_utc': None, 'close_extreme_pct': None, 'ema_extension_atr_max': None, 'use_m15_ema_trend': False, 'use_m15_ema200_filter': False, 'momentum_atr_percentile_min': 35.0, 'momentum_atr_percentile_max': None, 'session_ranges_utc_minutes': ((750, 840),), 'entry_mode': 'next_m5'}",21.035084928724523,0.16067875939849585,0.10200571367297799,False
sensitivity,XAUUSDm,sens_thai_1930_21_rr1.6_body1.8_wick0.35_atrMin40,95,47.368421052631575,1.131026217025412,1.496434032293,-1.5024613654549308,1.5751937182030689,0.06300774872812272,0.19308943089430894,-98.70138615612194,17,10,58.82352941176471,192.92714791597666,6,"{'strategy': 'momentum', 'variant': 'sens_thai_1930_21_rr1.6_body1.8_wick0.35_atrMin40', 'initial_balance': 10000.0, 'risk_pct': 0.0025, 'fee_rate': 0.0001, 'spread_atr_mult': 0.03, 'slippage_min_spread': 0.3, 'slippage_max_spread': 1.0, 'max_trades_per_day': 3, 'daily_loss_limit_pct': 0.03, 'max_hold_minutes': 720, 'seed': 42, 'sweep_lookback': 20, 'wick_body_min': 1.5, 'atr_percentile_min': 30.0, 'sweep_rr': 2.0, 'sl_atr_buffer': 0.1, 'use_m1_confirmation': False, 'session': 'ny', 'adx_min': 18.0, 'momentum_rr': 1.6, 'use_atr_expansion': False, 'body_mult': 1.8, 'max_wick_pct': 0.35, 'momentum_sl_atr_mult': 1.0, 'session_hours_utc': None, 'close_extreme_pct': None, 'ema_extension_atr_max': None, 'use_m15_ema_trend': False, 'use_m15_ema200_filter': False, 'momentum_atr_percentile_min': 40.0, 'momentum_atr_percentile_max': None, 'session_ranges_utc_minutes': ((750, 840),), 'entry_mode': 'next_m5'}",21.035084928724523,0.16067875939849585,0.10200571367297799,False
sensitivity,XAUUSDm,sens_thai_1930_21_rr1.9_body1.8_wick0.4_atrMin45,97,44.329896907216494,1.1269272837251159,1.5687024078976355,-2.192568855962193,1.6172189772140997,0.064688759088564,0.19715447154471544,-98.70138615612194,17,9,52.94117647058824,198.95389675086068,6,"{'strategy': 'momentum', 'variant': 'sens_thai_1930_21_rr1.9_body1.8_wick0.4_atrMin45', 'initial_balance': 10000.0, 'risk_pct': 0.0025, 'fee_rate': 0.0001, 'spread_atr_mult': 0.03, 'slippage_min_spread': 0.3, 'slippage_max_spread': 1.0, 'max_trades_per_day': 3, 'daily_loss_limit_pct': 0.03, 'max_hold_minutes': 720, 'seed': 42, 'sweep_lookback': 20, 'wick_body_min': 1.5, 'atr_percentile_min': 30.0, 'sweep_rr': 2.0, 'sl_atr_buffer': 0.1, 'use_m1_confirmation': False, 'session': 'ny', 'adx_min': 18.0, 'momentum_rr': 1.9, 'use_atr_expansion': False, 'body_mult': 1.8, 'max_wick_pct': 0.4, 'momentum_sl_atr_mult': 1.0, 'session_hours_utc': None, 'close_extreme_pct': None, 'ema_extension_atr_max': None, 'use_m15_ema_trend': False, 'use_m15_ema200_filter': False, 'momentum_atr_percentile_min': 45.0, 'momentum_atr_percentile_max': None, 'session_ranges_utc_minutes': ((750, 840),), 'entry_mode': 'next_m5'}",21.08778670662796,0.16075771723122198,0.09940380337865627,False
sensitivity,XAUUSDm,sens_thai_1930_21_rr1.9_body1.8_wick0.4_atrMin35,97,44.329896907216494,1.1267702808831286,1.5668205258507442,-2.1939761521512016,1.6152788926296615,0.06461115570518647,0.19715447154471544,-98.70138615612194,17,9,52.94117647058824,198.95389675086068,6,"{'strategy': 'momentum', 'variant': 'sens_thai_1930_21_rr1.9_body1.8_wick0.4_atrMin35', 'initial_balance': 10000.0, 'risk_pct': 0.0025, 'fee_rate': 0.0001, 'spread_atr_mult': 0.03, 'slippage_min_spread': 0.3, 'slippage_max_spread': 1.0, 'max_trades_per_day': 3, 'daily_loss_limit_pct': 0.03, 'max_hold_minutes': 720, 'seed': 42, 'sweep_lookback': 20, 'wick_body_min': 1.5, 'atr_percentile_min': 30.0, 'sweep_rr': 2.0, 'sl_atr_buffer': 0.1, 'use_m1_confirmation': False, 'session': 'ny', 'adx_min': 18.0, 'momentum_rr': 1.9, 'use_atr_expansion': False, 'body_mult': 1.8, 'max_wick_pct': 0.4, 'momentum_sl_atr_mult': 1.0, 'session_hours_utc': None, 'close_extreme_pct': None, 'ema_extension_atr_max': None, 'use_m15_ema_trend': False, 'use_m15_ema200_filter': False, 'momentum_atr_percentile_min': 35.0, 'momentum_atr_percentile_max': None, 'session_ranges_utc_minutes': ((750, 840),), 'entry_mode': 'next_m5'}",21.073765100340772,0.16039731958762846,0.09930007772620791,False
sensitivity,XAUUSDm,sens_thai_1930_21_rr1.9_body1.8_wick0.4_atrMin40,97,44.329896907216494,1.1267702808831286,1.5668205258507442,-2.1939761521512016,1.6152788926296615,0.06461115570518647,0.19715447154471544,-98.70138615612194,17,9,52.94117647058824,198.95389675086068,6,"{'strategy': 'momentum', 'variant': 'sens_thai_1930_21_rr1.9_body1.8_wick0.4_atrMin40', 'initial_balance': 10000.0, 'risk_pct': 0.0025, 'fee_rate': 0.0001, 'spread_atr_mult': 0.03, 'slippage_min_spread': 0.3, 'slippage_max_spread': 1.0, 'max_trades_per_day': 3, 'daily_loss_limit_pct': 0.03, 'max_hold_minutes': 720, 'seed': 42, 'sweep_lookback': 20, 'wick_body_min': 1.5, 'atr_percentile_min': 30.0, 'sweep_rr': 2.0, 'sl_atr_buffer': 0.1, 'use_m1_confirmation': False, 'session': 'ny', 'adx_min': 18.0, 'momentum_rr': 1.9, 'use_atr_expansion': False, 'body_mult': 1.8, 'max_wick_pct': 0.4, 'momentum_sl_atr_mult': 1.0, 'session_hours_utc': None, 'close_extreme_pct': None, 'ema_extension_atr_max': None, 'use_m15_ema_trend': False, 'use_m15_ema200_filter': False, 'momentum_atr_percentile_min': 40.0, 'momentum_atr_percentile_max': None, 'session_ranges_utc_minutes': ((750, 840),), 'entry_mode': 'next_m5'}",21.073765100340772,0.16039731958762846,0.09930007772620791,False
sensitivity,XAUUSDm,sens_thai_1930_21_rr1.8_body1.8_wick0.35_atrMin50,92,45.65217391304348,1.1255115106424454,1.4332020819124591,-1.8640985936808983,1.557828349904887,0.06231313399619551,0.18699186991869918,-98.69639946442359,17,10,58.82352941176471,202.49221418019695,6,"{'strategy': 'momentum', 'variant': 'sens_thai_1930_21_rr1.8_body1.8_wick0.35_atrMin50', 'initial_balance': 10000.0, 'risk_pct': 0.0025, 'fee_rate': 0.0001, 'spread_atr_mult': 0.03, 'slippage_min_spread': 0.3, 'slippage_max_spread': 1.0, 'max_trades_per_day': 3, 'daily_loss_limit_pct': 0.03, 'max_hold_minutes': 720, 'seed': 42, 'sweep_lookback': 20, 'wick_body_min': 1.5, 'atr_percentile_min': 30.0, 'sweep_rr': 2.0, 'sl_atr_buffer': 0.1, 'use_m1_confirmation': False, 'session': 'ny', 'adx_min': 18.0, 'momentum_rr': 1.8, 'use_atr_expansion': False, 'body_mult': 1.8, 'max_wick_pct': 0.35, 'momentum_sl_atr_mult': 1.0, 'session_hours_utc': None, 'close_extreme_pct': None, 'ema_extension_atr_max': None, 'use_m15_ema_trend': False, 'use_m15_ema200_filter': False, 'momentum_atr_percentile_min': 50.0, 'momentum_atr_percentile_max': None, 'session_ranges_utc_minutes': ((750, 840),), 'entry_mode': 'next_m5'}",21.248587166812957,0.1614334937888194,0.10362726663606792,False
sensitivity,XAUUSDm,sens_thai_1930_21_rr1.7_body1.8_wick0.45_atrMin45,100,46.0,1.1239973099622724,1.5124290668890534,-1.8414165808366054,1.512429066889048,0.06049716267556191,0.2032520325203252,-98.70138615612194,17,10,58.82352941176471,192.0623428919812,6,"{'strategy': 'momentum', 'variant': 'sens_thai_1930_21_rr1.7_body1.8_wick0.45_atrMin45', 'initial_balance': 10000.0, 'risk_pct': 0.0025, 'fee_rate': 0.0001, 'spread_atr_mult': 0.03, 'slippage_min_spread': 0.3, 'slippage_max_spread': 1.0, 'max_trades_per_day': 3, 'daily_loss_limit_pct': 0.03, 'max_hold_minutes': 720, 'seed': 42, 'sweep_lookback': 20, 'wick_body_min': 1.5, 'atr_percentile_min': 30.0, 'sweep_rr': 2.0, 'sl_atr_buffer': 0.1, 'use_m1_confirmation': False, 'session': 'ny', 'adx_min': 18.0, 'momentum_rr': 1.7, 'use_atr_expansion': False, 'body_mult': 1.8, 'max_wick_pct': 0.45, 'momentum_sl_atr_mult': 1.0, 'session_hours_utc': None, 'close_extreme_pct': None, 'ema_extension_atr_max': None, 'use_m15_ema_trend': False, 'use_m15_ema200_filter': False, 'momentum_atr_percentile_min': 45.0, 'momentum_atr_percentile_max': None, 'session_ranges_utc_minutes': ((750, 840),), 'entry_mode': 'next_m5'}",21.027400698892155,0.1603339071428568,0.10601086070942255,False
sensitivity,XAUUSDm,sens_thai_1930_21_rr1.7_body1.8_wick0.45_atrMin35,100,46.0,1.1238383355318788,1.510547184842162,-1.842825273046872,1.5105471848421468,0.06042188739368588,0.2032520325203252,-98.70138615612194,17,10,58.82352941176471,192.0623428919812,6,"{'strategy': 'momentum', 'variant': 'sens_thai_1930_21_rr1.7_body1.8_wick0.45_atrMin35', 'initial_balance': 10000.0, 'risk_pct': 0.0025, 'fee_rate': 0.0001, 'spread_atr_mult': 0.03, 'slippage_min_spread': 0.3, 'slippage_max_spread': 1.0, 'max_trades_per_day': 3, 'daily_loss_limit_pct': 0.03, 'max_hold_minutes': 720, 'seed': 42, 'sweep_lookback': 20, 'wick_body_min': 1.5, 'atr_percentile_min': 30.0, 'sweep_rr': 2.0, 'sl_atr_buffer': 0.1, 'use_m1_confirmation': False, 'session': 'ny', 'adx_min': 18.0, 'momentum_rr': 1.7, 'use_atr_expansion': False, 'body_mult': 1.8, 'max_wick_pct': 0.45, 'momentum_sl_atr_mult': 1.0, 'session_hours_utc': None, 'close_extreme_pct': None, 'ema_extension_atr_max': None, 'use_m15_ema_trend': False, 'use_m15_ema200_filter': False, 'momentum_atr_percentile_min': 35.0, 'momentum_atr_percentile_max': None, 'session_ranges_utc_minutes': ((750, 840),), 'entry_mode': 'next_m5'}",21.013799740793583,0.15998432142857108,0.10591150215892764,False
sensitivity,XAUUSDm,sens_thai_1930_21_rr1.7_body1.8_wick0.45_atrMin40,100,46.0,1.1238383355318788,1.510547184842162,-1.842825273046872,1.5105471848421468,0.06042188739368588,0.2032520325203252,-98.70138615612194,17,10,58.82352941176471,192.0623428919812,6,"{'strategy': 'momentum', 'variant': 'sens_thai_1930_21_rr1.7_body1.8_wick0.45_atrMin40', 'initial_balance': 10000.0, 'risk_pct': 0.0025, 'fee_rate': 0.0001, 'spread_atr_mult': 0.03, 'slippage_min_spread': 0.3, 'slippage_max_spread': 1.0, 'max_trades_per_day': 3, 'daily_loss_limit_pct': 0.03, 'max_hold_minutes': 720, 'seed': 42, 'sweep_lookback': 20, 'wick_body_min': 1.5, 'atr_percentile_min': 30.0, 'sweep_rr': 2.0, 'sl_atr_buffer': 0.1, 'use_m1_confirmation': False, 'session': 'ny', 'adx_min': 18.0, 'momentum_rr': 1.7, 'use_atr_expansion': False, 'body_mult': 1.8, 'max_wick_pct': 0.45, 'momentum_sl_atr_mult': 1.0, 'session_hours_utc': None, 'close_extreme_pct': None, 'ema_extension_atr_max': None, 'use_m15_ema_trend': False, 'use_m15_ema200_filter': False, 'momentum_atr_percentile_min': 40.0, 'momentum_atr_percentile_max': None, 'session_ranges_utc_minutes': ((750, 840),), 'entry_mode': 'next_m5'}",21.013799740793583,0.15998432142857108,0.10591150215892764,False
sensitivity,XAUUSDm,sens_thai_20_2130_rr1.7_body2_wick0.4_atrMin50,93,46.236559139784944,1.12306038566793,1.3478744390252542,-2.3010842219608643,1.4493273537906055,0.05797309415162426,0.18902439024390244,-148.282845734229,17,10,58.82352941176471,165.22780607225963,7,"{'strategy': 'momentum', 'variant': 'sens_thai_20_2130_rr1.7_body2_wick0.4_atrMin50', 'initial_balance': 10000.0, 'risk_pct': 0.0025, 'fee_rate': 0.0001, 'spread_atr_mult': 0.03, 'slippage_min_spread': 0.3, 'slippage_max_spread': 1.0, 'max_trades_per_day': 3, 'daily_loss_limit_pct': 0.03, 'max_hold_minutes': 720, 'seed': 42, 'sweep_lookback': 20, 'wick_body_min': 1.5, 'atr_percentile_min': 30.0, 'sweep_rr': 2.0, 'sl_atr_buffer': 0.1, 'use_m1_confirmation': False, 'session': 'ny', 'adx_min': 18.0, 'momentum_rr': 1.7, 'use_atr_expansion': False, 'body_mult': 2.0, 'max_wick_pct': 0.4, 'momentum_sl_atr_mult': 1.0, 'session_hours_utc': None, 'close_extreme_pct': None, 'ema_extension_atr_max': None, 'use_m15_ema_trend': False, 'use_m15_ema200_filter': False, 'momentum_atr_percentile_min': 50.0, 'momentum_atr_percentile_max': None, 'session_ranges_utc_minutes': ((780, 870),), 'entry_mode': 'next_m5'}",21.858358753873787,0.17078135944700418,0.11783491079523098,False
sensitivity,XAUUSDm,sens_thai_20_2130_rr1.7_body2_wick0.4_atrMin35,93,46.236559139784944,1.1226223141180425,1.343600360031269,-2.3053218055904448,1.4447315699261023,0.05778926279704411,0.18902439024390244,-148.282845734229,17,10,58.82352941176471,165.22780607225963,7,"{'strategy': 'momentum', 'variant': 'sens_thai_20_2130_rr1.7_body2_wick0.4_atrMin35', 'initial_balance': 10000.0, 'risk_pct': 0.0025, 'fee_rate': 0.0001, 'spread_atr_mult': 0.03, 'slippage_min_spread': 0.3, 'slippage_max_spread': 1.0, 'max_trades_per_day': 3, 'daily_loss_limit_pct': 0.03, 'max_hold_minutes': 720, 'seed': 42, 'sweep_lookback': 20, 'wick_body_min': 1.5, 'atr_percentile_min': 30.0, 'sweep_rr': 2.0, 'sl_atr_buffer': 0.1, 'use_m1_confirmation': False, 'session': 'ny', 'adx_min': 18.0, 'momentum_rr': 1.7, 'use_atr_expansion': False, 'body_mult': 2.0, 'max_wick_pct': 0.4, 'momentum_sl_atr_mult': 1.0, 'session_hours_utc': None, 'close_extreme_pct': None, 'ema_extension_atr_max': None, 'use_m15_ema_trend': False, 'use_m15_ema200_filter': False, 'momentum_atr_percentile_min': 35.0, 'momentum_atr_percentile_max': None, 'session_ranges_utc_minutes': ((780, 870),), 'entry_mode': 'next_m5'}",21.809157662968317,0.17056513824884748,0.11806008936149423,False
sensitivity,XAUUSDm,sens_thai_20_2130_rr1.7_body2_wick0.4_atrMin40,93,46.236559139784944,1.1226223141180425,1.343600360031269,-2.3053218055904448,1.4447315699261023,0.05778926279704411,0.18902439024390244,-148.282845734229,17,10,58.82352941176471,165.22780607225963,7,"{'strategy': 'momentum', 'variant': 'sens_thai_20_2130_rr1.7_body2_wick0.4_atrMin40', 'initial_balance': 10000.0, 'risk_pct': 0.0025, 'fee_rate': 0.0001, 'spread_atr_mult': 0.03, 'slippage_min_spread': 0.3, 'slippage_max_spread': 1.0, 'max_trades_per_day': 3, 'daily_loss_limit_pct': 0.03, 'max_hold_minutes': 720, 'seed': 42, 'sweep_lookback': 20, 'wick_body_min': 1.5, 'atr_percentile_min': 30.0, 'sweep_rr': 2.0, 'sl_atr_buffer': 0.1, 'use_m1_confirmation': False, 'session': 'ny', 'adx_min': 18.0, 'momentum_rr': 1.7, 'use_atr_expansion': False, 'body_mult': 2.0, 'max_wick_pct': 0.4, 'momentum_sl_atr_mult': 1.0, 'session_hours_utc': None, 'close_extreme_pct': None, 'ema_extension_atr_max': None, 'use_m15_ema_trend': False, 'use_m15_ema200_filter': False, 'momentum_atr_percentile_min': 40.0, 'momentum_atr_percentile_max': None, 'session_ranges_utc_minutes': ((780, 870),), 'entry_mode': 'next_m5'}",21.809157662968317,0.17056513824884748,0.11806008936149423,False
sensitivity,XAUUSDm,sens_thai_20_2130_rr1.7_body2_wick0.4_atrMin45,93,46.236559139784944,1.1226223141180425,1.343600360031269,-2.3053218055904448,1.4447315699261023,0.05778926279704411,0.18902439024390244,-148.282845734229,17,10,58.82352941176471,165.22780607225963,7,"{'strategy': 'momentum', 'variant': 'sens_thai_20_2130_rr1.7_body2_wick0.4_atrMin45', 'initial_balance': 10000.0, 'risk_pct': 0.0025, 'fee_rate': 0.0001, 'spread_atr_mult': 0.03, 'slippage_min_spread': 0.3, 'slippage_max_spread': 1.0, 'max_trades_per_day': 3, 'daily_loss_limit_pct': 0.03, 'max_hold_minutes': 720, 'seed': 42, 'sweep_lookback': 20, 'wick_body_min': 1.5, 'atr_percentile_min': 30.0, 'sweep_rr': 2.0, 'sl_atr_buffer': 0.1, 'use_m1_confirmation': False, 'session': 'ny', 'adx_min': 18.0, 'momentum_rr': 1.7, 'use_atr_expansion': False, 'body_mult': 2.0, 'max_wick_pct': 0.4, 'momentum_sl_atr_mult': 1.0, 'session_hours_utc': None, 'close_extreme_pct': None, 'ema_extension_atr_max': None, 'use_m15_ema_trend': False, 'use_m15_ema200_filter': False, 'momentum_atr_percentile_min': 45.0, 'momentum_atr_percentile_max': None, 'session_ranges_utc_minutes': ((780, 870),), 'entry_mode': 'next_m5'}",21.809157662968317,0.17056513824884748,0.11806008936149423,False
sensitivity,XAUUSDm,sens_thai_20_2130_rr1.9_body2.2_wick0.4_atrMin50,84,44.047619047619044,1.1210817209441075,1.2236913826397178,-2.37318287989974,1.4567754555234895,0.05827101822093957,0.17073170731707318,-148.0410522418195,17,10,58.82352941176471,138.94467614722703,6,"{'strategy': 'momentum', 'variant': 'sens_thai_20_2130_rr1.9_body2.2_wick0.4_atrMin50', 'initial_balance': 10000.0, 'risk_pct': 0.0025, 'fee_rate': 0.0001, 'spread_atr_mult': 0.03, 'slippage_min_spread': 0.3, 'slippage_max_spread': 1.0, 'max_trades_per_day': 3, 'daily_loss_limit_pct': 0.03, 'max_hold_minutes': 720, 'seed': 42, 'sweep_lookback': 20, 'wick_body_min': 1.5, 'atr_percentile_min': 30.0, 'sweep_rr': 2.0, 'sl_atr_buffer': 0.1, 'use_m1_confirmation': False, 'session': 'ny', 'adx_min': 18.0, 'momentum_rr': 1.9, 'use_atr_expansion': False, 'body_mult': 2.2, 'max_wick_pct': 0.4, 'momentum_sl_atr_mult': 1.0, 'session_hours_utc': None, 'close_extreme_pct': None, 'ema_extension_atr_max': None, 'use_m15_ema_trend': False, 'use_m15_ema200_filter': False, 'momentum_atr_percentile_min': 50.0, 'momentum_atr_percentile_max': None, 'session_ranges_utc_minutes': ((780, 870),), 'entry_mode': 'next_m5'}",22.6374761389444,0.17557933673469364,0.1205260124811751,False
sensitivity,XAUUSDm,sens_thai_20_2130_rr1.9_body2.2_wick0.4_atrMin35,84,44.047619047619044,1.1206057374804053,1.2193986648320059,-2.3774365600564855,1.4516650771809751,0.05806660308723901,0.17073170731707318,-148.0410522418195,17,10,58.82352941176471,138.94467614722703,6,"{'strategy': 'momentum', 'variant': 'sens_thai_20_2130_rr1.9_body2.2_wick0.4_atrMin35', 'initial_balance': 10000.0, 'risk_pct': 0.0025, 'fee_rate': 0.0001, 'spread_atr_mult': 0.03, 'slippage_min_spread': 0.3, 'slippage_max_spread': 1.0, 'max_trades_per_day': 3, 'daily_loss_limit_pct': 0.03, 'max_hold_minutes': 720, 'seed': 42, 'sweep_lookback': 20, 'wick_body_min': 1.5, 'atr_percentile_min': 30.0, 'sweep_rr': 2.0, 'sl_atr_buffer': 0.1, 'use_m1_confirmation': False, 'session': 'ny', 'adx_min': 18.0, 'momentum_rr': 1.9, 'use_atr_expansion': False, 'body_mult': 2.2, 'max_wick_pct': 0.4, 'momentum_sl_atr_mult': 1.0, 'session_hours_utc': None, 'close_extreme_pct': None, 'ema_extension_atr_max': None, 'use_m15_ema_trend': False, 'use_m15_ema200_filter': False, 'momentum_atr_percentile_min': 35.0, 'momentum_atr_percentile_max': None, 'session_ranges_utc_minutes': ((780, 870),), 'entry_mode': 'next_m5'}",22.583085346187325,0.1753399489795916,0.12078540135448367,False
sensitivity,XAUUSDm,sens_thai_20_2130_rr1.9_body2.2_wick0.4_atrMin40,84,44.047619047619044,1.1206057374804053,1.2193986648320059,-2.3774365600564855,1.4516650771809751,0.05806660308723901,0.17073170731707318,-148.0410522418195,17,10,58.82352941176471,138.94467614722703,6,"{'strategy': 'momentum', 'variant': 'sens_thai_20_2130_rr1.9_body2.2_wick0.4_atrMin40', 'initial_balance': 10000.0, 'risk_pct': 0.0025, 'fee_rate': 0.0001, 'spread_atr_mult': 0.03, 'slippage_min_spread': 0.3, 'slippage_max_spread': 1.0, 'max_trades_per_day': 3, 'daily_loss_limit_pct': 0.03, 'max_hold_minutes': 720, 'seed': 42, 'sweep_lookback': 20, 'wick_body_min': 1.5, 'atr_percentile_min': 30.0, 'sweep_rr': 2.0, 'sl_atr_buffer': 0.1, 'use_m1_confirmation': False, 'session': 'ny', 'adx_min': 18.0, 'momentum_rr': 1.9, 'use_atr_expansion': False, 'body_mult': 2.2, 'max_wick_pct': 0.4, 'momentum_sl_atr_mult': 1.0, 'session_hours_utc': None, 'close_extreme_pct': None, 'ema_extension_atr_max': None, 'use_m15_ema_trend': False, 'use_m15_ema200_filter': False, 'momentum_atr_percentile_min': 40.0, 'momentum_atr_percentile_max': None, 'session_ranges_utc_minutes': ((780, 870),), 'entry_mode': 'next_m5'}",22.583085346187325,0.1753399489795916,0.12078540135448367,False
sensitivity,XAUUSDm,sens_thai_20_2130_rr1.9_body2.2_wick0.4_atrMin45,84,44.047619047619044,1.1206057374804053,1.2193986648320059,-2.3774365600564855,1.4516650771809751,0.05806660308723901,0.17073170731707318,-148.0410522418195,17,10,58.82352941176471,138.94467614722703,6,"{'strategy': 'momentum', 'variant': 'sens_thai_20_2130_rr1.9_body2.2_wick0.4_atrMin45', 'initial_balance': 10000.0, 'risk_pct': 0.0025, 'fee_rate': 0.0001, 'spread_atr_mult': 0.03, 'slippage_min_spread': 0.3, 'slippage_max_spread': 1.0, 'max_trades_per_day': 3, 'daily_loss_limit_pct': 0.03, 'max_hold_minutes': 720, 'seed': 42, 'sweep_lookback': 20, 'wick_body_min': 1.5, 'atr_percentile_min': 30.0, 'sweep_rr': 2.0, 'sl_atr_buffer': 0.1, 'use_m1_confirmation': False, 'session': 'ny', 'adx_min': 18.0, 'momentum_rr': 1.9, 'use_atr_expansion': False, 'body_mult': 2.2, 'max_wick_pct': 0.4, 'momentum_sl_atr_mult': 1.0, 'session_hours_utc': None, 'close_extreme_pct': None, 'ema_extension_atr_max': None, 'use_m15_ema_trend': False, 'use_m15_ema200_filter': False, 'momentum_atr_percentile_min': 45.0, 'momentum_atr_percentile_max': None, 'session_ranges_utc_minutes': ((780, 870),), 'entry_mode': 'next_m5'}",22.583085346187325,0.1753399489795916,0.12078540135448367,False
sensitivity,XAUUSDm,sens_thai_1930_21_rr1.8_body1.8_wick0.45_atrMin50,97,45.36082474226804,1.119557557063451,1.4263762952229082,-1.7832892344856996,1.4704910260030764,0.05881964104012308,0.19715447154471544,-98.69639946442359,17,10,58.82352941176471,186.62385804871593,6,"{'strategy': 'momentum', 'variant': 'sens_thai_1930_21_rr1.8_body1.8_wick0.45_atrMin50', 'initial_balance': 10000.0, 'risk_pct': 0.0025, 'fee_rate': 0.0001, 'spread_atr_mult': 0.03, 'slippage_min_spread': 0.3, 'slippage_max_spread': 1.0, 'max_trades_per_day': 3, 'daily_loss_limit_pct': 0.03, 'max_hold_minutes': 720, 'seed': 42, 'sweep_lookback': 20, 'wick_body_min': 1.5, 'atr_percentile_min': 30.0, 'sweep_rr': 2.0, 'sl_atr_buffer': 0.1, 'use_m1_confirmation': False, 'session': 'ny', 'adx_min': 18.0, 'momentum_rr': 1.8, 'use_atr_expansion': False, 'body_mult': 1.8, 'max_wick_pct': 0.45, 'momentum_sl_atr_mult': 1.0, 'session_hours_utc': None, 'close_extreme_pct': None, 'ema_extension_atr_max': None, 'use_m15_ema_trend': False, 'use_m15_ema200_filter': False, 'momentum_atr_percentile_min': 50.0, 'momentum_atr_percentile_max': None, 'session_ranges_utc_minutes': ((750, 840),), 'entry_mode': 'next_m5'}",21.219599854718915,0.16067867452135456,0.10926872159029308,False
sensitivity,XAUUSDm,sens_thai_1930_21_rr2_body2_wick0.4_atrMin50,87,44.827586206896555,1.1183977654297694,1.2965278279167431,-2.4891526375629947,1.490261871168708,0.059610474846748335,0.17682926829268292,-98.37474227326325,17,9,52.94117647058824,178.18771661603614,5,"{'strategy': 'momentum', 'variant': 'sens_thai_1930_21_rr2_body2_wick0.4_atrMin50', 'initial_balance': 10000.0, 'risk_pct': 0.0025, 'fee_rate': 0.0001, 'spread_atr_mult': 0.03, 'slippage_min_spread': 0.3, 'slippage_max_spread': 1.0, 'max_trades_per_day': 3, 'daily_loss_limit_pct': 0.03, 'max_hold_minutes': 720, 'seed': 42, 'sweep_lookback': 20, 'wick_body_min': 1.5, 'atr_percentile_min': 30.0, 'sweep_rr': 2.0, 'sl_atr_buffer': 0.1, 'use_m1_confirmation': False, 'session': 'ny', 'adx_min': 18.0, 'momentum_rr': 2.0, 'use_atr_expansion': False, 'body_mult': 2.0, 'max_wick_pct': 0.4, 'momentum_sl_atr_mult': 1.0, 'session_hours_utc': None, 'close_extreme_pct': None, 'ema_extension_atr_max': None, 'use_m15_ema_trend': False, 'use_m15_ema200_filter': False, 'momentum_atr_percentile_min': 50.0, 'momentum_atr_percentile_max': None, 'session_ranges_utc_minutes': ((750, 840),), 'entry_mode': 'next_m5'}",21.61323754287063,0.15975955665024588,0.10720233788505752,False
sensitivity,XAUUSDm,sens_thai_1930_21_rr1.9_body1.8_wick0.35_atrMin50,92,44.565217391304344,1.1141710694947295,1.3331520819124125,-2.383462549362562,1.4490783499048852,0.05796313399619541,0.18699186991869918,-98.69639946442359,17,10,58.82352941176471,214.99296418019813,6,"{'strategy': 'momentum', 'variant': 'sens_thai_1930_21_rr1.9_body1.8_wick0.35_atrMin50', 'initial_balance': 10000.0, 'risk_pct': 0.0025, 'fee_rate': 0.0001, 'spread_atr_mult': 0.03, 'slippage_min_spread': 0.3, 'slippage_max_spread': 1.0, 'max_trades_per_day': 3, 'daily_loss_limit_pct': 0.03, 'max_hold_minutes': 720, 'seed': 42, 'sweep_lookback': 20, 'wick_body_min': 1.5, 'atr_percentile_min': 30.0, 'sweep_rr': 2.0, 'sl_atr_buffer': 0.1, 'use_m1_confirmation': False, 'session': 'ny', 'adx_min': 18.0, 'momentum_rr': 1.9, 'use_atr_expansion': False, 'body_mult': 1.8, 'max_wick_pct': 0.35, 'momentum_sl_atr_mult': 1.0, 'session_hours_utc': None, 'close_extreme_pct': None, 'ema_extension_atr_max': None, 'use_m15_ema_trend': False, 'use_m15_ema200_filter': False, 'momentum_atr_percentile_min': 50.0, 'momentum_atr_percentile_max': None, 'session_ranges_utc_minutes': ((750, 840),), 'entry_mode': 'next_m5'}",21.248587166812957,0.1614334937888194,0.11140425484889455,False
sensitivity,XAUUSDm,sens_thai_1930_21_rr1.8_body1.8_wick0.35_atrMin45,95,45.26315789473684,1.1123685826309746,1.3421239044773574,-1.6978927194667328,1.4127620047129656,0.0565104801885186,0.19308943089430894,-98.70138615612194,17,9,52.94117647058824,202.31845177485462,6,"{'strategy': 'momentum', 'variant': 'sens_thai_1930_21_rr1.8_body1.8_wick0.35_atrMin45', 'initial_balance': 10000.0, 'risk_pct': 0.0025, 'fee_rate': 0.0001, 'spread_atr_mult': 0.03, 'slippage_min_spread': 0.3, 'slippage_max_spread': 1.0, 'max_trades_per_day': 3, 'daily_loss_limit_pct': 0.03, 'max_hold_minutes': 720, 'seed': 42, 'sweep_lookback': 20, 'wick_body_min': 1.5, 'atr_percentile_min': 30.0, 'sweep_rr': 2.0, 'sl_atr_buffer': 0.1, 'use_m1_confirmation': False, 'session': 'ny', 'adx_min': 18.0, 'momentum_rr': 1.8, 'use_atr_expansion': False, 'body_mult': 1.8, 'max_wick_pct': 0.35, 'momentum_sl_atr_mult': 1.0, 'session_hours_utc': None, 'close_extreme_pct': None, 'ema_extension_atr_max': None, 'use_m15_ema_trend': False, 'use_m15_ema200_filter': False, 'momentum_atr_percentile_min': 45.0, 'momentum_atr_percentile_max': None, 'session_ranges_utc_minutes': ((750, 840),), 'entry_mode': 'next_m5'}",21.0494010575231,0.16104674436090186,0.11399424943737932,False
sensitivity,XAUUSDm,sens_thai_1930_21_rr1.8_body1.8_wick0.35_atrMin35,95,45.26315789473684,1.1122066904698458,1.3402420708817226,-1.6993007133203328,1.410781127243873,0.05643124508975486,0.19308943089430894,-98.70138615612194,17,9,52.94117647058824,202.31845177485462,6,"{'strategy': 'momentum', 'variant': 'sens_thai_1930_21_rr1.8_body1.8_wick0.35_atrMin35', 'initial_balance': 10000.0, 'risk_pct': 0.0025, 'fee_rate': 0.0001, 'spread_atr_mult': 0.03, 'slippage_min_spread': 0.3, 'slippage_max_spread': 1.0, 'max_trades_per_day': 3, 'daily_loss_limit_pct': 0.03, 'max_hold_minutes': 720, 'seed': 42, 'sweep_lookback': 20, 'wick_body_min': 1.5, 'atr_percentile_min': 30.0, 'sweep_rr': 2.0, 'sl_atr_buffer': 0.1, 'use_m1_confirmation': False, 'session': 'ny', 'adx_min': 18.0, 'momentum_rr': 1.8, 'use_atr_expansion': False, 'body_mult': 1.8, 'max_wick_pct': 0.35, 'momentum_sl_atr_mult': 1.0, 'session_hours_utc': None, 'close_extreme_pct': None, 'ema_extension_atr_max': None, 'use_m15_ema_trend': False, 'use_m15_ema200_filter': False, 'momentum_atr_percentile_min': 35.0, 'momentum_atr_percentile_max': None, 'session_ranges_utc_minutes': ((750, 840),), 'entry_mode': 'next_m5'}",21.035084928724523,0.16067875939849585,0.11389347099673831,False
sensitivity,XAUUSDm,sens_thai_1930_21_rr1.8_body1.8_wick0.35_atrMin40,95,45.26315789473684,1.1122066904698458,1.3402420708817226,-1.6993007133203328,1.410781127243873,0.05643124508975486,0.19308943089430894,-98.70138615612194,17,9,52.94117647058824,202.31845177485462,6,"{'strategy': 'momentum', 'variant': 'sens_thai_1930_21_rr1.8_body1.8_wick0.35_atrMin40', 'initial_balance': 10000.0, 'risk_pct': 0.0025, 'fee_rate': 0.0001, 'spread_atr_mult': 0.03, 'slippage_min_spread': 0.3, 'slippage_max_spread': 1.0, 'max_trades_per_day': 3, 'daily_loss_limit_pct': 0.03, 'max_hold_minutes': 720, 'seed': 42, 'sweep_lookback': 20, 'wick_body_min': 1.5, 'atr_percentile_min': 30.0, 'sweep_rr': 2.0, 'sl_atr_buffer': 0.1, 'use_m1_confirmation': False, 'session': 'ny', 'adx_min': 18.0, 'momentum_rr': 1.8, 'use_atr_expansion': False, 'body_mult': 1.8, 'max_wick_pct': 0.35, 'momentum_sl_atr_mult': 1.0, 'session_hours_utc': None, 'close_extreme_pct': None, 'ema_extension_atr_max': None, 'use_m15_ema_trend': False, 'use_m15_ema200_filter': False, 'momentum_atr_percentile_min': 40.0, 'momentum_atr_percentile_max': None, 'session_ranges_utc_minutes': ((750, 840),), 'entry_mode': 'next_m5'}",21.035084928724523,0.16067875939849585,0.11389347099673831,False
sensitivity,XAUUSDm,sens_thai_1930_21_rr1.9_body1.8_wick0.45_atrMin50,97,44.329896907216494,1.110870421862593,1.3513287952229076,-2.3026932314135857,1.393122469302029,0.05572489877208117,0.19715447154471544,-98.69639946442359,17,10,58.82352941176471,199.1246080487165,6,"{'strategy': 'momentum', 'variant': 'sens_thai_1930_21_rr1.9_body1.8_wick0.45_atrMin50', 'initial_balance': 10000.0, 'risk_pct': 0.0025, 'fee_rate': 0.0001, 'spread_atr_mult': 0.03, 'slippage_min_spread': 0.3, 'slippage_max_spread': 1.0, 'max_trades_per_day': 3, 'daily_loss_limit_pct': 0.03, 'max_hold_minutes': 720, 'seed': 42, 'sweep_lookback': 20, 'wick_body_min': 1.5, 'atr_percentile_min': 30.0, 'sweep_rr': 2.0, 'sl_atr_buffer': 0.1, 'use_m1_confirmation': False, 'session': 'ny', 'adx_min': 18.0, 'momentum_rr': 1.9, 'use_atr_expansion': False, 'body_mult': 1.8, 'max_wick_pct': 0.45, 'momentum_sl_atr_mult': 1.0, 'session_hours_utc': None, 'close_extreme_pct': None, 'ema_extension_atr_max': None, 'use_m15_ema_trend': False, 'use_m15_ema200_filter': False, 'momentum_atr_percentile_min': 50.0, 'momentum_atr_percentile_max': None, 'session_ranges_utc_minutes': ((750, 840),), 'entry_mode': 'next_m5'}",21.219599854718915,0.16067867452135456,0.11533707772429835,False
sensitivity,XAUUSDm,sens_thai_1930_21_rr2_body2_wick0.4_atrMin45,90,44.44444444444444,1.1095323338947063,1.2569431517163503,-2.27170400889538,1.3966035019070966,0.055864140076283854,0.18292682926829268,-98.23169611343073,17,10,58.82352941176471,178.23722971821286,6,"{'strategy': 'momentum', 'variant': 'sens_thai_1930_21_rr2_body2_wick0.4_atrMin45', 'initial_balance': 10000.0, 'risk_pct': 0.0025, 'fee_rate': 0.0001, 'spread_atr_mult': 0.03, 'slippage_min_spread': 0.3, 'slippage_max_spread': 1.0, 'max_trades_per_day': 3, 'daily_loss_limit_pct': 0.03, 'max_hold_minutes': 720, 'seed': 42, 'sweep_lookback': 20, 'wick_body_min': 1.5, 'atr_percentile_min': 30.0, 'sweep_rr': 2.0, 'sl_atr_buffer': 0.1, 'use_m1_confirmation': False, 'session': 'ny', 'adx_min': 18.0, 'momentum_rr': 2.0, 'use_atr_expansion': False, 'body_mult': 2.0, 'max_wick_pct': 0.4, 'momentum_sl_atr_mult': 1.0, 'session_hours_utc': None, 'close_extreme_pct': None, 'ema_extension_atr_max': None, 'use_m15_ema_trend': False, 'use_m15_ema200_filter': False, 'momentum_atr_percentile_min': 45.0, 'momentum_atr_percentile_max': None, 'session_ranges_utc_minutes': ((750, 840),), 'entry_mode': 'next_m5'}",21.388663140057815,0.15940711904761867,0.1141391374358895,False
sensitivity,XAUUSDm,sens_thai_1930_21_rr2_body2_wick0.4_atrMin35,90,44.44444444444444,1.1093638231851513,1.2550598066044587,-2.273112809305067,1.3945108962272068,0.05578043584908827,0.18292682926829268,-98.23169611343073,17,10,58.82352941176471,178.23722971821286,6,"{'strategy': 'momentum', 'variant': 'sens_thai_1930_21_rr2_body2_wick0.4_atrMin35', 'initial_balance': 10000.0, 'risk_pct': 0.0025, 'fee_rate': 0.0001, 'spread_atr_mult': 0.03, 'slippage_min_spread': 0.3, 'slippage_max_spread': 1.0, 'max_trades_per_day': 3, 'daily_loss_limit_pct': 0.03, 'max_hold_minutes': 720, 'seed': 42, 'sweep_lookback': 20, 'wick_body_min': 1.5, 'atr_percentile_min': 30.0, 'sweep_rr': 2.0, 'sl_atr_buffer': 0.1, 'use_m1_confirmation': False, 'session': 'ny', 'adx_min': 18.0, 'momentum_rr': 2.0, 'use_atr_expansion': False, 'body_mult': 2.0, 'max_wick_pct': 0.4, 'momentum_sl_atr_mult': 1.0, 'session_hours_utc': None, 'close_extreme_pct': None, 'ema_extension_atr_max': None, 'use_m15_ema_trend': False, 'use_m15_ema200_filter': False, 'momentum_atr_percentile_min': 35.0, 'momentum_atr_percentile_max': None, 'session_ranges_utc_minutes': ((750, 840),), 'entry_mode': 'next_m5'}",21.373648459142824,0.15901869047619008,0.1140318737604767,False
sensitivity,XAUUSDm,sens_thai_1930_21_rr2_body2_wick0.4_atrMin40,90,44.44444444444444,1.1093638231851513,1.2550598066044587,-2.273112809305067,1.3945108962272068,0.05578043584908827,0.18292682926829268,-98.23169611343073,17,10,58.82352941176471,178.23722971821286,6,"{'strategy': 'momentum', 'variant': 'sens_thai_1930_21_rr2_body2_wick0.4_atrMin40', 'initial_balance': 10000.0, 'risk_pct': 0.0025, 'fee_rate': 0.0001, 'spread_atr_mult': 0.03, 'slippage_min_spread': 0.3, 'slippage_max_spread': 1.0, 'max_trades_per_day': 3, 'daily_loss_limit_pct': 0.03, 'max_hold_minutes': 720, 'seed': 42, 'sweep_lookback': 20, 'wick_body_min': 1.5, 'atr_percentile_min': 30.0, 'sweep_rr': 2.0, 'sl_atr_buffer': 0.1, 'use_m1_confirmation': False, 'session': 'ny', 'adx_min': 18.0, 'momentum_rr': 2.0, 'use_atr_expansion': False, 'body_mult': 2.0, 'max_wick_pct': 0.4, 'momentum_sl_atr_mult': 1.0, 'session_hours_utc': None, 'close_extreme_pct': None, 'ema_extension_atr_max': None, 'use_m15_ema_trend': False, 'use_m15_ema200_filter': False, 'momentum_atr_percentile_min': 40.0, 'momentum_atr_percentile_max': None, 'session_ranges_utc_minutes': ((750, 840),), 'entry_mode': 'next_m5'}",21.373648459142824,0.15901869047619008,0.1140318737604767,False
sensitivity,XAUUSDm,sens_thai_1930_21_rr1.8_body1.8_wick0.45_atrMin45,100,45.0,1.1068969303047416,1.3312846054778493,-1.6318748117808257,1.3312846054778515,0.05325138421911411,0.2032520325203252,-98.70138615612194,17,9,52.94117647058824,186.45314675085842,6,"{'strategy': 'momentum', 'variant': 'sens_thai_1930_21_rr1.8_body1.8_wick0.45_atrMin45', 'initial_balance': 10000.0, 'risk_pct': 0.0025, 'fee_rate': 0.0001, 'spread_atr_mult': 0.03, 'slippage_min_spread': 0.3, 'slippage_max_spread': 1.0, 'max_trades_per_day': 3, 'daily_loss_limit_pct': 0.03, 'max_hold_minutes': 720, 'seed': 42, 'sweep_lookback': 20, 'wick_body_min': 1.5, 'atr_percentile_min': 30.0, 'sweep_rr': 2.0, 'sl_atr_buffer': 0.1, 'use_m1_confirmation': False, 'session': 'ny', 'adx_min': 18.0, 'momentum_rr': 1.8, 'use_atr_expansion': False, 'body_mult': 1.8, 'max_wick_pct': 0.45, 'momentum_sl_atr_mult': 1.0, 'session_hours_utc': None, 'close_extreme_pct': None, 'ema_extension_atr_max': None, 'use_m15_ema_trend': False, 'use_m15_ema200_filter': False, 'momentum_atr_percentile_min': 45.0, 'momentum_atr_percentile_max': None, 'session_ranges_utc_minutes': ((750, 840),), 'entry_mode': 'next_m5'}",21.027400698892155,0.1603339071428568,0.12043548500683407,False
sensitivity,XAUUSDm,sens_thai_1930_21_rr1.8_body1.8_wick0.45_atrMin35,100,45.0,1.1067418656035672,1.3294027234309578,-1.6323502308555387,1.3294027234309593,0.05317610893723841,0.2032520325203252,-98.70138615612194,17,9,52.94117647058824,186.45314675085842,6,"{'strategy': 'momentum', 'variant': 'sens_thai_1930_21_rr1.8_body1.8_wick0.45_atrMin35', 'initial_balance': 10000.0, 'risk_pct': 0.0025, 'fee_rate': 0.0001, 'spread_atr_mult': 0.03, 'slippage_min_spread': 0.3, 'slippage_max_spread': 1.0, 'max_trades_per_day': 3, 'daily_loss_limit_pct': 0.03, 'max_hold_minutes': 720, 'seed': 42, 'sweep_lookback': 20, 'wick_body_min': 1.5, 'atr_percentile_min': 30.0, 'sweep_rr': 2.0, 'sl_atr_buffer': 0.1, 'use_m1_confirmation': False, 'session': 'ny', 'adx_min': 18.0, 'momentum_rr': 1.8, 'use_atr_expansion': False, 'body_mult': 1.8, 'max_wick_pct': 0.45, 'momentum_sl_atr_mult': 1.0, 'session_hours_utc': None, 'close_extreme_pct': None, 'ema_extension_atr_max': None, 'use_m15_ema_trend': False, 'use_m15_ema200_filter': False, 'momentum_atr_percentile_min': 35.0, 'momentum_atr_percentile_max': None, 'session_ranges_utc_minutes': ((750, 840),), 'entry_mode': 'next_m5'}",21.013799740793583,0.15998432142857108,0.12034300713306735,False
sensitivity,XAUUSDm,sens_thai_1930_21_rr1.8_body1.8_wick0.45_atrMin40,100,45.0,1.1067418656035672,1.3294027234309578,-1.6323502308555387,1.3294027234309593,0.05317610893723841,0.2032520325203252,-98.70138615612194,17,9,52.94117647058824,186.45314675085842,6,"{'strategy': 'momentum', 'variant': 'sens_thai_1930_21_rr1.8_body1.8_wick0.45_atrMin40', 'initial_balance': 10000.0, 'risk_pct': 0.0025, 'fee_rate': 0.0001, 'spread_atr_mult': 0.03, 'slippage_min_spread': 0.3, 'slippage_max_spread': 1.0, 'max_trades_per_day': 3, 'daily_loss_limit_pct': 0.03, 'max_hold_minutes': 720, 'seed': 42, 'sweep_lookback': 20, 'wick_body_min': 1.5, 'atr_percentile_min': 30.0, 'sweep_rr': 2.0, 'sl_atr_buffer': 0.1, 'use_m1_confirmation': False, 'session': 'ny', 'adx_min': 18.0, 'momentum_rr': 1.8, 'use_atr_expansion': False, 'body_mult': 1.8, 'max_wick_pct': 0.45, 'momentum_sl_atr_mult': 1.0, 'session_hours_utc': None, 'close_extreme_pct': None, 'ema_extension_atr_max': None, 'use_m15_ema_trend': False, 'use_m15_ema200_filter': False, 'momentum_atr_percentile_min': 40.0, 'momentum_atr_percentile_max': None, 'session_ranges_utc_minutes': ((750, 840),), 'entry_mode': 'next_m5'}",21.013799740793583,0.15998432142857108,0.12034300713306735,False
sensitivity,XAUUSDm,sens_thai_1930_21_rr1.9_body1.8_wick0.35_atrMin45,95,44.21052631578947,1.103842536047424,1.2670714044773557,-2.192568855962193,1.3337593731339736,0.053350374925358914,0.19308943089430894,-98.70138615612194,17,9,52.94117647058824,214.81920177485512,6,"{'strategy': 'momentum', 'variant': 'sens_thai_1930_21_rr1.9_body1.8_wick0.35_atrMin45', 'initial_balance': 10000.0, 'risk_pct': 0.0025, 'fee_rate': 0.0001, 'spread_atr_mult': 0.03, 'slippage_min_spread': 0.3, 'slippage_max_spread': 1.0, 'max_trades_per_day': 3, 'daily_loss_limit_pct': 0.03, 'max_hold_minutes': 720, 'seed': 42, 'sweep_lookback': 20, 'wick_body_min': 1.5, 'atr_percentile_min': 30.0, 'sweep_rr': 2.0, 'sl_atr_buffer': 0.1, 'use_m1_confirmation': False, 'session': 'ny', 'adx_min': 18.0, 'momentum_rr': 1.9, 'use_atr_expansion': False, 'body_mult': 1.8, 'max_wick_pct': 0.35, 'momentum_sl_atr_mult': 1.0, 'session_hours_utc': None, 'close_extreme_pct': None, 'ema_extension_atr_max': None, 'use_m15_ema_trend': False, 'use_m15_ema200_filter': False, 'momentum_atr_percentile_min': 45.0, 'momentum_atr_percentile_max': None, 'session_ranges_utc_minutes': ((750, 840),), 'entry_mode': 'next_m5'}",21.0494010575231,0.16104674436090186,0.12074647616720068,False
sensitivity,XAUUSDm,sens_thai_1930_21_rr1.9_body1.8_wick0.35_atrMin35,95,44.21052631578947,1.1036843882206913,1.265189570881721,-2.1939761521512016,1.3317784956648666,0.053271139826594614,0.19308943089430894,-98.70138615612194,17,9,52.94117647058824,214.81920177485512,6,"{'strategy': 'momentum', 'variant': 'sens_thai_1930_21_rr1.9_body1.8_wick0.35_atrMin35', 'initial_balance': 10000.0, 'risk_pct': 0.0025, 'fee_rate': 0.0001, 'spread_atr_mult': 0.03, 'slippage_min_spread': 0.3, 'slippage_max_spread': 1.0, 'max_trades_per_day': 3, 'daily_loss_limit_pct': 0.03, 'max_hold_minutes': 720, 'seed': 42, 'sweep_lookback': 20, 'wick_body_min': 1.5, 'atr_percentile_min': 30.0, 'sweep_rr': 2.0, 'sl_atr_buffer': 0.1, 'use_m1_confirmation': False, 'session': 'ny', 'adx_min': 18.0, 'momentum_rr': 1.9, 'use_atr_expansion': False, 'body_mult': 1.8, 'max_wick_pct': 0.35, 'momentum_sl_atr_mult': 1.0, 'session_hours_utc': None, 'close_extreme_pct': None, 'ema_extension_atr_max': None, 'use_m15_ema_trend': False, 'use_m15_ema200_filter': False, 'momentum_atr_percentile_min': 35.0, 'momentum_atr_percentile_max': None, 'session_ranges_utc_minutes': ((750, 840),), 'entry_mode': 'next_m5'}",21.035084928724523,0.16067875939849585,0.1206497626456116,False
sensitivity,XAUUSDm,sens_thai_1930_21_rr1.9_body1.8_wick0.35_atrMin40,95,44.21052631578947,1.1036843882206913,1.265189570881721,-2.1939761521512016,1.3317784956648666,0.053271139826594614,0.19308943089430894,-98.70138615612194,17,9,52.94117647058824,214.81920177485512,6,"{'strategy': 'momentum', 'variant': 'sens_thai_1930_21_rr1.9_body1.8_wick0.35_atrMin40', 'initial_balance': 10000.0, 'risk_pct': 0.0025, 'fee_rate': 0.0001, 'spread_atr_mult': 0.03, 'slippage_min_spread': 0.3, 'slippage_max_spread': 1.0, 'max_trades_per_day': 3, 'daily_loss_limit_pct': 0.03, 'max_hold_minutes': 720, 'seed': 42, 'sweep_lookback': 20, 'wick_body_min': 1.5, 'atr_percentile_min': 30.0, 'sweep_rr': 2.0, 'sl_atr_buffer': 0.1, 'use_m1_confirmation': False, 'session': 'ny', 'adx_min': 18.0, 'momentum_rr': 1.9, 'use_atr_expansion': False, 'body_mult': 1.8, 'max_wick_pct': 0.35, 'momentum_sl_atr_mult': 1.0, 'session_hours_utc': None, 'close_extreme_pct': None, 'ema_extension_atr_max': None, 'use_m15_ema_trend': False, 'use_m15_ema200_filter': False, 'momentum_atr_percentile_min': 40.0, 'momentum_atr_percentile_max': None, 'session_ranges_utc_minutes': ((750, 840),), 'entry_mode': 'next_m5'}",21.035084928724523,0.16067875939849585,0.1206497626456116,False
sensitivity,XAUUSDm,sens_thai_1930_21_rr1.9_body1.8_wick0.45_atrMin45,100,44.0,1.1007908120723973,1.2812346054778756,-2.1121478753970084,1.281234605477852,0.0512493842191141,0.2032520325203252,-98.70138615612194,17,9,52.94117647058824,198.95389675086068,6,"{'strategy': 'momentum', 'variant': 'sens_thai_1930_21_rr1.9_body1.8_wick0.45_atrMin45', 'initial_balance': 10000.0, 'risk_pct': 0.0025, 'fee_rate': 0.0001, 'spread_atr_mult': 0.03, 'slippage_min_spread': 0.3, 'slippage_max_spread': 1.0, 'max_trades_per_day': 3, 'daily_loss_limit_pct': 0.03, 'max_hold_minutes': 720, 'seed': 42, 'sweep_lookback': 20, 'wick_body_min': 1.5, 'atr_percentile_min': 30.0, 'sweep_rr': 2.0, 'sl_atr_buffer': 0.1, 'use_m1_confirmation': False, 'session': 'ny', 'adx_min': 18.0, 'momentum_rr': 1.9, 'use_atr_expansion': False, 'body_mult': 1.8, 'max_wick_pct': 0.45, 'momentum_sl_atr_mult': 1.0, 'session_hours_utc': None, 'close_extreme_pct': None, 'ema_extension_atr_max': None, 'use_m15_ema_trend': False, 'use_m15_ema200_filter': False, 'momentum_atr_percentile_min': 45.0, 'momentum_atr_percentile_max': None, 'session_ranges_utc_minutes': ((750, 840),), 'entry_mode': 'next_m5'}",21.027400698892155,0.1603339071428568,0.1251401628221385,False
sensitivity,XAUUSDm,sens_thai_1930_21_rr1.9_body1.8_wick0.45_atrMin35,100,44.0,1.1006391151283803,1.2793527234309658,-2.1135551715860164,1.2793527234309465,0.05117410893723789,0.2032520325203252,-98.70138615612194,17,9,52.94117647058824,198.95389675086068,6,"{'strategy': 'momentum', 'variant': 'sens_thai_1930_21_rr1.9_body1.8_wick0.45_atrMin35', 'initial_balance': 10000.0, 'risk_pct': 0.0025, 'fee_rate': 0.0001, 'spread_atr_mult': 0.03, 'slippage_min_spread': 0.3, 'slippage_max_spread': 1.0, 'max_trades_per_day': 3, 'daily_loss_limit_pct': 0.03, 'max_hold_minutes': 720, 'seed': 42, 'sweep_lookback': 20, 'wick_body_min': 1.5, 'atr_percentile_min': 30.0, 'sweep_rr': 2.0, 'sl_atr_buffer': 0.1, 'use_m1_confirmation': False, 'session': 'ny', 'adx_min': 18.0, 'momentum_rr': 1.9, 'use_atr_expansion': False, 'body_mult': 1.8, 'max_wick_pct': 0.45, 'momentum_sl_atr_mult': 1.0, 'session_hours_utc': None, 'close_extreme_pct': None, 'ema_extension_atr_max': None, 'use_m15_ema_trend': False, 'use_m15_ema200_filter': False, 'momentum_atr_percentile_min': 35.0, 'momentum_atr_percentile_max': None, 'session_ranges_utc_minutes': ((750, 840),), 'entry_mode': 'next_m5'}",21.013799740793583,0.15998432142857108,0.1250509875021236,False
sensitivity,XAUUSDm,sens_thai_1930_21_rr1.9_body1.8_wick0.45_atrMin40,100,44.0,1.1006391151283803,1.2793527234309658,-2.1135551715860164,1.2793527234309465,0.05117410893723789,0.2032520325203252,-98.70138615612194,17,9,52.94117647058824,198.95389675086068,6,"{'strategy': 'momentum', 'variant': 'sens_thai_1930_21_rr1.9_body1.8_wick0.45_atrMin40', 'initial_balance': 10000.0, 'risk_pct': 0.0025, 'fee_rate': 0.0001, 'spread_atr_mult': 0.03, 'slippage_min_spread': 0.3, 'slippage_max_spread': 1.0, 'max_trades_per_day': 3, 'daily_loss_limit_pct': 0.03, 'max_hold_minutes': 720, 'seed': 42, 'sweep_lookback': 20, 'wick_body_min': 1.5, 'atr_percentile_min': 30.0, 'sweep_rr': 2.0, 'sl_atr_buffer': 0.1, 'use_m1_confirmation': False, 'session': 'ny', 'adx_min': 18.0, 'momentum_rr': 1.9, 'use_atr_expansion': False, 'body_mult': 1.8, 'max_wick_pct': 0.45, 'momentum_sl_atr_mult': 1.0, 'session_hours_utc': None, 'close_extreme_pct': None, 'ema_extension_atr_max': None, 'use_m15_ema_trend': False, 'use_m15_ema200_filter': False, 'momentum_atr_percentile_min': 40.0, 'momentum_atr_percentile_max': None, 'session_ranges_utc_minutes': ((750, 840),), 'entry_mode': 'next_m5'}",21.013799740793583,0.15998432142857108,0.1250509875021236,False
sensitivity,XAUUSDm,sens_thai_20_2130_rr2_body2.2_wick0.4_atrMin50,84,42.857142857142854,1.098733543886233,1.0236363826397064,-2.2729610597270997,1.2186147412377875,0.04874458964951148,0.17073170731707318,-148.0410522418195,17,9,52.94117647058824,146.44492614722878,6,"{'strategy': 'momentum', 'variant': 'sens_thai_20_2130_rr2_body2.2_wick0.4_atrMin50', 'initial_balance': 10000.0, 'risk_pct': 0.0025, 'fee_rate': 0.0001, 'spread_atr_mult': 0.03, 'slippage_min_spread': 0.3, 'slippage_max_spread': 1.0, 'max_trades_per_day': 3, 'daily_loss_limit_pct': 0.03, 'max_hold_minutes': 720, 'seed': 42, 'sweep_lookback': 20, 'wick_body_min': 1.5, 'atr_percentile_min': 30.0, 'sweep_rr': 2.0, 'sl_atr_buffer': 0.1, 'use_m1_confirmation': False, 'session': 'ny', 'adx_min': 18.0, 'momentum_rr': 2.0, 'use_atr_expansion': False, 'body_mult': 2.2, 'max_wick_pct': 0.4, 'momentum_sl_atr_mult': 1.0, 'session_hours_utc': None, 'close_extreme_pct': None, 'ema_extension_atr_max': None, 'use_m15_ema_trend': False, 'use_m15_ema200_filter': False, 'momentum_atr_percentile_min': 50.0, 'momentum_atr_percentile_max': None, 'session_ranges_utc_minutes': ((780, 870),), 'entry_mode': 'next_m5'}",22.6374761389444,0.17557933673469364,0.14408108715011267,False
sensitivity,XAUUSDm,sens_thai_20_2130_rr2_body2.2_wick0.4_atrMin35,84,42.857142857142854,1.098278803052247,1.019343664831995,-2.277212633218198,1.2135043628952733,0.048540174515810906,0.17073170731707318,-148.0410522418195,17,9,52.94117647058824,146.44492614722878,6,"{'strategy': 'momentum', 'variant': 'sens_thai_20_2130_rr2_body2.2_wick0.4_atrMin35', 'initial_balance': 10000.0, 'risk_pct': 0.0025, 'fee_rate': 0.0001, 'spread_atr_mult': 0.03, 'slippage_min_spread': 0.3, 'slippage_max_spread': 1.0, 'max_trades_per_day': 3, 'daily_loss_limit_pct': 0.03, 'max_hold_minutes': 720, 'seed': 42, 'sweep_lookback': 20, 'wick_body_min': 1.5, 'atr_percentile_min': 30.0, 'sweep_rr': 2.0, 'sl_atr_buffer': 0.1, 'use_m1_confirmation': False, 'session': 'ny', 'adx_min': 18.0, 'momentum_rr': 2.0, 'use_atr_expansion': False, 'body_mult': 2.2, 'max_wick_pct': 0.4, 'momentum_sl_atr_mult': 1.0, 'session_hours_utc': None, 'close_extreme_pct': None, 'ema_extension_atr_max': None, 'use_m15_ema_trend': False, 'use_m15_ema200_filter': False, 'momentum_atr_percentile_min': 35.0, 'momentum_atr_percentile_max': None, 'session_ranges_utc_minutes': ((780, 870),), 'entry_mode': 'next_m5'}",22.583085346187325,0.1753399489795916,0.14449057979589944,False
sensitivity,XAUUSDm,sens_thai_20_2130_rr2_body2.2_wick0.4_atrMin40,84,42.857142857142854,1.098278803052247,1.019343664831995,-2.277212633218198,1.2135043628952733,0.048540174515810906,0.17073170731707318,-148.0410522418195,17,9,52.94117647058824,146.44492614722878,6,"{'strategy': 'momentum', 'variant': 'sens_thai_20_2130_rr2_body2.2_wick0.4_atrMin40', 'initial_balance': 10000.0, 'risk_pct': 0.0025, 'fee_rate': 0.0001, 'spread_atr_mult': 0.03, 'slippage_min_spread': 0.3, 'slippage_max_spread': 1.0, 'max_trades_per_day': 3, 'daily_loss_limit_pct': 0.03, 'max_hold_minutes': 720, 'seed': 42, 'sweep_lookback': 20, 'wick_body_min': 1.5, 'atr_percentile_min': 30.0, 'sweep_rr': 2.0, 'sl_atr_buffer': 0.1, 'use_m1_confirmation': False, 'session': 'ny', 'adx_min': 18.0, 'momentum_rr': 2.0, 'use_atr_expansion': False, 'body_mult': 2.2, 'max_wick_pct': 0.4, 'momentum_sl_atr_mult': 1.0, 'session_hours_utc': None, 'close_extreme_pct': None, 'ema_extension_atr_max': None, 'use_m15_ema_trend': False, 'use_m15_ema200_filter': False, 'momentum_atr_percentile_min': 40.0, 'momentum_atr_percentile_max': None, 'session_ranges_utc_minutes': ((780, 870),), 'entry_mode': 'next_m5'}",22.583085346187325,0.1753399489795916,0.14449057979589944,False
sensitivity,XAUUSDm,sens_thai_20_2130_rr2_body2.2_wick0.4_atrMin45,84,42.857142857142854,1.098278803052247,1.019343664831995,-2.277212633218198,1.2135043628952733,0.048540174515810906,0.17073170731707318,-148.0410522418195,17,9,52.94117647058824,146.44492614722878,6,"{'strategy': 'momentum', 'variant': 'sens_thai_20_2130_rr2_body2.2_wick0.4_atrMin45', 'initial_balance': 10000.0, 'risk_pct': 0.0025, 'fee_rate': 0.0001, 'spread_atr_mult': 0.03, 'slippage_min_spread': 0.3, 'slippage_max_spread': 1.0, 'max_trades_per_day': 3, 'daily_loss_limit_pct': 0.03, 'max_hold_minutes': 720, 'seed': 42, 'sweep_lookback': 20, 'wick_body_min': 1.5, 'atr_percentile_min': 30.0, 'sweep_rr': 2.0, 'sl_atr_buffer': 0.1, 'use_m1_confirmation': False, 'session': 'ny', 'adx_min': 18.0, 'momentum_rr': 2.0, 'use_atr_expansion': False, 'body_mult': 2.2, 'max_wick_pct': 0.4, 'momentum_sl_atr_mult': 1.0, 'session_hours_utc': None, 'close_extreme_pct': None, 'ema_extension_atr_max': None, 'use_m15_ema_trend': False, 'use_m15_ema200_filter': False, 'momentum_atr_percentile_min': 45.0, 'momentum_atr_percentile_max': None, 'session_ranges_utc_minutes': ((780, 870),), 'entry_mode': 'next_m5'}",22.583085346187325,0.1753399489795916,0.14449057979589944,False
sensitivity,XAUUSDm,sens_thai_20_2130_rr1.6_body2_wick0.4_atrMin50,94,46.808510638297875,1.0974027005557179,1.0659969726725285,-1.763798506368184,1.1340393326303697,0.045361573305214724,0.1910569105691057,-148.26330714792056,17,9,52.94117647058824,155.22780607226073,6,"{'strategy': 'momentum', 'variant': 'sens_thai_20_2130_rr1.6_body2_wick0.4_atrMin50', 'initial_balance': 10000.0, 'risk_pct': 0.0025, 'fee_rate': 0.0001, 'spread_atr_mult': 0.03, 'slippage_min_spread': 0.3, 'slippage_max_spread': 1.0, 'max_trades_per_day': 3, 'daily_loss_limit_pct': 0.03, 'max_hold_minutes': 720, 'seed': 42, 'sweep_lookback': 20, 'wick_body_min': 1.5, 'atr_percentile_min': 30.0, 'sweep_rr': 2.0, 'sl_atr_buffer': 0.1, 'use_m1_confirmation': False, 'session': 'ny', 'adx_min': 18.0, 'momentum_rr': 1.6, 'use_atr_expansion': False, 'body_mult': 2.0, 'max_wick_pct': 0.4, 'momentum_sl_atr_mult': 1.0, 'session_hours_utc': None, 'close_extreme_pct': None, 'ema_extension_atr_max': None, 'use_m15_ema_trend': False, 'use_m15_ema200_filter': False, 'momentum_atr_percentile_min': 50.0, 'momentum_atr_percentile_max': None, 'session_ranges_utc_minutes': ((780, 870),), 'entry_mode': 'next_m5'}",21.919066345785705,0.1709164513677807,0.15071474723133738,False
sensitivity,XAUUSDm,sens_thai_20_2130_rr1.6_body2.2_wick0.4_atrMin50,85,45.88235294117647,1.0970870420392989,0.9553826936734184,-2.0293328270892714,1.1239796396157669,0.044959185584630676,0.17276422764227642,-148.03724854586068,17,8,47.05882352941176,116.44392614722821,6,"{'strategy': 'momentum', 'variant': 'sens_thai_20_2130_rr1.6_body2.2_wick0.4_atrMin50', 'initial_balance': 10000.0, 'risk_pct': 0.0025, 'fee_rate': 0.0001, 'spread_atr_mult': 0.03, 'slippage_min_spread': 0.3, 'slippage_max_spread': 1.0, 'max_trades_per_day': 3, 'daily_loss_limit_pct': 0.03, 'max_hold_minutes': 720, 'seed': 42, 'sweep_lookback': 20, 'wick_body_min': 1.5, 'atr_percentile_min': 30.0, 'sweep_rr': 2.0, 'sl_atr_buffer': 0.1, 'use_m1_confirmation': False, 'session': 'ny', 'adx_min': 18.0, 'momentum_rr': 1.6, 'use_atr_expansion': False, 'body_mult': 2.2, 'max_wick_pct': 0.4, 'momentum_sl_atr_mult': 1.0, 'session_hours_utc': None, 'close_extreme_pct': None, 'ema_extension_atr_max': None, 'use_m15_ema_trend': False, 'use_m15_ema200_filter': False, 'momentum_atr_percentile_min': 50.0, 'momentum_atr_percentile_max': None, 'session_ranges_utc_minutes': ((780, 870),), 'entry_mode': 'next_m5'}",22.6923117407807,0.17567228571428545,0.15629490030116483,False
sensitivity,XAUUSDm,sens_thai_20_2130_rr1.6_body2_wick0.4_atrMin35,94,46.808510638297875,1.0969742960569118,1.0617228936785432,-1.7680400222574035,1.1294924400835737,0.0451796976033429,0.1910569105691057,-148.26330714792056,17,9,52.94117647058824,155.22780607226073,6,"{'strategy': 'momentum', 'variant': 'sens_thai_20_2130_rr1.6_body2_wick0.4_atrMin35', 'initial_balance': 10000.0, 'risk_pct': 0.0025, 'fee_rate': 0.0001, 'spread_atr_mult': 0.03, 'slippage_min_spread': 0.3, 'slippage_max_spread': 1.0, 'max_trades_per_day': 3, 'daily_loss_limit_pct': 0.03, 'max_hold_minutes': 720, 'seed': 42, 'sweep_lookback': 20, 'wick_body_min': 1.5, 'atr_percentile_min': 30.0, 'sweep_rr': 2.0, 'sl_atr_buffer': 0.1, 'use_m1_confirmation': False, 'session': 'ny', 'adx_min': 18.0, 'momentum_rr': 1.6, 'use_atr_expansion': False, 'body_mult': 2.0, 'max_wick_pct': 0.4, 'momentum_sl_atr_mult': 1.0, 'session_hours_utc': None, 'close_extreme_pct': None, 'ema_extension_atr_max': None, 'use_m15_ema_trend': False, 'use_m15_ema200_filter': False, 'momentum_atr_percentile_min': 35.0, 'momentum_atr_percentile_max': None, 'session_ranges_utc_minutes': ((780, 870),), 'entry_mode': 'next_m5'}",21.87038867074093,0.1707025303951363,0.1511320698901762,False
sensitivity,XAUUSDm,sens_thai_20_2130_rr1.6_body2_wick0.4_atrMin40,94,46.808510638297875,1.0969742960569118,1.0617228936785432,-1.7680400222574035,1.1294924400835737,0.0451796976033429,0.1910569105691057,-148.26330714792056,17,9,52.94117647058824,155.22780607226073,6,"{'strategy': 'momentum', 'variant': 'sens_thai_20_2130_rr1.6_body2_wick0.4_atrMin40', 'initial_balance': 10000.0, 'risk_pct': 0.0025, 'fee_rate': 0.0001, 'spread_atr_mult': 0.03, 'slippage_min_spread': 0.3, 'slippage_max_spread': 1.0, 'max_trades_per_day': 3, 'daily_loss_limit_pct': 0.03, 'max_hold_minutes': 720, 'seed': 42, 'sweep_lookback': 20, 'wick_body_min': 1.5, 'atr_percentile_min': 30.0, 'sweep_rr': 2.0, 'sl_atr_buffer': 0.1, 'use_m1_confirmation': False, 'session': 'ny', 'adx_min': 18.0, 'momentum_rr': 1.6, 'use_atr_expansion': False, 'body_mult': 2.0, 'max_wick_pct': 0.4, 'momentum_sl_atr_mult': 1.0, 'session_hours_utc': None, 'close_extreme_pct': None, 'ema_extension_atr_max': None, 'use_m15_ema_trend': False, 'use_m15_ema200_filter': False, 'momentum_atr_percentile_min': 40.0, 'momentum_atr_percentile_max': None, 'session_ranges_utc_minutes': ((780, 870),), 'entry_mode': 'next_m5'}",21.87038867074093,0.1707025303951363,0.1511320698901762,False
sensitivity,XAUUSDm,sens_thai_20_2130_rr1.6_body2_wick0.4_atrMin45,94,46.808510638297875,1.0969742960569118,1.0617228936785432,-1.7680400222574035,1.1294924400835737,0.0451796976033429,0.1910569105691057,-148.26330714792056,17,9,52.94117647058824,155.22780607226073,6,"{'strategy': 'momentum', 'variant': 'sens_thai_20_2130_rr1.6_body2_wick0.4_atrMin45', 'initial_balance': 10000.0, 'risk_pct': 0.0025, 'fee_rate': 0.0001, 'spread_atr_mult': 0.03, 'slippage_min_spread': 0.3, 'slippage_max_spread': 1.0, 'max_trades_per_day': 3, 'daily_loss_limit_pct': 0.03, 'max_hold_minutes': 720, 'seed': 42, 'sweep_lookback': 20, 'wick_body_min': 1.5, 'atr_percentile_min': 30.0, 'sweep_rr': 2.0, 'sl_atr_buffer': 0.1, 'use_m1_confirmation': False, 'session': 'ny', 'adx_min': 18.0, 'momentum_rr': 1.6, 'use_atr_expansion': False, 'body_mult': 2.0, 'max_wick_pct': 0.4, 'momentum_sl_atr_mult': 1.0, 'session_hours_utc': None, 'close_extreme_pct': None, 'ema_extension_atr_max': None, 'use_m15_ema_trend': False, 'use_m15_ema200_filter': False, 'momentum_atr_percentile_min': 45.0, 'momentum_atr_percentile_max': None, 'session_ranges_utc_minutes': ((780, 870),), 'entry_mode': 'next_m5'}",21.87038867074093,0.1707025303951363,0.1511320698901762,False
sensitivity,XAUUSDm,sens_thai_20_2130_rr1.6_body2.2_wick0.4_atrMin35,85,45.88235294117647,1.0966086676576232,0.9510899758657069,-2.033592839787906,1.1189293833713998,0.044757175334856,0.17276422764227642,-148.03724854586068,17,8,47.05882352941176,116.44392614722821,6,"{'strategy': 'momentum', 'variant': 'sens_thai_20_2130_rr1.6_body2.2_wick0.4_atrMin35', 'initial_balance': 10000.0, 'risk_pct': 0.0025, 'fee_rate': 0.0001, 'spread_atr_mult': 0.03, 'slippage_min_spread': 0.3, 'slippage_max_spread': 1.0, 'max_trades_per_day': 3, 'daily_loss_limit_pct': 0.03, 'max_hold_minutes': 720, 'seed': 42, 'sweep_lookback': 20, 'wick_body_min': 1.5, 'atr_percentile_min': 30.0, 'sweep_rr': 2.0, 'sl_atr_buffer': 0.1, 'use_m1_confirmation': False, 'session': 'ny', 'adx_min': 18.0, 'momentum_rr': 1.6, 'use_atr_expansion': False, 'body_mult': 2.2, 'max_wick_pct': 0.4, 'momentum_sl_atr_mult': 1.0, 'session_hours_utc': None, 'close_extreme_pct': None, 'ema_extension_atr_max': None, 'use_m15_ema_trend': False, 'use_m15_ema200_filter': False, 'momentum_atr_percentile_min': 35.0, 'momentum_atr_percentile_max': None, 'session_ranges_utc_minutes': ((780, 870),), 'entry_mode': 'next_m5'}",22.638560839703114,0.17543571428571403,0.15678890633572953,False
sensitivity,XAUUSDm,sens_thai_20_2130_rr1.6_body2.2_wick0.4_atrMin40,85,45.88235294117647,1.0966086676576232,0.9510899758657069,-2.033592839787906,1.1189293833713998,0.044757175334856,0.17276422764227642,-148.03724854586068,17,8,47.05882352941176,116.44392614722821,6,"{'strategy': 'momentum', 'variant': 'sens_thai_20_2130_rr1.6_body2.2_wick0.4_atrMin40', 'initial_balance': 10000.0, 'risk_pct': 0.0025, 'fee_rate': 0.0001, 'spread_atr_mult': 0.03, 'slippage_min_spread': 0.3, 'slippage_max_spread': 1.0, 'max_trades_per_day': 3, 'daily_loss_limit_pct': 0.03, 'max_hold_minutes': 720, 'seed': 42, 'sweep_lookback': 20, 'wick_body_min': 1.5, 'atr_percentile_min': 30.0, 'sweep_rr': 2.0, 'sl_atr_buffer': 0.1, 'use_m1_confirmation': False, 'session': 'ny', 'adx_min': 18.0, 'momentum_rr': 1.6, 'use_atr_expansion': False, 'body_mult': 2.2, 'max_wick_pct': 0.4, 'momentum_sl_atr_mult': 1.0, 'session_hours_utc': None, 'close_extreme_pct': None, 'ema_extension_atr_max': None, 'use_m15_ema_trend': False, 'use_m15_ema200_filter': False, 'momentum_atr_percentile_min': 40.0, 'momentum_atr_percentile_max': None, 'session_ranges_utc_minutes': ((780, 870),), 'entry_mode': 'next_m5'}",22.638560839703114,0.17543571428571403,0.15678890633572953,False
sensitivity,XAUUSDm,sens_thai_20_2130_rr1.6_body2.2_wick0.4_atrMin45,85,45.88235294117647,1.0966086676576232,0.9510899758657069,-2.033592839787906,1.1189293833713998,0.044757175334856,0.17276422764227642,-148.03724854586068,17,8,47.05882352941176,116.44392614722821,6,"{'strategy': 'momentum', 'variant': 'sens_thai_20_2130_rr1.6_body2.2_wick0.4_atrMin45', 'initial_balance': 10000.0, 'risk_pct': 0.0025, 'fee_rate': 0.0001, 'spread_atr_mult': 0.03, 'slippage_min_spread': 0.3, 'slippage_max_spread': 1.0, 'max_trades_per_day': 3, 'daily_loss_limit_pct': 0.03, 'max_hold_minutes': 720, 'seed': 42, 'sweep_lookback': 20, 'wick_body_min': 1.5, 'atr_percentile_min': 30.0, 'sweep_rr': 2.0, 'sl_atr_buffer': 0.1, 'use_m1_confirmation': False, 'session': 'ny', 'adx_min': 18.0, 'momentum_rr': 1.6, 'use_atr_expansion': False, 'body_mult': 2.2, 'max_wick_pct': 0.4, 'momentum_sl_atr_mult': 1.0, 'session_hours_utc': None, 'close_extreme_pct': None, 'ema_extension_atr_max': None, 'use_m15_ema_trend': False, 'use_m15_ema200_filter': False, 'momentum_atr_percentile_min': 45.0, 'momentum_atr_percentile_max': None, 'session_ranges_utc_minutes': ((780, 870),), 'entry_mode': 'next_m5'}",22.638560839703114,0.17543571428571403,0.15678890633572953,False
sensitivity,XAUUSDm,sens_thai_20_2130_rr1.9_body1.8_wick0.4_atrMin50,101,43.56435643564357,1.090532423372056,1.1484158439506427,-2.4053253698134167,1.1370453900500879,0.045481815602003504,0.20528455284552846,-148.22567053047473,17,9,52.94117647058824,189.75237459180588,8,"{'strategy': 'momentum', 'variant': 'sens_thai_20_2130_rr1.9_body1.8_wick0.4_atrMin50', 'initial_balance': 10000.0, 'risk_pct': 0.0025, 'fee_rate': 0.0001, 'spread_atr_mult': 0.03, 'slippage_min_spread': 0.3, 'slippage_max_spread': 1.0, 'max_trades_per_day': 3, 'daily_loss_limit_pct': 0.03, 'max_hold_minutes': 720, 'seed': 42, 'sweep_lookback': 20, 'wick_body_min': 1.5, 'atr_percentile_min': 30.0, 'sweep_rr': 2.0, 'sl_atr_buffer': 0.1, 'use_m1_confirmation': False, 'session': 'ny', 'adx_min': 18.0, 'momentum_rr': 1.9, 'use_atr_expansion': False, 'body_mult': 1.8, 'max_wick_pct': 0.4, 'momentum_sl_atr_mult': 1.0, 'session_hours_utc': None, 'close_extreme_pct': None, 'ema_extension_atr_max': None, 'use_m15_ema_trend': False, 'use_m15_ema200_filter': False, 'momentum_atr_percentile_min': 50.0, 'momentum_atr_percentile_max': None, 'session_ranges_utc_minutes': ((780, 870),), 'entry_mode': 'next_m5'}",21.479728399357718,0.1708993493635074,0.15030125521724258,False
sensitivity,XAUUSDm,sens_thai_20_2130_rr1.9_body1.8_wick0.4_atrMin35,101,43.56435643564357,1.090163937475072,1.144128146933035,-2.4095582360994983,1.1328001454782042,0.04531200581912816,0.20528455284552846,-148.22567053047473,17,9,52.94117647058824,189.75237459180588,8,"{'strategy': 'momentum', 'variant': 'sens_thai_20_2130_rr1.9_body1.8_wick0.4_atrMin35', 'initial_balance': 10000.0, 'risk_pct': 0.0025, 'fee_rate': 0.0001, 'spread_atr_mult': 0.03, 'slippage_min_spread': 0.3, 'slippage_max_spread': 1.0, 'max_trades_per_day': 3, 'daily_loss_limit_pct': 0.03, 'max_hold_minutes': 720, 'seed': 42, 'sweep_lookback': 20, 'wick_body_min': 1.5, 'atr_percentile_min': 30.0, 'sweep_rr': 2.0, 'sl_atr_buffer': 0.1, 'use_m1_confirmation': False, 'session': 'ny', 'adx_min': 18.0, 'momentum_rr': 1.9, 'use_atr_expansion': False, 'body_mult': 1.8, 'max_wick_pct': 0.4, 'momentum_sl_atr_mult': 1.0, 'session_hours_utc': None, 'close_extreme_pct': None, 'ema_extension_atr_max': None, 'use_m15_ema_trend': False, 'use_m15_ema200_filter': False, 'momentum_atr_percentile_min': 35.0, 'momentum_atr_percentile_max': None, 'session_ranges_utc_minutes': ((780, 870),), 'entry_mode': 'next_m5'}",21.43447420950738,0.17070025459688787,0.15068876472012444,False
sensitivity,XAUUSDm,sens_thai_20_2130_rr1.9_body1.8_wick0.4_atrMin40,101,43.56435643564357,1.090163937475072,1.144128146933035,-2.4095582360994983,1.1328001454782042,0.04531200581912816,0.20528455284552846,-148.22567053047473,17,9,52.94117647058824,189.75237459180588,8,"{'strategy': 'momentum', 'variant': 'sens_thai_20_2130_rr1.9_body1.8_wick0.4_atrMin40', 'initial_balance': 10000.0, 'risk_pct': 0.0025, 'fee_rate': 0.0001, 'spread_atr_mult': 0.03, 'slippage_min_spread': 0.3, 'slippage_max_spread': 1.0, 'max_trades_per_day': 3, 'daily_loss_limit_pct': 0.03, 'max_hold_minutes': 720, 'seed': 42, 'sweep_lookback': 20, 'wick_body_min': 1.5, 'atr_percentile_min': 30.0, 'sweep_rr': 2.0, 'sl_atr_buffer': 0.1, 'use_m1_confirmation': False, 'session': 'ny', 'adx_min': 18.0, 'momentum_rr': 1.9, 'use_atr_expansion': False, 'body_mult': 1.8, 'max_wick_pct': 0.4, 'momentum_sl_atr_mult': 1.0, 'session_hours_utc': None, 'close_extreme_pct': None, 'ema_extension_atr_max': None, 'use_m15_ema_trend': False, 'use_m15_ema200_filter': False, 'momentum_atr_percentile_min': 40.0, 'momentum_atr_percentile_max': None, 'session_ranges_utc_minutes': ((780, 870),), 'entry_mode': 'next_m5'}",21.43447420950738,0.17070025459688787,0.15068876472012444,False
sensitivity,XAUUSDm,sens_thai_20_2130_rr1.9_body1.8_wick0.4_atrMin45,101,43.56435643564357,1.090163937475072,1.144128146933035,-2.4095582360994983,1.1328001454782042,0.04531200581912816,0.20528455284552846,-148.22567053047473,17,9,52.94117647058824,189.75237459180588,8,"{'strategy': 'momentum', 'variant': 'sens_thai_20_2130_rr1.9_body1.8_wick0.4_atrMin45', 'initial_balance': 10000.0, 'risk_pct': 0.0025, 'fee_rate': 0.0001, 'spread_atr_mult': 0.03, 'slippage_min_spread': 0.3, 'slippage_max_spread': 1.0, 'max_trades_per_day': 3, 'daily_loss_limit_pct': 0.03, 'max_hold_minutes': 720, 'seed': 42, 'sweep_lookback': 20, 'wick_body_min': 1.5, 'atr_percentile_min': 30.0, 'sweep_rr': 2.0, 'sl_atr_buffer': 0.1, 'use_m1_confirmation': False, 'session': 'ny', 'adx_min': 18.0, 'momentum_rr': 1.9, 'use_atr_expansion': False, 'body_mult': 1.8, 'max_wick_pct': 0.4, 'momentum_sl_atr_mult': 1.0, 'session_hours_utc': None, 'close_extreme_pct': None, 'ema_extension_atr_max': None, 'use_m15_ema_trend': False, 'use_m15_ema200_filter': False, 'momentum_atr_percentile_min': 45.0, 'momentum_atr_percentile_max': None, 'session_ranges_utc_minutes': ((780, 870),), 'entry_mode': 'next_m5'}",21.43447420950738,0.17070025459688787,0.15068876472012444,False
sensitivity,XAUUSDm,sens_thai_1930_21_rr2_body2_wick0.45_atrMin50,90,44.44444444444444,1.0893162595031622,1.009678073896048,-2.4085057165228423,1.1218645265511429,0.04487458106204573,0.18292682926829268,-98.37474227326325,17,9,52.94117647058824,178.18771661603614,5,"{'strategy': 'momentum', 'variant': 'sens_thai_1930_21_rr2_body2_wick0.45_atrMin50', 'initial_balance': 10000.0, 'risk_pct': 0.0025, 'fee_rate': 0.0001, 'spread_atr_mult': 0.03, 'slippage_min_spread': 0.3, 'slippage_max_spread': 1.0, 'max_trades_per_day': 3, 'daily_loss_limit_pct': 0.03, 'max_hold_minutes': 720, 'seed': 42, 'sweep_lookback': 20, 'wick_body_min': 1.5, 'atr_percentile_min': 30.0, 'sweep_rr': 2.0, 'sl_atr_buffer': 0.1, 'use_m1_confirmation': False, 'session': 'ny', 'adx_min': 18.0, 'momentum_rr': 2.0, 'use_atr_expansion': False, 'body_mult': 2.0, 'max_wick_pct': 0.45, 'momentum_sl_atr_mult': 1.0, 'session_hours_utc': None, 'close_extreme_pct': None, 'ema_extension_atr_max': None, 'use_m15_ema_trend': False, 'use_m15_ema200_filter': False, 'momentum_atr_percentile_min': 50.0, 'momentum_atr_percentile_max': None, 'session_ranges_utc_minutes': ((750, 840),), 'entry_mode': 'next_m5'}",21.52737016229077,0.15932192857142818,0.142015301135529,False
sensitivity,XAUUSDm,sens_thai_1930_21_rr2_body2_wick0.45_atrMin45,93,44.086021505376344,1.0820005628626261,0.9700409013033096,-2.1909746925311975,1.0430547325842146,0.0417221893033686,0.18902439024390244,-98.23169611343073,17,10,58.82352941176471,178.23722971821286,5,"{'strategy': 'momentum', 'variant': 'sens_thai_1930_21_rr2_body2_wick0.45_atrMin45', 'initial_balance': 10000.0, 'risk_pct': 0.0025, 'fee_rate': 0.0001, 'spread_atr_mult': 0.03, 'slippage_min_spread': 0.3, 'slippage_max_spread': 1.0, 'max_trades_per_day': 3, 'daily_loss_limit_pct': 0.03, 'max_hold_minutes': 720, 'seed': 42, 'sweep_lookback': 20, 'wick_body_min': 1.5, 'atr_percentile_min': 30.0, 'sweep_rr': 2.0, 'sl_atr_buffer': 0.1, 'use_m1_confirmation': False, 'session': 'ny', 'adx_min': 18.0, 'momentum_rr': 2.0, 'use_atr_expansion': False, 'body_mult': 2.0, 'max_wick_pct': 0.45, 'momentum_sl_atr_mult': 1.0, 'session_hours_utc': None, 'close_extreme_pct': None, 'ema_extension_atr_max': None, 'use_m15_ema_trend': False, 'use_m15_ema200_filter': False, 'momentum_atr_percentile_min': 45.0, 'momentum_atr_percentile_max': None, 'session_ranges_utc_minutes': ((750, 840),), 'entry_mode': 'next_m5'}",21.31017753921042,0.15899497695852505,0.15243205556875036,False
sensitivity,XAUUSDm,sens_thai_1930_21_rr2_body2_wick0.45_atrMin35,93,44.086021505376344,1.0818381692662749,0.9681575561914177,-2.192383492940884,1.0410296303133535,0.04164118521253416,0.18902439024390244,-98.23169611343073,17,10,58.82352941176471,178.23722971821286,5,"{'strategy': 'momentum', 'variant': 'sens_thai_1930_21_rr2_body2_wick0.45_atrMin35', 'initial_balance': 10000.0, 'risk_pct': 0.0025, 'fee_rate': 0.0001, 'spread_atr_mult': 0.03, 'slippage_min_spread': 0.3, 'slippage_max_spread': 1.0, 'max_trades_per_day': 3, 'daily_loss_limit_pct': 0.03, 'max_hold_minutes': 720, 'seed': 42, 'sweep_lookback': 20, 'wick_body_min': 1.5, 'atr_percentile_min': 30.0, 'sweep_rr': 2.0, 'sl_atr_buffer': 0.1, 'use_m1_confirmation': False, 'session': 'ny', 'adx_min': 18.0, 'momentum_rr': 2.0, 'use_atr_expansion': False, 'body_mult': 2.0, 'max_wick_pct': 0.45, 'momentum_sl_atr_mult': 1.0, 'session_hours_utc': None, 'close_extreme_pct': None, 'ema_extension_atr_max': None, 'use_m15_ema_trend': False, 'use_m15_ema200_filter': False, 'momentum_atr_percentile_min': 35.0, 'momentum_atr_percentile_max': None, 'session_ranges_utc_minutes': ((750, 840),), 'entry_mode': 'next_m5'}",21.295647202841078,0.1586190783410135,0.1523674962962088,False
sensitivity,XAUUSDm,sens_thai_1930_21_rr2_body2_wick0.45_atrMin40,93,44.086021505376344,1.0818381692662749,0.9681575561914177,-2.192383492940884,1.0410296303133535,0.04164118521253416,0.18902439024390244,-98.23169611343073,17,10,58.82352941176471,178.23722971821286,5,"{'strategy': 'momentum', 'variant': 'sens_thai_1930_21_rr2_body2_wick0.45_atrMin40', 'initial_balance': 10000.0, 'risk_pct': 0.0025, 'fee_rate': 0.0001, 'spread_atr_mult': 0.03, 'slippage_min_spread': 0.3, 'slippage_max_spread': 1.0, 'max_trades_per_day': 3, 'daily_loss_limit_pct': 0.03, 'max_hold_minutes': 720, 'seed': 42, 'sweep_lookback': 20, 'wick_body_min': 1.5, 'atr_percentile_min': 30.0, 'sweep_rr': 2.0, 'sl_atr_buffer': 0.1, 'use_m1_confirmation': False, 'session': 'ny', 'adx_min': 18.0, 'momentum_rr': 2.0, 'use_atr_expansion': False, 'body_mult': 2.0, 'max_wick_pct': 0.45, 'momentum_sl_atr_mult': 1.0, 'session_hours_utc': None, 'close_extreme_pct': None, 'ema_extension_atr_max': None, 'use_m15_ema_trend': False, 'use_m15_ema200_filter': False, 'momentum_atr_percentile_min': 40.0, 'momentum_atr_percentile_max': None, 'session_ranges_utc_minutes': ((750, 840),), 'entry_mode': 'next_m5'}",21.295647202841078,0.1586190783410135,0.1523674962962088,False
sensitivity,XAUUSDm,sens_thai_20_2130_rr1.7_body2.2_wick0.4_atrMin50,84,45.23809523809524,1.0810907627445236,0.7987188826396778,-2.573924776843452,0.9508558126663812,0.03803423250665526,0.17073170731707318,-148.0410522418195,17,10,58.82352941176471,123.94417614722997,6,"{'strategy': 'momentum', 'variant': 'sens_thai_20_2130_rr1.7_body2.2_wick0.4_atrMin50', 'initial_balance': 10000.0, 'risk_pct': 0.0025, 'fee_rate': 0.0001, 'spread_atr_mult': 0.03, 'slippage_min_spread': 0.3, 'slippage_max_spread': 1.0, 'max_trades_per_day': 3, 'daily_loss_limit_pct': 0.03, 'max_hold_minutes': 720, 'seed': 42, 'sweep_lookback': 20, 'wick_body_min': 1.5, 'atr_percentile_min': 30.0, 'sweep_rr': 2.0, 'sl_atr_buffer': 0.1, 'use_m1_confirmation': False, 'session': 'ny', 'adx_min': 18.0, 'momentum_rr': 1.7, 'use_atr_expansion': False, 'body_mult': 2.2, 'max_wick_pct': 0.4, 'momentum_sl_atr_mult': 1.0, 'session_hours_utc': None, 'close_extreme_pct': None, 'ema_extension_atr_max': None, 'use_m15_ema_trend': False, 'use_m15_ema200_filter': False, 'momentum_atr_percentile_min': 50.0, 'momentum_atr_percentile_max': None, 'session_ranges_utc_minutes': ((780, 870),), 'entry_mode': 'next_m5'}",22.6374761389444,0.17557933673469364,0.18465400789036107,False
sensitivity,XAUUSDm,sens_thai_20_2130_rr1.7_body2.2_wick0.4_atrMin35,84,45.23809523809524,1.080619804183207,0.7944261648319662,-2.5781826766008544,0.945745434323867,0.03782981737295469,0.17073170731707318,-148.0410522418195,17,10,58.82352941176471,123.94417614722997,6,"{'strategy': 'momentum', 'variant': 'sens_thai_20_2130_rr1.7_body2.2_wick0.4_atrMin35', 'initial_balance': 10000.0, 'risk_pct': 0.0025, 'fee_rate': 0.0001, 'spread_atr_mult': 0.03, 'slippage_min_spread': 0.3, 'slippage_max_spread': 1.0, 'max_trades_per_day': 3, 'daily_loss_limit_pct': 0.03, 'max_hold_minutes': 720, 'seed': 42, 'sweep_lookback': 20, 'wick_body_min': 1.5, 'atr_percentile_min': 30.0, 'sweep_rr': 2.0, 'sl_atr_buffer': 0.1, 'use_m1_confirmation': False, 'session': 'ny', 'adx_min': 18.0, 'momentum_rr': 1.7, 'use_atr_expansion': False, 'body_mult': 2.2, 'max_wick_pct': 0.4, 'momentum_sl_atr_mult': 1.0, 'session_hours_utc': None, 'close_extreme_pct': None, 'ema_extension_atr_max': None, 'use_m15_ema_trend': False, 'use_m15_ema200_filter': False, 'momentum_atr_percentile_min': 35.0, 'momentum_atr_percentile_max': None, 'session_ranges_utc_minutes': ((780, 870),), 'entry_mode': 'next_m5'}",22.583085346187325,0.1753399489795916,0.18539867348653472,False
sensitivity,XAUUSDm,sens_thai_20_2130_rr1.7_body2.2_wick0.4_atrMin40,84,45.23809523809524,1.080619804183207,0.7944261648319662,-2.5781826766008544,0.945745434323867,0.03782981737295469,0.17073170731707318,-148.0410522418195,17,10,58.82352941176471,123.94417614722997,6,"{'strategy': 'momentum', 'variant': 'sens_thai_20_2130_rr1.7_body2.2_wick0.4_atrMin40', 'initial_balance': 10000.0, 'risk_pct': 0.0025, 'fee_rate': 0.0001, 'spread_atr_mult': 0.03, 'slippage_min_spread': 0.3, 'slippage_max_spread': 1.0, 'max_trades_per_day': 3, 'daily_loss_limit_pct': 0.03, 'max_hold_minutes': 720, 'seed': 42, 'sweep_lookback': 20, 'wick_body_min': 1.5, 'atr_percentile_min': 30.0, 'sweep_rr': 2.0, 'sl_atr_buffer': 0.1, 'use_m1_confirmation': False, 'session': 'ny', 'adx_min': 18.0, 'momentum_rr': 1.7, 'use_atr_expansion': False, 'body_mult': 2.2, 'max_wick_pct': 0.4, 'momentum_sl_atr_mult': 1.0, 'session_hours_utc': None, 'close_extreme_pct': None, 'ema_extension_atr_max': None, 'use_m15_ema_trend': False, 'use_m15_ema200_filter': False, 'momentum_atr_percentile_min': 40.0, 'momentum_atr_percentile_max': None, 'session_ranges_utc_minutes': ((780, 870),), 'entry_mode': 'next_m5'}",22.583085346187325,0.1753399489795916,0.18539867348653472,False
sensitivity,XAUUSDm,sens_thai_20_2130_rr1.7_body2.2_wick0.4_atrMin45,84,45.23809523809524,1.080619804183207,0.7944261648319662,-2.5781826766008544,0.945745434323867,0.03782981737295469,0.17073170731707318,-148.0410522418195,17,10,58.82352941176471,123.94417614722997,6,"{'strategy': 'momentum', 'variant': 'sens_thai_20_2130_rr1.7_body2.2_wick0.4_atrMin45', 'initial_balance': 10000.0, 'risk_pct': 0.0025, 'fee_rate': 0.0001, 'spread_atr_mult': 0.03, 'slippage_min_spread': 0.3, 'slippage_max_spread': 1.0, 'max_trades_per_day': 3, 'daily_loss_limit_pct': 0.03, 'max_hold_minutes': 720, 'seed': 42, 'sweep_lookback': 20, 'wick_body_min': 1.5, 'atr_percentile_min': 30.0, 'sweep_rr': 2.0, 'sl_atr_buffer': 0.1, 'use_m1_confirmation': False, 'session': 'ny', 'adx_min': 18.0, 'momentum_rr': 1.7, 'use_atr_expansion': False, 'body_mult': 2.2, 'max_wick_pct': 0.4, 'momentum_sl_atr_mult': 1.0, 'session_hours_utc': None, 'close_extreme_pct': None, 'ema_extension_atr_max': None, 'use_m15_ema_trend': False, 'use_m15_ema200_filter': False, 'momentum_atr_percentile_min': 45.0, 'momentum_atr_percentile_max': None, 'session_ranges_utc_minutes': ((780, 870),), 'entry_mode': 'next_m5'}",22.583085346187325,0.1753399489795916,0.18539867348653472,False
sensitivity,XAUUSDm,sens_thai_1930_21_rr2_body2_wick0.35_atrMin50,86,44.18604651162791,1.074182048362344,0.812324183248893,-2.4891526375629947,0.9445630037777544,0.03778252015111017,0.17479674796747968,-98.37474227326325,17,9,52.94117647058824,178.29030884189302,5,"{'strategy': 'momentum', 'variant': 'sens_thai_1930_21_rr2_body2_wick0.35_atrMin50', 'initial_balance': 10000.0, 'risk_pct': 0.0025, 'fee_rate': 0.0001, 'spread_atr_mult': 0.03, 'slippage_min_spread': 0.3, 'slippage_max_spread': 1.0, 'max_trades_per_day': 3, 'daily_loss_limit_pct': 0.03, 'max_hold_minutes': 720, 'seed': 42, 'sweep_lookback': 20, 'wick_body_min': 1.5, 'atr_percentile_min': 30.0, 'sweep_rr': 2.0, 'sl_atr_buffer': 0.1, 'use_m1_confirmation': False, 'session': 'ny', 'adx_min': 18.0, 'momentum_rr': 2.0, 'use_atr_expansion': False, 'body_mult': 2.0, 'max_wick_pct': 0.35, 'momentum_sl_atr_mult': 1.0, 'session_hours_utc': None, 'close_extreme_pct': None, 'ema_extension_atr_max': None, 'use_m15_ema_trend': False, 'use_m15_ema200_filter': False, 'momentum_atr_percentile_min': 50.0, 'momentum_atr_percentile_max': None, 'session_ranges_utc_minutes': ((750, 840),), 'entry_mode': 'next_m5'}",21.662591232148834,0.1597630066445178,0.16913959789399963,False
sensitivity,XAUUSDm,sens_thai_20_2130_rr1.7_body2_wick0.45_atrMin50,96,44.79166666666667,1.0728883918682894,0.835931542356575,-2.4538220731482103,0.8707620232881603,0.03483048093152644,0.1951219512195122,-148.26305446055775,17,10,58.82352941176471,165.29837700542467,8,"{'strategy': 'momentum', 'variant': 'sens_thai_20_2130_rr1.7_body2_wick0.45_atrMin50', 'initial_balance': 10000.0, 'risk_pct': 0.0025, 'fee_rate': 0.0001, 'spread_atr_mult': 0.03, 'slippage_min_spread': 0.3, 'slippage_max_spread': 1.0, 'max_trades_per_day': 3, 'daily_loss_limit_pct': 0.03, 'max_hold_minutes': 720, 'seed': 42, 'sweep_lookback': 20, 'wick_body_min': 1.5, 'atr_percentile_min': 30.0, 'sweep_rr': 2.0, 'sl_atr_buffer': 0.1, 'use_m1_confirmation': False, 'session': 'ny', 'adx_min': 18.0, 'momentum_rr': 1.7, 'use_atr_expansion': False, 'body_mult': 2.0, 'max_wick_pct': 0.45, 'momentum_sl_atr_mult': 1.0, 'session_hours_utc': None, 'close_extreme_pct': None, 'ema_extension_atr_max': None, 'use_m15_ema_trend': False, 'use_m15_ema200_filter': False, 'momentum_atr_percentile_min': 50.0, 'momentum_atr_percentile_max': None, 'session_ranges_utc_minutes': ((780, 870),), 'entry_mode': 'next_m5'}",21.662217639133715,0.16900433035714246,0.1940878516026118,False
sensitivity,XAUUSDm,sens_thai_20_2130_rr1.7_body2_wick0.45_atrMin35,96,44.79166666666667,1.0724889213788642,0.8316598080628318,-2.458057332098398,0.8663123000655074,0.03465249200262032,0.1951219512195122,-148.26305446055775,17,10,58.82352941176471,165.29837700542467,8,"{'strategy': 'momentum', 'variant': 'sens_thai_20_2130_rr1.7_body2_wick0.45_atrMin35', 'initial_balance': 10000.0, 'risk_pct': 0.0025, 'fee_rate': 0.0001, 'spread_atr_mult': 0.03, 'slippage_min_spread': 0.3, 'slippage_max_spread': 1.0, 'max_trades_per_day': 3, 'daily_loss_limit_pct': 0.03, 'max_hold_minutes': 720, 'seed': 42, 'sweep_lookback': 20, 'wick_body_min': 1.5, 'atr_percentile_min': 30.0, 'sweep_rr': 2.0, 'sl_atr_buffer': 0.1, 'use_m1_confirmation': False, 'session': 'ny', 'adx_min': 18.0, 'momentum_rr': 1.7, 'use_atr_expansion': False, 'body_mult': 2.0, 'max_wick_pct': 0.45, 'momentum_sl_atr_mult': 1.0, 'session_hours_utc': None, 'close_extreme_pct': None, 'ema_extension_atr_max': None, 'use_m15_ema_trend': False, 'use_m15_ema200_filter': False, 'momentum_atr_percentile_min': 35.0, 'momentum_atr_percentile_max': None, 'session_ranges_utc_minutes': ((780, 870),), 'entry_mode': 'next_m5'}",21.614545033620704,0.16879486607142816,0.19484297528577685,False
sensitivity,XAUUSDm,sens_thai_20_2130_rr1.7_body2_wick0.45_atrMin40,96,44.79166666666667,1.0724889213788642,0.8316598080628318,-2.458057332098398,0.8663123000655074,0.03465249200262032,0.1951219512195122,-148.26305446055775,17,10,58.82352941176471,165.29837700542467,8,"{'strategy': 'momentum', 'variant': 'sens_thai_20_2130_rr1.7_body2_wick0.45_atrMin40', 'initial_balance': 10000.0, 'risk_pct': 0.0025, 'fee_rate': 0.0001, 'spread_atr_mult': 0.03, 'slippage_min_spread': 0.3, 'slippage_max_spread': 1.0, 'max_trades_per_day': 3, 'daily_loss_limit_pct': 0.03, 'max_hold_minutes': 720, 'seed': 42, 'sweep_lookback': 20, 'wick_body_min': 1.5, 'atr_percentile_min': 30.0, 'sweep_rr': 2.0, 'sl_atr_buffer': 0.1, 'use_m1_confirmation': False, 'session': 'ny', 'adx_min': 18.0, 'momentum_rr': 1.7, 'use_atr_expansion': False, 'body_mult': 2.0, 'max_wick_pct': 0.45, 'momentum_sl_atr_mult': 1.0, 'session_hours_utc': None, 'close_extreme_pct': None, 'ema_extension_atr_max': None, 'use_m15_ema_trend': False, 'use_m15_ema200_filter': False, 'momentum_atr_percentile_min': 40.0, 'momentum_atr_percentile_max': None, 'session_ranges_utc_minutes': ((780, 870),), 'entry_mode': 'next_m5'}",21.614545033620704,0.16879486607142816,0.19484297528577685,False
sensitivity,XAUUSDm,sens_thai_20_2130_rr1.7_body2_wick0.45_atrMin45,96,44.79166666666667,1.0724889213788642,0.8316598080628318,-2.458057332098398,0.8663123000655074,0.03465249200262032,0.1951219512195122,-148.26305446055775,17,10,58.82352941176471,165.29837700542467,8,"{'strategy': 'momentum', 'variant': 'sens_thai_20_2130_rr1.7_body2_wick0.45_atrMin45', 'initial_balance': 10000.0, 'risk_pct': 0.0025, 'fee_rate': 0.0001, 'spread_atr_mult': 0.03, 'slippage_min_spread': 0.3, 'slippage_max_spread': 1.0, 'max_trades_per_day': 3, 'daily_loss_limit_pct': 0.03, 'max_hold_minutes': 720, 'seed': 42, 'sweep_lookback': 20, 'wick_body_min': 1.5, 'atr_percentile_min': 30.0, 'sweep_rr': 2.0, 'sl_atr_buffer': 0.1, 'use_m1_confirmation': False, 'session': 'ny', 'adx_min': 18.0, 'momentum_rr': 1.7, 'use_atr_expansion': False, 'body_mult': 2.0, 'max_wick_pct': 0.45, 'momentum_sl_atr_mult': 1.0, 'session_hours_utc': None, 'close_extreme_pct': None, 'ema_extension_atr_max': None, 'use_m15_ema_trend': False, 'use_m15_ema200_filter': False, 'momentum_atr_percentile_min': 45.0, 'momentum_atr_percentile_max': None, 'session_ranges_utc_minutes': ((780, 870),), 'entry_mode': 'next_m5'}",21.614545033620704,0.16879486607142816,0.19484297528577685,False
sensitivity,XAUUSDm,sens_thai_20_2130_rr1.9_body2_wick0.35_atrMin50,91,43.956043956043956,1.0700481876464254,0.7851186980325473,-2.417942853016969,0.8627678000358643,0.03451071200143458,0.18495934959349594,-147.96010410718293,17,9,52.94117647058824,158.86144324628984,7,"{'strategy': 'momentum', 'variant': 'sens_thai_20_2130_rr1.9_body2_wick0.35_atrMin50', 'initial_balance': 10000.0, 'risk_pct': 0.0025, 'fee_rate': 0.0001, 'spread_atr_mult': 0.03, 'slippage_min_spread': 0.3, 'slippage_max_spread': 1.0, 'max_trades_per_day': 3, 'daily_loss_limit_pct': 0.03, 'max_hold_minutes': 720, 'seed': 42, 'sweep_lookback': 20, 'wick_body_min': 1.5, 'atr_percentile_min': 30.0, 'sweep_rr': 2.0, 'sl_atr_buffer': 0.1, 'use_m1_confirmation': False, 'session': 'ny', 'adx_min': 18.0, 'momentum_rr': 1.9, 'use_atr_expansion': False, 'body_mult': 2.0, 'max_wick_pct': 0.35, 'momentum_sl_atr_mult': 1.0, 'session_hours_utc': None, 'close_extreme_pct': None, 'ema_extension_atr_max': None, 'use_m15_ema_trend': False, 'use_m15_ema200_filter': False, 'momentum_atr_percentile_min': 50.0, 'momentum_atr_percentile_max': None, 'session_ranges_utc_minutes': ((780, 870),), 'entry_mode': 'next_m5'}",22.048498165296866,0.17129194662480332,0.19853771387583416,False
sensitivity,XAUUSDm,sens_thai_20_2130_rr1.9_body2_wick0.35_atrMin35,91,43.956043956043956,1.0696402987490987,0.7808446190385621,-2.4221699589079515,0.8580710099325806,0.03432284039730324,0.18495934959349594,-147.96010410718293,17,9,52.94117647058824,158.86144324628984,7,"{'strategy': 'momentum', 'variant': 'sens_thai_20_2130_rr1.9_body2_wick0.35_atrMin35', 'initial_balance': 10000.0, 'risk_pct': 0.0025, 'fee_rate': 0.0001, 'spread_atr_mult': 0.03, 'slippage_min_spread': 0.3, 'slippage_max_spread': 1.0, 'max_trades_per_day': 3, 'daily_loss_limit_pct': 0.03, 'max_hold_minutes': 720, 'seed': 42, 'sweep_lookback': 20, 'wick_body_min': 1.5, 'atr_percentile_min': 30.0, 'sweep_rr': 2.0, 'sl_atr_buffer': 0.1, 'use_m1_confirmation': False, 'session': 'ny', 'adx_min': 18.0, 'momentum_rr': 1.9, 'use_atr_expansion': False, 'body_mult': 2.0, 'max_wick_pct': 0.35, 'momentum_sl_atr_mult': 1.0, 'session_hours_utc': None, 'close_extreme_pct': None, 'ema_extension_atr_max': None, 'use_m15_ema_trend': False, 'use_m15_ema200_filter': False, 'momentum_atr_percentile_min': 35.0, 'momentum_atr_percentile_max': None, 'session_ranges_utc_minutes': ((780, 870),), 'entry_mode': 'next_m5'}",21.998215731734135,0.17107097331240143,0.19936691874235749,False
sensitivity,XAUUSDm,sens_thai_20_2130_rr1.9_body2_wick0.35_atrMin40,91,43.956043956043956,1.0696402987490987,0.7808446190385621,-2.4221699589079515,0.8580710099325806,0.03432284039730324,0.18495934959349594,-147.96010410718293,17,9,52.94117647058824,158.86144324628984,7,"{'strategy': 'momentum', 'variant': 'sens_thai_20_2130_rr1.9_body2_wick0.35_atrMin40', 'initial_balance': 10000.0, 'risk_pct': 0.0025, 'fee_rate': 0.0001, 'spread_atr_mult': 0.03, 'slippage_min_spread': 0.3, 'slippage_max_spread': 1.0, 'max_trades_per_day': 3, 'daily_loss_limit_pct': 0.03, 'max_hold_minutes': 720, 'seed': 42, 'sweep_lookback': 20, 'wick_body_min': 1.5, 'atr_percentile_min': 30.0, 'sweep_rr': 2.0, 'sl_atr_buffer': 0.1, 'use_m1_confirmation': False, 'session': 'ny', 'adx_min': 18.0, 'momentum_rr': 1.9, 'use_atr_expansion': False, 'body_mult': 2.0, 'max_wick_pct': 0.35, 'momentum_sl_atr_mult': 1.0, 'session_hours_utc': None, 'close_extreme_pct': None, 'ema_extension_atr_max': None, 'use_m15_ema_trend': False, 'use_m15_ema200_filter': False, 'momentum_atr_percentile_min': 40.0, 'momentum_atr_percentile_max': None, 'session_ranges_utc_minutes': ((780, 870),), 'entry_mode': 'next_m5'}",21.998215731734135,0.17107097331240143,0.19936691874235749,False
sensitivity,XAUUSDm,sens_thai_20_2130_rr1.9_body2_wick0.35_atrMin45,91,43.956043956043956,1.0696402987490987,0.7808446190385621,-2.4221699589079515,0.8580710099325806,0.03432284039730324,0.18495934959349594,-147.96010410718293,17,9,52.94117647058824,158.86144324628984,7,"{'strategy': 'momentum', 'variant': 'sens_thai_20_2130_rr1.9_body2_wick0.35_atrMin45', 'initial_balance': 10000.0, 'risk_pct': 0.0025, 'fee_rate': 0.0001, 'spread_atr_mult': 0.03, 'slippage_min_spread': 0.3, 'slippage_max_spread': 1.0, 'max_trades_per_day': 3, 'daily_loss_limit_pct': 0.03, 'max_hold_minutes': 720, 'seed': 42, 'sweep_lookback': 20, 'wick_body_min': 1.5, 'atr_percentile_min': 30.0, 'sweep_rr': 2.0, 'sl_atr_buffer': 0.1, 'use_m1_confirmation': False, 'session': 'ny', 'adx_min': 18.0, 'momentum_rr': 1.9, 'use_atr_expansion': False, 'body_mult': 2.0, 'max_wick_pct': 0.35, 'momentum_sl_atr_mult': 1.0, 'session_hours_utc': None, 'close_extreme_pct': None, 'ema_extension_atr_max': None, 'use_m15_ema_trend': False, 'use_m15_ema200_filter': False, 'momentum_atr_percentile_min': 45.0, 'momentum_atr_percentile_max': None, 'session_ranges_utc_minutes': ((780, 870),), 'entry_mode': 'next_m5'}",21.998215731734135,0.17107097331240143,0.19936691874235749,False
sensitivity,XAUUSDm,sens_thai_1930_21_rr2_body2_wick0.35_atrMin45,89,43.82022471910113,1.0671418973736322,0.7704979086614913,-2.27170400889538,0.8657279872601167,0.034629119490404654,0.18089430894308944,-98.23169611343073,17,10,58.82352941176471,178.33978510689053,6,"{'strategy': 'momentum', 'variant': 'sens_thai_1930_21_rr2_body2_wick0.35_atrMin45', 'initial_balance': 10000.0, 'risk_pct': 0.0025, 'fee_rate': 0.0001, 'spread_atr_mult': 0.03, 'slippage_min_spread': 0.3, 'slippage_max_spread': 1.0, 'max_trades_per_day': 3, 'daily_loss_limit_pct': 0.03, 'max_hold_minutes': 720, 'seed': 42, 'sweep_lookback': 20, 'wick_body_min': 1.5, 'atr_percentile_min': 30.0, 'sweep_rr': 2.0, 'sl_atr_buffer': 0.1, 'use_m1_confirmation': False, 'session': 'ny', 'adx_min': 18.0, 'momentum_rr': 2.0, 'use_atr_expansion': False, 'body_mult': 2.0, 'max_wick_pct': 0.35, 'momentum_sl_atr_mult': 1.0, 'session_hours_utc': None, 'close_extreme_pct': None, 'ema_extension_atr_max': None, 'use_m15_ema_trend': False, 'use_m15_ema200_filter': False, 'momentum_atr_percentile_min': 45.0, 'momentum_atr_percentile_max': None, 'session_ranges_utc_minutes': ((750, 840),), 'entry_mode': 'next_m5'}",21.43118827284851,0.15940649277688562,0.18412999824734827,False
sensitivity,XAUUSDm,sens_thai_1930_21_rr2_body2_wick0.35_atrMin35,89,43.82022471910113,1.0669750909437419,0.7686145635495996,-2.273112809305067,0.8636118691568574,0.034544474766274286,0.18089430894308944,-98.23169611343073,17,10,58.82352941176471,178.33978510689053,6,"{'strategy': 'momentum', 'variant': 'sens_thai_1930_21_rr2_body2_wick0.35_atrMin35', 'initial_balance': 10000.0, 'risk_pct': 0.0025, 'fee_rate': 0.0001, 'spread_atr_mult': 0.03, 'slippage_min_spread': 0.3, 'slippage_max_spread': 1.0, 'max_trades_per_day': 3, 'daily_loss_limit_pct': 0.03, 'max_hold_minutes': 720, 'seed': 42, 'sweep_lookback': 20, 'wick_body_min': 1.5, 'atr_percentile_min': 30.0, 'sweep_rr': 2.0, 'sl_atr_buffer': 0.1, 'use_m1_confirmation': False, 'session': 'ny', 'adx_min': 18.0, 'momentum_rr': 2.0, 'use_atr_expansion': False, 'body_mult': 2.0, 'max_wick_pct': 0.35, 'momentum_sl_atr_mult': 1.0, 'session_hours_utc': None, 'close_extreme_pct': None, 'ema_extension_atr_max': None, 'use_m15_ema_trend': False, 'use_m15_ema200_filter': False, 'momentum_atr_percentile_min': 35.0, 'momentum_atr_percentile_max': None, 'session_ranges_utc_minutes': ((750, 840),), 'entry_mode': 'next_m5'}",21.416004887653575,0.15901369983948593,0.18412634832674396,False
sensitivity,XAUUSDm,sens_thai_1930_21_rr2_body2_wick0.35_atrMin40,89,43.82022471910113,1.0669750909437419,0.7686145635495996,-2.273112809305067,0.8636118691568574,0.034544474766274286,0.18089430894308944,-98.23169611343073,17,10,58.82352941176471,178.33978510689053,6,"{'strategy': 'momentum', 'variant': 'sens_thai_1930_21_rr2_body2_wick0.35_atrMin40', 'initial_balance': 10000.0, 'risk_pct': 0.0025, 'fee_rate': 0.0001, 'spread_atr_mult': 0.03, 'slippage_min_spread': 0.3, 'slippage_max_spread': 1.0, 'max_trades_per_day': 3, 'daily_loss_limit_pct': 0.03, 'max_hold_minutes': 720, 'seed': 42, 'sweep_lookback': 20, 'wick_body_min': 1.5, 'atr_percentile_min': 30.0, 'sweep_rr': 2.0, 'sl_atr_buffer': 0.1, 'use_m1_confirmation': False, 'session': 'ny', 'adx_min': 18.0, 'momentum_rr': 2.0, 'use_atr_expansion': False, 'body_mult': 2.0, 'max_wick_pct': 0.35, 'momentum_sl_atr_mult': 1.0, 'session_hours_utc': None, 'close_extreme_pct': None, 'ema_extension_atr_max': None, 'use_m15_ema_trend': False, 'use_m15_ema200_filter': False, 'momentum_atr_percentile_min': 40.0, 'momentum_atr_percentile_max': None, 'session_ranges_utc_minutes': ((750, 840),), 'entry_mode': 'next_m5'}",21.416004887653575,0.15901369983948593,0.18412634832674396,False
sensitivity,XAUUSDm,sens_thai_20_2130_rr1.8_body2.2_wick0.4_atrMin50,84,44.047619047619044,1.0666583842282649,0.6736713826396954,-2.4735040696517734,0.801989741237783,0.032079589649511325,0.17073170731707318,-148.0410522418195,17,10,58.82352941176471,131.4444261472299,6,"{'strategy': 'momentum', 'variant': 'sens_thai_20_2130_rr1.8_body2.2_wick0.4_atrMin50', 'initial_balance': 10000.0, 'risk_pct': 0.0025, 'fee_rate': 0.0001, 'spread_atr_mult': 0.03, 'slippage_min_spread': 0.3, 'slippage_max_spread': 1.0, 'max_trades_per_day': 3, 'daily_loss_limit_pct': 0.03, 'max_hold_minutes': 720, 'seed': 42, 'sweep_lookback': 20, 'wick_body_min': 1.5, 'atr_percentile_min': 30.0, 'sweep_rr': 2.0, 'sl_atr_buffer': 0.1, 'use_m1_confirmation': False, 'session': 'ny', 'adx_min': 18.0, 'momentum_rr': 1.8, 'use_atr_expansion': False, 'body_mult': 2.2, 'max_wick_pct': 0.4, 'momentum_sl_atr_mult': 1.0, 'session_hours_utc': None, 'close_extreme_pct': None, 'ema_extension_atr_max': None, 'use_m15_ema_trend': False, 'use_m15_ema200_filter': False, 'momentum_atr_percentile_min': 50.0, 'momentum_atr_percentile_max': None, 'session_ranges_utc_minutes': ((780, 870),), 'entry_mode': 'next_m5'}",22.6374761389444,0.17557933673469364,0.21892965421690588,False
sensitivity,XAUUSDm,sens_thai_20_2130_rr1.9_body2.2_wick0.45_atrMin50,87,42.5287356321839,1.066608541058657,0.7073674697913156,-2.52766244621246,0.8130660572314214,0.032522642289256894,0.17682926829268292,-148.03906128454946,17,9,52.94117647058824,138.86770726587625,7,"{'strategy': 'momentum', 'variant': 'sens_thai_20_2130_rr1.9_body2.2_wick0.45_atrMin50', 'initial_balance': 10000.0, 'risk_pct': 0.0025, 'fee_rate': 0.0001, 'spread_atr_mult': 0.03, 'slippage_min_spread': 0.3, 'slippage_max_spread': 1.0, 'max_trades_per_day': 3, 'daily_loss_limit_pct': 0.03, 'max_hold_minutes': 720, 'seed': 42, 'sweep_lookback': 20, 'wick_body_min': 1.5, 'atr_percentile_min': 30.0, 'sweep_rr': 2.0, 'sl_atr_buffer': 0.1, 'use_m1_confirmation': False, 'session': 'ny', 'adx_min': 18.0, 'momentum_rr': 1.9, 'use_atr_expansion': False, 'body_mult': 2.2, 'max_wick_pct': 0.45, 'momentum_sl_atr_mult': 1.0, 'session_hours_utc': None, 'close_extreme_pct': None, 'ema_extension_atr_max': None, 'use_m15_ema_trend': False, 'use_m15_ema200_filter': False, 'momentum_atr_percentile_min': 50.0, 'momentum_atr_percentile_max': None, 'session_ranges_utc_minutes': ((780, 870),), 'entry_mode': 'next_m5'}",22.389559202522925,0.17345302955665007,0.21333202636361,False
sensitivity,XAUUSDm,sens_thai_20_2130_rr1.8_body2.2_wick0.4_atrMin35,84,44.047619047619044,1.0662055075620709,0.6693786648319838,-2.477759858562918,0.7968793628952685,0.031875174515810754,0.17073170731707318,-148.0410522418195,17,10,58.82352941176471,131.4444261472299,6,"{'strategy': 'momentum', 'variant': 'sens_thai_20_2130_rr1.8_body2.2_wick0.4_atrMin35', 'initial_balance': 10000.0, 'risk_pct': 0.0025, 'fee_rate': 0.0001, 'spread_atr_mult': 0.03, 'slippage_min_spread': 0.3, 'slippage_max_spread': 1.0, 'max_trades_per_day': 3, 'daily_loss_limit_pct': 0.03, 'max_hold_minutes': 720, 'seed': 42, 'sweep_lookback': 20, 'wick_body_min': 1.5, 'atr_percentile_min': 30.0, 'sweep_rr': 2.0, 'sl_atr_buffer': 0.1, 'use_m1_confirmation': False, 'session': 'ny', 'adx_min': 18.0, 'momentum_rr': 1.8, 'use_atr_expansion': False, 'body_mult': 2.2, 'max_wick_pct': 0.4, 'momentum_sl_atr_mult': 1.0, 'session_hours_utc': None, 'close_extreme_pct': None, 'ema_extension_atr_max': None, 'use_m15_ema_trend': False, 'use_m15_ema200_filter': False, 'momentum_atr_percentile_min': 35.0, 'momentum_atr_percentile_max': None, 'session_ranges_utc_minutes': ((780, 870),), 'entry_mode': 'next_m5'}",22.583085346187325,0.1753399489795916,0.22003324109503386,False
sensitivity,XAUUSDm,sens_thai_20_2130_rr1.8_body2.2_wick0.4_atrMin40,84,44.047619047619044,1.0662055075620709,0.6693786648319838,-2.477759858562918,0.7968793628952685,0.031875174515810754,0.17073170731707318,-148.0410522418195,17,10,58.82352941176471,131.4444261472299,6,"{'strategy': 'momentum', 'variant': 'sens_thai_20_2130_rr1.8_body2.2_wick0.4_atrMin40', 'initial_balance': 10000.0, 'risk_pct': 0.0025, 'fee_rate': 0.0001, 'spread_atr_mult': 0.03, 'slippage_min_spread': 0.3, 'slippage_max_spread': 1.0, 'max_trades_per_day': 3, 'daily_loss_limit_pct': 0.03, 'max_hold_minutes': 720, 'seed': 42, 'sweep_lookback': 20, 'wick_body_min': 1.5, 'atr_percentile_min': 30.0, 'sweep_rr': 2.0, 'sl_atr_buffer': 0.1, 'use_m1_confirmation': False, 'session': 'ny', 'adx_min': 18.0, 'momentum_rr': 1.8, 'use_atr_expansion': False, 'body_mult': 2.2, 'max_wick_pct': 0.4, 'momentum_sl_atr_mult': 1.0, 'session_hours_utc': None, 'close_extreme_pct': None, 'ema_extension_atr_max': None, 'use_m15_ema_trend': False, 'use_m15_ema200_filter': False, 'momentum_atr_percentile_min': 40.0, 'momentum_atr_percentile_max': None, 'session_ranges_utc_minutes': ((780, 870),), 'entry_mode': 'next_m5'}",22.583085346187325,0.1753399489795916,0.22003324109503386,False
sensitivity,XAUUSDm,sens_thai_20_2130_rr1.8_body2.2_wick0.4_atrMin45,84,44.047619047619044,1.0662055075620709,0.6693786648319838,-2.477759858562918,0.7968793628952685,0.031875174515810754,0.17073170731707318,-148.0410522418195,17,10,58.82352941176471,131.4444261472299,6,"{'strategy': 'momentum', 'variant': 'sens_thai_20_2130_rr1.8_body2.2_wick0.4_atrMin45', 'initial_balance': 10000.0, 'risk_pct': 0.0025, 'fee_rate': 0.0001, 'spread_atr_mult': 0.03, 'slippage_min_spread': 0.3, 'slippage_max_spread': 1.0, 'max_trades_per_day': 3, 'daily_loss_limit_pct': 0.03, 'max_hold_minutes': 720, 'seed': 42, 'sweep_lookback': 20, 'wick_body_min': 1.5, 'atr_percentile_min': 30.0, 'sweep_rr': 2.0, 'sl_atr_buffer': 0.1, 'use_m1_confirmation': False, 'session': 'ny', 'adx_min': 18.0, 'momentum_rr': 1.8, 'use_atr_expansion': False, 'body_mult': 2.2, 'max_wick_pct': 0.4, 'momentum_sl_atr_mult': 1.0, 'session_hours_utc': None, 'close_extreme_pct': None, 'ema_extension_atr_max': None, 'use_m15_ema_trend': False, 'use_m15_ema200_filter': False, 'momentum_atr_percentile_min': 45.0, 'momentum_atr_percentile_max': None, 'session_ranges_utc_minutes': ((780, 870),), 'entry_mode': 'next_m5'}",22.583085346187325,0.1753399489795916,0.22003324109503386,False
sensitivity,XAUUSDm,sens_thai_20_2130_rr1.9_body2.2_wick0.45_atrMin35,87,42.5287356321839,1.0661786152043402,0.7030851533341047,-2.5319058196077995,0.8081438544070352,0.03232575417628143,0.17682926829268292,-148.03906128454946,17,9,52.94117647058824,138.86770726587625,7,"{'strategy': 'momentum', 'variant': 'sens_thai_20_2130_rr1.9_body2.2_wick0.45_atrMin35', 'initial_balance': 10000.0, 'risk_pct': 0.0025, 'fee_rate': 0.0001, 'spread_atr_mult': 0.03, 'slippage_min_spread': 0.3, 'slippage_max_spread': 1.0, 'max_trades_per_day': 3, 'daily_loss_limit_pct': 0.03, 'max_hold_minutes': 720, 'seed': 42, 'sweep_lookback': 20, 'wick_body_min': 1.5, 'atr_percentile_min': 30.0, 'sweep_rr': 2.0, 'sl_atr_buffer': 0.1, 'use_m1_confirmation': False, 'session': 'ny', 'adx_min': 18.0, 'momentum_rr': 1.9, 'use_atr_expansion': False, 'body_mult': 2.2, 'max_wick_pct': 0.45, 'momentum_sl_atr_mult': 1.0, 'session_hours_utc': None, 'close_extreme_pct': None, 'ema_extension_atr_max': None, 'use_m15_ema_trend': False, 'use_m15_ema200_filter': False, 'momentum_atr_percentile_min': 35.0, 'momentum_atr_percentile_max': None, 'session_ranges_utc_minutes': ((780, 870),), 'entry_mode': 'next_m5'}",22.336999933304636,0.17322189655172396,0.2143453737934111,False
sensitivity,XAUUSDm,sens_thai_20_2130_rr1.9_body2.2_wick0.45_atrMin40,87,42.5287356321839,1.0661786152043402,0.7030851533341047,-2.5319058196077995,0.8081438544070352,0.03232575417628143,0.17682926829268292,-148.03906128454946,17,9,52.94117647058824,138.86770726587625,7,"{'strategy': 'momentum', 'variant': 'sens_thai_20_2130_rr1.9_body2.2_wick0.45_atrMin40', 'initial_balance': 10000.0, 'risk_pct': 0.0025, 'fee_rate': 0.0001, 'spread_atr_mult': 0.03, 'slippage_min_spread': 0.3, 'slippage_max_spread': 1.0, 'max_trades_per_day': 3, 'daily_loss_limit_pct': 0.03, 'max_hold_minutes': 720, 'seed': 42, 'sweep_lookback': 20, 'wick_body_min': 1.5, 'atr_percentile_min': 30.0, 'sweep_rr': 2.0, 'sl_atr_buffer': 0.1, 'use_m1_confirmation': False, 'session': 'ny', 'adx_min': 18.0, 'momentum_rr': 1.9, 'use_atr_expansion': False, 'body_mult': 2.2, 'max_wick_pct': 0.45, 'momentum_sl_atr_mult': 1.0, 'session_hours_utc': None, 'close_extreme_pct': None, 'ema_extension_atr_max': None, 'use_m15_ema_trend': False, 'use_m15_ema200_filter': False, 'momentum_atr_percentile_min': 40.0, 'momentum_atr_percentile_max': None, 'session_ranges_utc_minutes': ((780, 870),), 'entry_mode': 'next_m5'}",22.336999933304636,0.17322189655172396,0.2143453737934111,False
sensitivity,XAUUSDm,sens_thai_20_2130_rr1.9_body2.2_wick0.45_atrMin45,87,42.5287356321839,1.0661786152043402,0.7030851533341047,-2.5319058196077995,0.8081438544070352,0.03232575417628143,0.17682926829268292,-148.03906128454946,17,9,52.94117647058824,138.86770726587625,7,"{'strategy': 'momentum', 'variant': 'sens_thai_20_2130_rr1.9_body2.2_wick0.45_atrMin45', 'initial_balance': 10000.0, 'risk_pct': 0.0025, 'fee_rate': 0.0001, 'spread_atr_mult': 0.03, 'slippage_min_spread': 0.3, 'slippage_max_spread': 1.0, 'max_trades_per_day': 3, 'daily_loss_limit_pct': 0.03, 'max_hold_minutes': 720, 'seed': 42, 'sweep_lookback': 20, 'wick_body_min': 1.5, 'atr_percentile_min': 30.0, 'sweep_rr': 2.0, 'sl_atr_buffer': 0.1, 'use_m1_confirmation': False, 'session': 'ny', 'adx_min': 18.0, 'momentum_rr': 1.9, 'use_atr_expansion': False, 'body_mult': 2.2, 'max_wick_pct': 0.45, 'momentum_sl_atr_mult': 1.0, 'session_hours_utc': None, 'close_extreme_pct': None, 'ema_extension_atr_max': None, 'use_m15_ema_trend': False, 'use_m15_ema200_filter': False, 'momentum_atr_percentile_min': 45.0, 'momentum_atr_percentile_max': None, 'session_ranges_utc_minutes': ((780, 870),), 'entry_mode': 'next_m5'}",22.336999933304636,0.17322189655172396,0.2143453737934111,False
sensitivity,XAUUSDm,sens_thai_20_2130_rr1.9_body1.8_wick0.45_atrMin50,103,42.71844660194174,1.0604633493595677,0.7887179387849937,-2.4053253698134167,0.7657455716358387,0.03062982286543355,0.20934959349593496,-148.2499444454252,17,9,52.94117647058824,189.75237459180588,8,"{'strategy': 'momentum', 'variant': 'sens_thai_20_2130_rr1.9_body1.8_wick0.45_atrMin50', 'initial_balance': 10000.0, 'risk_pct': 0.0025, 'fee_rate': 0.0001, 'spread_atr_mult': 0.03, 'slippage_min_spread': 0.3, 'slippage_max_spread': 1.0, 'max_trades_per_day': 3, 'daily_loss_limit_pct': 0.03, 'max_hold_minutes': 720, 'seed': 42, 'sweep_lookback': 20, 'wick_body_min': 1.5, 'atr_percentile_min': 30.0, 'sweep_rr': 2.0, 'sl_atr_buffer': 0.1, 'use_m1_confirmation': False, 'session': 'ny', 'adx_min': 18.0, 'momentum_rr': 1.9, 'use_atr_expansion': False, 'body_mult': 1.8, 'max_wick_pct': 0.45, 'momentum_sl_atr_mult': 1.0, 'session_hours_utc': None, 'close_extreme_pct': None, 'ema_extension_atr_max': None, 'use_m15_ema_trend': False, 'use_m15_ema200_filter': False, 'momentum_atr_percentile_min': 50.0, 'momentum_atr_percentile_max': None, 'session_ranges_utc_minutes': ((780, 870),), 'entry_mode': 'next_m5'}",21.377111696011877,0.16999662274618543,0.22200144413898062,False
sensitivity,XAUUSDm,sens_thai_20_2130_rr1.9_body1.8_wick0.45_atrMin35,103,42.71844660194174,1.0601148937119946,0.7844302417673862,-2.4095582360994983,0.7615827589973897,0.030463310359895572,0.20934959349593496,-148.2499444454252,17,9,52.94117647058824,189.75237459180588,8,"{'strategy': 'momentum', 'variant': 'sens_thai_20_2130_rr1.9_body1.8_wick0.45_atrMin35', 'initial_balance': 10000.0, 'risk_pct': 0.0025, 'fee_rate': 0.0001, 'spread_atr_mult': 0.03, 'slippage_min_spread': 0.3, 'slippage_max_spread': 1.0, 'max_trades_per_day': 3, 'daily_loss_limit_pct': 0.03, 'max_hold_minutes': 720, 'seed': 42, 'sweep_lookback': 20, 'wick_body_min': 1.5, 'atr_percentile_min': 30.0, 'sweep_rr': 2.0, 'sl_atr_buffer': 0.1, 'use_m1_confirmation': False, 'session': 'ny', 'adx_min': 18.0, 'momentum_rr': 1.9, 'use_atr_expansion': False, 'body_mult': 1.8, 'max_wick_pct': 0.45, 'momentum_sl_atr_mult': 1.0, 'session_hours_utc': None, 'close_extreme_pct': None, 'ema_extension_atr_max': None, 'use_m15_ema_trend': False, 'use_m15_ema200_filter': False, 'momentum_atr_percentile_min': 35.0, 'momentum_atr_percentile_max': None, 'session_ranges_utc_minutes': ((780, 870),), 'entry_mode': 'next_m5'}",21.332736228294557,0.16980139389736434,0.22295855820174407,False
sensitivity,XAUUSDm,sens_thai_20_2130_rr1.9_body1.8_wick0.45_atrMin40,103,42.71844660194174,1.0601148937119946,0.7844302417673862,-2.4095582360994983,0.7615827589973897,0.030463310359895572,0.20934959349593496,-148.2499444454252,17,9,52.94117647058824,189.75237459180588,8,"{'strategy': 'momentum', 'variant': 'sens_thai_20_2130_rr1.9_body1.8_wick0.45_atrMin40', 'initial_balance': 10000.0, 'risk_pct': 0.0025, 'fee_rate': 0.0001, 'spread_atr_mult': 0.03, 'slippage_min_spread': 0.3, 'slippage_max_spread': 1.0, 'max_trades_per_day': 3, 'daily_loss_limit_pct': 0.03, 'max_hold_minutes': 720, 'seed': 42, 'sweep_lookback': 20, 'wick_body_min': 1.5, 'atr_percentile_min': 30.0, 'sweep_rr': 2.0, 'sl_atr_buffer': 0.1, 'use_m1_confirmation': False, 'session': 'ny', 'adx_min': 18.0, 'momentum_rr': 1.9, 'use_atr_expansion': False, 'body_mult': 1.8, 'max_wick_pct': 0.45, 'momentum_sl_atr_mult': 1.0, 'session_hours_utc': None, 'close_extreme_pct': None, 'ema_extension_atr_max': None, 'use_m15_ema_trend': False, 'use_m15_ema200_filter': False, 'momentum_atr_percentile_min': 40.0, 'momentum_atr_percentile_max': None, 'session_ranges_utc_minutes': ((780, 870),), 'entry_mode': 'next_m5'}",21.332736228294557,0.16980139389736434,0.22295855820174407,False
sensitivity,XAUUSDm,sens_thai_20_2130_rr1.9_body1.8_wick0.45_atrMin45,103,42.71844660194174,1.0601148937119946,0.7844302417673862,-2.4095582360994983,0.7615827589973897,0.030463310359895572,0.20934959349593496,-148.2499444454252,17,9,52.94117647058824,189.75237459180588,8,"{'strategy': 'momentum', 'variant': 'sens_thai_20_2130_rr1.9_body1.8_wick0.45_atrMin45', 'initial_balance': 10000.0, 'risk_pct': 0.0025, 'fee_rate': 0.0001, 'spread_atr_mult': 0.03, 'slippage_min_spread': 0.3, 'slippage_max_spread': 1.0, 'max_trades_per_day': 3, 'daily_loss_limit_pct': 0.03, 'max_hold_minutes': 720, 'seed': 42, 'sweep_lookback': 20, 'wick_body_min': 1.5, 'atr_percentile_min': 30.0, 'sweep_rr': 2.0, 'sl_atr_buffer': 0.1, 'use_m1_confirmation': False, 'session': 'ny', 'adx_min': 18.0, 'momentum_rr': 1.9, 'use_atr_expansion': False, 'body_mult': 1.8, 'max_wick_pct': 0.45, 'momentum_sl_atr_mult': 1.0, 'session_hours_utc': None, 'close_extreme_pct': None, 'ema_extension_atr_max': None, 'use_m15_ema_trend': False, 'use_m15_ema200_filter': False, 'momentum_atr_percentile_min': 45.0, 'momentum_atr_percentile_max': None, 'session_ranges_utc_minutes': ((780, 870),), 'entry_mode': 'next_m5'}",21.332736228294557,0.16980139389736434,0.22295855820174407,False
sensitivity,XAUUSDm,sens_thai_20_2130_rr1.6_body1.8_wick0.4_atrMin50,102,45.09803921568628,1.0557394888054281,0.6922573733944409,-1.9945791064407918,0.6786836994063338,0.027147347976253372,0.2073170731707317,-148.28810097105398,17,9,52.94117647058824,178.62751387787907,7,"{'strategy': 'momentum', 'variant': 'sens_thai_20_2130_rr1.6_body1.8_wick0.4_atrMin50', 'initial_balance': 10000.0, 'risk_pct': 0.0025, 'fee_rate': 0.0001, 'spread_atr_mult': 0.03, 'slippage_min_spread': 0.3, 'slippage_max_spread': 1.0, 'max_trades_per_day': 3, 'daily_loss_limit_pct': 0.03, 'max_hold_minutes': 720, 'seed': 42, 'sweep_lookback': 20, 'wick_body_min': 1.5, 'atr_percentile_min': 30.0, 'sweep_rr': 2.0, 'sl_atr_buffer': 0.1, 'use_m1_confirmation': False, 'session': 'ny', 'adx_min': 18.0, 'momentum_rr': 1.6, 'use_atr_expansion': False, 'body_mult': 1.8, 'max_wick_pct': 0.4, 'momentum_sl_atr_mult': 1.0, 'session_hours_utc': None, 'close_extreme_pct': None, 'ema_extension_atr_max': None, 'use_m15_ema_trend': False, 'use_m15_ema200_filter': False, 'momentum_atr_percentile_min': 50.0, 'momentum_atr_percentile_max': None, 'session_ranges_utc_minutes': ((780, 870),), 'entry_mode': 'next_m5'}",21.535845858666143,0.17102268907562976,0.2519917440557785,False
sensitivity,XAUUSDm,sens_thai_20_2130_rr1.6_body1.8_wick0.4_atrMin35,102,45.09803921568628,1.0553751324601945,0.6879696763768334,-1.9988308609522178,0.6744800748792725,0.026979202995170908,0.2073170731707317,-148.28810097105398,17,9,52.94117647058824,178.62751387787907,7,"{'strategy': 'momentum', 'variant': 'sens_thai_20_2130_rr1.6_body1.8_wick0.4_atrMin35', 'initial_balance': 10000.0, 'risk_pct': 0.0025, 'fee_rate': 0.0001, 'spread_atr_mult': 0.03, 'slippage_min_spread': 0.3, 'slippage_max_spread': 1.0, 'max_trades_per_day': 3, 'daily_loss_limit_pct': 0.03, 'max_hold_minutes': 720, 'seed': 42, 'sweep_lookback': 20, 'wick_body_min': 1.5, 'atr_percentile_min': 30.0, 'sweep_rr': 2.0, 'sl_atr_buffer': 0.1, 'use_m1_confirmation': False, 'session': 'ny', 'adx_min': 18.0, 'momentum_rr': 1.6, 'use_atr_expansion': False, 'body_mult': 1.8, 'max_wick_pct': 0.4, 'momentum_sl_atr_mult': 1.0, 'session_hours_utc': None, 'close_extreme_pct': None, 'ema_extension_atr_max': None, 'use_m15_ema_trend': False, 'use_m15_ema200_filter': False, 'momentum_atr_percentile_min': 35.0, 'momentum_atr_percentile_max': None, 'session_ranges_utc_minutes': ((780, 870),), 'entry_mode': 'next_m5'}",21.49103533734375,0.1708255462184869,0.25326996686901915,False
sensitivity,XAUUSDm,sens_thai_20_2130_rr1.6_body1.8_wick0.4_atrMin40,102,45.09803921568628,1.0553751324601945,0.6879696763768334,-1.9988308609522178,0.6744800748792725,0.026979202995170908,0.2073170731707317,-148.28810097105398,17,9,52.94117647058824,178.62751387787907,7,"{'strategy': 'momentum', 'variant': 'sens_thai_20_2130_rr1.6_body1.8_wick0.4_atrMin40', 'initial_balance': 10000.0, 'risk_pct': 0.0025, 'fee_rate': 0.0001, 'spread_atr_mult': 0.03, 'slippage_min_spread': 0.3, 'slippage_max_spread': 1.0, 'max_trades_per_day': 3, 'daily_loss_limit_pct': 0.03, 'max_hold_minutes': 720, 'seed': 42, 'sweep_lookback': 20, 'wick_body_min': 1.5, 'atr_percentile_min': 30.0, 'sweep_rr': 2.0, 'sl_atr_buffer': 0.1, 'use_m1_confirmation': False, 'session': 'ny', 'adx_min': 18.0, 'momentum_rr': 1.6, 'use_atr_expansion': False, 'body_mult': 1.8, 'max_wick_pct': 0.4, 'momentum_sl_atr_mult': 1.0, 'session_hours_utc': None, 'close_extreme_pct': None, 'ema_extension_atr_max': None, 'use_m15_ema_trend': False, 'use_m15_ema200_filter': False, 'momentum_atr_percentile_min': 40.0, 'momentum_atr_percentile_max': None, 'session_ranges_utc_minutes': ((780, 870),), 'entry_mode': 'next_m5'}",21.49103533734375,0.1708255462184869,0.25326996686901915,False
sensitivity,XAUUSDm,sens_thai_20_2130_rr1.6_body1.8_wick0.4_atrMin45,102,45.09803921568628,1.0553751324601945,0.6879696763768334,-1.9988308609522178,0.6744800748792725,0.026979202995170908,0.2073170731707317,-148.28810097105398,17,9,52.94117647058824,178.62751387787907,7,"{'strategy': 'momentum', 'variant': 'sens_thai_20_2130_rr1.6_body1.8_wick0.4_atrMin45', 'initial_balance': 10000.0, 'risk_pct': 0.0025, 'fee_rate': 0.0001, 'spread_atr_mult': 0.03, 'slippage_min_spread': 0.3, 'slippage_max_spread': 1.0, 'max_trades_per_day': 3, 'daily_loss_limit_pct': 0.03, 'max_hold_minutes': 720, 'seed': 42, 'sweep_lookback': 20, 'wick_body_min': 1.5, 'atr_percentile_min': 30.0, 'sweep_rr': 2.0, 'sl_atr_buffer': 0.1, 'use_m1_confirmation': False, 'session': 'ny', 'adx_min': 18.0, 'momentum_rr': 1.6, 'use_atr_expansion': False, 'body_mult': 1.8, 'max_wick_pct': 0.4, 'momentum_sl_atr_mult': 1.0, 'session_hours_utc': None, 'close_extreme_pct': None, 'ema_extension_atr_max': None, 'use_m15_ema_trend': False, 'use_m15_ema200_filter': False, 'momentum_atr_percentile_min': 45.0, 'momentum_atr_percentile_max': None, 'session_ranges_utc_minutes': ((780, 870),), 'entry_mode': 'next_m5'}",21.49103533734375,0.1708255462184869,0.25326996686901915,False
sensitivity,XAUUSDm,sens_thai_20_2130_rr1.7_body1.8_wick0.4_atrMin50,101,44.554455445544555,1.0552932418841412,0.6872122368113378,-2.5610067602397626,0.6804081552587244,0.027216326210348966,0.20528455284552846,-148.22567053047473,17,9,52.94117647058824,191.12776387788017,8,"{'strategy': 'momentum', 'variant': 'sens_thai_20_2130_rr1.7_body1.8_wick0.4_atrMin50', 'initial_balance': 10000.0, 'risk_pct': 0.0025, 'fee_rate': 0.0001, 'spread_atr_mult': 0.03, 'slippage_min_spread': 0.3, 'slippage_max_spread': 1.0, 'max_trades_per_day': 3, 'daily_loss_limit_pct': 0.03, 'max_hold_minutes': 720, 'seed': 42, 'sweep_lookback': 20, 'wick_body_min': 1.5, 'atr_percentile_min': 30.0, 'sweep_rr': 2.0, 'sl_atr_buffer': 0.1, 'use_m1_confirmation': False, 'session': 'ny', 'adx_min': 18.0, 'momentum_rr': 1.7, 'use_atr_expansion': False, 'body_mult': 1.8, 'max_wick_pct': 0.4, 'momentum_sl_atr_mult': 1.0, 'session_hours_utc': None, 'close_extreme_pct': None, 'ema_extension_atr_max': None, 'use_m15_ema_trend': False, 'use_m15_ema200_filter': False, 'momentum_atr_percentile_min': 50.0, 'momentum_atr_percentile_max': None, 'session_ranges_utc_minutes': ((780, 870),), 'entry_mode': 'next_m5'}",21.479728399357718,0.1708993493635074,0.2511718121581349,False
sensitivity,XAUUSDm,sens_thai_20_2130_rr1.7_body1.8_wick0.4_atrMin35,101,44.554455445544555,1.0549293028697322,0.6829245397937302,-2.565252199974001,0.6761629106868408,0.027046516427473622,0.20528455284552846,-148.22567053047473,17,9,52.94117647058824,191.12776387788017,8,"{'strategy': 'momentum', 'variant': 'sens_thai_20_2130_rr1.7_body1.8_wick0.4_atrMin35', 'initial_balance': 10000.0, 'risk_pct': 0.0025, 'fee_rate': 0.0001, 'spread_atr_mult': 0.03, 'slippage_min_spread': 0.3, 'slippage_max_spread': 1.0, 'max_trades_per_day': 3, 'daily_loss_limit_pct': 0.03, 'max_hold_minutes': 720, 'seed': 42, 'sweep_lookback': 20, 'wick_body_min': 1.5, 'atr_percentile_min': 30.0, 'sweep_rr': 2.0, 'sl_atr_buffer': 0.1, 'use_m1_confirmation': False, 'session': 'ny', 'adx_min': 18.0, 'momentum_rr': 1.7, 'use_atr_expansion': False, 'body_mult': 1.8, 'max_wick_pct': 0.4, 'momentum_sl_atr_mult': 1.0, 'session_hours_utc': None, 'close_extreme_pct': None, 'ema_extension_atr_max': None, 'use_m15_ema_trend': False, 'use_m15_ema200_filter': False, 'momentum_atr_percentile_min': 35.0, 'momentum_atr_percentile_max': None, 'session_ranges_utc_minutes': ((780, 870),), 'entry_mode': 'next_m5'}",21.43447420950738,0.17070025459688787,0.25245433001270645,False
sensitivity,XAUUSDm,sens_thai_20_2130_rr1.7_body1.8_wick0.4_atrMin40,101,44.554455445544555,1.0549293028697322,0.6829245397937302,-2.565252199974001,0.6761629106868408,0.027046516427473622,0.20528455284552846,-148.22567053047473,17,9,52.94117647058824,191.12776387788017,8,"{'strategy': 'momentum', 'variant': 'sens_thai_20_2130_rr1.7_body1.8_wick0.4_atrMin40', 'initial_balance': 10000.0, 'risk_pct': 0.0025, 'fee_rate': 0.0001, 'spread_atr_mult': 0.03, 'slippage_min_spread': 0.3, 'slippage_max_spread': 1.0, 'max_trades_per_day': 3, 'daily_loss_limit_pct': 0.03, 'max_hold_minutes': 720, 'seed': 42, 'sweep_lookback': 20, 'wick_body_min': 1.5, 'atr_percentile_min': 30.0, 'sweep_rr': 2.0, 'sl_atr_buffer': 0.1, 'use_m1_confirmation': False, 'session': 'ny', 'adx_min': 18.0, 'momentum_rr': 1.7, 'use_atr_expansion': False, 'body_mult': 1.8, 'max_wick_pct': 0.4, 'momentum_sl_atr_mult': 1.0, 'session_hours_utc': None, 'close_extreme_pct': None, 'ema_extension_atr_max': None, 'use_m15_ema_trend': False, 'use_m15_ema200_filter': False, 'momentum_atr_percentile_min': 40.0, 'momentum_atr_percentile_max': None, 'session_ranges_utc_minutes': ((780, 870),), 'entry_mode': 'next_m5'}",21.43447420950738,0.17070025459688787,0.25245433001270645,False
sensitivity,XAUUSDm,sens_thai_20_2130_rr1.7_body1.8_wick0.4_atrMin45,101,44.554455445544555,1.0549293028697322,0.6829245397937302,-2.565252199974001,0.6761629106868408,0.027046516427473622,0.20528455284552846,-148.22567053047473,17,9,52.94117647058824,191.12776387788017,8,"{'strategy': 'momentum', 'variant': 'sens_thai_20_2130_rr1.7_body1.8_wick0.4_atrMin45', 'initial_balance': 10000.0, 'risk_pct': 0.0025, 'fee_rate': 0.0001, 'spread_atr_mult': 0.03, 'slippage_min_spread': 0.3, 'slippage_max_spread': 1.0, 'max_trades_per_day': 3, 'daily_loss_limit_pct': 0.03, 'max_hold_minutes': 720, 'seed': 42, 'sweep_lookback': 20, 'wick_body_min': 1.5, 'atr_percentile_min': 30.0, 'sweep_rr': 2.0, 'sl_atr_buffer': 0.1, 'use_m1_confirmation': False, 'session': 'ny', 'adx_min': 18.0, 'momentum_rr': 1.7, 'use_atr_expansion': False, 'body_mult': 1.8, 'max_wick_pct': 0.4, 'momentum_sl_atr_mult': 1.0, 'session_hours_utc': None, 'close_extreme_pct': None, 'ema_extension_atr_max': None, 'use_m15_ema_trend': False, 'use_m15_ema200_filter': False, 'momentum_atr_percentile_min': 45.0, 'momentum_atr_percentile_max': None, 'session_ranges_utc_minutes': ((780, 870),), 'entry_mode': 'next_m5'}",21.43447420950738,0.17070025459688787,0.25245433001270645,False
sensitivity,XAUUSDm,sens_thai_20_2130_rr1.8_body2_wick0.45_atrMin50,96,43.75,1.0487017894793396,0.571042141165235,-2.3765097142392797,0.5948355637137934,0.02379342254855175,0.1951219512195122,-148.26305446055775,17,10,58.82352941176471,151.31468688628541,8,"{'strategy': 'momentum', 'variant': 'sens_thai_20_2130_rr1.8_body2_wick0.45_atrMin50', 'initial_balance': 10000.0, 'risk_pct': 0.0025, 'fee_rate': 0.0001, 'spread_atr_mult': 0.03, 'slippage_min_spread': 0.3, 'slippage_max_spread': 1.0, 'max_trades_per_day': 3, 'daily_loss_limit_pct': 0.03, 'max_hold_minutes': 720, 'seed': 42, 'sweep_lookback': 20, 'wick_body_min': 1.5, 'atr_percentile_min': 30.0, 'sweep_rr': 2.0, 'sl_atr_buffer': 0.1, 'use_m1_confirmation': False, 'session': 'ny', 'adx_min': 18.0, 'momentum_rr': 1.8, 'use_atr_expansion': False, 'body_mult': 2.0, 'max_wick_pct': 0.45, 'momentum_sl_atr_mult': 1.0, 'session_hours_utc': None, 'close_extreme_pct': None, 'ema_extension_atr_max': None, 'use_m15_ema_trend': False, 'use_m15_ema200_filter': False, 'momentum_atr_percentile_min': 50.0, 'momentum_atr_percentile_max': None, 'session_ranges_utc_minutes': ((780, 870),), 'entry_mode': 'next_m5'}",21.662217639133715,0.16900433035714246,0.28411941159331777,False
sensitivity,XAUUSDm,sens_thai_20_2130_rr1.8_body2_wick0.45_atrMin35,96,43.75,1.0483198673633884,0.566770406871492,-2.380739730712934,0.5903858404911405,0.023615433619645642,0.1951219512195122,-148.26305446055775,17,10,58.82352941176471,151.31468688628541,8,"{'strategy': 'momentum', 'variant': 'sens_thai_20_2130_rr1.8_body2_wick0.45_atrMin35', 'initial_balance': 10000.0, 'risk_pct': 0.0025, 'fee_rate': 0.0001, 'spread_atr_mult': 0.03, 'slippage_min_spread': 0.3, 'slippage_max_spread': 1.0, 'max_trades_per_day': 3, 'daily_loss_limit_pct': 0.03, 'max_hold_minutes': 720, 'seed': 42, 'sweep_lookback': 20, 'wick_body_min': 1.5, 'atr_percentile_min': 30.0, 'sweep_rr': 2.0, 'sl_atr_buffer': 0.1, 'use_m1_confirmation': False, 'session': 'ny', 'adx_min': 18.0, 'momentum_rr': 1.8, 'use_atr_expansion': False, 'body_mult': 2.0, 'max_wick_pct': 0.45, 'momentum_sl_atr_mult': 1.0, 'session_hours_utc': None, 'close_extreme_pct': None, 'ema_extension_atr_max': None, 'use_m15_ema_trend': False, 'use_m15_ema200_filter': False, 'momentum_atr_percentile_min': 35.0, 'momentum_atr_percentile_max': None, 'session_ranges_utc_minutes': ((780, 870),), 'entry_mode': 'next_m5'}",21.614545033620704,0.16879486607142816,0.2859060202578845,False
sensitivity,XAUUSDm,sens_thai_20_2130_rr1.8_body2_wick0.45_atrMin40,96,43.75,1.0483198673633884,0.566770406871492,-2.380739730712934,0.5903858404911405,0.023615433619645642,0.1951219512195122,-148.26305446055775,17,10,58.82352941176471,151.31468688628541,8,"{'strategy': 'momentum', 'variant': 'sens_thai_20_2130_rr1.8_body2_wick0.45_atrMin40', 'initial_balance': 10000.0, 'risk_pct': 0.0025, 'fee_rate': 0.0001, 'spread_atr_mult': 0.03, 'slippage_min_spread': 0.3, 'slippage_max_spread': 1.0, 'max_trades_per_day': 3, 'daily_loss_limit_pct': 0.03, 'max_hold_minutes': 720, 'seed': 42, 'sweep_lookback': 20, 'wick_body_min': 1.5, 'atr_percentile_min': 30.0, 'sweep_rr': 2.0, 'sl_atr_buffer': 0.1, 'use_m1_confirmation': False, 'session': 'ny', 'adx_min': 18.0, 'momentum_rr': 1.8, 'use_atr_expansion': False, 'body_mult': 2.0, 'max_wick_pct': 0.45, 'momentum_sl_atr_mult': 1.0, 'session_hours_utc': None, 'close_extreme_pct': None, 'ema_extension_atr_max': None, 'use_m15_ema_trend': False, 'use_m15_ema200_filter': False, 'momentum_atr_percentile_min': 40.0, 'momentum_atr_percentile_max': None, 'session_ranges_utc_minutes': ((780, 870),), 'entry_mode': 'next_m5'}",21.614545033620704,0.16879486607142816,0.2859060202578845,False
sensitivity,XAUUSDm,sens_thai_20_2130_rr1.8_body2_wick0.45_atrMin45,96,43.75,1.0483198673633884,0.566770406871492,-2.380739730712934,0.5903858404911405,0.023615433619645642,0.1951219512195122,-148.26305446055775,17,10,58.82352941176471,151.31468688628541,8,"{'strategy': 'momentum', 'variant': 'sens_thai_20_2130_rr1.8_body2_wick0.45_atrMin45', 'initial_balance': 10000.0, 'risk_pct': 0.0025, 'fee_rate': 0.0001, 'spread_atr_mult': 0.03, 'slippage_min_spread': 0.3, 'slippage_max_spread': 1.0, 'max_trades_per_day': 3, 'daily_loss_limit_pct': 0.03, 'max_hold_minutes': 720, 'seed': 42, 'sweep_lookback': 20, 'wick_body_min': 1.5, 'atr_percentile_min': 30.0, 'sweep_rr': 2.0, 'sl_atr_buffer': 0.1, 'use_m1_confirmation': False, 'session': 'ny', 'adx_min': 18.0, 'momentum_rr': 1.8, 'use_atr_expansion': False, 'body_mult': 2.0, 'max_wick_pct': 0.45, 'momentum_sl_atr_mult': 1.0, 'session_hours_utc': None, 'close_extreme_pct': None, 'ema_extension_atr_max': None, 'use_m15_ema_trend': False, 'use_m15_ema200_filter': False, 'momentum_atr_percentile_min': 45.0, 'momentum_atr_percentile_max': None, 'session_ranges_utc_minutes': ((780, 870),), 'entry_mode': 'next_m5'}",21.614545033620704,0.16879486607142816,0.2859060202578845,False
sensitivity,XAUUSDm,sens_thai_20_2130_rr1.6_body2_wick0.45_atrMin50,97,45.36082474226804,1.0482720646769295,0.553158390170538,-1.916678090425025,0.5702663816191412,0.02281065526476564,0.19715447154471544,-148.20956399098486,17,9,52.94117647058824,155.29837700542564,6,"{'strategy': 'momentum', 'variant': 'sens_thai_20_2130_rr1.6_body2_wick0.45_atrMin50', 'initial_balance': 10000.0, 'risk_pct': 0.0025, 'fee_rate': 0.0001, 'spread_atr_mult': 0.03, 'slippage_min_spread': 0.3, 'slippage_max_spread': 1.0, 'max_trades_per_day': 3, 'daily_loss_limit_pct': 0.03, 'max_hold_minutes': 720, 'seed': 42, 'sweep_lookback': 20, 'wick_body_min': 1.5, 'atr_percentile_min': 30.0, 'sweep_rr': 2.0, 'sl_atr_buffer': 0.1, 'use_m1_confirmation': False, 'session': 'ny', 'adx_min': 18.0, 'momentum_rr': 1.6, 'use_atr_expansion': False, 'body_mult': 2.0, 'max_wick_pct': 0.45, 'momentum_sl_atr_mult': 1.0, 'session_hours_utc': None, 'close_extreme_pct': None, 'ema_extension_atr_max': None, 'use_m15_ema_trend': False, 'use_m15_ema200_filter': False, 'momentum_atr_percentile_min': 50.0, 'momentum_atr_percentile_max': None, 'session_ranges_utc_minutes': ((780, 870),), 'entry_mode': 'next_m5'}",21.724117164881083,0.16915356406480078,0.29662201651187614,False
sensitivity,XAUUSDm,sens_thai_20_2130_rr1.6_body2_wick0.45_atrMin35,97,45.36082474226804,1.0478814372354932,0.5488866558767768,-1.920917279477668,0.5658625318317738,0.022634501273270935,0.19715447154471544,-148.20956399098486,17,9,52.94117647058824,155.29837700542564,6,"{'strategy': 'momentum', 'variant': 'sens_thai_20_2130_rr1.6_body2_wick0.45_atrMin35', 'initial_balance': 10000.0, 'risk_pct': 0.0025, 'fee_rate': 0.0001, 'spread_atr_mult': 0.03, 'slippage_min_spread': 0.3, 'slippage_max_spread': 1.0, 'max_trades_per_day': 3, 'daily_loss_limit_pct': 0.03, 'max_hold_minutes': 720, 'seed': 42, 'sweep_lookback': 20, 'wick_body_min': 1.5, 'atr_percentile_min': 30.0, 'sweep_rr': 2.0, 'sl_atr_buffer': 0.1, 'use_m1_confirmation': False, 'session': 'ny', 'adx_min': 18.0, 'momentum_rr': 1.6, 'use_atr_expansion': False, 'body_mult': 2.0, 'max_wick_pct': 0.45, 'momentum_sl_atr_mult': 1.0, 'session_hours_utc': None, 'close_extreme_pct': None, 'ema_extension_atr_max': None, 'use_m15_ema_trend': False, 'use_m15_ema200_filter': False, 'momentum_atr_percentile_min': 35.0, 'momentum_atr_percentile_max': None, 'session_ranges_utc_minutes': ((780, 870),), 'entry_mode': 'next_m5'}",21.676936029528004,0.1689462592047124,0.2985641382860435,False
sensitivity,XAUUSDm,sens_thai_20_2130_rr1.6_body2_wick0.45_atrMin40,97,45.36082474226804,1.0478814372354932,0.5488866558767768,-1.920917279477668,0.5658625318317738,0.022634501273270935,0.19715447154471544,-148.20956399098486,17,9,52.94117647058824,155.29837700542564,6,"{'strategy': 'momentum', 'variant': 'sens_thai_20_2130_rr1.6_body2_wick0.45_atrMin40', 'initial_balance': 10000.0, 'risk_pct': 0.0025, 'fee_rate': 0.0001, 'spread_atr_mult': 0.03, 'slippage_min_spread': 0.3, 'slippage_max_spread': 1.0, 'max_trades_per_day': 3, 'daily_loss_limit_pct': 0.03, 'max_hold_minutes': 720, 'seed': 42, 'sweep_lookback': 20, 'wick_body_min': 1.5, 'atr_percentile_min': 30.0, 'sweep_rr': 2.0, 'sl_atr_buffer': 0.1, 'use_m1_confirmation': False, 'session': 'ny', 'adx_min': 18.0, 'momentum_rr': 1.6, 'use_atr_expansion': False, 'body_mult': 2.0, 'max_wick_pct': 0.45, 'momentum_sl_atr_mult': 1.0, 'session_hours_utc': None, 'close_extreme_pct': None, 'ema_extension_atr_max': None, 'use_m15_ema_trend': False, 'use_m15_ema200_filter': False, 'momentum_atr_percentile_min': 40.0, 'momentum_atr_percentile_max': None, 'session_ranges_utc_minutes': ((780, 870),), 'entry_mode': 'next_m5'}",21.676936029528004,0.1689462592047124,0.2985641382860435,False
sensitivity,XAUUSDm,sens_thai_20_2130_rr1.6_body2_wick0.45_atrMin45,97,45.36082474226804,1.0478814372354932,0.5488866558767768,-1.920917279477668,0.5658625318317738,0.022634501273270935,0.19715447154471544,-148.20956399098486,17,9,52.94117647058824,155.29837700542564,6,"{'strategy': 'momentum', 'variant': 'sens_thai_20_2130_rr1.6_body2_wick0.45_atrMin45', 'initial_balance': 10000.0, 'risk_pct': 0.0025, 'fee_rate': 0.0001, 'spread_atr_mult': 0.03, 'slippage_min_spread': 0.3, 'slippage_max_spread': 1.0, 'max_trades_per_day': 3, 'daily_loss_limit_pct': 0.03, 'max_hold_minutes': 720, 'seed': 42, 'sweep_lookback': 20, 'wick_body_min': 1.5, 'atr_percentile_min': 30.0, 'sweep_rr': 2.0, 'sl_atr_buffer': 0.1, 'use_m1_confirmation': False, 'session': 'ny', 'adx_min': 18.0, 'momentum_rr': 1.6, 'use_atr_expansion': False, 'body_mult': 2.0, 'max_wick_pct': 0.45, 'momentum_sl_atr_mult': 1.0, 'session_hours_utc': None, 'close_extreme_pct': None, 'ema_extension_atr_max': None, 'use_m15_ema_trend': False, 'use_m15_ema200_filter': False, 'momentum_atr_percentile_min': 45.0, 'momentum_atr_percentile_max': None, 'session_ranges_utc_minutes': ((780, 870),), 'entry_mode': 'next_m5'}",21.676936029528004,0.1689462592047124,0.2985641382860435,False
sensitivity,XAUUSDm,sens_thai_20_2130_rr1.7_body2_wick0.35_atrMin50,91,45.05494505494506,1.0478435001687805,0.5239652641004795,-2.6222482902251243,0.5757860045060992,0.023031440180243945,0.18495934959349594,-147.96010410718293,17,9,52.94117647058824,165.2423498530772,7,"{'strategy': 'momentum', 'variant': 'sens_thai_20_2130_rr1.7_body2_wick0.35_atrMin50', 'initial_balance': 10000.0, 'risk_pct': 0.0025, 'fee_rate': 0.0001, 'spread_atr_mult': 0.03, 'slippage_min_spread': 0.3, 'slippage_max_spread': 1.0, 'max_trades_per_day': 3, 'daily_loss_limit_pct': 0.03, 'max_hold_minutes': 720, 'seed': 42, 'sweep_lookback': 20, 'wick_body_min': 1.5, 'atr_percentile_min': 30.0, 'sweep_rr': 2.0, 'sl_atr_buffer': 0.1, 'use_m1_confirmation': False, 'session': 'ny', 'adx_min': 18.0, 'momentum_rr': 1.7, 'use_atr_expansion': False, 'body_mult': 2.0, 'max_wick_pct': 0.35, 'momentum_sl_atr_mult': 1.0, 'session_hours_utc': None, 'close_extreme_pct': None, 'ema_extension_atr_max': None, 'use_m15_ema_trend': False, 'use_m15_ema200_filter': False, 'momentum_atr_percentile_min': 50.0, 'momentum_atr_percentile_max': None, 'session_ranges_utc_minutes': ((780, 870),), 'entry_mode': 'next_m5'}",22.048498165296866,0.17129194662480332,0.2974923761332738,False
sensitivity,XAUUSDm,sens_thai_20_2130_rr1.7_body2_wick0.35_atrMin35,91,45.05494505494506,1.0474347198687883,0.5196911851064943,-2.6264858738547048,0.5710892144028155,0.02284356857611261,0.18495934959349594,-147.96010410718293,17,9,52.94117647058824,165.2423498530772,7,"{'strategy': 'momentum', 'variant': 'sens_thai_20_2130_rr1.7_body2_wick0.35_atrMin35', 'initial_balance': 10000.0, 'risk_pct': 0.0025, 'fee_rate': 0.0001, 'spread_atr_mult': 0.03, 'slippage_min_spread': 0.3, 'slippage_max_spread': 1.0, 'max_trades_per_day': 3, 'daily_loss_limit_pct': 0.03, 'max_hold_minutes': 720, 'seed': 42, 'sweep_lookback': 20, 'wick_body_min': 1.5, 'atr_percentile_min': 30.0, 'sweep_rr': 2.0, 'sl_atr_buffer': 0.1, 'use_m1_confirmation': False, 'session': 'ny', 'adx_min': 18.0, 'momentum_rr': 1.7, 'use_atr_expansion': False, 'body_mult': 2.0, 'max_wick_pct': 0.35, 'momentum_sl_atr_mult': 1.0, 'session_hours_utc': None, 'close_extreme_pct': None, 'ema_extension_atr_max': None, 'use_m15_ema_trend': False, 'use_m15_ema200_filter': False, 'momentum_atr_percentile_min': 35.0, 'momentum_atr_percentile_max': None, 'session_ranges_utc_minutes': ((780, 870),), 'entry_mode': 'next_m5'}",21.998215731734135,0.17107097331240143,0.2995520997385484,False
sensitivity,XAUUSDm,sens_thai_20_2130_rr1.7_body2_wick0.35_atrMin40,91,45.05494505494506,1.0474347198687883,0.5196911851064943,-2.6264858738547048,0.5710892144028155,0.02284356857611261,0.18495934959349594,-147.96010410718293,17,9,52.94117647058824,165.2423498530772,7,"{'strategy': 'momentum', 'variant': 'sens_thai_20_2130_rr1.7_body2_wick0.35_atrMin40', 'initial_balance': 10000.0, 'risk_pct': 0.0025, 'fee_rate': 0.0001, 'spread_atr_mult': 0.03, 'slippage_min_spread': 0.3, 'slippage_max_spread': 1.0, 'max_trades_per_day': 3, 'daily_loss_limit_pct': 0.03, 'max_hold_minutes': 720, 'seed': 42, 'sweep_lookback': 20, 'wick_body_min': 1.5, 'atr_percentile_min': 30.0, 'sweep_rr': 2.0, 'sl_atr_buffer': 0.1, 'use_m1_confirmation': False, 'session': 'ny', 'adx_min': 18.0, 'momentum_rr': 1.7, 'use_atr_expansion': False, 'body_mult': 2.0, 'max_wick_pct': 0.35, 'momentum_sl_atr_mult': 1.0, 'session_hours_utc': None, 'close_extreme_pct': None, 'ema_extension_atr_max': None, 'use_m15_ema_trend': False, 'use_m15_ema200_filter': False, 'momentum_atr_percentile_min': 40.0, 'momentum_atr_percentile_max': None, 'session_ranges_utc_minutes': ((780, 870),), 'entry_mode': 'next_m5'}",21.998215731734135,0.17107097331240143,0.2995520997385484,False
sensitivity,XAUUSDm,sens_thai_20_2130_rr1.7_body2_wick0.35_atrMin45,91,45.05494505494506,1.0474347198687883,0.5196911851064943,-2.6264858738547048,0.5710892144028155,0.02284356857611261,0.18495934959349594,-147.96010410718293,17,9,52.94117647058824,165.2423498530772,7,"{'strategy': 'momentum', 'variant': 'sens_thai_20_2130_rr1.7_body2_wick0.35_atrMin45', 'initial_balance': 10000.0, 'risk_pct': 0.0025, 'fee_rate': 0.0001, 'spread_atr_mult': 0.03, 'slippage_min_spread': 0.3, 'slippage_max_spread': 1.0, 'max_trades_per_day': 3, 'daily_loss_limit_pct': 0.03, 'max_hold_minutes': 720, 'seed': 42, 'sweep_lookback': 20, 'wick_body_min': 1.5, 'atr_percentile_min': 30.0, 'sweep_rr': 2.0, 'sl_atr_buffer': 0.1, 'use_m1_confirmation': False, 'session': 'ny', 'adx_min': 18.0, 'momentum_rr': 1.7, 'use_atr_expansion': False, 'body_mult': 2.0, 'max_wick_pct': 0.35, 'momentum_sl_atr_mult': 1.0, 'session_hours_utc': None, 'close_extreme_pct': None, 'ema_extension_atr_max': None, 'use_m15_ema_trend': False, 'use_m15_ema200_filter': False, 'momentum_atr_percentile_min': 45.0, 'momentum_atr_percentile_max': None, 'session_ranges_utc_minutes': ((780, 870),), 'entry_mode': 'next_m5'}",21.998215731734135,0.17107097331240143,0.2995520997385484,False
sensitivity,XAUUSDm,sens_thai_20_2130_rr2_body2.2_wick0.45_atrMin50,87,41.37931034482759,1.0466232316247732,0.5073124697913044,-2.4273641189251434,0.5831177813693913,0.023324711254775633,0.17682926829268292,-148.03906128454946,17,9,52.94117647058824,146.36795726587764,7,"{'strategy': 'momentum', 'variant': 'sens_thai_20_2130_rr2_body2.2_wick0.45_atrMin50', 'initial_balance': 10000.0, 'risk_pct': 0.0025, 'fee_rate': 0.0001, 'spread_atr_mult': 0.03, 'slippage_min_spread': 0.3, 'slippage_max_spread': 1.0, 'max_trades_per_day': 3, 'daily_loss_limit_pct': 0.03, 'max_hold_minutes': 720, 'seed': 42, 'sweep_lookback': 20, 'wick_body_min': 1.5, 'atr_percentile_min': 30.0, 'sweep_rr': 2.0, 'sl_atr_buffer': 0.1, 'use_m1_confirmation': False, 'session': 'ny', 'adx_min': 18.0, 'momentum_rr': 2.0, 'use_atr_expansion': False, 'body_mult': 2.2, 'max_wick_pct': 0.45, 'momentum_sl_atr_mult': 1.0, 'session_hours_utc': None, 'close_extreme_pct': None, 'ema_extension_atr_max': None, 'use_m15_ema_trend': False, 'use_m15_ema200_filter': False, 'momentum_atr_percentile_min': 50.0, 'momentum_atr_percentile_max': None, 'session_ranges_utc_minutes': ((780, 870),), 'entry_mode': 'next_m5'}",22.389559202522925,0.17345302955665007,0.2974579666380842,False
sensitivity,XAUUSDm,sens_thai_20_2130_rr2_body2.2_wick0.45_atrMin35,87,41.37931034482759,1.0462114897113397,0.5030301533340935,-2.431605390759333,0.5781955785450049,0.02312782314180017,0.17682926829268292,-148.03906128454946,17,9,52.94117647058824,146.36795726587764,7,"{'strategy': 'momentum', 'variant': 'sens_thai_20_2130_rr2_body2.2_wick0.45_atrMin35', 'initial_balance': 10000.0, 'risk_pct': 0.0025, 'fee_rate': 0.0001, 'spread_atr_mult': 0.03, 'slippage_min_spread': 0.3, 'slippage_max_spread': 1.0, 'max_trades_per_day': 3, 'daily_loss_limit_pct': 0.03, 'max_hold_minutes': 720, 'seed': 42, 'sweep_lookback': 20, 'wick_body_min': 1.5, 'atr_percentile_min': 30.0, 'sweep_rr': 2.0, 'sl_atr_buffer': 0.1, 'use_m1_confirmation': False, 'session': 'ny', 'adx_min': 18.0, 'momentum_rr': 2.0, 'use_atr_expansion': False, 'body_mult': 2.2, 'max_wick_pct': 0.45, 'momentum_sl_atr_mult': 1.0, 'session_hours_utc': None, 'close_extreme_pct': None, 'ema_extension_atr_max': None, 'use_m15_ema_trend': False, 'use_m15_ema200_filter': False, 'momentum_atr_percentile_min': 35.0, 'momentum_atr_percentile_max': None, 'session_ranges_utc_minutes': ((780, 870),), 'entry_mode': 'next_m5'}",22.336999933304636,0.17322189655172396,0.2995904897571625,False
sensitivity,XAUUSDm,sens_thai_20_2130_rr2_body2.2_wick0.45_atrMin40,87,41.37931034482759,1.0462114897113397,0.5030301533340935,-2.431605390759333,0.5781955785450049,0.02312782314180017,0.17682926829268292,-148.03906128454946,17,9,52.94117647058824,146.36795726587764,7,"{'strategy': 'momentum', 'variant': 'sens_thai_20_2130_rr2_body2.2_wick0.45_atrMin40', 'initial_balance': 10000.0, 'risk_pct': 0.0025, 'fee_rate': 0.0001, 'spread_atr_mult': 0.03, 'slippage_min_spread': 0.3, 'slippage_max_spread': 1.0, 'max_trades_per_day': 3, 'daily_loss_limit_pct': 0.03, 'max_hold_minutes': 720, 'seed': 42, 'sweep_lookback': 20, 'wick_body_min': 1.5, 'atr_percentile_min': 30.0, 'sweep_rr': 2.0, 'sl_atr_buffer': 0.1, 'use_m1_confirmation': False, 'session': 'ny', 'adx_min': 18.0, 'momentum_rr': 2.0, 'use_atr_expansion': False, 'body_mult': 2.2, 'max_wick_pct': 0.45, 'momentum_sl_atr_mult': 1.0, 'session_hours_utc': None, 'close_extreme_pct': None, 'ema_extension_atr_max': None, 'use_m15_ema_trend': False, 'use_m15_ema200_filter': False, 'momentum_atr_percentile_min': 40.0, 'momentum_atr_percentile_max': None, 'session_ranges_utc_minutes': ((780, 870),), 'entry_mode': 'next_m5'}",22.336999933304636,0.17322189655172396,0.2995904897571625,False
sensitivity,XAUUSDm,sens_thai_20_2130_rr2_body2.2_wick0.45_atrMin45,87,41.37931034482759,1.0462114897113397,0.5030301533340935,-2.431605390759333,0.5781955785450049,0.02312782314180017,0.17682926829268292,-148.03906128454946,17,9,52.94117647058824,146.36795726587764,7,"{'strategy': 'momentum', 'variant': 'sens_thai_20_2130_rr2_body2.2_wick0.45_atrMin45', 'initial_balance': 10000.0, 'risk_pct': 0.0025, 'fee_rate': 0.0001, 'spread_atr_mult': 0.03, 'slippage_min_spread': 0.3, 'slippage_max_spread': 1.0, 'max_trades_per_day': 3, 'daily_loss_limit_pct': 0.03, 'max_hold_minutes': 720, 'seed': 42, 'sweep_lookback': 20, 'wick_body_min': 1.5, 'atr_percentile_min': 30.0, 'sweep_rr': 2.0, 'sl_atr_buffer': 0.1, 'use_m1_confirmation': False, 'session': 'ny', 'adx_min': 18.0, 'momentum_rr': 2.0, 'use_atr_expansion': False, 'body_mult': 2.2, 'max_wick_pct': 0.45, 'momentum_sl_atr_mult': 1.0, 'session_hours_utc': None, 'close_extreme_pct': None, 'ema_extension_atr_max': None, 'use_m15_ema_trend': False, 'use_m15_ema200_filter': False, 'momentum_atr_percentile_min': 45.0, 'momentum_atr_percentile_max': None, 'session_ranges_utc_minutes': ((780, 870),), 'entry_mode': 'next_m5'}",22.336999933304636,0.17322189655172396,0.2995904897571625,False
sensitivity,XAUUSDm,sens_thai_20_2130_rr1.9_body2_wick0.45_atrMin50,96,42.70833333333333,1.039303927329838,0.4709871411651147,-3.01649230369558,0.49061160538039483,0.019624464215215805,0.1951219512195122,-148.26305446055775,17,10,58.82352941176471,158.8149368862849,8,"{'strategy': 'momentum', 'variant': 'sens_thai_20_2130_rr1.9_body2_wick0.45_atrMin50', 'initial_balance': 10000.0, 'risk_pct': 0.0025, 'fee_rate': 0.0001, 'spread_atr_mult': 0.03, 'slippage_min_spread': 0.3, 'slippage_max_spread': 1.0, 'max_trades_per_day': 3, 'daily_loss_limit_pct': 0.03, 'max_hold_minutes': 720, 'seed': 42, 'sweep_lookback': 20, 'wick_body_min': 1.5, 'atr_percentile_min': 30.0, 'sweep_rr': 2.0, 'sl_atr_buffer': 0.1, 'use_m1_confirmation': False, 'session': 'ny', 'adx_min': 18.0, 'momentum_rr': 1.9, 'use_atr_expansion': False, 'body_mult': 2.0, 'max_wick_pct': 0.45, 'momentum_sl_atr_mult': 1.0, 'session_hours_utc': None, 'close_extreme_pct': None, 'ema_extension_atr_max': None, 'use_m15_ema_trend': False, 'use_m15_ema200_filter': False, 'momentum_atr_percentile_min': 50.0, 'momentum_atr_percentile_max': None, 'session_ranges_utc_minutes': ((780, 870),), 'entry_mode': 'next_m5'}",21.662217639133715,0.16900433035714246,0.3444768295403556,False
sensitivity,XAUUSDm,sens_thai_20_2130_rr1.9_body2_wick0.45_atrMin35,96,42.70833333333333,1.0389335717353674,0.4667154068713899,-3.020717090655111,0.48616188215774186,0.019446475286309692,0.1951219512195122,-148.26305446055775,17,10,58.82352941176471,158.8149368862849,8,"{'strategy': 'momentum', 'variant': 'sens_thai_20_2130_rr1.9_body2_wick0.45_atrMin35', 'initial_balance': 10000.0, 'risk_pct': 0.0025, 'fee_rate': 0.0001, 'spread_atr_mult': 0.03, 'slippage_min_spread': 0.3, 'slippage_max_spread': 1.0, 'max_trades_per_day': 3, 'daily_loss_limit_pct': 0.03, 'max_hold_minutes': 720, 'seed': 42, 'sweep_lookback': 20, 'wick_body_min': 1.5, 'atr_percentile_min': 30.0, 'sweep_rr': 2.0, 'sl_atr_buffer': 0.1, 'use_m1_confirmation': False, 'session': 'ny', 'adx_min': 18.0, 'momentum_rr': 1.9, 'use_atr_expansion': False, 'body_mult': 2.0, 'max_wick_pct': 0.45, 'momentum_sl_atr_mult': 1.0, 'session_hours_utc': None, 'close_extreme_pct': None, 'ema_extension_atr_max': None, 'use_m15_ema_trend': False, 'use_m15_ema200_filter': False, 'momentum_atr_percentile_min': 35.0, 'momentum_atr_percentile_max': None, 'session_ranges_utc_minutes': ((780, 870),), 'entry_mode': 'next_m5'}",21.614545033620704,0.16879486607142816,0.3471988904647616,False
sensitivity,XAUUSDm,sens_thai_20_2130_rr1.9_body2_wick0.45_atrMin40,96,42.70833333333333,1.0389335717353674,0.4667154068713899,-3.020717090655111,0.48616188215774186,0.019446475286309692,0.1951219512195122,-148.26305446055775,17,10,58.82352941176471,158.8149368862849,8,"{'strategy': 'momentum', 'variant': 'sens_thai_20_2130_rr1.9_body2_wick0.45_atrMin40', 'initial_balance': 10000.0, 'risk_pct': 0.0025, 'fee_rate': 0.0001, 'spread_atr_mult': 0.03, 'slippage_min_spread': 0.3, 'slippage_max_spread': 1.0, 'max_trades_per_day': 3, 'daily_loss_limit_pct': 0.03, 'max_hold_minutes': 720, 'seed': 42, 'sweep_lookback': 20, 'wick_body_min': 1.5, 'atr_percentile_min': 30.0, 'sweep_rr': 2.0, 'sl_atr_buffer': 0.1, 'use_m1_confirmation': False, 'session': 'ny', 'adx_min': 18.0, 'momentum_rr': 1.9, 'use_atr_expansion': False, 'body_mult': 2.0, 'max_wick_pct': 0.45, 'momentum_sl_atr_mult': 1.0, 'session_hours_utc': None, 'close_extreme_pct': None, 'ema_extension_atr_max': None, 'use_m15_ema_trend': False, 'use_m15_ema200_filter': False, 'momentum_atr_percentile_min': 40.0, 'momentum_atr_percentile_max': None, 'session_ranges_utc_minutes': ((780, 870),), 'entry_mode': 'next_m5'}",21.614545033620704,0.16879486607142816,0.3471988904647616,False
sensitivity,XAUUSDm,sens_thai_20_2130_rr1.9_body2_wick0.45_atrMin45,96,42.70833333333333,1.0389335717353674,0.4667154068713899,-3.020717090655111,0.48616188215774186,0.019446475286309692,0.1951219512195122,-148.26305446055775,17,10,58.82352941176471,158.8149368862849,8,"{'strategy': 'momentum', 'variant': 'sens_thai_20_2130_rr1.9_body2_wick0.45_atrMin45', 'initial_balance': 10000.0, 'risk_pct': 0.0025, 'fee_rate': 0.0001, 'spread_atr_mult': 0.03, 'slippage_min_spread': 0.3, 'slippage_max_spread': 1.0, 'max_trades_per_day': 3, 'daily_loss_limit_pct': 0.03, 'max_hold_minutes': 720, 'seed': 42, 'sweep_lookback': 20, 'wick_body_min': 1.5, 'atr_percentile_min': 30.0, 'sweep_rr': 2.0, 'sl_atr_buffer': 0.1, 'use_m1_confirmation': False, 'session': 'ny', 'adx_min': 18.0, 'momentum_rr': 1.9, 'use_atr_expansion': False, 'body_mult': 2.0, 'max_wick_pct': 0.45, 'momentum_sl_atr_mult': 1.0, 'session_hours_utc': None, 'close_extreme_pct': None, 'ema_extension_atr_max': None, 'use_m15_ema_trend': False, 'use_m15_ema200_filter': False, 'momentum_atr_percentile_min': 45.0, 'momentum_atr_percentile_max': None, 'session_ranges_utc_minutes': ((780, 870),), 'entry_mode': 'next_m5'}",21.614545033620704,0.16879486607142816,0.3471988904647616,False
sensitivity,XAUUSDm,sens_thai_20_2130_rr1.8_body1.8_wick0.4_atrMin50,101,43.56435643564357,1.037319146652254,0.47339834395057556,-2.4830506261708516,0.4687112316342393,0.018748449265369588,0.20528455284552846,-148.22567053047473,17,9,52.94117647058824,179.7518745918085,8,"{'strategy': 'momentum', 'variant': 'sens_thai_20_2130_rr1.8_body1.8_wick0.4_atrMin50', 'initial_balance': 10000.0, 'risk_pct': 0.0025, 'fee_rate': 0.0001, 'spread_atr_mult': 0.03, 'slippage_min_spread': 0.3, 'slippage_max_spread': 1.0, 'max_trades_per_day': 3, 'daily_loss_limit_pct': 0.03, 'max_hold_minutes': 720, 'seed': 42, 'sweep_lookback': 20, 'wick_body_min': 1.5, 'atr_percentile_min': 30.0, 'sweep_rr': 2.0, 'sl_atr_buffer': 0.1, 'use_m1_confirmation': False, 'session': 'ny', 'adx_min': 18.0, 'momentum_rr': 1.8, 'use_atr_expansion': False, 'body_mult': 1.8, 'max_wick_pct': 0.4, 'momentum_sl_atr_mult': 1.0, 'session_hours_utc': None, 'close_extreme_pct': None, 'ema_extension_atr_max': None, 'use_m15_ema_trend': False, 'use_m15_ema200_filter': False, 'momentum_atr_percentile_min': 50.0, 'momentum_atr_percentile_max': None, 'session_ranges_utc_minutes': ((780, 870),), 'entry_mode': 'next_m5'}",21.479728399357718,0.1708993493635074,0.36461543447047023,False
sensitivity,XAUUSDm,sens_thai_20_2130_rr1.8_body1.8_wick0.4_atrMin35,101,43.56435643564357,1.0369686412770622,0.469110646932968,-2.4872897698577106,0.4644659870623554,0.018578639482494226,0.20528455284552846,-148.22567053047473,17,9,52.94117647058824,179.7518745918085,8,"{'strategy': 'momentum', 'variant': 'sens_thai_20_2130_rr1.8_body1.8_wick0.4_atrMin35', 'initial_balance': 10000.0, 'risk_pct': 0.0025, 'fee_rate': 0.0001, 'spread_atr_mult': 0.03, 'slippage_min_spread': 0.3, 'slippage_max_spread': 1.0, 'max_trades_per_day': 3, 'daily_loss_limit_pct': 0.03, 'max_hold_minutes': 720, 'seed': 42, 'sweep_lookback': 20, 'wick_body_min': 1.5, 'atr_percentile_min': 30.0, 'sweep_rr': 2.0, 'sl_atr_buffer': 0.1, 'use_m1_confirmation': False, 'session': 'ny', 'adx_min': 18.0, 'momentum_rr': 1.8, 'use_atr_expansion': False, 'body_mult': 1.8, 'max_wick_pct': 0.4, 'momentum_sl_atr_mult': 1.0, 'session_hours_utc': None, 'close_extreme_pct': None, 'ema_extension_atr_max': None, 'use_m15_ema_trend': False, 'use_m15_ema200_filter': False, 'momentum_atr_percentile_min': 35.0, 'momentum_atr_percentile_max': None, 'session_ranges_utc_minutes': ((780, 870),), 'entry_mode': 'next_m5'}",21.43447420950738,0.17070025459688787,0.3675193864604149,False
sensitivity,XAUUSDm,sens_thai_20_2130_rr1.8_body1.8_wick0.4_atrMin40,101,43.56435643564357,1.0369686412770622,0.469110646932968,-2.4872897698577106,0.4644659870623554,0.018578639482494226,0.20528455284552846,-148.22567053047473,17,9,52.94117647058824,179.7518745918085,8,"{'strategy': 'momentum', 'variant': 'sens_thai_20_2130_rr1.8_body1.8_wick0.4_atrMin40', 'initial_balance': 10000.0, 'risk_pct': 0.0025, 'fee_rate': 0.0001, 'spread_atr_mult': 0.03, 'slippage_min_spread': 0.3, 'slippage_max_spread': 1.0, 'max_trades_per_day': 3, 'daily_loss_limit_pct': 0.03, 'max_hold_minutes': 720, 'seed': 42, 'sweep_lookback': 20, 'wick_body_min': 1.5, 'atr_percentile_min': 30.0, 'sweep_rr': 2.0, 'sl_atr_buffer': 0.1, 'use_m1_confirmation': False, 'session': 'ny', 'adx_min': 18.0, 'momentum_rr': 1.8, 'use_atr_expansion': False, 'body_mult': 1.8, 'max_wick_pct': 0.4, 'momentum_sl_atr_mult': 1.0, 'session_hours_utc': None, 'close_extreme_pct': None, 'ema_extension_atr_max': None, 'use_m15_ema_trend': False, 'use_m15_ema200_filter': False, 'momentum_atr_percentile_min': 40.0, 'momentum_atr_percentile_max': None, 'session_ranges_utc_minutes': ((780, 870),), 'entry_mode': 'next_m5'}",21.43447420950738,0.17070025459688787,0.3675193864604149,False
sensitivity,XAUUSDm,sens_thai_20_2130_rr1.8_body1.8_wick0.4_atrMin45,101,43.56435643564357,1.0369686412770622,0.469110646932968,-2.4872897698577106,0.4644659870623554,0.018578639482494226,0.20528455284552846,-148.22567053047473,17,9,52.94117647058824,179.7518745918085,8,"{'strategy': 'momentum', 'variant': 'sens_thai_20_2130_rr1.8_body1.8_wick0.4_atrMin45', 'initial_balance': 10000.0, 'risk_pct': 0.0025, 'fee_rate': 0.0001, 'spread_atr_mult': 0.03, 'slippage_min_spread': 0.3, 'slippage_max_spread': 1.0, 'max_trades_per_day': 3, 'daily_loss_limit_pct': 0.03, 'max_hold_minutes': 720, 'seed': 42, 'sweep_lookback': 20, 'wick_body_min': 1.5, 'atr_percentile_min': 30.0, 'sweep_rr': 2.0, 'sl_atr_buffer': 0.1, 'use_m1_confirmation': False, 'session': 'ny', 'adx_min': 18.0, 'momentum_rr': 1.8, 'use_atr_expansion': False, 'body_mult': 1.8, 'max_wick_pct': 0.4, 'momentum_sl_atr_mult': 1.0, 'session_hours_utc': None, 'close_extreme_pct': None, 'ema_extension_atr_max': None, 'use_m15_ema_trend': False, 'use_m15_ema200_filter': False, 'momentum_atr_percentile_min': 45.0, 'momentum_atr_percentile_max': None, 'session_ranges_utc_minutes': ((780, 870),), 'entry_mode': 'next_m5'}",21.43447420950738,0.17070025459688787,0.3675193864604149,False
sensitivity,XAUUSDm,sens_thai_20_2130_rr1.6_body1.8_wick0.45_atrMin50,105,44.761904761904766,1.0340372247401455,0.4349807184055498,-1.9945791064407918,0.41426735086255695,0.016570694034502276,0.21341463414634146,-148.19893945736067,17,9,52.94117647058824,178.62751387787907,7,"{'strategy': 'momentum', 'variant': 'sens_thai_20_2130_rr1.6_body1.8_wick0.45_atrMin50', 'initial_balance': 10000.0, 'risk_pct': 0.0025, 'fee_rate': 0.0001, 'spread_atr_mult': 0.03, 'slippage_min_spread': 0.3, 'slippage_max_spread': 1.0, 'max_trades_per_day': 3, 'daily_loss_limit_pct': 0.03, 'max_hold_minutes': 720, 'seed': 42, 'sweep_lookback': 20, 'wick_body_min': 1.5, 'atr_percentile_min': 30.0, 'sweep_rr': 2.0, 'sl_atr_buffer': 0.1, 'use_m1_confirmation': False, 'session': 'ny', 'adx_min': 18.0, 'momentum_rr': 1.6, 'use_atr_expansion': False, 'body_mult': 1.8, 'max_wick_pct': 0.45, 'momentum_sl_atr_mult': 1.0, 'session_hours_utc': None, 'close_extreme_pct': None, 'ema_extension_atr_max': None, 'use_m15_ema_trend': False, 'use_m15_ema200_filter': False, 'momentum_atr_percentile_min': 50.0, 'momentum_atr_percentile_max': None, 'session_ranges_utc_minutes': ((780, 870),), 'entry_mode': 'next_m5'}",21.407713233355008,0.1694045102040812,0.4089255642554491,False
sensitivity,XAUUSDm,sens_thai_20_2130_rr1.6_body1.8_wick0.45_atrMin35,105,44.761904761904766,1.033690409070035,0.43069302138794224,-1.9988308609522178,0.41018382989341146,0.01640735319573645,0.21341463414634146,-148.19893945736067,17,9,52.94117647058824,178.62751387787907,7,"{'strategy': 'momentum', 'variant': 'sens_thai_20_2130_rr1.6_body1.8_wick0.45_atrMin35', 'initial_balance': 10000.0, 'risk_pct': 0.0025, 'fee_rate': 0.0001, 'spread_atr_mult': 0.03, 'slippage_min_spread': 0.3, 'slippage_max_spread': 1.0, 'max_trades_per_day': 3, 'daily_loss_limit_pct': 0.03, 'max_hold_minutes': 720, 'seed': 42, 'sweep_lookback': 20, 'wick_body_min': 1.5, 'atr_percentile_min': 30.0, 'sweep_rr': 2.0, 'sl_atr_buffer': 0.1, 'use_m1_confirmation': False, 'session': 'ny', 'adx_min': 18.0, 'momentum_rr': 1.6, 'use_atr_expansion': False, 'body_mult': 1.8, 'max_wick_pct': 0.45, 'momentum_sl_atr_mult': 1.0, 'session_hours_utc': None, 'close_extreme_pct': None, 'ema_extension_atr_max': None, 'use_m15_ema_trend': False, 'use_m15_ema200_filter': False, 'momentum_atr_percentile_min': 35.0, 'momentum_atr_percentile_max': None, 'session_ranges_utc_minutes': ((780, 870),), 'entry_mode': 'next_m5'}",21.364183012641824,0.16921299999999959,0.41252967003592145,False
sensitivity,XAUUSDm,sens_thai_20_2130_rr1.6_body1.8_wick0.45_atrMin40,105,44.761904761904766,1.033690409070035,0.43069302138794224,-1.9988308609522178,0.41018382989341146,0.01640735319573645,0.21341463414634146,-148.19893945736067,17,9,52.94117647058824,178.62751387787907,7,"{'strategy': 'momentum', 'variant': 'sens_thai_20_2130_rr1.6_body1.8_wick0.45_atrMin40', 'initial_balance': 10000.0, 'risk_pct': 0.0025, 'fee_rate': 0.0001, 'spread_atr_mult': 0.03, 'slippage_min_spread': 0.3, 'slippage_max_spread': 1.0, 'max_trades_per_day': 3, 'daily_loss_limit_pct': 0.03, 'max_hold_minutes': 720, 'seed': 42, 'sweep_lookback': 20, 'wick_body_min': 1.5, 'atr_percentile_min': 30.0, 'sweep_rr': 2.0, 'sl_atr_buffer': 0.1, 'use_m1_confirmation': False, 'session': 'ny', 'adx_min': 18.0, 'momentum_rr': 1.6, 'use_atr_expansion': False, 'body_mult': 1.8, 'max_wick_pct': 0.45, 'momentum_sl_atr_mult': 1.0, 'session_hours_utc': None, 'close_extreme_pct': None, 'ema_extension_atr_max': None, 'use_m15_ema_trend': False, 'use_m15_ema200_filter': False, 'momentum_atr_percentile_min': 40.0, 'momentum_atr_percentile_max': None, 'session_ranges_utc_minutes': ((780, 870),), 'entry_mode': 'next_m5'}",21.364183012641824,0.16921299999999959,0.41252967003592145,False
sensitivity,XAUUSDm,sens_thai_20_2130_rr1.6_body1.8_wick0.45_atrMin45,105,44.761904761904766,1.033690409070035,0.43069302138794224,-1.9988308609522178,0.41018382989341146,0.01640735319573645,0.21341463414634146,-148.19893945736067,17,9,52.94117647058824,178.62751387787907,7,"{'strategy': 'momentum', 'variant': 'sens_thai_20_2130_rr1.6_body1.8_wick0.45_atrMin45', 'initial_balance': 10000.0, 'risk_pct': 0.0025, 'fee_rate': 0.0001, 'spread_atr_mult': 0.03, 'slippage_min_spread': 0.3, 'slippage_max_spread': 1.0, 'max_trades_per_day': 3, 'daily_loss_limit_pct': 0.03, 'max_hold_minutes': 720, 'seed': 42, 'sweep_lookback': 20, 'wick_body_min': 1.5, 'atr_percentile_min': 30.0, 'sweep_rr': 2.0, 'sl_atr_buffer': 0.1, 'use_m1_confirmation': False, 'session': 'ny', 'adx_min': 18.0, 'momentum_rr': 1.6, 'use_atr_expansion': False, 'body_mult': 1.8, 'max_wick_pct': 0.45, 'momentum_sl_atr_mult': 1.0, 'session_hours_utc': None, 'close_extreme_pct': None, 'ema_extension_atr_max': None, 'use_m15_ema_trend': False, 'use_m15_ema200_filter': False, 'momentum_atr_percentile_min': 45.0, 'momentum_atr_percentile_max': None, 'session_ranges_utc_minutes': ((780, 870),), 'entry_mode': 'next_m5'}",21.364183012641824,0.16921299999999959,0.41252967003592145,False
sensitivity,XAUUSDm,sens_thai_20_2130_rr1.9_body1.8_wick0.35_atrMin50,98,42.857142857142854,1.0305949004081565,0.38320184879919905,-2.6755873760522806,0.39102229469306277,0.01564089178772251,0.1991869918699187,-148.0561061906274,17,8,47.05882352941176,205.58255855116943,8,"{'strategy': 'momentum', 'variant': 'sens_thai_20_2130_rr1.9_body1.8_wick0.35_atrMin50', 'initial_balance': 10000.0, 'risk_pct': 0.0025, 'fee_rate': 0.0001, 'spread_atr_mult': 0.03, 'slippage_min_spread': 0.3, 'slippage_max_spread': 1.0, 'max_trades_per_day': 3, 'daily_loss_limit_pct': 0.03, 'max_hold_minutes': 720, 'seed': 42, 'sweep_lookback': 20, 'wick_body_min': 1.5, 'atr_percentile_min': 30.0, 'sweep_rr': 2.0, 'sl_atr_buffer': 0.1, 'use_m1_confirmation': False, 'session': 'ny', 'adx_min': 18.0, 'momentum_rr': 1.9, 'use_atr_expansion': False, 'body_mult': 1.8, 'max_wick_pct': 0.35, 'momentum_sl_atr_mult': 1.0, 'session_hours_utc': None, 'close_extreme_pct': None, 'ema_extension_atr_max': None, 'use_m15_ema_trend': False, 'use_m15_ema200_filter': False, 'momentum_atr_percentile_min': 50.0, 'momentum_atr_percentile_max': None, 'session_ranges_utc_minutes': ((780, 870),), 'entry_mode': 'next_m5'}",21.575605878712803,0.17174632653061184,0.4392238725554664,False
sensitivity,XAUUSDm,sens_thai_20_2130_rr1.9_body1.8_wick0.35_atrMin35,98,42.857142857142854,1.0302422171212693,0.3789141517815915,-2.679820242338362,0.38664709365469274,0.015465883746187709,0.1991869918699187,-148.0561061906274,17,8,47.05882352941176,205.58255855116943,8,"{'strategy': 'momentum', 'variant': 'sens_thai_20_2130_rr1.9_body1.8_wick0.35_atrMin35', 'initial_balance': 10000.0, 'risk_pct': 0.0025, 'fee_rate': 0.0001, 'spread_atr_mult': 0.03, 'slippage_min_spread': 0.3, 'slippage_max_spread': 1.0, 'max_trades_per_day': 3, 'daily_loss_limit_pct': 0.03, 'max_hold_minutes': 720, 'seed': 42, 'sweep_lookback': 20, 'wick_body_min': 1.5, 'atr_percentile_min': 30.0, 'sweep_rr': 2.0, 'sl_atr_buffer': 0.1, 'use_m1_confirmation': False, 'session': 'ny', 'adx_min': 18.0, 'momentum_rr': 1.9, 'use_atr_expansion': False, 'body_mult': 1.8, 'max_wick_pct': 0.35, 'momentum_sl_atr_mult': 1.0, 'session_hours_utc': None, 'close_extreme_pct': None, 'ema_extension_atr_max': None, 'use_m15_ema_trend': False, 'use_m15_ema200_filter': False, 'momentum_atr_percentile_min': 35.0, 'momentum_atr_percentile_max': None, 'session_ranges_utc_minutes': ((780, 870),), 'entry_mode': 'next_m5'}",21.528966356520108,0.17154113702623863,0.4436633297945821,False
sensitivity,XAUUSDm,sens_thai_20_2130_rr1.9_body1.8_wick0.35_atrMin40,98,42.857142857142854,1.0302422171212693,0.3789141517815915,-2.679820242338362,0.38664709365469274,0.015465883746187709,0.1991869918699187,-148.0561061906274,17,8,47.05882352941176,205.58255855116943,8,"{'strategy': 'momentum', 'variant': 'sens_thai_20_2130_rr1.9_body1.8_wick0.35_atrMin40', 'initial_balance': 10000.0, 'risk_pct': 0.0025, 'fee_rate': 0.0001, 'spread_atr_mult': 0.03, 'slippage_min_spread': 0.3, 'slippage_max_spread': 1.0, 'max_trades_per_day': 3, 'daily_loss_limit_pct': 0.03, 'max_hold_minutes': 720, 'seed': 42, 'sweep_lookback': 20, 'wick_body_min': 1.5, 'atr_percentile_min': 30.0, 'sweep_rr': 2.0, 'sl_atr_buffer': 0.1, 'use_m1_confirmation': False, 'session': 'ny', 'adx_min': 18.0, 'momentum_rr': 1.9, 'use_atr_expansion': False, 'body_mult': 1.8, 'max_wick_pct': 0.35, 'momentum_sl_atr_mult': 1.0, 'session_hours_utc': None, 'close_extreme_pct': None, 'ema_extension_atr_max': None, 'use_m15_ema_trend': False, 'use_m15_ema200_filter': False, 'momentum_atr_percentile_min': 40.0, 'momentum_atr_percentile_max': None, 'session_ranges_utc_minutes': ((780, 870),), 'entry_mode': 'next_m5'}",21.528966356520108,0.17154113702623863,0.4436633297945821,False
sensitivity,XAUUSDm,sens_thai_20_2130_rr1.9_body1.8_wick0.35_atrMin45,98,42.857142857142854,1.0302422171212693,0.3789141517815915,-2.679820242338362,0.38664709365469274,0.015465883746187709,0.1991869918699187,-148.0561061906274,17,8,47.05882352941176,205.58255855116943,8,"{'strategy': 'momentum', 'variant': 'sens_thai_20_2130_rr1.9_body1.8_wick0.35_atrMin45', 'initial_balance': 10000.0, 'risk_pct': 0.0025, 'fee_rate': 0.0001, 'spread_atr_mult': 0.03, 'slippage_min_spread': 0.3, 'slippage_max_spread': 1.0, 'max_trades_per_day': 3, 'daily_loss_limit_pct': 0.03, 'max_hold_minutes': 720, 'seed': 42, 'sweep_lookback': 20, 'wick_body_min': 1.5, 'atr_percentile_min': 30.0, 'sweep_rr': 2.0, 'sl_atr_buffer': 0.1, 'use_m1_confirmation': False, 'session': 'ny', 'adx_min': 18.0, 'momentum_rr': 1.9, 'use_atr_expansion': False, 'body_mult': 1.8, 'max_wick_pct': 0.35, 'momentum_sl_atr_mult': 1.0, 'session_hours_utc': None, 'close_extreme_pct': None, 'ema_extension_atr_max': None, 'use_m15_ema_trend': False, 'use_m15_ema200_filter': False, 'momentum_atr_percentile_min': 45.0, 'momentum_atr_percentile_max': None, 'session_ranges_utc_minutes': ((780, 870),), 'entry_mode': 'next_m5'}",21.528966356520108,0.17154113702623863,0.4436633297945821,False
sensitivity,XAUUSDm,sens_thai_20_2130_rr1.9_body2.2_wick0.35_atrMin50,82,42.68292682926829,1.0291899183722852,0.29502740601517874,-2.3963105875087445,0.35978951953072436,0.014391580781228935,0.16666666666666666,-148.00379783890185,17,10,58.82352941176471,138.88705350250717,6,"{'strategy': 'momentum', 'variant': 'sens_thai_20_2130_rr1.9_body2.2_wick0.35_atrMin50', 'initial_balance': 10000.0, 'risk_pct': 0.0025, 'fee_rate': 0.0001, 'spread_atr_mult': 0.03, 'slippage_min_spread': 0.3, 'slippage_max_spread': 1.0, 'max_trades_per_day': 3, 'daily_loss_limit_pct': 0.03, 'max_hold_minutes': 720, 'seed': 42, 'sweep_lookback': 20, 'wick_body_min': 1.5, 'atr_percentile_min': 30.0, 'sweep_rr': 2.0, 'sl_atr_buffer': 0.1, 'use_m1_confirmation': False, 'session': 'ny', 'adx_min': 18.0, 'momentum_rr': 1.9, 'use_atr_expansion': False, 'body_mult': 2.2, 'max_wick_pct': 0.35, 'momentum_sl_atr_mult': 1.0, 'session_hours_utc': None, 'close_extreme_pct': None, 'ema_extension_atr_max': None, 'use_m15_ema_trend': False, 'use_m15_ema200_filter': False, 'momentum_atr_percentile_min': 50.0, 'momentum_atr_percentile_max': None, 'session_ranges_utc_minutes': ((780, 870),), 'entry_mode': 'next_m5'}",22.79069992466372,0.17600513937282203,0.48918917816835417,False
sensitivity,XAUUSDm,sens_thai_20_2130_rr1.9_body2.2_wick0.35_atrMin35,82,42.68292682926829,1.028752986255698,0.2907346882074671,-2.40056426766549,0.3545544978140025,0.014182179912560062,0.16666666666666666,-148.00379783890185,17,10,58.82352941176471,138.88705350250717,6,"{'strategy': 'momentum', 'variant': 'sens_thai_20_2130_rr1.9_body2.2_wick0.35_atrMin35', 'initial_balance': 10000.0, 'risk_pct': 0.0025, 'fee_rate': 0.0001, 'spread_atr_mult': 0.03, 'slippage_min_spread': 0.3, 'slippage_max_spread': 1.0, 'max_trades_per_day': 3, 'daily_loss_limit_pct': 0.03, 'max_hold_minutes': 720, 'seed': 42, 'sweep_lookback': 20, 'wick_body_min': 1.5, 'atr_percentile_min': 30.0, 'sweep_rr': 2.0, 'sl_atr_buffer': 0.1, 'use_m1_confirmation': False, 'session': 'ny', 'adx_min': 18.0, 'momentum_rr': 1.9, 'use_atr_expansion': False, 'body_mult': 2.2, 'max_wick_pct': 0.35, 'momentum_sl_atr_mult': 1.0, 'session_hours_utc': None, 'close_extreme_pct': None, 'ema_extension_atr_max': None, 'use_m15_ema_trend': False, 'use_m15_ema200_filter': False, 'momentum_atr_percentile_min': 35.0, 'momentum_atr_percentile_max': None, 'session_ranges_utc_minutes': ((780, 870),), 'entry_mode': 'next_m5'}",22.734982527205247,0.17575991289198578,0.4957204434737944,False
sensitivity,XAUUSDm,sens_thai_20_2130_rr1.9_body2.2_wick0.35_atrMin40,82,42.68292682926829,1.028752986255698,0.2907346882074671,-2.40056426766549,0.3545544978140025,0.014182179912560062,0.16666666666666666,-148.00379783890185,17,10,58.82352941176471,138.88705350250717,6,"{'strategy': 'momentum', 'variant': 'sens_thai_20_2130_rr1.9_body2.2_wick0.35_atrMin40', 'initial_balance': 10000.0, 'risk_pct': 0.0025, 'fee_rate': 0.0001, 'spread_atr_mult': 0.03, 'slippage_min_spread': 0.3, 'slippage_max_spread': 1.0, 'max_trades_per_day': 3, 'daily_loss_limit_pct': 0.03, 'max_hold_minutes': 720, 'seed': 42, 'sweep_lookback': 20, 'wick_body_min': 1.5, 'atr_percentile_min': 30.0, 'sweep_rr': 2.0, 'sl_atr_buffer': 0.1, 'use_m1_confirmation': False, 'session': 'ny', 'adx_min': 18.0, 'momentum_rr': 1.9, 'use_atr_expansion': False, 'body_mult': 2.2, 'max_wick_pct': 0.35, 'momentum_sl_atr_mult': 1.0, 'session_hours_utc': None, 'close_extreme_pct': None, 'ema_extension_atr_max': None, 'use_m15_ema_trend': False, 'use_m15_ema200_filter': False, 'momentum_atr_percentile_min': 40.0, 'momentum_atr_percentile_max': None, 'session_ranges_utc_minutes': ((780, 870),), 'entry_mode': 'next_m5'}",22.734982527205247,0.17575991289198578,0.4957204434737944,False
sensitivity,XAUUSDm,sens_thai_20_2130_rr1.9_body2.2_wick0.35_atrMin45,82,42.68292682926829,1.028752986255698,0.2907346882074671,-2.40056426766549,0.3545544978140025,0.014182179912560062,0.16666666666666666,-148.00379783890185,17,10,58.82352941176471,138.88705350250717,6,"{'strategy': 'momentum', 'variant': 'sens_thai_20_2130_rr1.9_body2.2_wick0.35_atrMin45', 'initial_balance': 10000.0, 'risk_pct': 0.0025, 'fee_rate': 0.0001, 'spread_atr_mult': 0.03, 'slippage_min_spread': 0.3, 'slippage_max_spread': 1.0, 'max_trades_per_day': 3, 'daily_loss_limit_pct': 0.03, 'max_hold_minutes': 720, 'seed': 42, 'sweep_lookback': 20, 'wick_body_min': 1.5, 'atr_percentile_min': 30.0, 'sweep_rr': 2.0, 'sl_atr_buffer': 0.1, 'use_m1_confirmation': False, 'session': 'ny', 'adx_min': 18.0, 'momentum_rr': 1.9, 'use_atr_expansion': False, 'body_mult': 2.2, 'max_wick_pct': 0.35, 'momentum_sl_atr_mult': 1.0, 'session_hours_utc': None, 'close_extreme_pct': None, 'ema_extension_atr_max': None, 'use_m15_ema_trend': False, 'use_m15_ema200_filter': False, 'momentum_atr_percentile_min': 45.0, 'momentum_atr_percentile_max': None, 'session_ranges_utc_minutes': ((780, 870),), 'entry_mode': 'next_m5'}",22.734982527205247,0.17575991289198578,0.4957204434737944,False
sensitivity,XAUUSDm,sens_thai_20_2130_rr1.7_body2.2_wick0.45_atrMin50,87,43.67816091954023,1.0272499277608038,0.28239496979136675,-2.728557585067996,0.3245919193004447,0.01298367677201782,0.17682926829268292,-148.03906128454946,17,9,52.94117647058824,123.86720726587961,7,"{'strategy': 'momentum', 'variant': 'sens_thai_20_2130_rr1.7_body2.2_wick0.45_atrMin50', 'initial_balance': 10000.0, 'risk_pct': 0.0025, 'fee_rate': 0.0001, 'spread_atr_mult': 0.03, 'slippage_min_spread': 0.3, 'slippage_max_spread': 1.0, 'max_trades_per_day': 3, 'daily_loss_limit_pct': 0.03, 'max_hold_minutes': 720, 'seed': 42, 'sweep_lookback': 20, 'wick_body_min': 1.5, 'atr_percentile_min': 30.0, 'sweep_rr': 2.0, 'sl_atr_buffer': 0.1, 'use_m1_confirmation': False, 'session': 'ny', 'adx_min': 18.0, 'momentum_rr': 1.7, 'use_atr_expansion': False, 'body_mult': 2.2, 'max_wick_pct': 0.45, 'momentum_sl_atr_mult': 1.0, 'session_hours_utc': None, 'close_extreme_pct': None, 'ema_extension_atr_max': None, 'use_m15_ema_trend': False, 'use_m15_ema200_filter': False, 'momentum_atr_percentile_min': 50.0, 'momentum_atr_percentile_max': None, 'session_ranges_utc_minutes': ((780, 870),), 'entry_mode': 'next_m5'}",22.389559202522925,0.17345302955665007,0.5343726052406765,False
sensitivity,XAUUSDm,sens_thai_20_2130_rr1.7_body2.2_wick0.45_atrMin35,87,43.67816091954023,1.026825617189845,0.27811265333415575,-2.732805167839807,0.3196697164760584,0.012786788659042357,0.17682926829268292,-148.03906128454946,17,9,52.94117647058824,123.86720726587961,7,"{'strategy': 'momentum', 'variant': 'sens_thai_20_2130_rr1.7_body2.2_wick0.45_atrMin35', 'initial_balance': 10000.0, 'risk_pct': 0.0025, 'fee_rate': 0.0001, 'spread_atr_mult': 0.03, 'slippage_min_spread': 0.3, 'slippage_max_spread': 1.0, 'max_trades_per_day': 3, 'daily_loss_limit_pct': 0.03, 'max_hold_minutes': 720, 'seed': 42, 'sweep_lookback': 20, 'wick_body_min': 1.5, 'atr_percentile_min': 30.0, 'sweep_rr': 2.0, 'sl_atr_buffer': 0.1, 'use_m1_confirmation': False, 'session': 'ny', 'adx_min': 18.0, 'momentum_rr': 1.7, 'use_atr_expansion': False, 'body_mult': 2.2, 'max_wick_pct': 0.45, 'momentum_sl_atr_mult': 1.0, 'session_hours_utc': None, 'close_extreme_pct': None, 'ema_extension_atr_max': None, 'use_m15_ema_trend': False, 'use_m15_ema200_filter': False, 'momentum_atr_percentile_min': 35.0, 'momentum_atr_percentile_max': None, 'session_ranges_utc_minutes': ((780, 870),), 'entry_mode': 'next_m5'}",22.336999933304636,0.17322189655172396,0.5418777182313964,False
sensitivity,XAUUSDm,sens_thai_20_2130_rr1.7_body2.2_wick0.45_atrMin40,87,43.67816091954023,1.026825617189845,0.27811265333415575,-2.732805167839807,0.3196697164760584,0.012786788659042357,0.17682926829268292,-148.03906128454946,17,9,52.94117647058824,123.86720726587961,7,"{'strategy': 'momentum', 'variant': 'sens_thai_20_2130_rr1.7_body2.2_wick0.45_atrMin40', 'initial_balance': 10000.0, 'risk_pct': 0.0025, 'fee_rate': 0.0001, 'spread_atr_mult': 0.03, 'slippage_min_spread': 0.3, 'slippage_max_spread': 1.0, 'max_trades_per_day': 3, 'daily_loss_limit_pct': 0.03, 'max_hold_minutes': 720, 'seed': 42, 'sweep_lookback': 20, 'wick_body_min': 1.5, 'atr_percentile_min': 30.0, 'sweep_rr': 2.0, 'sl_atr_buffer': 0.1, 'use_m1_confirmation': False, 'session': 'ny', 'adx_min': 18.0, 'momentum_rr': 1.7, 'use_atr_expansion': False, 'body_mult': 2.2, 'max_wick_pct': 0.45, 'momentum_sl_atr_mult': 1.0, 'session_hours_utc': None, 'close_extreme_pct': None, 'ema_extension_atr_max': None, 'use_m15_ema_trend': False, 'use_m15_ema200_filter': False, 'momentum_atr_percentile_min': 40.0, 'momentum_atr_percentile_max': None, 'session_ranges_utc_minutes': ((780, 870),), 'entry_mode': 'next_m5'}",22.336999933304636,0.17322189655172396,0.5418777182313964,False
sensitivity,XAUUSDm,sens_thai_20_2130_rr1.7_body2.2_wick0.45_atrMin45,87,43.67816091954023,1.026825617189845,0.27811265333415575,-2.732805167839807,0.3196697164760584,0.012786788659042357,0.17682926829268292,-148.03906128454946,17,9,52.94117647058824,123.86720726587961,7,"{'strategy': 'momentum', 'variant': 'sens_thai_20_2130_rr1.7_body2.2_wick0.45_atrMin45', 'initial_balance': 10000.0, 'risk_pct': 0.0025, 'fee_rate': 0.0001, 'spread_atr_mult': 0.03, 'slippage_min_spread': 0.3, 'slippage_max_spread': 1.0, 'max_trades_per_day': 3, 'daily_loss_limit_pct': 0.03, 'max_hold_minutes': 720, 'seed': 42, 'sweep_lookback': 20, 'wick_body_min': 1.5, 'atr_percentile_min': 30.0, 'sweep_rr': 2.0, 'sl_atr_buffer': 0.1, 'use_m1_confirmation': False, 'session': 'ny', 'adx_min': 18.0, 'momentum_rr': 1.7, 'use_atr_expansion': False, 'body_mult': 2.2, 'max_wick_pct': 0.45, 'momentum_sl_atr_mult': 1.0, 'session_hours_utc': None, 'close_extreme_pct': None, 'ema_extension_atr_max': None, 'use_m15_ema_trend': False, 'use_m15_ema200_filter': False, 'momentum_atr_percentile_min': 45.0, 'momentum_atr_percentile_max': None, 'session_ranges_utc_minutes': ((780, 870),), 'entry_mode': 'next_m5'}",22.336999933304636,0.17322189655172396,0.5418777182313964,False
sensitivity,XAUUSDm,sens_thai_20_2130_rr1.6_body2_wick0.35_atrMin50,92,45.65217391304348,1.0265743701457102,0.29079355618185215,-2.110072610773356,0.3160799523716523,0.012643198094866059,0.18699186991869918,-147.97506332746286,17,8,47.05882352941176,155.24234985307706,6,"{'strategy': 'momentum', 'variant': 'sens_thai_20_2130_rr1.6_body2_wick0.35_atrMin50', 'initial_balance': 10000.0, 'risk_pct': 0.0025, 'fee_rate': 0.0001, 'spread_atr_mult': 0.03, 'slippage_min_spread': 0.3, 'slippage_max_spread': 1.0, 'max_trades_per_day': 3, 'daily_loss_limit_pct': 0.03, 'max_hold_minutes': 720, 'seed': 42, 'sweep_lookback': 20, 'wick_body_min': 1.5, 'atr_percentile_min': 30.0, 'sweep_rr': 2.0, 'sl_atr_buffer': 0.1, 'use_m1_confirmation': False, 'session': 'ny', 'adx_min': 18.0, 'momentum_rr': 1.6, 'use_atr_expansion': False, 'body_mult': 2.0, 'max_wick_pct': 0.35, 'momentum_sl_atr_mult': 1.0, 'session_hours_utc': None, 'close_extreme_pct': None, 'ema_extension_atr_max': None, 'use_m15_ema_trend': False, 'use_m15_ema200_filter': False, 'momentum_atr_percentile_min': 50.0, 'momentum_atr_percentile_max': None, 'session_ranges_utc_minutes': ((780, 870),), 'entry_mode': 'next_m5'}",22.106955918168925,0.17142442546583803,0.5423451382461428,False
sensitivity,XAUUSDm,sens_thai_20_2130_rr1.6_body2_wick0.35_atrMin35,92,45.65217391304348,1.0261735573613848,0.28651947718786686,-2.114314126662576,0.3114342143347087,0.012457368573388325,0.18699186991869918,-147.97506332746286,17,8,47.05882352941176,155.24234985307706,6,"{'strategy': 'momentum', 'variant': 'sens_thai_20_2130_rr1.6_body2_wick0.35_atrMin35', 'initial_balance': 10000.0, 'risk_pct': 0.0025, 'fee_rate': 0.0001, 'spread_atr_mult': 0.03, 'slippage_min_spread': 0.3, 'slippage_max_spread': 1.0, 'max_trades_per_day': 3, 'daily_loss_limit_pct': 0.03, 'max_hold_minutes': 720, 'seed': 42, 'sweep_lookback': 20, 'wick_body_min': 1.5, 'atr_percentile_min': 30.0, 'sweep_rr': 2.0, 'sl_atr_buffer': 0.1, 'use_m1_confirmation': False, 'session': 'ny', 'adx_min': 18.0, 'momentum_rr': 1.6, 'use_atr_expansion': False, 'body_mult': 2.0, 'max_wick_pct': 0.35, 'momentum_sl_atr_mult': 1.0, 'session_hours_utc': None, 'close_extreme_pct': None, 'ema_extension_atr_max': None, 'use_m15_ema_trend': False, 'use_m15_ema200_filter': False, 'momentum_atr_percentile_min': 35.0, 'momentum_atr_percentile_max': None, 'session_ranges_utc_minutes': ((780, 870),), 'entry_mode': 'next_m5'}",22.05722003279709,0.17120585403726657,0.5497336071535993,False
sensitivity,XAUUSDm,sens_thai_20_2130_rr1.6_body2_wick0.35_atrMin40,92,45.65217391304348,1.0261735573613848,0.28651947718786686,-2.114314126662576,0.3114342143347087,0.012457368573388325,0.18699186991869918,-147.97506332746286,17,8,47.05882352941176,155.24234985307706,6,"{'strategy': 'momentum', 'variant': 'sens_thai_20_2130_rr1.6_body2_wick0.35_atrMin40', 'initial_balance': 10000.0, 'risk_pct': 0.0025, 'fee_rate': 0.0001, 'spread_atr_mult': 0.03, 'slippage_min_spread': 0.3, 'slippage_max_spread': 1.0, 'max_trades_per_day': 3, 'daily_loss_limit_pct': 0.03, 'max_hold_minutes': 720, 'seed': 42, 'sweep_lookback': 20, 'wick_body_min': 1.5, 'atr_percentile_min': 30.0, 'sweep_rr': 2.0, 'sl_atr_buffer': 0.1, 'use_m1_confirmation': False, 'session': 'ny', 'adx_min': 18.0, 'momentum_rr': 1.6, 'use_atr_expansion': False, 'body_mult': 2.0, 'max_wick_pct': 0.35, 'momentum_sl_atr_mult': 1.0, 'session_hours_utc': None, 'close_extreme_pct': None, 'ema_extension_atr_max': None, 'use_m15_ema_trend': False, 'use_m15_ema200_filter': False, 'momentum_atr_percentile_min': 40.0, 'momentum_atr_percentile_max': None, 'session_ranges_utc_minutes': ((780, 870),), 'entry_mode': 'next_m5'}",22.05722003279709,0.17120585403726657,0.5497336071535993,False
sensitivity,XAUUSDm,sens_thai_20_2130_rr1.6_body2_wick0.35_atrMin45,92,45.65217391304348,1.0261735573613848,0.28651947718786686,-2.114314126662576,0.3114342143347087,0.012457368573388325,0.18699186991869918,-147.97506332746286,17,8,47.05882352941176,155.24234985307706,6,"{'strategy': 'momentum', 'variant': 'sens_thai_20_2130_rr1.6_body2_wick0.35_atrMin45', 'initial_balance': 10000.0, 'risk_pct': 0.0025, 'fee_rate': 0.0001, 'spread_atr_mult': 0.03, 'slippage_min_spread': 0.3, 'slippage_max_spread': 1.0, 'max_trades_per_day': 3, 'daily_loss_limit_pct': 0.03, 'max_hold_minutes': 720, 'seed': 42, 'sweep_lookback': 20, 'wick_body_min': 1.5, 'atr_percentile_min': 30.0, 'sweep_rr': 2.0, 'sl_atr_buffer': 0.1, 'use_m1_confirmation': False, 'session': 'ny', 'adx_min': 18.0, 'momentum_rr': 1.6, 'use_atr_expansion': False, 'body_mult': 2.0, 'max_wick_pct': 0.35, 'momentum_sl_atr_mult': 1.0, 'session_hours_utc': None, 'close_extreme_pct': None, 'ema_extension_atr_max': None, 'use_m15_ema_trend': False, 'use_m15_ema200_filter': False, 'momentum_atr_percentile_min': 45.0, 'momentum_atr_percentile_max': None, 'session_ranges_utc_minutes': ((780, 870),), 'entry_mode': 'next_m5'}",22.05722003279709,0.17120585403726657,0.5497336071535993,False
sensitivity,XAUUSDm,sens_thai_20_2130_rr1.7_body1.8_wick0.45_atrMin50,103,43.689320388349515,1.025611213655869,0.327514331645616,-2.5610067602397626,0.3179750792676097,0.012719003170704386,0.20934959349593496,-148.2499444454252,17,9,52.94117647058824,191.12776387788017,8,"{'strategy': 'momentum', 'variant': 'sens_thai_20_2130_rr1.7_body1.8_wick0.45_atrMin50', 'initial_balance': 10000.0, 'risk_pct': 0.0025, 'fee_rate': 0.0001, 'spread_atr_mult': 0.03, 'slippage_min_spread': 0.3, 'slippage_max_spread': 1.0, 'max_trades_per_day': 3, 'daily_loss_limit_pct': 0.03, 'max_hold_minutes': 720, 'seed': 42, 'sweep_lookback': 20, 'wick_body_min': 1.5, 'atr_percentile_min': 30.0, 'sweep_rr': 2.0, 'sl_atr_buffer': 0.1, 'use_m1_confirmation': False, 'session': 'ny', 'adx_min': 18.0, 'momentum_rr': 1.7, 'use_atr_expansion': False, 'body_mult': 1.8, 'max_wick_pct': 0.45, 'momentum_sl_atr_mult': 1.0, 'session_hours_utc': None, 'close_extreme_pct': None, 'ema_extension_atr_max': None, 'use_m15_ema_trend': False, 'use_m15_ema200_filter': False, 'momentum_atr_percentile_min': 50.0, 'momentum_atr_percentile_max': None, 'session_ranges_utc_minutes': ((780, 870),), 'entry_mode': 'next_m5'}",21.377111696011877,0.16999662274618543,0.5346224714771288,False
sensitivity,XAUUSDm,sens_thai_20_2130_rr2_body2_wick0.4_atrMin50,93,43.01075268817204,1.0252788598468838,0.29649151261632145,-2.815370232287226,0.31880807808210165,0.012752323123284066,0.18902439024390244,-148.282845734229,17,9,52.94117647058824,166.23890393134502,7,"{'strategy': 'momentum', 'variant': 'sens_thai_20_2130_rr2_body2_wick0.4_atrMin50', 'initial_balance': 10000.0, 'risk_pct': 0.0025, 'fee_rate': 0.0001, 'spread_atr_mult': 0.03, 'slippage_min_spread': 0.3, 'slippage_max_spread': 1.0, 'max_trades_per_day': 3, 'daily_loss_limit_pct': 0.03, 'max_hold_minutes': 720, 'seed': 42, 'sweep_lookback': 20, 'wick_body_min': 1.5, 'atr_percentile_min': 30.0, 'sweep_rr': 2.0, 'sl_atr_buffer': 0.1, 'use_m1_confirmation': False, 'session': 'ny', 'adx_min': 18.0, 'momentum_rr': 2.0, 'use_atr_expansion': False, 'body_mult': 2.0, 'max_wick_pct': 0.4, 'momentum_sl_atr_mult': 1.0, 'session_hours_utc': None, 'close_extreme_pct': None, 'ema_extension_atr_max': None, 'use_m15_ema_trend': False, 'use_m15_ema200_filter': False, 'momentum_atr_percentile_min': 50.0, 'momentum_atr_percentile_max': None, 'session_ranges_utc_minutes': ((780, 870),), 'entry_mode': 'next_m5'}",21.858358753873787,0.17078135944700418,0.5356870518287915,False
sensitivity,XAUUSDm,sens_thai_20_2130_rr1.7_body1.8_wick0.45_atrMin35,103,43.689320388349515,1.0252674490902873,0.32322663462800844,-2.565252199974001,0.31381226662916073,0.01255249066516641,0.20934959349593496,-148.2499444454252,17,9,52.94117647058824,191.12776387788017,8,"{'strategy': 'momentum', 'variant': 'sens_thai_20_2130_rr1.7_body1.8_wick0.45_atrMin35', 'initial_balance': 10000.0, 'risk_pct': 0.0025, 'fee_rate': 0.0001, 'spread_atr_mult': 0.03, 'slippage_min_spread': 0.3, 'slippage_max_spread': 1.0, 'max_trades_per_day': 3, 'daily_loss_limit_pct': 0.03, 'max_hold_minutes': 720, 'seed': 42, 'sweep_lookback': 20, 'wick_body_min': 1.5, 'atr_percentile_min': 30.0, 'sweep_rr': 2.0, 'sl_atr_buffer': 0.1, 'use_m1_confirmation': False, 'session': 'ny', 'adx_min': 18.0, 'momentum_rr': 1.7, 'use_atr_expansion': False, 'body_mult': 1.8, 'max_wick_pct': 0.45, 'momentum_sl_atr_mult': 1.0, 'session_hours_utc': None, 'close_extreme_pct': None, 'ema_extension_atr_max': None, 'use_m15_ema_trend': False, 'use_m15_ema200_filter': False, 'momentum_atr_percentile_min': 35.0, 'momentum_atr_percentile_max': None, 'session_ranges_utc_minutes': ((780, 870),), 'entry_mode': 'next_m5'}",21.332736228294557,0.16980139389736434,0.5410922769887214,False
sensitivity,XAUUSDm,sens_thai_20_2130_rr1.7_body1.8_wick0.45_atrMin40,103,43.689320388349515,1.0252674490902873,0.32322663462800844,-2.565252199974001,0.31381226662916073,0.01255249066516641,0.20934959349593496,-148.2499444454252,17,9,52.94117647058824,191.12776387788017,8,"{'strategy': 'momentum', 'variant': 'sens_thai_20_2130_rr1.7_body1.8_wick0.45_atrMin40', 'initial_balance': 10000.0, 'risk_pct': 0.0025, 'fee_rate': 0.0001, 'spread_atr_mult': 0.03, 'slippage_min_spread': 0.3, 'slippage_max_spread': 1.0, 'max_trades_per_day': 3, 'daily_loss_limit_pct': 0.03, 'max_hold_minutes': 720, 'seed': 42, 'sweep_lookback': 20, 'wick_body_min': 1.5, 'atr_percentile_min': 30.0, 'sweep_rr': 2.0, 'sl_atr_buffer': 0.1, 'use_m1_confirmation': False, 'session': 'ny', 'adx_min': 18.0, 'momentum_rr': 1.7, 'use_atr_expansion': False, 'body_mult': 1.8, 'max_wick_pct': 0.45, 'momentum_sl_atr_mult': 1.0, 'session_hours_utc': None, 'close_extreme_pct': None, 'ema_extension_atr_max': None, 'use_m15_ema_trend': False, 'use_m15_ema200_filter': False, 'momentum_atr_percentile_min': 40.0, 'momentum_atr_percentile_max': None, 'session_ranges_utc_minutes': ((780, 870),), 'entry_mode': 'next_m5'}",21.332736228294557,0.16980139389736434,0.5410922769887214,False
sensitivity,XAUUSDm,sens_thai_20_2130_rr1.7_body1.8_wick0.45_atrMin45,103,43.689320388349515,1.0252674490902873,0.32322663462800844,-2.565252199974001,0.31381226662916073,0.01255249066516641,0.20934959349593496,-148.2499444454252,17,9,52.94117647058824,191.12776387788017,8,"{'strategy': 'momentum', 'variant': 'sens_thai_20_2130_rr1.7_body1.8_wick0.45_atrMin45', 'initial_balance': 10000.0, 'risk_pct': 0.0025, 'fee_rate': 0.0001, 'spread_atr_mult': 0.03, 'slippage_min_spread': 0.3, 'slippage_max_spread': 1.0, 'max_trades_per_day': 3, 'daily_loss_limit_pct': 0.03, 'max_hold_minutes': 720, 'seed': 42, 'sweep_lookback': 20, 'wick_body_min': 1.5, 'atr_percentile_min': 30.0, 'sweep_rr': 2.0, 'sl_atr_buffer': 0.1, 'use_m1_confirmation': False, 'session': 'ny', 'adx_min': 18.0, 'momentum_rr': 1.7, 'use_atr_expansion': False, 'body_mult': 1.8, 'max_wick_pct': 0.45, 'momentum_sl_atr_mult': 1.0, 'session_hours_utc': None, 'close_extreme_pct': None, 'ema_extension_atr_max': None, 'use_m15_ema_trend': False, 'use_m15_ema200_filter': False, 'momentum_atr_percentile_min': 45.0, 'momentum_atr_percentile_max': None, 'session_ranges_utc_minutes': ((780, 870),), 'entry_mode': 'next_m5'}",21.332736228294557,0.16980139389736434,0.5410922769887214,False
sensitivity,XAUUSDm,sens_thai_20_2130_rr2_body2_wick0.4_atrMin35,93,43.01075268817204,1.0249053762504416,0.2922174336223361,-2.819598379769343,0.3142122942175983,0.012568491768703931,0.18902439024390244,-148.282845734229,17,9,52.94117647058824,166.23890393134502,7,"{'strategy': 'momentum', 'variant': 'sens_thai_20_2130_rr2_body2_wick0.4_atrMin35', 'initial_balance': 10000.0, 'risk_pct': 0.0025, 'fee_rate': 0.0001, 'spread_atr_mult': 0.03, 'slippage_min_spread': 0.3, 'slippage_max_spread': 1.0, 'max_trades_per_day': 3, 'daily_loss_limit_pct': 0.03, 'max_hold_minutes': 720, 'seed': 42, 'sweep_lookback': 20, 'wick_body_min': 1.5, 'atr_percentile_min': 30.0, 'sweep_rr': 2.0, 'sl_atr_buffer': 0.1, 'use_m1_confirmation': False, 'session': 'ny', 'adx_min': 18.0, 'momentum_rr': 2.0, 'use_atr_expansion': False, 'body_mult': 2.0, 'max_wick_pct': 0.4, 'momentum_sl_atr_mult': 1.0, 'session_hours_utc': None, 'close_extreme_pct': None, 'ema_extension_atr_max': None, 'use_m15_ema_trend': False, 'use_m15_ema200_filter': False, 'momentum_atr_percentile_min': 35.0, 'momentum_atr_percentile_max': None, 'session_ranges_utc_minutes': ((780, 870),), 'entry_mode': 'next_m5'}",21.809157662968317,0.17056513824884748,0.5428340691555746,False
sensitivity,XAUUSDm,sens_thai_20_2130_rr2_body2_wick0.4_atrMin40,93,43.01075268817204,1.0249053762504416,0.2922174336223361,-2.819598379769343,0.3142122942175983,0.012568491768703931,0.18902439024390244,-148.282845734229,17,9,52.94117647058824,166.23890393134502,7,"{'strategy': 'momentum', 'variant': 'sens_thai_20_2130_rr2_body2_wick0.4_atrMin40', 'initial_balance': 10000.0, 'risk_pct': 0.0025, 'fee_rate': 0.0001, 'spread_atr_mult': 0.03, 'slippage_min_spread': 0.3, 'slippage_max_spread': 1.0, 'max_trades_per_day': 3, 'daily_loss_limit_pct': 0.03, 'max_hold_minutes': 720, 'seed': 42, 'sweep_lookback': 20, 'wick_body_min': 1.5, 'atr_percentile_min': 30.0, 'sweep_rr': 2.0, 'sl_atr_buffer': 0.1, 'use_m1_confirmation': False, 'session': 'ny', 'adx_min': 18.0, 'momentum_rr': 2.0, 'use_atr_expansion': False, 'body_mult': 2.0, 'max_wick_pct': 0.4, 'momentum_sl_atr_mult': 1.0, 'session_hours_utc': None, 'close_extreme_pct': None, 'ema_extension_atr_max': None, 'use_m15_ema_trend': False, 'use_m15_ema200_filter': False, 'momentum_atr_percentile_min': 40.0, 'momentum_atr_percentile_max': None, 'session_ranges_utc_minutes': ((780, 870),), 'entry_mode': 'next_m5'}",21.809157662968317,0.17056513824884748,0.5428340691555746,False
sensitivity,XAUUSDm,sens_thai_20_2130_rr2_body2_wick0.4_atrMin45,93,43.01075268817204,1.0249053762504416,0.2922174336223361,-2.819598379769343,0.3142122942175983,0.012568491768703931,0.18902439024390244,-148.282845734229,17,9,52.94117647058824,166.23890393134502,7,"{'strategy': 'momentum', 'variant': 'sens_thai_20_2130_rr2_body2_wick0.4_atrMin45', 'initial_balance': 10000.0, 'risk_pct': 0.0025, 'fee_rate': 0.0001, 'spread_atr_mult': 0.03, 'slippage_min_spread': 0.3, 'slippage_max_spread': 1.0, 'max_trades_per_day': 3, 'daily_loss_limit_pct': 0.03, 'max_hold_minutes': 720, 'seed': 42, 'sweep_lookback': 20, 'wick_body_min': 1.5, 'atr_percentile_min': 30.0, 'sweep_rr': 2.0, 'sl_atr_buffer': 0.1, 'use_m1_confirmation': False, 'session': 'ny', 'adx_min': 18.0, 'momentum_rr': 2.0, 'use_atr_expansion': False, 'body_mult': 2.0, 'max_wick_pct': 0.4, 'momentum_sl_atr_mult': 1.0, 'session_hours_utc': None, 'close_extreme_pct': None, 'ema_extension_atr_max': None, 'use_m15_ema_trend': False, 'use_m15_ema200_filter': False, 'momentum_atr_percentile_min': 45.0, 'momentum_atr_percentile_max': None, 'session_ranges_utc_minutes': ((780, 870),), 'entry_mode': 'next_m5'}",21.809157662968317,0.17056513824884748,0.5428340691555746,False
sensitivity,XAUUSDm,sens_thai_20_2130_rr1.8_body2_wick0.35_atrMin50,91,43.956043956043956,1.0187452014343954,0.21010119803264388,-2.519969125225091,0.23088043739855207,0.009235217495942067,0.18495934959349594,-147.96010410718293,17,9,52.94117647058824,151.3611932462881,7,"{'strategy': 'momentum', 'variant': 'sens_thai_20_2130_rr1.8_body2_wick0.35_atrMin50', 'initial_balance': 10000.0, 'risk_pct': 0.0025, 'fee_rate': 0.0001, 'spread_atr_mult': 0.03, 'slippage_min_spread': 0.3, 'slippage_max_spread': 1.0, 'max_trades_per_day': 3, 'daily_loss_limit_pct': 0.03, 'max_hold_minutes': 720, 'seed': 42, 'sweep_lookback': 20, 'wick_body_min': 1.5, 'atr_percentile_min': 30.0, 'sweep_rr': 2.0, 'sl_atr_buffer': 0.1, 'use_m1_confirmation': False, 'session': 'ny', 'adx_min': 18.0, 'momentum_rr': 1.8, 'use_atr_expansion': False, 'body_mult': 2.0, 'max_wick_pct': 0.35, 'momentum_sl_atr_mult': 1.0, 'session_hours_utc': None, 'close_extreme_pct': None, 'ema_extension_atr_max': None, 'use_m15_ema_trend': False, 'use_m15_ema200_filter': False, 'momentum_atr_percentile_min': 50.0, 'momentum_atr_percentile_max': None, 'session_ranges_utc_minutes': ((780, 870),), 'entry_mode': 'next_m5'}",22.048498165296866,0.17129194662480332,0.7419075801953481,False
sensitivity,XAUUSDm,sens_thai_20_2130_rr1.8_body2_wick0.35_atrMin35,91,43.956043956043956,1.0183568685895132,0.20582711903865858,-2.5242014635006096,0.22618364729526838,0.009047345891810731,0.18495934959349594,-147.96010410718293,17,9,52.94117647058824,151.3611932462881,7,"{'strategy': 'momentum', 'variant': 'sens_thai_20_2130_rr1.8_body2_wick0.35_atrMin35', 'initial_balance': 10000.0, 'risk_pct': 0.0025, 'fee_rate': 0.0001, 'spread_atr_mult': 0.03, 'slippage_min_spread': 0.3, 'slippage_max_spread': 1.0, 'max_trades_per_day': 3, 'daily_loss_limit_pct': 0.03, 'max_hold_minutes': 720, 'seed': 42, 'sweep_lookback': 20, 'wick_body_min': 1.5, 'atr_percentile_min': 30.0, 'sweep_rr': 2.0, 'sl_atr_buffer': 0.1, 'use_m1_confirmation': False, 'session': 'ny', 'adx_min': 18.0, 'momentum_rr': 1.8, 'use_atr_expansion': False, 'body_mult': 2.0, 'max_wick_pct': 0.35, 'momentum_sl_atr_mult': 1.0, 'session_hours_utc': None, 'close_extreme_pct': None, 'ema_extension_atr_max': None, 'use_m15_ema_trend': False, 'use_m15_ema200_filter': False, 'momentum_atr_percentile_min': 35.0, 'momentum_atr_percentile_max': None, 'session_ranges_utc_minutes': ((780, 870),), 'entry_mode': 'next_m5'}",21.998215731734135,0.17107097331240143,0.7563366112364398,False
sensitivity,XAUUSDm,sens_thai_20_2130_rr1.8_body2_wick0.35_atrMin40,91,43.956043956043956,1.0183568685895132,0.20582711903865858,-2.5242014635006096,0.22618364729526838,0.009047345891810731,0.18495934959349594,-147.96010410718293,17,9,52.94117647058824,151.3611932462881,7,"{'strategy': 'momentum', 'variant': 'sens_thai_20_2130_rr1.8_body2_wick0.35_atrMin40', 'initial_balance': 10000.0, 'risk_pct': 0.0025, 'fee_rate': 0.0001, 'spread_atr_mult': 0.03, 'slippage_min_spread': 0.3, 'slippage_max_spread': 1.0, 'max_trades_per_day': 3, 'daily_loss_limit_pct': 0.03, 'max_hold_minutes': 720, 'seed': 42, 'sweep_lookback': 20, 'wick_body_min': 1.5, 'atr_percentile_min': 30.0, 'sweep_rr': 2.0, 'sl_atr_buffer': 0.1, 'use_m1_confirmation': False, 'session': 'ny', 'adx_min': 18.0, 'momentum_rr': 1.8, 'use_atr_expansion': False, 'body_mult': 2.0, 'max_wick_pct': 0.35, 'momentum_sl_atr_mult': 1.0, 'session_hours_utc': None, 'close_extreme_pct': None, 'ema_extension_atr_max': None, 'use_m15_ema_trend': False, 'use_m15_ema200_filter': False, 'momentum_atr_percentile_min': 40.0, 'momentum_atr_percentile_max': None, 'session_ranges_utc_minutes': ((780, 870),), 'entry_mode': 'next_m5'}",21.998215731734135,0.17107097331240143,0.7563366112364398,False
sensitivity,XAUUSDm,sens_thai_20_2130_rr1.8_body2_wick0.35_atrMin45,91,43.956043956043956,1.0183568685895132,0.20582711903865858,-2.5242014635006096,0.22618364729526838,0.009047345891810731,0.18495934959349594,-147.96010410718293,17,9,52.94117647058824,151.3611932462881,7,"{'strategy': 'momentum', 'variant': 'sens_thai_20_2130_rr1.8_body2_wick0.35_atrMin45', 'initial_balance': 10000.0, 'risk_pct': 0.0025, 'fee_rate': 0.0001, 'spread_atr_mult': 0.03, 'slippage_min_spread': 0.3, 'slippage_max_spread': 1.0, 'max_trades_per_day': 3, 'daily_loss_limit_pct': 0.03, 'max_hold_minutes': 720, 'seed': 42, 'sweep_lookback': 20, 'wick_body_min': 1.5, 'atr_percentile_min': 30.0, 'sweep_rr': 2.0, 'sl_atr_buffer': 0.1, 'use_m1_confirmation': False, 'session': 'ny', 'adx_min': 18.0, 'momentum_rr': 1.8, 'use_atr_expansion': False, 'body_mult': 2.0, 'max_wick_pct': 0.35, 'momentum_sl_atr_mult': 1.0, 'session_hours_utc': None, 'close_extreme_pct': None, 'ema_extension_atr_max': None, 'use_m15_ema_trend': False, 'use_m15_ema200_filter': False, 'momentum_atr_percentile_min': 45.0, 'momentum_atr_percentile_max': None, 'session_ranges_utc_minutes': ((780, 870),), 'entry_mode': 'next_m5'}",21.998215731734135,0.17107097331240143,0.7563366112364398,False
sensitivity,XAUUSDm,sens_thai_20_2130_rr1.8_body2.2_wick0.45_atrMin50,87,42.5287356321839,1.0148164650618816,0.1573474697913298,-2.6280602189356848,0.1808591606797454,0.007234366427189828,0.17682926829268292,-148.03906128454946,17,9,52.94117647058824,131.36745726587742,7,"{'strategy': 'momentum', 'variant': 'sens_thai_20_2130_rr1.8_body2.2_wick0.45_atrMin50', 'initial_balance': 10000.0, 'risk_pct': 0.0025, 'fee_rate': 0.0001, 'spread_atr_mult': 0.03, 'slippage_min_spread': 0.3, 'slippage_max_spread': 1.0, 'max_trades_per_day': 3, 'daily_loss_limit_pct': 0.03, 'max_hold_minutes': 720, 'seed': 42, 'sweep_lookback': 20, 'wick_body_min': 1.5, 'atr_percentile_min': 30.0, 'sweep_rr': 2.0, 'sl_atr_buffer': 0.1, 'use_m1_confirmation': False, 'session': 'ny', 'adx_min': 18.0, 'momentum_rr': 1.8, 'use_atr_expansion': False, 'body_mult': 2.2, 'max_wick_pct': 0.45, 'momentum_sl_atr_mult': 1.0, 'session_hours_utc': None, 'close_extreme_pct': None, 'ema_extension_atr_max': None, 'use_m15_ema_trend': False, 'use_m15_ema200_filter': False, 'momentum_atr_percentile_min': 50.0, 'momentum_atr_percentile_max': None, 'session_ranges_utc_minutes': ((780, 870),), 'entry_mode': 'next_m5'}",22.389559202522925,0.17345302955665007,0.9590502847892253,False
sensitivity,XAUUSDm,sens_thai_20_2130_rr1.8_body2.2_wick0.45_atrMin35,87,42.5287356321839,1.0144074154256548,0.1530651533341188,-2.6323056959758637,0.17593695785535907,0.007037478314214364,0.17682926829268292,-148.03906128454946,17,9,52.94117647058824,131.36745726587742,7,"{'strategy': 'momentum', 'variant': 'sens_thai_20_2130_rr1.8_body2.2_wick0.45_atrMin35', 'initial_balance': 10000.0, 'risk_pct': 0.0025, 'fee_rate': 0.0001, 'spread_atr_mult': 0.03, 'slippage_min_spread': 0.3, 'slippage_max_spread': 1.0, 'max_trades_per_day': 3, 'daily_loss_limit_pct': 0.03, 'max_hold_minutes': 720, 'seed': 42, 'sweep_lookback': 20, 'wick_body_min': 1.5, 'atr_percentile_min': 30.0, 'sweep_rr': 2.0, 'sl_atr_buffer': 0.1, 'use_m1_confirmation': False, 'session': 'ny', 'adx_min': 18.0, 'momentum_rr': 1.8, 'use_atr_expansion': False, 'body_mult': 2.2, 'max_wick_pct': 0.45, 'momentum_sl_atr_mult': 1.0, 'session_hours_utc': None, 'close_extreme_pct': None, 'ema_extension_atr_max': None, 'use_m15_ema_trend': False, 'use_m15_ema200_filter': False, 'momentum_atr_percentile_min': 35.0, 'momentum_atr_percentile_max': None, 'session_ranges_utc_minutes': ((780, 870),), 'entry_mode': 'next_m5'}",22.336999933304636,0.17322189655172396,0.9845679876659728,False
sensitivity,XAUUSDm,sens_thai_20_2130_rr1.8_body2.2_wick0.45_atrMin40,87,42.5287356321839,1.0144074154256548,0.1530651533341188,-2.6323056959758637,0.17593695785535907,0.007037478314214364,0.17682926829268292,-148.03906128454946,17,9,52.94117647058824,131.36745726587742,7,"{'strategy': 'momentum', 'variant': 'sens_thai_20_2130_rr1.8_body2.2_wick0.45_atrMin40', 'initial_balance': 10000.0, 'risk_pct': 0.0025, 'fee_rate': 0.0001, 'spread_atr_mult': 0.03, 'slippage_min_spread': 0.3, 'slippage_max_spread': 1.0, 'max_trades_per_day': 3, 'daily_loss_limit_pct': 0.03, 'max_hold_minutes': 720, 'seed': 42, 'sweep_lookback': 20, 'wick_body_min': 1.5, 'atr_percentile_min': 30.0, 'sweep_rr': 2.0, 'sl_atr_buffer': 0.1, 'use_m1_confirmation': False, 'session': 'ny', 'adx_min': 18.0, 'momentum_rr': 1.8, 'use_atr_expansion': False, 'body_mult': 2.2, 'max_wick_pct': 0.45, 'momentum_sl_atr_mult': 1.0, 'session_hours_utc': None, 'close_extreme_pct': None, 'ema_extension_atr_max': None, 'use_m15_ema_trend': False, 'use_m15_ema200_filter': False, 'momentum_atr_percentile_min': 40.0, 'momentum_atr_percentile_max': None, 'session_ranges_utc_minutes': ((780, 870),), 'entry_mode': 'next_m5'}",22.336999933304636,0.17322189655172396,0.9845679876659728,False
sensitivity,XAUUSDm,sens_thai_20_2130_rr1.8_body2.2_wick0.45_atrMin45,87,42.5287356321839,1.0144074154256548,0.1530651533341188,-2.6323056959758637,0.17593695785535907,0.007037478314214364,0.17682926829268292,-148.03906128454946,17,9,52.94117647058824,131.36745726587742,7,"{'strategy': 'momentum', 'variant': 'sens_thai_20_2130_rr1.8_body2.2_wick0.45_atrMin45', 'initial_balance': 10000.0, 'risk_pct': 0.0025, 'fee_rate': 0.0001, 'spread_atr_mult': 0.03, 'slippage_min_spread': 0.3, 'slippage_max_spread': 1.0, 'max_trades_per_day': 3, 'daily_loss_limit_pct': 0.03, 'max_hold_minutes': 720, 'seed': 42, 'sweep_lookback': 20, 'wick_body_min': 1.5, 'atr_percentile_min': 30.0, 'sweep_rr': 2.0, 'sl_atr_buffer': 0.1, 'use_m1_confirmation': False, 'session': 'ny', 'adx_min': 18.0, 'momentum_rr': 1.8, 'use_atr_expansion': False, 'body_mult': 2.2, 'max_wick_pct': 0.45, 'momentum_sl_atr_mult': 1.0, 'session_hours_utc': None, 'close_extreme_pct': None, 'ema_extension_atr_max': None, 'use_m15_ema_trend': False, 'use_m15_ema200_filter': False, 'momentum_atr_percentile_min': 45.0, 'momentum_atr_percentile_max': None, 'session_ranges_utc_minutes': ((780, 870),), 'entry_mode': 'next_m5'}",22.336999933304636,0.17322189655172396,0.9845679876659728,False
sensitivity,XAUUSDm,sens_thai_20_2130_rr1.6_body2.2_wick0.45_atrMin50,88,44.31818181818182,1.0095353209806799,0.09873110532784267,-2.184042370336953,0.1121944378725677,0.004487777514902713,0.17886178861788618,-148.00353832789548,17,7,41.17647058823529,116.36695726587719,6,"{'strategy': 'momentum', 'variant': 'sens_thai_20_2130_rr1.6_body2.2_wick0.45_atrMin50', 'initial_balance': 10000.0, 'risk_pct': 0.0025, 'fee_rate': 0.0001, 'spread_atr_mult': 0.03, 'slippage_min_spread': 0.3, 'slippage_max_spread': 1.0, 'max_trades_per_day': 3, 'daily_loss_limit_pct': 0.03, 'max_hold_minutes': 720, 'seed': 42, 'sweep_lookback': 20, 'wick_body_min': 1.5, 'atr_percentile_min': 30.0, 'sweep_rr': 2.0, 'sl_atr_buffer': 0.1, 'use_m1_confirmation': False, 'session': 'ny', 'adx_min': 18.0, 'momentum_rr': 1.6, 'use_atr_expansion': False, 'body_mult': 2.2, 'max_wick_pct': 0.45, 'momentum_sl_atr_mult': 1.0, 'session_hours_utc': None, 'close_extreme_pct': None, 'ema_extension_atr_max': None, 'use_m15_ema_trend': False, 'use_m15_ema200_filter': False, 'momentum_atr_percentile_min': 50.0, 'momentum_atr_percentile_max': None, 'session_ranges_utc_minutes': ((780, 870),), 'entry_mode': 'next_m5'}",22.44738351288911,0.1735669724025972,1.5470194039363825,False
sensitivity,XAUUSDm,sens_thai_20_2130_rr1.6_body2.2_wick0.45_atrMin35,88,44.31818181818182,1.0091179694453307,0.0944487888706317,-2.1882920609302916,0.10732816917118577,0.0042931267668474245,0.17886178861788618,-148.00353832789548,17,7,41.17647058823529,116.36695726587719,6,"{'strategy': 'momentum', 'variant': 'sens_thai_20_2130_rr1.6_body2.2_wick0.45_atrMin35', 'initial_balance': 10000.0, 'risk_pct': 0.0025, 'fee_rate': 0.0001, 'spread_atr_mult': 0.03, 'slippage_min_spread': 0.3, 'slippage_max_spread': 1.0, 'max_trades_per_day': 3, 'daily_loss_limit_pct': 0.03, 'max_hold_minutes': 720, 'seed': 42, 'sweep_lookback': 20, 'wick_body_min': 1.5, 'atr_percentile_min': 30.0, 'sweep_rr': 2.0, 'sl_atr_buffer': 0.1, 'use_m1_confirmation': False, 'session': 'ny', 'adx_min': 18.0, 'momentum_rr': 1.6, 'use_atr_expansion': False, 'body_mult': 2.2, 'max_wick_pct': 0.45, 'momentum_sl_atr_mult': 1.0, 'session_hours_utc': None, 'close_extreme_pct': None, 'ema_extension_atr_max': None, 'use_m15_ema_trend': False, 'use_m15_ema200_filter': False, 'momentum_atr_percentile_min': 35.0, 'momentum_atr_percentile_max': None, 'session_ranges_utc_minutes': ((780, 870),), 'entry_mode': 'next_m5'}",22.395421508093758,0.17333846590909066,1.6150323558824535,False
sensitivity,XAUUSDm,sens_thai_20_2130_rr1.6_body2.2_wick0.45_atrMin40,88,44.31818181818182,1.0091179694453307,0.0944487888706317,-2.1882920609302916,0.10732816917118577,0.0042931267668474245,0.17886178861788618,-148.00353832789548,17,7,41.17647058823529,116.36695726587719,6,"{'strategy': 'momentum', 'variant': 'sens_thai_20_2130_rr1.6_body2.2_wick0.45_atrMin40', 'initial_balance': 10000.0, 'risk_pct': 0.0025, 'fee_rate': 0.0001, 'spread_atr_mult': 0.03, 'slippage_min_spread': 0.3, 'slippage_max_spread': 1.0, 'max_trades_per_day': 3, 'daily_loss_limit_pct': 0.03, 'max_hold_minutes': 720, 'seed': 42, 'sweep_lookback': 20, 'wick_body_min': 1.5, 'atr_percentile_min': 30.0, 'sweep_rr': 2.0, 'sl_atr_buffer': 0.1, 'use_m1_confirmation': False, 'session': 'ny', 'adx_min': 18.0, 'momentum_rr': 1.6, 'use_atr_expansion': False, 'body_mult': 2.2, 'max_wick_pct': 0.45, 'momentum_sl_atr_mult': 1.0, 'session_hours_utc': None, 'close_extreme_pct': None, 'ema_extension_atr_max': None, 'use_m15_ema_trend': False, 'use_m15_ema200_filter': False, 'momentum_atr_percentile_min': 40.0, 'momentum_atr_percentile_max': None, 'session_ranges_utc_minutes': ((780, 870),), 'entry_mode': 'next_m5'}",22.395421508093758,0.17333846590909066,1.6150323558824535,False
sensitivity,XAUUSDm,sens_thai_20_2130_rr1.6_body2.2_wick0.45_atrMin45,88,44.31818181818182,1.0091179694453307,0.0944487888706317,-2.1882920609302916,0.10732816917118577,0.0042931267668474245,0.17886178861788618,-148.00353832789548,17,7,41.17647058823529,116.36695726587719,6,"{'strategy': 'momentum', 'variant': 'sens_thai_20_2130_rr1.6_body2.2_wick0.45_atrMin45', 'initial_balance': 10000.0, 'risk_pct': 0.0025, 'fee_rate': 0.0001, 'spread_atr_mult': 0.03, 'slippage_min_spread': 0.3, 'slippage_max_spread': 1.0, 'max_trades_per_day': 3, 'daily_loss_limit_pct': 0.03, 'max_hold_minutes': 720, 'seed': 42, 'sweep_lookback': 20, 'wick_body_min': 1.5, 'atr_percentile_min': 30.0, 'sweep_rr': 2.0, 'sl_atr_buffer': 0.1, 'use_m1_confirmation': False, 'session': 'ny', 'adx_min': 18.0, 'momentum_rr': 1.6, 'use_atr_expansion': False, 'body_mult': 2.2, 'max_wick_pct': 0.45, 'momentum_sl_atr_mult': 1.0, 'session_hours_utc': None, 'close_extreme_pct': None, 'ema_extension_atr_max': None, 'use_m15_ema_trend': False, 'use_m15_ema200_filter': False, 'momentum_atr_percentile_min': 45.0, 'momentum_atr_percentile_max': None, 'session_ranges_utc_minutes': ((780, 870),), 'entry_mode': 'next_m5'}",22.395421508093758,0.17333846590909066,1.6150323558824535,False
sensitivity,XAUUSDm,sens_thai_20_2130_rr1.8_body1.8_wick0.45_atrMin50,103,42.71844660194174,1.0087163091068776,0.11370043878492651,-2.4830506261708516,0.11038877551933798,0.004415551020773545,0.20934959349593496,-148.2499444454252,17,9,52.94117647058824,179.7518745918085,8,"{'strategy': 'momentum', 'variant': 'sens_thai_20_2130_rr1.8_body1.8_wick0.45_atrMin50', 'initial_balance': 10000.0, 'risk_pct': 0.0025, 'fee_rate': 0.0001, 'spread_atr_mult': 0.03, 'slippage_min_spread': 0.3, 'slippage_max_spread': 1.0, 'max_trades_per_day': 3, 'daily_loss_limit_pct': 0.03, 'max_hold_minutes': 720, 'seed': 42, 'sweep_lookback': 20, 'wick_body_min': 1.5, 'atr_percentile_min': 30.0, 'sweep_rr': 2.0, 'sl_atr_buffer': 0.1, 'use_m1_confirmation': False, 'session': 'ny', 'adx_min': 18.0, 'momentum_rr': 1.8, 'use_atr_expansion': False, 'body_mult': 1.8, 'max_wick_pct': 0.45, 'momentum_sl_atr_mult': 1.0, 'session_hours_utc': None, 'close_extreme_pct': None, 'ema_extension_atr_max': None, 'use_m15_ema_trend': False, 'use_m15_ema200_filter': False, 'momentum_atr_percentile_min': 50.0, 'momentum_atr_percentile_max': None, 'session_ranges_utc_minutes': ((780, 870),), 'entry_mode': 'next_m5'}",21.377111696011877,0.16999662274618543,1.5399810528417839,False
sensitivity,XAUUSDm,sens_thai_20_2130_rr1.8_body1.8_wick0.45_atrMin35,103,42.71844660194174,1.0083848569214535,0.10941274176731895,-2.4872897698577106,0.10622596288088872,0.004249038515235569,0.20934959349593496,-148.2499444454252,17,9,52.94117647058824,179.7518745918085,8,"{'strategy': 'momentum', 'variant': 'sens_thai_20_2130_rr1.8_body1.8_wick0.45_atrMin35', 'initial_balance': 10000.0, 'risk_pct': 0.0025, 'fee_rate': 0.0001, 'spread_atr_mult': 0.03, 'slippage_min_spread': 0.3, 'slippage_max_spread': 1.0, 'max_trades_per_day': 3, 'daily_loss_limit_pct': 0.03, 'max_hold_minutes': 720, 'seed': 42, 'sweep_lookback': 20, 'wick_body_min': 1.5, 'atr_percentile_min': 30.0, 'sweep_rr': 2.0, 'sl_atr_buffer': 0.1, 'use_m1_confirmation': False, 'session': 'ny', 'adx_min': 18.0, 'momentum_rr': 1.8, 'use_atr_expansion': False, 'body_mult': 1.8, 'max_wick_pct': 0.45, 'momentum_sl_atr_mult': 1.0, 'session_hours_utc': None, 'close_extreme_pct': None, 'ema_extension_atr_max': None, 'use_m15_ema_trend': False, 'use_m15_ema200_filter': False, 'momentum_atr_percentile_min': 35.0, 'momentum_atr_percentile_max': None, 'session_ranges_utc_minutes': ((780, 870),), 'entry_mode': 'next_m5'}",21.332736228294557,0.16980139389736434,1.598492395759809,False
sensitivity,XAUUSDm,sens_thai_20_2130_rr1.8_body1.8_wick0.45_atrMin40,103,42.71844660194174,1.0083848569214535,0.10941274176731895,-2.4872897698577106,0.10622596288088872,0.004249038515235569,0.20934959349593496,-148.2499444454252,17,9,52.94117647058824,179.7518745918085,8,"{'strategy': 'momentum', 'variant': 'sens_thai_20_2130_rr1.8_body1.8_wick0.45_atrMin40', 'initial_balance': 10000.0, 'risk_pct': 0.0025, 'fee_rate': 0.0001, 'spread_atr_mult': 0.03, 'slippage_min_spread': 0.3, 'slippage_max_spread': 1.0, 'max_trades_per_day': 3, 'daily_loss_limit_pct': 0.03, 'max_hold_minutes': 720, 'seed': 42, 'sweep_lookback': 20, 'wick_body_min': 1.5, 'atr_percentile_min': 30.0, 'sweep_rr': 2.0, 'sl_atr_buffer': 0.1, 'use_m1_confirmation': False, 'session': 'ny', 'adx_min': 18.0, 'momentum_rr': 1.8, 'use_atr_expansion': False, 'body_mult': 1.8, 'max_wick_pct': 0.45, 'momentum_sl_atr_mult': 1.0, 'session_hours_utc': None, 'close_extreme_pct': None, 'ema_extension_atr_max': None, 'use_m15_ema_trend': False, 'use_m15_ema200_filter': False, 'momentum_atr_percentile_min': 40.0, 'momentum_atr_percentile_max': None, 'session_ranges_utc_minutes': ((780, 870),), 'entry_mode': 'next_m5'}",21.332736228294557,0.16980139389736434,1.598492395759809,False
sensitivity,XAUUSDm,sens_thai_20_2130_rr1.8_body1.8_wick0.45_atrMin45,103,42.71844660194174,1.0083848569214535,0.10941274176731895,-2.4872897698577106,0.10622596288088872,0.004249038515235569,0.20934959349593496,-148.2499444454252,17,9,52.94117647058824,179.7518745918085,8,"{'strategy': 'momentum', 'variant': 'sens_thai_20_2130_rr1.8_body1.8_wick0.45_atrMin45', 'initial_balance': 10000.0, 'risk_pct': 0.0025, 'fee_rate': 0.0001, 'spread_atr_mult': 0.03, 'slippage_min_spread': 0.3, 'slippage_max_spread': 1.0, 'max_trades_per_day': 3, 'daily_loss_limit_pct': 0.03, 'max_hold_minutes': 720, 'seed': 42, 'sweep_lookback': 20, 'wick_body_min': 1.5, 'atr_percentile_min': 30.0, 'sweep_rr': 2.0, 'sl_atr_buffer': 0.1, 'use_m1_confirmation': False, 'session': 'ny', 'adx_min': 18.0, 'momentum_rr': 1.8, 'use_atr_expansion': False, 'body_mult': 1.8, 'max_wick_pct': 0.45, 'momentum_sl_atr_mult': 1.0, 'session_hours_utc': None, 'close_extreme_pct': None, 'ema_extension_atr_max': None, 'use_m15_ema_trend': False, 'use_m15_ema200_filter': False, 'momentum_atr_percentile_min': 45.0, 'momentum_atr_percentile_max': None, 'session_ranges_utc_minutes': ((780, 870),), 'entry_mode': 'next_m5'}",21.332736228294557,0.16980139389736434,1.598492395759809,False
sensitivity,XAUUSDm,sens_thai_1930_21_rr2_body1.8_wick0.4_atrMin50,94,42.5531914893617,1.0080144081988873,0.09910224989929703,-2.9518377857779776,0.10542792542478975,0.004217117016991581,0.1910569105691057,-98.69639946442359,17,9,52.94117647058824,183.79442912330535,6,"{'strategy': 'momentum', 'variant': 'sens_thai_1930_21_rr2_body1.8_wick0.4_atrMin50', 'initial_balance': 10000.0, 'risk_pct': 0.0025, 'fee_rate': 0.0001, 'spread_atr_mult': 0.03, 'slippage_min_spread': 0.3, 'slippage_max_spread': 1.0, 'max_trades_per_day': 3, 'daily_loss_limit_pct': 0.03, 'max_hold_minutes': 720, 'seed': 42, 'sweep_lookback': 20, 'wick_body_min': 1.5, 'atr_percentile_min': 30.0, 'sweep_rr': 2.0, 'sl_atr_buffer': 0.1, 'use_m1_confirmation': False, 'session': 'ny', 'adx_min': 18.0, 'momentum_rr': 2.0, 'use_atr_expansion': False, 'body_mult': 1.8, 'max_wick_pct': 0.4, 'momentum_sl_atr_mult': 1.0, 'session_hours_utc': None, 'close_extreme_pct': None, 'ema_extension_atr_max': None, 'use_m15_ema_trend': False, 'use_m15_ema200_filter': False, 'momentum_atr_percentile_min': 50.0, 'momentum_atr_percentile_max': None, 'session_ranges_utc_minutes': ((750, 840),), 'entry_mode': 'next_m5'}",21.2866753321706,0.16112701367781113,1.5283143723885189,False
sensitivity,XAUUSDm,sens_thai_20_2130_rr1.6_body1.8_wick0.35_atrMin50,99,44.44444444444444,1.0062352373118257,0.07643854727504731,-2.3404258309688193,0.07721065381317346,0.0030884261525269394,0.20121951219512196,-148.01655421264914,17,7,41.17647058823529,194.47838543832273,7,"{'strategy': 'momentum', 'variant': 'sens_thai_20_2130_rr1.6_body1.8_wick0.35_atrMin50', 'initial_balance': 10000.0, 'risk_pct': 0.0025, 'fee_rate': 0.0001, 'spread_atr_mult': 0.03, 'slippage_min_spread': 0.3, 'slippage_max_spread': 1.0, 'max_trades_per_day': 3, 'daily_loss_limit_pct': 0.03, 'max_hold_minutes': 720, 'seed': 42, 'sweep_lookback': 20, 'wick_body_min': 1.5, 'atr_percentile_min': 30.0, 'sweep_rr': 2.0, 'sl_atr_buffer': 0.1, 'use_m1_confirmation': False, 'session': 'ny', 'adx_min': 18.0, 'momentum_rr': 1.6, 'use_atr_expansion': False, 'body_mult': 1.8, 'max_wick_pct': 0.35, 'momentum_sl_atr_mult': 1.0, 'session_hours_utc': None, 'close_extreme_pct': None, 'ema_extension_atr_max': None, 'use_m15_ema_trend': False, 'use_m15_ema200_filter': False, 'momentum_atr_percentile_min': 50.0, 'momentum_atr_percentile_max': None, 'session_ranges_utc_minutes': ((780, 870),), 'entry_mode': 'next_m5'}",21.63553484598134,0.17186484848484798,2.2259214240137015,False
sensitivity,XAUUSDm,sens_thai_20_2130_rr1.6_body1.8_wick0.35_atrMin35,99,44.44444444444444,1.0058834239716012,0.07215085025743974,-2.344677585480245,0.07287964672468598,0.0029151858689874374,0.20121951219512196,-148.01655421264914,17,7,41.17647058823529,194.47838543832273,7,"{'strategy': 'momentum', 'variant': 'sens_thai_20_2130_rr1.6_body1.8_wick0.35_atrMin35', 'initial_balance': 10000.0, 'risk_pct': 0.0025, 'fee_rate': 0.0001, 'spread_atr_mult': 0.03, 'slippage_min_spread': 0.3, 'slippage_max_spread': 1.0, 'max_trades_per_day': 3, 'daily_loss_limit_pct': 0.03, 'max_hold_minutes': 720, 'seed': 42, 'sweep_lookback': 20, 'wick_body_min': 1.5, 'atr_percentile_min': 30.0, 'sweep_rr': 2.0, 'sl_atr_buffer': 0.1, 'use_m1_confirmation': False, 'session': 'ny', 'adx_min': 18.0, 'momentum_rr': 1.6, 'use_atr_expansion': False, 'body_mult': 1.8, 'max_wick_pct': 0.35, 'momentum_sl_atr_mult': 1.0, 'session_hours_utc': None, 'close_extreme_pct': None, 'ema_extension_atr_max': None, 'use_m15_ema_trend': False, 'use_m15_ema200_filter': False, 'momentum_atr_percentile_min': 35.0, 'momentum_atr_percentile_max': None, 'session_ranges_utc_minutes': ((780, 870),), 'entry_mode': 'next_m5'}",21.58936643007342,0.17166173160173112,2.3554138818785657,False
sensitivity,XAUUSDm,sens_thai_20_2130_rr1.6_body1.8_wick0.35_atrMin40,99,44.44444444444444,1.0058834239716012,0.07215085025743974,-2.344677585480245,0.07287964672468598,0.0029151858689874374,0.20121951219512196,-148.01655421264914,17,7,41.17647058823529,194.47838543832273,7,"{'strategy': 'momentum', 'variant': 'sens_thai_20_2130_rr1.6_body1.8_wick0.35_atrMin40', 'initial_balance': 10000.0, 'risk_pct': 0.0025, 'fee_rate': 0.0001, 'spread_atr_mult': 0.03, 'slippage_min_spread': 0.3, 'slippage_max_spread': 1.0, 'max_trades_per_day': 3, 'daily_loss_limit_pct': 0.03, 'max_hold_minutes': 720, 'seed': 42, 'sweep_lookback': 20, 'wick_body_min': 1.5, 'atr_percentile_min': 30.0, 'sweep_rr': 2.0, 'sl_atr_buffer': 0.1, 'use_m1_confirmation': False, 'session': 'ny', 'adx_min': 18.0, 'momentum_rr': 1.6, 'use_atr_expansion': False, 'body_mult': 1.8, 'max_wick_pct': 0.35, 'momentum_sl_atr_mult': 1.0, 'session_hours_utc': None, 'close_extreme_pct': None, 'ema_extension_atr_max': None, 'use_m15_ema_trend': False, 'use_m15_ema200_filter': False, 'momentum_atr_percentile_min': 40.0, 'momentum_atr_percentile_max': None, 'session_ranges_utc_minutes': ((780, 870),), 'entry_mode': 'next_m5'}",21.58936643007342,0.17166173160173112,2.3554138818785657,False
sensitivity,XAUUSDm,sens_thai_20_2130_rr1.6_body1.8_wick0.35_atrMin45,99,44.44444444444444,1.0058834239716012,0.07215085025743974,-2.344677585480245,0.07287964672468598,0.0029151858689874374,0.20121951219512196,-148.01655421264914,17,7,41.17647058823529,194.47838543832273,7,"{'strategy': 'momentum', 'variant': 'sens_thai_20_2130_rr1.6_body1.8_wick0.35_atrMin45', 'initial_balance': 10000.0, 'risk_pct': 0.0025, 'fee_rate': 0.0001, 'spread_atr_mult': 0.03, 'slippage_min_spread': 0.3, 'slippage_max_spread': 1.0, 'max_trades_per_day': 3, 'daily_loss_limit_pct': 0.03, 'max_hold_minutes': 720, 'seed': 42, 'sweep_lookback': 20, 'wick_body_min': 1.5, 'atr_percentile_min': 30.0, 'sweep_rr': 2.0, 'sl_atr_buffer': 0.1, 'use_m1_confirmation': False, 'session': 'ny', 'adx_min': 18.0, 'momentum_rr': 1.6, 'use_atr_expansion': False, 'body_mult': 1.8, 'max_wick_pct': 0.35, 'momentum_sl_atr_mult': 1.0, 'session_hours_utc': None, 'close_extreme_pct': None, 'ema_extension_atr_max': None, 'use_m15_ema_trend': False, 'use_m15_ema200_filter': False, 'momentum_atr_percentile_min': 45.0, 'momentum_atr_percentile_max': None, 'session_ranges_utc_minutes': ((780, 870),), 'entry_mode': 'next_m5'}",21.58936643007342,0.17166173160173112,2.3554138818785657,False
sensitivity,XAUUSDm,sens_thai_20_2130_rr2_body2.2_wick0.35_atrMin50,82,41.46341463414634,1.0043373976791947,0.044972406015167506,-2.2729610597270997,0.05484439757951403,0.0021937759031805805,0.16666666666666666,-148.00379783890185,17,9,52.94117647058824,146.38730350250603,6,"{'strategy': 'momentum', 'variant': 'sens_thai_20_2130_rr2_body2.2_wick0.35_atrMin50', 'initial_balance': 10000.0, 'risk_pct': 0.0025, 'fee_rate': 0.0001, 'spread_atr_mult': 0.03, 'slippage_min_spread': 0.3, 'slippage_max_spread': 1.0, 'max_trades_per_day': 3, 'daily_loss_limit_pct': 0.03, 'max_hold_minutes': 720, 'seed': 42, 'sweep_lookback': 20, 'wick_body_min': 1.5, 'atr_percentile_min': 30.0, 'sweep_rr': 2.0, 'sl_atr_buffer': 0.1, 'use_m1_confirmation': False, 'session': 'ny', 'adx_min': 18.0, 'momentum_rr': 2.0, 'use_atr_expansion': False, 'body_mult': 2.2, 'max_wick_pct': 0.35, 'momentum_sl_atr_mult': 1.0, 'session_hours_utc': None, 'close_extreme_pct': None, 'ema_extension_atr_max': None, 'use_m15_ema_trend': False, 'use_m15_ema200_filter': False, 'momentum_atr_percentile_min': 50.0, 'momentum_atr_percentile_max': None, 'session_ranges_utc_minutes': ((780, 870),), 'entry_mode': 'next_m5'}",22.79069992466372,0.17600513937282203,3.2091726254746034,False
sensitivity,XAUUSDm,sens_thai_1930_21_rr2_body1.8_wick0.4_atrMin45,97,42.2680412371134,1.004281182799004,0.05518303074410141,-2.7362807268308496,0.05688972241661003,0.0022755888966643424,0.19715447154471544,-98.70138615612194,17,10,58.82352941176471,183.73291055102345,6,"{'strategy': 'momentum', 'variant': 'sens_thai_1930_21_rr2_body1.8_wick0.4_atrMin45', 'initial_balance': 10000.0, 'risk_pct': 0.0025, 'fee_rate': 0.0001, 'spread_atr_mult': 0.03, 'slippage_min_spread': 0.3, 'slippage_max_spread': 1.0, 'max_trades_per_day': 3, 'daily_loss_limit_pct': 0.03, 'max_hold_minutes': 720, 'seed': 42, 'sweep_lookback': 20, 'wick_body_min': 1.5, 'atr_percentile_min': 30.0, 'sweep_rr': 2.0, 'sl_atr_buffer': 0.1, 'use_m1_confirmation': False, 'session': 'ny', 'adx_min': 18.0, 'momentum_rr': 2.0, 'use_atr_expansion': False, 'body_mult': 1.8, 'max_wick_pct': 0.4, 'momentum_sl_atr_mult': 1.0, 'session_hours_utc': None, 'close_extreme_pct': None, 'ema_extension_atr_max': None, 'use_m15_ema_trend': False, 'use_m15_ema200_filter': False, 'momentum_atr_percentile_min': 45.0, 'momentum_atr_percentile_max': None, 'session_ranges_utc_minutes': ((750, 840),), 'entry_mode': 'next_m5'}",21.08778670662796,0.16075771723122198,2.8257778453193105,False
sensitivity,XAUUSDm,sens_thai_1930_21_rr2_body1.8_wick0.4_atrMin35,97,42.2680412371134,1.0041350354449807,0.05330114869721001,-2.7376873260463133,0.054949637832179966,0.0021979855132871428,0.19715447154471544,-98.70138615612194,17,10,58.82352941176471,183.73291055102345,6,"{'strategy': 'momentum', 'variant': 'sens_thai_1930_21_rr2_body1.8_wick0.4_atrMin35', 'initial_balance': 10000.0, 'risk_pct': 0.0025, 'fee_rate': 0.0001, 'spread_atr_mult': 0.03, 'slippage_min_spread': 0.3, 'slippage_max_spread': 1.0, 'max_trades_per_day': 3, 'daily_loss_limit_pct': 0.03, 'max_hold_minutes': 720, 'seed': 42, 'sweep_lookback': 20, 'wick_body_min': 1.5, 'atr_percentile_min': 30.0, 'sweep_rr': 2.0, 'sl_atr_buffer': 0.1, 'use_m1_confirmation': False, 'session': 'ny', 'adx_min': 18.0, 'momentum_rr': 2.0, 'use_atr_expansion': False, 'body_mult': 1.8, 'max_wick_pct': 0.4, 'momentum_sl_atr_mult': 1.0, 'session_hours_utc': None, 'close_extreme_pct': None, 'ema_extension_atr_max': None, 'use_m15_ema_trend': False, 'use_m15_ema200_filter': False, 'momentum_atr_percentile_min': 35.0, 'momentum_atr_percentile_max': None, 'session_ranges_utc_minutes': ((750, 840),), 'entry_mode': 'next_m5'}",21.073765100340772,0.16039731958762846,2.918987747971935,False
sensitivity,XAUUSDm,sens_thai_1930_21_rr2_body1.8_wick0.4_atrMin40,97,42.2680412371134,1.0041350354449807,0.05330114869721001,-2.7376873260463133,0.054949637832179966,0.0021979855132871428,0.19715447154471544,-98.70138615612194,17,10,58.82352941176471,183.73291055102345,6,"{'strategy': 'momentum', 'variant': 'sens_thai_1930_21_rr2_body1.8_wick0.4_atrMin40', 'initial_balance': 10000.0, 'risk_pct': 0.0025, 'fee_rate': 0.0001, 'spread_atr_mult': 0.03, 'slippage_min_spread': 0.3, 'slippage_max_spread': 1.0, 'max_trades_per_day': 3, 'daily_loss_limit_pct': 0.03, 'max_hold_minutes': 720, 'seed': 42, 'sweep_lookback': 20, 'wick_body_min': 1.5, 'atr_percentile_min': 30.0, 'sweep_rr': 2.0, 'sl_atr_buffer': 0.1, 'use_m1_confirmation': False, 'session': 'ny', 'adx_min': 18.0, 'momentum_rr': 2.0, 'use_atr_expansion': False, 'body_mult': 1.8, 'max_wick_pct': 0.4, 'momentum_sl_atr_mult': 1.0, 'session_hours_utc': None, 'close_extreme_pct': None, 'ema_extension_atr_max': None, 'use_m15_ema_trend': False, 'use_m15_ema200_filter': False, 'momentum_atr_percentile_min': 40.0, 'momentum_atr_percentile_max': None, 'session_ranges_utc_minutes': ((750, 840),), 'entry_mode': 'next_m5'}",21.073765100340772,0.16039731958762846,2.918987747971935,False
sensitivity,XAUUSDm,sens_thai_20_2130_rr2_body2.2_wick0.35_atrMin35,82,41.46341463414634,1.0039217596016636,0.04067968820745591,-2.277212633218198,0.049609375862792224,0.0019843750345117073,0.16666666666666666,-148.00379783890185,17,9,52.94117647058824,146.38730350250603,6,"{'strategy': 'momentum', 'variant': 'sens_thai_20_2130_rr2_body2.2_wick0.35_atrMin35', 'initial_balance': 10000.0, 'risk_pct': 0.0025, 'fee_rate': 0.0001, 'spread_atr_mult': 0.03, 'slippage_min_spread': 0.3, 'slippage_max_spread': 1.0, 'max_trades_per_day': 3, 'daily_loss_limit_pct': 0.03, 'max_hold_minutes': 720, 'seed': 42, 'sweep_lookback': 20, 'wick_body_min': 1.5, 'atr_percentile_min': 30.0, 'sweep_rr': 2.0, 'sl_atr_buffer': 0.1, 'use_m1_confirmation': False, 'session': 'ny', 'adx_min': 18.0, 'momentum_rr': 2.0, 'use_atr_expansion': False, 'body_mult': 2.2, 'max_wick_pct': 0.35, 'momentum_sl_atr_mult': 1.0, 'session_hours_utc': None, 'close_extreme_pct': None, 'ema_extension_atr_max': None, 'use_m15_ema_trend': False, 'use_m15_ema200_filter': False, 'momentum_atr_percentile_min': 35.0, 'momentum_atr_percentile_max': None, 'session_ranges_utc_minutes': ((780, 870),), 'entry_mode': 'next_m5'}",22.734982527205247,0.17575991289198578,3.5428769226626846,False
sensitivity,XAUUSDm,sens_thai_20_2130_rr2_body2.2_wick0.35_atrMin40,82,41.46341463414634,1.0039217596016636,0.04067968820745591,-2.277212633218198,0.049609375862792224,0.0019843750345117073,0.16666666666666666,-148.00379783890185,17,9,52.94117647058824,146.38730350250603,6,"{'strategy': 'momentum', 'variant': 'sens_thai_20_2130_rr2_body2.2_wick0.35_atrMin40', 'initial_balance': 10000.0, 'risk_pct': 0.0025, 'fee_rate': 0.0001, 'spread_atr_mult': 0.03, 'slippage_min_spread': 0.3, 'slippage_max_spread': 1.0, 'max_trades_per_day': 3, 'daily_loss_limit_pct': 0.03, 'max_hold_minutes': 720, 'seed': 42, 'sweep_lookback': 20, 'wick_body_min': 1.5, 'atr_percentile_min': 30.0, 'sweep_rr': 2.0, 'sl_atr_buffer': 0.1, 'use_m1_confirmation': False, 'session': 'ny', 'adx_min': 18.0, 'momentum_rr': 2.0, 'use_atr_expansion': False, 'body_mult': 2.2, 'max_wick_pct': 0.35, 'momentum_sl_atr_mult': 1.0, 'session_hours_utc': None, 'close_extreme_pct': None, 'ema_extension_atr_max': None, 'use_m15_ema_trend': False, 'use_m15_ema200_filter': False, 'momentum_atr_percentile_min': 40.0, 'momentum_atr_percentile_max': None, 'session_ranges_utc_minutes': ((780, 870),), 'entry_mode': 'next_m5'}",22.734982527205247,0.17575991289198578,3.5428769226626846,False
sensitivity,XAUUSDm,sens_thai_20_2130_rr2_body2.2_wick0.35_atrMin45,82,41.46341463414634,1.0039217596016636,0.04067968820745591,-2.277212633218198,0.049609375862792224,0.0019843750345117073,0.16666666666666666,-148.00379783890185,17,9,52.94117647058824,146.38730350250603,6,"{'strategy': 'momentum', 'variant': 'sens_thai_20_2130_rr2_body2.2_wick0.35_atrMin45', 'initial_balance': 10000.0, 'risk_pct': 0.0025, 'fee_rate': 0.0001, 'spread_atr_mult': 0.03, 'slippage_min_spread': 0.3, 'slippage_max_spread': 1.0, 'max_trades_per_day': 3, 'daily_loss_limit_pct': 0.03, 'max_hold_minutes': 720, 'seed': 42, 'sweep_lookback': 20, 'wick_body_min': 1.5, 'atr_percentile_min': 30.0, 'sweep_rr': 2.0, 'sl_atr_buffer': 0.1, 'use_m1_confirmation': False, 'session': 'ny', 'adx_min': 18.0, 'momentum_rr': 2.0, 'use_atr_expansion': False, 'body_mult': 2.2, 'max_wick_pct': 0.35, 'momentum_sl_atr_mult': 1.0, 'session_hours_utc': None, 'close_extreme_pct': None, 'ema_extension_atr_max': None, 'use_m15_ema_trend': False, 'use_m15_ema200_filter': False, 'momentum_atr_percentile_min': 45.0, 'momentum_atr_percentile_max': None, 'session_ranges_utc_minutes': ((780, 870),), 'entry_mode': 'next_m5'}",22.734982527205247,0.17575991289198578,3.5428769226626846,False
sensitivity,XAUUSDm,sens_thai_20_2130_rr1.7_body1.8_wick0.35_atrMin50,98,43.87755102040816,1.0018099446772786,0.022205117670710026,-2.881583738876278,0.022658283337455537,0.0009063313334982059,0.1991869918699187,-148.0561061906274,17,8,47.05882352941176,206.978635438322,8,"{'strategy': 'momentum', 'variant': 'sens_thai_20_2130_rr1.7_body1.8_wick0.35_atrMin50', 'initial_balance': 10000.0, 'risk_pct': 0.0025, 'fee_rate': 0.0001, 'spread_atr_mult': 0.03, 'slippage_min_spread': 0.3, 'slippage_max_spread': 1.0, 'max_trades_per_day': 3, 'daily_loss_limit_pct': 0.03, 'max_hold_minutes': 720, 'seed': 42, 'sweep_lookback': 20, 'wick_body_min': 1.5, 'atr_percentile_min': 30.0, 'sweep_rr': 2.0, 'sl_atr_buffer': 0.1, 'use_m1_confirmation': False, 'session': 'ny', 'adx_min': 18.0, 'momentum_rr': 1.7, 'use_atr_expansion': False, 'body_mult': 1.8, 'max_wick_pct': 0.35, 'momentum_sl_atr_mult': 1.0, 'session_hours_utc': None, 'close_extreme_pct': None, 'ema_extension_atr_max': None, 'use_m15_ema_trend': False, 'use_m15_ema200_filter': False, 'momentum_atr_percentile_min': 50.0, 'momentum_atr_percentile_max': None, 'session_ranges_utc_minutes': ((780, 870),), 'entry_mode': 'next_m5'}",21.575605878712803,0.17174632653061184,7.579847244945718,False
sensitivity,XAUUSDm,sens_thai_20_2130_rr1.7_body1.8_wick0.35_atrMin35,98,43.87755102040816,1.0014599431870381,0.017917420653102454,-2.8858291786105164,0.01828308229908554,0.0007313232919634028,0.1991869918699187,-148.0561061906274,17,8,47.05882352941176,206.978635438322,8,"{'strategy': 'momentum', 'variant': 'sens_thai_20_2130_rr1.7_body1.8_wick0.35_atrMin35', 'initial_balance': 10000.0, 'risk_pct': 0.0025, 'fee_rate': 0.0001, 'spread_atr_mult': 0.03, 'slippage_min_spread': 0.3, 'slippage_max_spread': 1.0, 'max_trades_per_day': 3, 'daily_loss_limit_pct': 0.03, 'max_hold_minutes': 720, 'seed': 42, 'sweep_lookback': 20, 'wick_body_min': 1.5, 'atr_percentile_min': 30.0, 'sweep_rr': 2.0, 'sl_atr_buffer': 0.1, 'use_m1_confirmation': False, 'session': 'ny', 'adx_min': 18.0, 'momentum_rr': 1.7, 'use_atr_expansion': False, 'body_mult': 1.8, 'max_wick_pct': 0.35, 'momentum_sl_atr_mult': 1.0, 'session_hours_utc': None, 'close_extreme_pct': None, 'ema_extension_atr_max': None, 'use_m15_ema_trend': False, 'use_m15_ema200_filter': False, 'momentum_atr_percentile_min': 35.0, 'momentum_atr_percentile_max': None, 'session_ranges_utc_minutes': ((780, 870),), 'entry_mode': 'next_m5'}",21.528966356520108,0.17154113702623863,9.38250641877921,False
sensitivity,XAUUSDm,sens_thai_20_2130_rr1.7_body1.8_wick0.35_atrMin40,98,43.87755102040816,1.0014599431870381,0.017917420653102454,-2.8858291786105164,0.01828308229908554,0.0007313232919634028,0.1991869918699187,-148.0561061906274,17,8,47.05882352941176,206.978635438322,8,"{'strategy': 'momentum', 'variant': 'sens_thai_20_2130_rr1.7_body1.8_wick0.35_atrMin40', 'initial_balance': 10000.0, 'risk_pct': 0.0025, 'fee_rate': 0.0001, 'spread_atr_mult': 0.03, 'slippage_min_spread': 0.3, 'slippage_max_spread': 1.0, 'max_trades_per_day': 3, 'daily_loss_limit_pct': 0.03, 'max_hold_minutes': 720, 'seed': 42, 'sweep_lookback': 20, 'wick_body_min': 1.5, 'atr_percentile_min': 30.0, 'sweep_rr': 2.0, 'sl_atr_buffer': 0.1, 'use_m1_confirmation': False, 'session': 'ny', 'adx_min': 18.0, 'momentum_rr': 1.7, 'use_atr_expansion': False, 'body_mult': 1.8, 'max_wick_pct': 0.35, 'momentum_sl_atr_mult': 1.0, 'session_hours_utc': None, 'close_extreme_pct': None, 'ema_extension_atr_max': None, 'use_m15_ema_trend': False, 'use_m15_ema200_filter': False, 'momentum_atr_percentile_min': 40.0, 'momentum_atr_percentile_max': None, 'session_ranges_utc_minutes': ((780, 870),), 'entry_mode': 'next_m5'}",21.528966356520108,0.17154113702623863,9.38250641877921,False
sensitivity,XAUUSDm,sens_thai_20_2130_rr1.7_body1.8_wick0.35_atrMin45,98,43.87755102040816,1.0014599431870381,0.017917420653102454,-2.8858291786105164,0.01828308229908554,0.0007313232919634028,0.1991869918699187,-148.0561061906274,17,8,47.05882352941176,206.978635438322,8,"{'strategy': 'momentum', 'variant': 'sens_thai_20_2130_rr1.7_body1.8_wick0.35_atrMin45', 'initial_balance': 10000.0, 'risk_pct': 0.0025, 'fee_rate': 0.0001, 'spread_atr_mult': 0.03, 'slippage_min_spread': 0.3, 'slippage_max_spread': 1.0, 'max_trades_per_day': 3, 'daily_loss_limit_pct': 0.03, 'max_hold_minutes': 720, 'seed': 42, 'sweep_lookback': 20, 'wick_body_min': 1.5, 'atr_percentile_min': 30.0, 'sweep_rr': 2.0, 'sl_atr_buffer': 0.1, 'use_m1_confirmation': False, 'session': 'ny', 'adx_min': 18.0, 'momentum_rr': 1.7, 'use_atr_expansion': False, 'body_mult': 1.8, 'max_wick_pct': 0.35, 'momentum_sl_atr_mult': 1.0, 'session_hours_utc': None, 'close_extreme_pct': None, 'ema_extension_atr_max': None, 'use_m15_ema_trend': False, 'use_m15_ema200_filter': False, 'momentum_atr_percentile_min': 45.0, 'momentum_atr_percentile_max': None, 'session_ranges_utc_minutes': ((780, 870),), 'entry_mode': 'next_m5'}",21.528966356520108,0.17154113702623863,9.38250641877921,False
sensitivity,XAUUSDm,sens_thai_20_2130_rr1.7_body2.2_wick0.35_atrMin50,82,43.90243902439025,0.99696005246166,-0.02994509398480659,-2.646674838452622,-0.03651840729851668,-0.001460736291940676,0.16666666666666666,-148.00379783890185,17,10,58.82352941176471,123.88655350250662,6,"{'strategy': 'momentum', 'variant': 'sens_thai_20_2130_rr1.7_body2.2_wick0.35_atrMin50', 'initial_balance': 10000.0, 'risk_pct': 0.0025, 'fee_rate': 0.0001, 'spread_atr_mult': 0.03, 'slippage_min_spread': 0.3, 'slippage_max_spread': 1.0, 'max_trades_per_day': 3, 'daily_loss_limit_pct': 0.03, 'max_hold_minutes': 720, 'seed': 42, 'sweep_lookback': 20, 'wick_body_min': 1.5, 'atr_percentile_min': 30.0, 'sweep_rr': 2.0, 'sl_atr_buffer': 0.1, 'use_m1_confirmation': False, 'session': 'ny', 'adx_min': 18.0, 'momentum_rr': 1.7, 'use_atr_expansion': False, 'body_mult': 2.2, 'max_wick_pct': 0.35, 'momentum_sl_atr_mult': 1.0, 'session_hours_utc': None, 'close_extreme_pct': None, 'ema_extension_atr_max': None, 'use_m15_ema_trend': False, 'use_m15_ema200_filter': False, 'momentum_atr_percentile_min': 50.0, 'momentum_atr_percentile_max': None, 'session_ranges_utc_minutes': ((780, 870),), 'entry_mode': 'next_m5'}",22.79069992466372,0.17600513937282203,4.8196280285194995,False
sensitivity,XAUUSDm,sens_thai_20_2130_rr1.7_body2.2_wick0.35_atrMin35,82,43.90243902439025,0.9965257810032896,-0.03423781179251819,-2.6509327382100247,-0.04175342901523883,-0.001670137160609549,0.16666666666666666,-148.00379783890185,17,10,58.82352941176471,123.88655350250662,6,"{'strategy': 'momentum', 'variant': 'sens_thai_20_2130_rr1.7_body2.2_wick0.35_atrMin35', 'initial_balance': 10000.0, 'risk_pct': 0.0025, 'fee_rate': 0.0001, 'spread_atr_mult': 0.03, 'slippage_min_spread': 0.3, 'slippage_max_spread': 1.0, 'max_trades_per_day': 3, 'daily_loss_limit_pct': 0.03, 'max_hold_minutes': 720, 'seed': 42, 'sweep_lookback': 20, 'wick_body_min': 1.5, 'atr_percentile_min': 30.0, 'sweep_rr': 2.0, 'sl_atr_buffer': 0.1, 'use_m1_confirmation': False, 'session': 'ny', 'adx_min': 18.0, 'momentum_rr': 1.7, 'use_atr_expansion': False, 'body_mult': 2.2, 'max_wick_pct': 0.35, 'momentum_sl_atr_mult': 1.0, 'session_hours_utc': None, 'close_extreme_pct': None, 'ema_extension_atr_max': None, 'use_m15_ema_trend': False, 'use_m15_ema200_filter': False, 'momentum_atr_percentile_min': 35.0, 'momentum_atr_percentile_max': None, 'session_ranges_utc_minutes': ((780, 870),), 'entry_mode': 'next_m5'}",22.734982527205247,0.17575991289198578,4.209472540035894,False
sensitivity,XAUUSDm,sens_thai_20_2130_rr1.7_body2.2_wick0.35_atrMin40,82,43.90243902439025,0.9965257810032896,-0.03423781179251819,-2.6509327382100247,-0.04175342901523883,-0.001670137160609549,0.16666666666666666,-148.00379783890185,17,10,58.82352941176471,123.88655350250662,6,"{'strategy': 'momentum', 'variant': 'sens_thai_20_2130_rr1.7_body2.2_wick0.35_atrMin40', 'initial_balance': 10000.0, 'risk_pct': 0.0025, 'fee_rate': 0.0001, 'spread_atr_mult': 0.03, 'slippage_min_spread': 0.3, 'slippage_max_spread': 1.0, 'max_trades_per_day': 3, 'daily_loss_limit_pct': 0.03, 'max_hold_minutes': 720, 'seed': 42, 'sweep_lookback': 20, 'wick_body_min': 1.5, 'atr_percentile_min': 30.0, 'sweep_rr': 2.0, 'sl_atr_buffer': 0.1, 'use_m1_confirmation': False, 'session': 'ny', 'adx_min': 18.0, 'momentum_rr': 1.7, 'use_atr_expansion': False, 'body_mult': 2.2, 'max_wick_pct': 0.35, 'momentum_sl_atr_mult': 1.0, 'session_hours_utc': None, 'close_extreme_pct': None, 'ema_extension_atr_max': None, 'use_m15_ema_trend': False, 'use_m15_ema200_filter': False, 'momentum_atr_percentile_min': 40.0, 'momentum_atr_percentile_max': None, 'session_ranges_utc_minutes': ((780, 870),), 'entry_mode': 'next_m5'}",22.734982527205247,0.17575991289198578,4.209472540035894,False
sensitivity,XAUUSDm,sens_thai_20_2130_rr1.7_body2.2_wick0.35_atrMin45,82,43.90243902439025,0.9965257810032896,-0.03423781179251819,-2.6509327382100247,-0.04175342901523883,-0.001670137160609549,0.16666666666666666,-148.00379783890185,17,10,58.82352941176471,123.88655350250662,6,"{'strategy': 'momentum', 'variant': 'sens_thai_20_2130_rr1.7_body2.2_wick0.35_atrMin45', 'initial_balance': 10000.0, 'risk_pct': 0.0025, 'fee_rate': 0.0001, 'spread_atr_mult': 0.03, 'slippage_min_spread': 0.3, 'slippage_max_spread': 1.0, 'max_trades_per_day': 3, 'daily_loss_limit_pct': 0.03, 'max_hold_minutes': 720, 'seed': 42, 'sweep_lookback': 20, 'wick_body_min': 1.5, 'atr_percentile_min': 30.0, 'sweep_rr': 2.0, 'sl_atr_buffer': 0.1, 'use_m1_confirmation': False, 'session': 'ny', 'adx_min': 18.0, 'momentum_rr': 1.7, 'use_atr_expansion': False, 'body_mult': 2.2, 'max_wick_pct': 0.35, 'momentum_sl_atr_mult': 1.0, 'session_hours_utc': None, 'close_extreme_pct': None, 'ema_extension_atr_max': None, 'use_m15_ema_trend': False, 'use_m15_ema200_filter': False, 'momentum_atr_percentile_min': 45.0, 'momentum_atr_percentile_max': None, 'session_ranges_utc_minutes': ((780, 870),), 'entry_mode': 'next_m5'}",22.734982527205247,0.17575991289198578,4.209472540035894,False
sensitivity,XAUUSDm,sens_thai_1930_21_rr2_body1.8_wick0.45_atrMin50,97,42.2680412371134,0.9851555788049094,-0.1888055350414834,-2.9070431500481626,-0.19464488148601758,-0.007785795259440705,0.19715447154471544,-98.69639946442359,17,9,52.94117647058824,183.79442912330535,6,"{'strategy': 'momentum', 'variant': 'sens_thai_1930_21_rr2_body1.8_wick0.45_atrMin50', 'initial_balance': 10000.0, 'risk_pct': 0.0025, 'fee_rate': 0.0001, 'spread_atr_mult': 0.03, 'slippage_min_spread': 0.3, 'slippage_max_spread': 1.0, 'max_trades_per_day': 3, 'daily_loss_limit_pct': 0.03, 'max_hold_minutes': 720, 'seed': 42, 'sweep_lookback': 20, 'wick_body_min': 1.5, 'atr_percentile_min': 30.0, 'sweep_rr': 2.0, 'sl_atr_buffer': 0.1, 'use_m1_confirmation': False, 'session': 'ny', 'adx_min': 18.0, 'momentum_rr': 2.0, 'use_atr_expansion': False, 'body_mult': 1.8, 'max_wick_pct': 0.45, 'momentum_sl_atr_mult': 1.0, 'session_hours_utc': None, 'close_extreme_pct': None, 'ema_extension_atr_max': None, 'use_m15_ema_trend': False, 'use_m15_ema200_filter': False, 'momentum_atr_percentile_min': 50.0, 'momentum_atr_percentile_max': None, 'session_ranges_utc_minutes': ((750, 840),), 'entry_mode': 'next_m5'}",21.219599854718915,0.16067867452135456,0.8254965313993987,False
sensitivity,XAUUSDm,sens_thai_20_2130_rr1.6_body2.2_wick0.35_atrMin50,83,44.57831325301205,0.9832918112973593,-0.16443121938922559,-2.126931002612424,-0.19810990287848265,-0.00792439611513932,0.16869918699186992,-147.99945869106057,17,7,41.17647058823529,116.3863035025067,6,"{'strategy': 'momentum', 'variant': 'sens_thai_20_2130_rr1.6_body2.2_wick0.35_atrMin50', 'initial_balance': 10000.0, 'risk_pct': 0.0025, 'fee_rate': 0.0001, 'spread_atr_mult': 0.03, 'slippage_min_spread': 0.3, 'slippage_max_spread': 1.0, 'max_trades_per_day': 3, 'daily_loss_limit_pct': 0.03, 'max_hold_minutes': 720, 'seed': 42, 'sweep_lookback': 20, 'wick_body_min': 1.5, 'atr_percentile_min': 30.0, 'sweep_rr': 2.0, 'sl_atr_buffer': 0.1, 'use_m1_confirmation': False, 'session': 'ny', 'adx_min': 18.0, 'momentum_rr': 1.6, 'use_atr_expansion': False, 'body_mult': 2.2, 'max_wick_pct': 0.35, 'momentum_sl_atr_mult': 1.0, 'session_hours_utc': None, 'close_extreme_pct': None, 'ema_extension_atr_max': None, 'use_m15_ema_trend': False, 'use_m15_ema200_filter': False, 'momentum_atr_percentile_min': 50.0, 'momentum_atr_percentile_max': None, 'session_ranges_utc_minutes': ((780, 870),), 'entry_mode': 'next_m5'}",22.848763767463456,0.1760951979345952,0.8888763023755005,False
sensitivity,XAUUSDm,sens_thai_20_2130_rr1.6_body2.2_wick0.35_atrMin35,83,44.57831325301205,0.9828630945370631,-0.16872393719693718,-2.1311910153110585,-0.20328185204440058,-0.008131274081776038,0.16869918699186992,-147.99945869106057,17,7,41.17647058823529,116.3863035025067,6,"{'strategy': 'momentum', 'variant': 'sens_thai_20_2130_rr1.6_body2.2_wick0.35_atrMin35', 'initial_balance': 10000.0, 'risk_pct': 0.0025, 'fee_rate': 0.0001, 'spread_atr_mult': 0.03, 'slippage_min_spread': 0.3, 'slippage_max_spread': 1.0, 'max_trades_per_day': 3, 'daily_loss_limit_pct': 0.03, 'max_hold_minutes': 720, 'seed': 42, 'sweep_lookback': 20, 'wick_body_min': 1.5, 'atr_percentile_min': 30.0, 'sweep_rr': 2.0, 'sl_atr_buffer': 0.1, 'use_m1_confirmation': False, 'session': 'ny', 'adx_min': 18.0, 'momentum_rr': 1.6, 'use_atr_expansion': False, 'body_mult': 2.2, 'max_wick_pct': 0.35, 'momentum_sl_atr_mult': 1.0, 'session_hours_utc': None, 'close_extreme_pct': None, 'ema_extension_atr_max': None, 'use_m15_ema_trend': False, 'use_m15_ema200_filter': False, 'momentum_atr_percentile_min': 35.0, 'momentum_atr_percentile_max': None, 'session_ranges_utc_minutes': ((780, 870),), 'entry_mode': 'next_m5'}",22.793717663950268,0.17585292598967264,0.865069479745113,False
sensitivity,XAUUSDm,sens_thai_20_2130_rr1.6_body2.2_wick0.35_atrMin40,83,44.57831325301205,0.9828630945370631,-0.16872393719693718,-2.1311910153110585,-0.20328185204440058,-0.008131274081776038,0.16869918699186992,-147.99945869106057,17,7,41.17647058823529,116.3863035025067,6,"{'strategy': 'momentum', 'variant': 'sens_thai_20_2130_rr1.6_body2.2_wick0.35_atrMin40', 'initial_balance': 10000.0, 'risk_pct': 0.0025, 'fee_rate': 0.0001, 'spread_atr_mult': 0.03, 'slippage_min_spread': 0.3, 'slippage_max_spread': 1.0, 'max_trades_per_day': 3, 'daily_loss_limit_pct': 0.03, 'max_hold_minutes': 720, 'seed': 42, 'sweep_lookback': 20, 'wick_body_min': 1.5, 'atr_percentile_min': 30.0, 'sweep_rr': 2.0, 'sl_atr_buffer': 0.1, 'use_m1_confirmation': False, 'session': 'ny', 'adx_min': 18.0, 'momentum_rr': 1.6, 'use_atr_expansion': False, 'body_mult': 2.2, 'max_wick_pct': 0.35, 'momentum_sl_atr_mult': 1.0, 'session_hours_utc': None, 'close_extreme_pct': None, 'ema_extension_atr_max': None, 'use_m15_ema_trend': False, 'use_m15_ema200_filter': False, 'momentum_atr_percentile_min': 40.0, 'momentum_atr_percentile_max': None, 'session_ranges_utc_minutes': ((780, 870),), 'entry_mode': 'next_m5'}",22.793717663950268,0.17585292598967264,0.865069479745113,False
sensitivity,XAUUSDm,sens_thai_20_2130_rr1.6_body2.2_wick0.35_atrMin45,83,44.57831325301205,0.9828630945370631,-0.16872393719693718,-2.1311910153110585,-0.20328185204440058,-0.008131274081776038,0.16869918699186992,-147.99945869106057,17,7,41.17647058823529,116.3863035025067,6,"{'strategy': 'momentum', 'variant': 'sens_thai_20_2130_rr1.6_body2.2_wick0.35_atrMin45', 'initial_balance': 10000.0, 'risk_pct': 0.0025, 'fee_rate': 0.0001, 'spread_atr_mult': 0.03, 'slippage_min_spread': 0.3, 'slippage_max_spread': 1.0, 'max_trades_per_day': 3, 'daily_loss_limit_pct': 0.03, 'max_hold_minutes': 720, 'seed': 42, 'sweep_lookback': 20, 'wick_body_min': 1.5, 'atr_percentile_min': 30.0, 'sweep_rr': 2.0, 'sl_atr_buffer': 0.1, 'use_m1_confirmation': False, 'session': 'ny', 'adx_min': 18.0, 'momentum_rr': 1.6, 'use_atr_expansion': False, 'body_mult': 2.2, 'max_wick_pct': 0.35, 'momentum_sl_atr_mult': 1.0, 'session_hours_utc': None, 'close_extreme_pct': None, 'ema_extension_atr_max': None, 'use_m15_ema_trend': False, 'use_m15_ema200_filter': False, 'momentum_atr_percentile_min': 45.0, 'momentum_atr_percentile_max': None, 'session_ranges_utc_minutes': ((780, 870),), 'entry_mode': 'next_m5'}",22.793717663950268,0.17585292598967264,0.865069479745113,False
sensitivity,XAUUSDm,sens_thai_1930_21_rr2_body1.8_wick0.45_atrMin45,100,42.0,0.9824589847056343,-0.23228477167567688,-2.6914263048185805,-0.23228477167571066,-0.009291390867028484,0.2032520325203252,-98.70138615612194,17,10,58.82352941176471,183.73291055102345,6,"{'strategy': 'momentum', 'variant': 'sens_thai_1930_21_rr2_body1.8_wick0.45_atrMin45', 'initial_balance': 10000.0, 'risk_pct': 0.0025, 'fee_rate': 0.0001, 'spread_atr_mult': 0.03, 'slippage_min_spread': 0.3, 'slippage_max_spread': 1.0, 'max_trades_per_day': 3, 'daily_loss_limit_pct': 0.03, 'max_hold_minutes': 720, 'seed': 42, 'sweep_lookback': 20, 'wick_body_min': 1.5, 'atr_percentile_min': 30.0, 'sweep_rr': 2.0, 'sl_atr_buffer': 0.1, 'use_m1_confirmation': False, 'session': 'ny', 'adx_min': 18.0, 'momentum_rr': 2.0, 'use_atr_expansion': False, 'body_mult': 1.8, 'max_wick_pct': 0.45, 'momentum_sl_atr_mult': 1.0, 'session_hours_utc': None, 'close_extreme_pct': None, 'ema_extension_atr_max': None, 'use_m15_ema_trend': False, 'use_m15_ema200_filter': False, 'momentum_atr_percentile_min': 45.0, 'momentum_atr_percentile_max': None, 'session_ranges_utc_minutes': ((750, 840),), 'entry_mode': 'next_m5'}",21.027400698892155,0.1603339071428568,0.6902471737006359,False
sensitivity,XAUUSDm,sens_thai_20_2130_rr2_body2_wick0.45_atrMin50,96,41.66666666666667,0.9824007328733111,-0.21549419100516387,-2.967767970567508,-0.2244731156303358,-0.008978924625213403,0.1951219512195122,-148.26305446055775,17,9,52.94117647058824,166.3151868862862,8,"{'strategy': 'momentum', 'variant': 'sens_thai_20_2130_rr2_body2_wick0.45_atrMin50', 'initial_balance': 10000.0, 'risk_pct': 0.0025, 'fee_rate': 0.0001, 'spread_atr_mult': 0.03, 'slippage_min_spread': 0.3, 'slippage_max_spread': 1.0, 'max_trades_per_day': 3, 'daily_loss_limit_pct': 0.03, 'max_hold_minutes': 720, 'seed': 42, 'sweep_lookback': 20, 'wick_body_min': 1.5, 'atr_percentile_min': 30.0, 'sweep_rr': 2.0, 'sl_atr_buffer': 0.1, 'use_m1_confirmation': False, 'session': 'ny', 'adx_min': 18.0, 'momentum_rr': 2.0, 'use_atr_expansion': False, 'body_mult': 2.0, 'max_wick_pct': 0.45, 'momentum_sl_atr_mult': 1.0, 'session_hours_utc': None, 'close_extreme_pct': None, 'ema_extension_atr_max': None, 'use_m15_ema_trend': False, 'use_m15_ema200_filter': False, 'momentum_atr_percentile_min': 50.0, 'momentum_atr_percentile_max': None, 'session_ranges_utc_minutes': ((780, 870),), 'entry_mode': 'next_m5'}",21.662217639133715,0.16900433035714246,0.7528934139064573,False
sensitivity,XAUUSDm,sens_thai_1930_21_rr2_body1.8_wick0.45_atrMin35,100,42.0,0.9823174906009814,-0.23416665372256829,-2.6914263048185805,-0.23416665372260786,-0.00936666614890435,0.2032520325203252,-98.70138615612194,17,10,58.82352941176471,183.73291055102345,6,"{'strategy': 'momentum', 'variant': 'sens_thai_1930_21_rr2_body1.8_wick0.45_atrMin35', 'initial_balance': 10000.0, 'risk_pct': 0.0025, 'fee_rate': 0.0001, 'spread_atr_mult': 0.03, 'slippage_min_spread': 0.3, 'slippage_max_spread': 1.0, 'max_trades_per_day': 3, 'daily_loss_limit_pct': 0.03, 'max_hold_minutes': 720, 'seed': 42, 'sweep_lookback': 20, 'wick_body_min': 1.5, 'atr_percentile_min': 30.0, 'sweep_rr': 2.0, 'sl_atr_buffer': 0.1, 'use_m1_confirmation': False, 'session': 'ny', 'adx_min': 18.0, 'momentum_rr': 2.0, 'use_atr_expansion': False, 'body_mult': 1.8, 'max_wick_pct': 0.45, 'momentum_sl_atr_mult': 1.0, 'session_hours_utc': None, 'close_extreme_pct': None, 'ema_extension_atr_max': None, 'use_m15_ema_trend': False, 'use_m15_ema200_filter': False, 'momentum_atr_percentile_min': 35.0, 'momentum_atr_percentile_max': None, 'session_ranges_utc_minutes': ((750, 840),), 'entry_mode': 'next_m5'}",21.013799740793583,0.15998432142857108,0.6832071043646007,False
sensitivity,XAUUSDm,sens_thai_1930_21_rr2_body1.8_wick0.45_atrMin40,100,42.0,0.9823174906009814,-0.23416665372256829,-2.6914263048185805,-0.23416665372260786,-0.00936666614890435,0.2032520325203252,-98.70138615612194,17,10,58.82352941176471,183.73291055102345,6,"{'strategy': 'momentum', 'variant': 'sens_thai_1930_21_rr2_body1.8_wick0.45_atrMin40', 'initial_balance': 10000.0, 'risk_pct': 0.0025, 'fee_rate': 0.0001, 'spread_atr_mult': 0.03, 'slippage_min_spread': 0.3, 'slippage_max_spread': 1.0, 'max_trades_per_day': 3, 'daily_loss_limit_pct': 0.03, 'max_hold_minutes': 720, 'seed': 42, 'sweep_lookback': 20, 'wick_body_min': 1.5, 'atr_percentile_min': 30.0, 'sweep_rr': 2.0, 'sl_atr_buffer': 0.1, 'use_m1_confirmation': False, 'session': 'ny', 'adx_min': 18.0, 'momentum_rr': 2.0, 'use_atr_expansion': False, 'body_mult': 1.8, 'max_wick_pct': 0.45, 'momentum_sl_atr_mult': 1.0, 'session_hours_utc': None, 'close_extreme_pct': None, 'ema_extension_atr_max': None, 'use_m15_ema_trend': False, 'use_m15_ema200_filter': False, 'momentum_atr_percentile_min': 40.0, 'momentum_atr_percentile_max': None, 'session_ranges_utc_minutes': ((750, 840),), 'entry_mode': 'next_m5'}",21.013799740793583,0.15998432142857108,0.6832071043646007,False
sensitivity,XAUUSDm,sens_thai_20_2130_rr2_body2_wick0.45_atrMin35,96,41.66666666666667,0.982058122554531,-0.21976592529890696,-2.971993798546771,-0.2289228388529887,-0.009156913554119517,0.1951219512195122,-148.26305446055775,17,9,52.94117647058824,166.3151868862862,8,"{'strategy': 'momentum', 'variant': 'sens_thai_20_2130_rr2_body2_wick0.45_atrMin35', 'initial_balance': 10000.0, 'risk_pct': 0.0025, 'fee_rate': 0.0001, 'spread_atr_mult': 0.03, 'slippage_min_spread': 0.3, 'slippage_max_spread': 1.0, 'max_trades_per_day': 3, 'daily_loss_limit_pct': 0.03, 'max_hold_minutes': 720, 'seed': 42, 'sweep_lookback': 20, 'wick_body_min': 1.5, 'atr_percentile_min': 30.0, 'sweep_rr': 2.0, 'sl_atr_buffer': 0.1, 'use_m1_confirmation': False, 'session': 'ny', 'adx_min': 18.0, 'momentum_rr': 2.0, 'use_atr_expansion': False, 'body_mult': 2.0, 'max_wick_pct': 0.45, 'momentum_sl_atr_mult': 1.0, 'session_hours_utc': None, 'close_extreme_pct': None, 'ema_extension_atr_max': None, 'use_m15_ema_trend': False, 'use_m15_ema200_filter': False, 'momentum_atr_percentile_min': 35.0, 'momentum_atr_percentile_max': None, 'session_ranges_utc_minutes': ((780, 870),), 'entry_mode': 'next_m5'}",21.614545033620704,0.16879486607142816,0.7373439317683198,False
sensitivity,XAUUSDm,sens_thai_20_2130_rr2_body2_wick0.45_atrMin40,96,41.66666666666667,0.982058122554531,-0.21976592529890696,-2.971993798546771,-0.2289228388529887,-0.009156913554119517,0.1951219512195122,-148.26305446055775,17,9,52.94117647058824,166.3151868862862,8,"{'strategy': 'momentum', 'variant': 'sens_thai_20_2130_rr2_body2_wick0.45_atrMin40', 'initial_balance': 10000.0, 'risk_pct': 0.0025, 'fee_rate': 0.0001, 'spread_atr_mult': 0.03, 'slippage_min_spread': 0.3, 'slippage_max_spread': 1.0, 'max_trades_per_day': 3, 'daily_loss_limit_pct': 0.03, 'max_hold_minutes': 720, 'seed': 42, 'sweep_lookback': 20, 'wick_body_min': 1.5, 'atr_percentile_min': 30.0, 'sweep_rr': 2.0, 'sl_atr_buffer': 0.1, 'use_m1_confirmation': False, 'session': 'ny', 'adx_min': 18.0, 'momentum_rr': 2.0, 'use_atr_expansion': False, 'body_mult': 2.0, 'max_wick_pct': 0.45, 'momentum_sl_atr_mult': 1.0, 'session_hours_utc': None, 'close_extreme_pct': None, 'ema_extension_atr_max': None, 'use_m15_ema_trend': False, 'use_m15_ema200_filter': False, 'momentum_atr_percentile_min': 40.0, 'momentum_atr_percentile_max': None, 'session_ranges_utc_minutes': ((780, 870),), 'entry_mode': 'next_m5'}",21.614545033620704,0.16879486607142816,0.7373439317683198,False
sensitivity,XAUUSDm,sens_thai_20_2130_rr2_body2_wick0.45_atrMin45,96,41.66666666666667,0.982058122554531,-0.21976592529890696,-2.971993798546771,-0.2289228388529887,-0.009156913554119517,0.1951219512195122,-148.26305446055775,17,9,52.94117647058824,166.3151868862862,8,"{'strategy': 'momentum', 'variant': 'sens_thai_20_2130_rr2_body2_wick0.45_atrMin45', 'initial_balance': 10000.0, 'risk_pct': 0.0025, 'fee_rate': 0.0001, 'spread_atr_mult': 0.03, 'slippage_min_spread': 0.3, 'slippage_max_spread': 1.0, 'max_trades_per_day': 3, 'daily_loss_limit_pct': 0.03, 'max_hold_minutes': 720, 'seed': 42, 'sweep_lookback': 20, 'wick_body_min': 1.5, 'atr_percentile_min': 30.0, 'sweep_rr': 2.0, 'sl_atr_buffer': 0.1, 'use_m1_confirmation': False, 'session': 'ny', 'adx_min': 18.0, 'momentum_rr': 2.0, 'use_atr_expansion': False, 'body_mult': 2.0, 'max_wick_pct': 0.45, 'momentum_sl_atr_mult': 1.0, 'session_hours_utc': None, 'close_extreme_pct': None, 'ema_extension_atr_max': None, 'use_m15_ema_trend': False, 'use_m15_ema200_filter': False, 'momentum_atr_percentile_min': 45.0, 'momentum_atr_percentile_max': None, 'session_ranges_utc_minutes': ((780, 870),), 'entry_mode': 'next_m5'}",21.614545033620704,0.16879486607142816,0.7373439317683198,False
sensitivity,XAUUSDm,sens_thai_1930_21_rr2_body1.8_wick0.35_atrMin50,92,42.391304347826086,0.9810846743934287,-0.23090611174899095,-2.9518377857779776,-0.25098490407494817,-0.010039396162997895,0.18699186991869918,-98.69639946442359,17,9,52.94117647058824,199.75193382566448,6,"{'strategy': 'momentum', 'variant': 'sens_thai_1930_21_rr2_body1.8_wick0.35_atrMin50', 'initial_balance': 10000.0, 'risk_pct': 0.0025, 'fee_rate': 0.0001, 'spread_atr_mult': 0.03, 'slippage_min_spread': 0.3, 'slippage_max_spread': 1.0, 'max_trades_per_day': 3, 'daily_loss_limit_pct': 0.03, 'max_hold_minutes': 720, 'seed': 42, 'sweep_lookback': 20, 'wick_body_min': 1.5, 'atr_percentile_min': 30.0, 'sweep_rr': 2.0, 'sl_atr_buffer': 0.1, 'use_m1_confirmation': False, 'session': 'ny', 'adx_min': 18.0, 'momentum_rr': 2.0, 'use_atr_expansion': False, 'body_mult': 1.8, 'max_wick_pct': 0.35, 'momentum_sl_atr_mult': 1.0, 'session_hours_utc': None, 'close_extreme_pct': None, 'ema_extension_atr_max': None, 'use_m15_ema_trend': False, 'use_m15_ema200_filter': False, 'momentum_atr_percentile_min': 50.0, 'momentum_atr_percentile_max': None, 'session_ranges_utc_minutes': ((750, 840),), 'entry_mode': 'next_m5'}",21.248587166812957,0.1614334937888194,0.6432000138965042,False
sensitivity,XAUUSDm,sens_thai_20_2130_rr1.8_body1.8_wick0.35_atrMin50,98,42.857142857142854,0.9806933975167249,-0.24181565120086815,-2.7784328096994693,-0.24675066449061941,-0.009870026579624762,0.1991869918699187,-148.0561061906274,17,8,47.05882352941176,195.58205855116904,8,"{'strategy': 'momentum', 'variant': 'sens_thai_20_2130_rr1.8_body1.8_wick0.35_atrMin50', 'initial_balance': 10000.0, 'risk_pct': 0.0025, 'fee_rate': 0.0001, 'spread_atr_mult': 0.03, 'slippage_min_spread': 0.3, 'slippage_max_spread': 1.0, 'max_trades_per_day': 3, 'daily_loss_limit_pct': 0.03, 'max_hold_minutes': 720, 'seed': 42, 'sweep_lookback': 20, 'wick_body_min': 1.5, 'atr_percentile_min': 30.0, 'sweep_rr': 2.0, 'sl_atr_buffer': 0.1, 'use_m1_confirmation': False, 'session': 'ny', 'adx_min': 18.0, 'momentum_rr': 1.8, 'use_atr_expansion': False, 'body_mult': 1.8, 'max_wick_pct': 0.35, 'momentum_sl_atr_mult': 1.0, 'session_hours_utc': None, 'close_extreme_pct': None, 'ema_extension_atr_max': None, 'use_m15_ema_trend': False, 'use_m15_ema200_filter': False, 'momentum_atr_percentile_min': 50.0, 'momentum_atr_percentile_max': None, 'session_ranges_utc_minutes': ((780, 870),), 'entry_mode': 'next_m5'}",21.575605878712803,0.17174632653061184,0.6960318704111981,False
sensitivity,XAUUSDm,sens_thai_20_2130_rr1.8_body1.8_wick0.35_atrMin35,98,42.857142857142854,0.9803577911880619,-0.24610334821847574,-2.782671953386328,-0.2511258655289894,-0.01004503462115956,0.1991869918699187,-148.0561061906274,17,8,47.05882352941176,195.58205855116904,8,"{'strategy': 'momentum', 'variant': 'sens_thai_20_2130_rr1.8_body1.8_wick0.35_atrMin35', 'initial_balance': 10000.0, 'risk_pct': 0.0025, 'fee_rate': 0.0001, 'spread_atr_mult': 0.03, 'slippage_min_spread': 0.3, 'slippage_max_spread': 1.0, 'max_trades_per_day': 3, 'daily_loss_limit_pct': 0.03, 'max_hold_minutes': 720, 'seed': 42, 'sweep_lookback': 20, 'wick_body_min': 1.5, 'atr_percentile_min': 30.0, 'sweep_rr': 2.0, 'sl_atr_buffer': 0.1, 'use_m1_confirmation': False, 'session': 'ny', 'adx_min': 18.0, 'momentum_rr': 1.8, 'use_atr_expansion': False, 'body_mult': 1.8, 'max_wick_pct': 0.35, 'momentum_sl_atr_mult': 1.0, 'session_hours_utc': None, 'close_extreme_pct': None, 'ema_extension_atr_max': None, 'use_m15_ema_trend': False, 'use_m15_ema200_filter': False, 'momentum_atr_percentile_min': 35.0, 'momentum_atr_percentile_max': None, 'session_ranges_utc_minutes': ((780, 870),), 'entry_mode': 'next_m5'}",21.528966356520108,0.17154113702623863,0.6830882858876053,False
sensitivity,XAUUSDm,sens_thai_20_2130_rr1.8_body1.8_wick0.35_atrMin40,98,42.857142857142854,0.9803577911880619,-0.24610334821847574,-2.782671953386328,-0.2511258655289894,-0.01004503462115956,0.1991869918699187,-148.0561061906274,17,8,47.05882352941176,195.58205855116904,8,"{'strategy': 'momentum', 'variant': 'sens_thai_20_2130_rr1.8_body1.8_wick0.35_atrMin40', 'initial_balance': 10000.0, 'risk_pct': 0.0025, 'fee_rate': 0.0001, 'spread_atr_mult': 0.03, 'slippage_min_spread': 0.3, 'slippage_max_spread': 1.0, 'max_trades_per_day': 3, 'daily_loss_limit_pct': 0.03, 'max_hold_minutes': 720, 'seed': 42, 'sweep_lookback': 20, 'wick_body_min': 1.5, 'atr_percentile_min': 30.0, 'sweep_rr': 2.0, 'sl_atr_buffer': 0.1, 'use_m1_confirmation': False, 'session': 'ny', 'adx_min': 18.0, 'momentum_rr': 1.8, 'use_atr_expansion': False, 'body_mult': 1.8, 'max_wick_pct': 0.35, 'momentum_sl_atr_mult': 1.0, 'session_hours_utc': None, 'close_extreme_pct': None, 'ema_extension_atr_max': None, 'use_m15_ema_trend': False, 'use_m15_ema200_filter': False, 'momentum_atr_percentile_min': 40.0, 'momentum_atr_percentile_max': None, 'session_ranges_utc_minutes': ((780, 870),), 'entry_mode': 'next_m5'}",21.528966356520108,0.17154113702623863,0.6830882858876053,False
sensitivity,XAUUSDm,sens_thai_20_2130_rr1.8_body1.8_wick0.35_atrMin45,98,42.857142857142854,0.9803577911880619,-0.24610334821847574,-2.782671953386328,-0.2511258655289894,-0.01004503462115956,0.1991869918699187,-148.0561061906274,17,8,47.05882352941176,195.58205855116904,8,"{'strategy': 'momentum', 'variant': 'sens_thai_20_2130_rr1.8_body1.8_wick0.35_atrMin45', 'initial_balance': 10000.0, 'risk_pct': 0.0025, 'fee_rate': 0.0001, 'spread_atr_mult': 0.03, 'slippage_min_spread': 0.3, 'slippage_max_spread': 1.0, 'max_trades_per_day': 3, 'daily_loss_limit_pct': 0.03, 'max_hold_minutes': 720, 'seed': 42, 'sweep_lookback': 20, 'wick_body_min': 1.5, 'atr_percentile_min': 30.0, 'sweep_rr': 2.0, 'sl_atr_buffer': 0.1, 'use_m1_confirmation': False, 'session': 'ny', 'adx_min': 18.0, 'momentum_rr': 1.8, 'use_atr_expansion': False, 'body_mult': 1.8, 'max_wick_pct': 0.35, 'momentum_sl_atr_mult': 1.0, 'session_hours_utc': None, 'close_extreme_pct': None, 'ema_extension_atr_max': None, 'use_m15_ema_trend': False, 'use_m15_ema200_filter': False, 'momentum_atr_percentile_min': 45.0, 'momentum_atr_percentile_max': None, 'session_ranges_utc_minutes': ((780, 870),), 'entry_mode': 'next_m5'}",21.528966356520108,0.17154113702623863,0.6830882858876053,False
sensitivity,XAUUSDm,sens_thai_20_2130_rr1.8_body2.2_wick0.35_atrMin50,82,42.68292682926829,0.9797180974941987,-0.20499259398484354,-2.521430654163846,-0.24999096827415573,-0.009999638730966225,0.16666666666666666,-148.00379783890185,17,10,58.82352941176471,131.38680350250547,6,"{'strategy': 'momentum', 'variant': 'sens_thai_20_2130_rr1.8_body2.2_wick0.35_atrMin50', 'initial_balance': 10000.0, 'risk_pct': 0.0025, 'fee_rate': 0.0001, 'spread_atr_mult': 0.03, 'slippage_min_spread': 0.3, 'slippage_max_spread': 1.0, 'max_trades_per_day': 3, 'daily_loss_limit_pct': 0.03, 'max_hold_minutes': 720, 'seed': 42, 'sweep_lookback': 20, 'wick_body_min': 1.5, 'atr_percentile_min': 30.0, 'sweep_rr': 2.0, 'sl_atr_buffer': 0.1, 'use_m1_confirmation': False, 'session': 'ny', 'adx_min': 18.0, 'momentum_rr': 1.8, 'use_atr_expansion': False, 'body_mult': 2.2, 'max_wick_pct': 0.35, 'momentum_sl_atr_mult': 1.0, 'session_hours_utc': None, 'close_extreme_pct': None, 'ema_extension_atr_max': None, 'use_m15_ema_trend': False, 'use_m15_ema200_filter': False, 'momentum_atr_percentile_min': 50.0, 'momentum_atr_percentile_max': None, 'session_ranges_utc_minutes': ((780, 870),), 'entry_mode': 'next_m5'}",22.79069992466372,0.17600513937282203,0.704045992492832,False
sensitivity,XAUUSDm,sens_thai_20_2130_rr1.8_body2.2_wick0.35_atrMin35,82,42.68292682926829,0.9793021681362101,-0.20928531179255516,-2.5256864430749904,-0.25522598999087753,-0.010209039599635098,0.16666666666666666,-148.00379783890185,17,10,58.82352941176471,131.38680350250547,6,"{'strategy': 'momentum', 'variant': 'sens_thai_20_2130_rr1.8_body2.2_wick0.35_atrMin35', 'initial_balance': 10000.0, 'risk_pct': 0.0025, 'fee_rate': 0.0001, 'spread_atr_mult': 0.03, 'slippage_min_spread': 0.3, 'slippage_max_spread': 1.0, 'max_trades_per_day': 3, 'daily_loss_limit_pct': 0.03, 'max_hold_minutes': 720, 'seed': 42, 'sweep_lookback': 20, 'wick_body_min': 1.5, 'atr_percentile_min': 30.0, 'sweep_rr': 2.0, 'sl_atr_buffer': 0.1, 'use_m1_confirmation': False, 'session': 'ny', 'adx_min': 18.0, 'momentum_rr': 1.8, 'use_atr_expansion': False, 'body_mult': 2.2, 'max_wick_pct': 0.35, 'momentum_sl_atr_mult': 1.0, 'session_hours_utc': None, 'close_extreme_pct': None, 'ema_extension_atr_max': None, 'use_m15_ema_trend': False, 'use_m15_ema200_filter': False, 'momentum_atr_percentile_min': 35.0, 'momentum_atr_percentile_max': None, 'session_ranges_utc_minutes': ((780, 870),), 'entry_mode': 'next_m5'}",22.734982527205247,0.17575991289198578,0.6886442595374708,False
sensitivity,XAUUSDm,sens_thai_20_2130_rr1.8_body2.2_wick0.35_atrMin40,82,42.68292682926829,0.9793021681362101,-0.20928531179255516,-2.5256864430749904,-0.25522598999087753,-0.010209039599635098,0.16666666666666666,-148.00379783890185,17,10,58.82352941176471,131.38680350250547,6,"{'strategy': 'momentum', 'variant': 'sens_thai_20_2130_rr1.8_body2.2_wick0.35_atrMin40', 'initial_balance': 10000.0, 'risk_pct': 0.0025, 'fee_rate': 0.0001, 'spread_atr_mult': 0.03, 'slippage_min_spread': 0.3, 'slippage_max_spread': 1.0, 'max_trades_per_day': 3, 'daily_loss_limit_pct': 0.03, 'max_hold_minutes': 720, 'seed': 42, 'sweep_lookback': 20, 'wick_body_min': 1.5, 'atr_percentile_min': 30.0, 'sweep_rr': 2.0, 'sl_atr_buffer': 0.1, 'use_m1_confirmation': False, 'session': 'ny', 'adx_min': 18.0, 'momentum_rr': 1.8, 'use_atr_expansion': False, 'body_mult': 2.2, 'max_wick_pct': 0.35, 'momentum_sl_atr_mult': 1.0, 'session_hours_utc': None, 'close_extreme_pct': None, 'ema_extension_atr_max': None, 'use_m15_ema_trend': False, 'use_m15_ema200_filter': False, 'momentum_atr_percentile_min': 40.0, 'momentum_atr_percentile_max': None, 'session_ranges_utc_minutes': ((780, 870),), 'entry_mode': 'next_m5'}",22.734982527205247,0.17575991289198578,0.6886442595374708,False
sensitivity,XAUUSDm,sens_thai_20_2130_rr1.8_body2.2_wick0.35_atrMin45,82,42.68292682926829,0.9793021681362101,-0.20928531179255516,-2.5256864430749904,-0.25522598999087753,-0.010209039599635098,0.16666666666666666,-148.00379783890185,17,10,58.82352941176471,131.38680350250547,6,"{'strategy': 'momentum', 'variant': 'sens_thai_20_2130_rr1.8_body2.2_wick0.35_atrMin45', 'initial_balance': 10000.0, 'risk_pct': 0.0025, 'fee_rate': 0.0001, 'spread_atr_mult': 0.03, 'slippage_min_spread': 0.3, 'slippage_max_spread': 1.0, 'max_trades_per_day': 3, 'daily_loss_limit_pct': 0.03, 'max_hold_minutes': 720, 'seed': 42, 'sweep_lookback': 20, 'wick_body_min': 1.5, 'atr_percentile_min': 30.0, 'sweep_rr': 2.0, 'sl_atr_buffer': 0.1, 'use_m1_confirmation': False, 'session': 'ny', 'adx_min': 18.0, 'momentum_rr': 1.8, 'use_atr_expansion': False, 'body_mult': 2.2, 'max_wick_pct': 0.35, 'momentum_sl_atr_mult': 1.0, 'session_hours_utc': None, 'close_extreme_pct': None, 'ema_extension_atr_max': None, 'use_m15_ema_trend': False, 'use_m15_ema200_filter': False, 'momentum_atr_percentile_min': 45.0, 'momentum_atr_percentile_max': None, 'session_ranges_utc_minutes': ((780, 870),), 'entry_mode': 'next_m5'}",22.734982527205247,0.17575991289198578,0.6886442595374708,False
sensitivity,XAUUSDm,sens_thai_1930_21_rr2_body1.8_wick0.35_atrMin45,95,42.10526315789473,0.9787125509763123,-0.27104114698495324,-2.7362807268308496,-0.28530647051052366,-0.011412258820420993,0.19308943089430894,-98.70138615612194,17,10,58.82352941176471,199.6118621634165,6,"{'strategy': 'momentum', 'variant': 'sens_thai_1930_21_rr2_body1.8_wick0.35_atrMin45', 'initial_balance': 10000.0, 'risk_pct': 0.0025, 'fee_rate': 0.0001, 'spread_atr_mult': 0.03, 'slippage_min_spread': 0.3, 'slippage_max_spread': 1.0, 'max_trades_per_day': 3, 'daily_loss_limit_pct': 0.03, 'max_hold_minutes': 720, 'seed': 42, 'sweep_lookback': 20, 'wick_body_min': 1.5, 'atr_percentile_min': 30.0, 'sweep_rr': 2.0, 'sl_atr_buffer': 0.1, 'use_m1_confirmation': False, 'session': 'ny', 'adx_min': 18.0, 'momentum_rr': 2.0, 'use_atr_expansion': False, 'body_mult': 1.8, 'max_wick_pct': 0.35, 'momentum_sl_atr_mult': 1.0, 'session_hours_utc': None, 'close_extreme_pct': None, 'ema_extension_atr_max': None, 'use_m15_ema_trend': False, 'use_m15_ema200_filter': False, 'momentum_atr_percentile_min': 45.0, 'momentum_atr_percentile_max': None, 'session_ranges_utc_minutes': ((750, 840),), 'entry_mode': 'next_m5'}",21.0494010575231,0.16104674436090186,0.5644693023355793,False
sensitivity,XAUUSDm,sens_thai_1930_21_rr2_body1.8_wick0.35_atrMin35,95,42.10526315789473,0.9785655297367417,-0.27292298058056985,-2.7376873260463133,-0.28728734797962163,-0.011491493919184909,0.19308943089430894,-98.70138615612194,17,10,58.82352941176471,199.6118621634165,6,"{'strategy': 'momentum', 'variant': 'sens_thai_1930_21_rr2_body1.8_wick0.35_atrMin35', 'initial_balance': 10000.0, 'risk_pct': 0.0025, 'fee_rate': 0.0001, 'spread_atr_mult': 0.03, 'slippage_min_spread': 0.3, 'slippage_max_spread': 1.0, 'max_trades_per_day': 3, 'daily_loss_limit_pct': 0.03, 'max_hold_minutes': 720, 'seed': 42, 'sweep_lookback': 20, 'wick_body_min': 1.5, 'atr_percentile_min': 30.0, 'sweep_rr': 2.0, 'sl_atr_buffer': 0.1, 'use_m1_confirmation': False, 'session': 'ny', 'adx_min': 18.0, 'momentum_rr': 2.0, 'use_atr_expansion': False, 'body_mult': 1.8, 'max_wick_pct': 0.35, 'momentum_sl_atr_mult': 1.0, 'session_hours_utc': None, 'close_extreme_pct': None, 'ema_extension_atr_max': None, 'use_m15_ema_trend': False, 'use_m15_ema200_filter': False, 'momentum_atr_percentile_min': 35.0, 'momentum_atr_percentile_max': None, 'session_ranges_utc_minutes': ((750, 840),), 'entry_mode': 'next_m5'}",21.035084928724523,0.16067875939849585,0.5592963300628658,False
sensitivity,XAUUSDm,sens_thai_1930_21_rr2_body1.8_wick0.35_atrMin40,95,42.10526315789473,0.9785655297367417,-0.27292298058056985,-2.7376873260463133,-0.28728734797962163,-0.011491493919184909,0.19308943089430894,-98.70138615612194,17,10,58.82352941176471,199.6118621634165,6,"{'strategy': 'momentum', 'variant': 'sens_thai_1930_21_rr2_body1.8_wick0.35_atrMin40', 'initial_balance': 10000.0, 'risk_pct': 0.0025, 'fee_rate': 0.0001, 'spread_atr_mult': 0.03, 'slippage_min_spread': 0.3, 'slippage_max_spread': 1.0, 'max_trades_per_day': 3, 'daily_loss_limit_pct': 0.03, 'max_hold_minutes': 720, 'seed': 42, 'sweep_lookback': 20, 'wick_body_min': 1.5, 'atr_percentile_min': 30.0, 'sweep_rr': 2.0, 'sl_atr_buffer': 0.1, 'use_m1_confirmation': False, 'session': 'ny', 'adx_min': 18.0, 'momentum_rr': 2.0, 'use_atr_expansion': False, 'body_mult': 1.8, 'max_wick_pct': 0.35, 'momentum_sl_atr_mult': 1.0, 'session_hours_utc': None, 'close_extreme_pct': None, 'ema_extension_atr_max': None, 'use_m15_ema_trend': False, 'use_m15_ema200_filter': False, 'momentum_atr_percentile_min': 40.0, 'momentum_atr_percentile_max': None, 'session_ranges_utc_minutes': ((750, 840),), 'entry_mode': 'next_m5'}",21.035084928724523,0.16067875939849585,0.5592963300628658,False
sensitivity,XAUUSDm,sens_thai_20_2130_rr2_body1.8_wick0.4_atrMin50,101,41.584158415841586,0.9628158198224918,-0.4909938657257772,-3.071832727034731,-0.4861325403225666,-0.019445301612902675,0.20528455284552846,-148.22567053047473,17,9,52.94117647058824,172.0748460411325,8,"{'strategy': 'momentum', 'variant': 'sens_thai_20_2130_rr2_body1.8_wick0.4_atrMin50', 'initial_balance': 10000.0, 'risk_pct': 0.0025, 'fee_rate': 0.0001, 'spread_atr_mult': 0.03, 'slippage_min_spread': 0.3, 'slippage_max_spread': 1.0, 'max_trades_per_day': 3, 'daily_loss_limit_pct': 0.03, 'max_hold_minutes': 720, 'seed': 42, 'sweep_lookback': 20, 'wick_body_min': 1.5, 'atr_percentile_min': 30.0, 'sweep_rr': 2.0, 'sl_atr_buffer': 0.1, 'use_m1_confirmation': False, 'session': 'ny', 'adx_min': 18.0, 'momentum_rr': 2.0, 'use_atr_expansion': False, 'body_mult': 1.8, 'max_wick_pct': 0.4, 'momentum_sl_atr_mult': 1.0, 'session_hours_utc': None, 'close_extreme_pct': None, 'ema_extension_atr_max': None, 'use_m15_ema_trend': False, 'use_m15_ema200_filter': False, 'momentum_atr_percentile_min': 50.0, 'momentum_atr_percentile_max': None, 'session_ranges_utc_minutes': ((780, 870),), 'entry_mode': 'next_m5'}",21.479728399357718,0.1708993493635074,0.35154887852211963,False
sensitivity,XAUUSDm,sens_thai_20_2130_rr2_body1.8_wick0.4_atrMin35,101,41.584158415841586,0.9625032777765314,-0.49528156274338475,-3.0760656933179686,-0.4903777848944502,-0.01961511139577802,0.20528455284552846,-148.22567053047473,17,9,52.94117647058824,172.0748460411325,8,"{'strategy': 'momentum', 'variant': 'sens_thai_20_2130_rr2_body1.8_wick0.4_atrMin35', 'initial_balance': 10000.0, 'risk_pct': 0.0025, 'fee_rate': 0.0001, 'spread_atr_mult': 0.03, 'slippage_min_spread': 0.3, 'slippage_max_spread': 1.0, 'max_trades_per_day': 3, 'daily_loss_limit_pct': 0.03, 'max_hold_minutes': 720, 'seed': 42, 'sweep_lookback': 20, 'wick_body_min': 1.5, 'atr_percentile_min': 30.0, 'sweep_rr': 2.0, 'sl_atr_buffer': 0.1, 'use_m1_confirmation': False, 'session': 'ny', 'adx_min': 18.0, 'momentum_rr': 2.0, 'use_atr_expansion': False, 'body_mult': 1.8, 'max_wick_pct': 0.4, 'momentum_sl_atr_mult': 1.0, 'session_hours_utc': None, 'close_extreme_pct': None, 'ema_extension_atr_max': None, 'use_m15_ema_trend': False, 'use_m15_ema200_filter': False, 'momentum_atr_percentile_min': 35.0, 'momentum_atr_percentile_max': None, 'session_ranges_utc_minutes': ((780, 870),), 'entry_mode': 'next_m5'}",21.43447420950738,0.17070025459688787,0.3480994854479994,False
sensitivity,XAUUSDm,sens_thai_20_2130_rr2_body1.8_wick0.4_atrMin40,101,41.584158415841586,0.9625032777765314,-0.49528156274338475,-3.0760656933179686,-0.4903777848944502,-0.01961511139577802,0.20528455284552846,-148.22567053047473,17,9,52.94117647058824,172.0748460411325,8,"{'strategy': 'momentum', 'variant': 'sens_thai_20_2130_rr2_body1.8_wick0.4_atrMin40', 'initial_balance': 10000.0, 'risk_pct': 0.0025, 'fee_rate': 0.0001, 'spread_atr_mult': 0.03, 'slippage_min_spread': 0.3, 'slippage_max_spread': 1.0, 'max_trades_per_day': 3, 'daily_loss_limit_pct': 0.03, 'max_hold_minutes': 720, 'seed': 42, 'sweep_lookback': 20, 'wick_body_min': 1.5, 'atr_percentile_min': 30.0, 'sweep_rr': 2.0, 'sl_atr_buffer': 0.1, 'use_m1_confirmation': False, 'session': 'ny', 'adx_min': 18.0, 'momentum_rr': 2.0, 'use_atr_expansion': False, 'body_mult': 1.8, 'max_wick_pct': 0.4, 'momentum_sl_atr_mult': 1.0, 'session_hours_utc': None, 'close_extreme_pct': None, 'ema_extension_atr_max': None, 'use_m15_ema_trend': False, 'use_m15_ema200_filter': False, 'momentum_atr_percentile_min': 40.0, 'momentum_atr_percentile_max': None, 'session_ranges_utc_minutes': ((780, 870),), 'entry_mode': 'next_m5'}",21.43447420950738,0.17070025459688787,0.3480994854479994,False
sensitivity,XAUUSDm,sens_thai_20_2130_rr2_body1.8_wick0.4_atrMin45,101,41.584158415841586,0.9625032777765314,-0.49528156274338475,-3.0760656933179686,-0.4903777848944502,-0.01961511139577802,0.20528455284552846,-148.22567053047473,17,9,52.94117647058824,172.0748460411325,8,"{'strategy': 'momentum', 'variant': 'sens_thai_20_2130_rr2_body1.8_wick0.4_atrMin45', 'initial_balance': 10000.0, 'risk_pct': 0.0025, 'fee_rate': 0.0001, 'spread_atr_mult': 0.03, 'slippage_min_spread': 0.3, 'slippage_max_spread': 1.0, 'max_trades_per_day': 3, 'daily_loss_limit_pct': 0.03, 'max_hold_minutes': 720, 'seed': 42, 'sweep_lookback': 20, 'wick_body_min': 1.5, 'atr_percentile_min': 30.0, 'sweep_rr': 2.0, 'sl_atr_buffer': 0.1, 'use_m1_confirmation': False, 'session': 'ny', 'adx_min': 18.0, 'momentum_rr': 2.0, 'use_atr_expansion': False, 'body_mult': 1.8, 'max_wick_pct': 0.4, 'momentum_sl_atr_mult': 1.0, 'session_hours_utc': None, 'close_extreme_pct': None, 'ema_extension_atr_max': None, 'use_m15_ema_trend': False, 'use_m15_ema200_filter': False, 'momentum_atr_percentile_min': 45.0, 'momentum_atr_percentile_max': None, 'session_ranges_utc_minutes': ((780, 870),), 'entry_mode': 'next_m5'}",21.43447420950738,0.17070025459688787,0.3480994854479994,False
sensitivity,XAUUSDm,sens_thai_20_2130_rr2_body2_wick0.35_atrMin50,91,41.75824175824176,0.9423033882765155,-0.6766376206935638,-3.061617710507465,-0.7435578249379161,-0.029742312997516677,0.18495934959349594,-147.96010410718293,17,8,47.05882352941176,166.36169324628898,7,"{'strategy': 'momentum', 'variant': 'sens_thai_20_2130_rr2_body2_wick0.35_atrMin50', 'initial_balance': 10000.0, 'risk_pct': 0.0025, 'fee_rate': 0.0001, 'spread_atr_mult': 0.03, 'slippage_min_spread': 0.3, 'slippage_max_spread': 1.0, 'max_trades_per_day': 3, 'daily_loss_limit_pct': 0.03, 'max_hold_minutes': 720, 'seed': 42, 'sweep_lookback': 20, 'wick_body_min': 1.5, 'atr_percentile_min': 30.0, 'sweep_rr': 2.0, 'sl_atr_buffer': 0.1, 'use_m1_confirmation': False, 'session': 'ny', 'adx_min': 18.0, 'momentum_rr': 2.0, 'use_atr_expansion': False, 'body_mult': 2.0, 'max_wick_pct': 0.35, 'momentum_sl_atr_mult': 1.0, 'session_hours_utc': None, 'close_extreme_pct': None, 'ema_extension_atr_max': None, 'use_m15_ema_trend': False, 'use_m15_ema200_filter': False, 'momentum_atr_percentile_min': 50.0, 'momentum_atr_percentile_max': None, 'session_ranges_utc_minutes': ((780, 870),), 'entry_mode': 'next_m5'}",22.048498165296866,0.17129194662480332,0.2303680236827653,False
sensitivity,XAUUSDm,sens_thai_20_2130_rr2_body2_wick0.35_atrMin35,91,41.75824175824176,0.9419600919020064,-0.6809116996875492,-3.065845857989582,-0.7482546150411998,-0.029930184601648032,0.18495934959349594,-147.96010410718293,17,8,47.05882352941176,166.36169324628898,7,"{'strategy': 'momentum', 'variant': 'sens_thai_20_2130_rr2_body2_wick0.35_atrMin35', 'initial_balance': 10000.0, 'risk_pct': 0.0025, 'fee_rate': 0.0001, 'spread_atr_mult': 0.03, 'slippage_min_spread': 0.3, 'slippage_max_spread': 1.0, 'max_trades_per_day': 3, 'daily_loss_limit_pct': 0.03, 'max_hold_minutes': 720, 'seed': 42, 'sweep_lookback': 20, 'wick_body_min': 1.5, 'atr_percentile_min': 30.0, 'sweep_rr': 2.0, 'sl_atr_buffer': 0.1, 'use_m1_confirmation': False, 'session': 'ny', 'adx_min': 18.0, 'momentum_rr': 2.0, 'use_atr_expansion': False, 'body_mult': 2.0, 'max_wick_pct': 0.35, 'momentum_sl_atr_mult': 1.0, 'session_hours_utc': None, 'close_extreme_pct': None, 'ema_extension_atr_max': None, 'use_m15_ema_trend': False, 'use_m15_ema200_filter': False, 'momentum_atr_percentile_min': 35.0, 'momentum_atr_percentile_max': None, 'session_ranges_utc_minutes': ((780, 870),), 'entry_mode': 'next_m5'}",21.998215731734135,0.17107097331240143,0.2286266865229853,False
sensitivity,XAUUSDm,sens_thai_20_2130_rr2_body2_wick0.35_atrMin40,91,41.75824175824176,0.9419600919020064,-0.6809116996875492,-3.065845857989582,-0.7482546150411998,-0.029930184601648032,0.18495934959349594,-147.96010410718293,17,8,47.05882352941176,166.36169324628898,7,"{'strategy': 'momentum', 'variant': 'sens_thai_20_2130_rr2_body2_wick0.35_atrMin40', 'initial_balance': 10000.0, 'risk_pct': 0.0025, 'fee_rate': 0.0001, 'spread_atr_mult': 0.03, 'slippage_min_spread': 0.3, 'slippage_max_spread': 1.0, 'max_trades_per_day': 3, 'daily_loss_limit_pct': 0.03, 'max_hold_minutes': 720, 'seed': 42, 'sweep_lookback': 20, 'wick_body_min': 1.5, 'atr_percentile_min': 30.0, 'sweep_rr': 2.0, 'sl_atr_buffer': 0.1, 'use_m1_confirmation': False, 'session': 'ny', 'adx_min': 18.0, 'momentum_rr': 2.0, 'use_atr_expansion': False, 'body_mult': 2.0, 'max_wick_pct': 0.35, 'momentum_sl_atr_mult': 1.0, 'session_hours_utc': None, 'close_extreme_pct': None, 'ema_extension_atr_max': None, 'use_m15_ema_trend': False, 'use_m15_ema200_filter': False, 'momentum_atr_percentile_min': 40.0, 'momentum_atr_percentile_max': None, 'session_ranges_utc_minutes': ((780, 870),), 'entry_mode': 'next_m5'}",21.998215731734135,0.17107097331240143,0.2286266865229853,False
sensitivity,XAUUSDm,sens_thai_20_2130_rr2_body2_wick0.35_atrMin45,91,41.75824175824176,0.9419600919020064,-0.6809116996875492,-3.065845857989582,-0.7482546150411998,-0.029930184601648032,0.18495934959349594,-147.96010410718293,17,8,47.05882352941176,166.36169324628898,7,"{'strategy': 'momentum', 'variant': 'sens_thai_20_2130_rr2_body2_wick0.35_atrMin45', 'initial_balance': 10000.0, 'risk_pct': 0.0025, 'fee_rate': 0.0001, 'spread_atr_mult': 0.03, 'slippage_min_spread': 0.3, 'slippage_max_spread': 1.0, 'max_trades_per_day': 3, 'daily_loss_limit_pct': 0.03, 'max_hold_minutes': 720, 'seed': 42, 'sweep_lookback': 20, 'wick_body_min': 1.5, 'atr_percentile_min': 30.0, 'sweep_rr': 2.0, 'sl_atr_buffer': 0.1, 'use_m1_confirmation': False, 'session': 'ny', 'adx_min': 18.0, 'momentum_rr': 2.0, 'use_atr_expansion': False, 'body_mult': 2.0, 'max_wick_pct': 0.35, 'momentum_sl_atr_mult': 1.0, 'session_hours_utc': None, 'close_extreme_pct': None, 'ema_extension_atr_max': None, 'use_m15_ema_trend': False, 'use_m15_ema200_filter': False, 'momentum_atr_percentile_min': 45.0, 'momentum_atr_percentile_max': None, 'session_ranges_utc_minutes': ((780, 870),), 'entry_mode': 'next_m5'}",21.998215731734135,0.17107097331240143,0.2286266865229853,False
sensitivity,XAUUSDm,sens_thai_20_2130_rr2_body1.8_wick0.45_atrMin50,103,40.77669902912621,0.9372824301632539,-0.8506917708914443,-3.071832727034731,-0.8259143406713271,-0.03303657362685308,0.20934959349593496,-148.2499444454252,17,9,52.94117647058824,172.0748460411325,8,"{'strategy': 'momentum', 'variant': 'sens_thai_20_2130_rr2_body1.8_wick0.45_atrMin50', 'initial_balance': 10000.0, 'risk_pct': 0.0025, 'fee_rate': 0.0001, 'spread_atr_mult': 0.03, 'slippage_min_spread': 0.3, 'slippage_max_spread': 1.0, 'max_trades_per_day': 3, 'daily_loss_limit_pct': 0.03, 'max_hold_minutes': 720, 'seed': 42, 'sweep_lookback': 20, 'wick_body_min': 1.5, 'atr_percentile_min': 30.0, 'sweep_rr': 2.0, 'sl_atr_buffer': 0.1, 'use_m1_confirmation': False, 'session': 'ny', 'adx_min': 18.0, 'momentum_rr': 2.0, 'use_atr_expansion': False, 'body_mult': 1.8, 'max_wick_pct': 0.45, 'momentum_sl_atr_mult': 1.0, 'session_hours_utc': None, 'close_extreme_pct': None, 'ema_extension_atr_max': None, 'use_m15_ema_trend': False, 'use_m15_ema200_filter': False, 'momentum_atr_percentile_min': 50.0, 'momentum_atr_percentile_max': None, 'session_ranges_utc_minutes': ((780, 870),), 'entry_mode': 'next_m5'}",21.377111696011877,0.16999662274618543,0.20582839451365773,False
sensitivity,XAUUSDm,sens_thai_20_2130_rr2_body1.8_wick0.45_atrMin35,103,40.77669902912621,0.9369862375035914,-0.8549794679090519,-3.0760656933179686,-0.830077153309776,-0.03320308613239106,0.20934959349593496,-148.2499444454252,17,9,52.94117647058824,172.0748460411325,8,"{'strategy': 'momentum', 'variant': 'sens_thai_20_2130_rr2_body1.8_wick0.45_atrMin35', 'initial_balance': 10000.0, 'risk_pct': 0.0025, 'fee_rate': 0.0001, 'spread_atr_mult': 0.03, 'slippage_min_spread': 0.3, 'slippage_max_spread': 1.0, 'max_trades_per_day': 3, 'daily_loss_limit_pct': 0.03, 'max_hold_minutes': 720, 'seed': 42, 'sweep_lookback': 20, 'wick_body_min': 1.5, 'atr_percentile_min': 30.0, 'sweep_rr': 2.0, 'sl_atr_buffer': 0.1, 'use_m1_confirmation': False, 'session': 'ny', 'adx_min': 18.0, 'momentum_rr': 2.0, 'use_atr_expansion': False, 'body_mult': 1.8, 'max_wick_pct': 0.45, 'momentum_sl_atr_mult': 1.0, 'session_hours_utc': None, 'close_extreme_pct': None, 'ema_extension_atr_max': None, 'use_m15_ema_trend': False, 'use_m15_ema200_filter': False, 'momentum_atr_percentile_min': 35.0, 'momentum_atr_percentile_max': None, 'session_ranges_utc_minutes': ((780, 870),), 'entry_mode': 'next_m5'}",21.332736228294557,0.16980139389736434,0.20456097751915386,False
sensitivity,XAUUSDm,sens_thai_20_2130_rr2_body1.8_wick0.45_atrMin40,103,40.77669902912621,0.9369862375035914,-0.8549794679090519,-3.0760656933179686,-0.830077153309776,-0.03320308613239106,0.20934959349593496,-148.2499444454252,17,9,52.94117647058824,172.0748460411325,8,"{'strategy': 'momentum', 'variant': 'sens_thai_20_2130_rr2_body1.8_wick0.45_atrMin40', 'initial_balance': 10000.0, 'risk_pct': 0.0025, 'fee_rate': 0.0001, 'spread_atr_mult': 0.03, 'slippage_min_spread': 0.3, 'slippage_max_spread': 1.0, 'max_trades_per_day': 3, 'daily_loss_limit_pct': 0.03, 'max_hold_minutes': 720, 'seed': 42, 'sweep_lookback': 20, 'wick_body_min': 1.5, 'atr_percentile_min': 30.0, 'sweep_rr': 2.0, 'sl_atr_buffer': 0.1, 'use_m1_confirmation': False, 'session': 'ny', 'adx_min': 18.0, 'momentum_rr': 2.0, 'use_atr_expansion': False, 'body_mult': 1.8, 'max_wick_pct': 0.45, 'momentum_sl_atr_mult': 1.0, 'session_hours_utc': None, 'close_extreme_pct': None, 'ema_extension_atr_max': None, 'use_m15_ema_trend': False, 'use_m15_ema200_filter': False, 'momentum_atr_percentile_min': 40.0, 'momentum_atr_percentile_max': None, 'session_ranges_utc_minutes': ((780, 870),), 'entry_mode': 'next_m5'}",21.332736228294557,0.16980139389736434,0.20456097751915386,False
sensitivity,XAUUSDm,sens_thai_20_2130_rr2_body1.8_wick0.45_atrMin45,103,40.77669902912621,0.9369862375035914,-0.8549794679090519,-3.0760656933179686,-0.830077153309776,-0.03320308613239106,0.20934959349593496,-148.2499444454252,17,9,52.94117647058824,172.0748460411325,8,"{'strategy': 'momentum', 'variant': 'sens_thai_20_2130_rr2_body1.8_wick0.45_atrMin45', 'initial_balance': 10000.0, 'risk_pct': 0.0025, 'fee_rate': 0.0001, 'spread_atr_mult': 0.03, 'slippage_min_spread': 0.3, 'slippage_max_spread': 1.0, 'max_trades_per_day': 3, 'daily_loss_limit_pct': 0.03, 'max_hold_minutes': 720, 'seed': 42, 'sweep_lookback': 20, 'wick_body_min': 1.5, 'atr_percentile_min': 30.0, 'sweep_rr': 2.0, 'sl_atr_buffer': 0.1, 'use_m1_confirmation': False, 'session': 'ny', 'adx_min': 18.0, 'momentum_rr': 2.0, 'use_atr_expansion': False, 'body_mult': 1.8, 'max_wick_pct': 0.45, 'momentum_sl_atr_mult': 1.0, 'session_hours_utc': None, 'close_extreme_pct': None, 'ema_extension_atr_max': None, 'use_m15_ema_trend': False, 'use_m15_ema200_filter': False, 'momentum_atr_percentile_min': 45.0, 'momentum_atr_percentile_max': None, 'session_ranges_utc_minutes': ((780, 870),), 'entry_mode': 'next_m5'}",21.332736228294557,0.16980139389736434,0.20456097751915386,False
sensitivity,XAUUSDm,sens_thai_20_2130_rr2_body1.8_wick0.35_atrMin50,98,40.816326530612244,0.8997797900798572,-1.3073036457924172,-3.317417764832408,-1.3339833120330784,-0.05335933248132314,0.1991869918699187,-148.0561061906274,17,8,47.05882352941176,187.87496893973105,8,"{'strategy': 'momentum', 'variant': 'sens_thai_20_2130_rr2_body1.8_wick0.35_atrMin50', 'initial_balance': 10000.0, 'risk_pct': 0.0025, 'fee_rate': 0.0001, 'spread_atr_mult': 0.03, 'slippage_min_spread': 0.3, 'slippage_max_spread': 1.0, 'max_trades_per_day': 3, 'daily_loss_limit_pct': 0.03, 'max_hold_minutes': 720, 'seed': 42, 'sweep_lookback': 20, 'wick_body_min': 1.5, 'atr_percentile_min': 30.0, 'sweep_rr': 2.0, 'sl_atr_buffer': 0.1, 'use_m1_confirmation': False, 'session': 'ny', 'adx_min': 18.0, 'momentum_rr': 2.0, 'use_atr_expansion': False, 'body_mult': 1.8, 'max_wick_pct': 0.35, 'momentum_sl_atr_mult': 1.0, 'session_hours_utc': None, 'close_extreme_pct': None, 'ema_extension_atr_max': None, 'use_m15_ema_trend': False, 'use_m15_ema200_filter': False, 'momentum_atr_percentile_min': 50.0, 'momentum_atr_percentile_max': None, 'session_ranges_utc_minutes': ((780, 870),), 'entry_mode': 'next_m5'}",21.575605878712803,0.17174632653061184,0.12874698280060123,False
sensitivity,XAUUSDm,sens_thai_20_2130_rr2_body1.8_wick0.35_atrMin35,98,40.816326530612244,0.8994841274544958,-1.3115913428100248,-3.3216507311156462,-1.3383585130714486,-0.05353434052285795,0.1991869918699187,-148.0561061906274,17,8,47.05882352941176,187.87496893973105,8,"{'strategy': 'momentum', 'variant': 'sens_thai_20_2130_rr2_body1.8_wick0.35_atrMin35', 'initial_balance': 10000.0, 'risk_pct': 0.0025, 'fee_rate': 0.0001, 'spread_atr_mult': 0.03, 'slippage_min_spread': 0.3, 'slippage_max_spread': 1.0, 'max_trades_per_day': 3, 'daily_loss_limit_pct': 0.03, 'max_hold_minutes': 720, 'seed': 42, 'sweep_lookback': 20, 'wick_body_min': 1.5, 'atr_percentile_min': 30.0, 'sweep_rr': 2.0, 'sl_atr_buffer': 0.1, 'use_m1_confirmation': False, 'session': 'ny', 'adx_min': 18.0, 'momentum_rr': 2.0, 'use_atr_expansion': False, 'body_mult': 1.8, 'max_wick_pct': 0.35, 'momentum_sl_atr_mult': 1.0, 'session_hours_utc': None, 'close_extreme_pct': None, 'ema_extension_atr_max': None, 'use_m15_ema_trend': False, 'use_m15_ema200_filter': False, 'momentum_atr_percentile_min': 35.0, 'momentum_atr_percentile_max': None, 'session_ranges_utc_minutes': ((780, 870),), 'entry_mode': 'next_m5'}",21.528966356520108,0.17154113702623863,0.12817278431065718,False
sensitivity,XAUUSDm,sens_thai_20_2130_rr2_body1.8_wick0.35_atrMin40,98,40.816326530612244,0.8994841274544958,-1.3115913428100248,-3.3216507311156462,-1.3383585130714486,-0.05353434052285795,0.1991869918699187,-148.0561061906274,17,8,47.05882352941176,187.87496893973105,8,"{'strategy': 'momentum', 'variant': 'sens_thai_20_2130_rr2_body1.8_wick0.35_atrMin40', 'initial_balance': 10000.0, 'risk_pct': 0.0025, 'fee_rate': 0.0001, 'spread_atr_mult': 0.03, 'slippage_min_spread': 0.3, 'slippage_max_spread': 1.0, 'max_trades_per_day': 3, 'daily_loss_limit_pct': 0.03, 'max_hold_minutes': 720, 'seed': 42, 'sweep_lookback': 20, 'wick_body_min': 1.5, 'atr_percentile_min': 30.0, 'sweep_rr': 2.0, 'sl_atr_buffer': 0.1, 'use_m1_confirmation': False, 'session': 'ny', 'adx_min': 18.0, 'momentum_rr': 2.0, 'use_atr_expansion': False, 'body_mult': 1.8, 'max_wick_pct': 0.35, 'momentum_sl_atr_mult': 1.0, 'session_hours_utc': None, 'close_extreme_pct': None, 'ema_extension_atr_max': None, 'use_m15_ema_trend': False, 'use_m15_ema200_filter': False, 'momentum_atr_percentile_min': 40.0, 'momentum_atr_percentile_max': None, 'session_ranges_utc_minutes': ((780, 870),), 'entry_mode': 'next_m5'}",21.528966356520108,0.17154113702623863,0.12817278431065718,False
sensitivity,XAUUSDm,sens_thai_20_2130_rr2_body1.8_wick0.35_atrMin45,98,40.816326530612244,0.8994841274544958,-1.3115913428100248,-3.3216507311156462,-1.3383585130714486,-0.05353434052285795,0.1991869918699187,-148.0561061906274,17,8,47.05882352941176,187.87496893973105,8,"{'strategy': 'momentum', 'variant': 'sens_thai_20_2130_rr2_body1.8_wick0.35_atrMin45', 'initial_balance': 10000.0, 'risk_pct': 0.0025, 'fee_rate': 0.0001, 'spread_atr_mult': 0.03, 'slippage_min_spread': 0.3, 'slippage_max_spread': 1.0, 'max_trades_per_day': 3, 'daily_loss_limit_pct': 0.03, 'max_hold_minutes': 720, 'seed': 42, 'sweep_lookback': 20, 'wick_body_min': 1.5, 'atr_percentile_min': 30.0, 'sweep_rr': 2.0, 'sl_atr_buffer': 0.1, 'use_m1_confirmation': False, 'session': 'ny', 'adx_min': 18.0, 'momentum_rr': 2.0, 'use_atr_expansion': False, 'body_mult': 1.8, 'max_wick_pct': 0.35, 'momentum_sl_atr_mult': 1.0, 'session_hours_utc': None, 'close_extreme_pct': None, 'ema_extension_atr_max': None, 'use_m15_ema_trend': False, 'use_m15_ema200_filter': False, 'momentum_atr_percentile_min': 45.0, 'momentum_atr_percentile_max': None, 'session_ranges_utc_minutes': ((780, 870),), 'entry_mode': 'next_m5'}",21.528966356520108,0.17154113702623863,0.12817278431065718,False
