ema,lorentzian_k,lorentzian_horizon,andean_length,min_atr_pct,risk,rr,exit_mode,m15_adx_min,require_m15_adx_rising,require_ema50_slope,use_h1_bias,session,min_hold_minutes,partial_pct,trail_type,regime,use_atr_expansion,atr_ma_period,atr_expansion_ratio_min,use_bb_width,bb_length,use_donchian,donchian_n,chop_max,high_vol_day_only,profit_pct,final_balance,total_trades,trades_per_day,winrate,profit_factor,max_drawdown_pct,avg_win,avg_loss,expectancy,negative_months,signal_candidates,passes_robust_filter
50/200,8,8,50,0.002,0.005,2.0,fixed,20,True,False,False,all,0,0.5,prev_candle,donchian_20,False,50,1.0,False,20,True,20,0.0,False,13.787127009768438,1137.8712700976844,121,0.33060109289617484,44.62809917355372,1.379700129822273,-3.3857605592487614,9.277350745450715,-5.419487614278413,1.1394319842783875,4,253,True
50/200,8,8,50,0.002,0.005,1.5,fixed,20,True,False,False,all,0,0.5,prev_candle,chop_lt_45,False,50,1.0,False,20,False,20,45.0,False,12.991153717187103,1129.911537171871,213,0.5819672131147541,49.29577464788733,1.2329736272398768,-4.389738505285394,6.547951416311929,-5.16317927352667,0.6099133200557378,3,1014,True
50/200,8,8,50,0.002,0.005,1.5,fixed,20,True,False,False,all,0,0.5,prev_candle,atr_50_1.2_plus_chop50,True,50,1.2,False,20,False,20,50.0,False,11.282763942126758,1112.8276394212676,195,0.5327868852459017,49.23076923076923,1.2203146563604756,-4.968800066315342,6.509875858864408,-5.172933767976936,0.5786032790834182,3,935,True
50/200,8,8,50,0.002,0.005,2.0,fixed,20,True,False,False,all,0,0.5,prev_candle,atr_expansion_50_1.3,True,50,1.3,False,20,False,20,0.0,False,11.86285653475618,1118.6285653475618,189,0.5163934426229508,41.7989417989418,1.210857144002244,-9.84309366619077,8.623166575557319,-5.114559946558783,0.6276643669183175,4,1095,True
50/200,8,8,50,0.002,0.005,1.5,be_1_2,20,True,False,False,14_20,0,0.5,prev_candle,atr_bb_donchian,True,50,1.1,True,20,True,20,0.0,False,10.859330378989625,1108.5933037898963,7,0.01912568306010929,14.285714285714285,17.85666188074312,-0.6442159459456889,115.03546324935326,-1.0736932432428217,15.513329112842332,2,84,False
50/200,8,8,50,0.002,0.005,2.0,be_1_2,20,True,False,False,14_20,0,0.5,prev_candle,atr_bb_donchian,True,50,1.1,True,20,True,20,0.0,False,10.859330378989625,1108.5933037898963,7,0.01912568306010929,14.285714285714285,17.85666188074312,-0.6442159459456889,115.03546324935326,-1.0736932432428217,15.513329112842332,2,84,False
50/200,8,8,50,0.002,0.005,1.5,be_1_2,20,True,False,False,all,0,0.5,prev_candle,donchian_100_high_vol,False,50,1.0,False,20,True,100,0.0,True,20.61237273519698,1206.1237273519698,9,0.02459016393442623,11.11111111111111,12.69646546652322,-1.762273636783027,223.7464637198,-2.202842045978785,22.90263637244108,2,114,False
50/200,8,8,50,0.002,0.005,2.0,be_1_2,20,True,False,False,all,0,0.5,prev_candle,donchian_100_high_vol,False,50,1.0,False,20,True,100,0.0,True,20.61237273519698,1206.1237273519698,9,0.02459016393442623,11.11111111111111,12.69646546652322,-1.762273636783027,223.7464637198,-2.202842045978785,22.90263637244108,2,114,False
50/200,8,8,50,0.002,0.005,1.5,be_1_2,20,True,False,False,14_20,0,0.5,prev_candle,donchian_100,False,50,1.0,False,20,True,100,0.0,False,11.082159602476576,1110.8215960247658,8,0.02185792349726776,12.5,10.55345846404272,-1.1600154691819171,122.42175071658487,-1.6571649559741803,13.8526995030957,2,109,False
50/200,8,8,50,0.002,0.005,2.0,be_1_2,20,True,False,False,14_20,0,0.5,prev_candle,donchian_100,False,50,1.0,False,20,True,100,0.0,False,11.082159602476576,1110.8215960247658,8,0.02185792349726776,12.5,10.55345846404272,-1.1600154691819171,122.42175071658487,-1.6571649559741803,13.8526995030957,2,109,False
50/200,8,8,50,0.002,0.005,1.5,be_1_2,20,True,False,False,all,0,0.5,prev_candle,donchian_50,False,50,1.0,False,20,True,50,0.0,False,20.023317983708218,1200.2331798370822,10,0.0273224043715847,10.0,9.930793627461895,-2.242053597805375,222.65371581513588,-2.4911706642281892,20.023317983708218,1,219,False
50/200,8,8,50,0.002,0.005,2.0,be_1_2,20,True,False,False,all,0,0.5,prev_candle,donchian_50,False,50,1.0,False,20,True,50,0.0,False,20.023317983708218,1200.2331798370822,10,0.0273224043715847,10.0,9.930793627461895,-2.242053597805375,222.65371581513588,-2.4911706642281892,20.023317983708218,1,219,False
50/200,8,8,50,0.002,0.005,1.5,be_1_2,20,True,False,False,all,0,0.5,prev_candle,donchian_100,False,50,1.0,False,20,True,100,0.0,False,20.023317983708218,1200.2331798370822,10,0.0273224043715847,10.0,9.930793627461895,-2.242053597805375,222.65371581513588,-2.4911706642281892,20.023317983708218,1,203,False
50/200,8,8,50,0.002,0.005,2.0,be_1_2,20,True,False,False,all,0,0.5,prev_candle,donchian_100,False,50,1.0,False,20,True,100,0.0,False,20.023317983708218,1200.2331798370822,10,0.0273224043715847,10.0,9.930793627461895,-2.242053597805375,222.65371581513588,-2.4911706642281892,20.023317983708218,1,203,False
50/200,8,8,50,0.002,0.005,1.5,be_1_2,20,True,False,False,all,0,0.5,prev_candle,donchian_50_high_vol,False,50,1.0,False,20,True,50,0.0,True,20.00931087152096,1200.0931087152096,10,0.0273224043715847,10.0,9.879363613201287,-2.253462268599128,222.62773140120098,-2.5038469651101254,20.009310871520984,2,128,False
50/200,8,8,50,0.002,0.005,2.0,be_1_2,20,True,False,False,all,0,0.5,prev_candle,donchian_50_high_vol,False,50,1.0,False,20,True,50,0.0,True,20.00931087152096,1200.0931087152096,10,0.0273224043715847,10.0,9.879363613201287,-2.253462268599128,222.62773140120098,-2.5038469651101254,20.009310871520984,2,128,False
50/200,8,8,50,0.002,0.005,1.5,be_1_2,20,True,False,False,14_20,0,0.5,prev_candle,donchian_50,False,50,1.0,False,20,True,50,0.0,False,10.251396731287127,1102.5139673128713,9,0.02459016393442623,11.11111111111111,9.621385013572363,-1.1890661088848902,114.40462840172026,-1.4863326361061309,11.390440812541247,2,115,False
50/200,8,8,50,0.002,0.005,2.0,be_1_2,20,True,False,False,14_20,0,0.5,prev_candle,donchian_50,False,50,1.0,False,20,True,50,0.0,False,10.251396731287127,1102.5139673128713,9,0.02459016393442623,11.11111111111111,9.621385013572363,-1.1890661088848902,114.40462840172026,-1.4863326361061309,11.390440812541247,2,115,False
50/200,8,8,50,0.002,0.005,1.5,be_1_2,20,True,False,False,14_20,0,0.5,prev_candle,atr_50_1.1_plus_donchian20,True,50,1.1,False,20,True,20,0.0,False,10.24074603575507,1102.4074603575507,9,0.02459016393442623,11.11111111111111,9.543840159597165,-1.1986116130990239,114.39357648854102,-1.4982645163737927,11.37860670639452,2,97,False
50/200,8,8,50,0.002,0.005,2.0,be_1_2,20,True,False,False,14_20,0,0.5,prev_candle,atr_50_1.1_plus_donchian20,True,50,1.1,False,20,True,20,0.0,False,10.24074603575507,1102.4074603575507,9,0.02459016393442623,11.11111111111111,9.543840159597165,-1.1986116130990239,114.39357648854102,-1.4982645163737927,11.37860670639452,2,97,False
50/200,8,8,50,0.002,0.005,1.5,be_1_2,20,True,False,False,14_20,0,0.5,prev_candle,donchian20_plus_chop50,False,50,1.0,False,20,True,20,50.0,False,10.24074603575507,1102.4074603575507,9,0.02459016393442623,11.11111111111111,9.543840159597165,-1.1986116130990239,114.39357648854102,-1.4982645163737927,11.37860670639452,3,109,False
50/200,8,8,50,0.002,0.005,2.0,be_1_2,20,True,False,False,14_20,0,0.5,prev_candle,donchian20_plus_chop50,False,50,1.0,False,20,True,20,50.0,False,10.24074603575507,1102.4074603575507,9,0.02459016393442623,11.11111111111111,9.543840159597165,-1.1986116130990239,114.39357648854102,-1.4982645163737927,11.37860670639452,3,109,False
50/200,8,8,50,0.002,0.005,1.5,be_1_2,20,True,False,False,all,0,0.5,prev_candle,donchian_20,False,50,1.0,False,20,True,20,0.0,False,19.423201393789668,1194.2320139378967,11,0.030054644808743168,9.090909090909092,8.112528639677015,-2.7308433298163437,221.54044723606023,-2.730843329816343,17.65745581253607,1,253,False
50/200,8,8,50,0.002,0.005,2.0,be_1_2,20,True,False,False,all,0,0.5,prev_candle,donchian_20,False,50,1.0,False,20,True,20,0.0,False,19.423201393789668,1194.2320139378967,11,0.030054644808743168,9.090909090909092,8.112528639677015,-2.7308433298163437,221.54044723606023,-2.730843329816343,17.65745581253607,1,253,False
50/200,8,8,50,0.002,0.005,1.5,be_1_2,20,True,False,False,all,0,0.5,prev_candle,donchian20_plus_chop50,False,50,1.0,False,20,True,20,50.0,False,19.423201393789668,1194.2320139378967,11,0.030054644808743168,9.090909090909092,8.112528639677015,-2.7308433298163437,221.54044723606023,-2.730843329816343,17.65745581253607,1,224,False
50/200,8,8,50,0.002,0.005,2.0,be_1_2,20,True,False,False,all,0,0.5,prev_candle,donchian20_plus_chop50,False,50,1.0,False,20,True,20,50.0,False,19.423201393789668,1194.2320139378967,11,0.030054644808743168,9.090909090909092,8.112528639677015,-2.7308433298163437,221.54044723606023,-2.730843329816343,17.65745581253607,1,224,False
50/200,8,8,50,0.002,0.005,1.5,be_1_2,20,True,False,False,14_20,0,0.5,prev_candle,atr_50_1.2_plus_chop50,True,50,1.2,False,20,False,20,50.0,False,19.33623771962566,1193.3623771962566,13,0.03551912568306011,7.6923076923076925,7.901671777654829,-2.801674484467617,221.37912204093288,-2.3347287370563348,14.874029015096681,5,428,False
50/200,8,8,50,0.002,0.005,2.0,be_1_2,20,True,False,False,14_20,0,0.5,prev_candle,atr_50_1.2_plus_chop50,True,50,1.2,False,20,False,20,50.0,False,19.33623771962566,1193.3623771962566,13,0.03551912568306011,7.6923076923076925,7.901671777654829,-2.801674484467617,221.37912204093288,-2.3347287370563348,14.874029015096681,5,428,False
50/200,8,8,50,0.002,0.005,1.5,be_1_2,20,True,False,False,14_20,0,0.5,prev_candle,atr_expansion_50_1.3_high_vol,True,50,1.3,False,20,False,20,0.0,True,19.20590173247583,1192.0590173247583,15,0.040983606557377046,6.666666666666667,7.604886962615608,-2.907832010022787,221.13733742498607,-2.0770228643019886,12.803934488317216,5,294,False
50/200,8,8,50,0.002,0.005,2.0,be_1_2,20,True,False,False,14_20,0,0.5,prev_candle,atr_expansion_50_1.3_high_vol,True,50,1.3,False,20,False,20,0.0,True,19.20590173247583,1192.0590173247583,15,0.040983606557377046,6.666666666666667,7.604886962615608,-2.907832010022787,221.13733742498607,-2.0770228643019886,12.803934488317216,5,294,False
50/200,8,8,50,0.002,0.005,1.5,be_1_2,20,True,False,False,all,0,0.5,prev_candle,donchian20_plus_chop50_high_vol,False,50,1.0,False,20,True,20,50.0,True,18.92578079196369,1189.257807919637,11,0.030054644808743168,9.090909090909092,7.035029579752143,-3.135988074600459,220.6176886656415,-3.1359880746004523,17.205255265421545,2,137,False
50/200,8,8,50,0.002,0.005,2.0,be_1_2,20,True,False,False,all,0,0.5,prev_candle,donchian20_plus_chop50_high_vol,False,50,1.0,False,20,True,20,50.0,True,18.92578079196369,1189.257807919637,11,0.030054644808743168,9.090909090909092,7.035029579752143,-3.135988074600459,220.6176886656415,-3.1359880746004523,17.205255265421545,2,137,False
50/200,8,8,50,0.002,0.005,1.5,be_1_2,20,True,False,False,14_20,0,0.5,prev_candle,atr_50_1.1_plus_bb20,True,50,1.1,True,20,False,20,0.0,False,18.865623637355974,1188.6562363735598,12,0.03278688524590164,8.333333333333332,6.923299595908264,-3.1849855527125785,220.50609190068542,-2.8954414115568747,15.721353031129985,4,315,False
50/200,8,8,50,0.002,0.005,2.0,be_1_2,20,True,False,False,14_20,0,0.5,prev_candle,atr_50_1.1_plus_bb20,True,50,1.1,True,20,False,20,0.0,False,18.865623637355974,1188.6562363735598,12,0.03278688524590164,8.333333333333332,6.923299595908264,-3.1849855527125785,220.50609190068542,-2.8954414115568747,15.721353031129985,4,315,False
50/200,8,8,50,0.002,0.005,1.5,be_1_2,20,True,False,False,all,0,0.5,prev_candle,donchian_20_high_vol,False,50,1.0,False,20,True,20,0.0,True,18.812217995577566,1188.1221799557757,12,0.03278688524590164,8.333333333333332,6.826951007880161,-3.2284839824698452,220.407019780474,-2.934985438608942,15.676848329647969,2,155,False
50/200,8,8,50,0.002,0.005,2.0,be_1_2,20,True,False,False,all,0,0.5,prev_candle,donchian_20_high_vol,False,50,1.0,False,20,True,20,0.0,True,18.812217995577566,1188.1221799557757,12,0.03278688524590164,8.333333333333332,6.826951007880161,-3.2284839824698452,220.407019780474,-2.934985438608942,15.676848329647969,2,155,False
50/200,8,8,50,0.002,0.005,1.5,be_1_2,20,True,False,False,14_20,0,0.5,prev_candle,chop_lt_45_high_vol,False,50,1.0,False,20,False,20,45.0,True,13.670902561390493,1136.709025613905,14,0.03825136612021858,7.142857142857142,6.72583929679825,-2.387580554179192,160.5848311556969,-1.836600426291679,9.764930400993219,4,249,False
50/200,8,8,50,0.002,0.005,2.0,be_1_2,20,True,False,False,14_20,0,0.5,prev_candle,chop_lt_45_high_vol,False,50,1.0,False,20,False,20,45.0,True,13.670902561390493,1136.709025613905,14,0.03825136612021858,7.142857142857142,6.72583929679825,-2.387580554179192,160.5848311556969,-1.836600426291679,9.764930400993219,4,249,False
50/200,8,8,50,0.002,0.005,1.5,be_1_2,20,True,False,False,14_20,0,0.5,prev_candle,donchian_20,False,50,1.0,False,20,True,20,0.0,False,9.68954230557631,1096.895423055763,10,0.0273224043715847,10.0,6.724587076492432,-1.6926185550335278,113.8216086060983,-1.880687283370599,9.68954230557629,3,129,False
50/200,8,8,50,0.002,0.005,2.0,be_1_2,20,True,False,False,14_20,0,0.5,prev_candle,donchian_20,False,50,1.0,False,20,True,20,0.0,False,9.68954230557631,1096.895423055763,10,0.0273224043715847,10.0,6.724587076492432,-1.6926185550335278,113.8216086060983,-1.880687283370599,9.68954230557629,3,129,False
50/200,8,8,50,0.002,0.005,1.5,be_1_2,20,True,False,False,14_20,0,0.5,prev_candle,atr_50_1.2_plus_chop50_high_vol,True,50,1.2,False,20,False,20,50.0,True,18.70594533310891,1187.0594533310891,15,0.040983606557377046,6.666666666666667,6.642747375218262,-3.3150421398025514,220.20987472911474,-2.3678872427161237,12.4706302220726,5,235,False
50/200,8,8,50,0.002,0.005,2.0,be_1_2,20,True,False,False,14_20,0,0.5,prev_candle,atr_50_1.2_plus_chop50_high_vol,True,50,1.2,False,20,False,20,50.0,True,18.70594533310891,1187.0594533310891,15,0.040983606557377046,6.666666666666667,6.642747375218262,-3.3150421398025514,220.20987472911474,-2.3678872427161237,12.4706302220726,5,235,False
50/200,8,8,50,0.002,0.005,1.5,be_1_2,20,True,False,False,14_20,0,0.5,prev_candle,atr_expansion_50_1.2_high_vol,True,50,1.2,False,20,False,20,0.0,True,18.609872223813454,1186.0987222381345,16,0.04371584699453552,6.25,6.4843106818686,-3.39329284997267,220.0316507378612,-2.2621952333151127,11.631170139883407,5,338,False
50/200,8,8,50,0.002,0.005,2.0,be_1_2,20,True,False,False,14_20,0,0.5,prev_candle,atr_expansion_50_1.2_high_vol,True,50,1.2,False,20,False,20,0.0,True,18.609872223813454,1186.0987222381345,16,0.04371584699453552,6.25,6.4843106818686,-3.39329284997267,220.0316507378612,-2.2621952333151127,11.631170139883407,5,338,False
50/200,8,8,50,0.002,0.005,1.5,be_1_2,20,True,False,False,all,0,0.5,prev_candle,atr_50_1.1_plus_donchian20,True,50,1.1,False,20,True,20,0.0,False,9.556824767686317,1095.5682476768632,11,0.030054644808743168,9.090909090909092,6.275454103694834,-1.8115643847593903,113.68389152445715,-1.811564384759389,8.688022516078478,4,187,False
50/200,8,8,50,0.002,0.005,2.0,be_1_2,20,True,False,False,all,0,0.5,prev_candle,atr_50_1.1_plus_donchian20,True,50,1.1,False,20,True,20,0.0,False,9.556824767686317,1095.5682476768632,11,0.030054644808743168,9.090909090909092,6.275454103694834,-1.8115643847593903,113.68389152445715,-1.811564384759389,8.688022516078478,4,187,False
50/200,8,8,50,0.002,0.005,1.5,be_1_2,20,True,False,False,all,0,0.5,prev_candle,atr_bb_donchian,True,50,1.1,True,20,True,20,0.0,False,9.556824767686317,1095.5682476768632,11,0.030054644808743168,9.090909090909092,6.275454103694834,-1.8115643847593903,113.68389152445715,-1.811564384759389,8.688022516078478,4,168,False
50/200,8,8,50,0.002,0.005,2.0,be_1_2,20,True,False,False,all,0,0.5,prev_candle,atr_bb_donchian,True,50,1.1,True,20,True,20,0.0,False,9.556824767686317,1095.5682476768632,11,0.030054644808743168,9.090909090909092,6.275454103694834,-1.8115643847593903,113.68389152445715,-1.811564384759389,8.688022516078478,4,168,False
50/200,8,8,50,0.002,0.005,1.5,be_1_2,20,True,False,False,14_20,0,0.5,prev_candle,chop_lt_45,False,50,1.0,False,20,False,20,45.0,False,18.147244141492365,1181.4724414149237,15,0.040983606557377046,6.666666666666667,5.8134657100738725,-3.7700993908636176,219.17343532355974,-2.692928136331148,12.098162760994912,5,454,False
50/200,8,8,50,0.002,0.005,2.0,be_1_2,20,True,False,False,14_20,0,0.5,prev_candle,chop_lt_45,False,50,1.0,False,20,False,20,45.0,False,18.147244141492365,1181.4724414149237,15,0.040983606557377046,6.666666666666667,5.8134657100738725,-3.7700993908636176,219.17343532355974,-2.692928136331148,12.098162760994912,5,454,False
50/200,8,8,50,0.002,0.005,1.5,be_1_2,20,True,False,False,14_20,0,0.5,prev_candle,atr_expansion_50_1.2,True,50,1.2,False,20,False,20,0.0,False,18.14191116874813,1181.4191116874813,15,0.040983606557377046,6.666666666666667,5.806513418043524,-3.7744430506828395,219.16354219430957,-2.6960307504877323,12.094607445832088,5,591,False
50/200,8,8,50,0.002,0.005,2.0,be_1_2,20,True,False,False,14_20,0,0.5,prev_candle,atr_expansion_50_1.2,True,50,1.2,False,20,False,20,0.0,False,18.14191116874813,1181.4191116874813,15,0.040983606557377046,6.666666666666667,5.806513418043524,-3.7744430506828395,219.16354219430957,-2.6960307504877323,12.094607445832088,5,591,False
50/200,8,8,50,0.002,0.005,1.5,be_1_2,20,True,False,False,14_20,0,0.5,prev_candle,atr_expansion_50_1.3,True,50,1.3,False,20,False,20,0.0,False,18.14191116874813,1181.4191116874813,15,0.040983606557377046,6.666666666666667,5.806513418043524,-3.7744430506828395,219.16354219430957,-2.6960307504877323,12.094607445832088,5,520,False
50/200,8,8,50,0.002,0.005,2.0,be_1_2,20,True,False,False,14_20,0,0.5,prev_candle,atr_expansion_50_1.3,True,50,1.3,False,20,False,20,0.0,False,18.14191116874813,1181.4191116874813,15,0.040983606557377046,6.666666666666667,5.806513418043524,-3.7744430506828395,219.16354219430957,-2.6960307504877323,12.094607445832088,5,520,False
50/200,8,8,50,0.002,0.005,1.5,be_1_2,20,True,False,False,14_20,0,0.5,prev_candle,atr_expansion_50_1.1_high_vol,True,50,1.1,False,20,False,20,0.0,True,18.01682286269438,1180.1682286269438,17,0.04644808743169399,5.88235294117647,5.647911726178042,-3.8763263857228143,218.93149248417183,-2.422703991076754,10.598131095702575,5,391,False
50/200,8,8,50,0.002,0.005,2.0,be_1_2,20,True,False,False,14_20,0,0.5,prev_candle,atr_expansion_50_1.1_high_vol,True,50,1.1,False,20,False,20,0.0,True,18.01682286269438,1180.1682286269438,17,0.04644808743169399,5.88235294117647,5.647911726178042,-3.8763263857228143,218.93149248417183,-2.422703991076754,10.598131095702575,5,391,False
50/200,8,8,50,0.002,0.005,1.5,be_1_2,20,True,False,False,14_20,0,0.5,prev_candle,bb20_plus_chop50,False,50,1.0,True,20,False,20,50.0,False,17.683871184916484,1176.8387118491648,14,0.03825136612021858,7.142857142857142,5.263729319800289,-4.147512625342927,218.3138381025942,-3.1903943271868647,12.63133656065464,4,353,False
50/200,8,8,50,0.002,0.005,2.0,be_1_2,20,True,False,False,14_20,0,0.5,prev_candle,bb20_plus_chop50,False,50,1.0,True,20,False,20,50.0,False,17.683871184916484,1176.8387118491648,14,0.03825136612021858,7.142857142857142,5.263729319800289,-4.147512625342927,218.3138381025942,-3.1903943271868647,12.63133656065464,4,353,False
50/200,8,8,50,0.002,0.005,1.5,be_1_2,20,True,False,False,14_20,0,0.5,prev_candle,atr_50_1.1_plus_bb20_high_vol,True,50,1.1,True,20,False,20,0.0,True,17.61885069187506,1176.1885069187506,16,0.04371584699453552,6.25,5.194493818031877,-4.200471250221574,218.19321942096622,-2.800314166814386,11.011781682421901,5,195,False
50/200,8,8,50,0.002,0.005,2.0,be_1_2,20,True,False,False,14_20,0,0.5,prev_candle,atr_50_1.1_plus_bb20_high_vol,True,50,1.1,True,20,False,20,0.0,True,17.61885069187506,1176.1885069187506,16,0.04371584699453552,6.25,5.194493818031877,-4.200471250221574,218.19321942096622,-2.800314166814386,11.011781682421901,5,195,False
50/200,8,8,50,0.002,0.005,1.5,be_1_2,20,True,False,False,14_20,0,0.5,prev_candle,chop_lt_50,False,50,1.0,False,20,False,20,50.0,False,17.55512945463056,1175.5512945463056,16,0.04371584699453552,6.25,5.128314956965841,-4.252371642577623,218.0750109720817,-2.834914428385075,10.9719559091441,5,640,False
50/200,8,8,50,0.002,0.005,2.0,be_1_2,20,True,False,False,14_20,0,0.5,prev_candle,chop_lt_50,False,50,1.0,False,20,False,20,50.0,False,17.55512945463056,1175.5512945463056,16,0.04371584699453552,6.25,5.128314956965841,-4.252371642577623,218.0750109720817,-2.834914428385075,10.9719559091441,5,640,False
50/200,8,8,50,0.002,0.005,1.5,be_1_2,20,True,False,False,14_20,0,0.5,prev_candle,atr_expansion_50_1.1,True,50,1.1,False,20,False,20,0.0,False,17.551201612904404,1175.512016129044,16,0.04371584699453552,6.25,5.1242884425241595,-4.25557083542941,218.06772448333808,-2.837047223619607,10.969501008065249,5,664,False
50/200,8,8,50,0.002,0.005,2.0,be_1_2,20,True,False,False,14_20,0,0.5,prev_candle,atr_expansion_50_1.1,True,50,1.1,False,20,False,20,0.0,False,17.551201612904404,1175.512016129044,16,0.04371584699453552,6.25,5.1242884425241595,-4.25557083542941,218.06772448333808,-2.837047223619607,10.969501008065249,5,664,False
50/200,8,8,50,0.002,0.005,1.5,be_1_2,20,True,False,False,14_20,0,0.5,prev_candle,atr_expansion_100_1.3,True,100,1.3,False,20,False,20,0.0,False,17.551201612904404,1175.512016129044,16,0.04371584699453552,6.25,5.1242884425241595,-4.25557083542941,218.06772448333808,-2.837047223619607,10.969501008065249,5,756,False
50/200,8,8,50,0.002,0.005,2.0,be_1_2,20,True,False,False,14_20,0,0.5,prev_candle,atr_expansion_100_1.3,True,100,1.3,False,20,False,20,0.0,False,17.551201612904404,1175.512016129044,16,0.04371584699453552,6.25,5.1242884425241595,-4.25557083542941,218.06772448333808,-2.837047223619607,10.969501008065249,5,756,False
50/200,8,8,50,0.002,0.005,1.5,be_1_2,20,True,False,False,14_20,0,0.5,prev_candle,atr_bb_donchian_high_vol,True,50,1.1,True,20,True,20,0.0,True,9.081131516841447,1090.8113151684145,11,0.030054644808743168,9.090909090909092,5.057887456247607,-2.237896347484946,113.19027864326387,-2.2378963474849347,8.255574106219502,3,56,False
50/200,8,8,50,0.002,0.005,2.0,be_1_2,20,True,False,False,14_20,0,0.5,prev_candle,atr_bb_donchian_high_vol,True,50,1.1,True,20,True,20,0.0,True,9.081131516841447,1090.8113151684145,11,0.030054644808743168,9.090909090909092,5.057887456247607,-2.237896347484946,113.19027864326387,-2.2378963474849347,8.255574106219502,3,56,False
50/200,8,8,50,0.002,0.005,1.5,be_1_2,20,True,False,False,14_20,0,0.5,prev_candle,atr_expansion_100_1.3_high_vol,True,100,1.3,False,20,False,20,0.0,True,17.42673874838092,1174.2673874838092,18,0.04918032786885246,5.555555555555555,4.999761239388001,-4.3569447537941866,217.83683502175103,-2.5629086787024664,9.681521526878283,5,433,False
50/200,8,8,50,0.002,0.005,2.0,be_1_2,20,True,False,False,14_20,0,0.5,prev_candle,atr_expansion_100_1.3_high_vol,True,100,1.3,False,20,False,20,0.0,True,17.42673874838092,1174.2673874838092,18,0.04918032786885246,5.555555555555555,4.999761239388001,-4.3569447537941866,217.83683502175103,-2.5629086787024664,9.681521526878283,5,433,False
50/200,8,8,50,0.002,0.005,1.5,be_1_2,20,True,False,False,14_20,0,0.5,prev_candle,bb_width_20,False,50,1.0,True,20,False,20,0.0,False,17.09153934636547,1170.9153934636547,15,0.040983606557377046,6.666666666666667,4.691507681252196,-4.629961745215144,217.21501091580623,-3.307115532296524,11.39435956424366,5,444,False
50/200,8,8,50,0.002,0.005,2.0,be_1_2,20,True,False,False,14_20,0,0.5,prev_candle,bb_width_20,False,50,1.0,True,20,False,20,0.0,False,17.09153934636547,1170.9153934636547,15,0.040983606557377046,6.666666666666667,4.691507681252196,-4.629961745215144,217.21501091580623,-3.307115532296524,11.39435956424366,5,444,False
50/200,8,8,50,0.002,0.005,1.5,be_1_2,20,True,False,False,14_20,0,0.5,prev_candle,chop_lt_55,False,50,1.0,False,20,False,20,55.0,False,16.967353807357405,1169.673538073574,17,0.04644808743169399,5.88235294117647,4.586336944331914,-4.7311097843647305,216.9846359172213,-2.956943615227953,9.980796357269062,5,809,False
50/200,8,8,50,0.002,0.005,2.0,be_1_2,20,True,False,False,14_20,0,0.5,prev_candle,chop_lt_55,False,50,1.0,False,20,False,20,55.0,False,16.967353807357405,1169.673538073574,17,0.04644808743169399,5.88235294117647,4.586336944331914,-4.7311097843647305,216.9846359172213,-2.956943615227953,9.980796357269062,5,809,False
50/200,8,8,50,0.002,0.005,1.5,be_1_2,20,True,False,False,14_20,0,0.5,prev_candle,bb_width_50,False,50,1.0,True,50,False,20,0.0,False,16.963445604839876,1169.6344560483988,17,0.04644808743169399,5.88235294117647,4.5831000894990845,-4.7342929812522705,216.97738586092137,-2.958933113282665,9.97849741461169,5,711,False
50/200,8,8,50,0.002,0.005,2.0,be_1_2,20,True,False,False,14_20,0,0.5,prev_candle,bb_width_50,False,50,1.0,True,50,False,20,0.0,False,16.963445604839876,1169.6344560483988,17,0.04644808743169399,5.88235294117647,4.5831000894990845,-4.7342929812522705,216.97738586092137,-2.958933113282665,9.97849741461169,5,711,False
50/200,8,8,50,0.002,0.005,1.5,be_1_2,20,True,False,False,14_20,0,0.5,prev_candle,atr_expansion_100_1.1,True,100,1.1,False,20,False,20,0.0,False,16.9634456048399,1169.634456048399,17,0.04644808743169399,5.88235294117647,4.583100089499084,-4.734292981252247,216.9773858609214,-2.9589331132826655,9.978497414611692,5,857,False
50/200,8,8,50,0.002,0.005,2.0,be_1_2,20,True,False,False,14_20,0,0.5,prev_candle,atr_expansion_100_1.1,True,100,1.1,False,20,False,20,0.0,False,16.9634456048399,1169.634456048399,17,0.04644808743169399,5.88235294117647,4.583100089499084,-4.734292981252247,216.9773858609214,-2.9589331132826655,9.978497414611692,5,857,False
50/200,8,8,50,0.002,0.005,1.5,be_1_2,20,True,False,False,14_20,0,0.5,prev_candle,atr_expansion_100_1.2,True,100,1.2,False,20,False,20,0.0,False,16.9634456048399,1169.634456048399,17,0.04644808743169399,5.88235294117647,4.583100089499084,-4.734292981252247,216.9773858609214,-2.9589331132826655,9.978497414611692,5,814,False
50/200,8,8,50,0.002,0.005,2.0,be_1_2,20,True,False,False,14_20,0,0.5,prev_candle,atr_expansion_100_1.2,True,100,1.2,False,20,False,20,0.0,False,16.9634456048399,1169.634456048399,17,0.04644808743169399,5.88235294117647,4.583100089499084,-4.734292981252247,216.9773858609214,-2.9589331132826655,9.978497414611692,5,814,False
50/200,8,8,50,0.002,0.005,1.5,be_1_2,20,True,False,False,14_20,0,0.5,prev_candle,bb20_plus_chop50_high_vol,False,50,1.0,True,20,False,20,50.0,True,16.95033605257238,1169.5033605257238,18,0.04918032786885246,5.555555555555555,4.572274201691882,-4.744970597314307,216.95306649886686,-2.7911591748907636,9.416853362540216,5,198,False
50/200,8,8,50,0.002,0.005,2.0,be_1_2,20,True,False,False,14_20,0,0.5,prev_candle,bb20_plus_chop50_high_vol,False,50,1.0,True,20,False,20,50.0,True,16.95033605257238,1169.5033605257238,18,0.04918032786885246,5.555555555555555,4.572274201691882,-4.744970597314307,216.95306649886686,-2.7911591748907636,9.416853362540216,5,198,False
50/200,8,8,50,0.002,0.005,1.5,be_1_2,20,True,False,False,14_20,0,0.5,prev_candle,donchian_100_high_vol,False,50,1.0,False,20,True,100,0.0,True,9.364125842892372,1093.6412584289237,11,0.030054644808743168,9.090909090909092,4.48276087165754,-2.6887076626756086,120.52833505567972,-2.6887076626755984,8.512841675356704,2,57,False
50/200,8,8,50,0.002,0.005,2.0,be_1_2,20,True,False,False,14_20,0,0.5,prev_candle,donchian_100_high_vol,False,50,1.0,False,20,True,100,0.0,True,9.364125842892372,1093.6412584289237,11,0.030054644808743168,9.090909090909092,4.48276087165754,-2.6887076626756086,120.52833505567972,-2.6887076626755984,8.512841675356704,2,57,False
50/200,8,8,50,0.002,0.005,1.5,be_1_2,20,True,False,False,14_20,0,0.5,prev_candle,chop_lt_50_high_vol,False,50,1.0,False,20,False,20,50.0,True,16.8183095926378,1168.183095926378,20,0.0546448087431694,5.0,4.46590257996872,-4.8525049982188655,216.70814590856673,-2.553949999062553,8.409154796318912,5,343,False
50/200,8,8,50,0.002,0.005,2.0,be_1_2,20,True,False,False,14_20,0,0.5,prev_candle,chop_lt_50_high_vol,False,50,1.0,False,20,False,20,50.0,True,16.8183095926378,1168.183095926378,20,0.0546448087431694,5.0,4.46590257996872,-4.8525049982188655,216.70814590856673,-2.553949999062553,8.409154796318912,5,343,False
50/200,8,8,50,0.002,0.005,1.5,be_1_2,20,True,False,False,14_20,0,0.5,prev_candle,donchian_50_high_vol,False,50,1.0,False,20,True,50,0.0,True,8.546211827576986,1085.4621182757699,12,0.03278688524590164,8.333333333333332,4.145101216596346,-2.7173089954878495,112.63520823064842,-2.4702809049889463,7.1218431896475005,2,62,False
50/200,8,8,50,0.002,0.005,2.0,be_1_2,20,True,False,False,14_20,0,0.5,prev_candle,donchian_50_high_vol,False,50,1.0,False,20,True,50,0.0,True,8.546211827576986,1085.4621182757699,12,0.03278688524590164,8.333333333333332,4.145101216596346,-2.7173089954878495,112.63520823064842,-2.4702809049889463,7.1218431896475005,2,62,False
50/200,8,8,50,0.002,0.005,1.5,be_1_2,20,True,False,False,14_20,0,0.5,prev_candle,baseline,False,50,1.0,False,20,False,20,0.0,False,16.378628376815687,1163.7862837681569,18,0.04918032786885246,5.555555555555555,4.143315691887239,-5.210621516345998,215.89249893161679,-3.0650714802035317,9.09923798711982,5,1009,False
50/200,8,8,50,0.002,0.005,2.0,be_1_2,20,True,False,False,14_20,0,0.5,prev_candle,baseline,False,50,1.0,False,20,False,20,0.0,False,16.378628376815687,1163.7862837681569,18,0.04918032786885246,5.555555555555555,4.143315691887239,-5.210621516345998,215.89249893161679,-3.0650714802035317,9.09923798711982,5,1009,False
50/200,8,8,50,0.002,0.005,1.5,be_1_2,20,True,False,False,14_20,0,0.5,prev_candle,atr_50_1.1_plus_donchian20_high_vol,True,50,1.1,False,20,True,20,0.0,True,8.53572585925724,1085.3572585925724,12,0.03278688524590164,8.333333333333332,4.130415655045937,-2.7267068657475195,112.62432725004754,-2.478824423406827,7.113104882714371,3,60,False
50/200,8,8,50,0.002,0.005,2.0,be_1_2,20,True,False,False,14_20,0,0.5,prev_candle,atr_50_1.1_plus_donchian20_high_vol,True,50,1.1,False,20,True,20,0.0,True,8.53572585925724,1085.3572585925724,12,0.03278688524590164,8.333333333333332,4.130415655045937,-2.7267068657475195,112.62432725004754,-2.478824423406827,7.113104882714371,3,60,False
50/200,8,8,50,0.002,0.005,1.5,be_1_2,20,True,False,False,14_20,0,0.5,prev_candle,bb_width_50_high_vol,False,50,1.0,True,50,False,20,0.0,True,16.25828880195152,1162.5828880195152,20,0.0546448087431694,5.0,4.062610731357568,-5.308637051220899,215.66925853172418,-2.794019500642578,8.12914440097576,5,400,False
50/200,8,8,50,0.002,0.005,2.0,be_1_2,20,True,False,False,14_20,0,0.5,prev_candle,bb_width_50_high_vol,False,50,1.0,True,50,False,20,0.0,True,16.25828880195152,1162.5828880195152,20,0.0546448087431694,5.0,4.062610731357568,-5.308637051220899,215.66925853172418,-2.794019500642578,8.12914440097576,5,400,False
50/200,8,8,50,0.002,0.005,1.5,be_1_2,20,True,False,False,14_20,0,0.5,prev_candle,atr_expansion_100_1.2_high_vol,True,100,1.2,False,20,False,20,0.0,True,16.175519442767243,1161.7551944276724,21,0.05737704918032787,4.761904761904762,4.008810094168105,-5.37605197287786,215.51571415645108,-2.688025986438929,7.702628306079643,5,466,False
50/200,8,8,50,0.002,0.005,2.0,be_1_2,20,True,False,False,14_20,0,0.5,prev_candle,atr_expansion_100_1.2_high_vol,True,100,1.2,False,20,False,20,0.0,True,16.175519442767243,1161.7551944276724,21,0.05737704918032787,4.761904761904762,4.008810094168105,-5.37605197287786,215.51571415645108,-2.688025986438929,7.702628306079643,5,466,False
50/200,8,8,50,0.002,0.005,1.5,be_1_2,20,True,False,False,14_20,0,0.5,prev_candle,atr_expansion_100_1.1_high_vol,True,100,1.1,False,20,False,20,0.0,True,15.594641845553427,1155.9464184555343,22,0.060109289617486336,4.545454545454546,3.66612823331171,-5.849171713013459,214.43813558566887,-2.785319863339746,7.088473566160647,5,487,False
50/200,8,8,50,0.002,0.005,2.0,be_1_2,20,True,False,False,14_20,0,0.5,prev_candle,atr_expansion_100_1.1_high_vol,True,100,1.1,False,20,False,20,0.0,True,15.594641845553427,1155.9464184555343,22,0.060109289617486336,4.545454545454546,3.66612823331171,-5.849171713013459,214.43813558566887,-2.785319863339746,7.088473566160647,5,487,False
50/200,8,8,50,0.002,0.005,1.5,be_1_2,20,True,False,False,14_20,0,0.5,prev_candle,donchian20_plus_chop50_high_vol,False,50,1.0,False,20,True,20,50.0,True,7.99304722996094,1079.9304722996094,13,0.03551912568306011,7.6923076923076925,3.4876641164089244,-3.2130733314187863,112.06120561379731,-2.6775611095156435,6.148497869200738,2,63,False
50/200,8,8,50,0.002,0.005,2.0,be_1_2,20,True,False,False,14_20,0,0.5,prev_candle,donchian20_plus_chop50_high_vol,False,50,1.0,False,20,True,20,50.0,True,7.99304722996094,1079.9304722996094,13,0.03551912568306011,7.6923076923076925,3.4876641164089244,-3.2130733314187863,112.06120561379731,-2.6775611095156435,6.148497869200738,2,63,False
50/200,8,8,50,0.002,0.005,1.5,be_1_2,20,True,False,False,14_20,0,0.5,prev_candle,bb_width_20_high_vol,False,50,1.0,True,20,False,20,0.0,True,15.196611224899947,1151.9661122489995,21,0.05737704918032787,4.761904761904762,3.46164178412146,-6.173364184392699,213.6997540929265,-3.086682092196347,7.236481535666645,5,258,False
50/200,8,8,50,0.002,0.005,2.0,be_1_2,20,True,False,False,14_20,0,0.5,prev_candle,bb_width_20_high_vol,False,50,1.0,True,20,False,20,0.0,True,15.196611224899947,1151.9661122489995,21,0.05737704918032787,4.761904761904762,3.46164178412146,-6.173364184392699,213.6997540929265,-3.086682092196347,7.236481535666645,5,258,False
50/200,8,8,50,0.002,0.005,1.5,be_1_2,20,True,False,False,all,0,0.5,prev_candle,chop_lt_50_high_vol,False,50,1.0,False,20,False,20,50.0,True,15.147038033846707,1151.470380338467,21,0.05737704918032787,4.761904761904762,3.4376680247875973,-6.213741116437075,213.6077915028378,-3.1068705582185467,7.212875254212709,2,760,False
50/200,8,8,50,0.002,0.005,2.0,be_1_2,20,True,False,False,all,0,0.5,prev_candle,chop_lt_50_high_vol,False,50,1.0,False,20,False,20,50.0,True,15.147038033846707,1151.470380338467,21,0.05737704918032787,4.761904761904762,3.4376680247875973,-6.213741116437075,213.6077915028378,-3.1068705582185467,7.212875254212709,2,760,False
50/200,8,8,50,0.002,0.005,1.5,be_1_2,20,True,False,False,14_20,0,0.5,prev_candle,high_vol_day,False,50,1.0,False,20,False,20,0.0,True,15.016668636325653,1150.1666863632565,23,0.06284153005464481,4.3478260869565215,3.3760830399229893,-6.3199258544484,213.3659449077405,-2.872693570203818,6.528986363619848,5,551,False
50/200,8,8,50,0.002,0.005,2.0,be_1_2,20,True,False,False,14_20,0,0.5,prev_candle,high_vol_day,False,50,1.0,False,20,False,20,0.0,True,15.016668636325653,1150.1666863632565,23,0.06284153005464481,4.3478260869565215,3.3760830399229893,-6.3199258544484,213.3659449077405,-2.872693570203818,6.528986363619848,5,551,False
50/200,8,8,50,0.002,0.005,1.5,be_1_2,20,True,False,False,14_20,0,0.5,prev_candle,baseline_high_vol,False,50,1.0,False,20,False,20,0.0,True,15.016668636325653,1150.1666863632565,23,0.06284153005464481,4.3478260869565215,3.3760830399229893,-6.3199258544484,213.3659449077405,-2.872693570203818,6.528986363619848,5,551,False
50/200,8,8,50,0.002,0.005,2.0,be_1_2,20,True,False,False,14_20,0,0.5,prev_candle,baseline_high_vol,False,50,1.0,False,20,False,20,0.0,True,15.016668636325653,1150.1666863632565,23,0.06284153005464481,4.3478260869565215,3.3760830399229893,-6.3199258544484,213.3659449077405,-2.872693570203818,6.528986363619848,5,551,False
50/200,8,8,50,0.002,0.005,1.5,be_1_2,20,True,False,False,14_20,0,0.5,prev_candle,high_vol_day_high_vol,False,50,1.0,False,20,False,20,0.0,True,15.016668636325653,1150.1666863632565,23,0.06284153005464481,4.3478260869565215,3.3760830399229893,-6.3199258544484,213.3659449077405,-2.872693570203818,6.528986363619848,5,551,False
50/200,8,8,50,0.002,0.005,2.0,be_1_2,20,True,False,False,14_20,0,0.5,prev_candle,high_vol_day_high_vol,False,50,1.0,False,20,False,20,0.0,True,15.016668636325653,1150.1666863632565,23,0.06284153005464481,4.3478260869565215,3.3760830399229893,-6.3199258544484,213.3659449077405,-2.872693570203818,6.528986363619848,5,551,False
50/200,8,8,50,0.002,0.005,1.5,be_1_2,20,True,False,False,all,0,0.5,prev_candle,bb20_plus_chop50_high_vol,False,50,1.0,True,20,False,20,50.0,True,14.717461387576577,1147.1746138757658,20,0.0546448087431694,5.0,3.2422755212447356,-6.563627550733202,212.8108893830978,-3.454540816175366,7.358730693788291,2,428,False
50/200,8,8,50,0.002,0.005,2.0,be_1_2,20,True,False,False,all,0,0.5,prev_candle,bb20_plus_chop50_high_vol,False,50,1.0,True,20,False,20,50.0,True,14.717461387576577,1147.1746138757658,20,0.0546448087431694,5.0,3.2422755212447356,-6.563627550733202,212.8108893830978,-3.454540816175366,7.358730693788291,2,428,False
50/200,8,8,50,0.002,0.005,1.5,be_1_2,20,True,False,False,14_20,0,0.5,prev_candle,chop_lt_55_high_vol,False,50,1.0,False,20,False,20,55.0,True,14.401405499456018,1144.0140549945602,25,0.06830601092896176,4.0,3.1113172616630016,-6.821052316937232,212.22457816393245,-2.842105132057183,5.760562199782402,5,434,False
50/200,8,8,50,0.002,0.005,2.0,be_1_2,20,True,False,False,14_20,0,0.5,prev_candle,chop_lt_55_high_vol,False,50,1.0,False,20,False,20,55.0,True,14.401405499456018,1144.0140549945602,25,0.06830601092896176,4.0,3.1113172616630016,-6.821052316937232,212.22457816393245,-2.842105132057183,5.760562199782402,5,434,False
50/200,8,8,50,0.002,0.005,1.5,be_1_2,20,True,False,False,14_20,0,0.5,prev_candle,donchian_20_high_vol,False,50,1.0,False,20,True,20,0.0,True,7.453081993811134,1074.5308199381113,14,0.03825136612021858,7.142857142857142,3.0159767208647614,-3.6970079647616902,111.50089958572832,-2.8438522805859066,5.323629995579395,3,73,False
50/200,8,8,50,0.002,0.005,2.0,be_1_2,20,True,False,False,14_20,0,0.5,prev_candle,donchian_20_high_vol,False,50,1.0,False,20,True,20,0.0,True,7.453081993811134,1074.5308199381113,14,0.03825136612021858,7.142857142857142,3.0159767208647614,-3.6970079647616902,111.50089958572832,-2.8438522805859066,5.323629995579395,3,73,False
50/200,8,8,50,0.002,0.005,1.5,be_1_2,20,True,False,False,all,0,0.5,prev_candle,chop_lt_45_high_vol,False,50,1.0,False,20,False,20,45.0,True,14.060731412369002,1140.60731412369,22,0.060109289617486336,4.545454545454546,2.980795262993168,-7.098528391632897,211.59259804001894,-3.380251615063291,6.391241551076811,2,549,False
50/200,8,8,50,0.002,0.005,2.0,be_1_2,20,True,False,False,all,0,0.5,prev_candle,chop_lt_45_high_vol,False,50,1.0,False,20,False,20,45.0,True,14.060731412369002,1140.60731412369,22,0.060109289617486336,4.545454545454546,2.980795262993168,-7.098528391632897,211.59259804001894,-3.380251615063291,6.391241551076811,2,549,False
50/200,8,8,50,0.002,0.005,1.5,be_1_2,20,True,False,False,all,0,0.5,prev_candle,bb_width_50_high_vol,False,50,1.0,True,50,False,20,0.0,True,13.95711678439475,1139.5711678439475,22,0.060109289617486336,4.545454545454546,2.9430974686531566,-7.1829216030367435,211.4003838743149,-3.420438858588922,6.344143992906706,2,855,False
50/200,8,8,50,0.002,0.005,2.0,be_1_2,20,True,False,False,all,0,0.5,prev_candle,bb_width_50_high_vol,False,50,1.0,True,50,False,20,0.0,True,13.95711678439475,1139.5711678439475,22,0.060109289617486336,4.545454545454546,2.9430974686531566,-7.1829216030367435,211.4003838743149,-3.420438858588922,6.344143992906706,2,855,False
50/200,8,8,50,0.002,0.005,1.5,be_1_2,20,True,False,False,all,0,0.5,prev_candle,chop_lt_55_high_vol,False,50,1.0,False,20,False,20,55.0,True,13.828427126689757,1138.2842712668976,24,0.06557377049180328,4.166666666666666,2.897492299085802,-7.287738207608106,211.1616533429786,-3.1685818293948302,5.76184463612073,2,961,False
50/200,8,8,50,0.002,0.005,2.0,be_1_2,20,True,False,False,all,0,0.5,prev_candle,chop_lt_55_high_vol,False,50,1.0,False,20,False,20,55.0,True,13.828427126689757,1138.2842712668976,24,0.06557377049180328,4.166666666666666,2.897492299085802,-7.287738207608106,211.1616533429786,-3.1685818293948302,5.76184463612073,2,961,False
50/200,8,8,50,0.002,0.005,1.5,be_1_2,20,True,False,False,all,0,0.5,prev_candle,atr_bb_donchian_high_vol,True,50,1.1,True,20,True,20,0.0,True,7.2649020452576,1072.649020452576,16,0.04371584699453552,6.25,2.879342751781915,-3.8656610340872137,111.3056307934481,-2.5771073560581446,4.540563778285996,4,107,False
50/200,8,8,50,0.002,0.005,2.0,be_1_2,20,True,False,False,all,0,0.5,prev_candle,atr_bb_donchian_high_vol,True,50,1.1,True,20,True,20,0.0,True,7.2649020452576,1072.649020452576,16,0.04371584699453552,6.25,2.879342751781915,-3.8656610340872137,111.3056307934481,-2.5771073560581446,4.540563778285996,4,107,False
50/200,8,8,50,0.002,0.005,1.5,be_1_2,20,True,False,False,all,0,0.5,prev_candle,atr_50_1.1_plus_donchian20_high_vol,True,50,1.1,False,20,True,20,0.0,True,7.2649020452576,1072.649020452576,16,0.04371584699453552,6.25,2.879342751781915,-3.8656610340872137,111.3056307934481,-2.5771073560581446,4.540563778285996,5,114,False
50/200,8,8,50,0.002,0.005,2.0,be_1_2,20,True,False,False,all,0,0.5,prev_candle,atr_50_1.1_plus_donchian20_high_vol,True,50,1.1,False,20,True,20,0.0,True,7.2649020452576,1072.649020452576,16,0.04371584699453552,6.25,2.879342751781915,-3.8656610340872137,111.3056307934481,-2.5771073560581446,4.540563778285996,5,114,False
50/200,8,8,50,0.002,0.005,1.5,be_1_2,20,True,False,False,all,0,0.5,prev_candle,bb_width_20_high_vol,False,50,1.0,True,20,False,20,0.0,True,13.403769794549703,1134.037697945497,23,0.06284153005464481,4.3478260869565215,2.755886915500836,-7.633617903420883,210.37387697970595,-3.469826319736775,5.827725997630301,2,540,False
50/200,8,8,50,0.002,0.005,2.0,be_1_2,20,True,False,False,all,0,0.5,prev_candle,bb_width_20_high_vol,False,50,1.0,True,20,False,20,0.0,True,13.403769794549703,1134.037697945497,23,0.06284153005464481,4.3478260869565215,2.755886915500836,-7.633617903420883,210.37387697970595,-3.469826319736775,5.827725997630301,2,540,False
50/200,8,8,50,0.002,0.005,1.5,be_1_2,20,True,False,False,all,0,0.5,prev_candle,high_vol_day,False,50,1.0,False,20,False,20,0.0,True,12.187517449323035,1121.8751744932304,26,0.07103825136612021,3.8461538461538463,2.4131692314178723,-8.624244838033315,208.11762287356342,-3.449697935213315,4.687506711278098,2,1230,False
50/200,8,8,50,0.002,0.005,2.0,be_1_2,20,True,False,False,all,0,0.5,prev_candle,high_vol_day,False,50,1.0,False,20,False,20,0.0,True,12.187517449323035,1121.8751744932304,26,0.07103825136612021,3.8461538461538463,2.4131692314178723,-8.624244838033315,208.11762287356342,-3.449697935213315,4.687506711278098,2,1230,False
50/200,8,8,50,0.002,0.005,1.5,be_1_2,20,True,False,False,all,0,0.5,prev_candle,baseline_high_vol,False,50,1.0,False,20,False,20,0.0,True,12.187517449323035,1121.8751744932304,26,0.07103825136612021,3.8461538461538463,2.4131692314178723,-8.624244838033315,208.11762287356342,-3.449697935213315,4.687506711278098,2,1230,False
50/200,8,8,50,0.002,0.005,2.0,be_1_2,20,True,False,False,all,0,0.5,prev_candle,baseline_high_vol,False,50,1.0,False,20,False,20,0.0,True,12.187517449323035,1121.8751744932304,26,0.07103825136612021,3.8461538461538463,2.4131692314178723,-8.624244838033315,208.11762287356342,-3.449697935213315,4.687506711278098,2,1230,False
50/200,8,8,50,0.002,0.005,1.5,be_1_2,20,True,False,False,all,0,0.5,prev_candle,high_vol_day_high_vol,False,50,1.0,False,20,False,20,0.0,True,12.187517449323035,1121.8751744932304,26,0.07103825136612021,3.8461538461538463,2.4131692314178723,-8.624244838033315,208.11762287356342,-3.449697935213315,4.687506711278098,2,1230,False
50/200,8,8,50,0.002,0.005,2.0,be_1_2,20,True,False,False,all,0,0.5,prev_candle,high_vol_day_high_vol,False,50,1.0,False,20,False,20,0.0,True,12.187517449323035,1121.8751744932304,26,0.07103825136612021,3.8461538461538463,2.4131692314178723,-8.624244838033315,208.11762287356342,-3.449697935213315,4.687506711278098,2,1230,False
50/200,8,8,50,0.002,0.005,1.5,be_1_2,20,True,False,False,all,0,0.5,prev_candle,atr_50_1.2_plus_chop50_high_vol,True,50,1.2,False,20,False,20,50.0,True,11.977751557790771,1119.7775155779077,32,0.08743169398907104,3.125,2.361866857242497,-8.795097328415249,207.72848886206015,-2.837128170456533,3.743047361809613,5,485,False
50/200,8,8,50,0.002,0.005,2.0,be_1_2,20,True,False,False,all,0,0.5,prev_candle,atr_50_1.2_plus_chop50_high_vol,True,50,1.2,False,20,False,20,50.0,True,11.977751557790771,1119.7775155779077,32,0.08743169398907104,3.125,2.361866857242497,-8.795097328415249,207.72848886206015,-2.837128170456533,3.743047361809613,5,485,False
50/200,8,8,50,0.002,0.005,1.5,be_1_2,20,True,False,False,all,0,0.5,prev_candle,atr_50_1.1_plus_bb20_high_vol,True,50,1.1,True,20,False,20,0.0,True,11.446811572481442,1114.4681157248144,31,0.08469945355191257,3.225806451612903,2.2405047775865454,-9.227543318899336,206.74354891380773,-3.075847772966446,3.6925198620907858,5,380,False
50/200,8,8,50,0.002,0.005,2.0,be_1_2,20,True,False,False,all,0,0.5,prev_candle,atr_50_1.1_plus_bb20_high_vol,True,50,1.1,True,20,False,20,0.0,True,11.446811572481442,1114.4681157248144,31,0.08469945355191257,3.225806451612903,2.2405047775865454,-9.227543318899336,206.74354891380773,-3.075847772966446,3.6925198620907858,5,380,False
50/200,8,8,50,0.002,0.005,1.5,be_1_2,20,True,False,False,all,0,0.5,prev_candle,atr_expansion_100_1.3_high_vol,True,100,1.3,False,20,False,20,0.0,True,9.63889130625812,1096.3889130625812,36,0.09836065573770492,2.7777777777777777,1.9008243443887194,-10.700078618322493,203.38969924580613,-3.0571653195207134,2.6774698072939214,5,727,False
50/200,8,8,50,0.002,0.005,2.0,be_1_2,20,True,False,False,all,0,0.5,prev_candle,atr_expansion_100_1.3_high_vol,True,100,1.3,False,20,False,20,0.0,True,9.63889130625812,1096.3889130625812,36,0.09836065573770492,2.7777777777777777,1.9008243443887194,-10.700078618322493,203.38969924580613,-3.0571653195207134,2.6774698072939214,5,727,False
50/200,8,8,50,0.002,0.005,1.5,be_1_2,20,True,False,False,all,0,0.5,prev_candle,atr_expansion_50_1.3_high_vol,True,50,1.3,False,20,False,20,0.0,True,9.638891306258074,1096.3889130625807,36,0.09836065573770492,2.7777777777777777,1.9008243443887194,-10.700078618322527,203.38969924580607,-3.0571653195207125,2.6774698072939205,5,586,False
50/200,8,8,50,0.002,0.005,2.0,be_1_2,20,True,False,False,all,0,0.5,prev_candle,atr_expansion_50_1.3_high_vol,True,50,1.3,False,20,False,20,0.0,True,9.638891306258074,1096.3889130625807,36,0.09836065573770492,2.7777777777777777,1.9008243443887194,-10.700078618322527,203.38969924580607,-3.0571653195207125,2.6774698072939205,5,586,False
50/200,8,8,50,0.002,0.005,2.0,fixed,20,True,False,False,14_20,0,0.5,prev_candle,atr_bb_donchian_high_vol,True,50,1.1,True,20,True,20,0.0,True,6.219197839211984,1062.1919783921198,29,0.07923497267759563,51.724137931034484,1.8551627503396217,-1.9850499375000088,8.994486070023306,-5.194665189873523,2.144550979038631,3,56,False
50/200,8,8,50,0.002,0.005,1.5,be_1_2,20,True,False,False,all,0,0.5,prev_candle,atr_expansion_50_1.1_high_vol,True,50,1.1,False,20,False,20,0.0,True,9.061882429958837,1090.6188242995884,38,0.10382513661202186,2.631578947368421,1.811266252610338,-11.170047318992077,202.31929748950913,-3.0189317078356934,2.384705902620749,5,827,False
50/200,8,8,50,0.002,0.005,2.0,be_1_2,20,True,False,False,all,0,0.5,prev_candle,atr_expansion_50_1.1_high_vol,True,50,1.1,False,20,False,20,0.0,True,9.061882429958837,1090.6188242995884,38,0.10382513661202186,2.631578947368421,1.811266252610338,-11.170047318992077,202.31929748950913,-3.0189317078356934,2.384705902620749,5,827,False
50/200,8,8,50,0.002,0.005,1.5,be_1_2,20,True,False,False,all,0,0.5,prev_candle,atr_expansion_50_1.2_high_vol,True,50,1.2,False,20,False,20,0.0,True,9.061882429958837,1090.6188242995884,38,0.10382513661202186,2.631578947368421,1.811266252610338,-11.170047318992077,202.31929748950913,-3.0189317078356934,2.384705902620749,5,689,False
50/200,8,8,50,0.002,0.005,2.0,be_1_2,20,True,False,False,all,0,0.5,prev_candle,atr_expansion_50_1.2_high_vol,True,50,1.2,False,20,False,20,0.0,True,9.061882429958837,1090.6188242995884,38,0.10382513661202186,2.631578947368421,1.811266252610338,-11.170047318992077,202.31929748950913,-3.0189317078356934,2.384705902620749,5,689,False
50/200,8,8,50,0.002,0.005,2.0,fixed,20,True,False,False,14_20,0,0.5,prev_candle,chop_lt_45_high_vol,False,50,1.0,False,20,False,20,45.0,True,10.681529767025632,1106.8152976702563,57,0.1557377049180328,49.122807017543856,1.7087717301944327,-1.988678968148893,9.197146135025122,-5.196717038291259,1.8739525907062615,2,249,False
50/200,8,8,50,0.002,0.005,2.0,fixed,20,True,False,False,14_20,0,0.5,prev_candle,atr_50_1.2_plus_chop50_high_vol,True,50,1.2,False,20,False,20,50.0,True,9.431192504272076,1094.3119250427208,51,0.13934426229508196,49.01960784313725,1.6947387180921791,-2.4751246878125013,9.202542871750458,-5.221217182732344,1.8492534322102059,4,235,False
50/200,8,8,50,0.002,0.005,2.0,fixed,20,True,False,False,14_20,0,0.5,prev_candle,atr_expansion_100_1.3_high_vol,True,100,1.3,False,20,False,20,0.0,True,13.41112138490646,1134.1112138490646,73,0.1994535519125683,49.31506849315068,1.677910846778241,-3.0651877409146935,9.220593823139673,-5.346761183350364,1.8371399157406136,4,433,False
50/200,8,8,50,0.002,0.005,1.5,be_1_2,20,True,False,False,all,0,0.5,prev_candle,atr_expansion_100_1.1_high_vol,True,100,1.1,False,20,False,20,0.0,True,7.462504562907521,1074.6250456290752,40,0.1092896174863388,2.5,1.598305789197468,-12.472726651897062,199.35231214804574,-3.198135038947956,1.8656261407268862,5,934,False
50/200,8,8,50,0.002,0.005,2.0,be_1_2,20,True,False,False,all,0,0.5,prev_candle,atr_expansion_100_1.1_high_vol,True,100,1.1,False,20,False,20,0.0,True,7.462504562907521,1074.6250456290752,40,0.1092896174863388,2.5,1.598305789197468,-12.472726651897062,199.35231214804574,-3.198135038947956,1.8656261407268862,5,934,False
50/200,8,8,50,0.002,0.005,1.5,be_1_2,20,True,False,False,all,0,0.5,prev_candle,atr_expansion_100_1.2_high_vol,True,100,1.2,False,20,False,20,0.0,True,7.462504562907521,1074.6250456290752,40,0.1092896174863388,2.5,1.598305789197468,-12.472726651897062,199.35231214804574,-3.198135038947956,1.8656261407268862,5,830,False
50/200,8,8,50,0.002,0.005,2.0,be_1_2,20,True,False,False,all,0,0.5,prev_candle,atr_expansion_100_1.2_high_vol,True,100,1.2,False,20,False,20,0.0,True,7.462504562907521,1074.6250456290752,40,0.1092896174863388,2.5,1.598305789197468,-12.472726651897062,199.35231214804574,-3.198135038947956,1.8656261407268862,5,830,False
50/200,8,8,50,0.002,0.005,2.0,fixed,20,True,False,False,14_20,0,0.5,prev_candle,atr_expansion_50_1.3_high_vol,True,50,1.3,False,20,False,20,0.0,True,9.478149055375344,1094.7814905537534,61,0.16666666666666666,47.540983606557376,1.5567603580121414,-2.962749064373439,9.138585825835296,-5.319921824858445,1.5537949271107105,4,294,False
50/200,8,8,50,0.002,0.005,2.0,fixed,20,True,False,False,all,0,0.5,prev_candle,donchian20_plus_chop50,False,50,1.0,False,20,True,20,50.0,False,16.535787346051347,1165.3578734605135,106,0.2896174863387978,47.16981132075472,1.5483620830637523,-3.4479353190515973,9.33813147589736,-5.384798220256326,1.559979938306733,3,224,False
50/200,8,8,50,0.002,0.005,2.0,fixed,20,True,False,False,14_20,0,0.5,prev_candle,atr_bb_donchian,True,50,1.1,True,20,True,20,0.0,False,6.695192333362934,1066.9519233336293,45,0.12295081967213115,46.666666666666664,1.5381295515356361,-2.4222121133428534,9.112757992916903,-5.1839997715677155,1.4878205185251066,5,84,False
50/200,8,8,50,0.002,0.005,2.0,fixed,20,True,False,False,14_20,0,0.5,prev_candle,atr_50_1.1_plus_donchian20_high_vol,True,50,1.1,False,20,True,20,0.0,True,4.633863034062051,1046.3386303406205,32,0.08743169398907104,46.875,1.5280890951812882,-1.9850499375000177,8.939092078118732,-5.1616324018329625,1.448082198144394,2,60,False
50/200,8,8,50,0.002,0.005,2.0,fixed,20,True,False,False,all,0,0.5,prev_candle,donchian20_plus_chop50_high_vol,False,50,1.0,False,20,True,20,50.0,True,9.350971063026464,1093.5097106302646,64,0.17486338797814208,46.875,1.5262317110672712,-2.4751246878125013,9.040218257161634,-5.226377561311337,1.461089228597868,6,137,False
50/200,8,8,50,0.002,0.005,1.5,fixed,20,True,False,False,14_20,0,0.5,prev_candle,atr_expansion_100_1.3_high_vol,True,100,1.3,False,20,False,20,0.0,True,9.824221347057073,1098.2422134705707,79,0.21584699453551912,54.43037974683544,1.5228327332525708,-2.7100165187691228,6.654556501360673,-5.219547669109375,1.2435723224122968,4,433,False
50/200,8,8,50,0.002,0.005,2.0,fixed,20,True,False,False,all,0,0.5,prev_candle,atr_bb_donchian,True,50,1.1,True,20,True,20,0.0,False,13.182453827832502,1131.824538278325,90,0.2459016393442623,46.666666666666664,1.5140906468393427,-2.962749064373453,9.243983094376938,-5.342140660114701,1.4647170919813972,6,168,False
50/200,8,8,50,0.002,0.005,1.5,fixed,20,True,False,False,14_20,0,0.5,prev_candle,atr_50_1.2_plus_chop50_high_vol,True,50,1.2,False,20,False,20,50.0,True,6.440449287630917,1064.4044928763092,54,0.14754098360655737,53.70370370370371,1.4964259818110879,-1.9850499375000028,6.694511680991382,-5.189453834897631,1.1926757940057275,4,235,False
50/200,8,8,50,0.002,0.005,2.0,fixed,20,True,False,False,all,0,0.5,prev_candle,donchian_20_high_vol,False,50,1.0,False,20,True,20,0.0,True,9.995521350461058,1099.9552135046106,73,0.1994535519125683,46.57534246575342,1.4837634393778751,-2.9627490643734307,9.016918753177396,-5.297949335985155,1.3692495000631568,5,155,False
50/200,8,8,50,0.002,0.005,2.0,fixed,20,True,False,False,14_20,0,0.5,prev_candle,atr_expansion_100_1.2_high_vol,True,100,1.2,False,20,False,20,0.0,True,10.92467246538356,1109.2467246538356,80,0.2185792349726776,46.25,1.4817373208034137,-3.5270320495162566,9.081709959477799,-5.273873112717272,1.3655840581729481,5,466,False
50/200,8,8,50,0.002,0.005,2.0,fixed,20,True,False,False,14_20,0,0.5,prev_candle,atr_expansion_50_1.2_high_vol,True,50,1.2,False,20,False,20,0.0,True,9.08813276322751,1090.881327632275,67,0.1830601092896175,46.26865671641791,1.475354663932012,-3.4479353190515662,9.098957646969401,-5.310732206216029,1.356437725854842,5,338,False
50/200,8,8,50,0.002,0.005,2.0,fixed,20,True,False,False,14_20,0,0.5,prev_candle,atr_50_1.1_plus_bb20_high_vol,True,50,1.1,True,20,False,20,0.0,True,7.5068704599293365,1075.0687045992934,57,0.1557377049180328,45.614035087719294,1.4654180560576282,-3.930695642456308,9.090837278348939,-5.203002085089666,1.316994817531452,5,195,False
50/200,8,8,50,0.002,0.005,1.5,fixed,20,True,False,False,14_20,0,0.5,prev_candle,atr_expansion_50_1.3_high_vol,True,50,1.3,False,20,False,20,0.0,True,6.901335267255081,1069.0133526725508,66,0.18032786885245902,53.03030303030303,1.4228535702875627,-2.9627490643734355,6.634913843030562,-5.264794575274779,1.045656858675023,3,294,False
50/200,8,8,50,0.002,0.005,2.0,fixed,20,True,False,False,14_20,0,0.5,prev_candle,bb20_plus_chop50_high_vol,False,50,1.0,True,20,False,20,50.0,True,7.703658452027821,1077.0365845202782,65,0.17759562841530055,44.61538461538462,1.4130024174259523,-4.456862650100921,9.088439760300272,-5.181338014678627,1.1851782233888812,4,198,False
50/200,8,8,50,0.002,0.005,2.0,fixed,20,True,False,False,14_20,0,0.5,prev_candle,chop_lt_50_high_vol,False,50,1.0,False,20,False,20,50.0,True,8.422035914843036,1084.2203591484304,74,0.20218579234972678,44.5945945945946,1.3935930348150976,-3.3031488694672135,9.03632228593184,-5.218982348471237,1.13811296146527,3,343,False
50/200,8,8,50,0.002,0.005,1.5,fixed,20,True,False,False,all,0,0.5,prev_candle,donchian20_plus_chop50_high_vol,False,50,1.0,False,20,True,20,50.0,True,6.55205534870056,1065.5205534870056,69,0.1885245901639344,52.17391304347826,1.3899501673521322,-2.7212447110909905,6.487317832790141,-5.091602681619383,0.9495732389421077,5,137,False
50/200,8,8,50,0.002,0.005,1.5,fixed,20,True,False,False,14_20,0,0.5,prev_candle,atr_bb_donchian_high_vol,True,50,1.1,True,20,True,20,0.0,True,2.862529202472024,1028.6252920247202,31,0.08469945355191257,51.61290322580645,1.3747118976922936,-1.9850499375000028,6.563630912784301,-5.0928535053219015,0.9233965169264612,3,56,False
50/200,8,8,50,0.002,0.005,1.5,fixed,20,True,False,False,14_20,0,0.5,prev_candle,atr_expansion_50_1.2_high_vol,True,50,1.2,False,20,False,20,0.0,True,6.665741364037831,1066.6574136403783,71,0.19398907103825136,52.112676056338024,1.3746964960174692,-3.447935319051582,6.6095809894545265,-5.232267146159986,0.9388368118363094,3,338,False
50/200,8,8,50,0.002,0.005,2.0,fixed,20,True,False,False,all,0,0.5,prev_candle,atr_50_1.1_plus_donchian20,True,50,1.1,False,20,True,20,0.0,False,10.726707802193483,1107.2670780219348,97,0.2650273224043716,44.329896907216494,1.3737002074084979,-3.1659500015720057,9.169942656657856,-5.315564003969517,1.1058461651745763,5,187,False
50/200,8,8,50,0.002,0.005,2.0,fixed,20,True,False,False,all,0,0.5,prev_candle,atr_bb_donchian_high_vol,True,50,1.1,True,20,True,20,0.0,True,5.804344471316745,1058.0434447131674,54,0.14754098360655737,44.44444444444444,1.3703830407682362,-2.6363873493759074,8.948141012984644,-5.223731319948805,1.074878605799395,7,107,False
50/200,8,8,50,0.002,0.005,2.0,fixed,20,True,False,False,14_20,0,0.5,prev_candle,atr_expansion_100_1.1_high_vol,True,100,1.1,False,20,False,20,0.0,True,8.722762323937355,1087.2276232393735,84,0.22950819672131148,44.047619047619044,1.3540146318783512,-4.009396889268655,9.016842009213244,-5.242458108542893,1.0384240861830245,5,487,False
50/200,8,8,50,0.002,0.005,1.5,fixed,20,True,False,False,14_20,0,0.5,prev_candle,chop_lt_45_high_vol,False,50,1.0,False,20,False,20,45.0,True,5.156443588223101,1051.564435882231,59,0.16120218579234974,50.847457627118644,1.3493036362065716,-2.672307552187307,6.639503440848691,-5.090367839421719,0.8739734895293372,3,249,False
50/200,8,8,50,0.002,0.005,2.0,fixed,20,True,False,False,14_20,0,0.5,prev_candle,donchian_100_high_vol,False,50,1.0,False,20,True,100,0.0,True,2.972765182016565,1029.7276518201656,30,0.08196721311475409,43.333333333333336,1.3424102280559795,-1.8243224901844657,8.965113186476357,-5.106989388472168,0.9909217273388592,3,57,False
50/200,8,8,50,0.002,0.005,2.0,fixed,20,True,False,False,14_20,0,0.5,prev_candle,atr_expansion_50_1.1_high_vol,True,50,1.1,False,20,False,20,0.0,True,7.34442482266279,1073.444248226628,73,0.1994535519125683,43.83561643835616,1.338590887172806,-3.9306956424563264,9.073616301769954,-5.290523742195383,1.006085592145587,6,391,False
50/200,8,8,50,0.002,0.005,1.5,fixed,20,True,False,False,14_20,0,0.5,prev_candle,atr_expansion_100_1.2_high_vol,True,100,1.2,False,20,False,20,0.0,True,7.186602510915872,1071.8660251091587,86,0.23497267759562843,51.162790697674424,1.3322102355216117,-3.0796340330589915,6.549840213405625,-5.150641530492599,0.835651454757655,5,466,False
50/200,8,8,50,0.002,0.005,1.5,fixed,20,True,False,False,all,0,0.5,prev_candle,donchian20_plus_chop50,False,50,1.0,False,20,True,20,50.0,False,8.89942899096086,1088.9942899096086,117,0.319672131147541,50.427350427350426,1.2973585669262608,-3.0271061035062345,6.5809667931685585,-5.160047429092021,0.7606349564923739,5,224,False
50/200,8,8,50,0.002,0.005,2.0,fixed,20,True,False,False,14_20,0,0.5,prev_candle,donchian_50_high_vol,False,50,1.0,False,20,True,50,0.0,True,2.7956752884662137,1027.9567528846621,33,0.09016393442622951,42.42424242424242,1.2878666162538577,-1.8243224901844657,8.933842150218936,-5.111423011494914,0.8471743298382345,3,62,False
50/200,8,8,50,0.002,0.005,2.0,fixed,20,True,False,False,14_20,0,0.5,prev_candle,atr_50_1.1_plus_donchian20,True,50,1.1,False,20,True,20,0.0,False,4.38020192923168,1043.8020192923168,52,0.14207650273224043,42.30769230769231,1.2840174176699937,-3.0574571451934878,9.001137414524457,-5.1407667942407045,0.8423465248522484,4,97,False
50/200,8,8,50,0.002,0.005,1.5,fixed,20,True,False,False,14_20,0,0.5,prev_candle,chop_lt_50_high_vol,False,50,1.0,False,20,False,20,50.0,True,5.606049338859907,1056.060493388599,80,0.2185792349726776,50.0,1.2706748346970493,-3.185855489937329,6.579357317177471,-5.17784498246249,0.7007561673574905,3,343,False
50/200,8,8,50,0.002,0.005,2.0,fixed,20,True,False,False,14_20,0,0.5,prev_candle,bb_width_20_high_vol,False,50,1.0,True,20,False,20,0.0,True,6.20421556024096,1062.0421556024096,78,0.21311475409836064,42.30769230769231,1.2653603031992298,-4.411042164244028,8.965018491065063,-5.195632324505274,0.7954122513129454,4,258,False
50/200,8,8,50,0.002,0.005,2.0,fixed,20,True,False,False,14_20,0,0.5,prev_candle,chop_lt_55_high_vol,False,50,1.0,False,20,False,20,55.0,True,6.836734644071816,1068.3673464407182,87,0.23770491803278687,42.5287356321839,1.2650063043846416,-5.2226296523983065,8.820302582161451,-5.159676981985102,0.785831568284122,6,434,False
50/200,8,8,50,0.002,0.005,1.5,fixed,20,True,False,False,14_20,0,0.5,prev_candle,atr_50_1.2_plus_chop50,True,50,1.2,False,20,False,20,50.0,False,7.24024146140905,1072.4024146140905,107,0.2923497267759563,49.532710280373834,1.2599891545904651,-3.720976099255765,6.620468989106158,-5.1570822557136395,0.6766580805055123,5,428,False
50/200,8,8,50,0.002,0.005,2.0,fixed,20,True,False,False,14_20,0,0.5,prev_candle,high_vol_day,False,50,1.0,False,20,False,20,0.0,True,7.148325596194171,1071.4832559619417,94,0.2568306010928962,42.5531914893617,1.2529785830154139,-4.009396889268655,8.851242237279141,-5.232711732022659,0.7604601698078949,4,551,False
50/200,8,8,50,0.002,0.005,2.0,fixed,20,True,False,False,14_20,0,0.5,prev_candle,baseline_high_vol,False,50,1.0,False,20,False,20,0.0,True,7.148325596194171,1071.4832559619417,94,0.2568306010928962,42.5531914893617,1.2529785830154139,-4.009396889268655,8.851242237279141,-5.232711732022659,0.7604601698078949,4,551,False
50/200,8,8,50,0.002,0.005,2.0,fixed,20,True,False,False,14_20,0,0.5,prev_candle,high_vol_day_high_vol,False,50,1.0,False,20,False,20,0.0,True,7.148325596194171,1071.4832559619417,94,0.2568306010928962,42.5531914893617,1.2529785830154139,-4.009396889268655,8.851242237279141,-5.232711732022659,0.7604601698078949,4,551,False
50/200,8,8,50,0.002,0.005,2.0,fixed,20,True,False,False,14_20,0,0.5,prev_candle,donchian20_plus_chop50_high_vol,False,50,1.0,False,20,True,20,50.0,True,2.62630202366322,1026.2630202366322,36,0.09836065573770492,41.66666666666667,1.247139739344339,-2.8036248733448814,8.835394447746994,-5.060376022836772,0.7295283399064635,3,63,False
50/200,8,8,50,0.002,0.005,2.0,fixed,20,True,False,False,all,0,0.5,prev_candle,atr_50_1.1_plus_donchian20_high_vol,True,50,1.1,False,20,True,20,0.0,True,4.225201404539348,1042.2520140453935,57,0.1557377049180328,42.10526315789473,1.2464546507726988,-3.3114454569990524,8.903804960715581,-5.195130454902461,0.7412634043051353,7,114,False
50/200,8,8,50,0.002,0.005,1.5,fixed,20,True,False,False,14_20,0,0.5,prev_candle,chop_lt_45,False,50,1.0,False,20,False,20,45.0,False,7.194764924312266,1071.9476492431227,114,0.3114754098360656,49.122807017543856,1.2434678638341599,-4.735034234953616,6.561777533955316,-5.095032632040929,0.6311197302028404,5,454,False
50/200,8,8,50,0.002,0.005,1.5,fixed,20,True,False,False,14_20,0,0.5,prev_candle,atr_expansion_100_1.3,True,100,1.3,False,20,False,20,0.0,False,8.639211198418456,1086.3921119841846,140,0.3825136612021858,49.28571428571429,1.2394791750690322,-4.6190822341152,6.480320438002316,-5.080985890675701,0.6170865141727502,8,756,False
50/200,8,8,50,0.002,0.005,1.5,fixed,20,True,False,False,14_20,0,0.5,prev_candle,atr_expansion_50_1.1_high_vol,True,50,1.1,False,20,False,20,0.0,True,4.718212091192231,1047.1821209119223,77,0.2103825136612022,49.35064935064935,1.2322737194194366,-3.9306956424563104,6.5872018957854515,-5.2085013109724265,0.6127548170379546,4,391,False
50/200,8,8,50,0.002,0.005,1.5,fixed,20,True,False,False,14_20,0,0.5,prev_candle,donchian20_plus_chop50_high_vol,False,50,1.0,False,20,True,20,50.0,True,2.117301804899205,1021.173018048992,37,0.10109289617486339,48.64864864864865,1.221120532383494,-3.232818275266118,6.49590589888719,-5.039646743735662,0.5722437310538337,3,63,False
50/200,8,8,50,0.002,0.005,2.0,fixed,20,True,False,False,all,0,0.5,prev_candle,atr_expansion_100_1.3,True,100,1.3,False,20,False,20,0.0,False,12.969693343751738,1129.6969334375174,196,0.5355191256830601,41.83673469387755,1.2202700954907553,-10.293878197859838,8.762262984342843,-5.164987993671894,0.6617190481505982,3,1346,False
50/200,8,8,50,0.002,0.005,2.0,fixed,20,True,False,False,all,0,0.5,prev_candle,donchian_50,False,50,1.0,False,20,True,50,0.0,False,7.07738893531739,1070.773889353174,106,0.2896174863387978,41.509433962264154,1.2178638228016518,-3.3213952067321117,8.991538251842064,-5.239577318191555,0.6676782014450416,4,219,False
50/200,8,8,50,0.002,0.005,2.0,fixed,20,True,False,False,all,0,0.5,prev_candle,donchian_50_high_vol,False,50,1.0,False,20,True,50,0.0,True,3.9001965739010074,1039.00196573901,60,0.16393442622950818,41.66666666666667,1.2162216859716883,-2.790512685006661,8.775259764373397,-5.1537008105807205,0.6500327623168284,5,128,False
50/200,8,8,50,0.002,0.005,2.0,fixed,20,True,False,False,14_20,0,0.5,prev_candle,donchian20_plus_chop50,False,50,1.0,False,20,True,20,50.0,False,3.927667762321653,1039.2766776232165,61,0.16666666666666666,40.98360655737705,1.2149764969577126,-3.977160683362336,8.879154859459774,-5.07506094064661,0.6438799610363342,5,109,False
50/200,8,8,50,0.002,0.005,1.5,fixed,20,True,False,False,14_20,0,0.5,prev_candle,atr_expansion_100_1.1_high_vol,True,100,1.1,False,20,False,20,0.0,True,5.05889492476449,1050.588949247645,90,0.2459016393442623,48.888888888888886,1.214801058941791,-3.930695642456313,6.502370720012248,-5.119899183323775,0.5620994360849472,6,487,False
50/200,8,8,50,0.002,0.005,2.0,fixed,20,True,False,False,all,0,0.5,prev_candle,atr_50_1.2_plus_chop50,True,50,1.2,False,20,False,20,50.0,False,11.521021125637434,1115.2102112563744,178,0.48633879781420764,41.57303370786517,1.2141951087212968,-7.848522799638688,8.82547690996124,-5.1718757700072855,0.6472483778447985,5,935,False
50/200,8,8,50,0.002,0.005,2.0,fixed,20,True,False,False,all,0,0.5,prev_candle,chop_lt_55_high_vol,False,50,1.0,False,20,False,20,55.0,True,8.281817942469933,1082.8181794246993,134,0.366120218579235,41.7910447761194,1.2129439111598947,-9.25533368118473,8.423898870110424,-4.98615586283954,0.6180461151096982,5,961,False
50/200,8,8,50,0.002,0.005,1.5,fixed,20,True,False,False,14_20,0,0.5,prev_candle,bb20_plus_chop50_high_vol,False,50,1.0,True,20,False,20,50.0,True,3.6335715251405194,1036.3357152514052,66,0.18032786885245902,48.484848484848484,1.2101569729418915,-5.082261001638945,6.538552849742514,-5.08523458648104,0.5505411401728042,5,198,False
50/200,8,8,50,0.002,0.005,2.0,fixed,20,True,False,False,14_20,0,0.5,prev_candle,chop_lt_45,False,50,1.0,False,20,False,20,45.0,False,6.724672779021922,1067.2467277902192,108,0.29508196721311475,40.74074074074074,1.2053992106580462,-5.837719308562394,8.969136065453494,-5.115550923277118,0.6226548869464646,6,454,False
50/200,8,8,50,0.002,0.005,1.5,fixed,20,True,False,False,14_20,0,0.5,prev_candle,atr_expansion_50_1.3,True,50,1.3,False,20,False,20,0.0,False,6.500466520216515,1065.0046652021651,121,0.33060109289617484,48.760330578512395,1.203871644832993,-4.03246407658417,6.5060271742119244,-5.142757065747384,0.5372286380344279,6,520,False
50/200,8,8,50,0.002,0.005,2.0,fixed,20,True,False,False,14_20,0,0.5,prev_candle,bb_width_50_high_vol,False,50,1.0,True,50,False,20,0.0,True,4.3340555338604645,1043.3405553386046,73,0.1994535519125683,41.0958904109589,1.1960816585809626,-3.6153785296883374,8.812458321084828,-5.140306844045134,0.5937062375151243,5,400,False
50/200,8,8,50,0.002,0.005,2.0,fixed,20,True,False,False,all,0,0.5,prev_candle,chop_lt_55,False,50,1.0,False,20,False,20,55.0,False,13.556158482111597,1135.561584821116,234,0.639344262295082,41.452991452991455,1.190841204968041,-11.23638730528054,8.72060482116486,-5.184942210451632,0.5793230120560594,4,1711,False
50/200,8,8,50,0.002,0.005,1.5,fixed,20,True,False,False,all,0,0.5,prev_candle,bb20_plus_chop50,False,50,1.0,True,20,False,20,50.0,False,10.430742133623562,1104.3074213362356,208,0.5683060109289617,48.55769230769231,1.1901538674609402,-4.236367734291228,6.463857665145937,-5.126562643397231,0.5014779871934416,6,764,False
50/200,8,8,50,0.002,0.005,1.5,fixed,20,True,False,False,14_20,0,0.5,prev_candle,atr_expansion_50_1.2,True,50,1.2,False,20,False,20,0.0,False,6.393627787805577,1063.9362778780558,128,0.34972677595628415,48.4375,1.189051727985025,-3.718108763593244,6.485982272624367,-5.124160954919023,0.49950217092230664,7,591,False
50/200,8,8,50,0.002,0.005,2.0,fixed,20,True,False,False,all,0,0.5,prev_candle,atr_expansion_50_1.2,True,50,1.2,False,20,False,20,0.0,False,11.628133331163372,1116.2813333116337,203,0.5546448087431693,41.37931034482759,1.1888007487774879,-9.467899938990952,8.716378371731887,-5.17558361272139,0.5728144498110002,4,1254,False
50/200,8,8,50,0.002,0.005,1.5,fixed,20,True,False,False,all,0,0.5,prev_candle,donchian_20_high_vol,False,50,1.0,False,20,True,20,0.0,True,3.9462886816334053,1039.462886816334,80,0.2185792349726776,48.75,1.1886686340932902,-2.962749064373401,6.375075647200371,-5.101586912792225,0.49328608520416567,5,155,False
50/200,8,8,50,0.002,0.005,2.0,fixed,20,True,False,False,14_20,0,0.5,prev_candle,atr_expansion_100_1.3,True,100,1.3,False,20,False,20,0.0,False,7.513111111968169,1075.1311111196817,132,0.36065573770491804,40.909090909090914,1.1874632530151412,-6.683791876364708,8.81312808203106,-5.1381769911537996,0.5691750842400064,6,756,False
50/200,8,8,50,0.002,0.005,2.0,fixed,20,True,False,False,all,0,0.5,prev_candle,chop_lt_45,False,50,1.0,False,20,False,20,45.0,False,11.05086350323354,1110.5086350323354,196,0.5355191256830601,40.816326530612244,1.1856081710764497,-7.738861914360702,8.823691591066728,-5.1326438987327725,0.5638195664915135,4,1014,False
50/200,8,8,50,0.002,0.005,1.5,fixed,20,True,False,False,all,0,0.5,prev_candle,atr_expansion_50_1.3,True,50,1.3,False,20,False,20,0.0,False,10.0614715742023,1100.614715742023,209,0.5710382513661202,48.803827751196174,1.1848094947939372,-6.1779304266713675,6.323908518902205,-5.088074328841138,0.48141012316757475,4,1095,False
50/200,8,8,50,0.002,0.005,2.0,fixed,20,True,False,False,all,0,0.5,prev_candle,atr_expansion_100_1.3_high_vol,True,100,1.3,False,20,False,20,0.0,True,5.640688533478624,1056.4068853347862,105,0.28688524590163933,40.95238095238095,1.1827685527523435,-7.7181240862988565,8.489106072286008,-4.977817351185681,0.5372084317598673,5,727,False
50/200,8,8,50,0.002,0.005,1.5,fixed,20,True,False,False,all,0,0.5,prev_candle,atr_bb_donchian,True,50,1.1,True,20,True,20,0.0,False,4.550461892915041,1045.5046189291504,96,0.26229508196721313,47.91666666666667,1.1789774852287838,-3.271613174855862,6.516355361536353,-5.084954554030427,0.47400644717865487,6,168,False
50/200,8,8,50,0.002,0.005,2.0,fixed,20,True,False,False,all,0,0.5,prev_candle,atr_50_1.1_plus_bb20,True,50,1.1,True,20,False,20,0.0,False,9.634071314469953,1096.3407131446995,176,0.4808743169398907,40.909090909090914,1.17663456082365,-7.648103475697583,8.913397570342632,-5.24446069153816,0.5473904155948908,3,670,False
50/200,8,8,50,0.002,0.005,2.0,fixed,20,True,False,False,14_20,0,0.5,prev_candle,atr_50_1.2_plus_chop50,True,50,1.2,False,20,False,20,50.0,False,5.431663536915926,1054.3166353691593,102,0.2786885245901639,40.19607843137255,1.1744369726457227,-6.271858741295078,8.919493166754526,-5.104632532258619,0.5325160330309787,7,428,False
50/200,8,8,50,0.002,0.005,2.0,fixed,20,True,False,False,14_20,0,0.5,prev_candle,donchian_20_high_vol,False,50,1.0,False,20,True,20,0.0,True,2.21938508402643,1022.1938508402643,42,0.11475409836065574,40.476190476190474,1.1738124310877416,-2.96274906437344,8.816609628780737,-5.107540513960323,0.528425020006296,3,73,False
50/200,8,8,50,0.002,0.005,1.5,fixed,20,True,False,False,14_20,0,0.5,prev_candle,bb_width_50_high_vol,False,50,1.0,True,50,False,20,0.0,True,3.7265968236795057,1037.265968236795,81,0.22131147540983606,48.148148148148145,1.1733166680105775,-3.774630940567683,6.468784919073363,-5.119443895406345,0.4600736819357362,3,400,False
50/200,8,8,50,0.002,0.005,2.0,fixed,20,True,False,False,all,0,0.5,prev_candle,atr_expansion_50_1.1,True,50,1.1,False,20,False,20,0.0,False,11.276594960919534,1112.7659496091953,217,0.592896174863388,41.013824884792626,1.171499574128569,-9.920560439296002,8.654999835555644,-5.1369455918379465,0.519658753959425,4,1448,False
50/200,8,8,50,0.002,0.005,2.0,fixed,20,True,False,False,all,0,0.5,prev_candle,atr_50_1.1_plus_bb20_high_vol,True,50,1.1,True,20,False,20,0.0,True,5.194124428680107,1051.941244286801,101,0.27595628415300544,40.5940594059406,1.1704289327839017,-4.2122818160139115,8.700219645811423,-5.079462686524457,0.5142697454138697,5,380,False
50/200,8,8,50,0.002,0.005,1.5,fixed,20,True,False,False,all,0,0.5,prev_candle,bb20_plus_chop50_high_vol,False,50,1.0,True,20,False,20,50.0,True,4.936503812405181,1049.3650381240518,115,0.31420765027322406,47.82608695652174,1.1650746331390305,-4.4619481876475335,6.334760398273356,-4.984113063016367,0.4292612010787178,6,428,False
50/200,8,8,50,0.002,0.005,1.5,fixed,20,True,False,False,14_20,0,0.5,prev_candle,atr_50_1.1_plus_bb20_high_vol,True,50,1.1,True,20,False,20,0.0,True,2.559101690420994,1025.59101690421,59,0.16120218579234974,47.45762711864407,1.163154152300434,-4.14193250174925,6.515813672009966,-5.0597343842603,0.43374604922389437,4,195,False
50/200,8,8,50,0.002,0.005,1.5,fixed,20,True,False,False,14_20,0,0.5,prev_candle,chop_lt_55_high_vol,False,50,1.0,False,20,False,20,55.0,True,4.057437252382942,1040.5743725238294,96,0.26229508196721313,47.91666666666667,1.15941573117647,-4.582095988777814,6.415078775963239,-5.090385023409588,0.4226497137898913,5,434,False
50/200,8,8,50,0.002,0.005,1.5,fixed,20,True,False,False,all,0,0.5,prev_candle,chop_lt_50,False,50,1.0,False,20,False,20,50.0,False,10.339618971615256,1103.3961897161525,245,0.6693989071038251,48.16326530612245,1.158124471002024,-5.926091415804531,6.417689187223487,-5.148749089576524,0.4220252641475628,4,1374,False
50/200,8,8,50,0.002,0.005,2.0,fixed,20,True,False,False,all,0,0.5,prev_candle,bb_width_20_high_vol,False,50,1.0,True,20,False,20,0.0,True,5.800576941651002,1058.00576941651,121,0.33060109289617484,40.49586776859504,1.1560489969812084,-4.720159906826777,8.769813779099142,-5.162709802213166,0.4793865241033886,6,540,False
50/200,8,8,50,0.002,0.005,1.5,fixed,20,True,False,False,all,0,0.5,prev_candle,atr_expansion_100_1.3,True,100,1.3,False,20,False,20,0.0,False,8.875924518304942,1088.7592451830494,218,0.5956284153005464,48.1651376146789,1.153457129608299,-6.644960764416577,6.353875318940891,-5.118563392086251,0.4071525008396658,3,1346,False
50/200,8,8,50,0.002,0.005,2.0,fixed,20,True,False,False,all,0,0.5,prev_candle,chop_lt_50,False,50,1.0,False,20,False,20,50.0,False,10.077015532265204,1100.770155322652,220,0.6010928961748634,40.45454545454545,1.149669458408539,-9.60246167796481,8.697245484262698,-5.139577807455937,0.45804616055751085,4,1374,False
50/200,8,8,50,0.002,0.005,1.5,fixed,20,True,False,False,14_20,0,0.5,prev_candle,atr_bb_donchian,True,50,1.1,True,20,True,20,0.0,False,1.8840499839835274,1018.8404998398353,47,0.1284153005464481,46.808510638297875,1.1490548042818902,-3.0772462786542376,6.601832539604112,-5.055992641258201,0.4008616987199034,5,84,False
50/200,8,8,50,0.002,0.005,1.5,fixed,20,True,False,False,14_20,0,0.5,prev_candle,atr_50_1.1_plus_donchian20_high_vol,True,50,1.1,False,20,True,20,0.0,True,1.3272930963090175,1013.2729309630902,34,0.09289617486338798,47.05882352941176,1.1457393736179988,-2.21414464067214,6.521624540353202,-5.059614537920076,0.3903803224438195,2,60,False
50/200,8,8,50,0.002,0.005,2.0,fixed,20,True,False,False,all,0,0.5,prev_candle,atr_expansion_100_1.1,True,100,1.1,False,20,False,20,0.0,False,9.317467155666373,1093.1746715566637,223,0.6092896174863388,40.35874439461883,1.1387250336978014,-13.386887254827226,8.498052120320587,-5.05000014490368,0.4178236392675488,5,1662,False
50/200,8,8,50,0.002,0.005,1.5,fixed,20,True,False,False,14_20,0,0.5,prev_candle,atr_expansion_100_1.2,True,100,1.2,False,20,False,20,0.0,False,5.3344271881199345,1053.3442718811993,148,0.40437158469945356,47.2972972972973,1.1363764571997255,-6.119371378680818,6.3499831838358345,-5.01480193573474,0.3604342694675585,9,814,False
50/200,8,8,50,0.002,0.005,1.5,fixed,20,True,False,False,14_20,0,0.5,prev_candle,chop_lt_50,False,50,1.0,False,20,False,20,50.0,False,5.118768395546931,1051.1876839554693,144,0.39344262295081966,47.22222222222222,1.1324829463514643,-5.703884825858161,6.434699348465459,-5.083840417633972,0.3554700274685373,7,640,False
50/200,8,8,50,0.002,0.005,1.5,fixed,20,True,False,False,14_20,0,0.5,prev_candle,high_vol_day,False,50,1.0,False,20,False,20,0.0,True,3.5922656456898268,1035.9226564568983,101,0.27595628415300544,47.524752475247524,1.1322141738317903,-4.534345037685429,6.408815652324372,-5.126424431220206,0.3556698659098906,4,551,False
50/200,8,8,50,0.002,0.005,1.5,fixed,20,True,False,False,14_20,0,0.5,prev_candle,baseline_high_vol,False,50,1.0,False,20,False,20,0.0,True,3.5922656456898268,1035.9226564568983,101,0.27595628415300544,47.524752475247524,1.1322141738317903,-4.534345037685429,6.408815652324372,-5.126424431220206,0.3556698659098906,4,551,False
50/200,8,8,50,0.002,0.005,1.5,fixed,20,True,False,False,14_20,0,0.5,prev_candle,high_vol_day_high_vol,False,50,1.0,False,20,False,20,0.0,True,3.5922656456898268,1035.9226564568983,101,0.27595628415300544,47.524752475247524,1.1322141738317903,-4.534345037685429,6.408815652324372,-5.126424431220206,0.3556698659098906,4,551,False
50/200,8,8,50,0.002,0.005,1.5,fixed,20,True,False,False,all,0,0.5,prev_candle,donchian_20,False,50,1.0,False,20,True,20,0.0,False,4.637417151652471,1046.3741715165247,133,0.3633879781420765,47.368421052631575,1.1290537981934212,-3.9575376362723547,6.439904984349022,-5.1334263213923546,0.3486779813272449,6,253,False
50/200,8,8,50,0.002,0.005,2.0,fixed,20,True,False,False,all,0,0.5,prev_candle,bb20_plus_chop50_high_vol,False,50,1.0,True,20,False,20,50.0,True,4.148154592837841,1041.4815459283784,109,0.2978142076502732,39.44954128440367,1.1250600149347973,-5.7621488748219125,8.678480489069846,-5.0256532591155265,0.3805646415447581,7,428,False
50/200,8,8,50,0.002,0.005,2.0,fixed,20,True,False,False,all,0,0.5,prev_candle,atr_expansion_50_1.1_high_vol,True,50,1.1,False,20,False,20,0.0,True,4.538414447969558,1045.3841444796956,123,0.3360655737704918,39.83739837398374,1.1239531712268485,-7.846516296180528,8.398440463441741,-4.947830246337165,0.3689767843877652,5,827,False
50/200,8,8,50,0.002,0.005,1.5,fixed,20,True,False,False,all,0,0.5,prev_candle,atr_expansion_50_1.2,True,50,1.2,False,20,False,20,0.0,False,7.275826706088423,1072.7582670608842,221,0.6038251366120219,47.511312217194565,1.1229618908414551,-6.478494814623089,6.328306901308072,-5.10098239290056,0.329222927877297,5,1254,False
50/200,8,8,50,0.002,0.005,1.5,fixed,20,True,False,False,all,0,0.5,prev_candle,bb_width_20_high_vol,False,50,1.0,True,20,False,20,0.0,True,4.136527684918406,1041.365276849184,129,0.3524590163934426,47.286821705426355,1.1208488764176099,-4.379259352071062,6.28941922945159,-5.0336661198141694,0.3206610608463832,5,540,False
50/200,8,8,50,0.002,0.005,2.0,fixed,20,True,False,False,14_20,0,0.5,prev_candle,atr_expansion_50_1.3,True,50,1.3,False,20,False,20,0.0,False,4.260296747769462,1042.6029674776946,114,0.3114754098360656,39.473684210526315,1.1208320998002848,-5.837719308562406,8.781841097352117,-5.109853360915234,0.37371024103240497,7,520,False
50/200,8,8,50,0.002,0.005,1.5,fixed,20,True,False,False,14_20,0,0.5,prev_candle,atr_expansion_100_1.1,True,100,1.1,False,20,False,20,0.0,False,4.938981159106243,1049.3898115910624,155,0.42349726775956287,47.096774193548384,1.1199887392138541,-6.588774521787437,6.315208236434963,-5.01976084961818,0.31864394574878435,8,857,False
50/200,8,8,50,0.002,0.005,2.0,fixed,20,True,False,False,all,0,0.5,prev_candle,bb20_plus_chop50,False,50,1.0,True,20,False,20,50.0,False,7.192056391687106,1071.920563916871,192,0.5245901639344263,39.58333333333333,1.1194001894905408,-7.100473997819996,8.871965651628713,-5.19266228971476,0.3745862704003648,5,764,False
50/200,8,8,50,0.002,0.005,1.5,fixed,20,True,False,False,all,0,0.5,prev_candle,chop_lt_45_high_vol,False,50,1.0,False,20,False,20,45.0,True,3.595081035352655,1035.9508103535265,116,0.31693989071038253,46.55172413793103,1.1161612971641741,-4.660740613518226,6.397060093403917,-4.991781204682001,0.30992077890972,5,549,False
50/200,8,8,50,0.002,0.005,1.5,fixed,20,True,False,False,all,0,0.5,prev_candle,atr_50_1.1_plus_donchian20,True,50,1.1,False,20,True,20,0.0,False,3.240576412938867,1032.4057641293887,103,0.2814207650273224,46.601941747572816,1.115908560924847,-3.989585827881782,6.499712166562612,-5.08328036119304,0.31461906921736077,6,187,False
50/200,8,8,50,0.002,0.005,1.5,fixed,20,True,False,False,all,0,0.5,prev_candle,chop_lt_50_high_vol,False,50,1.0,False,20,False,20,50.0,True,4.053806798425876,1040.5380679842588,134,0.366120218579235,47.01492537313433,1.1143350776026304,-5.666217936201565,6.271317782101187,-4.993731722367833,0.30252289540491567,4,760,False
50/200,8,8,50,0.002,0.005,2.0,fixed,20,True,False,False,14_20,0,0.5,prev_candle,atr_expansion_50_1.2,True,50,1.2,False,20,False,20,0.0,False,4.246141241822215,1042.4614124182222,122,0.3333333333333333,39.34426229508197,1.1123311386381813,-6.377352447660645,8.759657643304568,-5.108137222437799,0.3480443640837877,7,591,False
50/200,8,8,50,0.002,0.005,2.0,fixed,20,True,False,False,all,0,0.5,prev_candle,chop_lt_45_high_vol,False,50,1.0,False,20,False,20,45.0,True,3.7289203130902253,1037.2892031309023,110,0.3005464480874317,39.09090909090909,1.1119285937704482,-6.433612912310013,8.614905105793573,-4.972413677883896,0.3389927557354781,6,549,False
50/200,8,8,50,0.002,0.005,2.0,fixed,20,True,False,False,all,0,0.5,prev_candle,atr_expansion_100_1.2,True,100,1.2,False,20,False,20,0.0,False,7.193995437832995,1071.93995437833,214,0.5846994535519126,39.719626168224295,1.1105579155728678,-12.951645482238415,8.501637872392894,-5.044180347093543,0.33616801111368716,5,1510,False
50/200,8,8,50,0.002,0.005,1.5,fixed,20,True,False,False,all,0,0.5,prev_candle,atr_expansion_100_1.3_high_vol,True,100,1.3,False,20,False,20,0.0,True,3.333122051974851,1033.3312205197485,115,0.31420765027322406,46.95652173913044,1.1096237549135175,-5.903817789931134,6.247820286179102,-4.984443851375795,0.28983670017172125,5,727,False
50/200,8,8,50,0.002,0.005,1.5,fixed,20,True,False,False,14_20,0,0.5,prev_candle,atr_expansion_50_1.1,True,50,1.1,False,20,False,20,0.0,False,3.928811497232186,1039.2881149723219,135,0.36885245901639346,46.666666666666664,1.1074399759170908,-4.1397811398142546,6.4279862147447355,-5.078819674397165,0.29102307386905507,7,664,False
50/200,8,8,50,0.002,0.005,2.0,fixed,20,True,False,False,14_20,0,0.5,prev_candle,atr_expansion_100_1.2,True,100,1.2,False,20,False,20,0.0,False,4.63019153454502,1046.3019153454502,140,0.3825136612021858,39.285714285714285,1.1072661382938698,-7.591529455429743,8.690117329683266,-5.078288679848577,0.3307279667532185,8,814,False
50/200,8,8,50,0.002,0.005,2.0,fixed,20,True,False,False,14_20,0,0.5,prev_candle,donchian_100,False,50,1.0,False,20,True,100,0.0,False,1.90435444341133,1019.0435444341133,57,0.1557377049180328,38.59649122807017,1.1066884358738298,-3.1762285361969087,8.979106579514875,-5.099908580434678,0.33409727077392104,5,109,False
50/200,8,8,50,0.002,0.005,1.5,fixed,20,True,False,False,all,0,0.5,prev_candle,bb_width_20,False,50,1.0,True,20,False,20,0.0,False,6.528520982737087,1065.2852098273709,227,0.6202185792349727,47.136563876651984,1.1066028069406146,-5.838858600339951,6.33365136338713,-5.103462383792111,0.28760004329237665,6,931,False
50/200,8,8,50,0.002,0.005,2.0,fixed,20,True,False,False,14_20,0,0.5,prev_candle,donchian_20,False,50,1.0,False,20,True,20,0.0,False,2.396366208798497,1023.963662087985,72,0.19672131147540983,38.88888888888889,1.1065946518002978,-3.793591796844241,8.884813321254768,-5.1093434297079074,0.3328286401109107,5,129,False
50/200,8,8,50,0.002,0.005,1.5,fixed,20,True,False,False,all,0,0.5,prev_candle,chop_lt_55,False,50,1.0,False,20,False,20,55.0,False,7.288234185626743,1072.8823418562674,264,0.7213114754098361,47.34848484848485,1.1030655869428727,-7.425988475071326,6.2402208599086055,-5.087376011743224,0.27606947672828613,5,1711,False
50/200,8,8,50,0.002,0.005,1.5,fixed,20,True,False,False,all,0,0.5,prev_candle,atr_bb_donchian_high_vol,True,50,1.1,True,20,True,20,0.0,True,1.5136763989648103,1015.1367639896481,56,0.15300546448087432,46.42857142857143,1.1002118995975048,-2.96331807786753,6.3917051804526785,-5.034919023404054,0.2702993569580003,6,107,False
50/200,8,8,50,0.002,0.005,2.0,fixed,20,True,False,False,all,0,0.5,prev_candle,baseline,False,50,1.0,False,20,False,20,0.0,False,7.7162026377480055,1077.16202637748,248,0.6775956284153005,39.91935483870967,1.099899475315465,-9.843594517687954,8.58140140920721,-5.183870557946538,0.3111372031349989,5,2128,False
50/200,8,8,50,0.002,0.005,2.0,fixed,20,True,False,False,14_20,0,0.5,prev_candle,bb20_plus_chop50,False,50,1.0,True,20,False,20,50.0,False,3.422715123310286,1034.2271512331029,111,0.30327868852459017,38.73873873873874,1.0983562300215473,-6.849547823319181,8.888810385575567,-5.11752493156833,0.30835271381173796,6,353,False
50/200,8,8,50,0.002,0.005,2.0,fixed,20,True,False,False,all,0,0.5,prev_candle,chop_lt_50_high_vol,False,50,1.0,False,20,False,20,50.0,True,3.4786072594242117,1034.7860725942421,120,0.32786885245901637,39.166666666666664,1.097008668192949,-8.182943271586499,8.369645389848275,-4.912154256556535,0.2898839382853486,5,760,False
50/200,8,8,50,0.002,0.005,2.0,fixed,20,True,False,False,all,0,0.5,prev_candle,bb_width_20,False,50,1.0,True,20,False,20,0.0,False,6.335977028001525,1063.3597702800153,206,0.5628415300546448,39.32038834951456,1.0961568468605394,-8.770771358191743,8.91704713595903,-5.271368381861324,0.3075717003884274,5,931,False
50/200,8,8,50,0.002,0.005,1.5,fixed,20,True,False,False,all,0,0.5,prev_candle,atr_50_1.1_plus_bb20,True,50,1.1,True,20,False,20,0.0,False,4.976419089257001,1049.76419089257,193,0.5273224043715847,46.63212435233161,1.0956631389720355,-5.913020646777532,6.332961703798551,-5.050508373294184,0.25784554866615883,6,670,False
50/200,8,8,50,0.002,0.005,2.0,fixed,20,True,False,False,all,0,0.5,prev_candle,atr_expansion_100_1.1_high_vol,True,100,1.1,False,20,False,20,0.0,True,3.399603081983537,1033.9960308198354,125,0.34153005464480873,39.2,1.0919903443462489,-10.856752790555072,8.235854926124679,-4.862642902108864,0.2719682465586848,5,934,False
50/200,8,8,50,0.002,0.005,2.0,fixed,20,True,False,False,all,0,0.5,prev_candle,atr_50_1.2_plus_chop50_high_vol,True,50,1.2,False,20,False,20,50.0,True,2.5850416273571,1025.850416273571,93,0.2540983606557377,38.70967741935484,1.0918708394959826,-6.390240157272342,8.534117594026878,-4.936452931778887,0.27796146530721566,6,485,False
50/200,8,8,50,0.002,0.005,1.5,fixed,20,True,False,False,all,0,0.5,prev_candle,atr_expansion_50_1.1,True,50,1.1,False,20,False,20,0.0,False,5.920654789565151,1059.2065478956515,241,0.6584699453551912,46.88796680497925,1.0911830539540752,-6.946102340549996,6.270104447082992,-5.072775426755683,0.2456703232184672,5,1448,False
50/200,8,8,50,0.002,0.005,1.5,fixed,20,True,False,False,14_20,0,0.5,prev_candle,bb20_plus_chop50,False,50,1.0,True,20,False,20,50.0,False,2.8012692697994908,1028.012692697995,113,0.3087431693989071,46.017699115044245,1.0908721929115697,-6.91495421182478,6.466873658513148,-5.053520287617842,0.24789993538048943,6,353,False
50/200,8,8,50,0.002,0.005,1.5,fixed,20,True,False,False,all,0,0.5,prev_candle,atr_50_1.2_plus_chop50_high_vol,True,50,1.2,False,20,False,20,50.0,True,2.251126672615226,1022.5112667261523,100,0.273224043715847,46.0,1.0834354798179333,-4.068671362987118,6.354690271369292,-4.996379365867317,0.22511266726152315,4,485,False
50/200,8,8,50,0.002,0.005,1.5,fixed,20,True,False,False,all,0,0.5,prev_candle,chop_lt_55_high_vol,False,50,1.0,False,20,False,20,55.0,True,3.165753784531307,1031.657537845313,148,0.40437158469945356,46.62162162162162,1.0808298535160004,-7.043166390475744,6.134986113414159,-4.957677265572956,0.21390228273860454,5,961,False
50/200,8,8,50,0.002,0.005,2.0,fixed,20,True,False,False,all,0,0.5,prev_candle,atr_expansion_50_1.3_high_vol,True,50,1.3,False,20,False,20,0.0,True,2.370139247463339,1023.7013924746334,103,0.2814207650273224,38.83495145631068,1.0767282596184127,-7.767265880683305,8.315045589676263,-4.903181446228848,0.23011060654983656,5,586,False
50/200,8,8,50,0.002,0.005,2.0,fixed,20,True,False,False,14_20,0,0.5,prev_candle,atr_expansion_100_1.1,True,100,1.1,False,20,False,20,0.0,False,3.2974239971767014,1032.974239971767,145,0.39617486338797814,38.62068965517241,1.0731969107636714,-8.053571808152595,8.633232337480152,-5.061649111540691,0.22740855152942732,8,857,False
50/200,8,8,50,0.002,0.005,1.5,fixed,20,True,False,False,all,0,0.5,prev_candle,atr_50_1.1_plus_donchian20_high_vol,True,50,1.1,False,20,True,20,0.0,True,1.156019813936507,1011.5601981393651,59,0.16120218579234974,45.76271186440678,1.071616850065872,-3.876721928849242,6.406573781350868,-5.0442904361596375,0.19593556168415324,6,114,False
50/200,8,8,50,0.002,0.005,1.5,fixed,20,True,False,False,14_20,0,0.5,prev_candle,bb_width_50,False,50,1.0,True,50,False,20,0.0,False,2.538361537040828,1025.3836153704083,144,0.39344262295081966,45.83333333333333,1.064963747818405,-5.629352385405345,6.304828757262396,-5.009424136011658,0.17627510673895033,7,711,False
50/200,8,8,50,0.002,0.005,2.0,fixed,20,True,False,False,all,0,0.5,prev_candle,donchian_100,False,50,1.0,False,20,True,100,0.0,False,2.081262428225205,1020.812624282252,102,0.2786885245901639,38.23529411764706,1.0642236201298443,-5.671068280362682,8.8430147395805,-5.143888104149019,0.20404533610050357,5,203,False
50/200,8,8,50,0.002,0.005,1.5,fixed,20,True,False,False,14_20,0,0.5,prev_candle,donchian_20_high_vol,False,50,1.0,False,20,True,20,0.0,True,0.7668997469151918,1007.6689974691519,44,0.12021857923497267,45.45454545454545,1.063241786720849,-3.1895585478814756,6.446685802419788,-5.052696607468477,0.17429539702618835,3,73,False
50/200,8,8,50,0.002,0.005,2.0,fixed,20,True,False,False,14_20,0,0.5,prev_candle,donchian_50,False,50,1.0,False,20,True,50,0.0,False,1.2204564650920247,1012.2045646509202,61,0.16666666666666666,37.704918032786885,1.0631106250082663,-3.463557336349015,8.93861915333722,-5.089044101995686,0.20007483034295068,5,115,False
50/200,8,8,50,0.002,0.005,2.0,fixed,20,True,False,False,14_20,0,0.5,prev_candle,chop_lt_50,False,50,1.0,False,20,False,20,50.0,False,2.6403448285460853,1026.4034482854609,136,0.37158469945355194,38.23529411764706,1.0623615017594468,-7.178347197392421,8.649939398253254,-5.040397624091761,0.1941430020989798,6,640,False
50/200,8,8,50,0.002,0.005,1.5,fixed,20,True,False,False,all,0,0.5,prev_candle,atr_expansion_100_1.2,True,100,1.2,False,20,False,20,0.0,False,3.861993921032013,1038.6199392103201,236,0.644808743169399,46.186440677966104,1.061080475524273,-9.55292403326731,6.155041730950645,-4.97857960207323,0.1636438102132204,5,1510,False
50/200,8,8,50,0.002,0.005,2.0,fixed,20,True,False,False,all,0,0.5,prev_candle,high_vol_day,False,50,1.0,False,20,False,20,0.0,True,2.5381456122091324,1025.3814561220913,139,0.3797814207650273,38.84892086330935,1.0604916577681816,-8.897883731441073,8.240139118955376,-4.936306544723519,0.18260040375605227,5,1230,False
50/200,8,8,50,0.002,0.005,2.0,fixed,20,True,False,False,all,0,0.5,prev_candle,baseline_high_vol,False,50,1.0,False,20,False,20,0.0,True,2.5381456122091324,1025.3814561220913,139,0.3797814207650273,38.84892086330935,1.0604916577681816,-8.897883731441073,8.240139118955376,-4.936306544723519,0.18260040375605227,5,1230,False
50/200,8,8,50,0.002,0.005,2.0,fixed,20,True,False,False,all,0,0.5,prev_candle,high_vol_day_high_vol,False,50,1.0,False,20,False,20,0.0,True,2.5381456122091324,1025.3814561220913,139,0.3797814207650273,38.84892086330935,1.0604916577681816,-8.897883731441073,8.240139118955376,-4.936306544723519,0.18260040375605227,5,1230,False
50/200,8,8,50,0.002,0.005,2.0,fixed,20,True,False,False,all,0,0.5,prev_candle,bb_width_50,False,50,1.0,True,50,False,20,0.0,False,4.036016157042491,1040.360161570425,217,0.592896174863388,38.70967741935484,1.0601594593018309,-10.467645097397602,8.467220672954827,-5.044258458329174,0.18599152797431043,5,1501,False
50/200,8,8,50,0.002,0.005,1.5,fixed,20,True,False,False,14_20,0,0.5,prev_candle,donchian20_plus_chop50,False,50,1.0,False,20,True,20,50.0,False,1.0112811059287083,1010.1128110592871,62,0.16939890710382513,45.16129032258064,1.059387418958431,-4.903533334359818,6.442793653226544,-5.00839444797223,0.163109855794958,5,109,False
50/200,8,8,50,0.002,0.005,2.0,fixed,20,True,False,False,all,0,0.5,prev_candle,atr_expansion_50_1.2_high_vol,True,50,1.2,False,20,False,20,0.0,True,1.9954120147879735,1019.9541201478797,112,0.30601092896174864,38.392857142857146,1.058747678774989,-7.846516296180528,8.36307298535555,-4.922579974237815,0.17816178703463795,6,689,False
50/200,8,8,50,0.002,0.005,2.0,fixed,20,True,False,False,14_20,0,0.5,prev_candle,atr_50_1.1_plus_bb20,True,50,1.1,True,20,False,20,0.0,False,1.7669066060617182,1017.6690660606172,98,0.2677595628415301,37.755102040816325,1.0568602629025645,-7.029534827662765,8.87606708799055,-5.094187150738262,0.18029659245526983,7,315,False
50/200,8,8,50,0.002,0.005,2.0,fixed,20,True,False,False,all,0,0.5,prev_candle,bb_width_50_high_vol,False,50,1.0,True,50,False,20,0.0,True,2.029694611180798,1020.296946111808,122,0.3333333333333333,38.52459016393443,1.0550400560431827,-8.18911093992034,8.277952343724914,-4.916890853910184,0.16636841075251793,7,855,False
50/200,8,8,50,0.002,0.005,2.0,fixed,20,True,False,False,14_20,0,0.5,prev_candle,atr_expansion_50_1.1,True,50,1.1,False,20,False,20,0.0,False,2.0669304643265947,1020.669304643266,129,0.3524590163934426,37.98449612403101,1.0510431628325305,-7.311238356995206,8.685858711013971,-5.061722152455256,0.16022716777724086,7,664,False
50/200,8,8,50,0.002,0.005,2.0,fixed,20,True,False,False,all,0,0.5,prev_candle,atr_expansion_100_1.2_high_vol,True,100,1.2,False,20,False,20,0.0,True,1.616211279817935,1016.1621127981794,118,0.3224043715846995,38.13559322033898,1.0453656005470349,-10.408796774427207,8.276127260228865,-4.880323478248201,0.1369670576116971,4,830,False
50/200,8,8,50,0.002,0.005,1.5,fixed,20,True,False,False,14_20,0,0.5,prev_candle,chop_lt_55,False,50,1.0,False,20,False,20,55.0,False,1.878306315300881,1018.7830631530088,165,0.45081967213114754,45.45454545454545,1.0415655305538285,-6.643479962084953,6.275645830480907,-5.021004157033993,0.11383674638187055,8,809,False
50/200,8,8,50,0.002,0.005,1.5,fixed,20,True,False,False,14_20,0,0.5,prev_candle,bb_width_20_high_vol,False,50,1.0,True,20,False,20,0.0,True,0.9128394008075928,1009.1283940080759,80,0.2185792349726776,45.0,1.0411861878666737,-5.026640711788382,6.410157176816125,-5.037210553575112,0.11410492510094486,5,258,False
50/200,8,8,50,0.002,0.005,1.5,fixed,20,True,False,False,all,0,0.5,prev_candle,atr_expansion_50_1.1_high_vol,True,50,1.1,False,20,False,20,0.0,True,1.4585443109604057,1014.5854431096041,134,0.366120218579235,45.52238805970149,1.0402182112421596,-5.733929963272931,6.184313463752081,-4.9679133997160525,0.10884659037018717,4,827,False
50/200,8,8,50,0.002,0.005,1.5,fixed,20,True,False,False,all,0,0.5,prev_candle,atr_expansion_50_1.2_high_vol,True,50,1.2,False,20,False,20,0.0,True,1.2795436286249924,1012.7954362862499,119,0.3251366120218579,45.378151260504204,1.0397046278924178,-5.733929963272931,6.204834264494301,-4.957932523022184,0.10752467467437198,5,689,False
50/200,8,8,50,0.002,0.005,1.5,fixed,20,True,False,False,all,0,0.5,prev_candle,bb_width_50,False,50,1.0,True,50,False,20,0.0,False,2.470448253059408,1024.704482530594,242,0.6612021857923497,45.867768595041326,1.0382115229592217,-7.589187829859744,6.047060032334158,-4.935260924110668,0.1020846385561734,4,1501,False
50/200,8,8,50,0.002,0.005,1.5,fixed,20,True,False,False,all,0,0.5,prev_candle,atr_expansion_100_1.2_high_vol,True,100,1.2,False,20,False,20,0.0,True,1.1426256646653883,1011.4262566466539,126,0.3442622950819672,45.23809523809524,1.033906700948836,-8.691651547971038,6.112585306017122,-4.88392906951192,0.09068457656074194,5,830,False
50/200,8,8,50,0.002,0.005,1.5,fixed,20,True,False,False,all,0,0.5,prev_candle,atr_expansion_100_1.1,True,100,1.1,False,20,False,20,0.0,False,2.0871043959385016,1020.871043959385,250,0.6830601092896175,45.6,1.0309139597632762,-10.005159413100957,6.105301344617957,-4.964215509757815,0.0834841758375369,6,1662,False
50/200,8,8,50,0.002,0.005,1.5,fixed,20,True,False,False,all,0,0.5,prev_candle,bb_width_50_high_vol,False,50,1.0,True,50,False,20,0.0,True,0.951516046435961,1009.5151604643596,132,0.36065573770491804,45.45454545454545,1.0267785927497337,-6.653127636985653,6.080704814408042,-4.935099005557268,0.0720845489724187,5,855,False
50/200,8,8,50,0.002,0.005,2.0,fixed,20,True,False,False,14_20,0,0.5,prev_candle,bb_width_20,False,50,1.0,True,20,False,20,0.0,False,0.8046532706623566,1008.0465327066236,129,0.3524590163934426,37.2093023255814,1.0195228872895254,-7.149397051794747,8.754280868810813,-5.088382086374014,0.06237622253196827,8,444,False
50/200,8,8,50,0.002,0.005,1.5,fixed,20,True,False,False,all,0,0.5,prev_candle,baseline,False,50,1.0,False,20,False,20,0.0,False,1.4281667078176041,1014.281667078176,280,0.7650273224043715,45.714285714285715,1.0188624475549422,-8.457639948498588,6.026795366184325,-4.981237761798805,0.051005953850626284,5,2128,False
50/200,8,8,50,0.002,0.005,1.5,fixed,20,True,False,False,14_20,0,0.5,prev_candle,donchian_100_high_vol,False,50,1.0,False,20,True,100,0.0,True,0.14985401851590724,1001.4985401851591,32,0.08743169398907104,43.75,1.0165862620301822,-2.2578402315760857,6.5604868938293235,-5.019348684913974,0.04682938078621879,3,57,False
50/200,8,8,50,0.002,0.005,1.5,fixed,20,True,False,False,all,0,0.5,prev_candle,atr_50_1.1_plus_bb20_high_vol,True,50,1.1,True,20,False,20,0.0,True,0.2261096309412778,1002.2610963094128,108,0.29508196721311475,44.44444444444444,1.007614133964704,-4.4476758898793145,6.233781286937479,-4.949340091059773,0.0209360769390051,7,380,False
50/200,8,8,50,0.002,0.005,1.5,fixed,20,True,False,False,all,0,0.5,prev_candle,high_vol_day,False,50,1.0,False,20,False,20,0.0,True,0.15351857066189042,1001.5351857066189,153,0.4180327868852459,45.09803921568628,1.0037296640367133,-7.585937739126587,5.987684022368052,-4.900178712342579,0.010033893507313098,4,1230,False
50/200,8,8,50,0.002,0.005,1.5,fixed,20,True,False,False,all,0,0.5,prev_candle,baseline_high_vol,False,50,1.0,False,20,False,20,0.0,True,0.15351857066189042,1001.5351857066189,153,0.4180327868852459,45.09803921568628,1.0037296640367133,-7.585937739126587,5.987684022368052,-4.900178712342579,0.010033893507313098,4,1230,False
50/200,8,8,50,0.002,0.005,1.5,fixed,20,True,False,False,all,0,0.5,prev_candle,high_vol_day_high_vol,False,50,1.0,False,20,False,20,0.0,True,0.15351857066189042,1001.5351857066189,153,0.4180327868852459,45.09803921568628,1.0037296640367133,-7.585937739126587,5.987684022368052,-4.900178712342579,0.010033893507313098,4,1230,False
50/200,8,8,50,0.002,0.005,1.5,fixed,20,True,False,False,14_20,0,0.5,prev_candle,baseline,False,50,1.0,False,20,False,20,0.0,False,0.12533473509759005,1001.2533473509759,179,0.4890710382513661,44.6927374301676,1.0025511933042666,-6.588774521787437,6.1566526546875515,-4.962412778020477,0.007001940508250971,8,1009,False
50/200,8,8,50,0.002,0.005,2.0,fixed,20,True,False,False,14_20,0,0.5,prev_candle,chop_lt_55,False,50,1.0,False,20,False,20,55.0,False,0.030457740189126527,1000.3045774018913,154,0.4207650273224044,37.01298701298701,1.0006249332553283,-8.51786626161368,8.555797684531218,-5.024493717694722,0.001977775336957006,7,809,False
50/200,8,8,50,0.002,0.005,1.5,fixed,20,True,False,False,all,0,0.5,prev_candle,atr_expansion_50_1.3_high_vol,True,50,1.3,False,20,False,20,0.0,True,0.014496876663679359,1000.1449687666368,110,0.3005464480874317,44.54545454545455,1.0004825175556782,-5.430972653197102,6.13443754238545,-4.925286406725407,0.0013178978785204395,5,586,False
50/200,8,8,50,0.002,0.005,2.0,fixed,20,True,False,False,14_20,0,0.5,prev_candle,baseline,False,50,1.0,False,20,False,20,0.0,False,-0.2770219069564177,997.2297809304358,167,0.4562841530054645,37.12574850299401,0.9947437107298652,-8.053571808152595,8.45579351482748,-5.01932778084636,-0.016588138141101497,8,1009,False
50/200,8,8,50,0.002,0.005,1.5,fixed,20,True,False,False,all,0,0.5,prev_candle,donchian_50,False,50,1.0,False,20,True,50,0.0,False,-0.2518424519308155,997.4815754806918,116,0.31693989071038253,43.96551724137931,0.9922688460870104,-4.951811523515605,6.33787690041208,-5.01154071446654,-0.02171055620094021,6,219,False
50/200,8,8,50,0.002,0.005,1.5,fixed,20,True,False,False,all,0,0.5,prev_candle,donchian_50_high_vol,False,50,1.0,False,20,True,50,0.0,True,-0.1566650770658157,998.4333492293418,66,0.18032786885245902,43.93939393939394,0.9915314916101102,-3.290098857747123,6.325193105077444,-4.999925697781185,-0.02373713288875694,7,128,False
50/200,8,8,50,0.002,0.005,1.5,fixed,20,True,False,False,14_20,0,0.5,prev_candle,atr_50_1.1_plus_bb20,True,50,1.1,True,20,False,20,0.0,False,-0.25934294495593807,997.4065705504406,101,0.27595628415300544,43.56435643564357,0.9908495121154738,-6.997555828487996,6.382417521016055,-4.972277199548526,-0.025677519302569812,6,315,False
50/200,8,8,50,0.002,0.005,1.5,fixed,20,True,False,False,all,0,0.5,prev_candle,atr_expansion_100_1.1_high_vol,True,100,1.1,False,20,False,20,0.0,True,-0.6812829251262883,993.1871707487371,136,0.37158469945355194,44.11764705882353,0.9815383796322332,-9.148193290231166,6.036896410666475,-4.855613340674358,-0.05009433272987289,5,934,False
50/200,8,8,50,0.002,0.005,2.0,fixed,20,True,False,False,14_20,0,0.5,prev_candle,bb_width_50,False,50,1.0,True,50,False,20,0.0,False,-0.788083332226813,992.1191666777319,134,0.366120218579235,36.56716417910448,0.9813651667281177,-7.970775879743522,8.469956691195884,-4.975396602245491,-0.05881218897215235,8,711,False
50/200,8,8,50,0.002,0.005,1.5,fixed,20,True,False,False,14_20,0,0.5,prev_candle,donchian_50_high_vol,False,50,1.0,False,20,True,50,0.0,True,-0.24280080388739406,997.5719919611261,35,0.09562841530054644,42.857142857142854,0.9757972993455156,-2.2578402315760857,6.526113816650104,-5.015985764431262,-0.06937165825353427,3,62,False
50/200,8,8,50,0.002,0.005,1.5,fixed,20,True,False,False,14_20,0,0.5,prev_candle,donchian_20,False,50,1.0,False,20,True,20,0.0,False,-0.6825692545338143,993.1743074546619,74,0.20218579234972678,43.24324324324324,0.9676439050932382,-4.9870124155979925,6.379052973413327,-5.022747326061061,-0.09223908845051429,6,129,False
50/200,8,8,50,0.002,0.005,1.5,fixed,20,True,False,False,14_20,0,0.5,prev_candle,atr_50_1.1_plus_donchian20,True,50,1.1,False,20,True,20,0.0,False,-0.5436009812965154,994.5639901870348,54,0.14754098360655737,42.592592592592595,0.9649698048078865,-3.923724345614769,6.510638209696096,-5.005828665676613,-0.10066684838823674,5,97,False
50/200,8,8,50,0.002,0.005,1.5,fixed,20,True,False,False,14_20,0,0.5,prev_candle,bb_width_20,False,50,1.0,True,20,False,20,0.0,False,-1.379405761213377,986.2059423878662,134,0.366120218579235,43.28358208955223,0.9632300550369071,-7.793474035160035,6.230187071802552,-4.93611720758791,-0.1029407284487548,7,444,False
50/200,8,8,50,0.002,0.005,2.0,fixed,20,True,False,False,all,0,0.5,prev_candle,donchian_100_high_vol,False,50,1.0,False,20,True,100,0.0,True,-0.91407966411806,990.8592033588194,56,0.15300546448087432,35.714285714285715,0.9501655506520993,-5.465333037674178,8.714122647702265,-5.095090266534053,-0.16322851144965408,7,114,False
50/200,8,8,50,0.002,0.005,1.5,fixed,20,True,False,False,all,0,0.5,prev_candle,donchian_100,False,50,1.0,False,20,True,100,0.0,False,-3.347684122285102,966.523158777149,111,0.30327868852459017,41.44144144144144,0.8959196192748655,-6.3588387909607995,6.2645058003834295,-4.948370892930585,-0.30159316416982235,6,203,False
50/200,8,8,50,0.002,0.005,1.5,fixed,20,True,False,False,14_20,0,0.5,prev_candle,donchian_100,False,50,1.0,False,20,True,100,0.0,False,-2.043226270379307,979.5677372962069,59,0.16120218579234974,40.67796610169492,0.8827769511750425,-4.097492135436236,6.411257127638957,-4.980069536203655,-0.34630953735242304,5,109,False
50/200,8,8,50,0.002,0.005,1.5,fixed,20,True,False,False,14_20,0,0.5,prev_candle,donchian_50,False,50,1.0,False,20,True,50,0.0,False,-2.9151463285316366,970.8485367146836,63,0.1721311475409836,39.682539682539684,0.8454553939289086,-4.577004674759043,6.379067507319894,-4.963898709692468,-0.46272163944946704,6,115,False
50/200,8,8,50,0.002,0.005,1.5,fixed,20,True,False,False,all,0,0.5,prev_candle,donchian_100_high_vol,False,50,1.0,False,20,True,100,0.0,True,-3.228046727341257,967.7195327265874,61,0.16666666666666666,39.34426229508197,0.8242441495055245,-5.028757161682389,6.307752633970647,-4.963960283478592,-0.5291879880887274,6,114,False
50/200,8,8,50,0.002,0.005,1.5,be_1_2,20,True,False,False,all,0,0.5,prev_candle,atr_50_1.1_plus_bb20,True,50,1.1,True,20,False,20,0.0,False,-2.2130024920086613,977.8699750799134,32,0.08743169398907104,3.125,0.7120008422678974,-7.684058902933293,54.71056410924629,-2.4787286783655733,-0.6915632787527026,3,670,False
50/200,8,8,50,0.002,0.005,2.0,be_1_2,20,True,False,False,all,0,0.5,prev_candle,atr_50_1.1_plus_bb20,True,50,1.1,True,20,False,20,0.0,False,-2.2130024920086613,977.8699750799134,32,0.08743169398907104,3.125,0.7120008422678974,-7.684058902933293,54.71056410924629,-2.4787286783655733,-0.6915632787527026,3,670,False
50/200,8,8,50,0.002,0.005,1.5,be_1_2,20,True,False,False,all,0,0.5,prev_candle,bb20_plus_chop50,False,50,1.0,True,20,False,20,50.0,False,-2.369821791104675,976.3017820889532,36,0.09836065573770492,2.7777777777777777,0.69742208724188,-7.832104364468682,54.62282573364008,-2.2377441041339177,-0.6582838308624179,3,764,False
50/200,8,8,50,0.002,0.005,2.0,be_1_2,20,True,False,False,all,0,0.5,prev_candle,bb20_plus_chop50,False,50,1.0,True,20,False,20,50.0,False,-2.369821791104675,976.3017820889532,36,0.09836065573770492,2.7777777777777777,0.69742208724188,-7.832104364468682,54.62282573364008,-2.2377441041339177,-0.6582838308624179,3,764,False
50/200,8,8,50,0.002,0.005,1.5,be_1_2,20,True,False,False,all,0,0.5,prev_candle,bb_width_20,False,50,1.0,True,20,False,20,0.0,False,-2.9143913177110563,970.8560868228894,37,0.10109289617486339,2.7027027027027026,0.6508124358844023,-8.3462059283023,54.31814610591241,-2.3183905356395202,-0.7876733291110896,3,931,False
50/200,8,8,50,0.002,0.005,2.0,be_1_2,20,True,False,False,all,0,0.5,prev_candle,bb_width_20,False,50,1.0,True,20,False,20,0.0,False,-2.9143913177110563,970.8560868228894,37,0.10109289617486339,2.7027027027027026,0.6508124358844023,-8.3462059283023,54.31814610591241,-2.3183905356395202,-0.7876733291110896,3,931,False
50/200,8,8,50,0.002,0.005,1.5,be_1_2,20,True,False,False,all,0,0.5,prev_candle,chop_lt_45,False,50,1.0,False,20,False,20,45.0,False,-5.697133369421749,943.0286663057825,37,0.10109289617486339,2.7027027027027026,0.3744960694789934,-9.10806965621523,34.10936286793483,-2.5300193489486693,-1.5397657755193856,3,1014,False
50/200,8,8,50,0.002,0.005,2.0,be_1_2,20,True,False,False,all,0,0.5,prev_candle,chop_lt_45,False,50,1.0,False,20,False,20,45.0,False,-5.697133369421749,943.0286663057825,37,0.10109289617486339,2.7027027027027026,0.3744960694789934,-9.10806965621523,34.10936286793483,-2.5300193489486693,-1.5397657755193856,3,1014,False
50/200,8,8,50,0.002,0.005,1.5,be_1_2,20,True,False,False,all,0,0.5,prev_candle,atr_expansion_50_1.3,True,50,1.3,False,20,False,20,0.0,False,-5.8479642135529275,941.5203578644707,37,0.10109289617486339,2.7027027027027026,0.36802301763478923,-9.253444946153877,34.05480732600946,-2.570401373931637,-1.5805308685278239,3,1095,False
50/200,8,8,50,0.002,0.005,2.0,be_1_2,20,True,False,False,all,0,0.5,prev_candle,atr_expansion_50_1.3,True,50,1.3,False,20,False,20,0.0,False,-5.8479642135529275,941.5203578644707,37,0.10109289617486339,2.7027027027027026,0.36802301763478923,-9.253444946153877,34.05480732600946,-2.570401373931637,-1.5805308685278239,3,1095,False
50/200,8,8,50,0.002,0.005,1.5,be_1_2,20,True,False,False,all,0,0.5,prev_candle,atr_50_1.2_plus_chop50,True,50,1.2,False,20,False,20,50.0,False,-6.108702907200746,938.9129709279925,36,0.09836065573770492,2.7777777777777777,0.3573001750601717,-9.504752716826477,33.96049809625737,-2.715643633378989,-1.6968619186668679,3,935,False
50/200,8,8,50,0.002,0.005,2.0,be_1_2,20,True,False,False,all,0,0.5,prev_candle,atr_50_1.2_plus_chop50,True,50,1.2,False,20,False,20,50.0,False,-6.108702907200746,938.9129709279925,36,0.09836065573770492,2.7777777777777777,0.3573001750601717,-9.504752716826477,33.96049809625737,-2.715643633378989,-1.6968619186668679,3,935,False
50/200,8,8,50,0.002,0.005,1.5,be_1_2,20,True,False,False,all,0,0.5,prev_candle,atr_expansion_100_1.3,True,100,1.3,False,20,False,20,0.0,False,-6.357948703425041,936.4205129657496,39,0.10655737704918032,2.564102564102564,0.34756699777899824,-9.744983288370463,33.870345849454246,-2.5644692864132743,-1.6302432572884662,3,1346,False
50/200,8,8,50,0.002,0.005,2.0,be_1_2,20,True,False,False,all,0,0.5,prev_candle,atr_expansion_100_1.3,True,100,1.3,False,20,False,20,0.0,False,-6.357948703425041,936.4205129657496,39,0.10655737704918032,2.564102564102564,0.34756699777899824,-9.744983288370463,33.870345849454246,-2.5644692864132743,-1.6302432572884662,3,1346,False
50/200,8,8,50,0.002,0.005,1.5,be_1_2,20,True,False,False,all,0,0.5,prev_candle,chop_lt_55,False,50,1.0,False,20,False,20,55.0,False,-6.548000571535681,934.5199942846432,41,0.11202185792349727,2.4390243902439024,0.34046188548083395,-9.928160977185462,33.801604056497844,-2.482040244296353,-1.5970733101306407,3,1711,False
50/200,8,8,50,0.002,0.005,2.0,be_1_2,20,True,False,False,all,0,0.5,prev_candle,chop_lt_55,False,50,1.0,False,20,False,20,55.0,False,-6.548000571535681,934.5199942846432,41,0.11202185792349727,2.4390243902439024,0.34046188548083395,-9.928160977185462,33.801604056497844,-2.482040244296353,-1.5970733101306407,3,1711,False
50/200,8,8,50,0.002,0.005,1.5,be_1_2,20,True,False,False,all,0,0.5,prev_candle,bb_width_50,False,50,1.0,True,50,False,20,0.0,False,-6.738358944718073,932.6164105528193,38,0.10382513661202186,2.631578947368421,0.3336033633909295,-10.111634084778563,33.73275140060495,-2.7328740769671818,-1.7732523538731784,3,1501,False
50/200,8,8,50,0.002,0.005,2.0,be_1_2,20,True,False,False,all,0,0.5,prev_candle,bb_width_50,False,50,1.0,True,50,False,20,0.0,False,-6.738358944718073,932.6164105528193,38,0.10382513661202186,2.631578947368421,0.3336033633909295,-10.111634084778563,33.73275140060495,-2.7328740769671818,-1.7732523538731784,3,1501,False
50/200,8,8,50,0.002,0.005,1.5,be_1_2,20,True,False,False,all,0,0.5,prev_candle,atr_expansion_50_1.2,True,50,1.2,False,20,False,20,0.0,False,-6.744875129718958,932.5512487028104,38,0.10382513661202186,2.631578947368421,0.3333729913527277,-10.117914579257365,33.73039449538402,-2.734571507907395,-1.7749671393997264,3,1254,False
50/200,8,8,50,0.002,0.005,2.0,be_1_2,20,True,False,False,all,0,0.5,prev_candle,atr_expansion_50_1.2,True,50,1.2,False,20,False,20,0.0,False,-6.744875129718958,932.5512487028104,38,0.10382513661202186,2.631578947368421,0.3333729913527277,-10.117914579257365,33.73039449538402,-2.734571507907395,-1.7749671393997264,3,1254,False
50/200,8,8,50,0.002,0.005,1.5,be_1_2,20,True,False,False,all,0,0.5,prev_candle,chop_lt_50,False,50,1.0,False,20,False,20,50.0,False,-6.764232460061736,932.3576753993826,41,0.11202185792349727,2.4390243902439024,0.3326903193902766,-10.136571754633053,33.72339294571319,-2.534142938658257,-1.6498127951370025,3,1374,False
50/200,8,8,50,0.002,0.005,2.0,be_1_2,20,True,False,False,all,0,0.5,prev_candle,chop_lt_50,False,50,1.0,False,20,False,20,50.0,False,-6.764232460061736,932.3576753993826,41,0.11202185792349727,2.4390243902439024,0.3326903193902766,-10.136571754633053,33.72339294571319,-2.534142938658257,-1.6498127951370025,3,1374,False
50/200,8,8,50,0.002,0.005,1.5,be_1_2,20,True,False,False,all,0,0.5,prev_candle,atr_expansion_50_1.1,True,50,1.1,False,20,False,20,0.0,False,-7.151650835805936,928.4834916419406,38,0.10382513661202186,2.631578947368421,0.31953697910750783,-10.509977201150264,33.5832636534433,-2.8405343786892554,-1.882013377843662,3,1448,False
50/200,8,8,50,0.002,0.005,2.0,be_1_2,20,True,False,False,all,0,0.5,prev_candle,atr_expansion_50_1.1,True,50,1.1,False,20,False,20,0.0,False,-7.151650835805936,928.4834916419406,38,0.10382513661202186,2.631578947368421,0.31953697910750783,-10.509977201150264,33.5832636534433,-2.8405343786892554,-1.882013377843662,3,1448,False
50/200,8,8,50,0.002,0.005,1.5,be_1_2,20,True,False,False,all,0,0.5,prev_candle,atr_expansion_100_1.2,True,100,1.2,False,20,False,20,0.0,False,-7.271497718974422,927.2850228102558,40,0.1092896174863388,2.5,0.315655254260524,-10.625489220520183,33.53991501545757,-2.724484415517997,-1.8178744297436076,3,1510,False
50/200,8,8,50,0.002,0.005,2.0,be_1_2,20,True,False,False,all,0,0.5,prev_candle,atr_expansion_100_1.2,True,100,1.2,False,20,False,20,0.0,False,-7.271497718974422,927.2850228102558,40,0.1092896174863388,2.5,0.315655254260524,-10.625489220520183,33.53991501545757,-2.724484415517997,-1.8178744297436076,3,1510,False
50/200,8,8,50,0.002,0.005,1.5,be_1_2,20,True,False,False,all,0,0.5,prev_candle,atr_expansion_100_1.1,True,100,1.1,False,20,False,20,0.0,False,-7.7493260496517795,922.5067395034822,41,0.11202185792349727,2.4390243902439024,0.3009830471853464,-11.086034492365934,33.36708442714151,-2.7715086230914814,-1.8900795243053106,3,1662,False
50/200,8,8,50,0.002,0.005,2.0,be_1_2,20,True,False,False,all,0,0.5,prev_candle,atr_expansion_100_1.1,True,100,1.1,False,20,False,20,0.0,False,-7.7493260496517795,922.5067395034822,41,0.11202185792349727,2.4390243902439024,0.3009830471853464,-11.086034492365934,33.36708442714151,-2.7715086230914814,-1.8900795243053106,3,1662,False
50/200,8,8,50,0.002,0.005,1.5,be_1_2,20,True,False,False,all,0,0.5,prev_candle,baseline,False,50,1.0,False,20,False,20,0.0,False,-8.29338771839108,917.0661228160892,43,0.11748633879781421,2.3255813953488373,0.2856942689345568,-11.61041744131163,33.17029722920553,-2.764385105074197,-1.9286948182304826,3,2128,False
50/200,8,8,50,0.002,0.005,2.0,be_1_2,20,True,False,False,all,0,0.5,prev_candle,baseline,False,50,1.0,False,20,False,20,0.0,False,-8.29338771839108,917.0661228160892,43,0.11748633879781421,2.3255813953488373,0.2856942689345568,-11.61041744131163,33.17029722920553,-2.764385105074197,-1.9286948182304826,3,2128,False
