symbol,variant,strategy,month,trades,pnl,wins,losses
XAUUSDm,grid_thai_19_21_rr1.8_body2_wick0.4_closeOff_extOff_none_atrMin40_atrMaxOff,momentum,2025-01,9,59.4295482449633,4,5
XAUUSDm,grid_thai_19_21_rr1.8_body2_wick0.4_closeOff_extOff_none_atrMin40_atrMaxOff,momentum,2025-02,7,93.72210748695773,4,3
XAUUSDm,grid_thai_19_21_rr1.8_body2_wick0.4_closeOff_extOff_none_atrMin40_atrMaxOff,momentum,2025-03,4,-24.959302964612426,1,3
XAUUSDm,grid_thai_19_21_rr1.8_body2_wick0.4_closeOff_extOff_none_atrMin40_atrMaxOff,momentum,2025-04,7,-75.48394433007302,2,5
XAUUSDm,grid_thai_19_21_rr1.8_body2_wick0.4_closeOff_extOff_none_atrMin40_atrMaxOff,momentum,2025-05,9,-1.1602773735248917,3,6
XAUUSDm,grid_thai_19_21_rr1.8_body2_wick0.4_closeOff_extOff_none_atrMin40_atrMaxOff,momentum,2025-06,8,-23.81991331419397,4,4
XAUUSDm,grid_thai_19_21_rr1.8_body2_wick0.4_closeOff_extOff_none_atrMin40_atrMaxOff,momentum,2025-07,10,150.3737840824386,7,3
XAUUSDm,grid_thai_19_21_rr1.8_body2_wick0.4_closeOff_extOff_none_atrMin40_atrMaxOff,momentum,2025-08,10,90.81448197599006,6,4
XAUUSDm,grid_thai_19_21_rr1.8_body2_wick0.4_closeOff_extOff_none_atrMin40_atrMaxOff,momentum,2025-09,4,-36.22585629408184,1,3
XAUUSDm,grid_thai_19_21_rr1.8_body2_wick0.4_closeOff_extOff_none_atrMin40_atrMaxOff,momentum,2025-10,5,77.72807350990375,3,2
XAUUSDm,grid_thai_19_21_rr1.8_body2_wick0.4_closeOff_extOff_none_atrMin40_atrMaxOff,momentum,2025-11,5,-18.551173055237392,1,4
XAUUSDm,grid_thai_19_21_rr1.8_body2_wick0.4_closeOff_extOff_none_atrMin40_atrMaxOff,momentum,2025-12,4,105.5733326654935,3,1
XAUUSDm,grid_thai_19_21_rr1.8_body2_wick0.4_closeOff_extOff_none_atrMin40_atrMaxOff,momentum,2026-01,4,35.393790204399565,2,2
XAUUSDm,grid_thai_19_21_rr1.8_body2_wick0.4_closeOff_extOff_none_atrMin40_atrMaxOff,momentum,2026-02,5,-13.068272237345859,2,3
XAUUSDm,grid_thai_19_21_rr1.8_body2_wick0.4_closeOff_extOff_none_atrMin40_atrMaxOff,momentum,2026-03,7,249.92149572312587,7,0
XAUUSDm,grid_thai_19_21_rr1.8_body2_wick0.4_closeOff_extOff_none_atrMin40_atrMaxOff,momentum,2026-04,4,-75.94178639440621,1,3
XAUUSDm,grid_thai_19_21_rr1.8_body2_wick0.4_closeOff_extOff_none_atrMin40_atrMaxOff,momentum,2026-05,1,6.909488113928996,1,0
XAUUSDm,grid_thai_19_21_rr1.8_body2_wick0.5_closeOff_extOff_none_atrMin50_atrMaxOff,momentum,2025-01,9,59.4295482449633,4,5
XAUUSDm,grid_thai_19_21_rr1.8_body2_wick0.5_closeOff_extOff_none_atrMin50_atrMaxOff,momentum,2025-02,6,50.495580718335816,3,3
XAUUSDm,grid_thai_19_21_rr1.8_body2_wick0.5_closeOff_extOff_none_atrMin50_atrMaxOff,momentum,2025-03,4,-24.923798054087243,1,3
XAUUSDm,grid_thai_19_21_rr1.8_body2_wick0.5_closeOff_extOff_none_atrMin50_atrMaxOff,momentum,2025-04,7,-75.49911915675781,2,5
XAUUSDm,grid_thai_19_21_rr1.8_body2_wick0.5_closeOff_extOff_none_atrMin50_atrMaxOff,momentum,2025-05,8,33.61179072582638,4,4
XAUUSDm,grid_thai_19_21_rr1.8_body2_wick0.5_closeOff_extOff_none_atrMin50_atrMaxOff,momentum,2025-06,8,-23.86233829590188,4,4
XAUUSDm,grid_thai_19_21_rr1.8_body2_wick0.5_closeOff_extOff_none_atrMin50_atrMaxOff,momentum,2025-07,10,150.41051627342318,7,3
XAUUSDm,grid_thai_19_21_rr1.8_body2_wick0.5_closeOff_extOff_none_atrMin50_atrMaxOff,momentum,2025-08,10,90.80763201292288,6,4
XAUUSDm,grid_thai_19_21_rr1.8_body2_wick0.5_closeOff_extOff_none_atrMin50_atrMaxOff,momentum,2025-09,4,-36.22304937685088,1,3
XAUUSDm,grid_thai_19_21_rr1.8_body2_wick0.5_closeOff_extOff_none_atrMin50_atrMaxOff,momentum,2025-10,6,121.36786711876988,4,2
XAUUSDm,grid_thai_19_21_rr1.8_body2_wick0.5_closeOff_extOff_none_atrMin50_atrMaxOff,momentum,2025-11,6,-19.508829479858896,1,5
XAUUSDm,grid_thai_19_21_rr1.8_body2_wick0.5_closeOff_extOff_none_atrMin50_atrMaxOff,momentum,2025-12,6,69.59943245993254,3,3
XAUUSDm,grid_thai_19_21_rr1.8_body2_wick0.5_closeOff_extOff_none_atrMin50_atrMaxOff,momentum,2026-01,4,35.38970311175424,2,2
XAUUSDm,grid_thai_19_21_rr1.8_body2_wick0.5_closeOff_extOff_none_atrMin50_atrMaxOff,momentum,2026-02,4,12.906356713975978,2,2
XAUUSDm,grid_thai_19_21_rr1.8_body2_wick0.5_closeOff_extOff_none_atrMin50_atrMaxOff,momentum,2026-03,7,191.69199077519428,6,1
XAUUSDm,grid_thai_19_21_rr1.8_body2_wick0.5_closeOff_extOff_none_atrMin50_atrMaxOff,momentum,2026-04,4,-76.05415260945115,1,3
XAUUSDm,grid_thai_19_21_rr1.8_body2_wick0.5_closeOff_extOff_none_atrMin50_atrMaxOff,momentum,2026-05,1,6.793622296334332,1,0
XAUUSDm,grid_thai_19_21_rr1.5_body2_wick0.5_closeOff_extOff_none_atrMin50_atrMaxOff,momentum,2025-01,9,29.428048244963623,4,5
XAUUSDm,grid_thai_19_21_rr1.5_body2_wick0.5_closeOff_extOff_none_atrMin50_atrMaxOff,momentum,2025-02,6,27.99333071833584,3,3
XAUUSDm,grid_thai_19_21_rr1.5_body2_wick0.5_closeOff_extOff_none_atrMin50_atrMaxOff,momentum,2025-03,4,30.081701945913416,2,2
XAUUSDm,grid_thai_19_21_rr1.5_body2_wick0.5_closeOff_extOff_none_atrMin50_atrMaxOff,momentum,2025-04,7,-20.49361915675816,3,4
XAUUSDm,grid_thai_19_21_rr1.5_body2_wick0.5_closeOff_extOff_none_atrMin50_atrMaxOff,momentum,2025-05,8,11.112540725826523,4,4
XAUUSDm,grid_thai_19_21_rr1.5_body2_wick0.5_closeOff_extOff_none_atrMin50_atrMaxOff,momentum,2025-06,8,-0.3064291509159247,4,4
XAUUSDm,grid_thai_19_21_rr1.5_body2_wick0.5_closeOff_extOff_none_atrMin50_atrMaxOff,momentum,2025-07,10,112.90976627342435,7,3
XAUUSDm,grid_thai_19_21_rr1.5_body2_wick0.5_closeOff_extOff_none_atrMin50_atrMaxOff,momentum,2025-08,11,41.149025289616105,6,5
XAUUSDm,grid_thai_19_21_rr1.5_body2_wick0.5_closeOff_extOff_none_atrMin50_atrMaxOff,momentum,2025-09,4,-43.72262765503017,1,3
XAUUSDm,grid_thai_19_21_rr1.5_body2_wick0.5_closeOff_extOff_none_atrMin50_atrMaxOff,momentum,2025-10,6,136.97239795583658,5,1
XAUUSDm,grid_thai_19_21_rr1.5_body2_wick0.5_closeOff_extOff_none_atrMin50_atrMaxOff,momentum,2025-11,6,-27.01676740866011,1,5
XAUUSDm,grid_thai_19_21_rr1.5_body2_wick0.5_closeOff_extOff_none_atrMin50_atrMaxOff,momentum,2025-12,6,47.11461095828999,3,3
XAUUSDm,grid_thai_19_21_rr1.5_body2_wick0.5_closeOff_extOff_none_atrMin50_atrMaxOff,momentum,2026-01,4,20.39524493187344,2,2
XAUUSDm,grid_thai_19_21_rr1.5_body2_wick0.5_closeOff_extOff_none_atrMin50_atrMaxOff,momentum,2026-02,5,74.67473202273223,3,2
XAUUSDm,grid_thai_19_21_rr1.5_body2_wick0.5_closeOff_extOff_none_atrMin50_atrMaxOff,momentum,2026-03,6,124.8993877441163,5,1
XAUUSDm,grid_thai_19_21_rr1.5_body2_wick0.5_closeOff_extOff_none_atrMin50_atrMaxOff,momentum,2026-04,4,-76.04692613936825,1,3
XAUUSDm,grid_thai_19_21_rr1.5_body2_wick0.5_closeOff_extOff_none_atrMin50_atrMaxOff,momentum,2026-05,1,6.824910688165451,1,0
XAUUSDm,grid_thai_19_21_rr1.5_body2_wick0.4_closeOff_extOff_none_atrMin40_atrMaxOff,momentum,2025-01,9,29.428048244963623,4,5
XAUUSDm,grid_thai_19_21_rr1.5_body2_wick0.4_closeOff_extOff_none_atrMin40_atrMaxOff,momentum,2025-02,7,63.72060748695802,4,3
XAUUSDm,grid_thai_19_21_rr1.5_body2_wick0.4_closeOff_extOff_none_atrMin40_atrMaxOff,momentum,2025-03,4,30.046197035388452,2,2
XAUUSDm,grid_thai_19_21_rr1.5_body2_wick0.4_closeOff_extOff_none_atrMin40_atrMaxOff,momentum,2025-04,7,-20.478444330073575,3,4
XAUUSDm,grid_thai_19_21_rr1.5_body2_wick0.4_closeOff_extOff_none_atrMin40_atrMaxOff,momentum,2025-05,9,-23.659527373524448,3,6
XAUUSDm,grid_thai_19_21_rr1.5_body2_wick0.4_closeOff_extOff_none_atrMin40_atrMaxOff,momentum,2025-06,8,-0.3662191284034577,4,4
XAUUSDm,grid_thai_19_21_rr1.5_body2_wick0.4_closeOff_extOff_none_atrMin40_atrMaxOff,momentum,2025-07,10,112.8730340824385,7,3
XAUUSDm,grid_thai_19_21_rr1.5_body2_wick0.4_closeOff_extOff_none_atrMin40_atrMaxOff,momentum,2025-08,11,41.1912435306145,6,5
XAUUSDm,grid_thai_19_21_rr1.5_body2_wick0.4_closeOff_extOff_none_atrMin40_atrMaxOff,momentum,2025-09,4,-43.732372163408705,1,3
XAUUSDm,grid_thai_19_21_rr1.5_body2_wick0.4_closeOff_extOff_none_atrMin40_atrMaxOff,momentum,2025-10,5,100.74993713017349,4,1
XAUUSDm,grid_thai_19_21_rr1.5_body2_wick0.4_closeOff_extOff_none_atrMin40_atrMaxOff,momentum,2025-11,5,-26.087722379704108,1,4
XAUUSDm,grid_thai_19_21_rr1.5_body2_wick0.4_closeOff_extOff_none_atrMin40_atrMaxOff,momentum,2025-12,4,83.07093764947865,3,1
XAUUSDm,grid_thai_19_21_rr1.5_body2_wick0.4_closeOff_extOff_none_atrMin40_atrMaxOff,momentum,2026-01,4,20.386470603337916,2,2
XAUUSDm,grid_thai_19_21_rr1.5_body2_wick0.4_closeOff_extOff_none_atrMin40_atrMaxOff,momentum,2026-02,6,16.177803917418565,3,3
XAUUSDm,grid_thai_19_21_rr1.5_body2_wick0.4_closeOff_extOff_none_atrMin40_atrMaxOff,momentum,2026-03,6,175.67663131498227,6,0
XAUUSDm,grid_thai_19_21_rr1.5_body2_wick0.4_closeOff_extOff_none_atrMin40_atrMaxOff,momentum,2026-04,4,-76.05415260945115,1,3
XAUUSDm,grid_thai_19_21_rr1.5_body2_wick0.4_closeOff_extOff_none_atrMin40_atrMaxOff,momentum,2026-05,1,6.793622296334332,1,0
XAUUSDm,grid_thai_19_21_rr2_body2_wick0.4_closeOff_extOff_none_atrMin30_atrMaxOff,momentum,2025-01,9,79.43054824496286,4,5
XAUUSDm,grid_thai_19_21_rr2_body2_wick0.4_closeOff_extOff_none_atrMin30_atrMaxOff,momentum,2025-02,7,113.7724278371837,4,3
XAUUSDm,grid_thai_19_21_rr2_body2_wick0.4_closeOff_extOff_none_atrMin30_atrMaxOff,momentum,2025-03,4,-19.958802964611557,1,3
XAUUSDm,grid_thai_19_21_rr2_body2_wick0.4_closeOff_extOff_none_atrMin30_atrMaxOff,momentum,2025-04,7,-145.49094433007323,1,6
XAUUSDm,grid_thai_19_21_rr2_body2_wick0.4_closeOff_extOff_none_atrMin30_atrMaxOff,momentum,2025-05,9,13.790078587455817,3,6
XAUUSDm,grid_thai_19_21_rr2_body2_wick0.4_closeOff_extOff_none_atrMin30_atrMaxOff,momentum,2025-06,8,-18.820413314193765,4,4
XAUUSDm,grid_thai_19_21_rr2_body2_wick0.4_closeOff_extOff_none_atrMin30_atrMaxOff,momentum,2025-07,10,175.37428408243852,7,3
XAUUSDm,grid_thai_19_21_rr2_body2_wick0.4_closeOff_extOff_none_atrMin30_atrMaxOff,momentum,2025-08,10,105.81298197598888,6,4
XAUUSDm,grid_thai_19_21_rr2_body2_wick0.4_closeOff_extOff_none_atrMin30_atrMaxOff,momentum,2025-09,4,-69.85993007985253,1,3
XAUUSDm,grid_thai_19_21_rr2_body2_wick0.4_closeOff_extOff_none_atrMin30_atrMaxOff,momentum,2025-10,5,87.72907350990386,3,2
XAUUSDm,grid_thai_19_21_rr2_body2_wick0.4_closeOff_extOff_none_atrMin30_atrMaxOff,momentum,2025-11,4,-4.566321690822754,1,3
XAUUSDm,grid_thai_19_21_rr2_body2_wick0.4_closeOff_extOff_none_atrMin30_atrMaxOff,momentum,2025-12,5,94.28907854742631,3,2
XAUUSDm,grid_thai_19_21_rr2_body2_wick0.4_closeOff_extOff_none_atrMin30_atrMaxOff,momentum,2026-01,5,18.57474072110065,2,3
XAUUSDm,grid_thai_19_21_rr2_body2_wick0.4_closeOff_extOff_none_atrMin30_atrMaxOff,momentum,2026-02,5,36.39995252283351,2,3
XAUUSDm,grid_thai_19_21_rr2_body2_wick0.4_closeOff_extOff_none_atrMin30_atrMaxOff,momentum,2026-03,7,142.20137672031132,5,2
XAUUSDm,grid_thai_19_21_rr2_body2_wick0.4_closeOff_extOff_none_atrMin30_atrMaxOff,momentum,2026-04,4,-76.05415260945115,1,3
XAUUSDm,grid_thai_19_21_rr2_body2_wick0.4_closeOff_extOff_none_atrMin30_atrMaxOff,momentum,2026-05,1,6.793622296334332,1,0
XAUUSDm,grid_thai_19_21_rr1.8_body2_wick0.4_closeOff_extOff_none_atrMin50_atrMaxOff,momentum,2025-01,9,59.4295482449633,4,5
XAUUSDm,grid_thai_19_21_rr1.8_body2_wick0.4_closeOff_extOff_none_atrMin50_atrMaxOff,momentum,2025-02,6,50.495580718335816,3,3
XAUUSDm,grid_thai_19_21_rr1.8_body2_wick0.4_closeOff_extOff_none_atrMin50_atrMaxOff,momentum,2025-03,4,-24.923798054087243,1,3
XAUUSDm,grid_thai_19_21_rr1.8_body2_wick0.4_closeOff_extOff_none_atrMin50_atrMaxOff,momentum,2025-04,7,-75.49911915675781,2,5
XAUUSDm,grid_thai_19_21_rr1.8_body2_wick0.4_closeOff_extOff_none_atrMin50_atrMaxOff,momentum,2025-05,8,25.495887257194543,3,5
XAUUSDm,grid_thai_19_21_rr1.8_body2_wick0.4_closeOff_extOff_none_atrMin50_atrMaxOff,momentum,2025-06,8,-23.86233829590188,4,4
XAUUSDm,grid_thai_19_21_rr1.8_body2_wick0.4_closeOff_extOff_none_atrMin50_atrMaxOff,momentum,2025-07,10,150.41051627342318,7,3
XAUUSDm,grid_thai_19_21_rr1.8_body2_wick0.4_closeOff_extOff_none_atrMin50_atrMaxOff,momentum,2025-08,10,90.80763201292288,6,4
XAUUSDm,grid_thai_19_21_rr1.8_body2_wick0.4_closeOff_extOff_none_atrMin50_atrMaxOff,momentum,2025-09,4,-36.22304937685088,1,3
XAUUSDm,grid_thai_19_21_rr1.8_body2_wick0.4_closeOff_extOff_none_atrMin50_atrMaxOff,momentum,2025-10,5,77.69353296890912,3,2
XAUUSDm,grid_thai_19_21_rr1.8_body2_wick0.4_closeOff_extOff_none_atrMin50_atrMaxOff,momentum,2025-11,5,-18.478993694152344,1,4
XAUUSDm,grid_thai_19_21_rr1.8_body2_wick0.4_closeOff_extOff_none_atrMin50_atrMaxOff,momentum,2025-12,4,105.57110833903594,3,1
XAUUSDm,grid_thai_19_21_rr1.8_body2_wick0.4_closeOff_extOff_none_atrMin50_atrMaxOff,momentum,2026-01,4,35.40072237039461,2,2
XAUUSDm,grid_thai_19_21_rr1.8_body2_wick0.4_closeOff_extOff_none_atrMin50_atrMaxOff,momentum,2026-02,4,12.96573167016566,2,2
XAUUSDm,grid_thai_19_21_rr1.8_body2_wick0.4_closeOff_extOff_none_atrMin50_atrMaxOff,momentum,2026-03,7,121.68520184715632,5,2
XAUUSDm,grid_thai_19_21_rr1.8_body2_wick0.4_closeOff_extOff_none_atrMin50_atrMaxOff,momentum,2026-04,4,-76.01715845090412,1,3
XAUUSDm,grid_thai_19_21_rr1.8_body2_wick0.4_closeOff_extOff_none_atrMin50_atrMaxOff,momentum,2026-05,1,6.794817114869891,1,0
XAUUSDm,grid_thai_19_21_rr1.8_body2_wick0.4_closeOff_extOff_none_atrMin30_atrMaxOff,momentum,2025-01,9,59.4295482449633,4,5
XAUUSDm,grid_thai_19_21_rr1.8_body2_wick0.4_closeOff_extOff_none_atrMin30_atrMaxOff,momentum,2025-02,7,93.77142783718331,4,3
XAUUSDm,grid_thai_19_21_rr1.8_body2_wick0.4_closeOff_extOff_none_atrMin30_atrMaxOff,momentum,2025-03,4,-24.959302964612426,1,3
XAUUSDm,grid_thai_19_21_rr1.8_body2_wick0.4_closeOff_extOff_none_atrMin30_atrMaxOff,momentum,2025-04,7,-75.48394433007302,2,5
XAUUSDm,grid_thai_19_21_rr1.8_body2_wick0.4_closeOff_extOff_none_atrMin30_atrMaxOff,momentum,2025-05,9,-1.2094214125441667,3,6
XAUUSDm,grid_thai_19_21_rr1.8_body2_wick0.4_closeOff_extOff_none_atrMin30_atrMaxOff,momentum,2025-06,8,-23.81991331419397,4,4
XAUUSDm,grid_thai_19_21_rr1.8_body2_wick0.4_closeOff_extOff_none_atrMin30_atrMaxOff,momentum,2025-07,10,150.3737840824386,7,3
XAUUSDm,grid_thai_19_21_rr1.8_body2_wick0.4_closeOff_extOff_none_atrMin30_atrMaxOff,momentum,2025-08,10,90.81448197599006,6,4
XAUUSDm,grid_thai_19_21_rr1.8_body2_wick0.4_closeOff_extOff_none_atrMin30_atrMaxOff,momentum,2025-09,4,-36.22585629408184,1,3
XAUUSDm,grid_thai_19_21_rr1.8_body2_wick0.4_closeOff_extOff_none_atrMin30_atrMaxOff,momentum,2025-10,5,77.72807350990375,3,2
XAUUSDm,grid_thai_19_21_rr1.8_body2_wick0.4_closeOff_extOff_none_atrMin30_atrMaxOff,momentum,2025-11,5,-18.551173055237392,1,4
XAUUSDm,grid_thai_19_21_rr1.8_body2_wick0.4_closeOff_extOff_none_atrMin30_atrMaxOff,momentum,2025-12,5,79.29186834770985,3,2
XAUUSDm,grid_thai_19_21_rr1.8_body2_wick0.4_closeOff_extOff_none_atrMin30_atrMaxOff,momentum,2026-01,5,8.570709305046435,2,3
XAUUSDm,grid_thai_19_21_rr1.8_body2_wick0.4_closeOff_extOff_none_atrMin30_atrMaxOff,momentum,2026-02,5,26.375323074606186,2,3
XAUUSDm,grid_thai_19_21_rr1.8_body2_wick0.4_closeOff_extOff_none_atrMin30_atrMaxOff,momentum,2026-03,7,179.90066615556657,6,1
XAUUSDm,grid_thai_19_21_rr1.8_body2_wick0.4_closeOff_extOff_none_atrMin30_atrMaxOff,momentum,2026-04,4,-76.04692613936825,1,3
XAUUSDm,grid_thai_19_21_rr1.8_body2_wick0.4_closeOff_extOff_none_atrMin30_atrMaxOff,momentum,2026-05,1,6.824910688165451,1,0
XAUUSDm,grid_thai_19_21_rr1.5_body2_wick0.4_closeOff_extOff_none_atrMin50_atrMaxOff,momentum,2025-01,9,29.428048244963623,4,5
XAUUSDm,grid_thai_19_21_rr1.5_body2_wick0.4_closeOff_extOff_none_atrMin50_atrMaxOff,momentum,2025-02,6,27.99333071833584,3,3
XAUUSDm,grid_thai_19_21_rr1.5_body2_wick0.4_closeOff_extOff_none_atrMin50_atrMaxOff,momentum,2025-03,4,30.081701945913416,2,2
XAUUSDm,grid_thai_19_21_rr1.5_body2_wick0.4_closeOff_extOff_none_atrMin50_atrMaxOff,momentum,2025-04,7,-20.49361915675816,3,4
XAUUSDm,grid_thai_19_21_rr1.5_body2_wick0.4_closeOff_extOff_none_atrMin50_atrMaxOff,momentum,2025-05,8,2.9966372571946884,3,5
XAUUSDm,grid_thai_19_21_rr1.5_body2_wick0.4_closeOff_extOff_none_atrMin50_atrMaxOff,momentum,2025-06,8,-0.3064291509159247,4,4
XAUUSDm,grid_thai_19_21_rr1.5_body2_wick0.4_closeOff_extOff_none_atrMin50_atrMaxOff,momentum,2025-07,10,112.90976627342435,7,3
XAUUSDm,grid_thai_19_21_rr1.5_body2_wick0.4_closeOff_extOff_none_atrMin50_atrMaxOff,momentum,2025-08,11,41.149025289616105,6,5
XAUUSDm,grid_thai_19_21_rr1.5_body2_wick0.4_closeOff_extOff_none_atrMin50_atrMaxOff,momentum,2025-09,4,-43.72262765503017,1,3
XAUUSDm,grid_thai_19_21_rr1.5_body2_wick0.4_closeOff_extOff_none_atrMin50_atrMaxOff,momentum,2025-10,5,100.77305641564334,4,1
XAUUSDm,grid_thai_19_21_rr1.5_body2_wick0.4_closeOff_extOff_none_atrMin50_atrMaxOff,momentum,2025-11,5,-25.987259853937474,1,4
XAUUSDm,grid_thai_19_21_rr1.5_body2_wick0.4_closeOff_extOff_none_atrMin50_atrMaxOff,momentum,2025-12,4,83.07191608960756,3,1
XAUUSDm,grid_thai_19_21_rr1.5_body2_wick0.4_closeOff_extOff_none_atrMin50_atrMaxOff,momentum,2026-01,4,20.397481864018637,2,2
XAUUSDm,grid_thai_19_21_rr1.5_body2_wick0.4_closeOff_extOff_none_atrMin50_atrMaxOff,momentum,2026-02,5,42.14867087695594,3,2
XAUUSDm,grid_thai_19_21_rr1.5_body2_wick0.4_closeOff_extOff_none_atrMin50_atrMaxOff,momentum,2026-03,6,124.9018478640153,5,1
XAUUSDm,grid_thai_19_21_rr1.5_body2_wick0.4_closeOff_extOff_none_atrMin50_atrMaxOff,momentum,2026-04,4,-75.97902118221788,1,3
XAUUSDm,grid_thai_19_21_rr1.5_body2_wick0.4_closeOff_extOff_none_atrMin50_atrMaxOff,momentum,2026-05,1,6.803571965446584,1,0
XAUUSDm,grid_thai_19_21_rr1.8_body2_wick0.5_closeOff_extOff_none_atrMin40_atrMaxOff,momentum,2025-01,9,59.4295482449633,4,5
XAUUSDm,grid_thai_19_21_rr1.8_body2_wick0.5_closeOff_extOff_none_atrMin40_atrMaxOff,momentum,2025-02,7,93.72210748695773,4,3
XAUUSDm,grid_thai_19_21_rr1.8_body2_wick0.5_closeOff_extOff_none_atrMin40_atrMaxOff,momentum,2025-03,4,-24.959302964612426,1,3
XAUUSDm,grid_thai_19_21_rr1.8_body2_wick0.5_closeOff_extOff_none_atrMin40_atrMaxOff,momentum,2025-04,7,-75.48394433007302,2,5
XAUUSDm,grid_thai_19_21_rr1.8_body2_wick0.5_closeOff_extOff_none_atrMin40_atrMaxOff,momentum,2025-05,9,6.940070160207213,4,5
XAUUSDm,grid_thai_19_21_rr1.8_body2_wick0.5_closeOff_extOff_none_atrMin40_atrMaxOff,momentum,2025-06,8,-23.81991331419397,4,4
XAUUSDm,grid_thai_19_21_rr1.8_body2_wick0.5_closeOff_extOff_none_atrMin40_atrMaxOff,momentum,2025-07,10,150.3737840824386,7,3
XAUUSDm,grid_thai_19_21_rr1.8_body2_wick0.5_closeOff_extOff_none_atrMin40_atrMaxOff,momentum,2025-08,10,90.81448197599006,6,4
XAUUSDm,grid_thai_19_21_rr1.8_body2_wick0.5_closeOff_extOff_none_atrMin40_atrMaxOff,momentum,2025-09,4,-36.22585629408184,1,3
XAUUSDm,grid_thai_19_21_rr1.8_body2_wick0.5_closeOff_extOff_none_atrMin40_atrMaxOff,momentum,2025-10,7,94.05040338095274,4,3
XAUUSDm,grid_thai_19_21_rr1.8_body2_wick0.5_closeOff_extOff_none_atrMin40_atrMaxOff,momentum,2025-11,6,-19.618488008776783,1,5
XAUUSDm,grid_thai_19_21_rr1.8_body2_wick0.5_closeOff_extOff_none_atrMin40_atrMaxOff,momentum,2025-12,6,69.62686596665691,3,3
XAUUSDm,grid_thai_19_21_rr1.8_body2_wick0.5_closeOff_extOff_none_atrMin40_atrMaxOff,momentum,2026-01,4,35.39333500274719,2,2
XAUUSDm,grid_thai_19_21_rr1.8_body2_wick0.5_closeOff_extOff_none_atrMin40_atrMaxOff,momentum,2026-02,5,-13.090655137461006,2,3
XAUUSDm,grid_thai_19_21_rr1.8_body2_wick0.5_closeOff_extOff_none_atrMin40_atrMaxOff,momentum,2026-03,7,180.02763865546893,6,1
XAUUSDm,grid_thai_19_21_rr1.8_body2_wick0.5_closeOff_extOff_none_atrMin40_atrMaxOff,momentum,2026-04,4,-76.0544748552494,1,3
XAUUSDm,grid_thai_19_21_rr1.8_body2_wick0.5_closeOff_extOff_none_atrMin40_atrMaxOff,momentum,2026-05,1,6.908434637927314,1,0
XAUUSDm,grid_thai_19_21_rr1.8_body1.8_wick0.3_closeOff_extOff_none_atrMin30_atrMaxOff,momentum,2025-01,9,-10.25877574671507,3,6
XAUUSDm,grid_thai_19_21_rr1.8_body1.8_wick0.3_closeOff_extOff_none_atrMin30_atrMaxOff,momentum,2025-02,7,23.963201600313518,3,4
XAUUSDm,grid_thai_19_21_rr1.8_body1.8_wick0.3_closeOff_extOff_none_atrMin30_atrMaxOff,momentum,2025-03,4,-24.131629138807092,1,3
XAUUSDm,grid_thai_19_21_rr1.8_body1.8_wick0.3_closeOff_extOff_none_atrMin30_atrMaxOff,momentum,2025-04,7,-5.3344170490042515,3,4
XAUUSDm,grid_thai_19_21_rr1.8_body1.8_wick0.3_closeOff_extOff_none_atrMin30_atrMaxOff,momentum,2025-05,8,24.571355638820815,3,5
XAUUSDm,grid_thai_19_21_rr1.8_body1.8_wick0.3_closeOff_extOff_none_atrMin30_atrMaxOff,momentum,2025-06,7,-24.601879284695627,3,4
XAUUSDm,grid_thai_19_21_rr1.8_body1.8_wick0.3_closeOff_extOff_none_atrMin30_atrMaxOff,momentum,2025-07,11,194.66873559539738,8,3
XAUUSDm,grid_thai_19_21_rr1.8_body1.8_wick0.3_closeOff_extOff_none_atrMin30_atrMaxOff,momentum,2025-08,9,117.95034035576259,6,3
XAUUSDm,grid_thai_19_21_rr1.8_body1.8_wick0.3_closeOff_extOff_none_atrMin30_atrMaxOff,momentum,2025-09,4,-36.43857835097775,1,3
XAUUSDm,grid_thai_19_21_rr1.8_body1.8_wick0.3_closeOff_extOff_none_atrMin30_atrMaxOff,momentum,2025-10,4,62.0690525953665,2,2
XAUUSDm,grid_thai_19_21_rr1.8_body1.8_wick0.3_closeOff_extOff_none_atrMin30_atrMaxOff,momentum,2025-11,5,-18.582878311021293,1,4
XAUUSDm,grid_thai_19_21_rr1.8_body1.8_wick0.3_closeOff_extOff_none_atrMin30_atrMaxOff,momentum,2025-12,5,8.265549374676237,2,3
XAUUSDm,grid_thai_19_21_rr1.8_body1.8_wick0.3_closeOff_extOff_none_atrMin30_atrMaxOff,momentum,2026-01,5,9.321075055942032,2,3
XAUUSDm,grid_thai_19_21_rr1.8_body1.8_wick0.3_closeOff_extOff_none_atrMin30_atrMaxOff,momentum,2026-02,5,26.358948975903182,2,3
XAUUSDm,grid_thai_19_21_rr1.8_body1.8_wick0.3_closeOff_extOff_none_atrMin30_atrMaxOff,momentum,2026-03,8,220.12687676134416,7,1
XAUUSDm,grid_thai_19_21_rr1.8_body1.8_wick0.3_closeOff_extOff_none_atrMin30_atrMaxOff,momentum,2026-04,4,-75.83252944487751,1,3
XAUUSDm,grid_thai_19_21_rr1.8_body1.8_wick0.3_closeOff_extOff_none_atrMin30_atrMaxOff,momentum,2026-05,1,6.909488113928996,1,0
XAUUSDm,grid_thai_19_21_rr2_body2_wick0.5_closeOff_extOff_none_atrMin30_atrMaxOff,momentum,2025-01,9,79.43054824496286,4,5
XAUUSDm,grid_thai_19_21_rr2_body2_wick0.5_closeOff_extOff_none_atrMin30_atrMaxOff,momentum,2025-02,7,113.7724278371837,4,3
XAUUSDm,grid_thai_19_21_rr2_body2_wick0.5_closeOff_extOff_none_atrMin30_atrMaxOff,momentum,2025-03,4,-19.958802964611557,1,3
XAUUSDm,grid_thai_19_21_rr2_body2_wick0.5_closeOff_extOff_none_atrMin30_atrMaxOff,momentum,2025-04,7,-145.49094433007323,1,6
XAUUSDm,grid_thai_19_21_rr2_body2_wick0.5_closeOff_extOff_none_atrMin30_atrMaxOff,momentum,2025-05,9,21.89042612118792,4,5
XAUUSDm,grid_thai_19_21_rr2_body2_wick0.5_closeOff_extOff_none_atrMin30_atrMaxOff,momentum,2025-06,8,-18.820413314193765,4,4
XAUUSDm,grid_thai_19_21_rr2_body2_wick0.5_closeOff_extOff_none_atrMin30_atrMaxOff,momentum,2025-07,10,175.37428408243852,7,3
XAUUSDm,grid_thai_19_21_rr2_body2_wick0.5_closeOff_extOff_none_atrMin30_atrMaxOff,momentum,2025-08,10,105.81298197598888,6,4
XAUUSDm,grid_thai_19_21_rr2_body2_wick0.5_closeOff_extOff_none_atrMin30_atrMaxOff,momentum,2025-09,4,-69.85993007985253,1,3
XAUUSDm,grid_thai_19_21_rr2_body2_wick0.5_closeOff_extOff_none_atrMin30_atrMaxOff,momentum,2025-10,7,109.05090338095201,4,3
XAUUSDm,grid_thai_19_21_rr2_body2_wick0.5_closeOff_extOff_none_atrMin30_atrMaxOff,momentum,2025-11,5,-5.633795508862524,1,4
XAUUSDm,grid_thai_19_21_rr2_body2_wick0.5_closeOff_extOff_none_atrMin30_atrMaxOff,momentum,2025-12,7,58.29498947140496,3,4
XAUUSDm,grid_thai_19_21_rr2_body2_wick0.5_closeOff_extOff_none_atrMin30_atrMaxOff,momentum,2026-01,5,18.576575295766933,2,3
XAUUSDm,grid_thai_19_21_rr2_body2_wick0.5_closeOff_extOff_none_atrMin30_atrMaxOff,momentum,2026-02,5,36.38573207260075,2,3
XAUUSDm,grid_thai_19_21_rr2_body2_wick0.5_closeOff_extOff_none_atrMin30_atrMaxOff,momentum,2026-03,7,142.1190604631125,5,2
XAUUSDm,grid_thai_19_21_rr2_body2_wick0.5_closeOff_extOff_none_atrMin30_atrMaxOff,momentum,2026-04,4,-76.03250044345405,1,3
XAUUSDm,grid_thai_19_21_rr2_body2_wick0.5_closeOff_extOff_none_atrMin30_atrMaxOff,momentum,2026-05,1,6.937535208191184,1,0
XAUUSDm,grid_thai_19_21_rr1.5_body2_wick0.4_closeOff_extOff_none_atrMin30_atrMaxOff,momentum,2025-01,9,29.428048244963623,4,5
XAUUSDm,grid_thai_19_21_rr1.5_body2_wick0.4_closeOff_extOff_none_atrMin30_atrMaxOff,momentum,2025-02,7,63.76992783718345,4,3
XAUUSDm,grid_thai_19_21_rr1.5_body2_wick0.4_closeOff_extOff_none_atrMin30_atrMaxOff,momentum,2025-03,4,30.046197035388452,2,2
XAUUSDm,grid_thai_19_21_rr1.5_body2_wick0.4_closeOff_extOff_none_atrMin30_atrMaxOff,momentum,2025-04,7,-20.478444330073575,3,4
XAUUSDm,grid_thai_19_21_rr1.5_body2_wick0.4_closeOff_extOff_none_atrMin30_atrMaxOff,momentum,2025-05,9,-23.708671412544774,3,6
XAUUSDm,grid_thai_19_21_rr1.5_body2_wick0.4_closeOff_extOff_none_atrMin30_atrMaxOff,momentum,2025-06,8,-0.3662191284034577,4,4
XAUUSDm,grid_thai_19_21_rr1.5_body2_wick0.4_closeOff_extOff_none_atrMin30_atrMaxOff,momentum,2025-07,10,112.8730340824385,7,3
XAUUSDm,grid_thai_19_21_rr1.5_body2_wick0.4_closeOff_extOff_none_atrMin30_atrMaxOff,momentum,2025-08,11,41.1912435306145,6,5
XAUUSDm,grid_thai_19_21_rr1.5_body2_wick0.4_closeOff_extOff_none_atrMin30_atrMaxOff,momentum,2025-09,4,-43.732372163408705,1,3
XAUUSDm,grid_thai_19_21_rr1.5_body2_wick0.4_closeOff_extOff_none_atrMin30_atrMaxOff,momentum,2025-10,5,100.74993713017349,4,1
XAUUSDm,grid_thai_19_21_rr1.5_body2_wick0.4_closeOff_extOff_none_atrMin30_atrMaxOff,momentum,2025-11,5,-26.087722379704108,1,4
XAUUSDm,grid_thai_19_21_rr1.5_body2_wick0.4_closeOff_extOff_none_atrMin30_atrMaxOff,momentum,2025-12,5,56.78530439622101,3,2
XAUUSDm,grid_thai_19_21_rr1.5_body2_wick0.4_closeOff_extOff_none_atrMin30_atrMaxOff,momentum,2026-01,5,-6.425425009501524,2,3
XAUUSDm,grid_thai_19_21_rr1.5_body2_wick0.4_closeOff_extOff_none_atrMin30_atrMaxOff,momentum,2026-02,7,52.48219647828175,4,3
XAUUSDm,grid_thai_19_21_rr1.5_body2_wick0.4_closeOff_extOff_none_atrMin30_atrMaxOff,momentum,2026-03,6,175.72108178846216,6,0
XAUUSDm,grid_thai_19_21_rr1.5_body2_wick0.4_closeOff_extOff_none_atrMin30_atrMaxOff,momentum,2026-04,4,-75.96156151022574,1,3
XAUUSDm,grid_thai_19_21_rr1.5_body2_wick0.4_closeOff_extOff_none_atrMin30_atrMaxOff,momentum,2026-05,1,6.879177564761375,1,0
XAUUSDm,grid_thai_19_21_rr1.5_body2_wick0.5_closeOff_extOff_none_atrMin40_atrMaxOff,momentum,2025-01,9,29.428048244963623,4,5
XAUUSDm,grid_thai_19_21_rr1.5_body2_wick0.5_closeOff_extOff_none_atrMin40_atrMaxOff,momentum,2025-02,7,63.72060748695802,4,3
XAUUSDm,grid_thai_19_21_rr1.5_body2_wick0.5_closeOff_extOff_none_atrMin40_atrMaxOff,momentum,2025-03,4,30.046197035388452,2,2
XAUUSDm,grid_thai_19_21_rr1.5_body2_wick0.5_closeOff_extOff_none_atrMin40_atrMaxOff,momentum,2025-04,7,-20.478444330073575,3,4
XAUUSDm,grid_thai_19_21_rr1.5_body2_wick0.5_closeOff_extOff_none_atrMin40_atrMaxOff,momentum,2025-05,9,-15.559179839792343,4,5
XAUUSDm,grid_thai_19_21_rr1.5_body2_wick0.5_closeOff_extOff_none_atrMin40_atrMaxOff,momentum,2025-06,8,-0.3662191284034577,4,4
XAUUSDm,grid_thai_19_21_rr1.5_body2_wick0.5_closeOff_extOff_none_atrMin40_atrMaxOff,momentum,2025-07,10,112.8730340824385,7,3
XAUUSDm,grid_thai_19_21_rr1.5_body2_wick0.5_closeOff_extOff_none_atrMin40_atrMaxOff,momentum,2025-08,11,41.1912435306145,6,5
XAUUSDm,grid_thai_19_21_rr1.5_body2_wick0.5_closeOff_extOff_none_atrMin40_atrMaxOff,momentum,2025-09,4,-43.732372163408705,1,3
XAUUSDm,grid_thai_19_21_rr1.5_body2_wick0.5_closeOff_extOff_none_atrMin40_atrMaxOff,momentum,2025-10,7,109.48799899384215,5,2
XAUUSDm,grid_thai_19_21_rr1.5_body2_wick0.5_closeOff_extOff_none_atrMin40_atrMaxOff,momentum,2025-11,6,-27.104496099770422,1,5
XAUUSDm,grid_thai_19_21_rr1.5_body2_wick0.5_closeOff_extOff_none_atrMin40_atrMaxOff,momentum,2025-12,6,47.135440435618335,3,3
XAUUSDm,grid_thai_19_21_rr1.5_body2_wick0.5_closeOff_extOff_none_atrMin40_atrMaxOff,momentum,2026-01,4,20.392284943641883,2,2
XAUUSDm,grid_thai_19_21_rr1.5_body2_wick0.5_closeOff_extOff_none_atrMin40_atrMaxOff,momentum,2026-02,6,16.18609387647745,3,3
XAUUSDm,grid_thai_19_21_rr1.5_body2_wick0.5_closeOff_extOff_none_atrMin40_atrMaxOff,momentum,2026-03,6,175.62061646063367,6,0
XAUUSDm,grid_thai_19_21_rr1.5_body2_wick0.5_closeOff_extOff_none_atrMin40_atrMaxOff,momentum,2026-04,4,-76.03250044345405,1,3
XAUUSDm,grid_thai_19_21_rr1.5_body2_wick0.5_closeOff_extOff_none_atrMin40_atrMaxOff,momentum,2026-05,1,6.937535208191184,1,0
XAUUSDm,grid_thai_19_21_rr1.5_body2_wick0.5_closeOff_extOff_none_atrMin30_atrMaxOff,momentum,2025-01,9,29.428048244963623,4,5
XAUUSDm,grid_thai_19_21_rr1.5_body2_wick0.5_closeOff_extOff_none_atrMin30_atrMaxOff,momentum,2025-02,7,63.76992783718345,4,3
XAUUSDm,grid_thai_19_21_rr1.5_body2_wick0.5_closeOff_extOff_none_atrMin30_atrMaxOff,momentum,2025-03,4,30.046197035388452,2,2
XAUUSDm,grid_thai_19_21_rr1.5_body2_wick0.5_closeOff_extOff_none_atrMin30_atrMaxOff,momentum,2025-04,7,-20.478444330073575,3,4
XAUUSDm,grid_thai_19_21_rr1.5_body2_wick0.5_closeOff_extOff_none_atrMin30_atrMaxOff,momentum,2025-05,9,-15.60832387881267,4,5
XAUUSDm,grid_thai_19_21_rr1.5_body2_wick0.5_closeOff_extOff_none_atrMin30_atrMaxOff,momentum,2025-06,8,-0.3662191284034577,4,4
XAUUSDm,grid_thai_19_21_rr1.5_body2_wick0.5_closeOff_extOff_none_atrMin30_atrMaxOff,momentum,2025-07,10,112.8730340824385,7,3
XAUUSDm,grid_thai_19_21_rr1.5_body2_wick0.5_closeOff_extOff_none_atrMin30_atrMaxOff,momentum,2025-08,11,41.1912435306145,6,5
XAUUSDm,grid_thai_19_21_rr1.5_body2_wick0.5_closeOff_extOff_none_atrMin30_atrMaxOff,momentum,2025-09,4,-43.732372163408705,1,3
XAUUSDm,grid_thai_19_21_rr1.5_body2_wick0.5_closeOff_extOff_none_atrMin30_atrMaxOff,momentum,2025-10,7,109.48799899384215,5,2
XAUUSDm,grid_thai_19_21_rr1.5_body2_wick0.5_closeOff_extOff_none_atrMin30_atrMaxOff,momentum,2025-11,6,-27.104496099770422,1,5
XAUUSDm,grid_thai_19_21_rr1.5_body2_wick0.5_closeOff_extOff_none_atrMin30_atrMaxOff,momentum,2025-12,7,20.84977032904129,3,4
XAUUSDm,grid_thai_19_21_rr1.5_body2_wick0.5_closeOff_extOff_none_atrMin30_atrMaxOff,momentum,2026-01,5,-6.419307100600172,2,3
XAUUSDm,grid_thai_19_21_rr1.5_body2_wick0.5_closeOff_extOff_none_atrMin30_atrMaxOff,momentum,2026-02,7,84.96525210841727,4,3
XAUUSDm,grid_thai_19_21_rr1.5_body2_wick0.5_closeOff_extOff_none_atrMin30_atrMaxOff,momentum,2026-03,6,175.629114043271,6,0
XAUUSDm,grid_thai_19_21_rr1.5_body2_wick0.5_closeOff_extOff_none_atrMin30_atrMaxOff,momentum,2026-04,4,-75.96545528529481,1,3
XAUUSDm,grid_thai_19_21_rr1.5_body2_wick0.5_closeOff_extOff_none_atrMin30_atrMaxOff,momentum,2026-05,1,6.919992053618007,1,0
XAUUSDm,grid_thai_19_21_rr1.8_body2_wick0.5_closeOff_extOff_none_atrMin30_atrMaxOff,momentum,2025-01,9,59.4295482449633,4,5
XAUUSDm,grid_thai_19_21_rr1.8_body2_wick0.5_closeOff_extOff_none_atrMin30_atrMaxOff,momentum,2025-02,7,93.77142783718331,4,3
XAUUSDm,grid_thai_19_21_rr1.8_body2_wick0.5_closeOff_extOff_none_atrMin30_atrMaxOff,momentum,2025-03,4,-24.959302964612426,1,3
XAUUSDm,grid_thai_19_21_rr1.8_body2_wick0.5_closeOff_extOff_none_atrMin30_atrMaxOff,momentum,2025-04,7,-75.48394433007302,2,5
XAUUSDm,grid_thai_19_21_rr1.8_body2_wick0.5_closeOff_extOff_none_atrMin30_atrMaxOff,momentum,2025-05,9,6.890926121187938,4,5
XAUUSDm,grid_thai_19_21_rr1.8_body2_wick0.5_closeOff_extOff_none_atrMin30_atrMaxOff,momentum,2025-06,8,-23.81991331419397,4,4
XAUUSDm,grid_thai_19_21_rr1.8_body2_wick0.5_closeOff_extOff_none_atrMin30_atrMaxOff,momentum,2025-07,10,150.3737840824386,7,3
XAUUSDm,grid_thai_19_21_rr1.8_body2_wick0.5_closeOff_extOff_none_atrMin30_atrMaxOff,momentum,2025-08,10,90.81448197599006,6,4
XAUUSDm,grid_thai_19_21_rr1.8_body2_wick0.5_closeOff_extOff_none_atrMin30_atrMaxOff,momentum,2025-09,4,-36.22585629408184,1,3
XAUUSDm,grid_thai_19_21_rr1.8_body2_wick0.5_closeOff_extOff_none_atrMin30_atrMaxOff,momentum,2025-10,7,94.05040338095274,4,3
XAUUSDm,grid_thai_19_21_rr1.8_body2_wick0.5_closeOff_extOff_none_atrMin30_atrMaxOff,momentum,2025-11,6,-19.618488008776783,1,5
XAUUSDm,grid_thai_19_21_rr1.8_body2_wick0.5_closeOff_extOff_none_atrMin30_atrMaxOff,momentum,2025-12,7,43.34313615151619,3,4
XAUUSDm,grid_thai_19_21_rr1.8_body2_wick0.5_closeOff_extOff_none_atrMin30_atrMaxOff,momentum,2026-01,5,8.576353273470104,2,3
XAUUSDm,grid_thai_19_21_rr1.8_body2_wick0.5_closeOff_extOff_none_atrMin30_atrMaxOff,momentum,2026-02,5,26.389926492614446,2,3
XAUUSDm,grid_thai_19_21_rr1.8_body2_wick0.5_closeOff_extOff_none_atrMin30_atrMaxOff,momentum,2026-03,7,179.73622008528895,6,1
XAUUSDm,grid_thai_19_21_rr1.8_body2_wick0.5_closeOff_extOff_none_atrMin30_atrMaxOff,momentum,2026-04,4,-76.02714186711498,1,3
XAUUSDm,grid_thai_19_21_rr1.8_body2_wick0.5_closeOff_extOff_none_atrMin30_atrMaxOff,momentum,2026-05,1,6.804553924761962,1,0
XAUUSDm,grid_thai_19_21_rr1.5_body2_wick0.3_closeOff_extOff_none_atrMin30_atrMaxOff,momentum,2025-01,8,-4.8810051646982195,3,5
XAUUSDm,grid_thai_19_21_rr1.5_body2_wick0.3_closeOff_extOff_none_atrMin30_atrMaxOff,momentum,2025-02,7,1.8994695267607398,3,4
XAUUSDm,grid_thai_19_21_rr1.5_body2_wick0.3_closeOff_extOff_none_atrMin30_atrMaxOff,momentum,2025-03,4,-31.600726427713482,1,3
XAUUSDm,grid_thai_19_21_rr1.5_body2_wick0.3_closeOff_extOff_none_atrMin30_atrMaxOff,momentum,2025-04,7,42.1569173122909,4,3
XAUUSDm,grid_thai_19_21_rr1.5_body2_wick0.3_closeOff_extOff_none_atrMin30_atrMaxOff,momentum,2025-05,8,2.0756433373931067,3,5
XAUUSDm,grid_thai_19_21_rr1.5_body2_wick0.3_closeOff_extOff_none_atrMin30_atrMaxOff,momentum,2025-06,7,-1.0460605465227815,3,4
XAUUSDm,grid_thai_19_21_rr1.5_body2_wick0.3_closeOff_extOff_none_atrMin30_atrMaxOff,momentum,2025-07,10,113.00782740247371,7,3
XAUUSDm,grid_thai_19_21_rr1.5_body2_wick0.3_closeOff_extOff_none_atrMin30_atrMaxOff,momentum,2025-08,10,68.35949263183903,6,4
XAUUSDm,grid_thai_19_21_rr1.5_body2_wick0.3_closeOff_extOff_none_atrMin30_atrMaxOff,momentum,2025-09,3,-17.927246735022653,1,2
XAUUSDm,grid_thai_19_21_rr1.5_body2_wick0.3_closeOff_extOff_none_atrMin30_atrMaxOff,momentum,2025-10,4,85.12625392026338,3,1
XAUUSDm,grid_thai_19_21_rr1.5_body2_wick0.3_closeOff_extOff_none_atrMin30_atrMaxOff,momentum,2025-11,5,-26.05766825068306,1,4
XAUUSDm,grid_thai_19_21_rr1.5_body2_wick0.3_closeOff_extOff_none_atrMin30_atrMaxOff,momentum,2025-12,4,20.484656872146207,2,2
XAUUSDm,grid_thai_19_21_rr1.5_body2_wick0.3_closeOff_extOff_none_atrMin30_atrMaxOff,momentum,2026-01,5,-5.673316096168925,2,3
XAUUSDm,grid_thai_19_21_rr1.5_body2_wick0.3_closeOff_extOff_none_atrMin30_atrMaxOff,momentum,2026-02,6,48.231970164532015,3,3
XAUUSDm,grid_thai_19_21_rr1.5_body2_wick0.3_closeOff_extOff_none_atrMin30_atrMaxOff,momentum,2026-03,7,212.67504838335358,7,0
XAUUSDm,grid_thai_19_21_rr1.5_body2_wick0.3_closeOff_extOff_none_atrMin30_atrMaxOff,momentum,2026-04,4,-75.81291557814731,1,3
XAUUSDm,grid_thai_19_21_rr1.5_body2_wick0.3_closeOff_extOff_none_atrMin30_atrMaxOff,momentum,2026-05,1,6.794817114869891,1,0
XAUUSDm,grid_thai_19_21_rr2.2_body2_wick0.4_closeOff_extOff_none_atrMin30_atrMaxOff,momentum,2025-01,9,60.228986113779925,4,5
XAUUSDm,grid_thai_19_21_rr2.2_body2_wick0.4_closeOff_extOff_none_atrMin30_atrMaxOff,momentum,2025-02,7,133.7734278371841,4,3
XAUUSDm,grid_thai_19_21_rr2.2_body2_wick0.4_closeOff_extOff_none_atrMin30_atrMaxOff,momentum,2025-03,4,-14.958302964610688,1,3
XAUUSDm,grid_thai_19_21_rr2.2_body2_wick0.4_closeOff_extOff_none_atrMin30_atrMaxOff,momentum,2025-04,7,-145.49094433007323,1,6
XAUUSDm,grid_thai_19_21_rr2.2_body2_wick0.4_closeOff_extOff_none_atrMin30_atrMaxOff,momentum,2025-05,9,-14.981981978313922,3,6
XAUUSDm,grid_thai_19_21_rr2.2_body2_wick0.4_closeOff_extOff_none_atrMin30_atrMaxOff,momentum,2025-06,8,-93.81291331419375,3,5
XAUUSDm,grid_thai_19_21_rr2.2_body2_wick0.4_closeOff_extOff_none_atrMin30_atrMaxOff,momentum,2025-07,10,200.37478408243845,7,3
XAUUSDm,grid_thai_19_21_rr2.2_body2_wick0.4_closeOff_extOff_none_atrMin30_atrMaxOff,momentum,2025-08,10,120.8114819759877,6,4
XAUUSDm,grid_thai_19_21_rr2.2_body2_wick0.4_closeOff_extOff_none_atrMin30_atrMaxOff,momentum,2025-09,4,-69.85993007985253,1,3
XAUUSDm,grid_thai_19_21_rr2.2_body2_wick0.4_closeOff_extOff_none_atrMin30_atrMaxOff,momentum,2025-10,5,97.73007350990397,3,2
XAUUSDm,grid_thai_19_21_rr2.2_body2_wick0.4_closeOff_extOff_none_atrMin30_atrMaxOff,momentum,2025-11,4,0.43417830917739053,1,3
XAUUSDm,grid_thai_19_21_rr2.2_body2_wick0.4_closeOff_extOff_none_atrMin30_atrMaxOff,momentum,2025-12,5,109.28957854742593,3,2
XAUUSDm,grid_thai_19_21_rr2.2_body2_wick0.4_closeOff_extOff_none_atrMin30_atrMaxOff,momentum,2026-01,5,28.574740721100337,2,3
XAUUSDm,grid_thai_19_21_rr2.2_body2_wick0.4_closeOff_extOff_none_atrMin30_atrMaxOff,momentum,2026-02,5,-3.3376177323157714,2,3
XAUUSDm,grid_thai_19_21_rr2.2_body2_wick0.4_closeOff_extOff_none_atrMin30_atrMaxOff,momentum,2026-03,7,137.95611508953715,5,2
XAUUSDm,grid_thai_19_21_rr2.2_body2_wick0.4_closeOff_extOff_none_atrMin30_atrMaxOff,momentum,2026-04,4,-76.05415260945115,1,3
XAUUSDm,grid_thai_19_21_rr2.2_body2_wick0.4_closeOff_extOff_none_atrMin30_atrMaxOff,momentum,2026-05,1,6.793622296334332,1,0
XAUUSDm,grid_thai_19_21_rr1.8_body1.8_wick0.3_closeOff_extOff_none_atrMin40_atrMaxOff,momentum,2025-01,9,-10.25877574671507,3,6
XAUUSDm,grid_thai_19_21_rr1.8_body1.8_wick0.3_closeOff_extOff_none_atrMin40_atrMaxOff,momentum,2025-02,7,23.963201600313518,3,4
XAUUSDm,grid_thai_19_21_rr1.8_body1.8_wick0.3_closeOff_extOff_none_atrMin40_atrMaxOff,momentum,2025-03,4,-24.131629138807092,1,3
XAUUSDm,grid_thai_19_21_rr1.8_body1.8_wick0.3_closeOff_extOff_none_atrMin40_atrMaxOff,momentum,2025-04,7,-5.3344170490042515,3,4
XAUUSDm,grid_thai_19_21_rr1.8_body1.8_wick0.3_closeOff_extOff_none_atrMin40_atrMaxOff,momentum,2025-05,8,24.571355638820815,3,5
XAUUSDm,grid_thai_19_21_rr1.8_body1.8_wick0.3_closeOff_extOff_none_atrMin40_atrMaxOff,momentum,2025-06,7,-24.601879284695627,3,4
XAUUSDm,grid_thai_19_21_rr1.8_body1.8_wick0.3_closeOff_extOff_none_atrMin40_atrMaxOff,momentum,2025-07,11,194.66873559539738,8,3
XAUUSDm,grid_thai_19_21_rr1.8_body1.8_wick0.3_closeOff_extOff_none_atrMin40_atrMaxOff,momentum,2025-08,9,117.95034035576259,6,3
XAUUSDm,grid_thai_19_21_rr1.8_body1.8_wick0.3_closeOff_extOff_none_atrMin40_atrMaxOff,momentum,2025-09,4,-36.43857835097775,1,3
XAUUSDm,grid_thai_19_21_rr1.8_body1.8_wick0.3_closeOff_extOff_none_atrMin40_atrMaxOff,momentum,2025-10,4,62.0690525953665,2,2
XAUUSDm,grid_thai_19_21_rr1.8_body1.8_wick0.3_closeOff_extOff_none_atrMin40_atrMaxOff,momentum,2025-11,5,-18.582878311021293,1,4
XAUUSDm,grid_thai_19_21_rr1.8_body1.8_wick0.3_closeOff_extOff_none_atrMin40_atrMaxOff,momentum,2025-12,4,34.54720716874055,2,2
XAUUSDm,grid_thai_19_21_rr1.8_body1.8_wick0.3_closeOff_extOff_none_atrMin40_atrMaxOff,momentum,2026-01,4,36.139581367761025,2,2
XAUUSDm,grid_thai_19_21_rr1.8_body1.8_wick0.3_closeOff_extOff_none_atrMin40_atrMaxOff,momentum,2026-02,5,-13.03100336219839,2,3
XAUUSDm,grid_thai_19_21_rr1.8_body1.8_wick0.3_closeOff_extOff_none_atrMin40_atrMaxOff,momentum,2026-03,8,150.2048346339011,6,2
XAUUSDm,grid_thai_19_21_rr1.8_body1.8_wick0.3_closeOff_extOff_none_atrMin40_atrMaxOff,momentum,2026-04,4,-75.86911920388324,1,3
XAUUSDm,grid_thai_19_21_rr1.8_body1.8_wick0.3_closeOff_extOff_none_atrMin40_atrMaxOff,momentum,2026-05,1,6.803571965446584,1,0
XAUUSDm,grid_thai_19_21_rr2.2_body2_wick0.5_closeOff_extOff_none_atrMin30_atrMaxOff,momentum,2025-01,9,60.228986113779925,4,5
XAUUSDm,grid_thai_19_21_rr2.2_body2_wick0.5_closeOff_extOff_none_atrMin30_atrMaxOff,momentum,2025-02,7,133.7734278371841,4,3
XAUUSDm,grid_thai_19_21_rr2.2_body2_wick0.5_closeOff_extOff_none_atrMin30_atrMaxOff,momentum,2025-03,4,-14.958302964610688,1,3
XAUUSDm,grid_thai_19_21_rr2.2_body2_wick0.5_closeOff_extOff_none_atrMin30_atrMaxOff,momentum,2025-04,7,-145.49094433007323,1,6
XAUUSDm,grid_thai_19_21_rr2.2_body2_wick0.5_closeOff_extOff_none_atrMin30_atrMaxOff,momentum,2025-05,9,-6.881634444581817,4,5
XAUUSDm,grid_thai_19_21_rr2.2_body2_wick0.5_closeOff_extOff_none_atrMin30_atrMaxOff,momentum,2025-06,8,-93.81291331419375,3,5
XAUUSDm,grid_thai_19_21_rr2.2_body2_wick0.5_closeOff_extOff_none_atrMin30_atrMaxOff,momentum,2025-07,10,200.37478408243845,7,3
XAUUSDm,grid_thai_19_21_rr2.2_body2_wick0.5_closeOff_extOff_none_atrMin30_atrMaxOff,momentum,2025-08,10,120.8114819759877,6,4
XAUUSDm,grid_thai_19_21_rr2.2_body2_wick0.5_closeOff_extOff_none_atrMin30_atrMaxOff,momentum,2025-09,4,-69.85993007985253,1,3
XAUUSDm,grid_thai_19_21_rr2.2_body2_wick0.5_closeOff_extOff_none_atrMin30_atrMaxOff,momentum,2025-10,7,124.05140338095272,4,3
XAUUSDm,grid_thai_19_21_rr2.2_body2_wick0.5_closeOff_extOff_none_atrMin30_atrMaxOff,momentum,2025-11,5,-0.6332955088625287,1,4
XAUUSDm,grid_thai_19_21_rr2.2_body2_wick0.5_closeOff_extOff_none_atrMin30_atrMaxOff,momentum,2025-12,7,73.29548947140574,3,4
XAUUSDm,grid_thai_19_21_rr2.2_body2_wick0.5_closeOff_extOff_none_atrMin30_atrMaxOff,momentum,2026-01,5,28.57657529576638,2,3
XAUUSDm,grid_thai_19_21_rr2.2_body2_wick0.5_closeOff_extOff_none_atrMin30_atrMaxOff,momentum,2026-02,5,-3.311304902510706,2,3
XAUUSDm,grid_thai_19_21_rr2.2_body2_wick0.5_closeOff_extOff_none_atrMin30_atrMaxOff,momentum,2026-03,7,137.79154277664415,5,2
XAUUSDm,grid_thai_19_21_rr2.2_body2_wick0.5_closeOff_extOff_none_atrMin30_atrMaxOff,momentum,2026-04,4,-76.03250044345405,1,3
XAUUSDm,grid_thai_19_21_rr2.2_body2_wick0.5_closeOff_extOff_none_atrMin30_atrMaxOff,momentum,2026-05,1,6.937535208191184,1,0
XAUUSDm,grid_thai_19_21_rr1.8_body2_wick0.5_closeOff_extOff_none_atrMinOff_atrMaxOff,momentum,2025-01,9,59.4295482449633,4,5
XAUUSDm,grid_thai_19_21_rr1.8_body2_wick0.5_closeOff_extOff_none_atrMinOff_atrMaxOff,momentum,2025-02,7,93.77142783718331,4,3
XAUUSDm,grid_thai_19_21_rr1.8_body2_wick0.5_closeOff_extOff_none_atrMinOff_atrMaxOff,momentum,2025-03,5,-52.89105062687126,1,4
XAUUSDm,grid_thai_19_21_rr1.8_body2_wick0.5_closeOff_extOff_none_atrMinOff_atrMaxOff,momentum,2025-04,7,-67.41384436564901,2,5
XAUUSDm,grid_thai_19_21_rr1.8_body2_wick0.5_closeOff_extOff_none_atrMinOff_atrMaxOff,momentum,2025-05,10,-20.066643853379617,4,6
XAUUSDm,grid_thai_19_21_rr1.8_body2_wick0.5_closeOff_extOff_none_atrMinOff_atrMaxOff,momentum,2025-06,8,-23.96421532634951,4,4
XAUUSDm,grid_thai_19_21_rr1.8_body2_wick0.5_closeOff_extOff_none_atrMinOff_atrMaxOff,momentum,2025-07,10,150.44275360391242,7,3
XAUUSDm,grid_thai_19_21_rr1.8_body2_wick0.5_closeOff_extOff_none_atrMinOff_atrMaxOff,momentum,2025-08,10,90.98422389380245,6,4
XAUUSDm,grid_thai_19_21_rr1.8_body2_wick0.5_closeOff_extOff_none_atrMinOff_atrMaxOff,momentum,2025-09,4,-36.238820453041086,1,3
XAUUSDm,grid_thai_19_21_rr1.8_body2_wick0.5_closeOff_extOff_none_atrMinOff_atrMaxOff,momentum,2025-10,7,93.98977425319215,4,3
XAUUSDm,grid_thai_19_21_rr1.8_body2_wick0.5_closeOff_extOff_none_atrMinOff_atrMaxOff,momentum,2025-11,6,-19.650210033042445,1,5
XAUUSDm,grid_thai_19_21_rr1.8_body2_wick0.5_closeOff_extOff_none_atrMinOff_atrMaxOff,momentum,2025-12,7,41.737863246759844,3,4
XAUUSDm,grid_thai_19_21_rr1.8_body2_wick0.5_closeOff_extOff_none_atrMinOff_atrMaxOff,momentum,2026-01,5,8.579178064017086,2,3
XAUUSDm,grid_thai_19_21_rr1.8_body2_wick0.5_closeOff_extOff_none_atrMinOff_atrMaxOff,momentum,2026-02,6,0.9550102109656677,2,4
XAUUSDm,grid_thai_19_21_rr1.8_body2_wick0.5_closeOff_extOff_none_atrMinOff_atrMaxOff,momentum,2026-03,8,223.01920853914626,7,1
XAUUSDm,grid_thai_19_21_rr1.8_body2_wick0.5_closeOff_extOff_none_atrMinOff_atrMaxOff,momentum,2026-04,4,-76.0504135089614,1,3
XAUUSDm,grid_thai_19_21_rr1.8_body2_wick0.5_closeOff_extOff_none_atrMinOff_atrMaxOff,momentum,2026-05,1,6.857761377095948,1,0
XAUUSDm,grid_thai_19_21_rr1.8_body2_wick0.3_closeOff_extOff_none_atrMinOff_atrMaxOff,momentum,2025-01,8,17.62124483530094,3,5
XAUUSDm,grid_thai_19_21_rr1.8_body2_wick0.3_closeOff_extOff_none_atrMinOff_atrMaxOff,momentum,2025-02,7,24.400219526760576,3,4
XAUUSDm,grid_thai_19_21_rr1.8_body2_wick0.3_closeOff_extOff_none_atrMinOff_atrMaxOff,momentum,2025-03,5,-52.09056936209293,1,4
XAUUSDm,grid_thai_19_21_rr1.8_body2_wick0.3_closeOff_extOff_none_atrMinOff_atrMaxOff,momentum,2025-04,7,2.72296239679784,3,4
XAUUSDm,grid_thai_19_21_rr1.8_body2_wick0.3_closeOff_extOff_none_atrMinOff_atrMaxOff,momentum,2025-05,8,24.571355638820815,3,5
XAUUSDm,grid_thai_19_21_rr1.8_body2_wick0.3_closeOff_extOff_none_atrMinOff_atrMaxOff,momentum,2025-06,7,-24.601879284695627,3,4
XAUUSDm,grid_thai_19_21_rr1.8_body2_wick0.3_closeOff_extOff_none_atrMinOff_atrMaxOff,momentum,2025-07,10,150.51326511686358,7,3
XAUUSDm,grid_thai_19_21_rr1.8_body2_wick0.3_closeOff_extOff_none_atrMinOff_atrMaxOff,momentum,2025-08,9,117.87429256349093,6,3
XAUUSDm,grid_thai_19_21_rr1.8_body2_wick0.3_closeOff_extOff_none_atrMinOff_atrMaxOff,momentum,2025-09,3,-10.427996735022266,1,2
XAUUSDm,grid_thai_19_21_rr1.8_body2_wick0.3_closeOff_extOff_none_atrMinOff_atrMaxOff,momentum,2025-10,4,62.08532136956973,2,2
XAUUSDm,grid_thai_19_21_rr1.8_body2_wick0.3_closeOff_extOff_none_atrMinOff_atrMaxOff,momentum,2025-11,5,-18.556918250683125,1,4
XAUUSDm,grid_thai_19_21_rr1.8_body2_wick0.3_closeOff_extOff_none_atrMinOff_atrMaxOff,momentum,2025-12,4,35.317213892139264,2,2
XAUUSDm,grid_thai_19_21_rr1.8_body2_wick0.3_closeOff_extOff_none_atrMinOff_atrMaxOff,momentum,2026-01,5,9.32668390383165,2,3
XAUUSDm,grid_thai_19_21_rr1.8_body2_wick0.3_closeOff_extOff_none_atrMinOff_atrMaxOff,momentum,2026-02,6,1.0551771603278866,2,4
XAUUSDm,grid_thai_19_21_rr1.8_body2_wick0.3_closeOff_extOff_none_atrMinOff_atrMaxOff,momentum,2026-03,8,148.99411890173508,6,2
XAUUSDm,grid_thai_19_21_rr1.8_body2_wick0.3_closeOff_extOff_none_atrMinOff_atrMaxOff,momentum,2026-04,4,-75.7744784991431,1,3
XAUUSDm,grid_thai_19_21_rr1.8_body2_wick0.3_closeOff_extOff_none_atrMinOff_atrMaxOff,momentum,2026-05,1,6.803571965446584,1,0
XAUUSDm,grid_thai_19_21_rr2_body2_wick0.3_closeOff_extOff_none_atrMinOff_atrMaxOff,momentum,2025-01,8,32.62274483530102,3,5
XAUUSDm,grid_thai_19_21_rr2_body2_wick0.3_closeOff_extOff_none_atrMinOff_atrMaxOff,momentum,2025-02,7,39.40071952676169,3,4
XAUUSDm,grid_thai_19_21_rr2_body2_wick0.3_closeOff_extOff_none_atrMinOff_atrMaxOff,momentum,2025-03,5,-47.09006936209206,1,4
XAUUSDm,grid_thai_19_21_rr2_body2_wick0.3_closeOff_extOff_none_atrMinOff_atrMaxOff,momentum,2025-04,7,-62.28453760320225,2,5
XAUUSDm,grid_thai_19_21_rr2_body2_wick0.3_closeOff_extOff_none_atrMinOff_atrMaxOff,momentum,2025-05,8,39.57085563881974,3,5
XAUUSDm,grid_thai_19_21_rr2_body2_wick0.3_closeOff_extOff_none_atrMinOff_atrMaxOff,momentum,2025-06,7,-19.60237928469521,3,4
XAUUSDm,grid_thai_19_21_rr2_body2_wick0.3_closeOff_extOff_none_atrMinOff_atrMaxOff,momentum,2025-07,10,175.5137651168637,7,3
XAUUSDm,grid_thai_19_21_rr2_body2_wick0.3_closeOff_extOff_none_atrMinOff_atrMaxOff,momentum,2025-08,9,132.87279256349058,6,3
XAUUSDm,grid_thai_19_21_rr2_body2_wick0.3_closeOff_extOff_none_atrMinOff_atrMaxOff,momentum,2025-09,3,-44.021440499823214,1,2
XAUUSDm,grid_thai_19_21_rr2_body2_wick0.3_closeOff_extOff_none_atrMinOff_atrMaxOff,momentum,2025-10,4,72.08632136956935,2,2
XAUUSDm,grid_thai_19_21_rr2_body2_wick0.3_closeOff_extOff_none_atrMinOff_atrMaxOff,momentum,2025-11,4,-4.559990385039924,1,3
XAUUSDm,grid_thai_19_21_rr2_body2_wick0.3_closeOff_extOff_none_atrMinOff_atrMaxOff,momentum,2025-12,4,45.3206751415618,2,2
XAUUSDm,grid_thai_19_21_rr2_body2_wick0.3_closeOff_extOff_none_atrMinOff_atrMaxOff,momentum,2026-01,5,19.324920953954116,2,3
XAUUSDm,grid_thai_19_21_rr2_body2_wick0.3_closeOff_extOff_none_atrMinOff_atrMaxOff,momentum,2026-02,6,11.03983802357287,2,4
XAUUSDm,grid_thai_19_21_rr2_body2_wick0.3_closeOff_extOff_none_atrMinOff_atrMaxOff,momentum,2026-03,8,106.19724987710603,5,3
XAUUSDm,grid_thai_19_21_rr2_body2_wick0.3_closeOff_extOff_none_atrMinOff_atrMaxOff,momentum,2026-04,4,-75.81291557814731,1,3
XAUUSDm,grid_thai_19_21_rr2_body2_wick0.3_closeOff_extOff_none_atrMinOff_atrMaxOff,momentum,2026-05,1,6.794817114869891,1,0
XAUUSDm,grid_thai_19_21_rr2_body2_wick0.5_closeOff_extOff_none_atrMin50_atrMaxOff,momentum,2025-01,9,79.43054824496286,4,5
XAUUSDm,grid_thai_19_21_rr2_body2_wick0.5_closeOff_extOff_none_atrMin50_atrMaxOff,momentum,2025-02,6,-9.510419281663957,2,4
XAUUSDm,grid_thai_19_21_rr2_body2_wick0.5_closeOff_extOff_none_atrMin50_atrMaxOff,momentum,2025-03,4,-19.923298054087674,1,3
XAUUSDm,grid_thai_19_21_rr2_body2_wick0.5_closeOff_extOff_none_atrMin50_atrMaxOff,momentum,2025-04,7,-145.50611915675782,1,6
XAUUSDm,grid_thai_19_21_rr2_body2_wick0.5_closeOff_extOff_none_atrMin50_atrMaxOff,momentum,2025-05,8,48.61129072582597,4,4
XAUUSDm,grid_thai_19_21_rr2_body2_wick0.5_closeOff_extOff_none_atrMin50_atrMaxOff,momentum,2025-06,8,-18.8628382959023,4,4
XAUUSDm,grid_thai_19_21_rr2_body2_wick0.5_closeOff_extOff_none_atrMin50_atrMaxOff,momentum,2025-07,10,175.4110162734235,7,3
XAUUSDm,grid_thai_19_21_rr2_body2_wick0.5_closeOff_extOff_none_atrMin50_atrMaxOff,momentum,2025-08,10,105.80613201292283,6,4
XAUUSDm,grid_thai_19_21_rr2_body2_wick0.5_closeOff_extOff_none_atrMin50_atrMaxOff,momentum,2025-09,4,-69.83988068944507,1,3
XAUUSDm,grid_thai_19_21_rr2_body2_wick0.5_closeOff_extOff_none_atrMin50_atrMaxOff,momentum,2025-10,6,136.36836711876896,4,2
XAUUSDm,grid_thai_19_21_rr2_body2_wick0.5_closeOff_extOff_none_atrMin50_atrMaxOff,momentum,2025-11,5,-5.474992812571622,1,4
XAUUSDm,grid_thai_19_21_rr2_body2_wick0.5_closeOff_extOff_none_atrMin50_atrMaxOff,momentum,2025-12,6,84.58984394553596,3,3
XAUUSDm,grid_thai_19_21_rr2_body2_wick0.5_closeOff_extOff_none_atrMin50_atrMaxOff,momentum,2026-01,4,45.38647060333804,2,2
XAUUSDm,grid_thai_19_21_rr2_body2_wick0.5_closeOff_extOff_none_atrMin50_atrMaxOff,momentum,2026-02,4,-57.082819446631625,1,3
XAUUSDm,grid_thai_19_21_rr2_body2_wick0.5_closeOff_extOff_none_atrMin50_atrMaxOff,momentum,2026-03,7,136.64848308117996,5,2
XAUUSDm,grid_thai_19_21_rr2_body2_wick0.5_closeOff_extOff_none_atrMin50_atrMaxOff,momentum,2026-04,4,-75.94178639440621,1,3
XAUUSDm,grid_thai_19_21_rr2_body2_wick0.5_closeOff_extOff_none_atrMin50_atrMaxOff,momentum,2026-05,1,6.909488113928996,1,0
XAUUSDm,grid_thai_19_21_rr1.5_body1.8_wick0.5_closeOff_extOff_none_atrMin50_atrMaxOff,momentum,2025-01,11,37.17357885853232,5,6
XAUUSDm,grid_thai_19_21_rr1.5_body1.8_wick0.5_closeOff_extOff_none_atrMin50_atrMaxOff,momentum,2025-02,7,1.2733005078901414,3,4
XAUUSDm,grid_thai_19_21_rr1.5_body1.8_wick0.5_closeOff_extOff_none_atrMin50_atrMaxOff,momentum,2025-03,4,30.051959935779234,2,2
XAUUSDm,grid_thai_19_21_rr1.5_body1.8_wick0.5_closeOff_extOff_none_atrMin50_atrMaxOff,momentum,2025-04,7,-20.379334553956593,3,4
XAUUSDm,grid_thai_19_21_rr1.5_body1.8_wick0.5_closeOff_extOff_none_atrMin50_atrMaxOff,momentum,2025-05,8,11.16328224312052,4,4
XAUUSDm,grid_thai_19_21_rr1.5_body1.8_wick0.5_closeOff_extOff_none_atrMin50_atrMaxOff,momentum,2025-06,8,-0.8021495835528469,4,4
XAUUSDm,grid_thai_19_21_rr1.5_body1.8_wick0.5_closeOff_extOff_none_atrMin50_atrMaxOff,momentum,2025-07,12,133.84574400422838,8,4
XAUUSDm,grid_thai_19_21_rr1.5_body1.8_wick0.5_closeOff_extOff_none_atrMin50_atrMaxOff,momentum,2025-08,11,41.349912205606536,6,5
XAUUSDm,grid_thai_19_21_rr1.5_body1.8_wick0.5_closeOff_extOff_none_atrMin50_atrMaxOff,momentum,2025-09,5,-69.74458905139154,1,4
XAUUSDm,grid_thai_19_21_rr1.5_body1.8_wick0.5_closeOff_extOff_none_atrMin50_atrMaxOff,momentum,2025-10,6,136.9846621190028,5,1
XAUUSDm,grid_thai_19_21_rr1.5_body1.8_wick0.5_closeOff_extOff_none_atrMin50_atrMaxOff,momentum,2025-11,6,-27.00817699190759,1,5
XAUUSDm,grid_thai_19_21_rr1.5_body1.8_wick0.5_closeOff_extOff_none_atrMin50_atrMaxOff,momentum,2025-12,7,19.87685913263956,3,4
XAUUSDm,grid_thai_19_21_rr1.5_body1.8_wick0.5_closeOff_extOff_none_atrMin50_atrMaxOff,momentum,2026-01,4,20.395114198154012,2,2
XAUUSDm,grid_thai_19_21_rr1.5_body1.8_wick0.5_closeOff_extOff_none_atrMin50_atrMaxOff,momentum,2026-02,5,74.68550498752333,3,2
XAUUSDm,grid_thai_19_21_rr1.5_body1.8_wick0.5_closeOff_extOff_none_atrMin50_atrMaxOff,momentum,2026-03,7,99.22709057204881,5,2
XAUUSDm,grid_thai_19_21_rr1.5_body1.8_wick0.5_closeOff_extOff_none_atrMin50_atrMaxOff,momentum,2026-04,4,-75.94408898505408,1,3
XAUUSDm,grid_thai_19_21_rr1.5_body1.8_wick0.5_closeOff_extOff_none_atrMin50_atrMaxOff,momentum,2026-05,1,6.902861370407615,1,0
XAUUSDm,grid_thai_19_21_rr1.8_body1.8_wick0.5_closeOff_extOff_none_atrMin50_atrMaxOff,momentum,2025-01,11,74.67432885853236,5,6
XAUUSDm,grid_thai_19_21_rr1.8_body1.8_wick0.5_closeOff_extOff_none_atrMin50_atrMaxOff,momentum,2025-02,7,23.775550507889832,3,4
XAUUSDm,grid_thai_19_21_rr1.8_body1.8_wick0.5_closeOff_extOff_none_atrMin50_atrMaxOff,momentum,2025-03,4,-24.953540064219673,1,3
XAUUSDm,grid_thai_19_21_rr1.8_body1.8_wick0.5_closeOff_extOff_none_atrMin50_atrMaxOff,momentum,2025-04,7,-75.38483455395637,2,5
XAUUSDm,grid_thai_19_21_rr1.8_body1.8_wick0.5_closeOff_extOff_none_atrMin50_atrMaxOff,momentum,2025-05,8,33.66253224312183,4,4
XAUUSDm,grid_thai_19_21_rr1.8_body1.8_wick0.5_closeOff_extOff_none_atrMin50_atrMaxOff,momentum,2025-06,8,-24.35797680115256,4,4
XAUUSDm,grid_thai_19_21_rr1.8_body1.8_wick0.5_closeOff_extOff_none_atrMin50_atrMaxOff,momentum,2025-07,12,178.84724400422783,8,4
XAUUSDm,grid_thai_19_21_rr1.8_body1.8_wick0.5_closeOff_extOff_none_atrMin50_atrMaxOff,momentum,2025-08,10,90.96604778815079,6,4
XAUUSDm,grid_thai_19_21_rr1.8_body1.8_wick0.5_closeOff_extOff_none_atrMin50_atrMaxOff,momentum,2025-09,5,-62.24842542635284,1,4
XAUUSDm,grid_thai_19_21_rr1.8_body1.8_wick0.5_closeOff_extOff_none_atrMin50_atrMaxOff,momentum,2025-10,6,121.28586706287446,4,2
XAUUSDm,grid_thai_19_21_rr1.8_body1.8_wick0.5_closeOff_extOff_none_atrMin50_atrMaxOff,momentum,2025-11,6,-19.499309322571637,1,5
XAUUSDm,grid_thai_19_21_rr1.8_body1.8_wick0.5_closeOff_extOff_none_atrMin50_atrMaxOff,momentum,2025-12,7,42.35139436826298,3,4
XAUUSDm,grid_thai_19_21_rr1.8_body1.8_wick0.5_closeOff_extOff_none_atrMin50_atrMaxOff,momentum,2026-01,4,35.39865501847025,2,2
XAUUSDm,grid_thai_19_21_rr1.8_body1.8_wick0.5_closeOff_extOff_none_atrMin50_atrMaxOff,momentum,2026-02,4,12.886438957622442,2,2
XAUUSDm,grid_thai_19_21_rr1.8_body1.8_wick0.5_closeOff_extOff_none_atrMin50_atrMaxOff,momentum,2026-03,8,95.87126305179869,5,3
XAUUSDm,grid_thai_19_21_rr1.8_body1.8_wick0.5_closeOff_extOff_none_atrMin50_atrMaxOff,momentum,2026-04,4,-75.96545528529481,1,3
XAUUSDm,grid_thai_19_21_rr1.8_body1.8_wick0.5_closeOff_extOff_none_atrMin50_atrMaxOff,momentum,2026-05,1,6.919992053618007,1,0
XAUUSDm,grid_thai_19_21_rr1.8_body1.8_wick0.5_closeOff_extOff_none_atrMin40_atrMaxOff,momentum,2025-01,11,74.67432885853236,5,6
XAUUSDm,grid_thai_19_21_rr1.8_body1.8_wick0.5_closeOff_extOff_none_atrMin40_atrMaxOff,momentum,2025-02,8,67.00442858316472,4,4
XAUUSDm,grid_thai_19_21_rr1.8_body1.8_wick0.5_closeOff_extOff_none_atrMin40_atrMaxOff,momentum,2025-03,4,-24.923418851300447,1,3
XAUUSDm,grid_thai_19_21_rr1.8_body1.8_wick0.5_closeOff_extOff_none_atrMin40_atrMaxOff,momentum,2025-04,7,-75.42867515976748,2,5
XAUUSDm,grid_thai_19_21_rr1.8_body1.8_wick0.5_closeOff_extOff_none_atrMin40_atrMaxOff,momentum,2025-05,9,7.013691493724679,4,5
XAUUSDm,grid_thai_19_21_rr1.8_body1.8_wick0.5_closeOff_extOff_none_atrMin40_atrMaxOff,momentum,2025-06,8,-24.367730767034864,4,4
XAUUSDm,grid_thai_19_21_rr1.8_body1.8_wick0.5_closeOff_extOff_none_atrMin40_atrMaxOff,momentum,2025-07,12,178.81111394357612,8,4
XAUUSDm,grid_thai_19_21_rr1.8_body1.8_wick0.5_closeOff_extOff_none_atrMin40_atrMaxOff,momentum,2025-08,10,90.92150963266401,6,4
XAUUSDm,grid_thai_19_21_rr1.8_body1.8_wick0.5_closeOff_extOff_none_atrMin40_atrMaxOff,momentum,2025-09,5,-62.23322226347716,1,4
XAUUSDm,grid_thai_19_21_rr1.8_body1.8_wick0.5_closeOff_extOff_none_atrMin40_atrMaxOff,momentum,2025-10,7,93.9827446158841,4,3
XAUUSDm,grid_thai_19_21_rr1.8_body1.8_wick0.5_closeOff_extOff_none_atrMin40_atrMaxOff,momentum,2025-11,6,-19.548178868233173,1,5
XAUUSDm,grid_thai_19_21_rr1.8_body1.8_wick0.5_closeOff_extOff_none_atrMin40_atrMaxOff,momentum,2025-12,7,42.373886511224576,3,4
XAUUSDm,grid_thai_19_21_rr1.8_body1.8_wick0.5_closeOff_extOff_none_atrMin40_atrMaxOff,momentum,2026-01,4,35.395740658558225,2,2
XAUUSDm,grid_thai_19_21_rr1.8_body1.8_wick0.5_closeOff_extOff_none_atrMin40_atrMaxOff,momentum,2026-02,5,-13.191670543857512,2,3
XAUUSDm,grid_thai_19_21_rr1.8_body1.8_wick0.5_closeOff_extOff_none_atrMin40_atrMaxOff,momentum,2026-03,8,154.1730850728779,6,2
XAUUSDm,grid_thai_19_21_rr1.8_body1.8_wick0.5_closeOff_extOff_none_atrMin40_atrMaxOff,momentum,2026-04,4,-75.95896259595283,1,3
XAUUSDm,grid_thai_19_21_rr1.8_body1.8_wick0.5_closeOff_extOff_none_atrMin40_atrMaxOff,momentum,2026-05,1,6.812109688341227,1,0
XAUUSDm,grid_thai_19_21_rr2_body2_wick0.4_closeOff_extOff_none_atrMinOff_atrMaxOff,momentum,2025-01,9,79.43054824496286,4,5
XAUUSDm,grid_thai_19_21_rr2_body2_wick0.4_closeOff_extOff_none_atrMinOff_atrMaxOff,momentum,2025-02,7,113.7724278371837,4,3
XAUUSDm,grid_thai_19_21_rr2_body2_wick0.4_closeOff_extOff_none_atrMinOff_atrMaxOff,momentum,2025-03,5,-47.89055062687214,1,4
XAUUSDm,grid_thai_19_21_rr2_body2_wick0.4_closeOff_extOff_none_atrMinOff_atrMaxOff,momentum,2025-04,7,-137.42084436564915,1,6
XAUUSDm,grid_thai_19_21_rr2_body2_wick0.4_closeOff_extOff_none_atrMinOff_atrMaxOff,momentum,2025-05,10,-13.200203270333638,3,7
XAUUSDm,grid_thai_19_21_rr2_body2_wick0.4_closeOff_extOff_none_atrMinOff_atrMaxOff,momentum,2025-06,8,-18.964715326349506,4,4
XAUUSDm,grid_thai_19_21_rr2_body2_wick0.4_closeOff_extOff_none_atrMinOff_atrMaxOff,momentum,2025-07,10,175.44325360391275,7,3
XAUUSDm,grid_thai_19_21_rr2_body2_wick0.4_closeOff_extOff_none_atrMinOff_atrMaxOff,momentum,2025-08,10,105.98272389380244,6,4
XAUUSDm,grid_thai_19_21_rr2_body2_wick0.4_closeOff_extOff_none_atrMinOff_atrMaxOff,momentum,2025-09,4,-69.85415487157246,1,3
XAUUSDm,grid_thai_19_21_rr2_body2_wick0.4_closeOff_extOff_none_atrMinOff_atrMaxOff,momentum,2025-10,5,87.77782726541913,3,2
XAUUSDm,grid_thai_19_21_rr2_body2_wick0.4_closeOff_extOff_none_atrMinOff_atrMaxOff,momentum,2025-11,4,-4.5980112680575935,1,3
XAUUSDm,grid_thai_19_21_rr2_body2_wick0.4_closeOff_extOff_none_atrMinOff_atrMaxOff,momentum,2025-12,5,94.1189465155625,3,2
XAUUSDm,grid_thai_19_21_rr2_body2_wick0.4_closeOff_extOff_none_atrMinOff_atrMaxOff,momentum,2026-01,5,18.57457499049911,2,3
XAUUSDm,grid_thai_19_21_rr2_body2_wick0.4_closeOff_extOff_none_atrMinOff_atrMaxOff,momentum,2026-02,6,10.909386080254691,2,4
XAUUSDm,grid_thai_19_21_rr2_body2_wick0.4_closeOff_extOff_none_atrMinOff_atrMaxOff,momentum,2026-03,8,115.35842890771241,5,3
XAUUSDm,grid_thai_19_21_rr2_body2_wick0.4_closeOff_extOff_none_atrMinOff_atrMaxOff,momentum,2026-04,4,-76.0544748552494,1,3
XAUUSDm,grid_thai_19_21_rr2_body2_wick0.4_closeOff_extOff_none_atrMinOff_atrMaxOff,momentum,2026-05,1,6.908434637927314,1,0
XAUUSDm,grid_thai_19_21_rr2_body1.8_wick0.3_closeOff_extOff_none_atrMin30_atrMaxOff,momentum,2025-01,9,4.742724253284404,3,6
XAUUSDm,grid_thai_19_21_rr2_body1.8_wick0.3_closeOff_extOff_none_atrMin30_atrMaxOff,momentum,2025-02,7,38.96370160031362,3,4
XAUUSDm,grid_thai_19_21_rr2_body1.8_wick0.3_closeOff_extOff_none_atrMin30_atrMaxOff,momentum,2025-03,4,-19.131129138806223,1,3
XAUUSDm,grid_thai_19_21_rr2_body1.8_wick0.3_closeOff_extOff_none_atrMin30_atrMaxOff,momentum,2025-04,7,-70.34191704900434,2,5
XAUUSDm,grid_thai_19_21_rr2_body1.8_wick0.3_closeOff_extOff_none_atrMin30_atrMaxOff,momentum,2025-05,8,39.57085563881974,3,5
XAUUSDm,grid_thai_19_21_rr2_body1.8_wick0.3_closeOff_extOff_none_atrMin30_atrMaxOff,momentum,2025-06,7,-19.60237928469521,3,4
XAUUSDm,grid_thai_19_21_rr2_body1.8_wick0.3_closeOff_extOff_none_atrMin30_atrMaxOff,momentum,2025-07,11,196.81524438463148,8,3
XAUUSDm,grid_thai_19_21_rr2_body1.8_wick0.3_closeOff_extOff_none_atrMin30_atrMaxOff,momentum,2025-08,9,132.94884035576314,6,3
XAUUSDm,grid_thai_19_21_rr2_body1.8_wick0.3_closeOff_extOff_none_atrMin30_atrMaxOff,momentum,2025-09,4,-70.05540966357195,1,3
XAUUSDm,grid_thai_19_21_rr2_body1.8_wick0.3_closeOff_extOff_none_atrMin30_atrMaxOff,momentum,2025-10,4,72.07005259536643,2,2
XAUUSDm,grid_thai_19_21_rr2_body1.8_wick0.3_closeOff_extOff_none_atrMin30_atrMaxOff,momentum,2025-11,4,-4.617763996080058,1,3
XAUUSDm,grid_thai_19_21_rr2_body1.8_wick0.3_closeOff_extOff_none_atrMin30_atrMaxOff,momentum,2025-12,5,18.258534770718168,2,3
XAUUSDm,grid_thai_19_21_rr2_body1.8_wick0.3_closeOff_extOff_none_atrMin30_atrMaxOff,momentum,2026-01,5,19.324735013825894,2,3
XAUUSDm,grid_thai_19_21_rr2_body1.8_wick0.3_closeOff_extOff_none_atrMin30_atrMaxOff,momentum,2026-02,5,36.40273363853184,2,3
XAUUSDm,grid_thai_19_21_rr2_body1.8_wick0.3_closeOff_extOff_none_atrMin30_atrMaxOff,momentum,2026-03,8,107.38232519580347,5,3
XAUUSDm,grid_thai_19_21_rr2_body1.8_wick0.3_closeOff_extOff_none_atrMin30_atrMaxOff,momentum,2026-04,4,-75.82908323459976,1,3
XAUUSDm,grid_thai_19_21_rr2_body1.8_wick0.3_closeOff_extOff_none_atrMin30_atrMaxOff,momentum,2026-05,1,6.837916289069984,1,0
XAUUSDm,grid_thai_19_21_rr1.8_body1.8_wick0.4_closeOff_extOff_none_atrMin40_atrMaxOff,momentum,2025-01,10,31.556069954314058,4,6
XAUUSDm,grid_thai_19_21_rr1.8_body1.8_wick0.4_closeOff_extOff_none_atrMin40_atrMaxOff,momentum,2025-02,8,67.00814236612993,4,4
XAUUSDm,grid_thai_19_21_rr1.8_body1.8_wick0.4_closeOff_extOff_none_atrMin40_atrMaxOff,momentum,2025-03,4,-24.953540064219673,1,3
XAUUSDm,grid_thai_19_21_rr1.8_body1.8_wick0.4_closeOff_extOff_none_atrMin40_atrMaxOff,momentum,2025-04,7,-75.38483455395637,2,5
XAUUSDm,grid_thai_19_21_rr1.8_body1.8_wick0.4_closeOff_extOff_none_atrMin40_atrMaxOff,momentum,2025-05,9,-1.1006749768396844,3,6
XAUUSDm,grid_thai_19_21_rr1.8_body1.8_wick0.4_closeOff_extOff_none_atrMin40_atrMaxOff,momentum,2025-06,8,-24.431335972619987,4,4
XAUUSDm,grid_thai_19_21_rr1.8_body1.8_wick0.4_closeOff_extOff_none_atrMin40_atrMaxOff,momentum,2025-07,12,178.82470627156846,8,4
XAUUSDm,grid_thai_19_21_rr1.8_body1.8_wick0.4_closeOff_extOff_none_atrMin40_atrMaxOff,momentum,2025-08,10,91.08246037606177,6,4
XAUUSDm,grid_thai_19_21_rr1.8_body1.8_wick0.4_closeOff_extOff_none_atrMin40_atrMaxOff,momentum,2025-09,5,-62.245339051391355,1,4
XAUUSDm,grid_thai_19_21_rr1.8_body1.8_wick0.4_closeOff_extOff_none_atrMin40_atrMaxOff,momentum,2025-10,5,77.70783600833794,3,2
XAUUSDm,grid_thai_19_21_rr1.8_body1.8_wick0.4_closeOff_extOff_none_atrMin40_atrMaxOff,momentum,2025-11,5,-18.577943457694285,1,4
XAUUSDm,grid_thai_19_21_rr1.8_body1.8_wick0.4_closeOff_extOff_none_atrMin40_atrMaxOff,momentum,2025-12,5,78.33073801777964,3,2
XAUUSDm,grid_thai_19_21_rr1.8_body1.8_wick0.4_closeOff_extOff_none_atrMin40_atrMaxOff,momentum,2026-01,4,35.39228494364156,2,2
XAUUSDm,grid_thai_19_21_rr1.8_body1.8_wick0.4_closeOff_extOff_none_atrMin40_atrMaxOff,momentum,2026-02,5,-13.079000846335354,2,3
XAUUSDm,grid_thai_19_21_rr1.8_body1.8_wick0.4_closeOff_extOff_none_atrMin40_atrMaxOff,momentum,2026-03,8,154.25625017099927,6,2
XAUUSDm,grid_thai_19_21_rr1.8_body1.8_wick0.4_closeOff_extOff_none_atrMin40_atrMaxOff,momentum,2026-04,4,-76.02714186711498,1,3
XAUUSDm,grid_thai_19_21_rr1.8_body1.8_wick0.4_closeOff_extOff_none_atrMin40_atrMaxOff,momentum,2026-05,1,6.804553924761962,1,0
XAUUSDm,grid_thai_19_21_rr2_body2_wick0.4_closeOff_extOff_none_atrMin40_atrMaxOff,momentum,2025-01,9,79.43054824496286,4,5
XAUUSDm,grid_thai_19_21_rr2_body2_wick0.4_closeOff_extOff_none_atrMin40_atrMaxOff,momentum,2025-02,7,38.71560748695752,3,4
XAUUSDm,grid_thai_19_21_rr2_body2_wick0.4_closeOff_extOff_none_atrMin40_atrMaxOff,momentum,2025-03,4,-19.958802964611557,1,3
XAUUSDm,grid_thai_19_21_rr2_body2_wick0.4_closeOff_extOff_none_atrMin40_atrMaxOff,momentum,2025-04,7,-145.49094433007323,1,6
XAUUSDm,grid_thai_19_21_rr2_body2_wick0.4_closeOff_extOff_none_atrMin40_atrMaxOff,momentum,2025-05,9,13.839222626475554,3,6
XAUUSDm,grid_thai_19_21_rr2_body2_wick0.4_closeOff_extOff_none_atrMin40_atrMaxOff,momentum,2025-06,8,-18.820413314193765,4,4
XAUUSDm,grid_thai_19_21_rr2_body2_wick0.4_closeOff_extOff_none_atrMin40_atrMaxOff,momentum,2025-07,10,175.37428408243852,7,3
XAUUSDm,grid_thai_19_21_rr2_body2_wick0.4_closeOff_extOff_none_atrMin40_atrMaxOff,momentum,2025-08,10,105.81298197598888,6,4
XAUUSDm,grid_thai_19_21_rr2_body2_wick0.4_closeOff_extOff_none_atrMin40_atrMaxOff,momentum,2025-09,4,-69.85993007985253,1,3
XAUUSDm,grid_thai_19_21_rr2_body2_wick0.4_closeOff_extOff_none_atrMin40_atrMaxOff,momentum,2025-10,5,87.72907350990386,3,2
XAUUSDm,grid_thai_19_21_rr2_body2_wick0.4_closeOff_extOff_none_atrMin40_atrMaxOff,momentum,2025-11,4,-4.566321690822754,1,3
XAUUSDm,grid_thai_19_21_rr2_body2_wick0.4_closeOff_extOff_none_atrMin40_atrMaxOff,momentum,2025-12,4,120.57316608960785,3,1
XAUUSDm,grid_thai_19_21_rr2_body2_wick0.4_closeOff_extOff_none_atrMin40_atrMaxOff,momentum,2026-01,4,45.39748186401864,2,2
XAUUSDm,grid_thai_19_21_rr2_body2_wick0.4_closeOff_extOff_none_atrMin40_atrMaxOff,momentum,2026-02,5,-83.13210980095306,1,4
XAUUSDm,grid_thai_19_21_rr2_body2_wick0.4_closeOff_extOff_none_atrMin40_atrMaxOff,momentum,2026-03,7,142.12558849354235,5,2
XAUUSDm,grid_thai_19_21_rr2_body2_wick0.4_closeOff_extOff_none_atrMin40_atrMaxOff,momentum,2026-04,4,-75.93896270915303,1,3
XAUUSDm,grid_thai_19_21_rr2_body2_wick0.4_closeOff_extOff_none_atrMin40_atrMaxOff,momentum,2026-05,1,6.837916289069984,1,0
XAUUSDm,grid_thai_19_21_rr1.8_body2_wick0.4_closeOff_extOff_none_atrMinOff_atrMaxOff,momentum,2025-01,9,59.4295482449633,4,5
XAUUSDm,grid_thai_19_21_rr1.8_body2_wick0.4_closeOff_extOff_none_atrMinOff_atrMaxOff,momentum,2025-02,7,93.77142783718331,4,3
XAUUSDm,grid_thai_19_21_rr1.8_body2_wick0.4_closeOff_extOff_none_atrMinOff_atrMaxOff,momentum,2025-03,5,-52.89105062687126,1,4
XAUUSDm,grid_thai_19_21_rr1.8_body2_wick0.4_closeOff_extOff_none_atrMinOff_atrMaxOff,momentum,2025-04,7,-67.41384436564901,2,5
XAUUSDm,grid_thai_19_21_rr1.8_body2_wick0.4_closeOff_extOff_none_atrMinOff_atrMaxOff,momentum,2025-05,10,-28.19970327033385,3,7
XAUUSDm,grid_thai_19_21_rr1.8_body2_wick0.4_closeOff_extOff_none_atrMinOff_atrMaxOff,momentum,2025-06,8,-23.96421532634951,4,4
XAUUSDm,grid_thai_19_21_rr1.8_body2_wick0.4_closeOff_extOff_none_atrMinOff_atrMaxOff,momentum,2025-07,10,150.44275360391242,7,3
XAUUSDm,grid_thai_19_21_rr1.8_body2_wick0.4_closeOff_extOff_none_atrMinOff_atrMaxOff,momentum,2025-08,10,90.98422389380245,6,4
XAUUSDm,grid_thai_19_21_rr1.8_body2_wick0.4_closeOff_extOff_none_atrMinOff_atrMaxOff,momentum,2025-09,4,-36.238820453041086,1,3
XAUUSDm,grid_thai_19_21_rr1.8_body2_wick0.4_closeOff_extOff_none_atrMinOff_atrMaxOff,momentum,2025-10,5,77.77682726541892,3,2
XAUUSDm,grid_thai_19_21_rr1.8_body2_wick0.4_closeOff_extOff_none_atrMinOff_atrMaxOff,momentum,2025-11,5,-18.5959036480321,1,4
XAUUSDm,grid_thai_19_21_rr1.8_body2_wick0.4_closeOff_extOff_none_atrMinOff_atrMaxOff,momentum,2025-12,5,79.11572324806724,3,2
XAUUSDm,grid_thai_19_21_rr1.8_body2_wick0.4_closeOff_extOff_none_atrMinOff_atrMaxOff,momentum,2026-01,5,8.57770530927533,2,3
XAUUSDm,grid_thai_19_21_rr1.8_body2_wick0.4_closeOff_extOff_none_atrMinOff_atrMaxOff,momentum,2026-02,6,0.9246810531878396,2,4
XAUUSDm,grid_thai_19_21_rr1.8_body2_wick0.4_closeOff_extOff_none_atrMinOff_atrMaxOff,momentum,2026-03,8,153.19205772241537,6,2
XAUUSDm,grid_thai_19_21_rr1.8_body2_wick0.4_closeOff_extOff_none_atrMinOff_atrMaxOff,momentum,2026-04,4,-76.03250044345405,1,3
XAUUSDm,grid_thai_19_21_rr1.8_body2_wick0.4_closeOff_extOff_none_atrMinOff_atrMaxOff,momentum,2026-05,1,6.937535208191184,1,0
XAUUSDm,grid_thai_19_21_rr2_body1.8_wick0.5_closeOff_extOff_none_atrMin30_atrMaxOff,momentum,2025-01,11,99.67482885853232,5,6
XAUUSDm,grid_thai_19_21_rr2_body1.8_wick0.5_closeOff_extOff_none_atrMin30_atrMaxOff,momentum,2025-02,8,87.05385901851028,4,4
XAUUSDm,grid_thai_19_21_rr2_body1.8_wick0.5_closeOff_extOff_none_atrMin30_atrMaxOff,momentum,2025-03,4,-19.92291885130131,1,3
XAUUSDm,grid_thai_19_21_rr2_body1.8_wick0.5_closeOff_extOff_none_atrMin30_atrMaxOff,momentum,2025-04,7,-145.43567515976747,1,6
XAUUSDm,grid_thai_19_21_rr2_body1.8_wick0.5_closeOff_extOff_none_atrMin30_atrMaxOff,momentum,2025-05,9,21.963985187981905,4,5
XAUUSDm,grid_thai_19_21_rr2_body1.8_wick0.5_closeOff_extOff_none_atrMin30_atrMaxOff,momentum,2025-06,8,-19.368230767034447,4,4
XAUUSDm,grid_thai_19_21_rr2_body1.8_wick0.5_closeOff_extOff_none_atrMin30_atrMaxOff,momentum,2025-07,12,181.10401423091162,8,4
XAUUSDm,grid_thai_19_21_rr2_body1.8_wick0.5_closeOff_extOff_none_atrMin30_atrMaxOff,momentum,2025-08,10,105.9200096326638,6,4
XAUUSDm,grid_thai_19_21_rr2_body1.8_wick0.5_closeOff_extOff_none_atrMin30_atrMaxOff,momentum,2025-09,5,-95.81811766448835,1,4
XAUUSDm,grid_thai_19_21_rr2_body1.8_wick0.5_closeOff_extOff_none_atrMin30_atrMaxOff,momentum,2025-10,7,108.98324461588479,4,3
XAUUSDm,grid_thai_19_21_rr2_body1.8_wick0.5_closeOff_extOff_none_atrMin30_atrMaxOff,momentum,2025-11,5,-5.4949519483952995,1,4
XAUUSDm,grid_thai_19_21_rr2_body1.8_wick0.5_closeOff_extOff_none_atrMin30_atrMaxOff,momentum,2025-12,8,31.11643997298924,3,5
XAUUSDm,grid_thai_19_21_rr2_body1.8_wick0.5_closeOff_extOff_none_atrMin30_atrMaxOff,momentum,2026-01,5,18.57672038911186,2,3
XAUUSDm,grid_thai_19_21_rr2_body1.8_wick0.5_closeOff_extOff_none_atrMin30_atrMaxOff,momentum,2026-02,5,36.35738193636239,2,3
XAUUSDm,grid_thai_19_21_rr2_body1.8_wick0.5_closeOff_extOff_none_atrMin30_atrMaxOff,momentum,2026-03,8,116.50971258856296,5,3
XAUUSDm,grid_thai_19_21_rr2_body1.8_wick0.5_closeOff_extOff_none_atrMin30_atrMaxOff,momentum,2026-04,4,-75.97056219272385,1,3
XAUUSDm,grid_thai_19_21_rr2_body1.8_wick0.5_closeOff_extOff_none_atrMin30_atrMaxOff,momentum,2026-05,1,6.82823847987125,1,0
XAUUSDm,grid_thai_19_21_rr2.2_body2_wick0.5_closeOff_extOff_none_atrMin50_atrMaxOff,momentum,2025-01,9,60.228986113779925,4,5
XAUUSDm,grid_thai_19_21_rr2.2_body2_wick0.5_closeOff_extOff_none_atrMin50_atrMaxOff,momentum,2025-02,6,0.490580718336588,2,4
XAUUSDm,grid_thai_19_21_rr2.2_body2_wick0.5_closeOff_extOff_none_atrMin50_atrMaxOff,momentum,2025-03,4,-14.922798054088112,1,3
XAUUSDm,grid_thai_19_21_rr2.2_body2_wick0.5_closeOff_extOff_none_atrMin50_atrMaxOff,momentum,2025-04,7,-145.50611915675782,1,6
XAUUSDm,grid_thai_19_21_rr2.2_body2_wick0.5_closeOff_extOff_none_atrMin50_atrMaxOff,momentum,2025-05,8,19.875846030693857,4,4
XAUUSDm,grid_thai_19_21_rr2.2_body2_wick0.5_closeOff_extOff_none_atrMin50_atrMaxOff,momentum,2025-06,8,-93.85533829590229,3,5
XAUUSDm,grid_thai_19_21_rr2.2_body2_wick0.5_closeOff_extOff_none_atrMin50_atrMaxOff,momentum,2025-07,10,200.41151627342384,7,3
XAUUSDm,grid_thai_19_21_rr2.2_body2_wick0.5_closeOff_extOff_none_atrMin50_atrMaxOff,momentum,2025-08,10,120.80463201292278,6,4
XAUUSDm,grid_thai_19_21_rr2.2_body2_wick0.5_closeOff_extOff_none_atrMin50_atrMaxOff,momentum,2025-09,4,-69.83988068944507,1,3
XAUUSDm,grid_thai_19_21_rr2.2_body2_wick0.5_closeOff_extOff_none_atrMin50_atrMaxOff,momentum,2025-10,6,151.3688671187695,4,2
XAUUSDm,grid_thai_19_21_rr2.2_body2_wick0.5_closeOff_extOff_none_atrMin50_atrMaxOff,momentum,2025-11,5,-0.4744928125714776,1,4
XAUUSDm,grid_thai_19_21_rr2.2_body2_wick0.5_closeOff_extOff_none_atrMin50_atrMaxOff,momentum,2025-12,6,99.59034394553595,3,3
XAUUSDm,grid_thai_19_21_rr2.2_body2_wick0.5_closeOff_extOff_none_atrMin50_atrMaxOff,momentum,2026-01,4,55.38647060333774,2,2
XAUUSDm,grid_thai_19_21_rr2.2_body2_wick0.5_closeOff_extOff_none_atrMin50_atrMaxOff,momentum,2026-02,4,-57.082819446631625,1,3
XAUUSDm,grid_thai_19_21_rr2.2_body2_wick0.5_closeOff_extOff_none_atrMin50_atrMaxOff,momentum,2026-03,7,132.50068334599973,5,2
XAUUSDm,grid_thai_19_21_rr2.2_body2_wick0.5_closeOff_extOff_none_atrMin50_atrMaxOff,momentum,2026-04,4,-75.94178639440621,1,3
XAUUSDm,grid_thai_19_21_rr2.2_body2_wick0.5_closeOff_extOff_none_atrMin50_atrMaxOff,momentum,2026-05,1,6.909488113928996,1,0
XAUUSDm,grid_thai_19_21_rr1.8_body1.8_wick0.5_closeOff_extOff_none_atrMin30_atrMaxOff,momentum,2025-01,11,74.67432885853236,5,6
XAUUSDm,grid_thai_19_21_rr1.8_body1.8_wick0.5_closeOff_extOff_none_atrMin30_atrMaxOff,momentum,2025-02,8,67.05285901850934,4,4
XAUUSDm,grid_thai_19_21_rr1.8_body1.8_wick0.5_closeOff_extOff_none_atrMin30_atrMaxOff,momentum,2025-03,4,-24.923418851300447,1,3
XAUUSDm,grid_thai_19_21_rr1.8_body1.8_wick0.5_closeOff_extOff_none_atrMin30_atrMaxOff,momentum,2025-04,7,-75.42867515976748,2,5
XAUUSDm,grid_thai_19_21_rr1.8_body1.8_wick0.5_closeOff_extOff_none_atrMin30_atrMaxOff,momentum,2025-05,9,6.964485187981381,4,5
XAUUSDm,grid_thai_19_21_rr1.8_body1.8_wick0.5_closeOff_extOff_none_atrMin30_atrMaxOff,momentum,2025-06,8,-24.367730767034864,4,4
XAUUSDm,grid_thai_19_21_rr1.8_body1.8_wick0.5_closeOff_extOff_none_atrMin30_atrMaxOff,momentum,2025-07,12,178.81111394357612,8,4
XAUUSDm,grid_thai_19_21_rr1.8_body1.8_wick0.5_closeOff_extOff_none_atrMin30_atrMaxOff,momentum,2025-08,10,90.92150963266401,6,4
XAUUSDm,grid_thai_19_21_rr1.8_body1.8_wick0.5_closeOff_extOff_none_atrMin30_atrMaxOff,momentum,2025-09,5,-62.23322226347716,1,4
XAUUSDm,grid_thai_19_21_rr1.8_body1.8_wick0.5_closeOff_extOff_none_atrMin30_atrMaxOff,momentum,2025-10,7,93.9827446158841,4,3
XAUUSDm,grid_thai_19_21_rr1.8_body1.8_wick0.5_closeOff_extOff_none_atrMin30_atrMaxOff,momentum,2025-11,6,-19.53063502027514,1,5
XAUUSDm,grid_thai_19_21_rr1.8_body1.8_wick0.5_closeOff_extOff_none_atrMin30_atrMaxOff,momentum,2025-12,8,16.089122332166266,3,5
XAUUSDm,grid_thai_19_21_rr1.8_body1.8_wick0.5_closeOff_extOff_none_atrMin30_atrMaxOff,momentum,2026-01,5,8.576181011339216,2,3
XAUUSDm,grid_thai_19_21_rr1.8_body1.8_wick0.5_closeOff_extOff_none_atrMin30_atrMaxOff,momentum,2026-02,5,26.371690156793434,2,3
XAUUSDm,grid_thai_19_21_rr1.8_body1.8_wick0.5_closeOff_extOff_none_atrMin30_atrMaxOff,momentum,2026-03,8,154.30305578727763,6,2
XAUUSDm,grid_thai_19_21_rr1.8_body1.8_wick0.5_closeOff_extOff_none_atrMin30_atrMaxOff,momentum,2026-04,4,-76.00369519731949,1,3
XAUUSDm,grid_thai_19_21_rr1.8_body1.8_wick0.5_closeOff_extOff_none_atrMin30_atrMaxOff,momentum,2026-05,1,6.834664735149532,1,0
XAUUSDm,grid_thai_19_21_rr2_body2_wick0.5_closeOff_extOff_none_atrMinOff_atrMaxOff,momentum,2025-01,9,79.43054824496286,4,5
XAUUSDm,grid_thai_19_21_rr2_body2_wick0.5_closeOff_extOff_none_atrMinOff_atrMaxOff,momentum,2025-02,7,113.7724278371837,4,3
XAUUSDm,grid_thai_19_21_rr2_body2_wick0.5_closeOff_extOff_none_atrMinOff_atrMaxOff,momentum,2025-03,5,-47.89055062687214,1,4
XAUUSDm,grid_thai_19_21_rr2_body2_wick0.5_closeOff_extOff_none_atrMinOff_atrMaxOff,momentum,2025-04,7,-137.42084436564915,1,6
XAUUSDm,grid_thai_19_21_rr2_body2_wick0.5_closeOff_extOff_none_atrMinOff_atrMaxOff,momentum,2025-05,10,-5.067143853379406,4,6
XAUUSDm,grid_thai_19_21_rr2_body2_wick0.5_closeOff_extOff_none_atrMinOff_atrMaxOff,momentum,2025-06,8,-18.964715326349506,4,4
XAUUSDm,grid_thai_19_21_rr2_body2_wick0.5_closeOff_extOff_none_atrMinOff_atrMaxOff,momentum,2025-07,10,175.44325360391275,7,3
XAUUSDm,grid_thai_19_21_rr2_body2_wick0.5_closeOff_extOff_none_atrMinOff_atrMaxOff,momentum,2025-08,10,105.98272389380244,6,4
XAUUSDm,grid_thai_19_21_rr2_body2_wick0.5_closeOff_extOff_none_atrMinOff_atrMaxOff,momentum,2025-09,4,-69.85415487157246,1,3
XAUUSDm,grid_thai_19_21_rr2_body2_wick0.5_closeOff_extOff_none_atrMinOff_atrMaxOff,momentum,2025-10,7,108.99027425319163,4,3
XAUUSDm,grid_thai_19_21_rr2_body2_wick0.5_closeOff_extOff_none_atrMinOff_atrMaxOff,momentum,2025-11,5,-5.598122024239528,1,4
XAUUSDm,grid_thai_19_21_rr2_body2_wick0.5_closeOff_extOff_none_atrMinOff_atrMaxOff,momentum,2025-12,7,56.736303913403795,3,4
XAUUSDm,grid_thai_19_21_rr2_body2_wick0.5_closeOff_extOff_none_atrMinOff_atrMaxOff,momentum,2026-01,5,18.58069289939982,2,3
XAUUSDm,grid_thai_19_21_rr2_body2_wick0.5_closeOff_extOff_none_atrMinOff_atrMaxOff,momentum,2026-02,6,10.929398436513992,2,4
XAUUSDm,grid_thai_19_21_rr2_body2_wick0.5_closeOff_extOff_none_atrMinOff_atrMaxOff,momentum,2026-03,8,115.28981258883508,5,3
XAUUSDm,grid_thai_19_21_rr2_body2_wick0.5_closeOff_extOff_none_atrMinOff_atrMaxOff,momentum,2026-04,4,-75.94408898505408,1,3
XAUUSDm,grid_thai_19_21_rr2_body2_wick0.5_closeOff_extOff_none_atrMinOff_atrMaxOff,momentum,2026-05,1,6.902861370407615,1,0
XAUUSDm,grid_thai_19_21_rr1.8_body1.8_wick0.3_closeOff_extOff_none_atrMinOff_atrMaxOff,momentum,2025-01,9,-10.25877574671507,3,6
XAUUSDm,grid_thai_19_21_rr1.8_body1.8_wick0.3_closeOff_extOff_none_atrMinOff_atrMaxOff,momentum,2025-02,7,23.963201600313518,3,4
XAUUSDm,grid_thai_19_21_rr1.8_body1.8_wick0.3_closeOff_extOff_none_atrMinOff_atrMaxOff,momentum,2025-03,5,-52.06337680106593,1,4
XAUUSDm,grid_thai_19_21_rr1.8_body1.8_wick0.3_closeOff_extOff_none_atrMinOff_atrMaxOff,momentum,2025-04,7,2.736086148748896,3,4
XAUUSDm,grid_thai_19_21_rr1.8_body1.8_wick0.3_closeOff_extOff_none_atrMinOff_atrMaxOff,momentum,2025-05,8,24.54442662078793,3,5
XAUUSDm,grid_thai_19_21_rr1.8_body1.8_wick0.3_closeOff_extOff_none_atrMinOff_atrMaxOff,momentum,2025-06,7,-24.600500748477373,3,4
XAUUSDm,grid_thai_19_21_rr1.8_body1.8_wick0.3_closeOff_extOff_none_atrMinOff_atrMaxOff,momentum,2025-07,11,194.57259071999954,8,3
XAUUSDm,grid_thai_19_21_rr1.8_body1.8_wick0.3_closeOff_extOff_none_atrMinOff_atrMaxOff,momentum,2025-08,9,117.86211331155744,6,3
XAUUSDm,grid_thai_19_21_rr1.8_body1.8_wick0.3_closeOff_extOff_none_atrMinOff_atrMaxOff,momentum,2025-09,4,-36.43771785951445,1,3
XAUUSDm,grid_thai_19_21_rr1.8_body1.8_wick0.3_closeOff_extOff_none_atrMinOff_atrMaxOff,momentum,2025-10,4,62.09175075321478,2,2
XAUUSDm,grid_thai_19_21_rr1.8_body1.8_wick0.3_closeOff_extOff_none_atrMinOff_atrMaxOff,momentum,2025-11,6,25.23773073362333,2,4
XAUUSDm,grid_thai_19_21_rr1.8_body1.8_wick0.3_closeOff_extOff_none_atrMinOff_atrMaxOff,momentum,2025-12,5,8.101923702373718,2,3
XAUUSDm,grid_thai_19_21_rr1.8_body1.8_wick0.3_closeOff_extOff_none_atrMinOff_atrMaxOff,momentum,2026-01,5,9.31085164414489,2,3
XAUUSDm,grid_thai_19_21_rr1.8_body1.8_wick0.3_closeOff_extOff_none_atrMinOff_atrMaxOff,momentum,2026-02,6,1.0208995887384305,2,4
XAUUSDm,grid_thai_19_21_rr1.8_body1.8_wick0.3_closeOff_extOff_none_atrMinOff_atrMaxOff,momentum,2026-03,9,123.28603588658835,6,3
XAUUSDm,grid_thai_19_21_rr1.8_body1.8_wick0.3_closeOff_extOff_none_atrMinOff_atrMaxOff,momentum,2026-04,4,-75.8523099043643,1,3
XAUUSDm,grid_thai_19_21_rr1.8_body1.8_wick0.3_closeOff_extOff_none_atrMinOff_atrMaxOff,momentum,2026-05,1,6.879177564761375,1,0
XAUUSDm,grid_thai_19_21_rr1.8_body1.8_wick0.4_closeOff_extOff_none_atrMin30_atrMaxOff,momentum,2025-01,10,31.556069954314058,4,6
XAUUSDm,grid_thai_19_21_rr1.8_body1.8_wick0.4_closeOff_extOff_none_atrMin30_atrMaxOff,momentum,2025-02,8,67.05565732248661,4,4
XAUUSDm,grid_thai_19_21_rr1.8_body1.8_wick0.4_closeOff_extOff_none_atrMin30_atrMaxOff,momentum,2025-03,4,-24.953540064219673,1,3
XAUUSDm,grid_thai_19_21_rr1.8_body1.8_wick0.4_closeOff_extOff_none_atrMin30_atrMaxOff,momentum,2025-04,7,-75.38483455395637,2,5
XAUUSDm,grid_thai_19_21_rr1.8_body1.8_wick0.4_closeOff_extOff_none_atrMin30_atrMaxOff,momentum,2025-05,9,-1.1497535471663554,3,6
XAUUSDm,grid_thai_19_21_rr1.8_body1.8_wick0.4_closeOff_extOff_none_atrMin30_atrMaxOff,momentum,2025-06,8,-24.431335972619987,4,4
XAUUSDm,grid_thai_19_21_rr1.8_body1.8_wick0.4_closeOff_extOff_none_atrMin30_atrMaxOff,momentum,2025-07,12,178.82470627156846,8,4
XAUUSDm,grid_thai_19_21_rr1.8_body1.8_wick0.4_closeOff_extOff_none_atrMin30_atrMaxOff,momentum,2025-08,10,91.08246037606177,6,4
XAUUSDm,grid_thai_19_21_rr1.8_body1.8_wick0.4_closeOff_extOff_none_atrMin30_atrMaxOff,momentum,2025-09,5,-62.245339051391355,1,4
XAUUSDm,grid_thai_19_21_rr1.8_body1.8_wick0.4_closeOff_extOff_none_atrMin30_atrMaxOff,momentum,2025-10,5,77.70783600833794,3,2
XAUUSDm,grid_thai_19_21_rr1.8_body1.8_wick0.4_closeOff_extOff_none_atrMin30_atrMaxOff,momentum,2025-11,5,-18.56053049570794,1,4
XAUUSDm,grid_thai_19_21_rr1.8_body1.8_wick0.4_closeOff_extOff_none_atrMin30_atrMaxOff,momentum,2025-12,6,52.045067911202594,3,3
XAUUSDm,grid_thai_19_21_rr1.8_body1.8_wick0.4_closeOff_extOff_none_atrMin30_atrMaxOff,momentum,2026-01,5,8.580692899399523,2,3
XAUUSDm,grid_thai_19_21_rr1.8_body1.8_wick0.4_closeOff_extOff_none_atrMin30_atrMaxOff,momentum,2026-02,5,26.364084147647834,2,3
XAUUSDm,grid_thai_19_21_rr1.8_body1.8_wick0.4_closeOff_extOff_none_atrMin30_atrMaxOff,momentum,2026-03,8,154.15410495989562,6,2
XAUUSDm,grid_thai_19_21_rr1.8_body1.8_wick0.4_closeOff_extOff_none_atrMin30_atrMaxOff,momentum,2026-04,4,-75.96545528529481,1,3
XAUUSDm,grid_thai_19_21_rr1.8_body1.8_wick0.4_closeOff_extOff_none_atrMin30_atrMaxOff,momentum,2026-05,1,6.919992053618007,1,0
XAUUSDm,grid_thai_19_21_rr1.5_body1.8_wick0.3_closeOff_extOff_none_atrMin40_atrMaxOff,momentum,2025-01,9,-32.761025746714836,3,6
XAUUSDm,grid_thai_19_21_rr1.5_body1.8_wick0.3_closeOff_extOff_none_atrMin40_atrMaxOff,momentum,2025-02,7,1.462451600313365,3,4
XAUUSDm,grid_thai_19_21_rr1.5_body1.8_wick0.3_closeOff_extOff_none_atrMin40_atrMaxOff,momentum,2025-03,4,-31.632379138806215,1,3
XAUUSDm,grid_thai_19_21_rr1.5_body1.8_wick0.3_closeOff_extOff_none_atrMin40_atrMaxOff,momentum,2025-04,7,42.171832950995324,4,3
XAUUSDm,grid_thai_19_21_rr1.5_body1.8_wick0.3_closeOff_extOff_none_atrMin40_atrMaxOff,momentum,2025-05,8,2.0721056388192842,3,5
XAUUSDm,grid_thai_19_21_rr1.5_body1.8_wick0.3_closeOff_extOff_none_atrMin40_atrMaxOff,momentum,2025-06,7,-1.0459701397083165,3,4
XAUUSDm,grid_thai_19_21_rr1.5_body1.8_wick0.3_closeOff_extOff_none_atrMin40_atrMaxOff,momentum,2025-07,11,149.66723559539852,8,3
XAUUSDm,grid_thai_19_21_rr1.5_body1.8_wick0.3_closeOff_extOff_none_atrMin40_atrMaxOff,momentum,2025-08,10,68.29173363245539,6,4
XAUUSDm,grid_thai_19_21_rr1.5_body1.8_wick0.3_closeOff_extOff_none_atrMin40_atrMaxOff,momentum,2025-09,4,-43.936967859515306,1,3
XAUUSDm,grid_thai_19_21_rr1.5_body1.8_wick0.3_closeOff_extOff_none_atrMin40_atrMaxOff,momentum,2025-10,4,85.12312338823922,3,1
XAUUSDm,grid_thai_19_21_rr1.5_body1.8_wick0.3_closeOff_extOff_none_atrMin40_atrMaxOff,momentum,2025-11,5,-26.025780769046975,1,4
XAUUSDm,grid_thai_19_21_rr1.5_body1.8_wick0.3_closeOff_extOff_none_atrMin40_atrMaxOff,momentum,2025-12,4,19.550496153033396,2,2
XAUUSDm,grid_thai_19_21_rr1.5_body1.8_wick0.3_closeOff_extOff_none_atrMin40_atrMaxOff,momentum,2026-01,4,21.13784901502221,2,2
XAUUSDm,grid_thai_19_21_rr1.5_body1.8_wick0.3_closeOff_extOff_none_atrMin40_atrMaxOff,momentum,2026-02,5,-20.615960052428477,2,3
XAUUSDm,grid_thai_19_21_rr1.5_body1.8_wick0.3_closeOff_extOff_none_atrMin40_atrMaxOff,momentum,2026-03,8,187.02134072670947,7,1
XAUUSDm,grid_thai_19_21_rr1.5_body1.8_wick0.3_closeOff_extOff_none_atrMin40_atrMaxOff,momentum,2026-04,4,-75.82908323459976,1,3
XAUUSDm,grid_thai_19_21_rr1.5_body1.8_wick0.3_closeOff_extOff_none_atrMin40_atrMaxOff,momentum,2026-05,1,6.837916289069984,1,0
XAUUSDm,grid_thai_19_21_rr2_body2_wick0.5_closeOff_extOff_none_atrMin40_atrMaxOff,momentum,2025-01,9,79.43054824496286,4,5
XAUUSDm,grid_thai_19_21_rr2_body2_wick0.5_closeOff_extOff_none_atrMin40_atrMaxOff,momentum,2025-02,7,38.71560748695752,3,4
XAUUSDm,grid_thai_19_21_rr2_body2_wick0.5_closeOff_extOff_none_atrMin40_atrMaxOff,momentum,2025-03,4,-19.958802964611557,1,3
XAUUSDm,grid_thai_19_21_rr2_body2_wick0.5_closeOff_extOff_none_atrMin40_atrMaxOff,momentum,2025-04,7,-145.49094433007323,1,6
XAUUSDm,grid_thai_19_21_rr2_body2_wick0.5_closeOff_extOff_none_atrMin40_atrMaxOff,momentum,2025-05,9,21.93957016020766,4,5
XAUUSDm,grid_thai_19_21_rr2_body2_wick0.5_closeOff_extOff_none_atrMin40_atrMaxOff,momentum,2025-06,8,-18.820413314193765,4,4
XAUUSDm,grid_thai_19_21_rr2_body2_wick0.5_closeOff_extOff_none_atrMin40_atrMaxOff,momentum,2025-07,10,175.37428408243852,7,3
XAUUSDm,grid_thai_19_21_rr2_body2_wick0.5_closeOff_extOff_none_atrMin40_atrMaxOff,momentum,2025-08,10,105.81298197598888,6,4
XAUUSDm,grid_thai_19_21_rr2_body2_wick0.5_closeOff_extOff_none_atrMin40_atrMaxOff,momentum,2025-09,4,-69.85993007985253,1,3
XAUUSDm,grid_thai_19_21_rr2_body2_wick0.5_closeOff_extOff_none_atrMin40_atrMaxOff,momentum,2025-10,7,109.05090338095201,4,3
XAUUSDm,grid_thai_19_21_rr2_body2_wick0.5_closeOff_extOff_none_atrMin40_atrMaxOff,momentum,2025-11,5,-5.633795508862524,1,4
XAUUSDm,grid_thai_19_21_rr2_body2_wick0.5_closeOff_extOff_none_atrMin40_atrMaxOff,momentum,2025-12,6,84.57704271472696,3,3
XAUUSDm,grid_thai_19_21_rr2_body2_wick0.5_closeOff_extOff_none_atrMin40_atrMaxOff,momentum,2026-01,4,45.39790350108305,2,2
XAUUSDm,grid_thai_19_21_rr2_body2_wick0.5_closeOff_extOff_none_atrMin40_atrMaxOff,momentum,2026-02,5,-83.1282901271873,1,4
XAUUSDm,grid_thai_19_21_rr2_body2_wick0.5_closeOff_extOff_none_atrMin40_atrMaxOff,momentum,2026-03,7,142.20102065400508,5,2
XAUUSDm,grid_thai_19_21_rr2_body2_wick0.5_closeOff_extOff_none_atrMin40_atrMaxOff,momentum,2026-04,4,-75.96156151022574,1,3
XAUUSDm,grid_thai_19_21_rr2_body2_wick0.5_closeOff_extOff_none_atrMin40_atrMaxOff,momentum,2026-05,1,6.879177564761375,1,0
XAUUSDm,grid_thai_19_21_rr1.5_body1.8_wick0.4_closeOff_extOff_none_atrMin30_atrMaxOff,momentum,2025-01,10,1.5545699543166336,4,6
XAUUSDm,grid_thai_19_21_rr1.5_body1.8_wick0.4_closeOff_extOff_none_atrMin30_atrMaxOff,momentum,2025-02,8,37.05415732248912,4,4
XAUUSDm,grid_thai_19_21_rr1.5_body1.8_wick0.4_closeOff_extOff_none_atrMin30_atrMaxOff,momentum,2025-03,4,30.051959935779234,2,2
XAUUSDm,grid_thai_19_21_rr1.5_body1.8_wick0.4_closeOff_extOff_none_atrMin30_atrMaxOff,momentum,2025-04,7,-20.379334553956593,3,4
XAUUSDm,grid_thai_19_21_rr1.5_body1.8_wick0.4_closeOff_extOff_none_atrMin30_atrMaxOff,momentum,2025-05,9,-23.649003547166252,3,6
XAUUSDm,grid_thai_19_21_rr1.5_body1.8_wick0.4_closeOff_extOff_none_atrMin30_atrMaxOff,momentum,2025-06,8,-0.8808936741457885,4,4
XAUUSDm,grid_thai_19_21_rr1.5_body1.8_wick0.4_closeOff_extOff_none_atrMin30_atrMaxOff,momentum,2025-07,12,133.82320627156912,8,4
XAUUSDm,grid_thai_19_21_rr1.5_body1.8_wick0.4_closeOff_extOff_none_atrMin30_atrMaxOff,momentum,2025-08,11,41.45509180112397,6,5
XAUUSDm,grid_thai_19_21_rr1.5_body1.8_wick0.4_closeOff_extOff_none_atrMin30_atrMaxOff,momentum,2025-09,5,-69.73247226347668,1,4
XAUUSDm,grid_thai_19_21_rr1.5_body1.8_wick0.4_closeOff_extOff_none_atrMin30_atrMaxOff,momentum,2025-10,5,100.82193055326312,4,1
XAUUSDm,grid_thai_19_21_rr1.5_body1.8_wick0.4_closeOff_extOff_none_atrMin30_atrMaxOff,momentum,2025-11,5,-26.08580557605099,1,4
XAUUSDm,grid_thai_19_21_rr1.5_body1.8_wick0.4_closeOff_extOff_none_atrMin30_atrMaxOff,momentum,2025-12,6,29.55249534486669,3,3
XAUUSDm,grid_thai_19_21_rr1.5_body1.8_wick0.4_closeOff_extOff_none_atrMin30_atrMaxOff,momentum,2026-01,5,-6.420821935982303,2,3
XAUUSDm,grid_thai_19_21_rr1.5_body1.8_wick0.4_closeOff_extOff_none_atrMin30_atrMaxOff,momentum,2026-02,7,84.98858084367455,4,3
XAUUSDm,grid_thai_19_21_rr1.5_body1.8_wick0.4_closeOff_extOff_none_atrMin30_atrMaxOff,momentum,2026-03,7,149.9595549476104,6,1
XAUUSDm,grid_thai_19_21_rr1.5_body1.8_wick0.4_closeOff_extOff_none_atrMin30_atrMaxOff,momentum,2026-04,4,-76.0504135089614,1,3
XAUUSDm,grid_thai_19_21_rr1.5_body1.8_wick0.4_closeOff_extOff_none_atrMin30_atrMaxOff,momentum,2026-05,1,6.857761377095948,1,0
XAUUSDm,grid_thai_19_21_rr1.5_body1.8_wick0.4_closeOff_extOff_none_atrMin40_atrMaxOff,momentum,2025-01,10,1.5545699543166336,4,6
XAUUSDm,grid_thai_19_21_rr1.5_body1.8_wick0.4_closeOff_extOff_none_atrMin40_atrMaxOff,momentum,2025-02,8,37.00664236613081,4,4
XAUUSDm,grid_thai_19_21_rr1.5_body1.8_wick0.4_closeOff_extOff_none_atrMin40_atrMaxOff,momentum,2025-03,4,30.051959935779234,2,2
XAUUSDm,grid_thai_19_21_rr1.5_body1.8_wick0.4_closeOff_extOff_none_atrMin40_atrMaxOff,momentum,2025-04,7,-20.379334553956593,3,4
XAUUSDm,grid_thai_19_21_rr1.5_body1.8_wick0.4_closeOff_extOff_none_atrMin40_atrMaxOff,momentum,2025-05,9,-23.599924976840292,3,6
XAUUSDm,grid_thai_19_21_rr1.5_body1.8_wick0.4_closeOff_extOff_none_atrMin40_atrMaxOff,momentum,2025-06,8,-0.8808936741457885,4,4
XAUUSDm,grid_thai_19_21_rr1.5_body1.8_wick0.4_closeOff_extOff_none_atrMin40_atrMaxOff,momentum,2025-07,12,133.82320627156912,8,4
XAUUSDm,grid_thai_19_21_rr1.5_body1.8_wick0.4_closeOff_extOff_none_atrMin40_atrMaxOff,momentum,2025-08,11,41.45509180112397,6,5
XAUUSDm,grid_thai_19_21_rr1.5_body1.8_wick0.4_closeOff_extOff_none_atrMin40_atrMaxOff,momentum,2025-09,5,-69.73247226347668,1,4
XAUUSDm,grid_thai_19_21_rr1.5_body1.8_wick0.4_closeOff_extOff_none_atrMin40_atrMaxOff,momentum,2025-10,5,100.82193055326312,4,1
XAUUSDm,grid_thai_19_21_rr1.5_body1.8_wick0.4_closeOff_extOff_none_atrMin40_atrMaxOff,momentum,2025-11,5,-26.103022174376314,1,4
XAUUSDm,grid_thai_19_21_rr1.5_body1.8_wick0.4_closeOff_extOff_none_atrMin40_atrMaxOff,momentum,2025-12,5,55.83597278071945,3,2
XAUUSDm,grid_thai_19_21_rr1.5_body1.8_wick0.4_closeOff_extOff_none_atrMin40_atrMaxOff,momentum,2026-01,4,20.395637883720024,2,2
XAUUSDm,grid_thai_19_21_rr1.5_body1.8_wick0.4_closeOff_extOff_none_atrMin40_atrMaxOff,momentum,2026-02,6,16.148241453260702,3,3
XAUUSDm,grid_thai_19_21_rr1.5_body1.8_wick0.4_closeOff_extOff_none_atrMin40_atrMaxOff,momentum,2026-03,7,149.84874114090172,6,1
XAUUSDm,grid_thai_19_21_rr1.5_body1.8_wick0.4_closeOff_extOff_none_atrMin40_atrMaxOff,momentum,2026-04,4,-75.9902158618342,1,3
XAUUSDm,grid_thai_19_21_rr1.5_body1.8_wick0.4_closeOff_extOff_none_atrMin40_atrMaxOff,momentum,2026-05,1,6.878118962231267,1,0
XAUUSDm,grid_thai_19_21_rr1.5_body1.8_wick0.5_closeOff_extOff_none_atrMin40_atrMaxOff,momentum,2025-01,11,37.17357885853232,5,6
XAUUSDm,grid_thai_19_21_rr1.5_body1.8_wick0.5_closeOff_extOff_none_atrMin40_atrMaxOff,momentum,2025-02,8,37.00292858316375,4,4
XAUUSDm,grid_thai_19_21_rr1.5_body1.8_wick0.5_closeOff_extOff_none_atrMin40_atrMaxOff,momentum,2025-03,4,30.08208114869869,2,2
XAUUSDm,grid_thai_19_21_rr1.5_body1.8_wick0.5_closeOff_extOff_none_atrMin40_atrMaxOff,momentum,2025-04,7,-20.4231751597672,3,4
XAUUSDm,grid_thai_19_21_rr1.5_body1.8_wick0.5_closeOff_extOff_none_atrMin40_atrMaxOff,momentum,2025-05,9,-15.485558506274494,4,5
XAUUSDm,grid_thai_19_21_rr1.5_body1.8_wick0.5_closeOff_extOff_none_atrMin40_atrMaxOff,momentum,2025-06,8,-0.8992399024957649,4,4
XAUUSDm,grid_thai_19_21_rr1.5_body1.8_wick0.5_closeOff_extOff_none_atrMin40_atrMaxOff,momentum,2025-07,12,133.80961394357428,8,4
XAUUSDm,grid_thai_19_21_rr1.5_body1.8_wick0.5_closeOff_extOff_none_atrMin40_atrMaxOff,momentum,2025-08,11,41.32146613133398,6,5
XAUUSDm,grid_thai_19_21_rr1.5_body1.8_wick0.5_closeOff_extOff_none_atrMin40_atrMaxOff,momentum,2025-09,5,-69.74414830849098,1,4
XAUUSDm,grid_thai_19_21_rr1.5_body1.8_wick0.5_closeOff_extOff_none_atrMin40_atrMaxOff,momentum,2025-10,7,109.52084669939647,5,2
XAUUSDm,grid_thai_19_21_rr1.5_body1.8_wick0.5_closeOff_extOff_none_atrMin40_atrMaxOff,momentum,2025-11,6,-27.01203018656372,1,5
XAUUSDm,grid_thai_19_21_rr1.5_body1.8_wick0.5_closeOff_extOff_none_atrMin40_atrMaxOff,momentum,2025-12,7,19.90146618516878,3,4
XAUUSDm,grid_thai_19_21_rr1.5_body1.8_wick0.5_closeOff_extOff_none_atrMin40_atrMaxOff,momentum,2026-01,4,20.39446984429644,2,2
XAUUSDm,grid_thai_19_21_rr1.5_body1.8_wick0.5_closeOff_extOff_none_atrMin40_atrMaxOff,momentum,2026-02,6,16.112526709408755,3,3
XAUUSDm,grid_thai_19_21_rr1.5_body1.8_wick0.5_closeOff_extOff_none_atrMin40_atrMaxOff,momentum,2026-03,7,149.96414063932332,6,1
XAUUSDm,grid_thai_19_21_rr1.5_body1.8_wick0.5_closeOff_extOff_none_atrMin40_atrMaxOff,momentum,2026-04,4,-75.97056219272385,1,3
XAUUSDm,grid_thai_19_21_rr1.5_body1.8_wick0.5_closeOff_extOff_none_atrMin40_atrMaxOff,momentum,2026-05,1,6.82823847987125,1,0
XAUUSDm,grid_thai_19_21_rr2_body1.8_wick0.4_closeOff_extOff_none_atrMin30_atrMaxOff,momentum,2025-01,10,51.55706995431457,4,6
XAUUSDm,grid_thai_19_21_rr2_body1.8_wick0.4_closeOff_extOff_none_atrMin30_atrMaxOff,momentum,2025-02,8,87.05665732248801,4,4
XAUUSDm,grid_thai_19_21_rr2_body1.8_wick0.4_closeOff_extOff_none_atrMin30_atrMaxOff,momentum,2025-03,4,-19.953040064220104,1,3
XAUUSDm,grid_thai_19_21_rr2_body1.8_wick0.4_closeOff_extOff_none_atrMin30_atrMaxOff,momentum,2025-04,7,-145.3918345539566,1,6
XAUUSDm,grid_thai_19_21_rr2_body1.8_wick0.4_closeOff_extOff_none_atrMin30_atrMaxOff,momentum,2025-05,9,13.849746452833855,3,6
XAUUSDm,grid_thai_19_21_rr2_body1.8_wick0.4_closeOff_extOff_none_atrMin30_atrMaxOff,momentum,2025-06,8,-19.431835972619982,4,4
XAUUSDm,grid_thai_19_21_rr2_body1.8_wick0.4_closeOff_extOff_none_atrMin30_atrMaxOff,momentum,2025-07,12,181.02047053997785,8,4
XAUUSDm,grid_thai_19_21_rr2_body1.8_wick0.4_closeOff_extOff_none_atrMin30_atrMaxOff,momentum,2025-08,10,106.08096037606089,6,4
XAUUSDm,grid_thai_19_21_rr2_body1.8_wick0.4_closeOff_extOff_none_atrMin30_atrMaxOff,momentum,2025-09,5,-95.72900229365014,1,4
XAUUSDm,grid_thai_19_21_rr2_body1.8_wick0.4_closeOff_extOff_none_atrMin30_atrMaxOff,momentum,2025-10,5,87.708836008338,3,2
XAUUSDm,grid_thai_19_21_rr2_body1.8_wick0.4_closeOff_extOff_none_atrMin30_atrMaxOff,momentum,2025-11,4,-4.577632577578484,1,3
XAUUSDm,grid_thai_19_21_rr2_body1.8_wick0.4_closeOff_extOff_none_atrMin30_atrMaxOff,momentum,2025-12,6,67.0460899585376,3,3
XAUUSDm,grid_thai_19_21_rr2_body1.8_wick0.4_closeOff_extOff_none_atrMin30_atrMaxOff,momentum,2026-01,5,18.57635327346946,2,3
XAUUSDm,grid_thai_19_21_rr2_body1.8_wick0.4_closeOff_extOff_none_atrMin30_atrMaxOff,momentum,2026-02,5,36.38992649261435,2,3
XAUUSDm,grid_thai_19_21_rr2_body1.8_wick0.4_closeOff_extOff_none_atrMin30_atrMaxOff,momentum,2026-03,8,116.37999813863914,5,3
XAUUSDm,grid_thai_19_21_rr2_body1.8_wick0.4_closeOff_extOff_none_atrMin30_atrMaxOff,momentum,2026-04,4,-75.9902158618342,1,3
XAUUSDm,grid_thai_19_21_rr2_body1.8_wick0.4_closeOff_extOff_none_atrMin30_atrMaxOff,momentum,2026-05,1,6.878118962231267,1,0
XAUUSDm,grid_thai_19_21_rr1.5_body2_wick0.4_closeOff_extOff_none_atrMinOff_atrMaxOff,momentum,2025-01,9,29.428048244963623,4,5
XAUUSDm,grid_thai_19_21_rr1.5_body2_wick0.4_closeOff_extOff_none_atrMinOff_atrMaxOff,momentum,2025-02,7,63.76992783718345,4,3
XAUUSDm,grid_thai_19_21_rr1.5_body2_wick0.4_closeOff_extOff_none_atrMinOff_atrMaxOff,momentum,2025-03,5,2.1144493731267744,2,3
XAUUSDm,grid_thai_19_21_rr1.5_body2_wick0.4_closeOff_extOff_none_atrMinOff_atrMaxOff,momentum,2025-04,7,-12.408344365649139,3,4
XAUUSDm,grid_thai_19_21_rr1.5_body2_wick0.4_closeOff_extOff_none_atrMinOff_atrMaxOff,momentum,2025-05,10,-50.698953270333746,3,7
XAUUSDm,grid_thai_19_21_rr1.5_body2_wick0.4_closeOff_extOff_none_atrMinOff_atrMaxOff,momentum,2025-06,8,-0.41377302787531534,4,4
XAUUSDm,grid_thai_19_21_rr1.5_body2_wick0.4_closeOff_extOff_none_atrMinOff_atrMaxOff,momentum,2025-07,10,112.94200360391358,7,3
XAUUSDm,grid_thai_19_21_rr1.5_body2_wick0.4_closeOff_extOff_none_atrMinOff_atrMaxOff,momentum,2025-08,11,41.376068591571496,6,5
XAUUSDm,grid_thai_19_21_rr1.5_body2_wick0.4_closeOff_extOff_none_atrMinOff_atrMaxOff,momentum,2025-09,4,-43.733967814543945,1,3
XAUUSDm,grid_thai_19_21_rr1.5_body2_wick0.4_closeOff_extOff_none_atrMinOff_atrMaxOff,momentum,2025-10,5,100.75498270843613,4,1
XAUUSDm,grid_thai_19_21_rr1.5_body2_wick0.4_closeOff_extOff_none_atrMinOff_atrMaxOff,momentum,2025-11,5,-26.110431513025755,1,4
XAUUSDm,grid_thai_19_21_rr1.5_body2_wick0.4_closeOff_extOff_none_atrMinOff_atrMaxOff,momentum,2025-12,5,56.61382608535564,3,2
XAUUSDm,grid_thai_19_21_rr1.5_body2_wick0.4_closeOff_extOff_none_atrMinOff_atrMaxOff,momentum,2026-01,5,-6.4195684347662905,2,3
XAUUSDm,grid_thai_19_21_rr1.5_body2_wick0.4_closeOff_extOff_none_atrMinOff_atrMaxOff,momentum,2026-02,8,26.987736864415936,4,4
XAUUSDm,grid_thai_19_21_rr1.5_body2_wick0.4_closeOff_extOff_none_atrMinOff_atrMaxOff,momentum,2026-03,7,148.6350247596676,6,1
XAUUSDm,grid_thai_19_21_rr1.5_body2_wick0.4_closeOff_extOff_none_atrMinOff_atrMaxOff,momentum,2026-04,4,-75.9902158618342,1,3
XAUUSDm,grid_thai_19_21_rr1.5_body2_wick0.4_closeOff_extOff_none_atrMinOff_atrMaxOff,momentum,2026-05,1,6.878118962231267,1,0
XAUUSDm,grid_thai_19_21_rr1.8_body1.8_wick0.4_closeOff_extOff_none_atrMin50_atrMaxOff,momentum,2025-01,10,31.556069954314058,4,6
XAUUSDm,grid_thai_19_21_rr1.8_body1.8_wick0.4_closeOff_extOff_none_atrMin50_atrMaxOff,momentum,2025-02,7,23.768527001629,3,4
XAUUSDm,grid_thai_19_21_rr1.8_body1.8_wick0.4_closeOff_extOff_none_atrMin50_atrMaxOff,momentum,2025-03,4,-24.945891446003998,1,3
XAUUSDm,grid_thai_19_21_rr1.8_body1.8_wick0.4_closeOff_extOff_none_atrMin50_atrMaxOff,momentum,2025-04,7,-75.47493306127359,2,5
XAUUSDm,grid_thai_19_21_rr1.8_body1.8_wick0.4_closeOff_extOff_none_atrMin50_atrMaxOff,momentum,2025-05,8,25.462984496680022,3,5
XAUUSDm,grid_thai_19_21_rr1.8_body1.8_wick0.4_closeOff_extOff_none_atrMin50_atrMaxOff,momentum,2025-06,8,-24.287352264344733,4,4
XAUUSDm,grid_thai_19_21_rr1.8_body1.8_wick0.4_closeOff_extOff_none_atrMin50_atrMaxOff,momentum,2025-07,12,178.74909264335116,8,4
XAUUSDm,grid_thai_19_21_rr1.8_body1.8_wick0.4_closeOff_extOff_none_atrMin50_atrMaxOff,momentum,2025-08,10,90.98422389380245,6,4
XAUUSDm,grid_thai_19_21_rr1.8_body1.8_wick0.4_closeOff_extOff_none_atrMin50_atrMaxOff,momentum,2025-09,5,-62.243696841188026,1,4
XAUUSDm,grid_thai_19_21_rr1.8_body1.8_wick0.4_closeOff_extOff_none_atrMin50_atrMaxOff,momentum,2025-10,5,77.7164634847896,3,2
XAUUSDm,grid_thai_19_21_rr1.8_body1.8_wick0.4_closeOff_extOff_none_atrMin50_atrMaxOff,momentum,2025-11,5,-18.56374394565593,1,4
XAUUSDm,grid_thai_19_21_rr1.8_body1.8_wick0.4_closeOff_extOff_none_atrMin50_atrMaxOff,momentum,2025-12,5,78.33515045705747,3,2
XAUUSDm,grid_thai_19_21_rr1.8_body1.8_wick0.4_closeOff_extOff_none_atrMin50_atrMaxOff,momentum,2026-01,4,35.39790350108326,2,2
XAUUSDm,grid_thai_19_21_rr1.8_body1.8_wick0.4_closeOff_extOff_none_atrMin50_atrMaxOff,momentum,2026-02,4,12.883286198589904,2,2
XAUUSDm,grid_thai_19_21_rr1.8_body1.8_wick0.4_closeOff_extOff_none_atrMin50_atrMaxOff,momentum,2026-03,8,96.01943331834356,5,3
XAUUSDm,grid_thai_19_21_rr1.8_body1.8_wick0.4_closeOff_extOff_none_atrMin50_atrMaxOff,momentum,2026-04,4,-75.96156151022574,1,3
XAUUSDm,grid_thai_19_21_rr1.8_body1.8_wick0.4_closeOff_extOff_none_atrMin50_atrMaxOff,momentum,2026-05,1,6.879177564761375,1,0
XAUUSDm,grid_thai_19_21_rr2.2_body2_wick0.4_closeOff_extOff_none_atrMin40_atrMaxOff,momentum,2025-01,9,60.228986113779925,4,5
XAUUSDm,grid_thai_19_21_rr2.2_body2_wick0.4_closeOff_extOff_none_atrMin40_atrMaxOff,momentum,2025-02,7,53.71610748695761,3,4
XAUUSDm,grid_thai_19_21_rr2.2_body2_wick0.4_closeOff_extOff_none_atrMin40_atrMaxOff,momentum,2025-03,4,-14.958302964610688,1,3
XAUUSDm,grid_thai_19_21_rr2.2_body2_wick0.4_closeOff_extOff_none_atrMin40_atrMaxOff,momentum,2025-04,7,-145.49094433007323,1,6
XAUUSDm,grid_thai_19_21_rr2.2_body2_wick0.4_closeOff_extOff_none_atrMin40_atrMaxOff,momentum,2025-05,9,-14.932837939293716,3,6
XAUUSDm,grid_thai_19_21_rr2.2_body2_wick0.4_closeOff_extOff_none_atrMin40_atrMaxOff,momentum,2025-06,8,-93.81291331419375,3,5
XAUUSDm,grid_thai_19_21_rr2.2_body2_wick0.4_closeOff_extOff_none_atrMin40_atrMaxOff,momentum,2025-07,10,200.37478408243845,7,3
XAUUSDm,grid_thai_19_21_rr2.2_body2_wick0.4_closeOff_extOff_none_atrMin40_atrMaxOff,momentum,2025-08,10,120.8114819759877,6,4
XAUUSDm,grid_thai_19_21_rr2.2_body2_wick0.4_closeOff_extOff_none_atrMin40_atrMaxOff,momentum,2025-09,4,-69.85993007985253,1,3
XAUUSDm,grid_thai_19_21_rr2.2_body2_wick0.4_closeOff_extOff_none_atrMin40_atrMaxOff,momentum,2025-10,5,97.73007350990397,3,2
XAUUSDm,grid_thai_19_21_rr2.2_body2_wick0.4_closeOff_extOff_none_atrMin40_atrMaxOff,momentum,2025-11,4,0.43417830917739053,1,3
XAUUSDm,grid_thai_19_21_rr2.2_body2_wick0.4_closeOff_extOff_none_atrMin40_atrMaxOff,momentum,2025-12,4,135.57366608960749,3,1
XAUUSDm,grid_thai_19_21_rr2.2_body2_wick0.4_closeOff_extOff_none_atrMin40_atrMaxOff,momentum,2026-01,4,55.39748186401934,2,2
XAUUSDm,grid_thai_19_21_rr2.2_body2_wick0.4_closeOff_extOff_none_atrMin40_atrMaxOff,momentum,2026-02,5,-83.13210980095306,1,4
XAUUSDm,grid_thai_19_21_rr2.2_body2_wick0.4_closeOff_extOff_none_atrMin40_atrMaxOff,momentum,2026-03,7,137.95419013555778,5,2
XAUUSDm,grid_thai_19_21_rr2.2_body2_wick0.4_closeOff_extOff_none_atrMin40_atrMaxOff,momentum,2026-04,4,-75.93896270915303,1,3
XAUUSDm,grid_thai_19_21_rr2.2_body2_wick0.4_closeOff_extOff_none_atrMin40_atrMaxOff,momentum,2026-05,1,6.837916289069984,1,0
XAUUSDm,grid_thai_19_21_rr2_body1.8_wick0.3_closeOff_extOff_none_atrMinOff_atrMaxOff,momentum,2025-01,9,4.742724253284404,3,6
XAUUSDm,grid_thai_19_21_rr2_body1.8_wick0.3_closeOff_extOff_none_atrMinOff_atrMaxOff,momentum,2025-02,7,38.96370160031362,3,4
XAUUSDm,grid_thai_19_21_rr2_body1.8_wick0.3_closeOff_extOff_none_atrMinOff_atrMaxOff,momentum,2025-03,5,-47.06287680106681,1,4
XAUUSDm,grid_thai_19_21_rr2_body1.8_wick0.3_closeOff_extOff_none_atrMinOff_atrMaxOff,momentum,2025-04,7,-62.271413851251495,2,5
XAUUSDm,grid_thai_19_21_rr2_body1.8_wick0.3_closeOff_extOff_none_atrMinOff_atrMaxOff,momentum,2025-05,8,39.543926620788376,3,5
XAUUSDm,grid_thai_19_21_rr2_body1.8_wick0.3_closeOff_extOff_none_atrMinOff_atrMaxOff,momentum,2025-06,7,-19.60100074847717,3,4
XAUUSDm,grid_thai_19_21_rr2_body1.8_wick0.3_closeOff_extOff_none_atrMinOff_atrMaxOff,momentum,2025-07,11,196.74664528185494,8,3
XAUUSDm,grid_thai_19_21_rr2_body1.8_wick0.3_closeOff_extOff_none_atrMinOff_atrMaxOff,momentum,2025-08,9,132.86061331155594,6,3
XAUUSDm,grid_thai_19_21_rr2_body1.8_wick0.3_closeOff_extOff_none_atrMinOff_atrMaxOff,momentum,2025-09,4,-70.10407760740469,1,3
XAUUSDm,grid_thai_19_21_rr2_body1.8_wick0.3_closeOff_extOff_none_atrMinOff_atrMaxOff,momentum,2025-10,4,72.09275075321496,2,2
XAUUSDm,grid_thai_19_21_rr2_body1.8_wick0.3_closeOff_extOff_none_atrMinOff_atrMaxOff,momentum,2025-11,5,44.20296936043919,2,3
XAUUSDm,grid_thai_19_21_rr2_body1.8_wick0.3_closeOff_extOff_none_atrMinOff_atrMaxOff,momentum,2025-12,5,18.10110784070103,2,3
XAUUSDm,grid_thai_19_21_rr2_body1.8_wick0.3_closeOff_extOff_none_atrMinOff_atrMaxOff,momentum,2026-01,5,19.31602966407208,2,3
XAUUSDm,grid_thai_19_21_rr2_body1.8_wick0.3_closeOff_extOff_none_atrMinOff_atrMaxOff,momentum,2026-02,6,11.045640721919945,2,4
XAUUSDm,grid_thai_19_21_rr2_body1.8_wick0.3_closeOff_extOff_none_atrMinOff_atrMaxOff,momentum,2026-03,9,80.60052578701695,5,4
XAUUSDm,grid_thai_19_21_rr2_body1.8_wick0.3_closeOff_extOff_none_atrMinOff_atrMaxOff,momentum,2026-04,4,-75.90848511865984,1,3
XAUUSDm,grid_thai_19_21_rr2_body1.8_wick0.3_closeOff_extOff_none_atrMinOff_atrMaxOff,momentum,2026-05,1,6.8350881418209495,1,0
XAUUSDm,grid_thai_19_23_rr1.8_body2_wick0.4_closeOff_extOff_ema20_50_atrMin30_atrMaxOff,momentum,2025-01,13,35.78988127324871,6,7
XAUUSDm,grid_thai_19_23_rr1.8_body2_wick0.4_closeOff_extOff_ema20_50_atrMin30_atrMaxOff,momentum,2025-02,11,140.58403571464538,6,5
XAUUSDm,grid_thai_19_23_rr1.8_body2_wick0.4_closeOff_extOff_ema20_50_atrMin30_atrMaxOff,momentum,2025-03,5,6.5297246249141665,2,3
XAUUSDm,grid_thai_19_23_rr1.8_body2_wick0.4_closeOff_extOff_ema20_50_atrMin30_atrMaxOff,momentum,2025-04,11,-68.71040313110585,3,8
XAUUSDm,grid_thai_19_23_rr1.8_body2_wick0.4_closeOff_extOff_ema20_50_atrMin30_atrMaxOff,momentum,2025-05,5,75.18238525393365,3,2
XAUUSDm,grid_thai_19_23_rr1.8_body2_wick0.4_closeOff_extOff_ema20_50_atrMin30_atrMaxOff,momentum,2025-06,10,-83.34669940336764,3,7
XAUUSDm,grid_thai_19_23_rr1.8_body2_wick0.4_closeOff_extOff_ema20_50_atrMin30_atrMaxOff,momentum,2025-07,12,152.34109203965644,7,5
XAUUSDm,grid_thai_19_23_rr1.8_body2_wick0.4_closeOff_extOff_ema20_50_atrMin30_atrMaxOff,momentum,2025-08,7,99.93419249460301,5,2
XAUUSDm,grid_thai_19_23_rr1.8_body2_wick0.4_closeOff_extOff_ema20_50_atrMin30_atrMaxOff,momentum,2025-09,8,113.07216250927368,5,3
XAUUSDm,grid_thai_19_23_rr1.8_body2_wick0.4_closeOff_extOff_ema20_50_atrMin30_atrMaxOff,momentum,2025-10,6,74.98022796893355,4,2
XAUUSDm,grid_thai_19_23_rr1.8_body2_wick0.4_closeOff_extOff_ema20_50_atrMin30_atrMaxOff,momentum,2025-11,4,7.6251699686823455,1,3
XAUUSDm,grid_thai_19_23_rr1.8_body2_wick0.4_closeOff_extOff_ema20_50_atrMin30_atrMaxOff,momentum,2025-12,9,-53.4963815337197,2,7
XAUUSDm,grid_thai_19_23_rr1.8_body2_wick0.4_closeOff_extOff_ema20_50_atrMin30_atrMaxOff,momentum,2026-01,8,-103.22141962372868,2,6
XAUUSDm,grid_thai_19_23_rr1.8_body2_wick0.4_closeOff_extOff_ema20_50_atrMin30_atrMaxOff,momentum,2026-02,8,18.830119136642594,3,5
XAUUSDm,grid_thai_19_23_rr1.8_body2_wick0.4_closeOff_extOff_ema20_50_atrMin30_atrMaxOff,momentum,2026-03,9,243.93859940305765,8,1
XAUUSDm,grid_thai_19_23_rr1.8_body2_wick0.4_closeOff_extOff_ema20_50_atrMin30_atrMaxOff,momentum,2026-04,12,-230.89433869625455,2,10
XAUUSDm,grid_thai_19_21_rr1.5_body2_wick0.3_closeOff_extOff_none_atrMinOff_atrMaxOff,momentum,2025-01,8,-4.8810051646982195,3,5
XAUUSDm,grid_thai_19_21_rr1.5_body2_wick0.3_closeOff_extOff_none_atrMinOff_atrMaxOff,momentum,2025-02,7,1.8994695267607398,3,4
XAUUSDm,grid_thai_19_21_rr1.5_body2_wick0.3_closeOff_extOff_none_atrMinOff_atrMaxOff,momentum,2025-03,5,-59.59131936209205,1,4
XAUUSDm,grid_thai_19_21_rr1.5_body2_wick0.3_closeOff_extOff_none_atrMinOff_atrMaxOff,momentum,2025-04,7,50.22921239679741,4,3
XAUUSDm,grid_thai_19_21_rr1.5_body2_wick0.3_closeOff_extOff_none_atrMinOff_atrMaxOff,momentum,2025-05,8,2.0721056388192842,3,5
XAUUSDm,grid_thai_19_21_rr1.5_body2_wick0.3_closeOff_extOff_none_atrMinOff_atrMaxOff,momentum,2025-06,7,-1.0459701397083165,3,4
XAUUSDm,grid_thai_19_21_rr1.5_body2_wick0.3_closeOff_extOff_none_atrMinOff_atrMaxOff,momentum,2025-07,10,113.012515116865,7,3
XAUUSDm,grid_thai_19_21_rr1.5_body2_wick0.3_closeOff_extOff_none_atrMinOff_atrMaxOff,momentum,2025-08,10,68.25814612791383,6,4
XAUUSDm,grid_thai_19_21_rr1.5_body2_wick0.3_closeOff_extOff_none_atrMinOff_atrMaxOff,momentum,2025-09,3,-17.928129075976994,1,2
XAUUSDm,grid_thai_19_21_rr1.5_body2_wick0.3_closeOff_extOff_none_atrMinOff_atrMaxOff,momentum,2025-10,4,85.12443442669368,3,1
XAUUSDm,grid_thai_19_21_rr1.5_body2_wick0.3_closeOff_extOff_none_atrMinOff_atrMaxOff,momentum,2025-11,5,-26.110964231415476,1,4
XAUUSDm,grid_thai_19_21_rr1.5_body2_wick0.3_closeOff_extOff_none_atrMinOff_atrMaxOff,momentum,2025-12,4,20.32200658868208,2,2
XAUUSDm,grid_thai_19_21_rr1.5_body2_wick0.3_closeOff_extOff_none_atrMinOff_atrMaxOff,momentum,2026-01,5,-5.67379952258095,2,3
XAUUSDm,grid_thai_19_21_rr1.5_body2_wick0.3_closeOff_extOff_none_atrMinOff_atrMaxOff,momentum,2026-02,7,-9.642599682017192,3,4
XAUUSDm,grid_thai_19_21_rr1.5_body2_wick0.3_closeOff_extOff_none_atrMinOff_atrMaxOff,momentum,2026-03,8,185.74576980969084,7,1
XAUUSDm,grid_thai_19_21_rr1.5_body2_wick0.3_closeOff_extOff_none_atrMinOff_atrMaxOff,momentum,2026-04,4,-75.73819686890289,1,3
XAUUSDm,grid_thai_19_21_rr1.5_body2_wick0.3_closeOff_extOff_none_atrMinOff_atrMaxOff,momentum,2026-05,1,6.909488113928996,1,0
XAUUSDm,grid_thai_19_21_rr1.5_body1.8_wick0.4_closeOff_extOff_none_atrMin50_atrMaxOff,momentum,2025-01,10,1.5545699543166336,4,6
XAUUSDm,grid_thai_19_21_rr1.5_body1.8_wick0.4_closeOff_extOff_none_atrMin50_atrMaxOff,momentum,2025-02,7,1.2662770016291063,3,4
XAUUSDm,grid_thai_19_21_rr1.5_body1.8_wick0.4_closeOff_extOff_none_atrMin50_atrMaxOff,momentum,2025-03,4,30.059608553993385,2,2
XAUUSDm,grid_thai_19_21_rr1.5_body1.8_wick0.4_closeOff_extOff_none_atrMin50_atrMaxOff,momentum,2025-04,7,-20.469433061273715,3,4
XAUUSDm,grid_thai_19_21_rr1.5_body1.8_wick0.4_closeOff_extOff_none_atrMin50_atrMaxOff,momentum,2025-05,8,2.963734496680658,3,5
XAUUSDm,grid_thai_19_21_rr1.5_body1.8_wick0.4_closeOff_extOff_none_atrMin50_atrMaxOff,momentum,2025-06,8,-0.8336580785542225,4,4
XAUUSDm,grid_thai_19_21_rr1.5_body1.8_wick0.4_closeOff_extOff_none_atrMin50_atrMaxOff,momentum,2025-07,12,133.74759264335128,8,4
XAUUSDm,grid_thai_19_21_rr1.5_body1.8_wick0.4_closeOff_extOff_none_atrMin50_atrMaxOff,momentum,2025-08,11,41.376068591571496,6,5
XAUUSDm,grid_thai_19_21_rr1.5_body1.8_wick0.4_closeOff_extOff_none_atrMin50_atrMaxOff,momentum,2025-09,5,-69.74767542635264,1,4
XAUUSDm,grid_thai_19_21_rr1.5_body1.8_wick0.4_closeOff_extOff_none_atrMin50_atrMaxOff,momentum,2025-10,5,100.66899693003269,4,1
XAUUSDm,grid_thai_19_21_rr1.5_body1.8_wick0.4_closeOff_extOff_none_atrMin50_atrMaxOff,momentum,2025-11,5,-26.0655978146306,1,4
XAUUSDm,grid_thai_19_21_rr1.5_body1.8_wick0.4_closeOff_extOff_none_atrMin50_atrMaxOff,momentum,2025-12,5,55.82856977367865,3,2
XAUUSDm,grid_thai_19_21_rr1.5_body1.8_wick0.4_closeOff_extOff_none_atrMin50_atrMaxOff,momentum,2026-01,4,20.393335002747357,2,2
XAUUSDm,grid_thai_19_21_rr1.5_body1.8_wick0.4_closeOff_extOff_none_atrMin50_atrMaxOff,momentum,2026-02,5,42.14187709536384,3,2
XAUUSDm,grid_thai_19_21_rr1.5_body1.8_wick0.4_closeOff_extOff_none_atrMin50_atrMaxOff,momentum,2026-03,7,99.31103505249615,5,2
XAUUSDm,grid_thai_19_21_rr1.5_body1.8_wick0.4_closeOff_extOff_none_atrMin50_atrMaxOff,momentum,2026-04,4,-76.0544748552494,1,3
XAUUSDm,grid_thai_19_21_rr1.5_body1.8_wick0.4_closeOff_extOff_none_atrMin50_atrMaxOff,momentum,2026-05,1,6.908434637927314,1,0
