symbol,variant,strategy,timestamp,entry_time,exit_time,side,pattern,entry,sl,tp,rr,qty,spread,slippage,fee,gross_pnl,pnl,r_multiple,result,balance,atr,atr_percentile_100,m15_adx
XAUUSDm,grid_thai_19_23_rr1.5_body2_wick0.5_close20_ext2_ema20_50_atrMin50_atrMax90,momentum,2025-02-11 12:45:00+00:00,2025-02-11 12:50:00+00:00,2025-02-11 13:00:00+00:00,SELL,session_breakout,2896.6843977746867,2904.236,2885.356994436717,1.5,3.3105557276572624,0.08019428571428665,0.06750508245602405,1.9141770248536834,37.5,35.585822975146314,1.4234329190058526,TP,10035.585822975147,2.673142857142888,57.99999999999999,33.99080280425428
XAUUSDm,grid_thai_19_23_rr1.5_body2_wick0.5_close20_ext2_ema20_50_atrMin50_atrMax90,momentum,2025-04-02 12:25:00+00:00,2025-04-02 12:30:00+00:00,2025-04-02 13:50:00+00:00,BUY,session_breakout,3125.9308471924755,3117.046,3139.258117981189,1.5,2.8137793997370792,0.08566285714285543,0.052015763904148166,1.7566359645665726,-25.0,-26.756635964566573,-1.0702654385826629,SL,10008.82918701058,2.8554285714285146,72.0,23.02494613702874
XAUUSDm,grid_thai_19_23_rr1.5_body2_wick0.5_close20_ext2_ema20_50_atrMin50_atrMax90,momentum,2025-05-15 12:50:00+00:00,2025-05-15 12:55:00+00:00,2025-05-15 14:10:00+00:00,BUY,session_breakout,3188.6844156166035,3177.747,3205.090539041509,1.5,2.285731920258068,0.1302021428571457,0.11731454517474868,1.461445550480863,37.50000000000052,36.03855444951966,1.4415421779807864,TP,10044.8677414601,4.340071428571524,65.0,28.573355861432
XAUUSDm,grid_thai_19_23_rr1.5_body2_wick0.5_close20_ext2_ema20_50_atrMin50_atrMax90,momentum,2025-10-16 15:50:00+00:00,2025-10-16 15:55:00+00:00,2025-10-16 16:20:00+00:00,BUY,session_breakout,4275.822140129222,4266.512,4289.787350323056,1.5,2.6852442232883984,0.1421721428571501,0.11205405779315099,2.300075340318126,37.5,35.19992465968188,1.407996986387275,TP,10080.067666119783,4.739071428571671,62.0,22.457971902325014
XAUUSDm,grid_thai_19_23_rr1.5_body2_wick0.5_close20_ext2_ema20_50_atrMin50_atrMax90,momentum,2026-03-20 13:30:00+00:00,2026-03-20 13:35:00+00:00,2026-03-20 14:14:00+00:00,SELL,session_breakout,4644.9256685255905,4681.746,4589.695171313976,1.5,0.6789727033656711,0.32604642857143384,0.11930826012319846,0.6270055476182834,37.5,36.87299445238172,1.4749197780952688,TP,10116.940660572165,10.868214285714462,70.0,18.014851889985096
XAUUSDm,grid_thai_19_23_rr1.5_body2_wick0.4_close20_ext2_ema20_50_atrMin50_atrMax90,momentum,2025-02-11 12:45:00+00:00,2025-02-11 12:50:00+00:00,2025-02-11 13:00:00+00:00,SELL,session_breakout,2896.6843977746867,2904.236,2885.356994436717,1.5,3.3105557276572624,0.08019428571428665,0.06750508245602405,1.9141770248536834,37.5,35.585822975146314,1.4234329190058526,TP,10035.585822975147,2.673142857142888,57.99999999999999,33.99080280425428
XAUUSDm,grid_thai_19_23_rr1.5_body2_wick0.4_close20_ext2_ema20_50_atrMin50_atrMax90,momentum,2025-04-02 12:25:00+00:00,2025-04-02 12:30:00+00:00,2025-04-02 13:50:00+00:00,BUY,session_breakout,3125.9308471924755,3117.046,3139.258117981189,1.5,2.8137793997370792,0.08566285714285543,0.052015763904148166,1.7566359645665726,-25.0,-26.756635964566573,-1.0702654385826629,SL,10008.82918701058,2.8554285714285146,72.0,23.02494613702874
XAUUSDm,grid_thai_19_23_rr1.5_body2_wick0.4_close20_ext2_ema20_50_atrMin50_atrMax90,momentum,2025-05-15 12:50:00+00:00,2025-05-15 12:55:00+00:00,2025-05-15 14:10:00+00:00,BUY,session_breakout,3188.6844156166035,3177.747,3205.090539041509,1.5,2.285731920258068,0.1302021428571457,0.11731454517474868,1.461445550480863,37.50000000000052,36.03855444951966,1.4415421779807864,TP,10044.8677414601,4.340071428571524,65.0,28.573355861432
XAUUSDm,grid_thai_19_23_rr1.5_body2_wick0.4_close20_ext2_ema20_50_atrMin50_atrMax90,momentum,2025-10-16 15:50:00+00:00,2025-10-16 15:55:00+00:00,2025-10-16 16:20:00+00:00,BUY,session_breakout,4275.822140129222,4266.512,4289.787350323056,1.5,2.6852442232883984,0.1421721428571501,0.11205405779315099,2.300075340318126,37.5,35.19992465968188,1.407996986387275,TP,10080.067666119783,4.739071428571671,62.0,22.457971902325014
XAUUSDm,grid_thai_19_23_rr1.5_body2_wick0.4_close20_ext2_ema20_50_atrMin50_atrMax90,momentum,2026-03-20 13:30:00+00:00,2026-03-20 13:35:00+00:00,2026-03-20 14:14:00+00:00,SELL,session_breakout,4644.9256685255905,4681.746,4589.695171313976,1.5,0.6789727033656711,0.32604642857143384,0.11930826012319846,0.6270055476182834,37.5,36.87299445238172,1.4749197780952688,TP,10116.940660572165,10.868214285714462,70.0,18.014851889985096
XAUUSDm,grid_thai_19_21_rr1.8_body2_wick0.5_closeOff_ext2_ema20_50_atrMin50_atrMax90,momentum,2025-02-11 12:45:00+00:00,2025-02-11 12:50:00+00:00,2025-02-11 13:15:00+00:00,SELL,session_breakout,2896.6843977746867,2904.236,2883.0915137691227,1.8,3.3105557276572624,0.08019428571428665,0.06750508245602405,1.9134270248536833,45.000000000000604,43.08657297514692,1.7234629190058768,TP,10043.086572975148,2.673142857142888,57.99999999999999,33.99080280425428
XAUUSDm,grid_thai_19_21_rr1.8_body2_wick0.5_closeOff_ext2_ema20_50_atrMin50_atrMax90,momentum,2025-04-02 12:25:00+00:00,2025-04-02 12:30:00+00:00,2025-04-02 13:50:00+00:00,BUY,session_breakout,3125.9308471924755,3117.046,3141.923572138932,1.8,2.8137793997370792,0.08566285714285543,0.052015763904148166,1.7566359645665726,-25.0,-26.756635964566573,-1.0702654385826629,SL,10016.329937010581,2.8554285714285146,72.0,23.02494613702874
XAUUSDm,grid_thai_19_21_rr1.8_body2_wick0.5_closeOff_ext2_ema20_50_atrMin50_atrMax90,momentum,2025-05-15 12:50:00+00:00,2025-05-15 12:55:00+00:00,2025-05-15 15:05:00+00:00,BUY,session_breakout,3188.6844156166035,3177.747,3208.37176372649,1.8,2.285731920258068,0.1302021428571457,0.11731454517474868,1.462195550480863,44.99999999999979,43.53780444951892,1.7415121779807572,TP,10059.8677414601,4.340071428571524,65.0,28.573355861432
XAUUSDm,grid_thai_19_21_rr1.8_body2_wick0.5_closeOff_ext2_ema20_50_atrMin50_atrMax90,momentum,2026-03-20 13:30:00+00:00,2026-03-20 13:35:00+00:00,2026-03-20 14:15:00+00:00,SELL,session_breakout,4644.788000808449,4681.746,4578.263602263658,1.8,0.6764435452911497,0.32604642857143384,0.25697597726372395,0.6238873724785318,45.00000000000012,44.376112627521586,1.7750445051008634,TP,10104.243854087623,10.868214285714462,70.0,18.014851889985096
XAUUSDm,grid_thai_19_21_rr1.8_body2_wick0.5_close20_ext2_ema20_50_atrMin50_atrMax90,momentum,2025-02-11 12:45:00+00:00,2025-02-11 12:50:00+00:00,2025-02-11 13:15:00+00:00,SELL,session_breakout,2896.6843977746867,2904.236,2883.0915137691227,1.8,3.3105557276572624,0.08019428571428665,0.06750508245602405,1.9134270248536833,45.000000000000604,43.08657297514692,1.7234629190058768,TP,10043.086572975148,2.673142857142888,57.99999999999999,33.99080280425428
XAUUSDm,grid_thai_19_21_rr1.8_body2_wick0.5_close20_ext2_ema20_50_atrMin50_atrMax90,momentum,2025-04-02 12:25:00+00:00,2025-04-02 12:30:00+00:00,2025-04-02 13:50:00+00:00,BUY,session_breakout,3125.9308471924755,3117.046,3141.923572138932,1.8,2.8137793997370792,0.08566285714285543,0.052015763904148166,1.7566359645665726,-25.0,-26.756635964566573,-1.0702654385826629,SL,10016.329937010581,2.8554285714285146,72.0,23.02494613702874
XAUUSDm,grid_thai_19_21_rr1.8_body2_wick0.5_close20_ext2_ema20_50_atrMin50_atrMax90,momentum,2025-05-15 12:50:00+00:00,2025-05-15 12:55:00+00:00,2025-05-15 15:05:00+00:00,BUY,session_breakout,3188.6844156166035,3177.747,3208.37176372649,1.8,2.285731920258068,0.1302021428571457,0.11731454517474868,1.462195550480863,44.99999999999979,43.53780444951892,1.7415121779807572,TP,10059.8677414601,4.340071428571524,65.0,28.573355861432
XAUUSDm,grid_thai_19_21_rr1.8_body2_wick0.5_close20_ext2_ema20_50_atrMin50_atrMax90,momentum,2026-03-20 13:30:00+00:00,2026-03-20 13:35:00+00:00,2026-03-20 14:15:00+00:00,SELL,session_breakout,4644.788000808449,4681.746,4578.263602263658,1.8,0.6764435452911497,0.32604642857143384,0.25697597726372395,0.6238873724785318,45.00000000000012,44.376112627521586,1.7750445051008634,TP,10104.243854087623,10.868214285714462,70.0,18.014851889985096
XAUUSDm,grid_thai_19_21_rr1.8_body2_wick0.4_closeOff_ext2_ema20_50_atrMin50_atrMax90,momentum,2025-02-11 12:45:00+00:00,2025-02-11 12:50:00+00:00,2025-02-11 13:15:00+00:00,SELL,session_breakout,2896.6843977746867,2904.236,2883.0915137691227,1.8,3.3105557276572624,0.08019428571428665,0.06750508245602405,1.9134270248536833,45.000000000000604,43.08657297514692,1.7234629190058768,TP,10043.086572975148,2.673142857142888,57.99999999999999,33.99080280425428
XAUUSDm,grid_thai_19_21_rr1.8_body2_wick0.4_closeOff_ext2_ema20_50_atrMin50_atrMax90,momentum,2025-04-02 12:25:00+00:00,2025-04-02 12:30:00+00:00,2025-04-02 13:50:00+00:00,BUY,session_breakout,3125.9308471924755,3117.046,3141.923572138932,1.8,2.8137793997370792,0.08566285714285543,0.052015763904148166,1.7566359645665726,-25.0,-26.756635964566573,-1.0702654385826629,SL,10016.329937010581,2.8554285714285146,72.0,23.02494613702874
XAUUSDm,grid_thai_19_21_rr1.8_body2_wick0.4_closeOff_ext2_ema20_50_atrMin50_atrMax90,momentum,2025-05-15 12:50:00+00:00,2025-05-15 12:55:00+00:00,2025-05-15 15:05:00+00:00,BUY,session_breakout,3188.6844156166035,3177.747,3208.37176372649,1.8,2.285731920258068,0.1302021428571457,0.11731454517474868,1.462195550480863,44.99999999999979,43.53780444951892,1.7415121779807572,TP,10059.8677414601,4.340071428571524,65.0,28.573355861432
XAUUSDm,grid_thai_19_21_rr1.8_body2_wick0.4_closeOff_ext2_ema20_50_atrMin50_atrMax90,momentum,2026-03-20 13:30:00+00:00,2026-03-20 13:35:00+00:00,2026-03-20 14:15:00+00:00,SELL,session_breakout,4644.788000808449,4681.746,4578.263602263658,1.8,0.6764435452911497,0.32604642857143384,0.25697597726372395,0.6238873724785318,45.00000000000012,44.376112627521586,1.7750445051008634,TP,10104.243854087623,10.868214285714462,70.0,18.014851889985096
XAUUSDm,grid_thai_19_21_rr1.8_body2_wick0.4_close20_ext2_ema20_50_atrMin50_atrMax90,momentum,2025-02-11 12:45:00+00:00,2025-02-11 12:50:00+00:00,2025-02-11 13:15:00+00:00,SELL,session_breakout,2896.6843977746867,2904.236,2883.0915137691227,1.8,3.3105557276572624,0.08019428571428665,0.06750508245602405,1.9134270248536833,45.000000000000604,43.08657297514692,1.7234629190058768,TP,10043.086572975148,2.673142857142888,57.99999999999999,33.99080280425428
XAUUSDm,grid_thai_19_21_rr1.8_body2_wick0.4_close20_ext2_ema20_50_atrMin50_atrMax90,momentum,2025-04-02 12:25:00+00:00,2025-04-02 12:30:00+00:00,2025-04-02 13:50:00+00:00,BUY,session_breakout,3125.9308471924755,3117.046,3141.923572138932,1.8,2.8137793997370792,0.08566285714285543,0.052015763904148166,1.7566359645665726,-25.0,-26.756635964566573,-1.0702654385826629,SL,10016.329937010581,2.8554285714285146,72.0,23.02494613702874
XAUUSDm,grid_thai_19_21_rr1.8_body2_wick0.4_close20_ext2_ema20_50_atrMin50_atrMax90,momentum,2025-05-15 12:50:00+00:00,2025-05-15 12:55:00+00:00,2025-05-15 15:05:00+00:00,BUY,session_breakout,3188.6844156166035,3177.747,3208.37176372649,1.8,2.285731920258068,0.1302021428571457,0.11731454517474868,1.462195550480863,44.99999999999979,43.53780444951892,1.7415121779807572,TP,10059.8677414601,4.340071428571524,65.0,28.573355861432
XAUUSDm,grid_thai_19_21_rr1.8_body2_wick0.4_close20_ext2_ema20_50_atrMin50_atrMax90,momentum,2026-03-20 13:30:00+00:00,2026-03-20 13:35:00+00:00,2026-03-20 14:15:00+00:00,SELL,session_breakout,4644.788000808449,4681.746,4578.263602263658,1.8,0.6764435452911497,0.32604642857143384,0.25697597726372395,0.6238873724785318,45.00000000000012,44.376112627521586,1.7750445051008634,TP,10104.243854087623,10.868214285714462,70.0,18.014851889985096
XAUUSDm,grid_thai_19_21_rr1.5_body2_wick0.5_closeOff_ext2_ema20_50_atrMin50_atrMax90,momentum,2025-02-11 12:45:00+00:00,2025-02-11 12:50:00+00:00,2025-02-11 13:00:00+00:00,SELL,session_breakout,2896.6843977746867,2904.236,2885.356994436717,1.5,3.3105557276572624,0.08019428571428665,0.06750508245602405,1.9141770248536834,37.5,35.585822975146314,1.4234329190058526,TP,10035.585822975147,2.673142857142888,57.99999999999999,33.99080280425428
XAUUSDm,grid_thai_19_21_rr1.5_body2_wick0.5_closeOff_ext2_ema20_50_atrMin50_atrMax90,momentum,2025-04-02 12:25:00+00:00,2025-04-02 12:30:00+00:00,2025-04-02 13:50:00+00:00,BUY,session_breakout,3125.9308471924755,3117.046,3139.258117981189,1.5,2.8137793997370792,0.08566285714285543,0.052015763904148166,1.7566359645665726,-25.0,-26.756635964566573,-1.0702654385826629,SL,10008.82918701058,2.8554285714285146,72.0,23.02494613702874
XAUUSDm,grid_thai_19_21_rr1.5_body2_wick0.5_closeOff_ext2_ema20_50_atrMin50_atrMax90,momentum,2025-05-15 12:50:00+00:00,2025-05-15 12:55:00+00:00,2025-05-15 14:10:00+00:00,BUY,session_breakout,3188.6844156166035,3177.747,3205.090539041509,1.5,2.285731920258068,0.1302021428571457,0.11731454517474868,1.461445550480863,37.50000000000052,36.03855444951966,1.4415421779807864,TP,10044.8677414601,4.340071428571524,65.0,28.573355861432
XAUUSDm,grid_thai_19_21_rr1.5_body2_wick0.5_closeOff_ext2_ema20_50_atrMin50_atrMax90,momentum,2026-03-20 13:30:00+00:00,2026-03-20 13:35:00+00:00,2026-03-20 14:14:00+00:00,SELL,session_breakout,4644.788000808449,4681.746,4589.351002021123,1.5,0.6764435452911497,0.32604642857143384,0.25697597726372395,0.6246373724785318,37.5,36.87536262752147,1.4750145051008587,TP,10081.743104087622,10.868214285714462,70.0,18.014851889985096
XAUUSDm,grid_thai_19_21_rr1.5_body2_wick0.5_close20_ext2_ema20_50_atrMin50_atrMax90,momentum,2025-02-11 12:45:00+00:00,2025-02-11 12:50:00+00:00,2025-02-11 13:00:00+00:00,SELL,session_breakout,2896.6843977746867,2904.236,2885.356994436717,1.5,3.3105557276572624,0.08019428571428665,0.06750508245602405,1.9141770248536834,37.5,35.585822975146314,1.4234329190058526,TP,10035.585822975147,2.673142857142888,57.99999999999999,33.99080280425428
XAUUSDm,grid_thai_19_21_rr1.5_body2_wick0.5_close20_ext2_ema20_50_atrMin50_atrMax90,momentum,2025-04-02 12:25:00+00:00,2025-04-02 12:30:00+00:00,2025-04-02 13:50:00+00:00,BUY,session_breakout,3125.9308471924755,3117.046,3139.258117981189,1.5,2.8137793997370792,0.08566285714285543,0.052015763904148166,1.7566359645665726,-25.0,-26.756635964566573,-1.0702654385826629,SL,10008.82918701058,2.8554285714285146,72.0,23.02494613702874
XAUUSDm,grid_thai_19_21_rr1.5_body2_wick0.5_close20_ext2_ema20_50_atrMin50_atrMax90,momentum,2025-05-15 12:50:00+00:00,2025-05-15 12:55:00+00:00,2025-05-15 14:10:00+00:00,BUY,session_breakout,3188.6844156166035,3177.747,3205.090539041509,1.5,2.285731920258068,0.1302021428571457,0.11731454517474868,1.461445550480863,37.50000000000052,36.03855444951966,1.4415421779807864,TP,10044.8677414601,4.340071428571524,65.0,28.573355861432
XAUUSDm,grid_thai_19_21_rr1.5_body2_wick0.5_close20_ext2_ema20_50_atrMin50_atrMax90,momentum,2026-03-20 13:30:00+00:00,2026-03-20 13:35:00+00:00,2026-03-20 14:14:00+00:00,SELL,session_breakout,4644.788000808449,4681.746,4589.351002021123,1.5,0.6764435452911497,0.32604642857143384,0.25697597726372395,0.6246373724785318,37.5,36.87536262752147,1.4750145051008587,TP,10081.743104087622,10.868214285714462,70.0,18.014851889985096
XAUUSDm,grid_thai_19_21_rr1.5_body2_wick0.4_closeOff_ext2_ema20_50_atrMin50_atrMax90,momentum,2025-02-11 12:45:00+00:00,2025-02-11 12:50:00+00:00,2025-02-11 13:00:00+00:00,SELL,session_breakout,2896.6843977746867,2904.236,2885.356994436717,1.5,3.3105557276572624,0.08019428571428665,0.06750508245602405,1.9141770248536834,37.5,35.585822975146314,1.4234329190058526,TP,10035.585822975147,2.673142857142888,57.99999999999999,33.99080280425428
XAUUSDm,grid_thai_19_21_rr1.5_body2_wick0.4_closeOff_ext2_ema20_50_atrMin50_atrMax90,momentum,2025-04-02 12:25:00+00:00,2025-04-02 12:30:00+00:00,2025-04-02 13:50:00+00:00,BUY,session_breakout,3125.9308471924755,3117.046,3139.258117981189,1.5,2.8137793997370792,0.08566285714285543,0.052015763904148166,1.7566359645665726,-25.0,-26.756635964566573,-1.0702654385826629,SL,10008.82918701058,2.8554285714285146,72.0,23.02494613702874
XAUUSDm,grid_thai_19_21_rr1.5_body2_wick0.4_closeOff_ext2_ema20_50_atrMin50_atrMax90,momentum,2025-05-15 12:50:00+00:00,2025-05-15 12:55:00+00:00,2025-05-15 14:10:00+00:00,BUY,session_breakout,3188.6844156166035,3177.747,3205.090539041509,1.5,2.285731920258068,0.1302021428571457,0.11731454517474868,1.461445550480863,37.50000000000052,36.03855444951966,1.4415421779807864,TP,10044.8677414601,4.340071428571524,65.0,28.573355861432
XAUUSDm,grid_thai_19_21_rr1.5_body2_wick0.4_closeOff_ext2_ema20_50_atrMin50_atrMax90,momentum,2026-03-20 13:30:00+00:00,2026-03-20 13:35:00+00:00,2026-03-20 14:14:00+00:00,SELL,session_breakout,4644.788000808449,4681.746,4589.351002021123,1.5,0.6764435452911497,0.32604642857143384,0.25697597726372395,0.6246373724785318,37.5,36.87536262752147,1.4750145051008587,TP,10081.743104087622,10.868214285714462,70.0,18.014851889985096
XAUUSDm,grid_thai_19_21_rr1.5_body2_wick0.4_close20_ext2_ema20_50_atrMin50_atrMax90,momentum,2025-02-11 12:45:00+00:00,2025-02-11 12:50:00+00:00,2025-02-11 13:00:00+00:00,SELL,session_breakout,2896.6843977746867,2904.236,2885.356994436717,1.5,3.3105557276572624,0.08019428571428665,0.06750508245602405,1.9141770248536834,37.5,35.585822975146314,1.4234329190058526,TP,10035.585822975147,2.673142857142888,57.99999999999999,33.99080280425428
XAUUSDm,grid_thai_19_21_rr1.5_body2_wick0.4_close20_ext2_ema20_50_atrMin50_atrMax90,momentum,2025-04-02 12:25:00+00:00,2025-04-02 12:30:00+00:00,2025-04-02 13:50:00+00:00,BUY,session_breakout,3125.9308471924755,3117.046,3139.258117981189,1.5,2.8137793997370792,0.08566285714285543,0.052015763904148166,1.7566359645665726,-25.0,-26.756635964566573,-1.0702654385826629,SL,10008.82918701058,2.8554285714285146,72.0,23.02494613702874
XAUUSDm,grid_thai_19_21_rr1.5_body2_wick0.4_close20_ext2_ema20_50_atrMin50_atrMax90,momentum,2025-05-15 12:50:00+00:00,2025-05-15 12:55:00+00:00,2025-05-15 14:10:00+00:00,BUY,session_breakout,3188.6844156166035,3177.747,3205.090539041509,1.5,2.285731920258068,0.1302021428571457,0.11731454517474868,1.461445550480863,37.50000000000052,36.03855444951966,1.4415421779807864,TP,10044.8677414601,4.340071428571524,65.0,28.573355861432
XAUUSDm,grid_thai_19_21_rr1.5_body2_wick0.4_close20_ext2_ema20_50_atrMin50_atrMax90,momentum,2026-03-20 13:30:00+00:00,2026-03-20 13:35:00+00:00,2026-03-20 14:14:00+00:00,SELL,session_breakout,4644.788000808449,4681.746,4589.351002021123,1.5,0.6764435452911497,0.32604642857143384,0.25697597726372395,0.6246373724785318,37.5,36.87536262752147,1.4750145051008587,TP,10081.743104087622,10.868214285714462,70.0,18.014851889985096
XAUUSDm,grid_thai_19_23_rr1.5_body2_wick0.3_close20_ext2_ema20_50_atrMin50_atrMax90,momentum,2025-04-02 12:25:00+00:00,2025-04-02 12:30:00+00:00,2025-04-02 13:50:00+00:00,BUY,session_breakout,3125.95093978621,3117.046,3139.3083494655248,1.5,2.807430549807257,0.08566285714285543,0.07210835763846547,1.7526780331109022,-25.0,-26.752678033110904,-1.0701071213244362,SL,9973.247321966888,2.8554285714285146,72.0,23.02494613702874
XAUUSDm,grid_thai_19_23_rr1.5_body2_wick0.3_close20_ext2_ema20_50_atrMin50_atrMax90,momentum,2025-05-15 12:50:00+00:00,2025-05-15 12:55:00+00:00,2025-05-15 14:10:00+00:00,BUY,session_breakout,3188.6461617536024,3177.747,3204.994904384006,1.5,2.2937543790224564,0.1302021428571457,0.07906068217380627,1.4665442193350948,37.49999999999948,36.03345578066438,1.441338231226575,TP,10009.280777747552,4.340071428571524,65.0,28.573355861432
XAUUSDm,grid_thai_19_23_rr1.5_body2_wick0.3_close20_ext2_ema20_50_atrMin50_atrMax90,momentum,2025-10-16 15:50:00+00:00,2025-10-16 15:55:00+00:00,2025-10-16 16:20:00+00:00,BUY,session_breakout,4275.838185808575,4266.512,4289.827464521438,1.5,2.680624267319764,0.1421721428571501,0.12809973714569012,2.2961331208021964,37.5,35.203866879197804,1.4081546751679122,TP,10044.48464462675,4.739071428571671,62.0,22.457971902325014
XAUUSDm,grid_thai_19_23_rr1.5_body2_wick0.3_close20_ext2_ema20_50_atrMin50_atrMax90,momentum,2026-03-20 13:30:00+00:00,2026-03-20 13:35:00+00:00,2026-03-20 14:14:00+00:00,SELL,session_breakout,4644.788000808449,4681.746,4589.351002021123,1.5,0.6764435452911497,0.32604642857143384,0.25697597726372395,0.6246373724785318,37.5,36.87536262752147,1.4750145051008587,TP,10081.36000725427,10.868214285714462,70.0,18.014851889985096
XAUUSDm,grid_thai_19_21_rr2.2_body2_wick0.3_closeOff_ext2_ema20_50_atrMin50_atrMax90,momentum,2025-04-02 12:25:00+00:00,2025-04-02 12:30:00+00:00,2025-04-02 13:50:00+00:00,BUY,session_breakout,3125.95093978621,3117.046,3145.5418073158717,2.2,2.807430549807257,0.08566285714285543,0.07210835763846547,1.7526780331109022,-25.0,-26.752678033110904,-1.0701071213244362,SL,9973.247321966888,2.8554285714285146,72.0,23.02494613702874
XAUUSDm,grid_thai_19_21_rr2.2_body2_wick0.3_closeOff_ext2_ema20_50_atrMin50_atrMax90,momentum,2025-05-15 12:50:00+00:00,2025-05-15 12:55:00+00:00,2025-05-15 15:15:00+00:00,BUY,session_breakout,3188.6461617536024,3177.747,3212.624317611528,2.2,2.2937543790224564,0.1302021428571457,0.07906068217380627,1.4682942193350947,55.00000000000001,53.531705780664915,2.1412682312265963,TP,10026.779027747552,4.340071428571524,65.0,28.573355861432
XAUUSDm,grid_thai_19_21_rr2.2_body2_wick0.3_closeOff_ext2_ema20_50_atrMin50_atrMax90,momentum,2026-03-20 13:30:00+00:00,2026-03-20 13:35:00+00:00,2026-03-20 14:18:00+00:00,SELL,session_breakout,4644.751202907386,4681.746,4563.3626493036345,2.2,0.6757707019561178,0.32604642857143384,0.2937738783276079,0.6222573561600493,55.00000000000024,54.37774264384019,2.1751097057536075,TP,10081.156770391393,10.868214285714462,70.0,18.014851889985096
XAUUSDm,grid_thai_19_21_rr2.2_body2_wick0.3_close20_ext2_ema20_50_atrMin50_atrMax90,momentum,2025-04-02 12:25:00+00:00,2025-04-02 12:30:00+00:00,2025-04-02 13:50:00+00:00,BUY,session_breakout,3125.95093978621,3117.046,3145.5418073158717,2.2,2.807430549807257,0.08566285714285543,0.07210835763846547,1.7526780331109022,-25.0,-26.752678033110904,-1.0701071213244362,SL,9973.247321966888,2.8554285714285146,72.0,23.02494613702874
XAUUSDm,grid_thai_19_21_rr2.2_body2_wick0.3_close20_ext2_ema20_50_atrMin50_atrMax90,momentum,2025-05-15 12:50:00+00:00,2025-05-15 12:55:00+00:00,2025-05-15 15:15:00+00:00,BUY,session_breakout,3188.6461617536024,3177.747,3212.624317611528,2.2,2.2937543790224564,0.1302021428571457,0.07906068217380627,1.4682942193350947,55.00000000000001,53.531705780664915,2.1412682312265963,TP,10026.779027747552,4.340071428571524,65.0,28.573355861432
XAUUSDm,grid_thai_19_21_rr2.2_body2_wick0.3_close20_ext2_ema20_50_atrMin50_atrMax90,momentum,2026-03-20 13:30:00+00:00,2026-03-20 13:35:00+00:00,2026-03-20 14:18:00+00:00,SELL,session_breakout,4644.751202907386,4681.746,4563.3626493036345,2.2,0.6757707019561178,0.32604642857143384,0.2937738783276079,0.6222573561600493,55.00000000000024,54.37774264384019,2.1751097057536075,TP,10081.156770391393,10.868214285714462,70.0,18.014851889985096
XAUUSDm,grid_thai_20_22_rr2.2_body1.8_wick0.5_close20_ext2_ema20_50_atrMin50_atrMax90,momentum,2025-02-03 14:05:00+00:00,2025-02-03 14:10:00+00:00,2025-02-03 14:45:00+00:00,BUY,session_breakout,2812.889943771143,2808.133,2823.3552200676577,2.2,5.255475196418445,0.06479785714285624,0.05454484257128204,2.962114665948823,54.99999999999905,52.03788533405022,2.081515413362009,TP,10052.03788533405,2.159928571428541,67.0,42.13606719284656
XAUUSDm,grid_thai_20_22_rr2.2_body1.8_wick0.5_close20_ext2_ema20_50_atrMin50_atrMax90,momentum,2025-02-24 13:35:00+00:00,2025-02-24 13:40:00+00:00,2025-02-24 14:25:00+00:00,BUY,session_breakout,2951.810751137254,2945.636,2965.3952036392134,2.2,4.048746167139833,0.0657064285714286,0.03989792296860436,2.387726492957822,-25.0,-27.38772649295782,-1.0955090597183128,SL,10024.650158841092,2.1902142857142866,81.0,18.844926960455723
XAUUSDm,grid_thai_20_22_rr2.2_body1.8_wick0.5_close20_ext2_ema20_50_atrMin50_atrMax90,momentum,2026-03-20 13:30:00+00:00,2026-03-20 13:35:00+00:00,2026-03-20 14:18:00+00:00,SELL,session_breakout,4644.751202907386,4681.746,4563.3626493036345,2.2,0.6757707019561178,0.32604642857143384,0.2937738783276079,0.6222573561600493,55.00000000000024,54.37774264384019,2.1751097057536075,TP,10079.027901484933,10.868214285714462,70.0,18.014851889985096
XAUUSDm,grid_thai_20_22_rr2.2_body1.8_wick0.4_close20_ext2_ema20_50_atrMin50_atrMax90,momentum,2025-02-03 14:05:00+00:00,2025-02-03 14:10:00+00:00,2025-02-03 14:45:00+00:00,BUY,session_breakout,2812.889943771143,2808.133,2823.3552200676577,2.2,5.255475196418445,0.06479785714285624,0.05454484257128204,2.962114665948823,54.99999999999905,52.03788533405022,2.081515413362009,TP,10052.03788533405,2.159928571428541,67.0,42.13606719284656
XAUUSDm,grid_thai_20_22_rr2.2_body1.8_wick0.4_close20_ext2_ema20_50_atrMin50_atrMax90,momentum,2025-02-24 13:35:00+00:00,2025-02-24 13:40:00+00:00,2025-02-24 14:25:00+00:00,BUY,session_breakout,2951.810751137254,2945.636,2965.3952036392134,2.2,4.048746167139833,0.0657064285714286,0.03989792296860436,2.387726492957822,-25.0,-27.38772649295782,-1.0955090597183128,SL,10024.650158841092,2.1902142857142866,81.0,18.844926960455723
XAUUSDm,grid_thai_20_22_rr2.2_body1.8_wick0.4_close20_ext2_ema20_50_atrMin50_atrMax90,momentum,2026-03-20 13:30:00+00:00,2026-03-20 13:35:00+00:00,2026-03-20 14:18:00+00:00,SELL,session_breakout,4644.751202907386,4681.746,4563.3626493036345,2.2,0.6757707019561178,0.32604642857143384,0.2937738783276079,0.6222573561600493,55.00000000000024,54.37774264384019,2.1751097057536075,TP,10079.027901484933,10.868214285714462,70.0,18.014851889985096
XAUUSDm,grid_thai_20_22_rr2.2_body1.8_wick0.3_close20_ext2_ema20_50_atrMin50_atrMax90,momentum,2025-02-03 14:05:00+00:00,2025-02-03 14:10:00+00:00,2025-02-03 14:45:00+00:00,BUY,session_breakout,2812.889943771143,2808.133,2823.3552200676577,2.2,5.255475196418445,0.06479785714285624,0.05454484257128204,2.962114665948823,54.99999999999905,52.03788533405022,2.081515413362009,TP,10052.03788533405,2.159928571428541,67.0,42.13606719284656
XAUUSDm,grid_thai_20_22_rr2.2_body1.8_wick0.3_close20_ext2_ema20_50_atrMin50_atrMax90,momentum,2025-02-24 13:35:00+00:00,2025-02-24 13:40:00+00:00,2025-02-24 14:25:00+00:00,BUY,session_breakout,2951.810751137254,2945.636,2965.3952036392134,2.2,4.048746167139833,0.0657064285714286,0.03989792296860436,2.387726492957822,-25.0,-27.38772649295782,-1.0955090597183128,SL,10024.650158841092,2.1902142857142866,81.0,18.844926960455723
XAUUSDm,grid_thai_20_22_rr2.2_body1.8_wick0.3_close20_ext2_ema20_50_atrMin50_atrMax90,momentum,2026-03-20 13:30:00+00:00,2026-03-20 13:35:00+00:00,2026-03-20 14:18:00+00:00,SELL,session_breakout,4644.751202907386,4681.746,4563.3626493036345,2.2,0.6757707019561178,0.32604642857143384,0.2937738783276079,0.6222573561600493,55.00000000000024,54.37774264384019,2.1751097057536075,TP,10079.027901484933,10.868214285714462,70.0,18.014851889985096
XAUUSDm,grid_thai_19_21_rr2_body2_wick0.3_closeOff_ext2_ema20_50_atrMin50_atrMax90,momentum,2025-04-02 12:25:00+00:00,2025-04-02 12:30:00+00:00,2025-04-02 13:50:00+00:00,BUY,session_breakout,3125.95093978621,3117.046,3143.7608193586298,2.0,2.807430549807257,0.08566285714285543,0.07210835763846547,1.7526780331109022,-25.0,-26.752678033110904,-1.0701071213244362,SL,9973.247321966888,2.8554285714285146,72.0,23.02494613702874
XAUUSDm,grid_thai_19_21_rr2_body2_wick0.3_closeOff_ext2_ema20_50_atrMin50_atrMax90,momentum,2025-05-15 12:50:00+00:00,2025-05-15 12:55:00+00:00,2025-05-15 15:05:00+00:00,BUY,session_breakout,3188.6461617536024,3177.747,3210.4444852608076,2.0,2.2937543790224564,0.1302021428571457,0.07906068217380627,1.4677942193350948,50.00000000000001,48.53220578066491,1.9412882312265962,TP,10021.779527747552,4.340071428571524,65.0,28.573355861432
XAUUSDm,grid_thai_19_21_rr2_body2_wick0.3_closeOff_ext2_ema20_50_atrMin50_atrMax90,momentum,2026-03-20 13:30:00+00:00,2026-03-20 13:35:00+00:00,2026-03-20 14:18:00+00:00,SELL,session_breakout,4644.751202907386,4681.746,4570.761608722158,2.0,0.6757707019561178,0.32604642857143384,0.2937738783276079,0.6227573561600493,50.0,49.37724264383995,1.9750897057535979,TP,10071.156770391392,10.868214285714462,70.0,18.014851889985096
XAUUSDm,grid_thai_19_21_rr2_body2_wick0.3_close20_ext2_ema20_50_atrMin50_atrMax90,momentum,2025-04-02 12:25:00+00:00,2025-04-02 12:30:00+00:00,2025-04-02 13:50:00+00:00,BUY,session_breakout,3125.95093978621,3117.046,3143.7608193586298,2.0,2.807430549807257,0.08566285714285543,0.07210835763846547,1.7526780331109022,-25.0,-26.752678033110904,-1.0701071213244362,SL,9973.247321966888,2.8554285714285146,72.0,23.02494613702874
XAUUSDm,grid_thai_19_21_rr2_body2_wick0.3_close20_ext2_ema20_50_atrMin50_atrMax90,momentum,2025-05-15 12:50:00+00:00,2025-05-15 12:55:00+00:00,2025-05-15 15:05:00+00:00,BUY,session_breakout,3188.6461617536024,3177.747,3210.4444852608076,2.0,2.2937543790224564,0.1302021428571457,0.07906068217380627,1.4677942193350948,50.00000000000001,48.53220578066491,1.9412882312265962,TP,10021.779527747552,4.340071428571524,65.0,28.573355861432
XAUUSDm,grid_thai_19_21_rr2_body2_wick0.3_close20_ext2_ema20_50_atrMin50_atrMax90,momentum,2026-03-20 13:30:00+00:00,2026-03-20 13:35:00+00:00,2026-03-20 14:18:00+00:00,SELL,session_breakout,4644.751202907386,4681.746,4570.761608722158,2.0,0.6757707019561178,0.32604642857143384,0.2937738783276079,0.6227573561600493,50.0,49.37724264383995,1.9750897057535979,TP,10071.156770391392,10.868214285714462,70.0,18.014851889985096
XAUUSDm,grid_thai_21_23_rr1.5_body1.8_wick0.5_close20_extOff_ema20_50_atrMinOff_atrMax90,momentum,2025-01-02 15:45:00+00:00,2025-01-02 15:50:00+00:00,2025-01-03 03:50:00+00:00,BUY,session_breakout,2654.187852362225,2646.522,2665.686630905562,1.5,3.2612159507783436,0.07665428571428556,0.06452521936770146,1.7339467293168087,27.70777219648044,25.973825467163632,1.0389530186865452,TIMEOUT,10025.973825467163,2.5551428571428523,72.0,20.964743866285275
XAUUSDm,grid_thai_21_23_rr1.5_body1.8_wick0.5_close20_extOff_ema20_50_atrMinOff_atrMax90,momentum,2025-01-21 14:55:00+00:00,2025-01-21 15:00:00+00:00,2025-01-22 03:00:00+00:00,BUY,session_breakout,2738.1903386182,2728.538,2752.6688465454995,1.5,2.5900458934233517,0.07075285714285819,0.04296218962845767,1.4212336397605596,28.259113706464642,26.837880066704084,1.0735152026681634,TIMEOUT,10052.811705533866,2.358428571428606,78.0,19.53074948750955
XAUUSDm,grid_thai_21_23_rr1.5_body1.8_wick0.5_close20_extOff_ema20_50_atrMinOff_atrMax90,momentum,2025-01-30 15:50:00+00:00,2025-01-30 15:55:00+00:00,2025-01-31 03:55:00+00:00,BUY,session_breakout,2795.3858927142396,2786.996,2807.970731785599,1.5,2.9797758864746164,0.06844499999999958,0.061670214239833814,1.666242669356081,3.1797405583900913,1.5134978890340103,0.06053991556136041,TIMEOUT,10054.3252034229,2.281499999999986,84.0,50.393268437493575
XAUUSDm,grid_thai_21_23_rr1.5_body1.8_wick0.5_close20_extOff_ema20_50_atrMinOff_atrMax90,momentum,2025-02-03 14:05:00+00:00,2025-02-03 14:10:00+00:00,2025-02-03 14:45:00+00:00,BUY,session_breakout,2812.8864698534603,2808.133,2820.016674633651,1.5,5.259315988256479,0.06479785714285624,0.05107092488894559,2.9625217568101263,37.4999999999988,34.53747824318867,1.381499129727547,TP,10088.862681666089,2.159928571428541,67.0,42.13606719284656
XAUUSDm,grid_thai_21_23_rr1.5_body1.8_wick0.5_close20_extOff_ema20_50_atrMinOff_atrMax90,momentum,2025-02-06 14:05:00+00:00,2025-02-06 14:10:00+00:00,2025-02-06 14:55:00+00:00,SELL,session_breakout,2854.9073313121303,2863.802,2841.5653282803255,1.5,2.8106724238187613,0.08161071428571437,0.029863330727166015,1.6010918617354033,37.5,35.898908138264595,1.4359563255305838,TP,10124.761589804353,2.7203571428571456,87.0,20.36370759740473
XAUUSDm,grid_thai_21_23_rr1.5_body1.8_wick0.5_close20_extOff_ema20_50_atrMinOff_atrMax90,momentum,2025-03-13 14:35:00+00:00,2025-03-13 14:40:00+00:00,2025-03-13 14:50:00+00:00,BUY,session_breakout,2957.9382082111088,2949.39,2970.7605205277723,1.5,2.924589502570968,0.07768928571428595,0.07636356825217182,1.7339010065975577,37.50000000000067,35.76609899340311,1.4306439597361245,TP,10160.527688797756,2.589642857142865,81.0,21.400382894376712
XAUUSDm,grid_thai_21_23_rr1.5_body1.8_wick0.5_close20_extOff_ema20_50_atrMinOff_atrMax90,momentum,2025-04-04 14:45:00+00:00,2025-04-04 14:50:00+00:00,2025-04-06 22:10:00+00:00,SELL,session_breakout,3029.9118878675504,3058.65,2986.804719668876,1.5,0.8699249235572153,0.2334278571428581,0.19439820387823062,0.5273385617615741,-1.793882739187784,-2.3212213009493583,-0.09284885203797433,TIMEOUT,10158.206467496806,7.780928571428603,59.0,30.867940395220437
XAUUSDm,grid_thai_21_23_rr1.5_body1.8_wick0.5_close20_extOff_ema20_50_atrMinOff_atrMax90,momentum,2025-04-09 14:15:00+00:00,2025-04-09 14:20:00+00:00,2025-04-09 15:00:00+00:00,BUY,session_breakout,3081.246857142856,3067.565,3101.7696428571394,1.5,1.8272373215835154,0.1806021428571408,0.15355607142671152,1.1235338508766672,-25.0,-26.12353385087667,-1.0449413540350667,SL,10132.08293364593,6.02007142857136,68.0,34.91956881585893
XAUUSDm,grid_thai_21_23_rr1.5_body1.8_wick0.5_close20_extOff_ema20_50_atrMinOff_atrMax90,momentum,2025-04-10 15:35:00+00:00,2025-04-10 15:40:00+00:00,2025-04-11 00:40:00+00:00,BUY,session_breakout,3174.5218691874543,3148.496,3213.5606729686356,1.5,0.9605827117601624,0.17182500000000184,0.06695668745413368,0.6136281651292049,37.5,36.88637183487079,1.4754548733948318,TP,10168.969305480801,5.727500000000061,77.0,22.65349028004977
XAUUSDm,grid_thai_21_23_rr1.5_body1.8_wick0.5_close20_extOff_ema20_50_atrMinOff_atrMax90,momentum,2025-04-16 15:50:00+00:00,2025-04-16 15:55:00+00:00,2025-04-17 03:55:00+00:00,BUY,session_breakout,3328.227400313613,3305.294,3362.627500784033,1.5,1.0901130952290599,0.1357521428571421,0.0835242421845755,0.7274103827892298,17.815281928216876,17.087871545427646,0.6835148618171059,TIMEOUT,10186.057177026229,4.525071428571404,50.0,30.685435915508457
XAUUSDm,grid_thai_21_23_rr1.5_body1.8_wick0.5_close20_extOff_ema20_50_atrMinOff_atrMax90,momentum,2025-07-15 15:30:00+00:00,2025-07-15 15:35:00+00:00,2025-07-16 03:35:00+00:00,SELL,session_breakout,3326.066122654749,3349.939,3290.256806636873,1.5,1.047213523466346,0.10841999999999903,0.06066734525110697,0.6974703998112444,-8.50115093778808,-9.198621337599324,-0.367944853503973,TIMEOUT,10176.85855568863,3.613999999999968,73.0,26.608327003519747
XAUUSDm,grid_thai_21_23_rr1.5_body1.8_wick0.5_close20_extOff_ema20_50_atrMinOff_atrMax90,momentum,2025-07-23 15:55:00+00:00,2025-07-23 16:00:00+00:00,2025-07-24 04:00:00+00:00,SELL,session_breakout,3397.971109273133,3415.874,3371.116773182833,1.5,1.3964225320597423,0.09310928571428284,0.08833608400997388,0.9471970494538532,18.036346015549142,17.08914896609529,0.6835659586438116,TIMEOUT,10193.947704654725,3.1036428571427614,77.0,23.71532504577227
XAUUSDm,grid_thai_21_23_rr1.5_body1.8_wick0.5_close20_extOff_ema20_50_atrMinOff_atrMax90,momentum,2025-09-08 15:00:00+00:00,2025-09-08 15:05:00+00:00,2025-09-08 22:30:00+00:00,BUY,session_breakout,3644.346880277029,3628.87,3667.5622006925723,1.5,1.6153126180800943,0.11503928571428365,0.08636063417157988,1.1748519000744624,-25.0,-26.17485190007446,-1.0469940760029786,SL,10167.772852754651,3.8346428571427884,85.0,46.48701540108188
XAUUSDm,grid_thai_21_23_rr1.5_body1.8_wick0.5_close20_extOff_ema20_50_atrMinOff_atrMax90,momentum,2025-09-15 15:45:00+00:00,2025-09-15 15:50:00+00:00,2025-09-16 03:50:00+00:00,BUY,session_breakout,3673.75097031879,3663.164,3689.6314257969752,1.5,2.3613932265049806,0.06684214285714137,0.05854924736127704,1.7368479245815576,18.13793146179198,16.401083537210422,0.6560433414884169,TIMEOUT,10184.173936291862,2.2280714285713787,41.0,26.973942601022724
XAUUSDm,grid_thai_21_23_rr1.5_body1.8_wick0.5_close20_extOff_ema20_50_atrMinOff_atrMax90,momentum,2025-09-24 15:30:00+00:00,2025-09-24 15:35:00+00:00,2025-09-24 18:05:00+00:00,SELL,session_breakout,3745.7969543755967,3756.584,3729.6163859389917,1.5,2.317594721528141,0.12161999999999774,0.07423562440296463,1.732497849875414,37.500000000000526,35.76750215012511,1.4307000860050045,TP,10219.941438441987,4.053999999999925,86.0,31.755852149907987
XAUUSDm,grid_thai_21_23_rr1.5_body1.8_wick0.5_close20_extOff_ema20_50_atrMinOff_atrMax90,momentum,2025-10-16 15:50:00+00:00,2025-10-16 15:55:00+00:00,2025-10-16 16:15:00+00:00,BUY,session_breakout,4275.775352625497,4266.512,4289.670381563744,1.5,2.698806901853955,0.1421721428571501,0.06526655406852806,2.311648406488544,37.5,35.188351593511456,1.4075340637404583,TP,10255.129790035498,4.739071428571671,62.0,22.457971902325014
XAUUSDm,grid_thai_21_23_rr1.5_body1.8_wick0.5_close20_extOff_ema20_50_atrMinOff_atrMax90,momentum,2026-04-09 15:30:00+00:00,2026-04-09 15:35:00+00:00,2026-04-09 20:42:00+00:00,BUY,session_breakout,4792.335001132509,4761.204,4839.031502831273,1.5,0.8030580158211809,0.2718385714285718,0.18708184679545387,0.7672046074319739,-25.0,-25.767204607431974,-1.030688184297279,SL,10229.362585428067,9.061285714285727,87.0,25.550615190377606
XAUUSDm,grid_thai_21_23_rr1.5_body1.8_wick0.5_close20_extOff_ema20_50_atrMin30_atrMax90,momentum,2025-01-02 15:45:00+00:00,2025-01-02 15:50:00+00:00,2025-01-03 03:50:00+00:00,BUY,session_breakout,2654.187852362225,2646.522,2665.686630905562,1.5,3.2612159507783436,0.07665428571428556,0.06452521936770146,1.7339467293168087,27.70777219648044,25.973825467163632,1.0389530186865452,TIMEOUT,10025.973825467163,2.5551428571428523,72.0,20.964743866285275
XAUUSDm,grid_thai_21_23_rr1.5_body1.8_wick0.5_close20_extOff_ema20_50_atrMin30_atrMax90,momentum,2025-01-21 14:55:00+00:00,2025-01-21 15:00:00+00:00,2025-01-22 03:00:00+00:00,BUY,session_breakout,2738.1903386182,2728.538,2752.6688465454995,1.5,2.5900458934233517,0.07075285714285819,0.04296218962845767,1.4212336397605596,28.259113706464642,26.837880066704084,1.0735152026681634,TIMEOUT,10052.811705533866,2.358428571428606,78.0,19.53074948750955
XAUUSDm,grid_thai_21_23_rr1.5_body1.8_wick0.5_close20_extOff_ema20_50_atrMin30_atrMax90,momentum,2025-01-30 15:50:00+00:00,2025-01-30 15:55:00+00:00,2025-01-31 03:55:00+00:00,BUY,session_breakout,2795.3858927142396,2786.996,2807.970731785599,1.5,2.9797758864746164,0.06844499999999958,0.061670214239833814,1.666242669356081,3.1797405583900913,1.5134978890340103,0.06053991556136041,TIMEOUT,10054.3252034229,2.281499999999986,84.0,50.393268437493575
XAUUSDm,grid_thai_21_23_rr1.5_body1.8_wick0.5_close20_extOff_ema20_50_atrMin30_atrMax90,momentum,2025-02-03 14:05:00+00:00,2025-02-03 14:10:00+00:00,2025-02-03 14:45:00+00:00,BUY,session_breakout,2812.8864698534603,2808.133,2820.016674633651,1.5,5.259315988256479,0.06479785714285624,0.05107092488894559,2.9625217568101263,37.4999999999988,34.53747824318867,1.381499129727547,TP,10088.862681666089,2.159928571428541,67.0,42.13606719284656
XAUUSDm,grid_thai_21_23_rr1.5_body1.8_wick0.5_close20_extOff_ema20_50_atrMin30_atrMax90,momentum,2025-02-06 14:05:00+00:00,2025-02-06 14:10:00+00:00,2025-02-06 14:55:00+00:00,SELL,session_breakout,2854.9073313121303,2863.802,2841.5653282803255,1.5,2.8106724238187613,0.08161071428571437,0.029863330727166015,1.6010918617354033,37.5,35.898908138264595,1.4359563255305838,TP,10124.761589804353,2.7203571428571456,87.0,20.36370759740473
XAUUSDm,grid_thai_21_23_rr1.5_body1.8_wick0.5_close20_extOff_ema20_50_atrMin30_atrMax90,momentum,2025-03-13 14:35:00+00:00,2025-03-13 14:40:00+00:00,2025-03-13 14:50:00+00:00,BUY,session_breakout,2957.9382082111088,2949.39,2970.7605205277723,1.5,2.924589502570968,0.07768928571428595,0.07636356825217182,1.7339010065975577,37.50000000000067,35.76609899340311,1.4306439597361245,TP,10160.527688797756,2.589642857142865,81.0,21.400382894376712
XAUUSDm,grid_thai_21_23_rr1.5_body1.8_wick0.5_close20_extOff_ema20_50_atrMin30_atrMax90,momentum,2025-04-04 14:45:00+00:00,2025-04-04 14:50:00+00:00,2025-04-06 22:10:00+00:00,SELL,session_breakout,3029.9118878675504,3058.65,2986.804719668876,1.5,0.8699249235572153,0.2334278571428581,0.19439820387823062,0.5273385617615741,-1.793882739187784,-2.3212213009493583,-0.09284885203797433,TIMEOUT,10158.206467496806,7.780928571428603,59.0,30.867940395220437
XAUUSDm,grid_thai_21_23_rr1.5_body1.8_wick0.5_close20_extOff_ema20_50_atrMin30_atrMax90,momentum,2025-04-09 14:15:00+00:00,2025-04-09 14:20:00+00:00,2025-04-09 15:00:00+00:00,BUY,session_breakout,3081.246857142856,3067.565,3101.7696428571394,1.5,1.8272373215835154,0.1806021428571408,0.15355607142671152,1.1235338508766672,-25.0,-26.12353385087667,-1.0449413540350667,SL,10132.08293364593,6.02007142857136,68.0,34.91956881585893
XAUUSDm,grid_thai_21_23_rr1.5_body1.8_wick0.5_close20_extOff_ema20_50_atrMin30_atrMax90,momentum,2025-04-10 15:35:00+00:00,2025-04-10 15:40:00+00:00,2025-04-11 00:40:00+00:00,BUY,session_breakout,3174.5218691874543,3148.496,3213.5606729686356,1.5,0.9605827117601624,0.17182500000000184,0.06695668745413368,0.6136281651292049,37.5,36.88637183487079,1.4754548733948318,TP,10168.969305480801,5.727500000000061,77.0,22.65349028004977
XAUUSDm,grid_thai_21_23_rr1.5_body1.8_wick0.5_close20_extOff_ema20_50_atrMin30_atrMax90,momentum,2025-04-16 15:50:00+00:00,2025-04-16 15:55:00+00:00,2025-04-17 03:55:00+00:00,BUY,session_breakout,3328.227400313613,3305.294,3362.627500784033,1.5,1.0901130952290599,0.1357521428571421,0.0835242421845755,0.7274103827892298,17.815281928216876,17.087871545427646,0.6835148618171059,TIMEOUT,10186.057177026229,4.525071428571404,50.0,30.685435915508457
XAUUSDm,grid_thai_21_23_rr1.5_body1.8_wick0.5_close20_extOff_ema20_50_atrMin30_atrMax90,momentum,2025-07-15 15:30:00+00:00,2025-07-15 15:35:00+00:00,2025-07-16 03:35:00+00:00,SELL,session_breakout,3326.066122654749,3349.939,3290.256806636873,1.5,1.047213523466346,0.10841999999999903,0.06066734525110697,0.6974703998112444,-8.50115093778808,-9.198621337599324,-0.367944853503973,TIMEOUT,10176.85855568863,3.613999999999968,73.0,26.608327003519747
XAUUSDm,grid_thai_21_23_rr1.5_body1.8_wick0.5_close20_extOff_ema20_50_atrMin30_atrMax90,momentum,2025-07-23 15:55:00+00:00,2025-07-23 16:00:00+00:00,2025-07-24 04:00:00+00:00,SELL,session_breakout,3397.971109273133,3415.874,3371.116773182833,1.5,1.3964225320597423,0.09310928571428284,0.08833608400997388,0.9471970494538532,18.036346015549142,17.08914896609529,0.6835659586438116,TIMEOUT,10193.947704654725,3.1036428571427614,77.0,23.71532504577227
XAUUSDm,grid_thai_21_23_rr1.5_body1.8_wick0.5_close20_extOff_ema20_50_atrMin30_atrMax90,momentum,2025-09-08 15:00:00+00:00,2025-09-08 15:05:00+00:00,2025-09-08 22:30:00+00:00,BUY,session_breakout,3644.346880277029,3628.87,3667.5622006925723,1.5,1.6153126180800943,0.11503928571428365,0.08636063417157988,1.1748519000744624,-25.0,-26.17485190007446,-1.0469940760029786,SL,10167.772852754651,3.8346428571427884,85.0,46.48701540108188
XAUUSDm,grid_thai_21_23_rr1.5_body1.8_wick0.5_close20_extOff_ema20_50_atrMin30_atrMax90,momentum,2025-09-15 15:45:00+00:00,2025-09-15 15:50:00+00:00,2025-09-16 03:50:00+00:00,BUY,session_breakout,3673.75097031879,3663.164,3689.6314257969752,1.5,2.3613932265049806,0.06684214285714137,0.05854924736127704,1.7368479245815576,18.13793146179198,16.401083537210422,0.6560433414884169,TIMEOUT,10184.173936291862,2.2280714285713787,41.0,26.973942601022724
XAUUSDm,grid_thai_21_23_rr1.5_body1.8_wick0.5_close20_extOff_ema20_50_atrMin30_atrMax90,momentum,2025-09-24 15:30:00+00:00,2025-09-24 15:35:00+00:00,2025-09-24 18:05:00+00:00,SELL,session_breakout,3745.7969543755967,3756.584,3729.6163859389917,1.5,2.317594721528141,0.12161999999999774,0.07423562440296463,1.732497849875414,37.500000000000526,35.76750215012511,1.4307000860050045,TP,10219.941438441987,4.053999999999925,86.0,31.755852149907987
XAUUSDm,grid_thai_21_23_rr1.5_body1.8_wick0.5_close20_extOff_ema20_50_atrMin30_atrMax90,momentum,2025-10-16 15:50:00+00:00,2025-10-16 15:55:00+00:00,2025-10-16 16:15:00+00:00,BUY,session_breakout,4275.775352625497,4266.512,4289.670381563744,1.5,2.698806901853955,0.1421721428571501,0.06526655406852806,2.311648406488544,37.5,35.188351593511456,1.4075340637404583,TP,10255.129790035498,4.739071428571671,62.0,22.457971902325014
XAUUSDm,grid_thai_21_23_rr1.5_body1.8_wick0.5_close20_extOff_ema20_50_atrMin30_atrMax90,momentum,2026-04-09 15:30:00+00:00,2026-04-09 15:35:00+00:00,2026-04-09 20:42:00+00:00,BUY,session_breakout,4792.335001132509,4761.204,4839.031502831273,1.5,0.8030580158211809,0.2718385714285718,0.18708184679545387,0.7672046074319739,-25.0,-25.767204607431974,-1.030688184297279,SL,10229.362585428067,9.061285714285727,87.0,25.550615190377606
XAUUSDm,grid_thai_21_23_rr1.5_body1.8_wick0.5_close20_extOff_ema20_50_atrMin40_atrMax90,momentum,2025-01-02 15:45:00+00:00,2025-01-02 15:50:00+00:00,2025-01-03 03:50:00+00:00,BUY,session_breakout,2654.187852362225,2646.522,2665.686630905562,1.5,3.2612159507783436,0.07665428571428556,0.06452521936770146,1.7339467293168087,27.70777219648044,25.973825467163632,1.0389530186865452,TIMEOUT,10025.973825467163,2.5551428571428523,72.0,20.964743866285275
XAUUSDm,grid_thai_21_23_rr1.5_body1.8_wick0.5_close20_extOff_ema20_50_atrMin40_atrMax90,momentum,2025-01-21 14:55:00+00:00,2025-01-21 15:00:00+00:00,2025-01-22 03:00:00+00:00,BUY,session_breakout,2738.1903386182,2728.538,2752.6688465454995,1.5,2.5900458934233517,0.07075285714285819,0.04296218962845767,1.4212336397605596,28.259113706464642,26.837880066704084,1.0735152026681634,TIMEOUT,10052.811705533866,2.358428571428606,78.0,19.53074948750955
XAUUSDm,grid_thai_21_23_rr1.5_body1.8_wick0.5_close20_extOff_ema20_50_atrMin40_atrMax90,momentum,2025-01-30 15:50:00+00:00,2025-01-30 15:55:00+00:00,2025-01-31 03:55:00+00:00,BUY,session_breakout,2795.3858927142396,2786.996,2807.970731785599,1.5,2.9797758864746164,0.06844499999999958,0.061670214239833814,1.666242669356081,3.1797405583900913,1.5134978890340103,0.06053991556136041,TIMEOUT,10054.3252034229,2.281499999999986,84.0,50.393268437493575
XAUUSDm,grid_thai_21_23_rr1.5_body1.8_wick0.5_close20_extOff_ema20_50_atrMin40_atrMax90,momentum,2025-02-03 14:05:00+00:00,2025-02-03 14:10:00+00:00,2025-02-03 14:45:00+00:00,BUY,session_breakout,2812.8864698534603,2808.133,2820.016674633651,1.5,5.259315988256479,0.06479785714285624,0.05107092488894559,2.9625217568101263,37.4999999999988,34.53747824318867,1.381499129727547,TP,10088.862681666089,2.159928571428541,67.0,42.13606719284656
XAUUSDm,grid_thai_21_23_rr1.5_body1.8_wick0.5_close20_extOff_ema20_50_atrMin40_atrMax90,momentum,2025-02-06 14:05:00+00:00,2025-02-06 14:10:00+00:00,2025-02-06 14:55:00+00:00,SELL,session_breakout,2854.9073313121303,2863.802,2841.5653282803255,1.5,2.8106724238187613,0.08161071428571437,0.029863330727166015,1.6010918617354033,37.5,35.898908138264595,1.4359563255305838,TP,10124.761589804353,2.7203571428571456,87.0,20.36370759740473
XAUUSDm,grid_thai_21_23_rr1.5_body1.8_wick0.5_close20_extOff_ema20_50_atrMin40_atrMax90,momentum,2025-03-13 14:35:00+00:00,2025-03-13 14:40:00+00:00,2025-03-13 14:50:00+00:00,BUY,session_breakout,2957.9382082111088,2949.39,2970.7605205277723,1.5,2.924589502570968,0.07768928571428595,0.07636356825217182,1.7339010065975577,37.50000000000067,35.76609899340311,1.4306439597361245,TP,10160.527688797756,2.589642857142865,81.0,21.400382894376712
XAUUSDm,grid_thai_21_23_rr1.5_body1.8_wick0.5_close20_extOff_ema20_50_atrMin40_atrMax90,momentum,2025-04-04 14:45:00+00:00,2025-04-04 14:50:00+00:00,2025-04-06 22:10:00+00:00,SELL,session_breakout,3029.9118878675504,3058.65,2986.804719668876,1.5,0.8699249235572153,0.2334278571428581,0.19439820387823062,0.5273385617615741,-1.793882739187784,-2.3212213009493583,-0.09284885203797433,TIMEOUT,10158.206467496806,7.780928571428603,59.0,30.867940395220437
XAUUSDm,grid_thai_21_23_rr1.5_body1.8_wick0.5_close20_extOff_ema20_50_atrMin40_atrMax90,momentum,2025-04-09 14:15:00+00:00,2025-04-09 14:20:00+00:00,2025-04-09 15:00:00+00:00,BUY,session_breakout,3081.246857142856,3067.565,3101.7696428571394,1.5,1.8272373215835154,0.1806021428571408,0.15355607142671152,1.1235338508766672,-25.0,-26.12353385087667,-1.0449413540350667,SL,10132.08293364593,6.02007142857136,68.0,34.91956881585893
XAUUSDm,grid_thai_21_23_rr1.5_body1.8_wick0.5_close20_extOff_ema20_50_atrMin40_atrMax90,momentum,2025-04-10 15:35:00+00:00,2025-04-10 15:40:00+00:00,2025-04-11 00:40:00+00:00,BUY,session_breakout,3174.5218691874543,3148.496,3213.5606729686356,1.5,0.9605827117601624,0.17182500000000184,0.06695668745413368,0.6136281651292049,37.5,36.88637183487079,1.4754548733948318,TP,10168.969305480801,5.727500000000061,77.0,22.65349028004977
XAUUSDm,grid_thai_21_23_rr1.5_body1.8_wick0.5_close20_extOff_ema20_50_atrMin40_atrMax90,momentum,2025-04-16 15:50:00+00:00,2025-04-16 15:55:00+00:00,2025-04-17 03:55:00+00:00,BUY,session_breakout,3328.227400313613,3305.294,3362.627500784033,1.5,1.0901130952290599,0.1357521428571421,0.0835242421845755,0.7274103827892298,17.815281928216876,17.087871545427646,0.6835148618171059,TIMEOUT,10186.057177026229,4.525071428571404,50.0,30.685435915508457
XAUUSDm,grid_thai_21_23_rr1.5_body1.8_wick0.5_close20_extOff_ema20_50_atrMin40_atrMax90,momentum,2025-07-15 15:30:00+00:00,2025-07-15 15:35:00+00:00,2025-07-16 03:35:00+00:00,SELL,session_breakout,3326.066122654749,3349.939,3290.256806636873,1.5,1.047213523466346,0.10841999999999903,0.06066734525110697,0.6974703998112444,-8.50115093778808,-9.198621337599324,-0.367944853503973,TIMEOUT,10176.85855568863,3.613999999999968,73.0,26.608327003519747
XAUUSDm,grid_thai_21_23_rr1.5_body1.8_wick0.5_close20_extOff_ema20_50_atrMin40_atrMax90,momentum,2025-07-23 15:55:00+00:00,2025-07-23 16:00:00+00:00,2025-07-24 04:00:00+00:00,SELL,session_breakout,3397.971109273133,3415.874,3371.116773182833,1.5,1.3964225320597423,0.09310928571428284,0.08833608400997388,0.9471970494538532,18.036346015549142,17.08914896609529,0.6835659586438116,TIMEOUT,10193.947704654725,3.1036428571427614,77.0,23.71532504577227
XAUUSDm,grid_thai_21_23_rr1.5_body1.8_wick0.5_close20_extOff_ema20_50_atrMin40_atrMax90,momentum,2025-09-08 15:00:00+00:00,2025-09-08 15:05:00+00:00,2025-09-08 22:30:00+00:00,BUY,session_breakout,3644.346880277029,3628.87,3667.5622006925723,1.5,1.6153126180800943,0.11503928571428365,0.08636063417157988,1.1748519000744624,-25.0,-26.17485190007446,-1.0469940760029786,SL,10167.772852754651,3.8346428571427884,85.0,46.48701540108188
XAUUSDm,grid_thai_21_23_rr1.5_body1.8_wick0.5_close20_extOff_ema20_50_atrMin40_atrMax90,momentum,2025-09-15 15:45:00+00:00,2025-09-15 15:50:00+00:00,2025-09-16 03:50:00+00:00,BUY,session_breakout,3673.75097031879,3663.164,3689.6314257969752,1.5,2.3613932265049806,0.06684214285714137,0.05854924736127704,1.7368479245815576,18.13793146179198,16.401083537210422,0.6560433414884169,TIMEOUT,10184.173936291862,2.2280714285713787,41.0,26.973942601022724
XAUUSDm,grid_thai_21_23_rr1.5_body1.8_wick0.5_close20_extOff_ema20_50_atrMin40_atrMax90,momentum,2025-09-24 15:30:00+00:00,2025-09-24 15:35:00+00:00,2025-09-24 18:05:00+00:00,SELL,session_breakout,3745.7969543755967,3756.584,3729.6163859389917,1.5,2.317594721528141,0.12161999999999774,0.07423562440296463,1.732497849875414,37.500000000000526,35.76750215012511,1.4307000860050045,TP,10219.941438441987,4.053999999999925,86.0,31.755852149907987
XAUUSDm,grid_thai_21_23_rr1.5_body1.8_wick0.5_close20_extOff_ema20_50_atrMin40_atrMax90,momentum,2025-10-16 15:50:00+00:00,2025-10-16 15:55:00+00:00,2025-10-16 16:15:00+00:00,BUY,session_breakout,4275.775352625497,4266.512,4289.670381563744,1.5,2.698806901853955,0.1421721428571501,0.06526655406852806,2.311648406488544,37.5,35.188351593511456,1.4075340637404583,TP,10255.129790035498,4.739071428571671,62.0,22.457971902325014
XAUUSDm,grid_thai_21_23_rr1.5_body1.8_wick0.5_close20_extOff_ema20_50_atrMin40_atrMax90,momentum,2026-04-09 15:30:00+00:00,2026-04-09 15:35:00+00:00,2026-04-09 20:42:00+00:00,BUY,session_breakout,4792.335001132509,4761.204,4839.031502831273,1.5,0.8030580158211809,0.2718385714285718,0.18708184679545387,0.7672046074319739,-25.0,-25.767204607431974,-1.030688184297279,SL,10229.362585428067,9.061285714285727,87.0,25.550615190377606
XAUUSDm,grid_thai_21_23_rr1.5_body1.8_wick0.4_close20_extOff_ema20_50_atrMinOff_atrMax90,momentum,2025-01-02 15:45:00+00:00,2025-01-02 15:50:00+00:00,2025-01-03 03:50:00+00:00,BUY,session_breakout,2654.187852362225,2646.522,2665.686630905562,1.5,3.2612159507783436,0.07665428571428556,0.06452521936770146,1.7339467293168087,27.70777219648044,25.973825467163632,1.0389530186865452,TIMEOUT,10025.973825467163,2.5551428571428523,72.0,20.964743866285275
XAUUSDm,grid_thai_21_23_rr1.5_body1.8_wick0.4_close20_extOff_ema20_50_atrMinOff_atrMax90,momentum,2025-01-21 14:55:00+00:00,2025-01-21 15:00:00+00:00,2025-01-22 03:00:00+00:00,BUY,session_breakout,2738.1903386182,2728.538,2752.6688465454995,1.5,2.5900458934233517,0.07075285714285819,0.04296218962845767,1.4212336397605596,28.259113706464642,26.837880066704084,1.0735152026681634,TIMEOUT,10052.811705533866,2.358428571428606,78.0,19.53074948750955
XAUUSDm,grid_thai_21_23_rr1.5_body1.8_wick0.4_close20_extOff_ema20_50_atrMinOff_atrMax90,momentum,2025-01-30 15:50:00+00:00,2025-01-30 15:55:00+00:00,2025-01-31 03:55:00+00:00,BUY,session_breakout,2795.3858927142396,2786.996,2807.970731785599,1.5,2.9797758864746164,0.06844499999999958,0.061670214239833814,1.666242669356081,3.1797405583900913,1.5134978890340103,0.06053991556136041,TIMEOUT,10054.3252034229,2.281499999999986,84.0,50.393268437493575
XAUUSDm,grid_thai_21_23_rr1.5_body1.8_wick0.4_close20_extOff_ema20_50_atrMinOff_atrMax90,momentum,2025-02-03 14:05:00+00:00,2025-02-03 14:10:00+00:00,2025-02-03 14:45:00+00:00,BUY,session_breakout,2812.8864698534603,2808.133,2820.016674633651,1.5,5.259315988256479,0.06479785714285624,0.05107092488894559,2.9625217568101263,37.4999999999988,34.53747824318867,1.381499129727547,TP,10088.862681666089,2.159928571428541,67.0,42.13606719284656
XAUUSDm,grid_thai_21_23_rr1.5_body1.8_wick0.4_close20_extOff_ema20_50_atrMinOff_atrMax90,momentum,2025-02-06 14:05:00+00:00,2025-02-06 14:10:00+00:00,2025-02-06 14:55:00+00:00,SELL,session_breakout,2854.9073313121303,2863.802,2841.5653282803255,1.5,2.8106724238187613,0.08161071428571437,0.029863330727166015,1.6010918617354033,37.5,35.898908138264595,1.4359563255305838,TP,10124.761589804353,2.7203571428571456,87.0,20.36370759740473
XAUUSDm,grid_thai_21_23_rr1.5_body1.8_wick0.4_close20_extOff_ema20_50_atrMinOff_atrMax90,momentum,2025-03-13 14:35:00+00:00,2025-03-13 14:40:00+00:00,2025-03-13 14:50:00+00:00,BUY,session_breakout,2957.9382082111088,2949.39,2970.7605205277723,1.5,2.924589502570968,0.07768928571428595,0.07636356825217182,1.7339010065975577,37.50000000000067,35.76609899340311,1.4306439597361245,TP,10160.527688797756,2.589642857142865,81.0,21.400382894376712
XAUUSDm,grid_thai_21_23_rr1.5_body1.8_wick0.4_close20_extOff_ema20_50_atrMinOff_atrMax90,momentum,2025-04-04 14:45:00+00:00,2025-04-04 14:50:00+00:00,2025-04-06 22:10:00+00:00,SELL,session_breakout,3029.9118878675504,3058.65,2986.804719668876,1.5,0.8699249235572153,0.2334278571428581,0.19439820387823062,0.5273385617615741,-1.793882739187784,-2.3212213009493583,-0.09284885203797433,TIMEOUT,10158.206467496806,7.780928571428603,59.0,30.867940395220437
XAUUSDm,grid_thai_21_23_rr1.5_body1.8_wick0.4_close20_extOff_ema20_50_atrMinOff_atrMax90,momentum,2025-04-09 14:15:00+00:00,2025-04-09 14:20:00+00:00,2025-04-09 15:00:00+00:00,BUY,session_breakout,3081.246857142856,3067.565,3101.7696428571394,1.5,1.8272373215835154,0.1806021428571408,0.15355607142671152,1.1235338508766672,-25.0,-26.12353385087667,-1.0449413540350667,SL,10132.08293364593,6.02007142857136,68.0,34.91956881585893
XAUUSDm,grid_thai_21_23_rr1.5_body1.8_wick0.4_close20_extOff_ema20_50_atrMinOff_atrMax90,momentum,2025-04-10 15:35:00+00:00,2025-04-10 15:40:00+00:00,2025-04-11 00:40:00+00:00,BUY,session_breakout,3174.5218691874543,3148.496,3213.5606729686356,1.5,0.9605827117601624,0.17182500000000184,0.06695668745413368,0.6136281651292049,37.5,36.88637183487079,1.4754548733948318,TP,10168.969305480801,5.727500000000061,77.0,22.65349028004977
XAUUSDm,grid_thai_21_23_rr1.5_body1.8_wick0.4_close20_extOff_ema20_50_atrMinOff_atrMax90,momentum,2025-04-16 15:50:00+00:00,2025-04-16 15:55:00+00:00,2025-04-17 03:55:00+00:00,BUY,session_breakout,3328.227400313613,3305.294,3362.627500784033,1.5,1.0901130952290599,0.1357521428571421,0.0835242421845755,0.7274103827892298,17.815281928216876,17.087871545427646,0.6835148618171059,TIMEOUT,10186.057177026229,4.525071428571404,50.0,30.685435915508457
XAUUSDm,grid_thai_21_23_rr1.5_body1.8_wick0.4_close20_extOff_ema20_50_atrMinOff_atrMax90,momentum,2025-07-15 15:30:00+00:00,2025-07-15 15:35:00+00:00,2025-07-16 03:35:00+00:00,SELL,session_breakout,3326.066122654749,3349.939,3290.256806636873,1.5,1.047213523466346,0.10841999999999903,0.06066734525110697,0.6974703998112444,-8.50115093778808,-9.198621337599324,-0.367944853503973,TIMEOUT,10176.85855568863,3.613999999999968,73.0,26.608327003519747
XAUUSDm,grid_thai_21_23_rr1.5_body1.8_wick0.4_close20_extOff_ema20_50_atrMinOff_atrMax90,momentum,2025-07-23 15:55:00+00:00,2025-07-23 16:00:00+00:00,2025-07-24 04:00:00+00:00,SELL,session_breakout,3397.971109273133,3415.874,3371.116773182833,1.5,1.3964225320597423,0.09310928571428284,0.08833608400997388,0.9471970494538532,18.036346015549142,17.08914896609529,0.6835659586438116,TIMEOUT,10193.947704654725,3.1036428571427614,77.0,23.71532504577227
XAUUSDm,grid_thai_21_23_rr1.5_body1.8_wick0.4_close20_extOff_ema20_50_atrMinOff_atrMax90,momentum,2025-09-08 15:00:00+00:00,2025-09-08 15:05:00+00:00,2025-09-08 22:30:00+00:00,BUY,session_breakout,3644.346880277029,3628.87,3667.5622006925723,1.5,1.6153126180800943,0.11503928571428365,0.08636063417157988,1.1748519000744624,-25.0,-26.17485190007446,-1.0469940760029786,SL,10167.772852754651,3.8346428571427884,85.0,46.48701540108188
XAUUSDm,grid_thai_21_23_rr1.5_body1.8_wick0.4_close20_extOff_ema20_50_atrMinOff_atrMax90,momentum,2025-09-15 15:45:00+00:00,2025-09-15 15:50:00+00:00,2025-09-16 03:50:00+00:00,BUY,session_breakout,3673.75097031879,3663.164,3689.6314257969752,1.5,2.3613932265049806,0.06684214285714137,0.05854924736127704,1.7368479245815576,18.13793146179198,16.401083537210422,0.6560433414884169,TIMEOUT,10184.173936291862,2.2280714285713787,41.0,26.973942601022724
XAUUSDm,grid_thai_21_23_rr1.5_body1.8_wick0.4_close20_extOff_ema20_50_atrMinOff_atrMax90,momentum,2025-09-24 15:30:00+00:00,2025-09-24 15:35:00+00:00,2025-09-24 18:05:00+00:00,SELL,session_breakout,3745.7969543755967,3756.584,3729.6163859389917,1.5,2.317594721528141,0.12161999999999774,0.07423562440296463,1.732497849875414,37.500000000000526,35.76750215012511,1.4307000860050045,TP,10219.941438441987,4.053999999999925,86.0,31.755852149907987
XAUUSDm,grid_thai_21_23_rr1.5_body1.8_wick0.4_close20_extOff_ema20_50_atrMinOff_atrMax90,momentum,2025-10-16 15:50:00+00:00,2025-10-16 15:55:00+00:00,2025-10-16 16:15:00+00:00,BUY,session_breakout,4275.775352625497,4266.512,4289.670381563744,1.5,2.698806901853955,0.1421721428571501,0.06526655406852806,2.311648406488544,37.5,35.188351593511456,1.4075340637404583,TP,10255.129790035498,4.739071428571671,62.0,22.457971902325014
XAUUSDm,grid_thai_21_23_rr1.5_body1.8_wick0.4_close20_extOff_ema20_50_atrMinOff_atrMax90,momentum,2026-04-09 15:30:00+00:00,2026-04-09 15:35:00+00:00,2026-04-09 20:42:00+00:00,BUY,session_breakout,4792.335001132509,4761.204,4839.031502831273,1.5,0.8030580158211809,0.2718385714285718,0.18708184679545387,0.7672046074319739,-25.0,-25.767204607431974,-1.030688184297279,SL,10229.362585428067,9.061285714285727,87.0,25.550615190377606
XAUUSDm,grid_thai_21_23_rr1.5_body1.8_wick0.4_close20_extOff_ema20_50_atrMin30_atrMax90,momentum,2025-01-02 15:45:00+00:00,2025-01-02 15:50:00+00:00,2025-01-03 03:50:00+00:00,BUY,session_breakout,2654.187852362225,2646.522,2665.686630905562,1.5,3.2612159507783436,0.07665428571428556,0.06452521936770146,1.7339467293168087,27.70777219648044,25.973825467163632,1.0389530186865452,TIMEOUT,10025.973825467163,2.5551428571428523,72.0,20.964743866285275
XAUUSDm,grid_thai_21_23_rr1.5_body1.8_wick0.4_close20_extOff_ema20_50_atrMin30_atrMax90,momentum,2025-01-21 14:55:00+00:00,2025-01-21 15:00:00+00:00,2025-01-22 03:00:00+00:00,BUY,session_breakout,2738.1903386182,2728.538,2752.6688465454995,1.5,2.5900458934233517,0.07075285714285819,0.04296218962845767,1.4212336397605596,28.259113706464642,26.837880066704084,1.0735152026681634,TIMEOUT,10052.811705533866,2.358428571428606,78.0,19.53074948750955
XAUUSDm,grid_thai_21_23_rr1.5_body1.8_wick0.4_close20_extOff_ema20_50_atrMin30_atrMax90,momentum,2025-01-30 15:50:00+00:00,2025-01-30 15:55:00+00:00,2025-01-31 03:55:00+00:00,BUY,session_breakout,2795.3858927142396,2786.996,2807.970731785599,1.5,2.9797758864746164,0.06844499999999958,0.061670214239833814,1.666242669356081,3.1797405583900913,1.5134978890340103,0.06053991556136041,TIMEOUT,10054.3252034229,2.281499999999986,84.0,50.393268437493575
XAUUSDm,grid_thai_21_23_rr1.5_body1.8_wick0.4_close20_extOff_ema20_50_atrMin30_atrMax90,momentum,2025-02-03 14:05:00+00:00,2025-02-03 14:10:00+00:00,2025-02-03 14:45:00+00:00,BUY,session_breakout,2812.8864698534603,2808.133,2820.016674633651,1.5,5.259315988256479,0.06479785714285624,0.05107092488894559,2.9625217568101263,37.4999999999988,34.53747824318867,1.381499129727547,TP,10088.862681666089,2.159928571428541,67.0,42.13606719284656
XAUUSDm,grid_thai_21_23_rr1.5_body1.8_wick0.4_close20_extOff_ema20_50_atrMin30_atrMax90,momentum,2025-02-06 14:05:00+00:00,2025-02-06 14:10:00+00:00,2025-02-06 14:55:00+00:00,SELL,session_breakout,2854.9073313121303,2863.802,2841.5653282803255,1.5,2.8106724238187613,0.08161071428571437,0.029863330727166015,1.6010918617354033,37.5,35.898908138264595,1.4359563255305838,TP,10124.761589804353,2.7203571428571456,87.0,20.36370759740473
XAUUSDm,grid_thai_21_23_rr1.5_body1.8_wick0.4_close20_extOff_ema20_50_atrMin30_atrMax90,momentum,2025-03-13 14:35:00+00:00,2025-03-13 14:40:00+00:00,2025-03-13 14:50:00+00:00,BUY,session_breakout,2957.9382082111088,2949.39,2970.7605205277723,1.5,2.924589502570968,0.07768928571428595,0.07636356825217182,1.7339010065975577,37.50000000000067,35.76609899340311,1.4306439597361245,TP,10160.527688797756,2.589642857142865,81.0,21.400382894376712
XAUUSDm,grid_thai_21_23_rr1.5_body1.8_wick0.4_close20_extOff_ema20_50_atrMin30_atrMax90,momentum,2025-04-04 14:45:00+00:00,2025-04-04 14:50:00+00:00,2025-04-06 22:10:00+00:00,SELL,session_breakout,3029.9118878675504,3058.65,2986.804719668876,1.5,0.8699249235572153,0.2334278571428581,0.19439820387823062,0.5273385617615741,-1.793882739187784,-2.3212213009493583,-0.09284885203797433,TIMEOUT,10158.206467496806,7.780928571428603,59.0,30.867940395220437
XAUUSDm,grid_thai_21_23_rr1.5_body1.8_wick0.4_close20_extOff_ema20_50_atrMin30_atrMax90,momentum,2025-04-09 14:15:00+00:00,2025-04-09 14:20:00+00:00,2025-04-09 15:00:00+00:00,BUY,session_breakout,3081.246857142856,3067.565,3101.7696428571394,1.5,1.8272373215835154,0.1806021428571408,0.15355607142671152,1.1235338508766672,-25.0,-26.12353385087667,-1.0449413540350667,SL,10132.08293364593,6.02007142857136,68.0,34.91956881585893
XAUUSDm,grid_thai_21_23_rr1.5_body1.8_wick0.4_close20_extOff_ema20_50_atrMin30_atrMax90,momentum,2025-04-10 15:35:00+00:00,2025-04-10 15:40:00+00:00,2025-04-11 00:40:00+00:00,BUY,session_breakout,3174.5218691874543,3148.496,3213.5606729686356,1.5,0.9605827117601624,0.17182500000000184,0.06695668745413368,0.6136281651292049,37.5,36.88637183487079,1.4754548733948318,TP,10168.969305480801,5.727500000000061,77.0,22.65349028004977
XAUUSDm,grid_thai_21_23_rr1.5_body1.8_wick0.4_close20_extOff_ema20_50_atrMin30_atrMax90,momentum,2025-04-16 15:50:00+00:00,2025-04-16 15:55:00+00:00,2025-04-17 03:55:00+00:00,BUY,session_breakout,3328.227400313613,3305.294,3362.627500784033,1.5,1.0901130952290599,0.1357521428571421,0.0835242421845755,0.7274103827892298,17.815281928216876,17.087871545427646,0.6835148618171059,TIMEOUT,10186.057177026229,4.525071428571404,50.0,30.685435915508457
XAUUSDm,grid_thai_21_23_rr1.5_body1.8_wick0.4_close20_extOff_ema20_50_atrMin30_atrMax90,momentum,2025-07-15 15:30:00+00:00,2025-07-15 15:35:00+00:00,2025-07-16 03:35:00+00:00,SELL,session_breakout,3326.066122654749,3349.939,3290.256806636873,1.5,1.047213523466346,0.10841999999999903,0.06066734525110697,0.6974703998112444,-8.50115093778808,-9.198621337599324,-0.367944853503973,TIMEOUT,10176.85855568863,3.613999999999968,73.0,26.608327003519747
XAUUSDm,grid_thai_21_23_rr1.5_body1.8_wick0.4_close20_extOff_ema20_50_atrMin30_atrMax90,momentum,2025-07-23 15:55:00+00:00,2025-07-23 16:00:00+00:00,2025-07-24 04:00:00+00:00,SELL,session_breakout,3397.971109273133,3415.874,3371.116773182833,1.5,1.3964225320597423,0.09310928571428284,0.08833608400997388,0.9471970494538532,18.036346015549142,17.08914896609529,0.6835659586438116,TIMEOUT,10193.947704654725,3.1036428571427614,77.0,23.71532504577227
XAUUSDm,grid_thai_21_23_rr1.5_body1.8_wick0.4_close20_extOff_ema20_50_atrMin30_atrMax90,momentum,2025-09-08 15:00:00+00:00,2025-09-08 15:05:00+00:00,2025-09-08 22:30:00+00:00,BUY,session_breakout,3644.346880277029,3628.87,3667.5622006925723,1.5,1.6153126180800943,0.11503928571428365,0.08636063417157988,1.1748519000744624,-25.0,-26.17485190007446,-1.0469940760029786,SL,10167.772852754651,3.8346428571427884,85.0,46.48701540108188
XAUUSDm,grid_thai_21_23_rr1.5_body1.8_wick0.4_close20_extOff_ema20_50_atrMin30_atrMax90,momentum,2025-09-15 15:45:00+00:00,2025-09-15 15:50:00+00:00,2025-09-16 03:50:00+00:00,BUY,session_breakout,3673.75097031879,3663.164,3689.6314257969752,1.5,2.3613932265049806,0.06684214285714137,0.05854924736127704,1.7368479245815576,18.13793146179198,16.401083537210422,0.6560433414884169,TIMEOUT,10184.173936291862,2.2280714285713787,41.0,26.973942601022724
XAUUSDm,grid_thai_21_23_rr1.5_body1.8_wick0.4_close20_extOff_ema20_50_atrMin30_atrMax90,momentum,2025-09-24 15:30:00+00:00,2025-09-24 15:35:00+00:00,2025-09-24 18:05:00+00:00,SELL,session_breakout,3745.7969543755967,3756.584,3729.6163859389917,1.5,2.317594721528141,0.12161999999999774,0.07423562440296463,1.732497849875414,37.500000000000526,35.76750215012511,1.4307000860050045,TP,10219.941438441987,4.053999999999925,86.0,31.755852149907987
XAUUSDm,grid_thai_21_23_rr1.5_body1.8_wick0.4_close20_extOff_ema20_50_atrMin30_atrMax90,momentum,2025-10-16 15:50:00+00:00,2025-10-16 15:55:00+00:00,2025-10-16 16:15:00+00:00,BUY,session_breakout,4275.775352625497,4266.512,4289.670381563744,1.5,2.698806901853955,0.1421721428571501,0.06526655406852806,2.311648406488544,37.5,35.188351593511456,1.4075340637404583,TP,10255.129790035498,4.739071428571671,62.0,22.457971902325014
XAUUSDm,grid_thai_21_23_rr1.5_body1.8_wick0.4_close20_extOff_ema20_50_atrMin30_atrMax90,momentum,2026-04-09 15:30:00+00:00,2026-04-09 15:35:00+00:00,2026-04-09 20:42:00+00:00,BUY,session_breakout,4792.335001132509,4761.204,4839.031502831273,1.5,0.8030580158211809,0.2718385714285718,0.18708184679545387,0.7672046074319739,-25.0,-25.767204607431974,-1.030688184297279,SL,10229.362585428067,9.061285714285727,87.0,25.550615190377606
XAUUSDm,grid_thai_21_23_rr1.5_body1.8_wick0.4_close20_extOff_ema20_50_atrMin40_atrMax90,momentum,2025-01-02 15:45:00+00:00,2025-01-02 15:50:00+00:00,2025-01-03 03:50:00+00:00,BUY,session_breakout,2654.187852362225,2646.522,2665.686630905562,1.5,3.2612159507783436,0.07665428571428556,0.06452521936770146,1.7339467293168087,27.70777219648044,25.973825467163632,1.0389530186865452,TIMEOUT,10025.973825467163,2.5551428571428523,72.0,20.964743866285275
XAUUSDm,grid_thai_21_23_rr1.5_body1.8_wick0.4_close20_extOff_ema20_50_atrMin40_atrMax90,momentum,2025-01-21 14:55:00+00:00,2025-01-21 15:00:00+00:00,2025-01-22 03:00:00+00:00,BUY,session_breakout,2738.1903386182,2728.538,2752.6688465454995,1.5,2.5900458934233517,0.07075285714285819,0.04296218962845767,1.4212336397605596,28.259113706464642,26.837880066704084,1.0735152026681634,TIMEOUT,10052.811705533866,2.358428571428606,78.0,19.53074948750955
XAUUSDm,grid_thai_21_23_rr1.5_body1.8_wick0.4_close20_extOff_ema20_50_atrMin40_atrMax90,momentum,2025-01-30 15:50:00+00:00,2025-01-30 15:55:00+00:00,2025-01-31 03:55:00+00:00,BUY,session_breakout,2795.3858927142396,2786.996,2807.970731785599,1.5,2.9797758864746164,0.06844499999999958,0.061670214239833814,1.666242669356081,3.1797405583900913,1.5134978890340103,0.06053991556136041,TIMEOUT,10054.3252034229,2.281499999999986,84.0,50.393268437493575
XAUUSDm,grid_thai_21_23_rr1.5_body1.8_wick0.4_close20_extOff_ema20_50_atrMin40_atrMax90,momentum,2025-02-03 14:05:00+00:00,2025-02-03 14:10:00+00:00,2025-02-03 14:45:00+00:00,BUY,session_breakout,2812.8864698534603,2808.133,2820.016674633651,1.5,5.259315988256479,0.06479785714285624,0.05107092488894559,2.9625217568101263,37.4999999999988,34.53747824318867,1.381499129727547,TP,10088.862681666089,2.159928571428541,67.0,42.13606719284656
XAUUSDm,grid_thai_21_23_rr1.5_body1.8_wick0.4_close20_extOff_ema20_50_atrMin40_atrMax90,momentum,2025-02-06 14:05:00+00:00,2025-02-06 14:10:00+00:00,2025-02-06 14:55:00+00:00,SELL,session_breakout,2854.9073313121303,2863.802,2841.5653282803255,1.5,2.8106724238187613,0.08161071428571437,0.029863330727166015,1.6010918617354033,37.5,35.898908138264595,1.4359563255305838,TP,10124.761589804353,2.7203571428571456,87.0,20.36370759740473
XAUUSDm,grid_thai_21_23_rr1.5_body1.8_wick0.4_close20_extOff_ema20_50_atrMin40_atrMax90,momentum,2025-03-13 14:35:00+00:00,2025-03-13 14:40:00+00:00,2025-03-13 14:50:00+00:00,BUY,session_breakout,2957.9382082111088,2949.39,2970.7605205277723,1.5,2.924589502570968,0.07768928571428595,0.07636356825217182,1.7339010065975577,37.50000000000067,35.76609899340311,1.4306439597361245,TP,10160.527688797756,2.589642857142865,81.0,21.400382894376712
XAUUSDm,grid_thai_21_23_rr1.5_body1.8_wick0.4_close20_extOff_ema20_50_atrMin40_atrMax90,momentum,2025-04-04 14:45:00+00:00,2025-04-04 14:50:00+00:00,2025-04-06 22:10:00+00:00,SELL,session_breakout,3029.9118878675504,3058.65,2986.804719668876,1.5,0.8699249235572153,0.2334278571428581,0.19439820387823062,0.5273385617615741,-1.793882739187784,-2.3212213009493583,-0.09284885203797433,TIMEOUT,10158.206467496806,7.780928571428603,59.0,30.867940395220437
XAUUSDm,grid_thai_21_23_rr1.5_body1.8_wick0.4_close20_extOff_ema20_50_atrMin40_atrMax90,momentum,2025-04-09 14:15:00+00:00,2025-04-09 14:20:00+00:00,2025-04-09 15:00:00+00:00,BUY,session_breakout,3081.246857142856,3067.565,3101.7696428571394,1.5,1.8272373215835154,0.1806021428571408,0.15355607142671152,1.1235338508766672,-25.0,-26.12353385087667,-1.0449413540350667,SL,10132.08293364593,6.02007142857136,68.0,34.91956881585893
XAUUSDm,grid_thai_21_23_rr1.5_body1.8_wick0.4_close20_extOff_ema20_50_atrMin40_atrMax90,momentum,2025-04-10 15:35:00+00:00,2025-04-10 15:40:00+00:00,2025-04-11 00:40:00+00:00,BUY,session_breakout,3174.5218691874543,3148.496,3213.5606729686356,1.5,0.9605827117601624,0.17182500000000184,0.06695668745413368,0.6136281651292049,37.5,36.88637183487079,1.4754548733948318,TP,10168.969305480801,5.727500000000061,77.0,22.65349028004977
XAUUSDm,grid_thai_21_23_rr1.5_body1.8_wick0.4_close20_extOff_ema20_50_atrMin40_atrMax90,momentum,2025-04-16 15:50:00+00:00,2025-04-16 15:55:00+00:00,2025-04-17 03:55:00+00:00,BUY,session_breakout,3328.227400313613,3305.294,3362.627500784033,1.5,1.0901130952290599,0.1357521428571421,0.0835242421845755,0.7274103827892298,17.815281928216876,17.087871545427646,0.6835148618171059,TIMEOUT,10186.057177026229,4.525071428571404,50.0,30.685435915508457
XAUUSDm,grid_thai_21_23_rr1.5_body1.8_wick0.4_close20_extOff_ema20_50_atrMin40_atrMax90,momentum,2025-07-15 15:30:00+00:00,2025-07-15 15:35:00+00:00,2025-07-16 03:35:00+00:00,SELL,session_breakout,3326.066122654749,3349.939,3290.256806636873,1.5,1.047213523466346,0.10841999999999903,0.06066734525110697,0.6974703998112444,-8.50115093778808,-9.198621337599324,-0.367944853503973,TIMEOUT,10176.85855568863,3.613999999999968,73.0,26.608327003519747
XAUUSDm,grid_thai_21_23_rr1.5_body1.8_wick0.4_close20_extOff_ema20_50_atrMin40_atrMax90,momentum,2025-07-23 15:55:00+00:00,2025-07-23 16:00:00+00:00,2025-07-24 04:00:00+00:00,SELL,session_breakout,3397.971109273133,3415.874,3371.116773182833,1.5,1.3964225320597423,0.09310928571428284,0.08833608400997388,0.9471970494538532,18.036346015549142,17.08914896609529,0.6835659586438116,TIMEOUT,10193.947704654725,3.1036428571427614,77.0,23.71532504577227
XAUUSDm,grid_thai_21_23_rr1.5_body1.8_wick0.4_close20_extOff_ema20_50_atrMin40_atrMax90,momentum,2025-09-08 15:00:00+00:00,2025-09-08 15:05:00+00:00,2025-09-08 22:30:00+00:00,BUY,session_breakout,3644.346880277029,3628.87,3667.5622006925723,1.5,1.6153126180800943,0.11503928571428365,0.08636063417157988,1.1748519000744624,-25.0,-26.17485190007446,-1.0469940760029786,SL,10167.772852754651,3.8346428571427884,85.0,46.48701540108188
XAUUSDm,grid_thai_21_23_rr1.5_body1.8_wick0.4_close20_extOff_ema20_50_atrMin40_atrMax90,momentum,2025-09-15 15:45:00+00:00,2025-09-15 15:50:00+00:00,2025-09-16 03:50:00+00:00,BUY,session_breakout,3673.75097031879,3663.164,3689.6314257969752,1.5,2.3613932265049806,0.06684214285714137,0.05854924736127704,1.7368479245815576,18.13793146179198,16.401083537210422,0.6560433414884169,TIMEOUT,10184.173936291862,2.2280714285713787,41.0,26.973942601022724
XAUUSDm,grid_thai_21_23_rr1.5_body1.8_wick0.4_close20_extOff_ema20_50_atrMin40_atrMax90,momentum,2025-09-24 15:30:00+00:00,2025-09-24 15:35:00+00:00,2025-09-24 18:05:00+00:00,SELL,session_breakout,3745.7969543755967,3756.584,3729.6163859389917,1.5,2.317594721528141,0.12161999999999774,0.07423562440296463,1.732497849875414,37.500000000000526,35.76750215012511,1.4307000860050045,TP,10219.941438441987,4.053999999999925,86.0,31.755852149907987
XAUUSDm,grid_thai_21_23_rr1.5_body1.8_wick0.4_close20_extOff_ema20_50_atrMin40_atrMax90,momentum,2025-10-16 15:50:00+00:00,2025-10-16 15:55:00+00:00,2025-10-16 16:15:00+00:00,BUY,session_breakout,4275.775352625497,4266.512,4289.670381563744,1.5,2.698806901853955,0.1421721428571501,0.06526655406852806,2.311648406488544,37.5,35.188351593511456,1.4075340637404583,TP,10255.129790035498,4.739071428571671,62.0,22.457971902325014
XAUUSDm,grid_thai_21_23_rr1.5_body1.8_wick0.4_close20_extOff_ema20_50_atrMin40_atrMax90,momentum,2026-04-09 15:30:00+00:00,2026-04-09 15:35:00+00:00,2026-04-09 20:42:00+00:00,BUY,session_breakout,4792.335001132509,4761.204,4839.031502831273,1.5,0.8030580158211809,0.2718385714285718,0.18708184679545387,0.7672046074319739,-25.0,-25.767204607431974,-1.030688184297279,SL,10229.362585428067,9.061285714285727,87.0,25.550615190377606
XAUUSDm,grid_thai_21_23_rr1.5_body1.8_wick0.3_close20_extOff_ema20_50_atrMinOff_atrMax90,momentum,2025-01-02 15:45:00+00:00,2025-01-02 15:50:00+00:00,2025-01-03 03:50:00+00:00,BUY,session_breakout,2654.187852362225,2646.522,2665.686630905562,1.5,3.2612159507783436,0.07665428571428556,0.06452521936770146,1.7339467293168087,27.70777219648044,25.973825467163632,1.0389530186865452,TIMEOUT,10025.973825467163,2.5551428571428523,72.0,20.964743866285275
XAUUSDm,grid_thai_21_23_rr1.5_body1.8_wick0.3_close20_extOff_ema20_50_atrMinOff_atrMax90,momentum,2025-01-21 14:55:00+00:00,2025-01-21 15:00:00+00:00,2025-01-22 03:00:00+00:00,BUY,session_breakout,2738.1903386182,2728.538,2752.6688465454995,1.5,2.5900458934233517,0.07075285714285819,0.04296218962845767,1.4212336397605596,28.259113706464642,26.837880066704084,1.0735152026681634,TIMEOUT,10052.811705533866,2.358428571428606,78.0,19.53074948750955
XAUUSDm,grid_thai_21_23_rr1.5_body1.8_wick0.3_close20_extOff_ema20_50_atrMinOff_atrMax90,momentum,2025-01-30 15:50:00+00:00,2025-01-30 15:55:00+00:00,2025-01-31 03:55:00+00:00,BUY,session_breakout,2795.3858927142396,2786.996,2807.970731785599,1.5,2.9797758864746164,0.06844499999999958,0.061670214239833814,1.666242669356081,3.1797405583900913,1.5134978890340103,0.06053991556136041,TIMEOUT,10054.3252034229,2.281499999999986,84.0,50.393268437493575
XAUUSDm,grid_thai_21_23_rr1.5_body1.8_wick0.3_close20_extOff_ema20_50_atrMinOff_atrMax90,momentum,2025-02-03 14:05:00+00:00,2025-02-03 14:10:00+00:00,2025-02-03 14:45:00+00:00,BUY,session_breakout,2812.8864698534603,2808.133,2820.016674633651,1.5,5.259315988256479,0.06479785714285624,0.05107092488894559,2.9625217568101263,37.4999999999988,34.53747824318867,1.381499129727547,TP,10088.862681666089,2.159928571428541,67.0,42.13606719284656
XAUUSDm,grid_thai_21_23_rr1.5_body1.8_wick0.3_close20_extOff_ema20_50_atrMinOff_atrMax90,momentum,2025-02-06 14:05:00+00:00,2025-02-06 14:10:00+00:00,2025-02-06 14:55:00+00:00,SELL,session_breakout,2854.9073313121303,2863.802,2841.5653282803255,1.5,2.8106724238187613,0.08161071428571437,0.029863330727166015,1.6010918617354033,37.5,35.898908138264595,1.4359563255305838,TP,10124.761589804353,2.7203571428571456,87.0,20.36370759740473
XAUUSDm,grid_thai_21_23_rr1.5_body1.8_wick0.3_close20_extOff_ema20_50_atrMinOff_atrMax90,momentum,2025-03-13 14:35:00+00:00,2025-03-13 14:40:00+00:00,2025-03-13 14:50:00+00:00,BUY,session_breakout,2957.9382082111088,2949.39,2970.7605205277723,1.5,2.924589502570968,0.07768928571428595,0.07636356825217182,1.7339010065975577,37.50000000000067,35.76609899340311,1.4306439597361245,TP,10160.527688797756,2.589642857142865,81.0,21.400382894376712
XAUUSDm,grid_thai_21_23_rr1.5_body1.8_wick0.3_close20_extOff_ema20_50_atrMinOff_atrMax90,momentum,2025-04-04 14:45:00+00:00,2025-04-04 14:50:00+00:00,2025-04-06 22:10:00+00:00,SELL,session_breakout,3029.9118878675504,3058.65,2986.804719668876,1.5,0.8699249235572153,0.2334278571428581,0.19439820387823062,0.5273385617615741,-1.793882739187784,-2.3212213009493583,-0.09284885203797433,TIMEOUT,10158.206467496806,7.780928571428603,59.0,30.867940395220437
XAUUSDm,grid_thai_21_23_rr1.5_body1.8_wick0.3_close20_extOff_ema20_50_atrMinOff_atrMax90,momentum,2025-04-09 14:15:00+00:00,2025-04-09 14:20:00+00:00,2025-04-09 15:00:00+00:00,BUY,session_breakout,3081.246857142856,3067.565,3101.7696428571394,1.5,1.8272373215835154,0.1806021428571408,0.15355607142671152,1.1235338508766672,-25.0,-26.12353385087667,-1.0449413540350667,SL,10132.08293364593,6.02007142857136,68.0,34.91956881585893
XAUUSDm,grid_thai_21_23_rr1.5_body1.8_wick0.3_close20_extOff_ema20_50_atrMinOff_atrMax90,momentum,2025-04-10 15:35:00+00:00,2025-04-10 15:40:00+00:00,2025-04-11 00:40:00+00:00,BUY,session_breakout,3174.5218691874543,3148.496,3213.5606729686356,1.5,0.9605827117601624,0.17182500000000184,0.06695668745413368,0.6136281651292049,37.5,36.88637183487079,1.4754548733948318,TP,10168.969305480801,5.727500000000061,77.0,22.65349028004977
XAUUSDm,grid_thai_21_23_rr1.5_body1.8_wick0.3_close20_extOff_ema20_50_atrMinOff_atrMax90,momentum,2025-04-16 15:50:00+00:00,2025-04-16 15:55:00+00:00,2025-04-17 03:55:00+00:00,BUY,session_breakout,3328.227400313613,3305.294,3362.627500784033,1.5,1.0901130952290599,0.1357521428571421,0.0835242421845755,0.7274103827892298,17.815281928216876,17.087871545427646,0.6835148618171059,TIMEOUT,10186.057177026229,4.525071428571404,50.0,30.685435915508457
XAUUSDm,grid_thai_21_23_rr1.5_body1.8_wick0.3_close20_extOff_ema20_50_atrMinOff_atrMax90,momentum,2025-07-15 15:30:00+00:00,2025-07-15 15:35:00+00:00,2025-07-16 03:35:00+00:00,SELL,session_breakout,3326.066122654749,3349.939,3290.256806636873,1.5,1.047213523466346,0.10841999999999903,0.06066734525110697,0.6974703998112444,-8.50115093778808,-9.198621337599324,-0.367944853503973,TIMEOUT,10176.85855568863,3.613999999999968,73.0,26.608327003519747
XAUUSDm,grid_thai_21_23_rr1.5_body1.8_wick0.3_close20_extOff_ema20_50_atrMinOff_atrMax90,momentum,2025-07-23 15:55:00+00:00,2025-07-23 16:00:00+00:00,2025-07-24 04:00:00+00:00,SELL,session_breakout,3397.971109273133,3415.874,3371.116773182833,1.5,1.3964225320597423,0.09310928571428284,0.08833608400997388,0.9471970494538532,18.036346015549142,17.08914896609529,0.6835659586438116,TIMEOUT,10193.947704654725,3.1036428571427614,77.0,23.71532504577227
XAUUSDm,grid_thai_21_23_rr1.5_body1.8_wick0.3_close20_extOff_ema20_50_atrMinOff_atrMax90,momentum,2025-09-08 15:00:00+00:00,2025-09-08 15:05:00+00:00,2025-09-08 22:30:00+00:00,BUY,session_breakout,3644.346880277029,3628.87,3667.5622006925723,1.5,1.6153126180800943,0.11503928571428365,0.08636063417157988,1.1748519000744624,-25.0,-26.17485190007446,-1.0469940760029786,SL,10167.772852754651,3.8346428571427884,85.0,46.48701540108188
XAUUSDm,grid_thai_21_23_rr1.5_body1.8_wick0.3_close20_extOff_ema20_50_atrMinOff_atrMax90,momentum,2025-09-15 15:45:00+00:00,2025-09-15 15:50:00+00:00,2025-09-16 03:50:00+00:00,BUY,session_breakout,3673.75097031879,3663.164,3689.6314257969752,1.5,2.3613932265049806,0.06684214285714137,0.05854924736127704,1.7368479245815576,18.13793146179198,16.401083537210422,0.6560433414884169,TIMEOUT,10184.173936291862,2.2280714285713787,41.0,26.973942601022724
XAUUSDm,grid_thai_21_23_rr1.5_body1.8_wick0.3_close20_extOff_ema20_50_atrMinOff_atrMax90,momentum,2025-09-24 15:30:00+00:00,2025-09-24 15:35:00+00:00,2025-09-24 18:05:00+00:00,SELL,session_breakout,3745.7969543755967,3756.584,3729.6163859389917,1.5,2.317594721528141,0.12161999999999774,0.07423562440296463,1.732497849875414,37.500000000000526,35.76750215012511,1.4307000860050045,TP,10219.941438441987,4.053999999999925,86.0,31.755852149907987
XAUUSDm,grid_thai_21_23_rr1.5_body1.8_wick0.3_close20_extOff_ema20_50_atrMinOff_atrMax90,momentum,2025-10-16 15:50:00+00:00,2025-10-16 15:55:00+00:00,2025-10-16 16:15:00+00:00,BUY,session_breakout,4275.775352625497,4266.512,4289.670381563744,1.5,2.698806901853955,0.1421721428571501,0.06526655406852806,2.311648406488544,37.5,35.188351593511456,1.4075340637404583,TP,10255.129790035498,4.739071428571671,62.0,22.457971902325014
XAUUSDm,grid_thai_21_23_rr1.5_body1.8_wick0.3_close20_extOff_ema20_50_atrMinOff_atrMax90,momentum,2026-04-09 15:30:00+00:00,2026-04-09 15:35:00+00:00,2026-04-09 20:42:00+00:00,BUY,session_breakout,4792.335001132509,4761.204,4839.031502831273,1.5,0.8030580158211809,0.2718385714285718,0.18708184679545387,0.7672046074319739,-25.0,-25.767204607431974,-1.030688184297279,SL,10229.362585428067,9.061285714285727,87.0,25.550615190377606
XAUUSDm,grid_thai_21_23_rr1.5_body1.8_wick0.3_close20_extOff_ema20_50_atrMin30_atrMax90,momentum,2025-01-02 15:45:00+00:00,2025-01-02 15:50:00+00:00,2025-01-03 03:50:00+00:00,BUY,session_breakout,2654.187852362225,2646.522,2665.686630905562,1.5,3.2612159507783436,0.07665428571428556,0.06452521936770146,1.7339467293168087,27.70777219648044,25.973825467163632,1.0389530186865452,TIMEOUT,10025.973825467163,2.5551428571428523,72.0,20.964743866285275
XAUUSDm,grid_thai_21_23_rr1.5_body1.8_wick0.3_close20_extOff_ema20_50_atrMin30_atrMax90,momentum,2025-01-21 14:55:00+00:00,2025-01-21 15:00:00+00:00,2025-01-22 03:00:00+00:00,BUY,session_breakout,2738.1903386182,2728.538,2752.6688465454995,1.5,2.5900458934233517,0.07075285714285819,0.04296218962845767,1.4212336397605596,28.259113706464642,26.837880066704084,1.0735152026681634,TIMEOUT,10052.811705533866,2.358428571428606,78.0,19.53074948750955
XAUUSDm,grid_thai_21_23_rr1.5_body1.8_wick0.3_close20_extOff_ema20_50_atrMin30_atrMax90,momentum,2025-01-30 15:50:00+00:00,2025-01-30 15:55:00+00:00,2025-01-31 03:55:00+00:00,BUY,session_breakout,2795.3858927142396,2786.996,2807.970731785599,1.5,2.9797758864746164,0.06844499999999958,0.061670214239833814,1.666242669356081,3.1797405583900913,1.5134978890340103,0.06053991556136041,TIMEOUT,10054.3252034229,2.281499999999986,84.0,50.393268437493575
XAUUSDm,grid_thai_21_23_rr1.5_body1.8_wick0.3_close20_extOff_ema20_50_atrMin30_atrMax90,momentum,2025-02-03 14:05:00+00:00,2025-02-03 14:10:00+00:00,2025-02-03 14:45:00+00:00,BUY,session_breakout,2812.8864698534603,2808.133,2820.016674633651,1.5,5.259315988256479,0.06479785714285624,0.05107092488894559,2.9625217568101263,37.4999999999988,34.53747824318867,1.381499129727547,TP,10088.862681666089,2.159928571428541,67.0,42.13606719284656
XAUUSDm,grid_thai_21_23_rr1.5_body1.8_wick0.3_close20_extOff_ema20_50_atrMin30_atrMax90,momentum,2025-02-06 14:05:00+00:00,2025-02-06 14:10:00+00:00,2025-02-06 14:55:00+00:00,SELL,session_breakout,2854.9073313121303,2863.802,2841.5653282803255,1.5,2.8106724238187613,0.08161071428571437,0.029863330727166015,1.6010918617354033,37.5,35.898908138264595,1.4359563255305838,TP,10124.761589804353,2.7203571428571456,87.0,20.36370759740473
XAUUSDm,grid_thai_21_23_rr1.5_body1.8_wick0.3_close20_extOff_ema20_50_atrMin30_atrMax90,momentum,2025-03-13 14:35:00+00:00,2025-03-13 14:40:00+00:00,2025-03-13 14:50:00+00:00,BUY,session_breakout,2957.9382082111088,2949.39,2970.7605205277723,1.5,2.924589502570968,0.07768928571428595,0.07636356825217182,1.7339010065975577,37.50000000000067,35.76609899340311,1.4306439597361245,TP,10160.527688797756,2.589642857142865,81.0,21.400382894376712
XAUUSDm,grid_thai_21_23_rr1.5_body1.8_wick0.3_close20_extOff_ema20_50_atrMin30_atrMax90,momentum,2025-04-04 14:45:00+00:00,2025-04-04 14:50:00+00:00,2025-04-06 22:10:00+00:00,SELL,session_breakout,3029.9118878675504,3058.65,2986.804719668876,1.5,0.8699249235572153,0.2334278571428581,0.19439820387823062,0.5273385617615741,-1.793882739187784,-2.3212213009493583,-0.09284885203797433,TIMEOUT,10158.206467496806,7.780928571428603,59.0,30.867940395220437
XAUUSDm,grid_thai_21_23_rr1.5_body1.8_wick0.3_close20_extOff_ema20_50_atrMin30_atrMax90,momentum,2025-04-09 14:15:00+00:00,2025-04-09 14:20:00+00:00,2025-04-09 15:00:00+00:00,BUY,session_breakout,3081.246857142856,3067.565,3101.7696428571394,1.5,1.8272373215835154,0.1806021428571408,0.15355607142671152,1.1235338508766672,-25.0,-26.12353385087667,-1.0449413540350667,SL,10132.08293364593,6.02007142857136,68.0,34.91956881585893
XAUUSDm,grid_thai_21_23_rr1.5_body1.8_wick0.3_close20_extOff_ema20_50_atrMin30_atrMax90,momentum,2025-04-10 15:35:00+00:00,2025-04-10 15:40:00+00:00,2025-04-11 00:40:00+00:00,BUY,session_breakout,3174.5218691874543,3148.496,3213.5606729686356,1.5,0.9605827117601624,0.17182500000000184,0.06695668745413368,0.6136281651292049,37.5,36.88637183487079,1.4754548733948318,TP,10168.969305480801,5.727500000000061,77.0,22.65349028004977
XAUUSDm,grid_thai_21_23_rr1.5_body1.8_wick0.3_close20_extOff_ema20_50_atrMin30_atrMax90,momentum,2025-04-16 15:50:00+00:00,2025-04-16 15:55:00+00:00,2025-04-17 03:55:00+00:00,BUY,session_breakout,3328.227400313613,3305.294,3362.627500784033,1.5,1.0901130952290599,0.1357521428571421,0.0835242421845755,0.7274103827892298,17.815281928216876,17.087871545427646,0.6835148618171059,TIMEOUT,10186.057177026229,4.525071428571404,50.0,30.685435915508457
XAUUSDm,grid_thai_21_23_rr1.5_body1.8_wick0.3_close20_extOff_ema20_50_atrMin30_atrMax90,momentum,2025-07-15 15:30:00+00:00,2025-07-15 15:35:00+00:00,2025-07-16 03:35:00+00:00,SELL,session_breakout,3326.066122654749,3349.939,3290.256806636873,1.5,1.047213523466346,0.10841999999999903,0.06066734525110697,0.6974703998112444,-8.50115093778808,-9.198621337599324,-0.367944853503973,TIMEOUT,10176.85855568863,3.613999999999968,73.0,26.608327003519747
XAUUSDm,grid_thai_21_23_rr1.5_body1.8_wick0.3_close20_extOff_ema20_50_atrMin30_atrMax90,momentum,2025-07-23 15:55:00+00:00,2025-07-23 16:00:00+00:00,2025-07-24 04:00:00+00:00,SELL,session_breakout,3397.971109273133,3415.874,3371.116773182833,1.5,1.3964225320597423,0.09310928571428284,0.08833608400997388,0.9471970494538532,18.036346015549142,17.08914896609529,0.6835659586438116,TIMEOUT,10193.947704654725,3.1036428571427614,77.0,23.71532504577227
XAUUSDm,grid_thai_21_23_rr1.5_body1.8_wick0.3_close20_extOff_ema20_50_atrMin30_atrMax90,momentum,2025-09-08 15:00:00+00:00,2025-09-08 15:05:00+00:00,2025-09-08 22:30:00+00:00,BUY,session_breakout,3644.346880277029,3628.87,3667.5622006925723,1.5,1.6153126180800943,0.11503928571428365,0.08636063417157988,1.1748519000744624,-25.0,-26.17485190007446,-1.0469940760029786,SL,10167.772852754651,3.8346428571427884,85.0,46.48701540108188
XAUUSDm,grid_thai_21_23_rr1.5_body1.8_wick0.3_close20_extOff_ema20_50_atrMin30_atrMax90,momentum,2025-09-15 15:45:00+00:00,2025-09-15 15:50:00+00:00,2025-09-16 03:50:00+00:00,BUY,session_breakout,3673.75097031879,3663.164,3689.6314257969752,1.5,2.3613932265049806,0.06684214285714137,0.05854924736127704,1.7368479245815576,18.13793146179198,16.401083537210422,0.6560433414884169,TIMEOUT,10184.173936291862,2.2280714285713787,41.0,26.973942601022724
XAUUSDm,grid_thai_21_23_rr1.5_body1.8_wick0.3_close20_extOff_ema20_50_atrMin30_atrMax90,momentum,2025-09-24 15:30:00+00:00,2025-09-24 15:35:00+00:00,2025-09-24 18:05:00+00:00,SELL,session_breakout,3745.7969543755967,3756.584,3729.6163859389917,1.5,2.317594721528141,0.12161999999999774,0.07423562440296463,1.732497849875414,37.500000000000526,35.76750215012511,1.4307000860050045,TP,10219.941438441987,4.053999999999925,86.0,31.755852149907987
XAUUSDm,grid_thai_21_23_rr1.5_body1.8_wick0.3_close20_extOff_ema20_50_atrMin30_atrMax90,momentum,2025-10-16 15:50:00+00:00,2025-10-16 15:55:00+00:00,2025-10-16 16:15:00+00:00,BUY,session_breakout,4275.775352625497,4266.512,4289.670381563744,1.5,2.698806901853955,0.1421721428571501,0.06526655406852806,2.311648406488544,37.5,35.188351593511456,1.4075340637404583,TP,10255.129790035498,4.739071428571671,62.0,22.457971902325014
XAUUSDm,grid_thai_21_23_rr1.5_body1.8_wick0.3_close20_extOff_ema20_50_atrMin30_atrMax90,momentum,2026-04-09 15:30:00+00:00,2026-04-09 15:35:00+00:00,2026-04-09 20:42:00+00:00,BUY,session_breakout,4792.335001132509,4761.204,4839.031502831273,1.5,0.8030580158211809,0.2718385714285718,0.18708184679545387,0.7672046074319739,-25.0,-25.767204607431974,-1.030688184297279,SL,10229.362585428067,9.061285714285727,87.0,25.550615190377606
XAUUSDm,grid_thai_21_23_rr1.5_body1.8_wick0.3_close20_extOff_ema20_50_atrMin40_atrMax90,momentum,2025-01-02 15:45:00+00:00,2025-01-02 15:50:00+00:00,2025-01-03 03:50:00+00:00,BUY,session_breakout,2654.187852362225,2646.522,2665.686630905562,1.5,3.2612159507783436,0.07665428571428556,0.06452521936770146,1.7339467293168087,27.70777219648044,25.973825467163632,1.0389530186865452,TIMEOUT,10025.973825467163,2.5551428571428523,72.0,20.964743866285275
XAUUSDm,grid_thai_21_23_rr1.5_body1.8_wick0.3_close20_extOff_ema20_50_atrMin40_atrMax90,momentum,2025-01-21 14:55:00+00:00,2025-01-21 15:00:00+00:00,2025-01-22 03:00:00+00:00,BUY,session_breakout,2738.1903386182,2728.538,2752.6688465454995,1.5,2.5900458934233517,0.07075285714285819,0.04296218962845767,1.4212336397605596,28.259113706464642,26.837880066704084,1.0735152026681634,TIMEOUT,10052.811705533866,2.358428571428606,78.0,19.53074948750955
XAUUSDm,grid_thai_21_23_rr1.5_body1.8_wick0.3_close20_extOff_ema20_50_atrMin40_atrMax90,momentum,2025-01-30 15:50:00+00:00,2025-01-30 15:55:00+00:00,2025-01-31 03:55:00+00:00,BUY,session_breakout,2795.3858927142396,2786.996,2807.970731785599,1.5,2.9797758864746164,0.06844499999999958,0.061670214239833814,1.666242669356081,3.1797405583900913,1.5134978890340103,0.06053991556136041,TIMEOUT,10054.3252034229,2.281499999999986,84.0,50.393268437493575
XAUUSDm,grid_thai_21_23_rr1.5_body1.8_wick0.3_close20_extOff_ema20_50_atrMin40_atrMax90,momentum,2025-02-03 14:05:00+00:00,2025-02-03 14:10:00+00:00,2025-02-03 14:45:00+00:00,BUY,session_breakout,2812.8864698534603,2808.133,2820.016674633651,1.5,5.259315988256479,0.06479785714285624,0.05107092488894559,2.9625217568101263,37.4999999999988,34.53747824318867,1.381499129727547,TP,10088.862681666089,2.159928571428541,67.0,42.13606719284656
XAUUSDm,grid_thai_21_23_rr1.5_body1.8_wick0.3_close20_extOff_ema20_50_atrMin40_atrMax90,momentum,2025-02-06 14:05:00+00:00,2025-02-06 14:10:00+00:00,2025-02-06 14:55:00+00:00,SELL,session_breakout,2854.9073313121303,2863.802,2841.5653282803255,1.5,2.8106724238187613,0.08161071428571437,0.029863330727166015,1.6010918617354033,37.5,35.898908138264595,1.4359563255305838,TP,10124.761589804353,2.7203571428571456,87.0,20.36370759740473
XAUUSDm,grid_thai_21_23_rr1.5_body1.8_wick0.3_close20_extOff_ema20_50_atrMin40_atrMax90,momentum,2025-03-13 14:35:00+00:00,2025-03-13 14:40:00+00:00,2025-03-13 14:50:00+00:00,BUY,session_breakout,2957.9382082111088,2949.39,2970.7605205277723,1.5,2.924589502570968,0.07768928571428595,0.07636356825217182,1.7339010065975577,37.50000000000067,35.76609899340311,1.4306439597361245,TP,10160.527688797756,2.589642857142865,81.0,21.400382894376712
XAUUSDm,grid_thai_21_23_rr1.5_body1.8_wick0.3_close20_extOff_ema20_50_atrMin40_atrMax90,momentum,2025-04-04 14:45:00+00:00,2025-04-04 14:50:00+00:00,2025-04-06 22:10:00+00:00,SELL,session_breakout,3029.9118878675504,3058.65,2986.804719668876,1.5,0.8699249235572153,0.2334278571428581,0.19439820387823062,0.5273385617615741,-1.793882739187784,-2.3212213009493583,-0.09284885203797433,TIMEOUT,10158.206467496806,7.780928571428603,59.0,30.867940395220437
XAUUSDm,grid_thai_21_23_rr1.5_body1.8_wick0.3_close20_extOff_ema20_50_atrMin40_atrMax90,momentum,2025-04-09 14:15:00+00:00,2025-04-09 14:20:00+00:00,2025-04-09 15:00:00+00:00,BUY,session_breakout,3081.246857142856,3067.565,3101.7696428571394,1.5,1.8272373215835154,0.1806021428571408,0.15355607142671152,1.1235338508766672,-25.0,-26.12353385087667,-1.0449413540350667,SL,10132.08293364593,6.02007142857136,68.0,34.91956881585893
XAUUSDm,grid_thai_21_23_rr1.5_body1.8_wick0.3_close20_extOff_ema20_50_atrMin40_atrMax90,momentum,2025-04-10 15:35:00+00:00,2025-04-10 15:40:00+00:00,2025-04-11 00:40:00+00:00,BUY,session_breakout,3174.5218691874543,3148.496,3213.5606729686356,1.5,0.9605827117601624,0.17182500000000184,0.06695668745413368,0.6136281651292049,37.5,36.88637183487079,1.4754548733948318,TP,10168.969305480801,5.727500000000061,77.0,22.65349028004977
XAUUSDm,grid_thai_21_23_rr1.5_body1.8_wick0.3_close20_extOff_ema20_50_atrMin40_atrMax90,momentum,2025-04-16 15:50:00+00:00,2025-04-16 15:55:00+00:00,2025-04-17 03:55:00+00:00,BUY,session_breakout,3328.227400313613,3305.294,3362.627500784033,1.5,1.0901130952290599,0.1357521428571421,0.0835242421845755,0.7274103827892298,17.815281928216876,17.087871545427646,0.6835148618171059,TIMEOUT,10186.057177026229,4.525071428571404,50.0,30.685435915508457
XAUUSDm,grid_thai_21_23_rr1.5_body1.8_wick0.3_close20_extOff_ema20_50_atrMin40_atrMax90,momentum,2025-07-15 15:30:00+00:00,2025-07-15 15:35:00+00:00,2025-07-16 03:35:00+00:00,SELL,session_breakout,3326.066122654749,3349.939,3290.256806636873,1.5,1.047213523466346,0.10841999999999903,0.06066734525110697,0.6974703998112444,-8.50115093778808,-9.198621337599324,-0.367944853503973,TIMEOUT,10176.85855568863,3.613999999999968,73.0,26.608327003519747
XAUUSDm,grid_thai_21_23_rr1.5_body1.8_wick0.3_close20_extOff_ema20_50_atrMin40_atrMax90,momentum,2025-07-23 15:55:00+00:00,2025-07-23 16:00:00+00:00,2025-07-24 04:00:00+00:00,SELL,session_breakout,3397.971109273133,3415.874,3371.116773182833,1.5,1.3964225320597423,0.09310928571428284,0.08833608400997388,0.9471970494538532,18.036346015549142,17.08914896609529,0.6835659586438116,TIMEOUT,10193.947704654725,3.1036428571427614,77.0,23.71532504577227
XAUUSDm,grid_thai_21_23_rr1.5_body1.8_wick0.3_close20_extOff_ema20_50_atrMin40_atrMax90,momentum,2025-09-08 15:00:00+00:00,2025-09-08 15:05:00+00:00,2025-09-08 22:30:00+00:00,BUY,session_breakout,3644.346880277029,3628.87,3667.5622006925723,1.5,1.6153126180800943,0.11503928571428365,0.08636063417157988,1.1748519000744624,-25.0,-26.17485190007446,-1.0469940760029786,SL,10167.772852754651,3.8346428571427884,85.0,46.48701540108188
XAUUSDm,grid_thai_21_23_rr1.5_body1.8_wick0.3_close20_extOff_ema20_50_atrMin40_atrMax90,momentum,2025-09-15 15:45:00+00:00,2025-09-15 15:50:00+00:00,2025-09-16 03:50:00+00:00,BUY,session_breakout,3673.75097031879,3663.164,3689.6314257969752,1.5,2.3613932265049806,0.06684214285714137,0.05854924736127704,1.7368479245815576,18.13793146179198,16.401083537210422,0.6560433414884169,TIMEOUT,10184.173936291862,2.2280714285713787,41.0,26.973942601022724
XAUUSDm,grid_thai_21_23_rr1.5_body1.8_wick0.3_close20_extOff_ema20_50_atrMin40_atrMax90,momentum,2025-09-24 15:30:00+00:00,2025-09-24 15:35:00+00:00,2025-09-24 18:05:00+00:00,SELL,session_breakout,3745.7969543755967,3756.584,3729.6163859389917,1.5,2.317594721528141,0.12161999999999774,0.07423562440296463,1.732497849875414,37.500000000000526,35.76750215012511,1.4307000860050045,TP,10219.941438441987,4.053999999999925,86.0,31.755852149907987
XAUUSDm,grid_thai_21_23_rr1.5_body1.8_wick0.3_close20_extOff_ema20_50_atrMin40_atrMax90,momentum,2025-10-16 15:50:00+00:00,2025-10-16 15:55:00+00:00,2025-10-16 16:15:00+00:00,BUY,session_breakout,4275.775352625497,4266.512,4289.670381563744,1.5,2.698806901853955,0.1421721428571501,0.06526655406852806,2.311648406488544,37.5,35.188351593511456,1.4075340637404583,TP,10255.129790035498,4.739071428571671,62.0,22.457971902325014
XAUUSDm,grid_thai_21_23_rr1.5_body1.8_wick0.3_close20_extOff_ema20_50_atrMin40_atrMax90,momentum,2026-04-09 15:30:00+00:00,2026-04-09 15:35:00+00:00,2026-04-09 20:42:00+00:00,BUY,session_breakout,4792.335001132509,4761.204,4839.031502831273,1.5,0.8030580158211809,0.2718385714285718,0.18708184679545387,0.7672046074319739,-25.0,-25.767204607431974,-1.030688184297279,SL,10229.362585428067,9.061285714285727,87.0,25.550615190377606
XAUUSDm,grid_thai_20_22_rr2_body1.8_wick0.5_close20_ext2_ema20_50_atrMin50_atrMax90,momentum,2025-02-03 14:05:00+00:00,2025-02-03 14:10:00+00:00,2025-02-03 14:45:00+00:00,BUY,session_breakout,2812.889943771143,2808.133,2822.4038313134292,2.0,5.255475196418445,0.06479785714285624,0.05454484257128204,2.961614665948823,50.0,47.03838533405118,1.8815354133620472,TP,10047.038385334052,2.159928571428541,67.0,42.13606719284656
XAUUSDm,grid_thai_20_22_rr2_body1.8_wick0.5_close20_ext2_ema20_50_atrMin50_atrMax90,momentum,2025-02-24 13:35:00+00:00,2025-02-24 13:40:00+00:00,2025-02-24 14:25:00+00:00,BUY,session_breakout,2951.810751137254,2945.636,2964.1602534117624,2.0,4.048746167139833,0.0657064285714286,0.03989792296860436,2.387726492957822,-25.0,-27.38772649295782,-1.0955090597183128,SL,10019.650658841094,2.1902142857142866,81.0,18.844926960455723
XAUUSDm,grid_thai_20_22_rr2_body1.8_wick0.5_close20_ext2_ema20_50_atrMin50_atrMax90,momentum,2026-03-20 13:30:00+00:00,2026-03-20 13:35:00+00:00,2026-03-20 14:18:00+00:00,SELL,session_breakout,4644.751202907386,4681.746,4570.761608722158,2.0,0.6757707019561178,0.32604642857143384,0.2937738783276079,0.6227573561600493,50.0,49.37724264383995,1.9750897057535979,TP,10069.027901484933,10.868214285714462,70.0,18.014851889985096
XAUUSDm,grid_thai_20_22_rr2_body1.8_wick0.4_close20_ext2_ema20_50_atrMin50_atrMax90,momentum,2025-02-03 14:05:00+00:00,2025-02-03 14:10:00+00:00,2025-02-03 14:45:00+00:00,BUY,session_breakout,2812.889943771143,2808.133,2822.4038313134292,2.0,5.255475196418445,0.06479785714285624,0.05454484257128204,2.961614665948823,50.0,47.03838533405118,1.8815354133620472,TP,10047.038385334052,2.159928571428541,67.0,42.13606719284656
XAUUSDm,grid_thai_20_22_rr2_body1.8_wick0.4_close20_ext2_ema20_50_atrMin50_atrMax90,momentum,2025-02-24 13:35:00+00:00,2025-02-24 13:40:00+00:00,2025-02-24 14:25:00+00:00,BUY,session_breakout,2951.810751137254,2945.636,2964.1602534117624,2.0,4.048746167139833,0.0657064285714286,0.03989792296860436,2.387726492957822,-25.0,-27.38772649295782,-1.0955090597183128,SL,10019.650658841094,2.1902142857142866,81.0,18.844926960455723
XAUUSDm,grid_thai_20_22_rr2_body1.8_wick0.4_close20_ext2_ema20_50_atrMin50_atrMax90,momentum,2026-03-20 13:30:00+00:00,2026-03-20 13:35:00+00:00,2026-03-20 14:18:00+00:00,SELL,session_breakout,4644.751202907386,4681.746,4570.761608722158,2.0,0.6757707019561178,0.32604642857143384,0.2937738783276079,0.6227573561600493,50.0,49.37724264383995,1.9750897057535979,TP,10069.027901484933,10.868214285714462,70.0,18.014851889985096
XAUUSDm,grid_thai_20_22_rr2_body1.8_wick0.3_close20_ext2_ema20_50_atrMin50_atrMax90,momentum,2025-02-03 14:05:00+00:00,2025-02-03 14:10:00+00:00,2025-02-03 14:45:00+00:00,BUY,session_breakout,2812.889943771143,2808.133,2822.4038313134292,2.0,5.255475196418445,0.06479785714285624,0.05454484257128204,2.961614665948823,50.0,47.03838533405118,1.8815354133620472,TP,10047.038385334052,2.159928571428541,67.0,42.13606719284656
XAUUSDm,grid_thai_20_22_rr2_body1.8_wick0.3_close20_ext2_ema20_50_atrMin50_atrMax90,momentum,2025-02-24 13:35:00+00:00,2025-02-24 13:40:00+00:00,2025-02-24 14:25:00+00:00,BUY,session_breakout,2951.810751137254,2945.636,2964.1602534117624,2.0,4.048746167139833,0.0657064285714286,0.03989792296860436,2.387726492957822,-25.0,-27.38772649295782,-1.0955090597183128,SL,10019.650658841094,2.1902142857142866,81.0,18.844926960455723
XAUUSDm,grid_thai_20_22_rr2_body1.8_wick0.3_close20_ext2_ema20_50_atrMin50_atrMax90,momentum,2026-03-20 13:30:00+00:00,2026-03-20 13:35:00+00:00,2026-03-20 14:18:00+00:00,SELL,session_breakout,4644.751202907386,4681.746,4570.761608722158,2.0,0.6757707019561178,0.32604642857143384,0.2937738783276079,0.6227573561600493,50.0,49.37724264383995,1.9750897057535979,TP,10069.027901484933,10.868214285714462,70.0,18.014851889985096
XAUUSDm,grid_thai_21_23_rr1.5_body1.8_wick0.5_close20_extOff_ema20_50_atrMin50_atrMax90,momentum,2025-01-02 15:45:00+00:00,2025-01-02 15:50:00+00:00,2025-01-03 03:50:00+00:00,BUY,session_breakout,2654.187852362225,2646.522,2665.686630905562,1.5,3.2612159507783436,0.07665428571428556,0.06452521936770146,1.7339467293168087,27.70777219648044,25.973825467163632,1.0389530186865452,TIMEOUT,10025.973825467163,2.5551428571428523,72.0,20.964743866285275
XAUUSDm,grid_thai_21_23_rr1.5_body1.8_wick0.5_close20_extOff_ema20_50_atrMin50_atrMax90,momentum,2025-01-21 14:55:00+00:00,2025-01-21 15:00:00+00:00,2025-01-22 03:00:00+00:00,BUY,session_breakout,2738.1903386182,2728.538,2752.6688465454995,1.5,2.5900458934233517,0.07075285714285819,0.04296218962845767,1.4212336397605596,28.259113706464642,26.837880066704084,1.0735152026681634,TIMEOUT,10052.811705533866,2.358428571428606,78.0,19.53074948750955
XAUUSDm,grid_thai_21_23_rr1.5_body1.8_wick0.5_close20_extOff_ema20_50_atrMin50_atrMax90,momentum,2025-01-30 15:50:00+00:00,2025-01-30 15:55:00+00:00,2025-01-31 03:55:00+00:00,BUY,session_breakout,2795.3858927142396,2786.996,2807.970731785599,1.5,2.9797758864746164,0.06844499999999958,0.061670214239833814,1.666242669356081,3.1797405583900913,1.5134978890340103,0.06053991556136041,TIMEOUT,10054.3252034229,2.281499999999986,84.0,50.393268437493575
XAUUSDm,grid_thai_21_23_rr1.5_body1.8_wick0.5_close20_extOff_ema20_50_atrMin50_atrMax90,momentum,2025-02-03 14:05:00+00:00,2025-02-03 14:10:00+00:00,2025-02-03 14:45:00+00:00,BUY,session_breakout,2812.8864698534603,2808.133,2820.016674633651,1.5,5.259315988256479,0.06479785714285624,0.05107092488894559,2.9625217568101263,37.4999999999988,34.53747824318867,1.381499129727547,TP,10088.862681666089,2.159928571428541,67.0,42.13606719284656
XAUUSDm,grid_thai_21_23_rr1.5_body1.8_wick0.5_close20_extOff_ema20_50_atrMin50_atrMax90,momentum,2025-02-06 14:05:00+00:00,2025-02-06 14:10:00+00:00,2025-02-06 14:55:00+00:00,SELL,session_breakout,2854.9073313121303,2863.802,2841.5653282803255,1.5,2.8106724238187613,0.08161071428571437,0.029863330727166015,1.6010918617354033,37.5,35.898908138264595,1.4359563255305838,TP,10124.761589804353,2.7203571428571456,87.0,20.36370759740473
XAUUSDm,grid_thai_21_23_rr1.5_body1.8_wick0.5_close20_extOff_ema20_50_atrMin50_atrMax90,momentum,2025-03-13 14:35:00+00:00,2025-03-13 14:40:00+00:00,2025-03-13 14:50:00+00:00,BUY,session_breakout,2957.9382082111088,2949.39,2970.7605205277723,1.5,2.924589502570968,0.07768928571428595,0.07636356825217182,1.7339010065975577,37.50000000000067,35.76609899340311,1.4306439597361245,TP,10160.527688797756,2.589642857142865,81.0,21.400382894376712
XAUUSDm,grid_thai_21_23_rr1.5_body1.8_wick0.5_close20_extOff_ema20_50_atrMin50_atrMax90,momentum,2025-04-04 14:45:00+00:00,2025-04-04 14:50:00+00:00,2025-04-06 22:10:00+00:00,SELL,session_breakout,3029.9118878675504,3058.65,2986.804719668876,1.5,0.8699249235572153,0.2334278571428581,0.19439820387823062,0.5273385617615741,-1.793882739187784,-2.3212213009493583,-0.09284885203797433,TIMEOUT,10158.206467496806,7.780928571428603,59.0,30.867940395220437
XAUUSDm,grid_thai_21_23_rr1.5_body1.8_wick0.5_close20_extOff_ema20_50_atrMin50_atrMax90,momentum,2025-04-09 14:15:00+00:00,2025-04-09 14:20:00+00:00,2025-04-09 15:00:00+00:00,BUY,session_breakout,3081.246857142856,3067.565,3101.7696428571394,1.5,1.8272373215835154,0.1806021428571408,0.15355607142671152,1.1235338508766672,-25.0,-26.12353385087667,-1.0449413540350667,SL,10132.08293364593,6.02007142857136,68.0,34.91956881585893
XAUUSDm,grid_thai_21_23_rr1.5_body1.8_wick0.5_close20_extOff_ema20_50_atrMin50_atrMax90,momentum,2025-04-10 15:35:00+00:00,2025-04-10 15:40:00+00:00,2025-04-11 00:40:00+00:00,BUY,session_breakout,3174.5218691874543,3148.496,3213.5606729686356,1.5,0.9605827117601624,0.17182500000000184,0.06695668745413368,0.6136281651292049,37.5,36.88637183487079,1.4754548733948318,TP,10168.969305480801,5.727500000000061,77.0,22.65349028004977
XAUUSDm,grid_thai_21_23_rr1.5_body1.8_wick0.5_close20_extOff_ema20_50_atrMin50_atrMax90,momentum,2025-04-16 15:50:00+00:00,2025-04-16 15:55:00+00:00,2025-04-17 03:55:00+00:00,BUY,session_breakout,3328.227400313613,3305.294,3362.627500784033,1.5,1.0901130952290599,0.1357521428571421,0.0835242421845755,0.7274103827892298,17.815281928216876,17.087871545427646,0.6835148618171059,TIMEOUT,10186.057177026229,4.525071428571404,50.0,30.685435915508457
XAUUSDm,grid_thai_21_23_rr1.5_body1.8_wick0.5_close20_extOff_ema20_50_atrMin50_atrMax90,momentum,2025-07-15 15:30:00+00:00,2025-07-15 15:35:00+00:00,2025-07-16 03:35:00+00:00,SELL,session_breakout,3326.066122654749,3349.939,3290.256806636873,1.5,1.047213523466346,0.10841999999999903,0.06066734525110697,0.6974703998112444,-8.50115093778808,-9.198621337599324,-0.367944853503973,TIMEOUT,10176.85855568863,3.613999999999968,73.0,26.608327003519747
XAUUSDm,grid_thai_21_23_rr1.5_body1.8_wick0.5_close20_extOff_ema20_50_atrMin50_atrMax90,momentum,2025-07-23 15:55:00+00:00,2025-07-23 16:00:00+00:00,2025-07-24 04:00:00+00:00,SELL,session_breakout,3397.971109273133,3415.874,3371.116773182833,1.5,1.3964225320597423,0.09310928571428284,0.08833608400997388,0.9471970494538532,18.036346015549142,17.08914896609529,0.6835659586438116,TIMEOUT,10193.947704654725,3.1036428571427614,77.0,23.71532504577227
XAUUSDm,grid_thai_21_23_rr1.5_body1.8_wick0.5_close20_extOff_ema20_50_atrMin50_atrMax90,momentum,2025-09-08 15:00:00+00:00,2025-09-08 15:05:00+00:00,2025-09-08 22:30:00+00:00,BUY,session_breakout,3644.346880277029,3628.87,3667.5622006925723,1.5,1.6153126180800943,0.11503928571428365,0.08636063417157988,1.1748519000744624,-25.0,-26.17485190007446,-1.0469940760029786,SL,10167.772852754651,3.8346428571427884,85.0,46.48701540108188
XAUUSDm,grid_thai_21_23_rr1.5_body1.8_wick0.5_close20_extOff_ema20_50_atrMin50_atrMax90,momentum,2025-09-15 15:50:00+00:00,2025-09-15 15:55:00+00:00,2025-09-16 03:55:00+00:00,BUY,session_breakout,3678.4086264209295,3663.389,3700.938066052324,1.5,1.6644888028082543,0.07385999999999869,0.0646964209293273,1.2249877959956492,4.538018294635438,3.3130304986397885,0.13252121994559155,TIMEOUT,10171.08588325329,2.4619999999999567,64.0,26.973942601022724
XAUUSDm,grid_thai_21_23_rr1.5_body1.8_wick0.5_close20_extOff_ema20_50_atrMin50_atrMax90,momentum,2025-09-24 15:30:00+00:00,2025-09-24 15:35:00+00:00,2025-09-24 18:05:00+00:00,SELL,session_breakout,3745.7969543755967,3756.584,3729.6163859389917,1.5,2.317594721528141,0.12161999999999774,0.07423562440296463,1.732497849875414,37.500000000000526,35.76750215012511,1.4307000860050045,TP,10206.853385403416,4.053999999999925,86.0,31.755852149907987
XAUUSDm,grid_thai_21_23_rr1.5_body1.8_wick0.5_close20_extOff_ema20_50_atrMin50_atrMax90,momentum,2025-10-16 15:50:00+00:00,2025-10-16 15:55:00+00:00,2025-10-16 16:15:00+00:00,BUY,session_breakout,4275.775352625497,4266.512,4289.670381563744,1.5,2.698806901853955,0.1421721428571501,0.06526655406852806,2.311648406488544,37.5,35.188351593511456,1.4075340637404583,TP,10242.041736996927,4.739071428571671,62.0,22.457971902325014
XAUUSDm,grid_thai_21_23_rr1.5_body1.8_wick0.5_close20_extOff_ema20_50_atrMin50_atrMax90,momentum,2026-04-09 15:30:00+00:00,2026-04-09 15:35:00+00:00,2026-04-09 20:42:00+00:00,BUY,session_breakout,4792.335001132509,4761.204,4839.031502831273,1.5,0.8030580158211809,0.2718385714285718,0.18708184679545387,0.7672046074319739,-25.0,-25.767204607431974,-1.030688184297279,SL,10216.274532389496,9.061285714285727,87.0,25.550615190377606
XAUUSDm,grid_thai_21_23_rr1.5_body1.8_wick0.4_close20_extOff_ema20_50_atrMin50_atrMax90,momentum,2025-01-02 15:45:00+00:00,2025-01-02 15:50:00+00:00,2025-01-03 03:50:00+00:00,BUY,session_breakout,2654.187852362225,2646.522,2665.686630905562,1.5,3.2612159507783436,0.07665428571428556,0.06452521936770146,1.7339467293168087,27.70777219648044,25.973825467163632,1.0389530186865452,TIMEOUT,10025.973825467163,2.5551428571428523,72.0,20.964743866285275
XAUUSDm,grid_thai_21_23_rr1.5_body1.8_wick0.4_close20_extOff_ema20_50_atrMin50_atrMax90,momentum,2025-01-21 14:55:00+00:00,2025-01-21 15:00:00+00:00,2025-01-22 03:00:00+00:00,BUY,session_breakout,2738.1903386182,2728.538,2752.6688465454995,1.5,2.5900458934233517,0.07075285714285819,0.04296218962845767,1.4212336397605596,28.259113706464642,26.837880066704084,1.0735152026681634,TIMEOUT,10052.811705533866,2.358428571428606,78.0,19.53074948750955
XAUUSDm,grid_thai_21_23_rr1.5_body1.8_wick0.4_close20_extOff_ema20_50_atrMin50_atrMax90,momentum,2025-01-30 15:50:00+00:00,2025-01-30 15:55:00+00:00,2025-01-31 03:55:00+00:00,BUY,session_breakout,2795.3858927142396,2786.996,2807.970731785599,1.5,2.9797758864746164,0.06844499999999958,0.061670214239833814,1.666242669356081,3.1797405583900913,1.5134978890340103,0.06053991556136041,TIMEOUT,10054.3252034229,2.281499999999986,84.0,50.393268437493575
XAUUSDm,grid_thai_21_23_rr1.5_body1.8_wick0.4_close20_extOff_ema20_50_atrMin50_atrMax90,momentum,2025-02-03 14:05:00+00:00,2025-02-03 14:10:00+00:00,2025-02-03 14:45:00+00:00,BUY,session_breakout,2812.8864698534603,2808.133,2820.016674633651,1.5,5.259315988256479,0.06479785714285624,0.05107092488894559,2.9625217568101263,37.4999999999988,34.53747824318867,1.381499129727547,TP,10088.862681666089,2.159928571428541,67.0,42.13606719284656
XAUUSDm,grid_thai_21_23_rr1.5_body1.8_wick0.4_close20_extOff_ema20_50_atrMin50_atrMax90,momentum,2025-02-06 14:05:00+00:00,2025-02-06 14:10:00+00:00,2025-02-06 14:55:00+00:00,SELL,session_breakout,2854.9073313121303,2863.802,2841.5653282803255,1.5,2.8106724238187613,0.08161071428571437,0.029863330727166015,1.6010918617354033,37.5,35.898908138264595,1.4359563255305838,TP,10124.761589804353,2.7203571428571456,87.0,20.36370759740473
XAUUSDm,grid_thai_21_23_rr1.5_body1.8_wick0.4_close20_extOff_ema20_50_atrMin50_atrMax90,momentum,2025-03-13 14:35:00+00:00,2025-03-13 14:40:00+00:00,2025-03-13 14:50:00+00:00,BUY,session_breakout,2957.9382082111088,2949.39,2970.7605205277723,1.5,2.924589502570968,0.07768928571428595,0.07636356825217182,1.7339010065975577,37.50000000000067,35.76609899340311,1.4306439597361245,TP,10160.527688797756,2.589642857142865,81.0,21.400382894376712
XAUUSDm,grid_thai_21_23_rr1.5_body1.8_wick0.4_close20_extOff_ema20_50_atrMin50_atrMax90,momentum,2025-04-04 14:45:00+00:00,2025-04-04 14:50:00+00:00,2025-04-06 22:10:00+00:00,SELL,session_breakout,3029.9118878675504,3058.65,2986.804719668876,1.5,0.8699249235572153,0.2334278571428581,0.19439820387823062,0.5273385617615741,-1.793882739187784,-2.3212213009493583,-0.09284885203797433,TIMEOUT,10158.206467496806,7.780928571428603,59.0,30.867940395220437
XAUUSDm,grid_thai_21_23_rr1.5_body1.8_wick0.4_close20_extOff_ema20_50_atrMin50_atrMax90,momentum,2025-04-09 14:15:00+00:00,2025-04-09 14:20:00+00:00,2025-04-09 15:00:00+00:00,BUY,session_breakout,3081.246857142856,3067.565,3101.7696428571394,1.5,1.8272373215835154,0.1806021428571408,0.15355607142671152,1.1235338508766672,-25.0,-26.12353385087667,-1.0449413540350667,SL,10132.08293364593,6.02007142857136,68.0,34.91956881585893
XAUUSDm,grid_thai_21_23_rr1.5_body1.8_wick0.4_close20_extOff_ema20_50_atrMin50_atrMax90,momentum,2025-04-10 15:35:00+00:00,2025-04-10 15:40:00+00:00,2025-04-11 00:40:00+00:00,BUY,session_breakout,3174.5218691874543,3148.496,3213.5606729686356,1.5,0.9605827117601624,0.17182500000000184,0.06695668745413368,0.6136281651292049,37.5,36.88637183487079,1.4754548733948318,TP,10168.969305480801,5.727500000000061,77.0,22.65349028004977
XAUUSDm,grid_thai_21_23_rr1.5_body1.8_wick0.4_close20_extOff_ema20_50_atrMin50_atrMax90,momentum,2025-04-16 15:50:00+00:00,2025-04-16 15:55:00+00:00,2025-04-17 03:55:00+00:00,BUY,session_breakout,3328.227400313613,3305.294,3362.627500784033,1.5,1.0901130952290599,0.1357521428571421,0.0835242421845755,0.7274103827892298,17.815281928216876,17.087871545427646,0.6835148618171059,TIMEOUT,10186.057177026229,4.525071428571404,50.0,30.685435915508457
XAUUSDm,grid_thai_21_23_rr1.5_body1.8_wick0.4_close20_extOff_ema20_50_atrMin50_atrMax90,momentum,2025-07-15 15:30:00+00:00,2025-07-15 15:35:00+00:00,2025-07-16 03:35:00+00:00,SELL,session_breakout,3326.066122654749,3349.939,3290.256806636873,1.5,1.047213523466346,0.10841999999999903,0.06066734525110697,0.6974703998112444,-8.50115093778808,-9.198621337599324,-0.367944853503973,TIMEOUT,10176.85855568863,3.613999999999968,73.0,26.608327003519747
XAUUSDm,grid_thai_21_23_rr1.5_body1.8_wick0.4_close20_extOff_ema20_50_atrMin50_atrMax90,momentum,2025-07-23 15:55:00+00:00,2025-07-23 16:00:00+00:00,2025-07-24 04:00:00+00:00,SELL,session_breakout,3397.971109273133,3415.874,3371.116773182833,1.5,1.3964225320597423,0.09310928571428284,0.08833608400997388,0.9471970494538532,18.036346015549142,17.08914896609529,0.6835659586438116,TIMEOUT,10193.947704654725,3.1036428571427614,77.0,23.71532504577227
XAUUSDm,grid_thai_21_23_rr1.5_body1.8_wick0.4_close20_extOff_ema20_50_atrMin50_atrMax90,momentum,2025-09-08 15:00:00+00:00,2025-09-08 15:05:00+00:00,2025-09-08 22:30:00+00:00,BUY,session_breakout,3644.346880277029,3628.87,3667.5622006925723,1.5,1.6153126180800943,0.11503928571428365,0.08636063417157988,1.1748519000744624,-25.0,-26.17485190007446,-1.0469940760029786,SL,10167.772852754651,3.8346428571427884,85.0,46.48701540108188
XAUUSDm,grid_thai_21_23_rr1.5_body1.8_wick0.4_close20_extOff_ema20_50_atrMin50_atrMax90,momentum,2025-09-15 15:50:00+00:00,2025-09-15 15:55:00+00:00,2025-09-16 03:55:00+00:00,BUY,session_breakout,3678.4086264209295,3663.389,3700.938066052324,1.5,1.6644888028082543,0.07385999999999869,0.0646964209293273,1.2249877959956492,4.538018294635438,3.3130304986397885,0.13252121994559155,TIMEOUT,10171.08588325329,2.4619999999999567,64.0,26.973942601022724
XAUUSDm,grid_thai_21_23_rr1.5_body1.8_wick0.4_close20_extOff_ema20_50_atrMin50_atrMax90,momentum,2025-09-24 15:30:00+00:00,2025-09-24 15:35:00+00:00,2025-09-24 18:05:00+00:00,SELL,session_breakout,3745.7969543755967,3756.584,3729.6163859389917,1.5,2.317594721528141,0.12161999999999774,0.07423562440296463,1.732497849875414,37.500000000000526,35.76750215012511,1.4307000860050045,TP,10206.853385403416,4.053999999999925,86.0,31.755852149907987
XAUUSDm,grid_thai_21_23_rr1.5_body1.8_wick0.4_close20_extOff_ema20_50_atrMin50_atrMax90,momentum,2025-10-16 15:50:00+00:00,2025-10-16 15:55:00+00:00,2025-10-16 16:15:00+00:00,BUY,session_breakout,4275.775352625497,4266.512,4289.670381563744,1.5,2.698806901853955,0.1421721428571501,0.06526655406852806,2.311648406488544,37.5,35.188351593511456,1.4075340637404583,TP,10242.041736996927,4.739071428571671,62.0,22.457971902325014
XAUUSDm,grid_thai_21_23_rr1.5_body1.8_wick0.4_close20_extOff_ema20_50_atrMin50_atrMax90,momentum,2026-04-09 15:30:00+00:00,2026-04-09 15:35:00+00:00,2026-04-09 20:42:00+00:00,BUY,session_breakout,4792.335001132509,4761.204,4839.031502831273,1.5,0.8030580158211809,0.2718385714285718,0.18708184679545387,0.7672046074319739,-25.0,-25.767204607431974,-1.030688184297279,SL,10216.274532389496,9.061285714285727,87.0,25.550615190377606
XAUUSDm,grid_thai_21_23_rr1.5_body1.8_wick0.3_close20_extOff_ema20_50_atrMin50_atrMax90,momentum,2025-01-02 15:45:00+00:00,2025-01-02 15:50:00+00:00,2025-01-03 03:50:00+00:00,BUY,session_breakout,2654.187852362225,2646.522,2665.686630905562,1.5,3.2612159507783436,0.07665428571428556,0.06452521936770146,1.7339467293168087,27.70777219648044,25.973825467163632,1.0389530186865452,TIMEOUT,10025.973825467163,2.5551428571428523,72.0,20.964743866285275
XAUUSDm,grid_thai_21_23_rr1.5_body1.8_wick0.3_close20_extOff_ema20_50_atrMin50_atrMax90,momentum,2025-01-21 14:55:00+00:00,2025-01-21 15:00:00+00:00,2025-01-22 03:00:00+00:00,BUY,session_breakout,2738.1903386182,2728.538,2752.6688465454995,1.5,2.5900458934233517,0.07075285714285819,0.04296218962845767,1.4212336397605596,28.259113706464642,26.837880066704084,1.0735152026681634,TIMEOUT,10052.811705533866,2.358428571428606,78.0,19.53074948750955
XAUUSDm,grid_thai_21_23_rr1.5_body1.8_wick0.3_close20_extOff_ema20_50_atrMin50_atrMax90,momentum,2025-01-30 15:50:00+00:00,2025-01-30 15:55:00+00:00,2025-01-31 03:55:00+00:00,BUY,session_breakout,2795.3858927142396,2786.996,2807.970731785599,1.5,2.9797758864746164,0.06844499999999958,0.061670214239833814,1.666242669356081,3.1797405583900913,1.5134978890340103,0.06053991556136041,TIMEOUT,10054.3252034229,2.281499999999986,84.0,50.393268437493575
XAUUSDm,grid_thai_21_23_rr1.5_body1.8_wick0.3_close20_extOff_ema20_50_atrMin50_atrMax90,momentum,2025-02-03 14:05:00+00:00,2025-02-03 14:10:00+00:00,2025-02-03 14:45:00+00:00,BUY,session_breakout,2812.8864698534603,2808.133,2820.016674633651,1.5,5.259315988256479,0.06479785714285624,0.05107092488894559,2.9625217568101263,37.4999999999988,34.53747824318867,1.381499129727547,TP,10088.862681666089,2.159928571428541,67.0,42.13606719284656
XAUUSDm,grid_thai_21_23_rr1.5_body1.8_wick0.3_close20_extOff_ema20_50_atrMin50_atrMax90,momentum,2025-02-06 14:05:00+00:00,2025-02-06 14:10:00+00:00,2025-02-06 14:55:00+00:00,SELL,session_breakout,2854.9073313121303,2863.802,2841.5653282803255,1.5,2.8106724238187613,0.08161071428571437,0.029863330727166015,1.6010918617354033,37.5,35.898908138264595,1.4359563255305838,TP,10124.761589804353,2.7203571428571456,87.0,20.36370759740473
XAUUSDm,grid_thai_21_23_rr1.5_body1.8_wick0.3_close20_extOff_ema20_50_atrMin50_atrMax90,momentum,2025-03-13 14:35:00+00:00,2025-03-13 14:40:00+00:00,2025-03-13 14:50:00+00:00,BUY,session_breakout,2957.9382082111088,2949.39,2970.7605205277723,1.5,2.924589502570968,0.07768928571428595,0.07636356825217182,1.7339010065975577,37.50000000000067,35.76609899340311,1.4306439597361245,TP,10160.527688797756,2.589642857142865,81.0,21.400382894376712
XAUUSDm,grid_thai_21_23_rr1.5_body1.8_wick0.3_close20_extOff_ema20_50_atrMin50_atrMax90,momentum,2025-04-04 14:45:00+00:00,2025-04-04 14:50:00+00:00,2025-04-06 22:10:00+00:00,SELL,session_breakout,3029.9118878675504,3058.65,2986.804719668876,1.5,0.8699249235572153,0.2334278571428581,0.19439820387823062,0.5273385617615741,-1.793882739187784,-2.3212213009493583,-0.09284885203797433,TIMEOUT,10158.206467496806,7.780928571428603,59.0,30.867940395220437
XAUUSDm,grid_thai_21_23_rr1.5_body1.8_wick0.3_close20_extOff_ema20_50_atrMin50_atrMax90,momentum,2025-04-09 14:15:00+00:00,2025-04-09 14:20:00+00:00,2025-04-09 15:00:00+00:00,BUY,session_breakout,3081.246857142856,3067.565,3101.7696428571394,1.5,1.8272373215835154,0.1806021428571408,0.15355607142671152,1.1235338508766672,-25.0,-26.12353385087667,-1.0449413540350667,SL,10132.08293364593,6.02007142857136,68.0,34.91956881585893
XAUUSDm,grid_thai_21_23_rr1.5_body1.8_wick0.3_close20_extOff_ema20_50_atrMin50_atrMax90,momentum,2025-04-10 15:35:00+00:00,2025-04-10 15:40:00+00:00,2025-04-11 00:40:00+00:00,BUY,session_breakout,3174.5218691874543,3148.496,3213.5606729686356,1.5,0.9605827117601624,0.17182500000000184,0.06695668745413368,0.6136281651292049,37.5,36.88637183487079,1.4754548733948318,TP,10168.969305480801,5.727500000000061,77.0,22.65349028004977
XAUUSDm,grid_thai_21_23_rr1.5_body1.8_wick0.3_close20_extOff_ema20_50_atrMin50_atrMax90,momentum,2025-04-16 15:50:00+00:00,2025-04-16 15:55:00+00:00,2025-04-17 03:55:00+00:00,BUY,session_breakout,3328.227400313613,3305.294,3362.627500784033,1.5,1.0901130952290599,0.1357521428571421,0.0835242421845755,0.7274103827892298,17.815281928216876,17.087871545427646,0.6835148618171059,TIMEOUT,10186.057177026229,4.525071428571404,50.0,30.685435915508457
XAUUSDm,grid_thai_21_23_rr1.5_body1.8_wick0.3_close20_extOff_ema20_50_atrMin50_atrMax90,momentum,2025-07-15 15:30:00+00:00,2025-07-15 15:35:00+00:00,2025-07-16 03:35:00+00:00,SELL,session_breakout,3326.066122654749,3349.939,3290.256806636873,1.5,1.047213523466346,0.10841999999999903,0.06066734525110697,0.6974703998112444,-8.50115093778808,-9.198621337599324,-0.367944853503973,TIMEOUT,10176.85855568863,3.613999999999968,73.0,26.608327003519747
XAUUSDm,grid_thai_21_23_rr1.5_body1.8_wick0.3_close20_extOff_ema20_50_atrMin50_atrMax90,momentum,2025-07-23 15:55:00+00:00,2025-07-23 16:00:00+00:00,2025-07-24 04:00:00+00:00,SELL,session_breakout,3397.971109273133,3415.874,3371.116773182833,1.5,1.3964225320597423,0.09310928571428284,0.08833608400997388,0.9471970494538532,18.036346015549142,17.08914896609529,0.6835659586438116,TIMEOUT,10193.947704654725,3.1036428571427614,77.0,23.71532504577227
XAUUSDm,grid_thai_21_23_rr1.5_body1.8_wick0.3_close20_extOff_ema20_50_atrMin50_atrMax90,momentum,2025-09-08 15:00:00+00:00,2025-09-08 15:05:00+00:00,2025-09-08 22:30:00+00:00,BUY,session_breakout,3644.346880277029,3628.87,3667.5622006925723,1.5,1.6153126180800943,0.11503928571428365,0.08636063417157988,1.1748519000744624,-25.0,-26.17485190007446,-1.0469940760029786,SL,10167.772852754651,3.8346428571427884,85.0,46.48701540108188
XAUUSDm,grid_thai_21_23_rr1.5_body1.8_wick0.3_close20_extOff_ema20_50_atrMin50_atrMax90,momentum,2025-09-15 15:50:00+00:00,2025-09-15 15:55:00+00:00,2025-09-16 03:55:00+00:00,BUY,session_breakout,3678.4086264209295,3663.389,3700.938066052324,1.5,1.6644888028082543,0.07385999999999869,0.0646964209293273,1.2249877959956492,4.538018294635438,3.3130304986397885,0.13252121994559155,TIMEOUT,10171.08588325329,2.4619999999999567,64.0,26.973942601022724
XAUUSDm,grid_thai_21_23_rr1.5_body1.8_wick0.3_close20_extOff_ema20_50_atrMin50_atrMax90,momentum,2025-09-24 15:30:00+00:00,2025-09-24 15:35:00+00:00,2025-09-24 18:05:00+00:00,SELL,session_breakout,3745.7969543755967,3756.584,3729.6163859389917,1.5,2.317594721528141,0.12161999999999774,0.07423562440296463,1.732497849875414,37.500000000000526,35.76750215012511,1.4307000860050045,TP,10206.853385403416,4.053999999999925,86.0,31.755852149907987
XAUUSDm,grid_thai_21_23_rr1.5_body1.8_wick0.3_close20_extOff_ema20_50_atrMin50_atrMax90,momentum,2025-10-16 15:50:00+00:00,2025-10-16 15:55:00+00:00,2025-10-16 16:15:00+00:00,BUY,session_breakout,4275.775352625497,4266.512,4289.670381563744,1.5,2.698806901853955,0.1421721428571501,0.06526655406852806,2.311648406488544,37.5,35.188351593511456,1.4075340637404583,TP,10242.041736996927,4.739071428571671,62.0,22.457971902325014
XAUUSDm,grid_thai_21_23_rr1.5_body1.8_wick0.3_close20_extOff_ema20_50_atrMin50_atrMax90,momentum,2026-04-09 15:30:00+00:00,2026-04-09 15:35:00+00:00,2026-04-09 20:42:00+00:00,BUY,session_breakout,4792.335001132509,4761.204,4839.031502831273,1.5,0.8030580158211809,0.2718385714285718,0.18708184679545387,0.7672046074319739,-25.0,-25.767204607431974,-1.030688184297279,SL,10216.274532389496,9.061285714285727,87.0,25.550615190377606
XAUUSDm,grid_thai_19_23_rr1.5_body1.8_wick0.5_close20_ext2_ema20_50_atrMin50_atrMax90,momentum,2025-02-03 14:05:00+00:00,2025-02-03 14:10:00+00:00,2025-02-03 14:45:00+00:00,BUY,session_breakout,2812.889943771143,2808.133,2820.0253594278574,1.5,5.255475196418445,0.06479785714285624,0.05454484257128204,2.960364665948823,37.499999999998806,34.53963533404998,1.3815854133619994,TP,10034.53963533405,2.159928571428541,67.0,42.13606719284656
XAUUSDm,grid_thai_19_23_rr1.5_body1.8_wick0.5_close20_ext2_ema20_50_atrMin50_atrMax90,momentum,2025-02-11 12:45:00+00:00,2025-02-11 12:50:00+00:00,2025-02-11 13:00:00+00:00,SELL,session_breakout,2896.7032076913347,2904.236,2885.404019228337,1.5,3.3188224201059895,0.08019428571428665,0.04869516580820749,1.9189787100157876,37.5,35.581021289984214,1.4232408515993686,TP,10070.120656624034,2.673142857142888,57.99999999999999,33.99080280425428
XAUUSDm,grid_thai_19_23_rr1.5_body1.8_wick0.5_close20_ext2_ema20_50_atrMin50_atrMax90,momentum,2025-02-24 13:35:00+00:00,2025-02-24 13:40:00+00:00,2025-02-24 14:25:00+00:00,BUY,session_breakout,2951.830055924884,2945.636,2961.1211398122105,1.5,4.0361275879935485,0.0657064285714286,0.05920271059879267,2.380292544757393,-25.0,-27.380292544757392,-1.0952117017902956,SL,10042.740364079276,2.1902142857142866,81.0,18.844926960455723
XAUUSDm,grid_thai_19_23_rr1.5_body1.8_wick0.5_close20_ext2_ema20_50_atrMin50_atrMax90,momentum,2025-04-02 12:25:00+00:00,2025-04-02 12:30:00+00:00,2025-04-02 13:50:00+00:00,BUY,session_breakout,3125.9463472622087,3117.046,3139.296868155522,1.5,2.8088791665635973,0.08566285714285543,0.06751583363737149,1.753581114124079,-25.0,-26.753581114124078,-1.070143244564963,SL,10015.986782965152,2.8554285714285146,72.0,23.02494613702874
XAUUSDm,grid_thai_19_23_rr1.5_body1.8_wick0.5_close20_ext2_ema20_50_atrMin50_atrMax90,momentum,2025-05-15 12:50:00+00:00,2025-05-15 12:55:00+00:00,2025-05-15 14:10:00+00:00,BUY,session_breakout,3188.6147451790384,3177.747,3204.916362947596,1.5,2.300385184612104,0.1302021428571457,0.04764410760964611,1.470758423849112,37.499999999999474,36.02924157615036,1.4411696630460145,TP,10052.016024541303,4.340071428571524,65.0,28.573355861432
XAUUSDm,grid_thai_19_23_rr1.5_body1.8_wick0.5_close20_ext2_ema20_50_atrMin50_atrMax90,momentum,2025-10-16 15:50:00+00:00,2025-10-16 15:55:00+00:00,2025-10-16 16:20:00+00:00,BUY,session_breakout,4275.849832138532,4266.512,4289.856580346332,1.5,2.6772809394203465,0.1421721428571501,0.13974606710321574,2.2932802510816366,37.500000000001215,35.20671974891958,1.4082687899567832,TP,10087.222744290222,4.739071428571671,62.0,22.457971902325014
XAUUSDm,grid_thai_19_23_rr1.5_body1.8_wick0.5_close20_ext2_ema20_50_atrMin50_atrMax90,momentum,2026-03-20 13:30:00+00:00,2026-03-20 13:35:00+00:00,2026-03-20 14:14:00+00:00,SELL,session_breakout,4644.773446040108,4681.746,4589.314615100269,1.5,0.6761772537304299,0.32604642857143384,0.2715307456059462,0.6243880305886851,37.500000000000306,36.87561196941162,1.475024478776465,TP,10124.098356259634,10.868214285714462,70.0,18.014851889985096
XAUUSDm,grid_thai_19_23_rr1.5_body1.8_wick0.4_close20_ext2_ema20_50_atrMin50_atrMax90,momentum,2025-02-03 14:05:00+00:00,2025-02-03 14:10:00+00:00,2025-02-03 14:45:00+00:00,BUY,session_breakout,2812.889943771143,2808.133,2820.0253594278574,1.5,5.255475196418445,0.06479785714285624,0.05454484257128204,2.960364665948823,37.499999999998806,34.53963533404998,1.3815854133619994,TP,10034.53963533405,2.159928571428541,67.0,42.13606719284656
XAUUSDm,grid_thai_19_23_rr1.5_body1.8_wick0.4_close20_ext2_ema20_50_atrMin50_atrMax90,momentum,2025-02-11 12:45:00+00:00,2025-02-11 12:50:00+00:00,2025-02-11 13:00:00+00:00,SELL,session_breakout,2896.7032076913347,2904.236,2885.404019228337,1.5,3.3188224201059895,0.08019428571428665,0.04869516580820749,1.9189787100157876,37.5,35.581021289984214,1.4232408515993686,TP,10070.120656624034,2.673142857142888,57.99999999999999,33.99080280425428
XAUUSDm,grid_thai_19_23_rr1.5_body1.8_wick0.4_close20_ext2_ema20_50_atrMin50_atrMax90,momentum,2025-02-24 13:35:00+00:00,2025-02-24 13:40:00+00:00,2025-02-24 14:25:00+00:00,BUY,session_breakout,2951.830055924884,2945.636,2961.1211398122105,1.5,4.0361275879935485,0.0657064285714286,0.05920271059879267,2.380292544757393,-25.0,-27.380292544757392,-1.0952117017902956,SL,10042.740364079276,2.1902142857142866,81.0,18.844926960455723
XAUUSDm,grid_thai_19_23_rr1.5_body1.8_wick0.4_close20_ext2_ema20_50_atrMin50_atrMax90,momentum,2025-04-02 12:25:00+00:00,2025-04-02 12:30:00+00:00,2025-04-02 13:50:00+00:00,BUY,session_breakout,3125.9463472622087,3117.046,3139.296868155522,1.5,2.8088791665635973,0.08566285714285543,0.06751583363737149,1.753581114124079,-25.0,-26.753581114124078,-1.070143244564963,SL,10015.986782965152,2.8554285714285146,72.0,23.02494613702874
XAUUSDm,grid_thai_19_23_rr1.5_body1.8_wick0.4_close20_ext2_ema20_50_atrMin50_atrMax90,momentum,2025-05-15 12:50:00+00:00,2025-05-15 12:55:00+00:00,2025-05-15 14:10:00+00:00,BUY,session_breakout,3188.6147451790384,3177.747,3204.916362947596,1.5,2.300385184612104,0.1302021428571457,0.04764410760964611,1.470758423849112,37.499999999999474,36.02924157615036,1.4411696630460145,TP,10052.016024541303,4.340071428571524,65.0,28.573355861432
XAUUSDm,grid_thai_19_23_rr1.5_body1.8_wick0.4_close20_ext2_ema20_50_atrMin50_atrMax90,momentum,2025-10-16 15:50:00+00:00,2025-10-16 15:55:00+00:00,2025-10-16 16:20:00+00:00,BUY,session_breakout,4275.849832138532,4266.512,4289.856580346332,1.5,2.6772809394203465,0.1421721428571501,0.13974606710321574,2.2932802510816366,37.500000000001215,35.20671974891958,1.4082687899567832,TP,10087.222744290222,4.739071428571671,62.0,22.457971902325014
XAUUSDm,grid_thai_19_23_rr1.5_body1.8_wick0.4_close20_ext2_ema20_50_atrMin50_atrMax90,momentum,2026-03-20 13:30:00+00:00,2026-03-20 13:35:00+00:00,2026-03-20 14:14:00+00:00,SELL,session_breakout,4644.773446040108,4681.746,4589.314615100269,1.5,0.6761772537304299,0.32604642857143384,0.2715307456059462,0.6243880305886851,37.500000000000306,36.87561196941162,1.475024478776465,TP,10124.098356259634,10.868214285714462,70.0,18.014851889985096
XAUUSDm,grid_thai_19_21_rr1.8_body2_wick0.3_closeOff_ext2_ema20_50_atrMin50_atrMax90,momentum,2025-04-02 12:25:00+00:00,2025-04-02 12:30:00+00:00,2025-04-02 13:50:00+00:00,BUY,session_breakout,3125.95093978621,3117.046,3141.979831401388,1.8,2.807430549807257,0.08566285714285543,0.07210835763846547,1.7526780331109022,-25.0,-26.752678033110904,-1.0701071213244362,SL,9973.247321966888,2.8554285714285146,72.0,23.02494613702874
XAUUSDm,grid_thai_19_21_rr1.8_body2_wick0.3_closeOff_ext2_ema20_50_atrMin50_atrMax90,momentum,2025-05-15 12:50:00+00:00,2025-05-15 12:55:00+00:00,2025-05-15 15:05:00+00:00,BUY,session_breakout,3188.6461617536024,3177.747,3208.264652910087,1.8,2.2937543790224564,0.1302021428571457,0.07906068217380627,1.4672942193350949,45.00000000000001,43.53270578066491,1.7413082312265962,TP,10016.780027747553,4.340071428571524,65.0,28.573355861432
XAUUSDm,grid_thai_19_21_rr1.8_body2_wick0.3_closeOff_ext2_ema20_50_atrMin50_atrMax90,momentum,2026-03-20 13:30:00+00:00,2026-03-20 13:35:00+00:00,2026-03-20 14:15:00+00:00,SELL,session_breakout,4644.751202907386,4681.746,4578.160568140681,1.8,0.6757707019561178,0.32604642857143384,0.2937738783276079,0.6232573561600493,44.99999999999975,44.376742643839705,1.7750697057535882,TP,10061.156770391392,10.868214285714462,70.0,18.014851889985096
XAUUSDm,grid_thai_19_21_rr1.8_body2_wick0.3_close20_ext2_ema20_50_atrMin50_atrMax90,momentum,2025-04-02 12:25:00+00:00,2025-04-02 12:30:00+00:00,2025-04-02 13:50:00+00:00,BUY,session_breakout,3125.95093978621,3117.046,3141.979831401388,1.8,2.807430549807257,0.08566285714285543,0.07210835763846547,1.7526780331109022,-25.0,-26.752678033110904,-1.0701071213244362,SL,9973.247321966888,2.8554285714285146,72.0,23.02494613702874
XAUUSDm,grid_thai_19_21_rr1.8_body2_wick0.3_close20_ext2_ema20_50_atrMin50_atrMax90,momentum,2025-05-15 12:50:00+00:00,2025-05-15 12:55:00+00:00,2025-05-15 15:05:00+00:00,BUY,session_breakout,3188.6461617536024,3177.747,3208.264652910087,1.8,2.2937543790224564,0.1302021428571457,0.07906068217380627,1.4672942193350949,45.00000000000001,43.53270578066491,1.7413082312265962,TP,10016.780027747553,4.340071428571524,65.0,28.573355861432
XAUUSDm,grid_thai_19_21_rr1.8_body2_wick0.3_close20_ext2_ema20_50_atrMin50_atrMax90,momentum,2026-03-20 13:30:00+00:00,2026-03-20 13:35:00+00:00,2026-03-20 14:15:00+00:00,SELL,session_breakout,4644.751202907386,4681.746,4578.160568140681,1.8,0.6757707019561178,0.32604642857143384,0.2937738783276079,0.6232573561600493,44.99999999999975,44.376742643839705,1.7750697057535882,TP,10061.156770391392,10.868214285714462,70.0,18.014851889985096
XAUUSDm,grid_thai_20_22_rr1.8_body1.8_wick0.5_close20_ext2_ema20_50_atrMin50_atrMax90,momentum,2025-02-03 14:05:00+00:00,2025-02-03 14:10:00+00:00,2025-02-03 14:45:00+00:00,BUY,session_breakout,2812.889943771143,2808.133,2821.452442559201,1.8,5.255475196418445,0.06479785714285624,0.05454484257128204,2.961114665948823,45.00000000000096,42.03888533405214,1.6815554133620856,TP,10042.038885334052,2.159928571428541,67.0,42.13606719284656
XAUUSDm,grid_thai_20_22_rr1.8_body1.8_wick0.5_close20_ext2_ema20_50_atrMin50_atrMax90,momentum,2025-02-24 13:35:00+00:00,2025-02-24 13:40:00+00:00,2025-02-24 14:25:00+00:00,BUY,session_breakout,2951.810751137254,2945.636,2962.9253031843114,1.8,4.048746167139833,0.0657064285714286,0.03989792296860436,2.387726492957822,-25.0,-27.38772649295782,-1.0955090597183128,SL,10014.651158841094,2.1902142857142866,81.0,18.844926960455723
XAUUSDm,grid_thai_20_22_rr1.8_body1.8_wick0.5_close20_ext2_ema20_50_atrMin50_atrMax90,momentum,2026-03-20 13:30:00+00:00,2026-03-20 13:35:00+00:00,2026-03-20 14:15:00+00:00,SELL,session_breakout,4644.751202907386,4681.746,4578.160568140681,1.8,0.6757707019561178,0.32604642857143384,0.2937738783276079,0.6232573561600493,44.99999999999975,44.376742643839705,1.7750697057535882,TP,10059.027901484933,10.868214285714462,70.0,18.014851889985096
XAUUSDm,grid_thai_20_22_rr1.8_body1.8_wick0.4_close20_ext2_ema20_50_atrMin50_atrMax90,momentum,2025-02-03 14:05:00+00:00,2025-02-03 14:10:00+00:00,2025-02-03 14:45:00+00:00,BUY,session_breakout,2812.889943771143,2808.133,2821.452442559201,1.8,5.255475196418445,0.06479785714285624,0.05454484257128204,2.961114665948823,45.00000000000096,42.03888533405214,1.6815554133620856,TP,10042.038885334052,2.159928571428541,67.0,42.13606719284656
XAUUSDm,grid_thai_20_22_rr1.8_body1.8_wick0.4_close20_ext2_ema20_50_atrMin50_atrMax90,momentum,2025-02-24 13:35:00+00:00,2025-02-24 13:40:00+00:00,2025-02-24 14:25:00+00:00,BUY,session_breakout,2951.810751137254,2945.636,2962.9253031843114,1.8,4.048746167139833,0.0657064285714286,0.03989792296860436,2.387726492957822,-25.0,-27.38772649295782,-1.0955090597183128,SL,10014.651158841094,2.1902142857142866,81.0,18.844926960455723
XAUUSDm,grid_thai_20_22_rr1.8_body1.8_wick0.4_close20_ext2_ema20_50_atrMin50_atrMax90,momentum,2026-03-20 13:30:00+00:00,2026-03-20 13:35:00+00:00,2026-03-20 14:15:00+00:00,SELL,session_breakout,4644.751202907386,4681.746,4578.160568140681,1.8,0.6757707019561178,0.32604642857143384,0.2937738783276079,0.6232573561600493,44.99999999999975,44.376742643839705,1.7750697057535882,TP,10059.027901484933,10.868214285714462,70.0,18.014851889985096
XAUUSDm,grid_thai_20_22_rr1.8_body1.8_wick0.3_close20_ext2_ema20_50_atrMin50_atrMax90,momentum,2025-02-03 14:05:00+00:00,2025-02-03 14:10:00+00:00,2025-02-03 14:45:00+00:00,BUY,session_breakout,2812.889943771143,2808.133,2821.452442559201,1.8,5.255475196418445,0.06479785714285624,0.05454484257128204,2.961114665948823,45.00000000000096,42.03888533405214,1.6815554133620856,TP,10042.038885334052,2.159928571428541,67.0,42.13606719284656
XAUUSDm,grid_thai_20_22_rr1.8_body1.8_wick0.3_close20_ext2_ema20_50_atrMin50_atrMax90,momentum,2025-02-24 13:35:00+00:00,2025-02-24 13:40:00+00:00,2025-02-24 14:25:00+00:00,BUY,session_breakout,2951.810751137254,2945.636,2962.9253031843114,1.8,4.048746167139833,0.0657064285714286,0.03989792296860436,2.387726492957822,-25.0,-27.38772649295782,-1.0955090597183128,SL,10014.651158841094,2.1902142857142866,81.0,18.844926960455723
XAUUSDm,grid_thai_20_22_rr1.8_body1.8_wick0.3_close20_ext2_ema20_50_atrMin50_atrMax90,momentum,2026-03-20 13:30:00+00:00,2026-03-20 13:35:00+00:00,2026-03-20 14:15:00+00:00,SELL,session_breakout,4644.751202907386,4681.746,4578.160568140681,1.8,0.6757707019561178,0.32604642857143384,0.2937738783276079,0.6232573561600493,44.99999999999975,44.376742643839705,1.7750697057535882,TP,10059.027901484933,10.868214285714462,70.0,18.014851889985096
XAUUSDm,grid_thai_21_23_rr2.2_body1.8_wick0.5_close20_extOff_ema20_50_atrMinOff_atrMax90,momentum,2025-01-02 15:45:00+00:00,2025-01-02 15:50:00+00:00,2025-01-03 03:50:00+00:00,BUY,session_breakout,2654.187852362225,2646.522,2671.05272755912,2.2,3.2612159507783436,0.07665428571428556,0.06452521936770146,1.7339467293168087,27.70777219648044,25.973825467163632,1.0389530186865452,TIMEOUT,10025.973825467163,2.5551428571428523,72.0,20.964743866285275
XAUUSDm,grid_thai_21_23_rr2.2_body1.8_wick0.5_close20_extOff_ema20_50_atrMinOff_atrMax90,momentum,2025-01-21 14:55:00+00:00,2025-01-21 15:00:00+00:00,2025-01-22 03:00:00+00:00,BUY,session_breakout,2738.1903386182,2728.538,2759.4254835782394,2.2,2.5900458934233517,0.07075285714285819,0.04296218962845767,1.4212336397605596,28.259113706464642,26.837880066704084,1.0735152026681634,TIMEOUT,10052.811705533866,2.358428571428606,78.0,19.53074948750955
XAUUSDm,grid_thai_21_23_rr2.2_body1.8_wick0.5_close20_extOff_ema20_50_atrMinOff_atrMax90,momentum,2025-01-30 15:50:00+00:00,2025-01-30 15:55:00+00:00,2025-01-31 03:55:00+00:00,BUY,session_breakout,2795.3858927142396,2786.996,2813.8436566855667,2.2,2.9797758864746164,0.06844499999999958,0.061670214239833814,1.666242669356081,3.1797405583900913,1.5134978890340103,0.06053991556136041,TIMEOUT,10054.3252034229,2.281499999999986,84.0,50.393268437493575
XAUUSDm,grid_thai_21_23_rr2.2_body1.8_wick0.5_close20_extOff_ema20_50_atrMinOff_atrMax90,momentum,2025-02-03 14:05:00+00:00,2025-02-03 14:10:00+00:00,2025-02-03 14:45:00+00:00,BUY,session_breakout,2812.8864698534603,2808.133,2823.3441035310734,2.2,5.259315988256479,0.06479785714285624,0.05107092488894559,2.9642717568101267,54.99999999999999,52.035728243189865,2.0814291297275944,TP,10106.360931666091,2.159928571428541,67.0,42.13606719284656
XAUUSDm,grid_thai_21_23_rr2.2_body1.8_wick0.5_close20_extOff_ema20_50_atrMinOff_atrMax90,momentum,2025-02-06 14:05:00+00:00,2025-02-06 14:10:00+00:00,2025-02-06 15:05:00+00:00,SELL,session_breakout,2854.9073313121303,2863.802,2835.3390601988167,2.2,2.8106724238187613,0.08161071428571437,0.029863330727166015,1.5993418617354034,54.999999999999744,53.40065813826434,2.136026325530574,TP,10159.761589804355,2.7203571428571456,87.0,20.36370759740473
XAUUSDm,grid_thai_21_23_rr2.2_body1.8_wick0.5_close20_extOff_ema20_50_atrMinOff_atrMax90,momentum,2025-03-13 14:35:00+00:00,2025-03-13 14:40:00+00:00,2025-03-13 15:35:00+00:00,BUY,session_breakout,2957.9382082111088,2949.39,2976.7442662755484,2.2,2.924589502570968,0.07768928571428595,0.07636356825217182,1.7356510065975574,55.00000000000027,53.26434899340271,2.1305739597361084,TP,10213.025938797758,2.589642857142865,81.0,21.400382894376712
XAUUSDm,grid_thai_21_23_rr2.2_body1.8_wick0.5_close20_extOff_ema20_50_atrMinOff_atrMax90,momentum,2025-04-04 14:45:00+00:00,2025-04-04 14:50:00+00:00,2025-04-06 22:10:00+00:00,SELL,session_breakout,3029.9118878675504,3058.65,2966.688041176161,2.2,0.8699249235572153,0.2334278571428581,0.19439820387823062,0.5273385617615741,-1.793882739187784,-2.3212213009493583,-0.09284885203797433,TIMEOUT,10210.704717496808,7.780928571428603,59.0,30.867940395220437
XAUUSDm,grid_thai_21_23_rr2.2_body1.8_wick0.5_close20_extOff_ema20_50_atrMinOff_atrMax90,momentum,2025-04-09 14:15:00+00:00,2025-04-09 14:20:00+00:00,2025-04-09 15:00:00+00:00,BUY,session_breakout,3081.246857142856,3067.565,3111.3469428571384,2.2,1.8272373215835154,0.1806021428571408,0.15355607142671152,1.1235338508766672,-25.0,-26.12353385087667,-1.0449413540350667,SL,10184.581183645932,6.02007142857136,68.0,34.91956881585893
XAUUSDm,grid_thai_21_23_rr2.2_body1.8_wick0.5_close20_extOff_ema20_50_atrMinOff_atrMax90,momentum,2025-04-10 15:35:00+00:00,2025-04-10 15:40:00+00:00,2025-04-11 03:40:00+00:00,BUY,session_breakout,3174.5218691874543,3148.496,3231.7787813998534,2.2,0.9605827117601624,0.17182500000000184,0.06695668745413368,0.6138757387080931,39.97573578888073,39.36186005017264,1.5744744020069055,TIMEOUT,10223.943043696105,5.727500000000061,77.0,22.65349028004977
XAUUSDm,grid_thai_21_23_rr2.2_body1.8_wick0.5_close20_extOff_ema20_50_atrMinOff_atrMax90,momentum,2025-04-16 15:50:00+00:00,2025-04-16 15:55:00+00:00,2025-04-17 03:55:00+00:00,BUY,session_breakout,3328.227400313613,3305.294,3378.6808810035623,2.2,1.0901130952290599,0.1357521428571421,0.0835242421845755,0.7274103827892298,17.815281928216876,17.087871545427646,0.6835148618171059,TIMEOUT,10241.030915241532,4.525071428571404,50.0,30.685435915508457
XAUUSDm,grid_thai_21_23_rr2.2_body1.8_wick0.5_close20_extOff_ema20_50_atrMinOff_atrMax90,momentum,2025-07-15 15:30:00+00:00,2025-07-15 15:35:00+00:00,2025-07-16 03:35:00+00:00,SELL,session_breakout,3326.066122654749,3349.939,3273.5457924951975,2.2,1.047213523466346,0.10841999999999903,0.06066734525110697,0.6974703998112444,-8.50115093778808,-9.198621337599324,-0.367944853503973,TIMEOUT,10231.832293903934,3.613999999999968,73.0,26.608327003519747
XAUUSDm,grid_thai_21_23_rr2.2_body1.8_wick0.5_close20_extOff_ema20_50_atrMinOff_atrMax90,momentum,2025-07-23 15:55:00+00:00,2025-07-23 16:00:00+00:00,2025-07-24 04:00:00+00:00,SELL,session_breakout,3397.971109273133,3415.874,3358.5847496740266,2.2,1.3964225320597423,0.09310928571428284,0.08833608400997388,0.9471970494538532,18.036346015549142,17.08914896609529,0.6835659586438116,TIMEOUT,10248.921442870029,3.1036428571427614,77.0,23.71532504577227
XAUUSDm,grid_thai_21_23_rr2.2_body1.8_wick0.5_close20_extOff_ema20_50_atrMinOff_atrMax90,momentum,2025-09-08 15:00:00+00:00,2025-09-08 15:05:00+00:00,2025-09-08 22:30:00+00:00,BUY,session_breakout,3644.346880277029,3628.87,3678.396016886493,2.2,1.6153126180800943,0.11503928571428365,0.08636063417157988,1.1748519000744624,-25.0,-26.17485190007446,-1.0469940760029786,SL,10222.746590969955,3.8346428571427884,85.0,46.48701540108188
XAUUSDm,grid_thai_21_23_rr2.2_body1.8_wick0.5_close20_extOff_ema20_50_atrMinOff_atrMax90,momentum,2025-09-15 15:45:00+00:00,2025-09-15 15:50:00+00:00,2025-09-16 03:50:00+00:00,BUY,session_breakout,3673.75097031879,3663.164,3697.0423050201284,2.2,2.3613932265049806,0.06684214285714137,0.05854924736127704,1.7368479245815576,18.13793146179198,16.401083537210422,0.6560433414884169,TIMEOUT,10239.147674507165,2.2280714285713787,41.0,26.973942601022724
XAUUSDm,grid_thai_21_23_rr2.2_body1.8_wick0.5_close20_extOff_ema20_50_atrMinOff_atrMax90,momentum,2025-09-24 15:30:00+00:00,2025-09-24 15:35:00+00:00,2025-09-24 19:00:00+00:00,SELL,session_breakout,3745.7969543755967,3756.584,3722.0654540019095,2.2,2.317594721528141,0.12161999999999774,0.07423562440296463,1.7307478498754139,55.00000000000042,53.269252150125006,2.130770086005,TP,10292.41692665729,4.053999999999925,86.0,31.755852149907987
XAUUSDm,grid_thai_21_23_rr2.2_body1.8_wick0.5_close20_extOff_ema20_50_atrMinOff_atrMax90,momentum,2025-10-16 15:50:00+00:00,2025-10-16 15:55:00+00:00,2025-10-16 16:35:00+00:00,BUY,session_breakout,4275.775352625497,4266.512,4296.154728401592,2.2,2.698806901853955,0.1421721428571501,0.06526655406852806,2.305398406488544,-25.0,-27.305398406488543,-1.0922159362595416,SL,10265.111528250802,4.739071428571671,62.0,22.457971902325014
XAUUSDm,grid_thai_21_23_rr2.2_body1.8_wick0.5_close20_extOff_ema20_50_atrMinOff_atrMax90,momentum,2026-04-09 15:30:00+00:00,2026-04-09 15:35:00+00:00,2026-04-09 20:42:00+00:00,BUY,session_breakout,4792.335001132509,4761.204,4860.82320362403,2.2,0.8030580158211809,0.2718385714285718,0.18708184679545387,0.7672046074319739,-25.0,-25.767204607431974,-1.030688184297279,SL,10239.34432364337,9.061285714285727,87.0,25.550615190377606
XAUUSDm,grid_thai_21_23_rr2.2_body1.8_wick0.5_close20_extOff_ema20_50_atrMin30_atrMax90,momentum,2025-01-02 15:45:00+00:00,2025-01-02 15:50:00+00:00,2025-01-03 03:50:00+00:00,BUY,session_breakout,2654.187852362225,2646.522,2671.05272755912,2.2,3.2612159507783436,0.07665428571428556,0.06452521936770146,1.7339467293168087,27.70777219648044,25.973825467163632,1.0389530186865452,TIMEOUT,10025.973825467163,2.5551428571428523,72.0,20.964743866285275
XAUUSDm,grid_thai_21_23_rr2.2_body1.8_wick0.5_close20_extOff_ema20_50_atrMin30_atrMax90,momentum,2025-01-21 14:55:00+00:00,2025-01-21 15:00:00+00:00,2025-01-22 03:00:00+00:00,BUY,session_breakout,2738.1903386182,2728.538,2759.4254835782394,2.2,2.5900458934233517,0.07075285714285819,0.04296218962845767,1.4212336397605596,28.259113706464642,26.837880066704084,1.0735152026681634,TIMEOUT,10052.811705533866,2.358428571428606,78.0,19.53074948750955
XAUUSDm,grid_thai_21_23_rr2.2_body1.8_wick0.5_close20_extOff_ema20_50_atrMin30_atrMax90,momentum,2025-01-30 15:50:00+00:00,2025-01-30 15:55:00+00:00,2025-01-31 03:55:00+00:00,BUY,session_breakout,2795.3858927142396,2786.996,2813.8436566855667,2.2,2.9797758864746164,0.06844499999999958,0.061670214239833814,1.666242669356081,3.1797405583900913,1.5134978890340103,0.06053991556136041,TIMEOUT,10054.3252034229,2.281499999999986,84.0,50.393268437493575
XAUUSDm,grid_thai_21_23_rr2.2_body1.8_wick0.5_close20_extOff_ema20_50_atrMin30_atrMax90,momentum,2025-02-03 14:05:00+00:00,2025-02-03 14:10:00+00:00,2025-02-03 14:45:00+00:00,BUY,session_breakout,2812.8864698534603,2808.133,2823.3441035310734,2.2,5.259315988256479,0.06479785714285624,0.05107092488894559,2.9642717568101267,54.99999999999999,52.035728243189865,2.0814291297275944,TP,10106.360931666091,2.159928571428541,67.0,42.13606719284656
XAUUSDm,grid_thai_21_23_rr2.2_body1.8_wick0.5_close20_extOff_ema20_50_atrMin30_atrMax90,momentum,2025-02-06 14:05:00+00:00,2025-02-06 14:10:00+00:00,2025-02-06 15:05:00+00:00,SELL,session_breakout,2854.9073313121303,2863.802,2835.3390601988167,2.2,2.8106724238187613,0.08161071428571437,0.029863330727166015,1.5993418617354034,54.999999999999744,53.40065813826434,2.136026325530574,TP,10159.761589804355,2.7203571428571456,87.0,20.36370759740473
XAUUSDm,grid_thai_21_23_rr2.2_body1.8_wick0.5_close20_extOff_ema20_50_atrMin30_atrMax90,momentum,2025-03-13 14:35:00+00:00,2025-03-13 14:40:00+00:00,2025-03-13 15:35:00+00:00,BUY,session_breakout,2957.9382082111088,2949.39,2976.7442662755484,2.2,2.924589502570968,0.07768928571428595,0.07636356825217182,1.7356510065975574,55.00000000000027,53.26434899340271,2.1305739597361084,TP,10213.025938797758,2.589642857142865,81.0,21.400382894376712
XAUUSDm,grid_thai_21_23_rr2.2_body1.8_wick0.5_close20_extOff_ema20_50_atrMin30_atrMax90,momentum,2025-04-04 14:45:00+00:00,2025-04-04 14:50:00+00:00,2025-04-06 22:10:00+00:00,SELL,session_breakout,3029.9118878675504,3058.65,2966.688041176161,2.2,0.8699249235572153,0.2334278571428581,0.19439820387823062,0.5273385617615741,-1.793882739187784,-2.3212213009493583,-0.09284885203797433,TIMEOUT,10210.704717496808,7.780928571428603,59.0,30.867940395220437
XAUUSDm,grid_thai_21_23_rr2.2_body1.8_wick0.5_close20_extOff_ema20_50_atrMin30_atrMax90,momentum,2025-04-09 14:15:00+00:00,2025-04-09 14:20:00+00:00,2025-04-09 15:00:00+00:00,BUY,session_breakout,3081.246857142856,3067.565,3111.3469428571384,2.2,1.8272373215835154,0.1806021428571408,0.15355607142671152,1.1235338508766672,-25.0,-26.12353385087667,-1.0449413540350667,SL,10184.581183645932,6.02007142857136,68.0,34.91956881585893
XAUUSDm,grid_thai_21_23_rr2.2_body1.8_wick0.5_close20_extOff_ema20_50_atrMin30_atrMax90,momentum,2025-04-10 15:35:00+00:00,2025-04-10 15:40:00+00:00,2025-04-11 03:40:00+00:00,BUY,session_breakout,3174.5218691874543,3148.496,3231.7787813998534,2.2,0.9605827117601624,0.17182500000000184,0.06695668745413368,0.6138757387080931,39.97573578888073,39.36186005017264,1.5744744020069055,TIMEOUT,10223.943043696105,5.727500000000061,77.0,22.65349028004977
XAUUSDm,grid_thai_21_23_rr2.2_body1.8_wick0.5_close20_extOff_ema20_50_atrMin30_atrMax90,momentum,2025-04-16 15:50:00+00:00,2025-04-16 15:55:00+00:00,2025-04-17 03:55:00+00:00,BUY,session_breakout,3328.227400313613,3305.294,3378.6808810035623,2.2,1.0901130952290599,0.1357521428571421,0.0835242421845755,0.7274103827892298,17.815281928216876,17.087871545427646,0.6835148618171059,TIMEOUT,10241.030915241532,4.525071428571404,50.0,30.685435915508457
XAUUSDm,grid_thai_21_23_rr2.2_body1.8_wick0.5_close20_extOff_ema20_50_atrMin30_atrMax90,momentum,2025-07-15 15:30:00+00:00,2025-07-15 15:35:00+00:00,2025-07-16 03:35:00+00:00,SELL,session_breakout,3326.066122654749,3349.939,3273.5457924951975,2.2,1.047213523466346,0.10841999999999903,0.06066734525110697,0.6974703998112444,-8.50115093778808,-9.198621337599324,-0.367944853503973,TIMEOUT,10231.832293903934,3.613999999999968,73.0,26.608327003519747
XAUUSDm,grid_thai_21_23_rr2.2_body1.8_wick0.5_close20_extOff_ema20_50_atrMin30_atrMax90,momentum,2025-07-23 15:55:00+00:00,2025-07-23 16:00:00+00:00,2025-07-24 04:00:00+00:00,SELL,session_breakout,3397.971109273133,3415.874,3358.5847496740266,2.2,1.3964225320597423,0.09310928571428284,0.08833608400997388,0.9471970494538532,18.036346015549142,17.08914896609529,0.6835659586438116,TIMEOUT,10248.921442870029,3.1036428571427614,77.0,23.71532504577227
XAUUSDm,grid_thai_21_23_rr2.2_body1.8_wick0.5_close20_extOff_ema20_50_atrMin30_atrMax90,momentum,2025-09-08 15:00:00+00:00,2025-09-08 15:05:00+00:00,2025-09-08 22:30:00+00:00,BUY,session_breakout,3644.346880277029,3628.87,3678.396016886493,2.2,1.6153126180800943,0.11503928571428365,0.08636063417157988,1.1748519000744624,-25.0,-26.17485190007446,-1.0469940760029786,SL,10222.746590969955,3.8346428571427884,85.0,46.48701540108188
XAUUSDm,grid_thai_21_23_rr2.2_body1.8_wick0.5_close20_extOff_ema20_50_atrMin30_atrMax90,momentum,2025-09-15 15:45:00+00:00,2025-09-15 15:50:00+00:00,2025-09-16 03:50:00+00:00,BUY,session_breakout,3673.75097031879,3663.164,3697.0423050201284,2.2,2.3613932265049806,0.06684214285714137,0.05854924736127704,1.7368479245815576,18.13793146179198,16.401083537210422,0.6560433414884169,TIMEOUT,10239.147674507165,2.2280714285713787,41.0,26.973942601022724
XAUUSDm,grid_thai_21_23_rr2.2_body1.8_wick0.5_close20_extOff_ema20_50_atrMin30_atrMax90,momentum,2025-09-24 15:30:00+00:00,2025-09-24 15:35:00+00:00,2025-09-24 19:00:00+00:00,SELL,session_breakout,3745.7969543755967,3756.584,3722.0654540019095,2.2,2.317594721528141,0.12161999999999774,0.07423562440296463,1.7307478498754139,55.00000000000042,53.269252150125006,2.130770086005,TP,10292.41692665729,4.053999999999925,86.0,31.755852149907987
XAUUSDm,grid_thai_21_23_rr2.2_body1.8_wick0.5_close20_extOff_ema20_50_atrMin30_atrMax90,momentum,2025-10-16 15:50:00+00:00,2025-10-16 15:55:00+00:00,2025-10-16 16:35:00+00:00,BUY,session_breakout,4275.775352625497,4266.512,4296.154728401592,2.2,2.698806901853955,0.1421721428571501,0.06526655406852806,2.305398406488544,-25.0,-27.305398406488543,-1.0922159362595416,SL,10265.111528250802,4.739071428571671,62.0,22.457971902325014
XAUUSDm,grid_thai_21_23_rr2.2_body1.8_wick0.5_close20_extOff_ema20_50_atrMin30_atrMax90,momentum,2026-04-09 15:30:00+00:00,2026-04-09 15:35:00+00:00,2026-04-09 20:42:00+00:00,BUY,session_breakout,4792.335001132509,4761.204,4860.82320362403,2.2,0.8030580158211809,0.2718385714285718,0.18708184679545387,0.7672046074319739,-25.0,-25.767204607431974,-1.030688184297279,SL,10239.34432364337,9.061285714285727,87.0,25.550615190377606
XAUUSDm,grid_thai_21_23_rr2.2_body1.8_wick0.5_close20_extOff_ema20_50_atrMin40_atrMax90,momentum,2025-01-02 15:45:00+00:00,2025-01-02 15:50:00+00:00,2025-01-03 03:50:00+00:00,BUY,session_breakout,2654.187852362225,2646.522,2671.05272755912,2.2,3.2612159507783436,0.07665428571428556,0.06452521936770146,1.7339467293168087,27.70777219648044,25.973825467163632,1.0389530186865452,TIMEOUT,10025.973825467163,2.5551428571428523,72.0,20.964743866285275
XAUUSDm,grid_thai_21_23_rr2.2_body1.8_wick0.5_close20_extOff_ema20_50_atrMin40_atrMax90,momentum,2025-01-21 14:55:00+00:00,2025-01-21 15:00:00+00:00,2025-01-22 03:00:00+00:00,BUY,session_breakout,2738.1903386182,2728.538,2759.4254835782394,2.2,2.5900458934233517,0.07075285714285819,0.04296218962845767,1.4212336397605596,28.259113706464642,26.837880066704084,1.0735152026681634,TIMEOUT,10052.811705533866,2.358428571428606,78.0,19.53074948750955
XAUUSDm,grid_thai_21_23_rr2.2_body1.8_wick0.5_close20_extOff_ema20_50_atrMin40_atrMax90,momentum,2025-01-30 15:50:00+00:00,2025-01-30 15:55:00+00:00,2025-01-31 03:55:00+00:00,BUY,session_breakout,2795.3858927142396,2786.996,2813.8436566855667,2.2,2.9797758864746164,0.06844499999999958,0.061670214239833814,1.666242669356081,3.1797405583900913,1.5134978890340103,0.06053991556136041,TIMEOUT,10054.3252034229,2.281499999999986,84.0,50.393268437493575
XAUUSDm,grid_thai_21_23_rr2.2_body1.8_wick0.5_close20_extOff_ema20_50_atrMin40_atrMax90,momentum,2025-02-03 14:05:00+00:00,2025-02-03 14:10:00+00:00,2025-02-03 14:45:00+00:00,BUY,session_breakout,2812.8864698534603,2808.133,2823.3441035310734,2.2,5.259315988256479,0.06479785714285624,0.05107092488894559,2.9642717568101267,54.99999999999999,52.035728243189865,2.0814291297275944,TP,10106.360931666091,2.159928571428541,67.0,42.13606719284656
XAUUSDm,grid_thai_21_23_rr2.2_body1.8_wick0.5_close20_extOff_ema20_50_atrMin40_atrMax90,momentum,2025-02-06 14:05:00+00:00,2025-02-06 14:10:00+00:00,2025-02-06 15:05:00+00:00,SELL,session_breakout,2854.9073313121303,2863.802,2835.3390601988167,2.2,2.8106724238187613,0.08161071428571437,0.029863330727166015,1.5993418617354034,54.999999999999744,53.40065813826434,2.136026325530574,TP,10159.761589804355,2.7203571428571456,87.0,20.36370759740473
XAUUSDm,grid_thai_21_23_rr2.2_body1.8_wick0.5_close20_extOff_ema20_50_atrMin40_atrMax90,momentum,2025-03-13 14:35:00+00:00,2025-03-13 14:40:00+00:00,2025-03-13 15:35:00+00:00,BUY,session_breakout,2957.9382082111088,2949.39,2976.7442662755484,2.2,2.924589502570968,0.07768928571428595,0.07636356825217182,1.7356510065975574,55.00000000000027,53.26434899340271,2.1305739597361084,TP,10213.025938797758,2.589642857142865,81.0,21.400382894376712
XAUUSDm,grid_thai_21_23_rr2.2_body1.8_wick0.5_close20_extOff_ema20_50_atrMin40_atrMax90,momentum,2025-04-04 14:45:00+00:00,2025-04-04 14:50:00+00:00,2025-04-06 22:10:00+00:00,SELL,session_breakout,3029.9118878675504,3058.65,2966.688041176161,2.2,0.8699249235572153,0.2334278571428581,0.19439820387823062,0.5273385617615741,-1.793882739187784,-2.3212213009493583,-0.09284885203797433,TIMEOUT,10210.704717496808,7.780928571428603,59.0,30.867940395220437
XAUUSDm,grid_thai_21_23_rr2.2_body1.8_wick0.5_close20_extOff_ema20_50_atrMin40_atrMax90,momentum,2025-04-09 14:15:00+00:00,2025-04-09 14:20:00+00:00,2025-04-09 15:00:00+00:00,BUY,session_breakout,3081.246857142856,3067.565,3111.3469428571384,2.2,1.8272373215835154,0.1806021428571408,0.15355607142671152,1.1235338508766672,-25.0,-26.12353385087667,-1.0449413540350667,SL,10184.581183645932,6.02007142857136,68.0,34.91956881585893
XAUUSDm,grid_thai_21_23_rr2.2_body1.8_wick0.5_close20_extOff_ema20_50_atrMin40_atrMax90,momentum,2025-04-10 15:35:00+00:00,2025-04-10 15:40:00+00:00,2025-04-11 03:40:00+00:00,BUY,session_breakout,3174.5218691874543,3148.496,3231.7787813998534,2.2,0.9605827117601624,0.17182500000000184,0.06695668745413368,0.6138757387080931,39.97573578888073,39.36186005017264,1.5744744020069055,TIMEOUT,10223.943043696105,5.727500000000061,77.0,22.65349028004977
XAUUSDm,grid_thai_21_23_rr2.2_body1.8_wick0.5_close20_extOff_ema20_50_atrMin40_atrMax90,momentum,2025-04-16 15:50:00+00:00,2025-04-16 15:55:00+00:00,2025-04-17 03:55:00+00:00,BUY,session_breakout,3328.227400313613,3305.294,3378.6808810035623,2.2,1.0901130952290599,0.1357521428571421,0.0835242421845755,0.7274103827892298,17.815281928216876,17.087871545427646,0.6835148618171059,TIMEOUT,10241.030915241532,4.525071428571404,50.0,30.685435915508457
XAUUSDm,grid_thai_21_23_rr2.2_body1.8_wick0.5_close20_extOff_ema20_50_atrMin40_atrMax90,momentum,2025-07-15 15:30:00+00:00,2025-07-15 15:35:00+00:00,2025-07-16 03:35:00+00:00,SELL,session_breakout,3326.066122654749,3349.939,3273.5457924951975,2.2,1.047213523466346,0.10841999999999903,0.06066734525110697,0.6974703998112444,-8.50115093778808,-9.198621337599324,-0.367944853503973,TIMEOUT,10231.832293903934,3.613999999999968,73.0,26.608327003519747
XAUUSDm,grid_thai_21_23_rr2.2_body1.8_wick0.5_close20_extOff_ema20_50_atrMin40_atrMax90,momentum,2025-07-23 15:55:00+00:00,2025-07-23 16:00:00+00:00,2025-07-24 04:00:00+00:00,SELL,session_breakout,3397.971109273133,3415.874,3358.5847496740266,2.2,1.3964225320597423,0.09310928571428284,0.08833608400997388,0.9471970494538532,18.036346015549142,17.08914896609529,0.6835659586438116,TIMEOUT,10248.921442870029,3.1036428571427614,77.0,23.71532504577227
XAUUSDm,grid_thai_21_23_rr2.2_body1.8_wick0.5_close20_extOff_ema20_50_atrMin40_atrMax90,momentum,2025-09-08 15:00:00+00:00,2025-09-08 15:05:00+00:00,2025-09-08 22:30:00+00:00,BUY,session_breakout,3644.346880277029,3628.87,3678.396016886493,2.2,1.6153126180800943,0.11503928571428365,0.08636063417157988,1.1748519000744624,-25.0,-26.17485190007446,-1.0469940760029786,SL,10222.746590969955,3.8346428571427884,85.0,46.48701540108188
XAUUSDm,grid_thai_21_23_rr2.2_body1.8_wick0.5_close20_extOff_ema20_50_atrMin40_atrMax90,momentum,2025-09-15 15:45:00+00:00,2025-09-15 15:50:00+00:00,2025-09-16 03:50:00+00:00,BUY,session_breakout,3673.75097031879,3663.164,3697.0423050201284,2.2,2.3613932265049806,0.06684214285714137,0.05854924736127704,1.7368479245815576,18.13793146179198,16.401083537210422,0.6560433414884169,TIMEOUT,10239.147674507165,2.2280714285713787,41.0,26.973942601022724
XAUUSDm,grid_thai_21_23_rr2.2_body1.8_wick0.5_close20_extOff_ema20_50_atrMin40_atrMax90,momentum,2025-09-24 15:30:00+00:00,2025-09-24 15:35:00+00:00,2025-09-24 19:00:00+00:00,SELL,session_breakout,3745.7969543755967,3756.584,3722.0654540019095,2.2,2.317594721528141,0.12161999999999774,0.07423562440296463,1.7307478498754139,55.00000000000042,53.269252150125006,2.130770086005,TP,10292.41692665729,4.053999999999925,86.0,31.755852149907987
XAUUSDm,grid_thai_21_23_rr2.2_body1.8_wick0.5_close20_extOff_ema20_50_atrMin40_atrMax90,momentum,2025-10-16 15:50:00+00:00,2025-10-16 15:55:00+00:00,2025-10-16 16:35:00+00:00,BUY,session_breakout,4275.775352625497,4266.512,4296.154728401592,2.2,2.698806901853955,0.1421721428571501,0.06526655406852806,2.305398406488544,-25.0,-27.305398406488543,-1.0922159362595416,SL,10265.111528250802,4.739071428571671,62.0,22.457971902325014
XAUUSDm,grid_thai_21_23_rr2.2_body1.8_wick0.5_close20_extOff_ema20_50_atrMin40_atrMax90,momentum,2026-04-09 15:30:00+00:00,2026-04-09 15:35:00+00:00,2026-04-09 20:42:00+00:00,BUY,session_breakout,4792.335001132509,4761.204,4860.82320362403,2.2,0.8030580158211809,0.2718385714285718,0.18708184679545387,0.7672046074319739,-25.0,-25.767204607431974,-1.030688184297279,SL,10239.34432364337,9.061285714285727,87.0,25.550615190377606
XAUUSDm,grid_thai_21_23_rr2.2_body1.8_wick0.4_close20_extOff_ema20_50_atrMinOff_atrMax90,momentum,2025-01-02 15:45:00+00:00,2025-01-02 15:50:00+00:00,2025-01-03 03:50:00+00:00,BUY,session_breakout,2654.187852362225,2646.522,2671.05272755912,2.2,3.2612159507783436,0.07665428571428556,0.06452521936770146,1.7339467293168087,27.70777219648044,25.973825467163632,1.0389530186865452,TIMEOUT,10025.973825467163,2.5551428571428523,72.0,20.964743866285275
XAUUSDm,grid_thai_21_23_rr2.2_body1.8_wick0.4_close20_extOff_ema20_50_atrMinOff_atrMax90,momentum,2025-01-21 14:55:00+00:00,2025-01-21 15:00:00+00:00,2025-01-22 03:00:00+00:00,BUY,session_breakout,2738.1903386182,2728.538,2759.4254835782394,2.2,2.5900458934233517,0.07075285714285819,0.04296218962845767,1.4212336397605596,28.259113706464642,26.837880066704084,1.0735152026681634,TIMEOUT,10052.811705533866,2.358428571428606,78.0,19.53074948750955
XAUUSDm,grid_thai_21_23_rr2.2_body1.8_wick0.4_close20_extOff_ema20_50_atrMinOff_atrMax90,momentum,2025-01-30 15:50:00+00:00,2025-01-30 15:55:00+00:00,2025-01-31 03:55:00+00:00,BUY,session_breakout,2795.3858927142396,2786.996,2813.8436566855667,2.2,2.9797758864746164,0.06844499999999958,0.061670214239833814,1.666242669356081,3.1797405583900913,1.5134978890340103,0.06053991556136041,TIMEOUT,10054.3252034229,2.281499999999986,84.0,50.393268437493575
XAUUSDm,grid_thai_21_23_rr2.2_body1.8_wick0.4_close20_extOff_ema20_50_atrMinOff_atrMax90,momentum,2025-02-03 14:05:00+00:00,2025-02-03 14:10:00+00:00,2025-02-03 14:45:00+00:00,BUY,session_breakout,2812.8864698534603,2808.133,2823.3441035310734,2.2,5.259315988256479,0.06479785714285624,0.05107092488894559,2.9642717568101267,54.99999999999999,52.035728243189865,2.0814291297275944,TP,10106.360931666091,2.159928571428541,67.0,42.13606719284656
XAUUSDm,grid_thai_21_23_rr2.2_body1.8_wick0.4_close20_extOff_ema20_50_atrMinOff_atrMax90,momentum,2025-02-06 14:05:00+00:00,2025-02-06 14:10:00+00:00,2025-02-06 15:05:00+00:00,SELL,session_breakout,2854.9073313121303,2863.802,2835.3390601988167,2.2,2.8106724238187613,0.08161071428571437,0.029863330727166015,1.5993418617354034,54.999999999999744,53.40065813826434,2.136026325530574,TP,10159.761589804355,2.7203571428571456,87.0,20.36370759740473
XAUUSDm,grid_thai_21_23_rr2.2_body1.8_wick0.4_close20_extOff_ema20_50_atrMinOff_atrMax90,momentum,2025-03-13 14:35:00+00:00,2025-03-13 14:40:00+00:00,2025-03-13 15:35:00+00:00,BUY,session_breakout,2957.9382082111088,2949.39,2976.7442662755484,2.2,2.924589502570968,0.07768928571428595,0.07636356825217182,1.7356510065975574,55.00000000000027,53.26434899340271,2.1305739597361084,TP,10213.025938797758,2.589642857142865,81.0,21.400382894376712
XAUUSDm,grid_thai_21_23_rr2.2_body1.8_wick0.4_close20_extOff_ema20_50_atrMinOff_atrMax90,momentum,2025-04-04 14:45:00+00:00,2025-04-04 14:50:00+00:00,2025-04-06 22:10:00+00:00,SELL,session_breakout,3029.9118878675504,3058.65,2966.688041176161,2.2,0.8699249235572153,0.2334278571428581,0.19439820387823062,0.5273385617615741,-1.793882739187784,-2.3212213009493583,-0.09284885203797433,TIMEOUT,10210.704717496808,7.780928571428603,59.0,30.867940395220437
XAUUSDm,grid_thai_21_23_rr2.2_body1.8_wick0.4_close20_extOff_ema20_50_atrMinOff_atrMax90,momentum,2025-04-09 14:15:00+00:00,2025-04-09 14:20:00+00:00,2025-04-09 15:00:00+00:00,BUY,session_breakout,3081.246857142856,3067.565,3111.3469428571384,2.2,1.8272373215835154,0.1806021428571408,0.15355607142671152,1.1235338508766672,-25.0,-26.12353385087667,-1.0449413540350667,SL,10184.581183645932,6.02007142857136,68.0,34.91956881585893
XAUUSDm,grid_thai_21_23_rr2.2_body1.8_wick0.4_close20_extOff_ema20_50_atrMinOff_atrMax90,momentum,2025-04-10 15:35:00+00:00,2025-04-10 15:40:00+00:00,2025-04-11 03:40:00+00:00,BUY,session_breakout,3174.5218691874543,3148.496,3231.7787813998534,2.2,0.9605827117601624,0.17182500000000184,0.06695668745413368,0.6138757387080931,39.97573578888073,39.36186005017264,1.5744744020069055,TIMEOUT,10223.943043696105,5.727500000000061,77.0,22.65349028004977
XAUUSDm,grid_thai_21_23_rr2.2_body1.8_wick0.4_close20_extOff_ema20_50_atrMinOff_atrMax90,momentum,2025-04-16 15:50:00+00:00,2025-04-16 15:55:00+00:00,2025-04-17 03:55:00+00:00,BUY,session_breakout,3328.227400313613,3305.294,3378.6808810035623,2.2,1.0901130952290599,0.1357521428571421,0.0835242421845755,0.7274103827892298,17.815281928216876,17.087871545427646,0.6835148618171059,TIMEOUT,10241.030915241532,4.525071428571404,50.0,30.685435915508457
XAUUSDm,grid_thai_21_23_rr2.2_body1.8_wick0.4_close20_extOff_ema20_50_atrMinOff_atrMax90,momentum,2025-07-15 15:30:00+00:00,2025-07-15 15:35:00+00:00,2025-07-16 03:35:00+00:00,SELL,session_breakout,3326.066122654749,3349.939,3273.5457924951975,2.2,1.047213523466346,0.10841999999999903,0.06066734525110697,0.6974703998112444,-8.50115093778808,-9.198621337599324,-0.367944853503973,TIMEOUT,10231.832293903934,3.613999999999968,73.0,26.608327003519747
XAUUSDm,grid_thai_21_23_rr2.2_body1.8_wick0.4_close20_extOff_ema20_50_atrMinOff_atrMax90,momentum,2025-07-23 15:55:00+00:00,2025-07-23 16:00:00+00:00,2025-07-24 04:00:00+00:00,SELL,session_breakout,3397.971109273133,3415.874,3358.5847496740266,2.2,1.3964225320597423,0.09310928571428284,0.08833608400997388,0.9471970494538532,18.036346015549142,17.08914896609529,0.6835659586438116,TIMEOUT,10248.921442870029,3.1036428571427614,77.0,23.71532504577227
XAUUSDm,grid_thai_21_23_rr2.2_body1.8_wick0.4_close20_extOff_ema20_50_atrMinOff_atrMax90,momentum,2025-09-08 15:00:00+00:00,2025-09-08 15:05:00+00:00,2025-09-08 22:30:00+00:00,BUY,session_breakout,3644.346880277029,3628.87,3678.396016886493,2.2,1.6153126180800943,0.11503928571428365,0.08636063417157988,1.1748519000744624,-25.0,-26.17485190007446,-1.0469940760029786,SL,10222.746590969955,3.8346428571427884,85.0,46.48701540108188
XAUUSDm,grid_thai_21_23_rr2.2_body1.8_wick0.4_close20_extOff_ema20_50_atrMinOff_atrMax90,momentum,2025-09-15 15:45:00+00:00,2025-09-15 15:50:00+00:00,2025-09-16 03:50:00+00:00,BUY,session_breakout,3673.75097031879,3663.164,3697.0423050201284,2.2,2.3613932265049806,0.06684214285714137,0.05854924736127704,1.7368479245815576,18.13793146179198,16.401083537210422,0.6560433414884169,TIMEOUT,10239.147674507165,2.2280714285713787,41.0,26.973942601022724
XAUUSDm,grid_thai_21_23_rr2.2_body1.8_wick0.4_close20_extOff_ema20_50_atrMinOff_atrMax90,momentum,2025-09-24 15:30:00+00:00,2025-09-24 15:35:00+00:00,2025-09-24 19:00:00+00:00,SELL,session_breakout,3745.7969543755967,3756.584,3722.0654540019095,2.2,2.317594721528141,0.12161999999999774,0.07423562440296463,1.7307478498754139,55.00000000000042,53.269252150125006,2.130770086005,TP,10292.41692665729,4.053999999999925,86.0,31.755852149907987
XAUUSDm,grid_thai_21_23_rr2.2_body1.8_wick0.4_close20_extOff_ema20_50_atrMinOff_atrMax90,momentum,2025-10-16 15:50:00+00:00,2025-10-16 15:55:00+00:00,2025-10-16 16:35:00+00:00,BUY,session_breakout,4275.775352625497,4266.512,4296.154728401592,2.2,2.698806901853955,0.1421721428571501,0.06526655406852806,2.305398406488544,-25.0,-27.305398406488543,-1.0922159362595416,SL,10265.111528250802,4.739071428571671,62.0,22.457971902325014
XAUUSDm,grid_thai_21_23_rr2.2_body1.8_wick0.4_close20_extOff_ema20_50_atrMinOff_atrMax90,momentum,2026-04-09 15:30:00+00:00,2026-04-09 15:35:00+00:00,2026-04-09 20:42:00+00:00,BUY,session_breakout,4792.335001132509,4761.204,4860.82320362403,2.2,0.8030580158211809,0.2718385714285718,0.18708184679545387,0.7672046074319739,-25.0,-25.767204607431974,-1.030688184297279,SL,10239.34432364337,9.061285714285727,87.0,25.550615190377606
XAUUSDm,grid_thai_21_23_rr2.2_body1.8_wick0.4_close20_extOff_ema20_50_atrMin30_atrMax90,momentum,2025-01-02 15:45:00+00:00,2025-01-02 15:50:00+00:00,2025-01-03 03:50:00+00:00,BUY,session_breakout,2654.187852362225,2646.522,2671.05272755912,2.2,3.2612159507783436,0.07665428571428556,0.06452521936770146,1.7339467293168087,27.70777219648044,25.973825467163632,1.0389530186865452,TIMEOUT,10025.973825467163,2.5551428571428523,72.0,20.964743866285275
XAUUSDm,grid_thai_21_23_rr2.2_body1.8_wick0.4_close20_extOff_ema20_50_atrMin30_atrMax90,momentum,2025-01-21 14:55:00+00:00,2025-01-21 15:00:00+00:00,2025-01-22 03:00:00+00:00,BUY,session_breakout,2738.1903386182,2728.538,2759.4254835782394,2.2,2.5900458934233517,0.07075285714285819,0.04296218962845767,1.4212336397605596,28.259113706464642,26.837880066704084,1.0735152026681634,TIMEOUT,10052.811705533866,2.358428571428606,78.0,19.53074948750955
XAUUSDm,grid_thai_21_23_rr2.2_body1.8_wick0.4_close20_extOff_ema20_50_atrMin30_atrMax90,momentum,2025-01-30 15:50:00+00:00,2025-01-30 15:55:00+00:00,2025-01-31 03:55:00+00:00,BUY,session_breakout,2795.3858927142396,2786.996,2813.8436566855667,2.2,2.9797758864746164,0.06844499999999958,0.061670214239833814,1.666242669356081,3.1797405583900913,1.5134978890340103,0.06053991556136041,TIMEOUT,10054.3252034229,2.281499999999986,84.0,50.393268437493575
XAUUSDm,grid_thai_21_23_rr2.2_body1.8_wick0.4_close20_extOff_ema20_50_atrMin30_atrMax90,momentum,2025-02-03 14:05:00+00:00,2025-02-03 14:10:00+00:00,2025-02-03 14:45:00+00:00,BUY,session_breakout,2812.8864698534603,2808.133,2823.3441035310734,2.2,5.259315988256479,0.06479785714285624,0.05107092488894559,2.9642717568101267,54.99999999999999,52.035728243189865,2.0814291297275944,TP,10106.360931666091,2.159928571428541,67.0,42.13606719284656
XAUUSDm,grid_thai_21_23_rr2.2_body1.8_wick0.4_close20_extOff_ema20_50_atrMin30_atrMax90,momentum,2025-02-06 14:05:00+00:00,2025-02-06 14:10:00+00:00,2025-02-06 15:05:00+00:00,SELL,session_breakout,2854.9073313121303,2863.802,2835.3390601988167,2.2,2.8106724238187613,0.08161071428571437,0.029863330727166015,1.5993418617354034,54.999999999999744,53.40065813826434,2.136026325530574,TP,10159.761589804355,2.7203571428571456,87.0,20.36370759740473
XAUUSDm,grid_thai_21_23_rr2.2_body1.8_wick0.4_close20_extOff_ema20_50_atrMin30_atrMax90,momentum,2025-03-13 14:35:00+00:00,2025-03-13 14:40:00+00:00,2025-03-13 15:35:00+00:00,BUY,session_breakout,2957.9382082111088,2949.39,2976.7442662755484,2.2,2.924589502570968,0.07768928571428595,0.07636356825217182,1.7356510065975574,55.00000000000027,53.26434899340271,2.1305739597361084,TP,10213.025938797758,2.589642857142865,81.0,21.400382894376712
XAUUSDm,grid_thai_21_23_rr2.2_body1.8_wick0.4_close20_extOff_ema20_50_atrMin30_atrMax90,momentum,2025-04-04 14:45:00+00:00,2025-04-04 14:50:00+00:00,2025-04-06 22:10:00+00:00,SELL,session_breakout,3029.9118878675504,3058.65,2966.688041176161,2.2,0.8699249235572153,0.2334278571428581,0.19439820387823062,0.5273385617615741,-1.793882739187784,-2.3212213009493583,-0.09284885203797433,TIMEOUT,10210.704717496808,7.780928571428603,59.0,30.867940395220437
XAUUSDm,grid_thai_21_23_rr2.2_body1.8_wick0.4_close20_extOff_ema20_50_atrMin30_atrMax90,momentum,2025-04-09 14:15:00+00:00,2025-04-09 14:20:00+00:00,2025-04-09 15:00:00+00:00,BUY,session_breakout,3081.246857142856,3067.565,3111.3469428571384,2.2,1.8272373215835154,0.1806021428571408,0.15355607142671152,1.1235338508766672,-25.0,-26.12353385087667,-1.0449413540350667,SL,10184.581183645932,6.02007142857136,68.0,34.91956881585893
XAUUSDm,grid_thai_21_23_rr2.2_body1.8_wick0.4_close20_extOff_ema20_50_atrMin30_atrMax90,momentum,2025-04-10 15:35:00+00:00,2025-04-10 15:40:00+00:00,2025-04-11 03:40:00+00:00,BUY,session_breakout,3174.5218691874543,3148.496,3231.7787813998534,2.2,0.9605827117601624,0.17182500000000184,0.06695668745413368,0.6138757387080931,39.97573578888073,39.36186005017264,1.5744744020069055,TIMEOUT,10223.943043696105,5.727500000000061,77.0,22.65349028004977
XAUUSDm,grid_thai_21_23_rr2.2_body1.8_wick0.4_close20_extOff_ema20_50_atrMin30_atrMax90,momentum,2025-04-16 15:50:00+00:00,2025-04-16 15:55:00+00:00,2025-04-17 03:55:00+00:00,BUY,session_breakout,3328.227400313613,3305.294,3378.6808810035623,2.2,1.0901130952290599,0.1357521428571421,0.0835242421845755,0.7274103827892298,17.815281928216876,17.087871545427646,0.6835148618171059,TIMEOUT,10241.030915241532,4.525071428571404,50.0,30.685435915508457
XAUUSDm,grid_thai_21_23_rr2.2_body1.8_wick0.4_close20_extOff_ema20_50_atrMin30_atrMax90,momentum,2025-07-15 15:30:00+00:00,2025-07-15 15:35:00+00:00,2025-07-16 03:35:00+00:00,SELL,session_breakout,3326.066122654749,3349.939,3273.5457924951975,2.2,1.047213523466346,0.10841999999999903,0.06066734525110697,0.6974703998112444,-8.50115093778808,-9.198621337599324,-0.367944853503973,TIMEOUT,10231.832293903934,3.613999999999968,73.0,26.608327003519747
XAUUSDm,grid_thai_21_23_rr2.2_body1.8_wick0.4_close20_extOff_ema20_50_atrMin30_atrMax90,momentum,2025-07-23 15:55:00+00:00,2025-07-23 16:00:00+00:00,2025-07-24 04:00:00+00:00,SELL,session_breakout,3397.971109273133,3415.874,3358.5847496740266,2.2,1.3964225320597423,0.09310928571428284,0.08833608400997388,0.9471970494538532,18.036346015549142,17.08914896609529,0.6835659586438116,TIMEOUT,10248.921442870029,3.1036428571427614,77.0,23.71532504577227
XAUUSDm,grid_thai_21_23_rr2.2_body1.8_wick0.4_close20_extOff_ema20_50_atrMin30_atrMax90,momentum,2025-09-08 15:00:00+00:00,2025-09-08 15:05:00+00:00,2025-09-08 22:30:00+00:00,BUY,session_breakout,3644.346880277029,3628.87,3678.396016886493,2.2,1.6153126180800943,0.11503928571428365,0.08636063417157988,1.1748519000744624,-25.0,-26.17485190007446,-1.0469940760029786,SL,10222.746590969955,3.8346428571427884,85.0,46.48701540108188
XAUUSDm,grid_thai_21_23_rr2.2_body1.8_wick0.4_close20_extOff_ema20_50_atrMin30_atrMax90,momentum,2025-09-15 15:45:00+00:00,2025-09-15 15:50:00+00:00,2025-09-16 03:50:00+00:00,BUY,session_breakout,3673.75097031879,3663.164,3697.0423050201284,2.2,2.3613932265049806,0.06684214285714137,0.05854924736127704,1.7368479245815576,18.13793146179198,16.401083537210422,0.6560433414884169,TIMEOUT,10239.147674507165,2.2280714285713787,41.0,26.973942601022724
XAUUSDm,grid_thai_21_23_rr2.2_body1.8_wick0.4_close20_extOff_ema20_50_atrMin30_atrMax90,momentum,2025-09-24 15:30:00+00:00,2025-09-24 15:35:00+00:00,2025-09-24 19:00:00+00:00,SELL,session_breakout,3745.7969543755967,3756.584,3722.0654540019095,2.2,2.317594721528141,0.12161999999999774,0.07423562440296463,1.7307478498754139,55.00000000000042,53.269252150125006,2.130770086005,TP,10292.41692665729,4.053999999999925,86.0,31.755852149907987
XAUUSDm,grid_thai_21_23_rr2.2_body1.8_wick0.4_close20_extOff_ema20_50_atrMin30_atrMax90,momentum,2025-10-16 15:50:00+00:00,2025-10-16 15:55:00+00:00,2025-10-16 16:35:00+00:00,BUY,session_breakout,4275.775352625497,4266.512,4296.154728401592,2.2,2.698806901853955,0.1421721428571501,0.06526655406852806,2.305398406488544,-25.0,-27.305398406488543,-1.0922159362595416,SL,10265.111528250802,4.739071428571671,62.0,22.457971902325014
XAUUSDm,grid_thai_21_23_rr2.2_body1.8_wick0.4_close20_extOff_ema20_50_atrMin30_atrMax90,momentum,2026-04-09 15:30:00+00:00,2026-04-09 15:35:00+00:00,2026-04-09 20:42:00+00:00,BUY,session_breakout,4792.335001132509,4761.204,4860.82320362403,2.2,0.8030580158211809,0.2718385714285718,0.18708184679545387,0.7672046074319739,-25.0,-25.767204607431974,-1.030688184297279,SL,10239.34432364337,9.061285714285727,87.0,25.550615190377606
XAUUSDm,grid_thai_21_23_rr2.2_body1.8_wick0.4_close20_extOff_ema20_50_atrMin40_atrMax90,momentum,2025-01-02 15:45:00+00:00,2025-01-02 15:50:00+00:00,2025-01-03 03:50:00+00:00,BUY,session_breakout,2654.187852362225,2646.522,2671.05272755912,2.2,3.2612159507783436,0.07665428571428556,0.06452521936770146,1.7339467293168087,27.70777219648044,25.973825467163632,1.0389530186865452,TIMEOUT,10025.973825467163,2.5551428571428523,72.0,20.964743866285275
XAUUSDm,grid_thai_21_23_rr2.2_body1.8_wick0.4_close20_extOff_ema20_50_atrMin40_atrMax90,momentum,2025-01-21 14:55:00+00:00,2025-01-21 15:00:00+00:00,2025-01-22 03:00:00+00:00,BUY,session_breakout,2738.1903386182,2728.538,2759.4254835782394,2.2,2.5900458934233517,0.07075285714285819,0.04296218962845767,1.4212336397605596,28.259113706464642,26.837880066704084,1.0735152026681634,TIMEOUT,10052.811705533866,2.358428571428606,78.0,19.53074948750955
XAUUSDm,grid_thai_21_23_rr2.2_body1.8_wick0.4_close20_extOff_ema20_50_atrMin40_atrMax90,momentum,2025-01-30 15:50:00+00:00,2025-01-30 15:55:00+00:00,2025-01-31 03:55:00+00:00,BUY,session_breakout,2795.3858927142396,2786.996,2813.8436566855667,2.2,2.9797758864746164,0.06844499999999958,0.061670214239833814,1.666242669356081,3.1797405583900913,1.5134978890340103,0.06053991556136041,TIMEOUT,10054.3252034229,2.281499999999986,84.0,50.393268437493575
XAUUSDm,grid_thai_21_23_rr2.2_body1.8_wick0.4_close20_extOff_ema20_50_atrMin40_atrMax90,momentum,2025-02-03 14:05:00+00:00,2025-02-03 14:10:00+00:00,2025-02-03 14:45:00+00:00,BUY,session_breakout,2812.8864698534603,2808.133,2823.3441035310734,2.2,5.259315988256479,0.06479785714285624,0.05107092488894559,2.9642717568101267,54.99999999999999,52.035728243189865,2.0814291297275944,TP,10106.360931666091,2.159928571428541,67.0,42.13606719284656
XAUUSDm,grid_thai_21_23_rr2.2_body1.8_wick0.4_close20_extOff_ema20_50_atrMin40_atrMax90,momentum,2025-02-06 14:05:00+00:00,2025-02-06 14:10:00+00:00,2025-02-06 15:05:00+00:00,SELL,session_breakout,2854.9073313121303,2863.802,2835.3390601988167,2.2,2.8106724238187613,0.08161071428571437,0.029863330727166015,1.5993418617354034,54.999999999999744,53.40065813826434,2.136026325530574,TP,10159.761589804355,2.7203571428571456,87.0,20.36370759740473
XAUUSDm,grid_thai_21_23_rr2.2_body1.8_wick0.4_close20_extOff_ema20_50_atrMin40_atrMax90,momentum,2025-03-13 14:35:00+00:00,2025-03-13 14:40:00+00:00,2025-03-13 15:35:00+00:00,BUY,session_breakout,2957.9382082111088,2949.39,2976.7442662755484,2.2,2.924589502570968,0.07768928571428595,0.07636356825217182,1.7356510065975574,55.00000000000027,53.26434899340271,2.1305739597361084,TP,10213.025938797758,2.589642857142865,81.0,21.400382894376712
XAUUSDm,grid_thai_21_23_rr2.2_body1.8_wick0.4_close20_extOff_ema20_50_atrMin40_atrMax90,momentum,2025-04-04 14:45:00+00:00,2025-04-04 14:50:00+00:00,2025-04-06 22:10:00+00:00,SELL,session_breakout,3029.9118878675504,3058.65,2966.688041176161,2.2,0.8699249235572153,0.2334278571428581,0.19439820387823062,0.5273385617615741,-1.793882739187784,-2.3212213009493583,-0.09284885203797433,TIMEOUT,10210.704717496808,7.780928571428603,59.0,30.867940395220437
XAUUSDm,grid_thai_21_23_rr2.2_body1.8_wick0.4_close20_extOff_ema20_50_atrMin40_atrMax90,momentum,2025-04-09 14:15:00+00:00,2025-04-09 14:20:00+00:00,2025-04-09 15:00:00+00:00,BUY,session_breakout,3081.246857142856,3067.565,3111.3469428571384,2.2,1.8272373215835154,0.1806021428571408,0.15355607142671152,1.1235338508766672,-25.0,-26.12353385087667,-1.0449413540350667,SL,10184.581183645932,6.02007142857136,68.0,34.91956881585893
XAUUSDm,grid_thai_21_23_rr2.2_body1.8_wick0.4_close20_extOff_ema20_50_atrMin40_atrMax90,momentum,2025-04-10 15:35:00+00:00,2025-04-10 15:40:00+00:00,2025-04-11 03:40:00+00:00,BUY,session_breakout,3174.5218691874543,3148.496,3231.7787813998534,2.2,0.9605827117601624,0.17182500000000184,0.06695668745413368,0.6138757387080931,39.97573578888073,39.36186005017264,1.5744744020069055,TIMEOUT,10223.943043696105,5.727500000000061,77.0,22.65349028004977
XAUUSDm,grid_thai_21_23_rr2.2_body1.8_wick0.4_close20_extOff_ema20_50_atrMin40_atrMax90,momentum,2025-04-16 15:50:00+00:00,2025-04-16 15:55:00+00:00,2025-04-17 03:55:00+00:00,BUY,session_breakout,3328.227400313613,3305.294,3378.6808810035623,2.2,1.0901130952290599,0.1357521428571421,0.0835242421845755,0.7274103827892298,17.815281928216876,17.087871545427646,0.6835148618171059,TIMEOUT,10241.030915241532,4.525071428571404,50.0,30.685435915508457
XAUUSDm,grid_thai_21_23_rr2.2_body1.8_wick0.4_close20_extOff_ema20_50_atrMin40_atrMax90,momentum,2025-07-15 15:30:00+00:00,2025-07-15 15:35:00+00:00,2025-07-16 03:35:00+00:00,SELL,session_breakout,3326.066122654749,3349.939,3273.5457924951975,2.2,1.047213523466346,0.10841999999999903,0.06066734525110697,0.6974703998112444,-8.50115093778808,-9.198621337599324,-0.367944853503973,TIMEOUT,10231.832293903934,3.613999999999968,73.0,26.608327003519747
XAUUSDm,grid_thai_21_23_rr2.2_body1.8_wick0.4_close20_extOff_ema20_50_atrMin40_atrMax90,momentum,2025-07-23 15:55:00+00:00,2025-07-23 16:00:00+00:00,2025-07-24 04:00:00+00:00,SELL,session_breakout,3397.971109273133,3415.874,3358.5847496740266,2.2,1.3964225320597423,0.09310928571428284,0.08833608400997388,0.9471970494538532,18.036346015549142,17.08914896609529,0.6835659586438116,TIMEOUT,10248.921442870029,3.1036428571427614,77.0,23.71532504577227
XAUUSDm,grid_thai_21_23_rr2.2_body1.8_wick0.4_close20_extOff_ema20_50_atrMin40_atrMax90,momentum,2025-09-08 15:00:00+00:00,2025-09-08 15:05:00+00:00,2025-09-08 22:30:00+00:00,BUY,session_breakout,3644.346880277029,3628.87,3678.396016886493,2.2,1.6153126180800943,0.11503928571428365,0.08636063417157988,1.1748519000744624,-25.0,-26.17485190007446,-1.0469940760029786,SL,10222.746590969955,3.8346428571427884,85.0,46.48701540108188
XAUUSDm,grid_thai_21_23_rr2.2_body1.8_wick0.4_close20_extOff_ema20_50_atrMin40_atrMax90,momentum,2025-09-15 15:45:00+00:00,2025-09-15 15:50:00+00:00,2025-09-16 03:50:00+00:00,BUY,session_breakout,3673.75097031879,3663.164,3697.0423050201284,2.2,2.3613932265049806,0.06684214285714137,0.05854924736127704,1.7368479245815576,18.13793146179198,16.401083537210422,0.6560433414884169,TIMEOUT,10239.147674507165,2.2280714285713787,41.0,26.973942601022724
XAUUSDm,grid_thai_21_23_rr2.2_body1.8_wick0.4_close20_extOff_ema20_50_atrMin40_atrMax90,momentum,2025-09-24 15:30:00+00:00,2025-09-24 15:35:00+00:00,2025-09-24 19:00:00+00:00,SELL,session_breakout,3745.7969543755967,3756.584,3722.0654540019095,2.2,2.317594721528141,0.12161999999999774,0.07423562440296463,1.7307478498754139,55.00000000000042,53.269252150125006,2.130770086005,TP,10292.41692665729,4.053999999999925,86.0,31.755852149907987
XAUUSDm,grid_thai_21_23_rr2.2_body1.8_wick0.4_close20_extOff_ema20_50_atrMin40_atrMax90,momentum,2025-10-16 15:50:00+00:00,2025-10-16 15:55:00+00:00,2025-10-16 16:35:00+00:00,BUY,session_breakout,4275.775352625497,4266.512,4296.154728401592,2.2,2.698806901853955,0.1421721428571501,0.06526655406852806,2.305398406488544,-25.0,-27.305398406488543,-1.0922159362595416,SL,10265.111528250802,4.739071428571671,62.0,22.457971902325014
XAUUSDm,grid_thai_21_23_rr2.2_body1.8_wick0.4_close20_extOff_ema20_50_atrMin40_atrMax90,momentum,2026-04-09 15:30:00+00:00,2026-04-09 15:35:00+00:00,2026-04-09 20:42:00+00:00,BUY,session_breakout,4792.335001132509,4761.204,4860.82320362403,2.2,0.8030580158211809,0.2718385714285718,0.18708184679545387,0.7672046074319739,-25.0,-25.767204607431974,-1.030688184297279,SL,10239.34432364337,9.061285714285727,87.0,25.550615190377606
XAUUSDm,grid_thai_21_23_rr2.2_body1.8_wick0.3_close20_extOff_ema20_50_atrMinOff_atrMax90,momentum,2025-01-02 15:45:00+00:00,2025-01-02 15:50:00+00:00,2025-01-03 03:50:00+00:00,BUY,session_breakout,2654.187852362225,2646.522,2671.05272755912,2.2,3.2612159507783436,0.07665428571428556,0.06452521936770146,1.7339467293168087,27.70777219648044,25.973825467163632,1.0389530186865452,TIMEOUT,10025.973825467163,2.5551428571428523,72.0,20.964743866285275
XAUUSDm,grid_thai_21_23_rr2.2_body1.8_wick0.3_close20_extOff_ema20_50_atrMinOff_atrMax90,momentum,2025-01-21 14:55:00+00:00,2025-01-21 15:00:00+00:00,2025-01-22 03:00:00+00:00,BUY,session_breakout,2738.1903386182,2728.538,2759.4254835782394,2.2,2.5900458934233517,0.07075285714285819,0.04296218962845767,1.4212336397605596,28.259113706464642,26.837880066704084,1.0735152026681634,TIMEOUT,10052.811705533866,2.358428571428606,78.0,19.53074948750955
XAUUSDm,grid_thai_21_23_rr2.2_body1.8_wick0.3_close20_extOff_ema20_50_atrMinOff_atrMax90,momentum,2025-01-30 15:50:00+00:00,2025-01-30 15:55:00+00:00,2025-01-31 03:55:00+00:00,BUY,session_breakout,2795.3858927142396,2786.996,2813.8436566855667,2.2,2.9797758864746164,0.06844499999999958,0.061670214239833814,1.666242669356081,3.1797405583900913,1.5134978890340103,0.06053991556136041,TIMEOUT,10054.3252034229,2.281499999999986,84.0,50.393268437493575
XAUUSDm,grid_thai_21_23_rr2.2_body1.8_wick0.3_close20_extOff_ema20_50_atrMinOff_atrMax90,momentum,2025-02-03 14:05:00+00:00,2025-02-03 14:10:00+00:00,2025-02-03 14:45:00+00:00,BUY,session_breakout,2812.8864698534603,2808.133,2823.3441035310734,2.2,5.259315988256479,0.06479785714285624,0.05107092488894559,2.9642717568101267,54.99999999999999,52.035728243189865,2.0814291297275944,TP,10106.360931666091,2.159928571428541,67.0,42.13606719284656
XAUUSDm,grid_thai_21_23_rr2.2_body1.8_wick0.3_close20_extOff_ema20_50_atrMinOff_atrMax90,momentum,2025-02-06 14:05:00+00:00,2025-02-06 14:10:00+00:00,2025-02-06 15:05:00+00:00,SELL,session_breakout,2854.9073313121303,2863.802,2835.3390601988167,2.2,2.8106724238187613,0.08161071428571437,0.029863330727166015,1.5993418617354034,54.999999999999744,53.40065813826434,2.136026325530574,TP,10159.761589804355,2.7203571428571456,87.0,20.36370759740473
XAUUSDm,grid_thai_21_23_rr2.2_body1.8_wick0.3_close20_extOff_ema20_50_atrMinOff_atrMax90,momentum,2025-03-13 14:35:00+00:00,2025-03-13 14:40:00+00:00,2025-03-13 15:35:00+00:00,BUY,session_breakout,2957.9382082111088,2949.39,2976.7442662755484,2.2,2.924589502570968,0.07768928571428595,0.07636356825217182,1.7356510065975574,55.00000000000027,53.26434899340271,2.1305739597361084,TP,10213.025938797758,2.589642857142865,81.0,21.400382894376712
XAUUSDm,grid_thai_21_23_rr2.2_body1.8_wick0.3_close20_extOff_ema20_50_atrMinOff_atrMax90,momentum,2025-04-04 14:45:00+00:00,2025-04-04 14:50:00+00:00,2025-04-06 22:10:00+00:00,SELL,session_breakout,3029.9118878675504,3058.65,2966.688041176161,2.2,0.8699249235572153,0.2334278571428581,0.19439820387823062,0.5273385617615741,-1.793882739187784,-2.3212213009493583,-0.09284885203797433,TIMEOUT,10210.704717496808,7.780928571428603,59.0,30.867940395220437
XAUUSDm,grid_thai_21_23_rr2.2_body1.8_wick0.3_close20_extOff_ema20_50_atrMinOff_atrMax90,momentum,2025-04-09 14:15:00+00:00,2025-04-09 14:20:00+00:00,2025-04-09 15:00:00+00:00,BUY,session_breakout,3081.246857142856,3067.565,3111.3469428571384,2.2,1.8272373215835154,0.1806021428571408,0.15355607142671152,1.1235338508766672,-25.0,-26.12353385087667,-1.0449413540350667,SL,10184.581183645932,6.02007142857136,68.0,34.91956881585893
XAUUSDm,grid_thai_21_23_rr2.2_body1.8_wick0.3_close20_extOff_ema20_50_atrMinOff_atrMax90,momentum,2025-04-10 15:35:00+00:00,2025-04-10 15:40:00+00:00,2025-04-11 03:40:00+00:00,BUY,session_breakout,3174.5218691874543,3148.496,3231.7787813998534,2.2,0.9605827117601624,0.17182500000000184,0.06695668745413368,0.6138757387080931,39.97573578888073,39.36186005017264,1.5744744020069055,TIMEOUT,10223.943043696105,5.727500000000061,77.0,22.65349028004977
XAUUSDm,grid_thai_21_23_rr2.2_body1.8_wick0.3_close20_extOff_ema20_50_atrMinOff_atrMax90,momentum,2025-04-16 15:50:00+00:00,2025-04-16 15:55:00+00:00,2025-04-17 03:55:00+00:00,BUY,session_breakout,3328.227400313613,3305.294,3378.6808810035623,2.2,1.0901130952290599,0.1357521428571421,0.0835242421845755,0.7274103827892298,17.815281928216876,17.087871545427646,0.6835148618171059,TIMEOUT,10241.030915241532,4.525071428571404,50.0,30.685435915508457
XAUUSDm,grid_thai_21_23_rr2.2_body1.8_wick0.3_close20_extOff_ema20_50_atrMinOff_atrMax90,momentum,2025-07-15 15:30:00+00:00,2025-07-15 15:35:00+00:00,2025-07-16 03:35:00+00:00,SELL,session_breakout,3326.066122654749,3349.939,3273.5457924951975,2.2,1.047213523466346,0.10841999999999903,0.06066734525110697,0.6974703998112444,-8.50115093778808,-9.198621337599324,-0.367944853503973,TIMEOUT,10231.832293903934,3.613999999999968,73.0,26.608327003519747
XAUUSDm,grid_thai_21_23_rr2.2_body1.8_wick0.3_close20_extOff_ema20_50_atrMinOff_atrMax90,momentum,2025-07-23 15:55:00+00:00,2025-07-23 16:00:00+00:00,2025-07-24 04:00:00+00:00,SELL,session_breakout,3397.971109273133,3415.874,3358.5847496740266,2.2,1.3964225320597423,0.09310928571428284,0.08833608400997388,0.9471970494538532,18.036346015549142,17.08914896609529,0.6835659586438116,TIMEOUT,10248.921442870029,3.1036428571427614,77.0,23.71532504577227
XAUUSDm,grid_thai_21_23_rr2.2_body1.8_wick0.3_close20_extOff_ema20_50_atrMinOff_atrMax90,momentum,2025-09-08 15:00:00+00:00,2025-09-08 15:05:00+00:00,2025-09-08 22:30:00+00:00,BUY,session_breakout,3644.346880277029,3628.87,3678.396016886493,2.2,1.6153126180800943,0.11503928571428365,0.08636063417157988,1.1748519000744624,-25.0,-26.17485190007446,-1.0469940760029786,SL,10222.746590969955,3.8346428571427884,85.0,46.48701540108188
XAUUSDm,grid_thai_21_23_rr2.2_body1.8_wick0.3_close20_extOff_ema20_50_atrMinOff_atrMax90,momentum,2025-09-15 15:45:00+00:00,2025-09-15 15:50:00+00:00,2025-09-16 03:50:00+00:00,BUY,session_breakout,3673.75097031879,3663.164,3697.0423050201284,2.2,2.3613932265049806,0.06684214285714137,0.05854924736127704,1.7368479245815576,18.13793146179198,16.401083537210422,0.6560433414884169,TIMEOUT,10239.147674507165,2.2280714285713787,41.0,26.973942601022724
XAUUSDm,grid_thai_21_23_rr2.2_body1.8_wick0.3_close20_extOff_ema20_50_atrMinOff_atrMax90,momentum,2025-09-24 15:30:00+00:00,2025-09-24 15:35:00+00:00,2025-09-24 19:00:00+00:00,SELL,session_breakout,3745.7969543755967,3756.584,3722.0654540019095,2.2,2.317594721528141,0.12161999999999774,0.07423562440296463,1.7307478498754139,55.00000000000042,53.269252150125006,2.130770086005,TP,10292.41692665729,4.053999999999925,86.0,31.755852149907987
XAUUSDm,grid_thai_21_23_rr2.2_body1.8_wick0.3_close20_extOff_ema20_50_atrMinOff_atrMax90,momentum,2025-10-16 15:50:00+00:00,2025-10-16 15:55:00+00:00,2025-10-16 16:35:00+00:00,BUY,session_breakout,4275.775352625497,4266.512,4296.154728401592,2.2,2.698806901853955,0.1421721428571501,0.06526655406852806,2.305398406488544,-25.0,-27.305398406488543,-1.0922159362595416,SL,10265.111528250802,4.739071428571671,62.0,22.457971902325014
XAUUSDm,grid_thai_21_23_rr2.2_body1.8_wick0.3_close20_extOff_ema20_50_atrMinOff_atrMax90,momentum,2026-04-09 15:30:00+00:00,2026-04-09 15:35:00+00:00,2026-04-09 20:42:00+00:00,BUY,session_breakout,4792.335001132509,4761.204,4860.82320362403,2.2,0.8030580158211809,0.2718385714285718,0.18708184679545387,0.7672046074319739,-25.0,-25.767204607431974,-1.030688184297279,SL,10239.34432364337,9.061285714285727,87.0,25.550615190377606
XAUUSDm,grid_thai_21_23_rr2.2_body1.8_wick0.3_close20_extOff_ema20_50_atrMin30_atrMax90,momentum,2025-01-02 15:45:00+00:00,2025-01-02 15:50:00+00:00,2025-01-03 03:50:00+00:00,BUY,session_breakout,2654.187852362225,2646.522,2671.05272755912,2.2,3.2612159507783436,0.07665428571428556,0.06452521936770146,1.7339467293168087,27.70777219648044,25.973825467163632,1.0389530186865452,TIMEOUT,10025.973825467163,2.5551428571428523,72.0,20.964743866285275
XAUUSDm,grid_thai_21_23_rr2.2_body1.8_wick0.3_close20_extOff_ema20_50_atrMin30_atrMax90,momentum,2025-01-21 14:55:00+00:00,2025-01-21 15:00:00+00:00,2025-01-22 03:00:00+00:00,BUY,session_breakout,2738.1903386182,2728.538,2759.4254835782394,2.2,2.5900458934233517,0.07075285714285819,0.04296218962845767,1.4212336397605596,28.259113706464642,26.837880066704084,1.0735152026681634,TIMEOUT,10052.811705533866,2.358428571428606,78.0,19.53074948750955
XAUUSDm,grid_thai_21_23_rr2.2_body1.8_wick0.3_close20_extOff_ema20_50_atrMin30_atrMax90,momentum,2025-01-30 15:50:00+00:00,2025-01-30 15:55:00+00:00,2025-01-31 03:55:00+00:00,BUY,session_breakout,2795.3858927142396,2786.996,2813.8436566855667,2.2,2.9797758864746164,0.06844499999999958,0.061670214239833814,1.666242669356081,3.1797405583900913,1.5134978890340103,0.06053991556136041,TIMEOUT,10054.3252034229,2.281499999999986,84.0,50.393268437493575
XAUUSDm,grid_thai_21_23_rr2.2_body1.8_wick0.3_close20_extOff_ema20_50_atrMin30_atrMax90,momentum,2025-02-03 14:05:00+00:00,2025-02-03 14:10:00+00:00,2025-02-03 14:45:00+00:00,BUY,session_breakout,2812.8864698534603,2808.133,2823.3441035310734,2.2,5.259315988256479,0.06479785714285624,0.05107092488894559,2.9642717568101267,54.99999999999999,52.035728243189865,2.0814291297275944,TP,10106.360931666091,2.159928571428541,67.0,42.13606719284656
XAUUSDm,grid_thai_21_23_rr2.2_body1.8_wick0.3_close20_extOff_ema20_50_atrMin30_atrMax90,momentum,2025-02-06 14:05:00+00:00,2025-02-06 14:10:00+00:00,2025-02-06 15:05:00+00:00,SELL,session_breakout,2854.9073313121303,2863.802,2835.3390601988167,2.2,2.8106724238187613,0.08161071428571437,0.029863330727166015,1.5993418617354034,54.999999999999744,53.40065813826434,2.136026325530574,TP,10159.761589804355,2.7203571428571456,87.0,20.36370759740473
XAUUSDm,grid_thai_21_23_rr2.2_body1.8_wick0.3_close20_extOff_ema20_50_atrMin30_atrMax90,momentum,2025-03-13 14:35:00+00:00,2025-03-13 14:40:00+00:00,2025-03-13 15:35:00+00:00,BUY,session_breakout,2957.9382082111088,2949.39,2976.7442662755484,2.2,2.924589502570968,0.07768928571428595,0.07636356825217182,1.7356510065975574,55.00000000000027,53.26434899340271,2.1305739597361084,TP,10213.025938797758,2.589642857142865,81.0,21.400382894376712
XAUUSDm,grid_thai_21_23_rr2.2_body1.8_wick0.3_close20_extOff_ema20_50_atrMin30_atrMax90,momentum,2025-04-04 14:45:00+00:00,2025-04-04 14:50:00+00:00,2025-04-06 22:10:00+00:00,SELL,session_breakout,3029.9118878675504,3058.65,2966.688041176161,2.2,0.8699249235572153,0.2334278571428581,0.19439820387823062,0.5273385617615741,-1.793882739187784,-2.3212213009493583,-0.09284885203797433,TIMEOUT,10210.704717496808,7.780928571428603,59.0,30.867940395220437
XAUUSDm,grid_thai_21_23_rr2.2_body1.8_wick0.3_close20_extOff_ema20_50_atrMin30_atrMax90,momentum,2025-04-09 14:15:00+00:00,2025-04-09 14:20:00+00:00,2025-04-09 15:00:00+00:00,BUY,session_breakout,3081.246857142856,3067.565,3111.3469428571384,2.2,1.8272373215835154,0.1806021428571408,0.15355607142671152,1.1235338508766672,-25.0,-26.12353385087667,-1.0449413540350667,SL,10184.581183645932,6.02007142857136,68.0,34.91956881585893
XAUUSDm,grid_thai_21_23_rr2.2_body1.8_wick0.3_close20_extOff_ema20_50_atrMin30_atrMax90,momentum,2025-04-10 15:35:00+00:00,2025-04-10 15:40:00+00:00,2025-04-11 03:40:00+00:00,BUY,session_breakout,3174.5218691874543,3148.496,3231.7787813998534,2.2,0.9605827117601624,0.17182500000000184,0.06695668745413368,0.6138757387080931,39.97573578888073,39.36186005017264,1.5744744020069055,TIMEOUT,10223.943043696105,5.727500000000061,77.0,22.65349028004977
XAUUSDm,grid_thai_21_23_rr2.2_body1.8_wick0.3_close20_extOff_ema20_50_atrMin30_atrMax90,momentum,2025-04-16 15:50:00+00:00,2025-04-16 15:55:00+00:00,2025-04-17 03:55:00+00:00,BUY,session_breakout,3328.227400313613,3305.294,3378.6808810035623,2.2,1.0901130952290599,0.1357521428571421,0.0835242421845755,0.7274103827892298,17.815281928216876,17.087871545427646,0.6835148618171059,TIMEOUT,10241.030915241532,4.525071428571404,50.0,30.685435915508457
XAUUSDm,grid_thai_21_23_rr2.2_body1.8_wick0.3_close20_extOff_ema20_50_atrMin30_atrMax90,momentum,2025-07-15 15:30:00+00:00,2025-07-15 15:35:00+00:00,2025-07-16 03:35:00+00:00,SELL,session_breakout,3326.066122654749,3349.939,3273.5457924951975,2.2,1.047213523466346,0.10841999999999903,0.06066734525110697,0.6974703998112444,-8.50115093778808,-9.198621337599324,-0.367944853503973,TIMEOUT,10231.832293903934,3.613999999999968,73.0,26.608327003519747
XAUUSDm,grid_thai_21_23_rr2.2_body1.8_wick0.3_close20_extOff_ema20_50_atrMin30_atrMax90,momentum,2025-07-23 15:55:00+00:00,2025-07-23 16:00:00+00:00,2025-07-24 04:00:00+00:00,SELL,session_breakout,3397.971109273133,3415.874,3358.5847496740266,2.2,1.3964225320597423,0.09310928571428284,0.08833608400997388,0.9471970494538532,18.036346015549142,17.08914896609529,0.6835659586438116,TIMEOUT,10248.921442870029,3.1036428571427614,77.0,23.71532504577227
XAUUSDm,grid_thai_21_23_rr2.2_body1.8_wick0.3_close20_extOff_ema20_50_atrMin30_atrMax90,momentum,2025-09-08 15:00:00+00:00,2025-09-08 15:05:00+00:00,2025-09-08 22:30:00+00:00,BUY,session_breakout,3644.346880277029,3628.87,3678.396016886493,2.2,1.6153126180800943,0.11503928571428365,0.08636063417157988,1.1748519000744624,-25.0,-26.17485190007446,-1.0469940760029786,SL,10222.746590969955,3.8346428571427884,85.0,46.48701540108188
XAUUSDm,grid_thai_21_23_rr2.2_body1.8_wick0.3_close20_extOff_ema20_50_atrMin30_atrMax90,momentum,2025-09-15 15:45:00+00:00,2025-09-15 15:50:00+00:00,2025-09-16 03:50:00+00:00,BUY,session_breakout,3673.75097031879,3663.164,3697.0423050201284,2.2,2.3613932265049806,0.06684214285714137,0.05854924736127704,1.7368479245815576,18.13793146179198,16.401083537210422,0.6560433414884169,TIMEOUT,10239.147674507165,2.2280714285713787,41.0,26.973942601022724
XAUUSDm,grid_thai_21_23_rr2.2_body1.8_wick0.3_close20_extOff_ema20_50_atrMin30_atrMax90,momentum,2025-09-24 15:30:00+00:00,2025-09-24 15:35:00+00:00,2025-09-24 19:00:00+00:00,SELL,session_breakout,3745.7969543755967,3756.584,3722.0654540019095,2.2,2.317594721528141,0.12161999999999774,0.07423562440296463,1.7307478498754139,55.00000000000042,53.269252150125006,2.130770086005,TP,10292.41692665729,4.053999999999925,86.0,31.755852149907987
XAUUSDm,grid_thai_21_23_rr2.2_body1.8_wick0.3_close20_extOff_ema20_50_atrMin30_atrMax90,momentum,2025-10-16 15:50:00+00:00,2025-10-16 15:55:00+00:00,2025-10-16 16:35:00+00:00,BUY,session_breakout,4275.775352625497,4266.512,4296.154728401592,2.2,2.698806901853955,0.1421721428571501,0.06526655406852806,2.305398406488544,-25.0,-27.305398406488543,-1.0922159362595416,SL,10265.111528250802,4.739071428571671,62.0,22.457971902325014
XAUUSDm,grid_thai_21_23_rr2.2_body1.8_wick0.3_close20_extOff_ema20_50_atrMin30_atrMax90,momentum,2026-04-09 15:30:00+00:00,2026-04-09 15:35:00+00:00,2026-04-09 20:42:00+00:00,BUY,session_breakout,4792.335001132509,4761.204,4860.82320362403,2.2,0.8030580158211809,0.2718385714285718,0.18708184679545387,0.7672046074319739,-25.0,-25.767204607431974,-1.030688184297279,SL,10239.34432364337,9.061285714285727,87.0,25.550615190377606
XAUUSDm,grid_thai_21_23_rr2.2_body1.8_wick0.3_close20_extOff_ema20_50_atrMin40_atrMax90,momentum,2025-01-02 15:45:00+00:00,2025-01-02 15:50:00+00:00,2025-01-03 03:50:00+00:00,BUY,session_breakout,2654.187852362225,2646.522,2671.05272755912,2.2,3.2612159507783436,0.07665428571428556,0.06452521936770146,1.7339467293168087,27.70777219648044,25.973825467163632,1.0389530186865452,TIMEOUT,10025.973825467163,2.5551428571428523,72.0,20.964743866285275
XAUUSDm,grid_thai_21_23_rr2.2_body1.8_wick0.3_close20_extOff_ema20_50_atrMin40_atrMax90,momentum,2025-01-21 14:55:00+00:00,2025-01-21 15:00:00+00:00,2025-01-22 03:00:00+00:00,BUY,session_breakout,2738.1903386182,2728.538,2759.4254835782394,2.2,2.5900458934233517,0.07075285714285819,0.04296218962845767,1.4212336397605596,28.259113706464642,26.837880066704084,1.0735152026681634,TIMEOUT,10052.811705533866,2.358428571428606,78.0,19.53074948750955
XAUUSDm,grid_thai_21_23_rr2.2_body1.8_wick0.3_close20_extOff_ema20_50_atrMin40_atrMax90,momentum,2025-01-30 15:50:00+00:00,2025-01-30 15:55:00+00:00,2025-01-31 03:55:00+00:00,BUY,session_breakout,2795.3858927142396,2786.996,2813.8436566855667,2.2,2.9797758864746164,0.06844499999999958,0.061670214239833814,1.666242669356081,3.1797405583900913,1.5134978890340103,0.06053991556136041,TIMEOUT,10054.3252034229,2.281499999999986,84.0,50.393268437493575
XAUUSDm,grid_thai_21_23_rr2.2_body1.8_wick0.3_close20_extOff_ema20_50_atrMin40_atrMax90,momentum,2025-02-03 14:05:00+00:00,2025-02-03 14:10:00+00:00,2025-02-03 14:45:00+00:00,BUY,session_breakout,2812.8864698534603,2808.133,2823.3441035310734,2.2,5.259315988256479,0.06479785714285624,0.05107092488894559,2.9642717568101267,54.99999999999999,52.035728243189865,2.0814291297275944,TP,10106.360931666091,2.159928571428541,67.0,42.13606719284656
XAUUSDm,grid_thai_21_23_rr2.2_body1.8_wick0.3_close20_extOff_ema20_50_atrMin40_atrMax90,momentum,2025-02-06 14:05:00+00:00,2025-02-06 14:10:00+00:00,2025-02-06 15:05:00+00:00,SELL,session_breakout,2854.9073313121303,2863.802,2835.3390601988167,2.2,2.8106724238187613,0.08161071428571437,0.029863330727166015,1.5993418617354034,54.999999999999744,53.40065813826434,2.136026325530574,TP,10159.761589804355,2.7203571428571456,87.0,20.36370759740473
XAUUSDm,grid_thai_21_23_rr2.2_body1.8_wick0.3_close20_extOff_ema20_50_atrMin40_atrMax90,momentum,2025-03-13 14:35:00+00:00,2025-03-13 14:40:00+00:00,2025-03-13 15:35:00+00:00,BUY,session_breakout,2957.9382082111088,2949.39,2976.7442662755484,2.2,2.924589502570968,0.07768928571428595,0.07636356825217182,1.7356510065975574,55.00000000000027,53.26434899340271,2.1305739597361084,TP,10213.025938797758,2.589642857142865,81.0,21.400382894376712
XAUUSDm,grid_thai_21_23_rr2.2_body1.8_wick0.3_close20_extOff_ema20_50_atrMin40_atrMax90,momentum,2025-04-04 14:45:00+00:00,2025-04-04 14:50:00+00:00,2025-04-06 22:10:00+00:00,SELL,session_breakout,3029.9118878675504,3058.65,2966.688041176161,2.2,0.8699249235572153,0.2334278571428581,0.19439820387823062,0.5273385617615741,-1.793882739187784,-2.3212213009493583,-0.09284885203797433,TIMEOUT,10210.704717496808,7.780928571428603,59.0,30.867940395220437
XAUUSDm,grid_thai_21_23_rr2.2_body1.8_wick0.3_close20_extOff_ema20_50_atrMin40_atrMax90,momentum,2025-04-09 14:15:00+00:00,2025-04-09 14:20:00+00:00,2025-04-09 15:00:00+00:00,BUY,session_breakout,3081.246857142856,3067.565,3111.3469428571384,2.2,1.8272373215835154,0.1806021428571408,0.15355607142671152,1.1235338508766672,-25.0,-26.12353385087667,-1.0449413540350667,SL,10184.581183645932,6.02007142857136,68.0,34.91956881585893
XAUUSDm,grid_thai_21_23_rr2.2_body1.8_wick0.3_close20_extOff_ema20_50_atrMin40_atrMax90,momentum,2025-04-10 15:35:00+00:00,2025-04-10 15:40:00+00:00,2025-04-11 03:40:00+00:00,BUY,session_breakout,3174.5218691874543,3148.496,3231.7787813998534,2.2,0.9605827117601624,0.17182500000000184,0.06695668745413368,0.6138757387080931,39.97573578888073,39.36186005017264,1.5744744020069055,TIMEOUT,10223.943043696105,5.727500000000061,77.0,22.65349028004977
XAUUSDm,grid_thai_21_23_rr2.2_body1.8_wick0.3_close20_extOff_ema20_50_atrMin40_atrMax90,momentum,2025-04-16 15:50:00+00:00,2025-04-16 15:55:00+00:00,2025-04-17 03:55:00+00:00,BUY,session_breakout,3328.227400313613,3305.294,3378.6808810035623,2.2,1.0901130952290599,0.1357521428571421,0.0835242421845755,0.7274103827892298,17.815281928216876,17.087871545427646,0.6835148618171059,TIMEOUT,10241.030915241532,4.525071428571404,50.0,30.685435915508457
XAUUSDm,grid_thai_21_23_rr2.2_body1.8_wick0.3_close20_extOff_ema20_50_atrMin40_atrMax90,momentum,2025-07-15 15:30:00+00:00,2025-07-15 15:35:00+00:00,2025-07-16 03:35:00+00:00,SELL,session_breakout,3326.066122654749,3349.939,3273.5457924951975,2.2,1.047213523466346,0.10841999999999903,0.06066734525110697,0.6974703998112444,-8.50115093778808,-9.198621337599324,-0.367944853503973,TIMEOUT,10231.832293903934,3.613999999999968,73.0,26.608327003519747
XAUUSDm,grid_thai_21_23_rr2.2_body1.8_wick0.3_close20_extOff_ema20_50_atrMin40_atrMax90,momentum,2025-07-23 15:55:00+00:00,2025-07-23 16:00:00+00:00,2025-07-24 04:00:00+00:00,SELL,session_breakout,3397.971109273133,3415.874,3358.5847496740266,2.2,1.3964225320597423,0.09310928571428284,0.08833608400997388,0.9471970494538532,18.036346015549142,17.08914896609529,0.6835659586438116,TIMEOUT,10248.921442870029,3.1036428571427614,77.0,23.71532504577227
XAUUSDm,grid_thai_21_23_rr2.2_body1.8_wick0.3_close20_extOff_ema20_50_atrMin40_atrMax90,momentum,2025-09-08 15:00:00+00:00,2025-09-08 15:05:00+00:00,2025-09-08 22:30:00+00:00,BUY,session_breakout,3644.346880277029,3628.87,3678.396016886493,2.2,1.6153126180800943,0.11503928571428365,0.08636063417157988,1.1748519000744624,-25.0,-26.17485190007446,-1.0469940760029786,SL,10222.746590969955,3.8346428571427884,85.0,46.48701540108188
XAUUSDm,grid_thai_21_23_rr2.2_body1.8_wick0.3_close20_extOff_ema20_50_atrMin40_atrMax90,momentum,2025-09-15 15:45:00+00:00,2025-09-15 15:50:00+00:00,2025-09-16 03:50:00+00:00,BUY,session_breakout,3673.75097031879,3663.164,3697.0423050201284,2.2,2.3613932265049806,0.06684214285714137,0.05854924736127704,1.7368479245815576,18.13793146179198,16.401083537210422,0.6560433414884169,TIMEOUT,10239.147674507165,2.2280714285713787,41.0,26.973942601022724
XAUUSDm,grid_thai_21_23_rr2.2_body1.8_wick0.3_close20_extOff_ema20_50_atrMin40_atrMax90,momentum,2025-09-24 15:30:00+00:00,2025-09-24 15:35:00+00:00,2025-09-24 19:00:00+00:00,SELL,session_breakout,3745.7969543755967,3756.584,3722.0654540019095,2.2,2.317594721528141,0.12161999999999774,0.07423562440296463,1.7307478498754139,55.00000000000042,53.269252150125006,2.130770086005,TP,10292.41692665729,4.053999999999925,86.0,31.755852149907987
XAUUSDm,grid_thai_21_23_rr2.2_body1.8_wick0.3_close20_extOff_ema20_50_atrMin40_atrMax90,momentum,2025-10-16 15:50:00+00:00,2025-10-16 15:55:00+00:00,2025-10-16 16:35:00+00:00,BUY,session_breakout,4275.775352625497,4266.512,4296.154728401592,2.2,2.698806901853955,0.1421721428571501,0.06526655406852806,2.305398406488544,-25.0,-27.305398406488543,-1.0922159362595416,SL,10265.111528250802,4.739071428571671,62.0,22.457971902325014
XAUUSDm,grid_thai_21_23_rr2.2_body1.8_wick0.3_close20_extOff_ema20_50_atrMin40_atrMax90,momentum,2026-04-09 15:30:00+00:00,2026-04-09 15:35:00+00:00,2026-04-09 20:42:00+00:00,BUY,session_breakout,4792.335001132509,4761.204,4860.82320362403,2.2,0.8030580158211809,0.2718385714285718,0.18708184679545387,0.7672046074319739,-25.0,-25.767204607431974,-1.030688184297279,SL,10239.34432364337,9.061285714285727,87.0,25.550615190377606
XAUUSDm,grid_thai_21_23_rr2.2_body1.8_wick0.5_closeOff_ext2_ema20_50_atrMinOff_atrMax90,momentum,2025-02-03 14:05:00+00:00,2025-02-03 14:10:00+00:00,2025-02-03 14:45:00+00:00,BUY,session_breakout,2812.889943771143,2808.133,2823.3552200676577,2.2,5.255475196418445,0.06479785714285624,0.05454484257128204,2.962114665948823,54.99999999999905,52.03788533405022,2.081515413362009,TP,10052.03788533405,2.159928571428541,67.0,42.13606719284656
XAUUSDm,grid_thai_21_23_rr2.2_body1.8_wick0.5_closeOff_ext2_ema20_50_atrMinOff_atrMax90,momentum,2025-05-15 14:10:00+00:00,2025-05-15 14:15:00+00:00,2025-05-15 20:20:00+00:00,BUY,session_breakout,3203.1828188943064,3187.849,3236.91722046178,2.2,1.6303831532328237,0.17053500000000213,0.10355139430618265,1.0499830609300207,54.9999999999997,53.950016939069684,2.1580006775627876,TP,10105.98790227312,5.684500000000071,90.0,34.16501314090005
XAUUSDm,grid_thai_21_23_rr2.2_body1.8_wick0.5_closeOff_ext2_ema20_50_atrMinOff_atrMax90,momentum,2025-10-15 14:00:00+00:00,2025-10-15 14:05:00+00:00,2025-10-15 15:50:00+00:00,BUY,session_breakout,4201.802095983568,4183.303,4242.500107147416,2.2,1.3514173893798311,0.22776000000000293,0.20521598356731416,1.1331776838489633,-25.0,-26.133177683848963,-1.0453271073539585,SL,10079.854724589271,7.592000000000098,89.0,29.908830987511227
XAUUSDm,grid_thai_21_23_rr2.2_body1.8_wick0.5_closeOff_ext2_ema20_50_atrMinOff_atrMax90,momentum,2025-10-16 15:05:00+00:00,2025-10-16 15:10:00+00:00,2025-10-16 19:50:00+00:00,BUY,session_breakout,4270.064696364919,4254.07,4305.253028367741,2.2,1.5630181048533176,0.19772142857143535,0.15583565063339516,1.3403376858626705,55.0,53.65966231413733,2.146386492565493,TP,10133.51438690341,6.590714285714512,75.0,19.631107106574028
XAUUSDm,grid_thai_21_23_rr2.2_body1.8_wick0.5_closeOff_ext2_ema20_50_atrMinOff_atrMax90,momentum,2026-04-22 15:35:00+00:00,2026-04-22 15:40:00+00:00,2026-04-22 18:45:00+00:00,SELL,session_breakout,4727.90720673715,4740.268,4700.713461558879,2.2,2.0225239164169526,0.18915428571428947,0.06921611999339498,1.9149610800451913,-25.0,-26.91496108004519,-1.0765984432018076,SL,10106.599425823364,6.305142857142982,78.0,20.66687022651282
