symbol,variant,strategy,timestamp,entry_time,exit_time,side,pattern,entry,sl,tp,rr,qty,spread,slippage,fee,gross_pnl,pnl,r_multiple,result,balance,atr,atr_percentile_100,m15_adx,m15_rsi14,m15_macd_hist,m15_bb_pct
XAUUSDm,sell_baseline,momentum,2025-01-03 13:15:00+00:00,2025-01-03 13:20:00+00:00,2025-01-03 16:50:00+00:00,SELL,session_breakout,2652.005430036269,2658.656,2640.0344041015533,1.8,3.7590763102016957,0.04961357142857001,0.04176317801689456,1.98931815731512,45.0,43.01068184268488,1.7204272737073953,TP,10043.010681842685,1.653785714285667,73.0,20.836599199556407,46.17840403794496,0.2613486762548767,0.5244962629814695
XAUUSDm,sell_baseline,momentum,2025-01-06 13:30:00+00:00,2025-01-06 13:35:00+00:00,2025-01-06 14:15:00+00:00,SELL,session_breakout,2638.225875719044,2648.848,2619.106052013323,1.8,2.353578186316398,0.09765428571428304,0.05929713809885488,1.2373541743335637,45.00000000000021,43.76264582566665,1.750505833026666,TP,10086.773327668352,3.255142857142768,99.0,33.51748168707531,56.275986315920264,0.7939140510395979,0.662007534632952
XAUUSDm,sell_baseline,momentum,2025-01-13 12:00:00+00:00,2025-01-13 12:05:00+00:00,2025-01-13 17:35:00+00:00,SELL,session_breakout,2673.0580294992337,2680.55,2659.572482597854,1.8,3.3369058243678893,0.06136285714285707,0.0552890721947306,1.7794485815018692,45.0,43.22055141849813,1.7288220567399253,TP,10129.993879086851,2.045428571428569,66.0,19.272499199964653,29.742003769230635,-0.8310377867980376,0.053679440755844784
XAUUSDm,sell_baseline,momentum,2025-01-23 13:10:00+00:00,2025-01-23 13:15:00+00:00,2025-01-23 14:30:00+00:00,SELL,session_breakout,2740.6643872582235,2746.514,2730.1350843230257,1.8,4.273787189612704,0.08819785714285834,0.06951381320493961,2.3451032698583893,-25.0,-27.345103269858388,-1.0938041307943356,SL,10102.648775816993,2.9399285714286116,100.0,21.034694030739566,38.04067255800109,-0.48469859800545245,0.2035148580036898
XAUUSDm,sell_baseline,momentum,2025-02-11 12:45:00+00:00,2025-02-11 12:50:00+00:00,2025-02-11 13:15:00+00:00,SELL,session_breakout,2896.7225578318275,2904.236,2883.1983619291173,1.8,3.3273697248782215,0.08019428571428665,0.02934502531530715,1.9231933880602854,45.000000000000306,43.07680661194002,1.7230722644776009,TP,10145.725582428933,2.673142857142888,57.99999999999999,33.99080280425428,32.94543234643815,-0.3521815151620178,0.08929286822643502
XAUUSDm,sell_baseline,momentum,2025-02-12 13:15:00+00:00,2025-02-12 13:20:00+00:00,2025-02-12 14:00:00+00:00,SELL,session_breakout,2874.132785150998,2885.902,2852.948198422795,1.8,2.1241858799204643,0.08443714285714382,0.0829962775729859,1.2235384558468456,-25.0,-26.223538455846846,-1.0489415382338738,SL,10119.502043973087,2.814571428571461,97.0,21.687231563201554,38.703743236227076,-0.21785103137107997,0.13171253003789052
XAUUSDm,sell_baseline,momentum,2025-02-13 13:00:00+00:00,2025-02-13 13:05:00+00:00,2025-02-13 18:50:00+00:00,SELL,session_breakout,2913.972054534422,2921.369,2900.6575526963816,1.8,3.379773464106024,0.06448499999999967,0.05370296557799326,1.9722130850123905,-25.0,-26.972213085012392,-1.0788885234004957,SL,10092.529830888074,2.149499999999989,60.0,18.43714716473585,55.07719547990637,0.09085271035550369,0.6755273122060891
XAUUSDm,sell_baseline,momentum,2025-02-14 13:40:00+00:00,2025-02-14 13:45:00+00:00,2025-02-14 16:45:00+00:00,SELL,session_breakout,2917.8291880054317,2933.321,2889.943926415209,1.8,1.6137557058377363,0.10798928571428665,0.09181735171093464,0.937232700160731,45.0,44.062767299839265,1.7625106919935707,TP,10136.592598187914,3.5996428571428885,100.0,18.863435153374482,38.3772446518707,-1.0692048219661572,0.03008536303792494
XAUUSDm,sell_baseline,momentum,2025-02-28 12:50:00+00:00,2025-02-28 12:55:00+00:00,2025-02-28 14:40:00+00:00,SELL,session_breakout,2855.041569152536,2864.502,2838.0127936271006,1.8,2.6425857768096703,0.06792428571428445,0.0264687046071094,1.504438448568571,45.0,43.49556155143143,1.739822462057257,TP,10180.088159739345,2.264142857142815,71.0,21.169540131150995,36.622768860402836,0.18180995377507525,0.18667847364227183
XAUUSDm,sell_baseline,momentum,2025-03-03 13:05:00+00:00,2025-03-03 13:10:00+00:00,2025-03-03 14:30:00+00:00,SELL,session_breakout,2871.0501977842096,2877.716,2859.051753795787,1.8,3.750486316677468,0.057207857142854465,0.03519828721885243,2.156066896256763,-25.0,-27.156066896256764,-1.0862426758502706,SL,10152.932092843088,1.9069285714284823,70.0,19.71262015212677,63.26328671101052,0.5544488539913344,0.7976623929737864
XAUUSDm,sell_baseline,momentum,2025-03-05 13:30:00+00:00,2025-03-05 13:35:00+00:00,2025-03-05 15:05:00+00:00,SELL,session_breakout,2908.679267955909,2917.269,2893.2177502765453,1.8,2.9104516731925636,0.08657571428571535,0.048444186948282,1.6956140884405593,-25.0,-26.69561408844056,-1.0678245635376225,SL,10126.236478754647,2.8858571428571786,100.0,18.538773727042578,43.93629023328979,-0.3781006787172526,0.14282743569313303
XAUUSDm,sell_baseline,momentum,2025-03-21 13:45:00+00:00,2025-03-21 13:50:00+00:00,2025-03-23 22:05:00+00:00,SELL,session_breakout,3010.6389837290335,3036.851,2963.457354441294,1.8,0.9537610438496069,0.11942571428571715,0.11330341382348241,0.5755493893856891,-12.633534305446096,-13.209083694831785,-0.5283633477932714,TIMEOUT,10113.027395059815,3.9808571428572384,100.0,18.011965333720443,24.904046949468253,-1.1214333931096045,-0.4606342621081753
XAUUSDm,sell_baseline,momentum,2025-03-26 13:00:00+00:00,2025-03-26 13:05:00+00:00,2025-03-26 14:00:00+00:00,SELL,session_breakout,3024.7862417048646,3029.994,3015.4122767736203,1.8,4.800530013720441,0.06616928571428649,0.04967365227874255,2.899615427678571,45.00000000000087,42.1003845723223,1.684015382892892,TP,10155.127779632137,2.205642857142883,100.0,19.750277906197685,56.18747599344997,0.33536904822330094,0.67074383116808
XAUUSDm,sell_baseline,momentum,2025-04-03 12:20:00+00:00,2025-04-03 12:25:00+00:00,2025-04-03 14:00:00+00:00,SELL,session_breakout,3080.657633237676,3097.309,3050.6851730654917,1.8,1.5013782566224716,0.14053499999999824,0.12309926232470972,0.9275464773282184,-25.0,-25.927546477328217,-1.0371018590931287,SL,10129.200233154808,4.684499999999941,68.0,45.51265925747012,23.930871866694673,-2.5248489201079405,0.10188674597702356
XAUUSDm,sell_baseline,momentum,2025-04-23 13:25:00+00:00,2025-04-23 13:30:00+00:00,2025-04-23 14:00:00+00:00,SELL,session_breakout,3299.66637035063,3320.54,3262.0938369817645,1.8,1.1976834129925622,0.2031985714285695,0.124030363655571,0.7858911360356645,44.99999999999989,44.21410886396423,1.7685643545585692,TP,10173.414342018772,6.773285714285651,78.0,22.560104668224394,38.472119460777044,-1.5238509308195778,-0.0667903918190932
XAUUSDm,sell_baseline,momentum,2025-04-25 13:20:00+00:00,2025-04-25 13:25:00+00:00,2025-04-25 19:30:00+00:00,SELL,session_breakout,3270.434114314078,3298.252,3220.361920079419,1.8,0.8987023773935546,0.20633142857142858,0.09471997163624747,0.5903293827286094,-25.0,-25.59032938272861,-1.0236131753091444,SL,10147.824012636043,6.877714285714286,89.0,31.5080885248663,34.915030921356276,0.11248768477733417,-0.11665859705515962
XAUUSDm,sell_baseline,momentum,2025-04-30 12:00:00+00:00,2025-04-30 12:05:00+00:00,2025-04-30 12:15:00+00:00,SELL,session_breakout,3267.59205651094,3281.671,3242.2499582306323,1.8,1.7757014238622706,0.11945999999999815,0.08221348905983687,1.1629535734695042,-25.0,-26.162953573469505,-1.0465181429387802,SL,10121.661059062573,3.9819999999999385,85.0,43.24131785778276,32.44409341388052,-0.061827532356907966,0.234740852006713
XAUUSDm,sell_baseline,momentum,2025-05-02 13:00:00+00:00,2025-05-02 13:05:00+00:00,2025-05-02 14:55:00+00:00,SELL,session_breakout,3244.048784019952,3263.926,3208.269795255866,1.8,1.257721404501228,0.15889714285714296,0.0547674086190981,0.818521918581615,-25.0,-25.818521918581617,-1.0327408767432646,SL,10095.842537143992,5.296571428571432,100.0,20.422343309001352,39.731321337788366,-1.539648964363431,-0.16645070860980468
XAUUSDm,sell_baseline,momentum,2025-05-14 12:50:00+00:00,2025-05-14 12:55:00+00:00,2025-05-15 00:55:00+00:00,SELL,session_breakout,3186.1486760651837,3221.493,3122.5288929825147,1.8,0.7073271523344532,0.21265500000000104,0.18699643481605868,0.450848677132741,-1.1878314166606592,-1.6386800937934,-0.065547203751736,TIMEOUT,10094.203857050199,7.088500000000034,100.0,20.548243138493692,21.7966907090199,-3.1392402524396763,-0.24799634771238527
XAUUSDm,sell_baseline,momentum,2025-05-28 13:35:00+00:00,2025-05-28 13:40:00+00:00,2025-05-28 20:50:00+00:00,SELL,session_breakout,3303.674616770664,3316.438,3280.7005269578594,1.8,1.9587283050891215,0.11382000000000095,0.0844732293356521,1.2897001965346313,45.000000000000355,43.71029980346572,1.748411992138629,TP,10137.914156853665,3.7940000000000316,98.0,19.47008735358178,39.42368282898113,-1.436846244664989,0.07679810677214866
XAUUSDm,sell_baseline,momentum,2025-06-03 13:45:00+00:00,2025-06-03 13:50:00+00:00,2025-06-04 01:20:00+00:00,SELL,session_breakout,3343.7791459253385,3363.095,3309.0106085909483,1.8,1.2942736005028763,0.12839785714285493,0.10665514609011857,0.8680530148966442,-25.000000000000004,-25.86805301489665,-1.0347221205958659,SL,10112.04610383877,4.279928571428497,100.0,26.21077909916798,38.96572957414026,0.15961982095524707,-0.1029737322582466
XAUUSDm,sell_baseline,momentum,2025-06-16 13:50:00+00:00,2025-06-16 13:55:00+00:00,2025-06-17 01:55:00+00:00,SELL,session_breakout,3389.7486946068466,3417.401,3339.9745448991707,1.8,0.9040837515916496,0.17297357142857242,0.09481860743868863,0.6132795799628368,-3.5623660822588152,-4.175645662221652,-0.16702582648886607,TIMEOUT,10107.870458176547,5.765785714285747,100.0,35.415918947083775,36.59225033595702,-0.02729251356991691,-0.1140431756732553
XAUUSDm,sell_baseline,momentum,2025-06-24 12:30:00+00:00,2025-06-24 12:35:00+00:00,2025-06-24 19:30:00+00:00,SELL,session_breakout,3307.6236963558263,3321.86,3281.9983497963135,1.8,1.7560738113527898,0.12322071428571267,0.12069328703088288,1.164186270196076,-25.0,-26.164186270196076,-1.046567450807843,SL,10081.70627190635,4.107357142857089,82.0,38.064296195118644,30.183242349490655,-0.15626695824684944,-0.06827947399461992
XAUUSDm,sell_baseline,momentum,2025-06-26 13:05:00+00:00,2025-06-26 13:10:00+00:00,2025-06-27 01:10:00+00:00,SELL,session_breakout,3317.778992537417,3344.056,3270.480379104767,1.8,0.9514020968939626,0.15296785714285566,0.14152353401123338,0.6311909757974025,1.174023087649774,0.5428321118523715,0.02171328447409486,TIMEOUT,10082.249104018203,5.098928571428522,100.0,18.53667304092629,32.31923122924104,-1.6292287521871331,-0.2536657687353647
XAUUSDm,sell_baseline,momentum,2025-06-27 12:05:00+00:00,2025-06-27 12:10:00+00:00,2025-06-29 22:05:00+00:00,SELL,session_breakout,3273.938526592383,3285.344,3253.408674458672,1.8,2.1919300590630257,0.1014771428571443,0.08573483618828168,1.4346029955717043,6.458580207672242,5.0239772121005375,0.2009590884840215,TIMEOUT,10087.273081230303,3.382571428571477,74.0,43.632735004813654,36.76156600926379,0.40722417569050684,0.04914854253789418
XAUUSDm,sell_baseline,momentum,2025-07-08 13:45:00+00:00,2025-07-08 13:50:00+00:00,2025-07-08 14:40:00+00:00,SELL,session_breakout,3316.021267175138,3326.914,3296.4143480903854,1.8,2.2951081608224295,0.10118357142857348,0.04414103914766541,1.5176254943508787,45.00000000000042,43.48237450564954,1.7392949802259816,TP,10130.755455735953,3.372785714285783,100.0,18.147393845146915,42.283950356278254,0.11010653945995341,0.14664203419265717
XAUUSDm,sell_baseline,momentum,2025-07-14 12:35:00+00:00,2025-07-14 12:40:00+00:00,2025-07-15 00:40:00+00:00,SELL,session_breakout,3351.451378070749,3368.025,3321.6188585980967,1.8,1.5084210383656014,0.09729428571428668,0.060974786394119705,1.0104056323151243,6.743212331365516,5.732806699050392,0.22931226796201568,TIMEOUT,10136.488262435003,3.2431428571428893,100.0,21.65202251038262,36.7651028728244,-1.4793085902268142,-0.17231518849245445
XAUUSDm,sell_baseline,momentum,2025-07-15 12:05:00+00:00,2025-07-15 12:10:00+00:00,2025-07-15 12:30:00+00:00,SELL,session_breakout,3352.7417618789177,3359.335,3340.8739332609694,1.8,3.791763552428179,0.0592757142857129,0.01960026393952331,2.5450608026792634,-25.0,-27.545060802679263,-1.1018024321071704,SL,10108.943201632324,1.9758571428570966,59.0,20.971755145144762,38.26022884135366,-1.1419082294695684,-0.14025913326344902
XAUUSDm,sell_baseline,momentum,2025-07-15 12:35:00+00:00,2025-07-15 12:40:00+00:00,2025-07-15 15:35:00+00:00,SELL,session_breakout,3347.976391513146,3360.387,3325.637296236809,1.8,2.0144056616145245,0.10199142857143151,0.041612772568100274,1.3443365196031698,44.99999999999963,43.65566348039646,1.7462265392158587,TP,10152.59886511272,3.3997142857143836,100.0,24.614335357064114,39.25445277239253,-1.3378372695728586,0.04740862915207159
XAUUSDm,sell_baseline,momentum,2025-07-24 12:45:00+00:00,2025-07-24 12:50:00+00:00,2025-07-24 13:40:00+00:00,SELL,session_breakout,3354.2018684766313,3365.506,3333.8544317345677,1.8,2.211580778967271,0.0947721428571445,0.07374545193972519,1.4861176762198047,-25.000000000000004,-26.48611767621981,-1.0594447070487922,SL,10126.1127474365,3.1590714285714836,92.0,50.569753258342374,31.024012061337118,0.24749084676371336,0.19681754299032603
XAUUSDm,sell_baseline,momentum,2025-07-28 13:30:00+00:00,2025-07-28 13:35:00+00:00,2025-07-28 13:50:00+00:00,SELL,session_breakout,3324.23882414441,3330.639,3312.718507604348,1.8,3.9061426692149963,0.08868000000000101,0.07283585559013449,2.5924902227303135,45.0,42.40750977726969,1.6963003910907875,TP,10168.52025721377,2.9560000000000337,99.0,24.688991825086365,32.077127050541364,-0.8864486601692667,0.07497463932984386
XAUUSDm,sell_baseline,momentum,2025-09-12 12:20:00+00:00,2025-09-12 12:25:00+00:00,2025-09-12 13:10:00+00:00,SELL,session_breakout,3643.17852415091,3649.349,3632.071667622548,1.8,4.051551389458351,0.063953571428571,0.0624990633753195,2.9546050023136887,-25.0,-27.954605002313688,-1.1181842000925475,SL,10140.565652211455,2.1317857142857,65.0,21.061426016204223,46.12922788475143,-0.09676661010399631,0.42208130313462
XAUUSDm,sell_baseline,momentum,2025-09-25 12:50:00+00:00,2025-09-25 12:55:00+00:00,2025-09-25 18:40:00+00:00,SELL,session_breakout,3732.3766634561744,3755.926,3689.9878576772885,1.8,1.06160103294098,0.14623071428571327,0.0772211866827722,0.7949589842499766,-24.999999999999996,-25.794958984249973,-1.031798359369999,SL,10114.770693227205,4.874357142857109,100.0,19.87710691908853,40.952499898064566,-1.389479222852788,-0.17732221713760524
XAUUSDm,sell_baseline,momentum,2025-10-01 12:45:00+00:00,2025-10-01 12:50:00+00:00,2025-10-02 00:50:00+00:00,SELL,session_breakout,3870.8733365940216,3891.122,3834.4257424632606,1.8,1.234649393827097,0.1346742857142866,0.07532626312160537,0.9541751203084711,16.59163412985329,15.637459009544818,0.6254983603817926,TIMEOUT,10130.40815223675,4.489142857142887,96.0,18.3325867553591,43.336386544129056,-2.0906358500096553,-0.04351468926489146
XAUUSDm,sell_baseline,momentum,2025-10-09 13:40:00+00:00,2025-10-09 13:45:00+00:00,2025-10-09 16:40:00+00:00,SELL,session_breakout,4031.1668714539924,4057.981,3982.901440071178,1.8,0.9323443033811389,0.18705642857143076,0.1176003317219786,0.7471870937157795,45.00000000000017,44.25281290628439,1.7701125162513756,TP,10174.660965143035,6.235214285714359,100.0,19.2834809256265,69.40610482535511,1.4977340740724725,1.0551613733096423
XAUUSDm,sell_baseline,momentum,2025-10-21 12:10:00+00:00,2025-10-21 12:15:00+00:00,2025-10-21 14:20:00+00:00,SELL,session_breakout,4225.288417317081,4267.064,4150.092368487827,1.8,0.5984356984258644,0.2890564285714325,0.1250544686328651,0.5012126850135725,45.00000000000021,44.49878731498664,1.7799514925994657,TP,10219.159752458021,9.635214285714417,84.0,57.438051634424795,35.108269406022046,0.9974020516810143,0.281335072544301
XAUUSDm,sell_baseline,momentum,2025-11-14 12:10:00+00:00,2025-11-14 12:15:00+00:00,2025-11-14 13:20:00+00:00,SELL,session_breakout,4125.762089880828,4157.72,4068.2378516663184,1.8,0.7822789383527956,0.2434607142857099,0.09517976202874698,0.6409993575136371,45.0,44.359000642486365,1.7743600256994545,TP,10263.518753100507,8.115357142856997,100.0,35.25045599985121,25.763839156731578,-2.8843251885381376,-0.22969546454747222
XAUUSDm,sell_baseline,momentum,2025-11-14 13:25:00+00:00,2025-11-14 13:30:00+00:00,2025-11-16 23:00:00+00:00,SELL,session_breakout,4055.326624950884,4119.67,3939.5085498624744,1.8,0.38854038944827407,0.34366928571428257,0.21754040625906726,0.3159997676039915,-8.681303643172487,-8.997303410776478,-0.3598921364310591,TIMEOUT,10254.52144968973,11.455642857142752,100.0,46.13312162979941,16.216089308071474,-6.262003694110483,-0.11760192165958215
XAUUSDm,sell_baseline,momentum,2025-11-19 13:10:00+00:00,2025-11-19 13:15:00+00:00,2025-11-19 14:55:00+00:00,SELL,session_breakout,4102.982293245543,4120.01,4072.332421087519,1.8,1.4681953571613782,0.13318928571428126,0.06111211159967023,1.20729591069169,-25.0,-26.20729591069169,-1.0482918364276677,SL,10228.314153779038,4.439642857142709,70.0,38.20990375075074,64.01986501558459,0.14467682996041198,0.6993300976049365
XAUUSDm,sell_baseline,momentum,2025-12-23 13:50:00+00:00,2025-12-23 13:55:00+00:00,2025-12-23 14:55:00+00:00,SELL,session_breakout,4478.852962511086,4497.359,4445.54209503104,1.8,1.3509104806999117,0.16868357142857154,0.12969570319969032,1.205605881714015,45.0,43.794394118285986,1.7517757647314394,TP,10272.108547897324,5.622785714285718,100.0,24.530324010148064,55.66761543269887,0.1292730498633876,0.7498370921988308
XAUUSDm,sell_baseline,momentum,2025-12-29 13:40:00+00:00,2025-12-29 13:45:00+00:00,2025-12-29 14:40:00+00:00,SELL,session_breakout,4429.255830078303,4467.761,4359.946524219247,1.8,0.6492634638631386,0.21624642857142654,0.13104670741092922,0.570650796514528,45.00000000000024,44.429349203485714,1.7771739681394285,TP,10316.537897100809,7.208214285714218,73.0,42.45223459079032,37.61736809820545,1.112018032063828,0.15217143219325885
XAUUSDm,sell_baseline,momentum,2026-01-07 12:15:00+00:00,2026-01-07 12:20:00+00:00,2026-01-07 16:20:00+00:00,SELL,session_breakout,4442.012954488165,4455.798,4417.199872566862,1.8,1.8135594821603187,0.13742785714285674,0.12133158326452272,1.6136709426981968,-25.0,-26.613670942698196,-1.064546837707928,SL,10289.924226158111,4.580928571428558,75.0,24.219487564866068,32.86223678729601,-1.4335281499890407,-0.10037374274027626
XAUUSDm,sell_baseline,momentum,2026-01-30 13:20:00+00:00,2026-01-30 13:25:00+00:00,2026-01-30 17:43:00+00:00,SELL,session_breakout,5025.165927519831,5117.524,4858.921397055526,1.8,0.27068559714006396,0.8836500000000017,0.6982474801690025,0.26754800796372175,45.0,44.73245199203628,1.7892980796814513,TP,10334.656678150148,29.45500000000006,71.0,48.48365673984146,42.10586809757982,5.5600779323626774,0.4495400746528564
XAUUSDm,sell_baseline,momentum,2026-02-17 13:55:00+00:00,2026-02-17 14:00:00+00:00,2026-02-18 02:00:00+00:00,SELL,session_breakout,4869.911909928706,4924.239,4772.123147800378,1.8,0.46017557662655206,0.3260078571428546,0.16908614272276518,0.4490781623459958,-8.752580916046423,-9.201659078392419,-0.36806636313569674,TIMEOUT,10325.455019071755,10.866928571428486,88.0,20.56358489368482,45.77712818824828,-0.008927311388252979,0.3242122350963766
XAUUSDm,sell_baseline,momentum,2026-02-24 13:35:00+00:00,2026-02-24 13:40:00+00:00,2026-02-24 14:13:00+00:00,SELL,session_breakout,5138.310174039827,5161.12,5097.252487311515,1.8,1.0960188843023713,0.2371114285714267,0.2092702458873996,1.1218369968301307,45.0000000000004,43.878163003170265,1.7551265201268107,TP,10369.333182074924,7.903714285714224,92.0,28.697801795800675,38.462225944107544,-1.5018241050500643,0.07621202290591408
XAUUSDm,sell_baseline,momentum,2026-03-11 12:55:00+00:00,2026-03-11 13:00:00+00:00,2026-03-12 01:00:00+00:00,SELL,session_breakout,5166.866002036937,5196.653,5113.249405703424,1.8,0.8392923661189619,0.24058499999999836,0.20770546306385623,0.8667845627514595,5.176757023807214,4.309972461055755,0.1723988984422302,TIMEOUT,10373.643154535981,8.019499999999946,100.0,33.44240933449603,42.32796600339126,0.33181110146247006,0.14044657019767695
XAUUSDm,sell_baseline,momentum,2026-03-18 12:05:00+00:00,2026-03-18 12:10:00+00:00,2026-03-18 20:28:00+00:00,SELL,session_breakout,4913.115389829302,4966.259,4817.456891522046,1.8,0.4704234416837661,0.37023642857142863,0.21149195641197327,0.4577489302145958,45.00000000000017,44.54225106978557,1.7816900427914228,TP,10418.185405605767,12.341214285714289,100.0,40.301700145599256,15.774514626102857,-6.111281237924068,-0.12281802998373802
XAUUSDm,sell_baseline,momentum,2026-03-19 12:00:00+00:00,2026-03-19 12:05:00+00:00,2026-03-19 13:02:00+00:00,SELL,session_breakout,4630.067612005422,4695.267,4512.708713615182,1.8,0.38343918200703303,0.40764214285714323,0.20456692314958622,0.35056986755692315,45.00000000000014,44.64943013244322,1.785977205297729,TP,10462.834835738211,13.58807142857144,45.0,62.785720474995564,23.12282323957868,-0.3421923205306143,0.07155013661130145
XAUUSDm,sell_baseline,momentum,2026-03-20 13:30:00+00:00,2026-03-20 13:35:00+00:00,2026-03-20 14:15:00+00:00,SELL,session_breakout,4644.791395202031,4681.746,4578.273106565686,1.8,0.6765056787016103,0.32604642857143384,0.25358158368240125,0.6239455510477099,44.99999999999988,44.37605444895217,1.7750421779580867,TP,10507.210890187163,10.868214285714462,70.0,18.014851889985096,42.506104760197296,-0.1819259109801532,0.28092310608082127
XAUUSDm,sell_baseline,momentum,2026-03-30 13:40:00+00:00,2026-03-30 13:45:00+00:00,2026-03-31 01:24:00+00:00,SELL,session_breakout,4544.293296815157,4578.633,4482.48183108244,1.8,0.7280202704557703,0.28368857142857123,0.1128588991286753,0.664167526995543,-25.000000000000004,-25.664167526995545,-1.0265667010798216,SL,10481.546722660169,9.456285714285709,89.0,42.69311928505708,65.79862997566858,1.2984776228032047,0.8242857290566448
XAUUSDm,sell_baseline,momentum,2026-04-29 12:50:00+00:00,2026-04-29 12:55:00+00:00,2026-04-30 00:45:00+00:00,SELL,session_breakout,4544.975021184827,4568.888,4501.931659317515,1.8,1.0454573724682577,0.17339357142857026,0.07628202945808843,0.9528155287163506,-24.999999999999996,-25.952815528716346,-1.038112621148654,SL,10455.593907131451,5.7797857142856754,95.0,20.702548664922677,37.018509482495936,0.11859892273821071,0.07616364644450102
XAUUSDm,sell_rsi_lt50,momentum,2025-01-03 13:15:00+00:00,2025-01-03 13:20:00+00:00,2025-01-03 16:50:00+00:00,SELL,session_breakout,2652.005430036269,2658.656,2640.0344041015533,1.8,3.7590763102016957,0.04961357142857001,0.04176317801689456,1.98931815731512,45.0,43.01068184268488,1.7204272737073953,TP,10043.010681842685,1.653785714285667,73.0,20.836599199556407,46.17840403794496,0.2613486762548767,0.5244962629814695
XAUUSDm,sell_rsi_lt50,momentum,2025-01-13 12:00:00+00:00,2025-01-13 12:05:00+00:00,2025-01-13 17:35:00+00:00,SELL,session_breakout,2673.0760581297845,2680.55,2659.6229627633966,1.8,3.344955103227033,0.06136285714285707,0.03726044164396675,1.783763880391045,44.99999999999939,43.21623611960835,1.728649444784334,TP,10086.226917962293,2.045428571428569,66.0,19.272499199964653,29.742003769230635,-0.8310377867980376,0.053679440755844784
XAUUSDm,sell_rsi_lt50,momentum,2025-01-23 13:10:00+00:00,2025-01-23 13:15:00+00:00,2025-01-23 14:30:00+00:00,SELL,session_breakout,2740.6544331666073,2746.514,2730.1072128665,1.8,4.266526982426182,0.08819785714285834,0.0794679048213071,2.341115217722253,-25.000000000000004,-27.341115217722255,-1.09364460870889,SL,10058.885802744571,2.9399285714286116,100.0,21.034694030739566,38.04067255800109,-0.48469859800545245,0.2035148580036898
XAUUSDm,sell_rsi_lt50,momentum,2025-02-11 12:45:00+00:00,2025-02-11 12:50:00+00:00,2025-02-11 13:15:00+00:00,SELL,session_breakout,2896.688697119749,2904.236,2883.1035519352977,1.8,3.312441596244696,0.08019428571428665,0.0632057373935629,1.9145224263422622,45.0000000000003,43.08547757365804,1.7234191029463215,TP,10101.97128031823,2.673142857142888,57.99999999999999,33.99080280425428,32.94543234643815,-0.3521815151620178,0.08929286822643502
XAUUSDm,sell_rsi_lt50,momentum,2025-02-12 13:15:00+00:00,2025-02-12 13:20:00+00:00,2025-02-12 14:00:00+00:00,SELL,session_breakout,2874.18488383939,2885.902,2853.0940747502914,1.8,2.133630806191312,0.08443714285714382,0.03089758918139062,1.228989882169824,-25.0,-26.228989882169824,-1.049159595286793,SL,10075.742290436061,2.814571428571461,97.0,21.687231563201554,38.703743236227076,-0.21785103137107997,0.13171253003789052
XAUUSDm,sell_rsi_lt50,momentum,2025-02-14 13:40:00+00:00,2025-02-14 13:45:00+00:00,2025-02-14 16:45:00+00:00,SELL,session_breakout,2917.8148588388126,2933.321,2889.9038047486756,1.8,1.6122644402706916,0.10798928571428665,0.1061465183303881,0.9363578280398531,44.9999999999997,44.06364217195985,1.762545686878394,TP,10119.80593260802,3.5996428571428885,100.0,18.863435153374482,38.3772446518707,-1.0692048219661572,0.03008536303792494
XAUUSDm,sell_rsi_lt50,momentum,2025-02-28 12:50:00+00:00,2025-02-28 12:55:00+00:00,2025-02-28 14:40:00+00:00,SELL,session_breakout,2855.011470662018,2864.502,2837.92851785365,1.8,2.634205017411153,0.06792428571428445,0.056567195124819974,1.4996371081568567,45.00000000000024,43.50036289184339,1.7400145156737354,TP,10163.306295499864,2.264142857142815,71.0,21.169540131150995,36.622768860402836,0.18180995377507525,0.18667847364227183
XAUUSDm,sell_rsi_lt50,momentum,2025-03-05 13:30:00+00:00,2025-03-05 13:35:00+00:00,2025-03-05 15:05:00+00:00,SELL,session_breakout,2908.654101573479,2917.269,2893.147284405741,1.8,2.901949478944222,0.08657571428571535,0.07361056937841443,1.6906534508980262,-25.0,-26.690653450898026,-1.067626138035921,SL,10136.615642048966,2.8858571428571786,100.0,18.538773727042578,43.93629023328979,-0.3781006787172526,0.14282743569313303
XAUUSDm,sell_rsi_lt50,momentum,2025-03-21 13:45:00+00:00,2025-03-21 13:50:00+00:00,2025-03-23 22:05:00+00:00,SELL,session_breakout,3010.7057493851066,3036.851,2963.6442982782983,1.8,0.956196609787282,0.11942571428571715,0.04653775775012568,0.5770255216015733,-12.601954757498204,-13.178980279099777,-0.5271592111639911,TIMEOUT,10123.436661769867,3.9808571428572384,100.0,18.011965333720443,24.904046949468253,-1.1214333931096045,-0.4606342621081753
XAUUSDm,sell_rsi_lt50,momentum,2025-04-03 12:20:00+00:00,2025-04-03 12:25:00+00:00,2025-04-03 14:00:00+00:00,SELL,session_breakout,3080.6942655085527,3097.309,3050.787743423947,1.8,1.5046885048249696,0.14053499999999824,0.08646699144750639,0.9295970496381845,-25.0,-25.929597049638183,-1.0371838819855272,SL,10097.507064720228,4.684499999999941,68.0,45.51265925747012,23.930871866694673,-2.5248489201079405,0.10188674597702356
XAUUSDm,sell_rsi_lt50,momentum,2025-04-23 13:25:00+00:00,2025-04-23 13:30:00+00:00,2025-04-23 14:00:00+00:00,SELL,session_breakout,3299.6766992026883,3320.54,3262.122757767527,1.8,1.1982763534340324,0.2031985714285695,0.11370151159738848,0.7862849125263685,44.99999999999999,44.213715087473624,1.7685486034989453,TP,10141.720779807702,6.773285714285651,78.0,22.560104668224394,38.472119460777044,-1.5238509308195778,-0.0667903918190932
XAUUSDm,sell_rsi_lt50,momentum,2025-04-25 13:20:00+00:00,2025-04-25 13:25:00+00:00,2025-04-25 19:30:00+00:00,SELL,session_breakout,3270.3330803362737,3298.252,3220.0790249415663,1.8,0.8954501213197498,0.20633142857142858,0.19575394944080982,0.5881840307086215,-25.0,-25.58818403070862,-1.0235273612283449,SL,10116.132595776993,6.877714285714286,89.0,31.5080885248663,34.915030921356276,0.11248768477733417,-0.11665859705515962
XAUUSDm,sell_rsi_lt50,momentum,2025-04-30 12:00:00+00:00,2025-04-30 12:05:00+00:00,2025-04-30 12:15:00+00:00,SELL,session_breakout,3267.5845907109288,3281.671,3242.2290539906007,1.8,1.7747603017183542,0.11945999999999815,0.08967928907138394,1.1623358828200747,-25.0,-26.162335882820074,-1.046493435312803,SL,10089.970259894173,3.9819999999999385,85.0,43.24131785778276,32.44409341388052,-0.061827532356907966,0.234740852006713
XAUUSDm,sell_rsi_lt50,momentum,2025-05-02 13:00:00+00:00,2025-05-02 13:05:00+00:00,2025-05-02 14:55:00+00:00,SELL,session_breakout,3243.9643681569933,3263.926,3208.0334308395813,1.8,1.2524026190152617,0.15889714285714296,0.13918327157803081,0.8150498941344014,-25.0,-25.8150498941344,-1.032601995765376,SL,10064.155210000039,5.296571428571432,100.0,20.422343309001352,39.731321337788366,-1.539648964363431,-0.16645070860980468
XAUUSDm,sell_rsi_lt50,momentum,2025-05-14 12:50:00+00:00,2025-05-14 12:55:00+00:00,2025-05-15 00:55:00+00:00,SELL,session_breakout,3186.205870027484,3221.493,3122.689036076955,1.8,0.7084735998499053,0.21265500000000104,0.12980247251613888,0.45158347214635947,-1.149236261052964,-1.6008197331993235,-0.06403278932797293,TIMEOUT,10062.55439026684,7.088500000000034,100.0,20.548243138493692,21.7966907090199,-3.1392402524396763,-0.24799634771238527
XAUUSDm,sell_rsi_lt50,momentum,2025-05-28 13:35:00+00:00,2025-05-28 13:40:00+00:00,2025-05-28 20:50:00+00:00,SELL,session_breakout,3303.7068389820806,3316.438,3280.7907491498254,1.8,1.9636857914852996,0.11382000000000095,0.052251017919480745,1.292988435788385,45.000000000000355,43.70701156421197,1.7482804625684787,TP,10106.261401831052,3.7940000000000316,98.0,19.47008735358178,39.42368282898113,-1.436846244664989,0.07679810677214866
XAUUSDm,sell_rsi_lt50,momentum,2025-06-03 13:45:00+00:00,2025-06-03 13:50:00+00:00,2025-06-04 01:20:00+00:00,SELL,session_breakout,3343.7974364655056,3363.095,3309.061822103416,1.8,1.2955003337759583,0.12839785714285493,0.08836460592265832,0.8688781390040513,-25.0,-25.86887813900405,-1.034755125560162,SL,10080.392523692048,4.279928571428497,100.0,26.21077909916798,38.96572957414026,0.15961982095524707,-0.1029737322582466
XAUUSDm,sell_rsi_lt50,momentum,2025-06-16 13:50:00+00:00,2025-06-16 13:55:00+00:00,2025-06-17 01:55:00+00:00,SELL,session_breakout,3389.7838940537617,3417.401,3340.073103350533,1.8,0.9052360536497638,0.17297357142857242,0.05961916052354947,0.614064423265337,-3.5350426958568124,-4.149107119122149,-0.16596428476488598,TIMEOUT,10076.243416572926,5.765785714285747,100.0,35.415918947083775,36.59225033595702,-0.02729251356991691,-0.1140431756732553
XAUUSDm,sell_rsi_lt50,momentum,2025-06-24 12:30:00+00:00,2025-06-24 12:35:00+00:00,2025-06-24 19:30:00+00:00,SELL,session_breakout,3307.636036515647,3321.86,3282.0329022438113,1.8,1.757597312978263,0.12322071428571267,0.10835312721034702,1.1651984420179946,-25.0,-26.165198442017996,-1.0466079376807198,SL,10050.078218130908,4.107357142857089,82.0,38.064296195118644,30.183242349490655,-0.15626695824684944,-0.06827947399461992
XAUUSDm,sell_rsi_lt50,momentum,2025-06-26 13:05:00+00:00,2025-06-26 13:10:00+00:00,2025-06-27 01:10:00+00:00,SELL,session_breakout,3317.8069886695885,3344.056,3270.558768274848,1.8,0.9524168238304467,0.15296785714285566,0.11352740183984894,0.6318668449221898,1.201939240399386,0.5700723954771962,0.02280289581908785,TIMEOUT,10050.648290526386,5.098928571428522,100.0,18.53667304092629,32.31923122924104,-1.6292287521871331,-0.2536657687353647
XAUUSDm,sell_rsi_lt50,momentum,2025-06-27 12:05:00+00:00,2025-06-27 12:10:00+00:00,2025-06-29 22:05:00+00:00,SELL,session_breakout,3273.939968281185,3285.344,3253.4127111873177,1.8,2.1922071611527927,0.1014771428571443,0.0842931473863685,1.4347846730123857,6.462557176864576,5.02777250385219,0.20111090015408756,TIMEOUT,10055.676063030238,3.382571428571477,74.0,43.632735004813654,36.76156600926379,0.40722417569050684,0.04914854253789418
XAUUSDm,sell_rsi_lt50,momentum,2025-07-08 13:45:00+00:00,2025-07-08 13:50:00+00:00,2025-07-08 14:40:00+00:00,SELL,session_breakout,3316.0099426003235,3326.914,3296.3826392809056,1.8,2.2927245413015864,0.10118357142857348,0.055465613962258936,1.5160394749199655,44.99999999999959,43.483960525079624,1.739358421003185,TP,10099.160023555318,3.372785714285783,100.0,18.147393845146915,42.283950356278254,0.11010653945995341,0.14664203419265717
XAUUSDm,sell_rsi_lt50,momentum,2025-07-14 12:35:00+00:00,2025-07-14 12:40:00+00:00,2025-07-15 00:40:00+00:00,SELL,session_breakout,3351.4170542117795,3368.025,3321.5227517929825,1.8,1.505303564859392,0.09729428571428668,0.09529864536372594,1.0083122469852208,6.677608218900847,5.669295971915626,0.22677183887662505,TIMEOUT,10104.829319527233,3.2431428571428893,100.0,21.65202251038262,36.7651028728244,-1.4793085902268142,-0.17231518849245445
XAUUSDm,sell_rsi_lt50,momentum,2025-07-15 12:05:00+00:00,2025-07-15 12:10:00+00:00,2025-07-15 12:30:00+00:00,SELL,session_breakout,3352.7065211538843,3359.335,3340.775259230876,1.8,3.7716044028185878,0.0592757142857129,0.05484098897273495,2.5315165353085165,-25.0,-27.531516535308516,-1.1012606614123406,SL,10077.297802991925,1.9758571428570966,59.0,20.971755145144762,38.26022884135366,-1.1419082294695684,-0.14025913326344902
XAUUSDm,sell_rsi_lt50,momentum,2025-07-15 12:35:00+00:00,2025-07-15 12:40:00+00:00,2025-07-15 15:35:00+00:00,SELL,session_breakout,3347.9318349457526,3360.387,3325.512537848107,1.8,2.00719941414781,0.10199142857143151,0.08616933996151521,1.3394933635419835,44.99999999999982,43.66050663645784,1.7464202654583136,TP,10120.958309628382,3.3997142857143836,100.0,24.614335357064114,39.25445277239253,-1.3378372695728586,0.04740862915207159
XAUUSDm,sell_rsi_lt50,momentum,2025-07-24 12:45:00+00:00,2025-07-24 12:50:00+00:00,2025-07-24 13:40:00+00:00,SELL,session_breakout,3354.2342698565158,3365.506,3333.9451555982446,1.8,2.217938123230521,0.0947721428571445,0.04134407205539703,1.4903968122722115,-25.0,-26.490396812272213,-1.0596158724908884,SL,10094.46791281611,3.1590714285714836,92.0,50.569753258342374,31.024012061337118,0.24749084676371336,0.19681754299032603
XAUUSDm,sell_rsi_lt50,momentum,2025-07-28 13:30:00+00:00,2025-07-28 13:35:00+00:00,2025-07-28 13:50:00+00:00,SELL,session_breakout,3324.256083826973,3330.639,3312.7668347155236,1.8,3.916705048649099,0.08868000000000101,0.05557617302736,2.5995261173055173,45.000000000000355,42.40047388269484,1.6960189553077936,TP,10136.868386698805,2.9560000000000337,99.0,24.688991825086365,32.077127050541364,-0.8864486601692667,0.07497463932984386
XAUUSDm,sell_rsi_lt50,momentum,2025-09-12 12:20:00+00:00,2025-09-12 12:25:00+00:00,2025-09-12 13:10:00+00:00,SELL,session_breakout,3643.219876157772,3649.349,3632.1874532417614,1.8,4.078886418929251,0.063953571428571,0.02114705651345105,2.974556014806609,-25.000000000000004,-27.974556014806613,-1.1189822405922643,SL,10108.893830684,2.1317857142857,65.0,21.061426016204223,46.12922788475143,-0.09676661010399631,0.42208130313462
XAUUSDm,sell_rsi_lt50,momentum,2025-09-25 12:50:00+00:00,2025-09-25 12:55:00+00:00,2025-09-25 18:40:00+00:00,SELL,session_breakout,3732.3942221247294,3755.926,3690.0370219492424,1.8,1.0623931660630022,0.14623071428571327,0.05966251812798617,0.7955540229276695,-25.0,-25.795554022927668,-1.0318221609171068,SL,10083.098276661072,4.874357142857109,100.0,19.87710691908853,40.952499898064566,-1.389479222852788,-0.17732221713760524
XAUUSDm,sell_rsi_lt50,momentum,2025-10-01 12:45:00+00:00,2025-10-01 12:50:00+00:00,2025-10-02 00:50:00+00:00,SELL,session_breakout,3870.8438681805087,3891.122,3834.3432309054247,1.8,1.232855187181013,0.1346742857142866,0.1047946766343591,0.9527848690617748,16.53119269056666,15.578407821504884,0.6231363128601953,TIMEOUT,10098.676684482578,4.489142857142887,96.0,18.3325867553591,43.336386544129056,-2.0906358500096553,-0.04351468926489146
XAUUSDm,sell_rsi_lt50,momentum,2025-10-21 12:10:00+00:00,2025-10-21 12:15:00+00:00,2025-10-21 14:20:00+00:00,SELL,session_breakout,4225.176060054898,4267.064,4149.777768153714,1.8,0.5968304966241952,0.2890564285714325,0.23741173081674155,0.49984278524944503,44.99999999999978,44.50015721475034,1.7800062885900139,TP,10143.176841697328,9.635214285714417,84.0,57.438051634424795,35.108269406022046,0.9974020516810143,0.281335072544301
XAUUSDm,sell_rsi_lt50,momentum,2025-11-14 12:10:00+00:00,2025-11-14 12:15:00+00:00,2025-11-14 13:20:00+00:00,SELL,session_breakout,4125.6193460011955,4157.72,4067.838168803347,1.8,0.7788003322589889,0.2434607142857099,0.23792364166147914,0.6381067434879688,45.0,44.36189325651203,1.7744757302604812,TP,10187.53873495384,8.115357142856997,100.0,35.25045599985121,25.763839156731578,-2.8843251885381376,-0.22969546454747222
XAUUSDm,sell_rsi_lt50,momentum,2025-11-14 13:25:00+00:00,2025-11-14 13:30:00+00:00,2025-11-16 23:00:00+00:00,SELL,session_breakout,4055.3626812537595,4119.67,3939.609507510527,1.8,0.3887582391461707,0.34366928571428257,0.18148410338354207,0.3161783464082471,-8.67215395586083,-8.988332302269077,-0.35953329209076307,TIMEOUT,10178.55040265157,11.455642857142752,100.0,46.13312162979941,16.216089308071474,-6.262003694110483,-0.11760192165958215
XAUUSDm,sell_rsi_lt50,momentum,2025-12-29 13:40:00+00:00,2025-12-29 13:45:00+00:00,2025-12-29 14:40:00+00:00,SELL,session_breakout,4429.265925445291,4467.761,4359.974791246814,1.8,0.6494337337746905,0.21624642857142654,0.12095134042319061,0.5708029415685891,45.000000000000234,44.42919705843165,1.7771678823372659,TP,10222.979599710001,7.208214285714218,73.0,42.45223459079032,37.61736809820545,1.112018032063828,0.15217143219325885
XAUUSDm,sell_rsi_lt50,momentum,2026-01-07 12:15:00+00:00,2026-01-07 12:20:00+00:00,2026-01-07 16:20:00+00:00,SELL,session_breakout,4442.0478866800195,4455.798,4417.297682704055,1.8,1.8181668338451058,0.13742785714285674,0.08639939140968397,1.617776828382671,-25.0,-26.61777682838267,-1.0647110731353069,SL,10196.361822881618,4.580928571428558,75.0,24.219487564866068,32.86223678729601,-1.4335281499890407,-0.10037374274027626
XAUUSDm,sell_rsi_lt50,momentum,2026-01-30 13:20:00+00:00,2026-01-30 13:25:00+00:00,2026-01-30 17:43:00+00:00,SELL,session_breakout,5025.481881543481,5117.524,4859.806068321746,1.8,0.2716147826585498,0.8836500000000017,0.38229345651838104,0.26849903380198253,44.99999999999995,44.73150096619797,1.7892600386479187,TP,10241.093323847816,29.45500000000006,71.0,48.48365673984146,42.10586809757982,5.5600779323626774,0.4495400746528564
XAUUSDm,sell_rsi_lt50,momentum,2026-02-17 13:55:00+00:00,2026-02-17 14:00:00+00:00,2026-02-18 02:00:00+00:00,SELL,session_breakout,4869.9535449122,4924.239,4772.239725754162,1.8,0.46052851467425265,0.3260078571428546,0.1274511592286901,0.4494245064874451,-8.74011973239626,-9.189544238883704,-0.36758176955534816,TIMEOUT,10231.903779608932,10.866928571428486,88.0,20.56358489368482,45.77712818824828,-0.008927311388252979,0.3242122350963766
XAUUSDm,sell_rsi_lt50,momentum,2026-02-24 13:35:00+00:00,2026-02-24 13:40:00+00:00,2026-02-24 14:13:00+00:00,SELL,session_breakout,5138.3693543048985,5161.12,5097.418192053716,1.8,1.0988699105530404,0.2371114285714267,0.15008998081655542,1.1247798945507015,45.000000000000206,43.87522010544951,1.7550088042179803,TP,10275.778999714383,7.903714285714224,92.0,28.697801795800675,38.462225944107544,-1.5018241050500643,0.07621202290591408
XAUUSDm,sell_rsi_lt50,momentum,2026-03-11 12:55:00+00:00,2026-03-11 13:00:00+00:00,2026-03-12 01:00:00+00:00,SELL,session_breakout,5166.963318309981,5196.653,5113.5218912679475,1.8,0.8420433826478008,0.24058499999999836,0.11038919001898412,0.8696338871310582,5.275669823101614,4.406035935970556,0.17624143743882226,TIMEOUT,10280.185035650353,8.019499999999946,100.0,33.44240933449603,42.32796600339126,0.33181110146247006,0.14044657019767695
XAUUSDm,sell_rsi_lt50,momentum,2026-03-18 12:05:00+00:00,2026-03-18 12:10:00+00:00,2026-03-18 20:28:00+00:00,SELL,session_breakout,4913.042218178304,4966.259,4817.252010899252,1.8,0.4697766220393248,0.37023642857142863,0.28466360741031876,0.457106475438479,44.99999999999983,44.54289352456135,1.781715740982454,TP,10324.727929174915,12.341214285714289,100.0,40.301700145599256,15.774514626102857,-6.111281237924068,-0.12281802998373802
XAUUSDm,sell_rsi_lt50,momentum,2026-03-19 12:00:00+00:00,2026-03-19 12:05:00+00:00,2026-03-19 13:02:00+00:00,SELL,session_breakout,4630.02514520424,4695.267,4512.589806571873,1.8,0.3831895962839012,0.40764214285714323,0.24703372433140322,0.3503354932350248,45.00000000000007,44.64966450676505,1.7859865802706019,TP,10369.37759368168,13.58807142857144,45.0,62.785720474995564,23.12282323957868,-0.3421923205306143,0.07155013661130145
XAUUSDm,sell_rsi_lt50,momentum,2026-03-20 13:30:00+00:00,2026-03-20 13:35:00+00:00,2026-03-20 14:15:00+00:00,SELL,session_breakout,4644.7571186307605,4681.746,4578.177132166129,1.8,0.675878779637556,0.32604642857143384,0.2878581549532036,0.623358554610602,45.00000000000012,44.37664144538952,1.7750656578155806,TP,10413.75423512707,10.868214285714462,70.0,18.014851889985096,42.506104760197296,-0.1819259109801532,0.28092310608082127
XAUUSDm,sell_rsi_lt50,momentum,2026-04-29 12:50:00+00:00,2026-04-29 12:55:00+00:00,2026-04-30 00:45:00+00:00,SELL,session_breakout,4544.9142901159685,4568.888,4501.761612324712,1.8,1.042808982044625,0.17339357142857026,0.1370130983166445,0.9503954888711804,-25.0,-25.95039548887118,-1.0380158195548472,SL,10387.803839638198,5.7797857142856754,95.0,20.702548664922677,37.018509482495936,0.11859892273821071,0.07616364644450102
XAUUSDm,sell_macd_neg,momentum,2025-01-03 13:35:00+00:00,2025-01-03 13:40:00+00:00,2025-01-05 23:05:00+00:00,SELL,session_breakout,2644.9568739226193,2656.394,2624.3700469833343,1.8,2.1858638114904663,0.07387714285714213,0.06218750595216532,1.1554128279604594,8.902747716216613,7.7473348882561535,0.3098933955302461,TIMEOUT,10007.747334888256,2.462571428571404,100.0,22.9170313112483,32.757845219330136,-0.2116379730791943,-0.12462227529607396
XAUUSDm,sell_macd_neg,momentum,2025-01-13 12:00:00+00:00,2025-01-13 12:05:00+00:00,2025-01-13 17:35:00+00:00,SELL,session_breakout,2673.0760581297845,2680.55,2659.6229627633966,1.8,3.344955103227033,0.06136285714285707,0.03726044164396675,1.783763880391045,44.99999999999939,43.21623611960835,1.728649444784334,TP,10050.963571007864,2.045428571428569,66.0,19.272499199964653,29.742003769230635,-0.8310377867980376,0.053679440755844784
XAUUSDm,sell_macd_neg,momentum,2025-01-23 13:10:00+00:00,2025-01-23 13:15:00+00:00,2025-01-23 14:30:00+00:00,SELL,session_breakout,2740.6544331666073,2746.514,2730.1072128665,1.8,4.266526982426182,0.08819785714285834,0.0794679048213071,2.341115217722253,-25.000000000000004,-27.341115217722255,-1.09364460870889,SL,10023.622455790142,2.9399285714286116,100.0,21.034694030739566,38.04067255800109,-0.48469859800545245,0.2035148580036898
XAUUSDm,sell_macd_neg,momentum,2025-02-11 12:45:00+00:00,2025-02-11 12:50:00+00:00,2025-02-11 13:15:00+00:00,SELL,session_breakout,2896.688697119749,2904.236,2883.1035519352977,1.8,3.312441596244696,0.08019428571428665,0.0632057373935629,1.9145224263422622,45.0000000000003,43.08547757365804,1.7234191029463215,TP,10066.707933363801,2.673142857142888,57.99999999999999,33.99080280425428,32.94543234643815,-0.3521815151620178,0.08929286822643502
XAUUSDm,sell_macd_neg,momentum,2025-02-12 13:15:00+00:00,2025-02-12 13:20:00+00:00,2025-02-12 14:00:00+00:00,SELL,session_breakout,2874.18488383939,2885.902,2853.0940747502914,1.8,2.133630806191312,0.08443714285714382,0.03089758918139062,1.228989882169824,-25.0,-26.228989882169824,-1.049159595286793,SL,10040.478943481632,2.814571428571461,97.0,21.687231563201554,38.703743236227076,-0.21785103137107997,0.13171253003789052
XAUUSDm,sell_macd_neg,momentum,2025-02-14 13:40:00+00:00,2025-02-14 13:45:00+00:00,2025-02-14 16:45:00+00:00,SELL,session_breakout,2917.8148588388126,2933.321,2889.9038047486756,1.8,1.6122644402706916,0.10798928571428665,0.1061465183303881,0.9363578280398531,44.9999999999997,44.06364217195985,1.762545686878394,TP,10084.542585653591,3.5996428571428885,100.0,18.863435153374482,38.3772446518707,-1.0692048219661572,0.03008536303792494
XAUUSDm,sell_macd_neg,momentum,2025-02-28 13:55:00+00:00,2025-02-28 14:00:00+00:00,2025-03-02 23:05:00+00:00,SELL,session_breakout,2848.5067310056997,2862.252,2823.7652468159595,1.8,1.8188076210343234,0.11124642857142752,0.09264578001467146,1.0386771501841467,-25.0,-26.038677150184146,-1.041547086007366,SL,10058.503908503408,3.708214285714251,100.0,22.36242762047043,39.75545140571474,-0.2677855039121104,0.04820172717828786
XAUUSDm,sell_macd_neg,momentum,2025-03-05 13:30:00+00:00,2025-03-05 13:35:00+00:00,2025-03-05 15:05:00+00:00,SELL,session_breakout,2908.654101573479,2917.269,2893.147284405741,1.8,2.901949478944222,0.08657571428571535,0.07361056937841443,1.6906534508980262,-25.0,-26.690653450898026,-1.067626138035921,SL,10031.81325505251,2.8858571428571786,100.0,18.538773727042578,43.93629023328979,-0.3781006787172526,0.14282743569313303
XAUUSDm,sell_macd_neg,momentum,2025-03-21 13:45:00+00:00,2025-03-21 13:50:00+00:00,2025-03-23 22:05:00+00:00,SELL,session_breakout,3010.7057493851066,3036.851,2963.6442982782983,1.8,0.956196609787282,0.11942571428571715,0.04653775775012568,0.5770255216015733,-12.601954757498204,-13.178980279099777,-0.5271592111639911,TIMEOUT,10018.63427477341,3.9808571428572384,100.0,18.011965333720443,24.904046949468253,-1.1214333931096045,-0.4606342621081753
XAUUSDm,sell_macd_neg,momentum,2025-04-03 12:20:00+00:00,2025-04-03 12:25:00+00:00,2025-04-03 14:00:00+00:00,SELL,session_breakout,3080.6942655085527,3097.309,3050.787743423947,1.8,1.5046885048249696,0.14053499999999824,0.08646699144750639,0.9295970496381845,-25.0,-25.929597049638183,-1.0371838819855272,SL,9992.704677723772,4.684499999999941,68.0,45.51265925747012,23.930871866694673,-2.5248489201079405,0.10188674597702356
XAUUSDm,sell_macd_neg,momentum,2025-04-23 13:25:00+00:00,2025-04-23 13:30:00+00:00,2025-04-23 14:00:00+00:00,SELL,session_breakout,3299.6766992026883,3320.54,3262.122757767527,1.8,1.1982763534340324,0.2031985714285695,0.11370151159738848,0.7862849125263685,44.99999999999999,44.213715087473624,1.7685486034989453,TP,10036.918392811245,6.773285714285651,78.0,22.560104668224394,38.472119460777044,-1.5238509308195778,-0.0667903918190932
XAUUSDm,sell_macd_neg,momentum,2025-04-30 12:00:00+00:00,2025-04-30 12:05:00+00:00,2025-04-30 12:15:00+00:00,SELL,session_breakout,3267.5609340581027,3281.671,3242.162815362688,1.8,1.771784774284245,0.11945999999999815,0.11333594189749602,1.1603829424020307,-25.0,-26.16038294240203,-1.0464153176960813,SL,10010.758009868843,3.9819999999999385,85.0,43.24131785778276,32.44409341388052,-0.061827532356907966,0.234740852006713
XAUUSDm,sell_macd_neg,momentum,2025-05-02 13:00:00+00:00,2025-05-02 13:05:00+00:00,2025-05-02 14:55:00+00:00,SELL,session_breakout,3243.984266456138,3263.926,3208.0891460771863,1.8,1.2536522938195052,0.15889714285714296,0.11928497243347508,0.8158656633514245,-25.0,-25.815865663351424,-1.032634626534057,SL,9984.942144205492,5.296571428571432,100.0,20.422343309001352,39.731321337788366,-1.539648964363431,-0.16645070860980468
XAUUSDm,sell_macd_neg,momentum,2025-05-14 12:50:00+00:00,2025-05-14 12:55:00+00:00,2025-05-15 00:55:00+00:00,SELL,session_breakout,3186.149400940391,3221.493,3122.5309226330946,1.8,0.7073416591738738,0.21265500000000104,0.18627155960907674,0.4508579750317952,-1.1873430439115638,-1.638201018943359,-0.06552804075773436,TIMEOUT,9983.303943186549,7.088500000000034,100.0,20.548243138493692,21.7966907090199,-3.1392402524396763,-0.24799634771238527
XAUUSDm,sell_macd_neg,momentum,2025-05-28 13:35:00+00:00,2025-05-28 13:40:00+00:00,2025-05-28 20:50:00+00:00,SELL,session_breakout,3303.6896154171227,3316.438,3280.7425231679435,1.8,1.9610327753665329,0.11382000000000095,0.06947458287736935,1.2912287230942068,44.999999999999645,43.70877127690544,1.7483508510762176,TP,10027.012714463455,3.7940000000000316,98.0,19.47008735358178,39.42368282898113,-1.436846244664989,0.07679810677214866
XAUUSDm,sell_macd_neg,momentum,2025-06-16 13:50:00+00:00,2025-06-16 13:55:00+00:00,2025-06-17 01:55:00+00:00,SELL,session_breakout,3389.764106737565,3417.401,3340.017698865182,1.8,0.9045879275432461,0.17297357142857242,0.07940647672035535,0.6136229787410529,-3.550411062094558,-4.1640340408356105,-0.16656136163342442,TIMEOUT,10022.84868042262,5.765785714285747,100.0,35.415918947083775,36.59225033595702,-0.02729251356991691,-0.1140431756732553
XAUUSDm,sell_macd_neg,momentum,2025-06-24 12:30:00+00:00,2025-06-24 12:35:00+00:00,2025-06-24 19:30:00+00:00,SELL,session_breakout,3307.6595879950596,3321.86,3282.0988463861668,1.8,1.7605123000165177,0.12322071428571267,0.0848016477973705,1.1671350777865739,-25.0,-26.167135077786575,-1.046685403111463,SL,9996.681545344833,4.107357142857089,82.0,38.064296195118644,30.183242349490655,-0.15626695824684944,-0.06827947399461992
XAUUSDm,sell_macd_neg,momentum,2025-06-26 13:05:00+00:00,2025-06-26 13:10:00+00:00,2025-06-27 01:10:00+00:00,SELL,session_breakout,3317.867792322045,3344.056,3270.7290185017255,1.8,0.9546281405521522,0.15296785714285566,0.05272374938335146,0.6333397147589805,1.2627747747302278,0.6294350599712473,0.025177402398849892,TIMEOUT,9997.310980404804,5.098928571428522,100.0,18.53667304092629,32.31923122924104,-1.6292287521871331,-0.2536657687353647
XAUUSDm,sell_macd_neg,momentum,2025-06-27 13:00:00+00:00,2025-06-27 13:05:00+00:00,2025-06-27 17:50:00+00:00,SELL,session_breakout,3263.4616119250477,3281.329,3231.3003133901334,1.8,1.3991972354955682,0.15325285714285722,0.13476164638070542,0.9157452931102875,-25.0,-25.915745293110287,-1.0366298117244115,SL,9971.395235111693,5.108428571428574,100.0,47.54438431555311,29.818350801355464,-0.7842089567578743,-0.12338134543097344
XAUUSDm,sell_macd_neg,momentum,2025-07-14 12:35:00+00:00,2025-07-14 12:40:00+00:00,2025-07-15 00:40:00+00:00,SELL,session_breakout,3351.4401444358623,3368.025,3321.5874044204143,1.8,1.507399320019323,0.09729428571428668,0.07220842128089378,1.0097195478325673,6.721711290486435,5.7119917426538676,0.22847966970615471,TIMEOUT,9977.107226854347,3.2431428571428893,100.0,21.65202251038262,36.7651028728244,-1.4793085902268142,-0.17231518849245445
XAUUSDm,sell_macd_neg,momentum,2025-07-15 12:05:00+00:00,2025-07-15 12:10:00+00:00,2025-07-15 12:30:00+00:00,SELL,session_breakout,3352.7121240939723,3359.335,3340.7909474631224,1.8,3.774795172780839,0.0592757142857129,0.04923804888507555,2.5336603083507443,-25.0,-27.533660308350743,-1.1013464123340297,SL,9949.573566545996,1.9758571428570966,59.0,20.971755145144762,38.26022884135366,-1.1419082294695684,-0.14025913326344902
XAUUSDm,sell_macd_neg,momentum,2025-07-15 12:35:00+00:00,2025-07-15 12:40:00+00:00,2025-07-15 15:35:00+00:00,SELL,session_breakout,3347.962095830174,3360.387,3325.597268324487,1.8,2.012087953218358,0.10199142857143151,0.05590845554009401,1.342778840170316,44.99999999999963,43.65722115982931,1.7462888463931725,TP,9993.230787705825,3.3997142857143836,100.0,24.614335357064114,39.25445277239253,-1.3378372695728586,0.04740862915207159
XAUUSDm,sell_macd_neg,momentum,2025-07-28 13:30:00+00:00,2025-07-28 13:35:00+00:00,2025-07-28 13:50:00+00:00,SELL,session_breakout,3324.224798949438,3330.639,3312.679237058426,1.8,3.8976015567534144,0.08868000000000101,0.08686105056233899,2.586800750276727,45.00000000000071,42.41319924972398,1.6965279699889593,TP,10035.643986955549,2.9560000000000337,99.0,24.688991825086365,32.077127050541364,-0.8864486601692667,0.07497463932984386
XAUUSDm,sell_macd_neg,momentum,2025-09-12 12:20:00+00:00,2025-09-12 12:25:00+00:00,2025-09-12 13:10:00+00:00,SELL,session_breakout,3643.181854343058,3649.349,3632.0809921605623,1.8,4.053739183516591,0.063953571428571,0.059168871227362516,2.9562018071254172,-24.999999999999996,-27.956201807125414,-1.1182480722850168,SL,10007.687785148424,2.1317857142857,65.0,21.061426016204223,46.12922788475143,-0.09676661010399631,0.42208130313462
XAUUSDm,sell_macd_neg,momentum,2025-09-25 12:50:00+00:00,2025-09-25 12:55:00+00:00,2025-09-25 18:40:00+00:00,SELL,session_breakout,3732.330338926236,3755.926,3689.858148993461,1.8,1.0595168290409773,0.14623071428571327,0.1235457166214293,0.7933933611265124,-25.000000000000004,-25.793393361126515,-1.0317357344450604,SL,9981.894391787298,4.874357142857109,100.0,19.87710691908853,40.952499898064566,-1.389479222852788,-0.17732221713760524
XAUUSDm,sell_macd_neg,momentum,2025-10-01 12:45:00+00:00,2025-10-01 12:50:00+00:00,2025-10-02 00:50:00+00:00,SELL,session_breakout,3870.889911591162,3891.122,3834.4721524552547,1.8,1.2356608717209683,0.1346742857142866,0.05875126598090679,0.9549588697199612,16.625707785664133,15.670748915944172,0.6268299566377669,TIMEOUT,9997.565140703242,4.489142857142887,96.0,18.3325867553591,43.336386544129056,-2.0906358500096553,-0.04351468926489146
XAUUSDm,sell_macd_neg,momentum,2025-11-14 12:10:00+00:00,2025-11-14 12:15:00+00:00,2025-11-14 13:20:00+00:00,SELL,session_breakout,4125.704691668314,4157.72,4068.0771366712784,1.8,0.7808764401390091,0.2434607142857099,0.152577974543382,0.6398331185389523,45.00000000000007,44.36016688146112,1.7744066752584446,TP,10041.925307584703,8.115357142856997,100.0,35.25045599985121,25.763839156731578,-2.8843251885381376,-0.22969546454747222
XAUUSDm,sell_macd_neg,momentum,2025-11-14 13:25:00+00:00,2025-11-14 13:30:00+00:00,2025-11-16 23:00:00+00:00,SELL,session_breakout,4055.430526765199,4119.67,3939.799474942557,1.8,0.38916882005901127,0.34366928571428257,0.11363859194406961,0.3165149135422536,-8.654909557521528,-8.97142447106378,-0.35885697884255124,TIMEOUT,10032.95388311364,11.455642857142752,100.0,46.13312162979941,16.216089308071474,-6.262003694110483,-0.11760192165958215
XAUUSDm,sell_macd_neg,momentum,2025-12-29 13:45:00+00:00,2025-12-29 13:50:00+00:00,2025-12-29 15:20:00+00:00,SELL,session_breakout,4416.760904750815,4467.761,4324.960733302281,1.8,0.4901951629276469,0.23468571428571133,0.09575239204256983,0.4285149662633574,44.99999999999982,44.571485033736465,1.7828594013494585,TP,10077.525368147377,7.822857142857044,79.0,43.55888121501263,28.342525837174122,-0.5009246398878417,-0.2624363220132083
XAUUSDm,sell_macd_neg,momentum,2026-01-07 12:15:00+00:00,2026-01-07 12:20:00+00:00,2026-01-07 16:20:00+00:00,SELL,session_breakout,4442.027348746509,4455.798,4417.240176490226,1.8,1.8154551690983445,0.13742785714285674,0.10693732492030435,1.615360302311613,-25.0,-26.615360302311615,-1.0646144120924645,SL,10050.910007845065,4.580928571428558,75.0,24.219487564866068,32.86223678729601,-1.4335281499890407,-0.10037374274027626
XAUUSDm,sell_macd_neg,momentum,2026-01-30 13:45:00+00:00,2026-01-30 13:50:00+00:00,2026-01-30 14:33:00+00:00,SELL,session_breakout,4993.3552843170455,5098.149,4804.726596087727,1.8,0.23856392377225694,0.9594214285714295,0.7880049686683398,0.24074688588312163,-25.0,-25.240746885883123,-1.009629875435325,SL,10025.669260959181,31.98071428571432,79.0,49.82419951449379,37.88774542275374,-1.0792570279272269,0.29374206606541337
XAUUSDm,sell_macd_neg,momentum,2026-02-17 13:55:00+00:00,2026-02-17 14:00:00+00:00,2026-02-18 02:00:00+00:00,SELL,session_breakout,4869.7624026720405,4924.239,4771.704527481714,1.8,0.45891265655774016,0.3260078571428546,0.31859339938786974,0.44783883728653756,-8.797170834915963,-9.245009672202501,-0.3698003868881001,TIMEOUT,10016.424251286979,10.866928571428486,88.0,20.56358489368482,45.77712818824828,-0.008927311388252979,0.3242122350963766
XAUUSDm,sell_macd_neg,momentum,2026-02-24 13:35:00+00:00,2026-02-24 13:40:00+00:00,2026-02-24 14:13:00+00:00,SELL,session_breakout,5138.39423101585,5161.12,5097.48784684438,1.8,1.100072785983007,0.2371114285714267,0.12521326986448178,1.1260215314385233,44.9999999999998,43.873978468561276,1.7549591387424508,TP,10060.298229755539,7.903714285714224,92.0,28.697801795800675,38.462225944107544,-1.5018241050500643,0.07621202290591408
XAUUSDm,sell_macd_neg,momentum,2026-03-18 12:05:00+00:00,2026-03-18 12:10:00+00:00,2026-03-18 20:28:00+00:00,SELL,session_breakout,4913.119800482198,4966.259,4817.469241350154,1.8,0.47046248770881227,0.37023642857142863,0.20708130351580842,0.45778771274925567,45.00000000000017,44.54221228725091,1.7816884914900364,TP,10104.84044204279,12.341214285714289,100.0,40.301700145599256,15.774514626102857,-6.111281237924068,-0.12281802998373802
XAUUSDm,sell_macd_neg,momentum,2026-03-19 12:00:00+00:00,2026-03-19 12:05:00+00:00,2026-03-19 13:02:00+00:00,SELL,session_breakout,4630.015898769745,4695.267,4512.563916555287,1.8,0.3831352962424536,0.40764214285714323,0.25628015882678923,0.3502845025964833,44.99999999999993,44.64971549740345,1.7859886198961379,TP,10149.490157540195,13.58807142857144,45.0,62.785720474995564,23.12282323957868,-0.3421923205306143,0.07155013661130145
XAUUSDm,sell_macd_neg,momentum,2026-03-20 13:30:00+00:00,2026-03-20 13:35:00+00:00,2026-03-20 14:15:00+00:00,SELL,session_breakout,4644.90391933518,4681.746,4578.588174138504,1.8,0.6785718816329535,0.32604642857143384,0.14105745053363508,0.6258802385095107,45.00000000000013,44.37411976149062,1.7749647904596246,TP,10193.864277301685,10.868214285714462,70.0,18.014851889985096,42.506104760197296,-0.1819259109801532,0.28092310608082127
XAUUSDm,sell_macd_neg,momentum,2026-04-29 13:20:00+00:00,2026-04-29 13:25:00+00:00,2026-04-29 16:02:00+00:00,SELL,session_breakout,4538.300787907591,4560.073,4499.110806141255,1.8,1.148252639368524,0.20227071428571045,0.07907673526540954,1.0447231715926288,-25.0,-26.04472317159263,-1.0417889268637053,SL,10167.819554130092,6.742357142857015,100.0,23.422633916798347,34.86415977301536,-0.9716776507035707,0.01881374668910772
XAUUSDm,sell_rsi_macd,momentum,2025-01-03 13:35:00+00:00,2025-01-03 13:40:00+00:00,2025-01-05 23:05:00+00:00,SELL,session_breakout,2644.9568739226193,2656.394,2624.3700469833343,1.8,2.1858638114904663,0.07387714285714213,0.06218750595216532,1.1554128279604594,8.902747716216613,7.7473348882561535,0.3098933955302461,TIMEOUT,10007.747334888256,2.462571428571404,100.0,22.9170313112483,32.757845219330136,-0.2116379730791943,-0.12462227529607396
XAUUSDm,sell_rsi_macd,momentum,2025-01-13 12:00:00+00:00,2025-01-13 12:05:00+00:00,2025-01-13 17:35:00+00:00,SELL,session_breakout,2673.0760581297845,2680.55,2659.6229627633966,1.8,3.344955103227033,0.06136285714285707,0.03726044164396675,1.783763880391045,44.99999999999939,43.21623611960835,1.728649444784334,TP,10050.963571007864,2.045428571428569,66.0,19.272499199964653,29.742003769230635,-0.8310377867980376,0.053679440755844784
XAUUSDm,sell_rsi_macd,momentum,2025-01-23 13:10:00+00:00,2025-01-23 13:15:00+00:00,2025-01-23 14:30:00+00:00,SELL,session_breakout,2740.6544331666073,2746.514,2730.1072128665,1.8,4.266526982426182,0.08819785714285834,0.0794679048213071,2.341115217722253,-25.000000000000004,-27.341115217722255,-1.09364460870889,SL,10023.622455790142,2.9399285714286116,100.0,21.034694030739566,38.04067255800109,-0.48469859800545245,0.2035148580036898
XAUUSDm,sell_rsi_macd,momentum,2025-02-11 12:45:00+00:00,2025-02-11 12:50:00+00:00,2025-02-11 13:15:00+00:00,SELL,session_breakout,2896.688697119749,2904.236,2883.1035519352977,1.8,3.312441596244696,0.08019428571428665,0.0632057373935629,1.9145224263422622,45.0000000000003,43.08547757365804,1.7234191029463215,TP,10066.707933363801,2.673142857142888,57.99999999999999,33.99080280425428,32.94543234643815,-0.3521815151620178,0.08929286822643502
XAUUSDm,sell_rsi_macd,momentum,2025-02-12 13:15:00+00:00,2025-02-12 13:20:00+00:00,2025-02-12 14:00:00+00:00,SELL,session_breakout,2874.18488383939,2885.902,2853.0940747502914,1.8,2.133630806191312,0.08443714285714382,0.03089758918139062,1.228989882169824,-25.0,-26.228989882169824,-1.049159595286793,SL,10040.478943481632,2.814571428571461,97.0,21.687231563201554,38.703743236227076,-0.21785103137107997,0.13171253003789052
XAUUSDm,sell_rsi_macd,momentum,2025-02-14 13:40:00+00:00,2025-02-14 13:45:00+00:00,2025-02-14 16:45:00+00:00,SELL,session_breakout,2917.8148588388126,2933.321,2889.9038047486756,1.8,1.6122644402706916,0.10798928571428665,0.1061465183303881,0.9363578280398531,44.9999999999997,44.06364217195985,1.762545686878394,TP,10084.542585653591,3.5996428571428885,100.0,18.863435153374482,38.3772446518707,-1.0692048219661572,0.03008536303792494
XAUUSDm,sell_rsi_macd,momentum,2025-02-28 13:55:00+00:00,2025-02-28 14:00:00+00:00,2025-03-02 23:05:00+00:00,SELL,session_breakout,2848.5067310056997,2862.252,2823.7652468159595,1.8,1.8188076210343234,0.11124642857142752,0.09264578001467146,1.0386771501841467,-25.0,-26.038677150184146,-1.041547086007366,SL,10058.503908503408,3.708214285714251,100.0,22.36242762047043,39.75545140571474,-0.2677855039121104,0.04820172717828786
XAUUSDm,sell_rsi_macd,momentum,2025-03-05 13:30:00+00:00,2025-03-05 13:35:00+00:00,2025-03-05 15:05:00+00:00,SELL,session_breakout,2908.654101573479,2917.269,2893.147284405741,1.8,2.901949478944222,0.08657571428571535,0.07361056937841443,1.6906534508980262,-25.0,-26.690653450898026,-1.067626138035921,SL,10031.81325505251,2.8858571428571786,100.0,18.538773727042578,43.93629023328979,-0.3781006787172526,0.14282743569313303
XAUUSDm,sell_rsi_macd,momentum,2025-03-21 13:45:00+00:00,2025-03-21 13:50:00+00:00,2025-03-23 22:05:00+00:00,SELL,session_breakout,3010.7057493851066,3036.851,2963.6442982782983,1.8,0.956196609787282,0.11942571428571715,0.04653775775012568,0.5770255216015733,-12.601954757498204,-13.178980279099777,-0.5271592111639911,TIMEOUT,10018.63427477341,3.9808571428572384,100.0,18.011965333720443,24.904046949468253,-1.1214333931096045,-0.4606342621081753
XAUUSDm,sell_rsi_macd,momentum,2025-04-03 12:20:00+00:00,2025-04-03 12:25:00+00:00,2025-04-03 14:00:00+00:00,SELL,session_breakout,3080.6942655085527,3097.309,3050.787743423947,1.8,1.5046885048249696,0.14053499999999824,0.08646699144750639,0.9295970496381845,-25.0,-25.929597049638183,-1.0371838819855272,SL,9992.704677723772,4.684499999999941,68.0,45.51265925747012,23.930871866694673,-2.5248489201079405,0.10188674597702356
XAUUSDm,sell_rsi_macd,momentum,2025-04-23 13:25:00+00:00,2025-04-23 13:30:00+00:00,2025-04-23 14:00:00+00:00,SELL,session_breakout,3299.6766992026883,3320.54,3262.122757767527,1.8,1.1982763534340324,0.2031985714285695,0.11370151159738848,0.7862849125263685,44.99999999999999,44.213715087473624,1.7685486034989453,TP,10036.918392811245,6.773285714285651,78.0,22.560104668224394,38.472119460777044,-1.5238509308195778,-0.0667903918190932
XAUUSDm,sell_rsi_macd,momentum,2025-04-30 12:00:00+00:00,2025-04-30 12:05:00+00:00,2025-04-30 12:15:00+00:00,SELL,session_breakout,3267.5609340581027,3281.671,3242.162815362688,1.8,1.771784774284245,0.11945999999999815,0.11333594189749602,1.1603829424020307,-25.0,-26.16038294240203,-1.0464153176960813,SL,10010.758009868843,3.9819999999999385,85.0,43.24131785778276,32.44409341388052,-0.061827532356907966,0.234740852006713
XAUUSDm,sell_rsi_macd,momentum,2025-05-02 13:00:00+00:00,2025-05-02 13:05:00+00:00,2025-05-02 14:55:00+00:00,SELL,session_breakout,3243.984266456138,3263.926,3208.0891460771863,1.8,1.2536522938195052,0.15889714285714296,0.11928497243347508,0.8158656633514245,-25.0,-25.815865663351424,-1.032634626534057,SL,9984.942144205492,5.296571428571432,100.0,20.422343309001352,39.731321337788366,-1.539648964363431,-0.16645070860980468
XAUUSDm,sell_rsi_macd,momentum,2025-05-14 12:50:00+00:00,2025-05-14 12:55:00+00:00,2025-05-15 00:55:00+00:00,SELL,session_breakout,3186.149400940391,3221.493,3122.5309226330946,1.8,0.7073416591738738,0.21265500000000104,0.18627155960907674,0.4508579750317952,-1.1873430439115638,-1.638201018943359,-0.06552804075773436,TIMEOUT,9983.303943186549,7.088500000000034,100.0,20.548243138493692,21.7966907090199,-3.1392402524396763,-0.24799634771238527
XAUUSDm,sell_rsi_macd,momentum,2025-05-28 13:35:00+00:00,2025-05-28 13:40:00+00:00,2025-05-28 20:50:00+00:00,SELL,session_breakout,3303.6896154171227,3316.438,3280.7425231679435,1.8,1.9610327753665329,0.11382000000000095,0.06947458287736935,1.2912287230942068,44.999999999999645,43.70877127690544,1.7483508510762176,TP,10027.012714463455,3.7940000000000316,98.0,19.47008735358178,39.42368282898113,-1.436846244664989,0.07679810677214866
XAUUSDm,sell_rsi_macd,momentum,2025-06-16 13:50:00+00:00,2025-06-16 13:55:00+00:00,2025-06-17 01:55:00+00:00,SELL,session_breakout,3389.764106737565,3417.401,3340.017698865182,1.8,0.9045879275432461,0.17297357142857242,0.07940647672035535,0.6136229787410529,-3.550411062094558,-4.1640340408356105,-0.16656136163342442,TIMEOUT,10022.84868042262,5.765785714285747,100.0,35.415918947083775,36.59225033595702,-0.02729251356991691,-0.1140431756732553
XAUUSDm,sell_rsi_macd,momentum,2025-06-24 12:30:00+00:00,2025-06-24 12:35:00+00:00,2025-06-24 19:30:00+00:00,SELL,session_breakout,3307.6595879950596,3321.86,3282.0988463861668,1.8,1.7605123000165177,0.12322071428571267,0.0848016477973705,1.1671350777865739,-25.0,-26.167135077786575,-1.046685403111463,SL,9996.681545344833,4.107357142857089,82.0,38.064296195118644,30.183242349490655,-0.15626695824684944,-0.06827947399461992
XAUUSDm,sell_rsi_macd,momentum,2025-06-26 13:05:00+00:00,2025-06-26 13:10:00+00:00,2025-06-27 01:10:00+00:00,SELL,session_breakout,3317.867792322045,3344.056,3270.7290185017255,1.8,0.9546281405521522,0.15296785714285566,0.05272374938335146,0.6333397147589805,1.2627747747302278,0.6294350599712473,0.025177402398849892,TIMEOUT,9997.310980404804,5.098928571428522,100.0,18.53667304092629,32.31923122924104,-1.6292287521871331,-0.2536657687353647
XAUUSDm,sell_rsi_macd,momentum,2025-06-27 13:00:00+00:00,2025-06-27 13:05:00+00:00,2025-06-27 17:50:00+00:00,SELL,session_breakout,3263.4616119250477,3281.329,3231.3003133901334,1.8,1.3991972354955682,0.15325285714285722,0.13476164638070542,0.9157452931102875,-25.0,-25.915745293110287,-1.0366298117244115,SL,9971.395235111693,5.108428571428574,100.0,47.54438431555311,29.818350801355464,-0.7842089567578743,-0.12338134543097344
XAUUSDm,sell_rsi_macd,momentum,2025-07-14 12:35:00+00:00,2025-07-14 12:40:00+00:00,2025-07-15 00:40:00+00:00,SELL,session_breakout,3351.4401444358623,3368.025,3321.5874044204143,1.8,1.507399320019323,0.09729428571428668,0.07220842128089378,1.0097195478325673,6.721711290486435,5.7119917426538676,0.22847966970615471,TIMEOUT,9977.107226854347,3.2431428571428893,100.0,21.65202251038262,36.7651028728244,-1.4793085902268142,-0.17231518849245445
XAUUSDm,sell_rsi_macd,momentum,2025-07-15 12:05:00+00:00,2025-07-15 12:10:00+00:00,2025-07-15 12:30:00+00:00,SELL,session_breakout,3352.7121240939723,3359.335,3340.7909474631224,1.8,3.774795172780839,0.0592757142857129,0.04923804888507555,2.5336603083507443,-25.0,-27.533660308350743,-1.1013464123340297,SL,9949.573566545996,1.9758571428570966,59.0,20.971755145144762,38.26022884135366,-1.1419082294695684,-0.14025913326344902
XAUUSDm,sell_rsi_macd,momentum,2025-07-15 12:35:00+00:00,2025-07-15 12:40:00+00:00,2025-07-15 15:35:00+00:00,SELL,session_breakout,3347.962095830174,3360.387,3325.597268324487,1.8,2.012087953218358,0.10199142857143151,0.05590845554009401,1.342778840170316,44.99999999999963,43.65722115982931,1.7462888463931725,TP,9993.230787705825,3.3997142857143836,100.0,24.614335357064114,39.25445277239253,-1.3378372695728586,0.04740862915207159
XAUUSDm,sell_rsi_macd,momentum,2025-07-28 13:30:00+00:00,2025-07-28 13:35:00+00:00,2025-07-28 13:50:00+00:00,SELL,session_breakout,3324.224798949438,3330.639,3312.679237058426,1.8,3.8976015567534144,0.08868000000000101,0.08686105056233899,2.586800750276727,45.00000000000071,42.41319924972398,1.6965279699889593,TP,10035.643986955549,2.9560000000000337,99.0,24.688991825086365,32.077127050541364,-0.8864486601692667,0.07497463932984386
XAUUSDm,sell_rsi_macd,momentum,2025-09-12 12:20:00+00:00,2025-09-12 12:25:00+00:00,2025-09-12 13:10:00+00:00,SELL,session_breakout,3643.181854343058,3649.349,3632.0809921605623,1.8,4.053739183516591,0.063953571428571,0.059168871227362516,2.9562018071254172,-24.999999999999996,-27.956201807125414,-1.1182480722850168,SL,10007.687785148424,2.1317857142857,65.0,21.061426016204223,46.12922788475143,-0.09676661010399631,0.42208130313462
XAUUSDm,sell_rsi_macd,momentum,2025-09-25 12:50:00+00:00,2025-09-25 12:55:00+00:00,2025-09-25 18:40:00+00:00,SELL,session_breakout,3732.330338926236,3755.926,3689.858148993461,1.8,1.0595168290409773,0.14623071428571327,0.1235457166214293,0.7933933611265124,-25.000000000000004,-25.793393361126515,-1.0317357344450604,SL,9981.894391787298,4.874357142857109,100.0,19.87710691908853,40.952499898064566,-1.389479222852788,-0.17732221713760524
XAUUSDm,sell_rsi_macd,momentum,2025-10-01 12:45:00+00:00,2025-10-01 12:50:00+00:00,2025-10-02 00:50:00+00:00,SELL,session_breakout,3870.889911591162,3891.122,3834.4721524552547,1.8,1.2356608717209683,0.1346742857142866,0.05875126598090679,0.9549588697199612,16.625707785664133,15.670748915944172,0.6268299566377669,TIMEOUT,9997.565140703242,4.489142857142887,96.0,18.3325867553591,43.336386544129056,-2.0906358500096553,-0.04351468926489146
XAUUSDm,sell_rsi_macd,momentum,2025-11-14 12:10:00+00:00,2025-11-14 12:15:00+00:00,2025-11-14 13:20:00+00:00,SELL,session_breakout,4125.704691668314,4157.72,4068.0771366712784,1.8,0.7808764401390091,0.2434607142857099,0.152577974543382,0.6398331185389523,45.00000000000007,44.36016688146112,1.7744066752584446,TP,10041.925307584703,8.115357142856997,100.0,35.25045599985121,25.763839156731578,-2.8843251885381376,-0.22969546454747222
XAUUSDm,sell_rsi_macd,momentum,2025-11-14 13:25:00+00:00,2025-11-14 13:30:00+00:00,2025-11-16 23:00:00+00:00,SELL,session_breakout,4055.430526765199,4119.67,3939.799474942557,1.8,0.38916882005901127,0.34366928571428257,0.11363859194406961,0.3165149135422536,-8.654909557521528,-8.97142447106378,-0.35885697884255124,TIMEOUT,10032.95388311364,11.455642857142752,100.0,46.13312162979941,16.216089308071474,-6.262003694110483,-0.11760192165958215
XAUUSDm,sell_rsi_macd,momentum,2025-12-29 13:45:00+00:00,2025-12-29 13:50:00+00:00,2025-12-29 15:20:00+00:00,SELL,session_breakout,4416.760904750815,4467.761,4324.960733302281,1.8,0.4901951629276469,0.23468571428571133,0.09575239204256983,0.4285149662633574,44.99999999999982,44.571485033736465,1.7828594013494585,TP,10077.525368147377,7.822857142857044,79.0,43.55888121501263,28.342525837174122,-0.5009246398878417,-0.2624363220132083
XAUUSDm,sell_rsi_macd,momentum,2026-01-07 12:15:00+00:00,2026-01-07 12:20:00+00:00,2026-01-07 16:20:00+00:00,SELL,session_breakout,4442.027348746509,4455.798,4417.240176490226,1.8,1.8154551690983445,0.13742785714285674,0.10693732492030435,1.615360302311613,-25.0,-26.615360302311615,-1.0646144120924645,SL,10050.910007845065,4.580928571428558,75.0,24.219487564866068,32.86223678729601,-1.4335281499890407,-0.10037374274027626
XAUUSDm,sell_rsi_macd,momentum,2026-01-30 13:45:00+00:00,2026-01-30 13:50:00+00:00,2026-01-30 14:33:00+00:00,SELL,session_breakout,4993.3552843170455,5098.149,4804.726596087727,1.8,0.23856392377225694,0.9594214285714295,0.7880049686683398,0.24074688588312163,-25.0,-25.240746885883123,-1.009629875435325,SL,10025.669260959181,31.98071428571432,79.0,49.82419951449379,37.88774542275374,-1.0792570279272269,0.29374206606541337
XAUUSDm,sell_rsi_macd,momentum,2026-02-17 13:55:00+00:00,2026-02-17 14:00:00+00:00,2026-02-18 02:00:00+00:00,SELL,session_breakout,4869.7624026720405,4924.239,4771.704527481714,1.8,0.45891265655774016,0.3260078571428546,0.31859339938786974,0.44783883728653756,-8.797170834915963,-9.245009672202501,-0.3698003868881001,TIMEOUT,10016.424251286979,10.866928571428486,88.0,20.56358489368482,45.77712818824828,-0.008927311388252979,0.3242122350963766
XAUUSDm,sell_rsi_macd,momentum,2026-02-24 13:35:00+00:00,2026-02-24 13:40:00+00:00,2026-02-24 14:13:00+00:00,SELL,session_breakout,5138.39423101585,5161.12,5097.48784684438,1.8,1.100072785983007,0.2371114285714267,0.12521326986448178,1.1260215314385233,44.9999999999998,43.873978468561276,1.7549591387424508,TP,10060.298229755539,7.903714285714224,92.0,28.697801795800675,38.462225944107544,-1.5018241050500643,0.07621202290591408
XAUUSDm,sell_rsi_macd,momentum,2026-03-18 12:05:00+00:00,2026-03-18 12:10:00+00:00,2026-03-18 20:28:00+00:00,SELL,session_breakout,4913.119800482198,4966.259,4817.469241350154,1.8,0.47046248770881227,0.37023642857142863,0.20708130351580842,0.45778771274925567,45.00000000000017,44.54221228725091,1.7816884914900364,TP,10104.84044204279,12.341214285714289,100.0,40.301700145599256,15.774514626102857,-6.111281237924068,-0.12281802998373802
XAUUSDm,sell_rsi_macd,momentum,2026-03-19 12:00:00+00:00,2026-03-19 12:05:00+00:00,2026-03-19 13:02:00+00:00,SELL,session_breakout,4630.015898769745,4695.267,4512.563916555287,1.8,0.3831352962424536,0.40764214285714323,0.25628015882678923,0.3502845025964833,44.99999999999993,44.64971549740345,1.7859886198961379,TP,10149.490157540195,13.58807142857144,45.0,62.785720474995564,23.12282323957868,-0.3421923205306143,0.07155013661130145
XAUUSDm,sell_rsi_macd,momentum,2026-03-20 13:30:00+00:00,2026-03-20 13:35:00+00:00,2026-03-20 14:15:00+00:00,SELL,session_breakout,4644.90391933518,4681.746,4578.588174138504,1.8,0.6785718816329535,0.32604642857143384,0.14105745053363508,0.6258802385095107,45.00000000000013,44.37411976149062,1.7749647904596246,TP,10193.864277301685,10.868214285714462,70.0,18.014851889985096,42.506104760197296,-0.1819259109801532,0.28092310608082127
XAUUSDm,sell_rsi_macd,momentum,2026-04-29 13:20:00+00:00,2026-04-29 13:25:00+00:00,2026-04-29 16:02:00+00:00,SELL,session_breakout,4538.300787907591,4560.073,4499.110806141255,1.8,1.148252639368524,0.20227071428571045,0.07907673526540954,1.0447231715926288,-25.0,-26.04472317159263,-1.0417889268637053,SL,10167.819554130092,6.742357142857015,100.0,23.422633916798347,34.86415977301536,-0.9716776507035707,0.01881374668910772
XAUUSDm,sell_bb_top65,momentum,2025-01-06 13:30:00+00:00,2025-01-06 13:35:00+00:00,2025-01-06 14:15:00+00:00,SELL,session_breakout,2638.202970483861,2648.848,2619.0419173548107,1.8,2.34851392023831,0.09765428571428304,0.082202373281472,1.2346712801190813,45.000000000000426,43.765328719881346,1.7506131487952539,TP,10043.765328719881,3.255142857142768,99.0,33.51748168707531,56.275986315920264,0.7939140510395979,0.662007534632952
XAUUSDm,sell_bb_top65,momentum,2025-02-13 13:00:00+00:00,2025-02-13 13:05:00+00:00,2025-02-13 18:50:00+00:00,SELL,session_breakout,2913.9866012466687,2921.369,2900.698283490672,1.8,3.3864331683137805,0.06448499999999967,0.039156253331187565,1.9761041756967324,-25.0,-26.976104175696733,-1.0790441670278694,SL,10016.789224544184,2.149499999999989,60.0,18.43714716473585,55.07719547990637,0.09085271035550369,0.6755273122060891
XAUUSDm,sell_bb_top65,momentum,2025-03-03 13:05:00+00:00,2025-03-03 13:10:00+00:00,2025-03-03 14:30:00+00:00,SELL,session_breakout,2871.033850731284,2877.716,2859.0059820475954,1.8,3.7413112150971615,0.057207857142854465,0.05154534014466599,2.1507862289329087,-25.0,-27.15078622893291,-1.0860314491573164,SL,9989.63843831525,1.9069285714284823,70.0,19.71262015212677,63.26328671101052,0.5544488539913344,0.7976623929737864
XAUUSDm,sell_bb_top65,momentum,2025-03-26 13:00:00+00:00,2025-03-26 13:05:00+00:00,2025-03-26 14:00:00+00:00,SELL,session_breakout,3024.783763530375,3029.994,3015.4053378850494,1.8,4.798246710249278,0.06616928571428649,0.052151826768272465,2.8982317485150104,45.00000000000044,42.10176825148543,1.6840707300594173,TP,10031.740206566736,2.205642857142883,100.0,19.750277906197685,56.18747599344997,0.33536904822330094,0.67074383116808
XAUUSDm,sell_bb_top65,momentum,2025-10-09 13:40:00+00:00,2025-10-09 13:45:00+00:00,2025-10-09 16:40:00+00:00,SELL,session_breakout,4031.216023322299,4057.981,3983.0390653024365,1.8,0.934056483629529,0.18705642857143076,0.06844846341516425,0.748576692699088,45.00000000000017,44.25142330730108,1.7700569322920432,TP,10075.991629874037,6.235214285714359,100.0,19.2834809256265,69.40610482535511,1.4977340740724725,1.0551613733096423
XAUUSDm,sell_bb_top65,momentum,2025-11-19 13:10:00+00:00,2025-11-19 13:15:00+00:00,2025-11-19 14:55:00+00:00,SELL,session_breakout,4102.912488860529,4120.01,4072.1369688094815,1.8,1.4622011236644572,0.13318928571428126,0.1309164966132552,1.2023566503017602,-25.0,-26.20235665030176,-1.0480942660120705,SL,10049.789273223736,4.439642857142709,70.0,38.20990375075074,64.01986501558459,0.14467682996041198,0.6993300976049365
XAUUSDm,sell_bb_top65,momentum,2025-12-23 13:50:00+00:00,2025-12-23 13:55:00+00:00,2025-12-23 14:55:00+00:00,SELL,session_breakout,4478.842178908556,4497.359,4445.511900943956,1.8,1.350123753777106,0.16868357142857154,0.14047930573003942,1.2048982430326505,45.00000000000025,43.7951017569676,1.7518040702787039,TP,10093.584374980703,5.622785714285718,100.0,24.530324010148064,55.66761543269887,0.1292730498633876,0.7498370921988308
XAUUSDm,sell_bb_top65,momentum,2026-03-30 13:40:00+00:00,2026-03-30 13:45:00+00:00,2026-03-31 01:24:00+00:00,SELL,session_breakout,4544.1649509209865,4578.633,4482.122462578763,1.8,0.7253094000966197,0.28368857142857123,0.2412047932990793,0.6616851108985172,-25.0,-25.661685110898517,-1.0264674044359408,SL,10067.922689869803,9.456285714285709,89.0,42.69311928505708,65.79862997566858,1.2984776228032047,0.8242857290566448
XAUUSDm,buy_baseline,momentum,2025-01-07 13:10:00+00:00,2025-01-07 13:15:00+00:00,2025-01-07 15:00:00+00:00,BUY,session_breakout,2654.975055911924,2647.585,2668.2771565533867,1.8,3.382924337509092,0.06860785714285579,0.057751983352780416,1.793815946424802,-25.0,-26.7938159464248,-1.071752637856992,SL,9973.206184053575,2.2869285714285263,100.0,29.35827353571139,73.87488342939687,0.6410938942025186,1.0750465122481387
XAUUSDm,buy_baseline,momentum,2025-01-15 13:55:00+00:00,2025-01-15 14:00:00+00:00,2025-01-15 14:30:00+00:00,BUY,session_breakout,2693.947934681974,2682.127,2715.2256171095273,1.8,2.1148919838059044,0.10109571428571404,0.06138682483164762,1.136981778369876,-25.0,-26.136981778369876,-1.045479271134795,SL,9947.069202275205,3.3698571428571347,100.0,29.527297783745972,58.16011654565858,-0.48404185823478585,0.6774001609884107
XAUUSDm,buy_baseline,momentum,2025-01-16 13:30:00+00:00,2025-01-16 13:35:00+00:00,2025-01-17 01:35:00+00:00,BUY,session_breakout,2713.5913244791664,2701.388,2735.557308541666,1.8,2.0486220818499166,0.07803214285714083,0.07030840773750051,1.1114537546185432,-3.708670703333759,-4.820124457952302,-0.19280497831809207,TIMEOUT,9942.249077817252,2.601071428571361,100.0,29.035232131775437,65.22636031978546,-0.18678025952878663,0.9086495751730368
XAUUSDm,buy_baseline,momentum,2025-01-24 13:40:00+00:00,2025-01-24 13:45:00+00:00,2025-01-24 14:15:00+00:00,BUY,session_breakout,2783.9867028041876,2777.85,2795.0327678517256,1.8,4.073848905138408,0.05255785714285528,0.0414238756159642,2.265808236227745,-25.0,-27.265808236227745,-1.0906323294491098,SL,9914.983269581024,1.7519285714285096,50.0,34.62164324979766,71.63787260500625,0.47904578272105924,1.0203166261648962
XAUUSDm,buy_baseline,momentum,2025-01-30 13:00:00+00:00,2025-01-30 13:05:00+00:00,2025-01-30 15:10:00+00:00,BUY,session_breakout,2782.0775132622916,2777.714,2789.9318371344166,1.8,5.729328295170611,0.03985714285714169,0.014584690863207852,3.192387083218308,44.99999999999948,41.807612916781174,1.672304516671247,TP,9956.790882497804,1.3285714285713897,54.0,44.63844601034202,78.92361593003412,-0.16238478842643822,0.8505415631970238
XAUUSDm,buy_baseline,momentum,2025-02-03 12:35:00+00:00,2025-02-03 12:40:00+00:00,2025-02-03 14:45:00+00:00,BUY,session_breakout,2808.0859707648915,2800.096,2822.4679181416964,1.8,3.128922587533335,0.06067071428571547,0.05963540774855266,1.7617567243323484,45.00000000000057,43.23824327566822,1.7295297310267288,TP,10000.029125773472,2.0223571428571825,47.0,32.5962657261514,67.71926199504392,0.30412368828532,0.9052399724279602
XAUUSDm,buy_baseline,momentum,2025-02-24 13:55:00+00:00,2025-02-24 14:00:00+00:00,2025-02-24 14:20:00+00:00,BUY,session_breakout,2954.4899989705755,2946.923,2968.1105971176116,1.8,3.3038196644683837,0.07127785714285698,0.059360042003814666,1.9497204314148324,-25.0,-26.949720431414832,-1.0779888172565932,SL,9973.079405342056,2.375928571428566,88.0,20.21311523242239,65.98017486570262,0.6907560286398791,0.9636195525257545
XAUUSDm,buy_baseline,momentum,2025-04-02 12:25:00+00:00,2025-04-02 12:30:00+00:00,2025-04-02 13:50:00+00:00,BUY,session_breakout,3125.9516658457155,3117.046,3141.9818643680037,1.8,2.8072016661198766,0.08566285714285543,0.07283441714448294,1.7525353449144594,-25.0,-26.75253534491446,-1.0701014137965783,SL,9946.326869997141,2.8554285714285146,72.0,23.02494613702874,45.282361336697186,-0.8245369640076562,0.2722350344222083
XAUUSDm,buy_baseline,momentum,2025-04-11 13:30:00+00:00,2025-04-11 13:35:00+00:00,2025-04-11 13:50:00+00:00,BUY,session_breakout,3240.5370541137017,3225.711,3267.223951518365,1.8,1.68622074412203,0.17203285714285552,0.06703768513054377,1.0903521605485236,-25.0,-26.090352160548523,-1.043614086421941,SL,9920.236517836593,5.734428571428517,74.0,26.486869484803904,58.91642100189986,0.8095400575604419,0.7853831925321447
XAUUSDm,buy_baseline,momentum,2025-04-21 13:00:00+00:00,2025-04-21 13:05:00+00:00,2025-04-22 01:05:00+00:00,BUY,session_breakout,3421.3439039416726,3398.008,3463.3485310366837,1.8,1.0713105462932389,0.13261714285714366,0.08159537024386464,0.7342261008049895,11.617394472303216,10.883168371498227,0.43532673485992907,TIMEOUT,9931.11968620809,4.4205714285714555,100.0,28.364920124046165,71.43754187175264,0.9142115246842142,1.169734546144338
XAUUSDm,buy_baseline,momentum,2025-04-30 12:15:00+00:00,2025-04-30 12:20:00+00:00,2025-04-30 13:35:00+00:00,BUY,session_breakout,3283.1524824651397,3266.901,3312.405150902391,1.8,1.5383211995352524,0.1382485714285706,0.07735817942565479,1.014608613016583,44.99999999999972,43.98539138698314,1.7594156554793257,TP,9975.105077595073,4.608285714285687,89.0,44.343344543550394,36.765081230565336,0.15248180303597714,0.31442547847380653
XAUUSDm,buy_baseline,momentum,2025-05-08 13:30:00+00:00,2025-05-08 13:35:00+00:00,2025-05-08 15:25:00+00:00,BUY,session_breakout,3366.6951583309524,3347.274,3401.653243326667,1.8,1.2872558667191452,0.1554171428571424,0.1474497595239595,0.864259618803292,-25.0,-25.864259618803292,-1.0345703847521317,SL,9949.24081797627,5.1805714285714135,74.0,26.396879957534892,60.62923302062172,3.5469760640009005,1.0038776141220136
XAUUSDm,buy_baseline,momentum,2025-05-09 13:25:00+00:00,2025-05-09 13:30:00+00:00,2025-05-09 14:00:00+00:00,BUY,session_breakout,3339.9413401668266,3328.669,3360.231552467115,1.8,2.217818095445005,0.10501285714285587,0.07883373825486575,1.4789764683893658,-25.0,-26.478976468389366,-1.0591590587355746,SL,9922.76184150788,3.500428571428529,49.0,23.16619450277093,55.996399916485366,-0.07954968226112946,0.6702587580952204
XAUUSDm,buy_baseline,momentum,2025-05-15 12:30:00+00:00,2025-05-15 12:35:00+00:00,2025-05-15 14:10:00+00:00,BUY,session_breakout,3186.242253397559,3176.286,3204.1635095131655,1.8,2.510984704962325,0.11138142857143066,0.09756268327331719,1.604621112917193,45.00000000000023,43.395378887083034,1.7358151554833214,TP,9966.157220394962,3.7127142857143554,40.0,27.853226835020156,68.81050263627738,1.490451662530604,0.7884946739690148
XAUUSDm,buy_baseline,momentum,2025-05-29 12:15:00+00:00,2025-05-29 12:20:00+00:00,2025-05-29 16:05:00+00:00,BUY,session_breakout,3308.8347516619933,3298.541,3327.363504653581,1.8,2.4286577742404276,0.10334357142857113,0.06307987627883979,1.611705448660159,45.0,43.38829455133984,1.7355317820535936,TP,10009.545514946301,3.4447857142857043,100.0,33.53063891306181,71.54485220906108,1.4941413587731533,0.9269290857964989
XAUUSDm,buy_baseline,momentum,2025-05-30 12:10:00+00:00,2025-05-30 12:15:00+00:00,2025-05-30 13:40:00+00:00,BUY,session_breakout,3302.983637435456,3288.365,3329.297184819277,1.8,1.7101457034131589,0.14142642857142912,0.06492422117003906,1.1272166552008425,-25.0,-26.127216655200844,-1.0450886662080336,SL,9983.4182982911,4.714214285714304,100.0,26.073140583746437,45.82008517604064,-0.03759847026109786,0.3155542679009315
XAUUSDm,buy_baseline,momentum,2025-06-11 12:15:00+00:00,2025-06-11 12:20:00+00:00,2025-06-11 12:35:00+00:00,BUY,session_breakout,3338.11463272574,3327.196,3357.7681716320726,1.8,2.289663974232177,0.09899999999999863,0.06813272574019641,1.5331321632818806,44.999999999999794,43.46686783671791,1.7386747134687164,TP,10026.885166127819,3.2999999999999545,97.0,30.652943272538636,47.60928992435532,-0.4959922078970447,0.37772202016904627
XAUUSDm,buy_baseline,momentum,2025-06-20 13:50:00+00:00,2025-06-20 13:55:00+00:00,2025-06-22 22:05:00+00:00,BUY,session_breakout,3372.037901591715,3348.68,3414.082124456803,1.8,1.070301623706949,0.11116928571428453,0.03831694885842807,0.7227997210146426,9.801927596455231,9.079127875440589,0.36316511501762355,TIMEOUT,10035.964294003259,3.7056428571428177,98.0,19.55623931036536,65.43840660534195,0.9994241066125626,1.08557930623339
XAUUSDm,buy_baseline,momentum,2025-06-23 13:50:00+00:00,2025-06-23 13:55:00+00:00,2025-06-23 22:00:00+00:00,BUY,session_breakout,3385.4920540127173,3363.575,3424.9427512356087,1.8,1.1406642510208551,0.11966142857142585,0.10522329843104082,0.7698419516254945,-25.000000000000004,-25.769841951625498,-1.0307936780650198,SL,10010.194452051634,3.9887142857141953,100.0,19.594011510915283,64.93271798242489,0.2646395893747653,1.014401231919862
XAUUSDm,buy_baseline,momentum,2025-07-11 12:45:00+00:00,2025-07-11 12:50:00+00:00,2025-07-13 22:05:00+00:00,BUY,session_breakout,3356.0386808879884,3344.356,3377.067506486367,1.8,2.1399197872214613,0.09554357142856848,0.0709091022740525,1.4375182257599035,11.87509777340016,10.437579547640256,0.4175031819056103,TIMEOUT,10020.632031599274,3.184785714285616,100.0,24.363230310504886,64.84391677031199,0.5463278730354175,0.960168473990999
XAUUSDm,buy_baseline,momentum,2025-07-18 12:00:00+00:00,2025-07-18 12:05:00+00:00,2025-07-18 14:15:00+00:00,BUY,session_breakout,3358.3073626509095,3351.982,3369.6930154225465,1.8,3.9523425580042297,0.058890000000000914,0.048917650909540124,2.652136222452827,-25.0,-27.652136222452828,-1.106085448898113,SL,9992.979895376822,1.9630000000000305,82.0,31.83987434693921,65.66484639860758,0.08776952459067822,0.8292849528012146
XAUUSDm,buy_baseline,momentum,2025-07-21 12:15:00+00:00,2025-07-21 12:20:00+00:00,2025-07-21 13:45:00+00:00,BUY,session_breakout,3378.235539465221,3370.859,3391.5133105026184,1.8,3.389123059379056,0.06443571428571561,0.035321608078212725,2.294351193363085,44.99999999999938,42.7056488066363,1.708225952265452,TP,10035.685544183458,2.147857142857187,90.0,27.99741884698307,72.64095252303622,0.78196598398219,1.059017740570561
XAUUSDm,buy_baseline,momentum,2025-07-22 12:40:00+00:00,2025-07-22 12:45:00+00:00,2025-07-22 14:30:00+00:00,BUY,session_breakout,3403.831729826738,3391.033,3426.8694435148664,1.8,1.9533188322931903,0.07822285714285596,0.0766183981666233,1.3342537239655348,44.99999999999982,43.66574627603429,1.7466298510413716,TP,10079.351290459492,2.607428571428532,100.0,21.18492615692123,77.24575759468715,1.331174428430191,1.3866050869238487
XAUUSDm,buy_baseline,momentum,2025-07-24 13:40:00+00:00,2025-07-24 13:45:00+00:00,2025-07-25 01:45:00+00:00,BUY,session_breakout,3367.145871874416,3351.315,3395.641441248365,1.8,1.5791928706341167,0.12340285714285755,0.1141704458449116,1.0638963736990823,4.218226492472352,3.15433011877327,0.1261732047509308,TIMEOUT,10082.505620578266,4.113428571428585,100.0,53.27659949751417,37.125897944068804,0.009985323994676776,0.2432288120787615
XAUUSDm,buy_baseline,momentum,2025-08-01 12:30:00+00:00,2025-08-01 12:35:00+00:00,2025-08-03 22:05:00+00:00,BUY,session_breakout,3328.1541162524627,3296.811,3384.5717255068953,1.8,0.797623305820327,0.12649285714285852,0.10686982389125455,0.5337340312904213,28.11373593457533,27.58000190328491,1.1032000761313965,TIMEOUT,10110.08562248155,4.216428571428618,100.0,27.262211762494214,68.45716266954378,0.7339243643271642,0.8669947148323274
XAUUSDm,buy_baseline,momentum,2025-08-04 13:00:00+00:00,2025-08-04 13:05:00+00:00,2025-08-05 01:05:00+00:00,BUY,session_breakout,3372.340852964864,3361.037,3392.68778830162,1.8,2.2116352784937465,0.08956285714285676,0.039071536292928234,1.4937331266511988,20.555263466415102,19.0615303397639,0.7624612135905562,TIMEOUT,10129.147152821315,2.985428571428559,100.0,18.452596237814085,60.96213883843053,0.4707971561554465,0.8562218651093784
XAUUSDm,buy_baseline,momentum,2025-08-05 12:25:00+00:00,2025-08-05 12:30:00+00:00,2025-08-05 14:00:00+00:00,BUY,session_breakout,3360.9104191108386,3349.903,3380.7237735103486,1.8,2.2711954317595673,0.08291357142857188,0.05196232512438691,1.531156878087534,45.00000000000041,43.468843121912876,1.738753724876515,TP,10172.615995943228,2.763785714285729,100.0,39.83255098002978,28.49470030009978,-0.8039054777044683,0.2315620204843462
XAUUSDm,buy_baseline,momentum,2025-08-06 12:50:00+00:00,2025-08-06 12:55:00+00:00,2025-08-07 00:55:00+00:00,BUY,session_breakout,3368.555989268915,3360.141,3383.702969952961,1.8,2.970889112402188,0.07221857142856997,0.023879983200412718,2.0026442618798144,11.229992725743818,9.227348463864004,0.3690939385545602,TIMEOUT,10181.843344407092,2.4072857142856656,95.0,26.669520520968696,44.92388569400848,0.43166013922334745,0.4653991671746713
XAUUSDm,buy_baseline,momentum,2025-08-08 12:20:00+00:00,2025-08-08 12:25:00+00:00,2025-08-08 14:25:00+00:00,BUY,session_breakout,3391.9296744412213,3383.76,3406.635088435419,1.8,3.0600974591912014,0.09986142857142828,0.040743726935426244,2.073427075702564,-25.0,-27.073427075702565,-1.0829370830281027,SL,10154.76991733139,3.328714285714276,92.0,24.10039471149036,42.82352209520229,-1.2020345277218694,0.24923468241259059
XAUUSDm,buy_baseline,momentum,2025-08-12 12:30:00+00:00,2025-08-12 12:35:00+00:00,2025-08-12 14:10:00+00:00,BUY,session_breakout,3350.4037298501667,3338.543,3371.7530435804665,1.8,2.1077960897700554,0.11245285714285533,0.08750342159524203,1.409893576185838,-25.0,-26.409893576185837,-1.0563957430474336,SL,10128.360023755204,3.7484285714285113,100.0,24.49102958935112,37.471733946588344,-0.49811926692793573,-0.007409147990084764
XAUUSDm,buy_baseline,momentum,2025-08-20 12:00:00+00:00,2025-08-20 12:05:00+00:00,2025-08-20 13:40:00+00:00,BUY,session_breakout,3334.605585703411,3328.646,3345.332839969551,1.8,4.194922473501999,0.05190642857142652,0.04263248912525947,2.8021823823465075,45.000000000000384,42.197817617653875,1.687912704706155,TP,10170.557841372858,1.7302142857142175,98.0,33.17162831817436,68.4420198452082,0.3701990823474315,1.1136787877055536
XAUUSDm,buy_baseline,momentum,2025-08-21 12:05:00+00:00,2025-08-21 12:10:00+00:00,2025-08-22 00:10:00+00:00,BUY,session_breakout,3341.142064928785,3330.13,3360.9637818005986,1.8,2.270237249932209,0.07179857142857111,0.07016564307098208,1.5159718245653064,-10.652100580429098,-12.168072404994405,-0.48672289619977627,TIMEOUT,10158.389768967863,2.393285714285704,91.0,22.85663152783449,41.67200327654896,-0.5176613092432829,0.28575890699012696
XAUUSDm,buy_baseline,momentum,2025-08-28 12:05:00+00:00,2025-08-28 12:10:00+00:00,2025-08-28 12:30:00+00:00,BUY,session_breakout,3408.104236457679,3401.401,3420.170062081501,1.8,3.7295417158320694,0.06637285714285845,0.035050029107314515,2.539633384354583,-25.0,-27.539633384354584,-1.1015853353741833,SL,10130.850135583509,2.212428571428615,100.0,28.685871396469178,68.16456252860775,0.5497436441172461,0.9611050256929691
XAUUSDm,buy_baseline,momentum,2025-08-29 13:30:00+00:00,2025-08-29 13:35:00+00:00,2025-08-29 14:10:00+00:00,BUY,session_breakout,3421.027526917469,3413.653,3434.3016753689135,1.8,3.390047969148846,0.08168142857142845,0.0456862031833842,2.323989484005773,44.99999999999969,42.676010515993916,1.7070404206397567,TP,10173.526146099503,2.7227142857142814,100.0,20.979330941647344,65.202813016802,1.3241182064005785,0.9999825834624807
XAUUSDm,buy_baseline,momentum,2025-09-03 13:05:00+00:00,2025-09-03 13:10:00+00:00,2025-09-03 18:05:00+00:00,BUY,session_breakout,3555.75671186854,3543.887,3577.122193231912,1.8,2.1062010836388647,0.11580857142856921,0.07280758282545467,1.5023277279387373,45.00000000000019,43.49767227206146,1.7399068908824582,TP,10217.023818371565,3.86028571428564,100.0,19.288601585619453,66.08535208852643,0.808922495360366,0.9423761839260706
XAUUSDm,buy_baseline,momentum,2025-09-04 13:35:00+00:00,2025-09-04 13:40:00+00:00,2025-09-04 14:00:00+00:00,BUY,session_breakout,3558.030569559029,3539.71,3591.0075947652813,1.8,1.3645863966974234,0.13142357142856975,0.05685777331456819,0.9685480228507674,-24.999999999999996,-25.968548022850765,-1.0387419209140307,SL,10191.055270348714,4.3807857142856585,99.0,19.552379694708875,64.36663954936633,0.9021414340068448,1.1389943556871631
XAUUSDm,buy_baseline,momentum,2025-10-22 13:00:00+00:00,2025-10-22 13:05:00+00:00,2025-10-22 14:45:00+00:00,BUY,session_breakout,4066.5178356461442,4023.09,4144.687939809203,1.8,0.5756676479045235,0.39714642857142374,0.15526243185845112,0.46569255152164196,-25.0,-25.46569255152164,-1.0186277020608656,SL,10165.589577797193,13.238214285714125,64.0,38.975027111375816,36.02309552426369,-0.10210139034670007,0.2588444404098373
XAUUSDm,buy_baseline,momentum,2025-10-24 12:30:00+00:00,2025-10-24 12:35:00+00:00,2025-10-26 22:05:00+00:00,BUY,session_breakout,4089.9152612098906,4058.775,4145.967731387694,1.8,0.8028192130918844,0.19440642857142945,0.12305799560442221,0.6566360511622905,-0.5645916111223941,-1.2212276622846847,-0.048849106491387385,TIMEOUT,10164.368350134908,6.4802142857143155,74.0,42.41032507024094,40.13398750005159,1.7878279449038885,0.4542506377841778
XAUUSDm,buy_baseline,momentum,2025-11-10 12:50:00+00:00,2025-11-10 12:55:00+00:00,2025-11-10 14:00:00+00:00,BUY,session_breakout,4099.934504229115,4087.377,4122.538011841522,1.8,1.9908414557437437,0.09960428571428273,0.045702086258159136,1.6299639153706993,-25.0,-26.6299639153707,-1.0651985566148279,SL,10137.738386219537,3.320142857142758,42.0,48.841486735074575,72.79337030862793,0.24937615578349615,1.108672307475543
XAUUSDm,buy_baseline,momentum,2025-11-18 13:35:00+00:00,2025-11-18 13:40:00+00:00,2025-11-19 01:40:00+00:00,BUY,session_breakout,4066.243625290955,4029.089,4133.121950814674,1.8,0.6728637364588336,0.20224714285714396,0.15550171952633074,0.5471478693172617,-0.5770649577536994,-1.124212827070961,-0.04496851308283844,TIMEOUT,10136.614173392465,6.741571428571466,98.0,23.99220544731655,62.81063649342844,-0.13627750031537555,0.967652877441068
XAUUSDm,buy_baseline,momentum,2025-12-03 13:50:00+00:00,2025-12-03 13:55:00+00:00,2025-12-03 14:50:00+00:00,BUY,session_breakout,4236.18934031665,4211.353,4280.894752886618,1.8,1.0065895249164698,0.14135571428571309,0.08566245950621182,0.8503207631051101,-24.999999999999996,-25.850320763105106,-1.0340128305242045,SL,10110.76385262936,4.711857142857103,100.0,27.83795219721161,67.91129580761022,2.4156585806713253,1.1041584236375452
XAUUSDm,buy_baseline,momentum,2025-12-16 13:20:00+00:00,2025-12-16 13:25:00+00:00,2025-12-16 14:15:00+00:00,BUY,session_breakout,4301.045373948516,4289.067,4322.606447055844,1.8,2.087094634668516,0.10657071428571661,0.09408859137253298,1.7998377446867577,45.00000000000075,43.200162255314,1.7280064902125603,TP,10153.964014884674,3.5523571428572205,63.0,29.460394202997385,64.86982982778812,2.544068042031747,1.0165745778969073
XAUUSDm,buy_baseline,momentum,2026-01-08 13:20:00+00:00,2026-01-08 13:25:00+00:00,2026-01-08 16:30:00+00:00,BUY,session_breakout,4432.254273204319,4417.26,4459.243964972094,1.8,1.6673032203253892,0.1653042857142873,0.1306210614622732,1.4824823646029057,44.999999999999694,43.517517635396786,1.7407007054158714,TP,10197.48153252007,5.51014285714291,83.0,28.359410028489833,43.20439623326093,-0.05574883906273653,0.18657399802563449
XAUUSDm,buy_baseline,momentum,2026-01-12 13:45:00+00:00,2026-01-12 13:50:00+00:00,2026-01-12 14:10:00+00:00,BUY,session_breakout,4614.57041441102,4595.895,4648.186160350854,1.8,1.3386583799312728,0.15747642857142571,0.0816761967342143,1.2329666710068476,-25.0,-26.23296667100685,-1.049318666840274,SL,10171.248565849064,5.24921428571419,100.0,25.538314763185657,67.64546279014002,1.1930929180089196,1.0530617095501644
XAUUSDm,buy_baseline,momentum,2026-02-04 12:30:00+00:00,2026-02-04 12:35:00+00:00,2026-02-04 12:59:00+00:00,BUY,session_breakout,5062.944716249621,5037.48,5108.781205498939,1.8,0.9817505820577072,0.28187571428571706,0.24877839247840802,0.9916097844208116,-25.0,-25.991609784420813,-1.0396643913768324,SL,10145.256956064643,9.395857142857235,45.0,27.185615352908528,47.82569628648915,-2.952932270049402,0.33733891145960715
XAUUSDm,buy_baseline,momentum,2026-02-18 13:05:00+00:00,2026-02-18 13:10:00+00:00,2026-02-19 01:10:00+00:00,BUY,session_breakout,4955.284228816759,4917.985,5022.422840686927,1.8,0.6702551444915315,0.21361500000000172,0.184421316758677,0.6647545099082794,4.9356055184255805,4.270851008517301,0.17083404034069205,TIMEOUT,10149.52780707316,7.120500000000058,100.0,18.559749289996407,69.74598867445299,1.7120448588973587,1.2915325609585622
XAUUSDm,buy_baseline,momentum,2026-02-19 13:35:00+00:00,2026-02-19 13:40:00+00:00,2026-02-19 14:30:00+00:00,BUY,session_breakout,4994.688554199187,4971.705,5036.058951757724,1.8,1.087734289628901,0.19561928571427936,0.11174455632921047,1.0840788012838911,-25.0,-26.08407880128389,-1.0433631520513555,SL,10123.443728271875,6.520642857142645,99.0,31.84451899181582,41.57239214445105,-1.3437890117263738,0.29750587756902475
XAUUSDm,buy_baseline,momentum,2026-02-27 13:15:00+00:00,2026-02-27 13:20:00+00:00,2026-03-01 23:01:00+00:00,BUY,session_breakout,5218.609241542076,5182.863,5282.952476317813,1.8,0.6993742256951172,0.15895071428571358,0.07976618493356451,0.7344521595017744,45.000000000000256,44.265547840498485,1.7706219136199395,TP,10167.709276112373,5.29835714285712,96.0,21.011152787242228,76.85786507947311,3.0871142504707265,1.4424883213652238
XAUUSDm,buy_baseline,momentum,2026-03-06 13:30:00+00:00,2026-03-06 13:35:00+00:00,2026-03-08 22:03:00+00:00,BUY,session_breakout,5124.114834891177,5065.362,5229.869937695296,1.8,0.42551138249422804,0.3191828571428576,0.24824346260497832,0.43844985752502347,23.760200342778425,23.321750485253403,0.9328700194101361,TIMEOUT,10191.031026597626,10.639428571428587,100.0,32.269028977247274,44.44919040340553,-0.053648268511880204,0.32464069546954843
XAUUSDm,buy_baseline,momentum,2026-04-09 13:35:00+00:00,2026-04-09 13:40:00+00:00,2026-04-10 01:40:00+00:00,BUY,session_breakout,4770.261741850028,4738.562,4827.321277180077,1.8,0.7886499555193733,0.22024499999999989,0.08761935002677265,0.752653269780624,2.399276754654216,1.646623484873592,0.06586493939494367,TIMEOUT,10192.6776500825,7.341499999999996,85.0,19.548493915416145,61.150039063530585,0.7966545701716576,0.8476276026010289
XAUUSDm,buy_baseline,momentum,2026-04-17 12:45:00+00:00,2026-04-17 12:50:00+00:00,2026-04-19 22:01:00+00:00,BUY,session_breakout,4836.449449091298,4800.857,4900.515857455635,1.8,0.7023961721732691,0.21645000000000436,0.09522409129801795,0.6769207159902488,-25.0,-25.67692071599025,-1.02707682863961,SL,10167.00072936651,7.2150000000001455,100.0,20.33483815266089,74.81297830224916,3.4245626246058656,1.2057288622126627
XAUUSDm,buy_baseline,momentum,2026-04-20 13:25:00+00:00,2026-04-20 13:30:00+00:00,2026-04-20 14:51:00+00:00,BUY,session_breakout,4824.323688531277,4799.549,4868.918127887576,1.8,1.0090944218506863,0.2057849999999988,0.0627960312764971,0.9711396246598079,-25.0,-25.97113962465981,-1.0388455849863925,SL,10141.02958974185,6.859499999999961,99.0,18.41847392036155,65.54160011672974,1.8654484365508428,1.0762242804859457
XAUUSDm,buy_baseline,momentum,2026-05-01 13:50:00+00:00,2026-05-01 13:55:00+00:00,2026-05-03 22:03:00+00:00,BUY,session_breakout,4617.102330032151,4586.483,4672.217124090023,1.8,0.8164776947682839,0.22602857142856853,0.19231574643695729,0.7547100410366796,7.578276498949164,6.823566457912484,0.2729426583164994,TIMEOUT,10147.853156199762,7.534285714285618,100.0,38.294848342025965,64.64386456732902,4.522599424245453,1.0699495578250033
XAUUSDm,buy_rsi_gt50,momentum,2025-01-07 13:10:00+00:00,2025-01-07 13:15:00+00:00,2025-01-07 15:00:00+00:00,BUY,session_breakout,2654.975055911924,2647.585,2668.2771565533867,1.8,3.382924337509092,0.06860785714285579,0.057751983352780416,1.793815946424802,-25.0,-26.7938159464248,-1.071752637856992,SL,9973.206184053575,2.2869285714285263,100.0,29.35827353571139,73.87488342939687,0.6410938942025186,1.0750465122481387
XAUUSDm,buy_rsi_gt50,momentum,2025-01-15 13:55:00+00:00,2025-01-15 14:00:00+00:00,2025-01-15 14:30:00+00:00,BUY,session_breakout,2693.947934681974,2682.127,2715.2256171095273,1.8,2.1148919838059044,0.10109571428571404,0.06138682483164762,1.136981778369876,-25.0,-26.136981778369876,-1.045479271134795,SL,9947.069202275205,3.3698571428571347,100.0,29.527297783745972,58.16011654565858,-0.48404185823478585,0.6774001609884107
XAUUSDm,buy_rsi_gt50,momentum,2025-01-16 13:30:00+00:00,2025-01-16 13:35:00+00:00,2025-01-17 01:35:00+00:00,BUY,session_breakout,2713.5913244791664,2701.388,2735.557308541666,1.8,2.0486220818499166,0.07803214285714083,0.07030840773750051,1.1114537546185432,-3.708670703333759,-4.820124457952302,-0.19280497831809207,TIMEOUT,9942.249077817252,2.601071428571361,100.0,29.035232131775437,65.22636031978546,-0.18678025952878663,0.9086495751730368
XAUUSDm,buy_rsi_gt50,momentum,2025-01-24 13:40:00+00:00,2025-01-24 13:45:00+00:00,2025-01-24 14:15:00+00:00,BUY,session_breakout,2783.9867028041876,2777.85,2795.0327678517256,1.8,4.073848905138408,0.05255785714285528,0.0414238756159642,2.265808236227745,-25.0,-27.265808236227745,-1.0906323294491098,SL,9914.983269581024,1.7519285714285096,50.0,34.62164324979766,71.63787260500625,0.47904578272105924,1.0203166261648962
XAUUSDm,buy_rsi_gt50,momentum,2025-01-30 13:00:00+00:00,2025-01-30 13:05:00+00:00,2025-01-30 15:10:00+00:00,BUY,session_breakout,2782.0775132622916,2777.714,2789.9318371344166,1.8,5.729328295170611,0.03985714285714169,0.014584690863207852,3.192387083218308,44.99999999999948,41.807612916781174,1.672304516671247,TP,9956.790882497804,1.3285714285713897,54.0,44.63844601034202,78.92361593003412,-0.16238478842643822,0.8505415631970238
XAUUSDm,buy_rsi_gt50,momentum,2025-02-03 12:35:00+00:00,2025-02-03 12:40:00+00:00,2025-02-03 14:45:00+00:00,BUY,session_breakout,2808.0859707648915,2800.096,2822.4679181416964,1.8,3.128922587533335,0.06067071428571547,0.05963540774855266,1.7617567243323484,45.00000000000057,43.23824327566822,1.7295297310267288,TP,10000.029125773472,2.0223571428571825,47.0,32.5962657261514,67.71926199504392,0.30412368828532,0.9052399724279602
XAUUSDm,buy_rsi_gt50,momentum,2025-02-24 13:55:00+00:00,2025-02-24 14:00:00+00:00,2025-02-24 14:20:00+00:00,BUY,session_breakout,2954.4899989705755,2946.923,2968.1105971176116,1.8,3.3038196644683837,0.07127785714285698,0.059360042003814666,1.9497204314148324,-25.0,-26.949720431414832,-1.0779888172565932,SL,9973.079405342056,2.375928571428566,88.0,20.21311523242239,65.98017486570262,0.6907560286398791,0.9636195525257545
XAUUSDm,buy_rsi_gt50,momentum,2025-04-11 13:30:00+00:00,2025-04-11 13:35:00+00:00,2025-04-11 13:50:00+00:00,BUY,session_breakout,3240.6162865075485,3225.711,3267.445802221136,1.8,1.6772572595192263,0.17203285714285552,0.14627007897722236,1.0845694383722047,-25.0,-26.084569438372206,-1.0433827775348883,SL,9946.994835903684,5.734428571428517,74.0,26.486869484803904,58.91642100189986,0.8095400575604419,0.7853831925321447
XAUUSDm,buy_rsi_gt50,momentum,2025-04-21 13:00:00+00:00,2025-04-21 13:05:00+00:00,2025-04-22 01:05:00+00:00,BUY,session_breakout,3421.3139867590344,3398.008,3463.2647629252965,1.8,1.072685754886939,0.13261714285714366,0.05167818760567944,0.7351653952285752,11.664399102035889,10.929233706807313,0.43716934827229254,TIMEOUT,9957.924069610492,4.4205714285714555,100.0,28.364920124046165,71.43754187175264,0.9142115246842142,1.169734546144338
XAUUSDm,buy_rsi_gt50,momentum,2025-05-08 13:30:00+00:00,2025-05-08 13:35:00+00:00,2025-05-08 15:25:00+00:00,BUY,session_breakout,3366.643332101241,3347.274,3401.508129883475,1.8,1.2907001578231059,0.1554171428571424,0.0956235298126771,0.8665654160154358,-25.0,-25.866565416015437,-1.0346626166406174,SL,9932.057504194476,5.1805714285714135,74.0,26.396879957534892,60.62923302062172,3.5469760640009005,1.0038776141220136
XAUUSDm,buy_rsi_gt50,momentum,2025-05-09 13:25:00+00:00,2025-05-09 13:30:00+00:00,2025-05-09 14:00:00+00:00,BUY,session_breakout,3339.9212672776775,3328.669,3360.1753483774974,1.8,2.221774455144269,0.10501285714285587,0.058760849106169244,1.4816103507661236,-25.0,-26.481610350766125,-1.059264414030645,SL,9905.57589384371,3.500428571428529,49.0,23.16619450277093,55.996399916485366,-0.07954968226112946,0.6702587580952204
XAUUSDm,buy_rsi_gt50,momentum,2025-05-15 12:30:00+00:00,2025-05-15 12:35:00+00:00,2025-05-15 14:10:00+00:00,BUY,session_breakout,3186.2503622287427,3176.286,3204.1862142404793,1.8,2.508941307641991,0.11138142857143066,0.10567151445698948,1.60332303005699,44.999999999999766,43.396676969942774,1.7358670787977113,TP,9948.972570813654,3.7127142857143554,40.0,27.853226835020156,68.81050263627738,1.490451662530604,0.7884946739690148
XAUUSDm,buy_rsi_gt50,momentum,2025-05-29 12:15:00+00:00,2025-05-29 12:20:00+00:00,2025-05-29 16:05:00+00:00,BUY,session_breakout,3308.8492523818622,3298.541,3327.404106669214,1.8,2.42524135749614,0.10334357142857113,0.07758059614776652,1.609451610519335,44.99999999999978,43.39054838948044,1.7356219355792177,TP,9992.363119203133,3.4447857142857043,100.0,33.53063891306181,71.54485220906108,1.4941413587731533,0.9269290857964989
XAUUSDm,buy_rsi_gt50,momentum,2025-06-20 13:50:00+00:00,2025-06-20 13:55:00+00:00,2025-06-22 22:05:00+00:00,BUY,session_breakout,3372.0969615031736,3348.68,3414.2474922088863,1.8,1.0676022163085375,0.11116928571428453,0.09737686031660074,0.7209830533081635,9.714153665488487,8.993170612180323,0.35972682448721294,TIMEOUT,10001.356289815314,3.7056428571428177,98.0,19.55623931036536,65.43840660534195,0.9994241066125626,1.08557930623339
XAUUSDm,buy_rsi_gt50,momentum,2025-06-23 13:50:00+00:00,2025-06-23 13:55:00+00:00,2025-06-23 22:00:00+00:00,BUY,session_breakout,3385.459870846394,3363.575,3424.8526383699036,1.8,1.1423416740939536,0.11966142857142585,0.07304013210780065,0.770970379288114,-25.0,-25.770970379288116,-1.0308388151715246,SL,9975.585319436026,3.9887142857141953,100.0,19.594011510915283,64.93271798242489,0.2646395893747653,1.014401231919862
XAUUSDm,buy_rsi_gt50,momentum,2025-07-11 12:45:00+00:00,2025-07-11 12:50:00+00:00,2025-07-13 22:05:00+00:00,BUY,session_breakout,3356.0116326964753,3344.356,3376.9917715501306,1.8,2.1448857089980637,0.09554357142856848,0.04386091076089684,1.4408483450941312,11.960670537454574,10.519822192360442,0.42079288769441775,TIMEOUT,9986.105141628386,3.184785714285616,100.0,24.363230310504886,64.84391677031199,0.5463278730354175,0.960168473990999
XAUUSDm,buy_rsi_gt50,momentum,2025-07-18 12:00:00+00:00,2025-07-18 12:05:00+00:00,2025-07-18 14:15:00+00:00,BUY,session_breakout,3358.298973648675,3351.982,3369.6695262162907,1.8,3.9575913072303064,0.058890000000000914,0.040528648675154384,2.6556549650384915,-25.0,-27.65565496503849,-1.1062261986015396,SL,9958.449486663349,1.9630000000000305,82.0,31.83987434693921,65.66484639860758,0.08776952459067822,0.8292849528012146
XAUUSDm,buy_rsi_gt50,momentum,2025-07-21 12:15:00+00:00,2025-07-21 12:20:00+00:00,2025-07-21 13:45:00+00:00,BUY,session_breakout,3378.222427048765,3370.859,3391.476595736542,1.8,3.395158237385242,0.06443571428571561,0.022209191622293567,2.298419940182836,45.0,42.70158005981716,1.7080632023926865,TP,10001.151066723165,2.147857142857187,90.0,27.99741884698307,72.64095252303622,0.78196598398219,1.059017740570561
XAUUSDm,buy_rsi_gt50,momentum,2025-07-22 12:40:00+00:00,2025-07-22 12:45:00+00:00,2025-07-22 14:30:00+00:00,BUY,session_breakout,3403.8238960581675,3391.033,3426.847508962869,1.8,1.9545151400113416,0.07822285714285596,0.06878462959648192,1.335065067755616,44.99999999999982,43.66493493224421,1.7465973972897684,TP,10044.816001655408,2.607428571428532,100.0,21.18492615692123,77.24575759468715,1.331174428430191,1.3866050869238487
XAUUSDm,buy_rsi_gt50,momentum,2025-08-01 12:30:00+00:00,2025-08-01 12:35:00+00:00,2025-08-03 22:05:00+00:00,BUY,session_breakout,3328.1411250099345,3296.811,3384.5353500278165,1.8,0.7979540455734803,0.12649285714285852,0.0938785813631214,0.533954310977704,28.135759894737806,27.6018055837601,1.1040722233504041,TIMEOUT,10072.417807239168,4.216428571428618,100.0,27.262211762494214,68.45716266954378,0.7339243643271642,0.8669947148323274
XAUUSDm,buy_rsi_gt50,momentum,2025-08-04 13:00:00+00:00,2025-08-04 13:05:00+00:00,2025-08-05 01:05:00+00:00,BUY,session_breakout,3372.376177838491,3361.037,3392.7866979477753,1.8,2.2047453841967903,0.08956285714285676,0.07439640991976926,1.489087496915294,20.41334542368639,18.924257926771098,0.7569703170708438,TIMEOUT,10091.342065165938,2.985428571428559,100.0,18.452596237814085,60.96213883843053,0.4707971561554465,0.8562218651093784
XAUUSDm,buy_rsi_gt50,momentum,2025-08-20 12:00:00+00:00,2025-08-20 12:05:00+00:00,2025-08-20 13:40:00+00:00,BUY,session_breakout,3334.591406666646,3328.646,3345.2931386666082,1.8,4.204926828681374,0.05190642857142652,0.02845345236044215,2.8088425737165883,44.99999999999923,42.19115742628264,1.6876462970513058,TP,10133.533222592221,1.7302142857142175,98.0,33.17162831817436,68.4420198452082,0.3701990823474315,1.1136787877055536
XAUUSDm,buy_rsi_gt50,momentum,2025-08-28 12:05:00+00:00,2025-08-28 12:10:00+00:00,2025-08-28 12:30:00+00:00,BUY,session_breakout,3408.1341978866258,3401.401,3420.2539540825524,1.8,3.712945976184243,0.06637285714285845,0.06501145805427003,2.5283436312678123,-25.0,-27.528343631267813,-1.1011337452507126,SL,10106.004878960954,2.212428571428615,100.0,28.685871396469178,68.16456252860775,0.5497436441172461,0.9611050256929691
XAUUSDm,buy_rsi_gt50,momentum,2025-08-29 13:30:00+00:00,2025-08-29 13:35:00+00:00,2025-08-29 14:10:00+00:00,BUY,session_breakout,3421.057411129211,3413.653,3434.3853511617904,1.8,3.376365731688376,0.08168142857142845,0.07557041492526775,2.314648201815044,44.99999999999939,42.68535179818434,1.7074140719273736,TP,10148.690230759137,2.7227142857142814,100.0,20.979330941647344,65.202813016802,1.3241182064005785,0.9999825834624807
XAUUSDm,buy_rsi_gt50,momentum,2025-09-03 13:05:00+00:00,2025-09-03 13:10:00+00:00,2025-09-03 18:05:00+00:00,BUY,session_breakout,3555.7817472937168,3543.887,3577.192292422407,1.8,2.101768064732764,0.11580857142856921,0.09784300800235113,1.4991857043243204,45.000000000000384,43.500814295676065,1.7400325718270426,TP,10192.191045054813,3.86028571428564,100.0,19.288601585619453,66.08535208852643,0.808922495360366,0.9423761839260706
XAUUSDm,buy_rsi_gt50,momentum,2025-09-04 13:35:00+00:00,2025-09-04 13:40:00+00:00,2025-09-04 14:00:00+00:00,BUY,session_breakout,3558.03104493703,3539.71,3591.008925823684,1.8,1.3645509896365573,0.13142357142856975,0.05733315131547423,0.9685229567052837,-25.0,-25.968522956705282,-1.0387409182682112,SL,10166.222522098107,4.3807857142856585,99.0,19.552379694708875,64.36663954936633,0.9021414340068448,1.1389943556871631
XAUUSDm,buy_rsi_gt50,momentum,2025-11-10 12:50:00+00:00,2025-11-10 12:55:00+00:00,2025-11-10 14:00:00+00:00,BUY,session_breakout,4099.951224617114,4087.377,4122.58482892792,1.8,1.988194163954512,0.09960428571428273,0.06242247425714384,1.6277998194563803,-25.0,-26.62779981945638,-1.0651119927782553,SL,10139.59472227865,3.320142857142758,42.0,48.841486735074575,72.79337030862793,0.24937615578349615,1.108672307475543
XAUUSDm,buy_rsi_gt50,momentum,2025-11-18 13:35:00+00:00,2025-11-18 13:40:00+00:00,2025-11-19 01:40:00+00:00,BUY,session_breakout,4066.1549991448196,4029.089,4132.873797605495,1.8,0.6744725780174737,0.20224714285714396,0.06687557339093855,0.548450142094799,-0.5186688356997387,-1.0671189777945376,-0.0426847591117815,TIMEOUT,10138.527603300856,6.741571428571466,98.0,23.99220544731655,62.81063649342844,-0.13627750031537555,0.967652877441068
XAUUSDm,buy_rsi_gt50,momentum,2025-12-03 13:50:00+00:00,2025-12-03 13:55:00+00:00,2025-12-03 14:50:00+00:00,BUY,session_breakout,4236.16135136238,4211.353,4280.816383814663,1.8,1.0077251662079798,0.14135571428571309,0.057673505236305586,0.8512772803770949,-25.0,-25.851277280377094,-1.0340510912150838,SL,10112.676326020479,4.711857142857103,100.0,27.83795219721161,67.91129580761022,2.4156585806713253,1.1041584236375452
XAUUSDm,buy_rsi_gt50,momentum,2025-12-16 13:20:00+00:00,2025-12-16 13:25:00+00:00,2025-12-16 14:15:00+00:00,BUY,session_breakout,4301.0342116818165,4289.067,4322.575192709086,1.8,2.089041346029345,0.10657071428571661,0.08292632467312659,1.8015076597780093,44.99999999999962,43.19849234022161,1.7279396936088645,TP,10155.8748183607,3.5523571428572205,63.0,29.460394202997385,64.86982982778812,2.544068042031747,1.0165745778969073
XAUUSDm,buy_rsi_gt50,momentum,2026-01-12 13:45:00+00:00,2026-01-12 13:50:00+00:00,2026-01-12 14:10:00+00:00,BUY,session_breakout,4614.61807888197,4595.895,4648.319620869515,1.8,1.3352504765695834,0.15747642857142571,0.12934066768469057,1.2298341978027534,-25.0,-26.229834197802752,-1.0491933679121102,SL,10129.644984162898,5.24921428571419,100.0,25.538314763185657,67.64546279014002,1.1930929180089196,1.0530617095501644
XAUUSDm,buy_rsi_gt50,momentum,2026-02-18 13:05:00+00:00,2026-02-18 13:10:00+00:00,2026-02-19 01:10:00+00:00,BUY,session_breakout,4955.308564214047,4917.985,5022.490979799331,1.8,0.6698181303539867,0.21361500000000172,0.2087567140457553,0.6643227122773904,4.91608715600042,4.2517644437230295,0.17007057774892115,TIMEOUT,10133.896748606621,7.120500000000058,100.0,18.559749289996407,69.74598867445299,1.7120448588973587,1.2915325609585622
XAUUSDm,buy_rsi_gt50,momentum,2026-02-27 13:15:00+00:00,2026-02-27 13:20:00+00:00,2026-03-01 23:01:00+00:00,BUY,session_breakout,5218.613413692814,5182.863,5282.964158339879,1.8,0.6992926072076565,0.15895071428571358,0.08393833567163446,0.7343675560140193,45.00000000000013,44.26563244398611,1.7706252977594443,TP,10178.162381050608,5.29835714285712,96.0,21.011152787242228,76.85786507947311,3.0871142504707265,1.4424883213652238
XAUUSDm,buy_rsi_gt50,momentum,2026-04-09 13:35:00+00:00,2026-04-09 13:40:00+00:00,2026-04-10 01:40:00+00:00,BUY,session_breakout,4770.297310328569,4738.562,4827.420868919995,1.8,0.787766048012894,0.22024499999999989,0.12318782856895472,0.7518125088048214,2.3685680400641096,1.616755531259288,0.06467022125037153,TIMEOUT,10179.779136581867,7.341499999999996,85.0,19.548493915416145,61.150039063530585,0.7966545701716576,0.8476276026010289
XAUUSDm,buy_rsi_gt50,momentum,2026-04-17 12:45:00+00:00,2026-04-17 12:50:00+00:00,2026-04-19 22:01:00+00:00,BUY,session_breakout,4836.490304748745,4800.857,4900.630253296486,1.8,0.7015908340884499,0.21645000000000436,0.13607974874545678,0.6761474533938747,-25.0,-25.676147453393874,-1.0270458981357549,SL,10154.102989128472,7.2150000000001455,100.0,20.33483815266089,74.81297830224916,3.4245626246058656,1.2057288622126627
XAUUSDm,buy_rsi_gt50,momentum,2026-04-20 13:25:00+00:00,2026-04-20 13:30:00+00:00,2026-04-20 14:51:00+00:00,BUY,session_breakout,4824.349921254541,4799.549,4868.991579512715,1.8,1.0080270705840146,0.2057849999999988,0.08902875454041129,0.9701150637188874,-25.0,-25.970115063718886,-1.0388046025487554,SL,10128.132874064753,6.859499999999961,99.0,18.41847392036155,65.54160011672974,1.8654484365508428,1.0762242804859457
XAUUSDm,buy_rsi_gt50,momentum,2026-05-01 13:50:00+00:00,2026-05-01 13:55:00+00:00,2026-05-03 22:03:00+00:00,BUY,session_breakout,4616.998379037717,4586.483,4671.9260613056085,1.8,0.8192590355538397,0.22602857142856853,0.08836475200274861,0.7572724533105797,7.689254777633627,6.931982324323047,0.27727929297292186,TIMEOUT,10135.064856389075,7.534285714285618,100.0,38.294848342025965,64.64386456732902,4.522599424245453,1.0699495578250033
XAUUSDm,buy_macd_pos,momentum,2025-01-07 13:10:00+00:00,2025-01-07 13:15:00+00:00,2025-01-07 15:00:00+00:00,BUY,session_breakout,2654.975055911924,2647.585,2668.2771565533867,1.8,3.382924337509092,0.06860785714285579,0.057751983352780416,1.793815946424802,-25.0,-26.7938159464248,-1.071752637856992,SL,9973.206184053575,2.2869285714285263,100.0,29.35827353571139,73.87488342939687,0.6410938942025186,1.0750465122481387
XAUUSDm,buy_macd_pos,momentum,2025-01-24 13:40:00+00:00,2025-01-24 13:45:00+00:00,2025-01-24 14:15:00+00:00,BUY,session_breakout,2783.9771928429523,2777.85,2795.0061399602664,1.8,4.080171889604488,0.05255785714285528,0.031913914380553896,2.269321096707565,-25.0,-27.269321096707564,-1.0907728438683026,SL,9945.936862956867,1.7519285714285096,50.0,34.62164324979766,71.63787260500625,0.47904578272105924,1.0203166261648962
XAUUSDm,buy_macd_pos,momentum,2025-02-03 12:35:00+00:00,2025-02-03 12:40:00+00:00,2025-02-03 14:45:00+00:00,BUY,session_breakout,2808.0810007957884,2800.096,2822.4540022282076,1.8,3.130870069942367,0.06067071428571547,0.054665438645391806,1.7628473518730685,45.0,43.23715264812693,1.7294861059250772,TP,9989.174015604995,2.0223571428571825,47.0,32.5962657261514,67.71926199504392,0.30412368828532,0.9052399724279602
XAUUSDm,buy_macd_pos,momentum,2025-02-24 13:55:00+00:00,2025-02-24 14:00:00+00:00,2025-02-24 14:20:00+00:00,BUY,session_breakout,2954.4868171148405,2946.923,2968.101687921554,1.8,3.305209475642698,0.07127785714285698,0.05617818626875944,1.9505395647178811,-25.0,-26.950539564717882,-1.0780215825887154,SL,9962.223476040277,2.375928571428566,88.0,20.21311523242239,65.98017486570262,0.6907560286398791,0.9636195525257545
XAUUSDm,buy_macd_pos,momentum,2025-04-11 13:30:00+00:00,2025-04-11 13:35:00+00:00,2025-04-11 13:50:00+00:00,BUY,session_breakout,3240.5329674044788,3225.711,3267.2125087325408,1.8,1.6866856684926566,0.17203285714285552,0.06295097590753096,1.090652102879823,-25.0,-26.090652102879822,-1.043626084115193,SL,9936.132823937398,5.734428571428517,74.0,26.486869484803904,58.91642100189986,0.8095400575604419,0.7853831925321447
XAUUSDm,buy_macd_pos,momentum,2025-04-21 13:00:00+00:00,2025-04-21 13:05:00+00:00,2025-04-22 01:05:00+00:00,BUY,session_breakout,3421.3926626884327,3398.008,3463.4850555276116,1.8,1.0690767847750982,0.13261714285714366,0.13035411700428698,0.7327003979063736,11.541044503613167,10.808344105706793,0.4323337642282717,TIMEOUT,9946.941168043104,4.4205714285714555,100.0,28.364920124046165,71.43754187175264,0.9142115246842142,1.169734546144338
XAUUSDm,buy_macd_pos,momentum,2025-04-30 12:15:00+00:00,2025-04-30 12:20:00+00:00,2025-04-30 13:35:00+00:00,BUY,session_breakout,3283.190257390663,3266.901,3312.5109206938573,1.8,1.534753819675626,0.1382485714285706,0.11513310494898517,1.0122777576504245,45.00000000000014,43.98772224234972,1.7595088896939888,TP,9990.928890285453,4.608285714285687,89.0,44.343344543550394,36.765081230565336,0.15248180303597714,0.31442547847380653
XAUUSDm,buy_macd_pos,momentum,2025-05-08 13:30:00+00:00,2025-05-08 13:35:00+00:00,2025-05-08 15:25:00+00:00,BUY,session_breakout,3366.6798512221853,3347.274,3401.610383422119,1.8,1.2882712391105589,0.1554171428571424,0.13214265075683282,0.8649393647245114,-25.0,-25.86493936472451,-1.0345975745889804,SL,9965.063950920729,5.1805714285714135,74.0,26.396879957534892,60.62923302062172,3.5469760640009005,1.0038776141220136
XAUUSDm,buy_macd_pos,momentum,2025-05-15 12:30:00+00:00,2025-05-15 12:35:00+00:00,2025-05-15 14:10:00+00:00,BUY,session_breakout,3186.1880937784563,3176.286,3204.0118625796777,1.8,2.524718565521161,0.11138142857143066,0.043403064170243665,1.6133456467209895,45.000000000000455,43.38665435327947,1.7354661741311788,TP,10008.450605274007,3.7127142857143554,40.0,27.853226835020156,68.81050263627738,1.490451662530604,0.7884946739690148
XAUUSDm,buy_macd_pos,momentum,2025-05-29 12:15:00+00:00,2025-05-29 12:20:00+00:00,2025-05-29 16:05:00+00:00,BUY,session_breakout,3308.835256001083,3298.541,3327.3649168030324,1.8,2.4285387887546386,0.10334357142857113,0.06358421536890552,1.6116269529595029,45.00000000000044,43.388373047040936,1.7355349218816374,TP,10051.838978321048,3.4447857142857043,100.0,33.53063891306181,71.54485220906108,1.4941413587731533,0.9269290857964989
XAUUSDm,buy_macd_pos,momentum,2025-06-20 13:50:00+00:00,2025-06-20 13:55:00+00:00,2025-06-22 22:05:00+00:00,BUY,session_breakout,3372.06179037462,3348.68,3414.149013048937,1.8,1.0692081144964911,0.11116928571428453,0.06220573176302817,0.7220638028755187,9.766371050967987,9.044307248092467,0.3617722899236987,TIMEOUT,10060.88328556914,3.7056428571428177,98.0,19.55623931036536,65.43840660534195,0.9994241066125626,1.08557930623339
XAUUSDm,buy_macd_pos,momentum,2025-06-23 13:50:00+00:00,2025-06-23 13:55:00+00:00,2025-06-23 22:00:00+00:00,BUY,session_breakout,3385.5003577586185,3363.575,3424.966001724132,1.8,1.1402322495820019,0.11966142857142585,0.11352704433235142,0.7695513377775564,-25.0,-25.769551337777557,-1.0307820535111023,SL,10035.113734231363,3.9887142857141953,100.0,19.594011510915283,64.93271798242489,0.2646395893747653,1.014401231919862
XAUUSDm,buy_macd_pos,momentum,2025-07-11 12:45:00+00:00,2025-07-11 12:50:00+00:00,2025-07-13 22:05:00+00:00,BUY,session_breakout,3356.0394968783066,3344.356,3377.069791259258,1.8,2.1397703324951705,0.09554357142856848,0.07172509259212409,1.4374180022573995,11.872522369556712,10.435104367299314,0.4174041746919725,TIMEOUT,10045.548838598663,3.184785714285616,100.0,24.363230310504886,64.84391677031199,0.5463278730354175,0.960168473990999
XAUUSDm,buy_macd_pos,momentum,2025-07-18 12:00:00+00:00,2025-07-18 12:05:00+00:00,2025-07-18 14:15:00+00:00,BUY,session_breakout,3358.310028701984,3351.982,3369.7004803655545,1.8,3.9506774032428913,0.058890000000000914,0.05158370198386422,2.6510199086953827,-25.0,-27.651019908695382,-1.1060407963478154,SL,10017.897818689968,1.9630000000000305,82.0,31.83987434693921,65.66484639860758,0.08776952459067822,0.8292849528012146
XAUUSDm,buy_macd_pos,momentum,2025-07-21 12:15:00+00:00,2025-07-21 12:20:00+00:00,2025-07-21 13:45:00+00:00,BUY,session_breakout,3378.239548768867,3370.859,3391.524536552827,1.8,3.387282000690326,0.06443571428571561,0.03933091172382186,2.2931100035129983,44.999999999999694,42.706889996486694,1.7082755998594679,TP,10060.604708686455,2.147857142857187,90.0,27.99741884698307,72.64095252303622,0.78196598398219,1.059017740570561
XAUUSDm,buy_macd_pos,momentum,2025-07-22 12:40:00+00:00,2025-07-22 12:45:00+00:00,2025-07-22 14:30:00+00:00,BUY,session_breakout,3403.791020969164,3391.033,3426.7554587136597,1.8,1.959551568415232,0.07822285714285596,0.03590954059290384,1.338480806739562,45.000000000000355,43.661519193260794,1.7464607677304318,TP,10104.266227879716,2.607428571428532,100.0,21.18492615692123,77.24575759468715,1.331174428430191,1.3866050869238487
XAUUSDm,buy_macd_pos,momentum,2025-07-24 13:40:00+00:00,2025-07-24 13:45:00+00:00,2025-07-25 01:45:00+00:00,BUY,session_breakout,3367.116628428786,3351.315,3395.559559600601,1.8,1.5821154201080467,0.12340285714285755,0.08492700021485927,1.0658606577781637,4.272299502839006,3.2064388450608425,0.1282575538024337,TIMEOUT,10107.472666724778,4.113428571428585,100.0,53.27659949751417,37.125897944068804,0.009985323994676776,0.2432288120787615
XAUUSDm,buy_macd_pos,momentum,2025-08-01 12:30:00+00:00,2025-08-01 12:35:00+00:00,2025-08-03 22:05:00+00:00,BUY,session_breakout,3328.090844984656,3296.811,3384.394565957037,1.8,0.7992366973769703,0.12649285714285852,0.043598556084601815,0.5348085842710467,28.221171678332208,27.68636309406116,1.1074545237624465,TIMEOUT,10135.159029818838,4.216428571428618,100.0,27.262211762494214,68.45716266954378,0.7339243643271642,0.8669947148323274
XAUUSDm,buy_macd_pos,momentum,2025-08-04 13:00:00+00:00,2025-08-04 13:05:00+00:00,2025-08-05 01:05:00+00:00,BUY,session_breakout,3372.380537794411,3361.037,3392.7989058243506,1.8,2.203897977253394,0.08956285714285676,0.07875636583975974,1.48851611820831,20.395890535466318,18.90737441725801,0.7562949766903203,TIMEOUT,10154.066404236097,2.985428571428559,100.0,18.452596237814085,60.96213883843053,0.4707971561554465,0.8562218651093784
XAUUSDm,buy_macd_pos,momentum,2025-08-06 12:50:00+00:00,2025-08-06 12:55:00+00:00,2025-08-07 00:55:00+00:00,BUY,session_breakout,3368.585707387512,3360.141,3383.786180685033,1.8,2.9604341338067903,0.07221857142856997,0.05359810179738809,1.9956054715869138,11.102494261772948,9.106888790186034,0.36427555160744135,TIMEOUT,10163.173293026282,2.4072857142856656,95.0,26.669520520968696,44.92388569400848,0.43166013922334745,0.4653991671746713
XAUUSDm,buy_macd_pos,momentum,2025-08-20 12:00:00+00:00,2025-08-20 12:05:00+00:00,2025-08-20 13:40:00+00:00,BUY,session_breakout,3334.606069881849,3328.646,3345.3341956691775,1.8,4.194581690415388,0.05190642857142652,0.043116667563558884,2.8019555130948843,45.000000000000384,42.1980444869055,1.68792177947622,TP,10205.371337513188,1.7302142857142175,98.0,33.17162831817436,68.4420198452082,0.3701990823474315,1.1136787877055536
XAUUSDm,buy_macd_pos,momentum,2025-08-28 12:05:00+00:00,2025-08-28 12:10:00+00:00,2025-08-28 12:30:00+00:00,BUY,session_breakout,3408.1055699167196,3401.401,3420.173795766815,1.8,3.728799954439361,0.06637285714285845,0.03638348814813968,2.5391287787659995,-25.0,-27.539128778766,-1.10156515115064,SL,10177.832208734422,2.212428571428615,100.0,28.685871396469178,68.16456252860775,0.5497436441172461,0.9611050256929691
XAUUSDm,buy_macd_pos,momentum,2025-08-29 13:30:00+00:00,2025-08-29 13:35:00+00:00,2025-08-29 14:10:00+00:00,BUY,session_breakout,3421.061846743798,3413.653,3434.3977708826346,1.8,3.3743443297604903,0.08168142857142845,0.08000602951225583,2.313268128863977,44.99999999999939,42.686731871135414,1.7074692748454166,TP,10220.518940605558,2.7227142857142814,100.0,20.979330941647344,65.202813016802,1.3241182064005785,0.9999825834624807
XAUUSDm,buy_macd_pos,momentum,2025-09-03 13:05:00+00:00,2025-09-03 13:10:00+00:00,2025-09-03 18:05:00+00:00,BUY,session_breakout,3555.7910486139644,3543.887,3577.2183361191,1.8,2.1001258320361074,0.11580857142856921,0.10714432824967465,1.4980217269033889,44.99999999999981,43.50197827309642,1.7400791309238568,TP,10264.020918878654,3.86028571428564,100.0,19.288601585619453,66.08535208852643,0.808922495360366,0.9423761839260706
XAUUSDm,buy_macd_pos,momentum,2025-09-04 13:35:00+00:00,2025-09-04 13:40:00+00:00,2025-09-04 14:00:00+00:00,BUY,session_breakout,3558.0847474145316,3539.71,3591.1592927606885,1.8,1.3605629201862568,0.13142357142856975,0.11103562881711634,0.9656996348424991,-25.000000000000004,-25.9656996348425,-1.0386279853937,SL,10238.055219243812,4.3807857142856585,99.0,19.552379694708875,64.36663954936633,0.9021414340068448,1.1389943556871631
XAUUSDm,buy_macd_pos,momentum,2025-10-24 12:30:00+00:00,2025-10-24 12:35:00+00:00,2025-10-26 22:05:00+00:00,BUY,session_breakout,4089.877012454096,4058.775,4145.860634871469,1.8,0.8038065072765933,0.19440642857142945,0.08480923981011004,0.6574404971805089,-0.5345413380224108,-1.1919818352029197,-0.047679273408116785,TIMEOUT,10236.863237408608,6.4802142857143155,74.0,42.41032507024094,40.13398750005159,1.7878279449038885,0.4542506377841778
XAUUSDm,buy_macd_pos,momentum,2025-11-10 12:50:00+00:00,2025-11-10 12:55:00+00:00,2025-11-10 14:00:00+00:00,BUY,session_breakout,4099.951224617114,4087.377,4122.58482892792,1.8,1.988194163954512,0.09960428571428273,0.06242247425714384,1.6277998194563803,-25.0,-26.62779981945638,-1.0651119927782553,SL,10210.235437589152,3.320142857142758,42.0,48.841486735074575,72.79337030862793,0.24937615578349615,1.108672307475543
XAUUSDm,buy_macd_pos,momentum,2025-12-03 13:50:00+00:00,2025-12-03 13:55:00+00:00,2025-12-03 14:50:00+00:00,BUY,session_breakout,4236.15041891025,4211.353,4280.7857729487,1.8,1.0081694425731775,0.14135571428571309,0.046741053106594384,0.8516514812977758,-25.0,-25.851651481297775,-1.034066059251911,SL,10184.383786107854,4.711857142857103,100.0,27.83795219721161,67.91129580761022,2.4156585806713253,1.1041584236375452
XAUUSDm,buy_macd_pos,momentum,2025-12-16 13:20:00+00:00,2025-12-16 13:25:00+00:00,2025-12-16 14:15:00+00:00,BUY,session_breakout,4300.994766490392,4289.067,4322.464746173097,1.8,2.095949817607325,0.10657071428571661,0.04348113324920827,1.8074338392711193,44.99999999999924,43.19256616072812,1.7277026464291247,TP,10227.576352268581,3.5523571428572205,63.0,29.460394202997385,64.86982982778812,2.544068042031747,1.0165745778969073
XAUUSDm,buy_macd_pos,momentum,2026-01-12 13:45:00+00:00,2026-01-12 13:50:00+00:00,2026-01-12 14:10:00+00:00,BUY,session_breakout,4614.611276019644,4595.895,4648.3005728550015,1.8,1.3357358041611291,0.15747642857142571,0.12253780535867848,1.2302803007330227,-25.0,-26.23028030073302,-1.0492112120293209,SL,10201.346071967848,5.24921428571419,100.0,25.538314763185657,67.64546279014002,1.1930929180089196,1.0530617095501644
XAUUSDm,buy_macd_pos,momentum,2026-02-18 13:05:00+00:00,2026-02-18 13:10:00+00:00,2026-02-19 01:10:00+00:00,BUY,session_breakout,4955.275256657555,4917.985,5022.397718641153,1.8,0.6704164100982415,0.21361500000000172,0.17544915755397525,0.6649138505358219,4.942808124218072,4.27789427368225,0.17111577094729,TIMEOUT,10205.62396624153,7.120500000000058,100.0,18.559749289996407,69.74598867445299,1.7120448588973587,1.2915325609585622
XAUUSDm,buy_macd_pos,momentum,2026-02-27 13:15:00+00:00,2026-02-27 13:20:00+00:00,2026-03-01 23:01:00+00:00,BUY,session_breakout,5218.684811025562,5182.863,5283.164070871574,1.8,0.6978988299100867,0.15895071428571358,0.15533566841987217,0.7329228046568564,45.0,44.26707719534314,1.7706830878137256,TP,10249.891043436874,5.29835714285712,96.0,21.011152787242228,76.85786507947311,3.0871142504707265,1.4424883213652238
XAUUSDm,buy_macd_pos,momentum,2026-04-09 13:35:00+00:00,2026-04-09 13:40:00+00:00,2026-04-10 01:40:00+00:00,BUY,session_breakout,4770.290428984203,4738.562,4827.401601155768,1.8,0.7879369007664144,0.22024499999999989,0.11630648420219604,0.7519750216545432,2.374503806426918,1.6225287847723746,0.06490115139089499,TIMEOUT,10251.513572221646,7.341499999999996,85.0,19.548493915416145,61.150039063530585,0.7966545701716576,0.8476276026010289
XAUUSDm,buy_macd_pos,momentum,2026-04-17 12:45:00+00:00,2026-04-17 12:50:00+00:00,2026-04-19 22:01:00+00:00,BUY,session_breakout,4836.47529020236,4800.857,4900.5882125666085,1.8,0.701886582931581,0.21645000000000436,0.1210652023598756,0.6764314229746323,-25.000000000000004,-25.676431422974638,-1.0270572569189853,SL,10225.83714079867,7.2150000000001455,100.0,20.33483815266089,74.81297830224916,3.4245626246058656,1.2057288622126627
XAUUSDm,buy_macd_pos,momentum,2026-04-20 13:25:00+00:00,2026-04-20 13:30:00+00:00,2026-04-20 14:51:00+00:00,BUY,session_breakout,4824.390267279837,4799.549,4869.104548383543,1.8,1.0063898801287037,0.2057849999999988,0.12937477983637374,0.968543508556368,-25.000000000000004,-25.968543508556373,-1.0387417403422547,SL,10199.868597290115,6.859499999999961,99.0,18.41847392036155,65.54160011672974,1.8654484365508428,1.0762242804859457
XAUUSDm,buy_macd_pos,momentum,2026-05-01 13:50:00+00:00,2026-05-01 13:55:00+00:00,2026-05-03 22:03:00+00:00,BUY,session_breakout,4617.007801015577,4586.483,4671.952442843614,1.8,0.8190061578859356,0.22602857142856853,0.09778672986288585,0.7570394804784126,7.679164705806582,6.92212522532817,0.2768850090131268,TIMEOUT,10206.790722515443,7.534285714285618,100.0,38.294848342025965,64.64386456732902,4.522599424245453,1.0699495578250033
XAUUSDm,buy_rsi_macd,momentum,2025-01-07 13:10:00+00:00,2025-01-07 13:15:00+00:00,2025-01-07 15:00:00+00:00,BUY,session_breakout,2654.975055911924,2647.585,2668.2771565533867,1.8,3.382924337509092,0.06860785714285579,0.057751983352780416,1.793815946424802,-25.0,-26.7938159464248,-1.071752637856992,SL,9973.206184053575,2.2869285714285263,100.0,29.35827353571139,73.87488342939687,0.6410938942025186,1.0750465122481387
XAUUSDm,buy_rsi_macd,momentum,2025-01-24 13:40:00+00:00,2025-01-24 13:45:00+00:00,2025-01-24 14:15:00+00:00,BUY,session_breakout,2783.9771928429523,2777.85,2795.0061399602664,1.8,4.080171889604488,0.05255785714285528,0.031913914380553896,2.269321096707565,-25.0,-27.269321096707564,-1.0907728438683026,SL,9945.936862956867,1.7519285714285096,50.0,34.62164324979766,71.63787260500625,0.47904578272105924,1.0203166261648962
XAUUSDm,buy_rsi_macd,momentum,2025-02-03 12:35:00+00:00,2025-02-03 12:40:00+00:00,2025-02-03 14:45:00+00:00,BUY,session_breakout,2808.0810007957884,2800.096,2822.4540022282076,1.8,3.130870069942367,0.06067071428571547,0.054665438645391806,1.7628473518730685,45.0,43.23715264812693,1.7294861059250772,TP,9989.174015604995,2.0223571428571825,47.0,32.5962657261514,67.71926199504392,0.30412368828532,0.9052399724279602
XAUUSDm,buy_rsi_macd,momentum,2025-02-24 13:55:00+00:00,2025-02-24 14:00:00+00:00,2025-02-24 14:20:00+00:00,BUY,session_breakout,2954.4868171148405,2946.923,2968.101687921554,1.8,3.305209475642698,0.07127785714285698,0.05617818626875944,1.9505395647178811,-25.0,-26.950539564717882,-1.0780215825887154,SL,9962.223476040277,2.375928571428566,88.0,20.21311523242239,65.98017486570262,0.6907560286398791,0.9636195525257545
XAUUSDm,buy_rsi_macd,momentum,2025-04-11 13:30:00+00:00,2025-04-11 13:35:00+00:00,2025-04-11 13:50:00+00:00,BUY,session_breakout,3240.5329674044788,3225.711,3267.2125087325408,1.8,1.6866856684926566,0.17203285714285552,0.06295097590753096,1.090652102879823,-25.0,-26.090652102879822,-1.043626084115193,SL,9936.132823937398,5.734428571428517,74.0,26.486869484803904,58.91642100189986,0.8095400575604419,0.7853831925321447
XAUUSDm,buy_rsi_macd,momentum,2025-04-21 13:00:00+00:00,2025-04-21 13:05:00+00:00,2025-04-22 01:05:00+00:00,BUY,session_breakout,3421.3926626884327,3398.008,3463.4850555276116,1.8,1.0690767847750982,0.13261714285714366,0.13035411700428698,0.7327003979063736,11.541044503613167,10.808344105706793,0.4323337642282717,TIMEOUT,9946.941168043104,4.4205714285714555,100.0,28.364920124046165,71.43754187175264,0.9142115246842142,1.169734546144338
XAUUSDm,buy_rsi_macd,momentum,2025-05-08 13:30:00+00:00,2025-05-08 13:35:00+00:00,2025-05-08 15:25:00+00:00,BUY,session_breakout,3366.6771396247445,3347.274,3401.602790949285,1.8,1.288451275592416,0.1554171428571424,0.12943105331607696,0.8650598910114657,-25.0,-25.865059891011466,-1.0346023956404586,SL,9921.076108152092,5.1805714285714135,74.0,26.396879957534892,60.62923302062172,3.5469760640009005,1.0038776141220136
XAUUSDm,buy_rsi_macd,momentum,2025-05-15 12:30:00+00:00,2025-05-15 12:35:00+00:00,2025-05-15 14:10:00+00:00,BUY,session_breakout,3186.239392218547,3176.286,3204.1554982119314,1.8,2.511706506794294,0.11138142857143066,0.0947015042609586,1.6050796427279241,45.0,43.39492035727208,1.735796814290883,TP,9964.471028509364,3.7127142857143554,40.0,27.853226835020156,68.81050263627738,1.490451662530604,0.7884946739690148
XAUUSDm,buy_rsi_macd,momentum,2025-05-29 12:15:00+00:00,2025-05-29 12:20:00+00:00,2025-05-29 16:05:00+00:00,BUY,session_breakout,3308.8119426613875,3298.541,3327.299639451885,1.8,2.434051169809865,0.10334357142857113,0.040270875673136634,1.6152635159431605,45.00000000000045,43.384736484057285,1.7353894593622914,TP,10007.855764993421,3.4447857142857043,100.0,33.53063891306181,71.54485220906108,1.4941413587731533,0.9269290857964989
XAUUSDm,buy_rsi_macd,momentum,2025-06-20 13:50:00+00:00,2025-06-20 13:55:00+00:00,2025-06-22 22:05:00+00:00,BUY,session_breakout,3372.067983786679,3348.68,3414.166354602702,1.8,1.0689249756637331,0.11116928571428453,0.06839914382241118,0.7218732539519942,9.757164508682028,9.035291254730033,0.36141165018920135,TIMEOUT,10016.89105624815,3.7056428571428177,98.0,19.55623931036536,65.43840660534195,0.9994241066125626,1.08557930623339
XAUUSDm,buy_rsi_macd,momentum,2025-06-23 13:50:00+00:00,2025-06-23 13:55:00+00:00,2025-06-23 22:00:00+00:00,BUY,session_breakout,3385.4537882977615,3363.575,3424.835607233733,1.8,1.1426592578967263,0.11966142857142585,0.06695758347522075,0.7711840226759963,-24.999999999999996,-25.771184022675993,-1.0308473609070399,SL,9991.119872225474,3.9887142857141953,100.0,19.594011510915283,64.93271798242489,0.2646395893747653,1.014401231919862
XAUUSDm,buy_rsi_macd,momentum,2025-07-11 12:45:00+00:00,2025-07-11 12:50:00+00:00,2025-07-13 22:05:00+00:00,BUY,session_breakout,3356.0584173629795,3344.356,3377.1227686163425,1.8,2.1363107488447395,0.09554357142856848,0.09064557726525754,1.4350980248350889,11.81290682409249,10.377808799257402,0.41511235197029606,TIMEOUT,10001.497681024732,3.184785714285616,100.0,24.363230310504886,64.84391677031199,0.5463278730354175,0.960168473990999
XAUUSDm,buy_rsi_macd,momentum,2025-07-18 12:00:00+00:00,2025-07-18 12:05:00+00:00,2025-07-18 14:15:00+00:00,BUY,session_breakout,3358.302654051845,3351.982,3369.679831345166,1.8,3.955286872994217,0.058890000000000914,0.04420905184508592,2.6541100806225804,-25.0,-27.65411008062258,-1.1061644032249032,SL,9973.84357094411,1.9630000000000305,82.0,31.83987434693921,65.66484639860758,0.08776952459067822,0.8292849528012146
XAUUSDm,buy_rsi_macd,momentum,2025-07-21 12:15:00+00:00,2025-07-21 12:20:00+00:00,2025-07-21 13:45:00+00:00,BUY,session_breakout,3378.2566592339954,3370.859,3391.572445855187,1.8,3.3794473642573517,0.06443571428571561,0.05644137685229623,2.2878281125666344,45.0,42.712171887433364,1.7084868754973346,TP,10016.555742831542,2.147857142857187,90.0,27.99741884698307,72.64095252303622,0.78196598398219,1.059017740570561
XAUUSDm,buy_rsi_macd,momentum,2025-07-22 12:40:00+00:00,2025-07-22 12:45:00+00:00,2025-07-22 14:30:00+00:00,BUY,session_breakout,3403.802857873585,3391.033,3426.788602046038,1.8,1.957735179787222,0.07822285714285596,0.047746445013845756,1.3372489199838806,45.000000000000355,43.66275108001648,1.746510043200659,TP,10060.21849391156,2.607428571428532,100.0,21.18492615692123,77.24575759468715,1.331174428430191,1.3866050869238487
XAUUSDm,buy_rsi_macd,momentum,2025-08-01 12:30:00+00:00,2025-08-01 12:35:00+00:00,2025-08-03 22:05:00+00:00,BUY,session_breakout,3328.1053151383344,3296.811,3384.435082387336,1.8,0.7988671389512543,0.12649285714285852,0.05806870976329084,0.5345624505248812,28.196562782763774,27.662000332238893,1.1064800132895558,TIMEOUT,10087.880494243798,4.216428571428618,100.0,27.262211762494214,68.45716266954378,0.7339243643271642,0.8669947148323274
XAUUSDm,buy_rsi_macd,momentum,2025-08-04 13:00:00+00:00,2025-08-04 13:05:00+00:00,2025-08-05 01:05:00+00:00,BUY,session_breakout,3372.3634194243514,3361.037,3392.750974388184,1.8,2.2072288746654136,0.08956285714285676,0.06163799578002763,1.4907620330797993,20.4645003603591,18.9737383272793,0.758949533091172,TIMEOUT,10106.854232571077,2.985428571428559,100.0,18.452596237814085,60.96213883843053,0.4707971561554465,0.8562218651093784
XAUUSDm,buy_rsi_macd,momentum,2025-08-20 12:00:00+00:00,2025-08-20 12:05:00+00:00,2025-08-20 13:40:00+00:00,BUY,session_breakout,3334.580843910949,3328.646,3345.263562950657,1.8,4.2124107011270135,0.05190642857142652,0.017890696663345022,2.8138248061327262,44.99999999999923,42.186175193866504,1.6874470077546602,TP,10149.040407764944,1.7302142857142175,98.0,33.17162831817436,68.4420198452082,0.3701990823474315,1.1136787877055536
XAUUSDm,buy_rsi_macd,momentum,2025-08-28 12:05:00+00:00,2025-08-28 12:10:00+00:00,2025-08-28 12:30:00+00:00,BUY,session_breakout,3408.1275508575964,3401.401,3420.23534240127,1.8,3.716615027412846,0.06637285714285845,0.058364429024805646,2.5308396141714167,-25.0,-27.530839614171416,-1.1012335845668566,SL,10121.509568150772,2.212428571428615,100.0,28.685871396469178,68.16456252860775,0.5497436441172461,0.9611050256929691
XAUUSDm,buy_rsi_macd,momentum,2025-08-29 13:30:00+00:00,2025-08-29 13:35:00+00:00,2025-08-29 14:10:00+00:00,BUY,session_breakout,3421.0424618182055,3413.653,3434.3434930909757,1.8,3.383196315922005,0.08168142857142845,0.06062110392003078,2.3193116506872196,44.99999999999938,42.68068834931216,1.7072275339724865,TP,10164.190256500084,2.7227142857142814,100.0,20.979330941647344,65.202813016802,1.3241182064005785,0.9999825834624807
XAUUSDm,buy_rsi_macd,momentum,2025-09-03 13:05:00+00:00,2025-09-03 13:10:00+00:00,2025-09-03 18:05:00+00:00,BUY,session_breakout,3555.780101997881,3543.887,3577.187685594067,1.8,2.1020588240523392,0.11580857142856921,0.0961977121663305,1.4993917879588747,45.000000000000384,43.500608212041506,1.7400243284816603,TP,10207.690864712125,3.86028571428564,100.0,19.288601585619453,66.08535208852643,0.808922495360366,0.9423761839260706
XAUUSDm,buy_rsi_macd,momentum,2025-09-04 13:35:00+00:00,2025-09-04 13:40:00+00:00,2025-09-04 14:00:00+00:00,BUY,session_breakout,3558.04575400537,3539.71,3591.0501112150355,1.8,1.363456337420237,0.13142357142856975,0.07204221965562994,0.9677480064259575,-25.0,-25.967748006425957,-1.0387099202570382,SL,10181.7231167057,4.3807857142856585,99.0,19.552379694708875,64.36663954936633,0.9021414340068448,1.1389943556871631
XAUUSDm,buy_rsi_macd,momentum,2025-11-10 12:50:00+00:00,2025-11-10 12:55:00+00:00,2025-11-10 14:00:00+00:00,BUY,session_breakout,4099.986363406927,4087.377,4122.683217539396,1.8,1.9826536196320617,0.09960428571428273,0.09756126406916862,1.6232705607701676,-25.0,-26.623270560770166,-1.0649308224308067,SL,10155.099846144929,3.320142857142758,42.0,48.841486735074575,72.79337030862793,0.24937615578349615,1.108672307475543
XAUUSDm,buy_rsi_macd,momentum,2025-12-03 13:50:00+00:00,2025-12-03 13:55:00+00:00,2025-12-03 14:50:00+00:00,BUY,session_breakout,4236.234458013263,4211.353,4281.021082437136,1.8,1.0047642701112536,0.14135571428571309,0.1307801561194233,0.8487834046451678,-25.0,-25.848783404645168,-1.0339513361858068,SL,10129.251062740284,4.711857142857103,100.0,27.83795219721161,67.91129580761022,2.4156585806713253,1.1041584236375452
XAUUSDm,buy_rsi_macd,momentum,2025-12-16 13:20:00+00:00,2025-12-16 13:25:00+00:00,2025-12-16 14:15:00+00:00,BUY,session_breakout,4301.041323591119,4289.067,4322.595106055133,1.8,2.087800601826177,0.10657071428571661,0.09003823397567035,1.8004433327745588,44.99999999999924,43.199556667224684,1.7279822666889872,TP,10172.45061940751,3.5523571428572205,63.0,29.460394202997385,64.86982982778812,2.544068042031747,1.0165745778969073
XAUUSDm,buy_rsi_macd,momentum,2026-01-12 13:45:00+00:00,2026-01-12 13:50:00+00:00,2026-01-12 14:10:00+00:00,BUY,session_breakout,4614.557436848859,4595.895,4648.149823176804,1.8,1.3395892617061635,0.15747642857142571,0.06869863457342719,1.2338223179858099,-25.0,-26.23382231798581,-1.0493528927194324,SL,10146.216797089524,5.24921428571419,100.0,25.538314763185657,67.64546279014002,1.1930929180089196,1.0530617095501644
XAUUSDm,buy_rsi_macd,momentum,2026-02-18 13:05:00+00:00,2026-02-18 13:10:00+00:00,2026-02-19 01:10:00+00:00,BUY,session_breakout,4955.233681025048,4917.985,5022.281306870135,1.8,0.6711647046827881,0.21361500000000172,0.13387352504780634,0.665653212952401,4.9762292052476775,4.310575992295276,0.17242303969181105,TIMEOUT,10150.527373081819,7.120500000000058,100.0,18.559749289996407,69.74598867445299,1.7120448588973587,1.2915325609585622
XAUUSDm,buy_rsi_macd,momentum,2026-02-27 13:15:00+00:00,2026-02-27 13:20:00+00:00,2026-03-01 23:01:00+00:00,BUY,session_breakout,5218.582034419331,5182.863,5282.876296374126,1.8,0.6999069377550273,0.15895071428571358,0.05255906218791295,0.7350043542267669,45.0,44.26499564577323,1.7705998258309292,TP,10194.792368727592,5.29835714285712,96.0,21.011152787242228,76.85786507947311,3.0871142504707265,1.4424883213652238
XAUUSDm,buy_rsi_macd,momentum,2026-04-09 13:35:00+00:00,2026-04-09 13:40:00+00:00,2026-04-10 01:40:00+00:00,BUY,session_breakout,4770.263983042427,4738.562,4827.3275525187955,1.8,0.7885942013956148,0.22024499999999989,0.08986054242629189,0.7526002372052101,2.3973397448865983,1.6447395076813882,0.06578958030725553,TIMEOUT,10196.437108235274,7.341499999999996,85.0,19.548493915416145,61.150039063530585,0.7966545701716576,0.8476276026010289
XAUUSDm,buy_rsi_macd,momentum,2026-04-17 12:45:00+00:00,2026-04-17 12:50:00+00:00,2026-04-19 22:01:00+00:00,BUY,session_breakout,4836.522652162151,4800.857,4900.720826054022,1.8,0.7009545174258889,0.21645000000000436,0.1684271621505339,0.6755364803331402,-25.0,-25.67553648033314,-1.0270214592133255,SL,10170.76157175494,7.2150000000001455,100.0,20.33483815266089,74.81297830224916,3.4245626246058656,1.2057288622126627
XAUUSDm,buy_rsi_macd,momentum,2026-04-20 13:25:00+00:00,2026-04-20 13:30:00+00:00,2026-04-20 14:51:00+00:00,BUY,session_breakout,4824.429910616178,4799.549,4869.215549725298,1.8,1.0047863756137847,0.2057849999999988,0.1690181161774421,0.9670042888581529,-25.000000000000004,-25.967004288858156,-1.0386801715543261,SL,10144.794567466082,6.859499999999961,99.0,18.41847392036155,65.54160011672974,1.8654484365508428,1.0762242804859457
XAUUSDm,buy_rsi_macd,momentum,2026-05-01 13:50:00+00:00,2026-05-01 13:55:00+00:00,2026-05-03 22:03:00+00:00,BUY,session_breakout,4617.130902247009,4586.483,4672.2971262916235,1.8,0.8157165145761404,0.22602857142856853,0.2208879612943093,0.7540087758493543,7.5479046481024445,6.79389587225309,0.2717558348901236,TIMEOUT,10151.588463338336,7.534285714285618,100.0,38.294848342025965,64.64386456732902,4.522599424245453,1.0699495578250033
XAUUSDm,buy_bb_bot35,momentum,2025-04-02 12:25:00+00:00,2025-04-02 12:30:00+00:00,2025-04-02 13:50:00+00:00,BUY,session_breakout,3125.95093978621,3117.046,3141.979831401388,1.8,2.807430549807257,0.08566285714285543,0.07210835763846547,1.7526780331109022,-25.0,-26.752678033110904,-1.0701071213244362,SL,9973.247321966888,2.8554285714285146,72.0,23.02494613702874,45.282361336697186,-0.8245369640076562,0.2722350344222083
XAUUSDm,buy_bb_bot35,momentum,2025-04-30 12:15:00+00:00,2025-04-30 12:20:00+00:00,2025-04-30 13:35:00+00:00,BUY,session_breakout,3283.1590708792714,3266.901,3312.4235984619604,1.8,1.5376978108684478,0.1382485714285706,0.08394659355713605,1.0142013032047885,45.000000000000135,43.98579869679535,1.759431947871814,TP,10017.233120663683,4.608285714285687,89.0,44.343344543550394,36.765081230565336,0.15248180303597714,0.31442547847380653
XAUUSDm,buy_bb_bot35,momentum,2025-05-30 12:10:00+00:00,2025-05-30 12:15:00+00:00,2025-05-30 13:40:00+00:00,BUY,session_breakout,3303.0461410490316,3288.365,3329.472194937289,1.8,1.7028649146892247,0.14142642857142912,0.12742783474577604,1.1224282770384066,-25.0,-26.122428277038406,-1.0448971310815363,SL,9991.110692386645,4.714214285714304,100.0,26.073140583746437,45.82008517604064,-0.03759847026109786,0.3155542679009315
XAUUSDm,buy_bb_bot35,momentum,2025-07-24 13:40:00+00:00,2025-07-24 13:45:00+00:00,2025-07-25 01:45:00+00:00,BUY,session_breakout,3367.1289623308003,3351.315,3395.5940945262405,1.8,1.5808814689857011,0.12340285714285755,0.09726090222906343,1.0650313029406804,4.2494689391733695,3.184437636232689,0.12737750544930757,TIMEOUT,9994.295130022878,4.113428571428585,100.0,53.27659949751417,37.125897944068804,0.009985323994676776,0.2432288120787615
XAUUSDm,buy_bb_bot35,momentum,2025-08-05 12:25:00+00:00,2025-08-05 12:30:00+00:00,2025-08-05 14:00:00+00:00,BUY,session_breakout,3360.8887968633253,3349.903,3380.663231217311,1.8,2.2756655990480663,0.08291357142857188,0.030340077611296826,1.534151803449583,44.99999999999959,43.465848196550006,1.7386339278620002,TP,10037.760978219429,2.763785714285729,100.0,39.83255098002978,28.49470030009978,-0.8039054777044683,0.2315620204843462
XAUUSDm,buy_bb_bot35,momentum,2025-08-08 12:20:00+00:00,2025-08-08 12:25:00+00:00,2025-08-08 14:25:00+00:00,BUY,session_breakout,3391.9870880721037,3383.76,3406.79584660189,1.8,3.038742235514697,0.09986142857142828,0.09815735781789243,2.0589748853690426,-25.0,-27.058974885369043,-1.0823589954147617,SL,10010.70200333406,3.328714285714276,92.0,24.10039471149036,42.82352209520229,-1.2020345277218694,0.24923468241259059
XAUUSDm,buy_bb_bot35,momentum,2025-08-12 12:30:00+00:00,2025-08-12 12:35:00+00:00,2025-08-12 14:10:00+00:00,BUY,session_breakout,3350.409876919636,3338.543,3371.770255374981,1.8,2.106704246559818,0.11245285714285533,0.09365049106443024,1.409164543084511,-25.0,-26.40916454308451,-1.0563665817233805,SL,9984.292838790974,3.7484285714285113,100.0,24.49102958935112,37.471733946588344,-0.49811926692793573,-0.007409147990084764
XAUUSDm,buy_bb_bot35,momentum,2025-08-21 12:05:00+00:00,2025-08-21 12:10:00+00:00,2025-08-22 00:10:00+00:00,BUY,session_breakout,3341.1329456630615,3330.13,3360.938247856572,1.8,2.272118827590772,0.07179857142857111,0.06104637734748558,1.517226193364009,-10.64020900962698,-12.157435202990989,-0.48629740811963956,TIMEOUT,9972.135403587983,2.393285714285704,91.0,22.85663152783449,41.67200327654896,-0.5176613092432829,0.28575890699012696
XAUUSDm,buy_bb_bot35,momentum,2025-10-22 13:00:00+00:00,2025-10-22 13:05:00+00:00,2025-10-22 14:45:00+00:00,BUY,session_breakout,4066.517333053025,4023.09,4144.6865325484705,1.8,0.5756743102201296,0.39714642857142374,0.15475983873931012,0.46569791214070033,-25.0,-25.4656979121407,-1.018627916485628,SL,9946.669705675842,13.238214285714125,64.0,38.975027111375816,36.02309552426369,-0.10210139034670007,0.2588444404098373
XAUUSDm,buy_bb_bot35,momentum,2026-01-08 13:20:00+00:00,2026-01-08 13:25:00+00:00,2026-01-08 16:30:00+00:00,BUY,session_breakout,4432.225358936604,4417.26,4459.16300502249,1.8,1.6705245831994706,0.1653042857142873,0.10170679374599645,1.4853282840767388,45.00000000000061,43.514671715923875,1.740586868636955,TP,9990.184377391766,5.51014285714291,83.0,28.359410028489833,43.20439623326093,-0.05574883906273653,0.18657399802563449
XAUUSDm,buy_bb_bot35,momentum,2026-02-04 12:30:00+00:00,2026-02-04 12:35:00+00:00,2026-02-04 12:59:00+00:00,BUY,session_breakout,5062.853663841984,5037.48,5108.526258757555,1.8,0.9852735559077658,0.28187571428571706,0.15772598484111913,0.9951591664828504,-25.0,-25.99515916648285,-1.039806366659314,SL,9964.189218225283,9.395857142857235,45.0,27.185615352908528,47.82569628648915,-2.952932270049402,0.33733891145960715
XAUUSDm,buy_bb_bot35,momentum,2026-02-19 13:35:00+00:00,2026-02-19 13:40:00+00:00,2026-02-19 14:30:00+00:00,BUY,session_breakout,4994.762400602172,4971.705,5036.2657216860825,1.8,1.0842505810322987,0.19561928571427936,0.1855909593147797,1.080614806994237,-24.999999999999996,-26.080614806994234,-1.0432245922797696,SL,9938.108603418288,6.520642857142645,99.0,31.84451899181582,41.57239214445105,-1.3437890117263738,0.29750587756902475
XAUUSDm,buy_bb_bot35,momentum,2026-03-06 13:30:00+00:00,2026-03-06 13:35:00+00:00,2026-03-08 22:03:00+00:00,BUY,session_breakout,5124.106203781765,5065.362,5229.8457705889405,1.8,0.4255739016035575,0.3191828571428576,0.2396123531922402,0.43851391032813536,23.767364532554712,23.328850622226575,0.933154024889063,TIMEOUT,9961.437454040515,10.639428571428587,100.0,32.269028977247274,44.44919040340553,-0.053648268511880204,0.32464069546954843
XAUUSDm,buy_macd_bb,momentum,2025-04-30 12:15:00+00:00,2025-04-30 12:20:00+00:00,2025-04-30 13:35:00+00:00,BUY,session_breakout,3283.1914976797857,3266.901,3312.5143935034002,1.8,1.5346369700553328,0.1382485714285706,0.11637339407152553,1.0122014104221473,45.0,43.98779858957785,1.759511943583114,TP,10043.987798589578,4.608285714285687,89.0,44.343344543550394,36.765081230565336,0.15248180303597714,0.31442547847380653
XAUUSDm,buy_macd_bb,momentum,2025-07-24 13:40:00+00:00,2025-07-24 13:45:00+00:00,2025-07-25 01:45:00+00:00,BUY,session_breakout,3367.1066334830966,3351.315,3395.5315737526703,1.8,1.5831167831219042,0.12340285714285755,0.07493205452551917,1.066533687077769,4.2908267213213955,3.2242930342436265,0.12897172136974505,TIMEOUT,10047.212091623822,4.113428571428585,100.0,53.27659949751417,37.125897944068804,0.009985323994676776,0.2432288120787615
XAUUSDm,both_baseline,momentum,2025-01-03 13:15:00+00:00,2025-01-03 13:20:00+00:00,2025-01-03 16:50:00+00:00,SELL,session_breakout,2652.005430036269,2658.656,2640.0344041015533,1.8,3.7590763102016957,0.04961357142857001,0.04176317801689456,1.98931815731512,45.0,43.01068184268488,1.7204272737073953,TP,10043.010681842685,1.653785714285667,73.0,20.836599199556407,46.17840403794496,0.2613486762548767,0.5244962629814695
XAUUSDm,both_baseline,momentum,2025-01-06 13:30:00+00:00,2025-01-06 13:35:00+00:00,2025-01-06 14:15:00+00:00,SELL,session_breakout,2638.225875719044,2648.848,2619.106052013323,1.8,2.353578186316398,0.09765428571428304,0.05929713809885488,1.2373541743335637,45.00000000000021,43.76264582566665,1.750505833026666,TP,10086.773327668352,3.255142857142768,99.0,33.51748168707531,56.275986315920264,0.7939140510395979,0.662007534632952
XAUUSDm,both_baseline,momentum,2025-01-07 13:10:00+00:00,2025-01-07 13:15:00+00:00,2025-01-07 15:00:00+00:00,BUY,session_breakout,2654.9791208801166,2647.585,2668.2885384643264,1.8,3.3810645518694584,0.06860785714285579,0.061816951545560016,1.79283115831226,-25.0,-26.79283115831226,-1.0717132463324903,SL,10059.98049651004,2.2869285714285263,100.0,29.35827353571139,73.87488342939687,0.6410938942025186,1.0750465122481387
XAUUSDm,both_baseline,momentum,2025-01-13 12:00:00+00:00,2025-01-13 12:05:00+00:00,2025-01-13 17:35:00+00:00,SELL,session_breakout,2673.064954967965,2680.55,2659.591873910302,1.8,3.3399932656387783,0.06136285714285707,0.048363603463073,1.7811037896416055,44.999999999999694,43.21889621035809,1.7287558484143235,TP,10103.199392720397,2.045428571428569,66.0,19.272499199964653,29.742003769230635,-0.8310377867980376,0.053679440755844784
XAUUSDm,both_baseline,momentum,2025-01-15 13:55:00+00:00,2025-01-15 14:00:00+00:00,2025-01-15 14:30:00+00:00,BUY,session_breakout,2693.9235412198063,2682.127,2715.157315415458,1.8,2.119265260398956,0.10109571428571404,0.03699336266367949,1.1393277150156143,-25.0,-26.139327715015614,-1.0455731086006246,SL,10077.06006500538,3.3698571428571347,100.0,29.527297783745972,58.16011654565858,-0.48404185823478585,0.6774001609884107
XAUUSDm,both_baseline,momentum,2025-01-16 13:30:00+00:00,2025-01-16 13:35:00+00:00,2025-01-17 01:35:00+00:00,BUY,session_breakout,2713.597716646188,2701.388,2735.5752066093264,1.8,2.047549564371345,0.07803214285714083,0.07670057475941956,1.110873182781847,-3.719817377488553,-4.8306905602704,-0.19322762241081598,TIMEOUT,10072.229374445109,2.601071428571361,100.0,29.035232131775437,65.22636031978546,-0.18678025952878663,0.9086495751730368
XAUUSDm,both_baseline,momentum,2025-01-23 13:10:00+00:00,2025-01-23 13:15:00+00:00,2025-01-23 14:30:00+00:00,SELL,session_breakout,2740.6604500907943,2746.514,2730.124060254224,1.8,4.27091258941562,0.08819785714285834,0.07345098063418955,2.3435242439212507,-25.0,-27.34352424392125,-1.09374096975685,SL,10044.885850201188,2.9399285714286116,100.0,21.034694030739566,38.04067255800109,-0.48469859800545245,0.2035148580036898
XAUUSDm,both_baseline,momentum,2025-01-24 13:40:00+00:00,2025-01-24 13:45:00+00:00,2025-01-24 14:15:00+00:00,BUY,session_breakout,2783.989965984538,2777.85,2795.041904756706,1.8,4.071683794821815,0.05255785714285528,0.044687055966147325,2.264605365889156,-25.0,-27.264605365889157,-1.0905842146355662,SL,10017.621244835298,1.7519285714285096,50.0,34.62164324979766,71.63787260500625,0.47904578272105924,1.0203166261648962
XAUUSDm,both_baseline,momentum,2025-01-30 13:00:00+00:00,2025-01-30 13:05:00+00:00,2025-01-30 15:10:00+00:00,BUY,session_breakout,2782.0784600846373,2777.714,2789.9344882369846,1.8,5.728085379449001,0.03985714285714169,0.015531513208790131,3.191696590338161,45.00000000000052,41.80830340966236,1.6723321363864943,TP,10059.42954824496,1.3285714285713897,54.0,44.63844601034202,78.92361593003412,-0.16238478842643822,0.8505415631970238
XAUUSDm,both_baseline,momentum,2025-02-03 12:35:00+00:00,2025-02-03 12:40:00+00:00,2025-02-03 14:45:00+00:00,BUY,session_breakout,2808.063664237018,2800.096,2822.405459863651,1.8,3.137682419378147,0.06067071428571547,0.037328879875170806,1.7666623983542145,44.999999999999424,43.23333760164521,1.7293335040658084,TP,10102.662885846605,2.0223571428571825,47.0,32.5962657261514,67.71926199504392,0.30412368828532,0.9052399724279602
XAUUSDm,both_baseline,momentum,2025-02-11 12:45:00+00:00,2025-02-11 12:50:00+00:00,2025-02-11 13:15:00+00:00,SELL,session_breakout,2896.70702945354,2904.236,2883.1548824699125,1.8,3.320507079384908,0.08019428571428665,0.044873403602606415,1.9192072396409015,45.0000000000003,43.080792760359394,1.7232317104143757,TP,10145.743678606965,2.673142857142888,57.99999999999999,33.99080280425428,32.94543234643815,-0.3521815151620178,0.08929286822643502
XAUUSDm,both_baseline,momentum,2025-02-12 13:15:00+00:00,2025-02-12 13:20:00+00:00,2025-02-12 14:00:00+00:00,SELL,session_breakout,2874.135672914283,2885.902,2852.9562841599927,1.8,2.124707210489437,0.08443714285714382,0.08010851428802923,1.2238393576331774,-25.0,-26.223839357633178,-1.048953574305327,SL,10119.519839249331,2.814571428571461,97.0,21.687231563201554,38.703743236227076,-0.21785103137107997,0.13171253003789052
XAUUSDm,both_baseline,momentum,2025-02-13 13:00:00+00:00,2025-02-13 13:05:00+00:00,2025-02-13 18:50:00+00:00,SELL,session_breakout,2913.977348250412,2921.369,2900.672375101153,1.8,3.3821939732743647,0.06448499999999967,0.048409249587880905,1.973627325102112,-25.0,-26.97362732510211,-1.0789450930040845,SL,10092.54621192423,2.149499999999989,60.0,18.43714716473585,55.07719547990637,0.09085271035550369,0.6755273122060891
XAUUSDm,both_baseline,momentum,2025-02-14 13:40:00+00:00,2025-02-14 13:45:00+00:00,2025-02-14 16:45:00+00:00,SELL,session_breakout,2917.8264139641774,2933.321,2889.936159099697,1.8,1.613466790413216,0.10798928571428665,0.09459139296546173,0.937063203824337,45.0,44.06293679617566,1.7625174718470265,TP,10136.609148720405,3.5996428571428885,100.0,18.863435153374482,38.3772446518707,-1.0692048219661572,0.03008536303792494
XAUUSDm,both_baseline,momentum,2025-02-24 13:55:00+00:00,2025-02-24 14:00:00+00:00,2025-02-24 14:20:00+00:00,BUY,session_breakout,2954.474146215458,2946.923,2968.0662094032828,1.8,3.310755650423211,0.07127785714285698,0.04350728688624731,1.953808394722424,-25.0,-26.953808394722422,-1.078152335788897,SL,10109.655340325682,2.375928571428566,88.0,20.21311523242239,65.98017486570262,0.6907560286398791,0.9636195525257545
XAUUSDm,both_baseline,momentum,2025-02-28 12:50:00+00:00,2025-02-28 12:55:00+00:00,2025-02-28 14:40:00+00:00,SELL,session_breakout,2855.0368560519237,2864.502,2837.999596945386,1.8,2.6412699201559504,0.06792428571428445,0.03118180521898592,1.5036845937653123,45.000000000000476,43.49631540623516,1.7398526162494066,TP,10153.151655731917,2.264142857142815,71.0,21.169540131150995,36.622768860402836,0.18180995377507525,0.18667847364227183
XAUUSDm,both_baseline,momentum,2025-03-03 13:05:00+00:00,2025-03-03 13:10:00+00:00,2025-03-03 14:30:00+00:00,SELL,session_breakout,2871.046025089197,2877.716,2859.040070249752,1.8,3.7481400356557772,0.057207857142854465,0.03937098223129791,2.15471651016944,-25.0,-27.15471651016944,-1.0861886604067776,SL,10125.996939221748,1.9069285714284823,70.0,19.71262015212677,63.26328671101052,0.5544488539913344,0.7976623929737864
XAUUSDm,both_baseline,momentum,2025-03-05 13:30:00+00:00,2025-03-05 13:35:00+00:00,2025-03-05 15:05:00+00:00,SELL,session_breakout,2908.6978719114,2917.269,2893.26984135192,1.8,2.9167689178804417,0.08657571428571535,0.029840231457395987,1.6992999088592315,-25.0,-26.69929990885923,-1.0679719963543692,SL,10099.297639312888,2.8858571428571786,100.0,18.538773727042578,43.93629023328979,-0.3781006787172526,0.14282743569313303
XAUUSDm,both_baseline,momentum,2025-03-21 13:45:00+00:00,2025-03-21 13:50:00+00:00,2025-03-23 22:05:00+00:00,SELL,session_breakout,3010.647271117855,3036.851,2963.4805591299933,1.8,0.9540626875068364,0.11942571428571715,0.10501602500195266,0.5757322076429435,-12.62962319378646,-13.205355401429403,-0.5282142160571761,TIMEOUT,10086.09228391146,3.9808571428572384,100.0,18.011965333720443,24.904046949468253,-1.1214333931096045,-0.4606342621081753
XAUUSDm,both_baseline,momentum,2025-03-26 13:00:00+00:00,2025-03-26 13:05:00+00:00,2025-03-26 14:00:00+00:00,SELL,session_breakout,3024.786806823958,3029.994,3015.4138591070828,1.8,4.801050999034117,0.06616928571428649,0.04910853318502165,2.899931144153476,44.999999999999126,42.10006885584565,1.6840027542338263,TP,10128.192352767304,2.205642857142883,100.0,19.750277906197685,56.18747599344997,0.33536904822330094,0.67074383116808
XAUUSDm,both_baseline,momentum,2025-04-02 12:25:00+00:00,2025-04-02 12:30:00+00:00,2025-04-02 13:50:00+00:00,BUY,session_breakout,3125.9499882589607,3117.046,3141.9771671250905,1.8,2.807730566675016,0.08566285714285543,0.07115683038933508,1.7528650663864185,-25.0,-26.75286506638642,-1.0701146026554569,SL,10101.439487700918,2.8554285714285146,72.0,23.02494613702874,45.282361336697186,-0.8245369640076562,0.2722350344222083
XAUUSDm,both_baseline,momentum,2025-04-03 12:20:00+00:00,2025-04-03 12:25:00+00:00,2025-04-03 14:00:00+00:00,SELL,session_breakout,3080.7036956851484,3097.309,3050.814147918415,1.8,1.5055430196265678,0.14053499999999824,0.07703681485179077,0.9301263889153092,-25.0,-25.93012638891531,-1.0372050555566124,SL,10075.509361312003,4.684499999999941,68.0,45.51265925747012,23.930871866694673,-2.5248489201079405,0.10188674597702356
XAUUSDm,both_baseline,momentum,2025-04-11 13:30:00+00:00,2025-04-11 13:35:00+00:00,2025-04-11 13:50:00+00:00,BUY,session_breakout,3240.6385206539057,3225.711,3267.5080578309367,1.8,1.6747590292871886,0.17203285714285552,0.16850422533456297,1.0829577246242013,-25.0,-26.0829577246242,-1.043318308984968,SL,10049.426403587378,5.734428571428517,74.0,26.486869484803904,58.91642100189986,0.8095400575604419,0.7853831925321447
XAUUSDm,both_baseline,momentum,2025-04-21 13:00:00+00:00,2025-04-21 13:05:00+00:00,2025-04-22 01:05:00+00:00,BUY,session_breakout,3421.38500393422,3398.008,3463.4636110158167,1.8,1.0694270348050847,0.13261714285714366,0.12269536279172585,0.7329396255417551,11.55301604963811,10.820076424096355,0.43280305696385424,TIMEOUT,10060.246480011474,4.4205714285714555,100.0,28.364920124046165,71.43754187175264,0.9142115246842142,1.169734546144338
XAUUSDm,both_baseline,momentum,2025-04-23 13:25:00+00:00,2025-04-23 13:30:00+00:00,2025-04-23 14:00:00+00:00,SELL,session_breakout,3299.618724652617,3320.54,3261.9604290273273,1.8,1.1949558325146359,0.2031985714285695,0.1716760616688446,0.7840797280196298,45.00000000000022,44.21592027198059,1.7686368108792236,TP,10104.462400283455,6.773285714285651,78.0,22.560104668224394,38.472119460777044,-1.5238509308195778,-0.0667903918190932
XAUUSDm,both_baseline,momentum,2025-04-25 13:20:00+00:00,2025-04-25 13:25:00+00:00,2025-04-25 19:30:00+00:00,SELL,session_breakout,3270.4388227992904,3298.252,3220.3751038380133,1.8,0.8988545184748691,0.20633142857142858,0.09001148642390396,0.5904297426537548,-25.0,-25.590429742653754,-1.0236171897061501,SL,10078.871970540802,6.877714285714286,89.0,31.5080885248663,34.915030921356276,0.11248768477733417,-0.11665859705515962
XAUUSDm,both_baseline,momentum,2025-04-30 12:00:00+00:00,2025-04-30 12:05:00+00:00,2025-04-30 12:15:00+00:00,SELL,session_breakout,3267.599403856226,3281.671,3242.270530797434,1.8,1.7766285888656628,0.11945999999999815,0.07486614377366088,1.1635621035702737,-25.0,-26.163562103570275,-1.046542484142811,SL,10052.70840843723,3.9819999999999385,85.0,43.24131785778276,32.44409341388052,-0.061827532356907966,0.234740852006713
XAUUSDm,both_baseline,momentum,2025-04-30 12:20:00+00:00,2025-04-30 12:25:00+00:00,2025-05-01 00:20:00+00:00,BUY,session_breakout,3290.162766000042,3266.901,3332.0339448001187,1.8,1.074724937047104,0.15381214285714284,0.05085992861380509,0.7047039943128242,-25.0,-25.704703994312823,-1.0281881597725129,SL,10027.003704442917,5.127071428571428,97.0,44.343344543550394,36.765081230565336,0.15248180303597714,0.31442547847380653
XAUUSDm,both_baseline,momentum,2025-05-02 13:00:00+00:00,2025-05-02 13:05:00+00:00,2025-05-02 14:55:00+00:00,SELL,session_breakout,3244.0387209740907,3263.926,3208.241618727454,1.8,1.2570849922420182,0.15889714285714296,0.0648304544808321,0.8181064780777042,-25.0,-25.818106478077706,-1.0327242591231083,SL,10001.185597964839,5.296571428571432,100.0,20.422343309001352,39.731321337788366,-1.539648964363431,-0.16645070860980468
XAUUSDm,both_baseline,momentum,2025-05-08 13:30:00+00:00,2025-05-08 13:35:00+00:00,2025-05-08 15:25:00+00:00,BUY,session_breakout,3366.6686439760065,3347.274,3401.5790031328183,1.8,1.2890156700441564,0.1554171428571424,0.12093540457829562,0.8654377275862768,-24.999999999999996,-25.865437727586272,-1.034617509103451,SL,9975.320160237252,5.1805714285714135,74.0,26.396879957534892,60.62923302062172,3.5469760640009005,1.0038776141220136
XAUUSDm,both_baseline,momentum,2025-05-09 13:25:00+00:00,2025-05-09 13:30:00+00:00,2025-05-09 14:00:00+00:00,BUY,session_breakout,3339.9487570070332,3328.669,3360.2523196196935,1.8,2.216359801404545,0.10501285714285587,0.08625057846148382,1.4780056327562934,-25.0,-26.478005632756293,-1.0591202253102516,SL,9948.842154604496,3.500428571428529,49.0,23.16619450277093,55.996399916485366,-0.07954968226112946,0.6702587580952204
XAUUSDm,both_baseline,momentum,2025-05-14 12:50:00+00:00,2025-05-14 12:55:00+00:00,2025-05-15 00:55:00+00:00,SELL,session_breakout,3186.127853952494,3221.493,3122.470591066984,1.8,0.70691069581383,0.21265500000000104,0.20781854750555884,0.45058175678041934,-1.2018514254274357,-1.652433182207855,-0.06609732728831422,TIMEOUT,9947.189721422288,7.088500000000034,100.0,20.548243138493692,21.7966907090199,-3.1392402524396763,-0.24799634771238527
XAUUSDm,both_baseline,momentum,2025-05-15 12:30:00+00:00,2025-05-15 12:35:00+00:00,2025-05-15 14:10:00+00:00,BUY,session_breakout,3186.2035087685554,3176.286,3204.055024551955,1.8,2.520794342956933,0.11138142857143066,0.058818054269386966,1.610852756082661,44.99999999999977,43.38914724391711,1.7355658897566844,TP,9990.578868666205,3.7127142857143554,40.0,27.853226835020156,68.81050263627738,1.490451662530604,0.7884946739690148
XAUUSDm,both_baseline,momentum,2025-05-28 13:35:00+00:00,2025-05-28 13:40:00+00:00,2025-05-28 20:50:00+00:00,SELL,session_breakout,3303.6954279933816,3316.438,3280.7587983814683,1.8,1.9619273084754774,0.11382000000000095,0.06366200661862267,1.291822055813159,45.0,43.70817794418684,1.7483271177674737,TP,10034.287046610392,3.7940000000000316,98.0,19.47008735358178,39.42368282898113,-1.436846244664989,0.07679810677214866
XAUUSDm,both_baseline,momentum,2025-05-29 12:15:00+00:00,2025-05-29 12:20:00+00:00,2025-05-29 16:05:00+00:00,BUY,session_breakout,3308.8366427593082,3298.541,3327.3687997260627,1.8,2.4282116798776885,0.10334357142857113,0.06497097359416883,1.6114111565510862,44.99999999999978,43.388588843448694,1.7355435537379478,TP,10077.675635453841,3.4447857142857043,100.0,33.53063891306181,71.54485220906108,1.4941413587731533,0.9269290857964989
XAUUSDm,both_baseline,momentum,2025-05-30 12:10:00+00:00,2025-05-30 12:15:00+00:00,2025-05-30 13:40:00+00:00,BUY,session_breakout,3302.979898523199,3288.365,3329.286715864958,1.8,1.7105832079720256,0.14142642857142912,0.061185308913734464,1.127504390136586,-25.0,-26.127504390136586,-1.0451001756054634,SL,10051.548131063704,4.714214285714304,100.0,26.073140583746437,45.82008517604064,-0.03759847026109786,0.3155542679009315
XAUUSDm,both_baseline,momentum,2025-06-03 13:45:00+00:00,2025-06-03 13:50:00+00:00,2025-06-04 01:20:00+00:00,SELL,session_breakout,3343.835604564268,3363.095,3309.168692779951,1.8,1.2980677448274345,0.12839785714285493,0.050196507160150464,0.8706050284580841,-25.0,-25.870605028458083,-1.0348242011383233,SL,10025.677526035246,4.279928571428497,100.0,26.21077909916798,38.96572957414026,0.15961982095524707,-0.1029737322582466
XAUUSDm,both_baseline,momentum,2025-06-11 12:15:00+00:00,2025-06-11 12:20:00+00:00,2025-06-11 12:35:00+00:00,BUY,session_breakout,3338.1091663513876,3327.196,3357.752865783885,1.8,2.2908108604814923,0.09899999999999863,0.06266635138745634,1.533895346350116,44.99999999999979,43.46610465364967,1.7386441861459871,TP,10069.143630688895,3.2999999999999545,97.0,30.652943272538636,47.60928992435532,-0.4959922078970447,0.37772202016904627
XAUUSDm,both_baseline,momentum,2025-06-16 13:50:00+00:00,2025-06-16 13:55:00+00:00,2025-06-17 01:55:00+00:00,SELL,session_breakout,3389.7641466185096,3417.401,3340.0178105318273,1.8,0.9045892328952223,0.17297357142857242,0.07936659577567651,0.613623867828032,-3.550380109588499,-4.164003977416531,-0.16656015909666125,TIMEOUT,10064.97962671148,5.765785714285747,100.0,35.415918947083775,36.59225033595702,-0.02729251356991691,-0.1140431756732553
XAUUSDm,both_baseline,momentum,2025-06-20 13:50:00+00:00,2025-06-20 13:55:00+00:00,2025-06-22 22:05:00+00:00,BUY,session_breakout,3372.0850593489163,3348.68,3414.214166176966,1.8,1.0681451231251589,0.11116928571428453,0.08547470605948573,0.7213484228637052,9.731806823537747,9.010458400674041,0.36041833602696166,TIMEOUT,10073.990085112155,3.7056428571428177,98.0,19.55623931036536,65.43840660534195,0.9994241066125626,1.08557930623339
XAUUSDm,both_baseline,momentum,2025-06-23 13:50:00+00:00,2025-06-23 13:55:00+00:00,2025-06-23 22:00:00+00:00,BUY,session_breakout,3385.459346299038,3363.575,3424.851169637306,1.8,1.1423690549577399,0.11966142857142585,0.07251558475192996,0.770988798805896,-25.0,-25.770988798805895,-1.0308395519522358,SL,10048.219096313349,3.9887142857141953,100.0,19.594011510915283,64.93271798242489,0.2646395893747653,1.014401231919862
XAUUSDm,both_baseline,momentum,2025-06-24 12:30:00+00:00,2025-06-24 12:35:00+00:00,2025-06-24 19:30:00+00:00,SELL,session_breakout,3307.6356011871094,3321.86,3282.0316833239062,1.8,1.757543522847796,0.12322071428571267,0.1087884557475836,1.1651627053614362,-25.0,-26.165162705361436,-1.0466065082144573,SL,10022.053933607987,4.107357142857089,82.0,38.064296195118644,30.183242349490655,-0.15626695824684944,-0.06827947399461992
XAUUSDm,both_baseline,momentum,2025-06-26 13:05:00+00:00,2025-06-26 13:10:00+00:00,2025-06-27 01:10:00+00:00,SELL,session_breakout,3317.7996430778257,3344.056,3270.538200617912,1.8,0.952150371588175,0.15296785714285566,0.12087299360250178,0.631689371715057,1.1946088727622493,0.5629195010471922,0.022516780041887688,TIMEOUT,10022.616853109035,5.098928571428522,100.0,18.53667304092629,32.31923122924104,-1.6292287521871331,-0.2536657687353647
XAUUSDm,both_baseline,momentum,2025-06-27 12:05:00+00:00,2025-06-27 12:10:00+00:00,2025-06-29 22:05:00+00:00,SELL,session_breakout,3273.97162963371,3285.344,3253.501362974388,1.8,2.1983103957030075,0.1014771428571443,0.052631794861075505,1.4387861586521875,6.55015079912926,5.111364640477072,0.2044545856190829,TIMEOUT,10027.728217749513,3.382571428571477,74.0,43.632735004813654,36.76156600926379,0.40722417569050684,0.04914854253789418
XAUUSDm,both_baseline,momentum,2025-07-08 13:45:00+00:00,2025-07-08 13:50:00+00:00,2025-07-08 14:40:00+00:00,SELL,session_breakout,3315.9761054295136,3326.914,3296.2878952026376,1.8,2.2856318315095807,0.10118357142857348,0.08930278477169323,1.5113201078189733,45.000000000000206,43.48867989218123,1.7395471956872492,TP,10071.216897641694,3.372785714285783,100.0,18.147393845146915,42.283950356278254,0.11010653945995341,0.14664203419265717
XAUUSDm,both_baseline,momentum,2025-07-11 12:45:00+00:00,2025-07-11 12:50:00+00:00,2025-07-13 22:05:00+00:00,BUY,session_breakout,3356.0502578997543,3344.356,3377.099922119312,1.8,2.137801322179293,0.09554357142856848,0.08248611404013373,1.43609759496603,11.838592383793515,10.402494788827484,0.41609979155309934,TIMEOUT,10081.619392430523,3.184785714285616,100.0,24.363230310504886,64.84391677031199,0.5463278730354175,0.960168473990999
XAUUSDm,both_baseline,momentum,2025-07-14 12:35:00+00:00,2025-07-14 12:40:00+00:00,2025-07-15 00:40:00+00:00,SELL,session_breakout,3351.4567749689463,3368.025,3321.6339699130494,1.8,1.5089123882095143,0.09729428571428668,0.055577888196515324,1.0107355740301218,6.753552297480821,5.7428167234507,0.229712668938028,TIMEOUT,10087.362209153973,3.2431428571428893,100.0,21.65202251038262,36.7651028728244,-1.4793085902268142,-0.17231518849245445
XAUUSDm,both_baseline,momentum,2025-07-15 12:05:00+00:00,2025-07-15 12:10:00+00:00,2025-07-15 12:30:00+00:00,SELL,session_breakout,3352.7316158305553,3359.335,3340.845524325555,1.8,3.785937537252513,0.0592757142857129,0.029746312302091207,2.541146495341234,-25.0,-27.541146495341234,-1.1016458598136494,SL,10059.821062658631,1.9758571428570966,59.0,20.971755145144762,38.26022884135366,-1.1419082294695684,-0.14025913326344902
XAUUSDm,both_baseline,momentum,2025-07-15 12:35:00+00:00,2025-07-15 12:40:00+00:00,2025-07-15 15:35:00+00:00,SELL,session_breakout,3347.938680773132,3360.387,3325.5317061647697,1.8,2.0083032531846348,0.10199142857143151,0.07932351258222026,1.3402352288118713,44.99999999999964,43.65976477118777,1.7463905908475106,TP,10103.48082742982,3.3997142857143836,100.0,24.614335357064114,39.25445277239253,-1.3378372695728586,0.04740862915207159
XAUUSDm,both_baseline,momentum,2025-07-18 12:00:00+00:00,2025-07-18 12:05:00+00:00,2025-07-18 14:15:00+00:00,BUY,session_breakout,3358.281873016632,3351.982,3369.621644446569,1.8,3.968333954351018,0.058890000000000914,0.02342801663182694,2.662856796994687,-25.0,-27.66285679699469,-1.1065142718797876,SL,10075.817970632825,1.9630000000000305,82.0,31.83987434693921,65.66484639860758,0.08776952459067822,0.8292849528012146
XAUUSDm,both_baseline,momentum,2025-07-21 12:15:00+00:00,2025-07-21 12:20:00+00:00,2025-07-21 13:45:00+00:00,BUY,session_breakout,3378.228565430901,3370.859,3391.4937832065234,1.8,3.3923302851987267,0.06443571428571561,0.02834757375835463,2.296513414566939,44.999999999999694,42.703486585432756,1.7081394634173102,TP,10118.521457218258,2.147857142857187,90.0,27.99741884698307,72.64095252303622,0.78196598398219,1.059017740570561
XAUUSDm,both_baseline,momentum,2025-07-22 12:40:00+00:00,2025-07-22 12:45:00+00:00,2025-07-22 14:30:00+00:00,BUY,session_breakout,3403.7789814141565,3391.033,3426.7217479596384,1.8,1.9614025148532814,0.07822285714285596,0.02386998558534284,1.3397361308300935,44.99999999999982,43.66026386916973,1.7464105547667892,TP,10162.181721087427,2.607428571428532,100.0,21.18492615692123,77.24575759468715,1.331174428430191,1.3866050869238487
XAUUSDm,both_baseline,momentum,2025-07-24 12:45:00+00:00,2025-07-24 12:50:00+00:00,2025-07-24 13:40:00+00:00,SELL,session_breakout,3354.1949773290485,3365.506,3333.835136521336,1.8,2.2102333915574417,0.0947721428571445,0.08063659952282486,1.4852107481373837,-25.0,-26.485210748137384,-1.0594084299254953,SL,10135.69651033929,3.1590714285714836,92.0,50.569753258342374,31.024012061337118,0.24749084676371336,0.19681754299032603
XAUUSDm,both_baseline,momentum,2025-07-28 13:30:00+00:00,2025-07-28 13:35:00+00:00,2025-07-28 13:50:00+00:00,SELL,session_breakout,3324.2437847182264,3330.639,3312.7323972110335,1.8,3.909172545176013,0.08868000000000101,0.06787528177380776,2.594508507338498,45.00000000000071,42.405491492662215,1.6962196597064887,TP,10178.102001831952,2.9560000000000337,99.0,24.688991825086365,32.077127050541364,-0.8864486601692667,0.07497463932984386
XAUUSDm,both_baseline,momentum,2025-08-01 12:30:00+00:00,2025-08-01 12:35:00+00:00,2025-08-03 22:05:00+00:00,BUY,session_breakout,3328.1476331541644,3296.811,3384.55357283166,1.8,0.7977883226002476,0.12649285714285852,0.10038672559332708,0.533843935964204,28.12472440195024,27.590880465986036,1.1036352186394414,TIMEOUT,10205.692882297939,4.216428571428618,100.0,27.262211762494214,68.45716266954378,0.7339243643271642,0.8669947148323274
XAUUSDm,both_baseline,momentum,2025-08-04 13:00:00+00:00,2025-08-04 13:05:00+00:00,2025-08-05 01:05:00+00:00,BUY,session_breakout,3372.377597311585,3361.037,3392.790672472438,1.8,2.2044694219466843,0.08956285714285676,0.07581588301374807,1.4889014246216095,20.407661153258708,18.9187597286371,0.756750389145484,TIMEOUT,10224.611642026575,2.985428571428559,100.0,18.452596237814085,60.96213883843053,0.4707971561554465,0.8562218651093784
XAUUSDm,both_baseline,momentum,2025-08-05 12:25:00+00:00,2025-08-05 12:30:00+00:00,2025-08-05 14:00:00+00:00,BUY,session_breakout,3360.909966099297,3349.903,3380.722505078032,1.8,2.2712889069038096,0.08291357142857188,0.051509313582929185,1.5312195046207584,45.00000000000041,43.468780495379654,1.7387512198151864,TP,10268.080422521954,2.763785714285729,100.0,39.83255098002978,28.49470030009978,-0.8039054777044683,0.2315620204843462
XAUUSDm,both_baseline,momentum,2025-08-06 12:50:00+00:00,2025-08-06 12:55:00+00:00,2025-08-07 00:55:00+00:00,BUY,session_breakout,3368.582526430822,3360.141,3383.777274006301,1.8,2.9615496918566433,0.07221857142856997,0.05041714510757704,1.996356518478194,11.116098492190904,9.11974197371271,0.3647896789485084,TIMEOUT,10277.200164495667,2.4072857142856656,95.0,26.669520520968696,44.92388569400848,0.43166013922334745,0.4653991671746713
XAUUSDm,both_baseline,momentum,2025-08-08 12:20:00+00:00,2025-08-08 12:25:00+00:00,2025-08-08 14:25:00+00:00,BUY,session_breakout,3391.9286613724175,3383.76,3406.6322518427687,1.8,3.0604769692640414,0.09986142857142828,0.03973065813154609,2.073683909903379,-25.0,-27.07368390990338,-1.0829473563961352,SL,10250.126480585765,3.328714285714276,92.0,24.10039471149036,42.82352209520229,-1.2020345277218694,0.24923468241259059
XAUUSDm,both_baseline,momentum,2025-08-12 12:30:00+00:00,2025-08-12 12:35:00+00:00,2025-08-12 14:10:00+00:00,BUY,session_breakout,3350.358977749513,3338.543,3371.6277376986363,1.8,2.1157792042245895,0.11245285714285533,0.04275132094138767,1.415223970361915,-25.000000000000004,-26.415223970361918,-1.0566089588144765,SL,10223.711256615403,3.7484285714285113,100.0,24.49102958935112,37.471733946588344,-0.49811926692793573,-0.007409147990084764
XAUUSDm,both_baseline,momentum,2025-08-20 12:00:00+00:00,2025-08-20 12:05:00+00:00,2025-08-20 13:40:00+00:00,BUY,session_breakout,3334.6028112302724,3328.646,3345.3250714447627,1.8,4.196876320832715,0.05190642857142652,0.039858015986602886,2.803483115566907,45.00000000000077,42.19651688443386,1.6878606753773542,TP,10265.907773499837,1.7302142857142175,98.0,33.17162831817436,68.4420198452082,0.3701990823474315,1.1136787877055536
XAUUSDm,both_baseline,momentum,2025-08-21 12:05:00+00:00,2025-08-21 12:10:00+00:00,2025-08-22 00:10:00+00:00,BUY,session_breakout,3341.117115681367,3330.13,3360.8939239078277,1.8,2.2753924437509547,0.07179857142857111,0.045216395653118927,1.519408575766124,-10.619519755494629,-12.138928331260754,-0.48555713325043015,TIMEOUT,10253.768845168577,2.393285714285704,91.0,22.85663152783449,41.67200327654896,-0.5176613092432829,0.28575890699012696
XAUUSDm,both_baseline,momentum,2025-08-28 12:05:00+00:00,2025-08-28 12:10:00+00:00,2025-08-28 12:30:00+00:00,BUY,session_breakout,3408.1153597204575,3401.401,3420.201207217281,1.8,3.7233632156806755,0.06637285714285845,0.04617329188608057,2.5354302730358933,-25.0,-27.535430273035892,-1.1014172109214357,SL,10226.233414895542,2.212428571428615,100.0,28.685871396469178,68.16456252860775,0.5497436441172461,0.9611050256929691
XAUUSDm,both_baseline,momentum,2025-08-29 13:30:00+00:00,2025-08-29 13:35:00+00:00,2025-08-29 14:10:00+00:00,BUY,session_breakout,3421.0500854825277,3413.653,3434.364839351078,1.8,3.379709489507797,0.08168142857142845,0.06824476824190455,2.316931087597352,45.0,42.683068912402646,1.7073227564961058,TP,10268.916483807945,2.7227142857142814,100.0,20.979330941647344,65.202813016802,1.3241182064005785,0.9999825834624807
XAUUSDm,both_baseline,momentum,2025-09-03 13:05:00+00:00,2025-09-03 13:10:00+00:00,2025-09-03 18:05:00+00:00,BUY,session_breakout,3555.7701009324724,3543.887,3577.159682610922,1.8,2.1038279605691224,0.11580857142856921,0.08619664675773767,1.5006457119394851,44.99999999999962,43.49935428806014,1.7399741715224055,TP,10312.415838096005,3.86028571428564,100.0,19.288601585619453,66.08535208852643,0.808922495360366,0.9423761839260706
XAUUSDm,both_baseline,momentum,2025-09-04 13:35:00+00:00,2025-09-04 13:40:00+00:00,2025-09-04 14:00:00+00:00,BUY,session_breakout,3558.0640662244755,3539.71,3591.101385428531,1.8,1.3620959897519653,0.13142357142856975,0.09035443876120358,0.9667849591769859,-25.0,-25.966784959176987,-1.0386713983670794,SL,10286.449053136828,4.3807857142856585,99.0,19.552379694708875,64.36663954936633,0.9021414340068448,1.1389943556871631
XAUUSDm,both_baseline,momentum,2025-09-12 12:20:00+00:00,2025-09-12 12:25:00+00:00,2025-09-12 13:10:00+00:00,SELL,session_breakout,3643.1968028362885,3649.349,3632.1228479416077,1.8,4.063588882921517,0.063953571428571,0.044220377997241433,2.9633908052601514,-25.0,-27.96339080526015,-1.118535632210406,SL,10258.485662331568,2.1317857142857,65.0,21.061426016204223,46.12922788475143,-0.09676661010399631,0.42208130313462
XAUUSDm,both_baseline,momentum,2025-09-25 12:50:00+00:00,2025-09-25 12:55:00+00:00,2025-09-25 18:40:00+00:00,SELL,session_breakout,3732.378902640609,3755.926,3689.994127393705,1.8,1.0617019846834543,0.14623071428571327,0.07498200224854984,0.7950348177048376,-25.0,-25.79503481770484,-1.0318013927081935,SL,10232.690627513863,4.874357142857109,100.0,19.87710691908853,40.952499898064566,-1.389479222852788,-0.17732221713760524
XAUUSDm,both_baseline,momentum,2025-10-01 12:45:00+00:00,2025-10-01 12:50:00+00:00,2025-10-02 00:50:00+00:00,SELL,session_breakout,3870.905355312528,3891.122,3834.515394875079,1.8,1.2366048069041147,0.1346742857142866,0.04330754461467479,0.9556902832770526,16.657506130178785,15.701815846901733,0.6280726338760693,TIMEOUT,10248.392443360764,4.489142857142887,96.0,18.3325867553591,43.336386544129056,-2.0906358500096553,-0.04351468926489146
XAUUSDm,both_baseline,momentum,2025-10-09 13:40:00+00:00,2025-10-09 13:45:00+00:00,2025-10-09 16:40:00+00:00,SELL,session_breakout,4031.171171300555,4057.981,3982.913479641554,1.8,0.9324938357594775,0.18705642857143076,0.11330048515882081,0.7473084536258162,45.0,44.25269154637419,1.7701076618549676,TP,10292.64513490714,6.235214285714359,100.0,19.2834809256265,69.40610482535511,1.4977340740724725,1.0551613733096423
XAUUSDm,both_baseline,momentum,2025-10-21 12:10:00+00:00,2025-10-21 12:15:00+00:00,2025-10-21 14:20:00+00:00,SELL,session_breakout,4225.283335901737,4267.064,4150.078140524863,1.8,0.5983629159460644,0.2890564285714325,0.13013588397739745,0.5011505715136955,44.99999999999989,44.498849428486196,1.779953977139448,TP,10337.143984335626,9.635214285714417,84.0,57.438051634424795,35.108269406022046,0.9974020516810143,0.281335072544301
XAUUSDm,both_baseline,momentum,2025-10-22 13:00:00+00:00,2025-10-22 13:05:00+00:00,2025-10-22 14:45:00+00:00,BUY,session_breakout,4066.5952891271345,4023.09,4144.9048095559765,1.8,0.5746427733635597,0.39714642857142374,0.2327159128484839,0.46486791901824076,-25.000000000000004,-25.464867919018243,-1.0185947167607297,SL,10311.679116416608,13.238214285714125,64.0,38.975027111375816,36.02309552426369,-0.10210139034670007,0.2588444404098373
XAUUSDm,both_baseline,momentum,2025-10-24 12:30:00+00:00,2025-10-24 12:35:00+00:00,2025-10-26 22:05:00+00:00,BUY,session_breakout,4089.9666600733817,4058.775,4146.111648205469,1.8,0.801496295522101,0.19440642857142945,0.1744568590955911,0.6555581396462238,-0.6048572531938924,-1.260415392840116,-0.050416615713604646,TIMEOUT,10310.418701023767,6.4802142857143155,74.0,42.41032507024094,40.13398750005159,1.7878279449038885,0.4542506377841778
XAUUSDm,both_baseline,momentum,2025-11-10 12:50:00+00:00,2025-11-10 12:55:00+00:00,2025-11-10 14:00:00+00:00,BUY,session_breakout,4099.934994391345,4087.377,4122.539384295766,1.8,1.9907637494431656,0.09960428571428273,0.046192248487273484,1.6299003923815516,-25.0,-26.62990039238155,-1.065196015695262,SL,10283.788800631386,3.320142857142758,42.0,48.841486735074575,72.79337030862793,0.24937615578349615,1.108672307475543
XAUUSDm,both_baseline,momentum,2025-11-14 12:10:00+00:00,2025-11-14 12:15:00+00:00,2025-11-14 13:20:00+00:00,SELL,session_breakout,4125.7742953295765,4157.72,4068.272026922814,1.8,0.7825778225247824,0.2434607142857099,0.08297431328121764,0.6412478928535477,44.99999999999986,44.35875210714631,1.7743500842858524,TP,10328.147552738532,8.115357142856997,100.0,35.25045599985121,25.763839156731578,-2.8843251885381376,-0.22969546454747222
XAUUSDm,both_baseline,momentum,2025-11-14 13:25:00+00:00,2025-11-14 13:30:00+00:00,2025-11-16 23:00:00+00:00,SELL,session_breakout,4055.3733724706008,4119.67,3939.639442917682,1.8,0.3888228817066475,0.34366928571428257,0.17079288654217784,0.31623133611291704,-8.669438968320806,-8.985670304433723,-0.35942681217734895,TIMEOUT,10319.161882434099,11.455642857142752,100.0,46.13312162979941,16.216089308071474,-6.262003694110483,-0.11760192165958215
XAUUSDm,both_baseline,momentum,2025-11-18 13:35:00+00:00,2025-11-18 13:40:00+00:00,2025-11-19 01:40:00+00:00,BUY,session_breakout,4066.1903626633543,4029.089,4132.972815457392,1.8,0.6738296980313583,0.20224714285714396,0.1022390919254461,0.547929764497238,-0.5420034505557729,-1.0899332150530108,-0.04359732860212043,TIMEOUT,10318.071949219046,6.741571428571466,98.0,23.99220544731655,62.81063649342844,-0.13627750031537555,0.967652877441068
XAUUSDm,both_baseline,momentum,2025-11-19 13:10:00+00:00,2025-11-19 13:15:00+00:00,2025-11-19 14:55:00+00:00,SELL,session_breakout,4102.941736439969,4120.01,4072.218862031912,1.8,1.4647067003665302,0.13318928571428126,0.10166891717355755,1.2044212505154217,-24.999999999999996,-26.204421250515416,-1.0481768500206168,SL,10291.86752796853,4.439642857142709,70.0,38.20990375075074,64.01986501558459,0.14467682996041198,0.6993300976049365
XAUUSDm,both_baseline,momentum,2025-12-03 13:50:00+00:00,2025-12-03 13:55:00+00:00,2025-12-03 14:50:00+00:00,BUY,session_breakout,4236.201202345871,4211.353,4280.927966568439,1.8,1.0061089994365031,0.14135571428571309,0.09752448872773059,0.8499160306207832,-25.0,-25.849916030620783,-1.0339966412248314,SL,10266.01761193791,4.711857142857103,100.0,27.83795219721161,67.91129580761022,2.4156585806713253,1.1041584236375452
XAUUSDm,both_baseline,momentum,2025-12-16 13:20:00+00:00,2025-12-16 13:25:00+00:00,2025-12-16 14:15:00+00:00,BUY,session_breakout,4301.041734985879,4289.067,4322.596257960461,1.8,2.0877288749588936,0.10657071428571661,0.09044962873595015,1.8003818045066633,45.0,43.199618195493336,1.7279847278197336,TP,10309.217230133403,3.5523571428572205,63.0,29.460394202997385,64.86982982778812,2.544068042031747,1.0165745778969073
XAUUSDm,both_baseline,momentum,2025-12-23 13:50:00+00:00,2025-12-23 13:55:00+00:00,2025-12-23 14:55:00+00:00,SELL,session_breakout,4478.853611996486,4497.359,4445.543913590159,1.8,1.3509578937362285,0.16868357142857154,0.12904621780011893,1.2056485284031344,45.00000000000025,43.79435147159712,1.7517740588638846,TP,10353.011581605,5.622785714285718,100.0,24.530324010148064,55.66761543269887,0.1292730498633876,0.7498370921988308
XAUUSDm,both_baseline,momentum,2025-12-29 13:40:00+00:00,2025-12-29 13:45:00+00:00,2025-12-29 14:40:00+00:00,SELL,session_breakout,4429.260487061959,4467.761,4359.959563773484,1.8,0.6493419981243427,0.21624642857142654,0.12638972375476445,0.5707209709764024,45.000000000000234,44.42927902902383,1.7771711611609533,TP,10397.440860634024,7.208214285714218,73.0,42.45223459079032,37.61736809820545,1.112018032063828,0.15217143219325885
XAUUSDm,both_baseline,momentum,2026-01-07 12:15:00+00:00,2026-01-07 12:20:00+00:00,2026-01-07 16:20:00+00:00,SELL,session_breakout,4442.014749360292,4455.798,4417.204898208817,1.8,1.8137956461429858,0.13742785714285674,0.11953671113753699,1.6138814024985249,-25.0,-26.613881402498524,-1.064555256099941,SL,10370.826979231526,4.580928571428558,75.0,24.219487564866068,32.86223678729601,-1.4335281499890407,-0.10037374274027626
XAUUSDm,both_baseline,momentum,2026-01-08 13:20:00+00:00,2026-01-08 13:25:00+00:00,2026-01-08 16:30:00+00:00,BUY,session_breakout,4432.1925643660525,4417.26,4459.071180224946,1.8,1.6741933526725725,0.1653042857142873,0.06891222319556652,1.4885694658052897,44.99999999999939,43.5114305341941,1.7404572213677638,TP,10414.33840976572,5.51014285714291,83.0,28.359410028489833,43.20439623326093,-0.05574883906273653,0.18657399802563449
XAUUSDm,both_baseline,momentum,2026-01-12 13:45:00+00:00,2026-01-12 13:50:00+00:00,2026-01-12 14:10:00+00:00,BUY,session_breakout,4614.538484774171,4595.895,4648.096757367677,1.8,1.3409510240615763,0.15747642857142571,0.04974655988522907,1.2350740213458957,-24.999999999999996,-26.23507402134589,-1.0494029608538358,SL,10388.103335744374,5.24921428571419,100.0,25.538314763185657,67.64546279014002,1.1930929180089196,1.0530617095501644
XAUUSDm,both_baseline,momentum,2026-01-30 13:20:00+00:00,2026-01-30 13:25:00+00:00,2026-01-30 17:43:00+00:00,SELL,session_breakout,5025.543380445478,5117.524,4859.978265247338,1.8,0.271796386250486,0.8836500000000017,0.32079455452207767,0.26868490595002653,44.99999999999991,44.73131509404988,1.7892526037619951,TP,10432.834650838424,29.45500000000006,71.0,48.48365673984146,42.10586809757982,5.5600779323626774,0.4495400746528564
XAUUSDm,both_baseline,momentum,2026-02-04 12:30:00+00:00,2026-02-04 12:35:00+00:00,2026-02-04 12:59:00+00:00,BUY,session_breakout,5062.923031461973,5037.48,5108.720488093524,1.8,0.9825873161916563,0.28187571428571706,0.22709360482995392,0.9924527907138289,-25.0,-25.99245279071383,-1.0396981116285533,SL,10406.84219804771,9.395857142857235,45.0,27.185615352908528,47.82569628648915,-2.952932270049402,0.33733891145960715
XAUUSDm,both_baseline,momentum,2026-02-17 13:55:00+00:00,2026-02-17 14:00:00+00:00,2026-02-18 02:00:00+00:00,SELL,session_breakout,4869.877790790018,4924.239,4772.02761421205,1.8,0.45988675313369237,0.3260078571428546,0.2032052814109885,0.44879473491357097,-8.76277840710882,-9.211573142022392,-0.36846292568089567,TIMEOUT,10397.630624905689,10.866928571428486,88.0,20.56358489368482,45.77712818824828,-0.008927311388252979,0.3242122350963766
XAUUSDm,both_baseline,momentum,2026-02-18 13:05:00+00:00,2026-02-18 13:10:00+00:00,2026-02-19 01:10:00+00:00,BUY,session_breakout,4955.1880070497555,4917.985,5022.153419739316,1.8,0.6719886907680518,0.21361500000000172,0.08819954975478471,0.6664673633629608,5.013030895773811,4.34656353241085,0.173862541296434,TIMEOUT,10401.977188438099,7.120500000000058,100.0,18.559749289996407,69.74598867445299,1.7120448588973587,1.2915325609585622
XAUUSDm,both_baseline,momentum,2026-02-19 13:35:00+00:00,2026-02-19 13:40:00+00:00,2026-02-19 14:30:00+00:00,BUY,session_breakout,4994.704105243283,4971.705,5036.102494681193,1.8,1.0869988086732636,0.19561928571427936,0.127295600425898,1.0833474824149818,-25.0,-26.083347482414982,-1.0433338992965993,SL,10375.893840955683,6.520642857142645,99.0,31.84451899181582,41.57239214445105,-1.3437890117263738,0.29750587756902475
XAUUSDm,both_baseline,momentum,2026-02-24 13:35:00+00:00,2026-02-24 13:40:00+00:00,2026-02-24 14:13:00+00:00,SELL,session_breakout,5138.423030398959,5161.12,5097.568485117085,1.8,1.1014686294884648,0.2371114285714267,0.09641388675555407,1.127462354605101,44.999999999999595,43.872537645394495,1.7549015058157797,TP,10419.766378601078,7.903714285714224,92.0,28.697801795800675,38.462225944107544,-1.5018241050500643,0.07621202290591408
XAUUSDm,both_baseline,momentum,2026-02-27 13:15:00+00:00,2026-02-27 13:20:00+00:00,2026-03-01 23:01:00+00:00,BUY,session_breakout,5218.654637006121,5182.863,5283.079583617139,1.8,0.6984871911760964,0.15895071428571358,0.12516164897892557,0.7335326838241034,44.999999999999744,44.26646731617564,1.7706586926470258,TP,10464.032845917254,5.29835714285712,96.0,21.011152787242228,76.85786507947311,3.0871142504707265,1.4424883213652238
XAUUSDm,both_baseline,momentum,2026-03-06 13:30:00+00:00,2026-03-06 13:35:00+00:00,2026-03-08 22:03:00+00:00,BUY,session_breakout,5124.062030090054,5065.362,5229.72208425215,1.8,0.4258941598777156,0.3191828571428576,0.19543866148181196,0.43884202505017184,23.804063568707036,23.365221543656865,0.9346088617462747,TIMEOUT,10487.398067460912,10.639428571428587,100.0,32.269028977247274,44.44919040340553,-0.053648268511880204,0.32464069546954843
XAUUSDm,both_baseline,momentum,2026-03-11 12:55:00+00:00,2026-03-11 13:00:00+00:00,2026-03-12 01:00:00+00:00,SELL,session_breakout,5166.937364405824,5196.653,5113.449220336307,1.8,0.8413079343623294,0.24058499999999836,0.13634309417629464,0.8688721575275608,5.249226779997493,4.380354622469933,0.1752141848987973,TIMEOUT,10491.778422083382,8.019499999999946,100.0,33.44240933449603,42.32796600339126,0.33181110146247006,0.14044657019767695
XAUUSDm,both_baseline,momentum,2026-03-18 12:05:00+00:00,2026-03-18 12:10:00+00:00,2026-03-18 20:28:00+00:00,SELL,session_breakout,4913.137669325803,4966.259,4817.519274112247,1.8,0.4706207409097004,0.37023642857142863,0.18921245991148256,0.4579448980258936,44.999999999999915,44.54205510197402,1.7816822040789608,TP,10536.320477185356,12.341214285714289,100.0,40.301700145599256,15.774514626102857,-6.111281237924068,-0.12281802998373802
XAUUSDm,both_baseline,momentum,2026-03-19 12:00:00+00:00,2026-03-19 12:05:00+00:00,2026-03-19 13:02:00+00:00,SELL,session_breakout,4629.970035462909,4695.267,4512.435499296147,1.8,0.38286618952706974,0.40764214285714323,0.3021434656623214,0.3500317970204393,44.999999999999865,44.64996820297942,1.785998728119177,TP,10580.970445388335,13.58807142857144,45.0,62.785720474995564,23.12282323957868,-0.3421923205306143,0.07155013661130145
XAUUSDm,both_baseline,momentum,2026-03-20 13:30:00+00:00,2026-03-20 13:35:00+00:00,2026-03-20 14:15:00+00:00,SELL,session_breakout,4644.864585460504,4681.746,4578.478039289411,1.8,0.6778481875533139,0.32604642857143384,0.18039132520955817,0.6252026081369956,44.99999999999975,44.37479739186276,1.7749918956745103,TP,10625.345242780199,10.868214285714462,70.0,18.014851889985096,42.506104760197296,-0.1819259109801532,0.28092310608082127
XAUUSDm,both_baseline,momentum,2026-03-30 13:40:00+00:00,2026-03-30 13:45:00+00:00,2026-03-31 00:23:00+00:00,SELL,session_breakout,4544.303643446579,4578.633,4482.510801650423,1.8,0.7282396907468136,0.28368857142857123,0.10251226770620132,0.657368455992631,44.999999999999865,44.34263154400723,1.7737052617602893,TP,10669.687874324205,9.456285714285709,89.0,42.69311928505708,65.79862997566858,1.2984776228032047,0.8242857290566448
XAUUSDm,both_baseline,momentum,2026-04-09 13:35:00+00:00,2026-04-09 13:40:00+00:00,2026-04-10 01:40:00+00:00,BUY,session_breakout,4770.258389146939,4738.562,4827.31188961143,1.8,0.788733375404495,0.22024499999999989,0.08426664693877299,0.7527326176575253,2.402174928303113,1.6494423106455878,0.0659776924258235,TIMEOUT,10671.33731663485,7.341499999999996,85.0,19.548493915416145,61.150039063530585,0.7966545701716576,0.8476276026010289
XAUUSDm,both_baseline,momentum,2026-04-17 12:45:00+00:00,2026-04-17 12:50:00+00:00,2026-04-19 22:01:00+00:00,BUY,session_breakout,4836.564901924644,4800.857,4900.839125389003,1.8,0.7001251446460979,0.21645000000000436,0.21067692464422394,0.6747401403100463,-25.0,-25.674740140310046,-1.026989605612402,SL,10645.66257649454,7.2150000000001455,100.0,20.33483815266089,74.81297830224916,3.4245626246058656,1.2057288622126627
XAUUSDm,both_baseline,momentum,2026-04-20 13:25:00+00:00,2026-04-20 13:30:00+00:00,2026-04-20 14:51:00+00:00,BUY,session_breakout,4824.453508594206,4799.549,4869.281624063778,1.8,1.0038343019470801,0.2057849999999988,0.1926160942060843,0.9660903840151615,-25.0,-25.96609038401516,-1.0386436153606065,SL,10619.696486110524,6.859499999999961,99.0,18.41847392036155,65.54160011672974,1.8654484365508428,1.0762242804859457
XAUUSDm,both_baseline,momentum,2026-04-29 12:50:00+00:00,2026-04-29 12:55:00+00:00,2026-04-30 00:45:00+00:00,SELL,session_breakout,4544.914357839637,4568.888,4501.761801950984,1.8,1.0428119278986319,0.17339357142857026,0.13694537464841713,0.950398180726585,-25.0,-25.950398180726584,-1.0380159272290634,SL,10593.746087929798,5.7797857142856754,95.0,20.702548664922677,37.018509482495936,0.11859892273821071,0.07616364644450102
XAUUSDm,both_baseline,momentum,2026-05-01 13:50:00+00:00,2026-05-01 13:55:00+00:00,2026-05-03 22:03:00+00:00,BUY,session_breakout,4617.019888802445,4586.483,4671.986288646846,1.8,0.8186819607503149,0.22602857142856853,0.1098745167306952,0.7567408019691871,7.6662289158981824,6.909488113928996,0.2763795245571598,TIMEOUT,10600.655576043726,7.534285714285618,100.0,38.294848342025965,64.64386456732902,4.522599424245453,1.0699495578250033
XAUUSDm,both_rsi_macd,momentum,2025-01-03 13:35:00+00:00,2025-01-03 13:40:00+00:00,2025-01-05 23:05:00+00:00,SELL,session_breakout,2644.9568739226193,2656.394,2624.3700469833343,1.8,2.1858638114904663,0.07387714285714213,0.06218750595216532,1.1554128279604594,8.902747716216613,7.7473348882561535,0.3098933955302461,TIMEOUT,10007.747334888256,2.462571428571404,100.0,22.9170313112483,32.757845219330136,-0.2116379730791943,-0.12462227529607396
XAUUSDm,both_rsi_macd,momentum,2025-01-07 13:10:00+00:00,2025-01-07 13:15:00+00:00,2025-01-07 15:00:00+00:00,BUY,session_breakout,2654.9589636422224,2647.585,2668.232098198223,1.8,3.3903069248745794,0.06860785714285579,0.04165971365116851,1.7977251519388127,-25.0,-26.797725151938813,-1.0719090060775525,SL,9980.949609736317,2.2869285714285263,100.0,29.35827353571139,73.87488342939687,0.6410938942025186,1.0750465122481387
XAUUSDm,both_rsi_macd,momentum,2025-01-13 12:00:00+00:00,2025-01-13 12:05:00+00:00,2025-01-13 17:35:00+00:00,SELL,session_breakout,2673.0580294992337,2680.55,2659.572482597854,1.8,3.3369058243678893,0.06136285714285707,0.0552890721947306,1.7794485815018692,45.0,43.22055141849813,1.7288220567399253,TP,10024.170161154816,2.045428571428569,66.0,19.272499199964653,29.742003769230635,-0.8310377867980376,0.053679440755844784
XAUUSDm,both_rsi_macd,momentum,2025-01-23 13:10:00+00:00,2025-01-23 13:15:00+00:00,2025-01-23 14:30:00+00:00,SELL,session_breakout,2740.6643872582235,2746.514,2730.1350843230257,1.8,4.273787189612704,0.08819785714285834,0.06951381320493961,2.3451032698583893,-25.0,-27.345103269858388,-1.0938041307943356,SL,9996.825057884958,2.9399285714286116,100.0,21.034694030739566,38.04067255800109,-0.48469859800545245,0.2035148580036898
XAUUSDm,both_rsi_macd,momentum,2025-01-24 13:40:00+00:00,2025-01-24 13:45:00+00:00,2025-01-24 14:15:00+00:00,BUY,session_breakout,2783.964511117432,2777.85,2794.970631128809,1.8,4.0886343192225665,0.05255785714285528,0.01923218886031703,2.2740225687304814,-25.0,-27.27402256873048,-1.0909609027492193,SL,9969.551035316228,1.7519285714285096,50.0,34.62164324979766,71.63787260500625,0.47904578272105924,1.0203166261648962
XAUUSDm,both_rsi_macd,momentum,2025-02-03 12:35:00+00:00,2025-02-03 12:40:00+00:00,2025-02-03 14:45:00+00:00,BUY,session_breakout,2808.0859707648915,2800.096,2822.4679181416964,1.8,3.128922587533335,0.06067071428571547,0.05963540774855266,1.7617567243323484,45.00000000000057,43.23824327566822,1.7295297310267288,TP,10012.789278591896,2.0223571428571825,47.0,32.5962657261514,67.71926199504392,0.30412368828532,0.9052399724279602
XAUUSDm,both_rsi_macd,momentum,2025-02-11 12:45:00+00:00,2025-02-11 12:50:00+00:00,2025-02-11 13:15:00+00:00,SELL,session_breakout,2896.6851172331176,2904.236,2883.0935282527294,1.8,3.310871161932013,0.08019428571428665,0.06678562402521694,1.913610243968956,45.0000000000003,43.086389756031345,1.7234555902412538,TP,10055.875668347928,2.673142857142888,57.99999999999999,33.99080280425428,32.94543234643815,-0.3521815151620178,0.08929286822643502
XAUUSDm,both_rsi_macd,momentum,2025-02-12 13:15:00+00:00,2025-02-12 13:20:00+00:00,2025-02-12 14:00:00+00:00,SELL,session_breakout,2874.143989168886,2885.902,2852.9795696728806,1.8,2.126209982205926,0.08443714285714382,0.0717922596848433,1.2247067280136095,-25.0,-26.224706728013608,-1.0489882691205443,SL,10029.650961619915,2.814571428571461,97.0,21.687231563201554,38.703743236227076,-0.21785103137107997,0.13171253003789052
XAUUSDm,both_rsi_macd,momentum,2025-02-14 13:40:00+00:00,2025-02-14 13:45:00+00:00,2025-02-14 16:45:00+00:00,SELL,session_breakout,2917.8789241416507,2933.321,2890.0831875966223,1.8,1.6189533213880074,0.10798928571428665,0.04208121549231228,0.9402819551294382,44.99999999999971,44.05971804487027,1.7623887217948109,TP,10073.710679664784,3.5996428571428885,100.0,18.863435153374482,38.3772446518707,-1.0692048219661572,0.03008536303792494
XAUUSDm,both_rsi_macd,momentum,2025-02-24 13:55:00+00:00,2025-02-24 14:00:00+00:00,2025-02-24 14:20:00+00:00,BUY,session_breakout,2954.474494066893,2946.923,2968.0671833873007,1.8,3.310603144032599,0.07127785714285698,0.04385513832118741,1.9537185098043957,-25.0,-26.953718509804396,-1.078148740392176,SL,10046.756961154979,2.375928571428566,88.0,20.21311523242239,65.98017486570262,0.6907560286398791,0.9636195525257545
XAUUSDm,both_rsi_macd,momentum,2025-02-28 13:55:00+00:00,2025-02-28 14:00:00+00:00,2025-03-02 23:05:00+00:00,SELL,session_breakout,2848.537127888001,2862.252,2823.850358086403,1.8,1.822838725424794,0.11124642857142752,0.06224889771347967,1.0409847575049134,-25.0,-26.040984757504912,-1.0416393903001966,SL,10020.715976397474,3.708214285714251,100.0,22.36242762047043,39.75545140571474,-0.2677855039121104,0.04820172717828786
XAUUSDm,both_rsi_macd,momentum,2025-03-05 13:30:00+00:00,2025-03-05 13:35:00+00:00,2025-03-05 15:05:00+00:00,SELL,session_breakout,2908.6455746899524,2917.269,2893.123409131867,1.8,2.899080017643536,0.08657571428571535,0.08213745290490711,1.6889792527981882,-25.0,-26.688979252798188,-1.0675591701119276,SL,9994.026997144676,2.8858571428571786,100.0,18.538773727042578,43.93629023328979,-0.3781006787172526,0.14282743569313303
XAUUSDm,both_rsi_macd,momentum,2025-03-21 13:45:00+00:00,2025-03-21 13:50:00+00:00,2025-03-23 22:05:00+00:00,SELL,session_breakout,3010.662633592263,3036.851,2963.5235740583357,1.8,0.9546223544746896,0.11942571428571715,0.08965355059421982,0.5760714070169513,-12.622366551881276,-13.198437958898227,-0.5279375183559291,TIMEOUT,9980.828559185778,3.9808571428572384,100.0,18.011965333720443,24.904046949468253,-1.1214333931096045,-0.4606342621081753
XAUUSDm,both_rsi_macd,momentum,2025-04-03 12:20:00+00:00,2025-04-03 12:25:00+00:00,2025-04-03 14:00:00+00:00,SELL,session_breakout,3080.657633237676,3097.309,3050.6851730654917,1.8,1.5013782566224716,0.14053499999999824,0.12309926232470972,0.9275464773282184,-25.0,-25.927546477328217,-1.0371018590931287,SL,9954.90101270845,4.684499999999941,68.0,45.51265925747012,23.930871866694673,-2.5248489201079405,0.10188674597702356
XAUUSDm,both_rsi_macd,momentum,2025-04-11 13:30:00+00:00,2025-04-11 13:35:00+00:00,2025-04-11 13:50:00+00:00,BUY,session_breakout,3240.57502355378,3225.711,3267.330265950584,1.8,1.6819133735590923,0.17203285714285552,0.10500712520823983,1.0875732940273346,-25.0,-26.087573294027333,-1.0435029317610933,SL,9928.813439414422,5.734428571428517,74.0,26.486869484803904,58.91642100189986,0.8095400575604419,0.7853831925321447
XAUUSDm,both_rsi_macd,momentum,2025-04-21 13:00:00+00:00,2025-04-21 13:05:00+00:00,2025-04-22 01:05:00+00:00,BUY,session_breakout,3421.3231887393063,3398.008,3463.290528470058,1.8,1.0722623899609773,0.13261714285714366,0.06088016787786763,0.7348762286861907,11.649928488866518,10.915052260180328,0.43660209040721315,TIMEOUT,9939.728491674601,4.4205714285714555,100.0,28.364920124046165,71.43754187175264,0.9142115246842142,1.169734546144338
XAUUSDm,both_rsi_macd,momentum,2025-04-23 13:25:00+00:00,2025-04-23 13:30:00+00:00,2025-04-23 14:00:00+00:00,SELL,session_breakout,3299.650557557337,3320.54,3262.0495611605434,1.8,1.196776796155261,0.2031985714285695,0.13984315694891544,0.785289044541078,45.00000000000011,44.214710955459026,1.768588438218361,TP,9983.94320263006,6.773285714285651,78.0,22.560104668224394,38.472119460777044,-1.5238509308195778,-0.0667903918190932
XAUUSDm,both_rsi_macd,momentum,2025-04-30 12:00:00+00:00,2025-04-30 12:05:00+00:00,2025-04-30 12:15:00+00:00,SELL,session_breakout,3267.63309547341,3281.671,3242.364867325548,1.8,1.7808925792767822,0.11945999999999815,0.04117452658994271,1.1663607063055634,-25.0,-26.166360706305564,-1.0466544282522225,SL,9957.776841923755,3.9819999999999385,85.0,43.24131785778276,32.44409341388052,-0.061827532356907966,0.234740852006713
XAUUSDm,both_rsi_macd,momentum,2025-05-02 13:00:00+00:00,2025-05-02 13:05:00+00:00,2025-05-02 14:55:00+00:00,SELL,session_breakout,3243.963826525716,3263.926,3208.0319142720045,1.8,1.2523686377240328,0.15889714285714296,0.13972490285553385,0.8150277116504103,-25.000000000000004,-25.815027711650416,-1.0326011084660165,SL,9931.961814212103,5.296571428571432,100.0,20.422343309001352,39.731321337788366,-1.539648964363431,-0.16645070860980468
XAUUSDm,both_rsi_macd,momentum,2025-05-08 13:30:00+00:00,2025-05-08 13:35:00+00:00,2025-05-08 15:25:00+00:00,BUY,session_breakout,3366.663053747595,3347.274,3401.5633504932657,1.8,1.289387317475512,0.1554171428571424,0.1153451761664302,0.8656865287431054,-25.000000000000004,-25.865686528743108,-1.0346274611497241,SL,9906.09612768336,5.1805714285714135,74.0,26.396879957534892,60.62923302062172,3.5469760640009005,1.0038776141220136
XAUUSDm,both_rsi_macd,momentum,2025-05-14 12:50:00+00:00,2025-05-14 12:55:00+00:00,2025-05-15 00:55:00+00:00,SELL,session_breakout,3186.1590281961426,3221.493,3122.557878949199,1.8,0.7075343847212439,0.21265500000000104,0.1766443038574995,0.4509814990215948,-1.180854938359352,-1.6318364373809469,-0.06527345749523787,TIMEOUT,9904.46429124598,7.088500000000034,100.0,20.548243138493692,21.7966907090199,-3.1392402524396763,-0.24799634771238527
XAUUSDm,both_rsi_macd,momentum,2025-05-15 12:30:00+00:00,2025-05-15 12:35:00+00:00,2025-05-15 14:10:00+00:00,BUY,session_breakout,3186.2057464690142,3176.286,3204.06129011324,1.8,2.52022570113977,0.11138142857143066,0.06105575472861116,1.6104915222740874,45.000000000000455,43.389508477726366,1.7355803391090547,TP,9947.853799723707,3.7127142857143554,40.0,27.853226835020156,68.81050263627738,1.490451662530604,0.7884946739690148
XAUUSDm,both_rsi_macd,momentum,2025-05-28 13:35:00+00:00,2025-05-28 13:40:00+00:00,2025-05-28 20:50:00+00:00,SELL,session_breakout,3303.6476046056046,3316.438,3280.6248928956925,1.8,1.954591647022454,0.11382000000000095,0.11148539439564044,1.2869564025335707,45.00000000000018,43.71304359746661,1.7485217438986644,TP,9991.566843321174,3.7940000000000316,98.0,19.47008735358178,39.42368282898113,-1.436846244664989,0.07679810677214866
XAUUSDm,both_rsi_macd,momentum,2025-05-29 12:15:00+00:00,2025-05-29 12:20:00+00:00,2025-05-29 16:05:00+00:00,BUY,session_breakout,3308.86728368562,3298.541,3327.4545943197354,1.8,2.4210065073860725,0.10334357142857113,0.0956118999055796,1.6066578451759528,45.0,43.39334215482405,1.735733686192962,TP,10034.960185475999,3.4447857142857043,100.0,33.53063891306181,71.54485220906108,1.4941413587731533,0.9269290857964989
XAUUSDm,both_rsi_macd,momentum,2025-06-16 13:50:00+00:00,2025-06-16 13:55:00+00:00,2025-06-17 01:55:00+00:00,SELL,session_breakout,3389.697373301456,3417.401,3339.8308452440774,1.8,0.9024089254463613,0.17297357142857242,0.14613991282950897,0.6121388408018457,-3.602079559815889,-4.214218400617734,-0.16856873602470937,TIMEOUT,10030.745967075381,5.765785714285747,100.0,35.415918947083775,36.59225033595702,-0.02729251356991691,-0.1140431756732553
XAUUSDm,both_rsi_macd,momentum,2025-06-20 13:50:00+00:00,2025-06-20 13:55:00+00:00,2025-06-22 22:05:00+00:00,BUY,session_breakout,3372.0480819208583,3348.68,3414.1106293784037,1.8,1.0698353456936867,0.11116928571428453,0.048497278001263536,0.7224859216935645,9.786766100576,9.064280178882434,0.36257120715529745,TIMEOUT,10039.810247254263,3.7056428571428177,98.0,19.55623931036536,65.43840660534195,0.9994241066125626,1.08557930623339
XAUUSDm,both_rsi_macd,momentum,2025-06-23 13:50:00+00:00,2025-06-23 13:55:00+00:00,2025-06-23 22:00:00+00:00,BUY,session_breakout,3385.461823094293,3363.575,3424.85810466402,1.8,1.1422397801770832,0.11966142857142585,0.07499238000661443,0.7709018337218265,-25.0,-25.770901833721826,-1.030836073348873,SL,10014.039345420542,3.9887142857141953,100.0,19.594011510915283,64.93271798242489,0.2646395893747653,1.014401231919862
XAUUSDm,both_rsi_macd,momentum,2025-06-24 12:30:00+00:00,2025-06-24 12:35:00+00:00,2025-06-24 19:30:00+00:00,SELL,session_breakout,3307.7036451566555,3321.86,3282.222206438635,1.8,1.7659913358101045,0.12322071428571267,0.040744486201808275,1.170775195754831,-25.0,-26.170775195754832,-1.0468310078301932,SL,9987.868570224788,4.107357142857089,82.0,38.064296195118644,30.183242349490655,-0.15626695824684944,-0.06827947399461992
XAUUSDm,both_rsi_macd,momentum,2025-06-26 13:05:00+00:00,2025-06-26 13:10:00+00:00,2025-06-27 01:10:00+00:00,SELL,session_breakout,3317.8581047811986,3344.056,3270.701893387356,1.8,0.9542751351283448,0.15296785714285566,0.062411290229719384,0.6331045919310989,1.2530632425158648,0.6199586505847658,0.024798346023390636,TIMEOUT,9988.488528875372,5.098928571428522,100.0,18.53667304092629,32.31923122924104,-1.6292287521871331,-0.2536657687353647
XAUUSDm,both_rsi_macd,momentum,2025-06-27 13:00:00+00:00,2025-06-27 13:05:00+00:00,2025-06-27 17:50:00+00:00,SELL,session_breakout,3263.4771222717286,3281.329,3231.3437423608398,1.8,1.4004129078482384,0.15325285714285722,0.119251299699848,0.9165430972993506,-25.0,-25.91654309729935,-1.036661723891974,SL,9962.571985778073,5.108428571428574,100.0,47.54438431555311,29.818350801355464,-0.7842089567578743,-0.12338134543097344
XAUUSDm,both_rsi_macd,momentum,2025-07-11 12:45:00+00:00,2025-07-11 12:50:00+00:00,2025-07-13 22:05:00+00:00,BUY,session_breakout,3356.046244922511,3344.356,3377.0886857830305,1.8,2.13853517746748,0.09554357142856848,0.07847313679676177,1.4365897142126982,11.851238178119551,10.414648463906854,0.4165859385562742,TIMEOUT,9972.986634241981,3.184785714285616,100.0,24.363230310504886,64.84391677031199,0.5463278730354175,0.960168473990999
XAUUSDm,both_rsi_macd,momentum,2025-07-14 12:35:00+00:00,2025-07-14 12:40:00+00:00,2025-07-15 00:40:00+00:00,SELL,session_breakout,3351.417271353592,3368.025,3321.523359790057,1.8,1.5053232463192168,0.09729428571428668,0.09508150355145095,1.008325463097302,6.6780223955414,5.669696932444098,0.22678787729776392,TIMEOUT,9978.656331174425,3.2431428571428893,100.0,21.65202251038262,36.7651028728244,-1.4793085902268142,-0.17231518849245445
XAUUSDm,both_rsi_macd,momentum,2025-07-15 12:05:00+00:00,2025-07-15 12:10:00+00:00,2025-07-15 12:30:00+00:00,SELL,session_breakout,3352.730059956986,3359.335,3340.8411678795615,1.8,3.785045713843086,0.0592757142857129,0.03130218587093989,2.540547308622613,-25.0,-27.540547308622614,-1.1016218923449046,SL,9951.115783865802,1.9758571428570966,59.0,20.971755145144762,38.26022884135366,-1.1419082294695684,-0.14025913326344902
XAUUSDm,both_rsi_macd,momentum,2025-07-15 12:35:00+00:00,2025-07-15 12:40:00+00:00,2025-07-15 15:35:00+00:00,SELL,session_breakout,3347.96095825689,3360.387,3325.594083119292,1.8,2.01190375155965,0.10199142857143151,0.05704602882408364,1.3426550423984556,44.99999999999982,43.65734495760137,1.7462937983040547,TP,9994.773128823403,3.3997142857143836,100.0,24.614335357064114,39.25445277239253,-1.3378372695728586,0.04740862915207159
XAUUSDm,both_rsi_macd,momentum,2025-07-18 12:00:00+00:00,2025-07-18 12:05:00+00:00,2025-07-18 14:15:00+00:00,BUY,session_breakout,3358.2954684992083,3351.982,3369.659711797783,1.8,3.959788506608535,0.058890000000000914,0.037023499208223204,2.657127959591738,-25.0,-27.657127959591737,-1.1062851183836695,SL,9967.11600086381,1.9630000000000305,82.0,31.83987434693921,65.66484639860758,0.08776952459067822,0.8292849528012146
XAUUSDm,both_rsi_macd,momentum,2025-07-21 12:15:00+00:00,2025-07-21 12:20:00+00:00,2025-07-21 13:45:00+00:00,BUY,session_breakout,3378.22809467708,3370.859,3391.4924650958246,1.8,3.392546994647282,0.06443571428571561,0.027876819937211562,2.2966595139659485,44.999999999999694,42.703340486033746,1.70813361944135,TP,10009.819341349845,2.147857142857187,90.0,27.99741884698307,72.64095252303622,0.78196598398219,1.059017740570561
XAUUSDm,both_rsi_macd,momentum,2025-07-22 12:40:00+00:00,2025-07-22 12:45:00+00:00,2025-07-22 14:30:00+00:00,BUY,session_breakout,3403.78569226766,3391.033,3426.7405383494483,1.8,1.9603703653539841,0.07822285714285596,0.030580839089005763,1.3390361202274834,44.999999999999645,43.66096387977216,1.7464385551908865,TP,10053.480305229617,2.607428571428532,100.0,21.18492615692123,77.24575759468715,1.331174428430191,1.3866050869238487
XAUUSDm,both_rsi_macd,momentum,2025-07-28 13:30:00+00:00,2025-07-28 13:35:00+00:00,2025-07-28 13:50:00+00:00,SELL,session_breakout,3324.255526141,3330.639,3312.765273194799,1.8,3.916362869529329,0.08868000000000101,0.0561338590004017,2.599298182281259,45.0,42.40070181771874,1.6960280727087496,TP,10095.881007047336,2.9560000000000337,99.0,24.688991825086365,32.077127050541364,-0.8864486601692667,0.07497463932984386
XAUUSDm,both_rsi_macd,momentum,2025-08-01 12:30:00+00:00,2025-08-01 12:35:00+00:00,2025-08-03 22:05:00+00:00,BUY,session_breakout,3328.1052859740257,3296.811,3384.435000727272,1.8,0.7988678834452442,0.12649285714285852,0.058039545454568305,0.5345629463736618,28.196612358618562,27.6620494122449,1.106481976489796,TIMEOUT,10123.54305645958,4.216428571428618,100.0,27.262211762494214,68.45716266954378,0.7339243643271642,0.8669947148323274
XAUUSDm,both_rsi_macd,momentum,2025-08-04 13:00:00+00:00,2025-08-04 13:05:00+00:00,2025-08-05 01:05:00+00:00,BUY,session_breakout,3372.3706436042967,3361.037,3392.771202092031,1.8,2.2058219644847377,0.08956285714285676,0.06886217572548216,1.4898133996916236,20.435520824457534,18.94570742476591,0.7578282969906365,TIMEOUT,10142.488763884347,2.985428571428559,100.0,18.452596237814085,60.96213883843053,0.4707971561554465,0.8562218651093784
XAUUSDm,both_rsi_macd,momentum,2025-08-20 12:00:00+00:00,2025-08-20 12:05:00+00:00,2025-08-20 13:40:00+00:00,BUY,session_breakout,3334.5944088392534,3328.646,3345.301544749909,1.8,4.2028045945709405,0.05190642857142652,0.03145562496769403,2.807429740500037,44.99999999999962,42.19257025949959,1.6877028103799836,TP,10184.681334143846,1.7302142857142175,98.0,33.17162831817436,68.4420198452082,0.3701990823474315,1.1136787877055536
XAUUSDm,both_rsi_macd,momentum,2025-08-28 12:05:00+00:00,2025-08-28 12:10:00+00:00,2025-08-28 12:30:00+00:00,BUY,session_breakout,3408.127785347381,3401.401,3420.2359989726674,1.8,3.716485469501747,0.06637285714285845,0.058598918809901486,2.5307514784897425,-25.0,-27.53075147848974,-1.1012300591395896,SL,10157.150582665357,2.212428571428615,100.0,28.685871396469178,68.16456252860775,0.5497436441172461,0.9611050256929691
XAUUSDm,both_rsi_macd,momentum,2025-08-29 13:30:00+00:00,2025-08-29 13:35:00+00:00,2025-08-29 14:10:00+00:00,BUY,session_breakout,3421.0463842005943,3413.653,3434.354475761664,1.8,3.3814014423854526,0.08168142857142845,0.06454348630861106,2.3180862356006853,44.99999999999938,42.68191376439869,1.7072765505759477,TP,10199.832496429755,2.7227142857142814,100.0,20.979330941647344,65.202813016802,1.3241182064005785,0.9999825834624807
XAUUSDm,both_rsi_macd,momentum,2025-09-03 13:05:00+00:00,2025-09-03 13:10:00+00:00,2025-09-03 18:05:00+00:00,BUY,session_breakout,3555.7439691712934,3543.887,3577.0865136796215,1.8,2.108464620160028,0.11580857142856921,0.06006488557884681,1.5039320714690123,45.000000000000384,43.496067928531374,1.739842717141255,TP,10243.328564358286,3.86028571428564,100.0,19.288601585619453,66.08535208852643,0.808922495360366,0.9423761839260706
XAUUSDm,both_rsi_macd,momentum,2025-09-04 13:35:00+00:00,2025-09-04 13:40:00+00:00,2025-09-04 14:00:00+00:00,BUY,session_breakout,3558.089703845962,3539.71,3591.1731707686936,1.8,1.3601960189087843,0.13142357142856975,0.11599206024762355,0.9654398900183225,-25.0,-25.965439890018324,-1.0386175956007329,SL,10217.363124468267,4.3807857142856585,99.0,19.552379694708875,64.36663954936633,0.9021414340068448,1.1389943556871631
XAUUSDm,both_rsi_macd,momentum,2025-09-12 12:20:00+00:00,2025-09-12 12:25:00+00:00,2025-09-12 13:10:00+00:00,SELL,session_breakout,3643.1858098544826,3649.349,3632.092067592551,1.8,4.0563408575317705,0.063953571428571,0.05521335980280913,2.958100690418542,-25.000000000000004,-27.958100690418547,-1.1183240276167417,SL,10189.405023777848,2.1317857142857,65.0,21.061426016204223,46.12922788475143,-0.09676661010399631,0.42208130313462
XAUUSDm,both_rsi_macd,momentum,2025-09-25 12:50:00+00:00,2025-09-25 12:55:00+00:00,2025-09-25 18:40:00+00:00,SELL,session_breakout,3732.3703525604765,3755.926,3689.970187169334,1.8,1.061316614802661,0.14623071428571327,0.0835320823808109,0.7947453335538599,-25.0,-25.79474533355386,-1.0317898133421544,SL,10163.610278444294,4.874357142857109,100.0,19.87710691908853,40.952499898064566,-1.389479222852788,-0.17732221713760524
XAUUSDm,both_rsi_macd,momentum,2025-10-01 12:45:00+00:00,2025-10-01 12:50:00+00:00,2025-10-02 00:50:00+00:00,SELL,session_breakout,3870.881079304415,3891.122,3834.447422052362,1.8,1.235121681270811,0.1346742857142866,0.06758355272799813,0.9545410749262713,16.60754407696969,15.653003002043416,0.6261201200817368,TIMEOUT,10179.263281446338,4.489142857142887,96.0,18.3325867553591,43.336386544129056,-2.0906358500096553,-0.04351468926489146
XAUUSDm,both_rsi_macd,momentum,2025-11-10 12:50:00+00:00,2025-11-10 12:55:00+00:00,2025-11-10 14:00:00+00:00,BUY,session_breakout,4099.9662690625955,4087.377,4122.6269533752675,1.8,1.9858182294537168,0.09960428571428273,0.0774669197379306,1.625857551449969,-25.0,-26.62585755144997,-1.0650343020579986,SL,10152.637423894888,3.320142857142758,42.0,48.841486735074575,72.79337030862793,0.24937615578349615,1.108672307475543
XAUUSDm,both_rsi_macd,momentum,2025-11-14 12:10:00+00:00,2025-11-14 12:15:00+00:00,2025-11-14 13:20:00+00:00,SELL,session_breakout,4125.760414460934,4157.72,4068.233160490615,1.8,0.7822379288818038,0.2434607142857099,0.09685518192362014,0.6409652563340906,45.0,44.35903474366591,1.7743613897466364,TP,10196.996458638554,8.115357142856997,100.0,35.25045599985121,25.763839156731578,-2.8843251885381376,-0.22969546454747222
XAUUSDm,both_rsi_macd,momentum,2025-11-14 13:25:00+00:00,2025-11-14 13:30:00+00:00,2025-11-16 23:00:00+00:00,SELL,session_breakout,4055.3929729550214,4119.67,3939.69432427406,1.8,0.3889414484354717,0.34366928571428257,0.15119240212141744,0.316328529291803,-8.66445916571019,-8.980787695001993,-0.35923150780007973,TIMEOUT,10188.015670943552,11.455642857142752,100.0,46.13312162979941,16.216089308071474,-6.262003694110483,-0.11760192165958215
XAUUSDm,both_rsi_macd,momentum,2025-12-03 13:50:00+00:00,2025-12-03 13:55:00+00:00,2025-12-03 14:50:00+00:00,BUY,session_breakout,4236.146813060659,4211.353,4280.775676569845,1.8,1.0083160641260211,0.14135571428571309,0.04313520351530616,0.8517749763210622,-24.999999999999996,-25.85177497632106,-1.0340709990528425,SL,10162.163895967231,4.711857142857103,100.0,27.83795219721161,67.91129580761022,2.4156585806713253,1.1041584236375452
XAUUSDm,both_rsi_macd,momentum,2025-12-16 13:20:00+00:00,2025-12-16 13:25:00+00:00,2025-12-16 14:15:00+00:00,BUY,session_breakout,4301.041960736528,4289.067,4322.596890062279,1.8,2.0876895173225996,0.10657071428571661,0.09067537938518704,1.800348042998858,44.99999999999962,43.19965195700077,1.7279860782800307,TP,10205.363547924231,3.5523571428572205,63.0,29.460394202997385,64.86982982778812,2.544068042031747,1.0165745778969073
XAUUSDm,both_rsi_macd,momentum,2025-12-29 13:45:00+00:00,2025-12-29 13:50:00+00:00,2025-12-29 15:20:00+00:00,SELL,session_breakout,4416.677029729851,4467.761,4324.725883243582,1.8,0.4893903090889646,0.23468571428571133,0.17962741300665105,0.42779578734512436,44.99999999999982,44.5722042126547,1.782888168506188,TP,10249.935752136886,7.822857142857044,79.0,43.55888121501263,28.342525837174122,-0.5009246398878417,-0.2624363220132083
XAUUSDm,both_rsi_macd,momentum,2026-01-07 12:15:00+00:00,2026-01-07 12:20:00+00:00,2026-01-07 16:20:00+00:00,SELL,session_breakout,4442.025221157445,4455.798,4417.234219240847,1.8,1.8151747215134295,0.13742785714285674,0.10906491398402095,1.615110378754019,-25.0,-26.615110378754018,-1.0646044151501608,SL,10223.320641758131,4.580928571428558,75.0,24.219487564866068,32.86223678729601,-1.4335281499890407,-0.10037374274027626
XAUUSDm,both_rsi_macd,momentum,2026-01-12 13:45:00+00:00,2026-01-12 13:50:00+00:00,2026-01-12 14:10:00+00:00,BUY,session_breakout,4614.622043636497,4595.895,4648.330722182192,1.8,1.3349677869750716,0.15747642857142571,0.13330542221258623,1.2295743554639593,-24.999999999999996,-26.229574355463956,-1.0491829742185583,SL,10197.091067402667,5.24921428571419,100.0,25.538314763185657,67.64546279014002,1.1930929180089196,1.0530617095501644
XAUUSDm,both_rsi_macd,momentum,2026-01-30 13:45:00+00:00,2026-01-30 13:50:00+00:00,2026-01-30 14:33:00+00:00,SELL,session_breakout,4993.54725731687,5098.149,4805.264120487235,1.8,0.23900175426075254,0.9594214285714295,0.5960319688441005,0.2411933108965403,-25.0,-25.24119331089654,-1.0096477324358617,SL,10171.849874091771,31.98071428571432,79.0,49.82419951449379,37.88774542275374,-1.0792570279272269,0.29374206606541337
XAUUSDm,both_rsi_macd,momentum,2026-02-17 13:55:00+00:00,2026-02-17 14:00:00+00:00,2026-02-18 02:00:00+00:00,SELL,session_breakout,4869.853403845293,4924.239,4771.95933076682,1.8,0.45968053616410176,0.3260078571428546,0.22759222613588345,0.44859237067500146,-8.770059309654156,-9.218651680329158,-0.36874606721316633,TIMEOUT,10162.631222411443,10.866928571428486,88.0,20.56358489368482,45.77712818824828,-0.008927311388252979,0.3242122350963766
XAUUSDm,both_rsi_macd,momentum,2026-02-18 13:05:00+00:00,2026-02-18 13:10:00+00:00,2026-02-19 01:10:00+00:00,BUY,session_breakout,4955.184795915029,4917.985,5022.144428562082,1.8,0.6720466977051216,0.21361500000000172,0.08498841502852836,0.6665246778886249,5.015621659604161,4.349096981715536,0.17396387926862145,TIMEOUT,10166.980319393158,7.120500000000058,100.0,18.559749289996407,69.74598867445299,1.7120448588973587,1.2915325609585622
XAUUSDm,both_rsi_macd,momentum,2026-02-24 13:35:00+00:00,2026-02-24 13:40:00+00:00,2026-02-24 14:13:00+00:00,SELL,session_breakout,5138.429301384598,5161.12,5097.586043876875,1.8,1.1017730402990225,0.2371114285714267,0.09014290111678165,1.1277765747496182,44.99999999999999,43.872223425250375,1.7548889370100154,TP,10210.85254281841,7.903714285714224,92.0,28.697801795800675,38.462225944107544,-1.5018241050500643,0.07621202290591408
XAUUSDm,both_rsi_macd,momentum,2026-02-27 13:15:00+00:00,2026-02-27 13:20:00+00:00,2026-03-01 23:01:00+00:00,BUY,session_breakout,5218.6515307611735,5182.863,5283.070886131285,1.8,0.6985478159702039,0.15895071428571358,0.12205540403081147,0.7335955258245559,44.99999999999987,44.26640447417532,1.7706561789670128,TP,10255.118947292585,5.29835714285712,96.0,21.011152787242228,76.85786507947311,3.0871142504707265,1.4424883213652238
XAUUSDm,both_rsi_macd,momentum,2026-03-18 12:05:00+00:00,2026-03-18 12:10:00+00:00,2026-03-18 20:28:00+00:00,SELL,session_breakout,4913.0937189733295,4966.259,4817.396213125323,1.8,0.47023169100636697,0.37023642857142863,0.2331628123846166,0.4575584735091178,44.99999999999983,44.54244152649071,1.7816976610596285,TP,10299.661388819077,12.341214285714289,100.0,40.301700145599256,15.774514626102857,-6.111281237924068,-0.12281802998373802
XAUUSDm,both_rsi_macd,momentum,2026-03-19 12:00:00+00:00,2026-03-19 12:05:00+00:00,2026-03-19 13:02:00+00:00,SELL,session_breakout,4629.988596445348,4695.267,4512.4874700469745,1.8,0.3829750520640362,0.40764214285714323,0.2835824832234971,0.3501340247559102,44.99999999999993,44.64986597524402,1.7859946390097607,TP,10344.31125479432,13.58807142857144,45.0,62.785720474995564,23.12282323957868,-0.3421923205306143,0.07155013661130145
XAUUSDm,both_rsi_macd,momentum,2026-03-20 13:30:00+00:00,2026-03-20 13:35:00+00:00,2026-03-20 14:15:00+00:00,SELL,session_breakout,4644.772565255417,4681.746,4578.220382715168,1.8,0.6761611457713668,0.32604642857143384,0.272411530296636,0.6236229479141027,45.00000000000012,44.37637705208602,1.7750550820834408,TP,10388.687631846406,10.868214285714462,70.0,18.014851889985096,42.506104760197296,-0.1819259109801532,0.28092310608082127
XAUUSDm,both_rsi_macd,momentum,2026-04-09 13:35:00+00:00,2026-04-09 13:40:00+00:00,2026-04-10 01:40:00+00:00,BUY,session_breakout,4770.338051475473,4738.562,4827.534944131324,1.8,0.7867560266037764,0.22024499999999989,0.163928975471971,0.7508517899747557,2.3334778762685486,1.5826260862937929,0.06330504345175171,TIMEOUT,10390.2702579327,7.341499999999996,85.0,19.548493915416145,61.150039063530585,0.7966545701716576,0.8476276026010289
XAUUSDm,both_rsi_macd,momentum,2026-04-17 12:45:00+00:00,2026-04-17 12:50:00+00:00,2026-04-19 22:01:00+00:00,BUY,session_breakout,4836.50303558289,4800.857,4900.665899632093,1.8,0.7013402638244484,0.21645000000000436,0.14881058289069923,0.67590686299269,-25.0,-25.67590686299269,-1.0270362745197077,SL,10364.594351069707,7.2150000000001455,100.0,20.33483815266089,74.81297830224916,3.4245626246058656,1.2057288622126627
XAUUSDm,both_rsi_macd,momentum,2026-04-20 13:25:00+00:00,2026-04-20 13:30:00+00:00,2026-04-20 14:51:00+00:00,BUY,session_breakout,4824.403181511902,4799.549,4869.140708233327,1.8,1.005866959973224,0.2057849999999988,0.14228901190179563,0.9680415523745055,-25.0,-25.968041552374505,-1.0387216620949802,SL,10338.626309517333,6.859499999999961,99.0,18.41847392036155,65.54160011672974,1.8654484365508428,1.0762242804859457
XAUUSDm,both_rsi_macd,momentum,2026-04-29 13:20:00+00:00,2026-04-29 13:25:00+00:00,2026-04-29 16:02:00+00:00,SELL,session_breakout,4538.276147286161,4560.073,4499.04181240125,1.8,1.1469545777187884,0.20227071428571045,0.10371735669534854,1.0435393204163699,-25.000000000000004,-26.04353932041637,-1.0417415728166548,SL,10312.582770196916,6.742357142857015,100.0,23.422633916798347,34.86415977301536,-0.9716776507035707,0.01881374668910772
XAUUSDm,both_rsi_macd,momentum,2026-05-01 13:50:00+00:00,2026-05-01 13:55:00+00:00,2026-05-03 22:03:00+00:00,BUY,session_breakout,4616.9826988549285,4586.483,4671.882156793799,1.8,0.8196802243495065,0.22602857142856853,0.07268456921390987,0.7576604889462166,7.7060606317695255,6.948400142823309,0.27793600571293237,TIMEOUT,10319.531170339738,7.534285714285618,100.0,38.294848342025965,64.64386456732902,4.522599424245453,1.0699495578250033
