[2026-05-07 00:17:34] [START] Forex bot starting | pid=15500 | session=14:0023:59 | interval=60s | DRY_RUN=True
[2026-05-07 00:17:34] [WAIT] Telegram skipped (missing TELEGRAM_BOT_TOKEN or TELEGRAM_CHAT_ID)
[2026-05-07 00:17:34] [CONNECT] Connecting MT5...
[2026-05-07 00:17:34] [WAIT] MT5 explicit login skipped (missing credentials)
[2026-05-07 00:17:34] [SCAN] Symbol resolved: XAUUSD -> XAUUSDm
[2026-05-07 00:17:34] [OK] MT5 connected | Symbol=XAUUSDm
[2026-05-07 00:17:34] [SCAN] Account: login=3472957 | server=Exness-MT5Real | name=eab6fa3d74e94af8a3b2bc8be14bbcc7@exness.io | currency=USD | trade_allowed=True | trade_expert=True | balance=27.99 | equity=27.99 | margin_free=27.99
[2026-05-07 00:17:34] [WAIT] Telegram skipped (missing TELEGRAM_BOT_TOKEN or TELEGRAM_CHAT_ID)
[2026-05-07 00:17:34] [START] Bot running
[2026-05-07 00:17:34] [WAIT] Outside session
[2026-05-07 00:18:34] [WAIT] Outside session
[2026-05-07 00:19:34] [WAIT] Outside session
[2026-05-07 00:20:34] [WAIT] Outside session
[2026-05-07 00:21:34] [WAIT] Outside session
[2026-05-07 00:22:34] [WAIT] Outside session
[2026-05-07 00:23:34] [WAIT] Outside session
[2026-05-07 00:24:34] [WAIT] Outside session
[2026-05-07 00:25:34] [WAIT] Outside session
[2026-05-07 00:26:34] [WAIT] Outside session
[2026-05-07 00:27:34] [WAIT] Outside session
[2026-05-07 00:28:34] [WAIT] Outside session
[2026-05-07 00:29:34] [WAIT] Outside session
[2026-05-07 00:30:34] [WAIT] Outside session
[2026-05-07 00:31:34] [WAIT] Outside session
[2026-05-07 00:32:34] [WAIT] Outside session
[2026-05-07 00:33:34] [WAIT] Outside session
[2026-05-07 00:34:34] [WAIT] Outside session
[2026-05-07 00:35:34] [WAIT] Outside session
[2026-05-07 00:36:35] [WAIT] Outside session
[2026-05-07 00:37:35] [WAIT] Outside session
[2026-05-07 00:38:35] [WAIT] Outside session
[2026-05-07 00:39:35] [WAIT] Outside session
[2026-05-07 00:40:35] [WAIT] Outside session
[2026-05-07 00:41:35] [WAIT] Outside session
[2026-05-07 00:42:35] [WAIT] Outside session
[2026-05-07 00:43:35] [WAIT] Outside session
[2026-05-07 00:44:35] [WAIT] Outside session
[2026-05-07 00:45:35] [WAIT] Outside session
[2026-05-07 00:46:35] [WAIT] Outside session
[2026-05-07 00:47:35] [WAIT] Outside session
[2026-05-07 00:48:35] [WAIT] Outside session
[2026-05-07 00:49:35] [WAIT] Outside session
[2026-05-07 00:50:35] [WAIT] Outside session
[2026-05-07 00:51:35] [WAIT] Outside session
[2026-05-07 00:52:35] [WAIT] Outside session
[2026-05-07 00:53:35] [WAIT] Outside session
[2026-05-07 00:54:35] [WAIT] Outside session
[2026-05-07 00:55:35] [WAIT] Outside session
[2026-05-07 00:56:35] [WAIT] Outside session
[2026-05-07 00:57:35] [WAIT] Outside session
[2026-05-07 00:58:35] [WAIT] Outside session
[2026-05-07 00:59:35] [WAIT] Outside session
[2026-05-07 01:00:35] [WAIT] Outside session
[2026-05-07 01:01:35] [WAIT] Outside session
[2026-05-07 01:02:35] [WAIT] Outside session
[2026-05-07 01:03:35] [WAIT] Outside session
[2026-05-07 01:04:35] [WAIT] Outside session
[2026-05-07 01:05:35] [WAIT] Outside session
[2026-05-07 01:06:35] [WAIT] Outside session
[2026-05-07 01:07:35] [WAIT] Outside session
[2026-05-07 01:08:35] [WAIT] Outside session
[2026-05-07 01:09:35] [WAIT] Outside session
[2026-05-07 01:10:35] [WAIT] Outside session
[2026-05-07 01:11:35] [WAIT] Outside session
[2026-05-07 01:12:35] [WAIT] Outside session
[2026-05-07 01:13:35] [WAIT] Outside session
[2026-05-07 01:14:35] [WAIT] Outside session
[2026-05-07 01:15:35] [WAIT] Outside session
[2026-05-07 01:16:35] [WAIT] Outside session
[2026-05-07 01:17:35] [WAIT] Outside session
[2026-05-07 01:18:35] [WAIT] Outside session
[2026-05-07 01:19:35] [WAIT] Outside session
[2026-05-07 01:20:35] [WAIT] Outside session
[2026-05-07 01:21:35] [WAIT] Outside session
[2026-05-07 01:22:35] [WAIT] Outside session
[2026-05-07 01:23:35] [WAIT] Outside session
[2026-05-07 01:24:35] [WAIT] Outside session
[2026-05-07 01:25:35] [WAIT] Outside session
[2026-05-07 01:26:35] [WAIT] Outside session
[2026-05-07 01:27:35] [WAIT] Outside session
[2026-05-07 01:28:35] [WAIT] Outside session
[2026-05-07 01:29:35] [WAIT] Outside session
[2026-05-07 01:30:35] [WAIT] Outside session
[2026-05-07 01:31:35] [WAIT] Outside session
[2026-05-07 01:32:35] [WAIT] Outside session
[2026-05-07 01:33:35] [WAIT] Outside session
[2026-05-07 01:34:35] [WAIT] Outside session
[2026-05-07 01:35:35] [WAIT] Outside session
[2026-05-07 01:36:35] [WAIT] Outside session
[2026-05-07 01:37:35] [WAIT] Outside session
[2026-05-07 01:38:35] [WAIT] Outside session
[2026-05-07 01:39:35] [WAIT] Outside session
[2026-05-07 01:40:35] [WAIT] Outside session
[2026-05-07 01:41:35] [WAIT] Outside session
[2026-05-07 01:42:35] [WAIT] Outside session
[2026-05-07 01:43:35] [WAIT] Outside session
[2026-05-07 01:44:35] [WAIT] Outside session
[2026-05-07 01:45:35] [WAIT] Outside session
[2026-05-07 01:46:35] [WAIT] Outside session
[2026-05-07 01:47:35] [WAIT] Outside session
[2026-05-07 01:48:35] [WAIT] Outside session
[2026-05-07 01:49:35] [WAIT] Outside session
[2026-05-07 01:50:35] [WAIT] Outside session
[2026-05-07 01:51:35] [WAIT] Outside session
[2026-05-07 01:52:35] [WAIT] Outside session
[2026-05-07 01:53:35] [WAIT] Outside session
[2026-05-07 01:54:35] [WAIT] Outside session
[2026-05-07 01:55:35] [WAIT] Outside session
[2026-05-07 01:56:35] [WAIT] Outside session
[2026-05-07 01:57:35] [WAIT] Outside session
[2026-05-07 01:58:35] [WAIT] Outside session
[2026-05-07 01:59:35] [WAIT] Outside session
[2026-05-07 02:00:35] [WAIT] Outside session
[2026-05-07 02:01:35] [WAIT] Outside session
[2026-05-07 02:02:35] [WAIT] Outside session
[2026-05-07 02:03:35] [WAIT] Outside session
[2026-05-07 02:04:35] [WAIT] Outside session
[2026-05-07 02:05:35] [WAIT] Outside session
[2026-05-07 02:06:35] [WAIT] Outside session
[2026-05-07 02:07:35] [WAIT] Outside session
[2026-05-07 02:08:35] [WAIT] Outside session
[2026-05-07 02:09:35] [WAIT] Outside session
[2026-05-07 02:10:35] [WAIT] Outside session
[2026-05-07 02:11:35] [WAIT] Outside session
[2026-05-07 02:12:35] [WAIT] Outside session
[2026-05-07 02:13:35] [WAIT] Outside session
[2026-05-07 02:14:35] [WAIT] Outside session
[2026-05-07 02:15:35] [WAIT] Outside session
[2026-05-07 02:16:35] [WAIT] Outside session
[2026-05-07 02:17:35] [WAIT] Outside session
[2026-05-07 02:18:35] [WAIT] Outside session
[2026-05-07 02:19:35] [WAIT] Outside session
[2026-05-07 02:20:35] [WAIT] Outside session
[2026-05-07 02:21:35] [WAIT] Outside session
[2026-05-07 02:22:35] [WAIT] Outside session
[2026-05-07 02:23:35] [WAIT] Outside session
[2026-05-07 02:24:35] [WAIT] Outside session
[2026-05-07 02:25:35] [WAIT] Outside session
[2026-05-07 02:26:35] [WAIT] Outside session
[2026-05-07 02:27:35] [WAIT] Outside session
[2026-05-07 02:28:35] [WAIT] Outside session
[2026-05-07 02:29:35] [WAIT] Outside session
[2026-05-07 02:30:35] [WAIT] Outside session
[2026-05-07 02:31:35] [WAIT] Outside session
[2026-05-07 02:32:35] [WAIT] Outside session
[2026-05-07 02:33:35] [WAIT] Outside session
[2026-05-07 02:34:35] [WAIT] Outside session
[2026-05-07 02:35:35] [WAIT] Outside session
[2026-05-07 02:36:35] [WAIT] Outside session
[2026-05-07 02:37:35] [WAIT] Outside session
[2026-05-07 02:38:35] [WAIT] Outside session
[2026-05-07 02:39:35] [WAIT] Outside session
[2026-05-07 02:40:35] [WAIT] Outside session
[2026-05-07 02:41:35] [WAIT] Outside session
[2026-05-07 02:42:35] [WAIT] Outside session
[2026-05-07 02:43:35] [WAIT] Outside session
[2026-05-07 02:44:35] [WAIT] Outside session
[2026-05-07 02:45:35] [WAIT] Outside session
[2026-05-07 02:46:35] [WAIT] Outside session
[2026-05-07 02:47:35] [WAIT] Outside session
[2026-05-07 02:48:35] [WAIT] Outside session
[2026-05-07 02:49:35] [WAIT] Outside session
[2026-05-07 02:50:35] [WAIT] Outside session
[2026-05-07 02:51:35] [WAIT] Outside session
[2026-05-07 02:52:35] [WAIT] Outside session
[2026-05-07 02:53:35] [WAIT] Outside session
[2026-05-07 02:54:35] [WAIT] Outside session
[2026-05-07 02:55:35] [WAIT] Outside session
[2026-05-07 02:56:35] [WAIT] Outside session
[2026-05-07 02:57:35] [WAIT] Outside session
[2026-05-07 02:58:35] [WAIT] Outside session
[2026-05-07 02:59:35] [WAIT] Outside session
[2026-05-07 03:00:35] [WAIT] Outside session
[2026-05-07 03:01:35] [WAIT] Outside session
[2026-05-07 03:02:35] [WAIT] Outside session
[2026-05-07 03:03:35] [WAIT] Outside session
[2026-05-07 03:04:35] [WAIT] Outside session
[2026-05-07 03:05:35] [WAIT] Outside session
[2026-05-07 03:06:35] [WAIT] Outside session
[2026-05-07 03:07:35] [WAIT] Outside session
[2026-05-07 03:08:35] [WAIT] Outside session
[2026-05-07 03:09:35] [WAIT] Outside session
[2026-05-07 03:10:35] [WAIT] Outside session
[2026-05-07 03:11:35] [WAIT] Outside session
[2026-05-07 03:12:35] [WAIT] Outside session
[2026-05-07 03:13:35] [WAIT] Outside session
[2026-05-07 03:14:35] [WAIT] Outside session
[2026-05-07 03:15:35] [WAIT] Outside session
[2026-05-07 03:16:35] [WAIT] Outside session
[2026-05-07 03:17:35] [WAIT] Outside session
[2026-05-07 03:18:35] [WAIT] Outside session
[2026-05-07 03:19:35] [WAIT] Outside session
[2026-05-07 03:20:35] [WAIT] Outside session
[2026-05-07 03:21:35] [WAIT] Outside session
[2026-05-07 03:22:35] [WAIT] Outside session
[2026-05-07 03:23:35] [WAIT] Outside session
[2026-05-07 03:24:35] [WAIT] Outside session
[2026-05-07 03:25:35] [WAIT] Outside session
[2026-05-07 03:26:35] [WAIT] Outside session
[2026-05-07 03:27:35] [WAIT] Outside session
[2026-05-07 03:28:35] [WAIT] Outside session
[2026-05-07 03:29:35] [WAIT] Outside session
[2026-05-07 03:30:35] [WAIT] Outside session
[2026-05-07 03:31:35] [WAIT] Outside session
[2026-05-07 03:32:35] [WAIT] Outside session
[2026-05-07 03:33:35] [WAIT] Outside session
[2026-05-07 03:34:35] [WAIT] Outside session
[2026-05-07 03:35:35] [WAIT] Outside session
[2026-05-07 03:36:35] [WAIT] Outside session
[2026-05-07 03:37:35] [WAIT] Outside session
[2026-05-07 03:38:35] [WAIT] Outside session
[2026-05-07 03:39:35] [WAIT] Outside session
[2026-05-07 03:40:35] [WAIT] Outside session
[2026-05-07 03:41:35] [WAIT] Outside session
[2026-05-07 03:42:35] [WAIT] Outside session
[2026-05-07 03:43:35] [WAIT] Outside session
[2026-05-07 03:44:35] [WAIT] Outside session
[2026-05-07 03:45:35] [WAIT] Outside session
[2026-05-07 03:46:35] [WAIT] Outside session
[2026-05-07 03:47:35] [WAIT] Outside session
[2026-05-07 03:48:35] [WAIT] Outside session
[2026-05-07 03:49:35] [WAIT] Outside session
[2026-05-07 03:50:35] [WAIT] Outside session
[2026-05-07 03:51:35] [WAIT] Outside session
[2026-05-07 03:52:35] [WAIT] Outside session
[2026-05-07 03:53:35] [WAIT] Outside session
[2026-05-07 03:54:35] [WAIT] Outside session
[2026-05-07 03:55:35] [WAIT] Outside session
[2026-05-07 03:56:35] [WAIT] Outside session
[2026-05-07 03:57:35] [WAIT] Outside session
[2026-05-07 03:58:35] [WAIT] Outside session
[2026-05-07 03:59:35] [WAIT] Outside session
[2026-05-07 04:00:35] [WAIT] Outside session
[2026-05-07 04:01:35] [WAIT] Outside session
[2026-05-07 04:02:35] [WAIT] Outside session
[2026-05-07 04:03:35] [WAIT] Outside session
[2026-05-07 04:04:35] [WAIT] Outside session
[2026-05-07 04:05:35] [WAIT] Outside session
[2026-05-07 04:06:35] [WAIT] Outside session
[2026-05-07 04:07:35] [WAIT] Outside session
[2026-05-07 04:08:35] [WAIT] Outside session
[2026-05-07 04:09:35] [WAIT] Outside session
[2026-05-07 04:10:35] [WAIT] Outside session
[2026-05-07 04:11:35] [WAIT] Outside session
[2026-05-07 04:12:35] [WAIT] Outside session
[2026-05-07 04:13:35] [WAIT] Outside session
[2026-05-07 04:14:35] [WAIT] Outside session
[2026-05-07 04:15:35] [WAIT] Outside session
[2026-05-07 04:16:35] [WAIT] Outside session
[2026-05-07 04:17:35] [WAIT] Outside session
[2026-05-07 04:18:35] [WAIT] Outside session
[2026-05-07 04:19:35] [WAIT] Outside session
[2026-05-07 04:20:35] [WAIT] Outside session
[2026-05-07 04:21:35] [WAIT] Outside session
[2026-05-07 04:22:35] [WAIT] Outside session
[2026-05-07 04:23:35] [WAIT] Outside session
[2026-05-07 04:24:35] [WAIT] Outside session
[2026-05-07 04:25:35] [WAIT] Outside session
[2026-05-07 04:26:35] [WAIT] Outside session
[2026-05-07 04:27:35] [WAIT] Outside session
[2026-05-07 04:28:35] [WAIT] Outside session
[2026-05-07 04:29:35] [WAIT] Outside session
[2026-05-07 04:30:35] [WAIT] Outside session
[2026-05-07 04:31:35] [WAIT] Outside session
[2026-05-07 04:32:35] [WAIT] Outside session
[2026-05-07 04:33:35] [WAIT] Outside session
[2026-05-07 04:34:35] [WAIT] Outside session
[2026-05-07 04:35:35] [WAIT] Outside session
[2026-05-07 04:36:35] [WAIT] Outside session
[2026-05-07 04:37:35] [WAIT] Outside session
[2026-05-07 04:38:35] [WAIT] Outside session
[2026-05-07 04:39:35] [WAIT] Outside session
[2026-05-07 04:40:35] [WAIT] Outside session
[2026-05-07 04:41:35] [WAIT] Outside session
[2026-05-07 04:42:35] [WAIT] Outside session
[2026-05-07 04:43:35] [WAIT] Outside session
[2026-05-07 04:44:35] [WAIT] Outside session
[2026-05-07 04:45:35] [WAIT] Outside session
[2026-05-07 04:46:35] [WAIT] Outside session
[2026-05-07 04:47:35] [WAIT] Outside session
[2026-05-07 04:48:35] [WAIT] Outside session
[2026-05-07 04:49:35] [WAIT] Outside session
[2026-05-07 04:50:35] [WAIT] Outside session
[2026-05-07 04:51:35] [WAIT] Outside session
[2026-05-07 04:52:35] [WAIT] Outside session
[2026-05-07 04:53:35] [WAIT] Outside session
[2026-05-07 04:54:35] [WAIT] Outside session
[2026-05-07 04:55:35] [WAIT] Outside session
[2026-05-07 04:56:35] [WAIT] Outside session
[2026-05-07 04:57:35] [WAIT] Outside session
[2026-05-07 04:58:35] [WAIT] Outside session
[2026-05-07 04:59:35] [WAIT] Outside session
[2026-05-07 05:00:35] [WAIT] Outside session
[2026-05-07 05:01:35] [WAIT] Outside session
[2026-05-07 05:02:35] [WAIT] Outside session
[2026-05-07 05:03:35] [WAIT] Outside session
[2026-05-07 05:04:35] [WAIT] Outside session
[2026-05-07 05:05:35] [WAIT] Outside session
[2026-05-07 05:06:35] [WAIT] Outside session
[2026-05-07 05:07:35] [WAIT] Outside session
[2026-05-07 05:08:35] [WAIT] Outside session
[2026-05-07 05:09:35] [WAIT] Outside session
[2026-05-07 05:10:35] [WAIT] Outside session
[2026-05-07 05:11:35] [WAIT] Outside session
[2026-05-07 05:12:35] [WAIT] Outside session
[2026-05-07 05:13:35] [WAIT] Outside session
[2026-05-07 05:14:35] [WAIT] Outside session
[2026-05-07 05:15:35] [WAIT] Outside session
[2026-05-07 05:16:35] [WAIT] Outside session
[2026-05-07 05:17:35] [WAIT] Outside session
[2026-05-07 05:18:35] [WAIT] Outside session
[2026-05-07 05:19:35] [WAIT] Outside session
[2026-05-07 05:20:35] [WAIT] Outside session
[2026-05-07 05:21:35] [WAIT] Outside session
[2026-05-07 05:22:35] [WAIT] Outside session
[2026-05-07 05:23:35] [WAIT] Outside session
[2026-05-07 05:24:35] [WAIT] Outside session
[2026-05-07 05:25:35] [WAIT] Outside session
[2026-05-07 05:26:35] [WAIT] Outside session
[2026-05-07 05:27:35] [WAIT] Outside session
[2026-05-07 05:28:35] [WAIT] Outside session
[2026-05-07 05:29:35] [WAIT] Outside session
[2026-05-07 05:30:35] [WAIT] Outside session
[2026-05-07 05:31:35] [WAIT] Outside session
[2026-05-07 05:32:35] [WAIT] Outside session
[2026-05-07 05:33:35] [WAIT] Outside session
[2026-05-07 05:34:35] [WAIT] Outside session
[2026-05-07 05:35:35] [WAIT] Outside session
[2026-05-07 05:36:35] [WAIT] Outside session
[2026-05-07 05:37:35] [WAIT] Outside session
[2026-05-07 05:38:35] [WAIT] Outside session
[2026-05-07 05:39:35] [WAIT] Outside session
[2026-05-07 05:40:35] [WAIT] Outside session
[2026-05-07 05:41:35] [WAIT] Outside session
[2026-05-07 05:42:35] [WAIT] Outside session
[2026-05-07 05:43:35] [WAIT] Outside session
[2026-05-07 05:44:35] [WAIT] Outside session
[2026-05-07 05:45:35] [WAIT] Outside session
[2026-05-07 05:46:35] [WAIT] Outside session
[2026-05-07 05:47:35] [WAIT] Outside session
[2026-05-07 05:48:35] [WAIT] Outside session
[2026-05-07 05:49:35] [WAIT] Outside session
[2026-05-07 05:50:35] [WAIT] Outside session
[2026-05-07 05:51:35] [WAIT] Outside session
[2026-05-07 05:52:35] [WAIT] Outside session
[2026-05-07 05:53:35] [WAIT] Outside session
[2026-05-07 05:54:35] [WAIT] Outside session
[2026-05-07 05:55:35] [WAIT] Outside session
[2026-05-07 05:56:35] [WAIT] Outside session
[2026-05-07 05:57:35] [WAIT] Outside session
[2026-05-07 05:58:35] [WAIT] Outside session
[2026-05-07 05:59:35] [WAIT] Outside session
[2026-05-07 06:00:35] [WAIT] Outside session
[2026-05-07 06:01:35] [WAIT] Outside session
[2026-05-07 06:02:35] [WAIT] Outside session
[2026-05-07 06:03:35] [WAIT] Outside session
[2026-05-07 06:04:35] [WAIT] Outside session
[2026-05-07 06:05:35] [WAIT] Outside session
[2026-05-07 06:06:35] [WAIT] Outside session
[2026-05-07 06:07:35] [WAIT] Outside session
[2026-05-07 06:08:35] [WAIT] Outside session
[2026-05-07 06:09:35] [WAIT] Outside session
[2026-05-07 06:10:35] [WAIT] Outside session
[2026-05-07 06:11:35] [WAIT] Outside session
[2026-05-07 06:12:35] [WAIT] Outside session
[2026-05-07 06:13:35] [WAIT] Outside session
[2026-05-07 06:14:35] [WAIT] Outside session
[2026-05-07 06:15:35] [WAIT] Outside session
[2026-05-07 06:16:35] [WAIT] Outside session
[2026-05-07 06:17:35] [WAIT] Outside session
[2026-05-07 06:18:35] [WAIT] Outside session
[2026-05-07 06:19:35] [WAIT] Outside session
[2026-05-07 06:20:35] [WAIT] Outside session
[2026-05-07 06:21:35] [WAIT] Outside session
[2026-05-07 06:22:35] [WAIT] Outside session
[2026-05-07 06:23:35] [WAIT] Outside session
[2026-05-07 06:24:35] [WAIT] Outside session
[2026-05-07 06:25:35] [WAIT] Outside session
[2026-05-07 06:26:35] [WAIT] Outside session
[2026-05-07 06:27:35] [WAIT] Outside session
[2026-05-07 06:28:35] [WAIT] Outside session
[2026-05-07 06:29:35] [WAIT] Outside session
[2026-05-07 06:30:35] [WAIT] Outside session
[2026-05-07 06:31:35] [WAIT] Outside session
[2026-05-07 06:32:35] [WAIT] Outside session
[2026-05-07 06:33:35] [WAIT] Outside session
[2026-05-07 06:34:35] [WAIT] Outside session
[2026-05-07 06:35:35] [WAIT] Outside session
[2026-05-07 06:36:35] [WAIT] Outside session
[2026-05-07 06:37:35] [WAIT] Outside session
[2026-05-07 06:38:35] [WAIT] Outside session
[2026-05-07 06:39:35] [WAIT] Outside session
[2026-05-07 06:40:35] [WAIT] Outside session
[2026-05-07 06:41:35] [WAIT] Outside session
[2026-05-07 06:42:35] [WAIT] Outside session
[2026-05-07 06:43:35] [WAIT] Outside session
[2026-05-07 06:44:35] [WAIT] Outside session
[2026-05-07 06:45:35] [WAIT] Outside session
[2026-05-07 06:46:35] [WAIT] Outside session
[2026-05-07 06:47:35] [WAIT] Outside session
[2026-05-07 06:48:35] [WAIT] Outside session
[2026-05-07 06:49:35] [WAIT] Outside session
[2026-05-07 06:50:36] [WAIT] Outside session
[2026-05-07 06:51:36] [WAIT] Outside session
[2026-05-07 06:52:36] [WAIT] Outside session
[2026-05-07 06:53:36] [WAIT] Outside session
[2026-05-07 06:54:36] [WAIT] Outside session
[2026-05-07 06:55:36] [WAIT] Outside session
[2026-05-07 06:56:36] [WAIT] Outside session
[2026-05-07 06:57:36] [WAIT] Outside session
[2026-05-07 06:58:36] [WAIT] Outside session
[2026-05-07 06:59:36] [WAIT] Outside session
[2026-05-07 07:00:36] [WAIT] Outside session
[2026-05-07 07:01:36] [WAIT] Outside session
[2026-05-07 07:02:36] [WAIT] Outside session
[2026-05-07 07:03:36] [WAIT] Outside session
[2026-05-07 07:04:36] [WAIT] Outside session
[2026-05-07 07:05:36] [WAIT] Outside session
[2026-05-07 07:06:36] [WAIT] Outside session
[2026-05-07 07:07:36] [WAIT] Outside session
[2026-05-07 07:08:36] [WAIT] Outside session
[2026-05-07 07:09:36] [WAIT] Outside session
[2026-05-07 07:10:36] [WAIT] Outside session
[2026-05-07 07:11:36] [WAIT] Outside session
[2026-05-07 07:12:36] [WAIT] Outside session
[2026-05-07 07:13:36] [WAIT] Outside session
[2026-05-07 07:14:36] [WAIT] Outside session
[2026-05-07 07:15:36] [WAIT] Outside session
[2026-05-07 07:16:36] [WAIT] Outside session
[2026-05-07 07:17:36] [WAIT] Outside session
[2026-05-07 07:18:36] [WAIT] Outside session
[2026-05-07 07:19:36] [WAIT] Outside session
[2026-05-07 07:20:36] [WAIT] Outside session
[2026-05-07 07:21:36] [WAIT] Outside session
[2026-05-07 07:22:36] [WAIT] Outside session
[2026-05-07 07:23:36] [WAIT] Outside session
[2026-05-07 07:24:36] [WAIT] Outside session
[2026-05-07 07:25:36] [WAIT] Outside session
[2026-05-07 07:26:36] [WAIT] Outside session
[2026-05-07 07:27:36] [WAIT] Outside session
[2026-05-07 07:28:36] [WAIT] Outside session
[2026-05-07 07:29:36] [WAIT] Outside session
[2026-05-07 07:30:36] [WAIT] Outside session
[2026-05-07 07:31:36] [WAIT] Outside session
[2026-05-07 07:32:36] [WAIT] Outside session
[2026-05-07 07:33:36] [WAIT] Outside session
[2026-05-07 07:34:36] [WAIT] Outside session
[2026-05-07 07:35:36] [WAIT] Outside session
[2026-05-07 07:36:36] [WAIT] Outside session
[2026-05-07 07:37:36] [WAIT] Outside session
[2026-05-07 07:38:36] [WAIT] Outside session
[2026-05-07 07:39:36] [WAIT] Outside session
[2026-05-07 07:40:36] [WAIT] Outside session
[2026-05-07 07:41:36] [WAIT] Outside session
[2026-05-07 07:42:36] [WAIT] Outside session
[2026-05-07 07:43:36] [WAIT] Outside session
[2026-05-07 07:44:36] [WAIT] Outside session
[2026-05-07 07:45:36] [WAIT] Outside session
[2026-05-07 07:46:36] [WAIT] Outside session
[2026-05-07 07:47:36] [WAIT] Outside session
[2026-05-07 07:48:36] [WAIT] Outside session
[2026-05-07 07:49:36] [WAIT] Outside session
[2026-05-07 07:50:36] [WAIT] Outside session
[2026-05-07 07:51:36] [WAIT] Outside session
[2026-05-07 07:52:36] [WAIT] Outside session
[2026-05-07 07:53:36] [WAIT] Outside session
[2026-05-07 07:54:36] [WAIT] Outside session
[2026-05-07 07:55:36] [WAIT] Outside session
[2026-05-07 07:56:36] [WAIT] Outside session
[2026-05-07 07:57:36] [WAIT] Outside session
[2026-05-07 07:58:36] [WAIT] Outside session
[2026-05-07 07:59:36] [WAIT] Outside session
[2026-05-07 08:00:36] [WAIT] Outside session
[2026-05-07 08:01:36] [WAIT] Outside session
[2026-05-07 08:02:36] [WAIT] Outside session
[2026-05-07 08:03:36] [WAIT] Outside session
[2026-05-07 08:04:36] [WAIT] Outside session
[2026-05-07 08:05:36] [WAIT] Outside session
[2026-05-07 08:06:36] [WAIT] Outside session
[2026-05-07 08:07:36] [WAIT] Outside session
[2026-05-07 08:08:36] [WAIT] Outside session
[2026-05-07 08:09:36] [WAIT] Outside session
[2026-05-07 08:10:36] [WAIT] Outside session
[2026-05-07 08:11:36] [WAIT] Outside session
[2026-05-07 08:12:36] [WAIT] Outside session
[2026-05-07 08:13:36] [WAIT] Outside session
[2026-05-07 08:14:36] [WAIT] Outside session
[2026-05-07 08:15:36] [WAIT] Outside session
[2026-05-07 08:16:36] [WAIT] Outside session
[2026-05-07 08:17:36] [WAIT] Outside session
[2026-05-07 08:18:36] [WAIT] Outside session
[2026-05-07 08:19:36] [WAIT] Outside session
[2026-05-07 08:20:36] [WAIT] Outside session
[2026-05-07 08:21:36] [WAIT] Outside session
[2026-05-07 08:22:36] [WAIT] Outside session
[2026-05-07 08:23:36] [WAIT] Outside session
[2026-05-07 08:24:36] [WAIT] Outside session
[2026-05-07 08:25:36] [WAIT] Outside session
[2026-05-07 08:26:36] [WAIT] Outside session
[2026-05-07 08:27:36] [WAIT] Outside session
[2026-05-07 08:28:36] [WAIT] Outside session
[2026-05-07 08:29:36] [WAIT] Outside session
[2026-05-07 08:30:36] [WAIT] Outside session
[2026-05-07 08:31:36] [WAIT] Outside session
[2026-05-07 08:32:36] [WAIT] Outside session
[2026-05-07 08:33:36] [WAIT] Outside session
[2026-05-07 08:34:36] [WAIT] Outside session
[2026-05-07 08:35:36] [WAIT] Outside session
[2026-05-07 08:36:36] [WAIT] Outside session
[2026-05-07 08:37:36] [WAIT] Outside session
[2026-05-07 08:38:36] [WAIT] Outside session
[2026-05-07 08:39:36] [WAIT] Outside session
[2026-05-07 08:40:36] [WAIT] Outside session
[2026-05-07 08:41:36] [WAIT] Outside session
[2026-05-07 08:42:36] [WAIT] Outside session
[2026-05-07 08:43:36] [WAIT] Outside session
[2026-05-07 08:44:36] [WAIT] Outside session
[2026-05-07 08:45:36] [WAIT] Outside session
[2026-05-07 08:46:36] [WAIT] Outside session
[2026-05-07 08:47:36] [WAIT] Outside session
[2026-05-07 08:48:36] [WAIT] Outside session
[2026-05-07 08:49:36] [WAIT] Outside session
[2026-05-07 08:50:36] [WAIT] Outside session
[2026-05-07 08:51:36] [WAIT] Outside session
[2026-05-07 08:52:36] [WAIT] Outside session
[2026-05-07 08:53:36] [WAIT] Outside session
[2026-05-07 08:54:36] [WAIT] Outside session
[2026-05-07 08:55:36] [WAIT] Outside session
[2026-05-07 08:56:36] [WAIT] Outside session
[2026-05-07 08:57:36] [WAIT] Outside session
[2026-05-07 08:58:36] [WAIT] Outside session
[2026-05-07 08:59:36] [WAIT] Outside session
[2026-05-07 09:00:36] [WAIT] Outside session
[2026-05-07 09:01:36] [WAIT] Outside session
[2026-05-07 09:02:36] [WAIT] Outside session
[2026-05-07 09:03:36] [WAIT] Outside session
[2026-05-07 09:04:36] [WAIT] Outside session
[2026-05-07 09:05:36] [WAIT] Outside session
[2026-05-07 09:06:36] [WAIT] Outside session
[2026-05-07 09:07:36] [WAIT] Outside session
[2026-05-07 09:08:36] [WAIT] Outside session
[2026-05-07 09:09:36] [WAIT] Outside session
[2026-05-07 09:10:36] [WAIT] Outside session
[2026-05-07 09:11:36] [WAIT] Outside session
[2026-05-07 09:12:36] [WAIT] Outside session
[2026-05-07 09:13:36] [WAIT] Outside session
[2026-05-07 09:14:36] [WAIT] Outside session
[2026-05-07 09:15:36] [WAIT] Outside session
[2026-05-07 09:16:36] [WAIT] Outside session
[2026-05-07 09:17:36] [WAIT] Outside session
[2026-05-07 09:18:36] [WAIT] Outside session
[2026-05-07 09:19:36] [WAIT] Outside session
[2026-05-07 09:20:36] [WAIT] Outside session
[2026-05-07 09:21:36] [WAIT] Outside session
[2026-05-07 09:22:36] [WAIT] Outside session
[2026-05-07 09:23:36] [WAIT] Outside session
[2026-05-07 09:24:36] [WAIT] Outside session
[2026-05-07 09:25:36] [WAIT] Outside session
[2026-05-07 09:26:36] [WAIT] Outside session
[2026-05-07 09:27:36] [WAIT] Outside session
[2026-05-07 09:28:36] [WAIT] Outside session
[2026-05-07 09:29:36] [WAIT] Outside session
[2026-05-07 09:30:36] [WAIT] Outside session
[2026-05-07 09:31:36] [WAIT] Outside session
[2026-05-07 09:32:36] [WAIT] Outside session
[2026-05-07 09:33:36] [WAIT] Outside session
[2026-05-07 09:34:36] [WAIT] Outside session
[2026-05-07 09:35:36] [WAIT] Outside session
[2026-05-07 09:36:36] [WAIT] Outside session
[2026-05-07 09:37:36] [WAIT] Outside session
[2026-05-07 09:38:36] [WAIT] Outside session
[2026-05-07 09:39:36] [WAIT] Outside session
[2026-05-07 09:40:36] [WAIT] Outside session
[2026-05-07 09:41:36] [WAIT] Outside session
[2026-05-07 09:42:36] [WAIT] Outside session
[2026-05-07 09:43:36] [WAIT] Outside session
[2026-05-07 09:44:36] [WAIT] Outside session
[2026-05-07 09:45:36] [WAIT] Outside session
[2026-05-07 09:46:36] [WAIT] Outside session
[2026-05-07 09:47:36] [WAIT] Outside session
[2026-05-07 09:48:36] [WAIT] Outside session
[2026-05-07 09:49:36] [WAIT] Outside session
[2026-05-07 09:50:36] [WAIT] Outside session
[2026-05-07 09:51:36] [WAIT] Outside session
[2026-05-07 09:52:36] [WAIT] Outside session
[2026-05-07 09:53:36] [WAIT] Outside session
[2026-05-07 09:54:36] [WAIT] Outside session
[2026-05-07 09:55:36] [WAIT] Outside session
[2026-05-07 09:56:36] [WAIT] Outside session
[2026-05-07 09:57:36] [WAIT] Outside session
[2026-05-07 09:58:36] [WAIT] Outside session
[2026-05-07 09:59:36] [WAIT] Outside session
[2026-05-07 10:00:36] [WAIT] Outside session
[2026-05-07 10:01:36] [WAIT] Outside session
[2026-05-07 10:02:36] [WAIT] Outside session
[2026-05-07 10:03:36] [WAIT] Outside session
[2026-05-07 10:04:36] [WAIT] Outside session
[2026-05-07 10:05:36] [WAIT] Outside session
[2026-05-07 10:06:36] [WAIT] Outside session
[2026-05-07 10:07:36] [WAIT] Outside session
[2026-05-07 10:08:36] [WAIT] Outside session
[2026-05-07 10:09:36] [WAIT] Outside session
[2026-05-07 10:10:36] [WAIT] Outside session
[2026-05-07 10:11:36] [WAIT] Outside session
[2026-05-07 10:12:36] [WAIT] Outside session
[2026-05-07 10:13:36] [WAIT] Outside session
[2026-05-07 10:14:36] [WAIT] Outside session
[2026-05-07 10:15:36] [WAIT] Outside session
[2026-05-07 10:16:36] [WAIT] Outside session
[2026-05-07 10:17:36] [WAIT] Outside session
[2026-05-07 10:18:36] [WAIT] Outside session
[2026-05-07 10:19:36] [WAIT] Outside session
[2026-05-07 10:20:36] [WAIT] Outside session
[2026-05-07 10:21:36] [WAIT] Outside session
[2026-05-07 10:22:36] [WAIT] Outside session
[2026-05-07 10:23:36] [WAIT] Outside session
[2026-05-07 10:24:36] [WAIT] Outside session
[2026-05-07 10:25:36] [WAIT] Outside session
[2026-05-07 10:26:36] [WAIT] Outside session
[2026-05-07 10:27:36] [WAIT] Outside session
[2026-05-07 10:28:36] [WAIT] Outside session
[2026-05-07 10:29:36] [WAIT] Outside session
[2026-05-07 10:30:36] [WAIT] Outside session
[2026-05-07 10:31:36] [WAIT] Outside session
[2026-05-07 10:32:36] [WAIT] Outside session
[2026-05-07 10:33:36] [WAIT] Outside session
[2026-05-07 10:34:36] [WAIT] Outside session
[2026-05-07 10:35:36] [WAIT] Outside session
[2026-05-07 10:36:36] [WAIT] Outside session
[2026-05-07 10:37:36] [WAIT] Outside session
[2026-05-07 10:38:36] [WAIT] Outside session
[2026-05-07 10:39:36] [WAIT] Outside session
[2026-05-07 10:40:36] [WAIT] Outside session
[2026-05-07 10:41:36] [WAIT] Outside session
[2026-05-07 10:42:36] [WAIT] Outside session
[2026-05-07 10:43:36] [WAIT] Outside session
[2026-05-07 10:44:36] [WAIT] Outside session
[2026-05-07 10:45:36] [WAIT] Outside session
[2026-05-07 10:46:36] [WAIT] Outside session
[2026-05-07 10:47:36] [WAIT] Outside session
[2026-05-07 10:48:36] [WAIT] Outside session
[2026-05-07 10:49:36] [WAIT] Outside session
[2026-05-07 10:50:36] [WAIT] Outside session
[2026-05-07 10:51:36] [WAIT] Outside session
[2026-05-07 10:52:36] [WAIT] Outside session
[2026-05-07 10:53:36] [WAIT] Outside session
[2026-05-07 10:54:36] [WAIT] Outside session
[2026-05-07 10:55:36] [WAIT] Outside session
[2026-05-07 10:56:36] [WAIT] Outside session
[2026-05-07 10:57:36] [WAIT] Outside session
[2026-05-07 10:58:36] [WAIT] Outside session
[2026-05-07 10:59:36] [WAIT] Outside session
[2026-05-07 11:00:36] [WAIT] Outside session
[2026-05-07 11:01:36] [WAIT] Outside session
[2026-05-07 11:02:36] [WAIT] Outside session
[2026-05-07 11:03:36] [WAIT] Outside session
[2026-05-07 11:04:36] [WAIT] Outside session
[2026-05-07 11:05:36] [WAIT] Outside session
[2026-05-07 11:06:36] [WAIT] Outside session
[2026-05-07 11:07:36] [WAIT] Outside session
[2026-05-07 11:08:36] [WAIT] Outside session
[2026-05-07 11:09:36] [WAIT] Outside session
[2026-05-07 11:10:36] [WAIT] Outside session
[2026-05-07 11:11:36] [WAIT] Outside session
[2026-05-07 11:12:36] [WAIT] Outside session
[2026-05-07 11:13:36] [WAIT] Outside session
[2026-05-07 11:14:36] [WAIT] Outside session
[2026-05-07 11:15:36] [WAIT] Outside session
[2026-05-07 11:16:36] [WAIT] Outside session
[2026-05-07 11:17:36] [WAIT] Outside session
[2026-05-07 11:18:36] [WAIT] Outside session
[2026-05-07 11:19:36] [WAIT] Outside session
[2026-05-07 11:20:36] [WAIT] Outside session
[2026-05-07 11:21:36] [WAIT] Outside session
[2026-05-07 11:22:36] [WAIT] Outside session
[2026-05-07 11:23:36] [WAIT] Outside session
[2026-05-07 11:24:36] [WAIT] Outside session
[2026-05-07 11:25:36] [WAIT] Outside session
[2026-05-07 11:26:36] [WAIT] Outside session
[2026-05-07 11:27:36] [WAIT] Outside session
[2026-05-07 11:28:36] [WAIT] Outside session
[2026-05-07 11:29:36] [WAIT] Outside session
[2026-05-07 11:30:36] [WAIT] Outside session
[2026-05-07 11:31:36] [WAIT] Outside session
[2026-05-07 11:32:36] [WAIT] Outside session
[2026-05-07 11:33:36] [WAIT] Outside session
[2026-05-07 11:34:36] [WAIT] Outside session
[2026-05-07 11:35:36] [WAIT] Outside session
[2026-05-07 11:36:36] [WAIT] Outside session
[2026-05-07 11:37:36] [WAIT] Outside session
[2026-05-07 11:38:36] [WAIT] Outside session
[2026-05-07 11:39:36] [WAIT] Outside session
[2026-05-07 11:40:36] [WAIT] Outside session
[2026-05-07 11:41:36] [WAIT] Outside session
[2026-05-07 11:42:36] [WAIT] Outside session
[2026-05-07 11:43:36] [WAIT] Outside session
[2026-05-07 11:44:36] [WAIT] Outside session
[2026-05-07 11:45:36] [WAIT] Outside session
[2026-05-07 11:46:36] [WAIT] Outside session
[2026-05-07 11:47:36] [WAIT] Outside session
[2026-05-07 11:48:36] [WAIT] Outside session
[2026-05-07 11:49:36] [WAIT] Outside session
[2026-05-07 11:50:36] [WAIT] Outside session
[2026-05-07 11:51:36] [WAIT] Outside session
[2026-05-07 11:52:36] [WAIT] Outside session
[2026-05-07 11:53:36] [WAIT] Outside session
[2026-05-07 11:54:36] [WAIT] Outside session
[2026-05-07 11:55:36] [WAIT] Outside session
[2026-05-07 11:56:36] [WAIT] Outside session
[2026-05-07 11:57:36] [WAIT] Outside session
[2026-05-07 11:58:36] [WAIT] Outside session
[2026-05-07 11:59:36] [WAIT] Outside session
[2026-05-07 12:00:36] [WAIT] Outside session
[2026-05-07 12:01:36] [WAIT] Outside session
[2026-05-07 12:02:36] [WAIT] Outside session
[2026-05-07 12:03:36] [WAIT] Outside session
[2026-05-07 12:04:36] [WAIT] Outside session
[2026-05-07 12:05:36] [WAIT] Outside session
[2026-05-07 12:06:36] [WAIT] Outside session
[2026-05-07 12:07:36] [WAIT] Outside session
[2026-05-07 12:08:36] [WAIT] Outside session
[2026-05-07 12:09:36] [WAIT] Outside session
[2026-05-07 12:10:36] [WAIT] Outside session
[2026-05-07 12:11:36] [WAIT] Outside session
[2026-05-07 12:12:36] [WAIT] Outside session
[2026-05-07 12:13:36] [WAIT] Outside session
[2026-05-07 12:14:36] [WAIT] Outside session
[2026-05-07 12:15:36] [WAIT] Outside session
[2026-05-07 12:16:36] [WAIT] Outside session
[2026-05-07 12:17:36] [WAIT] Outside session
[2026-05-07 12:18:36] [WAIT] Outside session
[2026-05-07 12:19:36] [WAIT] Outside session
[2026-05-07 12:20:36] [WAIT] Outside session
[2026-05-07 12:21:36] [WAIT] Outside session
[2026-05-07 12:22:36] [WAIT] Outside session
[2026-05-07 12:23:36] [WAIT] Outside session
[2026-05-07 12:24:36] [WAIT] Outside session
[2026-05-07 12:25:36] [WAIT] Outside session
[2026-05-07 12:26:36] [WAIT] Outside session
[2026-05-07 12:27:36] [WAIT] Outside session
[2026-05-07 12:28:36] [WAIT] Outside session
[2026-05-07 12:29:36] [WAIT] Outside session
[2026-05-07 12:30:36] [WAIT] Outside session
[2026-05-07 12:31:36] [WAIT] Outside session
[2026-05-07 12:32:36] [WAIT] Outside session
[2026-05-07 12:33:36] [WAIT] Outside session
[2026-05-07 12:34:36] [WAIT] Outside session
[2026-05-07 12:35:36] [WAIT] Outside session
[2026-05-07 12:36:36] [WAIT] Outside session
[2026-05-07 12:37:36] [WAIT] Outside session
[2026-05-07 12:38:36] [WAIT] Outside session
[2026-05-07 12:39:36] [WAIT] Outside session
[2026-05-07 12:40:36] [WAIT] Outside session
[2026-05-07 12:41:36] [WAIT] Outside session
[2026-05-07 12:42:36] [WAIT] Outside session
[2026-05-07 12:43:36] [WAIT] Outside session
[2026-05-07 12:44:36] [WAIT] Outside session
[2026-05-07 12:45:36] [WAIT] Outside session
[2026-05-07 12:46:36] [WAIT] Outside session
[2026-05-07 12:47:36] [WAIT] Outside session
[2026-05-07 12:48:36] [WAIT] Outside session
[2026-05-07 12:49:36] [WAIT] Outside session
[2026-05-07 12:50:36] [WAIT] Outside session
[2026-05-07 12:51:36] [WAIT] Outside session
[2026-05-07 12:52:36] [WAIT] Outside session
[2026-05-07 12:53:36] [WAIT] Outside session
[2026-05-07 12:54:36] [WAIT] Outside session
[2026-05-07 12:55:36] [WAIT] Outside session
[2026-05-07 12:56:36] [WAIT] Outside session
[2026-05-07 12:57:36] [WAIT] Outside session
[2026-05-07 12:58:36] [WAIT] Outside session
[2026-05-07 12:59:36] [WAIT] Outside session
[2026-05-07 13:00:36] [WAIT] Outside session
[2026-05-07 13:01:36] [WAIT] Outside session
[2026-05-07 13:02:36] [WAIT] Outside session
[2026-05-07 13:03:36] [WAIT] Outside session
[2026-05-07 13:04:36] [WAIT] Outside session
[2026-05-07 13:05:36] [WAIT] Outside session
[2026-05-07 13:06:36] [WAIT] Outside session
[2026-05-07 13:07:36] [WAIT] Outside session
[2026-05-07 13:08:36] [WAIT] Outside session
[2026-05-07 13:09:36] [WAIT] Outside session
[2026-05-07 13:10:36] [WAIT] Outside session
[2026-05-07 13:11:36] [WAIT] Outside session
[2026-05-07 13:12:36] [WAIT] Outside session
[2026-05-07 13:13:36] [WAIT] Outside session
[2026-05-07 13:14:36] [WAIT] Outside session
[2026-05-07 13:15:36] [WAIT] Outside session
[2026-05-07 13:16:36] [WAIT] Outside session
[2026-05-07 13:17:36] [WAIT] Outside session
[2026-05-07 13:18:36] [WAIT] Outside session
[2026-05-07 13:19:36] [WAIT] Outside session
[2026-05-07 13:20:36] [WAIT] Outside session
[2026-05-07 13:21:36] [WAIT] Outside session
[2026-05-07 13:22:36] [WAIT] Outside session
[2026-05-07 13:23:36] [WAIT] Outside session
[2026-05-07 13:24:36] [WAIT] Outside session
[2026-05-07 13:25:36] [WAIT] Outside session
[2026-05-07 13:26:36] [WAIT] Outside session
[2026-05-07 13:27:36] [WAIT] Outside session
[2026-05-07 13:28:36] [WAIT] Outside session
[2026-05-07 13:29:36] [WAIT] Outside session
[2026-05-07 13:30:36] [WAIT] Outside session
[2026-05-07 13:31:36] [WAIT] Outside session
[2026-05-07 13:32:36] [WAIT] Outside session
[2026-05-07 13:33:36] [WAIT] Outside session
[2026-05-07 13:34:36] [WAIT] Outside session
[2026-05-07 13:35:36] [WAIT] Outside session
[2026-05-07 13:36:36] [WAIT] Outside session
[2026-05-07 13:37:36] [WAIT] Outside session
[2026-05-07 13:38:36] [WAIT] Outside session
[2026-05-07 13:39:36] [WAIT] Outside session
[2026-05-07 13:40:37] [WAIT] Outside session
[2026-05-07 13:41:37] [WAIT] Outside session
[2026-05-07 13:42:37] [WAIT] Outside session
[2026-05-07 13:43:37] [WAIT] Outside session
[2026-05-07 13:44:37] [WAIT] Outside session
[2026-05-07 13:45:37] [WAIT] Outside session
[2026-05-07 13:46:37] [WAIT] Outside session
[2026-05-07 13:47:37] [WAIT] Outside session
[2026-05-07 13:48:37] [WAIT] Outside session
[2026-05-07 13:49:37] [WAIT] Outside session
[2026-05-07 13:50:37] [WAIT] Outside session
[2026-05-07 13:51:37] [WAIT] Outside session
[2026-05-07 13:52:37] [WAIT] Outside session
[2026-05-07 13:53:37] [WAIT] Outside session
[2026-05-07 13:54:37] [WAIT] Outside session
[2026-05-07 13:55:37] [WAIT] Outside session
[2026-05-07 13:56:37] [WAIT] Outside session
[2026-05-07 13:57:37] [WAIT] Outside session
[2026-05-07 13:58:37] [WAIT] Outside session
[2026-05-07 13:59:37] [WAIT] Outside session
[2026-05-07 14:00:37] WARN [AI] AI scan skipped: missing DEEPSEEK_API_KEY
[2026-05-07 14:00:37] [WATCH] Watchlist: XAUUSDm
[2026-05-07 14:00:37] [SELECT] Symbol: XAUUSDm | AI watchlist candidate
[2026-05-07 14:00:37] [SCAN] Analyzing XAUUSDm
[2026-05-07 14:00:37] Signal: {'time': Timestamp('2026-05-07 06:55:00'), 'symbol': 'XAUUSDm', 'side': 'NO_TRADE', 'price': 4739.274, 'reason': 'no Donchian breakout'}
[2026-05-07 14:00:37] [SKIP] XAUUSDm NO_TRADE: no Donchian breakout
[2026-05-07 14:00:37] [WAIT] No order this round
[2026-05-07 14:01:37] [AI] Using cached scan from 2026-05-07 14:00:37 | symbols=
[2026-05-07 14:01:37] [AI] AI watchlist: GBPUSDm(r1), EURUSDm(r2), XAUUSDm(r2), USDJPYm(r3), EURJPYm(r3)
[2026-05-07 14:01:37] [STATS] Hourly rejections (of 1 attempts): {'no_donchian_breakout': '1(100%)'}
[2026-05-07 14:01:37] [WATCH] Watchlist: GBPUSDm, EURUSDm, XAUUSDm, USDJPYm, EURJPYm
[2026-05-07 14:01:37] [SELECT] Symbol switched: XAUUSDm -> GBPUSDm | AI watchlist candidate
[2026-05-07 14:01:37] [SCAN] Analyzing GBPUSDm
[2026-05-07 14:01:38] Signal: {'time': Timestamp('2026-05-07 06:55:00'), 'symbol': 'GBPUSDm', 'side': 'NO_TRADE', 'price': 1.36001, 'reason': 'no Donchian breakout'}
[2026-05-07 14:01:38] [SKIP] GBPUSDm NO_TRADE: no Donchian breakout
[2026-05-07 14:01:38] [SELECT] Symbol switched: GBPUSDm -> EURUSDm | AI watchlist candidate
[2026-05-07 14:01:38] [SCAN] Analyzing EURUSDm
[2026-05-07 14:01:39] Signal: {'time': Timestamp('2026-05-07 06:55:00'), 'symbol': 'EURUSDm', 'side': 'NO_TRADE', 'price': 1.17476, 'reason': 'no Donchian breakout'}
[2026-05-07 14:01:39] [SKIP] EURUSDm NO_TRADE: no Donchian breakout
[2026-05-07 14:01:39] [SELECT] Symbol switched: EURUSDm -> XAUUSDm | AI watchlist candidate
[2026-05-07 14:01:39] [SCAN] Analyzing XAUUSDm
[2026-05-07 14:01:40] [SKIP] XAUUSDm same candle 2026-05-07 06:55:00  skip
[2026-05-07 14:01:40] [SELECT] Symbol switched: XAUUSDm -> USDJPYm | AI watchlist candidate
[2026-05-07 14:01:40] [SCAN] Analyzing USDJPYm
[2026-05-07 14:01:41] Signal: {'time': Timestamp('2026-05-07 06:55:00'), 'symbol': 'USDJPYm', 'side': 'NO_TRADE', 'price': 156.283, 'reason': 'no Donchian breakout'}
[2026-05-07 14:01:41] [SKIP] USDJPYm NO_TRADE: no Donchian breakout
[2026-05-07 14:01:41] [SELECT] Symbol switched: USDJPYm -> EURJPYm | AI watchlist candidate
[2026-05-07 14:01:41] [SCAN] Analyzing EURJPYm
[2026-05-07 14:01:42] Signal: {'time': Timestamp('2026-05-07 06:55:00'), 'symbol': 'EURJPYm', 'side': 'NO_TRADE', 'price': 183.605, 'reason': 'no Donchian breakout'}
[2026-05-07 14:01:42] [SKIP] EURJPYm NO_TRADE: no Donchian breakout
[2026-05-07 14:01:42] [WAIT] No order this round
[2026-05-07 14:02:42] [AI] Using cached scan from 2026-05-07 14:00:37 | symbols=GBPUSDm, EURUSDm, XAUUSDm, USDJPYm, EURJPYm
[2026-05-07 14:02:42] [WATCH] Watchlist: GBPUSDm, EURUSDm, XAUUSDm, USDJPYm, EURJPYm
[2026-05-07 14:02:42] [SELECT] Symbol switched: EURJPYm -> GBPUSDm | AI watchlist candidate
[2026-05-07 14:02:42] [SCAN] Analyzing GBPUSDm
[2026-05-07 14:02:42] [SKIP] GBPUSDm same candle 2026-05-07 06:55:00  skip
[2026-05-07 14:02:42] [SELECT] Symbol switched: GBPUSDm -> EURUSDm | AI watchlist candidate
[2026-05-07 14:02:42] [SCAN] Analyzing EURUSDm
[2026-05-07 14:02:43] [SKIP] EURUSDm same candle 2026-05-07 06:55:00  skip
[2026-05-07 14:02:43] [SELECT] Symbol switched: EURUSDm -> XAUUSDm | AI watchlist candidate
[2026-05-07 14:02:43] [SCAN] Analyzing XAUUSDm
[2026-05-07 14:02:44] [SKIP] XAUUSDm same candle 2026-05-07 06:55:00  skip
[2026-05-07 14:02:44] [SELECT] Symbol switched: XAUUSDm -> USDJPYm | AI watchlist candidate
[2026-05-07 14:02:44] [SCAN] Analyzing USDJPYm
[2026-05-07 14:02:45] [SKIP] USDJPYm same candle 2026-05-07 06:55:00  skip
[2026-05-07 14:02:45] [SELECT] Symbol switched: USDJPYm -> EURJPYm | AI watchlist candidate
[2026-05-07 14:02:45] [SCAN] Analyzing EURJPYm
[2026-05-07 14:02:45] [SKIP] EURJPYm same candle 2026-05-07 06:55:00  skip
[2026-05-07 14:02:45] [WAIT] No order this round
[2026-05-07 14:03:45] [AI] Using cached scan from 2026-05-07 14:00:37 | symbols=GBPUSDm, EURUSDm, XAUUSDm, USDJPYm, EURJPYm
[2026-05-07 14:03:45] [WATCH] Watchlist: GBPUSDm, EURUSDm, XAUUSDm, USDJPYm, EURJPYm
[2026-05-07 14:03:45] [SELECT] Symbol switched: EURJPYm -> GBPUSDm | AI watchlist candidate
[2026-05-07 14:03:45] [SCAN] Analyzing GBPUSDm
[2026-05-07 14:03:46] [SKIP] GBPUSDm same candle 2026-05-07 06:55:00  skip
[2026-05-07 14:03:46] [SELECT] Symbol switched: GBPUSDm -> EURUSDm | AI watchlist candidate
[2026-05-07 14:03:46] [SCAN] Analyzing EURUSDm
[2026-05-07 14:03:47] [SKIP] EURUSDm same candle 2026-05-07 06:55:00  skip
[2026-05-07 14:03:47] [SELECT] Symbol switched: EURUSDm -> XAUUSDm | AI watchlist candidate
[2026-05-07 14:03:47] [SCAN] Analyzing XAUUSDm
[2026-05-07 14:03:48] [SKIP] XAUUSDm same candle 2026-05-07 06:55:00  skip
[2026-05-07 14:03:48] [SELECT] Symbol switched: XAUUSDm -> USDJPYm | AI watchlist candidate
[2026-05-07 14:03:48] [SCAN] Analyzing USDJPYm
[2026-05-07 14:03:48] [SKIP] USDJPYm same candle 2026-05-07 06:55:00  skip
[2026-05-07 14:03:48] [SELECT] Symbol switched: USDJPYm -> EURJPYm | AI watchlist candidate
[2026-05-07 14:03:48] [SCAN] Analyzing EURJPYm
[2026-05-07 14:03:49] [SKIP] EURJPYm same candle 2026-05-07 06:55:00  skip
[2026-05-07 14:03:49] [WAIT] No order this round
[2026-05-07 14:04:49] [AI] Using cached scan from 2026-05-07 14:00:37 | symbols=GBPUSDm, EURUSDm, XAUUSDm, USDJPYm, EURJPYm
[2026-05-07 14:04:49] [WATCH] Watchlist: GBPUSDm, EURUSDm, XAUUSDm, USDJPYm, EURJPYm
[2026-05-07 14:04:49] [SELECT] Symbol switched: EURJPYm -> GBPUSDm | AI watchlist candidate
[2026-05-07 14:04:49] [SCAN] Analyzing GBPUSDm
[2026-05-07 14:04:50] [SKIP] GBPUSDm same candle 2026-05-07 06:55:00  skip
[2026-05-07 14:04:50] [SELECT] Symbol switched: GBPUSDm -> EURUSDm | AI watchlist candidate
[2026-05-07 14:04:50] [SCAN] Analyzing EURUSDm
[2026-05-07 14:04:50] [SKIP] EURUSDm same candle 2026-05-07 06:55:00  skip
[2026-05-07 14:04:50] [SELECT] Symbol switched: EURUSDm -> XAUUSDm | AI watchlist candidate
[2026-05-07 14:04:50] [SCAN] Analyzing XAUUSDm
[2026-05-07 14:04:51] [SKIP] XAUUSDm same candle 2026-05-07 06:55:00  skip
[2026-05-07 14:04:51] [SELECT] Symbol switched: XAUUSDm -> USDJPYm | AI watchlist candidate
[2026-05-07 14:04:51] [SCAN] Analyzing USDJPYm
[2026-05-07 14:04:52] [SKIP] USDJPYm same candle 2026-05-07 06:55:00  skip
[2026-05-07 14:04:52] [SELECT] Symbol switched: USDJPYm -> EURJPYm | AI watchlist candidate
[2026-05-07 14:04:52] [SCAN] Analyzing EURJPYm
[2026-05-07 14:04:53] [SKIP] EURJPYm same candle 2026-05-07 06:55:00  skip
[2026-05-07 14:04:53] [WAIT] No order this round
[2026-05-07 14:05:53] [AI] Using cached scan from 2026-05-07 14:00:37 | symbols=GBPUSDm, EURUSDm, XAUUSDm, USDJPYm, EURJPYm
[2026-05-07 14:05:53] [WATCH] Watchlist: GBPUSDm, EURUSDm, XAUUSDm, USDJPYm, EURJPYm
[2026-05-07 14:05:53] [SELECT] Symbol switched: EURJPYm -> GBPUSDm | AI watchlist candidate
[2026-05-07 14:05:53] [SCAN] Analyzing GBPUSDm
[2026-05-07 14:05:53] Signal: {'time': Timestamp('2026-05-07 07:00:00'), 'symbol': 'GBPUSDm', 'side': 'NO_TRADE', 'price': 1.36067, 'reason': 'no Donchian breakout'}
[2026-05-07 14:05:53] [SKIP] GBPUSDm NO_TRADE: no Donchian breakout
[2026-05-07 14:05:53] [SELECT] Symbol switched: GBPUSDm -> EURUSDm | AI watchlist candidate
[2026-05-07 14:05:53] [SCAN] Analyzing EURUSDm
[2026-05-07 14:05:54] Signal: {'time': Timestamp('2026-05-07 07:00:00'), 'symbol': 'EURUSDm', 'side': 'NO_TRADE', 'price': 1.17546, 'reason': 'no Donchian breakout'}
[2026-05-07 14:05:54] [SKIP] EURUSDm NO_TRADE: no Donchian breakout
[2026-05-07 14:05:54] [SELECT] Symbol switched: EURUSDm -> XAUUSDm | AI watchlist candidate
[2026-05-07 14:05:54] [SCAN] Analyzing XAUUSDm
[2026-05-07 14:05:55] Signal: {'time': Timestamp('2026-05-07 07:00:00'), 'symbol': 'XAUUSDm', 'side': 'NO_TRADE', 'price': 4734.085, 'reason': 'no Donchian breakout'}
[2026-05-07 14:05:55] [SKIP] XAUUSDm NO_TRADE: no Donchian breakout
[2026-05-07 14:05:55] [SELECT] Symbol switched: XAUUSDm -> USDJPYm | AI watchlist candidate
[2026-05-07 14:05:55] [SCAN] Analyzing USDJPYm
[2026-05-07 14:05:56] Signal: {'time': Timestamp('2026-05-07 07:00:00'), 'symbol': 'USDJPYm', 'side': 'NO_TRADE', 'price': 156.243, 'reason': 'no Donchian breakout'}
[2026-05-07 14:05:56] [SKIP] USDJPYm NO_TRADE: no Donchian breakout
[2026-05-07 14:05:56] [SELECT] Symbol switched: USDJPYm -> EURJPYm | AI watchlist candidate
[2026-05-07 14:05:56] [SCAN] Analyzing EURJPYm
[2026-05-07 14:05:56] Signal: {'time': Timestamp('2026-05-07 07:00:00'), 'symbol': 'EURJPYm', 'side': 'NO_TRADE', 'price': 183.661, 'reason': 'no Donchian breakout'}
[2026-05-07 14:05:56] [SKIP] EURJPYm NO_TRADE: no Donchian breakout
[2026-05-07 14:05:56] [WAIT] No order this round
[2026-05-07 14:06:56] [AI] Using cached scan from 2026-05-07 14:00:37 | symbols=GBPUSDm, EURUSDm, XAUUSDm, USDJPYm, EURJPYm
[2026-05-07 14:06:56] [WATCH] Watchlist: GBPUSDm, EURUSDm, XAUUSDm, USDJPYm, EURJPYm
[2026-05-07 14:06:56] [SELECT] Symbol switched: EURJPYm -> GBPUSDm | AI watchlist candidate
[2026-05-07 14:06:56] [SCAN] Analyzing GBPUSDm
[2026-05-07 14:06:57] [SKIP] GBPUSDm same candle 2026-05-07 07:00:00  skip
[2026-05-07 14:06:57] [SELECT] Symbol switched: GBPUSDm -> EURUSDm | AI watchlist candidate
[2026-05-07 14:06:57] [SCAN] Analyzing EURUSDm
[2026-05-07 14:06:58] [SKIP] EURUSDm same candle 2026-05-07 07:00:00  skip
[2026-05-07 14:06:58] [SELECT] Symbol switched: EURUSDm -> XAUUSDm | AI watchlist candidate
[2026-05-07 14:06:58] [SCAN] Analyzing XAUUSDm
[2026-05-07 14:06:59] [SKIP] XAUUSDm same candle 2026-05-07 07:00:00  skip
[2026-05-07 14:06:59] [SELECT] Symbol switched: XAUUSDm -> USDJPYm | AI watchlist candidate
[2026-05-07 14:06:59] [SCAN] Analyzing USDJPYm
[2026-05-07 14:06:59] [SKIP] USDJPYm same candle 2026-05-07 07:00:00  skip
[2026-05-07 14:06:59] [SELECT] Symbol switched: USDJPYm -> EURJPYm | AI watchlist candidate
[2026-05-07 14:06:59] [SCAN] Analyzing EURJPYm
[2026-05-07 14:07:00] [SKIP] EURJPYm same candle 2026-05-07 07:00:00  skip
[2026-05-07 14:07:00] [WAIT] No order this round
[2026-05-07 14:08:00] [AI] Using cached scan from 2026-05-07 14:00:37 | symbols=GBPUSDm, EURUSDm, XAUUSDm, USDJPYm, EURJPYm
[2026-05-07 14:08:00] [WATCH] Watchlist: GBPUSDm, EURUSDm, XAUUSDm, USDJPYm, EURJPYm
[2026-05-07 14:08:00] [SELECT] Symbol switched: EURJPYm -> GBPUSDm | AI watchlist candidate
[2026-05-07 14:08:00] [SCAN] Analyzing GBPUSDm
[2026-05-07 14:08:01] [SKIP] GBPUSDm same candle 2026-05-07 07:00:00  skip
[2026-05-07 14:08:01] [SELECT] Symbol switched: GBPUSDm -> EURUSDm | AI watchlist candidate
[2026-05-07 14:08:01] [SCAN] Analyzing EURUSDm
[2026-05-07 14:08:02] [SKIP] EURUSDm same candle 2026-05-07 07:00:00  skip
[2026-05-07 14:08:02] [SELECT] Symbol switched: EURUSDm -> XAUUSDm | AI watchlist candidate
[2026-05-07 14:08:02] [SCAN] Analyzing XAUUSDm
[2026-05-07 14:08:02] [SKIP] XAUUSDm same candle 2026-05-07 07:00:00  skip
[2026-05-07 14:08:02] [SELECT] Symbol switched: XAUUSDm -> USDJPYm | AI watchlist candidate
[2026-05-07 14:08:02] [SCAN] Analyzing USDJPYm
[2026-05-07 14:08:03] [SKIP] USDJPYm same candle 2026-05-07 07:00:00  skip
[2026-05-07 14:08:03] [SELECT] Symbol switched: USDJPYm -> EURJPYm | AI watchlist candidate
[2026-05-07 14:08:03] [SCAN] Analyzing EURJPYm
[2026-05-07 14:08:04] [SKIP] EURJPYm same candle 2026-05-07 07:00:00  skip
[2026-05-07 14:08:04] [WAIT] No order this round
[2026-05-07 14:09:04] [AI] Using cached scan from 2026-05-07 14:00:37 | symbols=GBPUSDm, EURUSDm, XAUUSDm, USDJPYm, EURJPYm
[2026-05-07 14:09:04] [WATCH] Watchlist: GBPUSDm, EURUSDm, XAUUSDm, USDJPYm, EURJPYm
[2026-05-07 14:09:04] [SELECT] Symbol switched: EURJPYm -> GBPUSDm | AI watchlist candidate
[2026-05-07 14:09:04] [SCAN] Analyzing GBPUSDm
[2026-05-07 14:09:04] [SKIP] GBPUSDm same candle 2026-05-07 07:00:00  skip
[2026-05-07 14:09:04] [SELECT] Symbol switched: GBPUSDm -> EURUSDm | AI watchlist candidate
[2026-05-07 14:09:04] [SCAN] Analyzing EURUSDm
[2026-05-07 14:09:05] [SKIP] EURUSDm same candle 2026-05-07 07:00:00  skip
[2026-05-07 14:09:05] [SELECT] Symbol switched: EURUSDm -> XAUUSDm | AI watchlist candidate
[2026-05-07 14:09:05] [SCAN] Analyzing XAUUSDm
[2026-05-07 14:09:06] [SKIP] XAUUSDm same candle 2026-05-07 07:00:00  skip
[2026-05-07 14:09:06] [SELECT] Symbol switched: XAUUSDm -> USDJPYm | AI watchlist candidate
[2026-05-07 14:09:06] [SCAN] Analyzing USDJPYm
[2026-05-07 14:09:07] [SKIP] USDJPYm same candle 2026-05-07 07:00:00  skip
[2026-05-07 14:09:07] [SELECT] Symbol switched: USDJPYm -> EURJPYm | AI watchlist candidate
[2026-05-07 14:09:07] [SCAN] Analyzing EURJPYm
[2026-05-07 14:09:07] [SKIP] EURJPYm same candle 2026-05-07 07:00:00  skip
[2026-05-07 14:09:07] [WAIT] No order this round
[2026-05-07 14:10:07] [AI] Using cached scan from 2026-05-07 14:00:37 | symbols=GBPUSDm, EURUSDm, XAUUSDm, USDJPYm, EURJPYm
[2026-05-07 14:10:07] [WATCH] Watchlist: GBPUSDm, EURUSDm, XAUUSDm, USDJPYm, EURJPYm
[2026-05-07 14:10:07] [SELECT] Symbol switched: EURJPYm -> GBPUSDm | AI watchlist candidate
[2026-05-07 14:10:07] [SCAN] Analyzing GBPUSDm
[2026-05-07 14:10:08] Signal: {'time': Timestamp('2026-05-07 07:05:00'), 'symbol': 'GBPUSDm', 'side': 'NO_TRADE', 'price': 1.3614, 'reason': 'M15 ADX not rising'}
[2026-05-07 14:10:08] [SKIP] GBPUSDm NO_TRADE: M15 ADX not rising
[2026-05-07 14:10:08] [SELECT] Symbol switched: GBPUSDm -> EURUSDm | AI watchlist candidate
[2026-05-07 14:10:08] [SCAN] Analyzing EURUSDm
[2026-05-07 14:10:09] Signal: {'time': Timestamp('2026-05-07 07:05:00'), 'symbol': 'EURUSDm', 'side': 'NO_TRADE', 'price': 1.17619, 'reason': 'M15 ADX not rising'}
[2026-05-07 14:10:09] [SKIP] EURUSDm NO_TRADE: M15 ADX not rising
[2026-05-07 14:10:09] [SELECT] Symbol switched: EURUSDm -> XAUUSDm | AI watchlist candidate
[2026-05-07 14:10:09] [SCAN] Analyzing XAUUSDm
[2026-05-07 14:10:10] Signal: {'time': Timestamp('2026-05-07 07:05:00'), 'symbol': 'XAUUSDm', 'side': 'NO_TRADE', 'price': 4744.228, 'reason': 'no Donchian breakout'}
[2026-05-07 14:10:10] [SKIP] XAUUSDm NO_TRADE: no Donchian breakout
[2026-05-07 14:10:10] [SELECT] Symbol switched: XAUUSDm -> USDJPYm | AI watchlist candidate
[2026-05-07 14:10:10] [SCAN] Analyzing USDJPYm
[2026-05-07 14:10:10] Signal: {'time': Timestamp('2026-05-07 07:05:00'), 'symbol': 'USDJPYm', 'side': 'NO_TRADE', 'price': 156.097, 'reason': 'M15 ADX not rising'}
[2026-05-07 14:10:10] [SKIP] USDJPYm NO_TRADE: M15 ADX not rising
[2026-05-07 14:10:10] [SELECT] Symbol switched: USDJPYm -> EURJPYm | AI watchlist candidate
[2026-05-07 14:10:10] [SCAN] Analyzing EURJPYm
[2026-05-07 14:10:11] Signal: {'time': Timestamp('2026-05-07 07:05:00'), 'symbol': 'EURJPYm', 'side': 'NO_TRADE', 'price': 183.61, 'reason': 'no Donchian breakout'}
[2026-05-07 14:10:11] [SKIP] EURJPYm NO_TRADE: no Donchian breakout
[2026-05-07 14:10:11] [WAIT] No order this round
[2026-05-07 14:11:11] [AI] Using cached scan from 2026-05-07 14:00:37 | symbols=GBPUSDm, EURUSDm, XAUUSDm, USDJPYm, EURJPYm
[2026-05-07 14:11:11] [WATCH] Watchlist: GBPUSDm, EURUSDm, XAUUSDm, USDJPYm, EURJPYm
[2026-05-07 14:11:11] [SELECT] Symbol switched: EURJPYm -> GBPUSDm | AI watchlist candidate
[2026-05-07 14:11:11] [SCAN] Analyzing GBPUSDm
[2026-05-07 14:11:12] [SKIP] GBPUSDm same candle 2026-05-07 07:05:00  skip
[2026-05-07 14:11:12] [SELECT] Symbol switched: GBPUSDm -> EURUSDm | AI watchlist candidate
[2026-05-07 14:11:12] [SCAN] Analyzing EURUSDm
[2026-05-07 14:11:13] [SKIP] EURUSDm same candle 2026-05-07 07:05:00  skip
[2026-05-07 14:11:13] [SELECT] Symbol switched: EURUSDm -> XAUUSDm | AI watchlist candidate
[2026-05-07 14:11:13] [SCAN] Analyzing XAUUSDm
[2026-05-07 14:11:13] [SKIP] XAUUSDm same candle 2026-05-07 07:05:00  skip
[2026-05-07 14:11:13] [SELECT] Symbol switched: XAUUSDm -> USDJPYm | AI watchlist candidate
[2026-05-07 14:11:13] [SCAN] Analyzing USDJPYm
[2026-05-07 14:11:14] [SKIP] USDJPYm same candle 2026-05-07 07:05:00  skip
[2026-05-07 14:11:14] [SELECT] Symbol switched: USDJPYm -> EURJPYm | AI watchlist candidate
[2026-05-07 14:11:14] [SCAN] Analyzing EURJPYm
[2026-05-07 14:11:15] [SKIP] EURJPYm same candle 2026-05-07 07:05:00  skip
[2026-05-07 14:11:15] [WAIT] No order this round
[2026-05-07 14:12:15] [AI] Using cached scan from 2026-05-07 14:00:37 | symbols=GBPUSDm, EURUSDm, XAUUSDm, USDJPYm, EURJPYm
[2026-05-07 14:12:15] [WATCH] Watchlist: GBPUSDm, EURUSDm, XAUUSDm, USDJPYm, EURJPYm
[2026-05-07 14:12:15] [SELECT] Symbol switched: EURJPYm -> GBPUSDm | AI watchlist candidate
[2026-05-07 14:12:15] [SCAN] Analyzing GBPUSDm
[2026-05-07 14:12:16] [SKIP] GBPUSDm same candle 2026-05-07 07:05:00  skip
[2026-05-07 14:12:16] [SELECT] Symbol switched: GBPUSDm -> EURUSDm | AI watchlist candidate
[2026-05-07 14:12:16] [SCAN] Analyzing EURUSDm
[2026-05-07 14:12:16] [SKIP] EURUSDm same candle 2026-05-07 07:05:00  skip
[2026-05-07 14:12:16] [SELECT] Symbol switched: EURUSDm -> XAUUSDm | AI watchlist candidate
[2026-05-07 14:12:16] [SCAN] Analyzing XAUUSDm
[2026-05-07 14:12:17] [SKIP] XAUUSDm same candle 2026-05-07 07:05:00  skip
[2026-05-07 14:12:17] [SELECT] Symbol switched: XAUUSDm -> USDJPYm | AI watchlist candidate
[2026-05-07 14:12:17] [SCAN] Analyzing USDJPYm
[2026-05-07 14:12:18] [SKIP] USDJPYm same candle 2026-05-07 07:05:00  skip
[2026-05-07 14:12:18] [SELECT] Symbol switched: USDJPYm -> EURJPYm | AI watchlist candidate
[2026-05-07 14:12:18] [SCAN] Analyzing EURJPYm
[2026-05-07 14:12:18] [SKIP] EURJPYm same candle 2026-05-07 07:05:00  skip
[2026-05-07 14:12:18] [WAIT] No order this round
[2026-05-07 14:13:18] [AI] Using cached scan from 2026-05-07 14:00:37 | symbols=GBPUSDm, EURUSDm, XAUUSDm, USDJPYm, EURJPYm
[2026-05-07 14:13:18] [WATCH] Watchlist: GBPUSDm, EURUSDm, XAUUSDm, USDJPYm, EURJPYm
[2026-05-07 14:13:18] [SELECT] Symbol switched: EURJPYm -> GBPUSDm | AI watchlist candidate
[2026-05-07 14:13:18] [SCAN] Analyzing GBPUSDm
[2026-05-07 14:13:19] [SKIP] GBPUSDm same candle 2026-05-07 07:05:00  skip
[2026-05-07 14:13:19] [SELECT] Symbol switched: GBPUSDm -> EURUSDm | AI watchlist candidate
[2026-05-07 14:13:19] [SCAN] Analyzing EURUSDm
[2026-05-07 14:13:20] [SKIP] EURUSDm same candle 2026-05-07 07:05:00  skip
[2026-05-07 14:13:20] [SELECT] Symbol switched: EURUSDm -> XAUUSDm | AI watchlist candidate
[2026-05-07 14:13:20] [SCAN] Analyzing XAUUSDm
[2026-05-07 14:13:21] [SKIP] XAUUSDm same candle 2026-05-07 07:05:00  skip
[2026-05-07 14:13:21] [SELECT] Symbol switched: XAUUSDm -> USDJPYm | AI watchlist candidate
[2026-05-07 14:13:21] [SCAN] Analyzing USDJPYm
[2026-05-07 14:13:21] [SKIP] USDJPYm same candle 2026-05-07 07:05:00  skip
[2026-05-07 14:13:21] [SELECT] Symbol switched: USDJPYm -> EURJPYm | AI watchlist candidate
[2026-05-07 14:13:21] [SCAN] Analyzing EURJPYm
[2026-05-07 14:13:22] [SKIP] EURJPYm same candle 2026-05-07 07:05:00  skip
[2026-05-07 14:13:22] [WAIT] No order this round
[2026-05-07 14:14:22] [AI] Using cached scan from 2026-05-07 14:00:37 | symbols=GBPUSDm, EURUSDm, XAUUSDm, USDJPYm, EURJPYm
[2026-05-07 14:14:22] [WATCH] Watchlist: GBPUSDm, EURUSDm, XAUUSDm, USDJPYm, EURJPYm
[2026-05-07 14:14:22] [SELECT] Symbol switched: EURJPYm -> GBPUSDm | AI watchlist candidate
[2026-05-07 14:14:22] [SCAN] Analyzing GBPUSDm
[2026-05-07 14:14:23] [SKIP] GBPUSDm same candle 2026-05-07 07:05:00  skip
[2026-05-07 14:14:23] [SELECT] Symbol switched: GBPUSDm -> EURUSDm | AI watchlist candidate
[2026-05-07 14:14:23] [SCAN] Analyzing EURUSDm
[2026-05-07 14:14:24] [SKIP] EURUSDm same candle 2026-05-07 07:05:00  skip
[2026-05-07 14:14:24] [SELECT] Symbol switched: EURUSDm -> XAUUSDm | AI watchlist candidate
[2026-05-07 14:14:24] [SCAN] Analyzing XAUUSDm
[2026-05-07 14:14:24] [SKIP] XAUUSDm same candle 2026-05-07 07:05:00  skip
[2026-05-07 14:14:24] [SELECT] Symbol switched: XAUUSDm -> USDJPYm | AI watchlist candidate
[2026-05-07 14:14:24] [SCAN] Analyzing USDJPYm
[2026-05-07 14:14:25] [SKIP] USDJPYm same candle 2026-05-07 07:05:00  skip
[2026-05-07 14:14:25] [SELECT] Symbol switched: USDJPYm -> EURJPYm | AI watchlist candidate
[2026-05-07 14:14:25] [SCAN] Analyzing EURJPYm
[2026-05-07 14:14:26] [SKIP] EURJPYm same candle 2026-05-07 07:05:00  skip
[2026-05-07 14:14:26] [WAIT] No order this round
[2026-05-07 14:15:26] [AI] Using cached scan from 2026-05-07 14:00:37 | symbols=GBPUSDm, EURUSDm, XAUUSDm, USDJPYm, EURJPYm
[2026-05-07 14:15:26] [WATCH] Watchlist: GBPUSDm, EURUSDm, XAUUSDm, USDJPYm, EURJPYm
[2026-05-07 14:15:26] [SELECT] Symbol switched: EURJPYm -> GBPUSDm | AI watchlist candidate
[2026-05-07 14:15:26] [SCAN] Analyzing GBPUSDm
[2026-05-07 14:15:27] Signal: {'time': Timestamp('2026-05-07 07:10:00'), 'symbol': 'GBPUSDm', 'side': 'NO_TRADE', 'price': 1.36213, 'reason': 'M15 ADX not rising'}
[2026-05-07 14:15:27] [SKIP] GBPUSDm NO_TRADE: M15 ADX not rising
[2026-05-07 14:15:27] [SELECT] Symbol switched: GBPUSDm -> EURUSDm | AI watchlist candidate
[2026-05-07 14:15:27] [SCAN] Analyzing EURUSDm
[2026-05-07 14:15:27] Signal: {'time': Timestamp('2026-05-07 07:10:00'), 'symbol': 'EURUSDm', 'side': 'NO_TRADE', 'price': 1.17666, 'reason': 'M15 ADX not rising'}
[2026-05-07 14:15:27] [SKIP] EURUSDm NO_TRADE: M15 ADX not rising
[2026-05-07 14:15:27] [SELECT] Symbol switched: EURUSDm -> XAUUSDm | AI watchlist candidate
[2026-05-07 14:15:27] [SCAN] Analyzing XAUUSDm
[2026-05-07 14:15:28] Signal: {'time': Timestamp('2026-05-07 07:10:00'), 'symbol': 'XAUUSDm', 'side': 'NO_TRADE', 'price': 4748.987, 'reason': 'no Donchian breakout'}
[2026-05-07 14:15:28] [SKIP] XAUUSDm NO_TRADE: no Donchian breakout
[2026-05-07 14:15:28] [SELECT] Symbol switched: XAUUSDm -> USDJPYm | AI watchlist candidate
[2026-05-07 14:15:28] [SCAN] Analyzing USDJPYm
[2026-05-07 14:15:29] Signal: {'time': Timestamp('2026-05-07 07:10:00'), 'symbol': 'USDJPYm', 'side': 'NO_TRADE', 'price': 156.048, 'reason': 'no Donchian breakout'}
[2026-05-07 14:15:29] [SKIP] USDJPYm NO_TRADE: no Donchian breakout
[2026-05-07 14:15:29] [SELECT] Symbol switched: USDJPYm -> EURJPYm | AI watchlist candidate
[2026-05-07 14:15:29] [SCAN] Analyzing EURJPYm
[2026-05-07 14:15:30] Signal: {'time': Timestamp('2026-05-07 07:10:00'), 'symbol': 'EURJPYm', 'side': 'NO_TRADE', 'price': 183.621, 'reason': 'no Donchian breakout'}
[2026-05-07 14:15:30] [SKIP] EURJPYm NO_TRADE: no Donchian breakout
[2026-05-07 14:15:30] [WAIT] No order this round
[2026-05-07 14:16:30] [AI] Using cached scan from 2026-05-07 14:00:37 | symbols=GBPUSDm, EURUSDm, XAUUSDm, USDJPYm, EURJPYm
[2026-05-07 14:16:30] [WATCH] Watchlist: GBPUSDm, EURUSDm, XAUUSDm, USDJPYm, EURJPYm
[2026-05-07 14:16:30] [SELECT] Symbol switched: EURJPYm -> GBPUSDm | AI watchlist candidate
[2026-05-07 14:16:30] [SCAN] Analyzing GBPUSDm
[2026-05-07 14:16:30] [SKIP] GBPUSDm same candle 2026-05-07 07:10:00  skip
[2026-05-07 14:16:30] [SELECT] Symbol switched: GBPUSDm -> EURUSDm | AI watchlist candidate
[2026-05-07 14:16:30] [SCAN] Analyzing EURUSDm
[2026-05-07 14:16:31] [SKIP] EURUSDm same candle 2026-05-07 07:10:00  skip
[2026-05-07 14:16:31] [SELECT] Symbol switched: EURUSDm -> XAUUSDm | AI watchlist candidate
[2026-05-07 14:16:31] [SCAN] Analyzing XAUUSDm
[2026-05-07 14:16:32] [SKIP] XAUUSDm same candle 2026-05-07 07:10:00  skip
[2026-05-07 14:16:32] [SELECT] Symbol switched: XAUUSDm -> USDJPYm | AI watchlist candidate
[2026-05-07 14:16:32] [SCAN] Analyzing USDJPYm
[2026-05-07 14:16:33] [SKIP] USDJPYm same candle 2026-05-07 07:10:00  skip
[2026-05-07 14:16:33] [SELECT] Symbol switched: USDJPYm -> EURJPYm | AI watchlist candidate
[2026-05-07 14:16:33] [SCAN] Analyzing EURJPYm
[2026-05-07 14:16:33] [SKIP] EURJPYm same candle 2026-05-07 07:10:00  skip
[2026-05-07 14:16:33] [WAIT] No order this round
[2026-05-07 14:17:33] [AI] Using cached scan from 2026-05-07 14:00:37 | symbols=GBPUSDm, EURUSDm, XAUUSDm, USDJPYm, EURJPYm
[2026-05-07 14:17:33] [WATCH] Watchlist: GBPUSDm, EURUSDm, XAUUSDm, USDJPYm, EURJPYm
[2026-05-07 14:17:33] [SELECT] Symbol switched: EURJPYm -> GBPUSDm | AI watchlist candidate
[2026-05-07 14:17:33] [SCAN] Analyzing GBPUSDm
[2026-05-07 14:17:34] [SKIP] GBPUSDm same candle 2026-05-07 07:10:00  skip
[2026-05-07 14:17:34] [SELECT] Symbol switched: GBPUSDm -> EURUSDm | AI watchlist candidate
[2026-05-07 14:17:34] [SCAN] Analyzing EURUSDm
[2026-05-07 14:17:35] [SKIP] EURUSDm same candle 2026-05-07 07:10:00  skip
[2026-05-07 14:17:35] [SELECT] Symbol switched: EURUSDm -> XAUUSDm | AI watchlist candidate
[2026-05-07 14:17:35] [SCAN] Analyzing XAUUSDm
[2026-05-07 14:17:36] [SKIP] XAUUSDm same candle 2026-05-07 07:10:00  skip
[2026-05-07 14:17:36] [SELECT] Symbol switched: XAUUSDm -> USDJPYm | AI watchlist candidate
[2026-05-07 14:17:36] [SCAN] Analyzing USDJPYm
[2026-05-07 14:17:36] [SKIP] USDJPYm same candle 2026-05-07 07:10:00  skip
[2026-05-07 14:17:36] [SELECT] Symbol switched: USDJPYm -> EURJPYm | AI watchlist candidate
[2026-05-07 14:17:36] [SCAN] Analyzing EURJPYm
[2026-05-07 14:17:37] [SKIP] EURJPYm same candle 2026-05-07 07:10:00  skip
[2026-05-07 14:17:37] [WAIT] No order this round
[2026-05-07 14:18:37] [AI] Using cached scan from 2026-05-07 14:00:37 | symbols=GBPUSDm, EURUSDm, XAUUSDm, USDJPYm, EURJPYm
[2026-05-07 14:18:37] [WATCH] Watchlist: GBPUSDm, EURUSDm, XAUUSDm, USDJPYm, EURJPYm
[2026-05-07 14:18:37] [SELECT] Symbol switched: EURJPYm -> GBPUSDm | AI watchlist candidate
[2026-05-07 14:18:37] [SCAN] Analyzing GBPUSDm
[2026-05-07 14:18:38] [SKIP] GBPUSDm same candle 2026-05-07 07:10:00  skip
[2026-05-07 14:18:38] [SELECT] Symbol switched: GBPUSDm -> EURUSDm | AI watchlist candidate
[2026-05-07 14:18:38] [SCAN] Analyzing EURUSDm
[2026-05-07 14:18:38] [SKIP] EURUSDm same candle 2026-05-07 07:10:00  skip
[2026-05-07 14:18:38] [SELECT] Symbol switched: EURUSDm -> XAUUSDm | AI watchlist candidate
[2026-05-07 14:18:38] [SCAN] Analyzing XAUUSDm
[2026-05-07 14:18:39] [SKIP] XAUUSDm same candle 2026-05-07 07:10:00  skip
[2026-05-07 14:18:39] [SELECT] Symbol switched: XAUUSDm -> USDJPYm | AI watchlist candidate
[2026-05-07 14:18:39] [SCAN] Analyzing USDJPYm
[2026-05-07 14:18:40] [SKIP] USDJPYm same candle 2026-05-07 07:10:00  skip
[2026-05-07 14:18:40] [SELECT] Symbol switched: USDJPYm -> EURJPYm | AI watchlist candidate
[2026-05-07 14:18:40] [SCAN] Analyzing EURJPYm
[2026-05-07 14:18:41] [SKIP] EURJPYm same candle 2026-05-07 07:10:00  skip
[2026-05-07 14:18:41] [WAIT] No order this round
[2026-05-07 14:19:41] [AI] Using cached scan from 2026-05-07 14:00:37 | symbols=GBPUSDm, EURUSDm, XAUUSDm, USDJPYm, EURJPYm
[2026-05-07 14:19:41] [WATCH] Watchlist: GBPUSDm, EURUSDm, XAUUSDm, USDJPYm, EURJPYm
[2026-05-07 14:19:41] [SELECT] Symbol switched: EURJPYm -> GBPUSDm | AI watchlist candidate
[2026-05-07 14:19:41] [SCAN] Analyzing GBPUSDm
[2026-05-07 14:19:41] [SKIP] GBPUSDm same candle 2026-05-07 07:10:00  skip
[2026-05-07 14:19:41] [SELECT] Symbol switched: GBPUSDm -> EURUSDm | AI watchlist candidate
[2026-05-07 14:19:41] [SCAN] Analyzing EURUSDm
[2026-05-07 14:19:42] [SKIP] EURUSDm same candle 2026-05-07 07:10:00  skip
[2026-05-07 14:19:42] [SELECT] Symbol switched: EURUSDm -> XAUUSDm | AI watchlist candidate
[2026-05-07 14:19:42] [SCAN] Analyzing XAUUSDm
[2026-05-07 14:19:43] [SKIP] XAUUSDm same candle 2026-05-07 07:10:00  skip
[2026-05-07 14:19:43] [SELECT] Symbol switched: XAUUSDm -> USDJPYm | AI watchlist candidate
[2026-05-07 14:19:43] [SCAN] Analyzing USDJPYm
[2026-05-07 14:19:43] [SKIP] USDJPYm same candle 2026-05-07 07:10:00  skip
[2026-05-07 14:19:43] [SELECT] Symbol switched: USDJPYm -> EURJPYm | AI watchlist candidate
[2026-05-07 14:19:43] [SCAN] Analyzing EURJPYm
[2026-05-07 14:19:44] [SKIP] EURJPYm same candle 2026-05-07 07:10:00  skip
[2026-05-07 14:19:44] [WAIT] No order this round
[2026-05-07 14:20:44] [AI] Using cached scan from 2026-05-07 14:00:37 | symbols=GBPUSDm, EURUSDm, XAUUSDm, USDJPYm, EURJPYm
[2026-05-07 14:20:44] [WATCH] Watchlist: GBPUSDm, EURUSDm, XAUUSDm, USDJPYm, EURJPYm
[2026-05-07 14:20:44] [SELECT] Symbol switched: EURJPYm -> GBPUSDm | AI watchlist candidate
[2026-05-07 14:20:44] [SCAN] Analyzing GBPUSDm
[2026-05-07 14:20:45] Signal: {'time': Timestamp('2026-05-07 07:15:00'), 'symbol': 'GBPUSDm', 'side': 'NO_TRADE', 'price': 1.3615, 'reason': 'no Donchian breakout'}
[2026-05-07 14:20:45] [SKIP] GBPUSDm NO_TRADE: no Donchian breakout
[2026-05-07 14:20:45] [SELECT] Symbol switched: GBPUSDm -> EURUSDm | AI watchlist candidate
[2026-05-07 14:20:45] [SCAN] Analyzing EURUSDm
[2026-05-07 14:20:46] Signal: {'time': Timestamp('2026-05-07 07:15:00'), 'symbol': 'EURUSDm', 'side': 'NO_TRADE', 'price': 1.17607, 'reason': 'no Donchian breakout'}
[2026-05-07 14:20:46] [SKIP] EURUSDm NO_TRADE: no Donchian breakout
[2026-05-07 14:20:46] [SELECT] Symbol switched: EURUSDm -> XAUUSDm | AI watchlist candidate
[2026-05-07 14:20:46] [SCAN] Analyzing XAUUSDm
[2026-05-07 14:20:47] Signal: {'time': Timestamp('2026-05-07 07:15:00'), 'symbol': 'XAUUSDm', 'side': 'NO_TRADE', 'price': 4743.608, 'reason': 'no Donchian breakout'}
[2026-05-07 14:20:47] [SKIP] XAUUSDm NO_TRADE: no Donchian breakout
[2026-05-07 14:20:47] [SELECT] Symbol switched: XAUUSDm -> USDJPYm | AI watchlist candidate
[2026-05-07 14:20:47] [SCAN] Analyzing USDJPYm
[2026-05-07 14:20:47] Signal: {'time': Timestamp('2026-05-07 07:15:00'), 'symbol': 'USDJPYm', 'side': 'NO_TRADE', 'price': 156.162, 'reason': 'no Donchian breakout'}
[2026-05-07 14:20:47] [SKIP] USDJPYm NO_TRADE: no Donchian breakout
[2026-05-07 14:20:47] [SELECT] Symbol switched: USDJPYm -> EURJPYm | AI watchlist candidate
[2026-05-07 14:20:47] [SCAN] Analyzing EURJPYm
[2026-05-07 14:20:48] Signal: {'time': Timestamp('2026-05-07 07:15:00'), 'symbol': 'EURJPYm', 'side': 'NO_TRADE', 'price': 183.659, 'reason': 'no Donchian breakout'}
[2026-05-07 14:20:48] [SKIP] EURJPYm NO_TRADE: no Donchian breakout
[2026-05-07 14:20:48] [WAIT] No order this round
[2026-05-07 14:21:48] [AI] Using cached scan from 2026-05-07 14:00:37 | symbols=GBPUSDm, EURUSDm, XAUUSDm, USDJPYm, EURJPYm
[2026-05-07 14:21:48] [WATCH] Watchlist: GBPUSDm, EURUSDm, XAUUSDm, USDJPYm, EURJPYm
[2026-05-07 14:21:48] [SELECT] Symbol switched: EURJPYm -> GBPUSDm | AI watchlist candidate
[2026-05-07 14:21:48] [SCAN] Analyzing GBPUSDm
[2026-05-07 14:21:49] [SKIP] GBPUSDm same candle 2026-05-07 07:15:00  skip
[2026-05-07 14:21:49] [SELECT] Symbol switched: GBPUSDm -> EURUSDm | AI watchlist candidate
[2026-05-07 14:21:49] [SCAN] Analyzing EURUSDm
[2026-05-07 14:21:49] [SKIP] EURUSDm same candle 2026-05-07 07:15:00  skip
[2026-05-07 14:21:49] [SELECT] Symbol switched: EURUSDm -> XAUUSDm | AI watchlist candidate
[2026-05-07 14:21:49] [SCAN] Analyzing XAUUSDm
[2026-05-07 14:21:50] [SKIP] XAUUSDm same candle 2026-05-07 07:15:00  skip
[2026-05-07 14:21:50] [SELECT] Symbol switched: XAUUSDm -> USDJPYm | AI watchlist candidate
[2026-05-07 14:21:50] [SCAN] Analyzing USDJPYm
[2026-05-07 14:21:51] [SKIP] USDJPYm same candle 2026-05-07 07:15:00  skip
[2026-05-07 14:21:51] [SELECT] Symbol switched: USDJPYm -> EURJPYm | AI watchlist candidate
[2026-05-07 14:21:51] [SCAN] Analyzing EURJPYm
[2026-05-07 14:21:52] [SKIP] EURJPYm same candle 2026-05-07 07:15:00  skip
[2026-05-07 14:21:52] [WAIT] No order this round
[2026-05-07 14:22:52] [AI] Using cached scan from 2026-05-07 14:00:37 | symbols=GBPUSDm, EURUSDm, XAUUSDm, USDJPYm, EURJPYm
[2026-05-07 14:22:52] [WATCH] Watchlist: GBPUSDm, EURUSDm, XAUUSDm, USDJPYm, EURJPYm
[2026-05-07 14:22:52] [SELECT] Symbol switched: EURJPYm -> GBPUSDm | AI watchlist candidate
[2026-05-07 14:22:52] [SCAN] Analyzing GBPUSDm
[2026-05-07 14:22:52] [SKIP] GBPUSDm same candle 2026-05-07 07:15:00  skip
[2026-05-07 14:22:52] [SELECT] Symbol switched: GBPUSDm -> EURUSDm | AI watchlist candidate
[2026-05-07 14:22:52] [SCAN] Analyzing EURUSDm
[2026-05-07 14:22:53] [SKIP] EURUSDm same candle 2026-05-07 07:15:00  skip
[2026-05-07 14:22:53] [SELECT] Symbol switched: EURUSDm -> XAUUSDm | AI watchlist candidate
[2026-05-07 14:22:53] [SCAN] Analyzing XAUUSDm
[2026-05-07 14:22:54] [SKIP] XAUUSDm same candle 2026-05-07 07:15:00  skip
[2026-05-07 14:22:54] [SELECT] Symbol switched: XAUUSDm -> USDJPYm | AI watchlist candidate
[2026-05-07 14:22:54] [SCAN] Analyzing USDJPYm
[2026-05-07 14:22:55] [SKIP] USDJPYm same candle 2026-05-07 07:15:00  skip
[2026-05-07 14:22:55] [SELECT] Symbol switched: USDJPYm -> EURJPYm | AI watchlist candidate
[2026-05-07 14:22:55] [SCAN] Analyzing EURJPYm
[2026-05-07 14:22:55] [SKIP] EURJPYm same candle 2026-05-07 07:15:00  skip
[2026-05-07 14:22:55] [WAIT] No order this round
[2026-05-07 14:23:55] [AI] Using cached scan from 2026-05-07 14:00:37 | symbols=GBPUSDm, EURUSDm, XAUUSDm, USDJPYm, EURJPYm
[2026-05-07 14:23:55] [WATCH] Watchlist: GBPUSDm, EURUSDm, XAUUSDm, USDJPYm, EURJPYm
[2026-05-07 14:23:55] [SELECT] Symbol switched: EURJPYm -> GBPUSDm | AI watchlist candidate
[2026-05-07 14:23:55] [SCAN] Analyzing GBPUSDm
[2026-05-07 14:23:56] [SKIP] GBPUSDm same candle 2026-05-07 07:15:00  skip
[2026-05-07 14:23:56] [SELECT] Symbol switched: GBPUSDm -> EURUSDm | AI watchlist candidate
[2026-05-07 14:23:56] [SCAN] Analyzing EURUSDm
[2026-05-07 14:23:57] [SKIP] EURUSDm same candle 2026-05-07 07:15:00  skip
[2026-05-07 14:23:57] [SELECT] Symbol switched: EURUSDm -> XAUUSDm | AI watchlist candidate
[2026-05-07 14:23:57] [SCAN] Analyzing XAUUSDm
[2026-05-07 14:23:57] [SKIP] XAUUSDm same candle 2026-05-07 07:15:00  skip
[2026-05-07 14:23:57] [SELECT] Symbol switched: XAUUSDm -> USDJPYm | AI watchlist candidate
[2026-05-07 14:23:57] [SCAN] Analyzing USDJPYm
[2026-05-07 14:23:58] [SKIP] USDJPYm same candle 2026-05-07 07:15:00  skip
[2026-05-07 14:23:58] [SELECT] Symbol switched: USDJPYm -> EURJPYm | AI watchlist candidate
[2026-05-07 14:23:58] [SCAN] Analyzing EURJPYm
[2026-05-07 14:23:59] [SKIP] EURJPYm same candle 2026-05-07 07:15:00  skip
[2026-05-07 14:23:59] [WAIT] No order this round
[2026-05-07 14:24:59] [AI] Using cached scan from 2026-05-07 14:00:37 | symbols=GBPUSDm, EURUSDm, XAUUSDm, USDJPYm, EURJPYm
[2026-05-07 14:24:59] [WATCH] Watchlist: GBPUSDm, EURUSDm, XAUUSDm, USDJPYm, EURJPYm
[2026-05-07 14:24:59] [SELECT] Symbol switched: EURJPYm -> GBPUSDm | AI watchlist candidate
[2026-05-07 14:24:59] [SCAN] Analyzing GBPUSDm
[2026-05-07 14:25:00] [SKIP] GBPUSDm same candle 2026-05-07 07:15:00  skip
[2026-05-07 14:25:00] [SELECT] Symbol switched: GBPUSDm -> EURUSDm | AI watchlist candidate
[2026-05-07 14:25:00] [SCAN] Analyzing EURUSDm
[2026-05-07 14:25:00] Signal: {'time': Timestamp('2026-05-07 07:20:00'), 'symbol': 'EURUSDm', 'side': 'NO_TRADE', 'price': 1.17639, 'reason': 'no Donchian breakout'}
[2026-05-07 14:25:00] [SKIP] EURUSDm NO_TRADE: no Donchian breakout
[2026-05-07 14:25:00] [SELECT] Symbol switched: EURUSDm -> XAUUSDm | AI watchlist candidate
[2026-05-07 14:25:00] [SCAN] Analyzing XAUUSDm
[2026-05-07 14:25:01] Signal: {'time': Timestamp('2026-05-07 07:20:00'), 'symbol': 'XAUUSDm', 'side': 'NO_TRADE', 'price': 4739.73, 'reason': 'no Donchian breakout'}
[2026-05-07 14:25:01] [SKIP] XAUUSDm NO_TRADE: no Donchian breakout
[2026-05-07 14:25:01] [SELECT] Symbol switched: XAUUSDm -> USDJPYm | AI watchlist candidate
[2026-05-07 14:25:01] [SCAN] Analyzing USDJPYm
[2026-05-07 14:25:02] Signal: {'time': Timestamp('2026-05-07 07:20:00'), 'symbol': 'USDJPYm', 'side': 'NO_TRADE', 'price': 156.15, 'reason': 'no Donchian breakout'}
[2026-05-07 14:25:02] [SKIP] USDJPYm NO_TRADE: no Donchian breakout
[2026-05-07 14:25:02] [SELECT] Symbol switched: USDJPYm -> EURJPYm | AI watchlist candidate
[2026-05-07 14:25:02] [SCAN] Analyzing EURJPYm
[2026-05-07 14:25:03] Signal: {'time': Timestamp('2026-05-07 07:20:00'), 'symbol': 'EURJPYm', 'side': 'NO_TRADE', 'price': 183.693, 'reason': 'no Donchian breakout'}
[2026-05-07 14:25:03] [SKIP] EURJPYm NO_TRADE: no Donchian breakout
[2026-05-07 14:25:03] [WAIT] No order this round
[2026-05-07 14:26:03] [AI] Using cached scan from 2026-05-07 14:00:37 | symbols=GBPUSDm, EURUSDm, XAUUSDm, USDJPYm, EURJPYm
[2026-05-07 14:26:03] [WATCH] Watchlist: GBPUSDm, EURUSDm, XAUUSDm, USDJPYm, EURJPYm
[2026-05-07 14:26:03] [SELECT] Symbol switched: EURJPYm -> GBPUSDm | AI watchlist candidate
[2026-05-07 14:26:03] [SCAN] Analyzing GBPUSDm
[2026-05-07 14:26:03] Signal: {'time': Timestamp('2026-05-07 07:20:00'), 'symbol': 'GBPUSDm', 'side': 'NO_TRADE', 'price': 1.36193, 'reason': 'no Donchian breakout'}
[2026-05-07 14:26:03] [SKIP] GBPUSDm NO_TRADE: no Donchian breakout
[2026-05-07 14:26:03] [SELECT] Symbol switched: GBPUSDm -> EURUSDm | AI watchlist candidate
[2026-05-07 14:26:03] [SCAN] Analyzing EURUSDm
[2026-05-07 14:26:04] [SKIP] EURUSDm same candle 2026-05-07 07:20:00  skip
[2026-05-07 14:26:04] [SELECT] Symbol switched: EURUSDm -> XAUUSDm | AI watchlist candidate
[2026-05-07 14:26:04] [SCAN] Analyzing XAUUSDm
[2026-05-07 14:26:05] [SKIP] XAUUSDm same candle 2026-05-07 07:20:00  skip
[2026-05-07 14:26:05] [SELECT] Symbol switched: XAUUSDm -> USDJPYm | AI watchlist candidate
[2026-05-07 14:26:05] [SCAN] Analyzing USDJPYm
[2026-05-07 14:26:06] [SKIP] USDJPYm same candle 2026-05-07 07:20:00  skip
[2026-05-07 14:26:06] [SELECT] Symbol switched: USDJPYm -> EURJPYm | AI watchlist candidate
[2026-05-07 14:26:06] [SCAN] Analyzing EURJPYm
[2026-05-07 14:26:07] [SKIP] EURJPYm same candle 2026-05-07 07:20:00  skip
[2026-05-07 14:26:07] [WAIT] No order this round
[2026-05-07 14:27:07] [AI] Using cached scan from 2026-05-07 14:00:37 | symbols=GBPUSDm, EURUSDm, XAUUSDm, USDJPYm, EURJPYm
[2026-05-07 14:27:07] [WATCH] Watchlist: GBPUSDm, EURUSDm, XAUUSDm, USDJPYm, EURJPYm
[2026-05-07 14:27:07] [SELECT] Symbol switched: EURJPYm -> GBPUSDm | AI watchlist candidate
[2026-05-07 14:27:07] [SCAN] Analyzing GBPUSDm
[2026-05-07 14:27:07] [SKIP] GBPUSDm same candle 2026-05-07 07:20:00  skip
[2026-05-07 14:27:07] [SELECT] Symbol switched: GBPUSDm -> EURUSDm | AI watchlist candidate
[2026-05-07 14:27:07] [SCAN] Analyzing EURUSDm
[2026-05-07 14:27:08] [SKIP] EURUSDm same candle 2026-05-07 07:20:00  skip
[2026-05-07 14:27:08] [SELECT] Symbol switched: EURUSDm -> XAUUSDm | AI watchlist candidate
[2026-05-07 14:27:08] [SCAN] Analyzing XAUUSDm
[2026-05-07 14:27:09] [SKIP] XAUUSDm same candle 2026-05-07 07:20:00  skip
[2026-05-07 14:27:09] [SELECT] Symbol switched: XAUUSDm -> USDJPYm | AI watchlist candidate
[2026-05-07 14:27:09] [SCAN] Analyzing USDJPYm
[2026-05-07 14:27:09] [SKIP] USDJPYm same candle 2026-05-07 07:20:00  skip
[2026-05-07 14:27:09] [SELECT] Symbol switched: USDJPYm -> EURJPYm | AI watchlist candidate
[2026-05-07 14:27:09] [SCAN] Analyzing EURJPYm
[2026-05-07 14:27:10] [SKIP] EURJPYm same candle 2026-05-07 07:20:00  skip
[2026-05-07 14:27:10] [WAIT] No order this round
[2026-05-07 14:28:10] [AI] Using cached scan from 2026-05-07 14:00:37 | symbols=GBPUSDm, EURUSDm, XAUUSDm, USDJPYm, EURJPYm
[2026-05-07 14:28:10] [WATCH] Watchlist: GBPUSDm, EURUSDm, XAUUSDm, USDJPYm, EURJPYm
[2026-05-07 14:28:10] [SELECT] Symbol switched: EURJPYm -> GBPUSDm | AI watchlist candidate
[2026-05-07 14:28:10] [SCAN] Analyzing GBPUSDm
[2026-05-07 14:28:11] [SKIP] GBPUSDm same candle 2026-05-07 07:20:00  skip
[2026-05-07 14:28:11] [SELECT] Symbol switched: GBPUSDm -> EURUSDm | AI watchlist candidate
[2026-05-07 14:28:11] [SCAN] Analyzing EURUSDm
[2026-05-07 14:28:12] [SKIP] EURUSDm same candle 2026-05-07 07:20:00  skip
[2026-05-07 14:28:12] [SELECT] Symbol switched: EURUSDm -> XAUUSDm | AI watchlist candidate
[2026-05-07 14:28:12] [SCAN] Analyzing XAUUSDm
[2026-05-07 14:28:12] [SKIP] XAUUSDm same candle 2026-05-07 07:20:00  skip
[2026-05-07 14:28:12] [SELECT] Symbol switched: XAUUSDm -> USDJPYm | AI watchlist candidate
[2026-05-07 14:28:12] [SCAN] Analyzing USDJPYm
[2026-05-07 14:28:13] [SKIP] USDJPYm same candle 2026-05-07 07:20:00  skip
[2026-05-07 14:28:13] [SELECT] Symbol switched: USDJPYm -> EURJPYm | AI watchlist candidate
[2026-05-07 14:28:13] [SCAN] Analyzing EURJPYm
[2026-05-07 14:28:14] [SKIP] EURJPYm same candle 2026-05-07 07:20:00  skip
[2026-05-07 14:28:14] [WAIT] No order this round
[2026-05-07 14:29:14] [AI] Using cached scan from 2026-05-07 14:00:37 | symbols=GBPUSDm, EURUSDm, XAUUSDm, USDJPYm, EURJPYm
[2026-05-07 14:29:14] [WATCH] Watchlist: GBPUSDm, EURUSDm, XAUUSDm, USDJPYm, EURJPYm
[2026-05-07 14:29:14] [SELECT] Symbol switched: EURJPYm -> GBPUSDm | AI watchlist candidate
[2026-05-07 14:29:14] [SCAN] Analyzing GBPUSDm
[2026-05-07 14:29:14] [SKIP] GBPUSDm same candle 2026-05-07 07:20:00  skip
[2026-05-07 14:29:14] [SELECT] Symbol switched: GBPUSDm -> EURUSDm | AI watchlist candidate
[2026-05-07 14:29:14] [SCAN] Analyzing EURUSDm
[2026-05-07 14:29:15] [SKIP] EURUSDm same candle 2026-05-07 07:20:00  skip
[2026-05-07 14:29:15] [SELECT] Symbol switched: EURUSDm -> XAUUSDm | AI watchlist candidate
[2026-05-07 14:29:15] [SCAN] Analyzing XAUUSDm
[2026-05-07 14:29:16] [SKIP] XAUUSDm same candle 2026-05-07 07:20:00  skip
[2026-05-07 14:29:16] [SELECT] Symbol switched: XAUUSDm -> USDJPYm | AI watchlist candidate
[2026-05-07 14:29:16] [SCAN] Analyzing USDJPYm
[2026-05-07 14:29:17] [SKIP] USDJPYm same candle 2026-05-07 07:20:00  skip
[2026-05-07 14:29:17] [SELECT] Symbol switched: USDJPYm -> EURJPYm | AI watchlist candidate
[2026-05-07 14:29:17] [SCAN] Analyzing EURJPYm
[2026-05-07 14:29:17] [SKIP] EURJPYm same candle 2026-05-07 07:20:00  skip
[2026-05-07 14:29:17] [WAIT] No order this round
[2026-05-07 14:30:17] [AI] Using cached scan from 2026-05-07 14:00:37 | symbols=GBPUSDm, EURUSDm, XAUUSDm, USDJPYm, EURJPYm
[2026-05-07 14:30:17] [WATCH] Watchlist: GBPUSDm, EURUSDm, XAUUSDm, USDJPYm, EURJPYm
[2026-05-07 14:30:17] [SELECT] Symbol switched: EURJPYm -> GBPUSDm | AI watchlist candidate
[2026-05-07 14:30:17] [SCAN] Analyzing GBPUSDm
[2026-05-07 14:30:18] Signal: {'time': Timestamp('2026-05-07 07:25:00'), 'symbol': 'GBPUSDm', 'side': 'NO_TRADE', 'price': 1.36188, 'reason': 'no Donchian breakout'}
[2026-05-07 14:30:18] [SKIP] GBPUSDm NO_TRADE: no Donchian breakout
[2026-05-07 14:30:18] [SELECT] Symbol switched: GBPUSDm -> EURUSDm | AI watchlist candidate
[2026-05-07 14:30:18] [SCAN] Analyzing EURUSDm
[2026-05-07 14:30:19] Signal: {'time': Timestamp('2026-05-07 07:25:00'), 'symbol': 'EURUSDm', 'side': 'NO_TRADE', 'price': 1.1764000000000001, 'reason': 'no Donchian breakout'}
[2026-05-07 14:30:19] [SKIP] EURUSDm NO_TRADE: no Donchian breakout
[2026-05-07 14:30:19] [SELECT] Symbol switched: EURUSDm -> XAUUSDm | AI watchlist candidate
[2026-05-07 14:30:19] [SCAN] Analyzing XAUUSDm
[2026-05-07 14:30:20] Signal: {'time': Timestamp('2026-05-07 07:25:00'), 'symbol': 'XAUUSDm', 'side': 'NO_TRADE', 'price': 4739.551, 'reason': 'no Donchian breakout'}
[2026-05-07 14:30:20] [SKIP] XAUUSDm NO_TRADE: no Donchian breakout
[2026-05-07 14:30:20] [SELECT] Symbol switched: XAUUSDm -> USDJPYm | AI watchlist candidate
[2026-05-07 14:30:20] [SCAN] Analyzing USDJPYm
[2026-05-07 14:30:20] Signal: {'time': Timestamp('2026-05-07 07:25:00'), 'symbol': 'USDJPYm', 'side': 'NO_TRADE', 'price': 156.141, 'reason': 'no Donchian breakout'}
[2026-05-07 14:30:20] [SKIP] USDJPYm NO_TRADE: no Donchian breakout
[2026-05-07 14:30:20] [SELECT] Symbol switched: USDJPYm -> EURJPYm | AI watchlist candidate
[2026-05-07 14:30:20] [SCAN] Analyzing EURJPYm
[2026-05-07 14:30:21] Signal: {'time': Timestamp('2026-05-07 07:25:00'), 'symbol': 'EURJPYm', 'side': 'NO_TRADE', 'price': 183.694, 'reason': 'no Donchian breakout'}
[2026-05-07 14:30:21] [SKIP] EURJPYm NO_TRADE: no Donchian breakout
[2026-05-07 14:30:21] [WAIT] No order this round
[2026-05-07 14:31:21] [AI] Using cached scan from 2026-05-07 14:00:37 | symbols=GBPUSDm, EURUSDm, XAUUSDm, USDJPYm, EURJPYm
[2026-05-07 14:31:21] [WATCH] Watchlist: GBPUSDm, EURUSDm, XAUUSDm, USDJPYm, EURJPYm
[2026-05-07 14:31:21] [SELECT] Symbol switched: EURJPYm -> GBPUSDm | AI watchlist candidate
[2026-05-07 14:31:21] [SCAN] Analyzing GBPUSDm
[2026-05-07 14:31:22] [SKIP] GBPUSDm same candle 2026-05-07 07:25:00  skip
[2026-05-07 14:31:22] [SELECT] Symbol switched: GBPUSDm -> EURUSDm | AI watchlist candidate
[2026-05-07 14:31:22] [SCAN] Analyzing EURUSDm
[2026-05-07 14:31:23] [SKIP] EURUSDm same candle 2026-05-07 07:25:00  skip
[2026-05-07 14:31:23] [SELECT] Symbol switched: EURUSDm -> XAUUSDm | AI watchlist candidate
[2026-05-07 14:31:23] [SCAN] Analyzing XAUUSDm
[2026-05-07 14:31:23] [SKIP] XAUUSDm same candle 2026-05-07 07:25:00  skip
[2026-05-07 14:31:23] [SELECT] Symbol switched: XAUUSDm -> USDJPYm | AI watchlist candidate
[2026-05-07 14:31:23] [SCAN] Analyzing USDJPYm
[2026-05-07 14:31:24] [SKIP] USDJPYm same candle 2026-05-07 07:25:00  skip
[2026-05-07 14:31:24] [SELECT] Symbol switched: USDJPYm -> EURJPYm | AI watchlist candidate
[2026-05-07 14:31:24] [SCAN] Analyzing EURJPYm
[2026-05-07 14:31:25] [SKIP] EURJPYm same candle 2026-05-07 07:25:00  skip
[2026-05-07 14:31:25] [WAIT] No order this round
[2026-05-07 14:32:25] [AI] Using cached scan from 2026-05-07 14:00:37 | symbols=GBPUSDm, EURUSDm, XAUUSDm, USDJPYm, EURJPYm
[2026-05-07 14:32:25] [WATCH] Watchlist: GBPUSDm, EURUSDm, XAUUSDm, USDJPYm, EURJPYm
[2026-05-07 14:32:25] [SELECT] Symbol switched: EURJPYm -> GBPUSDm | AI watchlist candidate
[2026-05-07 14:32:25] [SCAN] Analyzing GBPUSDm
[2026-05-07 14:32:25] [SKIP] GBPUSDm same candle 2026-05-07 07:25:00  skip
[2026-05-07 14:32:25] [SELECT] Symbol switched: GBPUSDm -> EURUSDm | AI watchlist candidate
[2026-05-07 14:32:25] [SCAN] Analyzing EURUSDm
[2026-05-07 14:32:26] [SKIP] EURUSDm same candle 2026-05-07 07:25:00  skip
[2026-05-07 14:32:26] [SELECT] Symbol switched: EURUSDm -> XAUUSDm | AI watchlist candidate
[2026-05-07 14:32:26] [SCAN] Analyzing XAUUSDm
[2026-05-07 14:32:27] [SKIP] XAUUSDm same candle 2026-05-07 07:25:00  skip
[2026-05-07 14:32:27] [SELECT] Symbol switched: XAUUSDm -> USDJPYm | AI watchlist candidate
[2026-05-07 14:32:27] [SCAN] Analyzing USDJPYm
[2026-05-07 14:32:28] [SKIP] USDJPYm same candle 2026-05-07 07:25:00  skip
[2026-05-07 14:32:28] [SELECT] Symbol switched: USDJPYm -> EURJPYm | AI watchlist candidate
[2026-05-07 14:32:28] [SCAN] Analyzing EURJPYm
[2026-05-07 14:32:28] [SKIP] EURJPYm same candle 2026-05-07 07:25:00  skip
[2026-05-07 14:32:28] [WAIT] No order this round
[2026-05-07 14:33:28] [AI] Using cached scan from 2026-05-07 14:00:37 | symbols=GBPUSDm, EURUSDm, XAUUSDm, USDJPYm, EURJPYm
[2026-05-07 14:33:28] [WATCH] Watchlist: GBPUSDm, EURUSDm, XAUUSDm, USDJPYm, EURJPYm
[2026-05-07 14:33:28] [SELECT] Symbol switched: EURJPYm -> GBPUSDm | AI watchlist candidate
[2026-05-07 14:33:28] [SCAN] Analyzing GBPUSDm
[2026-05-07 14:33:29] [SKIP] GBPUSDm same candle 2026-05-07 07:25:00  skip
[2026-05-07 14:33:29] [SELECT] Symbol switched: GBPUSDm -> EURUSDm | AI watchlist candidate
[2026-05-07 14:33:29] [SCAN] Analyzing EURUSDm
[2026-05-07 14:33:30] [SKIP] EURUSDm same candle 2026-05-07 07:25:00  skip
[2026-05-07 14:33:30] [SELECT] Symbol switched: EURUSDm -> XAUUSDm | AI watchlist candidate
[2026-05-07 14:33:30] [SCAN] Analyzing XAUUSDm
[2026-05-07 14:33:31] [SKIP] XAUUSDm same candle 2026-05-07 07:25:00  skip
[2026-05-07 14:33:31] [SELECT] Symbol switched: XAUUSDm -> USDJPYm | AI watchlist candidate
[2026-05-07 14:33:31] [SCAN] Analyzing USDJPYm
[2026-05-07 14:33:31] [SKIP] USDJPYm same candle 2026-05-07 07:25:00  skip
[2026-05-07 14:33:31] [SELECT] Symbol switched: USDJPYm -> EURJPYm | AI watchlist candidate
[2026-05-07 14:33:31] [SCAN] Analyzing EURJPYm
[2026-05-07 14:33:32] [SKIP] EURJPYm same candle 2026-05-07 07:25:00  skip
[2026-05-07 14:33:32] [WAIT] No order this round
[2026-05-07 14:34:32] [AI] Using cached scan from 2026-05-07 14:00:37 | symbols=GBPUSDm, EURUSDm, XAUUSDm, USDJPYm, EURJPYm
[2026-05-07 14:34:32] [WATCH] Watchlist: GBPUSDm, EURUSDm, XAUUSDm, USDJPYm, EURJPYm
[2026-05-07 14:34:32] [SELECT] Symbol switched: EURJPYm -> GBPUSDm | AI watchlist candidate
[2026-05-07 14:34:32] [SCAN] Analyzing GBPUSDm
[2026-05-07 14:34:33] [SKIP] GBPUSDm same candle 2026-05-07 07:25:00  skip
[2026-05-07 14:34:33] [SELECT] Symbol switched: GBPUSDm -> EURUSDm | AI watchlist candidate
[2026-05-07 14:34:33] [SCAN] Analyzing EURUSDm
[2026-05-07 14:34:33] [SKIP] EURUSDm same candle 2026-05-07 07:25:00  skip
[2026-05-07 14:34:33] [SELECT] Symbol switched: EURUSDm -> XAUUSDm | AI watchlist candidate
[2026-05-07 14:34:33] [SCAN] Analyzing XAUUSDm
[2026-05-07 14:34:34] [SKIP] XAUUSDm same candle 2026-05-07 07:25:00  skip
[2026-05-07 14:34:34] [SELECT] Symbol switched: XAUUSDm -> USDJPYm | AI watchlist candidate
[2026-05-07 14:34:34] [SCAN] Analyzing USDJPYm
[2026-05-07 14:34:35] [SKIP] USDJPYm same candle 2026-05-07 07:25:00  skip
[2026-05-07 14:34:35] [SELECT] Symbol switched: USDJPYm -> EURJPYm | AI watchlist candidate
[2026-05-07 14:34:35] [SCAN] Analyzing EURJPYm
[2026-05-07 14:34:36] [SKIP] EURJPYm same candle 2026-05-07 07:25:00  skip
[2026-05-07 14:34:36] [WAIT] No order this round
[2026-05-07 14:35:36] [AI] Using cached scan from 2026-05-07 14:00:37 | symbols=GBPUSDm, EURUSDm, XAUUSDm, USDJPYm, EURJPYm
[2026-05-07 14:35:36] [WATCH] Watchlist: GBPUSDm, EURUSDm, XAUUSDm, USDJPYm, EURJPYm
[2026-05-07 14:35:36] [SELECT] Symbol switched: EURJPYm -> GBPUSDm | AI watchlist candidate
[2026-05-07 14:35:36] [SCAN] Analyzing GBPUSDm
[2026-05-07 14:35:36] Signal: {'time': Timestamp('2026-05-07 07:30:00'), 'symbol': 'GBPUSDm', 'side': 'NO_TRADE', 'price': 1.3616, 'reason': 'no Donchian breakout'}
[2026-05-07 14:35:36] [SKIP] GBPUSDm NO_TRADE: no Donchian breakout
[2026-05-07 14:35:36] [SELECT] Symbol switched: GBPUSDm -> EURUSDm | AI watchlist candidate
[2026-05-07 14:35:36] [SCAN] Analyzing EURUSDm
[2026-05-07 14:35:37] Signal: {'time': Timestamp('2026-05-07 07:30:00'), 'symbol': 'EURUSDm', 'side': 'NO_TRADE', 'price': 1.1763, 'reason': 'no Donchian breakout'}
[2026-05-07 14:35:37] [SKIP] EURUSDm NO_TRADE: no Donchian breakout
[2026-05-07 14:35:37] [SELECT] Symbol switched: EURUSDm -> XAUUSDm | AI watchlist candidate
[2026-05-07 14:35:37] [SCAN] Analyzing XAUUSDm
[2026-05-07 14:35:38] Signal: {'time': Timestamp('2026-05-07 07:30:00'), 'symbol': 'XAUUSDm', 'side': 'NO_TRADE', 'price': 4741.916, 'reason': 'no Donchian breakout'}
[2026-05-07 14:35:38] [SKIP] XAUUSDm NO_TRADE: no Donchian breakout
[2026-05-07 14:35:38] [SELECT] Symbol switched: XAUUSDm -> USDJPYm | AI watchlist candidate
[2026-05-07 14:35:38] [SCAN] Analyzing USDJPYm
[2026-05-07 14:35:39] Signal: {'time': Timestamp('2026-05-07 07:30:00'), 'symbol': 'USDJPYm', 'side': 'NO_TRADE', 'price': 156.213, 'reason': 'no Donchian breakout'}
[2026-05-07 14:35:39] [SKIP] USDJPYm NO_TRADE: no Donchian breakout
[2026-05-07 14:35:39] [SELECT] Symbol switched: USDJPYm -> EURJPYm | AI watchlist candidate
[2026-05-07 14:35:39] [SCAN] Analyzing EURJPYm
[2026-05-07 14:35:40] Signal: {'time': Timestamp('2026-05-07 07:30:00'), 'symbol': 'EURJPYm', 'side': 'NO_TRADE', 'price': 183.757, 'reason': 'no Donchian breakout'}
[2026-05-07 14:35:40] [SKIP] EURJPYm NO_TRADE: no Donchian breakout
[2026-05-07 14:35:40] [WAIT] No order this round
[2026-05-07 14:36:40] [AI] Using cached scan from 2026-05-07 14:00:37 | symbols=GBPUSDm, EURUSDm, XAUUSDm, USDJPYm, EURJPYm
[2026-05-07 14:36:40] [WATCH] Watchlist: GBPUSDm, EURUSDm, XAUUSDm, USDJPYm, EURJPYm
[2026-05-07 14:36:40] [SELECT] Symbol switched: EURJPYm -> GBPUSDm | AI watchlist candidate
[2026-05-07 14:36:40] [SCAN] Analyzing GBPUSDm
[2026-05-07 14:36:40] [SKIP] GBPUSDm same candle 2026-05-07 07:30:00  skip
[2026-05-07 14:36:40] [SELECT] Symbol switched: GBPUSDm -> EURUSDm | AI watchlist candidate
[2026-05-07 14:36:40] [SCAN] Analyzing EURUSDm
[2026-05-07 14:36:41] [SKIP] EURUSDm same candle 2026-05-07 07:30:00  skip
[2026-05-07 14:36:41] [SELECT] Symbol switched: EURUSDm -> XAUUSDm | AI watchlist candidate
[2026-05-07 14:36:41] [SCAN] Analyzing XAUUSDm
[2026-05-07 14:36:42] [SKIP] XAUUSDm same candle 2026-05-07 07:30:00  skip
[2026-05-07 14:36:42] [SELECT] Symbol switched: XAUUSDm -> USDJPYm | AI watchlist candidate
[2026-05-07 14:36:42] [SCAN] Analyzing USDJPYm
[2026-05-07 14:36:42] [SKIP] USDJPYm same candle 2026-05-07 07:30:00  skip
[2026-05-07 14:36:42] [SELECT] Symbol switched: USDJPYm -> EURJPYm | AI watchlist candidate
[2026-05-07 14:36:42] [SCAN] Analyzing EURJPYm
[2026-05-07 14:36:43] [SKIP] EURJPYm same candle 2026-05-07 07:30:00  skip
[2026-05-07 14:36:43] [WAIT] No order this round
[2026-05-07 14:37:43] [AI] Using cached scan from 2026-05-07 14:00:37 | symbols=GBPUSDm, EURUSDm, XAUUSDm, USDJPYm, EURJPYm
[2026-05-07 14:37:43] [WATCH] Watchlist: GBPUSDm, EURUSDm, XAUUSDm, USDJPYm, EURJPYm
[2026-05-07 14:37:43] [SELECT] Symbol switched: EURJPYm -> GBPUSDm | AI watchlist candidate
[2026-05-07 14:37:43] [SCAN] Analyzing GBPUSDm
[2026-05-07 14:37:44] [SKIP] GBPUSDm same candle 2026-05-07 07:30:00  skip
[2026-05-07 14:37:44] [SELECT] Symbol switched: GBPUSDm -> EURUSDm | AI watchlist candidate
[2026-05-07 14:37:44] [SCAN] Analyzing EURUSDm
[2026-05-07 14:37:45] [SKIP] EURUSDm same candle 2026-05-07 07:30:00  skip
[2026-05-07 14:37:45] [SELECT] Symbol switched: EURUSDm -> XAUUSDm | AI watchlist candidate
[2026-05-07 14:37:45] [SCAN] Analyzing XAUUSDm
[2026-05-07 14:37:45] [SKIP] XAUUSDm same candle 2026-05-07 07:30:00  skip
[2026-05-07 14:37:45] [SELECT] Symbol switched: XAUUSDm -> USDJPYm | AI watchlist candidate
[2026-05-07 14:37:45] [SCAN] Analyzing USDJPYm
[2026-05-07 14:37:46] [SKIP] USDJPYm same candle 2026-05-07 07:30:00  skip
[2026-05-07 14:37:46] [SELECT] Symbol switched: USDJPYm -> EURJPYm | AI watchlist candidate
[2026-05-07 14:37:46] [SCAN] Analyzing EURJPYm
[2026-05-07 14:37:47] [SKIP] EURJPYm same candle 2026-05-07 07:30:00  skip
[2026-05-07 14:37:47] [WAIT] No order this round
[2026-05-07 14:38:47] [AI] Using cached scan from 2026-05-07 14:00:37 | symbols=GBPUSDm, EURUSDm, XAUUSDm, USDJPYm, EURJPYm
[2026-05-07 14:38:47] [WATCH] Watchlist: GBPUSDm, EURUSDm, XAUUSDm, USDJPYm, EURJPYm
[2026-05-07 14:38:47] [SELECT] Symbol switched: EURJPYm -> GBPUSDm | AI watchlist candidate
[2026-05-07 14:38:47] [SCAN] Analyzing GBPUSDm
[2026-05-07 14:38:47] [SKIP] GBPUSDm same candle 2026-05-07 07:30:00  skip
[2026-05-07 14:38:47] [SELECT] Symbol switched: GBPUSDm -> EURUSDm | AI watchlist candidate
[2026-05-07 14:38:47] [SCAN] Analyzing EURUSDm
[2026-05-07 14:38:48] [SKIP] EURUSDm same candle 2026-05-07 07:30:00  skip
[2026-05-07 14:38:48] [SELECT] Symbol switched: EURUSDm -> XAUUSDm | AI watchlist candidate
[2026-05-07 14:38:48] [SCAN] Analyzing XAUUSDm
[2026-05-07 14:38:49] [SKIP] XAUUSDm same candle 2026-05-07 07:30:00  skip
[2026-05-07 14:38:49] [SELECT] Symbol switched: XAUUSDm -> USDJPYm | AI watchlist candidate
[2026-05-07 14:38:49] [SCAN] Analyzing USDJPYm
[2026-05-07 14:38:50] [SKIP] USDJPYm same candle 2026-05-07 07:30:00  skip
[2026-05-07 14:38:50] [SELECT] Symbol switched: USDJPYm -> EURJPYm | AI watchlist candidate
[2026-05-07 14:38:50] [SCAN] Analyzing EURJPYm
[2026-05-07 14:38:50] [SKIP] EURJPYm same candle 2026-05-07 07:30:00  skip
[2026-05-07 14:38:50] [WAIT] No order this round
[2026-05-07 14:39:50] [AI] Using cached scan from 2026-05-07 14:00:37 | symbols=GBPUSDm, EURUSDm, XAUUSDm, USDJPYm, EURJPYm
[2026-05-07 14:39:50] [WATCH] Watchlist: GBPUSDm, EURUSDm, XAUUSDm, USDJPYm, EURJPYm
[2026-05-07 14:39:50] [SELECT] Symbol switched: EURJPYm -> GBPUSDm | AI watchlist candidate
[2026-05-07 14:39:50] [SCAN] Analyzing GBPUSDm
[2026-05-07 14:39:51] [SKIP] GBPUSDm same candle 2026-05-07 07:30:00  skip
[2026-05-07 14:39:51] [SELECT] Symbol switched: GBPUSDm -> EURUSDm | AI watchlist candidate
[2026-05-07 14:39:51] [SCAN] Analyzing EURUSDm
[2026-05-07 14:39:52] [SKIP] EURUSDm same candle 2026-05-07 07:30:00  skip
[2026-05-07 14:39:52] [SELECT] Symbol switched: EURUSDm -> XAUUSDm | AI watchlist candidate
[2026-05-07 14:39:52] [SCAN] Analyzing XAUUSDm
[2026-05-07 14:39:52] [SKIP] XAUUSDm same candle 2026-05-07 07:30:00  skip
[2026-05-07 14:39:52] [SELECT] Symbol switched: XAUUSDm -> USDJPYm | AI watchlist candidate
[2026-05-07 14:39:52] [SCAN] Analyzing USDJPYm
[2026-05-07 14:39:53] [SKIP] USDJPYm same candle 2026-05-07 07:30:00  skip
[2026-05-07 14:39:53] [SELECT] Symbol switched: USDJPYm -> EURJPYm | AI watchlist candidate
[2026-05-07 14:39:53] [SCAN] Analyzing EURJPYm
[2026-05-07 14:39:54] [SKIP] EURJPYm same candle 2026-05-07 07:30:00  skip
[2026-05-07 14:39:54] [WAIT] No order this round
[2026-05-07 14:40:54] [AI] Using cached scan from 2026-05-07 14:00:37 | symbols=GBPUSDm, EURUSDm, XAUUSDm, USDJPYm, EURJPYm
[2026-05-07 14:40:54] [WATCH] Watchlist: GBPUSDm, EURUSDm, XAUUSDm, USDJPYm, EURJPYm
[2026-05-07 14:40:54] [SELECT] Symbol switched: EURJPYm -> GBPUSDm | AI watchlist candidate
[2026-05-07 14:40:54] [SCAN] Analyzing GBPUSDm
[2026-05-07 14:40:55] Signal: {'time': Timestamp('2026-05-07 07:35:00'), 'symbol': 'GBPUSDm', 'side': 'NO_TRADE', 'price': 1.36186, 'reason': 'no Donchian breakout'}
[2026-05-07 14:40:55] [SKIP] GBPUSDm NO_TRADE: no Donchian breakout
[2026-05-07 14:40:55] [SELECT] Symbol switched: GBPUSDm -> EURUSDm | AI watchlist candidate
[2026-05-07 14:40:55] [SCAN] Analyzing EURUSDm
[2026-05-07 14:40:55] Signal: {'time': Timestamp('2026-05-07 07:35:00'), 'symbol': 'EURUSDm', 'side': 'NO_TRADE', 'price': 1.17659, 'reason': 'no Donchian breakout'}
[2026-05-07 14:40:55] [SKIP] EURUSDm NO_TRADE: no Donchian breakout
[2026-05-07 14:40:55] [SELECT] Symbol switched: EURUSDm -> XAUUSDm | AI watchlist candidate
[2026-05-07 14:40:55] [SCAN] Analyzing XAUUSDm
[2026-05-07 14:40:56] Signal: {'time': Timestamp('2026-05-07 07:35:00'), 'symbol': 'XAUUSDm', 'side': 'NO_TRADE', 'price': 4740.184, 'reason': 'no Donchian breakout'}
[2026-05-07 14:40:56] [SKIP] XAUUSDm NO_TRADE: no Donchian breakout
[2026-05-07 14:40:56] [SELECT] Symbol switched: XAUUSDm -> USDJPYm | AI watchlist candidate
[2026-05-07 14:40:56] [SCAN] Analyzing USDJPYm
[2026-05-07 14:40:57] Signal: {'time': Timestamp('2026-05-07 07:35:00'), 'symbol': 'USDJPYm', 'side': 'NO_TRADE', 'price': 156.214, 'reason': 'no Donchian breakout'}
[2026-05-07 14:40:57] [SKIP] USDJPYm NO_TRADE: no Donchian breakout
[2026-05-07 14:40:57] [SELECT] Symbol switched: USDJPYm -> EURJPYm | AI watchlist candidate
[2026-05-07 14:40:57] [SCAN] Analyzing EURJPYm
[2026-05-07 14:40:58] Signal: {'time': Timestamp('2026-05-07 07:35:00'), 'symbol': 'EURJPYm', 'side': 'NO_TRADE', 'price': 183.806, 'reason': 'M15 trend not aligned side=BUY trend=-1.0'}
[2026-05-07 14:40:58] [SKIP] EURJPYm NO_TRADE: M15 trend not aligned side=BUY trend=-1.0
[2026-05-07 14:40:58] [WAIT] No order this round
[2026-05-07 14:41:58] [AI] Using cached scan from 2026-05-07 14:00:37 | symbols=GBPUSDm, EURUSDm, XAUUSDm, USDJPYm, EURJPYm
[2026-05-07 14:41:58] [WATCH] Watchlist: GBPUSDm, EURUSDm, XAUUSDm, USDJPYm, EURJPYm
[2026-05-07 14:41:58] [SELECT] Symbol switched: EURJPYm -> GBPUSDm | AI watchlist candidate
[2026-05-07 14:41:58] [SCAN] Analyzing GBPUSDm
[2026-05-07 14:41:58] [SKIP] GBPUSDm same candle 2026-05-07 07:35:00  skip
[2026-05-07 14:41:58] [SELECT] Symbol switched: GBPUSDm -> EURUSDm | AI watchlist candidate
[2026-05-07 14:41:58] [SCAN] Analyzing EURUSDm
[2026-05-07 14:41:59] [SKIP] EURUSDm same candle 2026-05-07 07:35:00  skip
[2026-05-07 14:41:59] [SELECT] Symbol switched: EURUSDm -> XAUUSDm | AI watchlist candidate
[2026-05-07 14:41:59] [SCAN] Analyzing XAUUSDm
[2026-05-07 14:42:00] [SKIP] XAUUSDm same candle 2026-05-07 07:35:00  skip
[2026-05-07 14:42:00] [SELECT] Symbol switched: XAUUSDm -> USDJPYm | AI watchlist candidate
[2026-05-07 14:42:00] [SCAN] Analyzing USDJPYm
[2026-05-07 14:42:01] [SKIP] USDJPYm same candle 2026-05-07 07:35:00  skip
[2026-05-07 14:42:01] [SELECT] Symbol switched: USDJPYm -> EURJPYm | AI watchlist candidate
[2026-05-07 14:42:01] [SCAN] Analyzing EURJPYm
[2026-05-07 14:42:01] [SKIP] EURJPYm same candle 2026-05-07 07:35:00  skip
[2026-05-07 14:42:01] [WAIT] No order this round
[2026-05-07 14:43:01] [AI] Using cached scan from 2026-05-07 14:00:37 | symbols=GBPUSDm, EURUSDm, XAUUSDm, USDJPYm, EURJPYm
[2026-05-07 14:43:01] [WATCH] Watchlist: GBPUSDm, EURUSDm, XAUUSDm, USDJPYm, EURJPYm
[2026-05-07 14:43:01] [SELECT] Symbol switched: EURJPYm -> GBPUSDm | AI watchlist candidate
[2026-05-07 14:43:01] [SCAN] Analyzing GBPUSDm
[2026-05-07 14:43:02] [SKIP] GBPUSDm same candle 2026-05-07 07:35:00  skip
[2026-05-07 14:43:02] [SELECT] Symbol switched: GBPUSDm -> EURUSDm | AI watchlist candidate
[2026-05-07 14:43:02] [SCAN] Analyzing EURUSDm
[2026-05-07 14:43:03] [SKIP] EURUSDm same candle 2026-05-07 07:35:00  skip
[2026-05-07 14:43:03] [SELECT] Symbol switched: EURUSDm -> XAUUSDm | AI watchlist candidate
[2026-05-07 14:43:03] [SCAN] Analyzing XAUUSDm
[2026-05-07 14:43:03] [SKIP] XAUUSDm same candle 2026-05-07 07:35:00  skip
[2026-05-07 14:43:03] [SELECT] Symbol switched: XAUUSDm -> USDJPYm | AI watchlist candidate
[2026-05-07 14:43:03] [SCAN] Analyzing USDJPYm
[2026-05-07 14:43:04] [SKIP] USDJPYm same candle 2026-05-07 07:35:00  skip
[2026-05-07 14:43:04] [SELECT] Symbol switched: USDJPYm -> EURJPYm | AI watchlist candidate
[2026-05-07 14:43:04] [SCAN] Analyzing EURJPYm
[2026-05-07 14:43:05] [SKIP] EURJPYm same candle 2026-05-07 07:35:00  skip
[2026-05-07 14:43:05] [WAIT] No order this round
[2026-05-07 14:44:05] [AI] Using cached scan from 2026-05-07 14:00:37 | symbols=GBPUSDm, EURUSDm, XAUUSDm, USDJPYm, EURJPYm
[2026-05-07 14:44:05] [WATCH] Watchlist: GBPUSDm, EURUSDm, XAUUSDm, USDJPYm, EURJPYm
[2026-05-07 14:44:05] [SELECT] Symbol switched: EURJPYm -> GBPUSDm | AI watchlist candidate
[2026-05-07 14:44:05] [SCAN] Analyzing GBPUSDm
[2026-05-07 14:44:06] [SKIP] GBPUSDm same candle 2026-05-07 07:35:00  skip
[2026-05-07 14:44:06] [SELECT] Symbol switched: GBPUSDm -> EURUSDm | AI watchlist candidate
[2026-05-07 14:44:06] [SCAN] Analyzing EURUSDm
[2026-05-07 14:44:06] [SKIP] EURUSDm same candle 2026-05-07 07:35:00  skip
[2026-05-07 14:44:06] [SELECT] Symbol switched: EURUSDm -> XAUUSDm | AI watchlist candidate
[2026-05-07 14:44:06] [SCAN] Analyzing XAUUSDm
[2026-05-07 14:44:07] [SKIP] XAUUSDm same candle 2026-05-07 07:35:00  skip
[2026-05-07 14:44:07] [SELECT] Symbol switched: XAUUSDm -> USDJPYm | AI watchlist candidate
[2026-05-07 14:44:07] [SCAN] Analyzing USDJPYm
[2026-05-07 14:44:08] [SKIP] USDJPYm same candle 2026-05-07 07:35:00  skip
[2026-05-07 14:44:08] [SELECT] Symbol switched: USDJPYm -> EURJPYm | AI watchlist candidate
[2026-05-07 14:44:08] [SCAN] Analyzing EURJPYm
[2026-05-07 14:44:09] [SKIP] EURJPYm same candle 2026-05-07 07:35:00  skip
[2026-05-07 14:44:09] [WAIT] No order this round
[2026-05-07 14:45:09] [AI] Using cached scan from 2026-05-07 14:00:37 | symbols=GBPUSDm, EURUSDm, XAUUSDm, USDJPYm, EURJPYm
[2026-05-07 14:45:09] [WATCH] Watchlist: GBPUSDm, EURUSDm, XAUUSDm, USDJPYm, EURJPYm
[2026-05-07 14:45:09] [SELECT] Symbol switched: EURJPYm -> GBPUSDm | AI watchlist candidate
[2026-05-07 14:45:09] [SCAN] Analyzing GBPUSDm
[2026-05-07 14:45:09] Signal: {'time': Timestamp('2026-05-07 07:40:00'), 'symbol': 'GBPUSDm', 'side': 'NO_TRADE', 'price': 1.36166, 'reason': 'no Donchian breakout'}
[2026-05-07 14:45:09] [SKIP] GBPUSDm NO_TRADE: no Donchian breakout
[2026-05-07 14:45:09] [SELECT] Symbol switched: GBPUSDm -> EURUSDm | AI watchlist candidate
[2026-05-07 14:45:09] [SCAN] Analyzing EURUSDm
[2026-05-07 14:45:10] Signal: {'time': Timestamp('2026-05-07 07:40:00'), 'symbol': 'EURUSDm', 'side': 'NO_TRADE', 'price': 1.17641, 'reason': 'no Donchian breakout'}
[2026-05-07 14:45:10] [SKIP] EURUSDm NO_TRADE: no Donchian breakout
[2026-05-07 14:45:10] [SELECT] Symbol switched: EURUSDm -> XAUUSDm | AI watchlist candidate
[2026-05-07 14:45:10] [SCAN] Analyzing XAUUSDm
[2026-05-07 14:45:11] Signal: {'time': Timestamp('2026-05-07 07:40:00'), 'symbol': 'XAUUSDm', 'side': 'NO_TRADE', 'price': 4743.126, 'reason': 'no Donchian breakout'}
[2026-05-07 14:45:11] [SKIP] XAUUSDm NO_TRADE: no Donchian breakout
[2026-05-07 14:45:11] [SELECT] Symbol switched: XAUUSDm -> USDJPYm | AI watchlist candidate
[2026-05-07 14:45:11] [SCAN] Analyzing USDJPYm
[2026-05-07 14:45:12] Signal: {'time': Timestamp('2026-05-07 07:40:00'), 'symbol': 'USDJPYm', 'side': 'NO_TRADE', 'price': 156.245, 'reason': 'no Donchian breakout'}
[2026-05-07 14:45:12] [SKIP] USDJPYm NO_TRADE: no Donchian breakout
[2026-05-07 14:45:12] [SELECT] Symbol switched: USDJPYm -> EURJPYm | AI watchlist candidate
[2026-05-07 14:45:12] [SCAN] Analyzing EURJPYm
[2026-05-07 14:45:12] Signal: {'time': Timestamp('2026-05-07 07:40:00'), 'symbol': 'EURJPYm', 'side': 'NO_TRADE', 'price': 183.811, 'reason': 'M15 trend not aligned side=BUY trend=-1.0'}
[2026-05-07 14:45:12] [SKIP] EURJPYm NO_TRADE: M15 trend not aligned side=BUY trend=-1.0
[2026-05-07 14:45:12] [WAIT] No order this round
[2026-05-07 14:46:12] [AI] Using cached scan from 2026-05-07 14:00:37 | symbols=GBPUSDm, EURUSDm, XAUUSDm, USDJPYm, EURJPYm
[2026-05-07 14:46:12] [WATCH] Watchlist: GBPUSDm, EURUSDm, XAUUSDm, USDJPYm, EURJPYm
[2026-05-07 14:46:12] [SELECT] Symbol switched: EURJPYm -> GBPUSDm | AI watchlist candidate
[2026-05-07 14:46:12] [SCAN] Analyzing GBPUSDm
[2026-05-07 14:46:13] [SKIP] GBPUSDm same candle 2026-05-07 07:40:00  skip
[2026-05-07 14:46:13] [SELECT] Symbol switched: GBPUSDm -> EURUSDm | AI watchlist candidate
[2026-05-07 14:46:13] [SCAN] Analyzing EURUSDm
[2026-05-07 14:46:14] [SKIP] EURUSDm same candle 2026-05-07 07:40:00  skip
[2026-05-07 14:46:14] [SELECT] Symbol switched: EURUSDm -> XAUUSDm | AI watchlist candidate
[2026-05-07 14:46:14] [SCAN] Analyzing XAUUSDm
[2026-05-07 14:46:15] [SKIP] XAUUSDm same candle 2026-05-07 07:40:00  skip
[2026-05-07 14:46:15] [SELECT] Symbol switched: XAUUSDm -> USDJPYm | AI watchlist candidate
[2026-05-07 14:46:15] [SCAN] Analyzing USDJPYm
[2026-05-07 14:46:15] [SKIP] USDJPYm same candle 2026-05-07 07:40:00  skip
[2026-05-07 14:46:15] [SELECT] Symbol switched: USDJPYm -> EURJPYm | AI watchlist candidate
[2026-05-07 14:46:15] [SCAN] Analyzing EURJPYm
[2026-05-07 14:46:16] [SKIP] EURJPYm same candle 2026-05-07 07:40:00  skip
[2026-05-07 14:46:16] [WAIT] No order this round
[2026-05-07 14:47:16] [AI] Using cached scan from 2026-05-07 14:00:37 | symbols=GBPUSDm, EURUSDm, XAUUSDm, USDJPYm, EURJPYm
[2026-05-07 14:47:16] [WATCH] Watchlist: GBPUSDm, EURUSDm, XAUUSDm, USDJPYm, EURJPYm
[2026-05-07 14:47:16] [SELECT] Symbol switched: EURJPYm -> GBPUSDm | AI watchlist candidate
[2026-05-07 14:47:16] [SCAN] Analyzing GBPUSDm
[2026-05-07 14:47:17] [SKIP] GBPUSDm same candle 2026-05-07 07:40:00  skip
[2026-05-07 14:47:17] [SELECT] Symbol switched: GBPUSDm -> EURUSDm | AI watchlist candidate
[2026-05-07 14:47:17] [SCAN] Analyzing EURUSDm
[2026-05-07 14:47:17] [SKIP] EURUSDm same candle 2026-05-07 07:40:00  skip
[2026-05-07 14:47:17] [SELECT] Symbol switched: EURUSDm -> XAUUSDm | AI watchlist candidate
[2026-05-07 14:47:17] [SCAN] Analyzing XAUUSDm
[2026-05-07 14:47:18] [SKIP] XAUUSDm same candle 2026-05-07 07:40:00  skip
[2026-05-07 14:47:18] [SELECT] Symbol switched: XAUUSDm -> USDJPYm | AI watchlist candidate
[2026-05-07 14:47:18] [SCAN] Analyzing USDJPYm
[2026-05-07 14:47:19] [SKIP] USDJPYm same candle 2026-05-07 07:40:00  skip
[2026-05-07 14:47:19] [SELECT] Symbol switched: USDJPYm -> EURJPYm | AI watchlist candidate
[2026-05-07 14:47:19] [SCAN] Analyzing EURJPYm
[2026-05-07 14:47:20] [SKIP] EURJPYm same candle 2026-05-07 07:40:00  skip
[2026-05-07 14:47:20] [WAIT] No order this round
[2026-05-07 14:48:20] [AI] Using cached scan from 2026-05-07 14:00:37 | symbols=GBPUSDm, EURUSDm, XAUUSDm, USDJPYm, EURJPYm
[2026-05-07 14:48:20] [WATCH] Watchlist: GBPUSDm, EURUSDm, XAUUSDm, USDJPYm, EURJPYm
[2026-05-07 14:48:20] [SELECT] Symbol switched: EURJPYm -> GBPUSDm | AI watchlist candidate
[2026-05-07 14:48:20] [SCAN] Analyzing GBPUSDm
[2026-05-07 14:48:20] [SKIP] GBPUSDm same candle 2026-05-07 07:40:00  skip
[2026-05-07 14:48:20] [SELECT] Symbol switched: GBPUSDm -> EURUSDm | AI watchlist candidate
[2026-05-07 14:48:20] [SCAN] Analyzing EURUSDm
[2026-05-07 14:48:21] [SKIP] EURUSDm same candle 2026-05-07 07:40:00  skip
[2026-05-07 14:48:21] [SELECT] Symbol switched: EURUSDm -> XAUUSDm | AI watchlist candidate
[2026-05-07 14:48:21] [SCAN] Analyzing XAUUSDm
[2026-05-07 14:48:22] [SKIP] XAUUSDm same candle 2026-05-07 07:40:00  skip
[2026-05-07 14:48:22] [SELECT] Symbol switched: XAUUSDm -> USDJPYm | AI watchlist candidate
[2026-05-07 14:48:22] [SCAN] Analyzing USDJPYm
[2026-05-07 14:48:23] [SKIP] USDJPYm same candle 2026-05-07 07:40:00  skip
[2026-05-07 14:48:23] [SELECT] Symbol switched: USDJPYm -> EURJPYm | AI watchlist candidate
[2026-05-07 14:48:23] [SCAN] Analyzing EURJPYm
[2026-05-07 14:48:23] [SKIP] EURJPYm same candle 2026-05-07 07:40:00  skip
[2026-05-07 14:48:23] [WAIT] No order this round
[2026-05-07 14:49:23] [AI] Using cached scan from 2026-05-07 14:00:37 | symbols=GBPUSDm, EURUSDm, XAUUSDm, USDJPYm, EURJPYm
[2026-05-07 14:49:23] [WATCH] Watchlist: GBPUSDm, EURUSDm, XAUUSDm, USDJPYm, EURJPYm
[2026-05-07 14:49:23] [SELECT] Symbol switched: EURJPYm -> GBPUSDm | AI watchlist candidate
[2026-05-07 14:49:23] [SCAN] Analyzing GBPUSDm
[2026-05-07 14:49:24] [SKIP] GBPUSDm same candle 2026-05-07 07:40:00  skip
[2026-05-07 14:49:24] [SELECT] Symbol switched: GBPUSDm -> EURUSDm | AI watchlist candidate
[2026-05-07 14:49:24] [SCAN] Analyzing EURUSDm
[2026-05-07 14:49:25] [SKIP] EURUSDm same candle 2026-05-07 07:40:00  skip
[2026-05-07 14:49:25] [SELECT] Symbol switched: EURUSDm -> XAUUSDm | AI watchlist candidate
[2026-05-07 14:49:25] [SCAN] Analyzing XAUUSDm
[2026-05-07 14:49:25] [SKIP] XAUUSDm same candle 2026-05-07 07:40:00  skip
[2026-05-07 14:49:25] [SELECT] Symbol switched: XAUUSDm -> USDJPYm | AI watchlist candidate
[2026-05-07 14:49:25] [SCAN] Analyzing USDJPYm
[2026-05-07 14:49:26] [SKIP] USDJPYm same candle 2026-05-07 07:40:00  skip
[2026-05-07 14:49:26] [SELECT] Symbol switched: USDJPYm -> EURJPYm | AI watchlist candidate
[2026-05-07 14:49:26] [SCAN] Analyzing EURJPYm
[2026-05-07 14:49:27] [SKIP] EURJPYm same candle 2026-05-07 07:40:00  skip
[2026-05-07 14:49:27] [WAIT] No order this round
[2026-05-07 14:50:27] [AI] Using cached scan from 2026-05-07 14:00:37 | symbols=GBPUSDm, EURUSDm, XAUUSDm, USDJPYm, EURJPYm
[2026-05-07 14:50:27] [WATCH] Watchlist: GBPUSDm, EURUSDm, XAUUSDm, USDJPYm, EURJPYm
[2026-05-07 14:50:27] [SELECT] Symbol switched: EURJPYm -> GBPUSDm | AI watchlist candidate
[2026-05-07 14:50:27] [SCAN] Analyzing GBPUSDm
[2026-05-07 14:50:28] Signal: {'time': Timestamp('2026-05-07 07:45:00'), 'symbol': 'GBPUSDm', 'side': 'NO_TRADE', 'price': 1.36168, 'reason': 'no Donchian breakout'}
[2026-05-07 14:50:28] [SKIP] GBPUSDm NO_TRADE: no Donchian breakout
[2026-05-07 14:50:28] [SELECT] Symbol switched: GBPUSDm -> EURUSDm | AI watchlist candidate
[2026-05-07 14:50:28] [SCAN] Analyzing EURUSDm
[2026-05-07 14:50:28] Signal: {'time': Timestamp('2026-05-07 07:45:00'), 'symbol': 'EURUSDm', 'side': 'NO_TRADE', 'price': 1.17631, 'reason': 'no Donchian breakout'}
[2026-05-07 14:50:28] [SKIP] EURUSDm NO_TRADE: no Donchian breakout
[2026-05-07 14:50:28] [SELECT] Symbol switched: EURUSDm -> XAUUSDm | AI watchlist candidate
[2026-05-07 14:50:28] [SCAN] Analyzing XAUUSDm
[2026-05-07 14:50:29] Signal: {'time': Timestamp('2026-05-07 07:45:00'), 'symbol': 'XAUUSDm', 'side': 'NO_TRADE', 'price': 4739.176, 'reason': 'no Donchian breakout'}
[2026-05-07 14:50:29] [SKIP] XAUUSDm NO_TRADE: no Donchian breakout
[2026-05-07 14:50:29] [SELECT] Symbol switched: XAUUSDm -> USDJPYm | AI watchlist candidate
[2026-05-07 14:50:29] [SCAN] Analyzing USDJPYm
[2026-05-07 14:50:30] Signal: {'time': Timestamp('2026-05-07 07:45:00'), 'symbol': 'USDJPYm', 'side': 'NO_TRADE', 'price': 156.248, 'reason': 'no Donchian breakout'}
[2026-05-07 14:50:30] [SKIP] USDJPYm NO_TRADE: no Donchian breakout
[2026-05-07 14:50:30] [SELECT] Symbol switched: USDJPYm -> EURJPYm | AI watchlist candidate
[2026-05-07 14:50:30] [SCAN] Analyzing EURJPYm
[2026-05-07 14:50:31] Signal: {'time': Timestamp('2026-05-07 07:45:00'), 'symbol': 'EURJPYm', 'side': 'NO_TRADE', 'price': 183.802, 'reason': 'no Donchian breakout'}
[2026-05-07 14:50:31] [SKIP] EURJPYm NO_TRADE: no Donchian breakout
[2026-05-07 14:50:31] [WAIT] No order this round
[2026-05-07 14:51:31] [AI] Using cached scan from 2026-05-07 14:00:37 | symbols=GBPUSDm, EURUSDm, XAUUSDm, USDJPYm, EURJPYm
[2026-05-07 14:51:31] [WATCH] Watchlist: GBPUSDm, EURUSDm, XAUUSDm, USDJPYm, EURJPYm
[2026-05-07 14:51:31] [SELECT] Symbol switched: EURJPYm -> GBPUSDm | AI watchlist candidate
[2026-05-07 14:51:31] [SCAN] Analyzing GBPUSDm
[2026-05-07 14:51:32] [SKIP] GBPUSDm same candle 2026-05-07 07:45:00  skip
[2026-05-07 14:51:32] [SELECT] Symbol switched: GBPUSDm -> EURUSDm | AI watchlist candidate
[2026-05-07 14:51:32] [SCAN] Analyzing EURUSDm
[2026-05-07 14:51:32] [SKIP] EURUSDm same candle 2026-05-07 07:45:00  skip
[2026-05-07 14:51:32] [SELECT] Symbol switched: EURUSDm -> XAUUSDm | AI watchlist candidate
[2026-05-07 14:51:32] [SCAN] Analyzing XAUUSDm
[2026-05-07 14:51:33] [SKIP] XAUUSDm same candle 2026-05-07 07:45:00  skip
[2026-05-07 14:51:33] [SELECT] Symbol switched: XAUUSDm -> USDJPYm | AI watchlist candidate
[2026-05-07 14:51:33] [SCAN] Analyzing USDJPYm
[2026-05-07 14:51:34] [SKIP] USDJPYm same candle 2026-05-07 07:45:00  skip
[2026-05-07 14:51:34] [SELECT] Symbol switched: USDJPYm -> EURJPYm | AI watchlist candidate
[2026-05-07 14:51:34] [SCAN] Analyzing EURJPYm
[2026-05-07 14:51:34] [SKIP] EURJPYm same candle 2026-05-07 07:45:00  skip
[2026-05-07 14:51:34] [WAIT] No order this round
[2026-05-07 14:52:34] [AI] Using cached scan from 2026-05-07 14:00:37 | symbols=GBPUSDm, EURUSDm, XAUUSDm, USDJPYm, EURJPYm
[2026-05-07 14:52:34] [WATCH] Watchlist: GBPUSDm, EURUSDm, XAUUSDm, USDJPYm, EURJPYm
[2026-05-07 14:52:34] [SELECT] Symbol switched: EURJPYm -> GBPUSDm | AI watchlist candidate
[2026-05-07 14:52:34] [SCAN] Analyzing GBPUSDm
[2026-05-07 14:52:35] [SKIP] GBPUSDm same candle 2026-05-07 07:45:00  skip
[2026-05-07 14:52:35] [SELECT] Symbol switched: GBPUSDm -> EURUSDm | AI watchlist candidate
[2026-05-07 14:52:35] [SCAN] Analyzing EURUSDm
[2026-05-07 14:52:36] [SKIP] EURUSDm same candle 2026-05-07 07:45:00  skip
[2026-05-07 14:52:36] [SELECT] Symbol switched: EURUSDm -> XAUUSDm | AI watchlist candidate
[2026-05-07 14:52:36] [SCAN] Analyzing XAUUSDm
[2026-05-07 14:52:37] [SKIP] XAUUSDm same candle 2026-05-07 07:45:00  skip
[2026-05-07 14:52:37] [SELECT] Symbol switched: XAUUSDm -> USDJPYm | AI watchlist candidate
[2026-05-07 14:52:37] [SCAN] Analyzing USDJPYm
[2026-05-07 14:52:37] [SKIP] USDJPYm same candle 2026-05-07 07:45:00  skip
[2026-05-07 14:52:37] [SELECT] Symbol switched: USDJPYm -> EURJPYm | AI watchlist candidate
[2026-05-07 14:52:37] [SCAN] Analyzing EURJPYm
[2026-05-07 14:52:38] [SKIP] EURJPYm same candle 2026-05-07 07:45:00  skip
[2026-05-07 14:52:38] [WAIT] No order this round
[2026-05-07 14:53:38] [AI] Using cached scan from 2026-05-07 14:00:37 | symbols=GBPUSDm, EURUSDm, XAUUSDm, USDJPYm, EURJPYm
[2026-05-07 14:53:38] [WATCH] Watchlist: GBPUSDm, EURUSDm, XAUUSDm, USDJPYm, EURJPYm
[2026-05-07 14:53:38] [SELECT] Symbol switched: EURJPYm -> GBPUSDm | AI watchlist candidate
[2026-05-07 14:53:38] [SCAN] Analyzing GBPUSDm
[2026-05-07 14:53:39] [SKIP] GBPUSDm same candle 2026-05-07 07:45:00  skip
[2026-05-07 14:53:39] [SELECT] Symbol switched: GBPUSDm -> EURUSDm | AI watchlist candidate
[2026-05-07 14:53:39] [SCAN] Analyzing EURUSDm
[2026-05-07 14:53:39] [SKIP] EURUSDm same candle 2026-05-07 07:45:00  skip
[2026-05-07 14:53:39] [SELECT] Symbol switched: EURUSDm -> XAUUSDm | AI watchlist candidate
[2026-05-07 14:53:39] [SCAN] Analyzing XAUUSDm
[2026-05-07 14:53:40] [SKIP] XAUUSDm same candle 2026-05-07 07:45:00  skip
[2026-05-07 14:53:40] [SELECT] Symbol switched: XAUUSDm -> USDJPYm | AI watchlist candidate
[2026-05-07 14:53:40] [SCAN] Analyzing USDJPYm
[2026-05-07 14:53:41] [SKIP] USDJPYm same candle 2026-05-07 07:45:00  skip
[2026-05-07 14:53:41] [SELECT] Symbol switched: USDJPYm -> EURJPYm | AI watchlist candidate
[2026-05-07 14:53:41] [SCAN] Analyzing EURJPYm
[2026-05-07 14:53:42] [SKIP] EURJPYm same candle 2026-05-07 07:45:00  skip
[2026-05-07 14:53:42] [WAIT] No order this round
[2026-05-07 14:54:42] [AI] Using cached scan from 2026-05-07 14:00:37 | symbols=GBPUSDm, EURUSDm, XAUUSDm, USDJPYm, EURJPYm
[2026-05-07 14:54:42] [WATCH] Watchlist: GBPUSDm, EURUSDm, XAUUSDm, USDJPYm, EURJPYm
[2026-05-07 14:54:42] [SELECT] Symbol switched: EURJPYm -> GBPUSDm | AI watchlist candidate
[2026-05-07 14:54:42] [SCAN] Analyzing GBPUSDm
[2026-05-07 14:54:42] [SKIP] GBPUSDm same candle 2026-05-07 07:45:00  skip
[2026-05-07 14:54:42] [SELECT] Symbol switched: GBPUSDm -> EURUSDm | AI watchlist candidate
[2026-05-07 14:54:42] [SCAN] Analyzing EURUSDm
[2026-05-07 14:54:43] [SKIP] EURUSDm same candle 2026-05-07 07:45:00  skip
[2026-05-07 14:54:43] [SELECT] Symbol switched: EURUSDm -> XAUUSDm | AI watchlist candidate
[2026-05-07 14:54:43] [SCAN] Analyzing XAUUSDm
[2026-05-07 14:54:44] [SKIP] XAUUSDm same candle 2026-05-07 07:45:00  skip
[2026-05-07 14:54:44] [SELECT] Symbol switched: XAUUSDm -> USDJPYm | AI watchlist candidate
[2026-05-07 14:54:44] [SCAN] Analyzing USDJPYm
[2026-05-07 14:54:44] [SKIP] USDJPYm same candle 2026-05-07 07:45:00  skip
[2026-05-07 14:54:44] [SELECT] Symbol switched: USDJPYm -> EURJPYm | AI watchlist candidate
[2026-05-07 14:54:44] [SCAN] Analyzing EURJPYm
[2026-05-07 14:54:45] [SKIP] EURJPYm same candle 2026-05-07 07:45:00  skip
[2026-05-07 14:54:45] [WAIT] No order this round
[2026-05-07 14:55:45] [AI] Using cached scan from 2026-05-07 14:00:37 | symbols=GBPUSDm, EURUSDm, XAUUSDm, USDJPYm, EURJPYm
[2026-05-07 14:55:45] [WATCH] Watchlist: GBPUSDm, EURUSDm, XAUUSDm, USDJPYm, EURJPYm
[2026-05-07 14:55:45] [SELECT] Symbol switched: EURJPYm -> GBPUSDm | AI watchlist candidate
[2026-05-07 14:55:45] [SCAN] Analyzing GBPUSDm
[2026-05-07 14:55:46] Signal: {'time': Timestamp('2026-05-07 07:50:00'), 'symbol': 'GBPUSDm', 'side': 'NO_TRADE', 'price': 1.36179, 'reason': 'no Donchian breakout'}
[2026-05-07 14:55:46] [SKIP] GBPUSDm NO_TRADE: no Donchian breakout
[2026-05-07 14:55:46] [SELECT] Symbol switched: GBPUSDm -> EURUSDm | AI watchlist candidate
[2026-05-07 14:55:46] [SCAN] Analyzing EURUSDm
[2026-05-07 14:55:47] Signal: {'time': Timestamp('2026-05-07 07:50:00'), 'symbol': 'EURUSDm', 'side': 'NO_TRADE', 'price': 1.17647, 'reason': 'no Donchian breakout'}
[2026-05-07 14:55:47] [SKIP] EURUSDm NO_TRADE: no Donchian breakout
[2026-05-07 14:55:47] [SELECT] Symbol switched: EURUSDm -> XAUUSDm | AI watchlist candidate
[2026-05-07 14:55:47] [SCAN] Analyzing XAUUSDm
[2026-05-07 14:55:48] Signal: {'time': Timestamp('2026-05-07 07:50:00'), 'symbol': 'XAUUSDm', 'side': 'NO_TRADE', 'price': 4740.982, 'reason': 'no Donchian breakout'}
[2026-05-07 14:55:48] [SKIP] XAUUSDm NO_TRADE: no Donchian breakout
[2026-05-07 14:55:48] [SELECT] Symbol switched: XAUUSDm -> USDJPYm | AI watchlist candidate
[2026-05-07 14:55:48] [SCAN] Analyzing USDJPYm
[2026-05-07 14:55:48] Signal: {'time': Timestamp('2026-05-07 07:50:00'), 'symbol': 'USDJPYm', 'side': 'NO_TRADE', 'price': 156.228, 'reason': 'no Donchian breakout'}
[2026-05-07 14:55:48] [SKIP] USDJPYm NO_TRADE: no Donchian breakout
[2026-05-07 14:55:48] [SELECT] Symbol switched: USDJPYm -> EURJPYm | AI watchlist candidate
[2026-05-07 14:55:48] [SCAN] Analyzing EURJPYm
[2026-05-07 14:55:49] Signal: {'time': Timestamp('2026-05-07 07:50:00'), 'symbol': 'EURJPYm', 'side': 'NO_TRADE', 'price': 183.799, 'reason': 'no Donchian breakout'}
[2026-05-07 14:55:49] [SKIP] EURJPYm NO_TRADE: no Donchian breakout
[2026-05-07 14:55:49] [WAIT] No order this round
[2026-05-07 14:56:49] [AI] Using cached scan from 2026-05-07 14:00:37 | symbols=GBPUSDm, EURUSDm, XAUUSDm, USDJPYm, EURJPYm
[2026-05-07 14:56:49] [WATCH] Watchlist: GBPUSDm, EURUSDm, XAUUSDm, USDJPYm, EURJPYm
[2026-05-07 14:56:49] [SELECT] Symbol switched: EURJPYm -> GBPUSDm | AI watchlist candidate
[2026-05-07 14:56:49] [SCAN] Analyzing GBPUSDm
[2026-05-07 14:56:50] [SKIP] GBPUSDm same candle 2026-05-07 07:50:00  skip
[2026-05-07 14:56:50] [SELECT] Symbol switched: GBPUSDm -> EURUSDm | AI watchlist candidate
[2026-05-07 14:56:50] [SCAN] Analyzing EURUSDm
[2026-05-07 14:56:50] [SKIP] EURUSDm same candle 2026-05-07 07:50:00  skip
[2026-05-07 14:56:50] [SELECT] Symbol switched: EURUSDm -> XAUUSDm | AI watchlist candidate
[2026-05-07 14:56:50] [SCAN] Analyzing XAUUSDm
[2026-05-07 14:56:51] [SKIP] XAUUSDm same candle 2026-05-07 07:50:00  skip
[2026-05-07 14:56:51] [SELECT] Symbol switched: XAUUSDm -> USDJPYm | AI watchlist candidate
[2026-05-07 14:56:51] [SCAN] Analyzing USDJPYm
[2026-05-07 14:56:52] [SKIP] USDJPYm same candle 2026-05-07 07:50:00  skip
[2026-05-07 14:56:52] [SELECT] Symbol switched: USDJPYm -> EURJPYm | AI watchlist candidate
[2026-05-07 14:56:52] [SCAN] Analyzing EURJPYm
[2026-05-07 14:56:53] [SKIP] EURJPYm same candle 2026-05-07 07:50:00  skip
[2026-05-07 14:56:53] [WAIT] No order this round
[2026-05-07 14:57:53] [AI] Using cached scan from 2026-05-07 14:00:37 | symbols=GBPUSDm, EURUSDm, XAUUSDm, USDJPYm, EURJPYm
[2026-05-07 14:57:53] [WATCH] Watchlist: GBPUSDm, EURUSDm, XAUUSDm, USDJPYm, EURJPYm
[2026-05-07 14:57:53] [SELECT] Symbol switched: EURJPYm -> GBPUSDm | AI watchlist candidate
[2026-05-07 14:57:53] [SCAN] Analyzing GBPUSDm
[2026-05-07 14:57:53] [SKIP] GBPUSDm same candle 2026-05-07 07:50:00  skip
[2026-05-07 14:57:53] [SELECT] Symbol switched: GBPUSDm -> EURUSDm | AI watchlist candidate
[2026-05-07 14:57:53] [SCAN] Analyzing EURUSDm
[2026-05-07 14:57:54] [SKIP] EURUSDm same candle 2026-05-07 07:50:00  skip
[2026-05-07 14:57:54] [SELECT] Symbol switched: EURUSDm -> XAUUSDm | AI watchlist candidate
[2026-05-07 14:57:54] [SCAN] Analyzing XAUUSDm
[2026-05-07 14:57:55] [SKIP] XAUUSDm same candle 2026-05-07 07:50:00  skip
[2026-05-07 14:57:55] [SELECT] Symbol switched: XAUUSDm -> USDJPYm | AI watchlist candidate
[2026-05-07 14:57:55] [SCAN] Analyzing USDJPYm
[2026-05-07 14:57:56] [SKIP] USDJPYm same candle 2026-05-07 07:50:00  skip
[2026-05-07 14:57:56] [SELECT] Symbol switched: USDJPYm -> EURJPYm | AI watchlist candidate
[2026-05-07 14:57:56] [SCAN] Analyzing EURJPYm
[2026-05-07 14:57:56] [SKIP] EURJPYm same candle 2026-05-07 07:50:00  skip
[2026-05-07 14:57:56] [WAIT] No order this round
[2026-05-07 14:58:56] [AI] Using cached scan from 2026-05-07 14:00:37 | symbols=GBPUSDm, EURUSDm, XAUUSDm, USDJPYm, EURJPYm
[2026-05-07 14:58:56] [WATCH] Watchlist: GBPUSDm, EURUSDm, XAUUSDm, USDJPYm, EURJPYm
[2026-05-07 14:58:56] [SELECT] Symbol switched: EURJPYm -> GBPUSDm | AI watchlist candidate
[2026-05-07 14:58:56] [SCAN] Analyzing GBPUSDm
[2026-05-07 14:58:57] [SKIP] GBPUSDm same candle 2026-05-07 07:50:00  skip
[2026-05-07 14:58:57] [SELECT] Symbol switched: GBPUSDm -> EURUSDm | AI watchlist candidate
[2026-05-07 14:58:57] [SCAN] Analyzing EURUSDm
[2026-05-07 14:58:58] [SKIP] EURUSDm same candle 2026-05-07 07:50:00  skip
[2026-05-07 14:58:58] [SELECT] Symbol switched: EURUSDm -> XAUUSDm | AI watchlist candidate
[2026-05-07 14:58:58] [SCAN] Analyzing XAUUSDm
[2026-05-07 14:58:58] [SKIP] XAUUSDm same candle 2026-05-07 07:50:00  skip
[2026-05-07 14:58:58] [SELECT] Symbol switched: XAUUSDm -> USDJPYm | AI watchlist candidate
[2026-05-07 14:58:58] [SCAN] Analyzing USDJPYm
[2026-05-07 14:58:59] [SKIP] USDJPYm same candle 2026-05-07 07:50:00  skip
[2026-05-07 14:58:59] [SELECT] Symbol switched: USDJPYm -> EURJPYm | AI watchlist candidate
[2026-05-07 14:58:59] [SCAN] Analyzing EURJPYm
[2026-05-07 14:59:00] [SKIP] EURJPYm same candle 2026-05-07 07:50:00  skip
[2026-05-07 14:59:00] [WAIT] No order this round
[2026-05-07 15:00:00] [AI] Using cached scan from 2026-05-07 14:00:37 | symbols=GBPUSDm, EURUSDm, XAUUSDm, USDJPYm, EURJPYm
[2026-05-07 15:00:00] [STATS] Hourly rejections (of 276 attempts): {'no_donchian_breakout': '242(88%)', 'adx_not_rising': '25(9%)', 'trend_not_aligned': '9(3%)'}
[2026-05-07 15:00:00] [WATCH] Watchlist: GBPUSDm, EURUSDm, XAUUSDm, USDJPYm, EURJPYm
[2026-05-07 15:00:00] [SELECT] Symbol switched: EURJPYm -> GBPUSDm | AI watchlist candidate
[2026-05-07 15:00:00] [SCAN] Analyzing GBPUSDm
[2026-05-07 15:00:01] Signal: {'time': Timestamp('2026-05-07 07:55:00'), 'symbol': 'GBPUSDm', 'side': 'NO_TRADE', 'price': 1.36202, 'reason': 'no Donchian breakout'}
[2026-05-07 15:00:01] [SKIP] GBPUSDm NO_TRADE: no Donchian breakout
[2026-05-07 15:00:01] [SELECT] Symbol switched: GBPUSDm -> EURUSDm | AI watchlist candidate
[2026-05-07 15:00:01] [SCAN] Analyzing EURUSDm
[2026-05-07 15:00:02] Signal: {'time': Timestamp('2026-05-07 07:55:00'), 'symbol': 'EURUSDm', 'side': 'NO_TRADE', 'price': 1.17665, 'reason': 'no Donchian breakout'}
[2026-05-07 15:00:02] [SKIP] EURUSDm NO_TRADE: no Donchian breakout
[2026-05-07 15:00:02] [SELECT] Symbol switched: EURUSDm -> XAUUSDm | AI watchlist candidate
[2026-05-07 15:00:02] [SCAN] Analyzing XAUUSDm
[2026-05-07 15:00:03] Signal: {'time': Timestamp('2026-05-07 07:55:00'), 'symbol': 'XAUUSDm', 'side': 'NO_TRADE', 'price': 4743.217, 'reason': 'no Donchian breakout'}
[2026-05-07 15:00:03] [SKIP] XAUUSDm NO_TRADE: no Donchian breakout
[2026-05-07 15:00:03] [SELECT] Symbol switched: XAUUSDm -> USDJPYm | AI watchlist candidate
[2026-05-07 15:00:03] [SCAN] Analyzing USDJPYm
[2026-05-07 15:00:03] Signal: {'time': Timestamp('2026-05-07 07:55:00'), 'symbol': 'USDJPYm', 'side': 'NO_TRADE', 'price': 156.257, 'reason': 'no Donchian breakout'}
[2026-05-07 15:00:03] [SKIP] USDJPYm NO_TRADE: no Donchian breakout
[2026-05-07 15:00:03] [SELECT] Symbol switched: USDJPYm -> EURJPYm | AI watchlist candidate
[2026-05-07 15:00:03] [SCAN] Analyzing EURJPYm
[2026-05-07 15:00:04] Signal: {'time': Timestamp('2026-05-07 07:55:00'), 'symbol': 'EURJPYm', 'side': 'NO_TRADE', 'price': 183.864, 'reason': 'M15 trend not aligned side=BUY trend=-1.0'}
[2026-05-07 15:00:04] [SKIP] EURJPYm NO_TRADE: M15 trend not aligned side=BUY trend=-1.0
[2026-05-07 15:00:04] [WAIT] No order this round
[2026-05-07 15:01:04] [AI] Using cached scan from 2026-05-07 14:00:37 | symbols=GBPUSDm, EURUSDm, XAUUSDm, USDJPYm, EURJPYm
[2026-05-07 15:01:04] [WATCH] Watchlist: GBPUSDm, EURUSDm, XAUUSDm, USDJPYm, EURJPYm
[2026-05-07 15:01:04] [SELECT] Symbol switched: EURJPYm -> GBPUSDm | AI watchlist candidate
[2026-05-07 15:01:04] [SCAN] Analyzing GBPUSDm
[2026-05-07 15:01:05] [SKIP] GBPUSDm same candle 2026-05-07 07:55:00  skip
[2026-05-07 15:01:05] [SELECT] Symbol switched: GBPUSDm -> EURUSDm | AI watchlist candidate
[2026-05-07 15:01:05] [SCAN] Analyzing EURUSDm
[2026-05-07 15:01:06] [SKIP] EURUSDm same candle 2026-05-07 07:55:00  skip
[2026-05-07 15:01:06] [SELECT] Symbol switched: EURUSDm -> XAUUSDm | AI watchlist candidate
[2026-05-07 15:01:06] [SCAN] Analyzing XAUUSDm
[2026-05-07 15:01:06] [SKIP] XAUUSDm same candle 2026-05-07 07:55:00  skip
[2026-05-07 15:01:06] [SELECT] Symbol switched: XAUUSDm -> USDJPYm | AI watchlist candidate
[2026-05-07 15:01:06] [SCAN] Analyzing USDJPYm
[2026-05-07 15:01:07] [SKIP] USDJPYm same candle 2026-05-07 07:55:00  skip
[2026-05-07 15:01:07] [SELECT] Symbol switched: USDJPYm -> EURJPYm | AI watchlist candidate
[2026-05-07 15:01:07] [SCAN] Analyzing EURJPYm
[2026-05-07 15:01:08] [SKIP] EURJPYm same candle 2026-05-07 07:55:00  skip
[2026-05-07 15:01:08] [WAIT] No order this round
[2026-05-07 15:02:08] [AI] Using cached scan from 2026-05-07 14:00:37 | symbols=GBPUSDm, EURUSDm, XAUUSDm, USDJPYm, EURJPYm
[2026-05-07 15:02:08] [WATCH] Watchlist: GBPUSDm, EURUSDm, XAUUSDm, USDJPYm, EURJPYm
[2026-05-07 15:02:08] [SELECT] Symbol switched: EURJPYm -> GBPUSDm | AI watchlist candidate
[2026-05-07 15:02:08] [SCAN] Analyzing GBPUSDm
[2026-05-07 15:02:08] [SKIP] GBPUSDm same candle 2026-05-07 07:55:00  skip
[2026-05-07 15:02:08] [SELECT] Symbol switched: GBPUSDm -> EURUSDm | AI watchlist candidate
[2026-05-07 15:02:08] [SCAN] Analyzing EURUSDm
[2026-05-07 15:02:09] [SKIP] EURUSDm same candle 2026-05-07 07:55:00  skip
[2026-05-07 15:02:09] [SELECT] Symbol switched: EURUSDm -> XAUUSDm | AI watchlist candidate
[2026-05-07 15:02:09] [SCAN] Analyzing XAUUSDm
[2026-05-07 15:02:10] [SKIP] XAUUSDm same candle 2026-05-07 07:55:00  skip
[2026-05-07 15:02:10] [SELECT] Symbol switched: XAUUSDm -> USDJPYm | AI watchlist candidate
[2026-05-07 15:02:10] [SCAN] Analyzing USDJPYm
[2026-05-07 15:02:11] [SKIP] USDJPYm same candle 2026-05-07 07:55:00  skip
[2026-05-07 15:02:11] [SELECT] Symbol switched: USDJPYm -> EURJPYm | AI watchlist candidate
[2026-05-07 15:02:11] [SCAN] Analyzing EURJPYm
[2026-05-07 15:02:11] [SKIP] EURJPYm same candle 2026-05-07 07:55:00  skip
[2026-05-07 15:02:11] [WAIT] No order this round
[2026-05-07 15:03:11] [AI] Using cached scan from 2026-05-07 14:00:37 | symbols=GBPUSDm, EURUSDm, XAUUSDm, USDJPYm, EURJPYm
[2026-05-07 15:03:11] [WATCH] Watchlist: GBPUSDm, EURUSDm, XAUUSDm, USDJPYm, EURJPYm
[2026-05-07 15:03:11] [SELECT] Symbol switched: EURJPYm -> GBPUSDm | AI watchlist candidate
[2026-05-07 15:03:11] [SCAN] Analyzing GBPUSDm
[2026-05-07 15:03:12] [SKIP] GBPUSDm same candle 2026-05-07 07:55:00  skip
[2026-05-07 15:03:12] [SELECT] Symbol switched: GBPUSDm -> EURUSDm | AI watchlist candidate
[2026-05-07 15:03:12] [SCAN] Analyzing EURUSDm
[2026-05-07 15:03:13] [SKIP] EURUSDm same candle 2026-05-07 07:55:00  skip
[2026-05-07 15:03:13] [SELECT] Symbol switched: EURUSDm -> XAUUSDm | AI watchlist candidate
[2026-05-07 15:03:13] [SCAN] Analyzing XAUUSDm
[2026-05-07 15:03:14] [SKIP] XAUUSDm same candle 2026-05-07 07:55:00  skip
[2026-05-07 15:03:14] [SELECT] Symbol switched: XAUUSDm -> USDJPYm | AI watchlist candidate
[2026-05-07 15:03:14] [SCAN] Analyzing USDJPYm
[2026-05-07 15:03:14] [SKIP] USDJPYm same candle 2026-05-07 07:55:00  skip
[2026-05-07 15:03:14] [SELECT] Symbol switched: USDJPYm -> EURJPYm | AI watchlist candidate
[2026-05-07 15:03:14] [SCAN] Analyzing EURJPYm
[2026-05-07 15:03:15] [SKIP] EURJPYm same candle 2026-05-07 07:55:00  skip
[2026-05-07 15:03:15] [WAIT] No order this round
[2026-05-07 15:04:15] [AI] Using cached scan from 2026-05-07 14:00:37 | symbols=GBPUSDm, EURUSDm, XAUUSDm, USDJPYm, EURJPYm
[2026-05-07 15:04:15] [WATCH] Watchlist: GBPUSDm, EURUSDm, XAUUSDm, USDJPYm, EURJPYm
[2026-05-07 15:04:15] [SELECT] Symbol switched: EURJPYm -> GBPUSDm | AI watchlist candidate
[2026-05-07 15:04:15] [SCAN] Analyzing GBPUSDm
[2026-05-07 15:04:16] [SKIP] GBPUSDm same candle 2026-05-07 07:55:00  skip
[2026-05-07 15:04:16] [SELECT] Symbol switched: GBPUSDm -> EURUSDm | AI watchlist candidate
[2026-05-07 15:04:16] [SCAN] Analyzing EURUSDm
[2026-05-07 15:04:16] [SKIP] EURUSDm same candle 2026-05-07 07:55:00  skip
[2026-05-07 15:04:16] [SELECT] Symbol switched: EURUSDm -> XAUUSDm | AI watchlist candidate
[2026-05-07 15:04:16] [SCAN] Analyzing XAUUSDm
[2026-05-07 15:04:17] [SKIP] XAUUSDm same candle 2026-05-07 07:55:00  skip
[2026-05-07 15:04:17] [SELECT] Symbol switched: XAUUSDm -> USDJPYm | AI watchlist candidate
[2026-05-07 15:04:17] [SCAN] Analyzing USDJPYm
[2026-05-07 15:04:18] [SKIP] USDJPYm same candle 2026-05-07 07:55:00  skip
[2026-05-07 15:04:18] [SELECT] Symbol switched: USDJPYm -> EURJPYm | AI watchlist candidate
[2026-05-07 15:04:18] [SCAN] Analyzing EURJPYm
[2026-05-07 15:04:19] [SKIP] EURJPYm same candle 2026-05-07 07:55:00  skip
[2026-05-07 15:04:19] [WAIT] No order this round
[2026-05-07 15:05:19] [AI] Using cached scan from 2026-05-07 14:00:37 | symbols=GBPUSDm, EURUSDm, XAUUSDm, USDJPYm, EURJPYm
[2026-05-07 15:05:19] [WATCH] Watchlist: GBPUSDm, EURUSDm, XAUUSDm, USDJPYm, EURJPYm
[2026-05-07 15:05:19] [SELECT] Symbol switched: EURJPYm -> GBPUSDm | AI watchlist candidate
[2026-05-07 15:05:19] [SCAN] Analyzing GBPUSDm
[2026-05-07 15:05:19] Signal: {'time': Timestamp('2026-05-07 08:00:00'), 'symbol': 'GBPUSDm', 'side': 'NO_TRADE', 'price': 1.36224, 'reason': 'no Donchian breakout'}
[2026-05-07 15:05:19] [SKIP] GBPUSDm NO_TRADE: no Donchian breakout
[2026-05-07 15:05:19] [SELECT] Symbol switched: GBPUSDm -> EURUSDm | AI watchlist candidate
[2026-05-07 15:05:19] [SCAN] Analyzing EURUSDm
[2026-05-07 15:05:20] Signal: {'time': Timestamp('2026-05-07 08:00:00'), 'symbol': 'EURUSDm', 'side': 'NO_TRADE', 'price': 1.17657, 'reason': 'no Donchian breakout'}
[2026-05-07 15:05:20] [SKIP] EURUSDm NO_TRADE: no Donchian breakout
[2026-05-07 15:05:20] [SELECT] Symbol switched: EURUSDm -> XAUUSDm | AI watchlist candidate
[2026-05-07 15:05:20] [SCAN] Analyzing XAUUSDm
[2026-05-07 15:05:21] Signal: {'time': Timestamp('2026-05-07 08:00:00'), 'symbol': 'XAUUSDm', 'side': 'NO_TRADE', 'price': 4749.624, 'reason': 'no Donchian breakout'}
[2026-05-07 15:05:21] [SKIP] XAUUSDm NO_TRADE: no Donchian breakout
[2026-05-07 15:05:21] [SELECT] Symbol switched: XAUUSDm -> USDJPYm | AI watchlist candidate
[2026-05-07 15:05:21] [SCAN] Analyzing USDJPYm
[2026-05-07 15:05:22] Signal: {'time': Timestamp('2026-05-07 08:00:00'), 'symbol': 'USDJPYm', 'side': 'NO_TRADE', 'price': 156.273, 'reason': 'no Donchian breakout'}
[2026-05-07 15:05:22] [SKIP] USDJPYm NO_TRADE: no Donchian breakout
[2026-05-07 15:05:22] [SELECT] Symbol switched: USDJPYm -> EURJPYm | AI watchlist candidate
[2026-05-07 15:05:22] [SCAN] Analyzing EURJPYm
[2026-05-07 15:05:22] Signal: {'time': Timestamp('2026-05-07 08:00:00'), 'symbol': 'EURJPYm', 'side': 'NO_TRADE', 'price': 183.871, 'reason': 'side blocked allowed=BOTH got=BUY'}
[2026-05-07 15:05:22] [SKIP] EURJPYm NO_TRADE: side blocked allowed=BOTH got=BUY
[2026-05-07 15:05:22] [WAIT] No order this round
[2026-05-07 15:06:22] [AI] Using cached scan from 2026-05-07 14:00:37 | symbols=GBPUSDm, EURUSDm, XAUUSDm, USDJPYm, EURJPYm
[2026-05-07 15:06:22] [WATCH] Watchlist: GBPUSDm, EURUSDm, XAUUSDm, USDJPYm, EURJPYm
[2026-05-07 15:06:22] [SELECT] Symbol switched: EURJPYm -> GBPUSDm | AI watchlist candidate
[2026-05-07 15:06:22] [SCAN] Analyzing GBPUSDm
[2026-05-07 15:06:23] [SKIP] GBPUSDm same candle 2026-05-07 08:00:00  skip
[2026-05-07 15:06:23] [SELECT] Symbol switched: GBPUSDm -> EURUSDm | AI watchlist candidate
[2026-05-07 15:06:23] [SCAN] Analyzing EURUSDm
[2026-05-07 15:06:24] [SKIP] EURUSDm same candle 2026-05-07 08:00:00  skip
[2026-05-07 15:06:24] [SELECT] Symbol switched: EURUSDm -> XAUUSDm | AI watchlist candidate
[2026-05-07 15:06:24] [SCAN] Analyzing XAUUSDm
[2026-05-07 15:06:25] [SKIP] XAUUSDm same candle 2026-05-07 08:00:00  skip
[2026-05-07 15:06:25] [SELECT] Symbol switched: XAUUSDm -> USDJPYm | AI watchlist candidate
[2026-05-07 15:06:25] [SCAN] Analyzing USDJPYm
[2026-05-07 15:06:25] [SKIP] USDJPYm same candle 2026-05-07 08:00:00  skip
[2026-05-07 15:06:25] [SELECT] Symbol switched: USDJPYm -> EURJPYm | AI watchlist candidate
[2026-05-07 15:06:25] [SCAN] Analyzing EURJPYm
[2026-05-07 15:06:26] [SKIP] EURJPYm same candle 2026-05-07 08:00:00  skip
[2026-05-07 15:06:26] [WAIT] No order this round
[2026-05-07 15:07:26] [AI] Using cached scan from 2026-05-07 14:00:37 | symbols=GBPUSDm, EURUSDm, XAUUSDm, USDJPYm, EURJPYm
[2026-05-07 15:07:26] [WATCH] Watchlist: GBPUSDm, EURUSDm, XAUUSDm, USDJPYm, EURJPYm
[2026-05-07 15:07:26] [SELECT] Symbol switched: EURJPYm -> GBPUSDm | AI watchlist candidate
[2026-05-07 15:07:26] [SCAN] Analyzing GBPUSDm
[2026-05-07 15:07:27] [SKIP] GBPUSDm same candle 2026-05-07 08:00:00  skip
[2026-05-07 15:07:27] [SELECT] Symbol switched: GBPUSDm -> EURUSDm | AI watchlist candidate
[2026-05-07 15:07:27] [SCAN] Analyzing EURUSDm
[2026-05-07 15:07:28] [SKIP] EURUSDm same candle 2026-05-07 08:00:00  skip
[2026-05-07 15:07:28] [SELECT] Symbol switched: EURUSDm -> XAUUSDm | AI watchlist candidate
[2026-05-07 15:07:28] [SCAN] Analyzing XAUUSDm
[2026-05-07 15:07:28] [SKIP] XAUUSDm same candle 2026-05-07 08:00:00  skip
[2026-05-07 15:07:28] [SELECT] Symbol switched: XAUUSDm -> USDJPYm | AI watchlist candidate
[2026-05-07 15:07:28] [SCAN] Analyzing USDJPYm
[2026-05-07 15:07:29] [SKIP] USDJPYm same candle 2026-05-07 08:00:00  skip
[2026-05-07 15:07:29] [SELECT] Symbol switched: USDJPYm -> EURJPYm | AI watchlist candidate
[2026-05-07 15:07:29] [SCAN] Analyzing EURJPYm
[2026-05-07 15:07:30] [SKIP] EURJPYm same candle 2026-05-07 08:00:00  skip
[2026-05-07 15:07:30] [WAIT] No order this round
[2026-05-07 15:08:30] [AI] Using cached scan from 2026-05-07 14:00:37 | symbols=GBPUSDm, EURUSDm, XAUUSDm, USDJPYm, EURJPYm
[2026-05-07 15:08:30] [WATCH] Watchlist: GBPUSDm, EURUSDm, XAUUSDm, USDJPYm, EURJPYm
[2026-05-07 15:08:30] [SELECT] Symbol switched: EURJPYm -> GBPUSDm | AI watchlist candidate
[2026-05-07 15:08:30] [SCAN] Analyzing GBPUSDm
[2026-05-07 15:08:30] [SKIP] GBPUSDm same candle 2026-05-07 08:00:00  skip
[2026-05-07 15:08:30] [SELECT] Symbol switched: GBPUSDm -> EURUSDm | AI watchlist candidate
[2026-05-07 15:08:30] [SCAN] Analyzing EURUSDm
[2026-05-07 15:08:31] [SKIP] EURUSDm same candle 2026-05-07 08:00:00  skip
[2026-05-07 15:08:31] [SELECT] Symbol switched: EURUSDm -> XAUUSDm | AI watchlist candidate
[2026-05-07 15:08:31] [SCAN] Analyzing XAUUSDm
[2026-05-07 15:08:32] [SKIP] XAUUSDm same candle 2026-05-07 08:00:00  skip
[2026-05-07 15:08:32] [SELECT] Symbol switched: XAUUSDm -> USDJPYm | AI watchlist candidate
[2026-05-07 15:08:32] [SCAN] Analyzing USDJPYm
[2026-05-07 15:08:33] [SKIP] USDJPYm same candle 2026-05-07 08:00:00  skip
[2026-05-07 15:08:33] [SELECT] Symbol switched: USDJPYm -> EURJPYm | AI watchlist candidate
[2026-05-07 15:08:33] [SCAN] Analyzing EURJPYm
[2026-05-07 15:08:33] [SKIP] EURJPYm same candle 2026-05-07 08:00:00  skip
[2026-05-07 15:08:33] [WAIT] No order this round
[2026-05-07 15:09:33] [AI] Using cached scan from 2026-05-07 14:00:37 | symbols=GBPUSDm, EURUSDm, XAUUSDm, USDJPYm, EURJPYm
[2026-05-07 15:09:33] [WATCH] Watchlist: GBPUSDm, EURUSDm, XAUUSDm, USDJPYm, EURJPYm
[2026-05-07 15:09:33] [SELECT] Symbol switched: EURJPYm -> GBPUSDm | AI watchlist candidate
[2026-05-07 15:09:33] [SCAN] Analyzing GBPUSDm
[2026-05-07 15:09:34] [SKIP] GBPUSDm same candle 2026-05-07 08:00:00  skip
[2026-05-07 15:09:34] [SELECT] Symbol switched: GBPUSDm -> EURUSDm | AI watchlist candidate
[2026-05-07 15:09:34] [SCAN] Analyzing EURUSDm
[2026-05-07 15:09:35] [SKIP] EURUSDm same candle 2026-05-07 08:00:00  skip
[2026-05-07 15:09:35] [SELECT] Symbol switched: EURUSDm -> XAUUSDm | AI watchlist candidate
[2026-05-07 15:09:35] [SCAN] Analyzing XAUUSDm
[2026-05-07 15:09:35] [SKIP] XAUUSDm same candle 2026-05-07 08:00:00  skip
[2026-05-07 15:09:35] [SELECT] Symbol switched: XAUUSDm -> USDJPYm | AI watchlist candidate
[2026-05-07 15:09:35] [SCAN] Analyzing USDJPYm
[2026-05-07 15:09:36] [SKIP] USDJPYm same candle 2026-05-07 08:00:00  skip
[2026-05-07 15:09:36] [SELECT] Symbol switched: USDJPYm -> EURJPYm | AI watchlist candidate
[2026-05-07 15:09:36] [SCAN] Analyzing EURJPYm
[2026-05-07 15:09:37] [SKIP] EURJPYm same candle 2026-05-07 08:00:00  skip
[2026-05-07 15:09:37] [WAIT] No order this round
[2026-05-07 15:10:37] [AI] Using cached scan from 2026-05-07 14:00:37 | symbols=GBPUSDm, EURUSDm, XAUUSDm, USDJPYm, EURJPYm
[2026-05-07 15:10:37] [WATCH] Watchlist: GBPUSDm, EURUSDm, XAUUSDm, USDJPYm, EURJPYm
[2026-05-07 15:10:37] [SELECT] Symbol switched: EURJPYm -> GBPUSDm | AI watchlist candidate
[2026-05-07 15:10:37] [SCAN] Analyzing GBPUSDm
[2026-05-07 15:10:38] Signal: {'time': Timestamp('2026-05-07 08:05:00'), 'symbol': 'GBPUSDm', 'side': 'NO_TRADE', 'price': 1.36219, 'reason': 'no Donchian breakout'}
[2026-05-07 15:10:38] [SKIP] GBPUSDm NO_TRADE: no Donchian breakout
[2026-05-07 15:10:38] [SELECT] Symbol switched: GBPUSDm -> EURUSDm | AI watchlist candidate
[2026-05-07 15:10:38] [SCAN] Analyzing EURUSDm
[2026-05-07 15:10:38] Signal: {'time': Timestamp('2026-05-07 08:05:00'), 'symbol': 'EURUSDm', 'side': 'NO_TRADE', 'price': 1.1766, 'reason': 'no Donchian breakout'}
[2026-05-07 15:10:38] [SKIP] EURUSDm NO_TRADE: no Donchian breakout
[2026-05-07 15:10:38] [SELECT] Symbol switched: EURUSDm -> XAUUSDm | AI watchlist candidate
[2026-05-07 15:10:38] [SCAN] Analyzing XAUUSDm
[2026-05-07 15:10:39] Signal: {'time': Timestamp('2026-05-07 08:05:00'), 'symbol': 'XAUUSDm', 'side': 'NO_TRADE', 'price': 4747.882, 'reason': 'no Donchian breakout'}
[2026-05-07 15:10:39] [SKIP] XAUUSDm NO_TRADE: no Donchian breakout
[2026-05-07 15:10:39] [SELECT] Symbol switched: XAUUSDm -> USDJPYm | AI watchlist candidate
[2026-05-07 15:10:39] [SCAN] Analyzing USDJPYm
[2026-05-07 15:10:40] Signal: {'time': Timestamp('2026-05-07 08:05:00'), 'symbol': 'USDJPYm', 'side': 'NO_TRADE', 'price': 156.27, 'reason': 'no Donchian breakout'}
[2026-05-07 15:10:40] [SKIP] USDJPYm NO_TRADE: no Donchian breakout
[2026-05-07 15:10:40] [SELECT] Symbol switched: USDJPYm -> EURJPYm | AI watchlist candidate
[2026-05-07 15:10:40] [SCAN] Analyzing EURJPYm
[2026-05-07 15:10:41] Signal: {'time': Timestamp('2026-05-07 08:05:00'), 'symbol': 'EURJPYm', 'side': 'NO_TRADE', 'price': 183.867, 'reason': 'no Donchian breakout'}
[2026-05-07 15:10:41] [SKIP] EURJPYm NO_TRADE: no Donchian breakout
[2026-05-07 15:10:41] [WAIT] No order this round
[2026-05-07 15:11:41] [AI] Using cached scan from 2026-05-07 14:00:37 | symbols=GBPUSDm, EURUSDm, XAUUSDm, USDJPYm, EURJPYm
[2026-05-07 15:11:41] [WATCH] Watchlist: GBPUSDm, EURUSDm, XAUUSDm, USDJPYm, EURJPYm
[2026-05-07 15:11:41] [SELECT] Symbol switched: EURJPYm -> GBPUSDm | AI watchlist candidate
[2026-05-07 15:11:41] [SCAN] Analyzing GBPUSDm
[2026-05-07 15:11:41] [SKIP] GBPUSDm same candle 2026-05-07 08:05:00  skip
[2026-05-07 15:11:41] [SELECT] Symbol switched: GBPUSDm -> EURUSDm | AI watchlist candidate
[2026-05-07 15:11:41] [SCAN] Analyzing EURUSDm
[2026-05-07 15:11:42] [SKIP] EURUSDm same candle 2026-05-07 08:05:00  skip
[2026-05-07 15:11:42] [SELECT] Symbol switched: EURUSDm -> XAUUSDm | AI watchlist candidate
[2026-05-07 15:11:42] [SCAN] Analyzing XAUUSDm
[2026-05-07 15:11:43] [SKIP] XAUUSDm same candle 2026-05-07 08:05:00  skip
[2026-05-07 15:11:43] [SELECT] Symbol switched: XAUUSDm -> USDJPYm | AI watchlist candidate
[2026-05-07 15:11:43] [SCAN] Analyzing USDJPYm
[2026-05-07 15:11:44] [SKIP] USDJPYm same candle 2026-05-07 08:05:00  skip
[2026-05-07 15:11:44] [SELECT] Symbol switched: USDJPYm -> EURJPYm | AI watchlist candidate
[2026-05-07 15:11:44] [SCAN] Analyzing EURJPYm
[2026-05-07 15:11:44] [SKIP] EURJPYm same candle 2026-05-07 08:05:00  skip
[2026-05-07 15:11:44] [WAIT] No order this round
[2026-05-07 15:12:44] [AI] Using cached scan from 2026-05-07 14:00:37 | symbols=GBPUSDm, EURUSDm, XAUUSDm, USDJPYm, EURJPYm
[2026-05-07 15:12:44] [WATCH] Watchlist: GBPUSDm, EURUSDm, XAUUSDm, USDJPYm, EURJPYm
[2026-05-07 15:12:44] [SELECT] Symbol switched: EURJPYm -> GBPUSDm | AI watchlist candidate
[2026-05-07 15:12:44] [SCAN] Analyzing GBPUSDm
[2026-05-07 15:12:45] [SKIP] GBPUSDm same candle 2026-05-07 08:05:00  skip
[2026-05-07 15:12:45] [SELECT] Symbol switched: GBPUSDm -> EURUSDm | AI watchlist candidate
[2026-05-07 15:12:45] [SCAN] Analyzing EURUSDm
[2026-05-07 15:12:46] [SKIP] EURUSDm same candle 2026-05-07 08:05:00  skip
[2026-05-07 15:12:46] [SELECT] Symbol switched: EURUSDm -> XAUUSDm | AI watchlist candidate
[2026-05-07 15:12:46] [SCAN] Analyzing XAUUSDm
[2026-05-07 15:12:47] [SKIP] XAUUSDm same candle 2026-05-07 08:05:00  skip
[2026-05-07 15:12:47] [SELECT] Symbol switched: XAUUSDm -> USDJPYm | AI watchlist candidate
[2026-05-07 15:12:47] [SCAN] Analyzing USDJPYm
[2026-05-07 15:12:47] [SKIP] USDJPYm same candle 2026-05-07 08:05:00  skip
[2026-05-07 15:12:47] [SELECT] Symbol switched: USDJPYm -> EURJPYm | AI watchlist candidate
[2026-05-07 15:12:47] [SCAN] Analyzing EURJPYm
[2026-05-07 15:12:48] [SKIP] EURJPYm same candle 2026-05-07 08:05:00  skip
[2026-05-07 15:12:48] [WAIT] No order this round
[2026-05-07 15:13:48] [AI] Using cached scan from 2026-05-07 14:00:37 | symbols=GBPUSDm, EURUSDm, XAUUSDm, USDJPYm, EURJPYm
[2026-05-07 15:13:48] [WATCH] Watchlist: GBPUSDm, EURUSDm, XAUUSDm, USDJPYm, EURJPYm
[2026-05-07 15:13:48] [SELECT] Symbol switched: EURJPYm -> GBPUSDm | AI watchlist candidate
[2026-05-07 15:13:48] [SCAN] Analyzing GBPUSDm
[2026-05-07 15:13:49] [SKIP] GBPUSDm same candle 2026-05-07 08:05:00  skip
[2026-05-07 15:13:49] [SELECT] Symbol switched: GBPUSDm -> EURUSDm | AI watchlist candidate
[2026-05-07 15:13:49] [SCAN] Analyzing EURUSDm
[2026-05-07 15:13:49] [SKIP] EURUSDm same candle 2026-05-07 08:05:00  skip
[2026-05-07 15:13:49] [SELECT] Symbol switched: EURUSDm -> XAUUSDm | AI watchlist candidate
[2026-05-07 15:13:49] [SCAN] Analyzing XAUUSDm
[2026-05-07 15:13:50] [SKIP] XAUUSDm same candle 2026-05-07 08:05:00  skip
[2026-05-07 15:13:50] [SELECT] Symbol switched: XAUUSDm -> USDJPYm | AI watchlist candidate
[2026-05-07 15:13:50] [SCAN] Analyzing USDJPYm
[2026-05-07 15:13:51] [SKIP] USDJPYm same candle 2026-05-07 08:05:00  skip
[2026-05-07 15:13:51] [SELECT] Symbol switched: USDJPYm -> EURJPYm | AI watchlist candidate
[2026-05-07 15:13:51] [SCAN] Analyzing EURJPYm
[2026-05-07 15:13:52] [SKIP] EURJPYm same candle 2026-05-07 08:05:00  skip
[2026-05-07 15:13:52] [WAIT] No order this round
[2026-05-07 15:14:52] [AI] Using cached scan from 2026-05-07 14:00:37 | symbols=GBPUSDm, EURUSDm, XAUUSDm, USDJPYm, EURJPYm
[2026-05-07 15:14:52] [WATCH] Watchlist: GBPUSDm, EURUSDm, XAUUSDm, USDJPYm, EURJPYm
[2026-05-07 15:14:52] [SELECT] Symbol switched: EURJPYm -> GBPUSDm | AI watchlist candidate
[2026-05-07 15:14:52] [SCAN] Analyzing GBPUSDm
[2026-05-07 15:14:52] [SKIP] GBPUSDm same candle 2026-05-07 08:05:00  skip
[2026-05-07 15:14:52] [SELECT] Symbol switched: GBPUSDm -> EURUSDm | AI watchlist candidate
[2026-05-07 15:14:52] [SCAN] Analyzing EURUSDm
[2026-05-07 15:14:53] [SKIP] EURUSDm same candle 2026-05-07 08:05:00  skip
[2026-05-07 15:14:53] [SELECT] Symbol switched: EURUSDm -> XAUUSDm | AI watchlist candidate
[2026-05-07 15:14:53] [SCAN] Analyzing XAUUSDm
[2026-05-07 15:14:54] [SKIP] XAUUSDm same candle 2026-05-07 08:05:00  skip
[2026-05-07 15:14:54] [SELECT] Symbol switched: XAUUSDm -> USDJPYm | AI watchlist candidate
[2026-05-07 15:14:54] [SCAN] Analyzing USDJPYm
[2026-05-07 15:14:55] [SKIP] USDJPYm same candle 2026-05-07 08:05:00  skip
[2026-05-07 15:14:55] [SELECT] Symbol switched: USDJPYm -> EURJPYm | AI watchlist candidate
[2026-05-07 15:14:55] [SCAN] Analyzing EURJPYm
[2026-05-07 15:14:55] [SKIP] EURJPYm same candle 2026-05-07 08:05:00  skip
[2026-05-07 15:14:55] [WAIT] No order this round
[2026-05-07 15:15:55] [AI] Using cached scan from 2026-05-07 14:00:37 | symbols=GBPUSDm, EURUSDm, XAUUSDm, USDJPYm, EURJPYm
[2026-05-07 15:15:55] [WATCH] Watchlist: GBPUSDm, EURUSDm, XAUUSDm, USDJPYm, EURJPYm
[2026-05-07 15:15:55] [SELECT] Symbol switched: EURJPYm -> GBPUSDm | AI watchlist candidate
[2026-05-07 15:15:55] [SCAN] Analyzing GBPUSDm
[2026-05-07 15:15:56] Signal: {'time': Timestamp('2026-05-07 08:10:00'), 'symbol': 'GBPUSDm', 'side': 'NO_TRADE', 'price': 1.3620700000000001, 'reason': 'no Donchian breakout'}
[2026-05-07 15:15:56] [SKIP] GBPUSDm NO_TRADE: no Donchian breakout
[2026-05-07 15:15:56] [SELECT] Symbol switched: GBPUSDm -> EURUSDm | AI watchlist candidate
[2026-05-07 15:15:56] [SCAN] Analyzing EURUSDm
[2026-05-07 15:15:57] Signal: {'time': Timestamp('2026-05-07 08:10:00'), 'symbol': 'EURUSDm', 'side': 'NO_TRADE', 'price': 1.17665, 'reason': 'no Donchian breakout'}
[2026-05-07 15:15:57] [SKIP] EURUSDm NO_TRADE: no Donchian breakout
[2026-05-07 15:15:57] [SELECT] Symbol switched: EURUSDm -> XAUUSDm | AI watchlist candidate
[2026-05-07 15:15:57] [SCAN] Analyzing XAUUSDm
[2026-05-07 15:15:58] Signal: {'time': Timestamp('2026-05-07 08:10:00'), 'symbol': 'XAUUSDm', 'side': 'NO_TRADE', 'price': 4742.691, 'reason': 'no Donchian breakout'}
[2026-05-07 15:15:58] [SKIP] XAUUSDm NO_TRADE: no Donchian breakout
[2026-05-07 15:15:58] [SELECT] Symbol switched: XAUUSDm -> USDJPYm | AI watchlist candidate
[2026-05-07 15:15:58] [SCAN] Analyzing USDJPYm
[2026-05-07 15:15:58] Signal: {'time': Timestamp('2026-05-07 08:10:00'), 'symbol': 'USDJPYm', 'side': 'NO_TRADE', 'price': 156.261, 'reason': 'no Donchian breakout'}
[2026-05-07 15:15:58] [SKIP] USDJPYm NO_TRADE: no Donchian breakout
[2026-05-07 15:15:58] [SELECT] Symbol switched: USDJPYm -> EURJPYm | AI watchlist candidate
[2026-05-07 15:15:58] [SCAN] Analyzing EURJPYm
[2026-05-07 15:15:59] Signal: {'time': Timestamp('2026-05-07 08:10:00'), 'symbol': 'EURJPYm', 'side': 'NO_TRADE', 'price': 183.868, 'reason': 'no Donchian breakout'}
[2026-05-07 15:15:59] [SKIP] EURJPYm NO_TRADE: no Donchian breakout
[2026-05-07 15:15:59] [WAIT] No order this round
[2026-05-07 15:16:59] [AI] Using cached scan from 2026-05-07 14:00:37 | symbols=GBPUSDm, EURUSDm, XAUUSDm, USDJPYm, EURJPYm
[2026-05-07 15:16:59] [WATCH] Watchlist: GBPUSDm, EURUSDm, XAUUSDm, USDJPYm, EURJPYm
[2026-05-07 15:16:59] [SELECT] Symbol switched: EURJPYm -> GBPUSDm | AI watchlist candidate
[2026-05-07 15:16:59] [SCAN] Analyzing GBPUSDm
[2026-05-07 15:17:00] [SKIP] GBPUSDm same candle 2026-05-07 08:10:00  skip
[2026-05-07 15:17:00] [SELECT] Symbol switched: GBPUSDm -> EURUSDm | AI watchlist candidate
[2026-05-07 15:17:00] [SCAN] Analyzing EURUSDm
[2026-05-07 15:17:01] [SKIP] EURUSDm same candle 2026-05-07 08:10:00  skip
[2026-05-07 15:17:01] [SELECT] Symbol switched: EURUSDm -> XAUUSDm | AI watchlist candidate
[2026-05-07 15:17:01] [SCAN] Analyzing XAUUSDm
[2026-05-07 15:17:01] [SKIP] XAUUSDm same candle 2026-05-07 08:10:00  skip
[2026-05-07 15:17:01] [SELECT] Symbol switched: XAUUSDm -> USDJPYm | AI watchlist candidate
[2026-05-07 15:17:01] [SCAN] Analyzing USDJPYm
[2026-05-07 15:17:02] [SKIP] USDJPYm same candle 2026-05-07 08:10:00  skip
[2026-05-07 15:17:02] [SELECT] Symbol switched: USDJPYm -> EURJPYm | AI watchlist candidate
[2026-05-07 15:17:02] [SCAN] Analyzing EURJPYm
[2026-05-07 15:17:03] [SKIP] EURJPYm same candle 2026-05-07 08:10:00  skip
[2026-05-07 15:17:03] [WAIT] No order this round
[2026-05-07 15:18:03] [AI] Using cached scan from 2026-05-07 14:00:37 | symbols=GBPUSDm, EURUSDm, XAUUSDm, USDJPYm, EURJPYm
[2026-05-07 15:18:03] [WATCH] Watchlist: GBPUSDm, EURUSDm, XAUUSDm, USDJPYm, EURJPYm
[2026-05-07 15:18:03] [SELECT] Symbol switched: EURJPYm -> GBPUSDm | AI watchlist candidate
[2026-05-07 15:18:03] [SCAN] Analyzing GBPUSDm
[2026-05-07 15:18:03] [SKIP] GBPUSDm same candle 2026-05-07 08:10:00  skip
[2026-05-07 15:18:03] [SELECT] Symbol switched: GBPUSDm -> EURUSDm | AI watchlist candidate
[2026-05-07 15:18:03] [SCAN] Analyzing EURUSDm
[2026-05-07 15:18:04] [SKIP] EURUSDm same candle 2026-05-07 08:10:00  skip
[2026-05-07 15:18:04] [SELECT] Symbol switched: EURUSDm -> XAUUSDm | AI watchlist candidate
[2026-05-07 15:18:04] [SCAN] Analyzing XAUUSDm
[2026-05-07 15:18:05] [SKIP] XAUUSDm same candle 2026-05-07 08:10:00  skip
[2026-05-07 15:18:05] [SELECT] Symbol switched: XAUUSDm -> USDJPYm | AI watchlist candidate
[2026-05-07 15:18:05] [SCAN] Analyzing USDJPYm
[2026-05-07 15:18:06] [SKIP] USDJPYm same candle 2026-05-07 08:10:00  skip
[2026-05-07 15:18:06] [SELECT] Symbol switched: USDJPYm -> EURJPYm | AI watchlist candidate
[2026-05-07 15:18:06] [SCAN] Analyzing EURJPYm
[2026-05-07 15:18:06] [SKIP] EURJPYm same candle 2026-05-07 08:10:00  skip
[2026-05-07 15:18:06] [WAIT] No order this round
[2026-05-07 15:19:06] [AI] Using cached scan from 2026-05-07 14:00:37 | symbols=GBPUSDm, EURUSDm, XAUUSDm, USDJPYm, EURJPYm
[2026-05-07 15:19:06] [WATCH] Watchlist: GBPUSDm, EURUSDm, XAUUSDm, USDJPYm, EURJPYm
[2026-05-07 15:19:06] [SELECT] Symbol switched: EURJPYm -> GBPUSDm | AI watchlist candidate
[2026-05-07 15:19:06] [SCAN] Analyzing GBPUSDm
[2026-05-07 15:19:07] [SKIP] GBPUSDm same candle 2026-05-07 08:10:00  skip
[2026-05-07 15:19:07] [SELECT] Symbol switched: GBPUSDm -> EURUSDm | AI watchlist candidate
[2026-05-07 15:19:07] [SCAN] Analyzing EURUSDm
[2026-05-07 15:19:08] [SKIP] EURUSDm same candle 2026-05-07 08:10:00  skip
[2026-05-07 15:19:08] [SELECT] Symbol switched: EURUSDm -> XAUUSDm | AI watchlist candidate
[2026-05-07 15:19:08] [SCAN] Analyzing XAUUSDm
[2026-05-07 15:19:09] [SKIP] XAUUSDm same candle 2026-05-07 08:10:00  skip
[2026-05-07 15:19:09] [SELECT] Symbol switched: XAUUSDm -> USDJPYm | AI watchlist candidate
[2026-05-07 15:19:09] [SCAN] Analyzing USDJPYm
[2026-05-07 15:19:09] [SKIP] USDJPYm same candle 2026-05-07 08:10:00  skip
[2026-05-07 15:19:09] [SELECT] Symbol switched: USDJPYm -> EURJPYm | AI watchlist candidate
[2026-05-07 15:19:09] [SCAN] Analyzing EURJPYm
[2026-05-07 15:19:10] [SKIP] EURJPYm same candle 2026-05-07 08:10:00  skip
[2026-05-07 15:19:10] [WAIT] No order this round
[2026-05-07 15:20:10] [AI] Using cached scan from 2026-05-07 14:00:37 | symbols=GBPUSDm, EURUSDm, XAUUSDm, USDJPYm, EURJPYm
[2026-05-07 15:20:10] [WATCH] Watchlist: GBPUSDm, EURUSDm, XAUUSDm, USDJPYm, EURJPYm
[2026-05-07 15:20:10] [SELECT] Symbol switched: EURJPYm -> GBPUSDm | AI watchlist candidate
[2026-05-07 15:20:10] [SCAN] Analyzing GBPUSDm
[2026-05-07 15:20:11] Signal: {'time': Timestamp('2026-05-07 08:15:00'), 'symbol': 'GBPUSDm', 'side': 'NO_TRADE', 'price': 1.36148, 'reason': 'no Donchian breakout'}
[2026-05-07 15:20:11] [SKIP] GBPUSDm NO_TRADE: no Donchian breakout
[2026-05-07 15:20:11] [SELECT] Symbol switched: GBPUSDm -> EURUSDm | AI watchlist candidate
[2026-05-07 15:20:11] [SCAN] Analyzing EURUSDm
[2026-05-07 15:20:11] Signal: {'time': Timestamp('2026-05-07 08:15:00'), 'symbol': 'EURUSDm', 'side': 'NO_TRADE', 'price': 1.17641, 'reason': 'no Donchian breakout'}
[2026-05-07 15:20:11] [SKIP] EURUSDm NO_TRADE: no Donchian breakout
[2026-05-07 15:20:11] [SELECT] Symbol switched: EURUSDm -> XAUUSDm | AI watchlist candidate
[2026-05-07 15:20:11] [SCAN] Analyzing XAUUSDm
[2026-05-07 15:20:12] Signal: {'time': Timestamp('2026-05-07 08:15:00'), 'symbol': 'XAUUSDm', 'side': 'NO_TRADE', 'price': 4736.674, 'reason': 'no Donchian breakout'}
[2026-05-07 15:20:12] [SKIP] XAUUSDm NO_TRADE: no Donchian breakout
[2026-05-07 15:20:12] [SELECT] Symbol switched: XAUUSDm -> USDJPYm | AI watchlist candidate
[2026-05-07 15:20:12] [SCAN] Analyzing USDJPYm
[2026-05-07 15:20:13] Signal: {'time': Timestamp('2026-05-07 08:15:00'), 'symbol': 'USDJPYm', 'side': 'NO_TRADE', 'price': 156.245, 'reason': 'no Donchian breakout'}
[2026-05-07 15:20:13] [SKIP] USDJPYm NO_TRADE: no Donchian breakout
[2026-05-07 15:20:13] [SELECT] Symbol switched: USDJPYm -> EURJPYm | AI watchlist candidate
[2026-05-07 15:20:13] [SCAN] Analyzing EURJPYm
[2026-05-07 15:20:14] Signal: {'time': Timestamp('2026-05-07 08:15:00'), 'symbol': 'EURJPYm', 'side': 'NO_TRADE', 'price': 183.812, 'reason': 'no Donchian breakout'}
[2026-05-07 15:20:14] [SKIP] EURJPYm NO_TRADE: no Donchian breakout
[2026-05-07 15:20:14] [WAIT] No order this round
[2026-05-07 15:21:14] [AI] Using cached scan from 2026-05-07 14:00:37 | symbols=GBPUSDm, EURUSDm, XAUUSDm, USDJPYm, EURJPYm
[2026-05-07 15:21:14] [WATCH] Watchlist: GBPUSDm, EURUSDm, XAUUSDm, USDJPYm, EURJPYm
[2026-05-07 15:21:14] [SELECT] Symbol switched: EURJPYm -> GBPUSDm | AI watchlist candidate
[2026-05-07 15:21:14] [SCAN] Analyzing GBPUSDm
[2026-05-07 15:21:14] [SKIP] GBPUSDm same candle 2026-05-07 08:15:00  skip
[2026-05-07 15:21:14] [SELECT] Symbol switched: GBPUSDm -> EURUSDm | AI watchlist candidate
[2026-05-07 15:21:14] [SCAN] Analyzing EURUSDm
[2026-05-07 15:21:15] [SKIP] EURUSDm same candle 2026-05-07 08:15:00  skip
[2026-05-07 15:21:15] [SELECT] Symbol switched: EURUSDm -> XAUUSDm | AI watchlist candidate
[2026-05-07 15:21:15] [SCAN] Analyzing XAUUSDm
[2026-05-07 15:21:16] [SKIP] XAUUSDm same candle 2026-05-07 08:15:00  skip
[2026-05-07 15:21:16] [SELECT] Symbol switched: XAUUSDm -> USDJPYm | AI watchlist candidate
[2026-05-07 15:21:16] [SCAN] Analyzing USDJPYm
[2026-05-07 15:21:17] [SKIP] USDJPYm same candle 2026-05-07 08:15:00  skip
[2026-05-07 15:21:17] [SELECT] Symbol switched: USDJPYm -> EURJPYm | AI watchlist candidate
[2026-05-07 15:21:17] [SCAN] Analyzing EURJPYm
[2026-05-07 15:21:17] [SKIP] EURJPYm same candle 2026-05-07 08:15:00  skip
[2026-05-07 15:21:17] [WAIT] No order this round
[2026-05-07 15:22:17] [AI] Using cached scan from 2026-05-07 14:00:37 | symbols=GBPUSDm, EURUSDm, XAUUSDm, USDJPYm, EURJPYm
[2026-05-07 15:22:17] [WATCH] Watchlist: GBPUSDm, EURUSDm, XAUUSDm, USDJPYm, EURJPYm
[2026-05-07 15:22:17] [SELECT] Symbol switched: EURJPYm -> GBPUSDm | AI watchlist candidate
[2026-05-07 15:22:17] [SCAN] Analyzing GBPUSDm
[2026-05-07 15:22:18] [SKIP] GBPUSDm same candle 2026-05-07 08:15:00  skip
[2026-05-07 15:22:18] [SELECT] Symbol switched: GBPUSDm -> EURUSDm | AI watchlist candidate
[2026-05-07 15:22:18] [SCAN] Analyzing EURUSDm
[2026-05-07 15:22:19] [SKIP] EURUSDm same candle 2026-05-07 08:15:00  skip
[2026-05-07 15:22:19] [SELECT] Symbol switched: EURUSDm -> XAUUSDm | AI watchlist candidate
[2026-05-07 15:22:19] [SCAN] Analyzing XAUUSDm
[2026-05-07 15:22:20] [SKIP] XAUUSDm same candle 2026-05-07 08:15:00  skip
[2026-05-07 15:22:20] [SELECT] Symbol switched: XAUUSDm -> USDJPYm | AI watchlist candidate
[2026-05-07 15:22:20] [SCAN] Analyzing USDJPYm
[2026-05-07 15:22:20] [SKIP] USDJPYm same candle 2026-05-07 08:15:00  skip
[2026-05-07 15:22:20] [SELECT] Symbol switched: USDJPYm -> EURJPYm | AI watchlist candidate
[2026-05-07 15:22:20] [SCAN] Analyzing EURJPYm
[2026-05-07 15:22:21] [SKIP] EURJPYm same candle 2026-05-07 08:15:00  skip
[2026-05-07 15:22:21] [WAIT] No order this round
[2026-05-07 15:23:21] [AI] Using cached scan from 2026-05-07 14:00:37 | symbols=GBPUSDm, EURUSDm, XAUUSDm, USDJPYm, EURJPYm
[2026-05-07 15:23:21] [WATCH] Watchlist: GBPUSDm, EURUSDm, XAUUSDm, USDJPYm, EURJPYm
[2026-05-07 15:23:21] [SELECT] Symbol switched: EURJPYm -> GBPUSDm | AI watchlist candidate
[2026-05-07 15:23:21] [SCAN] Analyzing GBPUSDm
[2026-05-07 15:23:22] [SKIP] GBPUSDm same candle 2026-05-07 08:15:00  skip
[2026-05-07 15:23:22] [SELECT] Symbol switched: GBPUSDm -> EURUSDm | AI watchlist candidate
[2026-05-07 15:23:22] [SCAN] Analyzing EURUSDm
[2026-05-07 15:23:22] [SKIP] EURUSDm same candle 2026-05-07 08:15:00  skip
[2026-05-07 15:23:22] [SELECT] Symbol switched: EURUSDm -> XAUUSDm | AI watchlist candidate
[2026-05-07 15:23:22] [SCAN] Analyzing XAUUSDm
[2026-05-07 15:23:23] [SKIP] XAUUSDm same candle 2026-05-07 08:15:00  skip
[2026-05-07 15:23:23] [SELECT] Symbol switched: XAUUSDm -> USDJPYm | AI watchlist candidate
[2026-05-07 15:23:23] [SCAN] Analyzing USDJPYm
[2026-05-07 15:23:24] [SKIP] USDJPYm same candle 2026-05-07 08:15:00  skip
[2026-05-07 15:23:24] [SELECT] Symbol switched: USDJPYm -> EURJPYm | AI watchlist candidate
[2026-05-07 15:23:24] [SCAN] Analyzing EURJPYm
[2026-05-07 15:23:25] [SKIP] EURJPYm same candle 2026-05-07 08:15:00  skip
[2026-05-07 15:23:25] [WAIT] No order this round
[2026-05-07 15:24:25] [AI] Using cached scan from 2026-05-07 14:00:37 | symbols=GBPUSDm, EURUSDm, XAUUSDm, USDJPYm, EURJPYm
[2026-05-07 15:24:25] [WATCH] Watchlist: GBPUSDm, EURUSDm, XAUUSDm, USDJPYm, EURJPYm
[2026-05-07 15:24:25] [SELECT] Symbol switched: EURJPYm -> GBPUSDm | AI watchlist candidate
[2026-05-07 15:24:25] [SCAN] Analyzing GBPUSDm
[2026-05-07 15:24:25] [SKIP] GBPUSDm same candle 2026-05-07 08:15:00  skip
[2026-05-07 15:24:25] [SELECT] Symbol switched: GBPUSDm -> EURUSDm | AI watchlist candidate
[2026-05-07 15:24:25] [SCAN] Analyzing EURUSDm
[2026-05-07 15:24:26] [SKIP] EURUSDm same candle 2026-05-07 08:15:00  skip
[2026-05-07 15:24:26] [SELECT] Symbol switched: EURUSDm -> XAUUSDm | AI watchlist candidate
[2026-05-07 15:24:26] [SCAN] Analyzing XAUUSDm
[2026-05-07 15:24:27] [SKIP] XAUUSDm same candle 2026-05-07 08:15:00  skip
[2026-05-07 15:24:27] [SELECT] Symbol switched: XAUUSDm -> USDJPYm | AI watchlist candidate
[2026-05-07 15:24:27] [SCAN] Analyzing USDJPYm
[2026-05-07 15:24:27] [SKIP] USDJPYm same candle 2026-05-07 08:15:00  skip
[2026-05-07 15:24:27] [SELECT] Symbol switched: USDJPYm -> EURJPYm | AI watchlist candidate
[2026-05-07 15:24:27] [SCAN] Analyzing EURJPYm
[2026-05-07 15:24:28] [SKIP] EURJPYm same candle 2026-05-07 08:15:00  skip
[2026-05-07 15:24:28] [WAIT] No order this round
[2026-05-07 15:25:28] [AI] Using cached scan from 2026-05-07 14:00:37 | symbols=GBPUSDm, EURUSDm, XAUUSDm, USDJPYm, EURJPYm
[2026-05-07 15:25:28] [WATCH] Watchlist: GBPUSDm, EURUSDm, XAUUSDm, USDJPYm, EURJPYm
[2026-05-07 15:25:28] [SELECT] Symbol switched: EURJPYm -> GBPUSDm | AI watchlist candidate
[2026-05-07 15:25:28] [SCAN] Analyzing GBPUSDm
[2026-05-07 15:25:29] Signal: {'time': Timestamp('2026-05-07 08:20:00'), 'symbol': 'GBPUSDm', 'side': 'NO_TRADE', 'price': 1.36204, 'reason': 'no Donchian breakout'}
[2026-05-07 15:25:29] [SKIP] GBPUSDm NO_TRADE: no Donchian breakout
[2026-05-07 15:25:29] [SELECT] Symbol switched: GBPUSDm -> EURUSDm | AI watchlist candidate
[2026-05-07 15:25:29] [SCAN] Analyzing EURUSDm
[2026-05-07 15:25:30] Signal: {'time': Timestamp('2026-05-07 08:20:00'), 'symbol': 'EURUSDm', 'side': 'NO_TRADE', 'price': 1.17706, 'reason': 'side blocked allowed=BOTH got=BUY'}
[2026-05-07 15:25:30] [SKIP] EURUSDm NO_TRADE: side blocked allowed=BOTH got=BUY
[2026-05-07 15:25:30] [SELECT] Symbol switched: EURUSDm -> XAUUSDm | AI watchlist candidate
[2026-05-07 15:25:30] [SCAN] Analyzing XAUUSDm
[2026-05-07 15:25:30] Signal: {'time': Timestamp('2026-05-07 08:20:00'), 'symbol': 'XAUUSDm', 'side': 'NO_TRADE', 'price': 4739.581, 'reason': 'no Donchian breakout'}
[2026-05-07 15:25:30] [SKIP] XAUUSDm NO_TRADE: no Donchian breakout
[2026-05-07 15:25:30] [SELECT] Symbol switched: XAUUSDm -> USDJPYm | AI watchlist candidate
[2026-05-07 15:25:30] [SCAN] Analyzing USDJPYm
[2026-05-07 15:25:31] Signal: {'time': Timestamp('2026-05-07 08:20:00'), 'symbol': 'USDJPYm', 'side': 'NO_TRADE', 'price': 156.224, 'reason': 'no Donchian breakout'}
[2026-05-07 15:25:31] [SKIP] USDJPYm NO_TRADE: no Donchian breakout
[2026-05-07 15:25:31] [SELECT] Symbol switched: USDJPYm -> EURJPYm | AI watchlist candidate
[2026-05-07 15:25:31] [SCAN] Analyzing EURJPYm
[2026-05-07 15:25:32] Signal: {'time': Timestamp('2026-05-07 08:20:00'), 'symbol': 'EURJPYm', 'side': 'NO_TRADE', 'price': 183.89, 'reason': 'no Donchian breakout'}
[2026-05-07 15:25:32] [SKIP] EURJPYm NO_TRADE: no Donchian breakout
[2026-05-07 15:25:32] [WAIT] No order this round
[2026-05-07 15:26:32] [AI] Using cached scan from 2026-05-07 14:00:37 | symbols=GBPUSDm, EURUSDm, XAUUSDm, USDJPYm, EURJPYm
[2026-05-07 15:26:32] [WATCH] Watchlist: GBPUSDm, EURUSDm, XAUUSDm, USDJPYm, EURJPYm
[2026-05-07 15:26:32] [SELECT] Symbol switched: EURJPYm -> GBPUSDm | AI watchlist candidate
[2026-05-07 15:26:32] [SCAN] Analyzing GBPUSDm
[2026-05-07 15:26:33] [SKIP] GBPUSDm same candle 2026-05-07 08:20:00  skip
[2026-05-07 15:26:33] [SELECT] Symbol switched: GBPUSDm -> EURUSDm | AI watchlist candidate
[2026-05-07 15:26:33] [SCAN] Analyzing EURUSDm
[2026-05-07 15:26:33] [SKIP] EURUSDm same candle 2026-05-07 08:20:00  skip
[2026-05-07 15:26:33] [SELECT] Symbol switched: EURUSDm -> XAUUSDm | AI watchlist candidate
[2026-05-07 15:26:33] [SCAN] Analyzing XAUUSDm
[2026-05-07 15:26:34] [SKIP] XAUUSDm same candle 2026-05-07 08:20:00  skip
[2026-05-07 15:26:34] [SELECT] Symbol switched: XAUUSDm -> USDJPYm | AI watchlist candidate
[2026-05-07 15:26:34] [SCAN] Analyzing USDJPYm
[2026-05-07 15:26:35] [SKIP] USDJPYm same candle 2026-05-07 08:20:00  skip
[2026-05-07 15:26:35] [SELECT] Symbol switched: USDJPYm -> EURJPYm | AI watchlist candidate
[2026-05-07 15:26:35] [SCAN] Analyzing EURJPYm
[2026-05-07 15:26:36] [SKIP] EURJPYm same candle 2026-05-07 08:20:00  skip
[2026-05-07 15:26:36] [WAIT] No order this round
[2026-05-07 15:27:36] [AI] Using cached scan from 2026-05-07 14:00:37 | symbols=GBPUSDm, EURUSDm, XAUUSDm, USDJPYm, EURJPYm
[2026-05-07 15:27:36] [WATCH] Watchlist: GBPUSDm, EURUSDm, XAUUSDm, USDJPYm, EURJPYm
[2026-05-07 15:27:36] [SELECT] Symbol switched: EURJPYm -> GBPUSDm | AI watchlist candidate
[2026-05-07 15:27:36] [SCAN] Analyzing GBPUSDm
[2026-05-07 15:27:36] [SKIP] GBPUSDm same candle 2026-05-07 08:20:00  skip
[2026-05-07 15:27:36] [SELECT] Symbol switched: GBPUSDm -> EURUSDm | AI watchlist candidate
[2026-05-07 15:27:36] [SCAN] Analyzing EURUSDm
[2026-05-07 15:27:37] [SKIP] EURUSDm same candle 2026-05-07 08:20:00  skip
[2026-05-07 15:27:37] [SELECT] Symbol switched: EURUSDm -> XAUUSDm | AI watchlist candidate
[2026-05-07 15:27:37] [SCAN] Analyzing XAUUSDm
[2026-05-07 15:27:38] [SKIP] XAUUSDm same candle 2026-05-07 08:20:00  skip
[2026-05-07 15:27:38] [SELECT] Symbol switched: XAUUSDm -> USDJPYm | AI watchlist candidate
[2026-05-07 15:27:38] [SCAN] Analyzing USDJPYm
[2026-05-07 15:27:38] [SKIP] USDJPYm same candle 2026-05-07 08:20:00  skip
[2026-05-07 15:27:38] [SELECT] Symbol switched: USDJPYm -> EURJPYm | AI watchlist candidate
[2026-05-07 15:27:38] [SCAN] Analyzing EURJPYm
[2026-05-07 15:27:39] [SKIP] EURJPYm same candle 2026-05-07 08:20:00  skip
[2026-05-07 15:27:39] [WAIT] No order this round
[2026-05-07 15:28:39] [AI] Using cached scan from 2026-05-07 14:00:37 | symbols=GBPUSDm, EURUSDm, XAUUSDm, USDJPYm, EURJPYm
[2026-05-07 15:28:39] [WATCH] Watchlist: GBPUSDm, EURUSDm, XAUUSDm, USDJPYm, EURJPYm
[2026-05-07 15:28:39] [SELECT] Symbol switched: EURJPYm -> GBPUSDm | AI watchlist candidate
[2026-05-07 15:28:39] [SCAN] Analyzing GBPUSDm
[2026-05-07 15:28:40] [SKIP] GBPUSDm same candle 2026-05-07 08:20:00  skip
[2026-05-07 15:28:40] [SELECT] Symbol switched: GBPUSDm -> EURUSDm | AI watchlist candidate
[2026-05-07 15:28:40] [SCAN] Analyzing EURUSDm
[2026-05-07 15:28:41] [SKIP] EURUSDm same candle 2026-05-07 08:20:00  skip
[2026-05-07 15:28:41] [SELECT] Symbol switched: EURUSDm -> XAUUSDm | AI watchlist candidate
[2026-05-07 15:28:41] [SCAN] Analyzing XAUUSDm
[2026-05-07 15:28:41] [SKIP] XAUUSDm same candle 2026-05-07 08:20:00  skip
[2026-05-07 15:28:41] [SELECT] Symbol switched: XAUUSDm -> USDJPYm | AI watchlist candidate
[2026-05-07 15:28:41] [SCAN] Analyzing USDJPYm
[2026-05-07 15:28:42] [SKIP] USDJPYm same candle 2026-05-07 08:20:00  skip
[2026-05-07 15:28:42] [SELECT] Symbol switched: USDJPYm -> EURJPYm | AI watchlist candidate
[2026-05-07 15:28:42] [SCAN] Analyzing EURJPYm
[2026-05-07 15:28:43] [SKIP] EURJPYm same candle 2026-05-07 08:20:00  skip
[2026-05-07 15:28:43] [WAIT] No order this round
[2026-05-07 15:29:43] [AI] Using cached scan from 2026-05-07 14:00:37 | symbols=GBPUSDm, EURUSDm, XAUUSDm, USDJPYm, EURJPYm
[2026-05-07 15:29:43] [WATCH] Watchlist: GBPUSDm, EURUSDm, XAUUSDm, USDJPYm, EURJPYm
[2026-05-07 15:29:43] [SELECT] Symbol switched: EURJPYm -> GBPUSDm | AI watchlist candidate
[2026-05-07 15:29:43] [SCAN] Analyzing GBPUSDm
[2026-05-07 15:29:44] [SKIP] GBPUSDm same candle 2026-05-07 08:20:00  skip
[2026-05-07 15:29:44] [SELECT] Symbol switched: GBPUSDm -> EURUSDm | AI watchlist candidate
[2026-05-07 15:29:44] [SCAN] Analyzing EURUSDm
[2026-05-07 15:29:44] [SKIP] EURUSDm same candle 2026-05-07 08:20:00  skip
[2026-05-07 15:29:44] [SELECT] Symbol switched: EURUSDm -> XAUUSDm | AI watchlist candidate
[2026-05-07 15:29:44] [SCAN] Analyzing XAUUSDm
[2026-05-07 15:29:45] [SKIP] XAUUSDm same candle 2026-05-07 08:20:00  skip
[2026-05-07 15:29:45] [SELECT] Symbol switched: XAUUSDm -> USDJPYm | AI watchlist candidate
[2026-05-07 15:29:45] [SCAN] Analyzing USDJPYm
[2026-05-07 15:29:46] [SKIP] USDJPYm same candle 2026-05-07 08:20:00  skip
[2026-05-07 15:29:46] [SELECT] Symbol switched: USDJPYm -> EURJPYm | AI watchlist candidate
[2026-05-07 15:29:46] [SCAN] Analyzing EURJPYm
[2026-05-07 15:29:46] [SKIP] EURJPYm same candle 2026-05-07 08:20:00  skip
[2026-05-07 15:29:46] [WAIT] No order this round
[2026-05-07 15:30:46] [AI] Using cached scan from 2026-05-07 14:00:37 | symbols=GBPUSDm, EURUSDm, XAUUSDm, USDJPYm, EURJPYm
[2026-05-07 15:30:46] [WATCH] Watchlist: GBPUSDm, EURUSDm, XAUUSDm, USDJPYm, EURJPYm
[2026-05-07 15:30:46] [SELECT] Symbol switched: EURJPYm -> GBPUSDm | AI watchlist candidate
[2026-05-07 15:30:46] [SCAN] Analyzing GBPUSDm
[2026-05-07 15:30:47] Signal: {'time': Timestamp('2026-05-07 08:25:00'), 'symbol': 'GBPUSDm', 'side': 'NO_TRADE', 'price': 1.36199, 'reason': 'no Donchian breakout'}
[2026-05-07 15:30:47] [SKIP] GBPUSDm NO_TRADE: no Donchian breakout
[2026-05-07 15:30:47] [SELECT] Symbol switched: GBPUSDm -> EURUSDm | AI watchlist candidate
[2026-05-07 15:30:47] [SCAN] Analyzing EURUSDm
[2026-05-07 15:30:48] Signal: {'time': Timestamp('2026-05-07 08:25:00'), 'symbol': 'EURUSDm', 'side': 'NO_TRADE', 'price': 1.17693, 'reason': 'no Donchian breakout'}
[2026-05-07 15:30:48] [SKIP] EURUSDm NO_TRADE: no Donchian breakout
[2026-05-07 15:30:48] [SELECT] Symbol switched: EURUSDm -> XAUUSDm | AI watchlist candidate
[2026-05-07 15:30:48] [SCAN] Analyzing XAUUSDm
[2026-05-07 15:30:49] Signal: {'time': Timestamp('2026-05-07 08:25:00'), 'symbol': 'XAUUSDm', 'side': 'NO_TRADE', 'price': 4739.752, 'reason': 'no Donchian breakout'}
[2026-05-07 15:30:49] [SKIP] XAUUSDm NO_TRADE: no Donchian breakout
[2026-05-07 15:30:49] [SELECT] Symbol switched: XAUUSDm -> USDJPYm | AI watchlist candidate
[2026-05-07 15:30:49] [SCAN] Analyzing USDJPYm
[2026-05-07 15:30:49] Signal: {'time': Timestamp('2026-05-07 08:25:00'), 'symbol': 'USDJPYm', 'side': 'NO_TRADE', 'price': 156.211, 'reason': 'no Donchian breakout'}
[2026-05-07 15:30:49] [SKIP] USDJPYm NO_TRADE: no Donchian breakout
[2026-05-07 15:30:49] [SELECT] Symbol switched: USDJPYm -> EURJPYm | AI watchlist candidate
[2026-05-07 15:30:49] [SCAN] Analyzing EURJPYm
[2026-05-07 15:30:50] Signal: {'time': Timestamp('2026-05-07 08:25:00'), 'symbol': 'EURJPYm', 'side': 'NO_TRADE', 'price': 183.857, 'reason': 'no Donchian breakout'}
[2026-05-07 15:30:50] [SKIP] EURJPYm NO_TRADE: no Donchian breakout
[2026-05-07 15:30:50] [WAIT] No order this round
[2026-05-07 15:31:50] [AI] Using cached scan from 2026-05-07 14:00:37 | symbols=GBPUSDm, EURUSDm, XAUUSDm, USDJPYm, EURJPYm
[2026-05-07 15:31:50] [WATCH] Watchlist: GBPUSDm, EURUSDm, XAUUSDm, USDJPYm, EURJPYm
[2026-05-07 15:31:50] [SELECT] Symbol switched: EURJPYm -> GBPUSDm | AI watchlist candidate
[2026-05-07 15:31:50] [SCAN] Analyzing GBPUSDm
[2026-05-07 15:31:51] [SKIP] GBPUSDm same candle 2026-05-07 08:25:00  skip
[2026-05-07 15:31:51] [SELECT] Symbol switched: GBPUSDm -> EURUSDm | AI watchlist candidate
[2026-05-07 15:31:51] [SCAN] Analyzing EURUSDm
[2026-05-07 15:31:52] [SKIP] EURUSDm same candle 2026-05-07 08:25:00  skip
[2026-05-07 15:31:52] [SELECT] Symbol switched: EURUSDm -> XAUUSDm | AI watchlist candidate
[2026-05-07 15:31:52] [SCAN] Analyzing XAUUSDm
[2026-05-07 15:31:52] [SKIP] XAUUSDm same candle 2026-05-07 08:25:00  skip
[2026-05-07 15:31:52] [SELECT] Symbol switched: XAUUSDm -> USDJPYm | AI watchlist candidate
[2026-05-07 15:31:52] [SCAN] Analyzing USDJPYm
[2026-05-07 15:31:53] [SKIP] USDJPYm same candle 2026-05-07 08:25:00  skip
[2026-05-07 15:31:53] [SELECT] Symbol switched: USDJPYm -> EURJPYm | AI watchlist candidate
[2026-05-07 15:31:53] [SCAN] Analyzing EURJPYm
[2026-05-07 15:31:54] [SKIP] EURJPYm same candle 2026-05-07 08:25:00  skip
[2026-05-07 15:31:54] [WAIT] No order this round
[2026-05-07 15:32:54] [AI] Using cached scan from 2026-05-07 14:00:37 | symbols=GBPUSDm, EURUSDm, XAUUSDm, USDJPYm, EURJPYm
[2026-05-07 15:32:54] [WATCH] Watchlist: GBPUSDm, EURUSDm, XAUUSDm, USDJPYm, EURJPYm
[2026-05-07 15:32:54] [SELECT] Symbol switched: EURJPYm -> GBPUSDm | AI watchlist candidate
[2026-05-07 15:32:54] [SCAN] Analyzing GBPUSDm
[2026-05-07 15:32:55] [SKIP] GBPUSDm same candle 2026-05-07 08:25:00  skip
[2026-05-07 15:32:55] [SELECT] Symbol switched: GBPUSDm -> EURUSDm | AI watchlist candidate
[2026-05-07 15:32:55] [SCAN] Analyzing EURUSDm
[2026-05-07 15:32:55] [SKIP] EURUSDm same candle 2026-05-07 08:25:00  skip
[2026-05-07 15:32:55] [SELECT] Symbol switched: EURUSDm -> XAUUSDm | AI watchlist candidate
[2026-05-07 15:32:55] [SCAN] Analyzing XAUUSDm
[2026-05-07 15:32:56] [SKIP] XAUUSDm same candle 2026-05-07 08:25:00  skip
[2026-05-07 15:32:56] [SELECT] Symbol switched: XAUUSDm -> USDJPYm | AI watchlist candidate
[2026-05-07 15:32:56] [SCAN] Analyzing USDJPYm
[2026-05-07 15:32:57] [SKIP] USDJPYm same candle 2026-05-07 08:25:00  skip
[2026-05-07 15:32:57] [SELECT] Symbol switched: USDJPYm -> EURJPYm | AI watchlist candidate
[2026-05-07 15:32:57] [SCAN] Analyzing EURJPYm
[2026-05-07 15:32:57] [SKIP] EURJPYm same candle 2026-05-07 08:25:00  skip
[2026-05-07 15:32:57] [WAIT] No order this round
[2026-05-07 15:33:57] [AI] Using cached scan from 2026-05-07 14:00:37 | symbols=GBPUSDm, EURUSDm, XAUUSDm, USDJPYm, EURJPYm
[2026-05-07 15:33:57] [WATCH] Watchlist: GBPUSDm, EURUSDm, XAUUSDm, USDJPYm, EURJPYm
[2026-05-07 15:33:57] [SELECT] Symbol switched: EURJPYm -> GBPUSDm | AI watchlist candidate
[2026-05-07 15:33:57] [SCAN] Analyzing GBPUSDm
[2026-05-07 15:33:58] [SKIP] GBPUSDm same candle 2026-05-07 08:25:00  skip
[2026-05-07 15:33:58] [SELECT] Symbol switched: GBPUSDm -> EURUSDm | AI watchlist candidate
[2026-05-07 15:33:58] [SCAN] Analyzing EURUSDm
[2026-05-07 15:33:59] [SKIP] EURUSDm same candle 2026-05-07 08:25:00  skip
[2026-05-07 15:33:59] [SELECT] Symbol switched: EURUSDm -> XAUUSDm | AI watchlist candidate
[2026-05-07 15:33:59] [SCAN] Analyzing XAUUSDm
[2026-05-07 15:34:00] [SKIP] XAUUSDm same candle 2026-05-07 08:25:00  skip
[2026-05-07 15:34:00] [SELECT] Symbol switched: XAUUSDm -> USDJPYm | AI watchlist candidate
[2026-05-07 15:34:00] [SCAN] Analyzing USDJPYm
[2026-05-07 15:34:00] [SKIP] USDJPYm same candle 2026-05-07 08:25:00  skip
[2026-05-07 15:34:00] [SELECT] Symbol switched: USDJPYm -> EURJPYm | AI watchlist candidate
[2026-05-07 15:34:00] [SCAN] Analyzing EURJPYm
[2026-05-07 15:34:01] [SKIP] EURJPYm same candle 2026-05-07 08:25:00  skip
[2026-05-07 15:34:01] [WAIT] No order this round
[2026-05-07 15:35:01] [AI] Using cached scan from 2026-05-07 14:00:37 | symbols=GBPUSDm, EURUSDm, XAUUSDm, USDJPYm, EURJPYm
[2026-05-07 15:35:01] [WATCH] Watchlist: GBPUSDm, EURUSDm, XAUUSDm, USDJPYm, EURJPYm
[2026-05-07 15:35:01] [SELECT] Symbol switched: EURJPYm -> GBPUSDm | AI watchlist candidate
[2026-05-07 15:35:01] [SCAN] Analyzing GBPUSDm
[2026-05-07 15:35:02] Signal: {'time': Timestamp('2026-05-07 08:30:00'), 'symbol': 'GBPUSDm', 'side': 'NO_TRADE', 'price': 1.36195, 'reason': 'no Donchian breakout'}
[2026-05-07 15:35:02] [SKIP] GBPUSDm NO_TRADE: no Donchian breakout
[2026-05-07 15:35:02] [SELECT] Symbol switched: GBPUSDm -> EURUSDm | AI watchlist candidate
[2026-05-07 15:35:02] [SCAN] Analyzing EURUSDm
[2026-05-07 15:35:03] Signal: {'time': Timestamp('2026-05-07 08:30:00'), 'symbol': 'EURUSDm', 'side': 'NO_TRADE', 'price': 1.17693, 'reason': 'no Donchian breakout'}
[2026-05-07 15:35:03] [SKIP] EURUSDm NO_TRADE: no Donchian breakout
[2026-05-07 15:35:03] [SELECT] Symbol switched: EURUSDm -> XAUUSDm | AI watchlist candidate
[2026-05-07 15:35:03] [SCAN] Analyzing XAUUSDm
[2026-05-07 15:35:03] Signal: {'time': Timestamp('2026-05-07 08:30:00'), 'symbol': 'XAUUSDm', 'side': 'NO_TRADE', 'price': 4737.327, 'reason': 'no Donchian breakout'}
[2026-05-07 15:35:03] [SKIP] XAUUSDm NO_TRADE: no Donchian breakout
[2026-05-07 15:35:03] [SELECT] Symbol switched: XAUUSDm -> USDJPYm | AI watchlist candidate
[2026-05-07 15:35:03] [SCAN] Analyzing USDJPYm
[2026-05-07 15:35:04] Signal: {'time': Timestamp('2026-05-07 08:30:00'), 'symbol': 'USDJPYm', 'side': 'NO_TRADE', 'price': 156.239, 'reason': 'no Donchian breakout'}
[2026-05-07 15:35:04] [SKIP] USDJPYm NO_TRADE: no Donchian breakout
[2026-05-07 15:35:04] [SELECT] Symbol switched: USDJPYm -> EURJPYm | AI watchlist candidate
[2026-05-07 15:35:04] [SCAN] Analyzing EURJPYm
[2026-05-07 15:35:05] Signal: {'time': Timestamp('2026-05-07 08:30:00'), 'symbol': 'EURJPYm', 'side': 'NO_TRADE', 'price': 183.882, 'reason': 'no Donchian breakout'}
[2026-05-07 15:35:05] [SKIP] EURJPYm NO_TRADE: no Donchian breakout
[2026-05-07 15:35:05] [WAIT] No order this round
[2026-05-07 15:36:05] [AI] Using cached scan from 2026-05-07 14:00:37 | symbols=GBPUSDm, EURUSDm, XAUUSDm, USDJPYm, EURJPYm
[2026-05-07 15:36:05] [WATCH] Watchlist: GBPUSDm, EURUSDm, XAUUSDm, USDJPYm, EURJPYm
[2026-05-07 15:36:05] [SELECT] Symbol switched: EURJPYm -> GBPUSDm | AI watchlist candidate
[2026-05-07 15:36:05] [SCAN] Analyzing GBPUSDm
[2026-05-07 15:36:06] [SKIP] GBPUSDm same candle 2026-05-07 08:30:00  skip
[2026-05-07 15:36:06] [SELECT] Symbol switched: GBPUSDm -> EURUSDm | AI watchlist candidate
[2026-05-07 15:36:06] [SCAN] Analyzing EURUSDm
[2026-05-07 15:36:06] [SKIP] EURUSDm same candle 2026-05-07 08:30:00  skip
[2026-05-07 15:36:06] [SELECT] Symbol switched: EURUSDm -> XAUUSDm | AI watchlist candidate
[2026-05-07 15:36:06] [SCAN] Analyzing XAUUSDm
[2026-05-07 15:36:07] [SKIP] XAUUSDm same candle 2026-05-07 08:30:00  skip
[2026-05-07 15:36:07] [SELECT] Symbol switched: XAUUSDm -> USDJPYm | AI watchlist candidate
[2026-05-07 15:36:07] [SCAN] Analyzing USDJPYm
[2026-05-07 15:36:08] [SKIP] USDJPYm same candle 2026-05-07 08:30:00  skip
[2026-05-07 15:36:08] [SELECT] Symbol switched: USDJPYm -> EURJPYm | AI watchlist candidate
[2026-05-07 15:36:08] [SCAN] Analyzing EURJPYm
[2026-05-07 15:36:08] [SKIP] EURJPYm same candle 2026-05-07 08:30:00  skip
[2026-05-07 15:36:08] [WAIT] No order this round
[2026-05-07 15:37:08] [AI] Using cached scan from 2026-05-07 14:00:37 | symbols=GBPUSDm, EURUSDm, XAUUSDm, USDJPYm, EURJPYm
[2026-05-07 15:37:08] [WATCH] Watchlist: GBPUSDm, EURUSDm, XAUUSDm, USDJPYm, EURJPYm
[2026-05-07 15:37:08] [SELECT] Symbol switched: EURJPYm -> GBPUSDm | AI watchlist candidate
[2026-05-07 15:37:08] [SCAN] Analyzing GBPUSDm
[2026-05-07 15:37:09] [SKIP] GBPUSDm same candle 2026-05-07 08:30:00  skip
[2026-05-07 15:37:09] [SELECT] Symbol switched: GBPUSDm -> EURUSDm | AI watchlist candidate
[2026-05-07 15:37:09] [SCAN] Analyzing EURUSDm
[2026-05-07 15:37:10] [SKIP] EURUSDm same candle 2026-05-07 08:30:00  skip
[2026-05-07 15:37:10] [SELECT] Symbol switched: EURUSDm -> XAUUSDm | AI watchlist candidate
[2026-05-07 15:37:10] [SCAN] Analyzing XAUUSDm
[2026-05-07 15:37:11] [SKIP] XAUUSDm same candle 2026-05-07 08:30:00  skip
[2026-05-07 15:37:11] [SELECT] Symbol switched: XAUUSDm -> USDJPYm | AI watchlist candidate
[2026-05-07 15:37:11] [SCAN] Analyzing USDJPYm
[2026-05-07 15:37:11] [SKIP] USDJPYm same candle 2026-05-07 08:30:00  skip
[2026-05-07 15:37:11] [SELECT] Symbol switched: USDJPYm -> EURJPYm | AI watchlist candidate
[2026-05-07 15:37:11] [SCAN] Analyzing EURJPYm
[2026-05-07 15:37:12] [SKIP] EURJPYm same candle 2026-05-07 08:30:00  skip
[2026-05-07 15:37:12] [WAIT] No order this round
[2026-05-07 15:38:12] [AI] Using cached scan from 2026-05-07 14:00:37 | symbols=GBPUSDm, EURUSDm, XAUUSDm, USDJPYm, EURJPYm
[2026-05-07 15:38:12] [WATCH] Watchlist: GBPUSDm, EURUSDm, XAUUSDm, USDJPYm, EURJPYm
[2026-05-07 15:38:12] [SELECT] Symbol switched: EURJPYm -> GBPUSDm | AI watchlist candidate
[2026-05-07 15:38:12] [SCAN] Analyzing GBPUSDm
[2026-05-07 15:38:13] [SKIP] GBPUSDm same candle 2026-05-07 08:30:00  skip
[2026-05-07 15:38:13] [SELECT] Symbol switched: GBPUSDm -> EURUSDm | AI watchlist candidate
[2026-05-07 15:38:13] [SCAN] Analyzing EURUSDm
[2026-05-07 15:38:13] [SKIP] EURUSDm same candle 2026-05-07 08:30:00  skip
[2026-05-07 15:38:13] [SELECT] Symbol switched: EURUSDm -> XAUUSDm | AI watchlist candidate
[2026-05-07 15:38:13] [SCAN] Analyzing XAUUSDm
[2026-05-07 15:38:14] [SKIP] XAUUSDm same candle 2026-05-07 08:30:00  skip
[2026-05-07 15:38:14] [SELECT] Symbol switched: XAUUSDm -> USDJPYm | AI watchlist candidate
[2026-05-07 15:38:14] [SCAN] Analyzing USDJPYm
[2026-05-07 15:38:15] [SKIP] USDJPYm same candle 2026-05-07 08:30:00  skip
[2026-05-07 15:38:15] [SELECT] Symbol switched: USDJPYm -> EURJPYm | AI watchlist candidate
[2026-05-07 15:38:15] [SCAN] Analyzing EURJPYm
[2026-05-07 15:38:16] [SKIP] EURJPYm same candle 2026-05-07 08:30:00  skip
[2026-05-07 15:38:16] [WAIT] No order this round
[2026-05-07 15:39:16] [AI] Using cached scan from 2026-05-07 14:00:37 | symbols=GBPUSDm, EURUSDm, XAUUSDm, USDJPYm, EURJPYm
[2026-05-07 15:39:16] [WATCH] Watchlist: GBPUSDm, EURUSDm, XAUUSDm, USDJPYm, EURJPYm
[2026-05-07 15:39:16] [SELECT] Symbol switched: EURJPYm -> GBPUSDm | AI watchlist candidate
[2026-05-07 15:39:16] [SCAN] Analyzing GBPUSDm
[2026-05-07 15:39:16] [SKIP] GBPUSDm same candle 2026-05-07 08:30:00  skip
[2026-05-07 15:39:16] [SELECT] Symbol switched: GBPUSDm -> EURUSDm | AI watchlist candidate
[2026-05-07 15:39:16] [SCAN] Analyzing EURUSDm
[2026-05-07 15:39:17] [SKIP] EURUSDm same candle 2026-05-07 08:30:00  skip
[2026-05-07 15:39:17] [SELECT] Symbol switched: EURUSDm -> XAUUSDm | AI watchlist candidate
[2026-05-07 15:39:17] [SCAN] Analyzing XAUUSDm
[2026-05-07 15:39:18] [SKIP] XAUUSDm same candle 2026-05-07 08:30:00  skip
[2026-05-07 15:39:18] [SELECT] Symbol switched: XAUUSDm -> USDJPYm | AI watchlist candidate
[2026-05-07 15:39:18] [SCAN] Analyzing USDJPYm
[2026-05-07 15:39:18] [SKIP] USDJPYm same candle 2026-05-07 08:30:00  skip
[2026-05-07 15:39:18] [SELECT] Symbol switched: USDJPYm -> EURJPYm | AI watchlist candidate
[2026-05-07 15:39:18] [SCAN] Analyzing EURJPYm
[2026-05-07 15:39:19] [SKIP] EURJPYm same candle 2026-05-07 08:30:00  skip
[2026-05-07 15:39:19] [WAIT] No order this round
[2026-05-07 15:40:19] [AI] Using cached scan from 2026-05-07 14:00:37 | symbols=GBPUSDm, EURUSDm, XAUUSDm, USDJPYm, EURJPYm
[2026-05-07 15:40:19] [WATCH] Watchlist: GBPUSDm, EURUSDm, XAUUSDm, USDJPYm, EURJPYm
[2026-05-07 15:40:19] [SELECT] Symbol switched: EURJPYm -> GBPUSDm | AI watchlist candidate
[2026-05-07 15:40:19] [SCAN] Analyzing GBPUSDm
[2026-05-07 15:40:20] Signal: {'time': Timestamp('2026-05-07 08:35:00'), 'symbol': 'GBPUSDm', 'side': 'NO_TRADE', 'price': 1.36193, 'reason': 'no Donchian breakout'}
[2026-05-07 15:40:20] [SKIP] GBPUSDm NO_TRADE: no Donchian breakout
[2026-05-07 15:40:20] [SELECT] Symbol switched: GBPUSDm -> EURUSDm | AI watchlist candidate
[2026-05-07 15:40:20] [SCAN] Analyzing EURUSDm
[2026-05-07 15:40:21] Signal: {'time': Timestamp('2026-05-07 08:35:00'), 'symbol': 'EURUSDm', 'side': 'NO_TRADE', 'price': 1.17697, 'reason': 'no Donchian breakout'}
[2026-05-07 15:40:21] [SKIP] EURUSDm NO_TRADE: no Donchian breakout
[2026-05-07 15:40:21] [SELECT] Symbol switched: EURUSDm -> XAUUSDm | AI watchlist candidate
[2026-05-07 15:40:21] [SCAN] Analyzing XAUUSDm
[2026-05-07 15:40:22] Signal: {'time': Timestamp('2026-05-07 08:35:00'), 'symbol': 'XAUUSDm', 'side': 'NO_TRADE', 'price': 4736.59, 'reason': 'no Donchian breakout'}
[2026-05-07 15:40:22] [SKIP] XAUUSDm NO_TRADE: no Donchian breakout
[2026-05-07 15:40:22] [SELECT] Symbol switched: XAUUSDm -> USDJPYm | AI watchlist candidate
[2026-05-07 15:40:22] [SCAN] Analyzing USDJPYm
[2026-05-07 15:40:22] Signal: {'time': Timestamp('2026-05-07 08:35:00'), 'symbol': 'USDJPYm', 'side': 'NO_TRADE', 'price': 156.254, 'reason': 'no Donchian breakout'}
[2026-05-07 15:40:22] [SKIP] USDJPYm NO_TRADE: no Donchian breakout
[2026-05-07 15:40:22] [SELECT] Symbol switched: USDJPYm -> EURJPYm | AI watchlist candidate
[2026-05-07 15:40:22] [SCAN] Analyzing EURJPYm
[2026-05-07 15:40:23] Signal: {'time': Timestamp('2026-05-07 08:35:00'), 'symbol': 'EURJPYm', 'side': 'NO_TRADE', 'price': 183.912, 'reason': 'M15 ADX not rising'}
[2026-05-07 15:40:23] [SKIP] EURJPYm NO_TRADE: M15 ADX not rising
[2026-05-07 15:40:23] [WAIT] No order this round
[2026-05-07 15:41:23] [AI] Using cached scan from 2026-05-07 14:00:37 | symbols=GBPUSDm, EURUSDm, XAUUSDm, USDJPYm, EURJPYm
[2026-05-07 15:41:23] [WATCH] Watchlist: GBPUSDm, EURUSDm, XAUUSDm, USDJPYm, EURJPYm
[2026-05-07 15:41:23] [SELECT] Symbol switched: EURJPYm -> GBPUSDm | AI watchlist candidate
[2026-05-07 15:41:23] [SCAN] Analyzing GBPUSDm
[2026-05-07 15:41:24] [SKIP] GBPUSDm same candle 2026-05-07 08:35:00  skip
[2026-05-07 15:41:24] [SELECT] Symbol switched: GBPUSDm -> EURUSDm | AI watchlist candidate
[2026-05-07 15:41:24] [SCAN] Analyzing EURUSDm
[2026-05-07 15:41:24] [SKIP] EURUSDm same candle 2026-05-07 08:35:00  skip
[2026-05-07 15:41:24] [SELECT] Symbol switched: EURUSDm -> XAUUSDm | AI watchlist candidate
[2026-05-07 15:41:24] [SCAN] Analyzing XAUUSDm
[2026-05-07 15:41:25] [SKIP] XAUUSDm same candle 2026-05-07 08:35:00  skip
[2026-05-07 15:41:25] [SELECT] Symbol switched: XAUUSDm -> USDJPYm | AI watchlist candidate
[2026-05-07 15:41:25] [SCAN] Analyzing USDJPYm
[2026-05-07 15:41:26] [SKIP] USDJPYm same candle 2026-05-07 08:35:00  skip
[2026-05-07 15:41:26] [SELECT] Symbol switched: USDJPYm -> EURJPYm | AI watchlist candidate
[2026-05-07 15:41:26] [SCAN] Analyzing EURJPYm
[2026-05-07 15:41:27] [SKIP] EURJPYm same candle 2026-05-07 08:35:00  skip
[2026-05-07 15:41:27] [WAIT] No order this round
[2026-05-07 15:42:27] [AI] Using cached scan from 2026-05-07 14:00:37 | symbols=GBPUSDm, EURUSDm, XAUUSDm, USDJPYm, EURJPYm
[2026-05-07 15:42:27] [WATCH] Watchlist: GBPUSDm, EURUSDm, XAUUSDm, USDJPYm, EURJPYm
[2026-05-07 15:42:27] [SELECT] Symbol switched: EURJPYm -> GBPUSDm | AI watchlist candidate
[2026-05-07 15:42:27] [SCAN] Analyzing GBPUSDm
[2026-05-07 15:42:27] [SKIP] GBPUSDm same candle 2026-05-07 08:35:00  skip
[2026-05-07 15:42:27] [SELECT] Symbol switched: GBPUSDm -> EURUSDm | AI watchlist candidate
[2026-05-07 15:42:27] [SCAN] Analyzing EURUSDm
[2026-05-07 15:42:28] [SKIP] EURUSDm same candle 2026-05-07 08:35:00  skip
[2026-05-07 15:42:28] [SELECT] Symbol switched: EURUSDm -> XAUUSDm | AI watchlist candidate
[2026-05-07 15:42:28] [SCAN] Analyzing XAUUSDm
[2026-05-07 15:42:29] [SKIP] XAUUSDm same candle 2026-05-07 08:35:00  skip
[2026-05-07 15:42:29] [SELECT] Symbol switched: XAUUSDm -> USDJPYm | AI watchlist candidate
[2026-05-07 15:42:29] [SCAN] Analyzing USDJPYm
[2026-05-07 15:42:30] [SKIP] USDJPYm same candle 2026-05-07 08:35:00  skip
[2026-05-07 15:42:30] [SELECT] Symbol switched: USDJPYm -> EURJPYm | AI watchlist candidate
[2026-05-07 15:42:30] [SCAN] Analyzing EURJPYm
[2026-05-07 15:42:30] [SKIP] EURJPYm same candle 2026-05-07 08:35:00  skip
[2026-05-07 15:42:30] [WAIT] No order this round
[2026-05-07 15:43:30] [AI] Using cached scan from 2026-05-07 14:00:37 | symbols=GBPUSDm, EURUSDm, XAUUSDm, USDJPYm, EURJPYm
[2026-05-07 15:43:30] [WATCH] Watchlist: GBPUSDm, EURUSDm, XAUUSDm, USDJPYm, EURJPYm
[2026-05-07 15:43:30] [SELECT] Symbol switched: EURJPYm -> GBPUSDm | AI watchlist candidate
[2026-05-07 15:43:30] [SCAN] Analyzing GBPUSDm
[2026-05-07 15:43:31] [SKIP] GBPUSDm same candle 2026-05-07 08:35:00  skip
[2026-05-07 15:43:31] [SELECT] Symbol switched: GBPUSDm -> EURUSDm | AI watchlist candidate
[2026-05-07 15:43:31] [SCAN] Analyzing EURUSDm
[2026-05-07 15:43:32] [SKIP] EURUSDm same candle 2026-05-07 08:35:00  skip
[2026-05-07 15:43:32] [SELECT] Symbol switched: EURUSDm -> XAUUSDm | AI watchlist candidate
[2026-05-07 15:43:32] [SCAN] Analyzing XAUUSDm
[2026-05-07 15:43:32] [SKIP] XAUUSDm same candle 2026-05-07 08:35:00  skip
[2026-05-07 15:43:32] [SELECT] Symbol switched: XAUUSDm -> USDJPYm | AI watchlist candidate
[2026-05-07 15:43:32] [SCAN] Analyzing USDJPYm
[2026-05-07 15:43:33] [SKIP] USDJPYm same candle 2026-05-07 08:35:00  skip
[2026-05-07 15:43:33] [SELECT] Symbol switched: USDJPYm -> EURJPYm | AI watchlist candidate
[2026-05-07 15:43:33] [SCAN] Analyzing EURJPYm
[2026-05-07 15:43:34] [SKIP] EURJPYm same candle 2026-05-07 08:35:00  skip
[2026-05-07 15:43:34] [WAIT] No order this round
[2026-05-07 15:44:34] [AI] Using cached scan from 2026-05-07 14:00:37 | symbols=GBPUSDm, EURUSDm, XAUUSDm, USDJPYm, EURJPYm
[2026-05-07 15:44:34] [WATCH] Watchlist: GBPUSDm, EURUSDm, XAUUSDm, USDJPYm, EURJPYm
[2026-05-07 15:44:34] [SELECT] Symbol switched: EURJPYm -> GBPUSDm | AI watchlist candidate
[2026-05-07 15:44:34] [SCAN] Analyzing GBPUSDm
[2026-05-07 15:44:35] [SKIP] GBPUSDm same candle 2026-05-07 08:35:00  skip
[2026-05-07 15:44:35] [SELECT] Symbol switched: GBPUSDm -> EURUSDm | AI watchlist candidate
[2026-05-07 15:44:35] [SCAN] Analyzing EURUSDm
[2026-05-07 15:44:35] [SKIP] EURUSDm same candle 2026-05-07 08:35:00  skip
[2026-05-07 15:44:35] [SELECT] Symbol switched: EURUSDm -> XAUUSDm | AI watchlist candidate
[2026-05-07 15:44:35] [SCAN] Analyzing XAUUSDm
[2026-05-07 15:44:36] [SKIP] XAUUSDm same candle 2026-05-07 08:35:00  skip
[2026-05-07 15:44:36] [SELECT] Symbol switched: XAUUSDm -> USDJPYm | AI watchlist candidate
[2026-05-07 15:44:36] [SCAN] Analyzing USDJPYm
[2026-05-07 15:44:37] [SKIP] USDJPYm same candle 2026-05-07 08:35:00  skip
[2026-05-07 15:44:37] [SELECT] Symbol switched: USDJPYm -> EURJPYm | AI watchlist candidate
[2026-05-07 15:44:37] [SCAN] Analyzing EURJPYm
[2026-05-07 15:44:37] [SKIP] EURJPYm same candle 2026-05-07 08:35:00  skip
[2026-05-07 15:44:37] [WAIT] No order this round
[2026-05-07 15:45:37] [AI] Using cached scan from 2026-05-07 14:00:37 | symbols=GBPUSDm, EURUSDm, XAUUSDm, USDJPYm, EURJPYm
[2026-05-07 15:45:37] [WATCH] Watchlist: GBPUSDm, EURUSDm, XAUUSDm, USDJPYm, EURJPYm
[2026-05-07 15:45:37] [SELECT] Symbol switched: EURJPYm -> GBPUSDm | AI watchlist candidate
[2026-05-07 15:45:37] [SCAN] Analyzing GBPUSDm
[2026-05-07 15:45:38] Signal: {'time': Timestamp('2026-05-07 08:40:00'), 'symbol': 'GBPUSDm', 'side': 'NO_TRADE', 'price': 1.36195, 'reason': 'no Donchian breakout'}
[2026-05-07 15:45:38] [SKIP] GBPUSDm NO_TRADE: no Donchian breakout
[2026-05-07 15:45:38] [SELECT] Symbol switched: GBPUSDm -> EURUSDm | AI watchlist candidate
[2026-05-07 15:45:38] [SCAN] Analyzing EURUSDm
[2026-05-07 15:45:39] Signal: {'time': Timestamp('2026-05-07 08:40:00'), 'symbol': 'EURUSDm', 'side': 'NO_TRADE', 'price': 1.17693, 'reason': 'no Donchian breakout'}
[2026-05-07 15:45:39] [SKIP] EURUSDm NO_TRADE: no Donchian breakout
[2026-05-07 15:45:39] [SELECT] Symbol switched: EURUSDm -> XAUUSDm | AI watchlist candidate
[2026-05-07 15:45:39] [SCAN] Analyzing XAUUSDm
[2026-05-07 15:45:40] Signal: {'time': Timestamp('2026-05-07 08:40:00'), 'symbol': 'XAUUSDm', 'side': 'NO_TRADE', 'price': 4735.32, 'reason': 'no Donchian breakout'}
[2026-05-07 15:45:40] [SKIP] XAUUSDm NO_TRADE: no Donchian breakout
[2026-05-07 15:45:40] [SELECT] Symbol switched: XAUUSDm -> USDJPYm | AI watchlist candidate
[2026-05-07 15:45:40] [SCAN] Analyzing USDJPYm
[2026-05-07 15:45:40] Signal: {'time': Timestamp('2026-05-07 08:40:00'), 'symbol': 'USDJPYm', 'side': 'NO_TRADE', 'price': 156.285, 'reason': 'no Donchian breakout'}
[2026-05-07 15:45:40] [SKIP] USDJPYm NO_TRADE: no Donchian breakout
[2026-05-07 15:45:40] [SELECT] Symbol switched: USDJPYm -> EURJPYm | AI watchlist candidate
[2026-05-07 15:45:40] [SCAN] Analyzing EURJPYm
[2026-05-07 15:45:41] Signal: {'time': Timestamp('2026-05-07 08:40:00'), 'symbol': 'EURJPYm', 'side': 'NO_TRADE', 'price': 183.942, 'reason': 'M15 ADX not rising'}
[2026-05-07 15:45:41] [SKIP] EURJPYm NO_TRADE: M15 ADX not rising
[2026-05-07 15:45:41] [WAIT] No order this round
[2026-05-07 15:46:41] [AI] Using cached scan from 2026-05-07 14:00:37 | symbols=GBPUSDm, EURUSDm, XAUUSDm, USDJPYm, EURJPYm
[2026-05-07 15:46:41] [WATCH] Watchlist: GBPUSDm, EURUSDm, XAUUSDm, USDJPYm, EURJPYm
[2026-05-07 15:46:41] [SELECT] Symbol switched: EURJPYm -> GBPUSDm | AI watchlist candidate
[2026-05-07 15:46:41] [SCAN] Analyzing GBPUSDm
[2026-05-07 15:46:42] [SKIP] GBPUSDm same candle 2026-05-07 08:40:00  skip
[2026-05-07 15:46:42] [SELECT] Symbol switched: GBPUSDm -> EURUSDm | AI watchlist candidate
[2026-05-07 15:46:42] [SCAN] Analyzing EURUSDm
[2026-05-07 15:46:43] [SKIP] EURUSDm same candle 2026-05-07 08:40:00  skip
[2026-05-07 15:46:43] [SELECT] Symbol switched: EURUSDm -> XAUUSDm | AI watchlist candidate
[2026-05-07 15:46:43] [SCAN] Analyzing XAUUSDm
[2026-05-07 15:46:43] [SKIP] XAUUSDm same candle 2026-05-07 08:40:00  skip
[2026-05-07 15:46:43] [SELECT] Symbol switched: XAUUSDm -> USDJPYm | AI watchlist candidate
[2026-05-07 15:46:43] [SCAN] Analyzing USDJPYm
[2026-05-07 15:46:44] [SKIP] USDJPYm same candle 2026-05-07 08:40:00  skip
[2026-05-07 15:46:44] [SELECT] Symbol switched: USDJPYm -> EURJPYm | AI watchlist candidate
[2026-05-07 15:46:44] [SCAN] Analyzing EURJPYm
[2026-05-07 15:46:45] [SKIP] EURJPYm same candle 2026-05-07 08:40:00  skip
[2026-05-07 15:46:45] [WAIT] No order this round
[2026-05-07 15:47:45] [AI] Using cached scan from 2026-05-07 14:00:37 | symbols=GBPUSDm, EURUSDm, XAUUSDm, USDJPYm, EURJPYm
[2026-05-07 15:47:45] [WATCH] Watchlist: GBPUSDm, EURUSDm, XAUUSDm, USDJPYm, EURJPYm
[2026-05-07 15:47:45] [SELECT] Symbol switched: EURJPYm -> GBPUSDm | AI watchlist candidate
[2026-05-07 15:47:45] [SCAN] Analyzing GBPUSDm
[2026-05-07 15:47:46] [SKIP] GBPUSDm same candle 2026-05-07 08:40:00  skip
[2026-05-07 15:47:46] [SELECT] Symbol switched: GBPUSDm -> EURUSDm | AI watchlist candidate
[2026-05-07 15:47:46] [SCAN] Analyzing EURUSDm
[2026-05-07 15:47:46] [SKIP] EURUSDm same candle 2026-05-07 08:40:00  skip
[2026-05-07 15:47:46] [SELECT] Symbol switched: EURUSDm -> XAUUSDm | AI watchlist candidate
[2026-05-07 15:47:46] [SCAN] Analyzing XAUUSDm
[2026-05-07 15:47:47] [SKIP] XAUUSDm same candle 2026-05-07 08:40:00  skip
[2026-05-07 15:47:47] [SELECT] Symbol switched: XAUUSDm -> USDJPYm | AI watchlist candidate
[2026-05-07 15:47:47] [SCAN] Analyzing USDJPYm
[2026-05-07 15:47:48] [SKIP] USDJPYm same candle 2026-05-07 08:40:00  skip
[2026-05-07 15:47:48] [SELECT] Symbol switched: USDJPYm -> EURJPYm | AI watchlist candidate
[2026-05-07 15:47:48] [SCAN] Analyzing EURJPYm
[2026-05-07 15:47:48] [SKIP] EURJPYm same candle 2026-05-07 08:40:00  skip
[2026-05-07 15:47:48] [WAIT] No order this round
[2026-05-07 15:48:48] [AI] Using cached scan from 2026-05-07 14:00:37 | symbols=GBPUSDm, EURUSDm, XAUUSDm, USDJPYm, EURJPYm
[2026-05-07 15:48:48] [WATCH] Watchlist: GBPUSDm, EURUSDm, XAUUSDm, USDJPYm, EURJPYm
[2026-05-07 15:48:48] [SELECT] Symbol switched: EURJPYm -> GBPUSDm | AI watchlist candidate
[2026-05-07 15:48:48] [SCAN] Analyzing GBPUSDm
[2026-05-07 15:48:49] [SKIP] GBPUSDm same candle 2026-05-07 08:40:00  skip
[2026-05-07 15:48:49] [SELECT] Symbol switched: GBPUSDm -> EURUSDm | AI watchlist candidate
[2026-05-07 15:48:49] [SCAN] Analyzing EURUSDm
[2026-05-07 15:48:50] [SKIP] EURUSDm same candle 2026-05-07 08:40:00  skip
[2026-05-07 15:48:50] [SELECT] Symbol switched: EURUSDm -> XAUUSDm | AI watchlist candidate
[2026-05-07 15:48:50] [SCAN] Analyzing XAUUSDm
[2026-05-07 15:48:51] [SKIP] XAUUSDm same candle 2026-05-07 08:40:00  skip
[2026-05-07 15:48:51] [SELECT] Symbol switched: XAUUSDm -> USDJPYm | AI watchlist candidate
[2026-05-07 15:48:51] [SCAN] Analyzing USDJPYm
[2026-05-07 15:48:51] [SKIP] USDJPYm same candle 2026-05-07 08:40:00  skip
[2026-05-07 15:48:51] [SELECT] Symbol switched: USDJPYm -> EURJPYm | AI watchlist candidate
[2026-05-07 15:48:51] [SCAN] Analyzing EURJPYm
[2026-05-07 15:48:52] [SKIP] EURJPYm same candle 2026-05-07 08:40:00  skip
[2026-05-07 15:48:52] [WAIT] No order this round
[2026-05-07 15:49:52] [AI] Using cached scan from 2026-05-07 14:00:37 | symbols=GBPUSDm, EURUSDm, XAUUSDm, USDJPYm, EURJPYm
[2026-05-07 15:49:52] [WATCH] Watchlist: GBPUSDm, EURUSDm, XAUUSDm, USDJPYm, EURJPYm
[2026-05-07 15:49:52] [SELECT] Symbol switched: EURJPYm -> GBPUSDm | AI watchlist candidate
[2026-05-07 15:49:52] [SCAN] Analyzing GBPUSDm
[2026-05-07 15:49:53] [SKIP] GBPUSDm same candle 2026-05-07 08:40:00  skip
[2026-05-07 15:49:53] [SELECT] Symbol switched: GBPUSDm -> EURUSDm | AI watchlist candidate
[2026-05-07 15:49:53] [SCAN] Analyzing EURUSDm
[2026-05-07 15:49:53] [SKIP] EURUSDm same candle 2026-05-07 08:40:00  skip
[2026-05-07 15:49:53] [SELECT] Symbol switched: EURUSDm -> XAUUSDm | AI watchlist candidate
[2026-05-07 15:49:53] [SCAN] Analyzing XAUUSDm
[2026-05-07 15:49:54] [SKIP] XAUUSDm same candle 2026-05-07 08:40:00  skip
[2026-05-07 15:49:54] [SELECT] Symbol switched: XAUUSDm -> USDJPYm | AI watchlist candidate
[2026-05-07 15:49:54] [SCAN] Analyzing USDJPYm
[2026-05-07 15:49:55] [SKIP] USDJPYm same candle 2026-05-07 08:40:00  skip
[2026-05-07 15:49:55] [SELECT] Symbol switched: USDJPYm -> EURJPYm | AI watchlist candidate
[2026-05-07 15:49:55] [SCAN] Analyzing EURJPYm
[2026-05-07 15:49:56] [SKIP] EURJPYm same candle 2026-05-07 08:40:00  skip
[2026-05-07 15:49:56] [WAIT] No order this round
[2026-05-07 15:50:56] [AI] Using cached scan from 2026-05-07 14:00:37 | symbols=GBPUSDm, EURUSDm, XAUUSDm, USDJPYm, EURJPYm
[2026-05-07 15:50:56] [WATCH] Watchlist: GBPUSDm, EURUSDm, XAUUSDm, USDJPYm, EURJPYm
[2026-05-07 15:50:56] [SELECT] Symbol switched: EURJPYm -> GBPUSDm | AI watchlist candidate
[2026-05-07 15:50:56] [SCAN] Analyzing GBPUSDm
[2026-05-07 15:50:56] Signal: {'time': Timestamp('2026-05-07 08:45:00'), 'symbol': 'GBPUSDm', 'side': 'NO_TRADE', 'price': 1.3621400000000001, 'reason': 'no Donchian breakout'}
[2026-05-07 15:50:56] [SKIP] GBPUSDm NO_TRADE: no Donchian breakout
[2026-05-07 15:50:56] [SELECT] Symbol switched: GBPUSDm -> EURUSDm | AI watchlist candidate
[2026-05-07 15:50:56] [SCAN] Analyzing EURUSDm
[2026-05-07 15:50:57] Signal: {'time': Timestamp('2026-05-07 08:45:00'), 'symbol': 'EURUSDm', 'side': 'NO_TRADE', 'price': 1.17713, 'reason': 'no Donchian breakout'}
[2026-05-07 15:50:57] [SKIP] EURUSDm NO_TRADE: no Donchian breakout
[2026-05-07 15:50:57] [SELECT] Symbol switched: EURUSDm -> XAUUSDm | AI watchlist candidate
[2026-05-07 15:50:57] [SCAN] Analyzing XAUUSDm
[2026-05-07 15:50:58] Signal: {'time': Timestamp('2026-05-07 08:45:00'), 'symbol': 'XAUUSDm', 'side': 'NO_TRADE', 'price': 4735.919, 'reason': 'no Donchian breakout'}
[2026-05-07 15:50:58] [SKIP] XAUUSDm NO_TRADE: no Donchian breakout
[2026-05-07 15:50:58] [SELECT] Symbol switched: XAUUSDm -> USDJPYm | AI watchlist candidate
[2026-05-07 15:50:58] [SCAN] Analyzing USDJPYm
[2026-05-07 15:50:59] Signal: {'time': Timestamp('2026-05-07 08:45:00'), 'symbol': 'USDJPYm', 'side': 'NO_TRADE', 'price': 156.282, 'reason': 'no Donchian breakout'}
[2026-05-07 15:50:59] [SKIP] USDJPYm NO_TRADE: no Donchian breakout
[2026-05-07 15:50:59] [SELECT] Symbol switched: USDJPYm -> EURJPYm | AI watchlist candidate
[2026-05-07 15:50:59] [SCAN] Analyzing EURJPYm
[2026-05-07 15:50:59] Signal: {'time': Timestamp('2026-05-07 08:45:00'), 'symbol': 'EURJPYm', 'side': 'NO_TRADE', 'price': 183.973, 'reason': 'M15 ADX not rising'}
[2026-05-07 15:50:59] [SKIP] EURJPYm NO_TRADE: M15 ADX not rising
[2026-05-07 15:50:59] [WAIT] No order this round
[2026-05-07 15:51:59] [AI] Using cached scan from 2026-05-07 14:00:37 | symbols=GBPUSDm, EURUSDm, XAUUSDm, USDJPYm, EURJPYm
[2026-05-07 15:51:59] [WATCH] Watchlist: GBPUSDm, EURUSDm, XAUUSDm, USDJPYm, EURJPYm
[2026-05-07 15:51:59] [SELECT] Symbol switched: EURJPYm -> GBPUSDm | AI watchlist candidate
[2026-05-07 15:51:59] [SCAN] Analyzing GBPUSDm
[2026-05-07 15:52:00] [SKIP] GBPUSDm same candle 2026-05-07 08:45:00  skip
[2026-05-07 15:52:00] [SELECT] Symbol switched: GBPUSDm -> EURUSDm | AI watchlist candidate
[2026-05-07 15:52:00] [SCAN] Analyzing EURUSDm
[2026-05-07 15:52:01] [SKIP] EURUSDm same candle 2026-05-07 08:45:00  skip
[2026-05-07 15:52:01] [SELECT] Symbol switched: EURUSDm -> XAUUSDm | AI watchlist candidate
[2026-05-07 15:52:01] [SCAN] Analyzing XAUUSDm
[2026-05-07 15:52:02] [SKIP] XAUUSDm same candle 2026-05-07 08:45:00  skip
[2026-05-07 15:52:02] [SELECT] Symbol switched: XAUUSDm -> USDJPYm | AI watchlist candidate
[2026-05-07 15:52:02] [SCAN] Analyzing USDJPYm
[2026-05-07 15:52:02] [SKIP] USDJPYm same candle 2026-05-07 08:45:00  skip
[2026-05-07 15:52:02] [SELECT] Symbol switched: USDJPYm -> EURJPYm | AI watchlist candidate
[2026-05-07 15:52:02] [SCAN] Analyzing EURJPYm
[2026-05-07 15:52:03] [SKIP] EURJPYm same candle 2026-05-07 08:45:00  skip
[2026-05-07 15:52:03] [WAIT] No order this round
[2026-05-07 15:53:03] [AI] Using cached scan from 2026-05-07 14:00:37 | symbols=GBPUSDm, EURUSDm, XAUUSDm, USDJPYm, EURJPYm
[2026-05-07 15:53:03] [WATCH] Watchlist: GBPUSDm, EURUSDm, XAUUSDm, USDJPYm, EURJPYm
[2026-05-07 15:53:03] [SELECT] Symbol switched: EURJPYm -> GBPUSDm | AI watchlist candidate
[2026-05-07 15:53:03] [SCAN] Analyzing GBPUSDm
[2026-05-07 15:53:04] [SKIP] GBPUSDm same candle 2026-05-07 08:45:00  skip
[2026-05-07 15:53:04] [SELECT] Symbol switched: GBPUSDm -> EURUSDm | AI watchlist candidate
[2026-05-07 15:53:04] [SCAN] Analyzing EURUSDm
[2026-05-07 15:53:04] [SKIP] EURUSDm same candle 2026-05-07 08:45:00  skip
[2026-05-07 15:53:04] [SELECT] Symbol switched: EURUSDm -> XAUUSDm | AI watchlist candidate
[2026-05-07 15:53:04] [SCAN] Analyzing XAUUSDm
[2026-05-07 15:53:05] [SKIP] XAUUSDm same candle 2026-05-07 08:45:00  skip
[2026-05-07 15:53:05] [SELECT] Symbol switched: XAUUSDm -> USDJPYm | AI watchlist candidate
[2026-05-07 15:53:05] [SCAN] Analyzing USDJPYm
[2026-05-07 15:53:06] [SKIP] USDJPYm same candle 2026-05-07 08:45:00  skip
[2026-05-07 15:53:06] [SELECT] Symbol switched: USDJPYm -> EURJPYm | AI watchlist candidate
[2026-05-07 15:53:06] [SCAN] Analyzing EURJPYm
[2026-05-07 15:53:07] [SKIP] EURJPYm same candle 2026-05-07 08:45:00  skip
[2026-05-07 15:53:07] [WAIT] No order this round
[2026-05-07 15:54:07] [AI] Using cached scan from 2026-05-07 14:00:37 | symbols=GBPUSDm, EURUSDm, XAUUSDm, USDJPYm, EURJPYm
[2026-05-07 15:54:07] [WATCH] Watchlist: GBPUSDm, EURUSDm, XAUUSDm, USDJPYm, EURJPYm
[2026-05-07 15:54:07] [SELECT] Symbol switched: EURJPYm -> GBPUSDm | AI watchlist candidate
[2026-05-07 15:54:07] [SCAN] Analyzing GBPUSDm
[2026-05-07 15:54:07] [SKIP] GBPUSDm same candle 2026-05-07 08:45:00  skip
[2026-05-07 15:54:07] [SELECT] Symbol switched: GBPUSDm -> EURUSDm | AI watchlist candidate
[2026-05-07 15:54:07] [SCAN] Analyzing EURUSDm
[2026-05-07 15:54:08] [SKIP] EURUSDm same candle 2026-05-07 08:45:00  skip
[2026-05-07 15:54:08] [SELECT] Symbol switched: EURUSDm -> XAUUSDm | AI watchlist candidate
[2026-05-07 15:54:08] [SCAN] Analyzing XAUUSDm
[2026-05-07 15:54:09] [SKIP] XAUUSDm same candle 2026-05-07 08:45:00  skip
[2026-05-07 15:54:09] [SELECT] Symbol switched: XAUUSDm -> USDJPYm | AI watchlist candidate
[2026-05-07 15:54:09] [SCAN] Analyzing USDJPYm
[2026-05-07 15:54:10] [SKIP] USDJPYm same candle 2026-05-07 08:45:00  skip
[2026-05-07 15:54:10] [SELECT] Symbol switched: USDJPYm -> EURJPYm | AI watchlist candidate
[2026-05-07 15:54:10] [SCAN] Analyzing EURJPYm
[2026-05-07 15:54:10] [SKIP] EURJPYm same candle 2026-05-07 08:45:00  skip
[2026-05-07 15:54:10] [WAIT] No order this round
[2026-05-07 15:55:10] [AI] Using cached scan from 2026-05-07 14:00:37 | symbols=GBPUSDm, EURUSDm, XAUUSDm, USDJPYm, EURJPYm
[2026-05-07 15:55:10] [WATCH] Watchlist: GBPUSDm, EURUSDm, XAUUSDm, USDJPYm, EURJPYm
[2026-05-07 15:55:10] [SELECT] Symbol switched: EURJPYm -> GBPUSDm | AI watchlist candidate
[2026-05-07 15:55:10] [SCAN] Analyzing GBPUSDm
[2026-05-07 15:55:11] Signal: {'time': Timestamp('2026-05-07 08:50:00'), 'symbol': 'GBPUSDm', 'side': 'NO_TRADE', 'price': 1.36212, 'reason': 'no Donchian breakout'}
[2026-05-07 15:55:11] [SKIP] GBPUSDm NO_TRADE: no Donchian breakout
[2026-05-07 15:55:11] [SELECT] Symbol switched: GBPUSDm -> EURUSDm | AI watchlist candidate
[2026-05-07 15:55:11] [SCAN] Analyzing EURUSDm
[2026-05-07 15:55:12] Signal: {'time': Timestamp('2026-05-07 08:50:00'), 'symbol': 'EURUSDm', 'side': 'NO_TRADE', 'price': 1.17715, 'reason': 'no Donchian breakout'}
[2026-05-07 15:55:12] [SKIP] EURUSDm NO_TRADE: no Donchian breakout
[2026-05-07 15:55:12] [SELECT] Symbol switched: EURUSDm -> XAUUSDm | AI watchlist candidate
[2026-05-07 15:55:12] [SCAN] Analyzing XAUUSDm
[2026-05-07 15:55:13] Signal: {'time': Timestamp('2026-05-07 08:50:00'), 'symbol': 'XAUUSDm', 'side': 'NO_TRADE', 'price': 4734.325, 'reason': 'no Donchian breakout'}
[2026-05-07 15:55:13] [SKIP] XAUUSDm NO_TRADE: no Donchian breakout
[2026-05-07 15:55:13] [SELECT] Symbol switched: XAUUSDm -> USDJPYm | AI watchlist candidate
[2026-05-07 15:55:13] [SCAN] Analyzing USDJPYm
[2026-05-07 15:55:13] Signal: {'time': Timestamp('2026-05-07 08:50:00'), 'symbol': 'USDJPYm', 'side': 'NO_TRADE', 'price': 156.293, 'reason': 'no Donchian breakout'}
[2026-05-07 15:55:13] [SKIP] USDJPYm NO_TRADE: no Donchian breakout
[2026-05-07 15:55:13] [SELECT] Symbol switched: USDJPYm -> EURJPYm | AI watchlist candidate
[2026-05-07 15:55:13] [SCAN] Analyzing EURJPYm
[2026-05-07 15:55:14] Signal: {'time': Timestamp('2026-05-07 08:50:00'), 'symbol': 'EURJPYm', 'side': 'NO_TRADE', 'price': 183.986, 'reason': 'M15 ADX not rising'}
[2026-05-07 15:55:14] [SKIP] EURJPYm NO_TRADE: M15 ADX not rising
[2026-05-07 15:55:14] [WAIT] No order this round
[2026-05-07 15:56:14] [AI] Using cached scan from 2026-05-07 14:00:37 | symbols=GBPUSDm, EURUSDm, XAUUSDm, USDJPYm, EURJPYm
[2026-05-07 15:56:14] [WATCH] Watchlist: GBPUSDm, EURUSDm, XAUUSDm, USDJPYm, EURJPYm
[2026-05-07 15:56:14] [SELECT] Symbol switched: EURJPYm -> GBPUSDm | AI watchlist candidate
[2026-05-07 15:56:14] [SCAN] Analyzing GBPUSDm
[2026-05-07 15:56:15] [SKIP] GBPUSDm same candle 2026-05-07 08:50:00  skip
[2026-05-07 15:56:15] [SELECT] Symbol switched: GBPUSDm -> EURUSDm | AI watchlist candidate
[2026-05-07 15:56:15] [SCAN] Analyzing EURUSDm
[2026-05-07 15:56:15] [SKIP] EURUSDm same candle 2026-05-07 08:50:00  skip
[2026-05-07 15:56:15] [SELECT] Symbol switched: EURUSDm -> XAUUSDm | AI watchlist candidate
[2026-05-07 15:56:15] [SCAN] Analyzing XAUUSDm
[2026-05-07 15:56:16] [SKIP] XAUUSDm same candle 2026-05-07 08:50:00  skip
[2026-05-07 15:56:16] [SELECT] Symbol switched: XAUUSDm -> USDJPYm | AI watchlist candidate
[2026-05-07 15:56:16] [SCAN] Analyzing USDJPYm
[2026-05-07 15:56:17] [SKIP] USDJPYm same candle 2026-05-07 08:50:00  skip
[2026-05-07 15:56:17] [SELECT] Symbol switched: USDJPYm -> EURJPYm | AI watchlist candidate
[2026-05-07 15:56:17] [SCAN] Analyzing EURJPYm
[2026-05-07 15:56:18] [SKIP] EURJPYm same candle 2026-05-07 08:50:00  skip
[2026-05-07 15:56:18] [WAIT] No order this round
[2026-05-07 15:57:18] [AI] Using cached scan from 2026-05-07 14:00:37 | symbols=GBPUSDm, EURUSDm, XAUUSDm, USDJPYm, EURJPYm
[2026-05-07 15:57:18] [WATCH] Watchlist: GBPUSDm, EURUSDm, XAUUSDm, USDJPYm, EURJPYm
[2026-05-07 15:57:18] [SELECT] Symbol switched: EURJPYm -> GBPUSDm | AI watchlist candidate
[2026-05-07 15:57:18] [SCAN] Analyzing GBPUSDm
[2026-05-07 15:57:18] [SKIP] GBPUSDm same candle 2026-05-07 08:50:00  skip
[2026-05-07 15:57:18] [SELECT] Symbol switched: GBPUSDm -> EURUSDm | AI watchlist candidate
[2026-05-07 15:57:18] [SCAN] Analyzing EURUSDm
[2026-05-07 15:57:19] [SKIP] EURUSDm same candle 2026-05-07 08:50:00  skip
[2026-05-07 15:57:19] [SELECT] Symbol switched: EURUSDm -> XAUUSDm | AI watchlist candidate
[2026-05-07 15:57:19] [SCAN] Analyzing XAUUSDm
[2026-05-07 15:57:20] [SKIP] XAUUSDm same candle 2026-05-07 08:50:00  skip
[2026-05-07 15:57:20] [SELECT] Symbol switched: XAUUSDm -> USDJPYm | AI watchlist candidate
[2026-05-07 15:57:20] [SCAN] Analyzing USDJPYm
[2026-05-07 15:57:21] [SKIP] USDJPYm same candle 2026-05-07 08:50:00  skip
[2026-05-07 15:57:21] [SELECT] Symbol switched: USDJPYm -> EURJPYm | AI watchlist candidate
[2026-05-07 15:57:21] [SCAN] Analyzing EURJPYm
[2026-05-07 15:57:22] [SKIP] EURJPYm same candle 2026-05-07 08:50:00  skip
[2026-05-07 15:57:22] [WAIT] No order this round
[2026-05-07 15:58:22] [AI] Using cached scan from 2026-05-07 14:00:37 | symbols=GBPUSDm, EURUSDm, XAUUSDm, USDJPYm, EURJPYm
[2026-05-07 15:58:22] [WATCH] Watchlist: GBPUSDm, EURUSDm, XAUUSDm, USDJPYm, EURJPYm
[2026-05-07 15:58:22] [SELECT] Symbol switched: EURJPYm -> GBPUSDm | AI watchlist candidate
[2026-05-07 15:58:22] [SCAN] Analyzing GBPUSDm
[2026-05-07 15:58:23] [SKIP] GBPUSDm same candle 2026-05-07 08:50:00  skip
[2026-05-07 15:58:23] [SELECT] Symbol switched: GBPUSDm -> EURUSDm | AI watchlist candidate
[2026-05-07 15:58:23] [SCAN] Analyzing EURUSDm
[2026-05-07 15:58:24] [SKIP] EURUSDm same candle 2026-05-07 08:50:00  skip
[2026-05-07 15:58:24] [SELECT] Symbol switched: EURUSDm -> XAUUSDm | AI watchlist candidate
[2026-05-07 15:58:24] [SCAN] Analyzing XAUUSDm
[2026-05-07 15:58:24] [SKIP] XAUUSDm same candle 2026-05-07 08:50:00  skip
[2026-05-07 15:58:24] [SELECT] Symbol switched: XAUUSDm -> USDJPYm | AI watchlist candidate
[2026-05-07 15:58:24] [SCAN] Analyzing USDJPYm
[2026-05-07 15:58:25] [SKIP] USDJPYm same candle 2026-05-07 08:50:00  skip
[2026-05-07 15:58:25] [SELECT] Symbol switched: USDJPYm -> EURJPYm | AI watchlist candidate
[2026-05-07 15:58:25] [SCAN] Analyzing EURJPYm
[2026-05-07 15:58:26] [SKIP] EURJPYm same candle 2026-05-07 08:50:00  skip
[2026-05-07 15:58:26] [WAIT] No order this round
[2026-05-07 15:59:26] [AI] Using cached scan from 2026-05-07 14:00:37 | symbols=GBPUSDm, EURUSDm, XAUUSDm, USDJPYm, EURJPYm
[2026-05-07 15:59:26] [WATCH] Watchlist: GBPUSDm, EURUSDm, XAUUSDm, USDJPYm, EURJPYm
[2026-05-07 15:59:26] [SELECT] Symbol switched: EURJPYm -> GBPUSDm | AI watchlist candidate
[2026-05-07 15:59:26] [SCAN] Analyzing GBPUSDm
[2026-05-07 15:59:26] [SKIP] GBPUSDm same candle 2026-05-07 08:50:00  skip
[2026-05-07 15:59:26] [SELECT] Symbol switched: GBPUSDm -> EURUSDm | AI watchlist candidate
[2026-05-07 15:59:26] [SCAN] Analyzing EURUSDm
[2026-05-07 15:59:27] [SKIP] EURUSDm same candle 2026-05-07 08:50:00  skip
[2026-05-07 15:59:27] [SELECT] Symbol switched: EURUSDm -> XAUUSDm | AI watchlist candidate
[2026-05-07 15:59:27] [SCAN] Analyzing XAUUSDm
[2026-05-07 15:59:28] [SKIP] XAUUSDm same candle 2026-05-07 08:50:00  skip
[2026-05-07 15:59:28] [SELECT] Symbol switched: XAUUSDm -> USDJPYm | AI watchlist candidate
[2026-05-07 15:59:28] [SCAN] Analyzing USDJPYm
[2026-05-07 15:59:29] [SKIP] USDJPYm same candle 2026-05-07 08:50:00  skip
[2026-05-07 15:59:29] [SELECT] Symbol switched: USDJPYm -> EURJPYm | AI watchlist candidate
[2026-05-07 15:59:29] [SCAN] Analyzing EURJPYm
[2026-05-07 15:59:29] [SKIP] EURJPYm same candle 2026-05-07 08:50:00  skip
[2026-05-07 15:59:29] [WAIT] No order this round
[2026-05-07 16:00:29] [AI] Using cached scan from 2026-05-07 14:00:37 | symbols=GBPUSDm, EURUSDm, XAUUSDm, USDJPYm, EURJPYm
[2026-05-07 16:00:29] [STATS] Hourly rejections (of 561 attempts): {'no_donchian_breakout': '493(88%)', 'adx_not_rising': '44(8%)', 'trend_not_aligned': '14(2%)', 'side_blocked': '10(2%)', 'volume_low': '5(1%)'}
[2026-05-07 16:00:29] [WATCH] Watchlist: GBPUSDm, EURUSDm, XAUUSDm, USDJPYm, EURJPYm
[2026-05-07 16:00:29] [SELECT] Symbol switched: EURJPYm -> GBPUSDm | AI watchlist candidate
[2026-05-07 16:00:29] [SCAN] Analyzing GBPUSDm
[2026-05-07 16:00:30] Signal: {'time': Timestamp('2026-05-07 08:55:00'), 'symbol': 'GBPUSDm', 'side': 'NO_TRADE', 'price': 1.36215, 'reason': 'no Donchian breakout'}
[2026-05-07 16:00:30] [SKIP] GBPUSDm NO_TRADE: no Donchian breakout
[2026-05-07 16:00:30] [SELECT] Symbol switched: GBPUSDm -> EURUSDm | AI watchlist candidate
[2026-05-07 16:00:30] [SCAN] Analyzing EURUSDm
[2026-05-07 16:00:31] Signal: {'time': Timestamp('2026-05-07 08:55:00'), 'symbol': 'EURUSDm', 'side': 'NO_TRADE', 'price': 1.17714, 'reason': 'no Donchian breakout'}
[2026-05-07 16:00:31] [SKIP] EURUSDm NO_TRADE: no Donchian breakout
[2026-05-07 16:00:31] [SELECT] Symbol switched: EURUSDm -> XAUUSDm | AI watchlist candidate
[2026-05-07 16:00:31] [SCAN] Analyzing XAUUSDm
[2026-05-07 16:00:32] Signal: {'time': Timestamp('2026-05-07 08:55:00'), 'symbol': 'XAUUSDm', 'side': 'NO_TRADE', 'price': 4731.278, 'reason': 'M15 trend not aligned side=SELL trend=1.0'}
[2026-05-07 16:00:32] [SKIP] XAUUSDm NO_TRADE: M15 trend not aligned side=SELL trend=1.0
[2026-05-07 16:00:32] [SELECT] Symbol switched: XAUUSDm -> USDJPYm | AI watchlist candidate
[2026-05-07 16:00:32] [SCAN] Analyzing USDJPYm
[2026-05-07 16:00:32] Signal: {'time': Timestamp('2026-05-07 08:55:00'), 'symbol': 'USDJPYm', 'side': 'NO_TRADE', 'price': 156.322, 'reason': 'M15 ADX not rising'}
[2026-05-07 16:00:32] [SKIP] USDJPYm NO_TRADE: M15 ADX not rising
[2026-05-07 16:00:32] [SELECT] Symbol switched: USDJPYm -> EURJPYm | AI watchlist candidate
[2026-05-07 16:00:32] [SCAN] Analyzing EURJPYm
[2026-05-07 16:00:33] Signal: {'time': Timestamp('2026-05-07 08:55:00'), 'symbol': 'EURJPYm', 'side': 'NO_TRADE', 'price': 184.016, 'reason': 'M15 ADX not rising'}
[2026-05-07 16:00:33] [SKIP] EURJPYm NO_TRADE: M15 ADX not rising
[2026-05-07 16:00:33] [WAIT] No order this round
[2026-05-07 16:01:33] [AI] Using cached scan from 2026-05-07 14:00:37 | symbols=GBPUSDm, EURUSDm, XAUUSDm, USDJPYm, EURJPYm
[2026-05-07 16:01:33] [WATCH] Watchlist: GBPUSDm, EURUSDm, XAUUSDm, USDJPYm, EURJPYm
[2026-05-07 16:01:33] [SELECT] Symbol switched: EURJPYm -> GBPUSDm | AI watchlist candidate
[2026-05-07 16:01:33] [SCAN] Analyzing GBPUSDm
[2026-05-07 16:01:34] [SKIP] GBPUSDm same candle 2026-05-07 08:55:00  skip
[2026-05-07 16:01:34] [SELECT] Symbol switched: GBPUSDm -> EURUSDm | AI watchlist candidate
[2026-05-07 16:01:34] [SCAN] Analyzing EURUSDm
[2026-05-07 16:01:35] [SKIP] EURUSDm same candle 2026-05-07 08:55:00  skip
[2026-05-07 16:01:35] [SELECT] Symbol switched: EURUSDm -> XAUUSDm | AI watchlist candidate
[2026-05-07 16:01:35] [SCAN] Analyzing XAUUSDm
[2026-05-07 16:01:35] [SKIP] XAUUSDm same candle 2026-05-07 08:55:00  skip
[2026-05-07 16:01:35] [SELECT] Symbol switched: XAUUSDm -> USDJPYm | AI watchlist candidate
[2026-05-07 16:01:35] [SCAN] Analyzing USDJPYm
[2026-05-07 16:01:36] [SKIP] USDJPYm same candle 2026-05-07 08:55:00  skip
[2026-05-07 16:01:36] [SELECT] Symbol switched: USDJPYm -> EURJPYm | AI watchlist candidate
[2026-05-07 16:01:36] [SCAN] Analyzing EURJPYm
[2026-05-07 16:01:37] [SKIP] EURJPYm same candle 2026-05-07 08:55:00  skip
[2026-05-07 16:01:37] [WAIT] No order this round
[2026-05-07 16:02:37] [AI] Using cached scan from 2026-05-07 14:00:37 | symbols=GBPUSDm, EURUSDm, XAUUSDm, USDJPYm, EURJPYm
[2026-05-07 16:02:37] [WATCH] Watchlist: GBPUSDm, EURUSDm, XAUUSDm, USDJPYm, EURJPYm
[2026-05-07 16:02:37] [SELECT] Symbol switched: EURJPYm -> GBPUSDm | AI watchlist candidate
[2026-05-07 16:02:37] [SCAN] Analyzing GBPUSDm
[2026-05-07 16:02:38] [SKIP] GBPUSDm same candle 2026-05-07 08:55:00  skip
[2026-05-07 16:02:38] [SELECT] Symbol switched: GBPUSDm -> EURUSDm | AI watchlist candidate
[2026-05-07 16:02:38] [SCAN] Analyzing EURUSDm
[2026-05-07 16:02:38] [SKIP] EURUSDm same candle 2026-05-07 08:55:00  skip
[2026-05-07 16:02:38] [SELECT] Symbol switched: EURUSDm -> XAUUSDm | AI watchlist candidate
[2026-05-07 16:02:38] [SCAN] Analyzing XAUUSDm
[2026-05-07 16:02:39] [SKIP] XAUUSDm same candle 2026-05-07 08:55:00  skip
[2026-05-07 16:02:39] [SELECT] Symbol switched: XAUUSDm -> USDJPYm | AI watchlist candidate
[2026-05-07 16:02:39] [SCAN] Analyzing USDJPYm
[2026-05-07 16:02:40] [SKIP] USDJPYm same candle 2026-05-07 08:55:00  skip
[2026-05-07 16:02:40] [SELECT] Symbol switched: USDJPYm -> EURJPYm | AI watchlist candidate
[2026-05-07 16:02:40] [SCAN] Analyzing EURJPYm
[2026-05-07 16:02:40] [SKIP] EURJPYm same candle 2026-05-07 08:55:00  skip
[2026-05-07 16:02:40] [WAIT] No order this round
[2026-05-07 16:03:40] [AI] Using cached scan from 2026-05-07 14:00:37 | symbols=GBPUSDm, EURUSDm, XAUUSDm, USDJPYm, EURJPYm
[2026-05-07 16:03:40] [WATCH] Watchlist: GBPUSDm, EURUSDm, XAUUSDm, USDJPYm, EURJPYm
[2026-05-07 16:03:40] [SELECT] Symbol switched: EURJPYm -> GBPUSDm | AI watchlist candidate
[2026-05-07 16:03:40] [SCAN] Analyzing GBPUSDm
[2026-05-07 16:03:41] [SKIP] GBPUSDm same candle 2026-05-07 08:55:00  skip
[2026-05-07 16:03:41] [SELECT] Symbol switched: GBPUSDm -> EURUSDm | AI watchlist candidate
[2026-05-07 16:03:41] [SCAN] Analyzing EURUSDm
[2026-05-07 16:03:42] [SKIP] EURUSDm same candle 2026-05-07 08:55:00  skip
[2026-05-07 16:03:42] [SELECT] Symbol switched: EURUSDm -> XAUUSDm | AI watchlist candidate
[2026-05-07 16:03:42] [SCAN] Analyzing XAUUSDm
[2026-05-07 16:03:43] [SKIP] XAUUSDm same candle 2026-05-07 08:55:00  skip
[2026-05-07 16:03:43] [SELECT] Symbol switched: XAUUSDm -> USDJPYm | AI watchlist candidate
[2026-05-07 16:03:43] [SCAN] Analyzing USDJPYm
[2026-05-07 16:03:43] [SKIP] USDJPYm same candle 2026-05-07 08:55:00  skip
[2026-05-07 16:03:43] [SELECT] Symbol switched: USDJPYm -> EURJPYm | AI watchlist candidate
[2026-05-07 16:03:43] [SCAN] Analyzing EURJPYm
[2026-05-07 16:03:44] [SKIP] EURJPYm same candle 2026-05-07 08:55:00  skip
[2026-05-07 16:03:44] [WAIT] No order this round
[2026-05-07 16:04:44] [AI] Using cached scan from 2026-05-07 14:00:37 | symbols=GBPUSDm, EURUSDm, XAUUSDm, USDJPYm, EURJPYm
[2026-05-07 16:04:44] [WATCH] Watchlist: GBPUSDm, EURUSDm, XAUUSDm, USDJPYm, EURJPYm
[2026-05-07 16:04:44] [SELECT] Symbol switched: EURJPYm -> GBPUSDm | AI watchlist candidate
[2026-05-07 16:04:44] [SCAN] Analyzing GBPUSDm
[2026-05-07 16:04:45] [SKIP] GBPUSDm same candle 2026-05-07 08:55:00  skip
[2026-05-07 16:04:45] [SELECT] Symbol switched: GBPUSDm -> EURUSDm | AI watchlist candidate
[2026-05-07 16:04:45] [SCAN] Analyzing EURUSDm
[2026-05-07 16:04:45] [SKIP] EURUSDm same candle 2026-05-07 08:55:00  skip
[2026-05-07 16:04:45] [SELECT] Symbol switched: EURUSDm -> XAUUSDm | AI watchlist candidate
[2026-05-07 16:04:45] [SCAN] Analyzing XAUUSDm
[2026-05-07 16:04:46] [SKIP] XAUUSDm same candle 2026-05-07 08:55:00  skip
[2026-05-07 16:04:46] [SELECT] Symbol switched: XAUUSDm -> USDJPYm | AI watchlist candidate
[2026-05-07 16:04:46] [SCAN] Analyzing USDJPYm
[2026-05-07 16:04:47] [SKIP] USDJPYm same candle 2026-05-07 08:55:00  skip
[2026-05-07 16:04:47] [SELECT] Symbol switched: USDJPYm -> EURJPYm | AI watchlist candidate
[2026-05-07 16:04:47] [SCAN] Analyzing EURJPYm
[2026-05-07 16:04:48] [SKIP] EURJPYm same candle 2026-05-07 08:55:00  skip
[2026-05-07 16:04:48] [WAIT] No order this round
[2026-05-07 16:05:48] [AI] Using cached scan from 2026-05-07 14:00:37 | symbols=GBPUSDm, EURUSDm, XAUUSDm, USDJPYm, EURJPYm
[2026-05-07 16:05:48] [WATCH] Watchlist: GBPUSDm, EURUSDm, XAUUSDm, USDJPYm, EURJPYm
[2026-05-07 16:05:48] [SELECT] Symbol switched: EURJPYm -> GBPUSDm | AI watchlist candidate
[2026-05-07 16:05:48] [SCAN] Analyzing GBPUSDm
[2026-05-07 16:05:48] Signal: {'time': Timestamp('2026-05-07 09:00:00'), 'symbol': 'GBPUSDm', 'side': 'NO_TRADE', 'price': 1.36201, 'reason': 'no Donchian breakout'}
[2026-05-07 16:05:48] [SKIP] GBPUSDm NO_TRADE: no Donchian breakout
[2026-05-07 16:05:48] [SELECT] Symbol switched: GBPUSDm -> EURUSDm | AI watchlist candidate
[2026-05-07 16:05:48] [SCAN] Analyzing EURUSDm
[2026-05-07 16:05:49] Signal: {'time': Timestamp('2026-05-07 09:00:00'), 'symbol': 'EURUSDm', 'side': 'NO_TRADE', 'price': 1.17706, 'reason': 'no Donchian breakout'}
[2026-05-07 16:05:49] [SKIP] EURUSDm NO_TRADE: no Donchian breakout
[2026-05-07 16:05:49] [SELECT] Symbol switched: EURUSDm -> XAUUSDm | AI watchlist candidate
[2026-05-07 16:05:49] [SCAN] Analyzing XAUUSDm
[2026-05-07 16:05:50] Signal: {'time': Timestamp('2026-05-07 09:00:00'), 'symbol': 'XAUUSDm', 'side': 'NO_TRADE', 'price': 4726.187, 'reason': 'M15 ADX not rising'}
[2026-05-07 16:05:50] [SKIP] XAUUSDm NO_TRADE: M15 ADX not rising
[2026-05-07 16:05:50] [SELECT] Symbol switched: XAUUSDm -> USDJPYm | AI watchlist candidate
[2026-05-07 16:05:50] [SCAN] Analyzing USDJPYm
[2026-05-07 16:05:51] Signal: {'time': Timestamp('2026-05-07 09:00:00'), 'symbol': 'USDJPYm', 'side': 'NO_TRADE', 'price': 156.374, 'reason': 'M15 ADX not rising'}
[2026-05-07 16:05:51] [SKIP] USDJPYm NO_TRADE: M15 ADX not rising
[2026-05-07 16:05:51] [SELECT] Symbol switched: USDJPYm -> EURJPYm | AI watchlist candidate
[2026-05-07 16:05:51] [SCAN] Analyzing EURJPYm
[2026-05-07 16:05:51] Signal: {'time': Timestamp('2026-05-07 09:00:00'), 'symbol': 'EURJPYm', 'side': 'NO_TRADE', 'price': 184.068, 'reason': 'M15 ADX not rising'}
[2026-05-07 16:05:51] [SKIP] EURJPYm NO_TRADE: M15 ADX not rising
[2026-05-07 16:05:51] [WAIT] No order this round
[2026-05-07 16:06:51] [AI] Using cached scan from 2026-05-07 14:00:37 | symbols=GBPUSDm, EURUSDm, XAUUSDm, USDJPYm, EURJPYm
[2026-05-07 16:06:51] [WATCH] Watchlist: GBPUSDm, EURUSDm, XAUUSDm, USDJPYm, EURJPYm
[2026-05-07 16:06:51] [SELECT] Symbol switched: EURJPYm -> GBPUSDm | AI watchlist candidate
[2026-05-07 16:06:51] [SCAN] Analyzing GBPUSDm
[2026-05-07 16:06:52] [SKIP] GBPUSDm same candle 2026-05-07 09:00:00  skip
[2026-05-07 16:06:52] [SELECT] Symbol switched: GBPUSDm -> EURUSDm | AI watchlist candidate
[2026-05-07 16:06:52] [SCAN] Analyzing EURUSDm
[2026-05-07 16:06:53] [SKIP] EURUSDm same candle 2026-05-07 09:00:00  skip
[2026-05-07 16:06:53] [SELECT] Symbol switched: EURUSDm -> XAUUSDm | AI watchlist candidate
[2026-05-07 16:06:53] [SCAN] Analyzing XAUUSDm
[2026-05-07 16:06:54] [SKIP] XAUUSDm same candle 2026-05-07 09:00:00  skip
[2026-05-07 16:06:54] [SELECT] Symbol switched: XAUUSDm -> USDJPYm | AI watchlist candidate
[2026-05-07 16:06:54] [SCAN] Analyzing USDJPYm
[2026-05-07 16:06:54] [SKIP] USDJPYm same candle 2026-05-07 09:00:00  skip
[2026-05-07 16:06:54] [SELECT] Symbol switched: USDJPYm -> EURJPYm | AI watchlist candidate
[2026-05-07 16:06:54] [SCAN] Analyzing EURJPYm
[2026-05-07 16:06:55] [SKIP] EURJPYm same candle 2026-05-07 09:00:00  skip
[2026-05-07 16:06:55] [WAIT] No order this round
[2026-05-07 16:07:55] [AI] Using cached scan from 2026-05-07 14:00:37 | symbols=GBPUSDm, EURUSDm, XAUUSDm, USDJPYm, EURJPYm
[2026-05-07 16:07:55] [WATCH] Watchlist: GBPUSDm, EURUSDm, XAUUSDm, USDJPYm, EURJPYm
[2026-05-07 16:07:55] [SELECT] Symbol switched: EURJPYm -> GBPUSDm | AI watchlist candidate
[2026-05-07 16:07:55] [SCAN] Analyzing GBPUSDm
[2026-05-07 16:07:56] [SKIP] GBPUSDm same candle 2026-05-07 09:00:00  skip
[2026-05-07 16:07:56] [SELECT] Symbol switched: GBPUSDm -> EURUSDm | AI watchlist candidate
[2026-05-07 16:07:56] [SCAN] Analyzing EURUSDm
[2026-05-07 16:07:57] [SKIP] EURUSDm same candle 2026-05-07 09:00:00  skip
[2026-05-07 16:07:57] [SELECT] Symbol switched: EURUSDm -> XAUUSDm | AI watchlist candidate
[2026-05-07 16:07:57] [SCAN] Analyzing XAUUSDm
[2026-05-07 16:07:57] [SKIP] XAUUSDm same candle 2026-05-07 09:00:00  skip
[2026-05-07 16:07:57] [SELECT] Symbol switched: XAUUSDm -> USDJPYm | AI watchlist candidate
[2026-05-07 16:07:57] [SCAN] Analyzing USDJPYm
[2026-05-07 16:07:58] [SKIP] USDJPYm same candle 2026-05-07 09:00:00  skip
[2026-05-07 16:07:58] [SELECT] Symbol switched: USDJPYm -> EURJPYm | AI watchlist candidate
[2026-05-07 16:07:58] [SCAN] Analyzing EURJPYm
[2026-05-07 16:07:59] [SKIP] EURJPYm same candle 2026-05-07 09:00:00  skip
[2026-05-07 16:07:59] [WAIT] No order this round
[2026-05-07 16:08:59] [AI] Using cached scan from 2026-05-07 14:00:37 | symbols=GBPUSDm, EURUSDm, XAUUSDm, USDJPYm, EURJPYm
[2026-05-07 16:08:59] [WATCH] Watchlist: GBPUSDm, EURUSDm, XAUUSDm, USDJPYm, EURJPYm
[2026-05-07 16:08:59] [SELECT] Symbol switched: EURJPYm -> GBPUSDm | AI watchlist candidate
[2026-05-07 16:08:59] [SCAN] Analyzing GBPUSDm
[2026-05-07 16:08:59] [SKIP] GBPUSDm same candle 2026-05-07 09:00:00  skip
[2026-05-07 16:08:59] [SELECT] Symbol switched: GBPUSDm -> EURUSDm | AI watchlist candidate
[2026-05-07 16:08:59] [SCAN] Analyzing EURUSDm
[2026-05-07 16:09:00] [SKIP] EURUSDm same candle 2026-05-07 09:00:00  skip
[2026-05-07 16:09:00] [SELECT] Symbol switched: EURUSDm -> XAUUSDm | AI watchlist candidate
[2026-05-07 16:09:00] [SCAN] Analyzing XAUUSDm
[2026-05-07 16:09:01] [SKIP] XAUUSDm same candle 2026-05-07 09:00:00  skip
[2026-05-07 16:09:01] [SELECT] Symbol switched: XAUUSDm -> USDJPYm | AI watchlist candidate
[2026-05-07 16:09:01] [SCAN] Analyzing USDJPYm
[2026-05-07 16:09:02] [SKIP] USDJPYm same candle 2026-05-07 09:00:00  skip
[2026-05-07 16:09:02] [SELECT] Symbol switched: USDJPYm -> EURJPYm | AI watchlist candidate
[2026-05-07 16:09:02] [SCAN] Analyzing EURJPYm
[2026-05-07 16:09:02] [SKIP] EURJPYm same candle 2026-05-07 09:00:00  skip
[2026-05-07 16:09:02] [WAIT] No order this round
[2026-05-07 16:10:02] [AI] Using cached scan from 2026-05-07 14:00:37 | symbols=GBPUSDm, EURUSDm, XAUUSDm, USDJPYm, EURJPYm
[2026-05-07 16:10:02] [WATCH] Watchlist: GBPUSDm, EURUSDm, XAUUSDm, USDJPYm, EURJPYm
[2026-05-07 16:10:02] [SELECT] Symbol switched: EURJPYm -> GBPUSDm | AI watchlist candidate
[2026-05-07 16:10:02] [SCAN] Analyzing GBPUSDm
[2026-05-07 16:10:03] Signal: {'time': Timestamp('2026-05-07 09:05:00'), 'symbol': 'GBPUSDm', 'side': 'NO_TRADE', 'price': 1.36194, 'reason': 'no Donchian breakout'}
[2026-05-07 16:10:03] [SKIP] GBPUSDm NO_TRADE: no Donchian breakout
[2026-05-07 16:10:03] [SELECT] Symbol switched: GBPUSDm -> EURUSDm | AI watchlist candidate
[2026-05-07 16:10:03] [SCAN] Analyzing EURUSDm
[2026-05-07 16:10:04] Signal: {'time': Timestamp('2026-05-07 09:05:00'), 'symbol': 'EURUSDm', 'side': 'NO_TRADE', 'price': 1.17677, 'reason': 'no Donchian breakout'}
[2026-05-07 16:10:04] [SKIP] EURUSDm NO_TRADE: no Donchian breakout
[2026-05-07 16:10:04] [SELECT] Symbol switched: EURUSDm -> XAUUSDm | AI watchlist candidate
[2026-05-07 16:10:04] [SCAN] Analyzing XAUUSDm
[2026-05-07 16:10:05] Signal: {'time': Timestamp('2026-05-07 09:05:00'), 'symbol': 'XAUUSDm', 'side': 'NO_TRADE', 'price': 4732.835, 'reason': 'no Donchian breakout'}
[2026-05-07 16:10:05] [SKIP] XAUUSDm NO_TRADE: no Donchian breakout
[2026-05-07 16:10:05] [SELECT] Symbol switched: XAUUSDm -> USDJPYm | AI watchlist candidate
[2026-05-07 16:10:05] [SCAN] Analyzing USDJPYm
[2026-05-07 16:10:05] Signal: {'time': Timestamp('2026-05-07 09:05:00'), 'symbol': 'USDJPYm', 'side': 'NO_TRADE', 'price': 156.367, 'reason': 'no Donchian breakout'}
[2026-05-07 16:10:05] [SKIP] USDJPYm NO_TRADE: no Donchian breakout
[2026-05-07 16:10:05] [SELECT] Symbol switched: USDJPYm -> EURJPYm | AI watchlist candidate
[2026-05-07 16:10:05] [SCAN] Analyzing EURJPYm
[2026-05-07 16:10:06] Signal: {'time': Timestamp('2026-05-07 09:05:00'), 'symbol': 'EURJPYm', 'side': 'NO_TRADE', 'price': 184.014, 'reason': 'no Donchian breakout'}
[2026-05-07 16:10:06] [SKIP] EURJPYm NO_TRADE: no Donchian breakout
[2026-05-07 16:10:06] [WAIT] No order this round
[2026-05-07 16:11:06] [AI] Using cached scan from 2026-05-07 14:00:37 | symbols=GBPUSDm, EURUSDm, XAUUSDm, USDJPYm, EURJPYm
[2026-05-07 16:11:06] [WATCH] Watchlist: GBPUSDm, EURUSDm, XAUUSDm, USDJPYm, EURJPYm
[2026-05-07 16:11:06] [SELECT] Symbol switched: EURJPYm -> GBPUSDm | AI watchlist candidate
[2026-05-07 16:11:06] [SCAN] Analyzing GBPUSDm
[2026-05-07 16:11:07] [SKIP] GBPUSDm same candle 2026-05-07 09:05:00  skip
[2026-05-07 16:11:07] [SELECT] Symbol switched: GBPUSDm -> EURUSDm | AI watchlist candidate
[2026-05-07 16:11:07] [SCAN] Analyzing EURUSDm
[2026-05-07 16:11:08] [SKIP] EURUSDm same candle 2026-05-07 09:05:00  skip
[2026-05-07 16:11:08] [SELECT] Symbol switched: EURUSDm -> XAUUSDm | AI watchlist candidate
[2026-05-07 16:11:08] [SCAN] Analyzing XAUUSDm
[2026-05-07 16:11:08] [SKIP] XAUUSDm same candle 2026-05-07 09:05:00  skip
[2026-05-07 16:11:08] [SELECT] Symbol switched: XAUUSDm -> USDJPYm | AI watchlist candidate
[2026-05-07 16:11:08] [SCAN] Analyzing USDJPYm
[2026-05-07 16:11:09] [SKIP] USDJPYm same candle 2026-05-07 09:05:00  skip
[2026-05-07 16:11:09] [SELECT] Symbol switched: USDJPYm -> EURJPYm | AI watchlist candidate
[2026-05-07 16:11:09] [SCAN] Analyzing EURJPYm
[2026-05-07 16:11:10] [SKIP] EURJPYm same candle 2026-05-07 09:05:00  skip
[2026-05-07 16:11:10] [WAIT] No order this round
[2026-05-07 16:12:10] [AI] Using cached scan from 2026-05-07 14:00:37 | symbols=GBPUSDm, EURUSDm, XAUUSDm, USDJPYm, EURJPYm
[2026-05-07 16:12:10] [WATCH] Watchlist: GBPUSDm, EURUSDm, XAUUSDm, USDJPYm, EURJPYm
[2026-05-07 16:12:10] [SELECT] Symbol switched: EURJPYm -> GBPUSDm | AI watchlist candidate
[2026-05-07 16:12:10] [SCAN] Analyzing GBPUSDm
[2026-05-07 16:12:10] [SKIP] GBPUSDm same candle 2026-05-07 09:05:00  skip
[2026-05-07 16:12:10] [SELECT] Symbol switched: GBPUSDm -> EURUSDm | AI watchlist candidate
[2026-05-07 16:12:10] [SCAN] Analyzing EURUSDm
[2026-05-07 16:12:11] [SKIP] EURUSDm same candle 2026-05-07 09:05:00  skip
[2026-05-07 16:12:11] [SELECT] Symbol switched: EURUSDm -> XAUUSDm | AI watchlist candidate
[2026-05-07 16:12:11] [SCAN] Analyzing XAUUSDm
[2026-05-07 16:12:12] [SKIP] XAUUSDm same candle 2026-05-07 09:05:00  skip
[2026-05-07 16:12:12] [SELECT] Symbol switched: XAUUSDm -> USDJPYm | AI watchlist candidate
[2026-05-07 16:12:12] [SCAN] Analyzing USDJPYm
[2026-05-07 16:12:13] [SKIP] USDJPYm same candle 2026-05-07 09:05:00  skip
[2026-05-07 16:12:13] [SELECT] Symbol switched: USDJPYm -> EURJPYm | AI watchlist candidate
[2026-05-07 16:12:13] [SCAN] Analyzing EURJPYm
[2026-05-07 16:12:13] [SKIP] EURJPYm same candle 2026-05-07 09:05:00  skip
[2026-05-07 16:12:13] [WAIT] No order this round
[2026-05-07 16:13:13] [AI] Using cached scan from 2026-05-07 14:00:37 | symbols=GBPUSDm, EURUSDm, XAUUSDm, USDJPYm, EURJPYm
[2026-05-07 16:13:13] [WATCH] Watchlist: GBPUSDm, EURUSDm, XAUUSDm, USDJPYm, EURJPYm
[2026-05-07 16:13:13] [SELECT] Symbol switched: EURJPYm -> GBPUSDm | AI watchlist candidate
[2026-05-07 16:13:13] [SCAN] Analyzing GBPUSDm
[2026-05-07 16:13:14] [SKIP] GBPUSDm same candle 2026-05-07 09:05:00  skip
[2026-05-07 16:13:14] [SELECT] Symbol switched: GBPUSDm -> EURUSDm | AI watchlist candidate
[2026-05-07 16:13:14] [SCAN] Analyzing EURUSDm
[2026-05-07 16:13:15] [SKIP] EURUSDm same candle 2026-05-07 09:05:00  skip
[2026-05-07 16:13:15] [SELECT] Symbol switched: EURUSDm -> XAUUSDm | AI watchlist candidate
[2026-05-07 16:13:15] [SCAN] Analyzing XAUUSDm
[2026-05-07 16:13:15] [SKIP] XAUUSDm same candle 2026-05-07 09:05:00  skip
[2026-05-07 16:13:15] [SELECT] Symbol switched: XAUUSDm -> USDJPYm | AI watchlist candidate
[2026-05-07 16:13:15] [SCAN] Analyzing USDJPYm
[2026-05-07 16:13:16] [SKIP] USDJPYm same candle 2026-05-07 09:05:00  skip
[2026-05-07 16:13:16] [SELECT] Symbol switched: USDJPYm -> EURJPYm | AI watchlist candidate
[2026-05-07 16:13:16] [SCAN] Analyzing EURJPYm
[2026-05-07 16:13:17] [SKIP] EURJPYm same candle 2026-05-07 09:05:00  skip
[2026-05-07 16:13:17] [WAIT] No order this round
[2026-05-07 16:14:17] [AI] Using cached scan from 2026-05-07 14:00:37 | symbols=GBPUSDm, EURUSDm, XAUUSDm, USDJPYm, EURJPYm
[2026-05-07 16:14:17] [WATCH] Watchlist: GBPUSDm, EURUSDm, XAUUSDm, USDJPYm, EURJPYm
[2026-05-07 16:14:17] [SELECT] Symbol switched: EURJPYm -> GBPUSDm | AI watchlist candidate
[2026-05-07 16:14:17] [SCAN] Analyzing GBPUSDm
[2026-05-07 16:14:18] [SKIP] GBPUSDm same candle 2026-05-07 09:05:00  skip
[2026-05-07 16:14:18] [SELECT] Symbol switched: GBPUSDm -> EURUSDm | AI watchlist candidate
[2026-05-07 16:14:18] [SCAN] Analyzing EURUSDm
[2026-05-07 16:14:18] [SKIP] EURUSDm same candle 2026-05-07 09:05:00  skip
[2026-05-07 16:14:18] [SELECT] Symbol switched: EURUSDm -> XAUUSDm | AI watchlist candidate
[2026-05-07 16:14:18] [SCAN] Analyzing XAUUSDm
[2026-05-07 16:14:19] [SKIP] XAUUSDm same candle 2026-05-07 09:05:00  skip
[2026-05-07 16:14:19] [SELECT] Symbol switched: XAUUSDm -> USDJPYm | AI watchlist candidate
[2026-05-07 16:14:19] [SCAN] Analyzing USDJPYm
[2026-05-07 16:14:20] [SKIP] USDJPYm same candle 2026-05-07 09:05:00  skip
[2026-05-07 16:14:20] [SELECT] Symbol switched: USDJPYm -> EURJPYm | AI watchlist candidate
[2026-05-07 16:14:20] [SCAN] Analyzing EURJPYm
[2026-05-07 16:14:20] [SKIP] EURJPYm same candle 2026-05-07 09:05:00  skip
[2026-05-07 16:14:20] [WAIT] No order this round
[2026-05-07 16:15:20] [AI] Using cached scan from 2026-05-07 14:00:37 | symbols=GBPUSDm, EURUSDm, XAUUSDm, USDJPYm, EURJPYm
[2026-05-07 16:15:20] [WATCH] Watchlist: GBPUSDm, EURUSDm, XAUUSDm, USDJPYm, EURJPYm
[2026-05-07 16:15:20] [SELECT] Symbol switched: EURJPYm -> GBPUSDm | AI watchlist candidate
[2026-05-07 16:15:20] [SCAN] Analyzing GBPUSDm
[2026-05-07 16:15:21] Signal: {'time': Timestamp('2026-05-07 09:10:00'), 'symbol': 'GBPUSDm', 'side': 'NO_TRADE', 'price': 1.36206, 'reason': 'no Donchian breakout'}
[2026-05-07 16:15:21] [SKIP] GBPUSDm NO_TRADE: no Donchian breakout
[2026-05-07 16:15:21] [SELECT] Symbol switched: GBPUSDm -> EURUSDm | AI watchlist candidate
[2026-05-07 16:15:21] [SCAN] Analyzing EURUSDm
[2026-05-07 16:15:22] Signal: {'time': Timestamp('2026-05-07 09:10:00'), 'symbol': 'EURUSDm', 'side': 'NO_TRADE', 'price': 1.17681, 'reason': 'no Donchian breakout'}
[2026-05-07 16:15:22] [SKIP] EURUSDm NO_TRADE: no Donchian breakout
[2026-05-07 16:15:22] [SELECT] Symbol switched: EURUSDm -> XAUUSDm | AI watchlist candidate
[2026-05-07 16:15:22] [SCAN] Analyzing XAUUSDm
[2026-05-07 16:15:23] Signal: {'time': Timestamp('2026-05-07 09:10:00'), 'symbol': 'XAUUSDm', 'side': 'NO_TRADE', 'price': 4734.127, 'reason': 'no Donchian breakout'}
[2026-05-07 16:15:23] [SKIP] XAUUSDm NO_TRADE: no Donchian breakout
[2026-05-07 16:15:23] [SELECT] Symbol switched: XAUUSDm -> USDJPYm | AI watchlist candidate
[2026-05-07 16:15:23] [SCAN] Analyzing USDJPYm
[2026-05-07 16:15:24] Signal: {'time': Timestamp('2026-05-07 09:10:00'), 'symbol': 'USDJPYm', 'side': 'NO_TRADE', 'price': 156.358, 'reason': 'no Donchian breakout'}
[2026-05-07 16:15:24] [SKIP] USDJPYm NO_TRADE: no Donchian breakout
[2026-05-07 16:15:24] [SELECT] Symbol switched: USDJPYm -> EURJPYm | AI watchlist candidate
[2026-05-07 16:15:24] [SCAN] Analyzing EURJPYm
[2026-05-07 16:15:24] Signal: {'time': Timestamp('2026-05-07 09:10:00'), 'symbol': 'EURJPYm', 'side': 'NO_TRADE', 'price': 184.007, 'reason': 'no Donchian breakout'}
[2026-05-07 16:15:24] [SKIP] EURJPYm NO_TRADE: no Donchian breakout
[2026-05-07 16:15:24] [WAIT] No order this round
[2026-05-07 16:16:24] [AI] Using cached scan from 2026-05-07 14:00:37 | symbols=GBPUSDm, EURUSDm, XAUUSDm, USDJPYm, EURJPYm
[2026-05-07 16:16:24] [WATCH] Watchlist: GBPUSDm, EURUSDm, XAUUSDm, USDJPYm, EURJPYm
[2026-05-07 16:16:24] [SELECT] Symbol switched: EURJPYm -> GBPUSDm | AI watchlist candidate
[2026-05-07 16:16:24] [SCAN] Analyzing GBPUSDm
[2026-05-07 16:16:25] [SKIP] GBPUSDm same candle 2026-05-07 09:10:00  skip
[2026-05-07 16:16:25] [SELECT] Symbol switched: GBPUSDm -> EURUSDm | AI watchlist candidate
[2026-05-07 16:16:25] [SCAN] Analyzing EURUSDm
[2026-05-07 16:16:26] [SKIP] EURUSDm same candle 2026-05-07 09:10:00  skip
[2026-05-07 16:16:26] [SELECT] Symbol switched: EURUSDm -> XAUUSDm | AI watchlist candidate
[2026-05-07 16:16:26] [SCAN] Analyzing XAUUSDm
[2026-05-07 16:16:26] [SKIP] XAUUSDm same candle 2026-05-07 09:10:00  skip
[2026-05-07 16:16:26] [SELECT] Symbol switched: XAUUSDm -> USDJPYm | AI watchlist candidate
[2026-05-07 16:16:26] [SCAN] Analyzing USDJPYm
[2026-05-07 16:16:27] [SKIP] USDJPYm same candle 2026-05-07 09:10:00  skip
[2026-05-07 16:16:27] [SELECT] Symbol switched: USDJPYm -> EURJPYm | AI watchlist candidate
[2026-05-07 16:16:27] [SCAN] Analyzing EURJPYm
[2026-05-07 16:16:28] [SKIP] EURJPYm same candle 2026-05-07 09:10:00  skip
[2026-05-07 16:16:28] [WAIT] No order this round
[2026-05-07 16:17:28] [AI] Using cached scan from 2026-05-07 14:00:37 | symbols=GBPUSDm, EURUSDm, XAUUSDm, USDJPYm, EURJPYm
[2026-05-07 16:17:28] [WATCH] Watchlist: GBPUSDm, EURUSDm, XAUUSDm, USDJPYm, EURJPYm
[2026-05-07 16:17:28] [SELECT] Symbol switched: EURJPYm -> GBPUSDm | AI watchlist candidate
[2026-05-07 16:17:28] [SCAN] Analyzing GBPUSDm
[2026-05-07 16:17:29] [SKIP] GBPUSDm same candle 2026-05-07 09:10:00  skip
[2026-05-07 16:17:29] [SELECT] Symbol switched: GBPUSDm -> EURUSDm | AI watchlist candidate
[2026-05-07 16:17:29] [SCAN] Analyzing EURUSDm
[2026-05-07 16:17:29] [SKIP] EURUSDm same candle 2026-05-07 09:10:00  skip
[2026-05-07 16:17:29] [SELECT] Symbol switched: EURUSDm -> XAUUSDm | AI watchlist candidate
[2026-05-07 16:17:29] [SCAN] Analyzing XAUUSDm
[2026-05-07 16:17:30] [SKIP] XAUUSDm same candle 2026-05-07 09:10:00  skip
[2026-05-07 16:17:30] [SELECT] Symbol switched: XAUUSDm -> USDJPYm | AI watchlist candidate
[2026-05-07 16:17:30] [SCAN] Analyzing USDJPYm
[2026-05-07 16:17:31] [SKIP] USDJPYm same candle 2026-05-07 09:10:00  skip
[2026-05-07 16:17:31] [SELECT] Symbol switched: USDJPYm -> EURJPYm | AI watchlist candidate
[2026-05-07 16:17:31] [SCAN] Analyzing EURJPYm
[2026-05-07 16:17:32] [SKIP] EURJPYm same candle 2026-05-07 09:10:00  skip
[2026-05-07 16:17:32] [WAIT] No order this round
[2026-05-07 16:18:32] [AI] Using cached scan from 2026-05-07 14:00:37 | symbols=GBPUSDm, EURUSDm, XAUUSDm, USDJPYm, EURJPYm
[2026-05-07 16:18:32] [WATCH] Watchlist: GBPUSDm, EURUSDm, XAUUSDm, USDJPYm, EURJPYm
[2026-05-07 16:18:32] [SELECT] Symbol switched: EURJPYm -> GBPUSDm | AI watchlist candidate
[2026-05-07 16:18:32] [SCAN] Analyzing GBPUSDm
[2026-05-07 16:18:32] [SKIP] GBPUSDm same candle 2026-05-07 09:10:00  skip
[2026-05-07 16:18:32] [SELECT] Symbol switched: GBPUSDm -> EURUSDm | AI watchlist candidate
[2026-05-07 16:18:32] [SCAN] Analyzing EURUSDm
[2026-05-07 16:18:33] [SKIP] EURUSDm same candle 2026-05-07 09:10:00  skip
[2026-05-07 16:18:33] [SELECT] Symbol switched: EURUSDm -> XAUUSDm | AI watchlist candidate
[2026-05-07 16:18:33] [SCAN] Analyzing XAUUSDm
[2026-05-07 16:18:34] [SKIP] XAUUSDm same candle 2026-05-07 09:10:00  skip
[2026-05-07 16:18:34] [SELECT] Symbol switched: XAUUSDm -> USDJPYm | AI watchlist candidate
[2026-05-07 16:18:34] [SCAN] Analyzing USDJPYm
[2026-05-07 16:18:34] [SKIP] USDJPYm same candle 2026-05-07 09:10:00  skip
[2026-05-07 16:18:34] [SELECT] Symbol switched: USDJPYm -> EURJPYm | AI watchlist candidate
[2026-05-07 16:18:34] [SCAN] Analyzing EURJPYm
[2026-05-07 16:18:35] [SKIP] EURJPYm same candle 2026-05-07 09:10:00  skip
[2026-05-07 16:18:35] [WAIT] No order this round
[2026-05-07 16:19:35] [AI] Using cached scan from 2026-05-07 14:00:37 | symbols=GBPUSDm, EURUSDm, XAUUSDm, USDJPYm, EURJPYm
[2026-05-07 16:19:35] [WATCH] Watchlist: GBPUSDm, EURUSDm, XAUUSDm, USDJPYm, EURJPYm
[2026-05-07 16:19:35] [SELECT] Symbol switched: EURJPYm -> GBPUSDm | AI watchlist candidate
[2026-05-07 16:19:35] [SCAN] Analyzing GBPUSDm
[2026-05-07 16:19:36] [SKIP] GBPUSDm same candle 2026-05-07 09:10:00  skip
[2026-05-07 16:19:36] [SELECT] Symbol switched: GBPUSDm -> EURUSDm | AI watchlist candidate
[2026-05-07 16:19:36] [SCAN] Analyzing EURUSDm
[2026-05-07 16:19:37] [SKIP] EURUSDm same candle 2026-05-07 09:10:00  skip
[2026-05-07 16:19:37] [SELECT] Symbol switched: EURUSDm -> XAUUSDm | AI watchlist candidate
[2026-05-07 16:19:37] [SCAN] Analyzing XAUUSDm
[2026-05-07 16:19:37] [SKIP] XAUUSDm same candle 2026-05-07 09:10:00  skip
[2026-05-07 16:19:37] [SELECT] Symbol switched: XAUUSDm -> USDJPYm | AI watchlist candidate
[2026-05-07 16:19:37] [SCAN] Analyzing USDJPYm
[2026-05-07 16:19:38] [SKIP] USDJPYm same candle 2026-05-07 09:10:00  skip
[2026-05-07 16:19:38] [SELECT] Symbol switched: USDJPYm -> EURJPYm | AI watchlist candidate
[2026-05-07 16:19:38] [SCAN] Analyzing EURJPYm
[2026-05-07 16:19:39] [SKIP] EURJPYm same candle 2026-05-07 09:10:00  skip
[2026-05-07 16:19:39] [WAIT] No order this round
[2026-05-07 16:20:39] [AI] Using cached scan from 2026-05-07 14:00:37 | symbols=GBPUSDm, EURUSDm, XAUUSDm, USDJPYm, EURJPYm
[2026-05-07 16:20:39] [WATCH] Watchlist: GBPUSDm, EURUSDm, XAUUSDm, USDJPYm, EURJPYm
[2026-05-07 16:20:39] [SELECT] Symbol switched: EURJPYm -> GBPUSDm | AI watchlist candidate
[2026-05-07 16:20:39] [SCAN] Analyzing GBPUSDm
[2026-05-07 16:20:40] Signal: {'time': Timestamp('2026-05-07 09:15:00'), 'symbol': 'GBPUSDm', 'side': 'NO_TRADE', 'price': 1.36221, 'reason': 'no Donchian breakout'}
[2026-05-07 16:20:40] [SKIP] GBPUSDm NO_TRADE: no Donchian breakout
[2026-05-07 16:20:40] [SELECT] Symbol switched: GBPUSDm -> EURUSDm | AI watchlist candidate
[2026-05-07 16:20:40] [SCAN] Analyzing EURUSDm
[2026-05-07 16:20:40] Signal: {'time': Timestamp('2026-05-07 09:15:00'), 'symbol': 'EURUSDm', 'side': 'NO_TRADE', 'price': 1.17689, 'reason': 'no Donchian breakout'}
[2026-05-07 16:20:40] [SKIP] EURUSDm NO_TRADE: no Donchian breakout
[2026-05-07 16:20:40] [SELECT] Symbol switched: EURUSDm -> XAUUSDm | AI watchlist candidate
[2026-05-07 16:20:40] [SCAN] Analyzing XAUUSDm
[2026-05-07 16:20:41] Signal: {'time': Timestamp('2026-05-07 09:15:00'), 'symbol': 'XAUUSDm', 'side': 'NO_TRADE', 'price': 4735.402, 'reason': 'no Donchian breakout'}
[2026-05-07 16:20:41] [SKIP] XAUUSDm NO_TRADE: no Donchian breakout
[2026-05-07 16:20:41] [SELECT] Symbol switched: XAUUSDm -> USDJPYm | AI watchlist candidate
[2026-05-07 16:20:41] [SCAN] Analyzing USDJPYm
[2026-05-07 16:20:42] Signal: {'time': Timestamp('2026-05-07 09:15:00'), 'symbol': 'USDJPYm', 'side': 'NO_TRADE', 'price': 156.384, 'reason': 'no Donchian breakout'}
[2026-05-07 16:20:42] [SKIP] USDJPYm NO_TRADE: no Donchian breakout
[2026-05-07 16:20:42] [SELECT] Symbol switched: USDJPYm -> EURJPYm | AI watchlist candidate
[2026-05-07 16:20:42] [SCAN] Analyzing EURJPYm
[2026-05-07 16:20:43] Signal: {'time': Timestamp('2026-05-07 09:15:00'), 'symbol': 'EURJPYm', 'side': 'NO_TRADE', 'price': 184.048, 'reason': 'no Donchian breakout'}
[2026-05-07 16:20:43] [SKIP] EURJPYm NO_TRADE: no Donchian breakout
[2026-05-07 16:20:43] [WAIT] No order this round
[2026-05-07 16:21:43] [AI] Using cached scan from 2026-05-07 14:00:37 | symbols=GBPUSDm, EURUSDm, XAUUSDm, USDJPYm, EURJPYm
[2026-05-07 16:21:43] [WATCH] Watchlist: GBPUSDm, EURUSDm, XAUUSDm, USDJPYm, EURJPYm
[2026-05-07 16:21:43] [SELECT] Symbol switched: EURJPYm -> GBPUSDm | AI watchlist candidate
[2026-05-07 16:21:43] [SCAN] Analyzing GBPUSDm
[2026-05-07 16:21:43] [SKIP] GBPUSDm same candle 2026-05-07 09:15:00  skip
[2026-05-07 16:21:43] [SELECT] Symbol switched: GBPUSDm -> EURUSDm | AI watchlist candidate
[2026-05-07 16:21:43] [SCAN] Analyzing EURUSDm
[2026-05-07 16:21:44] [SKIP] EURUSDm same candle 2026-05-07 09:15:00  skip
[2026-05-07 16:21:44] [SELECT] Symbol switched: EURUSDm -> XAUUSDm | AI watchlist candidate
[2026-05-07 16:21:44] [SCAN] Analyzing XAUUSDm
[2026-05-07 16:21:45] [SKIP] XAUUSDm same candle 2026-05-07 09:15:00  skip
[2026-05-07 16:21:45] [SELECT] Symbol switched: XAUUSDm -> USDJPYm | AI watchlist candidate
[2026-05-07 16:21:45] [SCAN] Analyzing USDJPYm
[2026-05-07 16:21:46] [SKIP] USDJPYm same candle 2026-05-07 09:15:00  skip
[2026-05-07 16:21:46] [SELECT] Symbol switched: USDJPYm -> EURJPYm | AI watchlist candidate
[2026-05-07 16:21:46] [SCAN] Analyzing EURJPYm
[2026-05-07 16:21:46] [SKIP] EURJPYm same candle 2026-05-07 09:15:00  skip
[2026-05-07 16:21:46] [WAIT] No order this round
[2026-05-07 16:22:46] [AI] Using cached scan from 2026-05-07 14:00:37 | symbols=GBPUSDm, EURUSDm, XAUUSDm, USDJPYm, EURJPYm
[2026-05-07 16:22:46] [WATCH] Watchlist: GBPUSDm, EURUSDm, XAUUSDm, USDJPYm, EURJPYm
[2026-05-07 16:22:46] [SELECT] Symbol switched: EURJPYm -> GBPUSDm | AI watchlist candidate
[2026-05-07 16:22:46] [SCAN] Analyzing GBPUSDm
[2026-05-07 16:22:47] [SKIP] GBPUSDm same candle 2026-05-07 09:15:00  skip
[2026-05-07 16:22:47] [SELECT] Symbol switched: GBPUSDm -> EURUSDm | AI watchlist candidate
[2026-05-07 16:22:47] [SCAN] Analyzing EURUSDm
[2026-05-07 16:22:48] [SKIP] EURUSDm same candle 2026-05-07 09:15:00  skip
[2026-05-07 16:22:48] [SELECT] Symbol switched: EURUSDm -> XAUUSDm | AI watchlist candidate
[2026-05-07 16:22:48] [SCAN] Analyzing XAUUSDm
[2026-05-07 16:22:49] [SKIP] XAUUSDm same candle 2026-05-07 09:15:00  skip
[2026-05-07 16:22:49] [SELECT] Symbol switched: XAUUSDm -> USDJPYm | AI watchlist candidate
[2026-05-07 16:22:49] [SCAN] Analyzing USDJPYm
[2026-05-07 16:22:49] [SKIP] USDJPYm same candle 2026-05-07 09:15:00  skip
[2026-05-07 16:22:49] [SELECT] Symbol switched: USDJPYm -> EURJPYm | AI watchlist candidate
[2026-05-07 16:22:49] [SCAN] Analyzing EURJPYm
[2026-05-07 16:22:50] [SKIP] EURJPYm same candle 2026-05-07 09:15:00  skip
[2026-05-07 16:22:50] [WAIT] No order this round
[2026-05-07 16:23:50] [AI] Using cached scan from 2026-05-07 14:00:37 | symbols=GBPUSDm, EURUSDm, XAUUSDm, USDJPYm, EURJPYm
[2026-05-07 16:23:50] [WATCH] Watchlist: GBPUSDm, EURUSDm, XAUUSDm, USDJPYm, EURJPYm
[2026-05-07 16:23:50] [SELECT] Symbol switched: EURJPYm -> GBPUSDm | AI watchlist candidate
[2026-05-07 16:23:50] [SCAN] Analyzing GBPUSDm
[2026-05-07 16:23:51] [SKIP] GBPUSDm same candle 2026-05-07 09:15:00  skip
[2026-05-07 16:23:51] [SELECT] Symbol switched: GBPUSDm -> EURUSDm | AI watchlist candidate
[2026-05-07 16:23:51] [SCAN] Analyzing EURUSDm
[2026-05-07 16:23:51] [SKIP] EURUSDm same candle 2026-05-07 09:15:00  skip
[2026-05-07 16:23:51] [SELECT] Symbol switched: EURUSDm -> XAUUSDm | AI watchlist candidate
[2026-05-07 16:23:51] [SCAN] Analyzing XAUUSDm
[2026-05-07 16:23:52] [SKIP] XAUUSDm same candle 2026-05-07 09:15:00  skip
[2026-05-07 16:23:52] [SELECT] Symbol switched: XAUUSDm -> USDJPYm | AI watchlist candidate
[2026-05-07 16:23:52] [SCAN] Analyzing USDJPYm
[2026-05-07 16:23:53] [SKIP] USDJPYm same candle 2026-05-07 09:15:00  skip
[2026-05-07 16:23:53] [SELECT] Symbol switched: USDJPYm -> EURJPYm | AI watchlist candidate
[2026-05-07 16:23:53] [SCAN] Analyzing EURJPYm
[2026-05-07 16:23:54] [SKIP] EURJPYm same candle 2026-05-07 09:15:00  skip
[2026-05-07 16:23:54] [WAIT] No order this round
[2026-05-07 16:24:54] [AI] Using cached scan from 2026-05-07 14:00:37 | symbols=GBPUSDm, EURUSDm, XAUUSDm, USDJPYm, EURJPYm
[2026-05-07 16:24:54] [WATCH] Watchlist: GBPUSDm, EURUSDm, XAUUSDm, USDJPYm, EURJPYm
[2026-05-07 16:24:54] [SELECT] Symbol switched: EURJPYm -> GBPUSDm | AI watchlist candidate
[2026-05-07 16:24:54] [SCAN] Analyzing GBPUSDm
[2026-05-07 16:24:54] [SKIP] GBPUSDm same candle 2026-05-07 09:15:00  skip
[2026-05-07 16:24:54] [SELECT] Symbol switched: GBPUSDm -> EURUSDm | AI watchlist candidate
[2026-05-07 16:24:54] [SCAN] Analyzing EURUSDm
[2026-05-07 16:24:55] [SKIP] EURUSDm same candle 2026-05-07 09:15:00  skip
[2026-05-07 16:24:55] [SELECT] Symbol switched: EURUSDm -> XAUUSDm | AI watchlist candidate
[2026-05-07 16:24:55] [SCAN] Analyzing XAUUSDm
[2026-05-07 16:24:56] [SKIP] XAUUSDm same candle 2026-05-07 09:15:00  skip
[2026-05-07 16:24:56] [SELECT] Symbol switched: XAUUSDm -> USDJPYm | AI watchlist candidate
[2026-05-07 16:24:56] [SCAN] Analyzing USDJPYm
[2026-05-07 16:24:56] [SKIP] USDJPYm same candle 2026-05-07 09:15:00  skip
[2026-05-07 16:24:56] [SELECT] Symbol switched: USDJPYm -> EURJPYm | AI watchlist candidate
[2026-05-07 16:24:56] [SCAN] Analyzing EURJPYm
[2026-05-07 16:24:57] [SKIP] EURJPYm same candle 2026-05-07 09:15:00  skip
[2026-05-07 16:24:57] [WAIT] No order this round
[2026-05-07 16:25:57] [AI] Using cached scan from 2026-05-07 14:00:37 | symbols=GBPUSDm, EURUSDm, XAUUSDm, USDJPYm, EURJPYm
[2026-05-07 16:25:57] [WATCH] Watchlist: GBPUSDm, EURUSDm, XAUUSDm, USDJPYm, EURJPYm
[2026-05-07 16:25:57] [SELECT] Symbol switched: EURJPYm -> GBPUSDm | AI watchlist candidate
[2026-05-07 16:25:57] [SCAN] Analyzing GBPUSDm
[2026-05-07 16:25:58] Signal: {'time': Timestamp('2026-05-07 09:20:00'), 'symbol': 'GBPUSDm', 'side': 'NO_TRADE', 'price': 1.36196, 'reason': 'no Donchian breakout'}
[2026-05-07 16:25:58] [SKIP] GBPUSDm NO_TRADE: no Donchian breakout
[2026-05-07 16:25:58] [SELECT] Symbol switched: GBPUSDm -> EURUSDm | AI watchlist candidate
[2026-05-07 16:25:58] [SCAN] Analyzing EURUSDm
[2026-05-07 16:25:59] Signal: {'time': Timestamp('2026-05-07 09:20:00'), 'symbol': 'EURUSDm', 'side': 'NO_TRADE', 'price': 1.17673, 'reason': 'no Donchian breakout'}
[2026-05-07 16:25:59] [SKIP] EURUSDm NO_TRADE: no Donchian breakout
[2026-05-07 16:25:59] [SELECT] Symbol switched: EURUSDm -> XAUUSDm | AI watchlist candidate
[2026-05-07 16:25:59] [SCAN] Analyzing XAUUSDm
[2026-05-07 16:25:59] Signal: {'time': Timestamp('2026-05-07 09:20:00'), 'symbol': 'XAUUSDm', 'side': 'NO_TRADE', 'price': 4736.859, 'reason': 'no Donchian breakout'}
[2026-05-07 16:25:59] [SKIP] XAUUSDm NO_TRADE: no Donchian breakout
[2026-05-07 16:25:59] [SELECT] Symbol switched: XAUUSDm -> USDJPYm | AI watchlist candidate
[2026-05-07 16:25:59] [SCAN] Analyzing USDJPYm
[2026-05-07 16:26:00] Signal: {'time': Timestamp('2026-05-07 09:20:00'), 'symbol': 'USDJPYm', 'side': 'NO_TRADE', 'price': 156.397, 'reason': 'no Donchian breakout'}
[2026-05-07 16:26:00] [SKIP] USDJPYm NO_TRADE: no Donchian breakout
[2026-05-07 16:26:00] [SELECT] Symbol switched: USDJPYm -> EURJPYm | AI watchlist candidate
[2026-05-07 16:26:00] [SCAN] Analyzing EURJPYm
[2026-05-07 16:26:01] Signal: {'time': Timestamp('2026-05-07 09:20:00'), 'symbol': 'EURJPYm', 'side': 'NO_TRADE', 'price': 184.04, 'reason': 'no Donchian breakout'}
[2026-05-07 16:26:01] [SKIP] EURJPYm NO_TRADE: no Donchian breakout
[2026-05-07 16:26:01] [WAIT] No order this round
[2026-05-07 16:27:01] [AI] Using cached scan from 2026-05-07 14:00:37 | symbols=GBPUSDm, EURUSDm, XAUUSDm, USDJPYm, EURJPYm
[2026-05-07 16:27:01] [WATCH] Watchlist: GBPUSDm, EURUSDm, XAUUSDm, USDJPYm, EURJPYm
[2026-05-07 16:27:01] [SELECT] Symbol switched: EURJPYm -> GBPUSDm | AI watchlist candidate
[2026-05-07 16:27:01] [SCAN] Analyzing GBPUSDm
[2026-05-07 16:27:02] [SKIP] GBPUSDm same candle 2026-05-07 09:20:00  skip
[2026-05-07 16:27:02] [SELECT] Symbol switched: GBPUSDm -> EURUSDm | AI watchlist candidate
[2026-05-07 16:27:02] [SCAN] Analyzing EURUSDm
[2026-05-07 16:27:02] [SKIP] EURUSDm same candle 2026-05-07 09:20:00  skip
[2026-05-07 16:27:02] [SELECT] Symbol switched: EURUSDm -> XAUUSDm | AI watchlist candidate
[2026-05-07 16:27:02] [SCAN] Analyzing XAUUSDm
[2026-05-07 16:27:03] [SKIP] XAUUSDm same candle 2026-05-07 09:20:00  skip
[2026-05-07 16:27:03] [SELECT] Symbol switched: XAUUSDm -> USDJPYm | AI watchlist candidate
[2026-05-07 16:27:03] [SCAN] Analyzing USDJPYm
[2026-05-07 16:27:04] [SKIP] USDJPYm same candle 2026-05-07 09:20:00  skip
[2026-05-07 16:27:04] [SELECT] Symbol switched: USDJPYm -> EURJPYm | AI watchlist candidate
[2026-05-07 16:27:04] [SCAN] Analyzing EURJPYm
[2026-05-07 16:27:05] [SKIP] EURJPYm same candle 2026-05-07 09:20:00  skip
[2026-05-07 16:27:05] [WAIT] No order this round
[2026-05-07 16:28:05] [AI] Using cached scan from 2026-05-07 14:00:37 | symbols=GBPUSDm, EURUSDm, XAUUSDm, USDJPYm, EURJPYm
[2026-05-07 16:28:05] [WATCH] Watchlist: GBPUSDm, EURUSDm, XAUUSDm, USDJPYm, EURJPYm
[2026-05-07 16:28:05] [SELECT] Symbol switched: EURJPYm -> GBPUSDm | AI watchlist candidate
[2026-05-07 16:28:05] [SCAN] Analyzing GBPUSDm
[2026-05-07 16:28:05] [SKIP] GBPUSDm same candle 2026-05-07 09:20:00  skip
[2026-05-07 16:28:05] [SELECT] Symbol switched: GBPUSDm -> EURUSDm | AI watchlist candidate
[2026-05-07 16:28:05] [SCAN] Analyzing EURUSDm
[2026-05-07 16:28:06] [SKIP] EURUSDm same candle 2026-05-07 09:20:00  skip
[2026-05-07 16:28:06] [SELECT] Symbol switched: EURUSDm -> XAUUSDm | AI watchlist candidate
[2026-05-07 16:28:06] [SCAN] Analyzing XAUUSDm
[2026-05-07 16:28:07] [SKIP] XAUUSDm same candle 2026-05-07 09:20:00  skip
[2026-05-07 16:28:07] [SELECT] Symbol switched: XAUUSDm -> USDJPYm | AI watchlist candidate
[2026-05-07 16:28:07] [SCAN] Analyzing USDJPYm
[2026-05-07 16:28:07] [SKIP] USDJPYm same candle 2026-05-07 09:20:00  skip
[2026-05-07 16:28:07] [SELECT] Symbol switched: USDJPYm -> EURJPYm | AI watchlist candidate
[2026-05-07 16:28:07] [SCAN] Analyzing EURJPYm
[2026-05-07 16:28:08] [SKIP] EURJPYm same candle 2026-05-07 09:20:00  skip
[2026-05-07 16:28:08] [WAIT] No order this round
[2026-05-07 16:29:08] [AI] Using cached scan from 2026-05-07 14:00:37 | symbols=GBPUSDm, EURUSDm, XAUUSDm, USDJPYm, EURJPYm
[2026-05-07 16:29:08] [WATCH] Watchlist: GBPUSDm, EURUSDm, XAUUSDm, USDJPYm, EURJPYm
[2026-05-07 16:29:08] [SELECT] Symbol switched: EURJPYm -> GBPUSDm | AI watchlist candidate
[2026-05-07 16:29:08] [SCAN] Analyzing GBPUSDm
[2026-05-07 16:29:09] [SKIP] GBPUSDm same candle 2026-05-07 09:20:00  skip
[2026-05-07 16:29:09] [SELECT] Symbol switched: GBPUSDm -> EURUSDm | AI watchlist candidate
[2026-05-07 16:29:09] [SCAN] Analyzing EURUSDm
[2026-05-07 16:29:10] [SKIP] EURUSDm same candle 2026-05-07 09:20:00  skip
[2026-05-07 16:29:10] [SELECT] Symbol switched: EURUSDm -> XAUUSDm | AI watchlist candidate
[2026-05-07 16:29:10] [SCAN] Analyzing XAUUSDm
[2026-05-07 16:29:10] [SKIP] XAUUSDm same candle 2026-05-07 09:20:00  skip
[2026-05-07 16:29:10] [SELECT] Symbol switched: XAUUSDm -> USDJPYm | AI watchlist candidate
[2026-05-07 16:29:10] [SCAN] Analyzing USDJPYm
[2026-05-07 16:29:11] [SKIP] USDJPYm same candle 2026-05-07 09:20:00  skip
[2026-05-07 16:29:11] [SELECT] Symbol switched: USDJPYm -> EURJPYm | AI watchlist candidate
[2026-05-07 16:29:11] [SCAN] Analyzing EURJPYm
[2026-05-07 16:29:12] [SKIP] EURJPYm same candle 2026-05-07 09:20:00  skip
[2026-05-07 16:29:12] [WAIT] No order this round
[2026-05-07 16:30:12] [AI] Using cached scan from 2026-05-07 14:00:37 | symbols=GBPUSDm, EURUSDm, XAUUSDm, USDJPYm, EURJPYm
[2026-05-07 16:30:12] [WATCH] Watchlist: GBPUSDm, EURUSDm, XAUUSDm, USDJPYm, EURJPYm
[2026-05-07 16:30:12] [SELECT] Symbol switched: EURJPYm -> GBPUSDm | AI watchlist candidate
[2026-05-07 16:30:12] [SCAN] Analyzing GBPUSDm
[2026-05-07 16:30:13] Signal: {'time': Timestamp('2026-05-07 09:25:00'), 'symbol': 'GBPUSDm', 'side': 'NO_TRADE', 'price': 1.36191, 'reason': 'no Donchian breakout'}
[2026-05-07 16:30:13] [SKIP] GBPUSDm NO_TRADE: no Donchian breakout
[2026-05-07 16:30:13] [SELECT] Symbol switched: GBPUSDm -> EURUSDm | AI watchlist candidate
[2026-05-07 16:30:13] [SCAN] Analyzing EURUSDm
[2026-05-07 16:30:13] Signal: {'time': Timestamp('2026-05-07 09:25:00'), 'symbol': 'EURUSDm', 'side': 'NO_TRADE', 'price': 1.17683, 'reason': 'no Donchian breakout'}
[2026-05-07 16:30:13] [SKIP] EURUSDm NO_TRADE: no Donchian breakout
[2026-05-07 16:30:13] [SELECT] Symbol switched: EURUSDm -> XAUUSDm | AI watchlist candidate
[2026-05-07 16:30:13] [SCAN] Analyzing XAUUSDm
[2026-05-07 16:30:14] Signal: {'time': Timestamp('2026-05-07 09:25:00'), 'symbol': 'XAUUSDm', 'side': 'NO_TRADE', 'price': 4735.707, 'reason': 'no Donchian breakout'}
[2026-05-07 16:30:14] [SKIP] XAUUSDm NO_TRADE: no Donchian breakout
[2026-05-07 16:30:14] [SELECT] Symbol switched: XAUUSDm -> USDJPYm | AI watchlist candidate
[2026-05-07 16:30:14] [SCAN] Analyzing USDJPYm
[2026-05-07 16:30:15] Signal: {'time': Timestamp('2026-05-07 09:25:00'), 'symbol': 'USDJPYm', 'side': 'NO_TRADE', 'price': 156.391, 'reason': 'no Donchian breakout'}
[2026-05-07 16:30:15] [SKIP] USDJPYm NO_TRADE: no Donchian breakout
[2026-05-07 16:30:15] [SELECT] Symbol switched: USDJPYm -> EURJPYm | AI watchlist candidate
[2026-05-07 16:30:15] [SCAN] Analyzing EURJPYm
[2026-05-07 16:30:16] Signal: {'time': Timestamp('2026-05-07 09:25:00'), 'symbol': 'EURJPYm', 'side': 'NO_TRADE', 'price': 184.047, 'reason': 'no Donchian breakout'}
[2026-05-07 16:30:16] [SKIP] EURJPYm NO_TRADE: no Donchian breakout
[2026-05-07 16:30:16] [WAIT] No order this round
[2026-05-07 16:31:16] [AI] Using cached scan from 2026-05-07 14:00:37 | symbols=GBPUSDm, EURUSDm, XAUUSDm, USDJPYm, EURJPYm
[2026-05-07 16:31:16] [WATCH] Watchlist: GBPUSDm, EURUSDm, XAUUSDm, USDJPYm, EURJPYm
[2026-05-07 16:31:16] [SELECT] Symbol switched: EURJPYm -> GBPUSDm | AI watchlist candidate
[2026-05-07 16:31:16] [SCAN] Analyzing GBPUSDm
[2026-05-07 16:31:17] [SKIP] GBPUSDm same candle 2026-05-07 09:25:00  skip
[2026-05-07 16:31:17] [SELECT] Symbol switched: GBPUSDm -> EURUSDm | AI watchlist candidate
[2026-05-07 16:31:17] [SCAN] Analyzing EURUSDm
[2026-05-07 16:31:17] [SKIP] EURUSDm same candle 2026-05-07 09:25:00  skip
[2026-05-07 16:31:17] [SELECT] Symbol switched: EURUSDm -> XAUUSDm | AI watchlist candidate
[2026-05-07 16:31:17] [SCAN] Analyzing XAUUSDm
[2026-05-07 16:31:18] [SKIP] XAUUSDm same candle 2026-05-07 09:25:00  skip
[2026-05-07 16:31:18] [SELECT] Symbol switched: XAUUSDm -> USDJPYm | AI watchlist candidate
[2026-05-07 16:31:18] [SCAN] Analyzing USDJPYm
[2026-05-07 16:31:19] [SKIP] USDJPYm same candle 2026-05-07 09:25:00  skip
[2026-05-07 16:31:19] [SELECT] Symbol switched: USDJPYm -> EURJPYm | AI watchlist candidate
[2026-05-07 16:31:19] [SCAN] Analyzing EURJPYm
[2026-05-07 16:31:19] [SKIP] EURJPYm same candle 2026-05-07 09:25:00  skip
[2026-05-07 16:31:19] [WAIT] No order this round
[2026-05-07 16:32:19] [AI] Using cached scan from 2026-05-07 14:00:37 | symbols=GBPUSDm, EURUSDm, XAUUSDm, USDJPYm, EURJPYm
[2026-05-07 16:32:19] [WATCH] Watchlist: GBPUSDm, EURUSDm, XAUUSDm, USDJPYm, EURJPYm
[2026-05-07 16:32:19] [SELECT] Symbol switched: EURJPYm -> GBPUSDm | AI watchlist candidate
[2026-05-07 16:32:19] [SCAN] Analyzing GBPUSDm
[2026-05-07 16:32:20] [SKIP] GBPUSDm same candle 2026-05-07 09:25:00  skip
[2026-05-07 16:32:20] [SELECT] Symbol switched: GBPUSDm -> EURUSDm | AI watchlist candidate
[2026-05-07 16:32:20] [SCAN] Analyzing EURUSDm
[2026-05-07 16:32:21] [SKIP] EURUSDm same candle 2026-05-07 09:25:00  skip
[2026-05-07 16:32:21] [SELECT] Symbol switched: EURUSDm -> XAUUSDm | AI watchlist candidate
[2026-05-07 16:32:21] [SCAN] Analyzing XAUUSDm
[2026-05-07 16:32:22] [SKIP] XAUUSDm same candle 2026-05-07 09:25:00  skip
[2026-05-07 16:32:22] [SELECT] Symbol switched: XAUUSDm -> USDJPYm | AI watchlist candidate
[2026-05-07 16:32:22] [SCAN] Analyzing USDJPYm
[2026-05-07 16:32:22] [SKIP] USDJPYm same candle 2026-05-07 09:25:00  skip
[2026-05-07 16:32:22] [SELECT] Symbol switched: USDJPYm -> EURJPYm | AI watchlist candidate
[2026-05-07 16:32:22] [SCAN] Analyzing EURJPYm
[2026-05-07 16:32:23] [SKIP] EURJPYm same candle 2026-05-07 09:25:00  skip
[2026-05-07 16:32:23] [WAIT] No order this round
[2026-05-07 16:33:23] [AI] Using cached scan from 2026-05-07 14:00:37 | symbols=GBPUSDm, EURUSDm, XAUUSDm, USDJPYm, EURJPYm
[2026-05-07 16:33:23] [WATCH] Watchlist: GBPUSDm, EURUSDm, XAUUSDm, USDJPYm, EURJPYm
[2026-05-07 16:33:23] [SELECT] Symbol switched: EURJPYm -> GBPUSDm | AI watchlist candidate
[2026-05-07 16:33:23] [SCAN] Analyzing GBPUSDm
[2026-05-07 16:33:24] [SKIP] GBPUSDm same candle 2026-05-07 09:25:00  skip
[2026-05-07 16:33:24] [SELECT] Symbol switched: GBPUSDm -> EURUSDm | AI watchlist candidate
[2026-05-07 16:33:24] [SCAN] Analyzing EURUSDm
[2026-05-07 16:33:24] [SKIP] EURUSDm same candle 2026-05-07 09:25:00  skip
[2026-05-07 16:33:24] [SELECT] Symbol switched: EURUSDm -> XAUUSDm | AI watchlist candidate
[2026-05-07 16:33:24] [SCAN] Analyzing XAUUSDm
[2026-05-07 16:33:25] [SKIP] XAUUSDm same candle 2026-05-07 09:25:00  skip
[2026-05-07 16:33:25] [SELECT] Symbol switched: XAUUSDm -> USDJPYm | AI watchlist candidate
[2026-05-07 16:33:25] [SCAN] Analyzing USDJPYm
[2026-05-07 16:33:26] [SKIP] USDJPYm same candle 2026-05-07 09:25:00  skip
[2026-05-07 16:33:26] [SELECT] Symbol switched: USDJPYm -> EURJPYm | AI watchlist candidate
[2026-05-07 16:33:26] [SCAN] Analyzing EURJPYm
[2026-05-07 16:33:27] [SKIP] EURJPYm same candle 2026-05-07 09:25:00  skip
[2026-05-07 16:33:27] [WAIT] No order this round
[2026-05-07 16:34:27] [AI] Using cached scan from 2026-05-07 14:00:37 | symbols=GBPUSDm, EURUSDm, XAUUSDm, USDJPYm, EURJPYm
[2026-05-07 16:34:27] [WATCH] Watchlist: GBPUSDm, EURUSDm, XAUUSDm, USDJPYm, EURJPYm
[2026-05-07 16:34:27] [SELECT] Symbol switched: EURJPYm -> GBPUSDm | AI watchlist candidate
[2026-05-07 16:34:27] [SCAN] Analyzing GBPUSDm
[2026-05-07 16:34:27] [SKIP] GBPUSDm same candle 2026-05-07 09:25:00  skip
[2026-05-07 16:34:27] [SELECT] Symbol switched: GBPUSDm -> EURUSDm | AI watchlist candidate
[2026-05-07 16:34:27] [SCAN] Analyzing EURUSDm
[2026-05-07 16:34:28] [SKIP] EURUSDm same candle 2026-05-07 09:25:00  skip
[2026-05-07 16:34:28] [SELECT] Symbol switched: EURUSDm -> XAUUSDm | AI watchlist candidate
[2026-05-07 16:34:28] [SCAN] Analyzing XAUUSDm
[2026-05-07 16:34:29] [SKIP] XAUUSDm same candle 2026-05-07 09:25:00  skip
[2026-05-07 16:34:29] [SELECT] Symbol switched: XAUUSDm -> USDJPYm | AI watchlist candidate
[2026-05-07 16:34:29] [SCAN] Analyzing USDJPYm
[2026-05-07 16:34:29] [SKIP] USDJPYm same candle 2026-05-07 09:25:00  skip
[2026-05-07 16:34:29] [SELECT] Symbol switched: USDJPYm -> EURJPYm | AI watchlist candidate
[2026-05-07 16:34:29] [SCAN] Analyzing EURJPYm
[2026-05-07 16:34:30] [SKIP] EURJPYm same candle 2026-05-07 09:25:00  skip
[2026-05-07 16:34:30] [WAIT] No order this round
[2026-05-07 16:35:30] [AI] Using cached scan from 2026-05-07 14:00:37 | symbols=GBPUSDm, EURUSDm, XAUUSDm, USDJPYm, EURJPYm
[2026-05-07 16:35:30] [WATCH] Watchlist: GBPUSDm, EURUSDm, XAUUSDm, USDJPYm, EURJPYm
[2026-05-07 16:35:30] [SELECT] Symbol switched: EURJPYm -> GBPUSDm | AI watchlist candidate
[2026-05-07 16:35:30] [SCAN] Analyzing GBPUSDm
[2026-05-07 16:35:31] Signal: {'time': Timestamp('2026-05-07 09:30:00'), 'symbol': 'GBPUSDm', 'side': 'NO_TRADE', 'price': 1.36232, 'reason': 'no Donchian breakout'}
[2026-05-07 16:35:31] [SKIP] GBPUSDm NO_TRADE: no Donchian breakout
[2026-05-07 16:35:31] [SELECT] Symbol switched: GBPUSDm -> EURUSDm | AI watchlist candidate
[2026-05-07 16:35:31] [SCAN] Analyzing EURUSDm
[2026-05-07 16:35:32] Signal: {'time': Timestamp('2026-05-07 09:30:00'), 'symbol': 'EURUSDm', 'side': 'NO_TRADE', 'price': 1.17741, 'reason': 'side blocked allowed=BOTH got=BUY'}
[2026-05-07 16:35:32] [SKIP] EURUSDm NO_TRADE: side blocked allowed=BOTH got=BUY
[2026-05-07 16:35:32] [SELECT] Symbol switched: EURUSDm -> XAUUSDm | AI watchlist candidate
[2026-05-07 16:35:32] [SCAN] Analyzing XAUUSDm
[2026-05-07 16:35:32] Signal: {'time': Timestamp('2026-05-07 09:30:00'), 'symbol': 'XAUUSDm', 'side': 'NO_TRADE', 'price': 4735.734, 'reason': 'no Donchian breakout'}
[2026-05-07 16:35:32] [SKIP] XAUUSDm NO_TRADE: no Donchian breakout
[2026-05-07 16:35:32] [SELECT] Symbol switched: XAUUSDm -> USDJPYm | AI watchlist candidate
[2026-05-07 16:35:32] [SCAN] Analyzing USDJPYm
[2026-05-07 16:35:33] Signal: {'time': Timestamp('2026-05-07 09:30:00'), 'symbol': 'USDJPYm', 'side': 'NO_TRADE', 'price': 156.357, 'reason': 'no Donchian breakout'}
[2026-05-07 16:35:33] [SKIP] USDJPYm NO_TRADE: no Donchian breakout
[2026-05-07 16:35:33] [SELECT] Symbol switched: USDJPYm -> EURJPYm | AI watchlist candidate
[2026-05-07 16:35:33] [SCAN] Analyzing EURJPYm
[2026-05-07 16:35:34] Signal: {'time': Timestamp('2026-05-07 09:30:00'), 'symbol': 'EURJPYm', 'side': 'NO_TRADE', 'price': 184.103, 'reason': 'side blocked allowed=BOTH got=BUY'}
[2026-05-07 16:35:34] [SKIP] EURJPYm NO_TRADE: side blocked allowed=BOTH got=BUY
[2026-05-07 16:35:34] [WAIT] No order this round
[2026-05-07 16:36:34] [AI] Using cached scan from 2026-05-07 14:00:37 | symbols=GBPUSDm, EURUSDm, XAUUSDm, USDJPYm, EURJPYm
[2026-05-07 16:36:34] [WATCH] Watchlist: GBPUSDm, EURUSDm, XAUUSDm, USDJPYm, EURJPYm
[2026-05-07 16:36:34] [SELECT] Symbol switched: EURJPYm -> GBPUSDm | AI watchlist candidate
[2026-05-07 16:36:34] [SCAN] Analyzing GBPUSDm
[2026-05-07 16:36:35] [SKIP] GBPUSDm same candle 2026-05-07 09:30:00  skip
[2026-05-07 16:36:35] [SELECT] Symbol switched: GBPUSDm -> EURUSDm | AI watchlist candidate
[2026-05-07 16:36:35] [SCAN] Analyzing EURUSDm
[2026-05-07 16:36:35] [SKIP] EURUSDm same candle 2026-05-07 09:30:00  skip
[2026-05-07 16:36:35] [SELECT] Symbol switched: EURUSDm -> XAUUSDm | AI watchlist candidate
[2026-05-07 16:36:35] [SCAN] Analyzing XAUUSDm
[2026-05-07 16:36:36] [SKIP] XAUUSDm same candle 2026-05-07 09:30:00  skip
[2026-05-07 16:36:36] [SELECT] Symbol switched: XAUUSDm -> USDJPYm | AI watchlist candidate
[2026-05-07 16:36:36] [SCAN] Analyzing USDJPYm
[2026-05-07 16:36:37] [SKIP] USDJPYm same candle 2026-05-07 09:30:00  skip
[2026-05-07 16:36:37] [SELECT] Symbol switched: USDJPYm -> EURJPYm | AI watchlist candidate
[2026-05-07 16:36:37] [SCAN] Analyzing EURJPYm
[2026-05-07 16:36:38] [SKIP] EURJPYm same candle 2026-05-07 09:30:00  skip
[2026-05-07 16:36:38] [WAIT] No order this round
[2026-05-07 16:37:38] [AI] Using cached scan from 2026-05-07 14:00:37 | symbols=GBPUSDm, EURUSDm, XAUUSDm, USDJPYm, EURJPYm
[2026-05-07 16:37:38] [WATCH] Watchlist: GBPUSDm, EURUSDm, XAUUSDm, USDJPYm, EURJPYm
[2026-05-07 16:37:38] [SELECT] Symbol switched: EURJPYm -> GBPUSDm | AI watchlist candidate
[2026-05-07 16:37:38] [SCAN] Analyzing GBPUSDm
[2026-05-07 16:37:38] [SKIP] GBPUSDm same candle 2026-05-07 09:30:00  skip
[2026-05-07 16:37:38] [SELECT] Symbol switched: GBPUSDm -> EURUSDm | AI watchlist candidate
[2026-05-07 16:37:38] [SCAN] Analyzing EURUSDm
[2026-05-07 16:37:39] [SKIP] EURUSDm same candle 2026-05-07 09:30:00  skip
[2026-05-07 16:37:39] [SELECT] Symbol switched: EURUSDm -> XAUUSDm | AI watchlist candidate
[2026-05-07 16:37:39] [SCAN] Analyzing XAUUSDm
[2026-05-07 16:37:40] [SKIP] XAUUSDm same candle 2026-05-07 09:30:00  skip
[2026-05-07 16:37:40] [SELECT] Symbol switched: XAUUSDm -> USDJPYm | AI watchlist candidate
[2026-05-07 16:37:40] [SCAN] Analyzing USDJPYm
[2026-05-07 16:37:41] [SKIP] USDJPYm same candle 2026-05-07 09:30:00  skip
[2026-05-07 16:37:41] [SELECT] Symbol switched: USDJPYm -> EURJPYm | AI watchlist candidate
[2026-05-07 16:37:41] [SCAN] Analyzing EURJPYm
[2026-05-07 16:37:41] [SKIP] EURJPYm same candle 2026-05-07 09:30:00  skip
[2026-05-07 16:37:41] [WAIT] No order this round
[2026-05-07 16:38:41] [AI] Using cached scan from 2026-05-07 14:00:37 | symbols=GBPUSDm, EURUSDm, XAUUSDm, USDJPYm, EURJPYm
[2026-05-07 16:38:41] [WATCH] Watchlist: GBPUSDm, EURUSDm, XAUUSDm, USDJPYm, EURJPYm
[2026-05-07 16:38:41] [SELECT] Symbol switched: EURJPYm -> GBPUSDm | AI watchlist candidate
[2026-05-07 16:38:41] [SCAN] Analyzing GBPUSDm
[2026-05-07 16:38:42] [SKIP] GBPUSDm same candle 2026-05-07 09:30:00  skip
[2026-05-07 16:38:42] [SELECT] Symbol switched: GBPUSDm -> EURUSDm | AI watchlist candidate
[2026-05-07 16:38:42] [SCAN] Analyzing EURUSDm
[2026-05-07 16:38:43] [SKIP] EURUSDm same candle 2026-05-07 09:30:00  skip
[2026-05-07 16:38:43] [SELECT] Symbol switched: EURUSDm -> XAUUSDm | AI watchlist candidate
[2026-05-07 16:38:43] [SCAN] Analyzing XAUUSDm
[2026-05-07 16:38:43] [SKIP] XAUUSDm same candle 2026-05-07 09:30:00  skip
[2026-05-07 16:38:43] [SELECT] Symbol switched: XAUUSDm -> USDJPYm | AI watchlist candidate
[2026-05-07 16:38:43] [SCAN] Analyzing USDJPYm
[2026-05-07 16:38:44] [SKIP] USDJPYm same candle 2026-05-07 09:30:00  skip
[2026-05-07 16:38:44] [SELECT] Symbol switched: USDJPYm -> EURJPYm | AI watchlist candidate
[2026-05-07 16:38:44] [SCAN] Analyzing EURJPYm
[2026-05-07 16:38:45] [SKIP] EURJPYm same candle 2026-05-07 09:30:00  skip
[2026-05-07 16:38:45] [WAIT] No order this round
[2026-05-07 16:39:45] [AI] Using cached scan from 2026-05-07 14:00:37 | symbols=GBPUSDm, EURUSDm, XAUUSDm, USDJPYm, EURJPYm
[2026-05-07 16:39:45] [WATCH] Watchlist: GBPUSDm, EURUSDm, XAUUSDm, USDJPYm, EURJPYm
[2026-05-07 16:39:45] [SELECT] Symbol switched: EURJPYm -> GBPUSDm | AI watchlist candidate
[2026-05-07 16:39:45] [SCAN] Analyzing GBPUSDm
[2026-05-07 16:39:46] [SKIP] GBPUSDm same candle 2026-05-07 09:30:00  skip
[2026-05-07 16:39:46] [SELECT] Symbol switched: GBPUSDm -> EURUSDm | AI watchlist candidate
[2026-05-07 16:39:46] [SCAN] Analyzing EURUSDm
[2026-05-07 16:39:46] [SKIP] EURUSDm same candle 2026-05-07 09:30:00  skip
[2026-05-07 16:39:46] [SELECT] Symbol switched: EURUSDm -> XAUUSDm | AI watchlist candidate
[2026-05-07 16:39:46] [SCAN] Analyzing XAUUSDm
[2026-05-07 16:39:47] [SKIP] XAUUSDm same candle 2026-05-07 09:30:00  skip
[2026-05-07 16:39:47] [SELECT] Symbol switched: XAUUSDm -> USDJPYm | AI watchlist candidate
[2026-05-07 16:39:47] [SCAN] Analyzing USDJPYm
[2026-05-07 16:39:48] [SKIP] USDJPYm same candle 2026-05-07 09:30:00  skip
[2026-05-07 16:39:48] [SELECT] Symbol switched: USDJPYm -> EURJPYm | AI watchlist candidate
[2026-05-07 16:39:48] [SCAN] Analyzing EURJPYm
[2026-05-07 16:39:48] [SKIP] EURJPYm same candle 2026-05-07 09:30:00  skip
[2026-05-07 16:39:48] [WAIT] No order this round
[2026-05-07 16:40:48] [AI] Using cached scan from 2026-05-07 14:00:37 | symbols=GBPUSDm, EURUSDm, XAUUSDm, USDJPYm, EURJPYm
[2026-05-07 16:40:48] [WATCH] Watchlist: GBPUSDm, EURUSDm, XAUUSDm, USDJPYm, EURJPYm
[2026-05-07 16:40:48] [SELECT] Symbol switched: EURJPYm -> GBPUSDm | AI watchlist candidate
[2026-05-07 16:40:48] [SCAN] Analyzing GBPUSDm
[2026-05-07 16:40:49] Signal: {'time': Timestamp('2026-05-07 09:35:00'), 'symbol': 'GBPUSDm', 'side': 'NO_TRADE', 'price': 1.3622, 'reason': 'no Donchian breakout'}
[2026-05-07 16:40:49] [SKIP] GBPUSDm NO_TRADE: no Donchian breakout
[2026-05-07 16:40:49] [SELECT] Symbol switched: GBPUSDm -> EURUSDm | AI watchlist candidate
[2026-05-07 16:40:49] [SCAN] Analyzing EURUSDm
[2026-05-07 16:40:50] Signal: {'time': Timestamp('2026-05-07 09:35:00'), 'symbol': 'EURUSDm', 'side': 'NO_TRADE', 'price': 1.17746, 'reason': 'side blocked allowed=BOTH got=BUY'}
[2026-05-07 16:40:50] [SKIP] EURUSDm NO_TRADE: side blocked allowed=BOTH got=BUY
[2026-05-07 16:40:50] [SELECT] Symbol switched: EURUSDm -> XAUUSDm | AI watchlist candidate
[2026-05-07 16:40:50] [SCAN] Analyzing XAUUSDm
[2026-05-07 16:40:51] Signal: {'time': Timestamp('2026-05-07 09:35:00'), 'symbol': 'XAUUSDm', 'side': 'NO_TRADE', 'price': 4735.689, 'reason': 'no Donchian breakout'}
[2026-05-07 16:40:51] [SKIP] XAUUSDm NO_TRADE: no Donchian breakout
[2026-05-07 16:40:51] [SELECT] Symbol switched: XAUUSDm -> USDJPYm | AI watchlist candidate
[2026-05-07 16:40:51] [SCAN] Analyzing USDJPYm
[2026-05-07 16:40:52] Signal: {'time': Timestamp('2026-05-07 09:35:00'), 'symbol': 'USDJPYm', 'side': 'NO_TRADE', 'price': 156.335, 'reason': 'no Donchian breakout'}
[2026-05-07 16:40:52] [SKIP] USDJPYm NO_TRADE: no Donchian breakout
[2026-05-07 16:40:52] [SELECT] Symbol switched: USDJPYm -> EURJPYm | AI watchlist candidate
[2026-05-07 16:40:52] [SCAN] Analyzing EURJPYm
[2026-05-07 16:40:52] Signal: {'time': Timestamp('2026-05-07 09:35:00'), 'symbol': 'EURJPYm', 'side': 'NO_TRADE', 'price': 184.083, 'reason': 'no Donchian breakout'}
[2026-05-07 16:40:52] [SKIP] EURJPYm NO_TRADE: no Donchian breakout
[2026-05-07 16:40:52] [WAIT] No order this round
[2026-05-07 16:41:52] [AI] Using cached scan from 2026-05-07 14:00:37 | symbols=GBPUSDm, EURUSDm, XAUUSDm, USDJPYm, EURJPYm
[2026-05-07 16:41:52] [WATCH] Watchlist: GBPUSDm, EURUSDm, XAUUSDm, USDJPYm, EURJPYm
[2026-05-07 16:41:52] [SELECT] Symbol switched: EURJPYm -> GBPUSDm | AI watchlist candidate
[2026-05-07 16:41:52] [SCAN] Analyzing GBPUSDm
[2026-05-07 16:41:53] [SKIP] GBPUSDm same candle 2026-05-07 09:35:00  skip
[2026-05-07 16:41:53] [SELECT] Symbol switched: GBPUSDm -> EURUSDm | AI watchlist candidate
[2026-05-07 16:41:53] [SCAN] Analyzing EURUSDm
[2026-05-07 16:41:54] [SKIP] EURUSDm same candle 2026-05-07 09:35:00  skip
[2026-05-07 16:41:54] [SELECT] Symbol switched: EURUSDm -> XAUUSDm | AI watchlist candidate
[2026-05-07 16:41:54] [SCAN] Analyzing XAUUSDm
[2026-05-07 16:41:54] [SKIP] XAUUSDm same candle 2026-05-07 09:35:00  skip
[2026-05-07 16:41:54] [SELECT] Symbol switched: XAUUSDm -> USDJPYm | AI watchlist candidate
[2026-05-07 16:41:54] [SCAN] Analyzing USDJPYm
[2026-05-07 16:41:55] [SKIP] USDJPYm same candle 2026-05-07 09:35:00  skip
[2026-05-07 16:41:55] [SELECT] Symbol switched: USDJPYm -> EURJPYm | AI watchlist candidate
[2026-05-07 16:41:55] [SCAN] Analyzing EURJPYm
[2026-05-07 16:41:56] [SKIP] EURJPYm same candle 2026-05-07 09:35:00  skip
[2026-05-07 16:41:56] [WAIT] No order this round
[2026-05-07 16:42:56] [AI] Using cached scan from 2026-05-07 14:00:37 | symbols=GBPUSDm, EURUSDm, XAUUSDm, USDJPYm, EURJPYm
[2026-05-07 16:42:56] [WATCH] Watchlist: GBPUSDm, EURUSDm, XAUUSDm, USDJPYm, EURJPYm
[2026-05-07 16:42:56] [SELECT] Symbol switched: EURJPYm -> GBPUSDm | AI watchlist candidate
[2026-05-07 16:42:56] [SCAN] Analyzing GBPUSDm
[2026-05-07 16:42:57] [SKIP] GBPUSDm same candle 2026-05-07 09:35:00  skip
[2026-05-07 16:42:57] [SELECT] Symbol switched: GBPUSDm -> EURUSDm | AI watchlist candidate
[2026-05-07 16:42:57] [SCAN] Analyzing EURUSDm
[2026-05-07 16:42:57] [SKIP] EURUSDm same candle 2026-05-07 09:35:00  skip
[2026-05-07 16:42:57] [SELECT] Symbol switched: EURUSDm -> XAUUSDm | AI watchlist candidate
[2026-05-07 16:42:57] [SCAN] Analyzing XAUUSDm
[2026-05-07 16:42:58] [SKIP] XAUUSDm same candle 2026-05-07 09:35:00  skip
[2026-05-07 16:42:58] [SELECT] Symbol switched: XAUUSDm -> USDJPYm | AI watchlist candidate
[2026-05-07 16:42:58] [SCAN] Analyzing USDJPYm
[2026-05-07 16:42:59] [SKIP] USDJPYm same candle 2026-05-07 09:35:00  skip
[2026-05-07 16:42:59] [SELECT] Symbol switched: USDJPYm -> EURJPYm | AI watchlist candidate
[2026-05-07 16:42:59] [SCAN] Analyzing EURJPYm
[2026-05-07 16:42:59] [SKIP] EURJPYm same candle 2026-05-07 09:35:00  skip
[2026-05-07 16:42:59] [WAIT] No order this round
[2026-05-07 16:43:59] [AI] Using cached scan from 2026-05-07 14:00:37 | symbols=GBPUSDm, EURUSDm, XAUUSDm, USDJPYm, EURJPYm
[2026-05-07 16:43:59] [WATCH] Watchlist: GBPUSDm, EURUSDm, XAUUSDm, USDJPYm, EURJPYm
[2026-05-07 16:43:59] [SELECT] Symbol switched: EURJPYm -> GBPUSDm | AI watchlist candidate
[2026-05-07 16:43:59] [SCAN] Analyzing GBPUSDm
[2026-05-07 16:44:00] [SKIP] GBPUSDm same candle 2026-05-07 09:35:00  skip
[2026-05-07 16:44:00] [SELECT] Symbol switched: GBPUSDm -> EURUSDm | AI watchlist candidate
[2026-05-07 16:44:00] [SCAN] Analyzing EURUSDm
[2026-05-07 16:44:01] [SKIP] EURUSDm same candle 2026-05-07 09:35:00  skip
[2026-05-07 16:44:01] [SELECT] Symbol switched: EURUSDm -> XAUUSDm | AI watchlist candidate
[2026-05-07 16:44:01] [SCAN] Analyzing XAUUSDm
[2026-05-07 16:44:02] [SKIP] XAUUSDm same candle 2026-05-07 09:35:00  skip
[2026-05-07 16:44:02] [SELECT] Symbol switched: XAUUSDm -> USDJPYm | AI watchlist candidate
[2026-05-07 16:44:02] [SCAN] Analyzing USDJPYm
[2026-05-07 16:44:02] [SKIP] USDJPYm same candle 2026-05-07 09:35:00  skip
[2026-05-07 16:44:02] [SELECT] Symbol switched: USDJPYm -> EURJPYm | AI watchlist candidate
[2026-05-07 16:44:02] [SCAN] Analyzing EURJPYm
[2026-05-07 16:44:03] [SKIP] EURJPYm same candle 2026-05-07 09:35:00  skip
[2026-05-07 16:44:03] [WAIT] No order this round
[2026-05-07 16:45:03] [AI] Using cached scan from 2026-05-07 14:00:37 | symbols=GBPUSDm, EURUSDm, XAUUSDm, USDJPYm, EURJPYm
[2026-05-07 16:45:03] [WATCH] Watchlist: GBPUSDm, EURUSDm, XAUUSDm, USDJPYm, EURJPYm
[2026-05-07 16:45:03] [SELECT] Symbol switched: EURJPYm -> GBPUSDm | AI watchlist candidate
[2026-05-07 16:45:03] [SCAN] Analyzing GBPUSDm
[2026-05-07 16:45:04] Signal: {'time': Timestamp('2026-05-07 09:40:00'), 'symbol': 'GBPUSDm', 'side': 'NO_TRADE', 'price': 1.36216, 'reason': 'no Donchian breakout'}
[2026-05-07 16:45:04] [SKIP] GBPUSDm NO_TRADE: no Donchian breakout
[2026-05-07 16:45:04] [SELECT] Symbol switched: GBPUSDm -> EURUSDm | AI watchlist candidate
[2026-05-07 16:45:04] [SCAN] Analyzing EURUSDm
[2026-05-07 16:45:05] Signal: {'time': Timestamp('2026-05-07 09:40:00'), 'symbol': 'EURUSDm', 'side': 'NO_TRADE', 'price': 1.1776200000000001, 'reason': 'side blocked allowed=BOTH got=BUY'}
[2026-05-07 16:45:05] [SKIP] EURUSDm NO_TRADE: side blocked allowed=BOTH got=BUY
[2026-05-07 16:45:05] [SELECT] Symbol switched: EURUSDm -> XAUUSDm | AI watchlist candidate
[2026-05-07 16:45:05] [SCAN] Analyzing XAUUSDm
[2026-05-07 16:45:05] Signal: {'time': Timestamp('2026-05-07 09:40:00'), 'symbol': 'XAUUSDm', 'side': 'NO_TRADE', 'price': 4737.736, 'reason': 'no Donchian breakout'}
[2026-05-07 16:45:05] [SKIP] XAUUSDm NO_TRADE: no Donchian breakout
[2026-05-07 16:45:05] [SELECT] Symbol switched: XAUUSDm -> USDJPYm | AI watchlist candidate
[2026-05-07 16:45:05] [SCAN] Analyzing USDJPYm
[2026-05-07 16:45:06] Signal: {'time': Timestamp('2026-05-07 09:40:00'), 'symbol': 'USDJPYm', 'side': 'NO_TRADE', 'price': 156.314, 'reason': 'no Donchian breakout'}
[2026-05-07 16:45:06] [SKIP] USDJPYm NO_TRADE: no Donchian breakout
[2026-05-07 16:45:06] [SELECT] Symbol switched: USDJPYm -> EURJPYm | AI watchlist candidate
[2026-05-07 16:45:06] [SCAN] Analyzing EURJPYm
[2026-05-07 16:45:07] Signal: {'time': Timestamp('2026-05-07 09:40:00'), 'symbol': 'EURJPYm', 'side': 'NO_TRADE', 'price': 184.083, 'reason': 'no Donchian breakout'}
[2026-05-07 16:45:07] [SKIP] EURJPYm NO_TRADE: no Donchian breakout
[2026-05-07 16:45:07] [WAIT] No order this round
[2026-05-07 16:46:07] [AI] Using cached scan from 2026-05-07 14:00:37 | symbols=GBPUSDm, EURUSDm, XAUUSDm, USDJPYm, EURJPYm
[2026-05-07 16:46:07] [WATCH] Watchlist: GBPUSDm, EURUSDm, XAUUSDm, USDJPYm, EURJPYm
[2026-05-07 16:46:07] [SELECT] Symbol switched: EURJPYm -> GBPUSDm | AI watchlist candidate
[2026-05-07 16:46:07] [SCAN] Analyzing GBPUSDm
[2026-05-07 16:46:08] [SKIP] GBPUSDm same candle 2026-05-07 09:40:00  skip
[2026-05-07 16:46:08] [SELECT] Symbol switched: GBPUSDm -> EURUSDm | AI watchlist candidate
[2026-05-07 16:46:08] [SCAN] Analyzing EURUSDm
[2026-05-07 16:46:08] [SKIP] EURUSDm same candle 2026-05-07 09:40:00  skip
[2026-05-07 16:46:08] [SELECT] Symbol switched: EURUSDm -> XAUUSDm | AI watchlist candidate
[2026-05-07 16:46:08] [SCAN] Analyzing XAUUSDm
[2026-05-07 16:46:09] [SKIP] XAUUSDm same candle 2026-05-07 09:40:00  skip
[2026-05-07 16:46:09] [SELECT] Symbol switched: XAUUSDm -> USDJPYm | AI watchlist candidate
[2026-05-07 16:46:09] [SCAN] Analyzing USDJPYm
[2026-05-07 16:46:10] [SKIP] USDJPYm same candle 2026-05-07 09:40:00  skip
[2026-05-07 16:46:10] [SELECT] Symbol switched: USDJPYm -> EURJPYm | AI watchlist candidate
[2026-05-07 16:46:10] [SCAN] Analyzing EURJPYm
[2026-05-07 16:46:10] [SKIP] EURJPYm same candle 2026-05-07 09:40:00  skip
[2026-05-07 16:46:10] [WAIT] No order this round
[2026-05-07 16:47:10] [AI] Using cached scan from 2026-05-07 14:00:37 | symbols=GBPUSDm, EURUSDm, XAUUSDm, USDJPYm, EURJPYm
[2026-05-07 16:47:10] [WATCH] Watchlist: GBPUSDm, EURUSDm, XAUUSDm, USDJPYm, EURJPYm
[2026-05-07 16:47:10] [SELECT] Symbol switched: EURJPYm -> GBPUSDm | AI watchlist candidate
[2026-05-07 16:47:10] [SCAN] Analyzing GBPUSDm
[2026-05-07 16:47:11] [SKIP] GBPUSDm same candle 2026-05-07 09:40:00  skip
[2026-05-07 16:47:11] [SELECT] Symbol switched: GBPUSDm -> EURUSDm | AI watchlist candidate
[2026-05-07 16:47:11] [SCAN] Analyzing EURUSDm
[2026-05-07 16:47:12] [SKIP] EURUSDm same candle 2026-05-07 09:40:00  skip
[2026-05-07 16:47:12] [SELECT] Symbol switched: EURUSDm -> XAUUSDm | AI watchlist candidate
[2026-05-07 16:47:12] [SCAN] Analyzing XAUUSDm
[2026-05-07 16:47:13] [SKIP] XAUUSDm same candle 2026-05-07 09:40:00  skip
[2026-05-07 16:47:13] [SELECT] Symbol switched: XAUUSDm -> USDJPYm | AI watchlist candidate
[2026-05-07 16:47:13] [SCAN] Analyzing USDJPYm
[2026-05-07 16:47:13] [SKIP] USDJPYm same candle 2026-05-07 09:40:00  skip
[2026-05-07 16:47:13] [SELECT] Symbol switched: USDJPYm -> EURJPYm | AI watchlist candidate
[2026-05-07 16:47:13] [SCAN] Analyzing EURJPYm
[2026-05-07 16:47:14] [SKIP] EURJPYm same candle 2026-05-07 09:40:00  skip
[2026-05-07 16:47:14] [WAIT] No order this round
[2026-05-07 16:48:14] [AI] Using cached scan from 2026-05-07 14:00:37 | symbols=GBPUSDm, EURUSDm, XAUUSDm, USDJPYm, EURJPYm
[2026-05-07 16:48:14] [WATCH] Watchlist: GBPUSDm, EURUSDm, XAUUSDm, USDJPYm, EURJPYm
[2026-05-07 16:48:14] [SELECT] Symbol switched: EURJPYm -> GBPUSDm | AI watchlist candidate
[2026-05-07 16:48:14] [SCAN] Analyzing GBPUSDm
[2026-05-07 16:48:15] [SKIP] GBPUSDm same candle 2026-05-07 09:40:00  skip
[2026-05-07 16:48:15] [SELECT] Symbol switched: GBPUSDm -> EURUSDm | AI watchlist candidate
[2026-05-07 16:48:15] [SCAN] Analyzing EURUSDm
[2026-05-07 16:48:15] [SKIP] EURUSDm same candle 2026-05-07 09:40:00  skip
[2026-05-07 16:48:15] [SELECT] Symbol switched: EURUSDm -> XAUUSDm | AI watchlist candidate
[2026-05-07 16:48:15] [SCAN] Analyzing XAUUSDm
[2026-05-07 16:48:16] [SKIP] XAUUSDm same candle 2026-05-07 09:40:00  skip
[2026-05-07 16:48:16] [SELECT] Symbol switched: XAUUSDm -> USDJPYm | AI watchlist candidate
[2026-05-07 16:48:16] [SCAN] Analyzing USDJPYm
[2026-05-07 16:48:17] [SKIP] USDJPYm same candle 2026-05-07 09:40:00  skip
[2026-05-07 16:48:17] [SELECT] Symbol switched: USDJPYm -> EURJPYm | AI watchlist candidate
[2026-05-07 16:48:17] [SCAN] Analyzing EURJPYm
[2026-05-07 16:48:18] [SKIP] EURJPYm same candle 2026-05-07 09:40:00  skip
[2026-05-07 16:48:18] [WAIT] No order this round
[2026-05-07 16:49:18] [AI] Using cached scan from 2026-05-07 14:00:37 | symbols=GBPUSDm, EURUSDm, XAUUSDm, USDJPYm, EURJPYm
[2026-05-07 16:49:18] [WATCH] Watchlist: GBPUSDm, EURUSDm, XAUUSDm, USDJPYm, EURJPYm
[2026-05-07 16:49:18] [SELECT] Symbol switched: EURJPYm -> GBPUSDm | AI watchlist candidate
[2026-05-07 16:49:18] [SCAN] Analyzing GBPUSDm
[2026-05-07 16:49:18] [SKIP] GBPUSDm same candle 2026-05-07 09:40:00  skip
[2026-05-07 16:49:18] [SELECT] Symbol switched: GBPUSDm -> EURUSDm | AI watchlist candidate
[2026-05-07 16:49:18] [SCAN] Analyzing EURUSDm
[2026-05-07 16:49:19] [SKIP] EURUSDm same candle 2026-05-07 09:40:00  skip
[2026-05-07 16:49:19] [SELECT] Symbol switched: EURUSDm -> XAUUSDm | AI watchlist candidate
[2026-05-07 16:49:19] [SCAN] Analyzing XAUUSDm
[2026-05-07 16:49:20] [SKIP] XAUUSDm same candle 2026-05-07 09:40:00  skip
[2026-05-07 16:49:20] [SELECT] Symbol switched: XAUUSDm -> USDJPYm | AI watchlist candidate
[2026-05-07 16:49:20] [SCAN] Analyzing USDJPYm
[2026-05-07 16:49:20] [SKIP] USDJPYm same candle 2026-05-07 09:40:00  skip
[2026-05-07 16:49:20] [SELECT] Symbol switched: USDJPYm -> EURJPYm | AI watchlist candidate
[2026-05-07 16:49:20] [SCAN] Analyzing EURJPYm
[2026-05-07 16:49:21] [SKIP] EURJPYm same candle 2026-05-07 09:40:00  skip
[2026-05-07 16:49:21] [WAIT] No order this round
[2026-05-07 16:50:21] [AI] Using cached scan from 2026-05-07 14:00:37 | symbols=GBPUSDm, EURUSDm, XAUUSDm, USDJPYm, EURJPYm
[2026-05-07 16:50:21] [WATCH] Watchlist: GBPUSDm, EURUSDm, XAUUSDm, USDJPYm, EURJPYm
[2026-05-07 16:50:21] [SELECT] Symbol switched: EURJPYm -> GBPUSDm | AI watchlist candidate
[2026-05-07 16:50:21] [SCAN] Analyzing GBPUSDm
[2026-05-07 16:50:22] Signal: {'time': Timestamp('2026-05-07 09:45:00'), 'symbol': 'GBPUSDm', 'side': 'NO_TRADE', 'price': 1.36224, 'reason': 'no Donchian breakout'}
[2026-05-07 16:50:22] [SKIP] GBPUSDm NO_TRADE: no Donchian breakout
[2026-05-07 16:50:22] [SELECT] Symbol switched: GBPUSDm -> EURUSDm | AI watchlist candidate
[2026-05-07 16:50:22] [SCAN] Analyzing EURUSDm
[2026-05-07 16:50:23] Signal: {'time': Timestamp('2026-05-07 09:45:00'), 'symbol': 'EURUSDm', 'side': 'NO_TRADE', 'price': 1.17765, 'reason': 'no Donchian breakout'}
[2026-05-07 16:50:23] [SKIP] EURUSDm NO_TRADE: no Donchian breakout
[2026-05-07 16:50:23] [SELECT] Symbol switched: EURUSDm -> XAUUSDm | AI watchlist candidate
[2026-05-07 16:50:23] [SCAN] Analyzing XAUUSDm
[2026-05-07 16:50:23] Signal: {'time': Timestamp('2026-05-07 09:45:00'), 'symbol': 'XAUUSDm', 'side': 'NO_TRADE', 'price': 4735.814, 'reason': 'no Donchian breakout'}
[2026-05-07 16:50:23] [SKIP] XAUUSDm NO_TRADE: no Donchian breakout
[2026-05-07 16:50:23] [SELECT] Symbol switched: XAUUSDm -> USDJPYm | AI watchlist candidate
[2026-05-07 16:50:23] [SCAN] Analyzing USDJPYm
[2026-05-07 16:50:24] Signal: {'time': Timestamp('2026-05-07 09:45:00'), 'symbol': 'USDJPYm', 'side': 'NO_TRADE', 'price': 156.339, 'reason': 'no Donchian breakout'}
[2026-05-07 16:50:24] [SKIP] USDJPYm NO_TRADE: no Donchian breakout
[2026-05-07 16:50:24] [SELECT] Symbol switched: USDJPYm -> EURJPYm | AI watchlist candidate
[2026-05-07 16:50:24] [SCAN] Analyzing EURJPYm
[2026-05-07 16:50:25] Signal: {'time': Timestamp('2026-05-07 09:45:00'), 'symbol': 'EURJPYm', 'side': 'NO_TRADE', 'price': 184.118, 'reason': 'M15 ADX not rising'}
[2026-05-07 16:50:25] [SKIP] EURJPYm NO_TRADE: M15 ADX not rising
[2026-05-07 16:50:25] [WAIT] No order this round
[2026-05-07 16:51:25] [AI] Using cached scan from 2026-05-07 14:00:37 | symbols=GBPUSDm, EURUSDm, XAUUSDm, USDJPYm, EURJPYm
[2026-05-07 16:51:25] [WATCH] Watchlist: GBPUSDm, EURUSDm, XAUUSDm, USDJPYm, EURJPYm
[2026-05-07 16:51:25] [SELECT] Symbol switched: EURJPYm -> GBPUSDm | AI watchlist candidate
[2026-05-07 16:51:25] [SCAN] Analyzing GBPUSDm
[2026-05-07 16:51:26] [SKIP] GBPUSDm same candle 2026-05-07 09:45:00  skip
[2026-05-07 16:51:26] [SELECT] Symbol switched: GBPUSDm -> EURUSDm | AI watchlist candidate
[2026-05-07 16:51:26] [SCAN] Analyzing EURUSDm
[2026-05-07 16:51:27] [SKIP] EURUSDm same candle 2026-05-07 09:45:00  skip
[2026-05-07 16:51:27] [SELECT] Symbol switched: EURUSDm -> XAUUSDm | AI watchlist candidate
[2026-05-07 16:51:27] [SCAN] Analyzing XAUUSDm
[2026-05-07 16:51:28] [SKIP] XAUUSDm same candle 2026-05-07 09:45:00  skip
[2026-05-07 16:51:28] [SELECT] Symbol switched: XAUUSDm -> USDJPYm | AI watchlist candidate
[2026-05-07 16:51:28] [SCAN] Analyzing USDJPYm
[2026-05-07 16:51:29] [SKIP] USDJPYm same candle 2026-05-07 09:45:00  skip
[2026-05-07 16:51:29] [SELECT] Symbol switched: USDJPYm -> EURJPYm | AI watchlist candidate
[2026-05-07 16:51:29] [SCAN] Analyzing EURJPYm
[2026-05-07 16:51:30] [SKIP] EURJPYm same candle 2026-05-07 09:45:00  skip
[2026-05-07 16:51:30] [WAIT] No order this round
[2026-05-07 16:52:30] [AI] Using cached scan from 2026-05-07 14:00:37 | symbols=GBPUSDm, EURUSDm, XAUUSDm, USDJPYm, EURJPYm
[2026-05-07 16:52:30] [WATCH] Watchlist: GBPUSDm, EURUSDm, XAUUSDm, USDJPYm, EURJPYm
[2026-05-07 16:52:30] [SELECT] Symbol switched: EURJPYm -> GBPUSDm | AI watchlist candidate
[2026-05-07 16:52:30] [SCAN] Analyzing GBPUSDm
[2026-05-07 16:52:30] [SKIP] GBPUSDm same candle 2026-05-07 09:45:00  skip
[2026-05-07 16:52:30] [SELECT] Symbol switched: GBPUSDm -> EURUSDm | AI watchlist candidate
[2026-05-07 16:52:30] [SCAN] Analyzing EURUSDm
[2026-05-07 16:52:31] [SKIP] EURUSDm same candle 2026-05-07 09:45:00  skip
[2026-05-07 16:52:31] [SELECT] Symbol switched: EURUSDm -> XAUUSDm | AI watchlist candidate
[2026-05-07 16:52:31] [SCAN] Analyzing XAUUSDm
[2026-05-07 16:52:32] [SKIP] XAUUSDm same candle 2026-05-07 09:45:00  skip
[2026-05-07 16:52:32] [SELECT] Symbol switched: XAUUSDm -> USDJPYm | AI watchlist candidate
[2026-05-07 16:52:32] [SCAN] Analyzing USDJPYm
[2026-05-07 16:52:32] [SKIP] USDJPYm same candle 2026-05-07 09:45:00  skip
[2026-05-07 16:52:32] [SELECT] Symbol switched: USDJPYm -> EURJPYm | AI watchlist candidate
[2026-05-07 16:52:32] [SCAN] Analyzing EURJPYm
[2026-05-07 16:52:33] [SKIP] EURJPYm same candle 2026-05-07 09:45:00  skip
[2026-05-07 16:52:33] [WAIT] No order this round
[2026-05-07 16:53:33] [AI] Using cached scan from 2026-05-07 14:00:37 | symbols=GBPUSDm, EURUSDm, XAUUSDm, USDJPYm, EURJPYm
[2026-05-07 16:53:33] [WATCH] Watchlist: GBPUSDm, EURUSDm, XAUUSDm, USDJPYm, EURJPYm
[2026-05-07 16:53:33] [SELECT] Symbol switched: EURJPYm -> GBPUSDm | AI watchlist candidate
[2026-05-07 16:53:33] [SCAN] Analyzing GBPUSDm
[2026-05-07 16:53:34] [SKIP] GBPUSDm same candle 2026-05-07 09:45:00  skip
[2026-05-07 16:53:34] [SELECT] Symbol switched: GBPUSDm -> EURUSDm | AI watchlist candidate
[2026-05-07 16:53:34] [SCAN] Analyzing EURUSDm
[2026-05-07 16:53:35] [SKIP] EURUSDm same candle 2026-05-07 09:45:00  skip
[2026-05-07 16:53:35] [SELECT] Symbol switched: EURUSDm -> XAUUSDm | AI watchlist candidate
[2026-05-07 16:53:35] [SCAN] Analyzing XAUUSDm
[2026-05-07 16:53:35] [SKIP] XAUUSDm same candle 2026-05-07 09:45:00  skip
[2026-05-07 16:53:35] [SELECT] Symbol switched: XAUUSDm -> USDJPYm | AI watchlist candidate
[2026-05-07 16:53:35] [SCAN] Analyzing USDJPYm
[2026-05-07 16:53:36] [SKIP] USDJPYm same candle 2026-05-07 09:45:00  skip
[2026-05-07 16:53:36] [SELECT] Symbol switched: USDJPYm -> EURJPYm | AI watchlist candidate
[2026-05-07 16:53:36] [SCAN] Analyzing EURJPYm
[2026-05-07 16:53:37] [SKIP] EURJPYm same candle 2026-05-07 09:45:00  skip
[2026-05-07 16:53:37] [WAIT] No order this round
[2026-05-07 16:54:37] [AI] Using cached scan from 2026-05-07 14:00:37 | symbols=GBPUSDm, EURUSDm, XAUUSDm, USDJPYm, EURJPYm
[2026-05-07 16:54:37] [WATCH] Watchlist: GBPUSDm, EURUSDm, XAUUSDm, USDJPYm, EURJPYm
[2026-05-07 16:54:37] [SELECT] Symbol switched: EURJPYm -> GBPUSDm | AI watchlist candidate
[2026-05-07 16:54:37] [SCAN] Analyzing GBPUSDm
[2026-05-07 16:54:37] [SKIP] GBPUSDm same candle 2026-05-07 09:45:00  skip
[2026-05-07 16:54:37] [SELECT] Symbol switched: GBPUSDm -> EURUSDm | AI watchlist candidate
[2026-05-07 16:54:37] [SCAN] Analyzing EURUSDm
[2026-05-07 16:54:38] [SKIP] EURUSDm same candle 2026-05-07 09:45:00  skip
[2026-05-07 16:54:38] [SELECT] Symbol switched: EURUSDm -> XAUUSDm | AI watchlist candidate
[2026-05-07 16:54:38] [SCAN] Analyzing XAUUSDm
[2026-05-07 16:54:39] [SKIP] XAUUSDm same candle 2026-05-07 09:45:00  skip
[2026-05-07 16:54:39] [SELECT] Symbol switched: XAUUSDm -> USDJPYm | AI watchlist candidate
[2026-05-07 16:54:39] [SCAN] Analyzing USDJPYm
[2026-05-07 16:54:40] [SKIP] USDJPYm same candle 2026-05-07 09:45:00  skip
[2026-05-07 16:54:40] [SELECT] Symbol switched: USDJPYm -> EURJPYm | AI watchlist candidate
[2026-05-07 16:54:40] [SCAN] Analyzing EURJPYm
[2026-05-07 16:54:40] [SKIP] EURJPYm same candle 2026-05-07 09:45:00  skip
[2026-05-07 16:54:40] [WAIT] No order this round
[2026-05-07 16:55:40] [AI] Using cached scan from 2026-05-07 14:00:37 | symbols=GBPUSDm, EURUSDm, XAUUSDm, USDJPYm, EURJPYm
[2026-05-07 16:55:40] [WATCH] Watchlist: GBPUSDm, EURUSDm, XAUUSDm, USDJPYm, EURJPYm
[2026-05-07 16:55:40] [SELECT] Symbol switched: EURJPYm -> GBPUSDm | AI watchlist candidate
[2026-05-07 16:55:40] [SCAN] Analyzing GBPUSDm
[2026-05-07 16:55:41] Signal: {'time': Timestamp('2026-05-07 09:50:00'), 'symbol': 'GBPUSDm', 'side': 'NO_TRADE', 'price': 1.3618700000000001, 'reason': 'no Donchian breakout'}
[2026-05-07 16:55:41] [SKIP] GBPUSDm NO_TRADE: no Donchian breakout
[2026-05-07 16:55:41] [SELECT] Symbol switched: GBPUSDm -> EURUSDm | AI watchlist candidate
[2026-05-07 16:55:41] [SCAN] Analyzing EURUSDm
[2026-05-07 16:55:42] Signal: {'time': Timestamp('2026-05-07 09:50:00'), 'symbol': 'EURUSDm', 'side': 'NO_TRADE', 'price': 1.17733, 'reason': 'no Donchian breakout'}
[2026-05-07 16:55:42] [SKIP] EURUSDm NO_TRADE: no Donchian breakout
[2026-05-07 16:55:42] [SELECT] Symbol switched: EURUSDm -> XAUUSDm | AI watchlist candidate
[2026-05-07 16:55:42] [SCAN] Analyzing XAUUSDm
[2026-05-07 16:55:43] Signal: {'time': Timestamp('2026-05-07 09:50:00'), 'symbol': 'XAUUSDm', 'side': 'NO_TRADE', 'price': 4733.586, 'reason': 'no Donchian breakout'}
[2026-05-07 16:55:43] [SKIP] XAUUSDm NO_TRADE: no Donchian breakout
[2026-05-07 16:55:43] [SELECT] Symbol switched: XAUUSDm -> USDJPYm | AI watchlist candidate
[2026-05-07 16:55:43] [SCAN] Analyzing USDJPYm
[2026-05-07 16:55:43] Signal: {'time': Timestamp('2026-05-07 09:50:00'), 'symbol': 'USDJPYm', 'side': 'NO_TRADE', 'price': 156.383, 'reason': 'no Donchian breakout'}
[2026-05-07 16:55:43] [SKIP] USDJPYm NO_TRADE: no Donchian breakout
[2026-05-07 16:55:43] [SELECT] Symbol switched: USDJPYm -> EURJPYm | AI watchlist candidate
[2026-05-07 16:55:43] [SCAN] Analyzing EURJPYm
[2026-05-07 16:55:44] Signal: {'time': Timestamp('2026-05-07 09:50:00'), 'symbol': 'EURJPYm', 'side': 'NO_TRADE', 'price': 184.118, 'reason': 'no Donchian breakout'}
[2026-05-07 16:55:44] [SKIP] EURJPYm NO_TRADE: no Donchian breakout
[2026-05-07 16:55:44] [WAIT] No order this round
[2026-05-07 16:56:44] [AI] Using cached scan from 2026-05-07 14:00:37 | symbols=GBPUSDm, EURUSDm, XAUUSDm, USDJPYm, EURJPYm
[2026-05-07 16:56:44] [WATCH] Watchlist: GBPUSDm, EURUSDm, XAUUSDm, USDJPYm, EURJPYm
[2026-05-07 16:56:44] [SELECT] Symbol switched: EURJPYm -> GBPUSDm | AI watchlist candidate
[2026-05-07 16:56:44] [SCAN] Analyzing GBPUSDm
[2026-05-07 16:56:45] [SKIP] GBPUSDm same candle 2026-05-07 09:50:00  skip
[2026-05-07 16:56:45] [SELECT] Symbol switched: GBPUSDm -> EURUSDm | AI watchlist candidate
[2026-05-07 16:56:45] [SCAN] Analyzing EURUSDm
[2026-05-07 16:56:45] [SKIP] EURUSDm same candle 2026-05-07 09:50:00  skip
[2026-05-07 16:56:45] [SELECT] Symbol switched: EURUSDm -> XAUUSDm | AI watchlist candidate
[2026-05-07 16:56:45] [SCAN] Analyzing XAUUSDm
[2026-05-07 16:56:46] [SKIP] XAUUSDm same candle 2026-05-07 09:50:00  skip
[2026-05-07 16:56:46] [SELECT] Symbol switched: XAUUSDm -> USDJPYm | AI watchlist candidate
[2026-05-07 16:56:46] [SCAN] Analyzing USDJPYm
[2026-05-07 16:56:47] [SKIP] USDJPYm same candle 2026-05-07 09:50:00  skip
[2026-05-07 16:56:47] [SELECT] Symbol switched: USDJPYm -> EURJPYm | AI watchlist candidate
[2026-05-07 16:56:47] [SCAN] Analyzing EURJPYm
[2026-05-07 16:56:48] [SKIP] EURJPYm same candle 2026-05-07 09:50:00  skip
[2026-05-07 16:56:48] [WAIT] No order this round
[2026-05-07 16:57:48] [AI] Using cached scan from 2026-05-07 14:00:37 | symbols=GBPUSDm, EURUSDm, XAUUSDm, USDJPYm, EURJPYm
[2026-05-07 16:57:48] [WATCH] Watchlist: GBPUSDm, EURUSDm, XAUUSDm, USDJPYm, EURJPYm
[2026-05-07 16:57:48] [SELECT] Symbol switched: EURJPYm -> GBPUSDm | AI watchlist candidate
[2026-05-07 16:57:48] [SCAN] Analyzing GBPUSDm
[2026-05-07 16:57:48] [SKIP] GBPUSDm same candle 2026-05-07 09:50:00  skip
[2026-05-07 16:57:48] [SELECT] Symbol switched: GBPUSDm -> EURUSDm | AI watchlist candidate
[2026-05-07 16:57:48] [SCAN] Analyzing EURUSDm
[2026-05-07 16:57:49] [SKIP] EURUSDm same candle 2026-05-07 09:50:00  skip
[2026-05-07 16:57:49] [SELECT] Symbol switched: EURUSDm -> XAUUSDm | AI watchlist candidate
[2026-05-07 16:57:49] [SCAN] Analyzing XAUUSDm
[2026-05-07 16:57:50] [SKIP] XAUUSDm same candle 2026-05-07 09:50:00  skip
[2026-05-07 16:57:50] [SELECT] Symbol switched: XAUUSDm -> USDJPYm | AI watchlist candidate
[2026-05-07 16:57:50] [SCAN] Analyzing USDJPYm
[2026-05-07 16:57:51] [SKIP] USDJPYm same candle 2026-05-07 09:50:00  skip
[2026-05-07 16:57:51] [SELECT] Symbol switched: USDJPYm -> EURJPYm | AI watchlist candidate
[2026-05-07 16:57:51] [SCAN] Analyzing EURJPYm
[2026-05-07 16:57:51] [SKIP] EURJPYm same candle 2026-05-07 09:50:00  skip
[2026-05-07 16:57:51] [WAIT] No order this round
[2026-05-07 16:58:51] [AI] Using cached scan from 2026-05-07 14:00:37 | symbols=GBPUSDm, EURUSDm, XAUUSDm, USDJPYm, EURJPYm
[2026-05-07 16:58:51] [WATCH] Watchlist: GBPUSDm, EURUSDm, XAUUSDm, USDJPYm, EURJPYm
[2026-05-07 16:58:51] [SELECT] Symbol switched: EURJPYm -> GBPUSDm | AI watchlist candidate
[2026-05-07 16:58:51] [SCAN] Analyzing GBPUSDm
[2026-05-07 16:58:52] [SKIP] GBPUSDm same candle 2026-05-07 09:50:00  skip
[2026-05-07 16:58:52] [SELECT] Symbol switched: GBPUSDm -> EURUSDm | AI watchlist candidate
[2026-05-07 16:58:52] [SCAN] Analyzing EURUSDm
[2026-05-07 16:58:53] [SKIP] EURUSDm same candle 2026-05-07 09:50:00  skip
[2026-05-07 16:58:53] [SELECT] Symbol switched: EURUSDm -> XAUUSDm | AI watchlist candidate
[2026-05-07 16:58:53] [SCAN] Analyzing XAUUSDm
[2026-05-07 16:58:53] [SKIP] XAUUSDm same candle 2026-05-07 09:50:00  skip
[2026-05-07 16:58:53] [SELECT] Symbol switched: XAUUSDm -> USDJPYm | AI watchlist candidate
[2026-05-07 16:58:53] [SCAN] Analyzing USDJPYm
[2026-05-07 16:58:54] [SKIP] USDJPYm same candle 2026-05-07 09:50:00  skip
[2026-05-07 16:58:54] [SELECT] Symbol switched: USDJPYm -> EURJPYm | AI watchlist candidate
[2026-05-07 16:58:54] [SCAN] Analyzing EURJPYm
[2026-05-07 16:58:55] [SKIP] EURJPYm same candle 2026-05-07 09:50:00  skip
[2026-05-07 16:58:55] [WAIT] No order this round
[2026-05-07 16:59:55] [AI] Using cached scan from 2026-05-07 14:00:37 | symbols=GBPUSDm, EURUSDm, XAUUSDm, USDJPYm, EURJPYm
[2026-05-07 16:59:55] [WATCH] Watchlist: GBPUSDm, EURUSDm, XAUUSDm, USDJPYm, EURJPYm
[2026-05-07 16:59:55] [SELECT] Symbol switched: EURJPYm -> GBPUSDm | AI watchlist candidate
[2026-05-07 16:59:55] [SCAN] Analyzing GBPUSDm
[2026-05-07 16:59:56] [SKIP] GBPUSDm same candle 2026-05-07 09:50:00  skip
[2026-05-07 16:59:56] [SELECT] Symbol switched: GBPUSDm -> EURUSDm | AI watchlist candidate
[2026-05-07 16:59:56] [SCAN] Analyzing EURUSDm
[2026-05-07 16:59:56] [SKIP] EURUSDm same candle 2026-05-07 09:50:00  skip
[2026-05-07 16:59:56] [SELECT] Symbol switched: EURUSDm -> XAUUSDm | AI watchlist candidate
[2026-05-07 16:59:56] [SCAN] Analyzing XAUUSDm
[2026-05-07 16:59:57] [SKIP] XAUUSDm same candle 2026-05-07 09:50:00  skip
[2026-05-07 16:59:57] [SELECT] Symbol switched: XAUUSDm -> USDJPYm | AI watchlist candidate
[2026-05-07 16:59:57] [SCAN] Analyzing USDJPYm
[2026-05-07 16:59:58] [SKIP] USDJPYm same candle 2026-05-07 09:50:00  skip
[2026-05-07 16:59:58] [SELECT] Symbol switched: USDJPYm -> EURJPYm | AI watchlist candidate
[2026-05-07 16:59:58] [SCAN] Analyzing EURJPYm
[2026-05-07 16:59:59] [SKIP] EURJPYm same candle 2026-05-07 09:50:00  skip
[2026-05-07 16:59:59] [WAIT] No order this round
[2026-05-07 17:00:59] [AI] Using cached scan from 2026-05-07 14:00:37 | symbols=GBPUSDm, EURUSDm, XAUUSDm, USDJPYm, EURJPYm
[2026-05-07 17:00:59] [STATS] Hourly rejections (of 846 attempts): {'no_donchian_breakout': '727(86%)', 'adx_not_rising': '71(8%)', 'side_blocked': '29(3%)', 'trend_not_aligned': '19(2%)', 'volume_low': '10(1%)'}
[2026-05-07 17:00:59] [WATCH] Watchlist: GBPUSDm, EURUSDm, XAUUSDm, USDJPYm, EURJPYm
[2026-05-07 17:00:59] [SELECT] Symbol switched: EURJPYm -> GBPUSDm | AI watchlist candidate
[2026-05-07 17:00:59] [SCAN] Analyzing GBPUSDm
[2026-05-07 17:00:59] Signal: {'time': Timestamp('2026-05-07 09:55:00'), 'symbol': 'GBPUSDm', 'side': 'NO_TRADE', 'price': 1.36185, 'reason': 'no Donchian breakout'}
[2026-05-07 17:00:59] [SKIP] GBPUSDm NO_TRADE: no Donchian breakout
[2026-05-07 17:00:59] [SELECT] Symbol switched: GBPUSDm -> EURUSDm | AI watchlist candidate
[2026-05-07 17:00:59] [SCAN] Analyzing EURUSDm
[2026-05-07 17:01:00] Signal: {'time': Timestamp('2026-05-07 09:55:00'), 'symbol': 'EURUSDm', 'side': 'NO_TRADE', 'price': 1.177, 'reason': 'no Donchian breakout'}
[2026-05-07 17:01:00] [SKIP] EURUSDm NO_TRADE: no Donchian breakout
[2026-05-07 17:01:00] [SELECT] Symbol switched: EURUSDm -> XAUUSDm | AI watchlist candidate
[2026-05-07 17:01:00] [SCAN] Analyzing XAUUSDm
[2026-05-07 17:01:01] Signal: {'time': Timestamp('2026-05-07 09:55:00'), 'symbol': 'XAUUSDm', 'side': 'NO_TRADE', 'price': 4729.035, 'reason': 'no Donchian breakout'}
[2026-05-07 17:01:01] [SKIP] XAUUSDm NO_TRADE: no Donchian breakout
[2026-05-07 17:01:01] [SELECT] Symbol switched: XAUUSDm -> USDJPYm | AI watchlist candidate
[2026-05-07 17:01:01] [SCAN] Analyzing USDJPYm
[2026-05-07 17:01:02] Signal: {'time': Timestamp('2026-05-07 09:55:00'), 'symbol': 'USDJPYm', 'side': 'NO_TRADE', 'price': 156.372, 'reason': 'no Donchian breakout'}
[2026-05-07 17:01:02] [SKIP] USDJPYm NO_TRADE: no Donchian breakout
[2026-05-07 17:01:02] [SELECT] Symbol switched: USDJPYm -> EURJPYm | AI watchlist candidate
[2026-05-07 17:01:02] [SCAN] Analyzing EURJPYm
[2026-05-07 17:01:02] Signal: {'time': Timestamp('2026-05-07 09:55:00'), 'symbol': 'EURJPYm', 'side': 'NO_TRADE', 'price': 184.051, 'reason': 'no Donchian breakout'}
[2026-05-07 17:01:02] [SKIP] EURJPYm NO_TRADE: no Donchian breakout
[2026-05-07 17:01:02] [WAIT] No order this round
[2026-05-07 17:02:02] [AI] Using cached scan from 2026-05-07 14:00:37 | symbols=GBPUSDm, EURUSDm, XAUUSDm, USDJPYm, EURJPYm
[2026-05-07 17:02:02] [WATCH] Watchlist: GBPUSDm, EURUSDm, XAUUSDm, USDJPYm, EURJPYm
[2026-05-07 17:02:02] [SELECT] Symbol switched: EURJPYm -> GBPUSDm | AI watchlist candidate
[2026-05-07 17:02:02] [SCAN] Analyzing GBPUSDm
[2026-05-07 17:02:03] [SKIP] GBPUSDm same candle 2026-05-07 09:55:00  skip
[2026-05-07 17:02:03] [SELECT] Symbol switched: GBPUSDm -> EURUSDm | AI watchlist candidate
[2026-05-07 17:02:03] [SCAN] Analyzing EURUSDm
[2026-05-07 17:02:04] [SKIP] EURUSDm same candle 2026-05-07 09:55:00  skip
[2026-05-07 17:02:04] [SELECT] Symbol switched: EURUSDm -> XAUUSDm | AI watchlist candidate
[2026-05-07 17:02:04] [SCAN] Analyzing XAUUSDm
[2026-05-07 17:02:05] [SKIP] XAUUSDm same candle 2026-05-07 09:55:00  skip
[2026-05-07 17:02:05] [SELECT] Symbol switched: XAUUSDm -> USDJPYm | AI watchlist candidate
[2026-05-07 17:02:05] [SCAN] Analyzing USDJPYm
[2026-05-07 17:02:05] [SKIP] USDJPYm same candle 2026-05-07 09:55:00  skip
[2026-05-07 17:02:05] [SELECT] Symbol switched: USDJPYm -> EURJPYm | AI watchlist candidate
[2026-05-07 17:02:05] [SCAN] Analyzing EURJPYm
[2026-05-07 17:02:06] [SKIP] EURJPYm same candle 2026-05-07 09:55:00  skip
[2026-05-07 17:02:06] [WAIT] No order this round
[2026-05-07 17:03:06] [AI] Using cached scan from 2026-05-07 14:00:37 | symbols=GBPUSDm, EURUSDm, XAUUSDm, USDJPYm, EURJPYm
[2026-05-07 17:03:06] [WATCH] Watchlist: GBPUSDm, EURUSDm, XAUUSDm, USDJPYm, EURJPYm
[2026-05-07 17:03:06] [SELECT] Symbol switched: EURJPYm -> GBPUSDm | AI watchlist candidate
[2026-05-07 17:03:06] [SCAN] Analyzing GBPUSDm
[2026-05-07 17:03:07] [SKIP] GBPUSDm same candle 2026-05-07 09:55:00  skip
[2026-05-07 17:03:07] [SELECT] Symbol switched: GBPUSDm -> EURUSDm | AI watchlist candidate
[2026-05-07 17:03:07] [SCAN] Analyzing EURUSDm
[2026-05-07 17:03:08] [SKIP] EURUSDm same candle 2026-05-07 09:55:00  skip
[2026-05-07 17:03:08] [SELECT] Symbol switched: EURUSDm -> XAUUSDm | AI watchlist candidate
[2026-05-07 17:03:08] [SCAN] Analyzing XAUUSDm
[2026-05-07 17:03:08] [SKIP] XAUUSDm same candle 2026-05-07 09:55:00  skip
[2026-05-07 17:03:08] [SELECT] Symbol switched: XAUUSDm -> USDJPYm | AI watchlist candidate
[2026-05-07 17:03:08] [SCAN] Analyzing USDJPYm
[2026-05-07 17:03:09] [SKIP] USDJPYm same candle 2026-05-07 09:55:00  skip
[2026-05-07 17:03:09] [SELECT] Symbol switched: USDJPYm -> EURJPYm | AI watchlist candidate
[2026-05-07 17:03:09] [SCAN] Analyzing EURJPYm
[2026-05-07 17:03:10] [SKIP] EURJPYm same candle 2026-05-07 09:55:00  skip
[2026-05-07 17:03:10] [WAIT] No order this round
[2026-05-07 17:04:10] [AI] Using cached scan from 2026-05-07 14:00:37 | symbols=GBPUSDm, EURUSDm, XAUUSDm, USDJPYm, EURJPYm
[2026-05-07 17:04:10] [WATCH] Watchlist: GBPUSDm, EURUSDm, XAUUSDm, USDJPYm, EURJPYm
[2026-05-07 17:04:10] [SELECT] Symbol switched: EURJPYm -> GBPUSDm | AI watchlist candidate
[2026-05-07 17:04:10] [SCAN] Analyzing GBPUSDm
[2026-05-07 17:04:10] [SKIP] GBPUSDm same candle 2026-05-07 09:55:00  skip
[2026-05-07 17:04:10] [SELECT] Symbol switched: GBPUSDm -> EURUSDm | AI watchlist candidate
[2026-05-07 17:04:10] [SCAN] Analyzing EURUSDm
[2026-05-07 17:04:11] [SKIP] EURUSDm same candle 2026-05-07 09:55:00  skip
[2026-05-07 17:04:11] [SELECT] Symbol switched: EURUSDm -> XAUUSDm | AI watchlist candidate
[2026-05-07 17:04:11] [SCAN] Analyzing XAUUSDm
[2026-05-07 17:04:12] [SKIP] XAUUSDm same candle 2026-05-07 09:55:00  skip
[2026-05-07 17:04:12] [SELECT] Symbol switched: XAUUSDm -> USDJPYm | AI watchlist candidate
[2026-05-07 17:04:12] [SCAN] Analyzing USDJPYm
[2026-05-07 17:04:13] [SKIP] USDJPYm same candle 2026-05-07 09:55:00  skip
[2026-05-07 17:04:13] [SELECT] Symbol switched: USDJPYm -> EURJPYm | AI watchlist candidate
[2026-05-07 17:04:13] [SCAN] Analyzing EURJPYm
[2026-05-07 17:04:13] [SKIP] EURJPYm same candle 2026-05-07 09:55:00  skip
[2026-05-07 17:04:13] [WAIT] No order this round
[2026-05-07 17:05:13] [AI] Using cached scan from 2026-05-07 14:00:37 | symbols=GBPUSDm, EURUSDm, XAUUSDm, USDJPYm, EURJPYm
[2026-05-07 17:05:13] [WATCH] Watchlist: GBPUSDm, EURUSDm, XAUUSDm, USDJPYm, EURJPYm
[2026-05-07 17:05:13] [SELECT] Symbol switched: EURJPYm -> GBPUSDm | AI watchlist candidate
[2026-05-07 17:05:13] [SCAN] Analyzing GBPUSDm
[2026-05-07 17:05:14] Signal: {'time': Timestamp('2026-05-07 10:00:00'), 'symbol': 'GBPUSDm', 'side': 'NO_TRADE', 'price': 1.36189, 'reason': 'no Donchian breakout'}
[2026-05-07 17:05:14] [SKIP] GBPUSDm NO_TRADE: no Donchian breakout
[2026-05-07 17:05:14] [SELECT] Symbol switched: GBPUSDm -> EURUSDm | AI watchlist candidate
[2026-05-07 17:05:14] [SCAN] Analyzing EURUSDm
[2026-05-07 17:05:15] Signal: {'time': Timestamp('2026-05-07 10:00:00'), 'symbol': 'EURUSDm', 'side': 'NO_TRADE', 'price': 1.17726, 'reason': 'no Donchian breakout'}
[2026-05-07 17:05:15] [SKIP] EURUSDm NO_TRADE: no Donchian breakout
[2026-05-07 17:05:15] [SELECT] Symbol switched: EURUSDm -> XAUUSDm | AI watchlist candidate
[2026-05-07 17:05:15] [SCAN] Analyzing XAUUSDm
[2026-05-07 17:05:16] Signal: {'time': Timestamp('2026-05-07 10:00:00'), 'symbol': 'XAUUSDm', 'side': 'NO_TRADE', 'price': 4729.372, 'reason': 'no Donchian breakout'}
[2026-05-07 17:05:16] [SKIP] XAUUSDm NO_TRADE: no Donchian breakout
[2026-05-07 17:05:16] [SELECT] Symbol switched: XAUUSDm -> USDJPYm | AI watchlist candidate
[2026-05-07 17:05:16] [SCAN] Analyzing USDJPYm
[2026-05-07 17:05:16] Signal: {'time': Timestamp('2026-05-07 10:00:00'), 'symbol': 'USDJPYm', 'side': 'NO_TRADE', 'price': 156.371, 'reason': 'no Donchian breakout'}
[2026-05-07 17:05:16] [SKIP] USDJPYm NO_TRADE: no Donchian breakout
[2026-05-07 17:05:16] [SELECT] Symbol switched: USDJPYm -> EURJPYm | AI watchlist candidate
[2026-05-07 17:05:16] [SCAN] Analyzing EURJPYm
[2026-05-07 17:05:17] Signal: {'time': Timestamp('2026-05-07 10:00:00'), 'symbol': 'EURJPYm', 'side': 'NO_TRADE', 'price': 184.091, 'reason': 'no Donchian breakout'}
[2026-05-07 17:05:17] [SKIP] EURJPYm NO_TRADE: no Donchian breakout
[2026-05-07 17:05:17] [WAIT] No order this round
[2026-05-07 17:06:17] [AI] Using cached scan from 2026-05-07 14:00:37 | symbols=GBPUSDm, EURUSDm, XAUUSDm, USDJPYm, EURJPYm
[2026-05-07 17:06:17] [WATCH] Watchlist: GBPUSDm, EURUSDm, XAUUSDm, USDJPYm, EURJPYm
[2026-05-07 17:06:17] [SELECT] Symbol switched: EURJPYm -> GBPUSDm | AI watchlist candidate
[2026-05-07 17:06:17] [SCAN] Analyzing GBPUSDm
[2026-05-07 17:06:18] [SKIP] GBPUSDm same candle 2026-05-07 10:00:00  skip
[2026-05-07 17:06:18] [SELECT] Symbol switched: GBPUSDm -> EURUSDm | AI watchlist candidate
[2026-05-07 17:06:18] [SCAN] Analyzing EURUSDm
[2026-05-07 17:06:19] [SKIP] EURUSDm same candle 2026-05-07 10:00:00  skip
[2026-05-07 17:06:19] [SELECT] Symbol switched: EURUSDm -> XAUUSDm | AI watchlist candidate
[2026-05-07 17:06:19] [SCAN] Analyzing XAUUSDm
[2026-05-07 17:06:19] [SKIP] XAUUSDm same candle 2026-05-07 10:00:00  skip
[2026-05-07 17:06:19] [SELECT] Symbol switched: XAUUSDm -> USDJPYm | AI watchlist candidate
[2026-05-07 17:06:19] [SCAN] Analyzing USDJPYm
[2026-05-07 17:06:20] [SKIP] USDJPYm same candle 2026-05-07 10:00:00  skip
[2026-05-07 17:06:20] [SELECT] Symbol switched: USDJPYm -> EURJPYm | AI watchlist candidate
[2026-05-07 17:06:20] [SCAN] Analyzing EURJPYm
[2026-05-07 17:06:21] [SKIP] EURJPYm same candle 2026-05-07 10:00:00  skip
[2026-05-07 17:06:21] [WAIT] No order this round
[2026-05-07 17:07:21] [AI] Using cached scan from 2026-05-07 14:00:37 | symbols=GBPUSDm, EURUSDm, XAUUSDm, USDJPYm, EURJPYm
[2026-05-07 17:07:21] [WATCH] Watchlist: GBPUSDm, EURUSDm, XAUUSDm, USDJPYm, EURJPYm
[2026-05-07 17:07:21] [SELECT] Symbol switched: EURJPYm -> GBPUSDm | AI watchlist candidate
[2026-05-07 17:07:21] [SCAN] Analyzing GBPUSDm
[2026-05-07 17:07:21] [SKIP] GBPUSDm same candle 2026-05-07 10:00:00  skip
[2026-05-07 17:07:21] [SELECT] Symbol switched: GBPUSDm -> EURUSDm | AI watchlist candidate
[2026-05-07 17:07:21] [SCAN] Analyzing EURUSDm
[2026-05-07 17:07:22] [SKIP] EURUSDm same candle 2026-05-07 10:00:00  skip
[2026-05-07 17:07:22] [SELECT] Symbol switched: EURUSDm -> XAUUSDm | AI watchlist candidate
[2026-05-07 17:07:22] [SCAN] Analyzing XAUUSDm
[2026-05-07 17:07:23] [SKIP] XAUUSDm same candle 2026-05-07 10:00:00  skip
[2026-05-07 17:07:23] [SELECT] Symbol switched: XAUUSDm -> USDJPYm | AI watchlist candidate
[2026-05-07 17:07:23] [SCAN] Analyzing USDJPYm
[2026-05-07 17:07:24] [SKIP] USDJPYm same candle 2026-05-07 10:00:00  skip
[2026-05-07 17:07:24] [SELECT] Symbol switched: USDJPYm -> EURJPYm | AI watchlist candidate
[2026-05-07 17:07:24] [SCAN] Analyzing EURJPYm
[2026-05-07 17:07:24] [SKIP] EURJPYm same candle 2026-05-07 10:00:00  skip
[2026-05-07 17:07:24] [WAIT] No order this round
[2026-05-07 17:08:24] [AI] Using cached scan from 2026-05-07 14:00:37 | symbols=GBPUSDm, EURUSDm, XAUUSDm, USDJPYm, EURJPYm
[2026-05-07 17:08:24] [WATCH] Watchlist: GBPUSDm, EURUSDm, XAUUSDm, USDJPYm, EURJPYm
[2026-05-07 17:08:24] [SELECT] Symbol switched: EURJPYm -> GBPUSDm | AI watchlist candidate
[2026-05-07 17:08:24] [SCAN] Analyzing GBPUSDm
[2026-05-07 17:08:25] [SKIP] GBPUSDm same candle 2026-05-07 10:00:00  skip
[2026-05-07 17:08:25] [SELECT] Symbol switched: GBPUSDm -> EURUSDm | AI watchlist candidate
[2026-05-07 17:08:25] [SCAN] Analyzing EURUSDm
[2026-05-07 17:08:26] [SKIP] EURUSDm same candle 2026-05-07 10:00:00  skip
[2026-05-07 17:08:26] [SELECT] Symbol switched: EURUSDm -> XAUUSDm | AI watchlist candidate
[2026-05-07 17:08:26] [SCAN] Analyzing XAUUSDm
[2026-05-07 17:08:27] [SKIP] XAUUSDm same candle 2026-05-07 10:00:00  skip
[2026-05-07 17:08:27] [SELECT] Symbol switched: XAUUSDm -> USDJPYm | AI watchlist candidate
[2026-05-07 17:08:27] [SCAN] Analyzing USDJPYm
[2026-05-07 17:08:27] [SKIP] USDJPYm same candle 2026-05-07 10:00:00  skip
[2026-05-07 17:08:27] [SELECT] Symbol switched: USDJPYm -> EURJPYm | AI watchlist candidate
[2026-05-07 17:08:27] [SCAN] Analyzing EURJPYm
[2026-05-07 17:08:28] [SKIP] EURJPYm same candle 2026-05-07 10:00:00  skip
[2026-05-07 17:08:28] [WAIT] No order this round
[2026-05-07 17:09:28] [AI] Using cached scan from 2026-05-07 14:00:37 | symbols=GBPUSDm, EURUSDm, XAUUSDm, USDJPYm, EURJPYm
[2026-05-07 17:09:28] [WATCH] Watchlist: GBPUSDm, EURUSDm, XAUUSDm, USDJPYm, EURJPYm
[2026-05-07 17:09:28] [SELECT] Symbol switched: EURJPYm -> GBPUSDm | AI watchlist candidate
[2026-05-07 17:09:28] [SCAN] Analyzing GBPUSDm
[2026-05-07 17:09:29] [SKIP] GBPUSDm same candle 2026-05-07 10:00:00  skip
[2026-05-07 17:09:29] [SELECT] Symbol switched: GBPUSDm -> EURUSDm | AI watchlist candidate
[2026-05-07 17:09:29] [SCAN] Analyzing EURUSDm
[2026-05-07 17:09:29] [SKIP] EURUSDm same candle 2026-05-07 10:00:00  skip
[2026-05-07 17:09:29] [SELECT] Symbol switched: EURUSDm -> XAUUSDm | AI watchlist candidate
[2026-05-07 17:09:29] [SCAN] Analyzing XAUUSDm
[2026-05-07 17:09:30] [SKIP] XAUUSDm same candle 2026-05-07 10:00:00  skip
[2026-05-07 17:09:30] [SELECT] Symbol switched: XAUUSDm -> USDJPYm | AI watchlist candidate
[2026-05-07 17:09:30] [SCAN] Analyzing USDJPYm
[2026-05-07 17:09:31] [SKIP] USDJPYm same candle 2026-05-07 10:00:00  skip
[2026-05-07 17:09:31] [SELECT] Symbol switched: USDJPYm -> EURJPYm | AI watchlist candidate
[2026-05-07 17:09:31] [SCAN] Analyzing EURJPYm
[2026-05-07 17:09:32] [SKIP] EURJPYm same candle 2026-05-07 10:00:00  skip
[2026-05-07 17:09:32] [WAIT] No order this round
[2026-05-07 17:10:32] [AI] Using cached scan from 2026-05-07 14:00:37 | symbols=GBPUSDm, EURUSDm, XAUUSDm, USDJPYm, EURJPYm
[2026-05-07 17:10:32] [WATCH] Watchlist: GBPUSDm, EURUSDm, XAUUSDm, USDJPYm, EURJPYm
[2026-05-07 17:10:32] [SELECT] Symbol switched: EURJPYm -> GBPUSDm | AI watchlist candidate
[2026-05-07 17:10:32] [SCAN] Analyzing GBPUSDm
[2026-05-07 17:10:32] Signal: {'time': Timestamp('2026-05-07 10:05:00'), 'symbol': 'GBPUSDm', 'side': 'NO_TRADE', 'price': 1.36225, 'reason': 'no Donchian breakout'}
[2026-05-07 17:10:32] [SKIP] GBPUSDm NO_TRADE: no Donchian breakout
[2026-05-07 17:10:32] [SELECT] Symbol switched: GBPUSDm -> EURUSDm | AI watchlist candidate
[2026-05-07 17:10:32] [SCAN] Analyzing EURUSDm
[2026-05-07 17:10:33] Signal: {'time': Timestamp('2026-05-07 10:05:00'), 'symbol': 'EURUSDm', 'side': 'NO_TRADE', 'price': 1.17754, 'reason': 'no Donchian breakout'}
[2026-05-07 17:10:33] [SKIP] EURUSDm NO_TRADE: no Donchian breakout
[2026-05-07 17:10:33] [SELECT] Symbol switched: EURUSDm -> XAUUSDm | AI watchlist candidate
[2026-05-07 17:10:33] [SCAN] Analyzing XAUUSDm
[2026-05-07 17:10:34] Signal: {'time': Timestamp('2026-05-07 10:05:00'), 'symbol': 'XAUUSDm', 'side': 'NO_TRADE', 'price': 4733.016, 'reason': 'no Donchian breakout'}
[2026-05-07 17:10:34] [SKIP] XAUUSDm NO_TRADE: no Donchian breakout
[2026-05-07 17:10:34] [SELECT] Symbol switched: XAUUSDm -> USDJPYm | AI watchlist candidate
[2026-05-07 17:10:34] [SCAN] Analyzing USDJPYm
[2026-05-07 17:10:35] Signal: {'time': Timestamp('2026-05-07 10:05:00'), 'symbol': 'USDJPYm', 'side': 'NO_TRADE', 'price': 156.358, 'reason': 'no Donchian breakout'}
[2026-05-07 17:10:35] [SKIP] USDJPYm NO_TRADE: no Donchian breakout
[2026-05-07 17:10:35] [SELECT] Symbol switched: USDJPYm -> EURJPYm | AI watchlist candidate
[2026-05-07 17:10:35] [SCAN] Analyzing EURJPYm
[2026-05-07 17:10:35] Signal: {'time': Timestamp('2026-05-07 10:05:00'), 'symbol': 'EURJPYm', 'side': 'NO_TRADE', 'price': 184.125, 'reason': 'no Donchian breakout'}
[2026-05-07 17:10:35] [SKIP] EURJPYm NO_TRADE: no Donchian breakout
[2026-05-07 17:10:35] [WAIT] No order this round
[2026-05-07 17:11:35] [AI] Using cached scan from 2026-05-07 14:00:37 | symbols=GBPUSDm, EURUSDm, XAUUSDm, USDJPYm, EURJPYm
[2026-05-07 17:11:35] [WATCH] Watchlist: GBPUSDm, EURUSDm, XAUUSDm, USDJPYm, EURJPYm
[2026-05-07 17:11:35] [SELECT] Symbol switched: EURJPYm -> GBPUSDm | AI watchlist candidate
[2026-05-07 17:11:35] [SCAN] Analyzing GBPUSDm
[2026-05-07 17:11:36] [SKIP] GBPUSDm same candle 2026-05-07 10:05:00  skip
[2026-05-07 17:11:36] [SELECT] Symbol switched: GBPUSDm -> EURUSDm | AI watchlist candidate
[2026-05-07 17:11:36] [SCAN] Analyzing EURUSDm
[2026-05-07 17:11:37] [SKIP] EURUSDm same candle 2026-05-07 10:05:00  skip
[2026-05-07 17:11:37] [SELECT] Symbol switched: EURUSDm -> XAUUSDm | AI watchlist candidate
[2026-05-07 17:11:37] [SCAN] Analyzing XAUUSDm
[2026-05-07 17:11:37] [SKIP] XAUUSDm same candle 2026-05-07 10:05:00  skip
[2026-05-07 17:11:37] [SELECT] Symbol switched: XAUUSDm -> USDJPYm | AI watchlist candidate
[2026-05-07 17:11:37] [SCAN] Analyzing USDJPYm
[2026-05-07 17:11:38] [SKIP] USDJPYm same candle 2026-05-07 10:05:00  skip
[2026-05-07 17:11:38] [SELECT] Symbol switched: USDJPYm -> EURJPYm | AI watchlist candidate
[2026-05-07 17:11:38] [SCAN] Analyzing EURJPYm
[2026-05-07 17:11:39] [SKIP] EURJPYm same candle 2026-05-07 10:05:00  skip
[2026-05-07 17:11:39] [WAIT] No order this round
[2026-05-07 17:12:39] [AI] Using cached scan from 2026-05-07 14:00:37 | symbols=GBPUSDm, EURUSDm, XAUUSDm, USDJPYm, EURJPYm
[2026-05-07 17:12:39] [WATCH] Watchlist: GBPUSDm, EURUSDm, XAUUSDm, USDJPYm, EURJPYm
[2026-05-07 17:12:39] [SELECT] Symbol switched: EURJPYm -> GBPUSDm | AI watchlist candidate
[2026-05-07 17:12:39] [SCAN] Analyzing GBPUSDm
[2026-05-07 17:12:40] [SKIP] GBPUSDm same candle 2026-05-07 10:05:00  skip
[2026-05-07 17:12:40] [SELECT] Symbol switched: GBPUSDm -> EURUSDm | AI watchlist candidate
[2026-05-07 17:12:40] [SCAN] Analyzing EURUSDm
[2026-05-07 17:12:40] [SKIP] EURUSDm same candle 2026-05-07 10:05:00  skip
[2026-05-07 17:12:40] [SELECT] Symbol switched: EURUSDm -> XAUUSDm | AI watchlist candidate
[2026-05-07 17:12:40] [SCAN] Analyzing XAUUSDm
[2026-05-07 17:12:41] [SKIP] XAUUSDm same candle 2026-05-07 10:05:00  skip
[2026-05-07 17:12:41] [SELECT] Symbol switched: XAUUSDm -> USDJPYm | AI watchlist candidate
[2026-05-07 17:12:41] [SCAN] Analyzing USDJPYm
[2026-05-07 17:12:42] [SKIP] USDJPYm same candle 2026-05-07 10:05:00  skip
[2026-05-07 17:12:42] [SELECT] Symbol switched: USDJPYm -> EURJPYm | AI watchlist candidate
[2026-05-07 17:12:42] [SCAN] Analyzing EURJPYm
[2026-05-07 17:12:42] [SKIP] EURJPYm same candle 2026-05-07 10:05:00  skip
[2026-05-07 17:12:42] [WAIT] No order this round
[2026-05-07 17:13:42] [AI] Using cached scan from 2026-05-07 14:00:37 | symbols=GBPUSDm, EURUSDm, XAUUSDm, USDJPYm, EURJPYm
[2026-05-07 17:13:42] [WATCH] Watchlist: GBPUSDm, EURUSDm, XAUUSDm, USDJPYm, EURJPYm
[2026-05-07 17:13:42] [SELECT] Symbol switched: EURJPYm -> GBPUSDm | AI watchlist candidate
[2026-05-07 17:13:42] [SCAN] Analyzing GBPUSDm
[2026-05-07 17:13:43] [SKIP] GBPUSDm same candle 2026-05-07 10:05:00  skip
[2026-05-07 17:13:43] [SELECT] Symbol switched: GBPUSDm -> EURUSDm | AI watchlist candidate
[2026-05-07 17:13:43] [SCAN] Analyzing EURUSDm
[2026-05-07 17:13:44] [SKIP] EURUSDm same candle 2026-05-07 10:05:00  skip
[2026-05-07 17:13:44] [SELECT] Symbol switched: EURUSDm -> XAUUSDm | AI watchlist candidate
[2026-05-07 17:13:44] [SCAN] Analyzing XAUUSDm
[2026-05-07 17:13:45] [SKIP] XAUUSDm same candle 2026-05-07 10:05:00  skip
[2026-05-07 17:13:45] [SELECT] Symbol switched: XAUUSDm -> USDJPYm | AI watchlist candidate
[2026-05-07 17:13:45] [SCAN] Analyzing USDJPYm
[2026-05-07 17:13:45] [SKIP] USDJPYm same candle 2026-05-07 10:05:00  skip
[2026-05-07 17:13:45] [SELECT] Symbol switched: USDJPYm -> EURJPYm | AI watchlist candidate
[2026-05-07 17:13:45] [SCAN] Analyzing EURJPYm
[2026-05-07 17:13:46] [SKIP] EURJPYm same candle 2026-05-07 10:05:00  skip
[2026-05-07 17:13:46] [WAIT] No order this round
[2026-05-07 17:14:46] [AI] Using cached scan from 2026-05-07 14:00:37 | symbols=GBPUSDm, EURUSDm, XAUUSDm, USDJPYm, EURJPYm
[2026-05-07 17:14:46] [WATCH] Watchlist: GBPUSDm, EURUSDm, XAUUSDm, USDJPYm, EURJPYm
[2026-05-07 17:14:46] [SELECT] Symbol switched: EURJPYm -> GBPUSDm | AI watchlist candidate
[2026-05-07 17:14:46] [SCAN] Analyzing GBPUSDm
[2026-05-07 17:14:47] [SKIP] GBPUSDm same candle 2026-05-07 10:05:00  skip
[2026-05-07 17:14:47] [SELECT] Symbol switched: GBPUSDm -> EURUSDm | AI watchlist candidate
[2026-05-07 17:14:47] [SCAN] Analyzing EURUSDm
[2026-05-07 17:14:48] [SKIP] EURUSDm same candle 2026-05-07 10:05:00  skip
[2026-05-07 17:14:48] [SELECT] Symbol switched: EURUSDm -> XAUUSDm | AI watchlist candidate
[2026-05-07 17:14:48] [SCAN] Analyzing XAUUSDm
[2026-05-07 17:14:48] [SKIP] XAUUSDm same candle 2026-05-07 10:05:00  skip
[2026-05-07 17:14:48] [SELECT] Symbol switched: XAUUSDm -> USDJPYm | AI watchlist candidate
[2026-05-07 17:14:48] [SCAN] Analyzing USDJPYm
[2026-05-07 17:14:49] [SKIP] USDJPYm same candle 2026-05-07 10:05:00  skip
[2026-05-07 17:14:49] [SELECT] Symbol switched: USDJPYm -> EURJPYm | AI watchlist candidate
[2026-05-07 17:14:49] [SCAN] Analyzing EURJPYm
[2026-05-07 17:14:50] [SKIP] EURJPYm same candle 2026-05-07 10:05:00  skip
[2026-05-07 17:14:50] [WAIT] No order this round
[2026-05-07 17:15:50] [AI] Using cached scan from 2026-05-07 14:00:37 | symbols=GBPUSDm, EURUSDm, XAUUSDm, USDJPYm, EURJPYm
[2026-05-07 17:15:50] [WATCH] Watchlist: GBPUSDm, EURUSDm, XAUUSDm, USDJPYm, EURJPYm
[2026-05-07 17:15:50] [SELECT] Symbol switched: EURJPYm -> GBPUSDm | AI watchlist candidate
[2026-05-07 17:15:50] [SCAN] Analyzing GBPUSDm
[2026-05-07 17:15:50] Signal: {'time': Timestamp('2026-05-07 10:10:00'), 'symbol': 'GBPUSDm', 'side': 'NO_TRADE', 'price': 1.36233, 'reason': 'no Donchian breakout'}
[2026-05-07 17:15:50] [SKIP] GBPUSDm NO_TRADE: no Donchian breakout
[2026-05-07 17:15:50] [SELECT] Symbol switched: GBPUSDm -> EURUSDm | AI watchlist candidate
[2026-05-07 17:15:50] [SCAN] Analyzing EURUSDm
[2026-05-07 17:15:51] Signal: {'time': Timestamp('2026-05-07 10:10:00'), 'symbol': 'EURUSDm', 'side': 'NO_TRADE', 'price': 1.17749, 'reason': 'no Donchian breakout'}
[2026-05-07 17:15:51] [SKIP] EURUSDm NO_TRADE: no Donchian breakout
[2026-05-07 17:15:51] [SELECT] Symbol switched: EURUSDm -> XAUUSDm | AI watchlist candidate
[2026-05-07 17:15:51] [SCAN] Analyzing XAUUSDm
[2026-05-07 17:15:52] Signal: {'time': Timestamp('2026-05-07 10:10:00'), 'symbol': 'XAUUSDm', 'side': 'NO_TRADE', 'price': 4734.542, 'reason': 'no Donchian breakout'}
[2026-05-07 17:15:52] [SKIP] XAUUSDm NO_TRADE: no Donchian breakout
[2026-05-07 17:15:52] [SELECT] Symbol switched: XAUUSDm -> USDJPYm | AI watchlist candidate
[2026-05-07 17:15:52] [SCAN] Analyzing USDJPYm
[2026-05-07 17:15:53] Signal: {'time': Timestamp('2026-05-07 10:10:00'), 'symbol': 'USDJPYm', 'side': 'NO_TRADE', 'price': 156.382, 'reason': 'no Donchian breakout'}
[2026-05-07 17:15:53] [SKIP] USDJPYm NO_TRADE: no Donchian breakout
[2026-05-07 17:15:53] [SELECT] Symbol switched: USDJPYm -> EURJPYm | AI watchlist candidate
[2026-05-07 17:15:53] [SCAN] Analyzing EURJPYm
[2026-05-07 17:15:54] Signal: {'time': Timestamp('2026-05-07 10:10:00'), 'symbol': 'EURJPYm', 'side': 'NO_TRADE', 'price': 184.142, 'reason': 'no Donchian breakout'}
[2026-05-07 17:15:54] [SKIP] EURJPYm NO_TRADE: no Donchian breakout
[2026-05-07 17:15:54] [WAIT] No order this round
[2026-05-07 17:16:54] [AI] Using cached scan from 2026-05-07 14:00:37 | symbols=GBPUSDm, EURUSDm, XAUUSDm, USDJPYm, EURJPYm
[2026-05-07 17:16:54] [WATCH] Watchlist: GBPUSDm, EURUSDm, XAUUSDm, USDJPYm, EURJPYm
[2026-05-07 17:16:54] [SELECT] Symbol switched: EURJPYm -> GBPUSDm | AI watchlist candidate
[2026-05-07 17:16:54] [SCAN] Analyzing GBPUSDm
[2026-05-07 17:16:54] [SKIP] GBPUSDm same candle 2026-05-07 10:10:00  skip
[2026-05-07 17:16:54] [SELECT] Symbol switched: GBPUSDm -> EURUSDm | AI watchlist candidate
[2026-05-07 17:16:54] [SCAN] Analyzing EURUSDm
[2026-05-07 17:16:55] [SKIP] EURUSDm same candle 2026-05-07 10:10:00  skip
[2026-05-07 17:16:55] [SELECT] Symbol switched: EURUSDm -> XAUUSDm | AI watchlist candidate
[2026-05-07 17:16:55] [SCAN] Analyzing XAUUSDm
[2026-05-07 17:16:56] [SKIP] XAUUSDm same candle 2026-05-07 10:10:00  skip
[2026-05-07 17:16:56] [SELECT] Symbol switched: XAUUSDm -> USDJPYm | AI watchlist candidate
[2026-05-07 17:16:56] [SCAN] Analyzing USDJPYm
[2026-05-07 17:16:56] [SKIP] USDJPYm same candle 2026-05-07 10:10:00  skip
[2026-05-07 17:16:56] [SELECT] Symbol switched: USDJPYm -> EURJPYm | AI watchlist candidate
[2026-05-07 17:16:56] [SCAN] Analyzing EURJPYm
[2026-05-07 17:16:57] [SKIP] EURJPYm same candle 2026-05-07 10:10:00  skip
[2026-05-07 17:16:57] [WAIT] No order this round
[2026-05-07 17:17:57] [AI] Using cached scan from 2026-05-07 14:00:37 | symbols=GBPUSDm, EURUSDm, XAUUSDm, USDJPYm, EURJPYm
[2026-05-07 17:17:57] [WATCH] Watchlist: GBPUSDm, EURUSDm, XAUUSDm, USDJPYm, EURJPYm
[2026-05-07 17:17:57] [SELECT] Symbol switched: EURJPYm -> GBPUSDm | AI watchlist candidate
[2026-05-07 17:17:57] [SCAN] Analyzing GBPUSDm
[2026-05-07 17:17:58] [SKIP] GBPUSDm same candle 2026-05-07 10:10:00  skip
[2026-05-07 17:17:58] [SELECT] Symbol switched: GBPUSDm -> EURUSDm | AI watchlist candidate
[2026-05-07 17:17:58] [SCAN] Analyzing EURUSDm
[2026-05-07 17:17:59] [SKIP] EURUSDm same candle 2026-05-07 10:10:00  skip
[2026-05-07 17:17:59] [SELECT] Symbol switched: EURUSDm -> XAUUSDm | AI watchlist candidate
[2026-05-07 17:17:59] [SCAN] Analyzing XAUUSDm
[2026-05-07 17:17:59] [SKIP] XAUUSDm same candle 2026-05-07 10:10:00  skip
[2026-05-07 17:17:59] [SELECT] Symbol switched: XAUUSDm -> USDJPYm | AI watchlist candidate
[2026-05-07 17:17:59] [SCAN] Analyzing USDJPYm
[2026-05-07 17:18:00] [SKIP] USDJPYm same candle 2026-05-07 10:10:00  skip
[2026-05-07 17:18:00] [SELECT] Symbol switched: USDJPYm -> EURJPYm | AI watchlist candidate
[2026-05-07 17:18:00] [SCAN] Analyzing EURJPYm
[2026-05-07 17:18:01] [SKIP] EURJPYm same candle 2026-05-07 10:10:00  skip
[2026-05-07 17:18:01] [WAIT] No order this round
[2026-05-07 17:19:01] [AI] Using cached scan from 2026-05-07 14:00:37 | symbols=GBPUSDm, EURUSDm, XAUUSDm, USDJPYm, EURJPYm
[2026-05-07 17:19:01] [WATCH] Watchlist: GBPUSDm, EURUSDm, XAUUSDm, USDJPYm, EURJPYm
[2026-05-07 17:19:01] [SELECT] Symbol switched: EURJPYm -> GBPUSDm | AI watchlist candidate
[2026-05-07 17:19:01] [SCAN] Analyzing GBPUSDm
[2026-05-07 17:19:02] [SKIP] GBPUSDm same candle 2026-05-07 10:10:00  skip
[2026-05-07 17:19:02] [SELECT] Symbol switched: GBPUSDm -> EURUSDm | AI watchlist candidate
[2026-05-07 17:19:02] [SCAN] Analyzing EURUSDm
[2026-05-07 17:19:02] [SKIP] EURUSDm same candle 2026-05-07 10:10:00  skip
[2026-05-07 17:19:02] [SELECT] Symbol switched: EURUSDm -> XAUUSDm | AI watchlist candidate
[2026-05-07 17:19:02] [SCAN] Analyzing XAUUSDm
[2026-05-07 17:19:03] [SKIP] XAUUSDm same candle 2026-05-07 10:10:00  skip
[2026-05-07 17:19:03] [SELECT] Symbol switched: XAUUSDm -> USDJPYm | AI watchlist candidate
[2026-05-07 17:19:03] [SCAN] Analyzing USDJPYm
[2026-05-07 17:19:04] [SKIP] USDJPYm same candle 2026-05-07 10:10:00  skip
[2026-05-07 17:19:04] [SELECT] Symbol switched: USDJPYm -> EURJPYm | AI watchlist candidate
[2026-05-07 17:19:04] [SCAN] Analyzing EURJPYm
[2026-05-07 17:19:04] [SKIP] EURJPYm same candle 2026-05-07 10:10:00  skip
[2026-05-07 17:19:04] [WAIT] No order this round
[2026-05-07 17:20:04] [AI] Using cached scan from 2026-05-07 14:00:37 | symbols=GBPUSDm, EURUSDm, XAUUSDm, USDJPYm, EURJPYm
[2026-05-07 17:20:04] [WATCH] Watchlist: GBPUSDm, EURUSDm, XAUUSDm, USDJPYm, EURJPYm
[2026-05-07 17:20:04] [SELECT] Symbol switched: EURJPYm -> GBPUSDm | AI watchlist candidate
[2026-05-07 17:20:04] [SCAN] Analyzing GBPUSDm
[2026-05-07 17:20:05] Signal: {'time': Timestamp('2026-05-07 10:15:00'), 'symbol': 'GBPUSDm', 'side': 'NO_TRADE', 'price': 1.36269, 'reason': 'side blocked allowed=BOTH got=BUY'}
[2026-05-07 17:20:05] [SKIP] GBPUSDm NO_TRADE: side blocked allowed=BOTH got=BUY
[2026-05-07 17:20:05] [SELECT] Symbol switched: GBPUSDm -> EURUSDm | AI watchlist candidate
[2026-05-07 17:20:05] [SCAN] Analyzing EURUSDm
[2026-05-07 17:20:06] Signal: {'time': Timestamp('2026-05-07 10:15:00'), 'symbol': 'EURUSDm', 'side': 'NO_TRADE', 'price': 1.1773500000000001, 'reason': 'no Donchian breakout'}
[2026-05-07 17:20:06] [SKIP] EURUSDm NO_TRADE: no Donchian breakout
[2026-05-07 17:20:06] [SELECT] Symbol switched: EURUSDm -> XAUUSDm | AI watchlist candidate
[2026-05-07 17:20:06] [SCAN] Analyzing XAUUSDm
[2026-05-07 17:20:07] Signal: {'time': Timestamp('2026-05-07 10:15:00'), 'symbol': 'XAUUSDm', 'side': 'NO_TRADE', 'price': 4731.141, 'reason': 'no Donchian breakout'}
[2026-05-07 17:20:07] [SKIP] XAUUSDm NO_TRADE: no Donchian breakout
[2026-05-07 17:20:07] [SELECT] Symbol switched: XAUUSDm -> USDJPYm | AI watchlist candidate
[2026-05-07 17:20:07] [SCAN] Analyzing USDJPYm
[2026-05-07 17:20:07] Signal: {'time': Timestamp('2026-05-07 10:15:00'), 'symbol': 'USDJPYm', 'side': 'NO_TRADE', 'price': 156.38, 'reason': 'no Donchian breakout'}
[2026-05-07 17:20:07] [SKIP] USDJPYm NO_TRADE: no Donchian breakout
[2026-05-07 17:20:07] [SELECT] Symbol switched: USDJPYm -> EURJPYm | AI watchlist candidate
[2026-05-07 17:20:07] [SCAN] Analyzing EURJPYm
[2026-05-07 17:20:08] Signal: {'time': Timestamp('2026-05-07 10:15:00'), 'symbol': 'EURJPYm', 'side': 'NO_TRADE', 'price': 184.117, 'reason': 'no Donchian breakout'}
[2026-05-07 17:20:08] [SKIP] EURJPYm NO_TRADE: no Donchian breakout
[2026-05-07 17:20:08] [WAIT] No order this round
[2026-05-07 17:21:08] [AI] Using cached scan from 2026-05-07 14:00:37 | symbols=GBPUSDm, EURUSDm, XAUUSDm, USDJPYm, EURJPYm
[2026-05-07 17:21:08] [WATCH] Watchlist: GBPUSDm, EURUSDm, XAUUSDm, USDJPYm, EURJPYm
[2026-05-07 17:21:08] [SELECT] Symbol switched: EURJPYm -> GBPUSDm | AI watchlist candidate
[2026-05-07 17:21:08] [SCAN] Analyzing GBPUSDm
[2026-05-07 17:21:09] [SKIP] GBPUSDm same candle 2026-05-07 10:15:00  skip
[2026-05-07 17:21:09] [SELECT] Symbol switched: GBPUSDm -> EURUSDm | AI watchlist candidate
[2026-05-07 17:21:09] [SCAN] Analyzing EURUSDm
[2026-05-07 17:21:10] [SKIP] EURUSDm same candle 2026-05-07 10:15:00  skip
[2026-05-07 17:21:10] [SELECT] Symbol switched: EURUSDm -> XAUUSDm | AI watchlist candidate
[2026-05-07 17:21:10] [SCAN] Analyzing XAUUSDm
[2026-05-07 17:21:10] [SKIP] XAUUSDm same candle 2026-05-07 10:15:00  skip
[2026-05-07 17:21:10] [SELECT] Symbol switched: XAUUSDm -> USDJPYm | AI watchlist candidate
[2026-05-07 17:21:10] [SCAN] Analyzing USDJPYm
[2026-05-07 17:21:11] [SKIP] USDJPYm same candle 2026-05-07 10:15:00  skip
[2026-05-07 17:21:11] [SELECT] Symbol switched: USDJPYm -> EURJPYm | AI watchlist candidate
[2026-05-07 17:21:11] [SCAN] Analyzing EURJPYm
[2026-05-07 17:21:12] [SKIP] EURJPYm same candle 2026-05-07 10:15:00  skip
[2026-05-07 17:21:12] [WAIT] No order this round
[2026-05-07 17:22:12] [AI] Using cached scan from 2026-05-07 14:00:37 | symbols=GBPUSDm, EURUSDm, XAUUSDm, USDJPYm, EURJPYm
[2026-05-07 17:22:12] [WATCH] Watchlist: GBPUSDm, EURUSDm, XAUUSDm, USDJPYm, EURJPYm
[2026-05-07 17:22:12] [SELECT] Symbol switched: EURJPYm -> GBPUSDm | AI watchlist candidate
[2026-05-07 17:22:12] [SCAN] Analyzing GBPUSDm
[2026-05-07 17:22:12] [SKIP] GBPUSDm same candle 2026-05-07 10:15:00  skip
[2026-05-07 17:22:12] [SELECT] Symbol switched: GBPUSDm -> EURUSDm | AI watchlist candidate
[2026-05-07 17:22:12] [SCAN] Analyzing EURUSDm
[2026-05-07 17:22:13] [SKIP] EURUSDm same candle 2026-05-07 10:15:00  skip
[2026-05-07 17:22:13] [SELECT] Symbol switched: EURUSDm -> XAUUSDm | AI watchlist candidate
[2026-05-07 17:22:13] [SCAN] Analyzing XAUUSDm
[2026-05-07 17:22:14] [SKIP] XAUUSDm same candle 2026-05-07 10:15:00  skip
[2026-05-07 17:22:14] [SELECT] Symbol switched: XAUUSDm -> USDJPYm | AI watchlist candidate
[2026-05-07 17:22:14] [SCAN] Analyzing USDJPYm
[2026-05-07 17:22:15] [SKIP] USDJPYm same candle 2026-05-07 10:15:00  skip
[2026-05-07 17:22:15] [SELECT] Symbol switched: USDJPYm -> EURJPYm | AI watchlist candidate
[2026-05-07 17:22:15] [SCAN] Analyzing EURJPYm
[2026-05-07 17:22:15] [SKIP] EURJPYm same candle 2026-05-07 10:15:00  skip
[2026-05-07 17:22:15] [WAIT] No order this round
[2026-05-07 17:23:15] [AI] Using cached scan from 2026-05-07 14:00:37 | symbols=GBPUSDm, EURUSDm, XAUUSDm, USDJPYm, EURJPYm
[2026-05-07 17:23:15] [WATCH] Watchlist: GBPUSDm, EURUSDm, XAUUSDm, USDJPYm, EURJPYm
[2026-05-07 17:23:15] [SELECT] Symbol switched: EURJPYm -> GBPUSDm | AI watchlist candidate
[2026-05-07 17:23:15] [SCAN] Analyzing GBPUSDm
[2026-05-07 17:23:16] [SKIP] GBPUSDm same candle 2026-05-07 10:15:00  skip
[2026-05-07 17:23:16] [SELECT] Symbol switched: GBPUSDm -> EURUSDm | AI watchlist candidate
[2026-05-07 17:23:16] [SCAN] Analyzing EURUSDm
[2026-05-07 17:23:17] [SKIP] EURUSDm same candle 2026-05-07 10:15:00  skip
[2026-05-07 17:23:17] [SELECT] Symbol switched: EURUSDm -> XAUUSDm | AI watchlist candidate
[2026-05-07 17:23:17] [SCAN] Analyzing XAUUSDm
[2026-05-07 17:23:18] [SKIP] XAUUSDm same candle 2026-05-07 10:15:00  skip
[2026-05-07 17:23:18] [SELECT] Symbol switched: XAUUSDm -> USDJPYm | AI watchlist candidate
[2026-05-07 17:23:18] [SCAN] Analyzing USDJPYm
[2026-05-07 17:23:18] [SKIP] USDJPYm same candle 2026-05-07 10:15:00  skip
[2026-05-07 17:23:18] [SELECT] Symbol switched: USDJPYm -> EURJPYm | AI watchlist candidate
[2026-05-07 17:23:18] [SCAN] Analyzing EURJPYm
[2026-05-07 17:23:19] [SKIP] EURJPYm same candle 2026-05-07 10:15:00  skip
[2026-05-07 17:23:19] [WAIT] No order this round
[2026-05-07 17:24:19] [AI] Using cached scan from 2026-05-07 14:00:37 | symbols=GBPUSDm, EURUSDm, XAUUSDm, USDJPYm, EURJPYm
[2026-05-07 17:24:19] [WATCH] Watchlist: GBPUSDm, EURUSDm, XAUUSDm, USDJPYm, EURJPYm
[2026-05-07 17:24:19] [SELECT] Symbol switched: EURJPYm -> GBPUSDm | AI watchlist candidate
[2026-05-07 17:24:19] [SCAN] Analyzing GBPUSDm
[2026-05-07 17:24:20] [SKIP] GBPUSDm same candle 2026-05-07 10:15:00  skip
[2026-05-07 17:24:20] [SELECT] Symbol switched: GBPUSDm -> EURUSDm | AI watchlist candidate
[2026-05-07 17:24:20] [SCAN] Analyzing EURUSDm
[2026-05-07 17:24:20] [SKIP] EURUSDm same candle 2026-05-07 10:15:00  skip
[2026-05-07 17:24:20] [SELECT] Symbol switched: EURUSDm -> XAUUSDm | AI watchlist candidate
[2026-05-07 17:24:20] [SCAN] Analyzing XAUUSDm
[2026-05-07 17:24:21] [SKIP] XAUUSDm same candle 2026-05-07 10:15:00  skip
[2026-05-07 17:24:21] [SELECT] Symbol switched: XAUUSDm -> USDJPYm | AI watchlist candidate
[2026-05-07 17:24:21] [SCAN] Analyzing USDJPYm
[2026-05-07 17:24:22] [SKIP] USDJPYm same candle 2026-05-07 10:15:00  skip
[2026-05-07 17:24:22] [SELECT] Symbol switched: USDJPYm -> EURJPYm | AI watchlist candidate
[2026-05-07 17:24:22] [SCAN] Analyzing EURJPYm
[2026-05-07 17:24:23] [SKIP] EURJPYm same candle 2026-05-07 10:15:00  skip
[2026-05-07 17:24:23] [WAIT] No order this round
[2026-05-07 17:25:23] [AI] Using cached scan from 2026-05-07 14:00:37 | symbols=GBPUSDm, EURUSDm, XAUUSDm, USDJPYm, EURJPYm
[2026-05-07 17:25:23] [WATCH] Watchlist: GBPUSDm, EURUSDm, XAUUSDm, USDJPYm, EURJPYm
[2026-05-07 17:25:23] [SELECT] Symbol switched: EURJPYm -> GBPUSDm | AI watchlist candidate
[2026-05-07 17:25:23] [SCAN] Analyzing GBPUSDm
[2026-05-07 17:25:23] Signal: {'time': Timestamp('2026-05-07 10:20:00'), 'symbol': 'GBPUSDm', 'side': 'NO_TRADE', 'price': 1.3627, 'reason': 'no Donchian breakout'}
[2026-05-07 17:25:23] [SKIP] GBPUSDm NO_TRADE: no Donchian breakout
[2026-05-07 17:25:23] [SELECT] Symbol switched: GBPUSDm -> EURUSDm | AI watchlist candidate
[2026-05-07 17:25:23] [SCAN] Analyzing EURUSDm
[2026-05-07 17:25:24] Signal: {'time': Timestamp('2026-05-07 10:20:00'), 'symbol': 'EURUSDm', 'side': 'NO_TRADE', 'price': 1.1774499999999999, 'reason': 'no Donchian breakout'}
[2026-05-07 17:25:24] [SKIP] EURUSDm NO_TRADE: no Donchian breakout
[2026-05-07 17:25:24] [SELECT] Symbol switched: EURUSDm -> XAUUSDm | AI watchlist candidate
[2026-05-07 17:25:24] [SCAN] Analyzing XAUUSDm
[2026-05-07 17:25:25] Signal: {'time': Timestamp('2026-05-07 10:20:00'), 'symbol': 'XAUUSDm', 'side': 'NO_TRADE', 'price': 4732.522, 'reason': 'no Donchian breakout'}
[2026-05-07 17:25:25] [SKIP] XAUUSDm NO_TRADE: no Donchian breakout
[2026-05-07 17:25:25] [SELECT] Symbol switched: XAUUSDm -> USDJPYm | AI watchlist candidate
[2026-05-07 17:25:25] [SCAN] Analyzing USDJPYm
[2026-05-07 17:25:26] Signal: {'time': Timestamp('2026-05-07 10:20:00'), 'symbol': 'USDJPYm', 'side': 'NO_TRADE', 'price': 156.35, 'reason': 'no Donchian breakout'}
[2026-05-07 17:25:26] [SKIP] USDJPYm NO_TRADE: no Donchian breakout
[2026-05-07 17:25:26] [SELECT] Symbol switched: USDJPYm -> EURJPYm | AI watchlist candidate
[2026-05-07 17:25:26] [SCAN] Analyzing EURJPYm
[2026-05-07 17:25:26] Signal: {'time': Timestamp('2026-05-07 10:20:00'), 'symbol': 'EURJPYm', 'side': 'NO_TRADE', 'price': 184.094, 'reason': 'no Donchian breakout'}
[2026-05-07 17:25:26] [SKIP] EURJPYm NO_TRADE: no Donchian breakout
[2026-05-07 17:25:26] [WAIT] No order this round
[2026-05-07 17:26:26] [AI] Using cached scan from 2026-05-07 14:00:37 | symbols=GBPUSDm, EURUSDm, XAUUSDm, USDJPYm, EURJPYm
[2026-05-07 17:26:26] [WATCH] Watchlist: GBPUSDm, EURUSDm, XAUUSDm, USDJPYm, EURJPYm
[2026-05-07 17:26:26] [SELECT] Symbol switched: EURJPYm -> GBPUSDm | AI watchlist candidate
[2026-05-07 17:26:26] [SCAN] Analyzing GBPUSDm
[2026-05-07 17:26:27] [SKIP] GBPUSDm same candle 2026-05-07 10:20:00  skip
[2026-05-07 17:26:27] [SELECT] Symbol switched: GBPUSDm -> EURUSDm | AI watchlist candidate
[2026-05-07 17:26:27] [SCAN] Analyzing EURUSDm
[2026-05-07 17:26:28] [SKIP] EURUSDm same candle 2026-05-07 10:20:00  skip
[2026-05-07 17:26:28] [SELECT] Symbol switched: EURUSDm -> XAUUSDm | AI watchlist candidate
[2026-05-07 17:26:28] [SCAN] Analyzing XAUUSDm
[2026-05-07 17:26:29] [SKIP] XAUUSDm same candle 2026-05-07 10:20:00  skip
[2026-05-07 17:26:29] [SELECT] Symbol switched: XAUUSDm -> USDJPYm | AI watchlist candidate
[2026-05-07 17:26:29] [SCAN] Analyzing USDJPYm
[2026-05-07 17:26:29] [SKIP] USDJPYm same candle 2026-05-07 10:20:00  skip
[2026-05-07 17:26:29] [SELECT] Symbol switched: USDJPYm -> EURJPYm | AI watchlist candidate
[2026-05-07 17:26:29] [SCAN] Analyzing EURJPYm
[2026-05-07 17:26:30] [SKIP] EURJPYm same candle 2026-05-07 10:20:00  skip
[2026-05-07 17:26:30] [WAIT] No order this round
[2026-05-07 17:27:30] [AI] Using cached scan from 2026-05-07 14:00:37 | symbols=GBPUSDm, EURUSDm, XAUUSDm, USDJPYm, EURJPYm
[2026-05-07 17:27:30] [WATCH] Watchlist: GBPUSDm, EURUSDm, XAUUSDm, USDJPYm, EURJPYm
[2026-05-07 17:27:30] [SELECT] Symbol switched: EURJPYm -> GBPUSDm | AI watchlist candidate
[2026-05-07 17:27:30] [SCAN] Analyzing GBPUSDm
[2026-05-07 17:27:31] [SKIP] GBPUSDm same candle 2026-05-07 10:20:00  skip
[2026-05-07 17:27:31] [SELECT] Symbol switched: GBPUSDm -> EURUSDm | AI watchlist candidate
[2026-05-07 17:27:31] [SCAN] Analyzing EURUSDm
[2026-05-07 17:27:31] [SKIP] EURUSDm same candle 2026-05-07 10:20:00  skip
[2026-05-07 17:27:31] [SELECT] Symbol switched: EURUSDm -> XAUUSDm | AI watchlist candidate
[2026-05-07 17:27:31] [SCAN] Analyzing XAUUSDm
[2026-05-07 17:27:32] [SKIP] XAUUSDm same candle 2026-05-07 10:20:00  skip
[2026-05-07 17:27:32] [SELECT] Symbol switched: XAUUSDm -> USDJPYm | AI watchlist candidate
[2026-05-07 17:27:32] [SCAN] Analyzing USDJPYm
[2026-05-07 17:27:33] [SKIP] USDJPYm same candle 2026-05-07 10:20:00  skip
[2026-05-07 17:27:33] [SELECT] Symbol switched: USDJPYm -> EURJPYm | AI watchlist candidate
[2026-05-07 17:27:33] [SCAN] Analyzing EURJPYm
[2026-05-07 17:27:34] [SKIP] EURJPYm same candle 2026-05-07 10:20:00  skip
[2026-05-07 17:27:34] [WAIT] No order this round
[2026-05-07 17:28:34] [AI] Using cached scan from 2026-05-07 14:00:37 | symbols=GBPUSDm, EURUSDm, XAUUSDm, USDJPYm, EURJPYm
[2026-05-07 17:28:34] [WATCH] Watchlist: GBPUSDm, EURUSDm, XAUUSDm, USDJPYm, EURJPYm
[2026-05-07 17:28:34] [SELECT] Symbol switched: EURJPYm -> GBPUSDm | AI watchlist candidate
[2026-05-07 17:28:34] [SCAN] Analyzing GBPUSDm
[2026-05-07 17:28:34] [SKIP] GBPUSDm same candle 2026-05-07 10:20:00  skip
[2026-05-07 17:28:34] [SELECT] Symbol switched: GBPUSDm -> EURUSDm | AI watchlist candidate
[2026-05-07 17:28:34] [SCAN] Analyzing EURUSDm
[2026-05-07 17:28:35] [SKIP] EURUSDm same candle 2026-05-07 10:20:00  skip
[2026-05-07 17:28:35] [SELECT] Symbol switched: EURUSDm -> XAUUSDm | AI watchlist candidate
[2026-05-07 17:28:35] [SCAN] Analyzing XAUUSDm
[2026-05-07 17:28:36] [SKIP] XAUUSDm same candle 2026-05-07 10:20:00  skip
[2026-05-07 17:28:36] [SELECT] Symbol switched: XAUUSDm -> USDJPYm | AI watchlist candidate
[2026-05-07 17:28:36] [SCAN] Analyzing USDJPYm
[2026-05-07 17:28:36] [SKIP] USDJPYm same candle 2026-05-07 10:20:00  skip
[2026-05-07 17:28:36] [SELECT] Symbol switched: USDJPYm -> EURJPYm | AI watchlist candidate
[2026-05-07 17:28:36] [SCAN] Analyzing EURJPYm
[2026-05-07 17:28:37] [SKIP] EURJPYm same candle 2026-05-07 10:20:00  skip
[2026-05-07 17:28:37] [WAIT] No order this round
[2026-05-07 17:29:37] [AI] Using cached scan from 2026-05-07 14:00:37 | symbols=GBPUSDm, EURUSDm, XAUUSDm, USDJPYm, EURJPYm
[2026-05-07 17:29:37] [WATCH] Watchlist: GBPUSDm, EURUSDm, XAUUSDm, USDJPYm, EURJPYm
[2026-05-07 17:29:37] [SELECT] Symbol switched: EURJPYm -> GBPUSDm | AI watchlist candidate
[2026-05-07 17:29:37] [SCAN] Analyzing GBPUSDm
[2026-05-07 17:29:38] [SKIP] GBPUSDm same candle 2026-05-07 10:20:00  skip
[2026-05-07 17:29:38] [SELECT] Symbol switched: GBPUSDm -> EURUSDm | AI watchlist candidate
[2026-05-07 17:29:38] [SCAN] Analyzing EURUSDm
[2026-05-07 17:29:39] [SKIP] EURUSDm same candle 2026-05-07 10:20:00  skip
[2026-05-07 17:29:39] [SELECT] Symbol switched: EURUSDm -> XAUUSDm | AI watchlist candidate
[2026-05-07 17:29:39] [SCAN] Analyzing XAUUSDm
[2026-05-07 17:29:39] [SKIP] XAUUSDm same candle 2026-05-07 10:20:00  skip
[2026-05-07 17:29:39] [SELECT] Symbol switched: XAUUSDm -> USDJPYm | AI watchlist candidate
[2026-05-07 17:29:39] [SCAN] Analyzing USDJPYm
[2026-05-07 17:29:40] [SKIP] USDJPYm same candle 2026-05-07 10:20:00  skip
[2026-05-07 17:29:40] [SELECT] Symbol switched: USDJPYm -> EURJPYm | AI watchlist candidate
[2026-05-07 17:29:40] [SCAN] Analyzing EURJPYm
[2026-05-07 17:29:41] [SKIP] EURJPYm same candle 2026-05-07 10:20:00  skip
[2026-05-07 17:29:41] [WAIT] No order this round
[2026-05-07 17:30:41] [AI] Using cached scan from 2026-05-07 14:00:37 | symbols=GBPUSDm, EURUSDm, XAUUSDm, USDJPYm, EURJPYm
[2026-05-07 17:30:41] [WATCH] Watchlist: GBPUSDm, EURUSDm, XAUUSDm, USDJPYm, EURJPYm
[2026-05-07 17:30:41] [SELECT] Symbol switched: EURJPYm -> GBPUSDm | AI watchlist candidate
[2026-05-07 17:30:41] [SCAN] Analyzing GBPUSDm
[2026-05-07 17:30:42] Signal: {'time': Timestamp('2026-05-07 10:25:00'), 'symbol': 'GBPUSDm', 'side': 'NO_TRADE', 'price': 1.36284, 'reason': 'no Donchian breakout'}
[2026-05-07 17:30:42] [SKIP] GBPUSDm NO_TRADE: no Donchian breakout
[2026-05-07 17:30:42] [SELECT] Symbol switched: GBPUSDm -> EURUSDm | AI watchlist candidate
[2026-05-07 17:30:42] [SCAN] Analyzing EURUSDm
[2026-05-07 17:30:42] Signal: {'time': Timestamp('2026-05-07 10:25:00'), 'symbol': 'EURUSDm', 'side': 'NO_TRADE', 'price': 1.17744, 'reason': 'no Donchian breakout'}
[2026-05-07 17:30:42] [SKIP] EURUSDm NO_TRADE: no Donchian breakout
[2026-05-07 17:30:42] [SELECT] Symbol switched: EURUSDm -> XAUUSDm | AI watchlist candidate
[2026-05-07 17:30:42] [SCAN] Analyzing XAUUSDm
[2026-05-07 17:30:43] Signal: {'time': Timestamp('2026-05-07 10:25:00'), 'symbol': 'XAUUSDm', 'side': 'NO_TRADE', 'price': 4732.234, 'reason': 'no Donchian breakout'}
[2026-05-07 17:30:43] [SKIP] XAUUSDm NO_TRADE: no Donchian breakout
[2026-05-07 17:30:43] [SELECT] Symbol switched: XAUUSDm -> USDJPYm | AI watchlist candidate
[2026-05-07 17:30:43] [SCAN] Analyzing USDJPYm
[2026-05-07 17:30:44] Signal: {'time': Timestamp('2026-05-07 10:25:00'), 'symbol': 'USDJPYm', 'side': 'NO_TRADE', 'price': 156.317, 'reason': 'no Donchian breakout'}
[2026-05-07 17:30:44] [SKIP] USDJPYm NO_TRADE: no Donchian breakout
[2026-05-07 17:30:44] [SELECT] Symbol switched: USDJPYm -> EURJPYm | AI watchlist candidate
[2026-05-07 17:30:44] [SCAN] Analyzing EURJPYm
[2026-05-07 17:30:45] Signal: {'time': Timestamp('2026-05-07 10:25:00'), 'symbol': 'EURJPYm', 'side': 'NO_TRADE', 'price': 184.057, 'reason': 'no Donchian breakout'}
[2026-05-07 17:30:45] [SKIP] EURJPYm NO_TRADE: no Donchian breakout
[2026-05-07 17:30:45] [WAIT] No order this round
[2026-05-07 17:31:45] [AI] Using cached scan from 2026-05-07 14:00:37 | symbols=GBPUSDm, EURUSDm, XAUUSDm, USDJPYm, EURJPYm
[2026-05-07 17:31:45] [WATCH] Watchlist: GBPUSDm, EURUSDm, XAUUSDm, USDJPYm, EURJPYm
[2026-05-07 17:31:45] [SELECT] Symbol switched: EURJPYm -> GBPUSDm | AI watchlist candidate
[2026-05-07 17:31:45] [SCAN] Analyzing GBPUSDm
[2026-05-07 17:31:45] [SKIP] GBPUSDm same candle 2026-05-07 10:25:00  skip
[2026-05-07 17:31:45] [SELECT] Symbol switched: GBPUSDm -> EURUSDm | AI watchlist candidate
[2026-05-07 17:31:45] [SCAN] Analyzing EURUSDm
[2026-05-07 17:31:46] [SKIP] EURUSDm same candle 2026-05-07 10:25:00  skip
[2026-05-07 17:31:46] [SELECT] Symbol switched: EURUSDm -> XAUUSDm | AI watchlist candidate
[2026-05-07 17:31:46] [SCAN] Analyzing XAUUSDm
[2026-05-07 17:31:47] [SKIP] XAUUSDm same candle 2026-05-07 10:25:00  skip
[2026-05-07 17:31:47] [SELECT] Symbol switched: XAUUSDm -> USDJPYm | AI watchlist candidate
[2026-05-07 17:31:47] [SCAN] Analyzing USDJPYm
[2026-05-07 17:31:48] [SKIP] USDJPYm same candle 2026-05-07 10:25:00  skip
[2026-05-07 17:31:48] [SELECT] Symbol switched: USDJPYm -> EURJPYm | AI watchlist candidate
[2026-05-07 17:31:48] [SCAN] Analyzing EURJPYm
[2026-05-07 17:31:48] [SKIP] EURJPYm same candle 2026-05-07 10:25:00  skip
[2026-05-07 17:31:48] [WAIT] No order this round
[2026-05-07 17:32:48] [AI] Using cached scan from 2026-05-07 14:00:37 | symbols=GBPUSDm, EURUSDm, XAUUSDm, USDJPYm, EURJPYm
[2026-05-07 17:32:48] [WATCH] Watchlist: GBPUSDm, EURUSDm, XAUUSDm, USDJPYm, EURJPYm
[2026-05-07 17:32:48] [SELECT] Symbol switched: EURJPYm -> GBPUSDm | AI watchlist candidate
[2026-05-07 17:32:48] [SCAN] Analyzing GBPUSDm
[2026-05-07 17:32:49] [SKIP] GBPUSDm same candle 2026-05-07 10:25:00  skip
[2026-05-07 17:32:49] [SELECT] Symbol switched: GBPUSDm -> EURUSDm | AI watchlist candidate
[2026-05-07 17:32:49] [SCAN] Analyzing EURUSDm
[2026-05-07 17:32:50] [SKIP] EURUSDm same candle 2026-05-07 10:25:00  skip
[2026-05-07 17:32:50] [SELECT] Symbol switched: EURUSDm -> XAUUSDm | AI watchlist candidate
[2026-05-07 17:32:50] [SCAN] Analyzing XAUUSDm
[2026-05-07 17:32:51] [SKIP] XAUUSDm same candle 2026-05-07 10:25:00  skip
[2026-05-07 17:32:51] [SELECT] Symbol switched: XAUUSDm -> USDJPYm | AI watchlist candidate
[2026-05-07 17:32:51] [SCAN] Analyzing USDJPYm
[2026-05-07 17:32:51] [SKIP] USDJPYm same candle 2026-05-07 10:25:00  skip
[2026-05-07 17:32:51] [SELECT] Symbol switched: USDJPYm -> EURJPYm | AI watchlist candidate
[2026-05-07 17:32:51] [SCAN] Analyzing EURJPYm
[2026-05-07 17:32:52] [SKIP] EURJPYm same candle 2026-05-07 10:25:00  skip
[2026-05-07 17:32:52] [WAIT] No order this round
[2026-05-07 17:33:52] [AI] Using cached scan from 2026-05-07 14:00:37 | symbols=GBPUSDm, EURUSDm, XAUUSDm, USDJPYm, EURJPYm
[2026-05-07 17:33:52] [WATCH] Watchlist: GBPUSDm, EURUSDm, XAUUSDm, USDJPYm, EURJPYm
[2026-05-07 17:33:52] [SELECT] Symbol switched: EURJPYm -> GBPUSDm | AI watchlist candidate
[2026-05-07 17:33:52] [SCAN] Analyzing GBPUSDm
[2026-05-07 17:33:53] [SKIP] GBPUSDm same candle 2026-05-07 10:25:00  skip
[2026-05-07 17:33:53] [SELECT] Symbol switched: GBPUSDm -> EURUSDm | AI watchlist candidate
[2026-05-07 17:33:53] [SCAN] Analyzing EURUSDm
[2026-05-07 17:33:53] [SKIP] EURUSDm same candle 2026-05-07 10:25:00  skip
[2026-05-07 17:33:53] [SELECT] Symbol switched: EURUSDm -> XAUUSDm | AI watchlist candidate
[2026-05-07 17:33:53] [SCAN] Analyzing XAUUSDm
[2026-05-07 17:33:54] [SKIP] XAUUSDm same candle 2026-05-07 10:25:00  skip
[2026-05-07 17:33:54] [SELECT] Symbol switched: XAUUSDm -> USDJPYm | AI watchlist candidate
[2026-05-07 17:33:54] [SCAN] Analyzing USDJPYm
[2026-05-07 17:33:55] [SKIP] USDJPYm same candle 2026-05-07 10:25:00  skip
[2026-05-07 17:33:55] [SELECT] Symbol switched: USDJPYm -> EURJPYm | AI watchlist candidate
[2026-05-07 17:33:55] [SCAN] Analyzing EURJPYm
[2026-05-07 17:33:56] [SKIP] EURJPYm same candle 2026-05-07 10:25:00  skip
[2026-05-07 17:33:56] [WAIT] No order this round
[2026-05-07 17:34:56] [AI] Using cached scan from 2026-05-07 14:00:37 | symbols=GBPUSDm, EURUSDm, XAUUSDm, USDJPYm, EURJPYm
[2026-05-07 17:34:56] [WATCH] Watchlist: GBPUSDm, EURUSDm, XAUUSDm, USDJPYm, EURJPYm
[2026-05-07 17:34:56] [SELECT] Symbol switched: EURJPYm -> GBPUSDm | AI watchlist candidate
[2026-05-07 17:34:56] [SCAN] Analyzing GBPUSDm
[2026-05-07 17:34:56] [SKIP] GBPUSDm same candle 2026-05-07 10:25:00  skip
[2026-05-07 17:34:56] [SELECT] Symbol switched: GBPUSDm -> EURUSDm | AI watchlist candidate
[2026-05-07 17:34:56] [SCAN] Analyzing EURUSDm
[2026-05-07 17:34:57] [SKIP] EURUSDm same candle 2026-05-07 10:25:00  skip
[2026-05-07 17:34:57] [SELECT] Symbol switched: EURUSDm -> XAUUSDm | AI watchlist candidate
[2026-05-07 17:34:57] [SCAN] Analyzing XAUUSDm
[2026-05-07 17:34:58] [SKIP] XAUUSDm same candle 2026-05-07 10:25:00  skip
[2026-05-07 17:34:58] [SELECT] Symbol switched: XAUUSDm -> USDJPYm | AI watchlist candidate
[2026-05-07 17:34:58] [SCAN] Analyzing USDJPYm
[2026-05-07 17:34:58] [SKIP] USDJPYm same candle 2026-05-07 10:25:00  skip
[2026-05-07 17:34:58] [SELECT] Symbol switched: USDJPYm -> EURJPYm | AI watchlist candidate
[2026-05-07 17:34:58] [SCAN] Analyzing EURJPYm
[2026-05-07 17:34:59] [SKIP] EURJPYm same candle 2026-05-07 10:25:00  skip
[2026-05-07 17:34:59] [WAIT] No order this round
[2026-05-07 17:35:59] [AI] Using cached scan from 2026-05-07 14:00:37 | symbols=GBPUSDm, EURUSDm, XAUUSDm, USDJPYm, EURJPYm
[2026-05-07 17:35:59] [WATCH] Watchlist: GBPUSDm, EURUSDm, XAUUSDm, USDJPYm, EURJPYm
[2026-05-07 17:35:59] [SELECT] Symbol switched: EURJPYm -> GBPUSDm | AI watchlist candidate
[2026-05-07 17:35:59] [SCAN] Analyzing GBPUSDm
[2026-05-07 17:36:00] Signal: {'time': Timestamp('2026-05-07 10:30:00'), 'symbol': 'GBPUSDm', 'side': 'NO_TRADE', 'price': 1.36258, 'reason': 'no Donchian breakout'}
[2026-05-07 17:36:00] [SKIP] GBPUSDm NO_TRADE: no Donchian breakout
[2026-05-07 17:36:00] [SELECT] Symbol switched: GBPUSDm -> EURUSDm | AI watchlist candidate
[2026-05-07 17:36:00] [SCAN] Analyzing EURUSDm
[2026-05-07 17:36:01] Signal: {'time': Timestamp('2026-05-07 10:30:00'), 'symbol': 'EURUSDm', 'side': 'NO_TRADE', 'price': 1.17714, 'reason': 'no Donchian breakout'}
[2026-05-07 17:36:01] [SKIP] EURUSDm NO_TRADE: no Donchian breakout
[2026-05-07 17:36:01] [SELECT] Symbol switched: EURUSDm -> XAUUSDm | AI watchlist candidate
[2026-05-07 17:36:01] [SCAN] Analyzing XAUUSDm
[2026-05-07 17:36:01] Signal: {'time': Timestamp('2026-05-07 10:30:00'), 'symbol': 'XAUUSDm', 'side': 'NO_TRADE', 'price': 4730.244, 'reason': 'no Donchian breakout'}
[2026-05-07 17:36:01] [SKIP] XAUUSDm NO_TRADE: no Donchian breakout
[2026-05-07 17:36:01] [SELECT] Symbol switched: XAUUSDm -> USDJPYm | AI watchlist candidate
[2026-05-07 17:36:01] [SCAN] Analyzing USDJPYm
[2026-05-07 17:36:02] Signal: {'time': Timestamp('2026-05-07 10:30:00'), 'symbol': 'USDJPYm', 'side': 'NO_TRADE', 'price': 156.346, 'reason': 'no Donchian breakout'}
[2026-05-07 17:36:02] [SKIP] USDJPYm NO_TRADE: no Donchian breakout
[2026-05-07 17:36:02] [SELECT] Symbol switched: USDJPYm -> EURJPYm | AI watchlist candidate
[2026-05-07 17:36:02] [SCAN] Analyzing EURJPYm
[2026-05-07 17:36:03] Signal: {'time': Timestamp('2026-05-07 10:30:00'), 'symbol': 'EURJPYm', 'side': 'NO_TRADE', 'price': 184.042, 'reason': 'no Donchian breakout'}
[2026-05-07 17:36:03] [SKIP] EURJPYm NO_TRADE: no Donchian breakout
[2026-05-07 17:36:03] [WAIT] No order this round
[2026-05-07 17:37:03] [AI] Using cached scan from 2026-05-07 14:00:37 | symbols=GBPUSDm, EURUSDm, XAUUSDm, USDJPYm, EURJPYm
[2026-05-07 17:37:03] [WATCH] Watchlist: GBPUSDm, EURUSDm, XAUUSDm, USDJPYm, EURJPYm
[2026-05-07 17:37:03] [SELECT] Symbol switched: EURJPYm -> GBPUSDm | AI watchlist candidate
[2026-05-07 17:37:03] [SCAN] Analyzing GBPUSDm
[2026-05-07 17:37:04] [SKIP] GBPUSDm same candle 2026-05-07 10:30:00  skip
[2026-05-07 17:37:04] [SELECT] Symbol switched: GBPUSDm -> EURUSDm | AI watchlist candidate
[2026-05-07 17:37:04] [SCAN] Analyzing EURUSDm
[2026-05-07 17:37:04] [SKIP] EURUSDm same candle 2026-05-07 10:30:00  skip
[2026-05-07 17:37:04] [SELECT] Symbol switched: EURUSDm -> XAUUSDm | AI watchlist candidate
[2026-05-07 17:37:04] [SCAN] Analyzing XAUUSDm
[2026-05-07 17:37:05] [SKIP] XAUUSDm same candle 2026-05-07 10:30:00  skip
[2026-05-07 17:37:05] [SELECT] Symbol switched: XAUUSDm -> USDJPYm | AI watchlist candidate
[2026-05-07 17:37:05] [SCAN] Analyzing USDJPYm
[2026-05-07 17:37:06] [SKIP] USDJPYm same candle 2026-05-07 10:30:00  skip
[2026-05-07 17:37:06] [SELECT] Symbol switched: USDJPYm -> EURJPYm | AI watchlist candidate
[2026-05-07 17:37:06] [SCAN] Analyzing EURJPYm
[2026-05-07 17:37:06] [SKIP] EURJPYm same candle 2026-05-07 10:30:00  skip
[2026-05-07 17:37:06] [WAIT] No order this round
[2026-05-07 17:38:06] [AI] Using cached scan from 2026-05-07 14:00:37 | symbols=GBPUSDm, EURUSDm, XAUUSDm, USDJPYm, EURJPYm
[2026-05-07 17:38:06] [WATCH] Watchlist: GBPUSDm, EURUSDm, XAUUSDm, USDJPYm, EURJPYm
[2026-05-07 17:38:06] [SELECT] Symbol switched: EURJPYm -> GBPUSDm | AI watchlist candidate
[2026-05-07 17:38:06] [SCAN] Analyzing GBPUSDm
[2026-05-07 17:38:07] [SKIP] GBPUSDm same candle 2026-05-07 10:30:00  skip
[2026-05-07 17:38:07] [SELECT] Symbol switched: GBPUSDm -> EURUSDm | AI watchlist candidate
[2026-05-07 17:38:07] [SCAN] Analyzing EURUSDm
[2026-05-07 17:38:08] [SKIP] EURUSDm same candle 2026-05-07 10:30:00  skip
[2026-05-07 17:38:08] [SELECT] Symbol switched: EURUSDm -> XAUUSDm | AI watchlist candidate
[2026-05-07 17:38:08] [SCAN] Analyzing XAUUSDm
[2026-05-07 17:38:09] [SKIP] XAUUSDm same candle 2026-05-07 10:30:00  skip
[2026-05-07 17:38:09] [SELECT] Symbol switched: XAUUSDm -> USDJPYm | AI watchlist candidate
[2026-05-07 17:38:09] [SCAN] Analyzing USDJPYm
[2026-05-07 17:38:09] [SKIP] USDJPYm same candle 2026-05-07 10:30:00  skip
[2026-05-07 17:38:09] [SELECT] Symbol switched: USDJPYm -> EURJPYm | AI watchlist candidate
[2026-05-07 17:38:09] [SCAN] Analyzing EURJPYm
[2026-05-07 17:38:10] [SKIP] EURJPYm same candle 2026-05-07 10:30:00  skip
[2026-05-07 17:38:10] [WAIT] No order this round
[2026-05-07 17:39:10] [AI] Using cached scan from 2026-05-07 14:00:37 | symbols=GBPUSDm, EURUSDm, XAUUSDm, USDJPYm, EURJPYm
[2026-05-07 17:39:10] [WATCH] Watchlist: GBPUSDm, EURUSDm, XAUUSDm, USDJPYm, EURJPYm
[2026-05-07 17:39:10] [SELECT] Symbol switched: EURJPYm -> GBPUSDm | AI watchlist candidate
[2026-05-07 17:39:10] [SCAN] Analyzing GBPUSDm
[2026-05-07 17:39:11] [SKIP] GBPUSDm same candle 2026-05-07 10:30:00  skip
[2026-05-07 17:39:11] [SELECT] Symbol switched: GBPUSDm -> EURUSDm | AI watchlist candidate
[2026-05-07 17:39:11] [SCAN] Analyzing EURUSDm
[2026-05-07 17:39:12] [SKIP] EURUSDm same candle 2026-05-07 10:30:00  skip
[2026-05-07 17:39:12] [SELECT] Symbol switched: EURUSDm -> XAUUSDm | AI watchlist candidate
[2026-05-07 17:39:12] [SCAN] Analyzing XAUUSDm
[2026-05-07 17:39:12] [SKIP] XAUUSDm same candle 2026-05-07 10:30:00  skip
[2026-05-07 17:39:12] [SELECT] Symbol switched: XAUUSDm -> USDJPYm | AI watchlist candidate
[2026-05-07 17:39:12] [SCAN] Analyzing USDJPYm
[2026-05-07 17:39:13] [SKIP] USDJPYm same candle 2026-05-07 10:30:00  skip
[2026-05-07 17:39:13] [SELECT] Symbol switched: USDJPYm -> EURJPYm | AI watchlist candidate
[2026-05-07 17:39:13] [SCAN] Analyzing EURJPYm
[2026-05-07 17:39:14] [SKIP] EURJPYm same candle 2026-05-07 10:30:00  skip
[2026-05-07 17:39:14] [WAIT] No order this round
[2026-05-07 17:40:14] [AI] Using cached scan from 2026-05-07 14:00:37 | symbols=GBPUSDm, EURUSDm, XAUUSDm, USDJPYm, EURJPYm
[2026-05-07 17:40:14] [WATCH] Watchlist: GBPUSDm, EURUSDm, XAUUSDm, USDJPYm, EURJPYm
[2026-05-07 17:40:14] [SELECT] Symbol switched: EURJPYm -> GBPUSDm | AI watchlist candidate
[2026-05-07 17:40:14] [SCAN] Analyzing GBPUSDm
[2026-05-07 17:40:15] Signal: {'time': Timestamp('2026-05-07 10:35:00'), 'symbol': 'GBPUSDm', 'side': 'NO_TRADE', 'price': 1.36276, 'reason': 'no Donchian breakout'}
[2026-05-07 17:40:15] [SKIP] GBPUSDm NO_TRADE: no Donchian breakout
[2026-05-07 17:40:15] [SELECT] Symbol switched: GBPUSDm -> EURUSDm | AI watchlist candidate
[2026-05-07 17:40:15] [SCAN] Analyzing EURUSDm
[2026-05-07 17:40:15] Signal: {'time': Timestamp('2026-05-07 10:35:00'), 'symbol': 'EURUSDm', 'side': 'NO_TRADE', 'price': 1.17719, 'reason': 'no Donchian breakout'}
[2026-05-07 17:40:15] [SKIP] EURUSDm NO_TRADE: no Donchian breakout
[2026-05-07 17:40:15] [SELECT] Symbol switched: EURUSDm -> XAUUSDm | AI watchlist candidate
[2026-05-07 17:40:15] [SCAN] Analyzing XAUUSDm
[2026-05-07 17:40:16] Signal: {'time': Timestamp('2026-05-07 10:35:00'), 'symbol': 'XAUUSDm', 'side': 'NO_TRADE', 'price': 4736.492, 'reason': 'no Donchian breakout'}
[2026-05-07 17:40:16] [SKIP] XAUUSDm NO_TRADE: no Donchian breakout
[2026-05-07 17:40:16] [SELECT] Symbol switched: XAUUSDm -> USDJPYm | AI watchlist candidate
[2026-05-07 17:40:16] [SCAN] Analyzing USDJPYm
[2026-05-07 17:40:17] Signal: {'time': Timestamp('2026-05-07 10:35:00'), 'symbol': 'USDJPYm', 'side': 'NO_TRADE', 'price': 156.347, 'reason': 'no Donchian breakout'}
[2026-05-07 17:40:17] [SKIP] USDJPYm NO_TRADE: no Donchian breakout
[2026-05-07 17:40:17] [SELECT] Symbol switched: USDJPYm -> EURJPYm | AI watchlist candidate
[2026-05-07 17:40:17] [SCAN] Analyzing EURJPYm
[2026-05-07 17:40:18] Signal: {'time': Timestamp('2026-05-07 10:35:00'), 'symbol': 'EURJPYm', 'side': 'NO_TRADE', 'price': 184.053, 'reason': 'no Donchian breakout'}
[2026-05-07 17:40:18] [SKIP] EURJPYm NO_TRADE: no Donchian breakout
[2026-05-07 17:40:18] [WAIT] No order this round
[2026-05-07 17:41:18] [AI] Using cached scan from 2026-05-07 14:00:37 | symbols=GBPUSDm, EURUSDm, XAUUSDm, USDJPYm, EURJPYm
[2026-05-07 17:41:18] [WATCH] Watchlist: GBPUSDm, EURUSDm, XAUUSDm, USDJPYm, EURJPYm
[2026-05-07 17:41:18] [SELECT] Symbol switched: EURJPYm -> GBPUSDm | AI watchlist candidate
[2026-05-07 17:41:18] [SCAN] Analyzing GBPUSDm
[2026-05-07 17:41:18] [SKIP] GBPUSDm same candle 2026-05-07 10:35:00  skip
[2026-05-07 17:41:18] [SELECT] Symbol switched: GBPUSDm -> EURUSDm | AI watchlist candidate
[2026-05-07 17:41:18] [SCAN] Analyzing EURUSDm
[2026-05-07 17:41:19] [SKIP] EURUSDm same candle 2026-05-07 10:35:00  skip
[2026-05-07 17:41:19] [SELECT] Symbol switched: EURUSDm -> XAUUSDm | AI watchlist candidate
[2026-05-07 17:41:19] [SCAN] Analyzing XAUUSDm
[2026-05-07 17:41:20] [SKIP] XAUUSDm same candle 2026-05-07 10:35:00  skip
[2026-05-07 17:41:20] [SELECT] Symbol switched: XAUUSDm -> USDJPYm | AI watchlist candidate
[2026-05-07 17:41:20] [SCAN] Analyzing USDJPYm
[2026-05-07 17:41:21] [SKIP] USDJPYm same candle 2026-05-07 10:35:00  skip
[2026-05-07 17:41:21] [SELECT] Symbol switched: USDJPYm -> EURJPYm | AI watchlist candidate
[2026-05-07 17:41:21] [SCAN] Analyzing EURJPYm
[2026-05-07 17:41:21] [SKIP] EURJPYm same candle 2026-05-07 10:35:00  skip
[2026-05-07 17:41:21] [WAIT] No order this round
[2026-05-07 17:42:21] [AI] Using cached scan from 2026-05-07 14:00:37 | symbols=GBPUSDm, EURUSDm, XAUUSDm, USDJPYm, EURJPYm
[2026-05-07 17:42:21] [WATCH] Watchlist: GBPUSDm, EURUSDm, XAUUSDm, USDJPYm, EURJPYm
[2026-05-07 17:42:21] [SELECT] Symbol switched: EURJPYm -> GBPUSDm | AI watchlist candidate
[2026-05-07 17:42:21] [SCAN] Analyzing GBPUSDm
[2026-05-07 17:42:22] [SKIP] GBPUSDm same candle 2026-05-07 10:35:00  skip
[2026-05-07 17:42:22] [SELECT] Symbol switched: GBPUSDm -> EURUSDm | AI watchlist candidate
[2026-05-07 17:42:22] [SCAN] Analyzing EURUSDm
[2026-05-07 17:42:23] [SKIP] EURUSDm same candle 2026-05-07 10:35:00  skip
[2026-05-07 17:42:23] [SELECT] Symbol switched: EURUSDm -> XAUUSDm | AI watchlist candidate
[2026-05-07 17:42:23] [SCAN] Analyzing XAUUSDm
[2026-05-07 17:42:23] [SKIP] XAUUSDm same candle 2026-05-07 10:35:00  skip
[2026-05-07 17:42:23] [SELECT] Symbol switched: XAUUSDm -> USDJPYm | AI watchlist candidate
[2026-05-07 17:42:23] [SCAN] Analyzing USDJPYm
[2026-05-07 17:42:24] [SKIP] USDJPYm same candle 2026-05-07 10:35:00  skip
[2026-05-07 17:42:24] [SELECT] Symbol switched: USDJPYm -> EURJPYm | AI watchlist candidate
[2026-05-07 17:42:24] [SCAN] Analyzing EURJPYm
[2026-05-07 17:42:25] [SKIP] EURJPYm same candle 2026-05-07 10:35:00  skip
[2026-05-07 17:42:25] [WAIT] No order this round
[2026-05-07 17:43:25] [AI] Using cached scan from 2026-05-07 14:00:37 | symbols=GBPUSDm, EURUSDm, XAUUSDm, USDJPYm, EURJPYm
[2026-05-07 17:43:25] [WATCH] Watchlist: GBPUSDm, EURUSDm, XAUUSDm, USDJPYm, EURJPYm
[2026-05-07 17:43:25] [SELECT] Symbol switched: EURJPYm -> GBPUSDm | AI watchlist candidate
[2026-05-07 17:43:25] [SCAN] Analyzing GBPUSDm
[2026-05-07 17:43:26] [SKIP] GBPUSDm same candle 2026-05-07 10:35:00  skip
[2026-05-07 17:43:26] [SELECT] Symbol switched: GBPUSDm -> EURUSDm | AI watchlist candidate
[2026-05-07 17:43:26] [SCAN] Analyzing EURUSDm
[2026-05-07 17:43:26] [SKIP] EURUSDm same candle 2026-05-07 10:35:00  skip
[2026-05-07 17:43:26] [SELECT] Symbol switched: EURUSDm -> XAUUSDm | AI watchlist candidate
[2026-05-07 17:43:26] [SCAN] Analyzing XAUUSDm
[2026-05-07 17:43:27] [SKIP] XAUUSDm same candle 2026-05-07 10:35:00  skip
[2026-05-07 17:43:27] [SELECT] Symbol switched: XAUUSDm -> USDJPYm | AI watchlist candidate
[2026-05-07 17:43:27] [SCAN] Analyzing USDJPYm
[2026-05-07 17:43:28] [SKIP] USDJPYm same candle 2026-05-07 10:35:00  skip
[2026-05-07 17:43:28] [SELECT] Symbol switched: USDJPYm -> EURJPYm | AI watchlist candidate
[2026-05-07 17:43:28] [SCAN] Analyzing EURJPYm
[2026-05-07 17:43:28] [SKIP] EURJPYm same candle 2026-05-07 10:35:00  skip
[2026-05-07 17:43:28] [WAIT] No order this round
[2026-05-07 17:44:28] [AI] Using cached scan from 2026-05-07 14:00:37 | symbols=GBPUSDm, EURUSDm, XAUUSDm, USDJPYm, EURJPYm
[2026-05-07 17:44:28] [WATCH] Watchlist: GBPUSDm, EURUSDm, XAUUSDm, USDJPYm, EURJPYm
[2026-05-07 17:44:28] [SELECT] Symbol switched: EURJPYm -> GBPUSDm | AI watchlist candidate
[2026-05-07 17:44:28] [SCAN] Analyzing GBPUSDm
[2026-05-07 17:44:29] [SKIP] GBPUSDm same candle 2026-05-07 10:35:00  skip
[2026-05-07 17:44:29] [SELECT] Symbol switched: GBPUSDm -> EURUSDm | AI watchlist candidate
[2026-05-07 17:44:29] [SCAN] Analyzing EURUSDm
[2026-05-07 17:44:30] [SKIP] EURUSDm same candle 2026-05-07 10:35:00  skip
[2026-05-07 17:44:30] [SELECT] Symbol switched: EURUSDm -> XAUUSDm | AI watchlist candidate
[2026-05-07 17:44:30] [SCAN] Analyzing XAUUSDm
[2026-05-07 17:44:31] [SKIP] XAUUSDm same candle 2026-05-07 10:35:00  skip
[2026-05-07 17:44:31] [SELECT] Symbol switched: XAUUSDm -> USDJPYm | AI watchlist candidate
[2026-05-07 17:44:31] [SCAN] Analyzing USDJPYm
[2026-05-07 17:44:31] [SKIP] USDJPYm same candle 2026-05-07 10:35:00  skip
[2026-05-07 17:44:31] [SELECT] Symbol switched: USDJPYm -> EURJPYm | AI watchlist candidate
[2026-05-07 17:44:31] [SCAN] Analyzing EURJPYm
[2026-05-07 17:44:32] [SKIP] EURJPYm same candle 2026-05-07 10:35:00  skip
[2026-05-07 17:44:32] [WAIT] No order this round
[2026-05-07 17:45:32] [AI] Using cached scan from 2026-05-07 14:00:37 | symbols=GBPUSDm, EURUSDm, XAUUSDm, USDJPYm, EURJPYm
[2026-05-07 17:45:32] [WATCH] Watchlist: GBPUSDm, EURUSDm, XAUUSDm, USDJPYm, EURJPYm
[2026-05-07 17:45:32] [SELECT] Symbol switched: EURJPYm -> GBPUSDm | AI watchlist candidate
[2026-05-07 17:45:32] [SCAN] Analyzing GBPUSDm
[2026-05-07 17:45:33] Signal: {'time': Timestamp('2026-05-07 10:40:00'), 'symbol': 'GBPUSDm', 'side': 'NO_TRADE', 'price': 1.36273, 'reason': 'no Donchian breakout'}
[2026-05-07 17:45:33] [SKIP] GBPUSDm NO_TRADE: no Donchian breakout
[2026-05-07 17:45:33] [SELECT] Symbol switched: GBPUSDm -> EURUSDm | AI watchlist candidate
[2026-05-07 17:45:33] [SCAN] Analyzing EURUSDm
[2026-05-07 17:45:33] Signal: {'time': Timestamp('2026-05-07 10:40:00'), 'symbol': 'EURUSDm', 'side': 'NO_TRADE', 'price': 1.17716, 'reason': 'no Donchian breakout'}
[2026-05-07 17:45:33] [SKIP] EURUSDm NO_TRADE: no Donchian breakout
[2026-05-07 17:45:33] [SELECT] Symbol switched: EURUSDm -> XAUUSDm | AI watchlist candidate
[2026-05-07 17:45:33] [SCAN] Analyzing XAUUSDm
[2026-05-07 17:45:34] Signal: {'time': Timestamp('2026-05-07 10:40:00'), 'symbol': 'XAUUSDm', 'side': 'NO_TRADE', 'price': 4738.735, 'reason': 'no Donchian breakout'}
[2026-05-07 17:45:34] [SKIP] XAUUSDm NO_TRADE: no Donchian breakout
[2026-05-07 17:45:34] [SELECT] Symbol switched: XAUUSDm -> USDJPYm | AI watchlist candidate
[2026-05-07 17:45:34] [SCAN] Analyzing USDJPYm
[2026-05-07 17:45:35] Signal: {'time': Timestamp('2026-05-07 10:40:00'), 'symbol': 'USDJPYm', 'side': 'NO_TRADE', 'price': 156.344, 'reason': 'no Donchian breakout'}
[2026-05-07 17:45:35] [SKIP] USDJPYm NO_TRADE: no Donchian breakout
[2026-05-07 17:45:35] [SELECT] Symbol switched: USDJPYm -> EURJPYm | AI watchlist candidate
[2026-05-07 17:45:35] [SCAN] Analyzing EURJPYm
[2026-05-07 17:45:36] Signal: {'time': Timestamp('2026-05-07 10:40:00'), 'symbol': 'EURJPYm', 'side': 'NO_TRADE', 'price': 184.046, 'reason': 'no Donchian breakout'}
[2026-05-07 17:45:36] [SKIP] EURJPYm NO_TRADE: no Donchian breakout
[2026-05-07 17:45:36] [WAIT] No order this round
[2026-05-07 17:46:36] [AI] Using cached scan from 2026-05-07 14:00:37 | symbols=GBPUSDm, EURUSDm, XAUUSDm, USDJPYm, EURJPYm
[2026-05-07 17:46:36] [WATCH] Watchlist: GBPUSDm, EURUSDm, XAUUSDm, USDJPYm, EURJPYm
[2026-05-07 17:46:36] [SELECT] Symbol switched: EURJPYm -> GBPUSDm | AI watchlist candidate
[2026-05-07 17:46:36] [SCAN] Analyzing GBPUSDm
[2026-05-07 17:46:36] [SKIP] GBPUSDm same candle 2026-05-07 10:40:00  skip
[2026-05-07 17:46:36] [SELECT] Symbol switched: GBPUSDm -> EURUSDm | AI watchlist candidate
[2026-05-07 17:46:36] [SCAN] Analyzing EURUSDm
[2026-05-07 17:46:37] [SKIP] EURUSDm same candle 2026-05-07 10:40:00  skip
[2026-05-07 17:46:37] [SELECT] Symbol switched: EURUSDm -> XAUUSDm | AI watchlist candidate
[2026-05-07 17:46:37] [SCAN] Analyzing XAUUSDm
[2026-05-07 17:46:38] [SKIP] XAUUSDm same candle 2026-05-07 10:40:00  skip
[2026-05-07 17:46:38] [SELECT] Symbol switched: XAUUSDm -> USDJPYm | AI watchlist candidate
[2026-05-07 17:46:38] [SCAN] Analyzing USDJPYm
[2026-05-07 17:46:39] [SKIP] USDJPYm same candle 2026-05-07 10:40:00  skip
[2026-05-07 17:46:39] [SELECT] Symbol switched: USDJPYm -> EURJPYm | AI watchlist candidate
[2026-05-07 17:46:39] [SCAN] Analyzing EURJPYm
[2026-05-07 17:46:39] [SKIP] EURJPYm same candle 2026-05-07 10:40:00  skip
[2026-05-07 17:46:39] [WAIT] No order this round
[2026-05-07 17:47:39] [AI] Using cached scan from 2026-05-07 14:00:37 | symbols=GBPUSDm, EURUSDm, XAUUSDm, USDJPYm, EURJPYm
[2026-05-07 17:47:39] [WATCH] Watchlist: GBPUSDm, EURUSDm, XAUUSDm, USDJPYm, EURJPYm
[2026-05-07 17:47:39] [SELECT] Symbol switched: EURJPYm -> GBPUSDm | AI watchlist candidate
[2026-05-07 17:47:39] [SCAN] Analyzing GBPUSDm
[2026-05-07 17:47:40] [SKIP] GBPUSDm same candle 2026-05-07 10:40:00  skip
[2026-05-07 17:47:40] [SELECT] Symbol switched: GBPUSDm -> EURUSDm | AI watchlist candidate
[2026-05-07 17:47:40] [SCAN] Analyzing EURUSDm
[2026-05-07 17:47:41] [SKIP] EURUSDm same candle 2026-05-07 10:40:00  skip
[2026-05-07 17:47:41] [SELECT] Symbol switched: EURUSDm -> XAUUSDm | AI watchlist candidate
[2026-05-07 17:47:41] [SCAN] Analyzing XAUUSDm
[2026-05-07 17:47:42] [SKIP] XAUUSDm same candle 2026-05-07 10:40:00  skip
[2026-05-07 17:47:42] [SELECT] Symbol switched: XAUUSDm -> USDJPYm | AI watchlist candidate
[2026-05-07 17:47:42] [SCAN] Analyzing USDJPYm
[2026-05-07 17:47:42] [SKIP] USDJPYm same candle 2026-05-07 10:40:00  skip
[2026-05-07 17:47:42] [SELECT] Symbol switched: USDJPYm -> EURJPYm | AI watchlist candidate
[2026-05-07 17:47:42] [SCAN] Analyzing EURJPYm
[2026-05-07 17:47:43] [SKIP] EURJPYm same candle 2026-05-07 10:40:00  skip
[2026-05-07 17:47:43] [WAIT] No order this round
[2026-05-07 17:48:43] [AI] Using cached scan from 2026-05-07 14:00:37 | symbols=GBPUSDm, EURUSDm, XAUUSDm, USDJPYm, EURJPYm
[2026-05-07 17:48:43] [WATCH] Watchlist: GBPUSDm, EURUSDm, XAUUSDm, USDJPYm, EURJPYm
[2026-05-07 17:48:43] [SELECT] Symbol switched: EURJPYm -> GBPUSDm | AI watchlist candidate
[2026-05-07 17:48:43] [SCAN] Analyzing GBPUSDm
[2026-05-07 17:48:44] [SKIP] GBPUSDm same candle 2026-05-07 10:40:00  skip
[2026-05-07 17:48:44] [SELECT] Symbol switched: GBPUSDm -> EURUSDm | AI watchlist candidate
[2026-05-07 17:48:44] [SCAN] Analyzing EURUSDm
[2026-05-07 17:48:45] [SKIP] EURUSDm same candle 2026-05-07 10:40:00  skip
[2026-05-07 17:48:45] [SELECT] Symbol switched: EURUSDm -> XAUUSDm | AI watchlist candidate
[2026-05-07 17:48:45] [SCAN] Analyzing XAUUSDm
[2026-05-07 17:48:45] [SKIP] XAUUSDm same candle 2026-05-07 10:40:00  skip
[2026-05-07 17:48:45] [SELECT] Symbol switched: XAUUSDm -> USDJPYm | AI watchlist candidate
[2026-05-07 17:48:45] [SCAN] Analyzing USDJPYm
[2026-05-07 17:48:46] [SKIP] USDJPYm same candle 2026-05-07 10:40:00  skip
[2026-05-07 17:48:46] [SELECT] Symbol switched: USDJPYm -> EURJPYm | AI watchlist candidate
[2026-05-07 17:48:46] [SCAN] Analyzing EURJPYm
[2026-05-07 17:48:47] [SKIP] EURJPYm same candle 2026-05-07 10:40:00  skip
[2026-05-07 17:48:47] [WAIT] No order this round
[2026-05-07 17:49:47] [AI] Using cached scan from 2026-05-07 14:00:37 | symbols=GBPUSDm, EURUSDm, XAUUSDm, USDJPYm, EURJPYm
[2026-05-07 17:49:47] [WATCH] Watchlist: GBPUSDm, EURUSDm, XAUUSDm, USDJPYm, EURJPYm
[2026-05-07 17:49:47] [SELECT] Symbol switched: EURJPYm -> GBPUSDm | AI watchlist candidate
[2026-05-07 17:49:47] [SCAN] Analyzing GBPUSDm
[2026-05-07 17:49:47] [SKIP] GBPUSDm same candle 2026-05-07 10:40:00  skip
[2026-05-07 17:49:47] [SELECT] Symbol switched: GBPUSDm -> EURUSDm | AI watchlist candidate
[2026-05-07 17:49:47] [SCAN] Analyzing EURUSDm
[2026-05-07 17:49:48] [SKIP] EURUSDm same candle 2026-05-07 10:40:00  skip
[2026-05-07 17:49:48] [SELECT] Symbol switched: EURUSDm -> XAUUSDm | AI watchlist candidate
[2026-05-07 17:49:48] [SCAN] Analyzing XAUUSDm
[2026-05-07 17:49:49] [SKIP] XAUUSDm same candle 2026-05-07 10:40:00  skip
[2026-05-07 17:49:49] [SELECT] Symbol switched: XAUUSDm -> USDJPYm | AI watchlist candidate
[2026-05-07 17:49:49] [SCAN] Analyzing USDJPYm
[2026-05-07 17:49:50] [SKIP] USDJPYm same candle 2026-05-07 10:40:00  skip
[2026-05-07 17:49:50] [SELECT] Symbol switched: USDJPYm -> EURJPYm | AI watchlist candidate
[2026-05-07 17:49:50] [SCAN] Analyzing EURJPYm
[2026-05-07 17:49:50] [SKIP] EURJPYm same candle 2026-05-07 10:40:00  skip
[2026-05-07 17:49:50] [WAIT] No order this round
[2026-05-07 17:50:50] [AI] Using cached scan from 2026-05-07 14:00:37 | symbols=GBPUSDm, EURUSDm, XAUUSDm, USDJPYm, EURJPYm
[2026-05-07 17:50:50] [WATCH] Watchlist: GBPUSDm, EURUSDm, XAUUSDm, USDJPYm, EURJPYm
[2026-05-07 17:50:50] [SELECT] Symbol switched: EURJPYm -> GBPUSDm | AI watchlist candidate
[2026-05-07 17:50:50] [SCAN] Analyzing GBPUSDm
[2026-05-07 17:50:51] Signal: {'time': Timestamp('2026-05-07 10:45:00'), 'symbol': 'GBPUSDm', 'side': 'NO_TRADE', 'price': 1.3621699999999999, 'reason': 'no Donchian breakout'}
[2026-05-07 17:50:51] [SKIP] GBPUSDm NO_TRADE: no Donchian breakout
[2026-05-07 17:50:51] [SELECT] Symbol switched: GBPUSDm -> EURUSDm | AI watchlist candidate
[2026-05-07 17:50:51] [SCAN] Analyzing EURUSDm
[2026-05-07 17:50:52] Signal: {'time': Timestamp('2026-05-07 10:45:00'), 'symbol': 'EURUSDm', 'side': 'NO_TRADE', 'price': 1.17654, 'reason': 'no Donchian breakout'}
[2026-05-07 17:50:52] [SKIP] EURUSDm NO_TRADE: no Donchian breakout
[2026-05-07 17:50:52] [SELECT] Symbol switched: EURUSDm -> XAUUSDm | AI watchlist candidate
[2026-05-07 17:50:52] [SCAN] Analyzing XAUUSDm
[2026-05-07 17:50:53] Signal: {'time': Timestamp('2026-05-07 10:45:00'), 'symbol': 'XAUUSDm', 'side': 'NO_TRADE', 'price': 4735.89, 'reason': 'no Donchian breakout'}
[2026-05-07 17:50:53] [SKIP] XAUUSDm NO_TRADE: no Donchian breakout
[2026-05-07 17:50:53] [SELECT] Symbol switched: XAUUSDm -> USDJPYm | AI watchlist candidate
[2026-05-07 17:50:53] [SCAN] Analyzing USDJPYm
[2026-05-07 17:50:53] Signal: {'time': Timestamp('2026-05-07 10:45:00'), 'symbol': 'USDJPYm', 'side': 'NO_TRADE', 'price': 156.388, 'reason': 'no Donchian breakout'}
[2026-05-07 17:50:53] [SKIP] USDJPYm NO_TRADE: no Donchian breakout
[2026-05-07 17:50:53] [SELECT] Symbol switched: USDJPYm -> EURJPYm | AI watchlist candidate
[2026-05-07 17:50:53] [SCAN] Analyzing EURJPYm
[2026-05-07 17:50:54] Signal: {'time': Timestamp('2026-05-07 10:45:00'), 'symbol': 'EURJPYm', 'side': 'NO_TRADE', 'price': 184.004, 'reason': 'no Donchian breakout'}
[2026-05-07 17:50:54] [SKIP] EURJPYm NO_TRADE: no Donchian breakout
[2026-05-07 17:50:54] [WAIT] No order this round
[2026-05-07 17:51:54] [AI] Using cached scan from 2026-05-07 14:00:37 | symbols=GBPUSDm, EURUSDm, XAUUSDm, USDJPYm, EURJPYm
[2026-05-07 17:51:54] [WATCH] Watchlist: GBPUSDm, EURUSDm, XAUUSDm, USDJPYm, EURJPYm
[2026-05-07 17:51:54] [SELECT] Symbol switched: EURJPYm -> GBPUSDm | AI watchlist candidate
[2026-05-07 17:51:54] [SCAN] Analyzing GBPUSDm
[2026-05-07 17:51:55] [SKIP] GBPUSDm same candle 2026-05-07 10:45:00  skip
[2026-05-07 17:51:55] [SELECT] Symbol switched: GBPUSDm -> EURUSDm | AI watchlist candidate
[2026-05-07 17:51:55] [SCAN] Analyzing EURUSDm
[2026-05-07 17:51:56] [SKIP] EURUSDm same candle 2026-05-07 10:45:00  skip
[2026-05-07 17:51:56] [SELECT] Symbol switched: EURUSDm -> XAUUSDm | AI watchlist candidate
[2026-05-07 17:51:56] [SCAN] Analyzing XAUUSDm
[2026-05-07 17:51:56] [SKIP] XAUUSDm same candle 2026-05-07 10:45:00  skip
[2026-05-07 17:51:56] [SELECT] Symbol switched: XAUUSDm -> USDJPYm | AI watchlist candidate
[2026-05-07 17:51:56] [SCAN] Analyzing USDJPYm
[2026-05-07 17:51:57] [SKIP] USDJPYm same candle 2026-05-07 10:45:00  skip
[2026-05-07 17:51:57] [SELECT] Symbol switched: USDJPYm -> EURJPYm | AI watchlist candidate
[2026-05-07 17:51:57] [SCAN] Analyzing EURJPYm
[2026-05-07 17:51:58] [SKIP] EURJPYm same candle 2026-05-07 10:45:00  skip
[2026-05-07 17:51:58] [WAIT] No order this round
[2026-05-07 17:52:58] [AI] Using cached scan from 2026-05-07 14:00:37 | symbols=GBPUSDm, EURUSDm, XAUUSDm, USDJPYm, EURJPYm
[2026-05-07 17:52:58] [WATCH] Watchlist: GBPUSDm, EURUSDm, XAUUSDm, USDJPYm, EURJPYm
[2026-05-07 17:52:58] [SELECT] Symbol switched: EURJPYm -> GBPUSDm | AI watchlist candidate
[2026-05-07 17:52:58] [SCAN] Analyzing GBPUSDm
[2026-05-07 17:52:58] [SKIP] GBPUSDm same candle 2026-05-07 10:45:00  skip
[2026-05-07 17:52:58] [SELECT] Symbol switched: GBPUSDm -> EURUSDm | AI watchlist candidate
[2026-05-07 17:52:58] [SCAN] Analyzing EURUSDm
[2026-05-07 17:52:59] [SKIP] EURUSDm same candle 2026-05-07 10:45:00  skip
[2026-05-07 17:52:59] [SELECT] Symbol switched: EURUSDm -> XAUUSDm | AI watchlist candidate
[2026-05-07 17:52:59] [SCAN] Analyzing XAUUSDm
[2026-05-07 17:53:00] [SKIP] XAUUSDm same candle 2026-05-07 10:45:00  skip
[2026-05-07 17:53:00] [SELECT] Symbol switched: XAUUSDm -> USDJPYm | AI watchlist candidate
[2026-05-07 17:53:00] [SCAN] Analyzing USDJPYm
[2026-05-07 17:53:01] [SKIP] USDJPYm same candle 2026-05-07 10:45:00  skip
[2026-05-07 17:53:01] [SELECT] Symbol switched: USDJPYm -> EURJPYm | AI watchlist candidate
[2026-05-07 17:53:01] [SCAN] Analyzing EURJPYm
[2026-05-07 17:53:01] [SKIP] EURJPYm same candle 2026-05-07 10:45:00  skip
[2026-05-07 17:53:01] [WAIT] No order this round
[2026-05-07 17:54:01] [AI] Using cached scan from 2026-05-07 14:00:37 | symbols=GBPUSDm, EURUSDm, XAUUSDm, USDJPYm, EURJPYm
[2026-05-07 17:54:01] [WATCH] Watchlist: GBPUSDm, EURUSDm, XAUUSDm, USDJPYm, EURJPYm
[2026-05-07 17:54:01] [SELECT] Symbol switched: EURJPYm -> GBPUSDm | AI watchlist candidate
[2026-05-07 17:54:01] [SCAN] Analyzing GBPUSDm
[2026-05-07 17:54:02] [SKIP] GBPUSDm same candle 2026-05-07 10:45:00  skip
[2026-05-07 17:54:02] [SELECT] Symbol switched: GBPUSDm -> EURUSDm | AI watchlist candidate
[2026-05-07 17:54:02] [SCAN] Analyzing EURUSDm
[2026-05-07 17:54:03] [SKIP] EURUSDm same candle 2026-05-07 10:45:00  skip
[2026-05-07 17:54:03] [SELECT] Symbol switched: EURUSDm -> XAUUSDm | AI watchlist candidate
[2026-05-07 17:54:03] [SCAN] Analyzing XAUUSDm
[2026-05-07 17:54:03] [SKIP] XAUUSDm same candle 2026-05-07 10:45:00  skip
[2026-05-07 17:54:03] [SELECT] Symbol switched: XAUUSDm -> USDJPYm | AI watchlist candidate
[2026-05-07 17:54:03] [SCAN] Analyzing USDJPYm
[2026-05-07 17:54:04] [SKIP] USDJPYm same candle 2026-05-07 10:45:00  skip
[2026-05-07 17:54:04] [SELECT] Symbol switched: USDJPYm -> EURJPYm | AI watchlist candidate
[2026-05-07 17:54:04] [SCAN] Analyzing EURJPYm
[2026-05-07 17:54:05] [SKIP] EURJPYm same candle 2026-05-07 10:45:00  skip
[2026-05-07 17:54:05] [WAIT] No order this round
[2026-05-07 17:55:05] [AI] Using cached scan from 2026-05-07 14:00:37 | symbols=GBPUSDm, EURUSDm, XAUUSDm, USDJPYm, EURJPYm
[2026-05-07 17:55:05] [WATCH] Watchlist: GBPUSDm, EURUSDm, XAUUSDm, USDJPYm, EURJPYm
[2026-05-07 17:55:05] [SELECT] Symbol switched: EURJPYm -> GBPUSDm | AI watchlist candidate
[2026-05-07 17:55:05] [SCAN] Analyzing GBPUSDm
[2026-05-07 17:55:06] Signal: {'time': Timestamp('2026-05-07 10:50:00'), 'symbol': 'GBPUSDm', 'side': 'NO_TRADE', 'price': 1.36236, 'reason': 'no Donchian breakout'}
[2026-05-07 17:55:06] [SKIP] GBPUSDm NO_TRADE: no Donchian breakout
[2026-05-07 17:55:06] [SELECT] Symbol switched: GBPUSDm -> EURUSDm | AI watchlist candidate
[2026-05-07 17:55:06] [SCAN] Analyzing EURUSDm
[2026-05-07 17:55:06] Signal: {'time': Timestamp('2026-05-07 10:50:00'), 'symbol': 'EURUSDm', 'side': 'NO_TRADE', 'price': 1.17675, 'reason': 'no Donchian breakout'}
[2026-05-07 17:55:06] [SKIP] EURUSDm NO_TRADE: no Donchian breakout
[2026-05-07 17:55:06] [SELECT] Symbol switched: EURUSDm -> XAUUSDm | AI watchlist candidate
[2026-05-07 17:55:06] [SCAN] Analyzing XAUUSDm
[2026-05-07 17:55:07] Signal: {'time': Timestamp('2026-05-07 10:50:00'), 'symbol': 'XAUUSDm', 'side': 'NO_TRADE', 'price': 4737.124, 'reason': 'no Donchian breakout'}
[2026-05-07 17:55:07] [SKIP] XAUUSDm NO_TRADE: no Donchian breakout
[2026-05-07 17:55:07] [SELECT] Symbol switched: XAUUSDm -> USDJPYm | AI watchlist candidate
[2026-05-07 17:55:07] [SCAN] Analyzing USDJPYm
[2026-05-07 17:55:08] Signal: {'time': Timestamp('2026-05-07 10:50:00'), 'symbol': 'USDJPYm', 'side': 'NO_TRADE', 'price': 156.381, 'reason': 'no Donchian breakout'}
[2026-05-07 17:55:08] [SKIP] USDJPYm NO_TRADE: no Donchian breakout
[2026-05-07 17:55:08] [SELECT] Symbol switched: USDJPYm -> EURJPYm | AI watchlist candidate
[2026-05-07 17:55:08] [SCAN] Analyzing EURJPYm
[2026-05-07 17:55:09] Signal: {'time': Timestamp('2026-05-07 10:50:00'), 'symbol': 'EURJPYm', 'side': 'NO_TRADE', 'price': 184.028, 'reason': 'no Donchian breakout'}
[2026-05-07 17:55:09] [SKIP] EURJPYm NO_TRADE: no Donchian breakout
[2026-05-07 17:55:09] [WAIT] No order this round
[2026-05-07 17:56:09] [AI] Using cached scan from 2026-05-07 14:00:37 | symbols=GBPUSDm, EURUSDm, XAUUSDm, USDJPYm, EURJPYm
[2026-05-07 17:56:09] [WATCH] Watchlist: GBPUSDm, EURUSDm, XAUUSDm, USDJPYm, EURJPYm
[2026-05-07 17:56:09] [SELECT] Symbol switched: EURJPYm -> GBPUSDm | AI watchlist candidate
[2026-05-07 17:56:09] [SCAN] Analyzing GBPUSDm
[2026-05-07 17:56:09] [SKIP] GBPUSDm same candle 2026-05-07 10:50:00  skip
[2026-05-07 17:56:09] [SELECT] Symbol switched: GBPUSDm -> EURUSDm | AI watchlist candidate
[2026-05-07 17:56:09] [SCAN] Analyzing EURUSDm
[2026-05-07 17:56:10] [SKIP] EURUSDm same candle 2026-05-07 10:50:00  skip
[2026-05-07 17:56:10] [SELECT] Symbol switched: EURUSDm -> XAUUSDm | AI watchlist candidate
[2026-05-07 17:56:10] [SCAN] Analyzing XAUUSDm
[2026-05-07 17:56:11] [SKIP] XAUUSDm same candle 2026-05-07 10:50:00  skip
[2026-05-07 17:56:11] [SELECT] Symbol switched: XAUUSDm -> USDJPYm | AI watchlist candidate
[2026-05-07 17:56:11] [SCAN] Analyzing USDJPYm
[2026-05-07 17:56:12] [SKIP] USDJPYm same candle 2026-05-07 10:50:00  skip
[2026-05-07 17:56:12] [SELECT] Symbol switched: USDJPYm -> EURJPYm | AI watchlist candidate
[2026-05-07 17:56:12] [SCAN] Analyzing EURJPYm
[2026-05-07 17:56:12] [SKIP] EURJPYm same candle 2026-05-07 10:50:00  skip
[2026-05-07 17:56:12] [WAIT] No order this round
[2026-05-07 17:57:12] [AI] Using cached scan from 2026-05-07 14:00:37 | symbols=GBPUSDm, EURUSDm, XAUUSDm, USDJPYm, EURJPYm
[2026-05-07 17:57:12] [WATCH] Watchlist: GBPUSDm, EURUSDm, XAUUSDm, USDJPYm, EURJPYm
[2026-05-07 17:57:12] [SELECT] Symbol switched: EURJPYm -> GBPUSDm | AI watchlist candidate
[2026-05-07 17:57:12] [SCAN] Analyzing GBPUSDm
[2026-05-07 17:57:13] [SKIP] GBPUSDm same candle 2026-05-07 10:50:00  skip
[2026-05-07 17:57:13] [SELECT] Symbol switched: GBPUSDm -> EURUSDm | AI watchlist candidate
[2026-05-07 17:57:13] [SCAN] Analyzing EURUSDm
[2026-05-07 17:57:14] [SKIP] EURUSDm same candle 2026-05-07 10:50:00  skip
[2026-05-07 17:57:14] [SELECT] Symbol switched: EURUSDm -> XAUUSDm | AI watchlist candidate
[2026-05-07 17:57:14] [SCAN] Analyzing XAUUSDm
[2026-05-07 17:57:14] [SKIP] XAUUSDm same candle 2026-05-07 10:50:00  skip
[2026-05-07 17:57:14] [SELECT] Symbol switched: XAUUSDm -> USDJPYm | AI watchlist candidate
[2026-05-07 17:57:14] [SCAN] Analyzing USDJPYm
[2026-05-07 17:57:15] [SKIP] USDJPYm same candle 2026-05-07 10:50:00  skip
[2026-05-07 17:57:15] [SELECT] Symbol switched: USDJPYm -> EURJPYm | AI watchlist candidate
[2026-05-07 17:57:15] [SCAN] Analyzing EURJPYm
[2026-05-07 17:57:16] [SKIP] EURJPYm same candle 2026-05-07 10:50:00  skip
[2026-05-07 17:57:16] [WAIT] No order this round
[2026-05-07 17:58:16] [AI] Using cached scan from 2026-05-07 14:00:37 | symbols=GBPUSDm, EURUSDm, XAUUSDm, USDJPYm, EURJPYm
[2026-05-07 17:58:16] [WATCH] Watchlist: GBPUSDm, EURUSDm, XAUUSDm, USDJPYm, EURJPYm
[2026-05-07 17:58:16] [SELECT] Symbol switched: EURJPYm -> GBPUSDm | AI watchlist candidate
[2026-05-07 17:58:16] [SCAN] Analyzing GBPUSDm
[2026-05-07 17:58:17] [SKIP] GBPUSDm same candle 2026-05-07 10:50:00  skip
[2026-05-07 17:58:17] [SELECT] Symbol switched: GBPUSDm -> EURUSDm | AI watchlist candidate
[2026-05-07 17:58:17] [SCAN] Analyzing EURUSDm
[2026-05-07 17:58:17] [SKIP] EURUSDm same candle 2026-05-07 10:50:00  skip
[2026-05-07 17:58:17] [SELECT] Symbol switched: EURUSDm -> XAUUSDm | AI watchlist candidate
[2026-05-07 17:58:17] [SCAN] Analyzing XAUUSDm
[2026-05-07 17:58:18] [SKIP] XAUUSDm same candle 2026-05-07 10:50:00  skip
[2026-05-07 17:58:18] [SELECT] Symbol switched: XAUUSDm -> USDJPYm | AI watchlist candidate
[2026-05-07 17:58:18] [SCAN] Analyzing USDJPYm
[2026-05-07 17:58:19] [SKIP] USDJPYm same candle 2026-05-07 10:50:00  skip
[2026-05-07 17:58:19] [SELECT] Symbol switched: USDJPYm -> EURJPYm | AI watchlist candidate
[2026-05-07 17:58:19] [SCAN] Analyzing EURJPYm
[2026-05-07 17:58:20] [SKIP] EURJPYm same candle 2026-05-07 10:50:00  skip
[2026-05-07 17:58:20] [WAIT] No order this round
[2026-05-07 17:59:20] [AI] Using cached scan from 2026-05-07 14:00:37 | symbols=GBPUSDm, EURUSDm, XAUUSDm, USDJPYm, EURJPYm
[2026-05-07 17:59:20] [WATCH] Watchlist: GBPUSDm, EURUSDm, XAUUSDm, USDJPYm, EURJPYm
[2026-05-07 17:59:20] [SELECT] Symbol switched: EURJPYm -> GBPUSDm | AI watchlist candidate
[2026-05-07 17:59:20] [SCAN] Analyzing GBPUSDm
[2026-05-07 17:59:20] [SKIP] GBPUSDm same candle 2026-05-07 10:50:00  skip
[2026-05-07 17:59:20] [SELECT] Symbol switched: GBPUSDm -> EURUSDm | AI watchlist candidate
[2026-05-07 17:59:20] [SCAN] Analyzing EURUSDm
[2026-05-07 17:59:21] [SKIP] EURUSDm same candle 2026-05-07 10:50:00  skip
[2026-05-07 17:59:21] [SELECT] Symbol switched: EURUSDm -> XAUUSDm | AI watchlist candidate
[2026-05-07 17:59:21] [SCAN] Analyzing XAUUSDm
[2026-05-07 17:59:22] [SKIP] XAUUSDm same candle 2026-05-07 10:50:00  skip
[2026-05-07 17:59:22] [SELECT] Symbol switched: XAUUSDm -> USDJPYm | AI watchlist candidate
[2026-05-07 17:59:22] [SCAN] Analyzing USDJPYm
[2026-05-07 17:59:22] [SKIP] USDJPYm same candle 2026-05-07 10:50:00  skip
[2026-05-07 17:59:22] [SELECT] Symbol switched: USDJPYm -> EURJPYm | AI watchlist candidate
[2026-05-07 17:59:22] [SCAN] Analyzing EURJPYm
[2026-05-07 17:59:23] [SKIP] EURJPYm same candle 2026-05-07 10:50:00  skip
[2026-05-07 17:59:23] [WAIT] No order this round
[2026-05-07 18:00:23] [AI] Using cached scan from 2026-05-07 14:00:37 | symbols=GBPUSDm, EURUSDm, XAUUSDm, USDJPYm, EURJPYm
[2026-05-07 18:00:23] [STATS] Hourly rejections (of 1126 attempts): {'no_donchian_breakout': '1002(89%)', 'adx_not_rising': '71(6%)', 'side_blocked': '34(3%)', 'trend_not_aligned': '19(2%)', 'volume_low': '10(1%)', 'adx_too_high': '5(0%)'}
[2026-05-07 18:00:23] [WATCH] Watchlist: GBPUSDm, EURUSDm, XAUUSDm, USDJPYm, EURJPYm
[2026-05-07 18:00:23] [SELECT] Symbol switched: EURJPYm -> GBPUSDm | AI watchlist candidate
[2026-05-07 18:00:23] [SCAN] Analyzing GBPUSDm
[2026-05-07 18:00:24] Signal: {'time': Timestamp('2026-05-07 10:55:00'), 'symbol': 'GBPUSDm', 'side': 'NO_TRADE', 'price': 1.36194, 'reason': 'no Donchian breakout'}
[2026-05-07 18:00:24] [SKIP] GBPUSDm NO_TRADE: no Donchian breakout
[2026-05-07 18:00:24] [SELECT] Symbol switched: GBPUSDm -> EURUSDm | AI watchlist candidate
[2026-05-07 18:00:24] [SCAN] Analyzing EURUSDm
[2026-05-07 18:00:25] Signal: {'time': Timestamp('2026-05-07 10:55:00'), 'symbol': 'EURUSDm', 'side': 'NO_TRADE', 'price': 1.17665, 'reason': 'no Donchian breakout'}
[2026-05-07 18:00:25] [SKIP] EURUSDm NO_TRADE: no Donchian breakout
[2026-05-07 18:00:25] [SELECT] Symbol switched: EURUSDm -> XAUUSDm | AI watchlist candidate
[2026-05-07 18:00:25] [SCAN] Analyzing XAUUSDm
[2026-05-07 18:00:25] Signal: {'time': Timestamp('2026-05-07 10:55:00'), 'symbol': 'XAUUSDm', 'side': 'NO_TRADE', 'price': 4735.762, 'reason': 'no Donchian breakout'}
[2026-05-07 18:00:25] [SKIP] XAUUSDm NO_TRADE: no Donchian breakout
[2026-05-07 18:00:25] [SELECT] Symbol switched: XAUUSDm -> USDJPYm | AI watchlist candidate
[2026-05-07 18:00:25] [SCAN] Analyzing USDJPYm
[2026-05-07 18:00:26] Signal: {'time': Timestamp('2026-05-07 10:55:00'), 'symbol': 'USDJPYm', 'side': 'NO_TRADE', 'price': 156.393, 'reason': 'no Donchian breakout'}
[2026-05-07 18:00:26] [SKIP] USDJPYm NO_TRADE: no Donchian breakout
[2026-05-07 18:00:26] [SELECT] Symbol switched: USDJPYm -> EURJPYm | AI watchlist candidate
[2026-05-07 18:00:26] [SCAN] Analyzing EURJPYm
[2026-05-07 18:00:27] Signal: {'time': Timestamp('2026-05-07 10:55:00'), 'symbol': 'EURJPYm', 'side': 'NO_TRADE', 'price': 184.028, 'reason': 'no Donchian breakout'}
[2026-05-07 18:00:27] [SKIP] EURJPYm NO_TRADE: no Donchian breakout
[2026-05-07 18:00:27] [WAIT] No order this round
[2026-05-07 18:01:27] [AI] Using cached scan from 2026-05-07 14:00:37 | symbols=GBPUSDm, EURUSDm, XAUUSDm, USDJPYm, EURJPYm
[2026-05-07 18:01:27] [WATCH] Watchlist: GBPUSDm, EURUSDm, XAUUSDm, USDJPYm, EURJPYm
[2026-05-07 18:01:27] [SELECT] Symbol switched: EURJPYm -> GBPUSDm | AI watchlist candidate
[2026-05-07 18:01:27] [SCAN] Analyzing GBPUSDm
[2026-05-07 18:01:28] [SKIP] GBPUSDm same candle 2026-05-07 10:55:00  skip
[2026-05-07 18:01:28] [SELECT] Symbol switched: GBPUSDm -> EURUSDm | AI watchlist candidate
[2026-05-07 18:01:28] [SCAN] Analyzing EURUSDm
[2026-05-07 18:01:29] [SKIP] EURUSDm same candle 2026-05-07 10:55:00  skip
[2026-05-07 18:01:29] [SELECT] Symbol switched: EURUSDm -> XAUUSDm | AI watchlist candidate
[2026-05-07 18:01:29] [SCAN] Analyzing XAUUSDm
[2026-05-07 18:01:29] [SKIP] XAUUSDm same candle 2026-05-07 10:55:00  skip
[2026-05-07 18:01:29] [SELECT] Symbol switched: XAUUSDm -> USDJPYm | AI watchlist candidate
[2026-05-07 18:01:29] [SCAN] Analyzing USDJPYm
[2026-05-07 18:01:30] [SKIP] USDJPYm same candle 2026-05-07 10:55:00  skip
[2026-05-07 18:01:30] [SELECT] Symbol switched: USDJPYm -> EURJPYm | AI watchlist candidate
[2026-05-07 18:01:30] [SCAN] Analyzing EURJPYm
[2026-05-07 18:01:31] [SKIP] EURJPYm same candle 2026-05-07 10:55:00  skip
[2026-05-07 18:01:31] [WAIT] No order this round
[2026-05-07 18:02:31] [AI] Using cached scan from 2026-05-07 14:00:37 | symbols=GBPUSDm, EURUSDm, XAUUSDm, USDJPYm, EURJPYm
[2026-05-07 18:02:31] [WATCH] Watchlist: GBPUSDm, EURUSDm, XAUUSDm, USDJPYm, EURJPYm
[2026-05-07 18:02:31] [SELECT] Symbol switched: EURJPYm -> GBPUSDm | AI watchlist candidate
[2026-05-07 18:02:31] [SCAN] Analyzing GBPUSDm
[2026-05-07 18:02:31] [SKIP] GBPUSDm same candle 2026-05-07 10:55:00  skip
[2026-05-07 18:02:31] [SELECT] Symbol switched: GBPUSDm -> EURUSDm | AI watchlist candidate
[2026-05-07 18:02:31] [SCAN] Analyzing EURUSDm
[2026-05-07 18:02:32] [SKIP] EURUSDm same candle 2026-05-07 10:55:00  skip
[2026-05-07 18:02:32] [SELECT] Symbol switched: EURUSDm -> XAUUSDm | AI watchlist candidate
[2026-05-07 18:02:32] [SCAN] Analyzing XAUUSDm
[2026-05-07 18:02:33] [SKIP] XAUUSDm same candle 2026-05-07 10:55:00  skip
[2026-05-07 18:02:33] [SELECT] Symbol switched: XAUUSDm -> USDJPYm | AI watchlist candidate
[2026-05-07 18:02:33] [SCAN] Analyzing USDJPYm
[2026-05-07 18:02:34] [SKIP] USDJPYm same candle 2026-05-07 10:55:00  skip
[2026-05-07 18:02:34] [SELECT] Symbol switched: USDJPYm -> EURJPYm | AI watchlist candidate
[2026-05-07 18:02:34] [SCAN] Analyzing EURJPYm
[2026-05-07 18:02:34] [SKIP] EURJPYm same candle 2026-05-07 10:55:00  skip
[2026-05-07 18:02:34] [WAIT] No order this round
[2026-05-07 18:03:34] [AI] Using cached scan from 2026-05-07 14:00:37 | symbols=GBPUSDm, EURUSDm, XAUUSDm, USDJPYm, EURJPYm
[2026-05-07 18:03:34] [WATCH] Watchlist: GBPUSDm, EURUSDm, XAUUSDm, USDJPYm, EURJPYm
[2026-05-07 18:03:34] [SELECT] Symbol switched: EURJPYm -> GBPUSDm | AI watchlist candidate
[2026-05-07 18:03:34] [SCAN] Analyzing GBPUSDm
[2026-05-07 18:03:35] [SKIP] GBPUSDm same candle 2026-05-07 10:55:00  skip
[2026-05-07 18:03:35] [SELECT] Symbol switched: GBPUSDm -> EURUSDm | AI watchlist candidate
[2026-05-07 18:03:35] [SCAN] Analyzing EURUSDm
[2026-05-07 18:03:36] [SKIP] EURUSDm same candle 2026-05-07 10:55:00  skip
[2026-05-07 18:03:36] [SELECT] Symbol switched: EURUSDm -> XAUUSDm | AI watchlist candidate
[2026-05-07 18:03:36] [SCAN] Analyzing XAUUSDm
[2026-05-07 18:03:36] [SKIP] XAUUSDm same candle 2026-05-07 10:55:00  skip
[2026-05-07 18:03:36] [SELECT] Symbol switched: XAUUSDm -> USDJPYm | AI watchlist candidate
[2026-05-07 18:03:36] [SCAN] Analyzing USDJPYm
[2026-05-07 18:03:37] [SKIP] USDJPYm same candle 2026-05-07 10:55:00  skip
[2026-05-07 18:03:37] [SELECT] Symbol switched: USDJPYm -> EURJPYm | AI watchlist candidate
[2026-05-07 18:03:37] [SCAN] Analyzing EURJPYm
[2026-05-07 18:03:38] [SKIP] EURJPYm same candle 2026-05-07 10:55:00  skip
[2026-05-07 18:03:38] [WAIT] No order this round
[2026-05-07 18:04:38] [AI] Using cached scan from 2026-05-07 14:00:37 | symbols=GBPUSDm, EURUSDm, XAUUSDm, USDJPYm, EURJPYm
[2026-05-07 18:04:38] [WATCH] Watchlist: GBPUSDm, EURUSDm, XAUUSDm, USDJPYm, EURJPYm
[2026-05-07 18:04:38] [SELECT] Symbol switched: EURJPYm -> GBPUSDm | AI watchlist candidate
[2026-05-07 18:04:38] [SCAN] Analyzing GBPUSDm
[2026-05-07 18:04:39] [SKIP] GBPUSDm same candle 2026-05-07 10:55:00  skip
[2026-05-07 18:04:39] [SELECT] Symbol switched: GBPUSDm -> EURUSDm | AI watchlist candidate
[2026-05-07 18:04:39] [SCAN] Analyzing EURUSDm
[2026-05-07 18:04:39] [SKIP] EURUSDm same candle 2026-05-07 10:55:00  skip
[2026-05-07 18:04:39] [SELECT] Symbol switched: EURUSDm -> XAUUSDm | AI watchlist candidate
[2026-05-07 18:04:39] [SCAN] Analyzing XAUUSDm
[2026-05-07 18:04:40] [SKIP] XAUUSDm same candle 2026-05-07 10:55:00  skip
[2026-05-07 18:04:40] [SELECT] Symbol switched: XAUUSDm -> USDJPYm | AI watchlist candidate
[2026-05-07 18:04:40] [SCAN] Analyzing USDJPYm
[2026-05-07 18:04:41] [SKIP] USDJPYm same candle 2026-05-07 10:55:00  skip
[2026-05-07 18:04:41] [SELECT] Symbol switched: USDJPYm -> EURJPYm | AI watchlist candidate
[2026-05-07 18:04:41] [SCAN] Analyzing EURJPYm
[2026-05-07 18:04:41] [SKIP] EURJPYm same candle 2026-05-07 10:55:00  skip
[2026-05-07 18:04:41] [WAIT] No order this round
[2026-05-07 18:05:41] [AI] Using cached scan from 2026-05-07 14:00:37 | symbols=GBPUSDm, EURUSDm, XAUUSDm, USDJPYm, EURJPYm
[2026-05-07 18:05:41] [WATCH] Watchlist: GBPUSDm, EURUSDm, XAUUSDm, USDJPYm, EURJPYm
[2026-05-07 18:05:41] [SELECT] Symbol switched: EURJPYm -> GBPUSDm | AI watchlist candidate
[2026-05-07 18:05:41] [SCAN] Analyzing GBPUSDm
[2026-05-07 18:05:42] Signal: {'time': Timestamp('2026-05-07 11:00:00'), 'symbol': 'GBPUSDm', 'side': 'NO_TRADE', 'price': 1.36222, 'reason': 'no Donchian breakout'}
[2026-05-07 18:05:42] [SKIP] GBPUSDm NO_TRADE: no Donchian breakout
[2026-05-07 18:05:42] [SELECT] Symbol switched: GBPUSDm -> EURUSDm | AI watchlist candidate
[2026-05-07 18:05:42] [SCAN] Analyzing EURUSDm
[2026-05-07 18:05:43] Signal: {'time': Timestamp('2026-05-07 11:00:00'), 'symbol': 'EURUSDm', 'side': 'NO_TRADE', 'price': 1.17665, 'reason': 'no Donchian breakout'}
[2026-05-07 18:05:43] [SKIP] EURUSDm NO_TRADE: no Donchian breakout
[2026-05-07 18:05:43] [SELECT] Symbol switched: EURUSDm -> XAUUSDm | AI watchlist candidate
[2026-05-07 18:05:43] [SCAN] Analyzing XAUUSDm
[2026-05-07 18:05:44] Signal: {'time': Timestamp('2026-05-07 11:00:00'), 'symbol': 'XAUUSDm', 'side': 'NO_TRADE', 'price': 4735.484, 'reason': 'no Donchian breakout'}
[2026-05-07 18:05:44] [SKIP] XAUUSDm NO_TRADE: no Donchian breakout
[2026-05-07 18:05:44] [SELECT] Symbol switched: XAUUSDm -> USDJPYm | AI watchlist candidate
[2026-05-07 18:05:44] [SCAN] Analyzing USDJPYm
[2026-05-07 18:05:45] Signal: {'time': Timestamp('2026-05-07 11:00:00'), 'symbol': 'USDJPYm', 'side': 'NO_TRADE', 'price': 156.384, 'reason': 'no Donchian breakout'}
[2026-05-07 18:05:45] [SKIP] USDJPYm NO_TRADE: no Donchian breakout
[2026-05-07 18:05:45] [SELECT] Symbol switched: USDJPYm -> EURJPYm | AI watchlist candidate
[2026-05-07 18:05:45] [SCAN] Analyzing EURJPYm
[2026-05-07 18:05:45] Signal: {'time': Timestamp('2026-05-07 11:00:00'), 'symbol': 'EURJPYm', 'side': 'NO_TRADE', 'price': 184.017, 'reason': 'no Donchian breakout'}
[2026-05-07 18:05:45] [SKIP] EURJPYm NO_TRADE: no Donchian breakout
[2026-05-07 18:05:45] [WAIT] No order this round
[2026-05-07 18:06:45] [AI] Using cached scan from 2026-05-07 14:00:37 | symbols=GBPUSDm, EURUSDm, XAUUSDm, USDJPYm, EURJPYm
[2026-05-07 18:06:45] [WATCH] Watchlist: GBPUSDm, EURUSDm, XAUUSDm, USDJPYm, EURJPYm
[2026-05-07 18:06:45] [SELECT] Symbol switched: EURJPYm -> GBPUSDm | AI watchlist candidate
[2026-05-07 18:06:45] [SCAN] Analyzing GBPUSDm
[2026-05-07 18:06:46] [SKIP] GBPUSDm same candle 2026-05-07 11:00:00  skip
[2026-05-07 18:06:46] [SELECT] Symbol switched: GBPUSDm -> EURUSDm | AI watchlist candidate
[2026-05-07 18:06:46] [SCAN] Analyzing EURUSDm
[2026-05-07 18:06:47] [SKIP] EURUSDm same candle 2026-05-07 11:00:00  skip
[2026-05-07 18:06:47] [SELECT] Symbol switched: EURUSDm -> XAUUSDm | AI watchlist candidate
[2026-05-07 18:06:47] [SCAN] Analyzing XAUUSDm
[2026-05-07 18:06:48] [SKIP] XAUUSDm same candle 2026-05-07 11:00:00  skip
[2026-05-07 18:06:48] [SELECT] Symbol switched: XAUUSDm -> USDJPYm | AI watchlist candidate
[2026-05-07 18:06:48] [SCAN] Analyzing USDJPYm
[2026-05-07 18:06:48] [SKIP] USDJPYm same candle 2026-05-07 11:00:00  skip
[2026-05-07 18:06:48] [SELECT] Symbol switched: USDJPYm -> EURJPYm | AI watchlist candidate
[2026-05-07 18:06:48] [SCAN] Analyzing EURJPYm
[2026-05-07 18:06:49] [SKIP] EURJPYm same candle 2026-05-07 11:00:00  skip
[2026-05-07 18:06:49] [WAIT] No order this round
[2026-05-07 18:07:49] [AI] Using cached scan from 2026-05-07 14:00:37 | symbols=GBPUSDm, EURUSDm, XAUUSDm, USDJPYm, EURJPYm
[2026-05-07 18:07:49] [WATCH] Watchlist: GBPUSDm, EURUSDm, XAUUSDm, USDJPYm, EURJPYm
[2026-05-07 18:07:49] [SELECT] Symbol switched: EURJPYm -> GBPUSDm | AI watchlist candidate
[2026-05-07 18:07:49] [SCAN] Analyzing GBPUSDm
[2026-05-07 18:07:50] [SKIP] GBPUSDm same candle 2026-05-07 11:00:00  skip
[2026-05-07 18:07:50] [SELECT] Symbol switched: GBPUSDm -> EURUSDm | AI watchlist candidate
[2026-05-07 18:07:50] [SCAN] Analyzing EURUSDm
[2026-05-07 18:07:50] [SKIP] EURUSDm same candle 2026-05-07 11:00:00  skip
[2026-05-07 18:07:50] [SELECT] Symbol switched: EURUSDm -> XAUUSDm | AI watchlist candidate
[2026-05-07 18:07:50] [SCAN] Analyzing XAUUSDm
[2026-05-07 18:07:51] [SKIP] XAUUSDm same candle 2026-05-07 11:00:00  skip
[2026-05-07 18:07:51] [SELECT] Symbol switched: XAUUSDm -> USDJPYm | AI watchlist candidate
[2026-05-07 18:07:51] [SCAN] Analyzing USDJPYm
[2026-05-07 18:07:52] [SKIP] USDJPYm same candle 2026-05-07 11:00:00  skip
[2026-05-07 18:07:52] [SELECT] Symbol switched: USDJPYm -> EURJPYm | AI watchlist candidate
[2026-05-07 18:07:52] [SCAN] Analyzing EURJPYm
[2026-05-07 18:07:53] [SKIP] EURJPYm same candle 2026-05-07 11:00:00  skip
[2026-05-07 18:07:53] [WAIT] No order this round
[2026-05-07 18:08:53] [AI] Using cached scan from 2026-05-07 14:00:37 | symbols=GBPUSDm, EURUSDm, XAUUSDm, USDJPYm, EURJPYm
[2026-05-07 18:08:53] [WATCH] Watchlist: GBPUSDm, EURUSDm, XAUUSDm, USDJPYm, EURJPYm
[2026-05-07 18:08:53] [SELECT] Symbol switched: EURJPYm -> GBPUSDm | AI watchlist candidate
[2026-05-07 18:08:53] [SCAN] Analyzing GBPUSDm
[2026-05-07 18:08:53] [SKIP] GBPUSDm same candle 2026-05-07 11:00:00  skip
[2026-05-07 18:08:53] [SELECT] Symbol switched: GBPUSDm -> EURUSDm | AI watchlist candidate
[2026-05-07 18:08:53] [SCAN] Analyzing EURUSDm
[2026-05-07 18:08:54] [SKIP] EURUSDm same candle 2026-05-07 11:00:00  skip
[2026-05-07 18:08:54] [SELECT] Symbol switched: EURUSDm -> XAUUSDm | AI watchlist candidate
[2026-05-07 18:08:54] [SCAN] Analyzing XAUUSDm
[2026-05-07 18:08:55] [SKIP] XAUUSDm same candle 2026-05-07 11:00:00  skip
[2026-05-07 18:08:55] [SELECT] Symbol switched: XAUUSDm -> USDJPYm | AI watchlist candidate
[2026-05-07 18:08:55] [SCAN] Analyzing USDJPYm
[2026-05-07 18:08:55] [SKIP] USDJPYm same candle 2026-05-07 11:00:00  skip
[2026-05-07 18:08:55] [SELECT] Symbol switched: USDJPYm -> EURJPYm | AI watchlist candidate
[2026-05-07 18:08:55] [SCAN] Analyzing EURJPYm
[2026-05-07 18:08:56] [SKIP] EURJPYm same candle 2026-05-07 11:00:00  skip
[2026-05-07 18:08:56] [WAIT] No order this round
[2026-05-07 18:09:56] [AI] Using cached scan from 2026-05-07 14:00:37 | symbols=GBPUSDm, EURUSDm, XAUUSDm, USDJPYm, EURJPYm
[2026-05-07 18:09:56] [WATCH] Watchlist: GBPUSDm, EURUSDm, XAUUSDm, USDJPYm, EURJPYm
[2026-05-07 18:09:56] [SELECT] Symbol switched: EURJPYm -> GBPUSDm | AI watchlist candidate
[2026-05-07 18:09:56] [SCAN] Analyzing GBPUSDm
[2026-05-07 18:09:57] [SKIP] GBPUSDm same candle 2026-05-07 11:00:00  skip
[2026-05-07 18:09:57] [SELECT] Symbol switched: GBPUSDm -> EURUSDm | AI watchlist candidate
[2026-05-07 18:09:57] [SCAN] Analyzing EURUSDm
[2026-05-07 18:09:58] [SKIP] EURUSDm same candle 2026-05-07 11:00:00  skip
[2026-05-07 18:09:58] [SELECT] Symbol switched: EURUSDm -> XAUUSDm | AI watchlist candidate
[2026-05-07 18:09:58] [SCAN] Analyzing XAUUSDm
[2026-05-07 18:09:58] [SKIP] XAUUSDm same candle 2026-05-07 11:00:00  skip
[2026-05-07 18:09:58] [SELECT] Symbol switched: XAUUSDm -> USDJPYm | AI watchlist candidate
[2026-05-07 18:09:58] [SCAN] Analyzing USDJPYm
[2026-05-07 18:09:59] [SKIP] USDJPYm same candle 2026-05-07 11:00:00  skip
[2026-05-07 18:09:59] [SELECT] Symbol switched: USDJPYm -> EURJPYm | AI watchlist candidate
[2026-05-07 18:09:59] [SCAN] Analyzing EURJPYm
[2026-05-07 18:10:00] [SKIP] EURJPYm same candle 2026-05-07 11:00:00  skip
[2026-05-07 18:10:00] [WAIT] No order this round
[2026-05-07 18:11:00] [AI] Using cached scan from 2026-05-07 14:00:37 | symbols=GBPUSDm, EURUSDm, XAUUSDm, USDJPYm, EURJPYm
[2026-05-07 18:11:00] [WATCH] Watchlist: GBPUSDm, EURUSDm, XAUUSDm, USDJPYm, EURJPYm
[2026-05-07 18:11:00] [SELECT] Symbol switched: EURJPYm -> GBPUSDm | AI watchlist candidate
[2026-05-07 18:11:00] [SCAN] Analyzing GBPUSDm
[2026-05-07 18:11:01] Signal: {'time': Timestamp('2026-05-07 11:05:00'), 'symbol': 'GBPUSDm', 'side': 'NO_TRADE', 'price': 1.3618700000000001, 'reason': 'no Donchian breakout'}
[2026-05-07 18:11:01] [SKIP] GBPUSDm NO_TRADE: no Donchian breakout
[2026-05-07 18:11:01] [SELECT] Symbol switched: GBPUSDm -> EURUSDm | AI watchlist candidate
[2026-05-07 18:11:01] [SCAN] Analyzing EURUSDm
[2026-05-07 18:11:01] Signal: {'time': Timestamp('2026-05-07 11:05:00'), 'symbol': 'EURUSDm', 'side': 'NO_TRADE', 'price': 1.17664, 'reason': 'no Donchian breakout'}
[2026-05-07 18:11:01] [SKIP] EURUSDm NO_TRADE: no Donchian breakout
[2026-05-07 18:11:01] [SELECT] Symbol switched: EURUSDm -> XAUUSDm | AI watchlist candidate
[2026-05-07 18:11:01] [SCAN] Analyzing XAUUSDm
[2026-05-07 18:11:02] Signal: {'time': Timestamp('2026-05-07 11:05:00'), 'symbol': 'XAUUSDm', 'side': 'NO_TRADE', 'price': 4733.783, 'reason': 'no Donchian breakout'}
[2026-05-07 18:11:02] [SKIP] XAUUSDm NO_TRADE: no Donchian breakout
[2026-05-07 18:11:02] [SELECT] Symbol switched: XAUUSDm -> USDJPYm | AI watchlist candidate
[2026-05-07 18:11:02] [SCAN] Analyzing USDJPYm
[2026-05-07 18:11:03] Signal: {'time': Timestamp('2026-05-07 11:05:00'), 'symbol': 'USDJPYm', 'side': 'NO_TRADE', 'price': 156.36, 'reason': 'no Donchian breakout'}
[2026-05-07 18:11:03] [SKIP] USDJPYm NO_TRADE: no Donchian breakout
[2026-05-07 18:11:03] [SELECT] Symbol switched: USDJPYm -> EURJPYm | AI watchlist candidate
[2026-05-07 18:11:03] [SCAN] Analyzing EURJPYm
[2026-05-07 18:11:04] Signal: {'time': Timestamp('2026-05-07 11:05:00'), 'symbol': 'EURJPYm', 'side': 'NO_TRADE', 'price': 183.987, 'reason': 'M15 trend not aligned side=SELL trend=1.0'}
[2026-05-07 18:11:04] [SKIP] EURJPYm NO_TRADE: M15 trend not aligned side=SELL trend=1.0
[2026-05-07 18:11:04] [WAIT] No order this round
[2026-05-07 18:12:04] [AI] Using cached scan from 2026-05-07 14:00:37 | symbols=GBPUSDm, EURUSDm, XAUUSDm, USDJPYm, EURJPYm
[2026-05-07 18:12:04] [WATCH] Watchlist: GBPUSDm, EURUSDm, XAUUSDm, USDJPYm, EURJPYm
[2026-05-07 18:12:04] [SELECT] Symbol switched: EURJPYm -> GBPUSDm | AI watchlist candidate
[2026-05-07 18:12:04] [SCAN] Analyzing GBPUSDm
[2026-05-07 18:12:04] [SKIP] GBPUSDm same candle 2026-05-07 11:05:00  skip
[2026-05-07 18:12:04] [SELECT] Symbol switched: GBPUSDm -> EURUSDm | AI watchlist candidate
[2026-05-07 18:12:04] [SCAN] Analyzing EURUSDm
[2026-05-07 18:12:05] [SKIP] EURUSDm same candle 2026-05-07 11:05:00  skip
[2026-05-07 18:12:05] [SELECT] Symbol switched: EURUSDm -> XAUUSDm | AI watchlist candidate
[2026-05-07 18:12:05] [SCAN] Analyzing XAUUSDm
[2026-05-07 18:12:06] [SKIP] XAUUSDm same candle 2026-05-07 11:05:00  skip
[2026-05-07 18:12:06] [SELECT] Symbol switched: XAUUSDm -> USDJPYm | AI watchlist candidate
[2026-05-07 18:12:06] [SCAN] Analyzing USDJPYm
[2026-05-07 18:12:07] [SKIP] USDJPYm same candle 2026-05-07 11:05:00  skip
[2026-05-07 18:12:07] [SELECT] Symbol switched: USDJPYm -> EURJPYm | AI watchlist candidate
[2026-05-07 18:12:07] [SCAN] Analyzing EURJPYm
[2026-05-07 18:12:07] [SKIP] EURJPYm same candle 2026-05-07 11:05:00  skip
[2026-05-07 18:12:07] [WAIT] No order this round
[2026-05-07 18:13:07] [AI] Using cached scan from 2026-05-07 14:00:37 | symbols=GBPUSDm, EURUSDm, XAUUSDm, USDJPYm, EURJPYm
[2026-05-07 18:13:07] [WATCH] Watchlist: GBPUSDm, EURUSDm, XAUUSDm, USDJPYm, EURJPYm
[2026-05-07 18:13:07] [SELECT] Symbol switched: EURJPYm -> GBPUSDm | AI watchlist candidate
[2026-05-07 18:13:07] [SCAN] Analyzing GBPUSDm
[2026-05-07 18:13:08] [SKIP] GBPUSDm same candle 2026-05-07 11:05:00  skip
[2026-05-07 18:13:08] [SELECT] Symbol switched: GBPUSDm -> EURUSDm | AI watchlist candidate
[2026-05-07 18:13:08] [SCAN] Analyzing EURUSDm
[2026-05-07 18:13:09] [SKIP] EURUSDm same candle 2026-05-07 11:05:00  skip
[2026-05-07 18:13:09] [SELECT] Symbol switched: EURUSDm -> XAUUSDm | AI watchlist candidate
[2026-05-07 18:13:09] [SCAN] Analyzing XAUUSDm
[2026-05-07 18:13:09] [SKIP] XAUUSDm same candle 2026-05-07 11:05:00  skip
[2026-05-07 18:13:09] [SELECT] Symbol switched: XAUUSDm -> USDJPYm | AI watchlist candidate
[2026-05-07 18:13:09] [SCAN] Analyzing USDJPYm
[2026-05-07 18:13:10] [SKIP] USDJPYm same candle 2026-05-07 11:05:00  skip
[2026-05-07 18:13:10] [SELECT] Symbol switched: USDJPYm -> EURJPYm | AI watchlist candidate
[2026-05-07 18:13:10] [SCAN] Analyzing EURJPYm
[2026-05-07 18:13:11] [SKIP] EURJPYm same candle 2026-05-07 11:05:00  skip
[2026-05-07 18:13:11] [WAIT] No order this round
[2026-05-07 18:14:11] [AI] Using cached scan from 2026-05-07 14:00:37 | symbols=GBPUSDm, EURUSDm, XAUUSDm, USDJPYm, EURJPYm
[2026-05-07 18:14:11] [WATCH] Watchlist: GBPUSDm, EURUSDm, XAUUSDm, USDJPYm, EURJPYm
[2026-05-07 18:14:11] [SELECT] Symbol switched: EURJPYm -> GBPUSDm | AI watchlist candidate
[2026-05-07 18:14:11] [SCAN] Analyzing GBPUSDm
[2026-05-07 18:14:12] [SKIP] GBPUSDm same candle 2026-05-07 11:05:00  skip
[2026-05-07 18:14:12] [SELECT] Symbol switched: GBPUSDm -> EURUSDm | AI watchlist candidate
[2026-05-07 18:14:12] [SCAN] Analyzing EURUSDm
[2026-05-07 18:14:12] [SKIP] EURUSDm same candle 2026-05-07 11:05:00  skip
[2026-05-07 18:14:12] [SELECT] Symbol switched: EURUSDm -> XAUUSDm | AI watchlist candidate
[2026-05-07 18:14:12] [SCAN] Analyzing XAUUSDm
[2026-05-07 18:14:13] [SKIP] XAUUSDm same candle 2026-05-07 11:05:00  skip
[2026-05-07 18:14:13] [SELECT] Symbol switched: XAUUSDm -> USDJPYm | AI watchlist candidate
[2026-05-07 18:14:13] [SCAN] Analyzing USDJPYm
[2026-05-07 18:14:14] [SKIP] USDJPYm same candle 2026-05-07 11:05:00  skip
[2026-05-07 18:14:14] [SELECT] Symbol switched: USDJPYm -> EURJPYm | AI watchlist candidate
[2026-05-07 18:14:14] [SCAN] Analyzing EURJPYm
[2026-05-07 18:14:14] [SKIP] EURJPYm same candle 2026-05-07 11:05:00  skip
[2026-05-07 18:14:14] [WAIT] No order this round
[2026-05-07 18:15:14] [AI] Using cached scan from 2026-05-07 14:00:37 | symbols=GBPUSDm, EURUSDm, XAUUSDm, USDJPYm, EURJPYm
[2026-05-07 18:15:14] [WATCH] Watchlist: GBPUSDm, EURUSDm, XAUUSDm, USDJPYm, EURJPYm
[2026-05-07 18:15:14] [SELECT] Symbol switched: EURJPYm -> GBPUSDm | AI watchlist candidate
[2026-05-07 18:15:14] [SCAN] Analyzing GBPUSDm
[2026-05-07 18:15:15] Signal: {'time': Timestamp('2026-05-07 11:10:00'), 'symbol': 'GBPUSDm', 'side': 'NO_TRADE', 'price': 1.3612600000000001, 'reason': 'M15 ADX not rising'}
[2026-05-07 18:15:15] [SKIP] GBPUSDm NO_TRADE: M15 ADX not rising
[2026-05-07 18:15:15] [SELECT] Symbol switched: GBPUSDm -> EURUSDm | AI watchlist candidate
[2026-05-07 18:15:15] [SCAN] Analyzing EURUSDm
[2026-05-07 18:15:16] Signal: {'time': Timestamp('2026-05-07 11:10:00'), 'symbol': 'EURUSDm', 'side': 'NO_TRADE', 'price': 1.17635, 'reason': 'M15 ADX not rising'}
[2026-05-07 18:15:16] [SKIP] EURUSDm NO_TRADE: M15 ADX not rising
[2026-05-07 18:15:16] [SELECT] Symbol switched: EURUSDm -> XAUUSDm | AI watchlist candidate
[2026-05-07 18:15:16] [SCAN] Analyzing XAUUSDm
[2026-05-07 18:15:17] Signal: {'time': Timestamp('2026-05-07 11:10:00'), 'symbol': 'XAUUSDm', 'side': 'NO_TRADE', 'price': 4730.342, 'reason': 'no Donchian breakout'}
[2026-05-07 18:15:17] [SKIP] XAUUSDm NO_TRADE: no Donchian breakout
[2026-05-07 18:15:17] [SELECT] Symbol switched: XAUUSDm -> USDJPYm | AI watchlist candidate
[2026-05-07 18:15:17] [SCAN] Analyzing USDJPYm
[2026-05-07 18:15:17] Signal: {'time': Timestamp('2026-05-07 11:10:00'), 'symbol': 'USDJPYm', 'side': 'NO_TRADE', 'price': 156.383, 'reason': 'no Donchian breakout'}
[2026-05-07 18:15:17] [SKIP] USDJPYm NO_TRADE: no Donchian breakout
[2026-05-07 18:15:17] [SELECT] Symbol switched: USDJPYm -> EURJPYm | AI watchlist candidate
[2026-05-07 18:15:17] [SCAN] Analyzing EURJPYm
[2026-05-07 18:15:18] Signal: {'time': Timestamp('2026-05-07 11:10:00'), 'symbol': 'EURJPYm', 'side': 'NO_TRADE', 'price': 183.963, 'reason': 'M15 trend not aligned side=SELL trend=1.0'}
[2026-05-07 18:15:18] [SKIP] EURJPYm NO_TRADE: M15 trend not aligned side=SELL trend=1.0
[2026-05-07 18:15:18] [WAIT] No order this round
[2026-05-07 18:16:18] [AI] Using cached scan from 2026-05-07 14:00:37 | symbols=GBPUSDm, EURUSDm, XAUUSDm, USDJPYm, EURJPYm
[2026-05-07 18:16:18] [WATCH] Watchlist: GBPUSDm, EURUSDm, XAUUSDm, USDJPYm, EURJPYm
[2026-05-07 18:16:18] [SELECT] Symbol switched: EURJPYm -> GBPUSDm | AI watchlist candidate
[2026-05-07 18:16:18] [SCAN] Analyzing GBPUSDm
[2026-05-07 18:16:19] [SKIP] GBPUSDm same candle 2026-05-07 11:10:00  skip
[2026-05-07 18:16:19] [SELECT] Symbol switched: GBPUSDm -> EURUSDm | AI watchlist candidate
[2026-05-07 18:16:19] [SCAN] Analyzing EURUSDm
[2026-05-07 18:16:20] [SKIP] EURUSDm same candle 2026-05-07 11:10:00  skip
[2026-05-07 18:16:20] [SELECT] Symbol switched: EURUSDm -> XAUUSDm | AI watchlist candidate
[2026-05-07 18:16:20] [SCAN] Analyzing XAUUSDm
[2026-05-07 18:16:20] [SKIP] XAUUSDm same candle 2026-05-07 11:10:00  skip
[2026-05-07 18:16:20] [SELECT] Symbol switched: XAUUSDm -> USDJPYm | AI watchlist candidate
[2026-05-07 18:16:20] [SCAN] Analyzing USDJPYm
[2026-05-07 18:16:21] [SKIP] USDJPYm same candle 2026-05-07 11:10:00  skip
[2026-05-07 18:16:21] [SELECT] Symbol switched: USDJPYm -> EURJPYm | AI watchlist candidate
[2026-05-07 18:16:21] [SCAN] Analyzing EURJPYm
[2026-05-07 18:16:22] [SKIP] EURJPYm same candle 2026-05-07 11:10:00  skip
[2026-05-07 18:16:22] [WAIT] No order this round
[2026-05-07 18:17:22] [AI] Using cached scan from 2026-05-07 14:00:37 | symbols=GBPUSDm, EURUSDm, XAUUSDm, USDJPYm, EURJPYm
[2026-05-07 18:17:22] [WATCH] Watchlist: GBPUSDm, EURUSDm, XAUUSDm, USDJPYm, EURJPYm
[2026-05-07 18:17:22] [SELECT] Symbol switched: EURJPYm -> GBPUSDm | AI watchlist candidate
[2026-05-07 18:17:22] [SCAN] Analyzing GBPUSDm
[2026-05-07 18:17:23] [SKIP] GBPUSDm same candle 2026-05-07 11:10:00  skip
[2026-05-07 18:17:23] [SELECT] Symbol switched: GBPUSDm -> EURUSDm | AI watchlist candidate
[2026-05-07 18:17:23] [SCAN] Analyzing EURUSDm
[2026-05-07 18:17:23] [SKIP] EURUSDm same candle 2026-05-07 11:10:00  skip
[2026-05-07 18:17:23] [SELECT] Symbol switched: EURUSDm -> XAUUSDm | AI watchlist candidate
[2026-05-07 18:17:23] [SCAN] Analyzing XAUUSDm
[2026-05-07 18:17:24] [SKIP] XAUUSDm same candle 2026-05-07 11:10:00  skip
[2026-05-07 18:17:24] [SELECT] Symbol switched: XAUUSDm -> USDJPYm | AI watchlist candidate
[2026-05-07 18:17:24] [SCAN] Analyzing USDJPYm
[2026-05-07 18:17:25] [SKIP] USDJPYm same candle 2026-05-07 11:10:00  skip
[2026-05-07 18:17:25] [SELECT] Symbol switched: USDJPYm -> EURJPYm | AI watchlist candidate
[2026-05-07 18:17:25] [SCAN] Analyzing EURJPYm
[2026-05-07 18:17:25] [SKIP] EURJPYm same candle 2026-05-07 11:10:00  skip
[2026-05-07 18:17:25] [WAIT] No order this round
[2026-05-07 18:18:25] [AI] Using cached scan from 2026-05-07 14:00:37 | symbols=GBPUSDm, EURUSDm, XAUUSDm, USDJPYm, EURJPYm
[2026-05-07 18:18:25] [WATCH] Watchlist: GBPUSDm, EURUSDm, XAUUSDm, USDJPYm, EURJPYm
[2026-05-07 18:18:25] [SELECT] Symbol switched: EURJPYm -> GBPUSDm | AI watchlist candidate
[2026-05-07 18:18:25] [SCAN] Analyzing GBPUSDm
[2026-05-07 18:18:26] [SKIP] GBPUSDm same candle 2026-05-07 11:10:00  skip
[2026-05-07 18:18:26] [SELECT] Symbol switched: GBPUSDm -> EURUSDm | AI watchlist candidate
[2026-05-07 18:18:26] [SCAN] Analyzing EURUSDm
[2026-05-07 18:18:27] [SKIP] EURUSDm same candle 2026-05-07 11:10:00  skip
[2026-05-07 18:18:27] [SELECT] Symbol switched: EURUSDm -> XAUUSDm | AI watchlist candidate
[2026-05-07 18:18:27] [SCAN] Analyzing XAUUSDm
[2026-05-07 18:18:28] [SKIP] XAUUSDm same candle 2026-05-07 11:10:00  skip
[2026-05-07 18:18:28] [SELECT] Symbol switched: XAUUSDm -> USDJPYm | AI watchlist candidate
[2026-05-07 18:18:28] [SCAN] Analyzing USDJPYm
[2026-05-07 18:18:28] [SKIP] USDJPYm same candle 2026-05-07 11:10:00  skip
[2026-05-07 18:18:28] [SELECT] Symbol switched: USDJPYm -> EURJPYm | AI watchlist candidate
[2026-05-07 18:18:28] [SCAN] Analyzing EURJPYm
[2026-05-07 18:18:29] [SKIP] EURJPYm same candle 2026-05-07 11:10:00  skip
[2026-05-07 18:18:29] [WAIT] No order this round
[2026-05-07 18:19:29] [AI] Using cached scan from 2026-05-07 14:00:37 | symbols=GBPUSDm, EURUSDm, XAUUSDm, USDJPYm, EURJPYm
[2026-05-07 18:19:29] [WATCH] Watchlist: GBPUSDm, EURUSDm, XAUUSDm, USDJPYm, EURJPYm
[2026-05-07 18:19:29] [SELECT] Symbol switched: EURJPYm -> GBPUSDm | AI watchlist candidate
[2026-05-07 18:19:29] [SCAN] Analyzing GBPUSDm
[2026-05-07 18:19:30] [SKIP] GBPUSDm same candle 2026-05-07 11:10:00  skip
[2026-05-07 18:19:30] [SELECT] Symbol switched: GBPUSDm -> EURUSDm | AI watchlist candidate
[2026-05-07 18:19:30] [SCAN] Analyzing EURUSDm
[2026-05-07 18:19:30] [SKIP] EURUSDm same candle 2026-05-07 11:10:00  skip
[2026-05-07 18:19:30] [SELECT] Symbol switched: EURUSDm -> XAUUSDm | AI watchlist candidate
[2026-05-07 18:19:30] [SCAN] Analyzing XAUUSDm
[2026-05-07 18:19:31] [SKIP] XAUUSDm same candle 2026-05-07 11:10:00  skip
[2026-05-07 18:19:31] [SELECT] Symbol switched: XAUUSDm -> USDJPYm | AI watchlist candidate
[2026-05-07 18:19:31] [SCAN] Analyzing USDJPYm
[2026-05-07 18:19:32] [SKIP] USDJPYm same candle 2026-05-07 11:10:00  skip
[2026-05-07 18:19:32] [SELECT] Symbol switched: USDJPYm -> EURJPYm | AI watchlist candidate
[2026-05-07 18:19:32] [SCAN] Analyzing EURJPYm
[2026-05-07 18:19:33] [SKIP] EURJPYm same candle 2026-05-07 11:10:00  skip
[2026-05-07 18:19:33] [WAIT] No order this round
[2026-05-07 18:20:33] [AI] Using cached scan from 2026-05-07 14:00:37 | symbols=GBPUSDm, EURUSDm, XAUUSDm, USDJPYm, EURJPYm
[2026-05-07 18:20:33] [WATCH] Watchlist: GBPUSDm, EURUSDm, XAUUSDm, USDJPYm, EURJPYm
[2026-05-07 18:20:33] [SELECT] Symbol switched: EURJPYm -> GBPUSDm | AI watchlist candidate
[2026-05-07 18:20:33] [SCAN] Analyzing GBPUSDm
[2026-05-07 18:20:33] Signal: {'time': Timestamp('2026-05-07 11:15:00'), 'symbol': 'GBPUSDm', 'side': 'NO_TRADE', 'price': 1.36106, 'reason': 'M15 ADX not rising'}
[2026-05-07 18:20:33] [SKIP] GBPUSDm NO_TRADE: M15 ADX not rising
[2026-05-07 18:20:33] [SELECT] Symbol switched: GBPUSDm -> EURUSDm | AI watchlist candidate
[2026-05-07 18:20:33] [SCAN] Analyzing EURUSDm
[2026-05-07 18:20:34] Signal: {'time': Timestamp('2026-05-07 11:15:00'), 'symbol': 'EURUSDm', 'side': 'NO_TRADE', 'price': 1.17633, 'reason': 'no Donchian breakout'}
[2026-05-07 18:20:34] [SKIP] EURUSDm NO_TRADE: no Donchian breakout
[2026-05-07 18:20:34] [SELECT] Symbol switched: EURUSDm -> XAUUSDm | AI watchlist candidate
[2026-05-07 18:20:34] [SCAN] Analyzing XAUUSDm
[2026-05-07 18:20:35] Signal: {'time': Timestamp('2026-05-07 11:15:00'), 'symbol': 'XAUUSDm', 'side': 'NO_TRADE', 'price': 4730.452, 'reason': 'no Donchian breakout'}
[2026-05-07 18:20:35] [SKIP] XAUUSDm NO_TRADE: no Donchian breakout
[2026-05-07 18:20:35] [SELECT] Symbol switched: XAUUSDm -> USDJPYm | AI watchlist candidate
[2026-05-07 18:20:35] [SCAN] Analyzing USDJPYm
[2026-05-07 18:20:36] Signal: {'time': Timestamp('2026-05-07 11:15:00'), 'symbol': 'USDJPYm', 'side': 'NO_TRADE', 'price': 156.384, 'reason': 'no Donchian breakout'}
[2026-05-07 18:20:36] [SKIP] USDJPYm NO_TRADE: no Donchian breakout
[2026-05-07 18:20:36] [SELECT] Symbol switched: USDJPYm -> EURJPYm | AI watchlist candidate
[2026-05-07 18:20:36] [SCAN] Analyzing EURJPYm
[2026-05-07 18:20:36] Signal: {'time': Timestamp('2026-05-07 11:15:00'), 'symbol': 'EURJPYm', 'side': 'NO_TRADE', 'price': 183.965, 'reason': 'no Donchian breakout'}
[2026-05-07 18:20:36] [SKIP] EURJPYm NO_TRADE: no Donchian breakout
[2026-05-07 18:20:36] [WAIT] No order this round
[2026-05-07 18:21:36] [AI] Using cached scan from 2026-05-07 14:00:37 | symbols=GBPUSDm, EURUSDm, XAUUSDm, USDJPYm, EURJPYm
[2026-05-07 18:21:36] [WATCH] Watchlist: GBPUSDm, EURUSDm, XAUUSDm, USDJPYm, EURJPYm
[2026-05-07 18:21:36] [SELECT] Symbol switched: EURJPYm -> GBPUSDm | AI watchlist candidate
[2026-05-07 18:21:36] [SCAN] Analyzing GBPUSDm
[2026-05-07 18:21:37] [SKIP] GBPUSDm same candle 2026-05-07 11:15:00  skip
[2026-05-07 18:21:37] [SELECT] Symbol switched: GBPUSDm -> EURUSDm | AI watchlist candidate
[2026-05-07 18:21:37] [SCAN] Analyzing EURUSDm
[2026-05-07 18:21:38] [SKIP] EURUSDm same candle 2026-05-07 11:15:00  skip
[2026-05-07 18:21:38] [SELECT] Symbol switched: EURUSDm -> XAUUSDm | AI watchlist candidate
[2026-05-07 18:21:38] [SCAN] Analyzing XAUUSDm
[2026-05-07 18:21:39] [SKIP] XAUUSDm same candle 2026-05-07 11:15:00  skip
[2026-05-07 18:21:39] [SELECT] Symbol switched: XAUUSDm -> USDJPYm | AI watchlist candidate
[2026-05-07 18:21:39] [SCAN] Analyzing USDJPYm
[2026-05-07 18:21:39] [SKIP] USDJPYm same candle 2026-05-07 11:15:00  skip
[2026-05-07 18:21:39] [SELECT] Symbol switched: USDJPYm -> EURJPYm | AI watchlist candidate
[2026-05-07 18:21:39] [SCAN] Analyzing EURJPYm
[2026-05-07 18:21:40] [SKIP] EURJPYm same candle 2026-05-07 11:15:00  skip
[2026-05-07 18:21:40] [WAIT] No order this round
[2026-05-07 18:22:40] [AI] Using cached scan from 2026-05-07 14:00:37 | symbols=GBPUSDm, EURUSDm, XAUUSDm, USDJPYm, EURJPYm
[2026-05-07 18:22:40] [WATCH] Watchlist: GBPUSDm, EURUSDm, XAUUSDm, USDJPYm, EURJPYm
[2026-05-07 18:22:40] [SELECT] Symbol switched: EURJPYm -> GBPUSDm | AI watchlist candidate
[2026-05-07 18:22:40] [SCAN] Analyzing GBPUSDm
[2026-05-07 18:22:41] [SKIP] GBPUSDm same candle 2026-05-07 11:15:00  skip
[2026-05-07 18:22:41] [SELECT] Symbol switched: GBPUSDm -> EURUSDm | AI watchlist candidate
[2026-05-07 18:22:41] [SCAN] Analyzing EURUSDm
[2026-05-07 18:22:42] [SKIP] EURUSDm same candle 2026-05-07 11:15:00  skip
[2026-05-07 18:22:42] [SELECT] Symbol switched: EURUSDm -> XAUUSDm | AI watchlist candidate
[2026-05-07 18:22:42] [SCAN] Analyzing XAUUSDm
[2026-05-07 18:22:42] [SKIP] XAUUSDm same candle 2026-05-07 11:15:00  skip
[2026-05-07 18:22:42] [SELECT] Symbol switched: XAUUSDm -> USDJPYm | AI watchlist candidate
[2026-05-07 18:22:42] [SCAN] Analyzing USDJPYm
[2026-05-07 18:22:43] [SKIP] USDJPYm same candle 2026-05-07 11:15:00  skip
[2026-05-07 18:22:43] [SELECT] Symbol switched: USDJPYm -> EURJPYm | AI watchlist candidate
[2026-05-07 18:22:43] [SCAN] Analyzing EURJPYm
[2026-05-07 18:22:44] [SKIP] EURJPYm same candle 2026-05-07 11:15:00  skip
[2026-05-07 18:22:44] [WAIT] No order this round
[2026-05-07 18:23:44] [AI] Using cached scan from 2026-05-07 14:00:37 | symbols=GBPUSDm, EURUSDm, XAUUSDm, USDJPYm, EURJPYm
[2026-05-07 18:23:44] [WATCH] Watchlist: GBPUSDm, EURUSDm, XAUUSDm, USDJPYm, EURJPYm
[2026-05-07 18:23:44] [SELECT] Symbol switched: EURJPYm -> GBPUSDm | AI watchlist candidate
[2026-05-07 18:23:44] [SCAN] Analyzing GBPUSDm
[2026-05-07 18:23:44] [SKIP] GBPUSDm same candle 2026-05-07 11:15:00  skip
[2026-05-07 18:23:44] [SELECT] Symbol switched: GBPUSDm -> EURUSDm | AI watchlist candidate
[2026-05-07 18:23:44] [SCAN] Analyzing EURUSDm
[2026-05-07 18:23:45] [SKIP] EURUSDm same candle 2026-05-07 11:15:00  skip
[2026-05-07 18:23:45] [SELECT] Symbol switched: EURUSDm -> XAUUSDm | AI watchlist candidate
[2026-05-07 18:23:45] [SCAN] Analyzing XAUUSDm
[2026-05-07 18:23:46] [SKIP] XAUUSDm same candle 2026-05-07 11:15:00  skip
[2026-05-07 18:23:46] [SELECT] Symbol switched: XAUUSDm -> USDJPYm | AI watchlist candidate
[2026-05-07 18:23:46] [SCAN] Analyzing USDJPYm
[2026-05-07 18:23:47] [SKIP] USDJPYm same candle 2026-05-07 11:15:00  skip
[2026-05-07 18:23:47] [SELECT] Symbol switched: USDJPYm -> EURJPYm | AI watchlist candidate
[2026-05-07 18:23:47] [SCAN] Analyzing EURJPYm
[2026-05-07 18:23:47] [SKIP] EURJPYm same candle 2026-05-07 11:15:00  skip
[2026-05-07 18:23:47] [WAIT] No order this round
[2026-05-07 18:24:47] [AI] Using cached scan from 2026-05-07 14:00:37 | symbols=GBPUSDm, EURUSDm, XAUUSDm, USDJPYm, EURJPYm
[2026-05-07 18:24:47] [WATCH] Watchlist: GBPUSDm, EURUSDm, XAUUSDm, USDJPYm, EURJPYm
[2026-05-07 18:24:47] [SELECT] Symbol switched: EURJPYm -> GBPUSDm | AI watchlist candidate
[2026-05-07 18:24:47] [SCAN] Analyzing GBPUSDm
[2026-05-07 18:24:48] [SKIP] GBPUSDm same candle 2026-05-07 11:15:00  skip
[2026-05-07 18:24:48] [SELECT] Symbol switched: GBPUSDm -> EURUSDm | AI watchlist candidate
[2026-05-07 18:24:48] [SCAN] Analyzing EURUSDm
[2026-05-07 18:24:49] [SKIP] EURUSDm same candle 2026-05-07 11:15:00  skip
[2026-05-07 18:24:49] [SELECT] Symbol switched: EURUSDm -> XAUUSDm | AI watchlist candidate
[2026-05-07 18:24:49] [SCAN] Analyzing XAUUSDm
[2026-05-07 18:24:49] [SKIP] XAUUSDm same candle 2026-05-07 11:15:00  skip
[2026-05-07 18:24:49] [SELECT] Symbol switched: XAUUSDm -> USDJPYm | AI watchlist candidate
[2026-05-07 18:24:49] [SCAN] Analyzing USDJPYm
[2026-05-07 18:24:50] [SKIP] USDJPYm same candle 2026-05-07 11:15:00  skip
[2026-05-07 18:24:50] [SELECT] Symbol switched: USDJPYm -> EURJPYm | AI watchlist candidate
[2026-05-07 18:24:50] [SCAN] Analyzing EURJPYm
[2026-05-07 18:24:51] [SKIP] EURJPYm same candle 2026-05-07 11:15:00  skip
[2026-05-07 18:24:51] [WAIT] No order this round
[2026-05-07 18:25:51] [AI] Using cached scan from 2026-05-07 14:00:37 | symbols=GBPUSDm, EURUSDm, XAUUSDm, USDJPYm, EURJPYm
[2026-05-07 18:25:51] [WATCH] Watchlist: GBPUSDm, EURUSDm, XAUUSDm, USDJPYm, EURJPYm
[2026-05-07 18:25:51] [SELECT] Symbol switched: EURJPYm -> GBPUSDm | AI watchlist candidate
[2026-05-07 18:25:51] [SCAN] Analyzing GBPUSDm
[2026-05-07 18:25:52] Signal: {'time': Timestamp('2026-05-07 11:20:00'), 'symbol': 'GBPUSDm', 'side': 'NO_TRADE', 'price': 1.36132, 'reason': 'no Donchian breakout'}
[2026-05-07 18:25:52] [SKIP] GBPUSDm NO_TRADE: no Donchian breakout
[2026-05-07 18:25:52] [SELECT] Symbol switched: GBPUSDm -> EURUSDm | AI watchlist candidate
[2026-05-07 18:25:52] [SCAN] Analyzing EURUSDm
[2026-05-07 18:25:52] Signal: {'time': Timestamp('2026-05-07 11:20:00'), 'symbol': 'EURUSDm', 'side': 'NO_TRADE', 'price': 1.17656, 'reason': 'no Donchian breakout'}
[2026-05-07 18:25:52] [SKIP] EURUSDm NO_TRADE: no Donchian breakout
[2026-05-07 18:25:52] [SELECT] Symbol switched: EURUSDm -> XAUUSDm | AI watchlist candidate
[2026-05-07 18:25:52] [SCAN] Analyzing XAUUSDm
[2026-05-07 18:25:53] Signal: {'time': Timestamp('2026-05-07 11:20:00'), 'symbol': 'XAUUSDm', 'side': 'NO_TRADE', 'price': 4734.407, 'reason': 'no Donchian breakout'}
[2026-05-07 18:25:53] [SKIP] XAUUSDm NO_TRADE: no Donchian breakout
[2026-05-07 18:25:53] [SELECT] Symbol switched: XAUUSDm -> USDJPYm | AI watchlist candidate
[2026-05-07 18:25:53] [SCAN] Analyzing USDJPYm
[2026-05-07 18:25:54] Signal: {'time': Timestamp('2026-05-07 11:20:00'), 'symbol': 'USDJPYm', 'side': 'NO_TRADE', 'price': 156.351, 'reason': 'no Donchian breakout'}
[2026-05-07 18:25:54] [SKIP] USDJPYm NO_TRADE: no Donchian breakout
[2026-05-07 18:25:54] [SELECT] Symbol switched: USDJPYm -> EURJPYm | AI watchlist candidate
[2026-05-07 18:25:54] [SCAN] Analyzing EURJPYm
[2026-05-07 18:25:55] Signal: {'time': Timestamp('2026-05-07 11:20:00'), 'symbol': 'EURJPYm', 'side': 'NO_TRADE', 'price': 183.961, 'reason': 'no Donchian breakout'}
[2026-05-07 18:25:55] [SKIP] EURJPYm NO_TRADE: no Donchian breakout
[2026-05-07 18:25:55] [WAIT] No order this round
[2026-05-07 18:26:55] [AI] Using cached scan from 2026-05-07 14:00:37 | symbols=GBPUSDm, EURUSDm, XAUUSDm, USDJPYm, EURJPYm
[2026-05-07 18:26:55] [WATCH] Watchlist: GBPUSDm, EURUSDm, XAUUSDm, USDJPYm, EURJPYm
[2026-05-07 18:26:55] [SELECT] Symbol switched: EURJPYm -> GBPUSDm | AI watchlist candidate
[2026-05-07 18:26:55] [SCAN] Analyzing GBPUSDm
[2026-05-07 18:26:55] [SKIP] GBPUSDm same candle 2026-05-07 11:20:00  skip
[2026-05-07 18:26:55] [SELECT] Symbol switched: GBPUSDm -> EURUSDm | AI watchlist candidate
[2026-05-07 18:26:55] [SCAN] Analyzing EURUSDm
[2026-05-07 18:26:56] [SKIP] EURUSDm same candle 2026-05-07 11:20:00  skip
[2026-05-07 18:26:56] [SELECT] Symbol switched: EURUSDm -> XAUUSDm | AI watchlist candidate
[2026-05-07 18:26:56] [SCAN] Analyzing XAUUSDm
[2026-05-07 18:26:57] [SKIP] XAUUSDm same candle 2026-05-07 11:20:00  skip
[2026-05-07 18:26:57] [SELECT] Symbol switched: XAUUSDm -> USDJPYm | AI watchlist candidate
[2026-05-07 18:26:57] [SCAN] Analyzing USDJPYm
[2026-05-07 18:26:58] [SKIP] USDJPYm same candle 2026-05-07 11:20:00  skip
[2026-05-07 18:26:58] [SELECT] Symbol switched: USDJPYm -> EURJPYm | AI watchlist candidate
[2026-05-07 18:26:58] [SCAN] Analyzing EURJPYm
[2026-05-07 18:26:58] [SKIP] EURJPYm same candle 2026-05-07 11:20:00  skip
[2026-05-07 18:26:58] [WAIT] No order this round
[2026-05-07 18:27:58] [AI] Using cached scan from 2026-05-07 14:00:37 | symbols=GBPUSDm, EURUSDm, XAUUSDm, USDJPYm, EURJPYm
[2026-05-07 18:27:58] [WATCH] Watchlist: GBPUSDm, EURUSDm, XAUUSDm, USDJPYm, EURJPYm
[2026-05-07 18:27:58] [SELECT] Symbol switched: EURJPYm -> GBPUSDm | AI watchlist candidate
[2026-05-07 18:27:58] [SCAN] Analyzing GBPUSDm
[2026-05-07 18:27:59] [SKIP] GBPUSDm same candle 2026-05-07 11:20:00  skip
[2026-05-07 18:27:59] [SELECT] Symbol switched: GBPUSDm -> EURUSDm | AI watchlist candidate
[2026-05-07 18:27:59] [SCAN] Analyzing EURUSDm
[2026-05-07 18:28:00] [SKIP] EURUSDm same candle 2026-05-07 11:20:00  skip
[2026-05-07 18:28:00] [SELECT] Symbol switched: EURUSDm -> XAUUSDm | AI watchlist candidate
[2026-05-07 18:28:00] [SCAN] Analyzing XAUUSDm
[2026-05-07 18:28:01] [SKIP] XAUUSDm same candle 2026-05-07 11:20:00  skip
[2026-05-07 18:28:01] [SELECT] Symbol switched: XAUUSDm -> USDJPYm | AI watchlist candidate
[2026-05-07 18:28:01] [SCAN] Analyzing USDJPYm
[2026-05-07 18:28:01] [SKIP] USDJPYm same candle 2026-05-07 11:20:00  skip
[2026-05-07 18:28:01] [SELECT] Symbol switched: USDJPYm -> EURJPYm | AI watchlist candidate
[2026-05-07 18:28:01] [SCAN] Analyzing EURJPYm
[2026-05-07 18:28:02] [SKIP] EURJPYm same candle 2026-05-07 11:20:00  skip
[2026-05-07 18:28:02] [WAIT] No order this round
[2026-05-07 18:29:02] [AI] Using cached scan from 2026-05-07 14:00:37 | symbols=GBPUSDm, EURUSDm, XAUUSDm, USDJPYm, EURJPYm
[2026-05-07 18:29:02] [WATCH] Watchlist: GBPUSDm, EURUSDm, XAUUSDm, USDJPYm, EURJPYm
[2026-05-07 18:29:02] [SELECT] Symbol switched: EURJPYm -> GBPUSDm | AI watchlist candidate
[2026-05-07 18:29:02] [SCAN] Analyzing GBPUSDm
[2026-05-07 18:29:03] [SKIP] GBPUSDm same candle 2026-05-07 11:20:00  skip
[2026-05-07 18:29:03] [SELECT] Symbol switched: GBPUSDm -> EURUSDm | AI watchlist candidate
[2026-05-07 18:29:03] [SCAN] Analyzing EURUSDm
[2026-05-07 18:29:03] [SKIP] EURUSDm same candle 2026-05-07 11:20:00  skip
[2026-05-07 18:29:03] [SELECT] Symbol switched: EURUSDm -> XAUUSDm | AI watchlist candidate
[2026-05-07 18:29:03] [SCAN] Analyzing XAUUSDm
[2026-05-07 18:29:04] [SKIP] XAUUSDm same candle 2026-05-07 11:20:00  skip
[2026-05-07 18:29:04] [SELECT] Symbol switched: XAUUSDm -> USDJPYm | AI watchlist candidate
[2026-05-07 18:29:04] [SCAN] Analyzing USDJPYm
[2026-05-07 18:29:05] [SKIP] USDJPYm same candle 2026-05-07 11:20:00  skip
[2026-05-07 18:29:05] [SELECT] Symbol switched: USDJPYm -> EURJPYm | AI watchlist candidate
[2026-05-07 18:29:05] [SCAN] Analyzing EURJPYm
[2026-05-07 18:29:06] [SKIP] EURJPYm same candle 2026-05-07 11:20:00  skip
[2026-05-07 18:29:06] [WAIT] No order this round
[2026-05-07 18:30:06] [AI] Using cached scan from 2026-05-07 14:00:37 | symbols=GBPUSDm, EURUSDm, XAUUSDm, USDJPYm, EURJPYm
[2026-05-07 18:30:06] [WATCH] Watchlist: GBPUSDm, EURUSDm, XAUUSDm, USDJPYm, EURJPYm
[2026-05-07 18:30:06] [SELECT] Symbol switched: EURJPYm -> GBPUSDm | AI watchlist candidate
[2026-05-07 18:30:06] [SCAN] Analyzing GBPUSDm
[2026-05-07 18:30:06] Signal: {'time': Timestamp('2026-05-07 11:25:00'), 'symbol': 'GBPUSDm', 'side': 'NO_TRADE', 'price': 1.3611, 'reason': 'no Donchian breakout'}
[2026-05-07 18:30:06] [SKIP] GBPUSDm NO_TRADE: no Donchian breakout
[2026-05-07 18:30:06] [SELECT] Symbol switched: GBPUSDm -> EURUSDm | AI watchlist candidate
[2026-05-07 18:30:06] [SCAN] Analyzing EURUSDm
[2026-05-07 18:30:07] Signal: {'time': Timestamp('2026-05-07 11:25:00'), 'symbol': 'EURUSDm', 'side': 'NO_TRADE', 'price': 1.17641, 'reason': 'no Donchian breakout'}
[2026-05-07 18:30:07] [SKIP] EURUSDm NO_TRADE: no Donchian breakout
[2026-05-07 18:30:07] [SELECT] Symbol switched: EURUSDm -> XAUUSDm | AI watchlist candidate
[2026-05-07 18:30:07] [SCAN] Analyzing XAUUSDm
[2026-05-07 18:30:08] Signal: {'time': Timestamp('2026-05-07 11:25:00'), 'symbol': 'XAUUSDm', 'side': 'NO_TRADE', 'price': 4732.519, 'reason': 'no Donchian breakout'}
[2026-05-07 18:30:08] [SKIP] XAUUSDm NO_TRADE: no Donchian breakout
[2026-05-07 18:30:08] [SELECT] Symbol switched: XAUUSDm -> USDJPYm | AI watchlist candidate
[2026-05-07 18:30:08] [SCAN] Analyzing USDJPYm
[2026-05-07 18:30:09] Signal: {'time': Timestamp('2026-05-07 11:25:00'), 'symbol': 'USDJPYm', 'side': 'NO_TRADE', 'price': 156.363, 'reason': 'no Donchian breakout'}
[2026-05-07 18:30:09] [SKIP] USDJPYm NO_TRADE: no Donchian breakout
[2026-05-07 18:30:09] [SELECT] Symbol switched: USDJPYm -> EURJPYm | AI watchlist candidate
[2026-05-07 18:30:09] [SCAN] Analyzing EURJPYm
[2026-05-07 18:30:09] Signal: {'time': Timestamp('2026-05-07 11:25:00'), 'symbol': 'EURJPYm', 'side': 'NO_TRADE', 'price': 183.949, 'reason': 'no Donchian breakout'}
[2026-05-07 18:30:09] [SKIP] EURJPYm NO_TRADE: no Donchian breakout
[2026-05-07 18:30:09] [WAIT] No order this round
[2026-05-07 18:31:09] [AI] Using cached scan from 2026-05-07 14:00:37 | symbols=GBPUSDm, EURUSDm, XAUUSDm, USDJPYm, EURJPYm
[2026-05-07 18:31:09] [WATCH] Watchlist: GBPUSDm, EURUSDm, XAUUSDm, USDJPYm, EURJPYm
[2026-05-07 18:31:09] [SELECT] Symbol switched: EURJPYm -> GBPUSDm | AI watchlist candidate
[2026-05-07 18:31:09] [SCAN] Analyzing GBPUSDm
[2026-05-07 18:31:10] [SKIP] GBPUSDm same candle 2026-05-07 11:25:00  skip
[2026-05-07 18:31:10] [SELECT] Symbol switched: GBPUSDm -> EURUSDm | AI watchlist candidate
[2026-05-07 18:31:10] [SCAN] Analyzing EURUSDm
[2026-05-07 18:31:11] [SKIP] EURUSDm same candle 2026-05-07 11:25:00  skip
[2026-05-07 18:31:11] [SELECT] Symbol switched: EURUSDm -> XAUUSDm | AI watchlist candidate
[2026-05-07 18:31:11] [SCAN] Analyzing XAUUSDm
[2026-05-07 18:31:12] [SKIP] XAUUSDm same candle 2026-05-07 11:25:00  skip
[2026-05-07 18:31:12] [SELECT] Symbol switched: XAUUSDm -> USDJPYm | AI watchlist candidate
[2026-05-07 18:31:12] [SCAN] Analyzing USDJPYm
[2026-05-07 18:31:12] [SKIP] USDJPYm same candle 2026-05-07 11:25:00  skip
[2026-05-07 18:31:12] [SELECT] Symbol switched: USDJPYm -> EURJPYm | AI watchlist candidate
[2026-05-07 18:31:12] [SCAN] Analyzing EURJPYm
[2026-05-07 18:31:13] [SKIP] EURJPYm same candle 2026-05-07 11:25:00  skip
[2026-05-07 18:31:13] [WAIT] No order this round
[2026-05-07 18:32:13] [AI] Using cached scan from 2026-05-07 14:00:37 | symbols=GBPUSDm, EURUSDm, XAUUSDm, USDJPYm, EURJPYm
[2026-05-07 18:32:13] [WATCH] Watchlist: GBPUSDm, EURUSDm, XAUUSDm, USDJPYm, EURJPYm
[2026-05-07 18:32:13] [SELECT] Symbol switched: EURJPYm -> GBPUSDm | AI watchlist candidate
[2026-05-07 18:32:13] [SCAN] Analyzing GBPUSDm
[2026-05-07 18:32:14] [SKIP] GBPUSDm same candle 2026-05-07 11:25:00  skip
[2026-05-07 18:32:14] [SELECT] Symbol switched: GBPUSDm -> EURUSDm | AI watchlist candidate
[2026-05-07 18:32:14] [SCAN] Analyzing EURUSDm
[2026-05-07 18:32:14] [SKIP] EURUSDm same candle 2026-05-07 11:25:00  skip
[2026-05-07 18:32:14] [SELECT] Symbol switched: EURUSDm -> XAUUSDm | AI watchlist candidate
[2026-05-07 18:32:14] [SCAN] Analyzing XAUUSDm
[2026-05-07 18:32:15] [SKIP] XAUUSDm same candle 2026-05-07 11:25:00  skip
[2026-05-07 18:32:15] [SELECT] Symbol switched: XAUUSDm -> USDJPYm | AI watchlist candidate
[2026-05-07 18:32:15] [SCAN] Analyzing USDJPYm
[2026-05-07 18:32:16] [SKIP] USDJPYm same candle 2026-05-07 11:25:00  skip
[2026-05-07 18:32:16] [SELECT] Symbol switched: USDJPYm -> EURJPYm | AI watchlist candidate
[2026-05-07 18:32:16] [SCAN] Analyzing EURJPYm
[2026-05-07 18:32:17] [SKIP] EURJPYm same candle 2026-05-07 11:25:00  skip
[2026-05-07 18:32:17] [WAIT] No order this round
[2026-05-07 18:33:17] [AI] Using cached scan from 2026-05-07 14:00:37 | symbols=GBPUSDm, EURUSDm, XAUUSDm, USDJPYm, EURJPYm
[2026-05-07 18:33:17] [WATCH] Watchlist: GBPUSDm, EURUSDm, XAUUSDm, USDJPYm, EURJPYm
[2026-05-07 18:33:17] [SELECT] Symbol switched: EURJPYm -> GBPUSDm | AI watchlist candidate
[2026-05-07 18:33:17] [SCAN] Analyzing GBPUSDm
[2026-05-07 18:33:17] [SKIP] GBPUSDm same candle 2026-05-07 11:25:00  skip
[2026-05-07 18:33:17] [SELECT] Symbol switched: GBPUSDm -> EURUSDm | AI watchlist candidate
[2026-05-07 18:33:17] [SCAN] Analyzing EURUSDm
[2026-05-07 18:33:18] [SKIP] EURUSDm same candle 2026-05-07 11:25:00  skip
[2026-05-07 18:33:18] [SELECT] Symbol switched: EURUSDm -> XAUUSDm | AI watchlist candidate
[2026-05-07 18:33:18] [SCAN] Analyzing XAUUSDm
[2026-05-07 18:33:19] [SKIP] XAUUSDm same candle 2026-05-07 11:25:00  skip
[2026-05-07 18:33:19] [SELECT] Symbol switched: XAUUSDm -> USDJPYm | AI watchlist candidate
[2026-05-07 18:33:19] [SCAN] Analyzing USDJPYm
[2026-05-07 18:33:19] [SKIP] USDJPYm same candle 2026-05-07 11:25:00  skip
[2026-05-07 18:33:19] [SELECT] Symbol switched: USDJPYm -> EURJPYm | AI watchlist candidate
[2026-05-07 18:33:19] [SCAN] Analyzing EURJPYm
[2026-05-07 18:33:20] [SKIP] EURJPYm same candle 2026-05-07 11:25:00  skip
[2026-05-07 18:33:20] [WAIT] No order this round
[2026-05-07 18:34:20] [AI] Using cached scan from 2026-05-07 14:00:37 | symbols=GBPUSDm, EURUSDm, XAUUSDm, USDJPYm, EURJPYm
[2026-05-07 18:34:20] [WATCH] Watchlist: GBPUSDm, EURUSDm, XAUUSDm, USDJPYm, EURJPYm
[2026-05-07 18:34:20] [SELECT] Symbol switched: EURJPYm -> GBPUSDm | AI watchlist candidate
[2026-05-07 18:34:20] [SCAN] Analyzing GBPUSDm
[2026-05-07 18:34:21] [SKIP] GBPUSDm same candle 2026-05-07 11:25:00  skip
[2026-05-07 18:34:21] [SELECT] Symbol switched: GBPUSDm -> EURUSDm | AI watchlist candidate
[2026-05-07 18:34:21] [SCAN] Analyzing EURUSDm
[2026-05-07 18:34:22] [SKIP] EURUSDm same candle 2026-05-07 11:25:00  skip
[2026-05-07 18:34:22] [SELECT] Symbol switched: EURUSDm -> XAUUSDm | AI watchlist candidate
[2026-05-07 18:34:22] [SCAN] Analyzing XAUUSDm
[2026-05-07 18:34:22] [SKIP] XAUUSDm same candle 2026-05-07 11:25:00  skip
[2026-05-07 18:34:22] [SELECT] Symbol switched: XAUUSDm -> USDJPYm | AI watchlist candidate
[2026-05-07 18:34:22] [SCAN] Analyzing USDJPYm
[2026-05-07 18:34:23] [SKIP] USDJPYm same candle 2026-05-07 11:25:00  skip
[2026-05-07 18:34:23] [SELECT] Symbol switched: USDJPYm -> EURJPYm | AI watchlist candidate
[2026-05-07 18:34:23] [SCAN] Analyzing EURJPYm
[2026-05-07 18:34:24] [SKIP] EURJPYm same candle 2026-05-07 11:25:00  skip
[2026-05-07 18:34:24] [WAIT] No order this round
[2026-05-07 18:35:24] [AI] Using cached scan from 2026-05-07 14:00:37 | symbols=GBPUSDm, EURUSDm, XAUUSDm, USDJPYm, EURJPYm
[2026-05-07 18:35:24] [WATCH] Watchlist: GBPUSDm, EURUSDm, XAUUSDm, USDJPYm, EURJPYm
[2026-05-07 18:35:24] [SELECT] Symbol switched: EURJPYm -> GBPUSDm | AI watchlist candidate
[2026-05-07 18:35:24] [SCAN] Analyzing GBPUSDm
[2026-05-07 18:35:25] Signal: {'time': Timestamp('2026-05-07 11:30:00'), 'symbol': 'GBPUSDm', 'side': 'NO_TRADE', 'price': 1.36127, 'reason': 'no Donchian breakout'}
[2026-05-07 18:35:25] [SKIP] GBPUSDm NO_TRADE: no Donchian breakout
[2026-05-07 18:35:25] [SELECT] Symbol switched: GBPUSDm -> EURUSDm | AI watchlist candidate
[2026-05-07 18:35:25] [SCAN] Analyzing EURUSDm
[2026-05-07 18:35:25] Signal: {'time': Timestamp('2026-05-07 11:30:00'), 'symbol': 'EURUSDm', 'side': 'NO_TRADE', 'price': 1.17637, 'reason': 'no Donchian breakout'}
[2026-05-07 18:35:25] [SKIP] EURUSDm NO_TRADE: no Donchian breakout
[2026-05-07 18:35:25] [SELECT] Symbol switched: EURUSDm -> XAUUSDm | AI watchlist candidate
[2026-05-07 18:35:25] [SCAN] Analyzing XAUUSDm
[2026-05-07 18:35:26] Signal: {'time': Timestamp('2026-05-07 11:30:00'), 'symbol': 'XAUUSDm', 'side': 'NO_TRADE', 'price': 4733.859, 'reason': 'no Donchian breakout'}
[2026-05-07 18:35:26] [SKIP] XAUUSDm NO_TRADE: no Donchian breakout
[2026-05-07 18:35:26] [SELECT] Symbol switched: XAUUSDm -> USDJPYm | AI watchlist candidate
[2026-05-07 18:35:26] [SCAN] Analyzing USDJPYm
[2026-05-07 18:35:27] Signal: {'time': Timestamp('2026-05-07 11:30:00'), 'symbol': 'USDJPYm', 'side': 'NO_TRADE', 'price': 156.368, 'reason': 'no Donchian breakout'}
[2026-05-07 18:35:27] [SKIP] USDJPYm NO_TRADE: no Donchian breakout
[2026-05-07 18:35:27] [SELECT] Symbol switched: USDJPYm -> EURJPYm | AI watchlist candidate
[2026-05-07 18:35:27] [SCAN] Analyzing EURJPYm
[2026-05-07 18:35:28] Signal: {'time': Timestamp('2026-05-07 11:30:00'), 'symbol': 'EURJPYm', 'side': 'NO_TRADE', 'price': 183.953, 'reason': 'no Donchian breakout'}
[2026-05-07 18:35:28] [SKIP] EURJPYm NO_TRADE: no Donchian breakout
[2026-05-07 18:35:28] [WAIT] No order this round
[2026-05-07 18:36:28] [AI] Using cached scan from 2026-05-07 14:00:37 | symbols=GBPUSDm, EURUSDm, XAUUSDm, USDJPYm, EURJPYm
[2026-05-07 18:36:28] [WATCH] Watchlist: GBPUSDm, EURUSDm, XAUUSDm, USDJPYm, EURJPYm
[2026-05-07 18:36:28] [SELECT] Symbol switched: EURJPYm -> GBPUSDm | AI watchlist candidate
[2026-05-07 18:36:28] [SCAN] Analyzing GBPUSDm
[2026-05-07 18:36:28] [SKIP] GBPUSDm same candle 2026-05-07 11:30:00  skip
[2026-05-07 18:36:28] [SELECT] Symbol switched: GBPUSDm -> EURUSDm | AI watchlist candidate
[2026-05-07 18:36:28] [SCAN] Analyzing EURUSDm
[2026-05-07 18:36:29] [SKIP] EURUSDm same candle 2026-05-07 11:30:00  skip
[2026-05-07 18:36:29] [SELECT] Symbol switched: EURUSDm -> XAUUSDm | AI watchlist candidate
[2026-05-07 18:36:29] [SCAN] Analyzing XAUUSDm
[2026-05-07 18:36:30] [SKIP] XAUUSDm same candle 2026-05-07 11:30:00  skip
[2026-05-07 18:36:30] [SELECT] Symbol switched: XAUUSDm -> USDJPYm | AI watchlist candidate
[2026-05-07 18:36:30] [SCAN] Analyzing USDJPYm
[2026-05-07 18:36:31] [SKIP] USDJPYm same candle 2026-05-07 11:30:00  skip
[2026-05-07 18:36:31] [SELECT] Symbol switched: USDJPYm -> EURJPYm | AI watchlist candidate
[2026-05-07 18:36:31] [SCAN] Analyzing EURJPYm
[2026-05-07 18:36:31] [SKIP] EURJPYm same candle 2026-05-07 11:30:00  skip
[2026-05-07 18:36:31] [WAIT] No order this round
[2026-05-07 18:37:31] [AI] Using cached scan from 2026-05-07 14:00:37 | symbols=GBPUSDm, EURUSDm, XAUUSDm, USDJPYm, EURJPYm
[2026-05-07 18:37:31] [WATCH] Watchlist: GBPUSDm, EURUSDm, XAUUSDm, USDJPYm, EURJPYm
[2026-05-07 18:37:31] [SELECT] Symbol switched: EURJPYm -> GBPUSDm | AI watchlist candidate
[2026-05-07 18:37:31] [SCAN] Analyzing GBPUSDm
[2026-05-07 18:37:32] [SKIP] GBPUSDm same candle 2026-05-07 11:30:00  skip
[2026-05-07 18:37:32] [SELECT] Symbol switched: GBPUSDm -> EURUSDm | AI watchlist candidate
[2026-05-07 18:37:32] [SCAN] Analyzing EURUSDm
[2026-05-07 18:37:33] [SKIP] EURUSDm same candle 2026-05-07 11:30:00  skip
[2026-05-07 18:37:33] [SELECT] Symbol switched: EURUSDm -> XAUUSDm | AI watchlist candidate
[2026-05-07 18:37:33] [SCAN] Analyzing XAUUSDm
[2026-05-07 18:37:33] [SKIP] XAUUSDm same candle 2026-05-07 11:30:00  skip
[2026-05-07 18:37:33] [SELECT] Symbol switched: XAUUSDm -> USDJPYm | AI watchlist candidate
[2026-05-07 18:37:33] [SCAN] Analyzing USDJPYm
[2026-05-07 18:37:34] [SKIP] USDJPYm same candle 2026-05-07 11:30:00  skip
[2026-05-07 18:37:34] [SELECT] Symbol switched: USDJPYm -> EURJPYm | AI watchlist candidate
[2026-05-07 18:37:34] [SCAN] Analyzing EURJPYm
[2026-05-07 18:37:35] [SKIP] EURJPYm same candle 2026-05-07 11:30:00  skip
[2026-05-07 18:37:35] [WAIT] No order this round
[2026-05-07 18:38:35] [AI] Using cached scan from 2026-05-07 14:00:37 | symbols=GBPUSDm, EURUSDm, XAUUSDm, USDJPYm, EURJPYm
[2026-05-07 18:38:35] [WATCH] Watchlist: GBPUSDm, EURUSDm, XAUUSDm, USDJPYm, EURJPYm
[2026-05-07 18:38:35] [SELECT] Symbol switched: EURJPYm -> GBPUSDm | AI watchlist candidate
[2026-05-07 18:38:35] [SCAN] Analyzing GBPUSDm
[2026-05-07 18:38:36] [SKIP] GBPUSDm same candle 2026-05-07 11:30:00  skip
[2026-05-07 18:38:36] [SELECT] Symbol switched: GBPUSDm -> EURUSDm | AI watchlist candidate
[2026-05-07 18:38:36] [SCAN] Analyzing EURUSDm
[2026-05-07 18:38:36] [SKIP] EURUSDm same candle 2026-05-07 11:30:00  skip
[2026-05-07 18:38:36] [SELECT] Symbol switched: EURUSDm -> XAUUSDm | AI watchlist candidate
[2026-05-07 18:38:36] [SCAN] Analyzing XAUUSDm
[2026-05-07 18:38:37] [SKIP] XAUUSDm same candle 2026-05-07 11:30:00  skip
[2026-05-07 18:38:37] [SELECT] Symbol switched: XAUUSDm -> USDJPYm | AI watchlist candidate
[2026-05-07 18:38:37] [SCAN] Analyzing USDJPYm
[2026-05-07 18:38:38] [SKIP] USDJPYm same candle 2026-05-07 11:30:00  skip
[2026-05-07 18:38:38] [SELECT] Symbol switched: USDJPYm -> EURJPYm | AI watchlist candidate
[2026-05-07 18:38:38] [SCAN] Analyzing EURJPYm
[2026-05-07 18:38:38] [SKIP] EURJPYm same candle 2026-05-07 11:30:00  skip
[2026-05-07 18:38:38] [WAIT] No order this round
[2026-05-07 18:39:38] [AI] Using cached scan from 2026-05-07 14:00:37 | symbols=GBPUSDm, EURUSDm, XAUUSDm, USDJPYm, EURJPYm
[2026-05-07 18:39:38] [WATCH] Watchlist: GBPUSDm, EURUSDm, XAUUSDm, USDJPYm, EURJPYm
[2026-05-07 18:39:38] [SELECT] Symbol switched: EURJPYm -> GBPUSDm | AI watchlist candidate
[2026-05-07 18:39:38] [SCAN] Analyzing GBPUSDm
[2026-05-07 18:39:39] [SKIP] GBPUSDm same candle 2026-05-07 11:30:00  skip
[2026-05-07 18:39:39] [SELECT] Symbol switched: GBPUSDm -> EURUSDm | AI watchlist candidate
[2026-05-07 18:39:39] [SCAN] Analyzing EURUSDm
[2026-05-07 18:39:40] [SKIP] EURUSDm same candle 2026-05-07 11:30:00  skip
[2026-05-07 18:39:40] [SELECT] Symbol switched: EURUSDm -> XAUUSDm | AI watchlist candidate
[2026-05-07 18:39:40] [SCAN] Analyzing XAUUSDm
[2026-05-07 18:39:41] [SKIP] XAUUSDm same candle 2026-05-07 11:30:00  skip
[2026-05-07 18:39:41] [SELECT] Symbol switched: XAUUSDm -> USDJPYm | AI watchlist candidate
[2026-05-07 18:39:41] [SCAN] Analyzing USDJPYm
[2026-05-07 18:39:41] [SKIP] USDJPYm same candle 2026-05-07 11:30:00  skip
[2026-05-07 18:39:41] [SELECT] Symbol switched: USDJPYm -> EURJPYm | AI watchlist candidate
[2026-05-07 18:39:41] [SCAN] Analyzing EURJPYm
[2026-05-07 18:39:42] [SKIP] EURJPYm same candle 2026-05-07 11:30:00  skip
[2026-05-07 18:39:42] [WAIT] No order this round
[2026-05-07 18:40:42] [AI] Using cached scan from 2026-05-07 14:00:37 | symbols=GBPUSDm, EURUSDm, XAUUSDm, USDJPYm, EURJPYm
[2026-05-07 18:40:42] [WATCH] Watchlist: GBPUSDm, EURUSDm, XAUUSDm, USDJPYm, EURJPYm
[2026-05-07 18:40:42] [SELECT] Symbol switched: EURJPYm -> GBPUSDm | AI watchlist candidate
[2026-05-07 18:40:42] [SCAN] Analyzing GBPUSDm
[2026-05-07 18:40:43] Signal: {'time': Timestamp('2026-05-07 11:35:00'), 'symbol': 'GBPUSDm', 'side': 'NO_TRADE', 'price': 1.36173, 'reason': 'no Donchian breakout'}
[2026-05-07 18:40:43] [SKIP] GBPUSDm NO_TRADE: no Donchian breakout
[2026-05-07 18:40:43] [SELECT] Symbol switched: GBPUSDm -> EURUSDm | AI watchlist candidate
[2026-05-07 18:40:43] [SCAN] Analyzing EURUSDm
[2026-05-07 18:40:44] Signal: {'time': Timestamp('2026-05-07 11:35:00'), 'symbol': 'EURUSDm', 'side': 'NO_TRADE', 'price': 1.17656, 'reason': 'no Donchian breakout'}
[2026-05-07 18:40:44] [SKIP] EURUSDm NO_TRADE: no Donchian breakout
[2026-05-07 18:40:44] [SELECT] Symbol switched: EURUSDm -> XAUUSDm | AI watchlist candidate
[2026-05-07 18:40:44] [SCAN] Analyzing XAUUSDm
[2026-05-07 18:40:44] Signal: {'time': Timestamp('2026-05-07 11:35:00'), 'symbol': 'XAUUSDm', 'side': 'NO_TRADE', 'price': 4735.394, 'reason': 'no Donchian breakout'}
[2026-05-07 18:40:44] [SKIP] XAUUSDm NO_TRADE: no Donchian breakout
[2026-05-07 18:40:44] [SELECT] Symbol switched: XAUUSDm -> USDJPYm | AI watchlist candidate
[2026-05-07 18:40:44] [SCAN] Analyzing USDJPYm
[2026-05-07 18:40:45] Signal: {'time': Timestamp('2026-05-07 11:35:00'), 'symbol': 'USDJPYm', 'side': 'NO_TRADE', 'price': 156.363, 'reason': 'no Donchian breakout'}
[2026-05-07 18:40:45] [SKIP] USDJPYm NO_TRADE: no Donchian breakout
[2026-05-07 18:40:45] [SELECT] Symbol switched: USDJPYm -> EURJPYm | AI watchlist candidate
[2026-05-07 18:40:45] [SCAN] Analyzing EURJPYm
[2026-05-07 18:40:46] Signal: {'time': Timestamp('2026-05-07 11:35:00'), 'symbol': 'EURJPYm', 'side': 'NO_TRADE', 'price': 183.979, 'reason': 'no Donchian breakout'}
[2026-05-07 18:40:46] [SKIP] EURJPYm NO_TRADE: no Donchian breakout
[2026-05-07 18:40:46] [WAIT] No order this round
[2026-05-07 18:41:46] [AI] Using cached scan from 2026-05-07 14:00:37 | symbols=GBPUSDm, EURUSDm, XAUUSDm, USDJPYm, EURJPYm
[2026-05-07 18:41:46] [WATCH] Watchlist: GBPUSDm, EURUSDm, XAUUSDm, USDJPYm, EURJPYm
[2026-05-07 18:41:46] [SELECT] Symbol switched: EURJPYm -> GBPUSDm | AI watchlist candidate
[2026-05-07 18:41:46] [SCAN] Analyzing GBPUSDm
[2026-05-07 18:41:47] [SKIP] GBPUSDm same candle 2026-05-07 11:35:00  skip
[2026-05-07 18:41:47] [SELECT] Symbol switched: GBPUSDm -> EURUSDm | AI watchlist candidate
[2026-05-07 18:41:47] [SCAN] Analyzing EURUSDm
[2026-05-07 18:41:47] [SKIP] EURUSDm same candle 2026-05-07 11:35:00  skip
[2026-05-07 18:41:47] [SELECT] Symbol switched: EURUSDm -> XAUUSDm | AI watchlist candidate
[2026-05-07 18:41:47] [SCAN] Analyzing XAUUSDm
[2026-05-07 18:41:48] [SKIP] XAUUSDm same candle 2026-05-07 11:35:00  skip
[2026-05-07 18:41:48] [SELECT] Symbol switched: XAUUSDm -> USDJPYm | AI watchlist candidate
[2026-05-07 18:41:48] [SCAN] Analyzing USDJPYm
[2026-05-07 18:41:49] [SKIP] USDJPYm same candle 2026-05-07 11:35:00  skip
[2026-05-07 18:41:49] [SELECT] Symbol switched: USDJPYm -> EURJPYm | AI watchlist candidate
[2026-05-07 18:41:49] [SCAN] Analyzing EURJPYm
[2026-05-07 18:41:49] [SKIP] EURJPYm same candle 2026-05-07 11:35:00  skip
[2026-05-07 18:41:49] [WAIT] No order this round
[2026-05-07 18:42:49] [AI] Using cached scan from 2026-05-07 14:00:37 | symbols=GBPUSDm, EURUSDm, XAUUSDm, USDJPYm, EURJPYm
[2026-05-07 18:42:49] [WATCH] Watchlist: GBPUSDm, EURUSDm, XAUUSDm, USDJPYm, EURJPYm
[2026-05-07 18:42:49] [SELECT] Symbol switched: EURJPYm -> GBPUSDm | AI watchlist candidate
[2026-05-07 18:42:49] [SCAN] Analyzing GBPUSDm
[2026-05-07 18:42:50] [SKIP] GBPUSDm same candle 2026-05-07 11:35:00  skip
[2026-05-07 18:42:50] [SELECT] Symbol switched: GBPUSDm -> EURUSDm | AI watchlist candidate
[2026-05-07 18:42:50] [SCAN] Analyzing EURUSDm
[2026-05-07 18:42:51] [SKIP] EURUSDm same candle 2026-05-07 11:35:00  skip
[2026-05-07 18:42:51] [SELECT] Symbol switched: EURUSDm -> XAUUSDm | AI watchlist candidate
[2026-05-07 18:42:51] [SCAN] Analyzing XAUUSDm
[2026-05-07 18:42:52] [SKIP] XAUUSDm same candle 2026-05-07 11:35:00  skip
[2026-05-07 18:42:52] [SELECT] Symbol switched: XAUUSDm -> USDJPYm | AI watchlist candidate
[2026-05-07 18:42:52] [SCAN] Analyzing USDJPYm
[2026-05-07 18:42:52] [SKIP] USDJPYm same candle 2026-05-07 11:35:00  skip
[2026-05-07 18:42:52] [SELECT] Symbol switched: USDJPYm -> EURJPYm | AI watchlist candidate
[2026-05-07 18:42:52] [SCAN] Analyzing EURJPYm
[2026-05-07 18:42:53] [SKIP] EURJPYm same candle 2026-05-07 11:35:00  skip
[2026-05-07 18:42:53] [WAIT] No order this round
[2026-05-07 18:43:53] [AI] Using cached scan from 2026-05-07 14:00:37 | symbols=GBPUSDm, EURUSDm, XAUUSDm, USDJPYm, EURJPYm
[2026-05-07 18:43:53] [WATCH] Watchlist: GBPUSDm, EURUSDm, XAUUSDm, USDJPYm, EURJPYm
[2026-05-07 18:43:53] [SELECT] Symbol switched: EURJPYm -> GBPUSDm | AI watchlist candidate
[2026-05-07 18:43:53] [SCAN] Analyzing GBPUSDm
[2026-05-07 18:43:54] [SKIP] GBPUSDm same candle 2026-05-07 11:35:00  skip
[2026-05-07 18:43:54] [SELECT] Symbol switched: GBPUSDm -> EURUSDm | AI watchlist candidate
[2026-05-07 18:43:54] [SCAN] Analyzing EURUSDm
[2026-05-07 18:43:55] [SKIP] EURUSDm same candle 2026-05-07 11:35:00  skip
[2026-05-07 18:43:55] [SELECT] Symbol switched: EURUSDm -> XAUUSDm | AI watchlist candidate
[2026-05-07 18:43:55] [SCAN] Analyzing XAUUSDm
[2026-05-07 18:43:55] [SKIP] XAUUSDm same candle 2026-05-07 11:35:00  skip
[2026-05-07 18:43:55] [SELECT] Symbol switched: XAUUSDm -> USDJPYm | AI watchlist candidate
[2026-05-07 18:43:55] [SCAN] Analyzing USDJPYm
[2026-05-07 18:43:56] [SKIP] USDJPYm same candle 2026-05-07 11:35:00  skip
[2026-05-07 18:43:56] [SELECT] Symbol switched: USDJPYm -> EURJPYm | AI watchlist candidate
[2026-05-07 18:43:56] [SCAN] Analyzing EURJPYm
[2026-05-07 18:43:57] [SKIP] EURJPYm same candle 2026-05-07 11:35:00  skip
[2026-05-07 18:43:57] [WAIT] No order this round
[2026-05-07 18:44:57] [AI] Using cached scan from 2026-05-07 14:00:37 | symbols=GBPUSDm, EURUSDm, XAUUSDm, USDJPYm, EURJPYm
[2026-05-07 18:44:57] [WATCH] Watchlist: GBPUSDm, EURUSDm, XAUUSDm, USDJPYm, EURJPYm
[2026-05-07 18:44:57] [SELECT] Symbol switched: EURJPYm -> GBPUSDm | AI watchlist candidate
[2026-05-07 18:44:57] [SCAN] Analyzing GBPUSDm
[2026-05-07 18:44:58] [SKIP] GBPUSDm same candle 2026-05-07 11:35:00  skip
[2026-05-07 18:44:58] [SELECT] Symbol switched: GBPUSDm -> EURUSDm | AI watchlist candidate
[2026-05-07 18:44:58] [SCAN] Analyzing EURUSDm
[2026-05-07 18:44:58] [SKIP] EURUSDm same candle 2026-05-07 11:35:00  skip
[2026-05-07 18:44:58] [SELECT] Symbol switched: EURUSDm -> XAUUSDm | AI watchlist candidate
[2026-05-07 18:44:58] [SCAN] Analyzing XAUUSDm
[2026-05-07 18:44:59] [SKIP] XAUUSDm same candle 2026-05-07 11:35:00  skip
[2026-05-07 18:44:59] [SELECT] Symbol switched: XAUUSDm -> USDJPYm | AI watchlist candidate
[2026-05-07 18:44:59] [SCAN] Analyzing USDJPYm
[2026-05-07 18:45:00] [SKIP] USDJPYm same candle 2026-05-07 11:35:00  skip
[2026-05-07 18:45:00] [SELECT] Symbol switched: USDJPYm -> EURJPYm | AI watchlist candidate
[2026-05-07 18:45:00] [SCAN] Analyzing EURJPYm
[2026-05-07 18:45:00] Signal: {'time': Timestamp('2026-05-07 11:40:00'), 'symbol': 'EURJPYm', 'side': 'NO_TRADE', 'price': 183.987, 'reason': 'no Donchian breakout'}
[2026-05-07 18:45:00] [SKIP] EURJPYm NO_TRADE: no Donchian breakout
[2026-05-07 18:45:00] [WAIT] No order this round
[2026-05-07 18:46:00] [AI] Using cached scan from 2026-05-07 14:00:37 | symbols=GBPUSDm, EURUSDm, XAUUSDm, USDJPYm, EURJPYm
[2026-05-07 18:46:00] [WATCH] Watchlist: GBPUSDm, EURUSDm, XAUUSDm, USDJPYm, EURJPYm
[2026-05-07 18:46:00] [SELECT] Symbol switched: EURJPYm -> GBPUSDm | AI watchlist candidate
[2026-05-07 18:46:00] [SCAN] Analyzing GBPUSDm
[2026-05-07 18:46:01] Signal: {'time': Timestamp('2026-05-07 11:40:00'), 'symbol': 'GBPUSDm', 'side': 'NO_TRADE', 'price': 1.36138, 'reason': 'no Donchian breakout'}
[2026-05-07 18:46:01] [SKIP] GBPUSDm NO_TRADE: no Donchian breakout
[2026-05-07 18:46:01] [SELECT] Symbol switched: GBPUSDm -> EURUSDm | AI watchlist candidate
[2026-05-07 18:46:01] [SCAN] Analyzing EURUSDm
[2026-05-07 18:46:02] Signal: {'time': Timestamp('2026-05-07 11:40:00'), 'symbol': 'EURUSDm', 'side': 'NO_TRADE', 'price': 1.17653, 'reason': 'no Donchian breakout'}
[2026-05-07 18:46:02] [SKIP] EURUSDm NO_TRADE: no Donchian breakout
[2026-05-07 18:46:02] [SELECT] Symbol switched: EURUSDm -> XAUUSDm | AI watchlist candidate
[2026-05-07 18:46:02] [SCAN] Analyzing XAUUSDm
[2026-05-07 18:46:03] Signal: {'time': Timestamp('2026-05-07 11:40:00'), 'symbol': 'XAUUSDm', 'side': 'NO_TRADE', 'price': 4736.687, 'reason': 'no Donchian breakout'}
[2026-05-07 18:46:03] [SKIP] XAUUSDm NO_TRADE: no Donchian breakout
[2026-05-07 18:46:03] [SELECT] Symbol switched: XAUUSDm -> USDJPYm | AI watchlist candidate
[2026-05-07 18:46:03] [SCAN] Analyzing USDJPYm
[2026-05-07 18:46:04] Signal: {'time': Timestamp('2026-05-07 11:40:00'), 'symbol': 'USDJPYm', 'side': 'NO_TRADE', 'price': 156.372, 'reason': 'no Donchian breakout'}
[2026-05-07 18:46:04] [SKIP] USDJPYm NO_TRADE: no Donchian breakout
[2026-05-07 18:46:04] [SELECT] Symbol switched: USDJPYm -> EURJPYm | AI watchlist candidate
[2026-05-07 18:46:04] [SCAN] Analyzing EURJPYm
[2026-05-07 18:46:04] [SKIP] EURJPYm same candle 2026-05-07 11:40:00  skip
[2026-05-07 18:46:04] [WAIT] No order this round
[2026-05-07 18:47:04] [AI] Using cached scan from 2026-05-07 14:00:37 | symbols=GBPUSDm, EURUSDm, XAUUSDm, USDJPYm, EURJPYm
[2026-05-07 18:47:04] [WATCH] Watchlist: GBPUSDm, EURUSDm, XAUUSDm, USDJPYm, EURJPYm
[2026-05-07 18:47:04] [SELECT] Symbol switched: EURJPYm -> GBPUSDm | AI watchlist candidate
[2026-05-07 18:47:04] [SCAN] Analyzing GBPUSDm
[2026-05-07 18:47:05] [SKIP] GBPUSDm same candle 2026-05-07 11:40:00  skip
[2026-05-07 18:47:05] [SELECT] Symbol switched: GBPUSDm -> EURUSDm | AI watchlist candidate
[2026-05-07 18:47:05] [SCAN] Analyzing EURUSDm
[2026-05-07 18:47:06] [SKIP] EURUSDm same candle 2026-05-07 11:40:00  skip
[2026-05-07 18:47:06] [SELECT] Symbol switched: EURUSDm -> XAUUSDm | AI watchlist candidate
[2026-05-07 18:47:06] [SCAN] Analyzing XAUUSDm
[2026-05-07 18:47:07] [SKIP] XAUUSDm same candle 2026-05-07 11:40:00  skip
[2026-05-07 18:47:07] [SELECT] Symbol switched: XAUUSDm -> USDJPYm | AI watchlist candidate
[2026-05-07 18:47:07] [SCAN] Analyzing USDJPYm
[2026-05-07 18:47:07] [SKIP] USDJPYm same candle 2026-05-07 11:40:00  skip
[2026-05-07 18:47:07] [SELECT] Symbol switched: USDJPYm -> EURJPYm | AI watchlist candidate
[2026-05-07 18:47:07] [SCAN] Analyzing EURJPYm
[2026-05-07 18:47:08] [SKIP] EURJPYm same candle 2026-05-07 11:40:00  skip
[2026-05-07 18:47:08] [WAIT] No order this round
[2026-05-07 18:48:08] [AI] Using cached scan from 2026-05-07 14:00:37 | symbols=GBPUSDm, EURUSDm, XAUUSDm, USDJPYm, EURJPYm
[2026-05-07 18:48:08] [WATCH] Watchlist: GBPUSDm, EURUSDm, XAUUSDm, USDJPYm, EURJPYm
[2026-05-07 18:48:08] [SELECT] Symbol switched: EURJPYm -> GBPUSDm | AI watchlist candidate
[2026-05-07 18:48:08] [SCAN] Analyzing GBPUSDm
[2026-05-07 18:48:09] [SKIP] GBPUSDm same candle 2026-05-07 11:40:00  skip
[2026-05-07 18:48:09] [SELECT] Symbol switched: GBPUSDm -> EURUSDm | AI watchlist candidate
[2026-05-07 18:48:09] [SCAN] Analyzing EURUSDm
[2026-05-07 18:48:09] [SKIP] EURUSDm same candle 2026-05-07 11:40:00  skip
[2026-05-07 18:48:09] [SELECT] Symbol switched: EURUSDm -> XAUUSDm | AI watchlist candidate
[2026-05-07 18:48:09] [SCAN] Analyzing XAUUSDm
[2026-05-07 18:48:10] [SKIP] XAUUSDm same candle 2026-05-07 11:40:00  skip
[2026-05-07 18:48:10] [SELECT] Symbol switched: XAUUSDm -> USDJPYm | AI watchlist candidate
[2026-05-07 18:48:10] [SCAN] Analyzing USDJPYm
[2026-05-07 18:48:11] [SKIP] USDJPYm same candle 2026-05-07 11:40:00  skip
[2026-05-07 18:48:11] [SELECT] Symbol switched: USDJPYm -> EURJPYm | AI watchlist candidate
[2026-05-07 18:48:11] [SCAN] Analyzing EURJPYm
[2026-05-07 18:48:12] [SKIP] EURJPYm same candle 2026-05-07 11:40:00  skip
[2026-05-07 18:48:12] [WAIT] No order this round
[2026-05-07 18:49:12] [AI] Using cached scan from 2026-05-07 14:00:37 | symbols=GBPUSDm, EURUSDm, XAUUSDm, USDJPYm, EURJPYm
[2026-05-07 18:49:12] [WATCH] Watchlist: GBPUSDm, EURUSDm, XAUUSDm, USDJPYm, EURJPYm
[2026-05-07 18:49:12] [SELECT] Symbol switched: EURJPYm -> GBPUSDm | AI watchlist candidate
[2026-05-07 18:49:12] [SCAN] Analyzing GBPUSDm
[2026-05-07 18:49:12] [SKIP] GBPUSDm same candle 2026-05-07 11:40:00  skip
[2026-05-07 18:49:12] [SELECT] Symbol switched: GBPUSDm -> EURUSDm | AI watchlist candidate
[2026-05-07 18:49:12] [SCAN] Analyzing EURUSDm
[2026-05-07 18:49:13] [SKIP] EURUSDm same candle 2026-05-07 11:40:00  skip
[2026-05-07 18:49:13] [SELECT] Symbol switched: EURUSDm -> XAUUSDm | AI watchlist candidate
[2026-05-07 18:49:13] [SCAN] Analyzing XAUUSDm
[2026-05-07 18:49:14] [SKIP] XAUUSDm same candle 2026-05-07 11:40:00  skip
[2026-05-07 18:49:14] [SELECT] Symbol switched: XAUUSDm -> USDJPYm | AI watchlist candidate
[2026-05-07 18:49:14] [SCAN] Analyzing USDJPYm
[2026-05-07 18:49:14] [SKIP] USDJPYm same candle 2026-05-07 11:40:00  skip
[2026-05-07 18:49:14] [SELECT] Symbol switched: USDJPYm -> EURJPYm | AI watchlist candidate
[2026-05-07 18:49:14] [SCAN] Analyzing EURJPYm
[2026-05-07 18:49:15] [SKIP] EURJPYm same candle 2026-05-07 11:40:00  skip
[2026-05-07 18:49:15] [WAIT] No order this round
[2026-05-07 18:50:15] [AI] Using cached scan from 2026-05-07 14:00:37 | symbols=GBPUSDm, EURUSDm, XAUUSDm, USDJPYm, EURJPYm
[2026-05-07 18:50:15] [WATCH] Watchlist: GBPUSDm, EURUSDm, XAUUSDm, USDJPYm, EURJPYm
[2026-05-07 18:50:15] [SELECT] Symbol switched: EURJPYm -> GBPUSDm | AI watchlist candidate
[2026-05-07 18:50:15] [SCAN] Analyzing GBPUSDm
[2026-05-07 18:50:16] Signal: {'time': Timestamp('2026-05-07 11:45:00'), 'symbol': 'GBPUSDm', 'side': 'NO_TRADE', 'price': 1.36124, 'reason': 'no Donchian breakout'}
[2026-05-07 18:50:16] [SKIP] GBPUSDm NO_TRADE: no Donchian breakout
[2026-05-07 18:50:16] [SELECT] Symbol switched: GBPUSDm -> EURUSDm | AI watchlist candidate
[2026-05-07 18:50:16] [SCAN] Analyzing EURUSDm
[2026-05-07 18:50:17] Signal: {'time': Timestamp('2026-05-07 11:45:00'), 'symbol': 'EURUSDm', 'side': 'NO_TRADE', 'price': 1.17648, 'reason': 'no Donchian breakout'}
[2026-05-07 18:50:17] [SKIP] EURUSDm NO_TRADE: no Donchian breakout
[2026-05-07 18:50:17] [SELECT] Symbol switched: EURUSDm -> XAUUSDm | AI watchlist candidate
[2026-05-07 18:50:17] [SCAN] Analyzing XAUUSDm
[2026-05-07 18:50:17] Signal: {'time': Timestamp('2026-05-07 11:45:00'), 'symbol': 'XAUUSDm', 'side': 'NO_TRADE', 'price': 4736.199, 'reason': 'no Donchian breakout'}
[2026-05-07 18:50:17] [SKIP] XAUUSDm NO_TRADE: no Donchian breakout
[2026-05-07 18:50:17] [SELECT] Symbol switched: XAUUSDm -> USDJPYm | AI watchlist candidate
[2026-05-07 18:50:17] [SCAN] Analyzing USDJPYm
[2026-05-07 18:50:18] Signal: {'time': Timestamp('2026-05-07 11:45:00'), 'symbol': 'USDJPYm', 'side': 'NO_TRADE', 'price': 156.419, 'reason': 'M15 ADX not rising'}
[2026-05-07 18:50:18] [SKIP] USDJPYm NO_TRADE: M15 ADX not rising
[2026-05-07 18:50:18] [SELECT] Symbol switched: USDJPYm -> EURJPYm | AI watchlist candidate
[2026-05-07 18:50:18] [SCAN] Analyzing EURJPYm
[2026-05-07 18:50:19] Signal: {'time': Timestamp('2026-05-07 11:45:00'), 'symbol': 'EURJPYm', 'side': 'NO_TRADE', 'price': 184.029, 'reason': 'no Donchian breakout'}
[2026-05-07 18:50:19] [SKIP] EURJPYm NO_TRADE: no Donchian breakout
[2026-05-07 18:50:19] [WAIT] No order this round
[2026-05-07 18:51:19] [AI] Using cached scan from 2026-05-07 14:00:37 | symbols=GBPUSDm, EURUSDm, XAUUSDm, USDJPYm, EURJPYm
[2026-05-07 18:51:19] [WATCH] Watchlist: GBPUSDm, EURUSDm, XAUUSDm, USDJPYm, EURJPYm
[2026-05-07 18:51:19] [SELECT] Symbol switched: EURJPYm -> GBPUSDm | AI watchlist candidate
[2026-05-07 18:51:19] [SCAN] Analyzing GBPUSDm
[2026-05-07 18:51:20] [SKIP] GBPUSDm same candle 2026-05-07 11:45:00  skip
[2026-05-07 18:51:20] [SELECT] Symbol switched: GBPUSDm -> EURUSDm | AI watchlist candidate
[2026-05-07 18:51:20] [SCAN] Analyzing EURUSDm
[2026-05-07 18:51:20] [SKIP] EURUSDm same candle 2026-05-07 11:45:00  skip
[2026-05-07 18:51:20] [SELECT] Symbol switched: EURUSDm -> XAUUSDm | AI watchlist candidate
[2026-05-07 18:51:20] [SCAN] Analyzing XAUUSDm
[2026-05-07 18:51:21] [SKIP] XAUUSDm same candle 2026-05-07 11:45:00  skip
[2026-05-07 18:51:21] [SELECT] Symbol switched: XAUUSDm -> USDJPYm | AI watchlist candidate
[2026-05-07 18:51:21] [SCAN] Analyzing USDJPYm
[2026-05-07 18:51:22] [SKIP] USDJPYm same candle 2026-05-07 11:45:00  skip
[2026-05-07 18:51:22] [SELECT] Symbol switched: USDJPYm -> EURJPYm | AI watchlist candidate
[2026-05-07 18:51:22] [SCAN] Analyzing EURJPYm
[2026-05-07 18:51:23] [SKIP] EURJPYm same candle 2026-05-07 11:45:00  skip
[2026-05-07 18:51:23] [WAIT] No order this round
[2026-05-07 18:52:23] [AI] Using cached scan from 2026-05-07 14:00:37 | symbols=GBPUSDm, EURUSDm, XAUUSDm, USDJPYm, EURJPYm
[2026-05-07 18:52:23] [WATCH] Watchlist: GBPUSDm, EURUSDm, XAUUSDm, USDJPYm, EURJPYm
[2026-05-07 18:52:23] [SELECT] Symbol switched: EURJPYm -> GBPUSDm | AI watchlist candidate
[2026-05-07 18:52:23] [SCAN] Analyzing GBPUSDm
[2026-05-07 18:52:23] [SKIP] GBPUSDm same candle 2026-05-07 11:45:00  skip
[2026-05-07 18:52:23] [SELECT] Symbol switched: GBPUSDm -> EURUSDm | AI watchlist candidate
[2026-05-07 18:52:23] [SCAN] Analyzing EURUSDm
[2026-05-07 18:52:24] [SKIP] EURUSDm same candle 2026-05-07 11:45:00  skip
[2026-05-07 18:52:24] [SELECT] Symbol switched: EURUSDm -> XAUUSDm | AI watchlist candidate
[2026-05-07 18:52:24] [SCAN] Analyzing XAUUSDm
[2026-05-07 18:52:25] [SKIP] XAUUSDm same candle 2026-05-07 11:45:00  skip
[2026-05-07 18:52:25] [SELECT] Symbol switched: XAUUSDm -> USDJPYm | AI watchlist candidate
[2026-05-07 18:52:25] [SCAN] Analyzing USDJPYm
[2026-05-07 18:52:25] [SKIP] USDJPYm same candle 2026-05-07 11:45:00  skip
[2026-05-07 18:52:25] [SELECT] Symbol switched: USDJPYm -> EURJPYm | AI watchlist candidate
[2026-05-07 18:52:25] [SCAN] Analyzing EURJPYm
[2026-05-07 18:52:26] [SKIP] EURJPYm same candle 2026-05-07 11:45:00  skip
[2026-05-07 18:52:26] [WAIT] No order this round
[2026-05-07 18:53:26] [AI] Using cached scan from 2026-05-07 14:00:37 | symbols=GBPUSDm, EURUSDm, XAUUSDm, USDJPYm, EURJPYm
[2026-05-07 18:53:26] [WATCH] Watchlist: GBPUSDm, EURUSDm, XAUUSDm, USDJPYm, EURJPYm
[2026-05-07 18:53:26] [SELECT] Symbol switched: EURJPYm -> GBPUSDm | AI watchlist candidate
[2026-05-07 18:53:26] [SCAN] Analyzing GBPUSDm
[2026-05-07 18:53:27] [SKIP] GBPUSDm same candle 2026-05-07 11:45:00  skip
[2026-05-07 18:53:27] [SELECT] Symbol switched: GBPUSDm -> EURUSDm | AI watchlist candidate
[2026-05-07 18:53:27] [SCAN] Analyzing EURUSDm
[2026-05-07 18:53:28] [SKIP] EURUSDm same candle 2026-05-07 11:45:00  skip
[2026-05-07 18:53:28] [SELECT] Symbol switched: EURUSDm -> XAUUSDm | AI watchlist candidate
[2026-05-07 18:53:28] [SCAN] Analyzing XAUUSDm
[2026-05-07 18:53:28] [SKIP] XAUUSDm same candle 2026-05-07 11:45:00  skip
[2026-05-07 18:53:28] [SELECT] Symbol switched: XAUUSDm -> USDJPYm | AI watchlist candidate
[2026-05-07 18:53:28] [SCAN] Analyzing USDJPYm
[2026-05-07 18:53:29] [SKIP] USDJPYm same candle 2026-05-07 11:45:00  skip
[2026-05-07 18:53:29] [SELECT] Symbol switched: USDJPYm -> EURJPYm | AI watchlist candidate
[2026-05-07 18:53:29] [SCAN] Analyzing EURJPYm
[2026-05-07 18:53:30] [SKIP] EURJPYm same candle 2026-05-07 11:45:00  skip
[2026-05-07 18:53:30] [WAIT] No order this round
[2026-05-07 18:54:30] [AI] Using cached scan from 2026-05-07 14:00:37 | symbols=GBPUSDm, EURUSDm, XAUUSDm, USDJPYm, EURJPYm
[2026-05-07 18:54:30] [WATCH] Watchlist: GBPUSDm, EURUSDm, XAUUSDm, USDJPYm, EURJPYm
[2026-05-07 18:54:30] [SELECT] Symbol switched: EURJPYm -> GBPUSDm | AI watchlist candidate
[2026-05-07 18:54:30] [SCAN] Analyzing GBPUSDm
[2026-05-07 18:54:30] [SKIP] GBPUSDm same candle 2026-05-07 11:45:00  skip
[2026-05-07 18:54:30] [SELECT] Symbol switched: GBPUSDm -> EURUSDm | AI watchlist candidate
[2026-05-07 18:54:30] [SCAN] Analyzing EURUSDm
[2026-05-07 18:54:31] [SKIP] EURUSDm same candle 2026-05-07 11:45:00  skip
[2026-05-07 18:54:31] [SELECT] Symbol switched: EURUSDm -> XAUUSDm | AI watchlist candidate
[2026-05-07 18:54:31] [SCAN] Analyzing XAUUSDm
[2026-05-07 18:54:32] [SKIP] XAUUSDm same candle 2026-05-07 11:45:00  skip
[2026-05-07 18:54:32] [SELECT] Symbol switched: XAUUSDm -> USDJPYm | AI watchlist candidate
[2026-05-07 18:54:32] [SCAN] Analyzing USDJPYm
[2026-05-07 18:54:33] [SKIP] USDJPYm same candle 2026-05-07 11:45:00  skip
[2026-05-07 18:54:33] [SELECT] Symbol switched: USDJPYm -> EURJPYm | AI watchlist candidate
[2026-05-07 18:54:33] [SCAN] Analyzing EURJPYm
[2026-05-07 18:54:33] [SKIP] EURJPYm same candle 2026-05-07 11:45:00  skip
[2026-05-07 18:54:33] [WAIT] No order this round
[2026-05-07 18:55:33] [AI] Using cached scan from 2026-05-07 14:00:37 | symbols=GBPUSDm, EURUSDm, XAUUSDm, USDJPYm, EURJPYm
[2026-05-07 18:55:33] [WATCH] Watchlist: GBPUSDm, EURUSDm, XAUUSDm, USDJPYm, EURJPYm
[2026-05-07 18:55:33] [SELECT] Symbol switched: EURJPYm -> GBPUSDm | AI watchlist candidate
[2026-05-07 18:55:33] [SCAN] Analyzing GBPUSDm
[2026-05-07 18:55:34] Signal: {'time': Timestamp('2026-05-07 11:50:00'), 'symbol': 'GBPUSDm', 'side': 'NO_TRADE', 'price': 1.36145, 'reason': 'no Donchian breakout'}
[2026-05-07 18:55:34] [SKIP] GBPUSDm NO_TRADE: no Donchian breakout
[2026-05-07 18:55:34] [SELECT] Symbol switched: GBPUSDm -> EURUSDm | AI watchlist candidate
[2026-05-07 18:55:34] [SCAN] Analyzing EURUSDm
[2026-05-07 18:55:35] Signal: {'time': Timestamp('2026-05-07 11:50:00'), 'symbol': 'EURUSDm', 'side': 'NO_TRADE', 'price': 1.17653, 'reason': 'no Donchian breakout'}
[2026-05-07 18:55:35] [SKIP] EURUSDm NO_TRADE: no Donchian breakout
[2026-05-07 18:55:35] [SELECT] Symbol switched: EURUSDm -> XAUUSDm | AI watchlist candidate
[2026-05-07 18:55:35] [SCAN] Analyzing XAUUSDm
[2026-05-07 18:55:36] Signal: {'time': Timestamp('2026-05-07 11:50:00'), 'symbol': 'XAUUSDm', 'side': 'NO_TRADE', 'price': 4739.444, 'reason': 'no Donchian breakout'}
[2026-05-07 18:55:36] [SKIP] XAUUSDm NO_TRADE: no Donchian breakout
[2026-05-07 18:55:36] [SELECT] Symbol switched: XAUUSDm -> USDJPYm | AI watchlist candidate
[2026-05-07 18:55:36] [SCAN] Analyzing USDJPYm
[2026-05-07 18:55:36] Signal: {'time': Timestamp('2026-05-07 11:50:00'), 'symbol': 'USDJPYm', 'side': 'NO_TRADE', 'price': 156.432, 'reason': 'M15 ADX not rising'}
[2026-05-07 18:55:36] [SKIP] USDJPYm NO_TRADE: M15 ADX not rising
[2026-05-07 18:55:36] [SELECT] Symbol switched: USDJPYm -> EURJPYm | AI watchlist candidate
[2026-05-07 18:55:36] [SCAN] Analyzing EURJPYm
[2026-05-07 18:55:37] Signal: {'time': Timestamp('2026-05-07 11:50:00'), 'symbol': 'EURJPYm', 'side': 'NO_TRADE', 'price': 184.052, 'reason': 'no Donchian breakout'}
[2026-05-07 18:55:37] [SKIP] EURJPYm NO_TRADE: no Donchian breakout
[2026-05-07 18:55:37] [WAIT] No order this round
[2026-05-07 18:56:37] [AI] Using cached scan from 2026-05-07 14:00:37 | symbols=GBPUSDm, EURUSDm, XAUUSDm, USDJPYm, EURJPYm
[2026-05-07 18:56:37] [WATCH] Watchlist: GBPUSDm, EURUSDm, XAUUSDm, USDJPYm, EURJPYm
[2026-05-07 18:56:37] [SELECT] Symbol switched: EURJPYm -> GBPUSDm | AI watchlist candidate
[2026-05-07 18:56:37] [SCAN] Analyzing GBPUSDm
[2026-05-07 18:56:38] [SKIP] GBPUSDm same candle 2026-05-07 11:50:00  skip
[2026-05-07 18:56:38] [SELECT] Symbol switched: GBPUSDm -> EURUSDm | AI watchlist candidate
[2026-05-07 18:56:38] [SCAN] Analyzing EURUSDm
[2026-05-07 18:56:39] [SKIP] EURUSDm same candle 2026-05-07 11:50:00  skip
[2026-05-07 18:56:39] [SELECT] Symbol switched: EURUSDm -> XAUUSDm | AI watchlist candidate
[2026-05-07 18:56:39] [SCAN] Analyzing XAUUSDm
[2026-05-07 18:56:39] [SKIP] XAUUSDm same candle 2026-05-07 11:50:00  skip
[2026-05-07 18:56:39] [SELECT] Symbol switched: XAUUSDm -> USDJPYm | AI watchlist candidate
[2026-05-07 18:56:39] [SCAN] Analyzing USDJPYm
[2026-05-07 18:56:40] [SKIP] USDJPYm same candle 2026-05-07 11:50:00  skip
[2026-05-07 18:56:40] [SELECT] Symbol switched: USDJPYm -> EURJPYm | AI watchlist candidate
[2026-05-07 18:56:40] [SCAN] Analyzing EURJPYm
[2026-05-07 18:56:41] [SKIP] EURJPYm same candle 2026-05-07 11:50:00  skip
[2026-05-07 18:56:41] [WAIT] No order this round
[2026-05-07 18:57:41] [AI] Using cached scan from 2026-05-07 14:00:37 | symbols=GBPUSDm, EURUSDm, XAUUSDm, USDJPYm, EURJPYm
[2026-05-07 18:57:41] [WATCH] Watchlist: GBPUSDm, EURUSDm, XAUUSDm, USDJPYm, EURJPYm
[2026-05-07 18:57:41] [SELECT] Symbol switched: EURJPYm -> GBPUSDm | AI watchlist candidate
[2026-05-07 18:57:41] [SCAN] Analyzing GBPUSDm
[2026-05-07 18:57:42] [SKIP] GBPUSDm same candle 2026-05-07 11:50:00  skip
[2026-05-07 18:57:42] [SELECT] Symbol switched: GBPUSDm -> EURUSDm | AI watchlist candidate
[2026-05-07 18:57:42] [SCAN] Analyzing EURUSDm
[2026-05-07 18:57:42] [SKIP] EURUSDm same candle 2026-05-07 11:50:00  skip
[2026-05-07 18:57:42] [SELECT] Symbol switched: EURUSDm -> XAUUSDm | AI watchlist candidate
[2026-05-07 18:57:42] [SCAN] Analyzing XAUUSDm
[2026-05-07 18:57:43] [SKIP] XAUUSDm same candle 2026-05-07 11:50:00  skip
[2026-05-07 18:57:43] [SELECT] Symbol switched: XAUUSDm -> USDJPYm | AI watchlist candidate
[2026-05-07 18:57:43] [SCAN] Analyzing USDJPYm
[2026-05-07 18:57:44] [SKIP] USDJPYm same candle 2026-05-07 11:50:00  skip
[2026-05-07 18:57:44] [SELECT] Symbol switched: USDJPYm -> EURJPYm | AI watchlist candidate
[2026-05-07 18:57:44] [SCAN] Analyzing EURJPYm
[2026-05-07 18:57:45] [SKIP] EURJPYm same candle 2026-05-07 11:50:00  skip
[2026-05-07 18:57:45] [WAIT] No order this round
[2026-05-07 18:58:45] [AI] Using cached scan from 2026-05-07 14:00:37 | symbols=GBPUSDm, EURUSDm, XAUUSDm, USDJPYm, EURJPYm
[2026-05-07 18:58:45] [WATCH] Watchlist: GBPUSDm, EURUSDm, XAUUSDm, USDJPYm, EURJPYm
[2026-05-07 18:58:45] [SELECT] Symbol switched: EURJPYm -> GBPUSDm | AI watchlist candidate
[2026-05-07 18:58:45] [SCAN] Analyzing GBPUSDm
[2026-05-07 18:58:45] [SKIP] GBPUSDm same candle 2026-05-07 11:50:00  skip
[2026-05-07 18:58:45] [SELECT] Symbol switched: GBPUSDm -> EURUSDm | AI watchlist candidate
[2026-05-07 18:58:45] [SCAN] Analyzing EURUSDm
[2026-05-07 18:58:46] [SKIP] EURUSDm same candle 2026-05-07 11:50:00  skip
[2026-05-07 18:58:46] [SELECT] Symbol switched: EURUSDm -> XAUUSDm | AI watchlist candidate
[2026-05-07 18:58:46] [SCAN] Analyzing XAUUSDm
[2026-05-07 18:58:47] [SKIP] XAUUSDm same candle 2026-05-07 11:50:00  skip
[2026-05-07 18:58:47] [SELECT] Symbol switched: XAUUSDm -> USDJPYm | AI watchlist candidate
[2026-05-07 18:58:47] [SCAN] Analyzing USDJPYm
[2026-05-07 18:58:47] [SKIP] USDJPYm same candle 2026-05-07 11:50:00  skip
[2026-05-07 18:58:47] [SELECT] Symbol switched: USDJPYm -> EURJPYm | AI watchlist candidate
[2026-05-07 18:58:47] [SCAN] Analyzing EURJPYm
[2026-05-07 18:58:48] [SKIP] EURJPYm same candle 2026-05-07 11:50:00  skip
[2026-05-07 18:58:48] [WAIT] No order this round
[2026-05-07 18:59:48] [AI] Using cached scan from 2026-05-07 14:00:37 | symbols=GBPUSDm, EURUSDm, XAUUSDm, USDJPYm, EURJPYm
[2026-05-07 18:59:48] [WATCH] Watchlist: GBPUSDm, EURUSDm, XAUUSDm, USDJPYm, EURJPYm
[2026-05-07 18:59:48] [SELECT] Symbol switched: EURJPYm -> GBPUSDm | AI watchlist candidate
[2026-05-07 18:59:48] [SCAN] Analyzing GBPUSDm
[2026-05-07 18:59:49] [SKIP] GBPUSDm same candle 2026-05-07 11:50:00  skip
[2026-05-07 18:59:49] [SELECT] Symbol switched: GBPUSDm -> EURUSDm | AI watchlist candidate
[2026-05-07 18:59:49] [SCAN] Analyzing EURUSDm
[2026-05-07 18:59:50] [SKIP] EURUSDm same candle 2026-05-07 11:50:00  skip
[2026-05-07 18:59:50] [SELECT] Symbol switched: EURUSDm -> XAUUSDm | AI watchlist candidate
[2026-05-07 18:59:50] [SCAN] Analyzing XAUUSDm
[2026-05-07 18:59:50] [SKIP] XAUUSDm same candle 2026-05-07 11:50:00  skip
[2026-05-07 18:59:50] [SELECT] Symbol switched: XAUUSDm -> USDJPYm | AI watchlist candidate
[2026-05-07 18:59:50] [SCAN] Analyzing USDJPYm
[2026-05-07 18:59:51] [SKIP] USDJPYm same candle 2026-05-07 11:50:00  skip
[2026-05-07 18:59:51] [SELECT] Symbol switched: USDJPYm -> EURJPYm | AI watchlist candidate
[2026-05-07 18:59:51] [SCAN] Analyzing EURJPYm
[2026-05-07 18:59:52] [SKIP] EURJPYm same candle 2026-05-07 11:50:00  skip
[2026-05-07 18:59:52] [WAIT] No order this round
[2026-05-07 19:00:52] [AI] Using cached scan from 2026-05-07 14:00:37 | symbols=GBPUSDm, EURUSDm, XAUUSDm, USDJPYm, EURJPYm
[2026-05-07 19:00:52] [STATS] Hourly rejections (of 1411 attempts): {'no_donchian_breakout': '1253(89%)', 'adx_not_rising': '96(7%)', 'side_blocked': '34(2%)', 'trend_not_aligned': '28(2%)', 'volume_low': '10(1%)', 'adx_too_high': '5(0%)'}
[2026-05-07 19:00:52] [WATCH] Watchlist: GBPUSDm, EURUSDm, XAUUSDm, USDJPYm, EURJPYm
[2026-05-07 19:00:52] [SELECT] Symbol switched: EURJPYm -> GBPUSDm | AI watchlist candidate
[2026-05-07 19:00:52] [SCAN] Analyzing GBPUSDm
[2026-05-07 19:00:53] Signal: {'time': Timestamp('2026-05-07 11:55:00'), 'symbol': 'GBPUSDm', 'side': 'NO_TRADE', 'price': 1.36172, 'reason': 'no Donchian breakout'}
[2026-05-07 19:00:53] [SKIP] GBPUSDm NO_TRADE: no Donchian breakout
[2026-05-07 19:00:53] [SELECT] Symbol switched: GBPUSDm -> EURUSDm | AI watchlist candidate
[2026-05-07 19:00:53] [SCAN] Analyzing EURUSDm
[2026-05-07 19:00:53] Signal: {'time': Timestamp('2026-05-07 11:55:00'), 'symbol': 'EURUSDm', 'side': 'NO_TRADE', 'price': 1.17694, 'reason': 'no Donchian breakout'}
[2026-05-07 19:00:53] [SKIP] EURUSDm NO_TRADE: no Donchian breakout
[2026-05-07 19:00:53] [SELECT] Symbol switched: EURUSDm -> XAUUSDm | AI watchlist candidate
[2026-05-07 19:00:53] [SCAN] Analyzing XAUUSDm
[2026-05-07 19:00:54] Signal: {'time': Timestamp('2026-05-07 11:55:00'), 'symbol': 'XAUUSDm', 'side': 'NO_TRADE', 'price': 4742.595, 'reason': 'M15 ADX not rising'}
[2026-05-07 19:00:54] [SKIP] XAUUSDm NO_TRADE: M15 ADX not rising
[2026-05-07 19:00:54] [SELECT] Symbol switched: XAUUSDm -> USDJPYm | AI watchlist candidate
[2026-05-07 19:00:54] [SCAN] Analyzing USDJPYm
[2026-05-07 19:00:55] Signal: {'time': Timestamp('2026-05-07 11:55:00'), 'symbol': 'USDJPYm', 'side': 'NO_TRADE', 'price': 156.399, 'reason': 'no Donchian breakout'}
[2026-05-07 19:00:55] [SKIP] USDJPYm NO_TRADE: no Donchian breakout
[2026-05-07 19:00:55] [SELECT] Symbol switched: USDJPYm -> EURJPYm | AI watchlist candidate
[2026-05-07 19:00:55] [SCAN] Analyzing EURJPYm
[2026-05-07 19:00:56] Signal: {'time': Timestamp('2026-05-07 11:55:00'), 'symbol': 'EURJPYm', 'side': 'NO_TRADE', 'price': 184.079, 'reason': 'no Donchian breakout'}
[2026-05-07 19:00:56] [SKIP] EURJPYm NO_TRADE: no Donchian breakout
[2026-05-07 19:00:56] [WAIT] No order this round
[2026-05-07 19:01:56] [AI] Using cached scan from 2026-05-07 14:00:37 | symbols=GBPUSDm, EURUSDm, XAUUSDm, USDJPYm, EURJPYm
[2026-05-07 19:01:56] [WATCH] Watchlist: GBPUSDm, EURUSDm, XAUUSDm, USDJPYm, EURJPYm
[2026-05-07 19:01:56] [SELECT] Symbol switched: EURJPYm -> GBPUSDm | AI watchlist candidate
[2026-05-07 19:01:56] [SCAN] Analyzing GBPUSDm
[2026-05-07 19:01:56] [SKIP] GBPUSDm same candle 2026-05-07 11:55:00  skip
[2026-05-07 19:01:56] [SELECT] Symbol switched: GBPUSDm -> EURUSDm | AI watchlist candidate
[2026-05-07 19:01:56] [SCAN] Analyzing EURUSDm
[2026-05-07 19:01:57] [SKIP] EURUSDm same candle 2026-05-07 11:55:00  skip
[2026-05-07 19:01:57] [SELECT] Symbol switched: EURUSDm -> XAUUSDm | AI watchlist candidate
[2026-05-07 19:01:57] [SCAN] Analyzing XAUUSDm
[2026-05-07 19:01:58] [SKIP] XAUUSDm same candle 2026-05-07 11:55:00  skip
[2026-05-07 19:01:58] [SELECT] Symbol switched: XAUUSDm -> USDJPYm | AI watchlist candidate
[2026-05-07 19:01:58] [SCAN] Analyzing USDJPYm
[2026-05-07 19:01:59] [SKIP] USDJPYm same candle 2026-05-07 11:55:00  skip
[2026-05-07 19:01:59] [SELECT] Symbol switched: USDJPYm -> EURJPYm | AI watchlist candidate
[2026-05-07 19:01:59] [SCAN] Analyzing EURJPYm
[2026-05-07 19:01:59] [SKIP] EURJPYm same candle 2026-05-07 11:55:00  skip
[2026-05-07 19:01:59] [WAIT] No order this round
[2026-05-07 19:02:59] [AI] Using cached scan from 2026-05-07 14:00:37 | symbols=GBPUSDm, EURUSDm, XAUUSDm, USDJPYm, EURJPYm
[2026-05-07 19:02:59] [WATCH] Watchlist: GBPUSDm, EURUSDm, XAUUSDm, USDJPYm, EURJPYm
[2026-05-07 19:02:59] [SELECT] Symbol switched: EURJPYm -> GBPUSDm | AI watchlist candidate
[2026-05-07 19:02:59] [SCAN] Analyzing GBPUSDm
[2026-05-07 19:03:00] [SKIP] GBPUSDm same candle 2026-05-07 11:55:00  skip
[2026-05-07 19:03:00] [SELECT] Symbol switched: GBPUSDm -> EURUSDm | AI watchlist candidate
[2026-05-07 19:03:00] [SCAN] Analyzing EURUSDm
[2026-05-07 19:03:01] [SKIP] EURUSDm same candle 2026-05-07 11:55:00  skip
[2026-05-07 19:03:01] [SELECT] Symbol switched: EURUSDm -> XAUUSDm | AI watchlist candidate
[2026-05-07 19:03:01] [SCAN] Analyzing XAUUSDm
[2026-05-07 19:03:01] [SKIP] XAUUSDm same candle 2026-05-07 11:55:00  skip
[2026-05-07 19:03:01] [SELECT] Symbol switched: XAUUSDm -> USDJPYm | AI watchlist candidate
[2026-05-07 19:03:01] [SCAN] Analyzing USDJPYm
[2026-05-07 19:03:02] [SKIP] USDJPYm same candle 2026-05-07 11:55:00  skip
[2026-05-07 19:03:02] [SELECT] Symbol switched: USDJPYm -> EURJPYm | AI watchlist candidate
[2026-05-07 19:03:02] [SCAN] Analyzing EURJPYm
[2026-05-07 19:03:03] [SKIP] EURJPYm same candle 2026-05-07 11:55:00  skip
[2026-05-07 19:03:03] [WAIT] No order this round
[2026-05-07 19:04:03] [AI] Using cached scan from 2026-05-07 14:00:37 | symbols=GBPUSDm, EURUSDm, XAUUSDm, USDJPYm, EURJPYm
[2026-05-07 19:04:03] [WATCH] Watchlist: GBPUSDm, EURUSDm, XAUUSDm, USDJPYm, EURJPYm
[2026-05-07 19:04:03] [SELECT] Symbol switched: EURJPYm -> GBPUSDm | AI watchlist candidate
[2026-05-07 19:04:03] [SCAN] Analyzing GBPUSDm
[2026-05-07 19:04:04] [SKIP] GBPUSDm same candle 2026-05-07 11:55:00  skip
[2026-05-07 19:04:04] [SELECT] Symbol switched: GBPUSDm -> EURUSDm | AI watchlist candidate
[2026-05-07 19:04:04] [SCAN] Analyzing EURUSDm
[2026-05-07 19:04:04] [SKIP] EURUSDm same candle 2026-05-07 11:55:00  skip
[2026-05-07 19:04:04] [SELECT] Symbol switched: EURUSDm -> XAUUSDm | AI watchlist candidate
[2026-05-07 19:04:04] [SCAN] Analyzing XAUUSDm
[2026-05-07 19:04:05] [SKIP] XAUUSDm same candle 2026-05-07 11:55:00  skip
[2026-05-07 19:04:05] [SELECT] Symbol switched: XAUUSDm -> USDJPYm | AI watchlist candidate
[2026-05-07 19:04:05] [SCAN] Analyzing USDJPYm
[2026-05-07 19:04:06] [SKIP] USDJPYm same candle 2026-05-07 11:55:00  skip
[2026-05-07 19:04:06] [SELECT] Symbol switched: USDJPYm -> EURJPYm | AI watchlist candidate
[2026-05-07 19:04:06] [SCAN] Analyzing EURJPYm
[2026-05-07 19:04:07] [SKIP] EURJPYm same candle 2026-05-07 11:55:00  skip
[2026-05-07 19:04:07] [WAIT] No order this round
[2026-05-07 19:05:07] [AI] Using cached scan from 2026-05-07 14:00:37 | symbols=GBPUSDm, EURUSDm, XAUUSDm, USDJPYm, EURJPYm
[2026-05-07 19:05:07] [WATCH] Watchlist: GBPUSDm, EURUSDm, XAUUSDm, USDJPYm, EURJPYm
[2026-05-07 19:05:07] [SELECT] Symbol switched: EURJPYm -> GBPUSDm | AI watchlist candidate
[2026-05-07 19:05:07] [SCAN] Analyzing GBPUSDm
[2026-05-07 19:05:08] Signal: {'time': Timestamp('2026-05-07 12:00:00'), 'symbol': 'GBPUSDm', 'side': 'NO_TRADE', 'price': 1.36225, 'reason': 'no Donchian breakout'}
[2026-05-07 19:05:08] [SKIP] GBPUSDm NO_TRADE: no Donchian breakout
[2026-05-07 19:05:08] [SELECT] Symbol switched: GBPUSDm -> EURUSDm | AI watchlist candidate
[2026-05-07 19:05:08] [SCAN] Analyzing EURUSDm
[2026-05-07 19:05:08] Signal: {'time': Timestamp('2026-05-07 12:00:00'), 'symbol': 'EURUSDm', 'side': 'NO_TRADE', 'price': 1.1770100000000001, 'reason': 'no Donchian breakout'}
[2026-05-07 19:05:08] [SKIP] EURUSDm NO_TRADE: no Donchian breakout
[2026-05-07 19:05:08] [SELECT] Symbol switched: EURUSDm -> XAUUSDm | AI watchlist candidate
[2026-05-07 19:05:08] [SCAN] Analyzing XAUUSDm
[2026-05-07 19:05:09] Signal: {'time': Timestamp('2026-05-07 12:00:00'), 'symbol': 'XAUUSDm', 'side': 'NO_TRADE', 'price': 4741.114, 'reason': 'no Donchian breakout'}
[2026-05-07 19:05:09] [SKIP] XAUUSDm NO_TRADE: no Donchian breakout
[2026-05-07 19:05:09] [SELECT] Symbol switched: XAUUSDm -> USDJPYm | AI watchlist candidate
[2026-05-07 19:05:09] [SCAN] Analyzing USDJPYm
[2026-05-07 19:05:10] Signal: {'time': Timestamp('2026-05-07 12:00:00'), 'symbol': 'USDJPYm', 'side': 'NO_TRADE', 'price': 156.375, 'reason': 'no Donchian breakout'}
[2026-05-07 19:05:10] [SKIP] USDJPYm NO_TRADE: no Donchian breakout
[2026-05-07 19:05:10] [SELECT] Symbol switched: USDJPYm -> EURJPYm | AI watchlist candidate
[2026-05-07 19:05:10] [SCAN] Analyzing EURJPYm
[2026-05-07 19:05:10] Signal: {'time': Timestamp('2026-05-07 12:00:00'), 'symbol': 'EURJPYm', 'side': 'NO_TRADE', 'price': 184.058, 'reason': 'no Donchian breakout'}
[2026-05-07 19:05:10] [SKIP] EURJPYm NO_TRADE: no Donchian breakout
[2026-05-07 19:05:10] [WAIT] No order this round
[2026-05-07 19:06:10] [AI] Using cached scan from 2026-05-07 14:00:37 | symbols=GBPUSDm, EURUSDm, XAUUSDm, USDJPYm, EURJPYm
[2026-05-07 19:06:10] [WATCH] Watchlist: GBPUSDm, EURUSDm, XAUUSDm, USDJPYm, EURJPYm
[2026-05-07 19:06:10] [SELECT] Symbol switched: EURJPYm -> GBPUSDm | AI watchlist candidate
[2026-05-07 19:06:10] [SCAN] Analyzing GBPUSDm
[2026-05-07 19:06:11] [SKIP] GBPUSDm same candle 2026-05-07 12:00:00  skip
[2026-05-07 19:06:11] [SELECT] Symbol switched: GBPUSDm -> EURUSDm | AI watchlist candidate
[2026-05-07 19:06:11] [SCAN] Analyzing EURUSDm
[2026-05-07 19:06:12] [SKIP] EURUSDm same candle 2026-05-07 12:00:00  skip
[2026-05-07 19:06:12] [SELECT] Symbol switched: EURUSDm -> XAUUSDm | AI watchlist candidate
[2026-05-07 19:06:12] [SCAN] Analyzing XAUUSDm
[2026-05-07 19:06:13] [SKIP] XAUUSDm same candle 2026-05-07 12:00:00  skip
[2026-05-07 19:06:13] [SELECT] Symbol switched: XAUUSDm -> USDJPYm | AI watchlist candidate
[2026-05-07 19:06:13] [SCAN] Analyzing USDJPYm
[2026-05-07 19:06:13] [SKIP] USDJPYm same candle 2026-05-07 12:00:00  skip
[2026-05-07 19:06:13] [SELECT] Symbol switched: USDJPYm -> EURJPYm | AI watchlist candidate
[2026-05-07 19:06:13] [SCAN] Analyzing EURJPYm
[2026-05-07 19:06:14] [SKIP] EURJPYm same candle 2026-05-07 12:00:00  skip
[2026-05-07 19:06:14] [WAIT] No order this round
[2026-05-07 19:07:14] [AI] Using cached scan from 2026-05-07 14:00:37 | symbols=GBPUSDm, EURUSDm, XAUUSDm, USDJPYm, EURJPYm
[2026-05-07 19:07:14] [WATCH] Watchlist: GBPUSDm, EURUSDm, XAUUSDm, USDJPYm, EURJPYm
[2026-05-07 19:07:14] [SELECT] Symbol switched: EURJPYm -> GBPUSDm | AI watchlist candidate
[2026-05-07 19:07:14] [SCAN] Analyzing GBPUSDm
[2026-05-07 19:07:15] [SKIP] GBPUSDm same candle 2026-05-07 12:00:00  skip
[2026-05-07 19:07:15] [SELECT] Symbol switched: GBPUSDm -> EURUSDm | AI watchlist candidate
[2026-05-07 19:07:15] [SCAN] Analyzing EURUSDm
[2026-05-07 19:07:16] [SKIP] EURUSDm same candle 2026-05-07 12:00:00  skip
[2026-05-07 19:07:16] [SELECT] Symbol switched: EURUSDm -> XAUUSDm | AI watchlist candidate
[2026-05-07 19:07:16] [SCAN] Analyzing XAUUSDm
[2026-05-07 19:07:16] [SKIP] XAUUSDm same candle 2026-05-07 12:00:00  skip
[2026-05-07 19:07:16] [SELECT] Symbol switched: XAUUSDm -> USDJPYm | AI watchlist candidate
[2026-05-07 19:07:16] [SCAN] Analyzing USDJPYm
[2026-05-07 19:07:17] [SKIP] USDJPYm same candle 2026-05-07 12:00:00  skip
[2026-05-07 19:07:17] [SELECT] Symbol switched: USDJPYm -> EURJPYm | AI watchlist candidate
[2026-05-07 19:07:17] [SCAN] Analyzing EURJPYm
[2026-05-07 19:07:18] [SKIP] EURJPYm same candle 2026-05-07 12:00:00  skip
[2026-05-07 19:07:18] [WAIT] No order this round
[2026-05-07 19:08:18] [AI] Using cached scan from 2026-05-07 14:00:37 | symbols=GBPUSDm, EURUSDm, XAUUSDm, USDJPYm, EURJPYm
[2026-05-07 19:08:18] [WATCH] Watchlist: GBPUSDm, EURUSDm, XAUUSDm, USDJPYm, EURJPYm
[2026-05-07 19:08:18] [SELECT] Symbol switched: EURJPYm -> GBPUSDm | AI watchlist candidate
[2026-05-07 19:08:18] [SCAN] Analyzing GBPUSDm
[2026-05-07 19:08:18] [SKIP] GBPUSDm same candle 2026-05-07 12:00:00  skip
[2026-05-07 19:08:18] [SELECT] Symbol switched: GBPUSDm -> EURUSDm | AI watchlist candidate
[2026-05-07 19:08:18] [SCAN] Analyzing EURUSDm
[2026-05-07 19:08:19] [SKIP] EURUSDm same candle 2026-05-07 12:00:00  skip
[2026-05-07 19:08:19] [SELECT] Symbol switched: EURUSDm -> XAUUSDm | AI watchlist candidate
[2026-05-07 19:08:19] [SCAN] Analyzing XAUUSDm
[2026-05-07 19:08:20] [SKIP] XAUUSDm same candle 2026-05-07 12:00:00  skip
[2026-05-07 19:08:20] [SELECT] Symbol switched: XAUUSDm -> USDJPYm | AI watchlist candidate
[2026-05-07 19:08:20] [SCAN] Analyzing USDJPYm
[2026-05-07 19:08:21] [SKIP] USDJPYm same candle 2026-05-07 12:00:00  skip
[2026-05-07 19:08:21] [SELECT] Symbol switched: USDJPYm -> EURJPYm | AI watchlist candidate
[2026-05-07 19:08:21] [SCAN] Analyzing EURJPYm
[2026-05-07 19:08:21] [SKIP] EURJPYm same candle 2026-05-07 12:00:00  skip
[2026-05-07 19:08:21] [WAIT] No order this round
[2026-05-07 19:09:21] [AI] Using cached scan from 2026-05-07 14:00:37 | symbols=GBPUSDm, EURUSDm, XAUUSDm, USDJPYm, EURJPYm
[2026-05-07 19:09:21] [WATCH] Watchlist: GBPUSDm, EURUSDm, XAUUSDm, USDJPYm, EURJPYm
[2026-05-07 19:09:21] [SELECT] Symbol switched: EURJPYm -> GBPUSDm | AI watchlist candidate
[2026-05-07 19:09:21] [SCAN] Analyzing GBPUSDm
[2026-05-07 19:09:22] [SKIP] GBPUSDm same candle 2026-05-07 12:00:00  skip
[2026-05-07 19:09:22] [SELECT] Symbol switched: GBPUSDm -> EURUSDm | AI watchlist candidate
[2026-05-07 19:09:22] [SCAN] Analyzing EURUSDm
[2026-05-07 19:09:23] [SKIP] EURUSDm same candle 2026-05-07 12:00:00  skip
[2026-05-07 19:09:23] [SELECT] Symbol switched: EURUSDm -> XAUUSDm | AI watchlist candidate
[2026-05-07 19:09:23] [SCAN] Analyzing XAUUSDm
[2026-05-07 19:09:23] [SKIP] XAUUSDm same candle 2026-05-07 12:00:00  skip
[2026-05-07 19:09:23] [SELECT] Symbol switched: XAUUSDm -> USDJPYm | AI watchlist candidate
[2026-05-07 19:09:23] [SCAN] Analyzing USDJPYm
[2026-05-07 19:09:24] [SKIP] USDJPYm same candle 2026-05-07 12:00:00  skip
[2026-05-07 19:09:24] [SELECT] Symbol switched: USDJPYm -> EURJPYm | AI watchlist candidate
[2026-05-07 19:09:24] [SCAN] Analyzing EURJPYm
[2026-05-07 19:09:25] [SKIP] EURJPYm same candle 2026-05-07 12:00:00  skip
[2026-05-07 19:09:25] [WAIT] No order this round
[2026-05-07 19:10:25] [AI] Using cached scan from 2026-05-07 14:00:37 | symbols=GBPUSDm, EURUSDm, XAUUSDm, USDJPYm, EURJPYm
[2026-05-07 19:10:25] [WATCH] Watchlist: GBPUSDm, EURUSDm, XAUUSDm, USDJPYm, EURJPYm
[2026-05-07 19:10:25] [SELECT] Symbol switched: EURJPYm -> GBPUSDm | AI watchlist candidate
[2026-05-07 19:10:25] [SCAN] Analyzing GBPUSDm
[2026-05-07 19:10:26] Signal: {'time': Timestamp('2026-05-07 12:05:00'), 'symbol': 'GBPUSDm', 'side': 'NO_TRADE', 'price': 1.36208, 'reason': 'no Donchian breakout'}
[2026-05-07 19:10:26] [SKIP] GBPUSDm NO_TRADE: no Donchian breakout
[2026-05-07 19:10:26] [SELECT] Symbol switched: GBPUSDm -> EURUSDm | AI watchlist candidate
[2026-05-07 19:10:26] [SCAN] Analyzing EURUSDm
[2026-05-07 19:10:26] Signal: {'time': Timestamp('2026-05-07 12:05:00'), 'symbol': 'EURUSDm', 'side': 'NO_TRADE', 'price': 1.17694, 'reason': 'no Donchian breakout'}
[2026-05-07 19:10:26] [SKIP] EURUSDm NO_TRADE: no Donchian breakout
[2026-05-07 19:10:26] [SELECT] Symbol switched: EURUSDm -> XAUUSDm | AI watchlist candidate
[2026-05-07 19:10:26] [SCAN] Analyzing XAUUSDm
[2026-05-07 19:10:27] Signal: {'time': Timestamp('2026-05-07 12:05:00'), 'symbol': 'XAUUSDm', 'side': 'NO_TRADE', 'price': 4740.429, 'reason': 'no Donchian breakout'}
[2026-05-07 19:10:27] [SKIP] XAUUSDm NO_TRADE: no Donchian breakout
[2026-05-07 19:10:27] [SELECT] Symbol switched: XAUUSDm -> USDJPYm | AI watchlist candidate
[2026-05-07 19:10:27] [SCAN] Analyzing USDJPYm
[2026-05-07 19:10:28] Signal: {'time': Timestamp('2026-05-07 12:05:00'), 'symbol': 'USDJPYm', 'side': 'NO_TRADE', 'price': 156.376, 'reason': 'no Donchian breakout'}
[2026-05-07 19:10:28] [SKIP] USDJPYm NO_TRADE: no Donchian breakout
[2026-05-07 19:10:28] [SELECT] Symbol switched: USDJPYm -> EURJPYm | AI watchlist candidate
[2026-05-07 19:10:28] [SCAN] Analyzing EURJPYm
[2026-05-07 19:10:29] Signal: {'time': Timestamp('2026-05-07 12:05:00'), 'symbol': 'EURJPYm', 'side': 'NO_TRADE', 'price': 184.052, 'reason': 'no Donchian breakout'}
[2026-05-07 19:10:29] [SKIP] EURJPYm NO_TRADE: no Donchian breakout
[2026-05-07 19:10:29] [WAIT] No order this round
[2026-05-07 19:11:29] [AI] Using cached scan from 2026-05-07 14:00:37 | symbols=GBPUSDm, EURUSDm, XAUUSDm, USDJPYm, EURJPYm
[2026-05-07 19:11:29] [WATCH] Watchlist: GBPUSDm, EURUSDm, XAUUSDm, USDJPYm, EURJPYm
[2026-05-07 19:11:29] [SELECT] Symbol switched: EURJPYm -> GBPUSDm | AI watchlist candidate
[2026-05-07 19:11:29] [SCAN] Analyzing GBPUSDm
[2026-05-07 19:11:29] [SKIP] GBPUSDm same candle 2026-05-07 12:05:00  skip
[2026-05-07 19:11:29] [SELECT] Symbol switched: GBPUSDm -> EURUSDm | AI watchlist candidate
[2026-05-07 19:11:29] [SCAN] Analyzing EURUSDm
[2026-05-07 19:11:30] [SKIP] EURUSDm same candle 2026-05-07 12:05:00  skip
[2026-05-07 19:11:30] [SELECT] Symbol switched: EURUSDm -> XAUUSDm | AI watchlist candidate
[2026-05-07 19:11:30] [SCAN] Analyzing XAUUSDm
[2026-05-07 19:11:31] [SKIP] XAUUSDm same candle 2026-05-07 12:05:00  skip
[2026-05-07 19:11:31] [SELECT] Symbol switched: XAUUSDm -> USDJPYm | AI watchlist candidate
[2026-05-07 19:11:31] [SCAN] Analyzing USDJPYm
[2026-05-07 19:11:32] [SKIP] USDJPYm same candle 2026-05-07 12:05:00  skip
[2026-05-07 19:11:32] [SELECT] Symbol switched: USDJPYm -> EURJPYm | AI watchlist candidate
[2026-05-07 19:11:32] [SCAN] Analyzing EURJPYm
[2026-05-07 19:11:32] [SKIP] EURJPYm same candle 2026-05-07 12:05:00  skip
[2026-05-07 19:11:32] [WAIT] No order this round
[2026-05-07 19:12:32] [AI] Using cached scan from 2026-05-07 14:00:37 | symbols=GBPUSDm, EURUSDm, XAUUSDm, USDJPYm, EURJPYm
[2026-05-07 19:12:32] [WATCH] Watchlist: GBPUSDm, EURUSDm, XAUUSDm, USDJPYm, EURJPYm
[2026-05-07 19:12:32] [SELECT] Symbol switched: EURJPYm -> GBPUSDm | AI watchlist candidate
[2026-05-07 19:12:32] [SCAN] Analyzing GBPUSDm
[2026-05-07 19:12:33] [SKIP] GBPUSDm same candle 2026-05-07 12:05:00  skip
[2026-05-07 19:12:33] [SELECT] Symbol switched: GBPUSDm -> EURUSDm | AI watchlist candidate
[2026-05-07 19:12:33] [SCAN] Analyzing EURUSDm
[2026-05-07 19:12:34] [SKIP] EURUSDm same candle 2026-05-07 12:05:00  skip
[2026-05-07 19:12:34] [SELECT] Symbol switched: EURUSDm -> XAUUSDm | AI watchlist candidate
[2026-05-07 19:12:34] [SCAN] Analyzing XAUUSDm
[2026-05-07 19:12:34] [SKIP] XAUUSDm same candle 2026-05-07 12:05:00  skip
[2026-05-07 19:12:34] [SELECT] Symbol switched: XAUUSDm -> USDJPYm | AI watchlist candidate
[2026-05-07 19:12:34] [SCAN] Analyzing USDJPYm
[2026-05-07 19:12:35] [SKIP] USDJPYm same candle 2026-05-07 12:05:00  skip
[2026-05-07 19:12:35] [SELECT] Symbol switched: USDJPYm -> EURJPYm | AI watchlist candidate
[2026-05-07 19:12:35] [SCAN] Analyzing EURJPYm
[2026-05-07 19:12:36] [SKIP] EURJPYm same candle 2026-05-07 12:05:00  skip
[2026-05-07 19:12:36] [WAIT] No order this round
[2026-05-07 19:13:36] [AI] Using cached scan from 2026-05-07 14:00:37 | symbols=GBPUSDm, EURUSDm, XAUUSDm, USDJPYm, EURJPYm
[2026-05-07 19:13:36] [WATCH] Watchlist: GBPUSDm, EURUSDm, XAUUSDm, USDJPYm, EURJPYm
[2026-05-07 19:13:36] [SELECT] Symbol switched: EURJPYm -> GBPUSDm | AI watchlist candidate
[2026-05-07 19:13:36] [SCAN] Analyzing GBPUSDm
[2026-05-07 19:13:37] [SKIP] GBPUSDm same candle 2026-05-07 12:05:00  skip
[2026-05-07 19:13:37] [SELECT] Symbol switched: GBPUSDm -> EURUSDm | AI watchlist candidate
[2026-05-07 19:13:37] [SCAN] Analyzing EURUSDm
[2026-05-07 19:13:37] [SKIP] EURUSDm same candle 2026-05-07 12:05:00  skip
[2026-05-07 19:13:37] [SELECT] Symbol switched: EURUSDm -> XAUUSDm | AI watchlist candidate
[2026-05-07 19:13:37] [SCAN] Analyzing XAUUSDm
[2026-05-07 19:13:38] [SKIP] XAUUSDm same candle 2026-05-07 12:05:00  skip
[2026-05-07 19:13:38] [SELECT] Symbol switched: XAUUSDm -> USDJPYm | AI watchlist candidate
[2026-05-07 19:13:38] [SCAN] Analyzing USDJPYm
[2026-05-07 19:13:39] [SKIP] USDJPYm same candle 2026-05-07 12:05:00  skip
[2026-05-07 19:13:39] [SELECT] Symbol switched: USDJPYm -> EURJPYm | AI watchlist candidate
[2026-05-07 19:13:39] [SCAN] Analyzing EURJPYm
[2026-05-07 19:13:40] [SKIP] EURJPYm same candle 2026-05-07 12:05:00  skip
[2026-05-07 19:13:40] [WAIT] No order this round
[2026-05-07 19:14:40] [AI] Using cached scan from 2026-05-07 14:00:37 | symbols=GBPUSDm, EURUSDm, XAUUSDm, USDJPYm, EURJPYm
[2026-05-07 19:14:40] [WATCH] Watchlist: GBPUSDm, EURUSDm, XAUUSDm, USDJPYm, EURJPYm
[2026-05-07 19:14:40] [SELECT] Symbol switched: EURJPYm -> GBPUSDm | AI watchlist candidate
[2026-05-07 19:14:40] [SCAN] Analyzing GBPUSDm
[2026-05-07 19:14:40] [SKIP] GBPUSDm same candle 2026-05-07 12:05:00  skip
[2026-05-07 19:14:40] [SELECT] Symbol switched: GBPUSDm -> EURUSDm | AI watchlist candidate
[2026-05-07 19:14:40] [SCAN] Analyzing EURUSDm
[2026-05-07 19:14:41] [SKIP] EURUSDm same candle 2026-05-07 12:05:00  skip
[2026-05-07 19:14:41] [SELECT] Symbol switched: EURUSDm -> XAUUSDm | AI watchlist candidate
[2026-05-07 19:14:41] [SCAN] Analyzing XAUUSDm
[2026-05-07 19:14:42] [SKIP] XAUUSDm same candle 2026-05-07 12:05:00  skip
[2026-05-07 19:14:42] [SELECT] Symbol switched: XAUUSDm -> USDJPYm | AI watchlist candidate
[2026-05-07 19:14:42] [SCAN] Analyzing USDJPYm
[2026-05-07 19:14:42] [SKIP] USDJPYm same candle 2026-05-07 12:05:00  skip
[2026-05-07 19:14:42] [SELECT] Symbol switched: USDJPYm -> EURJPYm | AI watchlist candidate
[2026-05-07 19:14:42] [SCAN] Analyzing EURJPYm
[2026-05-07 19:14:43] [SKIP] EURJPYm same candle 2026-05-07 12:05:00  skip
[2026-05-07 19:14:43] [WAIT] No order this round
[2026-05-07 19:15:43] [AI] Using cached scan from 2026-05-07 14:00:37 | symbols=GBPUSDm, EURUSDm, XAUUSDm, USDJPYm, EURJPYm
[2026-05-07 19:15:43] [WATCH] Watchlist: GBPUSDm, EURUSDm, XAUUSDm, USDJPYm, EURJPYm
[2026-05-07 19:15:43] [SELECT] Symbol switched: EURJPYm -> GBPUSDm | AI watchlist candidate
[2026-05-07 19:15:43] [SCAN] Analyzing GBPUSDm
[2026-05-07 19:15:44] Signal: {'time': Timestamp('2026-05-07 12:10:00'), 'symbol': 'GBPUSDm', 'side': 'NO_TRADE', 'price': 1.36221, 'reason': 'no Donchian breakout'}
[2026-05-07 19:15:44] [SKIP] GBPUSDm NO_TRADE: no Donchian breakout
[2026-05-07 19:15:44] [SELECT] Symbol switched: GBPUSDm -> EURUSDm | AI watchlist candidate
[2026-05-07 19:15:44] [SCAN] Analyzing EURUSDm
[2026-05-07 19:15:45] Signal: {'time': Timestamp('2026-05-07 12:10:00'), 'symbol': 'EURUSDm', 'side': 'NO_TRADE', 'price': 1.17705, 'reason': 'no Donchian breakout'}
[2026-05-07 19:15:45] [SKIP] EURUSDm NO_TRADE: no Donchian breakout
[2026-05-07 19:15:45] [SELECT] Symbol switched: EURUSDm -> XAUUSDm | AI watchlist candidate
[2026-05-07 19:15:45] [SCAN] Analyzing XAUUSDm
[2026-05-07 19:15:45] Signal: {'time': Timestamp('2026-05-07 12:10:00'), 'symbol': 'XAUUSDm', 'side': 'NO_TRADE', 'price': 4744.117, 'reason': 'no Donchian breakout'}
[2026-05-07 19:15:45] [SKIP] XAUUSDm NO_TRADE: no Donchian breakout
[2026-05-07 19:15:45] [SELECT] Symbol switched: XAUUSDm -> USDJPYm | AI watchlist candidate
[2026-05-07 19:15:45] [SCAN] Analyzing USDJPYm
[2026-05-07 19:15:46] Signal: {'time': Timestamp('2026-05-07 12:10:00'), 'symbol': 'USDJPYm', 'side': 'NO_TRADE', 'price': 156.372, 'reason': 'no Donchian breakout'}
[2026-05-07 19:15:46] [SKIP] USDJPYm NO_TRADE: no Donchian breakout
[2026-05-07 19:15:46] [SELECT] Symbol switched: USDJPYm -> EURJPYm | AI watchlist candidate
[2026-05-07 19:15:46] [SCAN] Analyzing EURJPYm
[2026-05-07 19:15:47] Signal: {'time': Timestamp('2026-05-07 12:10:00'), 'symbol': 'EURJPYm', 'side': 'NO_TRADE', 'price': 184.064, 'reason': 'no Donchian breakout'}
[2026-05-07 19:15:47] [SKIP] EURJPYm NO_TRADE: no Donchian breakout
[2026-05-07 19:15:47] [WAIT] No order this round
[2026-05-07 19:16:47] [AI] Using cached scan from 2026-05-07 14:00:37 | symbols=GBPUSDm, EURUSDm, XAUUSDm, USDJPYm, EURJPYm
[2026-05-07 19:16:47] [WATCH] Watchlist: GBPUSDm, EURUSDm, XAUUSDm, USDJPYm, EURJPYm
[2026-05-07 19:16:47] [SELECT] Symbol switched: EURJPYm -> GBPUSDm | AI watchlist candidate
[2026-05-07 19:16:47] [SCAN] Analyzing GBPUSDm
[2026-05-07 19:16:48] [SKIP] GBPUSDm same candle 2026-05-07 12:10:00  skip
[2026-05-07 19:16:48] [SELECT] Symbol switched: GBPUSDm -> EURUSDm | AI watchlist candidate
[2026-05-07 19:16:48] [SCAN] Analyzing EURUSDm
[2026-05-07 19:16:48] [SKIP] EURUSDm same candle 2026-05-07 12:10:00  skip
[2026-05-07 19:16:48] [SELECT] Symbol switched: EURUSDm -> XAUUSDm | AI watchlist candidate
[2026-05-07 19:16:48] [SCAN] Analyzing XAUUSDm
[2026-05-07 19:16:49] [SKIP] XAUUSDm same candle 2026-05-07 12:10:00  skip
[2026-05-07 19:16:49] [SELECT] Symbol switched: XAUUSDm -> USDJPYm | AI watchlist candidate
[2026-05-07 19:16:49] [SCAN] Analyzing USDJPYm
[2026-05-07 19:16:50] [SKIP] USDJPYm same candle 2026-05-07 12:10:00  skip
[2026-05-07 19:16:50] [SELECT] Symbol switched: USDJPYm -> EURJPYm | AI watchlist candidate
[2026-05-07 19:16:50] [SCAN] Analyzing EURJPYm
[2026-05-07 19:16:51] [SKIP] EURJPYm same candle 2026-05-07 12:10:00  skip
[2026-05-07 19:16:51] [WAIT] No order this round
[2026-05-07 19:17:51] [AI] Using cached scan from 2026-05-07 14:00:37 | symbols=GBPUSDm, EURUSDm, XAUUSDm, USDJPYm, EURJPYm
[2026-05-07 19:17:51] [WATCH] Watchlist: GBPUSDm, EURUSDm, XAUUSDm, USDJPYm, EURJPYm
[2026-05-07 19:17:51] [SELECT] Symbol switched: EURJPYm -> GBPUSDm | AI watchlist candidate
[2026-05-07 19:17:51] [SCAN] Analyzing GBPUSDm
[2026-05-07 19:17:51] [SKIP] GBPUSDm same candle 2026-05-07 12:10:00  skip
[2026-05-07 19:17:51] [SELECT] Symbol switched: GBPUSDm -> EURUSDm | AI watchlist candidate
[2026-05-07 19:17:51] [SCAN] Analyzing EURUSDm
[2026-05-07 19:17:52] [SKIP] EURUSDm same candle 2026-05-07 12:10:00  skip
[2026-05-07 19:17:52] [SELECT] Symbol switched: EURUSDm -> XAUUSDm | AI watchlist candidate
[2026-05-07 19:17:52] [SCAN] Analyzing XAUUSDm
[2026-05-07 19:17:53] [SKIP] XAUUSDm same candle 2026-05-07 12:10:00  skip
[2026-05-07 19:17:53] [SELECT] Symbol switched: XAUUSDm -> USDJPYm | AI watchlist candidate
[2026-05-07 19:17:53] [SCAN] Analyzing USDJPYm
[2026-05-07 19:17:53] [SKIP] USDJPYm same candle 2026-05-07 12:10:00  skip
[2026-05-07 19:17:53] [SELECT] Symbol switched: USDJPYm -> EURJPYm | AI watchlist candidate
[2026-05-07 19:17:53] [SCAN] Analyzing EURJPYm
[2026-05-07 19:17:54] [SKIP] EURJPYm same candle 2026-05-07 12:10:00  skip
[2026-05-07 19:17:54] [WAIT] No order this round
[2026-05-07 19:18:54] [AI] Using cached scan from 2026-05-07 14:00:37 | symbols=GBPUSDm, EURUSDm, XAUUSDm, USDJPYm, EURJPYm
[2026-05-07 19:18:54] [WATCH] Watchlist: GBPUSDm, EURUSDm, XAUUSDm, USDJPYm, EURJPYm
[2026-05-07 19:18:54] [SELECT] Symbol switched: EURJPYm -> GBPUSDm | AI watchlist candidate
[2026-05-07 19:18:54] [SCAN] Analyzing GBPUSDm
[2026-05-07 19:18:55] [SKIP] GBPUSDm same candle 2026-05-07 12:10:00  skip
[2026-05-07 19:18:55] [SELECT] Symbol switched: GBPUSDm -> EURUSDm | AI watchlist candidate
[2026-05-07 19:18:55] [SCAN] Analyzing EURUSDm
[2026-05-07 19:18:56] [SKIP] EURUSDm same candle 2026-05-07 12:10:00  skip
[2026-05-07 19:18:56] [SELECT] Symbol switched: EURUSDm -> XAUUSDm | AI watchlist candidate
[2026-05-07 19:18:56] [SCAN] Analyzing XAUUSDm
[2026-05-07 19:18:56] [SKIP] XAUUSDm same candle 2026-05-07 12:10:00  skip
[2026-05-07 19:18:56] [SELECT] Symbol switched: XAUUSDm -> USDJPYm | AI watchlist candidate
[2026-05-07 19:18:56] [SCAN] Analyzing USDJPYm
[2026-05-07 19:18:57] [SKIP] USDJPYm same candle 2026-05-07 12:10:00  skip
[2026-05-07 19:18:57] [SELECT] Symbol switched: USDJPYm -> EURJPYm | AI watchlist candidate
[2026-05-07 19:18:57] [SCAN] Analyzing EURJPYm
[2026-05-07 19:18:58] [SKIP] EURJPYm same candle 2026-05-07 12:10:00  skip
[2026-05-07 19:18:58] [WAIT] No order this round
[2026-05-07 19:19:58] [AI] Using cached scan from 2026-05-07 14:00:37 | symbols=GBPUSDm, EURUSDm, XAUUSDm, USDJPYm, EURJPYm
[2026-05-07 19:19:58] [WATCH] Watchlist: GBPUSDm, EURUSDm, XAUUSDm, USDJPYm, EURJPYm
[2026-05-07 19:19:58] [SELECT] Symbol switched: EURJPYm -> GBPUSDm | AI watchlist candidate
[2026-05-07 19:19:58] [SCAN] Analyzing GBPUSDm
[2026-05-07 19:19:58] [SKIP] GBPUSDm same candle 2026-05-07 12:10:00  skip
[2026-05-07 19:19:58] [SELECT] Symbol switched: GBPUSDm -> EURUSDm | AI watchlist candidate
[2026-05-07 19:19:58] [SCAN] Analyzing EURUSDm
[2026-05-07 19:19:59] [SKIP] EURUSDm same candle 2026-05-07 12:10:00  skip
[2026-05-07 19:19:59] [SELECT] Symbol switched: EURUSDm -> XAUUSDm | AI watchlist candidate
[2026-05-07 19:19:59] [SCAN] Analyzing XAUUSDm
[2026-05-07 19:20:00] [SKIP] XAUUSDm same candle 2026-05-07 12:10:00  skip
[2026-05-07 19:20:00] [SELECT] Symbol switched: XAUUSDm -> USDJPYm | AI watchlist candidate
[2026-05-07 19:20:00] [SCAN] Analyzing USDJPYm
[2026-05-07 19:20:01] Signal: {'time': Timestamp('2026-05-07 12:15:00'), 'symbol': 'USDJPYm', 'side': 'NO_TRADE', 'price': 156.377, 'reason': 'no Donchian breakout'}
[2026-05-07 19:20:01] [SKIP] USDJPYm NO_TRADE: no Donchian breakout
[2026-05-07 19:20:01] [SELECT] Symbol switched: USDJPYm -> EURJPYm | AI watchlist candidate
[2026-05-07 19:20:01] [SCAN] Analyzing EURJPYm
[2026-05-07 19:20:01] Signal: {'time': Timestamp('2026-05-07 12:15:00'), 'symbol': 'EURJPYm', 'side': 'NO_TRADE', 'price': 184.041, 'reason': 'no Donchian breakout'}
[2026-05-07 19:20:01] [SKIP] EURJPYm NO_TRADE: no Donchian breakout
[2026-05-07 19:20:01] [WAIT] No order this round
[2026-05-07 19:21:01] [AI] Using cached scan from 2026-05-07 14:00:37 | symbols=GBPUSDm, EURUSDm, XAUUSDm, USDJPYm, EURJPYm
[2026-05-07 19:21:01] [WATCH] Watchlist: GBPUSDm, EURUSDm, XAUUSDm, USDJPYm, EURJPYm
[2026-05-07 19:21:01] [SELECT] Symbol switched: EURJPYm -> GBPUSDm | AI watchlist candidate
[2026-05-07 19:21:01] [SCAN] Analyzing GBPUSDm
[2026-05-07 19:21:02] Signal: {'time': Timestamp('2026-05-07 12:15:00'), 'symbol': 'GBPUSDm', 'side': 'NO_TRADE', 'price': 1.3621699999999999, 'reason': 'no Donchian breakout'}
[2026-05-07 19:21:02] [SKIP] GBPUSDm NO_TRADE: no Donchian breakout
[2026-05-07 19:21:02] [SELECT] Symbol switched: GBPUSDm -> EURUSDm | AI watchlist candidate
[2026-05-07 19:21:02] [SCAN] Analyzing EURUSDm
[2026-05-07 19:21:03] Signal: {'time': Timestamp('2026-05-07 12:15:00'), 'symbol': 'EURUSDm', 'side': 'NO_TRADE', 'price': 1.17688, 'reason': 'no Donchian breakout'}
[2026-05-07 19:21:03] [SKIP] EURUSDm NO_TRADE: no Donchian breakout
[2026-05-07 19:21:03] [SELECT] Symbol switched: EURUSDm -> XAUUSDm | AI watchlist candidate
[2026-05-07 19:21:03] [SCAN] Analyzing XAUUSDm
[2026-05-07 19:21:04] Signal: {'time': Timestamp('2026-05-07 12:15:00'), 'symbol': 'XAUUSDm', 'side': 'NO_TRADE', 'price': 4742.671, 'reason': 'no Donchian breakout'}
[2026-05-07 19:21:04] [SKIP] XAUUSDm NO_TRADE: no Donchian breakout
[2026-05-07 19:21:04] [SELECT] Symbol switched: XAUUSDm -> USDJPYm | AI watchlist candidate
[2026-05-07 19:21:04] [SCAN] Analyzing USDJPYm
[2026-05-07 19:21:04] [SKIP] USDJPYm same candle 2026-05-07 12:15:00  skip
[2026-05-07 19:21:04] [SELECT] Symbol switched: USDJPYm -> EURJPYm | AI watchlist candidate
[2026-05-07 19:21:04] [SCAN] Analyzing EURJPYm
[2026-05-07 19:21:05] [SKIP] EURJPYm same candle 2026-05-07 12:15:00  skip
[2026-05-07 19:21:05] [WAIT] No order this round
[2026-05-07 19:22:05] [AI] Using cached scan from 2026-05-07 14:00:37 | symbols=GBPUSDm, EURUSDm, XAUUSDm, USDJPYm, EURJPYm
[2026-05-07 19:22:05] [WATCH] Watchlist: GBPUSDm, EURUSDm, XAUUSDm, USDJPYm, EURJPYm
[2026-05-07 19:22:05] [SELECT] Symbol switched: EURJPYm -> GBPUSDm | AI watchlist candidate
[2026-05-07 19:22:05] [SCAN] Analyzing GBPUSDm
[2026-05-07 19:22:06] [SKIP] GBPUSDm same candle 2026-05-07 12:15:00  skip
[2026-05-07 19:22:06] [SELECT] Symbol switched: GBPUSDm -> EURUSDm | AI watchlist candidate
[2026-05-07 19:22:06] [SCAN] Analyzing EURUSDm
[2026-05-07 19:22:07] [SKIP] EURUSDm same candle 2026-05-07 12:15:00  skip
[2026-05-07 19:22:07] [SELECT] Symbol switched: EURUSDm -> XAUUSDm | AI watchlist candidate
[2026-05-07 19:22:07] [SCAN] Analyzing XAUUSDm
[2026-05-07 19:22:07] [SKIP] XAUUSDm same candle 2026-05-07 12:15:00  skip
[2026-05-07 19:22:07] [SELECT] Symbol switched: XAUUSDm -> USDJPYm | AI watchlist candidate
[2026-05-07 19:22:07] [SCAN] Analyzing USDJPYm
[2026-05-07 19:22:08] [SKIP] USDJPYm same candle 2026-05-07 12:15:00  skip
[2026-05-07 19:22:08] [SELECT] Symbol switched: USDJPYm -> EURJPYm | AI watchlist candidate
[2026-05-07 19:22:08] [SCAN] Analyzing EURJPYm
[2026-05-07 19:22:09] [SKIP] EURJPYm same candle 2026-05-07 12:15:00  skip
[2026-05-07 19:22:09] [WAIT] No order this round
[2026-05-07 19:23:09] [AI] Using cached scan from 2026-05-07 14:00:37 | symbols=GBPUSDm, EURUSDm, XAUUSDm, USDJPYm, EURJPYm
[2026-05-07 19:23:09] [WATCH] Watchlist: GBPUSDm, EURUSDm, XAUUSDm, USDJPYm, EURJPYm
[2026-05-07 19:23:09] [SELECT] Symbol switched: EURJPYm -> GBPUSDm | AI watchlist candidate
[2026-05-07 19:23:09] [SCAN] Analyzing GBPUSDm
[2026-05-07 19:23:09] [SKIP] GBPUSDm same candle 2026-05-07 12:15:00  skip
[2026-05-07 19:23:09] [SELECT] Symbol switched: GBPUSDm -> EURUSDm | AI watchlist candidate
[2026-05-07 19:23:09] [SCAN] Analyzing EURUSDm
[2026-05-07 19:23:10] [SKIP] EURUSDm same candle 2026-05-07 12:15:00  skip
[2026-05-07 19:23:10] [SELECT] Symbol switched: EURUSDm -> XAUUSDm | AI watchlist candidate
[2026-05-07 19:23:10] [SCAN] Analyzing XAUUSDm
[2026-05-07 19:23:11] [SKIP] XAUUSDm same candle 2026-05-07 12:15:00  skip
[2026-05-07 19:23:11] [SELECT] Symbol switched: XAUUSDm -> USDJPYm | AI watchlist candidate
[2026-05-07 19:23:11] [SCAN] Analyzing USDJPYm
[2026-05-07 19:23:12] [SKIP] USDJPYm same candle 2026-05-07 12:15:00  skip
[2026-05-07 19:23:12] [SELECT] Symbol switched: USDJPYm -> EURJPYm | AI watchlist candidate
[2026-05-07 19:23:12] [SCAN] Analyzing EURJPYm
[2026-05-07 19:23:13] [SKIP] EURJPYm same candle 2026-05-07 12:15:00  skip
[2026-05-07 19:23:13] [WAIT] No order this round
[2026-05-07 19:24:13] [AI] Using cached scan from 2026-05-07 14:00:37 | symbols=GBPUSDm, EURUSDm, XAUUSDm, USDJPYm, EURJPYm
[2026-05-07 19:24:13] [WATCH] Watchlist: GBPUSDm, EURUSDm, XAUUSDm, USDJPYm, EURJPYm
[2026-05-07 19:24:13] [SELECT] Symbol switched: EURJPYm -> GBPUSDm | AI watchlist candidate
[2026-05-07 19:24:13] [SCAN] Analyzing GBPUSDm
[2026-05-07 19:24:13] [SKIP] GBPUSDm same candle 2026-05-07 12:15:00  skip
[2026-05-07 19:24:13] [SELECT] Symbol switched: GBPUSDm -> EURUSDm | AI watchlist candidate
[2026-05-07 19:24:13] [SCAN] Analyzing EURUSDm
[2026-05-07 19:24:14] [SKIP] EURUSDm same candle 2026-05-07 12:15:00  skip
[2026-05-07 19:24:14] [SELECT] Symbol switched: EURUSDm -> XAUUSDm | AI watchlist candidate
[2026-05-07 19:24:14] [SCAN] Analyzing XAUUSDm
[2026-05-07 19:24:15] [SKIP] XAUUSDm same candle 2026-05-07 12:15:00  skip
[2026-05-07 19:24:15] [SELECT] Symbol switched: XAUUSDm -> USDJPYm | AI watchlist candidate
[2026-05-07 19:24:15] [SCAN] Analyzing USDJPYm
[2026-05-07 19:24:16] [SKIP] USDJPYm same candle 2026-05-07 12:15:00  skip
[2026-05-07 19:24:16] [SELECT] Symbol switched: USDJPYm -> EURJPYm | AI watchlist candidate
[2026-05-07 19:24:16] [SCAN] Analyzing EURJPYm
[2026-05-07 19:24:17] [SKIP] EURJPYm same candle 2026-05-07 12:15:00  skip
[2026-05-07 19:24:17] [WAIT] No order this round
[2026-05-07 19:25:17] [AI] Using cached scan from 2026-05-07 14:00:37 | symbols=GBPUSDm, EURUSDm, XAUUSDm, USDJPYm, EURJPYm
[2026-05-07 19:25:17] [WATCH] Watchlist: GBPUSDm, EURUSDm, XAUUSDm, USDJPYm, EURJPYm
[2026-05-07 19:25:17] [SELECT] Symbol switched: EURJPYm -> GBPUSDm | AI watchlist candidate
[2026-05-07 19:25:17] [SCAN] Analyzing GBPUSDm
[2026-05-07 19:25:17] Signal: {'time': Timestamp('2026-05-07 12:20:00'), 'symbol': 'GBPUSDm', 'side': 'NO_TRADE', 'price': 1.36191, 'reason': 'no Donchian breakout'}
[2026-05-07 19:25:17] [SKIP] GBPUSDm NO_TRADE: no Donchian breakout
[2026-05-07 19:25:17] [SELECT] Symbol switched: GBPUSDm -> EURUSDm | AI watchlist candidate
[2026-05-07 19:25:17] [SCAN] Analyzing EURUSDm
[2026-05-07 19:25:18] Signal: {'time': Timestamp('2026-05-07 12:20:00'), 'symbol': 'EURUSDm', 'side': 'NO_TRADE', 'price': 1.17691, 'reason': 'no Donchian breakout'}
[2026-05-07 19:25:18] [SKIP] EURUSDm NO_TRADE: no Donchian breakout
[2026-05-07 19:25:18] [SELECT] Symbol switched: EURUSDm -> XAUUSDm | AI watchlist candidate
[2026-05-07 19:25:18] [SCAN] Analyzing XAUUSDm
[2026-05-07 19:25:19] Signal: {'time': Timestamp('2026-05-07 12:20:00'), 'symbol': 'XAUUSDm', 'side': 'NO_TRADE', 'price': 4735.657, 'reason': 'no Donchian breakout'}
[2026-05-07 19:25:19] [SKIP] XAUUSDm NO_TRADE: no Donchian breakout
[2026-05-07 19:25:19] [SELECT] Symbol switched: XAUUSDm -> USDJPYm | AI watchlist candidate
[2026-05-07 19:25:19] [SCAN] Analyzing USDJPYm
[2026-05-07 19:25:20] Signal: {'time': Timestamp('2026-05-07 12:20:00'), 'symbol': 'USDJPYm', 'side': 'NO_TRADE', 'price': 156.343, 'reason': 'no Donchian breakout'}
[2026-05-07 19:25:20] [SKIP] USDJPYm NO_TRADE: no Donchian breakout
[2026-05-07 19:25:20] [SELECT] Symbol switched: USDJPYm -> EURJPYm | AI watchlist candidate
[2026-05-07 19:25:20] [SCAN] Analyzing EURJPYm
[2026-05-07 19:25:21] Signal: {'time': Timestamp('2026-05-07 12:20:00'), 'symbol': 'EURJPYm', 'side': 'NO_TRADE', 'price': 184.008, 'reason': 'no Donchian breakout'}
[2026-05-07 19:25:21] [SKIP] EURJPYm NO_TRADE: no Donchian breakout
[2026-05-07 19:25:21] [WAIT] No order this round
[2026-05-07 19:26:21] [AI] Using cached scan from 2026-05-07 14:00:37 | symbols=GBPUSDm, EURUSDm, XAUUSDm, USDJPYm, EURJPYm
[2026-05-07 19:26:21] [WATCH] Watchlist: GBPUSDm, EURUSDm, XAUUSDm, USDJPYm, EURJPYm
[2026-05-07 19:26:21] [SELECT] Symbol switched: EURJPYm -> GBPUSDm | AI watchlist candidate
[2026-05-07 19:26:21] [SCAN] Analyzing GBPUSDm
[2026-05-07 19:26:22] [SKIP] GBPUSDm same candle 2026-05-07 12:20:00  skip
[2026-05-07 19:26:22] [SELECT] Symbol switched: GBPUSDm -> EURUSDm | AI watchlist candidate
[2026-05-07 19:26:22] [SCAN] Analyzing EURUSDm
[2026-05-07 19:26:23] [SKIP] EURUSDm same candle 2026-05-07 12:20:00  skip
[2026-05-07 19:26:23] [SELECT] Symbol switched: EURUSDm -> XAUUSDm | AI watchlist candidate
[2026-05-07 19:26:23] [SCAN] Analyzing XAUUSDm
[2026-05-07 19:26:24] [SKIP] XAUUSDm same candle 2026-05-07 12:20:00  skip
[2026-05-07 19:26:24] [SELECT] Symbol switched: XAUUSDm -> USDJPYm | AI watchlist candidate
[2026-05-07 19:26:24] [SCAN] Analyzing USDJPYm
[2026-05-07 19:26:24] [SKIP] USDJPYm same candle 2026-05-07 12:20:00  skip
[2026-05-07 19:26:24] [SELECT] Symbol switched: USDJPYm -> EURJPYm | AI watchlist candidate
[2026-05-07 19:26:24] [SCAN] Analyzing EURJPYm
[2026-05-07 19:26:25] [SKIP] EURJPYm same candle 2026-05-07 12:20:00  skip
[2026-05-07 19:26:25] [WAIT] No order this round
[2026-05-07 19:27:25] [AI] Using cached scan from 2026-05-07 14:00:37 | symbols=GBPUSDm, EURUSDm, XAUUSDm, USDJPYm, EURJPYm
[2026-05-07 19:27:25] [WATCH] Watchlist: GBPUSDm, EURUSDm, XAUUSDm, USDJPYm, EURJPYm
[2026-05-07 19:27:25] [SELECT] Symbol switched: EURJPYm -> GBPUSDm | AI watchlist candidate
[2026-05-07 19:27:25] [SCAN] Analyzing GBPUSDm
[2026-05-07 19:27:26] [SKIP] GBPUSDm same candle 2026-05-07 12:20:00  skip
[2026-05-07 19:27:26] [SELECT] Symbol switched: GBPUSDm -> EURUSDm | AI watchlist candidate
[2026-05-07 19:27:26] [SCAN] Analyzing EURUSDm
[2026-05-07 19:27:27] [SKIP] EURUSDm same candle 2026-05-07 12:20:00  skip
[2026-05-07 19:27:27] [SELECT] Symbol switched: EURUSDm -> XAUUSDm | AI watchlist candidate
[2026-05-07 19:27:27] [SCAN] Analyzing XAUUSDm
[2026-05-07 19:27:27] [SKIP] XAUUSDm same candle 2026-05-07 12:20:00  skip
[2026-05-07 19:27:27] [SELECT] Symbol switched: XAUUSDm -> USDJPYm | AI watchlist candidate
[2026-05-07 19:27:27] [SCAN] Analyzing USDJPYm
[2026-05-07 19:27:28] [SKIP] USDJPYm same candle 2026-05-07 12:20:00  skip
[2026-05-07 19:27:28] [SELECT] Symbol switched: USDJPYm -> EURJPYm | AI watchlist candidate
[2026-05-07 19:27:28] [SCAN] Analyzing EURJPYm
[2026-05-07 19:27:29] [SKIP] EURJPYm same candle 2026-05-07 12:20:00  skip
[2026-05-07 19:27:29] [WAIT] No order this round
[2026-05-07 19:28:29] [AI] Using cached scan from 2026-05-07 14:00:37 | symbols=GBPUSDm, EURUSDm, XAUUSDm, USDJPYm, EURJPYm
[2026-05-07 19:28:29] [WATCH] Watchlist: GBPUSDm, EURUSDm, XAUUSDm, USDJPYm, EURJPYm
[2026-05-07 19:28:29] [SELECT] Symbol switched: EURJPYm -> GBPUSDm | AI watchlist candidate
[2026-05-07 19:28:29] [SCAN] Analyzing GBPUSDm
[2026-05-07 19:28:30] [SKIP] GBPUSDm same candle 2026-05-07 12:20:00  skip
[2026-05-07 19:28:30] [SELECT] Symbol switched: GBPUSDm -> EURUSDm | AI watchlist candidate
[2026-05-07 19:28:30] [SCAN] Analyzing EURUSDm
[2026-05-07 19:28:30] [SKIP] EURUSDm same candle 2026-05-07 12:20:00  skip
[2026-05-07 19:28:30] [SELECT] Symbol switched: EURUSDm -> XAUUSDm | AI watchlist candidate
[2026-05-07 19:28:30] [SCAN] Analyzing XAUUSDm
[2026-05-07 19:28:31] [SKIP] XAUUSDm same candle 2026-05-07 12:20:00  skip
[2026-05-07 19:28:31] [SELECT] Symbol switched: XAUUSDm -> USDJPYm | AI watchlist candidate
[2026-05-07 19:28:31] [SCAN] Analyzing USDJPYm
[2026-05-07 19:28:32] [SKIP] USDJPYm same candle 2026-05-07 12:20:00  skip
[2026-05-07 19:28:32] [SELECT] Symbol switched: USDJPYm -> EURJPYm | AI watchlist candidate
[2026-05-07 19:28:32] [SCAN] Analyzing EURJPYm
[2026-05-07 19:28:32] [SKIP] EURJPYm same candle 2026-05-07 12:20:00  skip
[2026-05-07 19:28:32] [WAIT] No order this round
[2026-05-07 19:29:32] [AI] Using cached scan from 2026-05-07 14:00:37 | symbols=GBPUSDm, EURUSDm, XAUUSDm, USDJPYm, EURJPYm
[2026-05-07 19:29:32] [WATCH] Watchlist: GBPUSDm, EURUSDm, XAUUSDm, USDJPYm, EURJPYm
[2026-05-07 19:29:32] [SELECT] Symbol switched: EURJPYm -> GBPUSDm | AI watchlist candidate
[2026-05-07 19:29:32] [SCAN] Analyzing GBPUSDm
[2026-05-07 19:29:33] [SKIP] GBPUSDm same candle 2026-05-07 12:20:00  skip
[2026-05-07 19:29:33] [SELECT] Symbol switched: GBPUSDm -> EURUSDm | AI watchlist candidate
[2026-05-07 19:29:33] [SCAN] Analyzing EURUSDm
[2026-05-07 19:29:34] [SKIP] EURUSDm same candle 2026-05-07 12:20:00  skip
[2026-05-07 19:29:34] [SELECT] Symbol switched: EURUSDm -> XAUUSDm | AI watchlist candidate
[2026-05-07 19:29:34] [SCAN] Analyzing XAUUSDm
[2026-05-07 19:29:35] [SKIP] XAUUSDm same candle 2026-05-07 12:20:00  skip
[2026-05-07 19:29:35] [SELECT] Symbol switched: XAUUSDm -> USDJPYm | AI watchlist candidate
[2026-05-07 19:29:35] [SCAN] Analyzing USDJPYm
[2026-05-07 19:29:35] [SKIP] USDJPYm same candle 2026-05-07 12:20:00  skip
[2026-05-07 19:29:35] [SELECT] Symbol switched: USDJPYm -> EURJPYm | AI watchlist candidate
[2026-05-07 19:29:35] [SCAN] Analyzing EURJPYm
[2026-05-07 19:29:36] [SKIP] EURJPYm same candle 2026-05-07 12:20:00  skip
[2026-05-07 19:29:36] [WAIT] No order this round
[2026-05-07 19:30:36] [AI] Using cached scan from 2026-05-07 14:00:37 | symbols=GBPUSDm, EURUSDm, XAUUSDm, USDJPYm, EURJPYm
[2026-05-07 19:30:36] [WATCH] Watchlist: GBPUSDm, EURUSDm, XAUUSDm, USDJPYm, EURJPYm
[2026-05-07 19:30:36] [SELECT] Symbol switched: EURJPYm -> GBPUSDm | AI watchlist candidate
[2026-05-07 19:30:36] [SCAN] Analyzing GBPUSDm
[2026-05-07 19:30:37] Signal: {'time': Timestamp('2026-05-07 12:25:00'), 'symbol': 'GBPUSDm', 'side': 'NO_TRADE', 'price': 1.36234, 'reason': 'no Donchian breakout'}
[2026-05-07 19:30:37] [SKIP] GBPUSDm NO_TRADE: no Donchian breakout
[2026-05-07 19:30:37] [SELECT] Symbol switched: GBPUSDm -> EURUSDm | AI watchlist candidate
[2026-05-07 19:30:37] [SCAN] Analyzing EURUSDm
[2026-05-07 19:30:38] Signal: {'time': Timestamp('2026-05-07 12:25:00'), 'symbol': 'EURUSDm', 'side': 'NO_TRADE', 'price': 1.17699, 'reason': 'no Donchian breakout'}
[2026-05-07 19:30:38] [SKIP] EURUSDm NO_TRADE: no Donchian breakout
[2026-05-07 19:30:38] [SELECT] Symbol switched: EURUSDm -> XAUUSDm | AI watchlist candidate
[2026-05-07 19:30:38] [SCAN] Analyzing XAUUSDm
[2026-05-07 19:30:38] Signal: {'time': Timestamp('2026-05-07 12:25:00'), 'symbol': 'XAUUSDm', 'side': 'NO_TRADE', 'price': 4738.054, 'reason': 'no Donchian breakout'}
[2026-05-07 19:30:38] [SKIP] XAUUSDm NO_TRADE: no Donchian breakout
[2026-05-07 19:30:38] [SELECT] Symbol switched: XAUUSDm -> USDJPYm | AI watchlist candidate
[2026-05-07 19:30:38] [SCAN] Analyzing USDJPYm
[2026-05-07 19:30:39] Signal: {'time': Timestamp('2026-05-07 12:25:00'), 'symbol': 'USDJPYm', 'side': 'NO_TRADE', 'price': 156.334, 'reason': 'no Donchian breakout'}
[2026-05-07 19:30:39] [SKIP] USDJPYm NO_TRADE: no Donchian breakout
[2026-05-07 19:30:39] [SELECT] Symbol switched: USDJPYm -> EURJPYm | AI watchlist candidate
[2026-05-07 19:30:39] [SCAN] Analyzing EURJPYm
[2026-05-07 19:30:40] Signal: {'time': Timestamp('2026-05-07 12:25:00'), 'symbol': 'EURJPYm', 'side': 'NO_TRADE', 'price': 184.005, 'reason': 'no Donchian breakout'}
[2026-05-07 19:30:40] [SKIP] EURJPYm NO_TRADE: no Donchian breakout
[2026-05-07 19:30:40] [WAIT] No order this round
[2026-05-07 19:31:40] [AI] Using cached scan from 2026-05-07 14:00:37 | symbols=GBPUSDm, EURUSDm, XAUUSDm, USDJPYm, EURJPYm
[2026-05-07 19:31:40] [WATCH] Watchlist: GBPUSDm, EURUSDm, XAUUSDm, USDJPYm, EURJPYm
[2026-05-07 19:31:40] [SELECT] Symbol switched: EURJPYm -> GBPUSDm | AI watchlist candidate
[2026-05-07 19:31:40] [SCAN] Analyzing GBPUSDm
[2026-05-07 19:31:41] [SKIP] GBPUSDm same candle 2026-05-07 12:25:00  skip
[2026-05-07 19:31:41] [SELECT] Symbol switched: GBPUSDm -> EURUSDm | AI watchlist candidate
[2026-05-07 19:31:41] [SCAN] Analyzing EURUSDm
[2026-05-07 19:31:41] [SKIP] EURUSDm same candle 2026-05-07 12:25:00  skip
[2026-05-07 19:31:41] [SELECT] Symbol switched: EURUSDm -> XAUUSDm | AI watchlist candidate
[2026-05-07 19:31:41] [SCAN] Analyzing XAUUSDm
[2026-05-07 19:31:42] [SKIP] XAUUSDm same candle 2026-05-07 12:25:00  skip
[2026-05-07 19:31:42] [SELECT] Symbol switched: XAUUSDm -> USDJPYm | AI watchlist candidate
[2026-05-07 19:31:42] [SCAN] Analyzing USDJPYm
[2026-05-07 19:31:43] [SKIP] USDJPYm same candle 2026-05-07 12:25:00  skip
[2026-05-07 19:31:43] [SELECT] Symbol switched: USDJPYm -> EURJPYm | AI watchlist candidate
[2026-05-07 19:31:43] [SCAN] Analyzing EURJPYm
[2026-05-07 19:31:44] [SKIP] EURJPYm same candle 2026-05-07 12:25:00  skip
[2026-05-07 19:31:44] [WAIT] No order this round
[2026-05-07 19:32:44] [AI] Using cached scan from 2026-05-07 14:00:37 | symbols=GBPUSDm, EURUSDm, XAUUSDm, USDJPYm, EURJPYm
[2026-05-07 19:32:44] [WATCH] Watchlist: GBPUSDm, EURUSDm, XAUUSDm, USDJPYm, EURJPYm
[2026-05-07 19:32:44] [SELECT] Symbol switched: EURJPYm -> GBPUSDm | AI watchlist candidate
[2026-05-07 19:32:44] [SCAN] Analyzing GBPUSDm
[2026-05-07 19:32:44] [SKIP] GBPUSDm same candle 2026-05-07 12:25:00  skip
[2026-05-07 19:32:44] [SELECT] Symbol switched: GBPUSDm -> EURUSDm | AI watchlist candidate
[2026-05-07 19:32:44] [SCAN] Analyzing EURUSDm
[2026-05-07 19:32:45] [SKIP] EURUSDm same candle 2026-05-07 12:25:00  skip
[2026-05-07 19:32:45] [SELECT] Symbol switched: EURUSDm -> XAUUSDm | AI watchlist candidate
[2026-05-07 19:32:45] [SCAN] Analyzing XAUUSDm
[2026-05-07 19:32:46] [SKIP] XAUUSDm same candle 2026-05-07 12:25:00  skip
[2026-05-07 19:32:46] [SELECT] Symbol switched: XAUUSDm -> USDJPYm | AI watchlist candidate
[2026-05-07 19:32:46] [SCAN] Analyzing USDJPYm
[2026-05-07 19:32:46] [SKIP] USDJPYm same candle 2026-05-07 12:25:00  skip
[2026-05-07 19:32:46] [SELECT] Symbol switched: USDJPYm -> EURJPYm | AI watchlist candidate
[2026-05-07 19:32:46] [SCAN] Analyzing EURJPYm
[2026-05-07 19:32:47] [SKIP] EURJPYm same candle 2026-05-07 12:25:00  skip
[2026-05-07 19:32:47] [WAIT] No order this round
[2026-05-07 19:33:47] [AI] Using cached scan from 2026-05-07 14:00:37 | symbols=GBPUSDm, EURUSDm, XAUUSDm, USDJPYm, EURJPYm
[2026-05-07 19:33:47] [WATCH] Watchlist: GBPUSDm, EURUSDm, XAUUSDm, USDJPYm, EURJPYm
[2026-05-07 19:33:47] [SELECT] Symbol switched: EURJPYm -> GBPUSDm | AI watchlist candidate
[2026-05-07 19:33:47] [SCAN] Analyzing GBPUSDm
[2026-05-07 19:33:48] [SKIP] GBPUSDm same candle 2026-05-07 12:25:00  skip
[2026-05-07 19:33:48] [SELECT] Symbol switched: GBPUSDm -> EURUSDm | AI watchlist candidate
[2026-05-07 19:33:48] [SCAN] Analyzing EURUSDm
[2026-05-07 19:33:49] [SKIP] EURUSDm same candle 2026-05-07 12:25:00  skip
[2026-05-07 19:33:49] [SELECT] Symbol switched: EURUSDm -> XAUUSDm | AI watchlist candidate
[2026-05-07 19:33:49] [SCAN] Analyzing XAUUSDm
[2026-05-07 19:33:49] [SKIP] XAUUSDm same candle 2026-05-07 12:25:00  skip
[2026-05-07 19:33:49] [SELECT] Symbol switched: XAUUSDm -> USDJPYm | AI watchlist candidate
[2026-05-07 19:33:49] [SCAN] Analyzing USDJPYm
[2026-05-07 19:33:50] [SKIP] USDJPYm same candle 2026-05-07 12:25:00  skip
[2026-05-07 19:33:50] [SELECT] Symbol switched: USDJPYm -> EURJPYm | AI watchlist candidate
[2026-05-07 19:33:50] [SCAN] Analyzing EURJPYm
[2026-05-07 19:33:51] [SKIP] EURJPYm same candle 2026-05-07 12:25:00  skip
[2026-05-07 19:33:51] [WAIT] No order this round
[2026-05-07 19:34:51] [AI] Using cached scan from 2026-05-07 14:00:37 | symbols=GBPUSDm, EURUSDm, XAUUSDm, USDJPYm, EURJPYm
[2026-05-07 19:34:51] [WATCH] Watchlist: GBPUSDm, EURUSDm, XAUUSDm, USDJPYm, EURJPYm
[2026-05-07 19:34:51] [SELECT] Symbol switched: EURJPYm -> GBPUSDm | AI watchlist candidate
[2026-05-07 19:34:51] [SCAN] Analyzing GBPUSDm
[2026-05-07 19:34:52] [SKIP] GBPUSDm same candle 2026-05-07 12:25:00  skip
[2026-05-07 19:34:52] [SELECT] Symbol switched: GBPUSDm -> EURUSDm | AI watchlist candidate
[2026-05-07 19:34:52] [SCAN] Analyzing EURUSDm
[2026-05-07 19:34:52] [SKIP] EURUSDm same candle 2026-05-07 12:25:00  skip
[2026-05-07 19:34:52] [SELECT] Symbol switched: EURUSDm -> XAUUSDm | AI watchlist candidate
[2026-05-07 19:34:52] [SCAN] Analyzing XAUUSDm
[2026-05-07 19:34:53] [SKIP] XAUUSDm same candle 2026-05-07 12:25:00  skip
[2026-05-07 19:34:53] [SELECT] Symbol switched: XAUUSDm -> USDJPYm | AI watchlist candidate
[2026-05-07 19:34:53] [SCAN] Analyzing USDJPYm
[2026-05-07 19:34:54] [SKIP] USDJPYm same candle 2026-05-07 12:25:00  skip
[2026-05-07 19:34:54] [SELECT] Symbol switched: USDJPYm -> EURJPYm | AI watchlist candidate
[2026-05-07 19:34:54] [SCAN] Analyzing EURJPYm
[2026-05-07 19:34:55] [SKIP] EURJPYm same candle 2026-05-07 12:25:00  skip
[2026-05-07 19:34:55] [WAIT] No order this round
[2026-05-07 19:35:55] [AI] Using cached scan from 2026-05-07 14:00:37 | symbols=GBPUSDm, EURUSDm, XAUUSDm, USDJPYm, EURJPYm
[2026-05-07 19:35:55] [WATCH] Watchlist: GBPUSDm, EURUSDm, XAUUSDm, USDJPYm, EURJPYm
[2026-05-07 19:35:55] [SELECT] Symbol switched: EURJPYm -> GBPUSDm | AI watchlist candidate
[2026-05-07 19:35:55] [SCAN] Analyzing GBPUSDm
[2026-05-07 19:35:55] Signal: {'time': Timestamp('2026-05-07 12:30:00'), 'symbol': 'GBPUSDm', 'side': 'NO_TRADE', 'price': 1.36229, 'reason': 'no Donchian breakout'}
[2026-05-07 19:35:55] [SKIP] GBPUSDm NO_TRADE: no Donchian breakout
[2026-05-07 19:35:55] [SELECT] Symbol switched: GBPUSDm -> EURUSDm | AI watchlist candidate
[2026-05-07 19:35:55] [SCAN] Analyzing EURUSDm
[2026-05-07 19:35:56] Signal: {'time': Timestamp('2026-05-07 12:30:00'), 'symbol': 'EURUSDm', 'side': 'NO_TRADE', 'price': 1.17699, 'reason': 'no Donchian breakout'}
[2026-05-07 19:35:56] [SKIP] EURUSDm NO_TRADE: no Donchian breakout
[2026-05-07 19:35:56] [SELECT] Symbol switched: EURUSDm -> XAUUSDm | AI watchlist candidate
[2026-05-07 19:35:56] [SCAN] Analyzing XAUUSDm
[2026-05-07 19:35:57] Signal: {'time': Timestamp('2026-05-07 12:30:00'), 'symbol': 'XAUUSDm', 'side': 'NO_TRADE', 'price': 4747.073, 'reason': 'no Donchian breakout'}
[2026-05-07 19:35:57] [SKIP] XAUUSDm NO_TRADE: no Donchian breakout
[2026-05-07 19:35:57] [SELECT] Symbol switched: XAUUSDm -> USDJPYm | AI watchlist candidate
[2026-05-07 19:35:57] [SCAN] Analyzing USDJPYm
[2026-05-07 19:35:58] Signal: {'time': Timestamp('2026-05-07 12:30:00'), 'symbol': 'USDJPYm', 'side': 'NO_TRADE', 'price': 156.34, 'reason': 'no Donchian breakout'}
[2026-05-07 19:35:58] [SKIP] USDJPYm NO_TRADE: no Donchian breakout
[2026-05-07 19:35:58] [SELECT] Symbol switched: USDJPYm -> EURJPYm | AI watchlist candidate
[2026-05-07 19:35:58] [SCAN] Analyzing EURJPYm
[2026-05-07 19:35:58] Signal: {'time': Timestamp('2026-05-07 12:30:00'), 'symbol': 'EURJPYm', 'side': 'NO_TRADE', 'price': 184.017, 'reason': 'no Donchian breakout'}
[2026-05-07 19:35:58] [SKIP] EURJPYm NO_TRADE: no Donchian breakout
[2026-05-07 19:35:58] [WAIT] No order this round
[2026-05-07 19:36:58] [AI] Using cached scan from 2026-05-07 14:00:37 | symbols=GBPUSDm, EURUSDm, XAUUSDm, USDJPYm, EURJPYm
[2026-05-07 19:36:58] [WATCH] Watchlist: GBPUSDm, EURUSDm, XAUUSDm, USDJPYm, EURJPYm
[2026-05-07 19:36:58] [SELECT] Symbol switched: EURJPYm -> GBPUSDm | AI watchlist candidate
[2026-05-07 19:36:58] [SCAN] Analyzing GBPUSDm
[2026-05-07 19:36:59] [SKIP] GBPUSDm same candle 2026-05-07 12:30:00  skip
[2026-05-07 19:36:59] [SELECT] Symbol switched: GBPUSDm -> EURUSDm | AI watchlist candidate
[2026-05-07 19:36:59] [SCAN] Analyzing EURUSDm
[2026-05-07 19:37:00] [SKIP] EURUSDm same candle 2026-05-07 12:30:00  skip
[2026-05-07 19:37:00] [SELECT] Symbol switched: EURUSDm -> XAUUSDm | AI watchlist candidate
[2026-05-07 19:37:00] [SCAN] Analyzing XAUUSDm
[2026-05-07 19:37:01] [SKIP] XAUUSDm same candle 2026-05-07 12:30:00  skip
[2026-05-07 19:37:01] [SELECT] Symbol switched: XAUUSDm -> USDJPYm | AI watchlist candidate
[2026-05-07 19:37:01] [SCAN] Analyzing USDJPYm
[2026-05-07 19:37:01] [SKIP] USDJPYm same candle 2026-05-07 12:30:00  skip
[2026-05-07 19:37:01] [SELECT] Symbol switched: USDJPYm -> EURJPYm | AI watchlist candidate
[2026-05-07 19:37:01] [SCAN] Analyzing EURJPYm
[2026-05-07 19:37:02] [SKIP] EURJPYm same candle 2026-05-07 12:30:00  skip
[2026-05-07 19:37:02] [WAIT] No order this round
[2026-05-07 19:38:02] [AI] Using cached scan from 2026-05-07 14:00:37 | symbols=GBPUSDm, EURUSDm, XAUUSDm, USDJPYm, EURJPYm
[2026-05-07 19:38:02] [WATCH] Watchlist: GBPUSDm, EURUSDm, XAUUSDm, USDJPYm, EURJPYm
[2026-05-07 19:38:02] [SELECT] Symbol switched: EURJPYm -> GBPUSDm | AI watchlist candidate
[2026-05-07 19:38:02] [SCAN] Analyzing GBPUSDm
[2026-05-07 19:38:03] [SKIP] GBPUSDm same candle 2026-05-07 12:30:00  skip
[2026-05-07 19:38:03] [SELECT] Symbol switched: GBPUSDm -> EURUSDm | AI watchlist candidate
[2026-05-07 19:38:03] [SCAN] Analyzing EURUSDm
[2026-05-07 19:38:03] [SKIP] EURUSDm same candle 2026-05-07 12:30:00  skip
[2026-05-07 19:38:03] [SELECT] Symbol switched: EURUSDm -> XAUUSDm | AI watchlist candidate
[2026-05-07 19:38:03] [SCAN] Analyzing XAUUSDm
[2026-05-07 19:38:04] [SKIP] XAUUSDm same candle 2026-05-07 12:30:00  skip
[2026-05-07 19:38:04] [SELECT] Symbol switched: XAUUSDm -> USDJPYm | AI watchlist candidate
[2026-05-07 19:38:04] [SCAN] Analyzing USDJPYm
[2026-05-07 19:38:05] [SKIP] USDJPYm same candle 2026-05-07 12:30:00  skip
[2026-05-07 19:38:05] [SELECT] Symbol switched: USDJPYm -> EURJPYm | AI watchlist candidate
[2026-05-07 19:38:05] [SCAN] Analyzing EURJPYm
[2026-05-07 19:38:06] [SKIP] EURJPYm same candle 2026-05-07 12:30:00  skip
[2026-05-07 19:38:06] [WAIT] No order this round
[2026-05-07 19:39:06] [AI] Using cached scan from 2026-05-07 14:00:37 | symbols=GBPUSDm, EURUSDm, XAUUSDm, USDJPYm, EURJPYm
[2026-05-07 19:39:06] [WATCH] Watchlist: GBPUSDm, EURUSDm, XAUUSDm, USDJPYm, EURJPYm
[2026-05-07 19:39:06] [SELECT] Symbol switched: EURJPYm -> GBPUSDm | AI watchlist candidate
[2026-05-07 19:39:06] [SCAN] Analyzing GBPUSDm
[2026-05-07 19:39:06] [SKIP] GBPUSDm same candle 2026-05-07 12:30:00  skip
[2026-05-07 19:39:06] [SELECT] Symbol switched: GBPUSDm -> EURUSDm | AI watchlist candidate
[2026-05-07 19:39:06] [SCAN] Analyzing EURUSDm
[2026-05-07 19:39:07] [SKIP] EURUSDm same candle 2026-05-07 12:30:00  skip
[2026-05-07 19:39:07] [SELECT] Symbol switched: EURUSDm -> XAUUSDm | AI watchlist candidate
[2026-05-07 19:39:07] [SCAN] Analyzing XAUUSDm
[2026-05-07 19:39:08] [SKIP] XAUUSDm same candle 2026-05-07 12:30:00  skip
[2026-05-07 19:39:08] [SELECT] Symbol switched: XAUUSDm -> USDJPYm | AI watchlist candidate
[2026-05-07 19:39:08] [SCAN] Analyzing USDJPYm
[2026-05-07 19:39:09] [SKIP] USDJPYm same candle 2026-05-07 12:30:00  skip
[2026-05-07 19:39:09] [SELECT] Symbol switched: USDJPYm -> EURJPYm | AI watchlist candidate
[2026-05-07 19:39:09] [SCAN] Analyzing EURJPYm
[2026-05-07 19:39:09] [SKIP] EURJPYm same candle 2026-05-07 12:30:00  skip
[2026-05-07 19:39:09] [WAIT] No order this round
[2026-05-07 19:40:09] [AI] Using cached scan from 2026-05-07 14:00:37 | symbols=GBPUSDm, EURUSDm, XAUUSDm, USDJPYm, EURJPYm
[2026-05-07 19:40:09] [WATCH] Watchlist: GBPUSDm, EURUSDm, XAUUSDm, USDJPYm, EURJPYm
[2026-05-07 19:40:09] [SELECT] Symbol switched: EURJPYm -> GBPUSDm | AI watchlist candidate
[2026-05-07 19:40:09] [SCAN] Analyzing GBPUSDm
[2026-05-07 19:40:10] Signal: {'time': Timestamp('2026-05-07 12:35:00'), 'symbol': 'GBPUSDm', 'side': 'NO_TRADE', 'price': 1.36238, 'reason': 'no Donchian breakout'}
[2026-05-07 19:40:10] [SKIP] GBPUSDm NO_TRADE: no Donchian breakout
[2026-05-07 19:40:10] [SELECT] Symbol switched: GBPUSDm -> EURUSDm | AI watchlist candidate
[2026-05-07 19:40:10] [SCAN] Analyzing EURUSDm
[2026-05-07 19:40:11] Signal: {'time': Timestamp('2026-05-07 12:35:00'), 'symbol': 'EURUSDm', 'side': 'NO_TRADE', 'price': 1.17702, 'reason': 'no Donchian breakout'}
[2026-05-07 19:40:11] [SKIP] EURUSDm NO_TRADE: no Donchian breakout
[2026-05-07 19:40:11] [SELECT] Symbol switched: EURUSDm -> XAUUSDm | AI watchlist candidate
[2026-05-07 19:40:11] [SCAN] Analyzing XAUUSDm
[2026-05-07 19:40:12] Signal: {'time': Timestamp('2026-05-07 12:35:00'), 'symbol': 'XAUUSDm', 'side': 'NO_TRADE', 'price': 4746.279, 'reason': 'no Donchian breakout'}
[2026-05-07 19:40:12] [SKIP] XAUUSDm NO_TRADE: no Donchian breakout
[2026-05-07 19:40:12] [SELECT] Symbol switched: XAUUSDm -> USDJPYm | AI watchlist candidate
[2026-05-07 19:40:12] [SCAN] Analyzing USDJPYm
[2026-05-07 19:40:12] Signal: {'time': Timestamp('2026-05-07 12:35:00'), 'symbol': 'USDJPYm', 'side': 'NO_TRADE', 'price': 156.348, 'reason': 'no Donchian breakout'}
[2026-05-07 19:40:12] [SKIP] USDJPYm NO_TRADE: no Donchian breakout
[2026-05-07 19:40:12] [SELECT] Symbol switched: USDJPYm -> EURJPYm | AI watchlist candidate
[2026-05-07 19:40:12] [SCAN] Analyzing EURJPYm
[2026-05-07 19:40:13] Signal: {'time': Timestamp('2026-05-07 12:35:00'), 'symbol': 'EURJPYm', 'side': 'NO_TRADE', 'price': 184.028, 'reason': 'no Donchian breakout'}
[2026-05-07 19:40:13] [SKIP] EURJPYm NO_TRADE: no Donchian breakout
[2026-05-07 19:40:13] [WAIT] No order this round
[2026-05-07 19:41:13] [AI] Using cached scan from 2026-05-07 14:00:37 | symbols=GBPUSDm, EURUSDm, XAUUSDm, USDJPYm, EURJPYm
[2026-05-07 19:41:13] [WATCH] Watchlist: GBPUSDm, EURUSDm, XAUUSDm, USDJPYm, EURJPYm
[2026-05-07 19:41:13] [SELECT] Symbol switched: EURJPYm -> GBPUSDm | AI watchlist candidate
[2026-05-07 19:41:13] [SCAN] Analyzing GBPUSDm
[2026-05-07 19:41:14] [SKIP] GBPUSDm same candle 2026-05-07 12:35:00  skip
[2026-05-07 19:41:14] [SELECT] Symbol switched: GBPUSDm -> EURUSDm | AI watchlist candidate
[2026-05-07 19:41:14] [SCAN] Analyzing EURUSDm
[2026-05-07 19:41:15] [SKIP] EURUSDm same candle 2026-05-07 12:35:00  skip
[2026-05-07 19:41:15] [SELECT] Symbol switched: EURUSDm -> XAUUSDm | AI watchlist candidate
[2026-05-07 19:41:15] [SCAN] Analyzing XAUUSDm
[2026-05-07 19:41:15] [SKIP] XAUUSDm same candle 2026-05-07 12:35:00  skip
[2026-05-07 19:41:15] [SELECT] Symbol switched: XAUUSDm -> USDJPYm | AI watchlist candidate
[2026-05-07 19:41:15] [SCAN] Analyzing USDJPYm
[2026-05-07 19:41:16] [SKIP] USDJPYm same candle 2026-05-07 12:35:00  skip
[2026-05-07 19:41:16] [SELECT] Symbol switched: USDJPYm -> EURJPYm | AI watchlist candidate
[2026-05-07 19:41:16] [SCAN] Analyzing EURJPYm
[2026-05-07 19:41:17] [SKIP] EURJPYm same candle 2026-05-07 12:35:00  skip
[2026-05-07 19:41:17] [WAIT] No order this round
[2026-05-07 19:42:17] [AI] Using cached scan from 2026-05-07 14:00:37 | symbols=GBPUSDm, EURUSDm, XAUUSDm, USDJPYm, EURJPYm
[2026-05-07 19:42:17] [WATCH] Watchlist: GBPUSDm, EURUSDm, XAUUSDm, USDJPYm, EURJPYm
[2026-05-07 19:42:17] [SELECT] Symbol switched: EURJPYm -> GBPUSDm | AI watchlist candidate
[2026-05-07 19:42:17] [SCAN] Analyzing GBPUSDm
[2026-05-07 19:42:17] [SKIP] GBPUSDm same candle 2026-05-07 12:35:00  skip
[2026-05-07 19:42:17] [SELECT] Symbol switched: GBPUSDm -> EURUSDm | AI watchlist candidate
[2026-05-07 19:42:17] [SCAN] Analyzing EURUSDm
[2026-05-07 19:42:18] [SKIP] EURUSDm same candle 2026-05-07 12:35:00  skip
[2026-05-07 19:42:18] [SELECT] Symbol switched: EURUSDm -> XAUUSDm | AI watchlist candidate
[2026-05-07 19:42:18] [SCAN] Analyzing XAUUSDm
[2026-05-07 19:42:19] [SKIP] XAUUSDm same candle 2026-05-07 12:35:00  skip
[2026-05-07 19:42:19] [SELECT] Symbol switched: XAUUSDm -> USDJPYm | AI watchlist candidate
[2026-05-07 19:42:19] [SCAN] Analyzing USDJPYm
[2026-05-07 19:42:20] [SKIP] USDJPYm same candle 2026-05-07 12:35:00  skip
[2026-05-07 19:42:20] [SELECT] Symbol switched: USDJPYm -> EURJPYm | AI watchlist candidate
[2026-05-07 19:42:20] [SCAN] Analyzing EURJPYm
[2026-05-07 19:42:20] [SKIP] EURJPYm same candle 2026-05-07 12:35:00  skip
[2026-05-07 19:42:20] [WAIT] No order this round
[2026-05-07 19:43:20] [AI] Using cached scan from 2026-05-07 14:00:37 | symbols=GBPUSDm, EURUSDm, XAUUSDm, USDJPYm, EURJPYm
[2026-05-07 19:43:20] [WATCH] Watchlist: GBPUSDm, EURUSDm, XAUUSDm, USDJPYm, EURJPYm
[2026-05-07 19:43:20] [SELECT] Symbol switched: EURJPYm -> GBPUSDm | AI watchlist candidate
[2026-05-07 19:43:20] [SCAN] Analyzing GBPUSDm
[2026-05-07 19:43:21] [SKIP] GBPUSDm same candle 2026-05-07 12:35:00  skip
[2026-05-07 19:43:21] [SELECT] Symbol switched: GBPUSDm -> EURUSDm | AI watchlist candidate
[2026-05-07 19:43:21] [SCAN] Analyzing EURUSDm
[2026-05-07 19:43:22] [SKIP] EURUSDm same candle 2026-05-07 12:35:00  skip
[2026-05-07 19:43:22] [SELECT] Symbol switched: EURUSDm -> XAUUSDm | AI watchlist candidate
[2026-05-07 19:43:22] [SCAN] Analyzing XAUUSDm
[2026-05-07 19:43:22] [SKIP] XAUUSDm same candle 2026-05-07 12:35:00  skip
[2026-05-07 19:43:22] [SELECT] Symbol switched: XAUUSDm -> USDJPYm | AI watchlist candidate
[2026-05-07 19:43:22] [SCAN] Analyzing USDJPYm
[2026-05-07 19:43:23] [SKIP] USDJPYm same candle 2026-05-07 12:35:00  skip
[2026-05-07 19:43:23] [SELECT] Symbol switched: USDJPYm -> EURJPYm | AI watchlist candidate
[2026-05-07 19:43:23] [SCAN] Analyzing EURJPYm
[2026-05-07 19:43:24] [SKIP] EURJPYm same candle 2026-05-07 12:35:00  skip
[2026-05-07 19:43:24] [WAIT] No order this round
[2026-05-07 19:44:24] [AI] Using cached scan from 2026-05-07 14:00:37 | symbols=GBPUSDm, EURUSDm, XAUUSDm, USDJPYm, EURJPYm
[2026-05-07 19:44:24] [WATCH] Watchlist: GBPUSDm, EURUSDm, XAUUSDm, USDJPYm, EURJPYm
[2026-05-07 19:44:24] [SELECT] Symbol switched: EURJPYm -> GBPUSDm | AI watchlist candidate
[2026-05-07 19:44:24] [SCAN] Analyzing GBPUSDm
[2026-05-07 19:44:25] [SKIP] GBPUSDm same candle 2026-05-07 12:35:00  skip
[2026-05-07 19:44:25] [SELECT] Symbol switched: GBPUSDm -> EURUSDm | AI watchlist candidate
[2026-05-07 19:44:25] [SCAN] Analyzing EURUSDm
[2026-05-07 19:44:25] [SKIP] EURUSDm same candle 2026-05-07 12:35:00  skip
[2026-05-07 19:44:25] [SELECT] Symbol switched: EURUSDm -> XAUUSDm | AI watchlist candidate
[2026-05-07 19:44:25] [SCAN] Analyzing XAUUSDm
[2026-05-07 19:44:26] [SKIP] XAUUSDm same candle 2026-05-07 12:35:00  skip
[2026-05-07 19:44:26] [SELECT] Symbol switched: XAUUSDm -> USDJPYm | AI watchlist candidate
[2026-05-07 19:44:26] [SCAN] Analyzing USDJPYm
[2026-05-07 19:44:27] [SKIP] USDJPYm same candle 2026-05-07 12:35:00  skip
[2026-05-07 19:44:27] [SELECT] Symbol switched: USDJPYm -> EURJPYm | AI watchlist candidate
[2026-05-07 19:44:27] [SCAN] Analyzing EURJPYm
[2026-05-07 19:44:27] [SKIP] EURJPYm same candle 2026-05-07 12:35:00  skip
[2026-05-07 19:44:27] [WAIT] No order this round
[2026-05-07 19:45:27] [AI] Using cached scan from 2026-05-07 14:00:37 | symbols=GBPUSDm, EURUSDm, XAUUSDm, USDJPYm, EURJPYm
[2026-05-07 19:45:27] [WATCH] Watchlist: GBPUSDm, EURUSDm, XAUUSDm, USDJPYm, EURJPYm
[2026-05-07 19:45:27] [SELECT] Symbol switched: EURJPYm -> GBPUSDm | AI watchlist candidate
[2026-05-07 19:45:27] [SCAN] Analyzing GBPUSDm
[2026-05-07 19:45:28] Signal: {'time': Timestamp('2026-05-07 12:40:00'), 'symbol': 'GBPUSDm', 'side': 'NO_TRADE', 'price': 1.36274, 'reason': 'M15 ADX not rising'}
[2026-05-07 19:45:28] [SKIP] GBPUSDm NO_TRADE: M15 ADX not rising
[2026-05-07 19:45:28] [SELECT] Symbol switched: GBPUSDm -> EURUSDm | AI watchlist candidate
[2026-05-07 19:45:28] [SCAN] Analyzing EURUSDm
[2026-05-07 19:45:29] Signal: {'time': Timestamp('2026-05-07 12:40:00'), 'symbol': 'EURUSDm', 'side': 'NO_TRADE', 'price': 1.17742, 'reason': 'M15 ADX not rising'}
[2026-05-07 19:45:29] [SKIP] EURUSDm NO_TRADE: M15 ADX not rising
[2026-05-07 19:45:29] [SELECT] Symbol switched: EURUSDm -> XAUUSDm | AI watchlist candidate
[2026-05-07 19:45:29] [SCAN] Analyzing XAUUSDm
[2026-05-07 19:45:30] Signal: {'time': Timestamp('2026-05-07 12:40:00'), 'symbol': 'XAUUSDm', 'side': 'NO_TRADE', 'price': 4751.378, 'reason': 'M15 ADX not rising'}
[2026-05-07 19:45:30] [SKIP] XAUUSDm NO_TRADE: M15 ADX not rising
[2026-05-07 19:45:30] [SELECT] Symbol switched: XAUUSDm -> USDJPYm | AI watchlist candidate
[2026-05-07 19:45:30] [SCAN] Analyzing USDJPYm
[2026-05-07 19:45:31] Signal: {'time': Timestamp('2026-05-07 12:40:00'), 'symbol': 'USDJPYm', 'side': 'NO_TRADE', 'price': 156.303, 'reason': 'M15 ADX too low 17.02 < 18.0'}
[2026-05-07 19:45:31] [SKIP] USDJPYm NO_TRADE: M15 ADX too low 17.02 < 18.0
[2026-05-07 19:45:31] [SELECT] Symbol switched: USDJPYm -> EURJPYm | AI watchlist candidate
[2026-05-07 19:45:31] [SCAN] Analyzing EURJPYm
[2026-05-07 19:45:31] Signal: {'time': Timestamp('2026-05-07 12:40:00'), 'symbol': 'EURJPYm', 'side': 'NO_TRADE', 'price': 184.037, 'reason': 'no Donchian breakout'}
[2026-05-07 19:45:31] [SKIP] EURJPYm NO_TRADE: no Donchian breakout
[2026-05-07 19:45:31] [WAIT] No order this round
[2026-05-07 19:46:31] [AI] Using cached scan from 2026-05-07 14:00:37 | symbols=GBPUSDm, EURUSDm, XAUUSDm, USDJPYm, EURJPYm
[2026-05-07 19:46:31] [WATCH] Watchlist: GBPUSDm, EURUSDm, XAUUSDm, USDJPYm, EURJPYm
[2026-05-07 19:46:31] [SELECT] Symbol switched: EURJPYm -> GBPUSDm | AI watchlist candidate
[2026-05-07 19:46:31] [SCAN] Analyzing GBPUSDm
[2026-05-07 19:46:32] [SKIP] GBPUSDm same candle 2026-05-07 12:40:00  skip
[2026-05-07 19:46:32] [SELECT] Symbol switched: GBPUSDm -> EURUSDm | AI watchlist candidate
[2026-05-07 19:46:32] [SCAN] Analyzing EURUSDm
[2026-05-07 19:46:33] [SKIP] EURUSDm same candle 2026-05-07 12:40:00  skip
[2026-05-07 19:46:33] [SELECT] Symbol switched: EURUSDm -> XAUUSDm | AI watchlist candidate
[2026-05-07 19:46:33] [SCAN] Analyzing XAUUSDm
[2026-05-07 19:46:34] [SKIP] XAUUSDm same candle 2026-05-07 12:40:00  skip
[2026-05-07 19:46:34] [SELECT] Symbol switched: XAUUSDm -> USDJPYm | AI watchlist candidate
[2026-05-07 19:46:34] [SCAN] Analyzing USDJPYm
[2026-05-07 19:46:34] [SKIP] USDJPYm same candle 2026-05-07 12:40:00  skip
[2026-05-07 19:46:34] [SELECT] Symbol switched: USDJPYm -> EURJPYm | AI watchlist candidate
[2026-05-07 19:46:34] [SCAN] Analyzing EURJPYm
[2026-05-07 19:46:35] [SKIP] EURJPYm same candle 2026-05-07 12:40:00  skip
[2026-05-07 19:46:35] [WAIT] No order this round
[2026-05-07 19:47:35] [AI] Using cached scan from 2026-05-07 14:00:37 | symbols=GBPUSDm, EURUSDm, XAUUSDm, USDJPYm, EURJPYm
[2026-05-07 19:47:35] [WATCH] Watchlist: GBPUSDm, EURUSDm, XAUUSDm, USDJPYm, EURJPYm
[2026-05-07 19:47:35] [SELECT] Symbol switched: EURJPYm -> GBPUSDm | AI watchlist candidate
[2026-05-07 19:47:35] [SCAN] Analyzing GBPUSDm
[2026-05-07 19:47:36] [SKIP] GBPUSDm same candle 2026-05-07 12:40:00  skip
[2026-05-07 19:47:36] [SELECT] Symbol switched: GBPUSDm -> EURUSDm | AI watchlist candidate
[2026-05-07 19:47:36] [SCAN] Analyzing EURUSDm
[2026-05-07 19:47:36] [SKIP] EURUSDm same candle 2026-05-07 12:40:00  skip
[2026-05-07 19:47:36] [SELECT] Symbol switched: EURUSDm -> XAUUSDm | AI watchlist candidate
[2026-05-07 19:47:36] [SCAN] Analyzing XAUUSDm
[2026-05-07 19:47:37] [SKIP] XAUUSDm same candle 2026-05-07 12:40:00  skip
[2026-05-07 19:47:37] [SELECT] Symbol switched: XAUUSDm -> USDJPYm | AI watchlist candidate
[2026-05-07 19:47:37] [SCAN] Analyzing USDJPYm
[2026-05-07 19:47:38] [SKIP] USDJPYm same candle 2026-05-07 12:40:00  skip
[2026-05-07 19:47:38] [SELECT] Symbol switched: USDJPYm -> EURJPYm | AI watchlist candidate
[2026-05-07 19:47:38] [SCAN] Analyzing EURJPYm
[2026-05-07 19:47:39] [SKIP] EURJPYm same candle 2026-05-07 12:40:00  skip
[2026-05-07 19:47:39] [WAIT] No order this round
[2026-05-07 19:48:39] [AI] Using cached scan from 2026-05-07 14:00:37 | symbols=GBPUSDm, EURUSDm, XAUUSDm, USDJPYm, EURJPYm
[2026-05-07 19:48:39] [WATCH] Watchlist: GBPUSDm, EURUSDm, XAUUSDm, USDJPYm, EURJPYm
[2026-05-07 19:48:39] [SELECT] Symbol switched: EURJPYm -> GBPUSDm | AI watchlist candidate
[2026-05-07 19:48:39] [SCAN] Analyzing GBPUSDm
[2026-05-07 19:48:39] [SKIP] GBPUSDm same candle 2026-05-07 12:40:00  skip
[2026-05-07 19:48:39] [SELECT] Symbol switched: GBPUSDm -> EURUSDm | AI watchlist candidate
[2026-05-07 19:48:39] [SCAN] Analyzing EURUSDm
[2026-05-07 19:48:40] [SKIP] EURUSDm same candle 2026-05-07 12:40:00  skip
[2026-05-07 19:48:40] [SELECT] Symbol switched: EURUSDm -> XAUUSDm | AI watchlist candidate
[2026-05-07 19:48:40] [SCAN] Analyzing XAUUSDm
[2026-05-07 19:48:41] [SKIP] XAUUSDm same candle 2026-05-07 12:40:00  skip
[2026-05-07 19:48:41] [SELECT] Symbol switched: XAUUSDm -> USDJPYm | AI watchlist candidate
[2026-05-07 19:48:41] [SCAN] Analyzing USDJPYm
[2026-05-07 19:48:42] [SKIP] USDJPYm same candle 2026-05-07 12:40:00  skip
[2026-05-07 19:48:42] [SELECT] Symbol switched: USDJPYm -> EURJPYm | AI watchlist candidate
[2026-05-07 19:48:42] [SCAN] Analyzing EURJPYm
[2026-05-07 19:48:42] [SKIP] EURJPYm same candle 2026-05-07 12:40:00  skip
[2026-05-07 19:48:42] [WAIT] No order this round
[2026-05-07 19:49:42] [AI] Using cached scan from 2026-05-07 14:00:37 | symbols=GBPUSDm, EURUSDm, XAUUSDm, USDJPYm, EURJPYm
[2026-05-07 19:49:42] [WATCH] Watchlist: GBPUSDm, EURUSDm, XAUUSDm, USDJPYm, EURJPYm
[2026-05-07 19:49:42] [SELECT] Symbol switched: EURJPYm -> GBPUSDm | AI watchlist candidate
[2026-05-07 19:49:42] [SCAN] Analyzing GBPUSDm
[2026-05-07 19:49:43] [SKIP] GBPUSDm same candle 2026-05-07 12:40:00  skip
[2026-05-07 19:49:43] [SELECT] Symbol switched: GBPUSDm -> EURUSDm | AI watchlist candidate
[2026-05-07 19:49:43] [SCAN] Analyzing EURUSDm
[2026-05-07 19:49:44] [SKIP] EURUSDm same candle 2026-05-07 12:40:00  skip
[2026-05-07 19:49:44] [SELECT] Symbol switched: EURUSDm -> XAUUSDm | AI watchlist candidate
[2026-05-07 19:49:44] [SCAN] Analyzing XAUUSDm
[2026-05-07 19:49:44] [SKIP] XAUUSDm same candle 2026-05-07 12:40:00  skip
[2026-05-07 19:49:44] [SELECT] Symbol switched: XAUUSDm -> USDJPYm | AI watchlist candidate
[2026-05-07 19:49:44] [SCAN] Analyzing USDJPYm
[2026-05-07 19:49:45] [SKIP] USDJPYm same candle 2026-05-07 12:40:00  skip
[2026-05-07 19:49:45] [SELECT] Symbol switched: USDJPYm -> EURJPYm | AI watchlist candidate
[2026-05-07 19:49:45] [SCAN] Analyzing EURJPYm
[2026-05-07 19:49:46] [SKIP] EURJPYm same candle 2026-05-07 12:40:00  skip
[2026-05-07 19:49:46] [WAIT] No order this round
[2026-05-07 19:50:46] [AI] Using cached scan from 2026-05-07 14:00:37 | symbols=GBPUSDm, EURUSDm, XAUUSDm, USDJPYm, EURJPYm
[2026-05-07 19:50:46] [WATCH] Watchlist: GBPUSDm, EURUSDm, XAUUSDm, USDJPYm, EURJPYm
[2026-05-07 19:50:46] [SELECT] Symbol switched: EURJPYm -> GBPUSDm | AI watchlist candidate
[2026-05-07 19:50:46] [SCAN] Analyzing GBPUSDm
[2026-05-07 19:50:47] Signal: {'time': Timestamp('2026-05-07 12:45:00'), 'symbol': 'GBPUSDm', 'side': 'NO_TRADE', 'price': 1.3627099999999999, 'reason': 'no Donchian breakout'}
[2026-05-07 19:50:47] [SKIP] GBPUSDm NO_TRADE: no Donchian breakout
[2026-05-07 19:50:47] [SELECT] Symbol switched: GBPUSDm -> EURUSDm | AI watchlist candidate
[2026-05-07 19:50:47] [SCAN] Analyzing EURUSDm
[2026-05-07 19:50:47] Signal: {'time': Timestamp('2026-05-07 12:45:00'), 'symbol': 'EURUSDm', 'side': 'NO_TRADE', 'price': 1.17751, 'reason': 'M15 ADX not rising'}
[2026-05-07 19:50:47] [SKIP] EURUSDm NO_TRADE: M15 ADX not rising
[2026-05-07 19:50:47] [SELECT] Symbol switched: EURUSDm -> XAUUSDm | AI watchlist candidate
[2026-05-07 19:50:47] [SCAN] Analyzing XAUUSDm
[2026-05-07 19:50:48] Signal: {'time': Timestamp('2026-05-07 12:45:00'), 'symbol': 'XAUUSDm', 'side': 'NO_TRADE', 'price': 4751.779, 'reason': 'no Donchian breakout'}
[2026-05-07 19:50:48] [SKIP] XAUUSDm NO_TRADE: no Donchian breakout
[2026-05-07 19:50:48] [SELECT] Symbol switched: XAUUSDm -> USDJPYm | AI watchlist candidate
[2026-05-07 19:50:48] [SCAN] Analyzing USDJPYm
[2026-05-07 19:50:49] Signal: {'time': Timestamp('2026-05-07 12:45:00'), 'symbol': 'USDJPYm', 'side': 'NO_TRADE', 'price': 156.257, 'reason': 'M15 ADX too low 16.58 < 18.0'}
[2026-05-07 19:50:49] [SKIP] USDJPYm NO_TRADE: M15 ADX too low 16.58 < 18.0
[2026-05-07 19:50:49] [SELECT] Symbol switched: USDJPYm -> EURJPYm | AI watchlist candidate
[2026-05-07 19:50:49] [SCAN] Analyzing EURJPYm
[2026-05-07 19:50:50] Signal: {'time': Timestamp('2026-05-07 12:45:00'), 'symbol': 'EURJPYm', 'side': 'NO_TRADE', 'price': 184.001, 'reason': 'no Donchian breakout'}
[2026-05-07 19:50:50] [SKIP] EURJPYm NO_TRADE: no Donchian breakout
[2026-05-07 19:50:50] [WAIT] No order this round
[2026-05-07 19:51:50] [AI] Using cached scan from 2026-05-07 14:00:37 | symbols=GBPUSDm, EURUSDm, XAUUSDm, USDJPYm, EURJPYm
[2026-05-07 19:51:50] [WATCH] Watchlist: GBPUSDm, EURUSDm, XAUUSDm, USDJPYm, EURJPYm
[2026-05-07 19:51:50] [SELECT] Symbol switched: EURJPYm -> GBPUSDm | AI watchlist candidate
[2026-05-07 19:51:50] [SCAN] Analyzing GBPUSDm
[2026-05-07 19:51:50] [SKIP] GBPUSDm same candle 2026-05-07 12:45:00  skip
[2026-05-07 19:51:50] [SELECT] Symbol switched: GBPUSDm -> EURUSDm | AI watchlist candidate
[2026-05-07 19:51:50] [SCAN] Analyzing EURUSDm
[2026-05-07 19:51:51] [SKIP] EURUSDm same candle 2026-05-07 12:45:00  skip
[2026-05-07 19:51:51] [SELECT] Symbol switched: EURUSDm -> XAUUSDm | AI watchlist candidate
[2026-05-07 19:51:51] [SCAN] Analyzing XAUUSDm
[2026-05-07 19:51:52] [SKIP] XAUUSDm same candle 2026-05-07 12:45:00  skip
[2026-05-07 19:51:52] [SELECT] Symbol switched: XAUUSDm -> USDJPYm | AI watchlist candidate
[2026-05-07 19:51:52] [SCAN] Analyzing USDJPYm
[2026-05-07 19:51:53] [SKIP] USDJPYm same candle 2026-05-07 12:45:00  skip
[2026-05-07 19:51:53] [SELECT] Symbol switched: USDJPYm -> EURJPYm | AI watchlist candidate
[2026-05-07 19:51:53] [SCAN] Analyzing EURJPYm
[2026-05-07 19:51:53] [SKIP] EURJPYm same candle 2026-05-07 12:45:00  skip
[2026-05-07 19:51:53] [WAIT] No order this round
[2026-05-07 19:52:53] [AI] Using cached scan from 2026-05-07 14:00:37 | symbols=GBPUSDm, EURUSDm, XAUUSDm, USDJPYm, EURJPYm
[2026-05-07 19:52:53] [WATCH] Watchlist: GBPUSDm, EURUSDm, XAUUSDm, USDJPYm, EURJPYm
[2026-05-07 19:52:53] [SELECT] Symbol switched: EURJPYm -> GBPUSDm | AI watchlist candidate
[2026-05-07 19:52:53] [SCAN] Analyzing GBPUSDm
[2026-05-07 19:52:54] [SKIP] GBPUSDm same candle 2026-05-07 12:45:00  skip
[2026-05-07 19:52:54] [SELECT] Symbol switched: GBPUSDm -> EURUSDm | AI watchlist candidate
[2026-05-07 19:52:54] [SCAN] Analyzing EURUSDm
[2026-05-07 19:52:55] [SKIP] EURUSDm same candle 2026-05-07 12:45:00  skip
[2026-05-07 19:52:55] [SELECT] Symbol switched: EURUSDm -> XAUUSDm | AI watchlist candidate
[2026-05-07 19:52:55] [SCAN] Analyzing XAUUSDm
[2026-05-07 19:52:55] [SKIP] XAUUSDm same candle 2026-05-07 12:45:00  skip
[2026-05-07 19:52:55] [SELECT] Symbol switched: XAUUSDm -> USDJPYm | AI watchlist candidate
[2026-05-07 19:52:55] [SCAN] Analyzing USDJPYm
[2026-05-07 19:52:56] [SKIP] USDJPYm same candle 2026-05-07 12:45:00  skip
[2026-05-07 19:52:56] [SELECT] Symbol switched: USDJPYm -> EURJPYm | AI watchlist candidate
[2026-05-07 19:52:56] [SCAN] Analyzing EURJPYm
[2026-05-07 19:52:57] [SKIP] EURJPYm same candle 2026-05-07 12:45:00  skip
[2026-05-07 19:52:57] [WAIT] No order this round
[2026-05-07 19:53:57] [AI] Using cached scan from 2026-05-07 14:00:37 | symbols=GBPUSDm, EURUSDm, XAUUSDm, USDJPYm, EURJPYm
[2026-05-07 19:53:57] [WATCH] Watchlist: GBPUSDm, EURUSDm, XAUUSDm, USDJPYm, EURJPYm
[2026-05-07 19:53:57] [SELECT] Symbol switched: EURJPYm -> GBPUSDm | AI watchlist candidate
[2026-05-07 19:53:57] [SCAN] Analyzing GBPUSDm
[2026-05-07 19:53:58] [SKIP] GBPUSDm same candle 2026-05-07 12:45:00  skip
[2026-05-07 19:53:58] [SELECT] Symbol switched: GBPUSDm -> EURUSDm | AI watchlist candidate
[2026-05-07 19:53:58] [SCAN] Analyzing EURUSDm
[2026-05-07 19:53:58] [SKIP] EURUSDm same candle 2026-05-07 12:45:00  skip
[2026-05-07 19:53:58] [SELECT] Symbol switched: EURUSDm -> XAUUSDm | AI watchlist candidate
[2026-05-07 19:53:58] [SCAN] Analyzing XAUUSDm
[2026-05-07 19:53:59] [SKIP] XAUUSDm same candle 2026-05-07 12:45:00  skip
[2026-05-07 19:53:59] [SELECT] Symbol switched: XAUUSDm -> USDJPYm | AI watchlist candidate
[2026-05-07 19:53:59] [SCAN] Analyzing USDJPYm
[2026-05-07 19:54:00] [SKIP] USDJPYm same candle 2026-05-07 12:45:00  skip
[2026-05-07 19:54:00] [SELECT] Symbol switched: USDJPYm -> EURJPYm | AI watchlist candidate
[2026-05-07 19:54:00] [SCAN] Analyzing EURJPYm
[2026-05-07 19:54:00] [SKIP] EURJPYm same candle 2026-05-07 12:45:00  skip
[2026-05-07 19:54:00] [WAIT] No order this round
[2026-05-07 19:55:00] [AI] Using cached scan from 2026-05-07 14:00:37 | symbols=GBPUSDm, EURUSDm, XAUUSDm, USDJPYm, EURJPYm
[2026-05-07 19:55:00] [WATCH] Watchlist: GBPUSDm, EURUSDm, XAUUSDm, USDJPYm, EURJPYm
[2026-05-07 19:55:00] [SELECT] Symbol switched: EURJPYm -> GBPUSDm | AI watchlist candidate
[2026-05-07 19:55:00] [SCAN] Analyzing GBPUSDm
[2026-05-07 19:55:01] Signal: {'time': Timestamp('2026-05-07 12:50:00'), 'symbol': 'GBPUSDm', 'side': 'NO_TRADE', 'price': 1.36246, 'reason': 'no Donchian breakout'}
[2026-05-07 19:55:01] [SKIP] GBPUSDm NO_TRADE: no Donchian breakout
[2026-05-07 19:55:01] [SELECT] Symbol switched: GBPUSDm -> EURUSDm | AI watchlist candidate
[2026-05-07 19:55:01] [SCAN] Analyzing EURUSDm
[2026-05-07 19:55:02] Signal: {'time': Timestamp('2026-05-07 12:50:00'), 'symbol': 'EURUSDm', 'side': 'NO_TRADE', 'price': 1.17739, 'reason': 'no Donchian breakout'}
[2026-05-07 19:55:02] [SKIP] EURUSDm NO_TRADE: no Donchian breakout
[2026-05-07 19:55:02] [SELECT] Symbol switched: EURUSDm -> XAUUSDm | AI watchlist candidate
[2026-05-07 19:55:02] [SCAN] Analyzing XAUUSDm
[2026-05-07 19:55:03] Signal: {'time': Timestamp('2026-05-07 12:50:00'), 'symbol': 'XAUUSDm', 'side': 'NO_TRADE', 'price': 4747.672, 'reason': 'no Donchian breakout'}
[2026-05-07 19:55:03] [SKIP] XAUUSDm NO_TRADE: no Donchian breakout
[2026-05-07 19:55:03] [SELECT] Symbol switched: XAUUSDm -> USDJPYm | AI watchlist candidate
[2026-05-07 19:55:03] [SCAN] Analyzing USDJPYm
[2026-05-07 19:55:04] Signal: {'time': Timestamp('2026-05-07 12:50:00'), 'symbol': 'USDJPYm', 'side': 'NO_TRADE', 'price': 156.259, 'reason': 'no Donchian breakout'}
[2026-05-07 19:55:04] [SKIP] USDJPYm NO_TRADE: no Donchian breakout
[2026-05-07 19:55:04] [SELECT] Symbol switched: USDJPYm -> EURJPYm | AI watchlist candidate
[2026-05-07 19:55:04] [SCAN] Analyzing EURJPYm
[2026-05-07 19:55:04] Signal: {'time': Timestamp('2026-05-07 12:50:00'), 'symbol': 'EURJPYm', 'side': 'NO_TRADE', 'price': 183.982, 'reason': 'no Donchian breakout'}
[2026-05-07 19:55:04] [SKIP] EURJPYm NO_TRADE: no Donchian breakout
[2026-05-07 19:55:04] [WAIT] No order this round
[2026-05-07 19:56:04] [AI] Using cached scan from 2026-05-07 14:00:37 | symbols=GBPUSDm, EURUSDm, XAUUSDm, USDJPYm, EURJPYm
[2026-05-07 19:56:04] [WATCH] Watchlist: GBPUSDm, EURUSDm, XAUUSDm, USDJPYm, EURJPYm
[2026-05-07 19:56:04] [SELECT] Symbol switched: EURJPYm -> GBPUSDm | AI watchlist candidate
[2026-05-07 19:56:04] [SCAN] Analyzing GBPUSDm
[2026-05-07 19:56:05] [SKIP] GBPUSDm same candle 2026-05-07 12:50:00  skip
[2026-05-07 19:56:05] [SELECT] Symbol switched: GBPUSDm -> EURUSDm | AI watchlist candidate
[2026-05-07 19:56:05] [SCAN] Analyzing EURUSDm
[2026-05-07 19:56:06] [SKIP] EURUSDm same candle 2026-05-07 12:50:00  skip
[2026-05-07 19:56:06] [SELECT] Symbol switched: EURUSDm -> XAUUSDm | AI watchlist candidate
[2026-05-07 19:56:06] [SCAN] Analyzing XAUUSDm
[2026-05-07 19:56:07] [SKIP] XAUUSDm same candle 2026-05-07 12:50:00  skip
[2026-05-07 19:56:07] [SELECT] Symbol switched: XAUUSDm -> USDJPYm | AI watchlist candidate
[2026-05-07 19:56:07] [SCAN] Analyzing USDJPYm
[2026-05-07 19:56:08] [SKIP] USDJPYm same candle 2026-05-07 12:50:00  skip
[2026-05-07 19:56:08] [SELECT] Symbol switched: USDJPYm -> EURJPYm | AI watchlist candidate
[2026-05-07 19:56:08] [SCAN] Analyzing EURJPYm
[2026-05-07 19:56:08] [SKIP] EURJPYm same candle 2026-05-07 12:50:00  skip
[2026-05-07 19:56:08] [WAIT] No order this round
[2026-05-07 19:57:08] [AI] Using cached scan from 2026-05-07 14:00:37 | symbols=GBPUSDm, EURUSDm, XAUUSDm, USDJPYm, EURJPYm
[2026-05-07 19:57:08] [WATCH] Watchlist: GBPUSDm, EURUSDm, XAUUSDm, USDJPYm, EURJPYm
[2026-05-07 19:57:08] [SELECT] Symbol switched: EURJPYm -> GBPUSDm | AI watchlist candidate
[2026-05-07 19:57:08] [SCAN] Analyzing GBPUSDm
[2026-05-07 19:57:09] [SKIP] GBPUSDm same candle 2026-05-07 12:50:00  skip
[2026-05-07 19:57:09] [SELECT] Symbol switched: GBPUSDm -> EURUSDm | AI watchlist candidate
[2026-05-07 19:57:09] [SCAN] Analyzing EURUSDm
[2026-05-07 19:57:10] [SKIP] EURUSDm same candle 2026-05-07 12:50:00  skip
[2026-05-07 19:57:10] [SELECT] Symbol switched: EURUSDm -> XAUUSDm | AI watchlist candidate
[2026-05-07 19:57:10] [SCAN] Analyzing XAUUSDm
[2026-05-07 19:57:11] [SKIP] XAUUSDm same candle 2026-05-07 12:50:00  skip
[2026-05-07 19:57:11] [SELECT] Symbol switched: XAUUSDm -> USDJPYm | AI watchlist candidate
[2026-05-07 19:57:11] [SCAN] Analyzing USDJPYm
[2026-05-07 19:57:11] [SKIP] USDJPYm same candle 2026-05-07 12:50:00  skip
[2026-05-07 19:57:11] [SELECT] Symbol switched: USDJPYm -> EURJPYm | AI watchlist candidate
[2026-05-07 19:57:11] [SCAN] Analyzing EURJPYm
[2026-05-07 19:57:12] [SKIP] EURJPYm same candle 2026-05-07 12:50:00  skip
[2026-05-07 19:57:12] [WAIT] No order this round
[2026-05-07 19:58:12] [AI] Using cached scan from 2026-05-07 14:00:37 | symbols=GBPUSDm, EURUSDm, XAUUSDm, USDJPYm, EURJPYm
[2026-05-07 19:58:12] [WATCH] Watchlist: GBPUSDm, EURUSDm, XAUUSDm, USDJPYm, EURJPYm
[2026-05-07 19:58:12] [SELECT] Symbol switched: EURJPYm -> GBPUSDm | AI watchlist candidate
[2026-05-07 19:58:12] [SCAN] Analyzing GBPUSDm
[2026-05-07 19:58:13] [SKIP] GBPUSDm same candle 2026-05-07 12:50:00  skip
[2026-05-07 19:58:13] [SELECT] Symbol switched: GBPUSDm -> EURUSDm | AI watchlist candidate
[2026-05-07 19:58:13] [SCAN] Analyzing EURUSDm
[2026-05-07 19:58:14] [SKIP] EURUSDm same candle 2026-05-07 12:50:00  skip
[2026-05-07 19:58:14] [SELECT] Symbol switched: EURUSDm -> XAUUSDm | AI watchlist candidate
[2026-05-07 19:58:14] [SCAN] Analyzing XAUUSDm
[2026-05-07 19:58:14] [SKIP] XAUUSDm same candle 2026-05-07 12:50:00  skip
[2026-05-07 19:58:14] [SELECT] Symbol switched: XAUUSDm -> USDJPYm | AI watchlist candidate
[2026-05-07 19:58:14] [SCAN] Analyzing USDJPYm
[2026-05-07 19:58:15] [SKIP] USDJPYm same candle 2026-05-07 12:50:00  skip
[2026-05-07 19:58:15] [SELECT] Symbol switched: USDJPYm -> EURJPYm | AI watchlist candidate
[2026-05-07 19:58:15] [SCAN] Analyzing EURJPYm
[2026-05-07 19:58:16] [SKIP] EURJPYm same candle 2026-05-07 12:50:00  skip
[2026-05-07 19:58:16] [WAIT] No order this round
[2026-05-07 19:59:16] [AI] Using cached scan from 2026-05-07 14:00:37 | symbols=GBPUSDm, EURUSDm, XAUUSDm, USDJPYm, EURJPYm
[2026-05-07 19:59:16] [WATCH] Watchlist: GBPUSDm, EURUSDm, XAUUSDm, USDJPYm, EURJPYm
[2026-05-07 19:59:16] [SELECT] Symbol switched: EURJPYm -> GBPUSDm | AI watchlist candidate
[2026-05-07 19:59:16] [SCAN] Analyzing GBPUSDm
[2026-05-07 19:59:16] [SKIP] GBPUSDm same candle 2026-05-07 12:50:00  skip
[2026-05-07 19:59:16] [SELECT] Symbol switched: GBPUSDm -> EURUSDm | AI watchlist candidate
[2026-05-07 19:59:16] [SCAN] Analyzing EURUSDm
[2026-05-07 19:59:17] [SKIP] EURUSDm same candle 2026-05-07 12:50:00  skip
[2026-05-07 19:59:17] [SELECT] Symbol switched: EURUSDm -> XAUUSDm | AI watchlist candidate
[2026-05-07 19:59:17] [SCAN] Analyzing XAUUSDm
[2026-05-07 19:59:18] [SKIP] XAUUSDm same candle 2026-05-07 12:50:00  skip
[2026-05-07 19:59:18] [SELECT] Symbol switched: XAUUSDm -> USDJPYm | AI watchlist candidate
[2026-05-07 19:59:18] [SCAN] Analyzing USDJPYm
[2026-05-07 19:59:19] [SKIP] USDJPYm same candle 2026-05-07 12:50:00  skip
[2026-05-07 19:59:19] [SELECT] Symbol switched: USDJPYm -> EURJPYm | AI watchlist candidate
[2026-05-07 19:59:19] [SCAN] Analyzing EURJPYm
[2026-05-07 19:59:19] [SKIP] EURJPYm same candle 2026-05-07 12:50:00  skip
[2026-05-07 19:59:19] [WAIT] No order this round
[2026-05-07 20:00:19] [AI] Using cached scan from 2026-05-07 14:00:37 | symbols=GBPUSDm, EURUSDm, XAUUSDm, USDJPYm, EURJPYm
[2026-05-07 20:00:19] [STATS] Hourly rejections (of 1691 attempts): {'no_donchian_breakout': '1501(89%)', 'adx_not_rising': '119(7%)', 'side_blocked': '34(2%)', 'trend_not_aligned': '28(2%)', 'volume_low': '10(1%)', 'adx_too_low': '9(1%)', 'adx_too_high': '5(0%)'}
[2026-05-07 20:00:19] [WATCH] Watchlist: GBPUSDm, EURUSDm, XAUUSDm, USDJPYm, EURJPYm
[2026-05-07 20:00:19] [SELECT] Symbol switched: EURJPYm -> GBPUSDm | AI watchlist candidate
[2026-05-07 20:00:19] [SCAN] Analyzing GBPUSDm
[2026-05-07 20:00:20] Signal: {'time': Timestamp('2026-05-07 12:55:00'), 'symbol': 'GBPUSDm', 'side': 'NO_TRADE', 'price': 1.36231, 'reason': 'no Donchian breakout'}
[2026-05-07 20:00:20] [SKIP] GBPUSDm NO_TRADE: no Donchian breakout
[2026-05-07 20:00:20] [SELECT] Symbol switched: GBPUSDm -> EURUSDm | AI watchlist candidate
[2026-05-07 20:00:20] [SCAN] Analyzing EURUSDm
[2026-05-07 20:00:21] Signal: {'time': Timestamp('2026-05-07 12:55:00'), 'symbol': 'EURUSDm', 'side': 'NO_TRADE', 'price': 1.17726, 'reason': 'no Donchian breakout'}
[2026-05-07 20:00:21] [SKIP] EURUSDm NO_TRADE: no Donchian breakout
[2026-05-07 20:00:21] [SELECT] Symbol switched: EURUSDm -> XAUUSDm | AI watchlist candidate
[2026-05-07 20:00:21] [SCAN] Analyzing XAUUSDm
[2026-05-07 20:00:22] Signal: {'time': Timestamp('2026-05-07 12:55:00'), 'symbol': 'XAUUSDm', 'side': 'NO_TRADE', 'price': 4749.848, 'reason': 'no Donchian breakout'}
[2026-05-07 20:00:22] [SKIP] XAUUSDm NO_TRADE: no Donchian breakout
[2026-05-07 20:00:22] [SELECT] Symbol switched: XAUUSDm -> USDJPYm | AI watchlist candidate
[2026-05-07 20:00:22] [SCAN] Analyzing USDJPYm
[2026-05-07 20:00:23] Signal: {'time': Timestamp('2026-05-07 12:55:00'), 'symbol': 'USDJPYm', 'side': 'NO_TRADE', 'price': 156.282, 'reason': 'no Donchian breakout'}
[2026-05-07 20:00:23] [SKIP] USDJPYm NO_TRADE: no Donchian breakout
[2026-05-07 20:00:23] [SELECT] Symbol switched: USDJPYm -> EURJPYm | AI watchlist candidate
[2026-05-07 20:00:23] [SCAN] Analyzing EURJPYm
[2026-05-07 20:00:23] Signal: {'time': Timestamp('2026-05-07 12:55:00'), 'symbol': 'EURJPYm', 'side': 'NO_TRADE', 'price': 183.99, 'reason': 'no Donchian breakout'}
[2026-05-07 20:00:23] [SKIP] EURJPYm NO_TRADE: no Donchian breakout
[2026-05-07 20:00:23] [WAIT] No order this round
[2026-05-07 20:01:23] [AI] Using cached scan from 2026-05-07 14:00:37 | symbols=GBPUSDm, EURUSDm, XAUUSDm, USDJPYm, EURJPYm
[2026-05-07 20:01:23] [WATCH] Watchlist: GBPUSDm, EURUSDm, XAUUSDm, USDJPYm, EURJPYm
[2026-05-07 20:01:23] [SELECT] Symbol switched: EURJPYm -> GBPUSDm | AI watchlist candidate
[2026-05-07 20:01:23] [SCAN] Analyzing GBPUSDm
[2026-05-07 20:01:24] [SKIP] GBPUSDm same candle 2026-05-07 12:55:00  skip
[2026-05-07 20:01:24] [SELECT] Symbol switched: GBPUSDm -> EURUSDm | AI watchlist candidate
[2026-05-07 20:01:24] [SCAN] Analyzing EURUSDm
[2026-05-07 20:01:25] [SKIP] EURUSDm same candle 2026-05-07 12:55:00  skip
[2026-05-07 20:01:25] [SELECT] Symbol switched: EURUSDm -> XAUUSDm | AI watchlist candidate
[2026-05-07 20:01:25] [SCAN] Analyzing XAUUSDm
[2026-05-07 20:01:25] [SKIP] XAUUSDm same candle 2026-05-07 12:55:00  skip
[2026-05-07 20:01:25] [SELECT] Symbol switched: XAUUSDm -> USDJPYm | AI watchlist candidate
[2026-05-07 20:01:25] [SCAN] Analyzing USDJPYm
[2026-05-07 20:01:26] [SKIP] USDJPYm same candle 2026-05-07 12:55:00  skip
[2026-05-07 20:01:26] [SELECT] Symbol switched: USDJPYm -> EURJPYm | AI watchlist candidate
[2026-05-07 20:01:26] [SCAN] Analyzing EURJPYm
[2026-05-07 20:01:27] [SKIP] EURJPYm same candle 2026-05-07 12:55:00  skip
[2026-05-07 20:01:27] [WAIT] No order this round
[2026-05-07 20:02:27] [AI] Using cached scan from 2026-05-07 14:00:37 | symbols=GBPUSDm, EURUSDm, XAUUSDm, USDJPYm, EURJPYm
[2026-05-07 20:02:27] [WATCH] Watchlist: GBPUSDm, EURUSDm, XAUUSDm, USDJPYm, EURJPYm
[2026-05-07 20:02:27] [SELECT] Symbol switched: EURJPYm -> GBPUSDm | AI watchlist candidate
[2026-05-07 20:02:27] [SCAN] Analyzing GBPUSDm
[2026-05-07 20:02:28] [SKIP] GBPUSDm same candle 2026-05-07 12:55:00  skip
[2026-05-07 20:02:28] [SELECT] Symbol switched: GBPUSDm -> EURUSDm | AI watchlist candidate
[2026-05-07 20:02:28] [SCAN] Analyzing EURUSDm
[2026-05-07 20:02:28] [SKIP] EURUSDm same candle 2026-05-07 12:55:00  skip
[2026-05-07 20:02:28] [SELECT] Symbol switched: EURUSDm -> XAUUSDm | AI watchlist candidate
[2026-05-07 20:02:28] [SCAN] Analyzing XAUUSDm
[2026-05-07 20:02:29] [SKIP] XAUUSDm same candle 2026-05-07 12:55:00  skip
[2026-05-07 20:02:29] [SELECT] Symbol switched: XAUUSDm -> USDJPYm | AI watchlist candidate
[2026-05-07 20:02:29] [SCAN] Analyzing USDJPYm
[2026-05-07 20:02:30] [SKIP] USDJPYm same candle 2026-05-07 12:55:00  skip
[2026-05-07 20:02:30] [SELECT] Symbol switched: USDJPYm -> EURJPYm | AI watchlist candidate
[2026-05-07 20:02:30] [SCAN] Analyzing EURJPYm
[2026-05-07 20:02:31] [SKIP] EURJPYm same candle 2026-05-07 12:55:00  skip
[2026-05-07 20:02:31] [WAIT] No order this round
[2026-05-07 20:03:31] [AI] Using cached scan from 2026-05-07 14:00:37 | symbols=GBPUSDm, EURUSDm, XAUUSDm, USDJPYm, EURJPYm
[2026-05-07 20:03:31] [WATCH] Watchlist: GBPUSDm, EURUSDm, XAUUSDm, USDJPYm, EURJPYm
[2026-05-07 20:03:31] [SELECT] Symbol switched: EURJPYm -> GBPUSDm | AI watchlist candidate
[2026-05-07 20:03:31] [SCAN] Analyzing GBPUSDm
[2026-05-07 20:03:31] [SKIP] GBPUSDm same candle 2026-05-07 12:55:00  skip
[2026-05-07 20:03:31] [SELECT] Symbol switched: GBPUSDm -> EURUSDm | AI watchlist candidate
[2026-05-07 20:03:31] [SCAN] Analyzing EURUSDm
[2026-05-07 20:03:32] [SKIP] EURUSDm same candle 2026-05-07 12:55:00  skip
[2026-05-07 20:03:32] [SELECT] Symbol switched: EURUSDm -> XAUUSDm | AI watchlist candidate
[2026-05-07 20:03:32] [SCAN] Analyzing XAUUSDm
[2026-05-07 20:03:33] [SKIP] XAUUSDm same candle 2026-05-07 12:55:00  skip
[2026-05-07 20:03:33] [SELECT] Symbol switched: XAUUSDm -> USDJPYm | AI watchlist candidate
[2026-05-07 20:03:33] [SCAN] Analyzing USDJPYm
[2026-05-07 20:03:34] [SKIP] USDJPYm same candle 2026-05-07 12:55:00  skip
[2026-05-07 20:03:34] [SELECT] Symbol switched: USDJPYm -> EURJPYm | AI watchlist candidate
[2026-05-07 20:03:34] [SCAN] Analyzing EURJPYm
[2026-05-07 20:03:34] [SKIP] EURJPYm same candle 2026-05-07 12:55:00  skip
[2026-05-07 20:03:34] [WAIT] No order this round
[2026-05-07 20:04:34] [AI] Using cached scan from 2026-05-07 14:00:37 | symbols=GBPUSDm, EURUSDm, XAUUSDm, USDJPYm, EURJPYm
[2026-05-07 20:04:34] [WATCH] Watchlist: GBPUSDm, EURUSDm, XAUUSDm, USDJPYm, EURJPYm
[2026-05-07 20:04:34] [SELECT] Symbol switched: EURJPYm -> GBPUSDm | AI watchlist candidate
[2026-05-07 20:04:34] [SCAN] Analyzing GBPUSDm
[2026-05-07 20:04:35] [SKIP] GBPUSDm same candle 2026-05-07 12:55:00  skip
[2026-05-07 20:04:35] [SELECT] Symbol switched: GBPUSDm -> EURUSDm | AI watchlist candidate
[2026-05-07 20:04:35] [SCAN] Analyzing EURUSDm
[2026-05-07 20:04:36] [SKIP] EURUSDm same candle 2026-05-07 12:55:00  skip
[2026-05-07 20:04:36] [SELECT] Symbol switched: EURUSDm -> XAUUSDm | AI watchlist candidate
[2026-05-07 20:04:36] [SCAN] Analyzing XAUUSDm
[2026-05-07 20:04:36] [SKIP] XAUUSDm same candle 2026-05-07 12:55:00  skip
[2026-05-07 20:04:36] [SELECT] Symbol switched: XAUUSDm -> USDJPYm | AI watchlist candidate
[2026-05-07 20:04:36] [SCAN] Analyzing USDJPYm
[2026-05-07 20:04:37] [SKIP] USDJPYm same candle 2026-05-07 12:55:00  skip
[2026-05-07 20:04:37] [SELECT] Symbol switched: USDJPYm -> EURJPYm | AI watchlist candidate
[2026-05-07 20:04:37] [SCAN] Analyzing EURJPYm
[2026-05-07 20:04:38] [SKIP] EURJPYm same candle 2026-05-07 12:55:00  skip
[2026-05-07 20:04:38] [WAIT] No order this round
[2026-05-07 20:05:38] [AI] Using cached scan from 2026-05-07 14:00:37 | symbols=GBPUSDm, EURUSDm, XAUUSDm, USDJPYm, EURJPYm
[2026-05-07 20:05:38] [WATCH] Watchlist: GBPUSDm, EURUSDm, XAUUSDm, USDJPYm, EURJPYm
[2026-05-07 20:05:38] [SELECT] Symbol switched: EURJPYm -> GBPUSDm | AI watchlist candidate
[2026-05-07 20:05:38] [SCAN] Analyzing GBPUSDm
[2026-05-07 20:05:39] Signal: {'time': Timestamp('2026-05-07 13:00:00'), 'symbol': 'GBPUSDm', 'side': 'NO_TRADE', 'price': 1.36197, 'reason': 'no Donchian breakout'}
[2026-05-07 20:05:39] [SKIP] GBPUSDm NO_TRADE: no Donchian breakout
[2026-05-07 20:05:39] [SELECT] Symbol switched: GBPUSDm -> EURUSDm | AI watchlist candidate
[2026-05-07 20:05:39] [SCAN] Analyzing EURUSDm
[2026-05-07 20:05:39] Signal: {'time': Timestamp('2026-05-07 13:00:00'), 'symbol': 'EURUSDm', 'side': 'NO_TRADE', 'price': 1.17709, 'reason': 'no Donchian breakout'}
[2026-05-07 20:05:39] [SKIP] EURUSDm NO_TRADE: no Donchian breakout
[2026-05-07 20:05:39] [SELECT] Symbol switched: EURUSDm -> XAUUSDm | AI watchlist candidate
[2026-05-07 20:05:39] [SCAN] Analyzing XAUUSDm
[2026-05-07 20:05:40] Signal: {'time': Timestamp('2026-05-07 13:00:00'), 'symbol': 'XAUUSDm', 'side': 'NO_TRADE', 'price': 4738.92, 'reason': 'no Donchian breakout'}
[2026-05-07 20:05:40] [SKIP] XAUUSDm NO_TRADE: no Donchian breakout
[2026-05-07 20:05:40] [SELECT] Symbol switched: XAUUSDm -> USDJPYm | AI watchlist candidate
[2026-05-07 20:05:40] [SCAN] Analyzing USDJPYm
[2026-05-07 20:05:41] Signal: {'time': Timestamp('2026-05-07 13:00:00'), 'symbol': 'USDJPYm', 'side': 'NO_TRADE', 'price': 156.312, 'reason': 'no Donchian breakout'}
[2026-05-07 20:05:41] [SKIP] USDJPYm NO_TRADE: no Donchian breakout
[2026-05-07 20:05:41] [SELECT] Symbol switched: USDJPYm -> EURJPYm | AI watchlist candidate
[2026-05-07 20:05:41] [SCAN] Analyzing EURJPYm
[2026-05-07 20:05:42] Signal: {'time': Timestamp('2026-05-07 13:00:00'), 'symbol': 'EURJPYm', 'side': 'NO_TRADE', 'price': 183.999, 'reason': 'no Donchian breakout'}
[2026-05-07 20:05:42] [SKIP] EURJPYm NO_TRADE: no Donchian breakout
[2026-05-07 20:05:42] [WAIT] No order this round
[2026-05-07 20:06:42] [AI] Using cached scan from 2026-05-07 14:00:37 | symbols=GBPUSDm, EURUSDm, XAUUSDm, USDJPYm, EURJPYm
[2026-05-07 20:06:42] [WATCH] Watchlist: GBPUSDm, EURUSDm, XAUUSDm, USDJPYm, EURJPYm
[2026-05-07 20:06:42] [SELECT] Symbol switched: EURJPYm -> GBPUSDm | AI watchlist candidate
[2026-05-07 20:06:42] [SCAN] Analyzing GBPUSDm
[2026-05-07 20:06:42] [SKIP] GBPUSDm same candle 2026-05-07 13:00:00  skip
[2026-05-07 20:06:42] [SELECT] Symbol switched: GBPUSDm -> EURUSDm | AI watchlist candidate
[2026-05-07 20:06:42] [SCAN] Analyzing EURUSDm
[2026-05-07 20:06:43] [SKIP] EURUSDm same candle 2026-05-07 13:00:00  skip
[2026-05-07 20:06:43] [SELECT] Symbol switched: EURUSDm -> XAUUSDm | AI watchlist candidate
[2026-05-07 20:06:43] [SCAN] Analyzing XAUUSDm
[2026-05-07 20:06:44] [SKIP] XAUUSDm same candle 2026-05-07 13:00:00  skip
[2026-05-07 20:06:44] [SELECT] Symbol switched: XAUUSDm -> USDJPYm | AI watchlist candidate
[2026-05-07 20:06:44] [SCAN] Analyzing USDJPYm
[2026-05-07 20:06:45] [SKIP] USDJPYm same candle 2026-05-07 13:00:00  skip
[2026-05-07 20:06:45] [SELECT] Symbol switched: USDJPYm -> EURJPYm | AI watchlist candidate
[2026-05-07 20:06:45] [SCAN] Analyzing EURJPYm
[2026-05-07 20:06:45] [SKIP] EURJPYm same candle 2026-05-07 13:00:00  skip
[2026-05-07 20:06:45] [WAIT] No order this round
[2026-05-07 20:07:45] [AI] Using cached scan from 2026-05-07 14:00:37 | symbols=GBPUSDm, EURUSDm, XAUUSDm, USDJPYm, EURJPYm
[2026-05-07 20:07:45] [WATCH] Watchlist: GBPUSDm, EURUSDm, XAUUSDm, USDJPYm, EURJPYm
[2026-05-07 20:07:45] [SELECT] Symbol switched: EURJPYm -> GBPUSDm | AI watchlist candidate
[2026-05-07 20:07:45] [SCAN] Analyzing GBPUSDm
[2026-05-07 20:07:46] [SKIP] GBPUSDm same candle 2026-05-07 13:00:00  skip
[2026-05-07 20:07:46] [SELECT] Symbol switched: GBPUSDm -> EURUSDm | AI watchlist candidate
[2026-05-07 20:07:46] [SCAN] Analyzing EURUSDm
[2026-05-07 20:07:47] [SKIP] EURUSDm same candle 2026-05-07 13:00:00  skip
[2026-05-07 20:07:47] [SELECT] Symbol switched: EURUSDm -> XAUUSDm | AI watchlist candidate
[2026-05-07 20:07:47] [SCAN] Analyzing XAUUSDm
[2026-05-07 20:07:48] [SKIP] XAUUSDm same candle 2026-05-07 13:00:00  skip
[2026-05-07 20:07:48] [SELECT] Symbol switched: XAUUSDm -> USDJPYm | AI watchlist candidate
[2026-05-07 20:07:48] [SCAN] Analyzing USDJPYm
[2026-05-07 20:07:48] [SKIP] USDJPYm same candle 2026-05-07 13:00:00  skip
[2026-05-07 20:07:48] [SELECT] Symbol switched: USDJPYm -> EURJPYm | AI watchlist candidate
[2026-05-07 20:07:48] [SCAN] Analyzing EURJPYm
[2026-05-07 20:07:49] [SKIP] EURJPYm same candle 2026-05-07 13:00:00  skip
[2026-05-07 20:07:49] [WAIT] No order this round
[2026-05-07 20:08:49] [AI] Using cached scan from 2026-05-07 14:00:37 | symbols=GBPUSDm, EURUSDm, XAUUSDm, USDJPYm, EURJPYm
[2026-05-07 20:08:49] [WATCH] Watchlist: GBPUSDm, EURUSDm, XAUUSDm, USDJPYm, EURJPYm
[2026-05-07 20:08:49] [SELECT] Symbol switched: EURJPYm -> GBPUSDm | AI watchlist candidate
[2026-05-07 20:08:49] [SCAN] Analyzing GBPUSDm
[2026-05-07 20:08:50] [SKIP] GBPUSDm same candle 2026-05-07 13:00:00  skip
[2026-05-07 20:08:50] [SELECT] Symbol switched: GBPUSDm -> EURUSDm | AI watchlist candidate
[2026-05-07 20:08:50] [SCAN] Analyzing EURUSDm
[2026-05-07 20:08:50] [SKIP] EURUSDm same candle 2026-05-07 13:00:00  skip
[2026-05-07 20:08:50] [SELECT] Symbol switched: EURUSDm -> XAUUSDm | AI watchlist candidate
[2026-05-07 20:08:50] [SCAN] Analyzing XAUUSDm
[2026-05-07 20:08:51] [SKIP] XAUUSDm same candle 2026-05-07 13:00:00  skip
[2026-05-07 20:08:51] [SELECT] Symbol switched: XAUUSDm -> USDJPYm | AI watchlist candidate
[2026-05-07 20:08:51] [SCAN] Analyzing USDJPYm
[2026-05-07 20:08:52] [SKIP] USDJPYm same candle 2026-05-07 13:00:00  skip
[2026-05-07 20:08:52] [SELECT] Symbol switched: USDJPYm -> EURJPYm | AI watchlist candidate
[2026-05-07 20:08:52] [SCAN] Analyzing EURJPYm
[2026-05-07 20:08:53] [SKIP] EURJPYm same candle 2026-05-07 13:00:00  skip
[2026-05-07 20:08:53] [WAIT] No order this round
[2026-05-07 20:09:53] [AI] Using cached scan from 2026-05-07 14:00:37 | symbols=GBPUSDm, EURUSDm, XAUUSDm, USDJPYm, EURJPYm
[2026-05-07 20:09:53] [WATCH] Watchlist: GBPUSDm, EURUSDm, XAUUSDm, USDJPYm, EURJPYm
[2026-05-07 20:09:53] [SELECT] Symbol switched: EURJPYm -> GBPUSDm | AI watchlist candidate
[2026-05-07 20:09:53] [SCAN] Analyzing GBPUSDm
[2026-05-07 20:09:53] [SKIP] GBPUSDm same candle 2026-05-07 13:00:00  skip
[2026-05-07 20:09:53] [SELECT] Symbol switched: GBPUSDm -> EURUSDm | AI watchlist candidate
[2026-05-07 20:09:53] [SCAN] Analyzing EURUSDm
[2026-05-07 20:09:54] [SKIP] EURUSDm same candle 2026-05-07 13:00:00  skip
[2026-05-07 20:09:54] [SELECT] Symbol switched: EURUSDm -> XAUUSDm | AI watchlist candidate
[2026-05-07 20:09:54] [SCAN] Analyzing XAUUSDm
[2026-05-07 20:09:55] [SKIP] XAUUSDm same candle 2026-05-07 13:00:00  skip
[2026-05-07 20:09:55] [SELECT] Symbol switched: XAUUSDm -> USDJPYm | AI watchlist candidate
[2026-05-07 20:09:55] [SCAN] Analyzing USDJPYm
[2026-05-07 20:09:55] [SKIP] USDJPYm same candle 2026-05-07 13:00:00  skip
[2026-05-07 20:09:55] [SELECT] Symbol switched: USDJPYm -> EURJPYm | AI watchlist candidate
[2026-05-07 20:09:55] [SCAN] Analyzing EURJPYm
[2026-05-07 20:09:56] [SKIP] EURJPYm same candle 2026-05-07 13:00:00  skip
[2026-05-07 20:09:56] [WAIT] No order this round
[2026-05-07 20:10:56] [AI] Using cached scan from 2026-05-07 14:00:37 | symbols=GBPUSDm, EURUSDm, XAUUSDm, USDJPYm, EURJPYm
[2026-05-07 20:10:56] [WATCH] Watchlist: GBPUSDm, EURUSDm, XAUUSDm, USDJPYm, EURJPYm
[2026-05-07 20:10:56] [SELECT] Symbol switched: EURJPYm -> GBPUSDm | AI watchlist candidate
[2026-05-07 20:10:56] [SCAN] Analyzing GBPUSDm
[2026-05-07 20:10:57] Signal: {'time': Timestamp('2026-05-07 13:05:00'), 'symbol': 'GBPUSDm', 'side': 'NO_TRADE', 'price': 1.36235, 'reason': 'no Donchian breakout'}
[2026-05-07 20:10:57] [SKIP] GBPUSDm NO_TRADE: no Donchian breakout
[2026-05-07 20:10:57] [SELECT] Symbol switched: GBPUSDm -> EURUSDm | AI watchlist candidate
[2026-05-07 20:10:57] [SCAN] Analyzing EURUSDm
[2026-05-07 20:10:58] Signal: {'time': Timestamp('2026-05-07 13:05:00'), 'symbol': 'EURUSDm', 'side': 'NO_TRADE', 'price': 1.17729, 'reason': 'no Donchian breakout'}
[2026-05-07 20:10:58] [SKIP] EURUSDm NO_TRADE: no Donchian breakout
[2026-05-07 20:10:58] [SELECT] Symbol switched: EURUSDm -> XAUUSDm | AI watchlist candidate
[2026-05-07 20:10:58] [SCAN] Analyzing XAUUSDm
[2026-05-07 20:10:58] Signal: {'time': Timestamp('2026-05-07 13:05:00'), 'symbol': 'XAUUSDm', 'side': 'NO_TRADE', 'price': 4741.097, 'reason': 'no Donchian breakout'}
[2026-05-07 20:10:58] [SKIP] XAUUSDm NO_TRADE: no Donchian breakout
[2026-05-07 20:10:58] [SELECT] Symbol switched: XAUUSDm -> USDJPYm | AI watchlist candidate
[2026-05-07 20:10:58] [SCAN] Analyzing USDJPYm
[2026-05-07 20:10:59] Signal: {'time': Timestamp('2026-05-07 13:05:00'), 'symbol': 'USDJPYm', 'side': 'NO_TRADE', 'price': 156.321, 'reason': 'no Donchian breakout'}
[2026-05-07 20:10:59] [SKIP] USDJPYm NO_TRADE: no Donchian breakout
[2026-05-07 20:10:59] [SELECT] Symbol switched: USDJPYm -> EURJPYm | AI watchlist candidate
[2026-05-07 20:10:59] [SCAN] Analyzing EURJPYm
[2026-05-07 20:11:00] Signal: {'time': Timestamp('2026-05-07 13:05:00'), 'symbol': 'EURJPYm', 'side': 'NO_TRADE', 'price': 184.038, 'reason': 'no Donchian breakout'}
[2026-05-07 20:11:00] [SKIP] EURJPYm NO_TRADE: no Donchian breakout
[2026-05-07 20:11:00] [WAIT] No order this round
[2026-05-07 20:12:00] [AI] Using cached scan from 2026-05-07 14:00:37 | symbols=GBPUSDm, EURUSDm, XAUUSDm, USDJPYm, EURJPYm
[2026-05-07 20:12:00] [WATCH] Watchlist: GBPUSDm, EURUSDm, XAUUSDm, USDJPYm, EURJPYm
[2026-05-07 20:12:00] [SELECT] Symbol switched: EURJPYm -> GBPUSDm | AI watchlist candidate
[2026-05-07 20:12:00] [SCAN] Analyzing GBPUSDm
[2026-05-07 20:12:01] [SKIP] GBPUSDm same candle 2026-05-07 13:05:00  skip
[2026-05-07 20:12:01] [SELECT] Symbol switched: GBPUSDm -> EURUSDm | AI watchlist candidate
[2026-05-07 20:12:01] [SCAN] Analyzing EURUSDm
[2026-05-07 20:12:02] [SKIP] EURUSDm same candle 2026-05-07 13:05:00  skip
[2026-05-07 20:12:02] [SELECT] Symbol switched: EURUSDm -> XAUUSDm | AI watchlist candidate
[2026-05-07 20:12:02] [SCAN] Analyzing XAUUSDm
[2026-05-07 20:12:02] [SKIP] XAUUSDm same candle 2026-05-07 13:05:00  skip
[2026-05-07 20:12:02] [SELECT] Symbol switched: XAUUSDm -> USDJPYm | AI watchlist candidate
[2026-05-07 20:12:02] [SCAN] Analyzing USDJPYm
[2026-05-07 20:12:03] [SKIP] USDJPYm same candle 2026-05-07 13:05:00  skip
[2026-05-07 20:12:03] [SELECT] Symbol switched: USDJPYm -> EURJPYm | AI watchlist candidate
[2026-05-07 20:12:03] [SCAN] Analyzing EURJPYm
[2026-05-07 20:12:04] [SKIP] EURJPYm same candle 2026-05-07 13:05:00  skip
[2026-05-07 20:12:04] [WAIT] No order this round
[2026-05-07 20:13:04] [AI] Using cached scan from 2026-05-07 14:00:37 | symbols=GBPUSDm, EURUSDm, XAUUSDm, USDJPYm, EURJPYm
[2026-05-07 20:13:04] [WATCH] Watchlist: GBPUSDm, EURUSDm, XAUUSDm, USDJPYm, EURJPYm
[2026-05-07 20:13:04] [SELECT] Symbol switched: EURJPYm -> GBPUSDm | AI watchlist candidate
[2026-05-07 20:13:04] [SCAN] Analyzing GBPUSDm
[2026-05-07 20:13:04] [SKIP] GBPUSDm same candle 2026-05-07 13:05:00  skip
[2026-05-07 20:13:04] [SELECT] Symbol switched: GBPUSDm -> EURUSDm | AI watchlist candidate
[2026-05-07 20:13:04] [SCAN] Analyzing EURUSDm
[2026-05-07 20:13:05] [SKIP] EURUSDm same candle 2026-05-07 13:05:00  skip
[2026-05-07 20:13:05] [SELECT] Symbol switched: EURUSDm -> XAUUSDm | AI watchlist candidate
[2026-05-07 20:13:05] [SCAN] Analyzing XAUUSDm
[2026-05-07 20:13:06] [SKIP] XAUUSDm same candle 2026-05-07 13:05:00  skip
[2026-05-07 20:13:06] [SELECT] Symbol switched: XAUUSDm -> USDJPYm | AI watchlist candidate
[2026-05-07 20:13:06] [SCAN] Analyzing USDJPYm
[2026-05-07 20:13:07] [SKIP] USDJPYm same candle 2026-05-07 13:05:00  skip
[2026-05-07 20:13:07] [SELECT] Symbol switched: USDJPYm -> EURJPYm | AI watchlist candidate
[2026-05-07 20:13:07] [SCAN] Analyzing EURJPYm
[2026-05-07 20:13:07] [SKIP] EURJPYm same candle 2026-05-07 13:05:00  skip
[2026-05-07 20:13:07] [WAIT] No order this round
[2026-05-07 20:14:07] [AI] Using cached scan from 2026-05-07 14:00:37 | symbols=GBPUSDm, EURUSDm, XAUUSDm, USDJPYm, EURJPYm
[2026-05-07 20:14:07] [WATCH] Watchlist: GBPUSDm, EURUSDm, XAUUSDm, USDJPYm, EURJPYm
[2026-05-07 20:14:07] [SELECT] Symbol switched: EURJPYm -> GBPUSDm | AI watchlist candidate
[2026-05-07 20:14:07] [SCAN] Analyzing GBPUSDm
[2026-05-07 20:14:08] [SKIP] GBPUSDm same candle 2026-05-07 13:05:00  skip
[2026-05-07 20:14:08] [SELECT] Symbol switched: GBPUSDm -> EURUSDm | AI watchlist candidate
[2026-05-07 20:14:08] [SCAN] Analyzing EURUSDm
[2026-05-07 20:14:09] [SKIP] EURUSDm same candle 2026-05-07 13:05:00  skip
[2026-05-07 20:14:09] [SELECT] Symbol switched: EURUSDm -> XAUUSDm | AI watchlist candidate
[2026-05-07 20:14:09] [SCAN] Analyzing XAUUSDm
[2026-05-07 20:14:10] [SKIP] XAUUSDm same candle 2026-05-07 13:05:00  skip
[2026-05-07 20:14:10] [SELECT] Symbol switched: XAUUSDm -> USDJPYm | AI watchlist candidate
[2026-05-07 20:14:10] [SCAN] Analyzing USDJPYm
[2026-05-07 20:14:10] [SKIP] USDJPYm same candle 2026-05-07 13:05:00  skip
[2026-05-07 20:14:10] [SELECT] Symbol switched: USDJPYm -> EURJPYm | AI watchlist candidate
[2026-05-07 20:14:10] [SCAN] Analyzing EURJPYm
[2026-05-07 20:14:11] [SKIP] EURJPYm same candle 2026-05-07 13:05:00  skip
[2026-05-07 20:14:11] [WAIT] No order this round
[2026-05-07 20:15:11] [AI] Using cached scan from 2026-05-07 14:00:37 | symbols=GBPUSDm, EURUSDm, XAUUSDm, USDJPYm, EURJPYm
[2026-05-07 20:15:11] [WATCH] Watchlist: GBPUSDm, EURUSDm, XAUUSDm, USDJPYm, EURJPYm
[2026-05-07 20:15:11] [SELECT] Symbol switched: EURJPYm -> GBPUSDm | AI watchlist candidate
[2026-05-07 20:15:11] [SCAN] Analyzing GBPUSDm
[2026-05-07 20:15:12] Signal: {'time': Timestamp('2026-05-07 13:10:00'), 'symbol': 'GBPUSDm', 'side': 'NO_TRADE', 'price': 1.3621699999999999, 'reason': 'no Donchian breakout'}
[2026-05-07 20:15:12] [SKIP] GBPUSDm NO_TRADE: no Donchian breakout
[2026-05-07 20:15:12] [SELECT] Symbol switched: GBPUSDm -> EURUSDm | AI watchlist candidate
[2026-05-07 20:15:12] [SCAN] Analyzing EURUSDm
[2026-05-07 20:15:12] Signal: {'time': Timestamp('2026-05-07 13:10:00'), 'symbol': 'EURUSDm', 'side': 'NO_TRADE', 'price': 1.17726, 'reason': 'no Donchian breakout'}
[2026-05-07 20:15:12] [SKIP] EURUSDm NO_TRADE: no Donchian breakout
[2026-05-07 20:15:13] [SELECT] Symbol switched: EURUSDm -> XAUUSDm | AI watchlist candidate
[2026-05-07 20:15:13] [SCAN] Analyzing XAUUSDm
[2026-05-07 20:15:13] Signal: {'time': Timestamp('2026-05-07 13:10:00'), 'symbol': 'XAUUSDm', 'side': 'NO_TRADE', 'price': 4733.232, 'reason': 'no Donchian breakout'}
[2026-05-07 20:15:13] [SKIP] XAUUSDm NO_TRADE: no Donchian breakout
[2026-05-07 20:15:13] [SELECT] Symbol switched: XAUUSDm -> USDJPYm | AI watchlist candidate
[2026-05-07 20:15:13] [SCAN] Analyzing USDJPYm
[2026-05-07 20:15:14] Signal: {'time': Timestamp('2026-05-07 13:10:00'), 'symbol': 'USDJPYm', 'side': 'NO_TRADE', 'price': 156.347, 'reason': 'no Donchian breakout'}
[2026-05-07 20:15:14] [SKIP] USDJPYm NO_TRADE: no Donchian breakout
[2026-05-07 20:15:14] [SELECT] Symbol switched: USDJPYm -> EURJPYm | AI watchlist candidate
[2026-05-07 20:15:14] [SCAN] Analyzing EURJPYm
[2026-05-07 20:15:15] Signal: {'time': Timestamp('2026-05-07 13:10:00'), 'symbol': 'EURJPYm', 'side': 'NO_TRADE', 'price': 184.058, 'reason': 'no Donchian breakout'}
[2026-05-07 20:15:15] [SKIP] EURJPYm NO_TRADE: no Donchian breakout
[2026-05-07 20:15:15] [WAIT] No order this round
[2026-05-07 20:16:15] [AI] Using cached scan from 2026-05-07 14:00:37 | symbols=GBPUSDm, EURUSDm, XAUUSDm, USDJPYm, EURJPYm
[2026-05-07 20:16:15] [WATCH] Watchlist: GBPUSDm, EURUSDm, XAUUSDm, USDJPYm, EURJPYm
[2026-05-07 20:16:15] [SELECT] Symbol switched: EURJPYm -> GBPUSDm | AI watchlist candidate
[2026-05-07 20:16:15] [SCAN] Analyzing GBPUSDm
[2026-05-07 20:16:16] [SKIP] GBPUSDm same candle 2026-05-07 13:10:00  skip
[2026-05-07 20:16:16] [SELECT] Symbol switched: GBPUSDm -> EURUSDm | AI watchlist candidate
[2026-05-07 20:16:16] [SCAN] Analyzing EURUSDm
[2026-05-07 20:16:16] [SKIP] EURUSDm same candle 2026-05-07 13:10:00  skip
[2026-05-07 20:16:16] [SELECT] Symbol switched: EURUSDm -> XAUUSDm | AI watchlist candidate
[2026-05-07 20:16:16] [SCAN] Analyzing XAUUSDm
[2026-05-07 20:16:17] [SKIP] XAUUSDm same candle 2026-05-07 13:10:00  skip
[2026-05-07 20:16:17] [SELECT] Symbol switched: XAUUSDm -> USDJPYm | AI watchlist candidate
[2026-05-07 20:16:17] [SCAN] Analyzing USDJPYm
[2026-05-07 20:16:18] [SKIP] USDJPYm same candle 2026-05-07 13:10:00  skip
[2026-05-07 20:16:18] [SELECT] Symbol switched: USDJPYm -> EURJPYm | AI watchlist candidate
[2026-05-07 20:16:18] [SCAN] Analyzing EURJPYm
[2026-05-07 20:16:18] [SKIP] EURJPYm same candle 2026-05-07 13:10:00  skip
[2026-05-07 20:16:18] [WAIT] No order this round
[2026-05-07 20:17:18] [AI] Using cached scan from 2026-05-07 14:00:37 | symbols=GBPUSDm, EURUSDm, XAUUSDm, USDJPYm, EURJPYm
[2026-05-07 20:17:18] [WATCH] Watchlist: GBPUSDm, EURUSDm, XAUUSDm, USDJPYm, EURJPYm
[2026-05-07 20:17:18] [SELECT] Symbol switched: EURJPYm -> GBPUSDm | AI watchlist candidate
[2026-05-07 20:17:18] [SCAN] Analyzing GBPUSDm
[2026-05-07 20:17:19] [SKIP] GBPUSDm same candle 2026-05-07 13:10:00  skip
[2026-05-07 20:17:19] [SELECT] Symbol switched: GBPUSDm -> EURUSDm | AI watchlist candidate
[2026-05-07 20:17:19] [SCAN] Analyzing EURUSDm
[2026-05-07 20:17:20] [SKIP] EURUSDm same candle 2026-05-07 13:10:00  skip
[2026-05-07 20:17:20] [SELECT] Symbol switched: EURUSDm -> XAUUSDm | AI watchlist candidate
[2026-05-07 20:17:20] [SCAN] Analyzing XAUUSDm
[2026-05-07 20:17:21] [SKIP] XAUUSDm same candle 2026-05-07 13:10:00  skip
[2026-05-07 20:17:21] [SELECT] Symbol switched: XAUUSDm -> USDJPYm | AI watchlist candidate
[2026-05-07 20:17:21] [SCAN] Analyzing USDJPYm
[2026-05-07 20:17:21] [SKIP] USDJPYm same candle 2026-05-07 13:10:00  skip
[2026-05-07 20:17:21] [SELECT] Symbol switched: USDJPYm -> EURJPYm | AI watchlist candidate
[2026-05-07 20:17:21] [SCAN] Analyzing EURJPYm
[2026-05-07 20:17:22] [SKIP] EURJPYm same candle 2026-05-07 13:10:00  skip
[2026-05-07 20:17:22] [WAIT] No order this round
[2026-05-07 20:18:22] [AI] Using cached scan from 2026-05-07 14:00:37 | symbols=GBPUSDm, EURUSDm, XAUUSDm, USDJPYm, EURJPYm
[2026-05-07 20:18:22] [WATCH] Watchlist: GBPUSDm, EURUSDm, XAUUSDm, USDJPYm, EURJPYm
[2026-05-07 20:18:22] [SELECT] Symbol switched: EURJPYm -> GBPUSDm | AI watchlist candidate
[2026-05-07 20:18:22] [SCAN] Analyzing GBPUSDm
[2026-05-07 20:18:23] [SKIP] GBPUSDm same candle 2026-05-07 13:10:00  skip
[2026-05-07 20:18:23] [SELECT] Symbol switched: GBPUSDm -> EURUSDm | AI watchlist candidate
[2026-05-07 20:18:23] [SCAN] Analyzing EURUSDm
[2026-05-07 20:18:23] [SKIP] EURUSDm same candle 2026-05-07 13:10:00  skip
[2026-05-07 20:18:23] [SELECT] Symbol switched: EURUSDm -> XAUUSDm | AI watchlist candidate
[2026-05-07 20:18:23] [SCAN] Analyzing XAUUSDm
[2026-05-07 20:18:24] [SKIP] XAUUSDm same candle 2026-05-07 13:10:00  skip
[2026-05-07 20:18:24] [SELECT] Symbol switched: XAUUSDm -> USDJPYm | AI watchlist candidate
[2026-05-07 20:18:24] [SCAN] Analyzing USDJPYm
[2026-05-07 20:18:25] [SKIP] USDJPYm same candle 2026-05-07 13:10:00  skip
[2026-05-07 20:18:25] [SELECT] Symbol switched: USDJPYm -> EURJPYm | AI watchlist candidate
[2026-05-07 20:18:25] [SCAN] Analyzing EURJPYm
[2026-05-07 20:18:26] [SKIP] EURJPYm same candle 2026-05-07 13:10:00  skip
[2026-05-07 20:18:26] [WAIT] No order this round
[2026-05-07 20:19:26] [AI] Using cached scan from 2026-05-07 14:00:37 | symbols=GBPUSDm, EURUSDm, XAUUSDm, USDJPYm, EURJPYm
[2026-05-07 20:19:26] [WATCH] Watchlist: GBPUSDm, EURUSDm, XAUUSDm, USDJPYm, EURJPYm
[2026-05-07 20:19:26] [SELECT] Symbol switched: EURJPYm -> GBPUSDm | AI watchlist candidate
[2026-05-07 20:19:26] [SCAN] Analyzing GBPUSDm
[2026-05-07 20:19:26] [SKIP] GBPUSDm same candle 2026-05-07 13:10:00  skip
[2026-05-07 20:19:26] [SELECT] Symbol switched: GBPUSDm -> EURUSDm | AI watchlist candidate
[2026-05-07 20:19:26] [SCAN] Analyzing EURUSDm
[2026-05-07 20:19:27] [SKIP] EURUSDm same candle 2026-05-07 13:10:00  skip
[2026-05-07 20:19:27] [SELECT] Symbol switched: EURUSDm -> XAUUSDm | AI watchlist candidate
[2026-05-07 20:19:27] [SCAN] Analyzing XAUUSDm
[2026-05-07 20:19:28] [SKIP] XAUUSDm same candle 2026-05-07 13:10:00  skip
[2026-05-07 20:19:28] [SELECT] Symbol switched: XAUUSDm -> USDJPYm | AI watchlist candidate
[2026-05-07 20:19:28] [SCAN] Analyzing USDJPYm
[2026-05-07 20:19:28] [SKIP] USDJPYm same candle 2026-05-07 13:10:00  skip
[2026-05-07 20:19:28] [SELECT] Symbol switched: USDJPYm -> EURJPYm | AI watchlist candidate
[2026-05-07 20:19:28] [SCAN] Analyzing EURJPYm
[2026-05-07 20:19:29] [SKIP] EURJPYm same candle 2026-05-07 13:10:00  skip
[2026-05-07 20:19:29] [WAIT] No order this round
[2026-05-07 20:20:29] [AI] Using cached scan from 2026-05-07 14:00:37 | symbols=GBPUSDm, EURUSDm, XAUUSDm, USDJPYm, EURJPYm
[2026-05-07 20:20:29] [WATCH] Watchlist: GBPUSDm, EURUSDm, XAUUSDm, USDJPYm, EURJPYm
[2026-05-07 20:20:29] [SELECT] Symbol switched: EURJPYm -> GBPUSDm | AI watchlist candidate
[2026-05-07 20:20:29] [SCAN] Analyzing GBPUSDm
[2026-05-07 20:20:30] Signal: {'time': Timestamp('2026-05-07 13:15:00'), 'symbol': 'GBPUSDm', 'side': 'NO_TRADE', 'price': 1.36246, 'reason': 'no Donchian breakout'}
[2026-05-07 20:20:30] [SKIP] GBPUSDm NO_TRADE: no Donchian breakout
[2026-05-07 20:20:30] [SELECT] Symbol switched: GBPUSDm -> EURUSDm | AI watchlist candidate
[2026-05-07 20:20:30] [SCAN] Analyzing EURUSDm
[2026-05-07 20:20:31] Signal: {'time': Timestamp('2026-05-07 13:15:00'), 'symbol': 'EURUSDm', 'side': 'NO_TRADE', 'price': 1.17752, 'reason': 'no Donchian breakout'}
[2026-05-07 20:20:31] [SKIP] EURUSDm NO_TRADE: no Donchian breakout
[2026-05-07 20:20:31] [SELECT] Symbol switched: EURUSDm -> XAUUSDm | AI watchlist candidate
[2026-05-07 20:20:31] [SCAN] Analyzing XAUUSDm
[2026-05-07 20:20:32] Signal: {'time': Timestamp('2026-05-07 13:15:00'), 'symbol': 'XAUUSDm', 'side': 'NO_TRADE', 'price': 4740.143, 'reason': 'no Donchian breakout'}
[2026-05-07 20:20:32] [SKIP] XAUUSDm NO_TRADE: no Donchian breakout
[2026-05-07 20:20:32] [SELECT] Symbol switched: XAUUSDm -> USDJPYm | AI watchlist candidate
[2026-05-07 20:20:32] [SCAN] Analyzing USDJPYm
[2026-05-07 20:20:32] Signal: {'time': Timestamp('2026-05-07 13:15:00'), 'symbol': 'USDJPYm', 'side': 'NO_TRADE', 'price': 156.299, 'reason': 'no Donchian breakout'}
[2026-05-07 20:20:32] [SKIP] USDJPYm NO_TRADE: no Donchian breakout
[2026-05-07 20:20:32] [SELECT] Symbol switched: USDJPYm -> EURJPYm | AI watchlist candidate
[2026-05-07 20:20:32] [SCAN] Analyzing EURJPYm
[2026-05-07 20:20:33] Signal: {'time': Timestamp('2026-05-07 13:15:00'), 'symbol': 'EURJPYm', 'side': 'NO_TRADE', 'price': 184.048, 'reason': 'no Donchian breakout'}
[2026-05-07 20:20:33] [SKIP] EURJPYm NO_TRADE: no Donchian breakout
[2026-05-07 20:20:33] [WAIT] No order this round
[2026-05-07 20:21:33] [AI] Using cached scan from 2026-05-07 14:00:37 | symbols=GBPUSDm, EURUSDm, XAUUSDm, USDJPYm, EURJPYm
[2026-05-07 20:21:33] [WATCH] Watchlist: GBPUSDm, EURUSDm, XAUUSDm, USDJPYm, EURJPYm
[2026-05-07 20:21:33] [SELECT] Symbol switched: EURJPYm -> GBPUSDm | AI watchlist candidate
[2026-05-07 20:21:33] [SCAN] Analyzing GBPUSDm
[2026-05-07 20:21:34] [SKIP] GBPUSDm same candle 2026-05-07 13:15:00  skip
[2026-05-07 20:21:34] [SELECT] Symbol switched: GBPUSDm -> EURUSDm | AI watchlist candidate
[2026-05-07 20:21:34] [SCAN] Analyzing EURUSDm
[2026-05-07 20:21:34] [SKIP] EURUSDm same candle 2026-05-07 13:15:00  skip
[2026-05-07 20:21:34] [SELECT] Symbol switched: EURUSDm -> XAUUSDm | AI watchlist candidate
[2026-05-07 20:21:34] [SCAN] Analyzing XAUUSDm
[2026-05-07 20:21:35] [SKIP] XAUUSDm same candle 2026-05-07 13:15:00  skip
[2026-05-07 20:21:35] [SELECT] Symbol switched: XAUUSDm -> USDJPYm | AI watchlist candidate
[2026-05-07 20:21:35] [SCAN] Analyzing USDJPYm
[2026-05-07 20:21:36] [SKIP] USDJPYm same candle 2026-05-07 13:15:00  skip
[2026-05-07 20:21:36] [SELECT] Symbol switched: USDJPYm -> EURJPYm | AI watchlist candidate
[2026-05-07 20:21:36] [SCAN] Analyzing EURJPYm
[2026-05-07 20:21:37] [SKIP] EURJPYm same candle 2026-05-07 13:15:00  skip
[2026-05-07 20:21:37] [WAIT] No order this round
[2026-05-07 20:22:37] [AI] Using cached scan from 2026-05-07 14:00:37 | symbols=GBPUSDm, EURUSDm, XAUUSDm, USDJPYm, EURJPYm
[2026-05-07 20:22:37] [WATCH] Watchlist: GBPUSDm, EURUSDm, XAUUSDm, USDJPYm, EURJPYm
[2026-05-07 20:22:37] [SELECT] Symbol switched: EURJPYm -> GBPUSDm | AI watchlist candidate
[2026-05-07 20:22:37] [SCAN] Analyzing GBPUSDm
[2026-05-07 20:22:37] [SKIP] GBPUSDm same candle 2026-05-07 13:15:00  skip
[2026-05-07 20:22:37] [SELECT] Symbol switched: GBPUSDm -> EURUSDm | AI watchlist candidate
[2026-05-07 20:22:37] [SCAN] Analyzing EURUSDm
[2026-05-07 20:22:38] [SKIP] EURUSDm same candle 2026-05-07 13:15:00  skip
[2026-05-07 20:22:38] [SELECT] Symbol switched: EURUSDm -> XAUUSDm | AI watchlist candidate
[2026-05-07 20:22:38] [SCAN] Analyzing XAUUSDm
[2026-05-07 20:22:39] [SKIP] XAUUSDm same candle 2026-05-07 13:15:00  skip
[2026-05-07 20:22:39] [SELECT] Symbol switched: XAUUSDm -> USDJPYm | AI watchlist candidate
[2026-05-07 20:22:39] [SCAN] Analyzing USDJPYm
[2026-05-07 20:22:40] [SKIP] USDJPYm same candle 2026-05-07 13:15:00  skip
[2026-05-07 20:22:40] [SELECT] Symbol switched: USDJPYm -> EURJPYm | AI watchlist candidate
[2026-05-07 20:22:40] [SCAN] Analyzing EURJPYm
[2026-05-07 20:22:40] [SKIP] EURJPYm same candle 2026-05-07 13:15:00  skip
[2026-05-07 20:22:40] [WAIT] No order this round
[2026-05-07 20:23:40] [AI] Using cached scan from 2026-05-07 14:00:37 | symbols=GBPUSDm, EURUSDm, XAUUSDm, USDJPYm, EURJPYm
[2026-05-07 20:23:40] [WATCH] Watchlist: GBPUSDm, EURUSDm, XAUUSDm, USDJPYm, EURJPYm
[2026-05-07 20:23:40] [SELECT] Symbol switched: EURJPYm -> GBPUSDm | AI watchlist candidate
[2026-05-07 20:23:40] [SCAN] Analyzing GBPUSDm
[2026-05-07 20:23:41] [SKIP] GBPUSDm same candle 2026-05-07 13:15:00  skip
[2026-05-07 20:23:41] [SELECT] Symbol switched: GBPUSDm -> EURUSDm | AI watchlist candidate
[2026-05-07 20:23:41] [SCAN] Analyzing EURUSDm
[2026-05-07 20:23:42] [SKIP] EURUSDm same candle 2026-05-07 13:15:00  skip
[2026-05-07 20:23:42] [SELECT] Symbol switched: EURUSDm -> XAUUSDm | AI watchlist candidate
[2026-05-07 20:23:42] [SCAN] Analyzing XAUUSDm
[2026-05-07 20:23:42] [SKIP] XAUUSDm same candle 2026-05-07 13:15:00  skip
[2026-05-07 20:23:42] [SELECT] Symbol switched: XAUUSDm -> USDJPYm | AI watchlist candidate
[2026-05-07 20:23:42] [SCAN] Analyzing USDJPYm
[2026-05-07 20:23:43] [SKIP] USDJPYm same candle 2026-05-07 13:15:00  skip
[2026-05-07 20:23:43] [SELECT] Symbol switched: USDJPYm -> EURJPYm | AI watchlist candidate
[2026-05-07 20:23:43] [SCAN] Analyzing EURJPYm
[2026-05-07 20:23:44] [SKIP] EURJPYm same candle 2026-05-07 13:15:00  skip
[2026-05-07 20:23:44] [WAIT] No order this round
[2026-05-07 20:24:44] [AI] Using cached scan from 2026-05-07 14:00:37 | symbols=GBPUSDm, EURUSDm, XAUUSDm, USDJPYm, EURJPYm
[2026-05-07 20:24:44] [WATCH] Watchlist: GBPUSDm, EURUSDm, XAUUSDm, USDJPYm, EURJPYm
[2026-05-07 20:24:44] [SELECT] Symbol switched: EURJPYm -> GBPUSDm | AI watchlist candidate
[2026-05-07 20:24:44] [SCAN] Analyzing GBPUSDm
[2026-05-07 20:24:45] [SKIP] GBPUSDm same candle 2026-05-07 13:15:00  skip
[2026-05-07 20:24:45] [SELECT] Symbol switched: GBPUSDm -> EURUSDm | AI watchlist candidate
[2026-05-07 20:24:45] [SCAN] Analyzing EURUSDm
[2026-05-07 20:24:45] [SKIP] EURUSDm same candle 2026-05-07 13:15:00  skip
[2026-05-07 20:24:45] [SELECT] Symbol switched: EURUSDm -> XAUUSDm | AI watchlist candidate
[2026-05-07 20:24:45] [SCAN] Analyzing XAUUSDm
[2026-05-07 20:24:46] [SKIP] XAUUSDm same candle 2026-05-07 13:15:00  skip
[2026-05-07 20:24:46] [SELECT] Symbol switched: XAUUSDm -> USDJPYm | AI watchlist candidate
[2026-05-07 20:24:46] [SCAN] Analyzing USDJPYm
[2026-05-07 20:24:47] [SKIP] USDJPYm same candle 2026-05-07 13:15:00  skip
[2026-05-07 20:24:47] [SELECT] Symbol switched: USDJPYm -> EURJPYm | AI watchlist candidate
[2026-05-07 20:24:47] [SCAN] Analyzing EURJPYm
[2026-05-07 20:24:47] [SKIP] EURJPYm same candle 2026-05-07 13:15:00  skip
[2026-05-07 20:24:47] [WAIT] No order this round
[2026-05-07 20:25:47] [AI] Using cached scan from 2026-05-07 14:00:37 | symbols=GBPUSDm, EURUSDm, XAUUSDm, USDJPYm, EURJPYm
[2026-05-07 20:25:47] [WATCH] Watchlist: GBPUSDm, EURUSDm, XAUUSDm, USDJPYm, EURJPYm
[2026-05-07 20:25:47] [SELECT] Symbol switched: EURJPYm -> GBPUSDm | AI watchlist candidate
[2026-05-07 20:25:47] [SCAN] Analyzing GBPUSDm
[2026-05-07 20:25:48] Signal: {'time': Timestamp('2026-05-07 13:20:00'), 'symbol': 'GBPUSDm', 'side': 'NO_TRADE', 'price': 1.36246, 'reason': 'no Donchian breakout'}
[2026-05-07 20:25:48] [SKIP] GBPUSDm NO_TRADE: no Donchian breakout
[2026-05-07 20:25:48] [SELECT] Symbol switched: GBPUSDm -> EURUSDm | AI watchlist candidate
[2026-05-07 20:25:48] [SCAN] Analyzing EURUSDm
[2026-05-07 20:25:49] Signal: {'time': Timestamp('2026-05-07 13:20:00'), 'symbol': 'EURUSDm', 'side': 'NO_TRADE', 'price': 1.17747, 'reason': 'no Donchian breakout'}
[2026-05-07 20:25:49] [SKIP] EURUSDm NO_TRADE: no Donchian breakout
[2026-05-07 20:25:49] [SELECT] Symbol switched: EURUSDm -> XAUUSDm | AI watchlist candidate
[2026-05-07 20:25:49] [SCAN] Analyzing XAUUSDm
[2026-05-07 20:25:50] Signal: {'time': Timestamp('2026-05-07 13:20:00'), 'symbol': 'XAUUSDm', 'side': 'NO_TRADE', 'price': 4744.551, 'reason': 'no Donchian breakout'}
[2026-05-07 20:25:50] [SKIP] XAUUSDm NO_TRADE: no Donchian breakout
[2026-05-07 20:25:50] [SELECT] Symbol switched: XAUUSDm -> USDJPYm | AI watchlist candidate
[2026-05-07 20:25:50] [SCAN] Analyzing USDJPYm
[2026-05-07 20:25:51] Signal: {'time': Timestamp('2026-05-07 13:20:00'), 'symbol': 'USDJPYm', 'side': 'NO_TRADE', 'price': 156.262, 'reason': 'no Donchian breakout'}
[2026-05-07 20:25:51] [SKIP] USDJPYm NO_TRADE: no Donchian breakout
[2026-05-07 20:25:51] [SELECT] Symbol switched: USDJPYm -> EURJPYm | AI watchlist candidate
[2026-05-07 20:25:51] [SCAN] Analyzing EURJPYm
[2026-05-07 20:25:51] Signal: {'time': Timestamp('2026-05-07 13:20:00'), 'symbol': 'EURJPYm', 'side': 'NO_TRADE', 'price': 184.002, 'reason': 'no Donchian breakout'}
[2026-05-07 20:25:51] [SKIP] EURJPYm NO_TRADE: no Donchian breakout
[2026-05-07 20:25:51] [WAIT] No order this round
[2026-05-07 20:26:51] [AI] Using cached scan from 2026-05-07 14:00:37 | symbols=GBPUSDm, EURUSDm, XAUUSDm, USDJPYm, EURJPYm
[2026-05-07 20:26:51] [WATCH] Watchlist: GBPUSDm, EURUSDm, XAUUSDm, USDJPYm, EURJPYm
[2026-05-07 20:26:51] [SELECT] Symbol switched: EURJPYm -> GBPUSDm | AI watchlist candidate
[2026-05-07 20:26:51] [SCAN] Analyzing GBPUSDm
[2026-05-07 20:26:52] [SKIP] GBPUSDm same candle 2026-05-07 13:20:00  skip
[2026-05-07 20:26:52] [SELECT] Symbol switched: GBPUSDm -> EURUSDm | AI watchlist candidate
[2026-05-07 20:26:52] [SCAN] Analyzing EURUSDm
[2026-05-07 20:26:53] [SKIP] EURUSDm same candle 2026-05-07 13:20:00  skip
[2026-05-07 20:26:53] [SELECT] Symbol switched: EURUSDm -> XAUUSDm | AI watchlist candidate
[2026-05-07 20:26:53] [SCAN] Analyzing XAUUSDm
[2026-05-07 20:26:54] [SKIP] XAUUSDm same candle 2026-05-07 13:20:00  skip
[2026-05-07 20:26:54] [SELECT] Symbol switched: XAUUSDm -> USDJPYm | AI watchlist candidate
[2026-05-07 20:26:54] [SCAN] Analyzing USDJPYm
[2026-05-07 20:26:54] [SKIP] USDJPYm same candle 2026-05-07 13:20:00  skip
[2026-05-07 20:26:54] [SELECT] Symbol switched: USDJPYm -> EURJPYm | AI watchlist candidate
[2026-05-07 20:26:54] [SCAN] Analyzing EURJPYm
[2026-05-07 20:26:55] [SKIP] EURJPYm same candle 2026-05-07 13:20:00  skip
[2026-05-07 20:26:55] [WAIT] No order this round
[2026-05-07 20:27:55] [AI] Using cached scan from 2026-05-07 14:00:37 | symbols=GBPUSDm, EURUSDm, XAUUSDm, USDJPYm, EURJPYm
[2026-05-07 20:27:55] [WATCH] Watchlist: GBPUSDm, EURUSDm, XAUUSDm, USDJPYm, EURJPYm
[2026-05-07 20:27:55] [SELECT] Symbol switched: EURJPYm -> GBPUSDm | AI watchlist candidate
[2026-05-07 20:27:55] [SCAN] Analyzing GBPUSDm
[2026-05-07 20:27:56] [SKIP] GBPUSDm same candle 2026-05-07 13:20:00  skip
[2026-05-07 20:27:56] [SELECT] Symbol switched: GBPUSDm -> EURUSDm | AI watchlist candidate
[2026-05-07 20:27:56] [SCAN] Analyzing EURUSDm
[2026-05-07 20:27:56] [SKIP] EURUSDm same candle 2026-05-07 13:20:00  skip
[2026-05-07 20:27:56] [SELECT] Symbol switched: EURUSDm -> XAUUSDm | AI watchlist candidate
[2026-05-07 20:27:56] [SCAN] Analyzing XAUUSDm
[2026-05-07 20:27:57] [SKIP] XAUUSDm same candle 2026-05-07 13:20:00  skip
[2026-05-07 20:27:57] [SELECT] Symbol switched: XAUUSDm -> USDJPYm | AI watchlist candidate
[2026-05-07 20:27:57] [SCAN] Analyzing USDJPYm
[2026-05-07 20:27:58] [SKIP] USDJPYm same candle 2026-05-07 13:20:00  skip
[2026-05-07 20:27:58] [SELECT] Symbol switched: USDJPYm -> EURJPYm | AI watchlist candidate
[2026-05-07 20:27:58] [SCAN] Analyzing EURJPYm
[2026-05-07 20:27:59] [SKIP] EURJPYm same candle 2026-05-07 13:20:00  skip
[2026-05-07 20:27:59] [WAIT] No order this round
[2026-05-07 20:28:59] [AI] Using cached scan from 2026-05-07 14:00:37 | symbols=GBPUSDm, EURUSDm, XAUUSDm, USDJPYm, EURJPYm
[2026-05-07 20:28:59] [WATCH] Watchlist: GBPUSDm, EURUSDm, XAUUSDm, USDJPYm, EURJPYm
[2026-05-07 20:28:59] [SELECT] Symbol switched: EURJPYm -> GBPUSDm | AI watchlist candidate
[2026-05-07 20:28:59] [SCAN] Analyzing GBPUSDm
[2026-05-07 20:28:59] [SKIP] GBPUSDm same candle 2026-05-07 13:20:00  skip
[2026-05-07 20:28:59] [SELECT] Symbol switched: GBPUSDm -> EURUSDm | AI watchlist candidate
[2026-05-07 20:28:59] [SCAN] Analyzing EURUSDm
[2026-05-07 20:29:00] [SKIP] EURUSDm same candle 2026-05-07 13:20:00  skip
[2026-05-07 20:29:00] [SELECT] Symbol switched: EURUSDm -> XAUUSDm | AI watchlist candidate
[2026-05-07 20:29:00] [SCAN] Analyzing XAUUSDm
[2026-05-07 20:29:01] [SKIP] XAUUSDm same candle 2026-05-07 13:20:00  skip
[2026-05-07 20:29:01] [SELECT] Symbol switched: XAUUSDm -> USDJPYm | AI watchlist candidate
[2026-05-07 20:29:01] [SCAN] Analyzing USDJPYm
[2026-05-07 20:29:01] [SKIP] USDJPYm same candle 2026-05-07 13:20:00  skip
[2026-05-07 20:29:01] [SELECT] Symbol switched: USDJPYm -> EURJPYm | AI watchlist candidate
[2026-05-07 20:29:01] [SCAN] Analyzing EURJPYm
[2026-05-07 20:29:02] [SKIP] EURJPYm same candle 2026-05-07 13:20:00  skip
[2026-05-07 20:29:02] [WAIT] No order this round
[2026-05-07 20:30:02] [AI] Using cached scan from 2026-05-07 14:00:37 | symbols=GBPUSDm, EURUSDm, XAUUSDm, USDJPYm, EURJPYm
[2026-05-07 20:30:02] [WATCH] Watchlist: GBPUSDm, EURUSDm, XAUUSDm, USDJPYm, EURJPYm
[2026-05-07 20:30:02] [SELECT] Symbol switched: EURJPYm -> GBPUSDm | AI watchlist candidate
[2026-05-07 20:30:02] [SCAN] Analyzing GBPUSDm
[2026-05-07 20:30:03] Signal: {'time': Timestamp('2026-05-07 13:25:00'), 'symbol': 'GBPUSDm', 'side': 'NO_TRADE', 'price': 1.36256, 'reason': 'no Donchian breakout'}
[2026-05-07 20:30:03] [SKIP] GBPUSDm NO_TRADE: no Donchian breakout
[2026-05-07 20:30:03] [SELECT] Symbol switched: GBPUSDm -> EURUSDm | AI watchlist candidate
[2026-05-07 20:30:03] [SCAN] Analyzing EURUSDm
[2026-05-07 20:30:04] Signal: {'time': Timestamp('2026-05-07 13:25:00'), 'symbol': 'EURUSDm', 'side': 'NO_TRADE', 'price': 1.17751, 'reason': 'no Donchian breakout'}
[2026-05-07 20:30:04] [SKIP] EURUSDm NO_TRADE: no Donchian breakout
[2026-05-07 20:30:04] [SELECT] Symbol switched: EURUSDm -> XAUUSDm | AI watchlist candidate
[2026-05-07 20:30:04] [SCAN] Analyzing XAUUSDm
[2026-05-07 20:30:04] Signal: {'time': Timestamp('2026-05-07 13:25:00'), 'symbol': 'XAUUSDm', 'side': 'NO_TRADE', 'price': 4744.888, 'reason': 'no Donchian breakout'}
[2026-05-07 20:30:04] [SKIP] XAUUSDm NO_TRADE: no Donchian breakout
[2026-05-07 20:30:04] [SELECT] Symbol switched: XAUUSDm -> USDJPYm | AI watchlist candidate
[2026-05-07 20:30:04] [SCAN] Analyzing USDJPYm
[2026-05-07 20:30:05] Signal: {'time': Timestamp('2026-05-07 13:25:00'), 'symbol': 'USDJPYm', 'side': 'NO_TRADE', 'price': 156.31, 'reason': 'no Donchian breakout'}
[2026-05-07 20:30:05] [SKIP] USDJPYm NO_TRADE: no Donchian breakout
[2026-05-07 20:30:05] [SELECT] Symbol switched: USDJPYm -> EURJPYm | AI watchlist candidate
[2026-05-07 20:30:05] [SCAN] Analyzing EURJPYm
[2026-05-07 20:30:06] Signal: {'time': Timestamp('2026-05-07 13:25:00'), 'symbol': 'EURJPYm', 'side': 'NO_TRADE', 'price': 184.052, 'reason': 'no Donchian breakout'}
[2026-05-07 20:30:06] [SKIP] EURJPYm NO_TRADE: no Donchian breakout
[2026-05-07 20:30:06] [WAIT] No order this round
[2026-05-07 20:31:06] [AI] Using cached scan from 2026-05-07 14:00:37 | symbols=GBPUSDm, EURUSDm, XAUUSDm, USDJPYm, EURJPYm
[2026-05-07 20:31:06] [WATCH] Watchlist: GBPUSDm, EURUSDm, XAUUSDm, USDJPYm, EURJPYm
[2026-05-07 20:31:06] [SELECT] Symbol switched: EURJPYm -> GBPUSDm | AI watchlist candidate
[2026-05-07 20:31:06] [SCAN] Analyzing GBPUSDm
[2026-05-07 20:31:07] [SKIP] GBPUSDm same candle 2026-05-07 13:25:00  skip
[2026-05-07 20:31:07] [SELECT] Symbol switched: GBPUSDm -> EURUSDm | AI watchlist candidate
[2026-05-07 20:31:07] [SCAN] Analyzing EURUSDm
[2026-05-07 20:31:07] [SKIP] EURUSDm same candle 2026-05-07 13:25:00  skip
[2026-05-07 20:31:07] [SELECT] Symbol switched: EURUSDm -> XAUUSDm | AI watchlist candidate
[2026-05-07 20:31:07] [SCAN] Analyzing XAUUSDm
[2026-05-07 20:31:08] [SKIP] XAUUSDm same candle 2026-05-07 13:25:00  skip
[2026-05-07 20:31:08] [SELECT] Symbol switched: XAUUSDm -> USDJPYm | AI watchlist candidate
[2026-05-07 20:31:08] [SCAN] Analyzing USDJPYm
[2026-05-07 20:31:09] [SKIP] USDJPYm same candle 2026-05-07 13:25:00  skip
[2026-05-07 20:31:09] [SELECT] Symbol switched: USDJPYm -> EURJPYm | AI watchlist candidate
[2026-05-07 20:31:09] [SCAN] Analyzing EURJPYm
[2026-05-07 20:31:10] [SKIP] EURJPYm same candle 2026-05-07 13:25:00  skip
[2026-05-07 20:31:10] [WAIT] No order this round
[2026-05-07 20:32:10] [AI] Using cached scan from 2026-05-07 14:00:37 | symbols=GBPUSDm, EURUSDm, XAUUSDm, USDJPYm, EURJPYm
[2026-05-07 20:32:10] [WATCH] Watchlist: GBPUSDm, EURUSDm, XAUUSDm, USDJPYm, EURJPYm
[2026-05-07 20:32:10] [SELECT] Symbol switched: EURJPYm -> GBPUSDm | AI watchlist candidate
[2026-05-07 20:32:10] [SCAN] Analyzing GBPUSDm
[2026-05-07 20:32:10] [SKIP] GBPUSDm same candle 2026-05-07 13:25:00  skip
[2026-05-07 20:32:10] [SELECT] Symbol switched: GBPUSDm -> EURUSDm | AI watchlist candidate
[2026-05-07 20:32:10] [SCAN] Analyzing EURUSDm
[2026-05-07 20:32:11] [SKIP] EURUSDm same candle 2026-05-07 13:25:00  skip
[2026-05-07 20:32:11] [SELECT] Symbol switched: EURUSDm -> XAUUSDm | AI watchlist candidate
[2026-05-07 20:32:11] [SCAN] Analyzing XAUUSDm
[2026-05-07 20:32:12] [SKIP] XAUUSDm same candle 2026-05-07 13:25:00  skip
[2026-05-07 20:32:12] [SELECT] Symbol switched: XAUUSDm -> USDJPYm | AI watchlist candidate
[2026-05-07 20:32:12] [SCAN] Analyzing USDJPYm
[2026-05-07 20:32:13] [SKIP] USDJPYm same candle 2026-05-07 13:25:00  skip
[2026-05-07 20:32:13] [SELECT] Symbol switched: USDJPYm -> EURJPYm | AI watchlist candidate
[2026-05-07 20:32:13] [SCAN] Analyzing EURJPYm
[2026-05-07 20:32:13] [SKIP] EURJPYm same candle 2026-05-07 13:25:00  skip
[2026-05-07 20:32:13] [WAIT] No order this round
[2026-05-07 20:33:13] [AI] Using cached scan from 2026-05-07 14:00:37 | symbols=GBPUSDm, EURUSDm, XAUUSDm, USDJPYm, EURJPYm
[2026-05-07 20:33:13] [WATCH] Watchlist: GBPUSDm, EURUSDm, XAUUSDm, USDJPYm, EURJPYm
[2026-05-07 20:33:13] [SELECT] Symbol switched: EURJPYm -> GBPUSDm | AI watchlist candidate
[2026-05-07 20:33:13] [SCAN] Analyzing GBPUSDm
[2026-05-07 20:33:14] [SKIP] GBPUSDm same candle 2026-05-07 13:25:00  skip
[2026-05-07 20:33:14] [SELECT] Symbol switched: GBPUSDm -> EURUSDm | AI watchlist candidate
[2026-05-07 20:33:14] [SCAN] Analyzing EURUSDm
[2026-05-07 20:33:15] [SKIP] EURUSDm same candle 2026-05-07 13:25:00  skip
[2026-05-07 20:33:15] [SELECT] Symbol switched: EURUSDm -> XAUUSDm | AI watchlist candidate
[2026-05-07 20:33:15] [SCAN] Analyzing XAUUSDm
[2026-05-07 20:33:15] [SKIP] XAUUSDm same candle 2026-05-07 13:25:00  skip
[2026-05-07 20:33:15] [SELECT] Symbol switched: XAUUSDm -> USDJPYm | AI watchlist candidate
[2026-05-07 20:33:15] [SCAN] Analyzing USDJPYm
[2026-05-07 20:33:16] [SKIP] USDJPYm same candle 2026-05-07 13:25:00  skip
[2026-05-07 20:33:16] [SELECT] Symbol switched: USDJPYm -> EURJPYm | AI watchlist candidate
[2026-05-07 20:33:16] [SCAN] Analyzing EURJPYm
[2026-05-07 20:33:17] [SKIP] EURJPYm same candle 2026-05-07 13:25:00  skip
[2026-05-07 20:33:17] [WAIT] No order this round
[2026-05-07 20:34:17] [AI] Using cached scan from 2026-05-07 14:00:37 | symbols=GBPUSDm, EURUSDm, XAUUSDm, USDJPYm, EURJPYm
[2026-05-07 20:34:17] [WATCH] Watchlist: GBPUSDm, EURUSDm, XAUUSDm, USDJPYm, EURJPYm
[2026-05-07 20:34:17] [SELECT] Symbol switched: EURJPYm -> GBPUSDm | AI watchlist candidate
[2026-05-07 20:34:17] [SCAN] Analyzing GBPUSDm
[2026-05-07 20:34:18] [SKIP] GBPUSDm same candle 2026-05-07 13:25:00  skip
[2026-05-07 20:34:18] [SELECT] Symbol switched: GBPUSDm -> EURUSDm | AI watchlist candidate
[2026-05-07 20:34:18] [SCAN] Analyzing EURUSDm
[2026-05-07 20:34:18] [SKIP] EURUSDm same candle 2026-05-07 13:25:00  skip
[2026-05-07 20:34:18] [SELECT] Symbol switched: EURUSDm -> XAUUSDm | AI watchlist candidate
[2026-05-07 20:34:18] [SCAN] Analyzing XAUUSDm
[2026-05-07 20:34:19] [SKIP] XAUUSDm same candle 2026-05-07 13:25:00  skip
[2026-05-07 20:34:19] [SELECT] Symbol switched: XAUUSDm -> USDJPYm | AI watchlist candidate
[2026-05-07 20:34:19] [SCAN] Analyzing USDJPYm
[2026-05-07 20:34:20] [SKIP] USDJPYm same candle 2026-05-07 13:25:00  skip
[2026-05-07 20:34:20] [SELECT] Symbol switched: USDJPYm -> EURJPYm | AI watchlist candidate
[2026-05-07 20:34:20] [SCAN] Analyzing EURJPYm
[2026-05-07 20:34:20] [SKIP] EURJPYm same candle 2026-05-07 13:25:00  skip
[2026-05-07 20:34:20] [WAIT] No order this round
[2026-05-07 20:35:20] [AI] Using cached scan from 2026-05-07 14:00:37 | symbols=GBPUSDm, EURUSDm, XAUUSDm, USDJPYm, EURJPYm
[2026-05-07 20:35:20] [WATCH] Watchlist: GBPUSDm, EURUSDm, XAUUSDm, USDJPYm, EURJPYm
[2026-05-07 20:35:20] [SELECT] Symbol switched: EURJPYm -> GBPUSDm | AI watchlist candidate
[2026-05-07 20:35:20] [SCAN] Analyzing GBPUSDm
[2026-05-07 20:35:21] Signal: {'time': Timestamp('2026-05-07 13:30:00'), 'symbol': 'GBPUSDm', 'side': 'NO_TRADE', 'price': 1.36274, 'reason': 'no Donchian breakout'}
[2026-05-07 20:35:21] [SKIP] GBPUSDm NO_TRADE: no Donchian breakout
[2026-05-07 20:35:21] [SELECT] Symbol switched: GBPUSDm -> EURUSDm | AI watchlist candidate
[2026-05-07 20:35:21] [SCAN] Analyzing EURUSDm
[2026-05-07 20:35:22] Signal: {'time': Timestamp('2026-05-07 13:30:00'), 'symbol': 'EURUSDm', 'side': 'NO_TRADE', 'price': 1.17747, 'reason': 'no Donchian breakout'}
[2026-05-07 20:35:22] [SKIP] EURUSDm NO_TRADE: no Donchian breakout
[2026-05-07 20:35:22] [SELECT] Symbol switched: EURUSDm -> XAUUSDm | AI watchlist candidate
[2026-05-07 20:35:22] [SCAN] Analyzing XAUUSDm
[2026-05-07 20:35:23] Signal: {'time': Timestamp('2026-05-07 13:30:00'), 'symbol': 'XAUUSDm', 'side': 'NO_TRADE', 'price': 4755.814, 'reason': 'side blocked allowed=BOTH got=BUY'}
[2026-05-07 20:35:23] [SKIP] XAUUSDm NO_TRADE: side blocked allowed=BOTH got=BUY
[2026-05-07 20:35:23] [SELECT] Symbol switched: XAUUSDm -> USDJPYm | AI watchlist candidate
[2026-05-07 20:35:23] [SCAN] Analyzing USDJPYm
[2026-05-07 20:35:24] Signal: {'time': Timestamp('2026-05-07 13:30:00'), 'symbol': 'USDJPYm', 'side': 'NO_TRADE', 'price': 156.345, 'reason': 'no Donchian breakout'}
[2026-05-07 20:35:24] [SKIP] USDJPYm NO_TRADE: no Donchian breakout
[2026-05-07 20:35:24] [SELECT] Symbol switched: USDJPYm -> EURJPYm | AI watchlist candidate
[2026-05-07 20:35:24] [SCAN] Analyzing EURJPYm
[2026-05-07 20:35:24] Signal: {'time': Timestamp('2026-05-07 13:30:00'), 'symbol': 'EURJPYm', 'side': 'NO_TRADE', 'price': 184.095, 'reason': 'M15 ADX not rising'}
[2026-05-07 20:35:24] [SKIP] EURJPYm NO_TRADE: M15 ADX not rising
[2026-05-07 20:35:24] [WAIT] No order this round
[2026-05-07 20:36:24] [AI] Using cached scan from 2026-05-07 14:00:37 | symbols=GBPUSDm, EURUSDm, XAUUSDm, USDJPYm, EURJPYm
[2026-05-07 20:36:24] [WATCH] Watchlist: GBPUSDm, EURUSDm, XAUUSDm, USDJPYm, EURJPYm
[2026-05-07 20:36:24] [SELECT] Symbol switched: EURJPYm -> GBPUSDm | AI watchlist candidate
[2026-05-07 20:36:24] [SCAN] Analyzing GBPUSDm
[2026-05-07 20:36:25] [SKIP] GBPUSDm same candle 2026-05-07 13:30:00  skip
[2026-05-07 20:36:25] [SELECT] Symbol switched: GBPUSDm -> EURUSDm | AI watchlist candidate
[2026-05-07 20:36:25] [SCAN] Analyzing EURUSDm
[2026-05-07 20:36:26] [SKIP] EURUSDm same candle 2026-05-07 13:30:00  skip
[2026-05-07 20:36:26] [SELECT] Symbol switched: EURUSDm -> XAUUSDm | AI watchlist candidate
[2026-05-07 20:36:26] [SCAN] Analyzing XAUUSDm
[2026-05-07 20:36:27] [SKIP] XAUUSDm same candle 2026-05-07 13:30:00  skip
[2026-05-07 20:36:27] [SELECT] Symbol switched: XAUUSDm -> USDJPYm | AI watchlist candidate
[2026-05-07 20:36:27] [SCAN] Analyzing USDJPYm
[2026-05-07 20:36:27] [SKIP] USDJPYm same candle 2026-05-07 13:30:00  skip
[2026-05-07 20:36:27] [SELECT] Symbol switched: USDJPYm -> EURJPYm | AI watchlist candidate
[2026-05-07 20:36:27] [SCAN] Analyzing EURJPYm
[2026-05-07 20:36:28] [SKIP] EURJPYm same candle 2026-05-07 13:30:00  skip
[2026-05-07 20:36:28] [WAIT] No order this round
[2026-05-07 20:37:28] [AI] Using cached scan from 2026-05-07 14:00:37 | symbols=GBPUSDm, EURUSDm, XAUUSDm, USDJPYm, EURJPYm
[2026-05-07 20:37:28] [WATCH] Watchlist: GBPUSDm, EURUSDm, XAUUSDm, USDJPYm, EURJPYm
[2026-05-07 20:37:28] [SELECT] Symbol switched: EURJPYm -> GBPUSDm | AI watchlist candidate
[2026-05-07 20:37:28] [SCAN] Analyzing GBPUSDm
[2026-05-07 20:37:29] [SKIP] GBPUSDm same candle 2026-05-07 13:30:00  skip
[2026-05-07 20:37:29] [SELECT] Symbol switched: GBPUSDm -> EURUSDm | AI watchlist candidate
[2026-05-07 20:37:29] [SCAN] Analyzing EURUSDm
[2026-05-07 20:37:29] [SKIP] EURUSDm same candle 2026-05-07 13:30:00  skip
[2026-05-07 20:37:29] [SELECT] Symbol switched: EURUSDm -> XAUUSDm | AI watchlist candidate
[2026-05-07 20:37:29] [SCAN] Analyzing XAUUSDm
[2026-05-07 20:37:30] [SKIP] XAUUSDm same candle 2026-05-07 13:30:00  skip
[2026-05-07 20:37:30] [SELECT] Symbol switched: XAUUSDm -> USDJPYm | AI watchlist candidate
[2026-05-07 20:37:30] [SCAN] Analyzing USDJPYm
[2026-05-07 20:37:31] [SKIP] USDJPYm same candle 2026-05-07 13:30:00  skip
[2026-05-07 20:37:31] [SELECT] Symbol switched: USDJPYm -> EURJPYm | AI watchlist candidate
[2026-05-07 20:37:31] [SCAN] Analyzing EURJPYm
[2026-05-07 20:37:32] [SKIP] EURJPYm same candle 2026-05-07 13:30:00  skip
[2026-05-07 20:37:32] [WAIT] No order this round
[2026-05-07 20:38:32] [AI] Using cached scan from 2026-05-07 14:00:37 | symbols=GBPUSDm, EURUSDm, XAUUSDm, USDJPYm, EURJPYm
[2026-05-07 20:38:32] [WATCH] Watchlist: GBPUSDm, EURUSDm, XAUUSDm, USDJPYm, EURJPYm
[2026-05-07 20:38:32] [SELECT] Symbol switched: EURJPYm -> GBPUSDm | AI watchlist candidate
[2026-05-07 20:38:32] [SCAN] Analyzing GBPUSDm
[2026-05-07 20:38:32] [SKIP] GBPUSDm same candle 2026-05-07 13:30:00  skip
[2026-05-07 20:38:32] [SELECT] Symbol switched: GBPUSDm -> EURUSDm | AI watchlist candidate
[2026-05-07 20:38:32] [SCAN] Analyzing EURUSDm
[2026-05-07 20:38:33] [SKIP] EURUSDm same candle 2026-05-07 13:30:00  skip
[2026-05-07 20:38:33] [SELECT] Symbol switched: EURUSDm -> XAUUSDm | AI watchlist candidate
[2026-05-07 20:38:33] [SCAN] Analyzing XAUUSDm
[2026-05-07 20:38:34] [SKIP] XAUUSDm same candle 2026-05-07 13:30:00  skip
[2026-05-07 20:38:34] [SELECT] Symbol switched: XAUUSDm -> USDJPYm | AI watchlist candidate
[2026-05-07 20:38:34] [SCAN] Analyzing USDJPYm
[2026-05-07 20:38:34] [SKIP] USDJPYm same candle 2026-05-07 13:30:00  skip
[2026-05-07 20:38:34] [SELECT] Symbol switched: USDJPYm -> EURJPYm | AI watchlist candidate
[2026-05-07 20:38:34] [SCAN] Analyzing EURJPYm
[2026-05-07 20:38:35] [SKIP] EURJPYm same candle 2026-05-07 13:30:00  skip
[2026-05-07 20:38:35] [WAIT] No order this round
[2026-05-07 20:39:35] [AI] Using cached scan from 2026-05-07 14:00:37 | symbols=GBPUSDm, EURUSDm, XAUUSDm, USDJPYm, EURJPYm
[2026-05-07 20:39:35] [WATCH] Watchlist: GBPUSDm, EURUSDm, XAUUSDm, USDJPYm, EURJPYm
[2026-05-07 20:39:35] [SELECT] Symbol switched: EURJPYm -> GBPUSDm | AI watchlist candidate
[2026-05-07 20:39:35] [SCAN] Analyzing GBPUSDm
[2026-05-07 20:39:36] [SKIP] GBPUSDm same candle 2026-05-07 13:30:00  skip
[2026-05-07 20:39:36] [SELECT] Symbol switched: GBPUSDm -> EURUSDm | AI watchlist candidate
[2026-05-07 20:39:36] [SCAN] Analyzing EURUSDm
[2026-05-07 20:39:37] [SKIP] EURUSDm same candle 2026-05-07 13:30:00  skip
[2026-05-07 20:39:37] [SELECT] Symbol switched: EURUSDm -> XAUUSDm | AI watchlist candidate
[2026-05-07 20:39:37] [SCAN] Analyzing XAUUSDm
[2026-05-07 20:39:38] [SKIP] XAUUSDm same candle 2026-05-07 13:30:00  skip
[2026-05-07 20:39:38] [SELECT] Symbol switched: XAUUSDm -> USDJPYm | AI watchlist candidate
[2026-05-07 20:39:38] [SCAN] Analyzing USDJPYm
[2026-05-07 20:39:38] [SKIP] USDJPYm same candle 2026-05-07 13:30:00  skip
[2026-05-07 20:39:38] [SELECT] Symbol switched: USDJPYm -> EURJPYm | AI watchlist candidate
[2026-05-07 20:39:38] [SCAN] Analyzing EURJPYm
[2026-05-07 20:39:39] [SKIP] EURJPYm same candle 2026-05-07 13:30:00  skip
[2026-05-07 20:39:39] [WAIT] No order this round
[2026-05-07 20:40:39] [AI] Using cached scan from 2026-05-07 14:00:37 | symbols=GBPUSDm, EURUSDm, XAUUSDm, USDJPYm, EURJPYm
[2026-05-07 20:40:39] [WATCH] Watchlist: GBPUSDm, EURUSDm, XAUUSDm, USDJPYm, EURJPYm
[2026-05-07 20:40:39] [SELECT] Symbol switched: EURJPYm -> GBPUSDm | AI watchlist candidate
[2026-05-07 20:40:39] [SCAN] Analyzing GBPUSDm
[2026-05-07 20:40:40] Signal: {'time': Timestamp('2026-05-07 13:35:00'), 'symbol': 'GBPUSDm', 'side': 'NO_TRADE', 'price': 1.36218, 'reason': 'no Donchian breakout'}
[2026-05-07 20:40:40] [SKIP] GBPUSDm NO_TRADE: no Donchian breakout
[2026-05-07 20:40:40] [SELECT] Symbol switched: GBPUSDm -> EURUSDm | AI watchlist candidate
[2026-05-07 20:40:40] [SCAN] Analyzing EURUSDm
[2026-05-07 20:40:41] Signal: {'time': Timestamp('2026-05-07 13:35:00'), 'symbol': 'EURUSDm', 'side': 'NO_TRADE', 'price': 1.177, 'reason': 'no Donchian breakout'}
[2026-05-07 20:40:41] [SKIP] EURUSDm NO_TRADE: no Donchian breakout
[2026-05-07 20:40:41] [SELECT] Symbol switched: EURUSDm -> XAUUSDm | AI watchlist candidate
[2026-05-07 20:40:41] [SCAN] Analyzing XAUUSDm
[2026-05-07 20:40:41] Signal: {'time': Timestamp('2026-05-07 13:35:00'), 'symbol': 'XAUUSDm', 'side': 'NO_TRADE', 'price': 4752.347, 'reason': 'no Donchian breakout'}
[2026-05-07 20:40:41] [SKIP] XAUUSDm NO_TRADE: no Donchian breakout
[2026-05-07 20:40:41] [SELECT] Symbol switched: XAUUSDm -> USDJPYm | AI watchlist candidate
[2026-05-07 20:40:41] [SCAN] Analyzing USDJPYm
[2026-05-07 20:40:42] Signal: {'time': Timestamp('2026-05-07 13:35:00'), 'symbol': 'USDJPYm', 'side': 'NO_TRADE', 'price': 156.353, 'reason': 'no Donchian breakout'}
[2026-05-07 20:40:42] [SKIP] USDJPYm NO_TRADE: no Donchian breakout
[2026-05-07 20:40:42] [SELECT] Symbol switched: USDJPYm -> EURJPYm | AI watchlist candidate
[2026-05-07 20:40:42] [SCAN] Analyzing EURJPYm
[2026-05-07 20:40:43] Signal: {'time': Timestamp('2026-05-07 13:35:00'), 'symbol': 'EURJPYm', 'side': 'NO_TRADE', 'price': 184.029, 'reason': 'no Donchian breakout'}
[2026-05-07 20:40:43] [SKIP] EURJPYm NO_TRADE: no Donchian breakout
[2026-05-07 20:40:43] [WAIT] No order this round
[2026-05-07 20:41:43] [AI] Using cached scan from 2026-05-07 14:00:37 | symbols=GBPUSDm, EURUSDm, XAUUSDm, USDJPYm, EURJPYm
[2026-05-07 20:41:43] [WATCH] Watchlist: GBPUSDm, EURUSDm, XAUUSDm, USDJPYm, EURJPYm
[2026-05-07 20:41:43] [SELECT] Symbol switched: EURJPYm -> GBPUSDm | AI watchlist candidate
[2026-05-07 20:41:43] [SCAN] Analyzing GBPUSDm
[2026-05-07 20:41:44] [SKIP] GBPUSDm same candle 2026-05-07 13:35:00  skip
[2026-05-07 20:41:44] [SELECT] Symbol switched: GBPUSDm -> EURUSDm | AI watchlist candidate
[2026-05-07 20:41:44] [SCAN] Analyzing EURUSDm
[2026-05-07 20:41:44] [SKIP] EURUSDm same candle 2026-05-07 13:35:00  skip
[2026-05-07 20:41:44] [SELECT] Symbol switched: EURUSDm -> XAUUSDm | AI watchlist candidate
[2026-05-07 20:41:44] [SCAN] Analyzing XAUUSDm
[2026-05-07 20:41:45] [SKIP] XAUUSDm same candle 2026-05-07 13:35:00  skip
[2026-05-07 20:41:45] [SELECT] Symbol switched: XAUUSDm -> USDJPYm | AI watchlist candidate
[2026-05-07 20:41:45] [SCAN] Analyzing USDJPYm
[2026-05-07 20:41:46] [SKIP] USDJPYm same candle 2026-05-07 13:35:00  skip
[2026-05-07 20:41:46] [SELECT] Symbol switched: USDJPYm -> EURJPYm | AI watchlist candidate
[2026-05-07 20:41:46] [SCAN] Analyzing EURJPYm
[2026-05-07 20:41:46] [SKIP] EURJPYm same candle 2026-05-07 13:35:00  skip
[2026-05-07 20:41:46] [WAIT] No order this round
[2026-05-07 20:42:47] [AI] Using cached scan from 2026-05-07 14:00:37 | symbols=GBPUSDm, EURUSDm, XAUUSDm, USDJPYm, EURJPYm
[2026-05-07 20:42:47] [WATCH] Watchlist: GBPUSDm, EURUSDm, XAUUSDm, USDJPYm, EURJPYm
[2026-05-07 20:42:47] [SELECT] Symbol switched: EURJPYm -> GBPUSDm | AI watchlist candidate
[2026-05-07 20:42:47] [SCAN] Analyzing GBPUSDm
[2026-05-07 20:42:47] [SKIP] GBPUSDm same candle 2026-05-07 13:35:00  skip
[2026-05-07 20:42:47] [SELECT] Symbol switched: GBPUSDm -> EURUSDm | AI watchlist candidate
[2026-05-07 20:42:47] [SCAN] Analyzing EURUSDm
[2026-05-07 20:42:48] [SKIP] EURUSDm same candle 2026-05-07 13:35:00  skip
[2026-05-07 20:42:48] [SELECT] Symbol switched: EURUSDm -> XAUUSDm | AI watchlist candidate
[2026-05-07 20:42:48] [SCAN] Analyzing XAUUSDm
[2026-05-07 20:42:49] [SKIP] XAUUSDm same candle 2026-05-07 13:35:00  skip
[2026-05-07 20:42:49] [SELECT] Symbol switched: XAUUSDm -> USDJPYm | AI watchlist candidate
[2026-05-07 20:42:49] [SCAN] Analyzing USDJPYm
[2026-05-07 20:42:49] [SKIP] USDJPYm same candle 2026-05-07 13:35:00  skip
[2026-05-07 20:42:49] [SELECT] Symbol switched: USDJPYm -> EURJPYm | AI watchlist candidate
[2026-05-07 20:42:49] [SCAN] Analyzing EURJPYm
[2026-05-07 20:42:50] [SKIP] EURJPYm same candle 2026-05-07 13:35:00  skip
[2026-05-07 20:42:50] [WAIT] No order this round
[2026-05-07 20:43:50] [AI] Using cached scan from 2026-05-07 14:00:37 | symbols=GBPUSDm, EURUSDm, XAUUSDm, USDJPYm, EURJPYm
[2026-05-07 20:43:50] [WATCH] Watchlist: GBPUSDm, EURUSDm, XAUUSDm, USDJPYm, EURJPYm
[2026-05-07 20:43:50] [SELECT] Symbol switched: EURJPYm -> GBPUSDm | AI watchlist candidate
[2026-05-07 20:43:50] [SCAN] Analyzing GBPUSDm
[2026-05-07 20:43:51] [SKIP] GBPUSDm same candle 2026-05-07 13:35:00  skip
[2026-05-07 20:43:51] [SELECT] Symbol switched: GBPUSDm -> EURUSDm | AI watchlist candidate
[2026-05-07 20:43:51] [SCAN] Analyzing EURUSDm
[2026-05-07 20:43:52] [SKIP] EURUSDm same candle 2026-05-07 13:35:00  skip
[2026-05-07 20:43:52] [SELECT] Symbol switched: EURUSDm -> XAUUSDm | AI watchlist candidate
[2026-05-07 20:43:52] [SCAN] Analyzing XAUUSDm
[2026-05-07 20:43:52] [SKIP] XAUUSDm same candle 2026-05-07 13:35:00  skip
[2026-05-07 20:43:52] [SELECT] Symbol switched: XAUUSDm -> USDJPYm | AI watchlist candidate
[2026-05-07 20:43:52] [SCAN] Analyzing USDJPYm
[2026-05-07 20:43:53] [SKIP] USDJPYm same candle 2026-05-07 13:35:00  skip
[2026-05-07 20:43:53] [SELECT] Symbol switched: USDJPYm -> EURJPYm | AI watchlist candidate
[2026-05-07 20:43:53] [SCAN] Analyzing EURJPYm
[2026-05-07 20:43:54] [SKIP] EURJPYm same candle 2026-05-07 13:35:00  skip
[2026-05-07 20:43:54] [WAIT] No order this round
[2026-05-07 20:44:54] [AI] Using cached scan from 2026-05-07 14:00:37 | symbols=GBPUSDm, EURUSDm, XAUUSDm, USDJPYm, EURJPYm
[2026-05-07 20:44:54] [WATCH] Watchlist: GBPUSDm, EURUSDm, XAUUSDm, USDJPYm, EURJPYm
[2026-05-07 20:44:54] [SELECT] Symbol switched: EURJPYm -> GBPUSDm | AI watchlist candidate
[2026-05-07 20:44:54] [SCAN] Analyzing GBPUSDm
[2026-05-07 20:44:54] [SKIP] GBPUSDm same candle 2026-05-07 13:35:00  skip
[2026-05-07 20:44:54] [SELECT] Symbol switched: GBPUSDm -> EURUSDm | AI watchlist candidate
[2026-05-07 20:44:54] [SCAN] Analyzing EURUSDm
[2026-05-07 20:44:55] [SKIP] EURUSDm same candle 2026-05-07 13:35:00  skip
[2026-05-07 20:44:55] [SELECT] Symbol switched: EURUSDm -> XAUUSDm | AI watchlist candidate
[2026-05-07 20:44:55] [SCAN] Analyzing XAUUSDm
[2026-05-07 20:44:56] [SKIP] XAUUSDm same candle 2026-05-07 13:35:00  skip
[2026-05-07 20:44:56] [SELECT] Symbol switched: XAUUSDm -> USDJPYm | AI watchlist candidate
[2026-05-07 20:44:56] [SCAN] Analyzing USDJPYm
[2026-05-07 20:44:57] [SKIP] USDJPYm same candle 2026-05-07 13:35:00  skip
[2026-05-07 20:44:57] [SELECT] Symbol switched: USDJPYm -> EURJPYm | AI watchlist candidate
[2026-05-07 20:44:57] [SCAN] Analyzing EURJPYm
[2026-05-07 20:44:57] [SKIP] EURJPYm same candle 2026-05-07 13:35:00  skip
[2026-05-07 20:44:57] [WAIT] No order this round
[2026-05-07 20:45:57] [AI] Using cached scan from 2026-05-07 14:00:37 | symbols=GBPUSDm, EURUSDm, XAUUSDm, USDJPYm, EURJPYm
[2026-05-07 20:45:57] [WATCH] Watchlist: GBPUSDm, EURUSDm, XAUUSDm, USDJPYm, EURJPYm
[2026-05-07 20:45:57] [SELECT] Symbol switched: EURJPYm -> GBPUSDm | AI watchlist candidate
[2026-05-07 20:45:57] [SCAN] Analyzing GBPUSDm
[2026-05-07 20:45:58] Signal: {'time': Timestamp('2026-05-07 13:40:00'), 'symbol': 'GBPUSDm', 'side': 'NO_TRADE', 'price': 1.36272, 'reason': 'no Donchian breakout'}
[2026-05-07 20:45:58] [SKIP] GBPUSDm NO_TRADE: no Donchian breakout
[2026-05-07 20:45:58] [SELECT] Symbol switched: GBPUSDm -> EURUSDm | AI watchlist candidate
[2026-05-07 20:45:58] [SCAN] Analyzing EURUSDm
[2026-05-07 20:45:59] Signal: {'time': Timestamp('2026-05-07 13:40:00'), 'symbol': 'EURUSDm', 'side': 'NO_TRADE', 'price': 1.17728, 'reason': 'no Donchian breakout'}
[2026-05-07 20:45:59] [SKIP] EURUSDm NO_TRADE: no Donchian breakout
[2026-05-07 20:45:59] [SELECT] Symbol switched: EURUSDm -> XAUUSDm | AI watchlist candidate
[2026-05-07 20:45:59] [SCAN] Analyzing XAUUSDm
[2026-05-07 20:46:00] Signal: {'time': Timestamp('2026-05-07 13:40:00'), 'symbol': 'XAUUSDm', 'side': 'NO_TRADE', 'price': 4748.526, 'reason': 'no Donchian breakout'}
[2026-05-07 20:46:00] [SKIP] XAUUSDm NO_TRADE: no Donchian breakout
[2026-05-07 20:46:00] [SELECT] Symbol switched: XAUUSDm -> USDJPYm | AI watchlist candidate
[2026-05-07 20:46:00] [SCAN] Analyzing USDJPYm
[2026-05-07 20:46:00] Signal: {'time': Timestamp('2026-05-07 13:40:00'), 'symbol': 'USDJPYm', 'side': 'NO_TRADE', 'price': 156.321, 'reason': 'no Donchian breakout'}
[2026-05-07 20:46:00] [SKIP] USDJPYm NO_TRADE: no Donchian breakout
[2026-05-07 20:46:00] [SELECT] Symbol switched: USDJPYm -> EURJPYm | AI watchlist candidate
[2026-05-07 20:46:00] [SCAN] Analyzing EURJPYm
[2026-05-07 20:46:01] Signal: {'time': Timestamp('2026-05-07 13:40:00'), 'symbol': 'EURJPYm', 'side': 'NO_TRADE', 'price': 184.039, 'reason': 'no Donchian breakout'}
[2026-05-07 20:46:01] [SKIP] EURJPYm NO_TRADE: no Donchian breakout
[2026-05-07 20:46:01] [WAIT] No order this round
[2026-05-07 20:47:01] [AI] Using cached scan from 2026-05-07 14:00:37 | symbols=GBPUSDm, EURUSDm, XAUUSDm, USDJPYm, EURJPYm
[2026-05-07 20:47:01] [WATCH] Watchlist: GBPUSDm, EURUSDm, XAUUSDm, USDJPYm, EURJPYm
[2026-05-07 20:47:01] [SELECT] Symbol switched: EURJPYm -> GBPUSDm | AI watchlist candidate
[2026-05-07 20:47:01] [SCAN] Analyzing GBPUSDm
[2026-05-07 20:47:02] [SKIP] GBPUSDm same candle 2026-05-07 13:40:00  skip
[2026-05-07 20:47:02] [SELECT] Symbol switched: GBPUSDm -> EURUSDm | AI watchlist candidate
[2026-05-07 20:47:02] [SCAN] Analyzing EURUSDm
[2026-05-07 20:47:03] [SKIP] EURUSDm same candle 2026-05-07 13:40:00  skip
[2026-05-07 20:47:03] [SELECT] Symbol switched: EURUSDm -> XAUUSDm | AI watchlist candidate
[2026-05-07 20:47:03] [SCAN] Analyzing XAUUSDm
[2026-05-07 20:47:03] [SKIP] XAUUSDm same candle 2026-05-07 13:40:00  skip
[2026-05-07 20:47:03] [SELECT] Symbol switched: XAUUSDm -> USDJPYm | AI watchlist candidate
[2026-05-07 20:47:03] [SCAN] Analyzing USDJPYm
[2026-05-07 20:47:04] [SKIP] USDJPYm same candle 2026-05-07 13:40:00  skip
[2026-05-07 20:47:04] [SELECT] Symbol switched: USDJPYm -> EURJPYm | AI watchlist candidate
[2026-05-07 20:47:04] [SCAN] Analyzing EURJPYm
[2026-05-07 20:47:05] [SKIP] EURJPYm same candle 2026-05-07 13:40:00  skip
[2026-05-07 20:47:05] [WAIT] No order this round
[2026-05-07 20:48:05] [AI] Using cached scan from 2026-05-07 14:00:37 | symbols=GBPUSDm, EURUSDm, XAUUSDm, USDJPYm, EURJPYm
[2026-05-07 20:48:05] [WATCH] Watchlist: GBPUSDm, EURUSDm, XAUUSDm, USDJPYm, EURJPYm
[2026-05-07 20:48:05] [SELECT] Symbol switched: EURJPYm -> GBPUSDm | AI watchlist candidate
[2026-05-07 20:48:05] [SCAN] Analyzing GBPUSDm
[2026-05-07 20:48:06] [SKIP] GBPUSDm same candle 2026-05-07 13:40:00  skip
[2026-05-07 20:48:06] [SELECT] Symbol switched: GBPUSDm -> EURUSDm | AI watchlist candidate
[2026-05-07 20:48:06] [SCAN] Analyzing EURUSDm
[2026-05-07 20:48:06] [SKIP] EURUSDm same candle 2026-05-07 13:40:00  skip
[2026-05-07 20:48:06] [SELECT] Symbol switched: EURUSDm -> XAUUSDm | AI watchlist candidate
[2026-05-07 20:48:06] [SCAN] Analyzing XAUUSDm
[2026-05-07 20:48:07] [SKIP] XAUUSDm same candle 2026-05-07 13:40:00  skip
[2026-05-07 20:48:07] [SELECT] Symbol switched: XAUUSDm -> USDJPYm | AI watchlist candidate
[2026-05-07 20:48:07] [SCAN] Analyzing USDJPYm
[2026-05-07 20:48:08] [SKIP] USDJPYm same candle 2026-05-07 13:40:00  skip
[2026-05-07 20:48:08] [SELECT] Symbol switched: USDJPYm -> EURJPYm | AI watchlist candidate
[2026-05-07 20:48:08] [SCAN] Analyzing EURJPYm
[2026-05-07 20:48:09] [SKIP] EURJPYm same candle 2026-05-07 13:40:00  skip
[2026-05-07 20:48:09] [WAIT] No order this round
[2026-05-07 20:49:09] [AI] Using cached scan from 2026-05-07 14:00:37 | symbols=GBPUSDm, EURUSDm, XAUUSDm, USDJPYm, EURJPYm
[2026-05-07 20:49:09] [WATCH] Watchlist: GBPUSDm, EURUSDm, XAUUSDm, USDJPYm, EURJPYm
[2026-05-07 20:49:09] [SELECT] Symbol switched: EURJPYm -> GBPUSDm | AI watchlist candidate
[2026-05-07 20:49:09] [SCAN] Analyzing GBPUSDm
[2026-05-07 20:49:09] [SKIP] GBPUSDm same candle 2026-05-07 13:40:00  skip
[2026-05-07 20:49:09] [SELECT] Symbol switched: GBPUSDm -> EURUSDm | AI watchlist candidate
[2026-05-07 20:49:09] [SCAN] Analyzing EURUSDm
[2026-05-07 20:49:10] [SKIP] EURUSDm same candle 2026-05-07 13:40:00  skip
[2026-05-07 20:49:10] [SELECT] Symbol switched: EURUSDm -> XAUUSDm | AI watchlist candidate
[2026-05-07 20:49:10] [SCAN] Analyzing XAUUSDm
[2026-05-07 20:49:11] [SKIP] XAUUSDm same candle 2026-05-07 13:40:00  skip
[2026-05-07 20:49:11] [SELECT] Symbol switched: XAUUSDm -> USDJPYm | AI watchlist candidate
[2026-05-07 20:49:11] [SCAN] Analyzing USDJPYm
[2026-05-07 20:49:11] [SKIP] USDJPYm same candle 2026-05-07 13:40:00  skip
[2026-05-07 20:49:11] [SELECT] Symbol switched: USDJPYm -> EURJPYm | AI watchlist candidate
[2026-05-07 20:49:11] [SCAN] Analyzing EURJPYm
[2026-05-07 20:49:12] [SKIP] EURJPYm same candle 2026-05-07 13:40:00  skip
[2026-05-07 20:49:12] [WAIT] No order this round
[2026-05-07 20:50:12] [AI] Using cached scan from 2026-05-07 14:00:37 | symbols=GBPUSDm, EURUSDm, XAUUSDm, USDJPYm, EURJPYm
[2026-05-07 20:50:12] [WATCH] Watchlist: GBPUSDm, EURUSDm, XAUUSDm, USDJPYm, EURJPYm
[2026-05-07 20:50:12] [SELECT] Symbol switched: EURJPYm -> GBPUSDm | AI watchlist candidate
[2026-05-07 20:50:12] [SCAN] Analyzing GBPUSDm
[2026-05-07 20:50:13] Signal: {'time': Timestamp('2026-05-07 13:45:00'), 'symbol': 'GBPUSDm', 'side': 'NO_TRADE', 'price': 1.36246, 'reason': 'no Donchian breakout'}
[2026-05-07 20:50:13] [SKIP] GBPUSDm NO_TRADE: no Donchian breakout
[2026-05-07 20:50:13] [SELECT] Symbol switched: GBPUSDm -> EURUSDm | AI watchlist candidate
[2026-05-07 20:50:13] [SCAN] Analyzing EURUSDm
[2026-05-07 20:50:14] Signal: {'time': Timestamp('2026-05-07 13:45:00'), 'symbol': 'EURUSDm', 'side': 'NO_TRADE', 'price': 1.17714, 'reason': 'no Donchian breakout'}
[2026-05-07 20:50:14] [SKIP] EURUSDm NO_TRADE: no Donchian breakout
[2026-05-07 20:50:14] [SELECT] Symbol switched: EURUSDm -> XAUUSDm | AI watchlist candidate
[2026-05-07 20:50:14] [SCAN] Analyzing XAUUSDm
[2026-05-07 20:50:15] Signal: {'time': Timestamp('2026-05-07 13:45:00'), 'symbol': 'XAUUSDm', 'side': 'NO_TRADE', 'price': 4742.562, 'reason': 'no Donchian breakout'}
[2026-05-07 20:50:15] [SKIP] XAUUSDm NO_TRADE: no Donchian breakout
[2026-05-07 20:50:15] [SELECT] Symbol switched: XAUUSDm -> USDJPYm | AI watchlist candidate
[2026-05-07 20:50:15] [SCAN] Analyzing USDJPYm
[2026-05-07 20:50:15] Signal: {'time': Timestamp('2026-05-07 13:45:00'), 'symbol': 'USDJPYm', 'side': 'NO_TRADE', 'price': 156.369, 'reason': 'no Donchian breakout'}
[2026-05-07 20:50:15] [SKIP] USDJPYm NO_TRADE: no Donchian breakout
[2026-05-07 20:50:15] [SELECT] Symbol switched: USDJPYm -> EURJPYm | AI watchlist candidate
[2026-05-07 20:50:15] [SCAN] Analyzing EURJPYm
[2026-05-07 20:50:16] Signal: {'time': Timestamp('2026-05-07 13:45:00'), 'symbol': 'EURJPYm', 'side': 'NO_TRADE', 'price': 184.072, 'reason': 'no Donchian breakout'}
[2026-05-07 20:50:16] [SKIP] EURJPYm NO_TRADE: no Donchian breakout
[2026-05-07 20:50:16] [WAIT] No order this round
[2026-05-07 20:51:16] [AI] Using cached scan from 2026-05-07 14:00:37 | symbols=GBPUSDm, EURUSDm, XAUUSDm, USDJPYm, EURJPYm
[2026-05-07 20:51:16] [WATCH] Watchlist: GBPUSDm, EURUSDm, XAUUSDm, USDJPYm, EURJPYm
[2026-05-07 20:51:16] [SELECT] Symbol switched: EURJPYm -> GBPUSDm | AI watchlist candidate
[2026-05-07 20:51:16] [SCAN] Analyzing GBPUSDm
[2026-05-07 20:51:17] [SKIP] GBPUSDm same candle 2026-05-07 13:45:00  skip
[2026-05-07 20:51:17] [SELECT] Symbol switched: GBPUSDm -> EURUSDm | AI watchlist candidate
[2026-05-07 20:51:17] [SCAN] Analyzing EURUSDm
[2026-05-07 20:51:18] [SKIP] EURUSDm same candle 2026-05-07 13:45:00  skip
[2026-05-07 20:51:18] [SELECT] Symbol switched: EURUSDm -> XAUUSDm | AI watchlist candidate
[2026-05-07 20:51:18] [SCAN] Analyzing XAUUSDm
[2026-05-07 20:51:18] [SKIP] XAUUSDm same candle 2026-05-07 13:45:00  skip
[2026-05-07 20:51:18] [SELECT] Symbol switched: XAUUSDm -> USDJPYm | AI watchlist candidate
[2026-05-07 20:51:18] [SCAN] Analyzing USDJPYm
[2026-05-07 20:51:19] [SKIP] USDJPYm same candle 2026-05-07 13:45:00  skip
[2026-05-07 20:51:19] [SELECT] Symbol switched: USDJPYm -> EURJPYm | AI watchlist candidate
[2026-05-07 20:51:19] [SCAN] Analyzing EURJPYm
[2026-05-07 20:51:20] [SKIP] EURJPYm same candle 2026-05-07 13:45:00  skip
[2026-05-07 20:51:20] [WAIT] No order this round
[2026-05-07 20:52:20] [AI] Using cached scan from 2026-05-07 14:00:37 | symbols=GBPUSDm, EURUSDm, XAUUSDm, USDJPYm, EURJPYm
[2026-05-07 20:52:20] [WATCH] Watchlist: GBPUSDm, EURUSDm, XAUUSDm, USDJPYm, EURJPYm
[2026-05-07 20:52:20] [SELECT] Symbol switched: EURJPYm -> GBPUSDm | AI watchlist candidate
[2026-05-07 20:52:20] [SCAN] Analyzing GBPUSDm
[2026-05-07 20:52:20] [SKIP] GBPUSDm same candle 2026-05-07 13:45:00  skip
[2026-05-07 20:52:20] [SELECT] Symbol switched: GBPUSDm -> EURUSDm | AI watchlist candidate
[2026-05-07 20:52:20] [SCAN] Analyzing EURUSDm
[2026-05-07 20:52:21] [SKIP] EURUSDm same candle 2026-05-07 13:45:00  skip
[2026-05-07 20:52:21] [SELECT] Symbol switched: EURUSDm -> XAUUSDm | AI watchlist candidate
[2026-05-07 20:52:21] [SCAN] Analyzing XAUUSDm
[2026-05-07 20:52:22] [SKIP] XAUUSDm same candle 2026-05-07 13:45:00  skip
[2026-05-07 20:52:22] [SELECT] Symbol switched: XAUUSDm -> USDJPYm | AI watchlist candidate
[2026-05-07 20:52:22] [SCAN] Analyzing USDJPYm
[2026-05-07 20:52:23] [SKIP] USDJPYm same candle 2026-05-07 13:45:00  skip
[2026-05-07 20:52:23] [SELECT] Symbol switched: USDJPYm -> EURJPYm | AI watchlist candidate
[2026-05-07 20:52:23] [SCAN] Analyzing EURJPYm
[2026-05-07 20:52:23] [SKIP] EURJPYm same candle 2026-05-07 13:45:00  skip
[2026-05-07 20:52:23] [WAIT] No order this round
[2026-05-07 20:53:23] [AI] Using cached scan from 2026-05-07 14:00:37 | symbols=GBPUSDm, EURUSDm, XAUUSDm, USDJPYm, EURJPYm
[2026-05-07 20:53:23] [WATCH] Watchlist: GBPUSDm, EURUSDm, XAUUSDm, USDJPYm, EURJPYm
[2026-05-07 20:53:23] [SELECT] Symbol switched: EURJPYm -> GBPUSDm | AI watchlist candidate
[2026-05-07 20:53:23] [SCAN] Analyzing GBPUSDm
[2026-05-07 20:53:24] [SKIP] GBPUSDm same candle 2026-05-07 13:45:00  skip
[2026-05-07 20:53:24] [SELECT] Symbol switched: GBPUSDm -> EURUSDm | AI watchlist candidate
[2026-05-07 20:53:24] [SCAN] Analyzing EURUSDm
[2026-05-07 20:53:25] [SKIP] EURUSDm same candle 2026-05-07 13:45:00  skip
[2026-05-07 20:53:25] [SELECT] Symbol switched: EURUSDm -> XAUUSDm | AI watchlist candidate
[2026-05-07 20:53:25] [SCAN] Analyzing XAUUSDm
[2026-05-07 20:53:26] [SKIP] XAUUSDm same candle 2026-05-07 13:45:00  skip
[2026-05-07 20:53:26] [SELECT] Symbol switched: XAUUSDm -> USDJPYm | AI watchlist candidate
[2026-05-07 20:53:26] [SCAN] Analyzing USDJPYm
[2026-05-07 20:53:26] [SKIP] USDJPYm same candle 2026-05-07 13:45:00  skip
[2026-05-07 20:53:26] [SELECT] Symbol switched: USDJPYm -> EURJPYm | AI watchlist candidate
[2026-05-07 20:53:26] [SCAN] Analyzing EURJPYm
[2026-05-07 20:53:27] [SKIP] EURJPYm same candle 2026-05-07 13:45:00  skip
[2026-05-07 20:53:27] [WAIT] No order this round
[2026-05-07 20:54:27] [AI] Using cached scan from 2026-05-07 14:00:37 | symbols=GBPUSDm, EURUSDm, XAUUSDm, USDJPYm, EURJPYm
[2026-05-07 20:54:27] [WATCH] Watchlist: GBPUSDm, EURUSDm, XAUUSDm, USDJPYm, EURJPYm
[2026-05-07 20:54:27] [SELECT] Symbol switched: EURJPYm -> GBPUSDm | AI watchlist candidate
[2026-05-07 20:54:27] [SCAN] Analyzing GBPUSDm
[2026-05-07 20:54:28] [SKIP] GBPUSDm same candle 2026-05-07 13:45:00  skip
[2026-05-07 20:54:28] [SELECT] Symbol switched: GBPUSDm -> EURUSDm | AI watchlist candidate
[2026-05-07 20:54:28] [SCAN] Analyzing EURUSDm
[2026-05-07 20:54:28] [SKIP] EURUSDm same candle 2026-05-07 13:45:00  skip
[2026-05-07 20:54:28] [SELECT] Symbol switched: EURUSDm -> XAUUSDm | AI watchlist candidate
[2026-05-07 20:54:28] [SCAN] Analyzing XAUUSDm
[2026-05-07 20:54:29] [SKIP] XAUUSDm same candle 2026-05-07 13:45:00  skip
[2026-05-07 20:54:29] [SELECT] Symbol switched: XAUUSDm -> USDJPYm | AI watchlist candidate
[2026-05-07 20:54:29] [SCAN] Analyzing USDJPYm
[2026-05-07 20:54:30] [SKIP] USDJPYm same candle 2026-05-07 13:45:00  skip
[2026-05-07 20:54:30] [SELECT] Symbol switched: USDJPYm -> EURJPYm | AI watchlist candidate
[2026-05-07 20:54:30] [SCAN] Analyzing EURJPYm
[2026-05-07 20:54:31] [SKIP] EURJPYm same candle 2026-05-07 13:45:00  skip
[2026-05-07 20:54:31] [WAIT] No order this round
[2026-05-07 20:55:31] [AI] Using cached scan from 2026-05-07 14:00:37 | symbols=GBPUSDm, EURUSDm, XAUUSDm, USDJPYm, EURJPYm
[2026-05-07 20:55:31] [WATCH] Watchlist: GBPUSDm, EURUSDm, XAUUSDm, USDJPYm, EURJPYm
[2026-05-07 20:55:31] [SELECT] Symbol switched: EURJPYm -> GBPUSDm | AI watchlist candidate
[2026-05-07 20:55:31] [SCAN] Analyzing GBPUSDm
[2026-05-07 20:55:31] Signal: {'time': Timestamp('2026-05-07 13:50:00'), 'symbol': 'GBPUSDm', 'side': 'NO_TRADE', 'price': 1.36168, 'reason': 'no Donchian breakout'}
[2026-05-07 20:55:31] [SKIP] GBPUSDm NO_TRADE: no Donchian breakout
[2026-05-07 20:55:31] [SELECT] Symbol switched: GBPUSDm -> EURUSDm | AI watchlist candidate
[2026-05-07 20:55:31] [SCAN] Analyzing EURUSDm
[2026-05-07 20:55:32] Signal: {'time': Timestamp('2026-05-07 13:50:00'), 'symbol': 'EURUSDm', 'side': 'NO_TRADE', 'price': 1.1767400000000001, 'reason': 'no Donchian breakout'}
[2026-05-07 20:55:32] [SKIP] EURUSDm NO_TRADE: no Donchian breakout
[2026-05-07 20:55:32] [SELECT] Symbol switched: EURUSDm -> XAUUSDm | AI watchlist candidate
[2026-05-07 20:55:32] [SCAN] Analyzing XAUUSDm
[2026-05-07 20:55:33] Signal: {'time': Timestamp('2026-05-07 13:50:00'), 'symbol': 'XAUUSDm', 'side': 'NO_TRADE', 'price': 4743.726, 'reason': 'no Donchian breakout'}
[2026-05-07 20:55:33] [SKIP] XAUUSDm NO_TRADE: no Donchian breakout
[2026-05-07 20:55:33] [SELECT] Symbol switched: XAUUSDm -> USDJPYm | AI watchlist candidate
[2026-05-07 20:55:33] [SCAN] Analyzing USDJPYm
[2026-05-07 20:55:34] Signal: {'time': Timestamp('2026-05-07 13:50:00'), 'symbol': 'USDJPYm', 'side': 'NO_TRADE', 'price': 156.363, 'reason': 'no Donchian breakout'}
[2026-05-07 20:55:34] [SKIP] USDJPYm NO_TRADE: no Donchian breakout
[2026-05-07 20:55:34] [SELECT] Symbol switched: USDJPYm -> EURJPYm | AI watchlist candidate
[2026-05-07 20:55:34] [SCAN] Analyzing EURJPYm
[2026-05-07 20:55:35] Signal: {'time': Timestamp('2026-05-07 13:50:00'), 'symbol': 'EURJPYm', 'side': 'NO_TRADE', 'price': 184.001, 'reason': 'no Donchian breakout'}
[2026-05-07 20:55:35] [SKIP] EURJPYm NO_TRADE: no Donchian breakout
[2026-05-07 20:55:35] [WAIT] No order this round
[2026-05-07 20:56:35] [AI] Using cached scan from 2026-05-07 14:00:37 | symbols=GBPUSDm, EURUSDm, XAUUSDm, USDJPYm, EURJPYm
[2026-05-07 20:56:35] [WATCH] Watchlist: GBPUSDm, EURUSDm, XAUUSDm, USDJPYm, EURJPYm
[2026-05-07 20:56:35] [SELECT] Symbol switched: EURJPYm -> GBPUSDm | AI watchlist candidate
[2026-05-07 20:56:35] [SCAN] Analyzing GBPUSDm
[2026-05-07 20:56:35] [SKIP] GBPUSDm same candle 2026-05-07 13:50:00  skip
[2026-05-07 20:56:35] [SELECT] Symbol switched: GBPUSDm -> EURUSDm | AI watchlist candidate
[2026-05-07 20:56:35] [SCAN] Analyzing EURUSDm
[2026-05-07 20:56:36] [SKIP] EURUSDm same candle 2026-05-07 13:50:00  skip
[2026-05-07 20:56:36] [SELECT] Symbol switched: EURUSDm -> XAUUSDm | AI watchlist candidate
[2026-05-07 20:56:36] [SCAN] Analyzing XAUUSDm
[2026-05-07 20:56:37] [SKIP] XAUUSDm same candle 2026-05-07 13:50:00  skip
[2026-05-07 20:56:37] [SELECT] Symbol switched: XAUUSDm -> USDJPYm | AI watchlist candidate
[2026-05-07 20:56:37] [SCAN] Analyzing USDJPYm
[2026-05-07 20:56:37] [SKIP] USDJPYm same candle 2026-05-07 13:50:00  skip
[2026-05-07 20:56:37] [SELECT] Symbol switched: USDJPYm -> EURJPYm | AI watchlist candidate
[2026-05-07 20:56:37] [SCAN] Analyzing EURJPYm
[2026-05-07 20:56:38] [SKIP] EURJPYm same candle 2026-05-07 13:50:00  skip
[2026-05-07 20:56:38] [WAIT] No order this round
[2026-05-07 20:57:38] [AI] Using cached scan from 2026-05-07 14:00:37 | symbols=GBPUSDm, EURUSDm, XAUUSDm, USDJPYm, EURJPYm
[2026-05-07 20:57:38] [WATCH] Watchlist: GBPUSDm, EURUSDm, XAUUSDm, USDJPYm, EURJPYm
[2026-05-07 20:57:38] [SELECT] Symbol switched: EURJPYm -> GBPUSDm | AI watchlist candidate
[2026-05-07 20:57:38] [SCAN] Analyzing GBPUSDm
[2026-05-07 20:57:39] [SKIP] GBPUSDm same candle 2026-05-07 13:50:00  skip
[2026-05-07 20:57:39] [SELECT] Symbol switched: GBPUSDm -> EURUSDm | AI watchlist candidate
[2026-05-07 20:57:39] [SCAN] Analyzing EURUSDm
[2026-05-07 20:57:40] [SKIP] EURUSDm same candle 2026-05-07 13:50:00  skip
[2026-05-07 20:57:40] [SELECT] Symbol switched: EURUSDm -> XAUUSDm | AI watchlist candidate
[2026-05-07 20:57:40] [SCAN] Analyzing XAUUSDm
[2026-05-07 20:57:40] [SKIP] XAUUSDm same candle 2026-05-07 13:50:00  skip
[2026-05-07 20:57:40] [SELECT] Symbol switched: XAUUSDm -> USDJPYm | AI watchlist candidate
[2026-05-07 20:57:40] [SCAN] Analyzing USDJPYm
[2026-05-07 20:57:41] [SKIP] USDJPYm same candle 2026-05-07 13:50:00  skip
[2026-05-07 20:57:41] [SELECT] Symbol switched: USDJPYm -> EURJPYm | AI watchlist candidate
[2026-05-07 20:57:41] [SCAN] Analyzing EURJPYm
[2026-05-07 20:57:42] [SKIP] EURJPYm same candle 2026-05-07 13:50:00  skip
[2026-05-07 20:57:42] [WAIT] No order this round
[2026-05-07 20:58:42] [AI] Using cached scan from 2026-05-07 14:00:37 | symbols=GBPUSDm, EURUSDm, XAUUSDm, USDJPYm, EURJPYm
[2026-05-07 20:58:42] [WATCH] Watchlist: GBPUSDm, EURUSDm, XAUUSDm, USDJPYm, EURJPYm
[2026-05-07 20:58:42] [SELECT] Symbol switched: EURJPYm -> GBPUSDm | AI watchlist candidate
[2026-05-07 20:58:42] [SCAN] Analyzing GBPUSDm
[2026-05-07 20:58:42] [SKIP] GBPUSDm same candle 2026-05-07 13:50:00  skip
[2026-05-07 20:58:42] [SELECT] Symbol switched: GBPUSDm -> EURUSDm | AI watchlist candidate
[2026-05-07 20:58:42] [SCAN] Analyzing EURUSDm
[2026-05-07 20:58:43] [SKIP] EURUSDm same candle 2026-05-07 13:50:00  skip
[2026-05-07 20:58:43] [SELECT] Symbol switched: EURUSDm -> XAUUSDm | AI watchlist candidate
[2026-05-07 20:58:43] [SCAN] Analyzing XAUUSDm
[2026-05-07 20:58:44] [SKIP] XAUUSDm same candle 2026-05-07 13:50:00  skip
[2026-05-07 20:58:44] [SELECT] Symbol switched: XAUUSDm -> USDJPYm | AI watchlist candidate
[2026-05-07 20:58:44] [SCAN] Analyzing USDJPYm
[2026-05-07 20:58:45] [SKIP] USDJPYm same candle 2026-05-07 13:50:00  skip
[2026-05-07 20:58:45] [SELECT] Symbol switched: USDJPYm -> EURJPYm | AI watchlist candidate
[2026-05-07 20:58:45] [SCAN] Analyzing EURJPYm
[2026-05-07 20:58:45] [SKIP] EURJPYm same candle 2026-05-07 13:50:00  skip
[2026-05-07 20:58:45] [WAIT] No order this round
[2026-05-07 20:59:45] [AI] Using cached scan from 2026-05-07 14:00:37 | symbols=GBPUSDm, EURUSDm, XAUUSDm, USDJPYm, EURJPYm
[2026-05-07 20:59:45] [WATCH] Watchlist: GBPUSDm, EURUSDm, XAUUSDm, USDJPYm, EURJPYm
[2026-05-07 20:59:45] [SELECT] Symbol switched: EURJPYm -> GBPUSDm | AI watchlist candidate
[2026-05-07 20:59:45] [SCAN] Analyzing GBPUSDm
[2026-05-07 20:59:46] [SKIP] GBPUSDm same candle 2026-05-07 13:50:00  skip
[2026-05-07 20:59:46] [SELECT] Symbol switched: GBPUSDm -> EURUSDm | AI watchlist candidate
[2026-05-07 20:59:46] [SCAN] Analyzing EURUSDm
[2026-05-07 20:59:47] [SKIP] EURUSDm same candle 2026-05-07 13:50:00  skip
[2026-05-07 20:59:47] [SELECT] Symbol switched: EURUSDm -> XAUUSDm | AI watchlist candidate
[2026-05-07 20:59:47] [SCAN] Analyzing XAUUSDm
[2026-05-07 20:59:48] [SKIP] XAUUSDm same candle 2026-05-07 13:50:00  skip
[2026-05-07 20:59:48] [SELECT] Symbol switched: XAUUSDm -> USDJPYm | AI watchlist candidate
[2026-05-07 20:59:48] [SCAN] Analyzing USDJPYm
[2026-05-07 20:59:48] [SKIP] USDJPYm same candle 2026-05-07 13:50:00  skip
[2026-05-07 20:59:48] [SELECT] Symbol switched: USDJPYm -> EURJPYm | AI watchlist candidate
[2026-05-07 20:59:48] [SCAN] Analyzing EURJPYm
[2026-05-07 20:59:49] [SKIP] EURJPYm same candle 2026-05-07 13:50:00  skip
[2026-05-07 20:59:49] [WAIT] No order this round
[2026-05-07 21:00:49] [AI] Using cached scan from 2026-05-07 14:00:37 | symbols=GBPUSDm, EURUSDm, XAUUSDm, USDJPYm, EURJPYm
[2026-05-07 21:00:49] [STATS] Hourly rejections (of 1976 attempts): {'no_donchian_breakout': '1776(90%)', 'adx_not_rising': '124(6%)', 'side_blocked': '39(2%)', 'trend_not_aligned': '28(1%)', 'volume_low': '10(1%)', 'adx_too_low': '9(0%)', 'adx_too_high': '5(0%)'}
[2026-05-07 21:00:49] [WATCH] Watchlist: GBPUSDm, EURUSDm, XAUUSDm, USDJPYm, EURJPYm
[2026-05-07 21:00:49] [SELECT] Symbol switched: EURJPYm -> GBPUSDm | AI watchlist candidate
[2026-05-07 21:00:49] [SCAN] Analyzing GBPUSDm
[2026-05-07 21:00:50] Signal: {'time': Timestamp('2026-05-07 13:55:00'), 'symbol': 'GBPUSDm', 'side': 'NO_TRADE', 'price': 1.36185, 'reason': 'no Donchian breakout'}
[2026-05-07 21:00:50] [SKIP] GBPUSDm NO_TRADE: no Donchian breakout
[2026-05-07 21:00:50] [SELECT] Symbol switched: GBPUSDm -> EURUSDm | AI watchlist candidate
[2026-05-07 21:00:50] [SCAN] Analyzing EURUSDm
[2026-05-07 21:00:51] Signal: {'time': Timestamp('2026-05-07 13:55:00'), 'symbol': 'EURUSDm', 'side': 'NO_TRADE', 'price': 1.17683, 'reason': 'no Donchian breakout'}
[2026-05-07 21:00:51] [SKIP] EURUSDm NO_TRADE: no Donchian breakout
[2026-05-07 21:00:51] [SELECT] Symbol switched: EURUSDm -> XAUUSDm | AI watchlist candidate
[2026-05-07 21:00:51] [SCAN] Analyzing XAUUSDm
[2026-05-07 21:00:51] Signal: {'time': Timestamp('2026-05-07 13:55:00'), 'symbol': 'XAUUSDm', 'side': 'NO_TRADE', 'price': 4746.118, 'reason': 'no Donchian breakout'}
[2026-05-07 21:00:51] [SKIP] XAUUSDm NO_TRADE: no Donchian breakout
[2026-05-07 21:00:51] [SELECT] Symbol switched: XAUUSDm -> USDJPYm | AI watchlist candidate
[2026-05-07 21:00:51] [SCAN] Analyzing USDJPYm
[2026-05-07 21:00:52] Signal: {'time': Timestamp('2026-05-07 13:55:00'), 'symbol': 'USDJPYm', 'side': 'NO_TRADE', 'price': 156.338, 'reason': 'no Donchian breakout'}
[2026-05-07 21:00:52] [SKIP] USDJPYm NO_TRADE: no Donchian breakout
[2026-05-07 21:00:52] [SELECT] Symbol switched: USDJPYm -> EURJPYm | AI watchlist candidate
[2026-05-07 21:00:52] [SCAN] Analyzing EURJPYm
[2026-05-07 21:00:53] Signal: {'time': Timestamp('2026-05-07 13:55:00'), 'symbol': 'EURJPYm', 'side': 'NO_TRADE', 'price': 183.987, 'reason': 'no Donchian breakout'}
[2026-05-07 21:00:53] [SKIP] EURJPYm NO_TRADE: no Donchian breakout
[2026-05-07 21:00:53] [WAIT] No order this round
[2026-05-07 21:01:53] [AI] Using cached scan from 2026-05-07 14:00:37 | symbols=GBPUSDm, EURUSDm, XAUUSDm, USDJPYm, EURJPYm
[2026-05-07 21:01:53] [WATCH] Watchlist: GBPUSDm, EURUSDm, XAUUSDm, USDJPYm, EURJPYm
[2026-05-07 21:01:53] [SELECT] Symbol switched: EURJPYm -> GBPUSDm | AI watchlist candidate
[2026-05-07 21:01:53] [SCAN] Analyzing GBPUSDm
[2026-05-07 21:01:54] [SKIP] GBPUSDm same candle 2026-05-07 13:55:00  skip
[2026-05-07 21:01:54] [SELECT] Symbol switched: GBPUSDm -> EURUSDm | AI watchlist candidate
[2026-05-07 21:01:54] [SCAN] Analyzing EURUSDm
[2026-05-07 21:01:54] [SKIP] EURUSDm same candle 2026-05-07 13:55:00  skip
[2026-05-07 21:01:54] [SELECT] Symbol switched: EURUSDm -> XAUUSDm | AI watchlist candidate
[2026-05-07 21:01:54] [SCAN] Analyzing XAUUSDm
[2026-05-07 21:01:55] [SKIP] XAUUSDm same candle 2026-05-07 13:55:00  skip
[2026-05-07 21:01:55] [SELECT] Symbol switched: XAUUSDm -> USDJPYm | AI watchlist candidate
[2026-05-07 21:01:55] [SCAN] Analyzing USDJPYm
[2026-05-07 21:01:56] [SKIP] USDJPYm same candle 2026-05-07 13:55:00  skip
[2026-05-07 21:01:56] [SELECT] Symbol switched: USDJPYm -> EURJPYm | AI watchlist candidate
[2026-05-07 21:01:56] [SCAN] Analyzing EURJPYm
[2026-05-07 21:01:57] [SKIP] EURJPYm same candle 2026-05-07 13:55:00  skip
[2026-05-07 21:01:57] [WAIT] No order this round
[2026-05-07 21:02:57] [AI] Using cached scan from 2026-05-07 14:00:37 | symbols=GBPUSDm, EURUSDm, XAUUSDm, USDJPYm, EURJPYm
[2026-05-07 21:02:57] [WATCH] Watchlist: GBPUSDm, EURUSDm, XAUUSDm, USDJPYm, EURJPYm
[2026-05-07 21:02:57] [SELECT] Symbol switched: EURJPYm -> GBPUSDm | AI watchlist candidate
[2026-05-07 21:02:57] [SCAN] Analyzing GBPUSDm
[2026-05-07 21:02:57] [SKIP] GBPUSDm same candle 2026-05-07 13:55:00  skip
[2026-05-07 21:02:57] [SELECT] Symbol switched: GBPUSDm -> EURUSDm | AI watchlist candidate
[2026-05-07 21:02:57] [SCAN] Analyzing EURUSDm
[2026-05-07 21:02:58] [SKIP] EURUSDm same candle 2026-05-07 13:55:00  skip
[2026-05-07 21:02:58] [SELECT] Symbol switched: EURUSDm -> XAUUSDm | AI watchlist candidate
[2026-05-07 21:02:58] [SCAN] Analyzing XAUUSDm
[2026-05-07 21:02:59] [SKIP] XAUUSDm same candle 2026-05-07 13:55:00  skip
[2026-05-07 21:02:59] [SELECT] Symbol switched: XAUUSDm -> USDJPYm | AI watchlist candidate
[2026-05-07 21:02:59] [SCAN] Analyzing USDJPYm
[2026-05-07 21:02:59] [SKIP] USDJPYm same candle 2026-05-07 13:55:00  skip
[2026-05-07 21:02:59] [SELECT] Symbol switched: USDJPYm -> EURJPYm | AI watchlist candidate
[2026-05-07 21:02:59] [SCAN] Analyzing EURJPYm
[2026-05-07 21:03:00] [SKIP] EURJPYm same candle 2026-05-07 13:55:00  skip
[2026-05-07 21:03:00] [WAIT] No order this round
[2026-05-07 21:04:00] [AI] Using cached scan from 2026-05-07 14:00:37 | symbols=GBPUSDm, EURUSDm, XAUUSDm, USDJPYm, EURJPYm
[2026-05-07 21:04:00] [WATCH] Watchlist: GBPUSDm, EURUSDm, XAUUSDm, USDJPYm, EURJPYm
[2026-05-07 21:04:00] [SELECT] Symbol switched: EURJPYm -> GBPUSDm | AI watchlist candidate
[2026-05-07 21:04:00] [SCAN] Analyzing GBPUSDm
[2026-05-07 21:04:01] [SKIP] GBPUSDm same candle 2026-05-07 13:55:00  skip
[2026-05-07 21:04:01] [SELECT] Symbol switched: GBPUSDm -> EURUSDm | AI watchlist candidate
[2026-05-07 21:04:01] [SCAN] Analyzing EURUSDm
[2026-05-07 21:04:02] [SKIP] EURUSDm same candle 2026-05-07 13:55:00  skip
[2026-05-07 21:04:02] [SELECT] Symbol switched: EURUSDm -> XAUUSDm | AI watchlist candidate
[2026-05-07 21:04:02] [SCAN] Analyzing XAUUSDm
[2026-05-07 21:04:02] [SKIP] XAUUSDm same candle 2026-05-07 13:55:00  skip
[2026-05-07 21:04:02] [SELECT] Symbol switched: XAUUSDm -> USDJPYm | AI watchlist candidate
[2026-05-07 21:04:02] [SCAN] Analyzing USDJPYm
[2026-05-07 21:04:03] [SKIP] USDJPYm same candle 2026-05-07 13:55:00  skip
[2026-05-07 21:04:03] [SELECT] Symbol switched: USDJPYm -> EURJPYm | AI watchlist candidate
[2026-05-07 21:04:03] [SCAN] Analyzing EURJPYm
[2026-05-07 21:04:04] [SKIP] EURJPYm same candle 2026-05-07 13:55:00  skip
[2026-05-07 21:04:04] [WAIT] No order this round
[2026-05-07 21:05:04] [AI] Using cached scan from 2026-05-07 14:00:37 | symbols=GBPUSDm, EURUSDm, XAUUSDm, USDJPYm, EURJPYm
[2026-05-07 21:05:04] [WATCH] Watchlist: GBPUSDm, EURUSDm, XAUUSDm, USDJPYm, EURJPYm
[2026-05-07 21:05:04] [SELECT] Symbol switched: EURJPYm -> GBPUSDm | AI watchlist candidate
[2026-05-07 21:05:04] [SCAN] Analyzing GBPUSDm
[2026-05-07 21:05:05] Signal: {'time': Timestamp('2026-05-07 14:00:00'), 'symbol': 'GBPUSDm', 'side': 'NO_TRADE', 'price': 1.36152, 'reason': 'no Donchian breakout'}
[2026-05-07 21:05:05] [SKIP] GBPUSDm NO_TRADE: no Donchian breakout
[2026-05-07 21:05:05] [SELECT] Symbol switched: GBPUSDm -> EURUSDm | AI watchlist candidate
[2026-05-07 21:05:05] [SCAN] Analyzing EURUSDm
[2026-05-07 21:05:05] Signal: {'time': Timestamp('2026-05-07 14:00:00'), 'symbol': 'EURUSDm', 'side': 'NO_TRADE', 'price': 1.17654, 'reason': 'M15 ADX too low 8.93 < 18.0'}
[2026-05-07 21:05:05] [SKIP] EURUSDm NO_TRADE: M15 ADX too low 8.93 < 18.0
[2026-05-07 21:05:05] [SELECT] Symbol switched: EURUSDm -> XAUUSDm | AI watchlist candidate
[2026-05-07 21:05:05] [SCAN] Analyzing XAUUSDm
[2026-05-07 21:05:06] Signal: {'time': Timestamp('2026-05-07 14:00:00'), 'symbol': 'XAUUSDm', 'side': 'NO_TRADE', 'price': 4745.812, 'reason': 'no Donchian breakout'}
[2026-05-07 21:05:06] [SKIP] XAUUSDm NO_TRADE: no Donchian breakout
[2026-05-07 21:05:06] [SELECT] Symbol switched: XAUUSDm -> USDJPYm | AI watchlist candidate
[2026-05-07 21:05:06] [SCAN] Analyzing USDJPYm
[2026-05-07 21:05:07] Signal: {'time': Timestamp('2026-05-07 14:00:00'), 'symbol': 'USDJPYm', 'side': 'NO_TRADE', 'price': 156.37, 'reason': 'no Donchian breakout'}
[2026-05-07 21:05:07] [SKIP] USDJPYm NO_TRADE: no Donchian breakout
[2026-05-07 21:05:07] [SELECT] Symbol switched: USDJPYm -> EURJPYm | AI watchlist candidate
[2026-05-07 21:05:07] [SCAN] Analyzing EURJPYm
[2026-05-07 21:05:08] Signal: {'time': Timestamp('2026-05-07 14:00:00'), 'symbol': 'EURJPYm', 'side': 'NO_TRADE', 'price': 183.979, 'reason': 'no Donchian breakout'}
[2026-05-07 21:05:08] [SKIP] EURJPYm NO_TRADE: no Donchian breakout
[2026-05-07 21:05:08] [WAIT] No order this round
[2026-05-07 21:06:08] [AI] Using cached scan from 2026-05-07 14:00:37 | symbols=GBPUSDm, EURUSDm, XAUUSDm, USDJPYm, EURJPYm
[2026-05-07 21:06:08] [WATCH] Watchlist: GBPUSDm, EURUSDm, XAUUSDm, USDJPYm, EURJPYm
[2026-05-07 21:06:08] [SELECT] Symbol switched: EURJPYm -> GBPUSDm | AI watchlist candidate
[2026-05-07 21:06:08] [SCAN] Analyzing GBPUSDm
[2026-05-07 21:06:08] [SKIP] GBPUSDm same candle 2026-05-07 14:00:00  skip
[2026-05-07 21:06:08] [SELECT] Symbol switched: GBPUSDm -> EURUSDm | AI watchlist candidate
[2026-05-07 21:06:08] [SCAN] Analyzing EURUSDm
[2026-05-07 21:06:09] [SKIP] EURUSDm same candle 2026-05-07 14:00:00  skip
[2026-05-07 21:06:09] [SELECT] Symbol switched: EURUSDm -> XAUUSDm | AI watchlist candidate
[2026-05-07 21:06:09] [SCAN] Analyzing XAUUSDm
[2026-05-07 21:06:10] [SKIP] XAUUSDm same candle 2026-05-07 14:00:00  skip
[2026-05-07 21:06:10] [SELECT] Symbol switched: XAUUSDm -> USDJPYm | AI watchlist candidate
[2026-05-07 21:06:10] [SCAN] Analyzing USDJPYm
[2026-05-07 21:06:10] [SKIP] USDJPYm same candle 2026-05-07 14:00:00  skip
[2026-05-07 21:06:10] [SELECT] Symbol switched: USDJPYm -> EURJPYm | AI watchlist candidate
[2026-05-07 21:06:10] [SCAN] Analyzing EURJPYm
[2026-05-07 21:06:11] [SKIP] EURJPYm same candle 2026-05-07 14:00:00  skip
[2026-05-07 21:06:11] [WAIT] No order this round
[2026-05-07 21:07:11] [AI] Using cached scan from 2026-05-07 14:00:37 | symbols=GBPUSDm, EURUSDm, XAUUSDm, USDJPYm, EURJPYm
[2026-05-07 21:07:11] [WATCH] Watchlist: GBPUSDm, EURUSDm, XAUUSDm, USDJPYm, EURJPYm
[2026-05-07 21:07:11] [SELECT] Symbol switched: EURJPYm -> GBPUSDm | AI watchlist candidate
[2026-05-07 21:07:11] [SCAN] Analyzing GBPUSDm
[2026-05-07 21:07:12] [SKIP] GBPUSDm same candle 2026-05-07 14:00:00  skip
[2026-05-07 21:07:12] [SELECT] Symbol switched: GBPUSDm -> EURUSDm | AI watchlist candidate
[2026-05-07 21:07:12] [SCAN] Analyzing EURUSDm
[2026-05-07 21:07:13] [SKIP] EURUSDm same candle 2026-05-07 14:00:00  skip
[2026-05-07 21:07:13] [SELECT] Symbol switched: EURUSDm -> XAUUSDm | AI watchlist candidate
[2026-05-07 21:07:13] [SCAN] Analyzing XAUUSDm
[2026-05-07 21:07:13] [SKIP] XAUUSDm same candle 2026-05-07 14:00:00  skip
[2026-05-07 21:07:13] [SELECT] Symbol switched: XAUUSDm -> USDJPYm | AI watchlist candidate
[2026-05-07 21:07:13] [SCAN] Analyzing USDJPYm
[2026-05-07 21:07:14] [SKIP] USDJPYm same candle 2026-05-07 14:00:00  skip
[2026-05-07 21:07:14] [SELECT] Symbol switched: USDJPYm -> EURJPYm | AI watchlist candidate
[2026-05-07 21:07:14] [SCAN] Analyzing EURJPYm
[2026-05-07 21:07:15] [SKIP] EURJPYm same candle 2026-05-07 14:00:00  skip
[2026-05-07 21:07:15] [WAIT] No order this round
[2026-05-07 21:08:15] [AI] Using cached scan from 2026-05-07 14:00:37 | symbols=GBPUSDm, EURUSDm, XAUUSDm, USDJPYm, EURJPYm
[2026-05-07 21:08:15] [WATCH] Watchlist: GBPUSDm, EURUSDm, XAUUSDm, USDJPYm, EURJPYm
[2026-05-07 21:08:15] [SELECT] Symbol switched: EURJPYm -> GBPUSDm | AI watchlist candidate
[2026-05-07 21:08:15] [SCAN] Analyzing GBPUSDm
[2026-05-07 21:08:15] [SKIP] GBPUSDm same candle 2026-05-07 14:00:00  skip
[2026-05-07 21:08:15] [SELECT] Symbol switched: GBPUSDm -> EURUSDm | AI watchlist candidate
[2026-05-07 21:08:15] [SCAN] Analyzing EURUSDm
[2026-05-07 21:08:16] [SKIP] EURUSDm same candle 2026-05-07 14:00:00  skip
[2026-05-07 21:08:16] [SELECT] Symbol switched: EURUSDm -> XAUUSDm | AI watchlist candidate
[2026-05-07 21:08:16] [SCAN] Analyzing XAUUSDm
[2026-05-07 21:08:17] [SKIP] XAUUSDm same candle 2026-05-07 14:00:00  skip
[2026-05-07 21:08:17] [SELECT] Symbol switched: XAUUSDm -> USDJPYm | AI watchlist candidate
[2026-05-07 21:08:17] [SCAN] Analyzing USDJPYm
[2026-05-07 21:08:18] [SKIP] USDJPYm same candle 2026-05-07 14:00:00  skip
[2026-05-07 21:08:18] [SELECT] Symbol switched: USDJPYm -> EURJPYm | AI watchlist candidate
[2026-05-07 21:08:18] [SCAN] Analyzing EURJPYm
[2026-05-07 21:08:18] [SKIP] EURJPYm same candle 2026-05-07 14:00:00  skip
[2026-05-07 21:08:18] [WAIT] No order this round
[2026-05-07 21:09:18] [AI] Using cached scan from 2026-05-07 14:00:37 | symbols=GBPUSDm, EURUSDm, XAUUSDm, USDJPYm, EURJPYm
[2026-05-07 21:09:18] [WATCH] Watchlist: GBPUSDm, EURUSDm, XAUUSDm, USDJPYm, EURJPYm
[2026-05-07 21:09:18] [SELECT] Symbol switched: EURJPYm -> GBPUSDm | AI watchlist candidate
[2026-05-07 21:09:18] [SCAN] Analyzing GBPUSDm
[2026-05-07 21:09:19] [SKIP] GBPUSDm same candle 2026-05-07 14:00:00  skip
[2026-05-07 21:09:19] [SELECT] Symbol switched: GBPUSDm -> EURUSDm | AI watchlist candidate
[2026-05-07 21:09:19] [SCAN] Analyzing EURUSDm
[2026-05-07 21:09:20] [SKIP] EURUSDm same candle 2026-05-07 14:00:00  skip
[2026-05-07 21:09:20] [SELECT] Symbol switched: EURUSDm -> XAUUSDm | AI watchlist candidate
[2026-05-07 21:09:20] [SCAN] Analyzing XAUUSDm
[2026-05-07 21:09:21] [SKIP] XAUUSDm same candle 2026-05-07 14:00:00  skip
[2026-05-07 21:09:21] [SELECT] Symbol switched: XAUUSDm -> USDJPYm | AI watchlist candidate
[2026-05-07 21:09:21] [SCAN] Analyzing USDJPYm
[2026-05-07 21:09:21] [SKIP] USDJPYm same candle 2026-05-07 14:00:00  skip
[2026-05-07 21:09:21] [SELECT] Symbol switched: USDJPYm -> EURJPYm | AI watchlist candidate
[2026-05-07 21:09:21] [SCAN] Analyzing EURJPYm
[2026-05-07 21:09:22] [SKIP] EURJPYm same candle 2026-05-07 14:00:00  skip
[2026-05-07 21:09:22] [WAIT] No order this round
[2026-05-07 21:10:22] [AI] Using cached scan from 2026-05-07 14:00:37 | symbols=GBPUSDm, EURUSDm, XAUUSDm, USDJPYm, EURJPYm
[2026-05-07 21:10:22] [WATCH] Watchlist: GBPUSDm, EURUSDm, XAUUSDm, USDJPYm, EURJPYm
[2026-05-07 21:10:22] [SELECT] Symbol switched: EURJPYm -> GBPUSDm | AI watchlist candidate
[2026-05-07 21:10:22] [SCAN] Analyzing GBPUSDm
[2026-05-07 21:10:23] Signal: {'time': Timestamp('2026-05-07 14:05:00'), 'symbol': 'GBPUSDm', 'side': 'NO_TRADE', 'price': 1.36169, 'reason': 'no Donchian breakout'}
[2026-05-07 21:10:23] [SKIP] GBPUSDm NO_TRADE: no Donchian breakout
[2026-05-07 21:10:23] [SELECT] Symbol switched: GBPUSDm -> EURUSDm | AI watchlist candidate
[2026-05-07 21:10:23] [SCAN] Analyzing EURUSDm
[2026-05-07 21:10:24] Signal: {'time': Timestamp('2026-05-07 14:05:00'), 'symbol': 'EURUSDm', 'side': 'NO_TRADE', 'price': 1.17665, 'reason': 'no Donchian breakout'}
[2026-05-07 21:10:24] [SKIP] EURUSDm NO_TRADE: no Donchian breakout
[2026-05-07 21:10:24] [SELECT] Symbol switched: EURUSDm -> XAUUSDm | AI watchlist candidate
[2026-05-07 21:10:24] [SCAN] Analyzing XAUUSDm
[2026-05-07 21:10:24] Signal: {'time': Timestamp('2026-05-07 14:05:00'), 'symbol': 'XAUUSDm', 'side': 'NO_TRADE', 'price': 4747.75, 'reason': 'no Donchian breakout'}
[2026-05-07 21:10:24] [SKIP] XAUUSDm NO_TRADE: no Donchian breakout
[2026-05-07 21:10:24] [SELECT] Symbol switched: XAUUSDm -> USDJPYm | AI watchlist candidate
[2026-05-07 21:10:24] [SCAN] Analyzing USDJPYm
[2026-05-07 21:10:25] Signal: {'time': Timestamp('2026-05-07 14:05:00'), 'symbol': 'USDJPYm', 'side': 'NO_TRADE', 'price': 156.364, 'reason': 'no Donchian breakout'}
[2026-05-07 21:10:25] [SKIP] USDJPYm NO_TRADE: no Donchian breakout
[2026-05-07 21:10:25] [SELECT] Symbol switched: USDJPYm -> EURJPYm | AI watchlist candidate
[2026-05-07 21:10:25] [SCAN] Analyzing EURJPYm
[2026-05-07 21:10:26] Signal: {'time': Timestamp('2026-05-07 14:05:00'), 'symbol': 'EURJPYm', 'side': 'NO_TRADE', 'price': 183.99, 'reason': 'no Donchian breakout'}
[2026-05-07 21:10:26] [SKIP] EURJPYm NO_TRADE: no Donchian breakout
[2026-05-07 21:10:26] [WAIT] No order this round
[2026-05-07 21:11:26] [AI] Using cached scan from 2026-05-07 14:00:37 | symbols=GBPUSDm, EURUSDm, XAUUSDm, USDJPYm, EURJPYm
[2026-05-07 21:11:26] [WATCH] Watchlist: GBPUSDm, EURUSDm, XAUUSDm, USDJPYm, EURJPYm
[2026-05-07 21:11:26] [SELECT] Symbol switched: EURJPYm -> GBPUSDm | AI watchlist candidate
[2026-05-07 21:11:26] [SCAN] Analyzing GBPUSDm
[2026-05-07 21:11:27] [SKIP] GBPUSDm same candle 2026-05-07 14:05:00  skip
[2026-05-07 21:11:27] [SELECT] Symbol switched: GBPUSDm -> EURUSDm | AI watchlist candidate
[2026-05-07 21:11:27] [SCAN] Analyzing EURUSDm
[2026-05-07 21:11:27] [SKIP] EURUSDm same candle 2026-05-07 14:05:00  skip
[2026-05-07 21:11:27] [SELECT] Symbol switched: EURUSDm -> XAUUSDm | AI watchlist candidate
[2026-05-07 21:11:27] [SCAN] Analyzing XAUUSDm
[2026-05-07 21:11:28] [SKIP] XAUUSDm same candle 2026-05-07 14:05:00  skip
[2026-05-07 21:11:28] [SELECT] Symbol switched: XAUUSDm -> USDJPYm | AI watchlist candidate
[2026-05-07 21:11:28] [SCAN] Analyzing USDJPYm
[2026-05-07 21:11:29] [SKIP] USDJPYm same candle 2026-05-07 14:05:00  skip
[2026-05-07 21:11:29] [SELECT] Symbol switched: USDJPYm -> EURJPYm | AI watchlist candidate
[2026-05-07 21:11:29] [SCAN] Analyzing EURJPYm
[2026-05-07 21:11:29] [SKIP] EURJPYm same candle 2026-05-07 14:05:00  skip
[2026-05-07 21:11:29] [WAIT] No order this round
[2026-05-07 21:12:29] [AI] Using cached scan from 2026-05-07 14:00:37 | symbols=GBPUSDm, EURUSDm, XAUUSDm, USDJPYm, EURJPYm
[2026-05-07 21:12:29] [WATCH] Watchlist: GBPUSDm, EURUSDm, XAUUSDm, USDJPYm, EURJPYm
[2026-05-07 21:12:29] [SELECT] Symbol switched: EURJPYm -> GBPUSDm | AI watchlist candidate
[2026-05-07 21:12:29] [SCAN] Analyzing GBPUSDm
[2026-05-07 21:12:30] [SKIP] GBPUSDm same candle 2026-05-07 14:05:00  skip
[2026-05-07 21:12:30] [SELECT] Symbol switched: GBPUSDm -> EURUSDm | AI watchlist candidate
[2026-05-07 21:12:30] [SCAN] Analyzing EURUSDm
[2026-05-07 21:12:31] [SKIP] EURUSDm same candle 2026-05-07 14:05:00  skip
[2026-05-07 21:12:31] [SELECT] Symbol switched: EURUSDm -> XAUUSDm | AI watchlist candidate
[2026-05-07 21:12:31] [SCAN] Analyzing XAUUSDm
[2026-05-07 21:12:32] [SKIP] XAUUSDm same candle 2026-05-07 14:05:00  skip
[2026-05-07 21:12:32] [SELECT] Symbol switched: XAUUSDm -> USDJPYm | AI watchlist candidate
[2026-05-07 21:12:32] [SCAN] Analyzing USDJPYm
[2026-05-07 21:12:32] [SKIP] USDJPYm same candle 2026-05-07 14:05:00  skip
[2026-05-07 21:12:32] [SELECT] Symbol switched: USDJPYm -> EURJPYm | AI watchlist candidate
[2026-05-07 21:12:32] [SCAN] Analyzing EURJPYm
[2026-05-07 21:12:33] [SKIP] EURJPYm same candle 2026-05-07 14:05:00  skip
[2026-05-07 21:12:33] [WAIT] No order this round
[2026-05-07 21:13:33] [AI] Using cached scan from 2026-05-07 14:00:37 | symbols=GBPUSDm, EURUSDm, XAUUSDm, USDJPYm, EURJPYm
[2026-05-07 21:13:33] [WATCH] Watchlist: GBPUSDm, EURUSDm, XAUUSDm, USDJPYm, EURJPYm
[2026-05-07 21:13:33] [SELECT] Symbol switched: EURJPYm -> GBPUSDm | AI watchlist candidate
[2026-05-07 21:13:33] [SCAN] Analyzing GBPUSDm
[2026-05-07 21:13:34] [SKIP] GBPUSDm same candle 2026-05-07 14:05:00  skip
[2026-05-07 21:13:34] [SELECT] Symbol switched: GBPUSDm -> EURUSDm | AI watchlist candidate
[2026-05-07 21:13:34] [SCAN] Analyzing EURUSDm
[2026-05-07 21:13:35] [SKIP] EURUSDm same candle 2026-05-07 14:05:00  skip
[2026-05-07 21:13:35] [SELECT] Symbol switched: EURUSDm -> XAUUSDm | AI watchlist candidate
[2026-05-07 21:13:35] [SCAN] Analyzing XAUUSDm
[2026-05-07 21:13:35] [SKIP] XAUUSDm same candle 2026-05-07 14:05:00  skip
[2026-05-07 21:13:35] [SELECT] Symbol switched: XAUUSDm -> USDJPYm | AI watchlist candidate
[2026-05-07 21:13:35] [SCAN] Analyzing USDJPYm
[2026-05-07 21:13:36] [SKIP] USDJPYm same candle 2026-05-07 14:05:00  skip
[2026-05-07 21:13:36] [SELECT] Symbol switched: USDJPYm -> EURJPYm | AI watchlist candidate
[2026-05-07 21:13:36] [SCAN] Analyzing EURJPYm
[2026-05-07 21:13:37] [SKIP] EURJPYm same candle 2026-05-07 14:05:00  skip
[2026-05-07 21:13:37] [WAIT] No order this round
[2026-05-07 21:14:37] [AI] Using cached scan from 2026-05-07 14:00:37 | symbols=GBPUSDm, EURUSDm, XAUUSDm, USDJPYm, EURJPYm
[2026-05-07 21:14:37] [WATCH] Watchlist: GBPUSDm, EURUSDm, XAUUSDm, USDJPYm, EURJPYm
[2026-05-07 21:14:37] [SELECT] Symbol switched: EURJPYm -> GBPUSDm | AI watchlist candidate
[2026-05-07 21:14:37] [SCAN] Analyzing GBPUSDm
[2026-05-07 21:14:37] [SKIP] GBPUSDm same candle 2026-05-07 14:05:00  skip
[2026-05-07 21:14:37] [SELECT] Symbol switched: GBPUSDm -> EURUSDm | AI watchlist candidate
[2026-05-07 21:14:37] [SCAN] Analyzing EURUSDm
[2026-05-07 21:14:38] [SKIP] EURUSDm same candle 2026-05-07 14:05:00  skip
[2026-05-07 21:14:38] [SELECT] Symbol switched: EURUSDm -> XAUUSDm | AI watchlist candidate
[2026-05-07 21:14:38] [SCAN] Analyzing XAUUSDm
[2026-05-07 21:14:39] [SKIP] XAUUSDm same candle 2026-05-07 14:05:00  skip
[2026-05-07 21:14:39] [SELECT] Symbol switched: XAUUSDm -> USDJPYm | AI watchlist candidate
[2026-05-07 21:14:39] [SCAN] Analyzing USDJPYm
[2026-05-07 21:14:40] [SKIP] USDJPYm same candle 2026-05-07 14:05:00  skip
[2026-05-07 21:14:40] [SELECT] Symbol switched: USDJPYm -> EURJPYm | AI watchlist candidate
[2026-05-07 21:14:40] [SCAN] Analyzing EURJPYm
[2026-05-07 21:14:40] [SKIP] EURJPYm same candle 2026-05-07 14:05:00  skip
[2026-05-07 21:14:40] [WAIT] No order this round
[2026-05-07 21:15:40] [AI] Using cached scan from 2026-05-07 14:00:37 | symbols=GBPUSDm, EURUSDm, XAUUSDm, USDJPYm, EURJPYm
[2026-05-07 21:15:40] [WATCH] Watchlist: GBPUSDm, EURUSDm, XAUUSDm, USDJPYm, EURJPYm
[2026-05-07 21:15:40] [SELECT] Symbol switched: EURJPYm -> GBPUSDm | AI watchlist candidate
[2026-05-07 21:15:40] [SCAN] Analyzing GBPUSDm
[2026-05-07 21:15:41] Signal: {'time': Timestamp('2026-05-07 14:10:00'), 'symbol': 'GBPUSDm', 'side': 'NO_TRADE', 'price': 1.36216, 'reason': 'no Donchian breakout'}
[2026-05-07 21:15:41] [SKIP] GBPUSDm NO_TRADE: no Donchian breakout
[2026-05-07 21:15:41] [SELECT] Symbol switched: GBPUSDm -> EURUSDm | AI watchlist candidate
[2026-05-07 21:15:41] [SCAN] Analyzing EURUSDm
[2026-05-07 21:15:42] Signal: {'time': Timestamp('2026-05-07 14:10:00'), 'symbol': 'EURUSDm', 'side': 'NO_TRADE', 'price': 1.17686, 'reason': 'no Donchian breakout'}
[2026-05-07 21:15:42] [SKIP] EURUSDm NO_TRADE: no Donchian breakout
[2026-05-07 21:15:42] [SELECT] Symbol switched: EURUSDm -> XAUUSDm | AI watchlist candidate
[2026-05-07 21:15:42] [SCAN] Analyzing XAUUSDm
[2026-05-07 21:15:43] Signal: {'time': Timestamp('2026-05-07 14:10:00'), 'symbol': 'XAUUSDm', 'side': 'NO_TRADE', 'price': 4752.004, 'reason': 'no Donchian breakout'}
[2026-05-07 21:15:43] [SKIP] XAUUSDm NO_TRADE: no Donchian breakout
[2026-05-07 21:15:43] [SELECT] Symbol switched: XAUUSDm -> USDJPYm | AI watchlist candidate
[2026-05-07 21:15:43] [SCAN] Analyzing USDJPYm
[2026-05-07 21:15:43] Signal: {'time': Timestamp('2026-05-07 14:10:00'), 'symbol': 'USDJPYm', 'side': 'NO_TRADE', 'price': 156.349, 'reason': 'no Donchian breakout'}
[2026-05-07 21:15:43] [SKIP] USDJPYm NO_TRADE: no Donchian breakout
[2026-05-07 21:15:43] [SELECT] Symbol switched: USDJPYm -> EURJPYm | AI watchlist candidate
[2026-05-07 21:15:43] [SCAN] Analyzing EURJPYm
[2026-05-07 21:15:44] Signal: {'time': Timestamp('2026-05-07 14:10:00'), 'symbol': 'EURJPYm', 'side': 'NO_TRADE', 'price': 184.007, 'reason': 'no Donchian breakout'}
[2026-05-07 21:15:44] [SKIP] EURJPYm NO_TRADE: no Donchian breakout
[2026-05-07 21:15:44] [WAIT] No order this round
[2026-05-07 21:16:44] [AI] Using cached scan from 2026-05-07 14:00:37 | symbols=GBPUSDm, EURUSDm, XAUUSDm, USDJPYm, EURJPYm
[2026-05-07 21:16:44] [WATCH] Watchlist: GBPUSDm, EURUSDm, XAUUSDm, USDJPYm, EURJPYm
[2026-05-07 21:16:44] [SELECT] Symbol switched: EURJPYm -> GBPUSDm | AI watchlist candidate
[2026-05-07 21:16:44] [SCAN] Analyzing GBPUSDm
[2026-05-07 21:16:45] [SKIP] GBPUSDm same candle 2026-05-07 14:10:00  skip
[2026-05-07 21:16:45] [SELECT] Symbol switched: GBPUSDm -> EURUSDm | AI watchlist candidate
[2026-05-07 21:16:45] [SCAN] Analyzing EURUSDm
[2026-05-07 21:16:46] [SKIP] EURUSDm same candle 2026-05-07 14:10:00  skip
[2026-05-07 21:16:46] [SELECT] Symbol switched: EURUSDm -> XAUUSDm | AI watchlist candidate
[2026-05-07 21:16:46] [SCAN] Analyzing XAUUSDm
[2026-05-07 21:16:46] [SKIP] XAUUSDm same candle 2026-05-07 14:10:00  skip
[2026-05-07 21:16:46] [SELECT] Symbol switched: XAUUSDm -> USDJPYm | AI watchlist candidate
[2026-05-07 21:16:46] [SCAN] Analyzing USDJPYm
[2026-05-07 21:16:47] [SKIP] USDJPYm same candle 2026-05-07 14:10:00  skip
[2026-05-07 21:16:47] [SELECT] Symbol switched: USDJPYm -> EURJPYm | AI watchlist candidate
[2026-05-07 21:16:47] [SCAN] Analyzing EURJPYm
[2026-05-07 21:16:48] [SKIP] EURJPYm same candle 2026-05-07 14:10:00  skip
[2026-05-07 21:16:48] [WAIT] No order this round
[2026-05-07 21:17:48] [AI] Using cached scan from 2026-05-07 14:00:37 | symbols=GBPUSDm, EURUSDm, XAUUSDm, USDJPYm, EURJPYm
[2026-05-07 21:17:48] [WATCH] Watchlist: GBPUSDm, EURUSDm, XAUUSDm, USDJPYm, EURJPYm
[2026-05-07 21:17:48] [SELECT] Symbol switched: EURJPYm -> GBPUSDm | AI watchlist candidate
[2026-05-07 21:17:48] [SCAN] Analyzing GBPUSDm
[2026-05-07 21:17:49] [SKIP] GBPUSDm same candle 2026-05-07 14:10:00  skip
[2026-05-07 21:17:49] [SELECT] Symbol switched: GBPUSDm -> EURUSDm | AI watchlist candidate
[2026-05-07 21:17:49] [SCAN] Analyzing EURUSDm
[2026-05-07 21:17:49] [SKIP] EURUSDm same candle 2026-05-07 14:10:00  skip
[2026-05-07 21:17:49] [SELECT] Symbol switched: EURUSDm -> XAUUSDm | AI watchlist candidate
[2026-05-07 21:17:49] [SCAN] Analyzing XAUUSDm
[2026-05-07 21:17:50] [SKIP] XAUUSDm same candle 2026-05-07 14:10:00  skip
[2026-05-07 21:17:50] [SELECT] Symbol switched: XAUUSDm -> USDJPYm | AI watchlist candidate
[2026-05-07 21:17:50] [SCAN] Analyzing USDJPYm
[2026-05-07 21:17:51] [SKIP] USDJPYm same candle 2026-05-07 14:10:00  skip
[2026-05-07 21:17:51] [SELECT] Symbol switched: USDJPYm -> EURJPYm | AI watchlist candidate
[2026-05-07 21:17:51] [SCAN] Analyzing EURJPYm
[2026-05-07 21:17:51] [SKIP] EURJPYm same candle 2026-05-07 14:10:00  skip
[2026-05-07 21:17:51] [WAIT] No order this round
[2026-05-07 21:18:51] [AI] Using cached scan from 2026-05-07 14:00:37 | symbols=GBPUSDm, EURUSDm, XAUUSDm, USDJPYm, EURJPYm
[2026-05-07 21:18:51] [WATCH] Watchlist: GBPUSDm, EURUSDm, XAUUSDm, USDJPYm, EURJPYm
[2026-05-07 21:18:51] [SELECT] Symbol switched: EURJPYm -> GBPUSDm | AI watchlist candidate
[2026-05-07 21:18:51] [SCAN] Analyzing GBPUSDm
[2026-05-07 21:18:52] [SKIP] GBPUSDm same candle 2026-05-07 14:10:00  skip
[2026-05-07 21:18:52] [SELECT] Symbol switched: GBPUSDm -> EURUSDm | AI watchlist candidate
[2026-05-07 21:18:52] [SCAN] Analyzing EURUSDm
[2026-05-07 21:18:53] [SKIP] EURUSDm same candle 2026-05-07 14:10:00  skip
[2026-05-07 21:18:53] [SELECT] Symbol switched: EURUSDm -> XAUUSDm | AI watchlist candidate
[2026-05-07 21:18:53] [SCAN] Analyzing XAUUSDm
[2026-05-07 21:18:54] [SKIP] XAUUSDm same candle 2026-05-07 14:10:00  skip
[2026-05-07 21:18:54] [SELECT] Symbol switched: XAUUSDm -> USDJPYm | AI watchlist candidate
[2026-05-07 21:18:54] [SCAN] Analyzing USDJPYm
[2026-05-07 21:18:54] [SKIP] USDJPYm same candle 2026-05-07 14:10:00  skip
[2026-05-07 21:18:54] [SELECT] Symbol switched: USDJPYm -> EURJPYm | AI watchlist candidate
[2026-05-07 21:18:54] [SCAN] Analyzing EURJPYm
[2026-05-07 21:18:55] [SKIP] EURJPYm same candle 2026-05-07 14:10:00  skip
[2026-05-07 21:18:55] [WAIT] No order this round
[2026-05-07 21:19:55] [AI] Using cached scan from 2026-05-07 14:00:37 | symbols=GBPUSDm, EURUSDm, XAUUSDm, USDJPYm, EURJPYm
[2026-05-07 21:19:55] [WATCH] Watchlist: GBPUSDm, EURUSDm, XAUUSDm, USDJPYm, EURJPYm
[2026-05-07 21:19:55] [SELECT] Symbol switched: EURJPYm -> GBPUSDm | AI watchlist candidate
[2026-05-07 21:19:55] [SCAN] Analyzing GBPUSDm
[2026-05-07 21:19:56] [SKIP] GBPUSDm same candle 2026-05-07 14:10:00  skip
[2026-05-07 21:19:56] [SELECT] Symbol switched: GBPUSDm -> EURUSDm | AI watchlist candidate
[2026-05-07 21:19:56] [SCAN] Analyzing EURUSDm
[2026-05-07 21:19:56] [SKIP] EURUSDm same candle 2026-05-07 14:10:00  skip
[2026-05-07 21:19:56] [SELECT] Symbol switched: EURUSDm -> XAUUSDm | AI watchlist candidate
[2026-05-07 21:19:56] [SCAN] Analyzing XAUUSDm
[2026-05-07 21:19:57] [SKIP] XAUUSDm same candle 2026-05-07 14:10:00  skip
[2026-05-07 21:19:57] [SELECT] Symbol switched: XAUUSDm -> USDJPYm | AI watchlist candidate
[2026-05-07 21:19:57] [SCAN] Analyzing USDJPYm
[2026-05-07 21:19:58] [SKIP] USDJPYm same candle 2026-05-07 14:10:00  skip
[2026-05-07 21:19:58] [SELECT] Symbol switched: USDJPYm -> EURJPYm | AI watchlist candidate
[2026-05-07 21:19:58] [SCAN] Analyzing EURJPYm
[2026-05-07 21:19:59] [SKIP] EURJPYm same candle 2026-05-07 14:10:00  skip
[2026-05-07 21:19:59] [WAIT] No order this round
[2026-05-07 21:20:59] [AI] Using cached scan from 2026-05-07 14:00:37 | symbols=GBPUSDm, EURUSDm, XAUUSDm, USDJPYm, EURJPYm
[2026-05-07 21:20:59] [WATCH] Watchlist: GBPUSDm, EURUSDm, XAUUSDm, USDJPYm, EURJPYm
[2026-05-07 21:20:59] [SELECT] Symbol switched: EURJPYm -> GBPUSDm | AI watchlist candidate
[2026-05-07 21:20:59] [SCAN] Analyzing GBPUSDm
[2026-05-07 21:20:59] Signal: {'time': Timestamp('2026-05-07 14:15:00'), 'symbol': 'GBPUSDm', 'side': 'NO_TRADE', 'price': 1.36193, 'reason': 'no Donchian breakout'}
[2026-05-07 21:20:59] [SKIP] GBPUSDm NO_TRADE: no Donchian breakout
[2026-05-07 21:20:59] [SELECT] Symbol switched: GBPUSDm -> EURUSDm | AI watchlist candidate
[2026-05-07 21:20:59] [SCAN] Analyzing EURUSDm
[2026-05-07 21:21:00] Signal: {'time': Timestamp('2026-05-07 14:15:00'), 'symbol': 'EURUSDm', 'side': 'NO_TRADE', 'price': 1.17696, 'reason': 'no Donchian breakout'}
[2026-05-07 21:21:00] [SKIP] EURUSDm NO_TRADE: no Donchian breakout
[2026-05-07 21:21:00] [SELECT] Symbol switched: EURUSDm -> XAUUSDm | AI watchlist candidate
[2026-05-07 21:21:00] [SCAN] Analyzing XAUUSDm
[2026-05-07 21:21:01] Signal: {'time': Timestamp('2026-05-07 14:15:00'), 'symbol': 'XAUUSDm', 'side': 'NO_TRADE', 'price': 4750.925, 'reason': 'no Donchian breakout'}
[2026-05-07 21:21:01] [SKIP] XAUUSDm NO_TRADE: no Donchian breakout
[2026-05-07 21:21:01] [SELECT] Symbol switched: XAUUSDm -> USDJPYm | AI watchlist candidate
[2026-05-07 21:21:01] [SCAN] Analyzing USDJPYm
[2026-05-07 21:21:02] Signal: {'time': Timestamp('2026-05-07 14:15:00'), 'symbol': 'USDJPYm', 'side': 'NO_TRADE', 'price': 156.37, 'reason': 'no Donchian breakout'}
[2026-05-07 21:21:02] [SKIP] USDJPYm NO_TRADE: no Donchian breakout
[2026-05-07 21:21:02] [SELECT] Symbol switched: USDJPYm -> EURJPYm | AI watchlist candidate
[2026-05-07 21:21:02] [SCAN] Analyzing EURJPYm
[2026-05-07 21:21:03] Signal: {'time': Timestamp('2026-05-07 14:15:00'), 'symbol': 'EURJPYm', 'side': 'NO_TRADE', 'price': 184.044, 'reason': 'no Donchian breakout'}
[2026-05-07 21:21:03] [SKIP] EURJPYm NO_TRADE: no Donchian breakout
[2026-05-07 21:21:03] [WAIT] No order this round
[2026-05-07 21:22:03] [AI] Using cached scan from 2026-05-07 14:00:37 | symbols=GBPUSDm, EURUSDm, XAUUSDm, USDJPYm, EURJPYm
[2026-05-07 21:22:03] [WATCH] Watchlist: GBPUSDm, EURUSDm, XAUUSDm, USDJPYm, EURJPYm
[2026-05-07 21:22:03] [SELECT] Symbol switched: EURJPYm -> GBPUSDm | AI watchlist candidate
[2026-05-07 21:22:03] [SCAN] Analyzing GBPUSDm
[2026-05-07 21:22:03] [SKIP] GBPUSDm same candle 2026-05-07 14:15:00  skip
[2026-05-07 21:22:03] [SELECT] Symbol switched: GBPUSDm -> EURUSDm | AI watchlist candidate
[2026-05-07 21:22:03] [SCAN] Analyzing EURUSDm
[2026-05-07 21:22:04] [SKIP] EURUSDm same candle 2026-05-07 14:15:00  skip
[2026-05-07 21:22:04] [SELECT] Symbol switched: EURUSDm -> XAUUSDm | AI watchlist candidate
[2026-05-07 21:22:04] [SCAN] Analyzing XAUUSDm
[2026-05-07 21:22:05] [SKIP] XAUUSDm same candle 2026-05-07 14:15:00  skip
[2026-05-07 21:22:05] [SELECT] Symbol switched: XAUUSDm -> USDJPYm | AI watchlist candidate
[2026-05-07 21:22:05] [SCAN] Analyzing USDJPYm
[2026-05-07 21:22:05] [SKIP] USDJPYm same candle 2026-05-07 14:15:00  skip
[2026-05-07 21:22:05] [SELECT] Symbol switched: USDJPYm -> EURJPYm | AI watchlist candidate
[2026-05-07 21:22:05] [SCAN] Analyzing EURJPYm
[2026-05-07 21:22:06] [SKIP] EURJPYm same candle 2026-05-07 14:15:00  skip
[2026-05-07 21:22:06] [WAIT] No order this round
[2026-05-07 21:23:06] [AI] Using cached scan from 2026-05-07 14:00:37 | symbols=GBPUSDm, EURUSDm, XAUUSDm, USDJPYm, EURJPYm
[2026-05-07 21:23:06] [WATCH] Watchlist: GBPUSDm, EURUSDm, XAUUSDm, USDJPYm, EURJPYm
[2026-05-07 21:23:06] [SELECT] Symbol switched: EURJPYm -> GBPUSDm | AI watchlist candidate
[2026-05-07 21:23:06] [SCAN] Analyzing GBPUSDm
[2026-05-07 21:23:07] [SKIP] GBPUSDm same candle 2026-05-07 14:15:00  skip
[2026-05-07 21:23:07] [SELECT] Symbol switched: GBPUSDm -> EURUSDm | AI watchlist candidate
[2026-05-07 21:23:07] [SCAN] Analyzing EURUSDm
[2026-05-07 21:23:08] [SKIP] EURUSDm same candle 2026-05-07 14:15:00  skip
[2026-05-07 21:23:08] [SELECT] Symbol switched: EURUSDm -> XAUUSDm | AI watchlist candidate
[2026-05-07 21:23:08] [SCAN] Analyzing XAUUSDm
[2026-05-07 21:23:08] [SKIP] XAUUSDm same candle 2026-05-07 14:15:00  skip
[2026-05-07 21:23:08] [SELECT] Symbol switched: XAUUSDm -> USDJPYm | AI watchlist candidate
[2026-05-07 21:23:08] [SCAN] Analyzing USDJPYm
[2026-05-07 21:23:09] [SKIP] USDJPYm same candle 2026-05-07 14:15:00  skip
[2026-05-07 21:23:09] [SELECT] Symbol switched: USDJPYm -> EURJPYm | AI watchlist candidate
[2026-05-07 21:23:09] [SCAN] Analyzing EURJPYm
[2026-05-07 21:23:10] [SKIP] EURJPYm same candle 2026-05-07 14:15:00  skip
[2026-05-07 21:23:10] [WAIT] No order this round
[2026-05-07 21:24:10] [AI] Using cached scan from 2026-05-07 14:00:37 | symbols=GBPUSDm, EURUSDm, XAUUSDm, USDJPYm, EURJPYm
[2026-05-07 21:24:10] [WATCH] Watchlist: GBPUSDm, EURUSDm, XAUUSDm, USDJPYm, EURJPYm
[2026-05-07 21:24:10] [SELECT] Symbol switched: EURJPYm -> GBPUSDm | AI watchlist candidate
[2026-05-07 21:24:10] [SCAN] Analyzing GBPUSDm
[2026-05-07 21:24:11] [SKIP] GBPUSDm same candle 2026-05-07 14:15:00  skip
[2026-05-07 21:24:11] [SELECT] Symbol switched: GBPUSDm -> EURUSDm | AI watchlist candidate
[2026-05-07 21:24:11] [SCAN] Analyzing EURUSDm
[2026-05-07 21:24:11] [SKIP] EURUSDm same candle 2026-05-07 14:15:00  skip
[2026-05-07 21:24:11] [SELECT] Symbol switched: EURUSDm -> XAUUSDm | AI watchlist candidate
[2026-05-07 21:24:11] [SCAN] Analyzing XAUUSDm
[2026-05-07 21:24:12] [SKIP] XAUUSDm same candle 2026-05-07 14:15:00  skip
[2026-05-07 21:24:12] [SELECT] Symbol switched: XAUUSDm -> USDJPYm | AI watchlist candidate
[2026-05-07 21:24:12] [SCAN] Analyzing USDJPYm
[2026-05-07 21:24:13] [SKIP] USDJPYm same candle 2026-05-07 14:15:00  skip
[2026-05-07 21:24:13] [SELECT] Symbol switched: USDJPYm -> EURJPYm | AI watchlist candidate
[2026-05-07 21:24:13] [SCAN] Analyzing EURJPYm
[2026-05-07 21:24:13] [SKIP] EURJPYm same candle 2026-05-07 14:15:00  skip
[2026-05-07 21:24:13] [WAIT] No order this round
[2026-05-07 21:25:13] [AI] Using cached scan from 2026-05-07 14:00:37 | symbols=GBPUSDm, EURUSDm, XAUUSDm, USDJPYm, EURJPYm
[2026-05-07 21:25:13] [WATCH] Watchlist: GBPUSDm, EURUSDm, XAUUSDm, USDJPYm, EURJPYm
[2026-05-07 21:25:13] [SELECT] Symbol switched: EURJPYm -> GBPUSDm | AI watchlist candidate
[2026-05-07 21:25:13] [SCAN] Analyzing GBPUSDm
[2026-05-07 21:25:14] Signal: {'time': Timestamp('2026-05-07 14:20:00'), 'symbol': 'GBPUSDm', 'side': 'NO_TRADE', 'price': 1.36197, 'reason': 'no Donchian breakout'}
[2026-05-07 21:25:14] [SKIP] GBPUSDm NO_TRADE: no Donchian breakout
[2026-05-07 21:25:14] [SELECT] Symbol switched: GBPUSDm -> EURUSDm | AI watchlist candidate
[2026-05-07 21:25:14] [SCAN] Analyzing EURUSDm
[2026-05-07 21:25:15] Signal: {'time': Timestamp('2026-05-07 14:20:00'), 'symbol': 'EURUSDm', 'side': 'NO_TRADE', 'price': 1.17717, 'reason': 'no Donchian breakout'}
[2026-05-07 21:25:15] [SKIP] EURUSDm NO_TRADE: no Donchian breakout
[2026-05-07 21:25:15] [SELECT] Symbol switched: EURUSDm -> XAUUSDm | AI watchlist candidate
[2026-05-07 21:25:15] [SCAN] Analyzing XAUUSDm
[2026-05-07 21:25:16] Signal: {'time': Timestamp('2026-05-07 14:20:00'), 'symbol': 'XAUUSDm', 'side': 'NO_TRADE', 'price': 4757.052, 'reason': 'no Donchian breakout'}
[2026-05-07 21:25:16] [SKIP] XAUUSDm NO_TRADE: no Donchian breakout
[2026-05-07 21:25:16] [SELECT] Symbol switched: XAUUSDm -> USDJPYm | AI watchlist candidate
[2026-05-07 21:25:16] [SCAN] Analyzing USDJPYm
[2026-05-07 21:25:17] Signal: {'time': Timestamp('2026-05-07 14:20:00'), 'symbol': 'USDJPYm', 'side': 'NO_TRADE', 'price': 156.349, 'reason': 'no Donchian breakout'}
[2026-05-07 21:25:17] [SKIP] USDJPYm NO_TRADE: no Donchian breakout
[2026-05-07 21:25:17] [SELECT] Symbol switched: USDJPYm -> EURJPYm | AI watchlist candidate
[2026-05-07 21:25:17] [SCAN] Analyzing EURJPYm
[2026-05-07 21:25:17] Signal: {'time': Timestamp('2026-05-07 14:20:00'), 'symbol': 'EURJPYm', 'side': 'NO_TRADE', 'price': 184.049, 'reason': 'no Donchian breakout'}
[2026-05-07 21:25:17] [SKIP] EURJPYm NO_TRADE: no Donchian breakout
[2026-05-07 21:25:17] [WAIT] No order this round
[2026-05-07 21:26:17] [AI] Using cached scan from 2026-05-07 14:00:37 | symbols=GBPUSDm, EURUSDm, XAUUSDm, USDJPYm, EURJPYm
[2026-05-07 21:26:17] [WATCH] Watchlist: GBPUSDm, EURUSDm, XAUUSDm, USDJPYm, EURJPYm
[2026-05-07 21:26:17] [SELECT] Symbol switched: EURJPYm -> GBPUSDm | AI watchlist candidate
[2026-05-07 21:26:17] [SCAN] Analyzing GBPUSDm
[2026-05-07 21:26:18] [SKIP] GBPUSDm same candle 2026-05-07 14:20:00  skip
[2026-05-07 21:26:18] [SELECT] Symbol switched: GBPUSDm -> EURUSDm | AI watchlist candidate
[2026-05-07 21:26:18] [SCAN] Analyzing EURUSDm
[2026-05-07 21:26:19] [SKIP] EURUSDm same candle 2026-05-07 14:20:00  skip
[2026-05-07 21:26:19] [SELECT] Symbol switched: EURUSDm -> XAUUSDm | AI watchlist candidate
[2026-05-07 21:26:19] [SCAN] Analyzing XAUUSDm
[2026-05-07 21:26:20] [SKIP] XAUUSDm same candle 2026-05-07 14:20:00  skip
[2026-05-07 21:26:20] [SELECT] Symbol switched: XAUUSDm -> USDJPYm | AI watchlist candidate
[2026-05-07 21:26:20] [SCAN] Analyzing USDJPYm
[2026-05-07 21:26:20] [SKIP] USDJPYm same candle 2026-05-07 14:20:00  skip
[2026-05-07 21:26:20] [SELECT] Symbol switched: USDJPYm -> EURJPYm | AI watchlist candidate
[2026-05-07 21:26:20] [SCAN] Analyzing EURJPYm
[2026-05-07 21:26:21] [SKIP] EURJPYm same candle 2026-05-07 14:20:00  skip
[2026-05-07 21:26:21] [WAIT] No order this round
[2026-05-07 21:27:21] [AI] Using cached scan from 2026-05-07 14:00:37 | symbols=GBPUSDm, EURUSDm, XAUUSDm, USDJPYm, EURJPYm
[2026-05-07 21:27:21] [WATCH] Watchlist: GBPUSDm, EURUSDm, XAUUSDm, USDJPYm, EURJPYm
[2026-05-07 21:27:21] [SELECT] Symbol switched: EURJPYm -> GBPUSDm | AI watchlist candidate
[2026-05-07 21:27:21] [SCAN] Analyzing GBPUSDm
[2026-05-07 21:27:22] [SKIP] GBPUSDm same candle 2026-05-07 14:20:00  skip
[2026-05-07 21:27:22] [SELECT] Symbol switched: GBPUSDm -> EURUSDm | AI watchlist candidate
[2026-05-07 21:27:22] [SCAN] Analyzing EURUSDm
[2026-05-07 21:27:22] [SKIP] EURUSDm same candle 2026-05-07 14:20:00  skip
[2026-05-07 21:27:22] [SELECT] Symbol switched: EURUSDm -> XAUUSDm | AI watchlist candidate
[2026-05-07 21:27:22] [SCAN] Analyzing XAUUSDm
[2026-05-07 21:27:23] [SKIP] XAUUSDm same candle 2026-05-07 14:20:00  skip
[2026-05-07 21:27:23] [SELECT] Symbol switched: XAUUSDm -> USDJPYm | AI watchlist candidate
[2026-05-07 21:27:23] [SCAN] Analyzing USDJPYm
[2026-05-07 21:27:24] [SKIP] USDJPYm same candle 2026-05-07 14:20:00  skip
[2026-05-07 21:27:24] [SELECT] Symbol switched: USDJPYm -> EURJPYm | AI watchlist candidate
[2026-05-07 21:27:24] [SCAN] Analyzing EURJPYm
[2026-05-07 21:27:25] [SKIP] EURJPYm same candle 2026-05-07 14:20:00  skip
[2026-05-07 21:27:25] [WAIT] No order this round
[2026-05-07 21:28:25] [AI] Using cached scan from 2026-05-07 14:00:37 | symbols=GBPUSDm, EURUSDm, XAUUSDm, USDJPYm, EURJPYm
[2026-05-07 21:28:25] [WATCH] Watchlist: GBPUSDm, EURUSDm, XAUUSDm, USDJPYm, EURJPYm
[2026-05-07 21:28:25] [SELECT] Symbol switched: EURJPYm -> GBPUSDm | AI watchlist candidate
[2026-05-07 21:28:25] [SCAN] Analyzing GBPUSDm
[2026-05-07 21:28:25] [SKIP] GBPUSDm same candle 2026-05-07 14:20:00  skip
[2026-05-07 21:28:25] [SELECT] Symbol switched: GBPUSDm -> EURUSDm | AI watchlist candidate
[2026-05-07 21:28:25] [SCAN] Analyzing EURUSDm
[2026-05-07 21:28:26] [SKIP] EURUSDm same candle 2026-05-07 14:20:00  skip
[2026-05-07 21:28:26] [SELECT] Symbol switched: EURUSDm -> XAUUSDm | AI watchlist candidate
[2026-05-07 21:28:26] [SCAN] Analyzing XAUUSDm
[2026-05-07 21:28:27] [SKIP] XAUUSDm same candle 2026-05-07 14:20:00  skip
[2026-05-07 21:28:27] [SELECT] Symbol switched: XAUUSDm -> USDJPYm | AI watchlist candidate
[2026-05-07 21:28:27] [SCAN] Analyzing USDJPYm
[2026-05-07 21:28:27] [SKIP] USDJPYm same candle 2026-05-07 14:20:00  skip
[2026-05-07 21:28:27] [SELECT] Symbol switched: USDJPYm -> EURJPYm | AI watchlist candidate
[2026-05-07 21:28:27] [SCAN] Analyzing EURJPYm
[2026-05-07 21:28:28] [SKIP] EURJPYm same candle 2026-05-07 14:20:00  skip
[2026-05-07 21:28:28] [WAIT] No order this round
[2026-05-07 21:29:28] [AI] Using cached scan from 2026-05-07 14:00:37 | symbols=GBPUSDm, EURUSDm, XAUUSDm, USDJPYm, EURJPYm
[2026-05-07 21:29:28] [WATCH] Watchlist: GBPUSDm, EURUSDm, XAUUSDm, USDJPYm, EURJPYm
[2026-05-07 21:29:28] [SELECT] Symbol switched: EURJPYm -> GBPUSDm | AI watchlist candidate
[2026-05-07 21:29:28] [SCAN] Analyzing GBPUSDm
[2026-05-07 21:29:29] [SKIP] GBPUSDm same candle 2026-05-07 14:20:00  skip
[2026-05-07 21:29:29] [SELECT] Symbol switched: GBPUSDm -> EURUSDm | AI watchlist candidate
[2026-05-07 21:29:29] [SCAN] Analyzing EURUSDm
[2026-05-07 21:29:30] [SKIP] EURUSDm same candle 2026-05-07 14:20:00  skip
[2026-05-07 21:29:30] [SELECT] Symbol switched: EURUSDm -> XAUUSDm | AI watchlist candidate
[2026-05-07 21:29:30] [SCAN] Analyzing XAUUSDm
[2026-05-07 21:29:30] [SKIP] XAUUSDm same candle 2026-05-07 14:20:00  skip
[2026-05-07 21:29:30] [SELECT] Symbol switched: XAUUSDm -> USDJPYm | AI watchlist candidate
[2026-05-07 21:29:30] [SCAN] Analyzing USDJPYm
[2026-05-07 21:29:31] [SKIP] USDJPYm same candle 2026-05-07 14:20:00  skip
[2026-05-07 21:29:31] [SELECT] Symbol switched: USDJPYm -> EURJPYm | AI watchlist candidate
[2026-05-07 21:29:31] [SCAN] Analyzing EURJPYm
[2026-05-07 21:29:32] [SKIP] EURJPYm same candle 2026-05-07 14:20:00  skip
[2026-05-07 21:29:32] [WAIT] No order this round
[2026-05-07 21:30:32] [AI] Using cached scan from 2026-05-07 14:00:37 | symbols=GBPUSDm, EURUSDm, XAUUSDm, USDJPYm, EURJPYm
[2026-05-07 21:30:32] [WATCH] Watchlist: GBPUSDm, EURUSDm, XAUUSDm, USDJPYm, EURJPYm
[2026-05-07 21:30:32] [SELECT] Symbol switched: EURJPYm -> GBPUSDm | AI watchlist candidate
[2026-05-07 21:30:32] [SCAN] Analyzing GBPUSDm
[2026-05-07 21:30:33] Signal: {'time': Timestamp('2026-05-07 14:25:00'), 'symbol': 'GBPUSDm', 'side': 'NO_TRADE', 'price': 1.36202, 'reason': 'no Donchian breakout'}
[2026-05-07 21:30:33] [SKIP] GBPUSDm NO_TRADE: no Donchian breakout
[2026-05-07 21:30:33] [SELECT] Symbol switched: GBPUSDm -> EURUSDm | AI watchlist candidate
[2026-05-07 21:30:33] [SCAN] Analyzing EURUSDm
[2026-05-07 21:30:33] Signal: {'time': Timestamp('2026-05-07 14:25:00'), 'symbol': 'EURUSDm', 'side': 'NO_TRADE', 'price': 1.17691, 'reason': 'no Donchian breakout'}
[2026-05-07 21:30:33] [SKIP] EURUSDm NO_TRADE: no Donchian breakout
[2026-05-07 21:30:33] [SELECT] Symbol switched: EURUSDm -> XAUUSDm | AI watchlist candidate
[2026-05-07 21:30:33] [SCAN] Analyzing XAUUSDm
[2026-05-07 21:30:34] Signal: {'time': Timestamp('2026-05-07 14:25:00'), 'symbol': 'XAUUSDm', 'side': 'NO_TRADE', 'price': 4756.55, 'reason': 'no Donchian breakout'}
[2026-05-07 21:30:34] [SKIP] XAUUSDm NO_TRADE: no Donchian breakout
[2026-05-07 21:30:34] [SELECT] Symbol switched: XAUUSDm -> USDJPYm | AI watchlist candidate
[2026-05-07 21:30:34] [SCAN] Analyzing USDJPYm
[2026-05-07 21:30:35] Signal: {'time': Timestamp('2026-05-07 14:25:00'), 'symbol': 'USDJPYm', 'side': 'NO_TRADE', 'price': 156.349, 'reason': 'no Donchian breakout'}
[2026-05-07 21:30:35] [SKIP] USDJPYm NO_TRADE: no Donchian breakout
[2026-05-07 21:30:35] [SELECT] Symbol switched: USDJPYm -> EURJPYm | AI watchlist candidate
[2026-05-07 21:30:35] [SCAN] Analyzing EURJPYm
[2026-05-07 21:30:36] Signal: {'time': Timestamp('2026-05-07 14:25:00'), 'symbol': 'EURJPYm', 'side': 'NO_TRADE', 'price': 184.014, 'reason': 'no Donchian breakout'}
[2026-05-07 21:30:36] [SKIP] EURJPYm NO_TRADE: no Donchian breakout
[2026-05-07 21:30:36] [WAIT] No order this round
[2026-05-07 21:31:36] [AI] Using cached scan from 2026-05-07 14:00:37 | symbols=GBPUSDm, EURUSDm, XAUUSDm, USDJPYm, EURJPYm
[2026-05-07 21:31:36] [WATCH] Watchlist: GBPUSDm, EURUSDm, XAUUSDm, USDJPYm, EURJPYm
[2026-05-07 21:31:36] [SELECT] Symbol switched: EURJPYm -> GBPUSDm | AI watchlist candidate
[2026-05-07 21:31:36] [SCAN] Analyzing GBPUSDm
[2026-05-07 21:31:36] [SKIP] GBPUSDm same candle 2026-05-07 14:25:00  skip
[2026-05-07 21:31:36] [SELECT] Symbol switched: GBPUSDm -> EURUSDm | AI watchlist candidate
[2026-05-07 21:31:36] [SCAN] Analyzing EURUSDm
[2026-05-07 21:31:37] [SKIP] EURUSDm same candle 2026-05-07 14:25:00  skip
[2026-05-07 21:31:37] [SELECT] Symbol switched: EURUSDm -> XAUUSDm | AI watchlist candidate
[2026-05-07 21:31:37] [SCAN] Analyzing XAUUSDm
[2026-05-07 21:31:38] [SKIP] XAUUSDm same candle 2026-05-07 14:25:00  skip
[2026-05-07 21:31:38] [SELECT] Symbol switched: XAUUSDm -> USDJPYm | AI watchlist candidate
[2026-05-07 21:31:38] [SCAN] Analyzing USDJPYm
[2026-05-07 21:31:39] [SKIP] USDJPYm same candle 2026-05-07 14:25:00  skip
[2026-05-07 21:31:39] [SELECT] Symbol switched: USDJPYm -> EURJPYm | AI watchlist candidate
[2026-05-07 21:31:39] [SCAN] Analyzing EURJPYm
[2026-05-07 21:31:39] [SKIP] EURJPYm same candle 2026-05-07 14:25:00  skip
[2026-05-07 21:31:39] [WAIT] No order this round
[2026-05-07 21:32:39] [AI] Using cached scan from 2026-05-07 14:00:37 | symbols=GBPUSDm, EURUSDm, XAUUSDm, USDJPYm, EURJPYm
[2026-05-07 21:32:39] [WATCH] Watchlist: GBPUSDm, EURUSDm, XAUUSDm, USDJPYm, EURJPYm
[2026-05-07 21:32:39] [SELECT] Symbol switched: EURJPYm -> GBPUSDm | AI watchlist candidate
[2026-05-07 21:32:39] [SCAN] Analyzing GBPUSDm
[2026-05-07 21:32:40] [SKIP] GBPUSDm same candle 2026-05-07 14:25:00  skip
[2026-05-07 21:32:40] [SELECT] Symbol switched: GBPUSDm -> EURUSDm | AI watchlist candidate
[2026-05-07 21:32:40] [SCAN] Analyzing EURUSDm
[2026-05-07 21:32:41] [SKIP] EURUSDm same candle 2026-05-07 14:25:00  skip
[2026-05-07 21:32:41] [SELECT] Symbol switched: EURUSDm -> XAUUSDm | AI watchlist candidate
[2026-05-07 21:32:41] [SCAN] Analyzing XAUUSDm
[2026-05-07 21:32:42] [SKIP] XAUUSDm same candle 2026-05-07 14:25:00  skip
[2026-05-07 21:32:42] [SELECT] Symbol switched: XAUUSDm -> USDJPYm | AI watchlist candidate
[2026-05-07 21:32:42] [SCAN] Analyzing USDJPYm
[2026-05-07 21:32:42] [SKIP] USDJPYm same candle 2026-05-07 14:25:00  skip
[2026-05-07 21:32:42] [SELECT] Symbol switched: USDJPYm -> EURJPYm | AI watchlist candidate
[2026-05-07 21:32:42] [SCAN] Analyzing EURJPYm
[2026-05-07 21:32:43] [SKIP] EURJPYm same candle 2026-05-07 14:25:00  skip
[2026-05-07 21:32:43] [WAIT] No order this round
[2026-05-07 21:33:43] [AI] Using cached scan from 2026-05-07 14:00:37 | symbols=GBPUSDm, EURUSDm, XAUUSDm, USDJPYm, EURJPYm
[2026-05-07 21:33:43] [WATCH] Watchlist: GBPUSDm, EURUSDm, XAUUSDm, USDJPYm, EURJPYm
[2026-05-07 21:33:43] [SELECT] Symbol switched: EURJPYm -> GBPUSDm | AI watchlist candidate
[2026-05-07 21:33:43] [SCAN] Analyzing GBPUSDm
[2026-05-07 21:33:44] [SKIP] GBPUSDm same candle 2026-05-07 14:25:00  skip
[2026-05-07 21:33:44] [SELECT] Symbol switched: GBPUSDm -> EURUSDm | AI watchlist candidate
[2026-05-07 21:33:44] [SCAN] Analyzing EURUSDm
[2026-05-07 21:33:44] [SKIP] EURUSDm same candle 2026-05-07 14:25:00  skip
[2026-05-07 21:33:44] [SELECT] Symbol switched: EURUSDm -> XAUUSDm | AI watchlist candidate
[2026-05-07 21:33:44] [SCAN] Analyzing XAUUSDm
[2026-05-07 21:33:45] [SKIP] XAUUSDm same candle 2026-05-07 14:25:00  skip
[2026-05-07 21:33:45] [SELECT] Symbol switched: XAUUSDm -> USDJPYm | AI watchlist candidate
[2026-05-07 21:33:45] [SCAN] Analyzing USDJPYm
[2026-05-07 21:33:46] [SKIP] USDJPYm same candle 2026-05-07 14:25:00  skip
[2026-05-07 21:33:46] [SELECT] Symbol switched: USDJPYm -> EURJPYm | AI watchlist candidate
[2026-05-07 21:33:46] [SCAN] Analyzing EURJPYm
[2026-05-07 21:33:46] [SKIP] EURJPYm same candle 2026-05-07 14:25:00  skip
[2026-05-07 21:33:46] [WAIT] No order this round
[2026-05-07 21:34:46] [AI] Using cached scan from 2026-05-07 14:00:37 | symbols=GBPUSDm, EURUSDm, XAUUSDm, USDJPYm, EURJPYm
[2026-05-07 21:34:46] [WATCH] Watchlist: GBPUSDm, EURUSDm, XAUUSDm, USDJPYm, EURJPYm
[2026-05-07 21:34:46] [SELECT] Symbol switched: EURJPYm -> GBPUSDm | AI watchlist candidate
[2026-05-07 21:34:46] [SCAN] Analyzing GBPUSDm
[2026-05-07 21:34:47] [SKIP] GBPUSDm same candle 2026-05-07 14:25:00  skip
[2026-05-07 21:34:47] [SELECT] Symbol switched: GBPUSDm -> EURUSDm | AI watchlist candidate
[2026-05-07 21:34:47] [SCAN] Analyzing EURUSDm
[2026-05-07 21:34:48] [SKIP] EURUSDm same candle 2026-05-07 14:25:00  skip
[2026-05-07 21:34:48] [SELECT] Symbol switched: EURUSDm -> XAUUSDm | AI watchlist candidate
[2026-05-07 21:34:48] [SCAN] Analyzing XAUUSDm
[2026-05-07 21:34:49] [SKIP] XAUUSDm same candle 2026-05-07 14:25:00  skip
[2026-05-07 21:34:49] [SELECT] Symbol switched: XAUUSDm -> USDJPYm | AI watchlist candidate
[2026-05-07 21:34:49] [SCAN] Analyzing USDJPYm
[2026-05-07 21:34:49] [SKIP] USDJPYm same candle 2026-05-07 14:25:00  skip
[2026-05-07 21:34:49] [SELECT] Symbol switched: USDJPYm -> EURJPYm | AI watchlist candidate
[2026-05-07 21:34:49] [SCAN] Analyzing EURJPYm
[2026-05-07 21:34:50] [SKIP] EURJPYm same candle 2026-05-07 14:25:00  skip
[2026-05-07 21:34:50] [WAIT] No order this round
[2026-05-07 21:35:50] [AI] Using cached scan from 2026-05-07 14:00:37 | symbols=GBPUSDm, EURUSDm, XAUUSDm, USDJPYm, EURJPYm
[2026-05-07 21:35:50] [WATCH] Watchlist: GBPUSDm, EURUSDm, XAUUSDm, USDJPYm, EURJPYm
[2026-05-07 21:35:50] [SELECT] Symbol switched: EURJPYm -> GBPUSDm | AI watchlist candidate
[2026-05-07 21:35:50] [SCAN] Analyzing GBPUSDm
[2026-05-07 21:35:51] Signal: {'time': Timestamp('2026-05-07 14:30:00'), 'symbol': 'GBPUSDm', 'side': 'NO_TRADE', 'price': 1.36185, 'reason': 'no Donchian breakout'}
[2026-05-07 21:35:51] [SKIP] GBPUSDm NO_TRADE: no Donchian breakout
[2026-05-07 21:35:51] [SELECT] Symbol switched: GBPUSDm -> EURUSDm | AI watchlist candidate
[2026-05-07 21:35:51] [SCAN] Analyzing EURUSDm
[2026-05-07 21:35:52] Signal: {'time': Timestamp('2026-05-07 14:30:00'), 'symbol': 'EURUSDm', 'side': 'NO_TRADE', 'price': 1.17695, 'reason': 'no Donchian breakout'}
[2026-05-07 21:35:52] [SKIP] EURUSDm NO_TRADE: no Donchian breakout
[2026-05-07 21:35:52] [SELECT] Symbol switched: EURUSDm -> XAUUSDm | AI watchlist candidate
[2026-05-07 21:35:52] [SCAN] Analyzing XAUUSDm
[2026-05-07 21:35:53] Signal: {'time': Timestamp('2026-05-07 14:30:00'), 'symbol': 'XAUUSDm', 'side': 'NO_TRADE', 'price': 4749.413, 'reason': 'no Donchian breakout'}
[2026-05-07 21:35:53] [SKIP] XAUUSDm NO_TRADE: no Donchian breakout
[2026-05-07 21:35:53] [SELECT] Symbol switched: XAUUSDm -> USDJPYm | AI watchlist candidate
[2026-05-07 21:35:53] [SCAN] Analyzing USDJPYm
[2026-05-07 21:35:53] Signal: {'time': Timestamp('2026-05-07 14:30:00'), 'symbol': 'USDJPYm', 'side': 'NO_TRADE', 'price': 156.37, 'reason': 'no Donchian breakout'}
[2026-05-07 21:35:53] [SKIP] USDJPYm NO_TRADE: no Donchian breakout
[2026-05-07 21:35:53] [SELECT] Symbol switched: USDJPYm -> EURJPYm | AI watchlist candidate
[2026-05-07 21:35:53] [SCAN] Analyzing EURJPYm
[2026-05-07 21:35:54] Signal: {'time': Timestamp('2026-05-07 14:30:00'), 'symbol': 'EURJPYm', 'side': 'NO_TRADE', 'price': 184.045, 'reason': 'no Donchian breakout'}
[2026-05-07 21:35:54] [SKIP] EURJPYm NO_TRADE: no Donchian breakout
[2026-05-07 21:35:54] [WAIT] No order this round
[2026-05-07 21:36:54] [AI] Using cached scan from 2026-05-07 14:00:37 | symbols=GBPUSDm, EURUSDm, XAUUSDm, USDJPYm, EURJPYm
[2026-05-07 21:36:54] [WATCH] Watchlist: GBPUSDm, EURUSDm, XAUUSDm, USDJPYm, EURJPYm
[2026-05-07 21:36:54] [SELECT] Symbol switched: EURJPYm -> GBPUSDm | AI watchlist candidate
[2026-05-07 21:36:54] [SCAN] Analyzing GBPUSDm
[2026-05-07 21:36:55] [SKIP] GBPUSDm same candle 2026-05-07 14:30:00  skip
[2026-05-07 21:36:55] [SELECT] Symbol switched: GBPUSDm -> EURUSDm | AI watchlist candidate
[2026-05-07 21:36:55] [SCAN] Analyzing EURUSDm
[2026-05-07 21:36:56] [SKIP] EURUSDm same candle 2026-05-07 14:30:00  skip
[2026-05-07 21:36:56] [SELECT] Symbol switched: EURUSDm -> XAUUSDm | AI watchlist candidate
[2026-05-07 21:36:56] [SCAN] Analyzing XAUUSDm
[2026-05-07 21:36:56] [SKIP] XAUUSDm same candle 2026-05-07 14:30:00  skip
[2026-05-07 21:36:56] [SELECT] Symbol switched: XAUUSDm -> USDJPYm | AI watchlist candidate
[2026-05-07 21:36:56] [SCAN] Analyzing USDJPYm
[2026-05-07 21:36:57] [SKIP] USDJPYm same candle 2026-05-07 14:30:00  skip
[2026-05-07 21:36:57] [SELECT] Symbol switched: USDJPYm -> EURJPYm | AI watchlist candidate
[2026-05-07 21:36:57] [SCAN] Analyzing EURJPYm
[2026-05-07 21:36:58] [SKIP] EURJPYm same candle 2026-05-07 14:30:00  skip
[2026-05-07 21:36:58] [WAIT] No order this round
[2026-05-07 21:37:58] [AI] Using cached scan from 2026-05-07 14:00:37 | symbols=GBPUSDm, EURUSDm, XAUUSDm, USDJPYm, EURJPYm
[2026-05-07 21:37:58] [WATCH] Watchlist: GBPUSDm, EURUSDm, XAUUSDm, USDJPYm, EURJPYm
[2026-05-07 21:37:58] [SELECT] Symbol switched: EURJPYm -> GBPUSDm | AI watchlist candidate
[2026-05-07 21:37:58] [SCAN] Analyzing GBPUSDm
[2026-05-07 21:37:58] [SKIP] GBPUSDm same candle 2026-05-07 14:30:00  skip
[2026-05-07 21:37:58] [SELECT] Symbol switched: GBPUSDm -> EURUSDm | AI watchlist candidate
[2026-05-07 21:37:58] [SCAN] Analyzing EURUSDm
[2026-05-07 21:37:59] [SKIP] EURUSDm same candle 2026-05-07 14:30:00  skip
[2026-05-07 21:37:59] [SELECT] Symbol switched: EURUSDm -> XAUUSDm | AI watchlist candidate
[2026-05-07 21:37:59] [SCAN] Analyzing XAUUSDm
[2026-05-07 21:38:00] [SKIP] XAUUSDm same candle 2026-05-07 14:30:00  skip
[2026-05-07 21:38:00] [SELECT] Symbol switched: XAUUSDm -> USDJPYm | AI watchlist candidate
[2026-05-07 21:38:00] [SCAN] Analyzing USDJPYm
[2026-05-07 21:38:01] [SKIP] USDJPYm same candle 2026-05-07 14:30:00  skip
[2026-05-07 21:38:01] [SELECT] Symbol switched: USDJPYm -> EURJPYm | AI watchlist candidate
[2026-05-07 21:38:01] [SCAN] Analyzing EURJPYm
[2026-05-07 21:38:01] [SKIP] EURJPYm same candle 2026-05-07 14:30:00  skip
[2026-05-07 21:38:01] [WAIT] No order this round
[2026-05-07 21:39:01] [AI] Using cached scan from 2026-05-07 14:00:37 | symbols=GBPUSDm, EURUSDm, XAUUSDm, USDJPYm, EURJPYm
[2026-05-07 21:39:01] [WATCH] Watchlist: GBPUSDm, EURUSDm, XAUUSDm, USDJPYm, EURJPYm
[2026-05-07 21:39:01] [SELECT] Symbol switched: EURJPYm -> GBPUSDm | AI watchlist candidate
[2026-05-07 21:39:01] [SCAN] Analyzing GBPUSDm
[2026-05-07 21:39:03] [SKIP] GBPUSDm same candle 2026-05-07 14:30:00  skip
[2026-05-07 21:39:03] [SELECT] Symbol switched: GBPUSDm -> EURUSDm | AI watchlist candidate
[2026-05-07 21:39:03] [SCAN] Analyzing EURUSDm
[2026-05-07 21:39:04] [SKIP] EURUSDm same candle 2026-05-07 14:30:00  skip
[2026-05-07 21:39:04] [SELECT] Symbol switched: EURUSDm -> XAUUSDm | AI watchlist candidate
[2026-05-07 21:39:04] [SCAN] Analyzing XAUUSDm
[2026-05-07 21:39:05] [SKIP] XAUUSDm same candle 2026-05-07 14:30:00  skip
[2026-05-07 21:39:05] [SELECT] Symbol switched: XAUUSDm -> USDJPYm | AI watchlist candidate
[2026-05-07 21:39:05] [SCAN] Analyzing USDJPYm
[2026-05-07 21:39:06] [SKIP] USDJPYm same candle 2026-05-07 14:30:00  skip
[2026-05-07 21:39:06] [SELECT] Symbol switched: USDJPYm -> EURJPYm | AI watchlist candidate
[2026-05-07 21:39:06] [SCAN] Analyzing EURJPYm
[2026-05-07 21:39:06] [SKIP] EURJPYm same candle 2026-05-07 14:30:00  skip
[2026-05-07 21:39:06] [WAIT] No order this round
[2026-05-07 21:40:06] [AI] Using cached scan from 2026-05-07 14:00:37 | symbols=GBPUSDm, EURUSDm, XAUUSDm, USDJPYm, EURJPYm
[2026-05-07 21:40:06] [WATCH] Watchlist: GBPUSDm, EURUSDm, XAUUSDm, USDJPYm, EURJPYm
[2026-05-07 21:40:06] [SELECT] Symbol switched: EURJPYm -> GBPUSDm | AI watchlist candidate
[2026-05-07 21:40:06] [SCAN] Analyzing GBPUSDm
[2026-05-07 21:40:07] Signal: {'time': Timestamp('2026-05-07 14:35:00'), 'symbol': 'GBPUSDm', 'side': 'NO_TRADE', 'price': 1.3617, 'reason': 'no Donchian breakout'}
[2026-05-07 21:40:07] [SKIP] GBPUSDm NO_TRADE: no Donchian breakout
[2026-05-07 21:40:07] [SELECT] Symbol switched: GBPUSDm -> EURUSDm | AI watchlist candidate
[2026-05-07 21:40:07] [SCAN] Analyzing EURUSDm
[2026-05-07 21:40:08] Signal: {'time': Timestamp('2026-05-07 14:35:00'), 'symbol': 'EURUSDm', 'side': 'NO_TRADE', 'price': 1.17689, 'reason': 'no Donchian breakout'}
[2026-05-07 21:40:08] [SKIP] EURUSDm NO_TRADE: no Donchian breakout
[2026-05-07 21:40:08] [SELECT] Symbol switched: EURUSDm -> XAUUSDm | AI watchlist candidate
[2026-05-07 21:40:08] [SCAN] Analyzing XAUUSDm
[2026-05-07 21:40:09] Signal: {'time': Timestamp('2026-05-07 14:35:00'), 'symbol': 'XAUUSDm', 'side': 'NO_TRADE', 'price': 4753.854, 'reason': 'no Donchian breakout'}
[2026-05-07 21:40:09] [SKIP] XAUUSDm NO_TRADE: no Donchian breakout
[2026-05-07 21:40:09] [SELECT] Symbol switched: XAUUSDm -> USDJPYm | AI watchlist candidate
[2026-05-07 21:40:09] [SCAN] Analyzing USDJPYm
[2026-05-07 21:40:09] Signal: {'time': Timestamp('2026-05-07 14:35:00'), 'symbol': 'USDJPYm', 'side': 'NO_TRADE', 'price': 156.382, 'reason': 'no Donchian breakout'}
[2026-05-07 21:40:09] [SKIP] USDJPYm NO_TRADE: no Donchian breakout
[2026-05-07 21:40:09] [SELECT] Symbol switched: USDJPYm -> EURJPYm | AI watchlist candidate
[2026-05-07 21:40:09] [SCAN] Analyzing EURJPYm
[2026-05-07 21:40:10] Signal: {'time': Timestamp('2026-05-07 14:35:00'), 'symbol': 'EURJPYm', 'side': 'NO_TRADE', 'price': 184.047, 'reason': 'no Donchian breakout'}
[2026-05-07 21:40:10] [SKIP] EURJPYm NO_TRADE: no Donchian breakout
[2026-05-07 21:40:10] [WAIT] No order this round
[2026-05-07 21:41:10] [AI] Using cached scan from 2026-05-07 14:00:37 | symbols=GBPUSDm, EURUSDm, XAUUSDm, USDJPYm, EURJPYm
[2026-05-07 21:41:10] [WATCH] Watchlist: GBPUSDm, EURUSDm, XAUUSDm, USDJPYm, EURJPYm
[2026-05-07 21:41:10] [SELECT] Symbol switched: EURJPYm -> GBPUSDm | AI watchlist candidate
[2026-05-07 21:41:10] [SCAN] Analyzing GBPUSDm
[2026-05-07 21:41:11] [SKIP] GBPUSDm same candle 2026-05-07 14:35:00  skip
[2026-05-07 21:41:11] [SELECT] Symbol switched: GBPUSDm -> EURUSDm | AI watchlist candidate
[2026-05-07 21:41:11] [SCAN] Analyzing EURUSDm
[2026-05-07 21:41:12] [SKIP] EURUSDm same candle 2026-05-07 14:35:00  skip
[2026-05-07 21:41:12] [SELECT] Symbol switched: EURUSDm -> XAUUSDm | AI watchlist candidate
[2026-05-07 21:41:12] [SCAN] Analyzing XAUUSDm
[2026-05-07 21:41:12] [SKIP] XAUUSDm same candle 2026-05-07 14:35:00  skip
[2026-05-07 21:41:12] [SELECT] Symbol switched: XAUUSDm -> USDJPYm | AI watchlist candidate
[2026-05-07 21:41:12] [SCAN] Analyzing USDJPYm
[2026-05-07 21:41:13] [SKIP] USDJPYm same candle 2026-05-07 14:35:00  skip
[2026-05-07 21:41:13] [SELECT] Symbol switched: USDJPYm -> EURJPYm | AI watchlist candidate
[2026-05-07 21:41:13] [SCAN] Analyzing EURJPYm
[2026-05-07 21:41:14] [SKIP] EURJPYm same candle 2026-05-07 14:35:00  skip
[2026-05-07 21:41:14] [WAIT] No order this round
[2026-05-07 21:42:14] [AI] Using cached scan from 2026-05-07 14:00:37 | symbols=GBPUSDm, EURUSDm, XAUUSDm, USDJPYm, EURJPYm
[2026-05-07 21:42:14] [WATCH] Watchlist: GBPUSDm, EURUSDm, XAUUSDm, USDJPYm, EURJPYm
[2026-05-07 21:42:14] [SELECT] Symbol switched: EURJPYm -> GBPUSDm | AI watchlist candidate
[2026-05-07 21:42:14] [SCAN] Analyzing GBPUSDm
[2026-05-07 21:42:15] [SKIP] GBPUSDm same candle 2026-05-07 14:35:00  skip
[2026-05-07 21:42:15] [SELECT] Symbol switched: GBPUSDm -> EURUSDm | AI watchlist candidate
[2026-05-07 21:42:15] [SCAN] Analyzing EURUSDm
[2026-05-07 21:42:15] [SKIP] EURUSDm same candle 2026-05-07 14:35:00  skip
[2026-05-07 21:42:15] [SELECT] Symbol switched: EURUSDm -> XAUUSDm | AI watchlist candidate
[2026-05-07 21:42:15] [SCAN] Analyzing XAUUSDm
[2026-05-07 21:42:16] [SKIP] XAUUSDm same candle 2026-05-07 14:35:00  skip
[2026-05-07 21:42:16] [SELECT] Symbol switched: XAUUSDm -> USDJPYm | AI watchlist candidate
[2026-05-07 21:42:16] [SCAN] Analyzing USDJPYm
[2026-05-07 21:42:17] [SKIP] USDJPYm same candle 2026-05-07 14:35:00  skip
[2026-05-07 21:42:17] [SELECT] Symbol switched: USDJPYm -> EURJPYm | AI watchlist candidate
[2026-05-07 21:42:17] [SCAN] Analyzing EURJPYm
[2026-05-07 21:42:17] [SKIP] EURJPYm same candle 2026-05-07 14:35:00  skip
[2026-05-07 21:42:17] [WAIT] No order this round
[2026-05-07 21:43:17] [AI] Using cached scan from 2026-05-07 14:00:37 | symbols=GBPUSDm, EURUSDm, XAUUSDm, USDJPYm, EURJPYm
[2026-05-07 21:43:17] [WATCH] Watchlist: GBPUSDm, EURUSDm, XAUUSDm, USDJPYm, EURJPYm
[2026-05-07 21:43:17] [SELECT] Symbol switched: EURJPYm -> GBPUSDm | AI watchlist candidate
[2026-05-07 21:43:17] [SCAN] Analyzing GBPUSDm
[2026-05-07 21:43:20] [SKIP] GBPUSDm same candle 2026-05-07 14:35:00  skip
[2026-05-07 21:43:20] [SELECT] Symbol switched: GBPUSDm -> EURUSDm | AI watchlist candidate
[2026-05-07 21:43:20] [SCAN] Analyzing EURUSDm
[2026-05-07 21:43:21] [SKIP] EURUSDm same candle 2026-05-07 14:35:00  skip
[2026-05-07 21:43:21] [SELECT] Symbol switched: EURUSDm -> XAUUSDm | AI watchlist candidate
[2026-05-07 21:43:21] [SCAN] Analyzing XAUUSDm
[2026-05-07 21:43:22] [SKIP] XAUUSDm same candle 2026-05-07 14:35:00  skip
[2026-05-07 21:43:22] [SELECT] Symbol switched: XAUUSDm -> USDJPYm | AI watchlist candidate
[2026-05-07 21:43:22] [SCAN] Analyzing USDJPYm
[2026-05-07 21:43:23] [SKIP] USDJPYm same candle 2026-05-07 14:35:00  skip
[2026-05-07 21:43:23] [SELECT] Symbol switched: USDJPYm -> EURJPYm | AI watchlist candidate
[2026-05-07 21:43:23] [SCAN] Analyzing EURJPYm
[2026-05-07 21:43:23] [SKIP] EURJPYm same candle 2026-05-07 14:35:00  skip
[2026-05-07 21:43:23] [WAIT] No order this round
[2026-05-07 21:44:23] [AI] Using cached scan from 2026-05-07 14:00:37 | symbols=GBPUSDm, EURUSDm, XAUUSDm, USDJPYm, EURJPYm
[2026-05-07 21:44:23] [WATCH] Watchlist: GBPUSDm, EURUSDm, XAUUSDm, USDJPYm, EURJPYm
[2026-05-07 21:44:23] [SELECT] Symbol switched: EURJPYm -> GBPUSDm | AI watchlist candidate
[2026-05-07 21:44:23] [SCAN] Analyzing GBPUSDm
[2026-05-07 21:44:24] [SKIP] GBPUSDm same candle 2026-05-07 14:35:00  skip
[2026-05-07 21:44:24] [SELECT] Symbol switched: GBPUSDm -> EURUSDm | AI watchlist candidate
[2026-05-07 21:44:24] [SCAN] Analyzing EURUSDm
[2026-05-07 21:44:25] [SKIP] EURUSDm same candle 2026-05-07 14:35:00  skip
[2026-05-07 21:44:25] [SELECT] Symbol switched: EURUSDm -> XAUUSDm | AI watchlist candidate
[2026-05-07 21:44:25] [SCAN] Analyzing XAUUSDm
[2026-05-07 21:44:26] [SKIP] XAUUSDm same candle 2026-05-07 14:35:00  skip
[2026-05-07 21:44:26] [SELECT] Symbol switched: XAUUSDm -> USDJPYm | AI watchlist candidate
[2026-05-07 21:44:26] [SCAN] Analyzing USDJPYm
[2026-05-07 21:44:26] [SKIP] USDJPYm same candle 2026-05-07 14:35:00  skip
[2026-05-07 21:44:26] [SELECT] Symbol switched: USDJPYm -> EURJPYm | AI watchlist candidate
[2026-05-07 21:44:26] [SCAN] Analyzing EURJPYm
[2026-05-07 21:44:27] [SKIP] EURJPYm same candle 2026-05-07 14:35:00  skip
[2026-05-07 21:44:27] [WAIT] No order this round
[2026-05-07 21:45:27] [AI] Using cached scan from 2026-05-07 14:00:37 | symbols=GBPUSDm, EURUSDm, XAUUSDm, USDJPYm, EURJPYm
[2026-05-07 21:45:27] [WATCH] Watchlist: GBPUSDm, EURUSDm, XAUUSDm, USDJPYm, EURJPYm
[2026-05-07 21:45:27] [SELECT] Symbol switched: EURJPYm -> GBPUSDm | AI watchlist candidate
[2026-05-07 21:45:27] [SCAN] Analyzing GBPUSDm
[2026-05-07 21:45:28] Signal: {'time': Timestamp('2026-05-07 14:40:00'), 'symbol': 'GBPUSDm', 'side': 'NO_TRADE', 'price': 1.36178, 'reason': 'no Donchian breakout'}
[2026-05-07 21:45:28] [SKIP] GBPUSDm NO_TRADE: no Donchian breakout
[2026-05-07 21:45:28] [SELECT] Symbol switched: GBPUSDm -> EURUSDm | AI watchlist candidate
[2026-05-07 21:45:28] [SCAN] Analyzing EURUSDm
[2026-05-07 21:45:29] Signal: {'time': Timestamp('2026-05-07 14:40:00'), 'symbol': 'EURUSDm', 'side': 'NO_TRADE', 'price': 1.17698, 'reason': 'no Donchian breakout'}
[2026-05-07 21:45:29] [SKIP] EURUSDm NO_TRADE: no Donchian breakout
[2026-05-07 21:45:29] [SELECT] Symbol switched: EURUSDm -> XAUUSDm | AI watchlist candidate
[2026-05-07 21:45:29] [SCAN] Analyzing XAUUSDm
[2026-05-07 21:45:30] Signal: {'time': Timestamp('2026-05-07 14:40:00'), 'symbol': 'XAUUSDm', 'side': 'NO_TRADE', 'price': 4751.654, 'reason': 'no Donchian breakout'}
[2026-05-07 21:45:30] [SKIP] XAUUSDm NO_TRADE: no Donchian breakout
[2026-05-07 21:45:30] [SELECT] Symbol switched: XAUUSDm -> USDJPYm | AI watchlist candidate
[2026-05-07 21:45:30] [SCAN] Analyzing USDJPYm
[2026-05-07 21:45:31] Signal: {'time': Timestamp('2026-05-07 14:40:00'), 'symbol': 'USDJPYm', 'side': 'NO_TRADE', 'price': 156.375, 'reason': 'no Donchian breakout'}
[2026-05-07 21:45:31] [SKIP] USDJPYm NO_TRADE: no Donchian breakout
[2026-05-07 21:45:31] [SELECT] Symbol switched: USDJPYm -> EURJPYm | AI watchlist candidate
[2026-05-07 21:45:31] [SCAN] Analyzing EURJPYm
[2026-05-07 21:45:33] Signal: {'time': Timestamp('2026-05-07 14:40:00'), 'symbol': 'EURJPYm', 'side': 'NO_TRADE', 'price': 184.054, 'reason': 'no Donchian breakout'}
[2026-05-07 21:45:33] [SKIP] EURJPYm NO_TRADE: no Donchian breakout
[2026-05-07 21:45:33] [WAIT] No order this round
[2026-05-07 21:46:33] [AI] Using cached scan from 2026-05-07 14:00:37 | symbols=GBPUSDm, EURUSDm, XAUUSDm, USDJPYm, EURJPYm
[2026-05-07 21:46:33] [WATCH] Watchlist: GBPUSDm, EURUSDm, XAUUSDm, USDJPYm, EURJPYm
[2026-05-07 21:46:33] [SELECT] Symbol switched: EURJPYm -> GBPUSDm | AI watchlist candidate
[2026-05-07 21:46:33] [SCAN] Analyzing GBPUSDm
[2026-05-07 21:46:34] [SKIP] GBPUSDm same candle 2026-05-07 14:40:00  skip
[2026-05-07 21:46:34] [SELECT] Symbol switched: GBPUSDm -> EURUSDm | AI watchlist candidate
[2026-05-07 21:46:34] [SCAN] Analyzing EURUSDm
[2026-05-07 21:46:34] [SKIP] EURUSDm same candle 2026-05-07 14:40:00  skip
[2026-05-07 21:46:34] [SELECT] Symbol switched: EURUSDm -> XAUUSDm | AI watchlist candidate
[2026-05-07 21:46:34] [SCAN] Analyzing XAUUSDm
[2026-05-07 21:46:35] [SKIP] XAUUSDm same candle 2026-05-07 14:40:00  skip
[2026-05-07 21:46:35] [SELECT] Symbol switched: XAUUSDm -> USDJPYm | AI watchlist candidate
[2026-05-07 21:46:35] [SCAN] Analyzing USDJPYm
[2026-05-07 21:46:36] [SKIP] USDJPYm same candle 2026-05-07 14:40:00  skip
[2026-05-07 21:46:36] [SELECT] Symbol switched: USDJPYm -> EURJPYm | AI watchlist candidate
[2026-05-07 21:46:36] [SCAN] Analyzing EURJPYm
[2026-05-07 21:46:36] [SKIP] EURJPYm same candle 2026-05-07 14:40:00  skip
[2026-05-07 21:46:36] [WAIT] No order this round
[2026-05-07 21:47:36] [AI] Using cached scan from 2026-05-07 14:00:37 | symbols=GBPUSDm, EURUSDm, XAUUSDm, USDJPYm, EURJPYm
[2026-05-07 21:47:36] [WATCH] Watchlist: GBPUSDm, EURUSDm, XAUUSDm, USDJPYm, EURJPYm
[2026-05-07 21:47:36] [SELECT] Symbol switched: EURJPYm -> GBPUSDm | AI watchlist candidate
[2026-05-07 21:47:36] [SCAN] Analyzing GBPUSDm
[2026-05-07 21:47:37] [SKIP] GBPUSDm same candle 2026-05-07 14:40:00  skip
[2026-05-07 21:47:37] [SELECT] Symbol switched: GBPUSDm -> EURUSDm | AI watchlist candidate
[2026-05-07 21:47:37] [SCAN] Analyzing EURUSDm
[2026-05-07 21:47:38] [SKIP] EURUSDm same candle 2026-05-07 14:40:00  skip
[2026-05-07 21:47:38] [SELECT] Symbol switched: EURUSDm -> XAUUSDm | AI watchlist candidate
[2026-05-07 21:47:38] [SCAN] Analyzing XAUUSDm
[2026-05-07 21:47:39] [SKIP] XAUUSDm same candle 2026-05-07 14:40:00  skip
[2026-05-07 21:47:39] [SELECT] Symbol switched: XAUUSDm -> USDJPYm | AI watchlist candidate
[2026-05-07 21:47:39] [SCAN] Analyzing USDJPYm
[2026-05-07 21:47:39] [SKIP] USDJPYm same candle 2026-05-07 14:40:00  skip
[2026-05-07 21:47:39] [SELECT] Symbol switched: USDJPYm -> EURJPYm | AI watchlist candidate
[2026-05-07 21:47:39] [SCAN] Analyzing EURJPYm
[2026-05-07 21:47:40] [SKIP] EURJPYm same candle 2026-05-07 14:40:00  skip
[2026-05-07 21:47:40] [WAIT] No order this round
[2026-05-07 21:48:40] [AI] Using cached scan from 2026-05-07 14:00:37 | symbols=GBPUSDm, EURUSDm, XAUUSDm, USDJPYm, EURJPYm
[2026-05-07 21:48:40] [WATCH] Watchlist: GBPUSDm, EURUSDm, XAUUSDm, USDJPYm, EURJPYm
[2026-05-07 21:48:40] [SELECT] Symbol switched: EURJPYm -> GBPUSDm | AI watchlist candidate
[2026-05-07 21:48:40] [SCAN] Analyzing GBPUSDm
[2026-05-07 21:48:41] [SKIP] GBPUSDm same candle 2026-05-07 14:40:00  skip
[2026-05-07 21:48:41] [SELECT] Symbol switched: GBPUSDm -> EURUSDm | AI watchlist candidate
[2026-05-07 21:48:41] [SCAN] Analyzing EURUSDm
[2026-05-07 21:48:42] [SKIP] EURUSDm same candle 2026-05-07 14:40:00  skip
[2026-05-07 21:48:42] [SELECT] Symbol switched: EURUSDm -> XAUUSDm | AI watchlist candidate
[2026-05-07 21:48:42] [SCAN] Analyzing XAUUSDm
[2026-05-07 21:48:42] [SKIP] XAUUSDm same candle 2026-05-07 14:40:00  skip
[2026-05-07 21:48:42] [SELECT] Symbol switched: XAUUSDm -> USDJPYm | AI watchlist candidate
[2026-05-07 21:48:42] [SCAN] Analyzing USDJPYm
[2026-05-07 21:48:43] [SKIP] USDJPYm same candle 2026-05-07 14:40:00  skip
[2026-05-07 21:48:43] [SELECT] Symbol switched: USDJPYm -> EURJPYm | AI watchlist candidate
[2026-05-07 21:48:43] [SCAN] Analyzing EURJPYm
[2026-05-07 21:48:44] [SKIP] EURJPYm same candle 2026-05-07 14:40:00  skip
[2026-05-07 21:48:44] [WAIT] No order this round
[2026-05-07 21:49:44] [AI] Using cached scan from 2026-05-07 14:00:37 | symbols=GBPUSDm, EURUSDm, XAUUSDm, USDJPYm, EURJPYm
[2026-05-07 21:49:44] [WATCH] Watchlist: GBPUSDm, EURUSDm, XAUUSDm, USDJPYm, EURJPYm
[2026-05-07 21:49:44] [SELECT] Symbol switched: EURJPYm -> GBPUSDm | AI watchlist candidate
[2026-05-07 21:49:44] [SCAN] Analyzing GBPUSDm
[2026-05-07 21:49:44] [SKIP] GBPUSDm same candle 2026-05-07 14:40:00  skip
[2026-05-07 21:49:44] [SELECT] Symbol switched: GBPUSDm -> EURUSDm | AI watchlist candidate
[2026-05-07 21:49:44] [SCAN] Analyzing EURUSDm
[2026-05-07 21:49:45] [SKIP] EURUSDm same candle 2026-05-07 14:40:00  skip
[2026-05-07 21:49:45] [SELECT] Symbol switched: EURUSDm -> XAUUSDm | AI watchlist candidate
[2026-05-07 21:49:45] [SCAN] Analyzing XAUUSDm
[2026-05-07 21:49:46] [SKIP] XAUUSDm same candle 2026-05-07 14:40:00  skip
[2026-05-07 21:49:46] [SELECT] Symbol switched: XAUUSDm -> USDJPYm | AI watchlist candidate
[2026-05-07 21:49:46] [SCAN] Analyzing USDJPYm
[2026-05-07 21:49:47] [SKIP] USDJPYm same candle 2026-05-07 14:40:00  skip
[2026-05-07 21:49:47] [SELECT] Symbol switched: USDJPYm -> EURJPYm | AI watchlist candidate
[2026-05-07 21:49:47] [SCAN] Analyzing EURJPYm
[2026-05-07 21:49:47] [SKIP] EURJPYm same candle 2026-05-07 14:40:00  skip
[2026-05-07 21:49:47] [WAIT] No order this round
[2026-05-07 21:50:47] [AI] Using cached scan from 2026-05-07 14:00:37 | symbols=GBPUSDm, EURUSDm, XAUUSDm, USDJPYm, EURJPYm
[2026-05-07 21:50:47] [WATCH] Watchlist: GBPUSDm, EURUSDm, XAUUSDm, USDJPYm, EURJPYm
[2026-05-07 21:50:47] [SELECT] Symbol switched: EURJPYm -> GBPUSDm | AI watchlist candidate
[2026-05-07 21:50:47] [SCAN] Analyzing GBPUSDm
[2026-05-07 21:50:48] Signal: {'time': Timestamp('2026-05-07 14:45:00'), 'symbol': 'GBPUSDm', 'side': 'NO_TRADE', 'price': 1.3621699999999999, 'reason': 'no Donchian breakout'}
[2026-05-07 21:50:48] [SKIP] GBPUSDm NO_TRADE: no Donchian breakout
[2026-05-07 21:50:48] [SELECT] Symbol switched: GBPUSDm -> EURUSDm | AI watchlist candidate
[2026-05-07 21:50:48] [SCAN] Analyzing EURUSDm
[2026-05-07 21:50:49] Signal: {'time': Timestamp('2026-05-07 14:45:00'), 'symbol': 'EURUSDm', 'side': 'NO_TRADE', 'price': 1.17741, 'reason': 'no Donchian breakout'}
[2026-05-07 21:50:49] [SKIP] EURUSDm NO_TRADE: no Donchian breakout
[2026-05-07 21:50:49] [SELECT] Symbol switched: EURUSDm -> XAUUSDm | AI watchlist candidate
[2026-05-07 21:50:49] [SCAN] Analyzing XAUUSDm
[2026-05-07 21:50:50] Signal: {'time': Timestamp('2026-05-07 14:45:00'), 'symbol': 'XAUUSDm', 'side': 'NO_TRADE', 'price': 4758.379, 'reason': 'no Donchian breakout'}
[2026-05-07 21:50:50] [SKIP] XAUUSDm NO_TRADE: no Donchian breakout
[2026-05-07 21:50:50] [SELECT] Symbol switched: XAUUSDm -> USDJPYm | AI watchlist candidate
[2026-05-07 21:50:50] [SCAN] Analyzing USDJPYm
[2026-05-07 21:50:51] Signal: {'time': Timestamp('2026-05-07 14:45:00'), 'symbol': 'USDJPYm', 'side': 'NO_TRADE', 'price': 156.35, 'reason': 'no Donchian breakout'}
[2026-05-07 21:50:51] [SKIP] USDJPYm NO_TRADE: no Donchian breakout
[2026-05-07 21:50:51] [SELECT] Symbol switched: USDJPYm -> EURJPYm | AI watchlist candidate
[2026-05-07 21:50:51] [SCAN] Analyzing EURJPYm
[2026-05-07 21:50:51] Signal: {'time': Timestamp('2026-05-07 14:45:00'), 'symbol': 'EURJPYm', 'side': 'NO_TRADE', 'price': 184.093, 'reason': 'no Donchian breakout'}
[2026-05-07 21:50:51] [SKIP] EURJPYm NO_TRADE: no Donchian breakout
[2026-05-07 21:50:51] [WAIT] No order this round
[2026-05-07 21:51:51] [AI] Using cached scan from 2026-05-07 14:00:37 | symbols=GBPUSDm, EURUSDm, XAUUSDm, USDJPYm, EURJPYm
[2026-05-07 21:51:51] [WATCH] Watchlist: GBPUSDm, EURUSDm, XAUUSDm, USDJPYm, EURJPYm
[2026-05-07 21:51:51] [SELECT] Symbol switched: EURJPYm -> GBPUSDm | AI watchlist candidate
[2026-05-07 21:51:51] [SCAN] Analyzing GBPUSDm
[2026-05-07 21:51:52] [SKIP] GBPUSDm same candle 2026-05-07 14:45:00  skip
[2026-05-07 21:51:52] [SELECT] Symbol switched: GBPUSDm -> EURUSDm | AI watchlist candidate
[2026-05-07 21:51:52] [SCAN] Analyzing EURUSDm
[2026-05-07 21:51:53] [SKIP] EURUSDm same candle 2026-05-07 14:45:00  skip
[2026-05-07 21:51:53] [SELECT] Symbol switched: EURUSDm -> XAUUSDm | AI watchlist candidate
[2026-05-07 21:51:53] [SCAN] Analyzing XAUUSDm
[2026-05-07 21:51:54] [SKIP] XAUUSDm same candle 2026-05-07 14:45:00  skip
[2026-05-07 21:51:54] [SELECT] Symbol switched: XAUUSDm -> USDJPYm | AI watchlist candidate
[2026-05-07 21:51:54] [SCAN] Analyzing USDJPYm
[2026-05-07 21:51:54] [SKIP] USDJPYm same candle 2026-05-07 14:45:00  skip
[2026-05-07 21:51:54] [SELECT] Symbol switched: USDJPYm -> EURJPYm | AI watchlist candidate
[2026-05-07 21:51:54] [SCAN] Analyzing EURJPYm
[2026-05-07 21:51:55] [SKIP] EURJPYm same candle 2026-05-07 14:45:00  skip
[2026-05-07 21:51:55] [WAIT] No order this round
[2026-05-07 21:52:55] [AI] Using cached scan from 2026-05-07 14:00:37 | symbols=GBPUSDm, EURUSDm, XAUUSDm, USDJPYm, EURJPYm
[2026-05-07 21:52:55] [WATCH] Watchlist: GBPUSDm, EURUSDm, XAUUSDm, USDJPYm, EURJPYm
[2026-05-07 21:52:55] [SELECT] Symbol switched: EURJPYm -> GBPUSDm | AI watchlist candidate
[2026-05-07 21:52:55] [SCAN] Analyzing GBPUSDm
[2026-05-07 21:52:56] [SKIP] GBPUSDm same candle 2026-05-07 14:45:00  skip
[2026-05-07 21:52:56] [SELECT] Symbol switched: GBPUSDm -> EURUSDm | AI watchlist candidate
[2026-05-07 21:52:56] [SCAN] Analyzing EURUSDm
[2026-05-07 21:52:56] [SKIP] EURUSDm same candle 2026-05-07 14:45:00  skip
[2026-05-07 21:52:56] [SELECT] Symbol switched: EURUSDm -> XAUUSDm | AI watchlist candidate
[2026-05-07 21:52:56] [SCAN] Analyzing XAUUSDm
[2026-05-07 21:52:57] [SKIP] XAUUSDm same candle 2026-05-07 14:45:00  skip
[2026-05-07 21:52:57] [SELECT] Symbol switched: XAUUSDm -> USDJPYm | AI watchlist candidate
[2026-05-07 21:52:57] [SCAN] Analyzing USDJPYm
[2026-05-07 21:52:58] [SKIP] USDJPYm same candle 2026-05-07 14:45:00  skip
[2026-05-07 21:52:58] [SELECT] Symbol switched: USDJPYm -> EURJPYm | AI watchlist candidate
[2026-05-07 21:52:58] [SCAN] Analyzing EURJPYm
[2026-05-07 21:52:59] [SKIP] EURJPYm same candle 2026-05-07 14:45:00  skip
[2026-05-07 21:52:59] [WAIT] No order this round
[2026-05-07 21:53:59] [AI] Using cached scan from 2026-05-07 14:00:37 | symbols=GBPUSDm, EURUSDm, XAUUSDm, USDJPYm, EURJPYm
[2026-05-07 21:53:59] [WATCH] Watchlist: GBPUSDm, EURUSDm, XAUUSDm, USDJPYm, EURJPYm
[2026-05-07 21:53:59] [SELECT] Symbol switched: EURJPYm -> GBPUSDm | AI watchlist candidate
[2026-05-07 21:53:59] [SCAN] Analyzing GBPUSDm
[2026-05-07 21:53:59] [SKIP] GBPUSDm same candle 2026-05-07 14:45:00  skip
[2026-05-07 21:53:59] [SELECT] Symbol switched: GBPUSDm -> EURUSDm | AI watchlist candidate
[2026-05-07 21:53:59] [SCAN] Analyzing EURUSDm
[2026-05-07 21:54:00] [SKIP] EURUSDm same candle 2026-05-07 14:45:00  skip
[2026-05-07 21:54:00] [SELECT] Symbol switched: EURUSDm -> XAUUSDm | AI watchlist candidate
[2026-05-07 21:54:00] [SCAN] Analyzing XAUUSDm
[2026-05-07 21:54:01] [SKIP] XAUUSDm same candle 2026-05-07 14:45:00  skip
[2026-05-07 21:54:01] [SELECT] Symbol switched: XAUUSDm -> USDJPYm | AI watchlist candidate
[2026-05-07 21:54:01] [SCAN] Analyzing USDJPYm
[2026-05-07 21:54:02] [SKIP] USDJPYm same candle 2026-05-07 14:45:00  skip
[2026-05-07 21:54:02] [SELECT] Symbol switched: USDJPYm -> EURJPYm | AI watchlist candidate
[2026-05-07 21:54:02] [SCAN] Analyzing EURJPYm
[2026-05-07 21:54:02] [SKIP] EURJPYm same candle 2026-05-07 14:45:00  skip
[2026-05-07 21:54:02] [WAIT] No order this round
[2026-05-07 21:55:02] [AI] Using cached scan from 2026-05-07 14:00:37 | symbols=GBPUSDm, EURUSDm, XAUUSDm, USDJPYm, EURJPYm
[2026-05-07 21:55:02] [WATCH] Watchlist: GBPUSDm, EURUSDm, XAUUSDm, USDJPYm, EURJPYm
[2026-05-07 21:55:02] [SELECT] Symbol switched: EURJPYm -> GBPUSDm | AI watchlist candidate
[2026-05-07 21:55:02] [SCAN] Analyzing GBPUSDm
[2026-05-07 21:55:03] Signal: {'time': Timestamp('2026-05-07 14:50:00'), 'symbol': 'GBPUSDm', 'side': 'NO_TRADE', 'price': 1.36209, 'reason': 'no Donchian breakout'}
[2026-05-07 21:55:03] [SKIP] GBPUSDm NO_TRADE: no Donchian breakout
[2026-05-07 21:55:03] [SELECT] Symbol switched: GBPUSDm -> EURUSDm | AI watchlist candidate
[2026-05-07 21:55:03] [SCAN] Analyzing EURUSDm
[2026-05-07 21:55:04] Signal: {'time': Timestamp('2026-05-07 14:50:00'), 'symbol': 'EURUSDm', 'side': 'NO_TRADE', 'price': 1.17723, 'reason': 'no Donchian breakout'}
[2026-05-07 21:55:04] [SKIP] EURUSDm NO_TRADE: no Donchian breakout
[2026-05-07 21:55:04] [SELECT] Symbol switched: EURUSDm -> XAUUSDm | AI watchlist candidate
[2026-05-07 21:55:04] [SCAN] Analyzing XAUUSDm
[2026-05-07 21:55:05] Signal: {'time': Timestamp('2026-05-07 14:50:00'), 'symbol': 'XAUUSDm', 'side': 'NO_TRADE', 'price': 4760.453, 'reason': 'M15 ADX not rising'}
[2026-05-07 21:55:05] [SKIP] XAUUSDm NO_TRADE: M15 ADX not rising
[2026-05-07 21:55:05] [SELECT] Symbol switched: XAUUSDm -> USDJPYm | AI watchlist candidate
[2026-05-07 21:55:05] [SCAN] Analyzing USDJPYm
[2026-05-07 21:55:05] Signal: {'time': Timestamp('2026-05-07 14:50:00'), 'symbol': 'USDJPYm', 'side': 'NO_TRADE', 'price': 156.325, 'reason': 'no Donchian breakout'}
[2026-05-07 21:55:05] [SKIP] USDJPYm NO_TRADE: no Donchian breakout
[2026-05-07 21:55:05] [SELECT] Symbol switched: USDJPYm -> EURJPYm | AI watchlist candidate
[2026-05-07 21:55:05] [SCAN] Analyzing EURJPYm
[2026-05-07 21:55:06] Signal: {'time': Timestamp('2026-05-07 14:50:00'), 'symbol': 'EURJPYm', 'side': 'NO_TRADE', 'price': 184.038, 'reason': 'no Donchian breakout'}
[2026-05-07 21:55:06] [SKIP] EURJPYm NO_TRADE: no Donchian breakout
[2026-05-07 21:55:06] [WAIT] No order this round
[2026-05-07 21:56:06] [AI] Using cached scan from 2026-05-07 14:00:37 | symbols=GBPUSDm, EURUSDm, XAUUSDm, USDJPYm, EURJPYm
[2026-05-07 21:56:06] [WATCH] Watchlist: GBPUSDm, EURUSDm, XAUUSDm, USDJPYm, EURJPYm
[2026-05-07 21:56:06] [SELECT] Symbol switched: EURJPYm -> GBPUSDm | AI watchlist candidate
[2026-05-07 21:56:06] [SCAN] Analyzing GBPUSDm
[2026-05-07 21:56:07] [SKIP] GBPUSDm same candle 2026-05-07 14:50:00  skip
[2026-05-07 21:56:07] [SELECT] Symbol switched: GBPUSDm -> EURUSDm | AI watchlist candidate
[2026-05-07 21:56:07] [SCAN] Analyzing EURUSDm
[2026-05-07 21:56:08] [SKIP] EURUSDm same candle 2026-05-07 14:50:00  skip
[2026-05-07 21:56:08] [SELECT] Symbol switched: EURUSDm -> XAUUSDm | AI watchlist candidate
[2026-05-07 21:56:08] [SCAN] Analyzing XAUUSDm
[2026-05-07 21:56:08] [SKIP] XAUUSDm same candle 2026-05-07 14:50:00  skip
[2026-05-07 21:56:08] [SELECT] Symbol switched: XAUUSDm -> USDJPYm | AI watchlist candidate
[2026-05-07 21:56:08] [SCAN] Analyzing USDJPYm
[2026-05-07 21:56:09] [SKIP] USDJPYm same candle 2026-05-07 14:50:00  skip
[2026-05-07 21:56:09] [SELECT] Symbol switched: USDJPYm -> EURJPYm | AI watchlist candidate
[2026-05-07 21:56:09] [SCAN] Analyzing EURJPYm
[2026-05-07 21:56:10] [SKIP] EURJPYm same candle 2026-05-07 14:50:00  skip
[2026-05-07 21:56:10] [WAIT] No order this round
[2026-05-07 21:57:10] [AI] Using cached scan from 2026-05-07 14:00:37 | symbols=GBPUSDm, EURUSDm, XAUUSDm, USDJPYm, EURJPYm
[2026-05-07 21:57:10] [WATCH] Watchlist: GBPUSDm, EURUSDm, XAUUSDm, USDJPYm, EURJPYm
[2026-05-07 21:57:10] [SELECT] Symbol switched: EURJPYm -> GBPUSDm | AI watchlist candidate
[2026-05-07 21:57:10] [SCAN] Analyzing GBPUSDm
[2026-05-07 21:57:11] [SKIP] GBPUSDm same candle 2026-05-07 14:50:00  skip
[2026-05-07 21:57:11] [SELECT] Symbol switched: GBPUSDm -> EURUSDm | AI watchlist candidate
[2026-05-07 21:57:11] [SCAN] Analyzing EURUSDm
[2026-05-07 21:57:11] [SKIP] EURUSDm same candle 2026-05-07 14:50:00  skip
[2026-05-07 21:57:11] [SELECT] Symbol switched: EURUSDm -> XAUUSDm | AI watchlist candidate
[2026-05-07 21:57:11] [SCAN] Analyzing XAUUSDm
[2026-05-07 21:57:12] [SKIP] XAUUSDm same candle 2026-05-07 14:50:00  skip
[2026-05-07 21:57:12] [SELECT] Symbol switched: XAUUSDm -> USDJPYm | AI watchlist candidate
[2026-05-07 21:57:12] [SCAN] Analyzing USDJPYm
[2026-05-07 21:57:13] [SKIP] USDJPYm same candle 2026-05-07 14:50:00  skip
[2026-05-07 21:57:13] [SELECT] Symbol switched: USDJPYm -> EURJPYm | AI watchlist candidate
[2026-05-07 21:57:13] [SCAN] Analyzing EURJPYm
[2026-05-07 21:57:13] [SKIP] EURJPYm same candle 2026-05-07 14:50:00  skip
[2026-05-07 21:57:13] [WAIT] No order this round
[2026-05-07 21:58:13] [AI] Using cached scan from 2026-05-07 14:00:37 | symbols=GBPUSDm, EURUSDm, XAUUSDm, USDJPYm, EURJPYm
[2026-05-07 21:58:13] [WATCH] Watchlist: GBPUSDm, EURUSDm, XAUUSDm, USDJPYm, EURJPYm
[2026-05-07 21:58:13] [SELECT] Symbol switched: EURJPYm -> GBPUSDm | AI watchlist candidate
[2026-05-07 21:58:13] [SCAN] Analyzing GBPUSDm
[2026-05-07 21:58:14] [SKIP] GBPUSDm same candle 2026-05-07 14:50:00  skip
[2026-05-07 21:58:14] [SELECT] Symbol switched: GBPUSDm -> EURUSDm | AI watchlist candidate
[2026-05-07 21:58:14] [SCAN] Analyzing EURUSDm
[2026-05-07 21:58:15] [SKIP] EURUSDm same candle 2026-05-07 14:50:00  skip
[2026-05-07 21:58:15] [SELECT] Symbol switched: EURUSDm -> XAUUSDm | AI watchlist candidate
[2026-05-07 21:58:15] [SCAN] Analyzing XAUUSDm
[2026-05-07 21:58:16] [SKIP] XAUUSDm same candle 2026-05-07 14:50:00  skip
[2026-05-07 21:58:16] [SELECT] Symbol switched: XAUUSDm -> USDJPYm | AI watchlist candidate
[2026-05-07 21:58:16] [SCAN] Analyzing USDJPYm
[2026-05-07 21:58:16] [SKIP] USDJPYm same candle 2026-05-07 14:50:00  skip
[2026-05-07 21:58:16] [SELECT] Symbol switched: USDJPYm -> EURJPYm | AI watchlist candidate
[2026-05-07 21:58:16] [SCAN] Analyzing EURJPYm
[2026-05-07 21:58:17] [SKIP] EURJPYm same candle 2026-05-07 14:50:00  skip
[2026-05-07 21:58:17] [WAIT] No order this round
[2026-05-07 21:59:17] [AI] Using cached scan from 2026-05-07 14:00:37 | symbols=GBPUSDm, EURUSDm, XAUUSDm, USDJPYm, EURJPYm
[2026-05-07 21:59:17] [WATCH] Watchlist: GBPUSDm, EURUSDm, XAUUSDm, USDJPYm, EURJPYm
[2026-05-07 21:59:17] [SELECT] Symbol switched: EURJPYm -> GBPUSDm | AI watchlist candidate
[2026-05-07 21:59:17] [SCAN] Analyzing GBPUSDm
[2026-05-07 21:59:18] [SKIP] GBPUSDm same candle 2026-05-07 14:50:00  skip
[2026-05-07 21:59:18] [SELECT] Symbol switched: GBPUSDm -> EURUSDm | AI watchlist candidate
[2026-05-07 21:59:18] [SCAN] Analyzing EURUSDm
[2026-05-07 21:59:18] [SKIP] EURUSDm same candle 2026-05-07 14:50:00  skip
[2026-05-07 21:59:18] [SELECT] Symbol switched: EURUSDm -> XAUUSDm | AI watchlist candidate
[2026-05-07 21:59:18] [SCAN] Analyzing XAUUSDm
[2026-05-07 21:59:19] [SKIP] XAUUSDm same candle 2026-05-07 14:50:00  skip
[2026-05-07 21:59:19] [SELECT] Symbol switched: XAUUSDm -> USDJPYm | AI watchlist candidate
[2026-05-07 21:59:19] [SCAN] Analyzing USDJPYm
[2026-05-07 21:59:20] [SKIP] USDJPYm same candle 2026-05-07 14:50:00  skip
[2026-05-07 21:59:20] [SELECT] Symbol switched: USDJPYm -> EURJPYm | AI watchlist candidate
[2026-05-07 21:59:20] [SCAN] Analyzing EURJPYm
[2026-05-07 21:59:21] [SKIP] EURJPYm same candle 2026-05-07 14:50:00  skip
[2026-05-07 21:59:21] [WAIT] No order this round
[2026-05-07 22:00:21] [AI] Using cached scan from 2026-05-07 14:00:37 | symbols=GBPUSDm, EURUSDm, XAUUSDm, USDJPYm, EURJPYm
[2026-05-07 22:00:21] [STATS] Hourly rejections (of 2256 attempts): {'no_donchian_breakout': '2046(91%)', 'adx_not_rising': '129(6%)', 'side_blocked': '39(2%)', 'trend_not_aligned': '28(1%)', 'adx_too_low': '14(1%)', 'volume_low': '10(0%)', 'adx_too_high': '5(0%)'}
[2026-05-07 22:00:21] [WATCH] Watchlist: GBPUSDm, EURUSDm, XAUUSDm, USDJPYm, EURJPYm
[2026-05-07 22:00:21] [SELECT] Symbol switched: EURJPYm -> GBPUSDm | AI watchlist candidate
[2026-05-07 22:00:21] [SCAN] Analyzing GBPUSDm
[2026-05-07 22:00:21] Signal: {'time': Timestamp('2026-05-07 14:55:00'), 'symbol': 'GBPUSDm', 'side': 'NO_TRADE', 'price': 1.36296, 'reason': 'M15 ADX too low 11.32 < 18.0'}
[2026-05-07 22:00:21] [SKIP] GBPUSDm NO_TRADE: M15 ADX too low 11.32 < 18.0
[2026-05-07 22:00:21] [SELECT] Symbol switched: GBPUSDm -> EURUSDm | AI watchlist candidate
[2026-05-07 22:00:21] [SCAN] Analyzing EURUSDm
[2026-05-07 22:00:22] Signal: {'time': Timestamp('2026-05-07 14:55:00'), 'symbol': 'EURUSDm', 'side': 'NO_TRADE', 'price': 1.17756, 'reason': 'no Donchian breakout'}
[2026-05-07 22:00:22] [SKIP] EURUSDm NO_TRADE: no Donchian breakout
[2026-05-07 22:00:22] [SELECT] Symbol switched: EURUSDm -> XAUUSDm | AI watchlist candidate
[2026-05-07 22:00:22] [SCAN] Analyzing XAUUSDm
[2026-05-07 22:00:23] Signal: {'time': Timestamp('2026-05-07 14:55:00'), 'symbol': 'XAUUSDm', 'side': 'NO_TRADE', 'price': 4762.477, 'reason': 'M15 ADX not rising'}
[2026-05-07 22:00:23] [SKIP] XAUUSDm NO_TRADE: M15 ADX not rising
[2026-05-07 22:00:23] [SELECT] Symbol switched: XAUUSDm -> USDJPYm | AI watchlist candidate
[2026-05-07 22:00:23] [SCAN] Analyzing USDJPYm
[2026-05-07 22:00:24] Signal: {'time': Timestamp('2026-05-07 14:55:00'), 'symbol': 'USDJPYm', 'side': 'NO_TRADE', 'price': 156.251, 'reason': 'M15 ADX too low 13.85 < 18.0'}
[2026-05-07 22:00:24] [SKIP] USDJPYm NO_TRADE: M15 ADX too low 13.85 < 18.0
[2026-05-07 22:00:24] [SELECT] Symbol switched: USDJPYm -> EURJPYm | AI watchlist candidate
[2026-05-07 22:00:24] [SCAN] Analyzing EURJPYm
[2026-05-07 22:00:25] Signal: {'time': Timestamp('2026-05-07 14:55:00'), 'symbol': 'EURJPYm', 'side': 'NO_TRADE', 'price': 183.994, 'reason': 'no Donchian breakout'}
[2026-05-07 22:00:25] [SKIP] EURJPYm NO_TRADE: no Donchian breakout
[2026-05-07 22:00:25] [WAIT] No order this round
[2026-05-07 22:01:25] [AI] Using cached scan from 2026-05-07 14:00:37 | symbols=GBPUSDm, EURUSDm, XAUUSDm, USDJPYm, EURJPYm
[2026-05-07 22:01:25] [WATCH] Watchlist: GBPUSDm, EURUSDm, XAUUSDm, USDJPYm, EURJPYm
[2026-05-07 22:01:25] [SELECT] Symbol switched: EURJPYm -> GBPUSDm | AI watchlist candidate
[2026-05-07 22:01:25] [SCAN] Analyzing GBPUSDm
[2026-05-07 22:01:25] [SKIP] GBPUSDm same candle 2026-05-07 14:55:00  skip
[2026-05-07 22:01:25] [SELECT] Symbol switched: GBPUSDm -> EURUSDm | AI watchlist candidate
[2026-05-07 22:01:25] [SCAN] Analyzing EURUSDm
[2026-05-07 22:01:26] [SKIP] EURUSDm same candle 2026-05-07 14:55:00  skip
[2026-05-07 22:01:26] [SELECT] Symbol switched: EURUSDm -> XAUUSDm | AI watchlist candidate
[2026-05-07 22:01:26] [SCAN] Analyzing XAUUSDm
[2026-05-07 22:01:27] [SKIP] XAUUSDm same candle 2026-05-07 14:55:00  skip
[2026-05-07 22:01:27] [SELECT] Symbol switched: XAUUSDm -> USDJPYm | AI watchlist candidate
[2026-05-07 22:01:27] [SCAN] Analyzing USDJPYm
[2026-05-07 22:01:27] [SKIP] USDJPYm same candle 2026-05-07 14:55:00  skip
[2026-05-07 22:01:27] [SELECT] Symbol switched: USDJPYm -> EURJPYm | AI watchlist candidate
[2026-05-07 22:01:27] [SCAN] Analyzing EURJPYm
[2026-05-07 22:01:28] [SKIP] EURJPYm same candle 2026-05-07 14:55:00  skip
[2026-05-07 22:01:28] [WAIT] No order this round
[2026-05-07 22:02:28] [AI] Using cached scan from 2026-05-07 14:00:37 | symbols=GBPUSDm, EURUSDm, XAUUSDm, USDJPYm, EURJPYm
[2026-05-07 22:02:28] [WATCH] Watchlist: GBPUSDm, EURUSDm, XAUUSDm, USDJPYm, EURJPYm
[2026-05-07 22:02:28] [SELECT] Symbol switched: EURJPYm -> GBPUSDm | AI watchlist candidate
[2026-05-07 22:02:28] [SCAN] Analyzing GBPUSDm
[2026-05-07 22:02:29] [SKIP] GBPUSDm same candle 2026-05-07 14:55:00  skip
[2026-05-07 22:02:29] [SELECT] Symbol switched: GBPUSDm -> EURUSDm | AI watchlist candidate
[2026-05-07 22:02:29] [SCAN] Analyzing EURUSDm
[2026-05-07 22:02:30] [SKIP] EURUSDm same candle 2026-05-07 14:55:00  skip
[2026-05-07 22:02:30] [SELECT] Symbol switched: EURUSDm -> XAUUSDm | AI watchlist candidate
[2026-05-07 22:02:30] [SCAN] Analyzing XAUUSDm
[2026-05-07 22:02:30] [SKIP] XAUUSDm same candle 2026-05-07 14:55:00  skip
[2026-05-07 22:02:30] [SELECT] Symbol switched: XAUUSDm -> USDJPYm | AI watchlist candidate
[2026-05-07 22:02:30] [SCAN] Analyzing USDJPYm
[2026-05-07 22:02:31] [SKIP] USDJPYm same candle 2026-05-07 14:55:00  skip
[2026-05-07 22:02:31] [SELECT] Symbol switched: USDJPYm -> EURJPYm | AI watchlist candidate
[2026-05-07 22:02:31] [SCAN] Analyzing EURJPYm
[2026-05-07 22:02:32] [SKIP] EURJPYm same candle 2026-05-07 14:55:00  skip
[2026-05-07 22:02:32] [WAIT] No order this round
[2026-05-07 22:03:32] [AI] Using cached scan from 2026-05-07 14:00:37 | symbols=GBPUSDm, EURUSDm, XAUUSDm, USDJPYm, EURJPYm
[2026-05-07 22:03:32] [WATCH] Watchlist: GBPUSDm, EURUSDm, XAUUSDm, USDJPYm, EURJPYm
[2026-05-07 22:03:32] [SELECT] Symbol switched: EURJPYm -> GBPUSDm | AI watchlist candidate
[2026-05-07 22:03:32] [SCAN] Analyzing GBPUSDm
[2026-05-07 22:03:33] [SKIP] GBPUSDm same candle 2026-05-07 14:55:00  skip
[2026-05-07 22:03:33] [SELECT] Symbol switched: GBPUSDm -> EURUSDm | AI watchlist candidate
[2026-05-07 22:03:33] [SCAN] Analyzing EURUSDm
[2026-05-07 22:03:33] [SKIP] EURUSDm same candle 2026-05-07 14:55:00  skip
[2026-05-07 22:03:33] [SELECT] Symbol switched: EURUSDm -> XAUUSDm | AI watchlist candidate
[2026-05-07 22:03:33] [SCAN] Analyzing XAUUSDm
[2026-05-07 22:03:34] [SKIP] XAUUSDm same candle 2026-05-07 14:55:00  skip
[2026-05-07 22:03:34] [SELECT] Symbol switched: XAUUSDm -> USDJPYm | AI watchlist candidate
[2026-05-07 22:03:34] [SCAN] Analyzing USDJPYm
[2026-05-07 22:03:35] [SKIP] USDJPYm same candle 2026-05-07 14:55:00  skip
[2026-05-07 22:03:35] [SELECT] Symbol switched: USDJPYm -> EURJPYm | AI watchlist candidate
[2026-05-07 22:03:35] [SCAN] Analyzing EURJPYm
[2026-05-07 22:03:36] [SKIP] EURJPYm same candle 2026-05-07 14:55:00  skip
[2026-05-07 22:03:36] [WAIT] No order this round
[2026-05-07 22:04:12] [START] Forex bot starting | pid=9048 | session=14:0023:59 | interval=60s | DRY_RUN=True
[2026-05-07 22:04:12] [WAIT] Telegram skipped (missing TELEGRAM_BOT_TOKEN or TELEGRAM_CHAT_ID)
[2026-05-07 22:04:12] [CONNECT] Connecting MT5...
[2026-05-07 22:04:12] [WAIT] MT5 explicit login skipped (missing credentials)
[2026-05-07 22:04:12] [SCAN] Symbol resolved: XAUUSD -> XAUUSDm
[2026-05-07 22:04:12] [OK] MT5 connected | Symbol=XAUUSDm
[2026-05-07 22:04:12] [SCAN] Account: login=3472957 | server=Exness-MT5Real | name=eab6fa3d74e94af8a3b2bc8be14bbcc7@exness.io | currency=USD | trade_allowed=True | trade_expert=True | balance=27.99 | equity=27.99 | margin_free=27.99
[2026-05-07 22:04:12] [WAIT] Telegram skipped (missing TELEGRAM_BOT_TOKEN or TELEGRAM_CHAT_ID)
[2026-05-07 22:04:12] [AI] DeepSeek daily scan starting...
[2026-05-07 22:04:12] [AI] Candidates: EURUSD, GBPUSD, USDJPY, USDCHF, USDCAD, AUDUSD, NZDUSD, EURJPY, GBPJPY, XAUUSD, EURGBP, EURCHF, EURCAD, EURAUD, EURNZD, GBPCHF, GBPCAD, GBPAUD, GBPNZD, AUDJPY, CADJPY, CHFJPY, NZDJPY, AUDCAD, AUDCHF, AUDNZD, CADCHF, NZDCAD, NZDCHF
[2026-05-07 22:04:22] [AI] AI watchlist: EURUSDm(r1), GBPUSDm(r1), USDJPYm(r2), XAUUSDm(r2), USDCADm(r3), AUDUSDm(r3), EURGBPm(r3)
[2026-05-07 22:04:22] [AI] Scan done: {"timestamp": "2026-05-07 14:00:00", "recommendations": [{"symbol": "EURUSD", "rating": 1, "reason": "High liquidity during London-NY overlap, tight spreads"}, {"symbol": "GBPUSD", "rating": 1, "reason": "Strong momentum and volatile news expected"}, {"symbol": "USDJPY", "rating": 2, "reason": "Active but prone to sudden reversals; good for scalping"}, {"symbol": "XAUUSD", "rating": 2, "reason": "Gold sensitive to USD moves, high volume now"}, {"symbol": "EURGBP", "rating": 3, "reason": "Less volatile, good for range traders with caution"}, {"symbol": "USDCAD", "rating": 3, "reason": "Liquid but range-bound, wait for breakout signals"}, {"symbol": "AUDUSD", "rating": 3, "reason": "Thinner liquidity, avoid during non-AU session peaks"}]}
[2026-05-07 22:04:22] [START] Bot running
[2026-05-07 22:04:22] [AI] Using cached scan from 2026-05-07 22:04:12 | symbols=EURUSDm, GBPUSDm, USDJPYm, XAUUSDm, USDCADm, AUDUSDm, EURGBPm
[2026-05-07 22:04:22] [WATCH] Watchlist: EURUSDm, GBPUSDm, USDJPYm, XAUUSDm, USDCADm, AUDUSDm, EURGBPm
[2026-05-07 22:04:22] [SELECT] Symbol switched: XAUUSDm -> EURUSDm | AI watchlist candidate
[2026-05-07 22:04:22] [SCAN] Analyzing EURUSDm
[2026-05-07 22:04:23] Signal: {'time': Timestamp('2026-05-07 14:55:00'), 'symbol': 'EURUSDm', 'side': 'NO_TRADE', 'price': 1.17756, 'reason': 'no Donchian breakout'}
[2026-05-07 22:04:23] [SKIP] EURUSDm NO_TRADE: no Donchian breakout
[2026-05-07 22:04:23] [SELECT] Symbol switched: EURUSDm -> GBPUSDm | AI watchlist candidate
[2026-05-07 22:04:23] [SCAN] Analyzing GBPUSDm
[2026-05-07 22:04:24] Signal: {'time': Timestamp('2026-05-07 14:55:00'), 'symbol': 'GBPUSDm', 'side': 'NO_TRADE', 'price': 1.36296, 'reason': 'M15 ADX too low 11.32 < 18.0'}
[2026-05-07 22:04:24] [SKIP] GBPUSDm NO_TRADE: M15 ADX too low 11.32 < 18.0
[2026-05-07 22:04:24] [SELECT] Symbol switched: GBPUSDm -> USDJPYm | AI watchlist candidate
[2026-05-07 22:04:24] [SCAN] Analyzing USDJPYm
[2026-05-07 22:04:25] Signal: {'time': Timestamp('2026-05-07 14:55:00'), 'symbol': 'USDJPYm', 'side': 'NO_TRADE', 'price': 156.251, 'reason': 'M15 ADX too low 13.85 < 18.0'}
[2026-05-07 22:04:25] [SKIP] USDJPYm NO_TRADE: M15 ADX too low 13.85 < 18.0
[2026-05-07 22:04:25] [SELECT] Symbol switched: USDJPYm -> XAUUSDm | AI watchlist candidate
[2026-05-07 22:04:25] [SCAN] Analyzing XAUUSDm
[2026-05-07 22:04:26] Signal: {'time': Timestamp('2026-05-07 14:55:00'), 'symbol': 'XAUUSDm', 'side': 'NO_TRADE', 'price': 4762.477, 'reason': 'M15 ADX not rising'}
[2026-05-07 22:04:26] [SKIP] XAUUSDm NO_TRADE: M15 ADX not rising
[2026-05-07 22:04:26] [SELECT] Symbol switched: XAUUSDm -> USDCADm | AI watchlist candidate
[2026-05-07 22:04:26] [SCAN] Analyzing USDCADm
[2026-05-07 22:04:28] Signal: {'time': Timestamp('2026-05-07 14:55:00'), 'symbol': 'USDCADm', 'side': 'NO_TRADE', 'price': 1.36342, 'reason': 'no Donchian breakout'}
[2026-05-07 22:04:28] [SKIP] USDCADm NO_TRADE: no Donchian breakout
[2026-05-07 22:04:28] [SELECT] Symbol switched: USDCADm -> AUDUSDm | AI watchlist candidate
[2026-05-07 22:04:28] [SCAN] Analyzing AUDUSDm
[2026-05-07 22:04:29] Signal: {'time': Timestamp('2026-05-07 14:55:00'), 'symbol': 'AUDUSDm', 'side': 'NO_TRADE', 'price': 0.72575, 'reason': 'side blocked allowed=BOTH got=BUY'}
[2026-05-07 22:04:29] [SKIP] AUDUSDm NO_TRADE: side blocked allowed=BOTH got=BUY
[2026-05-07 22:04:29] [SELECT] Symbol switched: AUDUSDm -> EURGBPm | AI watchlist candidate
[2026-05-07 22:04:29] [SCAN] Analyzing EURGBPm
[2026-05-07 22:04:30] Signal: {'time': Timestamp('2026-05-07 14:55:00'), 'symbol': 'EURGBPm', 'side': 'NO_TRADE', 'price': 0.86389, 'reason': 'no Donchian breakout'}
[2026-05-07 22:04:30] [SKIP] EURGBPm NO_TRADE: no Donchian breakout
[2026-05-07 22:04:30] [WAIT] No order this round
[2026-05-07 22:05:30] [AI] Using cached scan from 2026-05-07 22:04:12 | symbols=EURUSDm, GBPUSDm, USDJPYm, XAUUSDm, USDCADm, AUDUSDm, EURGBPm
[2026-05-07 22:05:30] [STATS] Hourly rejections (of 7 attempts): {'no_donchian_breakout': '3(43%)', 'adx_too_low': '2(29%)', 'adx_not_rising': '1(14%)', 'side_blocked': '1(14%)'}
[2026-05-07 22:05:30] [WATCH] Watchlist: EURUSDm, GBPUSDm, USDJPYm, XAUUSDm, USDCADm, AUDUSDm, EURGBPm
[2026-05-07 22:05:30] [SELECT] Symbol switched: EURGBPm -> EURUSDm | AI watchlist candidate
[2026-05-07 22:05:30] [SCAN] Analyzing EURUSDm
[2026-05-07 22:05:31] Signal: {'time': Timestamp('2026-05-07 15:00:00'), 'symbol': 'EURUSDm', 'side': 'NO_TRADE', 'price': 1.17751, 'reason': 'no Donchian breakout'}
[2026-05-07 22:05:31] [SKIP] EURUSDm NO_TRADE: no Donchian breakout
[2026-05-07 22:05:31] [SELECT] Symbol switched: EURUSDm -> GBPUSDm | AI watchlist candidate
[2026-05-07 22:05:31] [SCAN] Analyzing GBPUSDm
[2026-05-07 22:05:32] Signal: {'time': Timestamp('2026-05-07 15:00:00'), 'symbol': 'GBPUSDm', 'side': 'NO_TRADE', 'price': 1.36273, 'reason': 'no Donchian breakout'}
[2026-05-07 22:05:32] [SKIP] GBPUSDm NO_TRADE: no Donchian breakout
[2026-05-07 22:05:32] [SELECT] Symbol switched: GBPUSDm -> USDJPYm | AI watchlist candidate
[2026-05-07 22:05:32] [SCAN] Analyzing USDJPYm
[2026-05-07 22:05:32] Signal: {'time': Timestamp('2026-05-07 15:00:00'), 'symbol': 'USDJPYm', 'side': 'NO_TRADE', 'price': 156.305, 'reason': 'no Donchian breakout'}
[2026-05-07 22:05:32] [SKIP] USDJPYm NO_TRADE: no Donchian breakout
[2026-05-07 22:05:32] [SELECT] Symbol switched: USDJPYm -> XAUUSDm | AI watchlist candidate
[2026-05-07 22:05:32] [SCAN] Analyzing XAUUSDm
[2026-05-07 22:05:33] Signal: {'time': Timestamp('2026-05-07 15:00:00'), 'symbol': 'XAUUSDm', 'side': 'NO_TRADE', 'price': 4759.184, 'reason': 'no Donchian breakout'}
[2026-05-07 22:05:33] [SKIP] XAUUSDm NO_TRADE: no Donchian breakout
[2026-05-07 22:05:33] [SELECT] Symbol switched: XAUUSDm -> USDCADm | AI watchlist candidate
[2026-05-07 22:05:33] [SCAN] Analyzing USDCADm
[2026-05-07 22:05:34] Signal: {'time': Timestamp('2026-05-07 15:00:00'), 'symbol': 'USDCADm', 'side': 'NO_TRADE', 'price': 1.36328, 'reason': 'no Donchian breakout'}
[2026-05-07 22:05:34] [SKIP] USDCADm NO_TRADE: no Donchian breakout
[2026-05-07 22:05:34] [SELECT] Symbol switched: USDCADm -> AUDUSDm | AI watchlist candidate
[2026-05-07 22:05:34] [SCAN] Analyzing AUDUSDm
[2026-05-07 22:05:35] Signal: {'time': Timestamp('2026-05-07 15:00:00'), 'symbol': 'AUDUSDm', 'side': 'NO_TRADE', 'price': 0.72555, 'reason': 'no Donchian breakout'}
[2026-05-07 22:05:35] [SKIP] AUDUSDm NO_TRADE: no Donchian breakout
[2026-05-07 22:05:35] [SELECT] Symbol switched: AUDUSDm -> EURGBPm | AI watchlist candidate
[2026-05-07 22:05:35] [SCAN] Analyzing EURGBPm
[2026-05-07 22:05:36] Signal: {'time': Timestamp('2026-05-07 15:00:00'), 'symbol': 'EURGBPm', 'side': 'NO_TRADE', 'price': 0.86401, 'reason': 'no Donchian breakout'}
[2026-05-07 22:05:36] [SKIP] EURGBPm NO_TRADE: no Donchian breakout
[2026-05-07 22:05:36] [WAIT] No order this round
[2026-05-07 22:06:36] [AI] Using cached scan from 2026-05-07 22:04:12 | symbols=EURUSDm, GBPUSDm, USDJPYm, XAUUSDm, USDCADm, AUDUSDm, EURGBPm
[2026-05-07 22:06:36] [WATCH] Watchlist: EURUSDm, GBPUSDm, USDJPYm, XAUUSDm, USDCADm, AUDUSDm, EURGBPm
[2026-05-07 22:06:36] [SELECT] Symbol switched: EURGBPm -> EURUSDm | AI watchlist candidate
[2026-05-07 22:06:36] [SCAN] Analyzing EURUSDm
[2026-05-07 22:06:36] [SKIP] EURUSDm same candle 2026-05-07 15:00:00  skip
[2026-05-07 22:06:36] [SELECT] Symbol switched: EURUSDm -> GBPUSDm | AI watchlist candidate
[2026-05-07 22:06:36] [SCAN] Analyzing GBPUSDm
[2026-05-07 22:06:37] [SKIP] GBPUSDm same candle 2026-05-07 15:00:00  skip
[2026-05-07 22:06:37] [SELECT] Symbol switched: GBPUSDm -> USDJPYm | AI watchlist candidate
[2026-05-07 22:06:37] [SCAN] Analyzing USDJPYm
[2026-05-07 22:06:38] [SKIP] USDJPYm same candle 2026-05-07 15:00:00  skip
[2026-05-07 22:06:38] [SELECT] Symbol switched: USDJPYm -> XAUUSDm | AI watchlist candidate
[2026-05-07 22:06:38] [SCAN] Analyzing XAUUSDm
[2026-05-07 22:06:39] [SKIP] XAUUSDm same candle 2026-05-07 15:00:00  skip
[2026-05-07 22:06:39] [SELECT] Symbol switched: XAUUSDm -> USDCADm | AI watchlist candidate
[2026-05-07 22:06:39] [SCAN] Analyzing USDCADm
[2026-05-07 22:06:39] [SKIP] USDCADm same candle 2026-05-07 15:00:00  skip
[2026-05-07 22:06:39] [SELECT] Symbol switched: USDCADm -> AUDUSDm | AI watchlist candidate
[2026-05-07 22:06:39] [SCAN] Analyzing AUDUSDm
[2026-05-07 22:06:40] [SKIP] AUDUSDm same candle 2026-05-07 15:00:00  skip
[2026-05-07 22:06:40] [SELECT] Symbol switched: AUDUSDm -> EURGBPm | AI watchlist candidate
[2026-05-07 22:06:40] [SCAN] Analyzing EURGBPm
[2026-05-07 22:06:41] [SKIP] EURGBPm same candle 2026-05-07 15:00:00  skip
[2026-05-07 22:06:41] [WAIT] No order this round
[2026-05-07 22:07:41] [AI] Using cached scan from 2026-05-07 22:04:12 | symbols=EURUSDm, GBPUSDm, USDJPYm, XAUUSDm, USDCADm, AUDUSDm, EURGBPm
[2026-05-07 22:07:41] [WATCH] Watchlist: EURUSDm, GBPUSDm, USDJPYm, XAUUSDm, USDCADm, AUDUSDm, EURGBPm
[2026-05-07 22:07:41] [SELECT] Symbol switched: EURGBPm -> EURUSDm | AI watchlist candidate
[2026-05-07 22:07:41] [SCAN] Analyzing EURUSDm
[2026-05-07 22:07:42] [SKIP] EURUSDm same candle 2026-05-07 15:00:00  skip
[2026-05-07 22:07:42] [SELECT] Symbol switched: EURUSDm -> GBPUSDm | AI watchlist candidate
[2026-05-07 22:07:42] [SCAN] Analyzing GBPUSDm
[2026-05-07 22:07:42] [SKIP] GBPUSDm same candle 2026-05-07 15:00:00  skip
[2026-05-07 22:07:42] [SELECT] Symbol switched: GBPUSDm -> USDJPYm | AI watchlist candidate
[2026-05-07 22:07:42] [SCAN] Analyzing USDJPYm
[2026-05-07 22:07:43] [SKIP] USDJPYm same candle 2026-05-07 15:00:00  skip
[2026-05-07 22:07:43] [SELECT] Symbol switched: USDJPYm -> XAUUSDm | AI watchlist candidate
[2026-05-07 22:07:43] [SCAN] Analyzing XAUUSDm
[2026-05-07 22:07:44] [SKIP] XAUUSDm same candle 2026-05-07 15:00:00  skip
[2026-05-07 22:07:44] [SELECT] Symbol switched: XAUUSDm -> USDCADm | AI watchlist candidate
[2026-05-07 22:07:44] [SCAN] Analyzing USDCADm
[2026-05-07 22:07:44] [SKIP] USDCADm same candle 2026-05-07 15:00:00  skip
[2026-05-07 22:07:44] [SELECT] Symbol switched: USDCADm -> AUDUSDm | AI watchlist candidate
[2026-05-07 22:07:44] [SCAN] Analyzing AUDUSDm
[2026-05-07 22:07:45] [SKIP] AUDUSDm same candle 2026-05-07 15:00:00  skip
[2026-05-07 22:07:45] [SELECT] Symbol switched: AUDUSDm -> EURGBPm | AI watchlist candidate
[2026-05-07 22:07:45] [SCAN] Analyzing EURGBPm
[2026-05-07 22:07:46] [SKIP] EURGBPm same candle 2026-05-07 15:00:00  skip
[2026-05-07 22:07:46] [WAIT] No order this round
[2026-05-07 22:08:46] [AI] Using cached scan from 2026-05-07 22:04:12 | symbols=EURUSDm, GBPUSDm, USDJPYm, XAUUSDm, USDCADm, AUDUSDm, EURGBPm
[2026-05-07 22:08:46] [WATCH] Watchlist: EURUSDm, GBPUSDm, USDJPYm, XAUUSDm, USDCADm, AUDUSDm, EURGBPm
[2026-05-07 22:08:46] [SELECT] Symbol switched: EURGBPm -> EURUSDm | AI watchlist candidate
[2026-05-07 22:08:46] [SCAN] Analyzing EURUSDm
[2026-05-07 22:08:47] [SKIP] EURUSDm same candle 2026-05-07 15:00:00  skip
[2026-05-07 22:08:47] [SELECT] Symbol switched: EURUSDm -> GBPUSDm | AI watchlist candidate
[2026-05-07 22:08:47] [SCAN] Analyzing GBPUSDm
[2026-05-07 22:08:47] [SKIP] GBPUSDm same candle 2026-05-07 15:00:00  skip
[2026-05-07 22:08:47] [SELECT] Symbol switched: GBPUSDm -> USDJPYm | AI watchlist candidate
[2026-05-07 22:08:47] [SCAN] Analyzing USDJPYm
[2026-05-07 22:08:48] [SKIP] USDJPYm same candle 2026-05-07 15:00:00  skip
[2026-05-07 22:08:48] [SELECT] Symbol switched: USDJPYm -> XAUUSDm | AI watchlist candidate
[2026-05-07 22:08:48] [SCAN] Analyzing XAUUSDm
[2026-05-07 22:08:49] [SKIP] XAUUSDm same candle 2026-05-07 15:00:00  skip
[2026-05-07 22:08:49] [SELECT] Symbol switched: XAUUSDm -> USDCADm | AI watchlist candidate
[2026-05-07 22:08:49] [SCAN] Analyzing USDCADm
[2026-05-07 22:08:50] [SKIP] USDCADm same candle 2026-05-07 15:00:00  skip
[2026-05-07 22:08:50] [SELECT] Symbol switched: USDCADm -> AUDUSDm | AI watchlist candidate
[2026-05-07 22:08:50] [SCAN] Analyzing AUDUSDm
[2026-05-07 22:08:50] [SKIP] AUDUSDm same candle 2026-05-07 15:00:00  skip
[2026-05-07 22:08:50] [SELECT] Symbol switched: AUDUSDm -> EURGBPm | AI watchlist candidate
[2026-05-07 22:08:50] [SCAN] Analyzing EURGBPm
[2026-05-07 22:08:51] [SKIP] EURGBPm same candle 2026-05-07 15:00:00  skip
[2026-05-07 22:08:51] [WAIT] No order this round
[2026-05-07 22:09:51] [AI] Using cached scan from 2026-05-07 22:04:12 | symbols=EURUSDm, GBPUSDm, USDJPYm, XAUUSDm, USDCADm, AUDUSDm, EURGBPm
[2026-05-07 22:09:51] [WATCH] Watchlist: EURUSDm, GBPUSDm, USDJPYm, XAUUSDm, USDCADm, AUDUSDm, EURGBPm
[2026-05-07 22:09:51] [SELECT] Symbol switched: EURGBPm -> EURUSDm | AI watchlist candidate
[2026-05-07 22:09:51] [SCAN] Analyzing EURUSDm
[2026-05-07 22:09:52] [SKIP] EURUSDm same candle 2026-05-07 15:00:00  skip
[2026-05-07 22:09:52] [SELECT] Symbol switched: EURUSDm -> GBPUSDm | AI watchlist candidate
[2026-05-07 22:09:52] [SCAN] Analyzing GBPUSDm
[2026-05-07 22:09:52] [SKIP] GBPUSDm same candle 2026-05-07 15:00:00  skip
[2026-05-07 22:09:52] [SELECT] Symbol switched: GBPUSDm -> USDJPYm | AI watchlist candidate
[2026-05-07 22:09:52] [SCAN] Analyzing USDJPYm
[2026-05-07 22:09:53] [SKIP] USDJPYm same candle 2026-05-07 15:00:00  skip
[2026-05-07 22:09:53] [SELECT] Symbol switched: USDJPYm -> XAUUSDm | AI watchlist candidate
[2026-05-07 22:09:53] [SCAN] Analyzing XAUUSDm
[2026-05-07 22:09:54] [SKIP] XAUUSDm same candle 2026-05-07 15:00:00  skip
[2026-05-07 22:09:54] [SELECT] Symbol switched: XAUUSDm -> USDCADm | AI watchlist candidate
[2026-05-07 22:09:54] [SCAN] Analyzing USDCADm
[2026-05-07 22:09:55] [SKIP] USDCADm same candle 2026-05-07 15:00:00  skip
[2026-05-07 22:09:55] [SELECT] Symbol switched: USDCADm -> AUDUSDm | AI watchlist candidate
[2026-05-07 22:09:55] [SCAN] Analyzing AUDUSDm
[2026-05-07 22:09:55] [SKIP] AUDUSDm same candle 2026-05-07 15:00:00  skip
[2026-05-07 22:09:55] [SELECT] Symbol switched: AUDUSDm -> EURGBPm | AI watchlist candidate
[2026-05-07 22:09:55] [SCAN] Analyzing EURGBPm
[2026-05-07 22:09:56] [SKIP] EURGBPm same candle 2026-05-07 15:00:00  skip
[2026-05-07 22:09:56] [WAIT] No order this round
[2026-05-07 22:10:39] [START] Forex bot starting | pid=26172 | session=14:0023:59 | interval=60s | DRY_RUN=True
[2026-05-07 22:10:39] [WAIT] Telegram skipped (missing TELEGRAM_BOT_TOKEN or TELEGRAM_CHAT_ID)
[2026-05-07 22:10:39] [CONNECT] Connecting MT5...
[2026-05-07 22:10:39] [WAIT] MT5 explicit login skipped (missing credentials)
[2026-05-07 22:10:39] [SCAN] Symbol resolved: XAUUSD -> XAUUSDm
[2026-05-07 22:10:39] [OK] MT5 connected | Symbol=XAUUSDm
[2026-05-07 22:10:39] [SCAN] Account: login=3472957 | server=Exness-MT5Real | name=eab6fa3d74e94af8a3b2bc8be14bbcc7@exness.io | currency=USD | trade_allowed=True | trade_expert=True | balance=27.99 | equity=27.99 | margin_free=27.99
[2026-05-07 22:10:39] [WAIT] Telegram skipped (missing TELEGRAM_BOT_TOKEN or TELEGRAM_CHAT_ID)
[2026-05-07 22:10:39] [AI] DeepSeek daily scan starting...
[2026-05-07 22:10:39] [AI] Candidates: EURUSD, GBPUSD, USDJPY, USDCHF, USDCAD, AUDUSD, NZDUSD, EURJPY, GBPJPY, XAUUSD, EURGBP, EURCHF, EURCAD, EURAUD, EURNZD, GBPCHF, GBPCAD, GBPAUD, GBPNZD, AUDJPY, CADJPY, CHFJPY, NZDJPY, AUDCAD, AUDCHF, AUDNZD, CADCHF, NZDCAD, NZDCHF
[2026-05-07 22:10:52] WARN [AI] DeepSeek scan failed: Unterminated string starting at: line 9 column 49 (char 655)
[2026-05-07 22:10:52] [START] Bot running
[2026-05-07 22:10:52] [AI] Using cached scan from 2026-05-07 22:04:12 | symbols=EURUSDm, GBPUSDm, USDJPYm, XAUUSDm, USDCADm, AUDUSDm, EURGBPm
[2026-05-07 22:10:52] [WATCH] Watchlist: EURUSDm, GBPUSDm, USDJPYm, XAUUSDm, USDCADm, AUDUSDm, EURGBPm
[2026-05-07 22:10:52] [SELECT] Symbol switched: XAUUSDm -> EURUSDm | AI watchlist candidate
[2026-05-07 22:10:52] [SCAN] Analyzing EURUSDm
[2026-05-07 22:10:53] Signal: {'time': Timestamp('2026-05-07 15:05:00'), 'symbol': 'EURUSDm', 'side': 'NO_TRADE', 'price': 1.17754, 'reason': 'no Donchian breakout'}
[2026-05-07 22:10:53] [SKIP] EURUSDm NO_TRADE: no Donchian breakout
[2026-05-07 22:10:53] [SELECT] Symbol switched: EURUSDm -> GBPUSDm | AI watchlist candidate
[2026-05-07 22:10:53] [SCAN] Analyzing GBPUSDm
[2026-05-07 22:10:54] Signal: {'time': Timestamp('2026-05-07 15:05:00'), 'symbol': 'GBPUSDm', 'side': 'NO_TRADE', 'price': 1.36279, 'reason': 'no Donchian breakout'}
[2026-05-07 22:10:54] [SKIP] GBPUSDm NO_TRADE: no Donchian breakout
[2026-05-07 22:10:54] [SELECT] Symbol switched: GBPUSDm -> USDJPYm | AI watchlist candidate
[2026-05-07 22:10:54] [SCAN] Analyzing USDJPYm
[2026-05-07 22:10:56] Signal: {'time': Timestamp('2026-05-07 15:05:00'), 'symbol': 'USDJPYm', 'side': 'NO_TRADE', 'price': 156.309, 'reason': 'no Donchian breakout'}
[2026-05-07 22:10:56] [SKIP] USDJPYm NO_TRADE: no Donchian breakout
[2026-05-07 22:10:56] [SELECT] Symbol switched: USDJPYm -> XAUUSDm | AI watchlist candidate
[2026-05-07 22:10:56] [SCAN] Analyzing XAUUSDm
[2026-05-07 22:10:57] Signal: {'time': Timestamp('2026-05-07 15:05:00'), 'symbol': 'XAUUSDm', 'side': 'NO_TRADE', 'price': 4758.818, 'reason': 'no Donchian breakout'}
[2026-05-07 22:10:57] [SKIP] XAUUSDm NO_TRADE: no Donchian breakout
[2026-05-07 22:10:57] [SELECT] Symbol switched: XAUUSDm -> USDCADm | AI watchlist candidate
[2026-05-07 22:10:57] [SCAN] Analyzing USDCADm
[2026-05-07 22:10:58] Signal: {'time': Timestamp('2026-05-07 15:05:00'), 'symbol': 'USDCADm', 'side': 'NO_TRADE', 'price': 1.36334, 'reason': 'no Donchian breakout'}
[2026-05-07 22:10:58] [SKIP] USDCADm NO_TRADE: no Donchian breakout
[2026-05-07 22:10:58] [SELECT] Symbol switched: USDCADm -> AUDUSDm | AI watchlist candidate
[2026-05-07 22:10:58] [SCAN] Analyzing AUDUSDm
[2026-05-07 22:10:59] Signal: {'time': Timestamp('2026-05-07 15:05:00'), 'symbol': 'AUDUSDm', 'side': 'NO_TRADE', 'price': 0.72566, 'reason': 'no Donchian breakout'}
[2026-05-07 22:10:59] [SKIP] AUDUSDm NO_TRADE: no Donchian breakout
[2026-05-07 22:10:59] [SELECT] Symbol switched: AUDUSDm -> EURGBPm | AI watchlist candidate
[2026-05-07 22:10:59] [SCAN] Analyzing EURGBPm
[2026-05-07 22:11:00] Signal: {'time': Timestamp('2026-05-07 15:05:00'), 'symbol': 'EURGBPm', 'side': 'NO_TRADE', 'price': 0.864, 'reason': 'no Donchian breakout'}
[2026-05-07 22:11:00] [SKIP] EURGBPm NO_TRADE: no Donchian breakout
[2026-05-07 22:11:00] [WAIT] No order this round
[2026-05-07 22:12:00] [AI] Using cached scan from 2026-05-07 22:04:12 | symbols=EURUSDm, GBPUSDm, USDJPYm, XAUUSDm, USDCADm, AUDUSDm, EURGBPm
[2026-05-07 22:12:00] [STATS] Hourly rejections (of 7 attempts): {'no_donchian_breakout': '7(100%)'}
[2026-05-07 22:12:00] [WATCH] Watchlist: EURUSDm, GBPUSDm, USDJPYm, XAUUSDm, USDCADm, AUDUSDm, EURGBPm
[2026-05-07 22:12:00] [SELECT] Symbol switched: EURGBPm -> EURUSDm | AI watchlist candidate
[2026-05-07 22:12:00] [SCAN] Analyzing EURUSDm
[2026-05-07 22:12:01] [SKIP] EURUSDm same candle 2026-05-07 15:05:00  skip
[2026-05-07 22:12:01] [SELECT] Symbol switched: EURUSDm -> GBPUSDm | AI watchlist candidate
[2026-05-07 22:12:01] [SCAN] Analyzing GBPUSDm
[2026-05-07 22:12:02] [SKIP] GBPUSDm same candle 2026-05-07 15:05:00  skip
[2026-05-07 22:12:02] [SELECT] Symbol switched: GBPUSDm -> USDJPYm | AI watchlist candidate
[2026-05-07 22:12:02] [SCAN] Analyzing USDJPYm
[2026-05-07 22:12:03] [SKIP] USDJPYm same candle 2026-05-07 15:05:00  skip
[2026-05-07 22:12:03] [SELECT] Symbol switched: USDJPYm -> XAUUSDm | AI watchlist candidate
[2026-05-07 22:12:03] [SCAN] Analyzing XAUUSDm
[2026-05-07 22:12:03] [SKIP] XAUUSDm same candle 2026-05-07 15:05:00  skip
[2026-05-07 22:12:03] [SELECT] Symbol switched: XAUUSDm -> USDCADm | AI watchlist candidate
[2026-05-07 22:12:03] [SCAN] Analyzing USDCADm
[2026-05-07 22:12:04] [SKIP] USDCADm same candle 2026-05-07 15:05:00  skip
[2026-05-07 22:12:04] [SELECT] Symbol switched: USDCADm -> AUDUSDm | AI watchlist candidate
[2026-05-07 22:12:04] [SCAN] Analyzing AUDUSDm
[2026-05-07 22:12:05] [SKIP] AUDUSDm same candle 2026-05-07 15:05:00  skip
[2026-05-07 22:12:05] [SELECT] Symbol switched: AUDUSDm -> EURGBPm | AI watchlist candidate
[2026-05-07 22:12:05] [SCAN] Analyzing EURGBPm
[2026-05-07 22:12:05] [SKIP] EURGBPm same candle 2026-05-07 15:05:00  skip
[2026-05-07 22:12:05] [WAIT] No order this round
[2026-05-07 22:13:05] [AI] Using cached scan from 2026-05-07 22:04:12 | symbols=EURUSDm, GBPUSDm, USDJPYm, XAUUSDm, USDCADm, AUDUSDm, EURGBPm
[2026-05-07 22:13:05] [WATCH] Watchlist: EURUSDm, GBPUSDm, USDJPYm, XAUUSDm, USDCADm, AUDUSDm, EURGBPm
[2026-05-07 22:13:05] [SELECT] Symbol switched: EURGBPm -> EURUSDm | AI watchlist candidate
[2026-05-07 22:13:05] [SCAN] Analyzing EURUSDm
[2026-05-07 22:13:06] [SKIP] EURUSDm same candle 2026-05-07 15:05:00  skip
[2026-05-07 22:13:06] [SELECT] Symbol switched: EURUSDm -> GBPUSDm | AI watchlist candidate
[2026-05-07 22:13:06] [SCAN] Analyzing GBPUSDm
[2026-05-07 22:13:07] [SKIP] GBPUSDm same candle 2026-05-07 15:05:00  skip
[2026-05-07 22:13:07] [SELECT] Symbol switched: GBPUSDm -> USDJPYm | AI watchlist candidate
[2026-05-07 22:13:07] [SCAN] Analyzing USDJPYm
[2026-05-07 22:13:08] [SKIP] USDJPYm same candle 2026-05-07 15:05:00  skip
[2026-05-07 22:13:08] [SELECT] Symbol switched: USDJPYm -> XAUUSDm | AI watchlist candidate
[2026-05-07 22:13:08] [SCAN] Analyzing XAUUSDm
[2026-05-07 22:13:08] [SKIP] XAUUSDm same candle 2026-05-07 15:05:00  skip
[2026-05-07 22:13:08] [SELECT] Symbol switched: XAUUSDm -> USDCADm | AI watchlist candidate
[2026-05-07 22:13:08] [SCAN] Analyzing USDCADm
[2026-05-07 22:13:09] [SKIP] USDCADm same candle 2026-05-07 15:05:00  skip
[2026-05-07 22:13:09] [SELECT] Symbol switched: USDCADm -> AUDUSDm | AI watchlist candidate
[2026-05-07 22:13:09] [SCAN] Analyzing AUDUSDm
[2026-05-07 22:13:10] [SKIP] AUDUSDm same candle 2026-05-07 15:05:00  skip
[2026-05-07 22:13:10] [SELECT] Symbol switched: AUDUSDm -> EURGBPm | AI watchlist candidate
[2026-05-07 22:13:10] [SCAN] Analyzing EURGBPm
[2026-05-07 22:13:11] [SKIP] EURGBPm same candle 2026-05-07 15:05:00  skip
[2026-05-07 22:13:11] [WAIT] No order this round
[2026-05-07 22:14:11] [AI] Using cached scan from 2026-05-07 22:04:12 | symbols=EURUSDm, GBPUSDm, USDJPYm, XAUUSDm, USDCADm, AUDUSDm, EURGBPm
[2026-05-07 22:14:11] [WATCH] Watchlist: EURUSDm, GBPUSDm, USDJPYm, XAUUSDm, USDCADm, AUDUSDm, EURGBPm
[2026-05-07 22:14:11] [SELECT] Symbol switched: EURGBPm -> EURUSDm | AI watchlist candidate
[2026-05-07 22:14:11] [SCAN] Analyzing EURUSDm
[2026-05-07 22:14:11] [SKIP] EURUSDm same candle 2026-05-07 15:05:00  skip
[2026-05-07 22:14:11] [SELECT] Symbol switched: EURUSDm -> GBPUSDm | AI watchlist candidate
[2026-05-07 22:14:11] [SCAN] Analyzing GBPUSDm
[2026-05-07 22:14:12] [SKIP] GBPUSDm same candle 2026-05-07 15:05:00  skip
[2026-05-07 22:14:12] [SELECT] Symbol switched: GBPUSDm -> USDJPYm | AI watchlist candidate
[2026-05-07 22:14:12] [SCAN] Analyzing USDJPYm
[2026-05-07 22:14:13] [SKIP] USDJPYm same candle 2026-05-07 15:05:00  skip
[2026-05-07 22:14:13] [SELECT] Symbol switched: USDJPYm -> XAUUSDm | AI watchlist candidate
[2026-05-07 22:14:13] [SCAN] Analyzing XAUUSDm
[2026-05-07 22:14:14] [SKIP] XAUUSDm same candle 2026-05-07 15:05:00  skip
[2026-05-07 22:14:14] [SELECT] Symbol switched: XAUUSDm -> USDCADm | AI watchlist candidate
[2026-05-07 22:14:14] [SCAN] Analyzing USDCADm
[2026-05-07 22:14:15] [SKIP] USDCADm same candle 2026-05-07 15:05:00  skip
[2026-05-07 22:14:15] [SELECT] Symbol switched: USDCADm -> AUDUSDm | AI watchlist candidate
[2026-05-07 22:14:15] [SCAN] Analyzing AUDUSDm
[2026-05-07 22:14:15] [SKIP] AUDUSDm same candle 2026-05-07 15:05:00  skip
[2026-05-07 22:14:15] [SELECT] Symbol switched: AUDUSDm -> EURGBPm | AI watchlist candidate
[2026-05-07 22:14:15] [SCAN] Analyzing EURGBPm
[2026-05-07 22:14:16] [SKIP] EURGBPm same candle 2026-05-07 15:05:00  skip
[2026-05-07 22:14:16] [WAIT] No order this round
[2026-05-07 22:15:16] [AI] Using cached scan from 2026-05-07 22:04:12 | symbols=EURUSDm, GBPUSDm, USDJPYm, XAUUSDm, USDCADm, AUDUSDm, EURGBPm
[2026-05-07 22:15:16] [WATCH] Watchlist: EURUSDm, GBPUSDm, USDJPYm, XAUUSDm, USDCADm, AUDUSDm, EURGBPm
[2026-05-07 22:15:16] [SELECT] Symbol switched: EURGBPm -> EURUSDm | AI watchlist candidate
[2026-05-07 22:15:16] [SCAN] Analyzing EURUSDm
[2026-05-07 22:15:17] Signal: {'time': Timestamp('2026-05-07 15:10:00'), 'symbol': 'EURUSDm', 'side': 'NO_TRADE', 'price': 1.17732, 'reason': 'no Donchian breakout'}
[2026-05-07 22:15:17] [SKIP] EURUSDm NO_TRADE: no Donchian breakout
[2026-05-07 22:15:17] [SELECT] Symbol switched: EURUSDm -> GBPUSDm | AI watchlist candidate
[2026-05-07 22:15:17] [SCAN] Analyzing GBPUSDm
[2026-05-07 22:15:18] Signal: {'time': Timestamp('2026-05-07 15:10:00'), 'symbol': 'GBPUSDm', 'side': 'NO_TRADE', 'price': 1.36252, 'reason': 'no Donchian breakout'}
[2026-05-07 22:15:18] [SKIP] GBPUSDm NO_TRADE: no Donchian breakout
[2026-05-07 22:15:18] [SELECT] Symbol switched: GBPUSDm -> USDJPYm | AI watchlist candidate
[2026-05-07 22:15:18] [SCAN] Analyzing USDJPYm
[2026-05-07 22:15:19] Signal: {'time': Timestamp('2026-05-07 15:10:00'), 'symbol': 'USDJPYm', 'side': 'NO_TRADE', 'price': 156.342, 'reason': 'no Donchian breakout'}
[2026-05-07 22:15:19] [SKIP] USDJPYm NO_TRADE: no Donchian breakout
[2026-05-07 22:15:19] [SELECT] Symbol switched: USDJPYm -> XAUUSDm | AI watchlist candidate
[2026-05-07 22:15:19] [SCAN] Analyzing XAUUSDm
[2026-05-07 22:15:20] Signal: {'time': Timestamp('2026-05-07 15:10:00'), 'symbol': 'XAUUSDm', 'side': 'NO_TRADE', 'price': 4754.893, 'reason': 'no Donchian breakout'}
[2026-05-07 22:15:20] [SKIP] XAUUSDm NO_TRADE: no Donchian breakout
[2026-05-07 22:15:20] [SELECT] Symbol switched: XAUUSDm -> USDCADm | AI watchlist candidate
[2026-05-07 22:15:20] [SCAN] Analyzing USDCADm
[2026-05-07 22:15:20] Signal: {'time': Timestamp('2026-05-07 15:10:00'), 'symbol': 'USDCADm', 'side': 'NO_TRADE', 'price': 1.36337, 'reason': 'no Donchian breakout'}
[2026-05-07 22:15:20] [SKIP] USDCADm NO_TRADE: no Donchian breakout
[2026-05-07 22:15:20] [SELECT] Symbol switched: USDCADm -> AUDUSDm | AI watchlist candidate
[2026-05-07 22:15:20] [SCAN] Analyzing AUDUSDm
[2026-05-07 22:15:21] Signal: {'time': Timestamp('2026-05-07 15:10:00'), 'symbol': 'AUDUSDm', 'side': 'NO_TRADE', 'price': 0.72539, 'reason': 'no Donchian breakout'}
[2026-05-07 22:15:21] [SKIP] AUDUSDm NO_TRADE: no Donchian breakout
[2026-05-07 22:15:21] [SELECT] Symbol switched: AUDUSDm -> EURGBPm | AI watchlist candidate
[2026-05-07 22:15:21] [SCAN] Analyzing EURGBPm
[2026-05-07 22:15:22] Signal: {'time': Timestamp('2026-05-07 15:10:00'), 'symbol': 'EURGBPm', 'side': 'NO_TRADE', 'price': 0.86402, 'reason': 'no Donchian breakout'}
[2026-05-07 22:15:22] [SKIP] EURGBPm NO_TRADE: no Donchian breakout
[2026-05-07 22:15:22] [WAIT] No order this round
[2026-05-07 22:16:22] [AI] Using cached scan from 2026-05-07 22:04:12 | symbols=EURUSDm, GBPUSDm, USDJPYm, XAUUSDm, USDCADm, AUDUSDm, EURGBPm
[2026-05-07 22:16:22] [WATCH] Watchlist: EURUSDm, GBPUSDm, USDJPYm, XAUUSDm, USDCADm, AUDUSDm, EURGBPm
[2026-05-07 22:16:22] [SELECT] Symbol switched: EURGBPm -> EURUSDm | AI watchlist candidate
[2026-05-07 22:16:22] [SCAN] Analyzing EURUSDm
[2026-05-07 22:16:23] [SKIP] EURUSDm same candle 2026-05-07 15:10:00  skip
[2026-05-07 22:16:23] [SELECT] Symbol switched: EURUSDm -> GBPUSDm | AI watchlist candidate
[2026-05-07 22:16:23] [SCAN] Analyzing GBPUSDm
[2026-05-07 22:16:23] [SKIP] GBPUSDm same candle 2026-05-07 15:10:00  skip
[2026-05-07 22:16:23] [SELECT] Symbol switched: GBPUSDm -> USDJPYm | AI watchlist candidate
[2026-05-07 22:16:23] [SCAN] Analyzing USDJPYm
[2026-05-07 22:16:24] [SKIP] USDJPYm same candle 2026-05-07 15:10:00  skip
[2026-05-07 22:16:24] [SELECT] Symbol switched: USDJPYm -> XAUUSDm | AI watchlist candidate
[2026-05-07 22:16:24] [SCAN] Analyzing XAUUSDm
[2026-05-07 22:16:25] [SKIP] XAUUSDm same candle 2026-05-07 15:10:00  skip
[2026-05-07 22:16:25] [SELECT] Symbol switched: XAUUSDm -> USDCADm | AI watchlist candidate
[2026-05-07 22:16:25] [SCAN] Analyzing USDCADm
[2026-05-07 22:16:25] [SKIP] USDCADm same candle 2026-05-07 15:10:00  skip
[2026-05-07 22:16:25] [SELECT] Symbol switched: USDCADm -> AUDUSDm | AI watchlist candidate
[2026-05-07 22:16:25] [SCAN] Analyzing AUDUSDm
[2026-05-07 22:16:26] [SKIP] AUDUSDm same candle 2026-05-07 15:10:00  skip
[2026-05-07 22:16:26] [SELECT] Symbol switched: AUDUSDm -> EURGBPm | AI watchlist candidate
[2026-05-07 22:16:26] [SCAN] Analyzing EURGBPm
[2026-05-07 22:16:27] [SKIP] EURGBPm same candle 2026-05-07 15:10:00  skip
[2026-05-07 22:16:27] [WAIT] No order this round
[2026-05-07 22:17:27] [AI] Using cached scan from 2026-05-07 22:04:12 | symbols=EURUSDm, GBPUSDm, USDJPYm, XAUUSDm, USDCADm, AUDUSDm, EURGBPm
[2026-05-07 22:17:27] [WATCH] Watchlist: EURUSDm, GBPUSDm, USDJPYm, XAUUSDm, USDCADm, AUDUSDm, EURGBPm
[2026-05-07 22:17:27] [SELECT] Symbol switched: EURGBPm -> EURUSDm | AI watchlist candidate
[2026-05-07 22:17:27] [SCAN] Analyzing EURUSDm
[2026-05-07 22:17:28] [SKIP] EURUSDm same candle 2026-05-07 15:10:00  skip
[2026-05-07 22:17:28] [SELECT] Symbol switched: EURUSDm -> GBPUSDm | AI watchlist candidate
[2026-05-07 22:17:28] [SCAN] Analyzing GBPUSDm
[2026-05-07 22:17:28] [SKIP] GBPUSDm same candle 2026-05-07 15:10:00  skip
[2026-05-07 22:17:28] [SELECT] Symbol switched: GBPUSDm -> USDJPYm | AI watchlist candidate
[2026-05-07 22:17:28] [SCAN] Analyzing USDJPYm
[2026-05-07 22:17:29] [SKIP] USDJPYm same candle 2026-05-07 15:10:00  skip
[2026-05-07 22:17:29] [SELECT] Symbol switched: USDJPYm -> XAUUSDm | AI watchlist candidate
[2026-05-07 22:17:29] [SCAN] Analyzing XAUUSDm
[2026-05-07 22:17:30] [SKIP] XAUUSDm same candle 2026-05-07 15:10:00  skip
[2026-05-07 22:17:30] [SELECT] Symbol switched: XAUUSDm -> USDCADm | AI watchlist candidate
[2026-05-07 22:17:30] [SCAN] Analyzing USDCADm
[2026-05-07 22:17:31] [SKIP] USDCADm same candle 2026-05-07 15:10:00  skip
[2026-05-07 22:17:31] [SELECT] Symbol switched: USDCADm -> AUDUSDm | AI watchlist candidate
[2026-05-07 22:17:31] [SCAN] Analyzing AUDUSDm
[2026-05-07 22:17:31] [SKIP] AUDUSDm same candle 2026-05-07 15:10:00  skip
[2026-05-07 22:17:31] [SELECT] Symbol switched: AUDUSDm -> EURGBPm | AI watchlist candidate
[2026-05-07 22:17:31] [SCAN] Analyzing EURGBPm
[2026-05-07 22:17:32] [SKIP] EURGBPm same candle 2026-05-07 15:10:00  skip
[2026-05-07 22:17:32] [WAIT] No order this round
[2026-05-07 22:18:32] [AI] Using cached scan from 2026-05-07 22:04:12 | symbols=EURUSDm, GBPUSDm, USDJPYm, XAUUSDm, USDCADm, AUDUSDm, EURGBPm
[2026-05-07 22:18:32] [WATCH] Watchlist: EURUSDm, GBPUSDm, USDJPYm, XAUUSDm, USDCADm, AUDUSDm, EURGBPm
[2026-05-07 22:18:32] [SELECT] Symbol switched: EURGBPm -> EURUSDm | AI watchlist candidate
[2026-05-07 22:18:32] [SCAN] Analyzing EURUSDm
[2026-05-07 22:18:33] [SKIP] EURUSDm same candle 2026-05-07 15:10:00  skip
[2026-05-07 22:18:33] [SELECT] Symbol switched: EURUSDm -> GBPUSDm | AI watchlist candidate
[2026-05-07 22:18:33] [SCAN] Analyzing GBPUSDm
[2026-05-07 22:18:33] [SKIP] GBPUSDm same candle 2026-05-07 15:10:00  skip
[2026-05-07 22:18:33] [SELECT] Symbol switched: GBPUSDm -> USDJPYm | AI watchlist candidate
[2026-05-07 22:18:33] [SCAN] Analyzing USDJPYm
[2026-05-07 22:18:34] [SKIP] USDJPYm same candle 2026-05-07 15:10:00  skip
[2026-05-07 22:18:34] [SELECT] Symbol switched: USDJPYm -> XAUUSDm | AI watchlist candidate
[2026-05-07 22:18:34] [SCAN] Analyzing XAUUSDm
[2026-05-07 22:18:35] [SKIP] XAUUSDm same candle 2026-05-07 15:10:00  skip
[2026-05-07 22:18:35] [SELECT] Symbol switched: XAUUSDm -> USDCADm | AI watchlist candidate
[2026-05-07 22:18:35] [SCAN] Analyzing USDCADm
[2026-05-07 22:18:36] [SKIP] USDCADm same candle 2026-05-07 15:10:00  skip
[2026-05-07 22:18:36] [SELECT] Symbol switched: USDCADm -> AUDUSDm | AI watchlist candidate
[2026-05-07 22:18:36] [SCAN] Analyzing AUDUSDm
[2026-05-07 22:18:36] [SKIP] AUDUSDm same candle 2026-05-07 15:10:00  skip
[2026-05-07 22:18:36] [SELECT] Symbol switched: AUDUSDm -> EURGBPm | AI watchlist candidate
[2026-05-07 22:18:36] [SCAN] Analyzing EURGBPm
[2026-05-07 22:18:37] [SKIP] EURGBPm same candle 2026-05-07 15:10:00  skip
[2026-05-07 22:18:37] [WAIT] No order this round
[2026-05-07 22:19:37] [AI] Using cached scan from 2026-05-07 22:04:12 | symbols=EURUSDm, GBPUSDm, USDJPYm, XAUUSDm, USDCADm, AUDUSDm, EURGBPm
[2026-05-07 22:19:37] [WATCH] Watchlist: EURUSDm, GBPUSDm, USDJPYm, XAUUSDm, USDCADm, AUDUSDm, EURGBPm
[2026-05-07 22:19:37] [SELECT] Symbol switched: EURGBPm -> EURUSDm | AI watchlist candidate
[2026-05-07 22:19:37] [SCAN] Analyzing EURUSDm
[2026-05-07 22:19:38] [SKIP] EURUSDm same candle 2026-05-07 15:10:00  skip
[2026-05-07 22:19:38] [SELECT] Symbol switched: EURUSDm -> GBPUSDm | AI watchlist candidate
[2026-05-07 22:19:38] [SCAN] Analyzing GBPUSDm
[2026-05-07 22:19:39] [SKIP] GBPUSDm same candle 2026-05-07 15:10:00  skip
[2026-05-07 22:19:39] [SELECT] Symbol switched: GBPUSDm -> USDJPYm | AI watchlist candidate
[2026-05-07 22:19:39] [SCAN] Analyzing USDJPYm
[2026-05-07 22:19:39] [SKIP] USDJPYm same candle 2026-05-07 15:10:00  skip
[2026-05-07 22:19:39] [SELECT] Symbol switched: USDJPYm -> XAUUSDm | AI watchlist candidate
[2026-05-07 22:19:39] [SCAN] Analyzing XAUUSDm
[2026-05-07 22:19:40] [SKIP] XAUUSDm same candle 2026-05-07 15:10:00  skip
[2026-05-07 22:19:40] [SELECT] Symbol switched: XAUUSDm -> USDCADm | AI watchlist candidate
[2026-05-07 22:19:40] [SCAN] Analyzing USDCADm
[2026-05-07 22:19:41] [SKIP] USDCADm same candle 2026-05-07 15:10:00  skip
[2026-05-07 22:19:41] [SELECT] Symbol switched: USDCADm -> AUDUSDm | AI watchlist candidate
[2026-05-07 22:19:41] [SCAN] Analyzing AUDUSDm
[2026-05-07 22:19:42] [SKIP] AUDUSDm same candle 2026-05-07 15:10:00  skip
[2026-05-07 22:19:42] [SELECT] Symbol switched: AUDUSDm -> EURGBPm | AI watchlist candidate
[2026-05-07 22:19:42] [SCAN] Analyzing EURGBPm
[2026-05-07 22:19:42] [SKIP] EURGBPm same candle 2026-05-07 15:10:00  skip
[2026-05-07 22:19:42] [WAIT] No order this round
[2026-05-07 22:20:42] [AI] Using cached scan from 2026-05-07 22:04:12 | symbols=EURUSDm, GBPUSDm, USDJPYm, XAUUSDm, USDCADm, AUDUSDm, EURGBPm
[2026-05-07 22:20:42] [WATCH] Watchlist: EURUSDm, GBPUSDm, USDJPYm, XAUUSDm, USDCADm, AUDUSDm, EURGBPm
[2026-05-07 22:20:42] [SELECT] Symbol switched: EURGBPm -> EURUSDm | AI watchlist candidate
[2026-05-07 22:20:42] [SCAN] Analyzing EURUSDm
[2026-05-07 22:20:43] Signal: {'time': Timestamp('2026-05-07 15:15:00'), 'symbol': 'EURUSDm', 'side': 'NO_TRADE', 'price': 1.17737, 'reason': 'no Donchian breakout'}
[2026-05-07 22:20:43] [SKIP] EURUSDm NO_TRADE: no Donchian breakout
[2026-05-07 22:20:43] [SELECT] Symbol switched: EURUSDm -> GBPUSDm | AI watchlist candidate
[2026-05-07 22:20:43] [SCAN] Analyzing GBPUSDm
[2026-05-07 22:20:44] Signal: {'time': Timestamp('2026-05-07 15:15:00'), 'symbol': 'GBPUSDm', 'side': 'NO_TRADE', 'price': 1.36267, 'reason': 'no Donchian breakout'}
[2026-05-07 22:20:44] [SKIP] GBPUSDm NO_TRADE: no Donchian breakout
[2026-05-07 22:20:44] [SELECT] Symbol switched: GBPUSDm -> USDJPYm | AI watchlist candidate
[2026-05-07 22:20:44] [SCAN] Analyzing USDJPYm
[2026-05-07 22:20:45] Signal: {'time': Timestamp('2026-05-07 15:15:00'), 'symbol': 'USDJPYm', 'side': 'NO_TRADE', 'price': 156.357, 'reason': 'no Donchian breakout'}
[2026-05-07 22:20:45] [SKIP] USDJPYm NO_TRADE: no Donchian breakout
[2026-05-07 22:20:45] [SELECT] Symbol switched: USDJPYm -> XAUUSDm | AI watchlist candidate
[2026-05-07 22:20:45] [SCAN] Analyzing XAUUSDm
[2026-05-07 22:20:45] Signal: {'time': Timestamp('2026-05-07 15:15:00'), 'symbol': 'XAUUSDm', 'side': 'NO_TRADE', 'price': 4754.096, 'reason': 'no Donchian breakout'}
[2026-05-07 22:20:45] [SKIP] XAUUSDm NO_TRADE: no Donchian breakout
[2026-05-07 22:20:45] [SELECT] Symbol switched: XAUUSDm -> USDCADm | AI watchlist candidate
[2026-05-07 22:20:45] [SCAN] Analyzing USDCADm
[2026-05-07 22:20:46] Signal: {'time': Timestamp('2026-05-07 15:15:00'), 'symbol': 'USDCADm', 'side': 'NO_TRADE', 'price': 1.36354, 'reason': 'no Donchian breakout'}
[2026-05-07 22:20:46] [SKIP] USDCADm NO_TRADE: no Donchian breakout
[2026-05-07 22:20:46] [SELECT] Symbol switched: USDCADm -> AUDUSDm | AI watchlist candidate
[2026-05-07 22:20:46] [SCAN] Analyzing AUDUSDm
[2026-05-07 22:20:47] Signal: {'time': Timestamp('2026-05-07 15:15:00'), 'symbol': 'AUDUSDm', 'side': 'NO_TRADE', 'price': 0.72534, 'reason': 'no Donchian breakout'}
[2026-05-07 22:20:47] [SKIP] AUDUSDm NO_TRADE: no Donchian breakout
[2026-05-07 22:20:47] [SELECT] Symbol switched: AUDUSDm -> EURGBPm | AI watchlist candidate
[2026-05-07 22:20:47] [SCAN] Analyzing EURGBPm
[2026-05-07 22:20:48] Signal: {'time': Timestamp('2026-05-07 15:15:00'), 'symbol': 'EURGBPm', 'side': 'NO_TRADE', 'price': 0.86393, 'reason': 'no Donchian breakout'}
[2026-05-07 22:20:48] [SKIP] EURGBPm NO_TRADE: no Donchian breakout
[2026-05-07 22:20:48] [WAIT] No order this round
[2026-05-07 22:21:48] [AI] Using cached scan from 2026-05-07 22:04:12 | symbols=EURUSDm, GBPUSDm, USDJPYm, XAUUSDm, USDCADm, AUDUSDm, EURGBPm
[2026-05-07 22:21:48] [WATCH] Watchlist: EURUSDm, GBPUSDm, USDJPYm, XAUUSDm, USDCADm, AUDUSDm, EURGBPm
[2026-05-07 22:21:48] [SELECT] Symbol switched: EURGBPm -> EURUSDm | AI watchlist candidate
[2026-05-07 22:21:48] [SCAN] Analyzing EURUSDm
[2026-05-07 22:21:48] [SKIP] EURUSDm same candle 2026-05-07 15:15:00  skip
[2026-05-07 22:21:48] [SELECT] Symbol switched: EURUSDm -> GBPUSDm | AI watchlist candidate
[2026-05-07 22:21:48] [SCAN] Analyzing GBPUSDm
[2026-05-07 22:21:49] [SKIP] GBPUSDm same candle 2026-05-07 15:15:00  skip
[2026-05-07 22:21:49] [SELECT] Symbol switched: GBPUSDm -> USDJPYm | AI watchlist candidate
[2026-05-07 22:21:49] [SCAN] Analyzing USDJPYm
[2026-05-07 22:21:50] [SKIP] USDJPYm same candle 2026-05-07 15:15:00  skip
[2026-05-07 22:21:50] [SELECT] Symbol switched: USDJPYm -> XAUUSDm | AI watchlist candidate
[2026-05-07 22:21:50] [SCAN] Analyzing XAUUSDm
[2026-05-07 22:21:51] [SKIP] XAUUSDm same candle 2026-05-07 15:15:00  skip
[2026-05-07 22:21:51] [SELECT] Symbol switched: XAUUSDm -> USDCADm | AI watchlist candidate
[2026-05-07 22:21:51] [SCAN] Analyzing USDCADm
[2026-05-07 22:21:51] [SKIP] USDCADm same candle 2026-05-07 15:15:00  skip
[2026-05-07 22:21:51] [SELECT] Symbol switched: USDCADm -> AUDUSDm | AI watchlist candidate
[2026-05-07 22:21:51] [SCAN] Analyzing AUDUSDm
[2026-05-07 22:21:52] [SKIP] AUDUSDm same candle 2026-05-07 15:15:00  skip
[2026-05-07 22:21:52] [SELECT] Symbol switched: AUDUSDm -> EURGBPm | AI watchlist candidate
[2026-05-07 22:21:52] [SCAN] Analyzing EURGBPm
[2026-05-07 22:21:53] [SKIP] EURGBPm same candle 2026-05-07 15:15:00  skip
[2026-05-07 22:21:53] [WAIT] No order this round
[2026-05-07 22:22:53] [AI] Using cached scan from 2026-05-07 22:04:12 | symbols=EURUSDm, GBPUSDm, USDJPYm, XAUUSDm, USDCADm, AUDUSDm, EURGBPm
[2026-05-07 22:22:53] [WATCH] Watchlist: EURUSDm, GBPUSDm, USDJPYm, XAUUSDm, USDCADm, AUDUSDm, EURGBPm
[2026-05-07 22:22:53] [SELECT] Symbol switched: EURGBPm -> EURUSDm | AI watchlist candidate
[2026-05-07 22:22:53] [SCAN] Analyzing EURUSDm
[2026-05-07 22:22:53] [SKIP] EURUSDm same candle 2026-05-07 15:15:00  skip
[2026-05-07 22:22:53] [SELECT] Symbol switched: EURUSDm -> GBPUSDm | AI watchlist candidate
[2026-05-07 22:22:53] [SCAN] Analyzing GBPUSDm
[2026-05-07 22:22:54] [SKIP] GBPUSDm same candle 2026-05-07 15:15:00  skip
[2026-05-07 22:22:54] [SELECT] Symbol switched: GBPUSDm -> USDJPYm | AI watchlist candidate
[2026-05-07 22:22:54] [SCAN] Analyzing USDJPYm
[2026-05-07 22:22:55] [SKIP] USDJPYm same candle 2026-05-07 15:15:00  skip
[2026-05-07 22:22:55] [SELECT] Symbol switched: USDJPYm -> XAUUSDm | AI watchlist candidate
[2026-05-07 22:22:55] [SCAN] Analyzing XAUUSDm
[2026-05-07 22:22:56] [SKIP] XAUUSDm same candle 2026-05-07 15:15:00  skip
[2026-05-07 22:22:56] [SELECT] Symbol switched: XAUUSDm -> USDCADm | AI watchlist candidate
[2026-05-07 22:22:56] [SCAN] Analyzing USDCADm
[2026-05-07 22:22:57] [SKIP] USDCADm same candle 2026-05-07 15:15:00  skip
[2026-05-07 22:22:57] [SELECT] Symbol switched: USDCADm -> AUDUSDm | AI watchlist candidate
[2026-05-07 22:22:57] [SCAN] Analyzing AUDUSDm
[2026-05-07 22:22:58] [SKIP] AUDUSDm same candle 2026-05-07 15:15:00  skip
[2026-05-07 22:22:58] [SELECT] Symbol switched: AUDUSDm -> EURGBPm | AI watchlist candidate
[2026-05-07 22:22:58] [SCAN] Analyzing EURGBPm
[2026-05-07 22:22:59] [SKIP] EURGBPm same candle 2026-05-07 15:15:00  skip
[2026-05-07 22:22:59] [WAIT] No order this round
[2026-05-07 22:23:59] [AI] Using cached scan from 2026-05-07 22:04:12 | symbols=EURUSDm, GBPUSDm, USDJPYm, XAUUSDm, USDCADm, AUDUSDm, EURGBPm
[2026-05-07 22:23:59] [WATCH] Watchlist: EURUSDm, GBPUSDm, USDJPYm, XAUUSDm, USDCADm, AUDUSDm, EURGBPm
[2026-05-07 22:23:59] [SELECT] Symbol switched: EURGBPm -> EURUSDm | AI watchlist candidate
[2026-05-07 22:23:59] [SCAN] Analyzing EURUSDm
[2026-05-07 22:24:00] [SKIP] EURUSDm same candle 2026-05-07 15:15:00  skip
[2026-05-07 22:24:00] [SELECT] Symbol switched: EURUSDm -> GBPUSDm | AI watchlist candidate
[2026-05-07 22:24:00] [SCAN] Analyzing GBPUSDm
[2026-05-07 22:24:00] [SKIP] GBPUSDm same candle 2026-05-07 15:15:00  skip
[2026-05-07 22:24:00] [SELECT] Symbol switched: GBPUSDm -> USDJPYm | AI watchlist candidate
[2026-05-07 22:24:00] [SCAN] Analyzing USDJPYm
[2026-05-07 22:24:01] [SKIP] USDJPYm same candle 2026-05-07 15:15:00  skip
[2026-05-07 22:24:01] [SELECT] Symbol switched: USDJPYm -> XAUUSDm | AI watchlist candidate
[2026-05-07 22:24:01] [SCAN] Analyzing XAUUSDm
[2026-05-07 22:24:02] [SKIP] XAUUSDm same candle 2026-05-07 15:15:00  skip
[2026-05-07 22:24:02] [SELECT] Symbol switched: XAUUSDm -> USDCADm | AI watchlist candidate
[2026-05-07 22:24:02] [SCAN] Analyzing USDCADm
[2026-05-07 22:24:02] [SKIP] USDCADm same candle 2026-05-07 15:15:00  skip
[2026-05-07 22:24:02] [SELECT] Symbol switched: USDCADm -> AUDUSDm | AI watchlist candidate
[2026-05-07 22:24:02] [SCAN] Analyzing AUDUSDm
[2026-05-07 22:24:03] [SKIP] AUDUSDm same candle 2026-05-07 15:15:00  skip
[2026-05-07 22:24:03] [SELECT] Symbol switched: AUDUSDm -> EURGBPm | AI watchlist candidate
[2026-05-07 22:24:03] [SCAN] Analyzing EURGBPm
[2026-05-07 22:24:04] [SKIP] EURGBPm same candle 2026-05-07 15:15:00  skip
[2026-05-07 22:24:04] [WAIT] No order this round
[2026-05-07 22:25:04] [AI] Using cached scan from 2026-05-07 22:04:12 | symbols=EURUSDm, GBPUSDm, USDJPYm, XAUUSDm, USDCADm, AUDUSDm, EURGBPm
[2026-05-07 22:25:04] [WATCH] Watchlist: EURUSDm, GBPUSDm, USDJPYm, XAUUSDm, USDCADm, AUDUSDm, EURGBPm
[2026-05-07 22:25:04] [SELECT] Symbol switched: EURGBPm -> EURUSDm | AI watchlist candidate
[2026-05-07 22:25:04] [SCAN] Analyzing EURUSDm
[2026-05-07 22:25:05] Signal: {'time': Timestamp('2026-05-07 15:20:00'), 'symbol': 'EURUSDm', 'side': 'NO_TRADE', 'price': 1.1770100000000001, 'reason': 'no Donchian breakout'}
[2026-05-07 22:25:05] [SKIP] EURUSDm NO_TRADE: no Donchian breakout
[2026-05-07 22:25:05] [SELECT] Symbol switched: EURUSDm -> GBPUSDm | AI watchlist candidate
[2026-05-07 22:25:05] [SCAN] Analyzing GBPUSDm
[2026-05-07 22:25:05] Signal: {'time': Timestamp('2026-05-07 15:20:00'), 'symbol': 'GBPUSDm', 'side': 'NO_TRADE', 'price': 1.36208, 'reason': 'no Donchian breakout'}
[2026-05-07 22:25:05] [SKIP] GBPUSDm NO_TRADE: no Donchian breakout
[2026-05-07 22:25:05] [SELECT] Symbol switched: GBPUSDm -> USDJPYm | AI watchlist candidate
[2026-05-07 22:25:05] [SCAN] Analyzing USDJPYm
[2026-05-07 22:25:06] Signal: {'time': Timestamp('2026-05-07 15:20:00'), 'symbol': 'USDJPYm', 'side': 'NO_TRADE', 'price': 156.382, 'reason': 'no Donchian breakout'}
[2026-05-07 22:25:06] [SKIP] USDJPYm NO_TRADE: no Donchian breakout
[2026-05-07 22:25:06] [SELECT] Symbol switched: USDJPYm -> XAUUSDm | AI watchlist candidate
[2026-05-07 22:25:06] [SCAN] Analyzing XAUUSDm
[2026-05-07 22:25:07] Signal: {'time': Timestamp('2026-05-07 15:20:00'), 'symbol': 'XAUUSDm', 'side': 'NO_TRADE', 'price': 4747.239, 'reason': 'no Donchian breakout'}
[2026-05-07 22:25:07] [SKIP] XAUUSDm NO_TRADE: no Donchian breakout
[2026-05-07 22:25:07] [SELECT] Symbol switched: XAUUSDm -> USDCADm | AI watchlist candidate
[2026-05-07 22:25:07] [SCAN] Analyzing USDCADm
[2026-05-07 22:25:08] Signal: {'time': Timestamp('2026-05-07 15:20:00'), 'symbol': 'USDCADm', 'side': 'NO_TRADE', 'price': 1.36411, 'reason': 'no Donchian breakout'}
[2026-05-07 22:25:08] [SKIP] USDCADm NO_TRADE: no Donchian breakout
[2026-05-07 22:25:08] [SELECT] Symbol switched: USDCADm -> AUDUSDm | AI watchlist candidate
[2026-05-07 22:25:08] [SCAN] Analyzing AUDUSDm
[2026-05-07 22:25:09] Signal: {'time': Timestamp('2026-05-07 15:20:00'), 'symbol': 'AUDUSDm', 'side': 'NO_TRADE', 'price': 0.72476, 'reason': 'no Donchian breakout'}
[2026-05-07 22:25:09] [SKIP] AUDUSDm NO_TRADE: no Donchian breakout
[2026-05-07 22:25:09] [SELECT] Symbol switched: AUDUSDm -> EURGBPm | AI watchlist candidate
[2026-05-07 22:25:09] [SCAN] Analyzing EURGBPm
[2026-05-07 22:25:09] Signal: {'time': Timestamp('2026-05-07 15:20:00'), 'symbol': 'EURGBPm', 'side': 'NO_TRADE', 'price': 0.86405, 'reason': 'no Donchian breakout'}
[2026-05-07 22:25:09] [SKIP] EURGBPm NO_TRADE: no Donchian breakout
[2026-05-07 22:25:09] [WAIT] No order this round
[2026-05-07 22:26:09] [AI] Using cached scan from 2026-05-07 22:04:12 | symbols=EURUSDm, GBPUSDm, USDJPYm, XAUUSDm, USDCADm, AUDUSDm, EURGBPm
[2026-05-07 22:26:09] [WATCH] Watchlist: EURUSDm, GBPUSDm, USDJPYm, XAUUSDm, USDCADm, AUDUSDm, EURGBPm
[2026-05-07 22:26:09] [SELECT] Symbol switched: EURGBPm -> EURUSDm | AI watchlist candidate
[2026-05-07 22:26:09] [SCAN] Analyzing EURUSDm
[2026-05-07 22:26:10] [SKIP] EURUSDm same candle 2026-05-07 15:20:00  skip
[2026-05-07 22:26:10] [SELECT] Symbol switched: EURUSDm -> GBPUSDm | AI watchlist candidate
[2026-05-07 22:26:10] [SCAN] Analyzing GBPUSDm
[2026-05-07 22:26:11] [SKIP] GBPUSDm same candle 2026-05-07 15:20:00  skip
[2026-05-07 22:26:11] [SELECT] Symbol switched: GBPUSDm -> USDJPYm | AI watchlist candidate
[2026-05-07 22:26:11] [SCAN] Analyzing USDJPYm
[2026-05-07 22:26:11] [SKIP] USDJPYm same candle 2026-05-07 15:20:00  skip
[2026-05-07 22:26:11] [SELECT] Symbol switched: USDJPYm -> XAUUSDm | AI watchlist candidate
[2026-05-07 22:26:11] [SCAN] Analyzing XAUUSDm
[2026-05-07 22:26:12] [SKIP] XAUUSDm same candle 2026-05-07 15:20:00  skip
[2026-05-07 22:26:12] [SELECT] Symbol switched: XAUUSDm -> USDCADm | AI watchlist candidate
[2026-05-07 22:26:12] [SCAN] Analyzing USDCADm
[2026-05-07 22:26:13] [SKIP] USDCADm same candle 2026-05-07 15:20:00  skip
[2026-05-07 22:26:13] [SELECT] Symbol switched: USDCADm -> AUDUSDm | AI watchlist candidate
[2026-05-07 22:26:13] [SCAN] Analyzing AUDUSDm
[2026-05-07 22:26:14] [SKIP] AUDUSDm same candle 2026-05-07 15:20:00  skip
[2026-05-07 22:26:14] [SELECT] Symbol switched: AUDUSDm -> EURGBPm | AI watchlist candidate
[2026-05-07 22:26:14] [SCAN] Analyzing EURGBPm
[2026-05-07 22:26:14] [SKIP] EURGBPm same candle 2026-05-07 15:20:00  skip
[2026-05-07 22:26:14] [WAIT] No order this round
[2026-05-07 22:27:14] [AI] Using cached scan from 2026-05-07 22:04:12 | symbols=EURUSDm, GBPUSDm, USDJPYm, XAUUSDm, USDCADm, AUDUSDm, EURGBPm
[2026-05-07 22:27:14] [WATCH] Watchlist: EURUSDm, GBPUSDm, USDJPYm, XAUUSDm, USDCADm, AUDUSDm, EURGBPm
[2026-05-07 22:27:14] [SELECT] Symbol switched: EURGBPm -> EURUSDm | AI watchlist candidate
[2026-05-07 22:27:14] [SCAN] Analyzing EURUSDm
[2026-05-07 22:27:15] [SKIP] EURUSDm same candle 2026-05-07 15:20:00  skip
[2026-05-07 22:27:15] [SELECT] Symbol switched: EURUSDm -> GBPUSDm | AI watchlist candidate
[2026-05-07 22:27:15] [SCAN] Analyzing GBPUSDm
[2026-05-07 22:27:16] [SKIP] GBPUSDm same candle 2026-05-07 15:20:00  skip
[2026-05-07 22:27:16] [SELECT] Symbol switched: GBPUSDm -> USDJPYm | AI watchlist candidate
[2026-05-07 22:27:16] [SCAN] Analyzing USDJPYm
[2026-05-07 22:27:17] [SKIP] USDJPYm same candle 2026-05-07 15:20:00  skip
[2026-05-07 22:27:17] [SELECT] Symbol switched: USDJPYm -> XAUUSDm | AI watchlist candidate
[2026-05-07 22:27:17] [SCAN] Analyzing XAUUSDm
[2026-05-07 22:27:17] [SKIP] XAUUSDm same candle 2026-05-07 15:20:00  skip
[2026-05-07 22:27:17] [SELECT] Symbol switched: XAUUSDm -> USDCADm | AI watchlist candidate
[2026-05-07 22:27:17] [SCAN] Analyzing USDCADm
[2026-05-07 22:27:18] [SKIP] USDCADm same candle 2026-05-07 15:20:00  skip
[2026-05-07 22:27:18] [SELECT] Symbol switched: USDCADm -> AUDUSDm | AI watchlist candidate
[2026-05-07 22:27:18] [SCAN] Analyzing AUDUSDm
[2026-05-07 22:27:19] [SKIP] AUDUSDm same candle 2026-05-07 15:20:00  skip
[2026-05-07 22:27:19] [SELECT] Symbol switched: AUDUSDm -> EURGBPm | AI watchlist candidate
[2026-05-07 22:27:19] [SCAN] Analyzing EURGBPm
[2026-05-07 22:27:20] [SKIP] EURGBPm same candle 2026-05-07 15:20:00  skip
[2026-05-07 22:27:20] [WAIT] No order this round
[2026-05-07 22:28:20] [AI] Using cached scan from 2026-05-07 22:04:12 | symbols=EURUSDm, GBPUSDm, USDJPYm, XAUUSDm, USDCADm, AUDUSDm, EURGBPm
[2026-05-07 22:28:20] [WATCH] Watchlist: EURUSDm, GBPUSDm, USDJPYm, XAUUSDm, USDCADm, AUDUSDm, EURGBPm
[2026-05-07 22:28:20] [SELECT] Symbol switched: EURGBPm -> EURUSDm | AI watchlist candidate
[2026-05-07 22:28:20] [SCAN] Analyzing EURUSDm
[2026-05-07 22:28:20] [SKIP] EURUSDm same candle 2026-05-07 15:20:00  skip
[2026-05-07 22:28:20] [SELECT] Symbol switched: EURUSDm -> GBPUSDm | AI watchlist candidate
[2026-05-07 22:28:20] [SCAN] Analyzing GBPUSDm
[2026-05-07 22:28:21] [SKIP] GBPUSDm same candle 2026-05-07 15:20:00  skip
[2026-05-07 22:28:21] [SELECT] Symbol switched: GBPUSDm -> USDJPYm | AI watchlist candidate
[2026-05-07 22:28:21] [SCAN] Analyzing USDJPYm
[2026-05-07 22:28:22] [SKIP] USDJPYm same candle 2026-05-07 15:20:00  skip
[2026-05-07 22:28:22] [SELECT] Symbol switched: USDJPYm -> XAUUSDm | AI watchlist candidate
[2026-05-07 22:28:22] [SCAN] Analyzing XAUUSDm
[2026-05-07 22:28:22] [SKIP] XAUUSDm same candle 2026-05-07 15:20:00  skip
[2026-05-07 22:28:22] [SELECT] Symbol switched: XAUUSDm -> USDCADm | AI watchlist candidate
[2026-05-07 22:28:22] [SCAN] Analyzing USDCADm
[2026-05-07 22:28:23] [SKIP] USDCADm same candle 2026-05-07 15:20:00  skip
[2026-05-07 22:28:23] [SELECT] Symbol switched: USDCADm -> AUDUSDm | AI watchlist candidate
[2026-05-07 22:28:23] [SCAN] Analyzing AUDUSDm
[2026-05-07 22:28:24] [SKIP] AUDUSDm same candle 2026-05-07 15:20:00  skip
[2026-05-07 22:28:24] [SELECT] Symbol switched: AUDUSDm -> EURGBPm | AI watchlist candidate
[2026-05-07 22:28:24] [SCAN] Analyzing EURGBPm
[2026-05-07 22:28:25] [SKIP] EURGBPm same candle 2026-05-07 15:20:00  skip
[2026-05-07 22:28:25] [WAIT] No order this round
[2026-05-07 22:29:25] [AI] Using cached scan from 2026-05-07 22:04:12 | symbols=EURUSDm, GBPUSDm, USDJPYm, XAUUSDm, USDCADm, AUDUSDm, EURGBPm
[2026-05-07 22:29:25] [WATCH] Watchlist: EURUSDm, GBPUSDm, USDJPYm, XAUUSDm, USDCADm, AUDUSDm, EURGBPm
[2026-05-07 22:29:25] [SELECT] Symbol switched: EURGBPm -> EURUSDm | AI watchlist candidate
[2026-05-07 22:29:25] [SCAN] Analyzing EURUSDm
[2026-05-07 22:29:25] [SKIP] EURUSDm same candle 2026-05-07 15:20:00  skip
[2026-05-07 22:29:25] [SELECT] Symbol switched: EURUSDm -> GBPUSDm | AI watchlist candidate
[2026-05-07 22:29:25] [SCAN] Analyzing GBPUSDm
[2026-05-07 22:29:26] [SKIP] GBPUSDm same candle 2026-05-07 15:20:00  skip
[2026-05-07 22:29:26] [SELECT] Symbol switched: GBPUSDm -> USDJPYm | AI watchlist candidate
[2026-05-07 22:29:26] [SCAN] Analyzing USDJPYm
[2026-05-07 22:29:27] [SKIP] USDJPYm same candle 2026-05-07 15:20:00  skip
[2026-05-07 22:29:27] [SELECT] Symbol switched: USDJPYm -> XAUUSDm | AI watchlist candidate
[2026-05-07 22:29:27] [SCAN] Analyzing XAUUSDm
[2026-05-07 22:29:27] [SKIP] XAUUSDm same candle 2026-05-07 15:20:00  skip
[2026-05-07 22:29:27] [SELECT] Symbol switched: XAUUSDm -> USDCADm | AI watchlist candidate
[2026-05-07 22:29:27] [SCAN] Analyzing USDCADm
[2026-05-07 22:29:28] [SKIP] USDCADm same candle 2026-05-07 15:20:00  skip
[2026-05-07 22:29:28] [SELECT] Symbol switched: USDCADm -> AUDUSDm | AI watchlist candidate
[2026-05-07 22:29:28] [SCAN] Analyzing AUDUSDm
[2026-05-07 22:29:29] [SKIP] AUDUSDm same candle 2026-05-07 15:20:00  skip
[2026-05-07 22:29:29] [SELECT] Symbol switched: AUDUSDm -> EURGBPm | AI watchlist candidate
[2026-05-07 22:29:29] [SCAN] Analyzing EURGBPm
[2026-05-07 22:29:30] [SKIP] EURGBPm same candle 2026-05-07 15:20:00  skip
[2026-05-07 22:29:30] [WAIT] No order this round
