[Tue 04/28/2026 19:09:43.90] Installing scheduled task...
Runner: C:\Users\watch\auto-bot-trade\scripts\run_forex_bot.bat
[Tue 04/28/2026 19:09:43.97] Scheduled task created: Forex Bot

============================================================
[Tue 04/28/2026 19:10:08.56] Forex bot launcher started
BOT_DIR=C:\Users\watch\auto-bot-trade
BOT_FILE=C:\Users\watch\auto-bot-trade\forex_bot.py
USER=watch
COMPUTER=3PM
FOREX_DRY_RUN=true
[Tue 04/28/2026 19:10:09.41] Python command: py -3
[Tue 04/28/2026 19:10:09.41] Starting forex_bot.py
Traceback (most recent call last):
  File "C:\Users\watch\auto-bot-trade\forex_bot.py", line 4, in <module>
    runpy.run_path(str(Path(__file__).resolve().parent / "bots" / "forex_bot.py"), run_name="__main__")
    ~~~~~~~~~~~~~~^^^^^^^^^^^^^^^^^^^^^^^^^^^^^^^^^^^^^^^^^^^^^^^^^^^^^^^^^^^^^^^^^^^^^^^^^^^^^^^^^^^^^
  File "<frozen runpy>", line 287, in run_path
  File "<frozen runpy>", line 98, in _run_module_code
  File "<frozen runpy>", line 88, in _run_code
  File "C:\Users\watch\auto-bot-trade\bots\forex_bot.py", line 968, in <module>
    run_bot()
    ~~~~~~~^^
  File "C:\Users\watch\auto-bot-trade\bots\forex_bot.py", line 863, in run_bot
    print(
    ~~~~~^
        f"[{datetime.now()}] \U0001f680 Forex bot booting | pid={os.getpid()} | cwd={os.getcwd()} | "
        ^^^^^^^^^^^^^^^^^^^^^^^^^^^^^^^^^^^^^^^^^^^^^^^^^^^^^^^^^^^^^^^^^^^^^^^^^^^^^^^^^^^^^
    ...<2 lines>...
        flush=True,
        ^^^^^^^^^^^
    )
    ^
  File "C:\Users\watch\AppData\Local\Python\pythoncore-3.14-64\Lib\encodings\cp874.py", line 19, in encode
    return codecs.charmap_encode(input,self.errors,encoding_table)[0]
           ~~~~~~~~~~~~~~~~~~~~~^^^^^^^^^^^^^^^^^^^^^^^^^^^^^^^^^^
UnicodeEncodeError: 'charmap' codec can't encode character '\U0001f680' in position 29: character maps to <undefined>
[Tue 04/28/2026 19:10:17.94] forex_bot.py exited with code 1

============================================================
[Tue 04/28/2026 19:13:16.67] Forex bot launcher started
BOT_DIR=C:\Users\watch\auto-bot-trade
BOT_FILE=C:\Users\watch\auto-bot-trade\forex_bot.py
USER=watch
COMPUTER=3PM
FOREX_DRY_RUN=true
PYTHONUTF8=1
PYTHONIOENCODING=utf-8
[Tue 04/28/2026 19:13:17.35] Python command: py -3
[Tue 04/28/2026 19:13:17.35] Starting forex_bot.py
[2026-04-28 19:13:19.738850] 🚀 Forex bot booting | pid=12124 | cwd=C:\Users\watch\auto-bot-trade | session=14:00-23:59 | blocked_hours=[] | interval=300s | DRY_RUN=True
[2026-04-28 19:13:19.739018] 🔌 Connecting MT5...
[2026-04-28 19:13:19.758894] 🔎 Symbol resolved: XAUUSD -> XAUUSD.sml
[2026-04-28 19:13:19.758980] ✅ Connected MT5 | Symbol=XAUUSD.sml
[2026-04-28 19:13:19.759010] 🚀 Bot started
[2026-04-28 19:13:19.760078] 👀 AI watchlist scan: EURUSD.sml, XAUUSD.sml, GBPUSD.sml, USDJPY.sml, GBPJPY.sml, USDCHF, EURJPY
[2026-04-28 19:13:19.760284] 🎯 Trading symbol switched: XAUUSD.sml -> EURUSD.sml | AI watchlist candidate
[2026-04-28 19:13:19.760318] 🔎 Analyzing EURUSD.sml

==============================
Time: 2026-04-28 19:13:20.095784
SIGNAL: {'time': Timestamp('2026-04-28 15:05:00'), 'symbol': 'EURUSD.sml', 'side': 'NO_TRADE', 'price': 1.16798, 'reason': 'no Donchian breakout'}
⏸ EURUSD.sml No trade
[2026-04-28 19:13:20.096070] 🎯 Trading symbol switched: EURUSD.sml -> XAUUSD.sml | AI watchlist candidate
[2026-04-28 19:13:20.096117] 🔎 Analyzing XAUUSD.sml
[2026-04-28 19:13:20.096289] ⏸ XAUUSD.sml Spread too wide: 540.0 points > 80
[2026-04-28 19:13:20.096425] 🎯 Trading symbol switched: XAUUSD.sml -> GBPUSD.sml | AI watchlist candidate
[2026-04-28 19:13:20.096463] 🔎 Analyzing GBPUSD.sml

==============================
Time: 2026-04-28 19:13:20.428051
SIGNAL: {'time': Timestamp('2026-04-28 15:05:00'), 'symbol': 'GBPUSD.sml', 'side': 'NO_TRADE', 'price': 1.34686, 'reason': 'no Donchian breakout'}
⏸ GBPUSD.sml No trade
[2026-04-28 19:13:20.428305] 🎯 Trading symbol switched: GBPUSD.sml -> USDJPY.sml | AI watchlist candidate
[2026-04-28 19:13:20.428360] 🔎 Analyzing USDJPY.sml

==============================
Time: 2026-04-28 19:13:20.772279
SIGNAL: {'time': Timestamp('2026-04-28 15:05:00'), 'symbol': 'USDJPY.sml', 'side': 'NO_TRADE', 'price': 159.776, 'reason': 'no Donchian breakout'}
⏸ USDJPY.sml No trade
[2026-04-28 19:13:20.772513] 🎯 Trading symbol switched: USDJPY.sml -> GBPJPY.sml | AI watchlist candidate
[2026-04-28 19:13:20.772567] 🔎 Analyzing GBPJPY.sml

==============================
Time: 2026-04-28 19:13:21.110507
SIGNAL: {'time': Timestamp('2026-04-28 15:05:00'), 'symbol': 'GBPJPY.sml', 'side': 'NO_TRADE', 'price': 215.193, 'reason': 'no Donchian breakout'}
⏸ GBPJPY.sml No trade
[2026-04-28 19:13:21.110730] 🎯 Trading symbol switched: GBPJPY.sml -> USDCHF | AI watchlist candidate
[2026-04-28 19:13:21.110774] 🔎 Analyzing USDCHF

==============================
Time: 2026-04-28 19:13:21.477814
SIGNAL: {'time': Timestamp('2026-04-28 15:05:00'), 'symbol': 'USDCHF', 'side': 'NO_TRADE', 'price': 0.7909, 'reason': 'no Donchian breakout'}
⏸ USDCHF No trade
[2026-04-28 19:13:21.478049] 🎯 Trading symbol switched: USDCHF -> EURJPY | AI watchlist candidate
[2026-04-28 19:13:21.478087] 🔎 Analyzing EURJPY

==============================
Time: 2026-04-28 19:13:21.805416
SIGNAL: {'time': Timestamp('2026-04-28 15:05:00'), 'symbol': 'EURJPY', 'side': 'NO_TRADE', 'price': 186.583, 'reason': 'no Donchian breakout'}
⏸ EURJPY No trade
[2026-04-28 19:13:21.805500] ⏳ No order from AI watchlist this round
[2026-04-28 19:18:21.811103] 👀 AI watchlist scan: EURUSD.sml, XAUUSD.sml, GBPUSD.sml, USDJPY.sml, GBPJPY.sml, USDCHF, EURJPY
[2026-04-28 19:18:21.811478] 🎯 Trading symbol switched: EURJPY -> EURUSD.sml | AI watchlist candidate
[2026-04-28 19:18:21.811532] 🔎 Analyzing EURUSD.sml

==============================
Time: 2026-04-28 19:18:22.108112
SIGNAL: {'time': Timestamp('2026-04-28 15:10:00'), 'symbol': 'EURUSD.sml', 'side': 'NO_TRADE', 'price': 1.16831, 'reason': 'no Donchian breakout'}
⏸ EURUSD.sml No trade
[2026-04-28 19:18:22.108319] 🎯 Trading symbol switched: EURUSD.sml -> XAUUSD.sml | AI watchlist candidate
[2026-04-28 19:18:22.108373] 🔎 Analyzing XAUUSD.sml
[2026-04-28 19:18:22.108506] ⏸ XAUUSD.sml Spread too wide: 530.0 points > 80
[2026-04-28 19:18:22.108599] 🎯 Trading symbol switched: XAUUSD.sml -> GBPUSD.sml | AI watchlist candidate
[2026-04-28 19:18:22.108637] 🔎 Analyzing GBPUSD.sml

==============================
Time: 2026-04-28 19:18:22.410310
SIGNAL: {'time': Timestamp('2026-04-28 15:10:00'), 'symbol': 'GBPUSD.sml', 'side': 'NO_TRADE', 'price': 1.34713, 'reason': 'no Donchian breakout'}
⏸ GBPUSD.sml No trade
[2026-04-28 19:18:22.410547] 🎯 Trading symbol switched: GBPUSD.sml -> USDJPY.sml | AI watchlist candidate
[2026-04-28 19:18:22.410591] 🔎 Analyzing USDJPY.sml

==============================
Time: 2026-04-28 19:18:22.800775
SIGNAL: {'time': Timestamp('2026-04-28 15:10:00'), 'symbol': 'USDJPY.sml', 'side': 'NO_TRADE', 'price': 159.733, 'reason': 'no Donchian breakout'}
⏸ USDJPY.sml No trade
[2026-04-28 19:18:22.800991] 🎯 Trading symbol switched: USDJPY.sml -> GBPJPY.sml | AI watchlist candidate
[2026-04-28 19:18:22.801044] 🔎 Analyzing GBPJPY.sml

==============================
Time: 2026-04-28 19:18:23.216228
SIGNAL: {'time': Timestamp('2026-04-28 15:10:00'), 'symbol': 'GBPJPY.sml', 'side': 'NO_TRADE', 'price': 215.175, 'reason': 'no Donchian breakout'}
⏸ GBPJPY.sml No trade
[2026-04-28 19:18:23.216472] 🎯 Trading symbol switched: GBPJPY.sml -> USDCHF | AI watchlist candidate
[2026-04-28 19:18:23.216524] 🔎 Analyzing USDCHF

==============================
Time: 2026-04-28 19:18:23.504993
SIGNAL: {'time': Timestamp('2026-04-28 15:10:00'), 'symbol': 'USDCHF', 'side': 'NO_TRADE', 'price': 0.79089, 'reason': 'no Donchian breakout'}
⏸ USDCHF No trade
[2026-04-28 19:18:23.505217] 🎯 Trading symbol switched: USDCHF -> EURJPY | AI watchlist candidate
[2026-04-28 19:18:23.505251] 🔎 Analyzing EURJPY

==============================
Time: 2026-04-28 19:18:23.786911
SIGNAL: {'time': Timestamp('2026-04-28 15:10:00'), 'symbol': 'EURJPY', 'side': 'NO_TRADE', 'price': 186.585, 'reason': 'no Donchian breakout'}
⏸ EURJPY No trade
[2026-04-28 19:18:23.787126] ⏳ No order from AI watchlist this round
[2026-04-28 19:23:23.792195] 👀 AI watchlist scan: EURUSD.sml, XAUUSD.sml, GBPUSD.sml, USDJPY.sml, GBPJPY.sml, USDCHF, EURJPY
[2026-04-28 19:23:23.792524] 🎯 Trading symbol switched: EURJPY -> EURUSD.sml | AI watchlist candidate
[2026-04-28 19:23:23.792587] 🔎 Analyzing EURUSD.sml

==============================
Time: 2026-04-28 19:23:24.084702
SIGNAL: {'time': Timestamp('2026-04-28 15:15:00'), 'symbol': 'EURUSD.sml', 'side': 'NO_TRADE', 'price': 1.16831, 'reason': 'no Donchian breakout'}
⏸ EURUSD.sml No trade
[2026-04-28 19:23:24.084934] 🎯 Trading symbol switched: EURUSD.sml -> XAUUSD.sml | AI watchlist candidate
[2026-04-28 19:23:24.084969] 🔎 Analyzing XAUUSD.sml
[2026-04-28 19:23:24.085084] ⏸ XAUUSD.sml Spread too wide: 300.0 points > 80
[2026-04-28 19:23:24.085168] 🎯 Trading symbol switched: XAUUSD.sml -> GBPUSD.sml | AI watchlist candidate
[2026-04-28 19:23:24.085198] 🔎 Analyzing GBPUSD.sml

==============================
Time: 2026-04-28 19:23:24.412750
SIGNAL: {'time': Timestamp('2026-04-28 15:15:00'), 'symbol': 'GBPUSD.sml', 'side': 'NO_TRADE', 'price': 1.3467, 'reason': 'no Donchian breakout'}
⏸ GBPUSD.sml No trade
[2026-04-28 19:23:24.412983] 🎯 Trading symbol switched: GBPUSD.sml -> USDJPY.sml | AI watchlist candidate
[2026-04-28 19:23:24.413043] 🔎 Analyzing USDJPY.sml

==============================
Time: 2026-04-28 19:23:24.766063
SIGNAL: {'time': Timestamp('2026-04-28 15:15:00'), 'symbol': 'USDJPY.sml', 'side': 'NO_TRADE', 'price': 159.735, 'reason': 'no Donchian breakout'}
⏸ USDJPY.sml No trade
[2026-04-28 19:23:24.766328] 🎯 Trading symbol switched: USDJPY.sml -> GBPJPY.sml | AI watchlist candidate
[2026-04-28 19:23:24.766374] 🔎 Analyzing GBPJPY.sml

==============================
Time: 2026-04-28 19:23:25.104764
SIGNAL: {'time': Timestamp('2026-04-28 15:15:00'), 'symbol': 'GBPJPY.sml', 'side': 'NO_TRADE', 'price': 215.118, 'reason': 'no Donchian breakout'}
⏸ GBPJPY.sml No trade
[2026-04-28 19:23:25.105033] 🎯 Trading symbol switched: GBPJPY.sml -> USDCHF | AI watchlist candidate
[2026-04-28 19:23:25.105081] 🔎 Analyzing USDCHF

==============================
Time: 2026-04-28 19:23:25.460873
SIGNAL: {'time': Timestamp('2026-04-28 15:15:00'), 'symbol': 'USDCHF', 'side': 'NO_TRADE', 'price': 0.7909, 'reason': 'no Donchian breakout'}
⏸ USDCHF No trade
[2026-04-28 19:23:25.461156] 🎯 Trading symbol switched: USDCHF -> EURJPY | AI watchlist candidate
[2026-04-28 19:23:25.461209] 🔎 Analyzing EURJPY

==============================
Time: 2026-04-28 19:23:25.805145
SIGNAL: {'time': Timestamp('2026-04-28 15:15:00'), 'symbol': 'EURJPY', 'side': 'NO_TRADE', 'price': 186.589, 'reason': 'no Donchian breakout'}
⏸ EURJPY No trade
[2026-04-28 19:23:25.805228] ⏳ No order from AI watchlist this round
[2026-04-28 19:28:25.810564] 👀 AI watchlist scan: EURUSD.sml, XAUUSD.sml, GBPUSD.sml, USDJPY.sml, GBPJPY.sml, USDCHF, EURJPY
[2026-04-28 19:28:25.810867] 🎯 Trading symbol switched: EURJPY -> EURUSD.sml | AI watchlist candidate
[2026-04-28 19:28:25.810910] 🔎 Analyzing EURUSD.sml

==============================
Time: 2026-04-28 19:28:26.147009
SIGNAL: {'time': Timestamp('2026-04-28 15:20:00'), 'symbol': 'EURUSD.sml', 'side': 'NO_TRADE', 'price': 1.16851, 'reason': 'no Donchian breakout'}
⏸ EURUSD.sml No trade
[2026-04-28 19:28:26.147233] 🎯 Trading symbol switched: EURUSD.sml -> XAUUSD.sml | AI watchlist candidate
[2026-04-28 19:28:26.147286] 🔎 Analyzing XAUUSD.sml
[2026-04-28 19:28:26.147436] ⏸ XAUUSD.sml Spread too wide: 530.0 points > 80
[2026-04-28 19:28:26.147550] 🎯 Trading symbol switched: XAUUSD.sml -> GBPUSD.sml | AI watchlist candidate
[2026-04-28 19:28:26.147588] 🔎 Analyzing GBPUSD.sml

==============================
Time: 2026-04-28 19:28:26.491684
SIGNAL: {'time': Timestamp('2026-04-28 15:20:00'), 'symbol': 'GBPUSD.sml', 'side': 'NO_TRADE', 'price': 1.34715, 'reason': 'no Donchian breakout'}
⏸ GBPUSD.sml No trade
[2026-04-28 19:28:26.491907] 🎯 Trading symbol switched: GBPUSD.sml -> USDJPY.sml | AI watchlist candidate
[2026-04-28 19:28:26.491942] 🔎 Analyzing USDJPY.sml

==============================
Time: 2026-04-28 19:28:26.817941
SIGNAL: {'time': Timestamp('2026-04-28 15:20:00'), 'symbol': 'USDJPY.sml', 'side': 'NO_TRADE', 'price': 159.706, 'reason': 'no Donchian breakout'}
⏸ USDJPY.sml No trade
[2026-04-28 19:28:26.818138] 🎯 Trading symbol switched: USDJPY.sml -> GBPJPY.sml | AI watchlist candidate
[2026-04-28 19:28:26.818171] 🔎 Analyzing GBPJPY.sml

==============================
Time: 2026-04-28 19:28:27.148622
SIGNAL: {'time': Timestamp('2026-04-28 15:20:00'), 'symbol': 'GBPJPY.sml', 'side': 'NO_TRADE', 'price': 215.144, 'reason': 'no Donchian breakout'}
⏸ GBPJPY.sml No trade
[2026-04-28 19:28:27.148879] 🎯 Trading symbol switched: GBPJPY.sml -> USDCHF | AI watchlist candidate
[2026-04-28 19:28:27.148927] 🔎 Analyzing USDCHF

==============================
Time: 2026-04-28 19:28:27.577764
SIGNAL: {'time': Timestamp('2026-04-28 15:20:00'), 'symbol': 'USDCHF', 'side': 'NO_TRADE', 'price': 0.79083, 'reason': 'no Donchian breakout'}
⏸ USDCHF No trade
[2026-04-28 19:28:27.577996] 🎯 Trading symbol switched: USDCHF -> EURJPY | AI watchlist candidate
[2026-04-28 19:28:27.578052] 🔎 Analyzing EURJPY

==============================
Time: 2026-04-28 19:28:27.928771
SIGNAL: {'time': Timestamp('2026-04-28 15:20:00'), 'symbol': 'EURJPY', 'side': 'NO_TRADE', 'price': 186.584, 'reason': 'no Donchian breakout'}
⏸ EURJPY No trade
[2026-04-28 19:28:27.928851] ⏳ No order from AI watchlist this round
[2026-04-28 19:33:27.934171] 👀 AI watchlist scan: EURUSD.sml, XAUUSD.sml, GBPUSD.sml, USDJPY.sml, GBPJPY.sml, USDCHF, EURJPY
[2026-04-28 19:33:27.934484] 🎯 Trading symbol switched: EURJPY -> EURUSD.sml | AI watchlist candidate
[2026-04-28 19:33:27.934526] 🔎 Analyzing EURUSD.sml

==============================
Time: 2026-04-28 19:33:28.265214
SIGNAL: {'time': Timestamp('2026-04-28 15:25:00'), 'symbol': 'EURUSD.sml', 'side': 'NO_TRADE', 'price': 1.16894, 'reason': 'no Donchian breakout'}
⏸ EURUSD.sml No trade
[2026-04-28 19:33:28.265452] 🎯 Trading symbol switched: EURUSD.sml -> XAUUSD.sml | AI watchlist candidate
[2026-04-28 19:33:28.265496] 🔎 Analyzing XAUUSD.sml
[2026-04-28 19:33:28.265633] ⏸ XAUUSD.sml Spread too wide: 330.0 points > 80
[2026-04-28 19:33:28.265727] 🎯 Trading symbol switched: XAUUSD.sml -> GBPUSD.sml | AI watchlist candidate
[2026-04-28 19:33:28.265761] 🔎 Analyzing GBPUSD.sml

==============================
Time: 2026-04-28 19:33:28.616045
SIGNAL: {'time': Timestamp('2026-04-28 15:25:00'), 'symbol': 'GBPUSD.sml', 'side': 'NO_TRADE', 'price': 1.34756, 'reason': 'no Donchian breakout'}
⏸ GBPUSD.sml No trade
[2026-04-28 19:33:28.616360] 🎯 Trading symbol switched: GBPUSD.sml -> USDJPY.sml | AI watchlist candidate
[2026-04-28 19:33:28.616400] 🔎 Analyzing USDJPY.sml

==============================
Time: 2026-04-28 19:33:29.008641
SIGNAL: {'time': Timestamp('2026-04-28 15:25:00'), 'symbol': 'USDJPY.sml', 'side': 'NO_TRADE', 'price': 159.656, 'reason': 'no Donchian breakout'}
⏸ USDJPY.sml No trade
[2026-04-28 19:33:29.008926] 🎯 Trading symbol switched: USDJPY.sml -> GBPJPY.sml | AI watchlist candidate
[2026-04-28 19:33:29.008990] 🔎 Analyzing GBPJPY.sml

==============================
Time: 2026-04-28 19:33:29.355958
SIGNAL: {'time': Timestamp('2026-04-28 15:25:00'), 'symbol': 'GBPJPY.sml', 'side': 'NO_TRADE', 'price': 215.139, 'reason': 'no Donchian breakout'}
⏸ GBPJPY.sml No trade
[2026-04-28 19:33:29.356165] 🎯 Trading symbol switched: GBPJPY.sml -> USDCHF | AI watchlist candidate
[2026-04-28 19:33:29.356235] 🔎 Analyzing USDCHF

==============================
Time: 2026-04-28 19:33:29.844339
SIGNAL: {'time': Timestamp('2026-04-28 15:25:00'), 'symbol': 'USDCHF', 'side': 'NO_TRADE', 'price': 0.79043, 'reason': 'no Donchian breakout'}
⏸ USDCHF No trade
[2026-04-28 19:33:29.844672] 🎯 Trading symbol switched: USDCHF -> EURJPY | AI watchlist candidate
[2026-04-28 19:33:29.844722] 🔎 Analyzing EURJPY

==============================
Time: 2026-04-28 19:33:30.166115
SIGNAL: {'time': Timestamp('2026-04-28 15:25:00'), 'symbol': 'EURJPY', 'side': 'NO_TRADE', 'price': 186.596, 'reason': 'no Donchian breakout'}
⏸ EURJPY No trade
[2026-04-28 19:33:30.166199] ⏳ No order from AI watchlist this round
[2026-04-28 19:38:30.172970] 👀 AI watchlist scan: EURUSD.sml, XAUUSD.sml, GBPUSD.sml, USDJPY.sml, GBPJPY.sml, USDCHF, EURJPY
[2026-04-28 19:38:30.173499] 🎯 Trading symbol switched: EURJPY -> EURUSD.sml | AI watchlist candidate
[2026-04-28 19:38:30.173642] 🔎 Analyzing EURUSD.sml

==============================
Time: 2026-04-28 19:38:30.471649
SIGNAL: {'time': Timestamp('2026-04-28 15:30:00'), 'symbol': 'EURUSD.sml', 'side': 'NO_TRADE', 'price': 1.1691, 'reason': 'no Donchian breakout'}
⏸ EURUSD.sml No trade
[2026-04-28 19:38:30.471852] 🎯 Trading symbol switched: EURUSD.sml -> XAUUSD.sml | AI watchlist candidate
[2026-04-28 19:38:30.471886] 🔎 Analyzing XAUUSD.sml
[2026-04-28 19:38:30.472044] ⏸ XAUUSD.sml Spread too wide: 450.0 points > 80
[2026-04-28 19:38:30.472175] 🎯 Trading symbol switched: XAUUSD.sml -> GBPUSD.sml | AI watchlist candidate
[2026-04-28 19:38:30.472219] 🔎 Analyzing GBPUSD.sml

==============================
Time: 2026-04-28 19:38:30.821542
SIGNAL: {'time': Timestamp('2026-04-28 15:30:00'), 'symbol': 'GBPUSD.sml', 'side': 'NO_TRADE', 'price': 1.34758, 'reason': 'no Donchian breakout'}
⏸ GBPUSD.sml No trade
[2026-04-28 19:38:30.821765] 🎯 Trading symbol switched: GBPUSD.sml -> USDJPY.sml | AI watchlist candidate
[2026-04-28 19:38:30.821811] 🔎 Analyzing USDJPY.sml

==============================
Time: 2026-04-28 19:38:31.127949
SIGNAL: {'time': Timestamp('2026-04-28 15:30:00'), 'symbol': 'USDJPY.sml', 'side': 'NO_TRADE', 'price': 159.668, 'reason': 'no Donchian breakout'}
⏸ USDJPY.sml No trade
[2026-04-28 19:38:31.128154] 🎯 Trading symbol switched: USDJPY.sml -> GBPJPY.sml | AI watchlist candidate
[2026-04-28 19:38:31.128187] 🔎 Analyzing GBPJPY.sml

==============================
Time: 2026-04-28 19:38:31.462703
SIGNAL: {'time': Timestamp('2026-04-28 15:30:00'), 'symbol': 'GBPJPY.sml', 'side': 'NO_TRADE', 'price': 215.165, 'reason': 'no Donchian breakout'}
⏸ GBPJPY.sml No trade
[2026-04-28 19:38:31.462931] 🎯 Trading symbol switched: GBPJPY.sml -> USDCHF | AI watchlist candidate
[2026-04-28 19:38:31.462970] 🔎 Analyzing USDCHF

==============================
Time: 2026-04-28 19:38:31.808848
SIGNAL: {'time': Timestamp('2026-04-28 15:30:00'), 'symbol': 'USDCHF', 'side': 'NO_TRADE', 'price': 0.79061, 'reason': 'no Donchian breakout'}
⏸ USDCHF No trade
[2026-04-28 19:38:31.809074] 🎯 Trading symbol switched: USDCHF -> EURJPY | AI watchlist candidate
[2026-04-28 19:38:31.809124] 🔎 Analyzing EURJPY

==============================
Time: 2026-04-28 19:38:32.133483
SIGNAL: {'time': Timestamp('2026-04-28 15:30:00'), 'symbol': 'EURJPY', 'side': 'NO_TRADE', 'price': 186.636, 'reason': 'no Donchian breakout'}
⏸ EURJPY No trade
[2026-04-28 19:38:32.133565] ⏳ No order from AI watchlist this round
[2026-04-28 19:43:32.139462] 👀 AI watchlist scan: EURUSD.sml, XAUUSD.sml, GBPUSD.sml, USDJPY.sml, GBPJPY.sml, USDCHF, EURJPY
[2026-04-28 19:43:32.139852] 🎯 Trading symbol switched: EURJPY -> EURUSD.sml | AI watchlist candidate
[2026-04-28 19:43:32.139912] 🔎 Analyzing EURUSD.sml

==============================
Time: 2026-04-28 19:43:32.456862
SIGNAL: {'time': Timestamp('2026-04-28 15:35:00'), 'symbol': 'EURUSD.sml', 'side': 'NO_TRADE', 'price': 1.16949, 'reason': 'no Donchian breakout'}
⏸ EURUSD.sml No trade
[2026-04-28 19:43:32.457163] 🎯 Trading symbol switched: EURUSD.sml -> XAUUSD.sml | AI watchlist candidate
[2026-04-28 19:43:32.457250] 🔎 Analyzing XAUUSD.sml
[2026-04-28 19:43:32.457416] ⏸ XAUUSD.sml Spread too wide: 450.0 points > 80
[2026-04-28 19:43:32.457546] 🎯 Trading symbol switched: XAUUSD.sml -> GBPUSD.sml | AI watchlist candidate
[2026-04-28 19:43:32.457588] 🔎 Analyzing GBPUSD.sml

==============================
Time: 2026-04-28 19:43:32.783236
SIGNAL: {'time': Timestamp('2026-04-28 15:35:00'), 'symbol': 'GBPUSD.sml', 'side': 'NO_TRADE', 'price': 1.34849, 'reason': 'no Donchian breakout'}
⏸ GBPUSD.sml No trade
[2026-04-28 19:43:32.783468] 🎯 Trading symbol switched: GBPUSD.sml -> USDJPY.sml | AI watchlist candidate
[2026-04-28 19:43:32.783509] 🔎 Analyzing USDJPY.sml

==============================
Time: 2026-04-28 19:43:33.110821
SIGNAL: {'time': Timestamp('2026-04-28 15:35:00'), 'symbol': 'USDJPY.sml', 'side': 'NO_TRADE', 'price': 159.635, 'reason': 'no Donchian breakout'}
⏸ USDJPY.sml No trade
[2026-04-28 19:43:33.111051] 🎯 Trading symbol switched: USDJPY.sml -> GBPJPY.sml | AI watchlist candidate
[2026-04-28 19:43:33.111091] 🔎 Analyzing GBPJPY.sml

==============================
Time: 2026-04-28 19:43:33.453147
SIGNAL: {'time': Timestamp('2026-04-28 15:35:00'), 'symbol': 'GBPJPY.sml', 'side': 'NO_TRADE', 'price': 215.265, 'reason': 'no Donchian breakout'}
⏸ GBPJPY.sml No trade
[2026-04-28 19:43:33.453353] 🎯 Trading symbol switched: GBPJPY.sml -> USDCHF | AI watchlist candidate
[2026-04-28 19:43:33.453386] 🔎 Analyzing USDCHF

==============================
Time: 2026-04-28 19:43:33.768328
SIGNAL: {'time': Timestamp('2026-04-28 15:35:00'), 'symbol': 'USDCHF', 'side': 'NO_TRADE', 'price': 0.79046, 'reason': 'no Donchian breakout'}
⏸ USDCHF No trade
[2026-04-28 19:43:33.768541] 🎯 Trading symbol switched: USDCHF -> EURJPY | AI watchlist candidate
[2026-04-28 19:43:33.768590] 🔎 Analyzing EURJPY

==============================
Time: 2026-04-28 19:43:34.083047
SIGNAL: {'time': Timestamp('2026-04-28 15:35:00'), 'symbol': 'EURJPY', 'side': 'NO_TRADE', 'price': 186.661, 'reason': 'no Donchian breakout'}
⏸ EURJPY No trade
[2026-04-28 19:43:34.083129] ⏳ No order from AI watchlist this round
[2026-04-28 19:48:34.087963] 👀 AI watchlist scan: EURUSD.sml, XAUUSD.sml, GBPUSD.sml, USDJPY.sml, GBPJPY.sml, USDCHF, EURJPY
[2026-04-28 19:48:34.088308] 🎯 Trading symbol switched: EURJPY -> EURUSD.sml | AI watchlist candidate
[2026-04-28 19:48:34.088356] 🔎 Analyzing EURUSD.sml

==============================
Time: 2026-04-28 19:48:34.407997
SIGNAL: {'time': Timestamp('2026-04-28 15:40:00'), 'symbol': 'EURUSD.sml', 'side': 'NO_TRADE', 'price': 1.16948, 'reason': 'no Donchian breakout'}
⏸ EURUSD.sml No trade
[2026-04-28 19:48:34.408296] 🎯 Trading symbol switched: EURUSD.sml -> XAUUSD.sml | AI watchlist candidate
[2026-04-28 19:48:34.408348] 🔎 Analyzing XAUUSD.sml
[2026-04-28 19:48:34.408509] ⏸ XAUUSD.sml Spread too wide: 530.0 points > 80
[2026-04-28 19:48:34.408627] 🎯 Trading symbol switched: XAUUSD.sml -> GBPUSD.sml | AI watchlist candidate
[2026-04-28 19:48:34.408673] 🔎 Analyzing GBPUSD.sml

==============================
Time: 2026-04-28 19:48:34.783545
SIGNAL: {'time': Timestamp('2026-04-28 15:40:00'), 'symbol': 'GBPUSD.sml', 'side': 'NO_TRADE', 'price': 1.34867, 'reason': 'no Donchian breakout'}
⏸ GBPUSD.sml No trade
[2026-04-28 19:48:34.783776] 🎯 Trading symbol switched: GBPUSD.sml -> USDJPY.sml | AI watchlist candidate
[2026-04-28 19:48:34.783817] 🔎 Analyzing USDJPY.sml

==============================
Time: 2026-04-28 19:48:35.085459
SIGNAL: {'time': Timestamp('2026-04-28 15:40:00'), 'symbol': 'USDJPY.sml', 'side': 'NO_TRADE', 'price': 159.573, 'reason': 'ATR too low atr_pct=0.00035'}
⏸ USDJPY.sml No trade
[2026-04-28 19:48:35.085655] 🎯 Trading symbol switched: USDJPY.sml -> GBPJPY.sml | AI watchlist candidate
[2026-04-28 19:48:35.085688] 🔎 Analyzing GBPJPY.sml

==============================
Time: 2026-04-28 19:48:35.421994
SIGNAL: {'time': Timestamp('2026-04-28 15:40:00'), 'symbol': 'GBPJPY.sml', 'side': 'NO_TRADE', 'price': 215.215, 'reason': 'no Donchian breakout'}
⏸ GBPJPY.sml No trade
[2026-04-28 19:48:35.422204] 🎯 Trading symbol switched: GBPJPY.sml -> USDCHF | AI watchlist candidate
[2026-04-28 19:48:35.422237] 🔎 Analyzing USDCHF

==============================
Time: 2026-04-28 19:48:35.760684
SIGNAL: {'time': Timestamp('2026-04-28 15:40:00'), 'symbol': 'USDCHF', 'side': 'NO_TRADE', 'price': 0.79039, 'reason': 'no Donchian breakout'}
⏸ USDCHF No trade
[2026-04-28 19:48:35.760988] 🎯 Trading symbol switched: USDCHF -> EURJPY | AI watchlist candidate
[2026-04-28 19:48:35.761041] 🔎 Analyzing EURJPY

==============================
Time: 2026-04-28 19:48:36.101988
SIGNAL: {'time': Timestamp('2026-04-28 15:40:00'), 'symbol': 'EURJPY', 'side': 'NO_TRADE', 'price': 186.587, 'reason': 'no Donchian breakout'}
⏸ EURJPY No trade
[2026-04-28 19:48:36.102074] ⏳ No order from AI watchlist this round
[2026-04-28 19:53:36.106684] 👀 AI watchlist scan: EURUSD.sml, XAUUSD.sml, GBPUSD.sml, USDJPY.sml, GBPJPY.sml, USDCHF, EURJPY
[2026-04-28 19:53:36.107304] 🎯 Trading symbol switched: EURJPY -> EURUSD.sml | AI watchlist candidate
[2026-04-28 19:53:36.107441] 🔎 Analyzing EURUSD.sml

==============================
Time: 2026-04-28 19:53:36.584486
SIGNAL: {'time': Timestamp('2026-04-28 15:45:00'), 'symbol': 'EURUSD.sml', 'side': 'NO_TRADE', 'price': 1.16991, 'reason': 'no Donchian breakout'}
⏸ EURUSD.sml No trade
[2026-04-28 19:53:36.584750] 🎯 Trading symbol switched: EURUSD.sml -> XAUUSD.sml | AI watchlist candidate
[2026-04-28 19:53:36.584800] 🔎 Analyzing XAUUSD.sml
[2026-04-28 19:53:36.584939] ⏸ XAUUSD.sml Spread too wide: 360.0 points > 80
[2026-04-28 19:53:36.585033] 🎯 Trading symbol switched: XAUUSD.sml -> GBPUSD.sml | AI watchlist candidate
[2026-04-28 19:53:36.585065] 🔎 Analyzing GBPUSD.sml

==============================
Time: 2026-04-28 19:53:36.927399
SIGNAL: {'time': Timestamp('2026-04-28 15:45:00'), 'symbol': 'GBPUSD.sml', 'side': 'NO_TRADE', 'price': 1.34947, 'reason': 'M15 ADX not rising'}
⏸ GBPUSD.sml No trade
[2026-04-28 19:53:36.927626] 🎯 Trading symbol switched: GBPUSD.sml -> USDJPY.sml | AI watchlist candidate
[2026-04-28 19:53:36.927673] 🔎 Analyzing USDJPY.sml

==============================
Time: 2026-04-28 19:53:37.301251
SIGNAL: {'time': Timestamp('2026-04-28 15:45:00'), 'symbol': 'USDJPY.sml', 'side': 'NO_TRADE', 'price': 159.496, 'reason': 'ATR too low atr_pct=0.00037'}
⏸ USDJPY.sml No trade
[2026-04-28 19:53:37.301481] 🎯 Trading symbol switched: USDJPY.sml -> GBPJPY.sml | AI watchlist candidate
[2026-04-28 19:53:37.301531] 🔎 Analyzing GBPJPY.sml

==============================
Time: 2026-04-28 19:53:37.705396
SIGNAL: {'time': Timestamp('2026-04-28 15:45:00'), 'symbol': 'GBPJPY.sml', 'side': 'NO_TRADE', 'price': 215.233, 'reason': 'no Donchian breakout'}
⏸ GBPJPY.sml No trade
[2026-04-28 19:53:37.705646] 🎯 Trading symbol switched: GBPJPY.sml -> USDCHF | AI watchlist candidate
[2026-04-28 19:53:37.705704] 🔎 Analyzing USDCHF

==============================
Time: 2026-04-28 19:53:38.055464
SIGNAL: {'time': Timestamp('2026-04-28 15:45:00'), 'symbol': 'USDCHF', 'side': 'NO_TRADE', 'price': 0.7899, 'reason': 'no Donchian breakout'}
⏸ USDCHF No trade
[2026-04-28 19:53:38.055770] 🎯 Trading symbol switched: USDCHF -> EURJPY | AI watchlist candidate
[2026-04-28 19:53:38.055853] 🔎 Analyzing EURJPY

==============================
Time: 2026-04-28 19:53:38.430046
SIGNAL: {'time': Timestamp('2026-04-28 15:45:00'), 'symbol': 'EURJPY', 'side': 'NO_TRADE', 'price': 186.566, 'reason': 'no Donchian breakout'}
⏸ EURJPY No trade
[2026-04-28 19:53:38.430129] ⏳ No order from AI watchlist this round
[2026-04-28 19:58:38.436050] 👀 AI watchlist scan: EURUSD.sml, XAUUSD.sml, GBPUSD.sml, USDJPY.sml, GBPJPY.sml, USDCHF, EURJPY
[2026-04-28 19:58:38.436752] 🎯 Trading symbol switched: EURJPY -> EURUSD.sml | AI watchlist candidate
[2026-04-28 19:58:38.436838] 🔎 Analyzing EURUSD.sml

==============================
Time: 2026-04-28 19:58:38.741351
SIGNAL: {'time': Timestamp('2026-04-28 15:50:00'), 'symbol': 'EURUSD.sml', 'side': 'NO_TRADE', 'price': 1.16956, 'reason': 'no Donchian breakout'}
⏸ EURUSD.sml No trade
[2026-04-28 19:58:38.741551] 🎯 Trading symbol switched: EURUSD.sml -> XAUUSD.sml | AI watchlist candidate
[2026-04-28 19:58:38.741585] 🔎 Analyzing XAUUSD.sml
[2026-04-28 19:58:38.741698] ⏸ XAUUSD.sml Spread too wide: 590.0 points > 80
[2026-04-28 19:58:38.741782] 🎯 Trading symbol switched: XAUUSD.sml -> GBPUSD.sml | AI watchlist candidate
[2026-04-28 19:58:38.741812] 🔎 Analyzing GBPUSD.sml

==============================
Time: 2026-04-28 19:58:39.057935
SIGNAL: {'time': Timestamp('2026-04-28 15:50:00'), 'symbol': 'GBPUSD.sml', 'side': 'NO_TRADE', 'price': 1.3492600000000001, 'reason': 'no Donchian breakout'}
⏸ GBPUSD.sml No trade
[2026-04-28 19:58:39.058178] 🎯 Trading symbol switched: GBPUSD.sml -> USDJPY.sml | AI watchlist candidate
[2026-04-28 19:58:39.058219] 🔎 Analyzing USDJPY.sml

==============================
Time: 2026-04-28 19:58:39.388265
SIGNAL: {'time': Timestamp('2026-04-28 15:50:00'), 'symbol': 'USDJPY.sml', 'side': 'NO_TRADE', 'price': 159.5, 'reason': 'no Donchian breakout'}
⏸ USDJPY.sml No trade
[2026-04-28 19:58:39.388518] 🎯 Trading symbol switched: USDJPY.sml -> GBPJPY.sml | AI watchlist candidate
[2026-04-28 19:58:39.388574] 🔎 Analyzing GBPJPY.sml

==============================
Time: 2026-04-28 19:58:39.710383
SIGNAL: {'time': Timestamp('2026-04-28 15:50:00'), 'symbol': 'GBPJPY.sml', 'side': 'NO_TRADE', 'price': 215.202, 'reason': 'no Donchian breakout'}
⏸ GBPJPY.sml No trade
[2026-04-28 19:58:39.710575] 🎯 Trading symbol switched: GBPJPY.sml -> USDCHF | AI watchlist candidate
[2026-04-28 19:58:39.710607] 🔎 Analyzing USDCHF

==============================
Time: 2026-04-28 19:58:40.033857
SIGNAL: {'time': Timestamp('2026-04-28 15:50:00'), 'symbol': 'USDCHF', 'side': 'NO_TRADE', 'price': 0.79009, 'reason': 'no Donchian breakout'}
⏸ USDCHF No trade
[2026-04-28 19:58:40.034068] 🎯 Trading symbol switched: USDCHF -> EURJPY | AI watchlist candidate
[2026-04-28 19:58:40.034102] 🔎 Analyzing EURJPY

==============================
Time: 2026-04-28 19:58:40.357565
SIGNAL: {'time': Timestamp('2026-04-28 15:50:00'), 'symbol': 'EURJPY', 'side': 'NO_TRADE', 'price': 186.508, 'reason': 'ATR too low atr_pct=0.00037'}
⏸ EURJPY No trade
[2026-04-28 19:58:40.357649] ⏳ No order from AI watchlist this round
[2026-04-28 20:03:40.361607] 👀 AI watchlist scan: EURUSD.sml, XAUUSD.sml, GBPUSD.sml, USDJPY.sml, GBPJPY.sml, USDCHF, EURJPY
[2026-04-28 20:03:40.361900] 🎯 Trading symbol switched: EURJPY -> EURUSD.sml | AI watchlist candidate
[2026-04-28 20:03:40.361950] 🔎 Analyzing EURUSD.sml

==============================
Time: 2026-04-28 20:03:40.693138
SIGNAL: {'time': Timestamp('2026-04-28 15:55:00'), 'symbol': 'EURUSD.sml', 'side': 'NO_TRADE', 'price': 1.1697, 'reason': 'no Donchian breakout'}
⏸ EURUSD.sml No trade
[2026-04-28 20:03:40.693385] 🎯 Trading symbol switched: EURUSD.sml -> XAUUSD.sml | AI watchlist candidate
[2026-04-28 20:03:40.693440] 🔎 Analyzing XAUUSD.sml
[2026-04-28 20:03:40.693607] ⏸ XAUUSD.sml Spread too wide: 150.0 points > 80
[2026-04-28 20:03:40.693728] 🎯 Trading symbol switched: XAUUSD.sml -> GBPUSD.sml | AI watchlist candidate
[2026-04-28 20:03:40.693771] 🔎 Analyzing GBPUSD.sml

==============================
Time: 2026-04-28 20:03:41.051982
SIGNAL: {'time': Timestamp('2026-04-28 15:55:00'), 'symbol': 'GBPUSD.sml', 'side': 'NO_TRADE', 'price': 1.34927, 'reason': 'no Donchian breakout'}
⏸ GBPUSD.sml No trade
[2026-04-28 20:03:41.052200] 🎯 Trading symbol switched: GBPUSD.sml -> USDJPY.sml | AI watchlist candidate
[2026-04-28 20:03:41.052236] 🔎 Analyzing USDJPY.sml

==============================
Time: 2026-04-28 20:03:41.407748
SIGNAL: {'time': Timestamp('2026-04-28 15:55:00'), 'symbol': 'USDJPY.sml', 'side': 'NO_TRADE', 'price': 159.464, 'reason': 'ATR too low atr_pct=0.00039'}
⏸ USDJPY.sml No trade
[2026-04-28 20:03:41.408081] 🎯 Trading symbol switched: USDJPY.sml -> GBPJPY.sml | AI watchlist candidate
[2026-04-28 20:03:41.408118] 🔎 Analyzing GBPJPY.sml

==============================
Time: 2026-04-28 20:03:41.783928
SIGNAL: {'time': Timestamp('2026-04-28 15:55:00'), 'symbol': 'GBPJPY.sml', 'side': 'NO_TRADE', 'price': 215.161, 'reason': 'no Donchian breakout'}
⏸ GBPJPY.sml No trade
[2026-04-28 20:03:41.784259] 🎯 Trading symbol switched: GBPJPY.sml -> USDCHF | AI watchlist candidate
[2026-04-28 20:03:41.784318] 🔎 Analyzing USDCHF

==============================
Time: 2026-04-28 20:03:42.197858
SIGNAL: {'time': Timestamp('2026-04-28 15:55:00'), 'symbol': 'USDCHF', 'side': 'NO_TRADE', 'price': 0.78962, 'reason': 'no Donchian breakout'}
⏸ USDCHF No trade
[2026-04-28 20:03:42.198151] 🎯 Trading symbol switched: USDCHF -> EURJPY | AI watchlist candidate
[2026-04-28 20:03:42.198201] 🔎 Analyzing EURJPY

==============================
Time: 2026-04-28 20:03:42.577017
SIGNAL: {'time': Timestamp('2026-04-28 15:55:00'), 'symbol': 'EURJPY', 'side': 'NO_TRADE', 'price': 186.493, 'reason': 'ATR too low atr_pct=0.00038'}
⏸ EURJPY No trade
[2026-04-28 20:03:42.577106] ⏳ No order from AI watchlist this round
[2026-04-28 20:08:42.582672] 👀 AI watchlist scan: EURUSD.sml, XAUUSD.sml, GBPUSD.sml, USDJPY.sml, GBPJPY.sml, USDCHF, EURJPY
[2026-04-28 20:08:42.583366] 🎯 Trading symbol switched: EURJPY -> EURUSD.sml | AI watchlist candidate
[2026-04-28 20:08:42.583468] 🔎 Analyzing EURUSD.sml

==============================
Time: 2026-04-28 20:08:42.881354
SIGNAL: {'time': Timestamp('2026-04-28 16:00:00'), 'symbol': 'EURUSD.sml', 'side': 'NO_TRADE', 'price': 1.16953, 'reason': 'no Donchian breakout'}
⏸ EURUSD.sml No trade
[2026-04-28 20:08:42.881637] 🎯 Trading symbol switched: EURUSD.sml -> XAUUSD.sml | AI watchlist candidate
[2026-04-28 20:08:42.881690] 🔎 Analyzing XAUUSD.sml
[2026-04-28 20:08:42.881857] ⏸ XAUUSD.sml Spread too wide: 480.0 points > 80
[2026-04-28 20:08:42.881971] 🎯 Trading symbol switched: XAUUSD.sml -> GBPUSD.sml | AI watchlist candidate
[2026-04-28 20:08:42.882007] 🔎 Analyzing GBPUSD.sml

==============================
Time: 2026-04-28 20:08:43.333346
SIGNAL: {'time': Timestamp('2026-04-28 16:00:00'), 'symbol': 'GBPUSD.sml', 'side': 'NO_TRADE', 'price': 1.3492600000000001, 'reason': 'no Donchian breakout'}
⏸ GBPUSD.sml No trade
[2026-04-28 20:08:43.333578] 🎯 Trading symbol switched: GBPUSD.sml -> USDJPY.sml | AI watchlist candidate
[2026-04-28 20:08:43.333616] 🔎 Analyzing USDJPY.sml

==============================
Time: 2026-04-28 20:08:43.695991
SIGNAL: {'time': Timestamp('2026-04-28 16:00:00'), 'symbol': 'USDJPY.sml', 'side': 'NO_TRADE', 'price': 159.532, 'reason': 'no Donchian breakout'}
⏸ USDJPY.sml No trade
[2026-04-28 20:08:43.696220] 🎯 Trading symbol switched: USDJPY.sml -> GBPJPY.sml | AI watchlist candidate
[2026-04-28 20:08:43.696256] 🔎 Analyzing GBPJPY.sml

==============================
Time: 2026-04-28 20:08:44.075894
SIGNAL: {'time': Timestamp('2026-04-28 16:00:00'), 'symbol': 'GBPJPY.sml', 'side': 'NO_TRADE', 'price': 215.251, 'reason': 'no Donchian breakout'}
⏸ GBPJPY.sml No trade
[2026-04-28 20:08:44.076106] 🎯 Trading symbol switched: GBPJPY.sml -> USDCHF | AI watchlist candidate
[2026-04-28 20:08:44.076140] 🔎 Analyzing USDCHF

==============================
Time: 2026-04-28 20:08:44.390233
SIGNAL: {'time': Timestamp('2026-04-28 16:00:00'), 'symbol': 'USDCHF', 'side': 'NO_TRADE', 'price': 0.78967, 'reason': 'no Donchian breakout'}
⏸ USDCHF No trade
[2026-04-28 20:08:44.390505] 🎯 Trading symbol switched: USDCHF -> EURJPY | AI watchlist candidate
[2026-04-28 20:08:44.390563] 🔎 Analyzing EURJPY

==============================
Time: 2026-04-28 20:08:44.730976
SIGNAL: {'time': Timestamp('2026-04-28 16:00:00'), 'symbol': 'EURJPY', 'side': 'NO_TRADE', 'price': 186.544, 'reason': 'no Donchian breakout'}
⏸ EURJPY No trade
[2026-04-28 20:08:44.731153] ⏳ No order from AI watchlist this round
[2026-04-28 20:13:44.737052] 👀 AI watchlist scan: EURUSD.sml, XAUUSD.sml, GBPUSD.sml, USDJPY.sml, GBPJPY.sml, USDCHF, EURJPY
[2026-04-28 20:13:44.737797] 🎯 Trading symbol switched: EURJPY -> EURUSD.sml | AI watchlist candidate
[2026-04-28 20:13:44.737904] 🔎 Analyzing EURUSD.sml

==============================
Time: 2026-04-28 20:13:45.058185
SIGNAL: {'time': Timestamp('2026-04-28 16:05:00'), 'symbol': 'EURUSD.sml', 'side': 'NO_TRADE', 'price': 1.16942, 'reason': 'no Donchian breakout'}
⏸ EURUSD.sml No trade
[2026-04-28 20:13:45.058437] 🎯 Trading symbol switched: EURUSD.sml -> XAUUSD.sml | AI watchlist candidate
[2026-04-28 20:13:45.058491] 🔎 Analyzing XAUUSD.sml
[2026-04-28 20:13:45.058649] ⏸ XAUUSD.sml Spread too wide: 530.0 points > 80
[2026-04-28 20:13:45.058770] 🎯 Trading symbol switched: XAUUSD.sml -> GBPUSD.sml | AI watchlist candidate
[2026-04-28 20:13:45.058811] 🔎 Analyzing GBPUSD.sml

==============================
Time: 2026-04-28 20:13:45.378939
SIGNAL: {'time': Timestamp('2026-04-28 16:05:00'), 'symbol': 'GBPUSD.sml', 'side': 'NO_TRADE', 'price': 1.34916, 'reason': 'no Donchian breakout'}
⏸ GBPUSD.sml No trade
[2026-04-28 20:13:45.379151] 🎯 Trading symbol switched: GBPUSD.sml -> USDJPY.sml | AI watchlist candidate
[2026-04-28 20:13:45.379184] 🔎 Analyzing USDJPY.sml

==============================
Time: 2026-04-28 20:13:45.703481
SIGNAL: {'time': Timestamp('2026-04-28 16:05:00'), 'symbol': 'USDJPY.sml', 'side': 'NO_TRADE', 'price': 159.542, 'reason': 'no Donchian breakout'}
⏸ USDJPY.sml No trade
[2026-04-28 20:13:45.703690] 🎯 Trading symbol switched: USDJPY.sml -> GBPJPY.sml | AI watchlist candidate
[2026-04-28 20:13:45.703725] 🔎 Analyzing GBPJPY.sml

==============================
Time: 2026-04-28 20:13:46.098488
SIGNAL: {'time': Timestamp('2026-04-28 16:05:00'), 'symbol': 'GBPJPY.sml', 'side': 'NO_TRADE', 'price': 215.249, 'reason': 'no Donchian breakout'}
⏸ GBPJPY.sml No trade
[2026-04-28 20:13:46.098683] 🎯 Trading symbol switched: GBPJPY.sml -> USDCHF | AI watchlist candidate
[2026-04-28 20:13:46.098715] 🔎 Analyzing USDCHF

==============================
Time: 2026-04-28 20:13:46.443488
SIGNAL: {'time': Timestamp('2026-04-28 16:05:00'), 'symbol': 'USDCHF', 'side': 'NO_TRADE', 'price': 0.78978, 'reason': 'no Donchian breakout'}
⏸ USDCHF No trade
[2026-04-28 20:13:46.443710] 🎯 Trading symbol switched: USDCHF -> EURJPY | AI watchlist candidate
[2026-04-28 20:13:46.443756] 🔎 Analyzing EURJPY

==============================
Time: 2026-04-28 20:13:46.776900
SIGNAL: {'time': Timestamp('2026-04-28 16:05:00'), 'symbol': 'EURJPY', 'side': 'NO_TRADE', 'price': 186.539, 'reason': 'no Donchian breakout'}
⏸ EURJPY No trade
[2026-04-28 20:13:46.776983] ⏳ No order from AI watchlist this round
[2026-04-28 20:18:46.781285] 👀 AI watchlist scan: EURUSD.sml, XAUUSD.sml, GBPUSD.sml, USDJPY.sml, GBPJPY.sml, USDCHF, EURJPY
[2026-04-28 20:18:46.781819] 🎯 Trading symbol switched: EURJPY -> EURUSD.sml | AI watchlist candidate
[2026-04-28 20:18:46.781934] 🔎 Analyzing EURUSD.sml

==============================
Time: 2026-04-28 20:18:47.092125
SIGNAL: {'time': Timestamp('2026-04-28 16:10:00'), 'symbol': 'EURUSD.sml', 'side': 'NO_TRADE', 'price': 1.1694499999999999, 'reason': 'no Donchian breakout'}
⏸ EURUSD.sml No trade
[2026-04-28 20:18:47.092347] 🎯 Trading symbol switched: EURUSD.sml -> XAUUSD.sml | AI watchlist candidate
[2026-04-28 20:18:47.092418] 🔎 Analyzing XAUUSD.sml
[2026-04-28 20:18:47.092635] ⏸ XAUUSD.sml Spread too wide: 560.0 points > 80
[2026-04-28 20:18:47.092788] 🎯 Trading symbol switched: XAUUSD.sml -> GBPUSD.sml | AI watchlist candidate
[2026-04-28 20:18:47.092841] 🔎 Analyzing GBPUSD.sml

==============================
Time: 2026-04-28 20:18:47.411974
SIGNAL: {'time': Timestamp('2026-04-28 16:10:00'), 'symbol': 'GBPUSD.sml', 'side': 'NO_TRADE', 'price': 1.34893, 'reason': 'no Donchian breakout'}
⏸ GBPUSD.sml No trade
[2026-04-28 20:18:47.412301] 🎯 Trading symbol switched: GBPUSD.sml -> USDJPY.sml | AI watchlist candidate
[2026-04-28 20:18:47.412346] 🔎 Analyzing USDJPY.sml

==============================
Time: 2026-04-28 20:18:47.769665
SIGNAL: {'time': Timestamp('2026-04-28 16:10:00'), 'symbol': 'USDJPY.sml', 'side': 'NO_TRADE', 'price': 159.561, 'reason': 'no Donchian breakout'}
⏸ USDJPY.sml No trade
[2026-04-28 20:18:47.769925] 🎯 Trading symbol switched: USDJPY.sml -> GBPJPY.sml | AI watchlist candidate
[2026-04-28 20:18:47.769961] 🔎 Analyzing GBPJPY.sml

==============================
Time: 2026-04-28 20:18:48.112512
SIGNAL: {'time': Timestamp('2026-04-28 16:10:00'), 'symbol': 'GBPJPY.sml', 'side': 'NO_TRADE', 'price': 215.237, 'reason': 'no Donchian breakout'}
⏸ GBPJPY.sml No trade
[2026-04-28 20:18:48.112751] 🎯 Trading symbol switched: GBPJPY.sml -> USDCHF | AI watchlist candidate
[2026-04-28 20:18:48.112790] 🔎 Analyzing USDCHF

==============================
Time: 2026-04-28 20:18:48.460382
SIGNAL: {'time': Timestamp('2026-04-28 16:10:00'), 'symbol': 'USDCHF', 'side': 'NO_TRADE', 'price': 0.79028, 'reason': 'no Donchian breakout'}
⏸ USDCHF No trade
[2026-04-28 20:18:48.460623] 🎯 Trading symbol switched: USDCHF -> EURJPY | AI watchlist candidate
[2026-04-28 20:18:48.460690] 🔎 Analyzing EURJPY

==============================
Time: 2026-04-28 20:18:48.793436
SIGNAL: {'time': Timestamp('2026-04-28 16:10:00'), 'symbol': 'EURJPY', 'side': 'NO_TRADE', 'price': 186.566, 'reason': 'no Donchian breakout'}
⏸ EURJPY No trade
[2026-04-28 20:18:48.793518] ⏳ No order from AI watchlist this round
[2026-04-28 20:23:48.799535] 👀 AI watchlist scan: EURUSD.sml, XAUUSD.sml, GBPUSD.sml, USDJPY.sml, GBPJPY.sml, USDCHF, EURJPY
[2026-04-28 20:23:48.800355] 🎯 Trading symbol switched: EURJPY -> EURUSD.sml | AI watchlist candidate
[2026-04-28 20:23:48.800457] 🔎 Analyzing EURUSD.sml

==============================
Time: 2026-04-28 20:23:49.115343
SIGNAL: {'time': Timestamp('2026-04-28 16:15:00'), 'symbol': 'EURUSD.sml', 'side': 'NO_TRADE', 'price': 1.16898, 'reason': 'no Donchian breakout'}
⏸ EURUSD.sml No trade
[2026-04-28 20:23:49.115571] 🎯 Trading symbol switched: EURUSD.sml -> XAUUSD.sml | AI watchlist candidate
[2026-04-28 20:23:49.115603] 🔎 Analyzing XAUUSD.sml
[2026-04-28 20:23:49.115730] ⏸ XAUUSD.sml Spread too wide: 530.0 points > 80
[2026-04-28 20:23:49.115827] 🎯 Trading symbol switched: XAUUSD.sml -> GBPUSD.sml | AI watchlist candidate
[2026-04-28 20:23:49.115856] 🔎 Analyzing GBPUSD.sml

==============================
Time: 2026-04-28 20:23:49.442637
SIGNAL: {'time': Timestamp('2026-04-28 16:15:00'), 'symbol': 'GBPUSD.sml', 'side': 'NO_TRADE', 'price': 1.34814, 'reason': 'no Donchian breakout'}
⏸ GBPUSD.sml No trade
[2026-04-28 20:23:49.442868] 🎯 Trading symbol switched: GBPUSD.sml -> USDJPY.sml | AI watchlist candidate
[2026-04-28 20:23:49.442935] 🔎 Analyzing USDJPY.sml

==============================
Time: 2026-04-28 20:23:49.763537
SIGNAL: {'time': Timestamp('2026-04-28 16:15:00'), 'symbol': 'USDJPY.sml', 'side': 'NO_TRADE', 'price': 159.592, 'reason': 'no Donchian breakout'}
⏸ USDJPY.sml No trade
[2026-04-28 20:23:49.763742] 🎯 Trading symbol switched: USDJPY.sml -> GBPJPY.sml | AI watchlist candidate
[2026-04-28 20:23:49.763774] 🔎 Analyzing GBPJPY.sml

==============================
Time: 2026-04-28 20:23:50.081375
SIGNAL: {'time': Timestamp('2026-04-28 16:15:00'), 'symbol': 'GBPJPY.sml', 'side': 'NO_TRADE', 'price': 215.153, 'reason': 'no Donchian breakout'}
⏸ GBPJPY.sml No trade
[2026-04-28 20:23:50.081586] 🎯 Trading symbol switched: GBPJPY.sml -> USDCHF | AI watchlist candidate
[2026-04-28 20:23:50.081621] 🔎 Analyzing USDCHF

==============================
Time: 2026-04-28 20:23:50.404549
SIGNAL: {'time': Timestamp('2026-04-28 16:15:00'), 'symbol': 'USDCHF', 'side': 'NO_TRADE', 'price': 0.7906, 'reason': 'no Donchian breakout'}
⏸ USDCHF No trade
[2026-04-28 20:23:50.404869] 🎯 Trading symbol switched: USDCHF -> EURJPY | AI watchlist candidate
[2026-04-28 20:23:50.404904] 🔎 Analyzing EURJPY

==============================
Time: 2026-04-28 20:23:50.727228
SIGNAL: {'time': Timestamp('2026-04-28 16:15:00'), 'symbol': 'EURJPY', 'side': 'NO_TRADE', 'price': 186.527, 'reason': 'no Donchian breakout'}
⏸ EURJPY No trade
[2026-04-28 20:23:50.727341] ⏳ No order from AI watchlist this round
[2026-04-28 20:28:50.731519] 👀 AI watchlist scan: EURUSD.sml, XAUUSD.sml, GBPUSD.sml, USDJPY.sml, GBPJPY.sml, USDCHF, EURJPY
[2026-04-28 20:28:50.732094] 🎯 Trading symbol switched: EURJPY -> EURUSD.sml | AI watchlist candidate
[2026-04-28 20:28:50.732180] 🔎 Analyzing EURUSD.sml

==============================
Time: 2026-04-28 20:28:51.031990
SIGNAL: {'time': Timestamp('2026-04-28 16:20:00'), 'symbol': 'EURUSD.sml', 'side': 'NO_TRADE', 'price': 1.16917, 'reason': 'no Donchian breakout'}
⏸ EURUSD.sml No trade
[2026-04-28 20:28:51.032238] 🎯 Trading symbol switched: EURUSD.sml -> XAUUSD.sml | AI watchlist candidate
[2026-04-28 20:28:51.032282] 🔎 Analyzing XAUUSD.sml
[2026-04-28 20:28:51.032437] ⏸ XAUUSD.sml Spread too wide: 540.0 points > 80
[2026-04-28 20:28:51.032560] 🎯 Trading symbol switched: XAUUSD.sml -> GBPUSD.sml | AI watchlist candidate
[2026-04-28 20:28:51.032601] 🔎 Analyzing GBPUSD.sml

==============================
Time: 2026-04-28 20:28:51.335815
SIGNAL: {'time': Timestamp('2026-04-28 16:20:00'), 'symbol': 'GBPUSD.sml', 'side': 'NO_TRADE', 'price': 1.3485800000000001, 'reason': 'no Donchian breakout'}
⏸ GBPUSD.sml No trade
[2026-04-28 20:28:51.336019] 🎯 Trading symbol switched: GBPUSD.sml -> USDJPY.sml | AI watchlist candidate
[2026-04-28 20:28:51.336052] 🔎 Analyzing USDJPY.sml

==============================
Time: 2026-04-28 20:28:51.667055
SIGNAL: {'time': Timestamp('2026-04-28 16:20:00'), 'symbol': 'USDJPY.sml', 'side': 'NO_TRADE', 'price': 159.565, 'reason': 'no Donchian breakout'}
⏸ USDJPY.sml No trade
[2026-04-28 20:28:51.667313] 🎯 Trading symbol switched: USDJPY.sml -> GBPJPY.sml | AI watchlist candidate
[2026-04-28 20:28:51.667350] 🔎 Analyzing GBPJPY.sml

==============================
Time: 2026-04-28 20:28:51.978632
SIGNAL: {'time': Timestamp('2026-04-28 16:20:00'), 'symbol': 'GBPJPY.sml', 'side': 'NO_TRADE', 'price': 215.186, 'reason': 'no Donchian breakout'}
⏸ GBPJPY.sml No trade
[2026-04-28 20:28:51.978840] 🎯 Trading symbol switched: GBPJPY.sml -> USDCHF | AI watchlist candidate
[2026-04-28 20:28:51.978873] 🔎 Analyzing USDCHF

==============================
Time: 2026-04-28 20:28:52.320537
SIGNAL: {'time': Timestamp('2026-04-28 16:20:00'), 'symbol': 'USDCHF', 'side': 'NO_TRADE', 'price': 0.79043, 'reason': 'no Donchian breakout'}
⏸ USDCHF No trade
[2026-04-28 20:28:52.320752] 🎯 Trading symbol switched: USDCHF -> EURJPY | AI watchlist candidate
[2026-04-28 20:28:52.320786] 🔎 Analyzing EURJPY

==============================
Time: 2026-04-28 20:28:52.633646
SIGNAL: {'time': Timestamp('2026-04-28 16:20:00'), 'symbol': 'EURJPY', 'side': 'NO_TRADE', 'price': 186.529, 'reason': 'no Donchian breakout'}
⏸ EURJPY No trade
[2026-04-28 20:28:52.633727] ⏳ No order from AI watchlist this round
[2026-04-28 20:33:52.637779] 👀 AI watchlist scan: EURUSD.sml, XAUUSD.sml, GBPUSD.sml, USDJPY.sml, GBPJPY.sml, USDCHF, EURJPY
[2026-04-28 20:33:52.638343] 🎯 Trading symbol switched: EURJPY -> EURUSD.sml | AI watchlist candidate
[2026-04-28 20:33:52.638430] 🔎 Analyzing EURUSD.sml

==============================
Time: 2026-04-28 20:33:52.965673
SIGNAL: {'time': Timestamp('2026-04-28 16:25:00'), 'symbol': 'EURUSD.sml', 'side': 'NO_TRADE', 'price': 1.17, 'reason': 'no Donchian breakout'}
⏸ EURUSD.sml No trade
[2026-04-28 20:33:52.965953] 🎯 Trading symbol switched: EURUSD.sml -> XAUUSD.sml | AI watchlist candidate
[2026-04-28 20:33:52.966049] 🔎 Analyzing XAUUSD.sml
[2026-04-28 20:33:52.966244] ⏸ XAUUSD.sml Spread too wide: 900.0 points > 80
[2026-04-28 20:33:52.966478] 🎯 Trading symbol switched: XAUUSD.sml -> GBPUSD.sml | AI watchlist candidate
[2026-04-28 20:33:52.966523] 🔎 Analyzing GBPUSD.sml

==============================
Time: 2026-04-28 20:33:53.301830
SIGNAL: {'time': Timestamp('2026-04-28 16:25:00'), 'symbol': 'GBPUSD.sml', 'side': 'NO_TRADE', 'price': 1.34949, 'reason': 'no Donchian breakout'}
⏸ GBPUSD.sml No trade
[2026-04-28 20:33:53.302032] 🎯 Trading symbol switched: GBPUSD.sml -> USDJPY.sml | AI watchlist candidate
[2026-04-28 20:33:53.302065] 🔎 Analyzing USDJPY.sml

==============================
Time: 2026-04-28 20:33:53.643327
SIGNAL: {'time': Timestamp('2026-04-28 16:25:00'), 'symbol': 'USDJPY.sml', 'side': 'NO_TRADE', 'price': 159.452, 'reason': 'no Donchian breakout'}
⏸ USDJPY.sml No trade
[2026-04-28 20:33:53.643535] 🎯 Trading symbol switched: USDJPY.sml -> GBPJPY.sml | AI watchlist candidate
[2026-04-28 20:33:53.643571] 🔎 Analyzing GBPJPY.sml

==============================
Time: 2026-04-28 20:33:53.971718
SIGNAL: {'time': Timestamp('2026-04-28 16:25:00'), 'symbol': 'GBPJPY.sml', 'side': 'NO_TRADE', 'price': 215.184, 'reason': 'no Donchian breakout'}
⏸ GBPJPY.sml No trade
[2026-04-28 20:33:53.971919] 🎯 Trading symbol switched: GBPJPY.sml -> USDCHF | AI watchlist candidate
[2026-04-28 20:33:53.971953] 🔎 Analyzing USDCHF

==============================
Time: 2026-04-28 20:33:54.301608
SIGNAL: {'time': Timestamp('2026-04-28 16:25:00'), 'symbol': 'USDCHF', 'side': 'NO_TRADE', 'price': 0.78986, 'reason': 'no Donchian breakout'}
⏸ USDCHF No trade
[2026-04-28 20:33:54.301822] 🎯 Trading symbol switched: USDCHF -> EURJPY | AI watchlist candidate
[2026-04-28 20:33:54.301870] 🔎 Analyzing EURJPY

==============================
Time: 2026-04-28 20:33:54.613099
SIGNAL: {'time': Timestamp('2026-04-28 16:25:00'), 'symbol': 'EURJPY', 'side': 'NO_TRADE', 'price': 186.513, 'reason': 'no Donchian breakout'}
⏸ EURJPY No trade
[2026-04-28 20:33:54.613182] ⏳ No order from AI watchlist this round
[2026-04-28 20:38:54.617408] 👀 AI watchlist scan: EURUSD.sml, XAUUSD.sml, GBPUSD.sml, USDJPY.sml, GBPJPY.sml, USDCHF, EURJPY
[2026-04-28 20:38:54.617817] 🎯 Trading symbol switched: EURJPY -> EURUSD.sml | AI watchlist candidate
[2026-04-28 20:38:54.617870] 🔎 Analyzing EURUSD.sml

==============================
Time: 2026-04-28 20:38:54.919571
SIGNAL: {'time': Timestamp('2026-04-28 16:30:00'), 'symbol': 'EURUSD.sml', 'side': 'NO_TRADE', 'price': 1.16955, 'reason': 'no Donchian breakout'}
⏸ EURUSD.sml No trade
[2026-04-28 20:38:54.919844] 🎯 Trading symbol switched: EURUSD.sml -> XAUUSD.sml | AI watchlist candidate
[2026-04-28 20:38:54.919889] 🔎 Analyzing XAUUSD.sml
[2026-04-28 20:38:54.920038] ⏸ XAUUSD.sml Spread too wide: 290.0 points > 80
[2026-04-28 20:38:54.920144] 🎯 Trading symbol switched: XAUUSD.sml -> GBPUSD.sml | AI watchlist candidate
[2026-04-28 20:38:54.920181] 🔎 Analyzing GBPUSD.sml

==============================
Time: 2026-04-28 20:38:55.222126
SIGNAL: {'time': Timestamp('2026-04-28 16:30:00'), 'symbol': 'GBPUSD.sml', 'side': 'NO_TRADE', 'price': 1.34925, 'reason': 'no Donchian breakout'}
⏸ GBPUSD.sml No trade
[2026-04-28 20:38:55.222360] 🎯 Trading symbol switched: GBPUSD.sml -> USDJPY.sml | AI watchlist candidate
[2026-04-28 20:38:55.222405] 🔎 Analyzing USDJPY.sml

==============================
Time: 2026-04-28 20:38:55.578388
SIGNAL: {'time': Timestamp('2026-04-28 16:30:00'), 'symbol': 'USDJPY.sml', 'side': 'NO_TRADE', 'price': 159.484, 'reason': 'no Donchian breakout'}
⏸ USDJPY.sml No trade
[2026-04-28 20:38:55.578660] 🎯 Trading symbol switched: USDJPY.sml -> GBPJPY.sml | AI watchlist candidate
[2026-04-28 20:38:55.578706] 🔎 Analyzing GBPJPY.sml

==============================
Time: 2026-04-28 20:38:55.944181
SIGNAL: {'time': Timestamp('2026-04-28 16:30:00'), 'symbol': 'GBPJPY.sml', 'side': 'NO_TRADE', 'price': 215.182, 'reason': 'no Donchian breakout'}
⏸ GBPJPY.sml No trade
[2026-04-28 20:38:55.944506] 🎯 Trading symbol switched: GBPJPY.sml -> USDCHF | AI watchlist candidate
[2026-04-28 20:38:55.944542] 🔎 Analyzing USDCHF

==============================
Time: 2026-04-28 20:38:56.395858
SIGNAL: {'time': Timestamp('2026-04-28 16:30:00'), 'symbol': 'USDCHF', 'side': 'NO_TRADE', 'price': 0.79042, 'reason': 'no Donchian breakout'}
⏸ USDCHF No trade
[2026-04-28 20:38:56.396114] 🎯 Trading symbol switched: USDCHF -> EURJPY | AI watchlist candidate
[2026-04-28 20:38:56.396159] 🔎 Analyzing EURJPY

==============================
Time: 2026-04-28 20:38:56.738623
SIGNAL: {'time': Timestamp('2026-04-28 16:30:00'), 'symbol': 'EURJPY', 'side': 'NO_TRADE', 'price': 186.49, 'reason': 'no Donchian breakout'}
⏸ EURJPY No trade
[2026-04-28 20:38:56.738714] ⏳ No order from AI watchlist this round
[2026-04-28 20:43:56.742134] 👀 AI watchlist scan: EURUSD.sml, XAUUSD.sml, GBPUSD.sml, USDJPY.sml, GBPJPY.sml, USDCHF, EURJPY
[2026-04-28 20:43:56.742461] 🎯 Trading symbol switched: EURJPY -> EURUSD.sml | AI watchlist candidate
[2026-04-28 20:43:56.742556] 🔎 Analyzing EURUSD.sml

==============================
Time: 2026-04-28 20:43:57.058265
SIGNAL: {'time': Timestamp('2026-04-28 16:35:00'), 'symbol': 'EURUSD.sml', 'side': 'NO_TRADE', 'price': 1.17024, 'reason': 'ATR too low atr_pct=0.00043'}
⏸ EURUSD.sml No trade
[2026-04-28 20:43:57.058467] 🎯 Trading symbol switched: EURUSD.sml -> XAUUSD.sml | AI watchlist candidate
[2026-04-28 20:43:57.058500] 🔎 Analyzing XAUUSD.sml
[2026-04-28 20:43:57.058613] ⏸ XAUUSD.sml Spread too wide: 770.0 points > 80
[2026-04-28 20:43:57.058699] 🎯 Trading symbol switched: XAUUSD.sml -> GBPUSD.sml | AI watchlist candidate
[2026-04-28 20:43:57.058728] 🔎 Analyzing GBPUSD.sml

==============================
Time: 2026-04-28 20:43:57.388204
SIGNAL: {'time': Timestamp('2026-04-28 16:35:00'), 'symbol': 'GBPUSD.sml', 'side': 'NO_TRADE', 'price': 1.34982, 'reason': 'ATR too low atr_pct=0.00049'}
⏸ GBPUSD.sml No trade
[2026-04-28 20:43:57.388583] 🎯 Trading symbol switched: GBPUSD.sml -> USDJPY.sml | AI watchlist candidate
[2026-04-28 20:43:57.388620] 🔎 Analyzing USDJPY.sml

==============================
Time: 2026-04-28 20:43:57.696455
SIGNAL: {'time': Timestamp('2026-04-28 16:35:00'), 'symbol': 'USDJPY.sml', 'side': 'NO_TRADE', 'price': 159.514, 'reason': 'no Donchian breakout'}
⏸ USDJPY.sml No trade
[2026-04-28 20:43:57.696667] 🎯 Trading symbol switched: USDJPY.sml -> GBPJPY.sml | AI watchlist candidate
[2026-04-28 20:43:57.696701] 🔎 Analyzing GBPJPY.sml

==============================
Time: 2026-04-28 20:43:58.037970
SIGNAL: {'time': Timestamp('2026-04-28 16:35:00'), 'symbol': 'GBPJPY.sml', 'side': 'NO_TRADE', 'price': 215.313, 'reason': 'ATR too low atr_pct=0.00042'}
⏸ GBPJPY.sml No trade
[2026-04-28 20:43:58.038192] 🎯 Trading symbol switched: GBPJPY.sml -> USDCHF | AI watchlist candidate
[2026-04-28 20:43:58.038241] 🔎 Analyzing USDCHF

==============================
Time: 2026-04-28 20:43:58.363849
SIGNAL: {'time': Timestamp('2026-04-28 16:35:00'), 'symbol': 'USDCHF', 'side': 'NO_TRADE', 'price': 0.79006, 'reason': 'no Donchian breakout'}
⏸ USDCHF No trade
[2026-04-28 20:43:58.364054] 🎯 Trading symbol switched: USDCHF -> EURJPY | AI watchlist candidate
[2026-04-28 20:43:58.364087] 🔎 Analyzing EURJPY

==============================
Time: 2026-04-28 20:43:58.676407
SIGNAL: {'time': Timestamp('2026-04-28 16:35:00'), 'symbol': 'EURJPY', 'side': 'NO_TRADE', 'price': 186.637, 'reason': 'no Donchian breakout'}
⏸ EURJPY No trade
[2026-04-28 20:43:58.676498] ⏳ No order from AI watchlist this round
[2026-04-28 20:48:58.681046] 👀 AI watchlist scan: EURUSD.sml, XAUUSD.sml, GBPUSD.sml, USDJPY.sml, GBPJPY.sml, USDCHF, EURJPY
[2026-04-28 20:48:58.681721] 🎯 Trading symbol switched: EURJPY -> EURUSD.sml | AI watchlist candidate
[2026-04-28 20:48:58.681788] 🔎 Analyzing EURUSD.sml

==============================
Time: 2026-04-28 20:48:58.987455
SIGNAL: {'time': Timestamp('2026-04-28 16:40:00'), 'symbol': 'EURUSD.sml', 'side': 'NO_TRADE', 'price': 1.17015, 'reason': 'no Donchian breakout'}
⏸ EURUSD.sml No trade
[2026-04-28 20:48:58.987749] 🎯 Trading symbol switched: EURUSD.sml -> XAUUSD.sml | AI watchlist candidate
[2026-04-28 20:48:58.987790] 🔎 Analyzing XAUUSD.sml
[2026-04-28 20:48:58.987904] ⏸ XAUUSD.sml Spread too wide: 290.0 points > 80
[2026-04-28 20:48:58.987988] 🎯 Trading symbol switched: XAUUSD.sml -> GBPUSD.sml | AI watchlist candidate
[2026-04-28 20:48:58.988017] 🔎 Analyzing GBPUSD.sml

==============================
Time: 2026-04-28 20:48:59.310776
SIGNAL: {'time': Timestamp('2026-04-28 16:40:00'), 'symbol': 'GBPUSD.sml', 'side': 'NO_TRADE', 'price': 1.34973, 'reason': 'no Donchian breakout'}
⏸ GBPUSD.sml No trade
[2026-04-28 20:48:59.310988] 🎯 Trading symbol switched: GBPUSD.sml -> USDJPY.sml | AI watchlist candidate
[2026-04-28 20:48:59.311023] 🔎 Analyzing USDJPY.sml

==============================
Time: 2026-04-28 20:48:59.642273
SIGNAL: {'time': Timestamp('2026-04-28 16:40:00'), 'symbol': 'USDJPY.sml', 'side': 'NO_TRADE', 'price': 159.494, 'reason': 'no Donchian breakout'}
⏸ USDJPY.sml No trade
[2026-04-28 20:48:59.642481] 🎯 Trading symbol switched: USDJPY.sml -> GBPJPY.sml | AI watchlist candidate
[2026-04-28 20:48:59.642514] 🔎 Analyzing GBPJPY.sml

==============================
Time: 2026-04-28 20:48:59.967840
SIGNAL: {'time': Timestamp('2026-04-28 16:40:00'), 'symbol': 'GBPJPY.sml', 'side': 'NO_TRADE', 'price': 215.273, 'reason': 'no Donchian breakout'}
⏸ GBPJPY.sml No trade
[2026-04-28 20:48:59.968079] 🎯 Trading symbol switched: GBPJPY.sml -> USDCHF | AI watchlist candidate
[2026-04-28 20:48:59.968117] 🔎 Analyzing USDCHF

==============================
Time: 2026-04-28 20:49:00.305254
SIGNAL: {'time': Timestamp('2026-04-28 16:40:00'), 'symbol': 'USDCHF', 'side': 'NO_TRADE', 'price': 0.79015, 'reason': 'no Donchian breakout'}
⏸ USDCHF No trade
[2026-04-28 20:49:00.305466] 🎯 Trading symbol switched: USDCHF -> EURJPY | AI watchlist candidate
[2026-04-28 20:49:00.305512] 🔎 Analyzing EURJPY

==============================
Time: 2026-04-28 20:49:00.631427
SIGNAL: {'time': Timestamp('2026-04-28 16:40:00'), 'symbol': 'EURJPY', 'side': 'NO_TRADE', 'price': 186.6, 'reason': 'no Donchian breakout'}
⏸ EURJPY No trade
[2026-04-28 20:49:00.631509] ⏳ No order from AI watchlist this round
[2026-04-28 20:54:00.635840] 👀 AI watchlist scan: EURUSD.sml, XAUUSD.sml, GBPUSD.sml, USDJPY.sml, GBPJPY.sml, USDCHF, EURJPY
[2026-04-28 20:54:00.636261] 🎯 Trading symbol switched: EURJPY -> EURUSD.sml | AI watchlist candidate
[2026-04-28 20:54:00.636302] 🔎 Analyzing EURUSD.sml

==============================
Time: 2026-04-28 20:54:00.938873
SIGNAL: {'time': Timestamp('2026-04-28 16:45:00'), 'symbol': 'EURUSD.sml', 'side': 'NO_TRADE', 'price': 1.16989, 'reason': 'no Donchian breakout'}
⏸ EURUSD.sml No trade
[2026-04-28 20:54:00.939083] 🎯 Trading symbol switched: EURUSD.sml -> XAUUSD.sml | AI watchlist candidate
[2026-04-28 20:54:00.939116] 🔎 Analyzing XAUUSD.sml
[2026-04-28 20:54:00.939225] ⏸ XAUUSD.sml Spread too wide: 660.0 points > 80
[2026-04-28 20:54:00.939309] 🎯 Trading symbol switched: XAUUSD.sml -> GBPUSD.sml | AI watchlist candidate
[2026-04-28 20:54:00.939338] 🔎 Analyzing GBPUSD.sml

==============================
Time: 2026-04-28 20:54:01.281579
SIGNAL: {'time': Timestamp('2026-04-28 16:45:00'), 'symbol': 'GBPUSD.sml', 'side': 'NO_TRADE', 'price': 1.34971, 'reason': 'no Donchian breakout'}
⏸ GBPUSD.sml No trade
[2026-04-28 20:54:01.281784] 🎯 Trading symbol switched: GBPUSD.sml -> USDJPY.sml | AI watchlist candidate
[2026-04-28 20:54:01.281823] 🔎 Analyzing USDJPY.sml

==============================
Time: 2026-04-28 20:54:01.587770
SIGNAL: {'time': Timestamp('2026-04-28 16:45:00'), 'symbol': 'USDJPY.sml', 'side': 'NO_TRADE', 'price': 159.514, 'reason': 'no Donchian breakout'}
⏸ USDJPY.sml No trade
[2026-04-28 20:54:01.587980] 🎯 Trading symbol switched: USDJPY.sml -> GBPJPY.sml | AI watchlist candidate
[2026-04-28 20:54:01.588105] 🔎 Analyzing GBPJPY.sml

==============================
Time: 2026-04-28 20:54:01.921596
SIGNAL: {'time': Timestamp('2026-04-28 16:45:00'), 'symbol': 'GBPJPY.sml', 'side': 'NO_TRADE', 'price': 215.297, 'reason': 'no Donchian breakout'}
⏸ GBPJPY.sml No trade
[2026-04-28 20:54:01.921810] 🎯 Trading symbol switched: GBPJPY.sml -> USDCHF | AI watchlist candidate
[2026-04-28 20:54:01.921845] 🔎 Analyzing USDCHF

==============================
Time: 2026-04-28 20:54:02.248508
SIGNAL: {'time': Timestamp('2026-04-28 16:45:00'), 'symbol': 'USDCHF', 'side': 'NO_TRADE', 'price': 0.79026, 'reason': 'no Donchian breakout'}
⏸ USDCHF No trade
[2026-04-28 20:54:02.248719] 🎯 Trading symbol switched: USDCHF -> EURJPY | AI watchlist candidate
[2026-04-28 20:54:02.248752] 🔎 Analyzing EURJPY

==============================
Time: 2026-04-28 20:54:02.565439
SIGNAL: {'time': Timestamp('2026-04-28 16:45:00'), 'symbol': 'EURJPY', 'side': 'NO_TRADE', 'price': 186.585, 'reason': 'no Donchian breakout'}
⏸ EURJPY No trade
[2026-04-28 20:54:02.565528] ⏳ No order from AI watchlist this round
[2026-04-28 20:59:02.568416] 👀 AI watchlist scan: EURUSD.sml, XAUUSD.sml, GBPUSD.sml, USDJPY.sml, GBPJPY.sml, USDCHF, EURJPY
[2026-04-28 20:59:02.568718] 🎯 Trading symbol switched: EURJPY -> EURUSD.sml | AI watchlist candidate
[2026-04-28 20:59:02.568768] 🔎 Analyzing EURUSD.sml

==============================
Time: 2026-04-28 20:59:02.870040
SIGNAL: {'time': Timestamp('2026-04-28 16:50:00'), 'symbol': 'EURUSD.sml', 'side': 'NO_TRADE', 'price': 1.1697899999999999, 'reason': 'no Donchian breakout'}
⏸ EURUSD.sml No trade
[2026-04-28 20:59:02.870251] 🎯 Trading symbol switched: EURUSD.sml -> XAUUSD.sml | AI watchlist candidate
[2026-04-28 20:59:02.870287] 🔎 Analyzing XAUUSD.sml
[2026-04-28 20:59:02.870403] ⏸ XAUUSD.sml Spread too wide: 570.0 points > 80
[2026-04-28 20:59:02.870488] 🎯 Trading symbol switched: XAUUSD.sml -> GBPUSD.sml | AI watchlist candidate
[2026-04-28 20:59:02.870517] 🔎 Analyzing GBPUSD.sml

==============================
Time: 2026-04-28 20:59:03.199984
SIGNAL: {'time': Timestamp('2026-04-28 16:50:00'), 'symbol': 'GBPUSD.sml', 'side': 'NO_TRADE', 'price': 1.3495599999999999, 'reason': 'no Donchian breakout'}
⏸ GBPUSD.sml No trade
[2026-04-28 20:59:03.200259] 🎯 Trading symbol switched: GBPUSD.sml -> USDJPY.sml | AI watchlist candidate
[2026-04-28 20:59:03.200306] 🔎 Analyzing USDJPY.sml

==============================
Time: 2026-04-28 20:59:03.560250
SIGNAL: {'time': Timestamp('2026-04-28 16:50:00'), 'symbol': 'USDJPY.sml', 'side': 'NO_TRADE', 'price': 159.502, 'reason': 'no Donchian breakout'}
⏸ USDJPY.sml No trade
[2026-04-28 20:59:03.560488] 🎯 Trading symbol switched: USDJPY.sml -> GBPJPY.sml | AI watchlist candidate
[2026-04-28 20:59:03.560524] 🔎 Analyzing GBPJPY.sml

==============================
Time: 2026-04-28 20:59:03.885759
SIGNAL: {'time': Timestamp('2026-04-28 16:50:00'), 'symbol': 'GBPJPY.sml', 'side': 'NO_TRADE', 'price': 215.255, 'reason': 'no Donchian breakout'}
⏸ GBPJPY.sml No trade
[2026-04-28 20:59:03.885968] 🎯 Trading symbol switched: GBPJPY.sml -> USDCHF | AI watchlist candidate
[2026-04-28 20:59:03.886003] 🔎 Analyzing USDCHF

==============================
Time: 2026-04-28 20:59:04.226522
SIGNAL: {'time': Timestamp('2026-04-28 16:50:00'), 'symbol': 'USDCHF', 'side': 'NO_TRADE', 'price': 0.79018, 'reason': 'no Donchian breakout'}
⏸ USDCHF No trade
[2026-04-28 20:59:04.226760] 🎯 Trading symbol switched: USDCHF -> EURJPY | AI watchlist candidate
[2026-04-28 20:59:04.226816] 🔎 Analyzing EURJPY

==============================
Time: 2026-04-28 20:59:04.555275
SIGNAL: {'time': Timestamp('2026-04-28 16:50:00'), 'symbol': 'EURJPY', 'side': 'NO_TRADE', 'price': 186.55, 'reason': 'no Donchian breakout'}
⏸ EURJPY No trade
[2026-04-28 20:59:04.555364] ⏳ No order from AI watchlist this round
[2026-04-28 21:04:04.559671] 👀 AI watchlist scan: EURUSD.sml, XAUUSD.sml, GBPUSD.sml, USDJPY.sml, GBPJPY.sml, USDCHF, EURJPY
[2026-04-28 21:04:04.560221] 🎯 Trading symbol switched: EURJPY -> EURUSD.sml | AI watchlist candidate
[2026-04-28 21:04:04.560320] 🔎 Analyzing EURUSD.sml

==============================
Time: 2026-04-28 21:04:04.898673
SIGNAL: {'time': Timestamp('2026-04-28 16:55:00'), 'symbol': 'EURUSD.sml', 'side': 'NO_TRADE', 'price': 1.16975, 'reason': 'no Donchian breakout'}
⏸ EURUSD.sml No trade
[2026-04-28 21:04:04.898975] 🎯 Trading symbol switched: EURUSD.sml -> XAUUSD.sml | AI watchlist candidate
[2026-04-28 21:04:04.899049] 🔎 Analyzing XAUUSD.sml
[2026-04-28 21:04:04.899227] ⏸ XAUUSD.sml Spread too wide: 540.0 points > 80
[2026-04-28 21:04:04.899367] 🎯 Trading symbol switched: XAUUSD.sml -> GBPUSD.sml | AI watchlist candidate
[2026-04-28 21:04:04.899415] 🔎 Analyzing GBPUSD.sml

==============================
Time: 2026-04-28 21:04:05.229079
SIGNAL: {'time': Timestamp('2026-04-28 16:55:00'), 'symbol': 'GBPUSD.sml', 'side': 'NO_TRADE', 'price': 1.3495599999999999, 'reason': 'no Donchian breakout'}
⏸ GBPUSD.sml No trade
[2026-04-28 21:04:05.229343] 🎯 Trading symbol switched: GBPUSD.sml -> USDJPY.sml | AI watchlist candidate
[2026-04-28 21:04:05.229388] 🔎 Analyzing USDJPY.sml

==============================
Time: 2026-04-28 21:04:05.589967
SIGNAL: {'time': Timestamp('2026-04-28 16:55:00'), 'symbol': 'USDJPY.sml', 'side': 'NO_TRADE', 'price': 159.516, 'reason': 'no Donchian breakout'}
⏸ USDJPY.sml No trade
[2026-04-28 21:04:05.590232] 🎯 Trading symbol switched: USDJPY.sml -> GBPJPY.sml | AI watchlist candidate
[2026-04-28 21:04:05.590286] 🔎 Analyzing GBPJPY.sml

==============================
Time: 2026-04-28 21:04:05.986979
SIGNAL: {'time': Timestamp('2026-04-28 16:55:00'), 'symbol': 'GBPJPY.sml', 'side': 'NO_TRADE', 'price': 215.279, 'reason': 'no Donchian breakout'}
⏸ GBPJPY.sml No trade
[2026-04-28 21:04:05.987245] 🎯 Trading symbol switched: GBPJPY.sml -> USDCHF | AI watchlist candidate
[2026-04-28 21:04:05.987310] 🔎 Analyzing USDCHF

==============================
Time: 2026-04-28 21:04:06.330107
SIGNAL: {'time': Timestamp('2026-04-28 16:55:00'), 'symbol': 'USDCHF', 'side': 'NO_TRADE', 'price': 0.79011, 'reason': 'no Donchian breakout'}
⏸ USDCHF No trade
[2026-04-28 21:04:06.330344] 🎯 Trading symbol switched: USDCHF -> EURJPY | AI watchlist candidate
[2026-04-28 21:04:06.330423] 🔎 Analyzing EURJPY

==============================
Time: 2026-04-28 21:04:06.686505
SIGNAL: {'time': Timestamp('2026-04-28 16:55:00'), 'symbol': 'EURJPY', 'side': 'NO_TRADE', 'price': 186.56, 'reason': 'no Donchian breakout'}
⏸ EURJPY No trade
[2026-04-28 21:04:06.686596] ⏳ No order from AI watchlist this round
[2026-04-28 21:09:06.690118] 👀 AI watchlist scan: EURUSD.sml, XAUUSD.sml, GBPUSD.sml, USDJPY.sml, GBPJPY.sml, USDCHF, EURJPY
[2026-04-28 21:09:06.690478] 🎯 Trading symbol switched: EURJPY -> EURUSD.sml | AI watchlist candidate
[2026-04-28 21:09:06.690526] 🔎 Analyzing EURUSD.sml

==============================
Time: 2026-04-28 21:09:06.994714
SIGNAL: {'time': Timestamp('2026-04-28 17:00:00'), 'symbol': 'EURUSD.sml', 'side': 'NO_TRADE', 'price': 1.16927, 'reason': 'no Donchian breakout'}
⏸ EURUSD.sml No trade
[2026-04-28 21:09:06.994997] 🎯 Trading symbol switched: EURUSD.sml -> XAUUSD.sml | AI watchlist candidate
[2026-04-28 21:09:06.995050] 🔎 Analyzing XAUUSD.sml
[2026-04-28 21:09:06.995219] ⏸ XAUUSD.sml Spread too wide: 520.0 points > 80
[2026-04-28 21:09:06.995356] 🎯 Trading symbol switched: XAUUSD.sml -> GBPUSD.sml | AI watchlist candidate
[2026-04-28 21:09:06.995395] 🔎 Analyzing GBPUSD.sml

==============================
Time: 2026-04-28 21:09:07.393861
SIGNAL: {'time': Timestamp('2026-04-28 17:00:00'), 'symbol': 'GBPUSD.sml', 'side': 'NO_TRADE', 'price': 1.34915, 'reason': 'no Donchian breakout'}
⏸ GBPUSD.sml No trade
[2026-04-28 21:09:07.394269] 🎯 Trading symbol switched: GBPUSD.sml -> USDJPY.sml | AI watchlist candidate
[2026-04-28 21:09:07.394389] 🔎 Analyzing USDJPY.sml

==============================
Time: 2026-04-28 21:09:07.769999
SIGNAL: {'time': Timestamp('2026-04-28 17:00:00'), 'symbol': 'USDJPY.sml', 'side': 'NO_TRADE', 'price': 159.577, 'reason': 'no Donchian breakout'}
⏸ USDJPY.sml No trade
[2026-04-28 21:09:07.770215] 🎯 Trading symbol switched: USDJPY.sml -> GBPJPY.sml | AI watchlist candidate
[2026-04-28 21:09:07.770253] 🔎 Analyzing GBPJPY.sml

==============================
Time: 2026-04-28 21:09:08.186389
SIGNAL: {'time': Timestamp('2026-04-28 17:00:00'), 'symbol': 'GBPJPY.sml', 'side': 'NO_TRADE', 'price': 215.292, 'reason': 'no Donchian breakout'}
⏸ GBPJPY.sml No trade
[2026-04-28 21:09:08.186632] 🎯 Trading symbol switched: GBPJPY.sml -> USDCHF | AI watchlist candidate
[2026-04-28 21:09:08.186674] 🔎 Analyzing USDCHF

==============================
Time: 2026-04-28 21:09:08.612696
SIGNAL: {'time': Timestamp('2026-04-28 17:00:00'), 'symbol': 'USDCHF', 'side': 'NO_TRADE', 'price': 0.79058, 'reason': 'no Donchian breakout'}
⏸ USDCHF No trade
[2026-04-28 21:09:08.612931] 🎯 Trading symbol switched: USDCHF -> EURJPY | AI watchlist candidate
[2026-04-28 21:09:08.612973] 🔎 Analyzing EURJPY

==============================
Time: 2026-04-28 21:09:08.985602
SIGNAL: {'time': Timestamp('2026-04-28 17:00:00'), 'symbol': 'EURJPY', 'side': 'NO_TRADE', 'price': 186.555, 'reason': 'no Donchian breakout'}
⏸ EURJPY No trade
[2026-04-28 21:09:08.985691] ⏳ No order from AI watchlist this round
[2026-04-28 21:14:08.989626] 👀 AI watchlist scan: EURUSD.sml, XAUUSD.sml, GBPUSD.sml, USDJPY.sml, GBPJPY.sml, USDCHF, EURJPY
[2026-04-28 21:14:08.990037] 🎯 Trading symbol switched: EURJPY -> EURUSD.sml | AI watchlist candidate
[2026-04-28 21:14:08.990091] 🔎 Analyzing EURUSD.sml

==============================
Time: 2026-04-28 21:14:09.320465
SIGNAL: {'time': Timestamp('2026-04-28 17:05:00'), 'symbol': 'EURUSD.sml', 'side': 'NO_TRADE', 'price': 1.16963, 'reason': 'no Donchian breakout'}
⏸ EURUSD.sml No trade
[2026-04-28 21:14:09.320666] 🎯 Trading symbol switched: EURUSD.sml -> XAUUSD.sml | AI watchlist candidate
[2026-04-28 21:14:09.320700] 🔎 Analyzing XAUUSD.sml
[2026-04-28 21:14:09.320815] ⏸ XAUUSD.sml Spread too wide: 560.0 points > 80
[2026-04-28 21:14:09.320900] 🎯 Trading symbol switched: XAUUSD.sml -> GBPUSD.sml | AI watchlist candidate
[2026-04-28 21:14:09.320930] 🔎 Analyzing GBPUSD.sml

==============================
Time: 2026-04-28 21:14:09.644120
SIGNAL: {'time': Timestamp('2026-04-28 17:05:00'), 'symbol': 'GBPUSD.sml', 'side': 'NO_TRADE', 'price': 1.3495599999999999, 'reason': 'no Donchian breakout'}
⏸ GBPUSD.sml No trade
[2026-04-28 21:14:09.644317] 🎯 Trading symbol switched: GBPUSD.sml -> USDJPY.sml | AI watchlist candidate
[2026-04-28 21:14:09.644353] 🔎 Analyzing USDJPY.sml

==============================
Time: 2026-04-28 21:14:09.960110
SIGNAL: {'time': Timestamp('2026-04-28 17:05:00'), 'symbol': 'USDJPY.sml', 'side': 'NO_TRADE', 'price': 159.563, 'reason': 'no Donchian breakout'}
⏸ USDJPY.sml No trade
[2026-04-28 21:14:09.960310] 🎯 Trading symbol switched: USDJPY.sml -> GBPJPY.sml | AI watchlist candidate
[2026-04-28 21:14:09.960342] 🔎 Analyzing GBPJPY.sml

==============================
Time: 2026-04-28 21:14:10.297587
SIGNAL: {'time': Timestamp('2026-04-28 17:05:00'), 'symbol': 'GBPJPY.sml', 'side': 'NO_TRADE', 'price': 215.337, 'reason': 'no Donchian breakout'}
⏸ GBPJPY.sml No trade
[2026-04-28 21:14:10.297797] 🎯 Trading symbol switched: GBPJPY.sml -> USDCHF | AI watchlist candidate
[2026-04-28 21:14:10.297830] 🔎 Analyzing USDCHF

==============================
Time: 2026-04-28 21:14:10.630450
SIGNAL: {'time': Timestamp('2026-04-28 17:05:00'), 'symbol': 'USDCHF', 'side': 'NO_TRADE', 'price': 0.79041, 'reason': 'no Donchian breakout'}
⏸ USDCHF No trade
[2026-04-28 21:14:10.630659] 🎯 Trading symbol switched: USDCHF -> EURJPY | AI watchlist candidate
[2026-04-28 21:14:10.630706] 🔎 Analyzing EURJPY

==============================
Time: 2026-04-28 21:14:10.978357
SIGNAL: {'time': Timestamp('2026-04-28 17:05:00'), 'symbol': 'EURJPY', 'side': 'NO_TRADE', 'price': 186.601, 'reason': 'no Donchian breakout'}
⏸ EURJPY No trade
[2026-04-28 21:14:10.978444] ⏳ No order from AI watchlist this round
[2026-04-28 21:19:10.981838] 👀 AI watchlist scan: EURUSD.sml, XAUUSD.sml, GBPUSD.sml, USDJPY.sml, GBPJPY.sml, USDCHF, EURJPY
[2026-04-28 21:19:10.982348] 🎯 Trading symbol switched: EURJPY -> EURUSD.sml | AI watchlist candidate
[2026-04-28 21:19:10.982414] 🔎 Analyzing EURUSD.sml

==============================
Time: 2026-04-28 21:19:11.279830
SIGNAL: {'time': Timestamp('2026-04-28 17:10:00'), 'symbol': 'EURUSD.sml', 'side': 'NO_TRADE', 'price': 1.16974, 'reason': 'no Donchian breakout'}
⏸ EURUSD.sml No trade
[2026-04-28 21:19:11.280042] 🎯 Trading symbol switched: EURUSD.sml -> XAUUSD.sml | AI watchlist candidate
[2026-04-28 21:19:11.280090] 🔎 Analyzing XAUUSD.sml
[2026-04-28 21:19:11.280213] ⏸ XAUUSD.sml Spread too wide: 680.0 points > 80
[2026-04-28 21:19:11.280301] 🎯 Trading symbol switched: XAUUSD.sml -> GBPUSD.sml | AI watchlist candidate
[2026-04-28 21:19:11.280330] 🔎 Analyzing GBPUSD.sml

==============================
Time: 2026-04-28 21:19:11.602836
SIGNAL: {'time': Timestamp('2026-04-28 17:10:00'), 'symbol': 'GBPUSD.sml', 'side': 'NO_TRADE', 'price': 1.34945, 'reason': 'no Donchian breakout'}
⏸ GBPUSD.sml No trade
[2026-04-28 21:19:11.603046] 🎯 Trading symbol switched: GBPUSD.sml -> USDJPY.sml | AI watchlist candidate
[2026-04-28 21:19:11.603081] 🔎 Analyzing USDJPY.sml

==============================
Time: 2026-04-28 21:19:11.911071
SIGNAL: {'time': Timestamp('2026-04-28 17:10:00'), 'symbol': 'USDJPY.sml', 'side': 'NO_TRADE', 'price': 159.585, 'reason': 'no Donchian breakout'}
⏸ USDJPY.sml No trade
[2026-04-28 21:19:11.911345] 🎯 Trading symbol switched: USDJPY.sml -> GBPJPY.sml | AI watchlist candidate
[2026-04-28 21:19:11.911400] 🔎 Analyzing GBPJPY.sml

==============================
Time: 2026-04-28 21:19:12.258934
SIGNAL: {'time': Timestamp('2026-04-28 17:10:00'), 'symbol': 'GBPJPY.sml', 'side': 'NO_TRADE', 'price': 215.347, 'reason': 'no Donchian breakout'}
⏸ GBPJPY.sml No trade
[2026-04-28 21:19:12.259227] 🎯 Trading symbol switched: GBPJPY.sml -> USDCHF | AI watchlist candidate
[2026-04-28 21:19:12.259286] 🔎 Analyzing USDCHF

==============================
Time: 2026-04-28 21:19:12.587813
SIGNAL: {'time': Timestamp('2026-04-28 17:10:00'), 'symbol': 'USDCHF', 'side': 'NO_TRADE', 'price': 0.79046, 'reason': 'no Donchian breakout'}
⏸ USDCHF No trade
[2026-04-28 21:19:12.588023] 🎯 Trading symbol switched: USDCHF -> EURJPY | AI watchlist candidate
[2026-04-28 21:19:12.588071] 🔎 Analyzing EURJPY

==============================
Time: 2026-04-28 21:19:12.924393
SIGNAL: {'time': Timestamp('2026-04-28 17:10:00'), 'symbol': 'EURJPY', 'side': 'NO_TRADE', 'price': 186.64, 'reason': 'no Donchian breakout'}
⏸ EURJPY No trade
[2026-04-28 21:19:12.924503] ⏳ No order from AI watchlist this round
[2026-04-28 21:24:12.928348] 👀 AI watchlist scan: EURUSD.sml, XAUUSD.sml, GBPUSD.sml, USDJPY.sml, GBPJPY.sml, USDCHF, EURJPY
[2026-04-28 21:24:12.928762] 🎯 Trading symbol switched: EURJPY -> EURUSD.sml | AI watchlist candidate
[2026-04-28 21:24:12.928838] 🔎 Analyzing EURUSD.sml

==============================
Time: 2026-04-28 21:24:13.244648
SIGNAL: {'time': Timestamp('2026-04-28 17:15:00'), 'symbol': 'EURUSD.sml', 'side': 'NO_TRADE', 'price': 1.16963, 'reason': 'no Donchian breakout'}
⏸ EURUSD.sml No trade
[2026-04-28 21:24:13.244885] 🎯 Trading symbol switched: EURUSD.sml -> XAUUSD.sml | AI watchlist candidate
[2026-04-28 21:24:13.244933] 🔎 Analyzing XAUUSD.sml
[2026-04-28 21:24:13.245057] ⏸ XAUUSD.sml Spread too wide: 620.0 points > 80
[2026-04-28 21:24:13.245148] 🎯 Trading symbol switched: XAUUSD.sml -> GBPUSD.sml | AI watchlist candidate
[2026-04-28 21:24:13.245199] 🔎 Analyzing GBPUSD.sml

==============================
Time: 2026-04-28 21:24:13.633577
SIGNAL: {'time': Timestamp('2026-04-28 17:15:00'), 'symbol': 'GBPUSD.sml', 'side': 'NO_TRADE', 'price': 1.34955, 'reason': 'no Donchian breakout'}
⏸ GBPUSD.sml No trade
[2026-04-28 21:24:13.633811] 🎯 Trading symbol switched: GBPUSD.sml -> USDJPY.sml | AI watchlist candidate
[2026-04-28 21:24:13.633849] 🔎 Analyzing USDJPY.sml

==============================
Time: 2026-04-28 21:24:14.024526
SIGNAL: {'time': Timestamp('2026-04-28 17:15:00'), 'symbol': 'USDJPY.sml', 'side': 'NO_TRADE', 'price': 159.607, 'reason': 'no Donchian breakout'}
⏸ USDJPY.sml No trade
[2026-04-28 21:24:14.024797] 🎯 Trading symbol switched: USDJPY.sml -> GBPJPY.sml | AI watchlist candidate
[2026-04-28 21:24:14.024844] 🔎 Analyzing GBPJPY.sml

==============================
Time: 2026-04-28 21:24:14.360856
SIGNAL: {'time': Timestamp('2026-04-28 17:15:00'), 'symbol': 'GBPJPY.sml', 'side': 'NO_TRADE', 'price': 215.397, 'reason': 'ATR too low atr_pct=0.00037'}
⏸ GBPJPY.sml No trade
[2026-04-28 21:24:14.361084] 🎯 Trading symbol switched: GBPJPY.sml -> USDCHF | AI watchlist candidate
[2026-04-28 21:24:14.361133] 🔎 Analyzing USDCHF

==============================
Time: 2026-04-28 21:24:14.761610
SIGNAL: {'symbol': 'USDCHF', 'side': 'BUY', 'exit_side': 'SELL', 'tier': 'A', 'risk_pct': 0.0025, 'entry': 0.79083, 'atr': 0.00044357142857143997, 'atr_pct': 0.0005608438849050954, 'adx': 33.08587559209811, 'adx_rising': True, 'donchian_breakout': True, 'bos_confirmed': True, 'breakout_strength_score': 3, 'score': 62, 'type': 'donchian_tier_a', 'reason': 'Donchian20 BUY + M15 trend + ADX 33.1 rising + BOS + Tier A', 'sl': 0.78989, 'tp': 0.7927100000000001, 'risk': 0.0009400000000000519, 'rr': 2.0, 'signal_time': '2026-04-28 17:20:00', 'entry_time': '2026-04-28 17:22:00', 'candle_time': '2026-04-28 17:15:00', 'time': Timestamp('2026-04-28 17:15:00'), 'price': 0.79083}
TP/SL: {'entry': 0.79083, 'sl': 0.78989, 'tp': 0.79271, 'risk_points': 94.0, 'reward_points': 188.0, 'rr': 2.0, 'tier': 'A', 'risk_pct': 0.0025}
🧪 DRY_RUN ORDER
{'action': 1, 'symbol': 'USDCHF', 'volume': 0.2, 'type': 0, 'price': 0.79092, 'sl': 0.78989, 'tp': 0.79271, 'deviation': 30, 'magic': 20260424, 'comment': 'DONCHIAN_TA', 'type_time': 0, 'type_filling': 1}
[2026-04-28 21:29:14.765973] 👀 AI watchlist scan: EURUSD.sml, XAUUSD.sml, GBPUSD.sml, USDJPY.sml, GBPJPY.sml, USDCHF, EURJPY
[2026-04-28 21:29:14.766343] 🎯 Trading symbol switched: USDCHF -> EURUSD.sml | AI watchlist candidate
[2026-04-28 21:29:14.766394] 🔎 Analyzing EURUSD.sml

==============================
Time: 2026-04-28 21:29:15.096836
SIGNAL: {'time': Timestamp('2026-04-28 17:20:00'), 'symbol': 'EURUSD.sml', 'side': 'NO_TRADE', 'price': 1.16953, 'reason': 'no Donchian breakout'}
⏸ EURUSD.sml No trade
[2026-04-28 21:29:15.097039] 🎯 Trading symbol switched: EURUSD.sml -> XAUUSD.sml | AI watchlist candidate
[2026-04-28 21:29:15.097074] 🔎 Analyzing XAUUSD.sml
[2026-04-28 21:29:15.097219] ⏸ XAUUSD.sml Spread too wide: 620.0 points > 80
[2026-04-28 21:29:15.097354] 🎯 Trading symbol switched: XAUUSD.sml -> GBPUSD.sml | AI watchlist candidate
[2026-04-28 21:29:15.097390] 🔎 Analyzing GBPUSD.sml

==============================
Time: 2026-04-28 21:29:15.431278
SIGNAL: {'time': Timestamp('2026-04-28 17:20:00'), 'symbol': 'GBPUSD.sml', 'side': 'NO_TRADE', 'price': 1.34959, 'reason': 'no Donchian breakout'}
⏸ GBPUSD.sml No trade
[2026-04-28 21:29:15.431528] 🎯 Trading symbol switched: GBPUSD.sml -> USDJPY.sml | AI watchlist candidate
[2026-04-28 21:29:15.431573] 🔎 Analyzing USDJPY.sml

==============================
Time: 2026-04-28 21:29:15.765987
SIGNAL: {'time': Timestamp('2026-04-28 17:20:00'), 'symbol': 'USDJPY.sml', 'side': 'NO_TRADE', 'price': 159.644, 'reason': 'ATR too low atr_pct=0.00040'}
⏸ USDJPY.sml No trade
[2026-04-28 21:29:15.766187] 🎯 Trading symbol switched: USDJPY.sml -> GBPJPY.sml | AI watchlist candidate
[2026-04-28 21:29:15.766239] 🔎 Analyzing GBPJPY.sml

==============================
Time: 2026-04-28 21:29:16.079146
SIGNAL: {'time': Timestamp('2026-04-28 17:20:00'), 'symbol': 'GBPJPY.sml', 'side': 'NO_TRADE', 'price': 215.45, 'reason': 'ATR too low atr_pct=0.00038'}
⏸ GBPJPY.sml No trade
[2026-04-28 21:29:16.079392] 🎯 Trading symbol switched: GBPJPY.sml -> USDCHF | AI watchlist candidate
[2026-04-28 21:29:16.079437] 🔎 Analyzing USDCHF

==============================
Time: 2026-04-28 21:29:16.392074
SIGNAL: {'time': Timestamp('2026-04-28 17:20:00'), 'symbol': 'USDCHF', 'side': 'NO_TRADE', 'price': 0.79079, 'reason': 'no Donchian breakout'}
⏸ USDCHF No trade
[2026-04-28 21:29:16.392354] 🎯 Trading symbol switched: USDCHF -> EURJPY | AI watchlist candidate
[2026-04-28 21:29:16.392417] 🔎 Analyzing EURJPY

==============================
Time: 2026-04-28 21:29:16.708943
SIGNAL: {'time': Timestamp('2026-04-28 17:20:00'), 'symbol': 'EURJPY', 'side': 'NO_TRADE', 'price': 186.674, 'reason': 'no Donchian breakout'}
⏸ EURJPY No trade
[2026-04-28 21:29:16.709024] ⏳ No order from AI watchlist this round
[2026-04-28 21:34:16.714282] 👀 AI watchlist scan: EURUSD.sml, XAUUSD.sml, GBPUSD.sml, USDJPY.sml, GBPJPY.sml, USDCHF, EURJPY
[2026-04-28 21:34:16.715047] 🎯 Trading symbol switched: EURJPY -> EURUSD.sml | AI watchlist candidate
[2026-04-28 21:34:16.715150] 🔎 Analyzing EURUSD.sml

==============================
Time: 2026-04-28 21:34:17.004462
SIGNAL: {'time': Timestamp('2026-04-28 17:25:00'), 'symbol': 'EURUSD.sml', 'side': 'NO_TRADE', 'price': 1.1696900000000001, 'reason': 'no Donchian breakout'}
⏸ EURUSD.sml No trade
[2026-04-28 21:34:17.004692] 🎯 Trading symbol switched: EURUSD.sml -> XAUUSD.sml | AI watchlist candidate
[2026-04-28 21:34:17.004773] 🔎 Analyzing XAUUSD.sml
[2026-04-28 21:34:17.004943] ⏸ XAUUSD.sml Spread too wide: 590.0 points > 80
[2026-04-28 21:34:17.005071] 🎯 Trading symbol switched: XAUUSD.sml -> GBPUSD.sml | AI watchlist candidate
[2026-04-28 21:34:17.005126] 🔎 Analyzing GBPUSD.sml

==============================
Time: 2026-04-28 21:34:17.312836
SIGNAL: {'time': Timestamp('2026-04-28 17:25:00'), 'symbol': 'GBPUSD.sml', 'side': 'NO_TRADE', 'price': 1.3498299999999999, 'reason': 'no Donchian breakout'}
⏸ GBPUSD.sml No trade
[2026-04-28 21:34:17.313091] 🎯 Trading symbol switched: GBPUSD.sml -> USDJPY.sml | AI watchlist candidate
[2026-04-28 21:34:17.313146] 🔎 Analyzing USDJPY.sml

==============================
Time: 2026-04-28 21:34:17.635354
SIGNAL: {'time': Timestamp('2026-04-28 17:25:00'), 'symbol': 'USDJPY.sml', 'side': 'NO_TRADE', 'price': 159.625, 'reason': 'no Donchian breakout'}
⏸ USDJPY.sml No trade
[2026-04-28 21:34:17.635583] 🎯 Trading symbol switched: USDJPY.sml -> GBPJPY.sml | AI watchlist candidate
[2026-04-28 21:34:17.635622] 🔎 Analyzing GBPJPY.sml

==============================
Time: 2026-04-28 21:34:17.964695
SIGNAL: {'time': Timestamp('2026-04-28 17:25:00'), 'symbol': 'GBPJPY.sml', 'side': 'NO_TRADE', 'price': 215.464, 'reason': 'no Donchian breakout'}
⏸ GBPJPY.sml No trade
[2026-04-28 21:34:17.964896] 🎯 Trading symbol switched: GBPJPY.sml -> USDCHF | AI watchlist candidate
[2026-04-28 21:34:17.964931] 🔎 Analyzing USDCHF

==============================
Time: 2026-04-28 21:34:18.299432
SIGNAL: {'time': Timestamp('2026-04-28 17:25:00'), 'symbol': 'USDCHF', 'side': 'NO_TRADE', 'price': 0.7906, 'reason': 'no Donchian breakout'}
⏸ USDCHF No trade
[2026-04-28 21:34:18.299651] 🎯 Trading symbol switched: USDCHF -> EURJPY | AI watchlist candidate
[2026-04-28 21:34:18.299699] 🔎 Analyzing EURJPY

==============================
Time: 2026-04-28 21:34:18.617304
SIGNAL: {'time': Timestamp('2026-04-28 17:25:00'), 'symbol': 'EURJPY', 'side': 'NO_TRADE', 'price': 186.676, 'reason': 'no Donchian breakout'}
⏸ EURJPY No trade
[2026-04-28 21:34:18.617414] ⏳ No order from AI watchlist this round
[2026-04-28 21:39:18.621113] 👀 AI watchlist scan: EURUSD.sml, XAUUSD.sml, GBPUSD.sml, USDJPY.sml, GBPJPY.sml, USDCHF, EURJPY
[2026-04-28 21:39:18.621454] 🎯 Trading symbol switched: EURJPY -> EURUSD.sml | AI watchlist candidate
[2026-04-28 21:39:18.621505] 🔎 Analyzing EURUSD.sml

==============================
Time: 2026-04-28 21:39:18.954009
SIGNAL: {'time': Timestamp('2026-04-28 17:30:00'), 'symbol': 'EURUSD.sml', 'side': 'NO_TRADE', 'price': 1.16994, 'reason': 'no Donchian breakout'}
⏸ EURUSD.sml No trade
[2026-04-28 21:39:18.954235] 🎯 Trading symbol switched: EURUSD.sml -> XAUUSD.sml | AI watchlist candidate
[2026-04-28 21:39:18.954273] 🔎 Analyzing XAUUSD.sml
[2026-04-28 21:39:18.954389] ⏸ XAUUSD.sml Spread too wide: 400.0 points > 80
[2026-04-28 21:39:18.954506] 🎯 Trading symbol switched: XAUUSD.sml -> GBPUSD.sml | AI watchlist candidate
[2026-04-28 21:39:18.954558] 🔎 Analyzing GBPUSD.sml

==============================
Time: 2026-04-28 21:39:19.269515
SIGNAL: {'time': Timestamp('2026-04-28 17:30:00'), 'symbol': 'GBPUSD.sml', 'side': 'NO_TRADE', 'price': 1.34996, 'reason': 'no Donchian breakout'}
⏸ GBPUSD.sml No trade
[2026-04-28 21:39:19.269764] 🎯 Trading symbol switched: GBPUSD.sml -> USDJPY.sml | AI watchlist candidate
[2026-04-28 21:39:19.269809] 🔎 Analyzing USDJPY.sml

==============================
Time: 2026-04-28 21:39:19.594393
SIGNAL: {'time': Timestamp('2026-04-28 17:30:00'), 'symbol': 'USDJPY.sml', 'side': 'NO_TRADE', 'price': 159.612, 'reason': 'no Donchian breakout'}
⏸ USDJPY.sml No trade
[2026-04-28 21:39:19.594657] 🎯 Trading symbol switched: USDJPY.sml -> GBPJPY.sml | AI watchlist candidate
[2026-04-28 21:39:19.594701] 🔎 Analyzing GBPJPY.sml

==============================
Time: 2026-04-28 21:39:19.926505
SIGNAL: {'time': Timestamp('2026-04-28 17:30:00'), 'symbol': 'GBPJPY.sml', 'side': 'NO_TRADE', 'price': 215.472, 'reason': 'no Donchian breakout'}
⏸ GBPJPY.sml No trade
[2026-04-28 21:39:19.926714] 🎯 Trading symbol switched: GBPJPY.sml -> USDCHF | AI watchlist candidate
[2026-04-28 21:39:19.926749] 🔎 Analyzing USDCHF

==============================
Time: 2026-04-28 21:39:20.263532
SIGNAL: {'time': Timestamp('2026-04-28 17:30:00'), 'symbol': 'USDCHF', 'side': 'NO_TRADE', 'price': 0.79044, 'reason': 'no Donchian breakout'}
⏸ USDCHF No trade
[2026-04-28 21:39:20.263759] 🎯 Trading symbol switched: USDCHF -> EURJPY | AI watchlist candidate
[2026-04-28 21:39:20.263795] 🔎 Analyzing EURJPY

==============================
Time: 2026-04-28 21:39:20.685881
SIGNAL: {'time': Timestamp('2026-04-28 17:30:00'), 'symbol': 'EURJPY', 'side': 'NO_TRADE', 'price': 186.706, 'reason': 'ATR too low atr_pct=0.00034'}
⏸ EURJPY No trade
[2026-04-28 21:39:20.686012] ⏳ No order from AI watchlist this round
[2026-04-28 21:44:20.689134] 👀 AI watchlist scan: EURUSD.sml, XAUUSD.sml, GBPUSD.sml, USDJPY.sml, GBPJPY.sml, USDCHF, EURJPY
[2026-04-28 21:44:20.689637] 🎯 Trading symbol switched: EURJPY -> EURUSD.sml | AI watchlist candidate
[2026-04-28 21:44:20.689724] 🔎 Analyzing EURUSD.sml

==============================
Time: 2026-04-28 21:44:20.973278
SIGNAL: {'time': Timestamp('2026-04-28 17:35:00'), 'symbol': 'EURUSD.sml', 'side': 'NO_TRADE', 'price': 1.1696, 'reason': 'no Donchian breakout'}
⏸ EURUSD.sml No trade
[2026-04-28 21:44:20.973527] 🎯 Trading symbol switched: EURUSD.sml -> XAUUSD.sml | AI watchlist candidate
[2026-04-28 21:44:20.973581] 🔎 Analyzing XAUUSD.sml
[2026-04-28 21:44:20.973733] ⏸ XAUUSD.sml Spread too wide: 610.0 points > 80
[2026-04-28 21:44:20.973854] 🎯 Trading symbol switched: XAUUSD.sml -> GBPUSD.sml | AI watchlist candidate
[2026-04-28 21:44:20.973895] 🔎 Analyzing GBPUSD.sml

==============================
Time: 2026-04-28 21:44:21.296907
SIGNAL: {'time': Timestamp('2026-04-28 17:35:00'), 'symbol': 'GBPUSD.sml', 'side': 'NO_TRADE', 'price': 1.34975, 'reason': 'no Donchian breakout'}
⏸ GBPUSD.sml No trade
[2026-04-28 21:44:21.297136] 🎯 Trading symbol switched: GBPUSD.sml -> USDJPY.sml | AI watchlist candidate
[2026-04-28 21:44:21.297185] 🔎 Analyzing USDJPY.sml

==============================
Time: 2026-04-28 21:44:21.611490
SIGNAL: {'time': Timestamp('2026-04-28 17:35:00'), 'symbol': 'USDJPY.sml', 'side': 'NO_TRADE', 'price': 159.661, 'reason': 'ATR too low atr_pct=0.00038'}
⏸ USDJPY.sml No trade
[2026-04-28 21:44:21.611714] 🎯 Trading symbol switched: USDJPY.sml -> GBPJPY.sml | AI watchlist candidate
[2026-04-28 21:44:21.611754] 🔎 Analyzing GBPJPY.sml

==============================
Time: 2026-04-28 21:44:21.956267
SIGNAL: {'time': Timestamp('2026-04-28 17:35:00'), 'symbol': 'GBPJPY.sml', 'side': 'NO_TRADE', 'price': 215.502, 'reason': 'no Donchian breakout'}
⏸ GBPJPY.sml No trade
[2026-04-28 21:44:21.956507] 🎯 Trading symbol switched: GBPJPY.sml -> USDCHF | AI watchlist candidate
[2026-04-28 21:44:21.956559] 🔎 Analyzing USDCHF

==============================
Time: 2026-04-28 21:44:22.276474
SIGNAL: {'time': Timestamp('2026-04-28 17:35:00'), 'symbol': 'USDCHF', 'side': 'NO_TRADE', 'price': 0.79061, 'reason': 'no Donchian breakout'}
⏸ USDCHF No trade
[2026-04-28 21:44:22.276690] 🎯 Trading symbol switched: USDCHF -> EURJPY | AI watchlist candidate
[2026-04-28 21:44:22.276751] 🔎 Analyzing EURJPY

==============================
Time: 2026-04-28 21:44:22.634124
SIGNAL: {'time': Timestamp('2026-04-28 17:35:00'), 'symbol': 'EURJPY', 'side': 'NO_TRADE', 'price': 186.705, 'reason': 'no Donchian breakout'}
⏸ EURJPY No trade
[2026-04-28 21:44:22.634206] ⏳ No order from AI watchlist this round
[2026-04-28 21:49:22.637495] 👀 AI watchlist scan: EURUSD.sml, XAUUSD.sml, GBPUSD.sml, USDJPY.sml, GBPJPY.sml, USDCHF, EURJPY
[2026-04-28 21:49:22.637939] 🎯 Trading symbol switched: EURJPY -> EURUSD.sml | AI watchlist candidate
[2026-04-28 21:49:22.637990] 🔎 Analyzing EURUSD.sml

==============================
Time: 2026-04-28 21:49:22.975770
SIGNAL: {'time': Timestamp('2026-04-28 17:40:00'), 'symbol': 'EURUSD.sml', 'side': 'NO_TRADE', 'price': 1.16968, 'reason': 'no Donchian breakout'}
⏸ EURUSD.sml No trade
[2026-04-28 21:49:22.976043] 🎯 Trading symbol switched: EURUSD.sml -> XAUUSD.sml | AI watchlist candidate
[2026-04-28 21:49:22.976090] 🔎 Analyzing XAUUSD.sml
[2026-04-28 21:49:22.976227] ⏸ XAUUSD.sml Spread too wide: 640.0 points > 80
[2026-04-28 21:49:22.976331] 🎯 Trading symbol switched: XAUUSD.sml -> GBPUSD.sml | AI watchlist candidate
[2026-04-28 21:49:22.976361] 🔎 Analyzing GBPUSD.sml

==============================
Time: 2026-04-28 21:49:23.330891
SIGNAL: {'time': Timestamp('2026-04-28 17:40:00'), 'symbol': 'GBPUSD.sml', 'side': 'NO_TRADE', 'price': 1.34959, 'reason': 'no Donchian breakout'}
⏸ GBPUSD.sml No trade
[2026-04-28 21:49:23.331089] 🎯 Trading symbol switched: GBPUSD.sml -> USDJPY.sml | AI watchlist candidate
[2026-04-28 21:49:23.331122] 🔎 Analyzing USDJPY.sml

==============================
Time: 2026-04-28 21:49:23.662128
SIGNAL: {'time': Timestamp('2026-04-28 17:40:00'), 'symbol': 'USDJPY.sml', 'side': 'NO_TRADE', 'price': 159.677, 'reason': 'ATR too low atr_pct=0.00035'}
⏸ USDJPY.sml No trade
[2026-04-28 21:49:23.662329] 🎯 Trading symbol switched: USDJPY.sml -> GBPJPY.sml | AI watchlist candidate
[2026-04-28 21:49:23.662363] 🔎 Analyzing GBPJPY.sml

==============================
Time: 2026-04-28 21:49:24.062399
SIGNAL: {'time': Timestamp('2026-04-28 17:40:00'), 'symbol': 'GBPJPY.sml', 'side': 'NO_TRADE', 'price': 215.497, 'reason': 'no Donchian breakout'}
⏸ GBPJPY.sml No trade
[2026-04-28 21:49:24.062662] 🎯 Trading symbol switched: GBPJPY.sml -> USDCHF | AI watchlist candidate
[2026-04-28 21:49:24.062705] 🔎 Analyzing USDCHF

==============================
Time: 2026-04-28 21:49:24.419492
SIGNAL: {'time': Timestamp('2026-04-28 17:40:00'), 'symbol': 'USDCHF', 'side': 'NO_TRADE', 'price': 0.79016, 'reason': 'no Donchian breakout'}
⏸ USDCHF No trade
[2026-04-28 21:49:24.419756] 🎯 Trading symbol switched: USDCHF -> EURJPY | AI watchlist candidate
[2026-04-28 21:49:24.419810] 🔎 Analyzing EURJPY

==============================
Time: 2026-04-28 21:49:24.767650
SIGNAL: {'time': Timestamp('2026-04-28 17:40:00'), 'symbol': 'EURJPY', 'side': 'NO_TRADE', 'price': 186.737, 'reason': 'ATR too low atr_pct=0.00032'}
⏸ EURJPY No trade
[2026-04-28 21:49:24.767780] ⏳ No order from AI watchlist this round
[2026-04-28 21:54:24.772289] 👀 AI watchlist scan: EURUSD.sml, XAUUSD.sml, GBPUSD.sml, USDJPY.sml, GBPJPY.sml, USDCHF, EURJPY
[2026-04-28 21:54:24.772922] 🎯 Trading symbol switched: EURJPY -> EURUSD.sml | AI watchlist candidate
[2026-04-28 21:54:24.773024] 🔎 Analyzing EURUSD.sml

==============================
Time: 2026-04-28 21:54:25.060782
SIGNAL: {'time': Timestamp('2026-04-28 17:45:00'), 'symbol': 'EURUSD.sml', 'side': 'NO_TRADE', 'price': 1.16952, 'reason': 'no Donchian breakout'}
⏸ EURUSD.sml No trade
[2026-04-28 21:54:25.060999] 🎯 Trading symbol switched: EURUSD.sml -> XAUUSD.sml | AI watchlist candidate
[2026-04-28 21:54:25.061038] 🔎 Analyzing XAUUSD.sml
[2026-04-28 21:54:25.061157] ⏸ XAUUSD.sml Spread too wide: 720.0 points > 80
[2026-04-28 21:54:25.061241] 🎯 Trading symbol switched: XAUUSD.sml -> GBPUSD.sml | AI watchlist candidate
[2026-04-28 21:54:25.061273] 🔎 Analyzing GBPUSD.sml

==============================
Time: 2026-04-28 21:54:25.444059
SIGNAL: {'time': Timestamp('2026-04-28 17:45:00'), 'symbol': 'GBPUSD.sml', 'side': 'NO_TRADE', 'price': 1.34955, 'reason': 'no Donchian breakout'}
⏸ GBPUSD.sml No trade
[2026-04-28 21:54:25.444293] 🎯 Trading symbol switched: GBPUSD.sml -> USDJPY.sml | AI watchlist candidate
[2026-04-28 21:54:25.444324] 🔎 Analyzing USDJPY.sml

==============================
Time: 2026-04-28 21:54:25.798439
SIGNAL: {'time': Timestamp('2026-04-28 17:45:00'), 'symbol': 'USDJPY.sml', 'side': 'NO_TRADE', 'price': 159.714, 'reason': 'ATR too low atr_pct=0.00035'}
⏸ USDJPY.sml No trade
[2026-04-28 21:54:25.798668] 🎯 Trading symbol switched: USDJPY.sml -> GBPJPY.sml | AI watchlist candidate
[2026-04-28 21:54:25.798701] 🔎 Analyzing GBPJPY.sml

==============================
Time: 2026-04-28 21:54:26.134555
SIGNAL: {'time': Timestamp('2026-04-28 17:45:00'), 'symbol': 'GBPJPY.sml', 'side': 'NO_TRADE', 'price': 215.537, 'reason': 'no Donchian breakout'}
⏸ GBPJPY.sml No trade
[2026-04-28 21:54:26.134758] 🎯 Trading symbol switched: GBPJPY.sml -> USDCHF | AI watchlist candidate
[2026-04-28 21:54:26.134791] 🔎 Analyzing USDCHF

==============================
Time: 2026-04-28 21:54:26.461236
SIGNAL: {'time': Timestamp('2026-04-28 17:45:00'), 'symbol': 'USDCHF', 'side': 'NO_TRADE', 'price': 0.79009, 'reason': 'no Donchian breakout'}
⏸ USDCHF No trade
[2026-04-28 21:54:26.461505] 🎯 Trading symbol switched: USDCHF -> EURJPY | AI watchlist candidate
[2026-04-28 21:54:26.461553] 🔎 Analyzing EURJPY

==============================
Time: 2026-04-28 21:54:26.795598
SIGNAL: {'time': Timestamp('2026-04-28 17:45:00'), 'symbol': 'EURJPY', 'side': 'NO_TRADE', 'price': 186.756, 'reason': 'ATR too low atr_pct=0.00027'}
⏸ EURJPY No trade
[2026-04-28 21:54:26.795731] ⏳ No order from AI watchlist this round
[2026-04-28 21:59:26.799820] 👀 AI watchlist scan: EURUSD.sml, XAUUSD.sml, GBPUSD.sml, USDJPY.sml, GBPJPY.sml, USDCHF, EURJPY
[2026-04-28 21:59:26.800230] 🎯 Trading symbol switched: EURJPY -> EURUSD.sml | AI watchlist candidate
[2026-04-28 21:59:26.800288] 🔎 Analyzing EURUSD.sml

==============================
Time: 2026-04-28 21:59:27.094154
SIGNAL: {'time': Timestamp('2026-04-28 17:50:00'), 'symbol': 'EURUSD.sml', 'side': 'NO_TRADE', 'price': 1.1697899999999999, 'reason': 'no Donchian breakout'}
⏸ EURUSD.sml No trade
[2026-04-28 21:59:27.094362] 🎯 Trading symbol switched: EURUSD.sml -> XAUUSD.sml | AI watchlist candidate
[2026-04-28 21:59:27.094403] 🔎 Analyzing XAUUSD.sml
[2026-04-28 21:59:27.094556] ⏸ XAUUSD.sml Spread too wide: 510.0 points > 80
[2026-04-28 21:59:27.094686] 🎯 Trading symbol switched: XAUUSD.sml -> GBPUSD.sml | AI watchlist candidate
[2026-04-28 21:59:27.094739] 🔎 Analyzing GBPUSD.sml

==============================
Time: 2026-04-28 21:59:27.412099
SIGNAL: {'time': Timestamp('2026-04-28 17:50:00'), 'symbol': 'GBPUSD.sml', 'side': 'NO_TRADE', 'price': 1.34955, 'reason': 'no Donchian breakout'}
⏸ GBPUSD.sml No trade
[2026-04-28 21:59:27.412352] 🎯 Trading symbol switched: GBPUSD.sml -> USDJPY.sml | AI watchlist candidate
[2026-04-28 21:59:27.412397] 🔎 Analyzing USDJPY.sml

==============================
Time: 2026-04-28 21:59:27.819169
SIGNAL: {'time': Timestamp('2026-04-28 17:50:00'), 'symbol': 'USDJPY.sml', 'side': 'NO_TRADE', 'price': 159.718, 'reason': 'no Donchian breakout'}
⏸ USDJPY.sml No trade
[2026-04-28 21:59:27.819422] 🎯 Trading symbol switched: USDJPY.sml -> GBPJPY.sml | AI watchlist candidate
[2026-04-28 21:59:27.819469] 🔎 Analyzing GBPJPY.sml

==============================
Time: 2026-04-28 21:59:28.146411
SIGNAL: {'time': Timestamp('2026-04-28 17:50:00'), 'symbol': 'GBPJPY.sml', 'side': 'NO_TRADE', 'price': 215.546, 'reason': 'no Donchian breakout'}
⏸ GBPJPY.sml No trade
[2026-04-28 21:59:28.146609] 🎯 Trading symbol switched: GBPJPY.sml -> USDCHF | AI watchlist candidate
[2026-04-28 21:59:28.146642] 🔎 Analyzing USDCHF

==============================
Time: 2026-04-28 21:59:28.468004
SIGNAL: {'time': Timestamp('2026-04-28 17:50:00'), 'symbol': 'USDCHF', 'side': 'NO_TRADE', 'price': 0.78993, 'reason': 'no Donchian breakout'}
⏸ USDCHF No trade
[2026-04-28 21:59:28.468266] 🎯 Trading symbol switched: USDCHF -> EURJPY | AI watchlist candidate
[2026-04-28 21:59:28.468330] 🔎 Analyzing EURJPY

==============================
Time: 2026-04-28 21:59:28.778780
SIGNAL: {'time': Timestamp('2026-04-28 17:50:00'), 'symbol': 'EURJPY', 'side': 'NO_TRADE', 'price': 186.801, 'reason': 'ATR too low atr_pct=0.00026'}
⏸ EURJPY No trade
[2026-04-28 21:59:28.778889] ⏳ No order from AI watchlist this round
[2026-04-28 22:04:28.781857] 👀 AI watchlist scan: EURUSD.sml, XAUUSD.sml, GBPUSD.sml, USDJPY.sml, GBPJPY.sml, USDCHF, EURJPY
[2026-04-28 22:04:28.782273] 🎯 Trading symbol switched: EURJPY -> EURUSD.sml | AI watchlist candidate
[2026-04-28 22:04:28.782326] 🔎 Analyzing EURUSD.sml

==============================
Time: 2026-04-28 22:04:29.127981
SIGNAL: {'time': Timestamp('2026-04-28 17:55:00'), 'symbol': 'EURUSD.sml', 'side': 'NO_TRADE', 'price': 1.1701, 'reason': 'no Donchian breakout'}
⏸ EURUSD.sml No trade
[2026-04-28 22:04:29.128214] 🎯 Trading symbol switched: EURUSD.sml -> XAUUSD.sml | AI watchlist candidate
[2026-04-28 22:04:29.128251] 🔎 Analyzing XAUUSD.sml
[2026-04-28 22:04:29.128369] ⏸ XAUUSD.sml Spread too wide: 440.0 points > 80
[2026-04-28 22:04:29.128459] 🎯 Trading symbol switched: XAUUSD.sml -> GBPUSD.sml | AI watchlist candidate
[2026-04-28 22:04:29.128489] 🔎 Analyzing GBPUSD.sml

==============================
Time: 2026-04-28 22:04:29.486807
SIGNAL: {'time': Timestamp('2026-04-28 17:55:00'), 'symbol': 'GBPUSD.sml', 'side': 'NO_TRADE', 'price': 1.34976, 'reason': 'no Donchian breakout'}
⏸ GBPUSD.sml No trade
[2026-04-28 22:04:29.487012] 🎯 Trading symbol switched: GBPUSD.sml -> USDJPY.sml | AI watchlist candidate
[2026-04-28 22:04:29.487045] 🔎 Analyzing USDJPY.sml

==============================
Time: 2026-04-28 22:04:29.866627
SIGNAL: {'time': Timestamp('2026-04-28 17:55:00'), 'symbol': 'USDJPY.sml', 'side': 'NO_TRADE', 'price': 159.723, 'reason': 'no Donchian breakout'}
⏸ USDJPY.sml No trade
[2026-04-28 22:04:29.866886] 🎯 Trading symbol switched: USDJPY.sml -> GBPJPY.sml | AI watchlist candidate
[2026-04-28 22:04:29.866931] 🔎 Analyzing GBPJPY.sml

==============================
Time: 2026-04-28 22:04:30.218899
SIGNAL: {'time': Timestamp('2026-04-28 17:55:00'), 'symbol': 'GBPJPY.sml', 'side': 'NO_TRADE', 'price': 215.587, 'reason': 'ATR too low atr_pct=0.00032'}
⏸ GBPJPY.sml No trade
[2026-04-28 22:04:30.219103] 🎯 Trading symbol switched: GBPJPY.sml -> USDCHF | AI watchlist candidate
[2026-04-28 22:04:30.219136] 🔎 Analyzing USDCHF

==============================
Time: 2026-04-28 22:04:30.559104
SIGNAL: {'time': Timestamp('2026-04-28 17:55:00'), 'symbol': 'USDCHF', 'side': 'NO_TRADE', 'price': 0.78977, 'reason': 'M15 ADX not rising'}
⏸ USDCHF No trade
[2026-04-28 22:04:30.559323] 🎯 Trading symbol switched: USDCHF -> EURJPY | AI watchlist candidate
[2026-04-28 22:04:30.559358] 🔎 Analyzing EURJPY

==============================
Time: 2026-04-28 22:04:30.887884
SIGNAL: {'time': Timestamp('2026-04-28 17:55:00'), 'symbol': 'EURJPY', 'side': 'NO_TRADE', 'price': 186.856, 'reason': 'ATR too low atr_pct=0.00027'}
⏸ EURJPY No trade
[2026-04-28 22:04:30.887963] ⏳ No order from AI watchlist this round
[2026-04-28 22:09:30.890838] 👀 AI watchlist scan: EURUSD.sml, XAUUSD.sml, GBPUSD.sml, USDJPY.sml, GBPJPY.sml, USDCHF, EURJPY
[2026-04-28 22:09:30.891152] 🎯 Trading symbol switched: EURJPY -> EURUSD.sml | AI watchlist candidate
[2026-04-28 22:09:30.891205] 🔎 Analyzing EURUSD.sml

==============================
Time: 2026-04-28 22:09:31.185682
SIGNAL: {'time': Timestamp('2026-04-28 18:00:00'), 'symbol': 'EURUSD.sml', 'side': 'NO_TRADE', 'price': 1.17083, 'reason': 'ATR too low atr_pct=0.00043'}
⏸ EURUSD.sml No trade
[2026-04-28 22:09:31.185896] 🎯 Trading symbol switched: EURUSD.sml -> XAUUSD.sml | AI watchlist candidate
[2026-04-28 22:09:31.185931] 🔎 Analyzing XAUUSD.sml
[2026-04-28 22:09:31.186047] ⏸ XAUUSD.sml Spread too wide: 640.0 points > 80
[2026-04-28 22:09:31.186133] 🎯 Trading symbol switched: XAUUSD.sml -> GBPUSD.sml | AI watchlist candidate
[2026-04-28 22:09:31.186162] 🔎 Analyzing GBPUSD.sml

==============================
Time: 2026-04-28 22:09:31.484413
SIGNAL: {'time': Timestamp('2026-04-28 18:00:00'), 'symbol': 'GBPUSD.sml', 'side': 'NO_TRADE', 'price': 1.35013, 'reason': 'no Donchian breakout'}
⏸ GBPUSD.sml No trade
[2026-04-28 22:09:31.484623] 🎯 Trading symbol switched: GBPUSD.sml -> USDJPY.sml | AI watchlist candidate
[2026-04-28 22:09:31.484656] 🔎 Analyzing USDJPY.sml

==============================
Time: 2026-04-28 22:09:31.831693
SIGNAL: {'time': Timestamp('2026-04-28 18:00:00'), 'symbol': 'USDJPY.sml', 'side': 'NO_TRADE', 'price': 159.65, 'reason': 'no Donchian breakout'}
⏸ USDJPY.sml No trade
[2026-04-28 22:09:31.831891] 🎯 Trading symbol switched: USDJPY.sml -> GBPJPY.sml | AI watchlist candidate
[2026-04-28 22:09:31.831925] 🔎 Analyzing GBPJPY.sml

==============================
Time: 2026-04-28 22:09:32.181360
SIGNAL: {'time': Timestamp('2026-04-28 18:00:00'), 'symbol': 'GBPJPY.sml', 'side': 'NO_TRADE', 'price': 215.541, 'reason': 'no Donchian breakout'}
⏸ GBPJPY.sml No trade
[2026-04-28 22:09:32.181596] 🎯 Trading symbol switched: GBPJPY.sml -> USDCHF | AI watchlist candidate
[2026-04-28 22:09:32.181637] 🔎 Analyzing USDCHF

==============================
Time: 2026-04-28 22:09:32.513334
SIGNAL: {'time': Timestamp('2026-04-28 18:00:00'), 'symbol': 'USDCHF', 'side': 'NO_TRADE', 'price': 0.78943, 'reason': 'M15 ADX not rising'}
⏸ USDCHF No trade
[2026-04-28 22:09:32.513589] 🎯 Trading symbol switched: USDCHF -> EURJPY | AI watchlist candidate
[2026-04-28 22:09:32.513635] 🔎 Analyzing EURJPY

==============================
Time: 2026-04-28 22:09:32.895395
SIGNAL: {'time': Timestamp('2026-04-28 18:00:00'), 'symbol': 'EURJPY', 'side': 'NO_TRADE', 'price': 186.887, 'reason': 'ATR too low atr_pct=0.00027'}
⏸ EURJPY No trade
[2026-04-28 22:09:32.895487] ⏳ No order from AI watchlist this round
[2026-04-28 22:14:32.899438] 👀 AI watchlist scan: EURUSD.sml, XAUUSD.sml, GBPUSD.sml, USDJPY.sml, GBPJPY.sml, USDCHF, EURJPY
[2026-04-28 22:14:32.900405] 🎯 Trading symbol switched: EURJPY -> EURUSD.sml | AI watchlist candidate
[2026-04-28 22:14:32.900603] 🔎 Analyzing EURUSD.sml

==============================
Time: 2026-04-28 22:14:33.233644
SIGNAL: {'time': Timestamp('2026-04-28 18:05:00'), 'symbol': 'EURUSD.sml', 'side': 'NO_TRADE', 'price': 1.17048, 'reason': 'no Donchian breakout'}
⏸ EURUSD.sml No trade
[2026-04-28 22:14:33.233854] 🎯 Trading symbol switched: EURUSD.sml -> XAUUSD.sml | AI watchlist candidate
[2026-04-28 22:14:33.233895] 🔎 Analyzing XAUUSD.sml
[2026-04-28 22:14:33.234009] ⏸ XAUUSD.sml Spread too wide: 360.0 points > 80
[2026-04-28 22:14:33.234094] 🎯 Trading symbol switched: XAUUSD.sml -> GBPUSD.sml | AI watchlist candidate
[2026-04-28 22:14:33.234123] 🔎 Analyzing GBPUSD.sml

==============================
Time: 2026-04-28 22:14:33.551305
SIGNAL: {'time': Timestamp('2026-04-28 18:05:00'), 'symbol': 'GBPUSD.sml', 'side': 'NO_TRADE', 'price': 1.34995, 'reason': 'no Donchian breakout'}
⏸ GBPUSD.sml No trade
[2026-04-28 22:14:33.551508] 🎯 Trading symbol switched: GBPUSD.sml -> USDJPY.sml | AI watchlist candidate
[2026-04-28 22:14:33.551541] 🔎 Analyzing USDJPY.sml

==============================
Time: 2026-04-28 22:14:33.879841
SIGNAL: {'time': Timestamp('2026-04-28 18:05:00'), 'symbol': 'USDJPY.sml', 'side': 'NO_TRADE', 'price': 159.681, 'reason': 'no Donchian breakout'}
⏸ USDJPY.sml No trade
[2026-04-28 22:14:33.880045] 🎯 Trading symbol switched: USDJPY.sml -> GBPJPY.sml | AI watchlist candidate
[2026-04-28 22:14:33.880079] 🔎 Analyzing GBPJPY.sml

==============================
Time: 2026-04-28 22:14:34.264841
SIGNAL: {'time': Timestamp('2026-04-28 18:05:00'), 'symbol': 'GBPJPY.sml', 'side': 'NO_TRADE', 'price': 215.561, 'reason': 'no Donchian breakout'}
⏸ GBPJPY.sml No trade
[2026-04-28 22:14:34.265055] 🎯 Trading symbol switched: GBPJPY.sml -> USDCHF | AI watchlist candidate
[2026-04-28 22:14:34.265088] 🔎 Analyzing USDCHF

==============================
Time: 2026-04-28 22:14:34.589838
SIGNAL: {'time': Timestamp('2026-04-28 18:05:00'), 'symbol': 'USDCHF', 'side': 'NO_TRADE', 'price': 0.78982, 'reason': 'no Donchian breakout'}
⏸ USDCHF No trade
[2026-04-28 22:14:34.590100] 🎯 Trading symbol switched: USDCHF -> EURJPY | AI watchlist candidate
[2026-04-28 22:14:34.590163] 🔎 Analyzing EURJPY

==============================
Time: 2026-04-28 22:14:34.905950
SIGNAL: {'time': Timestamp('2026-04-28 18:05:00'), 'symbol': 'EURJPY', 'side': 'NO_TRADE', 'price': 186.875, 'reason': 'no Donchian breakout'}
⏸ EURJPY No trade
[2026-04-28 22:14:34.906032] ⏳ No order from AI watchlist this round
[2026-04-28 22:19:34.909749] 👀 AI watchlist scan: EURUSD.sml, XAUUSD.sml, GBPUSD.sml, USDJPY.sml, GBPJPY.sml, USDCHF, EURJPY
[2026-04-28 22:19:34.910239] 🎯 Trading symbol switched: EURJPY -> EURUSD.sml | AI watchlist candidate
[2026-04-28 22:19:34.910312] 🔎 Analyzing EURUSD.sml

==============================
Time: 2026-04-28 22:19:35.221632
SIGNAL: {'time': Timestamp('2026-04-28 18:10:00'), 'symbol': 'EURUSD.sml', 'side': 'NO_TRADE', 'price': 1.17048, 'reason': 'no Donchian breakout'}
⏸ EURUSD.sml No trade
[2026-04-28 22:19:35.221912] 🎯 Trading symbol switched: EURUSD.sml -> XAUUSD.sml | AI watchlist candidate
[2026-04-28 22:19:35.221955] 🔎 Analyzing XAUUSD.sml
[2026-04-28 22:19:35.222101] ⏸ XAUUSD.sml Spread too wide: 570.0 points > 80
[2026-04-28 22:19:35.222208] 🎯 Trading symbol switched: XAUUSD.sml -> GBPUSD.sml | AI watchlist candidate
[2026-04-28 22:19:35.222246] 🔎 Analyzing GBPUSD.sml

==============================
Time: 2026-04-28 22:19:35.632558
SIGNAL: {'time': Timestamp('2026-04-28 18:10:00'), 'symbol': 'GBPUSD.sml', 'side': 'NO_TRADE', 'price': 1.35013, 'reason': 'no Donchian breakout'}
⏸ GBPUSD.sml No trade
[2026-04-28 22:19:35.632766] 🎯 Trading symbol switched: GBPUSD.sml -> USDJPY.sml | AI watchlist candidate
[2026-04-28 22:19:35.632801] 🔎 Analyzing USDJPY.sml

==============================
Time: 2026-04-28 22:19:35.941265
SIGNAL: {'time': Timestamp('2026-04-28 18:10:00'), 'symbol': 'USDJPY.sml', 'side': 'NO_TRADE', 'price': 159.661, 'reason': 'no Donchian breakout'}
⏸ USDJPY.sml No trade
[2026-04-28 22:19:35.941524] 🎯 Trading symbol switched: USDJPY.sml -> GBPJPY.sml | AI watchlist candidate
[2026-04-28 22:19:35.941573] 🔎 Analyzing GBPJPY.sml

==============================
Time: 2026-04-28 22:19:36.299405
SIGNAL: {'time': Timestamp('2026-04-28 18:10:00'), 'symbol': 'GBPJPY.sml', 'side': 'NO_TRADE', 'price': 215.566, 'reason': 'no Donchian breakout'}
⏸ GBPJPY.sml No trade
[2026-04-28 22:19:36.299653] 🎯 Trading symbol switched: GBPJPY.sml -> USDCHF | AI watchlist candidate
[2026-04-28 22:19:36.299692] 🔎 Analyzing USDCHF

==============================
Time: 2026-04-28 22:19:36.704663
SIGNAL: {'time': Timestamp('2026-04-28 18:10:00'), 'symbol': 'USDCHF', 'side': 'NO_TRADE', 'price': 0.78988, 'reason': 'no Donchian breakout'}
⏸ USDCHF No trade
[2026-04-28 22:19:36.704904] 🎯 Trading symbol switched: USDCHF -> EURJPY | AI watchlist candidate
[2026-04-28 22:19:36.704959] 🔎 Analyzing EURJPY

==============================
Time: 2026-04-28 22:19:37.034316
SIGNAL: {'time': Timestamp('2026-04-28 18:10:00'), 'symbol': 'EURJPY', 'side': 'NO_TRADE', 'price': 186.851, 'reason': 'no Donchian breakout'}
⏸ EURJPY No trade
[2026-04-28 22:19:37.034398] ⏳ No order from AI watchlist this round
[2026-04-28 22:24:37.037012] 👀 AI watchlist scan: EURUSD.sml, XAUUSD.sml, GBPUSD.sml, USDJPY.sml, GBPJPY.sml, USDCHF, EURJPY
[2026-04-28 22:24:37.037329] 🎯 Trading symbol switched: EURJPY -> EURUSD.sml | AI watchlist candidate
[2026-04-28 22:24:37.037375] 🔎 Analyzing EURUSD.sml

==============================
Time: 2026-04-28 22:24:37.380220
SIGNAL: {'time': Timestamp('2026-04-28 18:15:00'), 'symbol': 'EURUSD.sml', 'side': 'NO_TRADE', 'price': 1.17084, 'reason': 'no Donchian breakout'}
⏸ EURUSD.sml No trade
[2026-04-28 22:24:37.380426] 🎯 Trading symbol switched: EURUSD.sml -> XAUUSD.sml | AI watchlist candidate
[2026-04-28 22:24:37.380460] 🔎 Analyzing XAUUSD.sml
[2026-04-28 22:24:37.380570] ⏸ XAUUSD.sml Spread too wide: 630.0 points > 80
[2026-04-28 22:24:37.380656] 🎯 Trading symbol switched: XAUUSD.sml -> GBPUSD.sml | AI watchlist candidate
[2026-04-28 22:24:37.380685] 🔎 Analyzing GBPUSD.sml

==============================
Time: 2026-04-28 22:24:37.753931
SIGNAL: {'time': Timestamp('2026-04-28 18:15:00'), 'symbol': 'GBPUSD.sml', 'side': 'NO_TRADE', 'price': 1.35052, 'reason': 'no Donchian breakout'}
⏸ GBPUSD.sml No trade
[2026-04-28 22:24:37.754169] 🎯 Trading symbol switched: GBPUSD.sml -> USDJPY.sml | AI watchlist candidate
[2026-04-28 22:24:37.754216] 🔎 Analyzing USDJPY.sml

==============================
Time: 2026-04-28 22:24:38.134241
SIGNAL: {'time': Timestamp('2026-04-28 18:15:00'), 'symbol': 'USDJPY.sml', 'side': 'NO_TRADE', 'price': 159.623, 'reason': 'no Donchian breakout'}
⏸ USDJPY.sml No trade
[2026-04-28 22:24:38.134500] 🎯 Trading symbol switched: USDJPY.sml -> GBPJPY.sml | AI watchlist candidate
[2026-04-28 22:24:38.134542] 🔎 Analyzing GBPJPY.sml

==============================
Time: 2026-04-28 22:24:38.564487
SIGNAL: {'time': Timestamp('2026-04-28 18:15:00'), 'symbol': 'GBPJPY.sml', 'side': 'NO_TRADE', 'price': 215.572, 'reason': 'no Donchian breakout'}
⏸ GBPJPY.sml No trade
[2026-04-28 22:24:38.564723] 🎯 Trading symbol switched: GBPJPY.sml -> USDCHF | AI watchlist candidate
[2026-04-28 22:24:38.564763] 🔎 Analyzing USDCHF

==============================
Time: 2026-04-28 22:24:38.933491
SIGNAL: {'time': Timestamp('2026-04-28 18:15:00'), 'symbol': 'USDCHF', 'side': 'NO_TRADE', 'price': 0.78932, 'reason': 'M15 ADX not rising'}
⏸ USDCHF No trade
[2026-04-28 22:24:38.933699] 🎯 Trading symbol switched: USDCHF -> EURJPY | AI watchlist candidate
[2026-04-28 22:24:38.933999] 🔎 Analyzing EURJPY

==============================
Time: 2026-04-28 22:24:39.369619
SIGNAL: {'time': Timestamp('2026-04-28 18:15:00'), 'symbol': 'EURJPY', 'side': 'NO_TRADE', 'price': 186.861, 'reason': 'no Donchian breakout'}
⏸ EURJPY No trade
[2026-04-28 22:24:39.369747] ⏳ No order from AI watchlist this round
[2026-04-28 22:29:39.372256] 👀 AI watchlist scan: EURUSD.sml, XAUUSD.sml, GBPUSD.sml, USDJPY.sml, GBPJPY.sml, USDCHF, EURJPY
[2026-04-28 22:29:39.372577] 🎯 Trading symbol switched: EURJPY -> EURUSD.sml | AI watchlist candidate
[2026-04-28 22:29:39.372631] 🔎 Analyzing EURUSD.sml

==============================
Time: 2026-04-28 22:29:39.683646
SIGNAL: {'time': Timestamp('2026-04-28 18:20:00'), 'symbol': 'EURUSD.sml', 'side': 'NO_TRADE', 'price': 1.17095, 'reason': 'no Donchian breakout'}
⏸ EURUSD.sml No trade
[2026-04-28 22:29:39.683854] 🎯 Trading symbol switched: EURUSD.sml -> XAUUSD.sml | AI watchlist candidate
[2026-04-28 22:29:39.683899] 🔎 Analyzing XAUUSD.sml
[2026-04-28 22:29:39.684013] ⏸ XAUUSD.sml Spread too wide: 670.0 points > 80
[2026-04-28 22:29:39.684099] 🎯 Trading symbol switched: XAUUSD.sml -> GBPUSD.sml | AI watchlist candidate
[2026-04-28 22:29:39.684129] 🔎 Analyzing GBPUSD.sml

==============================
Time: 2026-04-28 22:29:39.997570
SIGNAL: {'time': Timestamp('2026-04-28 18:20:00'), 'symbol': 'GBPUSD.sml', 'side': 'NO_TRADE', 'price': 1.35047, 'reason': 'no Donchian breakout'}
⏸ GBPUSD.sml No trade
[2026-04-28 22:29:39.997796] 🎯 Trading symbol switched: GBPUSD.sml -> USDJPY.sml | AI watchlist candidate
[2026-04-28 22:29:39.997832] 🔎 Analyzing USDJPY.sml

==============================
Time: 2026-04-28 22:29:40.312360
SIGNAL: {'time': Timestamp('2026-04-28 18:20:00'), 'symbol': 'USDJPY.sml', 'side': 'NO_TRADE', 'price': 159.623, 'reason': 'no Donchian breakout'}
⏸ USDJPY.sml No trade
[2026-04-28 22:29:40.312572] 🎯 Trading symbol switched: USDJPY.sml -> GBPJPY.sml | AI watchlist candidate
[2026-04-28 22:29:40.312606] 🔎 Analyzing GBPJPY.sml

==============================
Time: 2026-04-28 22:29:40.637070
SIGNAL: {'time': Timestamp('2026-04-28 18:20:00'), 'symbol': 'GBPJPY.sml', 'side': 'NO_TRADE', 'price': 215.567, 'reason': 'no Donchian breakout'}
⏸ GBPJPY.sml No trade
[2026-04-28 22:29:40.637295] 🎯 Trading symbol switched: GBPJPY.sml -> USDCHF | AI watchlist candidate
[2026-04-28 22:29:40.637330] 🔎 Analyzing USDCHF

==============================
Time: 2026-04-28 22:29:40.956130
SIGNAL: {'time': Timestamp('2026-04-28 18:20:00'), 'symbol': 'USDCHF', 'side': 'NO_TRADE', 'price': 0.78926, 'reason': 'M15 ADX not rising'}
⏸ USDCHF No trade
[2026-04-28 22:29:40.956376] 🎯 Trading symbol switched: USDCHF -> EURJPY | AI watchlist candidate
[2026-04-28 22:29:40.956477] 🔎 Analyzing EURJPY

==============================
Time: 2026-04-28 22:29:41.266929
SIGNAL: {'time': Timestamp('2026-04-28 18:20:00'), 'symbol': 'EURJPY', 'side': 'NO_TRADE', 'price': 186.881, 'reason': 'no Donchian breakout'}
⏸ EURJPY No trade
[2026-04-28 22:29:41.267011] ⏳ No order from AI watchlist this round
[2026-04-28 22:34:41.270233] 👀 AI watchlist scan: EURUSD.sml, XAUUSD.sml, GBPUSD.sml, USDJPY.sml, GBPJPY.sml, USDCHF, EURJPY
[2026-04-28 22:34:41.270635] 🎯 Trading symbol switched: EURJPY -> EURUSD.sml | AI watchlist candidate
[2026-04-28 22:34:41.270687] 🔎 Analyzing EURUSD.sml

==============================
Time: 2026-04-28 22:34:41.558782
SIGNAL: {'time': Timestamp('2026-04-28 18:25:00'), 'symbol': 'EURUSD.sml', 'side': 'NO_TRADE', 'price': 1.17108, 'reason': 'ATR too low atr_pct=0.00042'}
⏸ EURUSD.sml No trade
[2026-04-28 22:34:41.558994] 🎯 Trading symbol switched: EURUSD.sml -> XAUUSD.sml | AI watchlist candidate
[2026-04-28 22:34:41.559027] 🔎 Analyzing XAUUSD.sml
[2026-04-28 22:34:41.559140] ⏸ XAUUSD.sml Spread too wide: 480.0 points > 80
[2026-04-28 22:34:41.559227] 🎯 Trading symbol switched: XAUUSD.sml -> GBPUSD.sml | AI watchlist candidate
[2026-04-28 22:34:41.559256] 🔎 Analyzing GBPUSD.sml

==============================
Time: 2026-04-28 22:34:41.845987
SIGNAL: {'time': Timestamp('2026-04-28 18:25:00'), 'symbol': 'GBPUSD.sml', 'side': 'NO_TRADE', 'price': 1.3507, 'reason': 'ATR too low atr_pct=0.00044'}
⏸ GBPUSD.sml No trade
[2026-04-28 22:34:41.846287] 🎯 Trading symbol switched: GBPUSD.sml -> USDJPY.sml | AI watchlist candidate
[2026-04-28 22:34:41.846357] 🔎 Analyzing USDJPY.sml

==============================
Time: 2026-04-28 22:34:42.154247
SIGNAL: {'time': Timestamp('2026-04-28 18:25:00'), 'symbol': 'USDJPY.sml', 'side': 'NO_TRADE', 'price': 159.589, 'reason': 'no Donchian breakout'}
⏸ USDJPY.sml No trade
[2026-04-28 22:34:42.154479] 🎯 Trading symbol switched: USDJPY.sml -> GBPJPY.sml | AI watchlist candidate
[2026-04-28 22:34:42.154543] 🔎 Analyzing GBPJPY.sml

==============================
Time: 2026-04-28 22:34:42.481663
SIGNAL: {'time': Timestamp('2026-04-28 18:25:00'), 'symbol': 'GBPJPY.sml', 'side': 'NO_TRADE', 'price': 215.558, 'reason': 'no Donchian breakout'}
⏸ GBPJPY.sml No trade
[2026-04-28 22:34:42.481864] 🎯 Trading symbol switched: GBPJPY.sml -> USDCHF | AI watchlist candidate
[2026-04-28 22:34:42.481898] 🔎 Analyzing USDCHF

==============================
Time: 2026-04-28 22:34:42.796544
SIGNAL: {'time': Timestamp('2026-04-28 18:25:00'), 'symbol': 'USDCHF', 'side': 'NO_TRADE', 'price': 0.7892, 'reason': 'M15 ADX not rising'}
⏸ USDCHF No trade
[2026-04-28 22:34:42.796766] 🎯 Trading symbol switched: USDCHF -> EURJPY | AI watchlist candidate
[2026-04-28 22:34:42.796813] 🔎 Analyzing EURJPY

==============================
Time: 2026-04-28 22:34:43.194899
SIGNAL: {'time': Timestamp('2026-04-28 18:25:00'), 'symbol': 'EURJPY', 'side': 'NO_TRADE', 'price': 186.86, 'reason': 'no Donchian breakout'}
⏸ EURJPY No trade
[2026-04-28 22:34:43.194985] ⏳ No order from AI watchlist this round
[2026-04-28 22:39:43.199308] 👀 AI watchlist scan: EURUSD.sml, XAUUSD.sml, GBPUSD.sml, USDJPY.sml, GBPJPY.sml, USDCHF, EURJPY
[2026-04-28 22:39:43.199856] 🎯 Trading symbol switched: EURJPY -> EURUSD.sml | AI watchlist candidate
[2026-04-28 22:39:43.199947] 🔎 Analyzing EURUSD.sml

==============================
Time: 2026-04-28 22:39:43.499483
SIGNAL: {'time': Timestamp('2026-04-28 18:30:00'), 'symbol': 'EURUSD.sml', 'side': 'NO_TRADE', 'price': 1.17089, 'reason': 'no Donchian breakout'}
⏸ EURUSD.sml No trade
[2026-04-28 22:39:43.499685] 🎯 Trading symbol switched: EURUSD.sml -> XAUUSD.sml | AI watchlist candidate
[2026-04-28 22:39:43.499718] 🔎 Analyzing XAUUSD.sml
[2026-04-28 22:39:43.499828] ⏸ XAUUSD.sml Spread too wide: 530.0 points > 80
[2026-04-28 22:39:43.499914] 🎯 Trading symbol switched: XAUUSD.sml -> GBPUSD.sml | AI watchlist candidate
[2026-04-28 22:39:43.499943] 🔎 Analyzing GBPUSD.sml

==============================
Time: 2026-04-28 22:39:43.800446
SIGNAL: {'time': Timestamp('2026-04-28 18:30:00'), 'symbol': 'GBPUSD.sml', 'side': 'NO_TRADE', 'price': 1.35045, 'reason': 'no Donchian breakout'}
⏸ GBPUSD.sml No trade
[2026-04-28 22:39:43.800656] 🎯 Trading symbol switched: GBPUSD.sml -> USDJPY.sml | AI watchlist candidate
[2026-04-28 22:39:43.800693] 🔎 Analyzing USDJPY.sml

==============================
Time: 2026-04-28 22:39:44.112436
SIGNAL: {'time': Timestamp('2026-04-28 18:30:00'), 'symbol': 'USDJPY.sml', 'side': 'NO_TRADE', 'price': 159.627, 'reason': 'no Donchian breakout'}
⏸ USDJPY.sml No trade
[2026-04-28 22:39:44.112664] 🎯 Trading symbol switched: USDJPY.sml -> GBPJPY.sml | AI watchlist candidate
[2026-04-28 22:39:44.112725] 🔎 Analyzing GBPJPY.sml

==============================
Time: 2026-04-28 22:39:44.491087
SIGNAL: {'time': Timestamp('2026-04-28 18:30:00'), 'symbol': 'GBPJPY.sml', 'side': 'NO_TRADE', 'price': 215.568, 'reason': 'no Donchian breakout'}
⏸ GBPJPY.sml No trade
[2026-04-28 22:39:44.491361] 🎯 Trading symbol switched: GBPJPY.sml -> USDCHF | AI watchlist candidate
[2026-04-28 22:39:44.491399] 🔎 Analyzing USDCHF

==============================
Time: 2026-04-28 22:39:44.825677
SIGNAL: {'time': Timestamp('2026-04-28 18:30:00'), 'symbol': 'USDCHF', 'side': 'NO_TRADE', 'price': 0.78925, 'reason': 'no Donchian breakout'}
⏸ USDCHF No trade
[2026-04-28 22:39:44.825889] 🎯 Trading symbol switched: USDCHF -> EURJPY | AI watchlist candidate
[2026-04-28 22:39:44.825922] 🔎 Analyzing EURJPY

==============================
Time: 2026-04-28 22:39:45.138051
SIGNAL: {'time': Timestamp('2026-04-28 18:30:00'), 'symbol': 'EURJPY', 'side': 'NO_TRADE', 'price': 186.873, 'reason': 'no Donchian breakout'}
⏸ EURJPY No trade
[2026-04-28 22:39:45.138145] ⏳ No order from AI watchlist this round
[2026-04-28 22:44:45.142589] 👀 AI watchlist scan: EURUSD.sml, XAUUSD.sml, GBPUSD.sml, USDJPY.sml, GBPJPY.sml, USDCHF, EURJPY
[2026-04-28 22:44:45.143487] 🎯 Trading symbol switched: EURJPY -> EURUSD.sml | AI watchlist candidate
[2026-04-28 22:44:45.143617] 🔎 Analyzing EURUSD.sml

==============================
Time: 2026-04-28 22:44:45.426250
SIGNAL: {'time': Timestamp('2026-04-28 18:35:00'), 'symbol': 'EURUSD.sml', 'side': 'NO_TRADE', 'price': 1.17141, 'reason': 'ATR too low atr_pct=0.00043'}
⏸ EURUSD.sml No trade
[2026-04-28 22:44:45.426501] 🎯 Trading symbol switched: EURUSD.sml -> XAUUSD.sml | AI watchlist candidate
[2026-04-28 22:44:45.426556] 🔎 Analyzing XAUUSD.sml
[2026-04-28 22:44:45.426707] ⏸ XAUUSD.sml Spread too wide: 520.0 points > 80
[2026-04-28 22:44:45.426825] 🎯 Trading symbol switched: XAUUSD.sml -> GBPUSD.sml | AI watchlist candidate
[2026-04-28 22:44:45.426866] 🔎 Analyzing GBPUSD.sml

==============================
Time: 2026-04-28 22:44:45.701547
SIGNAL: {'time': Timestamp('2026-04-28 18:35:00'), 'symbol': 'GBPUSD.sml', 'side': 'NO_TRADE', 'price': 1.35114, 'reason': 'ATR too low atr_pct=0.00045'}
⏸ GBPUSD.sml No trade
[2026-04-28 22:44:45.701748] 🎯 Trading symbol switched: GBPUSD.sml -> USDJPY.sml | AI watchlist candidate
[2026-04-28 22:44:45.701782] 🔎 Analyzing USDJPY.sml

==============================
Time: 2026-04-28 22:44:46.028856
SIGNAL: {'time': Timestamp('2026-04-28 18:35:00'), 'symbol': 'USDJPY.sml', 'side': 'NO_TRADE', 'price': 159.583, 'reason': 'no Donchian breakout'}
⏸ USDJPY.sml No trade
[2026-04-28 22:44:46.029071] 🎯 Trading symbol switched: USDJPY.sml -> GBPJPY.sml | AI watchlist candidate
[2026-04-28 22:44:46.029106] 🔎 Analyzing GBPJPY.sml

==============================
Time: 2026-04-28 22:44:46.371764
SIGNAL: {'time': Timestamp('2026-04-28 18:35:00'), 'symbol': 'GBPJPY.sml', 'side': 'NO_TRADE', 'price': 215.619, 'reason': 'ATR too low atr_pct=0.00028'}
⏸ GBPJPY.sml No trade
[2026-04-28 22:44:46.371976] 🎯 Trading symbol switched: GBPJPY.sml -> USDCHF | AI watchlist candidate
[2026-04-28 22:44:46.372008] 🔎 Analyzing USDCHF

==============================
Time: 2026-04-28 22:44:46.696632
SIGNAL: {'time': Timestamp('2026-04-28 18:35:00'), 'symbol': 'USDCHF', 'side': 'NO_TRADE', 'price': 0.78884, 'reason': 'M15 ADX not rising'}
⏸ USDCHF No trade
[2026-04-28 22:44:46.696877] 🎯 Trading symbol switched: USDCHF -> EURJPY | AI watchlist candidate
[2026-04-28 22:44:46.696951] 🔎 Analyzing EURJPY

==============================
Time: 2026-04-28 22:44:47.009521
SIGNAL: {'time': Timestamp('2026-04-28 18:35:00'), 'symbol': 'EURJPY', 'side': 'NO_TRADE', 'price': 186.905, 'reason': 'ATR too low atr_pct=0.00026'}
⏸ EURJPY No trade
[2026-04-28 22:44:47.009632] ⏳ No order from AI watchlist this round
[2026-04-28 22:49:47.013865] 👀 AI watchlist scan: EURUSD.sml, XAUUSD.sml, GBPUSD.sml, USDJPY.sml, GBPJPY.sml, USDCHF, EURJPY
[2026-04-28 22:49:47.014281] 🎯 Trading symbol switched: EURJPY -> EURUSD.sml | AI watchlist candidate
[2026-04-28 22:49:47.014339] 🔎 Analyzing EURUSD.sml

==============================
Time: 2026-04-28 22:49:47.316146
SIGNAL: {'time': Timestamp('2026-04-28 18:40:00'), 'symbol': 'EURUSD.sml', 'side': 'NO_TRADE', 'price': 1.17115, 'reason': 'no Donchian breakout'}
⏸ EURUSD.sml No trade
[2026-04-28 22:49:47.316371] 🎯 Trading symbol switched: EURUSD.sml -> XAUUSD.sml | AI watchlist candidate
[2026-04-28 22:49:47.316407] 🔎 Analyzing XAUUSD.sml
[2026-04-28 22:49:47.316520] ⏸ XAUUSD.sml Spread too wide: 660.0 points > 80
[2026-04-28 22:49:47.316605] 🎯 Trading symbol switched: XAUUSD.sml -> GBPUSD.sml | AI watchlist candidate
[2026-04-28 22:49:47.316638] 🔎 Analyzing GBPUSD.sml

==============================
Time: 2026-04-28 22:49:47.641982
SIGNAL: {'time': Timestamp('2026-04-28 18:40:00'), 'symbol': 'GBPUSD.sml', 'side': 'NO_TRADE', 'price': 1.35094, 'reason': 'no Donchian breakout'}
⏸ GBPUSD.sml No trade
[2026-04-28 22:49:47.642209] 🎯 Trading symbol switched: GBPUSD.sml -> USDJPY.sml | AI watchlist candidate
[2026-04-28 22:49:47.642245] 🔎 Analyzing USDJPY.sml

==============================
Time: 2026-04-28 22:49:48.034150
SIGNAL: {'time': Timestamp('2026-04-28 18:40:00'), 'symbol': 'USDJPY.sml', 'side': 'NO_TRADE', 'price': 159.575, 'reason': 'no Donchian breakout'}
⏸ USDJPY.sml No trade
[2026-04-28 22:49:48.034456] 🎯 Trading symbol switched: USDJPY.sml -> GBPJPY.sml | AI watchlist candidate
[2026-04-28 22:49:48.034517] 🔎 Analyzing GBPJPY.sml

==============================
Time: 2026-04-28 22:49:48.355464
SIGNAL: {'time': Timestamp('2026-04-28 18:40:00'), 'symbol': 'GBPJPY.sml', 'side': 'NO_TRADE', 'price': 215.572, 'reason': 'no Donchian breakout'}
⏸ GBPJPY.sml No trade
[2026-04-28 22:49:48.355694] 🎯 Trading symbol switched: GBPJPY.sml -> USDCHF | AI watchlist candidate
[2026-04-28 22:49:48.355735] 🔎 Analyzing USDCHF

==============================
Time: 2026-04-28 22:49:48.677181
SIGNAL: {'time': Timestamp('2026-04-28 18:40:00'), 'symbol': 'USDCHF', 'side': 'NO_TRADE', 'price': 0.78894, 'reason': 'no Donchian breakout'}
⏸ USDCHF No trade
[2026-04-28 22:49:48.677406] 🎯 Trading symbol switched: USDCHF -> EURJPY | AI watchlist candidate
[2026-04-28 22:49:48.677441] 🔎 Analyzing EURJPY

==============================
Time: 2026-04-28 22:49:48.980287
SIGNAL: {'time': Timestamp('2026-04-28 18:40:00'), 'symbol': 'EURJPY', 'side': 'NO_TRADE', 'price': 186.856, 'reason': 'no Donchian breakout'}
⏸ EURJPY No trade
[2026-04-28 22:49:48.980375] ⏳ No order from AI watchlist this round
[2026-04-28 22:54:48.983142] 👀 AI watchlist scan: EURUSD.sml, XAUUSD.sml, GBPUSD.sml, USDJPY.sml, GBPJPY.sml, USDCHF, EURJPY
[2026-04-28 22:54:48.983367] 🎯 Trading symbol switched: EURJPY -> EURUSD.sml | AI watchlist candidate
[2026-04-28 22:54:48.983410] 🔎 Analyzing EURUSD.sml

==============================
Time: 2026-04-28 22:54:49.279200
SIGNAL: {'time': Timestamp('2026-04-28 18:45:00'), 'symbol': 'EURUSD.sml', 'side': 'NO_TRADE', 'price': 1.17107, 'reason': 'no Donchian breakout'}
⏸ EURUSD.sml No trade
[2026-04-28 22:54:49.279493] 🎯 Trading symbol switched: EURUSD.sml -> XAUUSD.sml | AI watchlist candidate
[2026-04-28 22:54:49.279558] 🔎 Analyzing XAUUSD.sml
[2026-04-28 22:54:49.279965] ⏸ XAUUSD.sml Spread too wide: 200.0 points > 80
[2026-04-28 22:54:49.280118] 🎯 Trading symbol switched: XAUUSD.sml -> GBPUSD.sml | AI watchlist candidate
[2026-04-28 22:54:49.280165] 🔎 Analyzing GBPUSD.sml

==============================
Time: 2026-04-28 22:54:49.678469
SIGNAL: {'time': Timestamp('2026-04-28 18:45:00'), 'symbol': 'GBPUSD.sml', 'side': 'NO_TRADE', 'price': 1.35083, 'reason': 'no Donchian breakout'}
⏸ GBPUSD.sml No trade
[2026-04-28 22:54:49.678687] 🎯 Trading symbol switched: GBPUSD.sml -> USDJPY.sml | AI watchlist candidate
[2026-04-28 22:54:49.678724] 🔎 Analyzing USDJPY.sml

==============================
Time: 2026-04-28 22:54:50.021467
SIGNAL: {'time': Timestamp('2026-04-28 18:45:00'), 'symbol': 'USDJPY.sml', 'side': 'NO_TRADE', 'price': 159.574, 'reason': 'no Donchian breakout'}
⏸ USDJPY.sml No trade
[2026-04-28 22:54:50.021747] 🎯 Trading symbol switched: USDJPY.sml -> GBPJPY.sml | AI watchlist candidate
[2026-04-28 22:54:50.021797] 🔎 Analyzing GBPJPY.sml

==============================
Time: 2026-04-28 22:54:50.371054
SIGNAL: {'time': Timestamp('2026-04-28 18:45:00'), 'symbol': 'GBPJPY.sml', 'side': 'NO_TRADE', 'price': 215.554, 'reason': 'no Donchian breakout'}
⏸ GBPJPY.sml No trade
[2026-04-28 22:54:50.371260] 🎯 Trading symbol switched: GBPJPY.sml -> USDCHF | AI watchlist candidate
[2026-04-28 22:54:50.371292] 🔎 Analyzing USDCHF

==============================
Time: 2026-04-28 22:54:50.686908
SIGNAL: {'time': Timestamp('2026-04-28 18:45:00'), 'symbol': 'USDCHF', 'side': 'NO_TRADE', 'price': 0.78897, 'reason': 'no Donchian breakout'}
⏸ USDCHF No trade
[2026-04-28 22:54:50.687245] 🎯 Trading symbol switched: USDCHF -> EURJPY | AI watchlist candidate
[2026-04-28 22:54:50.687295] 🔎 Analyzing EURJPY

==============================
Time: 2026-04-28 22:54:51.003466
SIGNAL: {'time': Timestamp('2026-04-28 18:45:00'), 'symbol': 'EURJPY', 'side': 'NO_TRADE', 'price': 186.842, 'reason': 'no Donchian breakout'}
⏸ EURJPY No trade
[2026-04-28 22:54:51.003548] ⏳ No order from AI watchlist this round
[2026-04-28 22:59:51.006647] 👀 AI watchlist scan: EURUSD.sml, XAUUSD.sml, GBPUSD.sml, USDJPY.sml, GBPJPY.sml, USDCHF, EURJPY
[2026-04-28 22:59:51.007141] 🎯 Trading symbol switched: EURJPY -> EURUSD.sml | AI watchlist candidate
[2026-04-28 22:59:51.007194] 🔎 Analyzing EURUSD.sml

==============================
Time: 2026-04-28 22:59:51.296070
SIGNAL: {'time': Timestamp('2026-04-28 18:50:00'), 'symbol': 'EURUSD.sml', 'side': 'NO_TRADE', 'price': 1.17126, 'reason': 'no Donchian breakout'}
⏸ EURUSD.sml No trade
[2026-04-28 22:59:51.296282] 🎯 Trading symbol switched: EURUSD.sml -> XAUUSD.sml | AI watchlist candidate
[2026-04-28 22:59:51.296315] 🔎 Analyzing XAUUSD.sml
[2026-04-28 22:59:51.296427] ⏸ XAUUSD.sml Spread too wide: 610.0 points > 80
[2026-04-28 22:59:51.296512] 🎯 Trading symbol switched: XAUUSD.sml -> GBPUSD.sml | AI watchlist candidate
[2026-04-28 22:59:51.296541] 🔎 Analyzing GBPUSD.sml

==============================
Time: 2026-04-28 22:59:51.710773
SIGNAL: {'time': Timestamp('2026-04-28 18:50:00'), 'symbol': 'GBPUSD.sml', 'side': 'NO_TRADE', 'price': 1.35117, 'reason': 'no Donchian breakout'}
⏸ GBPUSD.sml No trade
[2026-04-28 22:59:51.711012] 🎯 Trading symbol switched: GBPUSD.sml -> USDJPY.sml | AI watchlist candidate
[2026-04-28 22:59:51.711055] 🔎 Analyzing USDJPY.sml

==============================
Time: 2026-04-28 22:59:52.014682
SIGNAL: {'time': Timestamp('2026-04-28 18:50:00'), 'symbol': 'USDJPY.sml', 'side': 'NO_TRADE', 'price': 159.552, 'reason': 'ATR too low atr_pct=0.00034'}
⏸ USDJPY.sml No trade
[2026-04-28 22:59:52.014941] 🎯 Trading symbol switched: USDJPY.sml -> GBPJPY.sml | AI watchlist candidate
[2026-04-28 22:59:52.014989] 🔎 Analyzing GBPJPY.sml

==============================
Time: 2026-04-28 22:59:52.356892
SIGNAL: {'time': Timestamp('2026-04-28 18:50:00'), 'symbol': 'GBPJPY.sml', 'side': 'NO_TRADE', 'price': 215.584, 'reason': 'no Donchian breakout'}
⏸ GBPJPY.sml No trade
[2026-04-28 22:59:52.357096] 🎯 Trading symbol switched: GBPJPY.sml -> USDCHF | AI watchlist candidate
[2026-04-28 22:59:52.357132] 🔎 Analyzing USDCHF

==============================
Time: 2026-04-28 22:59:52.679861
SIGNAL: {'time': Timestamp('2026-04-28 18:50:00'), 'symbol': 'USDCHF', 'side': 'NO_TRADE', 'price': 0.7889, 'reason': 'no Donchian breakout'}
⏸ USDCHF No trade
[2026-04-28 22:59:52.680079] 🎯 Trading symbol switched: USDCHF -> EURJPY | AI watchlist candidate
[2026-04-28 22:59:52.680112] 🔎 Analyzing EURJPY

==============================
Time: 2026-04-28 22:59:52.989218
SIGNAL: {'time': Timestamp('2026-04-28 18:50:00'), 'symbol': 'EURJPY', 'side': 'NO_TRADE', 'price': 186.845, 'reason': 'no Donchian breakout'}
⏸ EURJPY No trade
[2026-04-28 22:59:52.989304] ⏳ No order from AI watchlist this round
[2026-04-28 23:04:52.993575] 👀 AI watchlist scan: EURUSD.sml, XAUUSD.sml, GBPUSD.sml, USDJPY.sml, GBPJPY.sml, USDCHF, EURJPY
[2026-04-28 23:04:52.994209] 🎯 Trading symbol switched: EURJPY -> EURUSD.sml | AI watchlist candidate
[2026-04-28 23:04:52.994310] 🔎 Analyzing EURUSD.sml

==============================
Time: 2026-04-28 23:04:53.306632
SIGNAL: {'time': Timestamp('2026-04-28 18:55:00'), 'symbol': 'EURUSD.sml', 'side': 'NO_TRADE', 'price': 1.17138, 'reason': 'no Donchian breakout'}
⏸ EURUSD.sml No trade
[2026-04-28 23:04:53.306889] 🎯 Trading symbol switched: EURUSD.sml -> XAUUSD.sml | AI watchlist candidate
[2026-04-28 23:04:53.306932] 🔎 Analyzing XAUUSD.sml
[2026-04-28 23:04:53.307077] ⏸ XAUUSD.sml Spread too wide: 600.0 points > 80
[2026-04-28 23:04:53.307172] 🎯 Trading symbol switched: XAUUSD.sml -> GBPUSD.sml | AI watchlist candidate
[2026-04-28 23:04:53.307199] 🔎 Analyzing GBPUSD.sml

==============================
Time: 2026-04-28 23:04:53.611710
SIGNAL: {'time': Timestamp('2026-04-28 18:55:00'), 'symbol': 'GBPUSD.sml', 'side': 'NO_TRADE', 'price': 1.35115, 'reason': 'no Donchian breakout'}
⏸ GBPUSD.sml No trade
[2026-04-28 23:04:53.611984] 🎯 Trading symbol switched: GBPUSD.sml -> USDJPY.sml | AI watchlist candidate
[2026-04-28 23:04:53.612022] 🔎 Analyzing USDJPY.sml

==============================
Time: 2026-04-28 23:04:53.943138
SIGNAL: {'time': Timestamp('2026-04-28 18:55:00'), 'symbol': 'USDJPY.sml', 'side': 'NO_TRADE', 'price': 159.544, 'reason': 'no Donchian breakout'}
⏸ USDJPY.sml No trade
[2026-04-28 23:04:53.943379] 🎯 Trading symbol switched: USDJPY.sml -> GBPJPY.sml | AI watchlist candidate
[2026-04-28 23:04:53.943422] 🔎 Analyzing GBPJPY.sml

==============================
Time: 2026-04-28 23:04:54.258419
SIGNAL: {'time': Timestamp('2026-04-28 18:55:00'), 'symbol': 'GBPJPY.sml', 'side': 'NO_TRADE', 'price': 215.567, 'reason': 'no Donchian breakout'}
⏸ GBPJPY.sml No trade
[2026-04-28 23:04:54.258644] 🎯 Trading symbol switched: GBPJPY.sml -> USDCHF | AI watchlist candidate
[2026-04-28 23:04:54.258703] 🔎 Analyzing USDCHF

==============================
Time: 2026-04-28 23:04:54.591581
SIGNAL: {'time': Timestamp('2026-04-28 18:55:00'), 'symbol': 'USDCHF', 'side': 'NO_TRADE', 'price': 0.78882, 'reason': 'no Donchian breakout'}
⏸ USDCHF No trade
[2026-04-28 23:04:54.591780] 🎯 Trading symbol switched: USDCHF -> EURJPY | AI watchlist candidate
[2026-04-28 23:04:54.591814] 🔎 Analyzing EURJPY

==============================
Time: 2026-04-28 23:04:54.919953
SIGNAL: {'time': Timestamp('2026-04-28 18:55:00'), 'symbol': 'EURJPY', 'side': 'NO_TRADE', 'price': 186.854, 'reason': 'no Donchian breakout'}
⏸ EURJPY No trade
[2026-04-28 23:04:54.920036] ⏳ No order from AI watchlist this round
[2026-04-28 23:09:54.923076] 👀 AI watchlist scan: EURUSD.sml, XAUUSD.sml, GBPUSD.sml, USDJPY.sml, GBPJPY.sml, USDCHF, EURJPY
[2026-04-28 23:09:54.923480] 🎯 Trading symbol switched: EURJPY -> EURUSD.sml | AI watchlist candidate
[2026-04-28 23:09:54.923548] 🔎 Analyzing EURUSD.sml

==============================
Time: 2026-04-28 23:09:55.347571
SIGNAL: {'time': Timestamp('2026-04-28 19:00:00'), 'symbol': 'EURUSD.sml', 'side': 'NO_TRADE', 'price': 1.17146, 'reason': 'no Donchian breakout'}
⏸ EURUSD.sml No trade
[2026-04-28 23:09:55.347802] 🎯 Trading symbol switched: EURUSD.sml -> XAUUSD.sml | AI watchlist candidate
[2026-04-28 23:09:55.347843] 🔎 Analyzing XAUUSD.sml
[2026-04-28 23:09:55.348016] ⏸ XAUUSD.sml Spread too wide: 460.0 points > 80
[2026-04-28 23:09:55.348139] 🎯 Trading symbol switched: XAUUSD.sml -> GBPUSD.sml | AI watchlist candidate
[2026-04-28 23:09:55.348198] 🔎 Analyzing GBPUSD.sml

==============================
Time: 2026-04-28 23:09:55.797794
SIGNAL: {'time': Timestamp('2026-04-28 19:00:00'), 'symbol': 'GBPUSD.sml', 'side': 'NO_TRADE', 'price': 1.35106, 'reason': 'no Donchian breakout'}
⏸ GBPUSD.sml No trade
[2026-04-28 23:09:55.798045] 🎯 Trading symbol switched: GBPUSD.sml -> USDJPY.sml | AI watchlist candidate
[2026-04-28 23:09:55.798092] 🔎 Analyzing USDJPY.sml

==============================
Time: 2026-04-28 23:09:56.221933
SIGNAL: {'time': Timestamp('2026-04-28 19:00:00'), 'symbol': 'USDJPY.sml', 'side': 'NO_TRADE', 'price': 159.544, 'reason': 'no Donchian breakout'}
⏸ USDJPY.sml No trade
[2026-04-28 23:09:56.222239] 🎯 Trading symbol switched: USDJPY.sml -> GBPJPY.sml | AI watchlist candidate
[2026-04-28 23:09:56.222296] 🔎 Analyzing GBPJPY.sml

==============================
Time: 2026-04-28 23:09:56.592179
SIGNAL: {'time': Timestamp('2026-04-28 19:00:00'), 'symbol': 'GBPJPY.sml', 'side': 'NO_TRADE', 'price': 215.553, 'reason': 'no Donchian breakout'}
⏸ GBPJPY.sml No trade
[2026-04-28 23:09:56.592490] 🎯 Trading symbol switched: GBPJPY.sml -> USDCHF | AI watchlist candidate
[2026-04-28 23:09:56.592536] 🔎 Analyzing USDCHF

==============================
Time: 2026-04-28 23:09:56.928506
SIGNAL: {'time': Timestamp('2026-04-28 19:00:00'), 'symbol': 'USDCHF', 'side': 'NO_TRADE', 'price': 0.78888, 'reason': 'no Donchian breakout'}
⏸ USDCHF No trade
[2026-04-28 23:09:56.928718] 🎯 Trading symbol switched: USDCHF -> EURJPY | AI watchlist candidate
[2026-04-28 23:09:56.928769] 🔎 Analyzing EURJPY

==============================
Time: 2026-04-28 23:09:57.262127
SIGNAL: {'time': Timestamp('2026-04-28 19:00:00'), 'symbol': 'EURJPY', 'side': 'NO_TRADE', 'price': 186.867, 'reason': 'no Donchian breakout'}
⏸ EURJPY No trade
[2026-04-28 23:09:57.262219] ⏳ No order from AI watchlist this round
[2026-04-28 23:14:57.266711] 👀 AI watchlist scan: EURUSD.sml, XAUUSD.sml, GBPUSD.sml, USDJPY.sml, GBPJPY.sml, USDCHF, EURJPY
[2026-04-28 23:14:57.267314] 🎯 Trading symbol switched: EURJPY -> EURUSD.sml | AI watchlist candidate
[2026-04-28 23:14:57.267363] 🔎 Analyzing EURUSD.sml

==============================
Time: 2026-04-28 23:14:57.546091
SIGNAL: {'time': Timestamp('2026-04-28 19:05:00'), 'symbol': 'EURUSD.sml', 'side': 'NO_TRADE', 'price': 1.17141, 'reason': 'no Donchian breakout'}
⏸ EURUSD.sml No trade
[2026-04-28 23:14:57.546309] 🎯 Trading symbol switched: EURUSD.sml -> XAUUSD.sml | AI watchlist candidate
[2026-04-28 23:14:57.546342] 🔎 Analyzing XAUUSD.sml
[2026-04-28 23:14:57.546457] ⏸ XAUUSD.sml Spread too wide: 500.0 points > 80
[2026-04-28 23:14:57.546540] 🎯 Trading symbol switched: XAUUSD.sml -> GBPUSD.sml | AI watchlist candidate
[2026-04-28 23:14:57.546569] 🔎 Analyzing GBPUSD.sml

==============================
Time: 2026-04-28 23:14:57.857509
SIGNAL: {'time': Timestamp('2026-04-28 19:05:00'), 'symbol': 'GBPUSD.sml', 'side': 'NO_TRADE', 'price': 1.35107, 'reason': 'no Donchian breakout'}
⏸ GBPUSD.sml No trade
[2026-04-28 23:14:57.857713] 🎯 Trading symbol switched: GBPUSD.sml -> USDJPY.sml | AI watchlist candidate
[2026-04-28 23:14:57.857748] 🔎 Analyzing USDJPY.sml

==============================
Time: 2026-04-28 23:14:58.160884
SIGNAL: {'time': Timestamp('2026-04-28 19:05:00'), 'symbol': 'USDJPY.sml', 'side': 'NO_TRADE', 'price': 159.537, 'reason': 'no Donchian breakout'}
⏸ USDJPY.sml No trade
[2026-04-28 23:14:58.161107] 🎯 Trading symbol switched: USDJPY.sml -> GBPJPY.sml | AI watchlist candidate
[2026-04-28 23:14:58.161145] 🔎 Analyzing GBPJPY.sml

==============================
Time: 2026-04-28 23:14:58.495982
SIGNAL: {'time': Timestamp('2026-04-28 19:05:00'), 'symbol': 'GBPJPY.sml', 'side': 'NO_TRADE', 'price': 215.548, 'reason': 'no Donchian breakout'}
⏸ GBPJPY.sml No trade
[2026-04-28 23:14:58.496228] 🎯 Trading symbol switched: GBPJPY.sml -> USDCHF | AI watchlist candidate
[2026-04-28 23:14:58.496259] 🔎 Analyzing USDCHF

==============================
Time: 2026-04-28 23:14:58.800376
SIGNAL: {'time': Timestamp('2026-04-28 19:05:00'), 'symbol': 'USDCHF', 'side': 'NO_TRADE', 'price': 0.78897, 'reason': 'no Donchian breakout'}
⏸ USDCHF No trade
[2026-04-28 23:14:58.800630] 🎯 Trading symbol switched: USDCHF -> EURJPY | AI watchlist candidate
[2026-04-28 23:14:58.800666] 🔎 Analyzing EURJPY

==============================
Time: 2026-04-28 23:14:59.119099
SIGNAL: {'time': Timestamp('2026-04-28 19:05:00'), 'symbol': 'EURJPY', 'side': 'NO_TRADE', 'price': 186.851, 'reason': 'no Donchian breakout'}
⏸ EURJPY No trade
[2026-04-28 23:14:59.119186] ⏳ No order from AI watchlist this round
[2026-04-28 23:19:59.123345] 👀 AI watchlist scan: EURUSD.sml, XAUUSD.sml, GBPUSD.sml, USDJPY.sml, GBPJPY.sml, USDCHF, EURJPY
[2026-04-28 23:19:59.123981] 🎯 Trading symbol switched: EURJPY -> EURUSD.sml | AI watchlist candidate
[2026-04-28 23:19:59.124086] 🔎 Analyzing EURUSD.sml

==============================
Time: 2026-04-28 23:19:59.440071
SIGNAL: {'time': Timestamp('2026-04-28 19:10:00'), 'symbol': 'EURUSD.sml', 'side': 'NO_TRADE', 'price': 1.17133, 'reason': 'no Donchian breakout'}
⏸ EURUSD.sml No trade
[2026-04-28 23:19:59.440290] 🎯 Trading symbol switched: EURUSD.sml -> XAUUSD.sml | AI watchlist candidate
[2026-04-28 23:19:59.440325] 🔎 Analyzing XAUUSD.sml
[2026-04-28 23:19:59.440441] ⏸ XAUUSD.sml Spread too wide: 430.0 points > 80
[2026-04-28 23:19:59.440525] 🎯 Trading symbol switched: XAUUSD.sml -> GBPUSD.sml | AI watchlist candidate
[2026-04-28 23:19:59.440554] 🔎 Analyzing GBPUSD.sml

==============================
Time: 2026-04-28 23:19:59.772846
SIGNAL: {'time': Timestamp('2026-04-28 19:10:00'), 'symbol': 'GBPUSD.sml', 'side': 'NO_TRADE', 'price': 1.35095, 'reason': 'no Donchian breakout'}
⏸ GBPUSD.sml No trade
[2026-04-28 23:19:59.773079] 🎯 Trading symbol switched: GBPUSD.sml -> USDJPY.sml | AI watchlist candidate
[2026-04-28 23:19:59.773112] 🔎 Analyzing USDJPY.sml

==============================
Time: 2026-04-28 23:20:00.140057
SIGNAL: {'time': Timestamp('2026-04-28 19:10:00'), 'symbol': 'USDJPY.sml', 'side': 'NO_TRADE', 'price': 159.516, 'reason': 'no Donchian breakout'}
⏸ USDJPY.sml No trade
[2026-04-28 23:20:00.140288] 🎯 Trading symbol switched: USDJPY.sml -> GBPJPY.sml | AI watchlist candidate
[2026-04-28 23:20:00.140324] 🔎 Analyzing GBPJPY.sml

==============================
Time: 2026-04-28 23:20:00.482399
SIGNAL: {'time': Timestamp('2026-04-28 19:15:00'), 'symbol': 'GBPJPY.sml', 'side': 'NO_TRADE', 'price': 215.55, 'reason': 'no Donchian breakout'}
⏸ GBPJPY.sml No trade
[2026-04-28 23:20:00.482604] 🎯 Trading symbol switched: GBPJPY.sml -> USDCHF | AI watchlist candidate
[2026-04-28 23:20:00.482637] 🔎 Analyzing USDCHF

==============================
Time: 2026-04-28 23:20:00.908699
SIGNAL: {'time': Timestamp('2026-04-28 19:10:00'), 'symbol': 'USDCHF', 'side': 'NO_TRADE', 'price': 0.78881, 'reason': 'no Donchian breakout'}
⏸ USDCHF No trade
[2026-04-28 23:20:00.908937] 🎯 Trading symbol switched: USDCHF -> EURJPY | AI watchlist candidate
[2026-04-28 23:20:00.908986] 🔎 Analyzing EURJPY

==============================
Time: 2026-04-28 23:20:01.245649
SIGNAL: {'time': Timestamp('2026-04-28 19:15:00'), 'symbol': 'EURJPY', 'side': 'NO_TRADE', 'price': 186.803, 'reason': 'no Donchian breakout'}
⏸ EURJPY No trade
[2026-04-28 23:20:01.245746] ⏳ No order from AI watchlist this round
[2026-04-28 23:25:01.248498] 👀 AI watchlist scan: EURUSD.sml, XAUUSD.sml, GBPUSD.sml, USDJPY.sml, GBPJPY.sml, USDCHF, EURJPY
[2026-04-28 23:25:01.248812] 🎯 Trading symbol switched: EURJPY -> EURUSD.sml | AI watchlist candidate
[2026-04-28 23:25:01.248872] 🔎 Analyzing EURUSD.sml

==============================
Time: 2026-04-28 23:25:01.573493
SIGNAL: {'time': Timestamp('2026-04-28 19:20:00'), 'symbol': 'EURUSD.sml', 'side': 'NO_TRADE', 'price': 1.17071, 'reason': 'no Donchian breakout'}
⏸ EURUSD.sml No trade
[2026-04-28 23:25:01.573721] 🎯 Trading symbol switched: EURUSD.sml -> XAUUSD.sml | AI watchlist candidate
[2026-04-28 23:25:01.573762] 🔎 Analyzing XAUUSD.sml
[2026-04-28 23:25:01.573876] ⏸ XAUUSD.sml Spread too wide: 430.0 points > 80
[2026-04-28 23:25:01.573986] 🎯 Trading symbol switched: XAUUSD.sml -> GBPUSD.sml | AI watchlist candidate
[2026-04-28 23:25:01.574016] 🔎 Analyzing GBPUSD.sml

==============================
Time: 2026-04-28 23:25:01.998995
SIGNAL: {'time': Timestamp('2026-04-28 19:20:00'), 'symbol': 'GBPUSD.sml', 'side': 'NO_TRADE', 'price': 1.35101, 'reason': 'no Donchian breakout'}
⏸ GBPUSD.sml No trade
[2026-04-28 23:25:01.999214] 🎯 Trading symbol switched: GBPUSD.sml -> USDJPY.sml | AI watchlist candidate
[2026-04-28 23:25:01.999247] 🔎 Analyzing USDJPY.sml

==============================
Time: 2026-04-28 23:25:02.361118
SIGNAL: {'time': Timestamp('2026-04-28 19:20:00'), 'symbol': 'USDJPY.sml', 'side': 'NO_TRADE', 'price': 159.59, 'reason': 'no Donchian breakout'}
⏸ USDJPY.sml No trade
[2026-04-28 23:25:02.361340] 🎯 Trading symbol switched: USDJPY.sml -> GBPJPY.sml | AI watchlist candidate
[2026-04-28 23:25:02.361374] 🔎 Analyzing GBPJPY.sml

==============================
Time: 2026-04-28 23:25:02.670983
SIGNAL: {'time': Timestamp('2026-04-28 19:20:00'), 'symbol': 'GBPJPY.sml', 'side': 'NO_TRADE', 'price': 215.604, 'reason': 'no Donchian breakout'}
⏸ GBPJPY.sml No trade
[2026-04-28 23:25:02.671184] 🎯 Trading symbol switched: GBPJPY.sml -> USDCHF | AI watchlist candidate
[2026-04-28 23:25:02.671217] 🔎 Analyzing USDCHF

==============================
Time: 2026-04-28 23:25:02.990778
SIGNAL: {'time': Timestamp('2026-04-28 19:20:00'), 'symbol': 'USDCHF', 'side': 'NO_TRADE', 'price': 0.78932, 'reason': 'no Donchian breakout'}
⏸ USDCHF No trade
[2026-04-28 23:25:02.990990] 🎯 Trading symbol switched: USDCHF -> EURJPY | AI watchlist candidate
[2026-04-28 23:25:02.991037] 🔎 Analyzing EURJPY

==============================
Time: 2026-04-28 23:25:03.305833
SIGNAL: {'time': Timestamp('2026-04-28 19:20:00'), 'symbol': 'EURJPY', 'side': 'NO_TRADE', 'price': 186.803, 'reason': 'no Donchian breakout'}
⏸ EURJPY No trade
[2026-04-28 23:25:03.305913] ⏳ No order from AI watchlist this round
[2026-04-28 23:30:03.310980] 👀 AI watchlist scan: EURUSD.sml, XAUUSD.sml, GBPUSD.sml, USDJPY.sml, GBPJPY.sml, USDCHF, EURJPY
[2026-04-28 23:30:03.311754] 🎯 Trading symbol switched: EURJPY -> EURUSD.sml | AI watchlist candidate
[2026-04-28 23:30:03.311856] 🔎 Analyzing EURUSD.sml

==============================
Time: 2026-04-28 23:30:03.614702
SIGNAL: {'time': Timestamp('2026-04-28 19:25:00'), 'symbol': 'EURUSD.sml', 'side': 'NO_TRADE', 'price': 1.1706699999999999, 'reason': 'no Donchian breakout'}
⏸ EURUSD.sml No trade
[2026-04-28 23:30:03.614919] 🎯 Trading symbol switched: EURUSD.sml -> XAUUSD.sml | AI watchlist candidate
[2026-04-28 23:30:03.614952] 🔎 Analyzing XAUUSD.sml
[2026-04-28 23:30:03.615066] ⏸ XAUUSD.sml Spread too wide: 210.0 points > 80
[2026-04-28 23:30:03.615151] 🎯 Trading symbol switched: XAUUSD.sml -> GBPUSD.sml | AI watchlist candidate
[2026-04-28 23:30:03.615180] 🔎 Analyzing GBPUSD.sml

==============================
Time: 2026-04-28 23:30:03.920412
SIGNAL: {'time': Timestamp('2026-04-28 19:25:00'), 'symbol': 'GBPUSD.sml', 'side': 'NO_TRADE', 'price': 1.3510499999999999, 'reason': 'no Donchian breakout'}
⏸ GBPUSD.sml No trade
[2026-04-28 23:30:03.920614] 🎯 Trading symbol switched: GBPUSD.sml -> USDJPY.sml | AI watchlist candidate
[2026-04-28 23:30:03.920648] 🔎 Analyzing USDJPY.sml

==============================
Time: 2026-04-28 23:30:04.231596
SIGNAL: {'time': Timestamp('2026-04-28 19:25:00'), 'symbol': 'USDJPY.sml', 'side': 'NO_TRADE', 'price': 159.581, 'reason': 'no Donchian breakout'}
⏸ USDJPY.sml No trade
[2026-04-28 23:30:04.232201] 🎯 Trading symbol switched: USDJPY.sml -> GBPJPY.sml | AI watchlist candidate
[2026-04-28 23:30:04.232248] 🔎 Analyzing GBPJPY.sml

==============================
Time: 2026-04-28 23:30:04.555197
SIGNAL: {'time': Timestamp('2026-04-28 19:25:00'), 'symbol': 'GBPJPY.sml', 'side': 'NO_TRADE', 'price': 215.602, 'reason': 'no Donchian breakout'}
⏸ GBPJPY.sml No trade
[2026-04-28 23:30:04.555401] 🎯 Trading symbol switched: GBPJPY.sml -> USDCHF | AI watchlist candidate
[2026-04-28 23:30:04.555434] 🔎 Analyzing USDCHF

==============================
Time: 2026-04-28 23:30:04.883143
SIGNAL: {'time': Timestamp('2026-04-28 19:25:00'), 'symbol': 'USDCHF', 'side': 'NO_TRADE', 'price': 0.78937, 'reason': 'no Donchian breakout'}
⏸ USDCHF No trade
[2026-04-28 23:30:04.883364] 🎯 Trading symbol switched: USDCHF -> EURJPY | AI watchlist candidate
[2026-04-28 23:30:04.883398] 🔎 Analyzing EURJPY

==============================
Time: 2026-04-28 23:30:05.200195
SIGNAL: {'time': Timestamp('2026-04-28 19:25:00'), 'symbol': 'EURJPY', 'side': 'NO_TRADE', 'price': 186.786, 'reason': 'no Donchian breakout'}
⏸ EURJPY No trade
[2026-04-28 23:30:05.200292] ⏳ No order from AI watchlist this round
[2026-04-28 23:35:05.203348] 👀 AI watchlist scan: EURUSD.sml, XAUUSD.sml, GBPUSD.sml, USDJPY.sml, GBPJPY.sml, USDCHF, EURJPY
[2026-04-28 23:35:05.203794] 🎯 Trading symbol switched: EURJPY -> EURUSD.sml | AI watchlist candidate
[2026-04-28 23:35:05.203842] 🔎 Analyzing EURUSD.sml

==============================
Time: 2026-04-28 23:35:05.503920
SIGNAL: {'time': Timestamp('2026-04-28 19:30:00'), 'symbol': 'EURUSD.sml', 'side': 'NO_TRADE', 'price': 1.17059, 'reason': 'no Donchian breakout'}
⏸ EURUSD.sml No trade
[2026-04-28 23:35:05.504123] 🎯 Trading symbol switched: EURUSD.sml -> XAUUSD.sml | AI watchlist candidate
[2026-04-28 23:35:05.504157] 🔎 Analyzing XAUUSD.sml
[2026-04-28 23:35:05.504276] ⏸ XAUUSD.sml Spread too wide: 360.0 points > 80
[2026-04-28 23:35:05.504363] 🎯 Trading symbol switched: XAUUSD.sml -> GBPUSD.sml | AI watchlist candidate
[2026-04-28 23:35:05.504395] 🔎 Analyzing GBPUSD.sml

==============================
Time: 2026-04-28 23:35:05.808460
SIGNAL: {'time': Timestamp('2026-04-28 19:30:00'), 'symbol': 'GBPUSD.sml', 'side': 'NO_TRADE', 'price': 1.35098, 'reason': 'no Donchian breakout'}
⏸ GBPUSD.sml No trade
[2026-04-28 23:35:05.808678] 🎯 Trading symbol switched: GBPUSD.sml -> USDJPY.sml | AI watchlist candidate
[2026-04-28 23:35:05.808713] 🔎 Analyzing USDJPY.sml

==============================
Time: 2026-04-28 23:35:06.123143
SIGNAL: {'time': Timestamp('2026-04-28 19:30:00'), 'symbol': 'USDJPY.sml', 'side': 'NO_TRADE', 'price': 159.618, 'reason': 'no Donchian breakout'}
⏸ USDJPY.sml No trade
[2026-04-28 23:35:06.123392] 🎯 Trading symbol switched: USDJPY.sml -> GBPJPY.sml | AI watchlist candidate
[2026-04-28 23:35:06.123438] 🔎 Analyzing GBPJPY.sml

==============================
Time: 2026-04-28 23:35:06.455800
SIGNAL: {'time': Timestamp('2026-04-28 19:30:00'), 'symbol': 'GBPJPY.sml', 'side': 'NO_TRADE', 'price': 215.634, 'reason': 'no Donchian breakout'}
⏸ GBPJPY.sml No trade
[2026-04-28 23:35:06.456045] 🎯 Trading symbol switched: GBPJPY.sml -> USDCHF | AI watchlist candidate
[2026-04-28 23:35:06.456077] 🔎 Analyzing USDCHF

==============================
Time: 2026-04-28 23:35:06.775884
SIGNAL: {'time': Timestamp('2026-04-28 19:30:00'), 'symbol': 'USDCHF', 'side': 'NO_TRADE', 'price': 0.78964, 'reason': 'no Donchian breakout'}
⏸ USDCHF No trade
[2026-04-28 23:35:06.776159] 🎯 Trading symbol switched: USDCHF -> EURJPY | AI watchlist candidate
[2026-04-28 23:35:06.776214] 🔎 Analyzing EURJPY

==============================
Time: 2026-04-28 23:35:07.096575
SIGNAL: {'time': Timestamp('2026-04-28 19:30:00'), 'symbol': 'EURJPY', 'side': 'NO_TRADE', 'price': 186.818, 'reason': 'no Donchian breakout'}
⏸ EURJPY No trade
[2026-04-28 23:35:07.096662] ⏳ No order from AI watchlist this round
[2026-04-28 23:40:07.100688] 👀 AI watchlist scan: EURUSD.sml, XAUUSD.sml, GBPUSD.sml, USDJPY.sml, GBPJPY.sml, USDCHF, EURJPY
[2026-04-28 23:40:07.101408] 🎯 Trading symbol switched: EURJPY -> EURUSD.sml | AI watchlist candidate
[2026-04-28 23:40:07.101526] 🔎 Analyzing EURUSD.sml

==============================
Time: 2026-04-28 23:40:07.400431
SIGNAL: {'time': Timestamp('2026-04-28 19:35:00'), 'symbol': 'EURUSD.sml', 'side': 'NO_TRADE', 'price': 1.17084, 'reason': 'no Donchian breakout'}
⏸ EURUSD.sml No trade
[2026-04-28 23:40:07.400643] 🎯 Trading symbol switched: EURUSD.sml -> XAUUSD.sml | AI watchlist candidate
[2026-04-28 23:40:07.400684] 🔎 Analyzing XAUUSD.sml
[2026-04-28 23:40:07.400794] ⏸ XAUUSD.sml Spread too wide: 100.0 points > 80
[2026-04-28 23:40:07.400877] 🎯 Trading symbol switched: XAUUSD.sml -> GBPUSD.sml | AI watchlist candidate
[2026-04-28 23:40:07.400907] 🔎 Analyzing GBPUSD.sml

==============================
Time: 2026-04-28 23:40:07.701296
SIGNAL: {'time': Timestamp('2026-04-28 19:35:00'), 'symbol': 'GBPUSD.sml', 'side': 'NO_TRADE', 'price': 1.3511600000000001, 'reason': 'no Donchian breakout'}
⏸ GBPUSD.sml No trade
[2026-04-28 23:40:07.701552] 🎯 Trading symbol switched: GBPUSD.sml -> USDJPY.sml | AI watchlist candidate
[2026-04-28 23:40:07.701619] 🔎 Analyzing USDJPY.sml

==============================
Time: 2026-04-28 23:40:08.027257
SIGNAL: {'time': Timestamp('2026-04-28 19:35:00'), 'symbol': 'USDJPY.sml', 'side': 'NO_TRADE', 'price': 159.581, 'reason': 'no Donchian breakout'}
⏸ USDJPY.sml No trade
[2026-04-28 23:40:08.027472] 🎯 Trading symbol switched: USDJPY.sml -> GBPJPY.sml | AI watchlist candidate
[2026-04-28 23:40:08.027507] 🔎 Analyzing GBPJPY.sml

==============================
Time: 2026-04-28 23:40:08.362389
SIGNAL: {'time': Timestamp('2026-04-28 19:35:00'), 'symbol': 'GBPJPY.sml', 'side': 'NO_TRADE', 'price': 215.618, 'reason': 'no Donchian breakout'}
⏸ GBPJPY.sml No trade
[2026-04-28 23:40:08.362598] 🎯 Trading symbol switched: GBPJPY.sml -> USDCHF | AI watchlist candidate
[2026-04-28 23:40:08.362631] 🔎 Analyzing USDCHF

==============================
Time: 2026-04-28 23:40:08.748372
SIGNAL: {'time': Timestamp('2026-04-28 19:35:00'), 'symbol': 'USDCHF', 'side': 'NO_TRADE', 'price': 0.78963, 'reason': 'no Donchian breakout'}
⏸ USDCHF No trade
[2026-04-28 23:40:08.748593] 🎯 Trading symbol switched: USDCHF -> EURJPY | AI watchlist candidate
[2026-04-28 23:40:08.748643] 🔎 Analyzing EURJPY

==============================
Time: 2026-04-28 23:40:09.064383
SIGNAL: {'time': Timestamp('2026-04-28 19:35:00'), 'symbol': 'EURJPY', 'side': 'NO_TRADE', 'price': 186.814, 'reason': 'no Donchian breakout'}
⏸ EURJPY No trade
[2026-04-28 23:40:09.064465] ⏳ No order from AI watchlist this round
[2026-04-28 23:45:09.069661] 👀 AI watchlist scan: EURUSD.sml, XAUUSD.sml, GBPUSD.sml, USDJPY.sml, GBPJPY.sml, USDCHF, EURJPY
[2026-04-28 23:45:09.070659] 🎯 Trading symbol switched: EURJPY -> EURUSD.sml | AI watchlist candidate
[2026-04-28 23:45:09.070797] 🔎 Analyzing EURUSD.sml

==============================
Time: 2026-04-28 23:45:09.362343
SIGNAL: {'time': Timestamp('2026-04-28 19:40:00'), 'symbol': 'EURUSD.sml', 'side': 'NO_TRADE', 'price': 1.1709100000000001, 'reason': 'no Donchian breakout'}
⏸ EURUSD.sml No trade
[2026-04-28 23:45:09.362572] 🎯 Trading symbol switched: EURUSD.sml -> XAUUSD.sml | AI watchlist candidate
[2026-04-28 23:45:09.362606] 🔎 Analyzing XAUUSD.sml
[2026-04-28 23:45:09.362731] ⏸ XAUUSD.sml Spread too wide: 320.0 points > 80
[2026-04-28 23:45:09.362818] 🎯 Trading symbol switched: XAUUSD.sml -> GBPUSD.sml | AI watchlist candidate
[2026-04-28 23:45:09.362847] 🔎 Analyzing GBPUSD.sml

==============================
Time: 2026-04-28 23:45:09.687106
SIGNAL: {'time': Timestamp('2026-04-28 19:40:00'), 'symbol': 'GBPUSD.sml', 'side': 'NO_TRADE', 'price': 1.35122, 'reason': 'no Donchian breakout'}
⏸ GBPUSD.sml No trade
[2026-04-28 23:45:09.687327] 🎯 Trading symbol switched: GBPUSD.sml -> USDJPY.sml | AI watchlist candidate
[2026-04-28 23:45:09.687382] 🔎 Analyzing USDJPY.sml

==============================
Time: 2026-04-28 23:45:09.996868
SIGNAL: {'time': Timestamp('2026-04-28 19:40:00'), 'symbol': 'USDJPY.sml', 'side': 'NO_TRADE', 'price': 159.565, 'reason': 'no Donchian breakout'}
⏸ USDJPY.sml No trade
[2026-04-28 23:45:09.997078] 🎯 Trading symbol switched: USDJPY.sml -> GBPJPY.sml | AI watchlist candidate
[2026-04-28 23:45:09.997114] 🔎 Analyzing GBPJPY.sml

==============================
Time: 2026-04-28 23:45:10.387080
SIGNAL: {'time': Timestamp('2026-04-28 19:40:00'), 'symbol': 'GBPJPY.sml', 'side': 'NO_TRADE', 'price': 215.607, 'reason': 'no Donchian breakout'}
⏸ GBPJPY.sml No trade
[2026-04-28 23:45:10.387291] 🎯 Trading symbol switched: GBPJPY.sml -> USDCHF | AI watchlist candidate
[2026-04-28 23:45:10.387324] 🔎 Analyzing USDCHF

==============================
Time: 2026-04-28 23:45:10.696099
SIGNAL: {'time': Timestamp('2026-04-28 19:40:00'), 'symbol': 'USDCHF', 'side': 'NO_TRADE', 'price': 0.78932, 'reason': 'no Donchian breakout'}
⏸ USDCHF No trade
[2026-04-28 23:45:10.696327] 🎯 Trading symbol switched: USDCHF -> EURJPY | AI watchlist candidate
[2026-04-28 23:45:10.696365] 🔎 Analyzing EURJPY

==============================
Time: 2026-04-28 23:45:11.016630
SIGNAL: {'time': Timestamp('2026-04-28 19:40:00'), 'symbol': 'EURJPY', 'side': 'NO_TRADE', 'price': 186.805, 'reason': 'no Donchian breakout'}
⏸ EURJPY No trade
[2026-04-28 23:45:11.016738] ⏳ No order from AI watchlist this round
[2026-04-28 23:50:11.019751] 👀 AI watchlist scan: EURUSD.sml, XAUUSD.sml, GBPUSD.sml, USDJPY.sml, GBPJPY.sml, USDCHF, EURJPY
[2026-04-28 23:50:11.020070] 🎯 Trading symbol switched: EURJPY -> EURUSD.sml | AI watchlist candidate
[2026-04-28 23:50:11.020120] 🔎 Analyzing EURUSD.sml

==============================
Time: 2026-04-28 23:50:11.311969
SIGNAL: {'time': Timestamp('2026-04-28 19:45:00'), 'symbol': 'EURUSD.sml', 'side': 'NO_TRADE', 'price': 1.17085, 'reason': 'no Donchian breakout'}
⏸ EURUSD.sml No trade
[2026-04-28 23:50:11.312225] 🎯 Trading symbol switched: EURUSD.sml -> XAUUSD.sml | AI watchlist candidate
[2026-04-28 23:50:11.312273] 🔎 Analyzing XAUUSD.sml
[2026-04-28 23:50:11.312490] ⏸ XAUUSD.sml Spread too wide: 570.0 points > 80
[2026-04-28 23:50:11.312620] 🎯 Trading symbol switched: XAUUSD.sml -> GBPUSD.sml | AI watchlist candidate
[2026-04-28 23:50:11.312649] 🔎 Analyzing GBPUSD.sml

==============================
Time: 2026-04-28 23:50:11.689094
SIGNAL: {'time': Timestamp('2026-04-28 19:45:00'), 'symbol': 'GBPUSD.sml', 'side': 'NO_TRADE', 'price': 1.3512, 'reason': 'no Donchian breakout'}
⏸ GBPUSD.sml No trade
[2026-04-28 23:50:11.689297] 🎯 Trading symbol switched: GBPUSD.sml -> USDJPY.sml | AI watchlist candidate
[2026-04-28 23:50:11.689329] 🔎 Analyzing USDJPY.sml

==============================
Time: 2026-04-28 23:50:12.015922
SIGNAL: {'time': Timestamp('2026-04-28 19:45:00'), 'symbol': 'USDJPY.sml', 'side': 'NO_TRADE', 'price': 159.565, 'reason': 'no Donchian breakout'}
⏸ USDJPY.sml No trade
[2026-04-28 23:50:12.016125] 🎯 Trading symbol switched: USDJPY.sml -> GBPJPY.sml | AI watchlist candidate
[2026-04-28 23:50:12.016160] 🔎 Analyzing GBPJPY.sml

==============================
Time: 2026-04-28 23:50:12.364355
SIGNAL: {'time': Timestamp('2026-04-28 19:45:00'), 'symbol': 'GBPJPY.sml', 'side': 'NO_TRADE', 'price': 215.601, 'reason': 'no Donchian breakout'}
⏸ GBPJPY.sml No trade
[2026-04-28 23:50:12.364576] 🎯 Trading symbol switched: GBPJPY.sml -> USDCHF | AI watchlist candidate
[2026-04-28 23:50:12.364639] 🔎 Analyzing USDCHF

==============================
Time: 2026-04-28 23:50:12.695981
SIGNAL: {'time': Timestamp('2026-04-28 19:45:00'), 'symbol': 'USDCHF', 'side': 'NO_TRADE', 'price': 0.78941, 'reason': 'no Donchian breakout'}
⏸ USDCHF No trade
[2026-04-28 23:50:12.696191] 🎯 Trading symbol switched: USDCHF -> EURJPY | AI watchlist candidate
[2026-04-28 23:50:12.696224] 🔎 Analyzing EURJPY

==============================
Time: 2026-04-28 23:50:13.032171
SIGNAL: {'time': Timestamp('2026-04-28 19:45:00'), 'symbol': 'EURJPY', 'side': 'NO_TRADE', 'price': 186.793, 'reason': 'no Donchian breakout'}
⏸ EURJPY No trade
[2026-04-28 23:50:13.032287] ⏳ No order from AI watchlist this round
[2026-04-28 23:55:13.035388] 👀 AI watchlist scan: EURUSD.sml, XAUUSD.sml, GBPUSD.sml, USDJPY.sml, GBPJPY.sml, USDCHF, EURJPY
[2026-04-28 23:55:13.035786] 🎯 Trading symbol switched: EURJPY -> EURUSD.sml | AI watchlist candidate
[2026-04-28 23:55:13.035861] 🔎 Analyzing EURUSD.sml

==============================
Time: 2026-04-28 23:55:13.387935
SIGNAL: {'time': Timestamp('2026-04-28 19:50:00'), 'symbol': 'EURUSD.sml', 'side': 'NO_TRADE', 'price': 1.17116, 'reason': 'no Donchian breakout'}
⏸ EURUSD.sml No trade
[2026-04-28 23:55:13.388140] 🎯 Trading symbol switched: EURUSD.sml -> XAUUSD.sml | AI watchlist candidate
[2026-04-28 23:55:13.388180] 🔎 Analyzing XAUUSD.sml
[2026-04-28 23:55:13.388293] ⏸ XAUUSD.sml Spread too wide: 320.0 points > 80
[2026-04-28 23:55:13.388378] 🎯 Trading symbol switched: XAUUSD.sml -> GBPUSD.sml | AI watchlist candidate
[2026-04-28 23:55:13.388419] 🔎 Analyzing GBPUSD.sml

==============================
Time: 2026-04-28 23:55:13.770880
SIGNAL: {'time': Timestamp('2026-04-28 19:50:00'), 'symbol': 'GBPUSD.sml', 'side': 'NO_TRADE', 'price': 1.35159, 'reason': 'ATR too low atr_pct=0.00024'}
⏸ GBPUSD.sml No trade
[2026-04-28 23:55:13.771097] 🎯 Trading symbol switched: GBPUSD.sml -> USDJPY.sml | AI watchlist candidate
[2026-04-28 23:55:13.771133] 🔎 Analyzing USDJPY.sml

==============================
Time: 2026-04-28 23:55:14.113400
SIGNAL: {'time': Timestamp('2026-04-28 19:50:00'), 'symbol': 'USDJPY.sml', 'side': 'NO_TRADE', 'price': 159.538, 'reason': 'no Donchian breakout'}
⏸ USDJPY.sml No trade
[2026-04-28 23:55:14.113604] 🎯 Trading symbol switched: USDJPY.sml -> GBPJPY.sml | AI watchlist candidate
[2026-04-28 23:55:14.113637] 🔎 Analyzing GBPJPY.sml

==============================
Time: 2026-04-28 23:55:14.476085
SIGNAL: {'time': Timestamp('2026-04-28 19:50:00'), 'symbol': 'GBPJPY.sml', 'side': 'NO_TRADE', 'price': 215.626, 'reason': 'no Donchian breakout'}
⏸ GBPJPY.sml No trade
[2026-04-28 23:55:14.476330] 🎯 Trading symbol switched: GBPJPY.sml -> USDCHF | AI watchlist candidate
[2026-04-28 23:55:14.476362] 🔎 Analyzing USDCHF

==============================
Time: 2026-04-28 23:55:14.888928
SIGNAL: {'time': Timestamp('2026-04-28 19:50:00'), 'symbol': 'USDCHF', 'side': 'NO_TRADE', 'price': 0.78934, 'reason': 'no Donchian breakout'}
⏸ USDCHF No trade
[2026-04-28 23:55:14.889134] 🎯 Trading symbol switched: USDCHF -> EURJPY | AI watchlist candidate
[2026-04-28 23:55:14.889183] 🔎 Analyzing EURJPY

==============================
Time: 2026-04-28 23:55:15.200249
SIGNAL: {'time': Timestamp('2026-04-28 19:50:00'), 'symbol': 'EURJPY', 'side': 'NO_TRADE', 'price': 186.813, 'reason': 'no Donchian breakout'}
⏸ EURJPY No trade
[2026-04-28 23:55:15.200331] ⏳ No order from AI watchlist this round
[2026-04-29 00:00:15.202060] ⏳ Outside trading session
[2026-04-29 00:05:15.203987] ⏳ Outside trading session
[2026-04-29 00:10:15.205826] ⏳ Outside trading session
[2026-04-29 00:15:15.207546] ⏳ Outside trading session
[2026-04-29 00:20:15.209707] ⏳ Outside trading session
[2026-04-29 00:25:15.211257] ⏳ Outside trading session
[2026-04-29 00:30:15.212770] ⏳ Outside trading session
[2026-04-29 00:35:15.214263] ⏳ Outside trading session
[2026-04-29 00:40:15.215935] ⏳ Outside trading session
[2026-04-29 00:45:15.217417] ⏳ Outside trading session
[2026-04-29 00:50:15.219703] ⏳ Outside trading session
[2026-04-29 00:55:15.221861] ⏳ Outside trading session
[2026-04-29 01:00:15.223364] ⏳ Outside trading session
[2026-04-29 01:05:15.225495] ⏳ Outside trading session
[2026-04-29 01:10:15.227376] ⏳ Outside trading session
[2026-04-29 01:15:15.229156] ⏳ Outside trading session
[2026-04-29 01:20:15.231009] ⏳ Outside trading session
[2026-04-29 01:25:15.232949] ⏳ Outside trading session
[2026-04-29 01:30:15.234632] ⏳ Outside trading session
[2026-04-29 01:35:15.236203] ⏳ Outside trading session
[2026-04-29 01:40:15.237904] ⏳ Outside trading session
[2026-04-29 01:45:15.239546] ⏳ Outside trading session
[2026-04-29 01:50:15.241738] ⏳ Outside trading session
[2026-04-29 01:55:15.243649] ⏳ Outside trading session
[2026-04-29 02:00:15.246107] ⏳ Outside trading session
[2026-04-29 02:05:15.247901] ⏳ Outside trading session
[2026-04-29 02:10:15.250008] ⏳ Outside trading session
[2026-04-29 02:15:15.251663] ⏳ Outside trading session
[2026-04-29 02:20:15.253583] ⏳ Outside trading session
[2026-04-29 02:25:15.255327] ⏳ Outside trading session
[2026-04-29 02:30:15.256962] ⏳ Outside trading session
[2026-04-29 02:35:15.258953] ⏳ Outside trading session
[2026-04-29 02:40:15.265499] ⏳ Outside trading session
[2026-04-29 02:45:15.277878] ⏳ Outside trading session
[2026-04-29 02:50:15.290975] ⏳ Outside trading session
[2026-04-29 02:55:15.303001] ⏳ Outside trading session
[2026-04-29 03:00:15.312554] ⏳ Outside trading session
[2026-04-29 03:05:15.321920] ⏳ Outside trading session
[2026-04-29 03:10:15.331583] ⏳ Outside trading session
[2026-04-29 03:15:15.339739] ⏳ Outside trading session
[2026-04-29 03:20:15.347781] ⏳ Outside trading session
[2026-04-29 03:25:15.355147] ⏳ Outside trading session
[2026-04-29 03:30:15.362277] ⏳ Outside trading session
[2026-04-29 03:35:15.368510] ⏳ Outside trading session
[2026-04-29 03:40:15.374438] ⏳ Outside trading session
[2026-04-29 03:45:15.380314] ⏳ Outside trading session
[2026-04-29 03:50:15.386016] ⏳ Outside trading session
[2026-04-29 03:55:15.391290] ⏳ Outside trading session
[2026-04-29 04:00:15.396102] ⏳ Outside trading session
[2026-04-29 04:05:15.401190] ⏳ Outside trading session
[2026-04-29 04:10:15.405424] ⏳ Outside trading session
[2026-04-29 04:15:15.409667] ⏳ Outside trading session
[2026-04-29 04:20:15.414315] ⏳ Outside trading session
[2026-04-29 04:25:15.418238] ⏳ Outside trading session
[2026-04-29 04:30:15.422436] ⏳ Outside trading session
[2026-04-29 04:35:15.426537] ⏳ Outside trading session
[2026-04-29 04:40:15.430371] ⏳ Outside trading session
[2026-04-29 04:45:15.433712] ⏳ Outside trading session
[2026-04-29 04:50:15.437040] ⏳ Outside trading session
[2026-04-29 04:55:15.440888] ⏳ Outside trading session
[2026-04-29 05:00:15.444023] ⏳ Outside trading session
[2026-04-29 05:05:15.447435] ⏳ Outside trading session
[2026-04-29 05:10:15.450405] ⏳ Outside trading session
[2026-04-29 05:15:15.453123] ⏳ Outside trading session
[2026-04-29 05:20:15.456535] ⏳ Outside trading session
[2026-04-29 05:25:15.459708] ⏳ Outside trading session
[2026-04-29 05:30:15.462803] ⏳ Outside trading session
[2026-04-29 05:35:15.466427] ⏳ Outside trading session
[2026-04-29 05:40:15.469535] ⏳ Outside trading session
[2026-04-29 05:45:15.472208] ⏳ Outside trading session
[2026-04-29 05:50:15.475125] ⏳ Outside trading session
[2026-04-29 05:55:15.478015] ⏳ Outside trading session
[2026-04-29 06:00:15.480615] ⏳ Outside trading session
[2026-04-29 06:05:15.483013] ⏳ Outside trading session
[2026-04-29 06:10:15.485412] ⏳ Outside trading session
[2026-04-29 06:15:15.487909] ⏳ Outside trading session
[2026-04-29 06:20:15.490851] ⏳ Outside trading session
[2026-04-29 06:25:15.493133] ⏳ Outside trading session
[2026-04-29 06:30:15.495399] ⏳ Outside trading session
[2026-04-29 06:35:15.497631] ⏳ Outside trading session
[2026-04-29 06:40:15.500123] ⏳ Outside trading session
[2026-04-29 06:45:15.502869] ⏳ Outside trading session
[2026-04-29 06:50:15.505467] ⏳ Outside trading session
[2026-04-29 06:55:15.508813] ⏳ Outside trading session
[2026-04-29 07:00:15.511166] ⏳ Outside trading session
[2026-04-29 07:05:15.513278] ⏳ Outside trading session
[2026-04-29 07:10:15.515820] ⏳ Outside trading session
[2026-04-29 07:15:15.518505] ⏳ Outside trading session
[2026-04-29 07:20:15.520976] ⏳ Outside trading session
[2026-04-29 07:25:15.523046] ⏳ Outside trading session
[2026-04-29 07:30:15.525336] ⏳ Outside trading session
[2026-04-29 07:35:15.527427] ⏳ Outside trading session
[2026-04-29 07:40:15.529816] ⏳ Outside trading session
[2026-04-29 07:45:15.532327] ⏳ Outside trading session
[2026-04-29 07:50:15.534887] ⏳ Outside trading session
[2026-04-29 07:55:15.537010] ⏳ Outside trading session
[2026-04-29 08:00:15.539434] ⏳ Outside trading session
[2026-04-29 08:05:15.541493] ⏳ Outside trading session
[2026-04-29 08:10:15.544192] ⏳ Outside trading session
[2026-04-29 08:15:15.546573] ⏳ Outside trading session
[2026-04-29 08:20:15.549129] ⏳ Outside trading session
[2026-04-29 08:25:15.551772] ⏳ Outside trading session
[2026-04-29 08:30:15.554029] ⏳ Outside trading session
[2026-04-29 08:35:15.556088] ⏳ Outside trading session
[2026-04-29 08:40:15.558222] ⏳ Outside trading session
[2026-04-29 08:45:15.560646] ⏳ Outside trading session
[2026-04-29 08:50:15.562918] ⏳ Outside trading session
[2026-04-29 08:55:15.565356] ⏳ Outside trading session
[2026-04-29 09:00:15.567460] ⏳ Outside trading session
[2026-04-29 09:05:15.570165] ⏳ Outside trading session
[2026-04-29 09:10:15.572682] ⏳ Outside trading session
[2026-04-29 09:15:15.575066] ⏳ Outside trading session
[2026-04-29 09:20:15.577655] ⏳ Outside trading session
[2026-04-29 09:25:15.579752] ⏳ Outside trading session
[2026-04-29 09:30:15.582160] ⏳ Outside trading session
[2026-04-29 09:35:15.584282] ⏳ Outside trading session
[2026-04-29 09:40:15.586523] ⏳ Outside trading session
[2026-04-29 09:45:15.589140] ⏳ Outside trading session
[2026-04-29 09:50:15.591732] ⏳ Outside trading session
[2026-04-29 09:55:15.594214] ⏳ Outside trading session
[2026-04-29 10:00:15.596776] ⏳ Outside trading session
[2026-04-29 10:05:15.599568] ⏳ Outside trading session
[2026-04-29 10:10:15.602103] ⏳ Outside trading session
[2026-04-29 10:15:15.604271] ⏳ Outside trading session
[2026-04-29 10:20:15.606815] ⏳ Outside trading session
[2026-04-29 10:25:15.609591] ⏳ Outside trading session
[2026-04-29 10:30:15.611985] ⏳ Outside trading session
[2026-04-29 10:35:15.614388] ⏳ Outside trading session
[2026-04-29 10:40:15.617157] ⏳ Outside trading session
[2026-04-29 10:45:15.619462] ⏳ Outside trading session
[2026-04-29 10:50:15.621646] ⏳ Outside trading session
[2026-04-29 10:55:15.623839] ⏳ Outside trading session
[2026-04-29 11:00:15.626094] ⏳ Outside trading session
[2026-04-29 11:05:15.628237] ⏳ Outside trading session
[2026-04-29 11:10:15.630377] ⏳ Outside trading session
[2026-04-29 11:15:15.633014] ⏳ Outside trading session
[2026-04-29 11:20:15.635302] ⏳ Outside trading session
[2026-04-29 11:25:15.638014] ⏳ Outside trading session
[2026-04-29 11:30:15.640349] ⏳ Outside trading session
[2026-04-29 11:35:15.643079] ⏳ Outside trading session
[2026-04-29 11:40:15.645477] ⏳ Outside trading session
[2026-04-29 11:45:15.648989] ⏳ Outside trading session
[2026-04-29 11:50:15.656852] ⏳ Outside trading session
[2026-04-29 11:55:15.664264] ⏳ Outside trading session
[2026-04-29 12:00:15.672030] ⏳ Outside trading session
[2026-04-29 12:05:15.679518] ⏳ Outside trading session
[2026-04-29 12:10:15.687005] ⏳ Outside trading session
[2026-04-29 12:15:15.694726] ⏳ Outside trading session
[2026-04-29 12:20:15.701215] ⏳ Outside trading session
[2026-04-29 12:25:15.705798] ⏳ Outside trading session
[2026-04-29 12:30:15.710223] ⏳ Outside trading session
[2026-04-29 12:35:15.714654] ⏳ Outside trading session
[2026-04-29 12:40:15.719064] ⏳ Outside trading session
[2026-04-29 12:45:15.723690] ⏳ Outside trading session
[2026-04-29 12:50:15.728594] ⏳ Outside trading session
[2026-04-29 12:55:15.732750] ⏳ Outside trading session
[2026-04-29 13:00:15.735961] ⏳ Outside trading session
[2026-04-29 13:05:15.739247] ⏳ Outside trading session
[2026-04-29 13:10:15.742701] ⏳ Outside trading session
[2026-04-29 13:15:15.746020] ⏳ Outside trading session
[2026-04-29 13:20:15.749555] ⏳ Outside trading session
[2026-04-29 13:25:15.753197] ⏳ Outside trading session
[2026-04-29 13:30:15.756031] ⏳ Outside trading session
[2026-04-29 13:35:15.759254] ⏳ Outside trading session
[2026-04-29 13:40:15.762305] ⏳ Outside trading session
[2026-04-29 13:45:15.765683] ⏳ Outside trading session
[2026-04-29 13:50:15.768770] ⏳ Outside trading session
[2026-04-29 13:55:15.771789] ⏳ Outside trading session
[2026-04-29 14:00:15.788358] 🧠 DeepSeek daily forex scan starting...
[2026-04-29 14:00:15.797294] 🧠 MT5 candidate symbols for AI: EURUSD, GBPUSD, USDJPY, USDCHF, USDCAD, AUDUSD, NZDUSD, EURJPY, GBPJPY, XAUUSD, EURGBP, EURCHF, EURCAD, EURAUD, EURNZD, GBPCHF, GBPCAD, GBPAUD, GBPNZD, AUDJPY, CADJPY, CHFJPY, NZDJPY, AUDCAD, AUDCHF, AUDNZD, CADCHF, NZDCAD, NZDCHF
[2026-04-29 14:00:25.575807] 🧠 AI MT5 watchlist: EURUSD.sml(r1), GBPUSD.sml(r2), XAUUSD.sml(r2), USDJPY.sml(r3), EURJPY(r3)
[2026-04-29 14:00:25.577178] 🧠 DeepSeek recommendations: {"timestamp": "2026-04-29 14:00:00", "recommendations": [{"symbol": "EURUSD", "rating": 1, "reason": "London-NY overlap bullish breakout; 1H trendline support holds."}, {"symbol": "GBPUSD", "rating": 2, "reason": "Consolidating near 1.2650; UK data risk within 2 hours."}, {"symbol": "USDJPY", "rating": 3, "reason": "Range-bound in 151-152 zone; low volatility expected."}, {"symbol": "XAUUSD", "rating": 2, "reason": "Safe-haven demand amid geopolitical uncertainty; 4H uptrend."}, {"symbol": "EURJPY", "rating": 3, "reason": "Correlated moves; waiting for clearer signal from EURUSD."}]}
[2026-04-29 14:00:25.577795] 👀 AI watchlist scan: EURUSD.sml, GBPUSD.sml, XAUUSD.sml, USDJPY.sml, EURJPY
[2026-04-29 14:00:25.578089] 🎯 Trading symbol switched: EURJPY -> EURUSD.sml | AI watchlist candidate
[2026-04-29 14:00:25.578149] 🔎 Analyzing EURUSD.sml

==============================
Time: 2026-04-29 14:00:25.993657
SIGNAL: {'time': Timestamp('2026-04-28 20:20:00'), 'symbol': 'EURUSD.sml', 'side': 'NO_TRADE', 'price': 1.17098, 'reason': 'no Donchian breakout'}
⏸ EURUSD.sml No trade
[2026-04-29 14:00:25.994142] 🎯 Trading symbol switched: EURUSD.sml -> GBPUSD.sml | AI watchlist candidate
[2026-04-29 14:00:25.994223] 🔎 Analyzing GBPUSD.sml

==============================
Time: 2026-04-29 14:00:26.406022
SIGNAL: {'time': Timestamp('2026-04-28 20:20:00'), 'symbol': 'GBPUSD.sml', 'side': 'NO_TRADE', 'price': 1.3511600000000001, 'reason': 'no Donchian breakout'}
⏸ GBPUSD.sml No trade
[2026-04-29 14:00:26.406230] 🎯 Trading symbol switched: GBPUSD.sml -> XAUUSD.sml | AI watchlist candidate
[2026-04-29 14:00:26.406261] 🔎 Analyzing XAUUSD.sml
[2026-04-29 14:00:26.406377] ⏸ XAUUSD.sml Spread too wide: 320.0 points > 80
[2026-04-29 14:00:26.406467] 🎯 Trading symbol switched: XAUUSD.sml -> USDJPY.sml | AI watchlist candidate
[2026-04-29 14:00:26.406493] 🔎 Analyzing USDJPY.sml

==============================
Time: 2026-04-29 14:00:26.822156
SIGNAL: {'time': Timestamp('2026-04-29 09:55:00'), 'symbol': 'USDJPY.sml', 'side': 'NO_TRADE', 'price': 159.659, 'reason': 'no Donchian breakout'}
⏸ USDJPY.sml No trade
[2026-04-29 14:00:26.822441] 🎯 Trading symbol switched: USDJPY.sml -> EURJPY | AI watchlist candidate
[2026-04-29 14:00:26.822486] 🔎 Analyzing EURJPY

==============================
Time: 2026-04-29 14:00:27.158733
SIGNAL: {'time': Timestamp('2026-04-28 20:20:00'), 'symbol': 'EURJPY', 'side': 'NO_TRADE', 'price': 186.847, 'reason': 'no Donchian breakout'}
⏸ EURJPY No trade
[2026-04-29 14:00:27.158825] ⏳ No order from AI watchlist this round
[2026-04-29 14:05:27.170701] 👀 AI watchlist scan: EURUSD.sml, GBPUSD.sml, XAUUSD.sml, USDJPY.sml, EURJPY
[2026-04-29 14:05:27.171069] 🎯 Trading symbol switched: EURJPY -> EURUSD.sml | AI watchlist candidate
[2026-04-29 14:05:27.171132] 🔎 Analyzing EURUSD.sml

==============================
Time: 2026-04-29 14:05:27.520460
SIGNAL: {'time': Timestamp('2026-04-29 10:00:00'), 'symbol': 'EURUSD.sml', 'side': 'NO_TRADE', 'price': 1.17028, 'reason': 'no Donchian breakout'}
⏸ EURUSD.sml No trade
[2026-04-29 14:05:27.520680] 🎯 Trading symbol switched: EURUSD.sml -> GBPUSD.sml | AI watchlist candidate
[2026-04-29 14:05:27.520720] 🔎 Analyzing GBPUSD.sml

==============================
Time: 2026-04-29 14:05:27.930342
SIGNAL: {'time': Timestamp('2026-04-29 10:00:00'), 'symbol': 'GBPUSD.sml', 'side': 'NO_TRADE', 'price': 1.35054, 'reason': 'no Donchian breakout'}
⏸ GBPUSD.sml No trade
[2026-04-29 14:05:27.930563] 🎯 Trading symbol switched: GBPUSD.sml -> XAUUSD.sml | AI watchlist candidate
[2026-04-29 14:05:27.930595] 🔎 Analyzing XAUUSD.sml
[2026-04-29 14:05:27.930708] ⏸ XAUUSD.sml Spread too wide: 680.0 points > 80
[2026-04-29 14:05:27.930797] 🎯 Trading symbol switched: XAUUSD.sml -> USDJPY.sml | AI watchlist candidate
[2026-04-29 14:05:27.930825] 🔎 Analyzing USDJPY.sml

==============================
Time: 2026-04-29 14:05:28.245662
SIGNAL: {'time': Timestamp('2026-04-29 10:00:00'), 'symbol': 'USDJPY.sml', 'side': 'NO_TRADE', 'price': 159.638, 'reason': 'no Donchian breakout'}
⏸ USDJPY.sml No trade
[2026-04-29 14:05:28.245883] 🎯 Trading symbol switched: USDJPY.sml -> EURJPY | AI watchlist candidate
[2026-04-29 14:05:28.245915] 🔎 Analyzing EURJPY

==============================
Time: 2026-04-29 14:05:28.609414
SIGNAL: {'time': Timestamp('2026-04-29 10:00:00'), 'symbol': 'EURJPY', 'side': 'NO_TRADE', 'price': 186.761, 'reason': 'no Donchian breakout'}
⏸ EURJPY No trade
[2026-04-29 14:05:28.609509] ⏳ No order from AI watchlist this round
[2026-04-29 14:10:28.614115] 👀 AI watchlist scan: EURUSD.sml, GBPUSD.sml, XAUUSD.sml, USDJPY.sml, EURJPY
[2026-04-29 14:10:28.614446] 🎯 Trading symbol switched: EURJPY -> EURUSD.sml | AI watchlist candidate
[2026-04-29 14:10:28.614498] 🔎 Analyzing EURUSD.sml

==============================
Time: 2026-04-29 14:10:28.900532
SIGNAL: {'time': Timestamp('2026-04-29 10:05:00'), 'symbol': 'EURUSD.sml', 'side': 'NO_TRADE', 'price': 1.17057, 'reason': 'ATR too low atr_pct=0.00028'}
⏸ EURUSD.sml No trade
[2026-04-29 14:10:28.900729] 🎯 Trading symbol switched: EURUSD.sml -> GBPUSD.sml | AI watchlist candidate
[2026-04-29 14:10:28.900762] 🔎 Analyzing GBPUSD.sml

==============================
Time: 2026-04-29 14:10:29.229875
SIGNAL: {'time': Timestamp('2026-04-29 10:05:00'), 'symbol': 'GBPUSD.sml', 'side': 'NO_TRADE', 'price': 1.35076, 'reason': 'no Donchian breakout'}
⏸ GBPUSD.sml No trade
[2026-04-29 14:10:29.230095] 🎯 Trading symbol switched: GBPUSD.sml -> XAUUSD.sml | AI watchlist candidate
[2026-04-29 14:10:29.230135] 🔎 Analyzing XAUUSD.sml
[2026-04-29 14:10:29.230259] ⏸ XAUUSD.sml Spread too wide: 480.0 points > 80
[2026-04-29 14:10:29.230357] 🎯 Trading symbol switched: XAUUSD.sml -> USDJPY.sml | AI watchlist candidate
[2026-04-29 14:10:29.230387] 🔎 Analyzing USDJPY.sml

==============================
Time: 2026-04-29 14:10:29.589147
SIGNAL: {'time': Timestamp('2026-04-29 10:05:00'), 'symbol': 'USDJPY.sml', 'side': 'NO_TRADE', 'price': 159.63, 'reason': 'no Donchian breakout'}
⏸ USDJPY.sml No trade
[2026-04-29 14:10:29.589360] 🎯 Trading symbol switched: USDJPY.sml -> EURJPY | AI watchlist candidate
[2026-04-29 14:10:29.589396] 🔎 Analyzing EURJPY

==============================
Time: 2026-04-29 14:10:29.915202
SIGNAL: {'time': Timestamp('2026-04-29 10:05:00'), 'symbol': 'EURJPY', 'side': 'NO_TRADE', 'price': 186.798, 'reason': 'no Donchian breakout'}
⏸ EURJPY No trade
[2026-04-29 14:10:29.915283] ⏳ No order from AI watchlist this round
[2026-04-29 14:15:29.920819] 👀 AI watchlist scan: EURUSD.sml, GBPUSD.sml, XAUUSD.sml, USDJPY.sml, EURJPY
[2026-04-29 14:15:29.921212] 🎯 Trading symbol switched: EURJPY -> EURUSD.sml | AI watchlist candidate
[2026-04-29 14:15:29.921276] 🔎 Analyzing EURUSD.sml

==============================
Time: 2026-04-29 14:15:30.210085
SIGNAL: {'time': Timestamp('2026-04-29 10:10:00'), 'symbol': 'EURUSD.sml', 'side': 'NO_TRADE', 'price': 1.17063, 'reason': 'ATR too low atr_pct=0.00028'}
⏸ EURUSD.sml No trade
[2026-04-29 14:15:30.210401] 🎯 Trading symbol switched: EURUSD.sml -> GBPUSD.sml | AI watchlist candidate
[2026-04-29 14:15:30.210470] 🔎 Analyzing GBPUSD.sml

==============================
Time: 2026-04-29 14:15:30.632867
SIGNAL: {'time': Timestamp('2026-04-29 10:10:00'), 'symbol': 'GBPUSD.sml', 'side': 'NO_TRADE', 'price': 1.35059, 'reason': 'no Donchian breakout'}
⏸ GBPUSD.sml No trade
[2026-04-29 14:15:30.633149] 🎯 Trading symbol switched: GBPUSD.sml -> XAUUSD.sml | AI watchlist candidate
[2026-04-29 14:15:30.633202] 🔎 Analyzing XAUUSD.sml
[2026-04-29 14:15:30.633370] ⏸ XAUUSD.sml Spread too wide: 470.0 points > 80
[2026-04-29 14:15:30.633501] 🎯 Trading symbol switched: XAUUSD.sml -> USDJPY.sml | AI watchlist candidate
[2026-04-29 14:15:30.633555] 🔎 Analyzing USDJPY.sml

==============================
Time: 2026-04-29 14:15:30.956581
SIGNAL: {'time': Timestamp('2026-04-29 10:10:00'), 'symbol': 'USDJPY.sml', 'side': 'NO_TRADE', 'price': 159.64, 'reason': 'no Donchian breakout'}
⏸ USDJPY.sml No trade
[2026-04-29 14:15:30.956824] 🎯 Trading symbol switched: USDJPY.sml -> EURJPY | AI watchlist candidate
[2026-04-29 14:15:30.956872] 🔎 Analyzing EURJPY

==============================
Time: 2026-04-29 14:15:31.297144
SIGNAL: {'time': Timestamp('2026-04-29 10:10:00'), 'symbol': 'EURJPY', 'side': 'NO_TRADE', 'price': 186.821, 'reason': 'no Donchian breakout'}
⏸ EURJPY No trade
[2026-04-29 14:15:31.297231] ⏳ No order from AI watchlist this round
[2026-04-29 14:20:31.302712] 👀 AI watchlist scan: EURUSD.sml, GBPUSD.sml, XAUUSD.sml, USDJPY.sml, EURJPY
[2026-04-29 14:20:31.303491] 🎯 Trading symbol switched: EURJPY -> EURUSD.sml | AI watchlist candidate
[2026-04-29 14:20:31.303603] 🔎 Analyzing EURUSD.sml

==============================
Time: 2026-04-29 14:20:31.583401
SIGNAL: {'time': Timestamp('2026-04-29 10:15:00'), 'symbol': 'EURUSD.sml', 'side': 'NO_TRADE', 'price': 1.17049, 'reason': 'no Donchian breakout'}
⏸ EURUSD.sml No trade
[2026-04-29 14:20:31.583615] 🎯 Trading symbol switched: EURUSD.sml -> GBPUSD.sml | AI watchlist candidate
[2026-04-29 14:20:31.583648] 🔎 Analyzing GBPUSD.sml

==============================
Time: 2026-04-29 14:20:31.891674
SIGNAL: {'time': Timestamp('2026-04-29 10:15:00'), 'symbol': 'GBPUSD.sml', 'side': 'NO_TRADE', 'price': 1.35038, 'reason': 'no Donchian breakout'}
⏸ GBPUSD.sml No trade
[2026-04-29 14:20:31.891917] 🎯 Trading symbol switched: GBPUSD.sml -> XAUUSD.sml | AI watchlist candidate
[2026-04-29 14:20:31.891972] 🔎 Analyzing XAUUSD.sml
[2026-04-29 14:20:31.892187] ⏸ XAUUSD.sml Spread too wide: 630.0 points > 80
[2026-04-29 14:20:31.892309] 🎯 Trading symbol switched: XAUUSD.sml -> USDJPY.sml | AI watchlist candidate
[2026-04-29 14:20:31.892345] 🔎 Analyzing USDJPY.sml

==============================
Time: 2026-04-29 14:20:32.212882
SIGNAL: {'time': Timestamp('2026-04-29 10:15:00'), 'symbol': 'USDJPY.sml', 'side': 'NO_TRADE', 'price': 159.679, 'reason': 'no Donchian breakout'}
⏸ USDJPY.sml No trade
[2026-04-29 14:20:32.213137] 🎯 Trading symbol switched: USDJPY.sml -> EURJPY | AI watchlist candidate
[2026-04-29 14:20:32.213180] 🔎 Analyzing EURJPY

==============================
Time: 2026-04-29 14:20:32.543589
SIGNAL: {'time': Timestamp('2026-04-29 10:15:00'), 'symbol': 'EURJPY', 'side': 'NO_TRADE', 'price': 186.844, 'reason': 'no Donchian breakout'}
⏸ EURJPY No trade
[2026-04-29 14:20:32.543679] ⏳ No order from AI watchlist this round
[2026-04-29 14:25:32.547114] 👀 AI watchlist scan: EURUSD.sml, GBPUSD.sml, XAUUSD.sml, USDJPY.sml, EURJPY
[2026-04-29 14:25:32.547696] 🎯 Trading symbol switched: EURJPY -> EURUSD.sml | AI watchlist candidate
[2026-04-29 14:25:32.547807] 🔎 Analyzing EURUSD.sml

==============================
Time: 2026-04-29 14:25:32.846279
SIGNAL: {'time': Timestamp('2026-04-29 10:20:00'), 'symbol': 'EURUSD.sml', 'side': 'NO_TRADE', 'price': 1.1705, 'reason': 'no Donchian breakout'}
⏸ EURUSD.sml No trade
[2026-04-29 14:25:32.846490] 🎯 Trading symbol switched: EURUSD.sml -> GBPUSD.sml | AI watchlist candidate
[2026-04-29 14:25:32.846552] 🔎 Analyzing GBPUSD.sml

==============================
Time: 2026-04-29 14:25:33.149961
SIGNAL: {'time': Timestamp('2026-04-29 10:20:00'), 'symbol': 'GBPUSD.sml', 'side': 'NO_TRADE', 'price': 1.35027, 'reason': 'no Donchian breakout'}
⏸ GBPUSD.sml No trade
[2026-04-29 14:25:33.150153] 🎯 Trading symbol switched: GBPUSD.sml -> XAUUSD.sml | AI watchlist candidate
[2026-04-29 14:25:33.150187] 🔎 Analyzing XAUUSD.sml
[2026-04-29 14:25:33.150299] ⏸ XAUUSD.sml Spread too wide: 630.0 points > 80
[2026-04-29 14:25:33.150385] 🎯 Trading symbol switched: XAUUSD.sml -> USDJPY.sml | AI watchlist candidate
[2026-04-29 14:25:33.150415] 🔎 Analyzing USDJPY.sml

==============================
Time: 2026-04-29 14:25:33.472787
SIGNAL: {'time': Timestamp('2026-04-29 10:20:00'), 'symbol': 'USDJPY.sml', 'side': 'NO_TRADE', 'price': 159.678, 'reason': 'no Donchian breakout'}
⏸ USDJPY.sml No trade
[2026-04-29 14:25:33.473009] 🎯 Trading symbol switched: USDJPY.sml -> EURJPY | AI watchlist candidate
[2026-04-29 14:25:33.473043] 🔎 Analyzing EURJPY

==============================
Time: 2026-04-29 14:25:33.772722
SIGNAL: {'time': Timestamp('2026-04-29 10:20:00'), 'symbol': 'EURJPY', 'side': 'NO_TRADE', 'price': 186.846, 'reason': 'no Donchian breakout'}
⏸ EURJPY No trade
[2026-04-29 14:25:33.772807] ⏳ No order from AI watchlist this round
[2026-04-29 14:30:33.777732] 👀 AI watchlist scan: EURUSD.sml, GBPUSD.sml, XAUUSD.sml, USDJPY.sml, EURJPY
[2026-04-29 14:30:33.778376] 🎯 Trading symbol switched: EURJPY -> EURUSD.sml | AI watchlist candidate
[2026-04-29 14:30:33.778507] 🔎 Analyzing EURUSD.sml

==============================
Time: 2026-04-29 14:30:34.077378
SIGNAL: {'time': Timestamp('2026-04-29 10:25:00'), 'symbol': 'EURUSD.sml', 'side': 'NO_TRADE', 'price': 1.17051, 'reason': 'no Donchian breakout'}
⏸ EURUSD.sml No trade
[2026-04-29 14:30:34.077627] 🎯 Trading symbol switched: EURUSD.sml -> GBPUSD.sml | AI watchlist candidate
[2026-04-29 14:30:34.077675] 🔎 Analyzing GBPUSD.sml

==============================
Time: 2026-04-29 14:30:34.390935
SIGNAL: {'time': Timestamp('2026-04-29 10:25:00'), 'symbol': 'GBPUSD.sml', 'side': 'NO_TRADE', 'price': 1.35016, 'reason': 'no Donchian breakout'}
⏸ GBPUSD.sml No trade
[2026-04-29 14:30:34.391146] 🎯 Trading symbol switched: GBPUSD.sml -> XAUUSD.sml | AI watchlist candidate
[2026-04-29 14:30:34.391179] 🔎 Analyzing XAUUSD.sml
[2026-04-29 14:30:34.391294] ⏸ XAUUSD.sml Spread too wide: 370.0 points > 80
[2026-04-29 14:30:34.391383] 🎯 Trading symbol switched: XAUUSD.sml -> USDJPY.sml | AI watchlist candidate
[2026-04-29 14:30:34.391412] 🔎 Analyzing USDJPY.sml

==============================
Time: 2026-04-29 14:30:34.698120
SIGNAL: {'time': Timestamp('2026-04-29 10:25:00'), 'symbol': 'USDJPY.sml', 'side': 'NO_TRADE', 'price': 159.645, 'reason': 'no Donchian breakout'}
⏸ USDJPY.sml No trade
[2026-04-29 14:30:34.698326] 🎯 Trading symbol switched: USDJPY.sml -> EURJPY | AI watchlist candidate
[2026-04-29 14:30:34.698361] 🔎 Analyzing EURJPY

==============================
Time: 2026-04-29 14:30:35.017165
SIGNAL: {'time': Timestamp('2026-04-29 10:25:00'), 'symbol': 'EURJPY', 'side': 'NO_TRADE', 'price': 186.807, 'reason': 'no Donchian breakout'}
⏸ EURJPY No trade
[2026-04-29 14:30:35.017280] ⏳ No order from AI watchlist this round
[2026-04-29 14:35:35.021578] 👀 AI watchlist scan: EURUSD.sml, GBPUSD.sml, XAUUSD.sml, USDJPY.sml, EURJPY
[2026-04-29 14:35:35.021962] 🎯 Trading symbol switched: EURJPY -> EURUSD.sml | AI watchlist candidate
[2026-04-29 14:35:35.022019] 🔎 Analyzing EURUSD.sml

==============================
Time: 2026-04-29 14:35:35.315650
SIGNAL: {'time': Timestamp('2026-04-29 10:30:00'), 'symbol': 'EURUSD.sml', 'side': 'NO_TRADE', 'price': 1.17075, 'reason': 'ATR too low atr_pct=0.00029'}
⏸ EURUSD.sml No trade
[2026-04-29 14:35:35.315863] 🎯 Trading symbol switched: EURUSD.sml -> GBPUSD.sml | AI watchlist candidate
[2026-04-29 14:35:35.315897] 🔎 Analyzing GBPUSD.sml

==============================
Time: 2026-04-29 14:35:35.613745
SIGNAL: {'time': Timestamp('2026-04-29 10:30:00'), 'symbol': 'GBPUSD.sml', 'side': 'NO_TRADE', 'price': 1.35032, 'reason': 'no Donchian breakout'}
⏸ GBPUSD.sml No trade
[2026-04-29 14:35:35.613947] 🎯 Trading symbol switched: GBPUSD.sml -> XAUUSD.sml | AI watchlist candidate
[2026-04-29 14:35:35.613984] 🔎 Analyzing XAUUSD.sml
[2026-04-29 14:35:35.614098] ⏸ XAUUSD.sml Spread too wide: 490.0 points > 80
[2026-04-29 14:35:35.614188] 🎯 Trading symbol switched: XAUUSD.sml -> USDJPY.sml | AI watchlist candidate
[2026-04-29 14:35:35.614218] 🔎 Analyzing USDJPY.sml

==============================
Time: 2026-04-29 14:35:35.926269
SIGNAL: {'time': Timestamp('2026-04-29 10:30:00'), 'symbol': 'USDJPY.sml', 'side': 'NO_TRADE', 'price': 159.628, 'reason': 'no Donchian breakout'}
⏸ USDJPY.sml No trade
[2026-04-29 14:35:35.926503] 🎯 Trading symbol switched: USDJPY.sml -> EURJPY | AI watchlist candidate
[2026-04-29 14:35:35.926537] 🔎 Analyzing EURJPY

==============================
Time: 2026-04-29 14:35:36.243744
SIGNAL: {'time': Timestamp('2026-04-29 10:30:00'), 'symbol': 'EURJPY', 'side': 'NO_TRADE', 'price': 186.827, 'reason': 'no Donchian breakout'}
⏸ EURJPY No trade
[2026-04-29 14:35:36.243875] ⏳ No order from AI watchlist this round
[2026-04-29 14:40:36.247936] 👀 AI watchlist scan: EURUSD.sml, GBPUSD.sml, XAUUSD.sml, USDJPY.sml, EURJPY
[2026-04-29 14:40:36.248280] 🎯 Trading symbol switched: EURJPY -> EURUSD.sml | AI watchlist candidate
[2026-04-29 14:40:36.248334] 🔎 Analyzing EURUSD.sml

==============================
Time: 2026-04-29 14:40:36.559508
SIGNAL: {'time': Timestamp('2026-04-29 10:35:00'), 'symbol': 'EURUSD.sml', 'side': 'NO_TRADE', 'price': 1.17061, 'reason': 'no Donchian breakout'}
⏸ EURUSD.sml No trade
[2026-04-29 14:40:36.559779] 🎯 Trading symbol switched: EURUSD.sml -> GBPUSD.sml | AI watchlist candidate
[2026-04-29 14:40:36.559834] 🔎 Analyzing GBPUSD.sml

==============================
Time: 2026-04-29 14:40:36.877245
SIGNAL: {'time': Timestamp('2026-04-29 10:35:00'), 'symbol': 'GBPUSD.sml', 'side': 'NO_TRADE', 'price': 1.35034, 'reason': 'no Donchian breakout'}
⏸ GBPUSD.sml No trade
[2026-04-29 14:40:36.877548] 🎯 Trading symbol switched: GBPUSD.sml -> XAUUSD.sml | AI watchlist candidate
[2026-04-29 14:40:36.877602] 🔎 Analyzing XAUUSD.sml
[2026-04-29 14:40:36.877754] ⏸ XAUUSD.sml Spread too wide: 590.0 points > 80
[2026-04-29 14:40:36.877876] 🎯 Trading symbol switched: XAUUSD.sml -> USDJPY.sml | AI watchlist candidate
[2026-04-29 14:40:36.877921] 🔎 Analyzing USDJPY.sml

==============================
Time: 2026-04-29 14:40:37.253159
SIGNAL: {'time': Timestamp('2026-04-29 10:35:00'), 'symbol': 'USDJPY.sml', 'side': 'NO_TRADE', 'price': 159.65, 'reason': 'no Donchian breakout'}
⏸ USDJPY.sml No trade
[2026-04-29 14:40:37.253383] 🎯 Trading symbol switched: USDJPY.sml -> EURJPY | AI watchlist candidate
[2026-04-29 14:40:37.253417] 🔎 Analyzing EURJPY

==============================
Time: 2026-04-29 14:40:37.622691
SIGNAL: {'time': Timestamp('2026-04-29 10:35:00'), 'symbol': 'EURJPY', 'side': 'NO_TRADE', 'price': 186.828, 'reason': 'no Donchian breakout'}
⏸ EURJPY No trade
[2026-04-29 14:40:37.622780] ⏳ No order from AI watchlist this round
[2026-04-29 14:45:37.627242] 👀 AI watchlist scan: EURUSD.sml, GBPUSD.sml, XAUUSD.sml, USDJPY.sml, EURJPY
[2026-04-29 14:45:37.627797] 🎯 Trading symbol switched: EURJPY -> EURUSD.sml | AI watchlist candidate
[2026-04-29 14:45:37.627855] 🔎 Analyzing EURUSD.sml

==============================
Time: 2026-04-29 14:45:37.935820
SIGNAL: {'time': Timestamp('2026-04-29 10:40:00'), 'symbol': 'EURUSD.sml', 'side': 'NO_TRADE', 'price': 1.1705, 'reason': 'no Donchian breakout'}
⏸ EURUSD.sml No trade
[2026-04-29 14:45:37.936131] 🎯 Trading symbol switched: EURUSD.sml -> GBPUSD.sml | AI watchlist candidate
[2026-04-29 14:45:37.936186] 🔎 Analyzing GBPUSD.sml

==============================
Time: 2026-04-29 14:45:38.262728
SIGNAL: {'time': Timestamp('2026-04-29 10:40:00'), 'symbol': 'GBPUSD.sml', 'side': 'NO_TRADE', 'price': 1.35023, 'reason': 'no Donchian breakout'}
⏸ GBPUSD.sml No trade
[2026-04-29 14:45:38.262965] 🎯 Trading symbol switched: GBPUSD.sml -> XAUUSD.sml | AI watchlist candidate
[2026-04-29 14:45:38.263018] 🔎 Analyzing XAUUSD.sml
[2026-04-29 14:45:38.263180] ⏸ XAUUSD.sml Spread too wide: 590.0 points > 80
[2026-04-29 14:45:38.263337] 🎯 Trading symbol switched: XAUUSD.sml -> USDJPY.sml | AI watchlist candidate
[2026-04-29 14:45:38.263379] 🔎 Analyzing USDJPY.sml

==============================
Time: 2026-04-29 14:45:38.594633
SIGNAL: {'time': Timestamp('2026-04-29 10:40:00'), 'symbol': 'USDJPY.sml', 'side': 'NO_TRADE', 'price': 159.689, 'reason': 'no Donchian breakout'}
⏸ USDJPY.sml No trade
[2026-04-29 14:45:38.594989] 🎯 Trading symbol switched: USDJPY.sml -> EURJPY | AI watchlist candidate
[2026-04-29 14:45:38.595026] 🔎 Analyzing EURJPY

==============================
Time: 2026-04-29 14:45:38.928430
SIGNAL: {'time': Timestamp('2026-04-29 10:40:00'), 'symbol': 'EURJPY', 'side': 'NO_TRADE', 'price': 186.857, 'reason': 'no Donchian breakout'}
⏸ EURJPY No trade
[2026-04-29 14:45:38.928668] ⏳ No order from AI watchlist this round
[2026-04-29 14:50:38.932736] 👀 AI watchlist scan: EURUSD.sml, GBPUSD.sml, XAUUSD.sml, USDJPY.sml, EURJPY
[2026-04-29 14:50:38.933227] 🎯 Trading symbol switched: EURJPY -> EURUSD.sml | AI watchlist candidate
[2026-04-29 14:50:38.933338] 🔎 Analyzing EURUSD.sml

==============================
Time: 2026-04-29 14:50:39.224929
SIGNAL: {'time': Timestamp('2026-04-29 10:45:00'), 'symbol': 'EURUSD.sml', 'side': 'NO_TRADE', 'price': 1.17062, 'reason': 'no Donchian breakout'}
⏸ EURUSD.sml No trade
[2026-04-29 14:50:39.225134] 🎯 Trading symbol switched: EURUSD.sml -> GBPUSD.sml | AI watchlist candidate
[2026-04-29 14:50:39.225167] 🔎 Analyzing GBPUSD.sml

==============================
Time: 2026-04-29 14:50:39.551502
SIGNAL: {'time': Timestamp('2026-04-29 10:45:00'), 'symbol': 'GBPUSD.sml', 'side': 'NO_TRADE', 'price': 1.3504399999999999, 'reason': 'no Donchian breakout'}
⏸ GBPUSD.sml No trade
[2026-04-29 14:50:39.551703] 🎯 Trading symbol switched: GBPUSD.sml -> XAUUSD.sml | AI watchlist candidate
[2026-04-29 14:50:39.551737] 🔎 Analyzing XAUUSD.sml
[2026-04-29 14:50:39.551845] ⏸ XAUUSD.sml Spread too wide: 450.0 points > 80
[2026-04-29 14:50:39.551933] 🎯 Trading symbol switched: XAUUSD.sml -> USDJPY.sml | AI watchlist candidate
[2026-04-29 14:50:39.551962] 🔎 Analyzing USDJPY.sml

==============================
Time: 2026-04-29 14:50:39.846947
SIGNAL: {'time': Timestamp('2026-04-29 10:45:00'), 'symbol': 'USDJPY.sml', 'side': 'NO_TRADE', 'price': 159.679, 'reason': 'no Donchian breakout'}
⏸ USDJPY.sml No trade
[2026-04-29 14:50:39.847159] 🎯 Trading symbol switched: USDJPY.sml -> EURJPY | AI watchlist candidate
[2026-04-29 14:50:39.847194] 🔎 Analyzing EURJPY

==============================
Time: 2026-04-29 14:50:40.181993
SIGNAL: {'time': Timestamp('2026-04-29 10:45:00'), 'symbol': 'EURJPY', 'side': 'NO_TRADE', 'price': 186.865, 'reason': 'no Donchian breakout'}
⏸ EURJPY No trade
[2026-04-29 14:50:40.182085] ⏳ No order from AI watchlist this round
[2026-04-29 14:55:40.187222] 👀 AI watchlist scan: EURUSD.sml, GBPUSD.sml, XAUUSD.sml, USDJPY.sml, EURJPY
[2026-04-29 14:55:40.187718] 🎯 Trading symbol switched: EURJPY -> EURUSD.sml | AI watchlist candidate
[2026-04-29 14:55:40.187780] 🔎 Analyzing EURUSD.sml

==============================
Time: 2026-04-29 14:55:40.485246
SIGNAL: {'time': Timestamp('2026-04-29 10:50:00'), 'symbol': 'EURUSD.sml', 'side': 'NO_TRADE', 'price': 1.17073, 'reason': 'no Donchian breakout'}
⏸ EURUSD.sml No trade
[2026-04-29 14:55:40.485455] 🎯 Trading symbol switched: EURUSD.sml -> GBPUSD.sml | AI watchlist candidate
[2026-04-29 14:55:40.485493] 🔎 Analyzing GBPUSD.sml

==============================
Time: 2026-04-29 14:55:40.787811
SIGNAL: {'time': Timestamp('2026-04-29 10:50:00'), 'symbol': 'GBPUSD.sml', 'side': 'NO_TRADE', 'price': 1.3505099999999999, 'reason': 'no Donchian breakout'}
⏸ GBPUSD.sml No trade
[2026-04-29 14:55:40.788028] 🎯 Trading symbol switched: GBPUSD.sml -> XAUUSD.sml | AI watchlist candidate
[2026-04-29 14:55:40.788065] 🔎 Analyzing XAUUSD.sml
[2026-04-29 14:55:40.788177] ⏸ XAUUSD.sml Spread too wide: 530.0 points > 80
[2026-04-29 14:55:40.788266] 🎯 Trading symbol switched: XAUUSD.sml -> USDJPY.sml | AI watchlist candidate
[2026-04-29 14:55:40.788298] 🔎 Analyzing USDJPY.sml

==============================
Time: 2026-04-29 14:55:41.102318
SIGNAL: {'time': Timestamp('2026-04-29 10:50:00'), 'symbol': 'USDJPY.sml', 'side': 'NO_TRADE', 'price': 159.668, 'reason': 'no Donchian breakout'}
⏸ USDJPY.sml No trade
[2026-04-29 14:55:41.102578] 🎯 Trading symbol switched: USDJPY.sml -> EURJPY | AI watchlist candidate
[2026-04-29 14:55:41.102612] 🔎 Analyzing EURJPY

==============================
Time: 2026-04-29 14:55:41.430136
SIGNAL: {'time': Timestamp('2026-04-29 10:50:00'), 'symbol': 'EURJPY', 'side': 'NO_TRADE', 'price': 186.87, 'reason': 'no Donchian breakout'}
⏸ EURJPY No trade
[2026-04-29 14:55:41.430331] ⏳ No order from AI watchlist this round
[2026-04-29 15:00:41.434403] 👀 AI watchlist scan: EURUSD.sml, GBPUSD.sml, XAUUSD.sml, USDJPY.sml, EURJPY
[2026-04-29 15:00:41.434695] 🎯 Trading symbol switched: EURJPY -> EURUSD.sml | AI watchlist candidate
[2026-04-29 15:00:41.434732] 🔎 Analyzing EURUSD.sml

==============================
Time: 2026-04-29 15:00:41.759317
SIGNAL: {'time': Timestamp('2026-04-29 10:55:00'), 'symbol': 'EURUSD.sml', 'side': 'NO_TRADE', 'price': 1.17054, 'reason': 'no Donchian breakout'}
⏸ EURUSD.sml No trade
[2026-04-29 15:00:41.759535] 🎯 Trading symbol switched: EURUSD.sml -> GBPUSD.sml | AI watchlist candidate
[2026-04-29 15:00:41.759577] 🔎 Analyzing GBPUSD.sml

==============================
Time: 2026-04-29 15:00:42.080002
SIGNAL: {'time': Timestamp('2026-04-29 10:55:00'), 'symbol': 'GBPUSD.sml', 'side': 'NO_TRADE', 'price': 1.35053, 'reason': 'no Donchian breakout'}
⏸ GBPUSD.sml No trade
[2026-04-29 15:00:42.080209] 🎯 Trading symbol switched: GBPUSD.sml -> XAUUSD.sml | AI watchlist candidate
[2026-04-29 15:00:42.080260] 🔎 Analyzing XAUUSD.sml
[2026-04-29 15:00:42.080394] ⏸ XAUUSD.sml Spread too wide: 410.0 points > 80
[2026-04-29 15:00:42.080501] 🎯 Trading symbol switched: XAUUSD.sml -> USDJPY.sml | AI watchlist candidate
[2026-04-29 15:00:42.080540] 🔎 Analyzing USDJPY.sml

==============================
Time: 2026-04-29 15:00:42.403179
SIGNAL: {'time': Timestamp('2026-04-29 10:55:00'), 'symbol': 'USDJPY.sml', 'side': 'NO_TRADE', 'price': 159.673, 'reason': 'no Donchian breakout'}
⏸ USDJPY.sml No trade
[2026-04-29 15:00:42.403440] 🎯 Trading symbol switched: USDJPY.sml -> EURJPY | AI watchlist candidate
[2026-04-29 15:00:42.403489] 🔎 Analyzing EURJPY

==============================
Time: 2026-04-29 15:00:42.767195
SIGNAL: {'time': Timestamp('2026-04-29 10:55:00'), 'symbol': 'EURJPY', 'side': 'NO_TRADE', 'price': 186.846, 'reason': 'no Donchian breakout'}
⏸ EURJPY No trade
[2026-04-29 15:00:42.767304] ⏳ No order from AI watchlist this round
[2026-04-29 15:05:42.771785] 👀 AI watchlist scan: EURUSD.sml, GBPUSD.sml, XAUUSD.sml, USDJPY.sml, EURJPY
[2026-04-29 15:05:42.772403] 🎯 Trading symbol switched: EURJPY -> EURUSD.sml | AI watchlist candidate
[2026-04-29 15:05:42.772555] 🔎 Analyzing EURUSD.sml

==============================
Time: 2026-04-29 15:05:43.064082
SIGNAL: {'time': Timestamp('2026-04-29 11:00:00'), 'symbol': 'EURUSD.sml', 'side': 'NO_TRADE', 'price': 1.16983, 'reason': 'no Donchian breakout'}
⏸ EURUSD.sml No trade
[2026-04-29 15:05:43.064281] 🎯 Trading symbol switched: EURUSD.sml -> GBPUSD.sml | AI watchlist candidate
[2026-04-29 15:05:43.064315] 🔎 Analyzing GBPUSD.sml

==============================
Time: 2026-04-29 15:05:43.357098
SIGNAL: {'time': Timestamp('2026-04-29 11:00:00'), 'symbol': 'GBPUSD.sml', 'side': 'NO_TRADE', 'price': 1.34994, 'reason': 'no Donchian breakout'}
⏸ GBPUSD.sml No trade
[2026-04-29 15:05:43.357369] 🎯 Trading symbol switched: GBPUSD.sml -> XAUUSD.sml | AI watchlist candidate
[2026-04-29 15:05:43.357428] 🔎 Analyzing XAUUSD.sml
[2026-04-29 15:05:43.357603] ⏸ XAUUSD.sml Spread too wide: 410.0 points > 80
[2026-04-29 15:05:43.357777] 🎯 Trading symbol switched: XAUUSD.sml -> USDJPY.sml | AI watchlist candidate
[2026-04-29 15:05:43.357849] 🔎 Analyzing USDJPY.sml

==============================
Time: 2026-04-29 15:05:43.672756
SIGNAL: {'time': Timestamp('2026-04-29 11:00:00'), 'symbol': 'USDJPY.sml', 'side': 'NO_TRADE', 'price': 159.703, 'reason': 'no Donchian breakout'}
⏸ USDJPY.sml No trade
[2026-04-29 15:05:43.673027] 🎯 Trading symbol switched: USDJPY.sml -> EURJPY | AI watchlist candidate
[2026-04-29 15:05:43.673072] 🔎 Analyzing EURJPY

==============================
Time: 2026-04-29 15:05:44.022138
SIGNAL: {'time': Timestamp('2026-04-29 11:00:00'), 'symbol': 'EURJPY', 'side': 'NO_TRADE', 'price': 186.765, 'reason': 'no Donchian breakout'}
⏸ EURJPY No trade
[2026-04-29 15:05:44.022230] ⏳ No order from AI watchlist this round
[2026-04-29 15:10:44.028023] 👀 AI watchlist scan: EURUSD.sml, GBPUSD.sml, XAUUSD.sml, USDJPY.sml, EURJPY
[2026-04-29 15:10:44.028569] 🎯 Trading symbol switched: EURJPY -> EURUSD.sml | AI watchlist candidate
[2026-04-29 15:10:44.028638] 🔎 Analyzing EURUSD.sml

==============================
Time: 2026-04-29 15:10:44.324019
SIGNAL: {'time': Timestamp('2026-04-29 11:05:00'), 'symbol': 'EURUSD.sml', 'side': 'NO_TRADE', 'price': 1.16977, 'reason': 'no Donchian breakout'}
⏸ EURUSD.sml No trade
[2026-04-29 15:10:44.324276] 🎯 Trading symbol switched: EURUSD.sml -> GBPUSD.sml | AI watchlist candidate
[2026-04-29 15:10:44.324340] 🔎 Analyzing GBPUSD.sml

==============================
Time: 2026-04-29 15:10:44.679661
SIGNAL: {'time': Timestamp('2026-04-29 11:05:00'), 'symbol': 'GBPUSD.sml', 'side': 'NO_TRADE', 'price': 1.35007, 'reason': 'no Donchian breakout'}
⏸ GBPUSD.sml No trade
[2026-04-29 15:10:44.679887] 🎯 Trading symbol switched: GBPUSD.sml -> XAUUSD.sml | AI watchlist candidate
[2026-04-29 15:10:44.679925] 🔎 Analyzing XAUUSD.sml
[2026-04-29 15:10:44.680039] ⏸ XAUUSD.sml Spread too wide: 670.0 points > 80
[2026-04-29 15:10:44.680131] 🎯 Trading symbol switched: XAUUSD.sml -> USDJPY.sml | AI watchlist candidate
[2026-04-29 15:10:44.680162] 🔎 Analyzing USDJPY.sml

==============================
Time: 2026-04-29 15:10:45.076141
SIGNAL: {'time': Timestamp('2026-04-29 11:05:00'), 'symbol': 'USDJPY.sml', 'side': 'NO_TRADE', 'price': 159.705, 'reason': 'no Donchian breakout'}
⏸ USDJPY.sml No trade
[2026-04-29 15:10:45.076390] 🎯 Trading symbol switched: USDJPY.sml -> EURJPY | AI watchlist candidate
[2026-04-29 15:10:45.076447] 🔎 Analyzing EURJPY

==============================
Time: 2026-04-29 15:10:45.474431
SIGNAL: {'time': Timestamp('2026-04-29 11:05:00'), 'symbol': 'EURJPY', 'side': 'NO_TRADE', 'price': 186.761, 'reason': 'no Donchian breakout'}
⏸ EURJPY No trade
[2026-04-29 15:10:45.474529] ⏳ No order from AI watchlist this round

============================================================
[Wed 04/29/2026 15:15:42.59] Forex bot launcher started
BOT_DIR=C:\Users\watch\auto-bot-trade
BOT_FILE=C:\Users\watch\auto-bot-trade\forex_bot.py
USER=watch
COMPUTER=3PM
FOREX_DRY_RUN=true
FOREX_AI_SCAN_ON_BOT_START=true
FOREX_CHECK_INTERVAL_SECONDS=60
PYTHONUTF8=1
PYTHONIOENCODING=utf-8
[Wed 04/29/2026 15:15:42.74] Python command: py -3
[Wed 04/29/2026 15:15:42.74] Starting forex_bot.py
[2026-04-29 15:15:52.173391] [START] Forex bot booting | pid=4152 | cwd=C:\Users\watch\auto-bot-trade | session=14:00-23:59 | blocked_hours=[] | interval=60s | DRY_RUN=True
[2026-04-29 15:15:52.173556] [CONNECT] Connecting MT5...
[2026-04-29 15:15:52.192037] [SCAN] Symbol resolved: XAUUSD -> XAUUSD.sml
[2026-04-29 15:15:52.192124] [OK] Connected MT5 | Symbol=XAUUSD.sml
[2026-04-29 15:15:52.192182] [START] Bot started
[2026-04-29 15:15:52.199950] [AI] Forcing DeepSeek scan on bot start
[2026-04-29 15:15:52.200023] [AI] DeepSeek daily forex scan starting...
[2026-04-29 15:15:52.205075] [AI] MT5 candidate symbols for AI: EURUSD, GBPUSD, USDJPY, USDCHF, USDCAD, AUDUSD, NZDUSD, EURJPY, GBPJPY, XAUUSD, EURGBP, EURCHF, EURCAD, EURAUD, EURNZD, GBPCHF, GBPCAD, GBPAUD, GBPNZD, AUDJPY, CADJPY, CHFJPY, NZDJPY, AUDCAD, AUDCHF, AUDNZD, CADCHF, NZDCAD, NZDCHF
[2026-04-29 15:16:04.606791] [AI] DeepSeek daily scan failed: Expecting value: line 1 column 1 (char 0)
[2026-04-29 15:16:04.614440] [AI] Using cached daily forex scan from 2026-04-29 14:00:15 | symbols=EURUSD.sml, GBPUSD.sml, XAUUSD.sml, USDJPY.sml, EURJPY
[2026-04-29 15:16:04.615167] [WATCHLIST] AI watchlist scan: EURUSD.sml, GBPUSD.sml, XAUUSD.sml, USDJPY.sml, EURJPY
[2026-04-29 15:16:04.615392] [SELECT] Trading symbol switched: XAUUSD.sml -> EURUSD.sml | AI watchlist candidate
[2026-04-29 15:16:04.615436] [SCAN] Analyzing EURUSD.sml

==============================
Time: 2026-04-29 15:16:05.198256
SIGNAL: {'time': Timestamp('2026-04-29 11:10:00'), 'symbol': 'EURUSD.sml', 'side': 'NO_TRADE', 'price': 1.16955, 'reason': 'no Donchian breakout'}
[NO_TRADE] EURUSD.sml No trade
[2026-04-29 15:16:05.198482] [SELECT] Trading symbol switched: EURUSD.sml -> GBPUSD.sml | AI watchlist candidate
[2026-04-29 15:16:05.198523] [SCAN] Analyzing GBPUSD.sml

==============================
Time: 2026-04-29 15:16:05.797107
SIGNAL: {'time': Timestamp('2026-04-29 11:10:00'), 'symbol': 'GBPUSD.sml', 'side': 'NO_TRADE', 'price': 1.34965, 'reason': 'no Donchian breakout'}
[NO_TRADE] GBPUSD.sml No trade
[2026-04-29 15:16:05.797317] [SELECT] Trading symbol switched: GBPUSD.sml -> XAUUSD.sml | AI watchlist candidate
[2026-04-29 15:16:05.797359] [SCAN] Analyzing XAUUSD.sml
[2026-04-29 15:16:06.969900] [NO_TRADE] XAUUSD.sml Spread too wide: 550.0 points > 80
[2026-04-29 15:16:06.970126] [SELECT] Trading symbol switched: XAUUSD.sml -> USDJPY.sml | AI watchlist candidate
[2026-04-29 15:16:06.970178] [SCAN] Analyzing USDJPY.sml

==============================
Time: 2026-04-29 15:16:07.666952
SIGNAL: {'time': Timestamp('2026-04-29 11:10:00'), 'symbol': 'USDJPY.sml', 'side': 'NO_TRADE', 'price': 159.727, 'reason': 'no Donchian breakout'}
[NO_TRADE] USDJPY.sml No trade
[2026-04-29 15:16:07.667212] [SELECT] Trading symbol switched: USDJPY.sml -> EURJPY | AI watchlist candidate
[2026-04-29 15:16:07.667273] [SCAN] Analyzing EURJPY

==============================
Time: 2026-04-29 15:16:08.308086
SIGNAL: {'time': Timestamp('2026-04-29 11:10:00'), 'symbol': 'EURJPY', 'side': 'NO_TRADE', 'price': 186.75, 'reason': 'no Donchian breakout'}
[NO_TRADE] EURJPY No trade
[2026-04-29 15:16:08.308247] [WAIT] No order from AI watchlist this round
[2026-04-29 15:17:08.316502] [AI] Using cached daily forex scan from 2026-04-29 14:00:15 | symbols=EURUSD.sml, GBPUSD.sml, XAUUSD.sml, USDJPY.sml, EURJPY
[2026-04-29 15:17:08.317006] [WATCHLIST] AI watchlist scan: EURUSD.sml, GBPUSD.sml, XAUUSD.sml, USDJPY.sml, EURJPY
[2026-04-29 15:17:08.317218] [SELECT] Trading symbol switched: EURJPY -> EURUSD.sml | AI watchlist candidate
[2026-04-29 15:17:08.317274] [SCAN] Analyzing EURUSD.sml
[2026-04-29 15:17:08.914338] [NO_TRADE] EURUSD.sml already checked candle 2026-04-29 11:10:00
[2026-04-29 15:17:08.914608] [SELECT] Trading symbol switched: EURUSD.sml -> GBPUSD.sml | AI watchlist candidate
[2026-04-29 15:17:08.914685] [SCAN] Analyzing GBPUSD.sml
[2026-04-29 15:17:09.564633] [NO_TRADE] GBPUSD.sml already checked candle 2026-04-29 11:10:00
[2026-04-29 15:17:09.564843] [SELECT] Trading symbol switched: GBPUSD.sml -> XAUUSD.sml | AI watchlist candidate
[2026-04-29 15:17:09.564886] [SCAN] Analyzing XAUUSD.sml
[2026-04-29 15:17:09.863819] [NO_TRADE] XAUUSD.sml Spread too wide: 480.0 points > 80
[2026-04-29 15:17:09.863994] [SELECT] Trading symbol switched: XAUUSD.sml -> USDJPY.sml | AI watchlist candidate
[2026-04-29 15:17:09.864036] [SCAN] Analyzing USDJPY.sml
[2026-04-29 15:17:10.559333] [NO_TRADE] USDJPY.sml already checked candle 2026-04-29 11:10:00
[2026-04-29 15:17:10.559568] [SELECT] Trading symbol switched: USDJPY.sml -> EURJPY | AI watchlist candidate
[2026-04-29 15:17:10.559618] [SCAN] Analyzing EURJPY
[2026-04-29 15:17:11.172473] [NO_TRADE] EURJPY already checked candle 2026-04-29 11:10:00
[2026-04-29 15:17:11.172567] [WAIT] No order from AI watchlist this round
[2026-04-29 15:18:11.173838] [AI] Using cached daily forex scan from 2026-04-29 14:00:15 | symbols=EURUSD.sml, GBPUSD.sml, XAUUSD.sml, USDJPY.sml, EURJPY
[2026-04-29 15:18:11.174305] [WATCHLIST] AI watchlist scan: EURUSD.sml, GBPUSD.sml, XAUUSD.sml, USDJPY.sml, EURJPY
[2026-04-29 15:18:11.174634] [SELECT] Trading symbol switched: EURJPY -> EURUSD.sml | AI watchlist candidate
[2026-04-29 15:18:11.174698] [SCAN] Analyzing EURUSD.sml
[2026-04-29 15:18:11.770802] [NO_TRADE] EURUSD.sml already checked candle 2026-04-29 11:10:00
[2026-04-29 15:18:11.771005] [SELECT] Trading symbol switched: EURUSD.sml -> GBPUSD.sml | AI watchlist candidate
[2026-04-29 15:18:11.771045] [SCAN] Analyzing GBPUSD.sml
[2026-04-29 15:18:12.399607] [NO_TRADE] GBPUSD.sml already checked candle 2026-04-29 11:10:00
[2026-04-29 15:18:12.399854] [SELECT] Trading symbol switched: GBPUSD.sml -> XAUUSD.sml | AI watchlist candidate
[2026-04-29 15:18:12.399915] [SCAN] Analyzing XAUUSD.sml
[2026-04-29 15:18:12.694726] [NO_TRADE] XAUUSD.sml Spread too wide: 540.0 points > 80
[2026-04-29 15:18:12.694963] [SELECT] Trading symbol switched: XAUUSD.sml -> USDJPY.sml | AI watchlist candidate
[2026-04-29 15:18:12.695022] [SCAN] Analyzing USDJPY.sml
[2026-04-29 15:18:13.325623] [NO_TRADE] USDJPY.sml already checked candle 2026-04-29 11:10:00
[2026-04-29 15:18:13.325819] [SELECT] Trading symbol switched: USDJPY.sml -> EURJPY | AI watchlist candidate
[2026-04-29 15:18:13.325861] [SCAN] Analyzing EURJPY
[2026-04-29 15:18:13.979647] [NO_TRADE] EURJPY already checked candle 2026-04-29 11:10:00
[2026-04-29 15:18:13.979740] [WAIT] No order from AI watchlist this round
[2026-04-29 15:19:13.980756] [AI] Using cached daily forex scan from 2026-04-29 14:00:15 | symbols=EURUSD.sml, GBPUSD.sml, XAUUSD.sml, USDJPY.sml, EURJPY
[2026-04-29 15:19:13.981071] [WATCHLIST] AI watchlist scan: EURUSD.sml, GBPUSD.sml, XAUUSD.sml, USDJPY.sml, EURJPY
[2026-04-29 15:19:13.981255] [SELECT] Trading symbol switched: EURJPY -> EURUSD.sml | AI watchlist candidate
[2026-04-29 15:19:13.981296] [SCAN] Analyzing EURUSD.sml
[2026-04-29 15:19:14.581615] [NO_TRADE] EURUSD.sml already checked candle 2026-04-29 11:10:00
[2026-04-29 15:19:14.581818] [SELECT] Trading symbol switched: EURUSD.sml -> GBPUSD.sml | AI watchlist candidate
[2026-04-29 15:19:14.581860] [SCAN] Analyzing GBPUSD.sml
[2026-04-29 15:19:15.214162] [NO_TRADE] GBPUSD.sml already checked candle 2026-04-29 11:10:00
[2026-04-29 15:19:15.214363] [SELECT] Trading symbol switched: GBPUSD.sml -> XAUUSD.sml | AI watchlist candidate
[2026-04-29 15:19:15.214406] [SCAN] Analyzing XAUUSD.sml
[2026-04-29 15:19:15.497823] [NO_TRADE] XAUUSD.sml Spread too wide: 230.0 points > 80
[2026-04-29 15:19:15.498002] [SELECT] Trading symbol switched: XAUUSD.sml -> USDJPY.sml | AI watchlist candidate
[2026-04-29 15:19:15.498044] [SCAN] Analyzing USDJPY.sml
[2026-04-29 15:19:16.135285] [NO_TRADE] USDJPY.sml already checked candle 2026-04-29 11:10:00
[2026-04-29 15:19:16.135506] [SELECT] Trading symbol switched: USDJPY.sml -> EURJPY | AI watchlist candidate
[2026-04-29 15:19:16.135555] [SCAN] Analyzing EURJPY
[2026-04-29 15:19:16.808125] [NO_TRADE] EURJPY already checked candle 2026-04-29 11:10:00
[2026-04-29 15:19:16.808222] [WAIT] No order from AI watchlist this round
[2026-04-29 15:20:16.816276] [AI] Using cached daily forex scan from 2026-04-29 14:00:15 | symbols=EURUSD.sml, GBPUSD.sml, XAUUSD.sml, USDJPY.sml, EURJPY
[2026-04-29 15:20:16.816964] [WATCHLIST] AI watchlist scan: EURUSD.sml, GBPUSD.sml, XAUUSD.sml, USDJPY.sml, EURJPY
[2026-04-29 15:20:16.817310] [SELECT] Trading symbol switched: EURJPY -> EURUSD.sml | AI watchlist candidate
[2026-04-29 15:20:16.817397] [SCAN] Analyzing EURUSD.sml

==============================
Time: 2026-04-29 15:20:17.456477
SIGNAL: {'time': Timestamp('2026-04-29 11:15:00'), 'symbol': 'EURUSD.sml', 'side': 'NO_TRADE', 'price': 1.17013, 'reason': 'no Donchian breakout'}
[NO_TRADE] EURUSD.sml No trade
[2026-04-29 15:20:17.456720] [SELECT] Trading symbol switched: EURUSD.sml -> GBPUSD.sml | AI watchlist candidate
[2026-04-29 15:20:17.456771] [SCAN] Analyzing GBPUSD.sml

==============================
Time: 2026-04-29 15:20:18.204451
SIGNAL: {'time': Timestamp('2026-04-29 11:15:00'), 'symbol': 'GBPUSD.sml', 'side': 'NO_TRADE', 'price': 1.35027, 'reason': 'no Donchian breakout'}
[NO_TRADE] GBPUSD.sml No trade
[2026-04-29 15:20:18.204689] [SELECT] Trading symbol switched: GBPUSD.sml -> XAUUSD.sml | AI watchlist candidate
[2026-04-29 15:20:18.204731] [SCAN] Analyzing XAUUSD.sml
[2026-04-29 15:20:18.529332] [NO_TRADE] XAUUSD.sml Spread too wide: 390.0 points > 80
[2026-04-29 15:20:18.529504] [SELECT] Trading symbol switched: XAUUSD.sml -> USDJPY.sml | AI watchlist candidate
[2026-04-29 15:20:18.529544] [SCAN] Analyzing USDJPY.sml

==============================
Time: 2026-04-29 15:20:19.172169
SIGNAL: {'time': Timestamp('2026-04-29 11:15:00'), 'symbol': 'USDJPY.sml', 'side': 'NO_TRADE', 'price': 159.727, 'reason': 'no Donchian breakout'}
[NO_TRADE] USDJPY.sml No trade
[2026-04-29 15:20:19.172395] [SELECT] Trading symbol switched: USDJPY.sml -> EURJPY | AI watchlist candidate
[2026-04-29 15:20:19.172435] [SCAN] Analyzing EURJPY

==============================
Time: 2026-04-29 15:20:19.817426
SIGNAL: {'time': Timestamp('2026-04-29 11:15:00'), 'symbol': 'EURJPY', 'side': 'NO_TRADE', 'price': 186.841, 'reason': 'no Donchian breakout'}
[NO_TRADE] EURJPY No trade
[2026-04-29 15:20:19.817522] [WAIT] No order from AI watchlist this round
[2026-04-29 15:21:19.819499] [AI] Using cached daily forex scan from 2026-04-29 14:00:15 | symbols=EURUSD.sml, GBPUSD.sml, XAUUSD.sml, USDJPY.sml, EURJPY
[2026-04-29 15:21:19.820163] [WATCHLIST] AI watchlist scan: EURUSD.sml, GBPUSD.sml, XAUUSD.sml, USDJPY.sml, EURJPY
[2026-04-29 15:21:19.820518] [SELECT] Trading symbol switched: EURJPY -> EURUSD.sml | AI watchlist candidate
[2026-04-29 15:21:19.820605] [SCAN] Analyzing EURUSD.sml
[2026-04-29 15:21:20.405167] [NO_TRADE] EURUSD.sml already checked candle 2026-04-29 11:15:00
[2026-04-29 15:21:20.405429] [SELECT] Trading symbol switched: EURUSD.sml -> GBPUSD.sml | AI watchlist candidate
[2026-04-29 15:21:20.405493] [SCAN] Analyzing GBPUSD.sml
[2026-04-29 15:21:21.064210] [NO_TRADE] GBPUSD.sml already checked candle 2026-04-29 11:15:00
[2026-04-29 15:21:21.064467] [SELECT] Trading symbol switched: GBPUSD.sml -> XAUUSD.sml | AI watchlist candidate
[2026-04-29 15:21:21.064518] [SCAN] Analyzing XAUUSD.sml
[2026-04-29 15:21:21.370764] [NO_TRADE] XAUUSD.sml Spread too wide: 620.0 points > 80
[2026-04-29 15:21:21.370926] [SELECT] Trading symbol switched: XAUUSD.sml -> USDJPY.sml | AI watchlist candidate
[2026-04-29 15:21:21.370965] [SCAN] Analyzing USDJPY.sml
[2026-04-29 15:21:22.000450] [NO_TRADE] USDJPY.sml already checked candle 2026-04-29 11:15:00
[2026-04-29 15:21:22.000670] [SELECT] Trading symbol switched: USDJPY.sml -> EURJPY | AI watchlist candidate
[2026-04-29 15:21:22.000711] [SCAN] Analyzing EURJPY
[2026-04-29 15:21:22.669139] [NO_TRADE] EURJPY already checked candle 2026-04-29 11:15:00
[2026-04-29 15:21:22.669242] [WAIT] No order from AI watchlist this round
[2026-04-29 15:22:22.670367] [AI] Using cached daily forex scan from 2026-04-29 14:00:15 | symbols=EURUSD.sml, GBPUSD.sml, XAUUSD.sml, USDJPY.sml, EURJPY
[2026-04-29 15:22:22.670784] [WATCHLIST] AI watchlist scan: EURUSD.sml, GBPUSD.sml, XAUUSD.sml, USDJPY.sml, EURJPY
[2026-04-29 15:22:22.671021] [SELECT] Trading symbol switched: EURJPY -> EURUSD.sml | AI watchlist candidate
[2026-04-29 15:22:22.671077] [SCAN] Analyzing EURUSD.sml
[2026-04-29 15:22:23.251684] [NO_TRADE] EURUSD.sml already checked candle 2026-04-29 11:15:00
[2026-04-29 15:22:23.251891] [SELECT] Trading symbol switched: EURUSD.sml -> GBPUSD.sml | AI watchlist candidate
[2026-04-29 15:22:23.251932] [SCAN] Analyzing GBPUSD.sml
[2026-04-29 15:22:23.882228] [NO_TRADE] GBPUSD.sml already checked candle 2026-04-29 11:15:00
[2026-04-29 15:22:23.882419] [SELECT] Trading symbol switched: GBPUSD.sml -> XAUUSD.sml | AI watchlist candidate
[2026-04-29 15:22:23.882460] [SCAN] Analyzing XAUUSD.sml
[2026-04-29 15:22:24.174572] [NO_TRADE] XAUUSD.sml Spread too wide: 490.0 points > 80
[2026-04-29 15:22:24.174815] [SELECT] Trading symbol switched: XAUUSD.sml -> USDJPY.sml | AI watchlist candidate
[2026-04-29 15:22:24.174881] [SCAN] Analyzing USDJPY.sml
[2026-04-29 15:22:24.797528] [NO_TRADE] USDJPY.sml already checked candle 2026-04-29 11:15:00
[2026-04-29 15:22:24.797750] [SELECT] Trading symbol switched: USDJPY.sml -> EURJPY | AI watchlist candidate
[2026-04-29 15:22:24.797791] [SCAN] Analyzing EURJPY
[2026-04-29 15:22:25.418291] [NO_TRADE] EURJPY already checked candle 2026-04-29 11:15:00
[2026-04-29 15:22:25.418399] [WAIT] No order from AI watchlist this round
[2026-04-29 15:23:25.419526] [AI] Using cached daily forex scan from 2026-04-29 14:00:15 | symbols=EURUSD.sml, GBPUSD.sml, XAUUSD.sml, USDJPY.sml, EURJPY
[2026-04-29 15:23:25.420019] [WATCHLIST] AI watchlist scan: EURUSD.sml, GBPUSD.sml, XAUUSD.sml, USDJPY.sml, EURJPY
[2026-04-29 15:23:25.420237] [SELECT] Trading symbol switched: EURJPY -> EURUSD.sml | AI watchlist candidate
[2026-04-29 15:23:25.420289] [SCAN] Analyzing EURUSD.sml
[2026-04-29 15:23:26.029686] [NO_TRADE] EURUSD.sml already checked candle 2026-04-29 11:15:00
[2026-04-29 15:23:26.029897] [SELECT] Trading symbol switched: EURUSD.sml -> GBPUSD.sml | AI watchlist candidate
[2026-04-29 15:23:26.029941] [SCAN] Analyzing GBPUSD.sml
[2026-04-29 15:23:26.661997] [NO_TRADE] GBPUSD.sml already checked candle 2026-04-29 11:15:00
[2026-04-29 15:23:26.662206] [SELECT] Trading symbol switched: GBPUSD.sml -> XAUUSD.sml | AI watchlist candidate
[2026-04-29 15:23:26.662251] [SCAN] Analyzing XAUUSD.sml
[2026-04-29 15:23:26.962368] [NO_TRADE] XAUUSD.sml Spread too wide: 460.0 points > 80
[2026-04-29 15:23:26.962542] [SELECT] Trading symbol switched: XAUUSD.sml -> USDJPY.sml | AI watchlist candidate
[2026-04-29 15:23:26.962584] [SCAN] Analyzing USDJPY.sml
[2026-04-29 15:23:27.627688] [NO_TRADE] USDJPY.sml already checked candle 2026-04-29 11:15:00
[2026-04-29 15:23:27.627902] [SELECT] Trading symbol switched: USDJPY.sml -> EURJPY | AI watchlist candidate
[2026-04-29 15:23:27.627945] [SCAN] Analyzing EURJPY
[2026-04-29 15:23:28.245217] [NO_TRADE] EURJPY already checked candle 2026-04-29 11:15:00
[2026-04-29 15:23:28.245311] [WAIT] No order from AI watchlist this round
[2026-04-29 15:24:28.246892] [AI] Using cached daily forex scan from 2026-04-29 14:00:15 | symbols=EURUSD.sml, GBPUSD.sml, XAUUSD.sml, USDJPY.sml, EURJPY
[2026-04-29 15:24:28.247271] [WATCHLIST] AI watchlist scan: EURUSD.sml, GBPUSD.sml, XAUUSD.sml, USDJPY.sml, EURJPY
[2026-04-29 15:24:28.247487] [SELECT] Trading symbol switched: EURJPY -> EURUSD.sml | AI watchlist candidate
[2026-04-29 15:24:28.247539] [SCAN] Analyzing EURUSD.sml
[2026-04-29 15:24:28.831658] [NO_TRADE] EURUSD.sml already checked candle 2026-04-29 11:15:00
[2026-04-29 15:24:28.831872] [SELECT] Trading symbol switched: EURUSD.sml -> GBPUSD.sml | AI watchlist candidate
[2026-04-29 15:24:28.831920] [SCAN] Analyzing GBPUSD.sml
[2026-04-29 15:24:29.446596] [NO_TRADE] GBPUSD.sml already checked candle 2026-04-29 11:15:00
[2026-04-29 15:24:29.446805] [SELECT] Trading symbol switched: GBPUSD.sml -> XAUUSD.sml | AI watchlist candidate
[2026-04-29 15:24:29.446849] [SCAN] Analyzing XAUUSD.sml
[2026-04-29 15:24:29.748865] [NO_TRADE] XAUUSD.sml Spread too wide: 350.0 points > 80
[2026-04-29 15:24:29.749091] [SELECT] Trading symbol switched: XAUUSD.sml -> USDJPY.sml | AI watchlist candidate
[2026-04-29 15:24:29.749155] [SCAN] Analyzing USDJPY.sml
[2026-04-29 15:24:30.357021] [NO_TRADE] USDJPY.sml already checked candle 2026-04-29 11:15:00
[2026-04-29 15:24:30.357273] [SELECT] Trading symbol switched: USDJPY.sml -> EURJPY | AI watchlist candidate
[2026-04-29 15:24:30.357330] [SCAN] Analyzing EURJPY
[2026-04-29 15:24:30.969252] [NO_TRADE] EURJPY already checked candle 2026-04-29 11:15:00
[2026-04-29 15:24:30.969342] [WAIT] No order from AI watchlist this round
[2026-04-29 15:25:30.970777] [AI] Using cached daily forex scan from 2026-04-29 14:00:15 | symbols=EURUSD.sml, GBPUSD.sml, XAUUSD.sml, USDJPY.sml, EURJPY
[2026-04-29 15:25:30.971156] [WATCHLIST] AI watchlist scan: EURUSD.sml, GBPUSD.sml, XAUUSD.sml, USDJPY.sml, EURJPY
[2026-04-29 15:25:30.971375] [SELECT] Trading symbol switched: EURJPY -> EURUSD.sml | AI watchlist candidate
[2026-04-29 15:25:30.971438] [SCAN] Analyzing EURUSD.sml

==============================
Time: 2026-04-29 15:25:31.558996
SIGNAL: {'time': Timestamp('2026-04-29 11:20:00'), 'symbol': 'EURUSD.sml', 'side': 'NO_TRADE', 'price': 1.16983, 'reason': 'no Donchian breakout'}
[NO_TRADE] EURUSD.sml No trade
[2026-04-29 15:25:31.559302] [SELECT] Trading symbol switched: EURUSD.sml -> GBPUSD.sml | AI watchlist candidate
[2026-04-29 15:25:31.559371] [SCAN] Analyzing GBPUSD.sml

==============================
Time: 2026-04-29 15:25:32.234634
SIGNAL: {'time': Timestamp('2026-04-29 11:20:00'), 'symbol': 'GBPUSD.sml', 'side': 'NO_TRADE', 'price': 1.35007, 'reason': 'no Donchian breakout'}
[NO_TRADE] GBPUSD.sml No trade
[2026-04-29 15:25:32.234852] [SELECT] Trading symbol switched: GBPUSD.sml -> XAUUSD.sml | AI watchlist candidate
[2026-04-29 15:25:32.234898] [SCAN] Analyzing XAUUSD.sml
[2026-04-29 15:25:32.561885] [NO_TRADE] XAUUSD.sml Spread too wide: 340.0 points > 80
[2026-04-29 15:25:32.562063] [SELECT] Trading symbol switched: XAUUSD.sml -> USDJPY.sml | AI watchlist candidate
[2026-04-29 15:25:32.562105] [SCAN] Analyzing USDJPY.sml

==============================
Time: 2026-04-29 15:25:33.196056
SIGNAL: {'time': Timestamp('2026-04-29 11:20:00'), 'symbol': 'USDJPY.sml', 'side': 'NO_TRADE', 'price': 159.739, 'reason': 'no Donchian breakout'}
[NO_TRADE] USDJPY.sml No trade
[2026-04-29 15:25:33.196287] [SELECT] Trading symbol switched: USDJPY.sml -> EURJPY | AI watchlist candidate
[2026-04-29 15:25:33.196333] [SCAN] Analyzing EURJPY

==============================
Time: 2026-04-29 15:25:33.839338
SIGNAL: {'time': Timestamp('2026-04-29 11:20:00'), 'symbol': 'EURJPY', 'side': 'NO_TRADE', 'price': 186.81, 'reason': 'no Donchian breakout'}
[NO_TRADE] EURJPY No trade
[2026-04-29 15:25:33.839452] [WAIT] No order from AI watchlist this round
[2026-04-29 15:26:33.840563] [AI] Using cached daily forex scan from 2026-04-29 14:00:15 | symbols=EURUSD.sml, GBPUSD.sml, XAUUSD.sml, USDJPY.sml, EURJPY
[2026-04-29 15:26:33.841104] [WATCHLIST] AI watchlist scan: EURUSD.sml, GBPUSD.sml, XAUUSD.sml, USDJPY.sml, EURJPY
[2026-04-29 15:26:33.841372] [SELECT] Trading symbol switched: EURJPY -> EURUSD.sml | AI watchlist candidate
[2026-04-29 15:26:33.841441] [SCAN] Analyzing EURUSD.sml
[2026-04-29 15:26:34.432316] [NO_TRADE] EURUSD.sml already checked candle 2026-04-29 11:20:00
[2026-04-29 15:26:34.432579] [SELECT] Trading symbol switched: EURUSD.sml -> GBPUSD.sml | AI watchlist candidate
[2026-04-29 15:26:34.432672] [SCAN] Analyzing GBPUSD.sml
[2026-04-29 15:26:35.050585] [NO_TRADE] GBPUSD.sml already checked candle 2026-04-29 11:20:00
[2026-04-29 15:26:35.050796] [SELECT] Trading symbol switched: GBPUSD.sml -> XAUUSD.sml | AI watchlist candidate
[2026-04-29 15:26:35.050878] [SCAN] Analyzing XAUUSD.sml
[2026-04-29 15:26:35.344273] [NO_TRADE] XAUUSD.sml Spread too wide: 620.0 points > 80
[2026-04-29 15:26:35.344449] [SELECT] Trading symbol switched: XAUUSD.sml -> USDJPY.sml | AI watchlist candidate
[2026-04-29 15:26:35.344491] [SCAN] Analyzing USDJPY.sml
[2026-04-29 15:26:35.968606] [NO_TRADE] USDJPY.sml already checked candle 2026-04-29 11:20:00
[2026-04-29 15:26:35.968859] [SELECT] Trading symbol switched: USDJPY.sml -> EURJPY | AI watchlist candidate
[2026-04-29 15:26:35.968919] [SCAN] Analyzing EURJPY
[2026-04-29 15:26:36.576576] [NO_TRADE] EURJPY already checked candle 2026-04-29 11:20:00
[2026-04-29 15:26:36.576668] [WAIT] No order from AI watchlist this round
[2026-04-29 15:27:36.579128] [AI] Using cached daily forex scan from 2026-04-29 14:00:15 | symbols=EURUSD.sml, GBPUSD.sml, XAUUSD.sml, USDJPY.sml, EURJPY
[2026-04-29 15:27:36.579982] [WATCHLIST] AI watchlist scan: EURUSD.sml, GBPUSD.sml, XAUUSD.sml, USDJPY.sml, EURJPY
[2026-04-29 15:27:36.580375] [SELECT] Trading symbol switched: EURJPY -> EURUSD.sml | AI watchlist candidate
[2026-04-29 15:27:36.580462] [SCAN] Analyzing EURUSD.sml
[2026-04-29 15:27:37.143192] [NO_TRADE] EURUSD.sml already checked candle 2026-04-29 11:20:00
[2026-04-29 15:27:37.143444] [SELECT] Trading symbol switched: EURUSD.sml -> GBPUSD.sml | AI watchlist candidate
[2026-04-29 15:27:37.143503] [SCAN] Analyzing GBPUSD.sml
[2026-04-29 15:27:37.736492] [NO_TRADE] GBPUSD.sml already checked candle 2026-04-29 11:20:00
[2026-04-29 15:27:37.736690] [SELECT] Trading symbol switched: GBPUSD.sml -> XAUUSD.sml | AI watchlist candidate
[2026-04-29 15:27:37.736734] [SCAN] Analyzing XAUUSD.sml
[2026-04-29 15:27:38.038469] [NO_TRADE] XAUUSD.sml Spread too wide: 360.0 points > 80
[2026-04-29 15:27:38.038646] [SELECT] Trading symbol switched: XAUUSD.sml -> USDJPY.sml | AI watchlist candidate
[2026-04-29 15:27:38.038689] [SCAN] Analyzing USDJPY.sml
[2026-04-29 15:27:38.674713] [NO_TRADE] USDJPY.sml already checked candle 2026-04-29 11:20:00
[2026-04-29 15:27:38.674926] [SELECT] Trading symbol switched: USDJPY.sml -> EURJPY | AI watchlist candidate
[2026-04-29 15:27:38.674967] [SCAN] Analyzing EURJPY
[2026-04-29 15:27:39.289549] [NO_TRADE] EURJPY already checked candle 2026-04-29 11:20:00
[2026-04-29 15:27:39.289639] [WAIT] No order from AI watchlist this round
[2026-04-29 15:28:39.291158] [AI] Using cached daily forex scan from 2026-04-29 14:00:15 | symbols=EURUSD.sml, GBPUSD.sml, XAUUSD.sml, USDJPY.sml, EURJPY
[2026-04-29 15:28:39.291636] [WATCHLIST] AI watchlist scan: EURUSD.sml, GBPUSD.sml, XAUUSD.sml, USDJPY.sml, EURJPY
[2026-04-29 15:28:39.291886] [SELECT] Trading symbol switched: EURJPY -> EURUSD.sml | AI watchlist candidate
[2026-04-29 15:28:39.291936] [SCAN] Analyzing EURUSD.sml
[2026-04-29 15:28:39.937875] [NO_TRADE] EURUSD.sml already checked candle 2026-04-29 11:20:00
[2026-04-29 15:28:39.938107] [SELECT] Trading symbol switched: EURUSD.sml -> GBPUSD.sml | AI watchlist candidate
[2026-04-29 15:28:39.938165] [SCAN] Analyzing GBPUSD.sml
[2026-04-29 15:28:40.556212] [NO_TRADE] GBPUSD.sml already checked candle 2026-04-29 11:20:00
[2026-04-29 15:28:40.556430] [SELECT] Trading symbol switched: GBPUSD.sml -> XAUUSD.sml | AI watchlist candidate
[2026-04-29 15:28:40.556475] [SCAN] Analyzing XAUUSD.sml
[2026-04-29 15:28:40.865544] [NO_TRADE] XAUUSD.sml Spread too wide: 510.0 points > 80
[2026-04-29 15:28:40.865768] [SELECT] Trading symbol switched: XAUUSD.sml -> USDJPY.sml | AI watchlist candidate
[2026-04-29 15:28:40.865818] [SCAN] Analyzing USDJPY.sml
[2026-04-29 15:28:41.511184] [NO_TRADE] USDJPY.sml already checked candle 2026-04-29 11:20:00
[2026-04-29 15:28:41.511405] [SELECT] Trading symbol switched: USDJPY.sml -> EURJPY | AI watchlist candidate
[2026-04-29 15:28:41.511451] [SCAN] Analyzing EURJPY
[2026-04-29 15:28:42.175627] [NO_TRADE] EURJPY already checked candle 2026-04-29 11:20:00
[2026-04-29 15:28:42.175717] [WAIT] No order from AI watchlist this round
[2026-04-29 15:29:42.177206] [AI] Using cached daily forex scan from 2026-04-29 14:00:15 | symbols=EURUSD.sml, GBPUSD.sml, XAUUSD.sml, USDJPY.sml, EURJPY
[2026-04-29 15:29:42.177624] [WATCHLIST] AI watchlist scan: EURUSD.sml, GBPUSD.sml, XAUUSD.sml, USDJPY.sml, EURJPY
[2026-04-29 15:29:42.178296] [SELECT] Trading symbol switched: EURJPY -> EURUSD.sml | AI watchlist candidate
[2026-04-29 15:29:42.178391] [SCAN] Analyzing EURUSD.sml
[2026-04-29 15:29:42.760273] [NO_TRADE] EURUSD.sml already checked candle 2026-04-29 11:20:00
[2026-04-29 15:29:42.760479] [SELECT] Trading symbol switched: EURUSD.sml -> GBPUSD.sml | AI watchlist candidate
[2026-04-29 15:29:42.760523] [SCAN] Analyzing GBPUSD.sml
[2026-04-29 15:29:43.388251] [NO_TRADE] GBPUSD.sml already checked candle 2026-04-29 11:20:00
[2026-04-29 15:29:43.388479] [SELECT] Trading symbol switched: GBPUSD.sml -> XAUUSD.sml | AI watchlist candidate
[2026-04-29 15:29:43.388523] [SCAN] Analyzing XAUUSD.sml
[2026-04-29 15:29:43.681371] [NO_TRADE] XAUUSD.sml Spread too wide: 530.0 points > 80
[2026-04-29 15:29:43.681539] [SELECT] Trading symbol switched: XAUUSD.sml -> USDJPY.sml | AI watchlist candidate
[2026-04-29 15:29:43.681580] [SCAN] Analyzing USDJPY.sml
[2026-04-29 15:29:44.322638] [NO_TRADE] USDJPY.sml already checked candle 2026-04-29 11:20:00
[2026-04-29 15:29:44.322886] [SELECT] Trading symbol switched: USDJPY.sml -> EURJPY | AI watchlist candidate
[2026-04-29 15:29:44.322930] [SCAN] Analyzing EURJPY
[2026-04-29 15:29:45.007798] [NO_TRADE] EURJPY already checked candle 2026-04-29 11:20:00
[2026-04-29 15:29:45.007929] [WAIT] No order from AI watchlist this round
[2026-04-29 15:30:45.009499] [AI] Using cached daily forex scan from 2026-04-29 14:00:15 | symbols=EURUSD.sml, GBPUSD.sml, XAUUSD.sml, USDJPY.sml, EURJPY
[2026-04-29 15:30:45.010033] [WATCHLIST] AI watchlist scan: EURUSD.sml, GBPUSD.sml, XAUUSD.sml, USDJPY.sml, EURJPY
[2026-04-29 15:30:45.010254] [SELECT] Trading symbol switched: EURJPY -> EURUSD.sml | AI watchlist candidate
[2026-04-29 15:30:45.010315] [SCAN] Analyzing EURUSD.sml

==============================
Time: 2026-04-29 15:30:45.617594
SIGNAL: {'time': Timestamp('2026-04-29 11:25:00'), 'symbol': 'EURUSD.sml', 'side': 'NO_TRADE', 'price': 1.1699, 'reason': 'no Donchian breakout'}
[NO_TRADE] EURUSD.sml No trade
[2026-04-29 15:30:45.617849] [SELECT] Trading symbol switched: EURUSD.sml -> GBPUSD.sml | AI watchlist candidate
[2026-04-29 15:30:45.617896] [SCAN] Analyzing GBPUSD.sml

==============================
Time: 2026-04-29 15:30:46.256214
SIGNAL: {'time': Timestamp('2026-04-29 11:25:00'), 'symbol': 'GBPUSD.sml', 'side': 'NO_TRADE', 'price': 1.35035, 'reason': 'no Donchian breakout'}
[NO_TRADE] GBPUSD.sml No trade
[2026-04-29 15:30:46.256432] [SELECT] Trading symbol switched: GBPUSD.sml -> XAUUSD.sml | AI watchlist candidate
[2026-04-29 15:30:46.256487] [SCAN] Analyzing XAUUSD.sml
[2026-04-29 15:30:46.585587] [NO_TRADE] XAUUSD.sml Spread too wide: 460.0 points > 80
[2026-04-29 15:30:46.585786] [SELECT] Trading symbol switched: XAUUSD.sml -> USDJPY.sml | AI watchlist candidate
[2026-04-29 15:30:46.585836] [SCAN] Analyzing USDJPY.sml

==============================
Time: 2026-04-29 15:30:47.245311
SIGNAL: {'time': Timestamp('2026-04-29 11:25:00'), 'symbol': 'USDJPY.sml', 'side': 'NO_TRADE', 'price': 159.744, 'reason': 'no Donchian breakout'}
[NO_TRADE] USDJPY.sml No trade
[2026-04-29 15:30:47.245539] [SELECT] Trading symbol switched: USDJPY.sml -> EURJPY | AI watchlist candidate
[2026-04-29 15:30:47.245580] [SCAN] Analyzing EURJPY

==============================
Time: 2026-04-29 15:30:47.953151
SIGNAL: {'time': Timestamp('2026-04-29 11:25:00'), 'symbol': 'EURJPY', 'side': 'NO_TRADE', 'price': 186.826, 'reason': 'no Donchian breakout'}
[NO_TRADE] EURJPY No trade
[2026-04-29 15:30:47.953255] [WAIT] No order from AI watchlist this round
[2026-04-29 15:31:47.954467] [AI] Using cached daily forex scan from 2026-04-29 14:00:15 | symbols=EURUSD.sml, GBPUSD.sml, XAUUSD.sml, USDJPY.sml, EURJPY
[2026-04-29 15:31:47.954978] [WATCHLIST] AI watchlist scan: EURUSD.sml, GBPUSD.sml, XAUUSD.sml, USDJPY.sml, EURJPY
[2026-04-29 15:31:47.955224] [SELECT] Trading symbol switched: EURJPY -> EURUSD.sml | AI watchlist candidate
[2026-04-29 15:31:47.955289] [SCAN] Analyzing EURUSD.sml
[2026-04-29 15:31:48.781141] [NO_TRADE] EURUSD.sml already checked candle 2026-04-29 11:25:00
[2026-04-29 15:31:48.781340] [SELECT] Trading symbol switched: EURUSD.sml -> GBPUSD.sml | AI watchlist candidate
[2026-04-29 15:31:48.781393] [SCAN] Analyzing GBPUSD.sml
[2026-04-29 15:31:49.605202] [NO_TRADE] GBPUSD.sml already checked candle 2026-04-29 11:25:00
[2026-04-29 15:31:49.605416] [SELECT] Trading symbol switched: GBPUSD.sml -> XAUUSD.sml | AI watchlist candidate
[2026-04-29 15:31:49.605464] [SCAN] Analyzing XAUUSD.sml
[2026-04-29 15:31:49.950127] [NO_TRADE] XAUUSD.sml Spread too wide: 540.0 points > 80
[2026-04-29 15:31:49.950406] [SELECT] Trading symbol switched: XAUUSD.sml -> USDJPY.sml | AI watchlist candidate
[2026-04-29 15:31:49.950495] [SCAN] Analyzing USDJPY.sml
[2026-04-29 15:31:50.759474] [NO_TRADE] USDJPY.sml already checked candle 2026-04-29 11:25:00
[2026-04-29 15:31:50.759697] [SELECT] Trading symbol switched: USDJPY.sml -> EURJPY | AI watchlist candidate
[2026-04-29 15:31:50.759740] [SCAN] Analyzing EURJPY
[2026-04-29 15:31:51.714695] [NO_TRADE] EURJPY already checked candle 2026-04-29 11:25:00
[2026-04-29 15:31:51.714792] [WAIT] No order from AI watchlist this round
[2026-04-29 15:32:51.716730] [AI] Using cached daily forex scan from 2026-04-29 14:00:15 | symbols=EURUSD.sml, GBPUSD.sml, XAUUSD.sml, USDJPY.sml, EURJPY
[2026-04-29 15:32:51.717159] [WATCHLIST] AI watchlist scan: EURUSD.sml, GBPUSD.sml, XAUUSD.sml, USDJPY.sml, EURJPY
[2026-04-29 15:32:51.717393] [SELECT] Trading symbol switched: EURJPY -> EURUSD.sml | AI watchlist candidate
[2026-04-29 15:32:51.717465] [SCAN] Analyzing EURUSD.sml
[2026-04-29 15:32:52.294039] [NO_TRADE] EURUSD.sml already checked candle 2026-04-29 11:25:00
[2026-04-29 15:32:52.294248] [SELECT] Trading symbol switched: EURUSD.sml -> GBPUSD.sml | AI watchlist candidate
[2026-04-29 15:32:52.294291] [SCAN] Analyzing GBPUSD.sml
[2026-04-29 15:32:52.927104] [NO_TRADE] GBPUSD.sml already checked candle 2026-04-29 11:25:00
[2026-04-29 15:32:52.927345] [SELECT] Trading symbol switched: GBPUSD.sml -> XAUUSD.sml | AI watchlist candidate
[2026-04-29 15:32:52.927415] [SCAN] Analyzing XAUUSD.sml
[2026-04-29 15:32:53.223289] [NO_TRADE] XAUUSD.sml Spread too wide: 510.0 points > 80
[2026-04-29 15:32:53.223454] [SELECT] Trading symbol switched: XAUUSD.sml -> USDJPY.sml | AI watchlist candidate
[2026-04-29 15:32:53.223492] [SCAN] Analyzing USDJPY.sml
[2026-04-29 15:32:53.851734] [NO_TRADE] USDJPY.sml already checked candle 2026-04-29 11:25:00
[2026-04-29 15:32:53.851945] [SELECT] Trading symbol switched: USDJPY.sml -> EURJPY | AI watchlist candidate
[2026-04-29 15:32:53.851987] [SCAN] Analyzing EURJPY
[2026-04-29 15:32:54.543645] [NO_TRADE] EURJPY already checked candle 2026-04-29 11:25:00
[2026-04-29 15:32:54.543736] [WAIT] No order from AI watchlist this round
[2026-04-29 15:33:54.545483] [AI] Using cached daily forex scan from 2026-04-29 14:00:15 | symbols=EURUSD.sml, GBPUSD.sml, XAUUSD.sml, USDJPY.sml, EURJPY
[2026-04-29 15:33:54.545885] [WATCHLIST] AI watchlist scan: EURUSD.sml, GBPUSD.sml, XAUUSD.sml, USDJPY.sml, EURJPY
[2026-04-29 15:33:54.546120] [SELECT] Trading symbol switched: EURJPY -> EURUSD.sml | AI watchlist candidate
[2026-04-29 15:33:54.546173] [SCAN] Analyzing EURUSD.sml
[2026-04-29 15:33:55.131896] [NO_TRADE] EURUSD.sml already checked candle 2026-04-29 11:25:00
[2026-04-29 15:33:55.132094] [SELECT] Trading symbol switched: EURUSD.sml -> GBPUSD.sml | AI watchlist candidate
[2026-04-29 15:33:55.132134] [SCAN] Analyzing GBPUSD.sml
[2026-04-29 15:33:55.762426] [NO_TRADE] GBPUSD.sml already checked candle 2026-04-29 11:25:00
[2026-04-29 15:33:55.762636] [SELECT] Trading symbol switched: GBPUSD.sml -> XAUUSD.sml | AI watchlist candidate
[2026-04-29 15:33:55.762684] [SCAN] Analyzing XAUUSD.sml
[2026-04-29 15:33:56.058356] [NO_TRADE] XAUUSD.sml Spread too wide: 670.0 points > 80
[2026-04-29 15:33:56.058598] [SELECT] Trading symbol switched: XAUUSD.sml -> USDJPY.sml | AI watchlist candidate
[2026-04-29 15:33:56.058656] [SCAN] Analyzing USDJPY.sml
[2026-04-29 15:33:56.667500] [NO_TRADE] USDJPY.sml already checked candle 2026-04-29 11:25:00
[2026-04-29 15:33:56.667713] [SELECT] Trading symbol switched: USDJPY.sml -> EURJPY | AI watchlist candidate
[2026-04-29 15:33:56.667756] [SCAN] Analyzing EURJPY
[2026-04-29 15:33:57.344056] [NO_TRADE] EURJPY already checked candle 2026-04-29 11:25:00
[2026-04-29 15:33:57.344160] [WAIT] No order from AI watchlist this round
[2026-04-29 15:34:57.345739] [AI] Using cached daily forex scan from 2026-04-29 14:00:15 | symbols=EURUSD.sml, GBPUSD.sml, XAUUSD.sml, USDJPY.sml, EURJPY
[2026-04-29 15:34:57.346185] [WATCHLIST] AI watchlist scan: EURUSD.sml, GBPUSD.sml, XAUUSD.sml, USDJPY.sml, EURJPY
[2026-04-29 15:34:57.346407] [SELECT] Trading symbol switched: EURJPY -> EURUSD.sml | AI watchlist candidate
[2026-04-29 15:34:57.346458] [SCAN] Analyzing EURUSD.sml
[2026-04-29 15:34:57.934904] [NO_TRADE] EURUSD.sml already checked candle 2026-04-29 11:25:00
[2026-04-29 15:34:57.935121] [SELECT] Trading symbol switched: EURUSD.sml -> GBPUSD.sml | AI watchlist candidate
[2026-04-29 15:34:57.935182] [SCAN] Analyzing GBPUSD.sml
[2026-04-29 15:34:58.594426] [NO_TRADE] GBPUSD.sml already checked candle 2026-04-29 11:25:00
[2026-04-29 15:34:58.594671] [SELECT] Trading symbol switched: GBPUSD.sml -> XAUUSD.sml | AI watchlist candidate
[2026-04-29 15:34:58.594726] [SCAN] Analyzing XAUUSD.sml
[2026-04-29 15:34:58.894499] [NO_TRADE] XAUUSD.sml Spread too wide: 520.0 points > 80
[2026-04-29 15:34:58.894698] [SELECT] Trading symbol switched: XAUUSD.sml -> USDJPY.sml | AI watchlist candidate
[2026-04-29 15:34:58.894776] [SCAN] Analyzing USDJPY.sml
[2026-04-29 15:34:59.508237] [NO_TRADE] USDJPY.sml already checked candle 2026-04-29 11:25:00
[2026-04-29 15:34:59.508473] [SELECT] Trading symbol switched: USDJPY.sml -> EURJPY | AI watchlist candidate
[2026-04-29 15:34:59.508517] [SCAN] Analyzing EURJPY
[2026-04-29 15:35:00.185587] [NO_TRADE] EURJPY already checked candle 2026-04-29 11:25:00
[2026-04-29 15:35:00.185678] [WAIT] No order from AI watchlist this round
[2026-04-29 15:36:00.187286] [AI] Using cached daily forex scan from 2026-04-29 14:00:15 | symbols=EURUSD.sml, GBPUSD.sml, XAUUSD.sml, USDJPY.sml, EURJPY
[2026-04-29 15:36:00.187944] [WATCHLIST] AI watchlist scan: EURUSD.sml, GBPUSD.sml, XAUUSD.sml, USDJPY.sml, EURJPY
[2026-04-29 15:36:00.188327] [SELECT] Trading symbol switched: EURJPY -> EURUSD.sml | AI watchlist candidate
[2026-04-29 15:36:00.188380] [SCAN] Analyzing EURUSD.sml

==============================
Time: 2026-04-29 15:36:00.816818
SIGNAL: {'time': Timestamp('2026-04-29 11:30:00'), 'symbol': 'EURUSD.sml', 'side': 'NO_TRADE', 'price': 1.1696, 'reason': 'no Donchian breakout'}
[NO_TRADE] EURUSD.sml No trade
[2026-04-29 15:36:00.817062] [SELECT] Trading symbol switched: EURUSD.sml -> GBPUSD.sml | AI watchlist candidate
[2026-04-29 15:36:00.817105] [SCAN] Analyzing GBPUSD.sml

==============================
Time: 2026-04-29 15:36:01.474412
SIGNAL: {'time': Timestamp('2026-04-29 11:30:00'), 'symbol': 'GBPUSD.sml', 'side': 'NO_TRADE', 'price': 1.34994, 'reason': 'no Donchian breakout'}
[NO_TRADE] GBPUSD.sml No trade
[2026-04-29 15:36:01.474711] [SELECT] Trading symbol switched: GBPUSD.sml -> XAUUSD.sml | AI watchlist candidate
[2026-04-29 15:36:01.474790] [SCAN] Analyzing XAUUSD.sml
[2026-04-29 15:36:01.799389] [NO_TRADE] XAUUSD.sml Spread too wide: 620.0 points > 80
[2026-04-29 15:36:01.799657] [SELECT] Trading symbol switched: XAUUSD.sml -> USDJPY.sml | AI watchlist candidate
[2026-04-29 15:36:01.799724] [SCAN] Analyzing USDJPY.sml

==============================
Time: 2026-04-29 15:36:02.451710
SIGNAL: {'time': Timestamp('2026-04-29 11:30:00'), 'symbol': 'USDJPY.sml', 'side': 'NO_TRADE', 'price': 159.779, 'reason': 'ATR too low atr_pct=0.00024'}
[NO_TRADE] USDJPY.sml No trade
[2026-04-29 15:36:02.451920] [SELECT] Trading symbol switched: USDJPY.sml -> EURJPY | AI watchlist candidate
[2026-04-29 15:36:02.451960] [SCAN] Analyzing EURJPY

==============================
Time: 2026-04-29 15:36:03.172850
SIGNAL: {'time': Timestamp('2026-04-29 11:30:00'), 'symbol': 'EURJPY', 'side': 'NO_TRADE', 'price': 186.819, 'reason': 'no Donchian breakout'}
[NO_TRADE] EURJPY No trade
[2026-04-29 15:36:03.172959] [WAIT] No order from AI watchlist this round
[2026-04-29 15:37:03.174510] [AI] Using cached daily forex scan from 2026-04-29 14:00:15 | symbols=EURUSD.sml, GBPUSD.sml, XAUUSD.sml, USDJPY.sml, EURJPY
[2026-04-29 15:37:03.175102] [WATCHLIST] AI watchlist scan: EURUSD.sml, GBPUSD.sml, XAUUSD.sml, USDJPY.sml, EURJPY
[2026-04-29 15:37:03.175350] [SELECT] Trading symbol switched: EURJPY -> EURUSD.sml | AI watchlist candidate
[2026-04-29 15:37:03.175404] [SCAN] Analyzing EURUSD.sml
[2026-04-29 15:37:03.756504] [NO_TRADE] EURUSD.sml already checked candle 2026-04-29 11:30:00
[2026-04-29 15:37:03.756728] [SELECT] Trading symbol switched: EURUSD.sml -> GBPUSD.sml | AI watchlist candidate
[2026-04-29 15:37:03.756780] [SCAN] Analyzing GBPUSD.sml
[2026-04-29 15:37:04.367540] [NO_TRADE] GBPUSD.sml already checked candle 2026-04-29 11:30:00
[2026-04-29 15:37:04.367876] [SELECT] Trading symbol switched: GBPUSD.sml -> XAUUSD.sml | AI watchlist candidate
[2026-04-29 15:37:04.367919] [SCAN] Analyzing XAUUSD.sml
[2026-04-29 15:37:04.664427] [NO_TRADE] XAUUSD.sml Spread too wide: 520.0 points > 80
[2026-04-29 15:37:04.664607] [SELECT] Trading symbol switched: XAUUSD.sml -> USDJPY.sml | AI watchlist candidate
[2026-04-29 15:37:04.664651] [SCAN] Analyzing USDJPY.sml
[2026-04-29 15:37:05.289495] [NO_TRADE] USDJPY.sml already checked candle 2026-04-29 11:30:00
[2026-04-29 15:37:05.289701] [SELECT] Trading symbol switched: USDJPY.sml -> EURJPY | AI watchlist candidate
[2026-04-29 15:37:05.289743] [SCAN] Analyzing EURJPY
[2026-04-29 15:37:05.951936] [NO_TRADE] EURJPY already checked candle 2026-04-29 11:30:00
[2026-04-29 15:37:05.952054] [WAIT] No order from AI watchlist this round
[2026-04-29 15:38:05.953392] [AI] Using cached daily forex scan from 2026-04-29 14:00:15 | symbols=EURUSD.sml, GBPUSD.sml, XAUUSD.sml, USDJPY.sml, EURJPY
[2026-04-29 15:38:05.954013] [WATCHLIST] AI watchlist scan: EURUSD.sml, GBPUSD.sml, XAUUSD.sml, USDJPY.sml, EURJPY
[2026-04-29 15:38:05.954353] [SELECT] Trading symbol switched: EURJPY -> EURUSD.sml | AI watchlist candidate
[2026-04-29 15:38:05.954438] [SCAN] Analyzing EURUSD.sml
[2026-04-29 15:38:06.562848] [NO_TRADE] EURUSD.sml already checked candle 2026-04-29 11:30:00
[2026-04-29 15:38:06.563060] [SELECT] Trading symbol switched: EURUSD.sml -> GBPUSD.sml | AI watchlist candidate
[2026-04-29 15:38:06.563105] [SCAN] Analyzing GBPUSD.sml
[2026-04-29 15:38:07.208282] [NO_TRADE] GBPUSD.sml already checked candle 2026-04-29 11:30:00
[2026-04-29 15:38:07.208493] [SELECT] Trading symbol switched: GBPUSD.sml -> XAUUSD.sml | AI watchlist candidate
[2026-04-29 15:38:07.208533] [SCAN] Analyzing XAUUSD.sml
[2026-04-29 15:38:07.493668] [NO_TRADE] XAUUSD.sml Spread too wide: 530.0 points > 80
[2026-04-29 15:38:07.493845] [SELECT] Trading symbol switched: XAUUSD.sml -> USDJPY.sml | AI watchlist candidate
[2026-04-29 15:38:07.493893] [SCAN] Analyzing USDJPY.sml
[2026-04-29 15:38:08.102918] [NO_TRADE] USDJPY.sml already checked candle 2026-04-29 11:30:00
[2026-04-29 15:38:08.103193] [SELECT] Trading symbol switched: USDJPY.sml -> EURJPY | AI watchlist candidate
[2026-04-29 15:38:08.103258] [SCAN] Analyzing EURJPY
[2026-04-29 15:38:08.780347] [NO_TRADE] EURJPY already checked candle 2026-04-29 11:30:00
[2026-04-29 15:38:08.780435] [WAIT] No order from AI watchlist this round
[2026-04-29 15:39:08.781549] [AI] Using cached daily forex scan from 2026-04-29 14:00:15 | symbols=EURUSD.sml, GBPUSD.sml, XAUUSD.sml, USDJPY.sml, EURJPY
[2026-04-29 15:39:08.781957] [WATCHLIST] AI watchlist scan: EURUSD.sml, GBPUSD.sml, XAUUSD.sml, USDJPY.sml, EURJPY
[2026-04-29 15:39:08.782192] [SELECT] Trading symbol switched: EURJPY -> EURUSD.sml | AI watchlist candidate
[2026-04-29 15:39:08.782245] [SCAN] Analyzing EURUSD.sml
[2026-04-29 15:39:09.357103] [NO_TRADE] EURUSD.sml already checked candle 2026-04-29 11:30:00
[2026-04-29 15:39:09.357308] [SELECT] Trading symbol switched: EURUSD.sml -> GBPUSD.sml | AI watchlist candidate
[2026-04-29 15:39:09.357349] [SCAN] Analyzing GBPUSD.sml
[2026-04-29 15:39:09.976285] [NO_TRADE] GBPUSD.sml already checked candle 2026-04-29 11:30:00
[2026-04-29 15:39:09.976506] [SELECT] Trading symbol switched: GBPUSD.sml -> XAUUSD.sml | AI watchlist candidate
[2026-04-29 15:39:09.976573] [SCAN] Analyzing XAUUSD.sml
[2026-04-29 15:39:10.269064] [NO_TRADE] XAUUSD.sml Spread too wide: 660.0 points > 80
[2026-04-29 15:39:10.269227] [SELECT] Trading symbol switched: XAUUSD.sml -> USDJPY.sml | AI watchlist candidate
[2026-04-29 15:39:10.269266] [SCAN] Analyzing USDJPY.sml
[2026-04-29 15:39:10.898159] [NO_TRADE] USDJPY.sml already checked candle 2026-04-29 11:30:00
[2026-04-29 15:39:10.898381] [SELECT] Trading symbol switched: USDJPY.sml -> EURJPY | AI watchlist candidate
[2026-04-29 15:39:10.898426] [SCAN] Analyzing EURJPY
[2026-04-29 15:39:11.573317] [NO_TRADE] EURJPY already checked candle 2026-04-29 11:30:00
[2026-04-29 15:39:11.573422] [WAIT] No order from AI watchlist this round
[2026-04-29 15:40:11.574811] [AI] Using cached daily forex scan from 2026-04-29 14:00:15 | symbols=EURUSD.sml, GBPUSD.sml, XAUUSD.sml, USDJPY.sml, EURJPY
[2026-04-29 15:40:11.575927] [WATCHLIST] AI watchlist scan: EURUSD.sml, GBPUSD.sml, XAUUSD.sml, USDJPY.sml, EURJPY
[2026-04-29 15:40:11.576348] [SELECT] Trading symbol switched: EURJPY -> EURUSD.sml | AI watchlist candidate
[2026-04-29 15:40:11.576450] [SCAN] Analyzing EURUSD.sml

==============================
Time: 2026-04-29 15:40:12.195929
SIGNAL: {'time': Timestamp('2026-04-29 11:35:00'), 'symbol': 'EURUSD.sml', 'side': 'NO_TRADE', 'price': 1.16981, 'reason': 'no Donchian breakout'}
[NO_TRADE] EURUSD.sml No trade
[2026-04-29 15:40:12.196267] [SELECT] Trading symbol switched: EURUSD.sml -> GBPUSD.sml | AI watchlist candidate
[2026-04-29 15:40:12.196341] [SCAN] Analyzing GBPUSD.sml

==============================
Time: 2026-04-29 15:40:12.877534
SIGNAL: {'time': Timestamp('2026-04-29 11:35:00'), 'symbol': 'GBPUSD.sml', 'side': 'NO_TRADE', 'price': 1.3501, 'reason': 'no Donchian breakout'}
[NO_TRADE] GBPUSD.sml No trade
[2026-04-29 15:40:12.877862] [SELECT] Trading symbol switched: GBPUSD.sml -> XAUUSD.sml | AI watchlist candidate
[2026-04-29 15:40:12.877920] [SCAN] Analyzing XAUUSD.sml
[2026-04-29 15:40:13.209164] [NO_TRADE] XAUUSD.sml Spread too wide: 610.0 points > 80
[2026-04-29 15:40:13.209338] [SELECT] Trading symbol switched: XAUUSD.sml -> USDJPY.sml | AI watchlist candidate
[2026-04-29 15:40:13.209378] [SCAN] Analyzing USDJPY.sml

==============================
Time: 2026-04-29 15:40:13.955272
SIGNAL: {'time': Timestamp('2026-04-29 11:35:00'), 'symbol': 'USDJPY.sml', 'side': 'NO_TRADE', 'price': 159.763, 'reason': 'no Donchian breakout'}
[NO_TRADE] USDJPY.sml No trade
[2026-04-29 15:40:13.955494] [SELECT] Trading symbol switched: USDJPY.sml -> EURJPY | AI watchlist candidate
[2026-04-29 15:40:13.955536] [SCAN] Analyzing EURJPY

==============================
Time: 2026-04-29 15:40:14.591279
SIGNAL: {'time': Timestamp('2026-04-29 11:35:00'), 'symbol': 'EURJPY', 'side': 'NO_TRADE', 'price': 186.834, 'reason': 'no Donchian breakout'}
[NO_TRADE] EURJPY No trade
[2026-04-29 15:40:14.591393] [WAIT] No order from AI watchlist this round
[2026-04-29 15:41:14.592889] [AI] Using cached daily forex scan from 2026-04-29 14:00:15 | symbols=EURUSD.sml, GBPUSD.sml, XAUUSD.sml, USDJPY.sml, EURJPY
[2026-04-29 15:41:14.593433] [WATCHLIST] AI watchlist scan: EURUSD.sml, GBPUSD.sml, XAUUSD.sml, USDJPY.sml, EURJPY
[2026-04-29 15:41:14.593673] [SELECT] Trading symbol switched: EURJPY -> EURUSD.sml | AI watchlist candidate
[2026-04-29 15:41:14.593737] [SCAN] Analyzing EURUSD.sml
[2026-04-29 15:41:15.173520] [NO_TRADE] EURUSD.sml already checked candle 2026-04-29 11:35:00
[2026-04-29 15:41:15.173725] [SELECT] Trading symbol switched: EURUSD.sml -> GBPUSD.sml | AI watchlist candidate
[2026-04-29 15:41:15.173765] [SCAN] Analyzing GBPUSD.sml
[2026-04-29 15:41:15.861372] [NO_TRADE] GBPUSD.sml already checked candle 2026-04-29 11:35:00
[2026-04-29 15:41:15.861609] [SELECT] Trading symbol switched: GBPUSD.sml -> XAUUSD.sml | AI watchlist candidate
[2026-04-29 15:41:15.861654] [SCAN] Analyzing XAUUSD.sml
[2026-04-29 15:41:16.166954] [NO_TRADE] XAUUSD.sml Spread too wide: 620.0 points > 80
[2026-04-29 15:41:16.167222] [SELECT] Trading symbol switched: XAUUSD.sml -> USDJPY.sml | AI watchlist candidate
[2026-04-29 15:41:16.167302] [SCAN] Analyzing USDJPY.sml
[2026-04-29 15:41:16.839898] [NO_TRADE] USDJPY.sml already checked candle 2026-04-29 11:35:00
[2026-04-29 15:41:16.840103] [SELECT] Trading symbol switched: USDJPY.sml -> EURJPY | AI watchlist candidate
[2026-04-29 15:41:16.840149] [SCAN] Analyzing EURJPY
[2026-04-29 15:41:17.463075] [NO_TRADE] EURJPY already checked candle 2026-04-29 11:35:00
[2026-04-29 15:41:17.463172] [WAIT] No order from AI watchlist this round
[2026-04-29 15:42:17.465080] [AI] Using cached daily forex scan from 2026-04-29 14:00:15 | symbols=EURUSD.sml, GBPUSD.sml, XAUUSD.sml, USDJPY.sml, EURJPY
[2026-04-29 15:42:17.465750] [WATCHLIST] AI watchlist scan: EURUSD.sml, GBPUSD.sml, XAUUSD.sml, USDJPY.sml, EURJPY
[2026-04-29 15:42:17.466033] [SELECT] Trading symbol switched: EURJPY -> EURUSD.sml | AI watchlist candidate
[2026-04-29 15:42:17.466165] [SCAN] Analyzing EURUSD.sml
[2026-04-29 15:42:18.067360] [NO_TRADE] EURUSD.sml already checked candle 2026-04-29 11:35:00
[2026-04-29 15:42:18.067556] [SELECT] Trading symbol switched: EURUSD.sml -> GBPUSD.sml | AI watchlist candidate
[2026-04-29 15:42:18.067600] [SCAN] Analyzing GBPUSD.sml
[2026-04-29 15:42:18.677258] [NO_TRADE] GBPUSD.sml already checked candle 2026-04-29 11:35:00
[2026-04-29 15:42:18.677465] [SELECT] Trading symbol switched: GBPUSD.sml -> XAUUSD.sml | AI watchlist candidate
[2026-04-29 15:42:18.677510] [SCAN] Analyzing XAUUSD.sml
[2026-04-29 15:42:19.049444] [NO_TRADE] XAUUSD.sml Spread too wide: 600.0 points > 80
[2026-04-29 15:42:19.049709] [SELECT] Trading symbol switched: XAUUSD.sml -> USDJPY.sml | AI watchlist candidate
[2026-04-29 15:42:19.049781] [SCAN] Analyzing USDJPY.sml
[2026-04-29 15:42:19.677282] [NO_TRADE] USDJPY.sml already checked candle 2026-04-29 11:35:00
[2026-04-29 15:42:19.677496] [SELECT] Trading symbol switched: USDJPY.sml -> EURJPY | AI watchlist candidate
[2026-04-29 15:42:19.677539] [SCAN] Analyzing EURJPY
[2026-04-29 15:42:20.276575] [NO_TRADE] EURJPY already checked candle 2026-04-29 11:35:00
[2026-04-29 15:42:20.276665] [WAIT] No order from AI watchlist this round
[2026-04-29 15:43:20.278128] [AI] Using cached daily forex scan from 2026-04-29 14:00:15 | symbols=EURUSD.sml, GBPUSD.sml, XAUUSD.sml, USDJPY.sml, EURJPY
[2026-04-29 15:43:20.278809] [WATCHLIST] AI watchlist scan: EURUSD.sml, GBPUSD.sml, XAUUSD.sml, USDJPY.sml, EURJPY
[2026-04-29 15:43:20.279192] [SELECT] Trading symbol switched: EURJPY -> EURUSD.sml | AI watchlist candidate
[2026-04-29 15:43:20.279336] [SCAN] Analyzing EURUSD.sml
[2026-04-29 15:43:20.857867] [NO_TRADE] EURUSD.sml already checked candle 2026-04-29 11:35:00
[2026-04-29 15:43:20.858084] [SELECT] Trading symbol switched: EURUSD.sml -> GBPUSD.sml | AI watchlist candidate
[2026-04-29 15:43:20.858164] [SCAN] Analyzing GBPUSD.sml
[2026-04-29 15:43:21.550210] [NO_TRADE] GBPUSD.sml already checked candle 2026-04-29 11:35:00
[2026-04-29 15:43:21.550430] [SELECT] Trading symbol switched: GBPUSD.sml -> XAUUSD.sml | AI watchlist candidate
[2026-04-29 15:43:21.550480] [SCAN] Analyzing XAUUSD.sml
[2026-04-29 15:43:21.866646] [NO_TRADE] XAUUSD.sml Spread too wide: 520.0 points > 80
[2026-04-29 15:43:21.866897] [SELECT] Trading symbol switched: XAUUSD.sml -> USDJPY.sml | AI watchlist candidate
[2026-04-29 15:43:21.866953] [SCAN] Analyzing USDJPY.sml
[2026-04-29 15:43:22.503095] [NO_TRADE] USDJPY.sml already checked candle 2026-04-29 11:35:00
[2026-04-29 15:43:22.503330] [SELECT] Trading symbol switched: USDJPY.sml -> EURJPY | AI watchlist candidate
[2026-04-29 15:43:22.503416] [SCAN] Analyzing EURJPY
[2026-04-29 15:43:23.122363] [NO_TRADE] EURJPY already checked candle 2026-04-29 11:35:00
[2026-04-29 15:43:23.122463] [WAIT] No order from AI watchlist this round
[2026-04-29 15:44:23.124243] [AI] Using cached daily forex scan from 2026-04-29 14:00:15 | symbols=EURUSD.sml, GBPUSD.sml, XAUUSD.sml, USDJPY.sml, EURJPY
[2026-04-29 15:44:23.125095] [WATCHLIST] AI watchlist scan: EURUSD.sml, GBPUSD.sml, XAUUSD.sml, USDJPY.sml, EURJPY
[2026-04-29 15:44:23.125464] [SELECT] Trading symbol switched: EURJPY -> EURUSD.sml | AI watchlist candidate
[2026-04-29 15:44:23.125573] [SCAN] Analyzing EURUSD.sml
[2026-04-29 15:44:23.704973] [NO_TRADE] EURUSD.sml already checked candle 2026-04-29 11:35:00
[2026-04-29 15:44:23.705191] [SELECT] Trading symbol switched: EURUSD.sml -> GBPUSD.sml | AI watchlist candidate
[2026-04-29 15:44:23.705238] [SCAN] Analyzing GBPUSD.sml
[2026-04-29 15:44:24.419668] [NO_TRADE] GBPUSD.sml already checked candle 2026-04-29 11:35:00
[2026-04-29 15:44:24.419898] [SELECT] Trading symbol switched: GBPUSD.sml -> XAUUSD.sml | AI watchlist candidate
[2026-04-29 15:44:24.419964] [SCAN] Analyzing XAUUSD.sml
[2026-04-29 15:44:24.722911] [NO_TRADE] XAUUSD.sml Spread too wide: 290.0 points > 80
[2026-04-29 15:44:24.723085] [SELECT] Trading symbol switched: XAUUSD.sml -> USDJPY.sml | AI watchlist candidate
[2026-04-29 15:44:24.723128] [SCAN] Analyzing USDJPY.sml
[2026-04-29 15:44:25.349377] [NO_TRADE] USDJPY.sml already checked candle 2026-04-29 11:35:00
[2026-04-29 15:44:25.349625] [SELECT] Trading symbol switched: USDJPY.sml -> EURJPY | AI watchlist candidate
[2026-04-29 15:44:25.349690] [SCAN] Analyzing EURJPY
[2026-04-29 15:44:25.959843] [NO_TRADE] EURJPY already checked candle 2026-04-29 11:35:00
[2026-04-29 15:44:25.959932] [WAIT] No order from AI watchlist this round
[2026-04-29 15:45:25.961501] [AI] Using cached daily forex scan from 2026-04-29 14:00:15 | symbols=EURUSD.sml, GBPUSD.sml, XAUUSD.sml, USDJPY.sml, EURJPY
[2026-04-29 15:45:25.961888] [WATCHLIST] AI watchlist scan: EURUSD.sml, GBPUSD.sml, XAUUSD.sml, USDJPY.sml, EURJPY
[2026-04-29 15:45:25.962110] [SELECT] Trading symbol switched: EURJPY -> EURUSD.sml | AI watchlist candidate
[2026-04-29 15:45:25.962162] [SCAN] Analyzing EURUSD.sml

==============================
Time: 2026-04-29 15:45:26.647146
SIGNAL: {'time': Timestamp('2026-04-29 11:40:00'), 'symbol': 'EURUSD.sml', 'side': 'NO_TRADE', 'price': 1.16993, 'reason': 'no Donchian breakout'}
[NO_TRADE] EURUSD.sml No trade
[2026-04-29 15:45:26.647396] [SELECT] Trading symbol switched: EURUSD.sml -> GBPUSD.sml | AI watchlist candidate
[2026-04-29 15:45:26.647440] [SCAN] Analyzing GBPUSD.sml

==============================
Time: 2026-04-29 15:45:27.319735
SIGNAL: {'time': Timestamp('2026-04-29 11:40:00'), 'symbol': 'GBPUSD.sml', 'side': 'NO_TRADE', 'price': 1.35022, 'reason': 'no Donchian breakout'}
[NO_TRADE] GBPUSD.sml No trade
[2026-04-29 15:45:27.319946] [SELECT] Trading symbol switched: GBPUSD.sml -> XAUUSD.sml | AI watchlist candidate
[2026-04-29 15:45:27.319989] [SCAN] Analyzing XAUUSD.sml
[2026-04-29 15:45:27.648883] [NO_TRADE] XAUUSD.sml Spread too wide: 370.0 points > 80
[2026-04-29 15:45:27.649048] [SELECT] Trading symbol switched: XAUUSD.sml -> USDJPY.sml | AI watchlist candidate
[2026-04-29 15:45:27.649088] [SCAN] Analyzing USDJPY.sml

==============================
Time: 2026-04-29 15:45:28.293125
SIGNAL: {'time': Timestamp('2026-04-29 11:40:00'), 'symbol': 'USDJPY.sml', 'side': 'NO_TRADE', 'price': 159.765, 'reason': 'no Donchian breakout'}
[NO_TRADE] USDJPY.sml No trade
[2026-04-29 15:45:28.293419] [SELECT] Trading symbol switched: USDJPY.sml -> EURJPY | AI watchlist candidate
[2026-04-29 15:45:28.293477] [SCAN] Analyzing EURJPY

==============================
Time: 2026-04-29 15:45:28.950931
SIGNAL: {'time': Timestamp('2026-04-29 11:40:00'), 'symbol': 'EURJPY', 'side': 'NO_TRADE', 'price': 186.854, 'reason': 'no Donchian breakout'}
[NO_TRADE] EURJPY No trade
[2026-04-29 15:45:28.951116] [WAIT] No order from AI watchlist this round
[2026-04-29 15:46:28.952194] [AI] Using cached daily forex scan from 2026-04-29 14:00:15 | symbols=EURUSD.sml, GBPUSD.sml, XAUUSD.sml, USDJPY.sml, EURJPY
[2026-04-29 15:46:28.952504] [WATCHLIST] AI watchlist scan: EURUSD.sml, GBPUSD.sml, XAUUSD.sml, USDJPY.sml, EURJPY
[2026-04-29 15:46:28.952687] [SELECT] Trading symbol switched: EURJPY -> EURUSD.sml | AI watchlist candidate
[2026-04-29 15:46:28.952727] [SCAN] Analyzing EURUSD.sml
[2026-04-29 15:46:29.589235] [NO_TRADE] EURUSD.sml already checked candle 2026-04-29 11:40:00
[2026-04-29 15:46:29.589437] [SELECT] Trading symbol switched: EURUSD.sml -> GBPUSD.sml | AI watchlist candidate
[2026-04-29 15:46:29.589479] [SCAN] Analyzing GBPUSD.sml
[2026-04-29 15:46:30.212313] [NO_TRADE] GBPUSD.sml already checked candle 2026-04-29 11:40:00
[2026-04-29 15:46:30.212558] [SELECT] Trading symbol switched: GBPUSD.sml -> XAUUSD.sml | AI watchlist candidate
[2026-04-29 15:46:30.212618] [SCAN] Analyzing XAUUSD.sml
[2026-04-29 15:46:30.527811] [NO_TRADE] XAUUSD.sml Spread too wide: 100.0 points > 80
[2026-04-29 15:46:30.528070] [SELECT] Trading symbol switched: XAUUSD.sml -> USDJPY.sml | AI watchlist candidate
[2026-04-29 15:46:30.528114] [SCAN] Analyzing USDJPY.sml
[2026-04-29 15:46:31.159314] [NO_TRADE] USDJPY.sml already checked candle 2026-04-29 11:40:00
[2026-04-29 15:46:31.159533] [SELECT] Trading symbol switched: USDJPY.sml -> EURJPY | AI watchlist candidate
[2026-04-29 15:46:31.159598] [SCAN] Analyzing EURJPY
[2026-04-29 15:46:31.831862] [NO_TRADE] EURJPY already checked candle 2026-04-29 11:40:00
[2026-04-29 15:46:31.831963] [WAIT] No order from AI watchlist this round
[2026-04-29 15:47:31.833901] [AI] Using cached daily forex scan from 2026-04-29 14:00:15 | symbols=EURUSD.sml, GBPUSD.sml, XAUUSD.sml, USDJPY.sml, EURJPY
[2026-04-29 15:47:31.834680] [WATCHLIST] AI watchlist scan: EURUSD.sml, GBPUSD.sml, XAUUSD.sml, USDJPY.sml, EURJPY
[2026-04-29 15:47:31.835079] [SELECT] Trading symbol switched: EURJPY -> EURUSD.sml | AI watchlist candidate
[2026-04-29 15:47:31.835183] [SCAN] Analyzing EURUSD.sml
[2026-04-29 15:47:32.432084] [NO_TRADE] EURUSD.sml already checked candle 2026-04-29 11:40:00
[2026-04-29 15:47:32.432317] [SELECT] Trading symbol switched: EURUSD.sml -> GBPUSD.sml | AI watchlist candidate
[2026-04-29 15:47:32.432361] [SCAN] Analyzing GBPUSD.sml
[2026-04-29 15:47:33.042282] [NO_TRADE] GBPUSD.sml already checked candle 2026-04-29 11:40:00
[2026-04-29 15:47:33.042482] [SELECT] Trading symbol switched: GBPUSD.sml -> XAUUSD.sml | AI watchlist candidate
[2026-04-29 15:47:33.042524] [SCAN] Analyzing XAUUSD.sml
[2026-04-29 15:47:33.340953] [NO_TRADE] XAUUSD.sml Spread too wide: 290.0 points > 80
[2026-04-29 15:47:33.341155] [SELECT] Trading symbol switched: XAUUSD.sml -> USDJPY.sml | AI watchlist candidate
[2026-04-29 15:47:33.341219] [SCAN] Analyzing USDJPY.sml
[2026-04-29 15:47:33.966050] [NO_TRADE] USDJPY.sml already checked candle 2026-04-29 11:40:00
[2026-04-29 15:47:33.966325] [SELECT] Trading symbol switched: USDJPY.sml -> EURJPY | AI watchlist candidate
[2026-04-29 15:47:33.966412] [SCAN] Analyzing EURJPY
[2026-04-29 15:47:34.569012] [NO_TRADE] EURJPY already checked candle 2026-04-29 11:40:00
[2026-04-29 15:47:34.569133] [WAIT] No order from AI watchlist this round
[2026-04-29 15:48:34.570802] [AI] Using cached daily forex scan from 2026-04-29 14:00:15 | symbols=EURUSD.sml, GBPUSD.sml, XAUUSD.sml, USDJPY.sml, EURJPY
[2026-04-29 15:48:34.571614] [WATCHLIST] AI watchlist scan: EURUSD.sml, GBPUSD.sml, XAUUSD.sml, USDJPY.sml, EURJPY
[2026-04-29 15:48:34.572046] [SELECT] Trading symbol switched: EURJPY -> EURUSD.sml | AI watchlist candidate
[2026-04-29 15:48:34.572151] [SCAN] Analyzing EURUSD.sml
[2026-04-29 15:48:35.173033] [NO_TRADE] EURUSD.sml already checked candle 2026-04-29 11:40:00
[2026-04-29 15:48:35.173234] [SELECT] Trading symbol switched: EURUSD.sml -> GBPUSD.sml | AI watchlist candidate
[2026-04-29 15:48:35.173276] [SCAN] Analyzing GBPUSD.sml
[2026-04-29 15:48:35.801767] [NO_TRADE] GBPUSD.sml already checked candle 2026-04-29 11:40:00
[2026-04-29 15:48:35.802002] [SELECT] Trading symbol switched: GBPUSD.sml -> XAUUSD.sml | AI watchlist candidate
[2026-04-29 15:48:35.802043] [SCAN] Analyzing XAUUSD.sml
[2026-04-29 15:48:36.092345] [NO_TRADE] XAUUSD.sml Spread too wide: 500.0 points > 80
[2026-04-29 15:48:36.092594] [SELECT] Trading symbol switched: XAUUSD.sml -> USDJPY.sml | AI watchlist candidate
[2026-04-29 15:48:36.092681] [SCAN] Analyzing USDJPY.sml
[2026-04-29 15:48:36.699730] [NO_TRADE] USDJPY.sml already checked candle 2026-04-29 11:40:00
[2026-04-29 15:48:36.699943] [SELECT] Trading symbol switched: USDJPY.sml -> EURJPY | AI watchlist candidate
[2026-04-29 15:48:36.699985] [SCAN] Analyzing EURJPY
[2026-04-29 15:48:37.363981] [NO_TRADE] EURJPY already checked candle 2026-04-29 11:40:00
[2026-04-29 15:48:37.364068] [WAIT] No order from AI watchlist this round
[2026-04-29 15:49:37.366038] [AI] Using cached daily forex scan from 2026-04-29 14:00:15 | symbols=EURUSD.sml, GBPUSD.sml, XAUUSD.sml, USDJPY.sml, EURJPY
[2026-04-29 15:49:37.366747] [WATCHLIST] AI watchlist scan: EURUSD.sml, GBPUSD.sml, XAUUSD.sml, USDJPY.sml, EURJPY
[2026-04-29 15:49:37.367096] [SELECT] Trading symbol switched: EURJPY -> EURUSD.sml | AI watchlist candidate
[2026-04-29 15:49:37.367181] [SCAN] Analyzing EURUSD.sml
[2026-04-29 15:49:37.954769] [NO_TRADE] EURUSD.sml already checked candle 2026-04-29 11:40:00
[2026-04-29 15:49:37.954980] [SELECT] Trading symbol switched: EURUSD.sml -> GBPUSD.sml | AI watchlist candidate
[2026-04-29 15:49:37.955026] [SCAN] Analyzing GBPUSD.sml
[2026-04-29 15:49:38.574530] [NO_TRADE] GBPUSD.sml already checked candle 2026-04-29 11:40:00
[2026-04-29 15:49:38.574755] [SELECT] Trading symbol switched: GBPUSD.sml -> XAUUSD.sml | AI watchlist candidate
[2026-04-29 15:49:38.574833] [SCAN] Analyzing XAUUSD.sml
[2026-04-29 15:49:38.863929] [NO_TRADE] XAUUSD.sml Spread too wide: 370.0 points > 80
[2026-04-29 15:49:38.866060] [SELECT] Trading symbol switched: XAUUSD.sml -> USDJPY.sml | AI watchlist candidate
[2026-04-29 15:49:38.866111] [SCAN] Analyzing USDJPY.sml
[2026-04-29 15:49:39.486604] [NO_TRADE] USDJPY.sml already checked candle 2026-04-29 11:40:00
[2026-04-29 15:49:39.486829] [SELECT] Trading symbol switched: USDJPY.sml -> EURJPY | AI watchlist candidate
[2026-04-29 15:49:39.486873] [SCAN] Analyzing EURJPY
[2026-04-29 15:49:40.161951] [NO_TRADE] EURJPY already checked candle 2026-04-29 11:40:00
[2026-04-29 15:49:40.162043] [WAIT] No order from AI watchlist this round
[2026-04-29 15:50:40.163354] [AI] Using cached daily forex scan from 2026-04-29 14:00:15 | symbols=EURUSD.sml, GBPUSD.sml, XAUUSD.sml, USDJPY.sml, EURJPY
[2026-04-29 15:50:40.163754] [WATCHLIST] AI watchlist scan: EURUSD.sml, GBPUSD.sml, XAUUSD.sml, USDJPY.sml, EURJPY
[2026-04-29 15:50:40.163955] [SELECT] Trading symbol switched: EURJPY -> EURUSD.sml | AI watchlist candidate
[2026-04-29 15:50:40.163996] [SCAN] Analyzing EURUSD.sml

==============================
Time: 2026-04-29 15:50:40.771139
SIGNAL: {'time': Timestamp('2026-04-29 11:45:00'), 'symbol': 'EURUSD.sml', 'side': 'NO_TRADE', 'price': 1.16991, 'reason': 'no Donchian breakout'}
[NO_TRADE] EURUSD.sml No trade
[2026-04-29 15:50:40.771564] [SELECT] Trading symbol switched: EURUSD.sml -> GBPUSD.sml | AI watchlist candidate
[2026-04-29 15:50:40.771740] [SCAN] Analyzing GBPUSD.sml

==============================
Time: 2026-04-29 15:50:41.439827
SIGNAL: {'time': Timestamp('2026-04-29 11:45:00'), 'symbol': 'GBPUSD.sml', 'side': 'NO_TRADE', 'price': 1.35015, 'reason': 'no Donchian breakout'}
[NO_TRADE] GBPUSD.sml No trade
[2026-04-29 15:50:41.440050] [SELECT] Trading symbol switched: GBPUSD.sml -> XAUUSD.sml | AI watchlist candidate
[2026-04-29 15:50:41.440096] [SCAN] Analyzing XAUUSD.sml
[2026-04-29 15:50:41.770275] [NO_TRADE] XAUUSD.sml Spread too wide: 430.0 points > 80
[2026-04-29 15:50:41.770478] [SELECT] Trading symbol switched: XAUUSD.sml -> USDJPY.sml | AI watchlist candidate
[2026-04-29 15:50:41.770517] [SCAN] Analyzing USDJPY.sml

==============================
Time: 2026-04-29 15:50:42.401911
SIGNAL: {'time': Timestamp('2026-04-29 11:45:00'), 'symbol': 'USDJPY.sml', 'side': 'NO_TRADE', 'price': 159.779, 'reason': 'no Donchian breakout'}
[NO_TRADE] USDJPY.sml No trade
[2026-04-29 15:50:42.402127] [SELECT] Trading symbol switched: USDJPY.sml -> EURJPY | AI watchlist candidate
[2026-04-29 15:50:42.402167] [SCAN] Analyzing EURJPY

==============================
Time: 2026-04-29 15:50:43.095039
SIGNAL: {'time': Timestamp('2026-04-29 11:45:00'), 'symbol': 'EURJPY', 'side': 'NO_TRADE', 'price': 186.865, 'reason': 'no Donchian breakout'}
[NO_TRADE] EURJPY No trade
[2026-04-29 15:50:43.095150] [WAIT] No order from AI watchlist this round
[2026-04-29 15:51:43.099458] [AI] Using cached daily forex scan from 2026-04-29 14:00:15 | symbols=EURUSD.sml, GBPUSD.sml, XAUUSD.sml, USDJPY.sml, EURJPY
[2026-04-29 15:51:43.099944] [WATCHLIST] AI watchlist scan: EURUSD.sml, GBPUSD.sml, XAUUSD.sml, USDJPY.sml, EURJPY
[2026-04-29 15:51:43.101138] [SELECT] Trading symbol switched: EURJPY -> EURUSD.sml | AI watchlist candidate
[2026-04-29 15:51:43.101190] [SCAN] Analyzing EURUSD.sml
[2026-04-29 15:51:43.836807] [NO_TRADE] EURUSD.sml already checked candle 2026-04-29 11:45:00
[2026-04-29 15:51:43.837039] [SELECT] Trading symbol switched: EURUSD.sml -> GBPUSD.sml | AI watchlist candidate
[2026-04-29 15:51:43.837095] [SCAN] Analyzing GBPUSD.sml
[2026-04-29 15:51:44.461804] [NO_TRADE] GBPUSD.sml already checked candle 2026-04-29 11:45:00
[2026-04-29 15:51:44.462004] [SELECT] Trading symbol switched: GBPUSD.sml -> XAUUSD.sml | AI watchlist candidate
[2026-04-29 15:51:44.462047] [SCAN] Analyzing XAUUSD.sml
[2026-04-29 15:51:44.812708] [NO_TRADE] XAUUSD.sml Spread too wide: 580.0 points > 80
[2026-04-29 15:51:44.812959] [SELECT] Trading symbol switched: XAUUSD.sml -> USDJPY.sml | AI watchlist candidate
[2026-04-29 15:51:44.813027] [SCAN] Analyzing USDJPY.sml
[2026-04-29 15:51:45.455355] [NO_TRADE] USDJPY.sml already checked candle 2026-04-29 11:45:00
[2026-04-29 15:51:45.455561] [SELECT] Trading symbol switched: USDJPY.sml -> EURJPY | AI watchlist candidate
[2026-04-29 15:51:45.455603] [SCAN] Analyzing EURJPY
[2026-04-29 15:51:46.066717] [NO_TRADE] EURJPY already checked candle 2026-04-29 11:45:00
[2026-04-29 15:51:46.066805] [WAIT] No order from AI watchlist this round
[2026-04-29 15:52:46.068627] [AI] Using cached daily forex scan from 2026-04-29 14:00:15 | symbols=EURUSD.sml, GBPUSD.sml, XAUUSD.sml, USDJPY.sml, EURJPY
[2026-04-29 15:52:46.069314] [WATCHLIST] AI watchlist scan: EURUSD.sml, GBPUSD.sml, XAUUSD.sml, USDJPY.sml, EURJPY
[2026-04-29 15:52:46.069650] [SELECT] Trading symbol switched: EURJPY -> EURUSD.sml | AI watchlist candidate
[2026-04-29 15:52:46.069734] [SCAN] Analyzing EURUSD.sml
[2026-04-29 15:52:46.712977] [NO_TRADE] EURUSD.sml already checked candle 2026-04-29 11:45:00
[2026-04-29 15:52:46.713194] [SELECT] Trading symbol switched: EURUSD.sml -> GBPUSD.sml | AI watchlist candidate
[2026-04-29 15:52:46.713239] [SCAN] Analyzing GBPUSD.sml
[2026-04-29 15:52:47.363263] [NO_TRADE] GBPUSD.sml already checked candle 2026-04-29 11:45:00
[2026-04-29 15:52:47.363479] [SELECT] Trading symbol switched: GBPUSD.sml -> XAUUSD.sml | AI watchlist candidate
[2026-04-29 15:52:47.363529] [SCAN] Analyzing XAUUSD.sml
[2026-04-29 15:52:47.740836] [NO_TRADE] XAUUSD.sml Spread too wide: 470.0 points > 80
[2026-04-29 15:52:47.741021] [SELECT] Trading symbol switched: XAUUSD.sml -> USDJPY.sml | AI watchlist candidate
[2026-04-29 15:52:47.741064] [SCAN] Analyzing USDJPY.sml
[2026-04-29 15:52:48.425620] [NO_TRADE] USDJPY.sml already checked candle 2026-04-29 11:45:00
[2026-04-29 15:52:48.425857] [SELECT] Trading symbol switched: USDJPY.sml -> EURJPY | AI watchlist candidate
[2026-04-29 15:52:48.425901] [SCAN] Analyzing EURJPY
[2026-04-29 15:52:49.096145] [NO_TRADE] EURJPY already checked candle 2026-04-29 11:45:00
[2026-04-29 15:52:49.096236] [WAIT] No order from AI watchlist this round
[2026-04-29 15:53:49.097641] [AI] Using cached daily forex scan from 2026-04-29 14:00:15 | symbols=EURUSD.sml, GBPUSD.sml, XAUUSD.sml, USDJPY.sml, EURJPY
[2026-04-29 15:53:49.098260] [WATCHLIST] AI watchlist scan: EURUSD.sml, GBPUSD.sml, XAUUSD.sml, USDJPY.sml, EURJPY
[2026-04-29 15:53:49.098594] [SELECT] Trading symbol switched: EURJPY -> EURUSD.sml | AI watchlist candidate
[2026-04-29 15:53:49.098678] [SCAN] Analyzing EURUSD.sml
[2026-04-29 15:53:49.700155] [NO_TRADE] EURUSD.sml already checked candle 2026-04-29 11:45:00
[2026-04-29 15:53:49.700353] [SELECT] Trading symbol switched: EURUSD.sml -> GBPUSD.sml | AI watchlist candidate
[2026-04-29 15:53:49.700395] [SCAN] Analyzing GBPUSD.sml
[2026-04-29 15:53:50.305023] [NO_TRADE] GBPUSD.sml already checked candle 2026-04-29 11:45:00
[2026-04-29 15:53:50.305217] [SELECT] Trading symbol switched: GBPUSD.sml -> XAUUSD.sml | AI watchlist candidate
[2026-04-29 15:53:50.305260] [SCAN] Analyzing XAUUSD.sml
[2026-04-29 15:53:50.662093] [NO_TRADE] XAUUSD.sml Spread too wide: 580.0 points > 80
[2026-04-29 15:53:50.662510] [SELECT] Trading symbol switched: XAUUSD.sml -> USDJPY.sml | AI watchlist candidate
[2026-04-29 15:53:50.662596] [SCAN] Analyzing USDJPY.sml
[2026-04-29 15:53:51.288551] [NO_TRADE] USDJPY.sml already checked candle 2026-04-29 11:45:00
[2026-04-29 15:53:51.288761] [SELECT] Trading symbol switched: USDJPY.sml -> EURJPY | AI watchlist candidate
[2026-04-29 15:53:51.288804] [SCAN] Analyzing EURJPY
[2026-04-29 15:53:51.905282] [NO_TRADE] EURJPY already checked candle 2026-04-29 11:45:00
[2026-04-29 15:53:51.905385] [WAIT] No order from AI watchlist this round
[2026-04-29 15:54:51.907148] [AI] Using cached daily forex scan from 2026-04-29 14:00:15 | symbols=EURUSD.sml, GBPUSD.sml, XAUUSD.sml, USDJPY.sml, EURJPY
[2026-04-29 15:54:51.907810] [WATCHLIST] AI watchlist scan: EURUSD.sml, GBPUSD.sml, XAUUSD.sml, USDJPY.sml, EURJPY
[2026-04-29 15:54:51.908166] [SELECT] Trading symbol switched: EURJPY -> EURUSD.sml | AI watchlist candidate
[2026-04-29 15:54:51.908316] [SCAN] Analyzing EURUSD.sml
[2026-04-29 15:54:52.492604] [NO_TRADE] EURUSD.sml already checked candle 2026-04-29 11:45:00
[2026-04-29 15:54:52.492806] [SELECT] Trading symbol switched: EURUSD.sml -> GBPUSD.sml | AI watchlist candidate
[2026-04-29 15:54:52.492847] [SCAN] Analyzing GBPUSD.sml
[2026-04-29 15:54:53.091244] [NO_TRADE] GBPUSD.sml already checked candle 2026-04-29 11:45:00
[2026-04-29 15:54:53.091445] [SELECT] Trading symbol switched: GBPUSD.sml -> XAUUSD.sml | AI watchlist candidate
[2026-04-29 15:54:53.091488] [SCAN] Analyzing XAUUSD.sml
[2026-04-29 15:54:53.386904] [NO_TRADE] XAUUSD.sml Spread too wide: 340.0 points > 80
[2026-04-29 15:54:53.387076] [SELECT] Trading symbol switched: XAUUSD.sml -> USDJPY.sml | AI watchlist candidate
[2026-04-29 15:54:53.387117] [SCAN] Analyzing USDJPY.sml
[2026-04-29 15:54:54.067720] [NO_TRADE] USDJPY.sml already checked candle 2026-04-29 11:45:00
[2026-04-29 15:54:54.067983] [SELECT] Trading symbol switched: USDJPY.sml -> EURJPY | AI watchlist candidate
[2026-04-29 15:54:54.068045] [SCAN] Analyzing EURJPY
[2026-04-29 15:54:54.670425] [NO_TRADE] EURJPY already checked candle 2026-04-29 11:45:00
[2026-04-29 15:54:54.670513] [WAIT] No order from AI watchlist this round
[2026-04-29 15:55:54.672316] [AI] Using cached daily forex scan from 2026-04-29 14:00:15 | symbols=EURUSD.sml, GBPUSD.sml, XAUUSD.sml, USDJPY.sml, EURJPY
[2026-04-29 15:55:54.673101] [WATCHLIST] AI watchlist scan: EURUSD.sml, GBPUSD.sml, XAUUSD.sml, USDJPY.sml, EURJPY
[2026-04-29 15:55:54.673517] [SELECT] Trading symbol switched: EURJPY -> EURUSD.sml | AI watchlist candidate
[2026-04-29 15:55:54.673617] [SCAN] Analyzing EURUSD.sml

==============================
Time: 2026-04-29 15:55:55.286326
SIGNAL: {'time': Timestamp('2026-04-29 11:50:00'), 'symbol': 'EURUSD.sml', 'side': 'NO_TRADE', 'price': 1.16999, 'reason': 'no Donchian breakout'}
[NO_TRADE] EURUSD.sml No trade
[2026-04-29 15:55:55.286559] [SELECT] Trading symbol switched: EURUSD.sml -> GBPUSD.sml | AI watchlist candidate
[2026-04-29 15:55:55.286601] [SCAN] Analyzing GBPUSD.sml

==============================
Time: 2026-04-29 15:55:55.911539
SIGNAL: {'time': Timestamp('2026-04-29 11:50:00'), 'symbol': 'GBPUSD.sml', 'side': 'NO_TRADE', 'price': 1.35007, 'reason': 'no Donchian breakout'}
[NO_TRADE] GBPUSD.sml No trade
[2026-04-29 15:55:55.911743] [SELECT] Trading symbol switched: GBPUSD.sml -> XAUUSD.sml | AI watchlist candidate
[2026-04-29 15:55:55.911787] [SCAN] Analyzing XAUUSD.sml
[2026-04-29 15:55:56.297742] [NO_TRADE] XAUUSD.sml Spread too wide: 100.0 points > 80
[2026-04-29 15:55:56.297943] [SELECT] Trading symbol switched: XAUUSD.sml -> USDJPY.sml | AI watchlist candidate
[2026-04-29 15:55:56.298025] [SCAN] Analyzing USDJPY.sml

==============================
Time: 2026-04-29 15:55:56.938834
SIGNAL: {'time': Timestamp('2026-04-29 11:50:00'), 'symbol': 'USDJPY.sml', 'side': 'NO_TRADE', 'price': 159.778, 'reason': 'no Donchian breakout'}
[NO_TRADE] USDJPY.sml No trade
[2026-04-29 15:55:56.939046] [SELECT] Trading symbol switched: USDJPY.sml -> EURJPY | AI watchlist candidate
[2026-04-29 15:55:56.939096] [SCAN] Analyzing EURJPY

==============================
Time: 2026-04-29 15:55:57.573906
SIGNAL: {'time': Timestamp('2026-04-29 11:50:00'), 'symbol': 'EURJPY', 'side': 'NO_TRADE', 'price': 186.881, 'reason': 'no Donchian breakout'}
[NO_TRADE] EURJPY No trade
[2026-04-29 15:55:57.574024] [WAIT] No order from AI watchlist this round
[2026-04-29 15:56:57.575357] [AI] Using cached daily forex scan from 2026-04-29 14:00:15 | symbols=EURUSD.sml, GBPUSD.sml, XAUUSD.sml, USDJPY.sml, EURJPY
[2026-04-29 15:56:57.575798] [WATCHLIST] AI watchlist scan: EURUSD.sml, GBPUSD.sml, XAUUSD.sml, USDJPY.sml, EURJPY
[2026-04-29 15:56:57.575991] [SELECT] Trading symbol switched: EURJPY -> EURUSD.sml | AI watchlist candidate
[2026-04-29 15:56:57.576034] [SCAN] Analyzing EURUSD.sml
[2026-04-29 15:56:58.171949] [NO_TRADE] EURUSD.sml already checked candle 2026-04-29 11:50:00
[2026-04-29 15:56:58.172187] [SELECT] Trading symbol switched: EURUSD.sml -> GBPUSD.sml | AI watchlist candidate
[2026-04-29 15:56:58.172252] [SCAN] Analyzing GBPUSD.sml
[2026-04-29 15:56:58.798220] [NO_TRADE] GBPUSD.sml already checked candle 2026-04-29 11:50:00
[2026-04-29 15:56:58.798431] [SELECT] Trading symbol switched: GBPUSD.sml -> XAUUSD.sml | AI watchlist candidate
[2026-04-29 15:56:58.798473] [SCAN] Analyzing XAUUSD.sml
[2026-04-29 15:56:59.106977] [NO_TRADE] XAUUSD.sml Spread too wide: 430.0 points > 80
[2026-04-29 15:56:59.107149] [SELECT] Trading symbol switched: XAUUSD.sml -> USDJPY.sml | AI watchlist candidate
[2026-04-29 15:56:59.107191] [SCAN] Analyzing USDJPY.sml
[2026-04-29 15:56:59.798807] [NO_TRADE] USDJPY.sml already checked candle 2026-04-29 11:50:00
[2026-04-29 15:56:59.799056] [SELECT] Trading symbol switched: USDJPY.sml -> EURJPY | AI watchlist candidate
[2026-04-29 15:56:59.799112] [SCAN] Analyzing EURJPY
[2026-04-29 15:57:00.406938] [NO_TRADE] EURJPY already checked candle 2026-04-29 11:50:00
[2026-04-29 15:57:00.407025] [WAIT] No order from AI watchlist this round
[2026-04-29 15:58:00.408381] [AI] Using cached daily forex scan from 2026-04-29 14:00:15 | symbols=EURUSD.sml, GBPUSD.sml, XAUUSD.sml, USDJPY.sml, EURJPY
[2026-04-29 15:58:00.409003] [WATCHLIST] AI watchlist scan: EURUSD.sml, GBPUSD.sml, XAUUSD.sml, USDJPY.sml, EURJPY
[2026-04-29 15:58:00.409332] [SELECT] Trading symbol switched: EURJPY -> EURUSD.sml | AI watchlist candidate
[2026-04-29 15:58:00.409416] [SCAN] Analyzing EURUSD.sml
[2026-04-29 15:58:01.030436] [NO_TRADE] EURUSD.sml already checked candle 2026-04-29 11:50:00
[2026-04-29 15:58:01.030650] [SELECT] Trading symbol switched: EURUSD.sml -> GBPUSD.sml | AI watchlist candidate
[2026-04-29 15:58:01.030693] [SCAN] Analyzing GBPUSD.sml
[2026-04-29 15:58:01.638308] [NO_TRADE] GBPUSD.sml already checked candle 2026-04-29 11:50:00
[2026-04-29 15:58:01.638513] [SELECT] Trading symbol switched: GBPUSD.sml -> XAUUSD.sml | AI watchlist candidate
[2026-04-29 15:58:01.638558] [SCAN] Analyzing XAUUSD.sml
[2026-04-29 15:58:01.933895] [NO_TRADE] XAUUSD.sml Spread too wide: 370.0 points > 80
[2026-04-29 15:58:01.934201] [SELECT] Trading symbol switched: XAUUSD.sml -> USDJPY.sml | AI watchlist candidate
[2026-04-29 15:58:01.934272] [SCAN] Analyzing USDJPY.sml
[2026-04-29 15:58:02.545426] [NO_TRADE] USDJPY.sml already checked candle 2026-04-29 11:50:00
[2026-04-29 15:58:02.545669] [SELECT] Trading symbol switched: USDJPY.sml -> EURJPY | AI watchlist candidate
[2026-04-29 15:58:02.545726] [SCAN] Analyzing EURJPY
[2026-04-29 15:58:03.221416] [NO_TRADE] EURJPY already checked candle 2026-04-29 11:50:00
[2026-04-29 15:58:03.221504] [WAIT] No order from AI watchlist this round
[2026-04-29 15:59:03.223004] [AI] Using cached daily forex scan from 2026-04-29 14:00:15 | symbols=EURUSD.sml, GBPUSD.sml, XAUUSD.sml, USDJPY.sml, EURJPY
[2026-04-29 15:59:03.223400] [WATCHLIST] AI watchlist scan: EURUSD.sml, GBPUSD.sml, XAUUSD.sml, USDJPY.sml, EURJPY
[2026-04-29 15:59:03.223624] [SELECT] Trading symbol switched: EURJPY -> EURUSD.sml | AI watchlist candidate
[2026-04-29 15:59:03.223676] [SCAN] Analyzing EURUSD.sml
[2026-04-29 15:59:03.822327] [NO_TRADE] EURUSD.sml already checked candle 2026-04-29 11:50:00
[2026-04-29 15:59:03.822515] [SELECT] Trading symbol switched: EURUSD.sml -> GBPUSD.sml | AI watchlist candidate
[2026-04-29 15:59:03.822559] [SCAN] Analyzing GBPUSD.sml
[2026-04-29 15:59:04.470839] [NO_TRADE] GBPUSD.sml already checked candle 2026-04-29 11:50:00
[2026-04-29 15:59:04.471038] [SELECT] Trading symbol switched: GBPUSD.sml -> XAUUSD.sml | AI watchlist candidate
[2026-04-29 15:59:04.471080] [SCAN] Analyzing XAUUSD.sml
[2026-04-29 15:59:04.779068] [NO_TRADE] XAUUSD.sml Spread too wide: 460.0 points > 80
[2026-04-29 15:59:04.779278] [SELECT] Trading symbol switched: XAUUSD.sml -> USDJPY.sml | AI watchlist candidate
[2026-04-29 15:59:04.779336] [SCAN] Analyzing USDJPY.sml
[2026-04-29 15:59:05.403960] [NO_TRADE] USDJPY.sml already checked candle 2026-04-29 11:50:00
[2026-04-29 15:59:05.404177] [SELECT] Trading symbol switched: USDJPY.sml -> EURJPY | AI watchlist candidate
[2026-04-29 15:59:05.404221] [SCAN] Analyzing EURJPY
[2026-04-29 15:59:06.090031] [NO_TRADE] EURJPY already checked candle 2026-04-29 11:50:00
[2026-04-29 15:59:06.090125] [WAIT] No order from AI watchlist this round
[2026-04-29 16:00:06.092324] [AI] Using cached daily forex scan from 2026-04-29 14:00:15 | symbols=EURUSD.sml, GBPUSD.sml, XAUUSD.sml, USDJPY.sml, EURJPY
[2026-04-29 16:00:06.093058] [WATCHLIST] AI watchlist scan: EURUSD.sml, GBPUSD.sml, XAUUSD.sml, USDJPY.sml, EURJPY
[2026-04-29 16:00:06.093554] [SELECT] Trading symbol switched: EURJPY -> EURUSD.sml | AI watchlist candidate
[2026-04-29 16:00:06.093683] [SCAN] Analyzing EURUSD.sml

==============================
Time: 2026-04-29 16:00:06.717182
SIGNAL: {'time': Timestamp('2026-04-29 11:55:00'), 'symbol': 'EURUSD.sml', 'side': 'NO_TRADE', 'price': 1.17002, 'reason': 'no Donchian breakout'}
[NO_TRADE] EURUSD.sml No trade
[2026-04-29 16:00:06.717446] [SELECT] Trading symbol switched: EURUSD.sml -> GBPUSD.sml | AI watchlist candidate
[2026-04-29 16:00:06.717521] [SCAN] Analyzing GBPUSD.sml

==============================
Time: 2026-04-29 16:00:07.366637
SIGNAL: {'time': Timestamp('2026-04-29 11:55:00'), 'symbol': 'GBPUSD.sml', 'side': 'NO_TRADE', 'price': 1.34996, 'reason': 'no Donchian breakout'}
[NO_TRADE] GBPUSD.sml No trade
[2026-04-29 16:00:07.366847] [SELECT] Trading symbol switched: GBPUSD.sml -> XAUUSD.sml | AI watchlist candidate
[2026-04-29 16:00:07.366888] [SCAN] Analyzing XAUUSD.sml
[2026-04-29 16:00:07.687048] [NO_TRADE] XAUUSD.sml Spread too wide: 470.0 points > 80
[2026-04-29 16:00:07.687217] [SELECT] Trading symbol switched: XAUUSD.sml -> USDJPY.sml | AI watchlist candidate
[2026-04-29 16:00:07.687258] [SCAN] Analyzing USDJPY.sml

==============================
Time: 2026-04-29 16:00:08.328754
SIGNAL: {'time': Timestamp('2026-04-29 11:55:00'), 'symbol': 'USDJPY.sml', 'side': 'NO_TRADE', 'price': 159.785, 'reason': 'no Donchian breakout'}
[NO_TRADE] USDJPY.sml No trade
[2026-04-29 16:00:08.328980] [SELECT] Trading symbol switched: USDJPY.sml -> EURJPY | AI watchlist candidate
[2026-04-29 16:00:08.329023] [SCAN] Analyzing EURJPY

==============================
Time: 2026-04-29 16:00:08.970561
SIGNAL: {'time': Timestamp('2026-04-29 11:55:00'), 'symbol': 'EURJPY', 'side': 'NO_TRADE', 'price': 186.893, 'reason': 'ATR too low atr_pct=0.00026'}
[NO_TRADE] EURJPY No trade
[2026-04-29 16:00:08.970666] [WAIT] No order from AI watchlist this round
[2026-04-29 16:01:08.973068] [AI] Using cached daily forex scan from 2026-04-29 14:00:15 | symbols=EURUSD.sml, GBPUSD.sml, XAUUSD.sml, USDJPY.sml, EURJPY
[2026-04-29 16:01:08.973771] [WATCHLIST] AI watchlist scan: EURUSD.sml, GBPUSD.sml, XAUUSD.sml, USDJPY.sml, EURJPY
[2026-04-29 16:01:08.974126] [SELECT] Trading symbol switched: EURJPY -> EURUSD.sml | AI watchlist candidate
[2026-04-29 16:01:08.974211] [SCAN] Analyzing EURUSD.sml
[2026-04-29 16:01:09.589895] [NO_TRADE] EURUSD.sml already checked candle 2026-04-29 11:55:00
[2026-04-29 16:01:09.590083] [SELECT] Trading symbol switched: EURUSD.sml -> GBPUSD.sml | AI watchlist candidate
[2026-04-29 16:01:09.590130] [SCAN] Analyzing GBPUSD.sml
[2026-04-29 16:01:10.200185] [NO_TRADE] GBPUSD.sml already checked candle 2026-04-29 11:55:00
[2026-04-29 16:01:10.200396] [SELECT] Trading symbol switched: GBPUSD.sml -> XAUUSD.sml | AI watchlist candidate
[2026-04-29 16:01:10.200441] [SCAN] Analyzing XAUUSD.sml
[2026-04-29 16:01:10.511892] [NO_TRADE] XAUUSD.sml Spread too wide: 590.0 points > 80
[2026-04-29 16:01:10.512055] [SELECT] Trading symbol switched: XAUUSD.sml -> USDJPY.sml | AI watchlist candidate
[2026-04-29 16:01:10.512094] [SCAN] Analyzing USDJPY.sml
[2026-04-29 16:01:11.163650] [NO_TRADE] USDJPY.sml already checked candle 2026-04-29 11:55:00
[2026-04-29 16:01:11.163871] [SELECT] Trading symbol switched: USDJPY.sml -> EURJPY | AI watchlist candidate
[2026-04-29 16:01:11.163915] [SCAN] Analyzing EURJPY
[2026-04-29 16:01:11.773433] [NO_TRADE] EURJPY already checked candle 2026-04-29 11:55:00
[2026-04-29 16:01:11.773524] [WAIT] No order from AI watchlist this round
[2026-04-29 16:02:11.781845] [AI] Using cached daily forex scan from 2026-04-29 14:00:15 | symbols=EURUSD.sml, GBPUSD.sml, XAUUSD.sml, USDJPY.sml, EURJPY
[2026-04-29 16:02:11.782411] [WATCHLIST] AI watchlist scan: EURUSD.sml, GBPUSD.sml, XAUUSD.sml, USDJPY.sml, EURJPY
[2026-04-29 16:02:11.782720] [SELECT] Trading symbol switched: EURJPY -> EURUSD.sml | AI watchlist candidate
[2026-04-29 16:02:11.782787] [SCAN] Analyzing EURUSD.sml
[2026-04-29 16:02:12.376650] [NO_TRADE] EURUSD.sml already checked candle 2026-04-29 11:55:00
[2026-04-29 16:02:12.376858] [SELECT] Trading symbol switched: EURUSD.sml -> GBPUSD.sml | AI watchlist candidate
[2026-04-29 16:02:12.376925] [SCAN] Analyzing GBPUSD.sml
[2026-04-29 16:02:12.982951] [NO_TRADE] GBPUSD.sml already checked candle 2026-04-29 11:55:00
[2026-04-29 16:02:12.983156] [SELECT] Trading symbol switched: GBPUSD.sml -> XAUUSD.sml | AI watchlist candidate
[2026-04-29 16:02:12.983200] [SCAN] Analyzing XAUUSD.sml
[2026-04-29 16:02:13.271726] [NO_TRADE] XAUUSD.sml Spread too wide: 840.0 points > 80
[2026-04-29 16:02:13.271912] [SELECT] Trading symbol switched: XAUUSD.sml -> USDJPY.sml | AI watchlist candidate
[2026-04-29 16:02:13.271965] [SCAN] Analyzing USDJPY.sml
[2026-04-29 16:02:13.854705] [NO_TRADE] USDJPY.sml already checked candle 2026-04-29 11:55:00
[2026-04-29 16:02:13.854963] [SELECT] Trading symbol switched: USDJPY.sml -> EURJPY | AI watchlist candidate
[2026-04-29 16:02:13.855004] [SCAN] Analyzing EURJPY
[2026-04-29 16:02:14.509734] [NO_TRADE] EURJPY already checked candle 2026-04-29 11:55:00
[2026-04-29 16:02:14.509824] [WAIT] No order from AI watchlist this round
[2026-04-29 16:03:14.511463] [AI] Using cached daily forex scan from 2026-04-29 14:00:15 | symbols=EURUSD.sml, GBPUSD.sml, XAUUSD.sml, USDJPY.sml, EURJPY
[2026-04-29 16:03:14.512120] [WATCHLIST] AI watchlist scan: EURUSD.sml, GBPUSD.sml, XAUUSD.sml, USDJPY.sml, EURJPY
[2026-04-29 16:03:14.512381] [SELECT] Trading symbol switched: EURJPY -> EURUSD.sml | AI watchlist candidate
[2026-04-29 16:03:14.512451] [SCAN] Analyzing EURUSD.sml
[2026-04-29 16:03:15.132480] [NO_TRADE] EURUSD.sml already checked candle 2026-04-29 11:55:00
[2026-04-29 16:03:15.132674] [SELECT] Trading symbol switched: EURUSD.sml -> GBPUSD.sml | AI watchlist candidate
[2026-04-29 16:03:15.132716] [SCAN] Analyzing GBPUSD.sml
[2026-04-29 16:03:15.797369] [NO_TRADE] GBPUSD.sml already checked candle 2026-04-29 11:55:00
[2026-04-29 16:03:15.797570] [SELECT] Trading symbol switched: GBPUSD.sml -> XAUUSD.sml | AI watchlist candidate
[2026-04-29 16:03:15.797613] [SCAN] Analyzing XAUUSD.sml
[2026-04-29 16:03:16.163976] [NO_TRADE] XAUUSD.sml Spread too wide: 260.0 points > 80
[2026-04-29 16:03:16.164160] [SELECT] Trading symbol switched: XAUUSD.sml -> USDJPY.sml | AI watchlist candidate
[2026-04-29 16:03:16.164202] [SCAN] Analyzing USDJPY.sml
[2026-04-29 16:03:16.834487] [NO_TRADE] USDJPY.sml already checked candle 2026-04-29 11:55:00
[2026-04-29 16:03:16.834754] [SELECT] Trading symbol switched: USDJPY.sml -> EURJPY | AI watchlist candidate
[2026-04-29 16:03:16.834844] [SCAN] Analyzing EURJPY
[2026-04-29 16:03:17.563510] [NO_TRADE] EURJPY already checked candle 2026-04-29 11:55:00
[2026-04-29 16:03:17.563597] [WAIT] No order from AI watchlist this round
[2026-04-29 16:04:17.564751] [AI] Using cached daily forex scan from 2026-04-29 14:00:15 | symbols=EURUSD.sml, GBPUSD.sml, XAUUSD.sml, USDJPY.sml, EURJPY
[2026-04-29 16:04:17.565157] [WATCHLIST] AI watchlist scan: EURUSD.sml, GBPUSD.sml, XAUUSD.sml, USDJPY.sml, EURJPY
[2026-04-29 16:04:17.565451] [SELECT] Trading symbol switched: EURJPY -> EURUSD.sml | AI watchlist candidate
[2026-04-29 16:04:17.565502] [SCAN] Analyzing EURUSD.sml
[2026-04-29 16:04:18.180555] [NO_TRADE] EURUSD.sml already checked candle 2026-04-29 11:55:00
[2026-04-29 16:04:18.180754] [SELECT] Trading symbol switched: EURUSD.sml -> GBPUSD.sml | AI watchlist candidate
[2026-04-29 16:04:18.180794] [SCAN] Analyzing GBPUSD.sml
[2026-04-29 16:04:18.804674] [NO_TRADE] GBPUSD.sml already checked candle 2026-04-29 11:55:00
[2026-04-29 16:04:18.804939] [SELECT] Trading symbol switched: GBPUSD.sml -> XAUUSD.sml | AI watchlist candidate
[2026-04-29 16:04:18.804985] [SCAN] Analyzing XAUUSD.sml
[2026-04-29 16:04:19.113462] [NO_TRADE] XAUUSD.sml Spread too wide: 440.0 points > 80
[2026-04-29 16:04:19.113640] [SELECT] Trading symbol switched: XAUUSD.sml -> USDJPY.sml | AI watchlist candidate
[2026-04-29 16:04:19.113680] [SCAN] Analyzing USDJPY.sml
[2026-04-29 16:04:19.750588] [NO_TRADE] USDJPY.sml already checked candle 2026-04-29 11:55:00
[2026-04-29 16:04:19.750876] [SELECT] Trading symbol switched: USDJPY.sml -> EURJPY | AI watchlist candidate
[2026-04-29 16:04:19.750970] [SCAN] Analyzing EURJPY
[2026-04-29 16:04:20.440421] [NO_TRADE] EURJPY already checked candle 2026-04-29 11:55:00
[2026-04-29 16:04:20.440509] [WAIT] No order from AI watchlist this round
[2026-04-29 16:05:20.441526] [AI] Using cached daily forex scan from 2026-04-29 14:00:15 | symbols=EURUSD.sml, GBPUSD.sml, XAUUSD.sml, USDJPY.sml, EURJPY
[2026-04-29 16:05:20.441855] [WATCHLIST] AI watchlist scan: EURUSD.sml, GBPUSD.sml, XAUUSD.sml, USDJPY.sml, EURJPY
[2026-04-29 16:05:20.442058] [SELECT] Trading symbol switched: EURJPY -> EURUSD.sml | AI watchlist candidate
[2026-04-29 16:05:20.442100] [SCAN] Analyzing EURUSD.sml

==============================
Time: 2026-04-29 16:05:21.087968
SIGNAL: {'time': Timestamp('2026-04-29 12:00:00'), 'symbol': 'EURUSD.sml', 'side': 'NO_TRADE', 'price': 1.17022, 'reason': 'no Donchian breakout'}
[NO_TRADE] EURUSD.sml No trade
[2026-04-29 16:05:21.088233] [SELECT] Trading symbol switched: EURUSD.sml -> GBPUSD.sml | AI watchlist candidate
[2026-04-29 16:05:21.088290] [SCAN] Analyzing GBPUSD.sml

==============================
Time: 2026-04-29 16:05:21.786078
SIGNAL: {'time': Timestamp('2026-04-29 12:00:00'), 'symbol': 'GBPUSD.sml', 'side': 'NO_TRADE', 'price': 1.35015, 'reason': 'no Donchian breakout'}
[NO_TRADE] GBPUSD.sml No trade
[2026-04-29 16:05:21.786298] [SELECT] Trading symbol switched: GBPUSD.sml -> XAUUSD.sml | AI watchlist candidate
[2026-04-29 16:05:21.786341] [SCAN] Analyzing XAUUSD.sml
[2026-04-29 16:05:22.162103] [NO_TRADE] XAUUSD.sml Spread too wide: 420.0 points > 80
[2026-04-29 16:05:22.162330] [SELECT] Trading symbol switched: XAUUSD.sml -> USDJPY.sml | AI watchlist candidate
[2026-04-29 16:05:22.162387] [SCAN] Analyzing USDJPY.sml

==============================
Time: 2026-04-29 16:05:22.918550
SIGNAL: {'time': Timestamp('2026-04-29 12:00:00'), 'symbol': 'USDJPY.sml', 'side': 'NO_TRADE', 'price': 159.768, 'reason': 'no Donchian breakout'}
[NO_TRADE] USDJPY.sml No trade
[2026-04-29 16:05:22.918777] [SELECT] Trading symbol switched: USDJPY.sml -> EURJPY | AI watchlist candidate
[2026-04-29 16:05:22.918820] [SCAN] Analyzing EURJPY

==============================
Time: 2026-04-29 16:05:23.640288
SIGNAL: {'time': Timestamp('2026-04-29 12:00:00'), 'symbol': 'EURJPY', 'side': 'NO_TRADE', 'price': 186.905, 'reason': 'ATR too low atr_pct=0.00027'}
[NO_TRADE] EURJPY No trade
[2026-04-29 16:05:23.640492] [WAIT] No order from AI watchlist this round
[2026-04-29 16:06:23.641579] [AI] Using cached daily forex scan from 2026-04-29 14:00:15 | symbols=EURUSD.sml, GBPUSD.sml, XAUUSD.sml, USDJPY.sml, EURJPY
[2026-04-29 16:06:23.641990] [WATCHLIST] AI watchlist scan: EURUSD.sml, GBPUSD.sml, XAUUSD.sml, USDJPY.sml, EURJPY
[2026-04-29 16:06:23.642222] [SELECT] Trading symbol switched: EURJPY -> EURUSD.sml | AI watchlist candidate
[2026-04-29 16:06:23.642275] [SCAN] Analyzing EURUSD.sml
[2026-04-29 16:06:24.265325] [NO_TRADE] EURUSD.sml already checked candle 2026-04-29 12:00:00
[2026-04-29 16:06:24.265647] [SELECT] Trading symbol switched: EURUSD.sml -> GBPUSD.sml | AI watchlist candidate
[2026-04-29 16:06:24.265707] [SCAN] Analyzing GBPUSD.sml
[2026-04-29 16:06:24.902190] [NO_TRADE] GBPUSD.sml already checked candle 2026-04-29 12:00:00
[2026-04-29 16:06:24.902436] [SELECT] Trading symbol switched: GBPUSD.sml -> XAUUSD.sml | AI watchlist candidate
[2026-04-29 16:06:24.902480] [SCAN] Analyzing XAUUSD.sml
[2026-04-29 16:06:25.287621] [NO_TRADE] XAUUSD.sml Spread too wide: 400.0 points > 80
[2026-04-29 16:06:25.287792] [SELECT] Trading symbol switched: XAUUSD.sml -> USDJPY.sml | AI watchlist candidate
[2026-04-29 16:06:25.287834] [SCAN] Analyzing USDJPY.sml
[2026-04-29 16:06:25.915842] [NO_TRADE] USDJPY.sml already checked candle 2026-04-29 12:00:00
[2026-04-29 16:06:25.916086] [SELECT] Trading symbol switched: USDJPY.sml -> EURJPY | AI watchlist candidate
[2026-04-29 16:06:25.916137] [SCAN] Analyzing EURJPY
[2026-04-29 16:06:26.574511] [NO_TRADE] EURJPY already checked candle 2026-04-29 12:00:00
[2026-04-29 16:06:26.574603] [WAIT] No order from AI watchlist this round
[2026-04-29 16:07:26.575862] [AI] Using cached daily forex scan from 2026-04-29 14:00:15 | symbols=EURUSD.sml, GBPUSD.sml, XAUUSD.sml, USDJPY.sml, EURJPY
[2026-04-29 16:07:26.576295] [WATCHLIST] AI watchlist scan: EURUSD.sml, GBPUSD.sml, XAUUSD.sml, USDJPY.sml, EURJPY
[2026-04-29 16:07:26.576549] [SELECT] Trading symbol switched: EURJPY -> EURUSD.sml | AI watchlist candidate
[2026-04-29 16:07:26.576615] [SCAN] Analyzing EURUSD.sml
[2026-04-29 16:07:27.197708] [NO_TRADE] EURUSD.sml already checked candle 2026-04-29 12:00:00
[2026-04-29 16:07:27.197938] [SELECT] Trading symbol switched: EURUSD.sml -> GBPUSD.sml | AI watchlist candidate
[2026-04-29 16:07:27.197988] [SCAN] Analyzing GBPUSD.sml
[2026-04-29 16:07:27.869049] [NO_TRADE] GBPUSD.sml already checked candle 2026-04-29 12:00:00
[2026-04-29 16:07:27.869256] [SELECT] Trading symbol switched: GBPUSD.sml -> XAUUSD.sml | AI watchlist candidate
[2026-04-29 16:07:27.869300] [SCAN] Analyzing XAUUSD.sml
[2026-04-29 16:07:28.183796] [NO_TRADE] XAUUSD.sml Spread too wide: 460.0 points > 80
[2026-04-29 16:07:28.184077] [SELECT] Trading symbol switched: XAUUSD.sml -> USDJPY.sml | AI watchlist candidate
[2026-04-29 16:07:28.184167] [SCAN] Analyzing USDJPY.sml
[2026-04-29 16:07:28.898282] [NO_TRADE] USDJPY.sml already checked candle 2026-04-29 12:00:00
[2026-04-29 16:07:28.898538] [SELECT] Trading symbol switched: USDJPY.sml -> EURJPY | AI watchlist candidate
[2026-04-29 16:07:28.898595] [SCAN] Analyzing EURJPY
[2026-04-29 16:07:29.556343] [NO_TRADE] EURJPY already checked candle 2026-04-29 12:00:00
[2026-04-29 16:07:29.556444] [WAIT] No order from AI watchlist this round
[2026-04-29 16:08:29.557978] [AI] Using cached daily forex scan from 2026-04-29 14:00:15 | symbols=EURUSD.sml, GBPUSD.sml, XAUUSD.sml, USDJPY.sml, EURJPY
[2026-04-29 16:08:29.558758] [WATCHLIST] AI watchlist scan: EURUSD.sml, GBPUSD.sml, XAUUSD.sml, USDJPY.sml, EURJPY
[2026-04-29 16:08:29.559160] [SELECT] Trading symbol switched: EURJPY -> EURUSD.sml | AI watchlist candidate
[2026-04-29 16:08:29.559263] [SCAN] Analyzing EURUSD.sml
[2026-04-29 16:08:30.207574] [NO_TRADE] EURUSD.sml already checked candle 2026-04-29 12:00:00
[2026-04-29 16:08:30.207781] [SELECT] Trading symbol switched: EURUSD.sml -> GBPUSD.sml | AI watchlist candidate
[2026-04-29 16:08:30.207915] [SCAN] Analyzing GBPUSD.sml
[2026-04-29 16:08:30.884237] [NO_TRADE] GBPUSD.sml already checked candle 2026-04-29 12:00:00
[2026-04-29 16:08:30.884446] [SELECT] Trading symbol switched: GBPUSD.sml -> XAUUSD.sml | AI watchlist candidate
[2026-04-29 16:08:30.884491] [SCAN] Analyzing XAUUSD.sml
[2026-04-29 16:08:31.184023] [NO_TRADE] XAUUSD.sml Spread too wide: 580.0 points > 80
[2026-04-29 16:08:31.184238] [SELECT] Trading symbol switched: XAUUSD.sml -> USDJPY.sml | AI watchlist candidate
[2026-04-29 16:08:31.184296] [SCAN] Analyzing USDJPY.sml
[2026-04-29 16:08:31.906987] [NO_TRADE] USDJPY.sml already checked candle 2026-04-29 12:00:00
[2026-04-29 16:08:31.907200] [SELECT] Trading symbol switched: USDJPY.sml -> EURJPY | AI watchlist candidate
[2026-04-29 16:08:31.907241] [SCAN] Analyzing EURJPY
[2026-04-29 16:08:32.639134] [NO_TRADE] EURJPY already checked candle 2026-04-29 12:00:00
[2026-04-29 16:08:32.639229] [WAIT] No order from AI watchlist this round
[2026-04-29 16:09:32.640660] [AI] Using cached daily forex scan from 2026-04-29 14:00:15 | symbols=EURUSD.sml, GBPUSD.sml, XAUUSD.sml, USDJPY.sml, EURJPY
[2026-04-29 16:09:32.641044] [WATCHLIST] AI watchlist scan: EURUSD.sml, GBPUSD.sml, XAUUSD.sml, USDJPY.sml, EURJPY
[2026-04-29 16:09:32.641227] [SELECT] Trading symbol switched: EURJPY -> EURUSD.sml | AI watchlist candidate
[2026-04-29 16:09:32.641268] [SCAN] Analyzing EURUSD.sml
[2026-04-29 16:09:33.276872] [NO_TRADE] EURUSD.sml already checked candle 2026-04-29 12:00:00
[2026-04-29 16:09:33.277084] [SELECT] Trading symbol switched: EURUSD.sml -> GBPUSD.sml | AI watchlist candidate
[2026-04-29 16:09:33.277125] [SCAN] Analyzing GBPUSD.sml
[2026-04-29 16:09:33.895871] [NO_TRADE] GBPUSD.sml already checked candle 2026-04-29 12:00:00
[2026-04-29 16:09:33.896076] [SELECT] Trading symbol switched: GBPUSD.sml -> XAUUSD.sml | AI watchlist candidate
[2026-04-29 16:09:33.896121] [SCAN] Analyzing XAUUSD.sml
[2026-04-29 16:09:34.208994] [NO_TRADE] XAUUSD.sml Spread too wide: 580.0 points > 80
[2026-04-29 16:09:34.209160] [SELECT] Trading symbol switched: XAUUSD.sml -> USDJPY.sml | AI watchlist candidate
[2026-04-29 16:09:34.209199] [SCAN] Analyzing USDJPY.sml
[2026-04-29 16:09:34.881606] [NO_TRADE] USDJPY.sml already checked candle 2026-04-29 12:00:00
[2026-04-29 16:09:34.881852] [SELECT] Trading symbol switched: USDJPY.sml -> EURJPY | AI watchlist candidate
[2026-04-29 16:09:34.881909] [SCAN] Analyzing EURJPY
[2026-04-29 16:09:35.498330] [NO_TRADE] EURJPY already checked candle 2026-04-29 12:00:00
[2026-04-29 16:09:35.498419] [WAIT] No order from AI watchlist this round
[2026-04-29 16:10:35.499704] [AI] Using cached daily forex scan from 2026-04-29 14:00:15 | symbols=EURUSD.sml, GBPUSD.sml, XAUUSD.sml, USDJPY.sml, EURJPY
[2026-04-29 16:10:35.500007] [WATCHLIST] AI watchlist scan: EURUSD.sml, GBPUSD.sml, XAUUSD.sml, USDJPY.sml, EURJPY
[2026-04-29 16:10:35.500198] [SELECT] Trading symbol switched: EURJPY -> EURUSD.sml | AI watchlist candidate
[2026-04-29 16:10:35.500245] [SCAN] Analyzing EURUSD.sml

==============================
Time: 2026-04-29 16:10:36.145294
SIGNAL: {'time': Timestamp('2026-04-29 12:05:00'), 'symbol': 'EURUSD.sml', 'side': 'NO_TRADE', 'price': 1.17003, 'reason': 'no Donchian breakout'}
[NO_TRADE] EURUSD.sml No trade
[2026-04-29 16:10:36.145502] [SELECT] Trading symbol switched: EURUSD.sml -> GBPUSD.sml | AI watchlist candidate
[2026-04-29 16:10:36.145544] [SCAN] Analyzing GBPUSD.sml

==============================
Time: 2026-04-29 16:10:36.784721
SIGNAL: {'time': Timestamp('2026-04-29 12:05:00'), 'symbol': 'GBPUSD.sml', 'side': 'NO_TRADE', 'price': 1.35003, 'reason': 'no Donchian breakout'}
[NO_TRADE] GBPUSD.sml No trade
[2026-04-29 16:10:36.784990] [SELECT] Trading symbol switched: GBPUSD.sml -> XAUUSD.sml | AI watchlist candidate
[2026-04-29 16:10:36.785058] [SCAN] Analyzing XAUUSD.sml
[2026-04-29 16:10:37.169818] [NO_TRADE] XAUUSD.sml Spread too wide: 580.0 points > 80
[2026-04-29 16:10:37.170020] [SELECT] Trading symbol switched: XAUUSD.sml -> USDJPY.sml | AI watchlist candidate
[2026-04-29 16:10:37.170142] [SCAN] Analyzing USDJPY.sml

==============================
Time: 2026-04-29 16:10:37.843517
SIGNAL: {'time': Timestamp('2026-04-29 12:05:00'), 'symbol': 'USDJPY.sml', 'side': 'NO_TRADE', 'price': 159.775, 'reason': 'no Donchian breakout'}
[NO_TRADE] USDJPY.sml No trade
[2026-04-29 16:10:37.843769] [SELECT] Trading symbol switched: USDJPY.sml -> EURJPY | AI watchlist candidate
[2026-04-29 16:10:37.843816] [SCAN] Analyzing EURJPY

==============================
Time: 2026-04-29 16:10:38.472069
SIGNAL: {'time': Timestamp('2026-04-29 12:05:00'), 'symbol': 'EURJPY', 'side': 'NO_TRADE', 'price': 186.882, 'reason': 'no Donchian breakout'}
[NO_TRADE] EURJPY No trade
[2026-04-29 16:10:38.472164] [WAIT] No order from AI watchlist this round
[2026-04-29 16:11:38.473705] [AI] Using cached daily forex scan from 2026-04-29 14:00:15 | symbols=EURUSD.sml, GBPUSD.sml, XAUUSD.sml, USDJPY.sml, EURJPY
[2026-04-29 16:11:38.474518] [WATCHLIST] AI watchlist scan: EURUSD.sml, GBPUSD.sml, XAUUSD.sml, USDJPY.sml, EURJPY
[2026-04-29 16:11:38.474944] [SELECT] Trading symbol switched: EURJPY -> EURUSD.sml | AI watchlist candidate
[2026-04-29 16:11:38.475049] [SCAN] Analyzing EURUSD.sml
[2026-04-29 16:11:39.101855] [NO_TRADE] EURUSD.sml already checked candle 2026-04-29 12:05:00
[2026-04-29 16:11:39.102061] [SELECT] Trading symbol switched: EURUSD.sml -> GBPUSD.sml | AI watchlist candidate
[2026-04-29 16:11:39.102105] [SCAN] Analyzing GBPUSD.sml
[2026-04-29 16:11:39.773200] [NO_TRADE] GBPUSD.sml already checked candle 2026-04-29 12:05:00
[2026-04-29 16:11:39.773405] [SELECT] Trading symbol switched: GBPUSD.sml -> XAUUSD.sml | AI watchlist candidate
[2026-04-29 16:11:39.773449] [SCAN] Analyzing XAUUSD.sml
[2026-04-29 16:11:40.090290] [NO_TRADE] XAUUSD.sml Spread too wide: 590.0 points > 80
[2026-04-29 16:11:40.090457] [SELECT] Trading symbol switched: XAUUSD.sml -> USDJPY.sml | AI watchlist candidate
[2026-04-29 16:11:40.090498] [SCAN] Analyzing USDJPY.sml
[2026-04-29 16:11:40.746884] [NO_TRADE] USDJPY.sml already checked candle 2026-04-29 12:05:00
[2026-04-29 16:11:40.747094] [SELECT] Trading symbol switched: USDJPY.sml -> EURJPY | AI watchlist candidate
[2026-04-29 16:11:40.747136] [SCAN] Analyzing EURJPY
[2026-04-29 16:11:41.365946] [NO_TRADE] EURJPY already checked candle 2026-04-29 12:05:00
[2026-04-29 16:11:41.366044] [WAIT] No order from AI watchlist this round
[2026-04-29 16:12:41.367553] [AI] Using cached daily forex scan from 2026-04-29 14:00:15 | symbols=EURUSD.sml, GBPUSD.sml, XAUUSD.sml, USDJPY.sml, EURJPY
[2026-04-29 16:12:41.368053] [WATCHLIST] AI watchlist scan: EURUSD.sml, GBPUSD.sml, XAUUSD.sml, USDJPY.sml, EURJPY
[2026-04-29 16:12:41.368313] [SELECT] Trading symbol switched: EURJPY -> EURUSD.sml | AI watchlist candidate
[2026-04-29 16:12:41.368367] [SCAN] Analyzing EURUSD.sml
[2026-04-29 16:12:42.040220] [NO_TRADE] EURUSD.sml already checked candle 2026-04-29 12:05:00
[2026-04-29 16:12:42.040432] [SELECT] Trading symbol switched: EURUSD.sml -> GBPUSD.sml | AI watchlist candidate
[2026-04-29 16:12:42.040476] [SCAN] Analyzing GBPUSD.sml
[2026-04-29 16:12:42.671267] [NO_TRADE] GBPUSD.sml already checked candle 2026-04-29 12:05:00
[2026-04-29 16:12:42.671485] [SELECT] Trading symbol switched: GBPUSD.sml -> XAUUSD.sml | AI watchlist candidate
[2026-04-29 16:12:42.671537] [SCAN] Analyzing XAUUSD.sml
[2026-04-29 16:12:42.980094] [NO_TRADE] XAUUSD.sml Spread too wide: 580.0 points > 80
[2026-04-29 16:12:42.980284] [SELECT] Trading symbol switched: XAUUSD.sml -> USDJPY.sml | AI watchlist candidate
[2026-04-29 16:12:42.980329] [SCAN] Analyzing USDJPY.sml
[2026-04-29 16:12:43.649127] [NO_TRADE] USDJPY.sml already checked candle 2026-04-29 12:05:00
[2026-04-29 16:12:43.649433] [SELECT] Trading symbol switched: USDJPY.sml -> EURJPY | AI watchlist candidate
[2026-04-29 16:12:43.649491] [SCAN] Analyzing EURJPY
[2026-04-29 16:12:44.323330] [NO_TRADE] EURJPY already checked candle 2026-04-29 12:05:00
[2026-04-29 16:12:44.323442] [WAIT] No order from AI watchlist this round
[2026-04-29 16:13:44.325425] [AI] Using cached daily forex scan from 2026-04-29 14:00:15 | symbols=EURUSD.sml, GBPUSD.sml, XAUUSD.sml, USDJPY.sml, EURJPY
[2026-04-29 16:13:44.326096] [WATCHLIST] AI watchlist scan: EURUSD.sml, GBPUSD.sml, XAUUSD.sml, USDJPY.sml, EURJPY
[2026-04-29 16:13:44.326426] [SELECT] Trading symbol switched: EURJPY -> EURUSD.sml | AI watchlist candidate
[2026-04-29 16:13:44.326515] [SCAN] Analyzing EURUSD.sml
[2026-04-29 16:13:44.905281] [NO_TRADE] EURUSD.sml already checked candle 2026-04-29 12:05:00
[2026-04-29 16:13:44.905495] [SELECT] Trading symbol switched: EURUSD.sml -> GBPUSD.sml | AI watchlist candidate
[2026-04-29 16:13:44.905546] [SCAN] Analyzing GBPUSD.sml
[2026-04-29 16:13:45.538126] [NO_TRADE] GBPUSD.sml already checked candle 2026-04-29 12:05:00
[2026-04-29 16:13:45.538333] [SELECT] Trading symbol switched: GBPUSD.sml -> XAUUSD.sml | AI watchlist candidate
[2026-04-29 16:13:45.538374] [SCAN] Analyzing XAUUSD.sml
[2026-04-29 16:13:45.841462] [NO_TRADE] XAUUSD.sml Spread too wide: 300.0 points > 80
[2026-04-29 16:13:45.841647] [SELECT] Trading symbol switched: XAUUSD.sml -> USDJPY.sml | AI watchlist candidate
[2026-04-29 16:13:45.841706] [SCAN] Analyzing USDJPY.sml
[2026-04-29 16:13:46.461765] [NO_TRADE] USDJPY.sml already checked candle 2026-04-29 12:05:00
[2026-04-29 16:13:46.461970] [SELECT] Trading symbol switched: USDJPY.sml -> EURJPY | AI watchlist candidate
[2026-04-29 16:13:46.462012] [SCAN] Analyzing EURJPY
[2026-04-29 16:13:47.146091] [NO_TRADE] EURJPY already checked candle 2026-04-29 12:05:00
[2026-04-29 16:13:47.146182] [WAIT] No order from AI watchlist this round
[2026-04-29 16:14:47.147668] [AI] Using cached daily forex scan from 2026-04-29 14:00:15 | symbols=EURUSD.sml, GBPUSD.sml, XAUUSD.sml, USDJPY.sml, EURJPY
[2026-04-29 16:14:47.148453] [WATCHLIST] AI watchlist scan: EURUSD.sml, GBPUSD.sml, XAUUSD.sml, USDJPY.sml, EURJPY
[2026-04-29 16:14:47.148840] [SELECT] Trading symbol switched: EURJPY -> EURUSD.sml | AI watchlist candidate
[2026-04-29 16:14:47.148930] [SCAN] Analyzing EURUSD.sml
[2026-04-29 16:14:47.743880] [NO_TRADE] EURUSD.sml already checked candle 2026-04-29 12:05:00
[2026-04-29 16:14:47.744123] [SELECT] Trading symbol switched: EURUSD.sml -> GBPUSD.sml | AI watchlist candidate
[2026-04-29 16:14:47.744213] [SCAN] Analyzing GBPUSD.sml
[2026-04-29 16:14:48.369834] [NO_TRADE] GBPUSD.sml already checked candle 2026-04-29 12:05:00
[2026-04-29 16:14:48.370045] [SELECT] Trading symbol switched: GBPUSD.sml -> XAUUSD.sml | AI watchlist candidate
[2026-04-29 16:14:48.370090] [SCAN] Analyzing XAUUSD.sml
[2026-04-29 16:14:48.655230] [NO_TRADE] XAUUSD.sml Spread too wide: 610.0 points > 80
[2026-04-29 16:14:48.655405] [SELECT] Trading symbol switched: XAUUSD.sml -> USDJPY.sml | AI watchlist candidate
[2026-04-29 16:14:48.655446] [SCAN] Analyzing USDJPY.sml
[2026-04-29 16:14:49.289308] [NO_TRADE] USDJPY.sml already checked candle 2026-04-29 12:05:00
[2026-04-29 16:14:49.289524] [SELECT] Trading symbol switched: USDJPY.sml -> EURJPY | AI watchlist candidate
[2026-04-29 16:14:49.289569] [SCAN] Analyzing EURJPY
[2026-04-29 16:14:49.977354] [NO_TRADE] EURJPY already checked candle 2026-04-29 12:05:00
[2026-04-29 16:14:49.977451] [WAIT] No order from AI watchlist this round
[2026-04-29 16:15:49.978821] [AI] Using cached daily forex scan from 2026-04-29 14:00:15 | symbols=EURUSD.sml, GBPUSD.sml, XAUUSD.sml, USDJPY.sml, EURJPY
[2026-04-29 16:15:49.979206] [WATCHLIST] AI watchlist scan: EURUSD.sml, GBPUSD.sml, XAUUSD.sml, USDJPY.sml, EURJPY
[2026-04-29 16:15:49.979425] [SELECT] Trading symbol switched: EURJPY -> EURUSD.sml | AI watchlist candidate
[2026-04-29 16:15:49.979474] [SCAN] Analyzing EURUSD.sml

==============================
Time: 2026-04-29 16:15:50.578861
SIGNAL: {'time': Timestamp('2026-04-29 12:10:00'), 'symbol': 'EURUSD.sml', 'side': 'NO_TRADE', 'price': 1.17, 'reason': 'no Donchian breakout'}
[NO_TRADE] EURUSD.sml No trade
[2026-04-29 16:15:50.579199] [SELECT] Trading symbol switched: EURUSD.sml -> GBPUSD.sml | AI watchlist candidate
[2026-04-29 16:15:50.579351] [SCAN] Analyzing GBPUSD.sml

==============================
Time: 2026-04-29 16:15:51.255879
SIGNAL: {'time': Timestamp('2026-04-29 12:10:00'), 'symbol': 'GBPUSD.sml', 'side': 'NO_TRADE', 'price': 1.35007, 'reason': 'no Donchian breakout'}
[NO_TRADE] GBPUSD.sml No trade
[2026-04-29 16:15:51.256136] [SELECT] Trading symbol switched: GBPUSD.sml -> XAUUSD.sml | AI watchlist candidate
[2026-04-29 16:15:51.256192] [SCAN] Analyzing XAUUSD.sml
[2026-04-29 16:15:51.587505] [NO_TRADE] XAUUSD.sml Spread too wide: 470.0 points > 80
[2026-04-29 16:15:51.588185] [SELECT] Trading symbol switched: XAUUSD.sml -> USDJPY.sml | AI watchlist candidate
[2026-04-29 16:15:51.588435] [SCAN] Analyzing USDJPY.sml

==============================
Time: 2026-04-29 16:15:52.263631
SIGNAL: {'time': Timestamp('2026-04-29 12:10:00'), 'symbol': 'USDJPY.sml', 'side': 'NO_TRADE', 'price': 159.765, 'reason': 'no Donchian breakout'}
[NO_TRADE] USDJPY.sml No trade
[2026-04-29 16:15:52.263866] [SELECT] Trading symbol switched: USDJPY.sml -> EURJPY | AI watchlist candidate
[2026-04-29 16:15:52.263951] [SCAN] Analyzing EURJPY

==============================
Time: 2026-04-29 16:15:52.933382
SIGNAL: {'time': Timestamp('2026-04-29 12:10:00'), 'symbol': 'EURJPY', 'side': 'NO_TRADE', 'price': 186.866, 'reason': 'no Donchian breakout'}
[NO_TRADE] EURJPY No trade
[2026-04-29 16:15:52.933543] [WAIT] No order from AI watchlist this round
[2026-04-29 16:16:52.935584] [AI] Using cached daily forex scan from 2026-04-29 14:00:15 | symbols=EURUSD.sml, GBPUSD.sml, XAUUSD.sml, USDJPY.sml, EURJPY
[2026-04-29 16:16:52.936352] [WATCHLIST] AI watchlist scan: EURUSD.sml, GBPUSD.sml, XAUUSD.sml, USDJPY.sml, EURJPY
[2026-04-29 16:16:52.936763] [SELECT] Trading symbol switched: EURJPY -> EURUSD.sml | AI watchlist candidate
[2026-04-29 16:16:52.936867] [SCAN] Analyzing EURUSD.sml
[2026-04-29 16:16:53.516212] [NO_TRADE] EURUSD.sml already checked candle 2026-04-29 12:10:00
[2026-04-29 16:16:53.516431] [SELECT] Trading symbol switched: EURUSD.sml -> GBPUSD.sml | AI watchlist candidate
[2026-04-29 16:16:53.516474] [SCAN] Analyzing GBPUSD.sml
[2026-04-29 16:16:54.152634] [NO_TRADE] GBPUSD.sml already checked candle 2026-04-29 12:10:00
[2026-04-29 16:16:54.152838] [SELECT] Trading symbol switched: GBPUSD.sml -> XAUUSD.sml | AI watchlist candidate
[2026-04-29 16:16:54.152880] [SCAN] Analyzing XAUUSD.sml
[2026-04-29 16:16:54.471836] [NO_TRADE] XAUUSD.sml Spread too wide: 360.0 points > 80
[2026-04-29 16:16:54.472052] [SELECT] Trading symbol switched: XAUUSD.sml -> USDJPY.sml | AI watchlist candidate
[2026-04-29 16:16:54.472106] [SCAN] Analyzing USDJPY.sml
[2026-04-29 16:16:55.097109] [NO_TRADE] USDJPY.sml already checked candle 2026-04-29 12:10:00
[2026-04-29 16:16:55.097328] [SELECT] Trading symbol switched: USDJPY.sml -> EURJPY | AI watchlist candidate
[2026-04-29 16:16:55.097371] [SCAN] Analyzing EURJPY
[2026-04-29 16:16:55.698315] [NO_TRADE] EURJPY already checked candle 2026-04-29 12:10:00
[2026-04-29 16:16:55.698418] [WAIT] No order from AI watchlist this round
[2026-04-29 16:17:55.700409] [AI] Using cached daily forex scan from 2026-04-29 14:00:15 | symbols=EURUSD.sml, GBPUSD.sml, XAUUSD.sml, USDJPY.sml, EURJPY
[2026-04-29 16:17:55.701473] [WATCHLIST] AI watchlist scan: EURUSD.sml, GBPUSD.sml, XAUUSD.sml, USDJPY.sml, EURJPY
[2026-04-29 16:17:55.701886] [SELECT] Trading symbol switched: EURJPY -> EURUSD.sml | AI watchlist candidate
[2026-04-29 16:17:55.702018] [SCAN] Analyzing EURUSD.sml
[2026-04-29 16:17:56.299457] [NO_TRADE] EURUSD.sml already checked candle 2026-04-29 12:10:00
[2026-04-29 16:17:56.299689] [SELECT] Trading symbol switched: EURUSD.sml -> GBPUSD.sml | AI watchlist candidate
[2026-04-29 16:17:56.299745] [SCAN] Analyzing GBPUSD.sml
[2026-04-29 16:17:56.936288] [NO_TRADE] GBPUSD.sml already checked candle 2026-04-29 12:10:00
[2026-04-29 16:17:56.936602] [SELECT] Trading symbol switched: GBPUSD.sml -> XAUUSD.sml | AI watchlist candidate
[2026-04-29 16:17:56.936732] [SCAN] Analyzing XAUUSD.sml
[2026-04-29 16:17:57.232080] [NO_TRADE] XAUUSD.sml Spread too wide: 330.0 points > 80
[2026-04-29 16:17:57.232254] [SELECT] Trading symbol switched: XAUUSD.sml -> USDJPY.sml | AI watchlist candidate
[2026-04-29 16:17:57.232297] [SCAN] Analyzing USDJPY.sml
[2026-04-29 16:17:57.840033] [NO_TRADE] USDJPY.sml already checked candle 2026-04-29 12:10:00
[2026-04-29 16:17:57.840307] [SELECT] Trading symbol switched: USDJPY.sml -> EURJPY | AI watchlist candidate
[2026-04-29 16:17:57.840373] [SCAN] Analyzing EURJPY
[2026-04-29 16:17:58.551156] [NO_TRADE] EURJPY already checked candle 2026-04-29 12:10:00
[2026-04-29 16:17:58.551245] [WAIT] No order from AI watchlist this round
[2026-04-29 16:18:58.553016] [AI] Using cached daily forex scan from 2026-04-29 14:00:15 | symbols=EURUSD.sml, GBPUSD.sml, XAUUSD.sml, USDJPY.sml, EURJPY
[2026-04-29 16:18:58.553522] [WATCHLIST] AI watchlist scan: EURUSD.sml, GBPUSD.sml, XAUUSD.sml, USDJPY.sml, EURJPY
[2026-04-29 16:18:58.553843] [SELECT] Trading symbol switched: EURJPY -> EURUSD.sml | AI watchlist candidate
[2026-04-29 16:18:58.553907] [SCAN] Analyzing EURUSD.sml
[2026-04-29 16:18:59.160262] [NO_TRADE] EURUSD.sml already checked candle 2026-04-29 12:10:00
[2026-04-29 16:18:59.160533] [SELECT] Trading symbol switched: EURUSD.sml -> GBPUSD.sml | AI watchlist candidate
[2026-04-29 16:18:59.160629] [SCAN] Analyzing GBPUSD.sml
[2026-04-29 16:18:59.796247] [NO_TRADE] GBPUSD.sml already checked candle 2026-04-29 12:10:00
[2026-04-29 16:18:59.796452] [SELECT] Trading symbol switched: GBPUSD.sml -> XAUUSD.sml | AI watchlist candidate
[2026-04-29 16:18:59.796493] [SCAN] Analyzing XAUUSD.sml
[2026-04-29 16:19:00.106413] [NO_TRADE] XAUUSD.sml Spread too wide: 520.0 points > 80
[2026-04-29 16:19:00.106598] [SELECT] Trading symbol switched: XAUUSD.sml -> USDJPY.sml | AI watchlist candidate
[2026-04-29 16:19:00.106642] [SCAN] Analyzing USDJPY.sml
[2026-04-29 16:19:00.738658] [NO_TRADE] USDJPY.sml already checked candle 2026-04-29 12:10:00
[2026-04-29 16:19:00.738906] [SELECT] Trading symbol switched: USDJPY.sml -> EURJPY | AI watchlist candidate
[2026-04-29 16:19:00.738964] [SCAN] Analyzing EURJPY
[2026-04-29 16:19:01.540302] [NO_TRADE] EURJPY already checked candle 2026-04-29 12:10:00
[2026-04-29 16:19:01.540392] [WAIT] No order from AI watchlist this round
[2026-04-29 16:20:01.541831] [AI] Using cached daily forex scan from 2026-04-29 14:00:15 | symbols=EURUSD.sml, GBPUSD.sml, XAUUSD.sml, USDJPY.sml, EURJPY
[2026-04-29 16:20:01.542257] [WATCHLIST] AI watchlist scan: EURUSD.sml, GBPUSD.sml, XAUUSD.sml, USDJPY.sml, EURJPY
[2026-04-29 16:20:01.542474] [SELECT] Trading symbol switched: EURJPY -> EURUSD.sml | AI watchlist candidate
[2026-04-29 16:20:01.542526] [SCAN] Analyzing EURUSD.sml

==============================
Time: 2026-04-29 16:20:02.170987
SIGNAL: {'time': Timestamp('2026-04-29 12:15:00'), 'symbol': 'EURUSD.sml', 'side': 'NO_TRADE', 'price': 1.17002, 'reason': 'no Donchian breakout'}
[NO_TRADE] EURUSD.sml No trade
[2026-04-29 16:20:02.171270] [SELECT] Trading symbol switched: EURUSD.sml -> GBPUSD.sml | AI watchlist candidate
[2026-04-29 16:20:02.171326] [SCAN] Analyzing GBPUSD.sml

==============================
Time: 2026-04-29 16:20:02.819763
SIGNAL: {'time': Timestamp('2026-04-29 12:15:00'), 'symbol': 'GBPUSD.sml', 'side': 'NO_TRADE', 'price': 1.35004, 'reason': 'no Donchian breakout'}
[NO_TRADE] GBPUSD.sml No trade
[2026-04-29 16:20:02.820042] [SELECT] Trading symbol switched: GBPUSD.sml -> XAUUSD.sml | AI watchlist candidate
[2026-04-29 16:20:02.820118] [SCAN] Analyzing XAUUSD.sml
[2026-04-29 16:20:03.201058] [NO_TRADE] XAUUSD.sml Spread too wide: 300.0 points > 80
[2026-04-29 16:20:03.201248] [SELECT] Trading symbol switched: XAUUSD.sml -> USDJPY.sml | AI watchlist candidate
[2026-04-29 16:20:03.201292] [SCAN] Analyzing USDJPY.sml

==============================
Time: 2026-04-29 16:20:03.930369
SIGNAL: {'time': Timestamp('2026-04-29 12:15:00'), 'symbol': 'USDJPY.sml', 'side': 'NO_TRADE', 'price': 159.767, 'reason': 'no Donchian breakout'}
[NO_TRADE] USDJPY.sml No trade
[2026-04-29 16:20:03.930755] [SELECT] Trading symbol switched: USDJPY.sml -> EURJPY | AI watchlist candidate
[2026-04-29 16:20:03.930812] [SCAN] Analyzing EURJPY

==============================
Time: 2026-04-29 16:20:04.593637
SIGNAL: {'time': Timestamp('2026-04-29 12:15:00'), 'symbol': 'EURJPY', 'side': 'NO_TRADE', 'price': 186.871, 'reason': 'no Donchian breakout'}
[NO_TRADE] EURJPY No trade
[2026-04-29 16:20:04.593746] [WAIT] No order from AI watchlist this round
[2026-04-29 16:21:04.595007] [AI] Using cached daily forex scan from 2026-04-29 14:00:15 | symbols=EURUSD.sml, GBPUSD.sml, XAUUSD.sml, USDJPY.sml, EURJPY
[2026-04-29 16:21:04.595517] [WATCHLIST] AI watchlist scan: EURUSD.sml, GBPUSD.sml, XAUUSD.sml, USDJPY.sml, EURJPY
[2026-04-29 16:21:04.595837] [SELECT] Trading symbol switched: EURJPY -> EURUSD.sml | AI watchlist candidate
[2026-04-29 16:21:04.595899] [SCAN] Analyzing EURUSD.sml
[2026-04-29 16:21:05.233244] [NO_TRADE] EURUSD.sml already checked candle 2026-04-29 12:15:00
[2026-04-29 16:21:05.233442] [SELECT] Trading symbol switched: EURUSD.sml -> GBPUSD.sml | AI watchlist candidate
[2026-04-29 16:21:05.233482] [SCAN] Analyzing GBPUSD.sml
[2026-04-29 16:21:05.862246] [NO_TRADE] GBPUSD.sml already checked candle 2026-04-29 12:15:00
[2026-04-29 16:21:05.862456] [SELECT] Trading symbol switched: GBPUSD.sml -> XAUUSD.sml | AI watchlist candidate
[2026-04-29 16:21:05.862500] [SCAN] Analyzing XAUUSD.sml
[2026-04-29 16:21:06.183937] [NO_TRADE] XAUUSD.sml Spread too wide: 430.0 points > 80
[2026-04-29 16:21:06.184123] [SELECT] Trading symbol switched: XAUUSD.sml -> USDJPY.sml | AI watchlist candidate
[2026-04-29 16:21:06.184182] [SCAN] Analyzing USDJPY.sml
[2026-04-29 16:21:06.876761] [NO_TRADE] USDJPY.sml already checked candle 2026-04-29 12:15:00
[2026-04-29 16:21:06.877011] [SELECT] Trading symbol switched: USDJPY.sml -> EURJPY | AI watchlist candidate
[2026-04-29 16:21:06.877089] [SCAN] Analyzing EURJPY
[2026-04-29 16:21:07.483409] [NO_TRADE] EURJPY already checked candle 2026-04-29 12:15:00
[2026-04-29 16:21:07.483496] [WAIT] No order from AI watchlist this round
[2026-04-29 16:22:07.484561] [AI] Using cached daily forex scan from 2026-04-29 14:00:15 | symbols=EURUSD.sml, GBPUSD.sml, XAUUSD.sml, USDJPY.sml, EURJPY
[2026-04-29 16:22:07.484937] [WATCHLIST] AI watchlist scan: EURUSD.sml, GBPUSD.sml, XAUUSD.sml, USDJPY.sml, EURJPY
[2026-04-29 16:22:07.485159] [SELECT] Trading symbol switched: EURJPY -> EURUSD.sml | AI watchlist candidate
[2026-04-29 16:22:07.485210] [SCAN] Analyzing EURUSD.sml
[2026-04-29 16:22:08.179785] [NO_TRADE] EURUSD.sml already checked candle 2026-04-29 12:15:00
[2026-04-29 16:22:08.179988] [SELECT] Trading symbol switched: EURUSD.sml -> GBPUSD.sml | AI watchlist candidate
[2026-04-29 16:22:08.180034] [SCAN] Analyzing GBPUSD.sml
[2026-04-29 16:22:08.820291] [NO_TRADE] GBPUSD.sml already checked candle 2026-04-29 12:15:00
[2026-04-29 16:22:08.820511] [SELECT] Trading symbol switched: GBPUSD.sml -> XAUUSD.sml | AI watchlist candidate
[2026-04-29 16:22:08.820591] [SCAN] Analyzing XAUUSD.sml
[2026-04-29 16:22:09.143586] [NO_TRADE] XAUUSD.sml Spread too wide: 380.0 points > 80
[2026-04-29 16:22:09.143771] [SELECT] Trading symbol switched: XAUUSD.sml -> USDJPY.sml | AI watchlist candidate
[2026-04-29 16:22:09.143842] [SCAN] Analyzing USDJPY.sml
[2026-04-29 16:22:09.818292] [NO_TRADE] USDJPY.sml already checked candle 2026-04-29 12:15:00
[2026-04-29 16:22:09.818592] [SELECT] Trading symbol switched: USDJPY.sml -> EURJPY | AI watchlist candidate
[2026-04-29 16:22:09.818643] [SCAN] Analyzing EURJPY
[2026-04-29 16:22:10.430858] [NO_TRADE] EURJPY already checked candle 2026-04-29 12:15:00
[2026-04-29 16:22:10.430949] [WAIT] No order from AI watchlist this round
[2026-04-29 16:23:10.432203] [AI] Using cached daily forex scan from 2026-04-29 14:00:15 | symbols=EURUSD.sml, GBPUSD.sml, XAUUSD.sml, USDJPY.sml, EURJPY
[2026-04-29 16:23:10.432518] [WATCHLIST] AI watchlist scan: EURUSD.sml, GBPUSD.sml, XAUUSD.sml, USDJPY.sml, EURJPY
[2026-04-29 16:23:10.432716] [SELECT] Trading symbol switched: EURJPY -> EURUSD.sml | AI watchlist candidate
[2026-04-29 16:23:10.432757] [SCAN] Analyzing EURUSD.sml
[2026-04-29 16:23:11.066757] [NO_TRADE] EURUSD.sml already checked candle 2026-04-29 12:15:00
[2026-04-29 16:23:11.066979] [SELECT] Trading symbol switched: EURUSD.sml -> GBPUSD.sml | AI watchlist candidate
[2026-04-29 16:23:11.067024] [SCAN] Analyzing GBPUSD.sml
[2026-04-29 16:23:11.686763] [NO_TRADE] GBPUSD.sml already checked candle 2026-04-29 12:15:00
[2026-04-29 16:23:11.686973] [SELECT] Trading symbol switched: GBPUSD.sml -> XAUUSD.sml | AI watchlist candidate
[2026-04-29 16:23:11.687016] [SCAN] Analyzing XAUUSD.sml
[2026-04-29 16:23:11.965573] [NO_TRADE] XAUUSD.sml Spread too wide: 320.0 points > 80
[2026-04-29 16:23:11.965740] [SELECT] Trading symbol switched: XAUUSD.sml -> USDJPY.sml | AI watchlist candidate
[2026-04-29 16:23:11.965778] [SCAN] Analyzing USDJPY.sml
[2026-04-29 16:23:12.603800] [NO_TRADE] USDJPY.sml already checked candle 2026-04-29 12:15:00
[2026-04-29 16:23:12.604017] [SELECT] Trading symbol switched: USDJPY.sml -> EURJPY | AI watchlist candidate
[2026-04-29 16:23:12.604060] [SCAN] Analyzing EURJPY
[2026-04-29 16:23:13.308378] [NO_TRADE] EURJPY already checked candle 2026-04-29 12:15:00
[2026-04-29 16:23:13.308473] [WAIT] No order from AI watchlist this round
[2026-04-29 16:24:13.309941] [AI] Using cached daily forex scan from 2026-04-29 14:00:15 | symbols=EURUSD.sml, GBPUSD.sml, XAUUSD.sml, USDJPY.sml, EURJPY
[2026-04-29 16:24:13.310452] [WATCHLIST] AI watchlist scan: EURUSD.sml, GBPUSD.sml, XAUUSD.sml, USDJPY.sml, EURJPY
[2026-04-29 16:24:13.310777] [SELECT] Trading symbol switched: EURJPY -> EURUSD.sml | AI watchlist candidate
[2026-04-29 16:24:13.310840] [SCAN] Analyzing EURUSD.sml
[2026-04-29 16:24:13.931396] [NO_TRADE] EURUSD.sml already checked candle 2026-04-29 12:15:00
[2026-04-29 16:24:13.931648] [SELECT] Trading symbol switched: EURUSD.sml -> GBPUSD.sml | AI watchlist candidate
[2026-04-29 16:24:13.931744] [SCAN] Analyzing GBPUSD.sml
[2026-04-29 16:24:14.558164] [NO_TRADE] GBPUSD.sml already checked candle 2026-04-29 12:15:00
[2026-04-29 16:24:14.558386] [SELECT] Trading symbol switched: GBPUSD.sml -> XAUUSD.sml | AI watchlist candidate
[2026-04-29 16:24:14.558432] [SCAN] Analyzing XAUUSD.sml
[2026-04-29 16:24:14.864099] [NO_TRADE] XAUUSD.sml Spread too wide: 560.0 points > 80
[2026-04-29 16:24:14.864334] [SELECT] Trading symbol switched: XAUUSD.sml -> USDJPY.sml | AI watchlist candidate
[2026-04-29 16:24:14.864421] [SCAN] Analyzing USDJPY.sml
[2026-04-29 16:24:15.561679] [NO_TRADE] USDJPY.sml already checked candle 2026-04-29 12:15:00
[2026-04-29 16:24:15.561922] [SELECT] Trading symbol switched: USDJPY.sml -> EURJPY | AI watchlist candidate
[2026-04-29 16:24:15.561969] [SCAN] Analyzing EURJPY
[2026-04-29 16:24:16.201018] [NO_TRADE] EURJPY already checked candle 2026-04-29 12:15:00
[2026-04-29 16:24:16.201115] [WAIT] No order from AI watchlist this round
[2026-04-29 16:25:16.203011] [AI] Using cached daily forex scan from 2026-04-29 14:00:15 | symbols=EURUSD.sml, GBPUSD.sml, XAUUSD.sml, USDJPY.sml, EURJPY
[2026-04-29 16:25:16.203520] [WATCHLIST] AI watchlist scan: EURUSD.sml, GBPUSD.sml, XAUUSD.sml, USDJPY.sml, EURJPY
[2026-04-29 16:25:16.203766] [SELECT] Trading symbol switched: EURJPY -> EURUSD.sml | AI watchlist candidate
[2026-04-29 16:25:16.203818] [SCAN] Analyzing EURUSD.sml

==============================
Time: 2026-04-29 16:25:16.844367
SIGNAL: {'time': Timestamp('2026-04-29 12:20:00'), 'symbol': 'EURUSD.sml', 'side': 'NO_TRADE', 'price': 1.16991, 'reason': 'no Donchian breakout'}
[NO_TRADE] EURUSD.sml No trade
[2026-04-29 16:25:16.844587] [SELECT] Trading symbol switched: EURUSD.sml -> GBPUSD.sml | AI watchlist candidate
[2026-04-29 16:25:16.844626] [SCAN] Analyzing GBPUSD.sml

==============================
Time: 2026-04-29 16:25:17.483211
SIGNAL: {'time': Timestamp('2026-04-29 12:20:00'), 'symbol': 'GBPUSD.sml', 'side': 'NO_TRADE', 'price': 1.35006, 'reason': 'no Donchian breakout'}
[NO_TRADE] GBPUSD.sml No trade
[2026-04-29 16:25:17.483436] [SELECT] Trading symbol switched: GBPUSD.sml -> XAUUSD.sml | AI watchlist candidate
[2026-04-29 16:25:17.483475] [SCAN] Analyzing XAUUSD.sml
[2026-04-29 16:25:17.810049] [NO_TRADE] XAUUSD.sml Spread too wide: 200.0 points > 80
[2026-04-29 16:25:17.810237] [SELECT] Trading symbol switched: XAUUSD.sml -> USDJPY.sml | AI watchlist candidate
[2026-04-29 16:25:17.810278] [SCAN] Analyzing USDJPY.sml

==============================
Time: 2026-04-29 16:25:18.517816
SIGNAL: {'time': Timestamp('2026-04-29 12:20:00'), 'symbol': 'USDJPY.sml', 'side': 'NO_TRADE', 'price': 159.778, 'reason': 'no Donchian breakout'}
[NO_TRADE] USDJPY.sml No trade
[2026-04-29 16:25:18.518096] [SELECT] Trading symbol switched: USDJPY.sml -> EURJPY | AI watchlist candidate
[2026-04-29 16:25:18.518159] [SCAN] Analyzing EURJPY

==============================
Time: 2026-04-29 16:25:19.172703
SIGNAL: {'time': Timestamp('2026-04-29 12:20:00'), 'symbol': 'EURJPY', 'side': 'NO_TRADE', 'price': 186.867, 'reason': 'no Donchian breakout'}
[NO_TRADE] EURJPY No trade
[2026-04-29 16:25:19.172843] [WAIT] No order from AI watchlist this round
[2026-04-29 16:26:19.174383] [AI] Using cached daily forex scan from 2026-04-29 14:00:15 | symbols=EURUSD.sml, GBPUSD.sml, XAUUSD.sml, USDJPY.sml, EURJPY
[2026-04-29 16:26:19.174795] [WATCHLIST] AI watchlist scan: EURUSD.sml, GBPUSD.sml, XAUUSD.sml, USDJPY.sml, EURJPY
[2026-04-29 16:26:19.175022] [SELECT] Trading symbol switched: EURJPY -> EURUSD.sml | AI watchlist candidate
[2026-04-29 16:26:19.175074] [SCAN] Analyzing EURUSD.sml
[2026-04-29 16:26:19.783675] [NO_TRADE] EURUSD.sml already checked candle 2026-04-29 12:20:00
[2026-04-29 16:26:19.783901] [SELECT] Trading symbol switched: EURUSD.sml -> GBPUSD.sml | AI watchlist candidate
[2026-04-29 16:26:19.783964] [SCAN] Analyzing GBPUSD.sml
[2026-04-29 16:26:20.390315] [NO_TRADE] GBPUSD.sml already checked candle 2026-04-29 12:20:00
[2026-04-29 16:26:20.390526] [SELECT] Trading symbol switched: GBPUSD.sml -> XAUUSD.sml | AI watchlist candidate
[2026-04-29 16:26:20.390567] [SCAN] Analyzing XAUUSD.sml
[2026-04-29 16:26:20.694831] [NO_TRADE] XAUUSD.sml Spread too wide: 580.0 points > 80
[2026-04-29 16:26:20.695066] [SELECT] Trading symbol switched: XAUUSD.sml -> USDJPY.sml | AI watchlist candidate
[2026-04-29 16:26:20.695121] [SCAN] Analyzing USDJPY.sml
[2026-04-29 16:26:21.368970] [NO_TRADE] USDJPY.sml already checked candle 2026-04-29 12:20:00
[2026-04-29 16:26:21.369187] [SELECT] Trading symbol switched: USDJPY.sml -> EURJPY | AI watchlist candidate
[2026-04-29 16:26:21.369229] [SCAN] Analyzing EURJPY
[2026-04-29 16:26:22.022546] [NO_TRADE] EURJPY already checked candle 2026-04-29 12:20:00
[2026-04-29 16:26:22.022669] [WAIT] No order from AI watchlist this round
[2026-04-29 16:27:22.024739] [AI] Using cached daily forex scan from 2026-04-29 14:00:15 | symbols=EURUSD.sml, GBPUSD.sml, XAUUSD.sml, USDJPY.sml, EURJPY
[2026-04-29 16:27:22.025481] [WATCHLIST] AI watchlist scan: EURUSD.sml, GBPUSD.sml, XAUUSD.sml, USDJPY.sml, EURJPY
[2026-04-29 16:27:22.025890] [SELECT] Trading symbol switched: EURJPY -> EURUSD.sml | AI watchlist candidate
[2026-04-29 16:27:22.025992] [SCAN] Analyzing EURUSD.sml
[2026-04-29 16:27:22.650727] [NO_TRADE] EURUSD.sml already checked candle 2026-04-29 12:20:00
[2026-04-29 16:27:22.650928] [SELECT] Trading symbol switched: EURUSD.sml -> GBPUSD.sml | AI watchlist candidate
[2026-04-29 16:27:22.650970] [SCAN] Analyzing GBPUSD.sml
[2026-04-29 16:27:23.273816] [NO_TRADE] GBPUSD.sml already checked candle 2026-04-29 12:20:00
[2026-04-29 16:27:23.274077] [SELECT] Trading symbol switched: GBPUSD.sml -> XAUUSD.sml | AI watchlist candidate
[2026-04-29 16:27:23.274135] [SCAN] Analyzing XAUUSD.sml
[2026-04-29 16:27:23.657496] [NO_TRADE] XAUUSD.sml Spread too wide: 460.0 points > 80
[2026-04-29 16:27:23.657673] [SELECT] Trading symbol switched: XAUUSD.sml -> USDJPY.sml | AI watchlist candidate
[2026-04-29 16:27:23.657725] [SCAN] Analyzing USDJPY.sml
[2026-04-29 16:27:24.296096] [NO_TRADE] USDJPY.sml already checked candle 2026-04-29 12:20:00
[2026-04-29 16:27:24.296303] [SELECT] Trading symbol switched: USDJPY.sml -> EURJPY | AI watchlist candidate
[2026-04-29 16:27:24.296346] [SCAN] Analyzing EURJPY
[2026-04-29 16:27:24.924554] [NO_TRADE] EURJPY already checked candle 2026-04-29 12:20:00
[2026-04-29 16:27:24.924645] [WAIT] No order from AI watchlist this round
[2026-04-29 16:28:24.926395] [AI] Using cached daily forex scan from 2026-04-29 14:00:15 | symbols=EURUSD.sml, GBPUSD.sml, XAUUSD.sml, USDJPY.sml, EURJPY
[2026-04-29 16:28:24.927159] [WATCHLIST] AI watchlist scan: EURUSD.sml, GBPUSD.sml, XAUUSD.sml, USDJPY.sml, EURJPY
[2026-04-29 16:28:24.927463] [SELECT] Trading symbol switched: EURJPY -> EURUSD.sml | AI watchlist candidate
[2026-04-29 16:28:24.927530] [SCAN] Analyzing EURUSD.sml
[2026-04-29 16:28:25.566452] [NO_TRADE] EURUSD.sml already checked candle 2026-04-29 12:20:00
[2026-04-29 16:28:25.566663] [SELECT] Trading symbol switched: EURUSD.sml -> GBPUSD.sml | AI watchlist candidate
[2026-04-29 16:28:25.566704] [SCAN] Analyzing GBPUSD.sml
[2026-04-29 16:28:26.258387] [NO_TRADE] GBPUSD.sml already checked candle 2026-04-29 12:20:00
[2026-04-29 16:28:26.258592] [SELECT] Trading symbol switched: GBPUSD.sml -> XAUUSD.sml | AI watchlist candidate
[2026-04-29 16:28:26.258636] [SCAN] Analyzing XAUUSD.sml
[2026-04-29 16:28:26.563909] [NO_TRADE] XAUUSD.sml Spread too wide: 450.0 points > 80
[2026-04-29 16:28:26.564081] [SELECT] Trading symbol switched: XAUUSD.sml -> USDJPY.sml | AI watchlist candidate
[2026-04-29 16:28:26.564121] [SCAN] Analyzing USDJPY.sml
[2026-04-29 16:28:27.177878] [NO_TRADE] USDJPY.sml already checked candle 2026-04-29 12:20:00
[2026-04-29 16:28:27.178134] [SELECT] Trading symbol switched: USDJPY.sml -> EURJPY | AI watchlist candidate
[2026-04-29 16:28:27.178192] [SCAN] Analyzing EURJPY
[2026-04-29 16:28:27.775804] [NO_TRADE] EURJPY already checked candle 2026-04-29 12:20:00
[2026-04-29 16:28:27.775892] [WAIT] No order from AI watchlist this round
[2026-04-29 16:29:27.777855] [AI] Using cached daily forex scan from 2026-04-29 14:00:15 | symbols=EURUSD.sml, GBPUSD.sml, XAUUSD.sml, USDJPY.sml, EURJPY
[2026-04-29 16:29:27.778605] [WATCHLIST] AI watchlist scan: EURUSD.sml, GBPUSD.sml, XAUUSD.sml, USDJPY.sml, EURJPY
[2026-04-29 16:29:27.779008] [SELECT] Trading symbol switched: EURJPY -> EURUSD.sml | AI watchlist candidate
[2026-04-29 16:29:27.779112] [SCAN] Analyzing EURUSD.sml
[2026-04-29 16:29:28.415819] [NO_TRADE] EURUSD.sml already checked candle 2026-04-29 12:20:00
[2026-04-29 16:29:28.416013] [SELECT] Trading symbol switched: EURUSD.sml -> GBPUSD.sml | AI watchlist candidate
[2026-04-29 16:29:28.416054] [SCAN] Analyzing GBPUSD.sml
[2026-04-29 16:29:29.012506] [NO_TRADE] GBPUSD.sml already checked candle 2026-04-29 12:20:00
[2026-04-29 16:29:29.012708] [SELECT] Trading symbol switched: GBPUSD.sml -> XAUUSD.sml | AI watchlist candidate
[2026-04-29 16:29:29.012749] [SCAN] Analyzing XAUUSD.sml
[2026-04-29 16:29:29.309527] [NO_TRADE] XAUUSD.sml Spread too wide: 590.0 points > 80
[2026-04-29 16:29:29.309701] [SELECT] Trading symbol switched: XAUUSD.sml -> USDJPY.sml | AI watchlist candidate
[2026-04-29 16:29:29.309743] [SCAN] Analyzing USDJPY.sml
[2026-04-29 16:29:29.950246] [NO_TRADE] USDJPY.sml already checked candle 2026-04-29 12:20:00
[2026-04-29 16:29:29.950469] [SELECT] Trading symbol switched: USDJPY.sml -> EURJPY | AI watchlist candidate
[2026-04-29 16:29:29.950514] [SCAN] Analyzing EURJPY
[2026-04-29 16:29:30.639990] [NO_TRADE] EURJPY already checked candle 2026-04-29 12:20:00
[2026-04-29 16:29:30.640083] [WAIT] No order from AI watchlist this round
[2026-04-29 16:30:30.641523] [AI] Using cached daily forex scan from 2026-04-29 14:00:15 | symbols=EURUSD.sml, GBPUSD.sml, XAUUSD.sml, USDJPY.sml, EURJPY
[2026-04-29 16:30:30.642006] [WATCHLIST] AI watchlist scan: EURUSD.sml, GBPUSD.sml, XAUUSD.sml, USDJPY.sml, EURJPY
[2026-04-29 16:30:30.642205] [SELECT] Trading symbol switched: EURJPY -> EURUSD.sml | AI watchlist candidate
[2026-04-29 16:30:30.642265] [SCAN] Analyzing EURUSD.sml

==============================
Time: 2026-04-29 16:30:31.294571
SIGNAL: {'time': Timestamp('2026-04-29 12:25:00'), 'symbol': 'EURUSD.sml', 'side': 'NO_TRADE', 'price': 1.17015, 'reason': 'no Donchian breakout'}
[NO_TRADE] EURUSD.sml No trade
[2026-04-29 16:30:31.294815] [SELECT] Trading symbol switched: EURUSD.sml -> GBPUSD.sml | AI watchlist candidate
[2026-04-29 16:30:31.294864] [SCAN] Analyzing GBPUSD.sml

==============================
Time: 2026-04-29 16:30:31.935776
SIGNAL: {'time': Timestamp('2026-04-29 12:25:00'), 'symbol': 'GBPUSD.sml', 'side': 'NO_TRADE', 'price': 1.35004, 'reason': 'no Donchian breakout'}
[NO_TRADE] GBPUSD.sml No trade
[2026-04-29 16:30:31.935998] [SELECT] Trading symbol switched: GBPUSD.sml -> XAUUSD.sml | AI watchlist candidate
[2026-04-29 16:30:31.936045] [SCAN] Analyzing XAUUSD.sml
[2026-04-29 16:30:32.255873] [NO_TRADE] XAUUSD.sml Spread too wide: 600.0 points > 80
[2026-04-29 16:30:32.256096] [SELECT] Trading symbol switched: XAUUSD.sml -> USDJPY.sml | AI watchlist candidate
[2026-04-29 16:30:32.256153] [SCAN] Analyzing USDJPY.sml

==============================
Time: 2026-04-29 16:30:32.891314
SIGNAL: {'time': Timestamp('2026-04-29 12:25:00'), 'symbol': 'USDJPY.sml', 'side': 'NO_TRADE', 'price': 159.793, 'reason': 'ATR too low atr_pct=0.00016'}
[NO_TRADE] USDJPY.sml No trade
[2026-04-29 16:30:32.891550] [SELECT] Trading symbol switched: USDJPY.sml -> EURJPY | AI watchlist candidate
[2026-04-29 16:30:32.891594] [SCAN] Analyzing EURJPY

==============================
Time: 2026-04-29 16:30:33.618769
SIGNAL: {'time': Timestamp('2026-04-29 12:25:00'), 'symbol': 'EURJPY', 'side': 'NO_TRADE', 'price': 186.923, 'reason': 'ATR too low atr_pct=0.00022'}
[NO_TRADE] EURJPY No trade
[2026-04-29 16:30:33.618929] [WAIT] No order from AI watchlist this round
[2026-04-29 16:31:33.620101] [AI] Using cached daily forex scan from 2026-04-29 14:00:15 | symbols=EURUSD.sml, GBPUSD.sml, XAUUSD.sml, USDJPY.sml, EURJPY
[2026-04-29 16:31:33.620475] [WATCHLIST] AI watchlist scan: EURUSD.sml, GBPUSD.sml, XAUUSD.sml, USDJPY.sml, EURJPY
[2026-04-29 16:31:33.620702] [SELECT] Trading symbol switched: EURJPY -> EURUSD.sml | AI watchlist candidate
[2026-04-29 16:31:33.620751] [SCAN] Analyzing EURUSD.sml
[2026-04-29 16:31:34.263172] [NO_TRADE] EURUSD.sml already checked candle 2026-04-29 12:25:00
[2026-04-29 16:31:34.263404] [SELECT] Trading symbol switched: EURUSD.sml -> GBPUSD.sml | AI watchlist candidate
[2026-04-29 16:31:34.263442] [SCAN] Analyzing GBPUSD.sml
[2026-04-29 16:31:34.918602] [NO_TRADE] GBPUSD.sml already checked candle 2026-04-29 12:25:00
[2026-04-29 16:31:34.918809] [SELECT] Trading symbol switched: GBPUSD.sml -> XAUUSD.sml | AI watchlist candidate
[2026-04-29 16:31:34.918851] [SCAN] Analyzing XAUUSD.sml
[2026-04-29 16:31:35.308050] [NO_TRADE] XAUUSD.sml Spread too wide: 600.0 points > 80
[2026-04-29 16:31:35.308234] [SELECT] Trading symbol switched: XAUUSD.sml -> USDJPY.sml | AI watchlist candidate
[2026-04-29 16:31:35.308274] [SCAN] Analyzing USDJPY.sml
[2026-04-29 16:31:35.948132] [NO_TRADE] USDJPY.sml already checked candle 2026-04-29 12:25:00
[2026-04-29 16:31:35.948387] [SELECT] Trading symbol switched: USDJPY.sml -> EURJPY | AI watchlist candidate
[2026-04-29 16:31:35.948450] [SCAN] Analyzing EURJPY
[2026-04-29 16:31:36.555781] [NO_TRADE] EURJPY already checked candle 2026-04-29 12:25:00
[2026-04-29 16:31:36.555884] [WAIT] No order from AI watchlist this round
[2026-04-29 16:32:36.557712] [AI] Using cached daily forex scan from 2026-04-29 14:00:15 | symbols=EURUSD.sml, GBPUSD.sml, XAUUSD.sml, USDJPY.sml, EURJPY
[2026-04-29 16:32:36.558496] [WATCHLIST] AI watchlist scan: EURUSD.sml, GBPUSD.sml, XAUUSD.sml, USDJPY.sml, EURJPY
[2026-04-29 16:32:36.559013] [SELECT] Trading symbol switched: EURJPY -> EURUSD.sml | AI watchlist candidate
[2026-04-29 16:32:36.559124] [SCAN] Analyzing EURUSD.sml
[2026-04-29 16:32:37.160505] [NO_TRADE] EURUSD.sml already checked candle 2026-04-29 12:25:00
[2026-04-29 16:32:37.160741] [SELECT] Trading symbol switched: EURUSD.sml -> GBPUSD.sml | AI watchlist candidate
[2026-04-29 16:32:37.160795] [SCAN] Analyzing GBPUSD.sml
[2026-04-29 16:32:37.857588] [NO_TRADE] GBPUSD.sml already checked candle 2026-04-29 12:25:00
[2026-04-29 16:32:37.857807] [SELECT] Trading symbol switched: GBPUSD.sml -> XAUUSD.sml | AI watchlist candidate
[2026-04-29 16:32:37.857866] [SCAN] Analyzing XAUUSD.sml
[2026-04-29 16:32:38.165699] [NO_TRADE] XAUUSD.sml Spread too wide: 440.0 points > 80
[2026-04-29 16:32:38.165906] [SELECT] Trading symbol switched: XAUUSD.sml -> USDJPY.sml | AI watchlist candidate
[2026-04-29 16:32:38.165967] [SCAN] Analyzing USDJPY.sml
[2026-04-29 16:32:38.813070] [NO_TRADE] USDJPY.sml already checked candle 2026-04-29 12:25:00
[2026-04-29 16:32:38.813293] [SELECT] Trading symbol switched: USDJPY.sml -> EURJPY | AI watchlist candidate
[2026-04-29 16:32:38.813336] [SCAN] Analyzing EURJPY
[2026-04-29 16:32:39.416127] [NO_TRADE] EURJPY already checked candle 2026-04-29 12:25:00
[2026-04-29 16:32:39.416223] [WAIT] No order from AI watchlist this round
[2026-04-29 16:33:39.417835] [AI] Using cached daily forex scan from 2026-04-29 14:00:15 | symbols=EURUSD.sml, GBPUSD.sml, XAUUSD.sml, USDJPY.sml, EURJPY
[2026-04-29 16:33:39.418334] [WATCHLIST] AI watchlist scan: EURUSD.sml, GBPUSD.sml, XAUUSD.sml, USDJPY.sml, EURJPY
[2026-04-29 16:33:39.418651] [SELECT] Trading symbol switched: EURJPY -> EURUSD.sml | AI watchlist candidate
[2026-04-29 16:33:39.418712] [SCAN] Analyzing EURUSD.sml
[2026-04-29 16:33:40.095347] [NO_TRADE] EURUSD.sml already checked candle 2026-04-29 12:25:00
[2026-04-29 16:33:40.095618] [SELECT] Trading symbol switched: EURUSD.sml -> GBPUSD.sml | AI watchlist candidate
[2026-04-29 16:33:40.095702] [SCAN] Analyzing GBPUSD.sml
[2026-04-29 16:33:40.751543] [NO_TRADE] GBPUSD.sml already checked candle 2026-04-29 12:25:00
[2026-04-29 16:33:40.751757] [SELECT] Trading symbol switched: GBPUSD.sml -> XAUUSD.sml | AI watchlist candidate
[2026-04-29 16:33:40.751798] [SCAN] Analyzing XAUUSD.sml
[2026-04-29 16:33:41.065203] [NO_TRADE] XAUUSD.sml Spread too wide: 480.0 points > 80
[2026-04-29 16:33:41.065369] [SELECT] Trading symbol switched: XAUUSD.sml -> USDJPY.sml | AI watchlist candidate
[2026-04-29 16:33:41.065409] [SCAN] Analyzing USDJPY.sml
[2026-04-29 16:33:41.704822] [NO_TRADE] USDJPY.sml already checked candle 2026-04-29 12:25:00
[2026-04-29 16:33:41.705039] [SELECT] Trading symbol switched: USDJPY.sml -> EURJPY | AI watchlist candidate
[2026-04-29 16:33:41.705103] [SCAN] Analyzing EURJPY
[2026-04-29 16:33:42.347035] [NO_TRADE] EURJPY already checked candle 2026-04-29 12:25:00
[2026-04-29 16:33:42.347128] [WAIT] No order from AI watchlist this round
[2026-04-29 16:34:42.348428] [AI] Using cached daily forex scan from 2026-04-29 14:00:15 | symbols=EURUSD.sml, GBPUSD.sml, XAUUSD.sml, USDJPY.sml, EURJPY
[2026-04-29 16:34:42.348811] [WATCHLIST] AI watchlist scan: EURUSD.sml, GBPUSD.sml, XAUUSD.sml, USDJPY.sml, EURJPY
[2026-04-29 16:34:42.349028] [SELECT] Trading symbol switched: EURJPY -> EURUSD.sml | AI watchlist candidate
[2026-04-29 16:34:42.349079] [SCAN] Analyzing EURUSD.sml
[2026-04-29 16:34:42.972836] [NO_TRADE] EURUSD.sml already checked candle 2026-04-29 12:25:00
[2026-04-29 16:34:42.973034] [SELECT] Trading symbol switched: EURUSD.sml -> GBPUSD.sml | AI watchlist candidate
[2026-04-29 16:34:42.973077] [SCAN] Analyzing GBPUSD.sml
[2026-04-29 16:34:43.596119] [NO_TRADE] GBPUSD.sml already checked candle 2026-04-29 12:25:00
[2026-04-29 16:34:43.596332] [SELECT] Trading symbol switched: GBPUSD.sml -> XAUUSD.sml | AI watchlist candidate
[2026-04-29 16:34:43.596374] [SCAN] Analyzing XAUUSD.sml
[2026-04-29 16:34:43.907969] [NO_TRADE] XAUUSD.sml Spread too wide: 310.0 points > 80
[2026-04-29 16:34:43.908142] [SELECT] Trading symbol switched: XAUUSD.sml -> USDJPY.sml | AI watchlist candidate
[2026-04-29 16:34:43.908185] [SCAN] Analyzing USDJPY.sml
[2026-04-29 16:34:44.531461] [NO_TRADE] USDJPY.sml already checked candle 2026-04-29 12:25:00
[2026-04-29 16:34:44.531698] [SELECT] Trading symbol switched: USDJPY.sml -> EURJPY | AI watchlist candidate
[2026-04-29 16:34:44.531744] [SCAN] Analyzing EURJPY
[2026-04-29 16:34:45.191540] [NO_TRADE] EURJPY already checked candle 2026-04-29 12:25:00
[2026-04-29 16:34:45.191652] [WAIT] No order from AI watchlist this round
[2026-04-29 16:35:45.193277] [AI] Using cached daily forex scan from 2026-04-29 14:00:15 | symbols=EURUSD.sml, GBPUSD.sml, XAUUSD.sml, USDJPY.sml, EURJPY
[2026-04-29 16:35:45.193759] [WATCHLIST] AI watchlist scan: EURUSD.sml, GBPUSD.sml, XAUUSD.sml, USDJPY.sml, EURJPY
[2026-04-29 16:35:45.194076] [SELECT] Trading symbol switched: EURJPY -> EURUSD.sml | AI watchlist candidate
[2026-04-29 16:35:45.194133] [SCAN] Analyzing EURUSD.sml

==============================
Time: 2026-04-29 16:35:45.847865
SIGNAL: {'time': Timestamp('2026-04-29 12:30:00'), 'symbol': 'EURUSD.sml', 'side': 'NO_TRADE', 'price': 1.17035, 'reason': 'no Donchian breakout'}
[NO_TRADE] EURUSD.sml No trade
[2026-04-29 16:35:45.848086] [SELECT] Trading symbol switched: EURUSD.sml -> GBPUSD.sml | AI watchlist candidate
[2026-04-29 16:35:45.848129] [SCAN] Analyzing GBPUSD.sml

==============================
Time: 2026-04-29 16:35:46.476825
SIGNAL: {'time': Timestamp('2026-04-29 12:30:00'), 'symbol': 'GBPUSD.sml', 'side': 'NO_TRADE', 'price': 1.34995, 'reason': 'no Donchian breakout'}
[NO_TRADE] GBPUSD.sml No trade
[2026-04-29 16:35:46.477042] [SELECT] Trading symbol switched: GBPUSD.sml -> XAUUSD.sml | AI watchlist candidate
[2026-04-29 16:35:46.477099] [SCAN] Analyzing XAUUSD.sml
[2026-04-29 16:35:46.815399] [NO_TRADE] XAUUSD.sml Spread too wide: 310.0 points > 80
[2026-04-29 16:35:46.815577] [SELECT] Trading symbol switched: XAUUSD.sml -> USDJPY.sml | AI watchlist candidate
[2026-04-29 16:35:46.815619] [SCAN] Analyzing USDJPY.sml

==============================
Time: 2026-04-29 16:35:47.514782
SIGNAL: {'time': Timestamp('2026-04-29 12:30:00'), 'symbol': 'USDJPY.sml', 'side': 'NO_TRADE', 'price': 159.799, 'reason': 'ATR too low atr_pct=0.00015'}
[NO_TRADE] USDJPY.sml No trade
[2026-04-29 16:35:47.515095] [SELECT] Trading symbol switched: USDJPY.sml -> EURJPY | AI watchlist candidate
[2026-04-29 16:35:47.515165] [SCAN] Analyzing EURJPY

==============================
Time: 2026-04-29 16:35:48.171624
SIGNAL: {'time': Timestamp('2026-04-29 12:30:00'), 'symbol': 'EURJPY', 'side': 'NO_TRADE', 'price': 186.962, 'reason': 'ATR too low atr_pct=0.00022'}
[NO_TRADE] EURJPY No trade
[2026-04-29 16:35:48.171830] [WAIT] No order from AI watchlist this round
[2026-04-29 16:36:48.173018] [AI] Using cached daily forex scan from 2026-04-29 14:00:15 | symbols=EURUSD.sml, GBPUSD.sml, XAUUSD.sml, USDJPY.sml, EURJPY
[2026-04-29 16:36:48.173441] [WATCHLIST] AI watchlist scan: EURUSD.sml, GBPUSD.sml, XAUUSD.sml, USDJPY.sml, EURJPY
[2026-04-29 16:36:48.173685] [SELECT] Trading symbol switched: EURJPY -> EURUSD.sml | AI watchlist candidate
[2026-04-29 16:36:48.173744] [SCAN] Analyzing EURUSD.sml
[2026-04-29 16:36:48.772092] [NO_TRADE] EURUSD.sml already checked candle 2026-04-29 12:30:00
[2026-04-29 16:36:48.772276] [SELECT] Trading symbol switched: EURUSD.sml -> GBPUSD.sml | AI watchlist candidate
[2026-04-29 16:36:48.772317] [SCAN] Analyzing GBPUSD.sml
[2026-04-29 16:36:49.393724] [NO_TRADE] GBPUSD.sml already checked candle 2026-04-29 12:30:00
[2026-04-29 16:36:49.394089] [SELECT] Trading symbol switched: GBPUSD.sml -> XAUUSD.sml | AI watchlist candidate
[2026-04-29 16:36:49.394494] [SCAN] Analyzing XAUUSD.sml
[2026-04-29 16:36:49.704485] [NO_TRADE] XAUUSD.sml Spread too wide: 370.0 points > 80
[2026-04-29 16:36:49.704659] [SELECT] Trading symbol switched: XAUUSD.sml -> USDJPY.sml | AI watchlist candidate
[2026-04-29 16:36:49.704701] [SCAN] Analyzing USDJPY.sml
[2026-04-29 16:36:50.383144] [NO_TRADE] USDJPY.sml already checked candle 2026-04-29 12:30:00
[2026-04-29 16:36:50.383368] [SELECT] Trading symbol switched: USDJPY.sml -> EURJPY | AI watchlist candidate
[2026-04-29 16:36:50.383432] [SCAN] Analyzing EURJPY
[2026-04-29 16:36:51.022871] [NO_TRADE] EURJPY already checked candle 2026-04-29 12:30:00
[2026-04-29 16:36:51.022960] [WAIT] No order from AI watchlist this round
[2026-04-29 16:37:51.024368] [AI] Using cached daily forex scan from 2026-04-29 14:00:15 | symbols=EURUSD.sml, GBPUSD.sml, XAUUSD.sml, USDJPY.sml, EURJPY
[2026-04-29 16:37:51.025179] [WATCHLIST] AI watchlist scan: EURUSD.sml, GBPUSD.sml, XAUUSD.sml, USDJPY.sml, EURJPY
[2026-04-29 16:37:51.025978] [SELECT] Trading symbol switched: EURJPY -> EURUSD.sml | AI watchlist candidate
[2026-04-29 16:37:51.026036] [SCAN] Analyzing EURUSD.sml
[2026-04-29 16:37:51.716558] [NO_TRADE] EURUSD.sml already checked candle 2026-04-29 12:30:00
[2026-04-29 16:37:51.716784] [SELECT] Trading symbol switched: EURUSD.sml -> GBPUSD.sml | AI watchlist candidate
[2026-04-29 16:37:51.716831] [SCAN] Analyzing GBPUSD.sml
[2026-04-29 16:37:52.384581] [NO_TRADE] GBPUSD.sml already checked candle 2026-04-29 12:30:00
[2026-04-29 16:37:52.384796] [SELECT] Trading symbol switched: GBPUSD.sml -> XAUUSD.sml | AI watchlist candidate
[2026-04-29 16:37:52.384844] [SCAN] Analyzing XAUUSD.sml
[2026-04-29 16:37:52.746537] [NO_TRADE] XAUUSD.sml Spread too wide: 230.0 points > 80
[2026-04-29 16:37:52.746744] [SELECT] Trading symbol switched: XAUUSD.sml -> USDJPY.sml | AI watchlist candidate
[2026-04-29 16:37:52.746798] [SCAN] Analyzing USDJPY.sml
[2026-04-29 16:37:53.372546] [NO_TRADE] USDJPY.sml already checked candle 2026-04-29 12:30:00
[2026-04-29 16:37:53.372800] [SELECT] Trading symbol switched: USDJPY.sml -> EURJPY | AI watchlist candidate
[2026-04-29 16:37:53.372852] [SCAN] Analyzing EURJPY
[2026-04-29 16:37:53.980740] [NO_TRADE] EURJPY already checked candle 2026-04-29 12:30:00
[2026-04-29 16:37:53.980829] [WAIT] No order from AI watchlist this round
[2026-04-29 16:38:53.983043] [AI] Using cached daily forex scan from 2026-04-29 14:00:15 | symbols=EURUSD.sml, GBPUSD.sml, XAUUSD.sml, USDJPY.sml, EURJPY
[2026-04-29 16:38:53.983859] [WATCHLIST] AI watchlist scan: EURUSD.sml, GBPUSD.sml, XAUUSD.sml, USDJPY.sml, EURJPY
[2026-04-29 16:38:53.984200] [SELECT] Trading symbol switched: EURJPY -> EURUSD.sml | AI watchlist candidate
[2026-04-29 16:38:53.984284] [SCAN] Analyzing EURUSD.sml
[2026-04-29 16:38:54.581927] [NO_TRADE] EURUSD.sml already checked candle 2026-04-29 12:30:00
[2026-04-29 16:38:54.582142] [SELECT] Trading symbol switched: EURUSD.sml -> GBPUSD.sml | AI watchlist candidate
[2026-04-29 16:38:54.582193] [SCAN] Analyzing GBPUSD.sml
[2026-04-29 16:38:55.249360] [NO_TRADE] GBPUSD.sml already checked candle 2026-04-29 12:30:00
[2026-04-29 16:38:55.249567] [SELECT] Trading symbol switched: GBPUSD.sml -> XAUUSD.sml | AI watchlist candidate
[2026-04-29 16:38:55.249612] [SCAN] Analyzing XAUUSD.sml
[2026-04-29 16:38:55.552385] [NO_TRADE] XAUUSD.sml Spread too wide: 100.0 points > 80
[2026-04-29 16:38:55.556147] [SELECT] Trading symbol switched: XAUUSD.sml -> USDJPY.sml | AI watchlist candidate
[2026-04-29 16:38:55.556231] [SCAN] Analyzing USDJPY.sml
[2026-04-29 16:38:56.237199] [NO_TRADE] USDJPY.sml already checked candle 2026-04-29 12:30:00
[2026-04-29 16:38:56.237411] [SELECT] Trading symbol switched: USDJPY.sml -> EURJPY | AI watchlist candidate
[2026-04-29 16:38:56.237456] [SCAN] Analyzing EURJPY
[2026-04-29 16:38:56.889044] [NO_TRADE] EURJPY already checked candle 2026-04-29 12:30:00
[2026-04-29 16:38:56.889122] [WAIT] No order from AI watchlist this round
[2026-04-29 16:39:56.890788] [AI] Using cached daily forex scan from 2026-04-29 14:00:15 | symbols=EURUSD.sml, GBPUSD.sml, XAUUSD.sml, USDJPY.sml, EURJPY
[2026-04-29 16:39:56.891587] [WATCHLIST] AI watchlist scan: EURUSD.sml, GBPUSD.sml, XAUUSD.sml, USDJPY.sml, EURJPY
[2026-04-29 16:39:56.892690] [SELECT] Trading symbol switched: EURJPY -> EURUSD.sml | AI watchlist candidate
[2026-04-29 16:39:56.892844] [SCAN] Analyzing EURUSD.sml
[2026-04-29 16:39:57.541593] [NO_TRADE] EURUSD.sml already checked candle 2026-04-29 12:30:00
[2026-04-29 16:39:57.541817] [SELECT] Trading symbol switched: EURUSD.sml -> GBPUSD.sml | AI watchlist candidate
[2026-04-29 16:39:57.541863] [SCAN] Analyzing GBPUSD.sml
[2026-04-29 16:39:58.176760] [NO_TRADE] GBPUSD.sml already checked candle 2026-04-29 12:30:00
[2026-04-29 16:39:58.176955] [SELECT] Trading symbol switched: GBPUSD.sml -> XAUUSD.sml | AI watchlist candidate
[2026-04-29 16:39:58.176996] [SCAN] Analyzing XAUUSD.sml
[2026-04-29 16:39:58.470264] [NO_TRADE] XAUUSD.sml Spread too wide: 580.0 points > 80
[2026-04-29 16:39:58.470429] [SELECT] Trading symbol switched: XAUUSD.sml -> USDJPY.sml | AI watchlist candidate
[2026-04-29 16:39:58.470469] [SCAN] Analyzing USDJPY.sml
[2026-04-29 16:39:59.121429] [NO_TRADE] USDJPY.sml already checked candle 2026-04-29 12:30:00
[2026-04-29 16:39:59.121705] [SELECT] Trading symbol switched: USDJPY.sml -> EURJPY | AI watchlist candidate
[2026-04-29 16:39:59.121782] [SCAN] Analyzing EURJPY
[2026-04-29 16:39:59.719105] [NO_TRADE] EURJPY already checked candle 2026-04-29 12:30:00
[2026-04-29 16:39:59.719211] [WAIT] No order from AI watchlist this round
[2026-04-29 16:40:59.721675] [AI] Using cached daily forex scan from 2026-04-29 14:00:15 | symbols=EURUSD.sml, GBPUSD.sml, XAUUSD.sml, USDJPY.sml, EURJPY
[2026-04-29 16:40:59.722497] [WATCHLIST] AI watchlist scan: EURUSD.sml, GBPUSD.sml, XAUUSD.sml, USDJPY.sml, EURJPY
[2026-04-29 16:40:59.722940] [SELECT] Trading symbol switched: EURJPY -> EURUSD.sml | AI watchlist candidate
[2026-04-29 16:40:59.723043] [SCAN] Analyzing EURUSD.sml

==============================
Time: 2026-04-29 16:41:00.431308
SIGNAL: {'time': Timestamp('2026-04-29 12:35:00'), 'symbol': 'EURUSD.sml', 'side': 'NO_TRADE', 'price': 1.1701, 'reason': 'no Donchian breakout'}
[NO_TRADE] EURUSD.sml No trade
[2026-04-29 16:41:00.431575] [SELECT] Trading symbol switched: EURUSD.sml -> GBPUSD.sml | AI watchlist candidate
[2026-04-29 16:41:00.431622] [SCAN] Analyzing GBPUSD.sml

==============================
Time: 2026-04-29 16:41:01.126058
SIGNAL: {'time': Timestamp('2026-04-29 12:35:00'), 'symbol': 'GBPUSD.sml', 'side': 'NO_TRADE', 'price': 1.34981, 'reason': 'no Donchian breakout'}
[NO_TRADE] GBPUSD.sml No trade
[2026-04-29 16:41:01.126346] [SELECT] Trading symbol switched: GBPUSD.sml -> XAUUSD.sml | AI watchlist candidate
[2026-04-29 16:41:01.126423] [SCAN] Analyzing XAUUSD.sml
[2026-04-29 16:41:01.474000] [NO_TRADE] XAUUSD.sml Spread too wide: 410.0 points > 80
[2026-04-29 16:41:01.474178] [SELECT] Trading symbol switched: XAUUSD.sml -> USDJPY.sml | AI watchlist candidate
[2026-04-29 16:41:01.474216] [SCAN] Analyzing USDJPY.sml

==============================
Time: 2026-04-29 16:41:02.186256
SIGNAL: {'time': Timestamp('2026-04-29 12:35:00'), 'symbol': 'USDJPY.sml', 'side': 'NO_TRADE', 'price': 159.8, 'reason': 'no Donchian breakout'}
[NO_TRADE] USDJPY.sml No trade
[2026-04-29 16:41:02.186479] [SELECT] Trading symbol switched: USDJPY.sml -> EURJPY | AI watchlist candidate
[2026-04-29 16:41:02.186521] [SCAN] Analyzing EURJPY

==============================
Time: 2026-04-29 16:41:02.866972
SIGNAL: {'time': Timestamp('2026-04-29 12:35:00'), 'symbol': 'EURJPY', 'side': 'NO_TRADE', 'price': 186.924, 'reason': 'no Donchian breakout'}
[NO_TRADE] EURJPY No trade
[2026-04-29 16:41:02.867098] [WAIT] No order from AI watchlist this round
[2026-04-29 16:42:02.868224] [AI] Using cached daily forex scan from 2026-04-29 14:00:15 | symbols=EURUSD.sml, GBPUSD.sml, XAUUSD.sml, USDJPY.sml, EURJPY
[2026-04-29 16:42:02.868819] [WATCHLIST] AI watchlist scan: EURUSD.sml, GBPUSD.sml, XAUUSD.sml, USDJPY.sml, EURJPY
[2026-04-29 16:42:02.869074] [SELECT] Trading symbol switched: EURJPY -> EURUSD.sml | AI watchlist candidate
[2026-04-29 16:42:02.869138] [SCAN] Analyzing EURUSD.sml
[2026-04-29 16:42:03.486131] [NO_TRADE] EURUSD.sml already checked candle 2026-04-29 12:35:00
[2026-04-29 16:42:03.486370] [SELECT] Trading symbol switched: EURUSD.sml -> GBPUSD.sml | AI watchlist candidate
[2026-04-29 16:42:03.486447] [SCAN] Analyzing GBPUSD.sml
[2026-04-29 16:42:04.179567] [NO_TRADE] GBPUSD.sml already checked candle 2026-04-29 12:35:00
[2026-04-29 16:42:04.179773] [SELECT] Trading symbol switched: GBPUSD.sml -> XAUUSD.sml | AI watchlist candidate
[2026-04-29 16:42:04.179814] [SCAN] Analyzing XAUUSD.sml
[2026-04-29 16:42:04.476066] [NO_TRADE] XAUUSD.sml Spread too wide: 610.0 points > 80
[2026-04-29 16:42:04.476322] [SELECT] Trading symbol switched: XAUUSD.sml -> USDJPY.sml | AI watchlist candidate
[2026-04-29 16:42:04.476399] [SCAN] Analyzing USDJPY.sml
[2026-04-29 16:42:05.107490] [NO_TRADE] USDJPY.sml already checked candle 2026-04-29 12:35:00
[2026-04-29 16:42:05.107710] [SELECT] Trading symbol switched: USDJPY.sml -> EURJPY | AI watchlist candidate
[2026-04-29 16:42:05.107756] [SCAN] Analyzing EURJPY
[2026-04-29 16:42:05.718375] [NO_TRADE] EURJPY already checked candle 2026-04-29 12:35:00
[2026-04-29 16:42:05.718514] [WAIT] No order from AI watchlist this round
[2026-04-29 16:43:05.720149] [AI] Using cached daily forex scan from 2026-04-29 14:00:15 | symbols=EURUSD.sml, GBPUSD.sml, XAUUSD.sml, USDJPY.sml, EURJPY
[2026-04-29 16:43:05.720562] [WATCHLIST] AI watchlist scan: EURUSD.sml, GBPUSD.sml, XAUUSD.sml, USDJPY.sml, EURJPY
[2026-04-29 16:43:05.720811] [SELECT] Trading symbol switched: EURJPY -> EURUSD.sml | AI watchlist candidate
[2026-04-29 16:43:05.720868] [SCAN] Analyzing EURUSD.sml
[2026-04-29 16:43:06.333330] [NO_TRADE] EURUSD.sml already checked candle 2026-04-29 12:35:00
[2026-04-29 16:43:06.333539] [SELECT] Trading symbol switched: EURUSD.sml -> GBPUSD.sml | AI watchlist candidate
[2026-04-29 16:43:06.333617] [SCAN] Analyzing GBPUSD.sml
[2026-04-29 16:43:06.960159] [NO_TRADE] GBPUSD.sml already checked candle 2026-04-29 12:35:00
[2026-04-29 16:43:06.960353] [SELECT] Trading symbol switched: GBPUSD.sml -> XAUUSD.sml | AI watchlist candidate
[2026-04-29 16:43:06.960394] [SCAN] Analyzing XAUUSD.sml
[2026-04-29 16:43:07.273998] [NO_TRADE] XAUUSD.sml Spread too wide: 560.0 points > 80
[2026-04-29 16:43:07.274161] [SELECT] Trading symbol switched: XAUUSD.sml -> USDJPY.sml | AI watchlist candidate
[2026-04-29 16:43:07.274201] [SCAN] Analyzing USDJPY.sml
[2026-04-29 16:43:07.911479] [NO_TRADE] USDJPY.sml already checked candle 2026-04-29 12:35:00
[2026-04-29 16:43:07.911701] [SELECT] Trading symbol switched: USDJPY.sml -> EURJPY | AI watchlist candidate
[2026-04-29 16:43:07.911744] [SCAN] Analyzing EURJPY
[2026-04-29 16:43:08.597038] [NO_TRADE] EURJPY already checked candle 2026-04-29 12:35:00
[2026-04-29 16:43:08.597135] [WAIT] No order from AI watchlist this round
[2026-04-29 16:44:08.599404] [AI] Using cached daily forex scan from 2026-04-29 14:00:15 | symbols=EURUSD.sml, GBPUSD.sml, XAUUSD.sml, USDJPY.sml, EURJPY
[2026-04-29 16:44:08.600205] [WATCHLIST] AI watchlist scan: EURUSD.sml, GBPUSD.sml, XAUUSD.sml, USDJPY.sml, EURJPY
[2026-04-29 16:44:08.600615] [SELECT] Trading symbol switched: EURJPY -> EURUSD.sml | AI watchlist candidate
[2026-04-29 16:44:08.600721] [SCAN] Analyzing EURUSD.sml
[2026-04-29 16:44:09.168291] [NO_TRADE] EURUSD.sml already checked candle 2026-04-29 12:35:00
[2026-04-29 16:44:09.168510] [SELECT] Trading symbol switched: EURUSD.sml -> GBPUSD.sml | AI watchlist candidate
[2026-04-29 16:44:09.168556] [SCAN] Analyzing GBPUSD.sml
[2026-04-29 16:44:09.795880] [NO_TRADE] GBPUSD.sml already checked candle 2026-04-29 12:35:00
[2026-04-29 16:44:09.796081] [SELECT] Trading symbol switched: GBPUSD.sml -> XAUUSD.sml | AI watchlist candidate
[2026-04-29 16:44:09.796123] [SCAN] Analyzing XAUUSD.sml
[2026-04-29 16:44:10.098768] [NO_TRADE] XAUUSD.sml Spread too wide: 250.0 points > 80
[2026-04-29 16:44:10.098941] [SELECT] Trading symbol switched: XAUUSD.sml -> USDJPY.sml | AI watchlist candidate
[2026-04-29 16:44:10.098990] [SCAN] Analyzing USDJPY.sml
[2026-04-29 16:44:10.727090] [NO_TRADE] USDJPY.sml already checked candle 2026-04-29 12:35:00
[2026-04-29 16:44:10.727382] [SELECT] Trading symbol switched: USDJPY.sml -> EURJPY | AI watchlist candidate
[2026-04-29 16:44:10.727429] [SCAN] Analyzing EURJPY
[2026-04-29 16:44:11.400068] [NO_TRADE] EURJPY already checked candle 2026-04-29 12:35:00
[2026-04-29 16:44:11.400157] [WAIT] No order from AI watchlist this round
[2026-04-29 16:45:11.401607] [AI] Using cached daily forex scan from 2026-04-29 14:00:15 | symbols=EURUSD.sml, GBPUSD.sml, XAUUSD.sml, USDJPY.sml, EURJPY
[2026-04-29 16:45:11.402012] [WATCHLIST] AI watchlist scan: EURUSD.sml, GBPUSD.sml, XAUUSD.sml, USDJPY.sml, EURJPY
[2026-04-29 16:45:11.402243] [SELECT] Trading symbol switched: EURJPY -> EURUSD.sml | AI watchlist candidate
[2026-04-29 16:45:11.402296] [SCAN] Analyzing EURUSD.sml

==============================
Time: 2026-04-29 16:45:12.092971
SIGNAL: {'time': Timestamp('2026-04-29 12:40:00'), 'symbol': 'EURUSD.sml', 'side': 'NO_TRADE', 'price': 1.17, 'reason': 'no Donchian breakout'}
[NO_TRADE] EURUSD.sml No trade
[2026-04-29 16:45:12.093207] [SELECT] Trading symbol switched: EURUSD.sml -> GBPUSD.sml | AI watchlist candidate
[2026-04-29 16:45:12.093251] [SCAN] Analyzing GBPUSD.sml

==============================
Time: 2026-04-29 16:45:12.800440
SIGNAL: {'time': Timestamp('2026-04-29 12:40:00'), 'symbol': 'GBPUSD.sml', 'side': 'NO_TRADE', 'price': 1.34994, 'reason': 'no Donchian breakout'}
[NO_TRADE] GBPUSD.sml No trade
[2026-04-29 16:45:12.800650] [SELECT] Trading symbol switched: GBPUSD.sml -> XAUUSD.sml | AI watchlist candidate
[2026-04-29 16:45:12.800691] [SCAN] Analyzing XAUUSD.sml
[2026-04-29 16:45:13.173101] [NO_TRADE] XAUUSD.sml Spread too wide: 200.0 points > 80
[2026-04-29 16:45:13.173280] [SELECT] Trading symbol switched: XAUUSD.sml -> USDJPY.sml | AI watchlist candidate
[2026-04-29 16:45:13.173322] [SCAN] Analyzing USDJPY.sml

==============================
Time: 2026-04-29 16:45:13.872541
SIGNAL: {'time': Timestamp('2026-04-29 12:40:00'), 'symbol': 'USDJPY.sml', 'side': 'NO_TRADE', 'price': 159.812, 'reason': 'no Donchian breakout'}
[NO_TRADE] USDJPY.sml No trade
[2026-04-29 16:45:13.872759] [SELECT] Trading symbol switched: USDJPY.sml -> EURJPY | AI watchlist candidate
[2026-04-29 16:45:13.872798] [SCAN] Analyzing EURJPY

==============================
Time: 2026-04-29 16:45:14.587961
SIGNAL: {'time': Timestamp('2026-04-29 12:40:00'), 'symbol': 'EURJPY', 'side': 'NO_TRADE', 'price': 186.92, 'reason': 'no Donchian breakout'}
[NO_TRADE] EURJPY No trade
[2026-04-29 16:45:14.588119] [WAIT] No order from AI watchlist this round
[2026-04-29 16:46:14.589230] [AI] Using cached daily forex scan from 2026-04-29 14:00:15 | symbols=EURUSD.sml, GBPUSD.sml, XAUUSD.sml, USDJPY.sml, EURJPY
[2026-04-29 16:46:14.589555] [WATCHLIST] AI watchlist scan: EURUSD.sml, GBPUSD.sml, XAUUSD.sml, USDJPY.sml, EURJPY
[2026-04-29 16:46:14.589759] [SELECT] Trading symbol switched: EURJPY -> EURUSD.sml | AI watchlist candidate
[2026-04-29 16:46:14.589806] [SCAN] Analyzing EURUSD.sml
[2026-04-29 16:46:15.207176] [NO_TRADE] EURUSD.sml already checked candle 2026-04-29 12:40:00
[2026-04-29 16:46:15.207416] [SELECT] Trading symbol switched: EURUSD.sml -> GBPUSD.sml | AI watchlist candidate
[2026-04-29 16:46:15.207471] [SCAN] Analyzing GBPUSD.sml
[2026-04-29 16:46:15.817368] [NO_TRADE] GBPUSD.sml already checked candle 2026-04-29 12:40:00
[2026-04-29 16:46:15.817609] [SELECT] Trading symbol switched: GBPUSD.sml -> XAUUSD.sml | AI watchlist candidate
[2026-04-29 16:46:15.817667] [SCAN] Analyzing XAUUSD.sml
[2026-04-29 16:46:16.199382] [NO_TRADE] XAUUSD.sml Spread too wide: 360.0 points > 80
[2026-04-29 16:46:16.199555] [SELECT] Trading symbol switched: XAUUSD.sml -> USDJPY.sml | AI watchlist candidate
[2026-04-29 16:46:16.199595] [SCAN] Analyzing USDJPY.sml
[2026-04-29 16:46:16.831801] [NO_TRADE] USDJPY.sml already checked candle 2026-04-29 12:40:00
[2026-04-29 16:46:16.832053] [SELECT] Trading symbol switched: USDJPY.sml -> EURJPY | AI watchlist candidate
[2026-04-29 16:46:16.832098] [SCAN] Analyzing EURJPY
[2026-04-29 16:46:17.459001] [NO_TRADE] EURJPY already checked candle 2026-04-29 12:40:00
[2026-04-29 16:46:17.459135] [WAIT] No order from AI watchlist this round
[2026-04-29 16:47:17.461187] [AI] Using cached daily forex scan from 2026-04-29 14:00:15 | symbols=EURUSD.sml, GBPUSD.sml, XAUUSD.sml, USDJPY.sml, EURJPY
[2026-04-29 16:47:17.461593] [WATCHLIST] AI watchlist scan: EURUSD.sml, GBPUSD.sml, XAUUSD.sml, USDJPY.sml, EURJPY
[2026-04-29 16:47:17.461817] [SELECT] Trading symbol switched: EURJPY -> EURUSD.sml | AI watchlist candidate
[2026-04-29 16:47:17.461869] [SCAN] Analyzing EURUSD.sml
[2026-04-29 16:47:18.083472] [NO_TRADE] EURUSD.sml already checked candle 2026-04-29 12:40:00
[2026-04-29 16:47:18.083682] [SELECT] Trading symbol switched: EURUSD.sml -> GBPUSD.sml | AI watchlist candidate
[2026-04-29 16:47:18.083723] [SCAN] Analyzing GBPUSD.sml
[2026-04-29 16:47:18.748021] [NO_TRADE] GBPUSD.sml already checked candle 2026-04-29 12:40:00
[2026-04-29 16:47:18.748267] [SELECT] Trading symbol switched: GBPUSD.sml -> XAUUSD.sml | AI watchlist candidate
[2026-04-29 16:47:18.748319] [SCAN] Analyzing XAUUSD.sml
[2026-04-29 16:47:19.064288] [NO_TRADE] XAUUSD.sml Spread too wide: 380.0 points > 80
[2026-04-29 16:47:19.064498] [SELECT] Trading symbol switched: XAUUSD.sml -> USDJPY.sml | AI watchlist candidate
[2026-04-29 16:47:19.064557] [SCAN] Analyzing USDJPY.sml
[2026-04-29 16:47:19.696696] [NO_TRADE] USDJPY.sml already checked candle 2026-04-29 12:40:00
[2026-04-29 16:47:19.696912] [SELECT] Trading symbol switched: USDJPY.sml -> EURJPY | AI watchlist candidate
[2026-04-29 16:47:19.696954] [SCAN] Analyzing EURJPY
[2026-04-29 16:47:20.310250] [NO_TRADE] EURJPY already checked candle 2026-04-29 12:40:00
[2026-04-29 16:47:20.310356] [WAIT] No order from AI watchlist this round
[2026-04-29 16:48:20.311539] [AI] Using cached daily forex scan from 2026-04-29 14:00:15 | symbols=EURUSD.sml, GBPUSD.sml, XAUUSD.sml, USDJPY.sml, EURJPY
[2026-04-29 16:48:20.311922] [WATCHLIST] AI watchlist scan: EURUSD.sml, GBPUSD.sml, XAUUSD.sml, USDJPY.sml, EURJPY
[2026-04-29 16:48:20.312140] [SELECT] Trading symbol switched: EURJPY -> EURUSD.sml | AI watchlist candidate
[2026-04-29 16:48:20.312191] [SCAN] Analyzing EURUSD.sml
[2026-04-29 16:48:20.958978] [NO_TRADE] EURUSD.sml already checked candle 2026-04-29 12:40:00
[2026-04-29 16:48:20.959173] [SELECT] Trading symbol switched: EURUSD.sml -> GBPUSD.sml | AI watchlist candidate
[2026-04-29 16:48:20.959214] [SCAN] Analyzing GBPUSD.sml
[2026-04-29 16:48:21.583672] [NO_TRADE] GBPUSD.sml already checked candle 2026-04-29 12:40:00
[2026-04-29 16:48:21.583914] [SELECT] Trading symbol switched: GBPUSD.sml -> XAUUSD.sml | AI watchlist candidate
[2026-04-29 16:48:21.583972] [SCAN] Analyzing XAUUSD.sml
[2026-04-29 16:48:21.881718] [NO_TRADE] XAUUSD.sml Spread too wide: 440.0 points > 80
[2026-04-29 16:48:21.881886] [SELECT] Trading symbol switched: XAUUSD.sml -> USDJPY.sml | AI watchlist candidate
[2026-04-29 16:48:21.881924] [SCAN] Analyzing USDJPY.sml
[2026-04-29 16:48:22.590175] [NO_TRADE] USDJPY.sml already checked candle 2026-04-29 12:40:00
[2026-04-29 16:48:22.590389] [SELECT] Trading symbol switched: USDJPY.sml -> EURJPY | AI watchlist candidate
[2026-04-29 16:48:22.590431] [SCAN] Analyzing EURJPY
[2026-04-29 16:48:23.260933] [NO_TRADE] EURJPY already checked candle 2026-04-29 12:40:00
[2026-04-29 16:48:23.261036] [WAIT] No order from AI watchlist this round
[2026-04-29 16:49:23.262642] [AI] Using cached daily forex scan from 2026-04-29 14:00:15 | symbols=EURUSD.sml, GBPUSD.sml, XAUUSD.sml, USDJPY.sml, EURJPY
[2026-04-29 16:49:23.263286] [WATCHLIST] AI watchlist scan: EURUSD.sml, GBPUSD.sml, XAUUSD.sml, USDJPY.sml, EURJPY
[2026-04-29 16:49:23.263549] [SELECT] Trading symbol switched: EURJPY -> EURUSD.sml | AI watchlist candidate
[2026-04-29 16:49:23.263608] [SCAN] Analyzing EURUSD.sml
[2026-04-29 16:49:23.878663] [NO_TRADE] EURUSD.sml already checked candle 2026-04-29 12:40:00
[2026-04-29 16:49:23.878874] [SELECT] Trading symbol switched: EURUSD.sml -> GBPUSD.sml | AI watchlist candidate
[2026-04-29 16:49:23.878915] [SCAN] Analyzing GBPUSD.sml
[2026-04-29 16:49:24.588352] [NO_TRADE] GBPUSD.sml already checked candle 2026-04-29 12:40:00
[2026-04-29 16:49:24.588592] [SELECT] Trading symbol switched: GBPUSD.sml -> XAUUSD.sml | AI watchlist candidate
[2026-04-29 16:49:24.588635] [SCAN] Analyzing XAUUSD.sml
[2026-04-29 16:49:24.874686] [NO_TRADE] XAUUSD.sml Spread too wide: 410.0 points > 80
[2026-04-29 16:49:24.874856] [SELECT] Trading symbol switched: XAUUSD.sml -> USDJPY.sml | AI watchlist candidate
[2026-04-29 16:49:24.874895] [SCAN] Analyzing USDJPY.sml
[2026-04-29 16:49:25.513277] [NO_TRADE] USDJPY.sml already checked candle 2026-04-29 12:40:00
[2026-04-29 16:49:25.513492] [SELECT] Trading symbol switched: USDJPY.sml -> EURJPY | AI watchlist candidate
[2026-04-29 16:49:25.513535] [SCAN] Analyzing EURJPY
[2026-04-29 16:49:26.268211] [NO_TRADE] EURJPY already checked candle 2026-04-29 12:40:00
[2026-04-29 16:49:26.268303] [WAIT] No order from AI watchlist this round
[2026-04-29 16:50:26.270271] [AI] Using cached daily forex scan from 2026-04-29 14:00:15 | symbols=EURUSD.sml, GBPUSD.sml, XAUUSD.sml, USDJPY.sml, EURJPY
[2026-04-29 16:50:26.271020] [WATCHLIST] AI watchlist scan: EURUSD.sml, GBPUSD.sml, XAUUSD.sml, USDJPY.sml, EURJPY
[2026-04-29 16:50:26.271426] [SELECT] Trading symbol switched: EURJPY -> EURUSD.sml | AI watchlist candidate
[2026-04-29 16:50:26.271528] [SCAN] Analyzing EURUSD.sml

==============================
Time: 2026-04-29 16:50:26.869848
SIGNAL: {'time': Timestamp('2026-04-29 12:45:00'), 'symbol': 'EURUSD.sml', 'side': 'NO_TRADE', 'price': 1.17018, 'reason': 'no Donchian breakout'}
[NO_TRADE] EURUSD.sml No trade
[2026-04-29 16:50:26.870121] [SELECT] Trading symbol switched: EURUSD.sml -> GBPUSD.sml | AI watchlist candidate
[2026-04-29 16:50:26.870184] [SCAN] Analyzing GBPUSD.sml

==============================
Time: 2026-04-29 16:50:27.573051
SIGNAL: {'time': Timestamp('2026-04-29 12:45:00'), 'symbol': 'GBPUSD.sml', 'side': 'NO_TRADE', 'price': 1.35053, 'reason': 'ATR too low atr_pct=0.00027'}
[NO_TRADE] GBPUSD.sml No trade
[2026-04-29 16:50:27.573275] [SELECT] Trading symbol switched: GBPUSD.sml -> XAUUSD.sml | AI watchlist candidate
[2026-04-29 16:50:27.573358] [SCAN] Analyzing XAUUSD.sml
[2026-04-29 16:50:27.904599] [NO_TRADE] XAUUSD.sml Spread too wide: 640.0 points > 80
[2026-04-29 16:50:27.904773] [SELECT] Trading symbol switched: XAUUSD.sml -> USDJPY.sml | AI watchlist candidate
[2026-04-29 16:50:27.904815] [SCAN] Analyzing USDJPY.sml

==============================
Time: 2026-04-29 16:50:28.552030
SIGNAL: {'time': Timestamp('2026-04-29 12:45:00'), 'symbol': 'USDJPY.sml', 'side': 'NO_TRADE', 'price': 159.818, 'reason': 'ATR too low atr_pct=0.00015'}
[NO_TRADE] USDJPY.sml No trade
[2026-04-29 16:50:28.552245] [SELECT] Trading symbol switched: USDJPY.sml -> EURJPY | AI watchlist candidate
[2026-04-29 16:50:28.552285] [SCAN] Analyzing EURJPY

==============================
Time: 2026-04-29 16:50:29.199056
SIGNAL: {'time': Timestamp('2026-04-29 12:45:00'), 'symbol': 'EURJPY', 'side': 'NO_TRADE', 'price': 186.956, 'reason': 'no Donchian breakout'}
[NO_TRADE] EURJPY No trade
[2026-04-29 16:50:29.199161] [WAIT] No order from AI watchlist this round
[2026-04-29 16:51:29.200747] [AI] Using cached daily forex scan from 2026-04-29 14:00:15 | symbols=EURUSD.sml, GBPUSD.sml, XAUUSD.sml, USDJPY.sml, EURJPY
[2026-04-29 16:51:29.201535] [WATCHLIST] AI watchlist scan: EURUSD.sml, GBPUSD.sml, XAUUSD.sml, USDJPY.sml, EURJPY
[2026-04-29 16:51:29.201981] [SELECT] Trading symbol switched: EURJPY -> EURUSD.sml | AI watchlist candidate
[2026-04-29 16:51:29.202087] [SCAN] Analyzing EURUSD.sml
[2026-04-29 16:51:29.874502] [NO_TRADE] EURUSD.sml already checked candle 2026-04-29 12:45:00
[2026-04-29 16:51:29.874704] [SELECT] Trading symbol switched: EURUSD.sml -> GBPUSD.sml | AI watchlist candidate
[2026-04-29 16:51:29.874752] [SCAN] Analyzing GBPUSD.sml
[2026-04-29 16:51:30.507028] [NO_TRADE] GBPUSD.sml already checked candle 2026-04-29 12:45:00
[2026-04-29 16:51:30.507293] [SELECT] Trading symbol switched: GBPUSD.sml -> XAUUSD.sml | AI watchlist candidate
[2026-04-29 16:51:30.507379] [SCAN] Analyzing XAUUSD.sml
[2026-04-29 16:51:30.806824] [NO_TRADE] XAUUSD.sml Spread too wide: 730.0 points > 80
[2026-04-29 16:51:30.807004] [SELECT] Trading symbol switched: XAUUSD.sml -> USDJPY.sml | AI watchlist candidate
[2026-04-29 16:51:30.807046] [SCAN] Analyzing USDJPY.sml
[2026-04-29 16:51:31.441226] [NO_TRADE] USDJPY.sml already checked candle 2026-04-29 12:45:00
[2026-04-29 16:51:31.441475] [SELECT] Trading symbol switched: USDJPY.sml -> EURJPY | AI watchlist candidate
[2026-04-29 16:51:31.441534] [SCAN] Analyzing EURJPY
[2026-04-29 16:51:32.111042] [NO_TRADE] EURJPY already checked candle 2026-04-29 12:45:00
[2026-04-29 16:51:32.111176] [WAIT] No order from AI watchlist this round
[2026-04-29 16:52:32.112693] [AI] Using cached daily forex scan from 2026-04-29 14:00:15 | symbols=EURUSD.sml, GBPUSD.sml, XAUUSD.sml, USDJPY.sml, EURJPY
[2026-04-29 16:52:32.113375] [WATCHLIST] AI watchlist scan: EURUSD.sml, GBPUSD.sml, XAUUSD.sml, USDJPY.sml, EURJPY
[2026-04-29 16:52:32.113737] [SELECT] Trading symbol switched: EURJPY -> EURUSD.sml | AI watchlist candidate
[2026-04-29 16:52:32.113829] [SCAN] Analyzing EURUSD.sml
[2026-04-29 16:52:32.750405] [NO_TRADE] EURUSD.sml already checked candle 2026-04-29 12:45:00
[2026-04-29 16:52:32.750617] [SELECT] Trading symbol switched: EURUSD.sml -> GBPUSD.sml | AI watchlist candidate
[2026-04-29 16:52:32.750660] [SCAN] Analyzing GBPUSD.sml
[2026-04-29 16:52:33.361015] [NO_TRADE] GBPUSD.sml already checked candle 2026-04-29 12:45:00
[2026-04-29 16:52:33.361215] [SELECT] Trading symbol switched: GBPUSD.sml -> XAUUSD.sml | AI watchlist candidate
[2026-04-29 16:52:33.361257] [SCAN] Analyzing XAUUSD.sml
[2026-04-29 16:52:33.664215] [NO_TRADE] XAUUSD.sml Spread too wide: 460.0 points > 80
[2026-04-29 16:52:33.664511] [SELECT] Trading symbol switched: XAUUSD.sml -> USDJPY.sml | AI watchlist candidate
[2026-04-29 16:52:33.664609] [SCAN] Analyzing USDJPY.sml
[2026-04-29 16:52:34.642480] [NO_TRADE] USDJPY.sml already checked candle 2026-04-29 12:45:00
[2026-04-29 16:52:34.642763] [SELECT] Trading symbol switched: USDJPY.sml -> EURJPY | AI watchlist candidate
[2026-04-29 16:52:34.642849] [SCAN] Analyzing EURJPY
[2026-04-29 16:52:35.548658] [NO_TRADE] EURJPY already checked candle 2026-04-29 12:45:00
[2026-04-29 16:52:35.548874] [WAIT] No order from AI watchlist this round
[2026-04-29 16:53:35.550046] [AI] Using cached daily forex scan from 2026-04-29 14:00:15 | symbols=EURUSD.sml, GBPUSD.sml, XAUUSD.sml, USDJPY.sml, EURJPY
[2026-04-29 16:53:35.550408] [WATCHLIST] AI watchlist scan: EURUSD.sml, GBPUSD.sml, XAUUSD.sml, USDJPY.sml, EURJPY
[2026-04-29 16:53:35.550637] [SELECT] Trading symbol switched: EURJPY -> EURUSD.sml | AI watchlist candidate
[2026-04-29 16:53:35.550697] [SCAN] Analyzing EURUSD.sml
[2026-04-29 16:53:36.307029] [NO_TRADE] EURUSD.sml already checked candle 2026-04-29 12:45:00
[2026-04-29 16:53:36.307242] [SELECT] Trading symbol switched: EURUSD.sml -> GBPUSD.sml | AI watchlist candidate
[2026-04-29 16:53:36.307285] [SCAN] Analyzing GBPUSD.sml
[2026-04-29 16:53:36.914179] [NO_TRADE] GBPUSD.sml already checked candle 2026-04-29 12:45:00
[2026-04-29 16:53:36.914374] [SELECT] Trading symbol switched: GBPUSD.sml -> XAUUSD.sml | AI watchlist candidate
[2026-04-29 16:53:36.914417] [SCAN] Analyzing XAUUSD.sml
[2026-04-29 16:53:37.223896] [NO_TRADE] XAUUSD.sml Spread too wide: 360.0 points > 80
[2026-04-29 16:53:37.224071] [SELECT] Trading symbol switched: XAUUSD.sml -> USDJPY.sml | AI watchlist candidate
[2026-04-29 16:53:37.224111] [SCAN] Analyzing USDJPY.sml
[2026-04-29 16:53:37.855332] [NO_TRADE] USDJPY.sml already checked candle 2026-04-29 12:45:00
[2026-04-29 16:53:37.855554] [SELECT] Trading symbol switched: USDJPY.sml -> EURJPY | AI watchlist candidate
[2026-04-29 16:53:37.855598] [SCAN] Analyzing EURJPY
[2026-04-29 16:53:38.509869] [NO_TRADE] EURJPY already checked candle 2026-04-29 12:45:00
[2026-04-29 16:53:38.509970] [WAIT] No order from AI watchlist this round
[2026-04-29 16:54:38.511103] [AI] Using cached daily forex scan from 2026-04-29 14:00:15 | symbols=EURUSD.sml, GBPUSD.sml, XAUUSD.sml, USDJPY.sml, EURJPY
[2026-04-29 16:54:38.511703] [WATCHLIST] AI watchlist scan: EURUSD.sml, GBPUSD.sml, XAUUSD.sml, USDJPY.sml, EURJPY
[2026-04-29 16:54:38.511979] [SELECT] Trading symbol switched: EURJPY -> EURUSD.sml | AI watchlist candidate
[2026-04-29 16:54:38.512040] [SCAN] Analyzing EURUSD.sml
[2026-04-29 16:54:39.099951] [NO_TRADE] EURUSD.sml already checked candle 2026-04-29 12:45:00
[2026-04-29 16:54:39.100170] [SELECT] Trading symbol switched: EURUSD.sml -> GBPUSD.sml | AI watchlist candidate
[2026-04-29 16:54:39.100216] [SCAN] Analyzing GBPUSD.sml
[2026-04-29 16:54:39.719216] [NO_TRADE] GBPUSD.sml already checked candle 2026-04-29 12:45:00
[2026-04-29 16:54:39.719457] [SELECT] Trading symbol switched: GBPUSD.sml -> XAUUSD.sml | AI watchlist candidate
[2026-04-29 16:54:39.719516] [SCAN] Analyzing XAUUSD.sml
[2026-04-29 16:54:40.028838] [NO_TRADE] XAUUSD.sml Spread too wide: 440.0 points > 80
[2026-04-29 16:54:40.029007] [SELECT] Trading symbol switched: XAUUSD.sml -> USDJPY.sml | AI watchlist candidate
[2026-04-29 16:54:40.029046] [SCAN] Analyzing USDJPY.sml
[2026-04-29 16:54:40.650930] [NO_TRADE] USDJPY.sml already checked candle 2026-04-29 12:45:00
[2026-04-29 16:54:40.651151] [SELECT] Trading symbol switched: USDJPY.sml -> EURJPY | AI watchlist candidate
[2026-04-29 16:54:40.651196] [SCAN] Analyzing EURJPY
[2026-04-29 16:54:41.273400] [NO_TRADE] EURJPY already checked candle 2026-04-29 12:45:00
[2026-04-29 16:54:41.273488] [WAIT] No order from AI watchlist this round
[2026-04-29 16:55:41.275632] [AI] Using cached daily forex scan from 2026-04-29 14:00:15 | symbols=EURUSD.sml, GBPUSD.sml, XAUUSD.sml, USDJPY.sml, EURJPY
[2026-04-29 16:55:41.276480] [WATCHLIST] AI watchlist scan: EURUSD.sml, GBPUSD.sml, XAUUSD.sml, USDJPY.sml, EURJPY
[2026-04-29 16:55:41.276882] [SELECT] Trading symbol switched: EURJPY -> EURUSD.sml | AI watchlist candidate
[2026-04-29 16:55:41.276983] [SCAN] Analyzing EURUSD.sml

==============================
Time: 2026-04-29 16:55:41.870100
SIGNAL: {'time': Timestamp('2026-04-29 12:50:00'), 'symbol': 'EURUSD.sml', 'side': 'NO_TRADE', 'price': 1.16995, 'reason': 'no Donchian breakout'}
[NO_TRADE] EURUSD.sml No trade
[2026-04-29 16:55:41.870445] [SELECT] Trading symbol switched: EURUSD.sml -> GBPUSD.sml | AI watchlist candidate
[2026-04-29 16:55:41.870500] [SCAN] Analyzing GBPUSD.sml

==============================
Time: 2026-04-29 16:55:42.508448
SIGNAL: {'time': Timestamp('2026-04-29 12:50:00'), 'symbol': 'GBPUSD.sml', 'side': 'NO_TRADE', 'price': 1.35054, 'reason': 'no Donchian breakout'}
[NO_TRADE] GBPUSD.sml No trade
[2026-04-29 16:55:42.508660] [SELECT] Trading symbol switched: GBPUSD.sml -> XAUUSD.sml | AI watchlist candidate
[2026-04-29 16:55:42.508703] [SCAN] Analyzing XAUUSD.sml
[2026-04-29 16:55:42.839286] [NO_TRADE] XAUUSD.sml Spread too wide: 320.0 points > 80
[2026-04-29 16:55:42.839455] [SELECT] Trading symbol switched: XAUUSD.sml -> USDJPY.sml | AI watchlist candidate
[2026-04-29 16:55:42.839494] [SCAN] Analyzing USDJPY.sml

==============================
Time: 2026-04-29 16:55:43.490508
SIGNAL: {'time': Timestamp('2026-04-29 12:50:00'), 'symbol': 'USDJPY.sml', 'side': 'NO_TRADE', 'price': 159.817, 'reason': 'no Donchian breakout'}
[NO_TRADE] USDJPY.sml No trade
[2026-04-29 16:55:43.490728] [SELECT] Trading symbol switched: USDJPY.sml -> EURJPY | AI watchlist candidate
[2026-04-29 16:55:43.490768] [SCAN] Analyzing EURJPY

==============================
Time: 2026-04-29 16:55:44.195331
SIGNAL: {'time': Timestamp('2026-04-29 12:50:00'), 'symbol': 'EURJPY', 'side': 'NO_TRADE', 'price': 186.919, 'reason': 'no Donchian breakout'}
[NO_TRADE] EURJPY No trade
[2026-04-29 16:55:44.195450] [WAIT] No order from AI watchlist this round
[2026-04-29 16:56:44.196463] [AI] Using cached daily forex scan from 2026-04-29 14:00:15 | symbols=EURUSD.sml, GBPUSD.sml, XAUUSD.sml, USDJPY.sml, EURJPY
[2026-04-29 16:56:44.196768] [WATCHLIST] AI watchlist scan: EURUSD.sml, GBPUSD.sml, XAUUSD.sml, USDJPY.sml, EURJPY
[2026-04-29 16:56:44.196958] [SELECT] Trading symbol switched: EURJPY -> EURUSD.sml | AI watchlist candidate
[2026-04-29 16:56:44.196997] [SCAN] Analyzing EURUSD.sml
[2026-04-29 16:56:44.788050] [NO_TRADE] EURUSD.sml already checked candle 2026-04-29 12:50:00
[2026-04-29 16:56:44.788251] [SELECT] Trading symbol switched: EURUSD.sml -> GBPUSD.sml | AI watchlist candidate
[2026-04-29 16:56:44.788296] [SCAN] Analyzing GBPUSD.sml
[2026-04-29 16:56:45.418093] [NO_TRADE] GBPUSD.sml already checked candle 2026-04-29 12:50:00
[2026-04-29 16:56:45.418329] [SELECT] Trading symbol switched: GBPUSD.sml -> XAUUSD.sml | AI watchlist candidate
[2026-04-29 16:56:45.418376] [SCAN] Analyzing XAUUSD.sml
[2026-04-29 16:56:45.717353] [NO_TRADE] XAUUSD.sml Spread too wide: 390.0 points > 80
[2026-04-29 16:56:45.717524] [SELECT] Trading symbol switched: XAUUSD.sml -> USDJPY.sml | AI watchlist candidate
[2026-04-29 16:56:45.717563] [SCAN] Analyzing USDJPY.sml
[2026-04-29 16:56:46.433834] [NO_TRADE] USDJPY.sml already checked candle 2026-04-29 12:50:00
[2026-04-29 16:56:46.434047] [SELECT] Trading symbol switched: USDJPY.sml -> EURJPY | AI watchlist candidate
[2026-04-29 16:56:46.434089] [SCAN] Analyzing EURJPY
[2026-04-29 16:56:47.053940] [NO_TRADE] EURJPY already checked candle 2026-04-29 12:50:00
[2026-04-29 16:56:47.054030] [WAIT] No order from AI watchlist this round
[2026-04-29 16:57:47.055233] [AI] Using cached daily forex scan from 2026-04-29 14:00:15 | symbols=EURUSD.sml, GBPUSD.sml, XAUUSD.sml, USDJPY.sml, EURJPY
[2026-04-29 16:57:47.055560] [WATCHLIST] AI watchlist scan: EURUSD.sml, GBPUSD.sml, XAUUSD.sml, USDJPY.sml, EURJPY
[2026-04-29 16:57:47.055766] [SELECT] Trading symbol switched: EURJPY -> EURUSD.sml | AI watchlist candidate
[2026-04-29 16:57:47.055811] [SCAN] Analyzing EURUSD.sml
[2026-04-29 16:57:47.721818] [NO_TRADE] EURUSD.sml already checked candle 2026-04-29 12:50:00
[2026-04-29 16:57:47.722009] [SELECT] Trading symbol switched: EURUSD.sml -> GBPUSD.sml | AI watchlist candidate
[2026-04-29 16:57:47.722050] [SCAN] Analyzing GBPUSD.sml
[2026-04-29 16:57:48.392710] [NO_TRADE] GBPUSD.sml already checked candle 2026-04-29 12:50:00
[2026-04-29 16:57:48.392930] [SELECT] Trading symbol switched: GBPUSD.sml -> XAUUSD.sml | AI watchlist candidate
[2026-04-29 16:57:48.392992] [SCAN] Analyzing XAUUSD.sml
[2026-04-29 16:57:48.779049] [NO_TRADE] XAUUSD.sml Spread too wide: 480.0 points > 80
[2026-04-29 16:57:48.779220] [SELECT] Trading symbol switched: XAUUSD.sml -> USDJPY.sml | AI watchlist candidate
[2026-04-29 16:57:48.779275] [SCAN] Analyzing USDJPY.sml
[2026-04-29 16:57:49.405877] [NO_TRADE] USDJPY.sml already checked candle 2026-04-29 12:50:00
[2026-04-29 16:57:49.406123] [SELECT] Trading symbol switched: USDJPY.sml -> EURJPY | AI watchlist candidate
[2026-04-29 16:57:49.406180] [SCAN] Analyzing EURJPY
[2026-04-29 16:57:50.021867] [NO_TRADE] EURJPY already checked candle 2026-04-29 12:50:00
[2026-04-29 16:57:50.021971] [WAIT] No order from AI watchlist this round
[2026-04-29 16:58:50.023620] [AI] Using cached daily forex scan from 2026-04-29 14:00:15 | symbols=EURUSD.sml, GBPUSD.sml, XAUUSD.sml, USDJPY.sml, EURJPY
[2026-04-29 16:58:50.024113] [WATCHLIST] AI watchlist scan: EURUSD.sml, GBPUSD.sml, XAUUSD.sml, USDJPY.sml, EURJPY
[2026-04-29 16:58:50.024423] [SELECT] Trading symbol switched: EURJPY -> EURUSD.sml | AI watchlist candidate
[2026-04-29 16:58:50.024480] [SCAN] Analyzing EURUSD.sml
[2026-04-29 16:58:50.722769] [NO_TRADE] EURUSD.sml already checked candle 2026-04-29 12:50:00
[2026-04-29 16:58:50.722978] [SELECT] Trading symbol switched: EURUSD.sml -> GBPUSD.sml | AI watchlist candidate
[2026-04-29 16:58:50.723023] [SCAN] Analyzing GBPUSD.sml
[2026-04-29 16:58:51.365935] [NO_TRADE] GBPUSD.sml already checked candle 2026-04-29 12:50:00
[2026-04-29 16:58:51.366169] [SELECT] Trading symbol switched: GBPUSD.sml -> XAUUSD.sml | AI watchlist candidate
[2026-04-29 16:58:51.366226] [SCAN] Analyzing XAUUSD.sml
[2026-04-29 16:58:51.670198] [NO_TRADE] XAUUSD.sml Spread too wide: 580.0 points > 80
[2026-04-29 16:58:51.670372] [SELECT] Trading symbol switched: XAUUSD.sml -> USDJPY.sml | AI watchlist candidate
[2026-04-29 16:58:51.670413] [SCAN] Analyzing USDJPY.sml
[2026-04-29 16:58:52.312804] [NO_TRADE] USDJPY.sml already checked candle 2026-04-29 12:50:00
[2026-04-29 16:58:52.313011] [SELECT] Trading symbol switched: USDJPY.sml -> EURJPY | AI watchlist candidate
[2026-04-29 16:58:52.313052] [SCAN] Analyzing EURJPY
[2026-04-29 16:58:52.997597] [NO_TRADE] EURJPY already checked candle 2026-04-29 12:50:00
[2026-04-29 16:58:52.997688] [WAIT] No order from AI watchlist this round
[2026-04-29 16:59:52.998715] [AI] Using cached daily forex scan from 2026-04-29 14:00:15 | symbols=EURUSD.sml, GBPUSD.sml, XAUUSD.sml, USDJPY.sml, EURJPY
[2026-04-29 16:59:52.999009] [WATCHLIST] AI watchlist scan: EURUSD.sml, GBPUSD.sml, XAUUSD.sml, USDJPY.sml, EURJPY
[2026-04-29 16:59:52.999190] [SELECT] Trading symbol switched: EURJPY -> EURUSD.sml | AI watchlist candidate
[2026-04-29 16:59:52.999229] [SCAN] Analyzing EURUSD.sml
[2026-04-29 16:59:53.635740] [NO_TRADE] EURUSD.sml already checked candle 2026-04-29 12:50:00
[2026-04-29 16:59:53.635971] [SELECT] Trading symbol switched: EURUSD.sml -> GBPUSD.sml | AI watchlist candidate
[2026-04-29 16:59:53.636020] [SCAN] Analyzing GBPUSD.sml
[2026-04-29 16:59:54.241279] [NO_TRADE] GBPUSD.sml already checked candle 2026-04-29 12:50:00
[2026-04-29 16:59:54.241481] [SELECT] Trading symbol switched: GBPUSD.sml -> XAUUSD.sml | AI watchlist candidate
[2026-04-29 16:59:54.241522] [SCAN] Analyzing XAUUSD.sml
[2026-04-29 16:59:54.613670] [NO_TRADE] XAUUSD.sml Spread too wide: 530.0 points > 80
[2026-04-29 16:59:54.613840] [SELECT] Trading symbol switched: XAUUSD.sml -> USDJPY.sml | AI watchlist candidate
[2026-04-29 16:59:54.613881] [SCAN] Analyzing USDJPY.sml
[2026-04-29 16:59:55.244781] [NO_TRADE] USDJPY.sml already checked candle 2026-04-29 12:50:00
[2026-04-29 16:59:55.244994] [SELECT] Trading symbol switched: USDJPY.sml -> EURJPY | AI watchlist candidate
[2026-04-29 16:59:55.245036] [SCAN] Analyzing EURJPY
[2026-04-29 16:59:55.875991] [NO_TRADE] EURJPY already checked candle 2026-04-29 12:50:00
[2026-04-29 16:59:55.876081] [WAIT] No order from AI watchlist this round
[2026-04-29 17:00:55.877826] [AI] Using cached daily forex scan from 2026-04-29 14:00:15 | symbols=EURUSD.sml, GBPUSD.sml, XAUUSD.sml, USDJPY.sml, EURJPY
[2026-04-29 17:00:55.878637] [WATCHLIST] AI watchlist scan: EURUSD.sml, GBPUSD.sml, XAUUSD.sml, USDJPY.sml, EURJPY
[2026-04-29 17:00:55.879043] [SELECT] Trading symbol switched: EURJPY -> EURUSD.sml | AI watchlist candidate
[2026-04-29 17:00:55.879145] [SCAN] Analyzing EURUSD.sml

==============================
Time: 2026-04-29 17:00:56.530665
SIGNAL: {'time': Timestamp('2026-04-29 12:55:00'), 'symbol': 'EURUSD.sml', 'side': 'NO_TRADE', 'price': 1.16976, 'reason': 'no Donchian breakout'}
[NO_TRADE] EURUSD.sml No trade
[2026-04-29 17:00:56.530887] [SELECT] Trading symbol switched: EURUSD.sml -> GBPUSD.sml | AI watchlist candidate
[2026-04-29 17:00:56.530929] [SCAN] Analyzing GBPUSD.sml

==============================
Time: 2026-04-29 17:00:57.267299
SIGNAL: {'time': Timestamp('2026-04-29 12:55:00'), 'symbol': 'GBPUSD.sml', 'side': 'NO_TRADE', 'price': 1.35036, 'reason': 'no Donchian breakout'}
[NO_TRADE] GBPUSD.sml No trade
[2026-04-29 17:00:57.267530] [SELECT] Trading symbol switched: GBPUSD.sml -> XAUUSD.sml | AI watchlist candidate
[2026-04-29 17:00:57.267577] [SCAN] Analyzing XAUUSD.sml
[2026-04-29 17:00:57.601487] [NO_TRADE] XAUUSD.sml Spread too wide: 400.0 points > 80
[2026-04-29 17:00:57.601655] [SELECT] Trading symbol switched: XAUUSD.sml -> USDJPY.sml | AI watchlist candidate
[2026-04-29 17:00:57.601695] [SCAN] Analyzing USDJPY.sml

==============================
Time: 2026-04-29 17:00:58.245100
SIGNAL: {'time': Timestamp('2026-04-29 12:55:00'), 'symbol': 'USDJPY.sml', 'side': 'NO_TRADE', 'price': 159.836, 'reason': 'no Donchian breakout'}
[NO_TRADE] USDJPY.sml No trade
[2026-04-29 17:00:58.245349] [SELECT] Trading symbol switched: USDJPY.sml -> EURJPY | AI watchlist candidate
[2026-04-29 17:00:58.245414] [SCAN] Analyzing EURJPY

==============================
Time: 2026-04-29 17:00:59.015157
SIGNAL: {'time': Timestamp('2026-04-29 12:55:00'), 'symbol': 'EURJPY', 'side': 'NO_TRADE', 'price': 186.913, 'reason': 'no Donchian breakout'}
[NO_TRADE] EURJPY No trade
[2026-04-29 17:00:59.015260] [WAIT] No order from AI watchlist this round
[2026-04-29 17:01:59.017510] [AI] Using cached daily forex scan from 2026-04-29 14:00:15 | symbols=EURUSD.sml, GBPUSD.sml, XAUUSD.sml, USDJPY.sml, EURJPY
[2026-04-29 17:01:59.018315] [WATCHLIST] AI watchlist scan: EURUSD.sml, GBPUSD.sml, XAUUSD.sml, USDJPY.sml, EURJPY
[2026-04-29 17:01:59.018758] [SELECT] Trading symbol switched: EURJPY -> EURUSD.sml | AI watchlist candidate
[2026-04-29 17:01:59.018862] [SCAN] Analyzing EURUSD.sml
[2026-04-29 17:01:59.581057] [NO_TRADE] EURUSD.sml already checked candle 2026-04-29 12:55:00
[2026-04-29 17:01:59.581267] [SELECT] Trading symbol switched: EURUSD.sml -> GBPUSD.sml | AI watchlist candidate
[2026-04-29 17:01:59.581311] [SCAN] Analyzing GBPUSD.sml
[2026-04-29 17:02:00.207549] [NO_TRADE] GBPUSD.sml already checked candle 2026-04-29 12:55:00
[2026-04-29 17:02:00.207754] [SELECT] Trading symbol switched: GBPUSD.sml -> XAUUSD.sml | AI watchlist candidate
[2026-04-29 17:02:00.207796] [SCAN] Analyzing XAUUSD.sml
[2026-04-29 17:02:00.536072] [NO_TRADE] XAUUSD.sml Spread too wide: 490.0 points > 80
[2026-04-29 17:02:00.536361] [SELECT] Trading symbol switched: XAUUSD.sml -> USDJPY.sml | AI watchlist candidate
[2026-04-29 17:02:00.536442] [SCAN] Analyzing USDJPY.sml
[2026-04-29 17:02:01.174977] [NO_TRADE] USDJPY.sml already checked candle 2026-04-29 12:55:00
[2026-04-29 17:02:01.175227] [SELECT] Trading symbol switched: USDJPY.sml -> EURJPY | AI watchlist candidate
[2026-04-29 17:02:01.175289] [SCAN] Analyzing EURJPY
[2026-04-29 17:02:01.871522] [NO_TRADE] EURJPY already checked candle 2026-04-29 12:55:00
[2026-04-29 17:02:01.871622] [WAIT] No order from AI watchlist this round
[2026-04-29 17:03:01.873452] [AI] Using cached daily forex scan from 2026-04-29 14:00:15 | symbols=EURUSD.sml, GBPUSD.sml, XAUUSD.sml, USDJPY.sml, EURJPY
[2026-04-29 17:03:01.874197] [WATCHLIST] AI watchlist scan: EURUSD.sml, GBPUSD.sml, XAUUSD.sml, USDJPY.sml, EURJPY
[2026-04-29 17:03:01.874605] [SELECT] Trading symbol switched: EURJPY -> EURUSD.sml | AI watchlist candidate
[2026-04-29 17:03:01.874706] [SCAN] Analyzing EURUSD.sml
[2026-04-29 17:03:02.535429] [NO_TRADE] EURUSD.sml already checked candle 2026-04-29 12:55:00
[2026-04-29 17:03:02.535632] [SELECT] Trading symbol switched: EURUSD.sml -> GBPUSD.sml | AI watchlist candidate
[2026-04-29 17:03:02.535675] [SCAN] Analyzing GBPUSD.sml
[2026-04-29 17:03:03.214052] [NO_TRADE] GBPUSD.sml already checked candle 2026-04-29 12:55:00
[2026-04-29 17:03:03.220036] [SELECT] Trading symbol switched: GBPUSD.sml -> XAUUSD.sml | AI watchlist candidate
[2026-04-29 17:03:03.220115] [SCAN] Analyzing XAUUSD.sml
[2026-04-29 17:03:03.580867] [NO_TRADE] XAUUSD.sml Spread too wide: 430.0 points > 80
[2026-04-29 17:03:03.581063] [SELECT] Trading symbol switched: XAUUSD.sml -> USDJPY.sml | AI watchlist candidate
[2026-04-29 17:03:03.581103] [SCAN] Analyzing USDJPY.sml
[2026-04-29 17:03:04.314727] [NO_TRADE] USDJPY.sml already checked candle 2026-04-29 12:55:00
[2026-04-29 17:03:04.314978] [SELECT] Trading symbol switched: USDJPY.sml -> EURJPY | AI watchlist candidate
[2026-04-29 17:03:04.315032] [SCAN] Analyzing EURJPY
[2026-04-29 17:03:04.993634] [NO_TRADE] EURJPY already checked candle 2026-04-29 12:55:00
[2026-04-29 17:03:04.993730] [WAIT] No order from AI watchlist this round
[2026-04-29 17:04:04.994901] [AI] Using cached daily forex scan from 2026-04-29 14:00:15 | symbols=EURUSD.sml, GBPUSD.sml, XAUUSD.sml, USDJPY.sml, EURJPY
[2026-04-29 17:04:04.995328] [WATCHLIST] AI watchlist scan: EURUSD.sml, GBPUSD.sml, XAUUSD.sml, USDJPY.sml, EURJPY
[2026-04-29 17:04:04.995593] [SELECT] Trading symbol switched: EURJPY -> EURUSD.sml | AI watchlist candidate
[2026-04-29 17:04:04.995764] [SCAN] Analyzing EURUSD.sml
[2026-04-29 17:04:05.586316] [NO_TRADE] EURUSD.sml already checked candle 2026-04-29 12:55:00
[2026-04-29 17:04:05.586578] [SELECT] Trading symbol switched: EURUSD.sml -> GBPUSD.sml | AI watchlist candidate
[2026-04-29 17:04:05.586662] [SCAN] Analyzing GBPUSD.sml
[2026-04-29 17:04:06.229381] [NO_TRADE] GBPUSD.sml already checked candle 2026-04-29 12:55:00
[2026-04-29 17:04:06.229603] [SELECT] Trading symbol switched: GBPUSD.sml -> XAUUSD.sml | AI watchlist candidate
[2026-04-29 17:04:06.229659] [SCAN] Analyzing XAUUSD.sml
[2026-04-29 17:04:06.527827] [NO_TRADE] XAUUSD.sml Spread too wide: 100.0 points > 80
[2026-04-29 17:04:06.528123] [SELECT] Trading symbol switched: XAUUSD.sml -> USDJPY.sml | AI watchlist candidate
[2026-04-29 17:04:06.528203] [SCAN] Analyzing USDJPY.sml
[2026-04-29 17:04:07.208588] [NO_TRADE] USDJPY.sml already checked candle 2026-04-29 12:55:00
[2026-04-29 17:04:07.208844] [SELECT] Trading symbol switched: USDJPY.sml -> EURJPY | AI watchlist candidate
[2026-04-29 17:04:07.208902] [SCAN] Analyzing EURJPY
[2026-04-29 17:04:07.823717] [NO_TRADE] EURJPY already checked candle 2026-04-29 12:55:00
[2026-04-29 17:04:07.823816] [WAIT] No order from AI watchlist this round
[2026-04-29 17:05:07.878525] [AI] Using cached daily forex scan from 2026-04-29 14:00:15 | symbols=EURUSD.sml, GBPUSD.sml, XAUUSD.sml, USDJPY.sml, EURJPY
[2026-04-29 17:05:07.879150] [WATCHLIST] AI watchlist scan: EURUSD.sml, GBPUSD.sml, XAUUSD.sml, USDJPY.sml, EURJPY
[2026-04-29 17:05:07.879482] [SELECT] Trading symbol switched: EURJPY -> EURUSD.sml | AI watchlist candidate
[2026-04-29 17:05:07.879579] [SCAN] Analyzing EURUSD.sml

==============================
Time: 2026-04-29 17:05:08.575389
SIGNAL: {'time': Timestamp('2026-04-29 13:00:00'), 'symbol': 'EURUSD.sml', 'side': 'NO_TRADE', 'price': 1.17016, 'reason': 'no Donchian breakout'}
[NO_TRADE] EURUSD.sml No trade
[2026-04-29 17:05:08.575657] [SELECT] Trading symbol switched: EURUSD.sml -> GBPUSD.sml | AI watchlist candidate
[2026-04-29 17:05:08.575705] [SCAN] Analyzing GBPUSD.sml

==============================
Time: 2026-04-29 17:05:09.277755
SIGNAL: {'time': Timestamp('2026-04-29 13:00:00'), 'symbol': 'GBPUSD.sml', 'side': 'NO_TRADE', 'price': 1.35084, 'reason': 'ATR too low atr_pct=0.00030'}
[NO_TRADE] GBPUSD.sml No trade
[2026-04-29 17:05:09.278014] [SELECT] Trading symbol switched: GBPUSD.sml -> XAUUSD.sml | AI watchlist candidate
[2026-04-29 17:05:09.278061] [SCAN] Analyzing XAUUSD.sml
[2026-04-29 17:05:09.714063] [NO_TRADE] XAUUSD.sml Spread too wide: 470.0 points > 80
[2026-04-29 17:05:09.714261] [SELECT] Trading symbol switched: XAUUSD.sml -> USDJPY.sml | AI watchlist candidate
[2026-04-29 17:05:09.714307] [SCAN] Analyzing USDJPY.sml

==============================
Time: 2026-04-29 17:05:10.431922
SIGNAL: {'time': Timestamp('2026-04-29 13:00:00'), 'symbol': 'USDJPY.sml', 'side': 'NO_TRADE', 'price': 159.817, 'reason': 'no Donchian breakout'}
[NO_TRADE] USDJPY.sml No trade
[2026-04-29 17:05:10.432173] [SELECT] Trading symbol switched: USDJPY.sml -> EURJPY | AI watchlist candidate
[2026-04-29 17:05:10.432221] [SCAN] Analyzing EURJPY

==============================
Time: 2026-04-29 17:05:11.192410
SIGNAL: {'time': Timestamp('2026-04-29 13:00:00'), 'symbol': 'EURJPY', 'side': 'NO_TRADE', 'price': 186.953, 'reason': 'no Donchian breakout'}
[NO_TRADE] EURJPY No trade
[2026-04-29 17:05:11.192515] [WAIT] No order from AI watchlist this round
[2026-04-29 17:06:11.194692] [AI] Using cached daily forex scan from 2026-04-29 14:00:15 | symbols=EURUSD.sml, GBPUSD.sml, XAUUSD.sml, USDJPY.sml, EURJPY
[2026-04-29 17:06:11.195521] [WATCHLIST] AI watchlist scan: EURUSD.sml, GBPUSD.sml, XAUUSD.sml, USDJPY.sml, EURJPY
[2026-04-29 17:06:11.195735] [SELECT] Trading symbol switched: EURJPY -> EURUSD.sml | AI watchlist candidate
[2026-04-29 17:06:11.195782] [SCAN] Analyzing EURUSD.sml
[2026-04-29 17:06:11.809794] [NO_TRADE] EURUSD.sml already checked candle 2026-04-29 13:00:00
[2026-04-29 17:06:11.810454] [SELECT] Trading symbol switched: EURUSD.sml -> GBPUSD.sml | AI watchlist candidate
[2026-04-29 17:06:11.810607] [SCAN] Analyzing GBPUSD.sml
[2026-04-29 17:06:12.584336] [NO_TRADE] GBPUSD.sml already checked candle 2026-04-29 13:00:00
[2026-04-29 17:06:12.584565] [SELECT] Trading symbol switched: GBPUSD.sml -> XAUUSD.sml | AI watchlist candidate
[2026-04-29 17:06:12.584624] [SCAN] Analyzing XAUUSD.sml
[2026-04-29 17:06:12.934710] [NO_TRADE] XAUUSD.sml Spread too wide: 620.0 points > 80
[2026-04-29 17:06:12.934964] [SELECT] Trading symbol switched: XAUUSD.sml -> USDJPY.sml | AI watchlist candidate
[2026-04-29 17:06:12.935018] [SCAN] Analyzing USDJPY.sml
[2026-04-29 17:06:13.662949] [NO_TRADE] USDJPY.sml already checked candle 2026-04-29 13:00:00
[2026-04-29 17:06:13.663188] [SELECT] Trading symbol switched: USDJPY.sml -> EURJPY | AI watchlist candidate
[2026-04-29 17:06:13.663248] [SCAN] Analyzing EURJPY
[2026-04-29 17:06:14.387683] [NO_TRADE] EURJPY already checked candle 2026-04-29 13:00:00
[2026-04-29 17:06:14.387767] [WAIT] No order from AI watchlist this round
[2026-04-29 17:07:14.389608] [AI] Using cached daily forex scan from 2026-04-29 14:00:15 | symbols=EURUSD.sml, GBPUSD.sml, XAUUSD.sml, USDJPY.sml, EURJPY
[2026-04-29 17:07:14.390029] [WATCHLIST] AI watchlist scan: EURUSD.sml, GBPUSD.sml, XAUUSD.sml, USDJPY.sml, EURJPY
[2026-04-29 17:07:14.390267] [SELECT] Trading symbol switched: EURJPY -> EURUSD.sml | AI watchlist candidate
[2026-04-29 17:07:14.390322] [SCAN] Analyzing EURUSD.sml
[2026-04-29 17:07:15.055566] [NO_TRADE] EURUSD.sml already checked candle 2026-04-29 13:00:00
[2026-04-29 17:07:15.055771] [SELECT] Trading symbol switched: EURUSD.sml -> GBPUSD.sml | AI watchlist candidate
[2026-04-29 17:07:15.055814] [SCAN] Analyzing GBPUSD.sml
[2026-04-29 17:07:15.713228] [NO_TRADE] GBPUSD.sml already checked candle 2026-04-29 13:00:00
[2026-04-29 17:07:15.713451] [SELECT] Trading symbol switched: GBPUSD.sml -> XAUUSD.sml | AI watchlist candidate
[2026-04-29 17:07:15.713507] [SCAN] Analyzing XAUUSD.sml
[2026-04-29 17:07:16.009530] [NO_TRADE] XAUUSD.sml Spread too wide: 420.0 points > 80
[2026-04-29 17:07:16.009740] [SELECT] Trading symbol switched: XAUUSD.sml -> USDJPY.sml | AI watchlist candidate
[2026-04-29 17:07:16.009798] [SCAN] Analyzing USDJPY.sml
[2026-04-29 17:07:16.639063] [NO_TRADE] USDJPY.sml already checked candle 2026-04-29 13:00:00
[2026-04-29 17:07:16.639269] [SELECT] Trading symbol switched: USDJPY.sml -> EURJPY | AI watchlist candidate
[2026-04-29 17:07:16.639311] [SCAN] Analyzing EURJPY
[2026-04-29 17:07:17.336689] [NO_TRADE] EURJPY already checked candle 2026-04-29 13:00:00
[2026-04-29 17:07:17.336810] [WAIT] No order from AI watchlist this round
[2026-04-29 17:08:17.338590] [AI] Using cached daily forex scan from 2026-04-29 14:00:15 | symbols=EURUSD.sml, GBPUSD.sml, XAUUSD.sml, USDJPY.sml, EURJPY
[2026-04-29 17:08:17.339095] [WATCHLIST] AI watchlist scan: EURUSD.sml, GBPUSD.sml, XAUUSD.sml, USDJPY.sml, EURJPY
[2026-04-29 17:08:17.339406] [SELECT] Trading symbol switched: EURJPY -> EURUSD.sml | AI watchlist candidate
[2026-04-29 17:08:17.339463] [SCAN] Analyzing EURUSD.sml
[2026-04-29 17:08:17.942306] [NO_TRADE] EURUSD.sml already checked candle 2026-04-29 13:00:00
[2026-04-29 17:08:17.942514] [SELECT] Trading symbol switched: EURUSD.sml -> GBPUSD.sml | AI watchlist candidate
[2026-04-29 17:08:17.942556] [SCAN] Analyzing GBPUSD.sml
[2026-04-29 17:08:18.534717] [NO_TRADE] GBPUSD.sml already checked candle 2026-04-29 13:00:00
[2026-04-29 17:08:18.534925] [SELECT] Trading symbol switched: GBPUSD.sml -> XAUUSD.sml | AI watchlist candidate
[2026-04-29 17:08:18.535047] [SCAN] Analyzing XAUUSD.sml
[2026-04-29 17:08:18.839535] [NO_TRADE] XAUUSD.sml Spread too wide: 590.0 points > 80
[2026-04-29 17:08:18.839709] [SELECT] Trading symbol switched: XAUUSD.sml -> USDJPY.sml | AI watchlist candidate
[2026-04-29 17:08:18.839751] [SCAN] Analyzing USDJPY.sml
[2026-04-29 17:08:19.524442] [NO_TRADE] USDJPY.sml already checked candle 2026-04-29 13:00:00
[2026-04-29 17:08:19.524745] [SELECT] Trading symbol switched: USDJPY.sml -> EURJPY | AI watchlist candidate
[2026-04-29 17:08:19.524789] [SCAN] Analyzing EURJPY
[2026-04-29 17:08:20.135424] [NO_TRADE] EURJPY already checked candle 2026-04-29 13:00:00
[2026-04-29 17:08:20.135513] [WAIT] No order from AI watchlist this round
[2026-04-29 17:09:20.136527] [AI] Using cached daily forex scan from 2026-04-29 14:00:15 | symbols=EURUSD.sml, GBPUSD.sml, XAUUSD.sml, USDJPY.sml, EURJPY
[2026-04-29 17:09:20.136831] [WATCHLIST] AI watchlist scan: EURUSD.sml, GBPUSD.sml, XAUUSD.sml, USDJPY.sml, EURJPY
[2026-04-29 17:09:20.137015] [SELECT] Trading symbol switched: EURJPY -> EURUSD.sml | AI watchlist candidate
[2026-04-29 17:09:20.137056] [SCAN] Analyzing EURUSD.sml
[2026-04-29 17:09:20.764082] [NO_TRADE] EURUSD.sml already checked candle 2026-04-29 13:00:00
[2026-04-29 17:09:20.764297] [SELECT] Trading symbol switched: EURUSD.sml -> GBPUSD.sml | AI watchlist candidate
[2026-04-29 17:09:20.764342] [SCAN] Analyzing GBPUSD.sml
[2026-04-29 17:09:21.380847] [NO_TRADE] GBPUSD.sml already checked candle 2026-04-29 13:00:00
[2026-04-29 17:09:21.381090] [SELECT] Trading symbol switched: GBPUSD.sml -> XAUUSD.sml | AI watchlist candidate
[2026-04-29 17:09:21.381151] [SCAN] Analyzing XAUUSD.sml
[2026-04-29 17:09:21.681324] [NO_TRADE] XAUUSD.sml Spread too wide: 580.0 points > 80
[2026-04-29 17:09:21.681497] [SELECT] Trading symbol switched: XAUUSD.sml -> USDJPY.sml | AI watchlist candidate
[2026-04-29 17:09:21.681538] [SCAN] Analyzing USDJPY.sml
[2026-04-29 17:09:22.388597] [NO_TRADE] USDJPY.sml already checked candle 2026-04-29 13:00:00
[2026-04-29 17:09:22.388814] [SELECT] Trading symbol switched: USDJPY.sml -> EURJPY | AI watchlist candidate
[2026-04-29 17:09:22.388856] [SCAN] Analyzing EURJPY
[2026-04-29 17:09:23.023971] [NO_TRADE] EURJPY already checked candle 2026-04-29 13:00:00
[2026-04-29 17:09:23.024089] [WAIT] No order from AI watchlist this round
[2026-04-29 17:10:23.026061] [AI] Using cached daily forex scan from 2026-04-29 14:00:15 | symbols=EURUSD.sml, GBPUSD.sml, XAUUSD.sml, USDJPY.sml, EURJPY
[2026-04-29 17:10:23.026765] [WATCHLIST] AI watchlist scan: EURUSD.sml, GBPUSD.sml, XAUUSD.sml, USDJPY.sml, EURJPY
[2026-04-29 17:10:23.027111] [SELECT] Trading symbol switched: EURJPY -> EURUSD.sml | AI watchlist candidate
[2026-04-29 17:10:23.027198] [SCAN] Analyzing EURUSD.sml

==============================
Time: 2026-04-29 17:10:23.728641
SIGNAL: {'time': Timestamp('2026-04-29 13:05:00'), 'symbol': 'EURUSD.sml', 'side': 'NO_TRADE', 'price': 1.17017, 'reason': 'no Donchian breakout'}
[NO_TRADE] EURUSD.sml No trade
[2026-04-29 17:10:23.728916] [SELECT] Trading symbol switched: EURUSD.sml -> GBPUSD.sml | AI watchlist candidate
[2026-04-29 17:10:23.728968] [SCAN] Analyzing GBPUSD.sml

==============================
Time: 2026-04-29 17:10:24.436462
SIGNAL: {'time': Timestamp('2026-04-29 13:05:00'), 'symbol': 'GBPUSD.sml', 'side': 'NO_TRADE', 'price': 1.35083, 'reason': 'no Donchian breakout'}
[NO_TRADE] GBPUSD.sml No trade
[2026-04-29 17:10:24.436777] [SELECT] Trading symbol switched: GBPUSD.sml -> XAUUSD.sml | AI watchlist candidate
[2026-04-29 17:10:24.436887] [SCAN] Analyzing XAUUSD.sml
[2026-04-29 17:10:24.768886] [NO_TRADE] XAUUSD.sml Spread too wide: 390.0 points > 80
[2026-04-29 17:10:24.769111] [SELECT] Trading symbol switched: XAUUSD.sml -> USDJPY.sml | AI watchlist candidate
[2026-04-29 17:10:24.769166] [SCAN] Analyzing USDJPY.sml

==============================
Time: 2026-04-29 17:10:25.425164
SIGNAL: {'time': Timestamp('2026-04-29 13:05:00'), 'symbol': 'USDJPY.sml', 'side': 'NO_TRADE', 'price': 159.8, 'reason': 'no Donchian breakout'}
[NO_TRADE] USDJPY.sml No trade
[2026-04-29 17:10:25.425442] [SELECT] Trading symbol switched: USDJPY.sml -> EURJPY | AI watchlist candidate
[2026-04-29 17:10:25.425498] [SCAN] Analyzing EURJPY

==============================
Time: 2026-04-29 17:10:26.061807
SIGNAL: {'time': Timestamp('2026-04-29 13:05:00'), 'symbol': 'EURJPY', 'side': 'NO_TRADE', 'price': 186.935, 'reason': 'no Donchian breakout'}
[NO_TRADE] EURJPY No trade
[2026-04-29 17:10:26.062027] [WAIT] No order from AI watchlist this round
[2026-04-29 17:11:26.063273] [AI] Using cached daily forex scan from 2026-04-29 14:00:15 | symbols=EURUSD.sml, GBPUSD.sml, XAUUSD.sml, USDJPY.sml, EURJPY
[2026-04-29 17:11:26.063599] [WATCHLIST] AI watchlist scan: EURUSD.sml, GBPUSD.sml, XAUUSD.sml, USDJPY.sml, EURJPY
[2026-04-29 17:11:26.063788] [SELECT] Trading symbol switched: EURJPY -> EURUSD.sml | AI watchlist candidate
[2026-04-29 17:11:26.063831] [SCAN] Analyzing EURUSD.sml
[2026-04-29 17:11:26.658603] [NO_TRADE] EURUSD.sml already checked candle 2026-04-29 13:05:00
[2026-04-29 17:11:26.658811] [SELECT] Trading symbol switched: EURUSD.sml -> GBPUSD.sml | AI watchlist candidate
[2026-04-29 17:11:26.658855] [SCAN] Analyzing GBPUSD.sml
[2026-04-29 17:11:27.251683] [NO_TRADE] GBPUSD.sml already checked candle 2026-04-29 13:05:00
[2026-04-29 17:11:27.251888] [SELECT] Trading symbol switched: GBPUSD.sml -> XAUUSD.sml | AI watchlist candidate
[2026-04-29 17:11:27.251931] [SCAN] Analyzing XAUUSD.sml
[2026-04-29 17:11:27.550119] [NO_TRADE] XAUUSD.sml Spread too wide: 620.0 points > 80
[2026-04-29 17:11:27.550284] [SELECT] Trading symbol switched: XAUUSD.sml -> USDJPY.sml | AI watchlist candidate
[2026-04-29 17:11:27.550323] [SCAN] Analyzing USDJPY.sml
[2026-04-29 17:11:28.260014] [NO_TRADE] USDJPY.sml already checked candle 2026-04-29 13:05:00
[2026-04-29 17:11:28.260247] [SELECT] Trading symbol switched: USDJPY.sml -> EURJPY | AI watchlist candidate
[2026-04-29 17:11:28.260299] [SCAN] Analyzing EURJPY
[2026-04-29 17:11:28.863058] [NO_TRADE] EURJPY already checked candle 2026-04-29 13:05:00
[2026-04-29 17:11:28.863146] [WAIT] No order from AI watchlist this round
[2026-04-29 17:12:28.864653] [AI] Using cached daily forex scan from 2026-04-29 14:00:15 | symbols=EURUSD.sml, GBPUSD.sml, XAUUSD.sml, USDJPY.sml, EURJPY
[2026-04-29 17:12:28.865097] [WATCHLIST] AI watchlist scan: EURUSD.sml, GBPUSD.sml, XAUUSD.sml, USDJPY.sml, EURJPY
[2026-04-29 17:12:28.865316] [SELECT] Trading symbol switched: EURJPY -> EURUSD.sml | AI watchlist candidate
[2026-04-29 17:12:28.865367] [SCAN] Analyzing EURUSD.sml
[2026-04-29 17:12:29.471331] [NO_TRADE] EURUSD.sml already checked candle 2026-04-29 13:05:00
[2026-04-29 17:12:29.471539] [SELECT] Trading symbol switched: EURUSD.sml -> GBPUSD.sml | AI watchlist candidate
[2026-04-29 17:12:29.471581] [SCAN] Analyzing GBPUSD.sml
[2026-04-29 17:12:30.162577] [NO_TRADE] GBPUSD.sml already checked candle 2026-04-29 13:05:00
[2026-04-29 17:12:30.162775] [SELECT] Trading symbol switched: GBPUSD.sml -> XAUUSD.sml | AI watchlist candidate
[2026-04-29 17:12:30.162819] [SCAN] Analyzing XAUUSD.sml
[2026-04-29 17:12:30.461369] [NO_TRADE] XAUUSD.sml Spread too wide: 360.0 points > 80
[2026-04-29 17:12:30.461535] [SELECT] Trading symbol switched: XAUUSD.sml -> USDJPY.sml | AI watchlist candidate
[2026-04-29 17:12:30.461573] [SCAN] Analyzing USDJPY.sml
[2026-04-29 17:12:31.092286] [NO_TRADE] USDJPY.sml already checked candle 2026-04-29 13:05:00
[2026-04-29 17:12:31.092513] [SELECT] Trading symbol switched: USDJPY.sml -> EURJPY | AI watchlist candidate
[2026-04-29 17:12:31.092555] [SCAN] Analyzing EURJPY
[2026-04-29 17:12:31.743696] [NO_TRADE] EURJPY already checked candle 2026-04-29 13:05:00
[2026-04-29 17:12:31.743795] [WAIT] No order from AI watchlist this round
[2026-04-29 17:13:31.745564] [AI] Using cached daily forex scan from 2026-04-29 14:00:15 | symbols=EURUSD.sml, GBPUSD.sml, XAUUSD.sml, USDJPY.sml, EURJPY
[2026-04-29 17:13:31.746362] [WATCHLIST] AI watchlist scan: EURUSD.sml, GBPUSD.sml, XAUUSD.sml, USDJPY.sml, EURJPY
[2026-04-29 17:13:31.746775] [SELECT] Trading symbol switched: EURJPY -> EURUSD.sml | AI watchlist candidate
[2026-04-29 17:13:31.746878] [SCAN] Analyzing EURUSD.sml
[2026-04-29 17:13:32.346080] [NO_TRADE] EURUSD.sml already checked candle 2026-04-29 13:05:00
[2026-04-29 17:13:32.346271] [SELECT] Trading symbol switched: EURUSD.sml -> GBPUSD.sml | AI watchlist candidate
[2026-04-29 17:13:32.346327] [SCAN] Analyzing GBPUSD.sml
[2026-04-29 17:13:32.971616] [NO_TRADE] GBPUSD.sml already checked candle 2026-04-29 13:05:00
[2026-04-29 17:13:32.971817] [SELECT] Trading symbol switched: GBPUSD.sml -> XAUUSD.sml | AI watchlist candidate
[2026-04-29 17:13:32.971858] [SCAN] Analyzing XAUUSD.sml
[2026-04-29 17:13:33.299309] [NO_TRADE] XAUUSD.sml Spread too wide: 610.0 points > 80
[2026-04-29 17:13:33.299571] [SELECT] Trading symbol switched: XAUUSD.sml -> USDJPY.sml | AI watchlist candidate
[2026-04-29 17:13:33.299624] [SCAN] Analyzing USDJPY.sml
[2026-04-29 17:13:33.931795] [NO_TRADE] USDJPY.sml already checked candle 2026-04-29 13:05:00
[2026-04-29 17:13:33.932037] [SELECT] Trading symbol switched: USDJPY.sml -> EURJPY | AI watchlist candidate
[2026-04-29 17:13:33.932114] [SCAN] Analyzing EURJPY
[2026-04-29 17:13:34.543340] [NO_TRADE] EURJPY already checked candle 2026-04-29 13:05:00
[2026-04-29 17:13:34.543428] [WAIT] No order from AI watchlist this round
[2026-04-29 17:14:34.545217] [AI] Using cached daily forex scan from 2026-04-29 14:00:15 | symbols=EURUSD.sml, GBPUSD.sml, XAUUSD.sml, USDJPY.sml, EURJPY
[2026-04-29 17:14:34.545767] [WATCHLIST] AI watchlist scan: EURUSD.sml, GBPUSD.sml, XAUUSD.sml, USDJPY.sml, EURJPY
[2026-04-29 17:14:34.546016] [SELECT] Trading symbol switched: EURJPY -> EURUSD.sml | AI watchlist candidate
[2026-04-29 17:14:34.546073] [SCAN] Analyzing EURUSD.sml
[2026-04-29 17:14:35.158687] [NO_TRADE] EURUSD.sml already checked candle 2026-04-29 13:05:00
[2026-04-29 17:14:35.158887] [SELECT] Trading symbol switched: EURUSD.sml -> GBPUSD.sml | AI watchlist candidate
[2026-04-29 17:14:35.158927] [SCAN] Analyzing GBPUSD.sml
[2026-04-29 17:14:35.804630] [NO_TRADE] GBPUSD.sml already checked candle 2026-04-29 13:05:00
[2026-04-29 17:14:35.804831] [SELECT] Trading symbol switched: GBPUSD.sml -> XAUUSD.sml | AI watchlist candidate
[2026-04-29 17:14:35.804873] [SCAN] Analyzing XAUUSD.sml
[2026-04-29 17:14:36.101474] [NO_TRADE] XAUUSD.sml Spread too wide: 580.0 points > 80
[2026-04-29 17:14:36.101642] [SELECT] Trading symbol switched: XAUUSD.sml -> USDJPY.sml | AI watchlist candidate
[2026-04-29 17:14:36.101684] [SCAN] Analyzing USDJPY.sml
[2026-04-29 17:14:36.717600] [NO_TRADE] USDJPY.sml already checked candle 2026-04-29 13:05:00
[2026-04-29 17:14:36.717884] [SELECT] Trading symbol switched: USDJPY.sml -> EURJPY | AI watchlist candidate
[2026-04-29 17:14:36.717969] [SCAN] Analyzing EURJPY
[2026-04-29 17:14:37.313603] [NO_TRADE] EURJPY already checked candle 2026-04-29 13:05:00
[2026-04-29 17:14:37.313696] [WAIT] No order from AI watchlist this round
[2026-04-29 17:15:37.315705] [AI] Using cached daily forex scan from 2026-04-29 14:00:15 | symbols=EURUSD.sml, GBPUSD.sml, XAUUSD.sml, USDJPY.sml, EURJPY
[2026-04-29 17:15:37.316809] [WATCHLIST] AI watchlist scan: EURUSD.sml, GBPUSD.sml, XAUUSD.sml, USDJPY.sml, EURJPY
[2026-04-29 17:15:37.317344] [SELECT] Trading symbol switched: EURJPY -> EURUSD.sml | AI watchlist candidate
[2026-04-29 17:15:37.317494] [SCAN] Analyzing EURUSD.sml

==============================
Time: 2026-04-29 17:15:37.942699
SIGNAL: {'time': Timestamp('2026-04-29 13:10:00'), 'symbol': 'EURUSD.sml', 'side': 'NO_TRADE', 'price': 1.17017, 'reason': 'no Donchian breakout'}
[NO_TRADE] EURUSD.sml No trade
[2026-04-29 17:15:37.942926] [SELECT] Trading symbol switched: EURUSD.sml -> GBPUSD.sml | AI watchlist candidate
[2026-04-29 17:15:37.942970] [SCAN] Analyzing GBPUSD.sml

==============================
Time: 2026-04-29 17:15:38.636631
SIGNAL: {'time': Timestamp('2026-04-29 13:10:00'), 'symbol': 'GBPUSD.sml', 'side': 'NO_TRADE', 'price': 1.35093, 'reason': 'no Donchian breakout'}
[NO_TRADE] GBPUSD.sml No trade
[2026-04-29 17:15:38.636861] [SELECT] Trading symbol switched: GBPUSD.sml -> XAUUSD.sml | AI watchlist candidate
[2026-04-29 17:15:38.636936] [SCAN] Analyzing XAUUSD.sml
[2026-04-29 17:15:38.964763] [NO_TRADE] XAUUSD.sml Spread too wide: 580.0 points > 80
[2026-04-29 17:15:38.964946] [SELECT] Trading symbol switched: XAUUSD.sml -> USDJPY.sml | AI watchlist candidate
[2026-04-29 17:15:38.964985] [SCAN] Analyzing USDJPY.sml

==============================
Time: 2026-04-29 17:15:39.632813
SIGNAL: {'time': Timestamp('2026-04-29 13:10:00'), 'symbol': 'USDJPY.sml', 'side': 'NO_TRADE', 'price': 159.79, 'reason': 'no Donchian breakout'}
[NO_TRADE] USDJPY.sml No trade
[2026-04-29 17:15:39.633037] [SELECT] Trading symbol switched: USDJPY.sml -> EURJPY | AI watchlist candidate
[2026-04-29 17:15:39.633080] [SCAN] Analyzing EURJPY

==============================
Time: 2026-04-29 17:15:40.290121
SIGNAL: {'time': Timestamp('2026-04-29 13:10:00'), 'symbol': 'EURJPY', 'side': 'NO_TRADE', 'price': 186.924, 'reason': 'no Donchian breakout'}
[NO_TRADE] EURJPY No trade
[2026-04-29 17:15:40.290229] [WAIT] No order from AI watchlist this round
[2026-04-29 17:16:40.291356] [AI] Using cached daily forex scan from 2026-04-29 14:00:15 | symbols=EURUSD.sml, GBPUSD.sml, XAUUSD.sml, USDJPY.sml, EURJPY
[2026-04-29 17:16:40.291779] [WATCHLIST] AI watchlist scan: EURUSD.sml, GBPUSD.sml, XAUUSD.sml, USDJPY.sml, EURJPY
[2026-04-29 17:16:40.292106] [SELECT] Trading symbol switched: EURJPY -> EURUSD.sml | AI watchlist candidate
[2026-04-29 17:16:40.292168] [SCAN] Analyzing EURUSD.sml
[2026-04-29 17:16:40.915838] [NO_TRADE] EURUSD.sml already checked candle 2026-04-29 13:10:00
[2026-04-29 17:16:40.916047] [SELECT] Trading symbol switched: EURUSD.sml -> GBPUSD.sml | AI watchlist candidate
[2026-04-29 17:16:40.916090] [SCAN] Analyzing GBPUSD.sml
[2026-04-29 17:16:41.589465] [NO_TRADE] GBPUSD.sml already checked candle 2026-04-29 13:10:00
[2026-04-29 17:16:41.589672] [SELECT] Trading symbol switched: GBPUSD.sml -> XAUUSD.sml | AI watchlist candidate
[2026-04-29 17:16:41.589713] [SCAN] Analyzing XAUUSD.sml
[2026-04-29 17:16:41.891120] [NO_TRADE] XAUUSD.sml Spread too wide: 500.0 points > 80
[2026-04-29 17:16:41.891298] [SELECT] Trading symbol switched: XAUUSD.sml -> USDJPY.sml | AI watchlist candidate
[2026-04-29 17:16:41.891338] [SCAN] Analyzing USDJPY.sml
[2026-04-29 17:16:42.543592] [NO_TRADE] USDJPY.sml already checked candle 2026-04-29 13:10:00
[2026-04-29 17:16:42.543827] [SELECT] Trading symbol switched: USDJPY.sml -> EURJPY | AI watchlist candidate
[2026-04-29 17:16:42.543874] [SCAN] Analyzing EURJPY
[2026-04-29 17:16:43.146109] [NO_TRADE] EURJPY already checked candle 2026-04-29 13:10:00
[2026-04-29 17:16:43.146197] [WAIT] No order from AI watchlist this round
[2026-04-29 17:17:43.147349] [AI] Using cached daily forex scan from 2026-04-29 14:00:15 | symbols=EURUSD.sml, GBPUSD.sml, XAUUSD.sml, USDJPY.sml, EURJPY
[2026-04-29 17:17:43.147799] [WATCHLIST] AI watchlist scan: EURUSD.sml, GBPUSD.sml, XAUUSD.sml, USDJPY.sml, EURJPY
[2026-04-29 17:17:43.148033] [SELECT] Trading symbol switched: EURJPY -> EURUSD.sml | AI watchlist candidate
[2026-04-29 17:17:43.148091] [SCAN] Analyzing EURUSD.sml
[2026-04-29 17:17:43.777744] [NO_TRADE] EURUSD.sml already checked candle 2026-04-29 13:10:00
[2026-04-29 17:17:43.777979] [SELECT] Trading symbol switched: EURUSD.sml -> GBPUSD.sml | AI watchlist candidate
[2026-04-29 17:17:43.778031] [SCAN] Analyzing GBPUSD.sml
[2026-04-29 17:17:44.405700] [NO_TRADE] GBPUSD.sml already checked candle 2026-04-29 13:10:00
[2026-04-29 17:17:44.405940] [SELECT] Trading symbol switched: GBPUSD.sml -> XAUUSD.sml | AI watchlist candidate
[2026-04-29 17:17:44.405995] [SCAN] Analyzing XAUUSD.sml
[2026-04-29 17:17:44.706865] [NO_TRADE] XAUUSD.sml Spread too wide: 560.0 points > 80
[2026-04-29 17:17:44.707058] [SELECT] Trading symbol switched: XAUUSD.sml -> USDJPY.sml | AI watchlist candidate
[2026-04-29 17:17:44.707103] [SCAN] Analyzing USDJPY.sml
[2026-04-29 17:17:45.362774] [NO_TRADE] USDJPY.sml already checked candle 2026-04-29 13:10:00
[2026-04-29 17:17:45.362995] [SELECT] Trading symbol switched: USDJPY.sml -> EURJPY | AI watchlist candidate
[2026-04-29 17:17:45.363038] [SCAN] Analyzing EURJPY
[2026-04-29 17:17:45.963176] [NO_TRADE] EURJPY already checked candle 2026-04-29 13:10:00
[2026-04-29 17:17:45.963289] [WAIT] No order from AI watchlist this round
[2026-04-29 17:18:45.964414] [AI] Using cached daily forex scan from 2026-04-29 14:00:15 | symbols=EURUSD.sml, GBPUSD.sml, XAUUSD.sml, USDJPY.sml, EURJPY
[2026-04-29 17:18:45.964858] [WATCHLIST] AI watchlist scan: EURUSD.sml, GBPUSD.sml, XAUUSD.sml, USDJPY.sml, EURJPY
[2026-04-29 17:18:45.965164] [SELECT] Trading symbol switched: EURJPY -> EURUSD.sml | AI watchlist candidate
[2026-04-29 17:18:45.965226] [SCAN] Analyzing EURUSD.sml
[2026-04-29 17:18:46.577384] [NO_TRADE] EURUSD.sml already checked candle 2026-04-29 13:10:00
[2026-04-29 17:18:46.577591] [SELECT] Trading symbol switched: EURUSD.sml -> GBPUSD.sml | AI watchlist candidate
[2026-04-29 17:18:46.577635] [SCAN] Analyzing GBPUSD.sml
[2026-04-29 17:18:47.245780] [NO_TRADE] GBPUSD.sml already checked candle 2026-04-29 13:10:00
[2026-04-29 17:18:47.246001] [SELECT] Trading symbol switched: GBPUSD.sml -> XAUUSD.sml | AI watchlist candidate
[2026-04-29 17:18:47.246044] [SCAN] Analyzing XAUUSD.sml
[2026-04-29 17:18:47.556265] [NO_TRADE] XAUUSD.sml Spread too wide: 580.0 points > 80
[2026-04-29 17:18:47.556432] [SELECT] Trading symbol switched: XAUUSD.sml -> USDJPY.sml | AI watchlist candidate
[2026-04-29 17:18:47.556471] [SCAN] Analyzing USDJPY.sml
[2026-04-29 17:18:48.201045] [NO_TRADE] USDJPY.sml already checked candle 2026-04-29 13:10:00
[2026-04-29 17:18:48.201265] [SELECT] Trading symbol switched: USDJPY.sml -> EURJPY | AI watchlist candidate
[2026-04-29 17:18:48.201309] [SCAN] Analyzing EURJPY
[2026-04-29 17:18:48.879106] [NO_TRADE] EURJPY already checked candle 2026-04-29 13:10:00
[2026-04-29 17:18:48.879210] [WAIT] No order from AI watchlist this round
[2026-04-29 17:19:48.880582] [AI] Using cached daily forex scan from 2026-04-29 14:00:15 | symbols=EURUSD.sml, GBPUSD.sml, XAUUSD.sml, USDJPY.sml, EURJPY
[2026-04-29 17:19:48.880907] [WATCHLIST] AI watchlist scan: EURUSD.sml, GBPUSD.sml, XAUUSD.sml, USDJPY.sml, EURJPY
[2026-04-29 17:19:48.881098] [SELECT] Trading symbol switched: EURJPY -> EURUSD.sml | AI watchlist candidate
[2026-04-29 17:19:48.881138] [SCAN] Analyzing EURUSD.sml
[2026-04-29 17:19:49.485523] [NO_TRADE] EURUSD.sml already checked candle 2026-04-29 13:10:00
[2026-04-29 17:19:49.485733] [SELECT] Trading symbol switched: EURUSD.sml -> GBPUSD.sml | AI watchlist candidate
[2026-04-29 17:19:49.485774] [SCAN] Analyzing GBPUSD.sml
[2026-04-29 17:19:50.108302] [NO_TRADE] GBPUSD.sml already checked candle 2026-04-29 13:10:00
[2026-04-29 17:19:50.108511] [SELECT] Trading symbol switched: GBPUSD.sml -> XAUUSD.sml | AI watchlist candidate
[2026-04-29 17:19:50.108553] [SCAN] Analyzing XAUUSD.sml
[2026-04-29 17:19:50.410061] [NO_TRADE] XAUUSD.sml Spread too wide: 350.0 points > 80
[2026-04-29 17:19:50.410283] [SELECT] Trading symbol switched: XAUUSD.sml -> USDJPY.sml | AI watchlist candidate
[2026-04-29 17:19:50.410336] [SCAN] Analyzing USDJPY.sml
[2026-04-29 17:19:51.105226] [NO_TRADE] USDJPY.sml already checked candle 2026-04-29 13:10:00
[2026-04-29 17:19:51.105448] [SELECT] Trading symbol switched: USDJPY.sml -> EURJPY | AI watchlist candidate
[2026-04-29 17:19:51.105493] [SCAN] Analyzing EURJPY
[2026-04-29 17:19:51.712573] [NO_TRADE] EURJPY already checked candle 2026-04-29 13:10:00
[2026-04-29 17:19:51.712662] [WAIT] No order from AI watchlist this round
[2026-04-29 17:20:51.714455] [AI] Using cached daily forex scan from 2026-04-29 14:00:15 | symbols=EURUSD.sml, GBPUSD.sml, XAUUSD.sml, USDJPY.sml, EURJPY
[2026-04-29 17:20:51.715216] [WATCHLIST] AI watchlist scan: EURUSD.sml, GBPUSD.sml, XAUUSD.sml, USDJPY.sml, EURJPY
[2026-04-29 17:20:51.715629] [SELECT] Trading symbol switched: EURJPY -> EURUSD.sml | AI watchlist candidate
[2026-04-29 17:20:51.715732] [SCAN] Analyzing EURUSD.sml

==============================
Time: 2026-04-29 17:20:52.346180
SIGNAL: {'time': Timestamp('2026-04-29 13:15:00'), 'symbol': 'EURUSD.sml', 'side': 'NO_TRADE', 'price': 1.1702, 'reason': 'no Donchian breakout'}
[NO_TRADE] EURUSD.sml No trade
[2026-04-29 17:20:52.346431] [SELECT] Trading symbol switched: EURUSD.sml -> GBPUSD.sml | AI watchlist candidate
[2026-04-29 17:20:52.346472] [SCAN] Analyzing GBPUSD.sml

==============================
Time: 2026-04-29 17:20:53.063516
SIGNAL: {'time': Timestamp('2026-04-29 13:15:00'), 'symbol': 'GBPUSD.sml', 'side': 'NO_TRADE', 'price': 1.35091, 'reason': 'no Donchian breakout'}
[NO_TRADE] GBPUSD.sml No trade
[2026-04-29 17:20:53.063729] [SELECT] Trading symbol switched: GBPUSD.sml -> XAUUSD.sml | AI watchlist candidate
[2026-04-29 17:20:53.063772] [SCAN] Analyzing XAUUSD.sml
[2026-04-29 17:20:53.416434] [NO_TRADE] XAUUSD.sml Spread too wide: 380.0 points > 80
[2026-04-29 17:20:53.416607] [SELECT] Trading symbol switched: XAUUSD.sml -> USDJPY.sml | AI watchlist candidate
[2026-04-29 17:20:53.416648] [SCAN] Analyzing USDJPY.sml

==============================
Time: 2026-04-29 17:20:54.053800
SIGNAL: {'time': Timestamp('2026-04-29 13:15:00'), 'symbol': 'USDJPY.sml', 'side': 'NO_TRADE', 'price': 159.769, 'reason': 'no Donchian breakout'}
[NO_TRADE] USDJPY.sml No trade
[2026-04-29 17:20:54.054051] [SELECT] Trading symbol switched: USDJPY.sml -> EURJPY | AI watchlist candidate
[2026-04-29 17:20:54.054099] [SCAN] Analyzing EURJPY

==============================
Time: 2026-04-29 17:20:54.680372
SIGNAL: {'time': Timestamp('2026-04-29 13:15:00'), 'symbol': 'EURJPY', 'side': 'NO_TRADE', 'price': 186.901, 'reason': 'no Donchian breakout'}
[NO_TRADE] EURJPY No trade
[2026-04-29 17:20:54.680479] [WAIT] No order from AI watchlist this round
[2026-04-29 17:21:54.682030] [AI] Using cached daily forex scan from 2026-04-29 14:00:15 | symbols=EURUSD.sml, GBPUSD.sml, XAUUSD.sml, USDJPY.sml, EURJPY
[2026-04-29 17:21:54.682508] [WATCHLIST] AI watchlist scan: EURUSD.sml, GBPUSD.sml, XAUUSD.sml, USDJPY.sml, EURJPY
[2026-04-29 17:21:54.682822] [SELECT] Trading symbol switched: EURJPY -> EURUSD.sml | AI watchlist candidate
[2026-04-29 17:21:54.682888] [SCAN] Analyzing EURUSD.sml
[2026-04-29 17:21:55.267494] [NO_TRADE] EURUSD.sml already checked candle 2026-04-29 13:15:00
[2026-04-29 17:21:55.267731] [SELECT] Trading symbol switched: EURUSD.sml -> GBPUSD.sml | AI watchlist candidate
[2026-04-29 17:21:55.267784] [SCAN] Analyzing GBPUSD.sml
[2026-04-29 17:21:55.875378] [NO_TRADE] GBPUSD.sml already checked candle 2026-04-29 13:15:00
[2026-04-29 17:21:55.875785] [SELECT] Trading symbol switched: GBPUSD.sml -> XAUUSD.sml | AI watchlist candidate
[2026-04-29 17:21:55.875879] [SCAN] Analyzing XAUUSD.sml
[2026-04-29 17:21:56.165951] [NO_TRADE] XAUUSD.sml Spread too wide: 410.0 points > 80
[2026-04-29 17:21:56.166168] [SELECT] Trading symbol switched: XAUUSD.sml -> USDJPY.sml | AI watchlist candidate
[2026-04-29 17:21:56.166227] [SCAN] Analyzing USDJPY.sml
[2026-04-29 17:21:56.784665] [NO_TRADE] USDJPY.sml already checked candle 2026-04-29 13:15:00
[2026-04-29 17:21:56.784875] [SELECT] Trading symbol switched: USDJPY.sml -> EURJPY | AI watchlist candidate
[2026-04-29 17:21:56.784920] [SCAN] Analyzing EURJPY
[2026-04-29 17:21:57.387533] [NO_TRADE] EURJPY already checked candle 2026-04-29 13:15:00
[2026-04-29 17:21:57.387616] [WAIT] No order from AI watchlist this round
[2026-04-29 17:22:57.388911] [AI] Using cached daily forex scan from 2026-04-29 14:00:15 | symbols=EURUSD.sml, GBPUSD.sml, XAUUSD.sml, USDJPY.sml, EURJPY
[2026-04-29 17:22:57.389451] [WATCHLIST] AI watchlist scan: EURUSD.sml, GBPUSD.sml, XAUUSD.sml, USDJPY.sml, EURJPY
[2026-04-29 17:22:57.389688] [SELECT] Trading symbol switched: EURJPY -> EURUSD.sml | AI watchlist candidate
[2026-04-29 17:22:57.389740] [SCAN] Analyzing EURUSD.sml
[2026-04-29 17:22:57.964984] [NO_TRADE] EURUSD.sml already checked candle 2026-04-29 13:15:00
[2026-04-29 17:22:57.965213] [SELECT] Trading symbol switched: EURUSD.sml -> GBPUSD.sml | AI watchlist candidate
[2026-04-29 17:22:57.965263] [SCAN] Analyzing GBPUSD.sml
[2026-04-29 17:22:58.795042] [NO_TRADE] GBPUSD.sml already checked candle 2026-04-29 13:15:00
[2026-04-29 17:22:58.795271] [SELECT] Trading symbol switched: GBPUSD.sml -> XAUUSD.sml | AI watchlist candidate
[2026-04-29 17:22:58.795366] [SCAN] Analyzing XAUUSD.sml
[2026-04-29 17:22:59.207546] [NO_TRADE] XAUUSD.sml Spread too wide: 510.0 points > 80
[2026-04-29 17:22:59.207776] [SELECT] Trading symbol switched: XAUUSD.sml -> USDJPY.sml | AI watchlist candidate
[2026-04-29 17:22:59.207840] [SCAN] Analyzing USDJPY.sml
[2026-04-29 17:23:00.054718] [NO_TRADE] USDJPY.sml already checked candle 2026-04-29 13:15:00
[2026-04-29 17:23:00.054988] [SELECT] Trading symbol switched: USDJPY.sml -> EURJPY | AI watchlist candidate
[2026-04-29 17:23:00.055041] [SCAN] Analyzing EURJPY
[2026-04-29 17:23:00.794916] [NO_TRADE] EURJPY already checked candle 2026-04-29 13:15:00
[2026-04-29 17:23:00.795007] [WAIT] No order from AI watchlist this round
[2026-04-29 17:24:00.796484] [AI] Using cached daily forex scan from 2026-04-29 14:00:15 | symbols=EURUSD.sml, GBPUSD.sml, XAUUSD.sml, USDJPY.sml, EURJPY
[2026-04-29 17:24:00.797145] [WATCHLIST] AI watchlist scan: EURUSD.sml, GBPUSD.sml, XAUUSD.sml, USDJPY.sml, EURJPY
[2026-04-29 17:24:00.797487] [SELECT] Trading symbol switched: EURJPY -> EURUSD.sml | AI watchlist candidate
[2026-04-29 17:24:00.797573] [SCAN] Analyzing EURUSD.sml
[2026-04-29 17:24:01.424555] [NO_TRADE] EURUSD.sml already checked candle 2026-04-29 13:15:00
[2026-04-29 17:24:01.424740] [SELECT] Trading symbol switched: EURUSD.sml -> GBPUSD.sml | AI watchlist candidate
[2026-04-29 17:24:01.424782] [SCAN] Analyzing GBPUSD.sml
[2026-04-29 17:24:02.080635] [NO_TRADE] GBPUSD.sml already checked candle 2026-04-29 13:15:00
[2026-04-29 17:24:02.080838] [SELECT] Trading symbol switched: GBPUSD.sml -> XAUUSD.sml | AI watchlist candidate
[2026-04-29 17:24:02.080879] [SCAN] Analyzing XAUUSD.sml
[2026-04-29 17:24:02.380173] [NO_TRADE] XAUUSD.sml Spread too wide: 330.0 points > 80
[2026-04-29 17:24:02.380347] [SELECT] Trading symbol switched: XAUUSD.sml -> USDJPY.sml | AI watchlist candidate
[2026-04-29 17:24:02.380390] [SCAN] Analyzing USDJPY.sml
[2026-04-29 17:24:03.096933] [NO_TRADE] USDJPY.sml already checked candle 2026-04-29 13:15:00
[2026-04-29 17:24:03.097156] [SELECT] Trading symbol switched: USDJPY.sml -> EURJPY | AI watchlist candidate
[2026-04-29 17:24:03.097200] [SCAN] Analyzing EURJPY
[2026-04-29 17:24:03.713875] [NO_TRADE] EURJPY already checked candle 2026-04-29 13:15:00
[2026-04-29 17:24:03.713963] [WAIT] No order from AI watchlist this round
[2026-04-29 17:25:03.715293] [AI] Using cached daily forex scan from 2026-04-29 14:00:15 | symbols=EURUSD.sml, GBPUSD.sml, XAUUSD.sml, USDJPY.sml, EURJPY
[2026-04-29 17:25:03.715713] [WATCHLIST] AI watchlist scan: EURUSD.sml, GBPUSD.sml, XAUUSD.sml, USDJPY.sml, EURJPY
[2026-04-29 17:25:03.715961] [SELECT] Trading symbol switched: EURJPY -> EURUSD.sml | AI watchlist candidate
[2026-04-29 17:25:03.716016] [SCAN] Analyzing EURUSD.sml

==============================
Time: 2026-04-29 17:25:04.326676
SIGNAL: {'time': Timestamp('2026-04-29 13:20:00'), 'symbol': 'EURUSD.sml', 'side': 'NO_TRADE', 'price': 1.17019, 'reason': 'no Donchian breakout'}
[NO_TRADE] EURUSD.sml No trade
[2026-04-29 17:25:04.326961] [SELECT] Trading symbol switched: EURUSD.sml -> GBPUSD.sml | AI watchlist candidate
[2026-04-29 17:25:04.327024] [SCAN] Analyzing GBPUSD.sml

==============================
Time: 2026-04-29 17:25:05.010791
SIGNAL: {'time': Timestamp('2026-04-29 13:20:00'), 'symbol': 'GBPUSD.sml', 'side': 'NO_TRADE', 'price': 1.35084, 'reason': 'no Donchian breakout'}
[NO_TRADE] GBPUSD.sml No trade
[2026-04-29 17:25:05.011011] [SELECT] Trading symbol switched: GBPUSD.sml -> XAUUSD.sml | AI watchlist candidate
[2026-04-29 17:25:05.011052] [SCAN] Analyzing XAUUSD.sml
[2026-04-29 17:25:05.330034] [NO_TRADE] XAUUSD.sml Spread too wide: 330.0 points > 80
[2026-04-29 17:25:05.330297] [SELECT] Trading symbol switched: XAUUSD.sml -> USDJPY.sml | AI watchlist candidate
[2026-04-29 17:25:05.330390] [SCAN] Analyzing USDJPY.sml

==============================
Time: 2026-04-29 17:25:05.955672
SIGNAL: {'time': Timestamp('2026-04-29 13:20:00'), 'symbol': 'USDJPY.sml', 'side': 'NO_TRADE', 'price': 159.779, 'reason': 'no Donchian breakout'}
[NO_TRADE] USDJPY.sml No trade
[2026-04-29 17:25:05.955911] [SELECT] Trading symbol switched: USDJPY.sml -> EURJPY | AI watchlist candidate
[2026-04-29 17:25:05.955953] [SCAN] Analyzing EURJPY

==============================
Time: 2026-04-29 17:25:06.638343
SIGNAL: {'time': Timestamp('2026-04-29 13:20:00'), 'symbol': 'EURJPY', 'side': 'NO_TRADE', 'price': 186.914, 'reason': 'no Donchian breakout'}
[NO_TRADE] EURJPY No trade
[2026-04-29 17:25:06.638505] [WAIT] No order from AI watchlist this round
[2026-04-29 17:26:06.639927] [AI] Using cached daily forex scan from 2026-04-29 14:00:15 | symbols=EURUSD.sml, GBPUSD.sml, XAUUSD.sml, USDJPY.sml, EURJPY
[2026-04-29 17:26:06.640417] [WATCHLIST] AI watchlist scan: EURUSD.sml, GBPUSD.sml, XAUUSD.sml, USDJPY.sml, EURJPY
[2026-04-29 17:26:06.640680] [SELECT] Trading symbol switched: EURJPY -> EURUSD.sml | AI watchlist candidate
[2026-04-29 17:26:06.640766] [SCAN] Analyzing EURUSD.sml
[2026-04-29 17:26:07.278032] [NO_TRADE] EURUSD.sml already checked candle 2026-04-29 13:20:00
[2026-04-29 17:26:07.278231] [SELECT] Trading symbol switched: EURUSD.sml -> GBPUSD.sml | AI watchlist candidate
[2026-04-29 17:26:07.278274] [SCAN] Analyzing GBPUSD.sml
[2026-04-29 17:26:07.882961] [NO_TRADE] GBPUSD.sml already checked candle 2026-04-29 13:20:00
[2026-04-29 17:26:07.883164] [SELECT] Trading symbol switched: GBPUSD.sml -> XAUUSD.sml | AI watchlist candidate
[2026-04-29 17:26:07.883205] [SCAN] Analyzing XAUUSD.sml
[2026-04-29 17:26:08.183183] [NO_TRADE] XAUUSD.sml Spread too wide: 350.0 points > 80
[2026-04-29 17:26:08.183350] [SELECT] Trading symbol switched: XAUUSD.sml -> USDJPY.sml | AI watchlist candidate
[2026-04-29 17:26:08.183389] [SCAN] Analyzing USDJPY.sml
[2026-04-29 17:26:08.858901] [NO_TRADE] USDJPY.sml already checked candle 2026-04-29 13:20:00
[2026-04-29 17:26:08.859117] [SELECT] Trading symbol switched: USDJPY.sml -> EURJPY | AI watchlist candidate
[2026-04-29 17:26:08.859158] [SCAN] Analyzing EURJPY
[2026-04-29 17:26:09.466040] [NO_TRADE] EURJPY already checked candle 2026-04-29 13:20:00
[2026-04-29 17:26:09.466141] [WAIT] No order from AI watchlist this round
[2026-04-29 17:27:09.467523] [AI] Using cached daily forex scan from 2026-04-29 14:00:15 | symbols=EURUSD.sml, GBPUSD.sml, XAUUSD.sml, USDJPY.sml, EURJPY
[2026-04-29 17:27:09.468422] [WATCHLIST] AI watchlist scan: EURUSD.sml, GBPUSD.sml, XAUUSD.sml, USDJPY.sml, EURJPY
[2026-04-29 17:27:09.468805] [SELECT] Trading symbol switched: EURJPY -> EURUSD.sml | AI watchlist candidate
[2026-04-29 17:27:09.468894] [SCAN] Analyzing EURUSD.sml
[2026-04-29 17:27:10.053553] [NO_TRADE] EURUSD.sml already checked candle 2026-04-29 13:20:00
[2026-04-29 17:27:10.053763] [SELECT] Trading symbol switched: EURUSD.sml -> GBPUSD.sml | AI watchlist candidate
[2026-04-29 17:27:10.053805] [SCAN] Analyzing GBPUSD.sml
[2026-04-29 17:27:10.698291] [NO_TRADE] GBPUSD.sml already checked candle 2026-04-29 13:20:00
[2026-04-29 17:27:10.698498] [SELECT] Trading symbol switched: GBPUSD.sml -> XAUUSD.sml | AI watchlist candidate
[2026-04-29 17:27:10.698540] [SCAN] Analyzing XAUUSD.sml
[2026-04-29 17:27:10.992000] [NO_TRADE] XAUUSD.sml Spread too wide: 380.0 points > 80
[2026-04-29 17:27:10.992207] [SELECT] Trading symbol switched: XAUUSD.sml -> USDJPY.sml | AI watchlist candidate
[2026-04-29 17:27:10.992261] [SCAN] Analyzing USDJPY.sml
[2026-04-29 17:27:11.599887] [NO_TRADE] USDJPY.sml already checked candle 2026-04-29 13:20:00
[2026-04-29 17:27:11.600141] [SELECT] Trading symbol switched: USDJPY.sml -> EURJPY | AI watchlist candidate
[2026-04-29 17:27:11.600200] [SCAN] Analyzing EURJPY
[2026-04-29 17:27:12.203983] [NO_TRADE] EURJPY already checked candle 2026-04-29 13:20:00
[2026-04-29 17:27:12.204125] [WAIT] No order from AI watchlist this round
[2026-04-29 17:28:12.205702] [AI] Using cached daily forex scan from 2026-04-29 14:00:15 | symbols=EURUSD.sml, GBPUSD.sml, XAUUSD.sml, USDJPY.sml, EURJPY
[2026-04-29 17:28:12.206168] [WATCHLIST] AI watchlist scan: EURUSD.sml, GBPUSD.sml, XAUUSD.sml, USDJPY.sml, EURJPY
[2026-04-29 17:28:12.206426] [SELECT] Trading symbol switched: EURJPY -> EURUSD.sml | AI watchlist candidate
[2026-04-29 17:28:12.206490] [SCAN] Analyzing EURUSD.sml
[2026-04-29 17:28:12.813870] [NO_TRADE] EURUSD.sml already checked candle 2026-04-29 13:20:00
[2026-04-29 17:28:12.814071] [SELECT] Trading symbol switched: EURUSD.sml -> GBPUSD.sml | AI watchlist candidate
[2026-04-29 17:28:12.814111] [SCAN] Analyzing GBPUSD.sml
[2026-04-29 17:28:13.419325] [NO_TRADE] GBPUSD.sml already checked candle 2026-04-29 13:20:00
[2026-04-29 17:28:13.419522] [SELECT] Trading symbol switched: GBPUSD.sml -> XAUUSD.sml | AI watchlist candidate
[2026-04-29 17:28:13.419566] [SCAN] Analyzing XAUUSD.sml
[2026-04-29 17:28:13.720395] [NO_TRADE] XAUUSD.sml Spread too wide: 300.0 points > 80
[2026-04-29 17:28:13.720696] [SELECT] Trading symbol switched: XAUUSD.sml -> USDJPY.sml | AI watchlist candidate
[2026-04-29 17:28:13.720761] [SCAN] Analyzing USDJPY.sml
[2026-04-29 17:28:14.329978] [NO_TRADE] USDJPY.sml already checked candle 2026-04-29 13:20:00
[2026-04-29 17:28:14.330229] [SELECT] Trading symbol switched: USDJPY.sml -> EURJPY | AI watchlist candidate
[2026-04-29 17:28:14.330282] [SCAN] Analyzing EURJPY
[2026-04-29 17:28:14.951083] [NO_TRADE] EURJPY already checked candle 2026-04-29 13:20:00
[2026-04-29 17:28:14.951165] [WAIT] No order from AI watchlist this round
[2026-04-29 17:29:14.953417] [AI] Using cached daily forex scan from 2026-04-29 14:00:15 | symbols=EURUSD.sml, GBPUSD.sml, XAUUSD.sml, USDJPY.sml, EURJPY
[2026-04-29 17:29:14.954276] [WATCHLIST] AI watchlist scan: EURUSD.sml, GBPUSD.sml, XAUUSD.sml, USDJPY.sml, EURJPY
[2026-04-29 17:29:14.954646] [SELECT] Trading symbol switched: EURJPY -> EURUSD.sml | AI watchlist candidate
[2026-04-29 17:29:14.954732] [SCAN] Analyzing EURUSD.sml
[2026-04-29 17:29:15.559754] [NO_TRADE] EURUSD.sml already checked candle 2026-04-29 13:20:00
[2026-04-29 17:29:15.559953] [SELECT] Trading symbol switched: EURUSD.sml -> GBPUSD.sml | AI watchlist candidate
[2026-04-29 17:29:15.559994] [SCAN] Analyzing GBPUSD.sml
[2026-04-29 17:29:16.165751] [NO_TRADE] GBPUSD.sml already checked candle 2026-04-29 13:20:00
[2026-04-29 17:29:16.165982] [SELECT] Trading symbol switched: GBPUSD.sml -> XAUUSD.sml | AI watchlist candidate
[2026-04-29 17:29:16.166025] [SCAN] Analyzing XAUUSD.sml
[2026-04-29 17:29:16.482126] [NO_TRADE] XAUUSD.sml Spread too wide: 380.0 points > 80
[2026-04-29 17:29:16.482308] [SELECT] Trading symbol switched: XAUUSD.sml -> USDJPY.sml | AI watchlist candidate
[2026-04-29 17:29:16.482352] [SCAN] Analyzing USDJPY.sml
[2026-04-29 17:29:17.094877] [NO_TRADE] USDJPY.sml already checked candle 2026-04-29 13:20:00
[2026-04-29 17:29:17.095097] [SELECT] Trading symbol switched: USDJPY.sml -> EURJPY | AI watchlist candidate
[2026-04-29 17:29:17.095161] [SCAN] Analyzing EURJPY
[2026-04-29 17:29:17.771204] [NO_TRADE] EURJPY already checked candle 2026-04-29 13:20:00
[2026-04-29 17:29:17.771308] [WAIT] No order from AI watchlist this round
[2026-04-29 17:30:17.773048] [AI] Using cached daily forex scan from 2026-04-29 14:00:15 | symbols=EURUSD.sml, GBPUSD.sml, XAUUSD.sml, USDJPY.sml, EURJPY
[2026-04-29 17:30:17.773618] [WATCHLIST] AI watchlist scan: EURUSD.sml, GBPUSD.sml, XAUUSD.sml, USDJPY.sml, EURJPY
[2026-04-29 17:30:17.773879] [SELECT] Trading symbol switched: EURJPY -> EURUSD.sml | AI watchlist candidate
[2026-04-29 17:30:17.773952] [SCAN] Analyzing EURUSD.sml

==============================
Time: 2026-04-29 17:30:18.422630
SIGNAL: {'time': Timestamp('2026-04-29 13:25:00'), 'symbol': 'EURUSD.sml', 'side': 'NO_TRADE', 'price': 1.17012, 'reason': 'no Donchian breakout'}
[NO_TRADE] EURUSD.sml No trade
[2026-04-29 17:30:18.422864] [SELECT] Trading symbol switched: EURUSD.sml -> GBPUSD.sml | AI watchlist candidate
[2026-04-29 17:30:18.422906] [SCAN] Analyzing GBPUSD.sml

==============================
Time: 2026-04-29 17:30:19.052142
SIGNAL: {'time': Timestamp('2026-04-29 13:25:00'), 'symbol': 'GBPUSD.sml', 'side': 'NO_TRADE', 'price': 1.3506, 'reason': 'no Donchian breakout'}
[NO_TRADE] GBPUSD.sml No trade
[2026-04-29 17:30:19.052446] [SELECT] Trading symbol switched: GBPUSD.sml -> XAUUSD.sml | AI watchlist candidate
[2026-04-29 17:30:19.052488] [SCAN] Analyzing XAUUSD.sml
[2026-04-29 17:30:19.437334] [NO_TRADE] XAUUSD.sml Spread too wide: 600.0 points > 80
[2026-04-29 17:30:19.437505] [SELECT] Trading symbol switched: XAUUSD.sml -> USDJPY.sml | AI watchlist candidate
[2026-04-29 17:30:19.437546] [SCAN] Analyzing USDJPY.sml

==============================
Time: 2026-04-29 17:30:20.153708
SIGNAL: {'time': Timestamp('2026-04-29 13:25:00'), 'symbol': 'USDJPY.sml', 'side': 'NO_TRADE', 'price': 159.789, 'reason': 'no Donchian breakout'}
[NO_TRADE] USDJPY.sml No trade
[2026-04-29 17:30:20.154063] [SELECT] Trading symbol switched: USDJPY.sml -> EURJPY | AI watchlist candidate
[2026-04-29 17:30:20.154132] [SCAN] Analyzing EURJPY

==============================
Time: 2026-04-29 17:30:20.825330
SIGNAL: {'time': Timestamp('2026-04-29 13:25:00'), 'symbol': 'EURJPY', 'side': 'NO_TRADE', 'price': 186.913, 'reason': 'no Donchian breakout'}
[NO_TRADE] EURJPY No trade
[2026-04-29 17:30:20.825446] [WAIT] No order from AI watchlist this round
[2026-04-29 17:31:20.827523] [AI] Using cached daily forex scan from 2026-04-29 14:00:15 | symbols=EURUSD.sml, GBPUSD.sml, XAUUSD.sml, USDJPY.sml, EURJPY
[2026-04-29 17:31:20.828702] [WATCHLIST] AI watchlist scan: EURUSD.sml, GBPUSD.sml, XAUUSD.sml, USDJPY.sml, EURJPY
[2026-04-29 17:31:20.829189] [SELECT] Trading symbol switched: EURJPY -> EURUSD.sml | AI watchlist candidate
[2026-04-29 17:31:20.829333] [SCAN] Analyzing EURUSD.sml
[2026-04-29 17:31:21.445027] [NO_TRADE] EURUSD.sml already checked candle 2026-04-29 13:25:00
[2026-04-29 17:31:21.445225] [SELECT] Trading symbol switched: EURUSD.sml -> GBPUSD.sml | AI watchlist candidate
[2026-04-29 17:31:21.445266] [SCAN] Analyzing GBPUSD.sml
[2026-04-29 17:31:22.051496] [NO_TRADE] GBPUSD.sml already checked candle 2026-04-29 13:25:00
[2026-04-29 17:31:22.051717] [SELECT] Trading symbol switched: GBPUSD.sml -> XAUUSD.sml | AI watchlist candidate
[2026-04-29 17:31:22.051800] [SCAN] Analyzing XAUUSD.sml
[2026-04-29 17:31:22.413043] [NO_TRADE] XAUUSD.sml Spread too wide: 550.0 points > 80
[2026-04-29 17:31:22.413209] [SELECT] Trading symbol switched: XAUUSD.sml -> USDJPY.sml | AI watchlist candidate
[2026-04-29 17:31:22.413249] [SCAN] Analyzing USDJPY.sml
[2026-04-29 17:31:23.063267] [NO_TRADE] USDJPY.sml already checked candle 2026-04-29 13:25:00
[2026-04-29 17:31:23.063521] [SELECT] Trading symbol switched: USDJPY.sml -> EURJPY | AI watchlist candidate
[2026-04-29 17:31:23.063565] [SCAN] Analyzing EURJPY
[2026-04-29 17:31:23.698588] [NO_TRADE] EURJPY already checked candle 2026-04-29 13:25:00
[2026-04-29 17:31:23.698700] [WAIT] No order from AI watchlist this round
[2026-04-29 17:32:23.700557] [AI] Using cached daily forex scan from 2026-04-29 14:00:15 | symbols=EURUSD.sml, GBPUSD.sml, XAUUSD.sml, USDJPY.sml, EURJPY
[2026-04-29 17:32:23.701424] [WATCHLIST] AI watchlist scan: EURUSD.sml, GBPUSD.sml, XAUUSD.sml, USDJPY.sml, EURJPY
[2026-04-29 17:32:23.701643] [SELECT] Trading symbol switched: EURJPY -> EURUSD.sml | AI watchlist candidate
[2026-04-29 17:32:23.701693] [SCAN] Analyzing EURUSD.sml
[2026-04-29 17:32:24.401307] [NO_TRADE] EURUSD.sml already checked candle 2026-04-29 13:25:00
[2026-04-29 17:32:24.401516] [SELECT] Trading symbol switched: EURUSD.sml -> GBPUSD.sml | AI watchlist candidate
[2026-04-29 17:32:24.401560] [SCAN] Analyzing GBPUSD.sml
[2026-04-29 17:32:25.024072] [NO_TRADE] GBPUSD.sml already checked candle 2026-04-29 13:25:00
[2026-04-29 17:32:25.024281] [SELECT] Trading symbol switched: GBPUSD.sml -> XAUUSD.sml | AI watchlist candidate
[2026-04-29 17:32:25.024322] [SCAN] Analyzing XAUUSD.sml
[2026-04-29 17:32:25.329966] [NO_TRADE] XAUUSD.sml Spread too wide: 420.0 points > 80
[2026-04-29 17:32:25.330130] [SELECT] Trading symbol switched: XAUUSD.sml -> USDJPY.sml | AI watchlist candidate
[2026-04-29 17:32:25.330186] [SCAN] Analyzing USDJPY.sml
[2026-04-29 17:32:25.940782] [NO_TRADE] USDJPY.sml already checked candle 2026-04-29 13:25:00
[2026-04-29 17:32:25.940998] [SELECT] Trading symbol switched: USDJPY.sml -> EURJPY | AI watchlist candidate
[2026-04-29 17:32:25.941043] [SCAN] Analyzing EURJPY
[2026-04-29 17:32:26.550835] [NO_TRADE] EURJPY already checked candle 2026-04-29 13:25:00
[2026-04-29 17:32:26.550926] [WAIT] No order from AI watchlist this round
[2026-04-29 17:33:26.552418] [AI] Using cached daily forex scan from 2026-04-29 14:00:15 | symbols=EURUSD.sml, GBPUSD.sml, XAUUSD.sml, USDJPY.sml, EURJPY
[2026-04-29 17:33:26.553044] [WATCHLIST] AI watchlist scan: EURUSD.sml, GBPUSD.sml, XAUUSD.sml, USDJPY.sml, EURJPY
[2026-04-29 17:33:26.553316] [SELECT] Trading symbol switched: EURJPY -> EURUSD.sml | AI watchlist candidate
[2026-04-29 17:33:26.553374] [SCAN] Analyzing EURUSD.sml
[2026-04-29 17:33:27.228800] [NO_TRADE] EURUSD.sml already checked candle 2026-04-29 13:25:00
[2026-04-29 17:33:27.229019] [SELECT] Trading symbol switched: EURUSD.sml -> GBPUSD.sml | AI watchlist candidate
[2026-04-29 17:33:27.229066] [SCAN] Analyzing GBPUSD.sml
[2026-04-29 17:33:27.825175] [NO_TRADE] GBPUSD.sml already checked candle 2026-04-29 13:25:00
[2026-04-29 17:33:27.825377] [SELECT] Trading symbol switched: GBPUSD.sml -> XAUUSD.sml | AI watchlist candidate
[2026-04-29 17:33:27.825418] [SCAN] Analyzing XAUUSD.sml
[2026-04-29 17:33:28.129757] [NO_TRADE] XAUUSD.sml Spread too wide: 430.0 points > 80
[2026-04-29 17:33:28.129995] [SELECT] Trading symbol switched: XAUUSD.sml -> USDJPY.sml | AI watchlist candidate
[2026-04-29 17:33:28.130077] [SCAN] Analyzing USDJPY.sml
[2026-04-29 17:33:28.791172] [NO_TRADE] USDJPY.sml already checked candle 2026-04-29 13:25:00
[2026-04-29 17:33:28.791391] [SELECT] Trading symbol switched: USDJPY.sml -> EURJPY | AI watchlist candidate
[2026-04-29 17:33:28.791435] [SCAN] Analyzing EURJPY
[2026-04-29 17:33:29.395763] [NO_TRADE] EURJPY already checked candle 2026-04-29 13:25:00
[2026-04-29 17:33:29.395871] [WAIT] No order from AI watchlist this round
[2026-04-29 17:34:29.397359] [AI] Using cached daily forex scan from 2026-04-29 14:00:15 | symbols=EURUSD.sml, GBPUSD.sml, XAUUSD.sml, USDJPY.sml, EURJPY
[2026-04-29 17:34:29.397997] [WATCHLIST] AI watchlist scan: EURUSD.sml, GBPUSD.sml, XAUUSD.sml, USDJPY.sml, EURJPY
[2026-04-29 17:34:29.398445] [SELECT] Trading symbol switched: EURJPY -> EURUSD.sml | AI watchlist candidate
[2026-04-29 17:34:29.398621] [SCAN] Analyzing EURUSD.sml
[2026-04-29 17:34:29.973897] [NO_TRADE] EURUSD.sml already checked candle 2026-04-29 13:25:00
[2026-04-29 17:34:29.974087] [SELECT] Trading symbol switched: EURUSD.sml -> GBPUSD.sml | AI watchlist candidate
[2026-04-29 17:34:29.974129] [SCAN] Analyzing GBPUSD.sml
[2026-04-29 17:34:30.670791] [NO_TRADE] GBPUSD.sml already checked candle 2026-04-29 13:25:00
[2026-04-29 17:34:30.671025] [SELECT] Trading symbol switched: GBPUSD.sml -> XAUUSD.sml | AI watchlist candidate
[2026-04-29 17:34:30.671071] [SCAN] Analyzing XAUUSD.sml
[2026-04-29 17:34:30.978670] [NO_TRADE] XAUUSD.sml Spread too wide: 380.0 points > 80
[2026-04-29 17:34:30.978888] [SELECT] Trading symbol switched: XAUUSD.sml -> USDJPY.sml | AI watchlist candidate
[2026-04-29 17:34:30.978974] [SCAN] Analyzing USDJPY.sml
[2026-04-29 17:34:31.604541] [NO_TRADE] USDJPY.sml already checked candle 2026-04-29 13:25:00
[2026-04-29 17:34:31.604781] [SELECT] Trading symbol switched: USDJPY.sml -> EURJPY | AI watchlist candidate
[2026-04-29 17:34:31.604839] [SCAN] Analyzing EURJPY
[2026-04-29 17:34:32.225845] [NO_TRADE] EURJPY already checked candle 2026-04-29 13:25:00
[2026-04-29 17:34:32.225948] [WAIT] No order from AI watchlist this round
[2026-04-29 17:35:32.227106] [AI] Using cached daily forex scan from 2026-04-29 14:00:15 | symbols=EURUSD.sml, GBPUSD.sml, XAUUSD.sml, USDJPY.sml, EURJPY
[2026-04-29 17:35:32.227582] [WATCHLIST] AI watchlist scan: EURUSD.sml, GBPUSD.sml, XAUUSD.sml, USDJPY.sml, EURJPY
[2026-04-29 17:35:32.227814] [SELECT] Trading symbol switched: EURJPY -> EURUSD.sml | AI watchlist candidate
[2026-04-29 17:35:32.227863] [SCAN] Analyzing EURUSD.sml

==============================
Time: 2026-04-29 17:35:33.041556
SIGNAL: {'time': Timestamp('2026-04-29 13:30:00'), 'symbol': 'EURUSD.sml', 'side': 'NO_TRADE', 'price': 1.1700599999999999, 'reason': 'no Donchian breakout'}
[NO_TRADE] EURUSD.sml No trade
[2026-04-29 17:35:33.041826] [SELECT] Trading symbol switched: EURUSD.sml -> GBPUSD.sml | AI watchlist candidate
[2026-04-29 17:35:33.041889] [SCAN] Analyzing GBPUSD.sml

==============================
Time: 2026-04-29 17:35:33.745180
SIGNAL: {'time': Timestamp('2026-04-29 13:30:00'), 'symbol': 'GBPUSD.sml', 'side': 'NO_TRADE', 'price': 1.35069, 'reason': 'no Donchian breakout'}
[NO_TRADE] GBPUSD.sml No trade
[2026-04-29 17:35:33.745388] [SELECT] Trading symbol switched: GBPUSD.sml -> XAUUSD.sml | AI watchlist candidate
[2026-04-29 17:35:33.745428] [SCAN] Analyzing XAUUSD.sml
[2026-04-29 17:35:34.115317] [NO_TRADE] XAUUSD.sml Spread too wide: 460.0 points > 80
[2026-04-29 17:35:34.115490] [SELECT] Trading symbol switched: XAUUSD.sml -> USDJPY.sml | AI watchlist candidate
[2026-04-29 17:35:34.115529] [SCAN] Analyzing USDJPY.sml

==============================
Time: 2026-04-29 17:35:34.772617
SIGNAL: {'time': Timestamp('2026-04-29 13:30:00'), 'symbol': 'USDJPY.sml', 'side': 'NO_TRADE', 'price': 159.765, 'reason': 'no Donchian breakout'}
[NO_TRADE] USDJPY.sml No trade
[2026-04-29 17:35:34.772834] [SELECT] Trading symbol switched: USDJPY.sml -> EURJPY | AI watchlist candidate
[2026-04-29 17:35:34.772875] [SCAN] Analyzing EURJPY

==============================
Time: 2026-04-29 17:35:35.400825
SIGNAL: {'time': Timestamp('2026-04-29 13:30:00'), 'symbol': 'EURJPY', 'side': 'NO_TRADE', 'price': 186.877, 'reason': 'no Donchian breakout'}
[NO_TRADE] EURJPY No trade
[2026-04-29 17:35:35.400967] [WAIT] No order from AI watchlist this round
[2026-04-29 17:36:35.402020] [AI] Using cached daily forex scan from 2026-04-29 14:00:15 | symbols=EURUSD.sml, GBPUSD.sml, XAUUSD.sml, USDJPY.sml, EURJPY
[2026-04-29 17:36:35.402325] [WATCHLIST] AI watchlist scan: EURUSD.sml, GBPUSD.sml, XAUUSD.sml, USDJPY.sml, EURJPY
[2026-04-29 17:36:35.402504] [SELECT] Trading symbol switched: EURJPY -> EURUSD.sml | AI watchlist candidate
[2026-04-29 17:36:35.402548] [SCAN] Analyzing EURUSD.sml
[2026-04-29 17:36:35.982234] [NO_TRADE] EURUSD.sml already checked candle 2026-04-29 13:30:00
[2026-04-29 17:36:35.982436] [SELECT] Trading symbol switched: EURUSD.sml -> GBPUSD.sml | AI watchlist candidate
[2026-04-29 17:36:35.982477] [SCAN] Analyzing GBPUSD.sml
[2026-04-29 17:36:36.605221] [NO_TRADE] GBPUSD.sml already checked candle 2026-04-29 13:30:00
[2026-04-29 17:36:36.605433] [SELECT] Trading symbol switched: GBPUSD.sml -> XAUUSD.sml | AI watchlist candidate
[2026-04-29 17:36:36.605480] [SCAN] Analyzing XAUUSD.sml
[2026-04-29 17:36:36.905728] [NO_TRADE] XAUUSD.sml Spread too wide: 570.0 points > 80
[2026-04-29 17:36:36.905897] [SELECT] Trading symbol switched: XAUUSD.sml -> USDJPY.sml | AI watchlist candidate
[2026-04-29 17:36:36.905938] [SCAN] Analyzing USDJPY.sml
[2026-04-29 17:36:37.515618] [NO_TRADE] USDJPY.sml already checked candle 2026-04-29 13:30:00
[2026-04-29 17:36:37.515869] [SELECT] Trading symbol switched: USDJPY.sml -> EURJPY | AI watchlist candidate
[2026-04-29 17:36:37.515927] [SCAN] Analyzing EURJPY
[2026-04-29 17:36:38.103211] [NO_TRADE] EURJPY already checked candle 2026-04-29 13:30:00
[2026-04-29 17:36:38.103320] [WAIT] No order from AI watchlist this round
[2026-04-29 17:37:38.104918] [AI] Using cached daily forex scan from 2026-04-29 14:00:15 | symbols=EURUSD.sml, GBPUSD.sml, XAUUSD.sml, USDJPY.sml, EURJPY
[2026-04-29 17:37:38.105746] [WATCHLIST] AI watchlist scan: EURUSD.sml, GBPUSD.sml, XAUUSD.sml, USDJPY.sml, EURJPY
[2026-04-29 17:37:38.106270] [SELECT] Trading symbol switched: EURJPY -> EURUSD.sml | AI watchlist candidate
[2026-04-29 17:37:38.106398] [SCAN] Analyzing EURUSD.sml
[2026-04-29 17:37:38.753799] [NO_TRADE] EURUSD.sml already checked candle 2026-04-29 13:30:00
[2026-04-29 17:37:38.753994] [SELECT] Trading symbol switched: EURUSD.sml -> GBPUSD.sml | AI watchlist candidate
[2026-04-29 17:37:38.754038] [SCAN] Analyzing GBPUSD.sml
[2026-04-29 17:37:39.352044] [NO_TRADE] GBPUSD.sml already checked candle 2026-04-29 13:30:00
[2026-04-29 17:37:39.352282] [SELECT] Trading symbol switched: GBPUSD.sml -> XAUUSD.sml | AI watchlist candidate
[2026-04-29 17:37:39.352345] [SCAN] Analyzing XAUUSD.sml
[2026-04-29 17:37:39.735205] [NO_TRADE] XAUUSD.sml Spread too wide: 420.0 points > 80
[2026-04-29 17:37:39.735412] [SELECT] Trading symbol switched: XAUUSD.sml -> USDJPY.sml | AI watchlist candidate
[2026-04-29 17:37:39.735458] [SCAN] Analyzing USDJPY.sml
[2026-04-29 17:37:40.375135] [NO_TRADE] USDJPY.sml already checked candle 2026-04-29 13:30:00
[2026-04-29 17:37:40.375347] [SELECT] Trading symbol switched: USDJPY.sml -> EURJPY | AI watchlist candidate
[2026-04-29 17:37:40.375389] [SCAN] Analyzing EURJPY
[2026-04-29 17:37:40.976619] [NO_TRADE] EURJPY already checked candle 2026-04-29 13:30:00
[2026-04-29 17:37:40.976719] [WAIT] No order from AI watchlist this round
[2026-04-29 17:38:40.977910] [AI] Using cached daily forex scan from 2026-04-29 14:00:15 | symbols=EURUSD.sml, GBPUSD.sml, XAUUSD.sml, USDJPY.sml, EURJPY
[2026-04-29 17:38:40.978454] [WATCHLIST] AI watchlist scan: EURUSD.sml, GBPUSD.sml, XAUUSD.sml, USDJPY.sml, EURJPY
[2026-04-29 17:38:40.978698] [SELECT] Trading symbol switched: EURJPY -> EURUSD.sml | AI watchlist candidate
[2026-04-29 17:38:40.978749] [SCAN] Analyzing EURUSD.sml
[2026-04-29 17:38:41.795839] [NO_TRADE] EURUSD.sml already checked candle 2026-04-29 13:30:00
[2026-04-29 17:38:41.796098] [SELECT] Trading symbol switched: EURUSD.sml -> GBPUSD.sml | AI watchlist candidate
[2026-04-29 17:38:41.796183] [SCAN] Analyzing GBPUSD.sml
[2026-04-29 17:38:42.684152] [NO_TRADE] GBPUSD.sml already checked candle 2026-04-29 13:30:00
[2026-04-29 17:38:42.684403] [SELECT] Trading symbol switched: GBPUSD.sml -> XAUUSD.sml | AI watchlist candidate
[2026-04-29 17:38:42.684475] [SCAN] Analyzing XAUUSD.sml
[2026-04-29 17:38:43.085523] [NO_TRADE] XAUUSD.sml Spread too wide: 580.0 points > 80
[2026-04-29 17:38:43.085746] [SELECT] Trading symbol switched: XAUUSD.sml -> USDJPY.sml | AI watchlist candidate
[2026-04-29 17:38:43.085797] [SCAN] Analyzing USDJPY.sml
[2026-04-29 17:38:43.876496] [NO_TRADE] USDJPY.sml already checked candle 2026-04-29 13:30:00
[2026-04-29 17:38:43.876745] [SELECT] Trading symbol switched: USDJPY.sml -> EURJPY | AI watchlist candidate
[2026-04-29 17:38:43.876802] [SCAN] Analyzing EURJPY
[2026-04-29 17:38:44.655097] [NO_TRADE] EURJPY already checked candle 2026-04-29 13:30:00
[2026-04-29 17:38:44.655215] [WAIT] No order from AI watchlist this round
[2026-04-29 17:39:44.657539] [AI] Using cached daily forex scan from 2026-04-29 14:00:15 | symbols=EURUSD.sml, GBPUSD.sml, XAUUSD.sml, USDJPY.sml, EURJPY
[2026-04-29 17:39:44.658314] [WATCHLIST] AI watchlist scan: EURUSD.sml, GBPUSD.sml, XAUUSD.sml, USDJPY.sml, EURJPY
[2026-04-29 17:39:44.658731] [SELECT] Trading symbol switched: EURJPY -> EURUSD.sml | AI watchlist candidate
[2026-04-29 17:39:44.658833] [SCAN] Analyzing EURUSD.sml
[2026-04-29 17:39:45.229057] [NO_TRADE] EURUSD.sml already checked candle 2026-04-29 13:30:00
[2026-04-29 17:39:45.229254] [SELECT] Trading symbol switched: EURUSD.sml -> GBPUSD.sml | AI watchlist candidate
[2026-04-29 17:39:45.229294] [SCAN] Analyzing GBPUSD.sml
[2026-04-29 17:39:45.924496] [NO_TRADE] GBPUSD.sml already checked candle 2026-04-29 13:30:00
[2026-04-29 17:39:45.924707] [SELECT] Trading symbol switched: GBPUSD.sml -> XAUUSD.sml | AI watchlist candidate
[2026-04-29 17:39:45.924751] [SCAN] Analyzing XAUUSD.sml
[2026-04-29 17:39:46.222706] [NO_TRADE] XAUUSD.sml Spread too wide: 640.0 points > 80
[2026-04-29 17:39:46.222886] [SELECT] Trading symbol switched: XAUUSD.sml -> USDJPY.sml | AI watchlist candidate
[2026-04-29 17:39:46.222938] [SCAN] Analyzing USDJPY.sml
[2026-04-29 17:39:46.855329] [NO_TRADE] USDJPY.sml already checked candle 2026-04-29 13:30:00
[2026-04-29 17:39:46.855545] [SELECT] Trading symbol switched: USDJPY.sml -> EURJPY | AI watchlist candidate
[2026-04-29 17:39:46.855586] [SCAN] Analyzing EURJPY
[2026-04-29 17:39:47.480256] [NO_TRADE] EURJPY already checked candle 2026-04-29 13:30:00
[2026-04-29 17:39:47.480350] [WAIT] No order from AI watchlist this round
[2026-04-29 17:40:47.481571] [AI] Using cached daily forex scan from 2026-04-29 14:00:15 | symbols=EURUSD.sml, GBPUSD.sml, XAUUSD.sml, USDJPY.sml, EURJPY
[2026-04-29 17:40:47.482086] [WATCHLIST] AI watchlist scan: EURUSD.sml, GBPUSD.sml, XAUUSD.sml, USDJPY.sml, EURJPY
[2026-04-29 17:40:47.482331] [SELECT] Trading symbol switched: EURJPY -> EURUSD.sml | AI watchlist candidate
[2026-04-29 17:40:47.482394] [SCAN] Analyzing EURUSD.sml

==============================
Time: 2026-04-29 17:40:48.329110
SIGNAL: {'time': Timestamp('2026-04-29 13:35:00'), 'symbol': 'EURUSD.sml', 'side': 'NO_TRADE', 'price': 1.17007, 'reason': 'no Donchian breakout'}
[NO_TRADE] EURUSD.sml No trade
[2026-04-29 17:40:48.329410] [SELECT] Trading symbol switched: EURUSD.sml -> GBPUSD.sml | AI watchlist candidate
[2026-04-29 17:40:48.329465] [SCAN] Analyzing GBPUSD.sml

==============================
Time: 2026-04-29 17:40:49.163213
SIGNAL: {'time': Timestamp('2026-04-29 13:35:00'), 'symbol': 'GBPUSD.sml', 'side': 'NO_TRADE', 'price': 1.35074, 'reason': 'no Donchian breakout'}
[NO_TRADE] GBPUSD.sml No trade
[2026-04-29 17:40:49.163519] [SELECT] Trading symbol switched: GBPUSD.sml -> XAUUSD.sml | AI watchlist candidate
[2026-04-29 17:40:49.163581] [SCAN] Analyzing XAUUSD.sml
[2026-04-29 17:40:49.564719] [NO_TRADE] XAUUSD.sml Spread too wide: 360.0 points > 80
[2026-04-29 17:40:49.564934] [SELECT] Trading symbol switched: XAUUSD.sml -> USDJPY.sml | AI watchlist candidate
[2026-04-29 17:40:49.564974] [SCAN] Analyzing USDJPY.sml

==============================
Time: 2026-04-29 17:40:50.369782
SIGNAL: {'time': Timestamp('2026-04-29 13:35:00'), 'symbol': 'USDJPY.sml', 'side': 'NO_TRADE', 'price': 159.766, 'reason': 'no Donchian breakout'}
[NO_TRADE] USDJPY.sml No trade
[2026-04-29 17:40:50.370095] [SELECT] Trading symbol switched: USDJPY.sml -> EURJPY | AI watchlist candidate
[2026-04-29 17:40:50.370156] [SCAN] Analyzing EURJPY

==============================
Time: 2026-04-29 17:40:51.300021
SIGNAL: {'time': Timestamp('2026-04-29 13:35:00'), 'symbol': 'EURJPY', 'side': 'NO_TRADE', 'price': 186.879, 'reason': 'no Donchian breakout'}
[NO_TRADE] EURJPY No trade
[2026-04-29 17:40:51.300129] [WAIT] No order from AI watchlist this round
[2026-04-29 17:41:51.301406] [AI] Using cached daily forex scan from 2026-04-29 14:00:15 | symbols=EURUSD.sml, GBPUSD.sml, XAUUSD.sml, USDJPY.sml, EURJPY
[2026-04-29 17:41:51.301942] [WATCHLIST] AI watchlist scan: EURUSD.sml, GBPUSD.sml, XAUUSD.sml, USDJPY.sml, EURJPY
[2026-04-29 17:41:51.302201] [SELECT] Trading symbol switched: EURJPY -> EURUSD.sml | AI watchlist candidate
[2026-04-29 17:41:51.302266] [SCAN] Analyzing EURUSD.sml
[2026-04-29 17:41:52.218935] [NO_TRADE] EURUSD.sml already checked candle 2026-04-29 13:35:00
[2026-04-29 17:41:52.219149] [SELECT] Trading symbol switched: EURUSD.sml -> GBPUSD.sml | AI watchlist candidate
[2026-04-29 17:41:52.219200] [SCAN] Analyzing GBPUSD.sml
[2026-04-29 17:41:53.162683] [NO_TRADE] GBPUSD.sml already checked candle 2026-04-29 13:35:00
[2026-04-29 17:41:53.163022] [SELECT] Trading symbol switched: GBPUSD.sml -> XAUUSD.sml | AI watchlist candidate
[2026-04-29 17:41:53.163082] [SCAN] Analyzing XAUUSD.sml
[2026-04-29 17:41:53.639531] [NO_TRADE] XAUUSD.sml Spread too wide: 340.0 points > 80
[2026-04-29 17:41:53.639720] [SELECT] Trading symbol switched: XAUUSD.sml -> USDJPY.sml | AI watchlist candidate
[2026-04-29 17:41:53.639774] [SCAN] Analyzing USDJPY.sml
[2026-04-29 17:41:54.621073] [NO_TRADE] USDJPY.sml already checked candle 2026-04-29 13:35:00
[2026-04-29 17:41:54.621367] [SELECT] Trading symbol switched: USDJPY.sml -> EURJPY | AI watchlist candidate
[2026-04-29 17:41:54.621427] [SCAN] Analyzing EURJPY
[2026-04-29 17:41:55.561574] [NO_TRADE] EURJPY already checked candle 2026-04-29 13:35:00
[2026-04-29 17:41:55.561690] [WAIT] No order from AI watchlist this round
[2026-04-29 17:42:55.563587] [AI] Using cached daily forex scan from 2026-04-29 14:00:15 | symbols=EURUSD.sml, GBPUSD.sml, XAUUSD.sml, USDJPY.sml, EURJPY
[2026-04-29 17:42:55.564009] [WATCHLIST] AI watchlist scan: EURUSD.sml, GBPUSD.sml, XAUUSD.sml, USDJPY.sml, EURJPY
[2026-04-29 17:42:55.564212] [SELECT] Trading symbol switched: EURJPY -> EURUSD.sml | AI watchlist candidate
[2026-04-29 17:42:55.564261] [SCAN] Analyzing EURUSD.sml
[2026-04-29 17:42:56.353507] [NO_TRADE] EURUSD.sml already checked candle 2026-04-29 13:35:00
[2026-04-29 17:42:56.353768] [SELECT] Trading symbol switched: EURUSD.sml -> GBPUSD.sml | AI watchlist candidate
[2026-04-29 17:42:56.353814] [SCAN] Analyzing GBPUSD.sml
[2026-04-29 17:42:57.131239] [NO_TRADE] GBPUSD.sml already checked candle 2026-04-29 13:35:00
[2026-04-29 17:42:57.131442] [SELECT] Trading symbol switched: GBPUSD.sml -> XAUUSD.sml | AI watchlist candidate
[2026-04-29 17:42:57.131486] [SCAN] Analyzing XAUUSD.sml
[2026-04-29 17:42:57.522246] [NO_TRADE] XAUUSD.sml Spread too wide: 490.0 points > 80
[2026-04-29 17:42:57.522499] [SELECT] Trading symbol switched: XAUUSD.sml -> USDJPY.sml | AI watchlist candidate
[2026-04-29 17:42:57.522555] [SCAN] Analyzing USDJPY.sml
[2026-04-29 17:42:58.160973] [NO_TRADE] USDJPY.sml already checked candle 2026-04-29 13:35:00
[2026-04-29 17:42:58.161839] [SELECT] Trading symbol switched: USDJPY.sml -> EURJPY | AI watchlist candidate
[2026-04-29 17:42:58.161920] [SCAN] Analyzing EURJPY
[2026-04-29 17:42:58.773528] [NO_TRADE] EURJPY already checked candle 2026-04-29 13:35:00
[2026-04-29 17:42:58.773630] [WAIT] No order from AI watchlist this round
[2026-04-29 17:43:58.774948] [AI] Using cached daily forex scan from 2026-04-29 14:00:15 | symbols=EURUSD.sml, GBPUSD.sml, XAUUSD.sml, USDJPY.sml, EURJPY
[2026-04-29 17:43:58.775447] [WATCHLIST] AI watchlist scan: EURUSD.sml, GBPUSD.sml, XAUUSD.sml, USDJPY.sml, EURJPY
[2026-04-29 17:43:58.775684] [SELECT] Trading symbol switched: EURJPY -> EURUSD.sml | AI watchlist candidate
[2026-04-29 17:43:58.775748] [SCAN] Analyzing EURUSD.sml
[2026-04-29 17:43:59.574675] [NO_TRADE] EURUSD.sml already checked candle 2026-04-29 13:35:00
[2026-04-29 17:43:59.574895] [SELECT] Trading symbol switched: EURUSD.sml -> GBPUSD.sml | AI watchlist candidate
[2026-04-29 17:43:59.574958] [SCAN] Analyzing GBPUSD.sml
[2026-04-29 17:44:00.414645] [NO_TRADE] GBPUSD.sml already checked candle 2026-04-29 13:35:00
[2026-04-29 17:44:00.414891] [SELECT] Trading symbol switched: GBPUSD.sml -> XAUUSD.sml | AI watchlist candidate
[2026-04-29 17:44:00.414961] [SCAN] Analyzing XAUUSD.sml
[2026-04-29 17:44:00.857592] [NO_TRADE] XAUUSD.sml Spread too wide: 580.0 points > 80
[2026-04-29 17:44:00.857779] [SELECT] Trading symbol switched: XAUUSD.sml -> USDJPY.sml | AI watchlist candidate
[2026-04-29 17:44:00.857849] [SCAN] Analyzing USDJPY.sml
[2026-04-29 17:44:01.715570] [NO_TRADE] USDJPY.sml already checked candle 2026-04-29 13:35:00
[2026-04-29 17:44:01.715818] [SELECT] Trading symbol switched: USDJPY.sml -> EURJPY | AI watchlist candidate
[2026-04-29 17:44:01.715899] [SCAN] Analyzing EURJPY
[2026-04-29 17:44:02.348845] [NO_TRADE] EURJPY already checked candle 2026-04-29 13:35:00
[2026-04-29 17:44:02.348965] [WAIT] No order from AI watchlist this round
[2026-04-29 17:45:02.350701] [AI] Using cached daily forex scan from 2026-04-29 14:00:15 | symbols=EURUSD.sml, GBPUSD.sml, XAUUSD.sml, USDJPY.sml, EURJPY
[2026-04-29 17:45:02.351209] [WATCHLIST] AI watchlist scan: EURUSD.sml, GBPUSD.sml, XAUUSD.sml, USDJPY.sml, EURJPY
[2026-04-29 17:45:02.351514] [SELECT] Trading symbol switched: EURJPY -> EURUSD.sml | AI watchlist candidate
[2026-04-29 17:45:02.351574] [SCAN] Analyzing EURUSD.sml

==============================
Time: 2026-04-29 17:45:03.005988
SIGNAL: {'time': Timestamp('2026-04-29 13:40:00'), 'symbol': 'EURUSD.sml', 'side': 'NO_TRADE', 'price': 1.17012, 'reason': 'no Donchian breakout'}
[NO_TRADE] EURUSD.sml No trade
[2026-04-29 17:45:03.006383] [SELECT] Trading symbol switched: EURUSD.sml -> GBPUSD.sml | AI watchlist candidate
[2026-04-29 17:45:03.006484] [SCAN] Analyzing GBPUSD.sml

==============================
Time: 2026-04-29 17:45:03.864479
SIGNAL: {'time': Timestamp('2026-04-29 13:40:00'), 'symbol': 'GBPUSD.sml', 'side': 'NO_TRADE', 'price': 1.35063, 'reason': 'no Donchian breakout'}
[NO_TRADE] GBPUSD.sml No trade
[2026-04-29 17:45:03.864725] [SELECT] Trading symbol switched: GBPUSD.sml -> XAUUSD.sml | AI watchlist candidate
[2026-04-29 17:45:03.864779] [SCAN] Analyzing XAUUSD.sml
[2026-04-29 17:45:04.329517] [NO_TRADE] XAUUSD.sml Spread too wide: 610.0 points > 80
[2026-04-29 17:45:04.329716] [SELECT] Trading symbol switched: XAUUSD.sml -> USDJPY.sml | AI watchlist candidate
[2026-04-29 17:45:04.329788] [SCAN] Analyzing USDJPY.sml

==============================
Time: 2026-04-29 17:45:05.229880
SIGNAL: {'time': Timestamp('2026-04-29 13:40:00'), 'symbol': 'USDJPY.sml', 'side': 'NO_TRADE', 'price': 159.785, 'reason': 'no Donchian breakout'}
[NO_TRADE] USDJPY.sml No trade
[2026-04-29 17:45:05.230191] [SELECT] Trading symbol switched: USDJPY.sml -> EURJPY | AI watchlist candidate
[2026-04-29 17:45:05.230259] [SCAN] Analyzing EURJPY

==============================
Time: 2026-04-29 17:45:06.046465
SIGNAL: {'time': Timestamp('2026-04-29 13:40:00'), 'symbol': 'EURJPY', 'side': 'NO_TRADE', 'price': 186.907, 'reason': 'no Donchian breakout'}
[NO_TRADE] EURJPY No trade
[2026-04-29 17:45:06.046577] [WAIT] No order from AI watchlist this round
[2026-04-29 17:46:06.047784] [AI] Using cached daily forex scan from 2026-04-29 14:00:15 | symbols=EURUSD.sml, GBPUSD.sml, XAUUSD.sml, USDJPY.sml, EURJPY
[2026-04-29 17:46:06.048323] [WATCHLIST] AI watchlist scan: EURUSD.sml, GBPUSD.sml, XAUUSD.sml, USDJPY.sml, EURJPY
[2026-04-29 17:46:06.048570] [SELECT] Trading symbol switched: EURJPY -> EURUSD.sml | AI watchlist candidate
[2026-04-29 17:46:06.048635] [SCAN] Analyzing EURUSD.sml
[2026-04-29 17:46:06.841011] [NO_TRADE] EURUSD.sml already checked candle 2026-04-29 13:40:00
[2026-04-29 17:46:06.841314] [SELECT] Trading symbol switched: EURUSD.sml -> GBPUSD.sml | AI watchlist candidate
[2026-04-29 17:46:06.841386] [SCAN] Analyzing GBPUSD.sml
[2026-04-29 17:46:07.645847] [NO_TRADE] GBPUSD.sml already checked candle 2026-04-29 13:40:00
[2026-04-29 17:46:07.646059] [SELECT] Trading symbol switched: GBPUSD.sml -> XAUUSD.sml | AI watchlist candidate
[2026-04-29 17:46:07.646109] [SCAN] Analyzing XAUUSD.sml
[2026-04-29 17:46:08.226030] [NO_TRADE] XAUUSD.sml Spread too wide: 160.0 points > 80
[2026-04-29 17:46:08.226286] [SELECT] Trading symbol switched: XAUUSD.sml -> USDJPY.sml | AI watchlist candidate
[2026-04-29 17:46:08.226369] [SCAN] Analyzing USDJPY.sml
[2026-04-29 17:46:09.076520] [NO_TRADE] USDJPY.sml already checked candle 2026-04-29 13:40:00
[2026-04-29 17:46:09.076768] [SELECT] Trading symbol switched: USDJPY.sml -> EURJPY | AI watchlist candidate
[2026-04-29 17:46:09.076844] [SCAN] Analyzing EURJPY
[2026-04-29 17:46:09.872866] [NO_TRADE] EURJPY already checked candle 2026-04-29 13:40:00
[2026-04-29 17:46:09.872969] [WAIT] No order from AI watchlist this round
[2026-04-29 17:47:09.874281] [AI] Using cached daily forex scan from 2026-04-29 14:00:15 | symbols=EURUSD.sml, GBPUSD.sml, XAUUSD.sml, USDJPY.sml, EURJPY
[2026-04-29 17:47:09.874675] [WATCHLIST] AI watchlist scan: EURUSD.sml, GBPUSD.sml, XAUUSD.sml, USDJPY.sml, EURJPY
[2026-04-29 17:47:09.874871] [SELECT] Trading symbol switched: EURJPY -> EURUSD.sml | AI watchlist candidate
[2026-04-29 17:47:09.874917] [SCAN] Analyzing EURUSD.sml
[2026-04-29 17:47:10.558299] [NO_TRADE] EURUSD.sml already checked candle 2026-04-29 13:40:00
[2026-04-29 17:47:10.558525] [SELECT] Trading symbol switched: EURUSD.sml -> GBPUSD.sml | AI watchlist candidate
[2026-04-29 17:47:10.558587] [SCAN] Analyzing GBPUSD.sml
[2026-04-29 17:47:11.285358] [NO_TRADE] GBPUSD.sml already checked candle 2026-04-29 13:40:00
[2026-04-29 17:47:11.285603] [SELECT] Trading symbol switched: GBPUSD.sml -> XAUUSD.sml | AI watchlist candidate
[2026-04-29 17:47:11.285664] [SCAN] Analyzing XAUUSD.sml
[2026-04-29 17:47:11.587920] [NO_TRADE] XAUUSD.sml Spread too wide: 170.0 points > 80
[2026-04-29 17:47:11.588103] [SELECT] Trading symbol switched: XAUUSD.sml -> USDJPY.sml | AI watchlist candidate
[2026-04-29 17:47:11.588146] [SCAN] Analyzing USDJPY.sml
[2026-04-29 17:47:12.224410] [NO_TRADE] USDJPY.sml already checked candle 2026-04-29 13:40:00
[2026-04-29 17:47:12.224628] [SELECT] Trading symbol switched: USDJPY.sml -> EURJPY | AI watchlist candidate
[2026-04-29 17:47:12.224687] [SCAN] Analyzing EURJPY
[2026-04-29 17:47:12.852860] [NO_TRADE] EURJPY already checked candle 2026-04-29 13:40:00
[2026-04-29 17:47:12.852949] [WAIT] No order from AI watchlist this round
[2026-04-29 17:48:12.854725] [AI] Using cached daily forex scan from 2026-04-29 14:00:15 | symbols=EURUSD.sml, GBPUSD.sml, XAUUSD.sml, USDJPY.sml, EURJPY
[2026-04-29 17:48:12.855361] [WATCHLIST] AI watchlist scan: EURUSD.sml, GBPUSD.sml, XAUUSD.sml, USDJPY.sml, EURJPY
[2026-04-29 17:48:12.855701] [SELECT] Trading symbol switched: EURJPY -> EURUSD.sml | AI watchlist candidate
[2026-04-29 17:48:12.855788] [SCAN] Analyzing EURUSD.sml
[2026-04-29 17:48:13.537275] [NO_TRADE] EURUSD.sml already checked candle 2026-04-29 13:40:00
[2026-04-29 17:48:13.537468] [SELECT] Trading symbol switched: EURUSD.sml -> GBPUSD.sml | AI watchlist candidate
[2026-04-29 17:48:13.537508] [SCAN] Analyzing GBPUSD.sml
[2026-04-29 17:48:14.154977] [NO_TRADE] GBPUSD.sml already checked candle 2026-04-29 13:40:00
[2026-04-29 17:48:14.155184] [SELECT] Trading symbol switched: GBPUSD.sml -> XAUUSD.sml | AI watchlist candidate
[2026-04-29 17:48:14.155226] [SCAN] Analyzing XAUUSD.sml
[2026-04-29 17:48:14.461420] [NO_TRADE] XAUUSD.sml Spread too wide: 330.0 points > 80
[2026-04-29 17:48:14.461598] [SELECT] Trading symbol switched: XAUUSD.sml -> USDJPY.sml | AI watchlist candidate
[2026-04-29 17:48:14.461642] [SCAN] Analyzing USDJPY.sml
[2026-04-29 17:48:15.098834] [NO_TRADE] USDJPY.sml already checked candle 2026-04-29 13:40:00
[2026-04-29 17:48:15.099095] [SELECT] Trading symbol switched: USDJPY.sml -> EURJPY | AI watchlist candidate
[2026-04-29 17:48:15.099155] [SCAN] Analyzing EURJPY
[2026-04-29 17:48:15.748165] [NO_TRADE] EURJPY already checked candle 2026-04-29 13:40:00
[2026-04-29 17:48:15.748253] [WAIT] No order from AI watchlist this round
[2026-04-29 17:49:15.749488] [AI] Using cached daily forex scan from 2026-04-29 14:00:15 | symbols=EURUSD.sml, GBPUSD.sml, XAUUSD.sml, USDJPY.sml, EURJPY
[2026-04-29 17:49:15.749914] [WATCHLIST] AI watchlist scan: EURUSD.sml, GBPUSD.sml, XAUUSD.sml, USDJPY.sml, EURJPY
[2026-04-29 17:49:15.750126] [SELECT] Trading symbol switched: EURJPY -> EURUSD.sml | AI watchlist candidate
[2026-04-29 17:49:15.750207] [SCAN] Analyzing EURUSD.sml
[2026-04-29 17:49:16.539684] [NO_TRADE] EURUSD.sml already checked candle 2026-04-29 13:40:00
[2026-04-29 17:49:16.539932] [SELECT] Trading symbol switched: EURUSD.sml -> GBPUSD.sml | AI watchlist candidate
[2026-04-29 17:49:16.539996] [SCAN] Analyzing GBPUSD.sml
[2026-04-29 17:49:17.404677] [NO_TRADE] GBPUSD.sml already checked candle 2026-04-29 13:40:00
[2026-04-29 17:49:17.404964] [SELECT] Trading symbol switched: GBPUSD.sml -> XAUUSD.sml | AI watchlist candidate
[2026-04-29 17:49:17.405044] [SCAN] Analyzing XAUUSD.sml
[2026-04-29 17:49:17.757138] [NO_TRADE] XAUUSD.sml Spread too wide: 260.0 points > 80
[2026-04-29 17:49:17.757336] [SELECT] Trading symbol switched: XAUUSD.sml -> USDJPY.sml | AI watchlist candidate
[2026-04-29 17:49:17.757383] [SCAN] Analyzing USDJPY.sml
[2026-04-29 17:49:18.593948] [NO_TRADE] USDJPY.sml already checked candle 2026-04-29 13:40:00
[2026-04-29 17:49:18.594157] [SELECT] Trading symbol switched: USDJPY.sml -> EURJPY | AI watchlist candidate
[2026-04-29 17:49:18.594224] [SCAN] Analyzing EURJPY
[2026-04-29 17:49:19.313073] [NO_TRADE] EURJPY already checked candle 2026-04-29 13:40:00
[2026-04-29 17:49:19.313164] [WAIT] No order from AI watchlist this round
[2026-04-29 17:50:19.314679] [AI] Using cached daily forex scan from 2026-04-29 14:00:15 | symbols=EURUSD.sml, GBPUSD.sml, XAUUSD.sml, USDJPY.sml, EURJPY
[2026-04-29 17:50:19.315202] [WATCHLIST] AI watchlist scan: EURUSD.sml, GBPUSD.sml, XAUUSD.sml, USDJPY.sml, EURJPY
[2026-04-29 17:50:19.315421] [SELECT] Trading symbol switched: EURJPY -> EURUSD.sml | AI watchlist candidate
[2026-04-29 17:50:19.315482] [SCAN] Analyzing EURUSD.sml

==============================
Time: 2026-04-29 17:50:20.191187
SIGNAL: {'time': Timestamp('2026-04-29 13:45:00'), 'symbol': 'EURUSD.sml', 'side': 'NO_TRADE', 'price': 1.1702, 'reason': 'no Donchian breakout'}
[NO_TRADE] EURUSD.sml No trade
[2026-04-29 17:50:20.191412] [SELECT] Trading symbol switched: EURUSD.sml -> GBPUSD.sml | AI watchlist candidate
[2026-04-29 17:50:20.191453] [SCAN] Analyzing GBPUSD.sml

==============================
Time: 2026-04-29 17:50:21.052965
SIGNAL: {'time': Timestamp('2026-04-29 13:45:00'), 'symbol': 'GBPUSD.sml', 'side': 'NO_TRADE', 'price': 1.35071, 'reason': 'no Donchian breakout'}
[NO_TRADE] GBPUSD.sml No trade
[2026-04-29 17:50:21.053211] [SELECT] Trading symbol switched: GBPUSD.sml -> XAUUSD.sml | AI watchlist candidate
[2026-04-29 17:50:21.053255] [SCAN] Analyzing XAUUSD.sml
[2026-04-29 17:50:21.388512] [NO_TRADE] XAUUSD.sml Spread too wide: 380.0 points > 80
[2026-04-29 17:50:21.388763] [SELECT] Trading symbol switched: XAUUSD.sml -> USDJPY.sml | AI watchlist candidate
[2026-04-29 17:50:21.388817] [SCAN] Analyzing USDJPY.sml

==============================
Time: 2026-04-29 17:50:22.131137
SIGNAL: {'time': Timestamp('2026-04-29 13:45:00'), 'symbol': 'USDJPY.sml', 'side': 'NO_TRADE', 'price': 159.778, 'reason': 'no Donchian breakout'}
[NO_TRADE] USDJPY.sml No trade
[2026-04-29 17:50:22.131356] [SELECT] Trading symbol switched: USDJPY.sml -> EURJPY | AI watchlist candidate
[2026-04-29 17:50:22.131397] [SCAN] Analyzing EURJPY

==============================
Time: 2026-04-29 17:50:22.882047
SIGNAL: {'time': Timestamp('2026-04-29 13:45:00'), 'symbol': 'EURJPY', 'side': 'NO_TRADE', 'price': 186.915, 'reason': 'no Donchian breakout'}
[NO_TRADE] EURJPY No trade
[2026-04-29 17:50:22.882241] [WAIT] No order from AI watchlist this round
[2026-04-29 17:51:22.883910] [AI] Using cached daily forex scan from 2026-04-29 14:00:15 | symbols=EURUSD.sml, GBPUSD.sml, XAUUSD.sml, USDJPY.sml, EURJPY
[2026-04-29 17:51:22.884392] [WATCHLIST] AI watchlist scan: EURUSD.sml, GBPUSD.sml, XAUUSD.sml, USDJPY.sml, EURJPY
[2026-04-29 17:51:22.884631] [SELECT] Trading symbol switched: EURJPY -> EURUSD.sml | AI watchlist candidate
[2026-04-29 17:51:22.884700] [SCAN] Analyzing EURUSD.sml
[2026-04-29 17:51:23.718972] [NO_TRADE] EURUSD.sml already checked candle 2026-04-29 13:45:00
[2026-04-29 17:51:23.719221] [SELECT] Trading symbol switched: EURUSD.sml -> GBPUSD.sml | AI watchlist candidate
[2026-04-29 17:51:23.719301] [SCAN] Analyzing GBPUSD.sml
[2026-04-29 17:51:24.616108] [NO_TRADE] GBPUSD.sml already checked candle 2026-04-29 13:45:00
[2026-04-29 17:51:24.616355] [SELECT] Trading symbol switched: GBPUSD.sml -> XAUUSD.sml | AI watchlist candidate
[2026-04-29 17:51:24.616412] [SCAN] Analyzing XAUUSD.sml
[2026-04-29 17:51:25.075691] [NO_TRADE] XAUUSD.sml Spread too wide: 320.0 points > 80
[2026-04-29 17:51:25.075900] [SELECT] Trading symbol switched: XAUUSD.sml -> USDJPY.sml | AI watchlist candidate
[2026-04-29 17:51:25.075963] [SCAN] Analyzing USDJPY.sml
[2026-04-29 17:51:25.899007] [NO_TRADE] USDJPY.sml already checked candle 2026-04-29 13:45:00
[2026-04-29 17:51:25.899271] [SELECT] Trading symbol switched: USDJPY.sml -> EURJPY | AI watchlist candidate
[2026-04-29 17:51:25.899341] [SCAN] Analyzing EURJPY
[2026-04-29 17:51:26.815398] [NO_TRADE] EURJPY already checked candle 2026-04-29 13:45:00
[2026-04-29 17:51:26.815525] [WAIT] No order from AI watchlist this round
[2026-04-29 17:52:26.816920] [AI] Using cached daily forex scan from 2026-04-29 14:00:15 | symbols=EURUSD.sml, GBPUSD.sml, XAUUSD.sml, USDJPY.sml, EURJPY
[2026-04-29 17:52:26.817421] [WATCHLIST] AI watchlist scan: EURUSD.sml, GBPUSD.sml, XAUUSD.sml, USDJPY.sml, EURJPY
[2026-04-29 17:52:26.817643] [SELECT] Trading symbol switched: EURJPY -> EURUSD.sml | AI watchlist candidate
[2026-04-29 17:52:26.817705] [SCAN] Analyzing EURUSD.sml
[2026-04-29 17:52:27.463711] [NO_TRADE] EURUSD.sml already checked candle 2026-04-29 13:45:00
[2026-04-29 17:52:27.463950] [SELECT] Trading symbol switched: EURUSD.sml -> GBPUSD.sml | AI watchlist candidate
[2026-04-29 17:52:27.464005] [SCAN] Analyzing GBPUSD.sml
[2026-04-29 17:52:28.210559] [NO_TRADE] GBPUSD.sml already checked candle 2026-04-29 13:45:00
[2026-04-29 17:52:28.210790] [SELECT] Trading symbol switched: GBPUSD.sml -> XAUUSD.sml | AI watchlist candidate
[2026-04-29 17:52:28.210841] [SCAN] Analyzing XAUUSD.sml
[2026-04-29 17:52:28.564975] [NO_TRADE] XAUUSD.sml Spread too wide: 370.0 points > 80
[2026-04-29 17:52:28.565217] [SELECT] Trading symbol switched: XAUUSD.sml -> USDJPY.sml | AI watchlist candidate
[2026-04-29 17:52:28.565317] [SCAN] Analyzing USDJPY.sml
[2026-04-29 17:52:29.237379] [NO_TRADE] USDJPY.sml already checked candle 2026-04-29 13:45:00
[2026-04-29 17:52:29.237587] [SELECT] Trading symbol switched: USDJPY.sml -> EURJPY | AI watchlist candidate
[2026-04-29 17:52:29.237647] [SCAN] Analyzing EURJPY
[2026-04-29 17:52:29.915259] [NO_TRADE] EURJPY already checked candle 2026-04-29 13:45:00
[2026-04-29 17:52:29.915370] [WAIT] No order from AI watchlist this round
[2026-04-29 17:53:29.916857] [AI] Using cached daily forex scan from 2026-04-29 14:00:15 | symbols=EURUSD.sml, GBPUSD.sml, XAUUSD.sml, USDJPY.sml, EURJPY
[2026-04-29 17:53:29.917205] [WATCHLIST] AI watchlist scan: EURUSD.sml, GBPUSD.sml, XAUUSD.sml, USDJPY.sml, EURJPY
[2026-04-29 17:53:29.917407] [SELECT] Trading symbol switched: EURJPY -> EURUSD.sml | AI watchlist candidate
[2026-04-29 17:53:29.917451] [SCAN] Analyzing EURUSD.sml
[2026-04-29 17:53:30.882222] [NO_TRADE] EURUSD.sml already checked candle 2026-04-29 13:45:00
[2026-04-29 17:53:30.882428] [SELECT] Trading symbol switched: EURUSD.sml -> GBPUSD.sml | AI watchlist candidate
[2026-04-29 17:53:30.882474] [SCAN] Analyzing GBPUSD.sml
[2026-04-29 17:53:31.750144] [NO_TRADE] GBPUSD.sml already checked candle 2026-04-29 13:45:00
[2026-04-29 17:53:31.750362] [SELECT] Trading symbol switched: GBPUSD.sml -> XAUUSD.sml | AI watchlist candidate
[2026-04-29 17:53:31.750435] [SCAN] Analyzing XAUUSD.sml
[2026-04-29 17:53:32.177627] [NO_TRADE] XAUUSD.sml Spread too wide: 380.0 points > 80
[2026-04-29 17:53:32.177850] [SELECT] Trading symbol switched: XAUUSD.sml -> USDJPY.sml | AI watchlist candidate
[2026-04-29 17:53:32.177895] [SCAN] Analyzing USDJPY.sml
[2026-04-29 17:53:33.048108] [NO_TRADE] USDJPY.sml already checked candle 2026-04-29 13:45:00
[2026-04-29 17:53:33.048336] [SELECT] Trading symbol switched: USDJPY.sml -> EURJPY | AI watchlist candidate
[2026-04-29 17:53:33.048390] [SCAN] Analyzing EURJPY
[2026-04-29 17:53:33.856212] [NO_TRADE] EURJPY already checked candle 2026-04-29 13:45:00
[2026-04-29 17:53:33.856296] [WAIT] No order from AI watchlist this round
[2026-04-29 17:54:33.857781] [AI] Using cached daily forex scan from 2026-04-29 14:00:15 | symbols=EURUSD.sml, GBPUSD.sml, XAUUSD.sml, USDJPY.sml, EURJPY
[2026-04-29 17:54:33.858369] [WATCHLIST] AI watchlist scan: EURUSD.sml, GBPUSD.sml, XAUUSD.sml, USDJPY.sml, EURJPY
[2026-04-29 17:54:33.858650] [SELECT] Trading symbol switched: EURJPY -> EURUSD.sml | AI watchlist candidate
[2026-04-29 17:54:33.858713] [SCAN] Analyzing EURUSD.sml
[2026-04-29 17:54:34.693280] [NO_TRADE] EURUSD.sml already checked candle 2026-04-29 13:45:00
[2026-04-29 17:54:34.693478] [SELECT] Trading symbol switched: EURUSD.sml -> GBPUSD.sml | AI watchlist candidate
[2026-04-29 17:54:34.693525] [SCAN] Analyzing GBPUSD.sml
[2026-04-29 17:54:35.493010] [NO_TRADE] GBPUSD.sml already checked candle 2026-04-29 13:45:00
[2026-04-29 17:54:35.493301] [SELECT] Trading symbol switched: GBPUSD.sml -> XAUUSD.sml | AI watchlist candidate
[2026-04-29 17:54:35.493373] [SCAN] Analyzing XAUUSD.sml
[2026-04-29 17:54:35.918320] [NO_TRADE] XAUUSD.sml Spread too wide: 530.0 points > 80
[2026-04-29 17:54:35.918555] [SELECT] Trading symbol switched: XAUUSD.sml -> USDJPY.sml | AI watchlist candidate
[2026-04-29 17:54:35.918622] [SCAN] Analyzing USDJPY.sml
[2026-04-29 17:54:36.884859] [NO_TRADE] USDJPY.sml already checked candle 2026-04-29 13:45:00
[2026-04-29 17:54:36.885150] [SELECT] Trading symbol switched: USDJPY.sml -> EURJPY | AI watchlist candidate
[2026-04-29 17:54:36.885230] [SCAN] Analyzing EURJPY
[2026-04-29 17:54:37.799645] [NO_TRADE] EURJPY already checked candle 2026-04-29 13:45:00
[2026-04-29 17:54:37.799751] [WAIT] No order from AI watchlist this round
[2026-04-29 17:55:37.801016] [AI] Using cached daily forex scan from 2026-04-29 14:00:15 | symbols=EURUSD.sml, GBPUSD.sml, XAUUSD.sml, USDJPY.sml, EURJPY
[2026-04-29 17:55:37.801464] [WATCHLIST] AI watchlist scan: EURUSD.sml, GBPUSD.sml, XAUUSD.sml, USDJPY.sml, EURJPY
[2026-04-29 17:55:37.801737] [SELECT] Trading symbol switched: EURJPY -> EURUSD.sml | AI watchlist candidate
[2026-04-29 17:55:37.801844] [SCAN] Analyzing EURUSD.sml

==============================
Time: 2026-04-29 17:55:38.857131
SIGNAL: {'time': Timestamp('2026-04-29 13:50:00'), 'symbol': 'EURUSD.sml', 'side': 'NO_TRADE', 'price': 1.17052, 'reason': 'ATR too low atr_pct=0.00020'}
[NO_TRADE] EURUSD.sml No trade
[2026-04-29 17:55:38.857451] [SELECT] Trading symbol switched: EURUSD.sml -> GBPUSD.sml | AI watchlist candidate
[2026-04-29 17:55:38.857520] [SCAN] Analyzing GBPUSD.sml

==============================
Time: 2026-04-29 17:55:39.845112
SIGNAL: {'time': Timestamp('2026-04-29 13:50:00'), 'symbol': 'GBPUSD.sml', 'side': 'NO_TRADE', 'price': 1.35095, 'reason': 'no Donchian breakout'}
[NO_TRADE] GBPUSD.sml No trade
[2026-04-29 17:55:39.845353] [SELECT] Trading symbol switched: GBPUSD.sml -> XAUUSD.sml | AI watchlist candidate
[2026-04-29 17:55:39.845399] [SCAN] Analyzing XAUUSD.sml
[2026-04-29 17:55:40.305334] [NO_TRADE] XAUUSD.sml Spread too wide: 610.0 points > 80
[2026-04-29 17:55:40.305552] [SELECT] Trading symbol switched: XAUUSD.sml -> USDJPY.sml | AI watchlist candidate
[2026-04-29 17:55:40.305609] [SCAN] Analyzing USDJPY.sml

==============================
Time: 2026-04-29 17:55:41.111695
SIGNAL: {'time': Timestamp('2026-04-29 13:50:00'), 'symbol': 'USDJPY.sml', 'side': 'NO_TRADE', 'price': 159.764, 'reason': 'no Donchian breakout'}
[NO_TRADE] USDJPY.sml No trade
[2026-04-29 17:55:41.111911] [SELECT] Trading symbol switched: USDJPY.sml -> EURJPY | AI watchlist candidate
[2026-04-29 17:55:41.111953] [SCAN] Analyzing EURJPY

==============================
Time: 2026-04-29 17:55:41.814927
SIGNAL: {'time': Timestamp('2026-04-29 13:50:00'), 'symbol': 'EURJPY', 'side': 'NO_TRADE', 'price': 186.948, 'reason': 'no Donchian breakout'}
[NO_TRADE] EURJPY No trade
[2026-04-29 17:55:41.815225] [WAIT] No order from AI watchlist this round
[2026-04-29 17:56:41.817071] [AI] Using cached daily forex scan from 2026-04-29 14:00:15 | symbols=EURUSD.sml, GBPUSD.sml, XAUUSD.sml, USDJPY.sml, EURJPY
[2026-04-29 17:56:41.817854] [WATCHLIST] AI watchlist scan: EURUSD.sml, GBPUSD.sml, XAUUSD.sml, USDJPY.sml, EURJPY
[2026-04-29 17:56:41.818160] [SELECT] Trading symbol switched: EURJPY -> EURUSD.sml | AI watchlist candidate
[2026-04-29 17:56:41.818220] [SCAN] Analyzing EURUSD.sml
[2026-04-29 17:56:42.437606] [NO_TRADE] EURUSD.sml already checked candle 2026-04-29 13:50:00
[2026-04-29 17:56:42.437816] [SELECT] Trading symbol switched: EURUSD.sml -> GBPUSD.sml | AI watchlist candidate
[2026-04-29 17:56:42.437860] [SCAN] Analyzing GBPUSD.sml
[2026-04-29 17:56:43.063318] [NO_TRADE] GBPUSD.sml already checked candle 2026-04-29 13:50:00
[2026-04-29 17:56:43.063521] [SELECT] Trading symbol switched: GBPUSD.sml -> XAUUSD.sml | AI watchlist candidate
[2026-04-29 17:56:43.063576] [SCAN] Analyzing XAUUSD.sml
[2026-04-29 17:56:43.390922] [NO_TRADE] XAUUSD.sml Spread too wide: 560.0 points > 80
[2026-04-29 17:56:43.391186] [SELECT] Trading symbol switched: XAUUSD.sml -> USDJPY.sml | AI watchlist candidate
[2026-04-29 17:56:43.391251] [SCAN] Analyzing USDJPY.sml
[2026-04-29 17:56:44.322408] [NO_TRADE] USDJPY.sml already checked candle 2026-04-29 13:50:00
[2026-04-29 17:56:44.322653] [SELECT] Trading symbol switched: USDJPY.sml -> EURJPY | AI watchlist candidate
[2026-04-29 17:56:44.322705] [SCAN] Analyzing EURJPY
[2026-04-29 17:56:45.173923] [NO_TRADE] EURJPY already checked candle 2026-04-29 13:50:00
[2026-04-29 17:56:45.174025] [WAIT] No order from AI watchlist this round
[2026-04-29 17:57:45.176015] [AI] Using cached daily forex scan from 2026-04-29 14:00:15 | symbols=EURUSD.sml, GBPUSD.sml, XAUUSD.sml, USDJPY.sml, EURJPY
[2026-04-29 17:57:45.177037] [WATCHLIST] AI watchlist scan: EURUSD.sml, GBPUSD.sml, XAUUSD.sml, USDJPY.sml, EURJPY
[2026-04-29 17:57:45.177545] [SELECT] Trading symbol switched: EURJPY -> EURUSD.sml | AI watchlist candidate
[2026-04-29 17:57:45.177664] [SCAN] Analyzing EURUSD.sml
[2026-04-29 17:57:45.860057] [NO_TRADE] EURUSD.sml already checked candle 2026-04-29 13:50:00
[2026-04-29 17:57:45.860276] [SELECT] Trading symbol switched: EURUSD.sml -> GBPUSD.sml | AI watchlist candidate
[2026-04-29 17:57:45.860323] [SCAN] Analyzing GBPUSD.sml
[2026-04-29 17:57:46.475138] [NO_TRADE] GBPUSD.sml already checked candle 2026-04-29 13:50:00
[2026-04-29 17:57:46.475351] [SELECT] Trading symbol switched: GBPUSD.sml -> XAUUSD.sml | AI watchlist candidate
[2026-04-29 17:57:46.475399] [SCAN] Analyzing XAUUSD.sml
[2026-04-29 17:57:46.762123] [NO_TRADE] XAUUSD.sml Spread too wide: 580.0 points > 80
[2026-04-29 17:57:46.762287] [SELECT] Trading symbol switched: XAUUSD.sml -> USDJPY.sml | AI watchlist candidate
[2026-04-29 17:57:46.762328] [SCAN] Analyzing USDJPY.sml
[2026-04-29 17:57:47.446877] [NO_TRADE] USDJPY.sml already checked candle 2026-04-29 13:50:00
[2026-04-29 17:57:47.447099] [SELECT] Trading symbol switched: USDJPY.sml -> EURJPY | AI watchlist candidate
[2026-04-29 17:57:47.447142] [SCAN] Analyzing EURJPY
[2026-04-29 17:57:48.071691] [NO_TRADE] EURJPY already checked candle 2026-04-29 13:50:00
[2026-04-29 17:57:48.071780] [WAIT] No order from AI watchlist this round
[2026-04-29 17:58:48.073455] [AI] Using cached daily forex scan from 2026-04-29 14:00:15 | symbols=EURUSD.sml, GBPUSD.sml, XAUUSD.sml, USDJPY.sml, EURJPY
[2026-04-29 17:58:48.074250] [WATCHLIST] AI watchlist scan: EURUSD.sml, GBPUSD.sml, XAUUSD.sml, USDJPY.sml, EURJPY
[2026-04-29 17:58:48.074650] [SELECT] Trading symbol switched: EURJPY -> EURUSD.sml | AI watchlist candidate
[2026-04-29 17:58:48.074752] [SCAN] Analyzing EURUSD.sml
[2026-04-29 17:58:48.684193] [NO_TRADE] EURUSD.sml already checked candle 2026-04-29 13:50:00
[2026-04-29 17:58:48.684429] [SELECT] Trading symbol switched: EURUSD.sml -> GBPUSD.sml | AI watchlist candidate
[2026-04-29 17:58:48.684508] [SCAN] Analyzing GBPUSD.sml
[2026-04-29 17:58:49.371807] [NO_TRADE] GBPUSD.sml already checked candle 2026-04-29 13:50:00
[2026-04-29 17:58:49.372052] [SELECT] Trading symbol switched: GBPUSD.sml -> XAUUSD.sml | AI watchlist candidate
[2026-04-29 17:58:49.372106] [SCAN] Analyzing XAUUSD.sml
[2026-04-29 17:58:49.670740] [NO_TRADE] XAUUSD.sml Spread too wide: 780.0 points > 80
[2026-04-29 17:58:49.670913] [SELECT] Trading symbol switched: XAUUSD.sml -> USDJPY.sml | AI watchlist candidate
[2026-04-29 17:58:49.670954] [SCAN] Analyzing USDJPY.sml
[2026-04-29 17:58:50.292067] [NO_TRADE] USDJPY.sml already checked candle 2026-04-29 13:50:00
[2026-04-29 17:58:50.292310] [SELECT] Trading symbol switched: USDJPY.sml -> EURJPY | AI watchlist candidate
[2026-04-29 17:58:50.292371] [SCAN] Analyzing EURJPY
[2026-04-29 17:58:51.071760] [NO_TRADE] EURJPY already checked candle 2026-04-29 13:50:00
[2026-04-29 17:58:51.071847] [WAIT] No order from AI watchlist this round
[2026-04-29 17:59:51.073654] [AI] Using cached daily forex scan from 2026-04-29 14:00:15 | symbols=EURUSD.sml, GBPUSD.sml, XAUUSD.sml, USDJPY.sml, EURJPY
[2026-04-29 17:59:51.074107] [WATCHLIST] AI watchlist scan: EURUSD.sml, GBPUSD.sml, XAUUSD.sml, USDJPY.sml, EURJPY
[2026-04-29 17:59:51.074327] [SELECT] Trading symbol switched: EURJPY -> EURUSD.sml | AI watchlist candidate
[2026-04-29 17:59:51.074378] [SCAN] Analyzing EURUSD.sml
[2026-04-29 17:59:51.761523] [NO_TRADE] EURUSD.sml already checked candle 2026-04-29 13:50:00
[2026-04-29 17:59:51.761773] [SELECT] Trading symbol switched: EURUSD.sml -> GBPUSD.sml | AI watchlist candidate
[2026-04-29 17:59:51.761843] [SCAN] Analyzing GBPUSD.sml
[2026-04-29 17:59:52.468057] [NO_TRADE] GBPUSD.sml already checked candle 2026-04-29 13:50:00
[2026-04-29 17:59:52.468328] [SELECT] Trading symbol switched: GBPUSD.sml -> XAUUSD.sml | AI watchlist candidate
[2026-04-29 17:59:52.468406] [SCAN] Analyzing XAUUSD.sml
[2026-04-29 17:59:52.898851] [NO_TRADE] XAUUSD.sml Spread too wide: 620.0 points > 80
[2026-04-29 17:59:52.899085] [SELECT] Trading symbol switched: XAUUSD.sml -> USDJPY.sml | AI watchlist candidate
[2026-04-29 17:59:52.899145] [SCAN] Analyzing USDJPY.sml
[2026-04-29 17:59:53.729741] [NO_TRADE] USDJPY.sml already checked candle 2026-04-29 13:50:00
[2026-04-29 17:59:53.729998] [SELECT] Trading symbol switched: USDJPY.sml -> EURJPY | AI watchlist candidate
[2026-04-29 17:59:53.730068] [SCAN] Analyzing EURJPY
[2026-04-29 17:59:54.651735] [NO_TRADE] EURJPY already checked candle 2026-04-29 13:50:00
[2026-04-29 17:59:54.651839] [WAIT] No order from AI watchlist this round
[2026-04-29 18:00:54.653371] [AI] Using cached daily forex scan from 2026-04-29 14:00:15 | symbols=EURUSD.sml, GBPUSD.sml, XAUUSD.sml, USDJPY.sml, EURJPY
[2026-04-29 18:00:54.654044] [WATCHLIST] AI watchlist scan: EURUSD.sml, GBPUSD.sml, XAUUSD.sml, USDJPY.sml, EURJPY
[2026-04-29 18:00:54.654340] [SELECT] Trading symbol switched: EURJPY -> EURUSD.sml | AI watchlist candidate
[2026-04-29 18:00:54.654426] [SCAN] Analyzing EURUSD.sml

==============================
Time: 2026-04-29 18:00:55.446644
SIGNAL: {'time': Timestamp('2026-04-29 13:55:00'), 'symbol': 'EURUSD.sml', 'side': 'NO_TRADE', 'price': 1.17094, 'reason': 'ATR too low atr_pct=0.00022'}
[NO_TRADE] EURUSD.sml No trade
[2026-04-29 18:00:55.447037] [SELECT] Trading symbol switched: EURUSD.sml -> GBPUSD.sml | AI watchlist candidate
[2026-04-29 18:00:55.447132] [SCAN] Analyzing GBPUSD.sml

==============================
Time: 2026-04-29 18:00:56.368427
SIGNAL: {'time': Timestamp('2026-04-29 13:55:00'), 'symbol': 'GBPUSD.sml', 'side': 'NO_TRADE', 'price': 1.35121, 'reason': 'ATR too low atr_pct=0.00022'}
[NO_TRADE] GBPUSD.sml No trade
[2026-04-29 18:00:56.368705] [SELECT] Trading symbol switched: GBPUSD.sml -> XAUUSD.sml | AI watchlist candidate
[2026-04-29 18:00:56.368784] [SCAN] Analyzing XAUUSD.sml
[2026-04-29 18:00:56.864302] [NO_TRADE] XAUUSD.sml Spread too wide: 220.0 points > 80
[2026-04-29 18:00:56.864534] [SELECT] Trading symbol switched: XAUUSD.sml -> USDJPY.sml | AI watchlist candidate
[2026-04-29 18:00:56.864626] [SCAN] Analyzing USDJPY.sml

==============================
Time: 2026-04-29 18:00:57.703542
SIGNAL: {'time': Timestamp('2026-04-29 13:55:00'), 'symbol': 'USDJPY.sml', 'side': 'NO_TRADE', 'price': 159.757, 'reason': 'no Donchian breakout'}
[NO_TRADE] USDJPY.sml No trade
[2026-04-29 18:00:57.703826] [SELECT] Trading symbol switched: USDJPY.sml -> EURJPY | AI watchlist candidate
[2026-04-29 18:00:57.703889] [SCAN] Analyzing EURJPY

==============================
Time: 2026-04-29 18:00:58.594011
SIGNAL: {'time': Timestamp('2026-04-29 13:55:00'), 'symbol': 'EURJPY', 'side': 'NO_TRADE', 'price': 187.002, 'reason': 'ATR too low atr_pct=0.00022'}
[NO_TRADE] EURJPY No trade
[2026-04-29 18:00:58.594198] [WAIT] No order from AI watchlist this round
[2026-04-29 18:01:58.595732] [AI] Using cached daily forex scan from 2026-04-29 14:00:15 | symbols=EURUSD.sml, GBPUSD.sml, XAUUSD.sml, USDJPY.sml, EURJPY
[2026-04-29 18:01:58.596228] [WATCHLIST] AI watchlist scan: EURUSD.sml, GBPUSD.sml, XAUUSD.sml, USDJPY.sml, EURJPY
[2026-04-29 18:01:58.596525] [SELECT] Trading symbol switched: EURJPY -> EURUSD.sml | AI watchlist candidate
[2026-04-29 18:01:58.596584] [SCAN] Analyzing EURUSD.sml
[2026-04-29 18:01:59.255203] [NO_TRADE] EURUSD.sml already checked candle 2026-04-29 13:55:00
[2026-04-29 18:01:59.255418] [SELECT] Trading symbol switched: EURUSD.sml -> GBPUSD.sml | AI watchlist candidate
[2026-04-29 18:01:59.255464] [SCAN] Analyzing GBPUSD.sml
[2026-04-29 18:01:59.880904] [NO_TRADE] GBPUSD.sml already checked candle 2026-04-29 13:55:00
[2026-04-29 18:01:59.881105] [SELECT] Trading symbol switched: GBPUSD.sml -> XAUUSD.sml | AI watchlist candidate
[2026-04-29 18:01:59.881148] [SCAN] Analyzing XAUUSD.sml
[2026-04-29 18:02:00.194325] [NO_TRADE] XAUUSD.sml Spread too wide: 370.0 points > 80
[2026-04-29 18:02:00.194537] [SELECT] Trading symbol switched: XAUUSD.sml -> USDJPY.sml | AI watchlist candidate
[2026-04-29 18:02:00.194591] [SCAN] Analyzing USDJPY.sml
[2026-04-29 18:02:00.939274] [NO_TRADE] USDJPY.sml already checked candle 2026-04-29 13:55:00
[2026-04-29 18:02:00.939539] [SELECT] Trading symbol switched: USDJPY.sml -> EURJPY | AI watchlist candidate
[2026-04-29 18:02:00.939626] [SCAN] Analyzing EURJPY
[2026-04-29 18:02:01.582525] [NO_TRADE] EURJPY already checked candle 2026-04-29 13:55:00
[2026-04-29 18:02:01.582648] [WAIT] No order from AI watchlist this round
[2026-04-29 18:03:01.584553] [AI] Using cached daily forex scan from 2026-04-29 14:00:15 | symbols=EURUSD.sml, GBPUSD.sml, XAUUSD.sml, USDJPY.sml, EURJPY
[2026-04-29 18:03:01.585204] [WATCHLIST] AI watchlist scan: EURUSD.sml, GBPUSD.sml, XAUUSD.sml, USDJPY.sml, EURJPY
[2026-04-29 18:03:01.585499] [SELECT] Trading symbol switched: EURJPY -> EURUSD.sml | AI watchlist candidate
[2026-04-29 18:03:01.585582] [SCAN] Analyzing EURUSD.sml
[2026-04-29 18:03:02.402097] [NO_TRADE] EURUSD.sml already checked candle 2026-04-29 13:55:00
[2026-04-29 18:03:02.402332] [SELECT] Trading symbol switched: EURUSD.sml -> GBPUSD.sml | AI watchlist candidate
[2026-04-29 18:03:02.402400] [SCAN] Analyzing GBPUSD.sml
[2026-04-29 18:03:03.370656] [NO_TRADE] GBPUSD.sml already checked candle 2026-04-29 13:55:00
[2026-04-29 18:03:03.370919] [SELECT] Trading symbol switched: GBPUSD.sml -> XAUUSD.sml | AI watchlist candidate
[2026-04-29 18:03:03.370997] [SCAN] Analyzing XAUUSD.sml
[2026-04-29 18:03:03.773838] [NO_TRADE] XAUUSD.sml Spread too wide: 600.0 points > 80
[2026-04-29 18:03:03.774066] [SELECT] Trading symbol switched: XAUUSD.sml -> USDJPY.sml | AI watchlist candidate
[2026-04-29 18:03:03.774115] [SCAN] Analyzing USDJPY.sml
[2026-04-29 18:03:04.596281] [NO_TRADE] USDJPY.sml already checked candle 2026-04-29 13:55:00
[2026-04-29 18:03:04.596521] [SELECT] Trading symbol switched: USDJPY.sml -> EURJPY | AI watchlist candidate
[2026-04-29 18:03:04.596587] [SCAN] Analyzing EURJPY
[2026-04-29 18:03:05.408451] [NO_TRADE] EURJPY already checked candle 2026-04-29 13:55:00
[2026-04-29 18:03:05.408571] [WAIT] No order from AI watchlist this round
[2026-04-29 18:04:05.410703] [AI] Using cached daily forex scan from 2026-04-29 14:00:15 | symbols=EURUSD.sml, GBPUSD.sml, XAUUSD.sml, USDJPY.sml, EURJPY
[2026-04-29 18:04:05.411197] [WATCHLIST] AI watchlist scan: EURUSD.sml, GBPUSD.sml, XAUUSD.sml, USDJPY.sml, EURJPY
[2026-04-29 18:04:05.411461] [SELECT] Trading symbol switched: EURJPY -> EURUSD.sml | AI watchlist candidate
[2026-04-29 18:04:05.411523] [SCAN] Analyzing EURUSD.sml
[2026-04-29 18:04:06.018409] [NO_TRADE] EURUSD.sml already checked candle 2026-04-29 13:55:00
[2026-04-29 18:04:06.018648] [SELECT] Trading symbol switched: EURUSD.sml -> GBPUSD.sml | AI watchlist candidate
[2026-04-29 18:04:06.018705] [SCAN] Analyzing GBPUSD.sml
[2026-04-29 18:04:06.743674] [NO_TRADE] GBPUSD.sml already checked candle 2026-04-29 13:55:00
[2026-04-29 18:04:06.743883] [SELECT] Trading symbol switched: GBPUSD.sml -> XAUUSD.sml | AI watchlist candidate
[2026-04-29 18:04:06.743927] [SCAN] Analyzing XAUUSD.sml
[2026-04-29 18:04:07.051868] [NO_TRADE] XAUUSD.sml Spread too wide: 670.0 points > 80
[2026-04-29 18:04:07.052100] [SELECT] Trading symbol switched: XAUUSD.sml -> USDJPY.sml | AI watchlist candidate
[2026-04-29 18:04:07.052161] [SCAN] Analyzing USDJPY.sml
[2026-04-29 18:04:07.757568] [NO_TRADE] USDJPY.sml already checked candle 2026-04-29 13:55:00
[2026-04-29 18:04:07.757822] [SELECT] Trading symbol switched: USDJPY.sml -> EURJPY | AI watchlist candidate
[2026-04-29 18:04:07.757871] [SCAN] Analyzing EURJPY
[2026-04-29 18:04:08.397813] [NO_TRADE] EURJPY already checked candle 2026-04-29 13:55:00
[2026-04-29 18:04:08.397906] [WAIT] No order from AI watchlist this round
[2026-04-29 18:05:08.399145] [AI] Using cached daily forex scan from 2026-04-29 14:00:15 | symbols=EURUSD.sml, GBPUSD.sml, XAUUSD.sml, USDJPY.sml, EURJPY
[2026-04-29 18:05:08.399593] [WATCHLIST] AI watchlist scan: EURUSD.sml, GBPUSD.sml, XAUUSD.sml, USDJPY.sml, EURJPY
[2026-04-29 18:05:08.399825] [SELECT] Trading symbol switched: EURJPY -> EURUSD.sml | AI watchlist candidate
[2026-04-29 18:05:08.399884] [SCAN] Analyzing EURUSD.sml

==============================
Time: 2026-04-29 18:05:09.257793
SIGNAL: {'time': Timestamp('2026-04-29 14:00:00'), 'symbol': 'EURUSD.sml', 'side': 'NO_TRADE', 'price': 1.1708, 'reason': 'no Donchian breakout'}
[NO_TRADE] EURUSD.sml No trade
[2026-04-29 18:05:09.258025] [SELECT] Trading symbol switched: EURUSD.sml -> GBPUSD.sml | AI watchlist candidate
[2026-04-29 18:05:09.258071] [SCAN] Analyzing GBPUSD.sml

==============================
Time: 2026-04-29 18:05:10.245211
SIGNAL: {'time': Timestamp('2026-04-29 14:00:00'), 'symbol': 'GBPUSD.sml', 'side': 'NO_TRADE', 'price': 1.35113, 'reason': 'no Donchian breakout'}
[NO_TRADE] GBPUSD.sml No trade
[2026-04-29 18:05:10.245543] [SELECT] Trading symbol switched: GBPUSD.sml -> XAUUSD.sml | AI watchlist candidate
[2026-04-29 18:05:10.245621] [SCAN] Analyzing XAUUSD.sml
[2026-04-29 18:05:10.664881] [NO_TRADE] XAUUSD.sml Spread too wide: 580.0 points > 80
[2026-04-29 18:05:10.665123] [SELECT] Trading symbol switched: XAUUSD.sml -> USDJPY.sml | AI watchlist candidate
[2026-04-29 18:05:10.665200] [SCAN] Analyzing USDJPY.sml

==============================
Time: 2026-04-29 18:05:11.625309
SIGNAL: {'time': Timestamp('2026-04-29 14:00:00'), 'symbol': 'USDJPY.sml', 'side': 'NO_TRADE', 'price': 159.777, 'reason': 'no Donchian breakout'}
[NO_TRADE] USDJPY.sml No trade
[2026-04-29 18:05:11.625641] [SELECT] Trading symbol switched: USDJPY.sml -> EURJPY | AI watchlist candidate
[2026-04-29 18:05:11.625714] [SCAN] Analyzing EURJPY

==============================
Time: 2026-04-29 18:05:12.471414
SIGNAL: {'time': Timestamp('2026-04-29 14:00:00'), 'symbol': 'EURJPY', 'side': 'NO_TRADE', 'price': 187.007, 'reason': 'ATR too low atr_pct=0.00021'}
[NO_TRADE] EURJPY No trade
[2026-04-29 18:05:12.471571] [WAIT] No order from AI watchlist this round
[2026-04-29 18:06:12.473791] [AI] Using cached daily forex scan from 2026-04-29 14:00:15 | symbols=EURUSD.sml, GBPUSD.sml, XAUUSD.sml, USDJPY.sml, EURJPY
[2026-04-29 18:06:12.474589] [WATCHLIST] AI watchlist scan: EURUSD.sml, GBPUSD.sml, XAUUSD.sml, USDJPY.sml, EURJPY
[2026-04-29 18:06:12.475039] [SELECT] Trading symbol switched: EURJPY -> EURUSD.sml | AI watchlist candidate
[2026-04-29 18:06:12.475144] [SCAN] Analyzing EURUSD.sml
[2026-04-29 18:06:13.081625] [NO_TRADE] EURUSD.sml already checked candle 2026-04-29 14:00:00
[2026-04-29 18:06:13.081855] [SELECT] Trading symbol switched: EURUSD.sml -> GBPUSD.sml | AI watchlist candidate
[2026-04-29 18:06:13.081926] [SCAN] Analyzing GBPUSD.sml
[2026-04-29 18:06:13.755971] [NO_TRADE] GBPUSD.sml already checked candle 2026-04-29 14:00:00
[2026-04-29 18:06:13.756168] [SELECT] Trading symbol switched: GBPUSD.sml -> XAUUSD.sml | AI watchlist candidate
[2026-04-29 18:06:13.756208] [SCAN] Analyzing XAUUSD.sml
[2026-04-29 18:06:14.080052] [NO_TRADE] XAUUSD.sml Spread too wide: 440.0 points > 80
[2026-04-29 18:06:14.080263] [SELECT] Trading symbol switched: XAUUSD.sml -> USDJPY.sml | AI watchlist candidate
[2026-04-29 18:06:14.080337] [SCAN] Analyzing USDJPY.sml
[2026-04-29 18:06:14.856661] [NO_TRADE] USDJPY.sml already checked candle 2026-04-29 14:00:00
[2026-04-29 18:06:14.856925] [SELECT] Trading symbol switched: USDJPY.sml -> EURJPY | AI watchlist candidate
[2026-04-29 18:06:14.856984] [SCAN] Analyzing EURJPY
[2026-04-29 18:06:15.503320] [NO_TRADE] EURJPY already checked candle 2026-04-29 14:00:00
[2026-04-29 18:06:15.503405] [WAIT] No order from AI watchlist this round
[2026-04-29 18:07:15.504551] [AI] Using cached daily forex scan from 2026-04-29 14:00:15 | symbols=EURUSD.sml, GBPUSD.sml, XAUUSD.sml, USDJPY.sml, EURJPY
[2026-04-29 18:07:15.504949] [WATCHLIST] AI watchlist scan: EURUSD.sml, GBPUSD.sml, XAUUSD.sml, USDJPY.sml, EURJPY
[2026-04-29 18:07:15.505171] [SELECT] Trading symbol switched: EURJPY -> EURUSD.sml | AI watchlist candidate
[2026-04-29 18:07:15.505222] [SCAN] Analyzing EURUSD.sml
[2026-04-29 18:07:16.151263] [NO_TRADE] EURUSD.sml already checked candle 2026-04-29 14:00:00
[2026-04-29 18:07:16.151467] [SELECT] Trading symbol switched: EURUSD.sml -> GBPUSD.sml | AI watchlist candidate
[2026-04-29 18:07:16.151510] [SCAN] Analyzing GBPUSD.sml
[2026-04-29 18:07:16.779542] [NO_TRADE] GBPUSD.sml already checked candle 2026-04-29 14:00:00
[2026-04-29 18:07:16.779780] [SELECT] Trading symbol switched: GBPUSD.sml -> XAUUSD.sml | AI watchlist candidate
[2026-04-29 18:07:16.779824] [SCAN] Analyzing XAUUSD.sml
[2026-04-29 18:07:17.101753] [NO_TRADE] XAUUSD.sml Spread too wide: 410.0 points > 80
[2026-04-29 18:07:17.101946] [SELECT] Trading symbol switched: XAUUSD.sml -> USDJPY.sml | AI watchlist candidate
[2026-04-29 18:07:17.101986] [SCAN] Analyzing USDJPY.sml
[2026-04-29 18:07:17.860460] [NO_TRADE] USDJPY.sml already checked candle 2026-04-29 14:00:00
[2026-04-29 18:07:17.860711] [SELECT] Trading symbol switched: USDJPY.sml -> EURJPY | AI watchlist candidate
[2026-04-29 18:07:17.860771] [SCAN] Analyzing EURJPY
[2026-04-29 18:07:18.505860] [NO_TRADE] EURJPY already checked candle 2026-04-29 14:00:00
[2026-04-29 18:07:18.505953] [WAIT] No order from AI watchlist this round
[2026-04-29 18:08:18.507424] [AI] Using cached daily forex scan from 2026-04-29 14:00:15 | symbols=EURUSD.sml, GBPUSD.sml, XAUUSD.sml, USDJPY.sml, EURJPY
[2026-04-29 18:08:18.507945] [WATCHLIST] AI watchlist scan: EURUSD.sml, GBPUSD.sml, XAUUSD.sml, USDJPY.sml, EURJPY
[2026-04-29 18:08:18.508187] [SELECT] Trading symbol switched: EURJPY -> EURUSD.sml | AI watchlist candidate
[2026-04-29 18:08:18.508246] [SCAN] Analyzing EURUSD.sml
[2026-04-29 18:08:19.368368] [NO_TRADE] EURUSD.sml already checked candle 2026-04-29 14:00:00
[2026-04-29 18:08:19.368634] [SELECT] Trading symbol switched: EURUSD.sml -> GBPUSD.sml | AI watchlist candidate
[2026-04-29 18:08:19.368704] [SCAN] Analyzing GBPUSD.sml
[2026-04-29 18:08:20.257491] [NO_TRADE] GBPUSD.sml already checked candle 2026-04-29 14:00:00
[2026-04-29 18:08:20.257703] [SELECT] Trading symbol switched: GBPUSD.sml -> XAUUSD.sml | AI watchlist candidate
[2026-04-29 18:08:20.257769] [SCAN] Analyzing XAUUSD.sml
[2026-04-29 18:08:20.731937] [NO_TRADE] XAUUSD.sml Spread too wide: 580.0 points > 80
[2026-04-29 18:08:20.732111] [SELECT] Trading symbol switched: XAUUSD.sml -> USDJPY.sml | AI watchlist candidate
[2026-04-29 18:08:20.732151] [SCAN] Analyzing USDJPY.sml
[2026-04-29 18:08:21.640144] [NO_TRADE] USDJPY.sml already checked candle 2026-04-29 14:00:00
[2026-04-29 18:08:21.640383] [SELECT] Trading symbol switched: USDJPY.sml -> EURJPY | AI watchlist candidate
[2026-04-29 18:08:21.640435] [SCAN] Analyzing EURJPY
[2026-04-29 18:08:22.483592] [NO_TRADE] EURJPY already checked candle 2026-04-29 14:00:00
[2026-04-29 18:08:22.483693] [WAIT] No order from AI watchlist this round
[2026-04-29 18:09:22.484977] [AI] Using cached daily forex scan from 2026-04-29 14:00:15 | symbols=EURUSD.sml, GBPUSD.sml, XAUUSD.sml, USDJPY.sml, EURJPY
[2026-04-29 18:09:22.485425] [WATCHLIST] AI watchlist scan: EURUSD.sml, GBPUSD.sml, XAUUSD.sml, USDJPY.sml, EURJPY
[2026-04-29 18:09:22.485673] [SELECT] Trading symbol switched: EURJPY -> EURUSD.sml | AI watchlist candidate
[2026-04-29 18:09:22.485732] [SCAN] Analyzing EURUSD.sml
[2026-04-29 18:09:23.350439] [NO_TRADE] EURUSD.sml already checked candle 2026-04-29 14:00:00
[2026-04-29 18:09:23.350703] [SELECT] Trading symbol switched: EURUSD.sml -> GBPUSD.sml | AI watchlist candidate
[2026-04-29 18:09:23.350765] [SCAN] Analyzing GBPUSD.sml
[2026-04-29 18:09:24.348077] [NO_TRADE] GBPUSD.sml already checked candle 2026-04-29 14:00:00
[2026-04-29 18:09:24.348395] [SELECT] Trading symbol switched: GBPUSD.sml -> XAUUSD.sml | AI watchlist candidate
[2026-04-29 18:09:24.348486] [SCAN] Analyzing XAUUSD.sml
[2026-04-29 18:09:24.742124] [NO_TRADE] XAUUSD.sml Spread too wide: 600.0 points > 80
[2026-04-29 18:09:24.742300] [SELECT] Trading symbol switched: XAUUSD.sml -> USDJPY.sml | AI watchlist candidate
[2026-04-29 18:09:24.742342] [SCAN] Analyzing USDJPY.sml
[2026-04-29 18:09:25.591824] [NO_TRADE] USDJPY.sml already checked candle 2026-04-29 14:00:00
[2026-04-29 18:09:25.592077] [SELECT] Trading symbol switched: USDJPY.sml -> EURJPY | AI watchlist candidate
[2026-04-29 18:09:25.592119] [SCAN] Analyzing EURJPY
[2026-04-29 18:09:26.459655] [NO_TRADE] EURJPY already checked candle 2026-04-29 14:00:00
[2026-04-29 18:09:26.459751] [WAIT] No order from AI watchlist this round
[2026-04-29 18:10:26.461912] [AI] Using cached daily forex scan from 2026-04-29 14:00:15 | symbols=EURUSD.sml, GBPUSD.sml, XAUUSD.sml, USDJPY.sml, EURJPY
[2026-04-29 18:10:26.462872] [WATCHLIST] AI watchlist scan: EURUSD.sml, GBPUSD.sml, XAUUSD.sml, USDJPY.sml, EURJPY
[2026-04-29 18:10:26.463307] [SELECT] Trading symbol switched: EURJPY -> EURUSD.sml | AI watchlist candidate
[2026-04-29 18:10:26.463425] [SCAN] Analyzing EURUSD.sml

==============================
Time: 2026-04-29 18:10:27.064086
SIGNAL: {'time': Timestamp('2026-04-29 14:05:00'), 'symbol': 'EURUSD.sml', 'side': 'NO_TRADE', 'price': 1.17068, 'reason': 'no Donchian breakout'}
[NO_TRADE] EURUSD.sml No trade
[2026-04-29 18:10:27.064311] [SELECT] Trading symbol switched: EURUSD.sml -> GBPUSD.sml | AI watchlist candidate
[2026-04-29 18:10:27.064351] [SCAN] Analyzing GBPUSD.sml

==============================
Time: 2026-04-29 18:10:27.716654
SIGNAL: {'time': Timestamp('2026-04-29 14:05:00'), 'symbol': 'GBPUSD.sml', 'side': 'NO_TRADE', 'price': 1.35068, 'reason': 'no Donchian breakout'}
[NO_TRADE] GBPUSD.sml No trade
[2026-04-29 18:10:27.716868] [SELECT] Trading symbol switched: GBPUSD.sml -> XAUUSD.sml | AI watchlist candidate
[2026-04-29 18:10:27.716910] [SCAN] Analyzing XAUUSD.sml
[2026-04-29 18:10:28.042102] [NO_TRADE] XAUUSD.sml Spread too wide: 580.0 points > 80
[2026-04-29 18:10:28.042278] [SELECT] Trading symbol switched: XAUUSD.sml -> USDJPY.sml | AI watchlist candidate
[2026-04-29 18:10:28.042318] [SCAN] Analyzing USDJPY.sml

==============================
Time: 2026-04-29 18:10:28.715175
SIGNAL: {'time': Timestamp('2026-04-29 14:05:00'), 'symbol': 'USDJPY.sml', 'side': 'NO_TRADE', 'price': 159.816, 'reason': 'no Donchian breakout'}
[NO_TRADE] USDJPY.sml No trade
[2026-04-29 18:10:28.715431] [SELECT] Trading symbol switched: USDJPY.sml -> EURJPY | AI watchlist candidate
[2026-04-29 18:10:28.715493] [SCAN] Analyzing EURJPY

==============================
Time: 2026-04-29 18:10:29.431829
SIGNAL: {'time': Timestamp('2026-04-29 14:05:00'), 'symbol': 'EURJPY', 'side': 'NO_TRADE', 'price': 187.035, 'reason': 'ATR too low atr_pct=0.00021'}
[NO_TRADE] EURJPY No trade
[2026-04-29 18:10:29.431946] [WAIT] No order from AI watchlist this round
[2026-04-29 18:11:29.433308] [AI] Using cached daily forex scan from 2026-04-29 14:00:15 | symbols=EURUSD.sml, GBPUSD.sml, XAUUSD.sml, USDJPY.sml, EURJPY
[2026-04-29 18:11:29.433755] [WATCHLIST] AI watchlist scan: EURUSD.sml, GBPUSD.sml, XAUUSD.sml, USDJPY.sml, EURJPY
[2026-04-29 18:11:29.433989] [SELECT] Trading symbol switched: EURJPY -> EURUSD.sml | AI watchlist candidate
[2026-04-29 18:11:29.434043] [SCAN] Analyzing EURUSD.sml
[2026-04-29 18:11:30.047290] [NO_TRADE] EURUSD.sml already checked candle 2026-04-29 14:05:00
[2026-04-29 18:11:30.047493] [SELECT] Trading symbol switched: EURUSD.sml -> GBPUSD.sml | AI watchlist candidate
[2026-04-29 18:11:30.047535] [SCAN] Analyzing GBPUSD.sml
[2026-04-29 18:11:30.665915] [NO_TRADE] GBPUSD.sml already checked candle 2026-04-29 14:05:00
[2026-04-29 18:11:30.666118] [SELECT] Trading symbol switched: GBPUSD.sml -> XAUUSD.sml | AI watchlist candidate
[2026-04-29 18:11:30.666159] [SCAN] Analyzing XAUUSD.sml
[2026-04-29 18:11:30.963500] [NO_TRADE] XAUUSD.sml Spread too wide: 580.0 points > 80
[2026-04-29 18:11:30.963674] [SELECT] Trading symbol switched: XAUUSD.sml -> USDJPY.sml | AI watchlist candidate
[2026-04-29 18:11:30.963715] [SCAN] Analyzing USDJPY.sml
[2026-04-29 18:11:31.648230] [NO_TRADE] USDJPY.sml already checked candle 2026-04-29 14:05:00
[2026-04-29 18:11:31.648461] [SELECT] Trading symbol switched: USDJPY.sml -> EURJPY | AI watchlist candidate
[2026-04-29 18:11:31.648521] [SCAN] Analyzing EURJPY
[2026-04-29 18:11:32.282330] [NO_TRADE] EURJPY already checked candle 2026-04-29 14:05:00
[2026-04-29 18:11:32.282424] [WAIT] No order from AI watchlist this round
[2026-04-29 18:12:32.284488] [AI] Using cached daily forex scan from 2026-04-29 14:00:15 | symbols=EURUSD.sml, GBPUSD.sml, XAUUSD.sml, USDJPY.sml, EURJPY
[2026-04-29 18:12:32.285594] [WATCHLIST] AI watchlist scan: EURUSD.sml, GBPUSD.sml, XAUUSD.sml, USDJPY.sml, EURJPY
[2026-04-29 18:12:32.286003] [SELECT] Trading symbol switched: EURJPY -> EURUSD.sml | AI watchlist candidate
[2026-04-29 18:12:32.286089] [SCAN] Analyzing EURUSD.sml
[2026-04-29 18:12:32.892316] [NO_TRADE] EURUSD.sml already checked candle 2026-04-29 14:05:00
[2026-04-29 18:12:32.892519] [SELECT] Trading symbol switched: EURUSD.sml -> GBPUSD.sml | AI watchlist candidate
[2026-04-29 18:12:32.892562] [SCAN] Analyzing GBPUSD.sml
[2026-04-29 18:12:33.583155] [NO_TRADE] GBPUSD.sml already checked candle 2026-04-29 14:05:00
[2026-04-29 18:12:33.583488] [SELECT] Trading symbol switched: GBPUSD.sml -> XAUUSD.sml | AI watchlist candidate
[2026-04-29 18:12:33.583537] [SCAN] Analyzing XAUUSD.sml
[2026-04-29 18:12:33.885248] [NO_TRADE] XAUUSD.sml Spread too wide: 580.0 points > 80
[2026-04-29 18:12:33.885423] [SELECT] Trading symbol switched: XAUUSD.sml -> USDJPY.sml | AI watchlist candidate
[2026-04-29 18:12:33.885465] [SCAN] Analyzing USDJPY.sml
[2026-04-29 18:12:34.529742] [NO_TRADE] USDJPY.sml already checked candle 2026-04-29 14:05:00
[2026-04-29 18:12:34.529977] [SELECT] Trading symbol switched: USDJPY.sml -> EURJPY | AI watchlist candidate
[2026-04-29 18:12:34.530045] [SCAN] Analyzing EURJPY
[2026-04-29 18:12:35.193678] [NO_TRADE] EURJPY already checked candle 2026-04-29 14:05:00
[2026-04-29 18:12:35.193765] [WAIT] No order from AI watchlist this round
[2026-04-29 18:13:35.195312] [AI] Using cached daily forex scan from 2026-04-29 14:00:15 | symbols=EURUSD.sml, GBPUSD.sml, XAUUSD.sml, USDJPY.sml, EURJPY
[2026-04-29 18:13:35.195826] [WATCHLIST] AI watchlist scan: EURUSD.sml, GBPUSD.sml, XAUUSD.sml, USDJPY.sml, EURJPY
[2026-04-29 18:13:35.196090] [SELECT] Trading symbol switched: EURJPY -> EURUSD.sml | AI watchlist candidate
[2026-04-29 18:13:35.196158] [SCAN] Analyzing EURUSD.sml
[2026-04-29 18:13:36.043453] [NO_TRADE] EURUSD.sml already checked candle 2026-04-29 14:05:00
[2026-04-29 18:13:36.043664] [SELECT] Trading symbol switched: EURUSD.sml -> GBPUSD.sml | AI watchlist candidate
[2026-04-29 18:13:36.043710] [SCAN] Analyzing GBPUSD.sml
[2026-04-29 18:13:36.859962] [NO_TRADE] GBPUSD.sml already checked candle 2026-04-29 14:05:00
[2026-04-29 18:13:36.860181] [SELECT] Trading symbol switched: GBPUSD.sml -> XAUUSD.sml | AI watchlist candidate
[2026-04-29 18:13:36.860238] [SCAN] Analyzing XAUUSD.sml
[2026-04-29 18:13:37.278096] [NO_TRADE] XAUUSD.sml Spread too wide: 590.0 points > 80
[2026-04-29 18:13:37.278353] [SELECT] Trading symbol switched: XAUUSD.sml -> USDJPY.sml | AI watchlist candidate
[2026-04-29 18:13:37.278428] [SCAN] Analyzing USDJPY.sml
[2026-04-29 18:13:38.220452] [NO_TRADE] USDJPY.sml already checked candle 2026-04-29 14:05:00
[2026-04-29 18:13:38.220804] [SELECT] Trading symbol switched: USDJPY.sml -> EURJPY | AI watchlist candidate
[2026-04-29 18:13:38.220874] [SCAN] Analyzing EURJPY
[2026-04-29 18:13:39.066336] [NO_TRADE] EURJPY already checked candle 2026-04-29 14:05:00
[2026-04-29 18:13:39.066434] [WAIT] No order from AI watchlist this round
[2026-04-29 18:14:39.067905] [AI] Using cached daily forex scan from 2026-04-29 14:00:15 | symbols=EURUSD.sml, GBPUSD.sml, XAUUSD.sml, USDJPY.sml, EURJPY
[2026-04-29 18:14:39.068449] [WATCHLIST] AI watchlist scan: EURUSD.sml, GBPUSD.sml, XAUUSD.sml, USDJPY.sml, EURJPY
[2026-04-29 18:14:39.068715] [SELECT] Trading symbol switched: EURJPY -> EURUSD.sml | AI watchlist candidate
[2026-04-29 18:14:39.068779] [SCAN] Analyzing EURUSD.sml
[2026-04-29 18:14:40.009372] [NO_TRADE] EURUSD.sml already checked candle 2026-04-29 14:05:00
[2026-04-29 18:14:40.009604] [SELECT] Trading symbol switched: EURUSD.sml -> GBPUSD.sml | AI watchlist candidate
[2026-04-29 18:14:40.009655] [SCAN] Analyzing GBPUSD.sml
[2026-04-29 18:14:40.880810] [NO_TRADE] GBPUSD.sml already checked candle 2026-04-29 14:05:00
[2026-04-29 18:14:40.881030] [SELECT] Trading symbol switched: GBPUSD.sml -> XAUUSD.sml | AI watchlist candidate
[2026-04-29 18:14:40.881080] [SCAN] Analyzing XAUUSD.sml
[2026-04-29 18:14:41.214782] [NO_TRADE] XAUUSD.sml Spread too wide: 590.0 points > 80
[2026-04-29 18:14:41.215009] [SELECT] Trading symbol switched: XAUUSD.sml -> USDJPY.sml | AI watchlist candidate
[2026-04-29 18:14:41.215065] [SCAN] Analyzing USDJPY.sml
[2026-04-29 18:14:41.888914] [NO_TRADE] USDJPY.sml already checked candle 2026-04-29 14:05:00
[2026-04-29 18:14:41.889130] [SELECT] Trading symbol switched: USDJPY.sml -> EURJPY | AI watchlist candidate
[2026-04-29 18:14:41.889172] [SCAN] Analyzing EURJPY
[2026-04-29 18:14:42.514534] [NO_TRADE] EURJPY already checked candle 2026-04-29 14:05:00
[2026-04-29 18:14:42.514623] [WAIT] No order from AI watchlist this round
[2026-04-29 18:15:42.516066] [AI] Using cached daily forex scan from 2026-04-29 14:00:15 | symbols=EURUSD.sml, GBPUSD.sml, XAUUSD.sml, USDJPY.sml, EURJPY
[2026-04-29 18:15:42.516776] [WATCHLIST] AI watchlist scan: EURUSD.sml, GBPUSD.sml, XAUUSD.sml, USDJPY.sml, EURJPY
[2026-04-29 18:15:42.517079] [SELECT] Trading symbol switched: EURJPY -> EURUSD.sml | AI watchlist candidate
[2026-04-29 18:15:42.517150] [SCAN] Analyzing EURUSD.sml

==============================
Time: 2026-04-29 18:15:43.403893
SIGNAL: {'time': Timestamp('2026-04-29 14:10:00'), 'symbol': 'EURUSD.sml', 'side': 'NO_TRADE', 'price': 1.1705, 'reason': 'no Donchian breakout'}
[NO_TRADE] EURUSD.sml No trade
[2026-04-29 18:15:43.404174] [SELECT] Trading symbol switched: EURUSD.sml -> GBPUSD.sml | AI watchlist candidate
[2026-04-29 18:15:43.404238] [SCAN] Analyzing GBPUSD.sml

==============================
Time: 2026-04-29 18:15:44.333546
SIGNAL: {'time': Timestamp('2026-04-29 14:10:00'), 'symbol': 'GBPUSD.sml', 'side': 'NO_TRADE', 'price': 1.35079, 'reason': 'no Donchian breakout'}
[NO_TRADE] GBPUSD.sml No trade
[2026-04-29 18:15:44.333756] [SELECT] Trading symbol switched: GBPUSD.sml -> XAUUSD.sml | AI watchlist candidate
[2026-04-29 18:15:44.333803] [SCAN] Analyzing XAUUSD.sml
[2026-04-29 18:15:44.802298] [NO_TRADE] XAUUSD.sml Spread too wide: 610.0 points > 80
[2026-04-29 18:15:44.802544] [SELECT] Trading symbol switched: XAUUSD.sml -> USDJPY.sml | AI watchlist candidate
[2026-04-29 18:15:44.802604] [SCAN] Analyzing USDJPY.sml

==============================
Time: 2026-04-29 18:15:45.829045
SIGNAL: {'time': Timestamp('2026-04-29 14:10:00'), 'symbol': 'USDJPY.sml', 'side': 'NO_TRADE', 'price': 159.817, 'reason': 'no Donchian breakout'}
[NO_TRADE] USDJPY.sml No trade
[2026-04-29 18:15:45.829342] [SELECT] Trading symbol switched: USDJPY.sml -> EURJPY | AI watchlist candidate
[2026-04-29 18:15:45.829401] [SCAN] Analyzing EURJPY

==============================
Time: 2026-04-29 18:15:46.732275
SIGNAL: {'time': Timestamp('2026-04-29 14:10:00'), 'symbol': 'EURJPY', 'side': 'NO_TRADE', 'price': 187.007, 'reason': 'no Donchian breakout'}
[NO_TRADE] EURJPY No trade
[2026-04-29 18:15:46.732409] [WAIT] No order from AI watchlist this round
[2026-04-29 18:16:46.734076] [AI] Using cached daily forex scan from 2026-04-29 14:00:15 | symbols=EURUSD.sml, GBPUSD.sml, XAUUSD.sml, USDJPY.sml, EURJPY
[2026-04-29 18:16:46.734924] [WATCHLIST] AI watchlist scan: EURUSD.sml, GBPUSD.sml, XAUUSD.sml, USDJPY.sml, EURJPY
[2026-04-29 18:16:46.735364] [SELECT] Trading symbol switched: EURJPY -> EURUSD.sml | AI watchlist candidate
[2026-04-29 18:16:46.735466] [SCAN] Analyzing EURUSD.sml
[2026-04-29 18:16:47.371650] [NO_TRADE] EURUSD.sml already checked candle 2026-04-29 14:10:00
[2026-04-29 18:16:47.371880] [SELECT] Trading symbol switched: EURUSD.sml -> GBPUSD.sml | AI watchlist candidate
[2026-04-29 18:16:47.371936] [SCAN] Analyzing GBPUSD.sml
[2026-04-29 18:16:47.977371] [NO_TRADE] GBPUSD.sml already checked candle 2026-04-29 14:10:00
[2026-04-29 18:16:47.977576] [SELECT] Trading symbol switched: GBPUSD.sml -> XAUUSD.sml | AI watchlist candidate
[2026-04-29 18:16:47.977617] [SCAN] Analyzing XAUUSD.sml
[2026-04-29 18:16:48.338331] [NO_TRADE] XAUUSD.sml Spread too wide: 340.0 points > 80
[2026-04-29 18:16:48.338584] [SELECT] Trading symbol switched: XAUUSD.sml -> USDJPY.sml | AI watchlist candidate
[2026-04-29 18:16:48.338652] [SCAN] Analyzing USDJPY.sml
[2026-04-29 18:16:48.989480] [NO_TRADE] USDJPY.sml already checked candle 2026-04-29 14:10:00
[2026-04-29 18:16:48.989717] [SELECT] Trading symbol switched: USDJPY.sml -> EURJPY | AI watchlist candidate
[2026-04-29 18:16:48.989764] [SCAN] Analyzing EURJPY
[2026-04-29 18:16:49.599264] [NO_TRADE] EURJPY already checked candle 2026-04-29 14:10:00
[2026-04-29 18:16:49.599355] [WAIT] No order from AI watchlist this round
[2026-04-29 18:17:49.600771] [AI] Using cached daily forex scan from 2026-04-29 14:00:15 | symbols=EURUSD.sml, GBPUSD.sml, XAUUSD.sml, USDJPY.sml, EURJPY
[2026-04-29 18:17:49.601418] [WATCHLIST] AI watchlist scan: EURUSD.sml, GBPUSD.sml, XAUUSD.sml, USDJPY.sml, EURJPY
[2026-04-29 18:17:49.601780] [SELECT] Trading symbol switched: EURJPY -> EURUSD.sml | AI watchlist candidate
[2026-04-29 18:17:49.601871] [SCAN] Analyzing EURUSD.sml
[2026-04-29 18:17:50.231291] [NO_TRADE] EURUSD.sml already checked candle 2026-04-29 14:10:00
[2026-04-29 18:17:50.231494] [SELECT] Trading symbol switched: EURUSD.sml -> GBPUSD.sml | AI watchlist candidate
[2026-04-29 18:17:50.231536] [SCAN] Analyzing GBPUSD.sml
[2026-04-29 18:17:51.103606] [NO_TRADE] GBPUSD.sml already checked candle 2026-04-29 14:10:00
[2026-04-29 18:17:51.103887] [SELECT] Trading symbol switched: GBPUSD.sml -> XAUUSD.sml | AI watchlist candidate
[2026-04-29 18:17:51.103963] [SCAN] Analyzing XAUUSD.sml
[2026-04-29 18:17:51.563590] [NO_TRADE] XAUUSD.sml Spread too wide: 620.0 points > 80
[2026-04-29 18:17:51.563802] [SELECT] Trading symbol switched: XAUUSD.sml -> USDJPY.sml | AI watchlist candidate
[2026-04-29 18:17:51.563854] [SCAN] Analyzing USDJPY.sml
[2026-04-29 18:17:52.402162] [NO_TRADE] USDJPY.sml already checked candle 2026-04-29 14:10:00
[2026-04-29 18:17:52.402425] [SELECT] Trading symbol switched: USDJPY.sml -> EURJPY | AI watchlist candidate
[2026-04-29 18:17:52.402519] [SCAN] Analyzing EURJPY
[2026-04-29 18:17:53.245704] [NO_TRADE] EURJPY already checked candle 2026-04-29 14:10:00
[2026-04-29 18:17:53.245784] [WAIT] No order from AI watchlist this round
[2026-04-29 18:18:53.247393] [AI] Using cached daily forex scan from 2026-04-29 14:00:15 | symbols=EURUSD.sml, GBPUSD.sml, XAUUSD.sml, USDJPY.sml, EURJPY
[2026-04-29 18:18:53.247934] [WATCHLIST] AI watchlist scan: EURUSD.sml, GBPUSD.sml, XAUUSD.sml, USDJPY.sml, EURJPY
[2026-04-29 18:18:53.248141] [SELECT] Trading symbol switched: EURJPY -> EURUSD.sml | AI watchlist candidate
[2026-04-29 18:18:53.248183] [SCAN] Analyzing EURUSD.sml
[2026-04-29 18:18:54.052271] [NO_TRADE] EURUSD.sml already checked candle 2026-04-29 14:10:00
[2026-04-29 18:18:54.052683] [SELECT] Trading symbol switched: EURUSD.sml -> GBPUSD.sml | AI watchlist candidate
[2026-04-29 18:18:54.053380] [SCAN] Analyzing GBPUSD.sml
[2026-04-29 18:18:54.906381] [NO_TRADE] GBPUSD.sml already checked candle 2026-04-29 14:10:00
[2026-04-29 18:18:54.906618] [SELECT] Trading symbol switched: GBPUSD.sml -> XAUUSD.sml | AI watchlist candidate
[2026-04-29 18:18:54.906734] [SCAN] Analyzing XAUUSD.sml
[2026-04-29 18:18:55.299860] [NO_TRADE] XAUUSD.sml Spread too wide: 620.0 points > 80
[2026-04-29 18:18:55.300057] [SELECT] Trading symbol switched: XAUUSD.sml -> USDJPY.sml | AI watchlist candidate
[2026-04-29 18:18:55.300135] [SCAN] Analyzing USDJPY.sml
[2026-04-29 18:18:56.174493] [NO_TRADE] USDJPY.sml already checked candle 2026-04-29 14:10:00
[2026-04-29 18:18:56.174740] [SELECT] Trading symbol switched: USDJPY.sml -> EURJPY | AI watchlist candidate
[2026-04-29 18:18:56.174822] [SCAN] Analyzing EURJPY
[2026-04-29 18:18:57.010435] [NO_TRADE] EURJPY already checked candle 2026-04-29 14:10:00
[2026-04-29 18:18:57.010552] [WAIT] No order from AI watchlist this round
[2026-04-29 18:19:57.011756] [AI] Using cached daily forex scan from 2026-04-29 14:00:15 | symbols=EURUSD.sml, GBPUSD.sml, XAUUSD.sml, USDJPY.sml, EURJPY
[2026-04-29 18:19:57.012257] [WATCHLIST] AI watchlist scan: EURUSD.sml, GBPUSD.sml, XAUUSD.sml, USDJPY.sml, EURJPY
[2026-04-29 18:19:57.012490] [SELECT] Trading symbol switched: EURJPY -> EURUSD.sml | AI watchlist candidate
[2026-04-29 18:19:57.012553] [SCAN] Analyzing EURUSD.sml
[2026-04-29 18:19:57.636115] [NO_TRADE] EURUSD.sml already checked candle 2026-04-29 14:10:00
[2026-04-29 18:19:57.636347] [SELECT] Trading symbol switched: EURUSD.sml -> GBPUSD.sml | AI watchlist candidate
[2026-04-29 18:19:57.636412] [SCAN] Analyzing GBPUSD.sml
[2026-04-29 18:19:58.323182] [NO_TRADE] GBPUSD.sml already checked candle 2026-04-29 14:10:00
[2026-04-29 18:19:58.323400] [SELECT] Trading symbol switched: GBPUSD.sml -> XAUUSD.sml | AI watchlist candidate
[2026-04-29 18:19:58.323449] [SCAN] Analyzing XAUUSD.sml
[2026-04-29 18:19:58.615648] [NO_TRADE] XAUUSD.sml Spread too wide: 620.0 points > 80
[2026-04-29 18:19:58.615826] [SELECT] Trading symbol switched: XAUUSD.sml -> USDJPY.sml | AI watchlist candidate
[2026-04-29 18:19:58.615867] [SCAN] Analyzing USDJPY.sml
[2026-04-29 18:19:59.285407] [NO_TRADE] USDJPY.sml already checked candle 2026-04-29 14:10:00
[2026-04-29 18:19:59.285641] [SELECT] Trading symbol switched: USDJPY.sml -> EURJPY | AI watchlist candidate
[2026-04-29 18:19:59.285690] [SCAN] Analyzing EURJPY
[2026-04-29 18:19:59.936316] [NO_TRADE] EURJPY already checked candle 2026-04-29 14:10:00
[2026-04-29 18:19:59.936425] [WAIT] No order from AI watchlist this round
[2026-04-29 18:20:59.938257] [AI] Using cached daily forex scan from 2026-04-29 14:00:15 | symbols=EURUSD.sml, GBPUSD.sml, XAUUSD.sml, USDJPY.sml, EURJPY
[2026-04-29 18:20:59.938734] [WATCHLIST] AI watchlist scan: EURUSD.sml, GBPUSD.sml, XAUUSD.sml, USDJPY.sml, EURJPY
[2026-04-29 18:20:59.938964] [SELECT] Trading symbol switched: EURJPY -> EURUSD.sml | AI watchlist candidate
[2026-04-29 18:20:59.939017] [SCAN] Analyzing EURUSD.sml

==============================
Time: 2026-04-29 18:21:00.606081
SIGNAL: {'time': Timestamp('2026-04-29 14:15:00'), 'symbol': 'EURUSD.sml', 'side': 'NO_TRADE', 'price': 1.17052, 'reason': 'no Donchian breakout'}
[NO_TRADE] EURUSD.sml No trade
[2026-04-29 18:21:00.606311] [SELECT] Trading symbol switched: EURUSD.sml -> GBPUSD.sml | AI watchlist candidate
[2026-04-29 18:21:00.606353] [SCAN] Analyzing GBPUSD.sml

==============================
Time: 2026-04-29 18:21:01.253263
SIGNAL: {'time': Timestamp('2026-04-29 14:15:00'), 'symbol': 'GBPUSD.sml', 'side': 'NO_TRADE', 'price': 1.35104, 'reason': 'no Donchian breakout'}
[NO_TRADE] GBPUSD.sml No trade
[2026-04-29 18:21:01.253487] [SELECT] Trading symbol switched: GBPUSD.sml -> XAUUSD.sml | AI watchlist candidate
[2026-04-29 18:21:01.253569] [SCAN] Analyzing XAUUSD.sml
[2026-04-29 18:21:01.594620] [NO_TRADE] XAUUSD.sml Spread too wide: 510.0 points > 80
[2026-04-29 18:21:01.594865] [SELECT] Trading symbol switched: XAUUSD.sml -> USDJPY.sml | AI watchlist candidate
[2026-04-29 18:21:01.594960] [SCAN] Analyzing USDJPY.sml

==============================
Time: 2026-04-29 18:21:02.321589
SIGNAL: {'time': Timestamp('2026-04-29 14:15:00'), 'symbol': 'USDJPY.sml', 'side': 'NO_TRADE', 'price': 159.823, 'reason': 'no Donchian breakout'}
[NO_TRADE] USDJPY.sml No trade
[2026-04-29 18:21:02.321870] [SELECT] Trading symbol switched: USDJPY.sml -> EURJPY | AI watchlist candidate
[2026-04-29 18:21:02.321927] [SCAN] Analyzing EURJPY

==============================
Time: 2026-04-29 18:21:02.972747
SIGNAL: {'time': Timestamp('2026-04-29 14:15:00'), 'symbol': 'EURJPY', 'side': 'NO_TRADE', 'price': 187.014, 'reason': 'no Donchian breakout'}
[NO_TRADE] EURJPY No trade
[2026-04-29 18:21:02.972858] [WAIT] No order from AI watchlist this round
[2026-04-29 18:22:02.974399] [AI] Using cached daily forex scan from 2026-04-29 14:00:15 | symbols=EURUSD.sml, GBPUSD.sml, XAUUSD.sml, USDJPY.sml, EURJPY
[2026-04-29 18:22:02.974890] [WATCHLIST] AI watchlist scan: EURUSD.sml, GBPUSD.sml, XAUUSD.sml, USDJPY.sml, EURJPY
[2026-04-29 18:22:02.975114] [SELECT] Trading symbol switched: EURJPY -> EURUSD.sml | AI watchlist candidate
[2026-04-29 18:22:02.975165] [SCAN] Analyzing EURUSD.sml
[2026-04-29 18:22:03.569203] [NO_TRADE] EURUSD.sml already checked candle 2026-04-29 14:15:00
[2026-04-29 18:22:03.569430] [SELECT] Trading symbol switched: EURUSD.sml -> GBPUSD.sml | AI watchlist candidate
[2026-04-29 18:22:03.569485] [SCAN] Analyzing GBPUSD.sml
[2026-04-29 18:22:04.235823] [NO_TRADE] GBPUSD.sml already checked candle 2026-04-29 14:15:00
[2026-04-29 18:22:04.236034] [SELECT] Trading symbol switched: GBPUSD.sml -> XAUUSD.sml | AI watchlist candidate
[2026-04-29 18:22:04.236080] [SCAN] Analyzing XAUUSD.sml
[2026-04-29 18:22:04.546595] [NO_TRADE] XAUUSD.sml Spread too wide: 540.0 points > 80
[2026-04-29 18:22:04.546865] [SELECT] Trading symbol switched: XAUUSD.sml -> USDJPY.sml | AI watchlist candidate
[2026-04-29 18:22:04.546959] [SCAN] Analyzing USDJPY.sml
[2026-04-29 18:22:05.250086] [NO_TRADE] USDJPY.sml already checked candle 2026-04-29 14:15:00
[2026-04-29 18:22:05.250403] [SELECT] Trading symbol switched: USDJPY.sml -> EURJPY | AI watchlist candidate
[2026-04-29 18:22:05.250510] [SCAN] Analyzing EURJPY
[2026-04-29 18:22:05.872590] [NO_TRADE] EURJPY already checked candle 2026-04-29 14:15:00
[2026-04-29 18:22:05.872681] [WAIT] No order from AI watchlist this round
[2026-04-29 18:23:05.874343] [AI] Using cached daily forex scan from 2026-04-29 14:00:15 | symbols=EURUSD.sml, GBPUSD.sml, XAUUSD.sml, USDJPY.sml, EURJPY
[2026-04-29 18:23:05.875116] [WATCHLIST] AI watchlist scan: EURUSD.sml, GBPUSD.sml, XAUUSD.sml, USDJPY.sml, EURJPY
[2026-04-29 18:23:05.875522] [SELECT] Trading symbol switched: EURJPY -> EURUSD.sml | AI watchlist candidate
[2026-04-29 18:23:05.875624] [SCAN] Analyzing EURUSD.sml
[2026-04-29 18:23:06.552435] [NO_TRADE] EURUSD.sml already checked candle 2026-04-29 14:15:00
[2026-04-29 18:23:06.552636] [SELECT] Trading symbol switched: EURUSD.sml -> GBPUSD.sml | AI watchlist candidate
[2026-04-29 18:23:06.552677] [SCAN] Analyzing GBPUSD.sml
[2026-04-29 18:23:07.163777] [NO_TRADE] GBPUSD.sml already checked candle 2026-04-29 14:15:00
[2026-04-29 18:23:07.164031] [SELECT] Trading symbol switched: GBPUSD.sml -> XAUUSD.sml | AI watchlist candidate
[2026-04-29 18:23:07.164092] [SCAN] Analyzing XAUUSD.sml
[2026-04-29 18:23:07.486076] [NO_TRADE] XAUUSD.sml Spread too wide: 340.0 points > 80
[2026-04-29 18:23:07.486248] [SELECT] Trading symbol switched: XAUUSD.sml -> USDJPY.sml | AI watchlist candidate
[2026-04-29 18:23:07.486290] [SCAN] Analyzing USDJPY.sml
[2026-04-29 18:23:08.178120] [NO_TRADE] USDJPY.sml already checked candle 2026-04-29 14:15:00
[2026-04-29 18:23:08.178323] [SELECT] Trading symbol switched: USDJPY.sml -> EURJPY | AI watchlist candidate
[2026-04-29 18:23:08.178372] [SCAN] Analyzing EURJPY
[2026-04-29 18:23:08.851371] [NO_TRADE] EURJPY already checked candle 2026-04-29 14:15:00
[2026-04-29 18:23:08.851481] [WAIT] No order from AI watchlist this round
[2026-04-29 18:24:08.853533] [AI] Using cached daily forex scan from 2026-04-29 14:00:15 | symbols=EURUSD.sml, GBPUSD.sml, XAUUSD.sml, USDJPY.sml, EURJPY
[2026-04-29 18:24:08.854254] [WATCHLIST] AI watchlist scan: EURUSD.sml, GBPUSD.sml, XAUUSD.sml, USDJPY.sml, EURJPY
[2026-04-29 18:24:08.854511] [SELECT] Trading symbol switched: EURJPY -> EURUSD.sml | AI watchlist candidate
[2026-04-29 18:24:08.854566] [SCAN] Analyzing EURUSD.sml
[2026-04-29 18:24:09.469261] [NO_TRADE] EURUSD.sml already checked candle 2026-04-29 14:15:00
[2026-04-29 18:24:09.469476] [SELECT] Trading symbol switched: EURUSD.sml -> GBPUSD.sml | AI watchlist candidate
[2026-04-29 18:24:09.469525] [SCAN] Analyzing GBPUSD.sml
[2026-04-29 18:24:10.147646] [NO_TRADE] GBPUSD.sml already checked candle 2026-04-29 14:15:00
[2026-04-29 18:24:10.147890] [SELECT] Trading symbol switched: GBPUSD.sml -> XAUUSD.sml | AI watchlist candidate
[2026-04-29 18:24:10.147935] [SCAN] Analyzing XAUUSD.sml
[2026-04-29 18:24:10.470151] [NO_TRADE] XAUUSD.sml Spread too wide: 370.0 points > 80
[2026-04-29 18:24:10.470319] [SELECT] Trading symbol switched: XAUUSD.sml -> USDJPY.sml | AI watchlist candidate
[2026-04-29 18:24:10.470358] [SCAN] Analyzing USDJPY.sml
[2026-04-29 18:24:11.091499] [NO_TRADE] USDJPY.sml already checked candle 2026-04-29 14:15:00
[2026-04-29 18:24:11.091900] [SELECT] Trading symbol switched: USDJPY.sml -> EURJPY | AI watchlist candidate
[2026-04-29 18:24:11.091990] [SCAN] Analyzing EURJPY
[2026-04-29 18:24:11.717022] [NO_TRADE] EURJPY already checked candle 2026-04-29 14:15:00
[2026-04-29 18:24:11.717136] [WAIT] No order from AI watchlist this round
[2026-04-29 18:25:11.718396] [AI] Using cached daily forex scan from 2026-04-29 14:00:15 | symbols=EURUSD.sml, GBPUSD.sml, XAUUSD.sml, USDJPY.sml, EURJPY
[2026-04-29 18:25:11.718817] [WATCHLIST] AI watchlist scan: EURUSD.sml, GBPUSD.sml, XAUUSD.sml, USDJPY.sml, EURJPY
[2026-04-29 18:25:11.719015] [SELECT] Trading symbol switched: EURJPY -> EURUSD.sml | AI watchlist candidate
[2026-04-29 18:25:11.719056] [SCAN] Analyzing EURUSD.sml

==============================
Time: 2026-04-29 18:25:12.419316
SIGNAL: {'time': Timestamp('2026-04-29 14:20:00'), 'symbol': 'EURUSD.sml', 'side': 'NO_TRADE', 'price': 1.17061, 'reason': 'no Donchian breakout'}
[NO_TRADE] EURUSD.sml No trade
[2026-04-29 18:25:12.419739] [SELECT] Trading symbol switched: EURUSD.sml -> GBPUSD.sml | AI watchlist candidate
[2026-04-29 18:25:12.419818] [SCAN] Analyzing GBPUSD.sml

==============================
Time: 2026-04-29 18:25:13.086960
SIGNAL: {'time': Timestamp('2026-04-29 14:20:00'), 'symbol': 'GBPUSD.sml', 'side': 'NO_TRADE', 'price': 1.35106, 'reason': 'no Donchian breakout'}
[NO_TRADE] GBPUSD.sml No trade
[2026-04-29 18:25:13.087185] [SELECT] Trading symbol switched: GBPUSD.sml -> XAUUSD.sml | AI watchlist candidate
[2026-04-29 18:25:13.087245] [SCAN] Analyzing XAUUSD.sml
[2026-04-29 18:25:13.417310] [NO_TRADE] XAUUSD.sml Spread too wide: 420.0 points > 80
[2026-04-29 18:25:13.417535] [SELECT] Trading symbol switched: XAUUSD.sml -> USDJPY.sml | AI watchlist candidate
[2026-04-29 18:25:13.417593] [SCAN] Analyzing USDJPY.sml

==============================
Time: 2026-04-29 18:25:14.094135
SIGNAL: {'time': Timestamp('2026-04-29 14:20:00'), 'symbol': 'USDJPY.sml', 'side': 'NO_TRADE', 'price': 159.829, 'reason': 'no Donchian breakout'}
[NO_TRADE] USDJPY.sml No trade
[2026-04-29 18:25:14.094360] [SELECT] Trading symbol switched: USDJPY.sml -> EURJPY | AI watchlist candidate
[2026-04-29 18:25:14.094400] [SCAN] Analyzing EURJPY

==============================
Time: 2026-04-29 18:25:14.808919
SIGNAL: {'time': Timestamp('2026-04-29 14:20:00'), 'symbol': 'EURJPY', 'side': 'NO_TRADE', 'price': 187.038, 'reason': 'no Donchian breakout'}
[NO_TRADE] EURJPY No trade
[2026-04-29 18:25:14.809036] [WAIT] No order from AI watchlist this round
[2026-04-29 18:26:14.810596] [AI] Using cached daily forex scan from 2026-04-29 14:00:15 | symbols=EURUSD.sml, GBPUSD.sml, XAUUSD.sml, USDJPY.sml, EURJPY
[2026-04-29 18:26:14.811416] [WATCHLIST] AI watchlist scan: EURUSD.sml, GBPUSD.sml, XAUUSD.sml, USDJPY.sml, EURJPY
[2026-04-29 18:26:14.811850] [SELECT] Trading symbol switched: EURJPY -> EURUSD.sml | AI watchlist candidate
[2026-04-29 18:26:14.811958] [SCAN] Analyzing EURUSD.sml
[2026-04-29 18:26:15.423818] [NO_TRADE] EURUSD.sml already checked candle 2026-04-29 14:20:00
[2026-04-29 18:26:15.424021] [SELECT] Trading symbol switched: EURUSD.sml -> GBPUSD.sml | AI watchlist candidate
[2026-04-29 18:26:15.424062] [SCAN] Analyzing GBPUSD.sml
[2026-04-29 18:26:16.034893] [NO_TRADE] GBPUSD.sml already checked candle 2026-04-29 14:20:00
[2026-04-29 18:26:16.035093] [SELECT] Trading symbol switched: GBPUSD.sml -> XAUUSD.sml | AI watchlist candidate
[2026-04-29 18:26:16.035137] [SCAN] Analyzing XAUUSD.sml
[2026-04-29 18:26:16.400670] [NO_TRADE] XAUUSD.sml Spread too wide: 100.0 points > 80
[2026-04-29 18:26:16.400924] [SELECT] Trading symbol switched: XAUUSD.sml -> USDJPY.sml | AI watchlist candidate
[2026-04-29 18:26:16.400987] [SCAN] Analyzing USDJPY.sml
[2026-04-29 18:26:17.061509] [NO_TRADE] USDJPY.sml already checked candle 2026-04-29 14:20:00
[2026-04-29 18:26:17.061723] [SELECT] Trading symbol switched: USDJPY.sml -> EURJPY | AI watchlist candidate
[2026-04-29 18:26:17.061766] [SCAN] Analyzing EURJPY
[2026-04-29 18:26:17.686807] [NO_TRADE] EURJPY already checked candle 2026-04-29 14:20:00
[2026-04-29 18:26:17.686919] [WAIT] No order from AI watchlist this round
[2026-04-29 18:27:17.688285] [AI] Using cached daily forex scan from 2026-04-29 14:00:15 | symbols=EURUSD.sml, GBPUSD.sml, XAUUSD.sml, USDJPY.sml, EURJPY
[2026-04-29 18:27:17.688803] [WATCHLIST] AI watchlist scan: EURUSD.sml, GBPUSD.sml, XAUUSD.sml, USDJPY.sml, EURJPY
[2026-04-29 18:27:17.689046] [SELECT] Trading symbol switched: EURJPY -> EURUSD.sml | AI watchlist candidate
[2026-04-29 18:27:17.689102] [SCAN] Analyzing EURUSD.sml
[2026-04-29 18:27:18.621654] [NO_TRADE] EURUSD.sml already checked candle 2026-04-29 14:20:00
[2026-04-29 18:27:18.621916] [SELECT] Trading symbol switched: EURUSD.sml -> GBPUSD.sml | AI watchlist candidate
[2026-04-29 18:27:18.621982] [SCAN] Analyzing GBPUSD.sml
[2026-04-29 18:27:19.456930] [NO_TRADE] GBPUSD.sml already checked candle 2026-04-29 14:20:00
[2026-04-29 18:27:19.457153] [SELECT] Trading symbol switched: GBPUSD.sml -> XAUUSD.sml | AI watchlist candidate
[2026-04-29 18:27:19.457260] [SCAN] Analyzing XAUUSD.sml
[2026-04-29 18:27:19.854052] [NO_TRADE] XAUUSD.sml Spread too wide: 600.0 points > 80
[2026-04-29 18:27:19.854230] [SELECT] Trading symbol switched: XAUUSD.sml -> USDJPY.sml | AI watchlist candidate
[2026-04-29 18:27:19.854270] [SCAN] Analyzing USDJPY.sml
[2026-04-29 18:27:20.691969] [NO_TRADE] USDJPY.sml already checked candle 2026-04-29 14:20:00
[2026-04-29 18:27:20.692275] [SELECT] Trading symbol switched: USDJPY.sml -> EURJPY | AI watchlist candidate
[2026-04-29 18:27:20.692332] [SCAN] Analyzing EURJPY
[2026-04-29 18:27:21.585234] [NO_TRADE] EURJPY already checked candle 2026-04-29 14:20:00
[2026-04-29 18:27:21.585328] [WAIT] No order from AI watchlist this round
[2026-04-29 18:28:21.586473] [AI] Using cached daily forex scan from 2026-04-29 14:00:15 | symbols=EURUSD.sml, GBPUSD.sml, XAUUSD.sml, USDJPY.sml, EURJPY
[2026-04-29 18:28:21.586923] [WATCHLIST] AI watchlist scan: EURUSD.sml, GBPUSD.sml, XAUUSD.sml, USDJPY.sml, EURJPY
[2026-04-29 18:28:21.587161] [SELECT] Trading symbol switched: EURJPY -> EURUSD.sml | AI watchlist candidate
[2026-04-29 18:28:21.587228] [SCAN] Analyzing EURUSD.sml
[2026-04-29 18:28:22.241537] [NO_TRADE] EURUSD.sml already checked candle 2026-04-29 14:20:00
[2026-04-29 18:28:22.241775] [SELECT] Trading symbol switched: EURUSD.sml -> GBPUSD.sml | AI watchlist candidate
[2026-04-29 18:28:22.241832] [SCAN] Analyzing GBPUSD.sml
[2026-04-29 18:28:22.949662] [NO_TRADE] GBPUSD.sml already checked candle 2026-04-29 14:20:00
[2026-04-29 18:28:22.949878] [SELECT] Trading symbol switched: GBPUSD.sml -> XAUUSD.sml | AI watchlist candidate
[2026-04-29 18:28:22.949922] [SCAN] Analyzing XAUUSD.sml
[2026-04-29 18:28:23.276631] [NO_TRADE] XAUUSD.sml Spread too wide: 580.0 points > 80
[2026-04-29 18:28:23.276789] [SELECT] Trading symbol switched: XAUUSD.sml -> USDJPY.sml | AI watchlist candidate
[2026-04-29 18:28:23.276829] [SCAN] Analyzing USDJPY.sml
[2026-04-29 18:28:23.937780] [NO_TRADE] USDJPY.sml already checked candle 2026-04-29 14:20:00
[2026-04-29 18:28:23.938037] [SELECT] Trading symbol switched: USDJPY.sml -> EURJPY | AI watchlist candidate
[2026-04-29 18:28:23.938108] [SCAN] Analyzing EURJPY
[2026-04-29 18:28:24.559027] [NO_TRADE] EURJPY already checked candle 2026-04-29 14:20:00
[2026-04-29 18:28:24.559122] [WAIT] No order from AI watchlist this round
[2026-04-29 18:29:24.560237] [AI] Using cached daily forex scan from 2026-04-29 14:00:15 | symbols=EURUSD.sml, GBPUSD.sml, XAUUSD.sml, USDJPY.sml, EURJPY
[2026-04-29 18:29:24.560626] [WATCHLIST] AI watchlist scan: EURUSD.sml, GBPUSD.sml, XAUUSD.sml, USDJPY.sml, EURJPY
[2026-04-29 18:29:24.560839] [SELECT] Trading symbol switched: EURJPY -> EURUSD.sml | AI watchlist candidate
[2026-04-29 18:29:24.560890] [SCAN] Analyzing EURUSD.sml
[2026-04-29 18:29:25.189091] [NO_TRADE] EURUSD.sml already checked candle 2026-04-29 14:20:00
[2026-04-29 18:29:25.189310] [SELECT] Trading symbol switched: EURUSD.sml -> GBPUSD.sml | AI watchlist candidate
[2026-04-29 18:29:25.189360] [SCAN] Analyzing GBPUSD.sml
[2026-04-29 18:29:25.828533] [NO_TRADE] GBPUSD.sml already checked candle 2026-04-29 14:20:00
[2026-04-29 18:29:25.828730] [SELECT] Trading symbol switched: GBPUSD.sml -> XAUUSD.sml | AI watchlist candidate
[2026-04-29 18:29:25.828774] [SCAN] Analyzing XAUUSD.sml
[2026-04-29 18:29:26.135941] [NO_TRADE] XAUUSD.sml Spread too wide: 460.0 points > 80
[2026-04-29 18:29:26.136138] [SELECT] Trading symbol switched: XAUUSD.sml -> USDJPY.sml | AI watchlist candidate
[2026-04-29 18:29:26.136184] [SCAN] Analyzing USDJPY.sml
[2026-04-29 18:29:26.843188] [NO_TRADE] USDJPY.sml already checked candle 2026-04-29 14:20:00
[2026-04-29 18:29:26.843418] [SELECT] Trading symbol switched: USDJPY.sml -> EURJPY | AI watchlist candidate
[2026-04-29 18:29:26.843464] [SCAN] Analyzing EURJPY
[2026-04-29 18:29:27.496272] [NO_TRADE] EURJPY already checked candle 2026-04-29 14:20:00
[2026-04-29 18:29:27.496370] [WAIT] No order from AI watchlist this round
[2026-04-29 18:30:27.497778] [AI] Using cached daily forex scan from 2026-04-29 14:00:15 | symbols=EURUSD.sml, GBPUSD.sml, XAUUSD.sml, USDJPY.sml, EURJPY
[2026-04-29 18:30:27.498289] [WATCHLIST] AI watchlist scan: EURUSD.sml, GBPUSD.sml, XAUUSD.sml, USDJPY.sml, EURJPY
[2026-04-29 18:30:27.637857] [ERROR] EURUSD.sml analysis error: Symbol not found: EURUSD.sml. Available similar symbols: XAUUSD, XAUEUR, XAUAUD, GOLD, XAUG
[2026-04-29 18:30:27.807601] [ERROR] GBPUSD.sml analysis error: Symbol not found: GBPUSD.sml. Available similar symbols: XAUUSD, XAUEUR, XAUAUD, GOLD, XAUG
[2026-04-29 18:30:27.831926] [SELECT] Trading symbol switched: EURJPY -> XAUUSD | AI watchlist candidate
[2026-04-29 18:30:27.832136] [SCAN] Analyzing XAUUSD
[2026-04-29 18:34:20.413304] [ERROR] XAUUSD.sml analysis error: No data from MT5: XAUUSD
[2026-04-29 18:34:20.549306] [ERROR] USDJPY.sml analysis error: Symbol not found: USDJPY.sml. Available similar symbols: XAUUSD, XAUEUR, XAUAUD, GOLD, XAUG
[2026-04-29 18:34:20.565637] [SELECT] Trading symbol switched: XAUUSD -> EURJPY | AI watchlist candidate
[2026-04-29 18:34:20.565782] [SCAN] Analyzing EURJPY
[2026-04-29 18:37:35.078339] [ERROR] EURJPY analysis error: No data from MT5: EURJPY
[2026-04-29 18:37:35.078560] [WAIT] No order from AI watchlist this round
[2026-04-29 18:38:35.081075] [AI] Using cached daily forex scan from 2026-04-29 14:00:15 | symbols=EURUSD.sml, GBPUSD.sml, XAUUSD.sml, USDJPY.sml, EURJPY
[2026-04-29 18:38:35.081799] [WATCHLIST] AI watchlist scan: EURUSD.sml, GBPUSD.sml, XAUUSD.sml, USDJPY.sml, EURJPY
[2026-04-29 18:38:35.081956] [ERROR] EURUSD.sml analysis error: Cannot load MT5 symbols: (-10001, 'IPC send failed')
[2026-04-29 18:38:35.082045] [ERROR] GBPUSD.sml analysis error: Cannot load MT5 symbols: (-10001, 'IPC send failed')
[2026-04-29 18:38:35.082118] [ERROR] XAUUSD.sml analysis error: Cannot load MT5 symbols: (-10001, 'IPC send failed')
[2026-04-29 18:38:35.082176] [ERROR] USDJPY.sml analysis error: Cannot load MT5 symbols: (-10001, 'IPC send failed')
[2026-04-29 18:38:35.082231] [ERROR] EURJPY analysis error: Cannot load MT5 symbols: (-10001, 'IPC send failed')
[2026-04-29 18:38:35.082278] [WAIT] No order from AI watchlist this round
[2026-04-29 18:39:35.083957] [AI] Using cached daily forex scan from 2026-04-29 14:00:15 | symbols=EURUSD.sml, GBPUSD.sml, XAUUSD.sml, USDJPY.sml, EURJPY
[2026-04-29 18:39:35.085081] [WATCHLIST] AI watchlist scan: EURUSD.sml, GBPUSD.sml, XAUUSD.sml, USDJPY.sml, EURJPY
[2026-04-29 18:39:35.085240] [ERROR] EURUSD.sml analysis error: Cannot load MT5 symbols: (-10001, 'IPC send failed')
[2026-04-29 18:39:35.085413] [ERROR] GBPUSD.sml analysis error: Cannot load MT5 symbols: (-10001, 'IPC send failed')
[2026-04-29 18:39:35.085641] [ERROR] XAUUSD.sml analysis error: Cannot load MT5 symbols: (-10001, 'IPC send failed')
[2026-04-29 18:39:35.085842] [ERROR] USDJPY.sml analysis error: Cannot load MT5 symbols: (-10001, 'IPC send failed')
[2026-04-29 18:39:35.085957] [ERROR] EURJPY analysis error: Cannot load MT5 symbols: (-10001, 'IPC send failed')
[2026-04-29 18:39:35.086104] [WAIT] No order from AI watchlist this round
[2026-04-29 18:40:35.087323] [AI] Using cached daily forex scan from 2026-04-29 14:00:15 | symbols=EURUSD.sml, GBPUSD.sml, XAUUSD.sml, USDJPY.sml, EURJPY
[2026-04-29 18:40:35.087833] [WATCHLIST] AI watchlist scan: EURUSD.sml, GBPUSD.sml, XAUUSD.sml, USDJPY.sml, EURJPY
[2026-04-29 18:40:35.088020] [ERROR] EURUSD.sml analysis error: Cannot load MT5 symbols: (-10001, 'IPC send failed')
[2026-04-29 18:40:35.088112] [ERROR] GBPUSD.sml analysis error: Cannot load MT5 symbols: (-10001, 'IPC send failed')
[2026-04-29 18:40:35.088187] [ERROR] XAUUSD.sml analysis error: Cannot load MT5 symbols: (-10001, 'IPC send failed')
[2026-04-29 18:40:35.088260] [ERROR] USDJPY.sml analysis error: Cannot load MT5 symbols: (-10001, 'IPC send failed')
[2026-04-29 18:40:35.088378] [ERROR] EURJPY analysis error: Cannot load MT5 symbols: (-10001, 'IPC send failed')
[2026-04-29 18:40:35.088446] [WAIT] No order from AI watchlist this round
[2026-04-29 18:41:35.097141] [AI] Using cached daily forex scan from 2026-04-29 14:00:15 | symbols=EURUSD.sml, GBPUSD.sml, XAUUSD.sml, USDJPY.sml, EURJPY
[2026-04-29 18:41:35.098246] [WATCHLIST] AI watchlist scan: EURUSD.sml, GBPUSD.sml, XAUUSD.sml, USDJPY.sml, EURJPY
[2026-04-29 18:41:35.098425] [ERROR] EURUSD.sml analysis error: Cannot load MT5 symbols: (-10001, 'IPC send failed')
[2026-04-29 18:41:35.098620] [ERROR] GBPUSD.sml analysis error: Cannot load MT5 symbols: (-10001, 'IPC send failed')
[2026-04-29 18:41:35.098724] [ERROR] XAUUSD.sml analysis error: Cannot load MT5 symbols: (-10001, 'IPC send failed')
[2026-04-29 18:41:35.098778] [ERROR] USDJPY.sml analysis error: Cannot load MT5 symbols: (-10001, 'IPC send failed')
[2026-04-29 18:41:35.098863] [ERROR] EURJPY analysis error: Cannot load MT5 symbols: (-10001, 'IPC send failed')
[2026-04-29 18:41:35.098902] [WAIT] No order from AI watchlist this round
[2026-04-29 18:42:35.107667] [AI] Using cached daily forex scan from 2026-04-29 14:00:15 | symbols=EURUSD.sml, GBPUSD.sml, XAUUSD.sml, USDJPY.sml, EURJPY
[2026-04-29 18:42:35.108221] [WATCHLIST] AI watchlist scan: EURUSD.sml, GBPUSD.sml, XAUUSD.sml, USDJPY.sml, EURJPY
[2026-04-29 18:42:35.108377] [ERROR] EURUSD.sml analysis error: Cannot load MT5 symbols: (-10001, 'IPC send failed')
[2026-04-29 18:42:35.108492] [ERROR] GBPUSD.sml analysis error: Cannot load MT5 symbols: (-10001, 'IPC send failed')
[2026-04-29 18:42:35.108564] [ERROR] XAUUSD.sml analysis error: Cannot load MT5 symbols: (-10001, 'IPC send failed')
[2026-04-29 18:42:35.108636] [ERROR] USDJPY.sml analysis error: Cannot load MT5 symbols: (-10001, 'IPC send failed')
[2026-04-29 18:42:35.108695] [ERROR] EURJPY analysis error: Cannot load MT5 symbols: (-10001, 'IPC send failed')
[2026-04-29 18:42:35.108738] [WAIT] No order from AI watchlist this round
[2026-04-29 18:43:35.109764] [AI] Using cached daily forex scan from 2026-04-29 14:00:15 | symbols=EURUSD.sml, GBPUSD.sml, XAUUSD.sml, USDJPY.sml, EURJPY
[2026-04-29 18:43:35.110164] [WATCHLIST] AI watchlist scan: EURUSD.sml, GBPUSD.sml, XAUUSD.sml, USDJPY.sml, EURJPY
[2026-04-29 18:43:35.110253] [ERROR] EURUSD.sml analysis error: Cannot load MT5 symbols: (-10001, 'IPC send failed')
[2026-04-29 18:43:35.110393] [ERROR] GBPUSD.sml analysis error: Cannot load MT5 symbols: (-10001, 'IPC send failed')
[2026-04-29 18:43:35.110554] [ERROR] XAUUSD.sml analysis error: Cannot load MT5 symbols: (-10001, 'IPC send failed')
[2026-04-29 18:43:35.110625] [ERROR] USDJPY.sml analysis error: Cannot load MT5 symbols: (-10001, 'IPC send failed')
[2026-04-29 18:43:35.110686] [ERROR] EURJPY analysis error: Cannot load MT5 symbols: (-10001, 'IPC send failed')
[2026-04-29 18:43:35.110799] [WAIT] No order from AI watchlist this round
[2026-04-29 18:44:35.118739] [AI] Using cached daily forex scan from 2026-04-29 14:00:15 | symbols=EURUSD, GBPUSD, XAUUSD, USDJPY, EURJPY
[2026-04-29 18:44:35.119186] [WATCHLIST] AI watchlist scan: EURUSD, GBPUSD, XAUUSD, USDJPY, EURJPY
[2026-04-29 18:44:35.119293] [ERROR] EURUSD analysis error: Cannot load MT5 symbols: (-10001, 'IPC send failed')
[2026-04-29 18:44:35.119353] [ERROR] GBPUSD analysis error: Cannot load MT5 symbols: (-10001, 'IPC send failed')
[2026-04-29 18:44:35.119402] [ERROR] XAUUSD analysis error: Cannot load MT5 symbols: (-10001, 'IPC send failed')
[2026-04-29 18:44:35.119445] [ERROR] USDJPY analysis error: Cannot load MT5 symbols: (-10001, 'IPC send failed')
[2026-04-29 18:44:35.119487] [ERROR] EURJPY analysis error: Cannot load MT5 symbols: (-10001, 'IPC send failed')
[2026-04-29 18:44:35.119537] [WAIT] No order from AI watchlist this round
[2026-04-29 18:45:35.120598] [AI] Using cached daily forex scan from 2026-04-29 14:00:15 | symbols=EURUSD, GBPUSD, XAUUSD, USDJPY, EURJPY
[2026-04-29 18:45:35.120979] [WATCHLIST] AI watchlist scan: EURUSD, GBPUSD, XAUUSD, USDJPY, EURJPY
[2026-04-29 18:45:35.121063] [ERROR] EURUSD analysis error: Cannot load MT5 symbols: (-10001, 'IPC send failed')
[2026-04-29 18:45:35.121239] [ERROR] GBPUSD analysis error: Cannot load MT5 symbols: (-10001, 'IPC send failed')
[2026-04-29 18:45:35.121312] [ERROR] XAUUSD analysis error: Cannot load MT5 symbols: (-10001, 'IPC send failed')
[2026-04-29 18:45:35.121378] [ERROR] USDJPY analysis error: Cannot load MT5 symbols: (-10001, 'IPC send failed')
[2026-04-29 18:45:35.121488] [ERROR] EURJPY analysis error: Cannot load MT5 symbols: (-10001, 'IPC send failed')
[2026-04-29 18:45:35.121574] [WAIT] No order from AI watchlist this round
[2026-04-29 18:46:35.122670] [AI] Using cached daily forex scan from 2026-04-29 14:00:15 | symbols=EURUSD, GBPUSD, XAUUSD, USDJPY, EURJPY
[2026-04-29 18:46:35.123068] [WATCHLIST] AI watchlist scan: EURUSD, GBPUSD, XAUUSD, USDJPY, EURJPY
[2026-04-29 18:46:35.123154] [ERROR] EURUSD analysis error: Cannot load MT5 symbols: (-10001, 'IPC send failed')
[2026-04-29 18:46:35.123226] [ERROR] GBPUSD analysis error: Cannot load MT5 symbols: (-10001, 'IPC send failed')
[2026-04-29 18:46:35.123347] [ERROR] XAUUSD analysis error: Cannot load MT5 symbols: (-10001, 'IPC send failed')
[2026-04-29 18:46:35.123471] [ERROR] USDJPY analysis error: Cannot load MT5 symbols: (-10001, 'IPC send failed')
[2026-04-29 18:46:35.123572] [ERROR] EURJPY analysis error: Cannot load MT5 symbols: (-10001, 'IPC send failed')
[2026-04-29 18:46:35.123626] [WAIT] No order from AI watchlist this round
[2026-04-29 18:47:35.124868] [AI] Using cached daily forex scan from 2026-04-29 14:00:15 | symbols=EURUSD, GBPUSD, XAUUSD, USDJPY, EURJPY
[2026-04-29 18:47:35.125288] [WATCHLIST] AI watchlist scan: EURUSD, GBPUSD, XAUUSD, USDJPY, EURJPY
[2026-04-29 18:47:35.125372] [ERROR] EURUSD analysis error: Cannot load MT5 symbols: (-10001, 'IPC send failed')
[2026-04-29 18:47:35.125439] [ERROR] GBPUSD analysis error: Cannot load MT5 symbols: (-10001, 'IPC send failed')
[2026-04-29 18:47:35.125503] [ERROR] XAUUSD analysis error: Cannot load MT5 symbols: (-10001, 'IPC send failed')
[2026-04-29 18:47:35.125562] [ERROR] USDJPY analysis error: Cannot load MT5 symbols: (-10001, 'IPC send failed')
[2026-04-29 18:47:35.125618] [ERROR] EURJPY analysis error: Cannot load MT5 symbols: (-10001, 'IPC send failed')
[2026-04-29 18:47:35.125665] [WAIT] No order from AI watchlist this round
[2026-04-29 18:48:35.126789] [AI] Using cached daily forex scan from 2026-04-29 14:00:15 | symbols=EURUSD, GBPUSD, XAUUSD, USDJPY, EURJPY
[2026-04-29 18:48:35.127168] [WATCHLIST] AI watchlist scan: EURUSD, GBPUSD, XAUUSD, USDJPY, EURJPY
[2026-04-29 18:48:35.127257] [ERROR] EURUSD analysis error: Cannot load MT5 symbols: (-10001, 'IPC send failed')
[2026-04-29 18:48:35.127325] [ERROR] GBPUSD analysis error: Cannot load MT5 symbols: (-10001, 'IPC send failed')
[2026-04-29 18:48:35.127459] [ERROR] XAUUSD analysis error: Cannot load MT5 symbols: (-10001, 'IPC send failed')
[2026-04-29 18:48:35.127560] [ERROR] USDJPY analysis error: Cannot load MT5 symbols: (-10001, 'IPC send failed')
[2026-04-29 18:48:35.127660] [ERROR] EURJPY analysis error: Cannot load MT5 symbols: (-10001, 'IPC send failed')
[2026-04-29 18:48:35.127710] [WAIT] No order from AI watchlist this round
[2026-04-29 18:49:35.128855] [AI] Using cached daily forex scan from 2026-04-29 14:00:15 | symbols=EURUSD, GBPUSD, XAUUSD, USDJPY, EURJPY
[2026-04-29 18:49:35.129391] [WATCHLIST] AI watchlist scan: EURUSD, GBPUSD, XAUUSD, USDJPY, EURJPY
[2026-04-29 18:49:35.129489] [ERROR] EURUSD analysis error: Cannot load MT5 symbols: (-10001, 'IPC send failed')
[2026-04-29 18:49:35.129635] [ERROR] GBPUSD analysis error: Cannot load MT5 symbols: (-10001, 'IPC send failed')
[2026-04-29 18:49:35.129760] [ERROR] XAUUSD analysis error: Cannot load MT5 symbols: (-10001, 'IPC send failed')
[2026-04-29 18:49:35.129824] [ERROR] USDJPY analysis error: Cannot load MT5 symbols: (-10001, 'IPC send failed')
[2026-04-29 18:49:35.129884] [ERROR] EURJPY analysis error: Cannot load MT5 symbols: (-10001, 'IPC send failed')
[2026-04-29 18:49:35.129923] [WAIT] No order from AI watchlist this round
[2026-04-29 18:50:35.131202] [AI] Using cached daily forex scan from 2026-04-29 14:00:15 | symbols=EURUSD, GBPUSD, XAUUSD, USDJPY, EURJPY
[2026-04-29 18:50:35.131829] [WATCHLIST] AI watchlist scan: EURUSD, GBPUSD, XAUUSD, USDJPY, EURJPY
[2026-04-29 18:50:35.132000] [ERROR] EURUSD analysis error: Cannot load MT5 symbols: (-10001, 'IPC send failed')
[2026-04-29 18:50:35.132120] [ERROR] GBPUSD analysis error: Cannot load MT5 symbols: (-10001, 'IPC send failed')
[2026-04-29 18:50:35.132271] [ERROR] XAUUSD analysis error: Cannot load MT5 symbols: (-10001, 'IPC send failed')
[2026-04-29 18:50:35.132383] [ERROR] USDJPY analysis error: Cannot load MT5 symbols: (-10001, 'IPC send failed')
[2026-04-29 18:50:35.132472] [ERROR] EURJPY analysis error: Cannot load MT5 symbols: (-10001, 'IPC send failed')
[2026-04-29 18:50:35.132544] [WAIT] No order from AI watchlist this round
[2026-04-29 18:51:35.133795] [AI] Using cached daily forex scan from 2026-04-29 14:00:15 | symbols=EURUSD, GBPUSD, XAUUSD, USDJPY, EURJPY
[2026-04-29 18:51:35.134306] [WATCHLIST] AI watchlist scan: EURUSD, GBPUSD, XAUUSD, USDJPY, EURJPY
[2026-04-29 18:51:35.134403] [ERROR] EURUSD analysis error: Cannot load MT5 symbols: (-10001, 'IPC send failed')
[2026-04-29 18:51:35.134480] [ERROR] GBPUSD analysis error: Cannot load MT5 symbols: (-10001, 'IPC send failed')
[2026-04-29 18:51:35.134549] [ERROR] XAUUSD analysis error: Cannot load MT5 symbols: (-10001, 'IPC send failed')
[2026-04-29 18:51:35.134611] [ERROR] USDJPY analysis error: Cannot load MT5 symbols: (-10001, 'IPC send failed')
[2026-04-29 18:51:35.134671] [ERROR] EURJPY analysis error: Cannot load MT5 symbols: (-10001, 'IPC send failed')
[2026-04-29 18:51:35.134732] [WAIT] No order from AI watchlist this round
[2026-04-29 18:52:35.136325] [AI] Using cached daily forex scan from 2026-04-29 14:00:15 | symbols=EURUSD, GBPUSD, XAUUSD, USDJPY, EURJPY
[2026-04-29 18:52:35.137488] [WATCHLIST] AI watchlist scan: EURUSD, GBPUSD, XAUUSD, USDJPY, EURJPY
[2026-04-29 18:52:35.137633] [ERROR] EURUSD analysis error: Cannot load MT5 symbols: (-10001, 'IPC send failed')
[2026-04-29 18:52:35.137753] [ERROR] GBPUSD analysis error: Cannot load MT5 symbols: (-10001, 'IPC send failed')
[2026-04-29 18:52:35.137840] [ERROR] XAUUSD analysis error: Cannot load MT5 symbols: (-10001, 'IPC send failed')
[2026-04-29 18:52:35.139577] [ERROR] USDJPY analysis error: Cannot load MT5 symbols: (-10001, 'IPC send failed')
[2026-04-29 18:52:35.146314] [ERROR] EURJPY analysis error: Cannot load MT5 symbols: (-10001, 'IPC send failed')
[2026-04-29 18:52:35.146681] [WAIT] No order from AI watchlist this round
[2026-04-29 18:53:35.150048] [AI] Using cached daily forex scan from 2026-04-29 14:00:15 | symbols=EURUSD, GBPUSD, XAUUSD, USDJPY, EURJPY
[2026-04-29 18:53:35.150739] [WATCHLIST] AI watchlist scan: EURUSD, GBPUSD, XAUUSD, USDJPY, EURJPY
[2026-04-29 18:53:35.150846] [ERROR] EURUSD analysis error: Cannot load MT5 symbols: (-10001, 'IPC send failed')
[2026-04-29 18:53:35.150923] [ERROR] GBPUSD analysis error: Cannot load MT5 symbols: (-10001, 'IPC send failed')
[2026-04-29 18:53:35.150978] [ERROR] XAUUSD analysis error: Cannot load MT5 symbols: (-10001, 'IPC send failed')
[2026-04-29 18:53:35.151029] [ERROR] USDJPY analysis error: Cannot load MT5 symbols: (-10001, 'IPC send failed')
[2026-04-29 18:53:35.151077] [ERROR] EURJPY analysis error: Cannot load MT5 symbols: (-10001, 'IPC send failed')
[2026-04-29 18:53:35.151116] [WAIT] No order from AI watchlist this round
[2026-04-29 18:54:35.152309] [AI] Using cached daily forex scan from 2026-04-29 14:00:15 | symbols=EURUSD, GBPUSD, XAUUSD, USDJPY, EURJPY
[2026-04-29 18:54:35.152725] [WATCHLIST] AI watchlist scan: EURUSD, GBPUSD, XAUUSD, USDJPY, EURJPY
[2026-04-29 18:54:35.152812] [ERROR] EURUSD analysis error: Cannot load MT5 symbols: (-10001, 'IPC send failed')
[2026-04-29 18:54:35.152905] [ERROR] GBPUSD analysis error: Cannot load MT5 symbols: (-10001, 'IPC send failed')
[2026-04-29 18:54:35.152989] [ERROR] XAUUSD analysis error: Cannot load MT5 symbols: (-10001, 'IPC send failed')
[2026-04-29 18:54:35.153047] [ERROR] USDJPY analysis error: Cannot load MT5 symbols: (-10001, 'IPC send failed')
[2026-04-29 18:54:35.153590] [ERROR] EURJPY analysis error: Cannot load MT5 symbols: (-10001, 'IPC send failed')
[2026-04-29 18:54:35.153678] [WAIT] No order from AI watchlist this round
[2026-04-29 18:55:35.155127] [AI] Using cached daily forex scan from 2026-04-29 14:00:15 | symbols=EURUSD, GBPUSD, XAUUSD, USDJPY, EURJPY
[2026-04-29 18:55:35.155582] [WATCHLIST] AI watchlist scan: EURUSD, GBPUSD, XAUUSD, USDJPY, EURJPY
[2026-04-29 18:55:35.155671] [ERROR] EURUSD analysis error: Cannot load MT5 symbols: (-10001, 'IPC send failed')
[2026-04-29 18:55:35.156149] [ERROR] GBPUSD analysis error: Cannot load MT5 symbols: (-10001, 'IPC send failed')
[2026-04-29 18:55:35.156220] [ERROR] XAUUSD analysis error: Cannot load MT5 symbols: (-10001, 'IPC send failed')
[2026-04-29 18:55:35.156274] [ERROR] USDJPY analysis error: Cannot load MT5 symbols: (-10001, 'IPC send failed')
[2026-04-29 18:55:35.156324] [ERROR] EURJPY analysis error: Cannot load MT5 symbols: (-10001, 'IPC send failed')
[2026-04-29 18:55:35.156362] [WAIT] No order from AI watchlist this round
[2026-04-29 18:56:35.157916] [AI] Using cached daily forex scan from 2026-04-29 14:00:15 | symbols=EURUSD, GBPUSD, XAUUSD, USDJPY, EURJPY
[2026-04-29 18:56:35.159009] [WATCHLIST] AI watchlist scan: EURUSD, GBPUSD, XAUUSD, USDJPY, EURJPY
[2026-04-29 18:56:35.159157] [ERROR] EURUSD analysis error: Cannot load MT5 symbols: (-10001, 'IPC send failed')
[2026-04-29 18:56:35.159270] [ERROR] GBPUSD analysis error: Cannot load MT5 symbols: (-10001, 'IPC send failed')
[2026-04-29 18:56:35.159382] [ERROR] XAUUSD analysis error: Cannot load MT5 symbols: (-10001, 'IPC send failed')
[2026-04-29 18:56:35.159465] [ERROR] USDJPY analysis error: Cannot load MT5 symbols: (-10001, 'IPC send failed')
[2026-04-29 18:56:35.159546] [ERROR] EURJPY analysis error: Cannot load MT5 symbols: (-10001, 'IPC send failed')
[2026-04-29 18:56:35.159616] [WAIT] No order from AI watchlist this round
[2026-04-29 18:57:35.161071] [AI] Using cached daily forex scan from 2026-04-29 14:00:15 | symbols=EURUSD, GBPUSD, XAUUSD, USDJPY, EURJPY
[2026-04-29 18:57:35.161542] [WATCHLIST] AI watchlist scan: EURUSD, GBPUSD, XAUUSD, USDJPY, EURJPY
[2026-04-29 18:57:35.161631] [ERROR] EURUSD analysis error: Cannot load MT5 symbols: (-10001, 'IPC send failed')
[2026-04-29 18:57:35.161708] [ERROR] GBPUSD analysis error: Cannot load MT5 symbols: (-10001, 'IPC send failed')
[2026-04-29 18:57:35.161780] [ERROR] XAUUSD analysis error: Cannot load MT5 symbols: (-10001, 'IPC send failed')
[2026-04-29 18:57:35.161912] [ERROR] USDJPY analysis error: Cannot load MT5 symbols: (-10001, 'IPC send failed')
[2026-04-29 18:57:35.161986] [ERROR] EURJPY analysis error: Cannot load MT5 symbols: (-10001, 'IPC send failed')
[2026-04-29 18:57:35.162032] [WAIT] No order from AI watchlist this round
[2026-04-29 18:58:35.163552] [AI] Using cached daily forex scan from 2026-04-29 14:00:15 | symbols=EURUSD, GBPUSD, XAUUSD, USDJPY, EURJPY
[2026-04-29 18:58:35.164044] [WATCHLIST] AI watchlist scan: EURUSD, GBPUSD, XAUUSD, USDJPY, EURJPY
[2026-04-29 18:58:35.164160] [ERROR] EURUSD analysis error: Cannot load MT5 symbols: (-10001, 'IPC send failed')
[2026-04-29 18:58:35.164239] [ERROR] GBPUSD analysis error: Cannot load MT5 symbols: (-10001, 'IPC send failed')
[2026-04-29 18:58:35.164322] [ERROR] XAUUSD analysis error: Cannot load MT5 symbols: (-10001, 'IPC send failed')
[2026-04-29 18:58:35.164599] [ERROR] USDJPY analysis error: Cannot load MT5 symbols: (-10001, 'IPC send failed')
[2026-04-29 18:58:35.164657] [ERROR] EURJPY analysis error: Cannot load MT5 symbols: (-10001, 'IPC send failed')
[2026-04-29 18:58:35.164699] [WAIT] No order from AI watchlist this round
[2026-04-29 18:59:35.166052] [AI] Using cached daily forex scan from 2026-04-29 14:00:15 | symbols=EURUSD, GBPUSD, XAUUSD, USDJPY, EURJPY
[2026-04-29 18:59:35.166692] [WATCHLIST] AI watchlist scan: EURUSD, GBPUSD, XAUUSD, USDJPY, EURJPY
[2026-04-29 18:59:35.166834] [ERROR] EURUSD analysis error: Cannot load MT5 symbols: (-10001, 'IPC send failed')
[2026-04-29 18:59:35.166955] [ERROR] GBPUSD analysis error: Cannot load MT5 symbols: (-10001, 'IPC send failed')
[2026-04-29 18:59:35.167047] [ERROR] XAUUSD analysis error: Cannot load MT5 symbols: (-10001, 'IPC send failed')
[2026-04-29 18:59:35.167114] [ERROR] USDJPY analysis error: Cannot load MT5 symbols: (-10001, 'IPC send failed')
[2026-04-29 18:59:35.167177] [ERROR] EURJPY analysis error: Cannot load MT5 symbols: (-10001, 'IPC send failed')
[2026-04-29 18:59:35.167223] [WAIT] No order from AI watchlist this round
[2026-04-29 19:00:35.168735] [AI] Using cached daily forex scan from 2026-04-29 14:00:15 | symbols=EURUSD, GBPUSD, XAUUSD, USDJPY, EURJPY
[2026-04-29 19:00:35.169128] [WATCHLIST] AI watchlist scan: EURUSD, GBPUSD, XAUUSD, USDJPY, EURJPY
[2026-04-29 19:00:35.169214] [ERROR] EURUSD analysis error: Cannot load MT5 symbols: (-10001, 'IPC send failed')
[2026-04-29 19:00:35.169284] [ERROR] GBPUSD analysis error: Cannot load MT5 symbols: (-10001, 'IPC send failed')
[2026-04-29 19:00:35.169357] [ERROR] XAUUSD analysis error: Cannot load MT5 symbols: (-10001, 'IPC send failed')
[2026-04-29 19:00:35.169469] [ERROR] USDJPY analysis error: Cannot load MT5 symbols: (-10001, 'IPC send failed')
[2026-04-29 19:00:35.169533] [ERROR] EURJPY analysis error: Cannot load MT5 symbols: (-10001, 'IPC send failed')
[2026-04-29 19:00:35.169575] [WAIT] No order from AI watchlist this round
[2026-04-29 19:01:35.171108] [AI] Using cached daily forex scan from 2026-04-29 14:00:15 | symbols=EURUSD, GBPUSD, XAUUSD, USDJPY, EURJPY
[2026-04-29 19:01:35.171890] [WATCHLIST] AI watchlist scan: EURUSD, GBPUSD, XAUUSD, USDJPY, EURJPY
[2026-04-29 19:01:35.172063] [ERROR] EURUSD analysis error: Cannot load MT5 symbols: (-10001, 'IPC send failed')
[2026-04-29 19:01:35.172206] [ERROR] GBPUSD analysis error: Cannot load MT5 symbols: (-10001, 'IPC send failed')
[2026-04-29 19:01:35.172414] [ERROR] XAUUSD analysis error: Cannot load MT5 symbols: (-10001, 'IPC send failed')
[2026-04-29 19:01:35.172604] [ERROR] USDJPY analysis error: Cannot load MT5 symbols: (-10001, 'IPC send failed')
[2026-04-29 19:01:35.172781] [ERROR] EURJPY analysis error: Cannot load MT5 symbols: (-10001, 'IPC send failed')
[2026-04-29 19:01:35.172899] [WAIT] No order from AI watchlist this round
[2026-04-29 19:02:35.180904] [AI] Using cached daily forex scan from 2026-04-29 14:00:15 | symbols=EURUSD, GBPUSD, XAUUSD, USDJPY, EURJPY
[2026-04-29 19:02:35.181689] [WATCHLIST] AI watchlist scan: EURUSD, GBPUSD, XAUUSD, USDJPY, EURJPY
[2026-04-29 19:02:35.181809] [ERROR] EURUSD analysis error: Cannot load MT5 symbols: (-10001, 'IPC send failed')
[2026-04-29 19:02:35.181900] [ERROR] GBPUSD analysis error: Cannot load MT5 symbols: (-10001, 'IPC send failed')
[2026-04-29 19:02:35.181985] [ERROR] XAUUSD analysis error: Cannot load MT5 symbols: (-10001, 'IPC send failed')
[2026-04-29 19:02:35.182056] [ERROR] USDJPY analysis error: Cannot load MT5 symbols: (-10001, 'IPC send failed')
[2026-04-29 19:02:35.182129] [ERROR] EURJPY analysis error: Cannot load MT5 symbols: (-10001, 'IPC send failed')
[2026-04-29 19:02:35.182180] [WAIT] No order from AI watchlist this round
[2026-04-29 19:03:35.184006] [AI] Using cached daily forex scan from 2026-04-29 14:00:15 | symbols=EURUSD, GBPUSD, XAUUSD, USDJPY, EURJPY
[2026-04-29 19:03:35.184824] [WATCHLIST] AI watchlist scan: EURUSD, GBPUSD, XAUUSD, USDJPY, EURJPY
[2026-04-29 19:03:35.184993] [ERROR] EURUSD analysis error: Cannot load MT5 symbols: (-10001, 'IPC send failed')
[2026-04-29 19:03:35.185167] [ERROR] GBPUSD analysis error: Cannot load MT5 symbols: (-10001, 'IPC send failed')
[2026-04-29 19:03:35.185251] [ERROR] XAUUSD analysis error: Cannot load MT5 symbols: (-10001, 'IPC send failed')
[2026-04-29 19:03:35.185324] [ERROR] USDJPY analysis error: Cannot load MT5 symbols: (-10001, 'IPC send failed')
[2026-04-29 19:03:35.185444] [ERROR] EURJPY analysis error: Cannot load MT5 symbols: (-10001, 'IPC send failed')
[2026-04-29 19:03:35.185532] [WAIT] No order from AI watchlist this round
[2026-04-29 19:04:35.187078] [AI] Using cached daily forex scan from 2026-04-29 14:00:15 | symbols=EURUSD, GBPUSD, XAUUSD, USDJPY, EURJPY
[2026-04-29 19:04:35.187583] [WATCHLIST] AI watchlist scan: EURUSD, GBPUSD, XAUUSD, USDJPY, EURJPY
[2026-04-29 19:04:35.187697] [ERROR] EURUSD analysis error: Cannot load MT5 symbols: (-10001, 'IPC send failed')
[2026-04-29 19:04:35.187778] [ERROR] GBPUSD analysis error: Cannot load MT5 symbols: (-10001, 'IPC send failed')
[2026-04-29 19:04:35.188635] [ERROR] XAUUSD analysis error: Cannot load MT5 symbols: (-10001, 'IPC send failed')
[2026-04-29 19:04:35.188733] [ERROR] USDJPY analysis error: Cannot load MT5 symbols: (-10001, 'IPC send failed')
[2026-04-29 19:04:35.188790] [ERROR] EURJPY analysis error: Cannot load MT5 symbols: (-10001, 'IPC send failed')
[2026-04-29 19:04:35.188832] [WAIT] No order from AI watchlist this round
[2026-04-29 19:05:35.191005] [AI] Using cached daily forex scan from 2026-04-29 14:00:15 | symbols=EURUSD, GBPUSD, XAUUSD, USDJPY, EURJPY
[2026-04-29 19:05:35.199449] [WATCHLIST] AI watchlist scan: EURUSD, GBPUSD, XAUUSD, USDJPY, EURJPY
[2026-04-29 19:05:35.199561] [ERROR] EURUSD analysis error: Cannot load MT5 symbols: (-10001, 'IPC send failed')
[2026-04-29 19:05:35.199633] [ERROR] GBPUSD analysis error: Cannot load MT5 symbols: (-10001, 'IPC send failed')
[2026-04-29 19:05:35.199699] [ERROR] XAUUSD analysis error: Cannot load MT5 symbols: (-10001, 'IPC send failed')
[2026-04-29 19:05:35.200201] [ERROR] USDJPY analysis error: Cannot load MT5 symbols: (-10001, 'IPC send failed')
[2026-04-29 19:05:35.200286] [ERROR] EURJPY analysis error: Cannot load MT5 symbols: (-10001, 'IPC send failed')
[2026-04-29 19:05:35.200331] [WAIT] No order from AI watchlist this round
[2026-04-29 19:06:35.202014] [AI] Using cached daily forex scan from 2026-04-29 14:00:15 | symbols=EURUSD, GBPUSD, XAUUSD, USDJPY, EURJPY
[2026-04-29 19:06:35.202517] [WATCHLIST] AI watchlist scan: EURUSD, GBPUSD, XAUUSD, USDJPY, EURJPY
[2026-04-29 19:06:35.202635] [ERROR] EURUSD analysis error: Cannot load MT5 symbols: (-10001, 'IPC send failed')
[2026-04-29 19:06:35.202719] [ERROR] GBPUSD analysis error: Cannot load MT5 symbols: (-10001, 'IPC send failed')
[2026-04-29 19:06:35.202894] [ERROR] XAUUSD analysis error: Cannot load MT5 symbols: (-10001, 'IPC send failed')
[2026-04-29 19:06:35.202968] [ERROR] USDJPY analysis error: Cannot load MT5 symbols: (-10001, 'IPC send failed')
[2026-04-29 19:06:35.203031] [ERROR] EURJPY analysis error: Cannot load MT5 symbols: (-10001, 'IPC send failed')
[2026-04-29 19:06:35.203079] [WAIT] No order from AI watchlist this round
[2026-04-29 19:07:35.204105] [AI] Using cached daily forex scan from 2026-04-29 14:00:15 | symbols=EURUSD, GBPUSD, XAUUSD, USDJPY, EURJPY
[2026-04-29 19:07:35.204412] [WATCHLIST] AI watchlist scan: EURUSD, GBPUSD, XAUUSD, USDJPY, EURJPY
[2026-04-29 19:07:35.204482] [ERROR] EURUSD analysis error: Cannot load MT5 symbols: (-10001, 'IPC send failed')
[2026-04-29 19:07:35.204540] [ERROR] GBPUSD analysis error: Cannot load MT5 symbols: (-10001, 'IPC send failed')
[2026-04-29 19:07:35.204595] [ERROR] XAUUSD analysis error: Cannot load MT5 symbols: (-10001, 'IPC send failed')
[2026-04-29 19:07:35.204641] [ERROR] USDJPY analysis error: Cannot load MT5 symbols: (-10001, 'IPC send failed')
[2026-04-29 19:07:35.204684] [ERROR] EURJPY analysis error: Cannot load MT5 symbols: (-10001, 'IPC send failed')
[2026-04-29 19:07:35.204717] [WAIT] No order from AI watchlist this round
[2026-04-29 19:08:35.206079] [AI] Using cached daily forex scan from 2026-04-29 14:00:15 | symbols=EURUSD, GBPUSD, XAUUSD, USDJPY, EURJPY
[2026-04-29 19:08:35.206727] [WATCHLIST] AI watchlist scan: EURUSD, GBPUSD, XAUUSD, USDJPY, EURJPY
[2026-04-29 19:08:35.206860] [ERROR] EURUSD analysis error: Cannot load MT5 symbols: (-10001, 'IPC send failed')
[2026-04-29 19:08:35.206974] [ERROR] GBPUSD analysis error: Cannot load MT5 symbols: (-10001, 'IPC send failed')
[2026-04-29 19:08:35.207085] [ERROR] XAUUSD analysis error: Cannot load MT5 symbols: (-10001, 'IPC send failed')
[2026-04-29 19:08:35.207183] [ERROR] USDJPY analysis error: Cannot load MT5 symbols: (-10001, 'IPC send failed')
[2026-04-29 19:08:35.207299] [ERROR] EURJPY analysis error: Cannot load MT5 symbols: (-10001, 'IPC send failed')
[2026-04-29 19:08:35.207370] [WAIT] No order from AI watchlist this round
[2026-04-29 19:09:35.209049] [AI] Using cached daily forex scan from 2026-04-29 14:00:15 | symbols=EURUSD, GBPUSD, XAUUSD, USDJPY, EURJPY
[2026-04-29 19:09:35.209862] [WATCHLIST] AI watchlist scan: EURUSD, GBPUSD, XAUUSD, USDJPY, EURJPY
[2026-04-29 19:09:35.210026] [ERROR] EURUSD analysis error: Cannot load MT5 symbols: (-10001, 'IPC send failed')
[2026-04-29 19:09:35.210145] [ERROR] GBPUSD analysis error: Cannot load MT5 symbols: (-10001, 'IPC send failed')
[2026-04-29 19:09:35.210253] [ERROR] XAUUSD analysis error: Cannot load MT5 symbols: (-10001, 'IPC send failed')
[2026-04-29 19:09:35.210431] [ERROR] USDJPY analysis error: Cannot load MT5 symbols: (-10001, 'IPC send failed')
[2026-04-29 19:09:35.210544] [ERROR] EURJPY analysis error: Cannot load MT5 symbols: (-10001, 'IPC send failed')
[2026-04-29 19:09:35.210615] [WAIT] No order from AI watchlist this round
[2026-04-29 19:10:35.212171] [AI] Using cached daily forex scan from 2026-04-29 14:00:15 | symbols=EURUSD, GBPUSD, XAUUSD, USDJPY, EURJPY
[2026-04-29 19:10:35.212922] [WATCHLIST] AI watchlist scan: EURUSD, GBPUSD, XAUUSD, USDJPY, EURJPY
[2026-04-29 19:10:35.213082] [ERROR] EURUSD analysis error: Cannot load MT5 symbols: (-10001, 'IPC send failed')
[2026-04-29 19:10:35.213237] [ERROR] GBPUSD analysis error: Cannot load MT5 symbols: (-10001, 'IPC send failed')
[2026-04-29 19:10:35.213364] [ERROR] XAUUSD analysis error: Cannot load MT5 symbols: (-10001, 'IPC send failed')
[2026-04-29 19:10:35.213480] [ERROR] USDJPY analysis error: Cannot load MT5 symbols: (-10001, 'IPC send failed')
[2026-04-29 19:10:35.213594] [ERROR] EURJPY analysis error: Cannot load MT5 symbols: (-10001, 'IPC send failed')
[2026-04-29 19:10:35.213704] [WAIT] No order from AI watchlist this round
[2026-04-29 19:11:35.215079] [AI] Using cached daily forex scan from 2026-04-29 14:00:15 | symbols=EURUSD, GBPUSD, XAUUSD, USDJPY, EURJPY
[2026-04-29 19:11:35.215465] [WATCHLIST] AI watchlist scan: EURUSD, GBPUSD, XAUUSD, USDJPY, EURJPY
[2026-04-29 19:11:35.215531] [ERROR] EURUSD analysis error: Cannot load MT5 symbols: (-10001, 'IPC send failed')
[2026-04-29 19:11:35.215584] [ERROR] GBPUSD analysis error: Cannot load MT5 symbols: (-10001, 'IPC send failed')
[2026-04-29 19:11:35.215631] [ERROR] XAUUSD analysis error: Cannot load MT5 symbols: (-10001, 'IPC send failed')
[2026-04-29 19:11:35.215674] [ERROR] USDJPY analysis error: Cannot load MT5 symbols: (-10001, 'IPC send failed')
[2026-04-29 19:11:35.215716] [ERROR] EURJPY analysis error: Cannot load MT5 symbols: (-10001, 'IPC send failed')
[2026-04-29 19:11:35.215746] [WAIT] No order from AI watchlist this round

============================================================
[Wed 04/29/2026 19:49:48.45] Forex bot launcher started
BOT_DIR=C:\Users\watch\auto-bot-trade
BOT_FILE=C:\Users\watch\auto-bot-trade\forex_bot.py
USER=watch
COMPUTER=3PM
FOREX_DRY_RUN=true
FOREX_AI_SCAN_ON_BOT_START=true
FOREX_CHECK_INTERVAL_SECONDS=60
PYTHONUTF8=1
PYTHONIOENCODING=utf-8
[Wed 04/29/2026 19:49:48.60] Python command: py -3
[Wed 04/29/2026 19:49:48.60] Starting forex_bot.py
[2026-04-29 19:49:51.322288] [START] Forex bot booting | pid=27660 | cwd=C:\Users\watch\auto-bot-trade | session=14:00-23:59 | blocked_hours=[] | interval=60s | DRY_RUN=True
[2026-04-29 19:49:51.322484] [CONNECT] Connecting MT5...
[2026-04-29 19:49:51.364264] [SCAN] Symbol resolved: XAUUSD -> XAUUSDm
[2026-04-29 19:49:51.364622] [OK] Connected MT5 | Symbol=XAUUSDm
[2026-04-29 19:49:51.364713] [START] Bot started
[2026-04-29 19:49:51.365327] [AI] Forcing DeepSeek scan on bot start
[2026-04-29 19:49:51.365386] [AI] DeepSeek daily forex scan starting...
[2026-04-29 19:49:51.372174] [AI] MT5 candidate symbols for AI: EURUSD, GBPUSD, USDJPY, USDCHF, USDCAD, AUDUSD, NZDUSD, EURJPY, GBPJPY, XAUUSD, EURGBP, EURCHF, EURCAD, EURAUD, EURNZD, GBPCHF, GBPCAD, GBPAUD, GBPNZD, AUDJPY, CADJPY, CHFJPY, NZDJPY, AUDCAD, AUDCHF, AUDNZD, CADCHF, NZDCAD, NZDCHF
[2026-04-29 19:50:01.723918] [AI] DeepSeek daily scan failed: Unterminated string starting at: line 25 column 17 (char 668)
[2026-04-29 19:50:01.725090] [AI] Using cached daily forex scan from 2026-04-29 14:00:15 | symbols=EURUSD, GBPUSD, XAUUSD, USDJPY, EURJPY
[2026-04-29 19:50:01.725559] [WATCHLIST] AI watchlist scan: EURUSD, GBPUSD, XAUUSD, USDJPY, EURJPY
[2026-04-29 19:50:01.730180] [SELECT] Trading symbol switched: XAUUSDm -> EURUSDm | AI watchlist candidate
[2026-04-29 19:50:01.730295] [SCAN] Analyzing EURUSDm
[2026-04-29 19:50:02.446728] [STOP] EURUSDm Daily loss limit reached: 0.00
[2026-04-29 19:50:02.451477] [SELECT] Trading symbol switched: EURUSDm -> GBPUSDm | AI watchlist candidate
[2026-04-29 19:50:02.451584] [SCAN] Analyzing GBPUSDm
[2026-04-29 19:50:03.105124] [STOP] GBPUSDm Daily loss limit reached: 0.00
[2026-04-29 19:50:03.109743] [SELECT] Trading symbol switched: GBPUSDm -> XAUUSDm | AI watchlist candidate
[2026-04-29 19:50:03.109835] [SCAN] Analyzing XAUUSDm
[2026-04-29 19:50:03.896246] [NO_TRADE] XAUUSDm Spread too wide: 280.0 points > 80
[2026-04-29 19:50:03.901201] [SELECT] Trading symbol switched: XAUUSDm -> USDJPYm | AI watchlist candidate
[2026-04-29 19:50:03.901337] [SCAN] Analyzing USDJPYm
[2026-04-29 19:50:04.630077] [STOP] USDJPYm Daily loss limit reached: 0.00
[2026-04-29 19:50:04.637024] [SELECT] Trading symbol switched: USDJPYm -> EURJPYm | AI watchlist candidate
[2026-04-29 19:50:04.637162] [SCAN] Analyzing EURJPYm
[2026-04-29 19:50:05.338599] [STOP] EURJPYm Daily loss limit reached: 0.00
[2026-04-29 19:50:05.338687] [WAIT] No order from AI watchlist this round
[2026-04-29 19:51:05.340769] [AI] Using cached daily forex scan from 2026-04-29 14:00:15 | symbols=EURUSD, GBPUSD, XAUUSD, USDJPY, EURJPY
[2026-04-29 19:51:05.341197] [WATCHLIST] AI watchlist scan: EURUSD, GBPUSD, XAUUSD, USDJPY, EURJPY
[2026-04-29 19:51:05.346820] [SELECT] Trading symbol switched: EURJPYm -> EURUSDm | AI watchlist candidate
[2026-04-29 19:51:05.346928] [SCAN] Analyzing EURUSDm
[2026-04-29 19:51:05.714656] [STOP] EURUSDm Daily loss limit reached: 0.00
[2026-04-29 19:51:05.719173] [SELECT] Trading symbol switched: EURUSDm -> GBPUSDm | AI watchlist candidate
[2026-04-29 19:51:05.719265] [SCAN] Analyzing GBPUSDm
[2026-04-29 19:51:06.083628] [STOP] GBPUSDm Daily loss limit reached: 0.00
[2026-04-29 19:51:06.087812] [SELECT] Trading symbol switched: GBPUSDm -> XAUUSDm | AI watchlist candidate
[2026-04-29 19:51:06.087904] [SCAN] Analyzing XAUUSDm
[2026-04-29 19:51:06.441464] [NO_TRADE] XAUUSDm Spread too wide: 280.0 points > 80
[2026-04-29 19:51:06.446046] [SELECT] Trading symbol switched: XAUUSDm -> USDJPYm | AI watchlist candidate
[2026-04-29 19:51:06.446153] [SCAN] Analyzing USDJPYm
[2026-04-29 19:51:06.803558] [STOP] USDJPYm Daily loss limit reached: 0.00
[2026-04-29 19:51:06.808238] [SELECT] Trading symbol switched: USDJPYm -> EURJPYm | AI watchlist candidate
[2026-04-29 19:51:06.808329] [SCAN] Analyzing EURJPYm
[2026-04-29 19:51:07.167263] [STOP] EURJPYm Daily loss limit reached: 0.00
[2026-04-29 19:51:07.167322] [WAIT] No order from AI watchlist this round
[2026-04-29 19:52:07.169121] [AI] Using cached daily forex scan from 2026-04-29 14:00:15 | symbols=EURUSD, GBPUSD, XAUUSD, USDJPY, EURJPY
[2026-04-29 19:52:07.169514] [WATCHLIST] AI watchlist scan: EURUSD, GBPUSD, XAUUSD, USDJPY, EURJPY
[2026-04-29 19:52:07.174819] [SELECT] Trading symbol switched: EURJPYm -> EURUSDm | AI watchlist candidate
[2026-04-29 19:52:07.174919] [SCAN] Analyzing EURUSDm
[2026-04-29 19:52:07.529342] [STOP] EURUSDm Daily loss limit reached: 0.00
[2026-04-29 19:52:07.533893] [SELECT] Trading symbol switched: EURUSDm -> GBPUSDm | AI watchlist candidate
[2026-04-29 19:52:07.533988] [SCAN] Analyzing GBPUSDm
[2026-04-29 19:52:07.884314] [STOP] GBPUSDm Daily loss limit reached: 0.00
[2026-04-29 19:52:07.888872] [SELECT] Trading symbol switched: GBPUSDm -> XAUUSDm | AI watchlist candidate
[2026-04-29 19:52:07.888959] [SCAN] Analyzing XAUUSDm
[2026-04-29 19:52:08.258345] [NO_TRADE] XAUUSDm Spread too wide: 280.0 points > 80
[2026-04-29 19:52:08.262687] [SELECT] Trading symbol switched: XAUUSDm -> USDJPYm | AI watchlist candidate
[2026-04-29 19:52:08.262788] [SCAN] Analyzing USDJPYm
[2026-04-29 19:52:08.607796] [STOP] USDJPYm Daily loss limit reached: 0.00
[2026-04-29 19:52:08.612354] [SELECT] Trading symbol switched: USDJPYm -> EURJPYm | AI watchlist candidate
[2026-04-29 19:52:08.612445] [SCAN] Analyzing EURJPYm
[2026-04-29 19:52:08.966532] [STOP] EURJPYm Daily loss limit reached: 0.00
[2026-04-29 19:52:08.966586] [WAIT] No order from AI watchlist this round
[2026-04-29 19:53:08.968446] [AI] Using cached daily forex scan from 2026-04-29 14:00:15 | symbols=EURUSD, GBPUSD, XAUUSD, USDJPY, EURJPY
[2026-04-29 19:53:08.968810] [WATCHLIST] AI watchlist scan: EURUSD, GBPUSD, XAUUSD, USDJPY, EURJPY
[2026-04-29 19:53:08.973021] [SELECT] Trading symbol switched: EURJPYm -> EURUSDm | AI watchlist candidate
[2026-04-29 19:53:08.973117] [SCAN] Analyzing EURUSDm
[2026-04-29 19:53:09.327488] [STOP] EURUSDm Daily loss limit reached: 0.00
[2026-04-29 19:53:09.332200] [SELECT] Trading symbol switched: EURUSDm -> GBPUSDm | AI watchlist candidate
[2026-04-29 19:53:09.332297] [SCAN] Analyzing GBPUSDm
[2026-04-29 19:53:09.680096] [STOP] GBPUSDm Daily loss limit reached: 0.00
[2026-04-29 19:53:09.685075] [SELECT] Trading symbol switched: GBPUSDm -> XAUUSDm | AI watchlist candidate
[2026-04-29 19:53:09.685164] [SCAN] Analyzing XAUUSDm
[2026-04-29 19:53:10.031274] [NO_TRADE] XAUUSDm Spread too wide: 280.0 points > 80
[2026-04-29 19:53:10.036023] [SELECT] Trading symbol switched: XAUUSDm -> USDJPYm | AI watchlist candidate
[2026-04-29 19:53:10.036113] [SCAN] Analyzing USDJPYm
[2026-04-29 19:53:10.387419] [STOP] USDJPYm Daily loss limit reached: 0.00
[2026-04-29 19:53:10.392175] [SELECT] Trading symbol switched: USDJPYm -> EURJPYm | AI watchlist candidate
[2026-04-29 19:53:10.392255] [SCAN] Analyzing EURJPYm
[2026-04-29 19:53:10.747499] [STOP] EURJPYm Daily loss limit reached: 0.00
[2026-04-29 19:53:10.747555] [WAIT] No order from AI watchlist this round
[2026-04-29 19:54:10.749381] [AI] Using cached daily forex scan from 2026-04-29 14:00:15 | symbols=EURUSD, GBPUSD, XAUUSD, USDJPY, EURJPY
[2026-04-29 19:54:10.750012] [WATCHLIST] AI watchlist scan: EURUSD, GBPUSD, XAUUSD, USDJPY, EURJPY
[2026-04-29 19:54:10.755594] [SELECT] Trading symbol switched: EURJPYm -> EURUSDm | AI watchlist candidate
[2026-04-29 19:54:10.755695] [SCAN] Analyzing EURUSDm
[2026-04-29 19:54:11.108514] [STOP] EURUSDm Daily loss limit reached: 0.00
[2026-04-29 19:54:11.115196] [SELECT] Trading symbol switched: EURUSDm -> GBPUSDm | AI watchlist candidate
[2026-04-29 19:54:11.115329] [SCAN] Analyzing GBPUSDm
[2026-04-29 19:54:11.469921] [STOP] GBPUSDm Daily loss limit reached: 0.00
[2026-04-29 19:54:11.474488] [SELECT] Trading symbol switched: GBPUSDm -> XAUUSDm | AI watchlist candidate
[2026-04-29 19:54:11.474580] [SCAN] Analyzing XAUUSDm
[2026-04-29 19:54:11.830754] [NO_TRADE] XAUUSDm Spread too wide: 280.0 points > 80
[2026-04-29 19:54:11.835563] [SELECT] Trading symbol switched: XAUUSDm -> USDJPYm | AI watchlist candidate
[2026-04-29 19:54:11.835653] [SCAN] Analyzing USDJPYm
[2026-04-29 19:54:12.213008] [STOP] USDJPYm Daily loss limit reached: 0.00
[2026-04-29 19:54:12.217787] [SELECT] Trading symbol switched: USDJPYm -> EURJPYm | AI watchlist candidate
[2026-04-29 19:54:12.217879] [SCAN] Analyzing EURJPYm
[2026-04-29 19:54:12.590643] [STOP] EURJPYm Daily loss limit reached: 0.00
[2026-04-29 19:54:12.590710] [WAIT] No order from AI watchlist this round
[2026-04-29 19:55:12.592610] [AI] Using cached daily forex scan from 2026-04-29 14:00:15 | symbols=EURUSD, GBPUSD, XAUUSD, USDJPY, EURJPY
[2026-04-29 19:55:12.593054] [WATCHLIST] AI watchlist scan: EURUSD, GBPUSD, XAUUSD, USDJPY, EURJPY
[2026-04-29 19:55:12.598413] [SELECT] Trading symbol switched: EURJPYm -> EURUSDm | AI watchlist candidate
[2026-04-29 19:55:12.598518] [SCAN] Analyzing EURUSDm
[2026-04-29 19:55:12.988845] [STOP] EURUSDm Daily loss limit reached: 0.00
[2026-04-29 19:55:12.993605] [SELECT] Trading symbol switched: EURUSDm -> GBPUSDm | AI watchlist candidate
[2026-04-29 19:55:12.993699] [SCAN] Analyzing GBPUSDm
[2026-04-29 19:55:13.432392] [STOP] GBPUSDm Daily loss limit reached: 0.00
[2026-04-29 19:55:13.436883] [SELECT] Trading symbol switched: GBPUSDm -> XAUUSDm | AI watchlist candidate
[2026-04-29 19:55:13.436981] [SCAN] Analyzing XAUUSDm
[2026-04-29 19:55:13.820995] [NO_TRADE] XAUUSDm Spread too wide: 280.0 points > 80
[2026-04-29 19:55:13.827041] [SELECT] Trading symbol switched: XAUUSDm -> USDJPYm | AI watchlist candidate
[2026-04-29 19:55:13.827144] [SCAN] Analyzing USDJPYm
[2026-04-29 19:55:14.208757] [STOP] USDJPYm Daily loss limit reached: 0.00
[2026-04-29 19:55:14.213368] [SELECT] Trading symbol switched: USDJPYm -> EURJPYm | AI watchlist candidate
[2026-04-29 19:55:14.213474] [SCAN] Analyzing EURJPYm
[2026-04-29 19:55:14.601409] [STOP] EURJPYm Daily loss limit reached: 0.00
[2026-04-29 19:55:14.601479] [WAIT] No order from AI watchlist this round
[2026-04-29 19:56:14.603385] [AI] Using cached daily forex scan from 2026-04-29 14:00:15 | symbols=EURUSD, GBPUSD, XAUUSD, USDJPY, EURJPY
[2026-04-29 19:56:14.603767] [WATCHLIST] AI watchlist scan: EURUSD, GBPUSD, XAUUSD, USDJPY, EURJPY
[2026-04-29 19:56:14.609159] [SELECT] Trading symbol switched: EURJPYm -> EURUSDm | AI watchlist candidate
[2026-04-29 19:56:14.609275] [SCAN] Analyzing EURUSDm
[2026-04-29 19:56:14.979309] [STOP] EURUSDm Daily loss limit reached: 0.00
[2026-04-29 19:56:14.986974] [SELECT] Trading symbol switched: EURUSDm -> GBPUSDm | AI watchlist candidate
[2026-04-29 19:56:14.987083] [SCAN] Analyzing GBPUSDm
[2026-04-29 19:56:15.344992] [STOP] GBPUSDm Daily loss limit reached: 0.00
[2026-04-29 19:56:15.349655] [SELECT] Trading symbol switched: GBPUSDm -> XAUUSDm | AI watchlist candidate
[2026-04-29 19:56:15.349811] [SCAN] Analyzing XAUUSDm
[2026-04-29 19:56:15.706749] [NO_TRADE] XAUUSDm Spread too wide: 280.0 points > 80
[2026-04-29 19:56:15.711483] [SELECT] Trading symbol switched: XAUUSDm -> USDJPYm | AI watchlist candidate
[2026-04-29 19:56:15.711593] [SCAN] Analyzing USDJPYm
[2026-04-29 19:56:16.070574] [STOP] USDJPYm Daily loss limit reached: 0.00
[2026-04-29 19:56:16.075067] [SELECT] Trading symbol switched: USDJPYm -> EURJPYm | AI watchlist candidate
[2026-04-29 19:56:16.075159] [SCAN] Analyzing EURJPYm
[2026-04-29 19:56:16.435078] [STOP] EURJPYm Daily loss limit reached: 0.00
[2026-04-29 19:56:16.435146] [WAIT] No order from AI watchlist this round
[2026-04-29 19:57:16.437377] [AI] Using cached daily forex scan from 2026-04-29 14:00:15 | symbols=EURUSD, GBPUSD, XAUUSD, USDJPY, EURJPY
[2026-04-29 19:57:16.437763] [WATCHLIST] AI watchlist scan: EURUSD, GBPUSD, XAUUSD, USDJPY, EURJPY
[2026-04-29 19:57:16.443708] [SELECT] Trading symbol switched: EURJPYm -> EURUSDm | AI watchlist candidate
[2026-04-29 19:57:16.443818] [SCAN] Analyzing EURUSDm
[2026-04-29 19:57:16.808851] [STOP] EURUSDm Daily loss limit reached: 0.00
[2026-04-29 19:57:16.813264] [SELECT] Trading symbol switched: EURUSDm -> GBPUSDm | AI watchlist candidate
[2026-04-29 19:57:16.813356] [SCAN] Analyzing GBPUSDm
[2026-04-29 19:57:17.176801] [STOP] GBPUSDm Daily loss limit reached: 0.00
[2026-04-29 19:57:17.181130] [SELECT] Trading symbol switched: GBPUSDm -> XAUUSDm | AI watchlist candidate
[2026-04-29 19:57:17.181224] [SCAN] Analyzing XAUUSDm
[2026-04-29 19:57:17.543474] [NO_TRADE] XAUUSDm Spread too wide: 280.0 points > 80
[2026-04-29 19:57:17.548033] [SELECT] Trading symbol switched: XAUUSDm -> USDJPYm | AI watchlist candidate
[2026-04-29 19:57:17.548125] [SCAN] Analyzing USDJPYm
[2026-04-29 19:57:17.908327] [STOP] USDJPYm Daily loss limit reached: 0.00
[2026-04-29 19:57:17.912938] [SELECT] Trading symbol switched: USDJPYm -> EURJPYm | AI watchlist candidate
[2026-04-29 19:57:17.913033] [SCAN] Analyzing EURJPYm
[2026-04-29 19:57:18.270297] [STOP] EURJPYm Daily loss limit reached: 0.00
[2026-04-29 19:57:18.270350] [WAIT] No order from AI watchlist this round
[2026-04-29 19:58:18.272456] [AI] Using cached daily forex scan from 2026-04-29 14:00:15 | symbols=EURUSD, GBPUSD, XAUUSD, USDJPY, EURJPY
[2026-04-29 19:58:18.272927] [WATCHLIST] AI watchlist scan: EURUSD, GBPUSD, XAUUSD, USDJPY, EURJPY
[2026-04-29 19:58:18.278153] [SELECT] Trading symbol switched: EURJPYm -> EURUSDm | AI watchlist candidate
[2026-04-29 19:58:18.278247] [SCAN] Analyzing EURUSDm
[2026-04-29 19:58:18.633191] [STOP] EURUSDm Daily loss limit reached: 0.00
[2026-04-29 19:58:18.637655] [SELECT] Trading symbol switched: EURUSDm -> GBPUSDm | AI watchlist candidate
[2026-04-29 19:58:18.637751] [SCAN] Analyzing GBPUSDm
[2026-04-29 19:58:19.004176] [STOP] GBPUSDm Daily loss limit reached: 0.00
[2026-04-29 19:58:19.008579] [SELECT] Trading symbol switched: GBPUSDm -> XAUUSDm | AI watchlist candidate
[2026-04-29 19:58:19.008672] [SCAN] Analyzing XAUUSDm
[2026-04-29 19:58:19.365635] [NO_TRADE] XAUUSDm Spread too wide: 280.0 points > 80
[2026-04-29 19:58:19.370010] [SELECT] Trading symbol switched: XAUUSDm -> USDJPYm | AI watchlist candidate
[2026-04-29 19:58:19.370104] [SCAN] Analyzing USDJPYm
[2026-04-29 19:58:19.716943] [STOP] USDJPYm Daily loss limit reached: 0.00
[2026-04-29 19:58:19.721710] [SELECT] Trading symbol switched: USDJPYm -> EURJPYm | AI watchlist candidate
[2026-04-29 19:58:19.721799] [SCAN] Analyzing EURJPYm
[2026-04-29 19:58:20.081393] [STOP] EURJPYm Daily loss limit reached: 0.00
[2026-04-29 19:58:20.081448] [WAIT] No order from AI watchlist this round
[2026-04-29 19:59:20.083732] [AI] Using cached daily forex scan from 2026-04-29 14:00:15 | symbols=EURUSD, GBPUSD, XAUUSD, USDJPY, EURJPY
[2026-04-29 19:59:20.084209] [WATCHLIST] AI watchlist scan: EURUSD, GBPUSD, XAUUSD, USDJPY, EURJPY
[2026-04-29 19:59:20.089473] [SELECT] Trading symbol switched: EURJPYm -> EURUSDm | AI watchlist candidate
[2026-04-29 19:59:20.089567] [SCAN] Analyzing EURUSDm
[2026-04-29 19:59:20.447925] [STOP] EURUSDm Daily loss limit reached: 0.00
[2026-04-29 19:59:20.452625] [SELECT] Trading symbol switched: EURUSDm -> GBPUSDm | AI watchlist candidate
[2026-04-29 19:59:20.452720] [SCAN] Analyzing GBPUSDm
[2026-04-29 19:59:20.809618] [STOP] GBPUSDm Daily loss limit reached: 0.00
[2026-04-29 19:59:20.814468] [SELECT] Trading symbol switched: GBPUSDm -> XAUUSDm | AI watchlist candidate
[2026-04-29 19:59:20.814577] [SCAN] Analyzing XAUUSDm
[2026-04-29 19:59:21.180129] [NO_TRADE] XAUUSDm Spread too wide: 280.0 points > 80
[2026-04-29 19:59:21.187318] [SELECT] Trading symbol switched: XAUUSDm -> USDJPYm | AI watchlist candidate
[2026-04-29 19:59:21.187442] [SCAN] Analyzing USDJPYm
[2026-04-29 19:59:21.582554] [STOP] USDJPYm Daily loss limit reached: 0.00
[2026-04-29 19:59:21.587201] [SELECT] Trading symbol switched: USDJPYm -> EURJPYm | AI watchlist candidate
[2026-04-29 19:59:21.587293] [SCAN] Analyzing EURJPYm
[2026-04-29 19:59:22.019995] [STOP] EURJPYm Daily loss limit reached: 0.00
[2026-04-29 19:59:22.020059] [WAIT] No order from AI watchlist this round
[2026-04-29 20:00:22.021901] [AI] Using cached daily forex scan from 2026-04-29 14:00:15 | symbols=EURUSD, GBPUSD, XAUUSD, USDJPY, EURJPY
[2026-04-29 20:00:22.022300] [WATCHLIST] AI watchlist scan: EURUSD, GBPUSD, XAUUSD, USDJPY, EURJPY
[2026-04-29 20:00:22.027365] [SELECT] Trading symbol switched: EURJPYm -> EURUSDm | AI watchlist candidate
[2026-04-29 20:00:22.027455] [SCAN] Analyzing EURUSDm
[2026-04-29 20:00:22.422407] [STOP] EURUSDm Daily loss limit reached: 0.00
[2026-04-29 20:00:22.426760] [SELECT] Trading symbol switched: EURUSDm -> GBPUSDm | AI watchlist candidate
[2026-04-29 20:00:22.426854] [SCAN] Analyzing GBPUSDm
[2026-04-29 20:00:22.820172] [STOP] GBPUSDm Daily loss limit reached: 0.00
[2026-04-29 20:00:22.824935] [SELECT] Trading symbol switched: GBPUSDm -> XAUUSDm | AI watchlist candidate
[2026-04-29 20:00:22.825030] [SCAN] Analyzing XAUUSDm
[2026-04-29 20:00:23.203961] [NO_TRADE] XAUUSDm Spread too wide: 280.0 points > 80
[2026-04-29 20:00:23.208706] [SELECT] Trading symbol switched: XAUUSDm -> USDJPYm | AI watchlist candidate
[2026-04-29 20:00:23.208816] [SCAN] Analyzing USDJPYm
[2026-04-29 20:00:23.591078] [STOP] USDJPYm Daily loss limit reached: 0.00
[2026-04-29 20:00:23.596694] [SELECT] Trading symbol switched: USDJPYm -> EURJPYm | AI watchlist candidate
[2026-04-29 20:00:23.596822] [SCAN] Analyzing EURJPYm
[2026-04-29 20:00:23.976695] [STOP] EURJPYm Daily loss limit reached: 0.00
[2026-04-29 20:00:23.976756] [WAIT] No order from AI watchlist this round
[2026-04-29 20:01:23.978838] [AI] Using cached daily forex scan from 2026-04-29 14:00:15 | symbols=EURUSD, GBPUSD, XAUUSD, USDJPY, EURJPY
[2026-04-29 20:01:23.979381] [WATCHLIST] AI watchlist scan: EURUSD, GBPUSD, XAUUSD, USDJPY, EURJPY
[2026-04-29 20:01:23.985767] [SELECT] Trading symbol switched: EURJPYm -> EURUSDm | AI watchlist candidate
[2026-04-29 20:01:23.985883] [SCAN] Analyzing EURUSDm
[2026-04-29 20:01:24.348405] [STOP] EURUSDm Daily loss limit reached: 0.00
[2026-04-29 20:01:24.353095] [SELECT] Trading symbol switched: EURUSDm -> GBPUSDm | AI watchlist candidate
[2026-04-29 20:01:24.353191] [SCAN] Analyzing GBPUSDm
[2026-04-29 20:01:24.708209] [STOP] GBPUSDm Daily loss limit reached: 0.00
[2026-04-29 20:01:24.712713] [SELECT] Trading symbol switched: GBPUSDm -> XAUUSDm | AI watchlist candidate
[2026-04-29 20:01:24.712807] [SCAN] Analyzing XAUUSDm
[2026-04-29 20:01:25.068090] [NO_TRADE] XAUUSDm Spread too wide: 280.0 points > 80
[2026-04-29 20:01:25.072893] [SELECT] Trading symbol switched: XAUUSDm -> USDJPYm | AI watchlist candidate
[2026-04-29 20:01:25.073000] [SCAN] Analyzing USDJPYm
[2026-04-29 20:01:25.434417] [STOP] USDJPYm Daily loss limit reached: 0.00
[2026-04-29 20:01:25.438800] [SELECT] Trading symbol switched: USDJPYm -> EURJPYm | AI watchlist candidate
[2026-04-29 20:01:25.438897] [SCAN] Analyzing EURJPYm
[2026-04-29 20:01:25.800784] [STOP] EURJPYm Daily loss limit reached: 0.00
[2026-04-29 20:01:25.800855] [WAIT] No order from AI watchlist this round
[2026-04-29 20:02:25.802767] [AI] Using cached daily forex scan from 2026-04-29 14:00:15 | symbols=EURUSD, GBPUSD, XAUUSD, USDJPY, EURJPY
[2026-04-29 20:02:25.803192] [WATCHLIST] AI watchlist scan: EURUSD, GBPUSD, XAUUSD, USDJPY, EURJPY
[2026-04-29 20:02:25.808617] [SELECT] Trading symbol switched: EURJPYm -> EURUSDm | AI watchlist candidate
[2026-04-29 20:02:25.808715] [SCAN] Analyzing EURUSDm
[2026-04-29 20:02:26.170361] [STOP] EURUSDm Daily loss limit reached: 0.00
[2026-04-29 20:02:26.174840] [SELECT] Trading symbol switched: EURUSDm -> GBPUSDm | AI watchlist candidate
[2026-04-29 20:02:26.174934] [SCAN] Analyzing GBPUSDm
[2026-04-29 20:02:26.542077] [STOP] GBPUSDm Daily loss limit reached: 0.00
[2026-04-29 20:02:26.546623] [SELECT] Trading symbol switched: GBPUSDm -> XAUUSDm | AI watchlist candidate
[2026-04-29 20:02:26.546723] [SCAN] Analyzing XAUUSDm
[2026-04-29 20:02:26.898194] [NO_TRADE] XAUUSDm Spread too wide: 280.0 points > 80
[2026-04-29 20:02:26.902972] [SELECT] Trading symbol switched: XAUUSDm -> USDJPYm | AI watchlist candidate
[2026-04-29 20:02:26.903141] [SCAN] Analyzing USDJPYm
[2026-04-29 20:02:27.263091] [STOP] USDJPYm Daily loss limit reached: 0.00
[2026-04-29 20:02:27.267402] [SELECT] Trading symbol switched: USDJPYm -> EURJPYm | AI watchlist candidate
[2026-04-29 20:02:27.267493] [SCAN] Analyzing EURJPYm
[2026-04-29 20:02:27.628353] [STOP] EURJPYm Daily loss limit reached: 0.00
[2026-04-29 20:02:27.628406] [WAIT] No order from AI watchlist this round
[2026-04-29 20:03:27.630691] [AI] Using cached daily forex scan from 2026-04-29 14:00:15 | symbols=EURUSD, GBPUSD, XAUUSD, USDJPY, EURJPY
[2026-04-29 20:03:27.631120] [WATCHLIST] AI watchlist scan: EURUSD, GBPUSD, XAUUSD, USDJPY, EURJPY
[2026-04-29 20:03:27.636515] [SELECT] Trading symbol switched: EURJPYm -> EURUSDm | AI watchlist candidate
[2026-04-29 20:03:27.636608] [SCAN] Analyzing EURUSDm
[2026-04-29 20:03:27.992373] [STOP] EURUSDm Daily loss limit reached: 0.00
[2026-04-29 20:03:27.996914] [SELECT] Trading symbol switched: EURUSDm -> GBPUSDm | AI watchlist candidate
[2026-04-29 20:03:27.997006] [SCAN] Analyzing GBPUSDm
[2026-04-29 20:03:28.349703] [STOP] GBPUSDm Daily loss limit reached: 0.00
[2026-04-29 20:03:28.354047] [SELECT] Trading symbol switched: GBPUSDm -> XAUUSDm | AI watchlist candidate
[2026-04-29 20:03:28.354141] [SCAN] Analyzing XAUUSDm
[2026-04-29 20:03:28.712128] [NO_TRADE] XAUUSDm Spread too wide: 280.0 points > 80
[2026-04-29 20:03:28.717139] [SELECT] Trading symbol switched: XAUUSDm -> USDJPYm | AI watchlist candidate
[2026-04-29 20:03:28.717237] [SCAN] Analyzing USDJPYm
[2026-04-29 20:03:29.079537] [STOP] USDJPYm Daily loss limit reached: 0.00
[2026-04-29 20:03:29.084172] [SELECT] Trading symbol switched: USDJPYm -> EURJPYm | AI watchlist candidate
[2026-04-29 20:03:29.084262] [SCAN] Analyzing EURJPYm
[2026-04-29 20:03:29.429360] [STOP] EURJPYm Daily loss limit reached: 0.00
[2026-04-29 20:03:29.429415] [WAIT] No order from AI watchlist this round
[2026-04-29 20:04:29.431459] [AI] Using cached daily forex scan from 2026-04-29 14:00:15 | symbols=EURUSD, GBPUSD, XAUUSD, USDJPY, EURJPY
[2026-04-29 20:04:29.431949] [WATCHLIST] AI watchlist scan: EURUSD, GBPUSD, XAUUSD, USDJPY, EURJPY
[2026-04-29 20:04:29.437218] [SELECT] Trading symbol switched: EURJPYm -> EURUSDm | AI watchlist candidate
[2026-04-29 20:04:29.437313] [SCAN] Analyzing EURUSDm
[2026-04-29 20:04:29.778530] [STOP] EURUSDm Daily loss limit reached: 0.00
[2026-04-29 20:04:29.783717] [SELECT] Trading symbol switched: EURUSDm -> GBPUSDm | AI watchlist candidate
[2026-04-29 20:04:29.783816] [SCAN] Analyzing GBPUSDm
[2026-04-29 20:04:30.138486] [STOP] GBPUSDm Daily loss limit reached: 0.00
[2026-04-29 20:04:30.143576] [SELECT] Trading symbol switched: GBPUSDm -> XAUUSDm | AI watchlist candidate
[2026-04-29 20:04:30.143675] [SCAN] Analyzing XAUUSDm
[2026-04-29 20:04:30.486394] [NO_TRADE] XAUUSDm Spread too wide: 280.0 points > 80
[2026-04-29 20:04:30.491050] [SELECT] Trading symbol switched: XAUUSDm -> USDJPYm | AI watchlist candidate
[2026-04-29 20:04:30.491145] [SCAN] Analyzing USDJPYm
[2026-04-29 20:04:30.847384] [STOP] USDJPYm Daily loss limit reached: 0.00
[2026-04-29 20:04:30.857332] [SELECT] Trading symbol switched: USDJPYm -> EURJPYm | AI watchlist candidate
[2026-04-29 20:04:30.857430] [SCAN] Analyzing EURJPYm
[2026-04-29 20:04:31.204822] [STOP] EURJPYm Daily loss limit reached: 0.00
[2026-04-29 20:04:31.204880] [WAIT] No order from AI watchlist this round
