[2026-05-22 15:37:08] [START] Gold MR Bot | symbol=XAUUSDm | pid=10900 | interval=60s | DRY_RUN=True | side=BOTH | RR=1.5 | KC(20,2.0) | RSI(14) OB=70.0 OS=30.0 | session=UTC07:00-20:00 | D1_range_filter=ON D1_ADX_MAX=30.0
[2026-05-22 15:37:09] [CONNECT] account=3472957  server=Exness-MT5Real  balance=27.99
[2026-05-22 15:37:09] [START] Gold MR bot running
[2026-05-22 15:37:09] [SKIP] NO_TRADE: no_mr_signal
[2026-05-22 15:38:09] [STATS] Hourly (1 attempts): {'no_mr_signal': '1(100%)'}
[2026-05-22 15:38:09] [SKIP] Same candle 2026-05-22 08:30:00  skip
[2026-05-22 15:39:09] [SKIP] Same candle 2026-05-22 08:30:00  skip
[2026-05-22 15:40:09] [SKIP] NO_TRADE: no_mr_signal
[2026-05-22 15:41:09] [SKIP] Same candle 2026-05-22 08:35:00  skip
[2026-05-22 15:42:09] [SKIP] Same candle 2026-05-22 08:35:00  skip
[2026-05-22 15:43:09] [SKIP] Same candle 2026-05-22 08:35:00  skip
[2026-05-22 15:44:09] [SKIP] Same candle 2026-05-22 08:35:00  skip
[2026-05-22 15:45:09] [SKIP] NO_TRADE: no_mr_signal
[2026-05-22 15:46:09] [SKIP] Same candle 2026-05-22 08:40:00  skip
[2026-05-22 15:47:09] [SKIP] Same candle 2026-05-22 08:40:00  skip
[2026-05-22 15:48:09] [SKIP] Same candle 2026-05-22 08:40:00  skip
[2026-05-22 15:49:09] [SKIP] Same candle 2026-05-22 08:40:00  skip
[2026-05-22 15:50:09] [SKIP] NO_TRADE: no_mr_signal
[2026-05-22 15:51:09] [SKIP] Same candle 2026-05-22 08:45:00  skip
[2026-05-22 15:52:09] [SKIP] Same candle 2026-05-22 08:45:00  skip
[2026-05-22 15:53:09] [SKIP] Same candle 2026-05-22 08:45:00  skip
[2026-05-22 15:54:09] [SKIP] Same candle 2026-05-22 08:45:00  skip
[2026-05-22 15:55:09] [SKIP] NO_TRADE: no_mr_signal
[2026-05-22 15:56:09] [SKIP] Same candle 2026-05-22 08:50:00  skip
[2026-05-22 15:57:09] [SKIP] Same candle 2026-05-22 08:50:00  skip
[2026-05-22 15:58:09] [SKIP] Same candle 2026-05-22 08:50:00  skip
[2026-05-22 15:59:09] [SKIP] Same candle 2026-05-22 08:50:00  skip
[2026-05-22 16:00:09] [STATS] Hourly (23 attempts): {'no_mr_signal': '23(100%)'}
[2026-05-22 16:00:09] [SKIP] NO_TRADE: no_mr_signal
[2026-05-22 16:01:09] [SKIP] Same candle 2026-05-22 08:55:00  skip
[2026-05-22 16:02:09] [SKIP] Same candle 2026-05-22 08:55:00  skip
[2026-05-22 16:03:09] [SKIP] Same candle 2026-05-22 08:55:00  skip
[2026-05-22 16:04:09] [SKIP] Same candle 2026-05-22 08:55:00  skip
[2026-05-22 16:05:09] [SKIP] NO_TRADE: no_mr_signal
[2026-05-22 16:06:09] [SKIP] Same candle 2026-05-22 09:00:00  skip
[2026-05-22 16:07:09] [SKIP] Same candle 2026-05-22 09:00:00  skip
[2026-05-22 16:08:10] [SKIP] Same candle 2026-05-22 09:00:00  skip
[2026-05-22 16:09:10] [SKIP] Same candle 2026-05-22 09:00:00  skip
[2026-05-22 16:10:10] [SKIP] NO_TRADE: no_mr_signal
[2026-05-22 16:11:10] [SKIP] Same candle 2026-05-22 09:05:00  skip
[2026-05-22 16:12:10] [SKIP] Same candle 2026-05-22 09:05:00  skip
[2026-05-22 16:13:10] [SKIP] Same candle 2026-05-22 09:05:00  skip
[2026-05-22 16:14:10] [SKIP] Same candle 2026-05-22 09:05:00  skip
[2026-05-22 16:15:10] [SKIP] NO_TRADE: no_mr_signal
[2026-05-22 16:16:10] [SKIP] Same candle 2026-05-22 09:10:00  skip
[2026-05-22 16:17:10] [SKIP] Same candle 2026-05-22 09:10:00  skip
[2026-05-22 16:18:10] [SKIP] Same candle 2026-05-22 09:10:00  skip
[2026-05-22 16:19:10] [SKIP] Same candle 2026-05-22 09:10:00  skip
[2026-05-22 16:20:10] [SKIP] NO_TRADE: no_mr_signal
[2026-05-22 16:21:10] [SKIP] Same candle 2026-05-22 09:15:00  skip
[2026-05-22 16:22:10] [SKIP] Same candle 2026-05-22 09:15:00  skip
[2026-05-22 16:23:10] [SKIP] Same candle 2026-05-22 09:15:00  skip
[2026-05-22 16:24:10] [SKIP] Same candle 2026-05-22 09:15:00  skip
[2026-05-22 16:25:10] [SKIP] NO_TRADE: no_mr_signal
[2026-05-22 16:26:10] [SKIP] Same candle 2026-05-22 09:20:00  skip
[2026-05-22 16:27:10] [SKIP] Same candle 2026-05-22 09:20:00  skip
[2026-05-22 16:28:10] [SKIP] Same candle 2026-05-22 09:20:00  skip
[2026-05-22 16:29:10] [SKIP] Same candle 2026-05-22 09:20:00  skip
[2026-05-22 16:30:10] [SKIP] NO_TRADE: no_mr_signal
[2026-05-22 16:31:10] [SKIP] Same candle 2026-05-22 09:25:00  skip
[2026-05-22 16:32:10] [SKIP] Same candle 2026-05-22 09:25:00  skip
[2026-05-22 16:33:10] [SKIP] Same candle 2026-05-22 09:25:00  skip
[2026-05-22 16:34:10] [SKIP] Same candle 2026-05-22 09:25:00  skip
[2026-05-22 16:35:10] [SKIP] NO_TRADE: no_mr_signal
[2026-05-22 16:36:10] [SKIP] Same candle 2026-05-22 09:30:00  skip
[2026-05-22 16:37:10] [SKIP] Same candle 2026-05-22 09:30:00  skip
[2026-05-22 16:38:10] [SKIP] Same candle 2026-05-22 09:30:00  skip
[2026-05-22 16:39:10] [SKIP] Same candle 2026-05-22 09:30:00  skip
[2026-05-22 16:40:10] [SKIP] NO_TRADE: no_mr_signal
[2026-05-22 16:41:10] [SKIP] Same candle 2026-05-22 09:35:00  skip
[2026-05-22 16:42:10] [SKIP] Same candle 2026-05-22 09:35:00  skip
[2026-05-22 16:43:10] [SKIP] Same candle 2026-05-22 09:35:00  skip
[2026-05-22 16:44:10] [SKIP] Same candle 2026-05-22 09:35:00  skip
[2026-05-22 16:45:10] [SKIP] NO_TRADE: no_mr_signal
[2026-05-22 16:46:10] [SKIP] Same candle 2026-05-22 09:40:00  skip
[2026-05-22 16:47:10] [SKIP] Same candle 2026-05-22 09:40:00  skip
[2026-05-22 16:48:10] [SKIP] Same candle 2026-05-22 09:40:00  skip
[2026-05-22 16:49:10] [SKIP] Same candle 2026-05-22 09:40:00  skip
[2026-05-22 16:50:10] [SKIP] NO_TRADE: no_mr_signal
[2026-05-22 16:51:10] [SKIP] Same candle 2026-05-22 09:45:00  skip
[2026-05-22 16:52:10] [SKIP] Same candle 2026-05-22 09:45:00  skip
[2026-05-22 16:53:10] [SKIP] Same candle 2026-05-22 09:45:00  skip
[2026-05-22 16:54:10] [SKIP] Same candle 2026-05-22 09:45:00  skip
[2026-05-22 16:55:10] [SKIP] NO_TRADE: no_mr_signal
[2026-05-22 16:56:10] [SKIP] Same candle 2026-05-22 09:50:00  skip
[2026-05-22 16:57:10] [SKIP] Same candle 2026-05-22 09:50:00  skip
[2026-05-22 16:58:10] [SKIP] Same candle 2026-05-22 09:50:00  skip
[2026-05-22 16:59:11] [SKIP] Same candle 2026-05-22 09:50:00  skip
[2026-05-22 17:00:11] [STATS] Hourly (83 attempts): {'no_mr_signal': '83(100%)'}
[2026-05-22 17:00:11] [SKIP] NO_TRADE: no_mr_signal
[2026-05-22 17:01:11] [SKIP] Same candle 2026-05-22 09:55:00  skip
[2026-05-22 17:02:11] [SKIP] Same candle 2026-05-22 09:55:00  skip
[2026-05-22 17:03:11] [SKIP] Same candle 2026-05-22 09:55:00  skip
[2026-05-22 17:04:11] [SKIP] Same candle 2026-05-22 09:55:00  skip
[2026-05-22 17:05:11] [SKIP] NO_TRADE: no_mr_signal
[2026-05-22 17:06:11] [SKIP] Same candle 2026-05-22 10:00:00  skip
[2026-05-22 17:07:11] [SKIP] Same candle 2026-05-22 10:00:00  skip
[2026-05-22 17:08:11] [SKIP] Same candle 2026-05-22 10:00:00  skip
[2026-05-22 17:09:11] [SKIP] Same candle 2026-05-22 10:00:00  skip
[2026-05-22 17:10:11] [SKIP] NO_TRADE: no_mr_signal
[2026-05-22 17:11:11] [SKIP] Same candle 2026-05-22 10:05:00  skip
[2026-05-22 17:12:11] [SKIP] Same candle 2026-05-22 10:05:00  skip
[2026-05-22 17:13:11] [SKIP] Same candle 2026-05-22 10:05:00  skip
[2026-05-22 17:14:11] [SKIP] Same candle 2026-05-22 10:05:00  skip
[2026-05-22 17:15:11] [SKIP] NO_TRADE: no_mr_signal
[2026-05-22 17:16:11] [SKIP] Same candle 2026-05-22 10:10:00  skip
[2026-05-22 17:17:11] [SKIP] Same candle 2026-05-22 10:10:00  skip
[2026-05-22 17:18:11] [SKIP] Same candle 2026-05-22 10:10:00  skip
[2026-05-22 17:19:11] [SKIP] Same candle 2026-05-22 10:10:00  skip
[2026-05-22 17:20:11] [SKIP] NO_TRADE: no_mr_signal
[2026-05-22 17:21:11] [SKIP] Same candle 2026-05-22 10:15:00  skip
[2026-05-22 17:22:11] [SKIP] Same candle 2026-05-22 10:15:00  skip
[2026-05-22 17:23:11] [SKIP] Same candle 2026-05-22 10:15:00  skip
[2026-05-22 17:24:11] [SKIP] Same candle 2026-05-22 10:15:00  skip
[2026-05-22 17:25:11] [SKIP] NO_TRADE: no_mr_signal
[2026-05-22 17:26:11] [SKIP] Same candle 2026-05-22 10:20:00  skip
[2026-05-22 17:27:11] [SKIP] Same candle 2026-05-22 10:20:00  skip
[2026-05-22 17:28:11] [SKIP] Same candle 2026-05-22 10:20:00  skip
[2026-05-22 17:29:11] [SKIP] Same candle 2026-05-22 10:20:00  skip
[2026-05-22 17:30:11] [SKIP] NO_TRADE: no_mr_signal
[2026-05-22 17:31:11] [SKIP] Same candle 2026-05-22 10:25:00  skip
[2026-05-22 17:32:11] [SKIP] Same candle 2026-05-22 10:25:00  skip
[2026-05-22 17:33:11] [SKIP] Same candle 2026-05-22 10:25:00  skip
[2026-05-22 17:34:11] [SKIP] Same candle 2026-05-22 10:25:00  skip
[2026-05-22 17:35:11] [SKIP] NO_TRADE: no_mr_signal
[2026-05-22 17:36:11] [SKIP] Same candle 2026-05-22 10:30:00  skip
[2026-05-22 17:37:11] [SKIP] Same candle 2026-05-22 10:30:00  skip
[2026-05-22 17:38:11] [SKIP] Same candle 2026-05-22 10:30:00  skip
[2026-05-22 17:39:11] [SKIP] Same candle 2026-05-22 10:30:00  skip
[2026-05-22 17:40:11] [SKIP] NO_TRADE: no_mr_signal
[2026-05-22 17:41:11] [SKIP] Same candle 2026-05-22 10:35:00  skip
[2026-05-22 17:42:11] [SKIP] Same candle 2026-05-22 10:35:00  skip
[2026-05-22 17:43:11] [SKIP] Same candle 2026-05-22 10:35:00  skip
[2026-05-22 17:44:11] [SKIP] Same candle 2026-05-22 10:35:00  skip
[2026-05-22 17:45:11] [SKIP] NO_TRADE: no_mr_signal
[2026-05-22 17:46:11] [SKIP] Same candle 2026-05-22 10:40:00  skip
[2026-05-22 17:47:11] [SKIP] Same candle 2026-05-22 10:40:00  skip
[2026-05-22 17:48:11] [SKIP] Same candle 2026-05-22 10:40:00  skip
[2026-05-22 17:49:11] [SKIP] Same candle 2026-05-22 10:40:00  skip
[2026-05-22 17:50:11] [SKIP] NO_TRADE: no_mr_signal
[2026-05-22 17:51:12] [SKIP] Same candle 2026-05-22 10:45:00  skip
[2026-05-22 17:52:12] [SKIP] Same candle 2026-05-22 10:45:00  skip
[2026-05-22 17:53:12] [SKIP] Same candle 2026-05-22 10:45:00  skip
[2026-05-22 17:54:12] [SKIP] Same candle 2026-05-22 10:45:00  skip
[2026-05-22 17:55:12] [SKIP] NO_TRADE: no_mr_signal
[2026-05-22 17:56:12] [SKIP] Same candle 2026-05-22 10:50:00  skip
[2026-05-22 17:57:12] [SKIP] Same candle 2026-05-22 10:50:00  skip
[2026-05-22 17:58:12] [SKIP] Same candle 2026-05-22 10:50:00  skip
[2026-05-22 17:59:12] [SKIP] Same candle 2026-05-22 10:50:00  skip
[2026-05-22 18:00:12] [STATS] Hourly (143 attempts): {'no_mr_signal': '143(100%)'}
[2026-05-22 18:00:12] [SKIP] NO_TRADE: no_mr_signal
[2026-05-22 18:01:12] [SKIP] Same candle 2026-05-22 10:55:00  skip
[2026-05-22 18:02:12] [SKIP] Same candle 2026-05-22 10:55:00  skip
[2026-05-22 18:03:12] [SKIP] Same candle 2026-05-22 10:55:00  skip
[2026-05-22 18:04:12] [SKIP] Same candle 2026-05-22 10:55:00  skip
[2026-05-22 18:05:12] [SKIP] NO_TRADE: no_mr_signal
[2026-05-22 18:06:12] [SKIP] Same candle 2026-05-22 11:00:00  skip
[2026-05-22 18:07:12] [SKIP] Same candle 2026-05-22 11:00:00  skip
[2026-05-22 18:08:12] [SKIP] Same candle 2026-05-22 11:00:00  skip
[2026-05-22 18:09:12] [SKIP] Same candle 2026-05-22 11:00:00  skip
[2026-05-22 18:10:12] [SKIP] NO_TRADE: no_mr_signal
[2026-05-22 18:11:12] [SKIP] Same candle 2026-05-22 11:05:00  skip
[2026-05-22 18:12:12] [SKIP] Same candle 2026-05-22 11:05:00  skip
[2026-05-22 18:13:12] [SKIP] Same candle 2026-05-22 11:05:00  skip
[2026-05-22 18:14:12] [SKIP] Same candle 2026-05-22 11:05:00  skip
[2026-05-22 18:15:12] [SKIP] NO_TRADE: no_mr_signal
[2026-05-22 18:16:12] [SKIP] Same candle 2026-05-22 11:10:00  skip
[2026-05-22 18:17:12] [SKIP] Same candle 2026-05-22 11:10:00  skip
[2026-05-22 18:18:12] [SKIP] Same candle 2026-05-22 11:10:00  skip
[2026-05-22 18:19:12] [SKIP] Same candle 2026-05-22 11:10:00  skip
[2026-05-22 18:20:12] [SKIP] NO_TRADE: no_mr_signal
[2026-05-22 18:21:12] [SKIP] Same candle 2026-05-22 11:15:00  skip
[2026-05-22 18:22:12] [SKIP] Same candle 2026-05-22 11:15:00  skip
[2026-05-22 18:23:12] [SKIP] Same candle 2026-05-22 11:15:00  skip
[2026-05-22 18:24:12] [SKIP] Same candle 2026-05-22 11:15:00  skip
[2026-05-22 18:25:12] [SKIP] NO_TRADE: no_mr_signal
[2026-05-22 18:26:12] [SKIP] Same candle 2026-05-22 11:20:00  skip
[2026-05-22 18:27:12] [SKIP] Same candle 2026-05-22 11:20:00  skip
[2026-05-22 18:28:12] [SKIP] Same candle 2026-05-22 11:20:00  skip
[2026-05-22 18:29:12] [SKIP] Same candle 2026-05-22 11:20:00  skip
[2026-05-22 18:30:12] [SKIP] NO_TRADE: no_mr_signal
[2026-05-22 18:31:12] [SKIP] Same candle 2026-05-22 11:25:00  skip
[2026-05-22 18:32:12] [SKIP] Same candle 2026-05-22 11:25:00  skip
[2026-05-22 18:33:12] [SKIP] Same candle 2026-05-22 11:25:00  skip
[2026-05-22 18:34:12] [SKIP] Same candle 2026-05-22 11:25:00  skip
[2026-05-22 18:35:12] [SKIP] NO_TRADE: no_mr_signal
[2026-05-22 18:36:12] [SKIP] Same candle 2026-05-22 11:30:00  skip
[2026-05-22 18:37:12] [SKIP] Same candle 2026-05-22 11:30:00  skip
[2026-05-22 18:38:12] [SKIP] Same candle 2026-05-22 11:30:00  skip
[2026-05-22 18:39:12] [SKIP] Same candle 2026-05-22 11:30:00  skip
[2026-05-22 18:40:12] [SKIP] NO_TRADE: no_mr_signal
[2026-05-22 18:41:12] [SKIP] Same candle 2026-05-22 11:35:00  skip
[2026-05-22 18:42:13] [SKIP] Same candle 2026-05-22 11:35:00  skip
[2026-05-22 18:43:13] [SKIP] Same candle 2026-05-22 11:35:00  skip
[2026-05-22 18:44:13] [SKIP] Same candle 2026-05-22 11:35:00  skip
[2026-05-22 18:45:13] [SKIP] NO_TRADE: no_mr_signal
[2026-05-22 18:46:13] [SKIP] Same candle 2026-05-22 11:40:00  skip
[2026-05-22 18:47:13] [SKIP] Same candle 2026-05-22 11:40:00  skip
[2026-05-22 18:48:13] [SKIP] Same candle 2026-05-22 11:40:00  skip
[2026-05-22 18:49:13] [SKIP] Same candle 2026-05-22 11:40:00  skip
[2026-05-22 18:50:13] [SKIP] NO_TRADE: no_mr_signal
[2026-05-22 18:51:13] [SKIP] Same candle 2026-05-22 11:45:00  skip
[2026-05-22 18:52:13] [SKIP] Same candle 2026-05-22 11:45:00  skip
[2026-05-22 18:53:13] [SKIP] Same candle 2026-05-22 11:45:00  skip
[2026-05-22 18:54:13] [SKIP] Same candle 2026-05-22 11:45:00  skip
[2026-05-22 18:55:13] [SKIP] NO_TRADE: no_mr_signal
[2026-05-22 18:56:13] [SKIP] Same candle 2026-05-22 11:50:00  skip
[2026-05-22 18:57:13] [SKIP] Same candle 2026-05-22 11:50:00  skip
[2026-05-22 18:58:13] [SKIP] Same candle 2026-05-22 11:50:00  skip
[2026-05-22 18:59:13] [SKIP] Same candle 2026-05-22 11:50:00  skip
[2026-05-22 19:00:13] [STATS] Hourly (203 attempts): {'no_mr_signal': '203(100%)'}
[2026-05-22 19:00:13] [SKIP] NO_TRADE: no_mr_signal
[2026-05-22 19:01:13] [SKIP] Same candle 2026-05-22 11:55:00  skip
[2026-05-22 19:02:13] [SKIP] Same candle 2026-05-22 11:55:00  skip
[2026-05-22 19:03:13] [SKIP] Same candle 2026-05-22 11:55:00  skip
[2026-05-22 19:04:13] [SKIP] Same candle 2026-05-22 11:55:00  skip
[2026-05-22 19:05:13] [SKIP] NO_TRADE: no_mr_signal
[2026-05-22 19:06:13] [SKIP] Same candle 2026-05-22 12:00:00  skip
[2026-05-22 19:07:13] [SKIP] Same candle 2026-05-22 12:00:00  skip
[2026-05-22 19:08:13] [SKIP] Same candle 2026-05-22 12:00:00  skip
[2026-05-22 19:09:13] [SKIP] Same candle 2026-05-22 12:00:00  skip
[2026-05-22 19:10:13] [SKIP] NO_TRADE: no_mr_signal
[2026-05-22 19:11:13] [SKIP] Same candle 2026-05-22 12:05:00  skip
[2026-05-22 19:12:13] [SKIP] Same candle 2026-05-22 12:05:00  skip
[2026-05-22 19:13:13] [SKIP] Same candle 2026-05-22 12:05:00  skip
[2026-05-22 19:14:13] [SKIP] Same candle 2026-05-22 12:05:00  skip
[2026-05-22 19:15:13] [SKIP] NO_TRADE: no_mr_signal
[2026-05-22 19:16:13] [SKIP] Same candle 2026-05-22 12:10:00  skip
[2026-05-22 19:17:13] [SKIP] Same candle 2026-05-22 12:10:00  skip
[2026-05-22 19:18:13] [SKIP] Same candle 2026-05-22 12:10:00  skip
[2026-05-22 19:19:13] [SKIP] Same candle 2026-05-22 12:10:00  skip
[2026-05-22 19:20:13] [SKIP] NO_TRADE: no_mr_signal
[2026-05-22 19:21:13] [SKIP] Same candle 2026-05-22 12:15:00  skip
[2026-05-22 19:22:13] [SKIP] Same candle 2026-05-22 12:15:00  skip
[2026-05-22 19:23:13] [SKIP] Same candle 2026-05-22 12:15:00  skip
[2026-05-22 19:24:13] [SKIP] Same candle 2026-05-22 12:15:00  skip
[2026-05-22 19:25:13] [SKIP] NO_TRADE: no_mr_signal
[2026-05-22 19:26:13] [SKIP] Same candle 2026-05-22 12:20:00  skip
[2026-05-22 19:27:13] [SKIP] Same candle 2026-05-22 12:20:00  skip
[2026-05-22 19:28:13] [SKIP] Same candle 2026-05-22 12:20:00  skip
[2026-05-22 19:29:13] [SKIP] Same candle 2026-05-22 12:20:00  skip
[2026-05-22 19:30:13] [SKIP] NO_TRADE: no_mr_signal
[2026-05-22 19:31:13] [SKIP] Same candle 2026-05-22 12:25:00  skip
[2026-05-22 19:32:14] [SKIP] Same candle 2026-05-22 12:25:00  skip
[2026-05-22 19:33:14] [SKIP] Same candle 2026-05-22 12:25:00  skip
[2026-05-22 19:34:14] [SKIP] Same candle 2026-05-22 12:25:00  skip
[2026-05-22 19:35:14] [SKIP] NO_TRADE: no_mr_signal
[2026-05-22 19:36:14] [SKIP] Same candle 2026-05-22 12:30:00  skip
[2026-05-22 19:37:14] [SKIP] Same candle 2026-05-22 12:30:00  skip
[2026-05-22 19:38:14] [SKIP] Same candle 2026-05-22 12:30:00  skip
[2026-05-22 19:39:14] [SKIP] Same candle 2026-05-22 12:30:00  skip
[2026-05-22 19:40:14] [SKIP] NO_TRADE: no_mr_signal
[2026-05-22 19:41:14] [SKIP] Same candle 2026-05-22 12:35:00  skip
[2026-05-22 19:42:14] [SKIP] Same candle 2026-05-22 12:35:00  skip
[2026-05-22 19:43:14] [SKIP] Same candle 2026-05-22 12:35:00  skip
[2026-05-22 19:44:14] [SKIP] Same candle 2026-05-22 12:35:00  skip
[2026-05-22 19:45:14] [SKIP] NO_TRADE: no_mr_signal
[2026-05-22 19:46:14] [SKIP] Same candle 2026-05-22 12:40:00  skip
[2026-05-22 19:47:14] [SKIP] Same candle 2026-05-22 12:40:00  skip
[2026-05-22 19:48:14] [SKIP] Same candle 2026-05-22 12:40:00  skip
[2026-05-22 19:49:14] [SKIP] Same candle 2026-05-22 12:40:00  skip
[2026-05-22 19:50:14] [SKIP] NO_TRADE: no_mr_signal
[2026-05-22 19:51:14] [SKIP] Same candle 2026-05-22 12:45:00  skip
[2026-05-22 19:52:14] [SKIP] Same candle 2026-05-22 12:45:00  skip
[2026-05-22 19:53:14] [SKIP] Same candle 2026-05-22 12:45:00  skip
[2026-05-22 19:54:14] [SKIP] Same candle 2026-05-22 12:45:00  skip
[2026-05-22 19:55:14] [SKIP] NO_TRADE: no_mr_signal
[2026-05-22 19:56:14] [SKIP] Same candle 2026-05-22 12:50:00  skip
[2026-05-22 19:57:14] [SKIP] Same candle 2026-05-22 12:50:00  skip
[2026-05-22 19:58:14] [SKIP] Same candle 2026-05-22 12:50:00  skip
[2026-05-22 19:59:14] [SKIP] Same candle 2026-05-22 12:50:00  skip
[2026-05-22 20:00:14] [STATS] Hourly (263 attempts): {'no_mr_signal': '263(100%)'}
[2026-05-22 20:00:14] [SKIP] NO_TRADE: no_mr_signal
[2026-05-22 20:01:14] [SKIP] Same candle 2026-05-22 12:55:00  skip
[2026-05-22 20:02:14] [SKIP] Same candle 2026-05-22 12:55:00  skip
[2026-05-22 20:03:14] [SKIP] Same candle 2026-05-22 12:55:00  skip
[2026-05-22 20:04:14] [SKIP] Same candle 2026-05-22 12:55:00  skip
[2026-05-22 20:05:14] [SKIP] NO_TRADE: no_mr_signal
[2026-05-22 20:06:14] [SKIP] Same candle 2026-05-22 13:00:00  skip
[2026-05-22 20:07:14] [SKIP] Same candle 2026-05-22 13:00:00  skip
[2026-05-22 20:08:14] [SKIP] Same candle 2026-05-22 13:00:00  skip
[2026-05-22 20:09:14] [SKIP] Same candle 2026-05-22 13:00:00  skip
[2026-05-22 20:10:14] [SKIP] NO_TRADE: no_mr_signal
[2026-05-22 20:11:14] [SKIP] Same candle 2026-05-22 13:05:00  skip
[2026-05-22 20:12:14] [SKIP] Same candle 2026-05-22 13:05:00  skip
[2026-05-22 20:13:14] [SKIP] Same candle 2026-05-22 13:05:00  skip
[2026-05-22 20:14:14] [SKIP] Same candle 2026-05-22 13:05:00  skip
[2026-05-22 20:15:14] [SKIP] NO_TRADE: no_mr_signal
[2026-05-22 20:16:14] [SKIP] Same candle 2026-05-22 13:10:00  skip
[2026-05-22 20:17:14] [SKIP] Same candle 2026-05-22 13:10:00  skip
[2026-05-22 20:18:14] [SKIP] Same candle 2026-05-22 13:10:00  skip
[2026-05-22 20:19:14] [SKIP] Same candle 2026-05-22 13:10:00  skip
[2026-05-22 20:20:14] [SKIP] NO_TRADE: no_mr_signal
[2026-05-22 20:21:14] [SKIP] Same candle 2026-05-22 13:15:00  skip
[2026-05-22 20:22:14] [SKIP] Same candle 2026-05-22 13:15:00  skip
[2026-05-22 20:23:14] [SKIP] Same candle 2026-05-22 13:15:00  skip
[2026-05-22 20:24:14] [SKIP] Same candle 2026-05-22 13:15:00  skip
[2026-05-22 20:25:15] [SKIP] NO_TRADE: no_mr_signal
[2026-05-22 20:26:15] [SKIP] Same candle 2026-05-22 13:20:00  skip
[2026-05-22 20:27:15] [SKIP] Same candle 2026-05-22 13:20:00  skip
[2026-05-22 20:28:15] [SKIP] Same candle 2026-05-22 13:20:00  skip
[2026-05-22 20:29:15] [SKIP] Same candle 2026-05-22 13:20:00  skip
[2026-05-22 20:30:15] [SKIP] NO_TRADE: no_mr_signal
[2026-05-22 20:31:15] [SKIP] Same candle 2026-05-22 13:25:00  skip
[2026-05-22 20:32:15] [SKIP] Same candle 2026-05-22 13:25:00  skip
[2026-05-22 20:33:15] [SKIP] Same candle 2026-05-22 13:25:00  skip
[2026-05-22 20:34:15] [SKIP] Same candle 2026-05-22 13:25:00  skip
[2026-05-22 20:35:15] [SKIP] NO_TRADE: no_mr_signal
[2026-05-22 20:36:15] [SKIP] Same candle 2026-05-22 13:30:00  skip
[2026-05-22 20:37:15] [SKIP] Same candle 2026-05-22 13:30:00  skip
[2026-05-22 20:38:15] [SKIP] Same candle 2026-05-22 13:30:00  skip
[2026-05-22 20:39:15] [SKIP] Same candle 2026-05-22 13:30:00  skip
[2026-05-22 20:40:15] [SKIP] NO_TRADE: no_mr_signal
[2026-05-22 20:41:15] [SKIP] Same candle 2026-05-22 13:35:00  skip
[2026-05-22 20:42:15] [SKIP] Same candle 2026-05-22 13:35:00  skip
[2026-05-22 20:43:15] [SKIP] Same candle 2026-05-22 13:35:00  skip
[2026-05-22 20:44:15] [SKIP] Same candle 2026-05-22 13:35:00  skip
[2026-05-22 20:45:15] [SKIP] NO_TRADE: no_mr_signal
[2026-05-22 20:46:15] [SKIP] Same candle 2026-05-22 13:40:00  skip
[2026-05-22 20:47:15] [SKIP] Same candle 2026-05-22 13:40:00  skip
[2026-05-22 20:48:15] [SKIP] Same candle 2026-05-22 13:40:00  skip
[2026-05-22 20:49:15] [SKIP] Same candle 2026-05-22 13:40:00  skip
[2026-05-22 20:50:15] [SKIP] NO_TRADE: no_mr_signal
[2026-05-22 20:51:15] [SKIP] Same candle 2026-05-22 13:45:00  skip
[2026-05-22 20:52:15] [SKIP] Same candle 2026-05-22 13:45:00  skip
[2026-05-22 20:53:15] [SKIP] Same candle 2026-05-22 13:45:00  skip
[2026-05-22 20:54:15] [SKIP] Same candle 2026-05-22 13:45:00  skip
[2026-05-22 20:55:15] [SKIP] NO_TRADE: no_mr_signal
[2026-05-22 20:56:15] [SKIP] Same candle 2026-05-22 13:50:00  skip
[2026-05-22 20:57:15] [SKIP] Same candle 2026-05-22 13:50:00  skip
[2026-05-22 20:58:15] [SKIP] Same candle 2026-05-22 13:50:00  skip
[2026-05-22 20:59:15] [SKIP] Same candle 2026-05-22 13:50:00  skip
[2026-05-22 21:00:15] [STATS] Hourly (323 attempts): {'no_mr_signal': '323(100%)'}
[2026-05-22 21:00:15] [SKIP] NO_TRADE: no_mr_signal
[2026-05-22 21:01:15] [SKIP] Same candle 2026-05-22 13:55:00  skip
[2026-05-22 21:02:15] [SKIP] Same candle 2026-05-22 13:55:00  skip
[2026-05-22 21:03:15] [SKIP] Same candle 2026-05-22 13:55:00  skip
[2026-05-22 21:04:15] [SKIP] Same candle 2026-05-22 13:55:00  skip
[2026-05-22 21:05:15] [SKIP] NO_TRADE: no_mr_signal
[2026-05-22 21:06:15] [SKIP] Same candle 2026-05-22 14:00:00  skip
[2026-05-22 21:07:15] [SKIP] Same candle 2026-05-22 14:00:00  skip
[2026-05-22 21:08:15] [SKIP] Same candle 2026-05-22 14:00:00  skip
[2026-05-22 21:09:15] [SKIP] Same candle 2026-05-22 14:00:00  skip
[2026-05-22 21:10:15] [SKIP] NO_TRADE: no_mr_signal
[2026-05-22 21:11:15] [SKIP] Same candle 2026-05-22 14:05:00  skip
[2026-05-22 21:12:15] [SKIP] Same candle 2026-05-22 14:05:00  skip
[2026-05-22 21:13:15] [SKIP] Same candle 2026-05-22 14:05:00  skip
[2026-05-22 21:14:15] [SKIP] Same candle 2026-05-22 14:05:00  skip
[2026-05-22 21:15:15] [SKIP] NO_TRADE: no_mr_signal
[2026-05-22 21:16:15] [SKIP] Same candle 2026-05-22 14:10:00  skip
[2026-05-22 21:17:16] [SKIP] Same candle 2026-05-22 14:10:00  skip
[2026-05-22 21:18:16] [SKIP] Same candle 2026-05-22 14:10:00  skip
[2026-05-22 21:19:16] [SKIP] Same candle 2026-05-22 14:10:00  skip
[2026-05-22 21:20:16] [SKIP] NO_TRADE: no_mr_signal
[2026-05-22 21:21:16] [SKIP] Same candle 2026-05-22 14:15:00  skip
[2026-05-22 21:22:16] [SKIP] Same candle 2026-05-22 14:15:00  skip
[2026-05-22 21:23:16] [SKIP] Same candle 2026-05-22 14:15:00  skip
[2026-05-22 21:24:16] [SKIP] Same candle 2026-05-22 14:15:00  skip
[2026-05-22 21:25:16] [SKIP] NO_TRADE: no_mr_signal
[2026-05-22 21:26:16] [SKIP] Same candle 2026-05-22 14:20:00  skip
[2026-05-22 21:27:16] [SKIP] Same candle 2026-05-22 14:20:00  skip
[2026-05-22 21:28:16] [SKIP] Same candle 2026-05-22 14:20:00  skip
[2026-05-22 21:29:16] [SKIP] Same candle 2026-05-22 14:20:00  skip
[2026-05-22 21:30:22] WARN [AI] AI news gate failed: Expecting value: line 1 column 1 (char 0)
[2026-05-22 21:30:22] [WATCH] Signal: side=BUY pattern=kc_reversal entry=4497.799 sl=4483.9517000000005 tp=4518.569949999999 d1=D1 ADX=16.9 (ranging  MR OK) news=AI news OK score=0 | AI news unavailable; allowing (Expecting value: line 1 column 1 (char 0))
[2026-05-22 21:30:22] [DRY_RUN] BUY pattern=kc_reversal entry=4497.79900 sl=4483.95170 tp=4518.56995
[2026-05-22 21:31:23] [SKIP] Same candle 2026-05-22 14:25:00  skip
[2026-05-22 21:32:24] [SKIP] Same candle 2026-05-22 14:25:00  skip
[2026-05-22 21:33:24] [SKIP] Same candle 2026-05-22 14:25:00  skip
[2026-05-22 21:34:24] [SKIP] Same candle 2026-05-22 14:25:00  skip
[2026-05-22 21:35:24] [SKIP] NO_TRADE: no_mr_signal
[2026-05-22 21:36:24] [SKIP] Same candle 2026-05-22 14:30:00  skip
[2026-05-22 21:37:24] [SKIP] Same candle 2026-05-22 14:30:00  skip
[2026-05-22 21:38:24] [SKIP] Same candle 2026-05-22 14:30:00  skip
[2026-05-22 21:38:36] [STOP] Stopped by user
[2026-05-22 21:38:36] Gold MR bot stopped.
[2026-05-22 21:38:49] [START] Gold MR Bot | symbol=XAUUSDm | pid=11160 | interval=60s | DRY_RUN=False | side=BOTH | RR=1.5 | KC(20,2.0) | RSI(14) OB=70.0 OS=30.0 | session=UTC07:00-20:00 | D1_range_filter=ON D1_ADX_MAX=30.0
[2026-05-22 21:38:50] [CONNECT] account=3472957  server=Exness-MT5Real  balance=27.99
[2026-05-22 21:38:50] [START] Gold MR bot running
[2026-05-22 21:38:50] [SKIP] NO_TRADE: no_mr_signal
[2026-05-22 21:39:50] [SKIP] Same candle 2026-05-22 14:30:00  skip
[2026-05-22 21:40:50] [SKIP] NO_TRADE: no_mr_signal
[2026-05-22 21:41:50] [SKIP] Same candle 2026-05-22 14:35:00  skip
[2026-05-22 21:42:50] [SKIP] Same candle 2026-05-22 14:35:00  skip
[2026-05-22 21:43:50] [SKIP] Same candle 2026-05-22 14:35:00  skip
[2026-05-22 21:44:50] [SKIP] Same candle 2026-05-22 14:35:00  skip
[2026-05-22 21:45:50] [SKIP] NO_TRADE: no_mr_signal
[2026-05-22 21:46:50] [SKIP] Same candle 2026-05-22 14:40:00  skip
[2026-05-22 21:47:50] [SKIP] Same candle 2026-05-22 14:40:00  skip
[2026-05-22 21:48:50] [SKIP] Same candle 2026-05-22 14:40:00  skip
[2026-05-22 21:49:50] [SKIP] Same candle 2026-05-22 14:40:00  skip
[2026-05-22 21:50:50] [SKIP] NO_TRADE: no_mr_signal
[2026-05-22 21:51:50] [SKIP] Same candle 2026-05-22 14:45:00  skip
[2026-05-22 21:52:50] [SKIP] Same candle 2026-05-22 14:45:00  skip
[2026-05-22 21:53:50] [SKIP] Same candle 2026-05-22 14:45:00  skip
[2026-05-22 21:54:50] [SKIP] Same candle 2026-05-22 14:45:00  skip
[2026-05-22 21:55:50] [SKIP] NO_TRADE: no_mr_signal
[2026-05-22 21:56:50] [SKIP] Same candle 2026-05-22 14:50:00  skip
[2026-05-22 21:57:50] [SKIP] Same candle 2026-05-22 14:50:00  skip
[2026-05-22 21:58:50] [SKIP] Same candle 2026-05-22 14:50:00  skip
[2026-05-22 21:59:50] [SKIP] Same candle 2026-05-22 14:50:00  skip
[2026-05-22 22:00:50] [STATS] Hourly (22 attempts): {'no_mr_signal': '22(100%)'}
[2026-05-22 22:00:50] [SKIP] NO_TRADE: no_mr_signal
[2026-05-22 22:01:50] [SKIP] Same candle 2026-05-22 14:55:00  skip
[2026-05-22 22:02:51] [SKIP] Same candle 2026-05-22 14:55:00  skip
[2026-05-22 22:03:51] [SKIP] Same candle 2026-05-22 14:55:00  skip
[2026-05-22 22:04:51] [SKIP] Same candle 2026-05-22 14:55:00  skip
[2026-05-22 22:05:51] [SKIP] NO_TRADE: no_mr_signal
[2026-05-22 22:06:51] [SKIP] Same candle 2026-05-22 15:00:00  skip
[2026-05-22 22:07:51] [SKIP] Same candle 2026-05-22 15:00:00  skip
[2026-05-22 22:08:51] [SKIP] Same candle 2026-05-22 15:00:00  skip
[2026-05-22 22:09:51] [SKIP] Same candle 2026-05-22 15:00:00  skip
[2026-05-22 22:10:51] [SKIP] NO_TRADE: no_mr_signal
[2026-05-22 22:11:51] [SKIP] Same candle 2026-05-22 15:05:00  skip
[2026-05-22 22:12:51] [SKIP] Same candle 2026-05-22 15:05:00  skip
[2026-05-22 22:13:51] [SKIP] Same candle 2026-05-22 15:05:00  skip
[2026-05-22 22:14:51] [SKIP] Same candle 2026-05-22 15:05:00  skip
[2026-05-22 22:15:51] [SKIP] NO_TRADE: no_mr_signal
[2026-05-22 22:16:51] [SKIP] Same candle 2026-05-22 15:10:00  skip
[2026-05-22 22:17:51] [SKIP] Same candle 2026-05-22 15:10:00  skip
[2026-05-22 22:18:51] [SKIP] Same candle 2026-05-22 15:10:00  skip
[2026-05-22 22:19:51] [SKIP] Same candle 2026-05-22 15:10:00  skip
[2026-05-22 22:20:51] [SKIP] NO_TRADE: no_mr_signal
[2026-05-22 22:21:51] [SKIP] Same candle 2026-05-22 15:15:00  skip
[2026-05-22 22:22:51] [SKIP] Same candle 2026-05-22 15:15:00  skip
[2026-05-22 22:23:51] [SKIP] Same candle 2026-05-22 15:15:00  skip
[2026-05-22 22:24:51] [SKIP] Same candle 2026-05-22 15:15:00  skip
[2026-05-22 22:25:51] [SKIP] NO_TRADE: no_mr_signal
[2026-05-22 22:26:51] [SKIP] Same candle 2026-05-22 15:20:00  skip
[2026-05-22 22:27:51] [SKIP] Same candle 2026-05-22 15:20:00  skip
[2026-05-22 22:28:51] [SKIP] Same candle 2026-05-22 15:20:00  skip
[2026-05-22 22:29:51] [SKIP] Same candle 2026-05-22 15:20:00  skip
[2026-05-22 22:30:51] [SKIP] NO_TRADE: no_mr_signal
[2026-05-22 22:31:51] [SKIP] Same candle 2026-05-22 15:25:00  skip
[2026-05-22 22:32:51] [SKIP] Same candle 2026-05-22 15:25:00  skip
[2026-05-22 22:33:51] [SKIP] Same candle 2026-05-22 15:25:00  skip
[2026-05-22 22:34:51] [SKIP] Same candle 2026-05-22 15:25:00  skip
[2026-05-22 22:35:51] [SKIP] NO_TRADE: no_mr_signal
[2026-05-22 22:36:51] [SKIP] Same candle 2026-05-22 15:30:00  skip
[2026-05-22 22:37:51] [SKIP] Same candle 2026-05-22 15:30:00  skip
[2026-05-22 22:38:51] [SKIP] Same candle 2026-05-22 15:30:00  skip
[2026-05-22 22:39:51] [SKIP] Same candle 2026-05-22 15:30:00  skip
[2026-05-22 22:40:51] [SKIP] NO_TRADE: no_mr_signal
[2026-05-22 22:41:51] [SKIP] Same candle 2026-05-22 15:35:00  skip
[2026-05-22 22:42:51] [SKIP] Same candle 2026-05-22 15:35:00  skip
[2026-05-22 22:43:51] [SKIP] Same candle 2026-05-22 15:35:00  skip
[2026-05-22 22:44:51] [SKIP] Same candle 2026-05-22 15:35:00  skip
[2026-05-22 22:45:51] [SKIP] NO_TRADE: no_mr_signal
[2026-05-22 22:46:51] [SKIP] Same candle 2026-05-22 15:40:00  skip
[2026-05-22 22:47:51] [SKIP] Same candle 2026-05-22 15:40:00  skip
[2026-05-22 22:48:51] [SKIP] Same candle 2026-05-22 15:40:00  skip
[2026-05-22 22:49:51] [SKIP] Same candle 2026-05-22 15:40:00  skip
[2026-05-22 22:50:51] [SKIP] NO_TRADE: no_mr_signal
[2026-05-22 22:51:51] [SKIP] Same candle 2026-05-22 15:45:00  skip
[2026-05-22 22:52:51] [SKIP] Same candle 2026-05-22 15:45:00  skip
[2026-05-22 22:53:51] [SKIP] Same candle 2026-05-22 15:45:00  skip
[2026-05-22 22:54:52] [SKIP] Same candle 2026-05-22 15:45:00  skip
[2026-05-22 22:55:52] [SKIP] NO_TRADE: no_mr_signal
[2026-05-22 22:56:52] [SKIP] Same candle 2026-05-22 15:50:00  skip
[2026-05-22 22:57:52] [SKIP] Same candle 2026-05-22 15:50:00  skip
[2026-05-22 22:58:52] [SKIP] Same candle 2026-05-22 15:50:00  skip
[2026-05-22 22:59:52] [SKIP] Same candle 2026-05-22 15:50:00  skip
[2026-05-22 23:00:52] [STATS] Hourly (82 attempts): {'no_mr_signal': '82(100%)'}
[2026-05-22 23:00:52] [SKIP] NO_TRADE: no_mr_signal
[2026-05-22 23:01:52] [SKIP] Same candle 2026-05-22 15:55:00  skip
[2026-05-22 23:02:52] [SKIP] Same candle 2026-05-22 15:55:00  skip
[2026-05-22 23:03:52] [SKIP] Same candle 2026-05-22 15:55:00  skip
[2026-05-22 23:04:52] [SKIP] Same candle 2026-05-22 15:55:00  skip
[2026-05-22 23:05:52] [SKIP] NO_TRADE: no_mr_signal
[2026-05-22 23:06:52] [SKIP] Same candle 2026-05-22 16:00:00  skip
[2026-05-22 23:07:52] [SKIP] Same candle 2026-05-22 16:00:00  skip
[2026-05-22 23:08:52] [SKIP] Same candle 2026-05-22 16:00:00  skip
[2026-05-22 23:09:52] [SKIP] Same candle 2026-05-22 16:00:00  skip
[2026-05-22 23:10:52] [SKIP] NO_TRADE: no_mr_signal
[2026-05-22 23:11:52] [SKIP] Same candle 2026-05-22 16:05:00  skip
[2026-05-22 23:12:52] [SKIP] Same candle 2026-05-22 16:05:00  skip
[2026-05-22 23:13:52] [SKIP] Same candle 2026-05-22 16:05:00  skip
[2026-05-22 23:14:52] [SKIP] Same candle 2026-05-22 16:05:00  skip
[2026-05-22 23:15:52] [SKIP] NO_TRADE: no_mr_signal
[2026-05-22 23:16:52] [SKIP] Same candle 2026-05-22 16:10:00  skip
[2026-05-22 23:17:52] [SKIP] Same candle 2026-05-22 16:10:00  skip
[2026-05-22 23:18:52] [SKIP] Same candle 2026-05-22 16:10:00  skip
[2026-05-22 23:19:52] [SKIP] Same candle 2026-05-22 16:10:00  skip
[2026-05-22 23:20:52] [SKIP] NO_TRADE: no_mr_signal
[2026-05-22 23:21:52] [SKIP] Same candle 2026-05-22 16:15:00  skip
[2026-05-22 23:22:52] [SKIP] Same candle 2026-05-22 16:15:00  skip
[2026-05-22 23:23:52] [SKIP] Same candle 2026-05-22 16:15:00  skip
[2026-05-22 23:24:52] [SKIP] Same candle 2026-05-22 16:15:00  skip
[2026-05-22 23:25:52] [SKIP] NO_TRADE: no_mr_signal
[2026-05-22 23:26:52] [SKIP] Same candle 2026-05-22 16:20:00  skip
[2026-05-22 23:27:52] [SKIP] Same candle 2026-05-22 16:20:00  skip
[2026-05-22 23:28:52] [SKIP] Same candle 2026-05-22 16:20:00  skip
[2026-05-22 23:29:52] [SKIP] Same candle 2026-05-22 16:20:00  skip
[2026-05-22 23:30:52] [SKIP] NO_TRADE: no_mr_signal
[2026-05-22 23:31:52] [SKIP] Same candle 2026-05-22 16:25:00  skip
[2026-05-22 23:32:52] [SKIP] Same candle 2026-05-22 16:25:00  skip
[2026-05-22 23:33:52] [SKIP] Same candle 2026-05-22 16:25:00  skip
[2026-05-22 23:34:52] [SKIP] Same candle 2026-05-22 16:25:00  skip
[2026-05-22 23:35:52] [SKIP] NO_TRADE: no_mr_signal
[2026-05-22 23:36:52] [SKIP] Same candle 2026-05-22 16:30:00  skip
[2026-05-22 23:37:52] [SKIP] Same candle 2026-05-22 16:30:00  skip
[2026-05-22 23:38:52] [SKIP] Same candle 2026-05-22 16:30:00  skip
[2026-05-22 23:39:52] [SKIP] Same candle 2026-05-22 16:30:00  skip
[2026-05-22 23:40:52] [SKIP] NO_TRADE: no_mr_signal
[2026-05-22 23:41:52] [SKIP] Same candle 2026-05-22 16:35:00  skip
[2026-05-22 23:42:52] [SKIP] Same candle 2026-05-22 16:35:00  skip
[2026-05-22 23:43:52] [SKIP] Same candle 2026-05-22 16:35:00  skip
[2026-05-22 23:44:52] [SKIP] Same candle 2026-05-22 16:35:00  skip
[2026-05-22 23:45:52] [SKIP] NO_TRADE: no_mr_signal
[2026-05-22 23:46:53] [SKIP] Same candle 2026-05-22 16:40:00  skip
[2026-05-22 23:47:53] [SKIP] Same candle 2026-05-22 16:40:00  skip
[2026-05-22 23:48:53] [SKIP] Same candle 2026-05-22 16:40:00  skip
[2026-05-22 23:49:53] [SKIP] Same candle 2026-05-22 16:40:00  skip
[2026-05-22 23:50:53] [SKIP] NO_TRADE: no_mr_signal
[2026-05-22 23:51:53] [SKIP] Same candle 2026-05-22 16:45:00  skip
[2026-05-22 23:52:53] [SKIP] Same candle 2026-05-22 16:45:00  skip
[2026-05-22 23:53:53] [SKIP] Same candle 2026-05-22 16:45:00  skip
[2026-05-22 23:54:53] [SKIP] Same candle 2026-05-22 16:45:00  skip
[2026-05-22 23:55:53] [SKIP] NO_TRADE: no_mr_signal
[2026-05-22 23:56:53] [SKIP] Same candle 2026-05-22 16:50:00  skip
[2026-05-22 23:57:53] [SKIP] Same candle 2026-05-22 16:50:00  skip
[2026-05-22 23:58:53] [SKIP] Same candle 2026-05-22 16:50:00  skip
[2026-05-22 23:59:53] [SKIP] Same candle 2026-05-22 16:50:00  skip
[2026-05-23 00:00:53] [STATS] Daily: {'_total_attempts': 142, 'no_mr_signal': 142}
[2026-05-23 00:00:53] [SKIP] NO_TRADE: no_mr_signal
[2026-05-23 00:01:53] [STATS] Hourly (1 attempts): {'no_mr_signal': '1(100%)'}
[2026-05-23 00:01:53] [SKIP] Same candle 2026-05-22 16:55:00  skip
[2026-05-23 00:02:53] [SKIP] Same candle 2026-05-22 16:55:00  skip
[2026-05-23 00:03:53] [SKIP] Same candle 2026-05-22 16:55:00  skip
[2026-05-23 00:04:53] [SKIP] Same candle 2026-05-22 16:55:00  skip
[2026-05-23 00:05:53] [SKIP] NO_TRADE: no_mr_signal
[2026-05-23 00:06:53] [SKIP] Same candle 2026-05-22 17:00:00  skip
[2026-05-23 00:07:53] [SKIP] Same candle 2026-05-22 17:00:00  skip
[2026-05-23 00:08:53] [SKIP] Same candle 2026-05-22 17:00:00  skip
[2026-05-23 00:09:53] [SKIP] Same candle 2026-05-22 17:00:00  skip
[2026-05-23 00:10:53] [SKIP] NO_TRADE: no_mr_signal
[2026-05-23 00:11:53] [SKIP] Same candle 2026-05-22 17:05:00  skip
[2026-05-23 00:12:53] [SKIP] Same candle 2026-05-22 17:05:00  skip
[2026-05-23 00:13:53] [SKIP] Same candle 2026-05-22 17:05:00  skip
[2026-05-23 00:14:53] [SKIP] Same candle 2026-05-22 17:05:00  skip
[2026-05-23 00:15:53] [SKIP] NO_TRADE: no_mr_signal
[2026-05-23 00:16:53] [SKIP] Same candle 2026-05-22 17:10:00  skip
[2026-05-23 00:17:53] [SKIP] Same candle 2026-05-22 17:10:00  skip
[2026-05-23 00:18:53] [SKIP] Same candle 2026-05-22 17:10:00  skip
[2026-05-23 00:19:53] [SKIP] Same candle 2026-05-22 17:10:00  skip
[2026-05-23 00:20:53] [SKIP] NO_TRADE: no_mr_signal
[2026-05-23 00:21:53] [SKIP] Same candle 2026-05-22 17:15:00  skip
[2026-05-23 00:22:53] [SKIP] Same candle 2026-05-22 17:15:00  skip
[2026-05-23 00:23:53] [SKIP] Same candle 2026-05-22 17:15:00  skip
[2026-05-23 00:24:53] [SKIP] Same candle 2026-05-22 17:15:00  skip
[2026-05-23 00:25:53] [SKIP] NO_TRADE: no_mr_signal
[2026-05-23 00:26:53] [SKIP] Same candle 2026-05-22 17:20:00  skip
[2026-05-23 00:27:53] [SKIP] Same candle 2026-05-22 17:20:00  skip
[2026-05-23 00:28:53] [SKIP] Same candle 2026-05-22 17:20:00  skip
[2026-05-23 00:29:53] [SKIP] Same candle 2026-05-22 17:20:00  skip
[2026-05-23 00:30:53] [SKIP] NO_TRADE: no_mr_signal
[2026-05-23 00:31:53] [SKIP] Same candle 2026-05-22 17:25:00  skip
[2026-05-23 00:32:53] [SKIP] Same candle 2026-05-22 17:25:00  skip
[2026-05-23 00:33:53] [SKIP] Same candle 2026-05-22 17:25:00  skip
[2026-05-23 00:34:54] [SKIP] Same candle 2026-05-22 17:25:00  skip
[2026-05-23 00:35:54] [SKIP] NO_TRADE: no_mr_signal
[2026-05-23 00:36:54] [SKIP] Same candle 2026-05-22 17:30:00  skip
[2026-05-23 00:37:54] [SKIP] Same candle 2026-05-22 17:30:00  skip
[2026-05-23 00:38:54] [SKIP] Same candle 2026-05-22 17:30:00  skip
[2026-05-23 00:39:54] [SKIP] Same candle 2026-05-22 17:30:00  skip
[2026-05-23 00:40:54] [SKIP] NO_TRADE: no_mr_signal
[2026-05-23 00:41:54] [SKIP] Same candle 2026-05-22 17:35:00  skip
[2026-05-23 00:42:54] [SKIP] Same candle 2026-05-22 17:35:00  skip
[2026-05-23 00:43:54] [SKIP] Same candle 2026-05-22 17:35:00  skip
[2026-05-23 00:44:54] [SKIP] Same candle 2026-05-22 17:35:00  skip
[2026-05-23 00:45:54] [SKIP] NO_TRADE: no_mr_signal
[2026-05-23 00:46:54] [SKIP] Same candle 2026-05-22 17:40:00  skip
[2026-05-23 00:47:54] [SKIP] Same candle 2026-05-22 17:40:00  skip
[2026-05-23 00:48:54] [SKIP] Same candle 2026-05-22 17:40:00  skip
[2026-05-23 00:49:54] [SKIP] Same candle 2026-05-22 17:40:00  skip
[2026-05-23 00:50:54] [SKIP] NO_TRADE: no_mr_signal
[2026-05-23 00:51:54] [SKIP] Same candle 2026-05-22 17:45:00  skip
[2026-05-23 00:52:54] [SKIP] Same candle 2026-05-22 17:45:00  skip
[2026-05-23 00:53:54] [SKIP] Same candle 2026-05-22 17:45:00  skip
[2026-05-23 00:54:54] [SKIP] Same candle 2026-05-22 17:45:00  skip
[2026-05-23 00:55:54] [SKIP] NO_TRADE: no_mr_signal
[2026-05-23 00:56:54] [SKIP] Same candle 2026-05-22 17:50:00  skip
[2026-05-23 00:57:54] [SKIP] Same candle 2026-05-22 17:50:00  skip
[2026-05-23 00:58:54] [SKIP] Same candle 2026-05-22 17:50:00  skip
[2026-05-23 00:59:54] [SKIP] Same candle 2026-05-22 17:50:00  skip
[2026-05-23 01:00:54] [STATS] Hourly (60 attempts): {'no_mr_signal': '60(100%)'}
[2026-05-23 01:00:54] [SKIP] NO_TRADE: no_mr_signal
[2026-05-23 01:01:54] [SKIP] Same candle 2026-05-22 17:55:00  skip
[2026-05-23 01:02:54] [SKIP] Same candle 2026-05-22 17:55:00  skip
[2026-05-23 01:03:54] [SKIP] Same candle 2026-05-22 17:55:00  skip
[2026-05-23 01:04:54] [SKIP] Same candle 2026-05-22 17:55:00  skip
[2026-05-23 01:05:54] [SKIP] NO_TRADE: no_mr_signal
[2026-05-23 01:06:54] [SKIP] Same candle 2026-05-22 18:00:00  skip
[2026-05-23 01:07:54] [SKIP] Same candle 2026-05-22 18:00:00  skip
[2026-05-23 01:08:54] [SKIP] Same candle 2026-05-22 18:00:00  skip
[2026-05-23 01:09:54] [SKIP] Same candle 2026-05-22 18:00:00  skip
[2026-05-23 01:10:54] [SKIP] NO_TRADE: no_mr_signal
[2026-05-23 01:11:54] [SKIP] Same candle 2026-05-22 18:05:00  skip
[2026-05-23 01:12:54] [SKIP] Same candle 2026-05-22 18:05:00  skip
[2026-05-23 01:13:54] [SKIP] Same candle 2026-05-22 18:05:00  skip
[2026-05-23 01:14:54] [SKIP] Same candle 2026-05-22 18:05:00  skip
[2026-05-23 01:15:54] [SKIP] NO_TRADE: no_mr_signal
[2026-05-23 01:16:54] [SKIP] Same candle 2026-05-22 18:10:00  skip
[2026-05-23 01:17:54] [SKIP] Same candle 2026-05-22 18:10:00  skip
[2026-05-23 01:18:54] [SKIP] Same candle 2026-05-22 18:10:00  skip
[2026-05-23 01:19:54] [SKIP] Same candle 2026-05-22 18:10:00  skip
[2026-05-23 01:20:54] [SKIP] NO_TRADE: no_mr_signal
[2026-05-23 01:21:54] [SKIP] Same candle 2026-05-22 18:15:00  skip
[2026-05-23 01:22:54] [SKIP] Same candle 2026-05-22 18:15:00  skip
[2026-05-23 01:23:54] [SKIP] Same candle 2026-05-22 18:15:00  skip
[2026-05-23 01:24:55] [SKIP] Same candle 2026-05-22 18:15:00  skip
[2026-05-23 01:25:55] [SKIP] NO_TRADE: no_mr_signal
[2026-05-23 01:26:55] [SKIP] Same candle 2026-05-22 18:20:00  skip
[2026-05-23 01:27:55] [SKIP] Same candle 2026-05-22 18:20:00  skip
[2026-05-23 01:28:55] [SKIP] Same candle 2026-05-22 18:20:00  skip
[2026-05-23 01:29:55] [SKIP] Same candle 2026-05-22 18:20:00  skip
[2026-05-23 01:30:55] [SKIP] NO_TRADE: no_mr_signal
[2026-05-23 01:31:55] [SKIP] Same candle 2026-05-22 18:25:00  skip
[2026-05-23 01:32:55] [SKIP] Same candle 2026-05-22 18:25:00  skip
[2026-05-23 01:33:55] [SKIP] Same candle 2026-05-22 18:25:00  skip
[2026-05-23 01:34:55] [SKIP] Same candle 2026-05-22 18:25:00  skip
[2026-05-23 01:35:55] [SKIP] NO_TRADE: no_mr_signal
[2026-05-23 01:36:55] [SKIP] Same candle 2026-05-22 18:30:00  skip
[2026-05-23 01:37:55] [SKIP] Same candle 2026-05-22 18:30:00  skip
[2026-05-23 01:38:55] [SKIP] Same candle 2026-05-22 18:30:00  skip
[2026-05-23 01:39:55] [SKIP] Same candle 2026-05-22 18:30:00  skip
[2026-05-23 01:40:55] [SKIP] NO_TRADE: no_mr_signal
[2026-05-23 01:41:55] [SKIP] Same candle 2026-05-22 18:35:00  skip
[2026-05-23 01:42:55] [SKIP] Same candle 2026-05-22 18:35:00  skip
[2026-05-23 01:43:55] [SKIP] Same candle 2026-05-22 18:35:00  skip
[2026-05-23 01:44:55] [SKIP] Same candle 2026-05-22 18:35:00  skip
[2026-05-23 01:45:55] [SKIP] NO_TRADE: no_mr_signal
[2026-05-23 01:46:55] [SKIP] Same candle 2026-05-22 18:40:00  skip
[2026-05-23 01:47:55] [SKIP] Same candle 2026-05-22 18:40:00  skip
[2026-05-23 01:48:55] [SKIP] Same candle 2026-05-22 18:40:00  skip
[2026-05-23 01:49:55] [SKIP] Same candle 2026-05-22 18:40:00  skip
[2026-05-23 01:50:55] [SKIP] NO_TRADE: no_mr_signal
[2026-05-23 01:51:55] [SKIP] Same candle 2026-05-22 18:45:00  skip
[2026-05-23 01:52:55] [SKIP] Same candle 2026-05-22 18:45:00  skip
[2026-05-23 01:53:55] [SKIP] Same candle 2026-05-22 18:45:00  skip
[2026-05-23 01:54:55] [SKIP] Same candle 2026-05-22 18:45:00  skip
[2026-05-23 01:55:55] [SKIP] NO_TRADE: no_mr_signal
[2026-05-23 01:56:55] [SKIP] Same candle 2026-05-22 18:50:00  skip
[2026-05-23 01:57:55] [SKIP] Same candle 2026-05-22 18:50:00  skip
[2026-05-23 01:58:55] [SKIP] Same candle 2026-05-22 18:50:00  skip
[2026-05-23 01:59:55] [SKIP] Same candle 2026-05-22 18:50:00  skip
[2026-05-23 02:00:55] [STATS] Hourly (120 attempts): {'no_mr_signal': '120(100%)'}
[2026-05-23 02:00:55] [SKIP] NO_TRADE: no_mr_signal
[2026-05-23 02:01:55] [SKIP] Same candle 2026-05-22 18:55:00  skip
[2026-05-23 02:02:55] [SKIP] Same candle 2026-05-22 18:55:00  skip
[2026-05-23 02:03:55] [SKIP] Same candle 2026-05-22 18:55:00  skip
[2026-05-23 02:04:55] [SKIP] Same candle 2026-05-22 18:55:00  skip
[2026-05-23 02:05:55] [SKIP] NO_TRADE: no_mr_signal
[2026-05-23 02:06:55] [SKIP] Same candle 2026-05-22 19:00:00  skip
[2026-05-23 02:07:55] [SKIP] Same candle 2026-05-22 19:00:00  skip
[2026-05-23 02:08:55] [SKIP] Same candle 2026-05-22 19:00:00  skip
[2026-05-23 02:09:55] [SKIP] Same candle 2026-05-22 19:00:00  skip
[2026-05-23 02:10:55] [SKIP] NO_TRADE: no_mr_signal
[2026-05-23 02:11:55] [SKIP] Same candle 2026-05-22 19:05:00  skip
[2026-05-23 02:12:55] [SKIP] Same candle 2026-05-22 19:05:00  skip
[2026-05-23 02:13:55] [SKIP] Same candle 2026-05-22 19:05:00  skip
[2026-05-23 02:14:55] [SKIP] Same candle 2026-05-22 19:05:00  skip
[2026-05-23 02:15:55] [SKIP] NO_TRADE: no_mr_signal
[2026-05-23 02:16:56] [SKIP] Same candle 2026-05-22 19:10:00  skip
[2026-05-23 02:17:56] [SKIP] Same candle 2026-05-22 19:10:00  skip
[2026-05-23 02:18:56] [SKIP] Same candle 2026-05-22 19:10:00  skip
[2026-05-23 02:19:56] [SKIP] Same candle 2026-05-22 19:10:00  skip
[2026-05-23 02:20:56] [SKIP] NO_TRADE: no_mr_signal
[2026-05-23 02:21:56] [SKIP] Same candle 2026-05-22 19:15:00  skip
[2026-05-23 02:22:56] [SKIP] Same candle 2026-05-22 19:15:00  skip
[2026-05-23 02:23:56] [SKIP] Same candle 2026-05-22 19:15:00  skip
[2026-05-23 02:24:56] [SKIP] Same candle 2026-05-22 19:15:00  skip
[2026-05-23 02:25:56] [SKIP] NO_TRADE: no_mr_signal
[2026-05-23 02:26:56] [SKIP] Same candle 2026-05-22 19:20:00  skip
[2026-05-23 02:27:56] [SKIP] Same candle 2026-05-22 19:20:00  skip
[2026-05-23 02:28:56] [SKIP] Same candle 2026-05-22 19:20:00  skip
[2026-05-23 02:29:56] [SKIP] Same candle 2026-05-22 19:20:00  skip
[2026-05-23 02:30:56] [SKIP] NO_TRADE: no_mr_signal
[2026-05-23 02:31:56] [SKIP] Same candle 2026-05-22 19:25:00  skip
[2026-05-23 02:32:56] [SKIP] Same candle 2026-05-22 19:25:00  skip
[2026-05-23 02:33:56] [SKIP] Same candle 2026-05-22 19:25:00  skip
[2026-05-23 02:34:56] [SKIP] Same candle 2026-05-22 19:25:00  skip
[2026-05-23 02:35:56] [SKIP] NO_TRADE: no_mr_signal
[2026-05-23 02:36:56] [SKIP] Same candle 2026-05-22 19:30:00  skip
[2026-05-23 02:37:56] [SKIP] Same candle 2026-05-22 19:30:00  skip
[2026-05-23 02:38:56] [SKIP] Same candle 2026-05-22 19:30:00  skip
[2026-05-23 02:39:56] [SKIP] Same candle 2026-05-22 19:30:00  skip
[2026-05-23 02:40:56] [SKIP] NO_TRADE: no_mr_signal
[2026-05-23 02:41:56] [SKIP] Same candle 2026-05-22 19:35:00  skip
[2026-05-23 02:42:56] [SKIP] Same candle 2026-05-22 19:35:00  skip
[2026-05-23 02:43:56] [SKIP] Same candle 2026-05-22 19:35:00  skip
[2026-05-23 02:44:56] [SKIP] Same candle 2026-05-22 19:35:00  skip
[2026-05-23 02:45:56] [SKIP] NO_TRADE: no_mr_signal
[2026-05-23 02:46:56] [SKIP] Same candle 2026-05-22 19:40:00  skip
[2026-05-23 02:47:56] [SKIP] Same candle 2026-05-22 19:40:00  skip
[2026-05-23 02:48:56] [SKIP] Same candle 2026-05-22 19:40:00  skip
[2026-05-23 02:49:56] [SKIP] Same candle 2026-05-22 19:40:00  skip
[2026-05-23 02:50:56] [SKIP] NO_TRADE: no_mr_signal
[2026-05-23 02:51:56] [SKIP] Same candle 2026-05-22 19:45:00  skip
[2026-05-23 02:52:56] [SKIP] Same candle 2026-05-22 19:45:00  skip
[2026-05-23 02:53:56] [SKIP] Same candle 2026-05-22 19:45:00  skip
[2026-05-23 02:54:56] [SKIP] Same candle 2026-05-22 19:45:00  skip
[2026-05-23 02:55:56] [SKIP] NO_TRADE: no_mr_signal
[2026-05-23 02:56:56] [SKIP] Same candle 2026-05-22 19:50:00  skip
[2026-05-23 02:57:56] [SKIP] Same candle 2026-05-22 19:50:00  skip
[2026-05-23 02:58:56] [SKIP] Same candle 2026-05-22 19:50:00  skip
[2026-05-23 02:59:56] [SKIP] Same candle 2026-05-22 19:50:00  skip
[2026-05-23 03:00:56] [STATS] Hourly (180 attempts): {'no_mr_signal': '180(100%)'}
[2026-05-23 03:00:56] [SKIP] NO_TRADE: no_mr_signal
[2026-05-23 03:01:56] [SKIP] Same candle 2026-05-22 19:55:00  skip
[2026-05-23 03:02:56] [SKIP] Same candle 2026-05-22 19:55:00  skip
[2026-05-23 03:03:56] [SKIP] Same candle 2026-05-22 19:55:00  skip
[2026-05-23 03:04:56] [SKIP] Same candle 2026-05-22 19:55:00  skip
[2026-05-23 03:05:56] [SKIP] NO_TRADE: no_mr_signal
[2026-05-23 03:06:56] [SKIP] Same candle 2026-05-22 20:00:00  skip
[2026-05-23 03:07:56] [SKIP] Same candle 2026-05-22 20:00:00  skip
[2026-05-23 03:08:57] [SKIP] Same candle 2026-05-22 20:00:00  skip
[2026-05-23 03:09:57] [SKIP] Same candle 2026-05-22 20:00:00  skip
[2026-05-23 03:10:57] [SKIP] NO_TRADE: no_mr_signal
[2026-05-23 03:11:57] [SKIP] Same candle 2026-05-22 20:05:00  skip
[2026-05-23 03:12:57] [SKIP] Same candle 2026-05-22 20:05:00  skip
[2026-05-23 03:13:57] [SKIP] Same candle 2026-05-22 20:05:00  skip
[2026-05-23 03:14:57] [SKIP] Same candle 2026-05-22 20:05:00  skip
[2026-05-23 03:15:57] [SKIP] NO_TRADE: no_mr_signal
[2026-05-23 03:16:57] [SKIP] Same candle 2026-05-22 20:10:00  skip
[2026-05-23 03:17:57] [SKIP] Same candle 2026-05-22 20:10:00  skip
[2026-05-23 03:18:57] [SKIP] Same candle 2026-05-22 20:10:00  skip
[2026-05-23 03:19:57] [SKIP] Same candle 2026-05-22 20:10:00  skip
[2026-05-23 03:20:57] [SKIP] NO_TRADE: no_mr_signal
[2026-05-23 03:21:57] [SKIP] Same candle 2026-05-22 20:15:00  skip
[2026-05-23 03:22:57] [SKIP] Same candle 2026-05-22 20:15:00  skip
[2026-05-23 03:23:57] [SKIP] Same candle 2026-05-22 20:15:00  skip
[2026-05-23 03:24:57] [SKIP] Same candle 2026-05-22 20:15:00  skip
[2026-05-23 03:25:57] [SKIP] NO_TRADE: no_mr_signal
[2026-05-23 03:26:57] [SKIP] Same candle 2026-05-22 20:20:00  skip
[2026-05-23 03:27:57] [SKIP] Same candle 2026-05-22 20:20:00  skip
[2026-05-23 03:28:57] [SKIP] Same candle 2026-05-22 20:20:00  skip
[2026-05-23 03:29:57] [SKIP] Same candle 2026-05-22 20:20:00  skip
[2026-05-23 03:30:57] [SKIP] NO_TRADE: no_mr_signal
[2026-05-23 03:31:57] [SKIP] Same candle 2026-05-22 20:25:00  skip
[2026-05-23 03:32:57] [SKIP] Same candle 2026-05-22 20:25:00  skip
[2026-05-23 03:33:57] [SKIP] Same candle 2026-05-22 20:25:00  skip
[2026-05-23 03:34:57] [SKIP] Same candle 2026-05-22 20:25:00  skip
[2026-05-23 03:35:57] [SKIP] NO_TRADE: no_mr_signal
[2026-05-23 03:36:57] [SKIP] Same candle 2026-05-22 20:30:00  skip
[2026-05-23 03:37:57] [SKIP] Same candle 2026-05-22 20:30:00  skip
[2026-05-23 03:38:57] [SKIP] Same candle 2026-05-22 20:30:00  skip
[2026-05-23 03:39:57] [SKIP] Same candle 2026-05-22 20:30:00  skip
[2026-05-23 03:40:57] [SKIP] NO_TRADE: no_mr_signal
[2026-05-23 03:41:57] [SKIP] Same candle 2026-05-22 20:35:00  skip
[2026-05-23 03:42:57] [SKIP] Same candle 2026-05-22 20:35:00  skip
[2026-05-23 03:43:57] [SKIP] Same candle 2026-05-22 20:35:00  skip
[2026-05-23 03:44:57] [SKIP] Same candle 2026-05-22 20:35:00  skip
[2026-05-23 03:45:57] [SKIP] NO_TRADE: no_mr_signal
[2026-05-23 03:46:57] [SKIP] Same candle 2026-05-22 20:40:00  skip
[2026-05-23 03:47:57] [SKIP] Same candle 2026-05-22 20:40:00  skip
[2026-05-23 03:48:57] [SKIP] Same candle 2026-05-22 20:40:00  skip
[2026-05-23 03:49:57] [SKIP] Same candle 2026-05-22 20:40:00  skip
[2026-05-23 03:50:57] [SKIP] NO_TRADE: no_mr_signal
[2026-05-23 03:51:57] [SKIP] Same candle 2026-05-22 20:45:00  skip
[2026-05-23 03:52:57] [SKIP] Same candle 2026-05-22 20:45:00  skip
[2026-05-23 03:53:57] [SKIP] Same candle 2026-05-22 20:45:00  skip
[2026-05-23 03:54:57] [SKIP] Same candle 2026-05-22 20:45:00  skip
[2026-05-23 03:55:57] [SKIP] NO_TRADE: no_mr_signal
[2026-05-23 03:56:57] [SKIP] Same candle 2026-05-22 20:50:00  skip
[2026-05-23 03:57:57] [SKIP] Same candle 2026-05-22 20:50:00  skip
[2026-05-23 03:58:57] [SKIP] Same candle 2026-05-22 20:50:00  skip
[2026-05-23 03:59:57] [SKIP] Same candle 2026-05-22 20:50:00  skip
[2026-05-23 04:00:57] [STATS] Hourly (240 attempts): {'no_mr_signal': '240(100%)'}
[2026-05-23 04:00:57] [WAIT] Weekend  market closed
[2026-05-23 04:01:57] [WAIT] Weekend  market closed
[2026-05-23 04:02:57] [WAIT] Weekend  market closed
[2026-05-23 04:03:57] [WAIT] Weekend  market closed
[2026-05-23 04:04:57] [WAIT] Weekend  market closed
[2026-05-23 04:05:57] [WAIT] Weekend  market closed
[2026-05-23 04:06:57] [WAIT] Weekend  market closed
[2026-05-23 04:07:57] [WAIT] Weekend  market closed
[2026-05-23 04:08:57] [WAIT] Weekend  market closed
[2026-05-23 04:09:57] [WAIT] Weekend  market closed
[2026-05-23 04:10:57] [WAIT] Weekend  market closed
[2026-05-23 04:11:57] [WAIT] Weekend  market closed
[2026-05-23 04:12:58] [WAIT] Weekend  market closed
[2026-05-23 04:13:58] [WAIT] Weekend  market closed
[2026-05-23 04:14:58] [WAIT] Weekend  market closed
[2026-05-23 04:15:58] [WAIT] Weekend  market closed
[2026-05-23 04:16:58] [WAIT] Weekend  market closed
[2026-05-23 04:17:58] [WAIT] Weekend  market closed
[2026-05-23 04:18:58] [WAIT] Weekend  market closed
[2026-05-23 04:19:58] [WAIT] Weekend  market closed
[2026-05-23 04:20:58] [WAIT] Weekend  market closed
[2026-05-23 04:21:58] [WAIT] Weekend  market closed
[2026-05-23 04:22:58] [WAIT] Weekend  market closed
[2026-05-23 04:23:58] [WAIT] Weekend  market closed
[2026-05-23 04:24:58] [WAIT] Weekend  market closed
[2026-05-23 04:25:58] [WAIT] Weekend  market closed
[2026-05-23 04:26:58] [WAIT] Weekend  market closed
[2026-05-23 04:27:58] [WAIT] Weekend  market closed
[2026-05-23 04:28:58] [WAIT] Weekend  market closed
[2026-05-23 04:29:58] [WAIT] Weekend  market closed
[2026-05-23 04:30:58] [WAIT] Weekend  market closed
[2026-05-23 04:31:58] [WAIT] Weekend  market closed
[2026-05-23 04:32:58] [WAIT] Weekend  market closed
[2026-05-23 04:33:58] [WAIT] Weekend  market closed
[2026-05-23 04:34:58] [WAIT] Weekend  market closed
[2026-05-23 04:35:58] [WAIT] Weekend  market closed
[2026-05-23 04:36:58] [WAIT] Weekend  market closed
[2026-05-23 04:37:58] [WAIT] Weekend  market closed
[2026-05-23 04:38:58] [WAIT] Weekend  market closed
[2026-05-23 04:39:58] [WAIT] Weekend  market closed
[2026-05-23 04:40:58] [WAIT] Weekend  market closed
[2026-05-23 04:41:58] [WAIT] Weekend  market closed
[2026-05-23 04:42:58] [WAIT] Weekend  market closed
[2026-05-23 04:43:58] [WAIT] Weekend  market closed
[2026-05-23 04:44:58] [WAIT] Weekend  market closed
[2026-05-23 04:45:58] [WAIT] Weekend  market closed
[2026-05-23 04:46:58] [WAIT] Weekend  market closed
[2026-05-23 04:47:58] [WAIT] Weekend  market closed
[2026-05-23 04:48:58] [WAIT] Weekend  market closed
[2026-05-23 04:49:58] [WAIT] Weekend  market closed
[2026-05-23 04:50:58] [WAIT] Weekend  market closed
[2026-05-23 04:51:58] [WAIT] Weekend  market closed
[2026-05-23 04:52:58] [WAIT] Weekend  market closed
[2026-05-23 04:53:58] [WAIT] Weekend  market closed
[2026-05-23 04:54:58] [WAIT] Weekend  market closed
[2026-05-23 04:55:58] [WAIT] Weekend  market closed
[2026-05-23 04:56:58] [WAIT] Weekend  market closed
[2026-05-23 04:57:58] [WAIT] Weekend  market closed
[2026-05-23 04:58:58] [WAIT] Weekend  market closed
[2026-05-23 04:59:58] [WAIT] Weekend  market closed
[2026-05-23 05:00:58] [STATS] Hourly (240 attempts): {'no_mr_signal': '240(100%)'}
[2026-05-23 05:00:58] [WAIT] Weekend  market closed
[2026-05-23 05:01:58] [WAIT] Weekend  market closed
[2026-05-23 05:02:58] [WAIT] Weekend  market closed
[2026-05-23 05:03:58] [WAIT] Weekend  market closed
[2026-05-23 05:04:58] [WAIT] Weekend  market closed
[2026-05-23 05:05:58] [WAIT] Weekend  market closed
[2026-05-23 05:06:58] [WAIT] Weekend  market closed
[2026-05-23 05:07:58] [WAIT] Weekend  market closed
[2026-05-23 05:08:58] [WAIT] Weekend  market closed
[2026-05-23 05:09:58] [WAIT] Weekend  market closed
[2026-05-23 05:10:58] [WAIT] Weekend  market closed
[2026-05-23 05:11:58] [WAIT] Weekend  market closed
[2026-05-23 05:12:58] [WAIT] Weekend  market closed
[2026-05-23 05:13:58] [WAIT] Weekend  market closed
[2026-05-23 05:14:58] [WAIT] Weekend  market closed
[2026-05-23 05:15:58] [WAIT] Weekend  market closed
[2026-05-23 05:16:58] [WAIT] Weekend  market closed
[2026-05-23 05:17:58] [WAIT] Weekend  market closed
[2026-05-23 05:18:58] [WAIT] Weekend  market closed
[2026-05-23 05:19:58] [WAIT] Weekend  market closed
[2026-05-23 05:20:58] [WAIT] Weekend  market closed
[2026-05-23 05:21:58] [WAIT] Weekend  market closed
[2026-05-23 05:22:58] [WAIT] Weekend  market closed
[2026-05-23 05:23:58] [WAIT] Weekend  market closed
[2026-05-23 05:24:58] [WAIT] Weekend  market closed
[2026-05-23 05:25:58] [WAIT] Weekend  market closed
[2026-05-23 05:26:58] [WAIT] Weekend  market closed
[2026-05-23 05:27:58] [WAIT] Weekend  market closed
[2026-05-23 05:28:58] [WAIT] Weekend  market closed
[2026-05-23 05:29:58] [WAIT] Weekend  market closed
[2026-05-23 05:30:58] [WAIT] Weekend  market closed
[2026-05-23 05:31:58] [WAIT] Weekend  market closed
[2026-05-23 05:32:58] [WAIT] Weekend  market closed
[2026-05-23 05:33:58] [WAIT] Weekend  market closed
[2026-05-23 05:34:58] [WAIT] Weekend  market closed
[2026-05-23 05:35:58] [WAIT] Weekend  market closed
[2026-05-23 05:36:58] [WAIT] Weekend  market closed
[2026-05-23 05:37:58] [WAIT] Weekend  market closed
[2026-05-23 05:38:58] [WAIT] Weekend  market closed
[2026-05-23 05:39:58] [WAIT] Weekend  market closed
[2026-05-23 05:40:58] [WAIT] Weekend  market closed
[2026-05-23 05:41:58] [WAIT] Weekend  market closed
[2026-05-23 05:42:58] [WAIT] Weekend  market closed
[2026-05-23 05:43:58] [WAIT] Weekend  market closed
[2026-05-23 05:44:58] [WAIT] Weekend  market closed
[2026-05-23 05:45:58] [WAIT] Weekend  market closed
[2026-05-23 05:46:58] [WAIT] Weekend  market closed
[2026-05-23 05:47:58] [WAIT] Weekend  market closed
[2026-05-23 05:48:58] [WAIT] Weekend  market closed
[2026-05-23 05:49:58] [WAIT] Weekend  market closed
[2026-05-23 05:50:58] [WAIT] Weekend  market closed
[2026-05-23 05:51:58] [WAIT] Weekend  market closed
[2026-05-23 05:52:58] [WAIT] Weekend  market closed
[2026-05-23 05:53:58] [WAIT] Weekend  market closed
[2026-05-23 05:54:58] [WAIT] Weekend  market closed
[2026-05-23 05:55:58] [WAIT] Weekend  market closed
[2026-05-23 05:56:58] [WAIT] Weekend  market closed
[2026-05-23 05:57:58] [WAIT] Weekend  market closed
[2026-05-23 05:58:58] [WAIT] Weekend  market closed
[2026-05-23 05:59:58] [WAIT] Weekend  market closed
[2026-05-23 06:00:58] [STATS] Hourly (240 attempts): {'no_mr_signal': '240(100%)'}
[2026-05-23 06:00:58] [WAIT] Weekend  market closed
[2026-05-23 06:01:58] [WAIT] Weekend  market closed
[2026-05-23 06:02:58] [WAIT] Weekend  market closed
[2026-05-23 06:03:58] [WAIT] Weekend  market closed
[2026-05-23 06:04:58] [WAIT] Weekend  market closed
[2026-05-23 06:05:58] [WAIT] Weekend  market closed
[2026-05-23 06:06:58] [WAIT] Weekend  market closed
[2026-05-23 06:07:58] [WAIT] Weekend  market closed
[2026-05-23 06:08:58] [WAIT] Weekend  market closed
[2026-05-23 06:09:58] [WAIT] Weekend  market closed
[2026-05-23 06:10:58] [WAIT] Weekend  market closed
[2026-05-23 06:11:58] [WAIT] Weekend  market closed
[2026-05-23 06:12:58] [WAIT] Weekend  market closed
[2026-05-23 06:13:58] [WAIT] Weekend  market closed
[2026-05-23 06:14:58] [WAIT] Weekend  market closed
[2026-05-23 06:15:58] [WAIT] Weekend  market closed
[2026-05-23 06:16:58] [WAIT] Weekend  market closed
[2026-05-23 06:17:58] [WAIT] Weekend  market closed
[2026-05-23 06:18:58] [WAIT] Weekend  market closed
[2026-05-23 06:19:58] [WAIT] Weekend  market closed
[2026-05-23 06:20:58] [WAIT] Weekend  market closed
[2026-05-23 06:21:58] [WAIT] Weekend  market closed
[2026-05-23 06:22:58] [WAIT] Weekend  market closed
[2026-05-23 06:23:58] [WAIT] Weekend  market closed
[2026-05-23 06:24:58] [WAIT] Weekend  market closed
[2026-05-23 06:25:58] [WAIT] Weekend  market closed
[2026-05-23 06:26:58] [WAIT] Weekend  market closed
[2026-05-23 06:27:58] [WAIT] Weekend  market closed
[2026-05-23 06:28:58] [WAIT] Weekend  market closed
[2026-05-23 06:29:58] [WAIT] Weekend  market closed
[2026-05-23 06:30:58] [WAIT] Weekend  market closed
[2026-05-23 06:31:58] [WAIT] Weekend  market closed
[2026-05-23 06:32:58] [WAIT] Weekend  market closed
[2026-05-23 06:33:58] [WAIT] Weekend  market closed
[2026-05-23 06:34:58] [WAIT] Weekend  market closed
[2026-05-23 06:35:58] [WAIT] Weekend  market closed
[2026-05-23 06:36:58] [WAIT] Weekend  market closed
[2026-05-23 06:37:58] [WAIT] Weekend  market closed
[2026-05-23 06:38:58] [WAIT] Weekend  market closed
[2026-05-23 06:39:58] [WAIT] Weekend  market closed
[2026-05-23 06:40:58] [WAIT] Weekend  market closed
[2026-05-23 06:41:58] [WAIT] Weekend  market closed
[2026-05-23 06:42:58] [WAIT] Weekend  market closed
[2026-05-23 06:43:58] [WAIT] Weekend  market closed
[2026-05-23 06:44:58] [WAIT] Weekend  market closed
[2026-05-23 06:45:58] [WAIT] Weekend  market closed
[2026-05-23 06:46:58] [WAIT] Weekend  market closed
[2026-05-23 06:47:58] [WAIT] Weekend  market closed
[2026-05-23 06:48:58] [WAIT] Weekend  market closed
[2026-05-23 06:49:58] [WAIT] Weekend  market closed
[2026-05-23 06:50:58] [WAIT] Weekend  market closed
[2026-05-23 06:51:58] [WAIT] Weekend  market closed
[2026-05-23 06:52:58] [WAIT] Weekend  market closed
[2026-05-23 06:53:58] [WAIT] Weekend  market closed
[2026-05-23 06:54:58] [WAIT] Weekend  market closed
[2026-05-23 06:55:58] [WAIT] Weekend  market closed
[2026-05-23 06:56:58] [WAIT] Weekend  market closed
[2026-05-23 06:57:58] [WAIT] Weekend  market closed
[2026-05-23 06:58:58] [WAIT] Weekend  market closed
[2026-05-23 06:59:58] [WAIT] Weekend  market closed
[2026-05-23 07:00:58] [STATS] Hourly (240 attempts): {'no_mr_signal': '240(100%)'}
[2026-05-23 07:00:58] [WAIT] Weekend  market closed
[2026-05-23 07:01:58] [WAIT] Weekend  market closed
[2026-05-23 07:02:58] [WAIT] Weekend  market closed
[2026-05-23 07:03:58] [WAIT] Weekend  market closed
[2026-05-23 07:04:58] [WAIT] Weekend  market closed
[2026-05-23 07:05:58] [WAIT] Weekend  market closed
[2026-05-23 07:06:58] [WAIT] Weekend  market closed
[2026-05-23 07:07:58] [WAIT] Weekend  market closed
[2026-05-23 07:08:58] [WAIT] Weekend  market closed
[2026-05-23 07:09:58] [WAIT] Weekend  market closed
[2026-05-23 07:10:58] [WAIT] Weekend  market closed
[2026-05-23 07:11:58] [WAIT] Weekend  market closed
[2026-05-23 07:12:58] [WAIT] Weekend  market closed
[2026-05-23 07:13:58] [WAIT] Weekend  market closed
[2026-05-23 07:14:58] [WAIT] Weekend  market closed
[2026-05-23 07:15:58] [WAIT] Weekend  market closed
[2026-05-23 07:16:58] [WAIT] Weekend  market closed
[2026-05-23 07:17:58] [WAIT] Weekend  market closed
[2026-05-23 07:18:58] [WAIT] Weekend  market closed
[2026-05-23 07:19:58] [WAIT] Weekend  market closed
[2026-05-23 07:20:58] [WAIT] Weekend  market closed
[2026-05-23 07:21:58] [WAIT] Weekend  market closed
[2026-05-23 07:22:58] [WAIT] Weekend  market closed
[2026-05-23 07:23:58] [WAIT] Weekend  market closed
[2026-05-23 07:24:58] [WAIT] Weekend  market closed
[2026-05-23 07:25:58] [WAIT] Weekend  market closed
[2026-05-23 07:26:58] [WAIT] Weekend  market closed
[2026-05-23 07:27:58] [WAIT] Weekend  market closed
[2026-05-23 07:28:58] [WAIT] Weekend  market closed
[2026-05-23 07:29:58] [WAIT] Weekend  market closed
[2026-05-23 07:30:58] [WAIT] Weekend  market closed
[2026-05-23 07:31:58] [WAIT] Weekend  market closed
[2026-05-23 07:32:58] [WAIT] Weekend  market closed
[2026-05-23 07:33:58] [WAIT] Weekend  market closed
[2026-05-23 07:34:58] [WAIT] Weekend  market closed
[2026-05-23 07:35:58] [WAIT] Weekend  market closed
[2026-05-23 07:36:58] [WAIT] Weekend  market closed
[2026-05-23 07:37:58] [WAIT] Weekend  market closed
[2026-05-23 07:38:58] [WAIT] Weekend  market closed
[2026-05-23 07:39:58] [WAIT] Weekend  market closed
[2026-05-23 07:40:58] [WAIT] Weekend  market closed
[2026-05-23 07:41:58] [WAIT] Weekend  market closed
[2026-05-23 07:42:58] [WAIT] Weekend  market closed
[2026-05-23 07:43:58] [WAIT] Weekend  market closed
[2026-05-23 07:44:58] [WAIT] Weekend  market closed
[2026-05-23 07:45:58] [WAIT] Weekend  market closed
[2026-05-23 07:46:58] [WAIT] Weekend  market closed
[2026-05-23 07:47:58] [WAIT] Weekend  market closed
[2026-05-23 07:48:58] [WAIT] Weekend  market closed
[2026-05-23 07:49:58] [WAIT] Weekend  market closed
[2026-05-23 07:50:58] [WAIT] Weekend  market closed
[2026-05-23 07:51:58] [WAIT] Weekend  market closed
[2026-05-23 07:52:58] [WAIT] Weekend  market closed
[2026-05-23 07:53:58] [WAIT] Weekend  market closed
[2026-05-23 07:54:58] [WAIT] Weekend  market closed
[2026-05-23 07:55:58] [WAIT] Weekend  market closed
[2026-05-23 07:56:58] [WAIT] Weekend  market closed
[2026-05-23 07:57:58] [WAIT] Weekend  market closed
[2026-05-23 07:58:58] [WAIT] Weekend  market closed
[2026-05-23 07:59:58] [WAIT] Weekend  market closed
[2026-05-23 08:00:58] [STATS] Hourly (240 attempts): {'no_mr_signal': '240(100%)'}
[2026-05-23 08:00:58] [WAIT] Weekend  market closed
[2026-05-23 08:01:58] [WAIT] Weekend  market closed
[2026-05-23 08:02:58] [WAIT] Weekend  market closed
[2026-05-23 08:03:58] [WAIT] Weekend  market closed
[2026-05-23 08:04:58] [WAIT] Weekend  market closed
[2026-05-23 08:05:58] [WAIT] Weekend  market closed
[2026-05-23 08:06:58] [WAIT] Weekend  market closed
[2026-05-23 08:07:58] [WAIT] Weekend  market closed
[2026-05-23 08:08:58] [WAIT] Weekend  market closed
[2026-05-23 08:09:58] [WAIT] Weekend  market closed
[2026-05-23 08:10:58] [WAIT] Weekend  market closed
[2026-05-23 08:11:58] [WAIT] Weekend  market closed
[2026-05-23 08:12:58] [WAIT] Weekend  market closed
[2026-05-23 08:13:58] [WAIT] Weekend  market closed
[2026-05-23 08:14:58] [WAIT] Weekend  market closed
[2026-05-23 08:15:58] [WAIT] Weekend  market closed
[2026-05-23 08:16:58] [WAIT] Weekend  market closed
[2026-05-23 08:17:58] [WAIT] Weekend  market closed
[2026-05-23 08:18:58] [WAIT] Weekend  market closed
[2026-05-23 08:19:58] [WAIT] Weekend  market closed
[2026-05-23 08:20:58] [WAIT] Weekend  market closed
[2026-05-23 08:21:58] [WAIT] Weekend  market closed
[2026-05-23 08:22:58] [WAIT] Weekend  market closed
[2026-05-23 08:23:58] [WAIT] Weekend  market closed
[2026-05-23 08:24:58] [WAIT] Weekend  market closed
[2026-05-23 08:25:58] [WAIT] Weekend  market closed
[2026-05-23 08:26:58] [WAIT] Weekend  market closed
[2026-05-23 08:27:58] [WAIT] Weekend  market closed
[2026-05-23 08:28:58] [WAIT] Weekend  market closed
[2026-05-23 08:29:58] [WAIT] Weekend  market closed
[2026-05-23 08:30:58] [WAIT] Weekend  market closed
[2026-05-23 08:31:58] [WAIT] Weekend  market closed
[2026-05-23 08:32:58] [WAIT] Weekend  market closed
[2026-05-23 08:33:58] [WAIT] Weekend  market closed
[2026-05-23 08:34:58] [WAIT] Weekend  market closed
[2026-05-23 08:35:58] [WAIT] Weekend  market closed
[2026-05-23 08:36:58] [WAIT] Weekend  market closed
[2026-05-23 08:37:58] [WAIT] Weekend  market closed
[2026-05-23 08:38:58] [WAIT] Weekend  market closed
[2026-05-23 08:39:58] [WAIT] Weekend  market closed
[2026-05-23 08:40:58] [WAIT] Weekend  market closed
[2026-05-23 08:41:58] [WAIT] Weekend  market closed
[2026-05-23 08:42:58] [WAIT] Weekend  market closed
[2026-05-23 08:43:58] [WAIT] Weekend  market closed
[2026-05-23 08:44:58] [WAIT] Weekend  market closed
[2026-05-23 08:45:58] [WAIT] Weekend  market closed
[2026-05-23 08:46:58] [WAIT] Weekend  market closed
[2026-05-23 08:47:58] [WAIT] Weekend  market closed
[2026-05-23 08:48:58] [WAIT] Weekend  market closed
[2026-05-23 08:49:58] [WAIT] Weekend  market closed
[2026-05-23 08:50:58] [WAIT] Weekend  market closed
[2026-05-23 08:51:58] [WAIT] Weekend  market closed
[2026-05-23 08:52:58] [WAIT] Weekend  market closed
[2026-05-23 08:53:58] [WAIT] Weekend  market closed
[2026-05-23 08:54:58] [WAIT] Weekend  market closed
[2026-05-23 08:55:58] [WAIT] Weekend  market closed
[2026-05-23 08:56:58] [WAIT] Weekend  market closed
[2026-05-23 08:57:58] [WAIT] Weekend  market closed
[2026-05-23 08:58:58] [WAIT] Weekend  market closed
[2026-05-23 08:59:58] [WAIT] Weekend  market closed
[2026-05-23 09:00:58] [STATS] Hourly (240 attempts): {'no_mr_signal': '240(100%)'}
[2026-05-23 09:00:58] [WAIT] Weekend  market closed
[2026-05-23 09:01:58] [WAIT] Weekend  market closed
[2026-05-23 09:02:58] [WAIT] Weekend  market closed
[2026-05-23 09:03:58] [WAIT] Weekend  market closed
[2026-05-23 09:04:58] [WAIT] Weekend  market closed
[2026-05-23 09:05:58] [WAIT] Weekend  market closed
[2026-05-23 09:06:58] [WAIT] Weekend  market closed
[2026-05-23 09:07:58] [WAIT] Weekend  market closed
[2026-05-23 09:08:58] [WAIT] Weekend  market closed
[2026-05-23 09:09:58] [WAIT] Weekend  market closed
[2026-05-23 09:10:58] [WAIT] Weekend  market closed
[2026-05-23 09:11:58] [WAIT] Weekend  market closed
[2026-05-23 09:12:58] [WAIT] Weekend  market closed
[2026-05-23 09:13:58] [WAIT] Weekend  market closed
[2026-05-23 09:14:58] [WAIT] Weekend  market closed
[2026-05-23 09:15:58] [WAIT] Weekend  market closed
[2026-05-23 09:16:58] [WAIT] Weekend  market closed
[2026-05-23 09:17:58] [WAIT] Weekend  market closed
[2026-05-23 09:18:58] [WAIT] Weekend  market closed
[2026-05-23 09:19:58] [WAIT] Weekend  market closed
[2026-05-23 09:20:58] [WAIT] Weekend  market closed
[2026-05-23 09:21:58] [WAIT] Weekend  market closed
[2026-05-23 09:22:58] [WAIT] Weekend  market closed
[2026-05-23 09:23:58] [WAIT] Weekend  market closed
[2026-05-23 09:24:58] [WAIT] Weekend  market closed
[2026-05-23 09:25:58] [WAIT] Weekend  market closed
[2026-05-23 09:26:58] [WAIT] Weekend  market closed
[2026-05-23 09:27:58] [WAIT] Weekend  market closed
[2026-05-23 09:28:58] [WAIT] Weekend  market closed
[2026-05-23 09:29:58] [WAIT] Weekend  market closed
[2026-05-23 09:30:58] [WAIT] Weekend  market closed
[2026-05-23 09:31:58] [WAIT] Weekend  market closed
[2026-05-23 09:32:58] [WAIT] Weekend  market closed
[2026-05-23 09:33:58] [WAIT] Weekend  market closed
[2026-05-23 09:34:58] [WAIT] Weekend  market closed
[2026-05-23 09:35:58] [WAIT] Weekend  market closed
[2026-05-23 09:36:58] [WAIT] Weekend  market closed
[2026-05-23 09:37:58] [WAIT] Weekend  market closed
[2026-05-23 09:38:58] [WAIT] Weekend  market closed
[2026-05-23 09:39:58] [WAIT] Weekend  market closed
[2026-05-23 09:40:58] [WAIT] Weekend  market closed
[2026-05-23 09:41:58] [WAIT] Weekend  market closed
[2026-05-23 09:42:58] [WAIT] Weekend  market closed
[2026-05-23 09:43:58] [WAIT] Weekend  market closed
[2026-05-23 09:44:58] [WAIT] Weekend  market closed
[2026-05-23 09:45:58] [WAIT] Weekend  market closed
[2026-05-23 09:46:58] [WAIT] Weekend  market closed
[2026-05-23 09:47:58] [WAIT] Weekend  market closed
[2026-05-23 09:48:58] [WAIT] Weekend  market closed
[2026-05-23 09:49:58] [WAIT] Weekend  market closed
[2026-05-23 09:50:58] [WAIT] Weekend  market closed
[2026-05-23 09:51:58] [WAIT] Weekend  market closed
[2026-05-23 09:52:58] [WAIT] Weekend  market closed
[2026-05-23 09:53:58] [WAIT] Weekend  market closed
[2026-05-23 09:54:58] [WAIT] Weekend  market closed
[2026-05-23 09:55:58] [WAIT] Weekend  market closed
[2026-05-23 09:56:58] [WAIT] Weekend  market closed
[2026-05-23 09:57:58] [WAIT] Weekend  market closed
[2026-05-23 09:58:58] [WAIT] Weekend  market closed
[2026-05-23 09:59:58] [WAIT] Weekend  market closed
[2026-05-23 10:00:58] [STATS] Hourly (240 attempts): {'no_mr_signal': '240(100%)'}
[2026-05-23 10:00:58] [WAIT] Weekend  market closed
[2026-05-23 10:01:58] [WAIT] Weekend  market closed
[2026-05-23 10:02:58] [WAIT] Weekend  market closed
[2026-05-23 10:03:58] [WAIT] Weekend  market closed
[2026-05-23 10:04:58] [WAIT] Weekend  market closed
[2026-05-23 10:05:58] [WAIT] Weekend  market closed
[2026-05-23 10:06:58] [WAIT] Weekend  market closed
[2026-05-23 10:07:58] [WAIT] Weekend  market closed
[2026-05-23 10:08:58] [WAIT] Weekend  market closed
[2026-05-23 10:09:58] [WAIT] Weekend  market closed
[2026-05-23 10:10:58] [WAIT] Weekend  market closed
[2026-05-23 10:11:58] [WAIT] Weekend  market closed
[2026-05-23 10:12:58] [WAIT] Weekend  market closed
[2026-05-23 10:13:58] [WAIT] Weekend  market closed
[2026-05-23 10:14:58] [WAIT] Weekend  market closed
[2026-05-23 10:15:58] [WAIT] Weekend  market closed
[2026-05-23 10:16:58] [WAIT] Weekend  market closed
[2026-05-23 10:17:58] [WAIT] Weekend  market closed
[2026-05-23 10:18:58] [WAIT] Weekend  market closed
[2026-05-23 10:19:58] [WAIT] Weekend  market closed
[2026-05-23 10:20:58] [WAIT] Weekend  market closed
[2026-05-23 10:21:58] [WAIT] Weekend  market closed
[2026-05-23 10:22:58] [WAIT] Weekend  market closed
[2026-05-23 10:23:58] [WAIT] Weekend  market closed
[2026-05-23 10:24:58] [WAIT] Weekend  market closed
[2026-05-23 10:25:58] [WAIT] Weekend  market closed
[2026-05-23 10:26:58] [WAIT] Weekend  market closed
[2026-05-23 10:27:58] [WAIT] Weekend  market closed
[2026-05-23 10:28:58] [WAIT] Weekend  market closed
[2026-05-23 10:29:58] [WAIT] Weekend  market closed
[2026-05-23 10:30:58] [WAIT] Weekend  market closed
[2026-05-23 10:31:58] [WAIT] Weekend  market closed
[2026-05-23 10:32:58] [WAIT] Weekend  market closed
[2026-05-23 10:33:58] [WAIT] Weekend  market closed
[2026-05-23 10:34:58] [WAIT] Weekend  market closed
[2026-05-23 10:35:58] [WAIT] Weekend  market closed
[2026-05-23 10:36:58] [WAIT] Weekend  market closed
[2026-05-23 10:37:58] [WAIT] Weekend  market closed
[2026-05-23 10:38:58] [WAIT] Weekend  market closed
[2026-05-23 10:39:58] [WAIT] Weekend  market closed
[2026-05-23 10:40:58] [WAIT] Weekend  market closed
[2026-05-23 10:41:58] [WAIT] Weekend  market closed
[2026-05-23 10:42:58] [WAIT] Weekend  market closed
[2026-05-23 10:43:58] [WAIT] Weekend  market closed
[2026-05-23 10:44:58] [WAIT] Weekend  market closed
[2026-05-23 10:45:58] [WAIT] Weekend  market closed
[2026-05-23 10:46:58] [WAIT] Weekend  market closed
[2026-05-23 10:47:58] [WAIT] Weekend  market closed
[2026-05-23 10:48:58] [WAIT] Weekend  market closed
[2026-05-23 10:49:58] [WAIT] Weekend  market closed
[2026-05-23 10:50:58] [WAIT] Weekend  market closed
[2026-05-23 10:51:58] [WAIT] Weekend  market closed
[2026-05-23 10:52:58] [WAIT] Weekend  market closed
[2026-05-23 10:53:58] [WAIT] Weekend  market closed
[2026-05-23 10:54:58] [WAIT] Weekend  market closed
[2026-05-23 10:55:58] [WAIT] Weekend  market closed
[2026-05-23 10:56:58] [WAIT] Weekend  market closed
[2026-05-23 10:57:58] [WAIT] Weekend  market closed
[2026-05-23 10:58:58] [WAIT] Weekend  market closed
[2026-05-23 10:59:58] [WAIT] Weekend  market closed
[2026-05-23 11:00:58] [STATS] Hourly (240 attempts): {'no_mr_signal': '240(100%)'}
[2026-05-23 11:00:58] [WAIT] Weekend  market closed
[2026-05-23 11:01:58] [WAIT] Weekend  market closed
[2026-05-23 11:02:58] [WAIT] Weekend  market closed
[2026-05-23 11:03:58] [WAIT] Weekend  market closed
[2026-05-23 11:04:58] [WAIT] Weekend  market closed
[2026-05-23 11:05:58] [WAIT] Weekend  market closed
[2026-05-23 11:06:58] [WAIT] Weekend  market closed
[2026-05-23 11:07:58] [WAIT] Weekend  market closed
[2026-05-23 11:08:58] [WAIT] Weekend  market closed
[2026-05-23 11:09:58] [WAIT] Weekend  market closed
[2026-05-23 11:10:58] [WAIT] Weekend  market closed
[2026-05-23 11:11:58] [WAIT] Weekend  market closed
[2026-05-23 11:12:58] [WAIT] Weekend  market closed
[2026-05-23 11:13:58] [WAIT] Weekend  market closed
[2026-05-23 11:14:58] [WAIT] Weekend  market closed
[2026-05-23 11:15:58] [WAIT] Weekend  market closed
[2026-05-23 11:16:58] [WAIT] Weekend  market closed
[2026-05-23 11:17:58] [WAIT] Weekend  market closed
[2026-05-23 11:18:58] [WAIT] Weekend  market closed
[2026-05-23 11:19:58] [WAIT] Weekend  market closed
[2026-05-23 11:20:58] [WAIT] Weekend  market closed
[2026-05-23 11:21:58] [WAIT] Weekend  market closed
[2026-05-23 11:22:58] [WAIT] Weekend  market closed
[2026-05-23 11:23:58] [WAIT] Weekend  market closed
[2026-05-23 11:24:58] [WAIT] Weekend  market closed
[2026-05-23 11:25:58] [WAIT] Weekend  market closed
[2026-05-23 11:26:58] [WAIT] Weekend  market closed
[2026-05-23 11:27:58] [WAIT] Weekend  market closed
[2026-05-23 11:28:58] [WAIT] Weekend  market closed
[2026-05-23 11:29:58] [WAIT] Weekend  market closed
[2026-05-23 11:30:58] [WAIT] Weekend  market closed
[2026-05-23 11:31:58] [WAIT] Weekend  market closed
[2026-05-23 11:32:58] [WAIT] Weekend  market closed
[2026-05-23 11:33:58] [WAIT] Weekend  market closed
[2026-05-23 11:34:58] [WAIT] Weekend  market closed
[2026-05-23 11:35:58] [WAIT] Weekend  market closed
[2026-05-23 11:36:58] [WAIT] Weekend  market closed
[2026-05-23 11:37:58] [WAIT] Weekend  market closed
[2026-05-23 11:38:58] [WAIT] Weekend  market closed
[2026-05-23 11:39:58] [WAIT] Weekend  market closed
[2026-05-23 11:40:58] [WAIT] Weekend  market closed
[2026-05-23 11:41:58] [WAIT] Weekend  market closed
[2026-05-23 11:42:58] [WAIT] Weekend  market closed
[2026-05-23 11:43:58] [WAIT] Weekend  market closed
[2026-05-23 11:44:58] [WAIT] Weekend  market closed
[2026-05-23 11:45:58] [WAIT] Weekend  market closed
[2026-05-23 11:46:58] [WAIT] Weekend  market closed
[2026-05-23 11:47:58] [WAIT] Weekend  market closed
[2026-05-23 11:48:58] [WAIT] Weekend  market closed
[2026-05-23 11:49:58] [WAIT] Weekend  market closed
[2026-05-23 11:50:58] [WAIT] Weekend  market closed
[2026-05-23 11:51:58] [WAIT] Weekend  market closed
[2026-05-23 11:52:58] [WAIT] Weekend  market closed
[2026-05-23 11:53:58] [WAIT] Weekend  market closed
[2026-05-23 11:54:58] [WAIT] Weekend  market closed
[2026-05-23 11:55:59] [WAIT] Weekend  market closed
[2026-05-23 11:56:59] [WAIT] Weekend  market closed
[2026-05-23 11:57:59] [WAIT] Weekend  market closed
[2026-05-23 11:58:59] [WAIT] Weekend  market closed
[2026-05-23 11:59:59] [WAIT] Weekend  market closed
[2026-05-23 12:00:59] [STATS] Hourly (240 attempts): {'no_mr_signal': '240(100%)'}
[2026-05-23 12:00:59] [WAIT] Weekend  market closed
[2026-05-23 12:01:59] [WAIT] Weekend  market closed
[2026-05-23 12:02:59] [WAIT] Weekend  market closed
[2026-05-23 12:03:59] [WAIT] Weekend  market closed
[2026-05-23 12:04:59] [WAIT] Weekend  market closed
[2026-05-23 12:05:59] [WAIT] Weekend  market closed
[2026-05-23 12:06:59] [WAIT] Weekend  market closed
[2026-05-23 12:07:59] [WAIT] Weekend  market closed
[2026-05-23 12:08:59] [WAIT] Weekend  market closed
[2026-05-23 12:09:59] [WAIT] Weekend  market closed
[2026-05-23 12:10:59] [WAIT] Weekend  market closed
[2026-05-23 12:11:59] [WAIT] Weekend  market closed
[2026-05-23 12:12:59] [WAIT] Weekend  market closed
[2026-05-23 12:13:59] [WAIT] Weekend  market closed
[2026-05-23 12:14:59] [WAIT] Weekend  market closed
[2026-05-23 12:15:59] [WAIT] Weekend  market closed
[2026-05-23 12:16:59] [WAIT] Weekend  market closed
[2026-05-23 12:17:59] [WAIT] Weekend  market closed
[2026-05-23 12:18:59] [WAIT] Weekend  market closed
[2026-05-23 12:19:59] [WAIT] Weekend  market closed
[2026-05-23 12:20:59] [WAIT] Weekend  market closed
[2026-05-23 12:21:59] [WAIT] Weekend  market closed
[2026-05-23 12:22:59] [WAIT] Weekend  market closed
[2026-05-23 12:23:59] [WAIT] Weekend  market closed
[2026-05-23 12:24:59] [WAIT] Weekend  market closed
[2026-05-23 12:25:59] [WAIT] Weekend  market closed
[2026-05-23 12:26:59] [WAIT] Weekend  market closed
[2026-05-23 12:27:59] [WAIT] Weekend  market closed
[2026-05-23 12:28:59] [WAIT] Weekend  market closed
[2026-05-23 12:29:59] [WAIT] Weekend  market closed
[2026-05-23 12:30:59] [WAIT] Weekend  market closed
[2026-05-23 12:31:59] [WAIT] Weekend  market closed
[2026-05-23 12:32:59] [WAIT] Weekend  market closed
[2026-05-23 12:33:59] [WAIT] Weekend  market closed
[2026-05-23 12:34:59] [WAIT] Weekend  market closed
[2026-05-23 12:35:59] [WAIT] Weekend  market closed
[2026-05-23 12:36:59] [WAIT] Weekend  market closed
[2026-05-23 12:37:59] [WAIT] Weekend  market closed
[2026-05-23 12:38:59] [WAIT] Weekend  market closed
[2026-05-23 12:39:59] [WAIT] Weekend  market closed
[2026-05-23 12:40:59] [WAIT] Weekend  market closed
[2026-05-23 12:41:59] [WAIT] Weekend  market closed
[2026-05-23 12:42:59] [WAIT] Weekend  market closed
[2026-05-23 12:43:59] [WAIT] Weekend  market closed
[2026-05-23 12:44:59] [WAIT] Weekend  market closed
[2026-05-23 12:45:59] [WAIT] Weekend  market closed
[2026-05-23 12:46:59] [WAIT] Weekend  market closed
[2026-05-23 12:47:59] [WAIT] Weekend  market closed
[2026-05-23 12:48:59] [WAIT] Weekend  market closed
[2026-05-23 12:49:59] [WAIT] Weekend  market closed
[2026-05-23 12:50:59] [WAIT] Weekend  market closed
[2026-05-23 12:51:59] [WAIT] Weekend  market closed
[2026-05-23 12:52:59] [WAIT] Weekend  market closed
[2026-05-23 12:53:59] [WAIT] Weekend  market closed
[2026-05-23 12:54:59] [WAIT] Weekend  market closed
[2026-05-23 12:55:59] [WAIT] Weekend  market closed
[2026-05-23 12:56:59] [WAIT] Weekend  market closed
[2026-05-23 12:57:59] [WAIT] Weekend  market closed
[2026-05-23 12:58:59] [WAIT] Weekend  market closed
[2026-05-23 12:59:59] [WAIT] Weekend  market closed
[2026-05-23 13:00:59] [STATS] Hourly (240 attempts): {'no_mr_signal': '240(100%)'}
[2026-05-23 13:00:59] [WAIT] Weekend  market closed
[2026-05-23 13:01:59] [WAIT] Weekend  market closed
[2026-05-23 13:02:59] [WAIT] Weekend  market closed
[2026-05-23 13:03:59] [WAIT] Weekend  market closed
[2026-05-23 13:04:59] [WAIT] Weekend  market closed
[2026-05-23 13:05:59] [WAIT] Weekend  market closed
[2026-05-23 13:06:59] [WAIT] Weekend  market closed
[2026-05-23 13:07:59] [WAIT] Weekend  market closed
[2026-05-23 13:08:59] [WAIT] Weekend  market closed
[2026-05-23 13:09:59] [WAIT] Weekend  market closed
[2026-05-23 13:10:59] [WAIT] Weekend  market closed
[2026-05-23 13:11:59] [WAIT] Weekend  market closed
[2026-05-23 13:12:59] [WAIT] Weekend  market closed
[2026-05-23 13:13:59] [WAIT] Weekend  market closed
[2026-05-23 13:14:59] [WAIT] Weekend  market closed
[2026-05-23 13:15:59] [WAIT] Weekend  market closed
[2026-05-23 13:16:59] [WAIT] Weekend  market closed
[2026-05-23 13:17:59] [WAIT] Weekend  market closed
[2026-05-23 13:18:59] [WAIT] Weekend  market closed
[2026-05-23 13:19:59] [WAIT] Weekend  market closed
[2026-05-23 13:20:59] [WAIT] Weekend  market closed
[2026-05-23 13:21:59] [WAIT] Weekend  market closed
[2026-05-23 13:22:59] [WAIT] Weekend  market closed
[2026-05-23 13:23:59] [WAIT] Weekend  market closed
[2026-05-23 13:24:59] [WAIT] Weekend  market closed
[2026-05-23 13:25:59] [WAIT] Weekend  market closed
[2026-05-23 13:26:59] [WAIT] Weekend  market closed
[2026-05-23 13:27:59] [WAIT] Weekend  market closed
[2026-05-23 13:28:59] [WAIT] Weekend  market closed
[2026-05-23 13:29:59] [WAIT] Weekend  market closed
[2026-05-23 13:30:59] [WAIT] Weekend  market closed
[2026-05-23 13:31:59] [WAIT] Weekend  market closed
[2026-05-23 13:32:59] [WAIT] Weekend  market closed
[2026-05-23 13:33:59] [WAIT] Weekend  market closed
[2026-05-23 13:34:59] [WAIT] Weekend  market closed
[2026-05-23 13:35:59] [WAIT] Weekend  market closed
[2026-05-23 13:36:59] [WAIT] Weekend  market closed
[2026-05-23 13:37:59] [WAIT] Weekend  market closed
[2026-05-23 13:38:59] [WAIT] Weekend  market closed
[2026-05-23 13:39:59] [WAIT] Weekend  market closed
[2026-05-23 13:40:59] [WAIT] Weekend  market closed
[2026-05-23 13:41:59] [WAIT] Weekend  market closed
[2026-05-23 13:42:59] [WAIT] Weekend  market closed
[2026-05-23 13:43:59] [WAIT] Weekend  market closed
[2026-05-23 13:44:59] [WAIT] Weekend  market closed
[2026-05-23 13:45:59] [WAIT] Weekend  market closed
[2026-05-23 13:46:59] [WAIT] Weekend  market closed
[2026-05-23 13:47:59] [WAIT] Weekend  market closed
[2026-05-23 13:48:59] [WAIT] Weekend  market closed
[2026-05-23 13:49:59] [WAIT] Weekend  market closed
[2026-05-23 13:50:59] [WAIT] Weekend  market closed
[2026-05-23 13:51:59] [WAIT] Weekend  market closed
[2026-05-23 13:52:59] [WAIT] Weekend  market closed
[2026-05-23 13:53:59] [WAIT] Weekend  market closed
[2026-05-23 13:54:59] [WAIT] Weekend  market closed
[2026-05-23 13:55:59] [WAIT] Weekend  market closed
[2026-05-23 13:56:59] [WAIT] Weekend  market closed
[2026-05-23 13:57:59] [WAIT] Weekend  market closed
[2026-05-23 13:58:59] [WAIT] Weekend  market closed
[2026-05-23 13:59:59] [WAIT] Weekend  market closed
[2026-05-23 14:00:59] [STATS] Hourly (240 attempts): {'no_mr_signal': '240(100%)'}
[2026-05-23 14:00:59] [WAIT] Weekend  market closed
[2026-05-23 14:01:59] [WAIT] Weekend  market closed
[2026-05-23 14:02:59] [WAIT] Weekend  market closed
[2026-05-23 14:03:59] [WAIT] Weekend  market closed
[2026-05-23 14:04:59] [WAIT] Weekend  market closed
[2026-05-23 14:05:59] [WAIT] Weekend  market closed
[2026-05-23 14:06:59] [WAIT] Weekend  market closed
[2026-05-23 14:07:59] [WAIT] Weekend  market closed
[2026-05-23 14:08:59] [WAIT] Weekend  market closed
[2026-05-23 14:09:59] [WAIT] Weekend  market closed
[2026-05-23 14:10:59] [WAIT] Weekend  market closed
[2026-05-23 14:11:59] [WAIT] Weekend  market closed
[2026-05-23 14:12:59] [WAIT] Weekend  market closed
[2026-05-23 14:13:59] [WAIT] Weekend  market closed
[2026-05-23 14:14:59] [WAIT] Weekend  market closed
[2026-05-23 14:15:59] [WAIT] Weekend  market closed
[2026-05-23 14:16:59] [WAIT] Weekend  market closed
[2026-05-23 14:17:59] [WAIT] Weekend  market closed
[2026-05-23 14:18:59] [WAIT] Weekend  market closed
[2026-05-23 14:19:59] [WAIT] Weekend  market closed
[2026-05-23 14:20:59] [WAIT] Weekend  market closed
[2026-05-23 14:21:59] [WAIT] Weekend  market closed
[2026-05-23 14:22:59] [WAIT] Weekend  market closed
[2026-05-23 14:23:59] [WAIT] Weekend  market closed
[2026-05-23 14:24:59] [WAIT] Weekend  market closed
[2026-05-23 14:25:59] [WAIT] Weekend  market closed
[2026-05-23 14:26:59] [WAIT] Weekend  market closed
[2026-05-23 14:27:59] [WAIT] Weekend  market closed
[2026-05-23 14:28:59] [WAIT] Weekend  market closed
[2026-05-23 14:29:59] [WAIT] Weekend  market closed
[2026-05-23 14:30:59] [WAIT] Weekend  market closed
[2026-05-23 14:31:59] [WAIT] Weekend  market closed
[2026-05-23 14:32:59] [WAIT] Weekend  market closed
[2026-05-23 14:33:59] [WAIT] Weekend  market closed
[2026-05-23 14:34:59] [WAIT] Weekend  market closed
[2026-05-23 14:35:59] [WAIT] Weekend  market closed
[2026-05-23 14:36:59] [WAIT] Weekend  market closed
[2026-05-23 14:37:59] [WAIT] Weekend  market closed
[2026-05-23 14:38:59] [WAIT] Weekend  market closed
[2026-05-23 14:39:59] [WAIT] Weekend  market closed
[2026-05-23 14:40:59] [WAIT] Weekend  market closed
[2026-05-23 14:41:59] [WAIT] Weekend  market closed
[2026-05-23 14:42:59] [WAIT] Weekend  market closed
[2026-05-23 14:43:59] [WAIT] Weekend  market closed
[2026-05-23 14:44:59] [WAIT] Weekend  market closed
[2026-05-23 14:45:59] [WAIT] Weekend  market closed
[2026-05-23 14:46:59] [WAIT] Weekend  market closed
[2026-05-23 14:47:59] [WAIT] Weekend  market closed
[2026-05-23 14:48:59] [WAIT] Weekend  market closed
[2026-05-23 14:49:59] [WAIT] Weekend  market closed
[2026-05-23 14:50:59] [WAIT] Weekend  market closed
[2026-05-23 14:51:59] [WAIT] Weekend  market closed
[2026-05-23 14:52:59] [WAIT] Weekend  market closed
[2026-05-23 14:53:59] [WAIT] Weekend  market closed
[2026-05-23 14:54:59] [WAIT] Weekend  market closed
[2026-05-23 14:55:59] [WAIT] Weekend  market closed
[2026-05-23 14:56:59] [WAIT] Weekend  market closed
[2026-05-23 14:57:59] [WAIT] Weekend  market closed
[2026-05-23 14:58:59] [WAIT] Weekend  market closed
[2026-05-23 14:59:59] [WAIT] Weekend  market closed
[2026-05-23 15:00:59] [STATS] Hourly (240 attempts): {'no_mr_signal': '240(100%)'}
[2026-05-23 15:00:59] [WAIT] Weekend  market closed
[2026-05-23 15:01:59] [WAIT] Weekend  market closed
[2026-05-23 15:02:59] [WAIT] Weekend  market closed
[2026-05-23 15:03:59] [WAIT] Weekend  market closed
[2026-05-23 15:04:59] [WAIT] Weekend  market closed
[2026-05-23 15:05:59] [WAIT] Weekend  market closed
[2026-05-23 15:06:59] [WAIT] Weekend  market closed
[2026-05-23 15:07:59] [WAIT] Weekend  market closed
[2026-05-23 15:08:59] [WAIT] Weekend  market closed
[2026-05-23 15:09:59] [WAIT] Weekend  market closed
[2026-05-23 15:10:59] [WAIT] Weekend  market closed
[2026-05-23 15:11:59] [WAIT] Weekend  market closed
[2026-05-23 15:12:59] [WAIT] Weekend  market closed
[2026-05-23 15:13:59] [WAIT] Weekend  market closed
[2026-05-23 15:14:59] [WAIT] Weekend  market closed
[2026-05-23 15:15:59] [WAIT] Weekend  market closed
[2026-05-23 15:16:59] [WAIT] Weekend  market closed
[2026-05-23 15:17:59] [WAIT] Weekend  market closed
[2026-05-23 15:18:59] [WAIT] Weekend  market closed
[2026-05-23 15:19:59] [WAIT] Weekend  market closed
[2026-05-23 15:20:59] [WAIT] Weekend  market closed
[2026-05-23 15:21:59] [WAIT] Weekend  market closed
[2026-05-23 15:22:59] [WAIT] Weekend  market closed
[2026-05-23 15:23:59] [WAIT] Weekend  market closed
[2026-05-23 15:24:59] [WAIT] Weekend  market closed
[2026-05-23 15:25:59] [WAIT] Weekend  market closed
[2026-05-23 15:26:59] [WAIT] Weekend  market closed
[2026-05-23 15:27:59] [WAIT] Weekend  market closed
[2026-05-23 15:28:59] [WAIT] Weekend  market closed
[2026-05-23 15:29:59] [WAIT] Weekend  market closed
[2026-05-23 15:30:59] [WAIT] Weekend  market closed
[2026-05-23 15:31:59] [WAIT] Weekend  market closed
[2026-05-23 15:32:59] [WAIT] Weekend  market closed
[2026-05-23 15:33:59] [WAIT] Weekend  market closed
[2026-05-23 15:34:59] [WAIT] Weekend  market closed
[2026-05-23 15:35:59] [WAIT] Weekend  market closed
[2026-05-23 15:36:59] [WAIT] Weekend  market closed
[2026-05-23 15:37:59] [WAIT] Weekend  market closed
[2026-05-23 15:38:59] [WAIT] Weekend  market closed
[2026-05-23 15:39:59] [WAIT] Weekend  market closed
[2026-05-23 15:40:59] [WAIT] Weekend  market closed
[2026-05-23 15:41:59] [WAIT] Weekend  market closed
[2026-05-23 15:42:59] [WAIT] Weekend  market closed
[2026-05-23 15:43:59] [WAIT] Weekend  market closed
[2026-05-23 15:44:59] [WAIT] Weekend  market closed
[2026-05-23 15:45:59] [WAIT] Weekend  market closed
[2026-05-23 15:46:59] [WAIT] Weekend  market closed
[2026-05-23 15:47:59] [WAIT] Weekend  market closed
[2026-05-23 15:48:59] [WAIT] Weekend  market closed
[2026-05-23 15:49:59] [WAIT] Weekend  market closed
[2026-05-23 15:50:59] [WAIT] Weekend  market closed
[2026-05-23 15:51:59] [WAIT] Weekend  market closed
[2026-05-23 15:52:59] [WAIT] Weekend  market closed
[2026-05-23 15:53:59] [WAIT] Weekend  market closed
[2026-05-23 15:54:59] [WAIT] Weekend  market closed
[2026-05-23 15:55:59] [WAIT] Weekend  market closed
[2026-05-23 15:56:59] [WAIT] Weekend  market closed
[2026-05-23 15:57:59] [WAIT] Weekend  market closed
[2026-05-23 15:58:59] [WAIT] Weekend  market closed
[2026-05-23 15:59:59] [WAIT] Weekend  market closed
[2026-05-23 16:00:59] [STATS] Hourly (240 attempts): {'no_mr_signal': '240(100%)'}
[2026-05-23 16:00:59] [WAIT] Weekend  market closed
[2026-05-23 16:01:59] [WAIT] Weekend  market closed
[2026-05-23 16:02:59] [WAIT] Weekend  market closed
[2026-05-23 16:03:59] [WAIT] Weekend  market closed
[2026-05-23 16:04:59] [WAIT] Weekend  market closed
[2026-05-23 16:05:59] [WAIT] Weekend  market closed
[2026-05-23 16:06:59] [WAIT] Weekend  market closed
[2026-05-23 16:07:59] [WAIT] Weekend  market closed
[2026-05-23 16:08:59] [WAIT] Weekend  market closed
[2026-05-23 16:09:59] [WAIT] Weekend  market closed
[2026-05-23 16:10:59] [WAIT] Weekend  market closed
[2026-05-23 16:11:59] [WAIT] Weekend  market closed
[2026-05-23 16:12:59] [WAIT] Weekend  market closed
[2026-05-23 16:13:59] [WAIT] Weekend  market closed
[2026-05-23 16:14:59] [WAIT] Weekend  market closed
[2026-05-23 16:15:59] [WAIT] Weekend  market closed
[2026-05-23 16:16:59] [WAIT] Weekend  market closed
[2026-05-23 16:17:59] [WAIT] Weekend  market closed
[2026-05-23 16:18:59] [WAIT] Weekend  market closed
[2026-05-23 16:19:59] [WAIT] Weekend  market closed
[2026-05-23 16:20:59] [WAIT] Weekend  market closed
[2026-05-23 16:21:59] [WAIT] Weekend  market closed
[2026-05-23 16:22:59] [WAIT] Weekend  market closed
[2026-05-23 16:23:59] [WAIT] Weekend  market closed
[2026-05-23 16:24:59] [WAIT] Weekend  market closed
[2026-05-23 16:25:59] [WAIT] Weekend  market closed
[2026-05-23 16:26:59] [WAIT] Weekend  market closed
[2026-05-23 16:27:59] [WAIT] Weekend  market closed
[2026-05-23 16:28:59] [WAIT] Weekend  market closed
[2026-05-23 16:29:59] [WAIT] Weekend  market closed
[2026-05-23 16:30:59] [WAIT] Weekend  market closed
[2026-05-23 16:31:59] [WAIT] Weekend  market closed
[2026-05-23 16:32:59] [WAIT] Weekend  market closed
[2026-05-23 16:33:59] [WAIT] Weekend  market closed
[2026-05-23 16:34:59] [WAIT] Weekend  market closed
[2026-05-23 16:35:59] [WAIT] Weekend  market closed
[2026-05-23 16:36:59] [WAIT] Weekend  market closed
[2026-05-23 16:37:59] [WAIT] Weekend  market closed
[2026-05-23 16:38:59] [WAIT] Weekend  market closed
[2026-05-23 16:39:59] [WAIT] Weekend  market closed
[2026-05-23 16:40:59] [WAIT] Weekend  market closed
[2026-05-23 16:41:59] [WAIT] Weekend  market closed
[2026-05-23 16:42:59] [WAIT] Weekend  market closed
[2026-05-23 16:43:59] [WAIT] Weekend  market closed
[2026-05-23 16:44:59] [WAIT] Weekend  market closed
[2026-05-23 16:45:59] [WAIT] Weekend  market closed
[2026-05-23 16:46:59] [WAIT] Weekend  market closed
[2026-05-23 16:47:59] [WAIT] Weekend  market closed
[2026-05-23 16:48:59] [WAIT] Weekend  market closed
[2026-05-23 16:49:59] [WAIT] Weekend  market closed
[2026-05-23 16:50:59] [WAIT] Weekend  market closed
[2026-05-23 16:51:59] [WAIT] Weekend  market closed
[2026-05-23 16:52:59] [WAIT] Weekend  market closed
[2026-05-23 16:53:59] [WAIT] Weekend  market closed
[2026-05-23 16:54:59] [WAIT] Weekend  market closed
[2026-05-23 16:55:59] [WAIT] Weekend  market closed
[2026-05-23 16:56:59] [WAIT] Weekend  market closed
[2026-05-23 16:57:59] [WAIT] Weekend  market closed
[2026-05-23 16:58:59] [WAIT] Weekend  market closed
[2026-05-23 16:59:59] [WAIT] Weekend  market closed
[2026-05-23 17:00:59] [STATS] Hourly (240 attempts): {'no_mr_signal': '240(100%)'}
[2026-05-23 17:00:59] [WAIT] Weekend  market closed
[2026-05-23 17:01:59] [WAIT] Weekend  market closed
[2026-05-23 17:02:59] [WAIT] Weekend  market closed
[2026-05-23 17:03:59] [WAIT] Weekend  market closed
[2026-05-23 17:04:59] [WAIT] Weekend  market closed
[2026-05-23 17:05:59] [WAIT] Weekend  market closed
[2026-05-23 17:06:59] [WAIT] Weekend  market closed
[2026-05-23 17:07:59] [WAIT] Weekend  market closed
[2026-05-23 17:08:59] [WAIT] Weekend  market closed
[2026-05-23 17:09:59] [WAIT] Weekend  market closed
[2026-05-23 17:10:59] [WAIT] Weekend  market closed
[2026-05-23 17:11:59] [WAIT] Weekend  market closed
[2026-05-23 17:12:59] [WAIT] Weekend  market closed
[2026-05-23 17:13:59] [WAIT] Weekend  market closed
[2026-05-23 17:14:59] [WAIT] Weekend  market closed
[2026-05-23 17:15:59] [WAIT] Weekend  market closed
[2026-05-23 17:16:59] [WAIT] Weekend  market closed
[2026-05-23 17:17:59] [WAIT] Weekend  market closed
[2026-05-23 17:18:59] [WAIT] Weekend  market closed
[2026-05-23 17:19:59] [WAIT] Weekend  market closed
[2026-05-23 17:20:59] [WAIT] Weekend  market closed
[2026-05-23 17:21:59] [WAIT] Weekend  market closed
[2026-05-23 17:22:59] [WAIT] Weekend  market closed
[2026-05-23 17:23:59] [WAIT] Weekend  market closed
[2026-05-23 17:24:59] [WAIT] Weekend  market closed
[2026-05-23 17:25:59] [WAIT] Weekend  market closed
[2026-05-23 17:26:59] [WAIT] Weekend  market closed
[2026-05-23 17:27:59] [WAIT] Weekend  market closed
[2026-05-23 17:28:59] [WAIT] Weekend  market closed
[2026-05-23 17:29:59] [WAIT] Weekend  market closed
[2026-05-23 17:30:59] [WAIT] Weekend  market closed
[2026-05-23 17:31:59] [WAIT] Weekend  market closed
[2026-05-23 17:32:59] [WAIT] Weekend  market closed
[2026-05-23 17:33:59] [WAIT] Weekend  market closed
[2026-05-23 17:34:59] [WAIT] Weekend  market closed
[2026-05-23 17:35:59] [WAIT] Weekend  market closed
[2026-05-23 17:36:59] [WAIT] Weekend  market closed
[2026-05-23 17:37:59] [WAIT] Weekend  market closed
[2026-05-23 17:38:59] [WAIT] Weekend  market closed
[2026-05-23 17:39:59] [WAIT] Weekend  market closed
[2026-05-23 17:40:59] [WAIT] Weekend  market closed
[2026-05-23 17:41:59] [WAIT] Weekend  market closed
[2026-05-23 17:42:59] [WAIT] Weekend  market closed
[2026-05-23 17:43:59] [WAIT] Weekend  market closed
[2026-05-23 17:44:59] [WAIT] Weekend  market closed
[2026-05-23 17:45:59] [WAIT] Weekend  market closed
[2026-05-23 17:46:59] [WAIT] Weekend  market closed
[2026-05-23 17:47:59] [WAIT] Weekend  market closed
[2026-05-23 17:48:59] [WAIT] Weekend  market closed
[2026-05-23 17:49:59] [WAIT] Weekend  market closed
[2026-05-23 17:50:59] [WAIT] Weekend  market closed
[2026-05-23 17:51:59] [WAIT] Weekend  market closed
[2026-05-23 17:52:59] [WAIT] Weekend  market closed
[2026-05-23 17:53:59] [WAIT] Weekend  market closed
[2026-05-23 17:54:59] [WAIT] Weekend  market closed
[2026-05-23 17:55:59] [WAIT] Weekend  market closed
[2026-05-23 17:56:59] [WAIT] Weekend  market closed
[2026-05-23 17:57:59] [WAIT] Weekend  market closed
[2026-05-23 17:58:59] [WAIT] Weekend  market closed
[2026-05-23 17:59:59] [WAIT] Weekend  market closed
[2026-05-23 18:00:59] [STATS] Hourly (240 attempts): {'no_mr_signal': '240(100%)'}
[2026-05-23 18:00:59] [WAIT] Weekend  market closed
[2026-05-23 18:01:59] [WAIT] Weekend  market closed
[2026-05-23 18:02:59] [WAIT] Weekend  market closed
[2026-05-23 18:03:59] [WAIT] Weekend  market closed
[2026-05-23 18:04:59] [WAIT] Weekend  market closed
[2026-05-23 18:05:59] [WAIT] Weekend  market closed
[2026-05-23 18:06:59] [WAIT] Weekend  market closed
[2026-05-23 18:07:59] [WAIT] Weekend  market closed
[2026-05-23 18:08:59] [WAIT] Weekend  market closed
[2026-05-23 18:09:59] [WAIT] Weekend  market closed
[2026-05-23 18:10:59] [WAIT] Weekend  market closed
[2026-05-23 18:11:59] [WAIT] Weekend  market closed
[2026-05-23 18:12:59] [WAIT] Weekend  market closed
[2026-05-23 18:13:59] [WAIT] Weekend  market closed
[2026-05-23 18:14:59] [WAIT] Weekend  market closed
[2026-05-23 18:15:59] [WAIT] Weekend  market closed
[2026-05-23 18:16:59] [WAIT] Weekend  market closed
[2026-05-23 18:17:59] [WAIT] Weekend  market closed
[2026-05-23 18:18:59] [WAIT] Weekend  market closed
[2026-05-23 18:19:59] [WAIT] Weekend  market closed
[2026-05-23 18:20:59] [WAIT] Weekend  market closed
[2026-05-23 18:21:59] [WAIT] Weekend  market closed
[2026-05-23 18:22:59] [WAIT] Weekend  market closed
[2026-05-23 18:23:59] [WAIT] Weekend  market closed
[2026-05-23 18:24:59] [WAIT] Weekend  market closed
[2026-05-23 18:25:59] [WAIT] Weekend  market closed
[2026-05-23 18:26:59] [WAIT] Weekend  market closed
[2026-05-23 18:27:59] [WAIT] Weekend  market closed
[2026-05-23 18:28:59] [WAIT] Weekend  market closed
[2026-05-23 18:29:59] [WAIT] Weekend  market closed
[2026-05-23 18:30:59] [WAIT] Weekend  market closed
[2026-05-23 18:31:59] [WAIT] Weekend  market closed
[2026-05-23 18:32:59] [WAIT] Weekend  market closed
[2026-05-23 18:33:59] [WAIT] Weekend  market closed
[2026-05-23 18:34:59] [WAIT] Weekend  market closed
[2026-05-23 18:35:59] [WAIT] Weekend  market closed
[2026-05-23 18:36:59] [WAIT] Weekend  market closed
[2026-05-23 18:37:59] [WAIT] Weekend  market closed
[2026-05-23 18:38:59] [WAIT] Weekend  market closed
[2026-05-23 18:39:59] [WAIT] Weekend  market closed
[2026-05-23 18:40:59] [WAIT] Weekend  market closed
[2026-05-23 18:41:59] [WAIT] Weekend  market closed
[2026-05-23 18:42:59] [WAIT] Weekend  market closed
[2026-05-23 18:43:59] [WAIT] Weekend  market closed
[2026-05-23 18:44:59] [WAIT] Weekend  market closed
[2026-05-23 18:45:59] [WAIT] Weekend  market closed
[2026-05-23 18:46:59] [WAIT] Weekend  market closed
[2026-05-23 18:47:59] [WAIT] Weekend  market closed
[2026-05-23 18:48:59] [WAIT] Weekend  market closed
[2026-05-23 18:49:59] [WAIT] Weekend  market closed
[2026-05-23 18:50:59] [WAIT] Weekend  market closed
[2026-05-23 18:51:59] [WAIT] Weekend  market closed
[2026-05-23 18:52:59] [WAIT] Weekend  market closed
[2026-05-23 18:53:59] [WAIT] Weekend  market closed
[2026-05-23 18:54:59] [WAIT] Weekend  market closed
[2026-05-23 18:55:59] [WAIT] Weekend  market closed
[2026-05-23 18:56:59] [WAIT] Weekend  market closed
[2026-05-23 18:57:59] [WAIT] Weekend  market closed
[2026-05-23 18:58:59] [WAIT] Weekend  market closed
[2026-05-23 18:59:59] [WAIT] Weekend  market closed
[2026-05-23 19:00:59] [STATS] Hourly (240 attempts): {'no_mr_signal': '240(100%)'}
[2026-05-23 19:00:59] [WAIT] Weekend  market closed
[2026-05-23 19:01:59] [WAIT] Weekend  market closed
[2026-05-23 19:02:59] [WAIT] Weekend  market closed
[2026-05-23 19:03:59] [WAIT] Weekend  market closed
[2026-05-23 19:04:59] [WAIT] Weekend  market closed
[2026-05-23 19:05:59] [WAIT] Weekend  market closed
[2026-05-23 19:06:59] [WAIT] Weekend  market closed
[2026-05-23 19:07:59] [WAIT] Weekend  market closed
[2026-05-23 19:08:59] [WAIT] Weekend  market closed
[2026-05-23 19:09:59] [WAIT] Weekend  market closed
[2026-05-23 19:10:59] [WAIT] Weekend  market closed
[2026-05-23 19:11:59] [WAIT] Weekend  market closed
[2026-05-23 19:12:59] [WAIT] Weekend  market closed
[2026-05-23 19:13:59] [WAIT] Weekend  market closed
[2026-05-23 19:14:59] [WAIT] Weekend  market closed
[2026-05-23 19:15:59] [WAIT] Weekend  market closed
[2026-05-23 19:16:59] [WAIT] Weekend  market closed
[2026-05-23 19:17:59] [WAIT] Weekend  market closed
[2026-05-23 19:19:00] [WAIT] Weekend  market closed
[2026-05-23 19:20:00] [WAIT] Weekend  market closed
[2026-05-23 19:21:00] [WAIT] Weekend  market closed
[2026-05-23 19:22:00] [WAIT] Weekend  market closed
[2026-05-23 19:23:00] [WAIT] Weekend  market closed
[2026-05-23 19:24:00] [WAIT] Weekend  market closed
[2026-05-23 19:25:00] [WAIT] Weekend  market closed
[2026-05-23 19:26:00] [WAIT] Weekend  market closed
[2026-05-23 19:27:00] [WAIT] Weekend  market closed
[2026-05-23 19:28:00] [WAIT] Weekend  market closed
[2026-05-23 19:29:00] [WAIT] Weekend  market closed
[2026-05-23 19:30:00] [WAIT] Weekend  market closed
[2026-05-23 19:31:00] [WAIT] Weekend  market closed
[2026-05-23 19:32:00] [WAIT] Weekend  market closed
[2026-05-23 19:33:00] [WAIT] Weekend  market closed
[2026-05-23 19:34:00] [WAIT] Weekend  market closed
[2026-05-23 19:35:00] [WAIT] Weekend  market closed
[2026-05-23 19:36:00] [WAIT] Weekend  market closed
[2026-05-23 19:37:00] [WAIT] Weekend  market closed
[2026-05-23 19:38:00] [WAIT] Weekend  market closed
[2026-05-23 19:39:00] [WAIT] Weekend  market closed
[2026-05-23 19:40:00] [WAIT] Weekend  market closed
[2026-05-23 19:41:00] [WAIT] Weekend  market closed
[2026-05-23 19:42:00] [WAIT] Weekend  market closed
[2026-05-23 19:43:00] [WAIT] Weekend  market closed
[2026-05-23 19:44:00] [WAIT] Weekend  market closed
[2026-05-23 19:45:00] [WAIT] Weekend  market closed
[2026-05-23 19:46:00] [WAIT] Weekend  market closed
[2026-05-23 19:47:00] [WAIT] Weekend  market closed
[2026-05-23 19:48:00] [WAIT] Weekend  market closed
[2026-05-23 19:49:00] [WAIT] Weekend  market closed
[2026-05-23 19:50:00] [WAIT] Weekend  market closed
[2026-05-23 19:51:00] [WAIT] Weekend  market closed
[2026-05-23 19:52:00] [WAIT] Weekend  market closed
[2026-05-23 19:53:00] [WAIT] Weekend  market closed
[2026-05-23 19:54:00] [WAIT] Weekend  market closed
[2026-05-23 19:55:00] [WAIT] Weekend  market closed
[2026-05-23 19:56:00] [WAIT] Weekend  market closed
[2026-05-23 19:57:00] [WAIT] Weekend  market closed
[2026-05-23 19:58:00] [WAIT] Weekend  market closed
[2026-05-23 19:59:00] [WAIT] Weekend  market closed
[2026-05-23 20:00:00] [STATS] Hourly (240 attempts): {'no_mr_signal': '240(100%)'}
[2026-05-23 20:00:00] [WAIT] Weekend  market closed
[2026-05-23 20:01:00] [WAIT] Weekend  market closed
[2026-05-23 20:02:00] [WAIT] Weekend  market closed
[2026-05-23 20:03:00] [WAIT] Weekend  market closed
[2026-05-23 20:04:00] [WAIT] Weekend  market closed
[2026-05-23 20:05:00] [WAIT] Weekend  market closed
[2026-05-23 20:06:00] [WAIT] Weekend  market closed
[2026-05-23 20:07:00] [WAIT] Weekend  market closed
[2026-05-23 20:08:00] [WAIT] Weekend  market closed
[2026-05-23 20:09:00] [WAIT] Weekend  market closed
[2026-05-23 20:10:00] [WAIT] Weekend  market closed
[2026-05-23 20:11:00] [WAIT] Weekend  market closed
[2026-05-23 20:12:00] [WAIT] Weekend  market closed
[2026-05-23 20:13:00] [WAIT] Weekend  market closed
[2026-05-23 20:14:00] [WAIT] Weekend  market closed
[2026-05-23 20:15:00] [WAIT] Weekend  market closed
[2026-05-23 20:16:00] [WAIT] Weekend  market closed
[2026-05-23 20:17:00] [WAIT] Weekend  market closed
[2026-05-23 20:18:00] [WAIT] Weekend  market closed
[2026-05-23 20:19:00] [WAIT] Weekend  market closed
[2026-05-23 20:20:00] [WAIT] Weekend  market closed
[2026-05-23 20:21:00] [WAIT] Weekend  market closed
[2026-05-23 20:22:00] [WAIT] Weekend  market closed
[2026-05-23 20:23:00] [WAIT] Weekend  market closed
[2026-05-23 20:24:00] [WAIT] Weekend  market closed
[2026-05-23 20:25:00] [WAIT] Weekend  market closed
[2026-05-23 20:26:00] [WAIT] Weekend  market closed
[2026-05-23 20:27:00] [WAIT] Weekend  market closed
[2026-05-23 20:28:00] [WAIT] Weekend  market closed
[2026-05-23 20:29:00] [WAIT] Weekend  market closed
[2026-05-23 20:30:00] [WAIT] Weekend  market closed
[2026-05-23 20:31:00] [WAIT] Weekend  market closed
[2026-05-23 20:32:00] [WAIT] Weekend  market closed
[2026-05-23 20:33:00] [WAIT] Weekend  market closed
[2026-05-23 20:34:00] [WAIT] Weekend  market closed
[2026-05-23 20:35:00] [WAIT] Weekend  market closed
[2026-05-23 20:36:00] [WAIT] Weekend  market closed
[2026-05-23 20:37:00] [WAIT] Weekend  market closed
[2026-05-23 20:38:00] [WAIT] Weekend  market closed
[2026-05-23 20:39:00] [WAIT] Weekend  market closed
[2026-05-23 20:40:00] [WAIT] Weekend  market closed
[2026-05-23 20:41:00] [WAIT] Weekend  market closed
[2026-05-23 20:42:00] [WAIT] Weekend  market closed
[2026-05-23 20:43:00] [WAIT] Weekend  market closed
[2026-05-23 20:44:00] [WAIT] Weekend  market closed
[2026-05-23 20:45:00] [WAIT] Weekend  market closed
[2026-05-23 20:46:00] [WAIT] Weekend  market closed
[2026-05-23 20:47:00] [WAIT] Weekend  market closed
[2026-05-23 20:48:00] [WAIT] Weekend  market closed
[2026-05-23 20:49:00] [WAIT] Weekend  market closed
[2026-05-23 20:50:00] [WAIT] Weekend  market closed
[2026-05-23 20:51:00] [WAIT] Weekend  market closed
[2026-05-23 20:52:00] [WAIT] Weekend  market closed
[2026-05-23 20:53:00] [WAIT] Weekend  market closed
[2026-05-23 20:54:00] [WAIT] Weekend  market closed
[2026-05-23 20:55:00] [WAIT] Weekend  market closed
[2026-05-23 20:56:00] [WAIT] Weekend  market closed
[2026-05-23 20:57:00] [WAIT] Weekend  market closed
[2026-05-23 20:58:00] [WAIT] Weekend  market closed
[2026-05-23 20:59:00] [WAIT] Weekend  market closed
[2026-05-23 21:00:00] [STATS] Hourly (240 attempts): {'no_mr_signal': '240(100%)'}
[2026-05-23 21:00:00] [WAIT] Weekend  market closed
[2026-05-23 21:01:00] [WAIT] Weekend  market closed
[2026-05-23 21:02:00] [WAIT] Weekend  market closed
[2026-05-23 21:03:00] [WAIT] Weekend  market closed
[2026-05-23 21:04:00] [WAIT] Weekend  market closed
[2026-05-23 21:05:00] [WAIT] Weekend  market closed
[2026-05-23 21:06:00] [WAIT] Weekend  market closed
[2026-05-23 21:07:00] [WAIT] Weekend  market closed
[2026-05-23 21:08:00] [WAIT] Weekend  market closed
[2026-05-23 21:09:00] [WAIT] Weekend  market closed
[2026-05-23 21:10:00] [WAIT] Weekend  market closed
[2026-05-23 21:11:00] [WAIT] Weekend  market closed
[2026-05-23 21:12:00] [WAIT] Weekend  market closed
[2026-05-23 21:13:00] [WAIT] Weekend  market closed
[2026-05-23 21:14:00] [WAIT] Weekend  market closed
[2026-05-23 21:15:00] [WAIT] Weekend  market closed
[2026-05-23 21:16:00] [WAIT] Weekend  market closed
[2026-05-23 21:17:00] [WAIT] Weekend  market closed
[2026-05-23 21:18:00] [WAIT] Weekend  market closed
[2026-05-23 21:19:00] [WAIT] Weekend  market closed
[2026-05-23 21:20:00] [WAIT] Weekend  market closed
[2026-05-23 21:21:00] [WAIT] Weekend  market closed
[2026-05-23 21:22:00] [WAIT] Weekend  market closed
[2026-05-23 21:23:00] [WAIT] Weekend  market closed
[2026-05-23 21:24:00] [WAIT] Weekend  market closed
[2026-05-23 21:25:00] [WAIT] Weekend  market closed
[2026-05-23 21:26:00] [WAIT] Weekend  market closed
[2026-05-23 21:27:00] [WAIT] Weekend  market closed
[2026-05-23 21:28:00] [WAIT] Weekend  market closed
[2026-05-23 21:29:00] [WAIT] Weekend  market closed
[2026-05-23 21:30:00] [WAIT] Weekend  market closed
[2026-05-23 21:31:00] [WAIT] Weekend  market closed
[2026-05-23 21:32:00] [WAIT] Weekend  market closed
[2026-05-23 21:33:00] [WAIT] Weekend  market closed
[2026-05-23 21:34:00] [WAIT] Weekend  market closed
[2026-05-23 21:35:00] [WAIT] Weekend  market closed
[2026-05-23 21:36:00] [WAIT] Weekend  market closed
[2026-05-23 21:37:00] [WAIT] Weekend  market closed
[2026-05-23 21:38:00] [WAIT] Weekend  market closed
[2026-05-23 21:39:00] [WAIT] Weekend  market closed
[2026-05-23 21:40:00] [WAIT] Weekend  market closed
[2026-05-23 21:41:00] [WAIT] Weekend  market closed
[2026-05-23 21:42:00] [WAIT] Weekend  market closed
[2026-05-23 21:43:00] [WAIT] Weekend  market closed
[2026-05-23 21:44:00] [WAIT] Weekend  market closed
[2026-05-23 21:45:00] [WAIT] Weekend  market closed
[2026-05-23 21:46:00] [WAIT] Weekend  market closed
[2026-05-23 21:47:00] [WAIT] Weekend  market closed
[2026-05-23 21:48:00] [WAIT] Weekend  market closed
[2026-05-23 21:49:00] [WAIT] Weekend  market closed
[2026-05-23 21:50:00] [WAIT] Weekend  market closed
[2026-05-23 21:51:00] [WAIT] Weekend  market closed
[2026-05-23 21:52:00] [WAIT] Weekend  market closed
[2026-05-23 21:53:00] [WAIT] Weekend  market closed
[2026-05-23 21:54:00] [WAIT] Weekend  market closed
[2026-05-23 21:55:00] [WAIT] Weekend  market closed
[2026-05-23 21:56:00] [WAIT] Weekend  market closed
[2026-05-23 21:57:00] [WAIT] Weekend  market closed
[2026-05-23 21:58:00] [WAIT] Weekend  market closed
[2026-05-23 21:59:00] [WAIT] Weekend  market closed
[2026-05-23 22:00:00] [STATS] Hourly (240 attempts): {'no_mr_signal': '240(100%)'}
[2026-05-23 22:00:00] [WAIT] Weekend  market closed
[2026-05-23 22:01:00] [WAIT] Weekend  market closed
[2026-05-23 22:02:00] [WAIT] Weekend  market closed
[2026-05-23 22:03:00] [WAIT] Weekend  market closed
[2026-05-23 22:04:00] [WAIT] Weekend  market closed
[2026-05-23 22:05:00] [WAIT] Weekend  market closed
[2026-05-23 22:06:00] [WAIT] Weekend  market closed
[2026-05-23 22:07:00] [WAIT] Weekend  market closed
[2026-05-23 22:08:00] [WAIT] Weekend  market closed
[2026-05-23 22:09:00] [WAIT] Weekend  market closed
[2026-05-23 22:10:00] [WAIT] Weekend  market closed
[2026-05-23 22:11:00] [WAIT] Weekend  market closed
[2026-05-23 22:12:00] [WAIT] Weekend  market closed
[2026-05-23 22:13:00] [WAIT] Weekend  market closed
[2026-05-23 22:14:00] [WAIT] Weekend  market closed
[2026-05-23 22:15:00] [WAIT] Weekend  market closed
[2026-05-23 22:16:00] [WAIT] Weekend  market closed
[2026-05-23 22:17:00] [WAIT] Weekend  market closed
[2026-05-23 22:18:00] [WAIT] Weekend  market closed
[2026-05-23 22:19:00] [WAIT] Weekend  market closed
[2026-05-23 22:20:00] [WAIT] Weekend  market closed
[2026-05-23 22:21:00] [WAIT] Weekend  market closed
[2026-05-23 22:22:00] [WAIT] Weekend  market closed
[2026-05-23 22:23:00] [WAIT] Weekend  market closed
[2026-05-23 22:24:00] [WAIT] Weekend  market closed
[2026-05-23 22:25:00] [WAIT] Weekend  market closed
[2026-05-23 22:26:00] [WAIT] Weekend  market closed
[2026-05-23 22:27:00] [WAIT] Weekend  market closed
[2026-05-23 22:28:00] [WAIT] Weekend  market closed
[2026-05-23 22:29:00] [WAIT] Weekend  market closed
[2026-05-23 22:30:00] [WAIT] Weekend  market closed
[2026-05-23 22:31:00] [WAIT] Weekend  market closed
[2026-05-23 22:32:00] [WAIT] Weekend  market closed
[2026-05-23 22:33:00] [WAIT] Weekend  market closed
[2026-05-23 22:34:00] [WAIT] Weekend  market closed
[2026-05-23 22:35:00] [WAIT] Weekend  market closed
[2026-05-23 22:36:00] [WAIT] Weekend  market closed
[2026-05-23 22:37:00] [WAIT] Weekend  market closed
[2026-05-23 22:38:00] [WAIT] Weekend  market closed
[2026-05-23 22:39:00] [WAIT] Weekend  market closed
[2026-05-23 22:40:00] [WAIT] Weekend  market closed
[2026-05-23 22:41:00] [WAIT] Weekend  market closed
[2026-05-23 22:42:00] [WAIT] Weekend  market closed
[2026-05-23 22:43:00] [WAIT] Weekend  market closed
[2026-05-23 22:44:00] [WAIT] Weekend  market closed
[2026-05-23 22:45:00] [WAIT] Weekend  market closed
[2026-05-23 22:46:00] [WAIT] Weekend  market closed
[2026-05-23 22:47:00] [WAIT] Weekend  market closed
[2026-05-23 22:48:00] [WAIT] Weekend  market closed
[2026-05-23 22:49:00] [WAIT] Weekend  market closed
[2026-05-23 22:50:00] [WAIT] Weekend  market closed
[2026-05-23 22:51:00] [WAIT] Weekend  market closed
[2026-05-23 22:52:00] [WAIT] Weekend  market closed
[2026-05-23 22:53:00] [WAIT] Weekend  market closed
[2026-05-23 22:54:00] [WAIT] Weekend  market closed
[2026-05-23 22:55:00] [WAIT] Weekend  market closed
[2026-05-23 22:56:00] [WAIT] Weekend  market closed
[2026-05-23 22:57:00] [WAIT] Weekend  market closed
[2026-05-23 22:58:00] [WAIT] Weekend  market closed
[2026-05-23 22:59:00] [WAIT] Weekend  market closed
[2026-05-23 23:00:00] [STATS] Hourly (240 attempts): {'no_mr_signal': '240(100%)'}
[2026-05-23 23:00:00] [WAIT] Weekend  market closed
[2026-05-23 23:01:00] [WAIT] Weekend  market closed
[2026-05-23 23:02:00] [WAIT] Weekend  market closed
[2026-05-23 23:03:00] [WAIT] Weekend  market closed
[2026-05-23 23:04:00] [WAIT] Weekend  market closed
[2026-05-23 23:05:00] [WAIT] Weekend  market closed
[2026-05-23 23:06:00] [WAIT] Weekend  market closed
[2026-05-23 23:07:00] [WAIT] Weekend  market closed
[2026-05-23 23:08:00] [WAIT] Weekend  market closed
[2026-05-23 23:09:00] [WAIT] Weekend  market closed
[2026-05-23 23:10:00] [WAIT] Weekend  market closed
[2026-05-23 23:11:00] [WAIT] Weekend  market closed
[2026-05-23 23:12:00] [WAIT] Weekend  market closed
[2026-05-23 23:13:00] [WAIT] Weekend  market closed
[2026-05-23 23:14:00] [WAIT] Weekend  market closed
[2026-05-23 23:15:00] [WAIT] Weekend  market closed
[2026-05-23 23:16:00] [WAIT] Weekend  market closed
[2026-05-23 23:17:00] [WAIT] Weekend  market closed
[2026-05-23 23:18:00] [WAIT] Weekend  market closed
[2026-05-23 23:19:00] [WAIT] Weekend  market closed
[2026-05-23 23:20:00] [WAIT] Weekend  market closed
[2026-05-23 23:21:00] [WAIT] Weekend  market closed
[2026-05-23 23:22:00] [WAIT] Weekend  market closed
[2026-05-23 23:23:00] [WAIT] Weekend  market closed
[2026-05-23 23:24:00] [WAIT] Weekend  market closed
[2026-05-23 23:25:00] [WAIT] Weekend  market closed
[2026-05-23 23:26:00] [WAIT] Weekend  market closed
[2026-05-23 23:27:00] [WAIT] Weekend  market closed
[2026-05-23 23:28:00] [WAIT] Weekend  market closed
[2026-05-23 23:29:00] [WAIT] Weekend  market closed
[2026-05-23 23:30:00] [WAIT] Weekend  market closed
[2026-05-23 23:31:00] [WAIT] Weekend  market closed
[2026-05-23 23:32:00] [WAIT] Weekend  market closed
[2026-05-23 23:33:00] [WAIT] Weekend  market closed
[2026-05-23 23:34:00] [WAIT] Weekend  market closed
[2026-05-23 23:35:00] [WAIT] Weekend  market closed
[2026-05-23 23:36:00] [WAIT] Weekend  market closed
[2026-05-23 23:37:00] [WAIT] Weekend  market closed
[2026-05-23 23:38:00] [WAIT] Weekend  market closed
[2026-05-23 23:39:00] [WAIT] Weekend  market closed
[2026-05-23 23:40:00] [WAIT] Weekend  market closed
[2026-05-23 23:41:00] [WAIT] Weekend  market closed
[2026-05-23 23:42:00] [WAIT] Weekend  market closed
[2026-05-23 23:43:00] [WAIT] Weekend  market closed
[2026-05-23 23:44:00] [WAIT] Weekend  market closed
[2026-05-23 23:45:00] [WAIT] Weekend  market closed
[2026-05-23 23:46:00] [WAIT] Weekend  market closed
[2026-05-23 23:47:00] [WAIT] Weekend  market closed
[2026-05-23 23:48:00] [WAIT] Weekend  market closed
[2026-05-23 23:49:00] [WAIT] Weekend  market closed
[2026-05-23 23:50:00] [WAIT] Weekend  market closed
[2026-05-23 23:51:00] [WAIT] Weekend  market closed
[2026-05-23 23:52:00] [WAIT] Weekend  market closed
[2026-05-23 23:53:00] [WAIT] Weekend  market closed
[2026-05-23 23:54:00] [WAIT] Weekend  market closed
[2026-05-23 23:55:00] [WAIT] Weekend  market closed
[2026-05-23 23:56:00] [WAIT] Weekend  market closed
[2026-05-23 23:57:00] [WAIT] Weekend  market closed
[2026-05-23 23:58:00] [WAIT] Weekend  market closed
[2026-05-23 23:59:00] [WAIT] Weekend  market closed
[2026-05-24 00:00:00] [STATS] Daily: {'_total_attempts': 240, 'no_mr_signal': 240}
[2026-05-24 00:00:00] [WAIT] Weekend  market closed
[2026-05-24 00:01:00] [WAIT] Weekend  market closed
[2026-05-24 00:02:00] [WAIT] Weekend  market closed
[2026-05-24 00:03:00] [WAIT] Weekend  market closed
[2026-05-24 00:04:00] [WAIT] Weekend  market closed
[2026-05-24 00:05:00] [WAIT] Weekend  market closed
[2026-05-24 00:06:00] [WAIT] Weekend  market closed
[2026-05-24 00:07:00] [WAIT] Weekend  market closed
[2026-05-24 00:08:00] [WAIT] Weekend  market closed
[2026-05-24 00:09:00] [WAIT] Weekend  market closed
[2026-05-24 00:10:00] [WAIT] Weekend  market closed
[2026-05-24 00:11:00] [WAIT] Weekend  market closed
[2026-05-24 00:12:00] [WAIT] Weekend  market closed
[2026-05-24 00:13:00] [WAIT] Weekend  market closed
[2026-05-24 00:14:00] [WAIT] Weekend  market closed
[2026-05-24 00:15:00] [WAIT] Weekend  market closed
[2026-05-24 00:16:00] [WAIT] Weekend  market closed
[2026-05-24 00:17:00] [WAIT] Weekend  market closed
[2026-05-24 00:18:00] [WAIT] Weekend  market closed
[2026-05-24 00:19:00] [WAIT] Weekend  market closed
[2026-05-24 00:20:00] [WAIT] Weekend  market closed
[2026-05-24 00:21:00] [WAIT] Weekend  market closed
[2026-05-24 00:22:00] [WAIT] Weekend  market closed
[2026-05-24 00:23:00] [WAIT] Weekend  market closed
[2026-05-24 00:24:00] [WAIT] Weekend  market closed
[2026-05-24 00:25:00] [WAIT] Weekend  market closed
[2026-05-24 00:26:00] [WAIT] Weekend  market closed
[2026-05-24 00:27:00] [WAIT] Weekend  market closed
[2026-05-24 00:28:00] [WAIT] Weekend  market closed
[2026-05-24 00:29:00] [WAIT] Weekend  market closed
[2026-05-24 00:30:00] [WAIT] Weekend  market closed
[2026-05-24 00:31:00] [WAIT] Weekend  market closed
[2026-05-24 00:32:00] [WAIT] Weekend  market closed
[2026-05-24 00:33:00] [WAIT] Weekend  market closed
[2026-05-24 00:34:00] [WAIT] Weekend  market closed
[2026-05-24 00:35:00] [WAIT] Weekend  market closed
[2026-05-24 00:36:00] [WAIT] Weekend  market closed
[2026-05-24 00:37:00] [WAIT] Weekend  market closed
[2026-05-24 00:38:00] [WAIT] Weekend  market closed
[2026-05-24 00:39:00] [WAIT] Weekend  market closed
[2026-05-24 00:40:00] [WAIT] Weekend  market closed
[2026-05-24 00:41:00] [WAIT] Weekend  market closed
[2026-05-24 00:42:00] [WAIT] Weekend  market closed
[2026-05-24 00:43:00] [WAIT] Weekend  market closed
[2026-05-24 00:44:00] [WAIT] Weekend  market closed
[2026-05-24 00:45:00] [WAIT] Weekend  market closed
[2026-05-24 00:46:00] [WAIT] Weekend  market closed
[2026-05-24 00:47:00] [WAIT] Weekend  market closed
[2026-05-24 00:48:00] [WAIT] Weekend  market closed
[2026-05-24 00:49:00] [WAIT] Weekend  market closed
[2026-05-24 00:50:00] [WAIT] Weekend  market closed
[2026-05-24 00:51:00] [WAIT] Weekend  market closed
[2026-05-24 00:52:00] [WAIT] Weekend  market closed
[2026-05-24 00:53:00] [WAIT] Weekend  market closed
[2026-05-24 00:54:00] [WAIT] Weekend  market closed
[2026-05-24 00:55:00] [WAIT] Weekend  market closed
[2026-05-24 00:56:00] [WAIT] Weekend  market closed
[2026-05-24 00:57:00] [WAIT] Weekend  market closed
[2026-05-24 00:58:00] [WAIT] Weekend  market closed
[2026-05-24 00:59:00] [WAIT] Weekend  market closed
[2026-05-24 01:00:00] [WAIT] Weekend  market closed
[2026-05-24 01:01:00] [WAIT] Weekend  market closed
[2026-05-24 01:02:00] [WAIT] Weekend  market closed
[2026-05-24 01:03:00] [WAIT] Weekend  market closed
[2026-05-24 01:04:00] [WAIT] Weekend  market closed
[2026-05-24 01:05:00] [WAIT] Weekend  market closed
[2026-05-24 01:06:00] [WAIT] Weekend  market closed
[2026-05-24 01:07:00] [WAIT] Weekend  market closed
[2026-05-24 01:08:00] [WAIT] Weekend  market closed
[2026-05-24 01:09:00] [WAIT] Weekend  market closed
[2026-05-24 01:10:00] [WAIT] Weekend  market closed
[2026-05-24 01:11:00] [WAIT] Weekend  market closed
[2026-05-24 01:12:00] [WAIT] Weekend  market closed
[2026-05-24 01:13:00] [WAIT] Weekend  market closed
[2026-05-24 01:14:00] [WAIT] Weekend  market closed
[2026-05-24 01:15:00] [WAIT] Weekend  market closed
[2026-05-24 01:16:00] [WAIT] Weekend  market closed
[2026-05-24 01:17:00] [WAIT] Weekend  market closed
[2026-05-24 01:18:00] [WAIT] Weekend  market closed
[2026-05-24 01:19:00] [WAIT] Weekend  market closed
[2026-05-24 01:20:00] [WAIT] Weekend  market closed
[2026-05-24 01:21:00] [WAIT] Weekend  market closed
[2026-05-24 01:22:00] [WAIT] Weekend  market closed
[2026-05-24 01:23:00] [WAIT] Weekend  market closed
[2026-05-24 01:24:00] [WAIT] Weekend  market closed
[2026-05-24 01:25:00] [WAIT] Weekend  market closed
[2026-05-24 01:26:00] [WAIT] Weekend  market closed
[2026-05-24 01:27:00] [WAIT] Weekend  market closed
[2026-05-24 01:28:00] [WAIT] Weekend  market closed
[2026-05-24 01:29:00] [WAIT] Weekend  market closed
[2026-05-24 01:30:00] [WAIT] Weekend  market closed
[2026-05-24 01:31:00] [WAIT] Weekend  market closed
[2026-05-24 01:32:00] [WAIT] Weekend  market closed
[2026-05-24 01:33:00] [WAIT] Weekend  market closed
[2026-05-24 01:34:00] [WAIT] Weekend  market closed
[2026-05-24 01:35:00] [WAIT] Weekend  market closed
[2026-05-24 01:36:00] [WAIT] Weekend  market closed
[2026-05-24 01:37:00] [WAIT] Weekend  market closed
[2026-05-24 01:38:00] [WAIT] Weekend  market closed
[2026-05-24 01:39:00] [WAIT] Weekend  market closed
[2026-05-24 01:40:00] [WAIT] Weekend  market closed
[2026-05-24 01:41:00] [WAIT] Weekend  market closed
[2026-05-24 01:42:00] [WAIT] Weekend  market closed
[2026-05-24 01:43:00] [WAIT] Weekend  market closed
[2026-05-24 01:44:00] [WAIT] Weekend  market closed
[2026-05-24 01:45:00] [WAIT] Weekend  market closed
[2026-05-24 01:46:00] [WAIT] Weekend  market closed
[2026-05-24 01:47:00] [WAIT] Weekend  market closed
[2026-05-24 01:48:00] [WAIT] Weekend  market closed
[2026-05-24 01:49:00] [WAIT] Weekend  market closed
[2026-05-24 01:50:00] [WAIT] Weekend  market closed
[2026-05-24 01:51:00] [WAIT] Weekend  market closed
[2026-05-24 01:52:00] [WAIT] Weekend  market closed
[2026-05-24 01:53:00] [WAIT] Weekend  market closed
[2026-05-24 01:54:00] [WAIT] Weekend  market closed
[2026-05-24 01:55:00] [WAIT] Weekend  market closed
[2026-05-24 01:56:00] [WAIT] Weekend  market closed
[2026-05-24 01:57:00] [WAIT] Weekend  market closed
[2026-05-24 01:58:00] [WAIT] Weekend  market closed
[2026-05-24 01:59:00] [WAIT] Weekend  market closed
[2026-05-24 02:00:00] [WAIT] Weekend  market closed
[2026-05-24 02:01:00] [WAIT] Weekend  market closed
[2026-05-24 02:02:00] [WAIT] Weekend  market closed
[2026-05-24 02:03:00] [WAIT] Weekend  market closed
[2026-05-24 02:04:00] [WAIT] Weekend  market closed
[2026-05-24 02:05:00] [WAIT] Weekend  market closed
[2026-05-24 02:06:00] [WAIT] Weekend  market closed
[2026-05-24 02:07:00] [WAIT] Weekend  market closed
[2026-05-24 02:08:00] [WAIT] Weekend  market closed
[2026-05-24 02:09:00] [WAIT] Weekend  market closed
[2026-05-24 02:10:00] [WAIT] Weekend  market closed
[2026-05-24 02:11:00] [WAIT] Weekend  market closed
[2026-05-24 02:12:00] [WAIT] Weekend  market closed
[2026-05-24 02:13:00] [WAIT] Weekend  market closed
[2026-05-24 02:14:00] [WAIT] Weekend  market closed
[2026-05-24 02:15:00] [WAIT] Weekend  market closed
[2026-05-24 02:16:00] [WAIT] Weekend  market closed
[2026-05-24 02:17:00] [WAIT] Weekend  market closed
[2026-05-24 02:18:00] [WAIT] Weekend  market closed
[2026-05-24 02:19:00] [WAIT] Weekend  market closed
[2026-05-24 02:20:00] [WAIT] Weekend  market closed
[2026-05-24 02:21:00] [WAIT] Weekend  market closed
[2026-05-24 02:22:00] [WAIT] Weekend  market closed
[2026-05-24 02:23:00] [WAIT] Weekend  market closed
[2026-05-24 02:24:00] [WAIT] Weekend  market closed
[2026-05-24 02:25:00] [WAIT] Weekend  market closed
[2026-05-24 02:26:00] [WAIT] Weekend  market closed
[2026-05-24 02:27:00] [WAIT] Weekend  market closed
[2026-05-24 02:28:00] [WAIT] Weekend  market closed
[2026-05-24 02:29:00] [WAIT] Weekend  market closed
[2026-05-24 02:30:00] [WAIT] Weekend  market closed
[2026-05-24 02:31:00] [WAIT] Weekend  market closed
[2026-05-24 02:32:00] [WAIT] Weekend  market closed
[2026-05-24 02:33:00] [WAIT] Weekend  market closed
[2026-05-24 02:34:00] [WAIT] Weekend  market closed
[2026-05-24 02:35:00] [WAIT] Weekend  market closed
[2026-05-24 02:36:00] [WAIT] Weekend  market closed
[2026-05-24 02:37:00] [WAIT] Weekend  market closed
[2026-05-24 02:38:00] [WAIT] Weekend  market closed
[2026-05-24 02:39:00] [WAIT] Weekend  market closed
[2026-05-24 02:40:00] [WAIT] Weekend  market closed
[2026-05-24 02:41:00] [WAIT] Weekend  market closed
[2026-05-24 02:42:00] [WAIT] Weekend  market closed
[2026-05-24 02:43:00] [WAIT] Weekend  market closed
[2026-05-24 02:44:00] [WAIT] Weekend  market closed
[2026-05-24 02:45:00] [WAIT] Weekend  market closed
[2026-05-24 02:46:00] [WAIT] Weekend  market closed
[2026-05-24 02:47:00] [WAIT] Weekend  market closed
[2026-05-24 02:48:00] [WAIT] Weekend  market closed
[2026-05-24 02:49:00] [WAIT] Weekend  market closed
[2026-05-24 02:50:00] [WAIT] Weekend  market closed
[2026-05-24 02:51:00] [WAIT] Weekend  market closed
[2026-05-24 02:52:00] [WAIT] Weekend  market closed
[2026-05-24 02:53:00] [WAIT] Weekend  market closed
[2026-05-24 02:54:00] [WAIT] Weekend  market closed
[2026-05-24 02:55:00] [WAIT] Weekend  market closed
[2026-05-24 02:56:00] [WAIT] Weekend  market closed
[2026-05-24 02:57:00] [WAIT] Weekend  market closed
[2026-05-24 02:58:00] [WAIT] Weekend  market closed
[2026-05-24 02:59:00] [WAIT] Weekend  market closed
[2026-05-24 03:00:00] [WAIT] Weekend  market closed
[2026-05-24 03:01:00] [WAIT] Weekend  market closed
[2026-05-24 03:02:00] [WAIT] Weekend  market closed
[2026-05-24 03:03:00] [WAIT] Weekend  market closed
[2026-05-24 03:04:00] [WAIT] Weekend  market closed
[2026-05-24 03:05:00] [WAIT] Weekend  market closed
[2026-05-24 03:06:00] [WAIT] Weekend  market closed
[2026-05-24 03:07:00] [WAIT] Weekend  market closed
[2026-05-24 03:08:00] [WAIT] Weekend  market closed
[2026-05-24 03:09:00] [WAIT] Weekend  market closed
[2026-05-24 03:10:00] [WAIT] Weekend  market closed
[2026-05-24 03:11:00] [WAIT] Weekend  market closed
[2026-05-24 03:12:00] [WAIT] Weekend  market closed
[2026-05-24 03:13:00] [WAIT] Weekend  market closed
[2026-05-24 03:14:00] [WAIT] Weekend  market closed
[2026-05-24 03:15:00] [WAIT] Weekend  market closed
[2026-05-24 03:16:00] [WAIT] Weekend  market closed
[2026-05-24 03:17:00] [WAIT] Weekend  market closed
[2026-05-24 03:18:00] [WAIT] Weekend  market closed
[2026-05-24 03:19:00] [WAIT] Weekend  market closed
[2026-05-24 03:20:00] [WAIT] Weekend  market closed
[2026-05-24 03:21:00] [WAIT] Weekend  market closed
[2026-05-24 03:22:00] [WAIT] Weekend  market closed
[2026-05-24 03:23:00] [WAIT] Weekend  market closed
[2026-05-24 03:24:00] [WAIT] Weekend  market closed
[2026-05-24 03:25:00] [WAIT] Weekend  market closed
[2026-05-24 03:26:00] [WAIT] Weekend  market closed
[2026-05-24 03:27:00] [WAIT] Weekend  market closed
[2026-05-24 03:28:00] [WAIT] Weekend  market closed
[2026-05-24 03:29:00] [WAIT] Weekend  market closed
[2026-05-24 03:30:00] [WAIT] Weekend  market closed
[2026-05-24 03:31:00] [WAIT] Weekend  market closed
[2026-05-24 03:32:00] [WAIT] Weekend  market closed
[2026-05-24 03:33:00] [WAIT] Weekend  market closed
[2026-05-24 03:34:00] [WAIT] Weekend  market closed
[2026-05-24 03:35:01] [WAIT] Weekend  market closed
[2026-05-24 03:36:01] [WAIT] Weekend  market closed
[2026-05-24 03:37:01] [WAIT] Weekend  market closed
[2026-05-24 03:38:01] [WAIT] Weekend  market closed
[2026-05-24 03:39:01] [WAIT] Weekend  market closed
[2026-05-24 03:40:01] [WAIT] Weekend  market closed
[2026-05-24 03:41:01] [WAIT] Weekend  market closed
[2026-05-24 03:42:01] [WAIT] Weekend  market closed
[2026-05-24 03:43:01] [WAIT] Weekend  market closed
[2026-05-24 03:44:01] [WAIT] Weekend  market closed
[2026-05-24 03:45:01] [WAIT] Weekend  market closed
[2026-05-24 03:46:01] [WAIT] Weekend  market closed
[2026-05-24 03:47:01] [WAIT] Weekend  market closed
[2026-05-24 03:48:01] [WAIT] Weekend  market closed
[2026-05-24 03:49:01] [WAIT] Weekend  market closed
[2026-05-24 03:50:01] [WAIT] Weekend  market closed
[2026-05-24 03:51:01] [WAIT] Weekend  market closed
[2026-05-24 03:52:01] [WAIT] Weekend  market closed
[2026-05-24 03:53:01] [WAIT] Weekend  market closed
[2026-05-24 03:54:01] [WAIT] Weekend  market closed
[2026-05-24 03:55:01] [WAIT] Weekend  market closed
[2026-05-24 03:56:01] [WAIT] Weekend  market closed
[2026-05-24 03:57:01] [WAIT] Weekend  market closed
[2026-05-24 03:58:01] [WAIT] Weekend  market closed
[2026-05-24 03:59:01] [WAIT] Weekend  market closed
[2026-05-24 04:00:01] [WAIT] Weekend  market closed
[2026-05-24 04:01:01] [WAIT] Weekend  market closed
[2026-05-24 04:02:01] [WAIT] Weekend  market closed
[2026-05-24 04:03:01] [WAIT] Weekend  market closed
[2026-05-24 04:04:01] [WAIT] Weekend  market closed
[2026-05-24 04:05:01] [WAIT] Weekend  market closed
[2026-05-24 04:06:01] [WAIT] Weekend  market closed
[2026-05-24 04:07:01] [WAIT] Weekend  market closed
[2026-05-24 04:08:01] [WAIT] Weekend  market closed
[2026-05-24 04:09:01] [WAIT] Weekend  market closed
[2026-05-24 04:10:01] [WAIT] Weekend  market closed
[2026-05-24 04:11:01] [WAIT] Weekend  market closed
[2026-05-24 04:12:01] [WAIT] Weekend  market closed
[2026-05-24 04:13:01] [WAIT] Weekend  market closed
[2026-05-24 04:14:01] [WAIT] Weekend  market closed
[2026-05-24 04:15:01] [WAIT] Weekend  market closed
[2026-05-24 04:16:01] [WAIT] Weekend  market closed
[2026-05-24 04:17:01] [WAIT] Weekend  market closed
[2026-05-24 04:18:01] [WAIT] Weekend  market closed
[2026-05-24 04:19:01] [WAIT] Weekend  market closed
[2026-05-24 04:20:01] [WAIT] Weekend  market closed
[2026-05-24 04:21:01] [WAIT] Weekend  market closed
[2026-05-24 04:22:01] [WAIT] Weekend  market closed
[2026-05-24 04:23:01] [WAIT] Weekend  market closed
[2026-05-24 04:24:01] [WAIT] Weekend  market closed
[2026-05-24 04:25:01] [WAIT] Weekend  market closed
[2026-05-24 04:26:01] [WAIT] Weekend  market closed
[2026-05-24 04:27:01] [WAIT] Weekend  market closed
[2026-05-24 04:28:01] [WAIT] Weekend  market closed
[2026-05-24 04:29:01] [WAIT] Weekend  market closed
[2026-05-24 04:30:01] [WAIT] Weekend  market closed
[2026-05-24 04:31:01] [WAIT] Weekend  market closed
[2026-05-24 04:32:01] [WAIT] Weekend  market closed
[2026-05-24 04:33:01] [WAIT] Weekend  market closed
[2026-05-24 04:34:01] [WAIT] Weekend  market closed
[2026-05-24 04:35:01] [WAIT] Weekend  market closed
[2026-05-24 04:36:01] [WAIT] Weekend  market closed
[2026-05-24 04:37:01] [WAIT] Weekend  market closed
[2026-05-24 04:38:01] [WAIT] Weekend  market closed
[2026-05-24 04:39:01] [WAIT] Weekend  market closed
[2026-05-24 04:40:01] [WAIT] Weekend  market closed
[2026-05-24 04:41:01] [WAIT] Weekend  market closed
[2026-05-24 04:42:01] [WAIT] Weekend  market closed
[2026-05-24 04:43:01] [WAIT] Weekend  market closed
[2026-05-24 04:44:01] [WAIT] Weekend  market closed
[2026-05-24 04:45:01] [WAIT] Weekend  market closed
[2026-05-24 04:46:01] [WAIT] Weekend  market closed
[2026-05-24 04:47:01] [WAIT] Weekend  market closed
[2026-05-24 04:48:01] [WAIT] Weekend  market closed
[2026-05-24 04:49:01] [WAIT] Weekend  market closed
[2026-05-24 04:50:01] [WAIT] Weekend  market closed
[2026-05-24 04:51:01] [WAIT] Weekend  market closed
[2026-05-24 04:52:01] [WAIT] Weekend  market closed
[2026-05-24 04:53:01] [WAIT] Weekend  market closed
[2026-05-24 04:54:01] [WAIT] Weekend  market closed
[2026-05-24 04:55:01] [WAIT] Weekend  market closed
[2026-05-24 04:56:01] [WAIT] Weekend  market closed
[2026-05-24 04:57:01] [WAIT] Weekend  market closed
[2026-05-24 04:58:01] [WAIT] Weekend  market closed
[2026-05-24 04:59:01] [WAIT] Weekend  market closed
[2026-05-24 05:00:01] [WAIT] Weekend  market closed
[2026-05-24 05:01:01] [WAIT] Weekend  market closed
[2026-05-24 05:02:01] [WAIT] Weekend  market closed
[2026-05-24 05:03:01] [WAIT] Weekend  market closed
[2026-05-24 05:04:01] [WAIT] Weekend  market closed
[2026-05-24 05:05:01] [WAIT] Weekend  market closed
[2026-05-24 05:06:01] [WAIT] Weekend  market closed
[2026-05-24 05:07:01] [WAIT] Weekend  market closed
[2026-05-24 05:08:01] [WAIT] Weekend  market closed
[2026-05-24 05:09:01] [WAIT] Weekend  market closed
[2026-05-24 05:10:01] [WAIT] Weekend  market closed
[2026-05-24 05:11:01] [WAIT] Weekend  market closed
[2026-05-24 05:12:01] [WAIT] Weekend  market closed
[2026-05-24 05:13:01] [WAIT] Weekend  market closed
[2026-05-24 05:14:01] [WAIT] Weekend  market closed
[2026-05-24 05:15:01] [WAIT] Weekend  market closed
[2026-05-24 05:16:01] [WAIT] Weekend  market closed
[2026-05-24 05:17:01] [WAIT] Weekend  market closed
[2026-05-24 05:18:01] [WAIT] Weekend  market closed
[2026-05-24 05:19:01] [WAIT] Weekend  market closed
[2026-05-24 05:20:01] [WAIT] Weekend  market closed
[2026-05-24 05:21:01] [WAIT] Weekend  market closed
[2026-05-24 05:22:01] [WAIT] Weekend  market closed
[2026-05-24 05:23:01] [WAIT] Weekend  market closed
[2026-05-24 05:24:01] [WAIT] Weekend  market closed
[2026-05-24 05:25:01] [WAIT] Weekend  market closed
[2026-05-24 05:26:01] [WAIT] Weekend  market closed
[2026-05-24 05:27:01] [WAIT] Weekend  market closed
[2026-05-24 05:28:01] [WAIT] Weekend  market closed
[2026-05-24 05:29:01] [WAIT] Weekend  market closed
[2026-05-24 05:30:01] [WAIT] Weekend  market closed
[2026-05-24 05:31:01] [WAIT] Weekend  market closed
[2026-05-24 05:32:01] [WAIT] Weekend  market closed
[2026-05-24 05:33:01] [WAIT] Weekend  market closed
[2026-05-24 05:34:01] [WAIT] Weekend  market closed
[2026-05-24 05:35:01] [WAIT] Weekend  market closed
[2026-05-24 05:36:01] [WAIT] Weekend  market closed
[2026-05-24 05:37:01] [WAIT] Weekend  market closed
[2026-05-24 05:38:01] [WAIT] Weekend  market closed
[2026-05-24 05:39:01] [WAIT] Weekend  market closed
[2026-05-24 05:40:01] [WAIT] Weekend  market closed
[2026-05-24 05:41:01] [WAIT] Weekend  market closed
[2026-05-24 05:42:01] [WAIT] Weekend  market closed
[2026-05-24 05:43:01] [WAIT] Weekend  market closed
[2026-05-24 05:44:01] [WAIT] Weekend  market closed
[2026-05-24 05:45:01] [WAIT] Weekend  market closed
[2026-05-24 05:46:01] [WAIT] Weekend  market closed
[2026-05-24 05:47:01] [WAIT] Weekend  market closed
[2026-05-24 05:48:01] [WAIT] Weekend  market closed
[2026-05-24 05:49:01] [WAIT] Weekend  market closed
[2026-05-24 05:50:01] [WAIT] Weekend  market closed
[2026-05-24 05:51:01] [WAIT] Weekend  market closed
[2026-05-24 05:52:01] [WAIT] Weekend  market closed
[2026-05-24 05:53:01] [WAIT] Weekend  market closed
[2026-05-24 05:54:01] [WAIT] Weekend  market closed
[2026-05-24 05:55:01] [WAIT] Weekend  market closed
[2026-05-24 05:56:01] [WAIT] Weekend  market closed
[2026-05-24 05:57:01] [WAIT] Weekend  market closed
[2026-05-24 05:58:01] [WAIT] Weekend  market closed
[2026-05-24 05:59:01] [WAIT] Weekend  market closed
[2026-05-24 06:00:01] [WAIT] Weekend  market closed
[2026-05-24 06:01:01] [WAIT] Weekend  market closed
[2026-05-24 06:02:01] [WAIT] Weekend  market closed
[2026-05-24 06:03:01] [WAIT] Weekend  market closed
[2026-05-24 06:04:01] [WAIT] Weekend  market closed
[2026-05-24 06:05:01] [WAIT] Weekend  market closed
[2026-05-24 06:06:01] [WAIT] Weekend  market closed
[2026-05-24 06:07:01] [WAIT] Weekend  market closed
[2026-05-24 06:08:01] [WAIT] Weekend  market closed
[2026-05-24 06:09:01] [WAIT] Weekend  market closed
[2026-05-24 06:10:01] [WAIT] Weekend  market closed
[2026-05-24 06:11:01] [WAIT] Weekend  market closed
[2026-05-24 06:12:01] [WAIT] Weekend  market closed
[2026-05-24 06:13:01] [WAIT] Weekend  market closed
[2026-05-24 06:14:01] [WAIT] Weekend  market closed
[2026-05-24 06:15:01] [WAIT] Weekend  market closed
[2026-05-24 06:16:01] [WAIT] Weekend  market closed
[2026-05-24 06:17:01] [WAIT] Weekend  market closed
[2026-05-24 06:18:01] [WAIT] Weekend  market closed
[2026-05-24 06:19:01] [WAIT] Weekend  market closed
[2026-05-24 06:20:01] [WAIT] Weekend  market closed
[2026-05-24 06:21:01] [WAIT] Weekend  market closed
[2026-05-24 06:22:01] [WAIT] Weekend  market closed
[2026-05-24 06:23:01] [WAIT] Weekend  market closed
[2026-05-24 06:24:01] [WAIT] Weekend  market closed
[2026-05-24 06:25:01] [WAIT] Weekend  market closed
[2026-05-24 06:26:01] [WAIT] Weekend  market closed
[2026-05-24 06:27:01] [WAIT] Weekend  market closed
[2026-05-24 06:28:01] [WAIT] Weekend  market closed
[2026-05-24 06:29:01] [WAIT] Weekend  market closed
[2026-05-24 06:30:01] [WAIT] Weekend  market closed
[2026-05-24 06:31:01] [WAIT] Weekend  market closed
[2026-05-24 06:32:01] [WAIT] Weekend  market closed
[2026-05-24 06:33:01] [WAIT] Weekend  market closed
[2026-05-24 06:34:01] [WAIT] Weekend  market closed
[2026-05-24 06:35:01] [WAIT] Weekend  market closed
[2026-05-24 06:36:01] [WAIT] Weekend  market closed
[2026-05-24 06:37:01] [WAIT] Weekend  market closed
[2026-05-24 06:38:01] [WAIT] Weekend  market closed
[2026-05-24 06:39:01] [WAIT] Weekend  market closed
[2026-05-24 06:40:01] [WAIT] Weekend  market closed
[2026-05-24 06:41:01] [WAIT] Weekend  market closed
[2026-05-24 06:42:01] [WAIT] Weekend  market closed
[2026-05-24 06:43:01] [WAIT] Weekend  market closed
[2026-05-24 06:44:01] [WAIT] Weekend  market closed
[2026-05-24 06:45:01] [WAIT] Weekend  market closed
[2026-05-24 06:46:01] [WAIT] Weekend  market closed
[2026-05-24 06:47:01] [WAIT] Weekend  market closed
[2026-05-24 06:48:01] [WAIT] Weekend  market closed
[2026-05-24 06:49:01] [WAIT] Weekend  market closed
[2026-05-24 06:50:01] [WAIT] Weekend  market closed
[2026-05-24 06:51:01] [WAIT] Weekend  market closed
[2026-05-24 06:52:01] [WAIT] Weekend  market closed
[2026-05-24 06:53:01] [WAIT] Weekend  market closed
[2026-05-24 06:54:01] [WAIT] Weekend  market closed
[2026-05-24 06:55:01] [WAIT] Weekend  market closed
[2026-05-24 06:56:01] [WAIT] Weekend  market closed
[2026-05-24 06:57:01] [WAIT] Weekend  market closed
[2026-05-24 06:58:01] [WAIT] Weekend  market closed
[2026-05-24 06:59:01] [WAIT] Weekend  market closed
[2026-05-24 07:00:01] [WAIT] Weekend  market closed
[2026-05-24 07:01:01] [WAIT] Weekend  market closed
[2026-05-24 07:02:01] [WAIT] Weekend  market closed
[2026-05-24 07:03:01] [WAIT] Weekend  market closed
[2026-05-24 07:04:01] [WAIT] Weekend  market closed
[2026-05-24 07:05:01] [WAIT] Weekend  market closed
[2026-05-24 07:06:01] [WAIT] Weekend  market closed
[2026-05-24 07:07:01] [WAIT] Weekend  market closed
[2026-05-24 07:08:01] [WAIT] Weekend  market closed
[2026-05-24 07:09:01] [WAIT] Weekend  market closed
[2026-05-24 07:10:01] [WAIT] Weekend  market closed
[2026-05-24 07:11:01] [WAIT] Weekend  market closed
[2026-05-24 07:12:01] [WAIT] Weekend  market closed
[2026-05-24 07:13:01] [WAIT] Weekend  market closed
[2026-05-24 07:14:01] [WAIT] Weekend  market closed
[2026-05-24 07:15:01] [WAIT] Weekend  market closed
[2026-05-24 07:16:01] [WAIT] Weekend  market closed
[2026-05-24 07:17:01] [WAIT] Weekend  market closed
[2026-05-24 07:18:01] [WAIT] Weekend  market closed
[2026-05-24 07:19:01] [WAIT] Weekend  market closed
[2026-05-24 07:20:01] [WAIT] Weekend  market closed
[2026-05-24 07:21:01] [WAIT] Weekend  market closed
[2026-05-24 07:22:01] [WAIT] Weekend  market closed
[2026-05-24 07:23:01] [WAIT] Weekend  market closed
[2026-05-24 07:24:01] [WAIT] Weekend  market closed
[2026-05-24 07:25:01] [WAIT] Weekend  market closed
[2026-05-24 07:26:01] [WAIT] Weekend  market closed
[2026-05-24 07:27:01] [WAIT] Weekend  market closed
[2026-05-24 07:28:01] [WAIT] Weekend  market closed
[2026-05-24 07:29:01] [WAIT] Weekend  market closed
[2026-05-24 07:30:01] [WAIT] Weekend  market closed
[2026-05-24 07:31:01] [WAIT] Weekend  market closed
[2026-05-24 07:32:01] [WAIT] Weekend  market closed
[2026-05-24 07:33:01] [WAIT] Weekend  market closed
[2026-05-24 07:34:01] [WAIT] Weekend  market closed
[2026-05-24 07:35:01] [WAIT] Weekend  market closed
[2026-05-24 07:36:01] [WAIT] Weekend  market closed
[2026-05-24 07:37:01] [WAIT] Weekend  market closed
[2026-05-24 07:38:01] [WAIT] Weekend  market closed
[2026-05-24 07:39:01] [WAIT] Weekend  market closed
[2026-05-24 07:40:01] [WAIT] Weekend  market closed
[2026-05-24 07:41:01] [WAIT] Weekend  market closed
[2026-05-24 07:42:01] [WAIT] Weekend  market closed
[2026-05-24 07:43:01] [WAIT] Weekend  market closed
[2026-05-24 07:44:01] [WAIT] Weekend  market closed
[2026-05-24 07:45:01] [WAIT] Weekend  market closed
[2026-05-24 07:46:01] [WAIT] Weekend  market closed
[2026-05-24 07:47:01] [WAIT] Weekend  market closed
[2026-05-24 07:48:01] [WAIT] Weekend  market closed
[2026-05-24 07:49:01] [WAIT] Weekend  market closed
[2026-05-24 07:50:01] [WAIT] Weekend  market closed
[2026-05-24 07:51:01] [WAIT] Weekend  market closed
[2026-05-24 07:52:01] [WAIT] Weekend  market closed
[2026-05-24 07:53:01] [WAIT] Weekend  market closed
[2026-05-24 07:54:01] [WAIT] Weekend  market closed
[2026-05-24 07:55:01] [WAIT] Weekend  market closed
[2026-05-24 07:56:01] [WAIT] Weekend  market closed
[2026-05-24 07:57:01] [WAIT] Weekend  market closed
[2026-05-24 07:58:01] [WAIT] Weekend  market closed
[2026-05-24 07:59:01] [WAIT] Weekend  market closed
[2026-05-24 08:00:01] [WAIT] Weekend  market closed
[2026-05-24 08:01:01] [WAIT] Weekend  market closed
[2026-05-24 08:02:01] [WAIT] Weekend  market closed
[2026-05-24 08:03:01] [WAIT] Weekend  market closed
[2026-05-24 08:04:01] [WAIT] Weekend  market closed
[2026-05-24 08:05:01] [WAIT] Weekend  market closed
[2026-05-24 08:06:01] [WAIT] Weekend  market closed
[2026-05-24 08:07:01] [WAIT] Weekend  market closed
[2026-05-24 08:08:01] [WAIT] Weekend  market closed
[2026-05-24 08:09:01] [WAIT] Weekend  market closed
[2026-05-24 08:10:01] [WAIT] Weekend  market closed
[2026-05-24 08:11:01] [WAIT] Weekend  market closed
[2026-05-24 08:12:01] [WAIT] Weekend  market closed
[2026-05-24 08:13:01] [WAIT] Weekend  market closed
[2026-05-24 08:14:01] [WAIT] Weekend  market closed
[2026-05-24 08:15:01] [WAIT] Weekend  market closed
[2026-05-24 08:16:01] [WAIT] Weekend  market closed
[2026-05-24 08:17:01] [WAIT] Weekend  market closed
[2026-05-24 08:18:01] [WAIT] Weekend  market closed
[2026-05-24 08:19:01] [WAIT] Weekend  market closed
[2026-05-24 08:20:01] [WAIT] Weekend  market closed
[2026-05-24 08:21:01] [WAIT] Weekend  market closed
[2026-05-24 08:22:01] [WAIT] Weekend  market closed
[2026-05-24 08:23:01] [WAIT] Weekend  market closed
[2026-05-24 08:24:01] [WAIT] Weekend  market closed
[2026-05-24 08:25:01] [WAIT] Weekend  market closed
[2026-05-24 08:26:01] [WAIT] Weekend  market closed
[2026-05-24 08:27:01] [WAIT] Weekend  market closed
[2026-05-24 08:28:01] [WAIT] Weekend  market closed
[2026-05-24 08:29:01] [WAIT] Weekend  market closed
[2026-05-24 08:30:01] [WAIT] Weekend  market closed
[2026-05-24 08:31:01] [WAIT] Weekend  market closed
[2026-05-24 08:32:01] [WAIT] Weekend  market closed
[2026-05-24 08:33:01] [WAIT] Weekend  market closed
[2026-05-24 08:34:01] [WAIT] Weekend  market closed
[2026-05-24 08:35:01] [WAIT] Weekend  market closed
[2026-05-24 08:36:01] [WAIT] Weekend  market closed
[2026-05-24 08:37:01] [WAIT] Weekend  market closed
[2026-05-24 08:38:01] [WAIT] Weekend  market closed
[2026-05-24 08:39:01] [WAIT] Weekend  market closed
[2026-05-24 08:40:01] [WAIT] Weekend  market closed
[2026-05-24 08:41:01] [WAIT] Weekend  market closed
[2026-05-24 08:42:01] [WAIT] Weekend  market closed
[2026-05-24 08:43:01] [WAIT] Weekend  market closed
[2026-05-24 08:44:01] [WAIT] Weekend  market closed
[2026-05-24 08:45:01] [WAIT] Weekend  market closed
[2026-05-24 08:46:01] [WAIT] Weekend  market closed
[2026-05-24 08:47:01] [WAIT] Weekend  market closed
[2026-05-24 08:48:01] [WAIT] Weekend  market closed
[2026-05-24 08:49:01] [WAIT] Weekend  market closed
[2026-05-24 08:50:01] [WAIT] Weekend  market closed
[2026-05-24 08:51:01] [WAIT] Weekend  market closed
[2026-05-24 08:52:01] [WAIT] Weekend  market closed
[2026-05-24 08:53:01] [WAIT] Weekend  market closed
[2026-05-24 08:54:01] [WAIT] Weekend  market closed
[2026-05-24 08:55:01] [WAIT] Weekend  market closed
[2026-05-24 08:56:01] [WAIT] Weekend  market closed
[2026-05-24 08:57:01] [WAIT] Weekend  market closed
[2026-05-24 08:58:01] [WAIT] Weekend  market closed
[2026-05-24 08:59:01] [WAIT] Weekend  market closed
[2026-05-24 09:00:01] [WAIT] Weekend  market closed
[2026-05-24 09:01:01] [WAIT] Weekend  market closed
[2026-05-24 09:02:01] [WAIT] Weekend  market closed
[2026-05-24 09:03:01] [WAIT] Weekend  market closed
[2026-05-24 09:04:01] [WAIT] Weekend  market closed
[2026-05-24 09:05:01] [WAIT] Weekend  market closed
[2026-05-24 09:06:01] [WAIT] Weekend  market closed
[2026-05-24 09:07:01] [WAIT] Weekend  market closed
[2026-05-24 09:08:01] [WAIT] Weekend  market closed
[2026-05-24 09:09:01] [WAIT] Weekend  market closed
[2026-05-24 09:10:01] [WAIT] Weekend  market closed
[2026-05-24 09:11:01] [WAIT] Weekend  market closed
[2026-05-24 09:12:01] [WAIT] Weekend  market closed
[2026-05-24 09:13:01] [WAIT] Weekend  market closed
[2026-05-24 09:14:01] [WAIT] Weekend  market closed
[2026-05-24 09:15:01] [WAIT] Weekend  market closed
[2026-05-24 09:16:01] [WAIT] Weekend  market closed
[2026-05-24 09:17:01] [WAIT] Weekend  market closed
[2026-05-24 09:18:01] [WAIT] Weekend  market closed
[2026-05-24 09:19:01] [WAIT] Weekend  market closed
[2026-05-24 09:20:01] [WAIT] Weekend  market closed
[2026-05-24 09:21:01] [WAIT] Weekend  market closed
[2026-05-24 09:22:01] [WAIT] Weekend  market closed
[2026-05-24 09:23:01] [WAIT] Weekend  market closed
[2026-05-24 09:24:01] [WAIT] Weekend  market closed
[2026-05-24 09:25:01] [WAIT] Weekend  market closed
[2026-05-24 09:26:01] [WAIT] Weekend  market closed
[2026-05-24 09:27:01] [WAIT] Weekend  market closed
[2026-05-24 09:28:01] [WAIT] Weekend  market closed
[2026-05-24 09:29:01] [WAIT] Weekend  market closed
[2026-05-24 09:30:01] [WAIT] Weekend  market closed
[2026-05-24 09:31:01] [WAIT] Weekend  market closed
[2026-05-24 09:32:01] [WAIT] Weekend  market closed
[2026-05-24 09:33:01] [WAIT] Weekend  market closed
[2026-05-24 09:34:01] [WAIT] Weekend  market closed
[2026-05-24 09:35:01] [WAIT] Weekend  market closed
[2026-05-24 09:36:01] [WAIT] Weekend  market closed
[2026-05-24 09:37:01] [WAIT] Weekend  market closed
[2026-05-24 09:38:01] [WAIT] Weekend  market closed
[2026-05-24 09:39:01] [WAIT] Weekend  market closed
[2026-05-24 09:40:01] [WAIT] Weekend  market closed
[2026-05-24 09:41:01] [WAIT] Weekend  market closed
[2026-05-24 09:42:01] [WAIT] Weekend  market closed
[2026-05-24 09:43:01] [WAIT] Weekend  market closed
[2026-05-24 09:44:01] [WAIT] Weekend  market closed
[2026-05-24 09:45:01] [WAIT] Weekend  market closed
[2026-05-24 09:46:01] [WAIT] Weekend  market closed
[2026-05-24 09:47:01] [WAIT] Weekend  market closed
[2026-05-24 09:48:01] [WAIT] Weekend  market closed
[2026-05-24 09:49:01] [WAIT] Weekend  market closed
[2026-05-24 09:50:01] [WAIT] Weekend  market closed
[2026-05-24 09:51:01] [WAIT] Weekend  market closed
[2026-05-24 09:52:01] [WAIT] Weekend  market closed
[2026-05-24 09:53:01] [WAIT] Weekend  market closed
[2026-05-24 09:54:01] [WAIT] Weekend  market closed
[2026-05-24 09:55:01] [WAIT] Weekend  market closed
[2026-05-24 09:56:01] [WAIT] Weekend  market closed
[2026-05-24 09:57:01] [WAIT] Weekend  market closed
[2026-05-24 09:58:01] [WAIT] Weekend  market closed
[2026-05-24 09:59:01] [WAIT] Weekend  market closed
[2026-05-24 10:00:01] [WAIT] Weekend  market closed
[2026-05-24 10:01:01] [WAIT] Weekend  market closed
[2026-05-24 10:02:01] [WAIT] Weekend  market closed
[2026-05-24 10:03:01] [WAIT] Weekend  market closed
[2026-05-24 10:04:01] [WAIT] Weekend  market closed
[2026-05-24 10:05:01] [WAIT] Weekend  market closed
[2026-05-24 10:06:01] [WAIT] Weekend  market closed
[2026-05-24 10:07:01] [WAIT] Weekend  market closed
[2026-05-24 10:08:01] [WAIT] Weekend  market closed
[2026-05-24 10:09:01] [WAIT] Weekend  market closed
[2026-05-24 10:10:01] [WAIT] Weekend  market closed
[2026-05-24 10:11:01] [WAIT] Weekend  market closed
[2026-05-24 10:12:01] [WAIT] Weekend  market closed
[2026-05-24 10:13:01] [WAIT] Weekend  market closed
[2026-05-24 10:14:01] [WAIT] Weekend  market closed
[2026-05-24 10:15:01] [WAIT] Weekend  market closed
[2026-05-24 10:16:01] [WAIT] Weekend  market closed
[2026-05-24 10:17:01] [WAIT] Weekend  market closed
[2026-05-24 10:18:01] [WAIT] Weekend  market closed
[2026-05-24 10:19:01] [WAIT] Weekend  market closed
[2026-05-24 10:20:01] [WAIT] Weekend  market closed
[2026-05-24 10:21:01] [WAIT] Weekend  market closed
[2026-05-24 10:22:01] [WAIT] Weekend  market closed
[2026-05-24 10:23:01] [WAIT] Weekend  market closed
[2026-05-24 10:24:01] [WAIT] Weekend  market closed
[2026-05-24 10:25:01] [WAIT] Weekend  market closed
[2026-05-24 10:26:01] [WAIT] Weekend  market closed
[2026-05-24 10:27:01] [WAIT] Weekend  market closed
[2026-05-24 10:28:01] [WAIT] Weekend  market closed
[2026-05-24 10:29:01] [WAIT] Weekend  market closed
[2026-05-24 10:30:01] [WAIT] Weekend  market closed
[2026-05-24 10:31:01] [WAIT] Weekend  market closed
[2026-05-24 10:32:01] [WAIT] Weekend  market closed
[2026-05-24 10:33:01] [WAIT] Weekend  market closed
[2026-05-24 10:34:01] [WAIT] Weekend  market closed
[2026-05-24 10:35:01] [WAIT] Weekend  market closed
[2026-05-24 10:36:01] [WAIT] Weekend  market closed
[2026-05-24 10:37:01] [WAIT] Weekend  market closed
[2026-05-24 10:38:01] [WAIT] Weekend  market closed
[2026-05-24 10:39:01] [WAIT] Weekend  market closed
[2026-05-24 10:40:01] [WAIT] Weekend  market closed
[2026-05-24 10:41:01] [WAIT] Weekend  market closed
[2026-05-24 10:42:01] [WAIT] Weekend  market closed
[2026-05-24 10:43:01] [WAIT] Weekend  market closed
[2026-05-24 10:44:01] [WAIT] Weekend  market closed
[2026-05-24 10:45:01] [WAIT] Weekend  market closed
[2026-05-24 10:46:01] [WAIT] Weekend  market closed
[2026-05-24 10:47:01] [WAIT] Weekend  market closed
[2026-05-24 10:48:01] [WAIT] Weekend  market closed
[2026-05-24 10:49:01] [WAIT] Weekend  market closed
[2026-05-24 10:50:01] [WAIT] Weekend  market closed
[2026-05-24 10:51:01] [WAIT] Weekend  market closed
[2026-05-24 10:52:01] [WAIT] Weekend  market closed
[2026-05-24 10:53:01] [WAIT] Weekend  market closed
[2026-05-24 10:54:01] [WAIT] Weekend  market closed
[2026-05-24 10:55:01] [WAIT] Weekend  market closed
[2026-05-24 10:56:01] [WAIT] Weekend  market closed
[2026-05-24 10:57:01] [WAIT] Weekend  market closed
[2026-05-24 10:58:01] [WAIT] Weekend  market closed
[2026-05-24 10:59:01] [WAIT] Weekend  market closed
[2026-05-24 11:00:01] [WAIT] Weekend  market closed
[2026-05-24 11:01:01] [WAIT] Weekend  market closed
[2026-05-24 11:02:01] [WAIT] Weekend  market closed
[2026-05-24 11:03:01] [WAIT] Weekend  market closed
[2026-05-24 11:04:01] [WAIT] Weekend  market closed
[2026-05-24 11:05:01] [WAIT] Weekend  market closed
[2026-05-24 11:06:01] [WAIT] Weekend  market closed
[2026-05-24 11:07:01] [WAIT] Weekend  market closed
[2026-05-24 11:08:01] [WAIT] Weekend  market closed
[2026-05-24 11:09:01] [WAIT] Weekend  market closed
[2026-05-24 11:10:01] [WAIT] Weekend  market closed
[2026-05-24 11:11:01] [WAIT] Weekend  market closed
[2026-05-24 11:12:01] [WAIT] Weekend  market closed
[2026-05-24 11:13:01] [WAIT] Weekend  market closed
[2026-05-24 11:14:01] [WAIT] Weekend  market closed
[2026-05-24 11:15:01] [WAIT] Weekend  market closed
[2026-05-24 11:16:01] [WAIT] Weekend  market closed
[2026-05-24 11:17:01] [WAIT] Weekend  market closed
[2026-05-24 11:18:01] [WAIT] Weekend  market closed
[2026-05-24 11:19:02] [WAIT] Weekend  market closed
[2026-05-24 11:20:02] [WAIT] Weekend  market closed
[2026-05-24 11:21:02] [WAIT] Weekend  market closed
[2026-05-24 11:22:02] [WAIT] Weekend  market closed
[2026-05-24 11:23:02] [WAIT] Weekend  market closed
[2026-05-24 11:24:02] [WAIT] Weekend  market closed
[2026-05-24 11:25:02] [WAIT] Weekend  market closed
[2026-05-24 11:26:02] [WAIT] Weekend  market closed
[2026-05-24 11:27:02] [WAIT] Weekend  market closed
[2026-05-24 11:28:02] [WAIT] Weekend  market closed
[2026-05-24 11:29:02] [WAIT] Weekend  market closed
[2026-05-24 11:30:02] [WAIT] Weekend  market closed
[2026-05-24 11:31:02] [WAIT] Weekend  market closed
[2026-05-24 11:32:02] [WAIT] Weekend  market closed
[2026-05-24 11:33:02] [WAIT] Weekend  market closed
[2026-05-24 11:34:02] [WAIT] Weekend  market closed
[2026-05-24 11:35:02] [WAIT] Weekend  market closed
[2026-05-24 11:36:02] [WAIT] Weekend  market closed
[2026-05-24 11:37:02] [WAIT] Weekend  market closed
[2026-05-24 11:38:02] [WAIT] Weekend  market closed
[2026-05-24 11:39:02] [WAIT] Weekend  market closed
[2026-05-24 11:40:02] [WAIT] Weekend  market closed
[2026-05-24 11:41:02] [WAIT] Weekend  market closed
[2026-05-24 11:42:02] [WAIT] Weekend  market closed
[2026-05-24 11:43:02] [WAIT] Weekend  market closed
[2026-05-24 11:44:02] [WAIT] Weekend  market closed
[2026-05-24 11:45:02] [WAIT] Weekend  market closed
[2026-05-24 11:46:02] [WAIT] Weekend  market closed
[2026-05-24 11:47:02] [WAIT] Weekend  market closed
[2026-05-24 11:48:02] [WAIT] Weekend  market closed
[2026-05-24 11:49:02] [WAIT] Weekend  market closed
[2026-05-24 11:50:02] [WAIT] Weekend  market closed
[2026-05-24 11:51:02] [WAIT] Weekend  market closed
[2026-05-24 11:52:02] [WAIT] Weekend  market closed
[2026-05-24 11:53:02] [WAIT] Weekend  market closed
[2026-05-24 11:54:02] [WAIT] Weekend  market closed
[2026-05-24 11:55:02] [WAIT] Weekend  market closed
[2026-05-24 11:56:02] [WAIT] Weekend  market closed
[2026-05-24 11:57:02] [WAIT] Weekend  market closed
[2026-05-24 11:58:02] [WAIT] Weekend  market closed
[2026-05-24 11:59:02] [WAIT] Weekend  market closed
[2026-05-24 12:00:02] [WAIT] Weekend  market closed
[2026-05-24 12:01:02] [WAIT] Weekend  market closed
[2026-05-24 12:02:02] [WAIT] Weekend  market closed
[2026-05-24 12:03:02] [WAIT] Weekend  market closed
[2026-05-24 12:04:02] [WAIT] Weekend  market closed
[2026-05-24 12:05:02] [WAIT] Weekend  market closed
[2026-05-24 12:06:02] [WAIT] Weekend  market closed
[2026-05-24 12:07:02] [WAIT] Weekend  market closed
[2026-05-24 12:08:02] [WAIT] Weekend  market closed
[2026-05-24 12:09:02] [WAIT] Weekend  market closed
[2026-05-24 12:10:02] [WAIT] Weekend  market closed
[2026-05-24 12:11:02] [WAIT] Weekend  market closed
[2026-05-24 12:12:02] [WAIT] Weekend  market closed
[2026-05-24 12:13:02] [WAIT] Weekend  market closed
[2026-05-24 12:14:02] [WAIT] Weekend  market closed
[2026-05-24 12:15:02] [WAIT] Weekend  market closed
[2026-05-24 12:16:02] [WAIT] Weekend  market closed
[2026-05-24 12:17:02] [WAIT] Weekend  market closed
[2026-05-24 12:18:02] [WAIT] Weekend  market closed
[2026-05-24 12:19:02] [WAIT] Weekend  market closed
[2026-05-24 12:20:02] [WAIT] Weekend  market closed
[2026-05-24 12:21:02] [WAIT] Weekend  market closed
[2026-05-24 12:22:02] [WAIT] Weekend  market closed
[2026-05-24 12:23:02] [WAIT] Weekend  market closed
[2026-05-24 12:24:02] [WAIT] Weekend  market closed
[2026-05-24 12:25:02] [WAIT] Weekend  market closed
[2026-05-24 12:26:02] [WAIT] Weekend  market closed
[2026-05-24 12:27:02] [WAIT] Weekend  market closed
[2026-05-24 12:28:02] [WAIT] Weekend  market closed
[2026-05-24 12:29:02] [WAIT] Weekend  market closed
[2026-05-24 12:30:02] [WAIT] Weekend  market closed
[2026-05-24 12:31:02] [WAIT] Weekend  market closed
[2026-05-24 12:32:02] [WAIT] Weekend  market closed
[2026-05-24 12:33:02] [WAIT] Weekend  market closed
[2026-05-24 12:34:02] [WAIT] Weekend  market closed
[2026-05-24 12:35:02] [WAIT] Weekend  market closed
[2026-05-24 12:36:02] [WAIT] Weekend  market closed
[2026-05-24 12:37:02] [WAIT] Weekend  market closed
[2026-05-24 12:38:02] [WAIT] Weekend  market closed
[2026-05-24 12:39:02] [WAIT] Weekend  market closed
[2026-05-24 12:40:02] [WAIT] Weekend  market closed
[2026-05-24 12:41:02] [WAIT] Weekend  market closed
[2026-05-24 12:42:02] [WAIT] Weekend  market closed
[2026-05-24 12:43:02] [WAIT] Weekend  market closed
[2026-05-24 12:44:02] [WAIT] Weekend  market closed
[2026-05-24 12:45:02] [WAIT] Weekend  market closed
[2026-05-24 12:46:02] [WAIT] Weekend  market closed
[2026-05-24 12:47:02] [WAIT] Weekend  market closed
[2026-05-24 12:48:02] [WAIT] Weekend  market closed
[2026-05-24 12:49:02] [WAIT] Weekend  market closed
[2026-05-24 12:50:02] [WAIT] Weekend  market closed
[2026-05-24 12:51:02] [WAIT] Weekend  market closed
[2026-05-24 12:52:02] [WAIT] Weekend  market closed
[2026-05-24 12:53:02] [WAIT] Weekend  market closed
[2026-05-24 12:54:02] [WAIT] Weekend  market closed
[2026-05-24 12:55:02] [WAIT] Weekend  market closed
[2026-05-24 12:56:02] [WAIT] Weekend  market closed
[2026-05-24 12:57:02] [WAIT] Weekend  market closed
[2026-05-24 12:58:02] [WAIT] Weekend  market closed
[2026-05-24 12:59:02] [WAIT] Weekend  market closed
[2026-05-24 13:00:02] [WAIT] Weekend  market closed
[2026-05-24 13:01:02] [WAIT] Weekend  market closed
[2026-05-24 13:02:02] [WAIT] Weekend  market closed
[2026-05-24 13:03:02] [WAIT] Weekend  market closed
[2026-05-24 13:04:02] [WAIT] Weekend  market closed
[2026-05-24 13:05:02] [WAIT] Weekend  market closed
[2026-05-24 13:06:02] [WAIT] Weekend  market closed
[2026-05-24 13:07:02] [WAIT] Weekend  market closed
[2026-05-24 13:08:02] [WAIT] Weekend  market closed
[2026-05-24 13:09:02] [WAIT] Weekend  market closed
[2026-05-24 13:10:02] [WAIT] Weekend  market closed
[2026-05-24 13:11:02] [WAIT] Weekend  market closed
[2026-05-24 13:12:02] [WAIT] Weekend  market closed
[2026-05-24 13:13:02] [WAIT] Weekend  market closed
[2026-05-24 13:14:02] [WAIT] Weekend  market closed
[2026-05-24 13:15:02] [WAIT] Weekend  market closed
[2026-05-24 13:16:02] [WAIT] Weekend  market closed
[2026-05-24 13:17:02] [WAIT] Weekend  market closed
[2026-05-24 13:18:02] [WAIT] Weekend  market closed
[2026-05-24 13:19:02] [WAIT] Weekend  market closed
[2026-05-24 13:20:02] [WAIT] Weekend  market closed
[2026-05-24 13:21:02] [WAIT] Weekend  market closed
[2026-05-24 13:22:02] [WAIT] Weekend  market closed
[2026-05-24 13:23:02] [WAIT] Weekend  market closed
[2026-05-24 13:24:02] [WAIT] Weekend  market closed
[2026-05-24 13:25:02] [WAIT] Weekend  market closed
[2026-05-24 13:26:02] [WAIT] Weekend  market closed
[2026-05-24 13:27:02] [WAIT] Weekend  market closed
[2026-05-24 13:28:02] [WAIT] Weekend  market closed
[2026-05-24 13:29:02] [WAIT] Weekend  market closed
[2026-05-24 13:30:02] [WAIT] Weekend  market closed
[2026-05-24 13:31:02] [WAIT] Weekend  market closed
[2026-05-24 13:32:02] [WAIT] Weekend  market closed
[2026-05-24 13:33:02] [WAIT] Weekend  market closed
[2026-05-24 13:34:02] [WAIT] Weekend  market closed
[2026-05-24 13:35:02] [WAIT] Weekend  market closed
[2026-05-24 13:36:02] [WAIT] Weekend  market closed
[2026-05-24 13:37:02] [WAIT] Weekend  market closed
[2026-05-24 13:38:02] [WAIT] Weekend  market closed
[2026-05-24 13:39:02] [WAIT] Weekend  market closed
[2026-05-24 13:40:02] [WAIT] Weekend  market closed
[2026-05-24 13:41:02] [WAIT] Weekend  market closed
[2026-05-24 13:42:02] [WAIT] Weekend  market closed
[2026-05-24 13:43:02] [WAIT] Weekend  market closed
[2026-05-24 13:44:02] [WAIT] Weekend  market closed
[2026-05-24 13:45:02] [WAIT] Weekend  market closed
[2026-05-24 13:46:02] [WAIT] Weekend  market closed
[2026-05-24 13:47:02] [WAIT] Weekend  market closed
[2026-05-24 13:48:02] [WAIT] Weekend  market closed
[2026-05-24 13:49:02] [WAIT] Weekend  market closed
[2026-05-24 13:50:02] [WAIT] Weekend  market closed
[2026-05-24 13:51:02] [WAIT] Weekend  market closed
[2026-05-24 13:52:02] [WAIT] Weekend  market closed
[2026-05-24 13:53:02] [WAIT] Weekend  market closed
[2026-05-24 13:54:02] [WAIT] Weekend  market closed
[2026-05-24 13:55:02] [WAIT] Weekend  market closed
[2026-05-24 13:56:02] [WAIT] Weekend  market closed
[2026-05-24 13:57:02] [WAIT] Weekend  market closed
[2026-05-24 13:58:02] [WAIT] Weekend  market closed
[2026-05-24 13:59:02] [WAIT] Weekend  market closed
[2026-05-24 14:00:02] [WAIT] Weekend  market closed
[2026-05-24 14:01:02] [WAIT] Weekend  market closed
[2026-05-24 14:02:02] [WAIT] Weekend  market closed
[2026-05-24 14:03:02] [WAIT] Weekend  market closed
[2026-05-24 14:04:02] [WAIT] Weekend  market closed
[2026-05-24 14:05:02] [WAIT] Weekend  market closed
[2026-05-24 14:06:02] [WAIT] Weekend  market closed
[2026-05-24 14:07:02] [WAIT] Weekend  market closed
[2026-05-24 14:08:02] [WAIT] Weekend  market closed
[2026-05-24 14:09:02] [WAIT] Weekend  market closed
[2026-05-24 14:10:02] [WAIT] Weekend  market closed
[2026-05-24 14:11:02] [WAIT] Weekend  market closed
[2026-05-24 14:12:02] [WAIT] Weekend  market closed
[2026-05-24 14:13:02] [WAIT] Weekend  market closed
[2026-05-24 14:14:02] [WAIT] Weekend  market closed
[2026-05-24 14:15:02] [WAIT] Weekend  market closed
[2026-05-24 14:16:02] [WAIT] Weekend  market closed
[2026-05-24 14:17:02] [WAIT] Weekend  market closed
[2026-05-24 14:18:02] [WAIT] Weekend  market closed
[2026-05-24 14:19:02] [WAIT] Weekend  market closed
[2026-05-24 14:20:02] [WAIT] Weekend  market closed
[2026-05-24 14:21:02] [WAIT] Weekend  market closed
[2026-05-24 14:22:02] [WAIT] Weekend  market closed
[2026-05-24 14:23:02] [WAIT] Weekend  market closed
[2026-05-24 14:24:02] [WAIT] Weekend  market closed
[2026-05-24 14:25:02] [WAIT] Weekend  market closed
[2026-05-24 14:26:02] [WAIT] Weekend  market closed
[2026-05-24 14:27:02] [WAIT] Weekend  market closed
[2026-05-24 14:28:02] [WAIT] Weekend  market closed
[2026-05-24 14:29:02] [WAIT] Weekend  market closed
[2026-05-24 14:30:02] [WAIT] Weekend  market closed
[2026-05-24 14:31:02] [WAIT] Weekend  market closed
[2026-05-24 14:32:02] [WAIT] Weekend  market closed
[2026-05-24 14:33:02] [WAIT] Weekend  market closed
[2026-05-24 14:34:02] [WAIT] Weekend  market closed
[2026-05-24 14:35:02] [WAIT] Weekend  market closed
[2026-05-24 14:36:02] [WAIT] Weekend  market closed
[2026-05-24 14:37:02] [WAIT] Weekend  market closed
[2026-05-24 14:38:02] [WAIT] Weekend  market closed
[2026-05-24 14:39:02] [WAIT] Weekend  market closed
[2026-05-24 14:40:02] [WAIT] Weekend  market closed
[2026-05-24 14:41:02] [WAIT] Weekend  market closed
[2026-05-24 14:42:02] [WAIT] Weekend  market closed
[2026-05-24 14:43:02] [WAIT] Weekend  market closed
[2026-05-24 14:44:02] [WAIT] Weekend  market closed
[2026-05-24 14:45:02] [WAIT] Weekend  market closed
[2026-05-24 14:46:02] [WAIT] Weekend  market closed
[2026-05-24 14:47:02] [WAIT] Weekend  market closed
[2026-05-24 14:48:02] [WAIT] Weekend  market closed
[2026-05-24 14:49:02] [WAIT] Weekend  market closed
[2026-05-24 14:50:02] [WAIT] Weekend  market closed
[2026-05-24 14:51:02] [WAIT] Weekend  market closed
[2026-05-24 14:52:02] [WAIT] Weekend  market closed
[2026-05-24 14:53:02] [WAIT] Weekend  market closed
[2026-05-24 14:54:02] [WAIT] Weekend  market closed
[2026-05-24 14:55:02] [WAIT] Weekend  market closed
[2026-05-24 14:56:02] [WAIT] Weekend  market closed
[2026-05-24 14:57:02] [WAIT] Weekend  market closed
[2026-05-24 14:58:02] [WAIT] Weekend  market closed
[2026-05-24 14:59:02] [WAIT] Weekend  market closed
[2026-05-24 15:00:02] [WAIT] Weekend  market closed
[2026-05-24 15:01:02] [WAIT] Weekend  market closed
[2026-05-24 15:02:02] [WAIT] Weekend  market closed
[2026-05-24 15:03:02] [WAIT] Weekend  market closed
[2026-05-24 15:04:02] [WAIT] Weekend  market closed
[2026-05-24 15:05:02] [WAIT] Weekend  market closed
[2026-05-24 15:06:02] [WAIT] Weekend  market closed
[2026-05-24 15:07:02] [WAIT] Weekend  market closed
[2026-05-24 15:08:02] [WAIT] Weekend  market closed
[2026-05-24 15:09:02] [WAIT] Weekend  market closed
[2026-05-24 15:10:02] [WAIT] Weekend  market closed
[2026-05-24 15:11:02] [WAIT] Weekend  market closed
[2026-05-24 15:12:02] [WAIT] Weekend  market closed
[2026-05-24 15:13:02] [WAIT] Weekend  market closed
[2026-05-24 15:14:02] [WAIT] Weekend  market closed
[2026-05-24 15:15:02] [WAIT] Weekend  market closed
[2026-05-24 15:16:02] [WAIT] Weekend  market closed
[2026-05-24 15:17:02] [WAIT] Weekend  market closed
[2026-05-24 15:18:02] [WAIT] Weekend  market closed
[2026-05-24 15:19:02] [WAIT] Weekend  market closed
[2026-05-24 15:20:02] [WAIT] Weekend  market closed
[2026-05-24 15:21:02] [WAIT] Weekend  market closed
[2026-05-24 15:22:02] [WAIT] Weekend  market closed
[2026-05-24 15:23:02] [WAIT] Weekend  market closed
[2026-05-24 15:24:02] [WAIT] Weekend  market closed
[2026-05-24 15:25:02] [WAIT] Weekend  market closed
[2026-05-24 15:26:02] [WAIT] Weekend  market closed
[2026-05-24 15:27:02] [WAIT] Weekend  market closed
[2026-05-24 15:28:02] [WAIT] Weekend  market closed
[2026-05-24 15:29:02] [WAIT] Weekend  market closed
[2026-05-24 15:30:02] [WAIT] Weekend  market closed
[2026-05-24 15:31:02] [WAIT] Weekend  market closed
[2026-05-24 15:32:02] [WAIT] Weekend  market closed
[2026-05-24 15:33:02] [WAIT] Weekend  market closed
[2026-05-24 15:34:02] [WAIT] Weekend  market closed
[2026-05-24 15:35:02] [WAIT] Weekend  market closed
[2026-05-24 15:36:02] [WAIT] Weekend  market closed
[2026-05-24 15:37:02] [WAIT] Weekend  market closed
[2026-05-24 15:38:02] [WAIT] Weekend  market closed
[2026-05-24 15:39:02] [WAIT] Weekend  market closed
[2026-05-24 15:40:02] [WAIT] Weekend  market closed
[2026-05-24 15:41:02] [WAIT] Weekend  market closed
[2026-05-24 15:42:02] [WAIT] Weekend  market closed
[2026-05-24 15:43:02] [WAIT] Weekend  market closed
[2026-05-24 15:44:02] [WAIT] Weekend  market closed
[2026-05-24 15:45:02] [WAIT] Weekend  market closed
[2026-05-24 15:46:02] [WAIT] Weekend  market closed
[2026-05-24 15:47:02] [WAIT] Weekend  market closed
[2026-05-24 15:48:02] [WAIT] Weekend  market closed
[2026-05-24 15:49:02] [WAIT] Weekend  market closed
[2026-05-24 15:50:02] [WAIT] Weekend  market closed
[2026-05-24 15:51:02] [WAIT] Weekend  market closed
[2026-05-24 15:52:02] [WAIT] Weekend  market closed
[2026-05-24 15:53:02] [WAIT] Weekend  market closed
[2026-05-24 15:54:02] [WAIT] Weekend  market closed
[2026-05-24 15:55:02] [WAIT] Weekend  market closed
[2026-05-24 15:56:02] [WAIT] Weekend  market closed
[2026-05-24 15:57:02] [WAIT] Weekend  market closed
[2026-05-24 15:58:02] [WAIT] Weekend  market closed
[2026-05-24 15:59:02] [WAIT] Weekend  market closed
[2026-05-24 16:00:02] [WAIT] Weekend  market closed
[2026-05-24 16:01:02] [WAIT] Weekend  market closed
[2026-05-24 16:02:02] [WAIT] Weekend  market closed
[2026-05-24 16:03:02] [WAIT] Weekend  market closed
[2026-05-24 16:04:02] [WAIT] Weekend  market closed
[2026-05-24 16:05:02] [WAIT] Weekend  market closed
[2026-05-24 16:06:02] [WAIT] Weekend  market closed
[2026-05-24 16:07:02] [WAIT] Weekend  market closed
[2026-05-24 16:08:02] [WAIT] Weekend  market closed
[2026-05-24 16:09:02] [WAIT] Weekend  market closed
[2026-05-24 16:10:02] [WAIT] Weekend  market closed
[2026-05-24 16:11:02] [WAIT] Weekend  market closed
[2026-05-24 16:12:02] [WAIT] Weekend  market closed
[2026-05-24 16:13:02] [WAIT] Weekend  market closed
[2026-05-24 16:14:02] [WAIT] Weekend  market closed
[2026-05-24 16:15:02] [WAIT] Weekend  market closed
[2026-05-24 16:16:02] [WAIT] Weekend  market closed
[2026-05-24 16:17:02] [WAIT] Weekend  market closed
[2026-05-24 16:18:02] [WAIT] Weekend  market closed
[2026-05-24 16:19:02] [WAIT] Weekend  market closed
[2026-05-24 16:20:02] [WAIT] Weekend  market closed
[2026-05-24 16:21:02] [WAIT] Weekend  market closed
[2026-05-24 16:22:02] [WAIT] Weekend  market closed
[2026-05-24 16:23:02] [WAIT] Weekend  market closed
[2026-05-24 16:24:02] [WAIT] Weekend  market closed
[2026-05-24 16:25:02] [WAIT] Weekend  market closed
[2026-05-24 16:26:02] [WAIT] Weekend  market closed
[2026-05-24 16:27:02] [WAIT] Weekend  market closed
[2026-05-24 16:28:02] [WAIT] Weekend  market closed
[2026-05-24 16:29:02] [WAIT] Weekend  market closed
[2026-05-24 16:30:02] [WAIT] Weekend  market closed
[2026-05-24 16:31:02] [WAIT] Weekend  market closed
[2026-05-24 16:32:02] [WAIT] Weekend  market closed
[2026-05-24 16:33:02] [WAIT] Weekend  market closed
[2026-05-24 16:34:02] [WAIT] Weekend  market closed
[2026-05-24 16:35:02] [WAIT] Weekend  market closed
[2026-05-24 16:36:02] [WAIT] Weekend  market closed
[2026-05-24 16:37:02] [WAIT] Weekend  market closed
[2026-05-24 16:38:02] [WAIT] Weekend  market closed
[2026-05-24 16:39:02] [WAIT] Weekend  market closed
[2026-05-24 16:40:02] [WAIT] Weekend  market closed
[2026-05-24 16:41:02] [WAIT] Weekend  market closed
[2026-05-24 16:42:02] [WAIT] Weekend  market closed
[2026-05-24 16:43:02] [WAIT] Weekend  market closed
[2026-05-24 16:44:02] [WAIT] Weekend  market closed
[2026-05-24 16:45:02] [WAIT] Weekend  market closed
[2026-05-24 16:46:02] [WAIT] Weekend  market closed
[2026-05-24 16:47:02] [WAIT] Weekend  market closed
[2026-05-24 16:48:02] [WAIT] Weekend  market closed
[2026-05-24 16:49:02] [WAIT] Weekend  market closed
[2026-05-24 16:50:02] [WAIT] Weekend  market closed
[2026-05-24 16:51:02] [WAIT] Weekend  market closed
[2026-05-24 16:52:02] [WAIT] Weekend  market closed
[2026-05-24 16:53:02] [WAIT] Weekend  market closed
[2026-05-24 16:54:02] [WAIT] Weekend  market closed
[2026-05-24 16:55:02] [WAIT] Weekend  market closed
[2026-05-24 16:56:02] [WAIT] Weekend  market closed
[2026-05-24 16:57:02] [WAIT] Weekend  market closed
[2026-05-24 16:58:02] [WAIT] Weekend  market closed
[2026-05-24 16:59:02] [WAIT] Weekend  market closed
[2026-05-24 17:00:02] [WAIT] Weekend  market closed
[2026-05-24 17:01:02] [WAIT] Weekend  market closed
[2026-05-24 17:02:02] [WAIT] Weekend  market closed
[2026-05-24 17:03:02] [WAIT] Weekend  market closed
[2026-05-24 17:04:02] [WAIT] Weekend  market closed
[2026-05-24 17:05:02] [WAIT] Weekend  market closed
[2026-05-24 17:06:02] [WAIT] Weekend  market closed
[2026-05-24 17:07:02] [WAIT] Weekend  market closed
[2026-05-24 17:08:02] [WAIT] Weekend  market closed
[2026-05-24 17:09:02] [WAIT] Weekend  market closed
[2026-05-24 17:10:02] [WAIT] Weekend  market closed
[2026-05-24 17:11:02] [WAIT] Weekend  market closed
[2026-05-24 17:12:02] [WAIT] Weekend  market closed
[2026-05-24 17:13:02] [WAIT] Weekend  market closed
[2026-05-24 17:14:02] [WAIT] Weekend  market closed
[2026-05-24 17:15:02] [WAIT] Weekend  market closed
[2026-05-24 17:16:02] [WAIT] Weekend  market closed
[2026-05-24 17:17:02] [WAIT] Weekend  market closed
[2026-05-24 17:18:02] [WAIT] Weekend  market closed
[2026-05-24 17:19:02] [WAIT] Weekend  market closed
[2026-05-24 17:20:02] [WAIT] Weekend  market closed
[2026-05-24 17:21:02] [WAIT] Weekend  market closed
[2026-05-24 17:22:02] [WAIT] Weekend  market closed
[2026-05-24 17:23:02] [WAIT] Weekend  market closed
[2026-05-24 17:24:02] [WAIT] Weekend  market closed
[2026-05-24 17:25:02] [WAIT] Weekend  market closed
[2026-05-24 17:26:02] [WAIT] Weekend  market closed
[2026-05-24 17:27:02] [WAIT] Weekend  market closed
[2026-05-24 17:28:02] [WAIT] Weekend  market closed
[2026-05-24 17:29:02] [WAIT] Weekend  market closed
[2026-05-24 17:30:02] [WAIT] Weekend  market closed
[2026-05-24 17:31:02] [WAIT] Weekend  market closed
[2026-05-24 17:32:02] [WAIT] Weekend  market closed
[2026-05-24 17:33:02] [WAIT] Weekend  market closed
[2026-05-24 17:34:02] [WAIT] Weekend  market closed
[2026-05-24 17:35:02] [WAIT] Weekend  market closed
[2026-05-24 17:36:02] [WAIT] Weekend  market closed
[2026-05-24 17:37:02] [WAIT] Weekend  market closed
[2026-05-24 17:38:02] [WAIT] Weekend  market closed
[2026-05-24 17:39:02] [WAIT] Weekend  market closed
[2026-05-24 17:40:02] [WAIT] Weekend  market closed
[2026-05-24 17:41:02] [WAIT] Weekend  market closed
[2026-05-24 17:42:02] [WAIT] Weekend  market closed
[2026-05-24 17:43:02] [WAIT] Weekend  market closed
[2026-05-24 17:44:02] [WAIT] Weekend  market closed
[2026-05-24 17:45:02] [WAIT] Weekend  market closed
[2026-05-24 17:46:02] [WAIT] Weekend  market closed
[2026-05-24 17:47:02] [WAIT] Weekend  market closed
[2026-05-24 17:48:02] [WAIT] Weekend  market closed
[2026-05-24 17:49:02] [WAIT] Weekend  market closed
[2026-05-24 17:50:02] [WAIT] Weekend  market closed
[2026-05-24 17:51:02] [WAIT] Weekend  market closed
[2026-05-24 17:52:02] [WAIT] Weekend  market closed
[2026-05-24 17:53:02] [WAIT] Weekend  market closed
[2026-05-24 17:54:02] [WAIT] Weekend  market closed
[2026-05-24 17:55:02] [WAIT] Weekend  market closed
[2026-05-24 17:56:02] [WAIT] Weekend  market closed
[2026-05-24 17:57:02] [WAIT] Weekend  market closed
[2026-05-24 17:58:02] [WAIT] Weekend  market closed
[2026-05-24 17:59:02] [WAIT] Weekend  market closed
[2026-05-24 18:00:02] [WAIT] Weekend  market closed
[2026-05-24 18:01:02] [WAIT] Weekend  market closed
[2026-05-24 18:02:02] [WAIT] Weekend  market closed
[2026-05-24 18:03:02] [WAIT] Weekend  market closed
[2026-05-24 18:04:02] [WAIT] Weekend  market closed
[2026-05-24 18:05:02] [WAIT] Weekend  market closed
[2026-05-24 18:06:02] [WAIT] Weekend  market closed
[2026-05-24 18:07:02] [WAIT] Weekend  market closed
[2026-05-24 18:08:02] [WAIT] Weekend  market closed
[2026-05-24 18:09:02] [WAIT] Weekend  market closed
[2026-05-24 18:10:02] [WAIT] Weekend  market closed
[2026-05-24 18:11:02] [WAIT] Weekend  market closed
[2026-05-24 18:12:02] [WAIT] Weekend  market closed
[2026-05-24 18:13:02] [WAIT] Weekend  market closed
[2026-05-24 18:14:02] [WAIT] Weekend  market closed
[2026-05-24 18:15:02] [WAIT] Weekend  market closed
[2026-05-24 18:16:02] [WAIT] Weekend  market closed
[2026-05-24 18:17:02] [WAIT] Weekend  market closed
[2026-05-24 18:18:02] [WAIT] Weekend  market closed
[2026-05-24 18:19:02] [WAIT] Weekend  market closed
[2026-05-24 18:20:02] [WAIT] Weekend  market closed
[2026-05-24 18:21:02] [WAIT] Weekend  market closed
[2026-05-24 18:22:02] [WAIT] Weekend  market closed
[2026-05-24 18:23:02] [WAIT] Weekend  market closed
[2026-05-24 18:24:02] [WAIT] Weekend  market closed
[2026-05-24 18:25:02] [WAIT] Weekend  market closed
[2026-05-24 18:26:02] [WAIT] Weekend  market closed
[2026-05-24 18:27:02] [WAIT] Weekend  market closed
[2026-05-24 18:28:02] [WAIT] Weekend  market closed
[2026-05-24 18:29:02] [WAIT] Weekend  market closed
[2026-05-24 18:30:02] [WAIT] Weekend  market closed
[2026-05-24 18:31:02] [WAIT] Weekend  market closed
[2026-05-24 18:32:02] [WAIT] Weekend  market closed
[2026-05-24 18:33:02] [WAIT] Weekend  market closed
[2026-05-24 18:34:02] [WAIT] Weekend  market closed
[2026-05-24 18:35:02] [WAIT] Weekend  market closed
[2026-05-24 18:36:02] [WAIT] Weekend  market closed
[2026-05-24 18:37:02] [WAIT] Weekend  market closed
[2026-05-24 18:38:02] [WAIT] Weekend  market closed
[2026-05-24 18:39:02] [WAIT] Weekend  market closed
[2026-05-24 18:40:02] [WAIT] Weekend  market closed
[2026-05-24 18:41:02] [WAIT] Weekend  market closed
[2026-05-24 18:42:02] [WAIT] Weekend  market closed
[2026-05-24 18:43:02] [WAIT] Weekend  market closed
[2026-05-24 18:44:02] [WAIT] Weekend  market closed
[2026-05-24 18:45:02] [WAIT] Weekend  market closed
[2026-05-24 18:46:02] [WAIT] Weekend  market closed
[2026-05-24 18:47:02] [WAIT] Weekend  market closed
[2026-05-24 18:48:02] [WAIT] Weekend  market closed
[2026-05-24 18:49:02] [WAIT] Weekend  market closed
[2026-05-24 18:50:02] [WAIT] Weekend  market closed
[2026-05-24 18:51:02] [WAIT] Weekend  market closed
[2026-05-24 18:52:02] [WAIT] Weekend  market closed
[2026-05-24 18:53:02] [WAIT] Weekend  market closed
[2026-05-24 18:54:02] [WAIT] Weekend  market closed
[2026-05-24 18:55:02] [WAIT] Weekend  market closed
[2026-05-24 18:56:02] [WAIT] Weekend  market closed
[2026-05-24 18:57:02] [WAIT] Weekend  market closed
[2026-05-24 18:58:02] [WAIT] Weekend  market closed
[2026-05-24 18:59:02] [WAIT] Weekend  market closed
[2026-05-24 19:00:02] [WAIT] Weekend  market closed
[2026-05-24 19:01:02] [WAIT] Weekend  market closed
[2026-05-24 19:02:03] [WAIT] Weekend  market closed
[2026-05-24 19:03:03] [WAIT] Weekend  market closed
[2026-05-24 19:04:03] [WAIT] Weekend  market closed
[2026-05-24 19:05:03] [WAIT] Weekend  market closed
[2026-05-24 19:06:03] [WAIT] Weekend  market closed
[2026-05-24 19:07:03] [WAIT] Weekend  market closed
[2026-05-24 19:08:03] [WAIT] Weekend  market closed
[2026-05-24 19:09:03] [WAIT] Weekend  market closed
[2026-05-24 19:10:03] [WAIT] Weekend  market closed
[2026-05-24 19:11:03] [WAIT] Weekend  market closed
[2026-05-24 19:12:03] [WAIT] Weekend  market closed
[2026-05-24 19:13:03] [WAIT] Weekend  market closed
[2026-05-24 19:14:03] [WAIT] Weekend  market closed
[2026-05-24 19:15:03] [WAIT] Weekend  market closed
[2026-05-24 19:16:03] [WAIT] Weekend  market closed
[2026-05-24 19:17:03] [WAIT] Weekend  market closed
[2026-05-24 19:18:03] [WAIT] Weekend  market closed
[2026-05-24 19:19:03] [WAIT] Weekend  market closed
[2026-05-24 19:20:03] [WAIT] Weekend  market closed
[2026-05-24 19:21:03] [WAIT] Weekend  market closed
[2026-05-24 19:22:03] [WAIT] Weekend  market closed
[2026-05-24 19:23:03] [WAIT] Weekend  market closed
[2026-05-24 19:24:03] [WAIT] Weekend  market closed
[2026-05-24 19:25:03] [WAIT] Weekend  market closed
[2026-05-24 19:26:03] [WAIT] Weekend  market closed
[2026-05-24 19:27:03] [WAIT] Weekend  market closed
[2026-05-24 19:28:03] [WAIT] Weekend  market closed
[2026-05-24 19:29:03] [WAIT] Weekend  market closed
[2026-05-24 19:30:03] [WAIT] Weekend  market closed
[2026-05-24 19:31:03] [WAIT] Weekend  market closed
[2026-05-24 19:32:03] [WAIT] Weekend  market closed
[2026-05-24 19:33:03] [WAIT] Weekend  market closed
[2026-05-24 19:34:03] [WAIT] Weekend  market closed
[2026-05-24 19:35:03] [WAIT] Weekend  market closed
[2026-05-24 19:36:03] [WAIT] Weekend  market closed
[2026-05-24 19:37:03] [WAIT] Weekend  market closed
[2026-05-24 19:38:03] [WAIT] Weekend  market closed
[2026-05-24 19:39:03] [WAIT] Weekend  market closed
[2026-05-24 19:40:03] [WAIT] Weekend  market closed
[2026-05-24 19:41:03] [WAIT] Weekend  market closed
[2026-05-24 19:42:03] [WAIT] Weekend  market closed
[2026-05-24 19:43:03] [WAIT] Weekend  market closed
[2026-05-24 19:44:03] [WAIT] Weekend  market closed
[2026-05-24 19:45:03] [WAIT] Weekend  market closed
[2026-05-24 19:46:03] [WAIT] Weekend  market closed
[2026-05-24 19:47:03] [WAIT] Weekend  market closed
[2026-05-24 19:48:03] [WAIT] Weekend  market closed
[2026-05-24 19:49:03] [WAIT] Weekend  market closed
[2026-05-24 19:50:03] [WAIT] Weekend  market closed
[2026-05-24 19:51:03] [WAIT] Weekend  market closed
[2026-05-24 19:52:03] [WAIT] Weekend  market closed
[2026-05-24 19:53:03] [WAIT] Weekend  market closed
[2026-05-24 19:54:03] [WAIT] Weekend  market closed
[2026-05-24 19:55:03] [WAIT] Weekend  market closed
[2026-05-24 19:56:03] [WAIT] Weekend  market closed
[2026-05-24 19:57:03] [WAIT] Weekend  market closed
[2026-05-24 19:58:03] [WAIT] Weekend  market closed
[2026-05-24 19:59:03] [WAIT] Weekend  market closed
[2026-05-24 20:00:03] [WAIT] Weekend  market closed
[2026-05-24 20:01:03] [WAIT] Weekend  market closed
[2026-05-24 20:02:03] [WAIT] Weekend  market closed
[2026-05-24 20:03:03] [WAIT] Weekend  market closed
[2026-05-24 20:04:03] [WAIT] Weekend  market closed
[2026-05-24 20:05:03] [WAIT] Weekend  market closed
[2026-05-24 20:06:03] [WAIT] Weekend  market closed
[2026-05-24 20:07:03] [WAIT] Weekend  market closed
[2026-05-24 20:08:03] [WAIT] Weekend  market closed
[2026-05-24 20:09:03] [WAIT] Weekend  market closed
[2026-05-24 20:10:03] [WAIT] Weekend  market closed
[2026-05-24 20:11:03] [WAIT] Weekend  market closed
[2026-05-24 20:12:03] [WAIT] Weekend  market closed
[2026-05-24 20:13:03] [WAIT] Weekend  market closed
[2026-05-24 20:14:03] [WAIT] Weekend  market closed
[2026-05-24 20:15:03] [WAIT] Weekend  market closed
[2026-05-24 20:16:03] [WAIT] Weekend  market closed
[2026-05-24 20:17:03] [WAIT] Weekend  market closed
[2026-05-24 20:18:03] [WAIT] Weekend  market closed
[2026-05-24 20:19:03] [WAIT] Weekend  market closed
[2026-05-24 20:20:03] [WAIT] Weekend  market closed
[2026-05-24 20:21:03] [WAIT] Weekend  market closed
[2026-05-24 20:22:03] [WAIT] Weekend  market closed
[2026-05-24 20:23:03] [WAIT] Weekend  market closed
[2026-05-24 20:24:03] [WAIT] Weekend  market closed
[2026-05-24 20:25:03] [WAIT] Weekend  market closed
[2026-05-24 20:26:03] [WAIT] Weekend  market closed
[2026-05-24 20:27:03] [WAIT] Weekend  market closed
[2026-05-24 20:28:03] [WAIT] Weekend  market closed
[2026-05-24 20:29:03] [WAIT] Weekend  market closed
[2026-05-24 20:30:03] [WAIT] Weekend  market closed
[2026-05-24 20:31:03] [WAIT] Weekend  market closed
[2026-05-24 20:32:03] [WAIT] Weekend  market closed
[2026-05-24 20:33:03] [WAIT] Weekend  market closed
[2026-05-24 20:34:03] [WAIT] Weekend  market closed
[2026-05-24 20:35:03] [WAIT] Weekend  market closed
[2026-05-24 20:36:03] [WAIT] Weekend  market closed
[2026-05-24 20:37:03] [WAIT] Weekend  market closed
[2026-05-24 20:38:03] [WAIT] Weekend  market closed
[2026-05-24 20:39:03] [WAIT] Weekend  market closed
[2026-05-24 20:40:03] [WAIT] Weekend  market closed
[2026-05-24 20:41:03] [WAIT] Weekend  market closed
[2026-05-24 20:42:03] [WAIT] Weekend  market closed
[2026-05-24 20:43:03] [WAIT] Weekend  market closed
[2026-05-24 20:44:03] [WAIT] Weekend  market closed
[2026-05-24 20:45:03] [WAIT] Weekend  market closed
[2026-05-24 20:46:03] [WAIT] Weekend  market closed
[2026-05-24 20:47:03] [WAIT] Weekend  market closed
[2026-05-24 20:48:03] [WAIT] Weekend  market closed
[2026-05-24 20:49:03] [WAIT] Weekend  market closed
[2026-05-24 20:50:03] [WAIT] Weekend  market closed
[2026-05-24 20:51:03] [WAIT] Weekend  market closed
[2026-05-24 20:52:03] [WAIT] Weekend  market closed
[2026-05-24 20:53:03] [WAIT] Weekend  market closed
[2026-05-24 20:54:03] [WAIT] Weekend  market closed
[2026-05-24 20:55:03] [WAIT] Weekend  market closed
[2026-05-24 20:56:03] [WAIT] Weekend  market closed
[2026-05-24 20:57:03] [WAIT] Weekend  market closed
[2026-05-24 20:58:03] [WAIT] Weekend  market closed
[2026-05-24 20:59:03] [WAIT] Weekend  market closed
[2026-05-24 21:00:03] [WAIT] Weekend  market closed
[2026-05-24 21:01:03] [WAIT] Weekend  market closed
[2026-05-24 21:02:03] [WAIT] Weekend  market closed
[2026-05-24 21:03:03] [WAIT] Weekend  market closed
[2026-05-24 21:04:03] [WAIT] Weekend  market closed
[2026-05-24 21:05:03] [WAIT] Weekend  market closed
[2026-05-24 21:06:03] [WAIT] Weekend  market closed
[2026-05-24 21:07:03] [WAIT] Weekend  market closed
[2026-05-24 21:08:03] [WAIT] Weekend  market closed
[2026-05-24 21:09:03] [WAIT] Weekend  market closed
[2026-05-24 21:10:03] [WAIT] Weekend  market closed
[2026-05-24 21:11:03] [WAIT] Weekend  market closed
[2026-05-24 21:12:03] [WAIT] Weekend  market closed
[2026-05-24 21:13:03] [WAIT] Weekend  market closed
[2026-05-24 21:14:03] [WAIT] Weekend  market closed
[2026-05-24 21:15:03] [WAIT] Weekend  market closed
[2026-05-24 21:16:03] [WAIT] Weekend  market closed
[2026-05-24 21:17:03] [WAIT] Weekend  market closed
[2026-05-24 21:18:03] [WAIT] Weekend  market closed
[2026-05-24 21:19:03] [WAIT] Weekend  market closed
[2026-05-24 21:20:03] [WAIT] Weekend  market closed
[2026-05-24 21:21:03] [WAIT] Weekend  market closed
[2026-05-24 21:22:03] [WAIT] Weekend  market closed
[2026-05-24 21:23:03] [WAIT] Weekend  market closed
[2026-05-24 21:24:03] [WAIT] Weekend  market closed
[2026-05-24 21:25:03] [WAIT] Weekend  market closed
[2026-05-24 21:26:03] [WAIT] Weekend  market closed
[2026-05-24 21:27:03] [WAIT] Weekend  market closed
[2026-05-24 21:28:03] [WAIT] Weekend  market closed
[2026-05-24 21:29:03] [WAIT] Weekend  market closed
[2026-05-24 21:30:03] [WAIT] Weekend  market closed
[2026-05-24 21:31:03] [WAIT] Weekend  market closed
[2026-05-24 21:32:03] [WAIT] Weekend  market closed
[2026-05-24 21:33:03] [WAIT] Weekend  market closed
[2026-05-24 21:34:03] [WAIT] Weekend  market closed
[2026-05-24 21:35:03] [WAIT] Weekend  market closed
[2026-05-24 21:36:03] [WAIT] Weekend  market closed
[2026-05-24 21:37:03] [WAIT] Weekend  market closed
[2026-05-24 21:38:03] [WAIT] Weekend  market closed
[2026-05-24 21:39:03] [WAIT] Weekend  market closed
[2026-05-24 21:40:03] [WAIT] Weekend  market closed
[2026-05-24 21:41:03] [WAIT] Weekend  market closed
[2026-05-24 21:42:03] [WAIT] Weekend  market closed
[2026-05-24 21:43:03] [WAIT] Weekend  market closed
[2026-05-24 21:44:03] [WAIT] Weekend  market closed
[2026-05-24 21:45:03] [WAIT] Weekend  market closed
[2026-05-24 21:46:03] [WAIT] Weekend  market closed
[2026-05-24 21:47:03] [WAIT] Weekend  market closed
[2026-05-24 21:48:03] [WAIT] Weekend  market closed
[2026-05-24 21:49:03] [WAIT] Weekend  market closed
[2026-05-24 21:50:03] [WAIT] Weekend  market closed
[2026-05-24 21:51:03] [WAIT] Weekend  market closed
[2026-05-24 21:52:03] [WAIT] Weekend  market closed
[2026-05-24 21:53:03] [WAIT] Weekend  market closed
[2026-05-24 21:54:03] [WAIT] Weekend  market closed
[2026-05-24 21:55:03] [WAIT] Weekend  market closed
[2026-05-24 21:56:03] [WAIT] Weekend  market closed
[2026-05-24 21:57:03] [WAIT] Weekend  market closed
[2026-05-24 21:58:03] [WAIT] Weekend  market closed
[2026-05-24 21:59:03] [WAIT] Weekend  market closed
[2026-05-24 22:00:03] [WAIT] Weekend  market closed
[2026-05-24 22:01:03] [WAIT] Weekend  market closed
[2026-05-24 22:02:03] [WAIT] Weekend  market closed
[2026-05-24 22:03:03] [WAIT] Weekend  market closed
[2026-05-24 22:04:03] [WAIT] Weekend  market closed
[2026-05-24 22:05:03] [WAIT] Weekend  market closed
[2026-05-24 22:06:03] [WAIT] Weekend  market closed
[2026-05-24 22:07:03] [WAIT] Weekend  market closed
[2026-05-24 22:08:03] [WAIT] Weekend  market closed
[2026-05-24 22:09:03] [WAIT] Weekend  market closed
[2026-05-24 22:10:03] [WAIT] Weekend  market closed
[2026-05-24 22:11:03] [WAIT] Weekend  market closed
[2026-05-24 22:12:03] [WAIT] Weekend  market closed
[2026-05-24 22:13:03] [WAIT] Weekend  market closed
[2026-05-24 22:14:03] [WAIT] Weekend  market closed
[2026-05-24 22:15:03] [WAIT] Weekend  market closed
[2026-05-24 22:16:03] [WAIT] Weekend  market closed
[2026-05-24 22:17:03] [WAIT] Weekend  market closed
[2026-05-24 22:18:03] [WAIT] Weekend  market closed
[2026-05-24 22:19:03] [WAIT] Weekend  market closed
[2026-05-24 22:20:03] [WAIT] Weekend  market closed
[2026-05-24 22:21:03] [WAIT] Weekend  market closed
[2026-05-24 22:22:03] [WAIT] Weekend  market closed
[2026-05-24 22:23:03] [WAIT] Weekend  market closed
[2026-05-24 22:24:03] [WAIT] Weekend  market closed
[2026-05-24 22:25:03] [WAIT] Weekend  market closed
[2026-05-24 22:26:03] [WAIT] Weekend  market closed
[2026-05-24 22:27:03] [WAIT] Weekend  market closed
[2026-05-24 22:28:03] [WAIT] Weekend  market closed
[2026-05-24 22:29:03] [WAIT] Weekend  market closed
[2026-05-24 22:30:03] [WAIT] Weekend  market closed
[2026-05-24 22:31:03] [WAIT] Weekend  market closed
[2026-05-24 22:32:03] [WAIT] Weekend  market closed
[2026-05-24 22:33:03] [WAIT] Weekend  market closed
[2026-05-24 22:34:03] [WAIT] Weekend  market closed
[2026-05-24 22:35:03] [WAIT] Weekend  market closed
[2026-05-24 22:36:03] [WAIT] Weekend  market closed
[2026-05-24 22:37:03] [WAIT] Weekend  market closed
[2026-05-24 22:38:03] [WAIT] Weekend  market closed
[2026-05-24 22:39:03] [WAIT] Weekend  market closed
[2026-05-24 22:40:03] [WAIT] Weekend  market closed
[2026-05-24 22:41:03] [WAIT] Weekend  market closed
[2026-05-24 22:42:03] [WAIT] Weekend  market closed
[2026-05-24 22:43:03] [WAIT] Weekend  market closed
[2026-05-24 22:44:03] [WAIT] Weekend  market closed
[2026-05-24 22:45:03] [WAIT] Weekend  market closed
[2026-05-24 22:46:03] [WAIT] Weekend  market closed
[2026-05-24 22:47:03] [WAIT] Weekend  market closed
[2026-05-24 22:48:03] [WAIT] Weekend  market closed
[2026-05-24 22:49:03] [WAIT] Weekend  market closed
[2026-05-24 22:50:03] [WAIT] Weekend  market closed
[2026-05-24 22:51:03] [WAIT] Weekend  market closed
[2026-05-24 22:52:03] [WAIT] Weekend  market closed
[2026-05-24 22:53:03] [WAIT] Weekend  market closed
[2026-05-24 22:54:03] [WAIT] Weekend  market closed
[2026-05-24 22:55:03] [WAIT] Weekend  market closed
[2026-05-24 22:56:03] [WAIT] Weekend  market closed
[2026-05-24 22:57:03] [WAIT] Weekend  market closed
[2026-05-24 22:58:03] [WAIT] Weekend  market closed
[2026-05-24 22:59:03] [WAIT] Weekend  market closed
[2026-05-24 23:00:03] [WAIT] Weekend  market closed
[2026-05-24 23:01:03] [WAIT] Weekend  market closed
[2026-05-24 23:02:03] [WAIT] Weekend  market closed
[2026-05-24 23:03:03] [WAIT] Weekend  market closed
[2026-05-24 23:04:03] [WAIT] Weekend  market closed
[2026-05-24 23:05:03] [WAIT] Weekend  market closed
[2026-05-24 23:06:03] [WAIT] Weekend  market closed
[2026-05-24 23:07:03] [WAIT] Weekend  market closed
[2026-05-24 23:08:03] [WAIT] Weekend  market closed
[2026-05-24 23:09:03] [WAIT] Weekend  market closed
[2026-05-24 23:10:03] [WAIT] Weekend  market closed
[2026-05-24 23:11:03] [WAIT] Weekend  market closed
[2026-05-24 23:12:03] [WAIT] Weekend  market closed
[2026-05-24 23:13:03] [WAIT] Weekend  market closed
[2026-05-24 23:14:03] [WAIT] Weekend  market closed
[2026-05-24 23:15:03] [WAIT] Weekend  market closed
[2026-05-24 23:16:03] [WAIT] Weekend  market closed
[2026-05-24 23:17:03] [WAIT] Weekend  market closed
[2026-05-24 23:18:03] [WAIT] Weekend  market closed
[2026-05-24 23:19:03] [WAIT] Weekend  market closed
[2026-05-24 23:20:03] [WAIT] Weekend  market closed
[2026-05-24 23:21:03] [WAIT] Weekend  market closed
[2026-05-24 23:22:03] [WAIT] Weekend  market closed
[2026-05-24 23:23:03] [WAIT] Weekend  market closed
[2026-05-24 23:24:03] [WAIT] Weekend  market closed
[2026-05-24 23:25:03] [WAIT] Weekend  market closed
[2026-05-24 23:26:03] [WAIT] Weekend  market closed
[2026-05-24 23:27:03] [WAIT] Weekend  market closed
[2026-05-24 23:28:03] [WAIT] Weekend  market closed
[2026-05-24 23:29:03] [WAIT] Weekend  market closed
[2026-05-24 23:30:03] [WAIT] Weekend  market closed
[2026-05-24 23:31:03] [WAIT] Weekend  market closed
[2026-05-24 23:32:03] [WAIT] Weekend  market closed
[2026-05-24 23:33:03] [WAIT] Weekend  market closed
[2026-05-24 23:34:03] [WAIT] Weekend  market closed
[2026-05-24 23:35:03] [WAIT] Weekend  market closed
[2026-05-24 23:36:03] [WAIT] Weekend  market closed
[2026-05-24 23:37:03] [WAIT] Weekend  market closed
[2026-05-24 23:38:03] [WAIT] Weekend  market closed
[2026-05-24 23:39:03] [WAIT] Weekend  market closed
[2026-05-24 23:40:03] [WAIT] Weekend  market closed
[2026-05-24 23:41:03] [WAIT] Weekend  market closed
[2026-05-24 23:42:03] [WAIT] Weekend  market closed
[2026-05-24 23:43:03] [WAIT] Weekend  market closed
[2026-05-24 23:44:03] [WAIT] Weekend  market closed
[2026-05-24 23:45:03] [WAIT] Weekend  market closed
[2026-05-24 23:46:03] [WAIT] Weekend  market closed
[2026-05-24 23:47:03] [WAIT] Weekend  market closed
[2026-05-24 23:48:03] [WAIT] Weekend  market closed
[2026-05-24 23:49:03] [WAIT] Weekend  market closed
[2026-05-24 23:50:03] [WAIT] Weekend  market closed
[2026-05-24 23:51:03] [WAIT] Weekend  market closed
[2026-05-24 23:52:03] [WAIT] Weekend  market closed
[2026-05-24 23:53:03] [WAIT] Weekend  market closed
[2026-05-24 23:54:03] [WAIT] Weekend  market closed
[2026-05-24 23:55:03] [WAIT] Weekend  market closed
[2026-05-24 23:56:03] [WAIT] Weekend  market closed
[2026-05-24 23:57:03] [WAIT] Weekend  market closed
[2026-05-24 23:58:03] [WAIT] Weekend  market closed
[2026-05-24 23:59:03] [WAIT] Weekend  market closed
[2026-05-25 00:00:03] [WAIT] Weekend  market closed
[2026-05-25 00:01:03] [WAIT] Weekend  market closed
[2026-05-25 00:02:03] [WAIT] Weekend  market closed
[2026-05-25 00:03:03] [WAIT] Weekend  market closed
[2026-05-25 00:04:03] [WAIT] Weekend  market closed
[2026-05-25 00:05:03] [WAIT] Weekend  market closed
[2026-05-25 00:06:03] [WAIT] Weekend  market closed
[2026-05-25 00:07:03] [WAIT] Weekend  market closed
[2026-05-25 00:08:03] [WAIT] Weekend  market closed
[2026-05-25 00:09:03] [WAIT] Weekend  market closed
[2026-05-25 00:10:03] [WAIT] Weekend  market closed
[2026-05-25 00:11:03] [WAIT] Weekend  market closed
[2026-05-25 00:12:03] [WAIT] Weekend  market closed
[2026-05-25 00:13:03] [WAIT] Weekend  market closed
[2026-05-25 00:14:03] [WAIT] Weekend  market closed
[2026-05-25 00:15:03] [WAIT] Weekend  market closed
[2026-05-25 00:16:03] [WAIT] Weekend  market closed
[2026-05-25 00:17:03] [WAIT] Weekend  market closed
[2026-05-25 00:18:03] [WAIT] Weekend  market closed
[2026-05-25 00:19:03] [WAIT] Weekend  market closed
[2026-05-25 00:20:03] [WAIT] Weekend  market closed
[2026-05-25 00:21:03] [WAIT] Weekend  market closed
[2026-05-25 00:22:03] [WAIT] Weekend  market closed
[2026-05-25 00:23:03] [WAIT] Weekend  market closed
[2026-05-25 00:24:03] [WAIT] Weekend  market closed
[2026-05-25 00:25:03] [WAIT] Weekend  market closed
[2026-05-25 00:26:03] [WAIT] Weekend  market closed
[2026-05-25 00:27:03] [WAIT] Weekend  market closed
[2026-05-25 00:28:03] [WAIT] Weekend  market closed
[2026-05-25 00:29:03] [WAIT] Weekend  market closed
[2026-05-25 00:30:03] [WAIT] Weekend  market closed
[2026-05-25 00:31:03] [WAIT] Weekend  market closed
[2026-05-25 00:32:03] [WAIT] Weekend  market closed
[2026-05-25 00:33:03] [WAIT] Weekend  market closed
[2026-05-25 00:34:03] [WAIT] Weekend  market closed
[2026-05-25 00:35:03] [WAIT] Weekend  market closed
[2026-05-25 00:36:03] [WAIT] Weekend  market closed
[2026-05-25 00:37:03] [WAIT] Weekend  market closed
[2026-05-25 00:38:03] [WAIT] Weekend  market closed
[2026-05-25 00:39:03] [WAIT] Weekend  market closed
[2026-05-25 00:40:03] [WAIT] Weekend  market closed
[2026-05-25 00:41:03] [WAIT] Weekend  market closed
[2026-05-25 00:42:03] [WAIT] Weekend  market closed
[2026-05-25 00:43:03] [WAIT] Weekend  market closed
[2026-05-25 00:44:03] [WAIT] Weekend  market closed
[2026-05-25 00:45:03] [WAIT] Weekend  market closed
[2026-05-25 00:46:03] [WAIT] Weekend  market closed
[2026-05-25 00:47:03] [WAIT] Weekend  market closed
[2026-05-25 00:48:03] [WAIT] Weekend  market closed
[2026-05-25 00:49:03] [WAIT] Weekend  market closed
[2026-05-25 00:50:03] [WAIT] Weekend  market closed
[2026-05-25 00:51:03] [WAIT] Weekend  market closed
[2026-05-25 00:52:03] [WAIT] Weekend  market closed
[2026-05-25 00:53:03] [WAIT] Weekend  market closed
[2026-05-25 00:54:03] [WAIT] Weekend  market closed
[2026-05-25 00:55:03] [WAIT] Weekend  market closed
[2026-05-25 00:56:03] [WAIT] Weekend  market closed
[2026-05-25 00:57:03] [WAIT] Weekend  market closed
[2026-05-25 00:58:03] [WAIT] Weekend  market closed
[2026-05-25 00:59:03] [WAIT] Weekend  market closed
[2026-05-25 01:00:03] [WAIT] Weekend  market closed
[2026-05-25 01:01:03] [WAIT] Weekend  market closed
[2026-05-25 01:02:03] [WAIT] Weekend  market closed
[2026-05-25 01:03:03] [WAIT] Weekend  market closed
[2026-05-25 01:04:03] [WAIT] Weekend  market closed
[2026-05-25 01:05:03] [WAIT] Weekend  market closed
[2026-05-25 01:06:03] [WAIT] Weekend  market closed
[2026-05-25 01:07:03] [WAIT] Weekend  market closed
[2026-05-25 01:08:03] [WAIT] Weekend  market closed
[2026-05-25 01:09:03] [WAIT] Weekend  market closed
[2026-05-25 01:10:03] [WAIT] Weekend  market closed
[2026-05-25 01:11:03] [WAIT] Weekend  market closed
[2026-05-25 01:12:03] [WAIT] Weekend  market closed
[2026-05-25 01:13:03] [WAIT] Weekend  market closed
[2026-05-25 01:14:03] [WAIT] Weekend  market closed
[2026-05-25 01:15:03] [WAIT] Weekend  market closed
[2026-05-25 01:16:03] [WAIT] Weekend  market closed
[2026-05-25 01:17:03] [WAIT] Weekend  market closed
[2026-05-25 01:18:03] [WAIT] Weekend  market closed
[2026-05-25 01:19:03] [WAIT] Weekend  market closed
[2026-05-25 01:20:03] [WAIT] Weekend  market closed
[2026-05-25 01:21:03] [WAIT] Weekend  market closed
[2026-05-25 01:22:03] [WAIT] Weekend  market closed
[2026-05-25 01:23:03] [WAIT] Weekend  market closed
[2026-05-25 01:24:03] [WAIT] Weekend  market closed
[2026-05-25 01:25:03] [WAIT] Weekend  market closed
[2026-05-25 01:26:03] [WAIT] Weekend  market closed
[2026-05-25 01:27:03] [WAIT] Weekend  market closed
[2026-05-25 01:28:03] [WAIT] Weekend  market closed
[2026-05-25 01:29:03] [WAIT] Weekend  market closed
[2026-05-25 01:30:03] [WAIT] Weekend  market closed
[2026-05-25 01:31:03] [WAIT] Weekend  market closed
[2026-05-25 01:32:03] [WAIT] Weekend  market closed
[2026-05-25 01:33:03] [WAIT] Weekend  market closed
[2026-05-25 01:34:03] [WAIT] Weekend  market closed
[2026-05-25 01:35:03] [WAIT] Weekend  market closed
[2026-05-25 01:36:03] [WAIT] Weekend  market closed
[2026-05-25 01:37:03] [WAIT] Weekend  market closed
[2026-05-25 01:38:03] [WAIT] Weekend  market closed
[2026-05-25 01:39:03] [WAIT] Weekend  market closed
[2026-05-25 01:40:03] [WAIT] Weekend  market closed
[2026-05-25 01:41:03] [WAIT] Weekend  market closed
[2026-05-25 01:42:03] [WAIT] Weekend  market closed
[2026-05-25 01:43:03] [WAIT] Weekend  market closed
[2026-05-25 01:44:03] [WAIT] Weekend  market closed
[2026-05-25 01:45:03] [WAIT] Weekend  market closed
[2026-05-25 01:46:03] [WAIT] Weekend  market closed
[2026-05-25 01:47:03] [WAIT] Weekend  market closed
[2026-05-25 01:48:03] [WAIT] Weekend  market closed
[2026-05-25 01:49:03] [WAIT] Weekend  market closed
[2026-05-25 01:50:03] [WAIT] Weekend  market closed
[2026-05-25 01:51:03] [WAIT] Weekend  market closed
[2026-05-25 01:52:03] [WAIT] Weekend  market closed
[2026-05-25 01:53:03] [WAIT] Weekend  market closed
[2026-05-25 01:54:03] [WAIT] Weekend  market closed
[2026-05-25 01:55:03] [WAIT] Weekend  market closed
[2026-05-25 01:56:03] [WAIT] Weekend  market closed
[2026-05-25 01:57:03] [WAIT] Weekend  market closed
[2026-05-25 01:58:03] [WAIT] Weekend  market closed
[2026-05-25 01:59:03] [WAIT] Weekend  market closed
[2026-05-25 02:00:03] [WAIT] Weekend  market closed
[2026-05-25 02:01:03] [WAIT] Weekend  market closed
[2026-05-25 02:02:03] [WAIT] Weekend  market closed
[2026-05-25 02:03:03] [WAIT] Weekend  market closed
[2026-05-25 02:04:03] [WAIT] Weekend  market closed
[2026-05-25 02:05:03] [WAIT] Weekend  market closed
[2026-05-25 02:06:03] [WAIT] Weekend  market closed
[2026-05-25 02:07:03] [WAIT] Weekend  market closed
[2026-05-25 02:08:03] [WAIT] Weekend  market closed
[2026-05-25 02:09:03] [WAIT] Weekend  market closed
[2026-05-25 02:10:03] [WAIT] Weekend  market closed
[2026-05-25 02:11:03] [WAIT] Weekend  market closed
[2026-05-25 02:12:03] [WAIT] Weekend  market closed
[2026-05-25 02:13:03] [WAIT] Weekend  market closed
[2026-05-25 02:14:03] [WAIT] Weekend  market closed
[2026-05-25 02:15:03] [WAIT] Weekend  market closed
[2026-05-25 02:16:03] [WAIT] Weekend  market closed
[2026-05-25 02:17:03] [WAIT] Weekend  market closed
[2026-05-25 02:18:03] [WAIT] Weekend  market closed
[2026-05-25 02:19:03] [WAIT] Weekend  market closed
[2026-05-25 02:20:03] [WAIT] Weekend  market closed
[2026-05-25 02:21:03] [WAIT] Weekend  market closed
[2026-05-25 02:22:03] [WAIT] Weekend  market closed
[2026-05-25 02:23:03] [WAIT] Weekend  market closed
[2026-05-25 02:24:03] [WAIT] Weekend  market closed
[2026-05-25 02:25:03] [WAIT] Weekend  market closed
[2026-05-25 02:26:03] [WAIT] Weekend  market closed
[2026-05-25 02:27:03] [WAIT] Weekend  market closed
[2026-05-25 02:28:03] [WAIT] Weekend  market closed
[2026-05-25 02:29:03] [WAIT] Weekend  market closed
[2026-05-25 02:30:03] [WAIT] Weekend  market closed
[2026-05-25 02:31:03] [WAIT] Weekend  market closed
[2026-05-25 02:32:03] [WAIT] Weekend  market closed
[2026-05-25 02:33:03] [WAIT] Weekend  market closed
[2026-05-25 02:34:03] [WAIT] Weekend  market closed
[2026-05-25 02:35:03] [WAIT] Weekend  market closed
[2026-05-25 02:36:03] [WAIT] Weekend  market closed
[2026-05-25 02:37:03] [WAIT] Weekend  market closed
[2026-05-25 02:38:03] [WAIT] Weekend  market closed
[2026-05-25 02:39:03] [WAIT] Weekend  market closed
[2026-05-25 02:40:03] [WAIT] Weekend  market closed
[2026-05-25 02:41:03] [WAIT] Weekend  market closed
[2026-05-25 02:42:03] [WAIT] Weekend  market closed
[2026-05-25 02:43:03] [WAIT] Weekend  market closed
[2026-05-25 02:44:04] [WAIT] Weekend  market closed
[2026-05-25 02:45:04] [WAIT] Weekend  market closed
[2026-05-25 02:46:04] [WAIT] Weekend  market closed
[2026-05-25 02:47:04] [WAIT] Weekend  market closed
[2026-05-25 02:48:04] [WAIT] Weekend  market closed
[2026-05-25 02:49:04] [WAIT] Weekend  market closed
[2026-05-25 02:50:04] [WAIT] Weekend  market closed
[2026-05-25 02:51:04] [WAIT] Weekend  market closed
[2026-05-25 02:52:04] [WAIT] Weekend  market closed
[2026-05-25 02:53:04] [WAIT] Weekend  market closed
[2026-05-25 02:54:04] [WAIT] Weekend  market closed
[2026-05-25 02:55:04] [WAIT] Weekend  market closed
[2026-05-25 02:56:04] [WAIT] Weekend  market closed
[2026-05-25 02:57:04] [WAIT] Weekend  market closed
[2026-05-25 02:58:04] [WAIT] Weekend  market closed
[2026-05-25 02:59:04] [WAIT] Weekend  market closed
[2026-05-25 03:00:04] [WAIT] Weekend  market closed
[2026-05-25 03:01:04] [WAIT] Weekend  market closed
[2026-05-25 03:02:04] [WAIT] Weekend  market closed
[2026-05-25 03:03:04] [WAIT] Weekend  market closed
[2026-05-25 03:04:04] [WAIT] Weekend  market closed
[2026-05-25 03:05:04] [WAIT] Weekend  market closed
[2026-05-25 03:06:04] [WAIT] Weekend  market closed
[2026-05-25 03:07:04] [WAIT] Weekend  market closed
[2026-05-25 03:08:04] [WAIT] Weekend  market closed
[2026-05-25 03:09:04] [WAIT] Weekend  market closed
[2026-05-25 03:10:04] [WAIT] Weekend  market closed
[2026-05-25 03:11:04] [WAIT] Weekend  market closed
[2026-05-25 03:12:04] [WAIT] Weekend  market closed
[2026-05-25 03:13:04] [WAIT] Weekend  market closed
[2026-05-25 03:14:04] [WAIT] Weekend  market closed
[2026-05-25 03:15:04] [WAIT] Weekend  market closed
[2026-05-25 03:16:04] [WAIT] Weekend  market closed
[2026-05-25 03:17:04] [WAIT] Weekend  market closed
[2026-05-25 03:18:04] [WAIT] Weekend  market closed
[2026-05-25 03:19:04] [WAIT] Weekend  market closed
[2026-05-25 03:20:04] [WAIT] Weekend  market closed
[2026-05-25 03:21:04] [WAIT] Weekend  market closed
[2026-05-25 03:22:04] [WAIT] Weekend  market closed
[2026-05-25 03:23:04] [WAIT] Weekend  market closed
[2026-05-25 03:24:04] [WAIT] Weekend  market closed
[2026-05-25 03:25:04] [WAIT] Weekend  market closed
[2026-05-25 03:26:04] [WAIT] Weekend  market closed
[2026-05-25 03:27:04] [WAIT] Weekend  market closed
[2026-05-25 03:28:04] [WAIT] Weekend  market closed
[2026-05-25 03:29:04] [WAIT] Weekend  market closed
[2026-05-25 03:30:04] [WAIT] Weekend  market closed
[2026-05-25 03:31:04] [WAIT] Weekend  market closed
[2026-05-25 03:32:04] [WAIT] Weekend  market closed
[2026-05-25 03:33:04] [WAIT] Weekend  market closed
[2026-05-25 03:34:04] [WAIT] Weekend  market closed
[2026-05-25 03:35:04] [WAIT] Weekend  market closed
[2026-05-25 03:36:04] [WAIT] Weekend  market closed
[2026-05-25 03:37:04] [WAIT] Weekend  market closed
[2026-05-25 03:38:04] [WAIT] Weekend  market closed
[2026-05-25 03:39:04] [WAIT] Weekend  market closed
[2026-05-25 03:40:04] [WAIT] Weekend  market closed
[2026-05-25 03:41:04] [WAIT] Weekend  market closed
[2026-05-25 03:42:04] [WAIT] Weekend  market closed
[2026-05-25 03:43:04] [WAIT] Weekend  market closed
[2026-05-25 03:44:04] [WAIT] Weekend  market closed
[2026-05-25 03:45:04] [WAIT] Weekend  market closed
[2026-05-25 03:46:04] [WAIT] Weekend  market closed
[2026-05-25 03:47:04] [WAIT] Weekend  market closed
[2026-05-25 03:48:04] [WAIT] Weekend  market closed
[2026-05-25 03:49:04] [WAIT] Weekend  market closed
[2026-05-25 03:50:04] [WAIT] Weekend  market closed
[2026-05-25 03:51:04] [WAIT] Weekend  market closed
[2026-05-25 03:52:04] [WAIT] Weekend  market closed
[2026-05-25 03:53:04] [WAIT] Weekend  market closed
[2026-05-25 03:54:04] [WAIT] Weekend  market closed
[2026-05-25 03:55:04] [WAIT] Weekend  market closed
[2026-05-25 03:56:04] [WAIT] Weekend  market closed
[2026-05-25 03:57:04] [WAIT] Weekend  market closed
[2026-05-25 03:58:04] [WAIT] Weekend  market closed
[2026-05-25 03:59:04] [WAIT] Weekend  market closed
[2026-05-25 04:00:04] [SKIP] Same candle 2026-05-22 20:50:00  skip
[2026-05-25 04:01:04] [STATS] Hourly (1 attempts): {'no_mr_signal': '1(100%)'}
[2026-05-25 04:01:04] [SKIP] Same candle 2026-05-22 20:50:00  skip
[2026-05-25 04:02:04] [SKIP] Same candle 2026-05-22 20:50:00  skip
[2026-05-25 04:03:04] [SKIP] Same candle 2026-05-22 20:50:00  skip
[2026-05-25 04:04:04] [SKIP] Same candle 2026-05-22 20:50:00  skip
[2026-05-25 04:05:04] [SKIP] Same candle 2026-05-22 20:50:00  skip
[2026-05-25 04:06:04] [SKIP] Same candle 2026-05-22 20:50:00  skip
[2026-05-25 04:07:04] [SKIP] Same candle 2026-05-22 20:50:00  skip
[2026-05-25 04:08:04] [SKIP] Same candle 2026-05-22 20:50:00  skip
[2026-05-25 04:09:04] [SKIP] Same candle 2026-05-22 20:50:00  skip
[2026-05-25 04:10:04] [SKIP] Same candle 2026-05-22 20:50:00  skip
[2026-05-25 04:11:04] [SKIP] Same candle 2026-05-22 20:50:00  skip
[2026-05-25 04:12:04] [SKIP] Same candle 2026-05-22 20:50:00  skip
[2026-05-25 04:13:04] [SKIP] Same candle 2026-05-22 20:50:00  skip
[2026-05-25 04:14:04] [SKIP] Same candle 2026-05-22 20:50:00  skip
[2026-05-25 04:15:04] [SKIP] Same candle 2026-05-22 20:50:00  skip
[2026-05-25 04:16:04] [SKIP] Same candle 2026-05-22 20:50:00  skip
[2026-05-25 04:17:04] [SKIP] Same candle 2026-05-22 20:50:00  skip
[2026-05-25 04:18:04] [SKIP] Same candle 2026-05-22 20:50:00  skip
[2026-05-25 04:19:04] [SKIP] Same candle 2026-05-22 20:50:00  skip
[2026-05-25 04:20:04] [SKIP] Same candle 2026-05-22 20:50:00  skip
[2026-05-25 04:21:04] [SKIP] Same candle 2026-05-22 20:50:00  skip
[2026-05-25 04:22:04] [SKIP] Same candle 2026-05-22 20:50:00  skip
[2026-05-25 04:23:04] [SKIP] Same candle 2026-05-22 20:50:00  skip
[2026-05-25 04:24:04] [SKIP] Same candle 2026-05-22 20:50:00  skip
[2026-05-25 04:25:04] [SKIP] Same candle 2026-05-22 20:50:00  skip
[2026-05-25 04:26:04] [SKIP] Same candle 2026-05-22 20:50:00  skip
[2026-05-25 04:27:04] [SKIP] Same candle 2026-05-22 20:50:00  skip
[2026-05-25 04:28:04] [SKIP] Same candle 2026-05-22 20:50:00  skip
[2026-05-25 04:29:04] [SKIP] Same candle 2026-05-22 20:50:00  skip
[2026-05-25 04:30:04] [SKIP] Same candle 2026-05-22 20:50:00  skip
[2026-05-25 04:31:04] [SKIP] Same candle 2026-05-22 20:50:00  skip
[2026-05-25 04:32:04] [SKIP] Same candle 2026-05-22 20:50:00  skip
[2026-05-25 04:33:04] [SKIP] Same candle 2026-05-22 20:50:00  skip
[2026-05-25 04:34:04] [SKIP] Same candle 2026-05-22 20:50:00  skip
[2026-05-25 04:35:04] [SKIP] Same candle 2026-05-22 20:50:00  skip
[2026-05-25 04:36:04] [SKIP] Same candle 2026-05-22 20:50:00  skip
[2026-05-25 04:37:04] [SKIP] Same candle 2026-05-22 20:50:00  skip
[2026-05-25 04:38:04] [SKIP] Same candle 2026-05-22 20:50:00  skip
[2026-05-25 04:39:04] [SKIP] Same candle 2026-05-22 20:50:00  skip
[2026-05-25 04:40:04] [SKIP] Same candle 2026-05-22 20:50:00  skip
[2026-05-25 04:41:05] [SKIP] Same candle 2026-05-22 20:50:00  skip
[2026-05-25 04:42:05] [SKIP] Same candle 2026-05-22 20:50:00  skip
[2026-05-25 04:43:05] [SKIP] Same candle 2026-05-22 20:50:00  skip
[2026-05-25 04:44:05] [SKIP] Same candle 2026-05-22 20:50:00  skip
[2026-05-25 04:45:05] [SKIP] Same candle 2026-05-22 20:50:00  skip
[2026-05-25 04:46:05] [SKIP] Same candle 2026-05-22 20:50:00  skip
[2026-05-25 04:47:05] [SKIP] Same candle 2026-05-22 20:50:00  skip
[2026-05-25 04:48:05] [SKIP] Same candle 2026-05-22 20:50:00  skip
[2026-05-25 04:49:05] [SKIP] Same candle 2026-05-22 20:50:00  skip
[2026-05-25 04:50:05] [SKIP] Same candle 2026-05-22 20:50:00  skip
[2026-05-25 04:51:05] [SKIP] Same candle 2026-05-22 20:50:00  skip
[2026-05-25 04:52:05] [SKIP] Same candle 2026-05-22 20:50:00  skip
[2026-05-25 04:53:05] [SKIP] Same candle 2026-05-22 20:50:00  skip
[2026-05-25 04:54:05] [SKIP] Same candle 2026-05-22 20:50:00  skip
[2026-05-25 04:55:05] [SKIP] Same candle 2026-05-22 20:50:00  skip
[2026-05-25 04:56:05] [SKIP] Same candle 2026-05-22 20:50:00  skip
[2026-05-25 04:57:05] [SKIP] Same candle 2026-05-22 20:50:00  skip
[2026-05-25 04:58:05] [SKIP] Same candle 2026-05-22 20:50:00  skip
[2026-05-25 04:59:05] [SKIP] Same candle 2026-05-22 20:50:00  skip
[2026-05-25 05:00:05] [STATS] Hourly (60 attempts): {'no_mr_signal': '60(100%)'}
[2026-05-25 05:00:05] [SKIP] Same candle 2026-05-22 20:50:00  skip
[2026-05-25 05:01:05] [SKIP] Same candle 2026-05-22 20:50:00  skip
[2026-05-25 05:02:05] [SKIP] NO_TRADE: no_mr_signal
[2026-05-25 05:03:05] [SKIP] Same candle 2026-05-22 20:55:00  skip
[2026-05-25 05:04:05] [SKIP] Same candle 2026-05-22 20:55:00  skip
[2026-05-25 05:05:05] [SKIP] NO_TRADE: no_mr_signal
[2026-05-25 05:06:05] [SKIP] Same candle 2026-05-24 22:00:00  skip
[2026-05-25 05:07:05] [SKIP] Same candle 2026-05-24 22:00:00  skip
[2026-05-25 05:08:05] [SKIP] Same candle 2026-05-24 22:00:00  skip
[2026-05-25 05:09:05] [SKIP] Same candle 2026-05-24 22:00:00  skip
[2026-05-25 05:10:05] [SKIP] NO_TRADE: no_mr_signal
[2026-05-25 05:11:05] [SKIP] Same candle 2026-05-24 22:05:00  skip
[2026-05-25 05:12:05] [SKIP] Same candle 2026-05-24 22:05:00  skip
[2026-05-25 05:13:05] [SKIP] Same candle 2026-05-24 22:05:00  skip
[2026-05-25 05:14:05] [SKIP] Same candle 2026-05-24 22:05:00  skip
[2026-05-25 05:15:05] [SKIP] NO_TRADE: no_mr_signal
[2026-05-25 05:16:05] [SKIP] Same candle 2026-05-24 22:10:00  skip
[2026-05-25 05:17:05] [SKIP] Same candle 2026-05-24 22:10:00  skip
[2026-05-25 05:18:05] [SKIP] Same candle 2026-05-24 22:10:00  skip
[2026-05-25 05:19:05] [SKIP] Same candle 2026-05-24 22:10:00  skip
[2026-05-25 05:20:05] [SKIP] NO_TRADE: no_mr_signal
[2026-05-25 05:21:05] [SKIP] Same candle 2026-05-24 22:15:00  skip
[2026-05-25 05:22:05] [SKIP] Same candle 2026-05-24 22:15:00  skip
[2026-05-25 05:23:05] [SKIP] Same candle 2026-05-24 22:15:00  skip
[2026-05-25 05:24:05] [SKIP] Same candle 2026-05-24 22:15:00  skip
[2026-05-25 05:25:05] [SKIP] NO_TRADE: no_mr_signal
[2026-05-25 05:26:05] [SKIP] Same candle 2026-05-24 22:20:00  skip
[2026-05-25 05:27:05] [SKIP] Same candle 2026-05-24 22:20:00  skip
[2026-05-25 05:28:05] [SKIP] Same candle 2026-05-24 22:20:00  skip
[2026-05-25 05:29:05] [SKIP] Same candle 2026-05-24 22:20:00  skip
[2026-05-25 05:30:05] [SKIP] NO_TRADE: no_mr_signal
[2026-05-25 05:31:05] [SKIP] Same candle 2026-05-24 22:25:00  skip
[2026-05-25 05:32:05] [SKIP] Same candle 2026-05-24 22:25:00  skip
[2026-05-25 05:33:05] [SKIP] Same candle 2026-05-24 22:25:00  skip
[2026-05-25 05:34:06] [SKIP] Same candle 2026-05-24 22:25:00  skip
[2026-05-25 05:35:06] [SKIP] NO_TRADE: no_mr_signal
[2026-05-25 05:36:06] [SKIP] Same candle 2026-05-24 22:30:00  skip
[2026-05-25 05:37:06] [SKIP] Same candle 2026-05-24 22:30:00  skip
[2026-05-25 05:38:06] [SKIP] Same candle 2026-05-24 22:30:00  skip
[2026-05-25 05:39:06] [SKIP] Same candle 2026-05-24 22:30:00  skip
[2026-05-25 05:40:06] [SKIP] NO_TRADE: no_mr_signal
[2026-05-25 05:41:06] [SKIP] Same candle 2026-05-24 22:35:00  skip
[2026-05-25 05:42:06] [SKIP] Same candle 2026-05-24 22:35:00  skip
[2026-05-25 05:43:06] [SKIP] Same candle 2026-05-24 22:35:00  skip
[2026-05-25 05:44:06] [SKIP] Same candle 2026-05-24 22:35:00  skip
[2026-05-25 05:45:06] [SKIP] NO_TRADE: no_mr_signal
[2026-05-25 05:46:06] [SKIP] Same candle 2026-05-24 22:40:00  skip
[2026-05-25 05:47:06] [SKIP] Same candle 2026-05-24 22:40:00  skip
[2026-05-25 05:48:06] [SKIP] Same candle 2026-05-24 22:40:00  skip
[2026-05-25 05:49:06] [SKIP] Same candle 2026-05-24 22:40:00  skip
[2026-05-25 05:50:06] [SKIP] NO_TRADE: no_mr_signal
[2026-05-25 05:51:06] [SKIP] Same candle 2026-05-24 22:45:00  skip
[2026-05-25 05:52:06] [SKIP] Same candle 2026-05-24 22:45:00  skip
[2026-05-25 05:53:06] [SKIP] Same candle 2026-05-24 22:45:00  skip
[2026-05-25 05:54:06] [SKIP] Same candle 2026-05-24 22:45:00  skip
[2026-05-25 05:55:06] [SKIP] NO_TRADE: no_mr_signal
[2026-05-25 05:56:06] [SKIP] Same candle 2026-05-24 22:50:00  skip
[2026-05-25 05:57:06] [SKIP] Same candle 2026-05-24 22:50:00  skip
[2026-05-25 05:58:06] [SKIP] Same candle 2026-05-24 22:50:00  skip
[2026-05-25 05:59:06] [SKIP] Same candle 2026-05-24 22:50:00  skip
[2026-05-25 06:00:06] [STATS] Hourly (120 attempts): {'no_mr_signal': '120(100%)'}
[2026-05-25 06:00:06] [SKIP] NO_TRADE: no_mr_signal
[2026-05-25 06:01:06] [SKIP] Same candle 2026-05-24 22:55:00  skip
[2026-05-25 06:02:06] [SKIP] Same candle 2026-05-24 22:55:00  skip
[2026-05-25 06:03:06] [SKIP] Same candle 2026-05-24 22:55:00  skip
[2026-05-25 06:04:06] [SKIP] Same candle 2026-05-24 22:55:00  skip
[2026-05-25 06:05:06] [SKIP] NO_TRADE: no_mr_signal
[2026-05-25 06:06:06] [SKIP] Same candle 2026-05-24 23:00:00  skip
[2026-05-25 06:07:06] [SKIP] Same candle 2026-05-24 23:00:00  skip
[2026-05-25 06:08:06] [SKIP] Same candle 2026-05-24 23:00:00  skip
[2026-05-25 06:09:06] [SKIP] Same candle 2026-05-24 23:00:00  skip
[2026-05-25 06:10:06] [SKIP] NO_TRADE: no_mr_signal
[2026-05-25 06:11:06] [SKIP] Same candle 2026-05-24 23:05:00  skip
[2026-05-25 06:12:06] [SKIP] Same candle 2026-05-24 23:05:00  skip
[2026-05-25 06:13:06] [SKIP] Same candle 2026-05-24 23:05:00  skip
[2026-05-25 06:14:06] [SKIP] Same candle 2026-05-24 23:05:00  skip
[2026-05-25 06:15:06] [SKIP] NO_TRADE: no_mr_signal
[2026-05-25 06:16:06] [SKIP] Same candle 2026-05-24 23:10:00  skip
[2026-05-25 06:17:06] [SKIP] Same candle 2026-05-24 23:10:00  skip
[2026-05-25 06:18:06] [SKIP] Same candle 2026-05-24 23:10:00  skip
[2026-05-25 06:19:06] [SKIP] Same candle 2026-05-24 23:10:00  skip
[2026-05-25 06:20:06] [SKIP] NO_TRADE: no_mr_signal
[2026-05-25 06:21:06] [SKIP] Same candle 2026-05-24 23:15:00  skip
[2026-05-25 06:22:06] [SKIP] Same candle 2026-05-24 23:15:00  skip
[2026-05-25 06:23:06] [SKIP] Same candle 2026-05-24 23:15:00  skip
[2026-05-25 06:24:06] [SKIP] Same candle 2026-05-24 23:15:00  skip
[2026-05-25 06:25:06] [SKIP] NO_TRADE: no_mr_signal
[2026-05-25 06:26:06] [SKIP] Same candle 2026-05-24 23:20:00  skip
[2026-05-25 06:27:07] [SKIP] Same candle 2026-05-24 23:20:00  skip
[2026-05-25 06:28:07] [SKIP] Same candle 2026-05-24 23:20:00  skip
[2026-05-25 06:29:07] [SKIP] Same candle 2026-05-24 23:20:00  skip
[2026-05-25 06:30:07] [SKIP] NO_TRADE: no_mr_signal
[2026-05-25 06:31:07] [SKIP] Same candle 2026-05-24 23:25:00  skip
[2026-05-25 06:32:07] [SKIP] Same candle 2026-05-24 23:25:00  skip
[2026-05-25 06:33:07] [SKIP] Same candle 2026-05-24 23:25:00  skip
[2026-05-25 06:34:07] [SKIP] Same candle 2026-05-24 23:25:00  skip
[2026-05-25 06:35:07] [SKIP] NO_TRADE: no_mr_signal
[2026-05-25 06:36:07] [SKIP] Same candle 2026-05-24 23:30:00  skip
[2026-05-25 06:37:07] [SKIP] Same candle 2026-05-24 23:30:00  skip
[2026-05-25 06:38:07] [SKIP] Same candle 2026-05-24 23:30:00  skip
[2026-05-25 06:39:07] [SKIP] Same candle 2026-05-24 23:30:00  skip
[2026-05-25 06:40:07] [SKIP] NO_TRADE: no_mr_signal
[2026-05-25 06:41:07] [SKIP] Same candle 2026-05-24 23:35:00  skip
[2026-05-25 06:42:07] [SKIP] Same candle 2026-05-24 23:35:00  skip
[2026-05-25 06:43:07] [SKIP] Same candle 2026-05-24 23:35:00  skip
[2026-05-25 06:44:07] [SKIP] Same candle 2026-05-24 23:35:00  skip
[2026-05-25 06:45:07] [SKIP] NO_TRADE: no_mr_signal
[2026-05-25 06:46:07] [SKIP] Same candle 2026-05-24 23:40:00  skip
[2026-05-25 06:47:07] [SKIP] Same candle 2026-05-24 23:40:00  skip
[2026-05-25 06:48:07] [SKIP] Same candle 2026-05-24 23:40:00  skip
[2026-05-25 06:49:07] [SKIP] Same candle 2026-05-24 23:40:00  skip
[2026-05-25 06:50:07] [SKIP] NO_TRADE: no_mr_signal
[2026-05-25 06:51:07] [SKIP] Same candle 2026-05-24 23:45:00  skip
[2026-05-25 06:52:07] [SKIP] Same candle 2026-05-24 23:45:00  skip
[2026-05-25 06:53:07] [SKIP] Same candle 2026-05-24 23:45:00  skip
[2026-05-25 06:54:07] [SKIP] Same candle 2026-05-24 23:45:00  skip
[2026-05-25 06:55:07] [SKIP] NO_TRADE: no_mr_signal
[2026-05-25 06:56:07] [SKIP] Same candle 2026-05-24 23:50:00  skip
[2026-05-25 06:57:07] [SKIP] Same candle 2026-05-24 23:50:00  skip
[2026-05-25 06:58:07] [SKIP] Same candle 2026-05-24 23:50:00  skip
[2026-05-25 06:59:07] [SKIP] Same candle 2026-05-24 23:50:00  skip
[2026-05-25 07:00:07] [STATS] Hourly (180 attempts): {'no_mr_signal': '180(100%)'}
[2026-05-25 07:00:07] [SKIP] NO_TRADE: no_mr_signal
[2026-05-25 07:01:07] [SKIP] Same candle 2026-05-24 23:55:00  skip
[2026-05-25 07:02:07] [SKIP] Same candle 2026-05-24 23:55:00  skip
[2026-05-25 07:03:07] [SKIP] Same candle 2026-05-24 23:55:00  skip
[2026-05-25 07:04:07] [SKIP] Same candle 2026-05-24 23:55:00  skip
[2026-05-25 07:05:07] [SKIP] NO_TRADE: no_mr_signal
[2026-05-25 07:06:07] [SKIP] Same candle 2026-05-25 00:00:00  skip
[2026-05-25 07:07:07] [SKIP] Same candle 2026-05-25 00:00:00  skip
[2026-05-25 07:08:07] [SKIP] Same candle 2026-05-25 00:00:00  skip
[2026-05-25 07:09:07] [SKIP] Same candle 2026-05-25 00:00:00  skip
[2026-05-25 07:10:07] [SKIP] NO_TRADE: no_mr_signal
[2026-05-25 07:11:07] [SKIP] Same candle 2026-05-25 00:05:00  skip
[2026-05-25 07:12:07] [SKIP] Same candle 2026-05-25 00:05:00  skip
[2026-05-25 07:13:07] [SKIP] Same candle 2026-05-25 00:05:00  skip
[2026-05-25 07:14:07] [SKIP] Same candle 2026-05-25 00:05:00  skip
[2026-05-25 07:15:07] [SKIP] NO_TRADE: no_mr_signal
[2026-05-25 07:16:07] [SKIP] Same candle 2026-05-25 00:10:00  skip
[2026-05-25 07:17:07] [SKIP] Same candle 2026-05-25 00:10:00  skip
[2026-05-25 07:18:08] [SKIP] Same candle 2026-05-25 00:10:00  skip
[2026-05-25 07:19:08] [SKIP] Same candle 2026-05-25 00:10:00  skip
[2026-05-25 07:20:08] [SKIP] NO_TRADE: no_mr_signal
[2026-05-25 07:21:08] [SKIP] Same candle 2026-05-25 00:15:00  skip
[2026-05-25 07:22:08] [SKIP] Same candle 2026-05-25 00:15:00  skip
[2026-05-25 07:23:08] [SKIP] Same candle 2026-05-25 00:15:00  skip
[2026-05-25 07:24:08] [SKIP] Same candle 2026-05-25 00:15:00  skip
[2026-05-25 07:25:08] [SKIP] NO_TRADE: no_mr_signal
[2026-05-25 07:26:08] [SKIP] Same candle 2026-05-25 00:20:00  skip
[2026-05-25 07:27:08] [SKIP] Same candle 2026-05-25 00:20:00  skip
[2026-05-25 07:28:08] [SKIP] Same candle 2026-05-25 00:20:00  skip
[2026-05-25 07:29:08] [SKIP] Same candle 2026-05-25 00:20:00  skip
[2026-05-25 07:30:08] [SKIP] NO_TRADE: no_mr_signal
[2026-05-25 07:31:08] [SKIP] Same candle 2026-05-25 00:25:00  skip
[2026-05-25 07:32:08] [SKIP] Same candle 2026-05-25 00:25:00  skip
[2026-05-25 07:33:08] [SKIP] Same candle 2026-05-25 00:25:00  skip
[2026-05-25 07:34:08] [SKIP] Same candle 2026-05-25 00:25:00  skip
[2026-05-25 07:35:08] [SKIP] NO_TRADE: no_mr_signal
[2026-05-25 07:36:08] [SKIP] Same candle 2026-05-25 00:30:00  skip
[2026-05-25 07:37:08] [SKIP] Same candle 2026-05-25 00:30:00  skip
[2026-05-25 07:38:08] [SKIP] Same candle 2026-05-25 00:30:00  skip
[2026-05-25 07:39:08] [SKIP] Same candle 2026-05-25 00:30:00  skip
[2026-05-25 07:40:08] [SKIP] NO_TRADE: no_mr_signal
[2026-05-25 07:41:08] [SKIP] Same candle 2026-05-25 00:35:00  skip
[2026-05-25 07:42:08] [SKIP] Same candle 2026-05-25 00:35:00  skip
[2026-05-25 07:43:08] [SKIP] Same candle 2026-05-25 00:35:00  skip
[2026-05-25 07:44:08] [SKIP] Same candle 2026-05-25 00:35:00  skip
[2026-05-25 07:45:08] [SKIP] NO_TRADE: no_mr_signal
[2026-05-25 07:46:08] [SKIP] Same candle 2026-05-25 00:40:00  skip
[2026-05-25 07:47:08] [SKIP] Same candle 2026-05-25 00:40:00  skip
[2026-05-25 07:48:08] [SKIP] Same candle 2026-05-25 00:40:00  skip
[2026-05-25 07:49:08] [SKIP] Same candle 2026-05-25 00:40:00  skip
[2026-05-25 07:50:08] [SKIP] NO_TRADE: no_mr_signal
[2026-05-25 07:51:08] [SKIP] Same candle 2026-05-25 00:45:00  skip
[2026-05-25 07:52:08] [SKIP] Same candle 2026-05-25 00:45:00  skip
[2026-05-25 07:53:08] [SKIP] Same candle 2026-05-25 00:45:00  skip
[2026-05-25 07:54:08] [SKIP] Same candle 2026-05-25 00:45:00  skip
[2026-05-25 07:55:08] [SKIP] NO_TRADE: no_mr_signal
[2026-05-25 07:56:08] [SKIP] Same candle 2026-05-25 00:50:00  skip
[2026-05-25 07:57:08] [SKIP] Same candle 2026-05-25 00:50:00  skip
[2026-05-25 07:58:08] [SKIP] Same candle 2026-05-25 00:50:00  skip
[2026-05-25 07:59:08] [SKIP] Same candle 2026-05-25 00:50:00  skip
[2026-05-25 08:00:08] [STATS] Hourly (240 attempts): {'no_mr_signal': '240(100%)'}
[2026-05-25 08:00:08] [SKIP] NO_TRADE: no_mr_signal
[2026-05-25 08:01:08] [SKIP] Same candle 2026-05-25 00:55:00  skip
[2026-05-25 08:02:08] [SKIP] Same candle 2026-05-25 00:55:00  skip
[2026-05-25 08:03:08] [SKIP] Same candle 2026-05-25 00:55:00  skip
[2026-05-25 08:04:08] [SKIP] Same candle 2026-05-25 00:55:00  skip
[2026-05-25 08:05:08] [SKIP] NO_TRADE: no_mr_signal
[2026-05-25 08:06:08] [SKIP] Same candle 2026-05-25 01:00:00  skip
[2026-05-25 08:07:08] [SKIP] Same candle 2026-05-25 01:00:00  skip
[2026-05-25 08:08:08] [SKIP] Same candle 2026-05-25 01:00:00  skip
[2026-05-25 08:09:08] [SKIP] Same candle 2026-05-25 01:00:00  skip
[2026-05-25 08:10:08] [SKIP] NO_TRADE: no_mr_signal
[2026-05-25 08:11:08] [SKIP] Same candle 2026-05-25 01:05:00  skip
[2026-05-25 08:12:09] [SKIP] Same candle 2026-05-25 01:05:00  skip
[2026-05-25 08:13:09] [SKIP] Same candle 2026-05-25 01:05:00  skip
[2026-05-25 08:14:09] [SKIP] Same candle 2026-05-25 01:05:00  skip
[2026-05-25 08:15:09] [SKIP] NO_TRADE: no_mr_signal
[2026-05-25 08:16:09] [SKIP] Same candle 2026-05-25 01:10:00  skip
[2026-05-25 08:17:09] [SKIP] Same candle 2026-05-25 01:10:00  skip
[2026-05-25 08:18:09] [SKIP] Same candle 2026-05-25 01:10:00  skip
[2026-05-25 08:19:09] [SKIP] Same candle 2026-05-25 01:10:00  skip
[2026-05-25 08:20:09] [SKIP] NO_TRADE: no_mr_signal
[2026-05-25 08:21:09] [SKIP] Same candle 2026-05-25 01:15:00  skip
[2026-05-25 08:22:09] [SKIP] Same candle 2026-05-25 01:15:00  skip
[2026-05-25 08:23:09] [SKIP] Same candle 2026-05-25 01:15:00  skip
[2026-05-25 08:24:09] [SKIP] Same candle 2026-05-25 01:15:00  skip
[2026-05-25 08:25:09] [SKIP] NO_TRADE: no_mr_signal
[2026-05-25 08:26:09] [SKIP] Same candle 2026-05-25 01:20:00  skip
[2026-05-25 08:27:09] [SKIP] Same candle 2026-05-25 01:20:00  skip
[2026-05-25 08:28:09] [SKIP] Same candle 2026-05-25 01:20:00  skip
[2026-05-25 08:29:09] [SKIP] Same candle 2026-05-25 01:20:00  skip
[2026-05-25 08:30:09] [SKIP] NO_TRADE: no_mr_signal
[2026-05-25 08:31:09] [SKIP] Same candle 2026-05-25 01:25:00  skip
[2026-05-25 08:32:09] [SKIP] Same candle 2026-05-25 01:25:00  skip
[2026-05-25 08:33:09] [SKIP] Same candle 2026-05-25 01:25:00  skip
[2026-05-25 08:34:09] [SKIP] Same candle 2026-05-25 01:25:00  skip
[2026-05-25 08:35:09] [SKIP] NO_TRADE: no_mr_signal
[2026-05-25 08:36:09] [SKIP] Same candle 2026-05-25 01:30:00  skip
[2026-05-25 08:37:09] [SKIP] Same candle 2026-05-25 01:30:00  skip
[2026-05-25 08:38:09] [SKIP] Same candle 2026-05-25 01:30:00  skip
[2026-05-25 08:39:09] [SKIP] Same candle 2026-05-25 01:30:00  skip
[2026-05-25 08:40:09] [SKIP] NO_TRADE: no_mr_signal
[2026-05-25 08:41:09] [SKIP] Same candle 2026-05-25 01:35:00  skip
[2026-05-25 08:42:09] [SKIP] Same candle 2026-05-25 01:35:00  skip
[2026-05-25 08:43:09] [SKIP] Same candle 2026-05-25 01:35:00  skip
[2026-05-25 08:44:09] [SKIP] Same candle 2026-05-25 01:35:00  skip
[2026-05-25 08:45:09] [SKIP] NO_TRADE: no_mr_signal
[2026-05-25 08:46:09] [SKIP] Same candle 2026-05-25 01:40:00  skip
[2026-05-25 08:47:09] [SKIP] Same candle 2026-05-25 01:40:00  skip
[2026-05-25 08:48:09] [SKIP] Same candle 2026-05-25 01:40:00  skip
[2026-05-25 08:49:09] [SKIP] Same candle 2026-05-25 01:40:00  skip
[2026-05-25 08:50:09] [SKIP] NO_TRADE: no_mr_signal
[2026-05-25 08:51:09] [SKIP] Same candle 2026-05-25 01:45:00  skip
[2026-05-25 08:52:09] [SKIP] Same candle 2026-05-25 01:45:00  skip
[2026-05-25 08:53:09] [SKIP] Same candle 2026-05-25 01:45:00  skip
[2026-05-25 08:54:09] [SKIP] Same candle 2026-05-25 01:45:00  skip
[2026-05-25 08:55:09] [SKIP] NO_TRADE: no_mr_signal
[2026-05-25 08:56:09] [SKIP] Same candle 2026-05-25 01:50:00  skip
[2026-05-25 08:57:09] [SKIP] Same candle 2026-05-25 01:50:00  skip
[2026-05-25 08:58:09] [SKIP] Same candle 2026-05-25 01:50:00  skip
[2026-05-25 08:59:09] [SKIP] Same candle 2026-05-25 01:50:00  skip
[2026-05-25 09:00:09] [STATS] Hourly (300 attempts): {'no_mr_signal': '300(100%)'}
[2026-05-25 09:00:09] [SKIP] NO_TRADE: no_mr_signal
[2026-05-25 09:01:09] [SKIP] Same candle 2026-05-25 01:55:00  skip
[2026-05-25 09:02:09] [SKIP] Same candle 2026-05-25 01:55:00  skip
[2026-05-25 09:03:09] [SKIP] Same candle 2026-05-25 01:55:00  skip
[2026-05-25 09:04:09] [SKIP] Same candle 2026-05-25 01:55:00  skip
[2026-05-25 09:05:09] [SKIP] NO_TRADE: no_mr_signal
[2026-05-25 09:06:10] [SKIP] Same candle 2026-05-25 02:00:00  skip
[2026-05-25 09:07:10] [SKIP] Same candle 2026-05-25 02:00:00  skip
[2026-05-25 09:08:10] [SKIP] Same candle 2026-05-25 02:00:00  skip
[2026-05-25 09:09:10] [SKIP] Same candle 2026-05-25 02:00:00  skip
[2026-05-25 09:10:10] [SKIP] NO_TRADE: no_mr_signal
[2026-05-25 09:11:10] [SKIP] Same candle 2026-05-25 02:05:00  skip
[2026-05-25 09:12:10] [SKIP] Same candle 2026-05-25 02:05:00  skip
[2026-05-25 09:13:10] [SKIP] Same candle 2026-05-25 02:05:00  skip
[2026-05-25 09:14:10] [SKIP] Same candle 2026-05-25 02:05:00  skip
[2026-05-25 09:15:10] [SKIP] NO_TRADE: no_mr_signal
[2026-05-25 09:16:10] [SKIP] Same candle 2026-05-25 02:10:00  skip
[2026-05-25 09:17:10] [SKIP] Same candle 2026-05-25 02:10:00  skip
[2026-05-25 09:18:10] [SKIP] Same candle 2026-05-25 02:10:00  skip
[2026-05-25 09:19:10] [SKIP] Same candle 2026-05-25 02:10:00  skip
[2026-05-25 09:20:10] [SKIP] NO_TRADE: no_mr_signal
[2026-05-25 09:21:10] [SKIP] Same candle 2026-05-25 02:15:00  skip
[2026-05-25 09:22:10] [SKIP] Same candle 2026-05-25 02:15:00  skip
[2026-05-25 09:23:10] [SKIP] Same candle 2026-05-25 02:15:00  skip
[2026-05-25 09:24:10] [SKIP] Same candle 2026-05-25 02:15:00  skip
[2026-05-25 09:25:10] [SKIP] NO_TRADE: no_mr_signal
[2026-05-25 09:26:10] [SKIP] Same candle 2026-05-25 02:20:00  skip
[2026-05-25 09:27:10] [SKIP] Same candle 2026-05-25 02:20:00  skip
[2026-05-25 09:28:10] [SKIP] Same candle 2026-05-25 02:20:00  skip
[2026-05-25 09:29:10] [SKIP] Same candle 2026-05-25 02:20:00  skip
[2026-05-25 09:30:10] [SKIP] NO_TRADE: no_mr_signal
[2026-05-25 09:31:10] [SKIP] Same candle 2026-05-25 02:25:00  skip
[2026-05-25 09:32:10] [SKIP] Same candle 2026-05-25 02:25:00  skip
[2026-05-25 09:33:10] [SKIP] Same candle 2026-05-25 02:25:00  skip
[2026-05-25 09:34:10] [SKIP] Same candle 2026-05-25 02:25:00  skip
[2026-05-25 09:35:10] [SKIP] NO_TRADE: no_mr_signal
[2026-05-25 09:36:10] [SKIP] Same candle 2026-05-25 02:30:00  skip
[2026-05-25 09:37:10] [SKIP] Same candle 2026-05-25 02:30:00  skip
[2026-05-25 09:38:10] [SKIP] Same candle 2026-05-25 02:30:00  skip
[2026-05-25 09:39:10] [SKIP] Same candle 2026-05-25 02:30:00  skip
[2026-05-25 09:40:10] [SKIP] NO_TRADE: no_mr_signal
[2026-05-25 09:41:10] [SKIP] Same candle 2026-05-25 02:35:00  skip
[2026-05-25 09:42:10] [SKIP] Same candle 2026-05-25 02:35:00  skip
[2026-05-25 09:43:10] [SKIP] Same candle 2026-05-25 02:35:00  skip
[2026-05-25 09:44:10] [SKIP] Same candle 2026-05-25 02:35:00  skip
[2026-05-25 09:45:10] [SKIP] NO_TRADE: no_mr_signal
[2026-05-25 09:46:10] [SKIP] Same candle 2026-05-25 02:40:00  skip
[2026-05-25 09:47:10] [SKIP] Same candle 2026-05-25 02:40:00  skip
[2026-05-25 09:48:10] [SKIP] Same candle 2026-05-25 02:40:00  skip
[2026-05-25 09:49:10] [SKIP] Same candle 2026-05-25 02:40:00  skip
[2026-05-25 09:50:10] [SKIP] NO_TRADE: no_mr_signal
[2026-05-25 09:51:10] [SKIP] Same candle 2026-05-25 02:45:00  skip
[2026-05-25 09:52:10] [SKIP] Same candle 2026-05-25 02:45:00  skip
[2026-05-25 09:53:10] [SKIP] Same candle 2026-05-25 02:45:00  skip
[2026-05-25 09:54:10] [SKIP] Same candle 2026-05-25 02:45:00  skip
[2026-05-25 09:55:10] [SKIP] NO_TRADE: no_mr_signal
[2026-05-25 09:56:10] [SKIP] Same candle 2026-05-25 02:50:00  skip
[2026-05-25 09:57:10] [SKIP] Same candle 2026-05-25 02:50:00  skip
[2026-05-25 09:58:10] [SKIP] Same candle 2026-05-25 02:50:00  skip
[2026-05-25 09:59:10] [SKIP] Same candle 2026-05-25 02:50:00  skip
[2026-05-25 10:00:11] [STATS] Hourly (360 attempts): {'no_mr_signal': '360(100%)'}
[2026-05-25 10:00:11] [SKIP] NO_TRADE: no_mr_signal
[2026-05-25 10:01:11] [SKIP] Same candle 2026-05-25 02:55:00  skip
[2026-05-25 10:02:11] [SKIP] Same candle 2026-05-25 02:55:00  skip
[2026-05-25 10:03:11] [SKIP] Same candle 2026-05-25 02:55:00  skip
[2026-05-25 10:04:11] [SKIP] Same candle 2026-05-25 02:55:00  skip
[2026-05-25 10:05:11] [SKIP] NO_TRADE: no_mr_signal
[2026-05-25 10:06:11] [SKIP] Same candle 2026-05-25 03:00:00  skip
[2026-05-25 10:07:11] [SKIP] Same candle 2026-05-25 03:00:00  skip
[2026-05-25 10:08:11] [SKIP] Same candle 2026-05-25 03:00:00  skip
[2026-05-25 10:09:11] [SKIP] Same candle 2026-05-25 03:00:00  skip
[2026-05-25 10:10:11] [SKIP] NO_TRADE: no_mr_signal
[2026-05-25 10:11:11] [SKIP] Same candle 2026-05-25 03:05:00  skip
[2026-05-25 10:12:11] [SKIP] Same candle 2026-05-25 03:05:00  skip
[2026-05-25 10:13:11] [SKIP] Same candle 2026-05-25 03:05:00  skip
[2026-05-25 10:14:11] [SKIP] Same candle 2026-05-25 03:05:00  skip
[2026-05-25 10:15:11] [SKIP] NO_TRADE: no_mr_signal
[2026-05-25 10:16:11] [SKIP] Same candle 2026-05-25 03:10:00  skip
[2026-05-25 10:17:11] [SKIP] Same candle 2026-05-25 03:10:00  skip
[2026-05-25 10:18:11] [SKIP] Same candle 2026-05-25 03:10:00  skip
[2026-05-25 10:19:11] [SKIP] Same candle 2026-05-25 03:10:00  skip
[2026-05-25 10:20:11] [SKIP] NO_TRADE: no_mr_signal
[2026-05-25 10:21:11] [SKIP] Same candle 2026-05-25 03:15:00  skip
[2026-05-25 10:22:11] [SKIP] Same candle 2026-05-25 03:15:00  skip
[2026-05-25 10:23:11] [SKIP] Same candle 2026-05-25 03:15:00  skip
[2026-05-25 10:24:11] [SKIP] Same candle 2026-05-25 03:15:00  skip
[2026-05-25 10:25:11] [SKIP] NO_TRADE: no_mr_signal
[2026-05-25 10:26:11] [SKIP] Same candle 2026-05-25 03:20:00  skip
[2026-05-25 10:27:11] [SKIP] Same candle 2026-05-25 03:20:00  skip
[2026-05-25 10:28:11] [SKIP] Same candle 2026-05-25 03:20:00  skip
[2026-05-25 10:29:11] [SKIP] Same candle 2026-05-25 03:20:00  skip
[2026-05-25 10:30:11] [SKIP] NO_TRADE: no_mr_signal
[2026-05-25 10:31:11] [SKIP] Same candle 2026-05-25 03:25:00  skip
[2026-05-25 10:32:11] [SKIP] Same candle 2026-05-25 03:25:00  skip
[2026-05-25 10:33:11] [SKIP] Same candle 2026-05-25 03:25:00  skip
[2026-05-25 10:34:11] [SKIP] Same candle 2026-05-25 03:25:00  skip
[2026-05-25 10:35:11] [SKIP] NO_TRADE: no_mr_signal
[2026-05-25 10:36:11] [SKIP] Same candle 2026-05-25 03:30:00  skip
[2026-05-25 10:37:11] [SKIP] Same candle 2026-05-25 03:30:00  skip
[2026-05-25 10:38:11] [SKIP] Same candle 2026-05-25 03:30:00  skip
[2026-05-25 10:39:11] [SKIP] Same candle 2026-05-25 03:30:00  skip
[2026-05-25 10:40:11] [SKIP] NO_TRADE: no_mr_signal
[2026-05-25 10:41:11] [SKIP] Same candle 2026-05-25 03:35:00  skip
[2026-05-25 10:42:11] [SKIP] Same candle 2026-05-25 03:35:00  skip
[2026-05-25 10:43:11] [SKIP] Same candle 2026-05-25 03:35:00  skip
[2026-05-25 10:44:11] [SKIP] Same candle 2026-05-25 03:35:00  skip
[2026-05-25 10:45:11] [SKIP] NO_TRADE: no_mr_signal
[2026-05-25 10:46:11] [SKIP] Same candle 2026-05-25 03:40:00  skip
[2026-05-25 10:47:11] [SKIP] Same candle 2026-05-25 03:40:00  skip
[2026-05-25 10:48:11] [SKIP] Same candle 2026-05-25 03:40:00  skip
[2026-05-25 10:49:11] [SKIP] Same candle 2026-05-25 03:40:00  skip
[2026-05-25 10:50:11] [SKIP] NO_TRADE: no_mr_signal
[2026-05-25 10:51:11] [SKIP] Same candle 2026-05-25 03:45:00  skip
[2026-05-25 10:52:11] [SKIP] Same candle 2026-05-25 03:45:00  skip
[2026-05-25 10:53:12] [SKIP] Same candle 2026-05-25 03:45:00  skip
[2026-05-25 10:54:12] [SKIP] Same candle 2026-05-25 03:45:00  skip
[2026-05-25 10:55:12] [SKIP] NO_TRADE: no_mr_signal
[2026-05-25 10:56:12] [SKIP] Same candle 2026-05-25 03:50:00  skip
[2026-05-25 10:57:12] [SKIP] Same candle 2026-05-25 03:50:00  skip
[2026-05-25 10:58:12] [SKIP] Same candle 2026-05-25 03:50:00  skip
[2026-05-25 10:59:12] [SKIP] Same candle 2026-05-25 03:50:00  skip
[2026-05-25 11:00:12] [STATS] Hourly (420 attempts): {'no_mr_signal': '420(100%)'}
[2026-05-25 11:00:12] [SKIP] NO_TRADE: no_mr_signal
[2026-05-25 11:01:12] [SKIP] Same candle 2026-05-25 03:55:00  skip
[2026-05-25 11:02:12] [SKIP] Same candle 2026-05-25 03:55:00  skip
[2026-05-25 11:03:12] [SKIP] Same candle 2026-05-25 03:55:00  skip
[2026-05-25 11:04:12] [SKIP] Same candle 2026-05-25 03:55:00  skip
[2026-05-25 11:05:12] [SKIP] NO_TRADE: no_mr_signal
[2026-05-25 11:06:12] [SKIP] Same candle 2026-05-25 04:00:00  skip
[2026-05-25 11:07:12] [SKIP] Same candle 2026-05-25 04:00:00  skip
[2026-05-25 11:08:12] [SKIP] Same candle 2026-05-25 04:00:00  skip
[2026-05-25 11:09:12] [SKIP] Same candle 2026-05-25 04:00:00  skip
[2026-05-25 11:10:12] [SKIP] NO_TRADE: no_mr_signal
[2026-05-25 11:11:12] [SKIP] Same candle 2026-05-25 04:05:00  skip
[2026-05-25 11:12:12] [SKIP] Same candle 2026-05-25 04:05:00  skip
[2026-05-25 11:13:12] [SKIP] Same candle 2026-05-25 04:05:00  skip
[2026-05-25 11:14:12] [SKIP] Same candle 2026-05-25 04:05:00  skip
[2026-05-25 11:15:12] [SKIP] NO_TRADE: no_mr_signal
[2026-05-25 11:16:12] [SKIP] Same candle 2026-05-25 04:10:00  skip
[2026-05-25 11:17:12] [SKIP] Same candle 2026-05-25 04:10:00  skip
[2026-05-25 11:18:12] [SKIP] Same candle 2026-05-25 04:10:00  skip
[2026-05-25 11:19:12] [SKIP] Same candle 2026-05-25 04:10:00  skip
[2026-05-25 11:20:12] [SKIP] NO_TRADE: no_mr_signal
[2026-05-25 11:21:12] [SKIP] Same candle 2026-05-25 04:15:00  skip
[2026-05-25 11:22:12] [SKIP] Same candle 2026-05-25 04:15:00  skip
[2026-05-25 11:23:12] [SKIP] Same candle 2026-05-25 04:15:00  skip
[2026-05-25 11:24:12] [SKIP] Same candle 2026-05-25 04:15:00  skip
[2026-05-25 11:25:12] [SKIP] NO_TRADE: no_mr_signal
[2026-05-25 11:26:12] [SKIP] Same candle 2026-05-25 04:20:00  skip
[2026-05-25 11:27:12] [SKIP] Same candle 2026-05-25 04:20:00  skip
[2026-05-25 11:28:12] [SKIP] Same candle 2026-05-25 04:20:00  skip
[2026-05-25 11:29:12] [SKIP] Same candle 2026-05-25 04:20:00  skip
[2026-05-25 11:30:12] [SKIP] NO_TRADE: no_mr_signal
[2026-05-25 11:31:12] [SKIP] Same candle 2026-05-25 04:25:00  skip
[2026-05-25 11:32:12] [SKIP] Same candle 2026-05-25 04:25:00  skip
[2026-05-25 11:33:12] [SKIP] Same candle 2026-05-25 04:25:00  skip
[2026-05-25 11:34:12] [SKIP] Same candle 2026-05-25 04:25:00  skip
[2026-05-25 11:35:12] [SKIP] NO_TRADE: no_mr_signal
[2026-05-25 11:36:12] [SKIP] Same candle 2026-05-25 04:30:00  skip
[2026-05-25 11:37:12] [SKIP] Same candle 2026-05-25 04:30:00  skip
[2026-05-25 11:38:12] [SKIP] Same candle 2026-05-25 04:30:00  skip
[2026-05-25 11:39:12] [SKIP] Same candle 2026-05-25 04:30:00  skip
[2026-05-25 11:40:12] [SKIP] NO_TRADE: no_mr_signal
[2026-05-25 11:41:12] [SKIP] Same candle 2026-05-25 04:35:00  skip
[2026-05-25 11:42:12] [SKIP] Same candle 2026-05-25 04:35:00  skip
[2026-05-25 11:43:12] [SKIP] Same candle 2026-05-25 04:35:00  skip
[2026-05-25 11:44:13] [SKIP] Same candle 2026-05-25 04:35:00  skip
[2026-05-25 11:45:13] [SKIP] NO_TRADE: no_mr_signal
[2026-05-25 11:46:13] [SKIP] Same candle 2026-05-25 04:40:00  skip
[2026-05-25 11:47:13] [SKIP] Same candle 2026-05-25 04:40:00  skip
[2026-05-25 11:48:13] [SKIP] Same candle 2026-05-25 04:40:00  skip
[2026-05-25 11:49:13] [SKIP] Same candle 2026-05-25 04:40:00  skip
[2026-05-25 11:50:13] [SKIP] NO_TRADE: no_mr_signal
[2026-05-25 11:51:13] [SKIP] Same candle 2026-05-25 04:45:00  skip
[2026-05-25 11:52:13] [SKIP] Same candle 2026-05-25 04:45:00  skip
[2026-05-25 11:53:13] [SKIP] Same candle 2026-05-25 04:45:00  skip
[2026-05-25 11:54:13] [SKIP] Same candle 2026-05-25 04:45:00  skip
[2026-05-25 11:55:13] [SKIP] NO_TRADE: no_mr_signal
[2026-05-25 11:56:13] [SKIP] Same candle 2026-05-25 04:50:00  skip
[2026-05-25 11:57:13] [SKIP] Same candle 2026-05-25 04:50:00  skip
[2026-05-25 11:58:13] [SKIP] Same candle 2026-05-25 04:50:00  skip
[2026-05-25 11:59:13] [SKIP] Same candle 2026-05-25 04:50:00  skip
[2026-05-25 12:00:13] [STATS] Hourly (480 attempts): {'no_mr_signal': '480(100%)'}
[2026-05-25 12:00:13] [SKIP] NO_TRADE: no_mr_signal
[2026-05-25 12:01:13] [SKIP] Same candle 2026-05-25 04:55:00  skip
[2026-05-25 12:02:13] [SKIP] Same candle 2026-05-25 04:55:00  skip
[2026-05-25 12:03:13] [SKIP] Same candle 2026-05-25 04:55:00  skip
[2026-05-25 12:04:13] [SKIP] Same candle 2026-05-25 04:55:00  skip
[2026-05-25 12:05:13] [SKIP] NO_TRADE: no_mr_signal
[2026-05-25 12:06:13] [SKIP] Same candle 2026-05-25 05:00:00  skip
[2026-05-25 12:07:13] [SKIP] Same candle 2026-05-25 05:00:00  skip
[2026-05-25 12:08:13] [SKIP] Same candle 2026-05-25 05:00:00  skip
[2026-05-25 12:09:13] [SKIP] Same candle 2026-05-25 05:00:00  skip
[2026-05-25 12:10:13] [SKIP] NO_TRADE: no_mr_signal
[2026-05-25 12:11:13] [SKIP] Same candle 2026-05-25 05:05:00  skip
[2026-05-25 12:12:13] [SKIP] Same candle 2026-05-25 05:05:00  skip
[2026-05-25 12:13:13] [SKIP] Same candle 2026-05-25 05:05:00  skip
[2026-05-25 12:14:13] [SKIP] Same candle 2026-05-25 05:05:00  skip
[2026-05-25 12:15:13] [SKIP] NO_TRADE: no_mr_signal
[2026-05-25 12:16:13] [SKIP] Same candle 2026-05-25 05:10:00  skip
[2026-05-25 12:17:13] [SKIP] Same candle 2026-05-25 05:10:00  skip
[2026-05-25 12:18:13] [SKIP] Same candle 2026-05-25 05:10:00  skip
[2026-05-25 12:19:13] [SKIP] Same candle 2026-05-25 05:10:00  skip
[2026-05-25 12:20:13] [SKIP] NO_TRADE: no_mr_signal
[2026-05-25 12:21:13] [SKIP] Same candle 2026-05-25 05:15:00  skip
