[2026-05-15 08:46:41] [START] Gold V2+IndV3 bot | symbol=XAUUSDm | pid=21008 | interval=60s | mode=LIVE | DRY_RUN=False | side=BOTH | RR=1.8 | MACD_BUY_ON | session=UTC12:00-14:00 | D1_regime=ON
[2026-05-15 08:46:42] [CONNECT] account=3472957  server=Exness-MT5Real  balance=27.99
[2026-05-15 08:46:42] [START] Gold bot running
[2026-05-15 08:46:42] [SKIP] NO_TRADE: no_momentum_signal
[2026-05-15 08:47:42] [SKIP] Same candle 2026-05-15 01:40:00  skip
[2026-05-15 08:48:42] [SKIP] Same candle 2026-05-15 01:40:00  skip
[2026-05-15 08:49:43] [SKIP] Same candle 2026-05-15 01:40:00  skip
[2026-05-15 08:50:43] [SKIP] NO_TRADE: no_momentum_signal
[2026-05-15 08:51:43] [SKIP] Same candle 2026-05-15 01:45:00  skip
[2026-05-15 08:52:43] [SKIP] Same candle 2026-05-15 01:45:00  skip
[2026-05-15 08:53:43] [SKIP] Same candle 2026-05-15 01:45:00  skip
[2026-05-15 08:54:43] [SKIP] Same candle 2026-05-15 01:45:00  skip
[2026-05-15 08:55:43] [SKIP] NO_TRADE: no_momentum_signal
[2026-05-15 08:56:43] [SKIP] Same candle 2026-05-15 01:50:00  skip
[2026-05-15 08:57:43] [SKIP] Same candle 2026-05-15 01:50:00  skip
[2026-05-15 08:58:43] [SKIP] Same candle 2026-05-15 01:50:00  skip
[2026-05-15 08:59:43] [SKIP] Same candle 2026-05-15 01:50:00  skip
[2026-05-15 09:00:43] [STATS] Hourly (14 attempts): {'no_momentum_signal': '14(100%)'}
[2026-05-15 09:00:43] [SKIP] NO_TRADE: no_momentum_signal
[2026-05-15 09:01:43] [SKIP] Same candle 2026-05-15 01:55:00  skip
[2026-05-15 09:02:43] [SKIP] Same candle 2026-05-15 01:55:00  skip
[2026-05-15 09:03:43] [SKIP] Same candle 2026-05-15 01:55:00  skip
[2026-05-15 09:04:43] [SKIP] Same candle 2026-05-15 01:55:00  skip
[2026-05-15 09:05:43] [SKIP] NO_TRADE: no_momentum_signal
[2026-05-15 09:06:43] [SKIP] Same candle 2026-05-15 02:00:00  skip
[2026-05-15 09:07:43] [SKIP] Same candle 2026-05-15 02:00:00  skip
[2026-05-15 09:08:43] [SKIP] Same candle 2026-05-15 02:00:00  skip
[2026-05-15 09:09:43] [SKIP] Same candle 2026-05-15 02:00:00  skip
[2026-05-15 09:10:43] [SKIP] NO_TRADE: no_momentum_signal
[2026-05-15 09:11:43] [SKIP] Same candle 2026-05-15 02:05:00  skip
[2026-05-15 09:12:43] [SKIP] Same candle 2026-05-15 02:05:00  skip
[2026-05-15 09:13:43] [SKIP] Same candle 2026-05-15 02:05:00  skip
[2026-05-15 09:14:43] [SKIP] Same candle 2026-05-15 02:05:00  skip
[2026-05-15 09:15:43] [SKIP] NO_TRADE: no_momentum_signal
[2026-05-15 09:16:44] [SKIP] Same candle 2026-05-15 02:10:00  skip
[2026-05-15 09:17:44] [SKIP] Same candle 2026-05-15 02:10:00  skip
[2026-05-15 09:18:44] [SKIP] Same candle 2026-05-15 02:10:00  skip
[2026-05-15 09:19:44] [SKIP] Same candle 2026-05-15 02:10:00  skip
[2026-05-15 09:20:44] [SKIP] NO_TRADE: no_momentum_signal
[2026-05-15 09:21:44] [SKIP] Same candle 2026-05-15 02:15:00  skip
[2026-05-15 09:22:44] [SKIP] Same candle 2026-05-15 02:15:00  skip
[2026-05-15 09:23:44] [SKIP] Same candle 2026-05-15 02:15:00  skip
[2026-05-15 09:24:44] [SKIP] Same candle 2026-05-15 02:15:00  skip
[2026-05-15 09:25:44] [SKIP] NO_TRADE: no_momentum_signal
[2026-05-15 09:26:44] [SKIP] Same candle 2026-05-15 02:20:00  skip
[2026-05-15 09:27:44] [SKIP] Same candle 2026-05-15 02:20:00  skip
[2026-05-15 09:28:44] [SKIP] Same candle 2026-05-15 02:20:00  skip
[2026-05-15 09:29:44] [SKIP] Same candle 2026-05-15 02:20:00  skip
[2026-05-15 09:30:44] [SKIP] NO_TRADE: no_momentum_signal
[2026-05-15 09:31:44] [SKIP] Same candle 2026-05-15 02:25:00  skip
[2026-05-15 09:32:44] [SKIP] Same candle 2026-05-15 02:25:00  skip
[2026-05-15 09:33:44] [SKIP] Same candle 2026-05-15 02:25:00  skip
[2026-05-15 09:34:44] [SKIP] Same candle 2026-05-15 02:25:00  skip
[2026-05-15 09:35:44] [SKIP] NO_TRADE: no_momentum_signal
[2026-05-15 09:36:44] [SKIP] Same candle 2026-05-15 02:30:00  skip
[2026-05-15 09:37:44] [SKIP] Same candle 2026-05-15 02:30:00  skip
[2026-05-15 09:38:44] [SKIP] Same candle 2026-05-15 02:30:00  skip
[2026-05-15 09:39:44] [SKIP] Same candle 2026-05-15 02:30:00  skip
[2026-05-15 09:40:44] [SKIP] NO_TRADE: no_momentum_signal
[2026-05-15 09:41:44] [SKIP] Same candle 2026-05-15 02:35:00  skip
[2026-05-15 09:42:45] [SKIP] Same candle 2026-05-15 02:35:00  skip
[2026-05-15 09:43:45] [SKIP] Same candle 2026-05-15 02:35:00  skip
[2026-05-15 09:44:45] [SKIP] Same candle 2026-05-15 02:35:00  skip
[2026-05-15 09:45:45] [SKIP] NO_TRADE: no_momentum_signal
[2026-05-15 09:46:45] [SKIP] Same candle 2026-05-15 02:40:00  skip
[2026-05-15 09:47:45] [SKIP] Same candle 2026-05-15 02:40:00  skip
[2026-05-15 09:48:45] [SKIP] Same candle 2026-05-15 02:40:00  skip
[2026-05-15 09:49:45] [SKIP] Same candle 2026-05-15 02:40:00  skip
[2026-05-15 09:50:45] [SKIP] NO_TRADE: no_momentum_signal
[2026-05-15 09:51:45] [SKIP] Same candle 2026-05-15 02:45:00  skip
[2026-05-15 09:52:45] [SKIP] Same candle 2026-05-15 02:45:00  skip
[2026-05-15 09:53:45] [SKIP] Same candle 2026-05-15 02:45:00  skip
[2026-05-15 09:54:45] [SKIP] Same candle 2026-05-15 02:45:00  skip
[2026-05-15 09:55:45] [SKIP] NO_TRADE: no_momentum_signal
[2026-05-15 09:56:45] [SKIP] Same candle 2026-05-15 02:50:00  skip
[2026-05-15 09:57:45] [SKIP] Same candle 2026-05-15 02:50:00  skip
[2026-05-15 09:58:45] [SKIP] Same candle 2026-05-15 02:50:00  skip
[2026-05-15 09:59:45] [SKIP] Same candle 2026-05-15 02:50:00  skip
[2026-05-15 10:00:45] [STATS] Hourly (74 attempts): {'no_momentum_signal': '74(100%)'}
[2026-05-15 10:00:45] [SKIP] NO_TRADE: no_momentum_signal
[2026-05-15 10:01:45] [SKIP] Same candle 2026-05-15 02:55:00  skip
[2026-05-15 10:02:45] [SKIP] Same candle 2026-05-15 02:55:00  skip
[2026-05-15 10:03:45] [SKIP] Same candle 2026-05-15 02:55:00  skip
[2026-05-15 10:04:45] [SKIP] Same candle 2026-05-15 02:55:00  skip
[2026-05-15 10:05:45] [SKIP] NO_TRADE: no_momentum_signal
[2026-05-15 10:06:45] [SKIP] Same candle 2026-05-15 03:00:00  skip
[2026-05-15 10:07:45] [SKIP] Same candle 2026-05-15 03:00:00  skip
[2026-05-15 10:08:45] [SKIP] Same candle 2026-05-15 03:00:00  skip
[2026-05-15 10:09:45] [SKIP] Same candle 2026-05-15 03:00:00  skip
[2026-05-15 10:10:46] [SKIP] NO_TRADE: no_momentum_signal
[2026-05-15 10:11:46] [SKIP] Same candle 2026-05-15 03:05:00  skip
[2026-05-15 10:12:46] [SKIP] Same candle 2026-05-15 03:05:00  skip
[2026-05-15 10:13:46] [SKIP] Same candle 2026-05-15 03:05:00  skip
[2026-05-15 10:14:46] [SKIP] Same candle 2026-05-15 03:05:00  skip
[2026-05-15 10:15:46] [SKIP] NO_TRADE: no_momentum_signal
[2026-05-15 10:16:46] [SKIP] Same candle 2026-05-15 03:10:00  skip
[2026-05-15 10:17:46] [SKIP] Same candle 2026-05-15 03:10:00  skip
[2026-05-15 10:18:46] [SKIP] Same candle 2026-05-15 03:10:00  skip
[2026-05-15 10:19:46] [SKIP] Same candle 2026-05-15 03:10:00  skip
[2026-05-15 10:20:46] [SKIP] NO_TRADE: no_momentum_signal
[2026-05-15 10:21:46] [SKIP] Same candle 2026-05-15 03:15:00  skip
[2026-05-15 10:22:46] [SKIP] Same candle 2026-05-15 03:15:00  skip
[2026-05-15 10:23:46] [SKIP] Same candle 2026-05-15 03:15:00  skip
[2026-05-15 10:24:46] [SKIP] Same candle 2026-05-15 03:15:00  skip
[2026-05-15 10:25:46] [SKIP] NO_TRADE: no_momentum_signal
[2026-05-15 10:26:46] [SKIP] Same candle 2026-05-15 03:20:00  skip
[2026-05-15 10:27:46] [SKIP] Same candle 2026-05-15 03:20:00  skip
[2026-05-15 10:28:46] [SKIP] Same candle 2026-05-15 03:20:00  skip
[2026-05-15 10:29:46] [SKIP] Same candle 2026-05-15 03:20:00  skip
[2026-05-15 10:30:46] [SKIP] NO_TRADE: no_momentum_signal
[2026-05-15 10:31:46] [SKIP] Same candle 2026-05-15 03:25:00  skip
[2026-05-15 10:32:46] [SKIP] Same candle 2026-05-15 03:25:00  skip
[2026-05-15 10:33:46] [SKIP] Same candle 2026-05-15 03:25:00  skip
[2026-05-15 10:34:46] [SKIP] Same candle 2026-05-15 03:25:00  skip
[2026-05-15 10:35:46] [SKIP] NO_TRADE: no_momentum_signal
[2026-05-15 10:36:46] [SKIP] Same candle 2026-05-15 03:30:00  skip
[2026-05-15 10:37:46] [SKIP] Same candle 2026-05-15 03:30:00  skip
[2026-05-15 10:38:47] [SKIP] Same candle 2026-05-15 03:30:00  skip
[2026-05-15 10:39:47] [SKIP] Same candle 2026-05-15 03:30:00  skip
[2026-05-15 10:40:47] [SKIP] NO_TRADE: no_momentum_signal
[2026-05-15 10:41:47] [SKIP] Same candle 2026-05-15 03:35:00  skip
[2026-05-15 10:42:47] [SKIP] Same candle 2026-05-15 03:35:00  skip
[2026-05-15 10:43:47] [SKIP] Same candle 2026-05-15 03:35:00  skip
[2026-05-15 10:44:47] [SKIP] Same candle 2026-05-15 03:35:00  skip
[2026-05-15 10:45:47] [SKIP] NO_TRADE: no_momentum_signal
[2026-05-15 10:46:47] [SKIP] Same candle 2026-05-15 03:40:00  skip
[2026-05-15 10:47:47] [SKIP] Same candle 2026-05-15 03:40:00  skip
[2026-05-15 10:48:47] [SKIP] Same candle 2026-05-15 03:40:00  skip
[2026-05-15 10:49:47] [SKIP] Same candle 2026-05-15 03:40:00  skip
[2026-05-15 10:50:47] [SKIP] NO_TRADE: no_momentum_signal
[2026-05-15 10:51:47] [SKIP] Same candle 2026-05-15 03:45:00  skip
[2026-05-15 10:52:47] [SKIP] Same candle 2026-05-15 03:45:00  skip
[2026-05-15 10:53:47] [SKIP] Same candle 2026-05-15 03:45:00  skip
[2026-05-15 10:54:47] [SKIP] Same candle 2026-05-15 03:45:00  skip
[2026-05-15 10:55:47] [SKIP] NO_TRADE: no_momentum_signal
[2026-05-15 10:56:47] [SKIP] Same candle 2026-05-15 03:50:00  skip
[2026-05-15 10:57:47] [SKIP] Same candle 2026-05-15 03:50:00  skip
[2026-05-15 10:58:47] [SKIP] Same candle 2026-05-15 03:50:00  skip
[2026-05-15 10:59:47] [SKIP] Same candle 2026-05-15 03:50:00  skip
[2026-05-15 11:00:47] [STATS] Hourly (134 attempts): {'no_momentum_signal': '134(100%)'}
[2026-05-15 11:00:47] [SKIP] NO_TRADE: no_momentum_signal
[2026-05-15 11:01:47] [SKIP] Same candle 2026-05-15 03:55:00  skip
[2026-05-15 11:02:47] [SKIP] Same candle 2026-05-15 03:55:00  skip
[2026-05-15 11:03:47] [SKIP] Same candle 2026-05-15 03:55:00  skip
[2026-05-15 11:04:48] [SKIP] Same candle 2026-05-15 03:55:00  skip
[2026-05-15 11:05:48] [SKIP] NO_TRADE: no_momentum_signal
[2026-05-15 11:06:48] [SKIP] Same candle 2026-05-15 04:00:00  skip
[2026-05-15 11:07:48] [SKIP] Same candle 2026-05-15 04:00:00  skip
[2026-05-15 11:08:48] [SKIP] Same candle 2026-05-15 04:00:00  skip
[2026-05-15 11:09:48] [SKIP] Same candle 2026-05-15 04:00:00  skip
[2026-05-15 11:10:48] [SKIP] NO_TRADE: no_momentum_signal
[2026-05-15 11:11:48] [SKIP] Same candle 2026-05-15 04:05:00  skip
[2026-05-15 11:12:48] [SKIP] Same candle 2026-05-15 04:05:00  skip
[2026-05-15 11:13:48] [SKIP] Same candle 2026-05-15 04:05:00  skip
[2026-05-15 11:14:48] [SKIP] Same candle 2026-05-15 04:05:00  skip
[2026-05-15 11:15:48] [SKIP] NO_TRADE: no_momentum_signal
[2026-05-15 11:16:48] [SKIP] Same candle 2026-05-15 04:10:00  skip
[2026-05-15 11:17:48] [SKIP] Same candle 2026-05-15 04:10:00  skip
[2026-05-15 11:18:48] [SKIP] Same candle 2026-05-15 04:10:00  skip
[2026-05-15 11:19:48] [SKIP] Same candle 2026-05-15 04:10:00  skip
[2026-05-15 11:20:48] [SKIP] NO_TRADE: no_momentum_signal
[2026-05-15 11:21:48] [SKIP] Same candle 2026-05-15 04:15:00  skip
[2026-05-15 11:22:48] [SKIP] Same candle 2026-05-15 04:15:00  skip
[2026-05-15 11:23:48] [SKIP] Same candle 2026-05-15 04:15:00  skip
[2026-05-15 11:24:48] [SKIP] Same candle 2026-05-15 04:15:00  skip
[2026-05-15 11:25:48] [SKIP] NO_TRADE: no_momentum_signal
[2026-05-15 11:26:48] [SKIP] Same candle 2026-05-15 04:20:00  skip
[2026-05-15 11:27:48] [SKIP] Same candle 2026-05-15 04:20:00  skip
[2026-05-15 11:28:48] [SKIP] Same candle 2026-05-15 04:20:00  skip
[2026-05-15 11:29:48] [SKIP] Same candle 2026-05-15 04:20:00  skip
[2026-05-15 11:30:48] [SKIP] NO_TRADE: no_momentum_signal
[2026-05-15 11:31:49] [SKIP] Same candle 2026-05-15 04:25:00  skip
[2026-05-15 11:32:49] [SKIP] Same candle 2026-05-15 04:25:00  skip
[2026-05-15 11:33:49] [SKIP] Same candle 2026-05-15 04:25:00  skip
[2026-05-15 11:34:49] [SKIP] Same candle 2026-05-15 04:25:00  skip
[2026-05-15 11:35:49] [SKIP] NO_TRADE: no_momentum_signal
[2026-05-15 11:36:49] [SKIP] Same candle 2026-05-15 04:30:00  skip
[2026-05-15 11:37:49] [SKIP] Same candle 2026-05-15 04:30:00  skip
[2026-05-15 11:38:49] [SKIP] Same candle 2026-05-15 04:30:00  skip
[2026-05-15 11:39:49] [SKIP] Same candle 2026-05-15 04:30:00  skip
[2026-05-15 11:40:49] [SKIP] NO_TRADE: no_momentum_signal
[2026-05-15 11:41:49] [SKIP] Same candle 2026-05-15 04:35:00  skip
[2026-05-15 11:42:49] [SKIP] Same candle 2026-05-15 04:35:00  skip
[2026-05-15 11:43:49] [SKIP] Same candle 2026-05-15 04:35:00  skip
[2026-05-15 11:44:49] [SKIP] Same candle 2026-05-15 04:35:00  skip
[2026-05-15 11:45:49] [SKIP] NO_TRADE: no_momentum_signal
[2026-05-15 11:46:49] [SKIP] Same candle 2026-05-15 04:40:00  skip
[2026-05-15 11:47:49] [SKIP] Same candle 2026-05-15 04:40:00  skip
[2026-05-15 11:48:49] [SKIP] Same candle 2026-05-15 04:40:00  skip
[2026-05-15 11:49:49] [SKIP] Same candle 2026-05-15 04:40:00  skip
[2026-05-15 11:50:49] [SKIP] NO_TRADE: no_momentum_signal
[2026-05-15 11:51:49] [SKIP] Same candle 2026-05-15 04:45:00  skip
[2026-05-15 11:52:49] [SKIP] Same candle 2026-05-15 04:45:00  skip
[2026-05-15 11:53:49] [SKIP] Same candle 2026-05-15 04:45:00  skip
[2026-05-15 11:54:49] [SKIP] Same candle 2026-05-15 04:45:00  skip
[2026-05-15 11:55:49] [SKIP] NO_TRADE: no_momentum_signal
[2026-05-15 11:56:49] [SKIP] Same candle 2026-05-15 04:50:00  skip
[2026-05-15 11:57:49] [SKIP] Same candle 2026-05-15 04:50:00  skip
[2026-05-15 11:58:49] [SKIP] Same candle 2026-05-15 04:50:00  skip
[2026-05-15 11:59:50] [SKIP] Same candle 2026-05-15 04:50:00  skip
[2026-05-15 12:00:50] [STATS] Hourly (194 attempts): {'no_momentum_signal': '194(100%)'}
[2026-05-15 12:00:50] [SKIP] NO_TRADE: no_momentum_signal
[2026-05-15 12:01:50] [SKIP] Same candle 2026-05-15 04:55:00  skip
[2026-05-15 12:02:50] [SKIP] Same candle 2026-05-15 04:55:00  skip
[2026-05-15 12:03:50] [SKIP] Same candle 2026-05-15 04:55:00  skip
[2026-05-15 12:04:50] [SKIP] Same candle 2026-05-15 04:55:00  skip
[2026-05-15 12:05:50] [SKIP] NO_TRADE: no_momentum_signal
[2026-05-15 12:06:50] [SKIP] Same candle 2026-05-15 05:00:00  skip
[2026-05-15 12:07:50] [SKIP] Same candle 2026-05-15 05:00:00  skip
[2026-05-15 12:08:50] [SKIP] Same candle 2026-05-15 05:00:00  skip
[2026-05-15 12:09:50] [SKIP] Same candle 2026-05-15 05:00:00  skip
[2026-05-15 12:10:50] [SKIP] NO_TRADE: no_momentum_signal
[2026-05-15 12:11:50] [SKIP] Same candle 2026-05-15 05:05:00  skip
[2026-05-15 12:12:50] [SKIP] Same candle 2026-05-15 05:05:00  skip
[2026-05-15 12:13:50] [SKIP] Same candle 2026-05-15 05:05:00  skip
[2026-05-15 12:14:50] [SKIP] Same candle 2026-05-15 05:05:00  skip
[2026-05-15 12:15:50] [SKIP] NO_TRADE: no_momentum_signal
[2026-05-15 12:16:50] [SKIP] Same candle 2026-05-15 05:10:00  skip
[2026-05-15 12:17:50] [SKIP] Same candle 2026-05-15 05:10:00  skip
[2026-05-15 12:18:50] [SKIP] Same candle 2026-05-15 05:10:00  skip
[2026-05-15 12:19:50] [SKIP] Same candle 2026-05-15 05:10:00  skip
[2026-05-15 12:20:50] [SKIP] NO_TRADE: no_momentum_signal
[2026-05-15 12:21:50] [SKIP] Same candle 2026-05-15 05:15:00  skip
[2026-05-15 12:22:50] [SKIP] Same candle 2026-05-15 05:15:00  skip
[2026-05-15 12:23:50] [SKIP] Same candle 2026-05-15 05:15:00  skip
[2026-05-15 12:24:50] [SKIP] Same candle 2026-05-15 05:15:00  skip
[2026-05-15 12:25:50] [SKIP] NO_TRADE: no_momentum_signal
[2026-05-15 12:26:50] [SKIP] Same candle 2026-05-15 05:20:00  skip
[2026-05-15 12:27:50] [SKIP] Same candle 2026-05-15 05:20:00  skip
[2026-05-15 12:28:51] [SKIP] Same candle 2026-05-15 05:20:00  skip
[2026-05-15 12:29:51] [SKIP] Same candle 2026-05-15 05:20:00  skip
[2026-05-15 12:30:51] [SKIP] NO_TRADE: no_momentum_signal
[2026-05-15 12:31:51] [SKIP] Same candle 2026-05-15 05:25:00  skip
[2026-05-15 12:32:51] [SKIP] Same candle 2026-05-15 05:25:00  skip
[2026-05-15 12:33:51] [SKIP] Same candle 2026-05-15 05:25:00  skip
[2026-05-15 12:34:51] [SKIP] Same candle 2026-05-15 05:25:00  skip
[2026-05-15 12:35:51] [SKIP] NO_TRADE: no_momentum_signal
[2026-05-15 12:36:51] [SKIP] Same candle 2026-05-15 05:30:00  skip
[2026-05-15 12:37:51] [SKIP] Same candle 2026-05-15 05:30:00  skip
[2026-05-15 12:38:51] [SKIP] Same candle 2026-05-15 05:30:00  skip
[2026-05-15 12:39:51] [SKIP] Same candle 2026-05-15 05:30:00  skip
[2026-05-15 12:40:51] [SKIP] NO_TRADE: no_momentum_signal
[2026-05-15 12:41:51] [SKIP] Same candle 2026-05-15 05:35:00  skip
[2026-05-15 12:42:51] [SKIP] Same candle 2026-05-15 05:35:00  skip
[2026-05-15 12:43:51] [SKIP] Same candle 2026-05-15 05:35:00  skip
[2026-05-15 12:44:51] [SKIP] Same candle 2026-05-15 05:35:00  skip
[2026-05-15 12:45:51] [SKIP] NO_TRADE: no_momentum_signal
[2026-05-15 12:46:51] [SKIP] Same candle 2026-05-15 05:40:00  skip
[2026-05-15 12:47:51] [SKIP] Same candle 2026-05-15 05:40:00  skip
[2026-05-15 12:48:51] [SKIP] Same candle 2026-05-15 05:40:00  skip
[2026-05-15 12:49:51] [SKIP] Same candle 2026-05-15 05:40:00  skip
[2026-05-15 12:50:51] [SKIP] NO_TRADE: no_momentum_signal
[2026-05-15 12:51:51] [SKIP] Same candle 2026-05-15 05:45:00  skip
[2026-05-15 12:52:51] [SKIP] Same candle 2026-05-15 05:45:00  skip
[2026-05-15 12:53:51] [SKIP] Same candle 2026-05-15 05:45:00  skip
[2026-05-15 12:54:52] [SKIP] Same candle 2026-05-15 05:45:00  skip
[2026-05-15 12:55:52] [SKIP] NO_TRADE: no_momentum_signal
[2026-05-15 12:56:52] [SKIP] Same candle 2026-05-15 05:50:00  skip
[2026-05-15 12:57:52] [SKIP] Same candle 2026-05-15 05:50:00  skip
[2026-05-15 12:58:52] [SKIP] Same candle 2026-05-15 05:50:00  skip
[2026-05-15 12:59:52] [SKIP] Same candle 2026-05-15 05:50:00  skip
[2026-05-15 13:00:52] [STATS] Hourly (254 attempts): {'no_momentum_signal': '254(100%)'}
[2026-05-15 13:00:52] [SKIP] NO_TRADE: no_momentum_signal
[2026-05-15 13:01:52] [SKIP] Same candle 2026-05-15 05:55:00  skip
[2026-05-15 13:02:52] [SKIP] Same candle 2026-05-15 05:55:00  skip
[2026-05-15 13:03:52] [SKIP] Same candle 2026-05-15 05:55:00  skip
[2026-05-15 13:04:52] [SKIP] Same candle 2026-05-15 05:55:00  skip
[2026-05-15 13:05:52] [SKIP] NO_TRADE: no_momentum_signal
[2026-05-15 13:06:52] [SKIP] Same candle 2026-05-15 06:00:00  skip
[2026-05-15 13:07:52] [SKIP] Same candle 2026-05-15 06:00:00  skip
[2026-05-15 13:08:52] [SKIP] Same candle 2026-05-15 06:00:00  skip
[2026-05-15 13:09:52] [SKIP] Same candle 2026-05-15 06:00:00  skip
[2026-05-15 13:10:52] [SKIP] NO_TRADE: no_momentum_signal
[2026-05-15 13:11:52] [SKIP] Same candle 2026-05-15 06:05:00  skip
[2026-05-15 13:12:52] [SKIP] Same candle 2026-05-15 06:05:00  skip
[2026-05-15 13:13:52] [SKIP] Same candle 2026-05-15 06:05:00  skip
[2026-05-15 13:14:52] [SKIP] Same candle 2026-05-15 06:05:00  skip
[2026-05-15 13:15:52] [SKIP] NO_TRADE: no_momentum_signal
[2026-05-15 13:16:52] [SKIP] Same candle 2026-05-15 06:10:00  skip
[2026-05-15 13:17:52] [SKIP] Same candle 2026-05-15 06:10:00  skip
[2026-05-15 13:18:52] [SKIP] Same candle 2026-05-15 06:10:00  skip
[2026-05-15 13:19:52] [SKIP] Same candle 2026-05-15 06:10:00  skip
[2026-05-15 13:20:53] [SKIP] NO_TRADE: no_momentum_signal
[2026-05-15 13:21:53] [SKIP] Same candle 2026-05-15 06:15:00  skip
[2026-05-15 13:22:53] [SKIP] Same candle 2026-05-15 06:15:00  skip
[2026-05-15 13:23:53] [SKIP] Same candle 2026-05-15 06:15:00  skip
[2026-05-15 13:24:53] [SKIP] Same candle 2026-05-15 06:15:00  skip
[2026-05-15 13:25:53] [SKIP] NO_TRADE: no_momentum_signal
[2026-05-15 13:26:53] [SKIP] Same candle 2026-05-15 06:20:00  skip
[2026-05-15 13:27:53] [SKIP] Same candle 2026-05-15 06:20:00  skip
[2026-05-15 13:28:53] [SKIP] Same candle 2026-05-15 06:20:00  skip
[2026-05-15 13:29:53] [SKIP] Same candle 2026-05-15 06:20:00  skip
[2026-05-15 13:30:53] [SKIP] NO_TRADE: no_momentum_signal
[2026-05-15 13:31:53] [SKIP] Same candle 2026-05-15 06:25:00  skip
[2026-05-15 13:32:53] [SKIP] Same candle 2026-05-15 06:25:00  skip
[2026-05-15 13:33:53] [SKIP] Same candle 2026-05-15 06:25:00  skip
[2026-05-15 13:34:53] [SKIP] Same candle 2026-05-15 06:25:00  skip
[2026-05-15 13:35:53] [SKIP] NO_TRADE: no_momentum_signal
[2026-05-15 13:36:53] [SKIP] Same candle 2026-05-15 06:30:00  skip
[2026-05-15 13:37:53] [SKIP] Same candle 2026-05-15 06:30:00  skip
[2026-05-15 13:38:53] [SKIP] Same candle 2026-05-15 06:30:00  skip
[2026-05-15 13:39:53] [SKIP] Same candle 2026-05-15 06:30:00  skip
[2026-05-15 13:40:53] [SKIP] NO_TRADE: no_momentum_signal
[2026-05-15 13:41:53] [SKIP] Same candle 2026-05-15 06:35:00  skip
[2026-05-15 13:42:53] [SKIP] Same candle 2026-05-15 06:35:00  skip
[2026-05-15 13:43:53] [SKIP] Same candle 2026-05-15 06:35:00  skip
[2026-05-15 13:44:53] [SKIP] Same candle 2026-05-15 06:35:00  skip
[2026-05-15 13:45:53] [SKIP] NO_TRADE: no_momentum_signal
[2026-05-15 13:46:53] [SKIP] Same candle 2026-05-15 06:40:00  skip
[2026-05-15 13:47:53] [SKIP] Same candle 2026-05-15 06:40:00  skip
[2026-05-15 13:48:54] [SKIP] Same candle 2026-05-15 06:40:00  skip
[2026-05-15 13:49:54] [SKIP] Same candle 2026-05-15 06:40:00  skip
[2026-05-15 13:50:54] [SKIP] NO_TRADE: no_momentum_signal
[2026-05-15 13:51:54] [SKIP] Same candle 2026-05-15 06:45:00  skip
[2026-05-15 13:52:54] [SKIP] Same candle 2026-05-15 06:45:00  skip
[2026-05-15 13:53:54] [SKIP] Same candle 2026-05-15 06:45:00  skip
[2026-05-15 13:54:54] [SKIP] Same candle 2026-05-15 06:45:00  skip
[2026-05-15 13:55:54] [SKIP] NO_TRADE: no_momentum_signal
[2026-05-15 13:56:54] [SKIP] Same candle 2026-05-15 06:50:00  skip
[2026-05-15 13:57:54] [SKIP] Same candle 2026-05-15 06:50:00  skip
[2026-05-15 13:58:54] [SKIP] Same candle 2026-05-15 06:50:00  skip
[2026-05-15 13:59:54] [SKIP] Same candle 2026-05-15 06:50:00  skip
[2026-05-15 14:00:54] [STATS] Hourly (314 attempts): {'no_momentum_signal': '314(100%)'}
[2026-05-15 14:00:54] [SKIP] NO_TRADE: no_momentum_signal
[2026-05-15 14:01:54] [SKIP] Same candle 2026-05-15 06:55:00  skip
[2026-05-15 14:02:54] [SKIP] Same candle 2026-05-15 06:55:00  skip
[2026-05-15 14:03:54] [SKIP] Same candle 2026-05-15 06:55:00  skip
[2026-05-15 14:04:54] [SKIP] Same candle 2026-05-15 06:55:00  skip
[2026-05-15 14:05:54] [SKIP] NO_TRADE: no_momentum_signal
[2026-05-15 14:06:54] [SKIP] Same candle 2026-05-15 07:00:00  skip
[2026-05-15 14:07:54] [SKIP] Same candle 2026-05-15 07:00:00  skip
[2026-05-15 14:08:54] [SKIP] Same candle 2026-05-15 07:00:00  skip
[2026-05-15 14:09:54] [SKIP] Same candle 2026-05-15 07:00:00  skip
[2026-05-15 14:10:54] [SKIP] NO_TRADE: no_momentum_signal
[2026-05-15 14:11:54] [SKIP] Same candle 2026-05-15 07:05:00  skip
[2026-05-15 14:12:54] [SKIP] Same candle 2026-05-15 07:05:00  skip
[2026-05-15 14:13:54] [SKIP] Same candle 2026-05-15 07:05:00  skip
[2026-05-15 14:14:54] [SKIP] Same candle 2026-05-15 07:05:00  skip
[2026-05-15 14:15:55] [SKIP] NO_TRADE: no_momentum_signal
[2026-05-15 14:16:55] [SKIP] Same candle 2026-05-15 07:10:00  skip
[2026-05-15 14:17:55] [SKIP] Same candle 2026-05-15 07:10:00  skip
[2026-05-15 14:18:55] [SKIP] Same candle 2026-05-15 07:10:00  skip
[2026-05-15 14:19:55] [SKIP] Same candle 2026-05-15 07:10:00  skip
[2026-05-15 14:20:55] [SKIP] NO_TRADE: no_momentum_signal
[2026-05-15 14:21:55] [SKIP] Same candle 2026-05-15 07:15:00  skip
[2026-05-15 14:22:55] [SKIP] Same candle 2026-05-15 07:15:00  skip
[2026-05-15 14:23:55] [SKIP] Same candle 2026-05-15 07:15:00  skip
[2026-05-15 14:24:55] [SKIP] Same candle 2026-05-15 07:15:00  skip
[2026-05-15 14:25:55] [SKIP] NO_TRADE: no_momentum_signal
[2026-05-15 14:26:55] [SKIP] Same candle 2026-05-15 07:20:00  skip
[2026-05-15 14:27:55] [SKIP] Same candle 2026-05-15 07:20:00  skip
[2026-05-15 14:28:55] [SKIP] Same candle 2026-05-15 07:20:00  skip
[2026-05-15 14:29:55] [SKIP] Same candle 2026-05-15 07:20:00  skip
[2026-05-15 14:30:55] [SKIP] NO_TRADE: no_momentum_signal
[2026-05-15 14:31:55] [SKIP] Same candle 2026-05-15 07:25:00  skip
[2026-05-15 14:32:55] [SKIP] Same candle 2026-05-15 07:25:00  skip
[2026-05-15 14:33:55] [SKIP] Same candle 2026-05-15 07:25:00  skip
[2026-05-15 14:34:55] [SKIP] Same candle 2026-05-15 07:25:00  skip
[2026-05-15 14:35:55] [SKIP] NO_TRADE: no_momentum_signal
[2026-05-15 14:36:55] [SKIP] Same candle 2026-05-15 07:30:00  skip
[2026-05-15 14:37:55] [SKIP] Same candle 2026-05-15 07:30:00  skip
[2026-05-15 14:38:55] [SKIP] Same candle 2026-05-15 07:30:00  skip
[2026-05-15 14:39:55] [SKIP] Same candle 2026-05-15 07:30:00  skip
[2026-05-15 14:40:55] [SKIP] NO_TRADE: no_momentum_signal
[2026-05-15 14:41:55] [SKIP] Same candle 2026-05-15 07:35:00  skip
[2026-05-15 14:42:55] [SKIP] Same candle 2026-05-15 07:35:00  skip
[2026-05-15 14:43:56] [SKIP] Same candle 2026-05-15 07:35:00  skip
[2026-05-15 14:44:56] [SKIP] Same candle 2026-05-15 07:35:00  skip
[2026-05-15 14:45:56] [SKIP] NO_TRADE: no_momentum_signal
[2026-05-15 14:46:56] [SKIP] Same candle 2026-05-15 07:40:00  skip
[2026-05-15 14:47:56] [SKIP] Same candle 2026-05-15 07:40:00  skip
[2026-05-15 14:48:56] [SKIP] Same candle 2026-05-15 07:40:00  skip
[2026-05-15 14:49:56] [SKIP] Same candle 2026-05-15 07:40:00  skip
[2026-05-15 14:50:56] [SKIP] NO_TRADE: no_momentum_signal
[2026-05-15 14:51:56] [SKIP] Same candle 2026-05-15 07:45:00  skip
[2026-05-15 14:52:56] [SKIP] Same candle 2026-05-15 07:45:00  skip
[2026-05-15 14:53:56] [SKIP] Same candle 2026-05-15 07:45:00  skip
[2026-05-15 14:54:56] [SKIP] Same candle 2026-05-15 07:45:00  skip
[2026-05-15 14:55:56] [SKIP] NO_TRADE: no_momentum_signal
[2026-05-15 14:56:56] [SKIP] Same candle 2026-05-15 07:50:00  skip
[2026-05-15 14:57:56] [SKIP] Same candle 2026-05-15 07:50:00  skip
[2026-05-15 14:58:56] [SKIP] Same candle 2026-05-15 07:50:00  skip
[2026-05-15 14:59:56] [SKIP] Same candle 2026-05-15 07:50:00  skip
[2026-05-15 15:00:56] [STATS] Hourly (374 attempts): {'no_momentum_signal': '374(100%)'}
[2026-05-15 15:00:56] [SKIP] NO_TRADE: no_momentum_signal
[2026-05-15 15:01:56] [SKIP] Same candle 2026-05-15 07:55:00  skip
[2026-05-15 15:02:56] [SKIP] Same candle 2026-05-15 07:55:00  skip
[2026-05-15 15:03:56] [SKIP] Same candle 2026-05-15 07:55:00  skip
[2026-05-15 15:04:56] [SKIP] Same candle 2026-05-15 07:55:00  skip
[2026-05-15 15:05:56] [SKIP] NO_TRADE: no_momentum_signal
[2026-05-15 15:06:56] [SKIP] Same candle 2026-05-15 08:00:00  skip
[2026-05-15 15:07:56] [SKIP] Same candle 2026-05-15 08:00:00  skip
[2026-05-15 15:08:56] [SKIP] Same candle 2026-05-15 08:00:00  skip
[2026-05-15 15:09:57] [SKIP] Same candle 2026-05-15 08:00:00  skip
[2026-05-15 15:10:57] [SKIP] NO_TRADE: no_momentum_signal
[2026-05-15 15:11:57] [SKIP] Same candle 2026-05-15 08:05:00  skip
[2026-05-15 15:12:57] [SKIP] Same candle 2026-05-15 08:05:00  skip
[2026-05-15 15:13:57] [SKIP] Same candle 2026-05-15 08:05:00  skip
[2026-05-15 15:14:57] [SKIP] Same candle 2026-05-15 08:05:00  skip
[2026-05-15 15:15:57] [SKIP] NO_TRADE: no_momentum_signal
[2026-05-15 15:16:57] [SKIP] Same candle 2026-05-15 08:10:00  skip
[2026-05-15 15:17:57] [SKIP] Same candle 2026-05-15 08:10:00  skip
[2026-05-15 15:18:57] [SKIP] Same candle 2026-05-15 08:10:00  skip
[2026-05-15 15:19:57] [SKIP] Same candle 2026-05-15 08:10:00  skip
[2026-05-15 15:20:57] [SKIP] NO_TRADE: no_momentum_signal
[2026-05-15 15:21:57] [SKIP] Same candle 2026-05-15 08:15:00  skip
[2026-05-15 15:22:57] [SKIP] Same candle 2026-05-15 08:15:00  skip
[2026-05-15 15:23:57] [SKIP] Same candle 2026-05-15 08:15:00  skip
[2026-05-15 15:24:57] [SKIP] Same candle 2026-05-15 08:15:00  skip
[2026-05-15 15:25:57] [SKIP] NO_TRADE: no_momentum_signal
[2026-05-15 15:26:57] [SKIP] Same candle 2026-05-15 08:20:00  skip
[2026-05-15 15:27:57] [SKIP] Same candle 2026-05-15 08:20:00  skip
[2026-05-15 15:28:57] [SKIP] Same candle 2026-05-15 08:20:00  skip
[2026-05-15 15:29:57] [SKIP] Same candle 2026-05-15 08:20:00  skip
[2026-05-15 15:30:57] [SKIP] NO_TRADE: no_momentum_signal
[2026-05-15 15:31:57] [SKIP] Same candle 2026-05-15 08:25:00  skip
[2026-05-15 15:32:57] [SKIP] Same candle 2026-05-15 08:25:00  skip
[2026-05-15 15:33:57] [SKIP] Same candle 2026-05-15 08:25:00  skip
[2026-05-15 15:34:57] [SKIP] Same candle 2026-05-15 08:25:00  skip
[2026-05-15 15:35:57] [SKIP] NO_TRADE: no_momentum_signal
[2026-05-15 15:36:58] [SKIP] Same candle 2026-05-15 08:30:00  skip
[2026-05-15 15:37:58] [SKIP] Same candle 2026-05-15 08:30:00  skip
[2026-05-15 15:38:58] [SKIP] Same candle 2026-05-15 08:30:00  skip
[2026-05-15 15:39:58] [SKIP] Same candle 2026-05-15 08:30:00  skip
[2026-05-15 15:40:58] [SKIP] NO_TRADE: no_momentum_signal
[2026-05-15 15:41:58] [SKIP] Same candle 2026-05-15 08:35:00  skip
[2026-05-15 15:42:58] [SKIP] Same candle 2026-05-15 08:35:00  skip
[2026-05-15 15:43:58] [SKIP] Same candle 2026-05-15 08:35:00  skip
[2026-05-15 15:44:58] [SKIP] Same candle 2026-05-15 08:35:00  skip
[2026-05-15 15:45:58] [SKIP] NO_TRADE: no_momentum_signal
[2026-05-15 15:46:58] [SKIP] Same candle 2026-05-15 08:40:00  skip
[2026-05-15 15:47:58] [SKIP] Same candle 2026-05-15 08:40:00  skip
[2026-05-15 15:48:58] [SKIP] Same candle 2026-05-15 08:40:00  skip
[2026-05-15 15:49:58] [SKIP] Same candle 2026-05-15 08:40:00  skip
[2026-05-15 15:50:58] [SKIP] NO_TRADE: no_momentum_signal
[2026-05-15 15:51:58] [SKIP] Same candle 2026-05-15 08:45:00  skip
[2026-05-15 15:52:58] [SKIP] Same candle 2026-05-15 08:45:00  skip
[2026-05-15 15:53:58] [SKIP] Same candle 2026-05-15 08:45:00  skip
[2026-05-15 15:54:58] [SKIP] Same candle 2026-05-15 08:45:00  skip
[2026-05-15 15:55:58] [SKIP] NO_TRADE: no_momentum_signal
[2026-05-15 15:56:58] [SKIP] Same candle 2026-05-15 08:50:00  skip
[2026-05-15 15:57:58] [SKIP] Same candle 2026-05-15 08:50:00  skip
[2026-05-15 15:58:58] [SKIP] Same candle 2026-05-15 08:50:00  skip
[2026-05-15 15:59:58] [SKIP] Same candle 2026-05-15 08:50:00  skip
[2026-05-15 16:00:58] [STATS] Hourly (434 attempts): {'no_momentum_signal': '434(100%)'}
[2026-05-15 16:00:58] [SKIP] NO_TRADE: no_momentum_signal
[2026-05-15 16:01:58] [SKIP] Same candle 2026-05-15 08:55:00  skip
[2026-05-15 16:02:58] [SKIP] Same candle 2026-05-15 08:55:00  skip
[2026-05-15 16:03:59] [SKIP] Same candle 2026-05-15 08:55:00  skip
[2026-05-15 16:04:59] [SKIP] Same candle 2026-05-15 08:55:00  skip
[2026-05-15 16:05:59] [SKIP] NO_TRADE: no_momentum_signal
[2026-05-15 16:06:59] [SKIP] Same candle 2026-05-15 09:00:00  skip
[2026-05-15 16:07:59] [SKIP] Same candle 2026-05-15 09:00:00  skip
[2026-05-15 16:08:59] [SKIP] Same candle 2026-05-15 09:00:00  skip
[2026-05-15 16:09:59] [SKIP] Same candle 2026-05-15 09:00:00  skip
[2026-05-15 16:10:59] [SKIP] NO_TRADE: no_momentum_signal
[2026-05-15 16:11:59] [SKIP] Same candle 2026-05-15 09:05:00  skip
[2026-05-15 16:12:59] [SKIP] Same candle 2026-05-15 09:05:00  skip
[2026-05-15 16:13:59] [SKIP] Same candle 2026-05-15 09:05:00  skip
[2026-05-15 16:14:59] [SKIP] Same candle 2026-05-15 09:05:00  skip
[2026-05-15 16:15:59] [SKIP] NO_TRADE: no_momentum_signal
[2026-05-15 16:16:59] [SKIP] Same candle 2026-05-15 09:10:00  skip
[2026-05-15 16:17:59] [SKIP] Same candle 2026-05-15 09:10:00  skip
[2026-05-15 16:18:59] [SKIP] Same candle 2026-05-15 09:10:00  skip
[2026-05-15 16:19:59] [SKIP] Same candle 2026-05-15 09:10:00  skip
[2026-05-15 16:20:59] [SKIP] NO_TRADE: no_momentum_signal
[2026-05-15 16:21:59] [SKIP] Same candle 2026-05-15 09:15:00  skip
[2026-05-15 16:22:59] [SKIP] Same candle 2026-05-15 09:15:00  skip
[2026-05-15 16:23:59] [SKIP] Same candle 2026-05-15 09:15:00  skip
[2026-05-15 16:24:59] [SKIP] Same candle 2026-05-15 09:15:00  skip
[2026-05-15 16:25:59] [SKIP] NO_TRADE: no_momentum_signal
[2026-05-15 16:26:59] [SKIP] Same candle 2026-05-15 09:20:00  skip
[2026-05-15 16:27:59] [SKIP] Same candle 2026-05-15 09:20:00  skip
[2026-05-15 16:28:59] [SKIP] Same candle 2026-05-15 09:20:00  skip
[2026-05-15 16:29:59] [SKIP] Same candle 2026-05-15 09:20:00  skip
[2026-05-15 16:31:00] [SKIP] NO_TRADE: no_momentum_signal
[2026-05-15 16:32:00] [SKIP] Same candle 2026-05-15 09:25:00  skip
[2026-05-15 16:33:00] [SKIP] Same candle 2026-05-15 09:25:00  skip
[2026-05-15 16:34:00] [SKIP] Same candle 2026-05-15 09:25:00  skip
[2026-05-15 16:35:00] [SKIP] Same candle 2026-05-15 09:25:00  skip
[2026-05-15 16:36:00] [SKIP] NO_TRADE: no_momentum_signal
[2026-05-15 16:37:00] [SKIP] Same candle 2026-05-15 09:30:00  skip
[2026-05-15 16:38:00] [SKIP] Same candle 2026-05-15 09:30:00  skip
[2026-05-15 16:39:00] [SKIP] Same candle 2026-05-15 09:30:00  skip
[2026-05-15 16:40:00] [SKIP] NO_TRADE: no_momentum_signal
[2026-05-15 16:41:00] [SKIP] Same candle 2026-05-15 09:35:00  skip
[2026-05-15 16:42:00] [SKIP] Same candle 2026-05-15 09:35:00  skip
[2026-05-15 16:43:00] [SKIP] Same candle 2026-05-15 09:35:00  skip
[2026-05-15 16:44:00] [SKIP] Same candle 2026-05-15 09:35:00  skip
[2026-05-15 16:45:00] [SKIP] NO_TRADE: no_momentum_signal
[2026-05-15 16:46:00] [SKIP] Same candle 2026-05-15 09:40:00  skip
[2026-05-15 16:47:00] [SKIP] Same candle 2026-05-15 09:40:00  skip
[2026-05-15 16:48:00] [SKIP] Same candle 2026-05-15 09:40:00  skip
[2026-05-15 16:49:00] [SKIP] Same candle 2026-05-15 09:40:00  skip
[2026-05-15 16:50:00] [SKIP] NO_TRADE: no_momentum_signal
[2026-05-15 16:51:00] [SKIP] Same candle 2026-05-15 09:45:00  skip
[2026-05-15 16:52:00] [SKIP] Same candle 2026-05-15 09:45:00  skip
[2026-05-15 16:53:00] [SKIP] Same candle 2026-05-15 09:45:00  skip
[2026-05-15 16:54:00] [SKIP] Same candle 2026-05-15 09:45:00  skip
[2026-05-15 16:55:00] [SKIP] NO_TRADE: no_momentum_signal
[2026-05-15 16:56:01] [SKIP] Same candle 2026-05-15 09:50:00  skip
[2026-05-15 16:57:01] [SKIP] Same candle 2026-05-15 09:50:00  skip
[2026-05-15 16:58:01] [SKIP] Same candle 2026-05-15 09:50:00  skip
[2026-05-15 16:59:01] [SKIP] Same candle 2026-05-15 09:50:00  skip
[2026-05-15 17:00:01] [STATS] Hourly (493 attempts): {'no_momentum_signal': '493(100%)'}
[2026-05-15 17:00:01] [SKIP] NO_TRADE: no_momentum_signal
[2026-05-15 17:01:01] [SKIP] Same candle 2026-05-15 09:55:00  skip
[2026-05-15 17:02:01] [SKIP] Same candle 2026-05-15 09:55:00  skip
[2026-05-15 17:03:01] [SKIP] Same candle 2026-05-15 09:55:00  skip
[2026-05-15 17:04:01] [SKIP] Same candle 2026-05-15 09:55:00  skip
[2026-05-15 17:05:01] [SKIP] NO_TRADE: no_momentum_signal
[2026-05-15 17:06:01] [SKIP] Same candle 2026-05-15 10:00:00  skip
[2026-05-15 17:07:01] [SKIP] Same candle 2026-05-15 10:00:00  skip
[2026-05-15 17:08:01] [SKIP] Same candle 2026-05-15 10:00:00  skip
[2026-05-15 17:09:01] [SKIP] Same candle 2026-05-15 10:00:00  skip
[2026-05-15 17:10:01] [SKIP] NO_TRADE: no_momentum_signal
[2026-05-15 17:11:01] [SKIP] Same candle 2026-05-15 10:05:00  skip
[2026-05-15 17:12:01] [SKIP] Same candle 2026-05-15 10:05:00  skip
[2026-05-15 17:13:01] [SKIP] Same candle 2026-05-15 10:05:00  skip
[2026-05-15 17:14:01] [SKIP] Same candle 2026-05-15 10:05:00  skip
[2026-05-15 17:15:01] [SKIP] NO_TRADE: no_momentum_signal
[2026-05-15 17:16:01] [SKIP] Same candle 2026-05-15 10:10:00  skip
[2026-05-15 17:17:01] [SKIP] Same candle 2026-05-15 10:10:00  skip
[2026-05-15 17:18:01] [SKIP] Same candle 2026-05-15 10:10:00  skip
[2026-05-15 17:19:01] [SKIP] Same candle 2026-05-15 10:10:00  skip
[2026-05-15 17:20:01] [SKIP] NO_TRADE: no_momentum_signal
[2026-05-15 17:21:01] [SKIP] Same candle 2026-05-15 10:15:00  skip
[2026-05-15 17:22:01] [SKIP] Same candle 2026-05-15 10:15:00  skip
[2026-05-15 17:23:02] [SKIP] Same candle 2026-05-15 10:15:00  skip
[2026-05-15 17:24:02] [SKIP] Same candle 2026-05-15 10:15:00  skip
[2026-05-15 17:25:02] [SKIP] NO_TRADE: no_momentum_signal
[2026-05-15 17:26:02] [SKIP] Same candle 2026-05-15 10:20:00  skip
[2026-05-15 17:27:02] [SKIP] Same candle 2026-05-15 10:20:00  skip
[2026-05-15 17:28:02] [SKIP] Same candle 2026-05-15 10:20:00  skip
[2026-05-15 17:29:02] [SKIP] Same candle 2026-05-15 10:20:00  skip
[2026-05-15 17:30:02] [SKIP] NO_TRADE: no_momentum_signal
[2026-05-15 17:31:02] [SKIP] Same candle 2026-05-15 10:25:00  skip
[2026-05-15 17:32:02] [SKIP] Same candle 2026-05-15 10:25:00  skip
[2026-05-15 17:33:02] [SKIP] Same candle 2026-05-15 10:25:00  skip
[2026-05-15 17:34:02] [SKIP] Same candle 2026-05-15 10:25:00  skip
[2026-05-15 17:35:02] [SKIP] NO_TRADE: no_momentum_signal
[2026-05-15 17:36:02] [SKIP] Same candle 2026-05-15 10:30:00  skip
[2026-05-15 17:37:02] [SKIP] Same candle 2026-05-15 10:30:00  skip
[2026-05-15 17:38:02] [SKIP] Same candle 2026-05-15 10:30:00  skip
[2026-05-15 17:39:02] [SKIP] Same candle 2026-05-15 10:30:00  skip
[2026-05-15 17:40:02] [SKIP] NO_TRADE: no_momentum_signal
[2026-05-15 17:41:02] [SKIP] Same candle 2026-05-15 10:35:00  skip
[2026-05-15 17:42:02] [SKIP] Same candle 2026-05-15 10:35:00  skip
[2026-05-15 17:43:02] [SKIP] Same candle 2026-05-15 10:35:00  skip
[2026-05-15 17:44:02] [SKIP] Same candle 2026-05-15 10:35:00  skip
[2026-05-15 17:45:02] [SKIP] NO_TRADE: no_momentum_signal
[2026-05-15 17:46:02] [SKIP] Same candle 2026-05-15 10:40:00  skip
[2026-05-15 17:47:02] [SKIP] Same candle 2026-05-15 10:40:00  skip
[2026-05-15 17:48:02] [SKIP] Same candle 2026-05-15 10:40:00  skip
[2026-05-15 17:49:02] [SKIP] Same candle 2026-05-15 10:40:00  skip
[2026-05-15 17:50:03] [SKIP] NO_TRADE: no_momentum_signal
[2026-05-15 17:51:03] [SKIP] Same candle 2026-05-15 10:45:00  skip
[2026-05-15 17:52:03] [SKIP] Same candle 2026-05-15 10:45:00  skip
[2026-05-15 17:53:03] [SKIP] Same candle 2026-05-15 10:45:00  skip
[2026-05-15 17:54:03] [SKIP] Same candle 2026-05-15 10:45:00  skip
[2026-05-15 17:55:03] [SKIP] NO_TRADE: no_momentum_signal
[2026-05-15 17:56:03] [SKIP] Same candle 2026-05-15 10:50:00  skip
[2026-05-15 17:57:03] [SKIP] Same candle 2026-05-15 10:50:00  skip
[2026-05-15 17:58:03] [SKIP] Same candle 2026-05-15 10:50:00  skip
[2026-05-15 17:59:03] [SKIP] Same candle 2026-05-15 10:50:00  skip
[2026-05-15 18:00:03] [STATS] Hourly (553 attempts): {'no_momentum_signal': '553(100%)'}
[2026-05-15 18:00:03] [SKIP] NO_TRADE: no_momentum_signal
[2026-05-15 18:01:03] [SKIP] Same candle 2026-05-15 10:55:00  skip
[2026-05-15 18:02:03] [SKIP] Same candle 2026-05-15 10:55:00  skip
[2026-05-15 18:03:03] [SKIP] Same candle 2026-05-15 10:55:00  skip
[2026-05-15 18:04:03] [SKIP] Same candle 2026-05-15 10:55:00  skip
[2026-05-15 18:05:03] [SKIP] NO_TRADE: no_momentum_signal
[2026-05-15 18:06:03] [SKIP] Same candle 2026-05-15 11:00:00  skip
[2026-05-15 18:07:03] [SKIP] Same candle 2026-05-15 11:00:00  skip
[2026-05-15 18:08:03] [SKIP] Same candle 2026-05-15 11:00:00  skip
[2026-05-15 18:09:03] [SKIP] Same candle 2026-05-15 11:00:00  skip
[2026-05-15 18:10:03] [SKIP] NO_TRADE: no_momentum_signal
[2026-05-15 18:11:03] [SKIP] Same candle 2026-05-15 11:05:00  skip
[2026-05-15 18:12:03] [SKIP] Same candle 2026-05-15 11:05:00  skip
[2026-05-15 18:13:03] [SKIP] Same candle 2026-05-15 11:05:00  skip
[2026-05-15 18:14:04] [SKIP] Same candle 2026-05-15 11:05:00  skip
[2026-05-15 18:15:04] [SKIP] NO_TRADE: no_momentum_signal
[2026-05-15 18:16:04] [SKIP] Same candle 2026-05-15 11:10:00  skip
[2026-05-15 18:17:04] [SKIP] Same candle 2026-05-15 11:10:00  skip
[2026-05-15 18:18:04] [SKIP] Same candle 2026-05-15 11:10:00  skip
[2026-05-15 18:19:04] [SKIP] Same candle 2026-05-15 11:10:00  skip
[2026-05-15 18:20:04] [SKIP] NO_TRADE: no_momentum_signal
[2026-05-15 18:21:04] [SKIP] Same candle 2026-05-15 11:15:00  skip
[2026-05-15 18:22:04] [SKIP] Same candle 2026-05-15 11:15:00  skip
[2026-05-15 18:23:04] [SKIP] Same candle 2026-05-15 11:15:00  skip
[2026-05-15 18:24:04] [SKIP] Same candle 2026-05-15 11:15:00  skip
[2026-05-15 18:25:04] [SKIP] NO_TRADE: no_momentum_signal
[2026-05-15 18:26:04] [SKIP] Same candle 2026-05-15 11:20:00  skip
[2026-05-15 18:27:04] [SKIP] Same candle 2026-05-15 11:20:00  skip
[2026-05-15 18:28:04] [SKIP] Same candle 2026-05-15 11:20:00  skip
[2026-05-15 18:29:04] [SKIP] Same candle 2026-05-15 11:20:00  skip
[2026-05-15 18:30:04] [SKIP] NO_TRADE: no_momentum_signal
[2026-05-15 18:31:04] [SKIP] Same candle 2026-05-15 11:25:00  skip
[2026-05-15 18:32:04] [SKIP] Same candle 2026-05-15 11:25:00  skip
[2026-05-15 18:33:04] [SKIP] Same candle 2026-05-15 11:25:00  skip
[2026-05-15 18:34:04] [SKIP] Same candle 2026-05-15 11:25:00  skip
[2026-05-15 18:35:04] [SKIP] NO_TRADE: no_momentum_signal
[2026-05-15 18:36:04] [SKIP] Same candle 2026-05-15 11:30:00  skip
[2026-05-15 18:37:04] [SKIP] Same candle 2026-05-15 11:30:00  skip
[2026-05-15 18:38:04] [SKIP] Same candle 2026-05-15 11:30:00  skip
[2026-05-15 18:39:04] [SKIP] Same candle 2026-05-15 11:30:00  skip
[2026-05-15 18:40:04] [SKIP] NO_TRADE: no_momentum_signal
[2026-05-15 18:41:05] [SKIP] Same candle 2026-05-15 11:35:00  skip
[2026-05-15 18:42:05] [SKIP] Same candle 2026-05-15 11:35:00  skip
[2026-05-15 18:43:05] [SKIP] Same candle 2026-05-15 11:35:00  skip
[2026-05-15 18:44:05] [SKIP] Same candle 2026-05-15 11:35:00  skip
[2026-05-15 18:45:05] [SKIP] NO_TRADE: no_momentum_signal
[2026-05-15 18:46:05] [SKIP] Same candle 2026-05-15 11:40:00  skip
[2026-05-15 18:47:05] [SKIP] Same candle 2026-05-15 11:40:00  skip
[2026-05-15 18:48:05] [SKIP] Same candle 2026-05-15 11:40:00  skip
[2026-05-15 18:49:05] [SKIP] Same candle 2026-05-15 11:40:00  skip
[2026-05-15 18:50:05] [SKIP] NO_TRADE: no_momentum_signal
[2026-05-15 18:51:05] [SKIP] Same candle 2026-05-15 11:45:00  skip
[2026-05-15 18:52:05] [SKIP] Same candle 2026-05-15 11:45:00  skip
[2026-05-15 18:53:05] [SKIP] Same candle 2026-05-15 11:45:00  skip
[2026-05-15 18:54:05] [SKIP] Same candle 2026-05-15 11:45:00  skip
[2026-05-15 18:55:05] [SKIP] NO_TRADE: no_momentum_signal
[2026-05-15 18:56:05] [SKIP] Same candle 2026-05-15 11:50:00  skip
[2026-05-15 18:57:05] [SKIP] Same candle 2026-05-15 11:50:00  skip
[2026-05-15 18:58:05] [SKIP] Same candle 2026-05-15 11:50:00  skip
[2026-05-15 18:59:05] [SKIP] Same candle 2026-05-15 11:50:00  skip
[2026-05-15 19:00:05] [STATS] Hourly (613 attempts): {'no_momentum_signal': '613(100%)'}
[2026-05-15 19:00:05] [SKIP] NO_TRADE: no_momentum_signal
[2026-05-15 19:01:05] [SKIP] Same candle 2026-05-15 11:55:00  skip
[2026-05-15 19:02:05] [SKIP] Same candle 2026-05-15 11:55:00  skip
[2026-05-15 19:03:05] [SKIP] Same candle 2026-05-15 11:55:00  skip
[2026-05-15 19:04:05] [SKIP] Same candle 2026-05-15 11:55:00  skip
[2026-05-15 19:05:05] [SKIP] NO_TRADE: no_momentum_signal
[2026-05-15 19:06:05] [SKIP] Same candle 2026-05-15 12:00:00  skip
[2026-05-15 19:07:05] [SKIP] Same candle 2026-05-15 12:00:00  skip
[2026-05-15 19:08:06] [SKIP] Same candle 2026-05-15 12:00:00  skip
[2026-05-15 19:09:06] [SKIP] Same candle 2026-05-15 12:00:00  skip
[2026-05-15 19:10:06] [SKIP] NO_TRADE: no_momentum_signal
[2026-05-15 19:11:06] [SKIP] Same candle 2026-05-15 12:05:00  skip
[2026-05-15 19:12:06] [SKIP] Same candle 2026-05-15 12:05:00  skip
[2026-05-15 19:13:06] [SKIP] Same candle 2026-05-15 12:05:00  skip
[2026-05-15 19:14:06] [SKIP] Same candle 2026-05-15 12:05:00  skip
[2026-05-15 19:15:06] [SKIP] NO_TRADE: no_momentum_signal
[2026-05-15 19:16:06] [SKIP] Same candle 2026-05-15 12:10:00  skip
[2026-05-15 19:17:06] [SKIP] Same candle 2026-05-15 12:10:00  skip
[2026-05-15 19:18:06] [SKIP] Same candle 2026-05-15 12:10:00  skip
[2026-05-15 19:19:06] [SKIP] Same candle 2026-05-15 12:10:00  skip
[2026-05-15 19:20:06] [SKIP] NO_TRADE: no_momentum_signal
[2026-05-15 19:21:06] [SKIP] Same candle 2026-05-15 12:15:00  skip
[2026-05-15 19:22:06] [SKIP] Same candle 2026-05-15 12:15:00  skip
[2026-05-15 19:23:06] [SKIP] Same candle 2026-05-15 12:15:00  skip
[2026-05-15 19:24:06] [SKIP] Same candle 2026-05-15 12:15:00  skip
[2026-05-15 19:25:06] [SKIP] NO_TRADE: no_momentum_signal
[2026-05-15 19:26:06] [SKIP] Same candle 2026-05-15 12:20:00  skip
[2026-05-15 19:27:06] [SKIP] Same candle 2026-05-15 12:20:00  skip
[2026-05-15 19:28:06] [SKIP] Same candle 2026-05-15 12:20:00  skip
[2026-05-15 19:29:06] [SKIP] Same candle 2026-05-15 12:20:00  skip
[2026-05-15 19:30:06] [SKIP] NO_TRADE: no_momentum_signal
[2026-05-15 19:31:06] [SKIP] Same candle 2026-05-15 12:25:00  skip
[2026-05-15 19:32:06] [SKIP] Same candle 2026-05-15 12:25:00  skip
[2026-05-15 19:33:06] [SKIP] Same candle 2026-05-15 12:25:00  skip
[2026-05-15 19:34:06] [SKIP] Same candle 2026-05-15 12:25:00  skip
[2026-05-15 19:35:06] [SKIP] NO_TRADE: no_momentum_signal
[2026-05-15 19:36:07] [SKIP] Same candle 2026-05-15 12:30:00  skip
[2026-05-15 19:37:07] [SKIP] Same candle 2026-05-15 12:30:00  skip
[2026-05-15 19:38:07] [SKIP] Same candle 2026-05-15 12:30:00  skip
[2026-05-15 19:39:07] [SKIP] Same candle 2026-05-15 12:30:00  skip
[2026-05-15 19:40:07] [SKIP] NO_TRADE: no_momentum_signal
[2026-05-15 19:41:07] [SKIP] Same candle 2026-05-15 12:35:00  skip
[2026-05-15 19:42:07] [SKIP] Same candle 2026-05-15 12:35:00  skip
[2026-05-15 19:43:07] [SKIP] Same candle 2026-05-15 12:35:00  skip
[2026-05-15 19:44:07] [SKIP] Same candle 2026-05-15 12:35:00  skip
[2026-05-15 19:45:07] [SKIP] NO_TRADE: no_momentum_signal
[2026-05-15 19:46:07] [SKIP] Same candle 2026-05-15 12:40:00  skip
[2026-05-15 19:47:07] [SKIP] Same candle 2026-05-15 12:40:00  skip
[2026-05-15 19:48:07] [SKIP] Same candle 2026-05-15 12:40:00  skip
[2026-05-15 19:49:07] [SKIP] Same candle 2026-05-15 12:40:00  skip
[2026-05-15 19:50:07] [SKIP] NO_TRADE: no_momentum_signal
[2026-05-15 19:51:07] [SKIP] Same candle 2026-05-15 12:45:00  skip
[2026-05-15 19:52:07] [SKIP] Same candle 2026-05-15 12:45:00  skip
[2026-05-15 19:53:07] [SKIP] Same candle 2026-05-15 12:45:00  skip
[2026-05-15 19:54:07] [SKIP] Same candle 2026-05-15 12:45:00  skip
[2026-05-15 19:55:07] [SKIP] NO_TRADE: no_momentum_signal
[2026-05-15 19:56:07] [SKIP] Same candle 2026-05-15 12:50:00  skip
[2026-05-15 19:57:07] [SKIP] Same candle 2026-05-15 12:50:00  skip
[2026-05-15 19:58:07] [SKIP] Same candle 2026-05-15 12:50:00  skip
[2026-05-15 19:59:07] [SKIP] Same candle 2026-05-15 12:50:00  skip
[2026-05-15 20:00:07] [STATS] Hourly (673 attempts): {'no_momentum_signal': '673(100%)'}
[2026-05-15 20:00:07] [SKIP] NO_TRADE: no_momentum_signal
[2026-05-15 20:01:07] [SKIP] Same candle 2026-05-15 12:55:00  skip
[2026-05-15 20:02:07] [SKIP] Same candle 2026-05-15 12:55:00  skip
[2026-05-15 20:03:08] [SKIP] Same candle 2026-05-15 12:55:00  skip
[2026-05-15 20:04:08] [SKIP] Same candle 2026-05-15 12:55:00  skip
[2026-05-15 20:05:08] [SKIP] NO_TRADE: no_momentum_signal
[2026-05-15 20:06:08] [SKIP] Same candle 2026-05-15 13:00:00  skip
[2026-05-15 20:07:08] [SKIP] Same candle 2026-05-15 13:00:00  skip
[2026-05-15 20:08:08] [SKIP] Same candle 2026-05-15 13:00:00  skip
[2026-05-15 20:09:08] [SKIP] Same candle 2026-05-15 13:00:00  skip
[2026-05-15 20:10:08] [SKIP] NO_TRADE: no_momentum_signal
[2026-05-15 20:11:08] [SKIP] Same candle 2026-05-15 13:05:00  skip
[2026-05-15 20:12:08] [SKIP] Same candle 2026-05-15 13:05:00  skip
[2026-05-15 20:13:08] [SKIP] Same candle 2026-05-15 13:05:00  skip
[2026-05-15 20:14:08] [SKIP] Same candle 2026-05-15 13:05:00  skip
[2026-05-15 20:15:08] [SKIP] NO_TRADE: no_momentum_signal
[2026-05-15 20:16:08] [SKIP] Same candle 2026-05-15 13:10:00  skip
[2026-05-15 20:17:08] [SKIP] Same candle 2026-05-15 13:10:00  skip
[2026-05-15 20:18:08] [SKIP] Same candle 2026-05-15 13:10:00  skip
[2026-05-15 20:19:08] [SKIP] Same candle 2026-05-15 13:10:00  skip
[2026-05-15 20:20:08] [SKIP] NO_TRADE: no_momentum_signal
[2026-05-15 20:21:08] [SKIP] Same candle 2026-05-15 13:15:00  skip
[2026-05-15 20:22:08] [SKIP] Same candle 2026-05-15 13:15:00  skip
[2026-05-15 20:23:08] [SKIP] Same candle 2026-05-15 13:15:00  skip
[2026-05-15 20:24:08] [SKIP] Same candle 2026-05-15 13:15:00  skip
[2026-05-15 20:25:08] [SKIP] NO_TRADE: no_momentum_signal
[2026-05-15 20:26:08] [SKIP] Same candle 2026-05-15 13:20:00  skip
[2026-05-15 20:27:08] [SKIP] Same candle 2026-05-15 13:20:00  skip
[2026-05-15 20:28:08] [SKIP] Same candle 2026-05-15 13:20:00  skip
[2026-05-15 20:29:08] [SKIP] Same candle 2026-05-15 13:20:00  skip
[2026-05-15 20:30:09] [SKIP] NO_TRADE: no_momentum_signal
[2026-05-15 20:31:09] [SKIP] Same candle 2026-05-15 13:25:00  skip
[2026-05-15 20:32:09] [SKIP] Same candle 2026-05-15 13:25:00  skip
[2026-05-15 20:33:09] [SKIP] Same candle 2026-05-15 13:25:00  skip
[2026-05-15 20:34:09] [SKIP] Same candle 2026-05-15 13:25:00  skip
[2026-05-15 20:35:09] [SKIP] NO_TRADE: no_momentum_signal
[2026-05-15 20:36:09] [SKIP] Same candle 2026-05-15 13:30:00  skip
[2026-05-15 20:37:09] [SKIP] Same candle 2026-05-15 13:30:00  skip
[2026-05-15 20:38:09] [SKIP] Same candle 2026-05-15 13:30:00  skip
[2026-05-15 20:39:09] [SKIP] Same candle 2026-05-15 13:30:00  skip
[2026-05-15 20:40:09] [SKIP] NO_TRADE: no_momentum_signal
[2026-05-15 20:41:09] [SKIP] Same candle 2026-05-15 13:35:00  skip
[2026-05-15 20:42:09] [SKIP] Same candle 2026-05-15 13:35:00  skip
[2026-05-15 20:43:09] [SKIP] Same candle 2026-05-15 13:35:00  skip
[2026-05-15 20:44:09] [SKIP] Same candle 2026-05-15 13:35:00  skip
[2026-05-15 20:45:09] [SKIP] NO_TRADE: no_momentum_signal
[2026-05-15 20:46:09] [SKIP] Same candle 2026-05-15 13:40:00  skip
[2026-05-15 20:47:09] [SKIP] Same candle 2026-05-15 13:40:00  skip
[2026-05-15 20:48:09] [SKIP] Same candle 2026-05-15 13:40:00  skip
[2026-05-15 20:49:09] [SKIP] Same candle 2026-05-15 13:40:00  skip
[2026-05-15 20:50:09] [SKIP] NO_TRADE: no_momentum_signal
[2026-05-15 20:51:09] [SKIP] Same candle 2026-05-15 13:45:00  skip
[2026-05-15 20:52:09] [SKIP] Same candle 2026-05-15 13:45:00  skip
[2026-05-15 20:53:09] [SKIP] Same candle 2026-05-15 13:45:00  skip
[2026-05-15 20:54:09] [SKIP] Same candle 2026-05-15 13:45:00  skip
[2026-05-15 20:55:09] [SKIP] NO_TRADE: no_momentum_signal
[2026-05-15 20:56:10] [SKIP] Same candle 2026-05-15 13:50:00  skip
[2026-05-15 20:57:10] [SKIP] Same candle 2026-05-15 13:50:00  skip
[2026-05-15 20:58:10] [SKIP] Same candle 2026-05-15 13:50:00  skip
[2026-05-15 20:59:10] [SKIP] Same candle 2026-05-15 13:50:00  skip
[2026-05-15 21:00:10] [STATS] Hourly (733 attempts): {'no_momentum_signal': '733(100%)'}
[2026-05-15 21:00:10] [SKIP] NO_TRADE: no_momentum_signal
[2026-05-15 21:01:10] [SKIP] Same candle 2026-05-15 13:55:00  skip
[2026-05-15 21:02:10] [SKIP] Same candle 2026-05-15 13:55:00  skip
[2026-05-15 21:03:10] [SKIP] Same candle 2026-05-15 13:55:00  skip
[2026-05-15 21:04:10] [SKIP] Same candle 2026-05-15 13:55:00  skip
[2026-05-15 21:05:10] [SKIP] NO_TRADE: no_momentum_signal
[2026-05-15 21:06:10] [SKIP] Same candle 2026-05-15 14:00:00  skip
[2026-05-15 21:07:10] [SKIP] Same candle 2026-05-15 14:00:00  skip
[2026-05-15 21:08:10] [SKIP] Same candle 2026-05-15 14:00:00  skip
[2026-05-15 21:09:10] [SKIP] Same candle 2026-05-15 14:00:00  skip
[2026-05-15 21:10:10] [SKIP] NO_TRADE: no_momentum_signal
[2026-05-15 21:11:10] [SKIP] Same candle 2026-05-15 14:05:00  skip
[2026-05-15 21:12:10] [SKIP] Same candle 2026-05-15 14:05:00  skip
[2026-05-15 21:13:10] [SKIP] Same candle 2026-05-15 14:05:00  skip
[2026-05-15 21:14:10] [SKIP] Same candle 2026-05-15 14:05:00  skip
[2026-05-15 21:15:10] [SKIP] NO_TRADE: no_momentum_signal
[2026-05-15 21:16:10] [SKIP] Same candle 2026-05-15 14:10:00  skip
[2026-05-15 21:17:10] [SKIP] Same candle 2026-05-15 14:10:00  skip
[2026-05-15 21:18:10] [SKIP] Same candle 2026-05-15 14:10:00  skip
[2026-05-15 21:19:10] [SKIP] Same candle 2026-05-15 14:10:00  skip
[2026-05-15 21:20:10] [SKIP] NO_TRADE: no_momentum_signal
[2026-05-15 21:21:10] [SKIP] Same candle 2026-05-15 14:15:00  skip
[2026-05-15 21:22:11] [SKIP] Same candle 2026-05-15 14:15:00  skip
[2026-05-15 21:23:11] [SKIP] Same candle 2026-05-15 14:15:00  skip
[2026-05-15 21:24:11] [SKIP] Same candle 2026-05-15 14:15:00  skip
[2026-05-15 21:25:11] [SKIP] NO_TRADE: no_momentum_signal
[2026-05-15 21:26:11] [SKIP] Same candle 2026-05-15 14:20:00  skip
[2026-05-15 21:27:11] [SKIP] Same candle 2026-05-15 14:20:00  skip
[2026-05-15 21:28:11] [SKIP] Same candle 2026-05-15 14:20:00  skip
[2026-05-15 21:29:11] [SKIP] Same candle 2026-05-15 14:20:00  skip
[2026-05-15 21:30:11] [SKIP] NO_TRADE: no_momentum_signal
[2026-05-15 21:31:11] [SKIP] Same candle 2026-05-15 14:25:00  skip
[2026-05-15 21:32:11] [SKIP] Same candle 2026-05-15 14:25:00  skip
[2026-05-15 21:33:11] [SKIP] Same candle 2026-05-15 14:25:00  skip
[2026-05-15 21:34:11] [SKIP] Same candle 2026-05-15 14:25:00  skip
[2026-05-15 21:35:11] [SKIP] NO_TRADE: no_momentum_signal
[2026-05-15 21:36:11] [SKIP] Same candle 2026-05-15 14:30:00  skip
[2026-05-15 21:37:11] [SKIP] Same candle 2026-05-15 14:30:00  skip
[2026-05-15 21:38:11] [SKIP] Same candle 2026-05-15 14:30:00  skip
[2026-05-15 21:39:11] [SKIP] Same candle 2026-05-15 14:30:00  skip
[2026-05-15 21:40:11] [SKIP] NO_TRADE: no_momentum_signal
[2026-05-15 21:41:11] [SKIP] Same candle 2026-05-15 14:35:00  skip
[2026-05-15 21:42:11] [SKIP] Same candle 2026-05-15 14:35:00  skip
[2026-05-15 21:43:11] [SKIP] Same candle 2026-05-15 14:35:00  skip
[2026-05-15 21:44:11] [SKIP] Same candle 2026-05-15 14:35:00  skip
[2026-05-15 21:45:11] [SKIP] NO_TRADE: no_momentum_signal
[2026-05-15 21:46:11] [SKIP] Same candle 2026-05-15 14:40:00  skip
[2026-05-15 21:47:12] [SKIP] Same candle 2026-05-15 14:40:00  skip
[2026-05-15 21:48:12] [SKIP] Same candle 2026-05-15 14:40:00  skip
[2026-05-15 21:49:12] [SKIP] Same candle 2026-05-15 14:40:00  skip
[2026-05-15 21:50:12] [SKIP] NO_TRADE: no_momentum_signal
[2026-05-15 21:51:12] [SKIP] Same candle 2026-05-15 14:45:00  skip
[2026-05-15 21:52:12] [SKIP] Same candle 2026-05-15 14:45:00  skip
[2026-05-15 21:53:12] [SKIP] Same candle 2026-05-15 14:45:00  skip
[2026-05-15 21:54:12] [SKIP] Same candle 2026-05-15 14:45:00  skip
[2026-05-15 21:55:12] [SKIP] NO_TRADE: no_momentum_signal
[2026-05-15 21:56:12] [SKIP] Same candle 2026-05-15 14:50:00  skip
[2026-05-15 21:57:12] [SKIP] Same candle 2026-05-15 14:50:00  skip
[2026-05-15 21:58:12] [SKIP] Same candle 2026-05-15 14:50:00  skip
[2026-05-15 21:59:12] [SKIP] Same candle 2026-05-15 14:50:00  skip
[2026-05-15 22:00:12] [STATS] Hourly (793 attempts): {'no_momentum_signal': '793(100%)'}
[2026-05-15 22:00:12] [SKIP] NO_TRADE: no_momentum_signal
[2026-05-15 22:01:12] [SKIP] Same candle 2026-05-15 14:55:00  skip
[2026-05-15 22:02:12] [SKIP] Same candle 2026-05-15 14:55:00  skip
[2026-05-15 22:03:12] [SKIP] Same candle 2026-05-15 14:55:00  skip
[2026-05-15 22:04:12] [SKIP] Same candle 2026-05-15 14:55:00  skip
[2026-05-15 22:05:12] [SKIP] NO_TRADE: no_momentum_signal
[2026-05-15 22:06:12] [SKIP] Same candle 2026-05-15 15:00:00  skip
[2026-05-15 22:07:12] [SKIP] Same candle 2026-05-15 15:00:00  skip
[2026-05-15 22:08:12] [SKIP] Same candle 2026-05-15 15:00:00  skip
[2026-05-15 22:09:12] [SKIP] Same candle 2026-05-15 15:00:00  skip
[2026-05-15 22:10:12] [SKIP] NO_TRADE: no_momentum_signal
[2026-05-15 22:11:12] [SKIP] Same candle 2026-05-15 15:05:00  skip
[2026-05-15 22:12:13] [SKIP] Same candle 2026-05-15 15:05:00  skip
[2026-05-15 22:13:13] [SKIP] Same candle 2026-05-15 15:05:00  skip
[2026-05-15 22:14:13] [SKIP] Same candle 2026-05-15 15:05:00  skip
[2026-05-15 22:15:13] [SKIP] NO_TRADE: no_momentum_signal
[2026-05-15 22:16:13] [SKIP] Same candle 2026-05-15 15:10:00  skip
[2026-05-15 22:17:13] [SKIP] Same candle 2026-05-15 15:10:00  skip
[2026-05-15 22:18:13] [SKIP] Same candle 2026-05-15 15:10:00  skip
[2026-05-15 22:19:13] [SKIP] Same candle 2026-05-15 15:10:00  skip
[2026-05-15 22:20:13] [SKIP] NO_TRADE: no_momentum_signal
[2026-05-15 22:21:13] [SKIP] Same candle 2026-05-15 15:15:00  skip
[2026-05-15 22:22:13] [SKIP] Same candle 2026-05-15 15:15:00  skip
[2026-05-15 22:23:13] [SKIP] Same candle 2026-05-15 15:15:00  skip
[2026-05-15 22:24:13] [SKIP] Same candle 2026-05-15 15:15:00  skip
[2026-05-15 22:25:13] [SKIP] NO_TRADE: no_momentum_signal
[2026-05-15 22:26:13] [SKIP] Same candle 2026-05-15 15:20:00  skip
[2026-05-15 22:27:13] [SKIP] Same candle 2026-05-15 15:20:00  skip
[2026-05-15 22:28:13] [SKIP] Same candle 2026-05-15 15:20:00  skip
[2026-05-15 22:29:13] [SKIP] Same candle 2026-05-15 15:20:00  skip
[2026-05-15 22:30:13] [SKIP] NO_TRADE: no_momentum_signal
[2026-05-15 22:31:13] [SKIP] Same candle 2026-05-15 15:25:00  skip
[2026-05-15 22:32:13] [SKIP] Same candle 2026-05-15 15:25:00  skip
[2026-05-15 22:33:13] [SKIP] Same candle 2026-05-15 15:25:00  skip
[2026-05-15 22:34:13] [SKIP] Same candle 2026-05-15 15:25:00  skip
[2026-05-15 22:35:13] [SKIP] NO_TRADE: no_momentum_signal
[2026-05-15 22:36:13] [SKIP] Same candle 2026-05-15 15:30:00  skip
[2026-05-15 22:37:13] [SKIP] Same candle 2026-05-15 15:30:00  skip
[2026-05-15 22:38:14] [SKIP] Same candle 2026-05-15 15:30:00  skip
[2026-05-15 22:39:14] [SKIP] Same candle 2026-05-15 15:30:00  skip
[2026-05-15 22:40:14] [SKIP] NO_TRADE: no_momentum_signal
[2026-05-15 22:41:14] [SKIP] Same candle 2026-05-15 15:35:00  skip
[2026-05-15 22:42:14] [SKIP] Same candle 2026-05-15 15:35:00  skip
[2026-05-15 22:43:14] [SKIP] Same candle 2026-05-15 15:35:00  skip
[2026-05-15 22:44:14] [SKIP] Same candle 2026-05-15 15:35:00  skip
[2026-05-15 22:45:14] [SKIP] NO_TRADE: no_momentum_signal
[2026-05-15 22:46:14] [SKIP] Same candle 2026-05-15 15:40:00  skip
[2026-05-15 22:47:14] [SKIP] Same candle 2026-05-15 15:40:00  skip
[2026-05-15 22:48:14] [SKIP] Same candle 2026-05-15 15:40:00  skip
[2026-05-15 22:49:14] [SKIP] Same candle 2026-05-15 15:40:00  skip
[2026-05-15 22:50:14] [SKIP] NO_TRADE: no_momentum_signal
[2026-05-15 22:51:14] [SKIP] Same candle 2026-05-15 15:45:00  skip
[2026-05-15 22:52:14] [SKIP] Same candle 2026-05-15 15:45:00  skip
[2026-05-15 22:53:14] [SKIP] Same candle 2026-05-15 15:45:00  skip
[2026-05-15 22:54:14] [SKIP] Same candle 2026-05-15 15:45:00  skip
[2026-05-15 22:55:14] [SKIP] NO_TRADE: no_momentum_signal
[2026-05-15 22:56:14] [SKIP] Same candle 2026-05-15 15:50:00  skip
[2026-05-15 22:57:14] [SKIP] Same candle 2026-05-15 15:50:00  skip
[2026-05-15 22:58:14] [SKIP] Same candle 2026-05-15 15:50:00  skip
[2026-05-15 22:59:14] [SKIP] Same candle 2026-05-15 15:50:00  skip
[2026-05-15 23:00:14] [STATS] Hourly (853 attempts): {'no_momentum_signal': '853(100%)'}
[2026-05-15 23:00:14] [SKIP] NO_TRADE: no_momentum_signal
[2026-05-15 23:01:14] [SKIP] Same candle 2026-05-15 15:55:00  skip
[2026-05-15 23:02:14] [SKIP] Same candle 2026-05-15 15:55:00  skip
[2026-05-15 23:03:15] [SKIP] Same candle 2026-05-15 15:55:00  skip
[2026-05-15 23:04:15] [SKIP] Same candle 2026-05-15 15:55:00  skip
[2026-05-15 23:05:15] [SKIP] NO_TRADE: no_momentum_signal
[2026-05-15 23:06:15] [SKIP] Same candle 2026-05-15 16:00:00  skip
[2026-05-15 23:07:15] [SKIP] Same candle 2026-05-15 16:00:00  skip
[2026-05-15 23:08:15] [SKIP] Same candle 2026-05-15 16:00:00  skip
[2026-05-15 23:09:15] [SKIP] Same candle 2026-05-15 16:00:00  skip
[2026-05-15 23:10:15] [SKIP] NO_TRADE: no_momentum_signal
[2026-05-15 23:11:15] [SKIP] Same candle 2026-05-15 16:05:00  skip
[2026-05-15 23:12:15] [SKIP] Same candle 2026-05-15 16:05:00  skip
[2026-05-15 23:13:15] [SKIP] Same candle 2026-05-15 16:05:00  skip
[2026-05-15 23:14:15] [SKIP] Same candle 2026-05-15 16:05:00  skip
[2026-05-15 23:15:15] [SKIP] NO_TRADE: no_momentum_signal
[2026-05-15 23:16:15] [SKIP] Same candle 2026-05-15 16:10:00  skip
[2026-05-15 23:17:15] [SKIP] Same candle 2026-05-15 16:10:00  skip
[2026-05-15 23:18:15] [SKIP] Same candle 2026-05-15 16:10:00  skip
[2026-05-15 23:19:15] [SKIP] Same candle 2026-05-15 16:10:00  skip
[2026-05-15 23:20:15] [SKIP] NO_TRADE: no_momentum_signal
[2026-05-15 23:21:15] [SKIP] Same candle 2026-05-15 16:15:00  skip
[2026-05-15 23:22:15] [SKIP] Same candle 2026-05-15 16:15:00  skip
[2026-05-15 23:23:15] [SKIP] Same candle 2026-05-15 16:15:00  skip
[2026-05-15 23:24:15] [SKIP] Same candle 2026-05-15 16:15:00  skip
[2026-05-15 23:25:15] [SKIP] NO_TRADE: no_momentum_signal
[2026-05-15 23:26:15] [SKIP] Same candle 2026-05-15 16:20:00  skip
[2026-05-15 23:27:15] [SKIP] Same candle 2026-05-15 16:20:00  skip
[2026-05-15 23:28:15] [SKIP] Same candle 2026-05-15 16:20:00  skip
[2026-05-15 23:29:15] [SKIP] Same candle 2026-05-15 16:20:00  skip
[2026-05-15 23:30:16] [SKIP] NO_TRADE: no_momentum_signal
[2026-05-15 23:31:16] [SKIP] Same candle 2026-05-15 16:25:00  skip
[2026-05-15 23:32:16] [SKIP] Same candle 2026-05-15 16:25:00  skip
[2026-05-15 23:33:16] [SKIP] Same candle 2026-05-15 16:25:00  skip
[2026-05-15 23:34:16] [SKIP] Same candle 2026-05-15 16:25:00  skip
[2026-05-15 23:35:16] [SKIP] NO_TRADE: no_momentum_signal
[2026-05-15 23:36:16] [SKIP] Same candle 2026-05-15 16:30:00  skip
[2026-05-15 23:37:16] [SKIP] Same candle 2026-05-15 16:30:00  skip
[2026-05-15 23:38:16] [SKIP] Same candle 2026-05-15 16:30:00  skip
[2026-05-15 23:39:16] [SKIP] Same candle 2026-05-15 16:30:00  skip
[2026-05-15 23:40:16] [SKIP] NO_TRADE: no_momentum_signal
[2026-05-15 23:41:16] [SKIP] Same candle 2026-05-15 16:35:00  skip
[2026-05-15 23:42:16] [SKIP] Same candle 2026-05-15 16:35:00  skip
[2026-05-15 23:43:16] [SKIP] Same candle 2026-05-15 16:35:00  skip
[2026-05-15 23:44:16] [SKIP] Same candle 2026-05-15 16:35:00  skip
[2026-05-15 23:45:16] [SKIP] NO_TRADE: no_momentum_signal
[2026-05-15 23:46:16] [SKIP] Same candle 2026-05-15 16:40:00  skip
[2026-05-15 23:47:16] [SKIP] Same candle 2026-05-15 16:40:00  skip
[2026-05-15 23:48:16] [SKIP] Same candle 2026-05-15 16:40:00  skip
[2026-05-15 23:49:16] [SKIP] Same candle 2026-05-15 16:40:00  skip
[2026-05-15 23:50:16] [SKIP] NO_TRADE: no_momentum_signal
[2026-05-15 23:51:16] [SKIP] Same candle 2026-05-15 16:45:00  skip
[2026-05-15 23:52:16] [SKIP] Same candle 2026-05-15 16:45:00  skip
[2026-05-15 23:53:16] [SKIP] Same candle 2026-05-15 16:45:00  skip
[2026-05-15 23:54:16] [SKIP] Same candle 2026-05-15 16:45:00  skip
[2026-05-15 23:55:16] [SKIP] NO_TRADE: no_momentum_signal
[2026-05-15 23:56:16] [SKIP] Same candle 2026-05-15 16:50:00  skip
[2026-05-15 23:57:17] [SKIP] Same candle 2026-05-15 16:50:00  skip
[2026-05-15 23:58:17] [SKIP] Same candle 2026-05-15 16:50:00  skip
[2026-05-15 23:59:17] [SKIP] Same candle 2026-05-15 16:50:00  skip
[2026-05-16 00:00:17] [STATS] Daily: {'_total_attempts': 913, 'no_momentum_signal': 913}
[2026-05-16 00:00:17] [SKIP] NO_TRADE: no_momentum_signal
[2026-05-16 00:01:17] [STATS] Hourly (1 attempts): {'no_momentum_signal': '1(100%)'}
[2026-05-16 00:01:17] [SKIP] Same candle 2026-05-15 16:55:00  skip
[2026-05-16 00:02:17] [SKIP] Same candle 2026-05-15 16:55:00  skip
[2026-05-16 00:03:17] [SKIP] Same candle 2026-05-15 16:55:00  skip
[2026-05-16 00:04:17] [SKIP] Same candle 2026-05-15 16:55:00  skip
[2026-05-16 00:05:17] [SKIP] NO_TRADE: no_momentum_signal
[2026-05-16 00:06:17] [SKIP] Same candle 2026-05-15 17:00:00  skip
[2026-05-16 00:07:17] [SKIP] Same candle 2026-05-15 17:00:00  skip
[2026-05-16 00:08:17] [SKIP] Same candle 2026-05-15 17:00:00  skip
[2026-05-16 00:09:17] [SKIP] Same candle 2026-05-15 17:00:00  skip
[2026-05-16 00:10:17] [SKIP] NO_TRADE: no_momentum_signal
[2026-05-16 00:11:17] [SKIP] Same candle 2026-05-15 17:05:00  skip
[2026-05-16 00:12:17] [SKIP] Same candle 2026-05-15 17:05:00  skip
[2026-05-16 00:13:17] [SKIP] Same candle 2026-05-15 17:05:00  skip
[2026-05-16 00:14:17] [SKIP] Same candle 2026-05-15 17:05:00  skip
[2026-05-16 00:15:17] [SKIP] NO_TRADE: no_momentum_signal
[2026-05-16 00:16:17] [SKIP] Same candle 2026-05-15 17:10:00  skip
[2026-05-16 00:17:17] [SKIP] Same candle 2026-05-15 17:10:00  skip
[2026-05-16 00:18:17] [SKIP] Same candle 2026-05-15 17:10:00  skip
[2026-05-16 00:19:17] [SKIP] Same candle 2026-05-15 17:10:00  skip
[2026-05-16 00:20:17] [SKIP] NO_TRADE: no_momentum_signal
[2026-05-16 00:21:17] [SKIP] Same candle 2026-05-15 17:15:00  skip
[2026-05-16 00:22:17] [SKIP] Same candle 2026-05-15 17:15:00  skip
[2026-05-16 00:23:17] [SKIP] Same candle 2026-05-15 17:15:00  skip
[2026-05-16 00:24:18] [SKIP] Same candle 2026-05-15 17:15:00  skip
[2026-05-16 00:25:18] [SKIP] NO_TRADE: no_momentum_signal
[2026-05-16 00:26:18] [SKIP] Same candle 2026-05-15 17:20:00  skip
[2026-05-16 00:27:18] [SKIP] Same candle 2026-05-15 17:20:00  skip
[2026-05-16 00:28:18] [SKIP] Same candle 2026-05-15 17:20:00  skip
[2026-05-16 00:29:18] [SKIP] Same candle 2026-05-15 17:20:00  skip
[2026-05-16 00:30:18] [SKIP] NO_TRADE: no_momentum_signal
[2026-05-16 00:31:18] [SKIP] Same candle 2026-05-15 17:25:00  skip
[2026-05-16 00:32:18] [SKIP] Same candle 2026-05-15 17:25:00  skip
[2026-05-16 00:33:18] [SKIP] Same candle 2026-05-15 17:25:00  skip
[2026-05-16 00:34:18] [SKIP] Same candle 2026-05-15 17:25:00  skip
[2026-05-16 00:35:18] [SKIP] NO_TRADE: no_momentum_signal
[2026-05-16 00:36:18] [SKIP] Same candle 2026-05-15 17:30:00  skip
[2026-05-16 00:37:18] [SKIP] Same candle 2026-05-15 17:30:00  skip
[2026-05-16 00:38:18] [SKIP] Same candle 2026-05-15 17:30:00  skip
[2026-05-16 00:39:18] [SKIP] Same candle 2026-05-15 17:30:00  skip
[2026-05-16 00:40:18] [SKIP] NO_TRADE: no_momentum_signal
[2026-05-16 00:41:18] [SKIP] Same candle 2026-05-15 17:35:00  skip
[2026-05-16 00:42:18] [SKIP] Same candle 2026-05-15 17:35:00  skip
[2026-05-16 00:43:18] [SKIP] Same candle 2026-05-15 17:35:00  skip
[2026-05-16 00:44:18] [SKIP] Same candle 2026-05-15 17:35:00  skip
[2026-05-16 00:45:18] [SKIP] NO_TRADE: no_momentum_signal
[2026-05-16 00:46:18] [SKIP] Same candle 2026-05-15 17:40:00  skip
[2026-05-16 00:47:18] [SKIP] Same candle 2026-05-15 17:40:00  skip
[2026-05-16 00:48:18] [SKIP] Same candle 2026-05-15 17:40:00  skip
[2026-05-16 00:49:18] [SKIP] Same candle 2026-05-15 17:40:00  skip
[2026-05-16 00:50:18] [SKIP] NO_TRADE: no_momentum_signal
[2026-05-16 00:51:19] [SKIP] Same candle 2026-05-15 17:45:00  skip
[2026-05-16 00:52:19] [SKIP] Same candle 2026-05-15 17:45:00  skip
[2026-05-16 00:53:19] [SKIP] Same candle 2026-05-15 17:45:00  skip
[2026-05-16 00:54:19] [SKIP] Same candle 2026-05-15 17:45:00  skip
[2026-05-16 00:55:19] [SKIP] NO_TRADE: no_momentum_signal
[2026-05-16 00:56:19] [SKIP] Same candle 2026-05-15 17:50:00  skip
[2026-05-16 00:57:19] [SKIP] Same candle 2026-05-15 17:50:00  skip
[2026-05-16 00:58:19] [SKIP] Same candle 2026-05-15 17:50:00  skip
[2026-05-16 00:59:19] [SKIP] Same candle 2026-05-15 17:50:00  skip
[2026-05-16 01:00:19] [STATS] Hourly (60 attempts): {'no_momentum_signal': '60(100%)'}
[2026-05-16 01:00:19] [SKIP] NO_TRADE: no_momentum_signal
[2026-05-16 01:01:19] [SKIP] Same candle 2026-05-15 17:55:00  skip
[2026-05-16 01:02:19] [SKIP] Same candle 2026-05-15 17:55:00  skip
[2026-05-16 01:03:19] [SKIP] Same candle 2026-05-15 17:55:00  skip
[2026-05-16 01:04:19] [SKIP] Same candle 2026-05-15 17:55:00  skip
[2026-05-16 01:05:19] [SKIP] NO_TRADE: no_momentum_signal
[2026-05-16 01:06:19] [SKIP] Same candle 2026-05-15 18:00:00  skip
[2026-05-16 01:07:19] [SKIP] Same candle 2026-05-15 18:00:00  skip
[2026-05-16 01:08:19] [SKIP] Same candle 2026-05-15 18:00:00  skip
[2026-05-16 01:09:19] [SKIP] Same candle 2026-05-15 18:00:00  skip
[2026-05-16 01:10:19] [SKIP] NO_TRADE: no_momentum_signal
[2026-05-16 01:11:19] [SKIP] Same candle 2026-05-15 18:05:00  skip
[2026-05-16 01:12:19] [SKIP] Same candle 2026-05-15 18:05:00  skip
[2026-05-16 01:13:19] [SKIP] Same candle 2026-05-15 18:05:00  skip
[2026-05-16 01:14:19] [SKIP] Same candle 2026-05-15 18:05:00  skip
[2026-05-16 01:15:19] [SKIP] NO_TRADE: no_momentum_signal
[2026-05-16 01:16:19] [SKIP] Same candle 2026-05-15 18:10:00  skip
[2026-05-16 01:17:19] [SKIP] Same candle 2026-05-15 18:10:00  skip
[2026-05-16 01:18:20] [SKIP] Same candle 2026-05-15 18:10:00  skip
[2026-05-16 01:19:20] [SKIP] Same candle 2026-05-15 18:10:00  skip
[2026-05-16 01:20:20] [SKIP] NO_TRADE: no_momentum_signal
[2026-05-16 01:21:20] [SKIP] Same candle 2026-05-15 18:15:00  skip
[2026-05-16 01:22:20] [SKIP] Same candle 2026-05-15 18:15:00  skip
[2026-05-16 01:23:20] [SKIP] Same candle 2026-05-15 18:15:00  skip
[2026-05-16 01:24:20] [SKIP] Same candle 2026-05-15 18:15:00  skip
[2026-05-16 01:25:20] [SKIP] NO_TRADE: no_momentum_signal
[2026-05-16 01:26:20] [SKIP] Same candle 2026-05-15 18:20:00  skip
[2026-05-16 01:27:20] [SKIP] Same candle 2026-05-15 18:20:00  skip
[2026-05-16 01:28:20] [SKIP] Same candle 2026-05-15 18:20:00  skip
[2026-05-16 01:29:20] [SKIP] Same candle 2026-05-15 18:20:00  skip
[2026-05-19 21:15:21] [START] Gold V2+IndV3 bot | symbol=XAUUSDm | pid=15640 | interval=60s | mode=LIVE | DRY_RUN=False | side=BOTH | RR=1.8 | MACD_BUY_ON | session=UTC12:00-14:00 | D1_regime=ON
[2026-05-19 21:15:22] [CONNECT] account=3472957  server=Exness-MT5Real  balance=27.99
[2026-05-19 21:15:22] [START] Gold bot running
[2026-05-19 21:15:22] [SKIP] NO_TRADE: no_momentum_signal
[2026-05-19 21:16:22] [STATS] Hourly (1 attempts): {'no_momentum_signal': '1(100%)'}
[2026-05-19 21:16:22] [SKIP] Same candle 2026-05-19 14:10:00  skip
[2026-05-19 21:17:22] [SKIP] Same candle 2026-05-19 14:10:00  skip
[2026-05-19 21:18:22] [SKIP] Same candle 2026-05-19 14:10:00  skip
[2026-05-19 21:19:22] [SKIP] Same candle 2026-05-19 14:10:00  skip
[2026-05-19 21:20:22] [SKIP] NO_TRADE: no_momentum_signal
[2026-05-19 21:21:22] [SKIP] Same candle 2026-05-19 14:15:00  skip
[2026-05-19 21:22:23] [SKIP] Same candle 2026-05-19 14:15:00  skip
[2026-05-19 21:23:23] [SKIP] Same candle 2026-05-19 14:15:00  skip
[2026-05-19 21:24:23] [SKIP] Same candle 2026-05-19 14:15:00  skip
[2026-05-19 21:25:23] [SKIP] NO_TRADE: no_momentum_signal
[2026-05-19 21:26:23] [SKIP] Same candle 2026-05-19 14:20:00  skip
[2026-05-19 21:27:23] [SKIP] Same candle 2026-05-19 14:20:00  skip
[2026-05-19 21:28:23] [SKIP] Same candle 2026-05-19 14:20:00  skip
[2026-05-19 21:29:23] [SKIP] Same candle 2026-05-19 14:20:00  skip
[2026-05-19 21:30:23] [SKIP] NO_TRADE: no_momentum_signal
[2026-05-19 21:31:23] [SKIP] Same candle 2026-05-19 14:25:00  skip
[2026-05-19 21:32:23] [SKIP] Same candle 2026-05-19 14:25:00  skip
[2026-05-19 21:33:23] [SKIP] Same candle 2026-05-19 14:25:00  skip
[2026-05-19 21:34:23] [SKIP] Same candle 2026-05-19 14:25:00  skip
[2026-05-19 21:35:23] [SKIP] NO_TRADE: no_momentum_signal
[2026-05-19 21:36:23] [SKIP] Same candle 2026-05-19 14:30:00  skip
[2026-05-19 21:37:23] [SKIP] Same candle 2026-05-19 14:30:00  skip
[2026-05-19 21:38:23] [SKIP] Same candle 2026-05-19 14:30:00  skip
[2026-05-19 21:39:23] [SKIP] Same candle 2026-05-19 14:30:00  skip
[2026-05-19 21:40:23] [SKIP] NO_TRADE: no_momentum_signal
[2026-05-19 21:41:23] [SKIP] Same candle 2026-05-19 14:35:00  skip
[2026-05-19 21:42:23] [SKIP] Same candle 2026-05-19 14:35:00  skip
[2026-05-19 21:43:23] [SKIP] Same candle 2026-05-19 14:35:00  skip
[2026-05-19 21:44:23] [SKIP] Same candle 2026-05-19 14:35:00  skip
[2026-05-19 21:45:23] [SKIP] NO_TRADE: no_momentum_signal
[2026-05-19 21:46:23] [SKIP] Same candle 2026-05-19 14:40:00  skip
[2026-05-19 21:47:23] [SKIP] Same candle 2026-05-19 14:40:00  skip
[2026-05-19 21:48:23] [SKIP] Same candle 2026-05-19 14:40:00  skip
[2026-05-19 21:49:23] [SKIP] Same candle 2026-05-19 14:40:00  skip
[2026-05-19 21:50:23] [SKIP] NO_TRADE: no_momentum_signal
[2026-05-19 21:51:24] [SKIP] Same candle 2026-05-19 14:45:00  skip
[2026-05-19 21:52:24] [SKIP] Same candle 2026-05-19 14:45:00  skip
[2026-05-19 21:53:24] [SKIP] Same candle 2026-05-19 14:45:00  skip
[2026-05-19 21:54:24] [SKIP] Same candle 2026-05-19 14:45:00  skip
[2026-05-19 21:55:24] [SKIP] NO_TRADE: no_momentum_signal
[2026-05-19 21:56:24] [SKIP] Same candle 2026-05-19 14:50:00  skip
[2026-05-19 21:57:24] [SKIP] Same candle 2026-05-19 14:50:00  skip
[2026-05-19 21:58:24] [SKIP] Same candle 2026-05-19 14:50:00  skip
[2026-05-19 21:59:24] [SKIP] Same candle 2026-05-19 14:50:00  skip
[2026-05-19 22:00:24] [STATS] Hourly (45 attempts): {'no_momentum_signal': '45(100%)'}
[2026-05-19 22:00:24] [SKIP] NO_TRADE: no_momentum_signal
[2026-05-19 22:01:24] [SKIP] Same candle 2026-05-19 14:55:00  skip
[2026-05-19 22:02:24] [SKIP] Same candle 2026-05-19 14:55:00  skip
[2026-05-19 22:03:24] [SKIP] Same candle 2026-05-19 14:55:00  skip
[2026-05-19 22:04:24] [SKIP] Same candle 2026-05-19 14:55:00  skip
[2026-05-19 22:05:24] [SKIP] NO_TRADE: no_momentum_signal
[2026-05-19 22:06:24] [SKIP] Same candle 2026-05-19 15:00:00  skip
[2026-05-19 22:07:24] [SKIP] Same candle 2026-05-19 15:00:00  skip
[2026-05-19 22:08:24] [SKIP] Same candle 2026-05-19 15:00:00  skip
[2026-05-19 22:09:24] [SKIP] Same candle 2026-05-19 15:00:00  skip
[2026-05-19 22:10:24] [SKIP] NO_TRADE: no_momentum_signal
[2026-05-19 22:11:24] [SKIP] Same candle 2026-05-19 15:05:00  skip
[2026-05-19 22:12:24] [SKIP] Same candle 2026-05-19 15:05:00  skip
[2026-05-19 22:13:24] [SKIP] Same candle 2026-05-19 15:05:00  skip
[2026-05-19 22:14:24] [SKIP] Same candle 2026-05-19 15:05:00  skip
[2026-05-19 22:15:24] [SKIP] NO_TRADE: no_momentum_signal
[2026-05-19 22:16:24] [SKIP] Same candle 2026-05-19 15:10:00  skip
[2026-05-19 22:17:24] [SKIP] Same candle 2026-05-19 15:10:00  skip
[2026-05-19 22:18:24] [SKIP] Same candle 2026-05-19 15:10:00  skip
[2026-05-19 22:19:24] [SKIP] Same candle 2026-05-19 15:10:00  skip
[2026-05-19 22:20:25] [SKIP] NO_TRADE: no_momentum_signal
[2026-05-19 22:21:25] [SKIP] Same candle 2026-05-19 15:15:00  skip
[2026-05-19 22:22:25] [SKIP] Same candle 2026-05-19 15:15:00  skip
[2026-05-19 22:23:25] [SKIP] Same candle 2026-05-19 15:15:00  skip
[2026-05-19 22:24:25] [SKIP] Same candle 2026-05-19 15:15:00  skip
[2026-05-19 22:25:25] [SKIP] NO_TRADE: no_momentum_signal
[2026-05-19 22:26:25] [SKIP] Same candle 2026-05-19 15:20:00  skip
[2026-05-19 22:27:25] [SKIP] Same candle 2026-05-19 15:20:00  skip
[2026-05-19 22:28:25] [SKIP] Same candle 2026-05-19 15:20:00  skip
[2026-05-19 22:29:25] [SKIP] Same candle 2026-05-19 15:20:00  skip
[2026-05-19 22:30:25] [SKIP] NO_TRADE: no_momentum_signal
[2026-05-19 22:31:25] [SKIP] Same candle 2026-05-19 15:25:00  skip
[2026-05-19 22:32:25] [SKIP] Same candle 2026-05-19 15:25:00  skip
[2026-05-19 22:33:25] [SKIP] Same candle 2026-05-19 15:25:00  skip
[2026-05-19 22:34:25] [SKIP] Same candle 2026-05-19 15:25:00  skip
[2026-05-19 22:35:25] [SKIP] NO_TRADE: no_momentum_signal
[2026-05-19 22:36:25] [SKIP] Same candle 2026-05-19 15:30:00  skip
[2026-05-19 22:37:25] [SKIP] Same candle 2026-05-19 15:30:00  skip
[2026-05-19 22:38:25] [SKIP] Same candle 2026-05-19 15:30:00  skip
[2026-05-19 22:39:25] [SKIP] Same candle 2026-05-19 15:30:00  skip
[2026-05-19 22:40:25] [SKIP] NO_TRADE: no_momentum_signal
[2026-05-19 22:41:25] [SKIP] Same candle 2026-05-19 15:35:00  skip
[2026-05-19 22:42:25] [SKIP] Same candle 2026-05-19 15:35:00  skip
[2026-05-19 22:43:25] [SKIP] Same candle 2026-05-19 15:35:00  skip
[2026-05-19 22:44:25] [SKIP] Same candle 2026-05-19 15:35:00  skip
[2026-05-19 22:45:25] [SKIP] NO_TRADE: no_momentum_signal
[2026-05-19 22:46:25] [SKIP] Same candle 2026-05-19 15:40:00  skip
[2026-05-19 22:47:25] [SKIP] Same candle 2026-05-19 15:40:00  skip
[2026-05-19 22:48:25] [SKIP] Same candle 2026-05-19 15:40:00  skip
[2026-05-19 22:49:26] [SKIP] Same candle 2026-05-19 15:40:00  skip
[2026-05-19 22:50:26] [SKIP] NO_TRADE: no_momentum_signal
[2026-05-19 22:51:26] [SKIP] Same candle 2026-05-19 15:45:00  skip
[2026-05-19 22:52:26] [SKIP] Same candle 2026-05-19 15:45:00  skip
[2026-05-19 22:53:26] [SKIP] Same candle 2026-05-19 15:45:00  skip
[2026-05-19 22:54:26] [SKIP] Same candle 2026-05-19 15:45:00  skip
[2026-05-19 22:55:26] [SKIP] NO_TRADE: no_momentum_signal
[2026-05-19 22:56:26] [SKIP] Same candle 2026-05-19 15:50:00  skip
[2026-05-19 22:57:26] [SKIP] Same candle 2026-05-19 15:50:00  skip
[2026-05-19 22:58:26] [SKIP] Same candle 2026-05-19 15:50:00  skip
[2026-05-19 22:59:26] [SKIP] Same candle 2026-05-19 15:50:00  skip
[2026-05-19 23:00:26] [STATS] Hourly (105 attempts): {'no_momentum_signal': '105(100%)'}
[2026-05-19 23:00:26] [SKIP] NO_TRADE: no_momentum_signal
[2026-05-19 23:01:26] [SKIP] Same candle 2026-05-19 15:55:00  skip
[2026-05-19 23:02:26] [SKIP] Same candle 2026-05-19 15:55:00  skip
[2026-05-19 23:03:26] [SKIP] Same candle 2026-05-19 15:55:00  skip
[2026-05-19 23:04:26] [SKIP] Same candle 2026-05-19 15:55:00  skip
[2026-05-19 23:05:26] [SKIP] NO_TRADE: no_momentum_signal
[2026-05-19 23:06:26] [SKIP] Same candle 2026-05-19 16:00:00  skip
[2026-05-19 23:07:26] [SKIP] Same candle 2026-05-19 16:00:00  skip
[2026-05-19 23:08:26] [SKIP] Same candle 2026-05-19 16:00:00  skip
[2026-05-19 23:09:26] [SKIP] Same candle 2026-05-19 16:00:00  skip
[2026-05-19 23:10:26] [SKIP] NO_TRADE: no_momentum_signal
[2026-05-19 23:11:26] [SKIP] Same candle 2026-05-19 16:05:00  skip
[2026-05-19 23:12:26] [SKIP] Same candle 2026-05-19 16:05:00  skip
[2026-05-19 23:13:26] [SKIP] Same candle 2026-05-19 16:05:00  skip
[2026-05-19 23:14:26] [SKIP] Same candle 2026-05-19 16:05:00  skip
[2026-05-19 23:15:26] [SKIP] NO_TRADE: no_momentum_signal
[2026-05-19 23:16:26] [SKIP] Same candle 2026-05-19 16:10:00  skip
[2026-05-19 23:17:26] [SKIP] Same candle 2026-05-19 16:10:00  skip
[2026-05-19 23:18:26] [SKIP] Same candle 2026-05-19 16:10:00  skip
[2026-05-19 23:19:27] [SKIP] Same candle 2026-05-19 16:10:00  skip
[2026-05-19 23:20:27] [SKIP] NO_TRADE: no_momentum_signal
[2026-05-19 23:21:27] [SKIP] Same candle 2026-05-19 16:15:00  skip
[2026-05-19 23:22:27] [SKIP] Same candle 2026-05-19 16:15:00  skip
[2026-05-19 23:23:27] [SKIP] Same candle 2026-05-19 16:15:00  skip
[2026-05-19 23:24:27] [SKIP] Same candle 2026-05-19 16:15:00  skip
[2026-05-19 23:25:27] [SKIP] NO_TRADE: no_momentum_signal
[2026-05-19 23:26:27] [SKIP] Same candle 2026-05-19 16:20:00  skip
[2026-05-19 23:27:27] [SKIP] Same candle 2026-05-19 16:20:00  skip
[2026-05-19 23:28:27] [SKIP] Same candle 2026-05-19 16:20:00  skip
[2026-05-19 23:29:27] [SKIP] Same candle 2026-05-19 16:20:00  skip
[2026-05-19 23:30:27] [SKIP] NO_TRADE: no_momentum_signal
[2026-05-19 23:31:27] [SKIP] Same candle 2026-05-19 16:25:00  skip
[2026-05-19 23:32:27] [SKIP] Same candle 2026-05-19 16:25:00  skip
[2026-05-19 23:33:27] [SKIP] Same candle 2026-05-19 16:25:00  skip
[2026-05-19 23:34:27] [SKIP] Same candle 2026-05-19 16:25:00  skip
[2026-05-19 23:35:27] [SKIP] NO_TRADE: no_momentum_signal
[2026-05-19 23:36:27] [SKIP] Same candle 2026-05-19 16:30:00  skip
[2026-05-19 23:37:27] [SKIP] Same candle 2026-05-19 16:30:00  skip
[2026-05-19 23:38:27] [SKIP] Same candle 2026-05-19 16:30:00  skip
[2026-05-19 23:39:27] [SKIP] Same candle 2026-05-19 16:30:00  skip
[2026-05-19 23:40:27] [SKIP] NO_TRADE: no_momentum_signal
[2026-05-19 23:41:27] [SKIP] Same candle 2026-05-19 16:35:00  skip
[2026-05-19 23:42:27] [SKIP] Same candle 2026-05-19 16:35:00  skip
[2026-05-19 23:43:27] [SKIP] Same candle 2026-05-19 16:35:00  skip
[2026-05-19 23:44:27] [SKIP] Same candle 2026-05-19 16:35:00  skip
[2026-05-19 23:45:27] [SKIP] NO_TRADE: no_momentum_signal
[2026-05-19 23:46:27] [SKIP] Same candle 2026-05-19 16:40:00  skip
[2026-05-19 23:47:28] [SKIP] Same candle 2026-05-19 16:40:00  skip
[2026-05-19 23:48:28] [SKIP] Same candle 2026-05-19 16:40:00  skip
[2026-05-19 23:49:28] [SKIP] Same candle 2026-05-19 16:40:00  skip
[2026-05-19 23:50:28] [SKIP] NO_TRADE: no_momentum_signal
[2026-05-19 23:51:28] [SKIP] Same candle 2026-05-19 16:45:00  skip
[2026-05-19 23:52:28] [SKIP] Same candle 2026-05-19 16:45:00  skip
[2026-05-19 23:53:28] [SKIP] Same candle 2026-05-19 16:45:00  skip
[2026-05-19 23:54:28] [SKIP] Same candle 2026-05-19 16:45:00  skip
[2026-05-19 23:55:28] [SKIP] NO_TRADE: no_momentum_signal
[2026-05-19 23:56:28] [SKIP] Same candle 2026-05-19 16:50:00  skip
[2026-05-19 23:57:28] [SKIP] Same candle 2026-05-19 16:50:00  skip
[2026-05-19 23:58:28] [SKIP] Same candle 2026-05-19 16:50:00  skip
[2026-05-19 23:59:28] [SKIP] Same candle 2026-05-19 16:50:00  skip
[2026-05-20 00:00:28] [STATS] Daily: {'_total_attempts': 165, 'no_momentum_signal': 165}
[2026-05-20 00:00:28] [SKIP] NO_TRADE: no_momentum_signal
[2026-05-20 00:01:28] [STATS] Hourly (1 attempts): {'no_momentum_signal': '1(100%)'}
[2026-05-20 00:01:28] [SKIP] Same candle 2026-05-19 16:55:00  skip
[2026-05-20 00:02:28] [SKIP] Same candle 2026-05-19 16:55:00  skip
[2026-05-20 00:03:28] [SKIP] Same candle 2026-05-19 16:55:00  skip
[2026-05-20 00:04:28] [SKIP] Same candle 2026-05-19 16:55:00  skip
[2026-05-20 00:05:28] [SKIP] NO_TRADE: no_momentum_signal
[2026-05-20 00:06:28] [SKIP] Same candle 2026-05-19 17:00:00  skip
[2026-05-20 00:07:28] [SKIP] Same candle 2026-05-19 17:00:00  skip
[2026-05-20 00:08:28] [SKIP] Same candle 2026-05-19 17:00:00  skip
[2026-05-20 00:09:28] [SKIP] Same candle 2026-05-19 17:00:00  skip
[2026-05-20 00:10:28] [SKIP] NO_TRADE: no_momentum_signal
[2026-05-20 00:11:28] [SKIP] Same candle 2026-05-19 17:05:00  skip
[2026-05-20 00:12:28] [SKIP] Same candle 2026-05-19 17:05:00  skip
[2026-05-20 00:13:28] [SKIP] Same candle 2026-05-19 17:05:00  skip
[2026-05-20 00:14:28] [SKIP] Same candle 2026-05-19 17:05:00  skip
[2026-05-20 00:15:28] [SKIP] NO_TRADE: no_momentum_signal
[2026-05-20 00:16:29] [SKIP] Same candle 2026-05-19 17:10:00  skip
[2026-05-20 00:17:29] [SKIP] Same candle 2026-05-19 17:10:00  skip
[2026-05-20 00:18:29] [SKIP] Same candle 2026-05-19 17:10:00  skip
[2026-05-20 00:19:29] [SKIP] Same candle 2026-05-19 17:10:00  skip
[2026-05-20 00:20:29] [SKIP] NO_TRADE: no_momentum_signal
[2026-05-20 00:21:29] [SKIP] Same candle 2026-05-19 17:15:00  skip
[2026-05-20 00:22:29] [SKIP] Same candle 2026-05-19 17:15:00  skip
[2026-05-20 00:23:29] [SKIP] Same candle 2026-05-19 17:15:00  skip
[2026-05-20 00:24:29] [SKIP] Same candle 2026-05-19 17:15:00  skip
[2026-05-20 00:25:29] [SKIP] NO_TRADE: no_momentum_signal
[2026-05-20 00:26:29] [SKIP] Same candle 2026-05-19 17:20:00  skip
[2026-05-20 00:27:29] [SKIP] Same candle 2026-05-19 17:20:00  skip
[2026-05-20 00:28:29] [SKIP] Same candle 2026-05-19 17:20:00  skip
[2026-05-20 00:29:29] [SKIP] Same candle 2026-05-19 17:20:00  skip
[2026-05-20 00:30:29] [SKIP] NO_TRADE: no_momentum_signal
[2026-05-20 00:31:29] [SKIP] Same candle 2026-05-19 17:25:00  skip
[2026-05-20 00:32:29] [SKIP] Same candle 2026-05-19 17:25:00  skip
[2026-05-20 00:33:29] [SKIP] Same candle 2026-05-19 17:25:00  skip
[2026-05-20 00:34:29] [SKIP] Same candle 2026-05-19 17:25:00  skip
[2026-05-20 00:35:29] [SKIP] NO_TRADE: no_momentum_signal
[2026-05-20 00:36:29] [SKIP] Same candle 2026-05-19 17:30:00  skip
[2026-05-20 00:37:29] [SKIP] Same candle 2026-05-19 17:30:00  skip
[2026-05-20 00:38:29] [SKIP] Same candle 2026-05-19 17:30:00  skip
[2026-05-20 00:39:29] [SKIP] Same candle 2026-05-19 17:30:00  skip
[2026-05-20 00:40:29] [SKIP] NO_TRADE: no_momentum_signal
[2026-05-20 00:41:29] [SKIP] Same candle 2026-05-19 17:35:00  skip
[2026-05-20 00:42:29] [SKIP] Same candle 2026-05-19 17:35:00  skip
[2026-05-20 00:43:29] [SKIP] Same candle 2026-05-19 17:35:00  skip
[2026-05-20 00:44:29] [SKIP] Same candle 2026-05-19 17:35:00  skip
[2026-05-20 00:45:29] [SKIP] NO_TRADE: no_momentum_signal
[2026-05-20 00:46:30] [SKIP] Same candle 2026-05-19 17:40:00  skip
[2026-05-20 00:47:30] [SKIP] Same candle 2026-05-19 17:40:00  skip
[2026-05-20 00:48:30] [SKIP] Same candle 2026-05-19 17:40:00  skip
[2026-05-20 00:49:30] [SKIP] Same candle 2026-05-19 17:40:00  skip
[2026-05-20 00:50:30] [SKIP] NO_TRADE: no_momentum_signal
[2026-05-20 00:51:30] [SKIP] Same candle 2026-05-19 17:45:00  skip
[2026-05-20 00:52:30] [SKIP] Same candle 2026-05-19 17:45:00  skip
[2026-05-20 00:53:30] [SKIP] Same candle 2026-05-19 17:45:00  skip
[2026-05-20 00:54:30] [SKIP] Same candle 2026-05-19 17:45:00  skip
[2026-05-20 00:55:30] [SKIP] NO_TRADE: no_momentum_signal
[2026-05-20 00:56:30] [SKIP] Same candle 2026-05-19 17:50:00  skip
[2026-05-20 00:57:30] [SKIP] Same candle 2026-05-19 17:50:00  skip
[2026-05-20 00:58:30] [SKIP] Same candle 2026-05-19 17:50:00  skip
[2026-05-20 00:59:30] [SKIP] Same candle 2026-05-19 17:50:00  skip
[2026-05-20 01:00:30] [STATS] Hourly (60 attempts): {'no_momentum_signal': '60(100%)'}
[2026-05-20 01:00:30] [SKIP] NO_TRADE: no_momentum_signal
[2026-05-20 01:01:30] [SKIP] Same candle 2026-05-19 17:55:00  skip
[2026-05-20 01:02:30] [SKIP] Same candle 2026-05-19 17:55:00  skip
[2026-05-20 01:03:30] [SKIP] Same candle 2026-05-19 17:55:00  skip
[2026-05-20 01:04:30] [SKIP] Same candle 2026-05-19 17:55:00  skip
[2026-05-20 01:05:30] [SKIP] NO_TRADE: no_momentum_signal
[2026-05-20 01:06:30] [SKIP] Same candle 2026-05-19 18:00:00  skip
[2026-05-20 01:07:30] [SKIP] Same candle 2026-05-19 18:00:00  skip
[2026-05-20 01:08:30] [SKIP] Same candle 2026-05-19 18:00:00  skip
[2026-05-20 01:09:30] [SKIP] Same candle 2026-05-19 18:00:00  skip
[2026-05-20 01:10:30] [SKIP] NO_TRADE: no_momentum_signal
[2026-05-20 01:11:30] [SKIP] Same candle 2026-05-19 18:05:00  skip
[2026-05-20 01:12:30] [SKIP] Same candle 2026-05-19 18:05:00  skip
[2026-05-20 01:13:30] [SKIP] Same candle 2026-05-19 18:05:00  skip
[2026-05-20 01:14:31] [SKIP] Same candle 2026-05-19 18:05:00  skip
[2026-05-20 01:15:31] [SKIP] NO_TRADE: no_momentum_signal
[2026-05-20 01:16:31] [SKIP] Same candle 2026-05-19 18:10:00  skip
[2026-05-20 01:17:31] [SKIP] Same candle 2026-05-19 18:10:00  skip
[2026-05-20 01:18:31] [SKIP] Same candle 2026-05-19 18:10:00  skip
[2026-05-20 01:19:31] [SKIP] Same candle 2026-05-19 18:10:00  skip
[2026-05-20 01:20:31] [SKIP] NO_TRADE: no_momentum_signal
[2026-05-20 01:21:31] [SKIP] Same candle 2026-05-19 18:15:00  skip
[2026-05-20 01:22:31] [SKIP] Same candle 2026-05-19 18:15:00  skip
[2026-05-20 01:23:31] [SKIP] Same candle 2026-05-19 18:15:00  skip
[2026-05-20 01:24:31] [SKIP] Same candle 2026-05-19 18:15:00  skip
[2026-05-20 01:25:31] [SKIP] NO_TRADE: no_momentum_signal
[2026-05-20 01:26:31] [SKIP] Same candle 2026-05-19 18:20:00  skip
[2026-05-20 01:27:31] [SKIP] Same candle 2026-05-19 18:20:00  skip
[2026-05-20 01:28:31] [SKIP] Same candle 2026-05-19 18:20:00  skip
[2026-05-20 01:29:31] [SKIP] Same candle 2026-05-19 18:20:00  skip
[2026-05-20 01:30:31] [SKIP] NO_TRADE: no_momentum_signal
[2026-05-20 01:31:31] [SKIP] Same candle 2026-05-19 18:25:00  skip
[2026-05-20 01:32:31] [SKIP] Same candle 2026-05-19 18:25:00  skip
[2026-05-20 01:33:31] [SKIP] Same candle 2026-05-19 18:25:00  skip
[2026-05-20 01:34:31] [SKIP] Same candle 2026-05-19 18:25:00  skip
[2026-05-20 01:35:31] [SKIP] NO_TRADE: no_momentum_signal
[2026-05-20 01:36:31] [SKIP] Same candle 2026-05-19 18:30:00  skip
[2026-05-20 01:37:31] [SKIP] Same candle 2026-05-19 18:30:00  skip
[2026-05-20 01:38:31] [SKIP] Same candle 2026-05-19 18:30:00  skip
[2026-05-20 01:39:31] [SKIP] Same candle 2026-05-19 18:30:00  skip
[2026-05-20 01:40:31] [SKIP] NO_TRADE: no_momentum_signal
[2026-05-20 01:41:31] [SKIP] Same candle 2026-05-19 18:35:00  skip
[2026-05-20 01:42:31] [SKIP] Same candle 2026-05-19 18:35:00  skip
[2026-05-20 01:43:32] [SKIP] Same candle 2026-05-19 18:35:00  skip
[2026-05-20 01:44:32] [SKIP] Same candle 2026-05-19 18:35:00  skip
[2026-05-20 01:45:32] [SKIP] NO_TRADE: no_momentum_signal
[2026-05-20 01:46:32] [SKIP] Same candle 2026-05-19 18:40:00  skip
[2026-05-20 01:47:32] [SKIP] Same candle 2026-05-19 18:40:00  skip
[2026-05-20 01:48:32] [SKIP] Same candle 2026-05-19 18:40:00  skip
[2026-05-20 01:49:32] [SKIP] Same candle 2026-05-19 18:40:00  skip
[2026-05-20 01:50:32] [SKIP] NO_TRADE: no_momentum_signal
[2026-05-20 01:51:32] [SKIP] Same candle 2026-05-19 18:45:00  skip
[2026-05-20 01:52:32] [SKIP] Same candle 2026-05-19 18:45:00  skip
[2026-05-20 01:53:32] [SKIP] Same candle 2026-05-19 18:45:00  skip
[2026-05-20 01:54:32] [SKIP] Same candle 2026-05-19 18:45:00  skip
[2026-05-20 01:55:32] [SKIP] NO_TRADE: no_momentum_signal
[2026-05-20 01:56:32] [SKIP] Same candle 2026-05-19 18:50:00  skip
[2026-05-20 01:57:32] [SKIP] Same candle 2026-05-19 18:50:00  skip
[2026-05-20 01:58:32] [SKIP] Same candle 2026-05-19 18:50:00  skip
[2026-05-20 01:59:32] [SKIP] Same candle 2026-05-19 18:50:00  skip
[2026-05-20 02:00:32] [STATS] Hourly (120 attempts): {'no_momentum_signal': '120(100%)'}
[2026-05-20 02:00:32] [SKIP] NO_TRADE: no_momentum_signal
[2026-05-20 02:01:32] [SKIP] Same candle 2026-05-19 18:55:00  skip
[2026-05-20 02:02:32] [SKIP] Same candle 2026-05-19 18:55:00  skip
[2026-05-20 02:03:32] [SKIP] Same candle 2026-05-19 18:55:00  skip
[2026-05-20 02:04:32] [SKIP] Same candle 2026-05-19 18:55:00  skip
[2026-05-20 02:05:32] [SKIP] NO_TRADE: no_momentum_signal
[2026-05-20 02:06:32] [SKIP] Same candle 2026-05-19 19:00:00  skip
[2026-05-20 02:07:32] [SKIP] Same candle 2026-05-19 19:00:00  skip
[2026-05-20 02:08:32] [SKIP] Same candle 2026-05-19 19:00:00  skip
[2026-05-20 02:09:32] [SKIP] Same candle 2026-05-19 19:00:00  skip
[2026-05-20 02:10:32] [SKIP] NO_TRADE: no_momentum_signal
[2026-05-20 02:11:32] [SKIP] Same candle 2026-05-19 19:05:00  skip
[2026-05-20 02:12:33] [SKIP] Same candle 2026-05-19 19:05:00  skip
[2026-05-20 02:13:33] [SKIP] Same candle 2026-05-19 19:05:00  skip
[2026-05-20 02:14:33] [SKIP] Same candle 2026-05-19 19:05:00  skip
[2026-05-20 02:15:33] [SKIP] NO_TRADE: no_momentum_signal
[2026-05-20 02:16:33] [SKIP] Same candle 2026-05-19 19:10:00  skip
[2026-05-20 02:17:33] [SKIP] Same candle 2026-05-19 19:10:00  skip
[2026-05-20 02:18:33] [SKIP] Same candle 2026-05-19 19:10:00  skip
[2026-05-20 02:19:33] [SKIP] Same candle 2026-05-19 19:10:00  skip
[2026-05-20 02:20:33] [SKIP] NO_TRADE: no_momentum_signal
[2026-05-20 02:21:33] [SKIP] Same candle 2026-05-19 19:15:00  skip
[2026-05-20 02:22:33] [SKIP] Same candle 2026-05-19 19:15:00  skip
[2026-05-20 02:23:33] [SKIP] Same candle 2026-05-19 19:15:00  skip
[2026-05-20 02:24:33] [SKIP] Same candle 2026-05-19 19:15:00  skip
[2026-05-20 02:25:33] [SKIP] NO_TRADE: no_momentum_signal
[2026-05-20 02:26:33] [SKIP] Same candle 2026-05-19 19:20:00  skip
[2026-05-20 02:27:33] [SKIP] Same candle 2026-05-19 19:20:00  skip
[2026-05-20 02:28:33] [SKIP] Same candle 2026-05-19 19:20:00  skip
[2026-05-20 02:29:33] [SKIP] Same candle 2026-05-19 19:20:00  skip
[2026-05-20 02:30:33] [SKIP] NO_TRADE: no_momentum_signal
[2026-05-20 02:31:33] [SKIP] Same candle 2026-05-19 19:25:00  skip
[2026-05-20 02:32:33] [SKIP] Same candle 2026-05-19 19:25:00  skip
[2026-05-20 02:33:33] [SKIP] Same candle 2026-05-19 19:25:00  skip
[2026-05-20 02:34:33] [SKIP] Same candle 2026-05-19 19:25:00  skip
[2026-05-20 02:35:33] [SKIP] NO_TRADE: no_momentum_signal
[2026-05-20 02:36:33] [SKIP] Same candle 2026-05-19 19:30:00  skip
[2026-05-20 02:37:33] [SKIP] Same candle 2026-05-19 19:30:00  skip
[2026-05-20 02:38:33] [SKIP] Same candle 2026-05-19 19:30:00  skip
[2026-05-20 02:39:33] [SKIP] Same candle 2026-05-19 19:30:00  skip
[2026-05-20 02:40:33] [SKIP] NO_TRADE: no_momentum_signal
[2026-05-20 02:41:33] [SKIP] Same candle 2026-05-19 19:35:00  skip
[2026-05-20 02:42:34] [SKIP] Same candle 2026-05-19 19:35:00  skip
[2026-05-20 02:43:34] [SKIP] Same candle 2026-05-19 19:35:00  skip
[2026-05-20 02:44:34] [SKIP] Same candle 2026-05-19 19:35:00  skip
[2026-05-20 02:45:34] [SKIP] NO_TRADE: no_momentum_signal
[2026-05-20 02:46:34] [SKIP] Same candle 2026-05-19 19:40:00  skip
[2026-05-20 02:47:34] [SKIP] Same candle 2026-05-19 19:40:00  skip
[2026-05-20 02:48:34] [SKIP] Same candle 2026-05-19 19:40:00  skip
[2026-05-20 02:49:34] [SKIP] Same candle 2026-05-19 19:40:00  skip
[2026-05-20 02:50:34] [SKIP] NO_TRADE: no_momentum_signal
[2026-05-20 02:51:34] [SKIP] Same candle 2026-05-19 19:45:00  skip
[2026-05-20 02:52:34] [SKIP] Same candle 2026-05-19 19:45:00  skip
[2026-05-20 02:53:34] [SKIP] Same candle 2026-05-19 19:45:00  skip
[2026-05-20 02:54:34] [SKIP] Same candle 2026-05-19 19:45:00  skip
[2026-05-20 02:55:34] [SKIP] NO_TRADE: no_momentum_signal
[2026-05-20 02:56:34] [SKIP] Same candle 2026-05-19 19:50:00  skip
[2026-05-20 02:57:34] [SKIP] Same candle 2026-05-19 19:50:00  skip
[2026-05-20 02:58:34] [SKIP] Same candle 2026-05-19 19:50:00  skip
[2026-05-20 02:59:34] [SKIP] Same candle 2026-05-19 19:50:00  skip
[2026-05-20 03:00:34] [STATS] Hourly (180 attempts): {'no_momentum_signal': '180(100%)'}
[2026-05-20 03:00:34] [SKIP] NO_TRADE: no_momentum_signal
[2026-05-20 03:01:34] [SKIP] Same candle 2026-05-19 19:55:00  skip
[2026-05-20 03:02:34] [SKIP] Same candle 2026-05-19 19:55:00  skip
[2026-05-20 03:03:34] [SKIP] Same candle 2026-05-19 19:55:00  skip
[2026-05-20 03:04:34] [SKIP] Same candle 2026-05-19 19:55:00  skip
[2026-05-20 03:05:34] [SKIP] NO_TRADE: no_momentum_signal
[2026-05-20 03:06:34] [SKIP] Same candle 2026-05-19 20:00:00  skip
[2026-05-20 03:07:34] [SKIP] Same candle 2026-05-19 20:00:00  skip
[2026-05-20 03:08:34] [SKIP] Same candle 2026-05-19 20:00:00  skip
[2026-05-20 03:09:34] [SKIP] Same candle 2026-05-19 20:00:00  skip
[2026-05-20 03:10:34] [SKIP] NO_TRADE: no_momentum_signal
[2026-05-20 03:11:35] [SKIP] Same candle 2026-05-19 20:05:00  skip
[2026-05-20 03:12:35] [SKIP] Same candle 2026-05-19 20:05:00  skip
[2026-05-20 03:13:35] [SKIP] Same candle 2026-05-19 20:05:00  skip
[2026-05-20 03:14:35] [SKIP] Same candle 2026-05-19 20:05:00  skip
[2026-05-20 03:15:35] [SKIP] NO_TRADE: no_momentum_signal
[2026-05-20 03:16:35] [SKIP] Same candle 2026-05-19 20:10:00  skip
[2026-05-20 03:17:35] [SKIP] Same candle 2026-05-19 20:10:00  skip
[2026-05-20 03:18:35] [SKIP] Same candle 2026-05-19 20:10:00  skip
[2026-05-20 03:19:35] [SKIP] Same candle 2026-05-19 20:10:00  skip
[2026-05-20 03:20:35] [SKIP] NO_TRADE: no_momentum_signal
[2026-05-20 03:21:35] [SKIP] Same candle 2026-05-19 20:15:00  skip
[2026-05-20 03:22:35] [SKIP] Same candle 2026-05-19 20:15:00  skip
[2026-05-20 03:23:35] [SKIP] Same candle 2026-05-19 20:15:00  skip
[2026-05-20 03:24:35] [SKIP] Same candle 2026-05-19 20:15:00  skip
[2026-05-20 03:25:35] [SKIP] NO_TRADE: no_momentum_signal
[2026-05-20 03:26:35] [SKIP] Same candle 2026-05-19 20:20:00  skip
[2026-05-20 03:27:35] [SKIP] Same candle 2026-05-19 20:20:00  skip
[2026-05-20 03:28:35] [SKIP] Same candle 2026-05-19 20:20:00  skip
[2026-05-20 03:29:35] [SKIP] Same candle 2026-05-19 20:20:00  skip
[2026-05-20 03:30:35] [SKIP] NO_TRADE: no_momentum_signal
[2026-05-20 03:31:35] [SKIP] Same candle 2026-05-19 20:25:00  skip
[2026-05-20 03:32:35] [SKIP] Same candle 2026-05-19 20:25:00  skip
[2026-05-20 03:33:35] [SKIP] Same candle 2026-05-19 20:25:00  skip
[2026-05-20 03:34:35] [SKIP] Same candle 2026-05-19 20:25:00  skip
[2026-05-20 03:35:35] [SKIP] NO_TRADE: no_momentum_signal
[2026-05-20 03:36:35] [SKIP] Same candle 2026-05-19 20:30:00  skip
[2026-05-20 03:37:35] [SKIP] Same candle 2026-05-19 20:30:00  skip
[2026-05-20 03:38:35] [SKIP] Same candle 2026-05-19 20:30:00  skip
[2026-05-20 03:39:35] [SKIP] Same candle 2026-05-19 20:30:00  skip
[2026-05-20 03:40:36] [SKIP] NO_TRADE: no_momentum_signal
[2026-05-20 03:41:36] [SKIP] Same candle 2026-05-19 20:35:00  skip
[2026-05-20 03:42:36] [SKIP] Same candle 2026-05-19 20:35:00  skip
[2026-05-20 03:43:36] [SKIP] Same candle 2026-05-19 20:35:00  skip
[2026-05-20 03:44:36] [SKIP] Same candle 2026-05-19 20:35:00  skip
[2026-05-20 03:45:36] [SKIP] NO_TRADE: no_momentum_signal
[2026-05-20 03:46:36] [SKIP] Same candle 2026-05-19 20:40:00  skip
[2026-05-20 03:47:36] [SKIP] Same candle 2026-05-19 20:40:00  skip
[2026-05-20 03:48:36] [SKIP] Same candle 2026-05-19 20:40:00  skip
[2026-05-20 03:49:36] [SKIP] Same candle 2026-05-19 20:40:00  skip
[2026-05-20 03:50:36] [SKIP] NO_TRADE: no_momentum_signal
[2026-05-20 03:51:36] [SKIP] Same candle 2026-05-19 20:45:00  skip
[2026-05-20 03:52:36] [SKIP] Same candle 2026-05-19 20:45:00  skip
[2026-05-20 03:53:36] [SKIP] Same candle 2026-05-19 20:45:00  skip
[2026-05-20 03:54:36] [SKIP] Same candle 2026-05-19 20:45:00  skip
[2026-05-20 03:55:36] [SKIP] NO_TRADE: no_momentum_signal
[2026-05-20 03:56:36] [SKIP] Same candle 2026-05-19 20:50:00  skip
[2026-05-20 03:57:36] [SKIP] Same candle 2026-05-19 20:50:00  skip
[2026-05-20 03:58:36] [SKIP] Same candle 2026-05-19 20:50:00  skip
[2026-05-20 03:59:36] [SKIP] Same candle 2026-05-19 20:50:00  skip
[2026-05-20 04:00:36] [STATS] Hourly (240 attempts): {'no_momentum_signal': '240(100%)'}
[2026-05-20 04:00:36] [SKIP] Same candle 2026-05-19 20:50:00  skip
[2026-05-20 04:01:36] [SKIP] Same candle 2026-05-19 20:50:00  skip
[2026-05-20 04:02:36] [SKIP] Same candle 2026-05-19 20:50:00  skip
[2026-05-20 04:03:36] [SKIP] Same candle 2026-05-19 20:50:00  skip
[2026-05-20 04:04:36] [SKIP] Same candle 2026-05-19 20:50:00  skip
[2026-05-20 04:05:36] [SKIP] Same candle 2026-05-19 20:50:00  skip
[2026-05-20 04:06:36] [SKIP] Same candle 2026-05-19 20:50:00  skip
[2026-05-20 04:07:36] [SKIP] Same candle 2026-05-19 20:50:00  skip
[2026-05-20 04:08:36] [SKIP] Same candle 2026-05-19 20:50:00  skip
[2026-05-20 04:09:37] [SKIP] Same candle 2026-05-19 20:50:00  skip
[2026-05-20 04:10:37] [SKIP] Same candle 2026-05-19 20:50:00  skip
[2026-05-20 04:11:37] [SKIP] Same candle 2026-05-19 20:50:00  skip
[2026-05-20 04:12:37] [SKIP] Same candle 2026-05-19 20:50:00  skip
[2026-05-20 04:13:37] [SKIP] Same candle 2026-05-19 20:50:00  skip
[2026-05-20 04:14:37] [SKIP] Same candle 2026-05-19 20:50:00  skip
[2026-05-20 04:15:37] [SKIP] Same candle 2026-05-19 20:50:00  skip
[2026-05-20 04:16:37] [SKIP] Same candle 2026-05-19 20:50:00  skip
[2026-05-20 04:17:37] [SKIP] Same candle 2026-05-19 20:50:00  skip
[2026-05-20 04:18:37] [SKIP] Same candle 2026-05-19 20:50:00  skip
[2026-05-20 04:19:37] [SKIP] Same candle 2026-05-19 20:50:00  skip
[2026-05-20 04:20:37] [SKIP] Same candle 2026-05-19 20:50:00  skip
[2026-05-20 04:21:37] [SKIP] Same candle 2026-05-19 20:50:00  skip
[2026-05-20 04:22:37] [SKIP] Same candle 2026-05-19 20:50:00  skip
[2026-05-20 04:23:37] [SKIP] Same candle 2026-05-19 20:50:00  skip
[2026-05-20 04:24:37] [SKIP] Same candle 2026-05-19 20:50:00  skip
[2026-05-20 04:25:37] [SKIP] Same candle 2026-05-19 20:50:00  skip
[2026-05-20 04:26:37] [SKIP] Same candle 2026-05-19 20:50:00  skip
[2026-05-20 04:27:37] [SKIP] Same candle 2026-05-19 20:50:00  skip
[2026-05-20 04:28:37] [SKIP] Same candle 2026-05-19 20:50:00  skip
[2026-05-20 04:29:37] [SKIP] Same candle 2026-05-19 20:50:00  skip
[2026-05-20 04:30:37] [SKIP] Same candle 2026-05-19 20:50:00  skip
[2026-05-20 04:31:37] [SKIP] Same candle 2026-05-19 20:50:00  skip
[2026-05-20 04:32:37] [SKIP] Same candle 2026-05-19 20:50:00  skip
[2026-05-20 04:33:37] [SKIP] Same candle 2026-05-19 20:50:00  skip
[2026-05-20 04:34:37] [SKIP] Same candle 2026-05-19 20:50:00  skip
[2026-05-20 04:35:37] [SKIP] Same candle 2026-05-19 20:50:00  skip
[2026-05-20 04:36:37] [SKIP] Same candle 2026-05-19 20:50:00  skip
[2026-05-20 04:37:37] [SKIP] Same candle 2026-05-19 20:50:00  skip
[2026-05-20 04:38:38] [SKIP] Same candle 2026-05-19 20:50:00  skip
[2026-05-20 04:39:38] [SKIP] Same candle 2026-05-19 20:50:00  skip
[2026-05-20 04:40:38] [SKIP] Same candle 2026-05-19 20:50:00  skip
[2026-05-20 04:41:38] [SKIP] Same candle 2026-05-19 20:50:00  skip
[2026-05-20 04:42:38] [SKIP] Same candle 2026-05-19 20:50:00  skip
[2026-05-20 04:43:38] [SKIP] Same candle 2026-05-19 20:50:00  skip
[2026-05-20 04:44:38] [SKIP] Same candle 2026-05-19 20:50:00  skip
[2026-05-20 04:45:38] [SKIP] Same candle 2026-05-19 20:50:00  skip
[2026-05-20 04:46:38] [SKIP] Same candle 2026-05-19 20:50:00  skip
[2026-05-20 04:47:38] [SKIP] Same candle 2026-05-19 20:50:00  skip
[2026-05-20 04:48:38] [SKIP] Same candle 2026-05-19 20:50:00  skip
[2026-05-20 04:49:38] [SKIP] Same candle 2026-05-19 20:50:00  skip
[2026-05-20 04:50:38] [SKIP] Same candle 2026-05-19 20:50:00  skip
[2026-05-20 04:51:38] [SKIP] Same candle 2026-05-19 20:50:00  skip
[2026-05-20 04:52:38] [SKIP] Same candle 2026-05-19 20:50:00  skip
[2026-05-20 04:53:38] [SKIP] Same candle 2026-05-19 20:50:00  skip
[2026-05-20 04:54:38] [SKIP] Same candle 2026-05-19 20:50:00  skip
[2026-05-20 04:55:38] [SKIP] Same candle 2026-05-19 20:50:00  skip
[2026-05-20 04:56:38] [SKIP] Same candle 2026-05-19 20:50:00  skip
[2026-05-20 04:57:38] [SKIP] Same candle 2026-05-19 20:50:00  skip
[2026-05-20 04:58:38] [SKIP] Same candle 2026-05-19 20:50:00  skip
[2026-05-20 04:59:38] [SKIP] Same candle 2026-05-19 20:50:00  skip
[2026-05-20 05:00:38] [STATS] Hourly (300 attempts): {'no_momentum_signal': '300(100%)'}
[2026-05-20 05:00:38] [SKIP] NO_TRADE: no_momentum_signal
[2026-05-20 05:01:38] [SKIP] Same candle 2026-05-19 20:55:00  skip
[2026-05-20 05:02:38] [SKIP] Same candle 2026-05-19 20:55:00  skip
[2026-05-20 05:03:38] [SKIP] Same candle 2026-05-19 20:55:00  skip
[2026-05-20 05:04:38] [SKIP] Same candle 2026-05-19 20:55:00  skip
[2026-05-20 05:05:38] [SKIP] NO_TRADE: no_momentum_signal
[2026-05-20 05:06:38] [SKIP] Same candle 2026-05-19 22:00:00  skip
[2026-05-20 05:07:39] [SKIP] Same candle 2026-05-19 22:00:00  skip
[2026-05-20 05:08:39] [SKIP] Same candle 2026-05-19 22:00:00  skip
[2026-05-20 05:09:39] [SKIP] Same candle 2026-05-19 22:00:00  skip
[2026-05-20 05:10:39] [SKIP] NO_TRADE: no_momentum_signal
[2026-05-20 05:11:39] [SKIP] Same candle 2026-05-19 22:05:00  skip
[2026-05-20 05:12:39] [SKIP] Same candle 2026-05-19 22:05:00  skip
[2026-05-20 05:13:39] [SKIP] Same candle 2026-05-19 22:05:00  skip
[2026-05-20 05:14:39] [SKIP] Same candle 2026-05-19 22:05:00  skip
[2026-05-20 05:15:39] [SKIP] NO_TRADE: no_momentum_signal
[2026-05-20 05:16:39] [SKIP] Same candle 2026-05-19 22:10:00  skip
[2026-05-20 05:17:39] [SKIP] Same candle 2026-05-19 22:10:00  skip
[2026-05-20 05:18:39] [SKIP] Same candle 2026-05-19 22:10:00  skip
[2026-05-20 05:19:39] [SKIP] Same candle 2026-05-19 22:10:00  skip
[2026-05-20 05:20:39] [SKIP] NO_TRADE: no_momentum_signal
[2026-05-20 05:21:39] [SKIP] Same candle 2026-05-19 22:15:00  skip
[2026-05-20 05:22:39] [SKIP] Same candle 2026-05-19 22:15:00  skip
[2026-05-20 05:23:39] [SKIP] Same candle 2026-05-19 22:15:00  skip
[2026-05-20 05:24:39] [SKIP] Same candle 2026-05-19 22:15:00  skip
[2026-05-20 05:25:39] [SKIP] NO_TRADE: no_momentum_signal
[2026-05-20 05:26:39] [SKIP] Same candle 2026-05-19 22:20:00  skip
[2026-05-20 05:27:39] [SKIP] Same candle 2026-05-19 22:20:00  skip
[2026-05-20 05:28:39] [SKIP] Same candle 2026-05-19 22:20:00  skip
[2026-05-20 05:29:39] [SKIP] Same candle 2026-05-19 22:20:00  skip
[2026-05-20 05:30:39] [SKIP] NO_TRADE: no_momentum_signal
[2026-05-20 05:31:39] [SKIP] Same candle 2026-05-19 22:25:00  skip
[2026-05-20 05:32:39] [SKIP] Same candle 2026-05-19 22:25:00  skip
[2026-05-20 05:33:39] [SKIP] Same candle 2026-05-19 22:25:00  skip
[2026-05-20 05:34:39] [SKIP] Same candle 2026-05-19 22:25:00  skip
[2026-05-20 05:35:39] [SKIP] NO_TRADE: no_momentum_signal
[2026-05-20 05:36:40] [SKIP] Same candle 2026-05-19 22:30:00  skip
[2026-05-20 05:37:40] [SKIP] Same candle 2026-05-19 22:30:00  skip
[2026-05-20 05:38:40] [SKIP] Same candle 2026-05-19 22:30:00  skip
[2026-05-20 05:39:40] [SKIP] Same candle 2026-05-19 22:30:00  skip
[2026-05-20 05:40:40] [SKIP] NO_TRADE: no_momentum_signal
[2026-05-20 05:41:40] [SKIP] Same candle 2026-05-19 22:35:00  skip
[2026-05-20 05:42:40] [SKIP] Same candle 2026-05-19 22:35:00  skip
[2026-05-20 05:43:40] [SKIP] Same candle 2026-05-19 22:35:00  skip
[2026-05-20 05:44:40] [SKIP] Same candle 2026-05-19 22:35:00  skip
[2026-05-20 05:45:40] [SKIP] NO_TRADE: no_momentum_signal
[2026-05-20 05:46:40] [SKIP] Same candle 2026-05-19 22:40:00  skip
[2026-05-20 05:47:40] [SKIP] Same candle 2026-05-19 22:40:00  skip
[2026-05-20 05:48:40] [SKIP] Same candle 2026-05-19 22:40:00  skip
[2026-05-20 05:49:40] [SKIP] Same candle 2026-05-19 22:40:00  skip
[2026-05-20 05:50:40] [SKIP] NO_TRADE: no_momentum_signal
[2026-05-20 05:51:40] [SKIP] Same candle 2026-05-19 22:45:00  skip
[2026-05-20 05:52:40] [SKIP] Same candle 2026-05-19 22:45:00  skip
[2026-05-20 05:53:40] [SKIP] Same candle 2026-05-19 22:45:00  skip
[2026-05-20 05:54:40] [SKIP] Same candle 2026-05-19 22:45:00  skip
[2026-05-20 05:55:40] [SKIP] NO_TRADE: no_momentum_signal
[2026-05-20 05:56:40] [SKIP] Same candle 2026-05-19 22:50:00  skip
[2026-05-20 05:57:40] [SKIP] Same candle 2026-05-19 22:50:00  skip
[2026-05-20 05:58:40] [SKIP] Same candle 2026-05-19 22:50:00  skip
[2026-05-20 05:59:40] [SKIP] Same candle 2026-05-19 22:50:00  skip
[2026-05-20 06:00:40] [STATS] Hourly (360 attempts): {'no_momentum_signal': '360(100%)'}
[2026-05-20 06:00:40] [SKIP] NO_TRADE: no_momentum_signal
[2026-05-20 06:01:40] [SKIP] Same candle 2026-05-19 22:55:00  skip
[2026-05-20 06:02:40] [SKIP] Same candle 2026-05-19 22:55:00  skip
[2026-05-20 06:03:40] [SKIP] Same candle 2026-05-19 22:55:00  skip
[2026-05-20 06:04:41] [SKIP] Same candle 2026-05-19 22:55:00  skip
[2026-05-20 06:05:41] [SKIP] NO_TRADE: no_momentum_signal
[2026-05-20 06:06:41] [SKIP] Same candle 2026-05-19 23:00:00  skip
[2026-05-20 06:07:41] [SKIP] Same candle 2026-05-19 23:00:00  skip
[2026-05-20 06:08:41] [SKIP] Same candle 2026-05-19 23:00:00  skip
[2026-05-20 06:09:41] [SKIP] Same candle 2026-05-19 23:00:00  skip
[2026-05-20 06:10:41] [SKIP] NO_TRADE: no_momentum_signal
[2026-05-20 06:11:41] [SKIP] Same candle 2026-05-19 23:05:00  skip
[2026-05-20 06:12:41] [SKIP] Same candle 2026-05-19 23:05:00  skip
[2026-05-20 06:13:41] [SKIP] Same candle 2026-05-19 23:05:00  skip
[2026-05-20 06:14:41] [SKIP] Same candle 2026-05-19 23:05:00  skip
[2026-05-20 06:15:41] [SKIP] NO_TRADE: no_momentum_signal
[2026-05-20 06:16:41] [SKIP] Same candle 2026-05-19 23:10:00  skip
[2026-05-20 06:17:41] [SKIP] Same candle 2026-05-19 23:10:00  skip
[2026-05-20 06:18:41] [SKIP] Same candle 2026-05-19 23:10:00  skip
[2026-05-20 06:19:41] [SKIP] Same candle 2026-05-19 23:10:00  skip
[2026-05-20 06:20:41] [SKIP] NO_TRADE: no_momentum_signal
[2026-05-20 06:21:41] [SKIP] Same candle 2026-05-19 23:15:00  skip
[2026-05-20 06:22:41] [SKIP] Same candle 2026-05-19 23:15:00  skip
[2026-05-20 06:23:41] [SKIP] Same candle 2026-05-19 23:15:00  skip
[2026-05-20 06:24:41] [SKIP] Same candle 2026-05-19 23:15:00  skip
[2026-05-20 06:25:41] [SKIP] NO_TRADE: no_momentum_signal
[2026-05-20 06:26:41] [SKIP] Same candle 2026-05-19 23:20:00  skip
[2026-05-20 06:27:41] [SKIP] Same candle 2026-05-19 23:20:00  skip
[2026-05-20 06:28:41] [SKIP] Same candle 2026-05-19 23:20:00  skip
[2026-05-20 06:29:41] [SKIP] Same candle 2026-05-19 23:20:00  skip
[2026-05-20 06:30:41] [SKIP] NO_TRADE: no_momentum_signal
[2026-05-20 06:31:41] [SKIP] Same candle 2026-05-19 23:25:00  skip
[2026-05-20 06:32:41] [SKIP] Same candle 2026-05-19 23:25:00  skip
[2026-05-20 06:33:41] [SKIP] Same candle 2026-05-19 23:25:00  skip
[2026-05-20 06:34:42] [SKIP] Same candle 2026-05-19 23:25:00  skip
[2026-05-20 06:35:42] [SKIP] NO_TRADE: no_momentum_signal
[2026-05-20 06:36:42] [SKIP] Same candle 2026-05-19 23:30:00  skip
[2026-05-20 06:37:42] [SKIP] Same candle 2026-05-19 23:30:00  skip
[2026-05-20 06:38:42] [SKIP] Same candle 2026-05-19 23:30:00  skip
[2026-05-20 06:39:42] [SKIP] Same candle 2026-05-19 23:30:00  skip
[2026-05-20 06:40:42] [SKIP] NO_TRADE: no_momentum_signal
[2026-05-20 06:41:42] [SKIP] Same candle 2026-05-19 23:35:00  skip
[2026-05-20 06:42:42] [SKIP] Same candle 2026-05-19 23:35:00  skip
[2026-05-20 06:43:42] [SKIP] Same candle 2026-05-19 23:35:00  skip
[2026-05-20 06:44:42] [SKIP] Same candle 2026-05-19 23:35:00  skip
[2026-05-20 06:45:42] [SKIP] NO_TRADE: no_momentum_signal
[2026-05-20 06:46:42] [SKIP] Same candle 2026-05-19 23:40:00  skip
[2026-05-20 06:47:42] [SKIP] Same candle 2026-05-19 23:40:00  skip
[2026-05-20 06:48:42] [SKIP] Same candle 2026-05-19 23:40:00  skip
[2026-05-20 06:49:42] [SKIP] Same candle 2026-05-19 23:40:00  skip
[2026-05-20 06:50:42] [SKIP] NO_TRADE: no_momentum_signal
[2026-05-20 06:51:42] [SKIP] Same candle 2026-05-19 23:45:00  skip
[2026-05-20 06:52:42] [SKIP] Same candle 2026-05-19 23:45:00  skip
[2026-05-20 06:53:42] [SKIP] Same candle 2026-05-19 23:45:00  skip
[2026-05-20 06:54:42] [SKIP] Same candle 2026-05-19 23:45:00  skip
[2026-05-20 06:55:42] [SKIP] NO_TRADE: no_momentum_signal
[2026-05-20 06:56:42] [SKIP] Same candle 2026-05-19 23:50:00  skip
[2026-05-20 06:57:42] [SKIP] Same candle 2026-05-19 23:50:00  skip
[2026-05-20 06:58:42] [SKIP] Same candle 2026-05-19 23:50:00  skip
[2026-05-20 06:59:42] [SKIP] Same candle 2026-05-19 23:50:00  skip
[2026-05-20 07:00:42] [STATS] Hourly (420 attempts): {'no_momentum_signal': '420(100%)'}
[2026-05-20 07:00:42] [SKIP] NO_TRADE: no_momentum_signal
[2026-05-20 07:01:42] [SKIP] Same candle 2026-05-19 23:55:00  skip
[2026-05-20 07:02:43] [SKIP] Same candle 2026-05-19 23:55:00  skip
[2026-05-20 07:03:43] [SKIP] Same candle 2026-05-19 23:55:00  skip
[2026-05-20 07:04:43] [SKIP] Same candle 2026-05-19 23:55:00  skip
[2026-05-20 07:05:43] [SKIP] NO_TRADE: no_momentum_signal
[2026-05-20 07:06:43] [SKIP] Same candle 2026-05-20 00:00:00  skip
[2026-05-20 07:07:43] [SKIP] Same candle 2026-05-20 00:00:00  skip
[2026-05-20 07:08:43] [SKIP] Same candle 2026-05-20 00:00:00  skip
[2026-05-20 07:09:43] [SKIP] Same candle 2026-05-20 00:00:00  skip
[2026-05-20 07:10:43] [SKIP] NO_TRADE: no_momentum_signal
[2026-05-20 07:11:43] [SKIP] Same candle 2026-05-20 00:05:00  skip
[2026-05-20 07:12:43] [SKIP] Same candle 2026-05-20 00:05:00  skip
[2026-05-20 07:13:43] [SKIP] Same candle 2026-05-20 00:05:00  skip
[2026-05-20 07:14:43] [SKIP] Same candle 2026-05-20 00:05:00  skip
[2026-05-20 07:15:43] [SKIP] NO_TRADE: no_momentum_signal
[2026-05-20 07:16:43] [SKIP] Same candle 2026-05-20 00:10:00  skip
[2026-05-20 07:17:43] [SKIP] Same candle 2026-05-20 00:10:00  skip
[2026-05-20 07:18:43] [SKIP] Same candle 2026-05-20 00:10:00  skip
[2026-05-20 07:19:43] [SKIP] Same candle 2026-05-20 00:10:00  skip
[2026-05-20 07:20:43] [SKIP] NO_TRADE: no_momentum_signal
[2026-05-20 07:21:43] [SKIP] Same candle 2026-05-20 00:15:00  skip
[2026-05-20 07:22:43] [SKIP] Same candle 2026-05-20 00:15:00  skip
[2026-05-20 07:23:43] [SKIP] Same candle 2026-05-20 00:15:00  skip
[2026-05-20 07:24:43] [SKIP] Same candle 2026-05-20 00:15:00  skip
[2026-05-20 07:25:43] [SKIP] NO_TRADE: no_momentum_signal
[2026-05-20 07:26:43] [SKIP] Same candle 2026-05-20 00:20:00  skip
[2026-05-20 07:27:43] [SKIP] Same candle 2026-05-20 00:20:00  skip
[2026-05-20 07:28:43] [SKIP] Same candle 2026-05-20 00:20:00  skip
[2026-05-20 07:29:43] [SKIP] Same candle 2026-05-20 00:20:00  skip
[2026-05-20 07:30:43] [SKIP] NO_TRADE: no_momentum_signal
[2026-05-20 07:31:43] [SKIP] Same candle 2026-05-20 00:25:00  skip
[2026-05-20 07:32:44] [SKIP] Same candle 2026-05-20 00:25:00  skip
[2026-05-20 07:33:44] [SKIP] Same candle 2026-05-20 00:25:00  skip
[2026-05-20 07:34:44] [SKIP] Same candle 2026-05-20 00:25:00  skip
[2026-05-20 07:35:44] [SKIP] NO_TRADE: no_momentum_signal
[2026-05-20 07:36:44] [SKIP] Same candle 2026-05-20 00:30:00  skip
[2026-05-20 07:37:44] [SKIP] Same candle 2026-05-20 00:30:00  skip
[2026-05-20 07:38:44] [SKIP] Same candle 2026-05-20 00:30:00  skip
[2026-05-20 07:39:44] [SKIP] Same candle 2026-05-20 00:30:00  skip
[2026-05-20 07:40:44] [SKIP] NO_TRADE: no_momentum_signal
[2026-05-20 07:41:44] [SKIP] Same candle 2026-05-20 00:35:00  skip
[2026-05-20 07:42:44] [SKIP] Same candle 2026-05-20 00:35:00  skip
[2026-05-20 07:43:44] [SKIP] Same candle 2026-05-20 00:35:00  skip
[2026-05-20 07:44:44] [SKIP] Same candle 2026-05-20 00:35:00  skip
[2026-05-20 07:45:44] [SKIP] NO_TRADE: no_momentum_signal
[2026-05-20 07:46:44] [SKIP] Same candle 2026-05-20 00:40:00  skip
[2026-05-20 07:47:44] [SKIP] Same candle 2026-05-20 00:40:00  skip
[2026-05-20 07:48:44] [SKIP] Same candle 2026-05-20 00:40:00  skip
[2026-05-20 07:49:44] [SKIP] Same candle 2026-05-20 00:40:00  skip
[2026-05-20 07:50:44] [SKIP] NO_TRADE: no_momentum_signal
[2026-05-20 07:51:44] [SKIP] Same candle 2026-05-20 00:45:00  skip
[2026-05-20 07:52:44] [SKIP] Same candle 2026-05-20 00:45:00  skip
[2026-05-20 07:53:44] [SKIP] Same candle 2026-05-20 00:45:00  skip
[2026-05-20 07:54:44] [SKIP] Same candle 2026-05-20 00:45:00  skip
[2026-05-20 07:55:44] [SKIP] NO_TRADE: no_momentum_signal
[2026-05-20 07:56:44] [SKIP] Same candle 2026-05-20 00:50:00  skip
[2026-05-20 07:57:44] [SKIP] Same candle 2026-05-20 00:50:00  skip
[2026-05-20 07:58:44] [SKIP] Same candle 2026-05-20 00:50:00  skip
[2026-05-20 07:59:44] [SKIP] Same candle 2026-05-20 00:50:00  skip
[2026-05-20 08:00:44] [STATS] Hourly (480 attempts): {'no_momentum_signal': '480(100%)'}
[2026-05-20 08:00:44] [SKIP] NO_TRADE: no_momentum_signal
[2026-05-20 08:01:45] [SKIP] Same candle 2026-05-20 00:55:00  skip
[2026-05-20 08:02:45] [SKIP] Same candle 2026-05-20 00:55:00  skip
[2026-05-20 08:03:45] [SKIP] Same candle 2026-05-20 00:55:00  skip
[2026-05-20 08:04:45] [SKIP] Same candle 2026-05-20 00:55:00  skip
[2026-05-20 08:05:45] [SKIP] NO_TRADE: no_momentum_signal
[2026-05-20 08:06:45] [SKIP] Same candle 2026-05-20 01:00:00  skip
[2026-05-20 08:07:45] [SKIP] Same candle 2026-05-20 01:00:00  skip
[2026-05-20 08:08:45] [SKIP] Same candle 2026-05-20 01:00:00  skip
[2026-05-20 08:09:45] [SKIP] Same candle 2026-05-20 01:00:00  skip
[2026-05-20 08:10:45] [SKIP] NO_TRADE: no_momentum_signal
[2026-05-20 08:11:45] [SKIP] Same candle 2026-05-20 01:05:00  skip
[2026-05-20 08:12:45] [SKIP] Same candle 2026-05-20 01:05:00  skip
[2026-05-20 08:13:45] [SKIP] Same candle 2026-05-20 01:05:00  skip
[2026-05-20 08:14:45] [SKIP] Same candle 2026-05-20 01:05:00  skip
[2026-05-20 08:15:45] [SKIP] NO_TRADE: no_momentum_signal
[2026-05-20 08:16:45] [SKIP] Same candle 2026-05-20 01:10:00  skip
[2026-05-20 08:17:45] [SKIP] Same candle 2026-05-20 01:10:00  skip
[2026-05-20 08:18:45] [SKIP] Same candle 2026-05-20 01:10:00  skip
[2026-05-20 08:19:45] [SKIP] Same candle 2026-05-20 01:10:00  skip
[2026-05-20 08:20:45] [SKIP] NO_TRADE: no_momentum_signal
[2026-05-20 08:21:45] [SKIP] Same candle 2026-05-20 01:15:00  skip
[2026-05-20 08:22:45] [SKIP] Same candle 2026-05-20 01:15:00  skip
[2026-05-20 08:23:45] [SKIP] Same candle 2026-05-20 01:15:00  skip
[2026-05-20 08:24:45] [SKIP] Same candle 2026-05-20 01:15:00  skip
[2026-05-20 08:25:45] [SKIP] NO_TRADE: no_momentum_signal
[2026-05-20 08:26:45] [SKIP] Same candle 2026-05-20 01:20:00  skip
[2026-05-20 08:27:45] [SKIP] Same candle 2026-05-20 01:20:00  skip
[2026-05-20 08:28:45] [SKIP] Same candle 2026-05-20 01:20:00  skip
[2026-05-20 08:29:45] [SKIP] Same candle 2026-05-20 01:20:00  skip
[2026-05-20 08:30:46] [SKIP] NO_TRADE: no_momentum_signal
[2026-05-20 08:31:46] [SKIP] Same candle 2026-05-20 01:25:00  skip
[2026-05-20 08:32:46] [SKIP] Same candle 2026-05-20 01:25:00  skip
[2026-05-20 08:33:46] [SKIP] Same candle 2026-05-20 01:25:00  skip
[2026-05-20 08:34:46] [SKIP] Same candle 2026-05-20 01:25:00  skip
[2026-05-20 08:35:46] [SKIP] NO_TRADE: no_momentum_signal
[2026-05-20 08:36:46] [SKIP] Same candle 2026-05-20 01:30:00  skip
[2026-05-20 08:37:46] [SKIP] Same candle 2026-05-20 01:30:00  skip
[2026-05-20 08:38:46] [SKIP] Same candle 2026-05-20 01:30:00  skip
[2026-05-20 08:39:46] [SKIP] Same candle 2026-05-20 01:30:00  skip
[2026-05-20 08:40:46] [SKIP] NO_TRADE: no_momentum_signal
[2026-05-20 08:41:46] [SKIP] Same candle 2026-05-20 01:35:00  skip
[2026-05-20 08:42:46] [SKIP] Same candle 2026-05-20 01:35:00  skip
[2026-05-20 08:43:46] [SKIP] Same candle 2026-05-20 01:35:00  skip
[2026-05-20 08:44:46] [SKIP] Same candle 2026-05-20 01:35:00  skip
[2026-05-20 08:45:46] [SKIP] NO_TRADE: no_momentum_signal
[2026-05-20 08:46:46] [SKIP] Same candle 2026-05-20 01:40:00  skip
[2026-05-20 08:47:46] [SKIP] Same candle 2026-05-20 01:40:00  skip
[2026-05-20 08:48:46] [SKIP] Same candle 2026-05-20 01:40:00  skip
[2026-05-20 08:49:46] [SKIP] Same candle 2026-05-20 01:40:00  skip
[2026-05-20 08:50:46] [SKIP] NO_TRADE: no_momentum_signal
[2026-05-20 08:51:46] [SKIP] Same candle 2026-05-20 01:45:00  skip
[2026-05-20 08:52:46] [SKIP] Same candle 2026-05-20 01:45:00  skip
[2026-05-20 08:53:46] [SKIP] Same candle 2026-05-20 01:45:00  skip
[2026-05-20 08:54:46] [SKIP] Same candle 2026-05-20 01:45:00  skip
[2026-05-20 08:55:46] [SKIP] NO_TRADE: no_momentum_signal
[2026-05-20 08:56:46] [SKIP] Same candle 2026-05-20 01:50:00  skip
[2026-05-20 08:57:46] [SKIP] Same candle 2026-05-20 01:50:00  skip
[2026-05-20 08:58:46] [SKIP] Same candle 2026-05-20 01:50:00  skip
[2026-05-20 08:59:47] [SKIP] Same candle 2026-05-20 01:50:00  skip
[2026-05-20 09:00:47] [STATS] Hourly (540 attempts): {'no_momentum_signal': '540(100%)'}
[2026-05-20 09:00:47] [SKIP] NO_TRADE: no_momentum_signal
[2026-05-20 09:01:47] [SKIP] Same candle 2026-05-20 01:55:00  skip
[2026-05-20 09:02:47] [SKIP] Same candle 2026-05-20 01:55:00  skip
[2026-05-20 09:03:47] [SKIP] Same candle 2026-05-20 01:55:00  skip
[2026-05-20 09:04:47] [SKIP] Same candle 2026-05-20 01:55:00  skip
[2026-05-20 09:05:47] [SKIP] NO_TRADE: no_momentum_signal
[2026-05-20 09:06:47] [SKIP] Same candle 2026-05-20 02:00:00  skip
[2026-05-20 09:07:47] [SKIP] Same candle 2026-05-20 02:00:00  skip
[2026-05-20 09:08:47] [SKIP] Same candle 2026-05-20 02:00:00  skip
[2026-05-20 09:09:47] [SKIP] Same candle 2026-05-20 02:00:00  skip
[2026-05-20 09:10:47] [SKIP] NO_TRADE: no_momentum_signal
[2026-05-20 09:11:47] [SKIP] Same candle 2026-05-20 02:05:00  skip
[2026-05-20 09:12:47] [SKIP] Same candle 2026-05-20 02:05:00  skip
[2026-05-20 09:13:47] [SKIP] Same candle 2026-05-20 02:05:00  skip
[2026-05-20 09:14:47] [SKIP] Same candle 2026-05-20 02:05:00  skip
[2026-05-20 09:15:47] [SKIP] NO_TRADE: no_momentum_signal
[2026-05-20 09:16:47] [SKIP] Same candle 2026-05-20 02:10:00  skip
[2026-05-20 09:17:47] [SKIP] Same candle 2026-05-20 02:10:00  skip
[2026-05-20 09:18:47] [SKIP] Same candle 2026-05-20 02:10:00  skip
[2026-05-20 09:19:47] [SKIP] Same candle 2026-05-20 02:10:00  skip
[2026-05-20 09:20:47] [SKIP] NO_TRADE: no_momentum_signal
[2026-05-20 09:21:47] [SKIP] Same candle 2026-05-20 02:15:00  skip
[2026-05-20 09:22:47] [SKIP] Same candle 2026-05-20 02:15:00  skip
[2026-05-20 09:23:47] [SKIP] Same candle 2026-05-20 02:15:00  skip
[2026-05-20 09:24:47] [SKIP] Same candle 2026-05-20 02:15:00  skip
[2026-05-20 09:25:47] [SKIP] NO_TRADE: no_momentum_signal
[2026-05-20 09:26:47] [SKIP] Same candle 2026-05-20 02:20:00  skip
[2026-05-20 09:27:47] [SKIP] Same candle 2026-05-20 02:20:00  skip
[2026-05-20 09:28:48] [SKIP] Same candle 2026-05-20 02:20:00  skip
[2026-05-20 09:29:48] [SKIP] Same candle 2026-05-20 02:20:00  skip
[2026-05-20 09:30:48] [SKIP] NO_TRADE: no_momentum_signal
[2026-05-20 09:31:48] [SKIP] Same candle 2026-05-20 02:25:00  skip
[2026-05-20 09:32:48] [SKIP] Same candle 2026-05-20 02:25:00  skip
[2026-05-20 09:33:48] [SKIP] Same candle 2026-05-20 02:25:00  skip
[2026-05-20 09:34:48] [SKIP] Same candle 2026-05-20 02:25:00  skip
[2026-05-20 09:35:48] [SKIP] NO_TRADE: no_momentum_signal
[2026-05-20 09:36:48] [SKIP] Same candle 2026-05-20 02:30:00  skip
[2026-05-20 09:37:48] [SKIP] Same candle 2026-05-20 02:30:00  skip
[2026-05-20 09:38:48] [SKIP] Same candle 2026-05-20 02:30:00  skip
[2026-05-20 09:39:48] [SKIP] Same candle 2026-05-20 02:30:00  skip
[2026-05-20 09:40:48] [SKIP] NO_TRADE: no_momentum_signal
[2026-05-20 09:41:48] [SKIP] Same candle 2026-05-20 02:35:00  skip
[2026-05-20 09:42:48] [SKIP] Same candle 2026-05-20 02:35:00  skip
[2026-05-20 09:43:48] [SKIP] Same candle 2026-05-20 02:35:00  skip
[2026-05-20 09:44:48] [SKIP] Same candle 2026-05-20 02:35:00  skip
[2026-05-20 09:45:48] [SKIP] NO_TRADE: no_momentum_signal
[2026-05-20 09:46:48] [SKIP] Same candle 2026-05-20 02:40:00  skip
[2026-05-20 09:47:48] [SKIP] Same candle 2026-05-20 02:40:00  skip
[2026-05-20 09:48:48] [SKIP] Same candle 2026-05-20 02:40:00  skip
[2026-05-20 09:49:48] [SKIP] Same candle 2026-05-20 02:40:00  skip
[2026-05-20 09:50:48] [SKIP] NO_TRADE: no_momentum_signal
[2026-05-20 09:51:48] [SKIP] Same candle 2026-05-20 02:45:00  skip
[2026-05-20 09:52:48] [SKIP] Same candle 2026-05-20 02:45:00  skip
[2026-05-20 09:53:48] [SKIP] Same candle 2026-05-20 02:45:00  skip
[2026-05-20 09:54:48] [SKIP] Same candle 2026-05-20 02:45:00  skip
[2026-05-20 09:55:48] [SKIP] NO_TRADE: no_momentum_signal
[2026-05-20 09:56:48] [SKIP] Same candle 2026-05-20 02:50:00  skip
[2026-05-20 09:57:49] [SKIP] Same candle 2026-05-20 02:50:00  skip
[2026-05-20 09:58:49] [SKIP] Same candle 2026-05-20 02:50:00  skip
[2026-05-20 09:59:49] [SKIP] Same candle 2026-05-20 02:50:00  skip
[2026-05-20 10:00:49] [STATS] Hourly (600 attempts): {'no_momentum_signal': '600(100%)'}
[2026-05-20 10:00:49] [SKIP] NO_TRADE: no_momentum_signal
[2026-05-20 10:01:49] [SKIP] Same candle 2026-05-20 02:55:00  skip
[2026-05-20 10:02:49] [SKIP] Same candle 2026-05-20 02:55:00  skip
[2026-05-20 10:03:49] [SKIP] Same candle 2026-05-20 02:55:00  skip
[2026-05-20 10:04:49] [SKIP] Same candle 2026-05-20 02:55:00  skip
[2026-05-20 10:05:49] [SKIP] NO_TRADE: no_momentum_signal
[2026-05-20 10:06:49] [SKIP] Same candle 2026-05-20 03:00:00  skip
[2026-05-20 10:07:49] [SKIP] Same candle 2026-05-20 03:00:00  skip
[2026-05-20 10:08:49] [SKIP] Same candle 2026-05-20 03:00:00  skip
[2026-05-20 10:09:49] [SKIP] Same candle 2026-05-20 03:00:00  skip
[2026-05-20 10:10:49] [SKIP] NO_TRADE: no_momentum_signal
[2026-05-20 10:11:49] [SKIP] Same candle 2026-05-20 03:05:00  skip
[2026-05-20 10:12:49] [SKIP] Same candle 2026-05-20 03:05:00  skip
[2026-05-20 10:13:49] [SKIP] Same candle 2026-05-20 03:05:00  skip
[2026-05-20 10:14:49] [SKIP] Same candle 2026-05-20 03:05:00  skip
[2026-05-20 10:15:49] [SKIP] NO_TRADE: no_momentum_signal
[2026-05-20 10:16:49] [SKIP] Same candle 2026-05-20 03:10:00  skip
[2026-05-20 10:17:49] [SKIP] Same candle 2026-05-20 03:10:00  skip
[2026-05-20 10:18:49] [SKIP] Same candle 2026-05-20 03:10:00  skip
[2026-05-20 10:19:49] [SKIP] Same candle 2026-05-20 03:10:00  skip
[2026-05-20 10:20:49] [SKIP] NO_TRADE: no_momentum_signal
[2026-05-20 10:21:49] [SKIP] Same candle 2026-05-20 03:15:00  skip
[2026-05-20 10:22:49] [SKIP] Same candle 2026-05-20 03:15:00  skip
[2026-05-20 10:23:49] [SKIP] Same candle 2026-05-20 03:15:00  skip
[2026-05-20 10:24:49] [SKIP] Same candle 2026-05-20 03:15:00  skip
[2026-05-20 10:25:49] [SKIP] NO_TRADE: no_momentum_signal
[2026-05-20 10:26:49] [SKIP] Same candle 2026-05-20 03:20:00  skip
[2026-05-20 10:27:50] [SKIP] Same candle 2026-05-20 03:20:00  skip
[2026-05-20 10:28:50] [SKIP] Same candle 2026-05-20 03:20:00  skip
[2026-05-20 10:29:50] [SKIP] Same candle 2026-05-20 03:20:00  skip
[2026-05-20 10:30:50] [SKIP] NO_TRADE: no_momentum_signal
[2026-05-20 10:31:50] [SKIP] Same candle 2026-05-20 03:25:00  skip
[2026-05-20 10:32:50] [SKIP] Same candle 2026-05-20 03:25:00  skip
[2026-05-20 10:33:50] [SKIP] Same candle 2026-05-20 03:25:00  skip
[2026-05-20 10:34:50] [SKIP] Same candle 2026-05-20 03:25:00  skip
[2026-05-20 10:35:50] [SKIP] NO_TRADE: no_momentum_signal
[2026-05-20 10:36:50] [SKIP] Same candle 2026-05-20 03:30:00  skip
[2026-05-20 10:37:50] [SKIP] Same candle 2026-05-20 03:30:00  skip
[2026-05-20 10:38:50] [SKIP] Same candle 2026-05-20 03:30:00  skip
[2026-05-20 10:39:50] [SKIP] Same candle 2026-05-20 03:30:00  skip
[2026-05-20 10:40:50] [SKIP] NO_TRADE: no_momentum_signal
[2026-05-20 10:41:50] [SKIP] Same candle 2026-05-20 03:35:00  skip
[2026-05-20 10:42:50] [SKIP] Same candle 2026-05-20 03:35:00  skip
[2026-05-20 10:43:50] [SKIP] Same candle 2026-05-20 03:35:00  skip
[2026-05-20 10:44:50] [SKIP] Same candle 2026-05-20 03:35:00  skip
[2026-05-20 10:45:50] [SKIP] NO_TRADE: no_momentum_signal
[2026-05-20 10:46:50] [SKIP] Same candle 2026-05-20 03:40:00  skip
[2026-05-20 10:47:50] [SKIP] Same candle 2026-05-20 03:40:00  skip
[2026-05-20 10:48:50] [SKIP] Same candle 2026-05-20 03:40:00  skip
[2026-05-20 10:49:50] [SKIP] Same candle 2026-05-20 03:40:00  skip
[2026-05-20 10:50:50] [SKIP] NO_TRADE: no_momentum_signal
[2026-05-20 10:51:50] [SKIP] Same candle 2026-05-20 03:45:00  skip
[2026-05-20 10:52:50] [SKIP] Same candle 2026-05-20 03:45:00  skip
[2026-05-20 10:53:50] [SKIP] Same candle 2026-05-20 03:45:00  skip
[2026-05-20 10:54:50] [SKIP] Same candle 2026-05-20 03:45:00  skip
[2026-05-20 10:55:50] [SKIP] NO_TRADE: no_momentum_signal
[2026-05-20 10:56:51] [SKIP] Same candle 2026-05-20 03:50:00  skip
[2026-05-20 10:57:51] [SKIP] Same candle 2026-05-20 03:50:00  skip
[2026-05-20 10:58:51] [SKIP] Same candle 2026-05-20 03:50:00  skip
[2026-05-20 10:59:51] [SKIP] Same candle 2026-05-20 03:50:00  skip
[2026-05-20 11:00:51] [STATS] Hourly (660 attempts): {'no_momentum_signal': '660(100%)'}
[2026-05-20 11:00:51] [SKIP] NO_TRADE: no_momentum_signal
[2026-05-20 11:01:51] [SKIP] Same candle 2026-05-20 03:55:00  skip
[2026-05-20 11:02:51] [SKIP] Same candle 2026-05-20 03:55:00  skip
[2026-05-20 11:03:51] [SKIP] Same candle 2026-05-20 03:55:00  skip
[2026-05-20 11:04:51] [SKIP] Same candle 2026-05-20 03:55:00  skip
[2026-05-20 11:05:51] [SKIP] NO_TRADE: no_momentum_signal
[2026-05-20 11:06:51] [SKIP] Same candle 2026-05-20 04:00:00  skip
[2026-05-20 11:07:51] [SKIP] Same candle 2026-05-20 04:00:00  skip
[2026-05-20 11:08:51] [SKIP] Same candle 2026-05-20 04:00:00  skip
[2026-05-20 11:09:51] [SKIP] Same candle 2026-05-20 04:00:00  skip
[2026-05-20 11:10:51] [SKIP] NO_TRADE: no_momentum_signal
[2026-05-20 11:11:51] [SKIP] Same candle 2026-05-20 04:05:00  skip
[2026-05-20 11:12:51] [SKIP] Same candle 2026-05-20 04:05:00  skip
[2026-05-20 11:13:51] [SKIP] Same candle 2026-05-20 04:05:00  skip
[2026-05-20 11:14:51] [SKIP] Same candle 2026-05-20 04:05:00  skip
[2026-05-20 11:15:51] [SKIP] NO_TRADE: no_momentum_signal
[2026-05-20 11:16:51] [SKIP] Same candle 2026-05-20 04:10:00  skip
[2026-05-20 11:17:51] [SKIP] Same candle 2026-05-20 04:10:00  skip
[2026-05-20 11:18:51] [SKIP] Same candle 2026-05-20 04:10:00  skip
[2026-05-20 11:19:51] [SKIP] Same candle 2026-05-20 04:10:00  skip
[2026-05-20 11:20:51] [SKIP] NO_TRADE: no_momentum_signal
[2026-05-20 11:21:51] [SKIP] Same candle 2026-05-20 04:15:00  skip
[2026-05-20 11:22:51] [SKIP] Same candle 2026-05-20 04:15:00  skip
[2026-05-20 11:23:51] [SKIP] Same candle 2026-05-20 04:15:00  skip
[2026-05-20 11:24:51] [SKIP] Same candle 2026-05-20 04:15:00  skip
[2026-05-20 11:25:52] [SKIP] NO_TRADE: no_momentum_signal
[2026-05-20 11:26:52] [SKIP] Same candle 2026-05-20 04:20:00  skip
[2026-05-20 11:27:52] [SKIP] Same candle 2026-05-20 04:20:00  skip
[2026-05-20 11:28:52] [SKIP] Same candle 2026-05-20 04:20:00  skip
[2026-05-20 11:29:52] [SKIP] Same candle 2026-05-20 04:20:00  skip
[2026-05-20 11:30:52] [SKIP] NO_TRADE: no_momentum_signal
[2026-05-20 11:31:52] [SKIP] Same candle 2026-05-20 04:25:00  skip
[2026-05-20 11:32:52] [SKIP] Same candle 2026-05-20 04:25:00  skip
[2026-05-20 11:33:52] [SKIP] Same candle 2026-05-20 04:25:00  skip
[2026-05-20 11:34:52] [SKIP] Same candle 2026-05-20 04:25:00  skip
[2026-05-20 11:35:52] [SKIP] NO_TRADE: no_momentum_signal
[2026-05-20 11:36:52] [SKIP] Same candle 2026-05-20 04:30:00  skip
[2026-05-20 11:37:52] [SKIP] Same candle 2026-05-20 04:30:00  skip
[2026-05-20 11:38:52] [SKIP] Same candle 2026-05-20 04:30:00  skip
[2026-05-20 11:39:52] [SKIP] Same candle 2026-05-20 04:30:00  skip
[2026-05-20 11:40:52] [SKIP] NO_TRADE: no_momentum_signal
[2026-05-20 11:41:52] [SKIP] Same candle 2026-05-20 04:35:00  skip
[2026-05-20 11:42:52] [SKIP] Same candle 2026-05-20 04:35:00  skip
[2026-05-20 11:43:52] [SKIP] Same candle 2026-05-20 04:35:00  skip
[2026-05-20 11:44:52] [SKIP] Same candle 2026-05-20 04:35:00  skip
[2026-05-20 11:45:52] [SKIP] NO_TRADE: no_momentum_signal
[2026-05-20 11:46:52] [SKIP] Same candle 2026-05-20 04:40:00  skip
[2026-05-20 11:47:52] [SKIP] Same candle 2026-05-20 04:40:00  skip
[2026-05-20 11:48:52] [SKIP] Same candle 2026-05-20 04:40:00  skip
[2026-05-20 11:49:52] [SKIP] Same candle 2026-05-20 04:40:00  skip
[2026-05-20 11:50:52] [SKIP] NO_TRADE: no_momentum_signal
[2026-05-20 11:51:52] [SKIP] Same candle 2026-05-20 04:45:00  skip
[2026-05-20 11:52:52] [SKIP] Same candle 2026-05-20 04:45:00  skip
[2026-05-20 11:53:52] [SKIP] Same candle 2026-05-20 04:45:00  skip
[2026-05-20 11:54:53] [SKIP] Same candle 2026-05-20 04:45:00  skip
[2026-05-20 11:55:53] [SKIP] NO_TRADE: no_momentum_signal
[2026-05-20 11:56:53] [SKIP] Same candle 2026-05-20 04:50:00  skip
[2026-05-20 11:57:53] [SKIP] Same candle 2026-05-20 04:50:00  skip
[2026-05-20 11:58:53] [SKIP] Same candle 2026-05-20 04:50:00  skip
[2026-05-20 11:59:53] [SKIP] Same candle 2026-05-20 04:50:00  skip
[2026-05-20 12:00:53] [STATS] Hourly (720 attempts): {'no_momentum_signal': '720(100%)'}
[2026-05-20 12:00:53] [SKIP] NO_TRADE: no_momentum_signal
[2026-05-20 12:01:53] [SKIP] Same candle 2026-05-20 04:55:00  skip
[2026-05-20 12:02:53] [SKIP] Same candle 2026-05-20 04:55:00  skip
[2026-05-20 12:03:53] [SKIP] Same candle 2026-05-20 04:55:00  skip
[2026-05-20 12:04:53] [SKIP] Same candle 2026-05-20 04:55:00  skip
[2026-05-20 12:05:53] [SKIP] NO_TRADE: no_momentum_signal
[2026-05-20 12:06:53] [SKIP] Same candle 2026-05-20 05:00:00  skip
[2026-05-20 12:07:53] [SKIP] Same candle 2026-05-20 05:00:00  skip
[2026-05-20 12:08:53] [SKIP] Same candle 2026-05-20 05:00:00  skip
[2026-05-20 12:09:53] [SKIP] Same candle 2026-05-20 05:00:00  skip
[2026-05-20 12:10:53] [SKIP] NO_TRADE: no_momentum_signal
[2026-05-20 12:11:53] [SKIP] Same candle 2026-05-20 05:05:00  skip
[2026-05-20 12:12:53] [SKIP] Same candle 2026-05-20 05:05:00  skip
[2026-05-20 12:13:53] [SKIP] Same candle 2026-05-20 05:05:00  skip
[2026-05-20 12:14:53] [SKIP] Same candle 2026-05-20 05:05:00  skip
[2026-05-20 12:15:53] [SKIP] NO_TRADE: no_momentum_signal
[2026-05-20 12:16:53] [SKIP] Same candle 2026-05-20 05:10:00  skip
[2026-05-20 12:17:53] [SKIP] Same candle 2026-05-20 05:10:00  skip
[2026-05-20 12:18:53] [SKIP] Same candle 2026-05-20 05:10:00  skip
[2026-05-20 12:19:53] [SKIP] Same candle 2026-05-20 05:10:00  skip
[2026-05-20 12:20:53] [SKIP] NO_TRADE: no_momentum_signal
[2026-05-20 12:21:53] [SKIP] Same candle 2026-05-20 05:15:00  skip
[2026-05-20 12:22:53] [SKIP] Same candle 2026-05-20 05:15:00  skip
[2026-05-20 12:23:54] [SKIP] Same candle 2026-05-20 05:15:00  skip
[2026-05-20 12:24:54] [SKIP] Same candle 2026-05-20 05:15:00  skip
[2026-05-20 12:25:54] [SKIP] NO_TRADE: no_momentum_signal
[2026-05-20 12:26:54] [SKIP] Same candle 2026-05-20 05:20:00  skip
[2026-05-20 12:27:54] [SKIP] Same candle 2026-05-20 05:20:00  skip
[2026-05-20 12:28:54] [SKIP] Same candle 2026-05-20 05:20:00  skip
[2026-05-20 12:29:54] [SKIP] Same candle 2026-05-20 05:20:00  skip
[2026-05-20 12:30:54] [SKIP] NO_TRADE: no_momentum_signal
[2026-05-20 12:31:54] [SKIP] Same candle 2026-05-20 05:25:00  skip
[2026-05-20 12:32:54] [SKIP] Same candle 2026-05-20 05:25:00  skip
[2026-05-20 12:33:54] [SKIP] Same candle 2026-05-20 05:25:00  skip
[2026-05-20 12:34:54] [SKIP] Same candle 2026-05-20 05:25:00  skip
[2026-05-20 12:35:54] [SKIP] NO_TRADE: no_momentum_signal
[2026-05-20 12:36:54] [SKIP] Same candle 2026-05-20 05:30:00  skip
[2026-05-20 12:37:54] [SKIP] Same candle 2026-05-20 05:30:00  skip
[2026-05-20 12:38:54] [SKIP] Same candle 2026-05-20 05:30:00  skip
[2026-05-20 12:39:54] [SKIP] Same candle 2026-05-20 05:30:00  skip
[2026-05-20 12:40:54] [SKIP] NO_TRADE: no_momentum_signal
[2026-05-20 12:41:54] [SKIP] Same candle 2026-05-20 05:35:00  skip
[2026-05-20 12:42:54] [SKIP] Same candle 2026-05-20 05:35:00  skip
[2026-05-20 12:43:54] [SKIP] Same candle 2026-05-20 05:35:00  skip
[2026-05-20 12:44:54] [SKIP] Same candle 2026-05-20 05:35:00  skip
[2026-05-20 12:45:54] [SKIP] NO_TRADE: no_momentum_signal
[2026-05-20 12:46:54] [SKIP] Same candle 2026-05-20 05:40:00  skip
[2026-05-20 12:47:54] [SKIP] Same candle 2026-05-20 05:40:00  skip
[2026-05-20 12:48:54] [SKIP] Same candle 2026-05-20 05:40:00  skip
[2026-05-20 12:49:54] [SKIP] Same candle 2026-05-20 05:40:00  skip
[2026-05-20 12:50:54] [SKIP] NO_TRADE: no_momentum_signal
[2026-05-20 12:51:55] [SKIP] Same candle 2026-05-20 05:45:00  skip
[2026-05-20 12:52:55] [SKIP] Same candle 2026-05-20 05:45:00  skip
[2026-05-20 12:53:55] [SKIP] Same candle 2026-05-20 05:45:00  skip
[2026-05-20 12:54:55] [SKIP] Same candle 2026-05-20 05:45:00  skip
[2026-05-20 12:55:55] [SKIP] NO_TRADE: no_momentum_signal
[2026-05-20 12:56:55] [SKIP] Same candle 2026-05-20 05:50:00  skip
[2026-05-20 12:57:55] [SKIP] Same candle 2026-05-20 05:50:00  skip
[2026-05-20 12:58:55] [SKIP] Same candle 2026-05-20 05:50:00  skip
[2026-05-20 12:59:55] [SKIP] Same candle 2026-05-20 05:50:00  skip
[2026-05-20 13:00:55] [STATS] Hourly (780 attempts): {'no_momentum_signal': '780(100%)'}
[2026-05-20 13:00:55] [SKIP] NO_TRADE: no_momentum_signal
[2026-05-20 13:01:55] [SKIP] Same candle 2026-05-20 05:55:00  skip
[2026-05-20 13:02:55] [SKIP] Same candle 2026-05-20 05:55:00  skip
[2026-05-20 13:03:55] [SKIP] Same candle 2026-05-20 05:55:00  skip
[2026-05-20 13:04:55] [SKIP] Same candle 2026-05-20 05:55:00  skip
[2026-05-20 13:05:55] [SKIP] NO_TRADE: no_momentum_signal
[2026-05-20 13:06:55] [SKIP] Same candle 2026-05-20 06:00:00  skip
[2026-05-20 13:07:55] [SKIP] Same candle 2026-05-20 06:00:00  skip
[2026-05-20 13:08:55] [SKIP] Same candle 2026-05-20 06:00:00  skip
[2026-05-20 13:09:55] [SKIP] Same candle 2026-05-20 06:00:00  skip
[2026-05-20 13:10:55] [SKIP] NO_TRADE: no_momentum_signal
[2026-05-20 13:11:55] [SKIP] Same candle 2026-05-20 06:05:00  skip
[2026-05-20 13:12:55] [SKIP] Same candle 2026-05-20 06:05:00  skip
[2026-05-20 13:13:55] [SKIP] Same candle 2026-05-20 06:05:00  skip
[2026-05-20 13:14:55] [SKIP] Same candle 2026-05-20 06:05:00  skip
[2026-05-20 13:15:55] [SKIP] NO_TRADE: no_momentum_signal
[2026-05-20 13:16:55] [SKIP] Same candle 2026-05-20 06:10:00  skip
[2026-05-20 13:17:55] [SKIP] Same candle 2026-05-20 06:10:00  skip
[2026-05-20 13:18:55] [SKIP] Same candle 2026-05-20 06:10:00  skip
[2026-05-20 13:19:55] [SKIP] Same candle 2026-05-20 06:10:00  skip
[2026-05-20 13:20:56] [SKIP] NO_TRADE: no_momentum_signal
[2026-05-20 13:21:56] [SKIP] Same candle 2026-05-20 06:15:00  skip
[2026-05-20 13:22:56] [SKIP] Same candle 2026-05-20 06:15:00  skip
[2026-05-20 13:23:56] [SKIP] Same candle 2026-05-20 06:15:00  skip
[2026-05-20 13:24:56] [SKIP] Same candle 2026-05-20 06:15:00  skip
[2026-05-20 13:25:56] [SKIP] NO_TRADE: no_momentum_signal
[2026-05-20 13:26:56] [SKIP] Same candle 2026-05-20 06:20:00  skip
[2026-05-20 13:27:56] [SKIP] Same candle 2026-05-20 06:20:00  skip
[2026-05-20 13:28:56] [SKIP] Same candle 2026-05-20 06:20:00  skip
[2026-05-20 13:29:56] [SKIP] Same candle 2026-05-20 06:20:00  skip
[2026-05-20 13:30:56] [SKIP] NO_TRADE: no_momentum_signal
[2026-05-20 13:31:56] [SKIP] Same candle 2026-05-20 06:25:00  skip
[2026-05-20 13:32:56] [SKIP] Same candle 2026-05-20 06:25:00  skip
[2026-05-20 13:33:56] [SKIP] Same candle 2026-05-20 06:25:00  skip
[2026-05-20 13:34:56] [SKIP] Same candle 2026-05-20 06:25:00  skip
[2026-05-20 13:35:56] [SKIP] NO_TRADE: no_momentum_signal
[2026-05-20 13:36:56] [SKIP] Same candle 2026-05-20 06:30:00  skip
[2026-05-20 13:37:56] [SKIP] Same candle 2026-05-20 06:30:00  skip
[2026-05-20 13:38:56] [SKIP] Same candle 2026-05-20 06:30:00  skip
[2026-05-20 13:39:56] [SKIP] Same candle 2026-05-20 06:30:00  skip
[2026-05-20 13:40:56] [SKIP] NO_TRADE: no_momentum_signal
[2026-05-20 13:41:56] [SKIP] Same candle 2026-05-20 06:35:00  skip
[2026-05-20 13:42:56] [SKIP] Same candle 2026-05-20 06:35:00  skip
[2026-05-20 13:43:56] [SKIP] Same candle 2026-05-20 06:35:00  skip
[2026-05-20 13:44:56] [SKIP] Same candle 2026-05-20 06:35:00  skip
[2026-05-20 13:45:56] [SKIP] NO_TRADE: no_momentum_signal
[2026-05-20 13:46:56] [SKIP] Same candle 2026-05-20 06:40:00  skip
[2026-05-20 13:47:56] [SKIP] Same candle 2026-05-20 06:40:00  skip
[2026-05-20 13:48:56] [SKIP] Same candle 2026-05-20 06:40:00  skip
[2026-05-20 13:49:57] [SKIP] Same candle 2026-05-20 06:40:00  skip
[2026-05-20 13:50:57] [SKIP] NO_TRADE: no_momentum_signal
[2026-05-20 13:51:57] [SKIP] Same candle 2026-05-20 06:45:00  skip
[2026-05-20 13:52:57] [SKIP] Same candle 2026-05-20 06:45:00  skip
[2026-05-20 13:53:57] [SKIP] Same candle 2026-05-20 06:45:00  skip
[2026-05-20 13:54:57] [SKIP] Same candle 2026-05-20 06:45:00  skip
[2026-05-20 13:55:57] [SKIP] NO_TRADE: no_momentum_signal
[2026-05-20 13:56:57] [SKIP] Same candle 2026-05-20 06:50:00  skip
[2026-05-20 13:57:57] [SKIP] Same candle 2026-05-20 06:50:00  skip
[2026-05-20 13:58:57] [SKIP] Same candle 2026-05-20 06:50:00  skip
[2026-05-20 13:59:57] [SKIP] Same candle 2026-05-20 06:50:00  skip
[2026-05-20 14:00:57] [STATS] Hourly (840 attempts): {'no_momentum_signal': '840(100%)'}
[2026-05-20 14:00:57] [SKIP] NO_TRADE: no_momentum_signal
[2026-05-20 14:01:57] [SKIP] Same candle 2026-05-20 06:55:00  skip
[2026-05-20 14:02:57] [SKIP] Same candle 2026-05-20 06:55:00  skip
[2026-05-20 14:03:57] [SKIP] Same candle 2026-05-20 06:55:00  skip
[2026-05-20 14:04:57] [SKIP] Same candle 2026-05-20 06:55:00  skip
[2026-05-20 14:05:57] [SKIP] NO_TRADE: no_momentum_signal
[2026-05-20 14:06:57] [SKIP] Same candle 2026-05-20 07:00:00  skip
[2026-05-20 14:07:57] [SKIP] Same candle 2026-05-20 07:00:00  skip
[2026-05-20 14:08:57] [SKIP] Same candle 2026-05-20 07:00:00  skip
[2026-05-20 14:09:57] [SKIP] Same candle 2026-05-20 07:00:00  skip
[2026-05-20 14:10:57] [SKIP] NO_TRADE: no_momentum_signal
[2026-05-20 14:11:57] [SKIP] Same candle 2026-05-20 07:05:00  skip
[2026-05-20 14:12:57] [SKIP] Same candle 2026-05-20 07:05:00  skip
[2026-05-20 14:13:57] [SKIP] Same candle 2026-05-20 07:05:00  skip
[2026-05-20 14:14:57] [SKIP] Same candle 2026-05-20 07:05:00  skip
[2026-05-20 14:15:57] [SKIP] NO_TRADE: no_momentum_signal
[2026-05-20 14:16:57] [SKIP] Same candle 2026-05-20 07:10:00  skip
[2026-05-20 14:17:57] [SKIP] Same candle 2026-05-20 07:10:00  skip
[2026-05-20 14:18:58] [SKIP] Same candle 2026-05-20 07:10:00  skip
[2026-05-20 14:19:58] [SKIP] Same candle 2026-05-20 07:10:00  skip
[2026-05-20 14:20:58] [SKIP] NO_TRADE: no_momentum_signal
[2026-05-20 14:21:58] [SKIP] Same candle 2026-05-20 07:15:00  skip
[2026-05-20 14:22:58] [SKIP] Same candle 2026-05-20 07:15:00  skip
[2026-05-20 14:23:58] [SKIP] Same candle 2026-05-20 07:15:00  skip
[2026-05-20 14:24:58] [SKIP] Same candle 2026-05-20 07:15:00  skip
[2026-05-20 14:25:58] [SKIP] NO_TRADE: no_momentum_signal
[2026-05-20 14:26:58] [SKIP] Same candle 2026-05-20 07:20:00  skip
[2026-05-20 14:27:58] [SKIP] Same candle 2026-05-20 07:20:00  skip
[2026-05-20 14:28:58] [SKIP] Same candle 2026-05-20 07:20:00  skip
[2026-05-20 14:29:58] [SKIP] Same candle 2026-05-20 07:20:00  skip
[2026-05-20 14:30:58] [SKIP] NO_TRADE: no_momentum_signal
[2026-05-20 14:31:58] [SKIP] Same candle 2026-05-20 07:25:00  skip
[2026-05-20 14:32:58] [SKIP] Same candle 2026-05-20 07:25:00  skip
[2026-05-20 14:33:58] [SKIP] Same candle 2026-05-20 07:25:00  skip
[2026-05-20 14:34:58] [SKIP] Same candle 2026-05-20 07:25:00  skip
[2026-05-20 14:35:58] [SKIP] NO_TRADE: no_momentum_signal
[2026-05-20 14:36:58] [SKIP] Same candle 2026-05-20 07:30:00  skip
[2026-05-20 14:37:58] [SKIP] Same candle 2026-05-20 07:30:00  skip
[2026-05-20 14:38:58] [SKIP] Same candle 2026-05-20 07:30:00  skip
[2026-05-20 14:39:58] [SKIP] Same candle 2026-05-20 07:30:00  skip
[2026-05-20 14:40:58] [SKIP] NO_TRADE: no_momentum_signal
[2026-05-20 14:41:58] [SKIP] Same candle 2026-05-20 07:35:00  skip
[2026-05-20 14:42:58] [SKIP] Same candle 2026-05-20 07:35:00  skip
[2026-05-20 14:43:58] [SKIP] Same candle 2026-05-20 07:35:00  skip
[2026-05-20 14:44:58] [SKIP] Same candle 2026-05-20 07:35:00  skip
[2026-05-20 14:45:58] [SKIP] NO_TRADE: no_momentum_signal
[2026-05-20 14:46:59] [SKIP] Same candle 2026-05-20 07:40:00  skip
[2026-05-20 14:47:59] [SKIP] Same candle 2026-05-20 07:40:00  skip
[2026-05-20 14:48:59] [SKIP] Same candle 2026-05-20 07:40:00  skip
[2026-05-20 14:49:59] [SKIP] Same candle 2026-05-20 07:40:00  skip
[2026-05-20 14:50:59] [SKIP] NO_TRADE: no_momentum_signal
[2026-05-20 14:51:59] [SKIP] Same candle 2026-05-20 07:45:00  skip
[2026-05-20 14:52:59] [SKIP] Same candle 2026-05-20 07:45:00  skip
[2026-05-20 14:53:59] [SKIP] Same candle 2026-05-20 07:45:00  skip
[2026-05-20 14:54:59] [SKIP] Same candle 2026-05-20 07:45:00  skip
[2026-05-20 14:55:59] [SKIP] NO_TRADE: no_momentum_signal
[2026-05-20 14:56:59] [SKIP] Same candle 2026-05-20 07:50:00  skip
[2026-05-20 14:57:59] [SKIP] Same candle 2026-05-20 07:50:00  skip
[2026-05-20 14:58:59] [SKIP] Same candle 2026-05-20 07:50:00  skip
[2026-05-20 14:59:59] [SKIP] Same candle 2026-05-20 07:50:00  skip
[2026-05-20 15:00:59] [STATS] Hourly (900 attempts): {'no_momentum_signal': '900(100%)'}
[2026-05-20 15:00:59] [SKIP] NO_TRADE: no_momentum_signal
[2026-05-20 15:01:59] [SKIP] Same candle 2026-05-20 07:55:00  skip
[2026-05-20 15:02:59] [SKIP] Same candle 2026-05-20 07:55:00  skip
[2026-05-20 15:03:59] [SKIP] Same candle 2026-05-20 07:55:00  skip
[2026-05-20 15:04:59] [SKIP] Same candle 2026-05-20 07:55:00  skip
[2026-05-20 15:05:59] [SKIP] NO_TRADE: no_momentum_signal
[2026-05-20 15:06:59] [SKIP] Same candle 2026-05-20 08:00:00  skip
[2026-05-20 15:07:59] [SKIP] Same candle 2026-05-20 08:00:00  skip
[2026-05-20 15:08:59] [SKIP] Same candle 2026-05-20 08:00:00  skip
[2026-05-20 15:09:59] [SKIP] Same candle 2026-05-20 08:00:00  skip
[2026-05-20 15:10:59] [SKIP] NO_TRADE: no_momentum_signal
[2026-05-20 15:11:59] [SKIP] Same candle 2026-05-20 08:05:00  skip
[2026-05-20 15:12:59] [SKIP] Same candle 2026-05-20 08:05:00  skip
[2026-05-20 15:13:59] [SKIP] Same candle 2026-05-20 08:05:00  skip
[2026-05-20 15:15:00] [SKIP] Same candle 2026-05-20 08:05:00  skip
[2026-05-20 15:16:00] [SKIP] NO_TRADE: no_momentum_signal
[2026-05-20 15:17:00] [SKIP] Same candle 2026-05-20 08:10:00  skip
[2026-05-20 15:18:00] [SKIP] Same candle 2026-05-20 08:10:00  skip
[2026-05-20 15:19:00] [SKIP] Same candle 2026-05-20 08:10:00  skip
[2026-05-20 15:20:00] [SKIP] NO_TRADE: no_momentum_signal
[2026-05-20 15:21:00] [SKIP] Same candle 2026-05-20 08:15:00  skip
[2026-05-20 15:22:00] [SKIP] Same candle 2026-05-20 08:15:00  skip
[2026-05-20 15:23:00] [SKIP] Same candle 2026-05-20 08:15:00  skip
[2026-05-20 15:24:00] [SKIP] Same candle 2026-05-20 08:15:00  skip
[2026-05-20 15:25:00] [SKIP] Same candle 2026-05-20 08:15:00  skip
[2026-05-20 15:26:00] [SKIP] NO_TRADE: no_momentum_signal
[2026-05-20 15:27:00] [SKIP] Same candle 2026-05-20 08:20:00  skip
[2026-05-20 15:28:00] [SKIP] Same candle 2026-05-20 08:20:00  skip
[2026-05-20 15:29:00] [SKIP] Same candle 2026-05-20 08:20:00  skip
[2026-05-20 15:30:00] [SKIP] NO_TRADE: no_momentum_signal
[2026-05-20 15:31:00] [SKIP] Same candle 2026-05-20 08:25:00  skip
[2026-05-20 15:32:00] [SKIP] Same candle 2026-05-20 08:25:00  skip
[2026-05-20 15:33:00] [SKIP] Same candle 2026-05-20 08:25:00  skip
[2026-05-20 15:34:00] [SKIP] Same candle 2026-05-20 08:25:00  skip
[2026-05-20 15:35:00] [SKIP] NO_TRADE: no_momentum_signal
[2026-05-20 15:36:00] [SKIP] Same candle 2026-05-20 08:30:00  skip
[2026-05-20 15:37:00] [SKIP] Same candle 2026-05-20 08:30:00  skip
[2026-05-20 15:38:00] [SKIP] Same candle 2026-05-20 08:30:00  skip
[2026-05-20 15:39:00] [SKIP] Same candle 2026-05-20 08:30:00  skip
[2026-05-20 15:40:00] [SKIP] NO_TRADE: no_momentum_signal
[2026-05-20 15:41:00] [SKIP] Same candle 2026-05-20 08:35:00  skip
[2026-05-20 15:42:00] [SKIP] Same candle 2026-05-20 08:35:00  skip
[2026-05-20 15:43:01] [SKIP] Same candle 2026-05-20 08:35:00  skip
[2026-05-20 15:44:01] [SKIP] Same candle 2026-05-20 08:35:00  skip
[2026-05-20 15:45:01] [SKIP] NO_TRADE: no_momentum_signal
[2026-05-20 15:46:01] [SKIP] Same candle 2026-05-20 08:40:00  skip
[2026-05-20 15:47:01] [SKIP] Same candle 2026-05-20 08:40:00  skip
[2026-05-20 15:48:01] [SKIP] Same candle 2026-05-20 08:40:00  skip
[2026-05-20 15:49:01] [SKIP] Same candle 2026-05-20 08:40:00  skip
[2026-05-20 15:50:01] [SKIP] NO_TRADE: no_momentum_signal
[2026-05-20 15:51:01] [SKIP] Same candle 2026-05-20 08:45:00  skip
[2026-05-20 15:52:01] [SKIP] Same candle 2026-05-20 08:45:00  skip
[2026-05-20 15:53:01] [SKIP] Same candle 2026-05-20 08:45:00  skip
[2026-05-20 15:54:01] [SKIP] Same candle 2026-05-20 08:45:00  skip
[2026-05-20 15:55:01] [SKIP] NO_TRADE: no_momentum_signal
[2026-05-20 15:56:01] [SKIP] Same candle 2026-05-20 08:50:00  skip
[2026-05-20 15:57:01] [SKIP] Same candle 2026-05-20 08:50:00  skip
[2026-05-20 15:58:01] [SKIP] Same candle 2026-05-20 08:50:00  skip
[2026-05-20 15:59:01] [SKIP] Same candle 2026-05-20 08:50:00  skip
[2026-05-20 16:00:01] [STATS] Hourly (959 attempts): {'no_momentum_signal': '959(100%)'}
[2026-05-20 16:00:01] [SKIP] NO_TRADE: no_momentum_signal
[2026-05-20 16:01:01] [SKIP] Same candle 2026-05-20 08:55:00  skip
[2026-05-20 16:02:01] [SKIP] Same candle 2026-05-20 08:55:00  skip
[2026-05-20 16:03:01] [SKIP] Same candle 2026-05-20 08:55:00  skip
[2026-05-20 16:04:01] [SKIP] Same candle 2026-05-20 08:55:00  skip
[2026-05-20 16:05:01] [SKIP] NO_TRADE: no_momentum_signal
[2026-05-20 16:06:01] [SKIP] Same candle 2026-05-20 09:00:00  skip
[2026-05-20 16:07:01] [SKIP] Same candle 2026-05-20 09:00:00  skip
[2026-05-20 16:08:01] [SKIP] Same candle 2026-05-20 09:00:00  skip
[2026-05-20 16:09:01] [SKIP] Same candle 2026-05-20 09:00:00  skip
[2026-05-20 16:10:02] [SKIP] NO_TRADE: no_momentum_signal
[2026-05-20 16:11:02] [SKIP] Same candle 2026-05-20 09:05:00  skip
[2026-05-20 16:12:02] [SKIP] Same candle 2026-05-20 09:05:00  skip
[2026-05-20 16:13:02] [SKIP] Same candle 2026-05-20 09:05:00  skip
[2026-05-20 16:14:02] [SKIP] Same candle 2026-05-20 09:05:00  skip
[2026-05-20 16:15:02] [SKIP] NO_TRADE: no_momentum_signal
[2026-05-20 16:16:02] [SKIP] Same candle 2026-05-20 09:10:00  skip
[2026-05-20 16:17:02] [SKIP] Same candle 2026-05-20 09:10:00  skip
[2026-05-20 16:18:02] [SKIP] Same candle 2026-05-20 09:10:00  skip
[2026-05-20 16:19:02] [SKIP] Same candle 2026-05-20 09:10:00  skip
[2026-05-20 16:20:02] [SKIP] NO_TRADE: no_momentum_signal
[2026-05-20 16:21:02] [SKIP] Same candle 2026-05-20 09:15:00  skip
[2026-05-20 16:22:02] [SKIP] Same candle 2026-05-20 09:15:00  skip
[2026-05-20 16:23:02] [SKIP] Same candle 2026-05-20 09:15:00  skip
[2026-05-20 16:24:02] [SKIP] Same candle 2026-05-20 09:15:00  skip
[2026-05-20 16:25:02] [SKIP] NO_TRADE: no_momentum_signal
[2026-05-20 16:26:02] [SKIP] Same candle 2026-05-20 09:20:00  skip
[2026-05-20 16:27:02] [SKIP] Same candle 2026-05-20 09:20:00  skip
[2026-05-20 16:28:02] [SKIP] Same candle 2026-05-20 09:20:00  skip
[2026-05-20 16:29:02] [SKIP] Same candle 2026-05-20 09:20:00  skip
[2026-05-20 16:30:02] [SKIP] NO_TRADE: no_momentum_signal
[2026-05-20 16:31:02] [SKIP] Same candle 2026-05-20 09:25:00  skip
[2026-05-20 16:32:02] [SKIP] Same candle 2026-05-20 09:25:00  skip
[2026-05-20 16:33:02] [SKIP] Same candle 2026-05-20 09:25:00  skip
[2026-05-20 16:34:02] [SKIP] Same candle 2026-05-20 09:25:00  skip
[2026-05-20 16:35:02] [SKIP] NO_TRADE: no_momentum_signal
[2026-05-20 16:36:02] [SKIP] Same candle 2026-05-20 09:30:00  skip
[2026-05-20 16:37:02] [SKIP] Same candle 2026-05-20 09:30:00  skip
[2026-05-20 16:38:02] [SKIP] Same candle 2026-05-20 09:30:00  skip
[2026-05-20 16:39:03] [SKIP] Same candle 2026-05-20 09:30:00  skip
[2026-05-20 16:40:03] [SKIP] NO_TRADE: no_momentum_signal
[2026-05-20 16:41:03] [SKIP] Same candle 2026-05-20 09:35:00  skip
[2026-05-20 16:42:03] [SKIP] Same candle 2026-05-20 09:35:00  skip
[2026-05-20 16:43:03] [SKIP] Same candle 2026-05-20 09:35:00  skip
[2026-05-20 16:44:03] [SKIP] Same candle 2026-05-20 09:35:00  skip
[2026-05-20 16:45:03] [SKIP] NO_TRADE: no_momentum_signal
[2026-05-20 16:46:03] [SKIP] Same candle 2026-05-20 09:40:00  skip
[2026-05-20 16:47:03] [SKIP] Same candle 2026-05-20 09:40:00  skip
[2026-05-20 16:48:03] [SKIP] Same candle 2026-05-20 09:40:00  skip
[2026-05-20 16:49:03] [SKIP] Same candle 2026-05-20 09:40:00  skip
[2026-05-20 16:50:03] [SKIP] NO_TRADE: no_momentum_signal
[2026-05-20 16:51:03] [SKIP] Same candle 2026-05-20 09:45:00  skip
[2026-05-20 16:52:03] [SKIP] Same candle 2026-05-20 09:45:00  skip
[2026-05-20 16:53:03] [SKIP] Same candle 2026-05-20 09:45:00  skip
[2026-05-20 16:54:03] [SKIP] Same candle 2026-05-20 09:45:00  skip
[2026-05-20 16:55:03] [SKIP] NO_TRADE: no_momentum_signal
[2026-05-20 16:56:03] [SKIP] Same candle 2026-05-20 09:50:00  skip
[2026-05-20 16:57:03] [SKIP] Same candle 2026-05-20 09:50:00  skip
[2026-05-20 16:58:03] [SKIP] Same candle 2026-05-20 09:50:00  skip
[2026-05-20 16:59:03] [SKIP] Same candle 2026-05-20 09:50:00  skip
[2026-05-20 17:00:03] [STATS] Hourly (1019 attempts): {'no_momentum_signal': '1019(100%)'}
[2026-05-20 17:00:03] [SKIP] NO_TRADE: no_momentum_signal
[2026-05-20 17:01:03] [SKIP] Same candle 2026-05-20 09:55:00  skip
[2026-05-20 17:02:03] [SKIP] Same candle 2026-05-20 09:55:00  skip
[2026-05-20 17:03:03] [SKIP] Same candle 2026-05-20 09:55:00  skip
[2026-05-20 17:04:03] [SKIP] Same candle 2026-05-20 09:55:00  skip
[2026-05-20 17:05:03] [SKIP] NO_TRADE: no_momentum_signal
[2026-05-20 17:06:03] [SKIP] Same candle 2026-05-20 10:00:00  skip
[2026-05-20 17:07:04] [SKIP] Same candle 2026-05-20 10:00:00  skip
[2026-05-20 17:08:04] [SKIP] Same candle 2026-05-20 10:00:00  skip
[2026-05-20 17:09:04] [SKIP] Same candle 2026-05-20 10:00:00  skip
[2026-05-20 17:10:04] [SKIP] NO_TRADE: no_momentum_signal
[2026-05-20 17:11:04] [SKIP] Same candle 2026-05-20 10:05:00  skip
[2026-05-20 17:12:04] [SKIP] Same candle 2026-05-20 10:05:00  skip
[2026-05-20 17:13:04] [SKIP] Same candle 2026-05-20 10:05:00  skip
[2026-05-20 17:14:04] [SKIP] Same candle 2026-05-20 10:05:00  skip
[2026-05-20 17:15:04] [SKIP] NO_TRADE: no_momentum_signal
[2026-05-20 17:16:04] [SKIP] Same candle 2026-05-20 10:10:00  skip
[2026-05-20 17:17:04] [SKIP] Same candle 2026-05-20 10:10:00  skip
[2026-05-20 17:18:04] [SKIP] Same candle 2026-05-20 10:10:00  skip
[2026-05-20 17:19:04] [SKIP] Same candle 2026-05-20 10:10:00  skip
[2026-05-20 17:20:04] [SKIP] NO_TRADE: no_momentum_signal
[2026-05-20 17:21:04] [SKIP] Same candle 2026-05-20 10:15:00  skip
[2026-05-20 17:22:04] [SKIP] Same candle 2026-05-20 10:15:00  skip
[2026-05-20 17:23:04] [SKIP] Same candle 2026-05-20 10:15:00  skip
[2026-05-20 17:24:04] [SKIP] Same candle 2026-05-20 10:15:00  skip
[2026-05-20 17:25:04] [SKIP] NO_TRADE: no_momentum_signal
[2026-05-20 17:26:04] [SKIP] Same candle 2026-05-20 10:20:00  skip
[2026-05-20 17:27:04] [SKIP] Same candle 2026-05-20 10:20:00  skip
[2026-05-20 17:28:04] [SKIP] Same candle 2026-05-20 10:20:00  skip
[2026-05-20 17:29:04] [SKIP] Same candle 2026-05-20 10:20:00  skip
[2026-05-20 17:30:04] [SKIP] NO_TRADE: no_momentum_signal
[2026-05-20 17:31:04] [SKIP] Same candle 2026-05-20 10:25:00  skip
[2026-05-20 17:32:04] [SKIP] Same candle 2026-05-20 10:25:00  skip
[2026-05-20 17:33:04] [SKIP] Same candle 2026-05-20 10:25:00  skip
[2026-05-20 17:34:04] [SKIP] Same candle 2026-05-20 10:25:00  skip
[2026-05-20 17:35:05] [SKIP] NO_TRADE: no_momentum_signal
[2026-05-20 17:36:05] [SKIP] Same candle 2026-05-20 10:30:00  skip
[2026-05-20 17:37:05] [SKIP] Same candle 2026-05-20 10:30:00  skip
[2026-05-20 17:38:05] [SKIP] Same candle 2026-05-20 10:30:00  skip
[2026-05-20 17:39:05] [SKIP] Same candle 2026-05-20 10:30:00  skip
[2026-05-20 17:40:05] [SKIP] NO_TRADE: no_momentum_signal
[2026-05-20 17:41:05] [SKIP] Same candle 2026-05-20 10:35:00  skip
[2026-05-20 17:42:05] [SKIP] Same candle 2026-05-20 10:35:00  skip
[2026-05-20 17:43:05] [SKIP] Same candle 2026-05-20 10:35:00  skip
[2026-05-20 17:44:05] [SKIP] Same candle 2026-05-20 10:35:00  skip
[2026-05-20 17:45:05] [SKIP] NO_TRADE: no_momentum_signal
[2026-05-20 17:46:05] [SKIP] Same candle 2026-05-20 10:40:00  skip
[2026-05-20 17:47:05] [SKIP] Same candle 2026-05-20 10:40:00  skip
[2026-05-20 17:48:05] [SKIP] Same candle 2026-05-20 10:40:00  skip
[2026-05-20 17:49:05] [SKIP] Same candle 2026-05-20 10:40:00  skip
[2026-05-20 17:50:05] [SKIP] NO_TRADE: no_momentum_signal
[2026-05-20 17:51:05] [SKIP] Same candle 2026-05-20 10:45:00  skip
[2026-05-20 17:52:05] [SKIP] Same candle 2026-05-20 10:45:00  skip
[2026-05-20 17:53:05] [SKIP] Same candle 2026-05-20 10:45:00  skip
[2026-05-20 17:54:05] [SKIP] Same candle 2026-05-20 10:45:00  skip
[2026-05-20 17:55:05] [SKIP] NO_TRADE: no_momentum_signal
[2026-05-20 17:56:05] [SKIP] Same candle 2026-05-20 10:50:00  skip
[2026-05-20 17:57:05] [SKIP] Same candle 2026-05-20 10:50:00  skip
[2026-05-20 17:58:05] [SKIP] Same candle 2026-05-20 10:50:00  skip
[2026-05-20 17:59:05] [SKIP] Same candle 2026-05-20 10:50:00  skip
[2026-05-20 18:00:05] [STATS] Hourly (1079 attempts): {'no_momentum_signal': '1079(100%)'}
[2026-05-20 18:00:05] [SKIP] NO_TRADE: no_momentum_signal
[2026-05-20 18:01:05] [SKIP] Same candle 2026-05-20 10:55:00  skip
[2026-05-20 18:02:05] [SKIP] Same candle 2026-05-20 10:55:00  skip
[2026-05-20 18:03:06] [SKIP] Same candle 2026-05-20 10:55:00  skip
[2026-05-20 18:04:06] [SKIP] Same candle 2026-05-20 10:55:00  skip
[2026-05-20 18:05:06] [SKIP] NO_TRADE: no_momentum_signal
[2026-05-20 18:06:06] [SKIP] Same candle 2026-05-20 11:00:00  skip
[2026-05-20 18:07:06] [SKIP] Same candle 2026-05-20 11:00:00  skip
[2026-05-20 18:08:06] [SKIP] Same candle 2026-05-20 11:00:00  skip
[2026-05-20 18:09:06] [SKIP] Same candle 2026-05-20 11:00:00  skip
[2026-05-20 18:10:06] [SKIP] NO_TRADE: no_momentum_signal
[2026-05-20 18:11:06] [SKIP] Same candle 2026-05-20 11:05:00  skip
[2026-05-20 18:12:06] [SKIP] Same candle 2026-05-20 11:05:00  skip
[2026-05-20 18:13:06] [SKIP] Same candle 2026-05-20 11:05:00  skip
[2026-05-20 18:14:06] [SKIP] Same candle 2026-05-20 11:05:00  skip
[2026-05-20 18:15:06] [SKIP] NO_TRADE: no_momentum_signal
[2026-05-20 18:16:06] [SKIP] Same candle 2026-05-20 11:10:00  skip
[2026-05-20 18:17:06] [SKIP] Same candle 2026-05-20 11:10:00  skip
[2026-05-20 18:18:06] [SKIP] Same candle 2026-05-20 11:10:00  skip
[2026-05-20 18:19:06] [SKIP] Same candle 2026-05-20 11:10:00  skip
[2026-05-20 18:20:06] [SKIP] NO_TRADE: no_momentum_signal
[2026-05-20 18:21:06] [SKIP] Same candle 2026-05-20 11:15:00  skip
[2026-05-20 18:22:06] [SKIP] Same candle 2026-05-20 11:15:00  skip
[2026-05-20 18:23:06] [SKIP] Same candle 2026-05-20 11:15:00  skip
[2026-05-20 18:24:06] [SKIP] Same candle 2026-05-20 11:15:00  skip
[2026-05-20 18:25:06] [SKIP] NO_TRADE: no_momentum_signal
[2026-05-20 18:26:06] [SKIP] Same candle 2026-05-20 11:20:00  skip
[2026-05-20 18:27:06] [SKIP] Same candle 2026-05-20 11:20:00  skip
[2026-05-20 18:28:06] [SKIP] Same candle 2026-05-20 11:20:00  skip
[2026-05-20 18:29:06] [SKIP] Same candle 2026-05-20 11:20:00  skip
[2026-05-20 18:30:07] [SKIP] NO_TRADE: no_momentum_signal
[2026-05-20 18:31:07] [SKIP] Same candle 2026-05-20 11:25:00  skip
[2026-05-20 18:32:07] [SKIP] Same candle 2026-05-20 11:25:00  skip
[2026-05-20 18:33:07] [SKIP] Same candle 2026-05-20 11:25:00  skip
[2026-05-20 18:34:07] [SKIP] Same candle 2026-05-20 11:25:00  skip
[2026-05-20 18:35:07] [SKIP] NO_TRADE: no_momentum_signal
[2026-05-20 18:36:07] [SKIP] Same candle 2026-05-20 11:30:00  skip
[2026-05-20 18:37:07] [SKIP] Same candle 2026-05-20 11:30:00  skip
[2026-05-20 18:38:07] [SKIP] Same candle 2026-05-20 11:30:00  skip
[2026-05-20 18:39:07] [SKIP] Same candle 2026-05-20 11:30:00  skip
[2026-05-20 18:40:07] [SKIP] NO_TRADE: no_momentum_signal
[2026-05-20 18:41:07] [SKIP] Same candle 2026-05-20 11:35:00  skip
[2026-05-20 18:42:07] [SKIP] Same candle 2026-05-20 11:35:00  skip
[2026-05-20 18:43:07] [SKIP] Same candle 2026-05-20 11:35:00  skip
[2026-05-20 18:44:07] [SKIP] Same candle 2026-05-20 11:35:00  skip
[2026-05-20 18:45:07] [SKIP] NO_TRADE: no_momentum_signal
[2026-05-20 18:46:07] [SKIP] Same candle 2026-05-20 11:40:00  skip
[2026-05-20 18:47:07] [SKIP] Same candle 2026-05-20 11:40:00  skip
[2026-05-20 18:48:07] [SKIP] Same candle 2026-05-20 11:40:00  skip
[2026-05-20 18:49:07] [SKIP] Same candle 2026-05-20 11:40:00  skip
[2026-05-20 18:50:07] [SKIP] NO_TRADE: no_momentum_signal
[2026-05-20 18:51:07] [SKIP] Same candle 2026-05-20 11:45:00  skip
[2026-05-20 18:52:07] [SKIP] Same candle 2026-05-20 11:45:00  skip
[2026-05-20 18:53:07] [SKIP] Same candle 2026-05-20 11:45:00  skip
[2026-05-20 18:54:07] [SKIP] Same candle 2026-05-20 11:45:00  skip
[2026-05-20 18:55:07] [SKIP] NO_TRADE: no_momentum_signal
[2026-05-20 18:56:07] [SKIP] Same candle 2026-05-20 11:50:00  skip
[2026-05-20 18:57:07] [SKIP] Same candle 2026-05-20 11:50:00  skip
[2026-05-20 18:58:08] [SKIP] Same candle 2026-05-20 11:50:00  skip
[2026-05-20 18:59:08] [SKIP] Same candle 2026-05-20 11:50:00  skip
[2026-05-20 19:00:08] [STATS] Hourly (1139 attempts): {'no_momentum_signal': '1139(100%)'}
[2026-05-20 19:00:08] [SKIP] NO_TRADE: no_momentum_signal
[2026-05-20 19:01:08] [SKIP] Same candle 2026-05-20 11:55:00  skip
[2026-05-20 19:02:08] [SKIP] Same candle 2026-05-20 11:55:00  skip
[2026-05-20 19:03:08] [SKIP] Same candle 2026-05-20 11:55:00  skip
[2026-05-20 19:04:08] [SKIP] Same candle 2026-05-20 11:55:00  skip
[2026-05-20 19:05:08] [SKIP] NO_TRADE: no_momentum_signal
[2026-05-20 19:06:08] [SKIP] Same candle 2026-05-20 12:00:00  skip
[2026-05-20 19:07:08] [SKIP] Same candle 2026-05-20 12:00:00  skip
[2026-05-20 19:08:08] [SKIP] Same candle 2026-05-20 12:00:00  skip
[2026-05-20 19:09:08] [SKIP] Same candle 2026-05-20 12:00:00  skip
[2026-05-20 19:10:08] [SKIP] NO_TRADE: no_momentum_signal
[2026-05-20 19:11:08] [SKIP] Same candle 2026-05-20 12:05:00  skip
[2026-05-20 19:12:08] [SKIP] Same candle 2026-05-20 12:05:00  skip
[2026-05-20 19:13:08] [SKIP] Same candle 2026-05-20 12:05:00  skip
[2026-05-20 19:14:08] [SKIP] Same candle 2026-05-20 12:05:00  skip
[2026-05-20 19:15:08] [SKIP] NO_TRADE: no_momentum_signal
[2026-05-20 19:16:08] [SKIP] Same candle 2026-05-20 12:10:00  skip
[2026-05-20 19:17:08] [SKIP] Same candle 2026-05-20 12:10:00  skip
[2026-05-20 19:18:08] [SKIP] Same candle 2026-05-20 12:10:00  skip
[2026-05-20 19:19:08] [SKIP] Same candle 2026-05-20 12:10:00  skip
[2026-05-20 19:20:08] [SKIP] NO_TRADE: no_momentum_signal
[2026-05-20 19:21:08] [SKIP] Same candle 2026-05-20 12:15:00  skip
[2026-05-20 19:22:08] [SKIP] Same candle 2026-05-20 12:15:00  skip
[2026-05-20 19:23:08] [SKIP] Same candle 2026-05-20 12:15:00  skip
[2026-05-20 19:24:08] [SKIP] Same candle 2026-05-20 12:15:00  skip
[2026-05-20 19:25:08] [SKIP] NO_TRADE: no_momentum_signal
[2026-05-20 19:26:09] [SKIP] Same candle 2026-05-20 12:20:00  skip
[2026-05-20 19:27:09] [SKIP] Same candle 2026-05-20 12:20:00  skip
[2026-05-20 19:28:09] [SKIP] Same candle 2026-05-20 12:20:00  skip
[2026-05-20 19:29:09] [SKIP] Same candle 2026-05-20 12:20:00  skip
[2026-05-20 19:30:09] [SKIP] NO_TRADE: no_momentum_signal
[2026-05-20 19:31:09] [SKIP] Same candle 2026-05-20 12:25:00  skip
[2026-05-20 19:32:09] [SKIP] Same candle 2026-05-20 12:25:00  skip
[2026-05-20 19:33:09] [SKIP] Same candle 2026-05-20 12:25:00  skip
[2026-05-20 19:34:09] [SKIP] Same candle 2026-05-20 12:25:00  skip
[2026-05-20 19:35:09] [SKIP] NO_TRADE: no_momentum_signal
[2026-05-20 19:36:09] [SKIP] Same candle 2026-05-20 12:30:00  skip
[2026-05-20 19:37:09] [SKIP] Same candle 2026-05-20 12:30:00  skip
[2026-05-20 19:38:09] [SKIP] Same candle 2026-05-20 12:30:00  skip
[2026-05-20 19:39:09] [SKIP] Same candle 2026-05-20 12:30:00  skip
[2026-05-20 19:40:09] [SKIP] NO_TRADE: no_momentum_signal
[2026-05-20 19:41:09] [SKIP] Same candle 2026-05-20 12:35:00  skip
[2026-05-20 19:42:09] [SKIP] Same candle 2026-05-20 12:35:00  skip
[2026-05-20 19:43:09] [SKIP] Same candle 2026-05-20 12:35:00  skip
[2026-05-20 19:44:09] [SKIP] Same candle 2026-05-20 12:35:00  skip
[2026-05-20 19:45:09] [SKIP] NO_TRADE: no_momentum_signal
[2026-05-20 19:46:09] [SKIP] Same candle 2026-05-20 12:40:00  skip
[2026-05-20 19:47:09] [SKIP] Same candle 2026-05-20 12:40:00  skip
[2026-05-20 19:48:09] [SKIP] Same candle 2026-05-20 12:40:00  skip
[2026-05-20 19:49:09] [SKIP] Same candle 2026-05-20 12:40:00  skip
[2026-05-20 19:50:09] [SKIP] NO_TRADE: no_momentum_signal
[2026-05-20 19:51:09] [SKIP] Same candle 2026-05-20 12:45:00  skip
[2026-05-20 19:52:09] [SKIP] Same candle 2026-05-20 12:45:00  skip
[2026-05-20 19:53:09] [SKIP] Same candle 2026-05-20 12:45:00  skip
[2026-05-20 19:54:09] [SKIP] Same candle 2026-05-20 12:45:00  skip
[2026-05-20 19:55:10] [SKIP] NO_TRADE: no_momentum_signal
[2026-05-20 19:56:10] [SKIP] Same candle 2026-05-20 12:50:00  skip
[2026-05-20 19:57:10] [SKIP] Same candle 2026-05-20 12:50:00  skip
[2026-05-20 19:58:10] [SKIP] Same candle 2026-05-20 12:50:00  skip
[2026-05-20 19:59:10] [SKIP] Same candle 2026-05-20 12:50:00  skip
[2026-05-20 20:00:10] [STATS] Hourly (1199 attempts): {'no_momentum_signal': '1199(100%)'}
[2026-05-20 20:00:10] [SKIP] NO_TRADE: no_momentum_signal
[2026-05-20 20:01:10] [SKIP] Same candle 2026-05-20 12:55:00  skip
[2026-05-20 20:02:10] [SKIP] Same candle 2026-05-20 12:55:00  skip
[2026-05-20 20:03:10] [SKIP] Same candle 2026-05-20 12:55:00  skip
[2026-05-20 20:04:10] [SKIP] Same candle 2026-05-20 12:55:00  skip
[2026-05-20 20:05:10] [SKIP] NO_TRADE: no_momentum_signal
[2026-05-20 20:06:10] [SKIP] Same candle 2026-05-20 13:00:00  skip
[2026-05-20 20:07:10] [SKIP] Same candle 2026-05-20 13:00:00  skip
[2026-05-20 20:08:10] [SKIP] Same candle 2026-05-20 13:00:00  skip
[2026-05-20 20:09:10] [SKIP] Same candle 2026-05-20 13:00:00  skip
[2026-05-20 20:10:10] [SKIP] NO_TRADE: no_momentum_signal
[2026-05-20 20:11:10] [SKIP] Same candle 2026-05-20 13:05:00  skip
[2026-05-20 20:12:10] [SKIP] Same candle 2026-05-20 13:05:00  skip
[2026-05-20 20:13:10] [SKIP] Same candle 2026-05-20 13:05:00  skip
[2026-05-20 20:14:10] [SKIP] Same candle 2026-05-20 13:05:00  skip
[2026-05-20 20:15:10] [SKIP] NO_TRADE: no_momentum_signal
[2026-05-20 20:16:10] [SKIP] Same candle 2026-05-20 13:10:00  skip
[2026-05-20 20:17:10] [SKIP] Same candle 2026-05-20 13:10:00  skip
[2026-05-20 20:18:10] [SKIP] Same candle 2026-05-20 13:10:00  skip
[2026-05-20 20:19:10] [SKIP] Same candle 2026-05-20 13:10:00  skip
[2026-05-20 20:20:10] [SKIP] NO_TRADE: no_momentum_signal
[2026-05-20 20:21:11] [SKIP] Same candle 2026-05-20 13:15:00  skip
[2026-05-20 20:22:11] [SKIP] Same candle 2026-05-20 13:15:00  skip
[2026-05-20 20:23:11] [SKIP] Same candle 2026-05-20 13:15:00  skip
[2026-05-20 20:24:11] [SKIP] Same candle 2026-05-20 13:15:00  skip
[2026-05-20 20:25:11] [SKIP] NO_TRADE: no_momentum_signal
[2026-05-20 20:26:11] [SKIP] Same candle 2026-05-20 13:20:00  skip
[2026-05-20 20:27:11] [SKIP] Same candle 2026-05-20 13:20:00  skip
[2026-05-20 20:28:11] [SKIP] Same candle 2026-05-20 13:20:00  skip
[2026-05-20 20:29:11] [SKIP] Same candle 2026-05-20 13:20:00  skip
[2026-05-20 20:30:11] [SKIP] NO_TRADE: no_momentum_signal
[2026-05-20 20:31:11] [SKIP] Same candle 2026-05-20 13:25:00  skip
[2026-05-20 20:32:11] [SKIP] Same candle 2026-05-20 13:25:00  skip
[2026-05-20 20:33:11] [SKIP] Same candle 2026-05-20 13:25:00  skip
[2026-05-20 20:34:11] [SKIP] Same candle 2026-05-20 13:25:00  skip
[2026-05-20 20:35:11] [SKIP] NO_TRADE: no_momentum_signal
[2026-05-20 20:36:11] [SKIP] Same candle 2026-05-20 13:30:00  skip
[2026-05-20 20:37:11] [SKIP] Same candle 2026-05-20 13:30:00  skip
[2026-05-20 20:38:11] [SKIP] Same candle 2026-05-20 13:30:00  skip
[2026-05-20 20:39:11] [SKIP] Same candle 2026-05-20 13:30:00  skip
[2026-05-20 20:40:11] [SKIP] NO_TRADE: no_momentum_signal
[2026-05-20 20:41:11] [SKIP] Same candle 2026-05-20 13:35:00  skip
[2026-05-20 20:42:11] [SKIP] Same candle 2026-05-20 13:35:00  skip
[2026-05-20 20:43:11] [SKIP] Same candle 2026-05-20 13:35:00  skip
[2026-05-20 20:44:11] [SKIP] Same candle 2026-05-20 13:35:00  skip
[2026-05-20 20:45:11] [SKIP] NO_TRADE: no_momentum_signal
[2026-05-20 20:46:11] [SKIP] Same candle 2026-05-20 13:40:00  skip
[2026-05-20 20:47:11] [SKIP] Same candle 2026-05-20 13:40:00  skip
[2026-05-20 20:48:12] [SKIP] Same candle 2026-05-20 13:40:00  skip
[2026-05-20 20:49:12] [SKIP] Same candle 2026-05-20 13:40:00  skip
[2026-05-20 20:50:12] [SKIP] NO_TRADE: no_momentum_signal
[2026-05-20 20:51:12] [SKIP] Same candle 2026-05-20 13:45:00  skip
[2026-05-20 20:52:12] [SKIP] Same candle 2026-05-20 13:45:00  skip
[2026-05-20 20:53:12] [SKIP] Same candle 2026-05-20 13:45:00  skip
[2026-05-20 20:54:12] [SKIP] Same candle 2026-05-20 13:45:00  skip
[2026-05-20 20:55:12] [SKIP] NO_TRADE: no_momentum_signal
[2026-05-20 20:56:12] [SKIP] Same candle 2026-05-20 13:50:00  skip
[2026-05-20 20:57:12] [SKIP] Same candle 2026-05-20 13:50:00  skip
[2026-05-20 20:58:12] [SKIP] Same candle 2026-05-20 13:50:00  skip
[2026-05-20 20:59:12] [SKIP] Same candle 2026-05-20 13:50:00  skip
[2026-05-20 21:00:12] [STATS] Hourly (1259 attempts): {'no_momentum_signal': '1259(100%)'}
[2026-05-20 21:00:12] [SKIP] NO_TRADE: no_momentum_signal
[2026-05-20 21:01:12] [SKIP] Same candle 2026-05-20 13:55:00  skip
[2026-05-20 21:02:12] [SKIP] Same candle 2026-05-20 13:55:00  skip
[2026-05-20 21:03:12] [SKIP] Same candle 2026-05-20 13:55:00  skip
[2026-05-20 21:04:12] [SKIP] Same candle 2026-05-20 13:55:00  skip
[2026-05-20 21:05:12] [SKIP] NO_TRADE: no_momentum_signal
[2026-05-20 21:06:12] [SKIP] Same candle 2026-05-20 14:00:00  skip
[2026-05-20 21:07:12] [SKIP] Same candle 2026-05-20 14:00:00  skip
[2026-05-20 21:08:12] [SKIP] Same candle 2026-05-20 14:00:00  skip
[2026-05-20 21:09:12] [SKIP] Same candle 2026-05-20 14:00:00  skip
[2026-05-20 21:10:12] [SKIP] NO_TRADE: no_momentum_signal
[2026-05-20 21:11:12] [SKIP] Same candle 2026-05-20 14:05:00  skip
[2026-05-20 21:12:12] [SKIP] Same candle 2026-05-20 14:05:00  skip
[2026-05-20 21:13:12] [SKIP] Same candle 2026-05-20 14:05:00  skip
[2026-05-20 21:14:12] [SKIP] Same candle 2026-05-20 14:05:00  skip
[2026-05-20 21:15:12] [SKIP] NO_TRADE: no_momentum_signal
[2026-05-20 21:16:13] [SKIP] Same candle 2026-05-20 14:10:00  skip
[2026-05-20 21:17:13] [SKIP] Same candle 2026-05-20 14:10:00  skip
[2026-05-20 21:18:13] [SKIP] Same candle 2026-05-20 14:10:00  skip
[2026-05-20 21:19:13] [SKIP] Same candle 2026-05-20 14:10:00  skip
[2026-05-20 21:20:13] [SKIP] NO_TRADE: no_momentum_signal
[2026-05-20 21:21:13] [SKIP] Same candle 2026-05-20 14:15:00  skip
[2026-05-20 21:22:13] [SKIP] Same candle 2026-05-20 14:15:00  skip
[2026-05-20 21:23:13] [SKIP] Same candle 2026-05-20 14:15:00  skip
[2026-05-20 21:24:13] [SKIP] Same candle 2026-05-20 14:15:00  skip
[2026-05-20 21:25:13] [SKIP] NO_TRADE: no_momentum_signal
[2026-05-20 21:26:13] [SKIP] Same candle 2026-05-20 14:20:00  skip
[2026-05-20 21:27:13] [SKIP] Same candle 2026-05-20 14:20:00  skip
[2026-05-20 21:28:13] [SKIP] Same candle 2026-05-20 14:20:00  skip
[2026-05-20 21:29:13] [SKIP] Same candle 2026-05-20 14:20:00  skip
[2026-05-20 21:30:13] [SKIP] NO_TRADE: no_momentum_signal
[2026-05-20 21:31:13] [SKIP] Same candle 2026-05-20 14:25:00  skip
[2026-05-20 21:32:13] [SKIP] Same candle 2026-05-20 14:25:00  skip
[2026-05-20 21:33:13] [SKIP] Same candle 2026-05-20 14:25:00  skip
[2026-05-20 21:34:13] [SKIP] Same candle 2026-05-20 14:25:00  skip
[2026-05-20 21:35:13] [SKIP] NO_TRADE: no_momentum_signal
[2026-05-20 21:36:13] [SKIP] Same candle 2026-05-20 14:30:00  skip
[2026-05-20 21:37:13] [SKIP] Same candle 2026-05-20 14:30:00  skip
[2026-05-20 21:38:13] [SKIP] Same candle 2026-05-20 14:30:00  skip
[2026-05-20 21:39:13] [SKIP] Same candle 2026-05-20 14:30:00  skip
[2026-05-20 21:40:13] [SKIP] NO_TRADE: no_momentum_signal
[2026-05-20 21:41:13] [SKIP] Same candle 2026-05-20 14:35:00  skip
[2026-05-20 21:42:13] [SKIP] Same candle 2026-05-20 14:35:00  skip
[2026-05-20 21:43:13] [SKIP] Same candle 2026-05-20 14:35:00  skip
[2026-05-20 21:44:13] [SKIP] Same candle 2026-05-20 14:35:00  skip
[2026-05-20 21:45:14] [SKIP] NO_TRADE: no_momentum_signal
[2026-05-20 21:46:14] [SKIP] Same candle 2026-05-20 14:40:00  skip
[2026-05-20 21:47:14] [SKIP] Same candle 2026-05-20 14:40:00  skip
[2026-05-20 21:48:14] [SKIP] Same candle 2026-05-20 14:40:00  skip
[2026-05-20 21:49:14] [SKIP] Same candle 2026-05-20 14:40:00  skip
[2026-05-20 21:50:14] [SKIP] NO_TRADE: no_momentum_signal
[2026-05-20 21:51:14] [SKIP] Same candle 2026-05-20 14:45:00  skip
[2026-05-20 21:52:14] [SKIP] Same candle 2026-05-20 14:45:00  skip
[2026-05-20 21:53:14] [SKIP] Same candle 2026-05-20 14:45:00  skip
[2026-05-20 21:54:14] [SKIP] Same candle 2026-05-20 14:45:00  skip
[2026-05-20 21:55:14] [SKIP] NO_TRADE: no_momentum_signal
[2026-05-20 21:56:14] [SKIP] Same candle 2026-05-20 14:50:00  skip
[2026-05-20 21:57:14] [SKIP] Same candle 2026-05-20 14:50:00  skip
[2026-05-20 21:58:14] [SKIP] Same candle 2026-05-20 14:50:00  skip
[2026-05-20 21:59:14] [SKIP] Same candle 2026-05-20 14:50:00  skip
[2026-05-20 22:00:14] [STATS] Hourly (1319 attempts): {'no_momentum_signal': '1319(100%)'}
[2026-05-20 22:00:14] [SKIP] NO_TRADE: no_momentum_signal
[2026-05-20 22:01:14] [SKIP] Same candle 2026-05-20 14:55:00  skip
[2026-05-20 22:02:14] [SKIP] Same candle 2026-05-20 14:55:00  skip
[2026-05-20 22:03:14] [SKIP] Same candle 2026-05-20 14:55:00  skip
[2026-05-20 22:04:14] [SKIP] Same candle 2026-05-20 14:55:00  skip
[2026-05-20 22:05:14] [SKIP] NO_TRADE: no_momentum_signal
[2026-05-20 22:06:14] [SKIP] Same candle 2026-05-20 15:00:00  skip
[2026-05-20 22:07:14] [SKIP] Same candle 2026-05-20 15:00:00  skip
[2026-05-20 22:08:14] [SKIP] Same candle 2026-05-20 15:00:00  skip
[2026-05-20 22:09:14] [SKIP] Same candle 2026-05-20 15:00:00  skip
[2026-05-20 22:10:14] [SKIP] NO_TRADE: no_momentum_signal
[2026-05-20 22:11:14] [SKIP] Same candle 2026-05-20 15:05:00  skip
[2026-05-20 22:12:15] [SKIP] Same candle 2026-05-20 15:05:00  skip
[2026-05-20 22:13:15] [SKIP] Same candle 2026-05-20 15:05:00  skip
[2026-05-20 22:14:15] [SKIP] Same candle 2026-05-20 15:05:00  skip
[2026-05-20 22:15:15] [SKIP] NO_TRADE: no_momentum_signal
[2026-05-20 22:16:15] [SKIP] Same candle 2026-05-20 15:10:00  skip
[2026-05-20 22:17:15] [SKIP] Same candle 2026-05-20 15:10:00  skip
[2026-05-20 22:18:15] [SKIP] Same candle 2026-05-20 15:10:00  skip
[2026-05-20 22:19:15] [SKIP] Same candle 2026-05-20 15:10:00  skip
[2026-05-20 22:20:15] [SKIP] NO_TRADE: no_momentum_signal
[2026-05-20 22:21:15] [SKIP] Same candle 2026-05-20 15:15:00  skip
[2026-05-20 22:22:15] [SKIP] Same candle 2026-05-20 15:15:00  skip
[2026-05-20 22:23:15] [SKIP] Same candle 2026-05-20 15:15:00  skip
[2026-05-20 22:24:15] [SKIP] Same candle 2026-05-20 15:15:00  skip
[2026-05-20 22:25:15] [SKIP] NO_TRADE: no_momentum_signal
[2026-05-20 22:26:15] [SKIP] Same candle 2026-05-20 15:20:00  skip
[2026-05-20 22:27:15] [SKIP] Same candle 2026-05-20 15:20:00  skip
[2026-05-20 22:28:15] [SKIP] Same candle 2026-05-20 15:20:00  skip
[2026-05-20 22:29:15] [SKIP] Same candle 2026-05-20 15:20:00  skip
[2026-05-20 22:30:15] [SKIP] NO_TRADE: no_momentum_signal
[2026-05-20 22:31:15] [SKIP] Same candle 2026-05-20 15:25:00  skip
[2026-05-20 22:32:15] [SKIP] Same candle 2026-05-20 15:25:00  skip
[2026-05-20 22:33:15] [SKIP] Same candle 2026-05-20 15:25:00  skip
[2026-05-20 22:34:15] [SKIP] Same candle 2026-05-20 15:25:00  skip
[2026-05-20 22:35:15] [SKIP] NO_TRADE: no_momentum_signal
[2026-05-20 22:36:15] [SKIP] Same candle 2026-05-20 15:30:00  skip
[2026-05-20 22:37:15] [SKIP] Same candle 2026-05-20 15:30:00  skip
[2026-05-20 22:38:15] [SKIP] Same candle 2026-05-20 15:30:00  skip
[2026-05-20 22:39:15] [SKIP] Same candle 2026-05-20 15:30:00  skip
[2026-05-20 22:40:16] [SKIP] NO_TRADE: no_momentum_signal
[2026-05-20 22:41:16] [SKIP] Same candle 2026-05-20 15:35:00  skip
[2026-05-20 22:42:16] [SKIP] Same candle 2026-05-20 15:35:00  skip
[2026-05-20 22:43:16] [SKIP] Same candle 2026-05-20 15:35:00  skip
[2026-05-20 22:44:16] [SKIP] Same candle 2026-05-20 15:35:00  skip
[2026-05-20 22:45:16] [SKIP] NO_TRADE: no_momentum_signal
[2026-05-20 22:46:16] [SKIP] Same candle 2026-05-20 15:40:00  skip
[2026-05-20 22:47:16] [SKIP] Same candle 2026-05-20 15:40:00  skip
[2026-05-20 22:48:16] [SKIP] Same candle 2026-05-20 15:40:00  skip
[2026-05-20 22:49:16] [SKIP] Same candle 2026-05-20 15:40:00  skip
[2026-05-20 22:50:16] [SKIP] NO_TRADE: no_momentum_signal
[2026-05-20 22:51:16] [SKIP] Same candle 2026-05-20 15:45:00  skip
[2026-05-20 22:52:16] [SKIP] Same candle 2026-05-20 15:45:00  skip
[2026-05-20 22:53:16] [SKIP] Same candle 2026-05-20 15:45:00  skip
[2026-05-20 22:54:16] [SKIP] Same candle 2026-05-20 15:45:00  skip
[2026-05-20 22:55:16] [SKIP] NO_TRADE: no_momentum_signal
[2026-05-20 22:56:16] [SKIP] Same candle 2026-05-20 15:50:00  skip
[2026-05-20 22:57:16] [SKIP] Same candle 2026-05-20 15:50:00  skip
[2026-05-20 22:58:16] [SKIP] Same candle 2026-05-20 15:50:00  skip
[2026-05-20 22:59:16] [SKIP] Same candle 2026-05-20 15:50:00  skip
[2026-05-20 23:00:16] [STATS] Hourly (1379 attempts): {'no_momentum_signal': '1379(100%)'}
[2026-05-20 23:00:16] [SKIP] NO_TRADE: no_momentum_signal
[2026-05-20 23:01:16] [SKIP] Same candle 2026-05-20 15:55:00  skip
[2026-05-20 23:02:16] [SKIP] Same candle 2026-05-20 15:55:00  skip
[2026-05-20 23:03:16] [SKIP] Same candle 2026-05-20 15:55:00  skip
[2026-05-20 23:04:16] [SKIP] Same candle 2026-05-20 15:55:00  skip
[2026-05-20 23:05:16] [SKIP] NO_TRADE: no_momentum_signal
[2026-05-20 23:06:16] [SKIP] Same candle 2026-05-20 16:00:00  skip
[2026-05-20 23:07:16] [SKIP] Same candle 2026-05-20 16:00:00  skip
[2026-05-20 23:08:17] [SKIP] Same candle 2026-05-20 16:00:00  skip
[2026-05-20 23:09:17] [SKIP] Same candle 2026-05-20 16:00:00  skip
[2026-05-20 23:10:17] [SKIP] NO_TRADE: no_momentum_signal
[2026-05-20 23:11:17] [SKIP] Same candle 2026-05-20 16:05:00  skip
[2026-05-20 23:12:17] [SKIP] Same candle 2026-05-20 16:05:00  skip
[2026-05-20 23:13:17] [SKIP] Same candle 2026-05-20 16:05:00  skip
[2026-05-20 23:14:17] [SKIP] Same candle 2026-05-20 16:05:00  skip
[2026-05-20 23:15:17] [SKIP] NO_TRADE: no_momentum_signal
[2026-05-20 23:16:17] [SKIP] Same candle 2026-05-20 16:10:00  skip
[2026-05-20 23:17:17] [SKIP] Same candle 2026-05-20 16:10:00  skip
[2026-05-20 23:18:17] [SKIP] Same candle 2026-05-20 16:10:00  skip
[2026-05-20 23:19:17] [SKIP] Same candle 2026-05-20 16:10:00  skip
[2026-05-20 23:20:17] [SKIP] NO_TRADE: no_momentum_signal
[2026-05-20 23:21:17] [SKIP] Same candle 2026-05-20 16:15:00  skip
[2026-05-20 23:22:17] [SKIP] Same candle 2026-05-20 16:15:00  skip
[2026-05-20 23:23:17] [SKIP] Same candle 2026-05-20 16:15:00  skip
[2026-05-20 23:24:17] [SKIP] Same candle 2026-05-20 16:15:00  skip
[2026-05-20 23:25:17] [SKIP] NO_TRADE: no_momentum_signal
[2026-05-20 23:26:17] [SKIP] Same candle 2026-05-20 16:20:00  skip
[2026-05-20 23:27:17] [SKIP] Same candle 2026-05-20 16:20:00  skip
[2026-05-20 23:28:17] [SKIP] Same candle 2026-05-20 16:20:00  skip
[2026-05-20 23:29:17] [SKIP] Same candle 2026-05-20 16:20:00  skip
[2026-05-20 23:30:17] [SKIP] NO_TRADE: no_momentum_signal
[2026-05-20 23:31:17] [SKIP] Same candle 2026-05-20 16:25:00  skip
[2026-05-20 23:32:17] [SKIP] Same candle 2026-05-20 16:25:00  skip
[2026-05-20 23:33:17] [SKIP] Same candle 2026-05-20 16:25:00  skip
[2026-05-20 23:34:17] [SKIP] Same candle 2026-05-20 16:25:00  skip
[2026-05-20 23:35:18] [SKIP] NO_TRADE: no_momentum_signal
[2026-05-20 23:36:18] [SKIP] Same candle 2026-05-20 16:30:00  skip
[2026-05-20 23:37:18] [SKIP] Same candle 2026-05-20 16:30:00  skip
[2026-05-20 23:38:18] [SKIP] Same candle 2026-05-20 16:30:00  skip
[2026-05-20 23:39:18] [SKIP] Same candle 2026-05-20 16:30:00  skip
[2026-05-20 23:40:18] [SKIP] NO_TRADE: no_momentum_signal
[2026-05-20 23:41:18] [SKIP] Same candle 2026-05-20 16:35:00  skip
[2026-05-20 23:42:18] [SKIP] Same candle 2026-05-20 16:35:00  skip
[2026-05-20 23:43:18] [SKIP] Same candle 2026-05-20 16:35:00  skip
[2026-05-20 23:44:18] [SKIP] Same candle 2026-05-20 16:35:00  skip
[2026-05-20 23:45:18] [SKIP] NO_TRADE: no_momentum_signal
[2026-05-20 23:46:18] [SKIP] Same candle 2026-05-20 16:40:00  skip
[2026-05-20 23:47:18] [SKIP] Same candle 2026-05-20 16:40:00  skip
[2026-05-20 23:48:18] [SKIP] Same candle 2026-05-20 16:40:00  skip
[2026-05-20 23:49:18] [SKIP] Same candle 2026-05-20 16:40:00  skip
[2026-05-20 23:50:18] [SKIP] NO_TRADE: no_momentum_signal
[2026-05-20 23:51:18] [SKIP] Same candle 2026-05-20 16:45:00  skip
[2026-05-20 23:52:18] [SKIP] Same candle 2026-05-20 16:45:00  skip
[2026-05-20 23:53:18] [SKIP] Same candle 2026-05-20 16:45:00  skip
[2026-05-20 23:54:18] [SKIP] Same candle 2026-05-20 16:45:00  skip
[2026-05-20 23:55:18] [SKIP] NO_TRADE: no_momentum_signal
[2026-05-20 23:56:18] [SKIP] Same candle 2026-05-20 16:50:00  skip
[2026-05-20 23:57:18] [SKIP] Same candle 2026-05-20 16:50:00  skip
[2026-05-20 23:58:18] [SKIP] Same candle 2026-05-20 16:50:00  skip
[2026-05-20 23:59:18] [SKIP] Same candle 2026-05-20 16:50:00  skip
[2026-05-21 00:00:18] [STATS] Daily: {'_total_attempts': 1439, 'no_momentum_signal': 1439}
[2026-05-21 00:00:18] [SKIP] NO_TRADE: no_momentum_signal
[2026-05-21 00:01:18] [STATS] Hourly (1 attempts): {'no_momentum_signal': '1(100%)'}
[2026-05-21 00:01:18] [SKIP] Same candle 2026-05-20 16:55:00  skip
[2026-05-21 00:02:18] [SKIP] Same candle 2026-05-20 16:55:00  skip
[2026-05-21 00:03:18] [SKIP] Same candle 2026-05-20 16:55:00  skip
[2026-05-21 00:04:19] [SKIP] Same candle 2026-05-20 16:55:00  skip
[2026-05-21 00:05:19] [SKIP] NO_TRADE: no_momentum_signal
[2026-05-21 00:06:19] [SKIP] Same candle 2026-05-20 17:00:00  skip
[2026-05-21 00:07:19] [SKIP] Same candle 2026-05-20 17:00:00  skip
[2026-05-21 00:08:19] [SKIP] Same candle 2026-05-20 17:00:00  skip
[2026-05-21 00:09:19] [SKIP] Same candle 2026-05-20 17:00:00  skip
[2026-05-21 00:10:19] [SKIP] NO_TRADE: no_momentum_signal
[2026-05-21 00:11:19] [SKIP] Same candle 2026-05-20 17:05:00  skip
[2026-05-21 00:12:19] [SKIP] Same candle 2026-05-20 17:05:00  skip
[2026-05-21 00:13:19] [SKIP] Same candle 2026-05-20 17:05:00  skip
[2026-05-21 00:14:19] [SKIP] Same candle 2026-05-20 17:05:00  skip
[2026-05-21 00:15:19] [SKIP] NO_TRADE: no_momentum_signal
[2026-05-21 00:16:19] [SKIP] Same candle 2026-05-20 17:10:00  skip
[2026-05-21 00:17:19] [SKIP] Same candle 2026-05-20 17:10:00  skip
[2026-05-21 00:18:19] [SKIP] Same candle 2026-05-20 17:10:00  skip
[2026-05-21 00:19:19] [SKIP] Same candle 2026-05-20 17:10:00  skip
[2026-05-21 00:20:19] [SKIP] NO_TRADE: no_momentum_signal
[2026-05-21 00:21:19] [SKIP] Same candle 2026-05-20 17:15:00  skip
[2026-05-21 00:22:19] [SKIP] Same candle 2026-05-20 17:15:00  skip
[2026-05-21 00:23:19] [SKIP] Same candle 2026-05-20 17:15:00  skip
[2026-05-21 00:24:19] [SKIP] Same candle 2026-05-20 17:15:00  skip
[2026-05-21 00:25:19] [SKIP] NO_TRADE: no_momentum_signal
[2026-05-21 00:26:19] [SKIP] Same candle 2026-05-20 17:20:00  skip
[2026-05-21 00:27:19] [SKIP] Same candle 2026-05-20 17:20:00  skip
[2026-05-21 00:28:19] [SKIP] Same candle 2026-05-20 17:20:00  skip
[2026-05-21 00:29:19] [SKIP] Same candle 2026-05-20 17:20:00  skip
[2026-05-21 00:30:19] [SKIP] NO_TRADE: no_momentum_signal
[2026-05-21 00:31:19] [SKIP] Same candle 2026-05-20 17:25:00  skip
[2026-05-21 00:32:19] [SKIP] Same candle 2026-05-20 17:25:00  skip
[2026-05-21 00:33:20] [SKIP] Same candle 2026-05-20 17:25:00  skip
[2026-05-21 00:34:20] [SKIP] Same candle 2026-05-20 17:25:00  skip
[2026-05-21 00:35:20] [SKIP] NO_TRADE: no_momentum_signal
[2026-05-21 00:36:20] [SKIP] Same candle 2026-05-20 17:30:00  skip
[2026-05-21 00:37:20] [SKIP] Same candle 2026-05-20 17:30:00  skip
[2026-05-21 00:38:20] [SKIP] Same candle 2026-05-20 17:30:00  skip
[2026-05-21 00:39:20] [SKIP] Same candle 2026-05-20 17:30:00  skip
[2026-05-21 00:40:20] [SKIP] NO_TRADE: no_momentum_signal
[2026-05-21 00:41:20] [SKIP] Same candle 2026-05-20 17:35:00  skip
[2026-05-21 00:42:20] [SKIP] Same candle 2026-05-20 17:35:00  skip
[2026-05-21 00:43:20] [SKIP] Same candle 2026-05-20 17:35:00  skip
[2026-05-21 00:44:20] [SKIP] Same candle 2026-05-20 17:35:00  skip
[2026-05-21 00:45:20] [SKIP] NO_TRADE: no_momentum_signal
[2026-05-21 00:46:20] [SKIP] Same candle 2026-05-20 17:40:00  skip
[2026-05-21 00:47:20] [SKIP] Same candle 2026-05-20 17:40:00  skip
[2026-05-21 00:48:20] [SKIP] Same candle 2026-05-20 17:40:00  skip
[2026-05-21 00:49:20] [SKIP] Same candle 2026-05-20 17:40:00  skip
[2026-05-21 00:50:20] [SKIP] NO_TRADE: no_momentum_signal
[2026-05-21 00:51:20] [SKIP] Same candle 2026-05-20 17:45:00  skip
[2026-05-21 00:52:20] [SKIP] Same candle 2026-05-20 17:45:00  skip
[2026-05-21 00:53:20] [SKIP] Same candle 2026-05-20 17:45:00  skip
[2026-05-21 00:54:20] [SKIP] Same candle 2026-05-20 17:45:00  skip
[2026-05-21 00:55:20] [SKIP] NO_TRADE: no_momentum_signal
[2026-05-21 00:56:20] [SKIP] Same candle 2026-05-20 17:50:00  skip
[2026-05-21 00:57:20] [SKIP] Same candle 2026-05-20 17:50:00  skip
[2026-05-21 00:58:20] [SKIP] Same candle 2026-05-20 17:50:00  skip
[2026-05-21 00:59:20] [SKIP] Same candle 2026-05-20 17:50:00  skip
[2026-05-21 01:00:20] [STATS] Hourly (60 attempts): {'no_momentum_signal': '60(100%)'}
[2026-05-21 01:00:20] [SKIP] NO_TRADE: no_momentum_signal
[2026-05-21 01:01:20] [SKIP] Same candle 2026-05-20 17:55:00  skip
[2026-05-21 01:02:21] [SKIP] Same candle 2026-05-20 17:55:00  skip
[2026-05-21 01:03:21] [SKIP] Same candle 2026-05-20 17:55:00  skip
[2026-05-21 01:04:21] [SKIP] Same candle 2026-05-20 17:55:00  skip
[2026-05-21 01:05:21] [SKIP] NO_TRADE: no_momentum_signal
[2026-05-21 01:06:21] [SKIP] Same candle 2026-05-20 18:00:00  skip
[2026-05-21 01:07:21] [SKIP] Same candle 2026-05-20 18:00:00  skip
[2026-05-21 01:08:21] [SKIP] Same candle 2026-05-20 18:00:00  skip
[2026-05-21 01:09:21] [SKIP] Same candle 2026-05-20 18:00:00  skip
[2026-05-21 01:10:21] [SKIP] NO_TRADE: no_momentum_signal
[2026-05-21 01:11:21] [SKIP] Same candle 2026-05-20 18:05:00  skip
[2026-05-21 01:12:21] [SKIP] Same candle 2026-05-20 18:05:00  skip
[2026-05-21 01:13:21] [SKIP] Same candle 2026-05-20 18:05:00  skip
[2026-05-21 01:14:21] [SKIP] Same candle 2026-05-20 18:05:00  skip
[2026-05-21 01:15:21] [SKIP] NO_TRADE: no_momentum_signal
[2026-05-21 01:16:21] [SKIP] Same candle 2026-05-20 18:10:00  skip
[2026-05-21 01:17:21] [SKIP] Same candle 2026-05-20 18:10:00  skip
[2026-05-21 01:18:21] [SKIP] Same candle 2026-05-20 18:10:00  skip
[2026-05-21 01:19:21] [SKIP] Same candle 2026-05-20 18:10:00  skip
[2026-05-21 01:20:21] [SKIP] NO_TRADE: no_momentum_signal
[2026-05-21 01:21:21] [SKIP] Same candle 2026-05-20 18:15:00  skip
[2026-05-21 01:22:21] [SKIP] Same candle 2026-05-20 18:15:00  skip
[2026-05-21 01:23:21] [SKIP] Same candle 2026-05-20 18:15:00  skip
[2026-05-21 01:24:21] [SKIP] Same candle 2026-05-20 18:15:00  skip
[2026-05-21 01:25:21] [SKIP] NO_TRADE: no_momentum_signal
[2026-05-21 01:26:21] [SKIP] Same candle 2026-05-20 18:20:00  skip
[2026-05-21 01:27:21] [SKIP] Same candle 2026-05-20 18:20:00  skip
[2026-05-21 01:28:21] [SKIP] Same candle 2026-05-20 18:20:00  skip
[2026-05-21 01:29:21] [SKIP] Same candle 2026-05-20 18:20:00  skip
[2026-05-21 01:30:21] [SKIP] NO_TRADE: no_momentum_signal
[2026-05-21 01:31:22] [SKIP] Same candle 2026-05-20 18:25:00  skip
[2026-05-21 01:32:22] [SKIP] Same candle 2026-05-20 18:25:00  skip
[2026-05-21 01:33:22] [SKIP] Same candle 2026-05-20 18:25:00  skip
[2026-05-21 01:34:22] [SKIP] Same candle 2026-05-20 18:25:00  skip
[2026-05-21 01:35:22] [SKIP] NO_TRADE: no_momentum_signal
[2026-05-21 01:36:22] [SKIP] Same candle 2026-05-20 18:30:00  skip
[2026-05-21 01:37:22] [SKIP] Same candle 2026-05-20 18:30:00  skip
[2026-05-21 01:38:22] [SKIP] Same candle 2026-05-20 18:30:00  skip
[2026-05-21 01:39:22] [SKIP] Same candle 2026-05-20 18:30:00  skip
[2026-05-21 01:40:22] [SKIP] NO_TRADE: no_momentum_signal
[2026-05-21 01:41:22] [SKIP] Same candle 2026-05-20 18:35:00  skip
[2026-05-21 01:42:22] [SKIP] Same candle 2026-05-20 18:35:00  skip
[2026-05-21 01:43:22] [SKIP] Same candle 2026-05-20 18:35:00  skip
[2026-05-21 01:44:22] [SKIP] Same candle 2026-05-20 18:35:00  skip
[2026-05-21 01:45:22] [SKIP] NO_TRADE: no_momentum_signal
[2026-05-21 01:46:22] [SKIP] Same candle 2026-05-20 18:40:00  skip
[2026-05-21 01:47:22] [SKIP] Same candle 2026-05-20 18:40:00  skip
[2026-05-21 01:48:22] [SKIP] Same candle 2026-05-20 18:40:00  skip
[2026-05-21 01:49:22] [SKIP] Same candle 2026-05-20 18:40:00  skip
[2026-05-21 01:50:22] [SKIP] NO_TRADE: no_momentum_signal
[2026-05-21 01:51:22] [SKIP] Same candle 2026-05-20 18:45:00  skip
[2026-05-21 01:52:22] [SKIP] Same candle 2026-05-20 18:45:00  skip
[2026-05-21 01:53:22] [SKIP] Same candle 2026-05-20 18:45:00  skip
[2026-05-21 01:54:22] [SKIP] Same candle 2026-05-20 18:45:00  skip
[2026-05-21 01:55:22] [SKIP] NO_TRADE: no_momentum_signal
[2026-05-21 01:56:22] [SKIP] Same candle 2026-05-20 18:50:00  skip
[2026-05-21 01:57:22] [SKIP] Same candle 2026-05-20 18:50:00  skip
[2026-05-21 01:58:22] [SKIP] Same candle 2026-05-20 18:50:00  skip
[2026-05-21 01:59:23] [SKIP] Same candle 2026-05-20 18:50:00  skip
[2026-05-21 02:00:23] [STATS] Hourly (120 attempts): {'no_momentum_signal': '120(100%)'}
[2026-05-21 02:00:23] [SKIP] NO_TRADE: no_momentum_signal
[2026-05-21 02:01:23] [SKIP] Same candle 2026-05-20 18:55:00  skip
[2026-05-21 02:02:23] [SKIP] Same candle 2026-05-20 18:55:00  skip
[2026-05-21 02:03:23] [SKIP] Same candle 2026-05-20 18:55:00  skip
[2026-05-21 02:04:23] [SKIP] Same candle 2026-05-20 18:55:00  skip
[2026-05-21 02:05:23] [SKIP] NO_TRADE: no_momentum_signal
[2026-05-21 02:06:23] [SKIP] Same candle 2026-05-20 19:00:00  skip
[2026-05-21 02:07:23] [SKIP] Same candle 2026-05-20 19:00:00  skip
[2026-05-21 02:08:23] [SKIP] Same candle 2026-05-20 19:00:00  skip
[2026-05-21 02:09:23] [SKIP] Same candle 2026-05-20 19:00:00  skip
[2026-05-21 02:10:23] [SKIP] NO_TRADE: no_momentum_signal
[2026-05-21 02:11:23] [SKIP] Same candle 2026-05-20 19:05:00  skip
[2026-05-21 02:12:23] [SKIP] Same candle 2026-05-20 19:05:00  skip
[2026-05-21 02:13:23] [SKIP] Same candle 2026-05-20 19:05:00  skip
[2026-05-21 02:14:23] [SKIP] Same candle 2026-05-20 19:05:00  skip
[2026-05-21 02:15:23] [SKIP] NO_TRADE: no_momentum_signal
[2026-05-21 02:16:23] [SKIP] Same candle 2026-05-20 19:10:00  skip
[2026-05-21 02:17:23] [SKIP] Same candle 2026-05-20 19:10:00  skip
[2026-05-21 02:18:23] [SKIP] Same candle 2026-05-20 19:10:00  skip
[2026-05-21 02:19:23] [SKIP] Same candle 2026-05-20 19:10:00  skip
[2026-05-21 02:20:23] [SKIP] NO_TRADE: no_momentum_signal
[2026-05-21 02:21:23] [SKIP] Same candle 2026-05-20 19:15:00  skip
[2026-05-21 02:22:23] [SKIP] Same candle 2026-05-20 19:15:00  skip
[2026-05-21 02:23:23] [SKIP] Same candle 2026-05-20 19:15:00  skip
[2026-05-21 02:24:23] [SKIP] Same candle 2026-05-20 19:15:00  skip
[2026-05-21 02:25:23] [SKIP] NO_TRADE: no_momentum_signal
[2026-05-21 02:26:23] [SKIP] Same candle 2026-05-20 19:20:00  skip
[2026-05-21 02:27:23] [SKIP] Same candle 2026-05-20 19:20:00  skip
[2026-05-21 02:28:24] [SKIP] Same candle 2026-05-20 19:20:00  skip
[2026-05-21 02:29:24] [SKIP] Same candle 2026-05-20 19:20:00  skip
[2026-05-21 02:30:24] [SKIP] NO_TRADE: no_momentum_signal
[2026-05-21 02:31:24] [SKIP] Same candle 2026-05-20 19:25:00  skip
[2026-05-21 02:32:24] [SKIP] Same candle 2026-05-20 19:25:00  skip
[2026-05-21 02:33:24] [SKIP] Same candle 2026-05-20 19:25:00  skip
[2026-05-21 02:34:24] [SKIP] Same candle 2026-05-20 19:25:00  skip
[2026-05-21 02:35:24] [SKIP] NO_TRADE: no_momentum_signal
[2026-05-21 02:36:24] [SKIP] Same candle 2026-05-20 19:30:00  skip
[2026-05-21 02:37:24] [SKIP] Same candle 2026-05-20 19:30:00  skip
[2026-05-21 02:38:24] [SKIP] Same candle 2026-05-20 19:30:00  skip
[2026-05-21 02:39:24] [SKIP] Same candle 2026-05-20 19:30:00  skip
[2026-05-21 02:40:24] [SKIP] NO_TRADE: no_momentum_signal
[2026-05-21 02:41:24] [SKIP] Same candle 2026-05-20 19:35:00  skip
[2026-05-21 02:42:24] [SKIP] Same candle 2026-05-20 19:35:00  skip
[2026-05-21 02:43:24] [SKIP] Same candle 2026-05-20 19:35:00  skip
[2026-05-21 02:44:24] [SKIP] Same candle 2026-05-20 19:35:00  skip
[2026-05-21 02:45:24] [SKIP] NO_TRADE: no_momentum_signal
[2026-05-21 02:46:24] [SKIP] Same candle 2026-05-20 19:40:00  skip
[2026-05-21 02:47:24] [SKIP] Same candle 2026-05-20 19:40:00  skip
[2026-05-21 02:48:24] [SKIP] Same candle 2026-05-20 19:40:00  skip
[2026-05-21 02:49:24] [SKIP] Same candle 2026-05-20 19:40:00  skip
[2026-05-21 02:50:24] [SKIP] NO_TRADE: no_momentum_signal
[2026-05-21 02:51:24] [SKIP] Same candle 2026-05-20 19:45:00  skip
[2026-05-21 02:52:24] [SKIP] Same candle 2026-05-20 19:45:00  skip
[2026-05-21 02:53:24] [SKIP] Same candle 2026-05-20 19:45:00  skip
[2026-05-21 02:54:24] [SKIP] Same candle 2026-05-20 19:45:00  skip
[2026-05-21 02:55:24] [SKIP] NO_TRADE: no_momentum_signal
[2026-05-21 02:56:24] [SKIP] Same candle 2026-05-20 19:50:00  skip
[2026-05-21 02:57:25] [SKIP] Same candle 2026-05-20 19:50:00  skip
[2026-05-21 02:58:25] [SKIP] Same candle 2026-05-20 19:50:00  skip
[2026-05-21 02:59:25] [SKIP] Same candle 2026-05-20 19:50:00  skip
[2026-05-21 03:00:25] [STATS] Hourly (180 attempts): {'no_momentum_signal': '180(100%)'}
[2026-05-21 03:00:25] [SKIP] NO_TRADE: no_momentum_signal
[2026-05-21 03:01:25] [SKIP] Same candle 2026-05-20 19:55:00  skip
[2026-05-21 03:02:25] [SKIP] Same candle 2026-05-20 19:55:00  skip
[2026-05-21 03:03:25] [SKIP] Same candle 2026-05-20 19:55:00  skip
[2026-05-21 03:04:25] [SKIP] Same candle 2026-05-20 19:55:00  skip
[2026-05-21 03:05:25] [SKIP] NO_TRADE: no_momentum_signal
[2026-05-21 03:06:25] [SKIP] Same candle 2026-05-20 20:00:00  skip
[2026-05-21 03:07:25] [SKIP] Same candle 2026-05-20 20:00:00  skip
[2026-05-21 03:08:25] [SKIP] Same candle 2026-05-20 20:00:00  skip
[2026-05-21 03:09:25] [SKIP] Same candle 2026-05-20 20:00:00  skip
[2026-05-21 03:10:25] [SKIP] NO_TRADE: no_momentum_signal
[2026-05-21 03:11:25] [SKIP] Same candle 2026-05-20 20:05:00  skip
[2026-05-21 03:12:25] [SKIP] Same candle 2026-05-20 20:05:00  skip
[2026-05-21 03:13:25] [SKIP] Same candle 2026-05-20 20:05:00  skip
[2026-05-21 03:14:25] [SKIP] Same candle 2026-05-20 20:05:00  skip
[2026-05-21 03:15:25] [SKIP] NO_TRADE: no_momentum_signal
[2026-05-21 03:16:25] [SKIP] Same candle 2026-05-20 20:10:00  skip
[2026-05-21 03:17:25] [SKIP] Same candle 2026-05-20 20:10:00  skip
[2026-05-21 03:18:25] [SKIP] Same candle 2026-05-20 20:10:00  skip
[2026-05-21 03:19:25] [SKIP] Same candle 2026-05-20 20:10:00  skip
[2026-05-21 03:20:25] [SKIP] NO_TRADE: no_momentum_signal
[2026-05-21 03:21:25] [SKIP] Same candle 2026-05-20 20:15:00  skip
[2026-05-21 03:22:25] [SKIP] Same candle 2026-05-20 20:15:00  skip
[2026-05-21 03:23:25] [SKIP] Same candle 2026-05-20 20:15:00  skip
[2026-05-21 03:24:25] [SKIP] Same candle 2026-05-20 20:15:00  skip
[2026-05-21 03:25:25] [SKIP] NO_TRADE: no_momentum_signal
[2026-05-21 03:26:25] [SKIP] Same candle 2026-05-20 20:20:00  skip
[2026-05-21 03:27:26] [SKIP] Same candle 2026-05-20 20:20:00  skip
[2026-05-21 03:28:26] [SKIP] Same candle 2026-05-20 20:20:00  skip
[2026-05-21 03:29:26] [SKIP] Same candle 2026-05-20 20:20:00  skip
[2026-05-21 03:30:26] [SKIP] NO_TRADE: no_momentum_signal
[2026-05-21 03:31:26] [SKIP] Same candle 2026-05-20 20:25:00  skip
[2026-05-21 03:32:26] [SKIP] Same candle 2026-05-20 20:25:00  skip
[2026-05-21 03:33:26] [SKIP] Same candle 2026-05-20 20:25:00  skip
[2026-05-21 03:34:26] [SKIP] Same candle 2026-05-20 20:25:00  skip
[2026-05-21 03:35:26] [SKIP] NO_TRADE: no_momentum_signal
[2026-05-21 03:36:26] [SKIP] Same candle 2026-05-20 20:30:00  skip
[2026-05-21 03:37:26] [SKIP] Same candle 2026-05-20 20:30:00  skip
[2026-05-21 03:38:26] [SKIP] Same candle 2026-05-20 20:30:00  skip
[2026-05-21 03:39:26] [SKIP] Same candle 2026-05-20 20:30:00  skip
[2026-05-21 03:40:26] [SKIP] NO_TRADE: no_momentum_signal
[2026-05-21 03:41:26] [SKIP] Same candle 2026-05-20 20:35:00  skip
[2026-05-21 03:42:26] [SKIP] Same candle 2026-05-20 20:35:00  skip
[2026-05-21 03:43:26] [SKIP] Same candle 2026-05-20 20:35:00  skip
[2026-05-21 03:44:26] [SKIP] Same candle 2026-05-20 20:35:00  skip
[2026-05-21 03:45:26] [SKIP] NO_TRADE: no_momentum_signal
[2026-05-21 03:46:26] [SKIP] Same candle 2026-05-20 20:40:00  skip
[2026-05-21 03:47:26] [SKIP] Same candle 2026-05-20 20:40:00  skip
[2026-05-21 03:48:26] [SKIP] Same candle 2026-05-20 20:40:00  skip
[2026-05-21 03:49:26] [SKIP] Same candle 2026-05-20 20:40:00  skip
[2026-05-21 03:50:26] [SKIP] NO_TRADE: no_momentum_signal
[2026-05-21 03:51:26] [SKIP] Same candle 2026-05-20 20:45:00  skip
[2026-05-21 03:52:26] [SKIP] Same candle 2026-05-20 20:45:00  skip
[2026-05-21 03:53:26] [SKIP] Same candle 2026-05-20 20:45:00  skip
[2026-05-21 03:54:26] [SKIP] Same candle 2026-05-20 20:45:00  skip
[2026-05-21 03:55:27] [SKIP] NO_TRADE: no_momentum_signal
[2026-05-21 03:56:27] [SKIP] Same candle 2026-05-20 20:50:00  skip
[2026-05-21 03:57:27] [SKIP] Same candle 2026-05-20 20:50:00  skip
[2026-05-21 03:58:27] [SKIP] Same candle 2026-05-20 20:50:00  skip
[2026-05-21 03:59:27] [SKIP] Same candle 2026-05-20 20:50:00  skip
[2026-05-21 04:00:27] [STATS] Hourly (240 attempts): {'no_momentum_signal': '240(100%)'}
[2026-05-21 04:00:27] [SKIP] Same candle 2026-05-20 20:50:00  skip
[2026-05-21 04:01:27] [SKIP] Same candle 2026-05-20 20:50:00  skip
[2026-05-21 04:02:27] [SKIP] Same candle 2026-05-20 20:50:00  skip
[2026-05-21 04:03:27] [SKIP] Same candle 2026-05-20 20:50:00  skip
[2026-05-21 04:04:27] [SKIP] Same candle 2026-05-20 20:50:00  skip
[2026-05-21 04:05:27] [SKIP] Same candle 2026-05-20 20:50:00  skip
[2026-05-21 04:06:27] [SKIP] Same candle 2026-05-20 20:50:00  skip
[2026-05-21 04:07:27] [SKIP] Same candle 2026-05-20 20:50:00  skip
[2026-05-21 04:08:27] [SKIP] Same candle 2026-05-20 20:50:00  skip
[2026-05-21 04:09:27] [SKIP] Same candle 2026-05-20 20:50:00  skip
[2026-05-21 04:10:27] [SKIP] Same candle 2026-05-20 20:50:00  skip
[2026-05-21 04:11:27] [SKIP] Same candle 2026-05-20 20:50:00  skip
[2026-05-21 04:12:27] [SKIP] Same candle 2026-05-20 20:50:00  skip
[2026-05-21 04:13:27] [SKIP] Same candle 2026-05-20 20:50:00  skip
[2026-05-21 04:14:27] [SKIP] Same candle 2026-05-20 20:50:00  skip
[2026-05-21 04:15:27] [SKIP] Same candle 2026-05-20 20:50:00  skip
[2026-05-21 04:16:27] [SKIP] Same candle 2026-05-20 20:50:00  skip
[2026-05-21 04:17:27] [SKIP] Same candle 2026-05-20 20:50:00  skip
[2026-05-21 04:18:27] [SKIP] Same candle 2026-05-20 20:50:00  skip
[2026-05-21 04:19:27] [SKIP] Same candle 2026-05-20 20:50:00  skip
[2026-05-21 04:20:27] [SKIP] Same candle 2026-05-20 20:50:00  skip
[2026-05-21 04:21:27] [SKIP] Same candle 2026-05-20 20:50:00  skip
[2026-05-21 04:22:27] [SKIP] Same candle 2026-05-20 20:50:00  skip
[2026-05-21 04:23:28] [SKIP] Same candle 2026-05-20 20:50:00  skip
[2026-05-21 04:24:28] [SKIP] Same candle 2026-05-20 20:50:00  skip
[2026-05-21 04:25:28] [SKIP] Same candle 2026-05-20 20:50:00  skip
[2026-05-21 04:26:28] [SKIP] Same candle 2026-05-20 20:50:00  skip
[2026-05-21 04:27:28] [SKIP] Same candle 2026-05-20 20:50:00  skip
[2026-05-21 04:28:28] [SKIP] Same candle 2026-05-20 20:50:00  skip
[2026-05-21 04:29:28] [SKIP] Same candle 2026-05-20 20:50:00  skip
[2026-05-21 04:30:28] [SKIP] Same candle 2026-05-20 20:50:00  skip
[2026-05-21 04:31:28] [SKIP] Same candle 2026-05-20 20:50:00  skip
[2026-05-21 04:32:28] [SKIP] Same candle 2026-05-20 20:50:00  skip
[2026-05-21 04:33:28] [SKIP] Same candle 2026-05-20 20:50:00  skip
[2026-05-21 04:34:28] [SKIP] Same candle 2026-05-20 20:50:00  skip
[2026-05-21 04:35:28] [SKIP] Same candle 2026-05-20 20:50:00  skip
[2026-05-21 04:36:28] [SKIP] Same candle 2026-05-20 20:50:00  skip
[2026-05-21 04:37:28] [SKIP] Same candle 2026-05-20 20:50:00  skip
[2026-05-21 04:38:28] [SKIP] Same candle 2026-05-20 20:50:00  skip
[2026-05-21 04:39:28] [SKIP] Same candle 2026-05-20 20:50:00  skip
[2026-05-21 04:40:28] [SKIP] Same candle 2026-05-20 20:50:00  skip
[2026-05-21 04:41:28] [SKIP] Same candle 2026-05-20 20:50:00  skip
[2026-05-21 04:42:28] [SKIP] Same candle 2026-05-20 20:50:00  skip
[2026-05-21 04:43:28] [SKIP] Same candle 2026-05-20 20:50:00  skip
[2026-05-21 04:44:28] [SKIP] Same candle 2026-05-20 20:50:00  skip
[2026-05-21 04:45:28] [SKIP] Same candle 2026-05-20 20:50:00  skip
[2026-05-21 04:46:28] [SKIP] Same candle 2026-05-20 20:50:00  skip
[2026-05-21 04:47:28] [SKIP] Same candle 2026-05-20 20:50:00  skip
[2026-05-21 04:48:28] [SKIP] Same candle 2026-05-20 20:50:00  skip
[2026-05-21 04:49:28] [SKIP] Same candle 2026-05-20 20:50:00  skip
[2026-05-21 04:50:28] [SKIP] Same candle 2026-05-20 20:50:00  skip
[2026-05-21 04:51:28] [SKIP] Same candle 2026-05-20 20:50:00  skip
[2026-05-21 04:52:29] [SKIP] Same candle 2026-05-20 20:50:00  skip
[2026-05-21 04:53:29] [SKIP] Same candle 2026-05-20 20:50:00  skip
[2026-05-21 04:54:29] [SKIP] Same candle 2026-05-20 20:50:00  skip
[2026-05-21 04:55:29] [SKIP] Same candle 2026-05-20 20:50:00  skip
[2026-05-21 04:56:29] [SKIP] Same candle 2026-05-20 20:50:00  skip
[2026-05-21 04:57:29] [SKIP] Same candle 2026-05-20 20:50:00  skip
[2026-05-21 04:58:29] [SKIP] Same candle 2026-05-20 20:50:00  skip
[2026-05-21 04:59:29] [SKIP] Same candle 2026-05-20 20:50:00  skip
[2026-05-21 05:00:29] [STATS] Hourly (300 attempts): {'no_momentum_signal': '300(100%)'}
[2026-05-21 05:00:29] [SKIP] Same candle 2026-05-20 20:50:00  skip
[2026-05-21 05:01:29] [SKIP] NO_TRADE: no_momentum_signal
[2026-05-21 05:02:29] [SKIP] Same candle 2026-05-20 20:55:00  skip
[2026-05-21 05:03:29] [SKIP] Same candle 2026-05-20 20:55:00  skip
[2026-05-21 05:04:29] [SKIP] Same candle 2026-05-20 20:55:00  skip
[2026-05-21 05:05:29] [SKIP] NO_TRADE: no_momentum_signal
[2026-05-21 05:06:29] [SKIP] Same candle 2026-05-20 22:00:00  skip
[2026-05-21 05:07:29] [SKIP] Same candle 2026-05-20 22:00:00  skip
[2026-05-21 05:08:29] [SKIP] Same candle 2026-05-20 22:00:00  skip
[2026-05-21 05:09:29] [SKIP] Same candle 2026-05-20 22:00:00  skip
[2026-05-21 05:10:29] [SKIP] NO_TRADE: no_momentum_signal
[2026-05-21 05:11:29] [SKIP] Same candle 2026-05-20 22:05:00  skip
[2026-05-21 05:12:29] [SKIP] Same candle 2026-05-20 22:05:00  skip
[2026-05-21 05:13:29] [SKIP] Same candle 2026-05-20 22:05:00  skip
[2026-05-21 05:14:29] [SKIP] Same candle 2026-05-20 22:05:00  skip
[2026-05-21 05:15:29] [SKIP] NO_TRADE: no_momentum_signal
[2026-05-21 05:16:29] [SKIP] Same candle 2026-05-20 22:10:00  skip
[2026-05-21 05:17:29] [SKIP] Same candle 2026-05-20 22:10:00  skip
[2026-05-21 05:18:29] [SKIP] Same candle 2026-05-20 22:10:00  skip
[2026-05-21 05:19:29] [SKIP] Same candle 2026-05-20 22:10:00  skip
[2026-05-21 05:20:29] [SKIP] NO_TRADE: no_momentum_signal
[2026-05-21 05:21:30] [SKIP] Same candle 2026-05-20 22:15:00  skip
[2026-05-21 05:22:30] [SKIP] Same candle 2026-05-20 22:15:00  skip
[2026-05-21 05:23:30] [SKIP] Same candle 2026-05-20 22:15:00  skip
[2026-05-21 05:24:30] [SKIP] Same candle 2026-05-20 22:15:00  skip
[2026-05-21 05:25:30] [SKIP] NO_TRADE: no_momentum_signal
[2026-05-21 05:26:30] [SKIP] Same candle 2026-05-20 22:20:00  skip
[2026-05-21 05:27:30] [SKIP] Same candle 2026-05-20 22:20:00  skip
[2026-05-21 05:28:30] [SKIP] Same candle 2026-05-20 22:20:00  skip
[2026-05-21 05:29:30] [SKIP] Same candle 2026-05-20 22:20:00  skip
[2026-05-21 05:30:30] [SKIP] NO_TRADE: no_momentum_signal
[2026-05-21 05:31:30] [SKIP] Same candle 2026-05-20 22:25:00  skip
[2026-05-21 05:32:30] [SKIP] Same candle 2026-05-20 22:25:00  skip
[2026-05-21 05:33:30] [SKIP] Same candle 2026-05-20 22:25:00  skip
[2026-05-21 05:34:30] [SKIP] Same candle 2026-05-20 22:25:00  skip
[2026-05-21 05:35:30] [SKIP] NO_TRADE: no_momentum_signal
[2026-05-21 05:36:30] [SKIP] Same candle 2026-05-20 22:30:00  skip
[2026-05-21 05:37:30] [SKIP] Same candle 2026-05-20 22:30:00  skip
[2026-05-21 05:38:30] [SKIP] Same candle 2026-05-20 22:30:00  skip
[2026-05-21 05:39:30] [SKIP] Same candle 2026-05-20 22:30:00  skip
[2026-05-21 05:40:30] [SKIP] NO_TRADE: no_momentum_signal
[2026-05-21 05:41:30] [SKIP] Same candle 2026-05-20 22:35:00  skip
[2026-05-21 05:42:30] [SKIP] Same candle 2026-05-20 22:35:00  skip
[2026-05-21 05:43:30] [SKIP] Same candle 2026-05-20 22:35:00  skip
[2026-05-21 05:44:30] [SKIP] Same candle 2026-05-20 22:35:00  skip
[2026-05-21 05:45:30] [SKIP] NO_TRADE: no_momentum_signal
[2026-05-21 05:46:30] [SKIP] Same candle 2026-05-20 22:40:00  skip
[2026-05-21 05:47:30] [SKIP] Same candle 2026-05-20 22:40:00  skip
[2026-05-21 05:48:30] [SKIP] Same candle 2026-05-20 22:40:00  skip
[2026-05-21 05:49:31] [SKIP] Same candle 2026-05-20 22:40:00  skip
[2026-05-21 05:50:31] [SKIP] NO_TRADE: no_momentum_signal
[2026-05-21 05:51:31] [SKIP] Same candle 2026-05-20 22:45:00  skip
[2026-05-21 05:52:31] [SKIP] Same candle 2026-05-20 22:45:00  skip
[2026-05-21 05:53:31] [SKIP] Same candle 2026-05-20 22:45:00  skip
[2026-05-21 05:54:31] [SKIP] Same candle 2026-05-20 22:45:00  skip
[2026-05-21 05:55:31] [SKIP] NO_TRADE: no_momentum_signal
[2026-05-21 05:56:31] [SKIP] Same candle 2026-05-20 22:50:00  skip
[2026-05-21 05:57:31] [SKIP] Same candle 2026-05-20 22:50:00  skip
[2026-05-21 05:58:31] [SKIP] Same candle 2026-05-20 22:50:00  skip
[2026-05-21 05:59:31] [SKIP] Same candle 2026-05-20 22:50:00  skip
[2026-05-21 06:00:31] [STATS] Hourly (360 attempts): {'no_momentum_signal': '360(100%)'}
[2026-05-21 06:00:31] [SKIP] NO_TRADE: no_momentum_signal
[2026-05-21 06:01:31] [SKIP] Same candle 2026-05-20 22:55:00  skip
[2026-05-21 06:02:31] [SKIP] Same candle 2026-05-20 22:55:00  skip
[2026-05-21 06:03:31] [SKIP] Same candle 2026-05-20 22:55:00  skip
[2026-05-21 06:04:31] [SKIP] Same candle 2026-05-20 22:55:00  skip
[2026-05-21 06:05:31] [SKIP] NO_TRADE: no_momentum_signal
[2026-05-21 06:06:31] [SKIP] Same candle 2026-05-20 23:00:00  skip
[2026-05-21 06:07:31] [SKIP] Same candle 2026-05-20 23:00:00  skip
[2026-05-21 06:08:31] [SKIP] Same candle 2026-05-20 23:00:00  skip
[2026-05-21 06:09:31] [SKIP] Same candle 2026-05-20 23:00:00  skip
[2026-05-21 06:10:31] [SKIP] NO_TRADE: no_momentum_signal
[2026-05-21 06:11:31] [SKIP] Same candle 2026-05-20 23:05:00  skip
[2026-05-21 06:12:31] [SKIP] Same candle 2026-05-20 23:05:00  skip
[2026-05-21 06:13:31] [SKIP] Same candle 2026-05-20 23:05:00  skip
[2026-05-21 06:14:31] [SKIP] Same candle 2026-05-20 23:05:00  skip
[2026-05-21 06:15:31] [SKIP] NO_TRADE: no_momentum_signal
[2026-05-21 06:16:31] [SKIP] Same candle 2026-05-20 23:10:00  skip
[2026-05-21 06:17:31] [SKIP] Same candle 2026-05-20 23:10:00  skip
[2026-05-21 06:18:32] [SKIP] Same candle 2026-05-20 23:10:00  skip
[2026-05-21 06:19:32] [SKIP] Same candle 2026-05-20 23:10:00  skip
[2026-05-21 06:20:32] [SKIP] NO_TRADE: no_momentum_signal
[2026-05-21 06:21:32] [SKIP] Same candle 2026-05-20 23:15:00  skip
[2026-05-21 06:22:32] [SKIP] Same candle 2026-05-20 23:15:00  skip
[2026-05-21 06:23:32] [SKIP] Same candle 2026-05-20 23:15:00  skip
[2026-05-21 06:24:32] [SKIP] Same candle 2026-05-20 23:15:00  skip
[2026-05-21 06:25:32] [SKIP] NO_TRADE: no_momentum_signal
[2026-05-21 06:26:32] [SKIP] Same candle 2026-05-20 23:20:00  skip
[2026-05-21 06:27:32] [SKIP] Same candle 2026-05-20 23:20:00  skip
[2026-05-21 06:28:32] [SKIP] Same candle 2026-05-20 23:20:00  skip
[2026-05-21 06:29:32] [SKIP] Same candle 2026-05-20 23:20:00  skip
[2026-05-21 06:30:32] [SKIP] NO_TRADE: no_momentum_signal
[2026-05-21 06:31:32] [SKIP] Same candle 2026-05-20 23:25:00  skip
[2026-05-21 06:32:32] [SKIP] Same candle 2026-05-20 23:25:00  skip
[2026-05-21 06:33:32] [SKIP] Same candle 2026-05-20 23:25:00  skip
[2026-05-21 06:34:32] [SKIP] Same candle 2026-05-20 23:25:00  skip
[2026-05-21 06:35:32] [SKIP] NO_TRADE: no_momentum_signal
[2026-05-21 06:36:32] [SKIP] Same candle 2026-05-20 23:30:00  skip
[2026-05-21 06:37:32] [SKIP] Same candle 2026-05-20 23:30:00  skip
[2026-05-21 06:38:32] [SKIP] Same candle 2026-05-20 23:30:00  skip
[2026-05-21 06:39:32] [SKIP] Same candle 2026-05-20 23:30:00  skip
[2026-05-21 06:40:32] [SKIP] NO_TRADE: no_momentum_signal
[2026-05-21 06:41:32] [SKIP] Same candle 2026-05-20 23:35:00  skip
[2026-05-21 06:42:32] [SKIP] Same candle 2026-05-20 23:35:00  skip
[2026-05-21 06:43:32] [SKIP] Same candle 2026-05-20 23:35:00  skip
[2026-05-21 06:44:32] [SKIP] Same candle 2026-05-20 23:35:00  skip
[2026-05-21 06:45:32] [SKIP] NO_TRADE: no_momentum_signal
[2026-05-21 06:46:33] [SKIP] Same candle 2026-05-20 23:40:00  skip
[2026-05-21 06:47:33] [SKIP] Same candle 2026-05-20 23:40:00  skip
[2026-05-21 06:48:33] [SKIP] Same candle 2026-05-20 23:40:00  skip
[2026-05-21 06:49:33] [SKIP] Same candle 2026-05-20 23:40:00  skip
[2026-05-21 06:50:33] [SKIP] NO_TRADE: no_momentum_signal
[2026-05-21 06:51:33] [SKIP] Same candle 2026-05-20 23:45:00  skip
[2026-05-21 06:52:33] [SKIP] Same candle 2026-05-20 23:45:00  skip
[2026-05-21 06:53:33] [SKIP] Same candle 2026-05-20 23:45:00  skip
[2026-05-21 06:54:33] [SKIP] Same candle 2026-05-20 23:45:00  skip
[2026-05-21 06:55:33] [SKIP] NO_TRADE: no_momentum_signal
[2026-05-21 06:56:33] [SKIP] Same candle 2026-05-20 23:50:00  skip
[2026-05-21 06:57:33] [SKIP] Same candle 2026-05-20 23:50:00  skip
[2026-05-21 06:58:33] [SKIP] Same candle 2026-05-20 23:50:00  skip
[2026-05-21 06:59:33] [SKIP] Same candle 2026-05-20 23:50:00  skip
[2026-05-21 07:00:33] [STATS] Hourly (420 attempts): {'no_momentum_signal': '420(100%)'}
[2026-05-21 07:00:33] [SKIP] NO_TRADE: no_momentum_signal
[2026-05-21 07:01:33] [SKIP] Same candle 2026-05-20 23:55:00  skip
[2026-05-21 07:02:33] [SKIP] Same candle 2026-05-20 23:55:00  skip
[2026-05-21 07:03:33] [SKIP] Same candle 2026-05-20 23:55:00  skip
[2026-05-21 07:04:33] [SKIP] Same candle 2026-05-20 23:55:00  skip
[2026-05-21 07:05:33] [SKIP] NO_TRADE: no_momentum_signal
[2026-05-21 07:06:33] [SKIP] Same candle 2026-05-21 00:00:00  skip
[2026-05-21 07:07:33] [SKIP] Same candle 2026-05-21 00:00:00  skip
[2026-05-21 07:08:33] [SKIP] Same candle 2026-05-21 00:00:00  skip
[2026-05-21 07:09:33] [SKIP] Same candle 2026-05-21 00:00:00  skip
[2026-05-21 07:10:33] [SKIP] NO_TRADE: no_momentum_signal
[2026-05-21 07:11:33] [SKIP] Same candle 2026-05-21 00:05:00  skip
[2026-05-21 07:12:33] [SKIP] Same candle 2026-05-21 00:05:00  skip
[2026-05-21 07:13:33] [SKIP] Same candle 2026-05-21 00:05:00  skip
[2026-05-21 07:14:34] [SKIP] Same candle 2026-05-21 00:05:00  skip
[2026-05-21 07:15:34] [SKIP] NO_TRADE: no_momentum_signal
[2026-05-21 07:16:34] [SKIP] Same candle 2026-05-21 00:10:00  skip
[2026-05-21 07:17:34] [SKIP] Same candle 2026-05-21 00:10:00  skip
[2026-05-21 07:18:34] [SKIP] Same candle 2026-05-21 00:10:00  skip
[2026-05-21 07:19:34] [SKIP] Same candle 2026-05-21 00:10:00  skip
[2026-05-21 07:20:34] [SKIP] NO_TRADE: no_momentum_signal
[2026-05-21 07:21:34] [SKIP] Same candle 2026-05-21 00:15:00  skip
[2026-05-21 07:22:34] [SKIP] Same candle 2026-05-21 00:15:00  skip
[2026-05-21 07:23:34] [SKIP] Same candle 2026-05-21 00:15:00  skip
[2026-05-21 07:24:34] [SKIP] Same candle 2026-05-21 00:15:00  skip
[2026-05-21 07:25:34] [SKIP] NO_TRADE: no_momentum_signal
[2026-05-21 07:26:34] [SKIP] Same candle 2026-05-21 00:20:00  skip
[2026-05-21 07:27:34] [SKIP] Same candle 2026-05-21 00:20:00  skip
[2026-05-21 07:28:34] [SKIP] Same candle 2026-05-21 00:20:00  skip
[2026-05-21 07:29:34] [SKIP] Same candle 2026-05-21 00:20:00  skip
[2026-05-21 07:30:34] [SKIP] NO_TRADE: no_momentum_signal
[2026-05-21 07:31:34] [SKIP] Same candle 2026-05-21 00:25:00  skip
[2026-05-21 07:32:34] [SKIP] Same candle 2026-05-21 00:25:00  skip
[2026-05-21 07:33:34] [SKIP] Same candle 2026-05-21 00:25:00  skip
[2026-05-21 07:34:34] [SKIP] Same candle 2026-05-21 00:25:00  skip
[2026-05-21 07:35:34] [SKIP] NO_TRADE: no_momentum_signal
[2026-05-21 07:36:34] [SKIP] Same candle 2026-05-21 00:30:00  skip
[2026-05-21 07:37:34] [SKIP] Same candle 2026-05-21 00:30:00  skip
[2026-05-21 07:38:34] [SKIP] Same candle 2026-05-21 00:30:00  skip
[2026-05-21 07:39:34] [SKIP] Same candle 2026-05-21 00:30:00  skip
[2026-05-21 07:40:34] [SKIP] NO_TRADE: no_momentum_signal
[2026-05-21 07:41:34] [SKIP] Same candle 2026-05-21 00:35:00  skip
[2026-05-21 07:42:34] [SKIP] Same candle 2026-05-21 00:35:00  skip
[2026-05-21 07:43:35] [SKIP] Same candle 2026-05-21 00:35:00  skip
[2026-05-21 07:44:35] [SKIP] Same candle 2026-05-21 00:35:00  skip
[2026-05-21 07:45:35] [SKIP] NO_TRADE: no_momentum_signal
[2026-05-21 07:46:35] [SKIP] Same candle 2026-05-21 00:40:00  skip
[2026-05-21 07:47:35] [SKIP] Same candle 2026-05-21 00:40:00  skip
[2026-05-21 07:48:35] [SKIP] Same candle 2026-05-21 00:40:00  skip
[2026-05-21 07:49:35] [SKIP] Same candle 2026-05-21 00:40:00  skip
[2026-05-21 07:50:35] [SKIP] NO_TRADE: no_momentum_signal
[2026-05-21 07:51:35] [SKIP] Same candle 2026-05-21 00:45:00  skip
[2026-05-21 07:52:35] [SKIP] Same candle 2026-05-21 00:45:00  skip
[2026-05-21 07:53:35] [SKIP] Same candle 2026-05-21 00:45:00  skip
[2026-05-21 07:54:35] [SKIP] Same candle 2026-05-21 00:45:00  skip
[2026-05-21 07:55:35] [SKIP] NO_TRADE: no_momentum_signal
[2026-05-21 07:56:35] [SKIP] Same candle 2026-05-21 00:50:00  skip
[2026-05-21 07:57:35] [SKIP] Same candle 2026-05-21 00:50:00  skip
[2026-05-21 07:58:35] [SKIP] Same candle 2026-05-21 00:50:00  skip
[2026-05-21 07:59:35] [SKIP] Same candle 2026-05-21 00:50:00  skip
[2026-05-21 08:00:35] [STATS] Hourly (480 attempts): {'no_momentum_signal': '480(100%)'}
[2026-05-21 08:00:35] [SKIP] NO_TRADE: no_momentum_signal
[2026-05-21 08:01:35] [SKIP] Same candle 2026-05-21 00:55:00  skip
[2026-05-21 08:02:35] [SKIP] Same candle 2026-05-21 00:55:00  skip
[2026-05-21 08:03:35] [SKIP] Same candle 2026-05-21 00:55:00  skip
[2026-05-21 08:04:35] [SKIP] Same candle 2026-05-21 00:55:00  skip
[2026-05-21 08:05:35] [SKIP] NO_TRADE: no_momentum_signal
[2026-05-21 08:06:35] [SKIP] Same candle 2026-05-21 01:00:00  skip
[2026-05-21 08:07:35] [SKIP] Same candle 2026-05-21 01:00:00  skip
[2026-05-21 08:08:35] [SKIP] Same candle 2026-05-21 01:00:00  skip
[2026-05-21 08:09:35] [SKIP] Same candle 2026-05-21 01:00:00  skip
[2026-05-21 08:10:35] [SKIP] NO_TRADE: no_momentum_signal
[2026-05-21 08:11:35] [SKIP] Same candle 2026-05-21 01:05:00  skip
[2026-05-21 08:12:36] [SKIP] Same candle 2026-05-21 01:05:00  skip
[2026-05-21 08:13:36] [SKIP] Same candle 2026-05-21 01:05:00  skip
[2026-05-21 08:14:36] [SKIP] Same candle 2026-05-21 01:05:00  skip
[2026-05-21 08:15:36] [SKIP] NO_TRADE: no_momentum_signal
[2026-05-21 08:16:36] [SKIP] Same candle 2026-05-21 01:10:00  skip
[2026-05-21 08:17:36] [SKIP] Same candle 2026-05-21 01:10:00  skip
[2026-05-21 08:18:36] [SKIP] Same candle 2026-05-21 01:10:00  skip
[2026-05-21 08:19:36] [SKIP] Same candle 2026-05-21 01:10:00  skip
[2026-05-21 08:20:36] [SKIP] NO_TRADE: no_momentum_signal
[2026-05-21 08:21:36] [SKIP] Same candle 2026-05-21 01:15:00  skip
[2026-05-21 08:22:36] [SKIP] Same candle 2026-05-21 01:15:00  skip
[2026-05-21 08:23:36] [SKIP] Same candle 2026-05-21 01:15:00  skip
[2026-05-21 08:24:36] [SKIP] Same candle 2026-05-21 01:15:00  skip
[2026-05-21 08:25:36] [SKIP] NO_TRADE: no_momentum_signal
[2026-05-21 08:26:36] [SKIP] Same candle 2026-05-21 01:20:00  skip
[2026-05-21 08:27:36] [SKIP] Same candle 2026-05-21 01:20:00  skip
[2026-05-21 08:28:36] [SKIP] Same candle 2026-05-21 01:20:00  skip
[2026-05-21 08:29:36] [SKIP] Same candle 2026-05-21 01:20:00  skip
[2026-05-21 08:30:36] [SKIP] NO_TRADE: no_momentum_signal
[2026-05-21 08:31:36] [SKIP] Same candle 2026-05-21 01:25:00  skip
[2026-05-21 08:32:36] [SKIP] Same candle 2026-05-21 01:25:00  skip
[2026-05-21 08:33:36] [SKIP] Same candle 2026-05-21 01:25:00  skip
[2026-05-21 08:34:36] [SKIP] Same candle 2026-05-21 01:25:00  skip
[2026-05-21 08:35:36] [SKIP] NO_TRADE: no_momentum_signal
[2026-05-21 08:36:36] [SKIP] Same candle 2026-05-21 01:30:00  skip
[2026-05-21 08:37:36] [SKIP] Same candle 2026-05-21 01:30:00  skip
[2026-05-21 08:38:36] [SKIP] Same candle 2026-05-21 01:30:00  skip
[2026-05-21 08:39:36] [SKIP] Same candle 2026-05-21 01:30:00  skip
[2026-05-21 08:40:37] [SKIP] NO_TRADE: no_momentum_signal
[2026-05-21 08:41:37] [SKIP] Same candle 2026-05-21 01:35:00  skip
[2026-05-21 08:42:37] [SKIP] Same candle 2026-05-21 01:35:00  skip
[2026-05-21 08:43:37] [SKIP] Same candle 2026-05-21 01:35:00  skip
[2026-05-21 08:44:37] [SKIP] Same candle 2026-05-21 01:35:00  skip
[2026-05-21 08:45:37] [SKIP] NO_TRADE: no_momentum_signal
[2026-05-21 08:46:37] [SKIP] Same candle 2026-05-21 01:40:00  skip
[2026-05-21 08:47:37] [SKIP] Same candle 2026-05-21 01:40:00  skip
[2026-05-21 08:48:37] [SKIP] Same candle 2026-05-21 01:40:00  skip
[2026-05-21 08:49:37] [SKIP] Same candle 2026-05-21 01:40:00  skip
[2026-05-21 08:50:37] [SKIP] NO_TRADE: no_momentum_signal
[2026-05-21 08:51:37] [SKIP] Same candle 2026-05-21 01:45:00  skip
[2026-05-21 08:52:37] [SKIP] Same candle 2026-05-21 01:45:00  skip
[2026-05-21 08:53:37] [SKIP] Same candle 2026-05-21 01:45:00  skip
[2026-05-21 08:54:37] [SKIP] Same candle 2026-05-21 01:45:00  skip
[2026-05-21 08:55:37] [SKIP] NO_TRADE: no_momentum_signal
[2026-05-21 08:56:37] [SKIP] Same candle 2026-05-21 01:50:00  skip
[2026-05-21 08:57:37] [SKIP] Same candle 2026-05-21 01:50:00  skip
[2026-05-21 08:58:37] [SKIP] Same candle 2026-05-21 01:50:00  skip
[2026-05-21 08:59:37] [SKIP] Same candle 2026-05-21 01:50:00  skip
[2026-05-21 09:00:37] [STATS] Hourly (540 attempts): {'no_momentum_signal': '540(100%)'}
[2026-05-21 09:00:37] [SKIP] NO_TRADE: no_momentum_signal
[2026-05-21 09:01:37] [SKIP] Same candle 2026-05-21 01:55:00  skip
[2026-05-21 09:02:37] [SKIP] Same candle 2026-05-21 01:55:00  skip
[2026-05-21 09:03:37] [SKIP] Same candle 2026-05-21 01:55:00  skip
[2026-05-21 09:04:37] [SKIP] Same candle 2026-05-21 01:55:00  skip
[2026-05-21 09:05:37] [SKIP] NO_TRADE: no_momentum_signal
[2026-05-21 09:06:37] [SKIP] Same candle 2026-05-21 02:00:00  skip
[2026-05-21 09:07:37] [SKIP] Same candle 2026-05-21 02:00:00  skip
[2026-05-21 09:08:37] [SKIP] Same candle 2026-05-21 02:00:00  skip
[2026-05-21 09:09:38] [SKIP] Same candle 2026-05-21 02:00:00  skip
[2026-05-21 09:10:38] [SKIP] NO_TRADE: no_momentum_signal
[2026-05-21 09:11:38] [SKIP] Same candle 2026-05-21 02:05:00  skip
[2026-05-21 09:12:38] [SKIP] Same candle 2026-05-21 02:05:00  skip
[2026-05-21 09:13:38] [SKIP] Same candle 2026-05-21 02:05:00  skip
[2026-05-21 09:14:38] [SKIP] Same candle 2026-05-21 02:05:00  skip
[2026-05-21 09:15:38] [SKIP] NO_TRADE: no_momentum_signal
[2026-05-21 09:16:38] [SKIP] Same candle 2026-05-21 02:10:00  skip
[2026-05-21 09:17:38] [SKIP] Same candle 2026-05-21 02:10:00  skip
[2026-05-21 09:18:38] [SKIP] Same candle 2026-05-21 02:10:00  skip
[2026-05-21 09:19:38] [SKIP] Same candle 2026-05-21 02:10:00  skip
[2026-05-21 09:20:38] [SKIP] NO_TRADE: no_momentum_signal
[2026-05-21 09:21:38] [SKIP] Same candle 2026-05-21 02:15:00  skip
[2026-05-21 09:22:38] [SKIP] Same candle 2026-05-21 02:15:00  skip
[2026-05-21 09:23:38] [SKIP] Same candle 2026-05-21 02:15:00  skip
[2026-05-21 09:24:38] [SKIP] Same candle 2026-05-21 02:15:00  skip
[2026-05-21 09:25:38] [SKIP] NO_TRADE: no_momentum_signal
[2026-05-21 09:26:38] [SKIP] Same candle 2026-05-21 02:20:00  skip
[2026-05-21 09:27:38] [SKIP] Same candle 2026-05-21 02:20:00  skip
[2026-05-21 09:28:38] [SKIP] Same candle 2026-05-21 02:20:00  skip
[2026-05-21 09:29:38] [SKIP] Same candle 2026-05-21 02:20:00  skip
[2026-05-21 09:30:38] [SKIP] NO_TRADE: no_momentum_signal
[2026-05-21 09:31:38] [SKIP] Same candle 2026-05-21 02:25:00  skip
[2026-05-21 09:32:38] [SKIP] Same candle 2026-05-21 02:25:00  skip
[2026-05-21 09:33:38] [SKIP] Same candle 2026-05-21 02:25:00  skip
[2026-05-21 09:34:38] [SKIP] Same candle 2026-05-21 02:25:00  skip
[2026-05-21 09:35:38] [SKIP] NO_TRADE: no_momentum_signal
[2026-05-21 09:36:38] [SKIP] Same candle 2026-05-21 02:30:00  skip
[2026-05-21 09:37:39] [SKIP] Same candle 2026-05-21 02:30:00  skip
[2026-05-21 09:38:39] [SKIP] Same candle 2026-05-21 02:30:00  skip
[2026-05-21 09:39:39] [SKIP] Same candle 2026-05-21 02:30:00  skip
[2026-05-21 09:40:39] [SKIP] NO_TRADE: no_momentum_signal
[2026-05-21 09:41:39] [SKIP] Same candle 2026-05-21 02:35:00  skip
[2026-05-21 09:42:39] [SKIP] Same candle 2026-05-21 02:35:00  skip
[2026-05-21 09:43:39] [SKIP] Same candle 2026-05-21 02:35:00  skip
[2026-05-21 09:44:39] [SKIP] Same candle 2026-05-21 02:35:00  skip
[2026-05-21 09:45:39] [SKIP] NO_TRADE: no_momentum_signal
[2026-05-21 09:46:39] [SKIP] Same candle 2026-05-21 02:40:00  skip
[2026-05-21 09:47:39] [SKIP] Same candle 2026-05-21 02:40:00  skip
[2026-05-21 09:48:39] [SKIP] Same candle 2026-05-21 02:40:00  skip
[2026-05-21 09:49:39] [SKIP] Same candle 2026-05-21 02:40:00  skip
[2026-05-21 09:50:39] [SKIP] NO_TRADE: no_momentum_signal
[2026-05-21 09:51:39] [SKIP] Same candle 2026-05-21 02:45:00  skip
[2026-05-21 09:52:39] [SKIP] Same candle 2026-05-21 02:45:00  skip
[2026-05-21 09:53:39] [SKIP] Same candle 2026-05-21 02:45:00  skip
[2026-05-21 09:54:39] [SKIP] Same candle 2026-05-21 02:45:00  skip
[2026-05-21 09:55:39] [SKIP] NO_TRADE: no_momentum_signal
[2026-05-21 09:56:39] [SKIP] Same candle 2026-05-21 02:50:00  skip
[2026-05-21 09:57:39] [SKIP] Same candle 2026-05-21 02:50:00  skip
[2026-05-21 09:58:39] [SKIP] Same candle 2026-05-21 02:50:00  skip
[2026-05-21 09:59:39] [SKIP] Same candle 2026-05-21 02:50:00  skip
[2026-05-21 10:00:39] [STATS] Hourly (600 attempts): {'no_momentum_signal': '600(100%)'}
[2026-05-21 10:00:39] [SKIP] NO_TRADE: no_momentum_signal
[2026-05-21 10:01:39] [SKIP] Same candle 2026-05-21 02:55:00  skip
[2026-05-21 10:02:39] [SKIP] Same candle 2026-05-21 02:55:00  skip
[2026-05-21 10:03:39] [SKIP] Same candle 2026-05-21 02:55:00  skip
[2026-05-21 10:04:39] [SKIP] Same candle 2026-05-21 02:55:00  skip
[2026-05-21 10:05:39] [SKIP] NO_TRADE: no_momentum_signal
[2026-05-21 10:06:40] [SKIP] Same candle 2026-05-21 03:00:00  skip
[2026-05-21 10:07:40] [SKIP] Same candle 2026-05-21 03:00:00  skip
[2026-05-21 10:08:40] [SKIP] Same candle 2026-05-21 03:00:00  skip
[2026-05-21 10:09:40] [SKIP] Same candle 2026-05-21 03:00:00  skip
[2026-05-21 10:10:40] [SKIP] NO_TRADE: no_momentum_signal
[2026-05-21 10:11:40] [SKIP] Same candle 2026-05-21 03:05:00  skip
[2026-05-21 10:12:40] [SKIP] Same candle 2026-05-21 03:05:00  skip
[2026-05-21 10:13:40] [SKIP] Same candle 2026-05-21 03:05:00  skip
[2026-05-21 10:14:40] [SKIP] Same candle 2026-05-21 03:05:00  skip
[2026-05-21 10:15:40] [SKIP] NO_TRADE: no_momentum_signal
[2026-05-21 10:16:40] [SKIP] Same candle 2026-05-21 03:10:00  skip
[2026-05-21 10:17:40] [SKIP] Same candle 2026-05-21 03:10:00  skip
[2026-05-21 10:18:40] [SKIP] Same candle 2026-05-21 03:10:00  skip
[2026-05-21 10:19:40] [SKIP] Same candle 2026-05-21 03:10:00  skip
[2026-05-21 10:20:40] [SKIP] NO_TRADE: no_momentum_signal
[2026-05-21 10:21:40] [SKIP] Same candle 2026-05-21 03:15:00  skip
[2026-05-21 10:22:40] [SKIP] Same candle 2026-05-21 03:15:00  skip
[2026-05-21 10:23:40] [SKIP] Same candle 2026-05-21 03:15:00  skip
[2026-05-21 10:24:40] [SKIP] Same candle 2026-05-21 03:15:00  skip
[2026-05-21 10:25:40] [SKIP] NO_TRADE: no_momentum_signal
[2026-05-21 10:26:40] [SKIP] Same candle 2026-05-21 03:20:00  skip
[2026-05-21 10:27:40] [SKIP] Same candle 2026-05-21 03:20:00  skip
[2026-05-21 10:28:40] [SKIP] Same candle 2026-05-21 03:20:00  skip
[2026-05-21 10:29:40] [SKIP] Same candle 2026-05-21 03:20:00  skip
[2026-05-21 10:30:40] [SKIP] NO_TRADE: no_momentum_signal
[2026-05-21 10:31:40] [SKIP] Same candle 2026-05-21 03:25:00  skip
[2026-05-21 10:32:40] [SKIP] Same candle 2026-05-21 03:25:00  skip
[2026-05-21 10:33:40] [SKIP] Same candle 2026-05-21 03:25:00  skip
[2026-05-21 10:34:40] [SKIP] Same candle 2026-05-21 03:25:00  skip
[2026-05-21 10:35:41] [SKIP] NO_TRADE: no_momentum_signal
[2026-05-21 10:36:41] [SKIP] Same candle 2026-05-21 03:30:00  skip
[2026-05-21 10:37:41] [SKIP] Same candle 2026-05-21 03:30:00  skip
[2026-05-21 10:38:41] [SKIP] Same candle 2026-05-21 03:30:00  skip
[2026-05-21 10:39:41] [SKIP] Same candle 2026-05-21 03:30:00  skip
[2026-05-21 10:40:41] [SKIP] NO_TRADE: no_momentum_signal
[2026-05-21 10:41:41] [SKIP] Same candle 2026-05-21 03:35:00  skip
[2026-05-21 10:42:41] [SKIP] Same candle 2026-05-21 03:35:00  skip
[2026-05-21 10:43:41] [SKIP] Same candle 2026-05-21 03:35:00  skip
[2026-05-21 10:44:41] [SKIP] Same candle 2026-05-21 03:35:00  skip
[2026-05-21 10:45:41] [SKIP] NO_TRADE: no_momentum_signal
[2026-05-21 10:46:41] [SKIP] Same candle 2026-05-21 03:40:00  skip
[2026-05-21 10:47:41] [SKIP] Same candle 2026-05-21 03:40:00  skip
[2026-05-21 10:48:41] [SKIP] Same candle 2026-05-21 03:40:00  skip
[2026-05-21 10:49:41] [SKIP] Same candle 2026-05-21 03:40:00  skip
[2026-05-21 10:50:41] [SKIP] NO_TRADE: no_momentum_signal
[2026-05-21 10:51:41] [SKIP] Same candle 2026-05-21 03:45:00  skip
[2026-05-21 10:52:41] [SKIP] Same candle 2026-05-21 03:45:00  skip
[2026-05-21 10:53:41] [SKIP] Same candle 2026-05-21 03:45:00  skip
[2026-05-21 10:54:41] [SKIP] Same candle 2026-05-21 03:45:00  skip
[2026-05-21 10:55:41] [SKIP] NO_TRADE: no_momentum_signal
[2026-05-21 10:56:41] [SKIP] Same candle 2026-05-21 03:50:00  skip
[2026-05-21 10:57:41] [SKIP] Same candle 2026-05-21 03:50:00  skip
[2026-05-21 10:58:41] [SKIP] Same candle 2026-05-21 03:50:00  skip
[2026-05-21 10:59:41] [SKIP] Same candle 2026-05-21 03:50:00  skip
[2026-05-21 11:00:41] [STATS] Hourly (660 attempts): {'no_momentum_signal': '660(100%)'}
[2026-05-21 11:00:41] [SKIP] NO_TRADE: no_momentum_signal
[2026-05-21 11:01:41] [SKIP] Same candle 2026-05-21 03:55:00  skip
[2026-05-21 11:02:41] [SKIP] Same candle 2026-05-21 03:55:00  skip
[2026-05-21 11:03:41] [SKIP] Same candle 2026-05-21 03:55:00  skip
[2026-05-21 11:04:42] [SKIP] Same candle 2026-05-21 03:55:00  skip
[2026-05-21 11:05:42] [SKIP] NO_TRADE: no_momentum_signal
[2026-05-21 11:06:42] [SKIP] Same candle 2026-05-21 04:00:00  skip
[2026-05-21 11:07:42] [SKIP] Same candle 2026-05-21 04:00:00  skip
[2026-05-21 11:08:42] [SKIP] Same candle 2026-05-21 04:00:00  skip
[2026-05-21 11:09:42] [SKIP] Same candle 2026-05-21 04:00:00  skip
[2026-05-21 11:10:42] [SKIP] NO_TRADE: no_momentum_signal
[2026-05-21 11:11:42] [SKIP] Same candle 2026-05-21 04:05:00  skip
[2026-05-21 11:12:42] [SKIP] Same candle 2026-05-21 04:05:00  skip
[2026-05-21 11:13:42] [SKIP] Same candle 2026-05-21 04:05:00  skip
[2026-05-21 11:14:42] [SKIP] Same candle 2026-05-21 04:05:00  skip
[2026-05-21 11:15:42] [SKIP] NO_TRADE: no_momentum_signal
[2026-05-21 11:16:42] [SKIP] Same candle 2026-05-21 04:10:00  skip
[2026-05-21 11:17:42] [SKIP] Same candle 2026-05-21 04:10:00  skip
[2026-05-21 11:18:42] [SKIP] Same candle 2026-05-21 04:10:00  skip
[2026-05-21 11:19:42] [SKIP] Same candle 2026-05-21 04:10:00  skip
[2026-05-21 11:20:42] [SKIP] NO_TRADE: no_momentum_signal
[2026-05-21 11:21:42] [SKIP] Same candle 2026-05-21 04:15:00  skip
[2026-05-21 11:22:42] [SKIP] Same candle 2026-05-21 04:15:00  skip
[2026-05-21 11:23:42] [SKIP] Same candle 2026-05-21 04:15:00  skip
[2026-05-21 11:24:42] [SKIP] Same candle 2026-05-21 04:15:00  skip
[2026-05-21 11:25:42] [SKIP] NO_TRADE: no_momentum_signal
[2026-05-21 11:26:42] [SKIP] Same candle 2026-05-21 04:20:00  skip
[2026-05-21 11:27:42] [SKIP] Same candle 2026-05-21 04:20:00  skip
[2026-05-21 11:28:42] [SKIP] Same candle 2026-05-21 04:20:00  skip
[2026-05-21 11:29:42] [SKIP] Same candle 2026-05-21 04:20:00  skip
[2026-05-21 11:30:42] [SKIP] NO_TRADE: no_momentum_signal
[2026-05-21 11:31:42] [SKIP] Same candle 2026-05-21 04:25:00  skip
[2026-05-21 11:32:43] [SKIP] Same candle 2026-05-21 04:25:00  skip
[2026-05-21 11:33:43] [SKIP] Same candle 2026-05-21 04:25:00  skip
[2026-05-21 11:34:43] [SKIP] Same candle 2026-05-21 04:25:00  skip
[2026-05-21 11:35:43] [SKIP] NO_TRADE: no_momentum_signal
[2026-05-21 11:36:43] [SKIP] Same candle 2026-05-21 04:30:00  skip
[2026-05-21 11:37:43] [SKIP] Same candle 2026-05-21 04:30:00  skip
[2026-05-21 11:38:43] [SKIP] Same candle 2026-05-21 04:30:00  skip
[2026-05-21 11:39:43] [SKIP] Same candle 2026-05-21 04:30:00  skip
[2026-05-21 11:40:43] [SKIP] NO_TRADE: no_momentum_signal
[2026-05-21 11:41:43] [SKIP] Same candle 2026-05-21 04:35:00  skip
[2026-05-21 11:42:43] [SKIP] Same candle 2026-05-21 04:35:00  skip
[2026-05-21 11:43:43] [SKIP] Same candle 2026-05-21 04:35:00  skip
[2026-05-21 11:44:43] [SKIP] Same candle 2026-05-21 04:35:00  skip
[2026-05-21 11:45:43] [SKIP] NO_TRADE: no_momentum_signal
[2026-05-21 11:46:43] [SKIP] Same candle 2026-05-21 04:40:00  skip
[2026-05-21 11:47:43] [SKIP] Same candle 2026-05-21 04:40:00  skip
[2026-05-21 11:48:43] [SKIP] Same candle 2026-05-21 04:40:00  skip
[2026-05-21 11:49:43] [SKIP] Same candle 2026-05-21 04:40:00  skip
[2026-05-21 11:50:43] [SKIP] NO_TRADE: no_momentum_signal
[2026-05-21 11:51:43] [SKIP] Same candle 2026-05-21 04:45:00  skip
[2026-05-21 11:52:43] [SKIP] Same candle 2026-05-21 04:45:00  skip
[2026-05-21 11:53:43] [SKIP] Same candle 2026-05-21 04:45:00  skip
[2026-05-21 11:54:43] [SKIP] Same candle 2026-05-21 04:45:00  skip
[2026-05-21 11:55:43] [SKIP] NO_TRADE: no_momentum_signal
[2026-05-21 11:56:43] [SKIP] Same candle 2026-05-21 04:50:00  skip
[2026-05-21 11:57:43] [SKIP] Same candle 2026-05-21 04:50:00  skip
[2026-05-21 11:58:43] [SKIP] Same candle 2026-05-21 04:50:00  skip
[2026-05-21 11:59:43] [SKIP] Same candle 2026-05-21 04:50:00  skip
[2026-05-21 12:00:43] [STATS] Hourly (720 attempts): {'no_momentum_signal': '720(100%)'}
[2026-05-21 12:00:43] [SKIP] NO_TRADE: no_momentum_signal
[2026-05-21 12:01:44] [SKIP] Same candle 2026-05-21 04:55:00  skip
[2026-05-21 12:02:44] [SKIP] Same candle 2026-05-21 04:55:00  skip
[2026-05-21 12:03:44] [SKIP] Same candle 2026-05-21 04:55:00  skip
[2026-05-21 12:04:44] [SKIP] Same candle 2026-05-21 04:55:00  skip
[2026-05-21 12:05:44] [SKIP] NO_TRADE: no_momentum_signal
[2026-05-21 12:06:44] [SKIP] Same candle 2026-05-21 05:00:00  skip
[2026-05-21 12:07:44] [SKIP] Same candle 2026-05-21 05:00:00  skip
[2026-05-21 12:08:44] [SKIP] Same candle 2026-05-21 05:00:00  skip
[2026-05-21 12:09:44] [SKIP] Same candle 2026-05-21 05:00:00  skip
[2026-05-21 12:10:44] [SKIP] NO_TRADE: no_momentum_signal
[2026-05-21 12:11:44] [SKIP] Same candle 2026-05-21 05:05:00  skip
[2026-05-21 12:12:44] [SKIP] Same candle 2026-05-21 05:05:00  skip
[2026-05-21 12:13:44] [SKIP] Same candle 2026-05-21 05:05:00  skip
[2026-05-21 12:14:44] [SKIP] Same candle 2026-05-21 05:05:00  skip
[2026-05-21 12:15:44] [SKIP] NO_TRADE: no_momentum_signal
[2026-05-21 12:16:44] [SKIP] Same candle 2026-05-21 05:10:00  skip
[2026-05-21 12:17:44] [SKIP] Same candle 2026-05-21 05:10:00  skip
[2026-05-21 12:18:44] [SKIP] Same candle 2026-05-21 05:10:00  skip
[2026-05-21 12:19:44] [SKIP] Same candle 2026-05-21 05:10:00  skip
[2026-05-21 12:20:44] [SKIP] NO_TRADE: no_momentum_signal
[2026-05-21 12:21:44] [SKIP] Same candle 2026-05-21 05:15:00  skip
[2026-05-21 12:22:44] [SKIP] Same candle 2026-05-21 05:15:00  skip
[2026-05-21 12:23:44] [SKIP] Same candle 2026-05-21 05:15:00  skip
[2026-05-21 12:24:44] [SKIP] Same candle 2026-05-21 05:15:00  skip
[2026-05-21 12:25:44] [SKIP] NO_TRADE: no_momentum_signal
[2026-05-21 12:26:44] [SKIP] Same candle 2026-05-21 05:20:00  skip
[2026-05-21 12:27:44] [SKIP] Same candle 2026-05-21 05:20:00  skip
[2026-05-21 12:28:44] [SKIP] Same candle 2026-05-21 05:20:00  skip
[2026-05-21 12:29:44] [SKIP] Same candle 2026-05-21 05:20:00  skip
[2026-05-21 12:30:45] [SKIP] NO_TRADE: no_momentum_signal
[2026-05-21 12:31:45] [SKIP] Same candle 2026-05-21 05:25:00  skip
[2026-05-21 12:32:45] [SKIP] Same candle 2026-05-21 05:25:00  skip
[2026-05-21 12:33:45] [SKIP] Same candle 2026-05-21 05:25:00  skip
[2026-05-21 12:34:45] [SKIP] Same candle 2026-05-21 05:25:00  skip
[2026-05-21 12:35:45] [SKIP] NO_TRADE: no_momentum_signal
[2026-05-21 12:36:45] [SKIP] Same candle 2026-05-21 05:30:00  skip
[2026-05-21 12:37:45] [SKIP] Same candle 2026-05-21 05:30:00  skip
[2026-05-21 12:38:45] [SKIP] Same candle 2026-05-21 05:30:00  skip
[2026-05-21 12:39:45] [SKIP] Same candle 2026-05-21 05:30:00  skip
[2026-05-21 12:40:45] [SKIP] NO_TRADE: no_momentum_signal
[2026-05-21 12:41:45] [SKIP] Same candle 2026-05-21 05:35:00  skip
[2026-05-21 12:42:45] [SKIP] Same candle 2026-05-21 05:35:00  skip
[2026-05-21 12:43:45] [SKIP] Same candle 2026-05-21 05:35:00  skip
[2026-05-21 12:44:45] [SKIP] Same candle 2026-05-21 05:35:00  skip
[2026-05-21 12:45:45] [SKIP] NO_TRADE: no_momentum_signal
[2026-05-21 12:46:45] [SKIP] Same candle 2026-05-21 05:40:00  skip
[2026-05-21 12:47:45] [SKIP] Same candle 2026-05-21 05:40:00  skip
[2026-05-21 12:48:45] [SKIP] Same candle 2026-05-21 05:40:00  skip
[2026-05-21 12:49:45] [SKIP] Same candle 2026-05-21 05:40:00  skip
[2026-05-21 12:50:45] [SKIP] NO_TRADE: no_momentum_signal
[2026-05-21 12:51:45] [SKIP] Same candle 2026-05-21 05:45:00  skip
[2026-05-21 12:52:45] [SKIP] Same candle 2026-05-21 05:45:00  skip
[2026-05-21 12:53:45] [SKIP] Same candle 2026-05-21 05:45:00  skip
[2026-05-21 12:54:45] [SKIP] Same candle 2026-05-21 05:45:00  skip
[2026-05-21 12:55:45] [SKIP] NO_TRADE: no_momentum_signal
[2026-05-21 12:56:45] [SKIP] Same candle 2026-05-21 05:50:00  skip
[2026-05-21 12:57:45] [SKIP] Same candle 2026-05-21 05:50:00  skip
[2026-05-21 12:58:45] [SKIP] Same candle 2026-05-21 05:50:00  skip
[2026-05-21 12:59:46] [SKIP] Same candle 2026-05-21 05:50:00  skip
[2026-05-21 13:00:46] [STATS] Hourly (780 attempts): {'no_momentum_signal': '780(100%)'}
[2026-05-21 13:00:46] [SKIP] NO_TRADE: no_momentum_signal
[2026-05-21 13:01:46] [SKIP] Same candle 2026-05-21 05:55:00  skip
[2026-05-21 13:02:46] [SKIP] Same candle 2026-05-21 05:55:00  skip
[2026-05-21 13:03:46] [SKIP] Same candle 2026-05-21 05:55:00  skip
[2026-05-21 13:04:46] [SKIP] Same candle 2026-05-21 05:55:00  skip
[2026-05-21 13:05:46] [SKIP] NO_TRADE: no_momentum_signal
[2026-05-21 13:06:46] [SKIP] Same candle 2026-05-21 06:00:00  skip
[2026-05-21 13:07:46] [SKIP] Same candle 2026-05-21 06:00:00  skip
[2026-05-21 13:08:46] [SKIP] Same candle 2026-05-21 06:00:00  skip
[2026-05-21 13:09:46] [SKIP] Same candle 2026-05-21 06:00:00  skip
[2026-05-21 13:10:46] [SKIP] NO_TRADE: no_momentum_signal
[2026-05-21 13:11:46] [SKIP] Same candle 2026-05-21 06:05:00  skip
[2026-05-21 13:12:46] [SKIP] Same candle 2026-05-21 06:05:00  skip
[2026-05-21 13:13:46] [SKIP] Same candle 2026-05-21 06:05:00  skip
[2026-05-21 13:14:46] [SKIP] Same candle 2026-05-21 06:05:00  skip
[2026-05-21 13:15:46] [SKIP] NO_TRADE: no_momentum_signal
[2026-05-21 13:16:46] [SKIP] Same candle 2026-05-21 06:10:00  skip
[2026-05-21 13:17:46] [SKIP] Same candle 2026-05-21 06:10:00  skip
[2026-05-21 13:18:46] [SKIP] Same candle 2026-05-21 06:10:00  skip
[2026-05-21 13:19:46] [SKIP] Same candle 2026-05-21 06:10:00  skip
[2026-05-21 13:20:46] [SKIP] NO_TRADE: no_momentum_signal
[2026-05-21 13:21:46] [SKIP] Same candle 2026-05-21 06:15:00  skip
[2026-05-21 13:22:46] [SKIP] Same candle 2026-05-21 06:15:00  skip
[2026-05-21 13:23:46] [SKIP] Same candle 2026-05-21 06:15:00  skip
[2026-05-21 13:24:46] [SKIP] Same candle 2026-05-21 06:15:00  skip
[2026-05-21 13:25:46] [SKIP] NO_TRADE: no_momentum_signal
[2026-05-21 13:26:46] [SKIP] Same candle 2026-05-21 06:20:00  skip
[2026-05-21 13:27:46] [SKIP] Same candle 2026-05-21 06:20:00  skip
[2026-05-21 13:28:47] [SKIP] Same candle 2026-05-21 06:20:00  skip
[2026-05-21 13:29:47] [SKIP] Same candle 2026-05-21 06:20:00  skip
[2026-05-21 13:30:47] [SKIP] NO_TRADE: no_momentum_signal
[2026-05-21 13:31:47] [SKIP] Same candle 2026-05-21 06:25:00  skip
[2026-05-21 13:32:47] [SKIP] Same candle 2026-05-21 06:25:00  skip
[2026-05-21 13:33:47] [SKIP] Same candle 2026-05-21 06:25:00  skip
[2026-05-21 13:34:47] [SKIP] Same candle 2026-05-21 06:25:00  skip
[2026-05-21 13:35:47] [SKIP] NO_TRADE: no_momentum_signal
[2026-05-21 13:36:47] [SKIP] Same candle 2026-05-21 06:30:00  skip
[2026-05-21 13:37:47] [SKIP] Same candle 2026-05-21 06:30:00  skip
[2026-05-21 13:38:47] [SKIP] Same candle 2026-05-21 06:30:00  skip
[2026-05-21 13:39:47] [SKIP] Same candle 2026-05-21 06:30:00  skip
[2026-05-21 13:40:47] [SKIP] NO_TRADE: no_momentum_signal
[2026-05-21 13:41:47] [SKIP] Same candle 2026-05-21 06:35:00  skip
[2026-05-21 13:42:47] [SKIP] Same candle 2026-05-21 06:35:00  skip
[2026-05-21 13:43:47] [SKIP] Same candle 2026-05-21 06:35:00  skip
[2026-05-21 13:44:47] [SKIP] Same candle 2026-05-21 06:35:00  skip
[2026-05-21 13:45:47] [SKIP] NO_TRADE: no_momentum_signal
[2026-05-21 13:46:47] [SKIP] Same candle 2026-05-21 06:40:00  skip
[2026-05-21 13:47:47] [SKIP] Same candle 2026-05-21 06:40:00  skip
[2026-05-21 13:48:47] [SKIP] Same candle 2026-05-21 06:40:00  skip
[2026-05-21 13:49:47] [SKIP] Same candle 2026-05-21 06:40:00  skip
[2026-05-21 13:50:47] [SKIP] NO_TRADE: no_momentum_signal
[2026-05-21 13:51:47] [SKIP] Same candle 2026-05-21 06:45:00  skip
[2026-05-21 13:52:47] [SKIP] Same candle 2026-05-21 06:45:00  skip
[2026-05-21 13:53:47] [SKIP] Same candle 2026-05-21 06:45:00  skip
[2026-05-21 13:54:47] [SKIP] Same candle 2026-05-21 06:45:00  skip
[2026-05-21 13:55:47] [SKIP] NO_TRADE: no_momentum_signal
[2026-05-21 13:56:47] [SKIP] Same candle 2026-05-21 06:50:00  skip
[2026-05-21 13:57:47] [SKIP] Same candle 2026-05-21 06:50:00  skip
[2026-05-21 13:58:48] [SKIP] Same candle 2026-05-21 06:50:00  skip
[2026-05-21 13:59:48] [SKIP] Same candle 2026-05-21 06:50:00  skip
[2026-05-21 14:00:48] [STATS] Hourly (840 attempts): {'no_momentum_signal': '840(100%)'}
[2026-05-21 14:00:48] [SKIP] NO_TRADE: no_momentum_signal
[2026-05-21 14:01:48] [SKIP] Same candle 2026-05-21 06:55:00  skip
[2026-05-21 14:02:48] [SKIP] Same candle 2026-05-21 06:55:00  skip
[2026-05-21 14:03:48] [SKIP] Same candle 2026-05-21 06:55:00  skip
[2026-05-21 14:04:48] [SKIP] Same candle 2026-05-21 06:55:00  skip
[2026-05-21 14:05:48] [SKIP] NO_TRADE: no_momentum_signal
[2026-05-21 14:06:48] [SKIP] Same candle 2026-05-21 07:00:00  skip
[2026-05-21 14:07:48] [SKIP] Same candle 2026-05-21 07:00:00  skip
[2026-05-21 14:08:48] [SKIP] Same candle 2026-05-21 07:00:00  skip
[2026-05-21 14:09:48] [SKIP] Same candle 2026-05-21 07:00:00  skip
[2026-05-21 14:10:48] [SKIP] NO_TRADE: no_momentum_signal
[2026-05-21 14:11:48] [SKIP] Same candle 2026-05-21 07:05:00  skip
[2026-05-21 14:12:48] [SKIP] Same candle 2026-05-21 07:05:00  skip
[2026-05-21 14:13:48] [SKIP] Same candle 2026-05-21 07:05:00  skip
[2026-05-21 14:14:48] [SKIP] Same candle 2026-05-21 07:05:00  skip
[2026-05-21 14:15:48] [SKIP] NO_TRADE: no_momentum_signal
[2026-05-21 14:16:48] [SKIP] Same candle 2026-05-21 07:10:00  skip
[2026-05-21 14:17:48] [SKIP] Same candle 2026-05-21 07:10:00  skip
[2026-05-21 14:18:48] [SKIP] Same candle 2026-05-21 07:10:00  skip
[2026-05-21 14:19:48] [SKIP] Same candle 2026-05-21 07:10:00  skip
[2026-05-21 14:20:48] [SKIP] NO_TRADE: no_momentum_signal
[2026-05-21 14:21:48] [SKIP] Same candle 2026-05-21 07:15:00  skip
[2026-05-21 14:22:48] [SKIP] Same candle 2026-05-21 07:15:00  skip
[2026-05-21 14:23:48] [SKIP] Same candle 2026-05-21 07:15:00  skip
[2026-05-21 14:24:48] [SKIP] Same candle 2026-05-21 07:15:00  skip
[2026-05-21 14:25:48] [SKIP] NO_TRADE: no_momentum_signal
[2026-05-21 14:26:49] [SKIP] Same candle 2026-05-21 07:20:00  skip
[2026-05-21 14:27:49] [SKIP] Same candle 2026-05-21 07:20:00  skip
[2026-05-21 14:28:49] [SKIP] Same candle 2026-05-21 07:20:00  skip
[2026-05-21 14:29:49] [SKIP] Same candle 2026-05-21 07:20:00  skip
[2026-05-21 14:30:49] [SKIP] NO_TRADE: no_momentum_signal
[2026-05-21 14:31:49] [SKIP] Same candle 2026-05-21 07:25:00  skip
[2026-05-21 14:32:49] [SKIP] Same candle 2026-05-21 07:25:00  skip
[2026-05-21 14:33:49] [SKIP] Same candle 2026-05-21 07:25:00  skip
[2026-05-21 14:34:49] [SKIP] Same candle 2026-05-21 07:25:00  skip
[2026-05-21 14:35:49] [SKIP] NO_TRADE: no_momentum_signal
[2026-05-21 14:36:49] [SKIP] Same candle 2026-05-21 07:30:00  skip
[2026-05-21 14:37:49] [SKIP] Same candle 2026-05-21 07:30:00  skip
[2026-05-21 14:38:49] [SKIP] Same candle 2026-05-21 07:30:00  skip
[2026-05-21 14:39:49] [SKIP] Same candle 2026-05-21 07:30:00  skip
[2026-05-21 14:40:49] [SKIP] NO_TRADE: no_momentum_signal
[2026-05-21 14:41:49] [SKIP] Same candle 2026-05-21 07:35:00  skip
[2026-05-21 14:42:49] [SKIP] Same candle 2026-05-21 07:35:00  skip
[2026-05-21 14:43:49] [SKIP] Same candle 2026-05-21 07:35:00  skip
[2026-05-21 14:44:49] [SKIP] Same candle 2026-05-21 07:35:00  skip
[2026-05-21 14:45:49] [SKIP] NO_TRADE: no_momentum_signal
[2026-05-21 14:46:49] [SKIP] Same candle 2026-05-21 07:40:00  skip
[2026-05-21 14:47:49] [SKIP] Same candle 2026-05-21 07:40:00  skip
[2026-05-21 14:48:49] [SKIP] Same candle 2026-05-21 07:40:00  skip
[2026-05-21 14:49:49] [SKIP] Same candle 2026-05-21 07:40:00  skip
[2026-05-21 14:50:49] [SKIP] NO_TRADE: no_momentum_signal
[2026-05-21 14:51:49] [SKIP] Same candle 2026-05-21 07:45:00  skip
[2026-05-21 14:52:49] [SKIP] Same candle 2026-05-21 07:45:00  skip
[2026-05-21 14:53:49] [SKIP] Same candle 2026-05-21 07:45:00  skip
[2026-05-21 14:54:49] [SKIP] Same candle 2026-05-21 07:45:00  skip
[2026-05-21 14:55:50] [SKIP] NO_TRADE: no_momentum_signal
[2026-05-21 14:56:50] [SKIP] Same candle 2026-05-21 07:50:00  skip
[2026-05-21 14:57:50] [SKIP] Same candle 2026-05-21 07:50:00  skip
[2026-05-21 14:58:50] [SKIP] Same candle 2026-05-21 07:50:00  skip
[2026-05-21 14:59:50] [SKIP] Same candle 2026-05-21 07:50:00  skip
[2026-05-21 15:00:50] [STATS] Hourly (900 attempts): {'no_momentum_signal': '900(100%)'}
[2026-05-21 15:00:50] [SKIP] NO_TRADE: no_momentum_signal
[2026-05-21 15:01:50] [SKIP] Same candle 2026-05-21 07:55:00  skip
[2026-05-21 15:02:50] [SKIP] Same candle 2026-05-21 07:55:00  skip
[2026-05-21 15:03:50] [SKIP] Same candle 2026-05-21 07:55:00  skip
[2026-05-21 15:04:50] [SKIP] Same candle 2026-05-21 07:55:00  skip
[2026-05-21 15:05:50] [SKIP] NO_TRADE: no_momentum_signal
[2026-05-21 15:06:50] [SKIP] Same candle 2026-05-21 08:00:00  skip
[2026-05-21 15:07:50] [SKIP] Same candle 2026-05-21 08:00:00  skip
[2026-05-21 15:08:50] [SKIP] Same candle 2026-05-21 08:00:00  skip
[2026-05-21 15:09:50] [SKIP] Same candle 2026-05-21 08:00:00  skip
[2026-05-21 15:10:50] [SKIP] NO_TRADE: no_momentum_signal
[2026-05-21 15:11:50] [SKIP] Same candle 2026-05-21 08:05:00  skip
[2026-05-21 15:12:50] [SKIP] Same candle 2026-05-21 08:05:00  skip
[2026-05-21 15:13:50] [SKIP] Same candle 2026-05-21 08:05:00  skip
[2026-05-21 15:14:50] [SKIP] Same candle 2026-05-21 08:05:00  skip
[2026-05-21 15:15:50] [SKIP] NO_TRADE: no_momentum_signal
[2026-05-21 15:16:50] [SKIP] Same candle 2026-05-21 08:10:00  skip
[2026-05-21 15:17:50] [SKIP] Same candle 2026-05-21 08:10:00  skip
[2026-05-21 15:18:50] [SKIP] Same candle 2026-05-21 08:10:00  skip
[2026-05-21 15:19:50] [SKIP] Same candle 2026-05-21 08:10:00  skip
[2026-05-21 15:20:50] [SKIP] NO_TRADE: no_momentum_signal
[2026-05-21 15:21:50] [SKIP] Same candle 2026-05-21 08:15:00  skip
[2026-05-21 15:22:50] [SKIP] Same candle 2026-05-21 08:15:00  skip
[2026-05-21 15:23:51] [SKIP] Same candle 2026-05-21 08:15:00  skip
[2026-05-21 15:24:51] [SKIP] Same candle 2026-05-21 08:15:00  skip
[2026-05-21 15:25:51] [SKIP] NO_TRADE: no_momentum_signal
[2026-05-21 15:26:51] [SKIP] Same candle 2026-05-21 08:20:00  skip
[2026-05-21 15:27:51] [SKIP] Same candle 2026-05-21 08:20:00  skip
[2026-05-21 15:28:51] [SKIP] Same candle 2026-05-21 08:20:00  skip
[2026-05-21 15:29:51] [SKIP] Same candle 2026-05-21 08:20:00  skip
[2026-05-21 15:30:51] [SKIP] NO_TRADE: no_momentum_signal
[2026-05-21 15:31:51] [SKIP] Same candle 2026-05-21 08:25:00  skip
[2026-05-21 15:32:51] [SKIP] Same candle 2026-05-21 08:25:00  skip
[2026-05-21 15:33:51] [SKIP] Same candle 2026-05-21 08:25:00  skip
[2026-05-21 15:34:51] [SKIP] Same candle 2026-05-21 08:25:00  skip
[2026-05-21 15:35:51] [SKIP] NO_TRADE: no_momentum_signal
[2026-05-21 15:36:51] [SKIP] Same candle 2026-05-21 08:30:00  skip
[2026-05-21 15:37:51] [SKIP] Same candle 2026-05-21 08:30:00  skip
[2026-05-21 15:38:51] [SKIP] Same candle 2026-05-21 08:30:00  skip
[2026-05-21 15:39:51] [SKIP] Same candle 2026-05-21 08:30:00  skip
[2026-05-21 15:40:51] [SKIP] NO_TRADE: no_momentum_signal
[2026-05-21 15:41:51] [SKIP] Same candle 2026-05-21 08:35:00  skip
[2026-05-21 15:42:51] [SKIP] Same candle 2026-05-21 08:35:00  skip
[2026-05-21 15:43:51] [SKIP] Same candle 2026-05-21 08:35:00  skip
[2026-05-21 15:44:51] [SKIP] Same candle 2026-05-21 08:35:00  skip
[2026-05-21 15:45:51] [SKIP] NO_TRADE: no_momentum_signal
[2026-05-21 15:46:51] [SKIP] Same candle 2026-05-21 08:40:00  skip
[2026-05-21 15:47:51] [SKIP] Same candle 2026-05-21 08:40:00  skip
[2026-05-21 15:48:51] [SKIP] Same candle 2026-05-21 08:40:00  skip
[2026-05-21 15:49:51] [SKIP] Same candle 2026-05-21 08:40:00  skip
[2026-05-21 15:50:51] [SKIP] NO_TRADE: no_momentum_signal
[2026-05-21 15:51:51] [SKIP] Same candle 2026-05-21 08:45:00  skip
[2026-05-21 15:52:51] [SKIP] Same candle 2026-05-21 08:45:00  skip
[2026-05-21 15:53:52] [SKIP] Same candle 2026-05-21 08:45:00  skip
[2026-05-21 15:54:52] [SKIP] Same candle 2026-05-21 08:45:00  skip
[2026-05-21 15:55:52] [SKIP] NO_TRADE: no_momentum_signal
[2026-05-21 15:56:52] [SKIP] Same candle 2026-05-21 08:50:00  skip
[2026-05-21 15:57:52] [SKIP] Same candle 2026-05-21 08:50:00  skip
[2026-05-21 15:58:52] [SKIP] Same candle 2026-05-21 08:50:00  skip
[2026-05-21 15:59:52] [SKIP] Same candle 2026-05-21 08:50:00  skip
[2026-05-21 16:00:52] [STATS] Hourly (960 attempts): {'no_momentum_signal': '960(100%)'}
[2026-05-21 16:00:52] [SKIP] NO_TRADE: no_momentum_signal
[2026-05-21 16:01:52] [SKIP] Same candle 2026-05-21 08:55:00  skip
[2026-05-21 16:02:52] [SKIP] Same candle 2026-05-21 08:55:00  skip
[2026-05-21 16:03:52] [SKIP] Same candle 2026-05-21 08:55:00  skip
[2026-05-21 16:04:52] [SKIP] Same candle 2026-05-21 08:55:00  skip
[2026-05-21 16:05:52] [SKIP] NO_TRADE: no_momentum_signal
[2026-05-21 16:06:52] [SKIP] Same candle 2026-05-21 09:00:00  skip
[2026-05-21 16:07:52] [SKIP] Same candle 2026-05-21 09:00:00  skip
[2026-05-21 16:08:52] [SKIP] Same candle 2026-05-21 09:00:00  skip
[2026-05-21 16:09:52] [SKIP] Same candle 2026-05-21 09:00:00  skip
[2026-05-21 16:10:52] [SKIP] NO_TRADE: no_momentum_signal
[2026-05-21 16:11:52] [SKIP] Same candle 2026-05-21 09:05:00  skip
[2026-05-21 16:12:52] [SKIP] Same candle 2026-05-21 09:05:00  skip
[2026-05-21 16:13:52] [SKIP] Same candle 2026-05-21 09:05:00  skip
[2026-05-21 16:14:52] [SKIP] Same candle 2026-05-21 09:05:00  skip
[2026-05-21 16:15:52] [SKIP] NO_TRADE: no_momentum_signal
[2026-05-21 16:16:52] [SKIP] Same candle 2026-05-21 09:10:00  skip
[2026-05-21 16:17:52] [SKIP] Same candle 2026-05-21 09:10:00  skip
[2026-05-21 16:18:52] [SKIP] Same candle 2026-05-21 09:10:00  skip
[2026-05-21 16:19:52] [SKIP] Same candle 2026-05-21 09:10:00  skip
[2026-05-21 16:20:52] [SKIP] NO_TRADE: no_momentum_signal
[2026-05-21 16:21:53] [SKIP] Same candle 2026-05-21 09:15:00  skip
[2026-05-21 16:22:53] [SKIP] Same candle 2026-05-21 09:15:00  skip
[2026-05-21 16:23:53] [SKIP] Same candle 2026-05-21 09:15:00  skip
[2026-05-21 16:24:53] [SKIP] Same candle 2026-05-21 09:15:00  skip
[2026-05-21 16:25:53] [SKIP] NO_TRADE: no_momentum_signal
[2026-05-21 16:26:53] [SKIP] Same candle 2026-05-21 09:20:00  skip
[2026-05-21 16:27:53] [SKIP] Same candle 2026-05-21 09:20:00  skip
[2026-05-21 16:28:53] [SKIP] Same candle 2026-05-21 09:20:00  skip
[2026-05-21 16:29:53] [SKIP] Same candle 2026-05-21 09:20:00  skip
[2026-05-21 16:30:53] [SKIP] NO_TRADE: no_momentum_signal
[2026-05-21 16:31:53] [SKIP] Same candle 2026-05-21 09:25:00  skip
[2026-05-21 16:32:53] [SKIP] Same candle 2026-05-21 09:25:00  skip
[2026-05-21 16:33:53] [SKIP] Same candle 2026-05-21 09:25:00  skip
[2026-05-21 16:34:53] [SKIP] Same candle 2026-05-21 09:25:00  skip
[2026-05-21 16:35:53] [SKIP] NO_TRADE: no_momentum_signal
[2026-05-21 16:36:53] [SKIP] Same candle 2026-05-21 09:30:00  skip
[2026-05-21 16:37:53] [SKIP] Same candle 2026-05-21 09:30:00  skip
[2026-05-21 16:38:53] [SKIP] Same candle 2026-05-21 09:30:00  skip
[2026-05-21 16:39:53] [SKIP] Same candle 2026-05-21 09:30:00  skip
[2026-05-21 16:40:53] [SKIP] NO_TRADE: no_momentum_signal
[2026-05-21 16:41:53] [SKIP] Same candle 2026-05-21 09:35:00  skip
[2026-05-21 16:42:53] [SKIP] Same candle 2026-05-21 09:35:00  skip
[2026-05-21 16:43:53] [SKIP] Same candle 2026-05-21 09:35:00  skip
[2026-05-21 16:44:53] [SKIP] Same candle 2026-05-21 09:35:00  skip
[2026-05-21 16:45:53] [SKIP] NO_TRADE: no_momentum_signal
[2026-05-21 16:46:53] [SKIP] Same candle 2026-05-21 09:40:00  skip
[2026-05-21 16:47:53] [SKIP] Same candle 2026-05-21 09:40:00  skip
[2026-05-21 16:48:54] [SKIP] Same candle 2026-05-21 09:40:00  skip
[2026-05-21 16:49:54] [SKIP] Same candle 2026-05-21 09:40:00  skip
[2026-05-21 16:50:54] [SKIP] NO_TRADE: no_momentum_signal
[2026-05-21 16:51:54] [SKIP] Same candle 2026-05-21 09:45:00  skip
[2026-05-21 16:52:54] [SKIP] Same candle 2026-05-21 09:45:00  skip
[2026-05-21 16:53:54] [SKIP] Same candle 2026-05-21 09:45:00  skip
[2026-05-21 16:54:54] [SKIP] Same candle 2026-05-21 09:45:00  skip
[2026-05-21 16:55:54] [SKIP] NO_TRADE: no_momentum_signal
[2026-05-21 16:56:54] [SKIP] Same candle 2026-05-21 09:50:00  skip
[2026-05-21 16:57:54] [SKIP] Same candle 2026-05-21 09:50:00  skip
[2026-05-21 16:58:54] [SKIP] Same candle 2026-05-21 09:50:00  skip
[2026-05-21 16:59:54] [SKIP] Same candle 2026-05-21 09:50:00  skip
[2026-05-21 17:00:54] [STATS] Hourly (1020 attempts): {'no_momentum_signal': '1020(100%)'}
[2026-05-21 17:00:54] [SKIP] NO_TRADE: no_momentum_signal
[2026-05-21 17:01:54] [SKIP] Same candle 2026-05-21 09:55:00  skip
[2026-05-21 17:02:54] [SKIP] Same candle 2026-05-21 09:55:00  skip
[2026-05-21 17:03:54] [SKIP] Same candle 2026-05-21 09:55:00  skip
[2026-05-21 17:04:54] [SKIP] Same candle 2026-05-21 09:55:00  skip
[2026-05-21 17:05:54] [SKIP] NO_TRADE: no_momentum_signal
[2026-05-21 17:06:54] [SKIP] Same candle 2026-05-21 10:00:00  skip
[2026-05-21 17:07:54] [SKIP] Same candle 2026-05-21 10:00:00  skip
[2026-05-21 17:08:54] [SKIP] Same candle 2026-05-21 10:00:00  skip
[2026-05-21 17:09:54] [SKIP] Same candle 2026-05-21 10:00:00  skip
[2026-05-21 17:10:54] [SKIP] NO_TRADE: no_momentum_signal
[2026-05-21 17:11:54] [SKIP] Same candle 2026-05-21 10:05:00  skip
[2026-05-21 17:12:54] [SKIP] Same candle 2026-05-21 10:05:00  skip
[2026-05-21 17:13:54] [SKIP] Same candle 2026-05-21 10:05:00  skip
[2026-05-21 17:14:54] [SKIP] Same candle 2026-05-21 10:05:00  skip
[2026-05-21 17:15:54] [SKIP] NO_TRADE: no_momentum_signal
[2026-05-21 17:16:55] [SKIP] Same candle 2026-05-21 10:10:00  skip
[2026-05-21 17:17:55] [SKIP] Same candle 2026-05-21 10:10:00  skip
[2026-05-21 17:18:55] [SKIP] Same candle 2026-05-21 10:10:00  skip
[2026-05-21 17:19:55] [SKIP] Same candle 2026-05-21 10:10:00  skip
[2026-05-21 17:20:55] [SKIP] NO_TRADE: no_momentum_signal
[2026-05-21 17:21:55] [SKIP] Same candle 2026-05-21 10:15:00  skip
[2026-05-21 17:22:55] [SKIP] Same candle 2026-05-21 10:15:00  skip
[2026-05-21 17:23:55] [SKIP] Same candle 2026-05-21 10:15:00  skip
[2026-05-21 17:24:55] [SKIP] Same candle 2026-05-21 10:15:00  skip
[2026-05-21 17:25:55] [SKIP] NO_TRADE: no_momentum_signal
[2026-05-21 17:26:55] [SKIP] Same candle 2026-05-21 10:20:00  skip
[2026-05-21 17:27:55] [SKIP] Same candle 2026-05-21 10:20:00  skip
[2026-05-21 17:28:55] [SKIP] Same candle 2026-05-21 10:20:00  skip
[2026-05-21 17:29:55] [SKIP] Same candle 2026-05-21 10:20:00  skip
[2026-05-21 17:30:55] [SKIP] NO_TRADE: no_momentum_signal
[2026-05-21 17:31:55] [SKIP] Same candle 2026-05-21 10:25:00  skip
[2026-05-21 17:32:55] [SKIP] Same candle 2026-05-21 10:25:00  skip
[2026-05-21 17:33:55] [SKIP] Same candle 2026-05-21 10:25:00  skip
[2026-05-21 17:34:55] [SKIP] Same candle 2026-05-21 10:25:00  skip
[2026-05-21 17:35:55] [SKIP] NO_TRADE: no_momentum_signal
[2026-05-21 17:36:55] [SKIP] Same candle 2026-05-21 10:30:00  skip
[2026-05-21 17:37:55] [SKIP] Same candle 2026-05-21 10:30:00  skip
[2026-05-21 17:38:55] [SKIP] Same candle 2026-05-21 10:30:00  skip
[2026-05-21 17:39:55] [SKIP] Same candle 2026-05-21 10:30:00  skip
[2026-05-21 17:40:55] [SKIP] NO_TRADE: no_momentum_signal
[2026-05-21 17:41:55] [SKIP] Same candle 2026-05-21 10:35:00  skip
[2026-05-21 17:42:55] [SKIP] Same candle 2026-05-21 10:35:00  skip
[2026-05-21 17:43:55] [SKIP] Same candle 2026-05-21 10:35:00  skip
[2026-05-21 17:44:55] [SKIP] Same candle 2026-05-21 10:35:00  skip
[2026-05-21 17:45:56] [SKIP] NO_TRADE: no_momentum_signal
[2026-05-21 17:46:56] [SKIP] Same candle 2026-05-21 10:40:00  skip
[2026-05-21 17:47:56] [SKIP] Same candle 2026-05-21 10:40:00  skip
[2026-05-21 17:48:56] [SKIP] Same candle 2026-05-21 10:40:00  skip
[2026-05-21 17:49:56] [SKIP] Same candle 2026-05-21 10:40:00  skip
[2026-05-21 17:50:56] [SKIP] NO_TRADE: no_momentum_signal
[2026-05-21 17:51:56] [SKIP] Same candle 2026-05-21 10:45:00  skip
[2026-05-21 17:52:56] [SKIP] Same candle 2026-05-21 10:45:00  skip
[2026-05-21 17:53:56] [SKIP] Same candle 2026-05-21 10:45:00  skip
[2026-05-21 17:54:56] [SKIP] Same candle 2026-05-21 10:45:00  skip
[2026-05-21 17:55:56] [SKIP] NO_TRADE: no_momentum_signal
[2026-05-21 17:56:56] [SKIP] Same candle 2026-05-21 10:50:00  skip
[2026-05-21 17:57:56] [SKIP] Same candle 2026-05-21 10:50:00  skip
[2026-05-21 17:58:56] [SKIP] Same candle 2026-05-21 10:50:00  skip
[2026-05-21 17:59:56] [SKIP] Same candle 2026-05-21 10:50:00  skip
[2026-05-21 18:00:56] [STATS] Hourly (1080 attempts): {'no_momentum_signal': '1080(100%)'}
[2026-05-21 18:00:56] [SKIP] NO_TRADE: no_momentum_signal
[2026-05-21 18:01:56] [SKIP] Same candle 2026-05-21 10:55:00  skip
[2026-05-21 18:02:56] [SKIP] Same candle 2026-05-21 10:55:00  skip
[2026-05-21 18:03:56] [SKIP] Same candle 2026-05-21 10:55:00  skip
[2026-05-21 18:04:56] [SKIP] Same candle 2026-05-21 10:55:00  skip
[2026-05-21 18:05:56] [SKIP] NO_TRADE: no_momentum_signal
[2026-05-21 18:06:56] [SKIP] Same candle 2026-05-21 11:00:00  skip
[2026-05-21 18:07:56] [SKIP] Same candle 2026-05-21 11:00:00  skip
[2026-05-21 18:08:56] [SKIP] Same candle 2026-05-21 11:00:00  skip
[2026-05-21 18:09:56] [SKIP] Same candle 2026-05-21 11:00:00  skip
[2026-05-21 18:10:56] [SKIP] NO_TRADE: no_momentum_signal
[2026-05-21 18:11:56] [SKIP] Same candle 2026-05-21 11:05:00  skip
[2026-05-21 18:12:57] [SKIP] Same candle 2026-05-21 11:05:00  skip
[2026-05-21 18:13:57] [SKIP] Same candle 2026-05-21 11:05:00  skip
[2026-05-21 18:14:57] [SKIP] Same candle 2026-05-21 11:05:00  skip
[2026-05-21 18:15:57] [SKIP] NO_TRADE: no_momentum_signal
[2026-05-21 18:16:57] [SKIP] Same candle 2026-05-21 11:10:00  skip
[2026-05-21 18:17:57] [SKIP] Same candle 2026-05-21 11:10:00  skip
[2026-05-21 18:18:57] [SKIP] Same candle 2026-05-21 11:10:00  skip
[2026-05-21 18:19:57] [SKIP] Same candle 2026-05-21 11:10:00  skip
[2026-05-21 18:20:57] [SKIP] NO_TRADE: no_momentum_signal
[2026-05-21 18:21:57] [SKIP] Same candle 2026-05-21 11:15:00  skip
[2026-05-21 18:22:57] [SKIP] Same candle 2026-05-21 11:15:00  skip
[2026-05-21 18:23:57] [SKIP] Same candle 2026-05-21 11:15:00  skip
[2026-05-21 18:24:57] [SKIP] Same candle 2026-05-21 11:15:00  skip
[2026-05-21 18:25:57] [SKIP] NO_TRADE: no_momentum_signal
[2026-05-21 18:26:57] [SKIP] Same candle 2026-05-21 11:20:00  skip
[2026-05-21 18:27:57] [SKIP] Same candle 2026-05-21 11:20:00  skip
[2026-05-21 18:28:57] [SKIP] Same candle 2026-05-21 11:20:00  skip
[2026-05-21 18:29:57] [SKIP] Same candle 2026-05-21 11:20:00  skip
[2026-05-21 18:30:57] [SKIP] NO_TRADE: no_momentum_signal
[2026-05-21 18:31:57] [SKIP] Same candle 2026-05-21 11:25:00  skip
[2026-05-21 18:32:57] [SKIP] Same candle 2026-05-21 11:25:00  skip
[2026-05-21 18:33:57] [SKIP] Same candle 2026-05-21 11:25:00  skip
[2026-05-21 18:34:57] [SKIP] Same candle 2026-05-21 11:25:00  skip
[2026-05-21 18:35:57] [SKIP] NO_TRADE: no_momentum_signal
[2026-05-21 18:36:57] [SKIP] Same candle 2026-05-21 11:30:00  skip
[2026-05-21 18:37:57] [SKIP] Same candle 2026-05-21 11:30:00  skip
[2026-05-21 18:38:57] [SKIP] Same candle 2026-05-21 11:30:00  skip
[2026-05-21 18:39:57] [SKIP] Same candle 2026-05-21 11:30:00  skip
[2026-05-21 18:40:57] [SKIP] NO_TRADE: no_momentum_signal
[2026-05-21 18:41:58] [SKIP] Same candle 2026-05-21 11:35:00  skip
[2026-05-21 18:42:58] [SKIP] Same candle 2026-05-21 11:35:00  skip
[2026-05-21 18:43:58] [SKIP] Same candle 2026-05-21 11:35:00  skip
[2026-05-21 18:44:58] [SKIP] Same candle 2026-05-21 11:35:00  skip
[2026-05-21 18:45:58] [SKIP] NO_TRADE: no_momentum_signal
[2026-05-21 18:46:58] [SKIP] Same candle 2026-05-21 11:40:00  skip
[2026-05-21 18:47:58] [SKIP] Same candle 2026-05-21 11:40:00  skip
[2026-05-21 18:48:58] [SKIP] Same candle 2026-05-21 11:40:00  skip
[2026-05-21 18:49:58] [SKIP] Same candle 2026-05-21 11:40:00  skip
[2026-05-21 18:50:58] [SKIP] NO_TRADE: no_momentum_signal
[2026-05-21 18:51:58] [SKIP] Same candle 2026-05-21 11:45:00  skip
[2026-05-21 18:52:58] [SKIP] Same candle 2026-05-21 11:45:00  skip
[2026-05-21 18:53:58] [SKIP] Same candle 2026-05-21 11:45:00  skip
[2026-05-21 18:54:58] [SKIP] Same candle 2026-05-21 11:45:00  skip
[2026-05-21 18:55:58] [SKIP] NO_TRADE: no_momentum_signal
[2026-05-21 18:56:58] [SKIP] Same candle 2026-05-21 11:50:00  skip
[2026-05-21 18:57:58] [SKIP] Same candle 2026-05-21 11:50:00  skip
[2026-05-21 18:58:58] [SKIP] Same candle 2026-05-21 11:50:00  skip
[2026-05-21 18:59:58] [SKIP] Same candle 2026-05-21 11:50:00  skip
[2026-05-21 19:00:58] [STATS] Hourly (1140 attempts): {'no_momentum_signal': '1140(100%)'}
[2026-05-21 19:00:58] [SKIP] NO_TRADE: no_momentum_signal
[2026-05-21 19:01:58] [SKIP] Same candle 2026-05-21 11:55:00  skip
[2026-05-21 19:02:58] [SKIP] Same candle 2026-05-21 11:55:00  skip
[2026-05-21 19:03:58] [SKIP] Same candle 2026-05-21 11:55:00  skip
[2026-05-21 19:04:58] [SKIP] Same candle 2026-05-21 11:55:00  skip
[2026-05-21 19:05:58] [SKIP] NO_TRADE: no_momentum_signal
[2026-05-21 19:06:58] [SKIP] Same candle 2026-05-21 12:00:00  skip
[2026-05-21 19:07:58] [SKIP] Same candle 2026-05-21 12:00:00  skip
[2026-05-21 19:08:59] [SKIP] Same candle 2026-05-21 12:00:00  skip
[2026-05-21 19:09:59] [SKIP] Same candle 2026-05-21 12:00:00  skip
[2026-05-21 19:10:59] [SKIP] NO_TRADE: no_momentum_signal
[2026-05-21 19:11:59] [SKIP] Same candle 2026-05-21 12:05:00  skip
[2026-05-21 19:12:59] [SKIP] Same candle 2026-05-21 12:05:00  skip
[2026-05-21 19:13:59] [SKIP] Same candle 2026-05-21 12:05:00  skip
[2026-05-21 19:14:59] [SKIP] Same candle 2026-05-21 12:05:00  skip
[2026-05-21 19:15:59] [SKIP] NO_TRADE: no_momentum_signal
[2026-05-21 19:16:59] [SKIP] Same candle 2026-05-21 12:10:00  skip
[2026-05-21 19:17:59] [SKIP] Same candle 2026-05-21 12:10:00  skip
[2026-05-21 19:18:59] [SKIP] Same candle 2026-05-21 12:10:00  skip
[2026-05-21 19:19:59] [SKIP] Same candle 2026-05-21 12:10:00  skip
[2026-05-21 19:20:59] [SKIP] NO_TRADE: no_momentum_signal
[2026-05-21 19:21:59] [SKIP] Same candle 2026-05-21 12:15:00  skip
[2026-05-21 19:22:59] [SKIP] Same candle 2026-05-21 12:15:00  skip
[2026-05-21 19:23:59] [SKIP] Same candle 2026-05-21 12:15:00  skip
[2026-05-21 19:24:59] [SKIP] Same candle 2026-05-21 12:15:00  skip
[2026-05-21 19:25:59] [SKIP] NO_TRADE: no_momentum_signal
[2026-05-21 19:26:59] [SKIP] Same candle 2026-05-21 12:20:00  skip
[2026-05-21 19:27:59] [SKIP] Same candle 2026-05-21 12:20:00  skip
[2026-05-21 19:28:59] [SKIP] Same candle 2026-05-21 12:20:00  skip
[2026-05-21 19:29:59] [SKIP] Same candle 2026-05-21 12:20:00  skip
[2026-05-21 19:30:59] [SKIP] NO_TRADE: no_momentum_signal
[2026-05-21 19:31:59] [SKIP] Same candle 2026-05-21 12:25:00  skip
[2026-05-21 19:32:59] [SKIP] Same candle 2026-05-21 12:25:00  skip
[2026-05-21 19:33:59] [SKIP] Same candle 2026-05-21 12:25:00  skip
[2026-05-21 19:34:59] [SKIP] Same candle 2026-05-21 12:25:00  skip
[2026-05-21 19:35:59] [SKIP] NO_TRADE: no_momentum_signal
[2026-05-21 19:36:59] [SKIP] Same candle 2026-05-21 12:30:00  skip
[2026-05-21 19:38:00] [SKIP] Same candle 2026-05-21 12:30:00  skip
[2026-05-21 19:39:00] [SKIP] Same candle 2026-05-21 12:30:00  skip
[2026-05-21 19:40:00] [SKIP] Same candle 2026-05-21 12:30:00  skip
[2026-05-21 19:41:00] [SKIP] NO_TRADE: no_momentum_signal
[2026-05-21 19:42:00] [SKIP] Same candle 2026-05-21 12:35:00  skip
[2026-05-21 19:43:00] [SKIP] Same candle 2026-05-21 12:35:00  skip
[2026-05-21 19:44:00] [SKIP] Same candle 2026-05-21 12:35:00  skip
[2026-05-21 19:45:00] [SKIP] Same candle 2026-05-21 12:35:00  skip
[2026-05-21 19:46:00] [SKIP] NO_TRADE: no_momentum_signal
[2026-05-21 19:47:00] [SKIP] Same candle 2026-05-21 12:40:00  skip
[2026-05-21 19:48:00] [SKIP] Same candle 2026-05-21 12:40:00  skip
[2026-05-21 19:49:00] [SKIP] Same candle 2026-05-21 12:40:00  skip
[2026-05-21 19:50:00] [SKIP] NO_TRADE: no_momentum_signal
[2026-05-21 19:51:00] [SKIP] Same candle 2026-05-21 12:45:00  skip
[2026-05-21 19:52:00] [SKIP] Same candle 2026-05-21 12:45:00  skip
[2026-05-21 19:53:00] [SKIP] Same candle 2026-05-21 12:45:00  skip
[2026-05-21 19:54:00] [SKIP] Same candle 2026-05-21 12:45:00  skip
[2026-05-21 19:55:00] [SKIP] NO_TRADE: no_momentum_signal
[2026-05-21 19:56:00] [SKIP] Same candle 2026-05-21 12:50:00  skip
[2026-05-21 19:57:00] [SKIP] Same candle 2026-05-21 12:50:00  skip
[2026-05-21 19:58:00] [SKIP] Same candle 2026-05-21 12:50:00  skip
[2026-05-21 19:59:00] [SKIP] Same candle 2026-05-21 12:50:00  skip
[2026-05-21 20:00:00] [STATS] Hourly (1199 attempts): {'no_momentum_signal': '1199(100%)'}
[2026-05-21 20:00:00] [SKIP] NO_TRADE: no_momentum_signal
[2026-05-21 20:01:00] [SKIP] Same candle 2026-05-21 12:55:00  skip
[2026-05-21 20:02:00] [SKIP] Same candle 2026-05-21 12:55:00  skip
[2026-05-21 20:03:01] [SKIP] Same candle 2026-05-21 12:55:00  skip
[2026-05-21 20:04:01] [SKIP] Same candle 2026-05-21 12:55:00  skip
[2026-05-21 20:05:01] [SKIP] NO_TRADE: no_momentum_signal
[2026-05-21 20:06:01] [SKIP] Same candle 2026-05-21 13:00:00  skip
[2026-05-21 20:07:01] [SKIP] Same candle 2026-05-21 13:00:00  skip
[2026-05-21 20:08:01] [SKIP] Same candle 2026-05-21 13:00:00  skip
[2026-05-21 20:09:01] [SKIP] Same candle 2026-05-21 13:00:00  skip
[2026-05-21 20:10:01] [SKIP] NO_TRADE: no_momentum_signal
[2026-05-21 20:11:01] [SKIP] Same candle 2026-05-21 13:05:00  skip
[2026-05-21 20:12:01] [SKIP] Same candle 2026-05-21 13:05:00  skip
[2026-05-21 20:13:01] [SKIP] Same candle 2026-05-21 13:05:00  skip
[2026-05-21 20:14:01] [SKIP] Same candle 2026-05-21 13:05:00  skip
[2026-05-21 20:15:01] [SKIP] NO_TRADE: no_momentum_signal
[2026-05-21 20:16:01] [SKIP] Same candle 2026-05-21 13:10:00  skip
[2026-05-21 20:17:01] [SKIP] Same candle 2026-05-21 13:10:00  skip
[2026-05-21 20:18:01] [SKIP] Same candle 2026-05-21 13:10:00  skip
[2026-05-21 20:19:01] [SKIP] Same candle 2026-05-21 13:10:00  skip
[2026-05-21 20:20:01] [SKIP] NO_TRADE: no_momentum_signal
[2026-05-21 20:21:01] [SKIP] Same candle 2026-05-21 13:15:00  skip
[2026-05-21 20:22:01] [SKIP] Same candle 2026-05-21 13:15:00  skip
[2026-05-21 20:23:01] [SKIP] Same candle 2026-05-21 13:15:00  skip
[2026-05-21 20:24:01] [SKIP] Same candle 2026-05-21 13:15:00  skip
[2026-05-21 20:25:01] [SKIP] NO_TRADE: no_momentum_signal
[2026-05-21 20:26:01] [SKIP] Same candle 2026-05-21 13:20:00  skip
[2026-05-21 20:27:01] [SKIP] Same candle 2026-05-21 13:20:00  skip
[2026-05-21 20:28:01] [SKIP] Same candle 2026-05-21 13:20:00  skip
[2026-05-21 20:29:01] [SKIP] Same candle 2026-05-21 13:20:00  skip
[2026-05-21 20:30:01] [SKIP] NO_TRADE: no_momentum_signal
[2026-05-21 20:31:02] [SKIP] Same candle 2026-05-21 13:25:00  skip
[2026-05-21 20:32:02] [SKIP] Same candle 2026-05-21 13:25:00  skip
[2026-05-21 20:33:02] [SKIP] Same candle 2026-05-21 13:25:00  skip
[2026-05-21 20:34:02] [SKIP] Same candle 2026-05-21 13:25:00  skip
[2026-05-21 20:35:02] [D1] blocked SELL: D1 ADX 16.3 < 20.0 (ranging)
[2026-05-21 20:35:02] [SKIP] NO_TRADE: D1: D1 ADX 16.3 < 20.0 (ranging)
[2026-05-21 20:36:02] [D1] blocked SELL: D1 ADX 16.3 < 20.0 (ranging)
[2026-05-21 20:36:02] [SKIP] Same candle 2026-05-21 13:30:00  skip
[2026-05-21 20:37:02] [D1] blocked SELL: D1 ADX 16.3 < 20.0 (ranging)
[2026-05-21 20:37:02] [SKIP] Same candle 2026-05-21 13:30:00  skip
[2026-05-21 20:38:02] [D1] blocked SELL: D1 ADX 16.3 < 20.0 (ranging)
[2026-05-21 20:38:02] [SKIP] Same candle 2026-05-21 13:30:00  skip
[2026-05-21 20:39:02] [D1] blocked SELL: D1 ADX 16.3 < 20.0 (ranging)
[2026-05-21 20:39:02] [SKIP] Same candle 2026-05-21 13:30:00  skip
[2026-05-21 20:40:02] [SKIP] NO_TRADE: no_momentum_signal
[2026-05-21 20:41:02] [SKIP] Same candle 2026-05-21 13:35:00  skip
[2026-05-21 20:42:02] [SKIP] Same candle 2026-05-21 13:35:00  skip
[2026-05-21 20:43:02] [SKIP] Same candle 2026-05-21 13:35:00  skip
[2026-05-21 20:44:02] [SKIP] Same candle 2026-05-21 13:35:00  skip
[2026-05-21 20:45:02] [SKIP] NO_TRADE: no_momentum_signal
[2026-05-21 20:46:02] [SKIP] Same candle 2026-05-21 13:40:00  skip
[2026-05-21 20:47:02] [SKIP] Same candle 2026-05-21 13:40:00  skip
[2026-05-21 20:48:02] [SKIP] Same candle 2026-05-21 13:40:00  skip
[2026-05-21 20:49:02] [SKIP] Same candle 2026-05-21 13:40:00  skip
[2026-05-21 20:50:02] [SKIP] NO_TRADE: no_momentum_signal
[2026-05-21 20:51:02] [SKIP] Same candle 2026-05-21 13:45:00  skip
[2026-05-21 20:52:02] [SKIP] Same candle 2026-05-21 13:45:00  skip
[2026-05-21 20:53:02] [SKIP] Same candle 2026-05-21 13:45:00  skip
[2026-05-21 20:54:02] [SKIP] Same candle 2026-05-21 13:45:00  skip
[2026-05-21 20:55:02] [SKIP] NO_TRADE: no_momentum_signal
[2026-05-21 20:56:02] [SKIP] Same candle 2026-05-21 13:50:00  skip
[2026-05-21 20:57:03] [SKIP] Same candle 2026-05-21 13:50:00  skip
[2026-05-21 20:58:03] [SKIP] Same candle 2026-05-21 13:50:00  skip
[2026-05-21 20:59:03] [SKIP] Same candle 2026-05-21 13:50:00  skip
[2026-05-21 21:00:03] [STATS] Hourly (1259 attempts): {'no_momentum_signal': '1254(100%)', 'd1_regime_blocked': '5(0%)'}
[2026-05-21 21:00:03] [SKIP] NO_TRADE: no_momentum_signal
[2026-05-21 21:01:03] [SKIP] Same candle 2026-05-21 13:55:00  skip
[2026-05-21 21:02:03] [SKIP] Same candle 2026-05-21 13:55:00  skip
[2026-05-21 21:03:03] [SKIP] Same candle 2026-05-21 13:55:00  skip
[2026-05-21 21:04:03] [SKIP] Same candle 2026-05-21 13:55:00  skip
[2026-05-21 21:05:03] [SKIP] NO_TRADE: no_momentum_signal
[2026-05-21 21:06:03] [SKIP] Same candle 2026-05-21 14:00:00  skip
[2026-05-21 21:07:03] [SKIP] Same candle 2026-05-21 14:00:00  skip
[2026-05-21 21:08:03] [SKIP] Same candle 2026-05-21 14:00:00  skip
[2026-05-21 21:09:03] [SKIP] Same candle 2026-05-21 14:00:00  skip
[2026-05-21 21:10:03] [SKIP] NO_TRADE: no_momentum_signal
[2026-05-21 21:11:03] [SKIP] Same candle 2026-05-21 14:05:00  skip
[2026-05-21 21:12:03] [SKIP] Same candle 2026-05-21 14:05:00  skip
[2026-05-21 21:13:03] [SKIP] Same candle 2026-05-21 14:05:00  skip
[2026-05-21 21:14:03] [SKIP] Same candle 2026-05-21 14:05:00  skip
[2026-05-21 21:15:03] [SKIP] NO_TRADE: no_momentum_signal
[2026-05-21 21:16:03] [SKIP] Same candle 2026-05-21 14:10:00  skip
[2026-05-21 21:17:03] [SKIP] Same candle 2026-05-21 14:10:00  skip
[2026-05-21 21:18:03] [SKIP] Same candle 2026-05-21 14:10:00  skip
[2026-05-21 21:19:03] [SKIP] Same candle 2026-05-21 14:10:00  skip
[2026-05-21 21:20:03] [SKIP] NO_TRADE: no_momentum_signal
[2026-05-21 21:21:03] [SKIP] Same candle 2026-05-21 14:15:00  skip
[2026-05-21 21:22:03] [SKIP] Same candle 2026-05-21 14:15:00  skip
[2026-05-21 21:23:03] [SKIP] Same candle 2026-05-21 14:15:00  skip
[2026-05-21 21:24:03] [SKIP] Same candle 2026-05-21 14:15:00  skip
[2026-05-21 21:25:04] [SKIP] NO_TRADE: no_momentum_signal
[2026-05-21 21:26:04] [SKIP] Same candle 2026-05-21 14:20:00  skip
[2026-05-21 21:27:04] [SKIP] Same candle 2026-05-21 14:20:00  skip
[2026-05-21 21:28:04] [SKIP] Same candle 2026-05-21 14:20:00  skip
[2026-05-21 21:29:04] [SKIP] Same candle 2026-05-21 14:20:00  skip
[2026-05-21 21:30:04] [SKIP] NO_TRADE: no_momentum_signal
[2026-05-21 21:31:04] [SKIP] Same candle 2026-05-21 14:25:00  skip
[2026-05-21 21:32:04] [SKIP] Same candle 2026-05-21 14:25:00  skip
[2026-05-21 21:33:04] [SKIP] Same candle 2026-05-21 14:25:00  skip
[2026-05-21 21:34:04] [SKIP] Same candle 2026-05-21 14:25:00  skip
[2026-05-21 21:35:04] [SKIP] NO_TRADE: no_momentum_signal
[2026-05-21 21:36:04] [SKIP] Same candle 2026-05-21 14:30:00  skip
[2026-05-21 21:37:04] [SKIP] Same candle 2026-05-21 14:30:00  skip
[2026-05-21 21:38:04] [SKIP] Same candle 2026-05-21 14:30:00  skip
[2026-05-21 21:39:04] [SKIP] Same candle 2026-05-21 14:30:00  skip
[2026-05-21 21:40:04] [SKIP] NO_TRADE: no_momentum_signal
[2026-05-21 21:41:04] [SKIP] Same candle 2026-05-21 14:35:00  skip
[2026-05-21 21:42:04] [SKIP] Same candle 2026-05-21 14:35:00  skip
[2026-05-21 21:43:04] [SKIP] Same candle 2026-05-21 14:35:00  skip
[2026-05-21 21:44:04] [SKIP] Same candle 2026-05-21 14:35:00  skip
[2026-05-21 21:45:04] [SKIP] NO_TRADE: no_momentum_signal
[2026-05-21 21:46:04] [SKIP] Same candle 2026-05-21 14:40:00  skip
[2026-05-21 21:47:04] [SKIP] Same candle 2026-05-21 14:40:00  skip
[2026-05-21 21:48:04] [SKIP] Same candle 2026-05-21 14:40:00  skip
[2026-05-21 21:49:04] [SKIP] Same candle 2026-05-21 14:40:00  skip
[2026-05-21 21:50:04] [SKIP] NO_TRADE: no_momentum_signal
[2026-05-21 21:51:04] [SKIP] Same candle 2026-05-21 14:45:00  skip
[2026-05-21 21:52:04] [SKIP] Same candle 2026-05-21 14:45:00  skip
[2026-05-21 21:53:04] [SKIP] Same candle 2026-05-21 14:45:00  skip
[2026-05-21 21:54:05] [SKIP] Same candle 2026-05-21 14:45:00  skip
[2026-05-21 21:55:05] [SKIP] NO_TRADE: no_momentum_signal
[2026-05-21 21:56:05] [SKIP] Same candle 2026-05-21 14:50:00  skip
[2026-05-21 21:57:05] [SKIP] Same candle 2026-05-21 14:50:00  skip
[2026-05-21 21:58:05] [SKIP] Same candle 2026-05-21 14:50:00  skip
[2026-05-21 21:59:05] [SKIP] Same candle 2026-05-21 14:50:00  skip
[2026-05-21 22:00:05] [STATS] Hourly (1319 attempts): {'no_momentum_signal': '1314(100%)', 'd1_regime_blocked': '5(0%)'}
[2026-05-21 22:00:05] [SKIP] NO_TRADE: no_momentum_signal
[2026-05-21 22:01:05] [SKIP] Same candle 2026-05-21 14:55:00  skip
[2026-05-21 22:02:05] [SKIP] Same candle 2026-05-21 14:55:00  skip
[2026-05-21 22:03:05] [SKIP] Same candle 2026-05-21 14:55:00  skip
[2026-05-21 22:04:05] [SKIP] Same candle 2026-05-21 14:55:00  skip
[2026-05-21 22:05:05] [SKIP] NO_TRADE: no_momentum_signal
[2026-05-21 22:06:05] [SKIP] Same candle 2026-05-21 15:00:00  skip
[2026-05-21 22:07:05] [SKIP] Same candle 2026-05-21 15:00:00  skip
[2026-05-21 22:08:05] [SKIP] Same candle 2026-05-21 15:00:00  skip
[2026-05-21 22:09:05] [SKIP] Same candle 2026-05-21 15:00:00  skip
[2026-05-21 22:10:05] [SKIP] NO_TRADE: no_momentum_signal
[2026-05-21 22:11:05] [SKIP] Same candle 2026-05-21 15:05:00  skip
[2026-05-21 22:12:05] [SKIP] Same candle 2026-05-21 15:05:00  skip
[2026-05-21 22:13:05] [SKIP] Same candle 2026-05-21 15:05:00  skip
[2026-05-21 22:14:05] [SKIP] Same candle 2026-05-21 15:05:00  skip
[2026-05-21 22:15:05] [SKIP] NO_TRADE: no_momentum_signal
[2026-05-21 22:16:05] [SKIP] Same candle 2026-05-21 15:10:00  skip
[2026-05-21 22:17:05] [SKIP] Same candle 2026-05-21 15:10:00  skip
[2026-05-21 22:18:05] [SKIP] Same candle 2026-05-21 15:10:00  skip
[2026-05-21 22:19:05] [SKIP] Same candle 2026-05-21 15:10:00  skip
[2026-05-21 22:20:05] [SKIP] NO_TRADE: no_momentum_signal
[2026-05-21 22:21:05] [SKIP] Same candle 2026-05-21 15:15:00  skip
[2026-05-21 22:22:05] [SKIP] Same candle 2026-05-21 15:15:00  skip
[2026-05-21 22:23:06] [SKIP] Same candle 2026-05-21 15:15:00  skip
[2026-05-21 22:24:06] [SKIP] Same candle 2026-05-21 15:15:00  skip
[2026-05-21 22:25:06] [SKIP] NO_TRADE: no_momentum_signal
[2026-05-21 22:26:06] [SKIP] Same candle 2026-05-21 15:20:00  skip
[2026-05-21 22:27:06] [SKIP] Same candle 2026-05-21 15:20:00  skip
[2026-05-21 22:28:06] [SKIP] Same candle 2026-05-21 15:20:00  skip
[2026-05-21 22:29:06] [SKIP] Same candle 2026-05-21 15:20:00  skip
[2026-05-21 22:30:06] [SKIP] NO_TRADE: no_momentum_signal
[2026-05-21 22:31:06] [SKIP] Same candle 2026-05-21 15:25:00  skip
[2026-05-21 22:32:06] [SKIP] Same candle 2026-05-21 15:25:00  skip
[2026-05-21 22:33:06] [SKIP] Same candle 2026-05-21 15:25:00  skip
[2026-05-21 22:34:06] [SKIP] Same candle 2026-05-21 15:25:00  skip
[2026-05-21 22:35:06] [SKIP] NO_TRADE: no_momentum_signal
[2026-05-21 22:36:06] [SKIP] Same candle 2026-05-21 15:30:00  skip
[2026-05-21 22:37:06] [SKIP] Same candle 2026-05-21 15:30:00  skip
[2026-05-21 22:38:06] [SKIP] Same candle 2026-05-21 15:30:00  skip
[2026-05-21 22:39:06] [SKIP] Same candle 2026-05-21 15:30:00  skip
[2026-05-21 22:40:06] [SKIP] NO_TRADE: no_momentum_signal
[2026-05-21 22:41:06] [SKIP] Same candle 2026-05-21 15:35:00  skip
[2026-05-21 22:42:06] [SKIP] Same candle 2026-05-21 15:35:00  skip
[2026-05-21 22:43:06] [SKIP] Same candle 2026-05-21 15:35:00  skip
[2026-05-21 22:44:06] [SKIP] Same candle 2026-05-21 15:35:00  skip
[2026-05-21 22:45:06] [SKIP] NO_TRADE: no_momentum_signal
[2026-05-21 22:46:06] [SKIP] Same candle 2026-05-21 15:40:00  skip
[2026-05-21 22:47:06] [SKIP] Same candle 2026-05-21 15:40:00  skip
[2026-05-21 22:48:06] [SKIP] Same candle 2026-05-21 15:40:00  skip
[2026-05-21 22:49:06] [SKIP] Same candle 2026-05-21 15:40:00  skip
[2026-05-21 22:50:06] [SKIP] NO_TRADE: no_momentum_signal
[2026-05-21 22:51:07] [SKIP] Same candle 2026-05-21 15:45:00  skip
[2026-05-21 22:52:07] [SKIP] Same candle 2026-05-21 15:45:00  skip
[2026-05-21 22:53:07] [SKIP] Same candle 2026-05-21 15:45:00  skip
[2026-05-21 22:54:07] [SKIP] Same candle 2026-05-21 15:45:00  skip
[2026-05-21 22:55:07] [SKIP] NO_TRADE: no_momentum_signal
[2026-05-21 22:56:07] [SKIP] Same candle 2026-05-21 15:50:00  skip
[2026-05-21 22:57:07] [SKIP] Same candle 2026-05-21 15:50:00  skip
[2026-05-21 22:58:07] [SKIP] Same candle 2026-05-21 15:50:00  skip
[2026-05-21 22:59:07] [SKIP] Same candle 2026-05-21 15:50:00  skip
[2026-05-21 23:00:07] [STATS] Hourly (1379 attempts): {'no_momentum_signal': '1374(100%)', 'd1_regime_blocked': '5(0%)'}
[2026-05-21 23:00:07] [SKIP] NO_TRADE: no_momentum_signal
[2026-05-21 23:01:07] [SKIP] Same candle 2026-05-21 15:55:00  skip
[2026-05-21 23:02:07] [SKIP] Same candle 2026-05-21 15:55:00  skip
[2026-05-21 23:03:07] [SKIP] Same candle 2026-05-21 15:55:00  skip
[2026-05-21 23:04:07] [SKIP] Same candle 2026-05-21 15:55:00  skip
[2026-05-21 23:05:07] [SKIP] NO_TRADE: no_momentum_signal
[2026-05-21 23:06:07] [SKIP] Same candle 2026-05-21 16:00:00  skip
[2026-05-21 23:07:07] [SKIP] Same candle 2026-05-21 16:00:00  skip
[2026-05-21 23:08:07] [SKIP] Same candle 2026-05-21 16:00:00  skip
[2026-05-21 23:09:07] [SKIP] Same candle 2026-05-21 16:00:00  skip
[2026-05-21 23:10:07] [SKIP] NO_TRADE: no_momentum_signal
[2026-05-21 23:11:07] [SKIP] Same candle 2026-05-21 16:05:00  skip
[2026-05-21 23:12:07] [SKIP] Same candle 2026-05-21 16:05:00  skip
[2026-05-21 23:13:07] [SKIP] Same candle 2026-05-21 16:05:00  skip
[2026-05-21 23:14:07] [SKIP] Same candle 2026-05-21 16:05:00  skip
[2026-05-21 23:15:07] [SKIP] NO_TRADE: no_momentum_signal
[2026-05-21 23:16:07] [SKIP] Same candle 2026-05-21 16:10:00  skip
[2026-05-21 23:17:07] [SKIP] Same candle 2026-05-21 16:10:00  skip
[2026-05-21 23:18:07] [SKIP] Same candle 2026-05-21 16:10:00  skip
[2026-05-21 23:19:07] [SKIP] Same candle 2026-05-21 16:10:00  skip
[2026-05-21 23:20:08] [SKIP] NO_TRADE: no_momentum_signal
[2026-05-21 23:21:08] [SKIP] Same candle 2026-05-21 16:15:00  skip
[2026-05-21 23:22:08] [SKIP] Same candle 2026-05-21 16:15:00  skip
[2026-05-21 23:23:08] [SKIP] Same candle 2026-05-21 16:15:00  skip
[2026-05-21 23:24:08] [SKIP] Same candle 2026-05-21 16:15:00  skip
[2026-05-21 23:25:08] [SKIP] NO_TRADE: no_momentum_signal
[2026-05-21 23:26:08] [SKIP] Same candle 2026-05-21 16:20:00  skip
[2026-05-21 23:27:08] [SKIP] Same candle 2026-05-21 16:20:00  skip
[2026-05-21 23:28:08] [SKIP] Same candle 2026-05-21 16:20:00  skip
[2026-05-21 23:29:08] [SKIP] Same candle 2026-05-21 16:20:00  skip
[2026-05-21 23:30:08] [SKIP] NO_TRADE: no_momentum_signal
[2026-05-21 23:31:08] [SKIP] Same candle 2026-05-21 16:25:00  skip
[2026-05-21 23:32:08] [SKIP] Same candle 2026-05-21 16:25:00  skip
[2026-05-21 23:33:08] [SKIP] Same candle 2026-05-21 16:25:00  skip
[2026-05-21 23:34:08] [SKIP] Same candle 2026-05-21 16:25:00  skip
[2026-05-21 23:35:08] [SKIP] NO_TRADE: no_momentum_signal
[2026-05-21 23:36:08] [SKIP] Same candle 2026-05-21 16:30:00  skip
[2026-05-21 23:37:08] [SKIP] Same candle 2026-05-21 16:30:00  skip
[2026-05-21 23:38:08] [SKIP] Same candle 2026-05-21 16:30:00  skip
[2026-05-21 23:39:08] [SKIP] Same candle 2026-05-21 16:30:00  skip
[2026-05-21 23:40:08] [SKIP] NO_TRADE: no_momentum_signal
[2026-05-21 23:41:08] [SKIP] Same candle 2026-05-21 16:35:00  skip
[2026-05-21 23:42:08] [SKIP] Same candle 2026-05-21 16:35:00  skip
[2026-05-21 23:43:08] [SKIP] Same candle 2026-05-21 16:35:00  skip
[2026-05-21 23:44:08] [SKIP] Same candle 2026-05-21 16:35:00  skip
[2026-05-21 23:45:08] [SKIP] NO_TRADE: no_momentum_signal
[2026-05-21 23:46:08] [SKIP] Same candle 2026-05-21 16:40:00  skip
[2026-05-21 23:47:08] [SKIP] Same candle 2026-05-21 16:40:00  skip
[2026-05-21 23:48:08] [SKIP] Same candle 2026-05-21 16:40:00  skip
[2026-05-21 23:49:09] [SKIP] Same candle 2026-05-21 16:40:00  skip
[2026-05-21 23:50:09] [SKIP] NO_TRADE: no_momentum_signal
[2026-05-21 23:51:09] [SKIP] Same candle 2026-05-21 16:45:00  skip
[2026-05-21 23:52:09] [SKIP] Same candle 2026-05-21 16:45:00  skip
[2026-05-21 23:53:09] [SKIP] Same candle 2026-05-21 16:45:00  skip
[2026-05-21 23:54:09] [SKIP] Same candle 2026-05-21 16:45:00  skip
[2026-05-21 23:55:09] [SKIP] NO_TRADE: no_momentum_signal
[2026-05-21 23:56:09] [SKIP] Same candle 2026-05-21 16:50:00  skip
[2026-05-21 23:57:09] [SKIP] Same candle 2026-05-21 16:50:00  skip
[2026-05-21 23:58:09] [SKIP] Same candle 2026-05-21 16:50:00  skip
[2026-05-21 23:59:09] [SKIP] Same candle 2026-05-21 16:50:00  skip
[2026-05-22 00:00:09] [STATS] Daily: {'_total_attempts': 1439, 'no_momentum_signal': 1434, 'd1_regime_blocked': 5}
[2026-05-22 00:00:09] [SKIP] NO_TRADE: no_momentum_signal
[2026-05-22 00:01:09] [STATS] Hourly (1 attempts): {'no_momentum_signal': '1(100%)'}
[2026-05-22 00:01:09] [SKIP] Same candle 2026-05-21 16:55:00  skip
[2026-05-22 00:02:09] [SKIP] Same candle 2026-05-21 16:55:00  skip
[2026-05-22 00:03:09] [SKIP] Same candle 2026-05-21 16:55:00  skip
[2026-05-22 00:04:09] [SKIP] Same candle 2026-05-21 16:55:00  skip
[2026-05-22 00:05:09] [SKIP] NO_TRADE: no_momentum_signal
[2026-05-22 00:06:09] [SKIP] Same candle 2026-05-21 17:00:00  skip
[2026-05-22 00:07:09] [SKIP] Same candle 2026-05-21 17:00:00  skip
[2026-05-22 00:08:09] [SKIP] Same candle 2026-05-21 17:00:00  skip
[2026-05-22 00:09:09] [SKIP] Same candle 2026-05-21 17:00:00  skip
[2026-05-22 00:10:09] [SKIP] NO_TRADE: no_momentum_signal
[2026-05-22 00:11:09] [SKIP] Same candle 2026-05-21 17:05:00  skip
[2026-05-22 00:12:09] [SKIP] Same candle 2026-05-21 17:05:00  skip
[2026-05-22 00:13:09] [SKIP] Same candle 2026-05-21 17:05:00  skip
[2026-05-22 00:14:09] [SKIP] Same candle 2026-05-21 17:05:00  skip
[2026-05-22 00:15:09] [SKIP] NO_TRADE: no_momentum_signal
[2026-05-22 00:16:09] [SKIP] Same candle 2026-05-21 17:10:00  skip
[2026-05-22 00:17:10] [SKIP] Same candle 2026-05-21 17:10:00  skip
[2026-05-22 00:18:10] [SKIP] Same candle 2026-05-21 17:10:00  skip
[2026-05-22 00:19:10] [SKIP] Same candle 2026-05-21 17:10:00  skip
[2026-05-22 00:20:10] [SKIP] NO_TRADE: no_momentum_signal
[2026-05-22 00:21:10] [SKIP] Same candle 2026-05-21 17:15:00  skip
[2026-05-22 00:22:10] [SKIP] Same candle 2026-05-21 17:15:00  skip
[2026-05-22 00:23:10] [SKIP] Same candle 2026-05-21 17:15:00  skip
[2026-05-22 00:24:10] [SKIP] Same candle 2026-05-21 17:15:00  skip
[2026-05-22 00:25:10] [SKIP] NO_TRADE: no_momentum_signal
[2026-05-22 00:26:10] [SKIP] Same candle 2026-05-21 17:20:00  skip
[2026-05-22 00:27:10] [SKIP] Same candle 2026-05-21 17:20:00  skip
[2026-05-22 00:28:10] [SKIP] Same candle 2026-05-21 17:20:00  skip
[2026-05-22 00:29:10] [SKIP] Same candle 2026-05-21 17:20:00  skip
[2026-05-22 00:30:10] [SKIP] NO_TRADE: no_momentum_signal
[2026-05-22 00:31:10] [SKIP] Same candle 2026-05-21 17:25:00  skip
[2026-05-22 00:32:10] [SKIP] Same candle 2026-05-21 17:25:00  skip
[2026-05-22 00:33:10] [SKIP] Same candle 2026-05-21 17:25:00  skip
[2026-05-22 00:34:10] [SKIP] Same candle 2026-05-21 17:25:00  skip
[2026-05-22 00:35:10] [SKIP] NO_TRADE: no_momentum_signal
[2026-05-22 00:36:10] [SKIP] Same candle 2026-05-21 17:30:00  skip
[2026-05-22 00:37:10] [SKIP] Same candle 2026-05-21 17:30:00  skip
[2026-05-22 00:38:10] [SKIP] Same candle 2026-05-21 17:30:00  skip
[2026-05-22 00:39:10] [SKIP] Same candle 2026-05-21 17:30:00  skip
[2026-05-22 00:40:10] [SKIP] NO_TRADE: no_momentum_signal
[2026-05-22 00:41:10] [SKIP] Same candle 2026-05-21 17:35:00  skip
[2026-05-22 00:42:10] [SKIP] Same candle 2026-05-21 17:35:00  skip
[2026-05-22 00:43:10] [SKIP] Same candle 2026-05-21 17:35:00  skip
[2026-05-22 00:44:10] [SKIP] Same candle 2026-05-21 17:35:00  skip
[2026-05-22 00:45:10] [SKIP] NO_TRADE: no_momentum_signal
[2026-05-22 00:46:11] [SKIP] Same candle 2026-05-21 17:40:00  skip
[2026-05-22 00:47:11] [SKIP] Same candle 2026-05-21 17:40:00  skip
[2026-05-22 00:48:11] [SKIP] Same candle 2026-05-21 17:40:00  skip
[2026-05-22 00:49:11] [SKIP] Same candle 2026-05-21 17:40:00  skip
[2026-05-22 00:50:11] [SKIP] NO_TRADE: no_momentum_signal
[2026-05-22 00:51:11] [SKIP] Same candle 2026-05-21 17:45:00  skip
[2026-05-22 00:52:11] [SKIP] Same candle 2026-05-21 17:45:00  skip
[2026-05-22 00:53:11] [SKIP] Same candle 2026-05-21 17:45:00  skip
[2026-05-22 00:54:11] [SKIP] Same candle 2026-05-21 17:45:00  skip
[2026-05-22 00:55:11] [SKIP] NO_TRADE: no_momentum_signal
[2026-05-22 00:56:11] [SKIP] Same candle 2026-05-21 17:50:00  skip
[2026-05-22 00:57:11] [SKIP] Same candle 2026-05-21 17:50:00  skip
[2026-05-22 00:58:11] [SKIP] Same candle 2026-05-21 17:50:00  skip
[2026-05-22 00:59:11] [SKIP] Same candle 2026-05-21 17:50:00  skip
[2026-05-22 01:00:11] [STATS] Hourly (60 attempts): {'no_momentum_signal': '60(100%)'}
[2026-05-22 01:00:11] [SKIP] NO_TRADE: no_momentum_signal
[2026-05-22 01:01:11] [SKIP] Same candle 2026-05-21 17:55:00  skip
[2026-05-22 01:02:11] [SKIP] Same candle 2026-05-21 17:55:00  skip
[2026-05-22 01:03:11] [SKIP] Same candle 2026-05-21 17:55:00  skip
[2026-05-22 01:04:11] [SKIP] Same candle 2026-05-21 17:55:00  skip
[2026-05-22 01:05:11] [SKIP] NO_TRADE: no_momentum_signal
[2026-05-22 01:06:11] [SKIP] Same candle 2026-05-21 18:00:00  skip
[2026-05-22 01:07:11] [SKIP] Same candle 2026-05-21 18:00:00  skip
[2026-05-22 01:08:11] [SKIP] Same candle 2026-05-21 18:00:00  skip
[2026-05-22 01:09:11] [SKIP] Same candle 2026-05-21 18:00:00  skip
[2026-05-22 01:10:11] [SKIP] NO_TRADE: no_momentum_signal
[2026-05-22 01:11:11] [SKIP] Same candle 2026-05-21 18:05:00  skip
[2026-05-22 01:12:11] [SKIP] Same candle 2026-05-21 18:05:00  skip
[2026-05-22 01:13:11] [SKIP] Same candle 2026-05-21 18:05:00  skip
[2026-05-22 01:14:11] [SKIP] Same candle 2026-05-21 18:05:00  skip
[2026-05-22 01:15:12] [SKIP] NO_TRADE: no_momentum_signal
[2026-05-22 01:16:12] [SKIP] Same candle 2026-05-21 18:10:00  skip
[2026-05-22 01:17:12] [SKIP] Same candle 2026-05-21 18:10:00  skip
[2026-05-22 01:18:12] [SKIP] Same candle 2026-05-21 18:10:00  skip
[2026-05-22 01:19:12] [SKIP] Same candle 2026-05-21 18:10:00  skip
[2026-05-22 01:20:12] [SKIP] NO_TRADE: no_momentum_signal
[2026-05-22 01:21:12] [SKIP] Same candle 2026-05-21 18:15:00  skip
[2026-05-22 01:22:12] [SKIP] Same candle 2026-05-21 18:15:00  skip
[2026-05-22 01:23:12] [SKIP] Same candle 2026-05-21 18:15:00  skip
[2026-05-22 01:24:12] [SKIP] Same candle 2026-05-21 18:15:00  skip
[2026-05-22 01:25:12] [SKIP] NO_TRADE: no_momentum_signal
[2026-05-22 01:26:12] [SKIP] Same candle 2026-05-21 18:20:00  skip
[2026-05-22 01:27:12] [SKIP] Same candle 2026-05-21 18:20:00  skip
[2026-05-22 01:28:12] [SKIP] Same candle 2026-05-21 18:20:00  skip
[2026-05-22 01:29:12] [SKIP] Same candle 2026-05-21 18:20:00  skip
[2026-05-22 01:30:12] [SKIP] NO_TRADE: no_momentum_signal
[2026-05-22 01:31:12] [SKIP] Same candle 2026-05-21 18:25:00  skip
[2026-05-22 01:32:12] [SKIP] Same candle 2026-05-21 18:25:00  skip
[2026-05-22 01:33:12] [SKIP] Same candle 2026-05-21 18:25:00  skip
[2026-05-22 01:34:12] [SKIP] Same candle 2026-05-21 18:25:00  skip
[2026-05-22 01:35:12] [SKIP] NO_TRADE: no_momentum_signal
[2026-05-22 01:36:12] [SKIP] Same candle 2026-05-21 18:30:00  skip
[2026-05-22 01:37:12] [SKIP] Same candle 2026-05-21 18:30:00  skip
[2026-05-22 01:38:12] [SKIP] Same candle 2026-05-21 18:30:00  skip
[2026-05-22 01:39:12] [SKIP] Same candle 2026-05-21 18:30:00  skip
[2026-05-22 01:40:12] [SKIP] NO_TRADE: no_momentum_signal
[2026-05-22 01:41:12] [SKIP] Same candle 2026-05-21 18:35:00  skip
[2026-05-22 01:42:12] [SKIP] Same candle 2026-05-21 18:35:00  skip
[2026-05-22 01:43:13] [SKIP] Same candle 2026-05-21 18:35:00  skip
[2026-05-22 01:44:13] [SKIP] Same candle 2026-05-21 18:35:00  skip
[2026-05-22 01:45:13] [SKIP] NO_TRADE: no_momentum_signal
[2026-05-22 01:46:13] [SKIP] Same candle 2026-05-21 18:40:00  skip
[2026-05-22 01:47:13] [SKIP] Same candle 2026-05-21 18:40:00  skip
[2026-05-22 01:48:13] [SKIP] Same candle 2026-05-21 18:40:00  skip
[2026-05-22 01:49:13] [SKIP] Same candle 2026-05-21 18:40:00  skip
[2026-05-22 01:50:13] [SKIP] NO_TRADE: no_momentum_signal
[2026-05-22 01:51:13] [SKIP] Same candle 2026-05-21 18:45:00  skip
[2026-05-22 01:52:13] [SKIP] Same candle 2026-05-21 18:45:00  skip
[2026-05-22 01:53:13] [SKIP] Same candle 2026-05-21 18:45:00  skip
[2026-05-22 01:54:13] [SKIP] Same candle 2026-05-21 18:45:00  skip
[2026-05-22 01:55:13] [SKIP] NO_TRADE: no_momentum_signal
[2026-05-22 01:56:13] [SKIP] Same candle 2026-05-21 18:50:00  skip
[2026-05-22 01:57:13] [SKIP] Same candle 2026-05-21 18:50:00  skip
[2026-05-22 01:58:13] [SKIP] Same candle 2026-05-21 18:50:00  skip
[2026-05-22 01:59:13] [SKIP] Same candle 2026-05-21 18:50:00  skip
[2026-05-22 02:00:13] [STATS] Hourly (120 attempts): {'no_momentum_signal': '120(100%)'}
[2026-05-22 02:00:13] [SKIP] NO_TRADE: no_momentum_signal
[2026-05-22 02:01:13] [SKIP] Same candle 2026-05-21 18:55:00  skip
[2026-05-22 02:02:13] [SKIP] Same candle 2026-05-21 18:55:00  skip
[2026-05-22 02:03:13] [SKIP] Same candle 2026-05-21 18:55:00  skip
[2026-05-22 02:04:13] [SKIP] Same candle 2026-05-21 18:55:00  skip
[2026-05-22 02:05:13] [SKIP] NO_TRADE: no_momentum_signal
[2026-05-22 02:06:13] [SKIP] Same candle 2026-05-21 19:00:00  skip
[2026-05-22 02:07:13] [SKIP] Same candle 2026-05-21 19:00:00  skip
[2026-05-22 02:08:13] [SKIP] Same candle 2026-05-21 19:00:00  skip
[2026-05-22 02:09:13] [SKIP] Same candle 2026-05-21 19:00:00  skip
[2026-05-22 02:10:13] [SKIP] NO_TRADE: no_momentum_signal
[2026-05-22 02:11:13] [SKIP] Same candle 2026-05-21 19:05:00  skip
[2026-05-22 02:12:13] [SKIP] Same candle 2026-05-21 19:05:00  skip
[2026-05-22 02:13:14] [SKIP] Same candle 2026-05-21 19:05:00  skip
[2026-05-22 02:14:14] [SKIP] Same candle 2026-05-21 19:05:00  skip
[2026-05-22 02:15:14] [SKIP] NO_TRADE: no_momentum_signal
[2026-05-22 02:16:14] [SKIP] Same candle 2026-05-21 19:10:00  skip
[2026-05-22 02:17:14] [SKIP] Same candle 2026-05-21 19:10:00  skip
[2026-05-22 02:18:14] [SKIP] Same candle 2026-05-21 19:10:00  skip
[2026-05-22 02:19:14] [SKIP] Same candle 2026-05-21 19:10:00  skip
[2026-05-22 02:20:14] [SKIP] NO_TRADE: no_momentum_signal
[2026-05-22 02:21:14] [SKIP] Same candle 2026-05-21 19:15:00  skip
[2026-05-22 02:22:14] [SKIP] Same candle 2026-05-21 19:15:00  skip
[2026-05-22 02:23:14] [SKIP] Same candle 2026-05-21 19:15:00  skip
[2026-05-22 02:24:14] [SKIP] Same candle 2026-05-21 19:15:00  skip
[2026-05-22 02:25:14] [SKIP] NO_TRADE: no_momentum_signal
[2026-05-22 02:26:14] [SKIP] Same candle 2026-05-21 19:20:00  skip
[2026-05-22 02:27:14] [SKIP] Same candle 2026-05-21 19:20:00  skip
[2026-05-22 02:28:14] [SKIP] Same candle 2026-05-21 19:20:00  skip
[2026-05-22 02:29:14] [SKIP] Same candle 2026-05-21 19:20:00  skip
[2026-05-22 02:30:14] [SKIP] NO_TRADE: no_momentum_signal
[2026-05-22 02:31:14] [SKIP] Same candle 2026-05-21 19:25:00  skip
[2026-05-22 02:32:14] [SKIP] Same candle 2026-05-21 19:25:00  skip
[2026-05-22 02:33:14] [SKIP] Same candle 2026-05-21 19:25:00  skip
[2026-05-22 02:34:14] [SKIP] Same candle 2026-05-21 19:25:00  skip
[2026-05-22 02:35:14] [SKIP] NO_TRADE: no_momentum_signal
[2026-05-22 02:36:14] [SKIP] Same candle 2026-05-21 19:30:00  skip
[2026-05-22 02:37:14] [SKIP] Same candle 2026-05-21 19:30:00  skip
[2026-05-22 02:38:14] [SKIP] Same candle 2026-05-21 19:30:00  skip
[2026-05-22 02:39:14] [SKIP] Same candle 2026-05-21 19:30:00  skip
[2026-05-22 02:40:14] [SKIP] NO_TRADE: no_momentum_signal
[2026-05-22 02:41:14] [SKIP] Same candle 2026-05-21 19:35:00  skip
[2026-05-22 02:42:15] [SKIP] Same candle 2026-05-21 19:35:00  skip
[2026-05-22 02:43:15] [SKIP] Same candle 2026-05-21 19:35:00  skip
[2026-05-22 02:44:15] [SKIP] Same candle 2026-05-21 19:35:00  skip
[2026-05-22 02:45:15] [SKIP] NO_TRADE: no_momentum_signal
[2026-05-22 02:46:15] [SKIP] Same candle 2026-05-21 19:40:00  skip
[2026-05-22 02:47:15] [SKIP] Same candle 2026-05-21 19:40:00  skip
[2026-05-22 02:48:15] [SKIP] Same candle 2026-05-21 19:40:00  skip
[2026-05-22 02:49:15] [SKIP] Same candle 2026-05-21 19:40:00  skip
[2026-05-22 02:50:15] [SKIP] NO_TRADE: no_momentum_signal
[2026-05-22 02:51:15] [SKIP] Same candle 2026-05-21 19:45:00  skip
[2026-05-22 02:52:15] [SKIP] Same candle 2026-05-21 19:45:00  skip
[2026-05-22 02:53:15] [SKIP] Same candle 2026-05-21 19:45:00  skip
[2026-05-22 02:54:15] [SKIP] Same candle 2026-05-21 19:45:00  skip
[2026-05-22 02:55:15] [SKIP] NO_TRADE: no_momentum_signal
[2026-05-22 02:56:15] [SKIP] Same candle 2026-05-21 19:50:00  skip
[2026-05-22 02:57:15] [SKIP] Same candle 2026-05-21 19:50:00  skip
[2026-05-22 02:58:15] [SKIP] Same candle 2026-05-21 19:50:00  skip
[2026-05-22 02:59:15] [SKIP] Same candle 2026-05-21 19:50:00  skip
[2026-05-22 03:00:15] [STATS] Hourly (180 attempts): {'no_momentum_signal': '180(100%)'}
[2026-05-22 03:00:15] [SKIP] NO_TRADE: no_momentum_signal
[2026-05-22 03:01:15] [SKIP] Same candle 2026-05-21 19:55:00  skip
[2026-05-22 03:02:15] [SKIP] Same candle 2026-05-21 19:55:00  skip
[2026-05-22 03:03:15] [SKIP] Same candle 2026-05-21 19:55:00  skip
[2026-05-22 03:04:15] [SKIP] Same candle 2026-05-21 19:55:00  skip
[2026-05-22 03:05:15] [SKIP] NO_TRADE: no_momentum_signal
[2026-05-22 03:06:15] [SKIP] Same candle 2026-05-21 20:00:00  skip
[2026-05-22 03:07:15] [SKIP] Same candle 2026-05-21 20:00:00  skip
[2026-05-22 03:08:15] [SKIP] Same candle 2026-05-21 20:00:00  skip
[2026-05-22 03:09:16] [SKIP] Same candle 2026-05-21 20:00:00  skip
[2026-05-22 03:10:16] [SKIP] NO_TRADE: no_momentum_signal
[2026-05-22 03:11:16] [SKIP] Same candle 2026-05-21 20:05:00  skip
[2026-05-22 03:12:16] [SKIP] Same candle 2026-05-21 20:05:00  skip
[2026-05-22 03:13:16] [SKIP] Same candle 2026-05-21 20:05:00  skip
[2026-05-22 03:14:16] [SKIP] Same candle 2026-05-21 20:05:00  skip
[2026-05-22 03:15:16] [SKIP] NO_TRADE: no_momentum_signal
[2026-05-22 03:16:16] [SKIP] Same candle 2026-05-21 20:10:00  skip
[2026-05-22 03:17:16] [SKIP] Same candle 2026-05-21 20:10:00  skip
[2026-05-22 03:18:16] [SKIP] Same candle 2026-05-21 20:10:00  skip
[2026-05-22 03:19:16] [SKIP] Same candle 2026-05-21 20:10:00  skip
[2026-05-22 03:20:16] [SKIP] NO_TRADE: no_momentum_signal
[2026-05-22 03:21:16] [SKIP] Same candle 2026-05-21 20:15:00  skip
[2026-05-22 03:22:16] [SKIP] Same candle 2026-05-21 20:15:00  skip
[2026-05-22 03:23:16] [SKIP] Same candle 2026-05-21 20:15:00  skip
[2026-05-22 03:24:16] [SKIP] Same candle 2026-05-21 20:15:00  skip
[2026-05-22 03:25:16] [SKIP] NO_TRADE: no_momentum_signal
[2026-05-22 03:26:16] [SKIP] Same candle 2026-05-21 20:20:00  skip
[2026-05-22 03:27:16] [SKIP] Same candle 2026-05-21 20:20:00  skip
[2026-05-22 03:28:16] [SKIP] Same candle 2026-05-21 20:20:00  skip
[2026-05-22 03:29:16] [SKIP] Same candle 2026-05-21 20:20:00  skip
[2026-05-22 03:30:16] [SKIP] NO_TRADE: no_momentum_signal
[2026-05-22 03:31:16] [SKIP] Same candle 2026-05-21 20:25:00  skip
[2026-05-22 03:32:16] [SKIP] Same candle 2026-05-21 20:25:00  skip
[2026-05-22 03:33:16] [SKIP] Same candle 2026-05-21 20:25:00  skip
[2026-05-22 03:34:16] [SKIP] Same candle 2026-05-21 20:25:00  skip
[2026-05-22 03:35:16] [SKIP] NO_TRADE: no_momentum_signal
[2026-05-22 03:36:16] [SKIP] Same candle 2026-05-21 20:30:00  skip
[2026-05-22 03:37:16] [SKIP] Same candle 2026-05-21 20:30:00  skip
[2026-05-22 03:38:17] [SKIP] Same candle 2026-05-21 20:30:00  skip
[2026-05-22 03:39:17] [SKIP] Same candle 2026-05-21 20:30:00  skip
[2026-05-22 03:40:17] [SKIP] NO_TRADE: no_momentum_signal
[2026-05-22 03:41:17] [SKIP] Same candle 2026-05-21 20:35:00  skip
[2026-05-22 03:42:17] [SKIP] Same candle 2026-05-21 20:35:00  skip
[2026-05-22 03:43:17] [SKIP] Same candle 2026-05-21 20:35:00  skip
[2026-05-22 03:44:17] [SKIP] Same candle 2026-05-21 20:35:00  skip
[2026-05-22 03:45:17] [SKIP] NO_TRADE: no_momentum_signal
[2026-05-22 03:46:17] [SKIP] Same candle 2026-05-21 20:40:00  skip
[2026-05-22 03:47:17] [SKIP] Same candle 2026-05-21 20:40:00  skip
[2026-05-22 03:48:17] [SKIP] Same candle 2026-05-21 20:40:00  skip
[2026-05-22 03:49:17] [SKIP] Same candle 2026-05-21 20:40:00  skip
[2026-05-22 03:50:17] [SKIP] NO_TRADE: no_momentum_signal
[2026-05-22 03:51:17] [SKIP] Same candle 2026-05-21 20:45:00  skip
[2026-05-22 03:52:17] [SKIP] Same candle 2026-05-21 20:45:00  skip
[2026-05-22 03:53:17] [SKIP] Same candle 2026-05-21 20:45:00  skip
[2026-05-22 03:54:17] [SKIP] Same candle 2026-05-21 20:45:00  skip
[2026-05-22 03:55:17] [SKIP] NO_TRADE: no_momentum_signal
[2026-05-22 03:56:17] [SKIP] Same candle 2026-05-21 20:50:00  skip
[2026-05-22 03:57:17] [SKIP] Same candle 2026-05-21 20:50:00  skip
[2026-05-22 03:58:17] [SKIP] Same candle 2026-05-21 20:50:00  skip
[2026-05-22 03:59:17] [SKIP] Same candle 2026-05-21 20:50:00  skip
[2026-05-22 04:00:17] [STATS] Hourly (240 attempts): {'no_momentum_signal': '240(100%)'}
[2026-05-22 04:00:17] [SKIP] Same candle 2026-05-21 20:50:00  skip
[2026-05-22 04:01:17] [SKIP] Same candle 2026-05-21 20:50:00  skip
[2026-05-22 04:02:17] [SKIP] Same candle 2026-05-21 20:50:00  skip
[2026-05-22 04:03:17] [SKIP] Same candle 2026-05-21 20:50:00  skip
[2026-05-22 04:04:17] [SKIP] Same candle 2026-05-21 20:50:00  skip
[2026-05-22 04:05:17] [SKIP] Same candle 2026-05-21 20:50:00  skip
[2026-05-22 04:06:18] [SKIP] Same candle 2026-05-21 20:50:00  skip
[2026-05-22 04:07:18] [SKIP] Same candle 2026-05-21 20:50:00  skip
[2026-05-22 04:08:18] [SKIP] Same candle 2026-05-21 20:50:00  skip
[2026-05-22 04:09:18] [SKIP] Same candle 2026-05-21 20:50:00  skip
[2026-05-22 04:10:18] [SKIP] Same candle 2026-05-21 20:50:00  skip
[2026-05-22 04:11:18] [SKIP] Same candle 2026-05-21 20:50:00  skip
[2026-05-22 04:12:18] [SKIP] Same candle 2026-05-21 20:50:00  skip
[2026-05-22 04:13:18] [SKIP] Same candle 2026-05-21 20:50:00  skip
[2026-05-22 04:14:18] [SKIP] Same candle 2026-05-21 20:50:00  skip
[2026-05-22 04:15:18] [SKIP] Same candle 2026-05-21 20:50:00  skip
[2026-05-22 04:16:18] [SKIP] Same candle 2026-05-21 20:50:00  skip
[2026-05-22 04:17:18] [SKIP] Same candle 2026-05-21 20:50:00  skip
[2026-05-22 04:18:18] [SKIP] Same candle 2026-05-21 20:50:00  skip
[2026-05-22 04:19:18] [SKIP] Same candle 2026-05-21 20:50:00  skip
[2026-05-22 04:20:18] [SKIP] Same candle 2026-05-21 20:50:00  skip
[2026-05-22 04:21:18] [SKIP] Same candle 2026-05-21 20:50:00  skip
[2026-05-22 04:22:18] [SKIP] Same candle 2026-05-21 20:50:00  skip
[2026-05-22 04:23:18] [SKIP] Same candle 2026-05-21 20:50:00  skip
[2026-05-22 04:24:18] [SKIP] Same candle 2026-05-21 20:50:00  skip
[2026-05-22 04:25:18] [SKIP] Same candle 2026-05-21 20:50:00  skip
[2026-05-22 04:26:18] [SKIP] Same candle 2026-05-21 20:50:00  skip
[2026-05-22 04:27:18] [SKIP] Same candle 2026-05-21 20:50:00  skip
[2026-05-22 04:28:18] [SKIP] Same candle 2026-05-21 20:50:00  skip
[2026-05-22 04:29:18] [SKIP] Same candle 2026-05-21 20:50:00  skip
[2026-05-22 04:30:18] [SKIP] Same candle 2026-05-21 20:50:00  skip
[2026-05-22 04:31:18] [SKIP] Same candle 2026-05-21 20:50:00  skip
[2026-05-22 04:32:18] [SKIP] Same candle 2026-05-21 20:50:00  skip
[2026-05-22 04:33:18] [SKIP] Same candle 2026-05-21 20:50:00  skip
[2026-05-22 04:34:18] [SKIP] Same candle 2026-05-21 20:50:00  skip
[2026-05-22 04:35:19] [SKIP] Same candle 2026-05-21 20:50:00  skip
[2026-05-22 04:36:19] [SKIP] Same candle 2026-05-21 20:50:00  skip
[2026-05-22 04:37:19] [SKIP] Same candle 2026-05-21 20:50:00  skip
[2026-05-22 04:38:19] [SKIP] Same candle 2026-05-21 20:50:00  skip
[2026-05-22 04:39:19] [SKIP] Same candle 2026-05-21 20:50:00  skip
[2026-05-22 04:40:19] [SKIP] Same candle 2026-05-21 20:50:00  skip
[2026-05-22 04:41:19] [SKIP] Same candle 2026-05-21 20:50:00  skip
[2026-05-22 04:42:19] [SKIP] Same candle 2026-05-21 20:50:00  skip
[2026-05-22 04:43:19] [SKIP] Same candle 2026-05-21 20:50:00  skip
[2026-05-22 04:44:19] [SKIP] Same candle 2026-05-21 20:50:00  skip
[2026-05-22 04:45:19] [SKIP] Same candle 2026-05-21 20:50:00  skip
[2026-05-22 04:46:19] [SKIP] Same candle 2026-05-21 20:50:00  skip
[2026-05-22 04:47:19] [SKIP] Same candle 2026-05-21 20:50:00  skip
[2026-05-22 04:48:19] [SKIP] Same candle 2026-05-21 20:50:00  skip
[2026-05-22 04:49:19] [SKIP] Same candle 2026-05-21 20:50:00  skip
[2026-05-22 04:50:19] [SKIP] Same candle 2026-05-21 20:50:00  skip
[2026-05-22 04:51:19] [SKIP] Same candle 2026-05-21 20:50:00  skip
[2026-05-22 04:52:19] [SKIP] Same candle 2026-05-21 20:50:00  skip
[2026-05-22 04:53:19] [SKIP] Same candle 2026-05-21 20:50:00  skip
[2026-05-22 04:54:19] [SKIP] Same candle 2026-05-21 20:50:00  skip
[2026-05-22 04:55:19] [SKIP] Same candle 2026-05-21 20:50:00  skip
[2026-05-22 04:56:19] [SKIP] Same candle 2026-05-21 20:50:00  skip
[2026-05-22 04:57:19] [SKIP] Same candle 2026-05-21 20:50:00  skip
[2026-05-22 04:58:19] [SKIP] Same candle 2026-05-21 20:50:00  skip
[2026-05-22 04:59:19] [SKIP] Same candle 2026-05-21 20:50:00  skip
[2026-05-22 05:00:19] [STATS] Hourly (300 attempts): {'no_momentum_signal': '300(100%)'}
[2026-05-22 05:00:19] [SKIP] Same candle 2026-05-21 20:50:00  skip
[2026-05-22 05:01:19] [SKIP] NO_TRADE: no_momentum_signal
[2026-05-22 05:02:19] [SKIP] Same candle 2026-05-21 20:55:00  skip
[2026-05-22 05:03:20] [SKIP] Same candle 2026-05-21 20:55:00  skip
[2026-05-22 05:04:20] [SKIP] Same candle 2026-05-21 20:55:00  skip
[2026-05-22 05:05:20] [SKIP] NO_TRADE: no_momentum_signal
[2026-05-22 05:06:20] [SKIP] Same candle 2026-05-21 22:00:00  skip
[2026-05-22 05:07:20] [SKIP] Same candle 2026-05-21 22:00:00  skip
[2026-05-22 05:08:20] [SKIP] Same candle 2026-05-21 22:00:00  skip
[2026-05-22 05:09:20] [SKIP] Same candle 2026-05-21 22:00:00  skip
[2026-05-22 05:10:20] [SKIP] NO_TRADE: no_momentum_signal
[2026-05-22 05:11:20] [SKIP] Same candle 2026-05-21 22:05:00  skip
[2026-05-22 05:12:20] [SKIP] Same candle 2026-05-21 22:05:00  skip
[2026-05-22 05:13:20] [SKIP] Same candle 2026-05-21 22:05:00  skip
[2026-05-22 05:14:20] [SKIP] Same candle 2026-05-21 22:05:00  skip
[2026-05-22 05:15:20] [SKIP] NO_TRADE: no_momentum_signal
[2026-05-22 05:16:20] [SKIP] Same candle 2026-05-21 22:10:00  skip
[2026-05-22 05:17:20] [SKIP] Same candle 2026-05-21 22:10:00  skip
[2026-05-22 05:18:20] [SKIP] Same candle 2026-05-21 22:10:00  skip
[2026-05-22 05:19:20] [SKIP] Same candle 2026-05-21 22:10:00  skip
[2026-05-22 05:20:20] [SKIP] NO_TRADE: no_momentum_signal
[2026-05-22 05:21:20] [SKIP] Same candle 2026-05-21 22:15:00  skip
[2026-05-22 05:22:20] [SKIP] Same candle 2026-05-21 22:15:00  skip
[2026-05-22 05:23:20] [SKIP] Same candle 2026-05-21 22:15:00  skip
[2026-05-22 05:24:20] [SKIP] Same candle 2026-05-21 22:15:00  skip
[2026-05-22 05:25:20] [SKIP] NO_TRADE: no_momentum_signal
[2026-05-22 05:26:20] [SKIP] Same candle 2026-05-21 22:20:00  skip
[2026-05-22 05:27:20] [SKIP] Same candle 2026-05-21 22:20:00  skip
[2026-05-22 05:28:20] [SKIP] Same candle 2026-05-21 22:20:00  skip
[2026-05-22 05:29:20] [SKIP] Same candle 2026-05-21 22:20:00  skip
[2026-05-22 05:30:20] [SKIP] NO_TRADE: no_momentum_signal
[2026-05-22 05:31:21] [SKIP] Same candle 2026-05-21 22:25:00  skip
[2026-05-22 05:32:21] [SKIP] Same candle 2026-05-21 22:25:00  skip
[2026-05-22 05:33:21] [SKIP] Same candle 2026-05-21 22:25:00  skip
[2026-05-22 05:34:21] [SKIP] Same candle 2026-05-21 22:25:00  skip
[2026-05-22 05:35:21] [SKIP] NO_TRADE: no_momentum_signal
[2026-05-22 05:36:21] [SKIP] Same candle 2026-05-21 22:30:00  skip
[2026-05-22 05:37:21] [SKIP] Same candle 2026-05-21 22:30:00  skip
[2026-05-22 05:38:21] [SKIP] Same candle 2026-05-21 22:30:00  skip
[2026-05-22 05:39:21] [SKIP] Same candle 2026-05-21 22:30:00  skip
[2026-05-22 05:40:21] [SKIP] NO_TRADE: no_momentum_signal
[2026-05-22 05:41:21] [SKIP] Same candle 2026-05-21 22:35:00  skip
[2026-05-22 05:42:21] [SKIP] Same candle 2026-05-21 22:35:00  skip
[2026-05-22 05:43:21] [SKIP] Same candle 2026-05-21 22:35:00  skip
[2026-05-22 05:44:21] [SKIP] Same candle 2026-05-21 22:35:00  skip
[2026-05-22 05:45:21] [SKIP] NO_TRADE: no_momentum_signal
[2026-05-22 05:46:21] [SKIP] Same candle 2026-05-21 22:40:00  skip
[2026-05-22 05:47:21] [SKIP] Same candle 2026-05-21 22:40:00  skip
[2026-05-22 05:48:21] [SKIP] Same candle 2026-05-21 22:40:00  skip
[2026-05-22 05:49:21] [SKIP] Same candle 2026-05-21 22:40:00  skip
[2026-05-22 05:50:21] [SKIP] NO_TRADE: no_momentum_signal
[2026-05-22 05:51:21] [SKIP] Same candle 2026-05-21 22:45:00  skip
[2026-05-22 05:52:21] [SKIP] Same candle 2026-05-21 22:45:00  skip
[2026-05-22 05:53:21] [SKIP] Same candle 2026-05-21 22:45:00  skip
[2026-05-22 05:54:21] [SKIP] Same candle 2026-05-21 22:45:00  skip
[2026-05-22 05:55:21] [SKIP] NO_TRADE: no_momentum_signal
[2026-05-22 05:56:21] [SKIP] Same candle 2026-05-21 22:50:00  skip
[2026-05-22 05:57:21] [SKIP] Same candle 2026-05-21 22:50:00  skip
[2026-05-22 05:58:21] [SKIP] Same candle 2026-05-21 22:50:00  skip
[2026-05-22 05:59:21] [SKIP] Same candle 2026-05-21 22:50:00  skip
[2026-05-22 06:00:21] [STATS] Hourly (360 attempts): {'no_momentum_signal': '360(100%)'}
[2026-05-22 06:00:22] [SKIP] NO_TRADE: no_momentum_signal
[2026-05-22 06:01:22] [SKIP] Same candle 2026-05-21 22:55:00  skip
[2026-05-22 06:02:22] [SKIP] Same candle 2026-05-21 22:55:00  skip
[2026-05-22 06:03:22] [SKIP] Same candle 2026-05-21 22:55:00  skip
[2026-05-22 06:04:22] [SKIP] Same candle 2026-05-21 22:55:00  skip
[2026-05-22 06:05:22] [SKIP] NO_TRADE: no_momentum_signal
[2026-05-22 06:06:22] [SKIP] Same candle 2026-05-21 23:00:00  skip
[2026-05-22 06:07:22] [SKIP] Same candle 2026-05-21 23:00:00  skip
[2026-05-22 06:08:22] [SKIP] Same candle 2026-05-21 23:00:00  skip
[2026-05-22 06:09:22] [SKIP] Same candle 2026-05-21 23:00:00  skip
[2026-05-22 06:10:22] [SKIP] NO_TRADE: no_momentum_signal
[2026-05-22 06:11:22] [SKIP] Same candle 2026-05-21 23:05:00  skip
[2026-05-22 06:12:22] [SKIP] Same candle 2026-05-21 23:05:00  skip
[2026-05-22 06:13:22] [SKIP] Same candle 2026-05-21 23:05:00  skip
[2026-05-22 06:14:22] [SKIP] Same candle 2026-05-21 23:05:00  skip
[2026-05-22 06:15:22] [SKIP] NO_TRADE: no_momentum_signal
[2026-05-22 06:16:22] [SKIP] Same candle 2026-05-21 23:10:00  skip
[2026-05-22 06:17:22] [SKIP] Same candle 2026-05-21 23:10:00  skip
[2026-05-22 06:18:22] [SKIP] Same candle 2026-05-21 23:10:00  skip
[2026-05-22 06:19:22] [SKIP] Same candle 2026-05-21 23:10:00  skip
[2026-05-22 06:20:22] [SKIP] NO_TRADE: no_momentum_signal
[2026-05-22 06:21:22] [SKIP] Same candle 2026-05-21 23:15:00  skip
[2026-05-22 06:22:22] [SKIP] Same candle 2026-05-21 23:15:00  skip
[2026-05-22 06:23:22] [SKIP] Same candle 2026-05-21 23:15:00  skip
[2026-05-22 06:24:22] [SKIP] Same candle 2026-05-21 23:15:00  skip
[2026-05-22 06:25:22] [SKIP] NO_TRADE: no_momentum_signal
[2026-05-22 06:26:22] [SKIP] Same candle 2026-05-21 23:20:00  skip
[2026-05-22 06:27:22] [SKIP] Same candle 2026-05-21 23:20:00  skip
[2026-05-22 06:28:22] [SKIP] Same candle 2026-05-21 23:20:00  skip
[2026-05-22 06:29:23] [SKIP] Same candle 2026-05-21 23:20:00  skip
[2026-05-22 06:30:23] [SKIP] NO_TRADE: no_momentum_signal
[2026-05-22 06:31:23] [SKIP] Same candle 2026-05-21 23:25:00  skip
[2026-05-22 06:32:23] [SKIP] Same candle 2026-05-21 23:25:00  skip
[2026-05-22 06:33:23] [SKIP] Same candle 2026-05-21 23:25:00  skip
[2026-05-22 06:34:23] [SKIP] Same candle 2026-05-21 23:25:00  skip
[2026-05-22 06:35:23] [SKIP] NO_TRADE: no_momentum_signal
[2026-05-22 06:36:23] [SKIP] Same candle 2026-05-21 23:30:00  skip
[2026-05-22 06:37:23] [SKIP] Same candle 2026-05-21 23:30:00  skip
[2026-05-22 06:38:23] [SKIP] Same candle 2026-05-21 23:30:00  skip
[2026-05-22 06:39:23] [SKIP] Same candle 2026-05-21 23:30:00  skip
[2026-05-22 06:40:23] [SKIP] NO_TRADE: no_momentum_signal
[2026-05-22 06:41:23] [SKIP] Same candle 2026-05-21 23:35:00  skip
[2026-05-22 06:42:23] [SKIP] Same candle 2026-05-21 23:35:00  skip
[2026-05-22 06:43:23] [SKIP] Same candle 2026-05-21 23:35:00  skip
[2026-05-22 06:44:23] [SKIP] Same candle 2026-05-21 23:35:00  skip
[2026-05-22 06:45:23] [SKIP] NO_TRADE: no_momentum_signal
[2026-05-22 06:46:23] [SKIP] Same candle 2026-05-21 23:40:00  skip
[2026-05-22 06:47:23] [SKIP] Same candle 2026-05-21 23:40:00  skip
[2026-05-22 06:48:23] [SKIP] Same candle 2026-05-21 23:40:00  skip
[2026-05-22 06:49:23] [SKIP] Same candle 2026-05-21 23:40:00  skip
[2026-05-22 06:50:23] [SKIP] NO_TRADE: no_momentum_signal
[2026-05-22 06:51:23] [SKIP] Same candle 2026-05-21 23:45:00  skip
[2026-05-22 06:52:23] [SKIP] Same candle 2026-05-21 23:45:00  skip
[2026-05-22 06:53:23] [SKIP] Same candle 2026-05-21 23:45:00  skip
[2026-05-22 06:54:23] [SKIP] Same candle 2026-05-21 23:45:00  skip
[2026-05-22 06:55:23] [SKIP] NO_TRADE: no_momentum_signal
[2026-05-22 06:56:23] [SKIP] Same candle 2026-05-21 23:50:00  skip
[2026-05-22 06:57:23] [SKIP] Same candle 2026-05-21 23:50:00  skip
[2026-05-22 06:58:24] [SKIP] Same candle 2026-05-21 23:50:00  skip
[2026-05-22 06:59:24] [SKIP] Same candle 2026-05-21 23:50:00  skip
[2026-05-22 07:00:24] [STATS] Hourly (420 attempts): {'no_momentum_signal': '420(100%)'}
[2026-05-22 07:00:24] [SKIP] NO_TRADE: no_momentum_signal
[2026-05-22 07:01:24] [SKIP] Same candle 2026-05-21 23:55:00  skip
[2026-05-22 07:02:24] [SKIP] Same candle 2026-05-21 23:55:00  skip
[2026-05-22 07:03:24] [SKIP] Same candle 2026-05-21 23:55:00  skip
[2026-05-22 07:04:24] [SKIP] Same candle 2026-05-21 23:55:00  skip
[2026-05-22 07:05:24] [SKIP] NO_TRADE: no_momentum_signal
[2026-05-22 07:06:24] [SKIP] Same candle 2026-05-22 00:00:00  skip
[2026-05-22 07:07:24] [SKIP] Same candle 2026-05-22 00:00:00  skip
[2026-05-22 07:08:24] [SKIP] Same candle 2026-05-22 00:00:00  skip
[2026-05-22 07:09:24] [SKIP] Same candle 2026-05-22 00:00:00  skip
[2026-05-22 07:10:24] [SKIP] NO_TRADE: no_momentum_signal
[2026-05-22 07:11:24] [SKIP] Same candle 2026-05-22 00:05:00  skip
[2026-05-22 07:12:24] [SKIP] Same candle 2026-05-22 00:05:00  skip
[2026-05-22 07:13:24] [SKIP] Same candle 2026-05-22 00:05:00  skip
[2026-05-22 07:14:24] [SKIP] Same candle 2026-05-22 00:05:00  skip
[2026-05-22 07:15:24] [SKIP] NO_TRADE: no_momentum_signal
[2026-05-22 07:16:24] [SKIP] Same candle 2026-05-22 00:10:00  skip
[2026-05-22 07:17:24] [SKIP] Same candle 2026-05-22 00:10:00  skip
[2026-05-22 07:18:24] [SKIP] Same candle 2026-05-22 00:10:00  skip
[2026-05-22 07:19:24] [SKIP] Same candle 2026-05-22 00:10:00  skip
[2026-05-22 07:20:24] [SKIP] NO_TRADE: no_momentum_signal
[2026-05-22 07:21:24] [SKIP] Same candle 2026-05-22 00:15:00  skip
[2026-05-22 07:22:24] [SKIP] Same candle 2026-05-22 00:15:00  skip
[2026-05-22 07:23:24] [SKIP] Same candle 2026-05-22 00:15:00  skip
[2026-05-22 07:24:24] [SKIP] Same candle 2026-05-22 00:15:00  skip
[2026-05-22 07:25:24] [SKIP] NO_TRADE: no_momentum_signal
[2026-05-22 07:26:24] [SKIP] Same candle 2026-05-22 00:20:00  skip
[2026-05-22 07:27:25] [SKIP] Same candle 2026-05-22 00:20:00  skip
[2026-05-22 07:28:25] [SKIP] Same candle 2026-05-22 00:20:00  skip
[2026-05-22 07:29:25] [SKIP] Same candle 2026-05-22 00:20:00  skip
[2026-05-22 07:30:25] [SKIP] NO_TRADE: no_momentum_signal
[2026-05-22 07:31:25] [SKIP] Same candle 2026-05-22 00:25:00  skip
[2026-05-22 07:32:25] [SKIP] Same candle 2026-05-22 00:25:00  skip
[2026-05-22 07:33:25] [SKIP] Same candle 2026-05-22 00:25:00  skip
[2026-05-22 07:34:25] [SKIP] Same candle 2026-05-22 00:25:00  skip
[2026-05-22 07:35:25] [SKIP] NO_TRADE: no_momentum_signal
[2026-05-22 07:36:25] [SKIP] Same candle 2026-05-22 00:30:00  skip
[2026-05-22 07:37:25] [SKIP] Same candle 2026-05-22 00:30:00  skip
[2026-05-22 07:38:25] [SKIP] Same candle 2026-05-22 00:30:00  skip
[2026-05-22 07:39:25] [SKIP] Same candle 2026-05-22 00:30:00  skip
[2026-05-22 07:40:25] [SKIP] NO_TRADE: no_momentum_signal
[2026-05-22 07:41:25] [SKIP] Same candle 2026-05-22 00:35:00  skip
[2026-05-22 07:42:25] [SKIP] Same candle 2026-05-22 00:35:00  skip
[2026-05-22 07:43:25] [SKIP] Same candle 2026-05-22 00:35:00  skip
[2026-05-22 07:44:25] [SKIP] Same candle 2026-05-22 00:35:00  skip
[2026-05-22 07:45:25] [SKIP] NO_TRADE: no_momentum_signal
[2026-05-22 07:46:25] [SKIP] Same candle 2026-05-22 00:40:00  skip
[2026-05-22 07:47:25] [SKIP] Same candle 2026-05-22 00:40:00  skip
[2026-05-22 07:48:25] [SKIP] Same candle 2026-05-22 00:40:00  skip
[2026-05-22 07:49:25] [SKIP] Same candle 2026-05-22 00:40:00  skip
[2026-05-22 07:50:25] [SKIP] NO_TRADE: no_momentum_signal
[2026-05-22 07:51:25] [SKIP] Same candle 2026-05-22 00:45:00  skip
[2026-05-22 07:52:25] [SKIP] Same candle 2026-05-22 00:45:00  skip
[2026-05-22 07:53:25] [SKIP] Same candle 2026-05-22 00:45:00  skip
[2026-05-22 07:54:25] [SKIP] Same candle 2026-05-22 00:45:00  skip
[2026-05-22 07:55:25] [SKIP] NO_TRADE: no_momentum_signal
[2026-05-22 07:56:26] [SKIP] Same candle 2026-05-22 00:50:00  skip
[2026-05-22 07:57:26] [SKIP] Same candle 2026-05-22 00:50:00  skip
[2026-05-22 07:58:26] [SKIP] Same candle 2026-05-22 00:50:00  skip
[2026-05-22 07:59:26] [SKIP] Same candle 2026-05-22 00:50:00  skip
[2026-05-22 08:00:26] [STATS] Hourly (480 attempts): {'no_momentum_signal': '480(100%)'}
[2026-05-22 08:00:26] [SKIP] NO_TRADE: no_momentum_signal
[2026-05-22 08:01:26] [SKIP] Same candle 2026-05-22 00:55:00  skip
[2026-05-22 08:02:26] [SKIP] Same candle 2026-05-22 00:55:00  skip
[2026-05-22 08:03:26] [SKIP] Same candle 2026-05-22 00:55:00  skip
[2026-05-22 08:04:26] [SKIP] Same candle 2026-05-22 00:55:00  skip
[2026-05-22 08:05:26] [SKIP] NO_TRADE: no_momentum_signal
[2026-05-22 08:06:26] [SKIP] Same candle 2026-05-22 01:00:00  skip
[2026-05-22 08:07:26] [SKIP] Same candle 2026-05-22 01:00:00  skip
[2026-05-22 08:08:26] [SKIP] Same candle 2026-05-22 01:00:00  skip
[2026-05-22 08:09:26] [SKIP] Same candle 2026-05-22 01:00:00  skip
[2026-05-22 08:10:26] [SKIP] NO_TRADE: no_momentum_signal
[2026-05-22 08:11:26] [SKIP] Same candle 2026-05-22 01:05:00  skip
[2026-05-22 08:12:26] [SKIP] Same candle 2026-05-22 01:05:00  skip
[2026-05-22 08:13:26] [SKIP] Same candle 2026-05-22 01:05:00  skip
[2026-05-22 08:14:26] [SKIP] Same candle 2026-05-22 01:05:00  skip
[2026-05-22 08:15:26] [SKIP] NO_TRADE: no_momentum_signal
[2026-05-22 08:16:26] [SKIP] Same candle 2026-05-22 01:10:00  skip
[2026-05-22 08:17:26] [SKIP] Same candle 2026-05-22 01:10:00  skip
[2026-05-22 08:18:26] [SKIP] Same candle 2026-05-22 01:10:00  skip
[2026-05-22 08:19:26] [SKIP] Same candle 2026-05-22 01:10:00  skip
[2026-05-22 08:20:26] [SKIP] NO_TRADE: no_momentum_signal
[2026-05-22 08:21:26] [SKIP] Same candle 2026-05-22 01:15:00  skip
[2026-05-22 08:22:26] [SKIP] Same candle 2026-05-22 01:15:00  skip
[2026-05-22 08:23:26] [SKIP] Same candle 2026-05-22 01:15:00  skip
[2026-05-22 08:24:27] [SKIP] Same candle 2026-05-22 01:15:00  skip
[2026-05-22 08:25:27] [SKIP] NO_TRADE: no_momentum_signal
[2026-05-22 08:26:27] [SKIP] Same candle 2026-05-22 01:20:00  skip
[2026-05-22 08:27:27] [SKIP] Same candle 2026-05-22 01:20:00  skip
[2026-05-22 08:28:27] [SKIP] Same candle 2026-05-22 01:20:00  skip
[2026-05-22 08:29:27] [SKIP] Same candle 2026-05-22 01:20:00  skip
[2026-05-22 08:30:27] [SKIP] NO_TRADE: no_momentum_signal
[2026-05-22 08:31:27] [SKIP] Same candle 2026-05-22 01:25:00  skip
[2026-05-22 08:32:27] [SKIP] Same candle 2026-05-22 01:25:00  skip
[2026-05-22 08:33:27] [SKIP] Same candle 2026-05-22 01:25:00  skip
[2026-05-22 08:34:27] [SKIP] Same candle 2026-05-22 01:25:00  skip
[2026-05-22 08:35:27] [SKIP] NO_TRADE: no_momentum_signal
[2026-05-22 08:36:27] [SKIP] Same candle 2026-05-22 01:30:00  skip
[2026-05-22 08:37:27] [SKIP] Same candle 2026-05-22 01:30:00  skip
[2026-05-22 08:38:27] [SKIP] Same candle 2026-05-22 01:30:00  skip
[2026-05-22 08:39:27] [SKIP] Same candle 2026-05-22 01:30:00  skip
[2026-05-22 08:40:27] [SKIP] NO_TRADE: no_momentum_signal
[2026-05-22 08:41:27] [SKIP] Same candle 2026-05-22 01:35:00  skip
[2026-05-22 08:42:27] [SKIP] Same candle 2026-05-22 01:35:00  skip
[2026-05-22 08:43:27] [SKIP] Same candle 2026-05-22 01:35:00  skip
[2026-05-22 08:44:27] [SKIP] Same candle 2026-05-22 01:35:00  skip
[2026-05-22 08:45:27] [SKIP] NO_TRADE: no_momentum_signal
[2026-05-22 08:46:27] [SKIP] Same candle 2026-05-22 01:40:00  skip
[2026-05-22 08:47:27] [SKIP] Same candle 2026-05-22 01:40:00  skip
[2026-05-22 08:48:27] [SKIP] Same candle 2026-05-22 01:40:00  skip
[2026-05-22 08:49:27] [SKIP] Same candle 2026-05-22 01:40:00  skip
[2026-05-22 08:50:27] [SKIP] NO_TRADE: no_momentum_signal
[2026-05-22 08:51:27] [SKIP] Same candle 2026-05-22 01:45:00  skip
[2026-05-22 08:52:27] [SKIP] Same candle 2026-05-22 01:45:00  skip
[2026-05-22 08:53:27] [SKIP] Same candle 2026-05-22 01:45:00  skip
[2026-05-22 08:54:28] [SKIP] Same candle 2026-05-22 01:45:00  skip
[2026-05-22 08:55:28] [SKIP] NO_TRADE: no_momentum_signal
[2026-05-22 08:56:28] [SKIP] Same candle 2026-05-22 01:50:00  skip
[2026-05-22 08:57:28] [SKIP] Same candle 2026-05-22 01:50:00  skip
[2026-05-22 08:58:28] [SKIP] Same candle 2026-05-22 01:50:00  skip
[2026-05-22 08:59:28] [SKIP] Same candle 2026-05-22 01:50:00  skip
[2026-05-22 09:00:28] [STATS] Hourly (540 attempts): {'no_momentum_signal': '540(100%)'}
[2026-05-22 09:00:28] [SKIP] NO_TRADE: no_momentum_signal
[2026-05-22 09:01:28] [SKIP] Same candle 2026-05-22 01:55:00  skip
[2026-05-22 09:02:28] [SKIP] Same candle 2026-05-22 01:55:00  skip
[2026-05-22 09:03:28] [SKIP] Same candle 2026-05-22 01:55:00  skip
[2026-05-22 09:04:28] [SKIP] Same candle 2026-05-22 01:55:00  skip
[2026-05-22 09:05:28] [SKIP] NO_TRADE: no_momentum_signal
[2026-05-22 09:06:28] [SKIP] Same candle 2026-05-22 02:00:00  skip
[2026-05-22 09:07:28] [SKIP] Same candle 2026-05-22 02:00:00  skip
[2026-05-22 09:08:28] [SKIP] Same candle 2026-05-22 02:00:00  skip
[2026-05-22 09:09:28] [SKIP] Same candle 2026-05-22 02:00:00  skip
[2026-05-22 09:10:28] [SKIP] NO_TRADE: no_momentum_signal
[2026-05-22 09:11:28] [SKIP] Same candle 2026-05-22 02:05:00  skip
[2026-05-22 09:12:28] [SKIP] Same candle 2026-05-22 02:05:00  skip
[2026-05-22 09:13:28] [SKIP] Same candle 2026-05-22 02:05:00  skip
[2026-05-22 09:14:28] [SKIP] Same candle 2026-05-22 02:05:00  skip
[2026-05-22 09:15:28] [SKIP] NO_TRADE: no_momentum_signal
[2026-05-22 09:16:28] [SKIP] Same candle 2026-05-22 02:10:00  skip
[2026-05-22 09:17:28] [SKIP] Same candle 2026-05-22 02:10:00  skip
[2026-05-22 09:18:28] [SKIP] Same candle 2026-05-22 02:10:00  skip
[2026-05-22 09:19:28] [SKIP] Same candle 2026-05-22 02:10:00  skip
[2026-05-22 09:20:28] [SKIP] NO_TRADE: no_momentum_signal
[2026-05-22 09:21:28] [SKIP] Same candle 2026-05-22 02:15:00  skip
[2026-05-22 09:22:28] [SKIP] Same candle 2026-05-22 02:15:00  skip
[2026-05-22 09:23:29] [SKIP] Same candle 2026-05-22 02:15:00  skip
[2026-05-22 09:24:29] [SKIP] Same candle 2026-05-22 02:15:00  skip
[2026-05-22 09:25:29] [SKIP] NO_TRADE: no_momentum_signal
[2026-05-22 09:26:29] [SKIP] Same candle 2026-05-22 02:20:00  skip
[2026-05-22 09:27:29] [SKIP] Same candle 2026-05-22 02:20:00  skip
[2026-05-22 09:28:29] [SKIP] Same candle 2026-05-22 02:20:00  skip
[2026-05-22 09:29:29] [SKIP] Same candle 2026-05-22 02:20:00  skip
[2026-05-22 09:30:29] [SKIP] NO_TRADE: no_momentum_signal
[2026-05-22 09:31:29] [SKIP] Same candle 2026-05-22 02:25:00  skip
[2026-05-22 09:32:29] [SKIP] Same candle 2026-05-22 02:25:00  skip
[2026-05-22 09:33:29] [SKIP] Same candle 2026-05-22 02:25:00  skip
[2026-05-22 09:34:29] [SKIP] Same candle 2026-05-22 02:25:00  skip
[2026-05-22 09:35:29] [SKIP] NO_TRADE: no_momentum_signal
[2026-05-22 09:36:29] [SKIP] Same candle 2026-05-22 02:30:00  skip
[2026-05-22 09:37:29] [SKIP] Same candle 2026-05-22 02:30:00  skip
[2026-05-22 09:38:29] [SKIP] Same candle 2026-05-22 02:30:00  skip
[2026-05-22 09:39:29] [SKIP] Same candle 2026-05-22 02:30:00  skip
[2026-05-22 09:40:29] [SKIP] NO_TRADE: no_momentum_signal
[2026-05-22 09:41:29] [SKIP] Same candle 2026-05-22 02:35:00  skip
[2026-05-22 09:42:29] [SKIP] Same candle 2026-05-22 02:35:00  skip
[2026-05-22 09:43:29] [SKIP] Same candle 2026-05-22 02:35:00  skip
[2026-05-22 09:44:29] [SKIP] Same candle 2026-05-22 02:35:00  skip
[2026-05-22 09:45:29] [SKIP] NO_TRADE: no_momentum_signal
[2026-05-22 09:46:29] [SKIP] Same candle 2026-05-22 02:40:00  skip
[2026-05-22 09:47:29] [SKIP] Same candle 2026-05-22 02:40:00  skip
[2026-05-22 09:48:29] [SKIP] Same candle 2026-05-22 02:40:00  skip
[2026-05-22 09:49:29] [SKIP] Same candle 2026-05-22 02:40:00  skip
[2026-05-22 09:50:29] [SKIP] NO_TRADE: no_momentum_signal
[2026-05-22 09:51:29] [SKIP] Same candle 2026-05-22 02:45:00  skip
[2026-05-22 09:52:30] [SKIP] Same candle 2026-05-22 02:45:00  skip
[2026-05-22 09:53:30] [SKIP] Same candle 2026-05-22 02:45:00  skip
[2026-05-22 09:54:30] [SKIP] Same candle 2026-05-22 02:45:00  skip
[2026-05-22 09:55:30] [SKIP] NO_TRADE: no_momentum_signal
[2026-05-22 09:56:30] [SKIP] Same candle 2026-05-22 02:50:00  skip
[2026-05-22 09:57:30] [SKIP] Same candle 2026-05-22 02:50:00  skip
[2026-05-22 09:58:30] [SKIP] Same candle 2026-05-22 02:50:00  skip
[2026-05-22 09:59:30] [SKIP] Same candle 2026-05-22 02:50:00  skip
[2026-05-22 10:00:30] [STATS] Hourly (600 attempts): {'no_momentum_signal': '600(100%)'}
[2026-05-22 10:00:30] [SKIP] NO_TRADE: no_momentum_signal
[2026-05-22 10:01:30] [SKIP] Same candle 2026-05-22 02:55:00  skip
[2026-05-22 10:02:30] [SKIP] Same candle 2026-05-22 02:55:00  skip
[2026-05-22 10:03:30] [SKIP] Same candle 2026-05-22 02:55:00  skip
[2026-05-22 10:04:30] [SKIP] Same candle 2026-05-22 02:55:00  skip
[2026-05-22 10:05:30] [SKIP] NO_TRADE: no_momentum_signal
[2026-05-22 10:06:30] [SKIP] Same candle 2026-05-22 03:00:00  skip
[2026-05-22 10:07:30] [SKIP] Same candle 2026-05-22 03:00:00  skip
[2026-05-22 10:08:30] [SKIP] Same candle 2026-05-22 03:00:00  skip
[2026-05-22 10:09:30] [SKIP] Same candle 2026-05-22 03:00:00  skip
[2026-05-22 10:10:30] [SKIP] NO_TRADE: no_momentum_signal
[2026-05-22 10:11:30] [SKIP] Same candle 2026-05-22 03:05:00  skip
[2026-05-22 10:12:30] [SKIP] Same candle 2026-05-22 03:05:00  skip
[2026-05-22 10:13:30] [SKIP] Same candle 2026-05-22 03:05:00  skip
[2026-05-22 10:14:30] [SKIP] Same candle 2026-05-22 03:05:00  skip
[2026-05-22 10:15:30] [SKIP] NO_TRADE: no_momentum_signal
[2026-05-22 10:16:30] [SKIP] Same candle 2026-05-22 03:10:00  skip
[2026-05-22 10:17:30] [SKIP] Same candle 2026-05-22 03:10:00  skip
[2026-05-22 10:18:30] [SKIP] Same candle 2026-05-22 03:10:00  skip
[2026-05-22 10:19:30] [SKIP] Same candle 2026-05-22 03:10:00  skip
[2026-05-22 10:20:31] [SKIP] NO_TRADE: no_momentum_signal
[2026-05-22 10:21:31] [SKIP] Same candle 2026-05-22 03:15:00  skip
[2026-05-22 10:22:31] [SKIP] Same candle 2026-05-22 03:15:00  skip
[2026-05-22 10:23:31] [SKIP] Same candle 2026-05-22 03:15:00  skip
[2026-05-22 10:24:31] [SKIP] Same candle 2026-05-22 03:15:00  skip
[2026-05-22 10:25:31] [SKIP] NO_TRADE: no_momentum_signal
[2026-05-22 10:26:31] [SKIP] Same candle 2026-05-22 03:20:00  skip
[2026-05-22 10:27:31] [SKIP] Same candle 2026-05-22 03:20:00  skip
[2026-05-22 10:28:31] [SKIP] Same candle 2026-05-22 03:20:00  skip
[2026-05-22 10:29:31] [SKIP] Same candle 2026-05-22 03:20:00  skip
[2026-05-22 10:30:31] [SKIP] NO_TRADE: no_momentum_signal
[2026-05-22 10:31:31] [SKIP] Same candle 2026-05-22 03:25:00  skip
[2026-05-22 10:32:31] [SKIP] Same candle 2026-05-22 03:25:00  skip
[2026-05-22 10:33:31] [SKIP] Same candle 2026-05-22 03:25:00  skip
[2026-05-22 10:34:31] [SKIP] Same candle 2026-05-22 03:25:00  skip
[2026-05-22 10:35:31] [SKIP] NO_TRADE: no_momentum_signal
[2026-05-22 10:36:31] [SKIP] Same candle 2026-05-22 03:30:00  skip
[2026-05-22 10:37:31] [SKIP] Same candle 2026-05-22 03:30:00  skip
[2026-05-22 10:38:31] [SKIP] Same candle 2026-05-22 03:30:00  skip
[2026-05-22 10:39:31] [SKIP] Same candle 2026-05-22 03:30:00  skip
[2026-05-22 10:40:31] [SKIP] NO_TRADE: no_momentum_signal
[2026-05-22 10:41:31] [SKIP] Same candle 2026-05-22 03:35:00  skip
[2026-05-22 10:42:31] [SKIP] Same candle 2026-05-22 03:35:00  skip
[2026-05-22 10:43:31] [SKIP] Same candle 2026-05-22 03:35:00  skip
[2026-05-22 10:44:31] [SKIP] Same candle 2026-05-22 03:35:00  skip
[2026-05-22 10:45:31] [SKIP] NO_TRADE: no_momentum_signal
[2026-05-22 10:46:31] [SKIP] Same candle 2026-05-22 03:40:00  skip
[2026-05-22 10:47:31] [SKIP] Same candle 2026-05-22 03:40:00  skip
[2026-05-22 10:48:32] [SKIP] Same candle 2026-05-22 03:40:00  skip
[2026-05-22 10:49:32] [SKIP] Same candle 2026-05-22 03:40:00  skip
[2026-05-22 10:50:32] [SKIP] NO_TRADE: no_momentum_signal
[2026-05-22 10:51:32] [SKIP] Same candle 2026-05-22 03:45:00  skip
[2026-05-22 10:52:32] [SKIP] Same candle 2026-05-22 03:45:00  skip
[2026-05-22 10:53:32] [SKIP] Same candle 2026-05-22 03:45:00  skip
[2026-05-22 10:54:32] [SKIP] Same candle 2026-05-22 03:45:00  skip
[2026-05-22 10:55:32] [SKIP] NO_TRADE: no_momentum_signal
[2026-05-22 10:56:32] [SKIP] Same candle 2026-05-22 03:50:00  skip
[2026-05-22 10:57:32] [SKIP] Same candle 2026-05-22 03:50:00  skip
[2026-05-22 10:58:32] [SKIP] Same candle 2026-05-22 03:50:00  skip
[2026-05-22 10:59:32] [SKIP] Same candle 2026-05-22 03:50:00  skip
[2026-05-22 11:00:32] [STATS] Hourly (660 attempts): {'no_momentum_signal': '660(100%)'}
[2026-05-22 11:00:32] [SKIP] NO_TRADE: no_momentum_signal
[2026-05-22 11:01:32] [SKIP] Same candle 2026-05-22 03:55:00  skip
[2026-05-22 11:02:32] [SKIP] Same candle 2026-05-22 03:55:00  skip
[2026-05-22 11:03:32] [SKIP] Same candle 2026-05-22 03:55:00  skip
[2026-05-22 11:04:32] [SKIP] Same candle 2026-05-22 03:55:00  skip
[2026-05-22 11:05:32] [SKIP] NO_TRADE: no_momentum_signal
[2026-05-22 11:06:32] [SKIP] Same candle 2026-05-22 04:00:00  skip
[2026-05-22 11:07:32] [SKIP] Same candle 2026-05-22 04:00:00  skip
[2026-05-22 11:08:32] [SKIP] Same candle 2026-05-22 04:00:00  skip
[2026-05-22 11:09:32] [SKIP] Same candle 2026-05-22 04:00:00  skip
[2026-05-22 11:10:32] [SKIP] NO_TRADE: no_momentum_signal
[2026-05-22 11:11:32] [SKIP] Same candle 2026-05-22 04:05:00  skip
[2026-05-22 11:12:32] [SKIP] Same candle 2026-05-22 04:05:00  skip
[2026-05-22 11:13:32] [SKIP] Same candle 2026-05-22 04:05:00  skip
[2026-05-22 11:14:32] [SKIP] Same candle 2026-05-22 04:05:00  skip
[2026-05-22 11:15:32] [SKIP] NO_TRADE: no_momentum_signal
[2026-05-22 11:16:32] [SKIP] Same candle 2026-05-22 04:10:00  skip
[2026-05-22 11:17:33] [SKIP] Same candle 2026-05-22 04:10:00  skip
[2026-05-22 11:18:33] [SKIP] Same candle 2026-05-22 04:10:00  skip
[2026-05-22 11:19:33] [SKIP] Same candle 2026-05-22 04:10:00  skip
[2026-05-22 11:20:33] [SKIP] NO_TRADE: no_momentum_signal
[2026-05-22 11:21:33] [SKIP] Same candle 2026-05-22 04:15:00  skip
[2026-05-22 11:22:33] [SKIP] Same candle 2026-05-22 04:15:00  skip
[2026-05-22 11:23:33] [SKIP] Same candle 2026-05-22 04:15:00  skip
[2026-05-22 11:24:33] [SKIP] Same candle 2026-05-22 04:15:00  skip
[2026-05-22 11:25:33] [SKIP] NO_TRADE: no_momentum_signal
[2026-05-22 11:26:33] [SKIP] Same candle 2026-05-22 04:20:00  skip
[2026-05-22 11:27:33] [SKIP] Same candle 2026-05-22 04:20:00  skip
[2026-05-22 11:28:33] [SKIP] Same candle 2026-05-22 04:20:00  skip
[2026-05-22 11:29:33] [SKIP] Same candle 2026-05-22 04:20:00  skip
[2026-05-22 11:30:33] [SKIP] NO_TRADE: no_momentum_signal
[2026-05-22 11:31:33] [SKIP] Same candle 2026-05-22 04:25:00  skip
[2026-05-22 11:32:33] [SKIP] Same candle 2026-05-22 04:25:00  skip
[2026-05-22 11:33:33] [SKIP] Same candle 2026-05-22 04:25:00  skip
[2026-05-22 11:34:33] [SKIP] Same candle 2026-05-22 04:25:00  skip
[2026-05-22 11:35:33] [SKIP] NO_TRADE: no_momentum_signal
[2026-05-22 11:36:33] [SKIP] Same candle 2026-05-22 04:30:00  skip
[2026-05-22 11:37:33] [SKIP] Same candle 2026-05-22 04:30:00  skip
[2026-05-22 11:38:33] [SKIP] Same candle 2026-05-22 04:30:00  skip
[2026-05-22 11:39:33] [SKIP] Same candle 2026-05-22 04:30:00  skip
[2026-05-22 11:40:33] [SKIP] NO_TRADE: no_momentum_signal
[2026-05-22 11:41:33] [SKIP] Same candle 2026-05-22 04:35:00  skip
[2026-05-22 11:42:33] [SKIP] Same candle 2026-05-22 04:35:00  skip
[2026-05-22 11:43:33] [SKIP] Same candle 2026-05-22 04:35:00  skip
[2026-05-22 11:44:33] [SKIP] Same candle 2026-05-22 04:35:00  skip
[2026-05-22 11:45:34] [SKIP] NO_TRADE: no_momentum_signal
[2026-05-22 11:46:34] [SKIP] Same candle 2026-05-22 04:40:00  skip
[2026-05-22 11:47:34] [SKIP] Same candle 2026-05-22 04:40:00  skip
[2026-05-22 11:48:34] [SKIP] Same candle 2026-05-22 04:40:00  skip
[2026-05-22 11:49:34] [SKIP] Same candle 2026-05-22 04:40:00  skip
[2026-05-22 11:50:34] [SKIP] NO_TRADE: no_momentum_signal
[2026-05-22 11:51:34] [SKIP] Same candle 2026-05-22 04:45:00  skip
[2026-05-22 11:52:34] [SKIP] Same candle 2026-05-22 04:45:00  skip
[2026-05-22 11:53:34] [SKIP] Same candle 2026-05-22 04:45:00  skip
[2026-05-22 11:54:34] [SKIP] Same candle 2026-05-22 04:45:00  skip
[2026-05-22 11:55:34] [SKIP] NO_TRADE: no_momentum_signal
[2026-05-22 11:56:34] [SKIP] Same candle 2026-05-22 04:50:00  skip
[2026-05-22 11:57:34] [SKIP] Same candle 2026-05-22 04:50:00  skip
[2026-05-22 11:58:34] [SKIP] Same candle 2026-05-22 04:50:00  skip
[2026-05-22 11:59:34] [SKIP] Same candle 2026-05-22 04:50:00  skip
[2026-05-22 12:00:34] [STATS] Hourly (720 attempts): {'no_momentum_signal': '720(100%)'}
[2026-05-22 12:00:34] [SKIP] NO_TRADE: no_momentum_signal
[2026-05-22 12:01:34] [SKIP] Same candle 2026-05-22 04:55:00  skip
[2026-05-22 12:02:34] [SKIP] Same candle 2026-05-22 04:55:00  skip
[2026-05-22 12:03:34] [SKIP] Same candle 2026-05-22 04:55:00  skip
[2026-05-22 12:04:34] [SKIP] Same candle 2026-05-22 04:55:00  skip
[2026-05-22 12:05:34] [SKIP] NO_TRADE: no_momentum_signal
[2026-05-22 12:06:34] [SKIP] Same candle 2026-05-22 05:00:00  skip
[2026-05-22 12:07:34] [SKIP] Same candle 2026-05-22 05:00:00  skip
[2026-05-22 12:08:34] [SKIP] Same candle 2026-05-22 05:00:00  skip
[2026-05-22 12:09:34] [SKIP] Same candle 2026-05-22 05:00:00  skip
[2026-05-22 12:10:34] [SKIP] NO_TRADE: no_momentum_signal
[2026-05-22 12:11:34] [SKIP] Same candle 2026-05-22 05:05:00  skip
[2026-05-22 12:12:34] [SKIP] Same candle 2026-05-22 05:05:00  skip
[2026-05-22 12:13:34] [SKIP] Same candle 2026-05-22 05:05:00  skip
[2026-05-22 12:14:35] [SKIP] Same candle 2026-05-22 05:05:00  skip
[2026-05-22 12:15:35] [SKIP] NO_TRADE: no_momentum_signal
[2026-05-22 12:16:35] [SKIP] Same candle 2026-05-22 05:10:00  skip
[2026-05-22 12:17:35] [SKIP] Same candle 2026-05-22 05:10:00  skip
[2026-05-22 12:18:35] [SKIP] Same candle 2026-05-22 05:10:00  skip
[2026-05-22 12:19:35] [SKIP] Same candle 2026-05-22 05:10:00  skip
[2026-05-22 12:20:35] [SKIP] NO_TRADE: no_momentum_signal
[2026-05-22 12:21:35] [SKIP] Same candle 2026-05-22 05:15:00  skip
[2026-05-22 12:22:35] [SKIP] Same candle 2026-05-22 05:15:00  skip
[2026-05-22 12:23:35] [SKIP] Same candle 2026-05-22 05:15:00  skip
[2026-05-22 12:24:35] [SKIP] Same candle 2026-05-22 05:15:00  skip
[2026-05-22 12:25:35] [SKIP] NO_TRADE: no_momentum_signal
[2026-05-22 12:26:35] [SKIP] Same candle 2026-05-22 05:20:00  skip
[2026-05-22 12:27:35] [SKIP] Same candle 2026-05-22 05:20:00  skip
[2026-05-22 12:28:35] [SKIP] Same candle 2026-05-22 05:20:00  skip
[2026-05-22 12:29:35] [SKIP] Same candle 2026-05-22 05:20:00  skip
[2026-05-22 12:30:35] [SKIP] NO_TRADE: no_momentum_signal
[2026-05-22 12:31:35] [SKIP] Same candle 2026-05-22 05:25:00  skip
[2026-05-22 12:32:35] [SKIP] Same candle 2026-05-22 05:25:00  skip
[2026-05-22 12:33:35] [SKIP] Same candle 2026-05-22 05:25:00  skip
[2026-05-22 12:34:35] [SKIP] Same candle 2026-05-22 05:25:00  skip
[2026-05-22 12:35:35] [SKIP] NO_TRADE: no_momentum_signal
[2026-05-22 12:36:35] [SKIP] Same candle 2026-05-22 05:30:00  skip
[2026-05-22 12:37:35] [SKIP] Same candle 2026-05-22 05:30:00  skip
[2026-05-22 12:38:35] [SKIP] Same candle 2026-05-22 05:30:00  skip
[2026-05-22 12:39:35] [SKIP] Same candle 2026-05-22 05:30:00  skip
[2026-05-22 12:40:35] [SKIP] NO_TRADE: no_momentum_signal
[2026-05-22 12:41:35] [SKIP] Same candle 2026-05-22 05:35:00  skip
[2026-05-22 12:42:35] [SKIP] Same candle 2026-05-22 05:35:00  skip
[2026-05-22 12:43:36] [SKIP] Same candle 2026-05-22 05:35:00  skip
[2026-05-22 12:44:36] [SKIP] Same candle 2026-05-22 05:35:00  skip
[2026-05-22 12:45:36] [SKIP] NO_TRADE: no_momentum_signal
[2026-05-22 12:46:36] [SKIP] Same candle 2026-05-22 05:40:00  skip
[2026-05-22 12:47:36] [SKIP] Same candle 2026-05-22 05:40:00  skip
[2026-05-22 12:48:36] [SKIP] Same candle 2026-05-22 05:40:00  skip
[2026-05-22 12:49:36] [SKIP] Same candle 2026-05-22 05:40:00  skip
[2026-05-22 12:50:36] [SKIP] NO_TRADE: no_momentum_signal
[2026-05-22 12:51:36] [SKIP] Same candle 2026-05-22 05:45:00  skip
[2026-05-22 12:52:36] [SKIP] Same candle 2026-05-22 05:45:00  skip
[2026-05-22 12:53:36] [SKIP] Same candle 2026-05-22 05:45:00  skip
[2026-05-22 12:54:36] [SKIP] Same candle 2026-05-22 05:45:00  skip
[2026-05-22 12:55:36] [SKIP] NO_TRADE: no_momentum_signal
[2026-05-22 12:56:36] [SKIP] Same candle 2026-05-22 05:50:00  skip
[2026-05-22 12:57:36] [SKIP] Same candle 2026-05-22 05:50:00  skip
[2026-05-22 12:58:36] [SKIP] Same candle 2026-05-22 05:50:00  skip
[2026-05-22 12:59:36] [SKIP] Same candle 2026-05-22 05:50:00  skip
[2026-05-22 13:00:36] [STATS] Hourly (780 attempts): {'no_momentum_signal': '780(100%)'}
[2026-05-22 13:00:36] [SKIP] NO_TRADE: no_momentum_signal
[2026-05-22 13:01:36] [SKIP] Same candle 2026-05-22 05:55:00  skip
[2026-05-22 13:02:36] [SKIP] Same candle 2026-05-22 05:55:00  skip
[2026-05-22 13:03:36] [SKIP] Same candle 2026-05-22 05:55:00  skip
[2026-05-22 13:04:36] [SKIP] Same candle 2026-05-22 05:55:00  skip
[2026-05-22 13:05:36] [SKIP] NO_TRADE: no_momentum_signal
[2026-05-22 13:06:36] [SKIP] Same candle 2026-05-22 06:00:00  skip
[2026-05-22 13:07:36] [SKIP] Same candle 2026-05-22 06:00:00  skip
[2026-05-22 13:08:36] [SKIP] Same candle 2026-05-22 06:00:00  skip
[2026-05-22 13:09:36] [SKIP] Same candle 2026-05-22 06:00:00  skip
[2026-05-22 13:10:36] [SKIP] NO_TRADE: no_momentum_signal
[2026-05-22 13:11:36] [SKIP] Same candle 2026-05-22 06:05:00  skip
[2026-05-22 13:12:37] [SKIP] Same candle 2026-05-22 06:05:00  skip
[2026-05-22 13:13:37] [SKIP] Same candle 2026-05-22 06:05:00  skip
[2026-05-22 13:14:37] [SKIP] Same candle 2026-05-22 06:05:00  skip
[2026-05-22 13:15:37] [SKIP] NO_TRADE: no_momentum_signal
[2026-05-22 13:16:37] [SKIP] Same candle 2026-05-22 06:10:00  skip
[2026-05-22 13:17:37] [SKIP] Same candle 2026-05-22 06:10:00  skip
[2026-05-22 13:18:37] [SKIP] Same candle 2026-05-22 06:10:00  skip
[2026-05-22 13:19:37] [SKIP] Same candle 2026-05-22 06:10:00  skip
[2026-05-22 13:20:37] [SKIP] NO_TRADE: no_momentum_signal
[2026-05-22 13:21:37] [SKIP] Same candle 2026-05-22 06:15:00  skip
[2026-05-22 13:22:37] [SKIP] Same candle 2026-05-22 06:15:00  skip
[2026-05-22 13:23:37] [SKIP] Same candle 2026-05-22 06:15:00  skip
[2026-05-22 13:24:37] [SKIP] Same candle 2026-05-22 06:15:00  skip
[2026-05-22 13:25:37] [SKIP] NO_TRADE: no_momentum_signal
[2026-05-22 13:26:37] [SKIP] Same candle 2026-05-22 06:20:00  skip
[2026-05-22 13:27:37] [SKIP] Same candle 2026-05-22 06:20:00  skip
[2026-05-22 13:28:37] [SKIP] Same candle 2026-05-22 06:20:00  skip
[2026-05-22 13:29:37] [SKIP] Same candle 2026-05-22 06:20:00  skip
[2026-05-22 13:30:37] [SKIP] NO_TRADE: no_momentum_signal
[2026-05-22 13:31:37] [SKIP] Same candle 2026-05-22 06:25:00  skip
[2026-05-22 13:32:37] [SKIP] Same candle 2026-05-22 06:25:00  skip
[2026-05-22 13:33:37] [SKIP] Same candle 2026-05-22 06:25:00  skip
[2026-05-22 13:34:37] [SKIP] Same candle 2026-05-22 06:25:00  skip
[2026-05-22 13:35:37] [SKIP] NO_TRADE: no_momentum_signal
[2026-05-22 13:36:37] [SKIP] Same candle 2026-05-22 06:30:00  skip
[2026-05-22 13:37:37] [SKIP] Same candle 2026-05-22 06:30:00  skip
[2026-05-22 13:38:37] [SKIP] Same candle 2026-05-22 06:30:00  skip
[2026-05-22 13:39:37] [SKIP] Same candle 2026-05-22 06:30:00  skip
[2026-05-22 13:40:37] [SKIP] NO_TRADE: no_momentum_signal
[2026-05-22 13:41:38] [SKIP] Same candle 2026-05-22 06:35:00  skip
[2026-05-22 13:42:38] [SKIP] Same candle 2026-05-22 06:35:00  skip
[2026-05-22 13:43:38] [SKIP] Same candle 2026-05-22 06:35:00  skip
[2026-05-22 13:44:38] [SKIP] Same candle 2026-05-22 06:35:00  skip
[2026-05-22 13:45:38] [SKIP] NO_TRADE: no_momentum_signal
[2026-05-22 13:46:38] [SKIP] Same candle 2026-05-22 06:40:00  skip
[2026-05-22 13:47:38] [SKIP] Same candle 2026-05-22 06:40:00  skip
[2026-05-22 13:48:38] [SKIP] Same candle 2026-05-22 06:40:00  skip
[2026-05-22 13:49:38] [SKIP] Same candle 2026-05-22 06:40:00  skip
[2026-05-22 13:50:38] [SKIP] NO_TRADE: no_momentum_signal
[2026-05-22 13:51:38] [SKIP] Same candle 2026-05-22 06:45:00  skip
[2026-05-22 13:52:38] [SKIP] Same candle 2026-05-22 06:45:00  skip
[2026-05-22 13:53:38] [SKIP] Same candle 2026-05-22 06:45:00  skip
[2026-05-22 13:54:38] [SKIP] Same candle 2026-05-22 06:45:00  skip
[2026-05-22 13:55:38] [SKIP] NO_TRADE: no_momentum_signal
[2026-05-22 13:56:38] [SKIP] Same candle 2026-05-22 06:50:00  skip
[2026-05-22 13:57:38] [SKIP] Same candle 2026-05-22 06:50:00  skip
[2026-05-22 13:58:38] [SKIP] Same candle 2026-05-22 06:50:00  skip
[2026-05-22 13:59:38] [SKIP] Same candle 2026-05-22 06:50:00  skip
[2026-05-22 14:00:38] [STATS] Hourly (840 attempts): {'no_momentum_signal': '840(100%)'}
[2026-05-22 14:00:38] [SKIP] NO_TRADE: no_momentum_signal
[2026-05-22 14:01:38] [SKIP] Same candle 2026-05-22 06:55:00  skip
[2026-05-22 14:02:38] [SKIP] Same candle 2026-05-22 06:55:00  skip
[2026-05-22 14:03:38] [SKIP] Same candle 2026-05-22 06:55:00  skip
[2026-05-22 14:04:38] [SKIP] Same candle 2026-05-22 06:55:00  skip
[2026-05-22 14:05:38] [SKIP] NO_TRADE: no_momentum_signal
[2026-05-22 14:06:38] [SKIP] Same candle 2026-05-22 07:00:00  skip
[2026-05-22 14:07:38] [SKIP] Same candle 2026-05-22 07:00:00  skip
[2026-05-22 14:08:38] [SKIP] Same candle 2026-05-22 07:00:00  skip
[2026-05-22 14:09:39] [SKIP] Same candle 2026-05-22 07:00:00  skip
[2026-05-22 14:10:39] [SKIP] NO_TRADE: no_momentum_signal
[2026-05-22 14:11:39] [SKIP] Same candle 2026-05-22 07:05:00  skip
[2026-05-22 14:12:39] [SKIP] Same candle 2026-05-22 07:05:00  skip
[2026-05-22 14:13:39] [SKIP] Same candle 2026-05-22 07:05:00  skip
[2026-05-22 14:14:39] [SKIP] Same candle 2026-05-22 07:05:00  skip
[2026-05-22 14:15:39] [SKIP] NO_TRADE: no_momentum_signal
[2026-05-22 14:16:39] [SKIP] Same candle 2026-05-22 07:10:00  skip
[2026-05-22 14:17:39] [SKIP] Same candle 2026-05-22 07:10:00  skip
[2026-05-22 14:18:39] [SKIP] Same candle 2026-05-22 07:10:00  skip
[2026-05-22 14:19:39] [SKIP] Same candle 2026-05-22 07:10:00  skip
[2026-05-22 14:20:39] [SKIP] NO_TRADE: no_momentum_signal
[2026-05-22 14:21:39] [SKIP] Same candle 2026-05-22 07:15:00  skip
[2026-05-22 14:22:39] [SKIP] Same candle 2026-05-22 07:15:00  skip
[2026-05-22 14:23:39] [SKIP] Same candle 2026-05-22 07:15:00  skip
[2026-05-22 14:24:39] [SKIP] Same candle 2026-05-22 07:15:00  skip
[2026-05-22 14:25:39] [SKIP] NO_TRADE: no_momentum_signal
[2026-05-22 14:26:39] [SKIP] Same candle 2026-05-22 07:20:00  skip
[2026-05-22 14:27:39] [SKIP] Same candle 2026-05-22 07:20:00  skip
[2026-05-22 14:28:39] [SKIP] Same candle 2026-05-22 07:20:00  skip
[2026-05-22 14:29:39] [SKIP] Same candle 2026-05-22 07:20:00  skip
[2026-05-22 14:30:39] [SKIP] NO_TRADE: no_momentum_signal
[2026-05-22 14:31:39] [SKIP] Same candle 2026-05-22 07:25:00  skip
[2026-05-22 14:32:39] [SKIP] Same candle 2026-05-22 07:25:00  skip
[2026-05-22 14:33:39] [SKIP] Same candle 2026-05-22 07:25:00  skip
[2026-05-22 14:34:39] [SKIP] Same candle 2026-05-22 07:25:00  skip
[2026-05-22 14:35:39] [SKIP] NO_TRADE: no_momentum_signal
[2026-05-22 14:36:39] [SKIP] Same candle 2026-05-22 07:30:00  skip
[2026-05-22 14:37:39] [SKIP] Same candle 2026-05-22 07:30:00  skip
[2026-05-22 14:38:40] [SKIP] Same candle 2026-05-22 07:30:00  skip
[2026-05-22 14:39:40] [SKIP] Same candle 2026-05-22 07:30:00  skip
[2026-05-22 14:40:40] [SKIP] NO_TRADE: no_momentum_signal
[2026-05-22 14:41:40] [SKIP] Same candle 2026-05-22 07:35:00  skip
[2026-05-22 14:42:40] [SKIP] Same candle 2026-05-22 07:35:00  skip
[2026-05-22 14:43:40] [SKIP] Same candle 2026-05-22 07:35:00  skip
[2026-05-22 14:44:40] [SKIP] Same candle 2026-05-22 07:35:00  skip
[2026-05-22 14:45:40] [SKIP] NO_TRADE: no_momentum_signal
[2026-05-22 14:46:40] [SKIP] Same candle 2026-05-22 07:40:00  skip
[2026-05-22 14:47:40] [SKIP] Same candle 2026-05-22 07:40:00  skip
[2026-05-22 14:48:40] [SKIP] Same candle 2026-05-22 07:40:00  skip
[2026-05-22 14:49:40] [SKIP] Same candle 2026-05-22 07:40:00  skip
[2026-05-22 14:50:40] [SKIP] NO_TRADE: no_momentum_signal
[2026-05-22 14:51:40] [SKIP] Same candle 2026-05-22 07:45:00  skip
[2026-05-22 14:52:40] [SKIP] Same candle 2026-05-22 07:45:00  skip
[2026-05-22 14:53:40] [SKIP] Same candle 2026-05-22 07:45:00  skip
[2026-05-22 14:54:40] [SKIP] Same candle 2026-05-22 07:45:00  skip
[2026-05-22 14:55:40] [SKIP] NO_TRADE: no_momentum_signal
[2026-05-22 14:56:40] [SKIP] Same candle 2026-05-22 07:50:00  skip
[2026-05-22 14:57:40] [SKIP] Same candle 2026-05-22 07:50:00  skip
[2026-05-22 14:58:40] [SKIP] Same candle 2026-05-22 07:50:00  skip
[2026-05-22 14:59:40] [SKIP] Same candle 2026-05-22 07:50:00  skip
[2026-05-22 15:00:40] [STATS] Hourly (900 attempts): {'no_momentum_signal': '900(100%)'}
[2026-05-22 15:00:40] [SKIP] NO_TRADE: no_momentum_signal
[2026-05-22 15:01:40] [SKIP] Same candle 2026-05-22 07:55:00  skip
[2026-05-22 15:02:40] [SKIP] Same candle 2026-05-22 07:55:00  skip
[2026-05-22 15:03:40] [SKIP] Same candle 2026-05-22 07:55:00  skip
[2026-05-22 15:04:40] [SKIP] Same candle 2026-05-22 07:55:00  skip
[2026-05-22 15:05:40] [SKIP] NO_TRADE: no_momentum_signal
[2026-05-22 15:06:41] [SKIP] Same candle 2026-05-22 08:00:00  skip
[2026-05-22 15:07:41] [SKIP] Same candle 2026-05-22 08:00:00  skip
[2026-05-22 15:08:41] [SKIP] Same candle 2026-05-22 08:00:00  skip
[2026-05-22 15:09:41] [SKIP] Same candle 2026-05-22 08:00:00  skip
[2026-05-22 15:10:41] [SKIP] NO_TRADE: no_momentum_signal
[2026-05-22 15:11:41] [SKIP] Same candle 2026-05-22 08:05:00  skip
[2026-05-22 15:12:41] [SKIP] Same candle 2026-05-22 08:05:00  skip
[2026-05-22 15:13:41] [SKIP] Same candle 2026-05-22 08:05:00  skip
[2026-05-22 15:14:41] [SKIP] Same candle 2026-05-22 08:05:00  skip
[2026-05-22 15:15:41] [SKIP] NO_TRADE: no_momentum_signal
[2026-05-22 15:16:41] [SKIP] Same candle 2026-05-22 08:10:00  skip
[2026-05-22 15:17:41] [SKIP] Same candle 2026-05-22 08:10:00  skip
[2026-05-22 15:18:41] [SKIP] Same candle 2026-05-22 08:10:00  skip
[2026-05-22 15:19:41] [SKIP] Same candle 2026-05-22 08:10:00  skip
[2026-05-22 15:20:41] [SKIP] NO_TRADE: no_momentum_signal
[2026-05-22 15:21:41] [SKIP] Same candle 2026-05-22 08:15:00  skip
[2026-05-22 15:22:41] [SKIP] Same candle 2026-05-22 08:15:00  skip
[2026-05-22 15:23:41] [SKIP] Same candle 2026-05-22 08:15:00  skip
[2026-05-22 15:24:41] [SKIP] Same candle 2026-05-22 08:15:00  skip
[2026-05-22 15:25:41] [SKIP] NO_TRADE: no_momentum_signal
[2026-05-22 15:26:41] [SKIP] Same candle 2026-05-22 08:20:00  skip
[2026-05-22 15:27:41] [SKIP] Same candle 2026-05-22 08:20:00  skip
[2026-05-22 15:28:41] [SKIP] Same candle 2026-05-22 08:20:00  skip
[2026-05-22 15:29:41] [SKIP] Same candle 2026-05-22 08:20:00  skip
[2026-05-22 15:30:41] [SKIP] NO_TRADE: no_momentum_signal
[2026-05-22 15:31:41] [SKIP] Same candle 2026-05-22 08:25:00  skip
[2026-05-22 15:32:42] [SKIP] Same candle 2026-05-22 08:25:00  skip
