2026-05-15 00:00:08,555 - INFO - [STATS] Daily summary: {'_total_attempts': 721, 'no_donchian_breakout': 605, 'adx_not_rising': 67, 'm1_confirm_failed': 17, 'atr_percentile_low': 4}
2026-05-15 00:00:08,558 - INFO - 📊 Balance=30.04 USDT | available=30.04 USDT | lev=3x | daily=+0.00% | trades=0/5 | session=✅ | open_positions=0
2026-05-15 00:00:08,558 - INFO - 🔎 BTCUSDT
2026-05-15 00:00:34,470 - INFO - ⏸️ BTCUSDT no signal: M15 ADX too high 56.02 >= 55.0
2026-05-15 00:01:06,132 - INFO - [STATS] Hourly rejections (of 1 attempts): {'adx_too_high': '1(100%)'}
2026-05-15 00:01:06,133 - INFO - 📊 Balance=30.04 USDT | available=30.04 USDT | lev=3x | daily=+0.00% | trades=0/5 | session=✅ | open_positions=0
2026-05-15 00:01:06,139 - INFO - 🔎 BTCUSDT
2026-05-15 00:01:12,753 - INFO - ⏸️ BTCUSDT no signal: M15 ADX too high 56.02 >= 55.0
2026-05-15 00:01:54,540 - WARNING - ⏱️ Time sync failed: HTTPSConnectionPool(host='fapi.binance.com', port=443): Read timed out. (read timeout=10)
2026-05-15 00:01:56,319 - INFO - ⏱️ Time synced offset=-33ms
2026-05-15 00:01:57,479 - INFO - 📊 Balance=30.04 USDT | available=30.04 USDT | lev=3x | daily=+0.00% | trades=0/5 | session=✅ | open_positions=0
2026-05-15 00:01:57,479 - INFO - 🔎 BTCUSDT
2026-05-15 00:02:01,242 - INFO - ⏸️ BTCUSDT no signal: M15 ADX too high 56.02 >= 55.0
2026-05-15 00:02:32,869 - INFO - 📊 Balance=30.04 USDT | available=30.04 USDT | lev=3x | daily=+0.00% | trades=0/5 | session=✅ | open_positions=0
2026-05-15 00:02:32,870 - INFO - 🔎 BTCUSDT
2026-05-15 00:02:36,023 - INFO - ⏸️ BTCUSDT no signal: M15 ADX too high 56.02 >= 55.0
2026-05-15 00:03:07,773 - INFO - 📊 Balance=30.04 USDT | available=30.04 USDT | lev=3x | daily=+0.00% | trades=0/5 | session=✅ | open_positions=0
2026-05-15 00:03:07,773 - INFO - 🔎 BTCUSDT
2026-05-15 00:03:25,730 - INFO - ⏸️ BTCUSDT no signal: M15 ADX too high 56.02 >= 55.0
2026-05-15 00:03:57,720 - INFO - 📊 Balance=30.04 USDT | available=30.04 USDT | lev=3x | daily=+0.00% | trades=0/5 | session=✅ | open_positions=0
2026-05-15 00:03:57,720 - INFO - 🔎 BTCUSDT
2026-05-15 00:04:01,228 - INFO - ⏸️ BTCUSDT no signal: M15 ADX too high 56.02 >= 55.0
2026-05-15 00:04:33,029 - INFO - 📊 Balance=30.04 USDT | available=30.04 USDT | lev=3x | daily=+0.00% | trades=0/5 | session=✅ | open_positions=0
2026-05-15 00:04:33,030 - INFO - 🔎 BTCUSDT
2026-05-15 00:04:42,617 - INFO - ⏸️ BTCUSDT no signal: M15 ADX too high 56.02 >= 55.0
2026-05-15 00:05:14,291 - INFO - 📊 Balance=30.04 USDT | available=30.04 USDT | lev=3x | daily=+0.00% | trades=0/5 | session=✅ | open_positions=0
2026-05-15 00:05:14,291 - INFO - 🔎 BTCUSDT
2026-05-15 00:05:19,805 - INFO - ⏸️ BTCUSDT no signal: M15 ADX too high 59.19 >= 55.0
2026-05-15 00:05:59,603 - INFO - 📊 Balance=30.04 USDT | available=30.04 USDT | lev=3x | daily=+0.00% | trades=0/5 | session=✅ | open_positions=0
2026-05-15 00:05:59,603 - INFO - 🔎 BTCUSDT
2026-05-15 00:06:02,975 - INFO - ⏸️ BTCUSDT no signal: M15 ADX too high 59.19 >= 55.0
2026-05-15 00:06:34,702 - INFO - 📊 Balance=30.04 USDT | available=30.04 USDT | lev=3x | daily=+0.00% | trades=0/5 | session=✅ | open_positions=0
2026-05-15 00:06:34,702 - INFO - 🔎 BTCUSDT
2026-05-15 00:06:41,626 - INFO - ⏸️ BTCUSDT no signal: M15 ADX too high 59.19 >= 55.0
2026-05-15 00:07:12,236 - INFO - ⏱️ Time synced offset=-29ms
2026-05-15 00:07:13,840 - INFO - 📊 Balance=30.04 USDT | available=30.04 USDT | lev=3x | daily=+0.00% | trades=0/5 | session=✅ | open_positions=0
2026-05-15 00:07:13,840 - INFO - 🔎 BTCUSDT
2026-05-15 00:07:16,945 - INFO - ⏸️ BTCUSDT no signal: M15 ADX too high 59.19 >= 55.0
2026-05-15 00:07:51,629 - INFO - 📊 Balance=30.04 USDT | available=30.04 USDT | lev=3x | daily=+0.00% | trades=0/5 | session=✅ | open_positions=0
2026-05-15 00:07:51,630 - INFO - 🔎 BTCUSDT
2026-05-15 00:07:55,043 - INFO - ⏸️ BTCUSDT no signal: M15 ADX too high 59.19 >= 55.0
2026-05-15 00:08:34,851 - INFO - 📊 Balance=30.04 USDT | available=30.04 USDT | lev=3x | daily=+0.00% | trades=0/5 | session=✅ | open_positions=0
2026-05-15 00:08:34,852 - INFO - 🔎 BTCUSDT
2026-05-15 00:08:38,548 - INFO - ⏸️ BTCUSDT no signal: M15 ADX too high 59.19 >= 55.0
2026-05-15 00:09:14,586 - INFO - 📊 Balance=30.04 USDT | available=30.04 USDT | lev=3x | daily=+0.00% | trades=0/5 | session=✅ | open_positions=0
2026-05-15 00:09:14,587 - INFO - 🔎 BTCUSDT
2026-05-15 00:09:17,735 - INFO - ⏸️ BTCUSDT no signal: M15 ADX too high 59.19 >= 55.0
2026-05-15 00:09:49,403 - INFO - 📊 Balance=30.04 USDT | available=30.04 USDT | lev=3x | daily=+0.00% | trades=0/5 | session=✅ | open_positions=0
2026-05-15 00:09:49,403 - INFO - 🔎 BTCUSDT
2026-05-15 00:09:52,522 - INFO - ⏸️ BTCUSDT no signal: M15 ADX too high 59.19 >= 55.0
2026-05-15 00:10:24,255 - INFO - 📊 Balance=30.04 USDT | available=30.04 USDT | lev=3x | daily=+0.00% | trades=0/5 | session=✅ | open_positions=0
2026-05-15 00:10:24,256 - INFO - 🔎 BTCUSDT
2026-05-15 00:10:27,528 - INFO - ⏸️ BTCUSDT no signal: no Donchian breakout
2026-05-15 00:11:04,024 - INFO - 📊 Balance=30.04 USDT | available=30.04 USDT | lev=3x | daily=+0.00% | trades=0/5 | session=✅ | open_positions=0
2026-05-15 00:11:04,024 - INFO - 🔎 BTCUSDT
2026-05-15 00:11:07,272 - INFO - ⏸️ BTCUSDT no signal: no Donchian breakout
2026-05-15 00:11:54,849 - INFO - 📊 Balance=30.04 USDT | available=30.04 USDT | lev=3x | daily=+0.00% | trades=0/5 | session=✅ | open_positions=0
2026-05-15 00:11:54,850 - INFO - 🔎 BTCUSDT
2026-05-15 00:11:58,324 - INFO - ⏸️ BTCUSDT no signal: no Donchian breakout
2026-05-15 00:12:32,881 - INFO - ⏱️ Time synced offset=-31ms
2026-05-15 00:12:35,251 - INFO - 📊 Balance=30.04 USDT | available=30.04 USDT | lev=3x | daily=+0.00% | trades=0/5 | session=✅ | open_positions=0
2026-05-15 00:12:35,251 - INFO - 🔎 BTCUSDT
2026-05-15 00:12:53,265 - INFO - ⏸️ BTCUSDT no signal: no Donchian breakout
2026-05-15 00:13:25,098 - INFO - 📊 Balance=30.04 USDT | available=30.04 USDT | lev=3x | daily=+0.00% | trades=0/5 | session=✅ | open_positions=0
2026-05-15 00:13:25,098 - INFO - 🔎 BTCUSDT
2026-05-15 00:13:28,725 - INFO - ⏸️ BTCUSDT no signal: no Donchian breakout
2026-05-15 00:14:01,122 - INFO - 📊 Balance=30.04 USDT | available=30.04 USDT | lev=3x | daily=+0.00% | trades=0/5 | session=✅ | open_positions=0
2026-05-15 00:14:01,122 - INFO - 🔎 BTCUSDT
2026-05-15 00:14:04,700 - INFO - ⏸️ BTCUSDT no signal: no Donchian breakout
2026-05-15 00:14:36,740 - INFO - 📊 Balance=30.04 USDT | available=30.04 USDT | lev=3x | daily=+0.00% | trades=0/5 | session=✅ | open_positions=0
2026-05-15 00:14:36,740 - INFO - 🔎 BTCUSDT
2026-05-15 00:14:40,631 - INFO - ⏸️ BTCUSDT no signal: no Donchian breakout
2026-05-15 00:15:16,791 - INFO - 📊 Balance=30.04 USDT | available=30.04 USDT | lev=3x | daily=+0.00% | trades=0/5 | session=✅ | open_positions=0
2026-05-15 00:15:16,792 - INFO - 🔎 BTCUSDT
2026-05-15 00:15:29,992 - INFO - ⏸️ BTCUSDT no signal: no Donchian breakout
2026-05-15 00:16:01,913 - INFO - 📊 Balance=30.04 USDT | available=30.04 USDT | lev=3x | daily=+0.00% | trades=0/5 | session=✅ | open_positions=0
2026-05-15 00:16:01,914 - INFO - 🔎 BTCUSDT
2026-05-15 00:16:05,645 - INFO - ⏸️ BTCUSDT no signal: no Donchian breakout
2026-05-15 00:16:38,215 - INFO - 📊 Balance=30.04 USDT | available=30.04 USDT | lev=3x | daily=+0.00% | trades=0/5 | session=✅ | open_positions=0
2026-05-15 00:16:38,216 - INFO - 🔎 BTCUSDT
2026-05-15 00:16:41,958 - INFO - ⏸️ BTCUSDT no signal: no Donchian breakout
2026-05-15 00:17:16,571 - INFO - 📊 Balance=30.04 USDT | available=30.04 USDT | lev=3x | daily=+0.00% | trades=0/5 | session=✅ | open_positions=0
2026-05-15 00:17:16,571 - INFO - 🔎 BTCUSDT
2026-05-15 00:17:24,602 - INFO - ⏸️ BTCUSDT no signal: no Donchian breakout
2026-05-15 00:17:55,222 - INFO - ⏱️ Time synced offset=-31ms
2026-05-15 00:17:56,810 - INFO - 📊 Balance=30.04 USDT | available=30.04 USDT | lev=3x | daily=+0.00% | trades=0/5 | session=✅ | open_positions=0
2026-05-15 00:17:56,810 - INFO - 🔎 BTCUSDT
2026-05-15 00:18:00,135 - INFO - ⏸️ BTCUSDT no signal: no Donchian breakout
2026-05-15 00:18:35,291 - INFO - 📊 Balance=30.04 USDT | available=30.04 USDT | lev=3x | daily=+0.00% | trades=0/5 | session=✅ | open_positions=0
2026-05-15 00:18:35,291 - INFO - 🔎 BTCUSDT
2026-05-15 00:18:38,804 - INFO - ⏸️ BTCUSDT no signal: no Donchian breakout
2026-05-15 00:19:10,639 - INFO - 📊 Balance=30.04 USDT | available=30.04 USDT | lev=3x | daily=+0.00% | trades=0/5 | session=✅ | open_positions=0
2026-05-15 00:19:10,639 - INFO - 🔎 BTCUSDT
2026-05-15 00:19:14,157 - INFO - ⏸️ BTCUSDT no signal: no Donchian breakout
2026-05-15 00:19:45,943 - INFO - 📊 Balance=30.04 USDT | available=30.04 USDT | lev=3x | daily=+0.00% | trades=0/5 | session=✅ | open_positions=0
2026-05-15 00:19:45,943 - INFO - 🔎 BTCUSDT
2026-05-15 00:19:54,048 - INFO - ⏸️ BTCUSDT no signal: no Donchian breakout
2026-05-15 00:20:29,521 - INFO - 📊 Balance=30.04 USDT | available=30.04 USDT | lev=3x | daily=+0.00% | trades=0/5 | session=✅ | open_positions=0
2026-05-15 00:20:29,522 - INFO - 🔎 BTCUSDT
2026-05-15 00:21:08,089 - INFO - ⏸️ BTCUSDT no signal: no Donchian breakout
2026-05-15 00:21:39,728 - INFO - 📊 Balance=30.04 USDT | available=30.04 USDT | lev=3x | daily=+0.00% | trades=0/5 | session=✅ | open_positions=0
2026-05-15 00:21:39,728 - INFO - 🔎 BTCUSDT
2026-05-15 00:21:42,871 - INFO - ⏸️ BTCUSDT no signal: no Donchian breakout
2026-05-15 00:22:14,982 - INFO - 📊 Balance=30.04 USDT | available=30.04 USDT | lev=3x | daily=+0.00% | trades=0/5 | session=✅ | open_positions=0
2026-05-15 00:22:14,982 - INFO - 🔎 BTCUSDT
2026-05-15 00:22:18,377 - INFO - ⏸️ BTCUSDT no signal: no Donchian breakout
2026-05-15 00:22:50,222 - INFO - 📊 Balance=30.04 USDT | available=30.04 USDT | lev=3x | daily=+0.00% | trades=0/5 | session=✅ | open_positions=0
2026-05-15 00:22:50,222 - INFO - 🔎 BTCUSDT
2026-05-15 00:22:53,637 - INFO - ⏸️ BTCUSDT no signal: no Donchian breakout
2026-05-15 00:23:24,234 - INFO - ⏱️ Time synced offset=-31ms
2026-05-15 00:23:25,853 - INFO - 📊 Balance=30.04 USDT | available=30.04 USDT | lev=3x | daily=+0.00% | trades=0/5 | session=✅ | open_positions=0
2026-05-15 00:23:25,853 - INFO - 🔎 BTCUSDT
2026-05-15 00:23:28,944 - INFO - ⏸️ BTCUSDT no signal: no Donchian breakout
2026-05-15 00:24:00,757 - INFO - 📊 Balance=30.04 USDT | available=30.04 USDT | lev=3x | daily=+0.00% | trades=0/5 | session=✅ | open_positions=0
2026-05-15 00:24:00,758 - INFO - 🔎 BTCUSDT
2026-05-15 00:24:03,887 - INFO - ⏸️ BTCUSDT no signal: no Donchian breakout
2026-05-15 00:24:35,506 - INFO - 📊 Balance=30.04 USDT | available=30.04 USDT | lev=3x | daily=+0.00% | trades=0/5 | session=✅ | open_positions=0
2026-05-15 00:24:35,507 - INFO - 🔎 BTCUSDT
2026-05-15 00:24:38,658 - INFO - ⏸️ BTCUSDT no signal: no Donchian breakout
2026-05-15 00:25:10,341 - INFO - 📊 Balance=30.04 USDT | available=30.04 USDT | lev=3x | daily=+0.00% | trades=0/5 | session=✅ | open_positions=0
2026-05-15 00:25:10,342 - INFO - 🔎 BTCUSDT
2026-05-15 00:25:13,683 - INFO - ⏸️ BTCUSDT no signal: no Donchian breakout
2026-05-15 00:25:45,451 - INFO - 📊 Balance=30.04 USDT | available=30.04 USDT | lev=3x | daily=+0.00% | trades=0/5 | session=✅ | open_positions=0
2026-05-15 00:25:45,452 - INFO - 🔎 BTCUSDT
2026-05-15 00:25:48,596 - INFO - ⏸️ BTCUSDT no signal: no Donchian breakout
2026-05-15 00:26:20,241 - INFO - 📊 Balance=30.04 USDT | available=30.04 USDT | lev=3x | daily=+0.00% | trades=0/5 | session=✅ | open_positions=0
2026-05-15 00:26:20,241 - INFO - 🔎 BTCUSDT
2026-05-15 00:26:23,544 - INFO - ⏸️ BTCUSDT no signal: no Donchian breakout
2026-05-15 00:26:55,271 - INFO - 📊 Balance=30.04 USDT | available=30.04 USDT | lev=3x | daily=+0.00% | trades=0/5 | session=✅ | open_positions=0
2026-05-15 00:26:55,272 - INFO - 🔎 BTCUSDT
2026-05-15 00:26:58,431 - INFO - ⏸️ BTCUSDT no signal: no Donchian breakout
2026-05-15 00:27:30,051 - INFO - 📊 Balance=30.04 USDT | available=30.04 USDT | lev=3x | daily=+0.00% | trades=0/5 | session=✅ | open_positions=0
2026-05-15 00:27:30,051 - INFO - 🔎 BTCUSDT
2026-05-15 00:27:33,359 - INFO - ⏸️ BTCUSDT no signal: no Donchian breakout
2026-05-15 00:28:05,021 - INFO - 📊 Balance=30.04 USDT | available=30.04 USDT | lev=3x | daily=+0.00% | trades=0/5 | session=✅ | open_positions=0
2026-05-15 00:28:05,021 - INFO - 🔎 BTCUSDT
2026-05-15 00:28:08,110 - INFO - ⏸️ BTCUSDT no signal: no Donchian breakout
2026-05-15 00:28:38,697 - INFO - ⏱️ Time synced offset=-33ms
2026-05-15 00:28:40,518 - INFO - 📊 Balance=30.04 USDT | available=30.04 USDT | lev=3x | daily=+0.00% | trades=0/5 | session=✅ | open_positions=0
2026-05-15 00:28:40,518 - INFO - 🔎 BTCUSDT
2026-05-15 00:28:43,632 - INFO - ⏸️ BTCUSDT no signal: no Donchian breakout
2026-05-15 00:29:15,258 - INFO - 📊 Balance=30.04 USDT | available=30.04 USDT | lev=3x | daily=+0.00% | trades=0/5 | session=✅ | open_positions=0
2026-05-15 00:29:15,258 - INFO - 🔎 BTCUSDT
2026-05-15 00:29:18,432 - INFO - ⏸️ BTCUSDT no signal: no Donchian breakout
2026-05-15 00:29:50,728 - INFO - 📊 Balance=30.04 USDT | available=30.04 USDT | lev=3x | daily=+0.00% | trades=0/5 | session=✅ | open_positions=0
2026-05-15 00:29:50,729 - INFO - 🔎 BTCUSDT
2026-05-15 00:29:53,904 - INFO - ⏸️ BTCUSDT no signal: no Donchian breakout
2026-05-15 00:30:25,635 - INFO - 📊 Balance=30.04 USDT | available=30.04 USDT | lev=3x | daily=+0.00% | trades=0/5 | session=✅ | open_positions=0
2026-05-15 00:30:25,635 - INFO - 🔎 BTCUSDT
2026-05-15 00:30:28,864 - INFO - ⏸️ BTCUSDT no signal: no Donchian breakout
2026-05-15 00:31:00,482 - INFO - 📊 Balance=30.04 USDT | available=30.04 USDT | lev=3x | daily=+0.00% | trades=0/5 | session=✅ | open_positions=0
2026-05-15 00:31:00,482 - INFO - 🔎 BTCUSDT
2026-05-15 00:31:03,614 - INFO - ⏸️ BTCUSDT no signal: no Donchian breakout
2026-05-15 00:31:35,335 - INFO - 📊 Balance=30.04 USDT | available=30.04 USDT | lev=3x | daily=+0.00% | trades=0/5 | session=✅ | open_positions=0
2026-05-15 00:31:35,335 - INFO - 🔎 BTCUSDT
2026-05-15 00:31:38,615 - INFO - ⏸️ BTCUSDT no signal: no Donchian breakout
2026-05-15 00:32:10,450 - INFO - 📊 Balance=30.04 USDT | available=30.04 USDT | lev=3x | daily=+0.00% | trades=0/5 | session=✅ | open_positions=0
2026-05-15 00:32:10,451 - INFO - 🔎 BTCUSDT
2026-05-15 00:32:13,708 - INFO - ⏸️ BTCUSDT no signal: no Donchian breakout
2026-05-15 00:32:45,321 - INFO - 📊 Balance=30.04 USDT | available=30.04 USDT | lev=3x | daily=+0.00% | trades=0/5 | session=✅ | open_positions=0
2026-05-15 00:32:45,321 - INFO - 🔎 BTCUSDT
2026-05-15 00:32:49,794 - INFO - ⏸️ BTCUSDT no signal: no Donchian breakout
2026-05-15 00:33:21,567 - INFO - 📊 Balance=30.04 USDT | available=30.04 USDT | lev=3x | daily=+0.00% | trades=0/5 | session=✅ | open_positions=0
2026-05-15 00:33:21,567 - INFO - 🔎 BTCUSDT
2026-05-15 00:33:25,098 - INFO - ⏸️ BTCUSDT no signal: no Donchian breakout
2026-05-15 00:33:55,641 - INFO - ⏱️ Time synced offset=-28ms
2026-05-15 00:33:57,392 - INFO - 📊 Balance=30.04 USDT | available=30.04 USDT | lev=3x | daily=+0.00% | trades=0/5 | session=✅ | open_positions=0
2026-05-15 00:33:57,392 - INFO - 🔎 BTCUSDT
2026-05-15 00:34:00,559 - INFO - ⏸️ BTCUSDT no signal: no Donchian breakout
2026-05-15 00:34:32,615 - INFO - 📊 Balance=30.04 USDT | available=30.04 USDT | lev=3x | daily=+0.00% | trades=0/5 | session=✅ | open_positions=0
2026-05-15 00:34:32,615 - INFO - 🔎 BTCUSDT
2026-05-15 00:34:35,977 - INFO - ⏸️ BTCUSDT no signal: no Donchian breakout
2026-05-15 00:35:07,720 - INFO - 📊 Balance=30.04 USDT | available=30.04 USDT | lev=3x | daily=+0.00% | trades=0/5 | session=✅ | open_positions=0
2026-05-15 00:35:07,720 - INFO - 🔎 BTCUSDT
2026-05-15 00:35:10,799 - INFO - ⏸️ BTCUSDT no signal: no Donchian breakout
2026-05-15 00:35:43,599 - INFO - 📊 Balance=30.04 USDT | available=30.04 USDT | lev=3x | daily=+0.00% | trades=0/5 | session=✅ | open_positions=0
2026-05-15 00:35:43,599 - INFO - 🔎 BTCUSDT
2026-05-15 00:35:46,715 - INFO - ⏸️ BTCUSDT no signal: no Donchian breakout
2026-05-15 00:36:18,490 - INFO - 📊 Balance=30.04 USDT | available=30.04 USDT | lev=3x | daily=+0.00% | trades=0/5 | session=✅ | open_positions=0
2026-05-15 00:36:18,490 - INFO - 🔎 BTCUSDT
2026-05-15 00:36:21,780 - INFO - ⏸️ BTCUSDT no signal: no Donchian breakout
2026-05-15 00:36:53,773 - INFO - 📊 Balance=30.04 USDT | available=30.04 USDT | lev=3x | daily=+0.00% | trades=0/5 | session=✅ | open_positions=0
2026-05-15 00:36:53,773 - INFO - 🔎 BTCUSDT
2026-05-15 00:36:57,148 - INFO - ⏸️ BTCUSDT no signal: no Donchian breakout
2026-05-15 00:37:28,764 - INFO - 📊 Balance=30.04 USDT | available=30.04 USDT | lev=3x | daily=+0.00% | trades=0/5 | session=✅ | open_positions=0
2026-05-15 00:37:28,764 - INFO - 🔎 BTCUSDT
2026-05-15 00:37:31,988 - INFO - ⏸️ BTCUSDT no signal: no Donchian breakout
2026-05-15 00:38:03,687 - INFO - 📊 Balance=30.04 USDT | available=30.04 USDT | lev=3x | daily=+0.00% | trades=0/5 | session=✅ | open_positions=0
2026-05-15 00:38:03,688 - INFO - 🔎 BTCUSDT
2026-05-15 00:38:06,823 - INFO - ⏸️ BTCUSDT no signal: no Donchian breakout
2026-05-15 00:38:38,416 - INFO - 📊 Balance=30.04 USDT | available=30.04 USDT | lev=3x | daily=+0.00% | trades=0/5 | session=✅ | open_positions=0
2026-05-15 00:38:38,416 - INFO - 🔎 BTCUSDT
2026-05-15 00:38:41,544 - INFO - ⏸️ BTCUSDT no signal: no Donchian breakout
2026-05-15 00:39:12,161 - INFO - ⏱️ Time synced offset=-27ms
2026-05-15 00:39:14,006 - INFO - 📊 Balance=30.04 USDT | available=30.04 USDT | lev=3x | daily=+0.00% | trades=0/5 | session=✅ | open_positions=0
2026-05-15 00:39:14,006 - INFO - 🔎 BTCUSDT
2026-05-15 00:39:17,252 - INFO - ⏸️ BTCUSDT no signal: no Donchian breakout
2026-05-15 00:39:49,605 - INFO - 📊 Balance=30.04 USDT | available=30.04 USDT | lev=3x | daily=+0.00% | trades=0/5 | session=✅ | open_positions=0
2026-05-15 00:39:49,606 - INFO - 🔎 BTCUSDT
2026-05-15 00:39:53,366 - INFO - ⏸️ BTCUSDT no signal: no Donchian breakout
2026-05-15 00:40:25,059 - INFO - 📊 Balance=30.04 USDT | available=30.04 USDT | lev=3x | daily=+0.00% | trades=0/5 | session=✅ | open_positions=0
2026-05-15 00:40:25,059 - INFO - 🔎 BTCUSDT
2026-05-15 00:40:28,277 - INFO - ⏸️ BTCUSDT no signal: no Donchian breakout
2026-05-15 00:41:00,219 - INFO - 📊 Balance=30.04 USDT | available=30.04 USDT | lev=3x | daily=+0.00% | trades=0/5 | session=✅ | open_positions=0
2026-05-15 00:41:00,219 - INFO - 🔎 BTCUSDT
2026-05-15 00:41:03,404 - INFO - ⏸️ BTCUSDT no signal: no Donchian breakout
2026-05-15 00:41:35,019 - INFO - 📊 Balance=30.04 USDT | available=30.04 USDT | lev=3x | daily=+0.00% | trades=0/5 | session=✅ | open_positions=0
2026-05-15 00:41:35,019 - INFO - 🔎 BTCUSDT
2026-05-15 00:41:38,193 - INFO - ⏸️ BTCUSDT no signal: no Donchian breakout
2026-05-15 00:42:10,057 - INFO - 📊 Balance=30.04 USDT | available=30.04 USDT | lev=3x | daily=+0.00% | trades=0/5 | session=✅ | open_positions=0
2026-05-15 00:42:10,057 - INFO - 🔎 BTCUSDT
2026-05-15 00:42:13,946 - INFO - ⏸️ BTCUSDT no signal: no Donchian breakout
2026-05-15 00:42:45,655 - INFO - 📊 Balance=30.04 USDT | available=30.04 USDT | lev=3x | daily=+0.00% | trades=0/5 | session=✅ | open_positions=0
2026-05-15 00:42:45,655 - INFO - 🔎 BTCUSDT
2026-05-15 00:42:48,657 - INFO - ⏸️ BTCUSDT no signal: no Donchian breakout
2026-05-15 00:43:20,507 - INFO - 📊 Balance=30.04 USDT | available=30.04 USDT | lev=3x | daily=+0.00% | trades=0/5 | session=✅ | open_positions=0
2026-05-15 00:43:20,507 - INFO - 🔎 BTCUSDT
2026-05-15 00:43:24,348 - INFO - ⏸️ BTCUSDT no signal: no Donchian breakout
2026-05-15 00:43:56,039 - INFO - 📊 Balance=30.04 USDT | available=30.04 USDT | lev=3x | daily=+0.00% | trades=0/5 | session=✅ | open_positions=0
2026-05-15 00:43:56,039 - INFO - 🔎 BTCUSDT
2026-05-15 00:43:59,203 - INFO - ⏸️ BTCUSDT no signal: no Donchian breakout
2026-05-15 00:44:29,767 - INFO - ⏱️ Time synced offset=-31ms
2026-05-15 00:44:31,339 - INFO - 📊 Balance=30.04 USDT | available=30.04 USDT | lev=3x | daily=+0.00% | trades=0/5 | session=✅ | open_positions=0
2026-05-15 00:44:31,340 - INFO - 🔎 BTCUSDT
2026-05-15 00:44:34,499 - INFO - ⏸️ BTCUSDT no signal: no Donchian breakout
2026-05-15 00:45:06,092 - INFO - 📊 Balance=30.04 USDT | available=30.04 USDT | lev=3x | daily=+0.00% | trades=0/5 | session=✅ | open_positions=0
2026-05-15 00:45:06,093 - INFO - 🔎 BTCUSDT
2026-05-15 00:45:09,171 - INFO - ⏸️ BTCUSDT no signal: no Donchian breakout
2026-05-15 00:45:41,416 - INFO - 📊 Balance=30.04 USDT | available=30.04 USDT | lev=3x | daily=+0.00% | trades=0/5 | session=✅ | open_positions=0
2026-05-15 00:45:41,416 - INFO - 🔎 BTCUSDT
2026-05-15 00:45:44,927 - INFO - ⏸️ BTCUSDT no signal: no Donchian breakout
2026-05-15 00:46:16,618 - INFO - 📊 Balance=30.04 USDT | available=30.04 USDT | lev=3x | daily=+0.00% | trades=0/5 | session=✅ | open_positions=0
2026-05-15 00:46:16,618 - INFO - 🔎 BTCUSDT
2026-05-15 00:46:19,772 - INFO - ⏸️ BTCUSDT no signal: no Donchian breakout
2026-05-15 00:46:51,328 - INFO - 📊 Balance=30.04 USDT | available=30.04 USDT | lev=3x | daily=+0.00% | trades=0/5 | session=✅ | open_positions=0
2026-05-15 00:46:51,328 - INFO - 🔎 BTCUSDT
2026-05-15 00:46:54,525 - INFO - ⏸️ BTCUSDT no signal: no Donchian breakout
2026-05-15 00:47:26,145 - INFO - 📊 Balance=30.04 USDT | available=30.04 USDT | lev=3x | daily=+0.00% | trades=0/5 | session=✅ | open_positions=0
2026-05-15 00:47:26,145 - INFO - 🔎 BTCUSDT
2026-05-15 00:47:29,332 - INFO - ⏸️ BTCUSDT no signal: no Donchian breakout
2026-05-15 00:48:00,885 - INFO - 📊 Balance=30.04 USDT | available=30.04 USDT | lev=3x | daily=+0.00% | trades=0/5 | session=✅ | open_positions=0
2026-05-15 00:48:00,885 - INFO - 🔎 BTCUSDT
2026-05-15 00:48:04,243 - INFO - ⏸️ BTCUSDT no signal: no Donchian breakout
2026-05-15 00:48:35,859 - INFO - 📊 Balance=30.04 USDT | available=30.04 USDT | lev=3x | daily=+0.00% | trades=0/5 | session=✅ | open_positions=0
2026-05-15 00:48:35,859 - INFO - 🔎 BTCUSDT
2026-05-15 00:48:38,937 - INFO - ⏸️ BTCUSDT no signal: no Donchian breakout
2026-05-15 00:49:10,618 - INFO - 📊 Balance=30.04 USDT | available=30.04 USDT | lev=3x | daily=+0.00% | trades=0/5 | session=✅ | open_positions=0
2026-05-15 00:49:10,619 - INFO - 🔎 BTCUSDT
2026-05-15 00:49:13,855 - INFO - ⏸️ BTCUSDT no signal: no Donchian breakout
2026-05-15 00:49:44,382 - INFO - ⏱️ Time synced offset=-28ms
2026-05-15 00:49:46,013 - INFO - 📊 Balance=30.04 USDT | available=30.04 USDT | lev=3x | daily=+0.00% | trades=0/5 | session=✅ | open_positions=0
2026-05-15 00:49:46,014 - INFO - 🔎 BTCUSDT
2026-05-15 00:49:49,169 - INFO - ⏸️ BTCUSDT no signal: no Donchian breakout
2026-05-15 00:50:20,771 - INFO - 📊 Balance=30.04 USDT | available=30.04 USDT | lev=3x | daily=+0.00% | trades=0/5 | session=✅ | open_positions=0
2026-05-15 00:50:20,771 - INFO - 🔎 BTCUSDT
2026-05-15 00:50:23,900 - INFO - ⏸️ BTCUSDT no signal: no Donchian breakout
2026-05-15 00:50:56,112 - INFO - 📊 Balance=30.04 USDT | available=30.04 USDT | lev=3x | daily=+0.00% | trades=0/5 | session=✅ | open_positions=0
2026-05-15 00:50:56,113 - INFO - 🔎 BTCUSDT
2026-05-15 00:50:59,759 - INFO - ⏸️ BTCUSDT no signal: no Donchian breakout
2026-05-15 00:51:31,387 - INFO - 📊 Balance=30.04 USDT | available=30.04 USDT | lev=3x | daily=+0.00% | trades=0/5 | session=✅ | open_positions=0
2026-05-15 00:51:31,388 - INFO - 🔎 BTCUSDT
2026-05-15 00:51:34,445 - INFO - ⏸️ BTCUSDT no signal: no Donchian breakout
2026-05-15 00:52:06,358 - INFO - 📊 Balance=30.04 USDT | available=30.04 USDT | lev=3x | daily=+0.00% | trades=0/5 | session=✅ | open_positions=0
2026-05-15 00:52:06,359 - INFO - 🔎 BTCUSDT
2026-05-15 00:52:09,659 - INFO - ⏸️ BTCUSDT no signal: no Donchian breakout
2026-05-15 00:52:41,458 - INFO - 📊 Balance=30.04 USDT | available=30.04 USDT | lev=3x | daily=+0.00% | trades=0/5 | session=✅ | open_positions=0
2026-05-15 00:52:41,458 - INFO - 🔎 BTCUSDT
2026-05-15 00:52:45,115 - INFO - ⏸️ BTCUSDT no signal: no Donchian breakout
2026-05-15 00:53:16,787 - INFO - 📊 Balance=30.04 USDT | available=30.04 USDT | lev=3x | daily=+0.00% | trades=0/5 | session=✅ | open_positions=0
2026-05-15 00:53:16,788 - INFO - 🔎 BTCUSDT
2026-05-15 00:53:19,866 - INFO - ⏸️ BTCUSDT no signal: no Donchian breakout
2026-05-15 00:53:55,785 - INFO - 📊 Balance=30.04 USDT | available=30.04 USDT | lev=3x | daily=+0.00% | trades=0/5 | session=✅ | open_positions=0
2026-05-15 00:53:55,786 - INFO - 🔎 BTCUSDT
2026-05-15 00:53:59,638 - INFO - ⏸️ BTCUSDT no signal: no Donchian breakout
2026-05-15 00:54:31,392 - INFO - 📊 Balance=30.04 USDT | available=30.04 USDT | lev=3x | daily=+0.00% | trades=0/5 | session=✅ | open_positions=0
2026-05-15 00:54:31,392 - INFO - 🔎 BTCUSDT
2026-05-15 00:54:35,134 - INFO - ⏸️ BTCUSDT no signal: no Donchian breakout
2026-05-15 00:55:05,661 - INFO - ⏱️ Time synced offset=-32ms
2026-05-15 00:55:07,323 - INFO - 📊 Balance=30.04 USDT | available=30.04 USDT | lev=3x | daily=+0.00% | trades=0/5 | session=✅ | open_positions=0
2026-05-15 00:55:07,323 - INFO - 🔎 BTCUSDT
2026-05-15 00:55:11,049 - INFO - ⏸️ BTCUSDT no signal: no Donchian breakout
2026-05-15 00:55:43,330 - INFO - 📊 Balance=30.04 USDT | available=30.04 USDT | lev=3x | daily=+0.00% | trades=0/5 | session=✅ | open_positions=0
2026-05-15 00:55:43,331 - INFO - 🔎 BTCUSDT
2026-05-15 00:55:46,700 - INFO - ⏸️ BTCUSDT no signal: no Donchian breakout
2026-05-15 00:56:18,293 - INFO - 📊 Balance=30.04 USDT | available=30.04 USDT | lev=3x | daily=+0.00% | trades=0/5 | session=✅ | open_positions=0
2026-05-15 00:56:18,293 - INFO - 🔎 BTCUSDT
2026-05-15 00:56:22,223 - INFO - ⏸️ BTCUSDT no signal: no Donchian breakout
2026-05-15 00:56:55,924 - INFO - 📊 Balance=30.04 USDT | available=30.04 USDT | lev=3x | daily=+0.00% | trades=0/5 | session=✅ | open_positions=0
2026-05-15 00:56:55,924 - INFO - 🔎 BTCUSDT
2026-05-15 00:57:02,801 - INFO - ⏸️ BTCUSDT no signal: no Donchian breakout
2026-05-15 00:57:34,668 - INFO - 📊 Balance=30.04 USDT | available=30.04 USDT | lev=3x | daily=+0.00% | trades=0/5 | session=✅ | open_positions=0
2026-05-15 00:57:34,669 - INFO - 🔎 BTCUSDT
2026-05-15 00:57:37,899 - INFO - ⏸️ BTCUSDT no signal: no Donchian breakout
2026-05-15 00:58:09,505 - INFO - 📊 Balance=30.04 USDT | available=30.04 USDT | lev=3x | daily=+0.00% | trades=0/5 | session=✅ | open_positions=0
2026-05-15 00:58:09,505 - INFO - 🔎 BTCUSDT
2026-05-15 00:58:12,678 - INFO - ⏸️ BTCUSDT no signal: no Donchian breakout
2026-05-15 00:58:44,251 - INFO - 📊 Balance=30.04 USDT | available=30.04 USDT | lev=3x | daily=+0.00% | trades=0/5 | session=✅ | open_positions=0
2026-05-15 00:58:44,251 - INFO - 🔎 BTCUSDT
2026-05-15 00:58:47,427 - INFO - ⏸️ BTCUSDT no signal: no Donchian breakout
2026-05-15 00:59:19,053 - INFO - 📊 Balance=30.04 USDT | available=30.04 USDT | lev=3x | daily=+0.00% | trades=0/5 | session=✅ | open_positions=0
2026-05-15 00:59:19,053 - INFO - 🔎 BTCUSDT
2026-05-15 00:59:22,328 - INFO - ⏸️ BTCUSDT no signal: no Donchian breakout
2026-05-15 00:59:53,981 - INFO - 📊 Balance=30.04 USDT | available=30.04 USDT | lev=3x | daily=+0.00% | trades=0/5 | session=✅ | open_positions=0
2026-05-15 00:59:53,981 - INFO - 🔎 BTCUSDT
2026-05-15 00:59:57,144 - INFO - ⏸️ BTCUSDT no signal: no Donchian breakout
2026-05-15 01:00:35,253 - INFO - ⏱️ Time synced offset=-32ms
2026-05-15 01:00:37,074 - INFO - [STATS] Hourly rejections (of 97 attempts): {'no_donchian_breakout': '82(85%)', 'adx_too_high': '15(15%)'}
2026-05-15 01:00:37,075 - INFO - 📊 Balance=30.04 USDT | available=30.04 USDT | lev=3x | daily=+0.00% | trades=0/5 | session=✅ | open_positions=0
2026-05-15 01:00:37,075 - INFO - 🔎 BTCUSDT
2026-05-15 01:00:40,203 - INFO - ⏸️ BTCUSDT no signal: no Donchian breakout
2026-05-15 01:01:11,830 - INFO - 📊 Balance=30.04 USDT | available=30.04 USDT | lev=3x | daily=+0.00% | trades=0/5 | session=✅ | open_positions=0
2026-05-15 01:01:11,830 - INFO - 🔎 BTCUSDT
2026-05-15 01:01:15,047 - INFO - ⏸️ BTCUSDT no signal: no Donchian breakout
2026-05-15 01:01:46,693 - INFO - 📊 Balance=30.04 USDT | available=30.04 USDT | lev=3x | daily=+0.00% | trades=0/5 | session=✅ | open_positions=0
2026-05-15 01:01:46,693 - INFO - 🔎 BTCUSDT
2026-05-15 01:01:50,058 - INFO - ⏸️ BTCUSDT no signal: no Donchian breakout
2026-05-15 01:02:21,688 - INFO - 📊 Balance=30.04 USDT | available=30.04 USDT | lev=3x | daily=+0.00% | trades=0/5 | session=✅ | open_positions=0
2026-05-15 01:02:21,689 - INFO - 🔎 BTCUSDT
2026-05-15 01:02:26,856 - INFO - ⏸️ BTCUSDT no signal: no Donchian breakout
2026-05-15 01:03:01,116 - INFO - 📊 Balance=30.04 USDT | available=30.04 USDT | lev=3x | daily=+0.00% | trades=0/5 | session=✅ | open_positions=0
2026-05-15 01:03:01,117 - INFO - 🔎 BTCUSDT
2026-05-15 01:03:04,330 - INFO - ⏸️ BTCUSDT no signal: no Donchian breakout
2026-05-15 01:03:36,169 - INFO - 📊 Balance=30.04 USDT | available=30.04 USDT | lev=3x | daily=+0.00% | trades=0/5 | session=✅ | open_positions=0
2026-05-15 01:03:36,169 - INFO - 🔎 BTCUSDT
2026-05-15 01:03:39,398 - INFO - ⏸️ BTCUSDT no signal: no Donchian breakout
2026-05-15 01:04:12,258 - INFO - 📊 Balance=30.04 USDT | available=30.04 USDT | lev=3x | daily=+0.00% | trades=0/5 | session=✅ | open_positions=0
2026-05-15 01:04:12,258 - INFO - 🔎 BTCUSDT
2026-05-15 01:04:15,450 - INFO - ⏸️ BTCUSDT no signal: no Donchian breakout
2026-05-15 01:04:47,228 - INFO - 📊 Balance=30.04 USDT | available=30.04 USDT | lev=3x | daily=+0.00% | trades=0/5 | session=✅ | open_positions=0
2026-05-15 01:04:47,228 - INFO - 🔎 BTCUSDT
2026-05-15 01:04:50,277 - INFO - ⏸️ BTCUSDT no signal: no Donchian breakout
2026-05-15 01:05:22,032 - INFO - 📊 Balance=30.04 USDT | available=30.04 USDT | lev=3x | daily=+0.00% | trades=0/5 | session=✅ | open_positions=0
2026-05-15 01:05:22,033 - INFO - 🔎 BTCUSDT
2026-05-15 01:05:25,505 - INFO - ⏸️ BTCUSDT no signal: no Donchian breakout
2026-05-15 01:05:56,044 - INFO - ⏱️ Time synced offset=-29ms
2026-05-15 01:05:58,408 - INFO - 📊 Balance=30.04 USDT | available=30.04 USDT | lev=3x | daily=+0.00% | trades=0/5 | session=✅ | open_positions=0
2026-05-15 01:05:58,409 - INFO - 🔎 BTCUSDT
2026-05-15 01:06:08,132 - INFO - ⏸️ BTCUSDT no signal: no Donchian breakout
2026-05-15 01:06:40,559 - INFO - 📊 Balance=30.04 USDT | available=30.04 USDT | lev=3x | daily=+0.00% | trades=0/5 | session=✅ | open_positions=0
2026-05-15 01:06:40,560 - INFO - 🔎 BTCUSDT
2026-05-15 01:06:44,043 - INFO - ⏸️ BTCUSDT no signal: no Donchian breakout
2026-05-15 01:07:16,220 - INFO - 📊 Balance=30.04 USDT | available=30.04 USDT | lev=3x | daily=+0.00% | trades=0/5 | session=✅ | open_positions=0
2026-05-15 01:07:16,221 - INFO - 🔎 BTCUSDT
2026-05-15 01:07:19,360 - INFO - ⏸️ BTCUSDT no signal: no Donchian breakout
2026-05-15 01:07:50,983 - INFO - 📊 Balance=30.04 USDT | available=30.04 USDT | lev=3x | daily=+0.00% | trades=0/5 | session=✅ | open_positions=0
2026-05-15 01:07:50,983 - INFO - 🔎 BTCUSDT
2026-05-15 01:07:54,531 - INFO - ⏸️ BTCUSDT no signal: no Donchian breakout
2026-05-15 01:08:26,169 - INFO - 📊 Balance=30.04 USDT | available=30.04 USDT | lev=3x | daily=+0.00% | trades=0/5 | session=✅ | open_positions=0
2026-05-15 01:08:26,169 - INFO - 🔎 BTCUSDT
2026-05-15 01:08:29,333 - INFO - ⏸️ BTCUSDT no signal: no Donchian breakout
2026-05-15 01:09:01,393 - INFO - 📊 Balance=30.04 USDT | available=30.04 USDT | lev=3x | daily=+0.00% | trades=0/5 | session=✅ | open_positions=0
2026-05-15 01:09:01,394 - INFO - 🔎 BTCUSDT
2026-05-15 01:09:05,002 - INFO - ⏸️ BTCUSDT no signal: no Donchian breakout
2026-05-15 01:09:40,208 - INFO - 📊 Balance=30.04 USDT | available=30.04 USDT | lev=3x | daily=+0.00% | trades=0/5 | session=✅ | open_positions=0
2026-05-15 01:09:40,208 - INFO - 🔎 BTCUSDT
2026-05-15 01:09:43,967 - INFO - ⏸️ BTCUSDT no signal: no Donchian breakout
2026-05-15 01:10:15,701 - INFO - 📊 Balance=30.04 USDT | available=30.04 USDT | lev=3x | daily=+0.00% | trades=0/5 | session=✅ | open_positions=0
2026-05-15 01:10:15,702 - INFO - 🔎 BTCUSDT
2026-05-15 01:10:18,905 - INFO - ⏸️ BTCUSDT no signal: no Donchian breakout
2026-05-15 01:10:50,495 - INFO - 📊 Balance=30.04 USDT | available=30.04 USDT | lev=3x | daily=+0.00% | trades=0/5 | session=✅ | open_positions=0
2026-05-15 01:10:50,495 - INFO - 🔎 BTCUSDT
2026-05-15 01:10:53,669 - INFO - ⏸️ BTCUSDT no signal: no Donchian breakout
2026-05-15 01:11:24,224 - INFO - ⏱️ Time synced offset=-30ms
2026-05-15 01:11:25,802 - INFO - 📊 Balance=30.04 USDT | available=30.04 USDT | lev=3x | daily=+0.00% | trades=0/5 | session=✅ | open_positions=0
2026-05-15 01:11:25,803 - INFO - 🔎 BTCUSDT
2026-05-15 01:11:29,532 - INFO - ⏸️ BTCUSDT no signal: no Donchian breakout
2026-05-15 01:12:01,228 - INFO - 📊 Balance=30.04 USDT | available=30.04 USDT | lev=3x | daily=+0.00% | trades=0/5 | session=✅ | open_positions=0
2026-05-15 01:12:01,228 - INFO - 🔎 BTCUSDT
2026-05-15 01:12:09,268 - INFO - ⏸️ BTCUSDT no signal: no Donchian breakout
2026-05-15 01:12:41,552 - INFO - 📊 Balance=30.04 USDT | available=30.04 USDT | lev=3x | daily=+0.00% | trades=0/5 | session=✅ | open_positions=0
2026-05-15 01:12:41,553 - INFO - 🔎 BTCUSDT
2026-05-15 01:12:44,697 - INFO - ⏸️ BTCUSDT no signal: no Donchian breakout
2026-05-15 01:13:16,971 - INFO - 📊 Balance=30.04 USDT | available=30.04 USDT | lev=3x | daily=+0.00% | trades=0/5 | session=✅ | open_positions=0
2026-05-15 01:13:16,971 - INFO - 🔎 BTCUSDT
2026-05-15 01:13:20,267 - INFO - ⏸️ BTCUSDT no signal: no Donchian breakout
2026-05-15 01:13:51,964 - INFO - 📊 Balance=30.04 USDT | available=30.04 USDT | lev=3x | daily=+0.00% | trades=0/5 | session=✅ | open_positions=0
2026-05-15 01:13:51,964 - INFO - 🔎 BTCUSDT
2026-05-15 01:13:55,123 - INFO - ⏸️ BTCUSDT no signal: no Donchian breakout
2026-05-15 01:14:26,778 - INFO - 📊 Balance=30.04 USDT | available=30.04 USDT | lev=3x | daily=+0.00% | trades=0/5 | session=✅ | open_positions=0
2026-05-15 01:14:26,778 - INFO - 🔎 BTCUSDT
2026-05-15 01:14:30,006 - INFO - ⏸️ BTCUSDT no signal: no Donchian breakout
2026-05-15 01:15:02,448 - INFO - 📊 Balance=30.04 USDT | available=30.04 USDT | lev=3x | daily=+0.00% | trades=0/5 | session=✅ | open_positions=0
2026-05-15 01:15:02,448 - INFO - 🔎 BTCUSDT
2026-05-15 01:15:05,597 - INFO - ⏸️ BTCUSDT no signal: no Donchian breakout
2026-05-15 01:15:37,214 - INFO - 📊 Balance=30.04 USDT | available=30.04 USDT | lev=3x | daily=+0.00% | trades=0/5 | session=✅ | open_positions=0
2026-05-15 01:15:37,214 - INFO - 🔎 BTCUSDT
2026-05-15 01:15:40,316 - INFO - ⏸️ BTCUSDT no signal: no Donchian breakout
2026-05-15 01:16:12,240 - INFO - 📊 Balance=30.04 USDT | available=30.04 USDT | lev=3x | daily=+0.00% | trades=0/5 | session=✅ | open_positions=0
2026-05-15 01:16:12,240 - INFO - 🔎 BTCUSDT
2026-05-15 01:16:15,322 - INFO - ⏸️ BTCUSDT no signal: no Donchian breakout
2026-05-15 01:16:45,866 - INFO - ⏱️ Time synced offset=-27ms
2026-05-15 01:16:48,317 - INFO - 📊 Balance=30.04 USDT | available=30.04 USDT | lev=3x | daily=+0.00% | trades=0/5 | session=✅ | open_positions=0
2026-05-15 01:16:48,318 - INFO - 🔎 BTCUSDT
2026-05-15 01:16:52,399 - INFO - ⏸️ BTCUSDT no signal: no Donchian breakout
2026-05-15 01:17:23,979 - INFO - 📊 Balance=30.04 USDT | available=30.04 USDT | lev=3x | daily=+0.00% | trades=0/5 | session=✅ | open_positions=0
2026-05-15 01:17:23,980 - INFO - 🔎 BTCUSDT
2026-05-15 01:17:27,027 - INFO - ⏸️ BTCUSDT no signal: no Donchian breakout
2026-05-15 01:17:58,692 - INFO - 📊 Balance=30.04 USDT | available=30.04 USDT | lev=3x | daily=+0.00% | trades=0/5 | session=✅ | open_positions=0
2026-05-15 01:17:58,692 - INFO - 🔎 BTCUSDT
2026-05-15 01:18:01,820 - INFO - ⏸️ BTCUSDT no signal: no Donchian breakout
2026-05-15 01:18:33,407 - INFO - 📊 Balance=30.04 USDT | available=30.04 USDT | lev=3x | daily=+0.00% | trades=0/5 | session=✅ | open_positions=0
2026-05-15 01:18:33,407 - INFO - 🔎 BTCUSDT
2026-05-15 01:18:36,498 - INFO - ⏸️ BTCUSDT no signal: no Donchian breakout
2026-05-15 01:19:08,102 - INFO - 📊 Balance=30.04 USDT | available=30.04 USDT | lev=3x | daily=+0.00% | trades=0/5 | session=✅ | open_positions=0
2026-05-15 01:19:08,103 - INFO - 🔎 BTCUSDT
2026-05-15 01:19:11,174 - INFO - ⏸️ BTCUSDT no signal: no Donchian breakout
2026-05-15 01:19:42,990 - INFO - 📊 Balance=30.04 USDT | available=30.04 USDT | lev=3x | daily=+0.00% | trades=0/5 | session=✅ | open_positions=0
2026-05-15 01:19:42,990 - INFO - 🔎 BTCUSDT
2026-05-15 01:19:46,125 - INFO - ⏸️ BTCUSDT no signal: no Donchian breakout
2026-05-15 01:20:17,881 - INFO - 📊 Balance=30.04 USDT | available=30.04 USDT | lev=3x | daily=+0.00% | trades=0/5 | session=✅ | open_positions=0
2026-05-15 01:20:17,881 - INFO - 🔎 BTCUSDT
2026-05-15 01:20:21,002 - INFO - ⏸️ BTCUSDT no signal: no Donchian breakout
2026-05-15 01:20:52,618 - INFO - 📊 Balance=30.04 USDT | available=30.04 USDT | lev=3x | daily=+0.00% | trades=0/5 | session=✅ | open_positions=0
2026-05-15 01:20:52,618 - INFO - 🔎 BTCUSDT
2026-05-15 01:20:55,820 - INFO - ⏸️ BTCUSDT no signal: no Donchian breakout
2026-05-15 01:21:27,582 - INFO - 📊 Balance=30.04 USDT | available=30.04 USDT | lev=3x | daily=+0.00% | trades=0/5 | session=✅ | open_positions=0
2026-05-15 01:21:27,582 - INFO - 🔎 BTCUSDT
2026-05-15 01:21:30,703 - INFO - ⏸️ BTCUSDT no signal: no Donchian breakout
2026-05-15 01:22:01,255 - INFO - ⏱️ Time synced offset=-26ms
2026-05-15 01:22:02,861 - INFO - 📊 Balance=30.04 USDT | available=30.04 USDT | lev=3x | daily=+0.00% | trades=0/5 | session=✅ | open_positions=0
2026-05-15 01:22:02,861 - INFO - 🔎 BTCUSDT
2026-05-15 01:22:05,953 - INFO - ⏸️ BTCUSDT no signal: no Donchian breakout
2026-05-15 01:22:37,595 - INFO - 📊 Balance=30.04 USDT | available=30.04 USDT | lev=3x | daily=+0.00% | trades=0/5 | session=✅ | open_positions=0
2026-05-15 01:22:37,596 - INFO - 🔎 BTCUSDT
2026-05-15 01:22:40,701 - INFO - ⏸️ BTCUSDT no signal: no Donchian breakout
2026-05-15 01:23:12,566 - INFO - 📊 Balance=30.04 USDT | available=30.04 USDT | lev=3x | daily=+0.00% | trades=0/5 | session=✅ | open_positions=0
2026-05-15 01:23:12,566 - INFO - 🔎 BTCUSDT
2026-05-15 01:23:15,811 - INFO - ⏸️ BTCUSDT no signal: no Donchian breakout
2026-05-15 01:23:47,445 - INFO - 📊 Balance=30.04 USDT | available=30.04 USDT | lev=3x | daily=+0.00% | trades=0/5 | session=✅ | open_positions=0
2026-05-15 01:23:47,445 - INFO - 🔎 BTCUSDT
2026-05-15 01:23:50,665 - INFO - ⏸️ BTCUSDT no signal: no Donchian breakout
2026-05-15 01:24:22,562 - INFO - 📊 Balance=30.04 USDT | available=30.04 USDT | lev=3x | daily=+0.00% | trades=0/5 | session=✅ | open_positions=0
2026-05-15 01:24:22,562 - INFO - 🔎 BTCUSDT
2026-05-15 01:24:25,838 - INFO - ⏸️ BTCUSDT no signal: no Donchian breakout
2026-05-15 01:24:57,548 - INFO - 📊 Balance=30.04 USDT | available=30.04 USDT | lev=3x | daily=+0.00% | trades=0/5 | session=✅ | open_positions=0
2026-05-15 01:24:57,548 - INFO - 🔎 BTCUSDT
2026-05-15 01:25:01,806 - INFO - ⏸️ BTCUSDT no signal: no Donchian breakout
2026-05-15 01:25:33,565 - INFO - 📊 Balance=30.04 USDT | available=30.04 USDT | lev=3x | daily=+0.00% | trades=0/5 | session=✅ | open_positions=0
2026-05-15 01:25:33,565 - INFO - 🔎 BTCUSDT
2026-05-15 01:25:36,903 - INFO - ⏸️ BTCUSDT no signal: no Donchian breakout
2026-05-15 01:26:08,597 - INFO - 📊 Balance=30.04 USDT | available=30.04 USDT | lev=3x | daily=+0.00% | trades=0/5 | session=✅ | open_positions=0
2026-05-15 01:26:08,598 - INFO - 🔎 BTCUSDT
2026-05-15 01:26:12,177 - INFO - ⏸️ BTCUSDT no signal: no Donchian breakout
2026-05-15 01:26:44,076 - INFO - 📊 Balance=30.04 USDT | available=30.04 USDT | lev=3x | daily=+0.00% | trades=0/5 | session=✅ | open_positions=0
2026-05-15 01:26:44,076 - INFO - 🔎 BTCUSDT
2026-05-15 01:26:47,838 - INFO - ⏸️ BTCUSDT no signal: no Donchian breakout
2026-05-15 01:27:18,491 - INFO - ⏱️ Time synced offset=-26ms
2026-05-15 01:27:20,309 - INFO - 📊 Balance=30.04 USDT | available=30.04 USDT | lev=3x | daily=+0.00% | trades=0/5 | session=✅ | open_positions=0
2026-05-15 01:27:20,309 - INFO - 🔎 BTCUSDT
2026-05-15 01:27:23,537 - INFO - ⏸️ BTCUSDT no signal: no Donchian breakout
2026-05-15 01:27:55,469 - INFO - 📊 Balance=30.04 USDT | available=30.04 USDT | lev=3x | daily=+0.00% | trades=0/5 | session=✅ | open_positions=0
2026-05-15 01:27:55,469 - INFO - 🔎 BTCUSDT
2026-05-15 01:28:00,934 - INFO - ⏸️ BTCUSDT no signal: no Donchian breakout
2026-05-15 01:28:32,636 - INFO - 📊 Balance=30.04 USDT | available=30.04 USDT | lev=3x | daily=+0.00% | trades=0/5 | session=✅ | open_positions=0
2026-05-15 01:28:32,636 - INFO - 🔎 BTCUSDT
2026-05-15 01:28:35,868 - INFO - ⏸️ BTCUSDT no signal: no Donchian breakout
2026-05-15 01:29:08,113 - INFO - 📊 Balance=30.04 USDT | available=30.04 USDT | lev=3x | daily=+0.00% | trades=0/5 | session=✅ | open_positions=0
2026-05-15 01:29:08,113 - INFO - 🔎 BTCUSDT
2026-05-15 01:29:12,299 - INFO - ⏸️ BTCUSDT no signal: no Donchian breakout
2026-05-15 01:29:45,434 - INFO - 📊 Balance=30.04 USDT | available=30.04 USDT | lev=3x | daily=+0.00% | trades=0/5 | session=✅ | open_positions=0
2026-05-15 01:29:45,435 - INFO - 🔎 BTCUSDT
2026-05-15 01:29:48,917 - INFO - ⏸️ BTCUSDT no signal: no Donchian breakout
2026-05-15 01:30:20,659 - INFO - 📊 Balance=30.04 USDT | available=30.04 USDT | lev=3x | daily=+0.00% | trades=0/5 | session=✅ | open_positions=0
2026-05-15 01:30:20,660 - INFO - 🔎 BTCUSDT
2026-05-15 01:30:27,441 - INFO - ⏸️ BTCUSDT no signal: no Donchian breakout
2026-05-15 01:30:59,102 - INFO - 📊 Balance=30.04 USDT | available=30.04 USDT | lev=3x | daily=+0.00% | trades=0/5 | session=✅ | open_positions=0
2026-05-15 01:30:59,102 - INFO - 🔎 BTCUSDT
2026-05-15 01:31:02,339 - INFO - ⏸️ BTCUSDT no signal: no Donchian breakout
2026-05-15 01:31:33,970 - INFO - 📊 Balance=30.04 USDT | available=30.04 USDT | lev=3x | daily=+0.00% | trades=0/5 | session=✅ | open_positions=0
2026-05-15 01:31:33,971 - INFO - 🔎 BTCUSDT
2026-05-15 01:31:37,239 - INFO - ⏸️ BTCUSDT no signal: no Donchian breakout
2026-05-15 01:32:09,128 - INFO - 📊 Balance=30.04 USDT | available=30.04 USDT | lev=3x | daily=+0.00% | trades=0/5 | session=✅ | open_positions=0
2026-05-15 01:32:09,129 - INFO - 🔎 BTCUSDT
2026-05-15 01:32:16,477 - INFO - ⏸️ BTCUSDT no signal: no Donchian breakout
2026-05-15 01:32:47,126 - INFO - ⏱️ Time synced offset=-55ms
2026-05-15 01:32:48,744 - INFO - 📊 Balance=30.04 USDT | available=30.04 USDT | lev=3x | daily=+0.00% | trades=0/5 | session=✅ | open_positions=0
2026-05-15 01:32:48,744 - INFO - 🔎 BTCUSDT
2026-05-15 01:32:52,244 - INFO - ⏸️ BTCUSDT no signal: no Donchian breakout
2026-05-15 01:33:24,057 - INFO - 📊 Balance=30.04 USDT | available=30.04 USDT | lev=3x | daily=+0.00% | trades=0/5 | session=✅ | open_positions=0
2026-05-15 01:33:24,058 - INFO - 🔎 BTCUSDT
2026-05-15 01:33:28,277 - INFO - ⏸️ BTCUSDT no signal: no Donchian breakout
2026-05-15 01:33:59,849 - INFO - 📊 Balance=30.04 USDT | available=30.04 USDT | lev=3x | daily=+0.00% | trades=0/5 | session=✅ | open_positions=0
2026-05-15 01:33:59,849 - INFO - 🔎 BTCUSDT
2026-05-15 01:34:03,079 - INFO - ⏸️ BTCUSDT no signal: no Donchian breakout
2026-05-15 01:34:35,363 - INFO - 📊 Balance=30.04 USDT | available=30.04 USDT | lev=3x | daily=+0.00% | trades=0/5 | session=✅ | open_positions=0
2026-05-15 01:34:35,363 - INFO - 🔎 BTCUSDT
2026-05-15 01:34:38,472 - INFO - ⏸️ BTCUSDT no signal: no Donchian breakout
2026-05-15 01:35:10,210 - INFO - 📊 Balance=30.04 USDT | available=30.04 USDT | lev=3x | daily=+0.00% | trades=0/5 | session=✅ | open_positions=0
2026-05-15 01:35:10,210 - INFO - 🔎 BTCUSDT
2026-05-15 01:35:13,442 - INFO - ⏸️ BTCUSDT no signal: no Donchian breakout
2026-05-15 01:35:45,134 - INFO - 📊 Balance=30.04 USDT | available=30.04 USDT | lev=3x | daily=+0.00% | trades=0/5 | session=✅ | open_positions=0
2026-05-15 01:35:45,134 - INFO - 🔎 BTCUSDT
2026-05-15 01:35:48,350 - INFO - ⏸️ BTCUSDT no signal: no Donchian breakout
2026-05-15 01:36:20,189 - INFO - 📊 Balance=30.04 USDT | available=30.04 USDT | lev=3x | daily=+0.00% | trades=0/5 | session=✅ | open_positions=0
2026-05-15 01:36:20,190 - INFO - 🔎 BTCUSDT
2026-05-15 01:36:23,367 - INFO - ⏸️ BTCUSDT no signal: no Donchian breakout
2026-05-15 01:36:54,981 - INFO - 📊 Balance=30.04 USDT | available=30.04 USDT | lev=3x | daily=+0.00% | trades=0/5 | session=✅ | open_positions=0
2026-05-15 01:36:54,982 - INFO - 🔎 BTCUSDT
2026-05-15 01:36:59,171 - INFO - ⏸️ BTCUSDT no signal: no Donchian breakout
2026-05-15 01:37:30,759 - INFO - 📊 Balance=30.04 USDT | available=30.04 USDT | lev=3x | daily=+0.00% | trades=0/5 | session=✅ | open_positions=0
2026-05-15 01:37:30,760 - INFO - 🔎 BTCUSDT
2026-05-15 01:37:34,022 - INFO - ⏸️ BTCUSDT no signal: no Donchian breakout
2026-05-15 01:38:04,554 - INFO - ⏱️ Time synced offset=-29ms
2026-05-15 01:38:06,190 - INFO - 📊 Balance=30.04 USDT | available=30.04 USDT | lev=3x | daily=+0.00% | trades=0/5 | session=✅ | open_positions=0
2026-05-15 01:38:06,190 - INFO - 🔎 BTCUSDT
2026-05-15 01:38:09,286 - INFO - ⏸️ BTCUSDT no signal: no Donchian breakout
2026-05-15 01:38:43,045 - INFO - 📊 Balance=30.04 USDT | available=30.04 USDT | lev=3x | daily=+0.00% | trades=0/5 | session=✅ | open_positions=0
2026-05-15 01:38:43,045 - INFO - 🔎 BTCUSDT
2026-05-15 01:38:46,637 - INFO - ⏸️ BTCUSDT no signal: no Donchian breakout
2026-05-15 01:39:18,693 - INFO - 📊 Balance=30.04 USDT | available=30.04 USDT | lev=3x | daily=+0.00% | trades=0/5 | session=✅ | open_positions=0
2026-05-15 01:39:18,693 - INFO - 🔎 BTCUSDT
2026-05-15 01:39:22,056 - INFO - ⏸️ BTCUSDT no signal: no Donchian breakout
2026-05-15 01:39:54,230 - INFO - 📊 Balance=30.04 USDT | available=30.04 USDT | lev=3x | daily=+0.00% | trades=0/5 | session=✅ | open_positions=0
2026-05-15 01:39:54,230 - INFO - 🔎 BTCUSDT
2026-05-15 01:39:57,935 - INFO - ⏸️ BTCUSDT no signal: no Donchian breakout
2026-05-15 01:40:29,516 - INFO - 📊 Balance=30.04 USDT | available=30.04 USDT | lev=3x | daily=+0.00% | trades=0/5 | session=✅ | open_positions=0
2026-05-15 01:40:29,516 - INFO - 🔎 BTCUSDT
2026-05-15 01:40:32,636 - INFO - ⏸️ BTCUSDT no signal: no Donchian breakout
2026-05-15 01:41:04,216 - INFO - 📊 Balance=30.04 USDT | available=30.04 USDT | lev=3x | daily=+0.00% | trades=0/5 | session=✅ | open_positions=0
2026-05-15 01:41:04,216 - INFO - 🔎 BTCUSDT
2026-05-15 01:41:07,549 - INFO - ⏸️ BTCUSDT no signal: no Donchian breakout
2026-05-15 01:41:39,110 - INFO - 📊 Balance=30.04 USDT | available=30.04 USDT | lev=3x | daily=+0.00% | trades=0/5 | session=✅ | open_positions=0
2026-05-15 01:41:39,110 - INFO - 🔎 BTCUSDT
2026-05-15 01:41:42,372 - INFO - ⏸️ BTCUSDT no signal: no Donchian breakout
2026-05-15 01:42:14,254 - INFO - 📊 Balance=30.04 USDT | available=30.04 USDT | lev=3x | daily=+0.00% | trades=0/5 | session=✅ | open_positions=0
2026-05-15 01:42:14,255 - INFO - 🔎 BTCUSDT
2026-05-15 01:42:17,581 - INFO - ⏸️ BTCUSDT no signal: no Donchian breakout
2026-05-15 01:42:49,280 - INFO - 📊 Balance=30.04 USDT | available=30.04 USDT | lev=3x | daily=+0.00% | trades=0/5 | session=✅ | open_positions=0
2026-05-15 01:42:49,281 - INFO - 🔎 BTCUSDT
2026-05-15 01:42:53,334 - INFO - ⏸️ BTCUSDT no signal: no Donchian breakout
2026-05-15 01:43:23,930 - INFO - ⏱️ Time synced offset=-29ms
2026-05-15 01:43:25,525 - INFO - 📊 Balance=30.04 USDT | available=30.04 USDT | lev=3x | daily=+0.00% | trades=0/5 | session=✅ | open_positions=0
2026-05-15 01:43:25,525 - INFO - 🔎 BTCUSDT
2026-05-15 01:43:28,744 - INFO - ⏸️ BTCUSDT no signal: no Donchian breakout
2026-05-15 01:44:00,477 - INFO - 📊 Balance=30.04 USDT | available=30.04 USDT | lev=3x | daily=+0.00% | trades=0/5 | session=✅ | open_positions=0
2026-05-15 01:44:00,478 - INFO - 🔎 BTCUSDT
2026-05-15 01:44:03,598 - INFO - ⏸️ BTCUSDT no signal: no Donchian breakout
2026-05-15 01:44:35,468 - INFO - 📊 Balance=30.04 USDT | available=30.04 USDT | lev=3x | daily=+0.00% | trades=0/5 | session=✅ | open_positions=0
2026-05-15 01:44:35,468 - INFO - 🔎 BTCUSDT
2026-05-15 01:44:39,226 - INFO - ⏸️ BTCUSDT no signal: no Donchian breakout
2026-05-15 01:45:11,445 - INFO - 📊 Balance=30.04 USDT | available=30.04 USDT | lev=3x | daily=+0.00% | trades=0/5 | session=✅ | open_positions=0
2026-05-15 01:45:11,445 - INFO - 🔎 BTCUSDT
2026-05-15 01:45:15,258 - INFO - ⏸️ BTCUSDT no signal: no Donchian breakout
2026-05-15 01:45:47,048 - INFO - 📊 Balance=30.04 USDT | available=30.04 USDT | lev=3x | daily=+0.00% | trades=0/5 | session=✅ | open_positions=0
2026-05-15 01:45:47,049 - INFO - 🔎 BTCUSDT
2026-05-15 01:45:51,837 - INFO - ⏸️ BTCUSDT no signal: no Donchian breakout
2026-05-15 01:46:23,643 - INFO - 📊 Balance=30.04 USDT | available=30.04 USDT | lev=3x | daily=+0.00% | trades=0/5 | session=✅ | open_positions=0
2026-05-15 01:46:23,643 - INFO - 🔎 BTCUSDT
2026-05-15 01:46:26,877 - INFO - ⏸️ BTCUSDT no signal: no Donchian breakout
2026-05-15 01:46:58,704 - INFO - 📊 Balance=30.04 USDT | available=30.04 USDT | lev=3x | daily=+0.00% | trades=0/5 | session=✅ | open_positions=0
2026-05-15 01:46:58,704 - INFO - 🔎 BTCUSDT
2026-05-15 01:47:01,932 - INFO - ⏸️ BTCUSDT no signal: no Donchian breakout
2026-05-15 01:47:34,341 - INFO - 📊 Balance=30.04 USDT | available=30.04 USDT | lev=3x | daily=+0.00% | trades=0/5 | session=✅ | open_positions=0
2026-05-15 01:47:34,342 - INFO - 🔎 BTCUSDT
2026-05-15 01:47:37,790 - INFO - ⏸️ BTCUSDT no signal: no Donchian breakout
2026-05-15 01:48:09,458 - INFO - 📊 Balance=30.04 USDT | available=30.04 USDT | lev=3x | daily=+0.00% | trades=0/5 | session=✅ | open_positions=0
2026-05-15 01:48:09,459 - INFO - 🔎 BTCUSDT
2026-05-15 01:48:13,668 - INFO - ⏸️ BTCUSDT no signal: no Donchian breakout
2026-05-15 01:48:44,218 - INFO - ⏱️ Time synced offset=-33ms
2026-05-15 01:48:45,887 - INFO - 📊 Balance=30.04 USDT | available=30.04 USDT | lev=3x | daily=+0.00% | trades=0/5 | session=✅ | open_positions=0
2026-05-15 01:48:45,887 - INFO - 🔎 BTCUSDT
2026-05-15 01:48:49,023 - INFO - ⏸️ BTCUSDT no signal: no Donchian breakout
2026-05-15 01:49:20,602 - INFO - 📊 Balance=30.04 USDT | available=30.04 USDT | lev=3x | daily=+0.00% | trades=0/5 | session=✅ | open_positions=0
2026-05-15 01:49:20,602 - INFO - 🔎 BTCUSDT
2026-05-15 01:49:23,917 - INFO - ⏸️ BTCUSDT no signal: no Donchian breakout
2026-05-15 01:49:56,152 - INFO - 📊 Balance=30.04 USDT | available=30.04 USDT | lev=3x | daily=+0.00% | trades=0/5 | session=✅ | open_positions=0
2026-05-15 01:49:56,152 - INFO - 🔎 BTCUSDT
2026-05-15 01:49:59,259 - INFO - ⏸️ BTCUSDT no signal: no Donchian breakout
2026-05-15 01:50:31,784 - INFO - 📊 Balance=30.04 USDT | available=30.04 USDT | lev=3x | daily=+0.00% | trades=0/5 | session=✅ | open_positions=0
2026-05-15 01:50:31,784 - INFO - 🔎 BTCUSDT
2026-05-15 01:50:35,125 - INFO - ⏸️ BTCUSDT no signal: no Donchian breakout
2026-05-15 01:51:06,750 - INFO - 📊 Balance=30.04 USDT | available=30.04 USDT | lev=3x | daily=+0.00% | trades=0/5 | session=✅ | open_positions=0
2026-05-15 01:51:06,751 - INFO - 🔎 BTCUSDT
2026-05-15 01:51:09,877 - INFO - ⏸️ BTCUSDT no signal: no Donchian breakout
2026-05-15 01:51:41,573 - INFO - 📊 Balance=30.04 USDT | available=30.04 USDT | lev=3x | daily=+0.00% | trades=0/5 | session=✅ | open_positions=0
2026-05-15 01:51:41,573 - INFO - 🔎 BTCUSDT
2026-05-15 01:51:44,685 - INFO - ⏸️ BTCUSDT no signal: no Donchian breakout
2026-05-15 01:52:16,347 - INFO - 📊 Balance=30.04 USDT | available=30.04 USDT | lev=3x | daily=+0.00% | trades=0/5 | session=✅ | open_positions=0
2026-05-15 01:52:16,347 - INFO - 🔎 BTCUSDT
2026-05-15 01:52:19,426 - INFO - ⏸️ BTCUSDT no signal: no Donchian breakout
2026-05-15 01:52:51,472 - INFO - 📊 Balance=30.04 USDT | available=30.04 USDT | lev=3x | daily=+0.00% | trades=0/5 | session=✅ | open_positions=0
2026-05-15 01:52:51,472 - INFO - 🔎 BTCUSDT
2026-05-15 01:52:54,691 - INFO - ⏸️ BTCUSDT no signal: no Donchian breakout
2026-05-15 01:53:26,462 - INFO - 📊 Balance=30.04 USDT | available=30.04 USDT | lev=3x | daily=+0.00% | trades=0/5 | session=✅ | open_positions=0
2026-05-15 01:53:26,462 - INFO - 🔎 BTCUSDT
2026-05-15 01:53:29,573 - INFO - ⏸️ BTCUSDT no signal: no Donchian breakout
2026-05-15 01:54:00,153 - INFO - ⏱️ Time synced offset=-25ms
2026-05-15 01:54:01,744 - INFO - 📊 Balance=30.04 USDT | available=30.04 USDT | lev=3x | daily=+0.00% | trades=0/5 | session=✅ | open_positions=0
2026-05-15 01:54:01,745 - INFO - 🔎 BTCUSDT
2026-05-15 01:54:05,220 - INFO - ⏸️ BTCUSDT no signal: no Donchian breakout
2026-05-15 01:54:36,841 - INFO - 📊 Balance=30.04 USDT | available=30.04 USDT | lev=3x | daily=+0.00% | trades=0/5 | session=✅ | open_positions=0
2026-05-15 01:54:36,842 - INFO - 🔎 BTCUSDT
2026-05-15 01:54:39,934 - INFO - ⏸️ BTCUSDT no signal: no Donchian breakout
2026-05-15 01:55:11,834 - INFO - 📊 Balance=30.04 USDT | available=30.04 USDT | lev=3x | daily=+0.00% | trades=0/5 | session=✅ | open_positions=0
2026-05-15 01:55:11,834 - INFO - 🔎 BTCUSDT
2026-05-15 01:55:15,052 - INFO - ⏸️ BTCUSDT no signal: no Donchian breakout
2026-05-15 01:55:46,800 - INFO - 📊 Balance=30.04 USDT | available=30.04 USDT | lev=3x | daily=+0.00% | trades=0/5 | session=✅ | open_positions=0
2026-05-15 01:55:46,801 - INFO - 🔎 BTCUSDT
2026-05-15 01:55:49,967 - INFO - ⏸️ BTCUSDT no signal: no Donchian breakout
2026-05-15 01:56:21,618 - INFO - 📊 Balance=30.04 USDT | available=30.04 USDT | lev=3x | daily=+0.00% | trades=0/5 | session=✅ | open_positions=0
2026-05-15 01:56:21,618 - INFO - 🔎 BTCUSDT
2026-05-15 01:56:24,741 - INFO - ⏸️ BTCUSDT no signal: no Donchian breakout
2026-05-15 01:56:56,694 - INFO - 📊 Balance=30.04 USDT | available=30.04 USDT | lev=3x | daily=+0.00% | trades=0/5 | session=✅ | open_positions=0
2026-05-15 01:56:56,694 - INFO - 🔎 BTCUSDT
2026-05-15 01:57:00,395 - INFO - ⏸️ BTCUSDT no signal: no Donchian breakout
2026-05-15 01:57:32,229 - INFO - 📊 Balance=30.04 USDT | available=30.04 USDT | lev=3x | daily=+0.00% | trades=0/5 | session=✅ | open_positions=0
2026-05-15 01:57:32,230 - INFO - 🔎 BTCUSDT
2026-05-15 01:57:35,482 - INFO - ⏸️ BTCUSDT no signal: no Donchian breakout
2026-05-15 01:58:07,199 - INFO - 📊 Balance=30.04 USDT | available=30.04 USDT | lev=3x | daily=+0.00% | trades=0/5 | session=✅ | open_positions=0
2026-05-15 01:58:07,199 - INFO - 🔎 BTCUSDT
2026-05-15 01:58:10,296 - INFO - ⏸️ BTCUSDT no signal: no Donchian breakout
2026-05-15 01:58:42,032 - INFO - 📊 Balance=30.04 USDT | available=30.04 USDT | lev=3x | daily=+0.00% | trades=0/5 | session=✅ | open_positions=0
2026-05-15 01:58:42,032 - INFO - 🔎 BTCUSDT
2026-05-15 01:58:45,146 - INFO - ⏸️ BTCUSDT no signal: no Donchian breakout
2026-05-15 01:59:15,707 - INFO - ⏱️ Time synced offset=-28ms
2026-05-15 01:59:17,286 - INFO - 📊 Balance=30.04 USDT | available=30.04 USDT | lev=3x | daily=+0.00% | trades=0/5 | session=✅ | open_positions=0
2026-05-15 01:59:17,286 - INFO - 🔎 BTCUSDT
2026-05-15 01:59:20,404 - INFO - ⏸️ BTCUSDT no signal: no Donchian breakout
2026-05-15 01:59:52,026 - INFO - 📊 Balance=30.04 USDT | available=30.04 USDT | lev=3x | daily=+0.00% | trades=0/5 | session=✅ | open_positions=0
2026-05-15 01:59:52,026 - INFO - 🔎 BTCUSDT
2026-05-15 01:59:55,091 - INFO - ⏸️ BTCUSDT no signal: no Donchian breakout
2026-05-15 02:00:27,335 - INFO - [STATS] Hourly rejections (of 198 attempts): {'no_donchian_breakout': '183(92%)', 'adx_too_high': '15(8%)'}
2026-05-15 02:00:27,336 - INFO - 📊 Balance=30.04 USDT | available=30.04 USDT | lev=3x | daily=+0.00% | trades=0/5 | session=✅ | open_positions=0
2026-05-15 02:00:27,336 - INFO - 🔎 BTCUSDT
2026-05-15 02:00:31,103 - INFO - ⏸️ BTCUSDT no signal: no Donchian breakout
2026-05-15 02:01:02,742 - INFO - 📊 Balance=30.04 USDT | available=30.04 USDT | lev=3x | daily=+0.00% | trades=0/5 | session=✅ | open_positions=0
2026-05-15 02:01:02,743 - INFO - 🔎 BTCUSDT
2026-05-15 02:01:06,024 - INFO - ⏸️ BTCUSDT no signal: no Donchian breakout
2026-05-15 02:01:37,633 - INFO - 📊 Balance=30.04 USDT | available=30.04 USDT | lev=3x | daily=+0.00% | trades=0/5 | session=✅ | open_positions=0
2026-05-15 02:01:37,633 - INFO - 🔎 BTCUSDT
2026-05-15 02:01:40,687 - INFO - ⏸️ BTCUSDT no signal: no Donchian breakout
2026-05-15 02:02:12,592 - INFO - 📊 Balance=30.04 USDT | available=30.04 USDT | lev=3x | daily=+0.00% | trades=0/5 | session=✅ | open_positions=0
2026-05-15 02:02:12,592 - INFO - 🔎 BTCUSDT
2026-05-15 02:02:15,674 - INFO - ⏸️ BTCUSDT no signal: no Donchian breakout
2026-05-15 02:02:47,319 - INFO - 📊 Balance=30.04 USDT | available=30.04 USDT | lev=3x | daily=+0.00% | trades=0/5 | session=✅ | open_positions=0
2026-05-15 02:02:47,320 - INFO - 🔎 BTCUSDT
2026-05-15 02:02:50,663 - INFO - ⏸️ BTCUSDT no signal: no Donchian breakout
2026-05-15 02:03:23,031 - INFO - 📊 Balance=30.04 USDT | available=30.04 USDT | lev=3x | daily=+0.00% | trades=0/5 | session=✅ | open_positions=0
2026-05-15 02:03:23,031 - INFO - 🔎 BTCUSDT
2026-05-15 02:03:26,296 - INFO - ⏸️ BTCUSDT no signal: no Donchian breakout
2026-05-15 02:03:57,867 - INFO - 📊 Balance=30.04 USDT | available=30.04 USDT | lev=3x | daily=+0.00% | trades=0/5 | session=✅ | open_positions=0
2026-05-15 02:03:57,867 - INFO - 🔎 BTCUSDT
2026-05-15 02:04:00,990 - INFO - ⏸️ BTCUSDT no signal: no Donchian breakout
2026-05-15 02:04:31,544 - INFO - ⏱️ Time synced offset=-26ms
2026-05-15 02:04:33,166 - INFO - 📊 Balance=30.04 USDT | available=30.04 USDT | lev=3x | daily=+0.00% | trades=0/5 | session=✅ | open_positions=0
2026-05-15 02:04:33,166 - INFO - 🔎 BTCUSDT
2026-05-15 02:04:36,264 - INFO - ⏸️ BTCUSDT no signal: no Donchian breakout
2026-05-15 02:05:07,939 - INFO - 📊 Balance=30.04 USDT | available=30.04 USDT | lev=3x | daily=+0.00% | trades=0/5 | session=✅ | open_positions=0
2026-05-15 02:05:07,939 - INFO - 🔎 BTCUSDT
2026-05-15 02:05:11,097 - INFO - ⏸️ BTCUSDT no signal: no Donchian breakout
2026-05-15 02:05:42,816 - INFO - 📊 Balance=30.04 USDT | available=30.04 USDT | lev=3x | daily=+0.00% | trades=0/5 | session=✅ | open_positions=0
2026-05-15 02:05:42,816 - INFO - 🔎 BTCUSDT
2026-05-15 02:05:46,636 - INFO - ⏸️ BTCUSDT no signal: no Donchian breakout
2026-05-15 02:06:18,264 - INFO - 📊 Balance=30.04 USDT | available=30.04 USDT | lev=3x | daily=+0.00% | trades=0/5 | session=✅ | open_positions=0
2026-05-15 02:06:18,264 - INFO - 🔎 BTCUSDT
2026-05-15 02:06:21,404 - INFO - ⏸️ BTCUSDT no signal: no Donchian breakout
2026-05-15 02:06:53,220 - INFO - 📊 Balance=30.04 USDT | available=30.04 USDT | lev=3x | daily=+0.00% | trades=0/5 | session=✅ | open_positions=0
2026-05-15 02:06:53,220 - INFO - 🔎 BTCUSDT
2026-05-15 02:06:56,821 - INFO - ⏸️ BTCUSDT no signal: no Donchian breakout
2026-05-15 02:07:28,517 - INFO - 📊 Balance=30.04 USDT | available=30.04 USDT | lev=3x | daily=+0.00% | trades=0/5 | session=✅ | open_positions=0
2026-05-15 02:07:28,518 - INFO - 🔎 BTCUSDT
2026-05-15 02:07:31,663 - INFO - ⏸️ BTCUSDT no signal: no Donchian breakout
2026-05-15 02:08:03,365 - INFO - 📊 Balance=30.04 USDT | available=30.04 USDT | lev=3x | daily=+0.00% | trades=0/5 | session=✅ | open_positions=0
2026-05-15 02:08:03,365 - INFO - 🔎 BTCUSDT
2026-05-15 02:08:06,588 - INFO - ⏸️ BTCUSDT no signal: no Donchian breakout
2026-05-15 02:08:38,143 - INFO - 📊 Balance=30.04 USDT | available=30.04 USDT | lev=3x | daily=+0.00% | trades=0/5 | session=✅ | open_positions=0
2026-05-15 02:08:38,144 - INFO - 🔎 BTCUSDT
2026-05-15 02:08:41,299 - INFO - ⏸️ BTCUSDT no signal: no Donchian breakout
2026-05-15 02:09:13,293 - INFO - 📊 Balance=30.04 USDT | available=30.04 USDT | lev=3x | daily=+0.00% | trades=0/5 | session=✅ | open_positions=0
2026-05-15 02:09:13,293 - INFO - 🔎 BTCUSDT
2026-05-15 02:09:16,573 - INFO - ⏸️ BTCUSDT no signal: no Donchian breakout
2026-05-15 02:09:47,098 - INFO - ⏱️ Time synced offset=-34ms
2026-05-15 02:09:48,683 - INFO - 📊 Balance=30.04 USDT | available=30.04 USDT | lev=3x | daily=+0.00% | trades=0/5 | session=✅ | open_positions=0
2026-05-15 02:09:48,683 - INFO - 🔎 BTCUSDT
2026-05-15 02:09:51,857 - INFO - ⏸️ BTCUSDT no signal: no Donchian breakout
2026-05-15 02:10:23,495 - INFO - 📊 Balance=30.04 USDT | available=30.04 USDT | lev=3x | daily=+0.00% | trades=0/5 | session=✅ | open_positions=0
2026-05-15 02:10:23,496 - INFO - 🔎 BTCUSDT
2026-05-15 02:10:26,611 - INFO - ⏸️ BTCUSDT no signal: no Donchian breakout
2026-05-15 02:10:58,172 - INFO - 📊 Balance=30.04 USDT | available=30.04 USDT | lev=3x | daily=+0.00% | trades=0/5 | session=✅ | open_positions=0
2026-05-15 02:10:58,172 - INFO - 🔎 BTCUSDT
2026-05-15 02:11:01,334 - INFO - ⏸️ BTCUSDT no signal: no Donchian breakout
2026-05-15 02:11:32,971 - INFO - 📊 Balance=30.04 USDT | available=30.04 USDT | lev=3x | daily=+0.00% | trades=0/5 | session=✅ | open_positions=0
2026-05-15 02:11:32,971 - INFO - 🔎 BTCUSDT
2026-05-15 02:11:36,033 - INFO - ⏸️ BTCUSDT no signal: no Donchian breakout
2026-05-15 02:12:07,709 - INFO - 📊 Balance=30.04 USDT | available=30.04 USDT | lev=3x | daily=+0.00% | trades=0/5 | session=✅ | open_positions=0
2026-05-15 02:12:07,709 - INFO - 🔎 BTCUSDT
2026-05-15 02:12:10,812 - INFO - ⏸️ BTCUSDT no signal: no Donchian breakout
2026-05-15 02:12:42,509 - INFO - 📊 Balance=30.04 USDT | available=30.04 USDT | lev=3x | daily=+0.00% | trades=0/5 | session=✅ | open_positions=0
2026-05-15 02:12:42,509 - INFO - 🔎 BTCUSDT
2026-05-15 02:12:45,725 - INFO - ⏸️ BTCUSDT no signal: no Donchian breakout
2026-05-15 02:13:18,056 - INFO - 📊 Balance=30.04 USDT | available=30.04 USDT | lev=3x | daily=+0.00% | trades=0/5 | session=✅ | open_positions=0
2026-05-15 02:13:18,057 - INFO - 🔎 BTCUSDT
2026-05-15 02:13:21,178 - INFO - ⏸️ BTCUSDT no signal: no Donchian breakout
2026-05-15 02:13:52,815 - INFO - 📊 Balance=30.04 USDT | available=30.04 USDT | lev=3x | daily=+0.00% | trades=0/5 | session=✅ | open_positions=0
2026-05-15 02:13:52,815 - INFO - 🔎 BTCUSDT
2026-05-15 02:13:56,168 - INFO - ⏸️ BTCUSDT no signal: no Donchian breakout
2026-05-15 02:14:27,778 - INFO - 📊 Balance=30.04 USDT | available=30.04 USDT | lev=3x | daily=+0.00% | trades=0/5 | session=✅ | open_positions=0
2026-05-15 02:14:27,778 - INFO - 🔎 BTCUSDT
2026-05-15 02:14:30,977 - INFO - ⏸️ BTCUSDT no signal: no Donchian breakout
2026-05-15 02:15:01,555 - INFO - ⏱️ Time synced offset=-31ms
2026-05-15 02:15:03,257 - INFO - 📊 Balance=30.04 USDT | available=30.04 USDT | lev=3x | daily=+0.00% | trades=0/5 | session=✅ | open_positions=0
2026-05-15 02:15:03,258 - INFO - 🔎 BTCUSDT
2026-05-15 02:15:06,484 - INFO - ⏸️ BTCUSDT no signal: no Donchian breakout
2026-05-15 02:15:38,205 - INFO - 📊 Balance=30.04 USDT | available=30.04 USDT | lev=3x | daily=+0.00% | trades=0/5 | session=✅ | open_positions=0
2026-05-15 02:15:38,205 - INFO - 🔎 BTCUSDT
2026-05-15 02:15:41,347 - INFO - ⏸️ BTCUSDT no signal: no Donchian breakout
2026-05-15 02:16:12,975 - INFO - 📊 Balance=30.04 USDT | available=30.04 USDT | lev=3x | daily=+0.00% | trades=0/5 | session=✅ | open_positions=0
2026-05-15 02:16:12,976 - INFO - 🔎 BTCUSDT
2026-05-15 02:16:16,047 - INFO - ⏸️ BTCUSDT no signal: no Donchian breakout
2026-05-15 02:16:47,656 - INFO - 📊 Balance=30.04 USDT | available=30.04 USDT | lev=3x | daily=+0.00% | trades=0/5 | session=✅ | open_positions=0
2026-05-15 02:16:47,656 - INFO - 🔎 BTCUSDT
2026-05-15 02:16:50,788 - INFO - ⏸️ BTCUSDT no signal: no Donchian breakout
2026-05-15 02:17:22,664 - INFO - 📊 Balance=30.04 USDT | available=30.04 USDT | lev=3x | daily=+0.00% | trades=0/5 | session=✅ | open_positions=0
2026-05-15 02:17:22,665 - INFO - 🔎 BTCUSDT
2026-05-15 02:17:26,583 - INFO - ⏸️ BTCUSDT no signal: no Donchian breakout
2026-05-15 02:18:01,191 - WARNING - 💥 Loop error: Signed GET /fapi/v2/balance failed: Binance 401: {'code': -2015, 'msg': 'Invalid API-key, IP, or permissions for action, request ip: 49.49.230.210'}
2026-05-15 02:18:26,957 - WARNING - 💥 Loop error: Signed GET /fapi/v2/balance failed: Binance 401: {'code': -2015, 'msg': 'Invalid API-key, IP, or permissions for action, request ip: 49.49.230.210'}
2026-05-15 02:18:51,936 - WARNING - 💥 Loop error: Signed GET /fapi/v2/balance failed: Binance 401: {'code': -2015, 'msg': 'Invalid API-key, IP, or permissions for action, request ip: 49.49.230.210'}
2026-05-15 02:19:16,576 - WARNING - 💥 Loop error: Signed GET /fapi/v2/balance failed: Binance 401: {'code': -2015, 'msg': 'Invalid API-key, IP, or permissions for action, request ip: 49.49.230.210'}
2026-05-15 02:19:41,191 - WARNING - 💥 Loop error: Signed GET /fapi/v2/balance failed: Binance 401: {'code': -2015, 'msg': 'Invalid API-key, IP, or permissions for action, request ip: 49.49.230.210'}
2026-05-15 02:20:03,326 - INFO - ⏱️ Time synced offset=-31ms
2026-05-15 02:20:06,431 - WARNING - 💥 Loop error: Signed GET /fapi/v2/balance failed: Binance 401: {'code': -2015, 'msg': 'Invalid API-key, IP, or permissions for action, request ip: 49.49.230.210'}
2026-05-15 02:20:31,075 - WARNING - 💥 Loop error: Signed GET /fapi/v2/balance failed: Binance 401: {'code': -2015, 'msg': 'Invalid API-key, IP, or permissions for action, request ip: 49.49.230.210'}
2026-05-15 02:20:56,256 - WARNING - 💥 Loop error: Signed GET /fapi/v2/balance failed: Binance 401: {'code': -2015, 'msg': 'Invalid API-key, IP, or permissions for action, request ip: 49.49.230.210'}
2026-05-15 02:21:20,847 - WARNING - 💥 Loop error: Signed GET /fapi/v2/balance failed: Binance 401: {'code': -2015, 'msg': 'Invalid API-key, IP, or permissions for action, request ip: 49.49.230.210'}
2026-05-15 02:21:46,487 - WARNING - 💥 Loop error: Signed GET /fapi/v2/balance failed: Binance 401: {'code': -2015, 'msg': 'Invalid API-key, IP, or permissions for action, request ip: 49.49.230.210'}
2026-05-15 02:22:11,348 - WARNING - 💥 Loop error: Signed GET /fapi/v2/balance failed: Binance 401: {'code': -2015, 'msg': 'Invalid API-key, IP, or permissions for action, request ip: 49.49.230.210'}
2026-05-15 02:22:36,037 - WARNING - 💥 Loop error: Signed GET /fapi/v2/balance failed: Binance 401: {'code': -2015, 'msg': 'Invalid API-key, IP, or permissions for action, request ip: 49.49.230.210'}
2026-05-15 02:23:00,833 - WARNING - 💥 Loop error: Signed GET /fapi/v2/balance failed: Binance 401: {'code': -2015, 'msg': 'Invalid API-key, IP, or permissions for action, request ip: 49.49.230.210'}
2026-05-15 02:23:25,660 - WARNING - 💥 Loop error: Signed GET /fapi/v2/balance failed: Binance 401: {'code': -2015, 'msg': 'Invalid API-key, IP, or permissions for action, request ip: 49.49.230.210'}
2026-05-15 02:23:51,547 - WARNING - 💥 Loop error: Signed GET /fapi/v2/balance failed: Binance 401: {'code': -2015, 'msg': 'Invalid API-key, IP, or permissions for action, request ip: 49.49.230.210'}
2026-05-15 02:24:16,274 - WARNING - 💥 Loop error: Signed GET /fapi/v2/balance failed: Binance 401: {'code': -2015, 'msg': 'Invalid API-key, IP, or permissions for action, request ip: 49.49.230.210'}
2026-05-15 02:24:40,889 - WARNING - 💥 Loop error: Signed GET /fapi/v2/balance failed: Binance 401: {'code': -2015, 'msg': 'Invalid API-key, IP, or permissions for action, request ip: 49.49.230.210'}
2026-05-15 02:25:05,715 - INFO - ⏱️ Time synced offset=-34ms
2026-05-15 02:25:06,265 - WARNING - 💥 Loop error: Signed GET /fapi/v2/balance failed: Binance 401: {'code': -2015, 'msg': 'Invalid API-key, IP, or permissions for action, request ip: 49.49.230.210'}
2026-05-15 02:25:30,950 - WARNING - 💥 Loop error: Signed GET /fapi/v2/balance failed: Binance 401: {'code': -2015, 'msg': 'Invalid API-key, IP, or permissions for action, request ip: 49.49.230.210'}
2026-05-15 02:25:55,790 - WARNING - 💥 Loop error: Signed GET /fapi/v2/balance failed: Binance 401: {'code': -2015, 'msg': 'Invalid API-key, IP, or permissions for action, request ip: 49.49.230.210'}
2026-05-15 02:26:21,086 - WARNING - 💥 Loop error: Signed GET /fapi/v2/balance failed: Binance 401: {'code': -2015, 'msg': 'Invalid API-key, IP, or permissions for action, request ip: 49.49.230.210'}
2026-05-15 02:26:45,760 - WARNING - 💥 Loop error: Signed GET /fapi/v2/balance failed: Binance 401: {'code': -2015, 'msg': 'Invalid API-key, IP, or permissions for action, request ip: 49.49.230.210'}
2026-05-15 02:27:10,407 - WARNING - 💥 Loop error: Signed GET /fapi/v2/balance failed: Binance 401: {'code': -2015, 'msg': 'Invalid API-key, IP, or permissions for action, request ip: 49.49.230.210'}
2026-05-15 02:27:35,693 - WARNING - 💥 Loop error: Signed GET /fapi/v2/balance failed: Binance 401: {'code': -2015, 'msg': 'Invalid API-key, IP, or permissions for action, request ip: 49.49.230.210'}
2026-05-15 02:28:00,356 - WARNING - 💥 Loop error: Signed GET /fapi/v2/balance failed: Binance 401: {'code': -2015, 'msg': 'Invalid API-key, IP, or permissions for action, request ip: 49.49.230.210'}
2026-05-15 02:28:25,709 - WARNING - 💥 Loop error: Signed GET /fapi/v2/balance failed: Binance 401: {'code': -2015, 'msg': 'Invalid API-key, IP, or permissions for action, request ip: 49.49.230.210'}
2026-05-15 02:28:51,556 - WARNING - 💥 Loop error: Signed GET /fapi/v2/balance failed: Binance 401: {'code': -2015, 'msg': 'Invalid API-key, IP, or permissions for action, request ip: 49.49.230.210'}
2026-05-15 02:29:16,434 - WARNING - 💥 Loop error: Signed GET /fapi/v2/balance failed: Binance 401: {'code': -2015, 'msg': 'Invalid API-key, IP, or permissions for action, request ip: 49.49.230.210'}
2026-05-15 02:29:41,212 - WARNING - 💥 Loop error: Signed GET /fapi/v2/balance failed: Binance 401: {'code': -2015, 'msg': 'Invalid API-key, IP, or permissions for action, request ip: 49.49.230.210'}
2026-05-15 02:30:06,152 - WARNING - 💥 Loop error: Signed GET /fapi/v2/balance failed: Binance 401: {'code': -2015, 'msg': 'Invalid API-key, IP, or permissions for action, request ip: 49.49.230.210'}
2026-05-15 02:30:26,722 - INFO - ⏱️ Time synced offset=-26ms
2026-05-15 02:30:31,350 - WARNING - 💥 Loop error: Signed GET /fapi/v2/balance failed: Binance 401: {'code': -2015, 'msg': 'Invalid API-key, IP, or permissions for action, request ip: 49.49.230.210'}
2026-05-15 02:30:55,925 - WARNING - 💥 Loop error: Signed GET /fapi/v2/balance failed: Binance 401: {'code': -2015, 'msg': 'Invalid API-key, IP, or permissions for action, request ip: 49.49.230.210'}
2026-05-15 02:31:20,674 - WARNING - 💥 Loop error: Signed GET /fapi/v2/balance failed: Binance 401: {'code': -2015, 'msg': 'Invalid API-key, IP, or permissions for action, request ip: 49.49.230.210'}
2026-05-15 02:31:45,527 - WARNING - 💥 Loop error: Signed GET /fapi/v2/balance failed: Binance 401: {'code': -2015, 'msg': 'Invalid API-key, IP, or permissions for action, request ip: 49.49.230.210'}
2026-05-15 02:32:10,232 - WARNING - 💥 Loop error: Signed GET /fapi/v2/balance failed: Binance 401: {'code': -2015, 'msg': 'Invalid API-key, IP, or permissions for action, request ip: 49.49.230.210'}
2026-05-15 02:32:35,014 - WARNING - 💥 Loop error: Signed GET /fapi/v2/balance failed: Binance 401: {'code': -2015, 'msg': 'Invalid API-key, IP, or permissions for action, request ip: 49.49.230.210'}
2026-05-15 02:32:59,735 - WARNING - 💥 Loop error: Signed GET /fapi/v2/balance failed: Binance 401: {'code': -2015, 'msg': 'Invalid API-key, IP, or permissions for action, request ip: 49.49.230.210'}
2026-05-15 02:33:24,403 - WARNING - 💥 Loop error: Signed GET /fapi/v2/balance failed: Binance 401: {'code': -2015, 'msg': 'Invalid API-key, IP, or permissions for action, request ip: 49.49.230.210'}
2026-05-15 02:33:49,072 - WARNING - 💥 Loop error: Signed GET /fapi/v2/balance failed: Binance 401: {'code': -2015, 'msg': 'Invalid API-key, IP, or permissions for action, request ip: 49.49.230.210'}
2026-05-15 02:34:14,856 - WARNING - 💥 Loop error: Signed GET /fapi/v2/balance failed: Binance 401: {'code': -2015, 'msg': 'Invalid API-key, IP, or permissions for action, request ip: 49.49.230.210'}
2026-05-15 02:34:39,511 - WARNING - 💥 Loop error: Signed GET /fapi/v2/balance failed: Binance 401: {'code': -2015, 'msg': 'Invalid API-key, IP, or permissions for action, request ip: 49.49.230.210'}
2026-05-15 02:35:04,199 - WARNING - 💥 Loop error: Signed GET /fapi/v2/balance failed: Binance 401: {'code': -2015, 'msg': 'Invalid API-key, IP, or permissions for action, request ip: 49.49.230.210'}
2026-05-15 02:35:28,960 - INFO - ⏱️ Time synced offset=-34ms
2026-05-15 02:35:29,551 - WARNING - 💥 Loop error: Signed GET /fapi/v2/balance failed: Binance 401: {'code': -2015, 'msg': 'Invalid API-key, IP, or permissions for action, request ip: 49.49.230.210'}
2026-05-15 02:35:54,223 - WARNING - 💥 Loop error: Signed GET /fapi/v2/balance failed: Binance 401: {'code': -2015, 'msg': 'Invalid API-key, IP, or permissions for action, request ip: 49.49.230.210'}
2026-05-15 02:36:18,858 - WARNING - 💥 Loop error: Signed GET /fapi/v2/balance failed: Binance 401: {'code': -2015, 'msg': 'Invalid API-key, IP, or permissions for action, request ip: 49.49.230.210'}
2026-05-15 02:36:43,475 - WARNING - 💥 Loop error: Signed GET /fapi/v2/balance failed: Binance 401: {'code': -2015, 'msg': 'Invalid API-key, IP, or permissions for action, request ip: 49.49.230.210'}
2026-05-15 02:37:08,652 - WARNING - 💥 Loop error: Signed GET /fapi/v2/balance failed: Binance 401: {'code': -2015, 'msg': 'Invalid API-key, IP, or permissions for action, request ip: 49.49.230.210'}
2026-05-15 02:37:33,324 - WARNING - 💥 Loop error: Signed GET /fapi/v2/balance failed: Binance 401: {'code': -2015, 'msg': 'Invalid API-key, IP, or permissions for action, request ip: 49.49.230.210'}
2026-05-15 02:37:57,981 - WARNING - 💥 Loop error: Signed GET /fapi/v2/balance failed: Binance 401: {'code': -2015, 'msg': 'Invalid API-key, IP, or permissions for action, request ip: 49.49.230.210'}
2026-05-15 02:38:22,592 - WARNING - 💥 Loop error: Signed GET /fapi/v2/balance failed: Binance 401: {'code': -2015, 'msg': 'Invalid API-key, IP, or permissions for action, request ip: 49.49.230.210'}
2026-05-15 02:38:47,346 - WARNING - 💥 Loop error: Signed GET /fapi/v2/balance failed: Binance 401: {'code': -2015, 'msg': 'Invalid API-key, IP, or permissions for action, request ip: 49.49.230.210'}
2026-05-15 02:39:12,051 - WARNING - 💥 Loop error: Signed GET /fapi/v2/balance failed: Binance 401: {'code': -2015, 'msg': 'Invalid API-key, IP, or permissions for action, request ip: 49.49.230.210'}
2026-05-15 02:39:39,535 - WARNING - 💥 Loop error: Signed GET /fapi/v2/balance failed: Binance 401: {'code': -2015, 'msg': 'Invalid API-key, IP, or permissions for action, request ip: 49.49.230.210'}
2026-05-15 02:40:04,244 - WARNING - 💥 Loop error: Signed GET /fapi/v2/balance failed: Binance 401: {'code': -2015, 'msg': 'Invalid API-key, IP, or permissions for action, request ip: 49.49.230.210'}
2026-05-15 02:40:28,847 - WARNING - 💥 Loop error: Signed GET /fapi/v2/balance failed: Binance 401: {'code': -2015, 'msg': 'Invalid API-key, IP, or permissions for action, request ip: 49.49.230.210'}
2026-05-15 02:40:49,427 - INFO - ⏱️ Time synced offset=-28ms
2026-05-15 02:40:54,022 - WARNING - 💥 Loop error: Signed GET /fapi/v2/balance failed: Binance 401: {'code': -2015, 'msg': 'Invalid API-key, IP, or permissions for action, request ip: 49.49.230.210'}
2026-05-15 02:41:18,834 - WARNING - 💥 Loop error: Signed GET /fapi/v2/balance failed: Binance 401: {'code': -2015, 'msg': 'Invalid API-key, IP, or permissions for action, request ip: 49.49.230.210'}
2026-05-15 02:41:43,454 - WARNING - 💥 Loop error: Signed GET /fapi/v2/balance failed: Binance 401: {'code': -2015, 'msg': 'Invalid API-key, IP, or permissions for action, request ip: 49.49.230.210'}
2026-05-15 02:42:08,163 - WARNING - 💥 Loop error: Signed GET /fapi/v2/balance failed: Binance 401: {'code': -2015, 'msg': 'Invalid API-key, IP, or permissions for action, request ip: 49.49.230.210'}
2026-05-15 02:42:32,852 - WARNING - 💥 Loop error: Signed GET /fapi/v2/balance failed: Binance 401: {'code': -2015, 'msg': 'Invalid API-key, IP, or permissions for action, request ip: 49.49.230.210'}
2026-05-15 02:42:57,536 - WARNING - 💥 Loop error: Signed GET /fapi/v2/balance failed: Binance 401: {'code': -2015, 'msg': 'Invalid API-key, IP, or permissions for action, request ip: 49.49.230.210'}
2026-05-15 02:43:22,220 - WARNING - 💥 Loop error: Signed GET /fapi/v2/balance failed: Binance 401: {'code': -2015, 'msg': 'Invalid API-key, IP, or permissions for action, request ip: 49.49.230.210'}
2026-05-15 02:43:47,088 - WARNING - 💥 Loop error: Signed GET /fapi/v2/balance failed: Binance 401: {'code': -2015, 'msg': 'Invalid API-key, IP, or permissions for action, request ip: 49.49.230.210'}
2026-05-15 02:44:11,857 - WARNING - 💥 Loop error: Signed GET /fapi/v2/balance failed: Binance 401: {'code': -2015, 'msg': 'Invalid API-key, IP, or permissions for action, request ip: 49.49.230.210'}
2026-05-15 02:44:36,716 - WARNING - 💥 Loop error: Signed GET /fapi/v2/balance failed: Binance 401: {'code': -2015, 'msg': 'Invalid API-key, IP, or permissions for action, request ip: 49.49.230.210'}
2026-05-15 02:45:02,752 - WARNING - 💥 Loop error: Signed GET /fapi/v2/balance failed: Binance 401: {'code': -2015, 'msg': 'Invalid API-key, IP, or permissions for action, request ip: 49.49.230.210'}
2026-05-15 02:45:27,433 - WARNING - 💥 Loop error: Signed GET /fapi/v2/balance failed: Binance 401: {'code': -2015, 'msg': 'Invalid API-key, IP, or permissions for action, request ip: 49.49.230.210'}
2026-05-15 02:45:52,114 - INFO - ⏱️ Time synced offset=-64ms
2026-05-15 02:45:52,646 - WARNING - 💥 Loop error: Signed GET /fapi/v2/balance failed: Binance 401: {'code': -2015, 'msg': 'Invalid API-key, IP, or permissions for action, request ip: 49.49.230.210'}
2026-05-15 02:46:17,520 - WARNING - 💥 Loop error: Signed GET /fapi/v2/balance failed: Binance 401: {'code': -2015, 'msg': 'Invalid API-key, IP, or permissions for action, request ip: 49.49.230.210'}
2026-05-15 02:46:42,258 - WARNING - 💥 Loop error: Signed GET /fapi/v2/balance failed: Binance 401: {'code': -2015, 'msg': 'Invalid API-key, IP, or permissions for action, request ip: 49.49.230.210'}
2026-05-15 02:47:07,097 - WARNING - 💥 Loop error: Signed GET /fapi/v2/balance failed: Binance 401: {'code': -2015, 'msg': 'Invalid API-key, IP, or permissions for action, request ip: 49.49.230.210'}
2026-05-15 02:47:31,821 - WARNING - 💥 Loop error: Signed GET /fapi/v2/balance failed: Binance 401: {'code': -2015, 'msg': 'Invalid API-key, IP, or permissions for action, request ip: 49.49.230.210'}
2026-05-15 02:47:56,565 - WARNING - 💥 Loop error: Signed GET /fapi/v2/balance failed: Binance 401: {'code': -2015, 'msg': 'Invalid API-key, IP, or permissions for action, request ip: 49.49.230.210'}
2026-05-15 02:48:21,206 - WARNING - 💥 Loop error: Signed GET /fapi/v2/balance failed: Binance 401: {'code': -2015, 'msg': 'Invalid API-key, IP, or permissions for action, request ip: 49.49.230.210'}
2026-05-15 02:48:45,790 - WARNING - 💥 Loop error: Signed GET /fapi/v2/balance failed: Binance 401: {'code': -2015, 'msg': 'Invalid API-key, IP, or permissions for action, request ip: 49.49.230.210'}
2026-05-15 02:49:10,425 - WARNING - 💥 Loop error: Signed GET /fapi/v2/balance failed: Binance 401: {'code': -2015, 'msg': 'Invalid API-key, IP, or permissions for action, request ip: 49.49.230.210'}
2026-05-15 02:49:34,999 - WARNING - 💥 Loop error: Signed GET /fapi/v2/balance failed: Binance 401: {'code': -2015, 'msg': 'Invalid API-key, IP, or permissions for action, request ip: 49.49.230.210'}
2026-05-15 02:49:59,615 - WARNING - 💥 Loop error: Signed GET /fapi/v2/balance failed: Binance 401: {'code': -2015, 'msg': 'Invalid API-key, IP, or permissions for action, request ip: 49.49.230.210'}
2026-05-15 02:50:25,552 - WARNING - 💥 Loop error: Signed GET /fapi/v2/balance failed: Binance 401: {'code': -2015, 'msg': 'Invalid API-key, IP, or permissions for action, request ip: 49.49.230.210'}
2026-05-15 02:50:50,329 - WARNING - 💥 Loop error: Signed GET /fapi/v2/balance failed: Binance 401: {'code': -2015, 'msg': 'Invalid API-key, IP, or permissions for action, request ip: 49.49.230.210'}
2026-05-15 02:51:11,352 - INFO - ⏱️ Time synced offset=-27ms
2026-05-15 02:51:16,280 - WARNING - 💥 Loop error: Signed GET /fapi/v2/balance failed: Binance 401: {'code': -2015, 'msg': 'Invalid API-key, IP, or permissions for action, request ip: 49.49.230.210'}
2026-05-15 02:51:41,001 - WARNING - 💥 Loop error: Signed GET /fapi/v2/balance failed: Binance 401: {'code': -2015, 'msg': 'Invalid API-key, IP, or permissions for action, request ip: 49.49.230.210'}
2026-05-15 02:52:05,688 - WARNING - 💥 Loop error: Signed GET /fapi/v2/balance failed: Binance 401: {'code': -2015, 'msg': 'Invalid API-key, IP, or permissions for action, request ip: 49.49.230.210'}
2026-05-15 02:52:30,310 - WARNING - 💥 Loop error: Signed GET /fapi/v2/balance failed: Binance 401: {'code': -2015, 'msg': 'Invalid API-key, IP, or permissions for action, request ip: 49.49.230.210'}
2026-05-15 02:52:54,989 - WARNING - 💥 Loop error: Signed GET /fapi/v2/balance failed: Binance 401: {'code': -2015, 'msg': 'Invalid API-key, IP, or permissions for action, request ip: 49.49.230.210'}
2026-05-15 02:53:19,616 - WARNING - 💥 Loop error: Signed GET /fapi/v2/balance failed: Binance 401: {'code': -2015, 'msg': 'Invalid API-key, IP, or permissions for action, request ip: 49.49.230.210'}
2026-05-15 02:53:44,346 - WARNING - 💥 Loop error: Signed GET /fapi/v2/balance failed: Binance 401: {'code': -2015, 'msg': 'Invalid API-key, IP, or permissions for action, request ip: 49.49.230.210'}
2026-05-15 02:54:08,971 - WARNING - 💥 Loop error: Signed GET /fapi/v2/balance failed: Binance 401: {'code': -2015, 'msg': 'Invalid API-key, IP, or permissions for action, request ip: 49.49.230.210'}
2026-05-15 02:54:33,776 - WARNING - 💥 Loop error: Signed GET /fapi/v2/balance failed: Binance 401: {'code': -2015, 'msg': 'Invalid API-key, IP, or permissions for action, request ip: 49.49.230.210'}
2026-05-15 02:54:58,960 - WARNING - 💥 Loop error: Signed GET /fapi/v2/balance failed: Binance 401: {'code': -2015, 'msg': 'Invalid API-key, IP, or permissions for action, request ip: 49.49.230.210'}
2026-05-15 02:55:35,058 - WARNING - 💥 Loop error: Signed GET /fapi/v2/balance failed: Binance 401: {'code': -2015, 'msg': 'Invalid API-key, IP, or permissions for action, request ip: 49.49.230.210'}
2026-05-15 02:56:01,107 - WARNING - 💥 Loop error: Signed GET /fapi/v2/balance failed: Binance 401: {'code': -2015, 'msg': 'Invalid API-key, IP, or permissions for action, request ip: 49.49.230.210'}
2026-05-15 02:56:21,675 - INFO - ⏱️ Time synced offset=-26ms
2026-05-15 02:56:26,317 - WARNING - 💥 Loop error: Signed GET /fapi/v2/balance failed: Binance 401: {'code': -2015, 'msg': 'Invalid API-key, IP, or permissions for action, request ip: 49.49.230.210'}
2026-05-15 02:56:51,732 - WARNING - 💥 Loop error: Signed GET /fapi/v2/balance failed: Binance 401: {'code': -2015, 'msg': 'Invalid API-key, IP, or permissions for action, request ip: 49.49.230.210'}
2026-05-15 02:57:16,420 - WARNING - 💥 Loop error: Signed GET /fapi/v2/balance failed: Binance 401: {'code': -2015, 'msg': 'Invalid API-key, IP, or permissions for action, request ip: 49.49.230.210'}
2026-05-15 02:57:41,690 - WARNING - 💥 Loop error: Signed GET /fapi/v2/balance failed: Binance 401: {'code': -2015, 'msg': 'Invalid API-key, IP, or permissions for action, request ip: 49.49.230.210'}
2026-05-15 02:58:06,316 - WARNING - 💥 Loop error: Signed GET /fapi/v2/balance failed: Binance 401: {'code': -2015, 'msg': 'Invalid API-key, IP, or permissions for action, request ip: 49.49.230.210'}
2026-05-15 02:58:31,802 - WARNING - 💥 Loop error: Signed GET /fapi/v2/balance failed: Binance 401: {'code': -2015, 'msg': 'Invalid API-key, IP, or permissions for action, request ip: 49.49.230.210'}
2026-05-15 02:58:56,890 - WARNING - 💥 Loop error: Signed GET /fapi/v2/balance failed: Binance 401: {'code': -2015, 'msg': 'Invalid API-key, IP, or permissions for action, request ip: 49.49.230.210'}
2026-05-15 02:59:21,523 - WARNING - 💥 Loop error: Signed GET /fapi/v2/balance failed: Binance 401: {'code': -2015, 'msg': 'Invalid API-key, IP, or permissions for action, request ip: 49.49.230.210'}
2026-05-15 02:59:46,627 - WARNING - 💥 Loop error: Signed GET /fapi/v2/balance failed: Binance 401: {'code': -2015, 'msg': 'Invalid API-key, IP, or permissions for action, request ip: 49.49.230.210'}
2026-05-15 03:00:11,269 - WARNING - 💥 Loop error: Signed GET /fapi/v2/balance failed: Binance 401: {'code': -2015, 'msg': 'Invalid API-key, IP, or permissions for action, request ip: 49.49.230.210'}
2026-05-15 03:00:36,563 - WARNING - 💥 Loop error: Signed GET /fapi/v2/balance failed: Binance 401: {'code': -2015, 'msg': 'Invalid API-key, IP, or permissions for action, request ip: 49.49.230.210'}
2026-05-15 03:01:02,530 - WARNING - 💥 Loop error: Signed GET /fapi/v2/balance failed: Binance 401: {'code': -2015, 'msg': 'Invalid API-key, IP, or permissions for action, request ip: 49.49.230.210'}
2026-05-15 03:01:23,448 - INFO - ⏱️ Time synced offset=-23ms
2026-05-15 03:01:28,042 - WARNING - 💥 Loop error: Signed GET /fapi/v2/balance failed: Binance 401: {'code': -2015, 'msg': 'Invalid API-key, IP, or permissions for action, request ip: 49.49.230.210'}
2026-05-15 03:01:52,853 - WARNING - 💥 Loop error: Signed GET /fapi/v2/balance failed: Binance 401: {'code': -2015, 'msg': 'Invalid API-key, IP, or permissions for action, request ip: 49.49.230.210'}
2026-05-15 03:02:17,631 - WARNING - 💥 Loop error: Signed GET /fapi/v2/balance failed: Binance 401: {'code': -2015, 'msg': 'Invalid API-key, IP, or permissions for action, request ip: 49.49.230.210'}
2026-05-15 03:02:42,308 - WARNING - 💥 Loop error: Signed GET /fapi/v2/balance failed: Binance 401: {'code': -2015, 'msg': 'Invalid API-key, IP, or permissions for action, request ip: 49.49.230.210'}
2026-05-15 03:03:06,996 - WARNING - 💥 Loop error: Signed GET /fapi/v2/balance failed: Binance 401: {'code': -2015, 'msg': 'Invalid API-key, IP, or permissions for action, request ip: 49.49.230.210'}
2026-05-15 03:03:31,654 - WARNING - 💥 Loop error: Signed GET /fapi/v2/balance failed: Binance 401: {'code': -2015, 'msg': 'Invalid API-key, IP, or permissions for action, request ip: 49.49.230.210'}
2026-05-15 03:03:56,267 - WARNING - 💥 Loop error: Signed GET /fapi/v2/balance failed: Binance 401: {'code': -2015, 'msg': 'Invalid API-key, IP, or permissions for action, request ip: 49.49.230.210'}
2026-05-15 03:04:20,924 - WARNING - 💥 Loop error: Signed GET /fapi/v2/balance failed: Binance 401: {'code': -2015, 'msg': 'Invalid API-key, IP, or permissions for action, request ip: 49.49.230.210'}
2026-05-15 03:04:45,587 - WARNING - 💥 Loop error: Signed GET /fapi/v2/balance failed: Binance 401: {'code': -2015, 'msg': 'Invalid API-key, IP, or permissions for action, request ip: 49.49.230.210'}
2026-05-15 03:05:10,326 - WARNING - 💥 Loop error: Signed GET /fapi/v2/balance failed: Binance 401: {'code': -2015, 'msg': 'Invalid API-key, IP, or permissions for action, request ip: 49.49.230.210'}
2026-05-15 03:05:34,976 - WARNING - 💥 Loop error: Signed GET /fapi/v2/balance failed: Binance 401: {'code': -2015, 'msg': 'Invalid API-key, IP, or permissions for action, request ip: 49.49.230.210'}
2026-05-15 03:06:00,243 - WARNING - 💥 Loop error: Signed GET /fapi/v2/balance failed: Binance 401: {'code': -2015, 'msg': 'Invalid API-key, IP, or permissions for action, request ip: 49.49.230.210'}
2026-05-15 03:06:26,423 - INFO - ⏱️ Time synced offset=-28ms
2026-05-15 03:06:27,305 - WARNING - 💥 Loop error: Signed GET /fapi/v2/balance failed: Binance 401: {'code': -2015, 'msg': 'Invalid API-key, IP, or permissions for action, request ip: 49.49.230.210'}
2026-05-15 03:06:52,009 - WARNING - 💥 Loop error: Signed GET /fapi/v2/balance failed: Binance 401: {'code': -2015, 'msg': 'Invalid API-key, IP, or permissions for action, request ip: 49.49.230.210'}
2026-05-15 03:07:16,899 - WARNING - 💥 Loop error: Signed GET /fapi/v2/balance failed: Binance 401: {'code': -2015, 'msg': 'Invalid API-key, IP, or permissions for action, request ip: 49.49.230.210'}
2026-05-15 03:07:43,180 - WARNING - 💥 Loop error: Signed GET /fapi/v2/balance failed: Binance 401: {'code': -2015, 'msg': 'Invalid API-key, IP, or permissions for action, request ip: 49.49.230.210'}
2026-05-15 03:08:07,911 - WARNING - 💥 Loop error: Signed GET /fapi/v2/balance failed: Binance 401: {'code': -2015, 'msg': 'Invalid API-key, IP, or permissions for action, request ip: 49.49.230.210'}
2026-05-15 03:08:32,715 - WARNING - 💥 Loop error: Signed GET /fapi/v2/balance failed: Binance 401: {'code': -2015, 'msg': 'Invalid API-key, IP, or permissions for action, request ip: 49.49.230.210'}
2026-05-15 03:08:57,375 - WARNING - 💥 Loop error: Signed GET /fapi/v2/balance failed: Binance 401: {'code': -2015, 'msg': 'Invalid API-key, IP, or permissions for action, request ip: 49.49.230.210'}
2026-05-15 03:09:21,997 - WARNING - 💥 Loop error: Signed GET /fapi/v2/balance failed: Binance 401: {'code': -2015, 'msg': 'Invalid API-key, IP, or permissions for action, request ip: 49.49.230.210'}
2026-05-15 03:09:46,760 - WARNING - 💥 Loop error: Signed GET /fapi/v2/balance failed: Binance 401: {'code': -2015, 'msg': 'Invalid API-key, IP, or permissions for action, request ip: 49.49.230.210'}
2026-05-15 03:10:11,459 - WARNING - 💥 Loop error: Signed GET /fapi/v2/balance failed: Binance 401: {'code': -2015, 'msg': 'Invalid API-key, IP, or permissions for action, request ip: 49.49.230.210'}
2026-05-15 03:10:36,198 - WARNING - 💥 Loop error: Signed GET /fapi/v2/balance failed: Binance 401: {'code': -2015, 'msg': 'Invalid API-key, IP, or permissions for action, request ip: 49.49.230.210'}
2026-05-15 03:11:00,785 - WARNING - 💥 Loop error: Signed GET /fapi/v2/balance failed: Binance 401: {'code': -2015, 'msg': 'Invalid API-key, IP, or permissions for action, request ip: 49.49.230.210'}
2026-05-15 03:11:26,533 - WARNING - 💥 Loop error: Signed GET /fapi/v2/balance failed: Binance 401: {'code': -2015, 'msg': 'Invalid API-key, IP, or permissions for action, request ip: 49.49.230.210'}
2026-05-15 03:11:47,067 - INFO - ⏱️ Time synced offset=-27ms
2026-05-15 03:11:51,700 - WARNING - 💥 Loop error: Signed GET /fapi/v2/balance failed: Binance 401: {'code': -2015, 'msg': 'Invalid API-key, IP, or permissions for action, request ip: 49.49.230.210'}
2026-05-15 03:12:16,451 - WARNING - 💥 Loop error: Signed GET /fapi/v2/balance failed: Binance 401: {'code': -2015, 'msg': 'Invalid API-key, IP, or permissions for action, request ip: 49.49.230.210'}
2026-05-15 03:12:41,047 - WARNING - 💥 Loop error: Signed GET /fapi/v2/balance failed: Binance 401: {'code': -2015, 'msg': 'Invalid API-key, IP, or permissions for action, request ip: 49.49.230.210'}
2026-05-15 03:13:05,824 - WARNING - 💥 Loop error: Signed GET /fapi/v2/balance failed: Binance 401: {'code': -2015, 'msg': 'Invalid API-key, IP, or permissions for action, request ip: 49.49.230.210'}
2026-05-15 03:13:30,435 - WARNING - 💥 Loop error: Signed GET /fapi/v2/balance failed: Binance 401: {'code': -2015, 'msg': 'Invalid API-key, IP, or permissions for action, request ip: 49.49.230.210'}
2026-05-15 03:14:06,292 - WARNING - 💥 Loop error: Signed GET /fapi/v2/balance failed: Binance 401: {'code': -2015, 'msg': 'Invalid API-key, IP, or permissions for action, request ip: 49.49.230.210'}
2026-05-15 03:14:31,328 - WARNING - 💥 Loop error: Signed GET /fapi/v2/balance failed: Binance 401: {'code': -2015, 'msg': 'Invalid API-key, IP, or permissions for action, request ip: 49.49.230.210'}
2026-05-15 03:14:56,258 - WARNING - 💥 Loop error: Signed GET /fapi/v2/balance failed: Binance 401: {'code': -2015, 'msg': 'Invalid API-key, IP, or permissions for action, request ip: 49.49.230.210'}
2026-05-15 03:15:21,478 - WARNING - 💥 Loop error: Signed GET /fapi/v2/balance failed: Binance 401: {'code': -2015, 'msg': 'Invalid API-key, IP, or permissions for action, request ip: 49.49.230.210'}
2026-05-15 03:15:46,253 - WARNING - 💥 Loop error: Signed GET /fapi/v2/balance failed: Binance 401: {'code': -2015, 'msg': 'Invalid API-key, IP, or permissions for action, request ip: 49.49.230.210'}
2026-05-15 03:16:10,976 - WARNING - 💥 Loop error: Signed GET /fapi/v2/balance failed: Binance 401: {'code': -2015, 'msg': 'Invalid API-key, IP, or permissions for action, request ip: 49.49.230.210'}
2026-05-15 03:16:37,673 - WARNING - 💥 Loop error: Signed GET /fapi/v2/balance failed: Binance 401: {'code': -2015, 'msg': 'Invalid API-key, IP, or permissions for action, request ip: 49.49.230.210'}
2026-05-15 03:16:58,216 - INFO - ⏱️ Time synced offset=-23ms
2026-05-15 03:17:02,767 - WARNING - 💥 Loop error: Signed GET /fapi/v2/balance failed: Binance 401: {'code': -2015, 'msg': 'Invalid API-key, IP, or permissions for action, request ip: 49.49.230.210'}
2026-05-15 03:17:27,512 - WARNING - 💥 Loop error: Signed GET /fapi/v2/balance failed: Binance 401: {'code': -2015, 'msg': 'Invalid API-key, IP, or permissions for action, request ip: 49.49.230.210'}
2026-05-15 03:17:52,735 - WARNING - 💥 Loop error: Signed GET /fapi/v2/balance failed: Binance 401: {'code': -2015, 'msg': 'Invalid API-key, IP, or permissions for action, request ip: 49.49.230.210'}
2026-05-15 03:18:17,424 - WARNING - 💥 Loop error: Signed GET /fapi/v2/balance failed: Binance 401: {'code': -2015, 'msg': 'Invalid API-key, IP, or permissions for action, request ip: 49.49.230.210'}
2026-05-15 03:18:42,087 - WARNING - 💥 Loop error: Signed GET /fapi/v2/balance failed: Binance 401: {'code': -2015, 'msg': 'Invalid API-key, IP, or permissions for action, request ip: 49.49.230.210'}
2026-05-15 03:19:06,753 - WARNING - 💥 Loop error: Signed GET /fapi/v2/balance failed: Binance 401: {'code': -2015, 'msg': 'Invalid API-key, IP, or permissions for action, request ip: 49.49.230.210'}
2026-05-15 03:19:31,366 - WARNING - 💥 Loop error: Signed GET /fapi/v2/balance failed: Binance 401: {'code': -2015, 'msg': 'Invalid API-key, IP, or permissions for action, request ip: 49.49.230.210'}
2026-05-15 03:19:55,979 - WARNING - 💥 Loop error: Signed GET /fapi/v2/balance failed: Binance 401: {'code': -2015, 'msg': 'Invalid API-key, IP, or permissions for action, request ip: 49.49.230.210'}
2026-05-15 03:20:20,623 - WARNING - 💥 Loop error: Signed GET /fapi/v2/balance failed: Binance 401: {'code': -2015, 'msg': 'Invalid API-key, IP, or permissions for action, request ip: 49.49.230.210'}
2026-05-15 03:20:45,255 - WARNING - 💥 Loop error: Signed GET /fapi/v2/balance failed: Binance 401: {'code': -2015, 'msg': 'Invalid API-key, IP, or permissions for action, request ip: 49.49.230.210'}
2026-05-15 03:21:09,881 - WARNING - 💥 Loop error: Signed GET /fapi/v2/balance failed: Binance 401: {'code': -2015, 'msg': 'Invalid API-key, IP, or permissions for action, request ip: 49.49.230.210'}
2026-05-15 03:21:34,541 - WARNING - 💥 Loop error: Signed GET /fapi/v2/balance failed: Binance 401: {'code': -2015, 'msg': 'Invalid API-key, IP, or permissions for action, request ip: 49.49.230.210'}
2026-05-15 03:22:00,311 - INFO - ⏱️ Time synced offset=-27ms
2026-05-15 03:22:00,828 - WARNING - 💥 Loop error: Signed GET /fapi/v2/balance failed: Binance 401: {'code': -2015, 'msg': 'Invalid API-key, IP, or permissions for action, request ip: 49.49.230.210'}
2026-05-15 03:22:26,208 - WARNING - 💥 Loop error: Signed GET /fapi/v2/balance failed: Binance 401: {'code': -2015, 'msg': 'Invalid API-key, IP, or permissions for action, request ip: 49.49.230.210'}
2026-05-15 03:22:50,798 - WARNING - 💥 Loop error: Signed GET /fapi/v2/balance failed: Binance 401: {'code': -2015, 'msg': 'Invalid API-key, IP, or permissions for action, request ip: 49.49.230.210'}
2026-05-15 03:23:15,457 - WARNING - 💥 Loop error: Signed GET /fapi/v2/balance failed: Binance 401: {'code': -2015, 'msg': 'Invalid API-key, IP, or permissions for action, request ip: 49.49.230.210'}
2026-05-15 03:23:40,053 - WARNING - 💥 Loop error: Signed GET /fapi/v2/balance failed: Binance 401: {'code': -2015, 'msg': 'Invalid API-key, IP, or permissions for action, request ip: 49.49.230.210'}
2026-05-15 03:24:04,654 - WARNING - 💥 Loop error: Signed GET /fapi/v2/balance failed: Binance 401: {'code': -2015, 'msg': 'Invalid API-key, IP, or permissions for action, request ip: 49.49.230.210'}
2026-05-15 03:24:29,246 - WARNING - 💥 Loop error: Signed GET /fapi/v2/balance failed: Binance 401: {'code': -2015, 'msg': 'Invalid API-key, IP, or permissions for action, request ip: 49.49.230.210'}
2026-05-15 03:24:53,916 - WARNING - 💥 Loop error: Signed GET /fapi/v2/balance failed: Binance 401: {'code': -2015, 'msg': 'Invalid API-key, IP, or permissions for action, request ip: 49.49.230.210'}
2026-05-15 03:25:18,563 - WARNING - 💥 Loop error: Signed GET /fapi/v2/balance failed: Binance 401: {'code': -2015, 'msg': 'Invalid API-key, IP, or permissions for action, request ip: 49.49.230.210'}
2026-05-15 03:25:43,215 - WARNING - 💥 Loop error: Signed GET /fapi/v2/balance failed: Binance 401: {'code': -2015, 'msg': 'Invalid API-key, IP, or permissions for action, request ip: 49.49.230.210'}
2026-05-15 03:26:07,959 - WARNING - 💥 Loop error: Signed GET /fapi/v2/balance failed: Binance 401: {'code': -2015, 'msg': 'Invalid API-key, IP, or permissions for action, request ip: 49.49.230.210'}
2026-05-15 03:26:32,632 - WARNING - 💥 Loop error: Signed GET /fapi/v2/balance failed: Binance 401: {'code': -2015, 'msg': 'Invalid API-key, IP, or permissions for action, request ip: 49.49.230.210'}
2026-05-15 03:26:57,321 - WARNING - 💥 Loop error: Signed GET /fapi/v2/balance failed: Binance 401: {'code': -2015, 'msg': 'Invalid API-key, IP, or permissions for action, request ip: 49.49.230.210'}
2026-05-15 03:27:19,037 - INFO - ⏱️ Time synced offset=-23ms
2026-05-15 03:27:23,711 - WARNING - 💥 Loop error: Signed GET /fapi/v2/balance failed: Binance 401: {'code': -2015, 'msg': 'Invalid API-key, IP, or permissions for action, request ip: 49.49.230.210'}
2026-05-15 03:27:55,590 - WARNING - 💥 Loop error: Signed GET /fapi/v2/balance failed: Binance 401: {'code': -2015, 'msg': 'Invalid API-key, IP, or permissions for action, request ip: 49.49.230.210'}
2026-05-15 03:28:20,339 - WARNING - 💥 Loop error: Signed GET /fapi/v2/balance failed: Binance 401: {'code': -2015, 'msg': 'Invalid API-key, IP, or permissions for action, request ip: 49.49.230.210'}
2026-05-15 03:28:44,992 - WARNING - 💥 Loop error: Signed GET /fapi/v2/balance failed: Binance 401: {'code': -2015, 'msg': 'Invalid API-key, IP, or permissions for action, request ip: 49.49.230.210'}
2026-05-15 03:29:10,236 - WARNING - 💥 Loop error: Signed GET /fapi/v2/balance failed: Binance 401: {'code': -2015, 'msg': 'Invalid API-key, IP, or permissions for action, request ip: 49.49.230.210'}
2026-05-15 03:29:36,324 - WARNING - 💥 Loop error: Signed GET /fapi/v2/balance failed: Binance 401: {'code': -2015, 'msg': 'Invalid API-key, IP, or permissions for action, request ip: 49.49.230.210'}
2026-05-15 03:30:00,947 - WARNING - 💥 Loop error: Signed GET /fapi/v2/balance failed: Binance 401: {'code': -2015, 'msg': 'Invalid API-key, IP, or permissions for action, request ip: 49.49.230.210'}
2026-05-15 03:30:25,609 - WARNING - 💥 Loop error: Signed GET /fapi/v2/balance failed: Binance 401: {'code': -2015, 'msg': 'Invalid API-key, IP, or permissions for action, request ip: 49.49.230.210'}
2026-05-15 03:30:50,356 - WARNING - 💥 Loop error: Signed GET /fapi/v2/balance failed: Binance 401: {'code': -2015, 'msg': 'Invalid API-key, IP, or permissions for action, request ip: 49.49.230.210'}
2026-05-15 03:31:14,963 - WARNING - 💥 Loop error: Signed GET /fapi/v2/balance failed: Binance 401: {'code': -2015, 'msg': 'Invalid API-key, IP, or permissions for action, request ip: 49.49.230.210'}
2026-05-15 03:31:39,597 - WARNING - 💥 Loop error: Signed GET /fapi/v2/balance failed: Binance 401: {'code': -2015, 'msg': 'Invalid API-key, IP, or permissions for action, request ip: 49.49.230.210'}
2026-05-15 03:32:04,484 - WARNING - 💥 Loop error: Signed GET /fapi/v2/balance failed: Binance 401: {'code': -2015, 'msg': 'Invalid API-key, IP, or permissions for action, request ip: 49.49.230.210'}
2026-05-15 03:32:26,245 - INFO - ⏱️ Time synced offset=-22ms
2026-05-15 03:32:30,834 - WARNING - 💥 Loop error: Signed GET /fapi/v2/balance failed: Binance 401: {'code': -2015, 'msg': 'Invalid API-key, IP, or permissions for action, request ip: 49.49.230.210'}
2026-05-15 03:32:55,417 - WARNING - 💥 Loop error: Signed GET /fapi/v2/balance failed: Binance 401: {'code': -2015, 'msg': 'Invalid API-key, IP, or permissions for action, request ip: 49.49.230.210'}
2026-05-15 03:33:20,085 - WARNING - 💥 Loop error: Signed GET /fapi/v2/balance failed: Binance 401: {'code': -2015, 'msg': 'Invalid API-key, IP, or permissions for action, request ip: 49.49.230.210'}
2026-05-15 03:33:44,742 - WARNING - 💥 Loop error: Signed GET /fapi/v2/balance failed: Binance 401: {'code': -2015, 'msg': 'Invalid API-key, IP, or permissions for action, request ip: 49.49.230.210'}
2026-05-15 03:34:09,983 - WARNING - 💥 Loop error: Signed GET /fapi/v2/balance failed: Binance 401: {'code': -2015, 'msg': 'Invalid API-key, IP, or permissions for action, request ip: 49.49.230.210'}
2026-05-15 03:34:34,719 - WARNING - 💥 Loop error: Signed GET /fapi/v2/balance failed: Binance 401: {'code': -2015, 'msg': 'Invalid API-key, IP, or permissions for action, request ip: 49.49.230.210'}
2026-05-15 03:34:59,512 - WARNING - 💥 Loop error: Signed GET /fapi/v2/balance failed: Binance 401: {'code': -2015, 'msg': 'Invalid API-key, IP, or permissions for action, request ip: 49.49.230.210'}
2026-05-15 03:35:25,225 - WARNING - 💥 Loop error: Signed GET /fapi/v2/balance failed: Binance 401: {'code': -2015, 'msg': 'Invalid API-key, IP, or permissions for action, request ip: 49.49.230.210'}
2026-05-15 03:35:50,200 - WARNING - 💥 Loop error: Signed GET /fapi/v2/balance failed: Binance 401: {'code': -2015, 'msg': 'Invalid API-key, IP, or permissions for action, request ip: 49.49.230.210'}
2026-05-15 03:36:15,006 - WARNING - 💥 Loop error: Signed GET /fapi/v2/balance failed: Binance 401: {'code': -2015, 'msg': 'Invalid API-key, IP, or permissions for action, request ip: 49.49.230.210'}
2026-05-15 03:36:39,613 - WARNING - 💥 Loop error: Signed GET /fapi/v2/balance failed: Binance 401: {'code': -2015, 'msg': 'Invalid API-key, IP, or permissions for action, request ip: 49.49.230.210'}
2026-05-15 03:37:04,332 - WARNING - 💥 Loop error: Signed GET /fapi/v2/balance failed: Binance 401: {'code': -2015, 'msg': 'Invalid API-key, IP, or permissions for action, request ip: 49.49.230.210'}
2026-05-15 03:37:29,119 - INFO - ⏱️ Time synced offset=-25ms
2026-05-15 03:37:29,721 - WARNING - 💥 Loop error: Signed GET /fapi/v2/balance failed: Binance 401: {'code': -2015, 'msg': 'Invalid API-key, IP, or permissions for action, request ip: 49.49.230.210'}
2026-05-15 03:37:55,645 - WARNING - 💥 Loop error: Signed GET /fapi/v2/balance failed: Binance 401: {'code': -2015, 'msg': 'Invalid API-key, IP, or permissions for action, request ip: 49.49.230.210'}
2026-05-15 03:38:20,326 - WARNING - 💥 Loop error: Signed GET /fapi/v2/balance failed: Binance 401: {'code': -2015, 'msg': 'Invalid API-key, IP, or permissions for action, request ip: 49.49.230.210'}
2026-05-15 03:38:45,054 - WARNING - 💥 Loop error: Signed GET /fapi/v2/balance failed: Binance 401: {'code': -2015, 'msg': 'Invalid API-key, IP, or permissions for action, request ip: 49.49.230.210'}
2026-05-15 03:39:09,716 - WARNING - 💥 Loop error: Signed GET /fapi/v2/balance failed: Binance 401: {'code': -2015, 'msg': 'Invalid API-key, IP, or permissions for action, request ip: 49.49.230.210'}
2026-05-15 03:39:35,193 - WARNING - 💥 Loop error: Signed GET /fapi/v2/balance failed: Binance 401: {'code': -2015, 'msg': 'Invalid API-key, IP, or permissions for action, request ip: 49.49.230.210'}
2026-05-15 03:39:59,831 - WARNING - 💥 Loop error: Signed GET /fapi/v2/balance failed: Binance 401: {'code': -2015, 'msg': 'Invalid API-key, IP, or permissions for action, request ip: 49.49.230.210'}
2026-05-15 03:40:24,464 - WARNING - 💥 Loop error: Signed GET /fapi/v2/balance failed: Binance 401: {'code': -2015, 'msg': 'Invalid API-key, IP, or permissions for action, request ip: 49.49.230.210'}
2026-05-15 03:40:49,782 - WARNING - 💥 Loop error: Signed GET /fapi/v2/balance failed: Binance 401: {'code': -2015, 'msg': 'Invalid API-key, IP, or permissions for action, request ip: 49.49.230.210'}
2026-05-15 03:41:14,535 - WARNING - 💥 Loop error: Signed GET /fapi/v2/balance failed: Binance 401: {'code': -2015, 'msg': 'Invalid API-key, IP, or permissions for action, request ip: 49.49.230.210'}
2026-05-15 03:41:39,119 - WARNING - 💥 Loop error: Signed GET /fapi/v2/balance failed: Binance 401: {'code': -2015, 'msg': 'Invalid API-key, IP, or permissions for action, request ip: 49.49.230.210'}
2026-05-15 03:42:03,725 - WARNING - 💥 Loop error: Signed GET /fapi/v2/balance failed: Binance 401: {'code': -2015, 'msg': 'Invalid API-key, IP, or permissions for action, request ip: 49.49.230.210'}
2026-05-15 03:42:28,692 - WARNING - 💥 Loop error: Signed GET /fapi/v2/balance failed: Binance 401: {'code': -2015, 'msg': 'Invalid API-key, IP, or permissions for action, request ip: 49.49.230.210'}
2026-05-15 03:42:49,239 - INFO - ⏱️ Time synced offset=-21ms
2026-05-15 03:42:53,776 - WARNING - 💥 Loop error: Signed GET /fapi/v2/balance failed: Binance 401: {'code': -2015, 'msg': 'Invalid API-key, IP, or permissions for action, request ip: 49.49.230.210'}
2026-05-15 03:43:20,208 - WARNING - 💥 Loop error: Signed GET /fapi/v2/balance failed: Binance 401: {'code': -2015, 'msg': 'Invalid API-key, IP, or permissions for action, request ip: 49.49.230.210'}
2026-05-15 03:43:44,826 - WARNING - 💥 Loop error: Signed GET /fapi/v2/balance failed: Binance 401: {'code': -2015, 'msg': 'Invalid API-key, IP, or permissions for action, request ip: 49.49.230.210'}
2026-05-15 03:44:09,470 - WARNING - 💥 Loop error: Signed GET /fapi/v2/balance failed: Binance 401: {'code': -2015, 'msg': 'Invalid API-key, IP, or permissions for action, request ip: 49.49.230.210'}
2026-05-15 03:44:34,288 - WARNING - 💥 Loop error: Signed GET /fapi/v2/balance failed: Binance 401: {'code': -2015, 'msg': 'Invalid API-key, IP, or permissions for action, request ip: 49.49.230.210'}
2026-05-15 03:44:58,971 - WARNING - 💥 Loop error: Signed GET /fapi/v2/balance failed: Binance 401: {'code': -2015, 'msg': 'Invalid API-key, IP, or permissions for action, request ip: 49.49.230.210'}
2026-05-15 03:45:23,608 - WARNING - 💥 Loop error: Signed GET /fapi/v2/balance failed: Binance 401: {'code': -2015, 'msg': 'Invalid API-key, IP, or permissions for action, request ip: 49.49.230.210'}
2026-05-15 03:45:48,359 - WARNING - 💥 Loop error: Signed GET /fapi/v2/balance failed: Binance 401: {'code': -2015, 'msg': 'Invalid API-key, IP, or permissions for action, request ip: 49.49.230.210'}
2026-05-15 03:46:12,981 - WARNING - 💥 Loop error: Signed GET /fapi/v2/balance failed: Binance 401: {'code': -2015, 'msg': 'Invalid API-key, IP, or permissions for action, request ip: 49.49.230.210'}
2026-05-15 03:46:38,327 - WARNING - 💥 Loop error: Signed GET /fapi/v2/balance failed: Binance 401: {'code': -2015, 'msg': 'Invalid API-key, IP, or permissions for action, request ip: 49.49.230.210'}
2026-05-15 03:47:02,907 - WARNING - 💥 Loop error: Signed GET /fapi/v2/balance failed: Binance 401: {'code': -2015, 'msg': 'Invalid API-key, IP, or permissions for action, request ip: 49.49.230.210'}
2026-05-15 03:47:27,601 - WARNING - 💥 Loop error: Signed GET /fapi/v2/balance failed: Binance 401: {'code': -2015, 'msg': 'Invalid API-key, IP, or permissions for action, request ip: 49.49.230.210'}
2026-05-15 03:47:52,206 - INFO - ⏱️ Time synced offset=-24ms
2026-05-15 03:47:52,813 - WARNING - 💥 Loop error: Signed GET /fapi/v2/balance failed: Binance 401: {'code': -2015, 'msg': 'Invalid API-key, IP, or permissions for action, request ip: 49.49.230.210'}
2026-05-15 03:48:17,700 - WARNING - 💥 Loop error: Signed GET /fapi/v2/balance failed: Binance 401: {'code': -2015, 'msg': 'Invalid API-key, IP, or permissions for action, request ip: 49.49.230.210'}
2026-05-15 03:48:44,217 - WARNING - 💥 Loop error: Signed GET /fapi/v2/balance failed: Binance 401: {'code': -2015, 'msg': 'Invalid API-key, IP, or permissions for action, request ip: 49.49.230.210'}
2026-05-15 03:49:08,875 - WARNING - 💥 Loop error: Signed GET /fapi/v2/balance failed: Binance 401: {'code': -2015, 'msg': 'Invalid API-key, IP, or permissions for action, request ip: 49.49.230.210'}
2026-05-15 03:49:33,703 - WARNING - 💥 Loop error: Signed GET /fapi/v2/balance failed: Binance 401: {'code': -2015, 'msg': 'Invalid API-key, IP, or permissions for action, request ip: 49.49.230.210'}
2026-05-15 03:49:58,315 - WARNING - 💥 Loop error: Signed GET /fapi/v2/balance failed: Binance 401: {'code': -2015, 'msg': 'Invalid API-key, IP, or permissions for action, request ip: 49.49.230.210'}
2026-05-15 03:50:22,923 - WARNING - 💥 Loop error: Signed GET /fapi/v2/balance failed: Binance 401: {'code': -2015, 'msg': 'Invalid API-key, IP, or permissions for action, request ip: 49.49.230.210'}
2026-05-15 03:50:48,425 - WARNING - 💥 Loop error: Signed GET /fapi/v2/balance failed: Binance 401: {'code': -2015, 'msg': 'Invalid API-key, IP, or permissions for action, request ip: 49.49.230.210'}
2026-05-15 03:51:13,094 - WARNING - 💥 Loop error: Signed GET /fapi/v2/balance failed: Binance 401: {'code': -2015, 'msg': 'Invalid API-key, IP, or permissions for action, request ip: 49.49.230.210'}
2026-05-15 03:51:37,964 - WARNING - 💥 Loop error: Signed GET /fapi/v2/balance failed: Binance 401: {'code': -2015, 'msg': 'Invalid API-key, IP, or permissions for action, request ip: 49.49.230.210'}
2026-05-15 03:52:02,808 - WARNING - 💥 Loop error: Signed GET /fapi/v2/balance failed: Binance 401: {'code': -2015, 'msg': 'Invalid API-key, IP, or permissions for action, request ip: 49.49.230.210'}
2026-05-15 03:52:27,421 - WARNING - 💥 Loop error: Signed GET /fapi/v2/balance failed: Binance 401: {'code': -2015, 'msg': 'Invalid API-key, IP, or permissions for action, request ip: 49.49.230.210'}
2026-05-15 03:52:52,009 - WARNING - 💥 Loop error: Signed GET /fapi/v2/balance failed: Binance 401: {'code': -2015, 'msg': 'Invalid API-key, IP, or permissions for action, request ip: 49.49.230.210'}
2026-05-15 03:53:12,591 - INFO - ⏱️ Time synced offset=-25ms
2026-05-15 03:53:17,452 - WARNING - 💥 Loop error: Signed GET /fapi/v2/balance failed: Binance 401: {'code': -2015, 'msg': 'Invalid API-key, IP, or permissions for action, request ip: 49.49.230.210'}
2026-05-15 03:53:42,054 - WARNING - 💥 Loop error: Signed GET /fapi/v2/balance failed: Binance 401: {'code': -2015, 'msg': 'Invalid API-key, IP, or permissions for action, request ip: 49.49.230.210'}
2026-05-15 03:54:07,919 - WARNING - 💥 Loop error: Signed GET /fapi/v2/balance failed: Binance 401: {'code': -2015, 'msg': 'Invalid API-key, IP, or permissions for action, request ip: 49.49.230.210'}
2026-05-15 03:54:32,596 - WARNING - 💥 Loop error: Signed GET /fapi/v2/balance failed: Binance 401: {'code': -2015, 'msg': 'Invalid API-key, IP, or permissions for action, request ip: 49.49.230.210'}
2026-05-15 03:54:57,291 - WARNING - 💥 Loop error: Signed GET /fapi/v2/balance failed: Binance 401: {'code': -2015, 'msg': 'Invalid API-key, IP, or permissions for action, request ip: 49.49.230.210'}
2026-05-15 03:55:21,942 - WARNING - 💥 Loop error: Signed GET /fapi/v2/balance failed: Binance 401: {'code': -2015, 'msg': 'Invalid API-key, IP, or permissions for action, request ip: 49.49.230.210'}
2026-05-15 03:55:46,591 - WARNING - 💥 Loop error: Signed GET /fapi/v2/balance failed: Binance 401: {'code': -2015, 'msg': 'Invalid API-key, IP, or permissions for action, request ip: 49.49.230.210'}
2026-05-15 03:56:11,616 - WARNING - 💥 Loop error: Signed GET /fapi/v2/balance failed: Binance 401: {'code': -2015, 'msg': 'Invalid API-key, IP, or permissions for action, request ip: 49.49.230.210'}
2026-05-15 03:56:39,918 - WARNING - 💥 Loop error: Signed GET /fapi/v2/balance failed: Binance 401: {'code': -2015, 'msg': 'Invalid API-key, IP, or permissions for action, request ip: 49.49.230.210'}
2026-05-15 03:57:04,673 - WARNING - 💥 Loop error: Signed GET /fapi/v2/balance failed: Binance 401: {'code': -2015, 'msg': 'Invalid API-key, IP, or permissions for action, request ip: 49.49.230.210'}
2026-05-15 03:57:29,616 - WARNING - 💥 Loop error: Signed GET /fapi/v2/balance failed: Binance 401: {'code': -2015, 'msg': 'Invalid API-key, IP, or permissions for action, request ip: 49.49.230.210'}
2026-05-15 03:57:54,860 - WARNING - 💥 Loop error: Signed GET /fapi/v2/balance failed: Binance 401: {'code': -2015, 'msg': 'Invalid API-key, IP, or permissions for action, request ip: 49.49.230.210'}
2026-05-15 03:58:15,449 - INFO - ⏱️ Time synced offset=-25ms
2026-05-15 03:58:20,058 - WARNING - 💥 Loop error: Signed GET /fapi/v2/balance failed: Binance 401: {'code': -2015, 'msg': 'Invalid API-key, IP, or permissions for action, request ip: 49.49.230.210'}
2026-05-15 03:58:44,796 - WARNING - 💥 Loop error: Signed GET /fapi/v2/balance failed: Binance 401: {'code': -2015, 'msg': 'Invalid API-key, IP, or permissions for action, request ip: 49.49.230.210'}
2026-05-15 03:59:11,408 - WARNING - 💥 Loop error: Signed GET /fapi/v2/balance failed: Binance 401: {'code': -2015, 'msg': 'Invalid API-key, IP, or permissions for action, request ip: 49.49.230.210'}
2026-05-15 03:59:36,061 - WARNING - 💥 Loop error: Signed GET /fapi/v2/balance failed: Binance 401: {'code': -2015, 'msg': 'Invalid API-key, IP, or permissions for action, request ip: 49.49.230.210'}
2026-05-15 04:00:00,749 - WARNING - 💥 Loop error: Signed GET /fapi/v2/balance failed: Binance 401: {'code': -2015, 'msg': 'Invalid API-key, IP, or permissions for action, request ip: 49.49.230.210'}
2026-05-15 04:00:25,295 - WARNING - 💥 Loop error: Signed GET /fapi/v2/balance failed: Binance 401: {'code': -2015, 'msg': 'Invalid API-key, IP, or permissions for action, request ip: 49.49.230.210'}
2026-05-15 04:00:50,119 - WARNING - 💥 Loop error: Signed GET /fapi/v2/balance failed: Binance 401: {'code': -2015, 'msg': 'Invalid API-key, IP, or permissions for action, request ip: 49.49.230.210'}
2026-05-15 04:01:16,363 - WARNING - 💥 Loop error: Signed GET /fapi/v2/balance failed: Binance 401: {'code': -2015, 'msg': 'Invalid API-key, IP, or permissions for action, request ip: 49.49.230.210'}
2026-05-15 04:01:44,050 - WARNING - 💥 Loop error: Signed GET /fapi/v2/balance failed: Binance 401: {'code': -2015, 'msg': 'Invalid API-key, IP, or permissions for action, request ip: 49.49.230.210'}
2026-05-15 04:02:09,318 - WARNING - 💥 Loop error: Signed GET /fapi/v2/balance failed: Binance 401: {'code': -2015, 'msg': 'Invalid API-key, IP, or permissions for action, request ip: 49.49.230.210'}
2026-05-15 04:02:33,931 - WARNING - 💥 Loop error: Signed GET /fapi/v2/balance failed: Binance 401: {'code': -2015, 'msg': 'Invalid API-key, IP, or permissions for action, request ip: 49.49.230.210'}
2026-05-15 04:02:59,057 - WARNING - 💥 Loop error: Signed GET /fapi/v2/balance failed: Binance 401: {'code': -2015, 'msg': 'Invalid API-key, IP, or permissions for action, request ip: 49.49.230.210'}
2026-05-15 04:03:19,621 - INFO - ⏱️ Time synced offset=-42ms
2026-05-15 04:03:24,210 - WARNING - 💥 Loop error: Signed GET /fapi/v2/balance failed: Binance 401: {'code': -2015, 'msg': 'Invalid API-key, IP, or permissions for action, request ip: 49.49.230.210'}
2026-05-15 04:03:48,926 - WARNING - 💥 Loop error: Signed GET /fapi/v2/balance failed: Binance 401: {'code': -2015, 'msg': 'Invalid API-key, IP, or permissions for action, request ip: 49.49.230.210'}
2026-05-15 04:04:14,832 - WARNING - 💥 Loop error: Signed GET /fapi/v2/balance failed: Binance 401: {'code': -2015, 'msg': 'Invalid API-key, IP, or permissions for action, request ip: 49.49.230.210'}
2026-05-15 04:04:40,349 - WARNING - 💥 Loop error: Signed GET /fapi/v2/balance failed: Binance 401: {'code': -2015, 'msg': 'Invalid API-key, IP, or permissions for action, request ip: 49.49.230.210'}
2026-05-15 04:05:05,055 - WARNING - 💥 Loop error: Signed GET /fapi/v2/balance failed: Binance 401: {'code': -2015, 'msg': 'Invalid API-key, IP, or permissions for action, request ip: 49.49.230.210'}
2026-05-15 04:05:29,691 - WARNING - 💥 Loop error: Signed GET /fapi/v2/balance failed: Binance 401: {'code': -2015, 'msg': 'Invalid API-key, IP, or permissions for action, request ip: 49.49.230.210'}
2026-05-15 04:05:54,335 - WARNING - 💥 Loop error: Signed GET /fapi/v2/balance failed: Binance 401: {'code': -2015, 'msg': 'Invalid API-key, IP, or permissions for action, request ip: 49.49.230.210'}
2026-05-15 04:06:19,623 - WARNING - 💥 Loop error: Signed GET /fapi/v2/balance failed: Binance 401: {'code': -2015, 'msg': 'Invalid API-key, IP, or permissions for action, request ip: 49.49.230.210'}
2026-05-15 04:06:44,495 - WARNING - 💥 Loop error: Signed GET /fapi/v2/balance failed: Binance 401: {'code': -2015, 'msg': 'Invalid API-key, IP, or permissions for action, request ip: 49.49.230.210'}
2026-05-15 04:07:09,185 - WARNING - 💥 Loop error: Signed GET /fapi/v2/balance failed: Binance 401: {'code': -2015, 'msg': 'Invalid API-key, IP, or permissions for action, request ip: 49.49.230.210'}
2026-05-15 04:07:33,873 - WARNING - 💥 Loop error: Signed GET /fapi/v2/balance failed: Binance 401: {'code': -2015, 'msg': 'Invalid API-key, IP, or permissions for action, request ip: 49.49.230.210'}
2026-05-15 04:07:58,492 - WARNING - 💥 Loop error: Signed GET /fapi/v2/balance failed: Binance 401: {'code': -2015, 'msg': 'Invalid API-key, IP, or permissions for action, request ip: 49.49.230.210'}
2026-05-15 04:08:20,590 - INFO - ⏱️ Time synced offset=-25ms
2026-05-15 04:08:23,712 - WARNING - 💥 Loop error: Signed GET /fapi/v2/balance failed: Binance 401: {'code': -2015, 'msg': 'Invalid API-key, IP, or permissions for action, request ip: 49.49.230.210'}
2026-05-15 04:08:48,547 - WARNING - 💥 Loop error: Signed GET /fapi/v2/balance failed: Binance 401: {'code': -2015, 'msg': 'Invalid API-key, IP, or permissions for action, request ip: 49.49.230.210'}
2026-05-15 04:09:13,318 - WARNING - 💥 Loop error: Signed GET /fapi/v2/balance failed: Binance 401: {'code': -2015, 'msg': 'Invalid API-key, IP, or permissions for action, request ip: 49.49.230.210'}
2026-05-15 04:09:40,182 - WARNING - 💥 Loop error: Signed GET /fapi/v2/balance failed: Binance 401: {'code': -2015, 'msg': 'Invalid API-key, IP, or permissions for action, request ip: 49.49.230.210'}
2026-05-15 04:10:04,855 - WARNING - 💥 Loop error: Signed GET /fapi/v2/balance failed: Binance 401: {'code': -2015, 'msg': 'Invalid API-key, IP, or permissions for action, request ip: 49.49.230.210'}
2026-05-15 04:10:29,507 - WARNING - 💥 Loop error: Signed GET /fapi/v2/balance failed: Binance 401: {'code': -2015, 'msg': 'Invalid API-key, IP, or permissions for action, request ip: 49.49.230.210'}
2026-05-15 04:10:54,290 - WARNING - 💥 Loop error: Signed GET /fapi/v2/balance failed: Binance 401: {'code': -2015, 'msg': 'Invalid API-key, IP, or permissions for action, request ip: 49.49.230.210'}
2026-05-15 04:11:19,547 - WARNING - 💥 Loop error: Signed GET /fapi/v2/balance failed: Binance 401: {'code': -2015, 'msg': 'Invalid API-key, IP, or permissions for action, request ip: 49.49.230.210'}
2026-05-15 04:11:44,508 - WARNING - 💥 Loop error: Signed GET /fapi/v2/balance failed: Binance 401: {'code': -2015, 'msg': 'Invalid API-key, IP, or permissions for action, request ip: 49.49.230.210'}
2026-05-15 04:12:09,111 - WARNING - 💥 Loop error: Signed GET /fapi/v2/balance failed: Binance 401: {'code': -2015, 'msg': 'Invalid API-key, IP, or permissions for action, request ip: 49.49.230.210'}
2026-05-15 04:12:33,720 - WARNING - 💥 Loop error: Signed GET /fapi/v2/balance failed: Binance 401: {'code': -2015, 'msg': 'Invalid API-key, IP, or permissions for action, request ip: 49.49.230.210'}
2026-05-15 04:12:58,603 - WARNING - 💥 Loop error: Signed GET /fapi/v2/balance failed: Binance 401: {'code': -2015, 'msg': 'Invalid API-key, IP, or permissions for action, request ip: 49.49.230.210'}
2026-05-15 04:13:23,238 - INFO - ⏱️ Time synced offset=-27ms
2026-05-15 04:13:23,742 - WARNING - 💥 Loop error: Signed GET /fapi/v2/balance failed: Binance 401: {'code': -2015, 'msg': 'Invalid API-key, IP, or permissions for action, request ip: 49.49.230.210'}
2026-05-15 04:13:48,418 - WARNING - 💥 Loop error: Signed GET /fapi/v2/balance failed: Binance 401: {'code': -2015, 'msg': 'Invalid API-key, IP, or permissions for action, request ip: 49.49.230.210'}
2026-05-15 04:14:13,338 - WARNING - 💥 Loop error: Signed GET /fapi/v2/balance failed: Binance 401: {'code': -2015, 'msg': 'Invalid API-key, IP, or permissions for action, request ip: 49.49.230.210'}
2026-05-15 04:14:39,395 - WARNING - 💥 Loop error: Signed GET /fapi/v2/balance failed: Binance 401: {'code': -2015, 'msg': 'Invalid API-key, IP, or permissions for action, request ip: 49.49.230.210'}
2026-05-15 04:15:05,654 - WARNING - 💥 Loop error: Signed GET /fapi/v2/balance failed: Binance 401: {'code': -2015, 'msg': 'Invalid API-key, IP, or permissions for action, request ip: 49.49.230.210'}
2026-05-15 04:15:30,355 - WARNING - 💥 Loop error: Signed GET /fapi/v2/balance failed: Binance 401: {'code': -2015, 'msg': 'Invalid API-key, IP, or permissions for action, request ip: 49.49.230.210'}
2026-05-15 04:15:54,989 - WARNING - 💥 Loop error: Signed GET /fapi/v2/balance failed: Binance 401: {'code': -2015, 'msg': 'Invalid API-key, IP, or permissions for action, request ip: 49.49.230.210'}
2026-05-15 04:16:19,646 - WARNING - 💥 Loop error: Signed GET /fapi/v2/balance failed: Binance 401: {'code': -2015, 'msg': 'Invalid API-key, IP, or permissions for action, request ip: 49.49.230.210'}
2026-05-15 04:16:44,340 - WARNING - 💥 Loop error: Signed GET /fapi/v2/balance failed: Binance 401: {'code': -2015, 'msg': 'Invalid API-key, IP, or permissions for action, request ip: 49.49.230.210'}
2026-05-15 04:17:09,403 - WARNING - 💥 Loop error: Signed GET /fapi/v2/balance failed: Binance 401: {'code': -2015, 'msg': 'Invalid API-key, IP, or permissions for action, request ip: 49.49.230.210'}
2026-05-15 04:17:34,040 - WARNING - 💥 Loop error: Signed GET /fapi/v2/balance failed: Binance 401: {'code': -2015, 'msg': 'Invalid API-key, IP, or permissions for action, request ip: 49.49.230.210'}
2026-05-15 04:17:59,261 - WARNING - 💥 Loop error: Signed GET /fapi/v2/balance failed: Binance 401: {'code': -2015, 'msg': 'Invalid API-key, IP, or permissions for action, request ip: 49.49.230.210'}
2026-05-15 04:18:23,905 - INFO - ⏱️ Time synced offset=-23ms
2026-05-15 04:18:24,434 - WARNING - 💥 Loop error: Signed GET /fapi/v2/balance failed: Binance 401: {'code': -2015, 'msg': 'Invalid API-key, IP, or permissions for action, request ip: 49.49.230.210'}
2026-05-15 04:18:49,064 - WARNING - 💥 Loop error: Signed GET /fapi/v2/balance failed: Binance 401: {'code': -2015, 'msg': 'Invalid API-key, IP, or permissions for action, request ip: 49.49.230.210'}
2026-05-15 04:19:13,693 - WARNING - 💥 Loop error: Signed GET /fapi/v2/balance failed: Binance 401: {'code': -2015, 'msg': 'Invalid API-key, IP, or permissions for action, request ip: 49.49.230.210'}
2026-05-15 04:19:40,014 - WARNING - 💥 Loop error: Signed GET /fapi/v2/balance failed: Binance 401: {'code': -2015, 'msg': 'Invalid API-key, IP, or permissions for action, request ip: 49.49.230.210'}
2026-05-15 04:20:04,684 - WARNING - 💥 Loop error: Signed GET /fapi/v2/balance failed: Binance 401: {'code': -2015, 'msg': 'Invalid API-key, IP, or permissions for action, request ip: 49.49.230.210'}
2026-05-15 04:20:30,165 - WARNING - 💥 Loop error: Signed GET /fapi/v2/balance failed: Binance 401: {'code': -2015, 'msg': 'Invalid API-key, IP, or permissions for action, request ip: 49.49.230.210'}
2026-05-15 04:20:55,513 - WARNING - 💥 Loop error: Signed GET /fapi/v2/balance failed: Binance 401: {'code': -2015, 'msg': 'Invalid API-key, IP, or permissions for action, request ip: 49.49.230.210'}
2026-05-15 04:21:20,240 - WARNING - 💥 Loop error: Signed GET /fapi/v2/balance failed: Binance 401: {'code': -2015, 'msg': 'Invalid API-key, IP, or permissions for action, request ip: 49.49.230.210'}
2026-05-15 04:21:45,389 - WARNING - 💥 Loop error: Signed GET /fapi/v2/balance failed: Binance 401: {'code': -2015, 'msg': 'Invalid API-key, IP, or permissions for action, request ip: 49.49.230.210'}
2026-05-15 04:22:10,613 - WARNING - 💥 Loop error: Signed GET /fapi/v2/balance failed: Binance 401: {'code': -2015, 'msg': 'Invalid API-key, IP, or permissions for action, request ip: 49.49.230.210'}
2026-05-15 04:22:36,197 - WARNING - 💥 Loop error: Signed GET /fapi/v2/balance failed: Binance 401: {'code': -2015, 'msg': 'Invalid API-key, IP, or permissions for action, request ip: 49.49.230.210'}
2026-05-15 04:23:00,781 - WARNING - 💥 Loop error: Signed GET /fapi/v2/balance failed: Binance 401: {'code': -2015, 'msg': 'Invalid API-key, IP, or permissions for action, request ip: 49.49.230.210'}
2026-05-15 04:23:25,398 - INFO - ⏱️ Time synced offset=-24ms
2026-05-15 04:23:25,910 - WARNING - 💥 Loop error: Signed GET /fapi/v2/balance failed: Binance 401: {'code': -2015, 'msg': 'Invalid API-key, IP, or permissions for action, request ip: 49.49.230.210'}
2026-05-15 04:23:57,583 - WARNING - 💥 Loop error: Signed GET /fapi/v2/balance failed: Binance 401: {'code': -2015, 'msg': 'Invalid API-key, IP, or permissions for action, request ip: 49.49.230.210'}
2026-05-15 04:24:22,220 - WARNING - 💥 Loop error: Signed GET /fapi/v2/balance failed: Binance 401: {'code': -2015, 'msg': 'Invalid API-key, IP, or permissions for action, request ip: 49.49.230.210'}
2026-05-15 04:24:48,683 - WARNING - 💥 Loop error: Signed GET /fapi/v2/balance failed: Binance 401: {'code': -2015, 'msg': 'Invalid API-key, IP, or permissions for action, request ip: 49.49.230.210'}
2026-05-15 04:25:13,455 - WARNING - 💥 Loop error: Signed GET /fapi/v2/balance failed: Binance 401: {'code': -2015, 'msg': 'Invalid API-key, IP, or permissions for action, request ip: 49.49.230.210'}
2026-05-15 04:25:38,325 - WARNING - 💥 Loop error: Signed GET /fapi/v2/balance failed: Binance 401: {'code': -2015, 'msg': 'Invalid API-key, IP, or permissions for action, request ip: 49.49.230.210'}
2026-05-15 04:26:03,976 - WARNING - 💥 Loop error: Signed GET /fapi/v2/balance failed: Binance 401: {'code': -2015, 'msg': 'Invalid API-key, IP, or permissions for action, request ip: 49.49.230.210'}
2026-05-15 04:26:28,605 - WARNING - 💥 Loop error: Signed GET /fapi/v2/balance failed: Binance 401: {'code': -2015, 'msg': 'Invalid API-key, IP, or permissions for action, request ip: 49.49.230.210'}
2026-05-15 04:26:54,130 - WARNING - 💥 Loop error: Signed GET /fapi/v2/balance failed: Binance 401: {'code': -2015, 'msg': 'Invalid API-key, IP, or permissions for action, request ip: 49.49.230.210'}
2026-05-15 04:27:18,984 - WARNING - 💥 Loop error: Signed GET /fapi/v2/balance failed: Binance 401: {'code': -2015, 'msg': 'Invalid API-key, IP, or permissions for action, request ip: 49.49.230.210'}
2026-05-15 04:27:43,569 - WARNING - 💥 Loop error: Signed GET /fapi/v2/balance failed: Binance 401: {'code': -2015, 'msg': 'Invalid API-key, IP, or permissions for action, request ip: 49.49.230.210'}
2026-05-15 04:28:08,249 - WARNING - 💥 Loop error: Signed GET /fapi/v2/balance failed: Binance 401: {'code': -2015, 'msg': 'Invalid API-key, IP, or permissions for action, request ip: 49.49.230.210'}
2026-05-15 04:28:28,796 - INFO - ⏱️ Time synced offset=-30ms
2026-05-15 04:28:33,409 - WARNING - 💥 Loop error: Signed GET /fapi/v2/balance failed: Binance 401: {'code': -2015, 'msg': 'Invalid API-key, IP, or permissions for action, request ip: 49.49.230.210'}
2026-05-15 04:28:59,325 - WARNING - 💥 Loop error: Signed GET /fapi/v2/balance failed: Binance 401: {'code': -2015, 'msg': 'Invalid API-key, IP, or permissions for action, request ip: 49.49.230.210'}
2026-05-15 04:29:24,031 - WARNING - 💥 Loop error: Signed GET /fapi/v2/balance failed: Binance 401: {'code': -2015, 'msg': 'Invalid API-key, IP, or permissions for action, request ip: 49.49.230.210'}
2026-05-15 04:29:50,431 - WARNING - 💥 Loop error: Signed GET /fapi/v2/balance failed: Binance 401: {'code': -2015, 'msg': 'Invalid API-key, IP, or permissions for action, request ip: 49.49.230.210'}
2026-05-15 04:30:16,130 - WARNING - 💥 Loop error: Signed GET /fapi/v2/balance failed: Binance 401: {'code': -2015, 'msg': 'Invalid API-key, IP, or permissions for action, request ip: 49.49.230.210'}
2026-05-15 04:30:41,088 - WARNING - 💥 Loop error: Signed GET /fapi/v2/balance failed: Binance 401: {'code': -2015, 'msg': 'Invalid API-key, IP, or permissions for action, request ip: 49.49.230.210'}
2026-05-15 04:31:06,261 - WARNING - 💥 Loop error: Signed GET /fapi/v2/balance failed: Binance 401: {'code': -2015, 'msg': 'Invalid API-key, IP, or permissions for action, request ip: 49.49.230.210'}
2026-05-15 04:31:30,865 - WARNING - 💥 Loop error: Signed GET /fapi/v2/balance failed: Binance 401: {'code': -2015, 'msg': 'Invalid API-key, IP, or permissions for action, request ip: 49.49.230.210'}
2026-05-15 04:31:55,799 - WARNING - 💥 Loop error: Signed GET /fapi/v2/balance failed: Binance 401: {'code': -2015, 'msg': 'Invalid API-key, IP, or permissions for action, request ip: 49.49.230.210'}
2026-05-15 04:32:20,465 - WARNING - 💥 Loop error: Signed GET /fapi/v2/balance failed: Binance 401: {'code': -2015, 'msg': 'Invalid API-key, IP, or permissions for action, request ip: 49.49.230.210'}
2026-05-15 04:32:45,145 - WARNING - 💥 Loop error: Signed GET /fapi/v2/balance failed: Binance 401: {'code': -2015, 'msg': 'Invalid API-key, IP, or permissions for action, request ip: 49.49.230.210'}
2026-05-15 04:33:09,789 - WARNING - 💥 Loop error: Signed GET /fapi/v2/balance failed: Binance 401: {'code': -2015, 'msg': 'Invalid API-key, IP, or permissions for action, request ip: 49.49.230.210'}
2026-05-15 04:33:30,333 - INFO - ⏱️ Time synced offset=-25ms
2026-05-15 04:33:35,011 - WARNING - 💥 Loop error: Signed GET /fapi/v2/balance failed: Binance 401: {'code': -2015, 'msg': 'Invalid API-key, IP, or permissions for action, request ip: 49.49.230.210'}
2026-05-15 04:33:59,748 - WARNING - 💥 Loop error: Signed GET /fapi/v2/balance failed: Binance 401: {'code': -2015, 'msg': 'Invalid API-key, IP, or permissions for action, request ip: 49.49.230.210'}
2026-05-15 04:34:24,885 - WARNING - 💥 Loop error: Signed GET /fapi/v2/balance failed: Binance 401: {'code': -2015, 'msg': 'Invalid API-key, IP, or permissions for action, request ip: 49.49.230.210'}
2026-05-15 04:34:51,261 - WARNING - 💥 Loop error: Signed GET /fapi/v2/balance failed: Binance 401: {'code': -2015, 'msg': 'Invalid API-key, IP, or permissions for action, request ip: 49.49.230.210'}
2026-05-15 04:35:16,018 - WARNING - 💥 Loop error: Signed GET /fapi/v2/balance failed: Binance 401: {'code': -2015, 'msg': 'Invalid API-key, IP, or permissions for action, request ip: 49.49.230.210'}
2026-05-15 04:35:40,632 - WARNING - 💥 Loop error: Signed GET /fapi/v2/balance failed: Binance 401: {'code': -2015, 'msg': 'Invalid API-key, IP, or permissions for action, request ip: 49.49.230.210'}
2026-05-15 04:36:05,658 - WARNING - 💥 Loop error: Signed GET /fapi/v2/balance failed: Binance 401: {'code': -2015, 'msg': 'Invalid API-key, IP, or permissions for action, request ip: 49.49.230.210'}
2026-05-15 04:36:30,660 - WARNING - 💥 Loop error: Signed GET /fapi/v2/balance failed: Binance 401: {'code': -2015, 'msg': 'Invalid API-key, IP, or permissions for action, request ip: 49.49.230.210'}
2026-05-15 04:36:55,308 - WARNING - 💥 Loop error: Signed GET /fapi/v2/balance failed: Binance 401: {'code': -2015, 'msg': 'Invalid API-key, IP, or permissions for action, request ip: 49.49.230.210'}
2026-05-15 04:37:19,993 - WARNING - 💥 Loop error: Signed GET /fapi/v2/balance failed: Binance 401: {'code': -2015, 'msg': 'Invalid API-key, IP, or permissions for action, request ip: 49.49.230.210'}
2026-05-15 04:37:44,603 - WARNING - 💥 Loop error: Signed GET /fapi/v2/balance failed: Binance 401: {'code': -2015, 'msg': 'Invalid API-key, IP, or permissions for action, request ip: 49.49.230.210'}
2026-05-15 04:38:09,234 - WARNING - 💥 Loop error: Signed GET /fapi/v2/balance failed: Binance 401: {'code': -2015, 'msg': 'Invalid API-key, IP, or permissions for action, request ip: 49.49.230.210'}
2026-05-15 04:38:31,271 - INFO - ⏱️ Time synced offset=-24ms
2026-05-15 04:38:34,338 - WARNING - 💥 Loop error: Signed GET /fapi/v2/balance failed: Binance 401: {'code': -2015, 'msg': 'Invalid API-key, IP, or permissions for action, request ip: 49.49.230.210'}
2026-05-15 04:38:58,949 - WARNING - 💥 Loop error: Signed GET /fapi/v2/balance failed: Binance 401: {'code': -2015, 'msg': 'Invalid API-key, IP, or permissions for action, request ip: 49.49.230.210'}
2026-05-15 04:39:23,571 - WARNING - 💥 Loop error: Signed GET /fapi/v2/balance failed: Binance 401: {'code': -2015, 'msg': 'Invalid API-key, IP, or permissions for action, request ip: 49.49.230.210'}
2026-05-15 04:39:48,248 - WARNING - 💥 Loop error: Signed GET /fapi/v2/balance failed: Binance 401: {'code': -2015, 'msg': 'Invalid API-key, IP, or permissions for action, request ip: 49.49.230.210'}
2026-05-15 04:40:14,108 - WARNING - 💥 Loop error: Signed GET /fapi/v2/balance failed: Binance 401: {'code': -2015, 'msg': 'Invalid API-key, IP, or permissions for action, request ip: 49.49.230.210'}
2026-05-15 04:40:38,727 - WARNING - 💥 Loop error: Signed GET /fapi/v2/balance failed: Binance 401: {'code': -2015, 'msg': 'Invalid API-key, IP, or permissions for action, request ip: 49.49.230.210'}
2026-05-15 04:41:03,341 - WARNING - 💥 Loop error: Signed GET /fapi/v2/balance failed: Binance 401: {'code': -2015, 'msg': 'Invalid API-key, IP, or permissions for action, request ip: 49.49.230.210'}
2026-05-15 04:41:27,997 - WARNING - 💥 Loop error: Signed GET /fapi/v2/balance failed: Binance 401: {'code': -2015, 'msg': 'Invalid API-key, IP, or permissions for action, request ip: 49.49.230.210'}
2026-05-15 04:41:53,029 - WARNING - 💥 Loop error: Signed GET /fapi/v2/balance failed: Binance 401: {'code': -2015, 'msg': 'Invalid API-key, IP, or permissions for action, request ip: 49.49.230.210'}
2026-05-15 04:42:18,235 - WARNING - 💥 Loop error: Signed GET /fapi/v2/balance failed: Binance 401: {'code': -2015, 'msg': 'Invalid API-key, IP, or permissions for action, request ip: 49.49.230.210'}
2026-05-15 04:42:44,037 - WARNING - 💥 Loop error: Signed GET /fapi/v2/balance failed: Binance 401: {'code': -2015, 'msg': 'Invalid API-key, IP, or permissions for action, request ip: 49.49.230.210'}
2026-05-15 04:43:09,101 - WARNING - 💥 Loop error: Signed GET /fapi/v2/balance failed: Binance 401: {'code': -2015, 'msg': 'Invalid API-key, IP, or permissions for action, request ip: 49.49.230.210'}
2026-05-15 04:43:34,017 - INFO - ⏱️ Time synced offset=-26ms
2026-05-15 04:43:34,931 - WARNING - 💥 Loop error: Signed GET /fapi/v2/balance failed: Binance 401: {'code': -2015, 'msg': 'Invalid API-key, IP, or permissions for action, request ip: 49.49.230.210'}
2026-05-15 04:43:59,529 - WARNING - 💥 Loop error: Signed GET /fapi/v2/balance failed: Binance 401: {'code': -2015, 'msg': 'Invalid API-key, IP, or permissions for action, request ip: 49.49.230.210'}
2026-05-15 04:44:24,174 - WARNING - 💥 Loop error: Signed GET /fapi/v2/balance failed: Binance 401: {'code': -2015, 'msg': 'Invalid API-key, IP, or permissions for action, request ip: 49.49.230.210'}
2026-05-15 04:44:48,777 - WARNING - 💥 Loop error: Signed GET /fapi/v2/balance failed: Binance 401: {'code': -2015, 'msg': 'Invalid API-key, IP, or permissions for action, request ip: 49.49.230.210'}
2026-05-15 04:45:14,717 - WARNING - 💥 Loop error: Signed GET /fapi/v2/balance failed: Binance 401: {'code': -2015, 'msg': 'Invalid API-key, IP, or permissions for action, request ip: 49.49.230.210'}
2026-05-15 04:45:40,053 - WARNING - 💥 Loop error: Signed GET /fapi/v2/balance failed: Binance 401: {'code': -2015, 'msg': 'Invalid API-key, IP, or permissions for action, request ip: 49.49.230.210'}
2026-05-15 04:46:04,982 - WARNING - 💥 Loop error: Signed GET /fapi/v2/balance failed: Binance 401: {'code': -2015, 'msg': 'Invalid API-key, IP, or permissions for action, request ip: 49.49.230.210'}
2026-05-15 04:46:29,675 - WARNING - 💥 Loop error: Signed GET /fapi/v2/balance failed: Binance 401: {'code': -2015, 'msg': 'Invalid API-key, IP, or permissions for action, request ip: 49.49.230.210'}
2026-05-15 04:46:54,327 - WARNING - 💥 Loop error: Signed GET /fapi/v2/balance failed: Binance 401: {'code': -2015, 'msg': 'Invalid API-key, IP, or permissions for action, request ip: 49.49.230.210'}
2026-05-15 04:47:19,172 - WARNING - 💥 Loop error: Signed GET /fapi/v2/balance failed: Binance 401: {'code': -2015, 'msg': 'Invalid API-key, IP, or permissions for action, request ip: 49.49.230.210'}
2026-05-15 04:47:43,825 - WARNING - 💥 Loop error: Signed GET /fapi/v2/balance failed: Binance 401: {'code': -2015, 'msg': 'Invalid API-key, IP, or permissions for action, request ip: 49.49.230.210'}
2026-05-15 04:48:08,680 - WARNING - 💥 Loop error: Signed GET /fapi/v2/balance failed: Binance 401: {'code': -2015, 'msg': 'Invalid API-key, IP, or permissions for action, request ip: 49.49.230.210'}
2026-05-15 04:48:33,461 - WARNING - 💥 Loop error: Signed GET /fapi/v2/balance failed: Binance 401: {'code': -2015, 'msg': 'Invalid API-key, IP, or permissions for action, request ip: 49.49.230.210'}
2026-05-15 04:48:54,070 - INFO - ⏱️ Time synced offset=-23ms
2026-05-15 04:48:58,769 - WARNING - 💥 Loop error: Signed GET /fapi/v2/balance failed: Binance 401: {'code': -2015, 'msg': 'Invalid API-key, IP, or permissions for action, request ip: 49.49.230.210'}
2026-05-15 04:49:23,459 - WARNING - 💥 Loop error: Signed GET /fapi/v2/balance failed: Binance 401: {'code': -2015, 'msg': 'Invalid API-key, IP, or permissions for action, request ip: 49.49.230.210'}
2026-05-15 04:49:48,099 - WARNING - 💥 Loop error: Signed GET /fapi/v2/balance failed: Binance 401: {'code': -2015, 'msg': 'Invalid API-key, IP, or permissions for action, request ip: 49.49.230.210'}
2026-05-15 04:50:13,963 - WARNING - 💥 Loop error: Signed GET /fapi/v2/balance failed: Binance 401: {'code': -2015, 'msg': 'Invalid API-key, IP, or permissions for action, request ip: 49.49.230.210'}
2026-05-15 04:50:40,157 - WARNING - 💥 Loop error: Signed GET /fapi/v2/balance failed: Binance 401: {'code': -2015, 'msg': 'Invalid API-key, IP, or permissions for action, request ip: 49.49.230.210'}
2026-05-15 04:51:04,835 - WARNING - 💥 Loop error: Signed GET /fapi/v2/balance failed: Binance 401: {'code': -2015, 'msg': 'Invalid API-key, IP, or permissions for action, request ip: 49.49.230.210'}
2026-05-15 04:51:29,806 - WARNING - 💥 Loop error: Signed GET /fapi/v2/balance failed: Binance 401: {'code': -2015, 'msg': 'Invalid API-key, IP, or permissions for action, request ip: 49.49.230.210'}
2026-05-15 04:51:54,528 - WARNING - 💥 Loop error: Signed GET /fapi/v2/balance failed: Binance 401: {'code': -2015, 'msg': 'Invalid API-key, IP, or permissions for action, request ip: 49.49.230.210'}
2026-05-15 04:52:19,382 - WARNING - 💥 Loop error: Signed GET /fapi/v2/balance failed: Binance 401: {'code': -2015, 'msg': 'Invalid API-key, IP, or permissions for action, request ip: 49.49.230.210'}
2026-05-15 04:52:44,050 - WARNING - 💥 Loop error: Signed GET /fapi/v2/balance failed: Binance 401: {'code': -2015, 'msg': 'Invalid API-key, IP, or permissions for action, request ip: 49.49.230.210'}
2026-05-15 04:53:09,654 - WARNING - 💥 Loop error: Signed GET /fapi/v2/balance failed: Binance 401: {'code': -2015, 'msg': 'Invalid API-key, IP, or permissions for action, request ip: 49.49.230.210'}
2026-05-15 04:53:34,277 - WARNING - 💥 Loop error: Signed GET /fapi/v2/balance failed: Binance 401: {'code': -2015, 'msg': 'Invalid API-key, IP, or permissions for action, request ip: 49.49.230.210'}
2026-05-15 04:53:55,180 - INFO - ⏱️ Time synced offset=-25ms
2026-05-15 04:54:00,805 - WARNING - 💥 Loop error: Signed GET /fapi/v2/balance failed: Binance 401: {'code': -2015, 'msg': 'Invalid API-key, IP, or permissions for action, request ip: 49.49.230.210'}
2026-05-15 04:54:25,476 - WARNING - 💥 Loop error: Signed GET /fapi/v2/balance failed: Binance 401: {'code': -2015, 'msg': 'Invalid API-key, IP, or permissions for action, request ip: 49.49.230.210'}
2026-05-15 04:54:50,364 - WARNING - 💥 Loop error: Signed GET /fapi/v2/balance failed: Binance 401: {'code': -2015, 'msg': 'Invalid API-key, IP, or permissions for action, request ip: 49.49.230.210'}
2026-05-15 04:55:15,084 - WARNING - 💥 Loop error: Signed GET /fapi/v2/balance failed: Binance 401: {'code': -2015, 'msg': 'Invalid API-key, IP, or permissions for action, request ip: 49.49.230.210'}
2026-05-15 04:55:40,996 - WARNING - 💥 Loop error: Signed GET /fapi/v2/balance failed: Binance 401: {'code': -2015, 'msg': 'Invalid API-key, IP, or permissions for action, request ip: 49.49.230.210'}
2026-05-15 04:56:05,932 - WARNING - 💥 Loop error: Signed GET /fapi/v2/balance failed: Binance 401: {'code': -2015, 'msg': 'Invalid API-key, IP, or permissions for action, request ip: 49.49.230.210'}
2026-05-15 04:56:30,584 - WARNING - 💥 Loop error: Signed GET /fapi/v2/balance failed: Binance 401: {'code': -2015, 'msg': 'Invalid API-key, IP, or permissions for action, request ip: 49.49.230.210'}
2026-05-15 04:56:55,236 - WARNING - 💥 Loop error: Signed GET /fapi/v2/balance failed: Binance 401: {'code': -2015, 'msg': 'Invalid API-key, IP, or permissions for action, request ip: 49.49.230.210'}
2026-05-15 04:57:19,911 - WARNING - 💥 Loop error: Signed GET /fapi/v2/balance failed: Binance 401: {'code': -2015, 'msg': 'Invalid API-key, IP, or permissions for action, request ip: 49.49.230.210'}
2026-05-15 04:57:44,563 - WARNING - 💥 Loop error: Signed GET /fapi/v2/balance failed: Binance 401: {'code': -2015, 'msg': 'Invalid API-key, IP, or permissions for action, request ip: 49.49.230.210'}
2026-05-15 04:58:09,275 - WARNING - 💥 Loop error: Signed GET /fapi/v2/balance failed: Binance 401: {'code': -2015, 'msg': 'Invalid API-key, IP, or permissions for action, request ip: 49.49.230.210'}
2026-05-15 04:58:33,884 - WARNING - 💥 Loop error: Signed GET /fapi/v2/balance failed: Binance 401: {'code': -2015, 'msg': 'Invalid API-key, IP, or permissions for action, request ip: 49.49.230.210'}
2026-05-15 04:58:56,004 - INFO - ⏱️ Time synced offset=-25ms
2026-05-15 04:58:59,154 - WARNING - 💥 Loop error: Signed GET /fapi/v2/balance failed: Binance 401: {'code': -2015, 'msg': 'Invalid API-key, IP, or permissions for action, request ip: 49.49.230.210'}
2026-05-15 04:59:23,760 - WARNING - 💥 Loop error: Signed GET /fapi/v2/balance failed: Binance 401: {'code': -2015, 'msg': 'Invalid API-key, IP, or permissions for action, request ip: 49.49.230.210'}
2026-05-15 04:59:48,479 - WARNING - 💥 Loop error: Signed GET /fapi/v2/balance failed: Binance 401: {'code': -2015, 'msg': 'Invalid API-key, IP, or permissions for action, request ip: 49.49.230.210'}
2026-05-15 05:00:13,128 - WARNING - 💥 Loop error: Signed GET /fapi/v2/balance failed: Binance 401: {'code': -2015, 'msg': 'Invalid API-key, IP, or permissions for action, request ip: 49.49.230.210'}
2026-05-15 05:00:38,470 - WARNING - 💥 Loop error: Signed GET /fapi/v2/balance failed: Binance 401: {'code': -2015, 'msg': 'Invalid API-key, IP, or permissions for action, request ip: 49.49.230.210'}
2026-05-15 05:01:04,486 - WARNING - 💥 Loop error: Signed GET /fapi/v2/balance failed: Binance 401: {'code': -2015, 'msg': 'Invalid API-key, IP, or permissions for action, request ip: 49.49.230.210'}
2026-05-15 05:01:29,417 - WARNING - 💥 Loop error: Signed GET /fapi/v2/balance failed: Binance 401: {'code': -2015, 'msg': 'Invalid API-key, IP, or permissions for action, request ip: 49.49.230.210'}
2026-05-15 05:01:54,021 - WARNING - 💥 Loop error: Signed GET /fapi/v2/balance failed: Binance 401: {'code': -2015, 'msg': 'Invalid API-key, IP, or permissions for action, request ip: 49.49.230.210'}
2026-05-15 05:02:18,919 - WARNING - 💥 Loop error: Signed GET /fapi/v2/balance failed: Binance 401: {'code': -2015, 'msg': 'Invalid API-key, IP, or permissions for action, request ip: 49.49.230.210'}
2026-05-15 05:02:43,511 - WARNING - 💥 Loop error: Signed GET /fapi/v2/balance failed: Binance 401: {'code': -2015, 'msg': 'Invalid API-key, IP, or permissions for action, request ip: 49.49.230.210'}
2026-05-15 05:03:08,221 - WARNING - 💥 Loop error: Signed GET /fapi/v2/balance failed: Binance 401: {'code': -2015, 'msg': 'Invalid API-key, IP, or permissions for action, request ip: 49.49.230.210'}
2026-05-15 05:03:32,962 - WARNING - 💥 Loop error: Signed GET /fapi/v2/balance failed: Binance 401: {'code': -2015, 'msg': 'Invalid API-key, IP, or permissions for action, request ip: 49.49.230.210'}
2026-05-15 05:03:57,939 - INFO - ⏱️ Time synced offset=-23ms
2026-05-15 05:03:58,474 - WARNING - 💥 Loop error: Signed GET /fapi/v2/balance failed: Binance 401: {'code': -2015, 'msg': 'Invalid API-key, IP, or permissions for action, request ip: 49.49.230.210'}
2026-05-15 05:04:23,241 - WARNING - 💥 Loop error: Signed GET /fapi/v2/balance failed: Binance 401: {'code': -2015, 'msg': 'Invalid API-key, IP, or permissions for action, request ip: 49.49.230.210'}
2026-05-15 05:04:48,860 - WARNING - 💥 Loop error: Signed GET /fapi/v2/balance failed: Binance 401: {'code': -2015, 'msg': 'Invalid API-key, IP, or permissions for action, request ip: 49.49.230.210'}
2026-05-15 05:05:14,215 - WARNING - 💥 Loop error: Signed GET /fapi/v2/balance failed: Binance 401: {'code': -2015, 'msg': 'Invalid API-key, IP, or permissions for action, request ip: 49.49.230.210'}
2026-05-15 05:05:38,840 - WARNING - 💥 Loop error: Signed GET /fapi/v2/balance failed: Binance 401: {'code': -2015, 'msg': 'Invalid API-key, IP, or permissions for action, request ip: 49.49.230.210'}
2026-05-15 05:06:04,808 - WARNING - 💥 Loop error: Signed GET /fapi/v2/balance failed: Binance 401: {'code': -2015, 'msg': 'Invalid API-key, IP, or permissions for action, request ip: 49.49.230.210'}
2026-05-15 05:06:29,481 - WARNING - 💥 Loop error: Signed GET /fapi/v2/balance failed: Binance 401: {'code': -2015, 'msg': 'Invalid API-key, IP, or permissions for action, request ip: 49.49.230.210'}
2026-05-15 05:06:54,050 - WARNING - 💥 Loop error: Signed GET /fapi/v2/balance failed: Binance 401: {'code': -2015, 'msg': 'Invalid API-key, IP, or permissions for action, request ip: 49.49.230.210'}
2026-05-15 05:07:19,459 - WARNING - 💥 Loop error: Signed GET /fapi/v2/balance failed: Binance 401: {'code': -2015, 'msg': 'Invalid API-key, IP, or permissions for action, request ip: 49.49.230.210'}
2026-05-15 05:07:44,180 - WARNING - 💥 Loop error: Signed GET /fapi/v2/balance failed: Binance 401: {'code': -2015, 'msg': 'Invalid API-key, IP, or permissions for action, request ip: 49.49.230.210'}
2026-05-15 05:08:08,828 - WARNING - 💥 Loop error: Signed GET /fapi/v2/balance failed: Binance 401: {'code': -2015, 'msg': 'Invalid API-key, IP, or permissions for action, request ip: 49.49.230.210'}
2026-05-15 05:08:34,348 - WARNING - 💥 Loop error: Signed GET /fapi/v2/balance failed: Binance 401: {'code': -2015, 'msg': 'Invalid API-key, IP, or permissions for action, request ip: 49.49.230.210'}
2026-05-15 05:08:58,965 - INFO - ⏱️ Time synced offset=-23ms
2026-05-15 05:08:59,522 - WARNING - 💥 Loop error: Signed GET /fapi/v2/balance failed: Binance 401: {'code': -2015, 'msg': 'Invalid API-key, IP, or permissions for action, request ip: 49.49.230.210'}
2026-05-15 05:09:24,169 - WARNING - 💥 Loop error: Signed GET /fapi/v2/balance failed: Binance 401: {'code': -2015, 'msg': 'Invalid API-key, IP, or permissions for action, request ip: 49.49.230.210'}
2026-05-15 05:09:48,838 - WARNING - 💥 Loop error: Signed GET /fapi/v2/balance failed: Binance 401: {'code': -2015, 'msg': 'Invalid API-key, IP, or permissions for action, request ip: 49.49.230.210'}
2026-05-15 05:10:13,654 - WARNING - 💥 Loop error: Signed GET /fapi/v2/balance failed: Binance 401: {'code': -2015, 'msg': 'Invalid API-key, IP, or permissions for action, request ip: 49.49.230.210'}
2026-05-15 05:10:38,832 - WARNING - 💥 Loop error: Signed GET /fapi/v2/balance failed: Binance 401: {'code': -2015, 'msg': 'Invalid API-key, IP, or permissions for action, request ip: 49.49.230.210'}
2026-05-15 05:11:04,296 - WARNING - 💥 Loop error: Signed GET /fapi/v2/balance failed: Binance 401: {'code': -2015, 'msg': 'Invalid API-key, IP, or permissions for action, request ip: 49.49.230.210'}
2026-05-15 05:11:30,186 - WARNING - 💥 Loop error: Signed GET /fapi/v2/balance failed: Binance 401: {'code': -2015, 'msg': 'Invalid API-key, IP, or permissions for action, request ip: 49.49.230.210'}
2026-05-15 05:11:54,826 - WARNING - 💥 Loop error: Signed GET /fapi/v2/balance failed: Binance 401: {'code': -2015, 'msg': 'Invalid API-key, IP, or permissions for action, request ip: 49.49.230.210'}
2026-05-15 05:12:19,484 - WARNING - 💥 Loop error: Signed GET /fapi/v2/balance failed: Binance 401: {'code': -2015, 'msg': 'Invalid API-key, IP, or permissions for action, request ip: 49.49.230.210'}
2026-05-15 05:12:44,270 - WARNING - 💥 Loop error: Signed GET /fapi/v2/balance failed: Binance 401: {'code': -2015, 'msg': 'Invalid API-key, IP, or permissions for action, request ip: 49.49.230.210'}
2026-05-15 05:13:08,925 - WARNING - 💥 Loop error: Signed GET /fapi/v2/balance failed: Binance 401: {'code': -2015, 'msg': 'Invalid API-key, IP, or permissions for action, request ip: 49.49.230.210'}
2026-05-15 05:13:33,661 - WARNING - 💥 Loop error: Signed GET /fapi/v2/balance failed: Binance 401: {'code': -2015, 'msg': 'Invalid API-key, IP, or permissions for action, request ip: 49.49.230.210'}
2026-05-15 05:13:58,320 - WARNING - 💥 Loop error: Signed GET /fapi/v2/balance failed: Binance 401: {'code': -2015, 'msg': 'Invalid API-key, IP, or permissions for action, request ip: 49.49.230.210'}
2026-05-15 05:14:19,240 - INFO - ⏱️ Time synced offset=-22ms
2026-05-15 05:14:24,501 - WARNING - 💥 Loop error: Signed GET /fapi/v2/balance failed: Binance 401: {'code': -2015, 'msg': 'Invalid API-key, IP, or permissions for action, request ip: 49.49.230.210'}
2026-05-15 05:14:49,172 - WARNING - 💥 Loop error: Signed GET /fapi/v2/balance failed: Binance 401: {'code': -2015, 'msg': 'Invalid API-key, IP, or permissions for action, request ip: 49.49.230.210'}
2026-05-15 05:15:14,027 - WARNING - 💥 Loop error: Signed GET /fapi/v2/balance failed: Binance 401: {'code': -2015, 'msg': 'Invalid API-key, IP, or permissions for action, request ip: 49.49.230.210'}
2026-05-15 05:15:38,662 - WARNING - 💥 Loop error: Signed GET /fapi/v2/balance failed: Binance 401: {'code': -2015, 'msg': 'Invalid API-key, IP, or permissions for action, request ip: 49.49.230.210'}
2026-05-15 05:16:03,263 - WARNING - 💥 Loop error: Signed GET /fapi/v2/balance failed: Binance 401: {'code': -2015, 'msg': 'Invalid API-key, IP, or permissions for action, request ip: 49.49.230.210'}
2026-05-15 05:16:27,996 - WARNING - 💥 Loop error: Signed GET /fapi/v2/balance failed: Binance 401: {'code': -2015, 'msg': 'Invalid API-key, IP, or permissions for action, request ip: 49.49.230.210'}
2026-05-15 05:16:53,849 - WARNING - 💥 Loop error: Signed GET /fapi/v2/balance failed: Binance 401: {'code': -2015, 'msg': 'Invalid API-key, IP, or permissions for action, request ip: 49.49.230.210'}
2026-05-15 05:17:18,502 - WARNING - 💥 Loop error: Signed GET /fapi/v2/balance failed: Binance 401: {'code': -2015, 'msg': 'Invalid API-key, IP, or permissions for action, request ip: 49.49.230.210'}
2026-05-15 05:17:43,219 - WARNING - 💥 Loop error: Signed GET /fapi/v2/balance failed: Binance 401: {'code': -2015, 'msg': 'Invalid API-key, IP, or permissions for action, request ip: 49.49.230.210'}
2026-05-15 05:18:08,816 - WARNING - 💥 Loop error: Signed GET /fapi/v2/balance failed: Binance 401: {'code': -2015, 'msg': 'Invalid API-key, IP, or permissions for action, request ip: 49.49.230.210'}
2026-05-15 05:18:33,421 - WARNING - 💥 Loop error: Signed GET /fapi/v2/balance failed: Binance 401: {'code': -2015, 'msg': 'Invalid API-key, IP, or permissions for action, request ip: 49.49.230.210'}
2026-05-15 05:18:58,952 - WARNING - 💥 Loop error: Signed GET /fapi/v2/balance failed: Binance 401: {'code': -2015, 'msg': 'Invalid API-key, IP, or permissions for action, request ip: 49.49.230.210'}
2026-05-15 05:19:21,060 - INFO - ⏱️ Time synced offset=-23ms
2026-05-15 05:19:24,165 - WARNING - 💥 Loop error: Signed GET /fapi/v2/balance failed: Binance 401: {'code': -2015, 'msg': 'Invalid API-key, IP, or permissions for action, request ip: 49.49.230.210'}
2026-05-15 05:19:48,731 - WARNING - 💥 Loop error: Signed GET /fapi/v2/balance failed: Binance 401: {'code': -2015, 'msg': 'Invalid API-key, IP, or permissions for action, request ip: 49.49.230.210'}
2026-05-15 05:20:13,521 - WARNING - 💥 Loop error: Signed GET /fapi/v2/balance failed: Binance 401: {'code': -2015, 'msg': 'Invalid API-key, IP, or permissions for action, request ip: 49.49.230.210'}
2026-05-15 05:20:38,179 - WARNING - 💥 Loop error: Signed GET /fapi/v2/balance failed: Binance 401: {'code': -2015, 'msg': 'Invalid API-key, IP, or permissions for action, request ip: 49.49.230.210'}
2026-05-15 05:21:02,975 - WARNING - 💥 Loop error: Signed GET /fapi/v2/balance failed: Binance 401: {'code': -2015, 'msg': 'Invalid API-key, IP, or permissions for action, request ip: 49.49.230.210'}
2026-05-15 05:21:27,669 - WARNING - 💥 Loop error: Signed GET /fapi/v2/balance failed: Binance 401: {'code': -2015, 'msg': 'Invalid API-key, IP, or permissions for action, request ip: 49.49.230.210'}
2026-05-15 05:21:52,312 - WARNING - 💥 Loop error: Signed GET /fapi/v2/balance failed: Binance 401: {'code': -2015, 'msg': 'Invalid API-key, IP, or permissions for action, request ip: 49.49.230.210'}
2026-05-15 05:22:18,213 - WARNING - 💥 Loop error: Signed GET /fapi/v2/balance failed: Binance 401: {'code': -2015, 'msg': 'Invalid API-key, IP, or permissions for action, request ip: 49.49.230.210'}
2026-05-15 05:22:43,719 - WARNING - 💥 Loop error: Signed GET /fapi/v2/balance failed: Binance 401: {'code': -2015, 'msg': 'Invalid API-key, IP, or permissions for action, request ip: 49.49.230.210'}
2026-05-15 05:23:08,318 - WARNING - 💥 Loop error: Signed GET /fapi/v2/balance failed: Binance 401: {'code': -2015, 'msg': 'Invalid API-key, IP, or permissions for action, request ip: 49.49.230.210'}
2026-05-15 05:23:32,944 - WARNING - 💥 Loop error: Signed GET /fapi/v2/balance failed: Binance 401: {'code': -2015, 'msg': 'Invalid API-key, IP, or permissions for action, request ip: 49.49.230.210'}
2026-05-15 05:23:57,580 - WARNING - 💥 Loop error: Signed GET /fapi/v2/balance failed: Binance 401: {'code': -2015, 'msg': 'Invalid API-key, IP, or permissions for action, request ip: 49.49.230.210'}
2026-05-15 05:24:22,370 - INFO - ⏱️ Time synced offset=-22ms
2026-05-15 05:24:22,893 - WARNING - 💥 Loop error: Signed GET /fapi/v2/balance failed: Binance 401: {'code': -2015, 'msg': 'Invalid API-key, IP, or permissions for action, request ip: 49.49.230.210'}
2026-05-15 05:24:47,728 - WARNING - 💥 Loop error: Signed GET /fapi/v2/balance failed: Binance 401: {'code': -2015, 'msg': 'Invalid API-key, IP, or permissions for action, request ip: 49.49.230.210'}
2026-05-15 05:25:12,440 - WARNING - 💥 Loop error: Signed GET /fapi/v2/balance failed: Binance 401: {'code': -2015, 'msg': 'Invalid API-key, IP, or permissions for action, request ip: 49.49.230.210'}
2026-05-15 05:25:37,231 - WARNING - 💥 Loop error: Signed GET /fapi/v2/balance failed: Binance 401: {'code': -2015, 'msg': 'Invalid API-key, IP, or permissions for action, request ip: 49.49.230.210'}
2026-05-15 05:26:01,833 - WARNING - 💥 Loop error: Signed GET /fapi/v2/balance failed: Binance 401: {'code': -2015, 'msg': 'Invalid API-key, IP, or permissions for action, request ip: 49.49.230.210'}
2026-05-15 05:26:26,557 - WARNING - 💥 Loop error: Signed GET /fapi/v2/balance failed: Binance 401: {'code': -2015, 'msg': 'Invalid API-key, IP, or permissions for action, request ip: 49.49.230.210'}
2026-05-15 05:26:51,508 - WARNING - 💥 Loop error: Signed GET /fapi/v2/balance failed: Binance 401: {'code': -2015, 'msg': 'Invalid API-key, IP, or permissions for action, request ip: 49.49.230.210'}
2026-05-15 05:27:16,321 - WARNING - 💥 Loop error: Signed GET /fapi/v2/balance failed: Binance 401: {'code': -2015, 'msg': 'Invalid API-key, IP, or permissions for action, request ip: 49.49.230.210'}
2026-05-15 05:27:42,180 - WARNING - 💥 Loop error: Signed GET /fapi/v2/balance failed: Binance 401: {'code': -2015, 'msg': 'Invalid API-key, IP, or permissions for action, request ip: 49.49.230.210'}
2026-05-15 05:28:07,224 - WARNING - 💥 Loop error: Signed GET /fapi/v2/balance failed: Binance 401: {'code': -2015, 'msg': 'Invalid API-key, IP, or permissions for action, request ip: 49.49.230.210'}
2026-05-15 05:28:31,799 - WARNING - 💥 Loop error: Signed GET /fapi/v2/balance failed: Binance 401: {'code': -2015, 'msg': 'Invalid API-key, IP, or permissions for action, request ip: 49.49.230.210'}
2026-05-15 05:28:56,464 - WARNING - 💥 Loop error: Signed GET /fapi/v2/balance failed: Binance 401: {'code': -2015, 'msg': 'Invalid API-key, IP, or permissions for action, request ip: 49.49.230.210'}
2026-05-15 05:29:21,073 - WARNING - 💥 Loop error: Signed GET /fapi/v2/balance failed: Binance 401: {'code': -2015, 'msg': 'Invalid API-key, IP, or permissions for action, request ip: 49.49.230.210'}
2026-05-15 05:29:41,674 - INFO - ⏱️ Time synced offset=-21ms
2026-05-15 05:29:47,688 - WARNING - 💥 Loop error: Signed GET /fapi/v2/balance failed: Binance 401: {'code': -2015, 'msg': 'Invalid API-key, IP, or permissions for action, request ip: 49.49.230.210'}
2026-05-15 05:30:12,425 - WARNING - 💥 Loop error: Signed GET /fapi/v2/balance failed: Binance 401: {'code': -2015, 'msg': 'Invalid API-key, IP, or permissions for action, request ip: 49.49.230.210'}
2026-05-15 05:30:37,686 - WARNING - 💥 Loop error: Signed GET /fapi/v2/balance failed: Binance 401: {'code': -2015, 'msg': 'Invalid API-key, IP, or permissions for action, request ip: 49.49.230.210'}
2026-05-15 05:31:02,366 - WARNING - 💥 Loop error: Signed GET /fapi/v2/balance failed: Binance 401: {'code': -2015, 'msg': 'Invalid API-key, IP, or permissions for action, request ip: 49.49.230.210'}
2026-05-15 05:31:27,037 - WARNING - 💥 Loop error: Signed GET /fapi/v2/balance failed: Binance 401: {'code': -2015, 'msg': 'Invalid API-key, IP, or permissions for action, request ip: 49.49.230.210'}
2026-05-15 05:31:51,644 - WARNING - 💥 Loop error: Signed GET /fapi/v2/balance failed: Binance 401: {'code': -2015, 'msg': 'Invalid API-key, IP, or permissions for action, request ip: 49.49.230.210'}
2026-05-15 05:32:16,900 - WARNING - 💥 Loop error: Signed GET /fapi/v2/balance failed: Binance 401: {'code': -2015, 'msg': 'Invalid API-key, IP, or permissions for action, request ip: 49.49.230.210'}
2026-05-15 05:32:43,083 - WARNING - 💥 Loop error: Signed GET /fapi/v2/balance failed: Binance 401: {'code': -2015, 'msg': 'Invalid API-key, IP, or permissions for action, request ip: 49.49.230.210'}
2026-05-15 05:33:08,959 - WARNING - 💥 Loop error: Signed GET /fapi/v2/balance failed: Binance 401: {'code': -2015, 'msg': 'Invalid API-key, IP, or permissions for action, request ip: 49.49.230.210'}
2026-05-15 05:33:33,625 - WARNING - 💥 Loop error: Signed GET /fapi/v2/balance failed: Binance 401: {'code': -2015, 'msg': 'Invalid API-key, IP, or permissions for action, request ip: 49.49.230.210'}
2026-05-15 05:33:58,256 - WARNING - 💥 Loop error: Signed GET /fapi/v2/balance failed: Binance 401: {'code': -2015, 'msg': 'Invalid API-key, IP, or permissions for action, request ip: 49.49.230.210'}
2026-05-15 05:34:22,844 - WARNING - 💥 Loop error: Signed GET /fapi/v2/balance failed: Binance 401: {'code': -2015, 'msg': 'Invalid API-key, IP, or permissions for action, request ip: 49.49.230.210'}
2026-05-15 05:34:43,401 - INFO - ⏱️ Time synced offset=-26ms
2026-05-15 05:34:48,289 - WARNING - 💥 Loop error: Signed GET /fapi/v2/balance failed: Binance 401: {'code': -2015, 'msg': 'Invalid API-key, IP, or permissions for action, request ip: 49.49.230.210'}
2026-05-15 05:35:13,078 - WARNING - 💥 Loop error: Signed GET /fapi/v2/balance failed: Binance 401: {'code': -2015, 'msg': 'Invalid API-key, IP, or permissions for action, request ip: 49.49.230.210'}
2026-05-15 05:35:37,877 - WARNING - 💥 Loop error: Signed GET /fapi/v2/balance failed: Binance 401: {'code': -2015, 'msg': 'Invalid API-key, IP, or permissions for action, request ip: 49.49.230.210'}
2026-05-15 05:36:02,683 - WARNING - 💥 Loop error: Signed GET /fapi/v2/balance failed: Binance 401: {'code': -2015, 'msg': 'Invalid API-key, IP, or permissions for action, request ip: 49.49.230.210'}
2026-05-15 05:36:27,336 - WARNING - 💥 Loop error: Signed GET /fapi/v2/balance failed: Binance 401: {'code': -2015, 'msg': 'Invalid API-key, IP, or permissions for action, request ip: 49.49.230.210'}
2026-05-15 05:36:52,051 - WARNING - 💥 Loop error: Signed GET /fapi/v2/balance failed: Binance 401: {'code': -2015, 'msg': 'Invalid API-key, IP, or permissions for action, request ip: 49.49.230.210'}
2026-05-15 05:37:16,872 - WARNING - 💥 Loop error: Signed GET /fapi/v2/balance failed: Binance 401: {'code': -2015, 'msg': 'Invalid API-key, IP, or permissions for action, request ip: 49.49.230.210'}
2026-05-15 05:37:42,055 - WARNING - 💥 Loop error: Signed GET /fapi/v2/balance failed: Binance 401: {'code': -2015, 'msg': 'Invalid API-key, IP, or permissions for action, request ip: 49.49.230.210'}
2026-05-15 05:38:08,541 - WARNING - 💥 Loop error: Signed GET /fapi/v2/balance failed: Binance 401: {'code': -2015, 'msg': 'Invalid API-key, IP, or permissions for action, request ip: 49.49.230.210'}
2026-05-15 05:38:33,226 - WARNING - 💥 Loop error: Signed GET /fapi/v2/balance failed: Binance 401: {'code': -2015, 'msg': 'Invalid API-key, IP, or permissions for action, request ip: 49.49.230.210'}
2026-05-15 05:38:57,850 - WARNING - 💥 Loop error: Signed GET /fapi/v2/balance failed: Binance 401: {'code': -2015, 'msg': 'Invalid API-key, IP, or permissions for action, request ip: 49.49.230.210'}
2026-05-15 05:39:22,590 - WARNING - 💥 Loop error: Signed GET /fapi/v2/balance failed: Binance 401: {'code': -2015, 'msg': 'Invalid API-key, IP, or permissions for action, request ip: 49.49.230.210'}
2026-05-15 05:39:44,767 - INFO - ⏱️ Time synced offset=-29ms
2026-05-15 05:39:47,858 - WARNING - 💥 Loop error: Signed GET /fapi/v2/balance failed: Binance 401: {'code': -2015, 'msg': 'Invalid API-key, IP, or permissions for action, request ip: 49.49.230.210'}
2026-05-15 05:40:12,493 - WARNING - 💥 Loop error: Signed GET /fapi/v2/balance failed: Binance 401: {'code': -2015, 'msg': 'Invalid API-key, IP, or permissions for action, request ip: 49.49.230.210'}
2026-05-15 05:40:37,238 - WARNING - 💥 Loop error: Signed GET /fapi/v2/balance failed: Binance 401: {'code': -2015, 'msg': 'Invalid API-key, IP, or permissions for action, request ip: 49.49.230.210'}
2026-05-15 05:41:01,870 - WARNING - 💥 Loop error: Signed GET /fapi/v2/balance failed: Binance 401: {'code': -2015, 'msg': 'Invalid API-key, IP, or permissions for action, request ip: 49.49.230.210'}
2026-05-15 05:41:26,604 - WARNING - 💥 Loop error: Signed GET /fapi/v2/balance failed: Binance 401: {'code': -2015, 'msg': 'Invalid API-key, IP, or permissions for action, request ip: 49.49.230.210'}
2026-05-15 05:41:51,515 - WARNING - 💥 Loop error: Signed GET /fapi/v2/balance failed: Binance 401: {'code': -2015, 'msg': 'Invalid API-key, IP, or permissions for action, request ip: 49.49.230.210'}
2026-05-15 05:42:16,191 - WARNING - 💥 Loop error: Signed GET /fapi/v2/balance failed: Binance 401: {'code': -2015, 'msg': 'Invalid API-key, IP, or permissions for action, request ip: 49.49.230.210'}
2026-05-15 05:42:40,791 - WARNING - 💥 Loop error: Signed GET /fapi/v2/balance failed: Binance 401: {'code': -2015, 'msg': 'Invalid API-key, IP, or permissions for action, request ip: 49.49.230.210'}
2026-05-15 05:43:05,415 - WARNING - 💥 Loop error: Signed GET /fapi/v2/balance failed: Binance 401: {'code': -2015, 'msg': 'Invalid API-key, IP, or permissions for action, request ip: 49.49.230.210'}
2026-05-15 05:43:31,414 - WARNING - 💥 Loop error: Signed GET /fapi/v2/balance failed: Binance 401: {'code': -2015, 'msg': 'Invalid API-key, IP, or permissions for action, request ip: 49.49.230.210'}
2026-05-15 05:43:56,054 - WARNING - 💥 Loop error: Signed GET /fapi/v2/balance failed: Binance 401: {'code': -2015, 'msg': 'Invalid API-key, IP, or permissions for action, request ip: 49.49.230.210'}
2026-05-15 05:44:20,756 - WARNING - 💥 Loop error: Signed GET /fapi/v2/balance failed: Binance 401: {'code': -2015, 'msg': 'Invalid API-key, IP, or permissions for action, request ip: 49.49.230.210'}
2026-05-15 05:44:46,026 - INFO - ⏱️ Time synced offset=-36ms
2026-05-15 05:44:46,563 - WARNING - 💥 Loop error: Signed GET /fapi/v2/balance failed: Binance 401: {'code': -2015, 'msg': 'Invalid API-key, IP, or permissions for action, request ip: 49.49.230.210'}
2026-05-15 05:45:11,197 - WARNING - 💥 Loop error: Signed GET /fapi/v2/balance failed: Binance 401: {'code': -2015, 'msg': 'Invalid API-key, IP, or permissions for action, request ip: 49.49.230.210'}
2026-05-15 05:45:35,810 - WARNING - 💥 Loop error: Signed GET /fapi/v2/balance failed: Binance 401: {'code': -2015, 'msg': 'Invalid API-key, IP, or permissions for action, request ip: 49.49.230.210'}
2026-05-15 05:46:00,410 - WARNING - 💥 Loop error: Signed GET /fapi/v2/balance failed: Binance 401: {'code': -2015, 'msg': 'Invalid API-key, IP, or permissions for action, request ip: 49.49.230.210'}
2026-05-15 05:46:25,131 - WARNING - 💥 Loop error: Signed GET /fapi/v2/balance failed: Binance 401: {'code': -2015, 'msg': 'Invalid API-key, IP, or permissions for action, request ip: 49.49.230.210'}
2026-05-15 05:46:52,298 - WARNING - 💥 Loop error: Signed GET /fapi/v2/balance failed: Binance 401: {'code': -2015, 'msg': 'Invalid API-key, IP, or permissions for action, request ip: 49.49.230.210'}
2026-05-15 05:47:16,856 - WARNING - 💥 Loop error: Signed GET /fapi/v2/balance failed: Binance 401: {'code': -2015, 'msg': 'Invalid API-key, IP, or permissions for action, request ip: 49.49.230.210'}
2026-05-15 05:47:41,548 - WARNING - 💥 Loop error: Signed GET /fapi/v2/balance failed: Binance 401: {'code': -2015, 'msg': 'Invalid API-key, IP, or permissions for action, request ip: 49.49.230.210'}
2026-05-15 05:48:06,478 - WARNING - 💥 Loop error: Signed GET /fapi/v2/balance failed: Binance 401: {'code': -2015, 'msg': 'Invalid API-key, IP, or permissions for action, request ip: 49.49.230.210'}
2026-05-15 05:48:32,363 - WARNING - 💥 Loop error: Signed GET /fapi/v2/balance failed: Binance 401: {'code': -2015, 'msg': 'Invalid API-key, IP, or permissions for action, request ip: 49.49.230.210'}
2026-05-15 05:48:56,941 - WARNING - 💥 Loop error: Signed GET /fapi/v2/balance failed: Binance 401: {'code': -2015, 'msg': 'Invalid API-key, IP, or permissions for action, request ip: 49.49.230.210'}
2026-05-15 05:49:21,579 - WARNING - 💥 Loop error: Signed GET /fapi/v2/balance failed: Binance 401: {'code': -2015, 'msg': 'Invalid API-key, IP, or permissions for action, request ip: 49.49.230.210'}
2026-05-15 05:49:46,356 - WARNING - 💥 Loop error: Signed GET /fapi/v2/balance failed: Binance 401: {'code': -2015, 'msg': 'Invalid API-key, IP, or permissions for action, request ip: 49.49.230.210'}
2026-05-15 05:50:06,896 - INFO - ⏱️ Time synced offset=-35ms
2026-05-15 05:50:11,502 - WARNING - 💥 Loop error: Signed GET /fapi/v2/balance failed: Binance 401: {'code': -2015, 'msg': 'Invalid API-key, IP, or permissions for action, request ip: 49.49.230.210'}
2026-05-15 05:50:36,633 - WARNING - 💥 Loop error: Signed GET /fapi/v2/balance failed: Binance 401: {'code': -2015, 'msg': 'Invalid API-key, IP, or permissions for action, request ip: 49.49.230.210'}
2026-05-15 05:51:01,182 - WARNING - 💥 Loop error: Signed GET /fapi/v2/balance failed: Binance 401: {'code': -2015, 'msg': 'Invalid API-key, IP, or permissions for action, request ip: 49.49.230.210'}
2026-05-15 05:51:25,814 - WARNING - 💥 Loop error: Signed GET /fapi/v2/balance failed: Binance 401: {'code': -2015, 'msg': 'Invalid API-key, IP, or permissions for action, request ip: 49.49.230.210'}
2026-05-15 05:51:50,399 - WARNING - 💥 Loop error: Signed GET /fapi/v2/balance failed: Binance 401: {'code': -2015, 'msg': 'Invalid API-key, IP, or permissions for action, request ip: 49.49.230.210'}
2026-05-15 05:52:15,988 - WARNING - 💥 Loop error: Signed GET /fapi/v2/balance failed: Binance 401: {'code': -2015, 'msg': 'Invalid API-key, IP, or permissions for action, request ip: 49.49.230.210'}
2026-05-15 05:52:42,727 - WARNING - 💥 Loop error: Signed GET /fapi/v2/balance failed: Binance 401: {'code': -2015, 'msg': 'Invalid API-key, IP, or permissions for action, request ip: 49.49.230.210'}
2026-05-15 05:53:08,295 - WARNING - 💥 Loop error: Signed GET /fapi/v2/balance failed: Binance 401: {'code': -2015, 'msg': 'Invalid API-key, IP, or permissions for action, request ip: 49.49.230.210'}
2026-05-15 05:53:34,876 - WARNING - 💥 Loop error: Signed GET /fapi/v2/balance failed: Binance 401: {'code': -2015, 'msg': 'Invalid API-key, IP, or permissions for action, request ip: 49.49.230.210'}
2026-05-15 05:53:59,718 - WARNING - 💥 Loop error: Signed GET /fapi/v2/balance failed: Binance 401: {'code': -2015, 'msg': 'Invalid API-key, IP, or permissions for action, request ip: 49.49.230.210'}
2026-05-15 05:54:26,291 - WARNING - 💥 Loop error: Signed GET /fapi/v2/balance failed: Binance 401: {'code': -2015, 'msg': 'Invalid API-key, IP, or permissions for action, request ip: 49.49.230.210'}
2026-05-15 05:54:51,362 - WARNING - 💥 Loop error: Signed GET /fapi/v2/balance failed: Binance 401: {'code': -2015, 'msg': 'Invalid API-key, IP, or permissions for action, request ip: 49.49.230.210'}
2026-05-15 05:55:12,473 - INFO - ⏱️ Time synced offset=-37ms
2026-05-15 05:55:19,017 - WARNING - 💥 Loop error: Signed GET /fapi/v2/balance failed: Binance 401: {'code': -2015, 'msg': 'Invalid API-key, IP, or permissions for action, request ip: 49.49.230.210'}
2026-05-15 05:55:44,171 - WARNING - 💥 Loop error: Signed GET /fapi/v2/balance failed: Binance 401: {'code': -2015, 'msg': 'Invalid API-key, IP, or permissions for action, request ip: 49.49.230.210'}
2026-05-15 05:56:08,938 - WARNING - 💥 Loop error: Signed GET /fapi/v2/balance failed: Binance 401: {'code': -2015, 'msg': 'Invalid API-key, IP, or permissions for action, request ip: 49.49.230.210'}
2026-05-15 05:56:33,518 - WARNING - 💥 Loop error: Signed GET /fapi/v2/balance failed: Binance 401: {'code': -2015, 'msg': 'Invalid API-key, IP, or permissions for action, request ip: 49.49.230.210'}
2026-05-15 05:56:58,141 - WARNING - 💥 Loop error: Signed GET /fapi/v2/balance failed: Binance 401: {'code': -2015, 'msg': 'Invalid API-key, IP, or permissions for action, request ip: 49.49.230.210'}
2026-05-15 05:57:22,781 - WARNING - 💥 Loop error: Signed GET /fapi/v2/balance failed: Binance 401: {'code': -2015, 'msg': 'Invalid API-key, IP, or permissions for action, request ip: 49.49.230.210'}
2026-05-15 05:57:48,492 - WARNING - 💥 Loop error: Signed GET /fapi/v2/balance failed: Binance 401: {'code': -2015, 'msg': 'Invalid API-key, IP, or permissions for action, request ip: 49.49.230.210'}
2026-05-15 05:58:13,111 - WARNING - 💥 Loop error: Signed GET /fapi/v2/balance failed: Binance 401: {'code': -2015, 'msg': 'Invalid API-key, IP, or permissions for action, request ip: 49.49.230.210'}
2026-05-15 05:58:39,486 - WARNING - 💥 Loop error: Signed GET /fapi/v2/balance failed: Binance 401: {'code': -2015, 'msg': 'Invalid API-key, IP, or permissions for action, request ip: 49.49.230.210'}
2026-05-15 05:59:04,161 - WARNING - 💥 Loop error: Signed GET /fapi/v2/balance failed: Binance 401: {'code': -2015, 'msg': 'Invalid API-key, IP, or permissions for action, request ip: 49.49.230.210'}
2026-05-15 05:59:28,731 - WARNING - 💥 Loop error: Signed GET /fapi/v2/balance failed: Binance 401: {'code': -2015, 'msg': 'Invalid API-key, IP, or permissions for action, request ip: 49.49.230.210'}
2026-05-15 05:59:53,463 - WARNING - 💥 Loop error: Signed GET /fapi/v2/balance failed: Binance 401: {'code': -2015, 'msg': 'Invalid API-key, IP, or permissions for action, request ip: 49.49.230.210'}
2026-05-15 06:00:14,008 - INFO - ⏱️ Time synced offset=-42ms
2026-05-15 06:00:18,638 - WARNING - 💥 Loop error: Signed GET /fapi/v2/balance failed: Binance 401: {'code': -2015, 'msg': 'Invalid API-key, IP, or permissions for action, request ip: 49.49.230.210'}
2026-05-15 06:00:43,391 - WARNING - 💥 Loop error: Signed GET /fapi/v2/balance failed: Binance 401: {'code': -2015, 'msg': 'Invalid API-key, IP, or permissions for action, request ip: 49.49.230.210'}
2026-05-15 06:01:10,540 - WARNING - 💥 Loop error: Signed GET /fapi/v2/balance failed: Binance 401: {'code': -2015, 'msg': 'Invalid API-key, IP, or permissions for action, request ip: 49.49.230.210'}
2026-05-15 06:01:35,335 - WARNING - 💥 Loop error: Signed GET /fapi/v2/balance failed: Binance 401: {'code': -2015, 'msg': 'Invalid API-key, IP, or permissions for action, request ip: 49.49.230.210'}
2026-05-15 06:01:59,927 - WARNING - 💥 Loop error: Signed GET /fapi/v2/balance failed: Binance 401: {'code': -2015, 'msg': 'Invalid API-key, IP, or permissions for action, request ip: 49.49.230.210'}
2026-05-15 06:02:24,725 - WARNING - 💥 Loop error: Signed GET /fapi/v2/balance failed: Binance 401: {'code': -2015, 'msg': 'Invalid API-key, IP, or permissions for action, request ip: 49.49.230.210'}
2026-05-15 06:02:49,408 - WARNING - 💥 Loop error: Signed GET /fapi/v2/balance failed: Binance 401: {'code': -2015, 'msg': 'Invalid API-key, IP, or permissions for action, request ip: 49.49.230.210'}
2026-05-15 06:03:14,178 - WARNING - 💥 Loop error: Signed GET /fapi/v2/balance failed: Binance 401: {'code': -2015, 'msg': 'Invalid API-key, IP, or permissions for action, request ip: 49.49.230.210'}
2026-05-15 06:03:39,951 - WARNING - 💥 Loop error: Signed GET /fapi/v2/balance failed: Binance 401: {'code': -2015, 'msg': 'Invalid API-key, IP, or permissions for action, request ip: 49.49.230.210'}
2026-05-15 06:04:04,790 - WARNING - 💥 Loop error: Signed GET /fapi/v2/balance failed: Binance 401: {'code': -2015, 'msg': 'Invalid API-key, IP, or permissions for action, request ip: 49.49.230.210'}
2026-05-15 06:04:29,499 - WARNING - 💥 Loop error: Signed GET /fapi/v2/balance failed: Binance 401: {'code': -2015, 'msg': 'Invalid API-key, IP, or permissions for action, request ip: 49.49.230.210'}
2026-05-15 06:04:54,466 - WARNING - 💥 Loop error: Signed GET /fapi/v2/balance failed: Binance 401: {'code': -2015, 'msg': 'Invalid API-key, IP, or permissions for action, request ip: 49.49.230.210'}
2026-05-15 06:05:15,025 - INFO - ⏱️ Time synced offset=-40ms
2026-05-15 06:05:21,305 - WARNING - 💥 Loop error: Signed GET /fapi/v2/balance failed: Binance 401: {'code': -2015, 'msg': 'Invalid API-key, IP, or permissions for action, request ip: 49.49.230.210'}
2026-05-15 06:05:46,096 - WARNING - 💥 Loop error: Signed GET /fapi/v2/balance failed: Binance 401: {'code': -2015, 'msg': 'Invalid API-key, IP, or permissions for action, request ip: 49.49.230.210'}
2026-05-15 06:06:11,554 - WARNING - 💥 Loop error: Signed GET /fapi/v2/balance failed: Binance 401: {'code': -2015, 'msg': 'Invalid API-key, IP, or permissions for action, request ip: 49.49.230.210'}
2026-05-15 06:06:36,355 - WARNING - 💥 Loop error: Signed GET /fapi/v2/balance failed: Binance 401: {'code': -2015, 'msg': 'Invalid API-key, IP, or permissions for action, request ip: 49.49.230.210'}
2026-05-15 06:07:01,092 - WARNING - 💥 Loop error: Signed GET /fapi/v2/balance failed: Binance 401: {'code': -2015, 'msg': 'Invalid API-key, IP, or permissions for action, request ip: 49.49.230.210'}
2026-05-15 06:07:25,719 - WARNING - 💥 Loop error: Signed GET /fapi/v2/balance failed: Binance 401: {'code': -2015, 'msg': 'Invalid API-key, IP, or permissions for action, request ip: 49.49.230.210'}
2026-05-15 06:07:50,382 - WARNING - 💥 Loop error: Signed GET /fapi/v2/balance failed: Binance 401: {'code': -2015, 'msg': 'Invalid API-key, IP, or permissions for action, request ip: 49.49.230.210'}
2026-05-15 06:08:16,085 - WARNING - 💥 Loop error: Signed GET /fapi/v2/balance failed: Binance 401: {'code': -2015, 'msg': 'Invalid API-key, IP, or permissions for action, request ip: 49.49.230.210'}
2026-05-15 06:08:42,232 - WARNING - 💥 Loop error: Signed GET /fapi/v2/balance failed: Binance 401: {'code': -2015, 'msg': 'Invalid API-key, IP, or permissions for action, request ip: 49.49.230.210'}
2026-05-15 06:09:07,378 - WARNING - 💥 Loop error: Signed GET /fapi/v2/balance failed: Binance 401: {'code': -2015, 'msg': 'Invalid API-key, IP, or permissions for action, request ip: 49.49.230.210'}
2026-05-15 06:09:31,979 - WARNING - 💥 Loop error: Signed GET /fapi/v2/balance failed: Binance 401: {'code': -2015, 'msg': 'Invalid API-key, IP, or permissions for action, request ip: 49.49.230.210'}
2026-05-15 06:09:56,676 - WARNING - 💥 Loop error: Signed GET /fapi/v2/balance failed: Binance 401: {'code': -2015, 'msg': 'Invalid API-key, IP, or permissions for action, request ip: 49.49.230.210'}
2026-05-15 06:10:17,288 - INFO - ⏱️ Time synced offset=-43ms
2026-05-15 06:10:21,954 - WARNING - 💥 Loop error: Signed GET /fapi/v2/balance failed: Binance 401: {'code': -2015, 'msg': 'Invalid API-key, IP, or permissions for action, request ip: 49.49.230.210'}
2026-05-15 06:10:46,665 - WARNING - 💥 Loop error: Signed GET /fapi/v2/balance failed: Binance 401: {'code': -2015, 'msg': 'Invalid API-key, IP, or permissions for action, request ip: 49.49.230.210'}
2026-05-15 06:11:11,280 - WARNING - 💥 Loop error: Signed GET /fapi/v2/balance failed: Binance 401: {'code': -2015, 'msg': 'Invalid API-key, IP, or permissions for action, request ip: 49.49.230.210'}
2026-05-15 06:11:36,448 - WARNING - 💥 Loop error: Signed GET /fapi/v2/balance failed: Binance 401: {'code': -2015, 'msg': 'Invalid API-key, IP, or permissions for action, request ip: 49.49.230.210'}
2026-05-15 06:12:01,004 - WARNING - 💥 Loop error: Signed GET /fapi/v2/balance failed: Binance 401: {'code': -2015, 'msg': 'Invalid API-key, IP, or permissions for action, request ip: 49.49.230.210'}
2026-05-15 06:12:25,774 - WARNING - 💥 Loop error: Signed GET /fapi/v2/balance failed: Binance 401: {'code': -2015, 'msg': 'Invalid API-key, IP, or permissions for action, request ip: 49.49.230.210'}
2026-05-15 06:12:50,482 - WARNING - 💥 Loop error: Signed GET /fapi/v2/balance failed: Binance 401: {'code': -2015, 'msg': 'Invalid API-key, IP, or permissions for action, request ip: 49.49.230.210'}
2026-05-15 06:13:15,443 - WARNING - 💥 Loop error: Signed GET /fapi/v2/balance failed: Binance 401: {'code': -2015, 'msg': 'Invalid API-key, IP, or permissions for action, request ip: 49.49.230.210'}
2026-05-15 06:13:40,033 - WARNING - 💥 Loop error: Signed GET /fapi/v2/balance failed: Binance 401: {'code': -2015, 'msg': 'Invalid API-key, IP, or permissions for action, request ip: 49.49.230.210'}
2026-05-15 06:14:06,073 - WARNING - 💥 Loop error: Signed GET /fapi/v2/balance failed: Binance 401: {'code': -2015, 'msg': 'Invalid API-key, IP, or permissions for action, request ip: 49.49.230.210'}
2026-05-15 06:14:30,735 - WARNING - 💥 Loop error: Signed GET /fapi/v2/balance failed: Binance 401: {'code': -2015, 'msg': 'Invalid API-key, IP, or permissions for action, request ip: 49.49.230.210'}
2026-05-15 06:14:55,410 - WARNING - 💥 Loop error: Signed GET /fapi/v2/balance failed: Binance 401: {'code': -2015, 'msg': 'Invalid API-key, IP, or permissions for action, request ip: 49.49.230.210'}
2026-05-15 06:15:17,867 - INFO - ⏱️ Time synced offset=-46ms
2026-05-15 06:15:20,961 - WARNING - 💥 Loop error: Signed GET /fapi/v2/balance failed: Binance 401: {'code': -2015, 'msg': 'Invalid API-key, IP, or permissions for action, request ip: 49.49.230.210'}
2026-05-15 06:15:45,677 - WARNING - 💥 Loop error: Signed GET /fapi/v2/balance failed: Binance 401: {'code': -2015, 'msg': 'Invalid API-key, IP, or permissions for action, request ip: 49.49.230.210'}
2026-05-15 06:16:10,351 - WARNING - 💥 Loop error: Signed GET /fapi/v2/balance failed: Binance 401: {'code': -2015, 'msg': 'Invalid API-key, IP, or permissions for action, request ip: 49.49.230.210'}
2026-05-15 06:16:35,081 - WARNING - 💥 Loop error: Signed GET /fapi/v2/balance failed: Binance 401: {'code': -2015, 'msg': 'Invalid API-key, IP, or permissions for action, request ip: 49.49.230.210'}
2026-05-15 06:17:00,440 - WARNING - 💥 Loop error: Signed GET /fapi/v2/balance failed: Binance 401: {'code': -2015, 'msg': 'Invalid API-key, IP, or permissions for action, request ip: 49.49.230.210'}
2026-05-15 06:17:25,573 - WARNING - 💥 Loop error: Signed GET /fapi/v2/balance failed: Binance 401: {'code': -2015, 'msg': 'Invalid API-key, IP, or permissions for action, request ip: 49.49.230.210'}
2026-05-15 06:17:50,941 - WARNING - 💥 Loop error: Signed GET /fapi/v2/balance failed: Binance 401: {'code': -2015, 'msg': 'Invalid API-key, IP, or permissions for action, request ip: 49.49.230.210'}
2026-05-15 06:18:15,580 - WARNING - 💥 Loop error: Signed GET /fapi/v2/balance failed: Binance 401: {'code': -2015, 'msg': 'Invalid API-key, IP, or permissions for action, request ip: 49.49.230.210'}
2026-05-15 06:18:40,274 - WARNING - 💥 Loop error: Signed GET /fapi/v2/balance failed: Binance 401: {'code': -2015, 'msg': 'Invalid API-key, IP, or permissions for action, request ip: 49.49.230.210'}
2026-05-15 06:19:06,886 - WARNING - 💥 Loop error: Signed GET /fapi/v2/balance failed: Binance 401: {'code': -2015, 'msg': 'Invalid API-key, IP, or permissions for action, request ip: 49.49.230.210'}
2026-05-15 06:19:31,586 - WARNING - 💥 Loop error: Signed GET /fapi/v2/balance failed: Binance 401: {'code': -2015, 'msg': 'Invalid API-key, IP, or permissions for action, request ip: 49.49.230.210'}
2026-05-15 06:19:56,286 - WARNING - 💥 Loop error: Signed GET /fapi/v2/balance failed: Binance 401: {'code': -2015, 'msg': 'Invalid API-key, IP, or permissions for action, request ip: 49.49.230.210'}
2026-05-15 06:20:20,889 - INFO - ⏱️ Time synced offset=-42ms
2026-05-15 06:20:21,508 - WARNING - 💥 Loop error: Signed GET /fapi/v2/balance failed: Binance 401: {'code': -2015, 'msg': 'Invalid API-key, IP, or permissions for action, request ip: 49.49.230.210'}
2026-05-15 06:20:46,351 - WARNING - 💥 Loop error: Signed GET /fapi/v2/balance failed: Binance 401: {'code': -2015, 'msg': 'Invalid API-key, IP, or permissions for action, request ip: 49.49.230.210'}
2026-05-15 06:21:10,996 - WARNING - 💥 Loop error: Signed GET /fapi/v2/balance failed: Binance 401: {'code': -2015, 'msg': 'Invalid API-key, IP, or permissions for action, request ip: 49.49.230.210'}
2026-05-15 06:21:35,971 - WARNING - 💥 Loop error: Signed GET /fapi/v2/balance failed: Binance 401: {'code': -2015, 'msg': 'Invalid API-key, IP, or permissions for action, request ip: 49.49.230.210'}
2026-05-15 06:22:01,374 - WARNING - 💥 Loop error: Signed GET /fapi/v2/balance failed: Binance 401: {'code': -2015, 'msg': 'Invalid API-key, IP, or permissions for action, request ip: 49.49.230.210'}
2026-05-15 06:22:26,016 - WARNING - 💥 Loop error: Signed GET /fapi/v2/balance failed: Binance 401: {'code': -2015, 'msg': 'Invalid API-key, IP, or permissions for action, request ip: 49.49.230.210'}
2026-05-15 06:22:50,770 - WARNING - 💥 Loop error: Signed GET /fapi/v2/balance failed: Binance 401: {'code': -2015, 'msg': 'Invalid API-key, IP, or permissions for action, request ip: 49.49.230.210'}
2026-05-15 06:23:15,581 - WARNING - 💥 Loop error: Signed GET /fapi/v2/balance failed: Binance 401: {'code': -2015, 'msg': 'Invalid API-key, IP, or permissions for action, request ip: 49.49.230.210'}
2026-05-15 06:23:40,278 - WARNING - 💥 Loop error: Signed GET /fapi/v2/balance failed: Binance 401: {'code': -2015, 'msg': 'Invalid API-key, IP, or permissions for action, request ip: 49.49.230.210'}
2026-05-15 06:24:06,165 - WARNING - 💥 Loop error: Signed GET /fapi/v2/balance failed: Binance 401: {'code': -2015, 'msg': 'Invalid API-key, IP, or permissions for action, request ip: 49.49.230.210'}
2026-05-15 06:24:30,732 - WARNING - 💥 Loop error: Signed GET /fapi/v2/balance failed: Binance 401: {'code': -2015, 'msg': 'Invalid API-key, IP, or permissions for action, request ip: 49.49.230.210'}
2026-05-15 06:24:55,344 - WARNING - 💥 Loop error: Signed GET /fapi/v2/balance failed: Binance 401: {'code': -2015, 'msg': 'Invalid API-key, IP, or permissions for action, request ip: 49.49.230.210'}
2026-05-15 06:25:19,932 - WARNING - 💥 Loop error: Signed GET /fapi/v2/balance failed: Binance 401: {'code': -2015, 'msg': 'Invalid API-key, IP, or permissions for action, request ip: 49.49.230.210'}
2026-05-15 06:25:40,511 - INFO - ⏱️ Time synced offset=-44ms
2026-05-15 06:25:45,059 - WARNING - 💥 Loop error: Signed GET /fapi/v2/balance failed: Binance 401: {'code': -2015, 'msg': 'Invalid API-key, IP, or permissions for action, request ip: 49.49.230.210'}
2026-05-15 06:26:09,747 - WARNING - 💥 Loop error: Signed GET /fapi/v2/balance failed: Binance 401: {'code': -2015, 'msg': 'Invalid API-key, IP, or permissions for action, request ip: 49.49.230.210'}
2026-05-15 06:26:34,441 - WARNING - 💥 Loop error: Signed GET /fapi/v2/balance failed: Binance 401: {'code': -2015, 'msg': 'Invalid API-key, IP, or permissions for action, request ip: 49.49.230.210'}
2026-05-15 06:26:59,081 - WARNING - 💥 Loop error: Signed GET /fapi/v2/balance failed: Binance 401: {'code': -2015, 'msg': 'Invalid API-key, IP, or permissions for action, request ip: 49.49.230.210'}
2026-05-15 06:27:23,711 - WARNING - 💥 Loop error: Signed GET /fapi/v2/balance failed: Binance 401: {'code': -2015, 'msg': 'Invalid API-key, IP, or permissions for action, request ip: 49.49.230.210'}
2026-05-15 06:27:48,476 - WARNING - 💥 Loop error: Signed GET /fapi/v2/balance failed: Binance 401: {'code': -2015, 'msg': 'Invalid API-key, IP, or permissions for action, request ip: 49.49.230.210'}
2026-05-15 06:28:13,294 - WARNING - 💥 Loop error: Signed GET /fapi/v2/balance failed: Binance 401: {'code': -2015, 'msg': 'Invalid API-key, IP, or permissions for action, request ip: 49.49.230.210'}
2026-05-15 06:28:37,957 - WARNING - 💥 Loop error: Signed GET /fapi/v2/balance failed: Binance 401: {'code': -2015, 'msg': 'Invalid API-key, IP, or permissions for action, request ip: 49.49.230.210'}
2026-05-15 06:29:02,634 - WARNING - 💥 Loop error: Signed GET /fapi/v2/balance failed: Binance 401: {'code': -2015, 'msg': 'Invalid API-key, IP, or permissions for action, request ip: 49.49.230.210'}
2026-05-15 06:29:28,413 - WARNING - 💥 Loop error: Signed GET /fapi/v2/balance failed: Binance 401: {'code': -2015, 'msg': 'Invalid API-key, IP, or permissions for action, request ip: 49.49.230.210'}
2026-05-15 06:29:53,127 - WARNING - 💥 Loop error: Signed GET /fapi/v2/balance failed: Binance 401: {'code': -2015, 'msg': 'Invalid API-key, IP, or permissions for action, request ip: 49.49.230.210'}
2026-05-15 06:30:17,747 - WARNING - 💥 Loop error: Signed GET /fapi/v2/balance failed: Binance 401: {'code': -2015, 'msg': 'Invalid API-key, IP, or permissions for action, request ip: 49.49.230.210'}
2026-05-15 06:30:42,432 - INFO - ⏱️ Time synced offset=-46ms
2026-05-15 06:30:43,022 - WARNING - 💥 Loop error: Signed GET /fapi/v2/balance failed: Binance 401: {'code': -2015, 'msg': 'Invalid API-key, IP, or permissions for action, request ip: 49.49.230.210'}
2026-05-15 06:31:07,697 - WARNING - 💥 Loop error: Signed GET /fapi/v2/balance failed: Binance 401: {'code': -2015, 'msg': 'Invalid API-key, IP, or permissions for action, request ip: 49.49.230.210'}
2026-05-15 06:31:32,279 - WARNING - 💥 Loop error: Signed GET /fapi/v2/balance failed: Binance 401: {'code': -2015, 'msg': 'Invalid API-key, IP, or permissions for action, request ip: 49.49.230.210'}
2026-05-15 06:31:56,956 - WARNING - 💥 Loop error: Signed GET /fapi/v2/balance failed: Binance 401: {'code': -2015, 'msg': 'Invalid API-key, IP, or permissions for action, request ip: 49.49.230.210'}
2026-05-15 06:32:22,202 - WARNING - 💥 Loop error: Signed GET /fapi/v2/balance failed: Binance 401: {'code': -2015, 'msg': 'Invalid API-key, IP, or permissions for action, request ip: 49.49.230.210'}
2026-05-15 06:32:47,269 - WARNING - 💥 Loop error: Signed GET /fapi/v2/balance failed: Binance 401: {'code': -2015, 'msg': 'Invalid API-key, IP, or permissions for action, request ip: 49.49.230.210'}
2026-05-15 06:33:11,992 - WARNING - 💥 Loop error: Signed GET /fapi/v2/balance failed: Binance 401: {'code': -2015, 'msg': 'Invalid API-key, IP, or permissions for action, request ip: 49.49.230.210'}
2026-05-15 06:33:36,872 - WARNING - 💥 Loop error: Signed GET /fapi/v2/balance failed: Binance 401: {'code': -2015, 'msg': 'Invalid API-key, IP, or permissions for action, request ip: 49.49.230.210'}
2026-05-15 06:34:03,116 - WARNING - 💥 Loop error: Signed GET /fapi/v2/balance failed: Binance 401: {'code': -2015, 'msg': 'Invalid API-key, IP, or permissions for action, request ip: 49.49.230.210'}
2026-05-15 06:34:30,035 - WARNING - 💥 Loop error: Signed GET /fapi/v2/balance failed: Binance 401: {'code': -2015, 'msg': 'Invalid API-key, IP, or permissions for action, request ip: 49.49.230.210'}
2026-05-15 06:34:56,102 - WARNING - 💥 Loop error: Signed GET /fapi/v2/balance failed: Binance 401: {'code': -2015, 'msg': 'Invalid API-key, IP, or permissions for action, request ip: 49.49.230.210'}
2026-05-15 06:35:21,673 - WARNING - 💥 Loop error: Signed GET /fapi/v2/balance failed: Binance 401: {'code': -2015, 'msg': 'Invalid API-key, IP, or permissions for action, request ip: 49.49.230.210'}
2026-05-15 06:35:44,866 - INFO - ⏱️ Time synced offset=-47ms
2026-05-15 06:35:48,676 - WARNING - 💥 Loop error: Signed GET /fapi/v2/balance failed: Binance 401: {'code': -2015, 'msg': 'Invalid API-key, IP, or permissions for action, request ip: 49.49.230.210'}
2026-05-15 06:36:13,972 - WARNING - 💥 Loop error: Signed GET /fapi/v2/balance failed: Binance 401: {'code': -2015, 'msg': 'Invalid API-key, IP, or permissions for action, request ip: 49.49.230.210'}
2026-05-15 06:36:39,484 - WARNING - 💥 Loop error: Signed GET /fapi/v2/balance failed: Binance 401: {'code': -2015, 'msg': 'Invalid API-key, IP, or permissions for action, request ip: 49.49.230.210'}
2026-05-15 06:37:04,440 - WARNING - 💥 Loop error: Signed GET /fapi/v2/balance failed: Binance 401: {'code': -2015, 'msg': 'Invalid API-key, IP, or permissions for action, request ip: 49.49.230.210'}
2026-05-15 06:37:29,079 - WARNING - 💥 Loop error: Signed GET /fapi/v2/balance failed: Binance 401: {'code': -2015, 'msg': 'Invalid API-key, IP, or permissions for action, request ip: 49.49.230.210'}
2026-05-15 06:37:53,872 - WARNING - 💥 Loop error: Signed GET /fapi/v2/balance failed: Binance 401: {'code': -2015, 'msg': 'Invalid API-key, IP, or permissions for action, request ip: 49.49.230.210'}
2026-05-15 06:38:19,063 - WARNING - 💥 Loop error: Signed GET /fapi/v2/balance failed: Binance 401: {'code': -2015, 'msg': 'Invalid API-key, IP, or permissions for action, request ip: 49.49.230.210'}
2026-05-15 06:38:44,593 - WARNING - 💥 Loop error: Signed GET /fapi/v2/balance failed: Binance 401: {'code': -2015, 'msg': 'Invalid API-key, IP, or permissions for action, request ip: 49.49.230.210'}
2026-05-15 06:39:11,159 - WARNING - 💥 Loop error: Signed GET /fapi/v2/balance failed: Binance 401: {'code': -2015, 'msg': 'Invalid API-key, IP, or permissions for action, request ip: 49.49.230.210'}
2026-05-15 06:39:37,255 - WARNING - 💥 Loop error: Signed GET /fapi/v2/balance failed: Binance 401: {'code': -2015, 'msg': 'Invalid API-key, IP, or permissions for action, request ip: 49.49.230.210'}
2026-05-15 06:40:02,174 - WARNING - 💥 Loop error: Signed GET /fapi/v2/balance failed: Binance 401: {'code': -2015, 'msg': 'Invalid API-key, IP, or permissions for action, request ip: 49.49.230.210'}
2026-05-15 06:40:26,985 - WARNING - 💥 Loop error: Signed GET /fapi/v2/balance failed: Binance 401: {'code': -2015, 'msg': 'Invalid API-key, IP, or permissions for action, request ip: 49.49.230.210'}
2026-05-15 06:40:47,883 - INFO - ⏱️ Time synced offset=-50ms
2026-05-15 06:40:53,020 - WARNING - 💥 Loop error: Signed GET /fapi/v2/balance failed: Binance 401: {'code': -2015, 'msg': 'Invalid API-key, IP, or permissions for action, request ip: 49.49.230.210'}
2026-05-15 06:41:17,841 - WARNING - 💥 Loop error: Signed GET /fapi/v2/balance failed: Binance 401: {'code': -2015, 'msg': 'Invalid API-key, IP, or permissions for action, request ip: 49.49.230.210'}
2026-05-15 06:41:42,479 - WARNING - 💥 Loop error: Signed GET /fapi/v2/balance failed: Binance 401: {'code': -2015, 'msg': 'Invalid API-key, IP, or permissions for action, request ip: 49.49.230.210'}
2026-05-15 06:42:07,164 - WARNING - 💥 Loop error: Signed GET /fapi/v2/balance failed: Binance 401: {'code': -2015, 'msg': 'Invalid API-key, IP, or permissions for action, request ip: 49.49.230.210'}
2026-05-15 06:42:32,109 - WARNING - 💥 Loop error: Signed GET /fapi/v2/balance failed: Binance 401: {'code': -2015, 'msg': 'Invalid API-key, IP, or permissions for action, request ip: 49.49.230.210'}
2026-05-15 06:42:56,844 - WARNING - 💥 Loop error: Signed GET /fapi/v2/balance failed: Binance 401: {'code': -2015, 'msg': 'Invalid API-key, IP, or permissions for action, request ip: 49.49.230.210'}
2026-05-15 06:43:21,590 - WARNING - 💥 Loop error: Signed GET /fapi/v2/balance failed: Binance 401: {'code': -2015, 'msg': 'Invalid API-key, IP, or permissions for action, request ip: 49.49.230.210'}
2026-05-15 06:43:46,542 - WARNING - 💥 Loop error: Signed GET /fapi/v2/balance failed: Binance 401: {'code': -2015, 'msg': 'Invalid API-key, IP, or permissions for action, request ip: 49.49.230.210'}
2026-05-15 06:44:11,143 - WARNING - 💥 Loop error: Signed GET /fapi/v2/balance failed: Binance 401: {'code': -2015, 'msg': 'Invalid API-key, IP, or permissions for action, request ip: 49.49.230.210'}
2026-05-15 06:44:35,918 - WARNING - 💥 Loop error: Signed GET /fapi/v2/balance failed: Binance 401: {'code': -2015, 'msg': 'Invalid API-key, IP, or permissions for action, request ip: 49.49.230.210'}
2026-05-15 06:45:03,007 - WARNING - 💥 Loop error: Signed GET /fapi/v2/balance failed: Binance 401: {'code': -2015, 'msg': 'Invalid API-key, IP, or permissions for action, request ip: 49.49.230.210'}
2026-05-15 06:45:27,770 - WARNING - 💥 Loop error: Signed GET /fapi/v2/balance failed: Binance 401: {'code': -2015, 'msg': 'Invalid API-key, IP, or permissions for action, request ip: 49.49.230.210'}
2026-05-15 06:45:49,925 - INFO - ⏱️ Time synced offset=-47ms
2026-05-15 06:45:53,094 - WARNING - 💥 Loop error: Signed GET /fapi/v2/balance failed: Binance 401: {'code': -2015, 'msg': 'Invalid API-key, IP, or permissions for action, request ip: 49.49.230.210'}
2026-05-15 06:46:18,597 - WARNING - 💥 Loop error: Signed GET /fapi/v2/balance failed: Binance 401: {'code': -2015, 'msg': 'Invalid API-key, IP, or permissions for action, request ip: 49.49.230.210'}
2026-05-15 06:46:44,376 - WARNING - 💥 Loop error: Signed GET /fapi/v2/balance failed: Binance 401: {'code': -2015, 'msg': 'Invalid API-key, IP, or permissions for action, request ip: 49.49.230.210'}
2026-05-15 06:47:09,623 - WARNING - 💥 Loop error: Signed GET /fapi/v2/balance failed: Binance 401: {'code': -2015, 'msg': 'Invalid API-key, IP, or permissions for action, request ip: 49.49.230.210'}
2026-05-15 06:47:35,192 - WARNING - 💥 Loop error: Signed GET /fapi/v2/balance failed: Binance 401: {'code': -2015, 'msg': 'Invalid API-key, IP, or permissions for action, request ip: 49.49.230.210'}
2026-05-15 06:47:59,808 - WARNING - 💥 Loop error: Signed GET /fapi/v2/balance failed: Binance 401: {'code': -2015, 'msg': 'Invalid API-key, IP, or permissions for action, request ip: 49.49.230.210'}
2026-05-15 06:48:25,092 - WARNING - 💥 Loop error: Signed GET /fapi/v2/balance failed: Binance 401: {'code': -2015, 'msg': 'Invalid API-key, IP, or permissions for action, request ip: 49.49.230.210'}
2026-05-15 06:48:49,750 - WARNING - 💥 Loop error: Signed GET /fapi/v2/balance failed: Binance 401: {'code': -2015, 'msg': 'Invalid API-key, IP, or permissions for action, request ip: 49.49.230.210'}
2026-05-15 06:49:14,372 - WARNING - 💥 Loop error: Signed GET /fapi/v2/balance failed: Binance 401: {'code': -2015, 'msg': 'Invalid API-key, IP, or permissions for action, request ip: 49.49.230.210'}
2026-05-15 06:49:38,983 - WARNING - 💥 Loop error: Signed GET /fapi/v2/balance failed: Binance 401: {'code': -2015, 'msg': 'Invalid API-key, IP, or permissions for action, request ip: 49.49.230.210'}
2026-05-15 06:50:04,858 - WARNING - 💥 Loop error: Signed GET /fapi/v2/balance failed: Binance 401: {'code': -2015, 'msg': 'Invalid API-key, IP, or permissions for action, request ip: 49.49.230.210'}
2026-05-15 06:50:29,547 - WARNING - 💥 Loop error: Signed GET /fapi/v2/balance failed: Binance 401: {'code': -2015, 'msg': 'Invalid API-key, IP, or permissions for action, request ip: 49.49.230.210'}
2026-05-15 06:50:51,660 - INFO - ⏱️ Time synced offset=-48ms
2026-05-15 06:50:54,725 - WARNING - 💥 Loop error: Signed GET /fapi/v2/balance failed: Binance 401: {'code': -2015, 'msg': 'Invalid API-key, IP, or permissions for action, request ip: 49.49.230.210'}
2026-05-15 06:51:19,738 - WARNING - 💥 Loop error: Signed GET /fapi/v2/balance failed: Binance 401: {'code': -2015, 'msg': 'Invalid API-key, IP, or permissions for action, request ip: 49.49.230.210'}
2026-05-15 06:51:45,945 - WARNING - 💥 Loop error: Signed GET /fapi/v2/balance failed: Binance 401: {'code': -2015, 'msg': 'Invalid API-key, IP, or permissions for action, request ip: 49.49.230.210'}
2026-05-15 06:52:11,494 - WARNING - 💥 Loop error: Signed GET /fapi/v2/balance failed: Binance 401: {'code': -2015, 'msg': 'Invalid API-key, IP, or permissions for action, request ip: 49.49.230.210'}
2026-05-15 06:52:36,821 - WARNING - 💥 Loop error: Signed GET /fapi/v2/balance failed: Binance 401: {'code': -2015, 'msg': 'Invalid API-key, IP, or permissions for action, request ip: 49.49.230.210'}
2026-05-15 06:53:01,450 - WARNING - 💥 Loop error: Signed GET /fapi/v2/balance failed: Binance 401: {'code': -2015, 'msg': 'Invalid API-key, IP, or permissions for action, request ip: 49.49.230.210'}
2026-05-15 06:53:26,702 - WARNING - 💥 Loop error: Signed GET /fapi/v2/balance failed: Binance 401: {'code': -2015, 'msg': 'Invalid API-key, IP, or permissions for action, request ip: 49.49.230.210'}
2026-05-15 06:53:51,419 - WARNING - 💥 Loop error: Signed GET /fapi/v2/balance failed: Binance 401: {'code': -2015, 'msg': 'Invalid API-key, IP, or permissions for action, request ip: 49.49.230.210'}
2026-05-15 06:54:16,148 - WARNING - 💥 Loop error: Signed GET /fapi/v2/balance failed: Binance 401: {'code': -2015, 'msg': 'Invalid API-key, IP, or permissions for action, request ip: 49.49.230.210'}
2026-05-15 06:54:41,369 - WARNING - 💥 Loop error: Signed GET /fapi/v2/balance failed: Binance 401: {'code': -2015, 'msg': 'Invalid API-key, IP, or permissions for action, request ip: 49.49.230.210'}
2026-05-15 06:55:07,168 - WARNING - 💥 Loop error: Signed GET /fapi/v2/balance failed: Binance 401: {'code': -2015, 'msg': 'Invalid API-key, IP, or permissions for action, request ip: 49.49.230.210'}
2026-05-15 06:55:31,855 - WARNING - 💥 Loop error: Signed GET /fapi/v2/balance failed: Binance 401: {'code': -2015, 'msg': 'Invalid API-key, IP, or permissions for action, request ip: 49.49.230.210'}
2026-05-15 06:55:52,449 - INFO - ⏱️ Time synced offset=-55ms
2026-05-15 06:55:57,107 - WARNING - 💥 Loop error: Signed GET /fapi/v2/balance failed: Binance 401: {'code': -2015, 'msg': 'Invalid API-key, IP, or permissions for action, request ip: 49.49.230.210'}
2026-05-15 06:56:21,712 - WARNING - 💥 Loop error: Signed GET /fapi/v2/balance failed: Binance 401: {'code': -2015, 'msg': 'Invalid API-key, IP, or permissions for action, request ip: 49.49.230.210'}
2026-05-15 06:56:46,480 - WARNING - 💥 Loop error: Signed GET /fapi/v2/balance failed: Binance 401: {'code': -2015, 'msg': 'Invalid API-key, IP, or permissions for action, request ip: 49.49.230.210'}
2026-05-15 06:57:11,146 - WARNING - 💥 Loop error: Signed GET /fapi/v2/balance failed: Binance 401: {'code': -2015, 'msg': 'Invalid API-key, IP, or permissions for action, request ip: 49.49.230.210'}
2026-05-15 06:57:35,784 - WARNING - 💥 Loop error: Signed GET /fapi/v2/balance failed: Binance 401: {'code': -2015, 'msg': 'Invalid API-key, IP, or permissions for action, request ip: 49.49.230.210'}
2026-05-15 06:58:00,400 - WARNING - 💥 Loop error: Signed GET /fapi/v2/balance failed: Binance 401: {'code': -2015, 'msg': 'Invalid API-key, IP, or permissions for action, request ip: 49.49.230.210'}
2026-05-15 06:58:25,093 - WARNING - 💥 Loop error: Signed GET /fapi/v2/balance failed: Binance 401: {'code': -2015, 'msg': 'Invalid API-key, IP, or permissions for action, request ip: 49.49.230.210'}
2026-05-15 06:58:49,835 - WARNING - 💥 Loop error: Signed GET /fapi/v2/balance failed: Binance 401: {'code': -2015, 'msg': 'Invalid API-key, IP, or permissions for action, request ip: 49.49.230.210'}
2026-05-15 06:59:14,926 - WARNING - 💥 Loop error: Signed GET /fapi/v2/balance failed: Binance 401: {'code': -2015, 'msg': 'Invalid API-key, IP, or permissions for action, request ip: 49.49.230.210'}
2026-05-15 06:59:39,573 - WARNING - 💥 Loop error: Signed GET /fapi/v2/balance failed: Binance 401: {'code': -2015, 'msg': 'Invalid API-key, IP, or permissions for action, request ip: 49.49.230.210'}
2026-05-15 07:00:06,563 - WARNING - 💥 Loop error: Signed GET /fapi/v2/balance failed: Binance 401: {'code': -2015, 'msg': 'Invalid API-key, IP, or permissions for action, request ip: 49.49.230.210'}
2026-05-15 07:00:32,487 - WARNING - 💥 Loop error: Signed GET /fapi/v2/balance failed: Binance 401: {'code': -2015, 'msg': 'Invalid API-key, IP, or permissions for action, request ip: 49.49.230.210'}
2026-05-15 07:00:53,104 - INFO - ⏱️ Time synced offset=-47ms
2026-05-15 07:00:57,783 - WARNING - 💥 Loop error: Signed GET /fapi/v2/balance failed: Binance 401: {'code': -2015, 'msg': 'Invalid API-key, IP, or permissions for action, request ip: 49.49.230.210'}
2026-05-15 07:01:22,813 - WARNING - 💥 Loop error: Signed GET /fapi/v2/balance failed: Binance 401: {'code': -2015, 'msg': 'Invalid API-key, IP, or permissions for action, request ip: 49.49.230.210'}
2026-05-15 07:01:47,621 - WARNING - 💥 Loop error: Signed GET /fapi/v2/balance failed: Binance 401: {'code': -2015, 'msg': 'Invalid API-key, IP, or permissions for action, request ip: 49.49.230.210'}
2026-05-15 07:02:12,339 - WARNING - 💥 Loop error: Signed GET /fapi/v2/balance failed: Binance 401: {'code': -2015, 'msg': 'Invalid API-key, IP, or permissions for action, request ip: 49.49.230.210'}
2026-05-15 07:02:36,972 - WARNING - 💥 Loop error: Signed GET /fapi/v2/balance failed: Binance 401: {'code': -2015, 'msg': 'Invalid API-key, IP, or permissions for action, request ip: 49.49.230.210'}
2026-05-15 07:03:01,663 - WARNING - 💥 Loop error: Signed GET /fapi/v2/balance failed: Binance 401: {'code': -2015, 'msg': 'Invalid API-key, IP, or permissions for action, request ip: 49.49.230.210'}
2026-05-15 07:03:26,320 - WARNING - 💥 Loop error: Signed GET /fapi/v2/balance failed: Binance 401: {'code': -2015, 'msg': 'Invalid API-key, IP, or permissions for action, request ip: 49.49.230.210'}
2026-05-15 07:03:50,935 - WARNING - 💥 Loop error: Signed GET /fapi/v2/balance failed: Binance 401: {'code': -2015, 'msg': 'Invalid API-key, IP, or permissions for action, request ip: 49.49.230.210'}
2026-05-15 07:04:15,622 - WARNING - 💥 Loop error: Signed GET /fapi/v2/balance failed: Binance 401: {'code': -2015, 'msg': 'Invalid API-key, IP, or permissions for action, request ip: 49.49.230.210'}
2026-05-15 07:04:40,583 - WARNING - 💥 Loop error: Signed GET /fapi/v2/balance failed: Binance 401: {'code': -2015, 'msg': 'Invalid API-key, IP, or permissions for action, request ip: 49.49.230.210'}
2026-05-15 07:05:05,275 - WARNING - 💥 Loop error: Signed GET /fapi/v2/balance failed: Binance 401: {'code': -2015, 'msg': 'Invalid API-key, IP, or permissions for action, request ip: 49.49.230.210'}
2026-05-15 07:05:29,903 - WARNING - 💥 Loop error: Signed GET /fapi/v2/balance failed: Binance 401: {'code': -2015, 'msg': 'Invalid API-key, IP, or permissions for action, request ip: 49.49.230.210'}
2026-05-15 07:05:55,672 - INFO - ⏱️ Time synced offset=-52ms
2026-05-15 07:05:56,192 - WARNING - 💥 Loop error: Signed GET /fapi/v2/balance failed: Binance 401: {'code': -2015, 'msg': 'Invalid API-key, IP, or permissions for action, request ip: 49.49.230.210'}
2026-05-15 07:06:20,770 - WARNING - 💥 Loop error: Signed GET /fapi/v2/balance failed: Binance 401: {'code': -2015, 'msg': 'Invalid API-key, IP, or permissions for action, request ip: 49.49.230.210'}
2026-05-15 07:06:45,646 - WARNING - 💥 Loop error: Signed GET /fapi/v2/balance failed: Binance 401: {'code': -2015, 'msg': 'Invalid API-key, IP, or permissions for action, request ip: 49.49.230.210'}
2026-05-15 07:07:10,393 - WARNING - 💥 Loop error: Signed GET /fapi/v2/balance failed: Binance 401: {'code': -2015, 'msg': 'Invalid API-key, IP, or permissions for action, request ip: 49.49.230.210'}
2026-05-15 07:07:35,042 - WARNING - 💥 Loop error: Signed GET /fapi/v2/balance failed: Binance 401: {'code': -2015, 'msg': 'Invalid API-key, IP, or permissions for action, request ip: 49.49.230.210'}
2026-05-15 07:08:00,307 - WARNING - 💥 Loop error: Signed GET /fapi/v2/balance failed: Binance 401: {'code': -2015, 'msg': 'Invalid API-key, IP, or permissions for action, request ip: 49.49.230.210'}
2026-05-15 07:08:25,152 - WARNING - 💥 Loop error: Signed GET /fapi/v2/balance failed: Binance 401: {'code': -2015, 'msg': 'Invalid API-key, IP, or permissions for action, request ip: 49.49.230.210'}
2026-05-15 07:08:50,154 - WARNING - 💥 Loop error: Signed GET /fapi/v2/balance failed: Binance 401: {'code': -2015, 'msg': 'Invalid API-key, IP, or permissions for action, request ip: 49.49.230.210'}
2026-05-15 07:09:15,409 - WARNING - 💥 Loop error: Signed GET /fapi/v2/balance failed: Binance 401: {'code': -2015, 'msg': 'Invalid API-key, IP, or permissions for action, request ip: 49.49.230.210'}
2026-05-15 07:09:40,099 - WARNING - 💥 Loop error: Signed GET /fapi/v2/balance failed: Binance 401: {'code': -2015, 'msg': 'Invalid API-key, IP, or permissions for action, request ip: 49.49.230.210'}
2026-05-15 07:10:04,898 - WARNING - 💥 Loop error: Signed GET /fapi/v2/balance failed: Binance 401: {'code': -2015, 'msg': 'Invalid API-key, IP, or permissions for action, request ip: 49.49.230.210'}
2026-05-15 07:10:29,546 - WARNING - 💥 Loop error: Signed GET /fapi/v2/balance failed: Binance 401: {'code': -2015, 'msg': 'Invalid API-key, IP, or permissions for action, request ip: 49.49.230.210'}
2026-05-15 07:10:54,240 - WARNING - 💥 Loop error: Signed GET /fapi/v2/balance failed: Binance 401: {'code': -2015, 'msg': 'Invalid API-key, IP, or permissions for action, request ip: 49.49.230.210'}
2026-05-15 07:11:15,989 - INFO - ⏱️ Time synced offset=-47ms
2026-05-15 07:11:20,694 - WARNING - 💥 Loop error: Signed GET /fapi/v2/balance failed: Binance 401: {'code': -2015, 'msg': 'Invalid API-key, IP, or permissions for action, request ip: 49.49.230.210'}
2026-05-15 07:11:45,343 - WARNING - 💥 Loop error: Signed GET /fapi/v2/balance failed: Binance 401: {'code': -2015, 'msg': 'Invalid API-key, IP, or permissions for action, request ip: 49.49.230.210'}
2026-05-15 07:12:09,924 - WARNING - 💥 Loop error: Signed GET /fapi/v2/balance failed: Binance 401: {'code': -2015, 'msg': 'Invalid API-key, IP, or permissions for action, request ip: 49.49.230.210'}
2026-05-15 07:12:34,917 - WARNING - 💥 Loop error: Signed GET /fapi/v2/balance failed: Binance 401: {'code': -2015, 'msg': 'Invalid API-key, IP, or permissions for action, request ip: 49.49.230.210'}
2026-05-15 07:12:59,683 - WARNING - 💥 Loop error: Signed GET /fapi/v2/balance failed: Binance 401: {'code': -2015, 'msg': 'Invalid API-key, IP, or permissions for action, request ip: 49.49.230.210'}
2026-05-15 07:13:24,401 - WARNING - 💥 Loop error: Signed GET /fapi/v2/balance failed: Binance 401: {'code': -2015, 'msg': 'Invalid API-key, IP, or permissions for action, request ip: 49.49.230.210'}
2026-05-15 07:13:49,464 - WARNING - 💥 Loop error: Signed GET /fapi/v2/balance failed: Binance 401: {'code': -2015, 'msg': 'Invalid API-key, IP, or permissions for action, request ip: 49.49.230.210'}
2026-05-15 07:14:14,242 - WARNING - 💥 Loop error: Signed GET /fapi/v2/balance failed: Binance 401: {'code': -2015, 'msg': 'Invalid API-key, IP, or permissions for action, request ip: 49.49.230.210'}
2026-05-15 07:14:39,557 - WARNING - 💥 Loop error: Signed GET /fapi/v2/balance failed: Binance 401: {'code': -2015, 'msg': 'Invalid API-key, IP, or permissions for action, request ip: 49.49.230.210'}
2026-05-15 07:15:05,745 - WARNING - 💥 Loop error: Signed GET /fapi/v2/balance failed: Binance 401: {'code': -2015, 'msg': 'Invalid API-key, IP, or permissions for action, request ip: 49.49.230.210'}
2026-05-15 07:15:30,371 - WARNING - 💥 Loop error: Signed GET /fapi/v2/balance failed: Binance 401: {'code': -2015, 'msg': 'Invalid API-key, IP, or permissions for action, request ip: 49.49.230.210'}
2026-05-15 07:15:55,423 - WARNING - 💥 Loop error: Signed GET /fapi/v2/balance failed: Binance 401: {'code': -2015, 'msg': 'Invalid API-key, IP, or permissions for action, request ip: 49.49.230.210'}
2026-05-15 07:16:17,423 - INFO - ⏱️ Time synced offset=-53ms
2026-05-15 07:16:22,380 - WARNING - 💥 Loop error: Signed GET /fapi/v2/balance failed: Binance 401: {'code': -2015, 'msg': 'Invalid API-key, IP, or permissions for action, request ip: 49.49.230.210'}
2026-05-15 07:16:47,777 - WARNING - 💥 Loop error: Signed GET /fapi/v2/balance failed: Binance 401: {'code': -2015, 'msg': 'Invalid API-key, IP, or permissions for action, request ip: 49.49.230.210'}
2026-05-15 07:17:12,987 - WARNING - 💥 Loop error: Signed GET /fapi/v2/balance failed: Binance 401: {'code': -2015, 'msg': 'Invalid API-key, IP, or permissions for action, request ip: 49.49.230.210'}
2026-05-15 07:17:37,595 - WARNING - 💥 Loop error: Signed GET /fapi/v2/balance failed: Binance 401: {'code': -2015, 'msg': 'Invalid API-key, IP, or permissions for action, request ip: 49.49.230.210'}
2026-05-15 07:18:02,649 - WARNING - 💥 Loop error: Signed GET /fapi/v2/balance failed: Binance 401: {'code': -2015, 'msg': 'Invalid API-key, IP, or permissions for action, request ip: 49.49.230.210'}
2026-05-15 07:18:27,448 - WARNING - 💥 Loop error: Signed GET /fapi/v2/balance failed: Binance 401: {'code': -2015, 'msg': 'Invalid API-key, IP, or permissions for action, request ip: 49.49.230.210'}
2026-05-15 07:18:52,080 - WARNING - 💥 Loop error: Signed GET /fapi/v2/balance failed: Binance 401: {'code': -2015, 'msg': 'Invalid API-key, IP, or permissions for action, request ip: 49.49.230.210'}
2026-05-15 07:19:17,084 - WARNING - 💥 Loop error: Signed GET /fapi/v2/balance failed: Binance 401: {'code': -2015, 'msg': 'Invalid API-key, IP, or permissions for action, request ip: 49.49.230.210'}
2026-05-15 07:19:42,096 - WARNING - 💥 Loop error: Signed GET /fapi/v2/balance failed: Binance 401: {'code': -2015, 'msg': 'Invalid API-key, IP, or permissions for action, request ip: 49.49.230.210'}
2026-05-15 07:20:06,837 - WARNING - 💥 Loop error: Signed GET /fapi/v2/balance failed: Binance 401: {'code': -2015, 'msg': 'Invalid API-key, IP, or permissions for action, request ip: 49.49.230.210'}
2026-05-15 07:20:31,481 - WARNING - 💥 Loop error: Signed GET /fapi/v2/balance failed: Binance 401: {'code': -2015, 'msg': 'Invalid API-key, IP, or permissions for action, request ip: 49.49.230.210'}
2026-05-15 07:20:56,108 - WARNING - 💥 Loop error: Signed GET /fapi/v2/balance failed: Binance 401: {'code': -2015, 'msg': 'Invalid API-key, IP, or permissions for action, request ip: 49.49.230.210'}
2026-05-15 07:21:19,804 - INFO - ⏱️ Time synced offset=-52ms
2026-05-15 07:21:22,992 - WARNING - 💥 Loop error: Signed GET /fapi/v2/balance failed: Binance 401: {'code': -2015, 'msg': 'Invalid API-key, IP, or permissions for action, request ip: 49.49.230.210'}
2026-05-15 07:21:47,609 - WARNING - 💥 Loop error: Signed GET /fapi/v2/balance failed: Binance 401: {'code': -2015, 'msg': 'Invalid API-key, IP, or permissions for action, request ip: 49.49.230.210'}
2026-05-15 07:22:12,395 - WARNING - 💥 Loop error: Signed GET /fapi/v2/balance failed: Binance 401: {'code': -2015, 'msg': 'Invalid API-key, IP, or permissions for action, request ip: 49.49.230.210'}
2026-05-15 07:22:37,869 - WARNING - 💥 Loop error: Signed GET /fapi/v2/balance failed: Binance 401: {'code': -2015, 'msg': 'Invalid API-key, IP, or permissions for action, request ip: 49.49.230.210'}
2026-05-15 07:23:02,846 - WARNING - 💥 Loop error: Signed GET /fapi/v2/balance failed: Binance 401: {'code': -2015, 'msg': 'Invalid API-key, IP, or permissions for action, request ip: 49.49.230.210'}
2026-05-15 07:23:28,057 - WARNING - 💥 Loop error: Signed GET /fapi/v2/balance failed: Binance 401: {'code': -2015, 'msg': 'Invalid API-key, IP, or permissions for action, request ip: 49.49.230.210'}
2026-05-15 07:23:52,737 - WARNING - 💥 Loop error: Signed GET /fapi/v2/balance failed: Binance 401: {'code': -2015, 'msg': 'Invalid API-key, IP, or permissions for action, request ip: 49.49.230.210'}
2026-05-15 07:24:19,246 - WARNING - 💥 Loop error: Signed GET /fapi/v2/balance failed: Binance 401: {'code': -2015, 'msg': 'Invalid API-key, IP, or permissions for action, request ip: 49.49.230.210'}
2026-05-15 07:24:44,119 - WARNING - 💥 Loop error: Signed GET /fapi/v2/balance failed: Binance 401: {'code': -2015, 'msg': 'Invalid API-key, IP, or permissions for action, request ip: 49.49.230.210'}
2026-05-15 07:25:08,780 - WARNING - 💥 Loop error: Signed GET /fapi/v2/balance failed: Binance 401: {'code': -2015, 'msg': 'Invalid API-key, IP, or permissions for action, request ip: 49.49.230.210'}
2026-05-15 07:25:33,826 - WARNING - 💥 Loop error: Signed GET /fapi/v2/balance failed: Binance 401: {'code': -2015, 'msg': 'Invalid API-key, IP, or permissions for action, request ip: 49.49.230.210'}
2026-05-15 07:26:00,232 - WARNING - 💥 Loop error: Signed GET /fapi/v2/balance failed: Binance 401: {'code': -2015, 'msg': 'Invalid API-key, IP, or permissions for action, request ip: 49.49.230.210'}
2026-05-15 07:26:22,130 - INFO - ⏱️ Time synced offset=-52ms
2026-05-15 07:26:26,805 - WARNING - 💥 Loop error: Signed GET /fapi/v2/balance failed: Binance 401: {'code': -2015, 'msg': 'Invalid API-key, IP, or permissions for action, request ip: 49.49.230.210'}
2026-05-15 07:26:52,027 - WARNING - 💥 Loop error: Signed GET /fapi/v2/balance failed: Binance 401: {'code': -2015, 'msg': 'Invalid API-key, IP, or permissions for action, request ip: 49.49.230.210'}
2026-05-15 07:27:17,268 - WARNING - 💥 Loop error: Signed GET /fapi/v2/balance failed: Binance 401: {'code': -2015, 'msg': 'Invalid API-key, IP, or permissions for action, request ip: 49.49.230.210'}
2026-05-15 07:27:41,979 - WARNING - 💥 Loop error: Signed GET /fapi/v2/balance failed: Binance 401: {'code': -2015, 'msg': 'Invalid API-key, IP, or permissions for action, request ip: 49.49.230.210'}
2026-05-15 07:28:06,704 - WARNING - 💥 Loop error: Signed GET /fapi/v2/balance failed: Binance 401: {'code': -2015, 'msg': 'Invalid API-key, IP, or permissions for action, request ip: 49.49.230.210'}
2026-05-15 07:28:31,714 - WARNING - 💥 Loop error: Signed GET /fapi/v2/balance failed: Binance 401: {'code': -2015, 'msg': 'Invalid API-key, IP, or permissions for action, request ip: 49.49.230.210'}
2026-05-15 07:28:57,150 - WARNING - 💥 Loop error: Signed GET /fapi/v2/balance failed: Binance 401: {'code': -2015, 'msg': 'Invalid API-key, IP, or permissions for action, request ip: 49.49.230.210'}
2026-05-15 07:29:21,883 - WARNING - 💥 Loop error: Signed GET /fapi/v2/balance failed: Binance 401: {'code': -2015, 'msg': 'Invalid API-key, IP, or permissions for action, request ip: 49.49.230.210'}
2026-05-15 07:29:46,876 - WARNING - 💥 Loop error: Signed GET /fapi/v2/balance failed: Binance 401: {'code': -2015, 'msg': 'Invalid API-key, IP, or permissions for action, request ip: 49.49.230.210'}
2026-05-15 07:30:11,876 - WARNING - 💥 Loop error: Signed GET /fapi/v2/balance failed: Binance 401: {'code': -2015, 'msg': 'Invalid API-key, IP, or permissions for action, request ip: 49.49.230.210'}
2026-05-15 07:30:36,582 - WARNING - 💥 Loop error: Signed GET /fapi/v2/balance failed: Binance 401: {'code': -2015, 'msg': 'Invalid API-key, IP, or permissions for action, request ip: 49.49.230.210'}
2026-05-15 07:31:01,326 - WARNING - 💥 Loop error: Signed GET /fapi/v2/balance failed: Binance 401: {'code': -2015, 'msg': 'Invalid API-key, IP, or permissions for action, request ip: 49.49.230.210'}
2026-05-15 07:31:23,091 - INFO - ⏱️ Time synced offset=-50ms
2026-05-15 07:31:27,757 - WARNING - 💥 Loop error: Signed GET /fapi/v2/balance failed: Binance 401: {'code': -2015, 'msg': 'Invalid API-key, IP, or permissions for action, request ip: 49.49.230.210'}
2026-05-15 07:31:56,451 - WARNING - 💥 Loop error: Signed GET /fapi/v2/balance failed: Binance 401: {'code': -2015, 'msg': 'Invalid API-key, IP, or permissions for action, request ip: 49.49.230.210'}
2026-05-15 07:32:21,915 - WARNING - 💥 Loop error: Signed GET /fapi/v2/balance failed: Binance 401: {'code': -2015, 'msg': 'Invalid API-key, IP, or permissions for action, request ip: 49.49.230.210'}
2026-05-15 07:32:47,104 - WARNING - 💥 Loop error: Signed GET /fapi/v2/balance failed: Binance 401: {'code': -2015, 'msg': 'Invalid API-key, IP, or permissions for action, request ip: 49.49.230.210'}
2026-05-15 07:33:11,737 - WARNING - 💥 Loop error: Signed GET /fapi/v2/balance failed: Binance 401: {'code': -2015, 'msg': 'Invalid API-key, IP, or permissions for action, request ip: 49.49.230.210'}
2026-05-15 07:33:38,355 - WARNING - 💥 Loop error: Signed GET /fapi/v2/balance failed: Binance 401: {'code': -2015, 'msg': 'Invalid API-key, IP, or permissions for action, request ip: 49.49.230.210'}
2026-05-15 07:34:03,439 - WARNING - 💥 Loop error: Signed GET /fapi/v2/balance failed: Binance 401: {'code': -2015, 'msg': 'Invalid API-key, IP, or permissions for action, request ip: 49.49.230.210'}
2026-05-15 07:34:28,711 - WARNING - 💥 Loop error: Signed GET /fapi/v2/balance failed: Binance 401: {'code': -2015, 'msg': 'Invalid API-key, IP, or permissions for action, request ip: 49.49.230.210'}
2026-05-15 07:34:53,416 - WARNING - 💥 Loop error: Signed GET /fapi/v2/balance failed: Binance 401: {'code': -2015, 'msg': 'Invalid API-key, IP, or permissions for action, request ip: 49.49.230.210'}
2026-05-15 07:35:18,886 - WARNING - 💥 Loop error: Signed GET /fapi/v2/balance failed: Binance 401: {'code': -2015, 'msg': 'Invalid API-key, IP, or permissions for action, request ip: 49.49.230.210'}
2026-05-15 07:35:43,634 - WARNING - 💥 Loop error: Signed GET /fapi/v2/balance failed: Binance 401: {'code': -2015, 'msg': 'Invalid API-key, IP, or permissions for action, request ip: 49.49.230.210'}
2026-05-15 07:36:12,737 - WARNING - 💥 Loop error: Signed GET /fapi/v2/balance failed: Binance 401: {'code': -2015, 'msg': 'Invalid API-key, IP, or permissions for action, request ip: 49.49.230.210'}
2026-05-15 07:36:36,258 - INFO - ⏱️ Time synced offset=-49ms
2026-05-15 07:36:41,457 - WARNING - 💥 Loop error: Signed GET /fapi/v2/balance failed: Binance 401: {'code': -2015, 'msg': 'Invalid API-key, IP, or permissions for action, request ip: 49.49.230.210'}
2026-05-15 07:37:06,165 - WARNING - 💥 Loop error: Signed GET /fapi/v2/balance failed: Binance 401: {'code': -2015, 'msg': 'Invalid API-key, IP, or permissions for action, request ip: 49.49.230.210'}
2026-05-15 07:37:30,773 - WARNING - 💥 Loop error: Signed GET /fapi/v2/balance failed: Binance 401: {'code': -2015, 'msg': 'Invalid API-key, IP, or permissions for action, request ip: 49.49.230.210'}
2026-05-15 07:37:56,092 - WARNING - 💥 Loop error: Signed GET /fapi/v2/balance failed: Binance 401: {'code': -2015, 'msg': 'Invalid API-key, IP, or permissions for action, request ip: 49.49.230.210'}
2026-05-15 07:38:20,755 - WARNING - 💥 Loop error: Signed GET /fapi/v2/balance failed: Binance 401: {'code': -2015, 'msg': 'Invalid API-key, IP, or permissions for action, request ip: 49.49.230.210'}
2026-05-15 07:38:45,789 - WARNING - 💥 Loop error: Signed GET /fapi/v2/balance failed: Binance 401: {'code': -2015, 'msg': 'Invalid API-key, IP, or permissions for action, request ip: 49.49.230.210'}
2026-05-15 07:39:10,425 - WARNING - 💥 Loop error: Signed GET /fapi/v2/balance failed: Binance 401: {'code': -2015, 'msg': 'Invalid API-key, IP, or permissions for action, request ip: 49.49.230.210'}
2026-05-15 07:39:35,421 - WARNING - 💥 Loop error: Signed GET /fapi/v2/balance failed: Binance 401: {'code': -2015, 'msg': 'Invalid API-key, IP, or permissions for action, request ip: 49.49.230.210'}
2026-05-15 07:40:01,457 - WARNING - 💥 Loop error: Signed GET /fapi/v2/balance failed: Binance 401: {'code': -2015, 'msg': 'Invalid API-key, IP, or permissions for action, request ip: 49.49.230.210'}
2026-05-15 07:40:27,137 - WARNING - 💥 Loop error: Signed GET /fapi/v2/balance failed: Binance 401: {'code': -2015, 'msg': 'Invalid API-key, IP, or permissions for action, request ip: 49.49.230.210'}
2026-05-15 07:41:06,902 - WARNING - 💥 Loop error: Signed GET /fapi/v2/balance failed: Binance 401: {'code': -2015, 'msg': 'Invalid API-key, IP, or permissions for action, request ip: 49.49.230.210'}
2026-05-15 07:41:31,862 - WARNING - 💥 Loop error: Signed GET /fapi/v2/balance failed: Binance 401: {'code': -2015, 'msg': 'Invalid API-key, IP, or permissions for action, request ip: 49.49.230.210'}
2026-05-15 07:41:53,737 - INFO - ⏱️ Time synced offset=-59ms
2026-05-15 07:41:58,490 - WARNING - 💥 Loop error: Signed GET /fapi/v2/balance failed: Binance 401: {'code': -2015, 'msg': 'Invalid API-key, IP, or permissions for action, request ip: 49.49.230.210'}
2026-05-15 07:42:23,841 - WARNING - 💥 Loop error: Signed GET /fapi/v2/balance failed: Binance 401: {'code': -2015, 'msg': 'Invalid API-key, IP, or permissions for action, request ip: 49.49.230.210'}
2026-05-15 07:42:48,529 - WARNING - 💥 Loop error: Signed GET /fapi/v2/balance failed: Binance 401: {'code': -2015, 'msg': 'Invalid API-key, IP, or permissions for action, request ip: 49.49.230.210'}
2026-05-15 07:43:14,173 - WARNING - 💥 Loop error: Signed GET /fapi/v2/balance failed: Binance 401: {'code': -2015, 'msg': 'Invalid API-key, IP, or permissions for action, request ip: 49.49.230.210'}
2026-05-15 07:43:38,811 - WARNING - 💥 Loop error: Signed GET /fapi/v2/balance failed: Binance 401: {'code': -2015, 'msg': 'Invalid API-key, IP, or permissions for action, request ip: 49.49.230.210'}
2026-05-15 07:44:05,591 - WARNING - 💥 Loop error: Signed GET /fapi/v2/balance failed: Binance 401: {'code': -2015, 'msg': 'Invalid API-key, IP, or permissions for action, request ip: 49.49.230.210'}
2026-05-15 07:44:30,643 - WARNING - 💥 Loop error: Signed GET /fapi/v2/balance failed: Binance 401: {'code': -2015, 'msg': 'Invalid API-key, IP, or permissions for action, request ip: 49.49.230.210'}
2026-05-15 07:44:55,938 - WARNING - 💥 Loop error: Signed GET /fapi/v2/balance failed: Binance 401: {'code': -2015, 'msg': 'Invalid API-key, IP, or permissions for action, request ip: 49.49.230.210'}
2026-05-15 07:45:20,798 - WARNING - 💥 Loop error: Signed GET /fapi/v2/balance failed: Binance 401: {'code': -2015, 'msg': 'Invalid API-key, IP, or permissions for action, request ip: 49.49.230.210'}
2026-05-15 07:45:46,287 - WARNING - 💥 Loop error: Signed GET /fapi/v2/balance failed: Binance 401: {'code': -2015, 'msg': 'Invalid API-key, IP, or permissions for action, request ip: 49.49.230.210'}
2026-05-15 07:46:10,941 - WARNING - 💥 Loop error: Signed GET /fapi/v2/balance failed: Binance 401: {'code': -2015, 'msg': 'Invalid API-key, IP, or permissions for action, request ip: 49.49.230.210'}
2026-05-15 07:46:36,428 - WARNING - 💥 Loop error: Signed GET /fapi/v2/balance failed: Binance 401: {'code': -2015, 'msg': 'Invalid API-key, IP, or permissions for action, request ip: 49.49.230.210'}
2026-05-15 07:46:58,137 - INFO - ⏱️ Time synced offset=-60ms
2026-05-15 07:47:02,732 - WARNING - 💥 Loop error: Signed GET /fapi/v2/balance failed: Binance 401: {'code': -2015, 'msg': 'Invalid API-key, IP, or permissions for action, request ip: 49.49.230.210'}
2026-05-15 07:47:28,046 - WARNING - 💥 Loop error: Signed GET /fapi/v2/balance failed: Binance 401: {'code': -2015, 'msg': 'Invalid API-key, IP, or permissions for action, request ip: 49.49.230.210'}
2026-05-15 07:47:53,249 - WARNING - 💥 Loop error: Signed GET /fapi/v2/balance failed: Binance 401: {'code': -2015, 'msg': 'Invalid API-key, IP, or permissions for action, request ip: 49.49.230.210'}
2026-05-15 07:48:17,986 - WARNING - 💥 Loop error: Signed GET /fapi/v2/balance failed: Binance 401: {'code': -2015, 'msg': 'Invalid API-key, IP, or permissions for action, request ip: 49.49.230.210'}
2026-05-15 07:48:44,072 - WARNING - 💥 Loop error: Signed GET /fapi/v2/balance failed: Binance 401: {'code': -2015, 'msg': 'Invalid API-key, IP, or permissions for action, request ip: 49.49.230.210'}
2026-05-15 07:49:09,063 - WARNING - 💥 Loop error: Signed GET /fapi/v2/balance failed: Binance 401: {'code': -2015, 'msg': 'Invalid API-key, IP, or permissions for action, request ip: 49.49.230.210'}
2026-05-15 07:49:35,312 - WARNING - 💥 Loop error: Signed GET /fapi/v2/balance failed: Binance 401: {'code': -2015, 'msg': 'Invalid API-key, IP, or permissions for action, request ip: 49.49.230.210'}
2026-05-15 07:50:00,183 - WARNING - 💥 Loop error: Signed GET /fapi/v2/balance failed: Binance 401: {'code': -2015, 'msg': 'Invalid API-key, IP, or permissions for action, request ip: 49.49.230.210'}
2026-05-15 07:50:24,854 - WARNING - 💥 Loop error: Signed GET /fapi/v2/balance failed: Binance 401: {'code': -2015, 'msg': 'Invalid API-key, IP, or permissions for action, request ip: 49.49.230.210'}
2026-05-15 07:50:49,750 - WARNING - 💥 Loop error: Signed GET /fapi/v2/balance failed: Binance 401: {'code': -2015, 'msg': 'Invalid API-key, IP, or permissions for action, request ip: 49.49.230.210'}
2026-05-15 07:51:15,351 - WARNING - 💥 Loop error: Signed GET /fapi/v2/balance failed: Binance 401: {'code': -2015, 'msg': 'Invalid API-key, IP, or permissions for action, request ip: 49.49.230.210'}
2026-05-15 07:51:39,973 - WARNING - 💥 Loop error: Signed GET /fapi/v2/balance failed: Binance 401: {'code': -2015, 'msg': 'Invalid API-key, IP, or permissions for action, request ip: 49.49.230.210'}
2026-05-15 07:52:02,102 - INFO - ⏱️ Time synced offset=-49ms
2026-05-15 07:52:07,593 - WARNING - 💥 Loop error: Signed GET /fapi/v2/balance failed: Binance 401: {'code': -2015, 'msg': 'Invalid API-key, IP, or permissions for action, request ip: 49.49.230.210'}
2026-05-15 07:52:33,222 - WARNING - 💥 Loop error: Signed GET /fapi/v2/balance failed: Binance 401: {'code': -2015, 'msg': 'Invalid API-key, IP, or permissions for action, request ip: 49.49.230.210'}
2026-05-15 07:52:58,211 - WARNING - 💥 Loop error: Signed GET /fapi/v2/balance failed: Binance 401: {'code': -2015, 'msg': 'Invalid API-key, IP, or permissions for action, request ip: 49.49.230.210'}
2026-05-15 07:53:23,892 - WARNING - 💥 Loop error: Signed GET /fapi/v2/balance failed: Binance 401: {'code': -2015, 'msg': 'Invalid API-key, IP, or permissions for action, request ip: 49.49.230.210'}
2026-05-15 07:53:48,540 - WARNING - 💥 Loop error: Signed GET /fapi/v2/balance failed: Binance 401: {'code': -2015, 'msg': 'Invalid API-key, IP, or permissions for action, request ip: 49.49.230.210'}
2026-05-15 07:54:13,168 - WARNING - 💥 Loop error: Signed GET /fapi/v2/balance failed: Binance 401: {'code': -2015, 'msg': 'Invalid API-key, IP, or permissions for action, request ip: 49.49.230.210'}
2026-05-15 07:54:38,120 - WARNING - 💥 Loop error: Signed GET /fapi/v2/balance failed: Binance 401: {'code': -2015, 'msg': 'Invalid API-key, IP, or permissions for action, request ip: 49.49.230.210'}
2026-05-15 07:55:02,762 - WARNING - 💥 Loop error: Signed GET /fapi/v2/balance failed: Binance 401: {'code': -2015, 'msg': 'Invalid API-key, IP, or permissions for action, request ip: 49.49.230.210'}
2026-05-15 07:55:28,213 - WARNING - 💥 Loop error: Signed GET /fapi/v2/balance failed: Binance 401: {'code': -2015, 'msg': 'Invalid API-key, IP, or permissions for action, request ip: 49.49.230.210'}
2026-05-15 07:55:52,943 - WARNING - 💥 Loop error: Signed GET /fapi/v2/balance failed: Binance 401: {'code': -2015, 'msg': 'Invalid API-key, IP, or permissions for action, request ip: 49.49.230.210'}
2026-05-15 07:56:18,307 - WARNING - 💥 Loop error: Signed GET /fapi/v2/balance failed: Binance 401: {'code': -2015, 'msg': 'Invalid API-key, IP, or permissions for action, request ip: 49.49.230.210'}
2026-05-15 07:56:43,069 - WARNING - 💥 Loop error: Signed GET /fapi/v2/balance failed: Binance 401: {'code': -2015, 'msg': 'Invalid API-key, IP, or permissions for action, request ip: 49.49.230.210'}
2026-05-15 07:57:04,866 - INFO - ⏱️ Time synced offset=-52ms
2026-05-15 07:57:09,463 - WARNING - 💥 Loop error: Signed GET /fapi/v2/balance failed: Binance 401: {'code': -2015, 'msg': 'Invalid API-key, IP, or permissions for action, request ip: 49.49.230.210'}
2026-05-15 07:57:34,189 - WARNING - 💥 Loop error: Signed GET /fapi/v2/balance failed: Binance 401: {'code': -2015, 'msg': 'Invalid API-key, IP, or permissions for action, request ip: 49.49.230.210'}
2026-05-15 07:57:58,793 - WARNING - 💥 Loop error: Signed GET /fapi/v2/balance failed: Binance 401: {'code': -2015, 'msg': 'Invalid API-key, IP, or permissions for action, request ip: 49.49.230.210'}
2026-05-15 07:58:23,892 - WARNING - 💥 Loop error: Signed GET /fapi/v2/balance failed: Binance 401: {'code': -2015, 'msg': 'Invalid API-key, IP, or permissions for action, request ip: 49.49.230.210'}
2026-05-15 07:58:49,442 - WARNING - 💥 Loop error: Signed GET /fapi/v2/balance failed: Binance 401: {'code': -2015, 'msg': 'Invalid API-key, IP, or permissions for action, request ip: 49.49.230.210'}
2026-05-15 07:59:14,792 - WARNING - 💥 Loop error: Signed GET /fapi/v2/balance failed: Binance 401: {'code': -2015, 'msg': 'Invalid API-key, IP, or permissions for action, request ip: 49.49.230.210'}
2026-05-15 07:59:39,971 - WARNING - 💥 Loop error: Signed GET /fapi/v2/balance failed: Binance 401: {'code': -2015, 'msg': 'Invalid API-key, IP, or permissions for action, request ip: 49.49.230.210'}
2026-05-15 08:00:04,977 - WARNING - 💥 Loop error: Signed GET /fapi/v2/balance failed: Binance 401: {'code': -2015, 'msg': 'Invalid API-key, IP, or permissions for action, request ip: 49.49.230.210'}
2026-05-15 08:00:29,650 - WARNING - 💥 Loop error: Signed GET /fapi/v2/balance failed: Binance 401: {'code': -2015, 'msg': 'Invalid API-key, IP, or permissions for action, request ip: 49.49.230.210'}
2026-05-15 08:00:54,267 - WARNING - 💥 Loop error: Signed GET /fapi/v2/balance failed: Binance 401: {'code': -2015, 'msg': 'Invalid API-key, IP, or permissions for action, request ip: 49.49.230.210'}
2026-05-15 08:01:18,992 - WARNING - 💥 Loop error: Signed GET /fapi/v2/balance failed: Binance 401: {'code': -2015, 'msg': 'Invalid API-key, IP, or permissions for action, request ip: 49.49.230.210'}
2026-05-15 08:01:44,500 - WARNING - 💥 Loop error: Signed GET /fapi/v2/balance failed: Binance 401: {'code': -2015, 'msg': 'Invalid API-key, IP, or permissions for action, request ip: 49.49.230.210'}
2026-05-15 08:02:06,681 - INFO - ⏱️ Time synced offset=-53ms
2026-05-15 08:02:12,293 - WARNING - 💥 Loop error: Signed GET /fapi/v2/balance failed: Binance 401: {'code': -2015, 'msg': 'Invalid API-key, IP, or permissions for action, request ip: 49.49.230.210'}
2026-05-15 08:02:37,540 - WARNING - 💥 Loop error: Signed GET /fapi/v2/balance failed: Binance 401: {'code': -2015, 'msg': 'Invalid API-key, IP, or permissions for action, request ip: 49.49.230.210'}
2026-05-15 08:03:02,258 - WARNING - 💥 Loop error: Signed GET /fapi/v2/balance failed: Binance 401: {'code': -2015, 'msg': 'Invalid API-key, IP, or permissions for action, request ip: 49.49.230.210'}
2026-05-15 08:03:27,859 - WARNING - 💥 Loop error: Signed GET /fapi/v2/balance failed: Binance 401: {'code': -2015, 'msg': 'Invalid API-key, IP, or permissions for action, request ip: 49.49.230.210'}
2026-05-15 08:03:52,767 - WARNING - 💥 Loop error: Signed GET /fapi/v2/balance failed: Binance 401: {'code': -2015, 'msg': 'Invalid API-key, IP, or permissions for action, request ip: 49.49.230.210'}
2026-05-15 08:04:18,339 - WARNING - 💥 Loop error: Signed GET /fapi/v2/balance failed: Binance 401: {'code': -2015, 'msg': 'Invalid API-key, IP, or permissions for action, request ip: 49.49.230.210'}
2026-05-15 08:04:43,040 - WARNING - 💥 Loop error: Signed GET /fapi/v2/balance failed: Binance 401: {'code': -2015, 'msg': 'Invalid API-key, IP, or permissions for action, request ip: 49.49.230.210'}
2026-05-15 08:05:07,673 - WARNING - 💥 Loop error: Signed GET /fapi/v2/balance failed: Binance 401: {'code': -2015, 'msg': 'Invalid API-key, IP, or permissions for action, request ip: 49.49.230.210'}
2026-05-15 08:05:34,169 - WARNING - 💥 Loop error: Signed GET /fapi/v2/balance failed: Binance 401: {'code': -2015, 'msg': 'Invalid API-key, IP, or permissions for action, request ip: 49.49.230.210'}
2026-05-15 08:05:59,046 - WARNING - 💥 Loop error: Signed GET /fapi/v2/balance failed: Binance 401: {'code': -2015, 'msg': 'Invalid API-key, IP, or permissions for action, request ip: 49.49.230.210'}
2026-05-15 08:06:23,642 - WARNING - 💥 Loop error: Signed GET /fapi/v2/balance failed: Binance 401: {'code': -2015, 'msg': 'Invalid API-key, IP, or permissions for action, request ip: 49.49.230.210'}
2026-05-15 08:06:50,308 - WARNING - 💥 Loop error: Signed GET /fapi/v2/balance failed: Binance 401: {'code': -2015, 'msg': 'Invalid API-key, IP, or permissions for action, request ip: 49.49.230.210'}
2026-05-15 08:07:12,465 - INFO - ⏱️ Time synced offset=-50ms
2026-05-15 08:07:17,652 - WARNING - 💥 Loop error: Signed GET /fapi/v2/balance failed: Binance 401: {'code': -2015, 'msg': 'Invalid API-key, IP, or permissions for action, request ip: 49.49.230.210'}
2026-05-15 08:07:42,931 - WARNING - 💥 Loop error: Signed GET /fapi/v2/balance failed: Binance 401: {'code': -2015, 'msg': 'Invalid API-key, IP, or permissions for action, request ip: 49.49.230.210'}
2026-05-15 08:08:07,876 - WARNING - 💥 Loop error: Signed GET /fapi/v2/balance failed: Binance 401: {'code': -2015, 'msg': 'Invalid API-key, IP, or permissions for action, request ip: 49.49.230.210'}
2026-05-15 08:08:33,260 - WARNING - 💥 Loop error: Signed GET /fapi/v2/balance failed: Binance 401: {'code': -2015, 'msg': 'Invalid API-key, IP, or permissions for action, request ip: 49.49.230.210'}
2026-05-15 08:08:58,195 - WARNING - 💥 Loop error: Signed GET /fapi/v2/balance failed: Binance 401: {'code': -2015, 'msg': 'Invalid API-key, IP, or permissions for action, request ip: 49.49.230.210'}
2026-05-15 08:09:23,763 - WARNING - 💥 Loop error: Signed GET /fapi/v2/balance failed: Binance 401: {'code': -2015, 'msg': 'Invalid API-key, IP, or permissions for action, request ip: 49.49.230.210'}
2026-05-15 08:09:48,585 - WARNING - 💥 Loop error: Signed GET /fapi/v2/balance failed: Binance 401: {'code': -2015, 'msg': 'Invalid API-key, IP, or permissions for action, request ip: 49.49.230.210'}
2026-05-15 08:10:14,508 - WARNING - 💥 Loop error: Signed GET /fapi/v2/balance failed: Binance 401: {'code': -2015, 'msg': 'Invalid API-key, IP, or permissions for action, request ip: 49.49.230.210'}
2026-05-15 08:10:39,111 - WARNING - 💥 Loop error: Signed GET /fapi/v2/balance failed: Binance 401: {'code': -2015, 'msg': 'Invalid API-key, IP, or permissions for action, request ip: 49.49.230.210'}
2026-05-15 08:11:04,452 - WARNING - 💥 Loop error: Signed GET /fapi/v2/balance failed: Binance 401: {'code': -2015, 'msg': 'Invalid API-key, IP, or permissions for action, request ip: 49.49.230.210'}
2026-05-15 08:11:30,007 - WARNING - 💥 Loop error: Signed GET /fapi/v2/balance failed: Binance 401: {'code': -2015, 'msg': 'Invalid API-key, IP, or permissions for action, request ip: 49.49.230.210'}
2026-05-15 08:11:54,669 - WARNING - 💥 Loop error: Signed GET /fapi/v2/balance failed: Binance 401: {'code': -2015, 'msg': 'Invalid API-key, IP, or permissions for action, request ip: 49.49.230.210'}
2026-05-15 08:12:16,360 - INFO - ⏱️ Time synced offset=-50ms
2026-05-15 08:12:21,478 - WARNING - 💥 Loop error: Signed GET /fapi/v2/balance failed: Binance 401: {'code': -2015, 'msg': 'Invalid API-key, IP, or permissions for action, request ip: 49.49.230.210'}
2026-05-15 08:12:46,608 - WARNING - 💥 Loop error: Signed GET /fapi/v2/balance failed: Binance 401: {'code': -2015, 'msg': 'Invalid API-key, IP, or permissions for action, request ip: 49.49.230.210'}
2026-05-15 08:13:11,282 - WARNING - 💥 Loop error: Signed GET /fapi/v2/balance failed: Binance 401: {'code': -2015, 'msg': 'Invalid API-key, IP, or permissions for action, request ip: 49.49.230.210'}
2026-05-15 08:13:35,877 - WARNING - 💥 Loop error: Signed GET /fapi/v2/balance failed: Binance 401: {'code': -2015, 'msg': 'Invalid API-key, IP, or permissions for action, request ip: 49.49.230.210'}
2026-05-15 08:14:00,810 - WARNING - 💥 Loop error: Signed GET /fapi/v2/balance failed: Binance 401: {'code': -2015, 'msg': 'Invalid API-key, IP, or permissions for action, request ip: 49.49.230.210'}
2026-05-15 08:14:25,470 - WARNING - 💥 Loop error: Signed GET /fapi/v2/balance failed: Binance 401: {'code': -2015, 'msg': 'Invalid API-key, IP, or permissions for action, request ip: 49.49.230.210'}
2026-05-15 08:14:50,200 - WARNING - 💥 Loop error: Signed GET /fapi/v2/balance failed: Binance 401: {'code': -2015, 'msg': 'Invalid API-key, IP, or permissions for action, request ip: 49.49.230.210'}
2026-05-15 08:15:16,549 - WARNING - 💥 Loop error: Signed GET /fapi/v2/balance failed: Binance 401: {'code': -2015, 'msg': 'Invalid API-key, IP, or permissions for action, request ip: 49.49.230.210'}
2026-05-15 08:15:41,384 - WARNING - 💥 Loop error: Signed GET /fapi/v2/balance failed: Binance 401: {'code': -2015, 'msg': 'Invalid API-key, IP, or permissions for action, request ip: 49.49.230.210'}
2026-05-15 08:16:06,472 - WARNING - 💥 Loop error: Signed GET /fapi/v2/balance failed: Binance 401: {'code': -2015, 'msg': 'Invalid API-key, IP, or permissions for action, request ip: 49.49.230.210'}
2026-05-15 08:16:31,177 - WARNING - 💥 Loop error: Signed GET /fapi/v2/balance failed: Binance 401: {'code': -2015, 'msg': 'Invalid API-key, IP, or permissions for action, request ip: 49.49.230.210'}
2026-05-15 08:16:56,173 - WARNING - 💥 Loop error: Signed GET /fapi/v2/balance failed: Binance 401: {'code': -2015, 'msg': 'Invalid API-key, IP, or permissions for action, request ip: 49.49.230.210'}
2026-05-15 08:17:18,292 - INFO - ⏱️ Time synced offset=-48ms
2026-05-15 08:17:23,239 - WARNING - 💥 Loop error: Signed GET /fapi/v2/balance failed: Binance 401: {'code': -2015, 'msg': 'Invalid API-key, IP, or permissions for action, request ip: 49.49.230.210'}
2026-05-15 08:17:48,406 - WARNING - 💥 Loop error: Signed GET /fapi/v2/balance failed: Binance 401: {'code': -2015, 'msg': 'Invalid API-key, IP, or permissions for action, request ip: 49.49.230.210'}
2026-05-15 08:18:13,354 - WARNING - 💥 Loop error: Signed GET /fapi/v2/balance failed: Binance 401: {'code': -2015, 'msg': 'Invalid API-key, IP, or permissions for action, request ip: 49.49.230.210'}
2026-05-15 08:18:38,345 - WARNING - 💥 Loop error: Signed GET /fapi/v2/balance failed: Binance 401: {'code': -2015, 'msg': 'Invalid API-key, IP, or permissions for action, request ip: 49.49.230.210'}
2026-05-15 08:19:03,349 - WARNING - 💥 Loop error: Signed GET /fapi/v2/balance failed: Binance 401: {'code': -2015, 'msg': 'Invalid API-key, IP, or permissions for action, request ip: 49.49.230.210'}
2026-05-15 08:19:28,030 - WARNING - 💥 Loop error: Signed GET /fapi/v2/balance failed: Binance 401: {'code': -2015, 'msg': 'Invalid API-key, IP, or permissions for action, request ip: 49.49.230.210'}
2026-05-15 08:19:53,189 - WARNING - 💥 Loop error: Signed GET /fapi/v2/balance failed: Binance 401: {'code': -2015, 'msg': 'Invalid API-key, IP, or permissions for action, request ip: 49.49.230.210'}
2026-05-15 08:20:18,094 - WARNING - 💥 Loop error: Signed GET /fapi/v2/balance failed: Binance 401: {'code': -2015, 'msg': 'Invalid API-key, IP, or permissions for action, request ip: 49.49.230.210'}
2026-05-15 08:20:43,287 - WARNING - 💥 Loop error: Signed GET /fapi/v2/balance failed: Binance 401: {'code': -2015, 'msg': 'Invalid API-key, IP, or permissions for action, request ip: 49.49.230.210'}
2026-05-15 08:21:08,629 - WARNING - 💥 Loop error: Signed GET /fapi/v2/balance failed: Binance 401: {'code': -2015, 'msg': 'Invalid API-key, IP, or permissions for action, request ip: 49.49.230.210'}
2026-05-15 08:21:33,504 - WARNING - 💥 Loop error: Signed GET /fapi/v2/balance failed: Binance 401: {'code': -2015, 'msg': 'Invalid API-key, IP, or permissions for action, request ip: 49.49.230.210'}
2026-05-15 08:21:59,096 - WARNING - 💥 Loop error: Signed GET /fapi/v2/balance failed: Binance 401: {'code': -2015, 'msg': 'Invalid API-key, IP, or permissions for action, request ip: 49.49.230.210'}
2026-05-15 08:22:20,965 - INFO - ⏱️ Time synced offset=-54ms
2026-05-15 08:22:25,681 - WARNING - 💥 Loop error: Signed GET /fapi/v2/balance failed: Binance 401: {'code': -2015, 'msg': 'Invalid API-key, IP, or permissions for action, request ip: 49.49.230.210'}
2026-05-15 08:22:50,378 - WARNING - 💥 Loop error: Signed GET /fapi/v2/balance failed: Binance 401: {'code': -2015, 'msg': 'Invalid API-key, IP, or permissions for action, request ip: 49.49.230.210'}
2026-05-15 08:23:15,468 - WARNING - 💥 Loop error: Signed GET /fapi/v2/balance failed: Binance 401: {'code': -2015, 'msg': 'Invalid API-key, IP, or permissions for action, request ip: 49.49.230.210'}
2026-05-15 08:23:40,247 - WARNING - 💥 Loop error: Signed GET /fapi/v2/balance failed: Binance 401: {'code': -2015, 'msg': 'Invalid API-key, IP, or permissions for action, request ip: 49.49.230.210'}
2026-05-15 08:24:05,098 - WARNING - 💥 Loop error: Signed GET /fapi/v2/balance failed: Binance 401: {'code': -2015, 'msg': 'Invalid API-key, IP, or permissions for action, request ip: 49.49.230.210'}
2026-05-15 08:24:31,910 - WARNING - 💥 Loop error: Signed GET /fapi/v2/balance failed: Binance 401: {'code': -2015, 'msg': 'Invalid API-key, IP, or permissions for action, request ip: 49.49.230.210'}
2026-05-15 08:24:57,267 - WARNING - 💥 Loop error: Signed GET /fapi/v2/balance failed: Binance 401: {'code': -2015, 'msg': 'Invalid API-key, IP, or permissions for action, request ip: 49.49.230.210'}
2026-05-15 08:25:21,979 - WARNING - 💥 Loop error: Signed GET /fapi/v2/balance failed: Binance 401: {'code': -2015, 'msg': 'Invalid API-key, IP, or permissions for action, request ip: 49.49.230.210'}
2026-05-15 08:25:47,022 - WARNING - 💥 Loop error: Signed GET /fapi/v2/balance failed: Binance 401: {'code': -2015, 'msg': 'Invalid API-key, IP, or permissions for action, request ip: 49.49.230.210'}
2026-05-15 08:26:12,038 - WARNING - 💥 Loop error: Signed GET /fapi/v2/balance failed: Binance 401: {'code': -2015, 'msg': 'Invalid API-key, IP, or permissions for action, request ip: 49.49.230.210'}
2026-05-15 08:26:39,268 - WARNING - 💥 Loop error: Signed GET /fapi/v2/balance failed: Binance 401: {'code': -2015, 'msg': 'Invalid API-key, IP, or permissions for action, request ip: 49.49.230.210'}
2026-05-15 08:27:04,655 - WARNING - 💥 Loop error: Signed GET /fapi/v2/balance failed: Binance 401: {'code': -2015, 'msg': 'Invalid API-key, IP, or permissions for action, request ip: 49.49.230.210'}
2026-05-15 08:27:26,606 - INFO - ⏱️ Time synced offset=-48ms
2026-05-15 08:27:31,355 - WARNING - 💥 Loop error: Signed GET /fapi/v2/balance failed: Binance 401: {'code': -2015, 'msg': 'Invalid API-key, IP, or permissions for action, request ip: 49.49.230.210'}
2026-05-15 08:27:56,044 - WARNING - 💥 Loop error: Signed GET /fapi/v2/balance failed: Binance 401: {'code': -2015, 'msg': 'Invalid API-key, IP, or permissions for action, request ip: 49.49.230.210'}
2026-05-15 08:28:20,897 - WARNING - 💥 Loop error: Signed GET /fapi/v2/balance failed: Binance 401: {'code': -2015, 'msg': 'Invalid API-key, IP, or permissions for action, request ip: 49.49.230.210'}
2026-05-15 08:28:45,918 - WARNING - 💥 Loop error: Signed GET /fapi/v2/balance failed: Binance 401: {'code': -2015, 'msg': 'Invalid API-key, IP, or permissions for action, request ip: 49.49.230.210'}
2026-05-15 08:29:10,908 - WARNING - 💥 Loop error: Signed GET /fapi/v2/balance failed: Binance 401: {'code': -2015, 'msg': 'Invalid API-key, IP, or permissions for action, request ip: 49.49.230.210'}
2026-05-15 08:29:35,523 - WARNING - 💥 Loop error: Signed GET /fapi/v2/balance failed: Binance 401: {'code': -2015, 'msg': 'Invalid API-key, IP, or permissions for action, request ip: 49.49.230.210'}
2026-05-15 08:30:02,006 - WARNING - 💥 Loop error: Signed GET /fapi/v2/balance failed: Binance 401: {'code': -2015, 'msg': 'Invalid API-key, IP, or permissions for action, request ip: 49.49.230.210'}
2026-05-15 08:30:25,940 - INFO - ✅ Binance connection recovered
2026-05-15 08:30:25,940 - INFO - [STATS] Hourly rejections (of 228 attempts): {'no_donchian_breakout': '213(93%)', 'adx_too_high': '15(7%)'}
2026-05-15 08:30:25,941 - INFO - 📊 Balance=30.04 USDT | available=30.04 USDT | lev=3x | daily=+0.00% | trades=0/5 | session=✅ | open_positions=0
2026-05-15 08:30:25,941 - INFO - 🔎 BTCUSDT
2026-05-15 08:30:29,385 - INFO - ⏸️ BTCUSDT no signal: no Donchian breakout
2026-05-15 08:31:04,328 - INFO - 📊 Balance=30.04 USDT | available=30.04 USDT | lev=3x | daily=+0.00% | trades=0/5 | session=✅ | open_positions=0
2026-05-15 08:31:04,330 - INFO - 🔎 BTCUSDT
