2026-04-27 11:36:04,649 - INFO - ════════════════════════════════════════════════════════════════
2026-04-27 11:36:04,649 - INFO - 🤖 Hybrid BTC/ETH/SOL bot started
2026-04-27 11:36:04,650 - INFO - 🧪 DRY_RUN=True | 🧠 AI_VALIDATOR=False | symbols=BTCUSDT,ETHUSDT,SOLUSDT
2026-04-27 11:36:04,650 - INFO - ════════════════════════════════════════════════════════════════
2026-04-27 11:36:05,440 - INFO - ⏱️ Time synced offset=-95ms
2026-04-27 11:36:06,190 - INFO - ✅ Set margin BTCUSDT: already ISOLATED
2026-04-27 11:36:06,927 - INFO - ⚙️ Set leverage BTCUSDT=1x
2026-04-27 11:36:07,647 - INFO - ✅ Set margin ETHUSDT: already ISOLATED
2026-04-27 11:36:08,325 - INFO - ⚙️ Set leverage ETHUSDT=1x
2026-04-27 11:36:09,497 - INFO - ✅ Set margin SOLUSDT: already ISOLATED
2026-04-27 11:36:10,421 - INFO - ⚙️ Set leverage SOLUSDT=1x
2026-04-27 11:36:11,325 - INFO - 📊 Balance=5006.57 | trades_today=6
2026-04-27 11:36:11,325 - INFO - 🚦 New entries paused: max trades per day reached. Existing positions still managed.
2026-04-27 11:36:11,325 - INFO - 🔎 --- BTCUSDT ---
2026-04-27 11:36:14,659 - INFO - 📈 BTCUSDT | 1m close=79180.00 ema20=79095.01 ema50=79095.97 rsi=55.2 atr=165.20 atr%=0.21 vol=1.38 UP | 5m close=79015.30 ema20=79082.40 ema50=78962.67 rsi=43.0 atr=155.84 atr%=0.20 vol=1.36 DOWN | 15m close=79197.90 ema20=78936.01 ema50=78583.49 rsi=49.7 atr=230.32 atr%=0.29 vol=0.86 UP | 1h close=79121.00 ema20=78374.93 ema50=78016.43 rsi=84.1 atr=374.27 atr%=0.47 vol=1.56 UP
2026-04-27 11:36:16,721 - INFO - 📌 BTCUSDT existing position amount=0.0057 entry=78197.2 mark=78987.3
2026-04-27 11:36:17,588 - WARNING - 🛡️ BTCUSDT has unprotected position; placing emergency SL/TP side=BUY qty=0.0057 sl=78002.41 tp=78477.70
2026-04-27 11:36:17,589 - INFO - 🧪 DRY_RUN STOP_MARKET {'symbol': 'BTCUSDT', 'side': 'SELL', 'type': 'STOP_MARKET', 'stopPrice': 78002.41, 'quantity': 0.0057, 'reduceOnly': 'true', 'workingType': 'MARK_PRICE'}
2026-04-27 11:36:17,589 - INFO - 🧪 DRY_RUN TAKE_PROFIT_MARKET {'symbol': 'BTCUSDT', 'side': 'SELL', 'type': 'TAKE_PROFIT_MARKET', 'stopPrice': 78477.7, 'quantity': 0.0057, 'reduceOnly': 'true', 'workingType': 'MARK_PRICE'}
2026-04-27 11:36:17,589 - INFO - 🔎 --- ETHUSDT ---
2026-04-27 11:36:20,808 - INFO - 📈 ETHUSDT | 1m close=2395.95 ema20=2393.12 ema50=2393.51 rsi=55.4 atr=4.89 atr%=0.20 vol=0.18 UP | 5m close=2391.02 ema20=2392.58 ema50=2386.96 rsi=35.7 atr=4.80 atr%=0.20 vol=1.29 DOWN | 15m close=2391.00 ema20=2384.82 ema50=2370.20 rsi=59.0 atr=7.48 atr%=0.31 vol=0.97 UP | 1h close=2396.67 ema20=2360.58 ema50=2341.92 rsi=85.4 atr=13.43 atr%=0.56 vol=1.17 UP
2026-04-27 11:36:22,389 - WARNING - 🛑 Bot stopped by user
2026-04-27 11:36:53,517 - INFO - ════════════════════════════════════════════════════════════════
2026-04-27 11:36:53,518 - INFO - 🤖 Hybrid BTC/ETH/SOL bot started
2026-04-27 11:36:53,518 - INFO - 🧪 DRY_RUN=True | 🧠 AI_VALIDATOR=False | symbols=BTCUSDT,ETHUSDT,SOLUSDT
2026-04-27 11:36:53,518 - INFO - ════════════════════════════════════════════════════════════════
2026-04-27 11:36:57,631 - INFO - ⏱️ Time synced offset=-100ms
2026-04-27 11:36:58,566 - INFO - ✅ Set margin BTCUSDT: already ISOLATED
2026-04-27 11:36:59,338 - INFO - ⚙️ Set leverage BTCUSDT=1x
2026-04-27 11:37:00,043 - INFO - ✅ Set margin ETHUSDT: already ISOLATED
2026-04-27 11:37:00,806 - INFO - ⚙️ Set leverage ETHUSDT=1x
2026-04-27 11:37:01,540 - INFO - ✅ Set margin SOLUSDT: already ISOLATED
2026-04-27 11:37:02,295 - INFO - ⚙️ Set leverage SOLUSDT=1x
2026-04-27 11:37:03,073 - INFO - 📊 Balance=5006.57 | trades_today=6
2026-04-27 11:37:03,073 - INFO - 🚦 New entries paused: max trades per day reached. Existing positions still managed.
2026-04-27 11:37:03,074 - INFO - 🔎 --- BTCUSDT ---
2026-04-27 11:37:06,447 - INFO - 📈 BTCUSDT | 1m close=79180.00 ema20=79095.01 ema50=79095.97 rsi=55.2 atr=165.20 atr%=0.21 vol=1.38 UP | 5m close=79015.30 ema20=79082.40 ema50=78962.67 rsi=43.0 atr=155.84 atr%=0.20 vol=1.36 DOWN | 15m close=79197.90 ema20=78936.01 ema50=78583.49 rsi=49.7 atr=230.32 atr%=0.29 vol=0.86 UP | 1h close=79121.00 ema20=78374.93 ema50=78016.43 rsi=84.1 atr=374.27 atr%=0.47 vol=1.56 UP
2026-04-27 11:37:07,145 - INFO - 📌 BTCUSDT existing position amount=0.0057 entry=78197.2 mark=79013.8
2026-04-27 11:37:08,165 - WARNING - 🛡️ BTCUSDT has unprotected position; placing emergency SL/TP side=BUY qty=0.0057 sl=78002.41 tp=78477.70
2026-04-27 11:37:08,166 - INFO - 🧪 DRY_RUN STOP_MARKET {'symbol': 'BTCUSDT', 'side': 'SELL', 'type': 'STOP_MARKET', 'stopPrice': 78002.41, 'quantity': 0.0057, 'reduceOnly': 'true', 'workingType': 'MARK_PRICE'}
2026-04-27 11:37:08,166 - INFO - 🧪 DRY_RUN TAKE_PROFIT_MARKET {'symbol': 'BTCUSDT', 'side': 'SELL', 'type': 'TAKE_PROFIT_MARKET', 'stopPrice': 78477.7, 'quantity': 0.0057, 'reduceOnly': 'true', 'workingType': 'MARK_PRICE'}
2026-04-27 11:37:08,166 - INFO - 🔎 --- ETHUSDT ---
2026-04-27 11:37:14,584 - INFO - 📈 ETHUSDT | 1m close=2396.09 ema20=2393.41 ema50=2393.62 rsi=49.4 atr=4.89 atr%=0.20 vol=0.00 UP | 5m close=2391.02 ema20=2392.58 ema50=2386.96 rsi=35.7 atr=4.80 atr%=0.20 vol=1.29 DOWN | 15m close=2391.00 ema20=2384.82 ema50=2370.20 rsi=59.0 atr=7.48 atr%=0.31 vol=0.97 UP | 1h close=2396.67 ema20=2360.58 ema50=2341.92 rsi=85.4 atr=13.43 atr%=0.56 vol=1.17 UP
2026-04-27 11:37:15,438 - INFO - 🔎 --- SOLUSDT ---
2026-04-27 11:37:18,520 - INFO - 📈 SOLUSDT | 1m close=87.62 ema20=87.62 ema50=87.67 rsi=66.7 atr=0.02 atr%=0.02 vol=0.58 UP | 5m close=87.61 ema20=87.68 ema50=87.52 rsi=35.1 atr=0.20 atr%=0.22 vol=0.03 DOWN | 15m close=87.61 ema20=87.43 ema50=87.06 rsi=60.2 atr=0.33 atr%=0.38 vol=1.64 UP | 1h close=87.69 ema20=86.86 ema50=86.53 rsi=83.7 atr=0.47 atr%=0.54 vol=1.15 UP
2026-04-27 11:37:50,139 - INFO - 📊 Balance=5006.57 | trades_today=6
2026-04-27 11:37:50,140 - INFO - 🚦 New entries paused: max trades per day reached. Existing positions still managed.
2026-04-27 11:37:50,140 - INFO - 🔎 --- BTCUSDT ---
2026-04-27 11:37:53,407 - INFO - 📈 BTCUSDT | 1m close=79014.80 ema20=79087.38 ema50=79092.79 rsi=49.9 atr=165.06 atr%=0.21 vol=1.16 DOWN | 5m close=79015.30 ema20=79082.40 ema50=78962.67 rsi=43.0 atr=155.84 atr%=0.20 vol=1.36 DOWN | 15m close=79197.90 ema20=78936.01 ema50=78583.49 rsi=49.7 atr=230.32 atr%=0.29 vol=0.86 UP | 1h close=79121.00 ema20=78374.93 ema50=78016.43 rsi=84.1 atr=374.27 atr%=0.47 vol=1.56 UP
2026-04-27 11:37:54,093 - INFO - 📌 BTCUSDT existing position amount=0.0057 entry=78197.2 mark=79016.7235625
2026-04-27 11:37:54,963 - WARNING - 🛡️ BTCUSDT has unprotected position; placing emergency SL/TP side=BUY qty=0.0057 sl=78002.41 tp=78477.70
2026-04-27 11:37:54,964 - INFO - 🧪 DRY_RUN STOP_MARKET {'symbol': 'BTCUSDT', 'side': 'SELL', 'type': 'STOP_MARKET', 'stopPrice': 78002.41, 'quantity': 0.0057, 'reduceOnly': 'true', 'workingType': 'MARK_PRICE'}
2026-04-27 11:37:54,964 - INFO - 🧪 DRY_RUN TAKE_PROFIT_MARKET {'symbol': 'BTCUSDT', 'side': 'SELL', 'type': 'TAKE_PROFIT_MARKET', 'stopPrice': 78477.7, 'quantity': 0.0057, 'reduceOnly': 'true', 'workingType': 'MARK_PRICE'}
2026-04-27 11:37:54,964 - INFO - 🔎 --- ETHUSDT ---
2026-04-27 11:37:59,314 - INFO - 📈 ETHUSDT | 1m close=2396.09 ema20=2393.41 ema50=2393.62 rsi=49.4 atr=4.89 atr%=0.20 vol=0.00 UP | 5m close=2391.02 ema20=2392.58 ema50=2386.96 rsi=35.7 atr=4.80 atr%=0.20 vol=1.29 DOWN | 15m close=2391.00 ema20=2384.82 ema50=2370.20 rsi=59.0 atr=7.48 atr%=0.31 vol=0.97 UP | 1h close=2396.67 ema20=2360.58 ema50=2341.92 rsi=85.4 atr=13.43 atr%=0.56 vol=1.17 UP
2026-04-27 11:38:00,050 - INFO - 🔎 --- SOLUSDT ---
2026-04-27 11:38:04,532 - INFO - 📈 SOLUSDT | 1m close=87.62 ema20=87.62 ema50=87.67 rsi=66.7 atr=0.02 atr%=0.02 vol=0.58 UP | 5m close=87.61 ema20=87.68 ema50=87.52 rsi=35.1 atr=0.20 atr%=0.22 vol=0.03 DOWN | 15m close=87.61 ema20=87.43 ema50=87.06 rsi=60.2 atr=0.33 atr%=0.38 vol=1.64 UP | 1h close=87.69 ema20=86.86 ema50=86.53 rsi=83.7 atr=0.47 atr%=0.54 vol=1.15 UP
2026-04-27 11:38:42,830 - INFO - ════════════════════════════════════════════════════════════════
2026-04-27 11:38:42,831 - INFO - 🤖 Hybrid BTC/ETH/SOL bot started
2026-04-27 11:38:42,831 - INFO - 🧪 DRY_RUN=True | 🧠 AI_VALIDATOR=False | symbols=BTCUSDT,ETHUSDT,SOLUSDT
2026-04-27 11:38:42,831 - INFO - ════════════════════════════════════════════════════════════════
2026-04-27 11:38:43,690 - INFO - ⏱️ Time synced offset=-98ms
2026-04-27 11:38:44,387 - INFO - ✅ Set margin BTCUSDT: already ISOLATED
2026-04-27 11:38:45,076 - INFO - ⚙️ Set leverage BTCUSDT=1x
2026-04-27 11:38:45,760 - INFO - ✅ Set margin ETHUSDT: already ISOLATED
2026-04-27 11:38:46,481 - INFO - ⚙️ Set leverage ETHUSDT=1x
2026-04-27 11:39:08,854 - INFO - ════════════════════════════════════════════════════════════════
2026-04-27 11:39:08,854 - INFO - 🤖 Hybrid BTC/ETH/SOL bot started
2026-04-27 11:39:08,855 - INFO - 🧪 DRY_RUN=False | 🧠 AI_VALIDATOR=False | symbols=BTCUSDT,ETHUSDT,SOLUSDT
2026-04-27 11:39:08,855 - INFO - ════════════════════════════════════════════════════════════════
2026-04-27 11:39:09,902 - INFO - ⏱️ Time synced offset=-95ms
2026-04-27 11:39:10,737 - INFO - ✅ Set margin BTCUSDT: already ISOLATED
2026-04-27 11:39:11,439 - INFO - ⚙️ Set leverage BTCUSDT=1x
2026-04-27 11:39:12,150 - INFO - ✅ Set margin ETHUSDT: already ISOLATED
2026-04-27 11:39:12,836 - INFO - ⚙️ Set leverage ETHUSDT=1x
2026-04-27 11:39:14,547 - INFO - ✅ Set margin SOLUSDT: already ISOLATED
2026-04-27 11:39:15,253 - INFO - ⚙️ Set leverage SOLUSDT=1x
2026-04-27 11:39:16,526 - INFO - 📊 Balance=5006.57 | trades_today=6
2026-04-27 11:39:16,526 - INFO - 🚦 New entries paused: max trades per day reached. Existing positions still managed.
2026-04-27 11:39:16,526 - INFO - 🔎 --- BTCUSDT ---
2026-04-27 11:39:21,376 - INFO - 📈 BTCUSDT | 1m close=79054.00 ema20=79078.40 ema50=79088.52 rsi=51.1 atr=174.91 atr%=0.22 vol=0.06 DOWN | 5m close=79015.30 ema20=79082.40 ema50=78962.67 rsi=43.0 atr=155.84 atr%=0.20 vol=1.36 DOWN | 15m close=79197.90 ema20=78936.01 ema50=78583.49 rsi=49.7 atr=230.32 atr%=0.29 vol=0.86 UP | 1h close=79121.00 ema20=78374.93 ema50=78016.43 rsi=84.1 atr=374.27 atr%=0.47 vol=1.56 UP
2026-04-27 11:39:22,068 - INFO - 📌 BTCUSDT existing position amount=0.0057 entry=78197.2 mark=79081.7
2026-04-27 11:39:23,652 - WARNING - 🛡️ BTCUSDT has unprotected position; placing emergency SL/TP side=BUY qty=0.0057 sl=78002.41 tp=78477.70
2026-04-27 11:39:24,353 - WARNING - 💥 Loop error: Binance error 400: {'code': -4120, 'msg': 'Order type not supported for this endpoint. Please use the Algo Order API endpoints instead.'}
2026-04-27 11:39:58,424 - INFO - 📊 Balance=5006.57 | trades_today=6
2026-04-27 11:39:58,424 - INFO - 🚦 New entries paused: max trades per day reached. Existing positions still managed.
2026-04-27 11:39:58,425 - INFO - 🔎 --- BTCUSDT ---
2026-04-27 11:40:07,805 - INFO - 📈 BTCUSDT | 1m close=79054.00 ema20=79078.40 ema50=79088.52 rsi=51.1 atr=174.91 atr%=0.22 vol=0.06 DOWN | 5m close=79015.30 ema20=79082.40 ema50=78962.67 rsi=43.0 atr=155.84 atr%=0.20 vol=1.36 DOWN | 15m close=79197.90 ema20=78936.01 ema50=78583.49 rsi=49.7 atr=230.32 atr%=0.29 vol=0.86 UP | 1h close=79121.00 ema20=78374.93 ema50=78016.43 rsi=84.1 atr=374.27 atr%=0.47 vol=1.56 UP
2026-04-27 11:40:08,567 - INFO - 📌 BTCUSDT existing position amount=0.0057 entry=78197.2 mark=79064.85504167
2026-04-27 11:40:10,284 - WARNING - 🛡️ BTCUSDT has unprotected position; placing emergency SL/TP side=BUY qty=0.0057 sl=78002.41 tp=78477.70
2026-04-27 11:40:11,004 - WARNING - 💥 Loop error: Binance error 400: {'code': -4120, 'msg': 'Order type not supported for this endpoint. Please use the Algo Order API endpoints instead.'}
2026-04-27 11:40:42,960 - INFO - 📊 Balance=5006.57 | trades_today=6
2026-04-27 11:40:42,960 - INFO - 🚦 New entries paused: max trades per day reached. Existing positions still managed.
2026-04-27 11:40:42,961 - INFO - 🔎 --- BTCUSDT ---
2026-04-27 11:40:46,653 - INFO - 📈 BTCUSDT | 1m close=79084.00 ema20=79078.93 ema50=79088.34 rsi=52.4 atr=167.24 atr%=0.21 vol=0.00 UP | 5m close=79084.00 ema20=79082.55 ema50=78967.42 rsi=46.9 atr=161.24 atr%=0.20 vol=0.52 UP | 15m close=79197.90 ema20=78936.01 ema50=78583.49 rsi=49.7 atr=230.32 atr%=0.29 vol=0.86 UP | 1h close=79121.00 ema20=78374.93 ema50=78016.43 rsi=84.1 atr=374.27 atr%=0.47 vol=1.56 UP
2026-04-27 11:40:47,403 - INFO - 📌 BTCUSDT existing position amount=0.0057 entry=78197.2 mark=79030.0
2026-04-27 11:40:48,921 - WARNING - 🛡️ BTCUSDT has unprotected position; placing emergency SL/TP side=BUY qty=0.0057 sl=77995.65 tp=78487.44
2026-04-27 11:40:50,097 - WARNING - 💥 Loop error: Binance error 400: {'code': -4120, 'msg': 'Order type not supported for this endpoint. Please use the Algo Order API endpoints instead.'}
2026-04-27 11:41:21,130 - INFO - 📊 Balance=5006.57 | trades_today=6
2026-04-27 11:41:21,131 - INFO - 🚦 New entries paused: max trades per day reached. Existing positions still managed.
2026-04-27 11:41:21,131 - INFO - 🔎 --- BTCUSDT ---
2026-04-27 11:41:27,857 - INFO - 📈 BTCUSDT | 1m close=79035.40 ema20=79074.79 ema50=79086.27 rsi=43.2 atr=158.40 atr%=0.20 vol=0.00 DOWN | 5m close=79084.00 ema20=79082.55 ema50=78967.42 rsi=46.9 atr=161.24 atr%=0.20 vol=0.52 UP | 15m close=79197.90 ema20=78936.01 ema50=78583.49 rsi=49.7 atr=230.32 atr%=0.29 vol=0.86 UP | 1h close=79121.00 ema20=78374.93 ema50=78016.43 rsi=84.1 atr=374.27 atr%=0.47 vol=1.56 UP
2026-04-27 11:41:28,844 - INFO - 📌 BTCUSDT existing position amount=0.0057 entry=78197.2 mark=79051.40329167
2026-04-27 11:41:30,420 - WARNING - 🛡️ BTCUSDT has unprotected position; placing emergency SL/TP side=BUY qty=0.0057 sl=77995.65 tp=78487.44
2026-04-27 11:41:31,096 - WARNING - 💥 Loop error: Binance error 400: {'code': -4120, 'msg': 'Order type not supported for this endpoint. Please use the Algo Order API endpoints instead.'}
2026-04-27 11:42:02,110 - INFO - 📊 Balance=5006.57 | trades_today=6
2026-04-27 11:42:02,110 - INFO - 🚦 New entries paused: max trades per day reached. Existing positions still managed.
2026-04-27 11:42:02,110 - INFO - 🔎 --- BTCUSDT ---
2026-04-27 11:42:06,328 - INFO - 📈 BTCUSDT | 1m close=79035.40 ema20=79074.79 ema50=79086.27 rsi=43.2 atr=158.40 atr%=0.20 vol=0.00 DOWN | 5m close=79084.00 ema20=79082.55 ema50=78967.42 rsi=46.9 atr=161.24 atr%=0.20 vol=0.52 UP | 15m close=79197.90 ema20=78936.01 ema50=78583.49 rsi=49.7 atr=230.32 atr%=0.29 vol=0.86 UP | 1h close=79121.00 ema20=78374.93 ema50=78016.43 rsi=84.1 atr=374.27 atr%=0.47 vol=1.56 UP
2026-04-27 11:42:07,603 - INFO - 📌 BTCUSDT existing position amount=0.0057 entry=78197.2 mark=79050.05572917
2026-04-27 11:42:12,714 - WARNING - 🛡️ BTCUSDT has unprotected position; placing emergency SL/TP side=BUY qty=0.0057 sl=77995.65 tp=78487.44
2026-04-27 11:42:13,777 - WARNING - 💥 Loop error: Binance error 400: {'code': -4120, 'msg': 'Order type not supported for this endpoint. Please use the Algo Order API endpoints instead.'}
2026-04-27 11:42:44,786 - INFO - 📊 Balance=5006.57 | trades_today=6
2026-04-27 11:42:44,786 - INFO - 🚦 New entries paused: max trades per day reached. Existing positions still managed.
2026-04-27 11:42:44,786 - INFO - 🔎 --- BTCUSDT ---
2026-04-27 11:42:50,300 - INFO - 📈 BTCUSDT | 1m close=79064.50 ema20=79073.81 ema50=79085.42 rsi=49.3 atr=157.01 atr%=0.20 vol=0.04 DOWN | 5m close=79084.00 ema20=79082.55 ema50=78967.42 rsi=46.9 atr=161.24 atr%=0.20 vol=0.52 UP | 15m close=79197.90 ema20=78936.01 ema50=78583.49 rsi=49.7 atr=230.32 atr%=0.29 vol=0.86 UP | 1h close=79121.00 ema20=78374.93 ema50=78016.43 rsi=84.1 atr=374.27 atr%=0.47 vol=1.56 UP
2026-04-27 11:42:51,210 - INFO - 📌 BTCUSDT existing position amount=0.0057 entry=78197.2 mark=79049.6
2026-04-27 11:42:52,809 - WARNING - 🛡️ BTCUSDT has unprotected position; placing emergency SL/TP side=BUY qty=0.0057 sl=77995.65 tp=78487.44
2026-04-27 11:42:53,494 - WARNING - 💥 Loop error: Binance error 400: {'code': -4120, 'msg': 'Order type not supported for this endpoint. Please use the Algo Order API endpoints instead.'}
2026-04-27 11:43:24,487 - INFO - 📊 Balance=5006.57 | trades_today=6
2026-04-27 11:43:24,487 - INFO - 🚦 New entries paused: max trades per day reached. Existing positions still managed.
2026-04-27 11:43:24,487 - INFO - 🔎 --- BTCUSDT ---
2026-04-27 11:43:28,291 - INFO - 📈 BTCUSDT | 1m close=79053.80 ema20=79071.90 ema50=79084.17 rsi=42.8 atr=149.55 atr%=0.19 vol=0.00 DOWN | 5m close=79084.00 ema20=79082.55 ema50=78967.42 rsi=46.9 atr=161.24 atr%=0.20 vol=0.52 UP | 15m close=79197.90 ema20=78936.01 ema50=78583.49 rsi=49.7 atr=230.32 atr%=0.29 vol=0.86 UP | 1h close=79121.00 ema20=78374.93 ema50=78016.43 rsi=84.1 atr=374.27 atr%=0.47 vol=1.56 UP
2026-04-27 11:43:29,292 - INFO - 📌 BTCUSDT existing position amount=0.0057 entry=78197.2 mark=79036.81164583
2026-04-27 11:43:31,105 - WARNING - 🛡️ BTCUSDT has unprotected position; placing emergency SL/TP side=BUY qty=0.0057 sl=77995.65 tp=78487.44
2026-04-27 11:43:31,888 - WARNING - 💥 Loop error: Binance error 400: {'code': -4120, 'msg': 'Order type not supported for this endpoint. Please use the Algo Order API endpoints instead.'}
2026-04-27 11:44:02,616 - INFO - 📊 Balance=5006.57 | trades_today=6
2026-04-27 11:44:02,616 - INFO - 🚦 New entries paused: max trades per day reached. Existing positions still managed.
2026-04-27 11:44:02,616 - INFO - 🔎 --- BTCUSDT ---
2026-04-27 11:44:05,780 - INFO - 📈 BTCUSDT | 1m close=79053.80 ema20=79071.90 ema50=79084.17 rsi=42.8 atr=149.55 atr%=0.19 vol=0.00 DOWN | 5m close=79084.00 ema20=79082.55 ema50=78967.42 rsi=46.9 atr=161.24 atr%=0.20 vol=0.52 UP | 15m close=79197.90 ema20=78936.01 ema50=78583.49 rsi=49.7 atr=230.32 atr%=0.29 vol=0.86 UP | 1h close=79121.00 ema20=78374.93 ema50=78016.43 rsi=84.1 atr=374.27 atr%=0.47 vol=1.56 UP
2026-04-27 11:44:06,471 - INFO - 📌 BTCUSDT existing position amount=0.0057 entry=78197.2 mark=79039.1
2026-04-27 11:44:08,469 - WARNING - 🛡️ BTCUSDT has unprotected position; placing emergency SL/TP side=BUY qty=0.0057 sl=77995.65 tp=78487.44
2026-04-27 11:44:09,382 - WARNING - 💥 Loop error: Binance error 400: {'code': -4120, 'msg': 'Order type not supported for this endpoint. Please use the Algo Order API endpoints instead.'}
2026-04-27 11:44:40,426 - INFO - 📊 Balance=5006.57 | trades_today=6
2026-04-27 11:44:40,426 - INFO - 🚦 New entries paused: max trades per day reached. Existing positions still managed.
2026-04-27 11:44:40,426 - INFO - 🔎 --- BTCUSDT ---
2026-04-27 11:44:43,819 - INFO - 📈 BTCUSDT | 1m close=79035.90 ema20=79068.47 ema50=79082.28 rsi=42.1 atr=140.65 atr%=0.18 vol=2.34 DOWN | 5m close=79084.00 ema20=79082.55 ema50=78967.42 rsi=46.9 atr=161.24 atr%=0.20 vol=0.52 UP | 15m close=79197.90 ema20=78936.01 ema50=78583.49 rsi=49.7 atr=230.32 atr%=0.29 vol=0.86 UP | 1h close=79121.00 ema20=78374.93 ema50=78016.43 rsi=84.1 atr=374.27 atr%=0.47 vol=1.56 UP
2026-04-27 11:44:44,811 - INFO - 📌 BTCUSDT existing position amount=0.0057 entry=78197.2 mark=79039.07233333
2026-04-27 11:44:46,676 - WARNING - 🛡️ BTCUSDT has unprotected position; placing emergency SL/TP side=BUY qty=0.0057 sl=77995.65 tp=78487.44
2026-04-27 11:44:47,411 - WARNING - 💥 Loop error: Binance error 400: {'code': -4120, 'msg': 'Order type not supported for this endpoint. Please use the Algo Order API endpoints instead.'}
2026-04-27 11:45:18,155 - INFO - 📊 Balance=5006.57 | trades_today=6
2026-04-27 11:45:18,155 - INFO - 🚦 New entries paused: max trades per day reached. Existing positions still managed.
2026-04-27 11:45:18,155 - INFO - 🔎 --- BTCUSDT ---
2026-04-27 11:45:22,336 - INFO - 📈 BTCUSDT | 1m close=79029.40 ema20=79064.75 ema50=79080.21 rsi=50.0 atr=128.95 atr%=0.16 vol=0.46 DOWN | 5m close=79029.40 ema20=79077.49 ema50=78969.85 rsi=50.9 atr=154.91 atr%=0.20 vol=0.42 DOWN | 15m close=79029.40 ema20=78944.91 ema50=78600.98 rsi=47.7 atr=213.96 atr%=0.27 vol=0.82 UP | 1h close=79121.00 ema20=78374.93 ema50=78016.43 rsi=84.1 atr=374.27 atr%=0.47 vol=1.56 UP
2026-04-27 11:45:23,519 - INFO - 📌 BTCUSDT existing position amount=0.0057 entry=78197.2 mark=79040.9
2026-04-27 11:45:25,232 - WARNING - 🛡️ BTCUSDT has unprotected position; placing emergency SL/TP side=BUY qty=0.0057 sl=78003.57 tp=78476.03
2026-04-27 11:45:25,923 - WARNING - 💥 Loop error: Binance error 400: {'code': -4120, 'msg': 'Order type not supported for this endpoint. Please use the Algo Order API endpoints instead.'}
2026-04-27 11:45:56,920 - INFO - 📊 Balance=5006.57 | trades_today=6
2026-04-27 11:45:56,921 - INFO - 🚦 New entries paused: max trades per day reached. Existing positions still managed.
2026-04-27 11:45:56,921 - INFO - 🔎 --- BTCUSDT ---
2026-04-27 11:46:01,845 - INFO - 📈 BTCUSDT | 1m close=79029.40 ema20=79064.75 ema50=79080.21 rsi=50.0 atr=128.95 atr%=0.16 vol=0.46 DOWN | 5m close=79029.40 ema20=79077.49 ema50=78969.85 rsi=50.9 atr=154.91 atr%=0.20 vol=0.42 DOWN | 15m close=79029.40 ema20=78944.91 ema50=78600.98 rsi=47.7 atr=213.96 atr%=0.27 vol=0.82 UP | 1h close=79121.00 ema20=78374.93 ema50=78016.43 rsi=84.1 atr=374.27 atr%=0.47 vol=1.56 UP
2026-04-27 11:46:02,565 - INFO - 📌 BTCUSDT existing position amount=0.0057 entry=78197.2 mark=79033.9764375
2026-04-27 11:46:04,092 - WARNING - 🛡️ BTCUSDT has unprotected position; placing emergency SL/TP side=BUY qty=0.0057 sl=78003.57 tp=78476.03
2026-04-27 11:46:04,767 - WARNING - 💥 Loop error: Binance error 400: {'code': -4120, 'msg': 'Order type not supported for this endpoint. Please use the Algo Order API endpoints instead.'}
2026-04-27 11:46:35,658 - INFO - 📊 Balance=5006.57 | trades_today=6
2026-04-27 11:46:35,658 - INFO - 🚦 New entries paused: max trades per day reached. Existing positions still managed.
2026-04-27 11:46:35,658 - INFO - 🔎 --- BTCUSDT ---
2026-04-27 11:46:38,926 - INFO - 📈 BTCUSDT | 1m close=79014.90 ema20=79060.00 ema50=79077.65 rsi=49.1 atr=117.86 atr%=0.15 vol=1.20 DOWN | 5m close=79029.40 ema20=79077.49 ema50=78969.85 rsi=50.9 atr=154.91 atr%=0.20 vol=0.42 DOWN | 15m close=79029.40 ema20=78944.91 ema50=78600.98 rsi=47.7 atr=213.96 atr%=0.27 vol=0.82 UP | 1h close=79121.00 ema20=78374.93 ema50=78016.43 rsi=84.1 atr=374.27 atr%=0.47 vol=1.56 UP
2026-04-27 11:46:39,704 - INFO - 📌 BTCUSDT existing position amount=0.0057 entry=78197.2 mark=79032.7
2026-04-27 11:46:42,656 - WARNING - 🛡️ BTCUSDT has unprotected position; placing emergency SL/TP side=BUY qty=0.0057 sl=78003.57 tp=78476.03
2026-04-27 11:46:43,395 - WARNING - 💥 Loop error: Binance error 400: {'code': -4120, 'msg': 'Order type not supported for this endpoint. Please use the Algo Order API endpoints instead.'}
2026-04-27 11:47:14,451 - INFO - 📊 Balance=5006.57 | trades_today=6
2026-04-27 11:47:14,452 - INFO - 🚦 New entries paused: max trades per day reached. Existing positions still managed.
2026-04-27 11:47:14,452 - INFO - 🔎 --- BTCUSDT ---
2026-04-27 11:47:19,070 - INFO - 📈 BTCUSDT | 1m close=79014.80 ema20=79055.70 ema50=79075.19 rsi=46.1 atr=105.94 atr%=0.13 vol=0.83 DOWN | 5m close=79029.40 ema20=79077.49 ema50=78969.85 rsi=50.9 atr=154.91 atr%=0.20 vol=0.42 DOWN | 15m close=79029.40 ema20=78944.91 ema50=78600.98 rsi=47.7 atr=213.96 atr%=0.27 vol=0.82 UP | 1h close=79121.00 ema20=78374.93 ema50=78016.43 rsi=84.1 atr=374.27 atr%=0.47 vol=1.56 UP
2026-04-27 11:47:19,986 - INFO - 📌 BTCUSDT existing position amount=0.0057 entry=78197.2 mark=79004.0044375
2026-04-27 11:47:21,591 - WARNING - 🛡️ BTCUSDT has unprotected position; placing emergency SL/TP side=BUY qty=0.0057 sl=78003.57 tp=78476.03
2026-04-27 11:47:22,327 - WARNING - 💥 Loop error: Binance error 400: {'code': -4120, 'msg': 'Order type not supported for this endpoint. Please use the Algo Order API endpoints instead.'}
2026-04-27 11:47:53,231 - INFO - 📊 Balance=5006.57 | trades_today=6
2026-04-27 11:47:53,231 - INFO - 🚦 New entries paused: max trades per day reached. Existing positions still managed.
2026-04-27 11:47:53,231 - INFO - 🔎 --- BTCUSDT ---
2026-04-27 11:48:04,340 - INFO - 📈 BTCUSDT | 1m close=79014.80 ema20=79055.70 ema50=79075.19 rsi=46.1 atr=105.94 atr%=0.13 vol=0.83 DOWN | 5m close=79029.40 ema20=79077.49 ema50=78969.85 rsi=50.9 atr=154.91 atr%=0.20 vol=0.42 DOWN | 15m close=79029.40 ema20=78944.91 ema50=78600.98 rsi=47.7 atr=213.96 atr%=0.27 vol=0.82 UP | 1h close=79121.00 ema20=78374.93 ema50=78016.43 rsi=84.1 atr=374.27 atr%=0.47 vol=1.56 UP
2026-04-27 11:48:05,024 - INFO - 📌 BTCUSDT existing position amount=0.0057 entry=78197.2 mark=78991.8
2026-04-27 11:48:06,770 - WARNING - 🛡️ BTCUSDT has unprotected position; placing emergency SL/TP side=BUY qty=0.0057 sl=78003.57 tp=78476.03
2026-04-27 11:48:07,458 - WARNING - 💥 Loop error: Binance error 400: {'code': -4120, 'msg': 'Order type not supported for this endpoint. Please use the Algo Order API endpoints instead.'}
2026-04-27 11:48:39,699 - INFO - 📊 Balance=5006.57 | trades_today=6
2026-04-27 11:48:39,699 - INFO - 🚦 New entries paused: max trades per day reached. Existing positions still managed.
2026-04-27 11:48:39,700 - INFO - 🔎 --- BTCUSDT ---
2026-04-27 11:48:43,342 - INFO - 📈 BTCUSDT | 1m close=79014.80 ema20=79051.80 ema50=79072.82 rsi=37.1 atr=92.63 atr%=0.12 vol=0.01 DOWN | 5m close=79029.40 ema20=79077.49 ema50=78969.85 rsi=50.9 atr=154.91 atr%=0.20 vol=0.42 DOWN | 15m close=79029.40 ema20=78944.91 ema50=78600.98 rsi=47.7 atr=213.96 atr%=0.27 vol=0.82 UP | 1h close=79121.00 ema20=78374.93 ema50=78016.43 rsi=84.1 atr=374.27 atr%=0.47 vol=1.56 UP
2026-04-27 11:48:44,093 - INFO - 📌 BTCUSDT existing position amount=0.0057 entry=78197.2 mark=78975.0
2026-04-27 11:48:45,770 - WARNING - 🛡️ BTCUSDT has unprotected position; placing emergency SL/TP side=BUY qty=0.0057 sl=78003.57 tp=78476.03
2026-04-27 11:48:46,445 - WARNING - 💥 Loop error: Binance error 400: {'code': -4120, 'msg': 'Order type not supported for this endpoint. Please use the Algo Order API endpoints instead.'}
2026-04-27 11:49:17,291 - INFO - 📊 Balance=5006.57 | trades_today=6
2026-04-27 11:49:17,291 - INFO - 🚦 New entries paused: max trades per day reached. Existing positions still managed.
2026-04-27 11:49:17,291 - INFO - 🔎 --- BTCUSDT ---
2026-04-27 11:49:21,886 - INFO - 📈 BTCUSDT | 1m close=79007.20 ema20=79047.56 ema50=79070.25 rsi=49.2 atr=80.04 atr%=0.10 vol=1.46 DOWN | 5m close=79029.40 ema20=79077.49 ema50=78969.85 rsi=50.9 atr=154.91 atr%=0.20 vol=0.42 DOWN | 15m close=79029.40 ema20=78944.91 ema50=78600.98 rsi=47.7 atr=213.96 atr%=0.27 vol=0.82 UP | 1h close=79121.00 ema20=78374.93 ema50=78016.43 rsi=84.1 atr=374.27 atr%=0.47 vol=1.56 UP
2026-04-27 11:49:22,591 - INFO - 📌 BTCUSDT existing position amount=0.0057 entry=78197.2 mark=78975.1
2026-04-27 11:49:24,094 - WARNING - 🛡️ BTCUSDT has unprotected position; placing emergency SL/TP side=BUY qty=0.0057 sl=78003.57 tp=78476.03
2026-04-27 11:49:25,769 - WARNING - 💥 Loop error: Binance error 400: {'code': -4120, 'msg': 'Order type not supported for this endpoint. Please use the Algo Order API endpoints instead.'}
2026-04-27 11:49:57,843 - INFO - 📊 Balance=5006.57 | trades_today=6
2026-04-27 11:49:57,843 - INFO - 🚦 New entries paused: max trades per day reached. Existing positions still managed.
2026-04-27 11:49:57,844 - INFO - 🔎 --- BTCUSDT ---
2026-04-27 11:50:01,056 - INFO - 📈 BTCUSDT | 1m close=79007.20 ema20=79047.56 ema50=79070.25 rsi=49.2 atr=80.04 atr%=0.10 vol=1.46 DOWN | 5m close=79029.40 ema20=79077.49 ema50=78969.85 rsi=50.9 atr=154.91 atr%=0.20 vol=0.42 DOWN | 15m close=79029.40 ema20=78944.91 ema50=78600.98 rsi=47.7 atr=213.96 atr%=0.27 vol=0.82 UP | 1h close=79121.00 ema20=78374.93 ema50=78016.43 rsi=84.1 atr=374.27 atr%=0.47 vol=1.56 UP
2026-04-27 11:50:01,786 - INFO - 📌 BTCUSDT existing position amount=0.0057 entry=78197.2 mark=78951.76186594
2026-04-27 11:50:03,308 - WARNING - 🛡️ BTCUSDT has unprotected position; placing emergency SL/TP side=BUY qty=0.0057 sl=78003.57 tp=78476.03
2026-04-27 11:50:04,196 - WARNING - 💥 Loop error: Binance error 400: {'code': -4120, 'msg': 'Order type not supported for this endpoint. Please use the Algo Order API endpoints instead.'}
2026-04-27 11:50:35,303 - INFO - 📊 Balance=5006.57 | trades_today=6
2026-04-27 11:50:35,303 - INFO - 🚦 New entries paused: max trades per day reached. Existing positions still managed.
2026-04-27 11:50:35,304 - INFO - 🔎 --- BTCUSDT ---
2026-04-27 11:50:38,584 - INFO - 📈 BTCUSDT | 1m close=79007.20 ema20=79043.71 ema50=79067.78 rsi=26.6 atr=66.96 atr%=0.08 vol=1.04 DOWN | 5m close=79007.20 ema20=79070.79 ema50=78971.32 rsi=38.8 atr=141.37 atr%=0.18 vol=0.63 DOWN | 15m close=79029.40 ema20=78944.91 ema50=78600.98 rsi=47.7 atr=213.96 atr%=0.27 vol=0.82 UP | 1h close=79121.00 ema20=78374.93 ema50=78016.43 rsi=84.1 atr=374.27 atr%=0.47 vol=1.56 UP
2026-04-27 11:50:39,834 - INFO - 📌 BTCUSDT existing position amount=0.0057 entry=78197.2 mark=78944.7
2026-04-27 11:50:41,847 - WARNING - 🛡️ BTCUSDT has unprotected position; placing emergency SL/TP side=BUY qty=0.0057 sl=78020.49 tp=78451.67
2026-04-27 11:50:42,527 - WARNING - 💥 Loop error: Binance error 400: {'code': -4120, 'msg': 'Order type not supported for this endpoint. Please use the Algo Order API endpoints instead.'}
2026-04-27 11:51:13,235 - INFO - 📊 Balance=5006.57 | trades_today=6
2026-04-27 11:51:13,235 - INFO - 🚦 New entries paused: max trades per day reached. Existing positions still managed.
2026-04-27 11:51:13,235 - INFO - 🔎 --- BTCUSDT ---
2026-04-27 11:51:17,447 - INFO - 📈 BTCUSDT | 1m close=79007.30 ema20=79040.24 ema50=79065.41 rsi=48.2 atr=53.89 atr%=0.07 vol=1.57 DOWN | 5m close=79007.20 ema20=79070.79 ema50=78971.32 rsi=38.8 atr=141.37 atr%=0.18 vol=0.63 DOWN | 15m close=79029.40 ema20=78944.91 ema50=78600.98 rsi=47.7 atr=213.96 atr%=0.27 vol=0.82 UP | 1h close=79121.00 ema20=78374.93 ema50=78016.43 rsi=84.1 atr=374.27 atr%=0.47 vol=1.56 UP
2026-04-27 11:51:18,395 - INFO - 📌 BTCUSDT existing position amount=0.0057 entry=78197.2 mark=78921.0
2026-04-27 11:51:19,886 - WARNING - 🛡️ BTCUSDT has unprotected position; placing emergency SL/TP side=BUY qty=0.0057 sl=78020.49 tp=78451.67
2026-04-27 11:51:20,586 - WARNING - 💥 Loop error: Binance error 400: {'code': -4120, 'msg': 'Order type not supported for this endpoint. Please use the Algo Order API endpoints instead.'}
2026-04-27 11:51:42,581 - INFO - ════════════════════════════════════════════════════════════════
2026-04-27 11:51:42,582 - INFO - 🤖 Hybrid BTC/ETH/SOL bot started
2026-04-27 11:51:42,582 - INFO - 🧪 DRY_RUN=False | 🧠 AI_VALIDATOR=False | symbols=BTCUSDT,ETHUSDT,SOLUSDT
2026-04-27 11:51:42,582 - INFO - ════════════════════════════════════════════════════════════════
2026-04-27 11:51:43,462 - INFO - ⏱️ Time synced offset=-93ms
2026-04-27 11:51:44,136 - INFO - ✅ Set margin BTCUSDT: already ISOLATED
2026-04-27 11:51:44,832 - INFO - ⚙️ Set leverage BTCUSDT=1x
2026-04-27 11:51:45,521 - INFO - ✅ Set margin ETHUSDT: already ISOLATED
2026-04-27 11:51:46,192 - INFO - ⚙️ Set leverage ETHUSDT=1x
2026-04-27 11:51:46,857 - INFO - ✅ Set margin SOLUSDT: already ISOLATED
2026-04-27 11:51:47,584 - INFO - ⚙️ Set leverage SOLUSDT=1x
2026-04-27 11:51:49,709 - INFO - 📊 Balance=5006.57 | daily=0.00%/10% | trades_today=6
2026-04-27 11:51:49,710 - INFO - 🚦 New entries paused: max trades per day reached. Existing positions still managed.
2026-04-27 11:51:49,710 - INFO - 🔎 --- BTCUSDT ---
2026-04-27 11:51:54,147 - INFO - 📈 BTCUSDT | 1m close=79007.30 ema20=79040.24 ema50=79065.41 rsi=48.2 atr=53.89 atr%=0.07 vol=1.57 DOWN | 5m close=79007.20 ema20=79070.79 ema50=78971.32 rsi=38.8 atr=141.37 atr%=0.18 vol=0.63 DOWN | 15m close=79029.40 ema20=78944.91 ema50=78600.98 rsi=47.7 atr=213.96 atr%=0.27 vol=0.82 UP | 1h close=79121.00 ema20=78374.93 ema50=78016.43 rsi=84.1 atr=374.27 atr%=0.47 vol=1.56 UP
2026-04-27 11:51:54,907 - INFO - 📌 BTCUSDT existing position amount=0.0057 entry=78197.2 mark=78909.70773551
2026-04-27 11:51:56,476 - WARNING - 🛡️ BTCUSDT has unprotected position; placing emergency SL/TP side=BUY qty=0.0057 sl=78020.49 tp=78451.67
2026-04-27 11:51:57,911 - WARNING - 💥 Loop error: Binance error 400: {'code': -2021, 'msg': 'Order would immediately trigger.'}
2026-04-27 11:52:30,000 - INFO - 📊 Balance=5006.57 | daily=0.00%/10% | trades_today=6
2026-04-27 11:52:30,000 - INFO - 🚦 New entries paused: max trades per day reached. Existing positions still managed.
2026-04-27 11:52:30,000 - INFO - 🔎 --- BTCUSDT ---
2026-04-27 11:52:33,486 - INFO - 📈 BTCUSDT | 1m close=79007.20 ema20=79037.10 ema50=79063.13 rsi=46.8 atr=42.09 atr%=0.05 vol=0.94 DOWN | 5m close=79007.20 ema20=79070.79 ema50=78971.32 rsi=38.8 atr=141.37 atr%=0.18 vol=0.63 DOWN | 15m close=79029.40 ema20=78944.91 ema50=78600.98 rsi=47.7 atr=213.96 atr%=0.27 vol=0.82 UP | 1h close=79121.00 ema20=78374.93 ema50=78016.43 rsi=84.1 atr=374.27 atr%=0.47 vol=1.56 UP
2026-04-27 11:52:36,580 - INFO - 📌 BTCUSDT existing position amount=0.0057 entry=78197.2 mark=78948.2
2026-04-27 11:52:38,888 - WARNING - 🛡️ BTCUSDT has unprotected position; placing emergency SL/TP side=BUY qty=0.0057 sl=78020.49 tp=78451.67
2026-04-27 11:52:40,517 - WARNING - 💥 Loop error: Binance error 400: {'code': -2021, 'msg': 'Order would immediately trigger.'}
2026-04-27 11:53:11,250 - INFO - 📊 Balance=5006.57 | daily=0.00%/10% | trades_today=6
2026-04-27 11:53:11,250 - INFO - 🚦 New entries paused: max trades per day reached. Existing positions still managed.
2026-04-27 11:53:11,250 - INFO - 🔎 --- BTCUSDT ---
2026-04-27 11:53:14,425 - INFO - 📈 BTCUSDT | 1m close=78941.30 ema20=79027.97 ema50=79058.35 rsi=25.6 atr=34.10 atr%=0.04 vol=0.85 DOWN | 5m close=79007.20 ema20=79070.79 ema50=78971.32 rsi=38.8 atr=141.37 atr%=0.18 vol=0.63 DOWN | 15m close=79029.40 ema20=78944.91 ema50=78600.98 rsi=47.7 atr=213.96 atr%=0.27 vol=0.82 UP | 1h close=79121.00 ema20=78374.93 ema50=78016.43 rsi=84.1 atr=374.27 atr%=0.47 vol=1.56 UP
2026-04-27 11:53:15,158 - INFO - 📌 BTCUSDT existing position amount=0.0057 entry=78197.2 mark=78954.4
2026-04-27 11:53:16,784 - WARNING - 🛡️ BTCUSDT has unprotected position; placing emergency SL/TP side=BUY qty=0.0057 sl=78020.49 tp=78451.67
2026-04-27 11:53:18,343 - WARNING - 💥 Loop error: Binance error 400: {'code': -2021, 'msg': 'Order would immediately trigger.'}
2026-04-27 11:53:49,430 - INFO - 📊 Balance=5006.57 | daily=0.00%/10% | trades_today=6
2026-04-27 11:53:49,430 - INFO - 🚦 New entries paused: max trades per day reached. Existing positions still managed.
2026-04-27 11:53:49,430 - INFO - 🔎 --- BTCUSDT ---
2026-04-27 11:53:54,247 - INFO - 📈 BTCUSDT | 1m close=78941.30 ema20=79027.97 ema50=79058.35 rsi=25.6 atr=34.10 atr%=0.04 vol=0.85 DOWN | 5m close=79007.20 ema20=79070.79 ema50=78971.32 rsi=38.8 atr=141.37 atr%=0.18 vol=0.63 DOWN | 15m close=79029.40 ema20=78944.91 ema50=78600.98 rsi=47.7 atr=213.96 atr%=0.27 vol=0.82 UP | 1h close=79121.00 ema20=78374.93 ema50=78016.43 rsi=84.1 atr=374.27 atr%=0.47 vol=1.56 UP
2026-04-27 11:53:54,941 - INFO - 📌 BTCUSDT existing position amount=0.0057 entry=78197.2 mark=78957.69403351
2026-04-27 11:53:56,430 - WARNING - 🛡️ BTCUSDT has unprotected position; placing emergency SL/TP side=BUY qty=0.0057 sl=78020.49 tp=78451.67
2026-04-27 11:53:57,843 - WARNING - 💥 Loop error: Binance error 400: {'code': -2021, 'msg': 'Order would immediately trigger.'}
2026-04-27 11:54:28,936 - INFO - 📊 Balance=5006.57 | daily=0.00%/10% | trades_today=6
2026-04-27 11:54:28,936 - INFO - 🚦 New entries paused: max trades per day reached. Existing positions still managed.
2026-04-27 11:54:28,937 - INFO - 🔎 --- BTCUSDT ---
2026-04-27 11:54:34,656 - INFO - 📈 BTCUSDT | 1m close=78941.40 ema20=79019.73 ema50=79053.76 rsi=14.6 atr=28.15 atr%=0.04 vol=0.08 DOWN | 5m close=79007.20 ema20=79070.79 ema50=78971.32 rsi=38.8 atr=141.37 atr%=0.18 vol=0.63 DOWN | 15m close=79029.40 ema20=78944.91 ema50=78600.98 rsi=47.7 atr=213.96 atr%=0.27 vol=0.82 UP | 1h close=79121.00 ema20=78374.93 ema50=78016.43 rsi=84.1 atr=374.27 atr%=0.47 vol=1.56 UP
2026-04-27 11:54:35,368 - INFO - 📌 BTCUSDT existing position amount=0.0057 entry=78197.2 mark=78911.2
2026-04-27 11:54:36,989 - WARNING - 🛡️ BTCUSDT has unprotected position; placing emergency SL/TP side=BUY qty=0.0057 sl=78020.49 tp=78451.67
2026-04-27 11:54:39,457 - WARNING - 💥 Loop error: Binance error 400: {'code': -2021, 'msg': 'Order would immediately trigger.'}
2026-04-27 11:54:53,185 - INFO - ════════════════════════════════════════════════════════════════
2026-04-27 11:54:53,185 - INFO - 🤖 Hybrid BTC/ETH/SOL bot started
2026-04-27 11:54:53,186 - INFO - 🧪 DRY_RUN=False | 🧠 AI_VALIDATOR=False | symbols=BTCUSDT,ETHUSDT,SOLUSDT
2026-04-27 11:54:53,186 - INFO - ════════════════════════════════════════════════════════════════
2026-04-27 11:54:55,324 - INFO - ⏱️ Time synced offset=-106ms
2026-04-27 11:54:56,068 - WARNING - ⚙️ Set margin BTCUSDT: Binance error 400: {'code': -4067, 'msg': 'Position side cannot be changed if there exists open orders.'}
2026-04-27 11:54:56,789 - INFO - ⚙️ Set leverage BTCUSDT=1x
2026-04-27 11:54:57,518 - INFO - ✅ Set margin ETHUSDT: already ISOLATED
2026-04-27 11:54:58,198 - INFO - ⚙️ Set leverage ETHUSDT=1x
2026-04-27 11:54:59,182 - INFO - ✅ Set margin SOLUSDT: already ISOLATED
2026-04-27 11:54:59,888 - INFO - ⚙️ Set leverage SOLUSDT=1x
2026-04-27 11:55:00,560 - INFO - 📊 Balance=5006.57 | daily=0.00%/10% | trades_today=6
2026-04-27 11:55:00,560 - INFO - 🚦 New entries paused: max trades per day reached. Existing positions still managed.
2026-04-27 11:55:00,561 - INFO - 🔎 --- BTCUSDT ---
2026-04-27 11:55:03,706 - INFO - 📈 BTCUSDT | 1m close=78941.40 ema20=79019.73 ema50=79053.76 rsi=14.6 atr=28.15 atr%=0.04 vol=0.08 DOWN | 5m close=79007.20 ema20=79070.79 ema50=78971.32 rsi=38.8 atr=141.37 atr%=0.18 vol=0.63 DOWN | 15m close=79029.40 ema20=78944.91 ema50=78600.98 rsi=47.7 atr=213.96 atr%=0.27 vol=0.82 UP | 1h close=79121.00 ema20=78374.93 ema50=78016.43 rsi=84.1 atr=374.27 atr%=0.47 vol=1.56 UP
2026-04-27 11:55:04,396 - INFO - 📌 BTCUSDT existing position amount=0.0057 entry=78197.2 mark=78933.37143116
2026-04-27 11:55:05,995 - WARNING - 🛡️ BTCUSDT has unprotected position; placing emergency SL/TP side=BUY qty=0.0057 sl=78020.49 tp=78451.67
2026-04-27 11:55:10,189 - WARNING - 💰 BTCUSDT long TP already reached (78451.67 <= 78903.16); closing market
2026-04-27 11:55:10,955 - INFO - 🔎 --- ETHUSDT ---
2026-04-27 11:55:14,071 - INFO - 📈 ETHUSDT | 1m close=2391.00 ema20=2390.03 ema50=2391.47 rsi=58.6 atr=5.35 atr%=0.22 vol=0.01 UP | 5m close=2391.00 ema20=2391.14 ema50=2387.14 rsi=41.3 atr=5.55 atr%=0.23 vol=0.87 DOWN | 15m close=2391.00 ema20=2385.41 ema50=2371.02 rsi=75.6 atr=6.88 atr%=0.29 vol=1.02 UP | 1h close=2396.67 ema20=2360.58 ema50=2341.92 rsi=85.4 atr=13.43 atr%=0.56 vol=1.17 UP
2026-04-27 11:55:14,779 - INFO - 🔎 --- SOLUSDT ---
2026-04-27 11:55:17,776 - INFO - 📈 SOLUSDT | 1m close=87.52 ema20=87.58 ema50=87.62 rsi=22.2 atr=0.06 atr%=0.07 vol=3.36 DOWN | 5m close=87.52 ema20=87.65 ema50=87.53 rsi=14.3 atr=0.15 atr%=0.17 vol=1.22 DOWN | 15m close=87.63 ema20=87.45 ema50=87.08 rsi=58.0 atr=0.29 atr%=0.34 vol=0.07 UP | 1h close=87.69 ema20=86.86 ema50=86.53 rsi=83.7 atr=0.47 atr%=0.54 vol=1.15 UP
2026-04-27 11:55:49,244 - INFO - 📊 Balance=5010.56 | daily=0.08%/10% | trades_today=6
2026-04-27 11:55:49,245 - INFO - 🚦 New entries paused: max trades per day reached. Existing positions still managed.
2026-04-27 11:55:49,245 - INFO - 🔎 --- BTCUSDT ---
2026-04-27 11:55:53,464 - INFO - 📈 BTCUSDT | 1m close=78958.00 ema20=79013.85 ema50=79050.01 rsi=27.1 atr=26.19 atr%=0.03 vol=3.85 DOWN | 5m close=78958.00 ema20=79060.05 ema50=78970.80 rsi=37.2 atr=125.92 atr%=0.16 vol=1.10 DOWN | 15m close=79029.40 ema20=78944.91 ema50=78600.98 rsi=47.7 atr=213.96 atr%=0.27 vol=0.82 UP | 1h close=79121.00 ema20=78374.93 ema50=78016.43 rsi=84.1 atr=374.27 atr%=0.47 vol=1.56 UP
2026-04-27 11:55:54,182 - INFO - 🔎 --- ETHUSDT ---
2026-04-27 11:55:57,458 - INFO - 📈 ETHUSDT | 1m close=2391.00 ema20=2390.03 ema50=2391.47 rsi=58.6 atr=5.35 atr%=0.22 vol=0.01 UP | 5m close=2391.00 ema20=2391.14 ema50=2387.14 rsi=41.3 atr=5.55 atr%=0.23 vol=0.87 DOWN | 15m close=2391.00 ema20=2385.41 ema50=2371.02 rsi=75.6 atr=6.88 atr%=0.29 vol=1.02 UP | 1h close=2396.67 ema20=2360.58 ema50=2341.92 rsi=85.4 atr=13.43 atr%=0.56 vol=1.17 UP
2026-04-27 11:55:58,399 - INFO - 🔎 --- SOLUSDT ---
2026-04-27 11:56:02,551 - INFO - 📈 SOLUSDT | 1m close=87.52 ema20=87.58 ema50=87.62 rsi=22.2 atr=0.06 atr%=0.07 vol=3.36 DOWN | 5m close=87.52 ema20=87.65 ema50=87.53 rsi=14.3 atr=0.15 atr%=0.17 vol=1.22 DOWN | 15m close=87.63 ema20=87.45 ema50=87.08 rsi=58.0 atr=0.29 atr%=0.34 vol=0.07 UP | 1h close=87.69 ema20=86.86 ema50=86.53 rsi=83.7 atr=0.47 atr%=0.54 vol=1.15 UP
2026-04-27 11:56:34,215 - INFO - 📊 Balance=5010.56 | daily=0.08%/10% | trades_today=6
2026-04-27 11:56:34,215 - INFO - 🚦 New entries paused: max trades per day reached. Existing positions still managed.
2026-04-27 11:56:34,215 - INFO - 🔎 --- BTCUSDT ---
2026-04-27 11:56:37,381 - INFO - 📈 BTCUSDT | 1m close=79009.90 ema20=79013.47 ema50=79048.44 rsi=35.8 atr=21.96 atr%=0.03 vol=4.61 DOWN | 5m close=78958.00 ema20=79060.05 ema50=78970.80 rsi=37.2 atr=125.92 atr%=0.16 vol=1.10 DOWN | 15m close=79029.40 ema20=78944.91 ema50=78600.98 rsi=47.7 atr=213.96 atr%=0.27 vol=0.82 UP | 1h close=79121.00 ema20=78374.93 ema50=78016.43 rsi=84.1 atr=374.27 atr%=0.47 vol=1.56 UP
2026-04-27 11:56:38,276 - INFO - 🔎 --- ETHUSDT ---
2026-04-27 11:56:41,593 - INFO - 📈 ETHUSDT | 1m close=2391.00 ema20=2390.12 ema50=2391.45 rsi=55.1 atr=5.68 atr%=0.24 vol=0.65 UP | 5m close=2391.00 ema20=2391.14 ema50=2387.14 rsi=41.3 atr=5.55 atr%=0.23 vol=0.87 DOWN | 15m close=2391.00 ema20=2385.41 ema50=2371.02 rsi=75.6 atr=6.88 atr%=0.29 vol=1.02 UP | 1h close=2396.67 ema20=2360.58 ema50=2341.92 rsi=85.4 atr=13.43 atr%=0.56 vol=1.17 UP
2026-04-27 11:56:42,312 - INFO - 🔎 --- SOLUSDT ---
2026-04-27 11:56:46,198 - INFO - 📈 SOLUSDT | 1m close=87.46 ema20=87.57 ema50=87.62 rsi=16.7 atr=0.06 atr%=0.07 vol=3.88 DOWN | 5m close=87.52 ema20=87.65 ema50=87.53 rsi=14.3 atr=0.15 atr%=0.17 vol=1.22 DOWN | 15m close=87.63 ema20=87.45 ema50=87.08 rsi=58.0 atr=0.29 atr%=0.34 vol=0.07 UP | 1h close=87.69 ema20=86.86 ema50=86.53 rsi=83.7 atr=0.47 atr%=0.54 vol=1.15 UP
2026-04-27 11:57:18,112 - INFO - 📊 Balance=5010.56 | daily=0.08%/10% | trades_today=6
2026-04-27 11:57:18,112 - INFO - 🚦 New entries paused: max trades per day reached. Existing positions still managed.
2026-04-27 11:57:18,113 - INFO - 🔎 --- BTCUSDT ---
2026-04-27 11:57:21,563 - INFO - 📈 BTCUSDT | 1m close=78918.80 ema20=79004.46 ema50=79043.36 rsi=25.2 atr=24.99 atr%=0.03 vol=3.37 DOWN | 5m close=78958.00 ema20=79060.05 ema50=78970.80 rsi=37.2 atr=125.92 atr%=0.16 vol=1.10 DOWN | 15m close=79029.40 ema20=78944.91 ema50=78600.98 rsi=47.7 atr=213.96 atr%=0.27 vol=0.82 UP | 1h close=79121.00 ema20=78374.93 ema50=78016.43 rsi=84.1 atr=374.27 atr%=0.47 vol=1.56 UP
2026-04-27 11:57:22,253 - INFO - 🔎 --- ETHUSDT ---
2026-04-27 11:57:26,646 - INFO - 📈 ETHUSDT | 1m close=2383.38 ema20=2389.48 ema50=2391.14 rsi=34.8 atr=6.16 atr%=0.26 vol=1.35 DOWN | 5m close=2391.00 ema20=2391.14 ema50=2387.14 rsi=41.3 atr=5.55 atr%=0.23 vol=0.87 DOWN | 15m close=2391.00 ema20=2385.41 ema50=2371.02 rsi=75.6 atr=6.88 atr%=0.29 vol=1.02 UP | 1h close=2396.67 ema20=2360.58 ema50=2341.92 rsi=85.4 atr=13.43 atr%=0.56 vol=1.17 UP
2026-04-27 11:57:27,597 - INFO - 🔎 --- SOLUSDT ---
2026-04-27 11:57:30,530 - INFO - 📈 SOLUSDT | 1m close=87.43 ema20=87.55 ema50=87.61 rsi=8.0 atr=0.07 atr%=0.08 vol=1.60 DOWN | 5m close=87.52 ema20=87.65 ema50=87.53 rsi=14.3 atr=0.15 atr%=0.17 vol=1.22 DOWN | 15m close=87.63 ema20=87.45 ema50=87.08 rsi=58.0 atr=0.29 atr%=0.34 vol=0.07 UP | 1h close=87.69 ema20=86.86 ema50=86.53 rsi=83.7 atr=0.47 atr%=0.54 vol=1.15 UP
2026-04-27 11:58:02,259 - INFO - 📊 Balance=5010.56 | daily=0.08%/10% | trades_today=6
2026-04-27 11:58:02,259 - INFO - 🚦 New entries paused: max trades per day reached. Existing positions still managed.
2026-04-27 11:58:02,259 - INFO - 🔎 --- BTCUSDT ---
2026-04-27 11:58:05,755 - INFO - 📈 BTCUSDT | 1m close=78918.80 ema20=79004.46 ema50=79043.36 rsi=25.2 atr=24.99 atr%=0.03 vol=3.37 DOWN | 5m close=78958.00 ema20=79060.05 ema50=78970.80 rsi=37.2 atr=125.92 atr%=0.16 vol=1.10 DOWN | 15m close=79029.40 ema20=78944.91 ema50=78600.98 rsi=47.7 atr=213.96 atr%=0.27 vol=0.82 UP | 1h close=79121.00 ema20=78374.93 ema50=78016.43 rsi=84.1 atr=374.27 atr%=0.47 vol=1.56 UP
2026-04-27 11:58:06,446 - INFO - 🔎 --- ETHUSDT ---
2026-04-27 11:58:09,561 - INFO - 📈 ETHUSDT | 1m close=2383.38 ema20=2389.48 ema50=2391.14 rsi=34.8 atr=6.16 atr%=0.26 vol=1.35 DOWN | 5m close=2391.00 ema20=2391.14 ema50=2387.14 rsi=41.3 atr=5.55 atr%=0.23 vol=0.87 DOWN | 15m close=2391.00 ema20=2385.41 ema50=2371.02 rsi=75.6 atr=6.88 atr%=0.29 vol=1.02 UP | 1h close=2396.67 ema20=2360.58 ema50=2341.92 rsi=85.4 atr=13.43 atr%=0.56 vol=1.17 UP
2026-04-27 11:58:11,124 - INFO - 🔎 --- SOLUSDT ---
2026-04-27 11:58:14,551 - INFO - 📈 SOLUSDT | 1m close=87.44 ema20=87.54 ema50=87.60 rsi=11.5 atr=0.07 atr%=0.08 vol=0.01 DOWN | 5m close=87.52 ema20=87.65 ema50=87.53 rsi=14.3 atr=0.15 atr%=0.17 vol=1.22 DOWN | 15m close=87.63 ema20=87.45 ema50=87.08 rsi=58.0 atr=0.29 atr%=0.34 vol=0.07 UP | 1h close=87.69 ema20=86.86 ema50=86.53 rsi=83.7 atr=0.47 atr%=0.54 vol=1.15 UP
2026-04-27 11:58:46,300 - INFO - 📊 Balance=5010.56 | daily=0.08%/10% | trades_today=6
2026-04-27 11:58:46,301 - INFO - 🚦 New entries paused: max trades per day reached. Existing positions still managed.
2026-04-27 11:58:46,301 - INFO - 🔎 --- BTCUSDT ---
2026-04-27 11:58:49,574 - INFO - 📈 BTCUSDT | 1m close=78918.80 ema20=78996.30 ema50=79038.47 rsi=27.0 atr=29.16 atr%=0.04 vol=1.15 DOWN | 5m close=78958.00 ema20=79060.05 ema50=78970.80 rsi=37.2 atr=125.92 atr%=0.16 vol=1.10 DOWN | 15m close=79029.40 ema20=78944.91 ema50=78600.98 rsi=47.7 atr=213.96 atr%=0.27 vol=0.82 UP | 1h close=79121.00 ema20=78374.93 ema50=78016.43 rsi=84.1 atr=374.27 atr%=0.47 vol=1.56 UP
2026-04-27 11:58:50,291 - INFO - 🔎 --- ETHUSDT ---
2026-04-27 11:58:53,379 - INFO - 📈 ETHUSDT | 1m close=2389.79 ema20=2389.51 ema50=2391.08 rsi=48.1 atr=6.68 atr%=0.28 vol=0.53 UP | 5m close=2391.00 ema20=2391.14 ema50=2387.14 rsi=41.3 atr=5.55 atr%=0.23 vol=0.87 DOWN | 15m close=2391.00 ema20=2385.41 ema50=2371.02 rsi=75.6 atr=6.88 atr%=0.29 vol=1.02 UP | 1h close=2396.67 ema20=2360.58 ema50=2341.92 rsi=85.4 atr=13.43 atr%=0.56 vol=1.17 UP
2026-04-27 11:58:54,170 - INFO - 🔎 --- SOLUSDT ---
2026-04-27 11:58:58,616 - INFO - 📈 SOLUSDT | 1m close=87.44 ema20=87.54 ema50=87.60 rsi=11.5 atr=0.07 atr%=0.08 vol=0.01 DOWN | 5m close=87.52 ema20=87.65 ema50=87.53 rsi=14.3 atr=0.15 atr%=0.17 vol=1.22 DOWN | 15m close=87.63 ema20=87.45 ema50=87.08 rsi=58.0 atr=0.29 atr%=0.34 vol=0.07 UP | 1h close=87.69 ema20=86.86 ema50=86.53 rsi=83.7 atr=0.47 atr%=0.54 vol=1.15 UP
2026-04-27 11:59:44,127 - INFO - ════════════════════════════════════════════════════════════════
2026-04-27 11:59:44,127 - INFO - 🤖 Hybrid BTC/ETH/SOL bot started
2026-04-27 11:59:44,128 - INFO - 🧪 DRY_RUN=False | 🧠 AI_VALIDATOR=False | symbols=BTCUSDT,ETHUSDT,SOLUSDT
2026-04-27 11:59:44,129 - INFO - ════════════════════════════════════════════════════════════════
2026-04-27 11:59:44,851 - INFO - ⏱️ Time synced offset=-98ms
2026-04-27 11:59:45,535 - WARNING - ⚙️ Set margin BTCUSDT: Binance error 400: {'code': -4067, 'msg': 'Position side cannot be changed if there exists open orders.'}
2026-04-27 11:59:46,221 - INFO - ⚙️ Set leverage BTCUSDT=1x
2026-04-27 11:59:46,913 - INFO - ✅ Set margin ETHUSDT: already ISOLATED
2026-04-27 11:59:47,603 - INFO - ⚙️ Set leverage ETHUSDT=1x
2026-04-27 11:59:48,306 - INFO - ✅ Set margin SOLUSDT: already ISOLATED
2026-04-27 11:59:49,142 - INFO - ⚙️ Set leverage SOLUSDT=1x
2026-04-27 11:59:50,111 - INFO - 📊 Balance=5010.56 | daily=0.08%/10% | trades_today=6
2026-04-27 11:59:50,111 - INFO - 🚦 New entries paused: max trades per day reached. Existing positions still managed.
2026-04-27 11:59:50,111 - INFO - 🔎 --- BTCUSDT ---
2026-04-27 11:59:53,579 - INFO - 📈 BTCUSDT | 1m close=79006.00 ema20=78997.22 ema50=79037.20 rsi=46.5 atr=35.79 atr%=0.05 vol=0.50 UP | 5m close=78958.00 ema20=79060.05 ema50=78970.80 rsi=37.2 atr=125.92 atr%=0.16 vol=1.10 DOWN | 15m close=79029.40 ema20=78944.91 ema50=78600.98 rsi=47.7 atr=213.96 atr%=0.27 vol=0.82 UP | 1h close=79121.00 ema20=78374.93 ema50=78016.43 rsi=84.1 atr=374.27 atr%=0.47 vol=1.56 UP
2026-04-27 11:59:56,995 - WARNING - 🧹 BTCUSDT has no position but 6 open orders remain; canceling
2026-04-27 11:59:57,889 - INFO - 🔎 --- ETHUSDT ---
2026-04-27 12:00:01,080 - INFO - 📈 ETHUSDT | 1m close=2382.49 ema20=2388.84 ema50=2390.75 rsi=39.0 atr=7.12 atr%=0.30 vol=0.26 DOWN | 5m close=2391.00 ema20=2391.14 ema50=2387.14 rsi=41.3 atr=5.55 atr%=0.23 vol=0.87 DOWN | 15m close=2391.00 ema20=2385.41 ema50=2371.02 rsi=75.6 atr=6.88 atr%=0.29 vol=1.02 UP | 1h close=2396.67 ema20=2360.58 ema50=2341.92 rsi=85.4 atr=13.43 atr%=0.56 vol=1.17 UP
2026-04-27 12:00:04,277 - INFO - 🔎 --- SOLUSDT ---
2026-04-27 12:00:07,894 - INFO - 📈 SOLUSDT | 1m close=87.44 ema20=87.53 ema50=87.60 rsi=12.0 atr=0.06 atr%=0.07 vol=0.02 DOWN | 5m close=87.52 ema20=87.65 ema50=87.53 rsi=14.3 atr=0.15 atr%=0.17 vol=1.22 DOWN | 15m close=87.63 ema20=87.45 ema50=87.08 rsi=58.0 atr=0.29 atr%=0.34 vol=0.07 UP | 1h close=87.69 ema20=86.86 ema50=86.53 rsi=83.7 atr=0.47 atr%=0.54 vol=1.15 UP
2026-04-27 12:00:41,703 - INFO - 📊 Balance=5010.56 | daily=0.08%/10% | trades_today=6
2026-04-27 12:00:41,703 - INFO - 🚦 New entries paused: max trades per day reached. Existing positions still managed.
2026-04-27 12:00:41,704 - INFO - 🔎 --- BTCUSDT ---
2026-04-27 12:00:46,629 - INFO - 📈 BTCUSDT | 1m close=79014.40 ema20=78998.86 ema50=79036.30 rsi=49.9 atr=41.81 atr%=0.05 vol=0.61 UP | 5m close=79014.40 ema20=79055.70 ema50=78972.51 rsi=41.9 atr=129.39 atr%=0.16 vol=1.72 DOWN | 15m close=79014.40 ema20=78951.53 ema50=78617.19 rsi=53.9 atr=197.22 atr%=0.25 vol=1.23 UP | 1h close=79014.40 ema20=78435.83 ema50=78055.56 rsi=77.5 atr=380.77 atr%=0.48 vol=1.40 UP
2026-04-27 12:00:49,353 - INFO - 🔎 --- ETHUSDT ---
2026-04-27 12:00:52,794 - INFO - 📈 ETHUSDT | 1m close=2381.65 ema20=2388.15 ema50=2390.39 rsi=38.2 atr=7.64 atr%=0.32 vol=2.31 DOWN | 5m close=2381.65 ema20=2390.24 ema50=2386.92 rsi=33.7 atr=6.13 atr%=0.26 vol=1.02 DOWN | 15m close=2381.65 ema20=2385.05 ema50=2371.44 rsi=50.0 atr=6.90 atr%=0.29 vol=1.08 DOWN | 1h close=2381.65 ema20=2362.58 ema50=2343.48 rsi=69.6 atr=13.47 atr%=0.57 vol=1.21 UP
2026-04-27 12:00:58,787 - INFO - 🔎 --- SOLUSDT ---
2026-04-27 12:01:01,823 - INFO - 📈 SOLUSDT | 1m close=87.44 ema20=87.52 ema50=87.59 rsi=13.0 atr=0.06 atr%=0.07 vol=0.02 DOWN | 5m close=87.44 ema20=87.63 ema50=87.52 rsi=13.6 atr=0.15 atr%=0.17 vol=0.74 DOWN | 15m close=87.44 ema20=87.45 ema50=87.09 rsi=51.6 atr=0.29 atr%=0.33 vol=0.89 DOWN | 1h close=87.44 ema20=86.92 ema50=86.56 rsi=73.0 atr=0.47 atr%=0.54 vol=1.41 UP
2026-04-27 12:01:43,387 - INFO - 📊 Balance=5010.56 | daily=0.08%/10% | trades_today=6
2026-04-27 12:01:43,388 - INFO - 🚦 New entries paused: max trades per day reached. Existing positions still managed.
2026-04-27 12:01:43,388 - INFO - 🔎 --- BTCUSDT ---
2026-04-27 12:02:07,120 - WARNING - 💥 Loop error: ('Connection aborted.', ConnectionResetError(10054, 'An existing connection was forcibly closed by the remote host', None, 10054, None))
2026-04-27 12:02:37,821 - INFO - 📊 Balance=5010.56 | daily=0.08%/10% | trades_today=6
2026-04-27 12:02:37,821 - INFO - 🚦 New entries paused: max trades per day reached. Existing positions still managed.
2026-04-27 12:02:37,821 - INFO - 🔎 --- BTCUSDT ---
2026-04-27 12:02:43,202 - INFO - 📈 BTCUSDT | 1m close=78858.50 ema20=78977.59 ema50=79024.47 rsi=33.9 atr=60.37 atr%=0.08 vol=0.83 DOWN | 5m close=79014.40 ema20=79055.70 ema50=78972.51 rsi=41.9 atr=129.39 atr%=0.16 vol=1.72 DOWN | 15m close=79014.40 ema20=78951.53 ema50=78617.19 rsi=53.9 atr=197.22 atr%=0.25 vol=1.23 UP | 1h close=79014.40 ema20=78435.83 ema50=78055.56 rsi=77.5 atr=380.77 atr%=0.48 vol=1.40 UP
2026-04-27 12:02:48,325 - INFO - 🔎 --- ETHUSDT ---
2026-04-27 12:02:54,874 - INFO - 📈 ETHUSDT | 1m close=2391.00 ema20=2387.76 ema50=2390.04 rsi=50.0 atr=8.69 atr%=0.36 vol=3.64 UP | 5m close=2381.65 ema20=2390.24 ema50=2386.92 rsi=33.7 atr=6.13 atr%=0.26 vol=1.02 DOWN | 15m close=2381.65 ema20=2385.05 ema50=2371.44 rsi=50.0 atr=6.90 atr%=0.29 vol=1.08 DOWN | 1h close=2381.65 ema20=2362.58 ema50=2343.48 rsi=69.6 atr=13.47 atr%=0.57 vol=1.21 UP
2026-04-27 12:02:57,704 - INFO - 🔎 --- SOLUSDT ---
2026-04-27 12:03:03,993 - INFO - 📈 SOLUSDT | 1m close=87.39 ema20=87.50 ema50=87.58 rsi=10.7 atr=0.07 atr%=0.08 vol=0.89 DOWN | 5m close=87.44 ema20=87.63 ema50=87.52 rsi=13.6 atr=0.15 atr%=0.17 vol=0.74 DOWN | 15m close=87.44 ema20=87.45 ema50=87.09 rsi=51.6 atr=0.29 atr%=0.33 vol=0.89 DOWN | 1h close=87.44 ema20=86.92 ema50=86.56 rsi=73.0 atr=0.47 atr%=0.54 vol=1.41 UP
2026-04-27 12:03:40,561 - INFO - 📊 Balance=5010.56 | daily=0.08%/10% | trades_today=6
2026-04-27 12:03:40,561 - INFO - 🚦 New entries paused: max trades per day reached. Existing positions still managed.
2026-04-27 12:03:40,561 - INFO - 🔎 --- BTCUSDT ---
2026-04-27 12:03:50,397 - WARNING - 💥 Loop error: ('Connection aborted.', ConnectionResetError(10054, 'An existing connection was forcibly closed by the remote host', None, 10054, None))
2026-04-27 12:04:21,507 - INFO - 📊 Balance=5010.56 | daily=0.08%/10% | trades_today=6
2026-04-27 12:04:21,508 - INFO - 🚦 New entries paused: max trades per day reached. Existing positions still managed.
2026-04-27 12:04:21,508 - INFO - 🔎 --- BTCUSDT ---
2026-04-27 12:04:35,321 - INFO - 📈 BTCUSDT | 1m close=78858.50 ema20=78956.02 ema50=79011.72 rsi=34.4 atr=81.89 atr%=0.10 vol=0.48 DOWN | 5m close=79014.40 ema20=79055.70 ema50=78972.51 rsi=41.9 atr=129.39 atr%=0.16 vol=1.72 DOWN | 15m close=79014.40 ema20=78951.53 ema50=78617.19 rsi=53.9 atr=197.22 atr%=0.25 vol=1.23 UP | 1h close=79014.40 ema20=78435.83 ema50=78055.56 rsi=77.5 atr=380.77 atr%=0.48 vol=1.40 UP
2026-04-27 12:04:38,201 - INFO - 🔎 --- ETHUSDT ---
2026-04-27 12:04:53,748 - INFO - 📈 ETHUSDT | 1m close=2379.02 ema20=2386.69 ema50=2389.42 rsi=46.0 atr=9.46 atr%=0.40 vol=0.23 DOWN | 5m close=2381.65 ema20=2390.24 ema50=2386.92 rsi=33.7 atr=6.13 atr%=0.26 vol=1.02 DOWN | 15m close=2381.65 ema20=2385.05 ema50=2371.44 rsi=50.0 atr=6.90 atr%=0.29 vol=1.08 DOWN | 1h close=2381.65 ema20=2362.58 ema50=2343.48 rsi=69.6 atr=13.47 atr%=0.57 vol=1.21 UP
2026-04-27 12:05:01,466 - INFO - 🔎 --- SOLUSDT ---
2026-04-27 12:05:09,178 - INFO - 📈 SOLUSDT | 1m close=87.35 ema20=87.49 ema50=87.56 rsi=27.7 atr=0.09 atr%=0.11 vol=2.14 DOWN | 5m close=87.44 ema20=87.63 ema50=87.52 rsi=13.6 atr=0.15 atr%=0.17 vol=0.74 DOWN | 15m close=87.44 ema20=87.45 ema50=87.09 rsi=51.6 atr=0.29 atr%=0.33 vol=0.89 DOWN | 1h close=87.44 ema20=86.92 ema50=86.56 rsi=73.0 atr=0.47 atr%=0.54 vol=1.41 UP
2026-04-27 12:05:47,198 - INFO - 📊 Balance=5010.56 | daily=0.08%/10% | trades_today=6
2026-04-27 12:05:47,198 - INFO - 🚦 New entries paused: max trades per day reached. Existing positions still managed.
2026-04-27 12:05:47,198 - INFO - 🔎 --- BTCUSDT ---
2026-04-27 12:05:53,033 - INFO - 📈 BTCUSDT | 1m close=78858.80 ema20=78946.76 ema50=79005.73 rsi=34.5 atr=84.65 atr%=0.11 vol=0.05 DOWN | 5m close=78858.80 ema20=79036.95 ema50=78968.05 rsi=37.4 atr=134.16 atr%=0.17 vol=0.46 DOWN | 15m close=79014.40 ema20=78951.53 ema50=78617.19 rsi=53.9 atr=197.22 atr%=0.25 vol=1.23 UP | 1h close=79014.40 ema20=78435.83 ema50=78055.56 rsi=77.5 atr=380.77 atr%=0.48 vol=1.40 UP
2026-04-27 12:05:58,922 - INFO - 🔎 --- ETHUSDT ---
2026-04-27 12:06:08,727 - INFO - 📈 ETHUSDT | 1m close=2376.69 ema20=2385.73 ema50=2388.92 rsi=44.9 atr=9.86 atr%=0.41 vol=0.88 DOWN | 5m close=2376.69 ema20=2388.95 ema50=2386.52 rsi=31.5 atr=7.04 atr%=0.30 vol=2.68 DOWN | 15m close=2381.65 ema20=2385.05 ema50=2371.44 rsi=50.0 atr=6.90 atr%=0.29 vol=1.08 DOWN | 1h close=2381.65 ema20=2362.58 ema50=2343.48 rsi=69.6 atr=13.47 atr%=0.57 vol=1.21 UP
2026-04-27 12:06:13,823 - INFO - 🔎 --- SOLUSDT ---
2026-04-27 12:06:22,499 - INFO - 📈 SOLUSDT | 1m close=87.18 ema20=87.44 ema50=87.54 rsi=22.0 atr=0.11 atr%=0.13 vol=2.95 DOWN | 5m close=87.28 ema20=87.60 ema50=87.51 rsi=12.1 atr=0.16 atr%=0.18 vol=1.39 DOWN | 15m close=87.44 ema20=87.45 ema50=87.09 rsi=51.6 atr=0.29 atr%=0.33 vol=0.89 DOWN | 1h close=87.44 ema20=86.92 ema50=86.56 rsi=73.0 atr=0.47 atr%=0.54 vol=1.41 UP
2026-04-27 12:07:06,213 - INFO - 📊 Balance=5010.56 | daily=0.08%/10% | trades_today=6
2026-04-27 12:07:06,213 - INFO - 🚦 New entries paused: max trades per day reached. Existing positions still managed.
2026-04-27 12:07:06,213 - INFO - 🔎 --- BTCUSDT ---
2026-04-27 12:07:11,400 - WARNING - 💥 Loop error: ('Connection aborted.', ConnectionResetError(10054, 'An existing connection was forcibly closed by the remote host', None, 10054, None))
2026-04-27 12:07:44,651 - INFO - 📊 Balance=5010.56 | daily=0.08%/10% | trades_today=6
2026-04-27 12:07:44,651 - INFO - 🚦 New entries paused: max trades per day reached. Existing positions still managed.
2026-04-27 12:07:44,651 - INFO - 🔎 --- BTCUSDT ---
2026-04-27 12:07:52,821 - INFO - 📈 BTCUSDT | 1m close=78687.70 ema20=78899.69 ema50=78981.25 rsi=28.3 atr=104.06 atr%=0.13 vol=1.76 DOWN | 5m close=78858.80 ema20=79036.95 ema50=78968.05 rsi=37.4 atr=134.16 atr%=0.17 vol=0.46 DOWN | 15m close=79014.40 ema20=78951.53 ema50=78617.19 rsi=53.9 atr=197.22 atr%=0.25 vol=1.23 UP | 1h close=79014.40 ema20=78435.83 ema50=78055.56 rsi=77.5 atr=380.77 atr%=0.48 vol=1.40 UP
2026-04-27 12:08:00,787 - INFO - 🔎 --- ETHUSDT ---
2026-04-27 12:08:11,834 - INFO - 📈 ETHUSDT | 1m close=2376.70 ema20=2384.09 ema50=2387.97 rsi=35.3 atr=10.74 atr%=0.45 vol=0.57 DOWN | 5m close=2376.69 ema20=2388.95 ema50=2386.52 rsi=31.5 atr=7.04 atr%=0.30 vol=2.68 DOWN | 15m close=2381.65 ema20=2385.05 ema50=2371.44 rsi=50.0 atr=6.90 atr%=0.29 vol=1.08 DOWN | 1h close=2381.65 ema20=2362.58 ema50=2343.48 rsi=69.6 atr=13.47 atr%=0.57 vol=1.21 UP
2026-04-27 12:08:15,220 - INFO - 🔎 --- SOLUSDT ---
2026-04-27 12:08:23,632 - INFO - 📈 SOLUSDT | 1m close=87.10 ema20=87.38 ema50=87.50 rsi=16.9 atr=0.15 atr%=0.17 vol=3.28 DOWN | 5m close=87.28 ema20=87.60 ema50=87.51 rsi=12.1 atr=0.16 atr%=0.18 vol=1.39 DOWN | 15m close=87.44 ema20=87.45 ema50=87.09 rsi=51.6 atr=0.29 atr%=0.33 vol=0.89 DOWN | 1h close=87.44 ema20=86.92 ema50=86.56 rsi=73.0 atr=0.47 atr%=0.54 vol=1.41 UP
2026-04-27 12:08:59,710 - INFO - 📊 Balance=5010.56 | daily=0.08%/10% | trades_today=6
2026-04-27 12:08:59,711 - INFO - 🚦 New entries paused: max trades per day reached. Existing positions still managed.
2026-04-27 12:08:59,711 - INFO - 🔎 --- BTCUSDT ---
2026-04-27 12:09:07,521 - INFO - 📈 BTCUSDT | 1m close=78690.60 ema20=78879.78 ema50=78969.86 rsi=28.7 atr=127.78 atr%=0.16 vol=1.01 DOWN | 5m close=78858.80 ema20=79036.95 ema50=78968.05 rsi=37.4 atr=134.16 atr%=0.17 vol=0.46 DOWN | 15m close=79014.40 ema20=78951.53 ema50=78617.19 rsi=53.9 atr=197.22 atr%=0.25 vol=1.23 UP | 1h close=79014.40 ema20=78435.83 ema50=78055.56 rsi=77.5 atr=380.77 atr%=0.48 vol=1.40 UP
2026-04-27 12:09:11,143 - INFO - 🔎 --- ETHUSDT ---
2026-04-27 12:09:18,648 - INFO - 📈 ETHUSDT | 1m close=2387.67 ema20=2383.47 ema50=2387.40 rsi=47.5 atr=12.24 atr%=0.51 vol=0.31 UP | 5m close=2376.69 ema20=2388.95 ema50=2386.52 rsi=31.5 atr=7.04 atr%=0.30 vol=2.68 DOWN | 15m close=2381.65 ema20=2385.05 ema50=2371.44 rsi=50.0 atr=6.90 atr%=0.29 vol=1.08 DOWN | 1h close=2381.65 ema20=2362.58 ema50=2343.48 rsi=69.6 atr=13.47 atr%=0.57 vol=1.21 UP
2026-04-27 12:09:21,218 - INFO - 🔎 --- SOLUSDT ---
2026-04-27 12:09:26,579 - INFO - 📈 SOLUSDT | 1m close=87.58 ema20=87.40 ema50=87.51 rsi=52.7 atr=0.18 atr%=0.20 vol=0.42 UP | 5m close=87.28 ema20=87.60 ema50=87.51 rsi=12.1 atr=0.16 atr%=0.18 vol=1.39 DOWN | 15m close=87.44 ema20=87.45 ema50=87.09 rsi=51.6 atr=0.29 atr%=0.33 vol=0.89 DOWN | 1h close=87.44 ema20=86.92 ema50=86.56 rsi=73.0 atr=0.47 atr%=0.54 vol=1.41 UP
2026-04-27 12:10:06,996 - INFO - 📊 Balance=5010.56 | daily=0.08%/10% | trades_today=6
2026-04-27 12:10:06,996 - INFO - 🚦 New entries paused: max trades per day reached. Existing positions still managed.
2026-04-27 12:10:06,996 - INFO - 🔎 --- BTCUSDT ---
2026-04-27 12:10:11,941 - INFO - 📈 BTCUSDT | 1m close=79014.00 ema20=78875.95 ema50=78960.93 rsi=50.2 atr=166.71 atr%=0.21 vol=0.64 UP | 5m close=78858.80 ema20=79036.95 ema50=78968.05 rsi=37.4 atr=134.16 atr%=0.17 vol=0.46 DOWN | 15m close=79014.40 ema20=78951.53 ema50=78617.19 rsi=53.9 atr=197.22 atr%=0.25 vol=1.23 UP | 1h close=79014.40 ema20=78435.83 ema50=78055.56 rsi=77.5 atr=380.77 atr%=0.48 vol=1.40 UP
2026-04-27 12:10:14,326 - INFO - 🔎 --- ETHUSDT ---
2026-04-27 12:10:17,446 - INFO - 📈 ETHUSDT | 1m close=2391.00 ema20=2384.19 ema50=2387.54 rsi=50.0 atr=12.92 atr%=0.54 vol=0.35 UP | 5m close=2391.00 ema20=2389.14 ema50=2386.70 rsi=45.6 atr=8.09 atr%=0.34 vol=0.73 UP | 15m close=2381.65 ema20=2385.05 ema50=2371.44 rsi=50.0 atr=6.90 atr%=0.29 vol=1.08 DOWN | 1h close=2381.65 ema20=2362.58 ema50=2343.48 rsi=69.6 atr=13.47 atr%=0.57 vol=1.21 UP
2026-04-27 12:10:20,321 - INFO - 🔎 --- SOLUSDT ---
2026-04-27 12:10:24,634 - INFO - 📈 SOLUSDT | 1m close=87.59 ema20=87.42 ema50=87.51 rsi=56.1 atr=0.20 atr%=0.23 vol=0.31 UP | 5m close=87.59 ema20=87.60 ema50=87.52 rsi=44.3 atr=0.18 atr%=0.20 vol=2.23 DOWN | 15m close=87.44 ema20=87.45 ema50=87.09 rsi=51.6 atr=0.29 atr%=0.33 vol=0.89 DOWN | 1h close=87.44 ema20=86.92 ema50=86.56 rsi=73.0 atr=0.47 atr%=0.54 vol=1.41 UP
2026-04-27 12:11:00,083 - INFO - 📊 Balance=5010.56 | daily=0.08%/10% | trades_today=6
2026-04-27 12:11:00,083 - INFO - 🚦 New entries paused: max trades per day reached. Existing positions still managed.
2026-04-27 12:11:00,083 - INFO - 🔎 --- BTCUSDT ---
2026-04-27 12:11:03,549 - INFO - 📈 BTCUSDT | 1m close=79014.00 ema20=78875.95 ema50=78960.93 rsi=50.2 atr=166.71 atr%=0.21 vol=0.64 UP | 5m close=79014.00 ema20=79034.77 ema50=78969.85 rsi=45.3 atr=156.64 atr%=0.20 vol=2.19 DOWN | 15m close=79014.40 ema20=78951.53 ema50=78617.19 rsi=53.9 atr=197.22 atr%=0.25 vol=1.23 UP | 1h close=79014.40 ema20=78435.83 ema50=78055.56 rsi=77.5 atr=380.77 atr%=0.48 vol=1.40 UP
2026-04-27 12:11:06,167 - INFO - 🔎 --- ETHUSDT ---
2026-04-27 12:11:12,971 - INFO - 📈 ETHUSDT | 1m close=2391.00 ema20=2384.19 ema50=2387.54 rsi=50.0 atr=12.92 atr%=0.54 vol=0.35 UP | 5m close=2391.00 ema20=2389.14 ema50=2386.70 rsi=45.6 atr=8.09 atr%=0.34 vol=0.73 UP | 15m close=2381.65 ema20=2385.05 ema50=2371.44 rsi=50.0 atr=6.90 atr%=0.29 vol=1.08 DOWN | 1h close=2381.65 ema20=2362.58 ema50=2343.48 rsi=69.6 atr=13.47 atr%=0.57 vol=1.21 UP
2026-04-27 12:11:15,679 - INFO - 🔎 --- SOLUSDT ---
2026-04-27 12:11:19,747 - INFO - 📈 SOLUSDT | 1m close=87.10 ema20=87.39 ema50=87.49 rsi=39.2 atr=0.23 atr%=0.27 vol=2.21 DOWN | 5m close=87.59 ema20=87.60 ema50=87.52 rsi=44.3 atr=0.18 atr%=0.20 vol=2.23 DOWN | 15m close=87.44 ema20=87.45 ema50=87.09 rsi=51.6 atr=0.29 atr%=0.33 vol=0.89 DOWN | 1h close=87.44 ema20=86.92 ema50=86.56 rsi=73.0 atr=0.47 atr%=0.54 vol=1.41 UP
2026-04-27 12:12:00,420 - INFO - 📊 Balance=5010.56 | daily=0.08%/10% | trades_today=6
2026-04-27 12:12:00,420 - INFO - 🚦 New entries paused: max trades per day reached. Existing positions still managed.
2026-04-27 12:12:00,420 - INFO - 🔎 --- BTCUSDT ---
2026-04-27 12:12:06,380 - INFO - 📈 BTCUSDT | 1m close=79014.00 ema20=78889.10 ema50=78963.02 rsi=56.3 atr=183.64 atr%=0.23 vol=0.97 UP | 5m close=79014.00 ema20=79034.77 ema50=78969.85 rsi=45.3 atr=156.64 atr%=0.20 vol=2.19 DOWN | 15m close=79014.40 ema20=78951.53 ema50=78617.19 rsi=53.9 atr=197.22 atr%=0.25 vol=1.23 UP | 1h close=79014.40 ema20=78435.83 ema50=78055.56 rsi=77.5 atr=380.77 atr%=0.48 vol=1.40 UP
2026-04-27 12:12:09,201 - INFO - 🔎 --- ETHUSDT ---
2026-04-27 12:12:14,918 - INFO - 📈 ETHUSDT | 1m close=2373.35 ema20=2382.21 ema50=2386.44 rsi=38.9 atr=14.44 atr%=0.61 vol=2.70 DOWN | 5m close=2391.00 ema20=2389.14 ema50=2386.70 rsi=45.6 atr=8.09 atr%=0.34 vol=0.73 UP | 15m close=2381.65 ema20=2385.05 ema50=2371.44 rsi=50.0 atr=6.90 atr%=0.29 vol=1.08 DOWN | 1h close=2381.65 ema20=2362.58 ema50=2343.48 rsi=69.6 atr=13.47 atr%=0.57 vol=1.21 UP
2026-04-27 12:12:18,677 - INFO - 🔎 --- SOLUSDT ---
2026-04-27 12:12:24,112 - INFO - 📈 SOLUSDT | 1m close=87.07 ema20=87.36 ema50=87.48 rsi=38.1 atr=0.23 atr%=0.26 vol=0.11 DOWN | 5m close=87.59 ema20=87.60 ema50=87.52 rsi=44.3 atr=0.18 atr%=0.20 vol=2.23 DOWN | 15m close=87.44 ema20=87.45 ema50=87.09 rsi=51.6 atr=0.29 atr%=0.33 vol=0.89 DOWN | 1h close=87.44 ema20=86.92 ema50=86.56 rsi=73.0 atr=0.47 atr%=0.54 vol=1.41 UP
2026-04-27 12:12:58,174 - INFO - 📊 Balance=5010.56 | daily=0.08%/10% | trades_today=6
2026-04-27 12:12:58,174 - INFO - 🚦 New entries paused: max trades per day reached. Existing positions still managed.
2026-04-27 12:12:58,174 - INFO - 🔎 --- BTCUSDT ---
2026-04-27 12:13:03,031 - INFO - 📈 BTCUSDT | 1m close=78687.20 ema20=78869.87 ema50=78952.20 rsi=39.3 atr=200.79 atr%=0.26 vol=0.86 DOWN | 5m close=79014.00 ema20=79034.77 ema50=78969.85 rsi=45.3 atr=156.64 atr%=0.20 vol=2.19 DOWN | 15m close=79014.40 ema20=78951.53 ema50=78617.19 rsi=53.9 atr=197.22 atr%=0.25 vol=1.23 UP | 1h close=79014.40 ema20=78435.83 ema50=78055.56 rsi=77.5 atr=380.77 atr%=0.48 vol=1.40 UP
2026-04-27 12:13:06,350 - INFO - 🔎 --- ETHUSDT ---
2026-04-27 12:13:12,307 - INFO - 📈 ETHUSDT | 1m close=2373.38 ema20=2381.37 ema50=2385.93 rsi=43.2 atr=15.23 atr%=0.64 vol=2.77 DOWN | 5m close=2391.00 ema20=2389.14 ema50=2386.70 rsi=45.6 atr=8.09 atr%=0.34 vol=0.73 UP | 15m close=2381.65 ema20=2385.05 ema50=2371.44 rsi=50.0 atr=6.90 atr%=0.29 vol=1.08 DOWN | 1h close=2381.65 ema20=2362.58 ema50=2343.48 rsi=69.6 atr=13.47 atr%=0.57 vol=1.21 UP
2026-04-27 12:13:14,654 - INFO - 🔎 --- SOLUSDT ---
2026-04-27 12:13:19,221 - INFO - 📈 SOLUSDT | 1m close=86.95 ema20=87.32 ema50=87.46 rsi=35.3 atr=0.24 atr%=0.28 vol=2.69 DOWN | 5m close=87.59 ema20=87.60 ema50=87.52 rsi=44.3 atr=0.18 atr%=0.20 vol=2.23 DOWN | 15m close=87.44 ema20=87.45 ema50=87.09 rsi=51.6 atr=0.29 atr%=0.33 vol=0.89 DOWN | 1h close=87.44 ema20=86.92 ema50=86.56 rsi=73.0 atr=0.47 atr%=0.54 vol=1.41 UP
2026-04-27 12:14:15,854 - WARNING - 💥 Loop error: Binance error 400: {'code': -1021, 'msg': 'Timestamp for this request is outside of the recvWindow.'}
2026-04-27 12:14:17,059 - INFO - ⏱️ Time synced offset=-101ms
2026-04-27 12:14:48,696 - INFO - 📊 Balance=5010.56 | daily=0.08%/10% | trades_today=6
2026-04-27 12:14:48,696 - INFO - 🚦 New entries paused: max trades per day reached. Existing positions still managed.
2026-04-27 12:14:48,697 - INFO - 🔎 --- BTCUSDT ---
2026-04-27 12:15:06,355 - INFO - 📈 BTCUSDT | 1m close=78997.00 ema20=78874.23 ema50=78947.45 rsi=49.3 atr=245.89 atr%=0.31 vol=0.44 UP | 5m close=79014.00 ema20=79034.77 ema50=78969.85 rsi=45.3 atr=156.64 atr%=0.20 vol=2.19 DOWN | 15m close=78996.00 ema20=78955.76 ema50=78632.04 rsi=56.1 atr=210.11 atr%=0.27 vol=1.32 UP | 1h close=79014.40 ema20=78435.83 ema50=78055.56 rsi=77.5 atr=380.77 atr%=0.48 vol=1.40 UP
2026-04-27 12:15:10,248 - INFO - 🔎 --- ETHUSDT ---
2026-04-27 12:15:16,229 - INFO - 📈 ETHUSDT | 1m close=2373.21 ema20=2379.80 ema50=2384.91 rsi=44.7 atr=17.09 atr%=0.72 vol=0.96 DOWN | 5m close=2373.21 ema20=2387.63 ema50=2386.17 rsi=37.2 atr=9.55 atr%=0.40 vol=2.60 DOWN | 15m close=2373.21 ema20=2383.93 ema50=2371.51 rsi=35.0 atr=8.06 atr%=0.34 vol=2.11 DOWN | 1h close=2381.65 ema20=2362.58 ema50=2343.48 rsi=69.6 atr=13.47 atr%=0.57 vol=1.21 UP
2026-04-27 12:15:18,354 - INFO - 🔎 --- SOLUSDT ---
2026-04-27 12:15:21,709 - INFO - 📈 SOLUSDT | 1m close=86.93 ema20=87.26 ema50=87.42 rsi=37.4 atr=0.26 atr%=0.30 vol=0.87 DOWN | 5m close=86.93 ema20=87.53 ema50=87.49 rsi=24.8 atr=0.21 atr%=0.24 vol=1.76 DOWN | 15m close=86.93 ema20=87.40 ema50=87.09 rsi=35.7 atr=0.32 atr%=0.36 vol=1.83 DOWN | 1h close=87.44 ema20=86.92 ema50=86.56 rsi=73.0 atr=0.47 atr%=0.54 vol=1.41 UP
2026-04-27 12:15:55,435 - INFO - 📊 Balance=5010.56 | daily=0.08%/10% | trades_today=6
2026-04-27 12:15:55,436 - INFO - 🚦 New entries paused: max trades per day reached. Existing positions still managed.
2026-04-27 12:15:55,436 - INFO - 🔎 --- BTCUSDT ---
2026-04-27 12:15:59,928 - INFO - 📈 BTCUSDT | 1m close=78996.00 ema20=78885.83 ema50=78949.36 rsi=53.7 atr=268.22 atr%=0.34 vol=0.40 UP | 5m close=78996.00 ema20=79031.07 ema50=78970.88 rsi=47.5 atr=177.05 atr%=0.22 vol=1.01 DOWN | 15m close=78996.00 ema20=78955.76 ema50=78632.04 rsi=56.1 atr=210.11 atr%=0.27 vol=1.32 UP | 1h close=79014.40 ema20=78435.83 ema50=78055.56 rsi=77.5 atr=380.77 atr%=0.48 vol=1.40 UP
2026-04-27 12:16:02,667 - INFO - 🔎 --- ETHUSDT ---
2026-04-27 12:16:22,249 - INFO - 📈 ETHUSDT | 1m close=2363.64 ema20=2378.26 ema50=2384.08 rsi=29.2 atr=18.07 atr%=0.76 vol=0.72 DOWN | 5m close=2373.21 ema20=2387.63 ema50=2386.17 rsi=37.2 atr=9.55 atr%=0.40 vol=2.60 DOWN | 15m close=2373.21 ema20=2383.93 ema50=2371.51 rsi=35.0 atr=8.06 atr%=0.34 vol=2.11 DOWN | 1h close=2381.65 ema20=2362.58 ema50=2343.48 rsi=69.6 atr=13.47 atr%=0.57 vol=1.21 UP
2026-04-27 12:16:38,776 - WARNING - 🧹 ETHUSDT orphan order cleanup failed: Binance error 400: {'code': -1021, 'msg': 'Timestamp for this request is outside of the recvWindow.'}
2026-04-27 12:16:38,781 - INFO - 🔎 --- SOLUSDT ---
2026-04-27 12:16:50,092 - INFO - 📈 SOLUSDT | 1m close=86.92 ema20=87.23 ema50=87.40 rsi=37.9 atr=0.33 atr%=0.38 vol=7.71 DOWN | 5m close=86.93 ema20=87.53 ema50=87.49 rsi=24.8 atr=0.21 atr%=0.24 vol=1.76 DOWN | 15m close=86.93 ema20=87.40 ema50=87.09 rsi=35.7 atr=0.32 atr%=0.36 vol=1.83 DOWN | 1h close=87.44 ema20=86.92 ema50=86.56 rsi=73.0 atr=0.47 atr%=0.54 vol=1.41 UP
2026-04-27 12:17:25,926 - INFO - 📊 Balance=5010.56 | daily=0.08%/10% | trades_today=6
2026-04-27 12:17:25,926 - INFO - 🚦 New entries paused: max trades per day reached. Existing positions still managed.
2026-04-27 12:17:25,927 - INFO - 🔎 --- BTCUSDT ---
2026-04-27 12:17:30,420 - INFO - 📈 BTCUSDT | 1m close=79007.20 ema20=78908.50 ema50=78954.09 rsi=56.3 atr=313.34 atr%=0.40 vol=2.88 UP | 5m close=78996.00 ema20=79031.07 ema50=78970.88 rsi=47.5 atr=177.05 atr%=0.22 vol=1.01 DOWN | 15m close=78996.00 ema20=78955.76 ema50=78632.04 rsi=56.1 atr=210.11 atr%=0.27 vol=1.32 UP | 1h close=79014.40 ema20=78435.83 ema50=78055.56 rsi=77.5 atr=380.77 atr%=0.48 vol=1.40 UP
2026-04-27 12:17:33,413 - INFO - 🔎 --- ETHUSDT ---
2026-04-27 12:17:38,610 - INFO - 📈 ETHUSDT | 1m close=2362.15 ema20=2376.73 ema50=2383.22 rsi=31.4 atr=19.44 atr%=0.82 vol=0.57 DOWN | 5m close=2373.21 ema20=2387.63 ema50=2386.17 rsi=37.2 atr=9.55 atr%=0.40 vol=2.60 DOWN | 15m close=2373.21 ema20=2383.93 ema50=2371.51 rsi=35.0 atr=8.06 atr%=0.34 vol=2.11 DOWN | 1h close=2381.65 ema20=2362.58 ema50=2343.48 rsi=69.6 atr=13.47 atr%=0.57 vol=1.21 UP
2026-04-27 12:17:45,390 - INFO - 🔎 --- SOLUSDT ---
2026-04-27 12:17:50,467 - INFO - 📈 SOLUSDT | 1m close=86.54 ema20=87.16 ema50=87.37 rsi=28.7 atr=0.41 atr%=0.47 vol=6.35 DOWN | 5m close=86.93 ema20=87.53 ema50=87.49 rsi=24.8 atr=0.21 atr%=0.24 vol=1.76 DOWN | 15m close=86.93 ema20=87.40 ema50=87.09 rsi=35.7 atr=0.32 atr%=0.36 vol=1.83 DOWN | 1h close=87.44 ema20=86.92 ema50=86.56 rsi=73.0 atr=0.47 atr%=0.54 vol=1.41 UP
2026-04-27 12:18:29,223 - INFO - 📊 Balance=5010.56 | daily=0.08%/10% | trades_today=6
2026-04-27 12:18:29,223 - INFO - 🚦 New entries paused: max trades per day reached. Existing positions still managed.
2026-04-27 12:18:29,224 - INFO - 🔎 --- BTCUSDT ---
2026-04-27 12:18:46,259 - INFO - 📈 BTCUSDT | 1m close=78749.30 ema20=78893.34 ema50=78946.07 rsi=46.2 atr=337.64 atr%=0.43 vol=0.09 DOWN | 5m close=78996.00 ema20=79031.07 ema50=78970.88 rsi=47.5 atr=177.05 atr%=0.22 vol=1.01 DOWN | 15m close=78996.00 ema20=78955.76 ema50=78632.04 rsi=56.1 atr=210.11 atr%=0.27 vol=1.32 UP | 1h close=79014.40 ema20=78435.83 ema50=78055.56 rsi=77.5 atr=380.77 atr%=0.48 vol=1.40 UP
2026-04-27 12:18:50,443 - INFO - 🔎 --- ETHUSDT ---
2026-04-27 12:19:07,532 - INFO - 📈 ETHUSDT | 1m close=2373.21 ema20=2376.39 ema50=2382.83 rsi=45.6 atr=21.10 atr%=0.89 vol=0.96 DOWN | 5m close=2373.21 ema20=2387.63 ema50=2386.17 rsi=37.2 atr=9.55 atr%=0.40 vol=2.60 DOWN | 15m close=2373.21 ema20=2383.93 ema50=2371.51 rsi=35.0 atr=8.06 atr%=0.34 vol=2.11 DOWN | 1h close=2381.65 ema20=2362.58 ema50=2343.48 rsi=69.6 atr=13.47 atr%=0.57 vol=1.21 UP
2026-04-27 12:19:10,798 - INFO - 🔎 --- SOLUSDT ---
2026-04-27 12:19:32,715 - WARNING - 💥 Loop error: HTTPSConnectionPool(host='demo-fapi.binance.com', port=443): Read timed out. (read timeout=15)
2026-04-27 12:20:03,886 - INFO - 📊 Balance=5010.56 | daily=0.08%/10% | trades_today=6
2026-04-27 12:20:03,887 - INFO - 🚦 New entries paused: max trades per day reached. Existing positions still managed.
2026-04-27 12:20:03,887 - INFO - 🔎 --- BTCUSDT ---
2026-04-27 12:20:24,988 - INFO - 📈 BTCUSDT | 1m close=79011.00 ema20=78872.55 ema50=78932.63 rsi=58.2 atr=390.55 atr%=0.49 vol=1.76 UP | 5m close=79011.00 ema20=79029.16 ema50=78972.45 rsi=48.8 atr=215.76 atr%=0.27 vol=2.12 DOWN | 15m close=78996.00 ema20=78955.76 ema50=78632.04 rsi=56.1 atr=210.11 atr%=0.27 vol=1.32 UP | 1h close=79014.40 ema20=78435.83 ema50=78055.56 rsi=77.5 atr=380.77 atr%=0.48 vol=1.40 UP
2026-04-27 12:20:28,704 - INFO - 🔎 --- ETHUSDT ---
2026-04-27 12:20:39,713 - INFO - 📈 ETHUSDT | 1m close=2346.03 ema20=2373.02 ema50=2380.93 rsi=33.2 atr=24.90 atr%=1.06 vol=0.67 DOWN | 5m close=2346.03 ema20=2383.66 ema50=2384.60 rsi=25.2 atr=12.29 atr%=0.52 vol=1.28 DOWN | 15m close=2373.21 ema20=2383.93 ema50=2371.51 rsi=35.0 atr=8.06 atr%=0.34 vol=2.11 DOWN | 1h close=2381.65 ema20=2362.58 ema50=2343.48 rsi=69.6 atr=13.47 atr%=0.57 vol=1.21 UP
2026-04-27 12:20:44,905 - INFO - 🔎 --- SOLUSDT ---
2026-04-27 12:20:57,615 - INFO - 📈 SOLUSDT | 1m close=87.50 ema20=87.23 ema50=87.37 rsi=55.2 atr=0.63 atr%=0.72 vol=3.34 UP | 5m close=87.50 ema20=87.53 ema50=87.49 rsi=47.3 atr=0.29 atr%=0.33 vol=9.68 DOWN | 15m close=86.93 ema20=87.40 ema50=87.09 rsi=35.7 atr=0.32 atr%=0.36 vol=1.83 DOWN | 1h close=87.44 ema20=86.92 ema50=86.56 rsi=73.0 atr=0.47 atr%=0.54 vol=1.41 UP
2026-04-27 12:21:16,534 - WARNING - 🧹 SOLUSDT orphan order cleanup failed: Binance error 400: {'code': -1021, 'msg': 'Timestamp for this request is outside of the recvWindow.'}
2026-04-27 12:21:48,114 - INFO - 📊 Balance=5010.56 | daily=0.08%/10% | trades_today=6
2026-04-27 12:21:48,114 - INFO - 🚦 New entries paused: max trades per day reached. Existing positions still managed.
2026-04-27 12:21:48,114 - INFO - 🔎 --- BTCUSDT ---
2026-04-27 12:21:52,556 - INFO - 📈 BTCUSDT | 1m close=78286.80 ema20=78816.76 ema50=78907.31 rsi=42.6 atr=441.59 atr%=0.56 vol=1.41 DOWN | 5m close=79011.00 ema20=79029.16 ema50=78972.45 rsi=48.8 atr=215.76 atr%=0.27 vol=2.12 DOWN | 15m close=78996.00 ema20=78955.76 ema50=78632.04 rsi=56.1 atr=210.11 atr%=0.27 vol=1.32 UP | 1h close=79014.40 ema20=78435.83 ema50=78055.56 rsi=77.5 atr=380.77 atr%=0.48 vol=1.40 UP
2026-04-27 12:21:55,964 - INFO - 🔎 --- ETHUSDT ---
2026-04-27 12:22:13,325 - WARNING - 💥 Loop error: ('Connection aborted.', ConnectionResetError(10054, 'An existing connection was forcibly closed by the remote host', None, 10054, None))
2026-04-27 12:22:46,431 - INFO - 📊 Balance=5010.56 | daily=0.08%/10% | trades_today=6
2026-04-27 12:22:46,431 - INFO - 🚦 New entries paused: max trades per day reached. Existing positions still managed.
2026-04-27 12:22:46,432 - INFO - 🔎 --- BTCUSDT ---
2026-04-27 12:22:51,441 - INFO - 📈 BTCUSDT | 1m close=78880.00 ema20=78822.79 ema50=78906.24 rsi=52.9 atr=472.14 atr%=0.60 vol=1.56 UP | 5m close=79011.00 ema20=79029.16 ema50=78972.45 rsi=48.8 atr=215.76 atr%=0.27 vol=2.12 DOWN | 15m close=78996.00 ema20=78955.76 ema50=78632.04 rsi=56.1 atr=210.11 atr%=0.27 vol=1.32 UP | 1h close=79014.40 ema20=78435.83 ema50=78055.56 rsi=77.5 atr=380.77 atr%=0.48 vol=1.40 UP
2026-04-27 12:22:55,970 - INFO - 🔎 --- ETHUSDT ---
2026-04-27 12:23:02,469 - INFO - 📈 ETHUSDT | 1m close=2390.93 ema20=2374.74 ema50=2381.03 rsi=56.8 atr=29.28 atr%=1.22 vol=3.09 UP | 5m close=2346.03 ema20=2383.66 ema50=2384.60 rsi=25.2 atr=12.29 atr%=0.52 vol=1.28 DOWN | 15m close=2373.21 ema20=2383.93 ema50=2371.51 rsi=35.0 atr=8.06 atr%=0.34 vol=2.11 DOWN | 1h close=2381.65 ema20=2362.58 ema50=2343.48 rsi=69.6 atr=13.47 atr%=0.57 vol=1.21 UP
2026-04-27 12:23:14,022 - INFO - 🔎 --- SOLUSDT ---
2026-04-27 12:23:30,969 - INFO - 📈 SOLUSDT | 1m close=87.50 ema20=87.23 ema50=87.36 rsi=48.8 atr=0.82 atr%=0.93 vol=2.52 UP | 5m close=87.50 ema20=87.53 ema50=87.49 rsi=47.3 atr=0.29 atr%=0.33 vol=9.68 DOWN | 15m close=86.93 ema20=87.40 ema50=87.09 rsi=35.7 atr=0.32 atr%=0.36 vol=1.83 DOWN | 1h close=87.44 ema20=86.92 ema50=86.56 rsi=73.0 atr=0.47 atr%=0.54 vol=1.41 UP
2026-04-27 12:24:08,619 - INFO - 📊 Balance=5010.56 | daily=0.08%/10% | trades_today=6
2026-04-27 12:24:08,620 - INFO - 🚦 New entries paused: max trades per day reached. Existing positions still managed.
2026-04-27 12:24:08,620 - INFO - 🔎 --- BTCUSDT ---
2026-04-27 12:24:13,065 - INFO - 📈 BTCUSDT | 1m close=78480.00 ema20=78790.14 ema50=78889.52 rsi=47.2 atr=501.62 atr%=0.64 vol=0.91 DOWN | 5m close=79011.00 ema20=79029.16 ema50=78972.45 rsi=48.8 atr=215.76 atr%=0.27 vol=2.12 DOWN | 15m close=78996.00 ema20=78955.76 ema50=78632.04 rsi=56.1 atr=210.11 atr%=0.27 vol=1.32 UP | 1h close=79014.40 ema20=78435.83 ema50=78055.56 rsi=77.5 atr=380.77 atr%=0.48 vol=1.40 UP
2026-04-27 12:24:16,011 - INFO - 🔎 --- ETHUSDT ---
2026-04-27 12:24:22,321 - INFO - 📈 ETHUSDT | 1m close=2373.12 ema20=2374.45 ema50=2380.42 rsi=43.2 atr=28.12 atr%=1.18 vol=0.15 DOWN | 5m close=2346.03 ema20=2383.66 ema50=2384.60 rsi=25.2 atr=12.29 atr%=0.52 vol=1.28 DOWN | 15m close=2373.21 ema20=2383.93 ema50=2371.51 rsi=35.0 atr=8.06 atr%=0.34 vol=2.11 DOWN | 1h close=2381.65 ema20=2362.58 ema50=2343.48 rsi=69.6 atr=13.47 atr%=0.57 vol=1.21 UP
2026-04-27 12:24:29,531 - WARNING - 🧹 ETHUSDT orphan order cleanup failed: ('Connection aborted.', ConnectionResetError(10054, 'An existing connection was forcibly closed by the remote host', None, 10054, None))
2026-04-27 12:24:29,532 - INFO - 🔎 --- SOLUSDT ---
2026-04-27 12:24:37,016 - INFO - 📈 SOLUSDT | 1m close=87.10 ema20=87.22 ema50=87.35 rsi=43.6 atr=0.89 atr%=1.02 vol=2.16 DOWN | 5m close=87.50 ema20=87.53 ema50=87.49 rsi=47.3 atr=0.29 atr%=0.33 vol=9.68 DOWN | 15m close=86.93 ema20=87.40 ema50=87.09 rsi=35.7 atr=0.32 atr%=0.36 vol=1.83 DOWN | 1h close=87.44 ema20=86.92 ema50=86.56 rsi=73.0 atr=0.47 atr%=0.54 vol=1.41 UP
2026-04-27 12:25:13,937 - INFO - 📊 Balance=5010.56 | daily=0.08%/10% | trades_today=6
2026-04-27 12:25:13,937 - INFO - 🚦 New entries paused: max trades per day reached. Existing positions still managed.
2026-04-27 12:25:13,937 - INFO - 🔎 --- BTCUSDT ---
2026-04-27 12:25:29,410 - INFO - 📈 BTCUSDT | 1m close=78687.20 ema20=78729.48 ema50=78855.60 rsi=46.0 atr=556.39 atr%=0.71 vol=0.24 DOWN | 5m close=78687.20 ema20=78996.59 ema50=78961.27 rsi=34.5 atr=264.19 atr%=0.34 vol=1.29 DOWN | 15m close=78996.00 ema20=78955.76 ema50=78632.04 rsi=56.1 atr=210.11 atr%=0.27 vol=1.32 UP | 1h close=79014.40 ema20=78435.83 ema50=78055.56 rsi=77.5 atr=380.77 atr%=0.48 vol=1.40 UP
2026-04-27 12:25:31,787 - INFO - 🔎 --- ETHUSDT ---
2026-04-27 12:25:36,668 - INFO - 📈 ETHUSDT | 1m close=2376.42 ema20=2374.64 ema50=2380.27 rsi=51.4 atr=30.16 atr%=1.27 vol=0.44 UP | 5m close=2376.42 ema20=2382.97 ema50=2384.28 rsi=44.2 atr=15.36 atr%=0.65 vol=1.74 DOWN | 15m close=2373.21 ema20=2383.93 ema50=2371.51 rsi=35.0 atr=8.06 atr%=0.34 vol=2.11 DOWN | 1h close=2381.65 ema20=2362.58 ema50=2343.48 rsi=69.6 atr=13.47 atr%=0.57 vol=1.21 UP
2026-04-27 12:25:50,662 - WARNING - 🧹 ETHUSDT orphan order cleanup failed: Binance error 400: {'code': -1021, 'msg': 'Timestamp for this request is outside of the recvWindow.'}
2026-04-27 12:25:50,665 - INFO - 🔎 --- SOLUSDT ---
2026-04-27 12:26:10,843 - INFO - 📈 SOLUSDT | 1m close=87.36 ema20=87.23 ema50=87.35 rsi=53.6 atr=0.90 atr%=1.03 vol=1.64 UP | 5m close=87.36 ema20=87.51 ema50=87.49 rsi=44.2 atr=0.38 atr%=0.44 vol=7.29 DOWN | 15m close=86.93 ema20=87.40 ema50=87.09 rsi=35.7 atr=0.32 atr%=0.36 vol=1.83 DOWN | 1h close=87.44 ema20=86.92 ema50=86.56 rsi=73.0 atr=0.47 atr%=0.54 vol=1.41 UP
2026-04-27 12:26:49,157 - INFO - 📊 Balance=5010.56 | daily=0.08%/10% | trades_today=6
2026-04-27 12:26:49,157 - INFO - 🚦 New entries paused: max trades per day reached. Existing positions still managed.
2026-04-27 12:26:49,157 - INFO - 🔎 --- BTCUSDT ---
2026-04-27 12:26:55,078 - INFO - 📈 BTCUSDT | 1m close=78694.80 ema20=78726.18 ema50=78849.29 rsi=50.1 atr=590.30 atr%=0.75 vol=1.46 DOWN | 5m close=78687.20 ema20=78996.59 ema50=78961.27 rsi=34.5 atr=264.19 atr%=0.34 vol=1.29 DOWN | 15m close=78996.00 ema20=78955.76 ema50=78632.04 rsi=56.1 atr=210.11 atr%=0.27 vol=1.32 UP | 1h close=79014.40 ema20=78435.83 ema50=78055.56 rsi=77.5 atr=380.77 atr%=0.48 vol=1.40 UP
2026-04-27 12:26:57,777 - INFO - 🔎 --- ETHUSDT ---
2026-04-27 12:27:03,629 - INFO - 📈 ETHUSDT | 1m close=2357.11 ema20=2372.97 ema50=2379.36 rsi=44.1 atr=32.44 atr%=1.38 vol=1.19 DOWN | 5m close=2376.42 ema20=2382.97 ema50=2384.28 rsi=44.2 atr=15.36 atr%=0.65 vol=1.74 DOWN | 15m close=2373.21 ema20=2383.93 ema50=2371.51 rsi=35.0 atr=8.06 atr%=0.34 vol=2.11 DOWN | 1h close=2381.65 ema20=2362.58 ema50=2343.48 rsi=69.6 atr=13.47 atr%=0.57 vol=1.21 UP
2026-04-27 12:27:06,205 - INFO - 🔎 --- SOLUSDT ---
2026-04-27 12:27:09,766 - INFO - 📈 SOLUSDT | 1m close=87.10 ema20=87.21 ema50=87.33 rsi=52.0 atr=1.06 atr%=1.22 vol=1.89 DOWN | 5m close=87.36 ema20=87.51 ema50=87.49 rsi=44.2 atr=0.38 atr%=0.44 vol=7.29 DOWN | 15m close=86.93 ema20=87.40 ema50=87.09 rsi=35.7 atr=0.32 atr%=0.36 vol=1.83 DOWN | 1h close=87.44 ema20=86.92 ema50=86.56 rsi=73.0 atr=0.47 atr%=0.54 vol=1.41 UP
2026-04-27 12:27:42,684 - INFO - 📊 Balance=5010.56 | daily=0.08%/10% | trades_today=6
2026-04-27 12:27:42,684 - INFO - 🚦 New entries paused: max trades per day reached. Existing positions still managed.
2026-04-27 12:27:42,684 - INFO - 🔎 --- BTCUSDT ---
2026-04-27 12:27:46,724 - INFO - 📈 BTCUSDT | 1m close=78688.10 ema20=78722.55 ema50=78842.99 rsi=48.8 atr=584.28 atr%=0.74 vol=1.79 DOWN | 5m close=78687.20 ema20=78996.59 ema50=78961.27 rsi=34.5 atr=264.19 atr%=0.34 vol=1.29 DOWN | 15m close=78996.00 ema20=78955.76 ema50=78632.04 rsi=56.1 atr=210.11 atr%=0.27 vol=1.32 UP | 1h close=79014.40 ema20=78435.83 ema50=78055.56 rsi=77.5 atr=380.77 atr%=0.48 vol=1.40 UP
2026-04-27 12:27:49,453 - INFO - 🔎 --- ETHUSDT ---
2026-04-27 12:27:54,325 - INFO - 📈 ETHUSDT | 1m close=2373.21 ema20=2372.99 ema50=2379.12 rsi=49.9 atr=34.74 atr%=1.46 vol=0.88 UP | 5m close=2376.42 ema20=2382.97 ema50=2384.28 rsi=44.2 atr=15.36 atr%=0.65 vol=1.74 DOWN | 15m close=2373.21 ema20=2383.93 ema50=2371.51 rsi=35.0 atr=8.06 atr%=0.34 vol=2.11 DOWN | 1h close=2381.65 ema20=2362.58 ema50=2343.48 rsi=69.6 atr=13.47 atr%=0.57 vol=1.21 UP
2026-04-27 12:27:56,871 - INFO - 🔎 --- SOLUSDT ---
2026-04-27 12:28:01,752 - INFO - 📈 SOLUSDT | 1m close=87.10 ema20=87.21 ema50=87.33 rsi=52.0 atr=1.06 atr%=1.22 vol=1.89 DOWN | 5m close=87.36 ema20=87.51 ema50=87.49 rsi=44.2 atr=0.38 atr%=0.44 vol=7.29 DOWN | 15m close=86.93 ema20=87.40 ema50=87.09 rsi=35.7 atr=0.32 atr%=0.36 vol=1.83 DOWN | 1h close=87.44 ema20=86.92 ema50=86.56 rsi=73.0 atr=0.47 atr%=0.54 vol=1.41 UP
2026-04-27 12:28:39,921 - INFO - 📊 Balance=5010.56 | daily=0.08%/10% | trades_today=6
2026-04-27 12:28:39,922 - INFO - 🚦 New entries paused: max trades per day reached. Existing positions still managed.
2026-04-27 12:28:39,922 - INFO - 🔎 --- BTCUSDT ---
2026-04-27 12:29:19,036 - INFO - 📈 BTCUSDT | 1m close=78692.40 ema20=78719.68 ema50=78837.07 rsi=45.7 atr=577.71 atr%=0.73 vol=1.41 DOWN | 5m close=78687.20 ema20=78996.59 ema50=78961.27 rsi=34.5 atr=264.19 atr%=0.34 vol=1.29 DOWN | 15m close=78996.00 ema20=78955.76 ema50=78632.04 rsi=56.1 atr=210.11 atr%=0.27 vol=1.32 UP | 1h close=79014.40 ema20=78435.83 ema50=78055.56 rsi=77.5 atr=380.77 atr%=0.48 vol=1.40 UP
2026-04-27 12:29:30,055 - INFO - 🔎 --- ETHUSDT ---
2026-04-27 12:29:37,943 - INFO - 📈 ETHUSDT | 1m close=2381.39 ema20=2370.77 ema50=2377.65 rsi=51.8 atr=38.45 atr%=1.61 vol=0.24 UP | 5m close=2376.42 ema20=2382.97 ema50=2384.28 rsi=44.2 atr=15.36 atr%=0.65 vol=1.74 DOWN | 15m close=2373.21 ema20=2383.93 ema50=2371.51 rsi=35.0 atr=8.06 atr%=0.34 vol=2.11 DOWN | 1h close=2381.65 ema20=2362.58 ema50=2343.48 rsi=69.6 atr=13.47 atr%=0.57 vol=1.21 UP
2026-04-27 12:29:45,380 - INFO - 🔎 --- SOLUSDT ---
2026-04-27 12:29:48,932 - INFO - 📈 SOLUSDT | 1m close=87.11 ema20=87.22 ema50=87.32 rsi=52.2 atr=1.19 atr%=1.36 vol=1.20 DOWN | 5m close=87.36 ema20=87.51 ema50=87.49 rsi=44.2 atr=0.38 atr%=0.44 vol=7.29 DOWN | 15m close=86.93 ema20=87.40 ema50=87.09 rsi=35.7 atr=0.32 atr%=0.36 vol=1.83 DOWN | 1h close=87.44 ema20=86.92 ema50=86.56 rsi=73.0 atr=0.47 atr%=0.54 vol=1.41 UP
2026-04-27 12:30:23,433 - INFO - 📊 Balance=5010.56 | daily=0.08%/10% | trades_today=6
2026-04-27 12:30:23,433 - INFO - 🚦 New entries paused: max trades per day reached. Existing positions still managed.
2026-04-27 12:30:23,433 - INFO - 🔎 --- BTCUSDT ---
2026-04-27 12:30:27,776 - INFO - 📈 BTCUSDT | 1m close=78144.30 ema20=78662.09 ema50=78804.26 rsi=39.2 atr=556.50 atr%=0.71 vol=1.62 DOWN | 5m close=78144.30 ema20=78915.42 ema50=78929.23 rsi=25.2 atr=312.50 atr%=0.40 vol=1.94 DOWN | 15m close=78144.30 ema20=78878.48 ema50=78612.91 rsi=15.9 atr=240.85 atr%=0.31 vol=1.96 DOWN | 1h close=79014.40 ema20=78435.83 ema50=78055.56 rsi=77.5 atr=380.77 atr%=0.48 vol=1.40 UP
2026-04-27 12:30:30,453 - INFO - 🔎 --- ETHUSDT ---
2026-04-27 12:30:33,819 - INFO - 📈 ETHUSDT | 1m close=2379.97 ema20=2371.64 ema50=2377.75 rsi=53.7 atr=39.78 atr%=1.67 vol=0.37 UP | 5m close=2379.97 ema20=2382.69 ema50=2384.11 rsi=45.8 atr=18.72 atr%=0.79 vol=0.92 DOWN | 15m close=2379.97 ema20=2383.55 ema50=2371.84 rsi=42.2 atr=11.28 atr%=0.47 vol=1.54 DOWN | 1h close=2381.65 ema20=2362.58 ema50=2343.48 rsi=69.6 atr=13.47 atr%=0.57 vol=1.21 UP
2026-04-27 12:30:36,036 - INFO - 🔎 --- SOLUSDT ---
2026-04-27 12:30:39,523 - INFO - 📈 SOLUSDT | 1m close=86.12 ema20=87.11 ema50=87.28 rsi=42.0 atr=1.22 atr%=1.42 vol=1.39 DOWN | 5m close=86.12 ema20=87.38 ema50=87.44 rsi=28.0 atr=0.47 atr%=0.54 vol=5.79 DOWN | 15m close=86.12 ema20=87.28 ema50=87.05 rsi=26.0 atr=0.41 atr%=0.47 vol=10.72 DOWN | 1h close=87.44 ema20=86.92 ema50=86.56 rsi=73.0 atr=0.47 atr%=0.54 vol=1.41 UP
2026-04-27 12:31:13,401 - INFO - 📊 Balance=5010.56 | daily=0.08%/10% | trades_today=6
2026-04-27 12:31:13,402 - INFO - 🚦 New entries paused: max trades per day reached. Existing positions still managed.
2026-04-27 12:31:13,402 - INFO - 🔎 --- BTCUSDT ---
2026-04-27 12:31:19,907 - INFO - 📈 BTCUSDT | 1m close=78687.20 ema20=78664.48 ema50=78799.67 rsi=46.5 atr=584.36 atr%=0.74 vol=1.27 UP | 5m close=78144.30 ema20=78915.42 ema50=78929.23 rsi=25.2 atr=312.50 atr%=0.40 vol=1.94 DOWN | 15m close=78144.30 ema20=78878.48 ema50=78612.91 rsi=15.9 atr=240.85 atr%=0.31 vol=1.96 DOWN | 1h close=79014.40 ema20=78435.83 ema50=78055.56 rsi=77.5 atr=380.77 atr%=0.48 vol=1.40 UP
2026-04-27 12:31:25,804 - INFO - 🔎 --- ETHUSDT ---
2026-04-27 12:31:41,467 - INFO - 📈 ETHUSDT | 1m close=2373.08 ema20=2371.78 ema50=2377.56 rsi=52.4 atr=41.17 atr%=1.73 vol=1.62 UP | 5m close=2379.97 ema20=2382.69 ema50=2384.11 rsi=45.8 atr=18.72 atr%=0.79 vol=0.92 DOWN | 15m close=2379.97 ema20=2383.55 ema50=2371.84 rsi=42.2 atr=11.28 atr%=0.47 vol=1.54 DOWN | 1h close=2381.65 ema20=2362.58 ema50=2343.48 rsi=69.6 atr=13.47 atr%=0.57 vol=1.21 UP
2026-04-27 12:31:51,506 - INFO - 🔎 --- SOLUSDT ---
2026-04-27 12:31:54,793 - INFO - 📈 SOLUSDT | 1m close=87.15 ema20=87.12 ema50=87.27 rsi=55.4 atr=1.24 atr%=1.42 vol=1.06 UP | 5m close=86.12 ema20=87.38 ema50=87.44 rsi=28.0 atr=0.47 atr%=0.54 vol=5.79 DOWN | 15m close=86.12 ema20=87.28 ema50=87.05 rsi=26.0 atr=0.41 atr%=0.47 vol=10.72 DOWN | 1h close=87.44 ema20=86.92 ema50=86.56 rsi=73.0 atr=0.47 atr%=0.54 vol=1.41 UP
2026-04-27 12:32:28,203 - INFO - 📊 Balance=5010.56 | daily=0.08%/10% | trades_today=6
2026-04-27 12:32:28,203 - INFO - 🚦 New entries paused: max trades per day reached. Existing positions still managed.
2026-04-27 12:32:28,204 - INFO - 🔎 --- BTCUSDT ---
2026-04-27 12:32:31,524 - INFO - 📈 BTCUSDT | 1m close=78057.70 ema20=78606.69 ema50=78770.57 rsi=43.0 atr=616.45 atr%=0.79 vol=1.25 DOWN | 5m close=78144.30 ema20=78915.42 ema50=78929.23 rsi=25.2 atr=312.50 atr%=0.40 vol=1.94 DOWN | 15m close=78144.30 ema20=78878.48 ema50=78612.91 rsi=15.9 atr=240.85 atr%=0.31 vol=1.96 DOWN | 1h close=79014.40 ema20=78435.83 ema50=78055.56 rsi=77.5 atr=380.77 atr%=0.48 vol=1.40 UP
2026-04-27 12:32:35,505 - INFO - 🔎 --- ETHUSDT ---
2026-04-27 12:32:39,424 - INFO - 📈 ETHUSDT | 1m close=2373.21 ema20=2371.92 ema50=2377.39 rsi=50.0 atr=42.93 atr%=1.81 vol=3.02 UP | 5m close=2379.97 ema20=2382.69 ema50=2384.11 rsi=45.8 atr=18.72 atr%=0.79 vol=0.92 DOWN | 15m close=2379.97 ema20=2383.55 ema50=2371.84 rsi=42.2 atr=11.28 atr%=0.47 vol=1.54 DOWN | 1h close=2381.65 ema20=2362.58 ema50=2343.48 rsi=69.6 atr=13.47 atr%=0.57 vol=1.21 UP
2026-04-27 12:32:41,661 - INFO - 🔎 --- SOLUSDT ---
2026-04-27 12:32:44,782 - INFO - 📈 SOLUSDT | 1m close=86.06 ema20=87.02 ema50=87.22 rsi=41.6 atr=1.26 atr%=1.46 vol=1.31 DOWN | 5m close=86.12 ema20=87.38 ema50=87.44 rsi=28.0 atr=0.47 atr%=0.54 vol=5.79 DOWN | 15m close=86.12 ema20=87.28 ema50=87.05 rsi=26.0 atr=0.41 atr%=0.47 vol=10.72 DOWN | 1h close=87.44 ema20=86.92 ema50=86.56 rsi=73.0 atr=0.47 atr%=0.54 vol=1.41 UP
2026-04-27 12:33:18,022 - INFO - 📊 Balance=5010.56 | daily=0.08%/10% | trades_today=6
2026-04-27 12:33:18,023 - INFO - 🚦 New entries paused: max trades per day reached. Existing positions still managed.
2026-04-27 12:33:18,023 - INFO - 🔎 --- BTCUSDT ---
2026-04-27 12:33:23,980 - INFO - 📈 BTCUSDT | 1m close=78056.20 ema20=78554.26 ema50=78742.55 rsi=45.1 atr=648.64 atr%=0.83 vol=0.65 DOWN | 5m close=78144.30 ema20=78915.42 ema50=78929.23 rsi=25.2 atr=312.50 atr%=0.40 vol=1.94 DOWN | 15m close=78144.30 ema20=78878.48 ema50=78612.91 rsi=15.9 atr=240.85 atr%=0.31 vol=1.96 DOWN | 1h close=79014.40 ema20=78435.83 ema50=78055.56 rsi=77.5 atr=380.77 atr%=0.48 vol=1.40 UP
2026-04-27 12:33:32,211 - INFO - 🔎 --- ETHUSDT ---
2026-04-27 12:33:38,005 - INFO - 📈 ETHUSDT | 1m close=2370.95 ema20=2371.82 ema50=2377.14 rsi=50.0 atr=42.98 atr%=1.81 vol=1.38 DOWN | 5m close=2379.97 ema20=2382.69 ema50=2384.11 rsi=45.8 atr=18.72 atr%=0.79 vol=0.92 DOWN | 15m close=2379.97 ema20=2383.55 ema50=2371.84 rsi=42.2 atr=11.28 atr%=0.47 vol=1.54 DOWN | 1h close=2381.65 ema20=2362.58 ema50=2343.48 rsi=69.6 atr=13.47 atr%=0.57 vol=1.21 UP
2026-04-27 12:33:40,556 - INFO - 🔎 --- SOLUSDT ---
2026-04-27 12:33:45,387 - INFO - 📈 SOLUSDT | 1m close=87.34 ema20=87.05 ema50=87.23 rsi=48.1 atr=1.29 atr%=1.47 vol=1.44 UP | 5m close=86.12 ema20=87.38 ema50=87.44 rsi=28.0 atr=0.47 atr%=0.54 vol=5.79 DOWN | 15m close=86.12 ema20=87.28 ema50=87.05 rsi=26.0 atr=0.41 atr%=0.47 vol=10.72 DOWN | 1h close=87.44 ema20=86.92 ema50=86.56 rsi=73.0 atr=0.47 atr%=0.54 vol=1.41 UP
2026-04-27 12:34:21,667 - INFO - 📊 Balance=5010.56 | daily=0.08%/10% | trades_today=6
2026-04-27 12:34:21,668 - INFO - 🚦 New entries paused: max trades per day reached. Existing positions still managed.
2026-04-27 12:34:21,668 - INFO - 🔎 --- BTCUSDT ---
2026-04-27 12:34:25,579 - INFO - 📈 BTCUSDT | 1m close=78080.00 ema20=78509.09 ema50=78716.57 rsi=39.0 atr=683.24 atr%=0.88 vol=0.84 DOWN | 5m close=78144.30 ema20=78915.42 ema50=78929.23 rsi=25.2 atr=312.50 atr%=0.40 vol=1.94 DOWN | 15m close=78144.30 ema20=78878.48 ema50=78612.91 rsi=15.9 atr=240.85 atr%=0.31 vol=1.96 DOWN | 1h close=79014.40 ema20=78435.83 ema50=78055.56 rsi=77.5 atr=380.77 atr%=0.48 vol=1.40 UP
2026-04-27 12:34:28,621 - INFO - 🔎 --- ETHUSDT ---
2026-04-27 12:34:32,232 - INFO - 📈 ETHUSDT | 1m close=2391.00 ema20=2373.65 ema50=2377.68 rsi=60.7 atr=43.48 atr%=1.82 vol=0.32 UP | 5m close=2379.97 ema20=2382.69 ema50=2384.11 rsi=45.8 atr=18.72 atr%=0.79 vol=0.92 DOWN | 15m close=2379.97 ema20=2383.55 ema50=2371.84 rsi=42.2 atr=11.28 atr%=0.47 vol=1.54 DOWN | 1h close=2381.65 ema20=2362.58 ema50=2343.48 rsi=69.6 atr=13.47 atr%=0.57 vol=1.21 UP
2026-04-27 12:34:34,870 - INFO - 🔎 --- SOLUSDT ---
2026-04-27 12:34:38,447 - INFO - 📈 SOLUSDT | 1m close=87.01 ema20=87.04 ema50=87.22 rsi=46.6 atr=1.31 atr%=1.51 vol=1.09 DOWN | 5m close=86.12 ema20=87.38 ema50=87.44 rsi=28.0 atr=0.47 atr%=0.54 vol=5.79 DOWN | 15m close=86.12 ema20=87.28 ema50=87.05 rsi=26.0 atr=0.41 atr%=0.47 vol=10.72 DOWN | 1h close=87.44 ema20=86.92 ema50=86.56 rsi=73.0 atr=0.47 atr%=0.54 vol=1.41 UP
2026-04-27 12:35:12,086 - INFO - 📊 Balance=5010.56 | daily=0.08%/10% | trades_today=6
2026-04-27 12:35:12,087 - INFO - 🚦 New entries paused: max trades per day reached. Existing positions still managed.
2026-04-27 12:35:12,087 - INFO - 🔎 --- BTCUSDT ---
2026-04-27 12:35:20,340 - INFO - 📈 BTCUSDT | 1m close=78775.00 ema20=78534.42 ema50=78718.86 rsi=55.8 atr=712.85 atr%=0.90 vol=0.25 UP | 5m close=78775.00 ema20=78902.05 ema50=78923.18 rsi=44.9 atr=379.96 atr%=0.48 vol=1.32 DOWN | 15m close=78144.30 ema20=78878.48 ema50=78612.91 rsi=15.9 atr=240.85 atr%=0.31 vol=1.96 DOWN | 1h close=79014.40 ema20=78435.83 ema50=78055.56 rsi=77.5 atr=380.77 atr%=0.48 vol=1.40 UP
2026-04-27 12:35:28,177 - INFO - 🔎 --- ETHUSDT ---
2026-04-27 12:35:36,505 - INFO - 📈 ETHUSDT | 1m close=2349.86 ema20=2371.39 ema50=2376.59 rsi=44.8 atr=43.55 atr%=1.85 vol=0.28 DOWN | 5m close=2349.86 ema20=2379.56 ema50=2382.76 rsi=37.2 atr=22.49 atr%=0.96 vol=1.94 DOWN | 15m close=2379.97 ema20=2383.55 ema50=2371.84 rsi=42.2 atr=11.28 atr%=0.47 vol=1.54 DOWN | 1h close=2381.65 ema20=2362.58 ema50=2343.48 rsi=69.6 atr=13.47 atr%=0.57 vol=1.21 UP
2026-04-27 12:35:38,952 - INFO - 🔎 --- SOLUSDT ---
2026-04-27 12:35:42,556 - INFO - 📈 SOLUSDT | 1m close=87.02 ema20=87.04 ema50=87.21 rsi=49.3 atr=1.34 atr%=1.54 vol=1.44 DOWN | 5m close=87.02 ema20=87.35 ema50=87.42 rsi=43.1 atr=0.57 atr%=0.65 vol=4.62 DOWN | 15m close=86.12 ema20=87.28 ema50=87.05 rsi=26.0 atr=0.41 atr%=0.47 vol=10.72 DOWN | 1h close=87.44 ema20=86.92 ema50=86.56 rsi=73.0 atr=0.47 atr%=0.54 vol=1.41 UP
2026-04-27 12:36:16,332 - INFO - 📊 Balance=5010.56 | daily=0.08%/10% | trades_today=6
2026-04-27 12:36:16,332 - INFO - 🚦 New entries paused: max trades per day reached. Existing positions still managed.
2026-04-27 12:36:16,333 - INFO - 🔎 --- BTCUSDT ---
2026-04-27 12:36:21,635 - INFO - 📈 BTCUSDT | 1m close=79015.10 ema20=78580.20 ema50=78730.48 rsi=51.7 atr=740.01 atr%=0.94 vol=1.26 UP | 5m close=78775.00 ema20=78902.05 ema50=78923.18 rsi=44.9 atr=379.96 atr%=0.48 vol=1.32 DOWN | 15m close=78144.30 ema20=78878.48 ema50=78612.91 rsi=15.9 atr=240.85 atr%=0.31 vol=1.96 DOWN | 1h close=79014.40 ema20=78435.83 ema50=78055.56 rsi=77.5 atr=380.77 atr%=0.48 vol=1.40 UP
2026-04-27 12:36:23,802 - INFO - 🔎 --- ETHUSDT ---
2026-04-27 12:36:29,919 - INFO - 📈 ETHUSDT | 1m close=2367.32 ema20=2371.00 ema50=2376.23 rsi=44.7 atr=44.36 atr%=1.87 vol=1.13 DOWN | 5m close=2349.86 ema20=2379.56 ema50=2382.76 rsi=37.2 atr=22.49 atr%=0.96 vol=1.94 DOWN | 15m close=2379.97 ema20=2383.55 ema50=2371.84 rsi=42.2 atr=11.28 atr%=0.47 vol=1.54 DOWN | 1h close=2381.65 ema20=2362.58 ema50=2343.48 rsi=69.6 atr=13.47 atr%=0.57 vol=1.21 UP
2026-04-27 12:36:32,971 - INFO - 🔎 --- SOLUSDT ---
2026-04-27 12:36:38,648 - INFO - 📈 SOLUSDT | 1m close=86.94 ema20=87.03 ema50=87.20 rsi=49.2 atr=1.37 atr%=1.57 vol=1.12 DOWN | 5m close=87.02 ema20=87.35 ema50=87.42 rsi=43.1 atr=0.57 atr%=0.65 vol=4.62 DOWN | 15m close=86.12 ema20=87.28 ema50=87.05 rsi=26.0 atr=0.41 atr%=0.47 vol=10.72 DOWN | 1h close=87.44 ema20=86.92 ema50=86.56 rsi=73.0 atr=0.47 atr%=0.54 vol=1.41 UP
2026-04-27 12:37:13,916 - INFO - 📊 Balance=5010.56 | daily=0.08%/10% | trades_today=6
2026-04-27 12:37:13,916 - INFO - 🚦 New entries paused: max trades per day reached. Existing positions still managed.
2026-04-27 12:37:13,916 - INFO - 🔎 --- BTCUSDT ---
2026-04-27 12:37:19,418 - INFO - 📈 BTCUSDT | 1m close=78687.20 ema20=78590.39 ema50=78728.78 rsi=52.7 atr=710.69 atr%=0.90 vol=1.92 UP | 5m close=78775.00 ema20=78902.05 ema50=78923.18 rsi=44.9 atr=379.96 atr%=0.48 vol=1.32 DOWN | 15m close=78144.30 ema20=78878.48 ema50=78612.91 rsi=15.9 atr=240.85 atr%=0.31 vol=1.96 DOWN | 1h close=79014.40 ema20=78435.83 ema50=78055.56 rsi=77.5 atr=380.77 atr%=0.48 vol=1.40 UP
2026-04-27 12:37:24,923 - INFO - 🔎 --- ETHUSDT ---
2026-04-27 12:37:30,464 - INFO - 📈 ETHUSDT | 1m close=2342.54 ema20=2368.29 ema50=2374.91 rsi=43.4 atr=47.02 atr%=2.01 vol=0.58 DOWN | 5m close=2349.86 ema20=2379.56 ema50=2382.76 rsi=37.2 atr=22.49 atr%=0.96 vol=1.94 DOWN | 15m close=2379.97 ema20=2383.55 ema50=2371.84 rsi=42.2 atr=11.28 atr%=0.47 vol=1.54 DOWN | 1h close=2381.65 ema20=2362.58 ema50=2343.48 rsi=69.6 atr=13.47 atr%=0.57 vol=1.21 UP
2026-04-27 12:37:34,182 - INFO - 🔎 --- SOLUSDT ---
2026-04-27 12:37:37,976 - INFO - 📈 SOLUSDT | 1m close=87.18 ema20=87.05 ema50=87.20 rsi=47.6 atr=1.36 atr%=1.56 vol=1.33 UP | 5m close=87.02 ema20=87.35 ema50=87.42 rsi=43.1 atr=0.57 atr%=0.65 vol=4.62 DOWN | 15m close=86.12 ema20=87.28 ema50=87.05 rsi=26.0 atr=0.41 atr%=0.47 vol=10.72 DOWN | 1h close=87.44 ema20=86.92 ema50=86.56 rsi=73.0 atr=0.47 atr%=0.54 vol=1.41 UP
2026-04-27 12:38:11,315 - INFO - 📊 Balance=5010.56 | daily=0.08%/10% | trades_today=6
2026-04-27 12:38:11,316 - INFO - 🚦 New entries paused: max trades per day reached. Existing positions still managed.
2026-04-27 12:38:11,316 - INFO - 🔎 --- BTCUSDT ---
2026-04-27 12:38:16,753 - INFO - 📈 BTCUSDT | 1m close=78687.20 ema20=78590.39 ema50=78728.78 rsi=52.7 atr=710.69 atr%=0.90 vol=1.92 UP | 5m close=78775.00 ema20=78902.05 ema50=78923.18 rsi=44.9 atr=379.96 atr%=0.48 vol=1.32 DOWN | 15m close=78144.30 ema20=78878.48 ema50=78612.91 rsi=15.9 atr=240.85 atr%=0.31 vol=1.96 DOWN | 1h close=79014.40 ema20=78435.83 ema50=78055.56 rsi=77.5 atr=380.77 atr%=0.48 vol=1.40 UP
2026-04-27 12:38:19,396 - INFO - 🔎 --- ETHUSDT ---
2026-04-27 12:38:25,280 - INFO - 📈 ETHUSDT | 1m close=2330.00 ema20=2364.64 ema50=2373.15 rsi=41.2 atr=49.97 atr%=2.14 vol=0.56 DOWN | 5m close=2349.86 ema20=2379.56 ema50=2382.76 rsi=37.2 atr=22.49 atr%=0.96 vol=1.94 DOWN | 15m close=2379.97 ema20=2383.55 ema50=2371.84 rsi=42.2 atr=11.28 atr%=0.47 vol=1.54 DOWN | 1h close=2381.65 ema20=2362.58 ema50=2343.48 rsi=69.6 atr=13.47 atr%=0.57 vol=1.21 UP
2026-04-27 12:38:27,814 - INFO - 🔎 --- SOLUSDT ---
2026-04-27 12:38:31,944 - INFO - 📈 SOLUSDT | 1m close=85.89 ema20=86.94 ema50=87.15 rsi=41.9 atr=1.35 atr%=1.57 vol=1.17 DOWN | 5m close=87.02 ema20=87.35 ema50=87.42 rsi=43.1 atr=0.57 atr%=0.65 vol=4.62 DOWN | 15m close=86.12 ema20=87.28 ema50=87.05 rsi=26.0 atr=0.41 atr%=0.47 vol=10.72 DOWN | 1h close=87.44 ema20=86.92 ema50=86.56 rsi=73.0 atr=0.47 atr%=0.54 vol=1.41 UP
2026-04-27 12:39:14,988 - INFO - 📊 Balance=5010.56 | daily=0.08%/10% | trades_today=6
2026-04-27 12:39:14,988 - INFO - 🚦 New entries paused: max trades per day reached. Existing positions still managed.
2026-04-27 12:39:14,989 - INFO - 🔎 --- BTCUSDT ---
2026-04-27 12:39:27,011 - INFO - 📈 BTCUSDT | 1m close=77772.60 ema20=78539.18 ema50=78697.73 rsi=39.5 atr=762.36 atr%=0.98 vol=1.44 DOWN | 5m close=78775.00 ema20=78902.05 ema50=78923.18 rsi=44.9 atr=379.96 atr%=0.48 vol=1.32 DOWN | 15m close=78144.30 ema20=78878.48 ema50=78612.91 rsi=15.9 atr=240.85 atr%=0.31 vol=1.96 DOWN | 1h close=79014.40 ema20=78435.83 ema50=78055.56 rsi=77.5 atr=380.77 atr%=0.48 vol=1.40 UP
2026-04-27 12:39:32,913 - INFO - 🔎 --- ETHUSDT ---
2026-04-27 12:39:37,905 - INFO - 📈 ETHUSDT | 1m close=2365.40 ema20=2364.71 ema50=2372.84 rsi=48.0 atr=49.31 atr%=2.08 vol=0.36 UP | 5m close=2349.86 ema20=2379.56 ema50=2382.76 rsi=37.2 atr=22.49 atr%=0.96 vol=1.94 DOWN | 15m close=2379.97 ema20=2383.55 ema50=2371.84 rsi=42.2 atr=11.28 atr%=0.47 vol=1.54 DOWN | 1h close=2381.65 ema20=2362.58 ema50=2343.48 rsi=69.6 atr=13.47 atr%=0.57 vol=1.21 UP
2026-04-27 12:39:42,055 - INFO - 🔎 --- SOLUSDT ---
2026-04-27 12:39:49,721 - INFO - 📈 SOLUSDT | 1m close=85.88 ema20=86.83 ema50=87.10 rsi=39.8 atr=1.40 atr%=1.63 vol=0.66 DOWN | 5m close=87.02 ema20=87.35 ema50=87.42 rsi=43.1 atr=0.57 atr%=0.65 vol=4.62 DOWN | 15m close=86.12 ema20=87.28 ema50=87.05 rsi=26.0 atr=0.41 atr%=0.47 vol=10.72 DOWN | 1h close=87.44 ema20=86.92 ema50=86.56 rsi=73.0 atr=0.47 atr%=0.54 vol=1.41 UP
2026-04-27 12:40:25,379 - INFO - 📊 Balance=5010.56 | daily=0.08%/10% | trades_today=6
2026-04-27 12:40:25,380 - INFO - 🚦 New entries paused: max trades per day reached. Existing positions still managed.
2026-04-27 12:40:25,380 - INFO - 🔎 --- BTCUSDT ---
2026-04-27 12:40:30,887 - INFO - 📈 BTCUSDT | 1m close=77769.70 ema20=78465.90 ema50=78661.34 rsi=39.4 atr=793.31 atr%=1.02 vol=1.85 DOWN | 5m close=77769.70 ema20=78794.21 ema50=78877.94 rsi=28.2 atr=455.29 atr%=0.59 vol=1.86 DOWN | 15m close=78144.30 ema20=78878.48 ema50=78612.91 rsi=15.9 atr=240.85 atr%=0.31 vol=1.96 DOWN | 1h close=79014.40 ema20=78435.83 ema50=78055.56 rsi=77.5 atr=380.77 atr%=0.48 vol=1.40 UP
2026-04-27 12:40:34,364 - INFO - 🔎 --- ETHUSDT ---
2026-04-27 12:40:37,705 - INFO - 📈 ETHUSDT | 1m close=2365.00 ema20=2364.74 ema50=2372.53 rsi=51.5 atr=48.30 atr%=2.04 vol=0.29 UP | 5m close=2365.00 ema20=2378.17 ema50=2382.07 rsi=42.6 atr=26.65 atr%=1.13 vol=0.83 DOWN | 15m close=2379.97 ema20=2383.55 ema50=2371.84 rsi=42.2 atr=11.28 atr%=0.47 vol=1.54 DOWN | 1h close=2381.65 ema20=2362.58 ema50=2343.48 rsi=69.6 atr=13.47 atr%=0.57 vol=1.21 UP
2026-04-27 12:40:40,337 - INFO - 🔎 --- SOLUSDT ---
2026-04-27 12:40:45,452 - INFO - 📈 SOLUSDT | 1m close=85.96 ema20=86.75 ema50=87.05 rsi=41.9 atr=1.38 atr%=1.60 vol=1.04 DOWN | 5m close=85.96 ema20=87.21 ema50=87.36 rsi=34.6 atr=0.69 atr%=0.81 vol=3.75 DOWN | 15m close=86.12 ema20=87.28 ema50=87.05 rsi=26.0 atr=0.41 atr%=0.47 vol=10.72 DOWN | 1h close=87.44 ema20=86.92 ema50=86.56 rsi=73.0 atr=0.47 atr%=0.54 vol=1.41 UP
2026-04-27 12:41:19,205 - INFO - 📊 Balance=5010.56 | daily=0.08%/10% | trades_today=6
2026-04-27 12:41:19,206 - INFO - 🚦 New entries paused: max trades per day reached. Existing positions still managed.
2026-04-27 12:41:19,206 - INFO - 🔎 --- BTCUSDT ---
2026-04-27 12:41:26,417 - INFO - 📈 BTCUSDT | 1m close=77711.00 ema20=78394.00 ema50=78624.07 rsi=38.9 atr=855.02 atr%=1.10 vol=0.70 DOWN | 5m close=77769.70 ema20=78794.21 ema50=78877.94 rsi=28.2 atr=455.29 atr%=0.59 vol=1.86 DOWN | 15m close=78144.30 ema20=78878.48 ema50=78612.91 rsi=15.9 atr=240.85 atr%=0.31 vol=1.96 DOWN | 1h close=79014.40 ema20=78435.83 ema50=78055.56 rsi=77.5 atr=380.77 atr%=0.48 vol=1.40 UP
2026-04-27 12:41:34,281 - INFO - 🔎 --- ETHUSDT ---
2026-04-27 12:41:45,129 - INFO - 📈 ETHUSDT | 1m close=2326.33 ema20=2361.08 ema50=2370.72 rsi=41.6 atr=47.30 atr%=2.03 vol=1.08 DOWN | 5m close=2365.00 ema20=2378.17 ema50=2382.07 rsi=42.6 atr=26.65 atr%=1.13 vol=0.83 DOWN | 15m close=2379.97 ema20=2383.55 ema50=2371.84 rsi=42.2 atr=11.28 atr%=0.47 vol=1.54 DOWN | 1h close=2381.65 ema20=2362.58 ema50=2343.48 rsi=69.6 atr=13.47 atr%=0.57 vol=1.21 UP
2026-04-27 12:41:49,143 - INFO - 🔎 --- SOLUSDT ---
2026-04-27 12:41:53,725 - INFO - 📈 SOLUSDT | 1m close=85.93 ema20=86.67 ema50=87.01 rsi=41.8 atr=1.31 atr%=1.53 vol=0.40 DOWN | 5m close=85.96 ema20=87.21 ema50=87.36 rsi=34.6 atr=0.69 atr%=0.81 vol=3.75 DOWN | 15m close=86.12 ema20=87.28 ema50=87.05 rsi=26.0 atr=0.41 atr%=0.47 vol=10.72 DOWN | 1h close=87.44 ema20=86.92 ema50=86.56 rsi=73.0 atr=0.47 atr%=0.54 vol=1.41 UP
2026-04-27 12:42:27,113 - INFO - 📊 Balance=5010.56 | daily=0.08%/10% | trades_today=6
2026-04-27 12:42:27,114 - INFO - 🚦 New entries paused: max trades per day reached. Existing positions still managed.
2026-04-27 12:42:27,114 - INFO - 🔎 --- BTCUSDT ---
2026-04-27 12:42:30,429 - INFO - 📈 BTCUSDT | 1m close=78596.10 ema20=78413.25 ema50=78622.97 rsi=49.1 atr=896.41 atr%=1.14 vol=0.70 UP | 5m close=77769.70 ema20=78794.21 ema50=78877.94 rsi=28.2 atr=455.29 atr%=0.59 vol=1.86 DOWN | 15m close=78144.30 ema20=78878.48 ema50=78612.91 rsi=15.9 atr=240.85 atr%=0.31 vol=1.96 DOWN | 1h close=79014.40 ema20=78435.83 ema50=78055.56 rsi=77.5 atr=380.77 atr%=0.48 vol=1.40 UP
2026-04-27 12:42:33,998 - INFO - 🔎 --- ETHUSDT ---
2026-04-27 12:42:37,891 - INFO - 📈 ETHUSDT | 1m close=2325.50 ema20=2357.69 ema50=2368.95 rsi=47.5 atr=47.03 atr%=2.02 vol=3.91 DOWN | 5m close=2365.00 ema20=2378.17 ema50=2382.07 rsi=42.6 atr=26.65 atr%=1.13 vol=0.83 DOWN | 15m close=2379.97 ema20=2383.55 ema50=2371.84 rsi=42.2 atr=11.28 atr%=0.47 vol=1.54 DOWN | 1h close=2381.65 ema20=2362.58 ema50=2343.48 rsi=69.6 atr=13.47 atr%=0.57 vol=1.21 UP
2026-04-27 12:42:40,988 - INFO - 🔎 --- SOLUSDT ---
2026-04-27 12:42:44,453 - INFO - 📈 SOLUSDT | 1m close=85.93 ema20=86.60 ema50=86.97 rsi=38.9 atr=1.30 atr%=1.51 vol=0.68 DOWN | 5m close=85.96 ema20=87.21 ema50=87.36 rsi=34.6 atr=0.69 atr%=0.81 vol=3.75 DOWN | 15m close=86.12 ema20=87.28 ema50=87.05 rsi=26.0 atr=0.41 atr%=0.47 vol=10.72 DOWN | 1h close=87.44 ema20=86.92 ema50=86.56 rsi=73.0 atr=0.47 atr%=0.54 vol=1.41 UP
2026-04-27 12:43:17,648 - INFO - 📊 Balance=5010.56 | daily=0.08%/10% | trades_today=6
2026-04-27 12:43:17,648 - INFO - 🚦 New entries paused: max trades per day reached. Existing positions still managed.
2026-04-27 12:43:17,649 - INFO - 🔎 --- BTCUSDT ---
2026-04-27 12:43:22,059 - INFO - 📈 BTCUSDT | 1m close=77777.00 ema20=78352.66 ema50=78589.80 rsi=42.6 atr=957.87 atr%=1.23 vol=1.22 DOWN | 5m close=77769.70 ema20=78794.21 ema50=78877.94 rsi=28.2 atr=455.29 atr%=0.59 vol=1.86 DOWN | 15m close=78144.30 ema20=78878.48 ema50=78612.91 rsi=15.9 atr=240.85 atr%=0.31 vol=1.96 DOWN | 1h close=79014.40 ema20=78435.83 ema50=78055.56 rsi=77.5 atr=380.77 atr%=0.48 vol=1.40 UP
2026-04-27 12:43:25,239 - INFO - 🔎 --- ETHUSDT ---
2026-04-27 12:43:28,839 - INFO - 📈 ETHUSDT | 1m close=2327.74 ema20=2354.84 ema50=2367.33 rsi=36.9 atr=47.13 atr%=2.02 vol=1.82 DOWN | 5m close=2365.00 ema20=2378.17 ema50=2382.07 rsi=42.6 atr=26.65 atr%=1.13 vol=0.83 DOWN | 15m close=2379.97 ema20=2383.55 ema50=2371.84 rsi=42.2 atr=11.28 atr%=0.47 vol=1.54 DOWN | 1h close=2381.65 ema20=2362.58 ema50=2343.48 rsi=69.6 atr=13.47 atr%=0.57 vol=1.21 UP
2026-04-27 12:43:31,399 - INFO - 🔎 --- SOLUSDT ---
2026-04-27 12:43:35,002 - INFO - 📈 SOLUSDT | 1m close=85.91 ema20=86.54 ema50=86.93 rsi=40.7 atr=1.34 atr%=1.56 vol=0.91 DOWN | 5m close=85.96 ema20=87.21 ema50=87.36 rsi=34.6 atr=0.69 atr%=0.81 vol=3.75 DOWN | 15m close=86.12 ema20=87.28 ema50=87.05 rsi=26.0 atr=0.41 atr%=0.47 vol=10.72 DOWN | 1h close=87.44 ema20=86.92 ema50=86.56 rsi=73.0 atr=0.47 atr%=0.54 vol=1.41 UP
2026-04-27 12:44:08,015 - INFO - 📊 Balance=5010.56 | daily=0.08%/10% | trades_today=6
2026-04-27 12:44:08,015 - INFO - 🚦 New entries paused: max trades per day reached. Existing positions still managed.
2026-04-27 12:44:08,016 - INFO - 🔎 --- BTCUSDT ---
2026-04-27 12:44:11,402 - INFO - 📈 BTCUSDT | 1m close=77777.00 ema20=78352.66 ema50=78589.80 rsi=42.6 atr=957.87 atr%=1.23 vol=1.22 DOWN | 5m close=77769.70 ema20=78794.21 ema50=78877.94 rsi=28.2 atr=455.29 atr%=0.59 vol=1.86 DOWN | 15m close=78144.30 ema20=78878.48 ema50=78612.91 rsi=15.9 atr=240.85 atr%=0.31 vol=1.96 DOWN | 1h close=79014.40 ema20=78435.83 ema50=78055.56 rsi=77.5 atr=380.77 atr%=0.48 vol=1.40 UP
2026-04-27 12:44:13,612 - INFO - 🔎 --- ETHUSDT ---
2026-04-27 12:44:16,909 - INFO - 📈 ETHUSDT | 1m close=2336.99 ema20=2353.14 ema50=2366.14 rsi=39.9 atr=47.43 atr%=2.03 vol=0.86 DOWN | 5m close=2365.00 ema20=2378.17 ema50=2382.07 rsi=42.6 atr=26.65 atr%=1.13 vol=0.83 DOWN | 15m close=2379.97 ema20=2383.55 ema50=2371.84 rsi=42.2 atr=11.28 atr%=0.47 vol=1.54 DOWN | 1h close=2381.65 ema20=2362.58 ema50=2343.48 rsi=69.6 atr=13.47 atr%=0.57 vol=1.21 UP
2026-04-27 12:44:19,117 - INFO - 🔎 --- SOLUSDT ---
2026-04-27 12:44:22,063 - INFO - 📈 SOLUSDT | 1m close=85.98 ema20=86.48 ema50=86.89 rsi=48.7 atr=1.32 atr%=1.53 vol=0.98 DOWN | 5m close=85.96 ema20=87.21 ema50=87.36 rsi=34.6 atr=0.69 atr%=0.81 vol=3.75 DOWN | 15m close=86.12 ema20=87.28 ema50=87.05 rsi=26.0 atr=0.41 atr%=0.47 vol=10.72 DOWN | 1h close=87.44 ema20=86.92 ema50=86.56 rsi=73.0 atr=0.47 atr%=0.54 vol=1.41 UP
2026-04-27 12:44:55,280 - INFO - 📊 Balance=5010.56 | daily=0.08%/10% | trades_today=6
2026-04-27 12:44:55,281 - INFO - 🚦 New entries paused: max trades per day reached. Existing positions still managed.
2026-04-27 12:44:55,281 - INFO - 🔎 --- BTCUSDT ---
2026-04-27 12:44:59,766 - INFO - 📈 BTCUSDT | 1m close=77777.00 ema20=78297.83 ema50=78557.92 rsi=46.7 atr=976.73 atr%=1.26 vol=1.29 DOWN | 5m close=77769.70 ema20=78794.21 ema50=78877.94 rsi=28.2 atr=455.29 atr%=0.59 vol=1.86 DOWN | 15m close=78144.30 ema20=78878.48 ema50=78612.91 rsi=15.9 atr=240.85 atr%=0.31 vol=1.96 DOWN | 1h close=79014.40 ema20=78435.83 ema50=78055.56 rsi=77.5 atr=380.77 atr%=0.48 vol=1.40 UP
2026-04-27 12:45:02,279 - INFO - 🔎 --- ETHUSDT ---
2026-04-27 12:45:05,510 - INFO - 📈 ETHUSDT | 1m close=2336.99 ema20=2353.14 ema50=2366.14 rsi=39.9 atr=47.43 atr%=2.03 vol=0.86 DOWN | 5m close=2365.00 ema20=2378.17 ema50=2382.07 rsi=42.6 atr=26.65 atr%=1.13 vol=0.83 DOWN | 15m close=2379.97 ema20=2383.55 ema50=2371.84 rsi=42.2 atr=11.28 atr%=0.47 vol=1.54 DOWN | 1h close=2381.65 ema20=2362.58 ema50=2343.48 rsi=69.6 atr=13.47 atr%=0.57 vol=1.21 UP
2026-04-27 12:45:08,267 - INFO - 🔎 --- SOLUSDT ---
2026-04-27 12:45:12,962 - INFO - 📈 SOLUSDT | 1m close=85.98 ema20=86.48 ema50=86.89 rsi=48.7 atr=1.32 atr%=1.53 vol=0.98 DOWN | 5m close=85.96 ema20=87.21 ema50=87.36 rsi=34.6 atr=0.69 atr%=0.81 vol=3.75 DOWN | 15m close=86.12 ema20=87.28 ema50=87.05 rsi=26.0 atr=0.41 atr%=0.47 vol=10.72 DOWN | 1h close=87.44 ema20=86.92 ema50=86.56 rsi=73.0 atr=0.47 atr%=0.54 vol=1.41 UP
2026-04-27 12:45:46,104 - INFO - 📊 Balance=5010.56 | daily=0.08%/10% | trades_today=6
2026-04-27 12:45:46,104 - INFO - 🚦 New entries paused: max trades per day reached. Existing positions still managed.
2026-04-27 12:45:46,105 - INFO - 🔎 --- BTCUSDT ---
2026-04-27 12:45:49,469 - INFO - 📈 BTCUSDT | 1m close=78600.00 ema20=78326.61 ema50=78559.57 rsi=49.3 atr=971.76 atr%=1.24 vol=1.33 UP | 5m close=78600.00 ema20=78775.71 ema50=78867.04 rsi=44.7 atr=527.84 atr%=0.67 vol=1.52 DOWN | 15m close=78600.00 ema20=78851.96 ema50=78612.41 rsi=36.8 atr=320.82 atr%=0.41 vol=1.85 DOWN | 1h close=79014.40 ema20=78435.83 ema50=78055.56 rsi=77.5 atr=380.77 atr%=0.48 vol=1.40 UP
2026-04-27 12:45:51,664 - INFO - 🔎 --- ETHUSDT ---
2026-04-27 12:45:54,887 - INFO - 📈 ETHUSDT | 1m close=2369.35 ema20=2354.68 ema50=2366.27 rsi=49.2 atr=47.26 atr%=1.99 vol=0.67 UP | 5m close=2369.35 ema20=2377.33 ema50=2381.57 rsi=44.0 atr=29.68 atr%=1.25 vol=2.12 DOWN | 15m close=2369.35 ema20=2382.20 ema50=2371.74 rsi=29.9 atr=15.55 atr%=0.66 vol=2.05 DOWN | 1h close=2381.65 ema20=2362.58 ema50=2343.48 rsi=69.6 atr=13.47 atr%=0.57 vol=1.21 UP
2026-04-27 12:45:57,151 - INFO - 🔎 --- SOLUSDT ---
2026-04-27 12:46:00,070 - INFO - 📈 SOLUSDT | 1m close=86.01 ema20=86.44 ema50=86.86 rsi=37.5 atr=1.22 atr%=1.42 vol=0.48 DOWN | 5m close=86.01 ema20=87.10 ema50=87.31 rsi=35.2 atr=0.78 atr%=0.91 vol=2.14 DOWN | 15m close=86.01 ema20=87.16 ema50=87.01 rsi=26.2 atr=0.51 atr%=0.59 vol=7.17 DOWN | 1h close=87.44 ema20=86.92 ema50=86.56 rsi=73.0 atr=0.47 atr%=0.54 vol=1.41 UP
2026-04-27 12:46:33,406 - INFO - 📊 Balance=5010.56 | daily=0.08%/10% | trades_today=6
2026-04-27 12:46:33,406 - INFO - 🚦 New entries paused: max trades per day reached. Existing positions still managed.
2026-04-27 12:46:33,406 - INFO - 🔎 --- BTCUSDT ---
2026-04-27 12:46:36,690 - INFO - 📈 BTCUSDT | 1m close=77807.70 ema20=78277.19 ema50=78530.09 rsi=47.9 atr=963.25 atr%=1.24 vol=0.58 DOWN | 5m close=78600.00 ema20=78775.71 ema50=78867.04 rsi=44.7 atr=527.84 atr%=0.67 vol=1.52 DOWN | 15m close=78600.00 ema20=78851.96 ema50=78612.41 rsi=36.8 atr=320.82 atr%=0.41 vol=1.85 DOWN | 1h close=79014.40 ema20=78435.83 ema50=78055.56 rsi=77.5 atr=380.77 atr%=0.48 vol=1.40 UP
2026-04-27 12:46:38,796 - INFO - 🔎 --- ETHUSDT ---
2026-04-27 12:46:42,014 - INFO - 📈 ETHUSDT | 1m close=2324.79 ema20=2351.84 ema50=2364.64 rsi=41.4 atr=46.33 atr%=1.99 vol=0.74 DOWN | 5m close=2369.35 ema20=2377.33 ema50=2381.57 rsi=44.0 atr=29.68 atr%=1.25 vol=2.12 DOWN | 15m close=2369.35 ema20=2382.20 ema50=2371.74 rsi=29.9 atr=15.55 atr%=0.66 vol=2.05 DOWN | 1h close=2381.65 ema20=2362.58 ema50=2343.48 rsi=69.6 atr=13.47 atr%=0.57 vol=1.21 UP
2026-04-27 12:46:44,097 - INFO - 🔎 --- SOLUSDT ---
2026-04-27 12:46:47,159 - INFO - 📈 SOLUSDT | 1m close=85.84 ema20=86.38 ema50=86.82 rsi=47.0 atr=1.20 atr%=1.39 vol=0.97 DOWN | 5m close=86.01 ema20=87.10 ema50=87.31 rsi=35.2 atr=0.78 atr%=0.91 vol=2.14 DOWN | 15m close=86.01 ema20=87.16 ema50=87.01 rsi=26.2 atr=0.51 atr%=0.59 vol=7.17 DOWN | 1h close=87.44 ema20=86.92 ema50=86.56 rsi=73.0 atr=0.47 atr%=0.54 vol=1.41 UP
2026-04-27 12:47:20,064 - INFO - 📊 Balance=5010.56 | daily=0.08%/10% | trades_today=6
2026-04-27 12:47:20,065 - INFO - 🚦 New entries paused: max trades per day reached. Existing positions still managed.
2026-04-27 12:47:20,065 - INFO - 🔎 --- BTCUSDT ---
2026-04-27 12:47:24,154 - INFO - 📈 BTCUSDT | 1m close=78461.60 ema20=78294.75 ema50=78527.41 rsi=53.0 atr=959.53 atr%=1.22 vol=2.70 UP | 5m close=78600.00 ema20=78775.71 ema50=78867.04 rsi=44.7 atr=527.84 atr%=0.67 vol=1.52 DOWN | 15m close=78600.00 ema20=78851.96 ema50=78612.41 rsi=36.8 atr=320.82 atr%=0.41 vol=1.85 DOWN | 1h close=79014.40 ema20=78435.83 ema50=78055.56 rsi=77.5 atr=380.77 atr%=0.48 vol=1.40 UP
2026-04-27 12:47:26,307 - INFO - 🔎 --- ETHUSDT ---
2026-04-27 12:47:29,607 - INFO - 📈 ETHUSDT | 1m close=2324.79 ema20=2349.26 ema50=2363.08 rsi=41.7 atr=46.68 atr%=2.01 vol=0.50 DOWN | 5m close=2369.35 ema20=2377.33 ema50=2381.57 rsi=44.0 atr=29.68 atr%=1.25 vol=2.12 DOWN | 15m close=2369.35 ema20=2382.20 ema50=2371.74 rsi=29.9 atr=15.55 atr%=0.66 vol=2.05 DOWN | 1h close=2381.65 ema20=2362.58 ema50=2343.48 rsi=69.6 atr=13.47 atr%=0.57 vol=1.21 UP
2026-04-27 12:47:31,777 - INFO - 🔎 --- SOLUSDT ---
2026-04-27 12:47:34,711 - INFO - 📈 SOLUSDT | 1m close=85.94 ema20=86.34 ema50=86.78 rsi=21.5 atr=1.09 atr%=1.27 vol=0.55 DOWN | 5m close=86.01 ema20=87.10 ema50=87.31 rsi=35.2 atr=0.78 atr%=0.91 vol=2.14 DOWN | 15m close=86.01 ema20=87.16 ema50=87.01 rsi=26.2 atr=0.51 atr%=0.59 vol=7.17 DOWN | 1h close=87.44 ema20=86.92 ema50=86.56 rsi=73.0 atr=0.47 atr%=0.54 vol=1.41 UP
2026-04-27 12:48:08,203 - INFO - 📊 Balance=5010.56 | daily=0.08%/10% | trades_today=6
2026-04-27 12:48:08,204 - INFO - 🚦 New entries paused: max trades per day reached. Existing positions still managed.
2026-04-27 12:48:08,204 - INFO - 🔎 --- BTCUSDT ---
2026-04-27 12:48:19,023 - INFO - 📈 BTCUSDT | 1m close=77860.00 ema20=78253.35 ema50=78501.24 rsi=48.5 atr=940.96 atr%=1.21 vol=1.05 DOWN | 5m close=78600.00 ema20=78775.71 ema50=78867.04 rsi=44.7 atr=527.84 atr%=0.67 vol=1.52 DOWN | 15m close=78600.00 ema20=78851.96 ema50=78612.41 rsi=36.8 atr=320.82 atr%=0.41 vol=1.85 DOWN | 1h close=79014.40 ema20=78435.83 ema50=78055.56 rsi=77.5 atr=380.77 atr%=0.48 vol=1.40 UP
2026-04-27 12:48:22,071 - INFO - 🔎 --- ETHUSDT ---
2026-04-27 12:48:26,912 - INFO - 📈 ETHUSDT | 1m close=2323.91 ema20=2346.85 ema50=2361.54 rsi=37.1 atr=46.31 atr%=1.99 vol=0.62 DOWN | 5m close=2369.35 ema20=2377.33 ema50=2381.57 rsi=44.0 atr=29.68 atr%=1.25 vol=2.12 DOWN | 15m close=2369.35 ema20=2382.20 ema50=2371.74 rsi=29.9 atr=15.55 atr%=0.66 vol=2.05 DOWN | 1h close=2381.65 ema20=2362.58 ema50=2343.48 rsi=69.6 atr=13.47 atr%=0.57 vol=1.21 UP
2026-04-27 12:48:29,567 - INFO - 🔎 --- SOLUSDT ---
2026-04-27 12:48:32,822 - INFO - 📈 SOLUSDT | 1m close=85.89 ema20=86.30 ema50=86.75 rsi=24.3 atr=1.08 atr%=1.25 vol=1.07 DOWN | 5m close=86.01 ema20=87.10 ema50=87.31 rsi=35.2 atr=0.78 atr%=0.91 vol=2.14 DOWN | 15m close=86.01 ema20=87.16 ema50=87.01 rsi=26.2 atr=0.51 atr%=0.59 vol=7.17 DOWN | 1h close=87.44 ema20=86.92 ema50=86.56 rsi=73.0 atr=0.47 atr%=0.54 vol=1.41 UP
2026-04-27 12:49:05,962 - INFO - 📊 Balance=5010.56 | daily=0.08%/10% | trades_today=6
2026-04-27 12:49:05,962 - INFO - 🚦 New entries paused: max trades per day reached. Existing positions still managed.
2026-04-27 12:49:05,963 - INFO - 🔎 --- BTCUSDT ---
2026-04-27 12:49:09,380 - INFO - 📈 BTCUSDT | 1m close=77860.00 ema20=78253.35 ema50=78501.24 rsi=48.5 atr=940.96 atr%=1.21 vol=1.05 DOWN | 5m close=78600.00 ema20=78775.71 ema50=78867.04 rsi=44.7 atr=527.84 atr%=0.67 vol=1.52 DOWN | 15m close=78600.00 ema20=78851.96 ema50=78612.41 rsi=36.8 atr=320.82 atr%=0.41 vol=1.85 DOWN | 1h close=79014.40 ema20=78435.83 ema50=78055.56 rsi=77.5 atr=380.77 atr%=0.48 vol=1.40 UP
2026-04-27 12:49:12,391 - INFO - 🔎 --- ETHUSDT ---
2026-04-27 12:49:15,993 - INFO - 📈 ETHUSDT | 1m close=2366.00 ema20=2348.67 ema50=2361.72 rsi=53.1 atr=46.55 atr%=1.97 vol=0.64 UP | 5m close=2369.35 ema20=2377.33 ema50=2381.57 rsi=44.0 atr=29.68 atr%=1.25 vol=2.12 DOWN | 15m close=2369.35 ema20=2382.20 ema50=2371.74 rsi=29.9 atr=15.55 atr%=0.66 vol=2.05 DOWN | 1h close=2381.65 ema20=2362.58 ema50=2343.48 rsi=69.6 atr=13.47 atr%=0.57 vol=1.21 UP
2026-04-27 12:49:18,106 - INFO - 🔎 --- SOLUSDT ---
2026-04-27 12:49:21,753 - INFO - 📈 SOLUSDT | 1m close=85.91 ema20=86.26 ema50=86.71 rsi=24.7 atr=1.06 atr%=1.23 vol=0.84 DOWN | 5m close=86.01 ema20=87.10 ema50=87.31 rsi=35.2 atr=0.78 atr%=0.91 vol=2.14 DOWN | 15m close=86.01 ema20=87.16 ema50=87.01 rsi=26.2 atr=0.51 atr%=0.59 vol=7.17 DOWN | 1h close=87.44 ema20=86.92 ema50=86.56 rsi=73.0 atr=0.47 atr%=0.54 vol=1.41 UP
2026-04-27 12:49:54,687 - INFO - 📊 Balance=5010.56 | daily=0.08%/10% | trades_today=6
2026-04-27 12:49:54,688 - INFO - 🚦 New entries paused: max trades per day reached. Existing positions still managed.
2026-04-27 12:49:54,688 - INFO - 🔎 --- BTCUSDT ---
2026-04-27 12:49:58,146 - INFO - 📈 BTCUSDT | 1m close=77802.00 ema20=78210.36 ema50=78473.81 rsi=42.6 atr=919.74 atr%=1.18 vol=0.77 DOWN | 5m close=78600.00 ema20=78775.71 ema50=78867.04 rsi=44.7 atr=527.84 atr%=0.67 vol=1.52 DOWN | 15m close=78600.00 ema20=78851.96 ema50=78612.41 rsi=36.8 atr=320.82 atr%=0.41 vol=1.85 DOWN | 1h close=79014.40 ema20=78435.83 ema50=78055.56 rsi=77.5 atr=380.77 atr%=0.48 vol=1.40 UP
2026-04-27 12:50:00,316 - INFO - 🔎 --- ETHUSDT ---
2026-04-27 12:50:03,630 - INFO - 📈 ETHUSDT | 1m close=2366.00 ema20=2348.67 ema50=2361.72 rsi=53.1 atr=46.55 atr%=1.97 vol=0.64 UP | 5m close=2369.35 ema20=2377.33 ema50=2381.57 rsi=44.0 atr=29.68 atr%=1.25 vol=2.12 DOWN | 15m close=2369.35 ema20=2382.20 ema50=2371.74 rsi=29.9 atr=15.55 atr%=0.66 vol=2.05 DOWN | 1h close=2381.65 ema20=2362.58 ema50=2343.48 rsi=69.6 atr=13.47 atr%=0.57 vol=1.21 UP
2026-04-27 12:50:06,206 - INFO - 🔎 --- SOLUSDT ---
2026-04-27 12:50:09,182 - INFO - 📈 SOLUSDT | 1m close=85.91 ema20=86.26 ema50=86.71 rsi=24.7 atr=1.06 atr%=1.23 vol=0.84 DOWN | 5m close=86.01 ema20=87.10 ema50=87.31 rsi=35.2 atr=0.78 atr%=0.91 vol=2.14 DOWN | 15m close=86.01 ema20=87.16 ema50=87.01 rsi=26.2 atr=0.51 atr%=0.59 vol=7.17 DOWN | 1h close=87.44 ema20=86.92 ema50=86.56 rsi=73.0 atr=0.47 atr%=0.54 vol=1.41 UP
2026-04-27 12:50:44,070 - INFO - 📊 Balance=5010.56 | daily=0.08%/10% | trades_today=6
2026-04-27 12:50:44,070 - INFO - 🚦 New entries paused: max trades per day reached. Existing positions still managed.
2026-04-27 12:50:44,071 - INFO - 🔎 --- BTCUSDT ---
2026-04-27 12:50:51,641 - INFO - 📈 BTCUSDT | 1m close=78015.70 ema20=78191.82 ema50=78455.85 rsi=42.4 atr=901.66 atr%=1.16 vol=1.36 DOWN | 5m close=78015.70 ema20=78703.33 ema50=78833.66 rsi=38.0 atr=584.66 atr%=0.75 vol=1.93 DOWN | 15m close=78600.00 ema20=78851.96 ema50=78612.41 rsi=36.8 atr=320.82 atr%=0.41 vol=1.85 DOWN | 1h close=79014.40 ema20=78435.83 ema50=78055.56 rsi=77.5 atr=380.77 atr%=0.48 vol=1.40 UP
2026-04-27 12:50:53,872 - INFO - 🔎 --- ETHUSDT ---
2026-04-27 12:50:57,605 - INFO - 📈 ETHUSDT | 1m close=2334.12 ema20=2347.29 ema50=2360.64 rsi=44.0 atr=45.88 atr%=1.97 vol=0.38 DOWN | 5m close=2334.12 ema20=2373.22 ema50=2379.71 rsi=37.4 atr=32.53 atr%=1.39 vol=0.77 DOWN | 15m close=2369.35 ema20=2382.20 ema50=2371.74 rsi=29.9 atr=15.55 atr%=0.66 vol=2.05 DOWN | 1h close=2381.65 ema20=2362.58 ema50=2343.48 rsi=69.6 atr=13.47 atr%=0.57 vol=1.21 UP
2026-04-27 12:50:59,829 - INFO - 🔎 --- SOLUSDT ---
2026-04-27 12:51:03,669 - INFO - 📈 SOLUSDT | 1m close=87.06 ema20=86.34 ema50=86.73 rsi=51.8 atr=1.03 atr%=1.19 vol=0.73 UP | 5m close=87.06 ema20=87.10 ema50=87.30 rsi=45.1 atr=0.87 atr%=1.00 vol=2.19 DOWN | 15m close=86.01 ema20=87.16 ema50=87.01 rsi=26.2 atr=0.51 atr%=0.59 vol=7.17 DOWN | 1h close=87.44 ema20=86.92 ema50=86.56 rsi=73.0 atr=0.47 atr%=0.54 vol=1.41 UP
2026-04-27 12:51:37,784 - INFO - 📊 Balance=5010.56 | daily=0.08%/10% | trades_today=6
2026-04-27 12:51:37,784 - INFO - 🚦 New entries paused: max trades per day reached. Existing positions still managed.
2026-04-27 12:51:37,784 - INFO - 🔎 --- BTCUSDT ---
2026-04-27 12:51:41,163 - INFO - 📈 BTCUSDT | 1m close=78492.80 ema20=78220.49 ema50=78457.29 rsi=48.6 atr=938.79 atr%=1.20 vol=1.11 UP | 5m close=78015.70 ema20=78703.33 ema50=78833.66 rsi=38.0 atr=584.66 atr%=0.75 vol=1.93 DOWN | 15m close=78600.00 ema20=78851.96 ema50=78612.41 rsi=36.8 atr=320.82 atr%=0.41 vol=1.85 DOWN | 1h close=79014.40 ema20=78435.83 ema50=78055.56 rsi=77.5 atr=380.77 atr%=0.48 vol=1.40 UP
2026-04-27 12:51:43,713 - INFO - 🔎 --- ETHUSDT ---
2026-04-27 12:51:48,977 - INFO - 📈 ETHUSDT | 1m close=2324.86 ema20=2345.15 ema50=2359.23 rsi=46.6 atr=45.84 atr%=1.97 vol=1.47 DOWN | 5m close=2334.12 ema20=2373.22 ema50=2379.71 rsi=37.4 atr=32.53 atr%=1.39 vol=0.77 DOWN | 15m close=2369.35 ema20=2382.20 ema50=2371.74 rsi=29.9 atr=15.55 atr%=0.66 vol=2.05 DOWN | 1h close=2381.65 ema20=2362.58 ema50=2343.48 rsi=69.6 atr=13.47 atr%=0.57 vol=1.21 UP
2026-04-27 12:51:51,387 - INFO - 🔎 --- SOLUSDT ---
2026-04-27 12:51:54,438 - INFO - 📈 SOLUSDT | 1m close=85.91 ema20=86.30 ema50=86.69 rsi=34.8 atr=1.03 atr%=1.20 vol=0.88 DOWN | 5m close=87.06 ema20=87.10 ema50=87.30 rsi=45.1 atr=0.87 atr%=1.00 vol=2.19 DOWN | 15m close=86.01 ema20=87.16 ema50=87.01 rsi=26.2 atr=0.51 atr%=0.59 vol=7.17 DOWN | 1h close=87.44 ema20=86.92 ema50=86.56 rsi=73.0 atr=0.47 atr%=0.54 vol=1.41 UP
2026-04-27 12:52:27,843 - INFO - 📊 Balance=5010.56 | daily=0.08%/10% | trades_today=6
2026-04-27 12:52:27,844 - INFO - 🚦 New entries paused: max trades per day reached. Existing positions still managed.
2026-04-27 12:52:27,844 - INFO - 🔎 --- BTCUSDT ---
2026-04-27 12:52:31,332 - INFO - 📈 BTCUSDT | 1m close=78500.00 ema20=78247.11 ema50=78458.97 rsi=46.9 atr=937.42 atr%=1.19 vol=0.70 UP | 5m close=78015.70 ema20=78703.33 ema50=78833.66 rsi=38.0 atr=584.66 atr%=0.75 vol=1.93 DOWN | 15m close=78600.00 ema20=78851.96 ema50=78612.41 rsi=36.8 atr=320.82 atr%=0.41 vol=1.85 DOWN | 1h close=79014.40 ema20=78435.83 ema50=78055.56 rsi=77.5 atr=380.77 atr%=0.48 vol=1.40 UP
2026-04-27 12:52:33,540 - INFO - 🔎 --- ETHUSDT ---
2026-04-27 12:52:36,765 - INFO - 📈 ETHUSDT | 1m close=2321.22 ema20=2342.87 ema50=2357.74 rsi=48.3 atr=46.51 atr%=2.00 vol=2.08 DOWN | 5m close=2334.12 ema20=2373.22 ema50=2379.71 rsi=37.4 atr=32.53 atr%=1.39 vol=0.77 DOWN | 15m close=2369.35 ema20=2382.20 ema50=2371.74 rsi=29.9 atr=15.55 atr%=0.66 vol=2.05 DOWN | 1h close=2381.65 ema20=2362.58 ema50=2343.48 rsi=69.6 atr=13.47 atr%=0.57 vol=1.21 UP
2026-04-27 12:52:38,985 - INFO - 🔎 --- SOLUSDT ---
2026-04-27 12:52:43,528 - INFO - 📈 SOLUSDT | 1m close=85.94 ema20=86.26 ema50=86.67 rsi=50.9 atr=0.95 atr%=1.11 vol=0.54 DOWN | 5m close=87.06 ema20=87.10 ema50=87.30 rsi=45.1 atr=0.87 atr%=1.00 vol=2.19 DOWN | 15m close=86.01 ema20=87.16 ema50=87.01 rsi=26.2 atr=0.51 atr%=0.59 vol=7.17 DOWN | 1h close=87.44 ema20=86.92 ema50=86.56 rsi=73.0 atr=0.47 atr%=0.54 vol=1.41 UP
2026-04-27 12:53:16,467 - INFO - 📊 Balance=5010.56 | daily=0.08%/10% | trades_today=6
2026-04-27 12:53:16,468 - INFO - 🚦 New entries paused: max trades per day reached. Existing positions still managed.
2026-04-27 12:53:16,468 - INFO - 🔎 --- BTCUSDT ---
2026-04-27 12:53:19,751 - INFO - 📈 BTCUSDT | 1m close=77742.60 ema20=78199.06 ema50=78430.87 rsi=49.8 atr=912.25 atr%=1.17 vol=0.59 DOWN | 5m close=78015.70 ema20=78703.33 ema50=78833.66 rsi=38.0 atr=584.66 atr%=0.75 vol=1.93 DOWN | 15m close=78600.00 ema20=78851.96 ema50=78612.41 rsi=36.8 atr=320.82 atr%=0.41 vol=1.85 DOWN | 1h close=79014.40 ema20=78435.83 ema50=78055.56 rsi=77.5 atr=380.77 atr%=0.48 vol=1.40 UP
2026-04-27 12:53:21,983 - INFO - 🔎 --- ETHUSDT ---
2026-04-27 12:53:25,180 - INFO - 📈 ETHUSDT | 1m close=2324.67 ema20=2341.14 ema50=2356.45 rsi=40.7 atr=47.17 atr%=2.03 vol=2.59 DOWN | 5m close=2334.12 ema20=2373.22 ema50=2379.71 rsi=37.4 atr=32.53 atr%=1.39 vol=0.77 DOWN | 15m close=2369.35 ema20=2382.20 ema50=2371.74 rsi=29.9 atr=15.55 atr%=0.66 vol=2.05 DOWN | 1h close=2381.65 ema20=2362.58 ema50=2343.48 rsi=69.6 atr=13.47 atr%=0.57 vol=1.21 UP
2026-04-27 12:53:27,354 - INFO - 🔎 --- SOLUSDT ---
2026-04-27 12:53:31,838 - INFO - 📈 SOLUSDT | 1m close=87.10 ema20=86.34 ema50=86.68 rsi=65.0 atr=0.95 atr%=1.10 vol=1.40 UP | 5m close=87.06 ema20=87.10 ema50=87.30 rsi=45.1 atr=0.87 atr%=1.00 vol=2.19 DOWN | 15m close=86.01 ema20=87.16 ema50=87.01 rsi=26.2 atr=0.51 atr%=0.59 vol=7.17 DOWN | 1h close=87.44 ema20=86.92 ema50=86.56 rsi=73.0 atr=0.47 atr%=0.54 vol=1.41 UP
2026-04-27 12:54:04,780 - INFO - 📊 Balance=5010.56 | daily=0.08%/10% | trades_today=6
2026-04-27 12:54:04,781 - INFO - 🚦 New entries paused: max trades per day reached. Existing positions still managed.
2026-04-27 12:54:04,781 - INFO - 🔎 --- BTCUSDT ---
2026-04-27 12:54:08,110 - INFO - 📈 BTCUSDT | 1m close=77742.60 ema20=78199.06 ema50=78430.87 rsi=49.8 atr=912.25 atr%=1.17 vol=0.59 DOWN | 5m close=78015.70 ema20=78703.33 ema50=78833.66 rsi=38.0 atr=584.66 atr%=0.75 vol=1.93 DOWN | 15m close=78600.00 ema20=78851.96 ema50=78612.41 rsi=36.8 atr=320.82 atr%=0.41 vol=1.85 DOWN | 1h close=79014.40 ema20=78435.83 ema50=78055.56 rsi=77.5 atr=380.77 atr%=0.48 vol=1.40 UP
2026-04-27 12:54:10,245 - INFO - 🔎 --- ETHUSDT ---
2026-04-27 12:54:13,400 - INFO - 📈 ETHUSDT | 1m close=2322.40 ema20=2339.35 ema50=2355.11 rsi=40.4 atr=44.64 atr%=1.92 vol=1.19 DOWN | 5m close=2334.12 ema20=2373.22 ema50=2379.71 rsi=37.4 atr=32.53 atr%=1.39 vol=0.77 DOWN | 15m close=2369.35 ema20=2382.20 ema50=2371.74 rsi=29.9 atr=15.55 atr%=0.66 vol=2.05 DOWN | 1h close=2381.65 ema20=2362.58 ema50=2343.48 rsi=69.6 atr=13.47 atr%=0.57 vol=1.21 UP
2026-04-27 12:54:15,609 - INFO - 🔎 --- SOLUSDT ---
2026-04-27 12:54:18,586 - INFO - 📈 SOLUSDT | 1m close=85.88 ema20=86.30 ema50=86.65 rsi=49.2 atr=0.96 atr%=1.11 vol=0.48 DOWN | 5m close=87.06 ema20=87.10 ema50=87.30 rsi=45.1 atr=0.87 atr%=1.00 vol=2.19 DOWN | 15m close=86.01 ema20=87.16 ema50=87.01 rsi=26.2 atr=0.51 atr%=0.59 vol=7.17 DOWN | 1h close=87.44 ema20=86.92 ema50=86.56 rsi=73.0 atr=0.47 atr%=0.54 vol=1.41 UP
2026-04-27 12:54:51,585 - INFO - 📊 Balance=5010.56 | daily=0.08%/10% | trades_today=6
2026-04-27 12:54:51,585 - INFO - 🚦 New entries paused: max trades per day reached. Existing positions still managed.
2026-04-27 12:54:51,585 - INFO - 🔎 --- BTCUSDT ---
2026-04-27 12:54:55,464 - INFO - 📈 BTCUSDT | 1m close=77705.20 ema20=78152.02 ema50=78402.43 rsi=49.5 atr=887.29 atr%=1.14 vol=0.74 DOWN | 5m close=78015.70 ema20=78703.33 ema50=78833.66 rsi=38.0 atr=584.66 atr%=0.75 vol=1.93 DOWN | 15m close=78600.00 ema20=78851.96 ema50=78612.41 rsi=36.8 atr=320.82 atr%=0.41 vol=1.85 DOWN | 1h close=79014.40 ema20=78435.83 ema50=78055.56 rsi=77.5 atr=380.77 atr%=0.48 vol=1.40 UP
2026-04-27 12:54:58,835 - INFO - 🔎 --- ETHUSDT ---
2026-04-27 12:55:02,926 - INFO - 📈 ETHUSDT | 1m close=2322.40 ema20=2339.35 ema50=2355.11 rsi=40.4 atr=44.64 atr%=1.92 vol=1.19 DOWN | 5m close=2334.12 ema20=2373.22 ema50=2379.71 rsi=37.4 atr=32.53 atr%=1.39 vol=0.77 DOWN | 15m close=2369.35 ema20=2382.20 ema50=2371.74 rsi=29.9 atr=15.55 atr%=0.66 vol=2.05 DOWN | 1h close=2381.65 ema20=2362.58 ema50=2343.48 rsi=69.6 atr=13.47 atr%=0.57 vol=1.21 UP
2026-04-27 12:55:05,352 - INFO - 🔎 --- SOLUSDT ---
2026-04-27 12:55:10,009 - INFO - 📈 SOLUSDT | 1m close=85.91 ema20=86.26 ema50=86.62 rsi=49.8 atr=1.04 atr%=1.21 vol=0.82 DOWN | 5m close=85.91 ema20=86.98 ema50=87.25 rsi=38.5 atr=0.96 atr%=1.11 vol=1.86 DOWN | 15m close=86.01 ema20=87.16 ema50=87.01 rsi=26.2 atr=0.51 atr%=0.59 vol=7.17 DOWN | 1h close=87.44 ema20=86.92 ema50=86.56 rsi=73.0 atr=0.47 atr%=0.54 vol=1.41 UP
2026-04-27 12:55:44,433 - INFO - 📊 Balance=5010.56 | daily=0.08%/10% | trades_today=6
2026-04-27 12:55:44,433 - INFO - 🚦 New entries paused: max trades per day reached. Existing positions still managed.
2026-04-27 12:55:44,434 - INFO - 🔎 --- BTCUSDT ---
2026-04-27 12:55:51,616 - INFO - 📈 BTCUSDT | 1m close=77800.00 ema20=78118.50 ema50=78378.80 rsi=50.7 atr=865.96 atr%=1.11 vol=0.56 DOWN | 5m close=77800.00 ema20=78617.30 ema50=78793.12 rsi=36.7 atr=637.99 atr%=0.82 vol=1.13 DOWN | 15m close=78600.00 ema20=78851.96 ema50=78612.41 rsi=36.8 atr=320.82 atr%=0.41 vol=1.85 DOWN | 1h close=79014.40 ema20=78435.83 ema50=78055.56 rsi=77.5 atr=380.77 atr%=0.48 vol=1.40 UP
2026-04-27 12:55:56,844 - INFO - 🔎 --- ETHUSDT ---
2026-04-27 12:56:00,268 - INFO - 📈 ETHUSDT | 1m close=2342.83 ema20=2339.68 ema50=2354.63 rsi=54.1 atr=45.27 atr%=1.93 vol=0.61 UP | 5m close=2342.83 ema20=2370.32 ema50=2378.26 rsi=38.9 atr=36.13 atr%=1.54 vol=2.01 DOWN | 15m close=2369.35 ema20=2382.20 ema50=2371.74 rsi=29.9 atr=15.55 atr%=0.66 vol=2.05 DOWN | 1h close=2381.65 ema20=2362.58 ema50=2343.48 rsi=69.6 atr=13.47 atr%=0.57 vol=1.21 UP
2026-04-27 12:56:03,255 - INFO - 🔎 --- SOLUSDT ---
2026-04-27 12:56:07,402 - INFO - 📈 SOLUSDT | 1m close=85.91 ema20=86.26 ema50=86.62 rsi=49.8 atr=1.04 atr%=1.21 vol=0.82 DOWN | 5m close=85.91 ema20=86.98 ema50=87.25 rsi=38.5 atr=0.96 atr%=1.11 vol=1.86 DOWN | 15m close=86.01 ema20=87.16 ema50=87.01 rsi=26.2 atr=0.51 atr%=0.59 vol=7.17 DOWN | 1h close=87.44 ema20=86.92 ema50=86.56 rsi=73.0 atr=0.47 atr%=0.54 vol=1.41 UP
2026-04-27 12:56:40,915 - INFO - 📊 Balance=5010.56 | daily=0.08%/10% | trades_today=6
2026-04-27 12:56:40,915 - INFO - 🚦 New entries paused: max trades per day reached. Existing positions still managed.
2026-04-27 12:56:40,915 - INFO - 🔎 --- BTCUSDT ---
2026-04-27 12:56:44,658 - INFO - 📈 BTCUSDT | 1m close=78092.80 ema20=78116.05 ema50=78367.59 rsi=45.5 atr=858.31 atr%=1.10 vol=0.70 DOWN | 5m close=77800.00 ema20=78617.30 ema50=78793.12 rsi=36.7 atr=637.99 atr%=0.82 vol=1.13 DOWN | 15m close=78600.00 ema20=78851.96 ema50=78612.41 rsi=36.8 atr=320.82 atr%=0.41 vol=1.85 DOWN | 1h close=79014.40 ema20=78435.83 ema50=78055.56 rsi=77.5 atr=380.77 atr%=0.48 vol=1.40 UP
2026-04-27 12:56:47,554 - INFO - 🔎 --- ETHUSDT ---
2026-04-27 12:56:51,491 - INFO - 📈 ETHUSDT | 1m close=2370.00 ema20=2342.57 ema50=2355.23 rsi=59.7 atr=45.13 atr%=1.90 vol=0.53 UP | 5m close=2342.83 ema20=2370.32 ema50=2378.26 rsi=38.9 atr=36.13 atr%=1.54 vol=2.01 DOWN | 15m close=2369.35 ema20=2382.20 ema50=2371.74 rsi=29.9 atr=15.55 atr%=0.66 vol=2.05 DOWN | 1h close=2381.65 ema20=2362.58 ema50=2343.48 rsi=69.6 atr=13.47 atr%=0.57 vol=1.21 UP
2026-04-27 12:56:53,706 - INFO - 🔎 --- SOLUSDT ---
2026-04-27 12:56:59,366 - INFO - 📈 SOLUSDT | 1m close=85.92 ema20=86.23 ema50=86.59 rsi=49.9 atr=1.04 atr%=1.21 vol=1.11 DOWN | 5m close=85.91 ema20=86.98 ema50=87.25 rsi=38.5 atr=0.96 atr%=1.11 vol=1.86 DOWN | 15m close=86.01 ema20=87.16 ema50=87.01 rsi=26.2 atr=0.51 atr%=0.59 vol=7.17 DOWN | 1h close=87.44 ema20=86.92 ema50=86.56 rsi=73.0 atr=0.47 atr%=0.54 vol=1.41 UP
2026-04-27 12:57:33,120 - INFO - 📊 Balance=5010.56 | daily=0.08%/10% | trades_today=6
2026-04-27 12:57:33,120 - INFO - 🚦 New entries paused: max trades per day reached. Existing positions still managed.
2026-04-27 12:57:33,121 - INFO - 🔎 --- BTCUSDT ---
2026-04-27 12:57:37,152 - INFO - 📈 BTCUSDT | 1m close=78686.50 ema20=78170.38 ema50=78380.09 rsi=58.4 atr=866.69 atr%=1.10 vol=3.01 UP | 5m close=77800.00 ema20=78617.30 ema50=78793.12 rsi=36.7 atr=637.99 atr%=0.82 vol=1.13 DOWN | 15m close=78600.00 ema20=78851.96 ema50=78612.41 rsi=36.8 atr=320.82 atr%=0.41 vol=1.85 DOWN | 1h close=79014.40 ema20=78435.83 ema50=78055.56 rsi=77.5 atr=380.77 atr%=0.48 vol=1.40 UP
2026-04-27 12:57:39,369 - INFO - 🔎 --- ETHUSDT ---
2026-04-27 12:57:43,918 - INFO - 📈 ETHUSDT | 1m close=2366.94 ema20=2344.89 ema50=2355.69 rsi=58.5 atr=45.22 atr%=1.91 vol=0.61 UP | 5m close=2342.83 ema20=2370.32 ema50=2378.26 rsi=38.9 atr=36.13 atr%=1.54 vol=2.01 DOWN | 15m close=2369.35 ema20=2382.20 ema50=2371.74 rsi=29.9 atr=15.55 atr%=0.66 vol=2.05 DOWN | 1h close=2381.65 ema20=2362.58 ema50=2343.48 rsi=69.6 atr=13.47 atr%=0.57 vol=1.21 UP
2026-04-27 12:57:48,000 - INFO - 🔎 --- SOLUSDT ---
2026-04-27 12:57:51,746 - INFO - 📈 SOLUSDT | 1m close=87.06 ema20=86.31 ema50=86.61 rsi=59.1 atr=1.04 atr%=1.20 vol=0.88 UP | 5m close=85.91 ema20=86.98 ema50=87.25 rsi=38.5 atr=0.96 atr%=1.11 vol=1.86 DOWN | 15m close=86.01 ema20=87.16 ema50=87.01 rsi=26.2 atr=0.51 atr%=0.59 vol=7.17 DOWN | 1h close=87.44 ema20=86.92 ema50=86.56 rsi=73.0 atr=0.47 atr%=0.54 vol=1.41 UP
2026-04-27 12:58:25,370 - INFO - 📊 Balance=5010.56 | daily=0.08%/10% | trades_today=6
2026-04-27 12:58:25,371 - INFO - 🚦 New entries paused: max trades per day reached. Existing positions still managed.
2026-04-27 12:58:25,371 - INFO - 🔎 --- BTCUSDT ---
2026-04-27 12:58:28,745 - INFO - 📈 BTCUSDT | 1m close=78687.20 ema20=78219.60 ema50=78392.13 rsi=58.4 atr=808.14 atr%=1.03 vol=0.18 UP | 5m close=77800.00 ema20=78617.30 ema50=78793.12 rsi=36.7 atr=637.99 atr%=0.82 vol=1.13 DOWN | 15m close=78600.00 ema20=78851.96 ema50=78612.41 rsi=36.8 atr=320.82 atr%=0.41 vol=1.85 DOWN | 1h close=79014.40 ema20=78435.83 ema50=78055.56 rsi=77.5 atr=380.77 atr%=0.48 vol=1.40 UP
2026-04-27 12:58:30,933 - INFO - 🔎 --- ETHUSDT ---
2026-04-27 12:58:34,216 - INFO - 📈 ETHUSDT | 1m close=2357.11 ema20=2346.06 ema50=2355.75 rsi=54.4 atr=45.00 atr%=1.91 vol=0.57 UP | 5m close=2342.83 ema20=2370.32 ema50=2378.26 rsi=38.9 atr=36.13 atr%=1.54 vol=2.01 DOWN | 15m close=2369.35 ema20=2382.20 ema50=2371.74 rsi=29.9 atr=15.55 atr%=0.66 vol=2.05 DOWN | 1h close=2381.65 ema20=2362.58 ema50=2343.48 rsi=69.6 atr=13.47 atr%=0.57 vol=1.21 UP
2026-04-27 12:58:36,482 - INFO - 🔎 --- SOLUSDT ---
2026-04-27 12:58:39,436 - INFO - 📈 SOLUSDT | 1m close=85.96 ema20=86.27 ema50=86.59 rsi=49.9 atr=1.04 atr%=1.22 vol=0.57 DOWN | 5m close=85.91 ema20=86.98 ema50=87.25 rsi=38.5 atr=0.96 atr%=1.11 vol=1.86 DOWN | 15m close=86.01 ema20=87.16 ema50=87.01 rsi=26.2 atr=0.51 atr%=0.59 vol=7.17 DOWN | 1h close=87.44 ema20=86.92 ema50=86.56 rsi=73.0 atr=0.47 atr%=0.54 vol=1.41 UP
2026-04-27 12:59:12,834 - INFO - 📊 Balance=5010.56 | daily=0.08%/10% | trades_today=6
2026-04-27 12:59:12,834 - INFO - 🚦 New entries paused: max trades per day reached. Existing positions still managed.
2026-04-27 12:59:12,834 - INFO - 🔎 --- BTCUSDT ---
2026-04-27 12:59:16,109 - INFO - 📈 BTCUSDT | 1m close=77936.30 ema20=78192.62 ema50=78374.26 rsi=43.8 atr=819.96 atr%=1.05 vol=1.30 DOWN | 5m close=77800.00 ema20=78617.30 ema50=78793.12 rsi=36.7 atr=637.99 atr%=0.82 vol=1.13 DOWN | 15m close=78600.00 ema20=78851.96 ema50=78612.41 rsi=36.8 atr=320.82 atr%=0.41 vol=1.85 DOWN | 1h close=79014.40 ema20=78435.83 ema50=78055.56 rsi=77.5 atr=380.77 atr%=0.48 vol=1.40 UP
2026-04-27 12:59:18,226 - INFO - 🔎 --- ETHUSDT ---
2026-04-27 12:59:21,436 - INFO - 📈 ETHUSDT | 1m close=2365.00 ema20=2347.86 ema50=2356.11 rsi=48.9 atr=44.77 atr%=1.89 vol=0.51 UP | 5m close=2342.83 ema20=2370.32 ema50=2378.26 rsi=38.9 atr=36.13 atr%=1.54 vol=2.01 DOWN | 15m close=2369.35 ema20=2382.20 ema50=2371.74 rsi=29.9 atr=15.55 atr%=0.66 vol=2.05 DOWN | 1h close=2381.65 ema20=2362.58 ema50=2343.48 rsi=69.6 atr=13.47 atr%=0.57 vol=1.21 UP
2026-04-27 12:59:23,592 - INFO - 🔎 --- SOLUSDT ---
2026-04-27 12:59:26,602 - INFO - 📈 SOLUSDT | 1m close=85.91 ema20=86.24 ema50=86.56 rsi=49.3 atr=1.12 atr%=1.31 vol=0.95 DOWN | 5m close=85.91 ema20=86.98 ema50=87.25 rsi=38.5 atr=0.96 atr%=1.11 vol=1.86 DOWN | 15m close=86.01 ema20=87.16 ema50=87.01 rsi=26.2 atr=0.51 atr%=0.59 vol=7.17 DOWN | 1h close=87.44 ema20=86.92 ema50=86.56 rsi=73.0 atr=0.47 atr%=0.54 vol=1.41 UP
2026-04-27 12:59:59,549 - INFO - 📊 Balance=5010.56 | daily=0.08%/10% | trades_today=6
2026-04-27 12:59:59,549 - INFO - 🚦 New entries paused: max trades per day reached. Existing positions still managed.
2026-04-27 12:59:59,550 - INFO - 🔎 --- BTCUSDT ---
2026-04-27 13:00:02,956 - INFO - 📈 BTCUSDT | 1m close=77936.30 ema20=78192.62 ema50=78374.26 rsi=43.8 atr=819.96 atr%=1.05 vol=1.30 DOWN | 5m close=77800.00 ema20=78617.30 ema50=78793.12 rsi=36.7 atr=637.99 atr%=0.82 vol=1.13 DOWN | 15m close=78600.00 ema20=78851.96 ema50=78612.41 rsi=36.8 atr=320.82 atr%=0.41 vol=1.85 DOWN | 1h close=79014.40 ema20=78435.83 ema50=78055.56 rsi=77.5 atr=380.77 atr%=0.48 vol=1.40 UP
2026-04-27 13:00:05,312 - INFO - 🔎 --- ETHUSDT ---
2026-04-27 13:00:08,804 - INFO - 📈 ETHUSDT | 1m close=2365.00 ema20=2347.86 ema50=2356.11 rsi=48.9 atr=44.77 atr%=1.89 vol=0.51 UP | 5m close=2342.83 ema20=2370.32 ema50=2378.26 rsi=38.9 atr=36.13 atr%=1.54 vol=2.01 DOWN | 15m close=2369.35 ema20=2382.20 ema50=2371.74 rsi=29.9 atr=15.55 atr%=0.66 vol=2.05 DOWN | 1h close=2381.65 ema20=2362.58 ema50=2343.48 rsi=69.6 atr=13.47 atr%=0.57 vol=1.21 UP
2026-04-27 13:00:10,944 - INFO - 🔎 --- SOLUSDT ---
2026-04-27 13:00:13,954 - INFO - 📈 SOLUSDT | 1m close=85.91 ema20=86.24 ema50=86.56 rsi=49.3 atr=1.12 atr%=1.31 vol=0.95 DOWN | 5m close=85.91 ema20=86.98 ema50=87.25 rsi=38.5 atr=0.96 atr%=1.11 vol=1.86 DOWN | 15m close=86.01 ema20=87.16 ema50=87.01 rsi=26.2 atr=0.51 atr%=0.59 vol=7.17 DOWN | 1h close=87.44 ema20=86.92 ema50=86.56 rsi=73.0 atr=0.47 atr%=0.54 vol=1.41 UP
2026-04-27 13:00:46,792 - INFO - 📊 Balance=5010.56 | daily=0.08%/10% | trades_today=6
2026-04-27 13:00:46,792 - INFO - 🚦 New entries paused: max trades per day reached. Existing positions still managed.
2026-04-27 13:00:46,792 - INFO - 🔎 --- BTCUSDT ---
2026-04-27 13:00:50,063 - INFO - 📈 BTCUSDT | 1m close=77701.80 ema20=78145.87 ema50=78347.89 rsi=48.9 atr=825.72 atr%=1.06 vol=1.16 DOWN | 5m close=77701.80 ema20=78530.11 ema50=78750.32 rsi=36.1 atr=707.09 atr%=0.91 vol=1.90 DOWN | 15m close=77701.80 ema20=78742.42 ema50=78576.70 rsi=25.3 atr=382.98 atr%=0.49 vol=2.17 DOWN | 1h close=77701.80 ema20=78365.92 ema50=78041.67 rsi=45.0 atr=468.71 atr%=0.60 vol=2.46 DOWN
2026-04-27 13:00:52,189 - INFO - 🔎 --- ETHUSDT ---
2026-04-27 13:00:56,088 - INFO - 📈 ETHUSDT | 1m close=2329.00 ema20=2346.06 ema50=2355.05 rsi=51.1 atr=45.16 atr%=1.94 vol=0.43 DOWN | 5m close=2329.00 ema20=2366.39 ema50=2376.33 rsi=37.7 atr=39.65 atr%=1.70 vol=0.69 DOWN | 15m close=2329.00 ema20=2377.13 ema50=2370.07 rsi=16.0 atr=19.28 atr%=0.83 vol=1.56 DOWN | 1h close=2329.00 ema20=2359.38 ema50=2342.91 rsi=43.9 atr=18.52 atr%=0.80 vol=2.27 DOWN
2026-04-27 13:00:58,347 - INFO - 🔎 --- SOLUSDT ---
2026-04-27 13:01:01,946 - INFO - 📈 SOLUSDT | 1m close=85.98 ema20=86.21 ema50=86.54 rsi=51.0 atr=1.12 atr%=1.30 vol=0.90 DOWN | 5m close=85.98 ema20=86.89 ema50=87.20 rsi=39.4 atr=1.04 atr%=1.21 vol=1.63 DOWN | 15m close=85.98 ema20=87.04 ema50=86.97 rsi=24.7 atr=0.59 atr%=0.69 vol=4.32 DOWN | 1h close=85.98 ema20=86.83 ema50=86.54 rsi=43.2 atr=0.59 atr%=0.69 vol=10.03 DOWN
2026-04-27 13:01:35,049 - INFO - 📊 Balance=5010.56 | daily=0.08%/10% | trades_today=6
2026-04-27 13:01:35,049 - INFO - 🚦 New entries paused: max trades per day reached. Existing positions still managed.
2026-04-27 13:01:35,049 - INFO - 🔎 --- BTCUSDT ---
2026-04-27 13:01:38,422 - INFO - 📈 BTCUSDT | 1m close=77852.00 ema20=78117.89 ema50=78328.44 rsi=42.9 atr=826.62 atr%=1.06 vol=0.62 DOWN | 5m close=77701.80 ema20=78530.11 ema50=78750.32 rsi=36.1 atr=707.09 atr%=0.91 vol=1.90 DOWN | 15m close=77701.80 ema20=78742.42 ema50=78576.70 rsi=25.3 atr=382.98 atr%=0.49 vol=2.17 DOWN | 1h close=77701.80 ema20=78365.92 ema50=78041.67 rsi=45.0 atr=468.71 atr%=0.60 vol=2.46 DOWN
2026-04-27 13:01:40,665 - INFO - 🔎 --- ETHUSDT ---
2026-04-27 13:01:45,748 - INFO - 📈 ETHUSDT | 1m close=2373.21 ema20=2348.65 ema50=2355.76 rsi=60.0 atr=45.08 atr%=1.90 vol=0.66 UP | 5m close=2329.00 ema20=2366.39 ema50=2376.33 rsi=37.7 atr=39.65 atr%=1.70 vol=0.69 DOWN | 15m close=2329.00 ema20=2377.13 ema50=2370.07 rsi=16.0 atr=19.28 atr%=0.83 vol=1.56 DOWN | 1h close=2329.00 ema20=2359.38 ema50=2342.91 rsi=43.9 atr=18.52 atr%=0.80 vol=2.27 DOWN
2026-04-27 13:01:47,966 - INFO - 🔎 --- SOLUSDT ---
2026-04-27 13:01:51,596 - INFO - 📈 SOLUSDT | 1m close=85.91 ema20=86.19 ema50=86.51 rsi=49.8 atr=1.20 atr%=1.39 vol=1.01 DOWN | 5m close=85.98 ema20=86.89 ema50=87.20 rsi=39.4 atr=1.04 atr%=1.21 vol=1.63 DOWN | 15m close=85.98 ema20=87.04 ema50=86.97 rsi=24.7 atr=0.59 atr%=0.69 vol=4.32 DOWN | 1h close=85.98 ema20=86.83 ema50=86.54 rsi=43.2 atr=0.59 atr%=0.69 vol=10.03 DOWN
2026-04-27 13:02:24,792 - INFO - 📊 Balance=5010.56 | daily=0.08%/10% | trades_today=6
2026-04-27 13:02:24,792 - INFO - 🚦 New entries paused: max trades per day reached. Existing positions still managed.
2026-04-27 13:02:24,793 - INFO - 🔎 --- BTCUSDT ---
2026-04-27 13:02:28,472 - INFO - 📈 BTCUSDT | 1m close=78555.00 ema20=78159.52 ema50=78337.33 rsi=57.9 atr=830.77 atr%=1.06 vol=0.70 UP | 5m close=77701.80 ema20=78530.11 ema50=78750.32 rsi=36.1 atr=707.09 atr%=0.91 vol=1.90 DOWN | 15m close=77701.80 ema20=78742.42 ema50=78576.70 rsi=25.3 atr=382.98 atr%=0.49 vol=2.17 DOWN | 1h close=77701.80 ema20=78365.92 ema50=78041.67 rsi=45.0 atr=468.71 atr%=0.60 vol=2.46 DOWN
2026-04-27 13:02:30,809 - INFO - 🔎 --- ETHUSDT ---
2026-04-27 13:02:34,954 - INFO - 📈 ETHUSDT | 1m close=2372.81 ema20=2350.95 ema50=2356.43 rsi=60.1 atr=45.67 atr%=1.92 vol=1.56 UP | 5m close=2329.00 ema20=2366.39 ema50=2376.33 rsi=37.7 atr=39.65 atr%=1.70 vol=0.69 DOWN | 15m close=2329.00 ema20=2377.13 ema50=2370.07 rsi=16.0 atr=19.28 atr%=0.83 vol=1.56 DOWN | 1h close=2329.00 ema20=2359.38 ema50=2342.91 rsi=43.9 atr=18.52 atr%=0.80 vol=2.27 DOWN
2026-04-27 13:02:37,312 - INFO - 🔎 --- SOLUSDT ---
2026-04-27 13:02:40,352 - INFO - 📈 SOLUSDT | 1m close=85.91 ema20=86.16 ema50=86.49 rsi=50.1 atr=1.19 atr%=1.39 vol=1.13 DOWN | 5m close=85.98 ema20=86.89 ema50=87.20 rsi=39.4 atr=1.04 atr%=1.21 vol=1.63 DOWN | 15m close=85.98 ema20=87.04 ema50=86.97 rsi=24.7 atr=0.59 atr%=0.69 vol=4.32 DOWN | 1h close=85.98 ema20=86.83 ema50=86.54 rsi=43.2 atr=0.59 atr%=0.69 vol=10.03 DOWN
2026-04-27 13:03:13,471 - INFO - 📊 Balance=5010.56 | daily=0.08%/10% | trades_today=6
2026-04-27 13:03:13,472 - INFO - 🚦 New entries paused: max trades per day reached. Existing positions still managed.
2026-04-27 13:03:13,473 - INFO - 🔎 --- BTCUSDT ---
2026-04-27 13:03:17,275 - INFO - 📈 BTCUSDT | 1m close=77723.50 ema20=78117.99 ema50=78313.25 rsi=49.2 atr=835.57 atr%=1.08 vol=0.72 DOWN | 5m close=77701.80 ema20=78530.11 ema50=78750.32 rsi=36.1 atr=707.09 atr%=0.91 vol=1.90 DOWN | 15m close=77701.80 ema20=78742.42 ema50=78576.70 rsi=25.3 atr=382.98 atr%=0.49 vol=2.17 DOWN | 1h close=77701.80 ema20=78365.92 ema50=78041.67 rsi=45.0 atr=468.71 atr%=0.60 vol=2.46 DOWN
2026-04-27 13:03:19,523 - INFO - 🔎 --- ETHUSDT ---
2026-04-27 13:03:24,892 - INFO - 📈 ETHUSDT | 1m close=2321.26 ema20=2348.12 ema50=2355.05 rsi=41.1 atr=45.85 atr%=1.98 vol=3.25 DOWN | 5m close=2329.00 ema20=2366.39 ema50=2376.33 rsi=37.7 atr=39.65 atr%=1.70 vol=0.69 DOWN | 15m close=2329.00 ema20=2377.13 ema50=2370.07 rsi=16.0 atr=19.28 atr%=0.83 vol=1.56 DOWN | 1h close=2329.00 ema20=2359.38 ema50=2342.91 rsi=43.9 atr=18.52 atr%=0.80 vol=2.27 DOWN
2026-04-27 13:03:26,978 - INFO - 🔎 --- SOLUSDT ---
2026-04-27 13:03:30,063 - INFO - 📈 SOLUSDT | 1m close=85.84 ema20=86.13 ema50=86.46 rsi=49.5 atr=1.19 atr%=1.39 vol=1.44 DOWN | 5m close=85.98 ema20=86.89 ema50=87.20 rsi=39.4 atr=1.04 atr%=1.21 vol=1.63 DOWN | 15m close=85.98 ema20=87.04 ema50=86.97 rsi=24.7 atr=0.59 atr%=0.69 vol=4.32 DOWN | 1h close=85.98 ema20=86.83 ema50=86.54 rsi=43.2 atr=0.59 atr%=0.69 vol=10.03 DOWN
2026-04-27 13:04:03,270 - INFO - 📊 Balance=5010.56 | daily=0.08%/10% | trades_today=6
2026-04-27 13:04:03,271 - INFO - 🚦 New entries paused: max trades per day reached. Existing positions still managed.
2026-04-27 13:04:03,271 - INFO - 🔎 --- BTCUSDT ---
2026-04-27 13:04:06,748 - INFO - 📈 BTCUSDT | 1m close=77723.50 ema20=78117.99 ema50=78313.25 rsi=49.2 atr=835.57 atr%=1.08 vol=0.72 DOWN | 5m close=77701.80 ema20=78530.11 ema50=78750.32 rsi=36.1 atr=707.09 atr%=0.91 vol=1.90 DOWN | 15m close=77701.80 ema20=78742.42 ema50=78576.70 rsi=25.3 atr=382.98 atr%=0.49 vol=2.17 DOWN | 1h close=77701.80 ema20=78365.92 ema50=78041.67 rsi=45.0 atr=468.71 atr%=0.60 vol=2.46 DOWN
2026-04-27 13:04:08,874 - INFO - 🔎 --- ETHUSDT ---
2026-04-27 13:04:12,728 - INFO - 📈 ETHUSDT | 1m close=2324.76 ema20=2345.90 ema50=2353.86 rsi=47.9 atr=42.61 atr%=1.83 vol=1.34 DOWN | 5m close=2329.00 ema20=2366.39 ema50=2376.33 rsi=37.7 atr=39.65 atr%=1.70 vol=0.69 DOWN | 15m close=2329.00 ema20=2377.13 ema50=2370.07 rsi=16.0 atr=19.28 atr%=0.83 vol=1.56 DOWN | 1h close=2329.00 ema20=2359.38 ema50=2342.91 rsi=43.9 atr=18.52 atr%=0.80 vol=2.27 DOWN
2026-04-27 13:04:14,894 - INFO - 🔎 --- SOLUSDT ---
2026-04-27 13:04:18,136 - INFO - 📈 SOLUSDT | 1m close=85.90 ema20=86.11 ema50=86.44 rsi=40.6 atr=1.19 atr%=1.39 vol=1.38 DOWN | 5m close=85.98 ema20=86.89 ema50=87.20 rsi=39.4 atr=1.04 atr%=1.21 vol=1.63 DOWN | 15m close=85.98 ema20=87.04 ema50=86.97 rsi=24.7 atr=0.59 atr%=0.69 vol=4.32 DOWN | 1h close=85.98 ema20=86.83 ema50=86.54 rsi=43.2 atr=0.59 atr%=0.69 vol=10.03 DOWN
2026-04-27 13:04:51,823 - INFO - 📊 Balance=5010.56 | daily=0.08%/10% | trades_today=6
2026-04-27 13:04:51,823 - INFO - 🚦 New entries paused: max trades per day reached. Existing positions still managed.
2026-04-27 13:04:51,824 - INFO - 🔎 --- BTCUSDT ---
2026-04-27 13:04:55,279 - INFO - 📈 BTCUSDT | 1m close=77750.00 ema20=78082.94 ema50=78291.17 rsi=47.3 atr=843.93 atr%=1.09 vol=0.66 DOWN | 5m close=77701.80 ema20=78530.11 ema50=78750.32 rsi=36.1 atr=707.09 atr%=0.91 vol=1.90 DOWN | 15m close=77701.80 ema20=78742.42 ema50=78576.70 rsi=25.3 atr=382.98 atr%=0.49 vol=2.17 DOWN | 1h close=77701.80 ema20=78365.92 ema50=78041.67 rsi=45.0 atr=468.71 atr%=0.60 vol=2.46 DOWN
2026-04-27 13:04:57,556 - INFO - 🔎 --- ETHUSDT ---
2026-04-27 13:05:01,282 - INFO - 📈 ETHUSDT | 1m close=2324.76 ema20=2345.90 ema50=2353.86 rsi=47.9 atr=42.61 atr%=1.83 vol=1.34 DOWN | 5m close=2329.00 ema20=2366.39 ema50=2376.33 rsi=37.7 atr=39.65 atr%=1.70 vol=0.69 DOWN | 15m close=2329.00 ema20=2377.13 ema50=2370.07 rsi=16.0 atr=19.28 atr%=0.83 vol=1.56 DOWN | 1h close=2329.00 ema20=2359.38 ema50=2342.91 rsi=43.9 atr=18.52 atr%=0.80 vol=2.27 DOWN
2026-04-27 13:05:03,395 - INFO - 🔎 --- SOLUSDT ---
2026-04-27 13:05:06,517 - INFO - 📈 SOLUSDT | 1m close=85.90 ema20=86.11 ema50=86.44 rsi=40.6 atr=1.19 atr%=1.39 vol=1.38 DOWN | 5m close=85.98 ema20=86.89 ema50=87.20 rsi=39.4 atr=1.04 atr%=1.21 vol=1.63 DOWN | 15m close=85.98 ema20=87.04 ema50=86.97 rsi=24.7 atr=0.59 atr%=0.69 vol=4.32 DOWN | 1h close=85.98 ema20=86.83 ema50=86.54 rsi=43.2 atr=0.59 atr%=0.69 vol=10.03 DOWN
2026-04-27 13:05:39,449 - INFO - 📊 Balance=5010.56 | daily=0.08%/10% | trades_today=6
2026-04-27 13:05:39,450 - INFO - 🚦 New entries paused: max trades per day reached. Existing positions still managed.
2026-04-27 13:05:39,450 - INFO - 🔎 --- BTCUSDT ---
2026-04-27 13:05:43,328 - INFO - 📈 BTCUSDT | 1m close=77681.80 ema20=78044.74 ema50=78267.27 rsi=41.1 atr=855.02 atr%=1.10 vol=0.99 DOWN | 5m close=77681.80 ema20=78449.32 ema50=78708.42 rsi=36.3 atr=773.86 atr%=1.00 vol=1.11 DOWN | 15m close=77701.80 ema20=78742.42 ema50=78576.70 rsi=25.3 atr=382.98 atr%=0.49 vol=2.17 DOWN | 1h close=77701.80 ema20=78365.92 ema50=78041.67 rsi=45.0 atr=468.71 atr%=0.60 vol=2.46 DOWN
2026-04-27 13:05:45,676 - INFO - 🔎 --- ETHUSDT ---
2026-04-27 13:05:48,961 - INFO - 📈 ETHUSDT | 1m close=2320.61 ema20=2343.49 ema50=2352.56 rsi=49.0 atr=42.32 atr%=1.82 vol=1.01 DOWN | 5m close=2320.61 ema20=2362.03 ema50=2374.14 rsi=34.2 atr=42.77 atr%=1.84 vol=1.89 DOWN | 15m close=2329.00 ema20=2377.13 ema50=2370.07 rsi=16.0 atr=19.28 atr%=0.83 vol=1.56 DOWN | 1h close=2329.00 ema20=2359.38 ema50=2342.91 rsi=43.9 atr=18.52 atr%=0.80 vol=2.27 DOWN
2026-04-27 13:05:51,214 - INFO - 🔎 --- SOLUSDT ---
2026-04-27 13:05:54,256 - INFO - 📈 SOLUSDT | 1m close=85.91 ema20=86.09 ema50=86.42 rsi=50.0 atr=1.20 atr%=1.39 vol=1.26 DOWN | 5m close=85.91 ema20=86.79 ema50=87.15 rsi=39.3 atr=1.13 atr%=1.32 vol=2.05 DOWN | 15m close=85.98 ema20=87.04 ema50=86.97 rsi=24.7 atr=0.59 atr%=0.69 vol=4.32 DOWN | 1h close=85.98 ema20=86.83 ema50=86.54 rsi=43.2 atr=0.59 atr%=0.69 vol=10.03 DOWN
2026-04-27 13:06:27,263 - INFO - 📊 Balance=5010.56 | daily=0.08%/10% | trades_today=6
2026-04-27 13:06:27,263 - INFO - 🚦 New entries paused: max trades per day reached. Existing positions still managed.
2026-04-27 13:06:27,264 - INFO - 🔎 --- BTCUSDT ---
2026-04-27 13:06:31,051 - INFO - 📈 BTCUSDT | 1m close=78139.40 ema20=78053.76 ema50=78262.25 rsi=46.4 atr=863.67 atr%=1.11 vol=1.40 UP | 5m close=77681.80 ema20=78449.32 ema50=78708.42 rsi=36.3 atr=773.86 atr%=1.00 vol=1.11 DOWN | 15m close=77701.80 ema20=78742.42 ema50=78576.70 rsi=25.3 atr=382.98 atr%=0.49 vol=2.17 DOWN | 1h close=77701.80 ema20=78365.92 ema50=78041.67 rsi=45.0 atr=468.71 atr%=0.60 vol=2.46 DOWN
2026-04-27 13:06:33,274 - INFO - 🔎 --- ETHUSDT ---
2026-04-27 13:06:37,206 - INFO - 📈 ETHUSDT | 1m close=2372.00 ema20=2346.20 ema50=2353.32 rsi=59.6 atr=42.23 atr%=1.78 vol=1.21 UP | 5m close=2320.61 ema20=2362.03 ema50=2374.14 rsi=34.2 atr=42.77 atr%=1.84 vol=1.89 DOWN | 15m close=2329.00 ema20=2377.13 ema50=2370.07 rsi=16.0 atr=19.28 atr%=0.83 vol=1.56 DOWN | 1h close=2329.00 ema20=2359.38 ema50=2342.91 rsi=43.9 atr=18.52 atr%=0.80 vol=2.27 DOWN
2026-04-27 13:06:39,754 - INFO - 🔎 --- SOLUSDT ---
2026-04-27 13:06:43,293 - INFO - 📈 SOLUSDT | 1m close=87.10 ema20=86.18 ema50=86.45 rsi=59.4 atr=1.29 atr%=1.48 vol=1.55 UP | 5m close=85.91 ema20=86.79 ema50=87.15 rsi=39.3 atr=1.13 atr%=1.32 vol=2.05 DOWN | 15m close=85.98 ema20=87.04 ema50=86.97 rsi=24.7 atr=0.59 atr%=0.69 vol=4.32 DOWN | 1h close=85.98 ema20=86.83 ema50=86.54 rsi=43.2 atr=0.59 atr%=0.69 vol=10.03 DOWN
2026-04-27 13:07:16,257 - INFO - 📊 Balance=5010.56 | daily=0.08%/10% | trades_today=6
2026-04-27 13:07:16,257 - INFO - 🚦 New entries paused: max trades per day reached. Existing positions still managed.
2026-04-27 13:07:16,257 - INFO - 🔎 --- BTCUSDT ---
2026-04-27 13:07:20,822 - INFO - 📈 BTCUSDT | 1m close=77665.50 ema20=78016.78 ema50=78238.85 rsi=49.2 atr=874.09 atr%=1.13 vol=3.75 DOWN | 5m close=77681.80 ema20=78449.32 ema50=78708.42 rsi=36.3 atr=773.86 atr%=1.00 vol=1.11 DOWN | 15m close=77701.80 ema20=78742.42 ema50=78576.70 rsi=25.3 atr=382.98 atr%=0.49 vol=2.17 DOWN | 1h close=77701.80 ema20=78365.92 ema50=78041.67 rsi=45.0 atr=468.71 atr%=0.60 vol=2.46 DOWN
2026-04-27 13:07:23,344 - INFO - 🔎 --- ETHUSDT ---
2026-04-27 13:07:26,974 - INFO - 📈 ETHUSDT | 1m close=2329.00 ema20=2344.57 ema50=2352.37 rsi=50.7 atr=42.42 atr%=1.82 vol=0.90 DOWN | 5m close=2320.61 ema20=2362.03 ema50=2374.14 rsi=34.2 atr=42.77 atr%=1.84 vol=1.89 DOWN | 15m close=2329.00 ema20=2377.13 ema50=2370.07 rsi=16.0 atr=19.28 atr%=0.83 vol=1.56 DOWN | 1h close=2329.00 ema20=2359.38 ema50=2342.91 rsi=43.9 atr=18.52 atr%=0.80 vol=2.27 DOWN
2026-04-27 13:07:29,129 - INFO - 🔎 --- SOLUSDT ---
2026-04-27 13:07:32,589 - INFO - 📈 SOLUSDT | 1m close=85.73 ema20=86.14 ema50=86.42 rsi=39.3 atr=1.29 atr%=1.51 vol=0.71 DOWN | 5m close=85.91 ema20=86.79 ema50=87.15 rsi=39.3 atr=1.13 atr%=1.32 vol=2.05 DOWN | 15m close=85.98 ema20=87.04 ema50=86.97 rsi=24.7 atr=0.59 atr%=0.69 vol=4.32 DOWN | 1h close=85.98 ema20=86.83 ema50=86.54 rsi=43.2 atr=0.59 atr%=0.69 vol=10.03 DOWN
2026-04-27 13:08:05,884 - INFO - 📊 Balance=5010.56 | daily=0.08%/10% | trades_today=6
2026-04-27 13:08:05,885 - INFO - 🚦 New entries paused: max trades per day reached. Existing positions still managed.
2026-04-27 13:08:05,885 - INFO - 🔎 --- BTCUSDT ---
2026-04-27 13:08:09,329 - INFO - 📈 BTCUSDT | 1m close=77665.50 ema20=78016.78 ema50=78238.85 rsi=49.2 atr=874.09 atr%=1.13 vol=3.75 DOWN | 5m close=77681.80 ema20=78449.32 ema50=78708.42 rsi=36.3 atr=773.86 atr%=1.00 vol=1.11 DOWN | 15m close=77701.80 ema20=78742.42 ema50=78576.70 rsi=25.3 atr=382.98 atr%=0.49 vol=2.17 DOWN | 1h close=77701.80 ema20=78365.92 ema50=78041.67 rsi=45.0 atr=468.71 atr%=0.60 vol=2.46 DOWN
2026-04-27 13:08:11,526 - INFO - 🔎 --- ETHUSDT ---
2026-04-27 13:08:15,958 - INFO - 📈 ETHUSDT | 1m close=2329.00 ema20=2344.57 ema50=2352.37 rsi=50.7 atr=42.42 atr%=1.82 vol=0.90 DOWN | 5m close=2320.61 ema20=2362.03 ema50=2374.14 rsi=34.2 atr=42.77 atr%=1.84 vol=1.89 DOWN | 15m close=2329.00 ema20=2377.13 ema50=2370.07 rsi=16.0 atr=19.28 atr%=0.83 vol=1.56 DOWN | 1h close=2329.00 ema20=2359.38 ema50=2342.91 rsi=43.9 atr=18.52 atr%=0.80 vol=2.27 DOWN
2026-04-27 13:08:18,529 - INFO - 🔎 --- SOLUSDT ---
2026-04-27 13:08:22,138 - INFO - 📈 SOLUSDT | 1m close=85.76 ema20=86.11 ema50=86.39 rsi=48.8 atr=1.21 atr%=1.41 vol=0.05 DOWN | 5m close=85.91 ema20=86.79 ema50=87.15 rsi=39.3 atr=1.13 atr%=1.32 vol=2.05 DOWN | 15m close=85.98 ema20=87.04 ema50=86.97 rsi=24.7 atr=0.59 atr%=0.69 vol=4.32 DOWN | 1h close=85.98 ema20=86.83 ema50=86.54 rsi=43.2 atr=0.59 atr%=0.69 vol=10.03 DOWN
2026-04-27 13:08:56,287 - INFO - 📊 Balance=5010.56 | daily=0.08%/10% | trades_today=6
2026-04-27 13:08:56,288 - INFO - 🚦 New entries paused: max trades per day reached. Existing positions still managed.
2026-04-27 13:08:56,288 - INFO - 🔎 --- BTCUSDT ---
2026-04-27 13:09:00,158 - INFO - 📈 BTCUSDT | 1m close=77663.90 ema20=77983.17 ema50=78216.31 rsi=49.6 atr=814.19 atr%=1.05 vol=0.17 DOWN | 5m close=77681.80 ema20=78449.32 ema50=78708.42 rsi=36.3 atr=773.86 atr%=1.00 vol=1.11 DOWN | 15m close=77701.80 ema20=78742.42 ema50=78576.70 rsi=25.3 atr=382.98 atr%=0.49 vol=2.17 DOWN | 1h close=77701.80 ema20=78365.92 ema50=78041.67 rsi=45.0 atr=468.71 atr%=0.60 vol=2.46 DOWN
2026-04-27 13:09:03,589 - INFO - 🔎 --- ETHUSDT ---
2026-04-27 13:09:06,924 - INFO - 📈 ETHUSDT | 1m close=2318.35 ema20=2342.07 ema50=2351.03 rsi=49.4 atr=45.52 atr%=1.96 vol=0.24 DOWN | 5m close=2320.61 ema20=2362.03 ema50=2374.14 rsi=34.2 atr=42.77 atr%=1.84 vol=1.89 DOWN | 15m close=2329.00 ema20=2377.13 ema50=2370.07 rsi=16.0 atr=19.28 atr%=0.83 vol=1.56 DOWN | 1h close=2329.00 ema20=2359.38 ema50=2342.91 rsi=43.9 atr=18.52 atr%=0.80 vol=2.27 DOWN
2026-04-27 13:09:09,072 - INFO - 🔎 --- SOLUSDT ---
2026-04-27 13:09:13,739 - INFO - 📈 SOLUSDT | 1m close=85.80 ema20=86.08 ema50=86.37 rsi=48.9 atr=1.13 atr%=1.31 vol=0.00 DOWN | 5m close=85.91 ema20=86.79 ema50=87.15 rsi=39.3 atr=1.13 atr%=1.32 vol=2.05 DOWN | 15m close=85.98 ema20=87.04 ema50=86.97 rsi=24.7 atr=0.59 atr%=0.69 vol=4.32 DOWN | 1h close=85.98 ema20=86.83 ema50=86.54 rsi=43.2 atr=0.59 atr%=0.69 vol=10.03 DOWN
2026-04-27 13:09:46,995 - INFO - 📊 Balance=5010.56 | daily=0.08%/10% | trades_today=6
2026-04-27 13:09:46,995 - INFO - 🚦 New entries paused: max trades per day reached. Existing positions still managed.
2026-04-27 13:09:46,995 - INFO - 🔎 --- BTCUSDT ---
2026-04-27 13:09:50,337 - INFO - 📈 BTCUSDT | 1m close=77738.70 ema20=77959.89 ema50=78197.58 rsi=49.3 atr=755.84 atr%=0.97 vol=0.02 DOWN | 5m close=77681.80 ema20=78449.32 ema50=78708.42 rsi=36.3 atr=773.86 atr%=1.00 vol=1.11 DOWN | 15m close=77701.80 ema20=78742.42 ema50=78576.70 rsi=25.3 atr=382.98 atr%=0.49 vol=2.17 DOWN | 1h close=77701.80 ema20=78365.92 ema50=78041.67 rsi=45.0 atr=468.71 atr%=0.60 vol=2.46 DOWN
2026-04-27 13:09:52,497 - INFO - 🔎 --- ETHUSDT ---
2026-04-27 13:09:55,759 - INFO - 📈 ETHUSDT | 1m close=2320.34 ema20=2340.00 ema50=2349.83 rsi=46.2 atr=45.27 atr%=1.95 vol=0.07 DOWN | 5m close=2320.61 ema20=2362.03 ema50=2374.14 rsi=34.2 atr=42.77 atr%=1.84 vol=1.89 DOWN | 15m close=2329.00 ema20=2377.13 ema50=2370.07 rsi=16.0 atr=19.28 atr%=0.83 vol=1.56 DOWN | 1h close=2329.00 ema20=2359.38 ema50=2342.91 rsi=43.9 atr=18.52 atr%=0.80 vol=2.27 DOWN
2026-04-27 13:09:58,005 - INFO - 🔎 --- SOLUSDT ---
2026-04-27 13:10:01,047 - INFO - 📈 SOLUSDT | 1m close=85.80 ema20=86.08 ema50=86.37 rsi=48.9 atr=1.13 atr%=1.31 vol=0.00 DOWN | 5m close=85.91 ema20=86.79 ema50=87.15 rsi=39.3 atr=1.13 atr%=1.32 vol=2.05 DOWN | 15m close=85.98 ema20=87.04 ema50=86.97 rsi=24.7 atr=0.59 atr%=0.69 vol=4.32 DOWN | 1h close=85.98 ema20=86.83 ema50=86.54 rsi=43.2 atr=0.59 atr%=0.69 vol=10.03 DOWN
2026-04-27 13:10:35,153 - INFO - 📊 Balance=5010.56 | daily=0.08%/10% | trades_today=6
2026-04-27 13:10:35,153 - INFO - 🚦 New entries paused: max trades per day reached. Existing positions still managed.
2026-04-27 13:10:35,153 - INFO - 🔎 --- BTCUSDT ---
2026-04-27 13:10:38,987 - INFO - 📈 BTCUSDT | 1m close=77745.10 ema20=77939.43 ema50=78179.84 rsi=46.0 atr=700.86 atr%=0.90 vol=0.04 DOWN | 5m close=77745.10 ema20=78382.25 ema50=78670.64 rsi=36.4 atr=840.64 atr%=1.08 vol=1.62 DOWN | 15m close=77701.80 ema20=78742.42 ema50=78576.70 rsi=25.3 atr=382.98 atr%=0.49 vol=2.17 DOWN | 1h close=77701.80 ema20=78365.92 ema50=78041.67 rsi=45.0 atr=468.71 atr%=0.60 vol=2.46 DOWN
2026-04-27 13:10:41,763 - INFO - 🔎 --- ETHUSDT ---
2026-04-27 13:10:45,209 - INFO - 📈 ETHUSDT | 1m close=2321.04 ema20=2338.19 ema50=2348.70 rsi=40.9 atr=44.34 atr%=1.91 vol=0.03 DOWN | 5m close=2321.04 ema20=2358.13 ema50=2372.06 rsi=35.9 atr=45.87 atr%=1.98 vol=0.64 DOWN | 15m close=2329.00 ema20=2377.13 ema50=2370.07 rsi=16.0 atr=19.28 atr%=0.83 vol=1.56 DOWN | 1h close=2329.00 ema20=2359.38 ema50=2342.91 rsi=43.9 atr=18.52 atr%=0.80 vol=2.27 DOWN
2026-04-27 13:10:47,296 - INFO - 🔎 --- SOLUSDT ---
2026-04-27 13:10:50,541 - INFO - 📈 SOLUSDT | 1m close=85.81 ema20=86.05 ema50=86.35 rsi=48.9 atr=1.05 atr%=1.22 vol=0.00 DOWN | 5m close=85.81 ema20=86.70 ema50=87.09 rsi=39.2 atr=1.22 atr%=1.42 vol=0.77 DOWN | 15m close=85.98 ema20=87.04 ema50=86.97 rsi=24.7 atr=0.59 atr%=0.69 vol=4.32 DOWN | 1h close=85.98 ema20=86.83 ema50=86.54 rsi=43.2 atr=0.59 atr%=0.69 vol=10.03 DOWN
2026-04-27 13:11:23,404 - INFO - 📊 Balance=5010.56 | daily=0.08%/10% | trades_today=6
2026-04-27 13:11:23,405 - INFO - 🚦 New entries paused: max trades per day reached. Existing positions still managed.
2026-04-27 13:11:23,405 - INFO - 🔎 --- BTCUSDT ---
2026-04-27 13:11:26,843 - INFO - 📈 BTCUSDT | 1m close=77743.50 ema20=77920.77 ema50=78162.72 rsi=37.5 atr=630.78 atr%=0.81 vol=0.01 DOWN | 5m close=77745.10 ema20=78382.25 ema50=78670.64 rsi=36.4 atr=840.64 atr%=1.08 vol=1.62 DOWN | 15m close=77701.80 ema20=78742.42 ema50=78576.70 rsi=25.3 atr=382.98 atr%=0.49 vol=2.17 DOWN | 1h close=77701.80 ema20=78365.92 ema50=78041.67 rsi=45.0 atr=468.71 atr%=0.60 vol=2.46 DOWN
2026-04-27 13:11:28,957 - INFO - 🔎 --- ETHUSDT ---
2026-04-27 13:11:32,185 - INFO - 📈 ETHUSDT | 1m close=2321.94 ema20=2336.65 ema50=2347.65 rsi=41.5 atr=42.56 atr%=1.83 vol=0.03 DOWN | 5m close=2321.04 ema20=2358.13 ema50=2372.06 rsi=35.9 atr=45.87 atr%=1.98 vol=0.64 DOWN | 15m close=2329.00 ema20=2377.13 ema50=2370.07 rsi=16.0 atr=19.28 atr%=0.83 vol=1.56 DOWN | 1h close=2329.00 ema20=2359.38 ema50=2342.91 rsi=43.9 atr=18.52 atr%=0.80 vol=2.27 DOWN
2026-04-27 13:11:34,341 - INFO - 🔎 --- SOLUSDT ---
2026-04-27 13:11:37,319 - INFO - 📈 SOLUSDT | 1m close=85.72 ema20=86.02 ema50=86.32 rsi=33.9 atr=0.97 atr%=1.13 vol=0.01 DOWN | 5m close=85.81 ema20=86.70 ema50=87.09 rsi=39.2 atr=1.22 atr%=1.42 vol=0.77 DOWN | 15m close=85.98 ema20=87.04 ema50=86.97 rsi=24.7 atr=0.59 atr%=0.69 vol=4.32 DOWN | 1h close=85.98 ema20=86.83 ema50=86.54 rsi=43.2 atr=0.59 atr%=0.69 vol=10.03 DOWN
2026-04-27 13:12:10,152 - INFO - 📊 Balance=5010.56 | daily=0.08%/10% | trades_today=6
2026-04-27 13:12:10,152 - INFO - 🚦 New entries paused: max trades per day reached. Existing positions still managed.
2026-04-27 13:12:10,153 - INFO - 🔎 --- BTCUSDT ---
2026-04-27 13:12:13,548 - INFO - 📈 BTCUSDT | 1m close=77743.50 ema20=77903.89 ema50=78146.28 rsi=37.5 atr=630.74 atr%=0.81 vol=0.00 DOWN | 5m close=77745.10 ema20=78382.25 ema50=78670.64 rsi=36.4 atr=840.64 atr%=1.08 vol=1.62 DOWN | 15m close=77701.80 ema20=78742.42 ema50=78576.70 rsi=25.3 atr=382.98 atr%=0.49 vol=2.17 DOWN | 1h close=77701.80 ema20=78365.92 ema50=78041.67 rsi=45.0 atr=468.71 atr%=0.60 vol=2.46 DOWN
2026-04-27 13:12:17,624 - INFO - 🔎 --- ETHUSDT ---
2026-04-27 13:12:21,179 - INFO - 📈 ETHUSDT | 1m close=2320.45 ema20=2335.10 ema50=2346.58 rsi=42.9 atr=41.09 atr%=1.77 vol=0.53 DOWN | 5m close=2321.04 ema20=2358.13 ema50=2372.06 rsi=35.9 atr=45.87 atr%=1.98 vol=0.64 DOWN | 15m close=2329.00 ema20=2377.13 ema50=2370.07 rsi=16.0 atr=19.28 atr%=0.83 vol=1.56 DOWN | 1h close=2329.00 ema20=2359.38 ema50=2342.91 rsi=43.9 atr=18.52 atr%=0.80 vol=2.27 DOWN
2026-04-27 13:12:23,362 - INFO - 🔎 --- SOLUSDT ---
2026-04-27 13:12:27,254 - INFO - 📈 SOLUSDT | 1m close=85.72 ema20=85.99 ema50=86.30 rsi=46.1 atr=0.90 atr%=1.05 vol=0.01 DOWN | 5m close=85.81 ema20=86.70 ema50=87.09 rsi=39.2 atr=1.22 atr%=1.42 vol=0.77 DOWN | 15m close=85.98 ema20=87.04 ema50=86.97 rsi=24.7 atr=0.59 atr%=0.69 vol=4.32 DOWN | 1h close=85.98 ema20=86.83 ema50=86.54 rsi=43.2 atr=0.59 atr%=0.69 vol=10.03 DOWN
2026-04-27 13:13:00,904 - INFO - 📊 Balance=5010.56 | daily=0.08%/10% | trades_today=6
2026-04-27 13:13:00,904 - INFO - 🚦 New entries paused: max trades per day reached. Existing positions still managed.
2026-04-27 13:13:00,905 - INFO - 🔎 --- BTCUSDT ---
2026-04-27 13:13:04,272 - INFO - 📈 BTCUSDT | 1m close=77743.50 ema20=77903.89 ema50=78146.28 rsi=37.5 atr=630.74 atr%=0.81 vol=0.00 DOWN | 5m close=77745.10 ema20=78382.25 ema50=78670.64 rsi=36.4 atr=840.64 atr%=1.08 vol=1.62 DOWN | 15m close=77701.80 ema20=78742.42 ema50=78576.70 rsi=25.3 atr=382.98 atr%=0.49 vol=2.17 DOWN | 1h close=77701.80 ema20=78365.92 ema50=78041.67 rsi=45.0 atr=468.71 atr%=0.60 vol=2.46 DOWN
2026-04-27 13:13:06,895 - INFO - 🔎 --- ETHUSDT ---
2026-04-27 13:13:10,406 - INFO - 📈 ETHUSDT | 1m close=2318.21 ema20=2333.49 ema50=2345.47 rsi=40.7 atr=38.07 atr%=1.64 vol=3.18 DOWN | 5m close=2321.04 ema20=2358.13 ema50=2372.06 rsi=35.9 atr=45.87 atr%=1.98 vol=0.64 DOWN | 15m close=2329.00 ema20=2377.13 ema50=2370.07 rsi=16.0 atr=19.28 atr%=0.83 vol=1.56 DOWN | 1h close=2329.00 ema20=2359.38 ema50=2342.91 rsi=43.9 atr=18.52 atr%=0.80 vol=2.27 DOWN
2026-04-27 13:13:12,850 - INFO - 🔎 --- SOLUSDT ---
2026-04-27 13:13:16,046 - INFO - 📈 SOLUSDT | 1m close=85.79 ema20=85.97 ema50=86.28 rsi=48.1 atr=0.82 atr%=0.95 vol=0.00 DOWN | 5m close=85.81 ema20=86.70 ema50=87.09 rsi=39.2 atr=1.22 atr%=1.42 vol=0.77 DOWN | 15m close=85.98 ema20=87.04 ema50=86.97 rsi=24.7 atr=0.59 atr%=0.69 vol=4.32 DOWN | 1h close=85.98 ema20=86.83 ema50=86.54 rsi=43.2 atr=0.59 atr%=0.69 vol=10.03 DOWN
2026-04-27 13:13:48,970 - INFO - 📊 Balance=5010.56 | daily=0.08%/10% | trades_today=6
2026-04-27 13:13:48,971 - INFO - 🚦 New entries paused: max trades per day reached. Existing positions still managed.
2026-04-27 13:13:48,971 - INFO - 🔎 --- BTCUSDT ---
2026-04-27 13:13:52,317 - INFO - 📈 BTCUSDT | 1m close=77743.50 ema20=77888.61 ema50=78130.49 rsi=46.8 atr=560.32 atr%=0.72 vol=0.00 DOWN | 5m close=77745.10 ema20=78382.25 ema50=78670.64 rsi=36.4 atr=840.64 atr%=1.08 vol=1.62 DOWN | 15m close=77701.80 ema20=78742.42 ema50=78576.70 rsi=25.3 atr=382.98 atr%=0.49 vol=2.17 DOWN | 1h close=77701.80 ema20=78365.92 ema50=78041.67 rsi=45.0 atr=468.71 atr%=0.60 vol=2.46 DOWN
2026-04-27 13:13:54,619 - INFO - 🔎 --- ETHUSDT ---
2026-04-27 13:13:58,155 - INFO - 📈 ETHUSDT | 1m close=2318.21 ema20=2333.49 ema50=2345.47 rsi=40.7 atr=38.07 atr%=1.64 vol=3.18 DOWN | 5m close=2321.04 ema20=2358.13 ema50=2372.06 rsi=35.9 atr=45.87 atr%=1.98 vol=0.64 DOWN | 15m close=2329.00 ema20=2377.13 ema50=2370.07 rsi=16.0 atr=19.28 atr%=0.83 vol=1.56 DOWN | 1h close=2329.00 ema20=2359.38 ema50=2342.91 rsi=43.9 atr=18.52 atr%=0.80 vol=2.27 DOWN
2026-04-27 13:14:00,687 - INFO - 🔎 --- SOLUSDT ---
2026-04-27 13:14:03,839 - INFO - 📈 SOLUSDT | 1m close=85.79 ema20=85.97 ema50=86.28 rsi=48.1 atr=0.82 atr%=0.95 vol=0.00 DOWN | 5m close=85.81 ema20=86.70 ema50=87.09 rsi=39.2 atr=1.22 atr%=1.42 vol=0.77 DOWN | 15m close=85.98 ema20=87.04 ema50=86.97 rsi=24.7 atr=0.59 atr%=0.69 vol=4.32 DOWN | 1h close=85.98 ema20=86.83 ema50=86.54 rsi=43.2 atr=0.59 atr%=0.69 vol=10.03 DOWN
2026-04-27 13:14:37,099 - INFO - 📊 Balance=5010.56 | daily=0.08%/10% | trades_today=6
2026-04-27 13:14:37,100 - INFO - 🚦 New entries paused: max trades per day reached. Existing positions still managed.
2026-04-27 13:14:37,100 - INFO - 🔎 --- BTCUSDT ---
2026-04-27 13:14:40,820 - INFO - 📈 BTCUSDT | 1m close=77724.40 ema20=77872.97 ema50=78114.56 rsi=50.4 atr=507.79 atr%=0.65 vol=0.09 DOWN | 5m close=77745.10 ema20=78382.25 ema50=78670.64 rsi=36.4 atr=840.64 atr%=1.08 vol=1.62 DOWN | 15m close=77701.80 ema20=78742.42 ema50=78576.70 rsi=25.3 atr=382.98 atr%=0.49 vol=2.17 DOWN | 1h close=77701.80 ema20=78365.92 ema50=78041.67 rsi=45.0 atr=468.71 atr%=0.60 vol=2.46 DOWN
2026-04-27 13:14:43,565 - INFO - 🔎 --- ETHUSDT ---
2026-04-27 13:14:47,399 - INFO - 📈 ETHUSDT | 1m close=2320.50 ema20=2332.26 ema50=2344.49 rsi=48.1 atr=34.64 atr%=1.49 vol=0.85 DOWN | 5m close=2321.04 ema20=2358.13 ema50=2372.06 rsi=35.9 atr=45.87 atr%=1.98 vol=0.64 DOWN | 15m close=2329.00 ema20=2377.13 ema50=2370.07 rsi=16.0 atr=19.28 atr%=0.83 vol=1.56 DOWN | 1h close=2329.00 ema20=2359.38 ema50=2342.91 rsi=43.9 atr=18.52 atr%=0.80 vol=2.27 DOWN
2026-04-27 13:14:49,587 - INFO - 🔎 --- SOLUSDT ---
2026-04-27 13:14:52,546 - INFO - 📈 SOLUSDT | 1m close=85.74 ema20=85.95 ema50=86.26 rsi=46.1 atr=0.74 atr%=0.86 vol=0.00 DOWN | 5m close=85.81 ema20=86.70 ema50=87.09 rsi=39.2 atr=1.22 atr%=1.42 vol=0.77 DOWN | 15m close=85.98 ema20=87.04 ema50=86.97 rsi=24.7 atr=0.59 atr%=0.69 vol=4.32 DOWN | 1h close=85.98 ema20=86.83 ema50=86.54 rsi=43.2 atr=0.59 atr%=0.69 vol=10.03 DOWN
2026-04-27 13:15:25,544 - INFO - 📊 Balance=5010.56 | daily=0.08%/10% | trades_today=6
2026-04-27 13:15:25,545 - INFO - 🚦 New entries paused: max trades per day reached. Existing positions still managed.
2026-04-27 13:15:25,545 - INFO - 🔎 --- BTCUSDT ---
2026-04-27 13:15:28,853 - INFO - 📈 BTCUSDT | 1m close=77689.10 ema20=77855.46 ema50=78097.88 rsi=47.0 atr=447.66 atr%=0.58 vol=0.01 DOWN | 5m close=77689.10 ema20=78316.23 ema50=78632.15 rsi=37.2 atr=841.45 atr%=1.08 vol=0.03 DOWN | 15m close=77689.10 ema20=78642.10 ema50=78541.90 rsi=25.4 atr=443.99 atr%=0.57 vol=1.28 DOWN | 1h close=77701.80 ema20=78365.92 ema50=78041.67 rsi=45.0 atr=468.71 atr%=0.60 vol=2.46 DOWN
2026-04-27 13:15:30,957 - INFO - 🔎 --- ETHUSDT ---
2026-04-27 13:15:34,182 - INFO - 📈 ETHUSDT | 1m close=2318.43 ema20=2330.94 ema50=2343.47 rsi=34.5 atr=31.65 atr%=1.37 vol=0.59 DOWN | 5m close=2318.43 ema20=2354.34 ema50=2369.96 rsi=36.3 atr=46.62 atr%=2.01 vol=1.11 DOWN | 15m close=2318.43 ema20=2371.54 ema50=2368.04 rsi=14.1 atr=22.78 atr%=0.98 vol=1.76 DOWN | 1h close=2329.00 ema20=2359.38 ema50=2342.91 rsi=43.9 atr=18.52 atr%=0.80 vol=2.27 DOWN
2026-04-27 13:15:36,329 - INFO - 🔎 --- SOLUSDT ---
2026-04-27 13:15:39,417 - INFO - 📈 SOLUSDT | 1m close=85.75 ema20=85.93 ema50=86.24 rsi=47.3 atr=0.66 atr%=0.77 vol=0.00 DOWN | 5m close=85.75 ema20=86.61 ema50=87.04 rsi=39.7 atr=1.21 atr%=1.41 vol=0.01 DOWN | 15m close=85.75 ema20=86.92 ema50=86.92 rsi=21.5 atr=0.67 atr%=0.79 vol=2.33 DOWN | 1h close=85.98 ema20=86.83 ema50=86.54 rsi=43.2 atr=0.59 atr%=0.69 vol=10.03 DOWN
2026-04-27 13:16:12,404 - INFO - 📊 Balance=5010.56 | daily=0.08%/10% | trades_today=6
2026-04-27 13:16:12,404 - INFO - 🚦 New entries paused: max trades per day reached. Existing positions still managed.
2026-04-27 13:16:12,404 - INFO - 🔎 --- BTCUSDT ---
2026-04-27 13:16:16,947 - INFO - 📈 BTCUSDT | 1m close=77662.00 ema20=77837.04 ema50=78080.78 rsi=27.9 atr=395.58 atr%=0.51 vol=0.25 DOWN | 5m close=77689.10 ema20=78316.23 ema50=78632.15 rsi=37.2 atr=841.45 atr%=1.08 vol=0.03 DOWN | 15m close=77689.10 ema20=78642.10 ema50=78541.90 rsi=25.4 atr=443.99 atr%=0.57 vol=1.28 DOWN | 1h close=77701.80 ema20=78365.92 ema50=78041.67 rsi=45.0 atr=468.71 atr%=0.60 vol=2.46 DOWN
2026-04-27 13:16:19,267 - INFO - 🔎 --- ETHUSDT ---
2026-04-27 13:16:22,515 - INFO - 📈 ETHUSDT | 1m close=2318.43 ema20=2329.75 ema50=2342.49 rsi=34.5 atr=28.11 atr%=1.21 vol=0.00 DOWN | 5m close=2318.43 ema20=2354.34 ema50=2369.96 rsi=36.3 atr=46.62 atr%=2.01 vol=1.11 DOWN | 15m close=2318.43 ema20=2371.54 ema50=2368.04 rsi=14.1 atr=22.78 atr%=0.98 vol=1.76 DOWN | 1h close=2329.00 ema20=2359.38 ema50=2342.91 rsi=43.9 atr=18.52 atr%=0.80 vol=2.27 DOWN
2026-04-27 13:16:24,671 - INFO - 🔎 --- SOLUSDT ---
2026-04-27 13:16:27,792 - INFO - 📈 SOLUSDT | 1m close=85.74 ema20=85.91 ema50=86.22 rsi=47.2 atr=0.58 atr%=0.67 vol=0.00 DOWN | 5m close=85.75 ema20=86.61 ema50=87.04 rsi=39.7 atr=1.21 atr%=1.41 vol=0.01 DOWN | 15m close=85.75 ema20=86.92 ema50=86.92 rsi=21.5 atr=0.67 atr%=0.79 vol=2.33 DOWN | 1h close=85.98 ema20=86.83 ema50=86.54 rsi=43.2 atr=0.59 atr%=0.69 vol=10.03 DOWN
2026-04-27 13:17:01,047 - INFO - 📊 Balance=5010.56 | daily=0.08%/10% | trades_today=6
2026-04-27 13:17:01,047 - INFO - 🚦 New entries paused: max trades per day reached. Existing positions still managed.
2026-04-27 13:17:01,047 - INFO - 🔎 --- BTCUSDT ---
2026-04-27 13:17:04,474 - INFO - 📈 BTCUSDT | 1m close=77662.00 ema20=77837.04 ema50=78080.78 rsi=27.9 atr=395.58 atr%=0.51 vol=0.25 DOWN | 5m close=77689.10 ema20=78316.23 ema50=78632.15 rsi=37.2 atr=841.45 atr%=1.08 vol=0.03 DOWN | 15m close=77689.10 ema20=78642.10 ema50=78541.90 rsi=25.4 atr=443.99 atr%=0.57 vol=1.28 DOWN | 1h close=77701.80 ema20=78365.92 ema50=78041.67 rsi=45.0 atr=468.71 atr%=0.60 vol=2.46 DOWN
2026-04-27 13:17:06,758 - INFO - 🔎 --- ETHUSDT ---
2026-04-27 13:17:11,997 - INFO - 📈 ETHUSDT | 1m close=2318.43 ema20=2329.75 ema50=2342.49 rsi=34.5 atr=28.11 atr%=1.21 vol=0.00 DOWN | 5m close=2318.43 ema20=2354.34 ema50=2369.96 rsi=36.3 atr=46.62 atr%=2.01 vol=1.11 DOWN | 15m close=2318.43 ema20=2371.54 ema50=2368.04 rsi=14.1 atr=22.78 atr%=0.98 vol=1.76 DOWN | 1h close=2329.00 ema20=2359.38 ema50=2342.91 rsi=43.9 atr=18.52 atr%=0.80 vol=2.27 DOWN
2026-04-27 13:17:15,538 - INFO - 🔎 --- SOLUSDT ---
2026-04-27 13:17:18,696 - INFO - 📈 SOLUSDT | 1m close=85.74 ema20=85.90 ema50=86.20 rsi=48.3 atr=0.49 atr%=0.57 vol=0.00 DOWN | 5m close=85.75 ema20=86.61 ema50=87.04 rsi=39.7 atr=1.21 atr%=1.41 vol=0.01 DOWN | 15m close=85.75 ema20=86.92 ema50=86.92 rsi=21.5 atr=0.67 atr%=0.79 vol=2.33 DOWN | 1h close=85.98 ema20=86.83 ema50=86.54 rsi=43.2 atr=0.59 atr%=0.69 vol=10.03 DOWN
2026-04-27 13:17:51,830 - INFO - 📊 Balance=5010.56 | daily=0.08%/10% | trades_today=6
2026-04-27 13:17:51,830 - INFO - 🚦 New entries paused: max trades per day reached. Existing positions still managed.
2026-04-27 13:17:51,831 - INFO - 🔎 --- BTCUSDT ---
2026-04-27 13:17:55,442 - INFO - 📈 BTCUSDT | 1m close=77662.00 ema20=77820.37 ema50=78064.36 rsi=47.4 atr=342.67 atr%=0.44 vol=0.39 DOWN | 5m close=77689.10 ema20=78316.23 ema50=78632.15 rsi=37.2 atr=841.45 atr%=1.08 vol=0.03 DOWN | 15m close=77689.10 ema20=78642.10 ema50=78541.90 rsi=25.4 atr=443.99 atr%=0.57 vol=1.28 DOWN | 1h close=77701.80 ema20=78365.92 ema50=78041.67 rsi=45.0 atr=468.71 atr%=0.60 vol=2.46 DOWN
2026-04-27 13:17:58,244 - INFO - 🔎 --- ETHUSDT ---
2026-04-27 13:18:01,655 - INFO - 📈 ETHUSDT | 1m close=2319.00 ema20=2328.73 ema50=2341.57 rsi=49.1 atr=24.59 atr%=1.06 vol=0.06 DOWN | 5m close=2318.43 ema20=2354.34 ema50=2369.96 rsi=36.3 atr=46.62 atr%=2.01 vol=1.11 DOWN | 15m close=2318.43 ema20=2371.54 ema50=2368.04 rsi=14.1 atr=22.78 atr%=0.98 vol=1.76 DOWN | 1h close=2329.00 ema20=2359.38 ema50=2342.91 rsi=43.9 atr=18.52 atr%=0.80 vol=2.27 DOWN
2026-04-27 13:18:03,794 - INFO - 🔎 --- SOLUSDT ---
2026-04-27 13:18:07,662 - INFO - 📈 SOLUSDT | 1m close=85.74 ema20=85.90 ema50=86.20 rsi=48.3 atr=0.49 atr%=0.57 vol=0.00 DOWN | 5m close=85.75 ema20=86.61 ema50=87.04 rsi=39.7 atr=1.21 atr%=1.41 vol=0.01 DOWN | 15m close=85.75 ema20=86.92 ema50=86.92 rsi=21.5 atr=0.67 atr%=0.79 vol=2.33 DOWN | 1h close=85.98 ema20=86.83 ema50=86.54 rsi=43.2 atr=0.59 atr%=0.69 vol=10.03 DOWN
2026-04-27 13:18:40,740 - INFO - 📊 Balance=5010.56 | daily=0.08%/10% | trades_today=6
2026-04-27 13:18:40,741 - INFO - 🚦 New entries paused: max trades per day reached. Existing positions still managed.
2026-04-27 13:18:40,741 - INFO - 🔎 --- BTCUSDT ---
2026-04-27 13:18:44,031 - INFO - 📈 BTCUSDT | 1m close=77668.20 ema20=77805.88 ema50=78048.82 rsi=46.5 atr=271.39 atr%=0.35 vol=0.12 DOWN | 5m close=77689.10 ema20=78316.23 ema50=78632.15 rsi=37.2 atr=841.45 atr%=1.08 vol=0.03 DOWN | 15m close=77689.10 ema20=78642.10 ema50=78541.90 rsi=25.4 atr=443.99 atr%=0.57 vol=1.28 DOWN | 1h close=77701.80 ema20=78365.92 ema50=78041.67 rsi=45.0 atr=468.71 atr%=0.60 vol=2.46 DOWN
2026-04-27 13:18:47,191 - INFO - 🔎 --- ETHUSDT ---
2026-04-27 13:18:51,687 - INFO - 📈 ETHUSDT | 1m close=2321.06 ema20=2328.00 ema50=2340.76 rsi=48.5 atr=24.45 atr%=1.05 vol=0.08 DOWN | 5m close=2318.43 ema20=2354.34 ema50=2369.96 rsi=36.3 atr=46.62 atr%=2.01 vol=1.11 DOWN | 15m close=2318.43 ema20=2371.54 ema50=2368.04 rsi=14.1 atr=22.78 atr%=0.98 vol=1.76 DOWN | 1h close=2329.00 ema20=2359.38 ema50=2342.91 rsi=43.9 atr=18.52 atr%=0.80 vol=2.27 DOWN
2026-04-27 13:18:54,330 - INFO - 🔎 --- SOLUSDT ---
2026-04-27 13:18:57,804 - INFO - 📈 SOLUSDT | 1m close=85.79 ema20=85.89 ema50=86.18 rsi=48.1 atr=0.40 atr%=0.47 vol=0.00 DOWN | 5m close=85.75 ema20=86.61 ema50=87.04 rsi=39.7 atr=1.21 atr%=1.41 vol=0.01 DOWN | 15m close=85.75 ema20=86.92 ema50=86.92 rsi=21.5 atr=0.67 atr%=0.79 vol=2.33 DOWN | 1h close=85.98 ema20=86.83 ema50=86.54 rsi=43.2 atr=0.59 atr%=0.69 vol=10.03 DOWN
2026-04-27 13:19:31,224 - INFO - 📊 Balance=5010.56 | daily=0.08%/10% | trades_today=6
2026-04-27 13:19:31,224 - INFO - 🚦 New entries paused: max trades per day reached. Existing positions still managed.
2026-04-27 13:19:31,224 - INFO - 🔎 --- BTCUSDT ---
2026-04-27 13:19:34,566 - INFO - 📈 BTCUSDT | 1m close=77668.40 ema20=77792.78 ema50=78033.90 rsi=49.4 atr=204.30 atr%=0.26 vol=2.91 DOWN | 5m close=77689.10 ema20=78316.23 ema50=78632.15 rsi=37.2 atr=841.45 atr%=1.08 vol=0.03 DOWN | 15m close=77689.10 ema20=78642.10 ema50=78541.90 rsi=25.4 atr=443.99 atr%=0.57 vol=1.28 DOWN | 1h close=77701.80 ema20=78365.92 ema50=78041.67 rsi=45.0 atr=468.71 atr%=0.60 vol=2.46 DOWN
2026-04-27 13:19:36,704 - INFO - 🔎 --- ETHUSDT ---
2026-04-27 13:19:39,970 - INFO - 📈 ETHUSDT | 1m close=2321.10 ema20=2327.34 ema50=2339.99 rsi=50.2 atr=20.85 atr%=0.90 vol=0.04 DOWN | 5m close=2318.43 ema20=2354.34 ema50=2369.96 rsi=36.3 atr=46.62 atr%=2.01 vol=1.11 DOWN | 15m close=2318.43 ema20=2371.54 ema50=2368.04 rsi=14.1 atr=22.78 atr%=0.98 vol=1.76 DOWN | 1h close=2329.00 ema20=2359.38 ema50=2342.91 rsi=43.9 atr=18.52 atr%=0.80 vol=2.27 DOWN
2026-04-27 13:19:42,097 - INFO - 🔎 --- SOLUSDT ---
2026-04-27 13:19:45,111 - INFO - 📈 SOLUSDT | 1m close=85.74 ema20=85.87 ema50=86.17 rsi=47.1 atr=0.31 atr%=0.37 vol=0.01 DOWN | 5m close=85.75 ema20=86.61 ema50=87.04 rsi=39.7 atr=1.21 atr%=1.41 vol=0.01 DOWN | 15m close=85.75 ema20=86.92 ema50=86.92 rsi=21.5 atr=0.67 atr%=0.79 vol=2.33 DOWN | 1h close=85.98 ema20=86.83 ema50=86.54 rsi=43.2 atr=0.59 atr%=0.69 vol=10.03 DOWN
2026-04-27 13:20:17,998 - INFO - 📊 Balance=5010.56 | daily=0.08%/10% | trades_today=6
2026-04-27 13:20:17,998 - INFO - 🚦 New entries paused: max trades per day reached. Existing positions still managed.
2026-04-27 13:20:17,998 - INFO - 🔎 --- BTCUSDT ---
2026-04-27 13:20:21,313 - INFO - 📈 BTCUSDT | 1m close=77662.00 ema20=77780.33 ema50=78019.32 rsi=13.4 atr=137.91 atr%=0.18 vol=0.96 DOWN | 5m close=77662.00 ema20=78253.93 ema50=78594.10 rsi=34.7 atr=829.69 atr%=1.07 vol=0.86 DOWN | 15m close=77689.10 ema20=78642.10 ema50=78541.90 rsi=25.4 atr=443.99 atr%=0.57 vol=1.28 DOWN | 1h close=77701.80 ema20=78365.92 ema50=78041.67 rsi=45.0 atr=468.71 atr%=0.60 vol=2.46 DOWN
2026-04-27 13:20:23,479 - INFO - 🔎 --- ETHUSDT ---
2026-04-27 13:20:27,990 - INFO - 📈 ETHUSDT | 1m close=2321.10 ema20=2326.74 ema50=2339.25 rsi=12.6 atr=17.25 atr%=0.74 vol=0.03 DOWN | 5m close=2321.10 ema20=2351.18 ema50=2368.04 rsi=32.6 atr=45.51 atr%=1.96 vol=0.04 DOWN | 15m close=2318.43 ema20=2371.54 ema50=2368.04 rsi=14.1 atr=22.78 atr%=0.98 vol=1.76 DOWN | 1h close=2329.00 ema20=2359.38 ema50=2342.91 rsi=43.9 atr=18.52 atr%=0.80 vol=2.27 DOWN
2026-04-27 13:20:30,438 - INFO - 🔎 --- SOLUSDT ---
2026-04-27 13:20:33,937 - INFO - 📈 SOLUSDT | 1m close=85.89 ema20=85.87 ema50=86.16 rsi=18.7 atr=0.23 atr%=0.27 vol=0.00 UP | 5m close=85.89 ema20=86.54 ema50=86.99 rsi=38.3 atr=1.19 atr%=1.39 vol=0.00 DOWN | 15m close=85.75 ema20=86.92 ema50=86.92 rsi=21.5 atr=0.67 atr%=0.79 vol=2.33 DOWN | 1h close=85.98 ema20=86.83 ema50=86.54 rsi=43.2 atr=0.59 atr%=0.69 vol=10.03 DOWN
2026-04-27 13:21:06,809 - INFO - 📊 Balance=5010.56 | daily=0.08%/10% | trades_today=6
2026-04-27 13:21:06,809 - INFO - 🚦 New entries paused: max trades per day reached. Existing positions still managed.
2026-04-27 13:21:06,809 - INFO - 🔎 --- BTCUSDT ---
2026-04-27 13:21:10,238 - INFO - 📈 BTCUSDT | 1m close=77662.00 ema20=77780.33 ema50=78019.32 rsi=13.4 atr=137.91 atr%=0.18 vol=0.96 DOWN | 5m close=77662.00 ema20=78253.93 ema50=78594.10 rsi=34.7 atr=829.69 atr%=1.07 vol=0.86 DOWN | 15m close=77689.10 ema20=78642.10 ema50=78541.90 rsi=25.4 atr=443.99 atr%=0.57 vol=1.28 DOWN | 1h close=77701.80 ema20=78365.92 ema50=78041.67 rsi=45.0 atr=468.71 atr%=0.60 vol=2.46 DOWN
2026-04-27 13:21:12,476 - INFO - 🔎 --- ETHUSDT ---
2026-04-27 13:21:15,692 - INFO - 📈 ETHUSDT | 1m close=2321.12 ema20=2326.21 ema50=2338.54 rsi=34.3 atr=13.71 atr%=0.59 vol=0.19 DOWN | 5m close=2321.10 ema20=2351.18 ema50=2368.04 rsi=32.6 atr=45.51 atr%=1.96 vol=0.04 DOWN | 15m close=2318.43 ema20=2371.54 ema50=2368.04 rsi=14.1 atr=22.78 atr%=0.98 vol=1.76 DOWN | 1h close=2329.00 ema20=2359.38 ema50=2342.91 rsi=43.9 atr=18.52 atr%=0.80 vol=2.27 DOWN
2026-04-27 13:21:17,898 - INFO - 🔎 --- SOLUSDT ---
2026-04-27 13:21:20,862 - INFO - 📈 SOLUSDT | 1m close=85.81 ema20=85.87 ema50=86.14 rsi=56.2 atr=0.15 atr%=0.17 vol=0.08 DOWN | 5m close=85.89 ema20=86.54 ema50=86.99 rsi=38.3 atr=1.19 atr%=1.39 vol=0.00 DOWN | 15m close=85.75 ema20=86.92 ema50=86.92 rsi=21.5 atr=0.67 atr%=0.79 vol=2.33 DOWN | 1h close=85.98 ema20=86.83 ema50=86.54 rsi=43.2 atr=0.59 atr%=0.69 vol=10.03 DOWN
2026-04-27 13:21:54,106 - INFO - 📊 Balance=5010.56 | daily=0.08%/10% | trades_today=6
2026-04-27 13:21:54,106 - INFO - 🚦 New entries paused: max trades per day reached. Existing positions still managed.
2026-04-27 13:21:54,107 - INFO - 🔎 --- BTCUSDT ---
2026-04-27 13:21:57,595 - INFO - 📈 BTCUSDT | 1m close=77666.00 ema20=77769.44 ema50=78005.46 rsi=50.1 atr=70.40 atr%=0.09 vol=0.82 DOWN | 5m close=77662.00 ema20=78253.93 ema50=78594.10 rsi=34.7 atr=829.69 atr%=1.07 vol=0.86 DOWN | 15m close=77689.10 ema20=78642.10 ema50=78541.90 rsi=25.4 atr=443.99 atr%=0.57 vol=1.28 DOWN | 1h close=77701.80 ema20=78365.92 ema50=78041.67 rsi=45.0 atr=468.71 atr%=0.60 vol=2.46 DOWN
2026-04-27 13:22:00,395 - INFO - 🔎 --- ETHUSDT ---
2026-04-27 13:22:03,728 - INFO - 📈 ETHUSDT | 1m close=2321.12 ema20=2326.21 ema50=2338.54 rsi=34.3 atr=13.71 atr%=0.59 vol=0.19 DOWN | 5m close=2321.10 ema20=2351.18 ema50=2368.04 rsi=32.6 atr=45.51 atr%=1.96 vol=0.04 DOWN | 15m close=2318.43 ema20=2371.54 ema50=2368.04 rsi=14.1 atr=22.78 atr%=0.98 vol=1.76 DOWN | 1h close=2329.00 ema20=2359.38 ema50=2342.91 rsi=43.9 atr=18.52 atr%=0.80 vol=2.27 DOWN
2026-04-27 13:22:05,930 - INFO - 🔎 --- SOLUSDT ---
2026-04-27 13:22:09,038 - INFO - 📈 SOLUSDT | 1m close=85.81 ema20=85.87 ema50=86.14 rsi=56.2 atr=0.15 atr%=0.17 vol=0.08 DOWN | 5m close=85.89 ema20=86.54 ema50=86.99 rsi=38.3 atr=1.19 atr%=1.39 vol=0.00 DOWN | 15m close=85.75 ema20=86.92 ema50=86.92 rsi=21.5 atr=0.67 atr%=0.79 vol=2.33 DOWN | 1h close=85.98 ema20=86.83 ema50=86.54 rsi=43.2 atr=0.59 atr%=0.69 vol=10.03 DOWN
2026-04-27 13:22:41,890 - INFO - 📊 Balance=5010.56 | daily=0.08%/10% | trades_today=6
2026-04-27 13:22:41,891 - INFO - 🚦 New entries paused: max trades per day reached. Existing positions still managed.
2026-04-27 13:22:41,891 - INFO - 🔎 --- BTCUSDT ---
2026-04-27 13:22:45,244 - INFO - 📈 BTCUSDT | 1m close=77800.10 ema20=77772.36 ema50=77997.41 rsi=71.6 atr=78.11 atr%=0.10 vol=0.48 UP | 5m close=77662.00 ema20=78253.93 ema50=78594.10 rsi=34.7 atr=829.69 atr%=1.07 vol=0.86 DOWN | 15m close=77689.10 ema20=78642.10 ema50=78541.90 rsi=25.4 atr=443.99 atr%=0.57 vol=1.28 DOWN | 1h close=77701.80 ema20=78365.92 ema50=78041.67 rsi=45.0 atr=468.71 atr%=0.60 vol=2.46 DOWN
2026-04-27 13:22:47,436 - INFO - 🔎 --- ETHUSDT ---
2026-04-27 13:22:50,677 - INFO - 📈 ETHUSDT | 1m close=2325.83 ema20=2326.17 ema50=2338.04 rsi=69.6 atr=11.83 atr%=0.51 vol=0.95 DOWN | 5m close=2321.10 ema20=2351.18 ema50=2368.04 rsi=32.6 atr=45.51 atr%=1.96 vol=0.04 DOWN | 15m close=2318.43 ema20=2371.54 ema50=2368.04 rsi=14.1 atr=22.78 atr%=0.98 vol=1.76 DOWN | 1h close=2329.00 ema20=2359.38 ema50=2342.91 rsi=43.9 atr=18.52 atr%=0.80 vol=2.27 DOWN
2026-04-27 13:22:54,096 - INFO - 🔎 --- SOLUSDT ---
2026-04-27 13:22:57,134 - INFO - 📈 SOLUSDT | 1m close=85.94 ema20=85.87 ema50=86.13 rsi=62.2 atr=0.15 atr%=0.18 vol=0.18 UP | 5m close=85.89 ema20=86.54 ema50=86.99 rsi=38.3 atr=1.19 atr%=1.39 vol=0.00 DOWN | 15m close=85.75 ema20=86.92 ema50=86.92 rsi=21.5 atr=0.67 atr%=0.79 vol=2.33 DOWN | 1h close=85.98 ema20=86.83 ema50=86.54 rsi=43.2 atr=0.59 atr%=0.69 vol=10.03 DOWN
2026-04-27 13:23:30,139 - INFO - 📊 Balance=5010.56 | daily=0.08%/10% | trades_today=6
2026-04-27 13:23:30,139 - INFO - 🚦 New entries paused: max trades per day reached. Existing positions still managed.
2026-04-27 13:23:30,140 - INFO - 🔎 --- BTCUSDT ---
2026-04-27 13:23:39,331 - INFO - 📈 BTCUSDT | 1m close=77675.50 ema20=77763.13 ema50=77984.79 rsi=41.3 atr=128.54 atr%=0.17 vol=0.67 DOWN | 5m close=77662.00 ema20=78253.93 ema50=78594.10 rsi=34.7 atr=829.69 atr%=1.07 vol=0.86 DOWN | 15m close=77689.10 ema20=78642.10 ema50=78541.90 rsi=25.4 atr=443.99 atr%=0.57 vol=1.28 DOWN | 1h close=77701.80 ema20=78365.92 ema50=78041.67 rsi=45.0 atr=468.71 atr%=0.60 vol=2.46 DOWN
2026-04-27 13:23:41,939 - INFO - 🔎 --- ETHUSDT ---
2026-04-27 13:23:45,253 - INFO - 📈 ETHUSDT | 1m close=2318.44 ema20=2325.44 ema50=2337.27 rsi=46.1 atr=9.22 atr%=0.40 vol=4.14 DOWN | 5m close=2321.10 ema20=2351.18 ema50=2368.04 rsi=32.6 atr=45.51 atr%=1.96 vol=0.04 DOWN | 15m close=2318.43 ema20=2371.54 ema50=2368.04 rsi=14.1 atr=22.78 atr%=0.98 vol=1.76 DOWN | 1h close=2329.00 ema20=2359.38 ema50=2342.91 rsi=43.9 atr=18.52 atr%=0.80 vol=2.27 DOWN
2026-04-27 13:23:47,461 - INFO - 🔎 --- SOLUSDT ---
2026-04-27 13:23:50,536 - INFO - 📈 SOLUSDT | 1m close=85.96 ema20=85.88 ema50=86.13 rsi=61.1 atr=0.15 atr%=0.17 vol=0.22 UP | 5m close=85.89 ema20=86.54 ema50=86.99 rsi=38.3 atr=1.19 atr%=1.39 vol=0.00 DOWN | 15m close=85.75 ema20=86.92 ema50=86.92 rsi=21.5 atr=0.67 atr%=0.79 vol=2.33 DOWN | 1h close=85.98 ema20=86.83 ema50=86.54 rsi=43.2 atr=0.59 atr%=0.69 vol=10.03 DOWN
2026-04-27 13:24:23,502 - INFO - 📊 Balance=5010.56 | daily=0.08%/10% | trades_today=6
2026-04-27 13:24:23,502 - INFO - 🚦 New entries paused: max trades per day reached. Existing positions still managed.
2026-04-27 13:24:23,503 - INFO - 🔎 --- BTCUSDT ---
2026-04-27 13:24:26,884 - INFO - 📈 BTCUSDT | 1m close=77740.10 ema20=77760.94 ema50=77975.19 rsi=49.4 atr=179.08 atr%=0.23 vol=0.10 DOWN | 5m close=77662.00 ema20=78253.93 ema50=78594.10 rsi=34.7 atr=829.69 atr%=1.07 vol=0.86 DOWN | 15m close=77689.10 ema20=78642.10 ema50=78541.90 rsi=25.4 atr=443.99 atr%=0.57 vol=1.28 DOWN | 1h close=77701.80 ema20=78365.92 ema50=78041.67 rsi=45.0 atr=468.71 atr%=0.60 vol=2.46 DOWN
2026-04-27 13:24:29,101 - INFO - 🔎 --- ETHUSDT ---
2026-04-27 13:24:32,430 - INFO - 📈 ETHUSDT | 1m close=2319.12 ema20=2324.83 ema50=2336.56 rsi=46.1 atr=7.44 atr%=0.32 vol=1.94 DOWN | 5m close=2321.10 ema20=2351.18 ema50=2368.04 rsi=32.6 atr=45.51 atr%=1.96 vol=0.04 DOWN | 15m close=2318.43 ema20=2371.54 ema50=2368.04 rsi=14.1 atr=22.78 atr%=0.98 vol=1.76 DOWN | 1h close=2329.00 ema20=2359.38 ema50=2342.91 rsi=43.9 atr=18.52 atr%=0.80 vol=2.27 DOWN
2026-04-27 13:24:34,631 - INFO - 🔎 --- SOLUSDT ---
2026-04-27 13:24:37,590 - INFO - 📈 SOLUSDT | 1m close=85.97 ema20=85.89 ema50=86.12 rsi=61.1 atr=0.15 atr%=0.18 vol=0.19 UP | 5m close=85.89 ema20=86.54 ema50=86.99 rsi=38.3 atr=1.19 atr%=1.39 vol=0.00 DOWN | 15m close=85.75 ema20=86.92 ema50=86.92 rsi=21.5 atr=0.67 atr%=0.79 vol=2.33 DOWN | 1h close=85.98 ema20=86.83 ema50=86.54 rsi=43.2 atr=0.59 atr%=0.69 vol=10.03 DOWN
2026-04-27 13:25:10,578 - INFO - 📊 Balance=5010.56 | daily=0.08%/10% | trades_today=6
2026-04-27 13:25:10,578 - INFO - 🚦 New entries paused: max trades per day reached. Existing positions still managed.
2026-04-27 13:25:10,578 - INFO - 🔎 --- BTCUSDT ---
2026-04-27 13:25:13,909 - INFO - 📈 BTCUSDT | 1m close=77791.30 ema20=77763.83 ema50=77967.98 rsi=55.1 atr=187.64 atr%=0.24 vol=0.01 UP | 5m close=77791.30 ema20=78209.87 ema50=78562.62 rsi=36.7 atr=854.47 atr%=1.10 vol=0.35 DOWN | 15m close=77689.10 ema20=78642.10 ema50=78541.90 rsi=25.4 atr=443.99 atr%=0.57 vol=1.28 DOWN | 1h close=77701.80 ema20=78365.92 ema50=78041.67 rsi=45.0 atr=468.71 atr%=0.60 vol=2.46 DOWN
2026-04-27 13:25:16,131 - INFO - 🔎 --- ETHUSDT ---
2026-04-27 13:25:19,352 - INFO - 📈 ETHUSDT | 1m close=2324.13 ema20=2324.77 ema50=2336.07 rsi=53.8 atr=6.24 atr%=0.27 vol=0.00 DOWN | 5m close=2324.13 ema20=2348.60 ema50=2366.32 rsi=36.8 atr=45.31 atr%=1.95 vol=1.16 DOWN | 15m close=2318.43 ema20=2371.54 ema50=2368.04 rsi=14.1 atr=22.78 atr%=0.98 vol=1.76 DOWN | 1h close=2329.00 ema20=2359.38 ema50=2342.91 rsi=43.9 atr=18.52 atr%=0.80 vol=2.27 DOWN
2026-04-27 13:25:21,549 - INFO - 🔎 --- SOLUSDT ---
2026-04-27 13:25:24,638 - INFO - 📈 SOLUSDT | 1m close=85.97 ema20=85.90 ema50=86.12 rsi=69.8 atr=0.15 atr%=0.18 vol=0.33 UP | 5m close=85.97 ema20=86.49 ema50=86.95 rsi=42.8 atr=1.17 atr%=1.36 vol=0.07 DOWN | 15m close=85.75 ema20=86.92 ema50=86.92 rsi=21.5 atr=0.67 atr%=0.79 vol=2.33 DOWN | 1h close=85.98 ema20=86.83 ema50=86.54 rsi=43.2 atr=0.59 atr%=0.69 vol=10.03 DOWN
2026-04-27 13:25:57,642 - INFO - 📊 Balance=5010.56 | daily=0.08%/10% | trades_today=6
2026-04-27 13:25:57,643 - INFO - 🚦 New entries paused: max trades per day reached. Existing positions still managed.
2026-04-27 13:25:57,643 - INFO - 🔎 --- BTCUSDT ---
2026-04-27 13:26:01,038 - INFO - 📈 BTCUSDT | 1m close=77791.30 ema20=77763.83 ema50=77967.98 rsi=55.1 atr=187.64 atr%=0.24 vol=0.01 UP | 5m close=77791.30 ema20=78209.87 ema50=78562.62 rsi=36.7 atr=854.47 atr%=1.10 vol=0.35 DOWN | 15m close=77689.10 ema20=78642.10 ema50=78541.90 rsi=25.4 atr=443.99 atr%=0.57 vol=1.28 DOWN | 1h close=77701.80 ema20=78365.92 ema50=78041.67 rsi=45.0 atr=468.71 atr%=0.60 vol=2.46 DOWN
2026-04-27 13:26:04,152 - INFO - 🔎 --- ETHUSDT ---
2026-04-27 13:26:07,355 - INFO - 📈 ETHUSDT | 1m close=2324.13 ema20=2324.77 ema50=2336.07 rsi=53.8 atr=6.24 atr%=0.27 vol=0.00 DOWN | 5m close=2324.13 ema20=2348.60 ema50=2366.32 rsi=36.8 atr=45.31 atr%=1.95 vol=1.16 DOWN | 15m close=2318.43 ema20=2371.54 ema50=2368.04 rsi=14.1 atr=22.78 atr%=0.98 vol=1.76 DOWN | 1h close=2329.00 ema20=2359.38 ema50=2342.91 rsi=43.9 atr=18.52 atr%=0.80 vol=2.27 DOWN
2026-04-27 13:26:09,686 - INFO - 🔎 --- SOLUSDT ---
2026-04-27 13:26:12,777 - INFO - 📈 SOLUSDT | 1m close=85.88 ema20=85.90 ema50=86.11 rsi=61.1 atr=0.15 atr%=0.18 vol=0.00 DOWN | 5m close=85.97 ema20=86.49 ema50=86.95 rsi=42.8 atr=1.17 atr%=1.36 vol=0.07 DOWN | 15m close=85.75 ema20=86.92 ema50=86.92 rsi=21.5 atr=0.67 atr%=0.79 vol=2.33 DOWN | 1h close=85.98 ema20=86.83 ema50=86.54 rsi=43.2 atr=0.59 atr%=0.69 vol=10.03 DOWN
2026-04-27 13:26:45,643 - INFO - 📊 Balance=5010.56 | daily=0.08%/10% | trades_today=6
2026-04-27 13:26:45,644 - INFO - 🚦 New entries paused: max trades per day reached. Existing positions still managed.
2026-04-27 13:26:45,644 - INFO - 🔎 --- BTCUSDT ---
2026-04-27 13:26:49,077 - INFO - 📈 BTCUSDT | 1m close=77682.20 ema20=77756.06 ema50=77956.77 rsi=44.7 atr=196.21 atr%=0.25 vol=0.00 DOWN | 5m close=77791.30 ema20=78209.87 ema50=78562.62 rsi=36.7 atr=854.47 atr%=1.10 vol=0.35 DOWN | 15m close=77689.10 ema20=78642.10 ema50=78541.90 rsi=25.4 atr=443.99 atr%=0.57 vol=1.28 DOWN | 1h close=77701.80 ema20=78365.92 ema50=78041.67 rsi=45.0 atr=468.71 atr%=0.60 vol=2.46 DOWN
2026-04-27 13:26:51,263 - INFO - 🔎 --- ETHUSDT ---
2026-04-27 13:26:54,534 - INFO - 📈 ETHUSDT | 1m close=2325.07 ema20=2324.80 ema50=2335.64 rsi=58.2 atr=4.80 atr%=0.21 vol=0.01 UP | 5m close=2324.13 ema20=2348.60 ema50=2366.32 rsi=36.8 atr=45.31 atr%=1.95 vol=1.16 DOWN | 15m close=2318.43 ema20=2371.54 ema50=2368.04 rsi=14.1 atr=22.78 atr%=0.98 vol=1.76 DOWN | 1h close=2329.00 ema20=2359.38 ema50=2342.91 rsi=43.9 atr=18.52 atr%=0.80 vol=2.27 DOWN
2026-04-27 13:26:56,726 - INFO - 🔎 --- SOLUSDT ---
2026-04-27 13:26:59,726 - INFO - 📈 SOLUSDT | 1m close=85.88 ema20=85.90 ema50=86.11 rsi=61.1 atr=0.15 atr%=0.18 vol=0.00 DOWN | 5m close=85.97 ema20=86.49 ema50=86.95 rsi=42.8 atr=1.17 atr%=1.36 vol=0.07 DOWN | 15m close=85.75 ema20=86.92 ema50=86.92 rsi=21.5 atr=0.67 atr%=0.79 vol=2.33 DOWN | 1h close=85.98 ema20=86.83 ema50=86.54 rsi=43.2 atr=0.59 atr%=0.69 vol=10.03 DOWN
2026-04-27 13:27:32,701 - INFO - 📊 Balance=5010.56 | daily=0.08%/10% | trades_today=6
2026-04-27 13:27:32,702 - INFO - 🚦 New entries paused: max trades per day reached. Existing positions still managed.
2026-04-27 13:27:32,702 - INFO - 🔎 --- BTCUSDT ---
2026-04-27 13:27:36,013 - INFO - 📈 BTCUSDT | 1m close=77771.70 ema20=77757.55 ema50=77949.51 rsi=52.1 atr=204.77 atr%=0.26 vol=3.73 UP | 5m close=77791.30 ema20=78209.87 ema50=78562.62 rsi=36.7 atr=854.47 atr%=1.10 vol=0.35 DOWN | 15m close=77689.10 ema20=78642.10 ema50=78541.90 rsi=25.4 atr=443.99 atr%=0.57 vol=1.28 DOWN | 1h close=77701.80 ema20=78365.92 ema50=78041.67 rsi=45.0 atr=468.71 atr%=0.60 vol=2.46 DOWN
2026-04-27 13:27:38,199 - INFO - 🔎 --- ETHUSDT ---
2026-04-27 13:27:41,335 - INFO - 📈 ETHUSDT | 1m close=2325.01 ema20=2324.82 ema50=2335.22 rsi=63.2 atr=4.75 atr%=0.20 vol=0.05 UP | 5m close=2324.13 ema20=2348.60 ema50=2366.32 rsi=36.8 atr=45.31 atr%=1.95 vol=1.16 DOWN | 15m close=2318.43 ema20=2371.54 ema50=2368.04 rsi=14.1 atr=22.78 atr%=0.98 vol=1.76 DOWN | 1h close=2329.00 ema20=2359.38 ema50=2342.91 rsi=43.9 atr=18.52 atr%=0.80 vol=2.27 DOWN
2026-04-27 13:27:43,539 - INFO - 🔎 --- SOLUSDT ---
2026-04-27 13:27:46,497 - INFO - 📈 SOLUSDT | 1m close=85.79 ema20=85.89 ema50=86.09 rsi=50.0 atr=0.15 atr%=0.17 vol=0.84 DOWN | 5m close=85.97 ema20=86.49 ema50=86.95 rsi=42.8 atr=1.17 atr%=1.36 vol=0.07 DOWN | 15m close=85.75 ema20=86.92 ema50=86.92 rsi=21.5 atr=0.67 atr%=0.79 vol=2.33 DOWN | 1h close=85.98 ema20=86.83 ema50=86.54 rsi=43.2 atr=0.59 atr%=0.69 vol=10.03 DOWN
2026-04-27 13:28:19,473 - INFO - 📊 Balance=5010.56 | daily=0.08%/10% | trades_today=6
2026-04-27 13:28:19,473 - INFO - 🚦 New entries paused: max trades per day reached. Existing positions still managed.
2026-04-27 13:28:19,474 - INFO - 🔎 --- BTCUSDT ---
2026-04-27 13:28:22,827 - INFO - 📈 BTCUSDT | 1m close=77760.50 ema20=77757.83 ema50=77942.11 rsi=52.7 atr=200.60 atr%=0.26 vol=4.27 UP | 5m close=77791.30 ema20=78209.87 ema50=78562.62 rsi=36.7 atr=854.47 atr%=1.10 vol=0.35 DOWN | 15m close=77689.10 ema20=78642.10 ema50=78541.90 rsi=25.4 atr=443.99 atr%=0.57 vol=1.28 DOWN | 1h close=77701.80 ema20=78365.92 ema50=78041.67 rsi=45.0 atr=468.71 atr%=0.60 vol=2.46 DOWN
2026-04-27 13:28:24,904 - INFO - 🔎 --- ETHUSDT ---
2026-04-27 13:28:28,061 - INFO - 📈 ETHUSDT | 1m close=2325.99 ema20=2324.93 ema50=2334.86 rsi=61.2 atr=4.70 atr%=0.20 vol=0.05 UP | 5m close=2324.13 ema20=2348.60 ema50=2366.32 rsi=36.8 atr=45.31 atr%=1.95 vol=1.16 DOWN | 15m close=2318.43 ema20=2371.54 ema50=2368.04 rsi=14.1 atr=22.78 atr%=0.98 vol=1.76 DOWN | 1h close=2329.00 ema20=2359.38 ema50=2342.91 rsi=43.9 atr=18.52 atr%=0.80 vol=2.27 DOWN
2026-04-27 13:28:30,196 - INFO - 🔎 --- SOLUSDT ---
2026-04-27 13:28:33,165 - INFO - 📈 SOLUSDT | 1m close=85.76 ema20=85.87 ema50=86.08 rsi=51.4 atr=0.15 atr%=0.18 vol=3.57 DOWN | 5m close=85.97 ema20=86.49 ema50=86.95 rsi=42.8 atr=1.17 atr%=1.36 vol=0.07 DOWN | 15m close=85.75 ema20=86.92 ema50=86.92 rsi=21.5 atr=0.67 atr%=0.79 vol=2.33 DOWN | 1h close=85.98 ema20=86.83 ema50=86.54 rsi=43.2 atr=0.59 atr%=0.69 vol=10.03 DOWN
2026-04-27 13:29:06,273 - INFO - 📊 Balance=5010.56 | daily=0.08%/10% | trades_today=6
2026-04-27 13:29:06,274 - INFO - 🚦 New entries paused: max trades per day reached. Existing positions still managed.
2026-04-27 13:29:06,274 - INFO - 🔎 --- BTCUSDT ---
2026-04-27 13:29:09,956 - INFO - 📈 BTCUSDT | 1m close=77760.50 ema20=77757.83 ema50=77942.11 rsi=52.7 atr=200.60 atr%=0.26 vol=4.27 UP | 5m close=77791.30 ema20=78209.87 ema50=78562.62 rsi=36.7 atr=854.47 atr%=1.10 vol=0.35 DOWN | 15m close=77689.10 ema20=78642.10 ema50=78541.90 rsi=25.4 atr=443.99 atr%=0.57 vol=1.28 DOWN | 1h close=77701.80 ema20=78365.92 ema50=78041.67 rsi=45.0 atr=468.71 atr%=0.60 vol=2.46 DOWN
2026-04-27 13:29:12,096 - INFO - 🔎 --- ETHUSDT ---
2026-04-27 13:29:15,261 - INFO - 📈 ETHUSDT | 1m close=2325.99 ema20=2325.03 ema50=2334.51 rsi=66.8 atr=4.62 atr%=0.20 vol=0.01 UP | 5m close=2324.13 ema20=2348.60 ema50=2366.32 rsi=36.8 atr=45.31 atr%=1.95 vol=1.16 DOWN | 15m close=2318.43 ema20=2371.54 ema50=2368.04 rsi=14.1 atr=22.78 atr%=0.98 vol=1.76 DOWN | 1h close=2329.00 ema20=2359.38 ema50=2342.91 rsi=43.9 atr=18.52 atr%=0.80 vol=2.27 DOWN
2026-04-27 13:29:17,499 - INFO - 🔎 --- SOLUSDT ---
2026-04-27 13:29:20,598 - INFO - 📈 SOLUSDT | 1m close=85.79 ema20=85.87 ema50=86.07 rsi=52.7 atr=0.15 atr%=0.18 vol=2.05 DOWN | 5m close=85.97 ema20=86.49 ema50=86.95 rsi=42.8 atr=1.17 atr%=1.36 vol=0.07 DOWN | 15m close=85.75 ema20=86.92 ema50=86.92 rsi=21.5 atr=0.67 atr%=0.79 vol=2.33 DOWN | 1h close=85.98 ema20=86.83 ema50=86.54 rsi=43.2 atr=0.59 atr%=0.69 vol=10.03 DOWN
2026-04-27 13:29:53,529 - INFO - 📊 Balance=5010.56 | daily=0.08%/10% | trades_today=6
2026-04-27 13:29:53,530 - INFO - 🚦 New entries paused: max trades per day reached. Existing positions still managed.
2026-04-27 13:29:53,530 - INFO - 🔎 --- BTCUSDT ---
2026-04-27 13:29:57,526 - INFO - 📈 BTCUSDT | 1m close=77664.30 ema20=77748.92 ema50=77931.21 rsi=48.3 atr=203.86 atr%=0.26 vol=0.50 DOWN | 5m close=77791.30 ema20=78209.87 ema50=78562.62 rsi=36.7 atr=854.47 atr%=1.10 vol=0.35 DOWN | 15m close=77689.10 ema20=78642.10 ema50=78541.90 rsi=25.4 atr=443.99 atr%=0.57 vol=1.28 DOWN | 1h close=77701.80 ema20=78365.92 ema50=78041.67 rsi=45.0 atr=468.71 atr%=0.60 vol=2.46 DOWN
2026-04-27 13:29:59,784 - INFO - 🔎 --- ETHUSDT ---
2026-04-27 13:30:03,424 - INFO - 📈 ETHUSDT | 1m close=2325.99 ema20=2325.03 ema50=2334.51 rsi=66.8 atr=4.62 atr%=0.20 vol=0.01 UP | 5m close=2324.13 ema20=2348.60 ema50=2366.32 rsi=36.8 atr=45.31 atr%=1.95 vol=1.16 DOWN | 15m close=2318.43 ema20=2371.54 ema50=2368.04 rsi=14.1 atr=22.78 atr%=0.98 vol=1.76 DOWN | 1h close=2329.00 ema20=2359.38 ema50=2342.91 rsi=43.9 atr=18.52 atr%=0.80 vol=2.27 DOWN
2026-04-27 13:30:05,688 - INFO - 🔎 --- SOLUSDT ---
2026-04-27 13:30:08,876 - INFO - 📈 SOLUSDT | 1m close=85.79 ema20=85.87 ema50=86.07 rsi=52.7 atr=0.15 atr%=0.18 vol=2.05 DOWN | 5m close=85.97 ema20=86.49 ema50=86.95 rsi=42.8 atr=1.17 atr%=1.36 vol=0.07 DOWN | 15m close=85.75 ema20=86.92 ema50=86.92 rsi=21.5 atr=0.67 atr%=0.79 vol=2.33 DOWN | 1h close=85.98 ema20=86.83 ema50=86.54 rsi=43.2 atr=0.59 atr%=0.69 vol=10.03 DOWN
2026-04-27 13:30:42,193 - INFO - 📊 Balance=5010.56 | daily=0.08%/10% | trades_today=6
2026-04-27 13:30:42,193 - INFO - 🚦 New entries paused: max trades per day reached. Existing positions still managed.
2026-04-27 13:30:42,193 - INFO - 🔎 --- BTCUSDT ---
2026-04-27 13:30:46,252 - INFO - 📈 BTCUSDT | 1m close=77666.80 ema20=77741.10 ema50=77920.84 rsi=50.3 atr=192.20 atr%=0.25 vol=0.27 DOWN | 5m close=77666.80 ema20=78158.15 ema50=78527.49 rsi=35.6 atr=820.06 atr%=1.06 vol=0.78 DOWN | 15m close=77666.80 ema20=78549.22 ema50=78507.57 rsi=23.2 atr=493.08 atr%=0.63 vol=0.97 DOWN | 1h close=77701.80 ema20=78365.92 ema50=78041.67 rsi=45.0 atr=468.71 atr%=0.60 vol=2.46 DOWN
2026-04-27 13:30:48,424 - INFO - 🔎 --- ETHUSDT ---
2026-04-27 13:30:51,756 - INFO - 📈 ETHUSDT | 1m close=2326.43 ema20=2325.16 ema50=2334.20 rsi=67.5 atr=4.61 atr%=0.20 vol=0.02 UP | 5m close=2326.43 ema20=2346.49 ema50=2364.76 rsi=43.9 atr=42.48 atr%=1.83 vol=0.02 DOWN | 15m close=2326.43 ema20=2367.24 ema50=2366.41 rsi=20.5 atr=23.96 atr%=1.03 vol=0.61 DOWN | 1h close=2329.00 ema20=2359.38 ema50=2342.91 rsi=43.9 atr=18.52 atr%=0.80 vol=2.27 DOWN
2026-04-27 13:30:53,964 - INFO - 🔎 --- SOLUSDT ---
2026-04-27 13:30:57,037 - INFO - 📈 SOLUSDT | 1m close=85.76 ema20=85.86 ema50=86.06 rsi=51.3 atr=0.16 atr%=0.18 vol=4.09 DOWN | 5m close=85.76 ema20=86.42 ema50=86.91 rsi=36.2 atr=1.09 atr%=1.28 vol=0.06 DOWN | 15m close=85.76 ema20=86.81 ema50=86.87 rsi=15.6 atr=0.66 atr%=0.77 vol=0.12 DOWN | 1h close=85.98 ema20=86.83 ema50=86.54 rsi=43.2 atr=0.59 atr%=0.69 vol=10.03 DOWN
2026-04-27 13:31:29,950 - INFO - 📊 Balance=5010.56 | daily=0.08%/10% | trades_today=6
2026-04-27 13:31:29,950 - INFO - 🚦 New entries paused: max trades per day reached. Existing positions still managed.
2026-04-27 13:31:29,951 - INFO - 🔎 --- BTCUSDT ---
2026-04-27 13:31:33,268 - INFO - 📈 BTCUSDT | 1m close=77662.00 ema20=77733.57 ema50=77910.69 rsi=50.0 atr=180.54 atr%=0.23 vol=0.16 DOWN | 5m close=77666.80 ema20=78158.15 ema50=78527.49 rsi=35.6 atr=820.06 atr%=1.06 vol=0.78 DOWN | 15m close=77666.80 ema20=78549.22 ema50=78507.57 rsi=23.2 atr=493.08 atr%=0.63 vol=0.97 DOWN | 1h close=77701.80 ema20=78365.92 ema50=78041.67 rsi=45.0 atr=468.71 atr%=0.60 vol=2.46 DOWN
2026-04-27 13:31:35,391 - INFO - 🔎 --- ETHUSDT ---
2026-04-27 13:31:41,520 - INFO - 📈 ETHUSDT | 1m close=2320.67 ema20=2324.73 ema50=2333.67 rsi=53.0 atr=4.84 atr%=0.21 vol=0.02 DOWN | 5m close=2326.43 ema20=2346.49 ema50=2364.76 rsi=43.9 atr=42.48 atr%=1.83 vol=0.02 DOWN | 15m close=2326.43 ema20=2367.24 ema50=2366.41 rsi=20.5 atr=23.96 atr%=1.03 vol=0.61 DOWN | 1h close=2329.00 ema20=2359.38 ema50=2342.91 rsi=43.9 atr=18.52 atr%=0.80 vol=2.27 DOWN
2026-04-27 13:31:43,925 - INFO - 🔎 --- SOLUSDT ---
2026-04-27 13:31:47,556 - INFO - 📈 SOLUSDT | 1m close=85.74 ema20=85.85 ema50=86.04 rsi=50.0 atr=0.16 atr%=0.18 vol=0.84 DOWN | 5m close=85.76 ema20=86.42 ema50=86.91 rsi=36.2 atr=1.09 atr%=1.28 vol=0.06 DOWN | 15m close=85.76 ema20=86.81 ema50=86.87 rsi=15.6 atr=0.66 atr%=0.77 vol=0.12 DOWN | 1h close=85.98 ema20=86.83 ema50=86.54 rsi=43.2 atr=0.59 atr%=0.69 vol=10.03 DOWN
2026-04-27 13:32:20,954 - INFO - 📊 Balance=5010.56 | daily=0.08%/10% | trades_today=6
2026-04-27 13:32:20,955 - INFO - 🚦 New entries paused: max trades per day reached. Existing positions still managed.
2026-04-27 13:32:20,955 - INFO - 🔎 --- BTCUSDT ---
2026-04-27 13:32:24,263 - INFO - 📈 BTCUSDT | 1m close=77662.00 ema20=77726.75 ema50=77900.94 rsi=49.6 atr=180.15 atr%=0.23 vol=1.01 DOWN | 5m close=77666.80 ema20=78158.15 ema50=78527.49 rsi=35.6 atr=820.06 atr%=1.06 vol=0.78 DOWN | 15m close=77666.80 ema20=78549.22 ema50=78507.57 rsi=23.2 atr=493.08 atr%=0.63 vol=0.97 DOWN | 1h close=77701.80 ema20=78365.92 ema50=78041.67 rsi=45.0 atr=468.71 atr%=0.60 vol=2.46 DOWN
2026-04-27 13:32:26,520 - INFO - 🔎 --- ETHUSDT ---
2026-04-27 13:32:29,739 - INFO - 📈 ETHUSDT | 1m close=2318.43 ema20=2324.13 ema50=2333.07 rsi=45.3 atr=5.26 atr%=0.23 vol=0.47 DOWN | 5m close=2326.43 ema20=2346.49 ema50=2364.76 rsi=43.9 atr=42.48 atr%=1.83 vol=0.02 DOWN | 15m close=2326.43 ema20=2367.24 ema50=2366.41 rsi=20.5 atr=23.96 atr%=1.03 vol=0.61 DOWN | 1h close=2329.00 ema20=2359.38 ema50=2342.91 rsi=43.9 atr=18.52 atr%=0.80 vol=2.27 DOWN
2026-04-27 13:32:32,073 - INFO - 🔎 --- SOLUSDT ---
2026-04-27 13:32:35,247 - INFO - 📈 SOLUSDT | 1m close=85.65 ema20=85.83 ema50=86.03 rsi=41.5 atr=0.16 atr%=0.18 vol=6.54 DOWN | 5m close=85.76 ema20=86.42 ema50=86.91 rsi=36.2 atr=1.09 atr%=1.28 vol=0.06 DOWN | 15m close=85.76 ema20=86.81 ema50=86.87 rsi=15.6 atr=0.66 atr%=0.77 vol=0.12 DOWN | 1h close=85.98 ema20=86.83 ema50=86.54 rsi=43.2 atr=0.59 atr%=0.69 vol=10.03 DOWN
2026-04-27 13:33:08,240 - INFO - 📊 Balance=5010.56 | daily=0.08%/10% | trades_today=6
2026-04-27 13:33:08,241 - INFO - 🚦 New entries paused: max trades per day reached. Existing positions still managed.
2026-04-27 13:33:08,241 - INFO - 🔎 --- BTCUSDT ---
2026-04-27 13:33:11,580 - INFO - 📈 BTCUSDT | 1m close=77662.00 ema20=77726.75 ema50=77900.94 rsi=49.6 atr=180.15 atr%=0.23 vol=1.01 DOWN | 5m close=77666.80 ema20=78158.15 ema50=78527.49 rsi=35.6 atr=820.06 atr%=1.06 vol=0.78 DOWN | 15m close=77666.80 ema20=78549.22 ema50=78507.57 rsi=23.2 atr=493.08 atr%=0.63 vol=0.97 DOWN | 1h close=77701.80 ema20=78365.92 ema50=78041.67 rsi=45.0 atr=468.71 atr%=0.60 vol=2.46 DOWN
2026-04-27 13:33:13,807 - INFO - 🔎 --- ETHUSDT ---
2026-04-27 13:33:17,083 - INFO - 📈 ETHUSDT | 1m close=2318.43 ema20=2323.59 ema50=2332.50 rsi=45.3 atr=5.46 atr%=0.24 vol=3.27 DOWN | 5m close=2326.43 ema20=2346.49 ema50=2364.76 rsi=43.9 atr=42.48 atr%=1.83 vol=0.02 DOWN | 15m close=2326.43 ema20=2367.24 ema50=2366.41 rsi=20.5 atr=23.96 atr%=1.03 vol=0.61 DOWN | 1h close=2329.00 ema20=2359.38 ema50=2342.91 rsi=43.9 atr=18.52 atr%=0.80 vol=2.27 DOWN
2026-04-27 13:33:19,230 - INFO - 🔎 --- SOLUSDT ---
2026-04-27 13:33:22,272 - INFO - 📈 SOLUSDT | 1m close=85.64 ema20=85.81 ema50=86.01 rsi=43.6 atr=0.16 atr%=0.19 vol=4.59 DOWN | 5m close=85.76 ema20=86.42 ema50=86.91 rsi=36.2 atr=1.09 atr%=1.28 vol=0.06 DOWN | 15m close=85.76 ema20=86.81 ema50=86.87 rsi=15.6 atr=0.66 atr%=0.77 vol=0.12 DOWN | 1h close=85.98 ema20=86.83 ema50=86.54 rsi=43.2 atr=0.59 atr%=0.69 vol=10.03 DOWN
2026-04-27 13:33:55,207 - INFO - 📊 Balance=5010.56 | daily=0.08%/10% | trades_today=6
2026-04-27 13:33:55,208 - INFO - 🚦 New entries paused: max trades per day reached. Existing positions still managed.
2026-04-27 13:33:55,208 - INFO - 🔎 --- BTCUSDT ---
2026-04-27 13:33:58,508 - INFO - 📈 BTCUSDT | 1m close=77630.00 ema20=77717.54 ema50=77890.31 rsi=47.4 atr=178.01 atr%=0.23 vol=2.41 DOWN | 5m close=77666.80 ema20=78158.15 ema50=78527.49 rsi=35.6 atr=820.06 atr%=1.06 vol=0.78 DOWN | 15m close=77666.80 ema20=78549.22 ema50=78507.57 rsi=23.2 atr=493.08 atr%=0.63 vol=0.97 DOWN | 1h close=77701.80 ema20=78365.92 ema50=78041.67 rsi=45.0 atr=468.71 atr%=0.60 vol=2.46 DOWN
2026-04-27 13:34:00,640 - INFO - 🔎 --- ETHUSDT ---
2026-04-27 13:34:03,902 - INFO - 📈 ETHUSDT | 1m close=2318.43 ema20=2323.59 ema50=2332.50 rsi=45.3 atr=5.46 atr%=0.24 vol=3.27 DOWN | 5m close=2326.43 ema20=2346.49 ema50=2364.76 rsi=43.9 atr=42.48 atr%=1.83 vol=0.02 DOWN | 15m close=2326.43 ema20=2367.24 ema50=2366.41 rsi=20.5 atr=23.96 atr%=1.03 vol=0.61 DOWN | 1h close=2329.00 ema20=2359.38 ema50=2342.91 rsi=43.9 atr=18.52 atr%=0.80 vol=2.27 DOWN
2026-04-27 13:34:06,098 - INFO - 🔎 --- SOLUSDT ---
2026-04-27 13:34:09,224 - INFO - 📈 SOLUSDT | 1m close=85.51 ema20=85.78 ema50=85.99 rsi=25.0 atr=0.17 atr%=0.19 vol=1.98 DOWN | 5m close=85.76 ema20=86.42 ema50=86.91 rsi=36.2 atr=1.09 atr%=1.28 vol=0.06 DOWN | 15m close=85.76 ema20=86.81 ema50=86.87 rsi=15.6 atr=0.66 atr%=0.77 vol=0.12 DOWN | 1h close=85.98 ema20=86.83 ema50=86.54 rsi=43.2 atr=0.59 atr%=0.69 vol=10.03 DOWN
2026-04-27 13:34:42,152 - INFO - 📊 Balance=5010.56 | daily=0.08%/10% | trades_today=6
2026-04-27 13:34:42,153 - INFO - 🚦 New entries paused: max trades per day reached. Existing positions still managed.
2026-04-27 13:34:42,153 - INFO - 🔎 --- BTCUSDT ---
2026-04-27 13:34:45,607 - INFO - 📈 BTCUSDT | 1m close=77662.00 ema20=77712.25 ema50=77881.36 rsi=50.0 atr=175.66 atr%=0.23 vol=0.02 DOWN | 5m close=77666.80 ema20=78158.15 ema50=78527.49 rsi=35.6 atr=820.06 atr%=1.06 vol=0.78 DOWN | 15m close=77666.80 ema20=78549.22 ema50=78507.57 rsi=23.2 atr=493.08 atr%=0.63 vol=0.97 DOWN | 1h close=77701.80 ema20=78365.92 ema50=78041.67 rsi=45.0 atr=468.71 atr%=0.60 vol=2.46 DOWN
2026-04-27 13:34:47,750 - INFO - 🔎 --- ETHUSDT ---
2026-04-27 13:34:50,972 - INFO - 📈 ETHUSDT | 1m close=2318.41 ema20=2323.10 ema50=2331.94 rsi=45.2 atr=5.59 atr%=0.24 vol=2.52 DOWN | 5m close=2326.43 ema20=2346.49 ema50=2364.76 rsi=43.9 atr=42.48 atr%=1.83 vol=0.02 DOWN | 15m close=2326.43 ema20=2367.24 ema50=2366.41 rsi=20.5 atr=23.96 atr%=1.03 vol=0.61 DOWN | 1h close=2329.00 ema20=2359.38 ema50=2342.91 rsi=43.9 atr=18.52 atr%=0.80 vol=2.27 DOWN
2026-04-27 13:34:53,123 - INFO - 🔎 --- SOLUSDT ---
2026-04-27 13:34:56,073 - INFO - 📈 SOLUSDT | 1m close=85.51 ema20=85.78 ema50=85.99 rsi=25.0 atr=0.17 atr%=0.19 vol=1.98 DOWN | 5m close=85.76 ema20=86.42 ema50=86.91 rsi=36.2 atr=1.09 atr%=1.28 vol=0.06 DOWN | 15m close=85.76 ema20=86.81 ema50=86.87 rsi=15.6 atr=0.66 atr%=0.77 vol=0.12 DOWN | 1h close=85.98 ema20=86.83 ema50=86.54 rsi=43.2 atr=0.59 atr%=0.69 vol=10.03 DOWN
2026-04-27 13:35:29,313 - INFO - 📊 Balance=5010.56 | daily=0.08%/10% | trades_today=6
2026-04-27 13:35:29,314 - INFO - 🚦 New entries paused: max trades per day reached. Existing positions still managed.
2026-04-27 13:35:29,314 - INFO - 🔎 --- BTCUSDT ---
2026-04-27 13:35:34,777 - INFO - 📈 BTCUSDT | 1m close=77654.20 ema20=77706.72 ema50=77872.45 rsi=49.2 atr=173.06 atr%=0.22 vol=0.00 DOWN | 5m close=77654.20 ema20=78110.15 ema50=78493.24 rsi=38.1 atr=762.39 atr%=0.98 vol=0.42 DOWN | 15m close=77666.80 ema20=78549.22 ema50=78507.57 rsi=23.2 atr=493.08 atr%=0.63 vol=0.97 DOWN | 1h close=77701.80 ema20=78365.92 ema50=78041.67 rsi=45.0 atr=468.71 atr%=0.60 vol=2.46 DOWN
2026-04-27 13:35:37,813 - INFO - 🔎 --- ETHUSDT ---
2026-04-27 13:35:41,761 - INFO - 📈 ETHUSDT | 1m close=2318.29 ema20=2322.64 ema50=2331.41 rsi=45.0 atr=5.43 atr%=0.23 vol=0.31 DOWN | 5m close=2318.29 ema20=2343.81 ema50=2362.93 rsi=29.0 atr=39.72 atr%=1.71 vol=0.65 DOWN | 15m close=2326.43 ema20=2367.24 ema50=2366.41 rsi=20.5 atr=23.96 atr%=1.03 vol=0.61 DOWN | 1h close=2329.00 ema20=2359.38 ema50=2342.91 rsi=43.9 atr=18.52 atr%=0.80 vol=2.27 DOWN
2026-04-27 13:35:43,902 - INFO - 🔎 --- SOLUSDT ---
2026-04-27 13:35:47,351 - INFO - 📈 SOLUSDT | 1m close=85.68 ema20=85.77 ema50=85.98 rsi=42.4 atr=0.17 atr%=0.19 vol=1.51 DOWN | 5m close=85.68 ema20=86.35 ema50=86.86 rsi=36.6 atr=1.01 atr%=1.18 vol=0.20 DOWN | 15m close=85.76 ema20=86.81 ema50=86.87 rsi=15.6 atr=0.66 atr%=0.77 vol=0.12 DOWN | 1h close=85.98 ema20=86.83 ema50=86.54 rsi=43.2 atr=0.59 atr%=0.69 vol=10.03 DOWN
2026-04-27 13:36:20,812 - INFO - 📊 Balance=5010.56 | daily=0.08%/10% | trades_today=6
2026-04-27 13:36:20,812 - INFO - 🚦 New entries paused: max trades per day reached. Existing positions still managed.
2026-04-27 13:36:20,812 - INFO - 🔎 --- BTCUSDT ---
2026-04-27 13:36:24,172 - INFO - 📈 BTCUSDT | 1m close=77549.50 ema20=77691.75 ema50=77859.79 rsi=32.8 atr=169.38 atr%=0.22 vol=0.03 DOWN | 5m close=77654.20 ema20=78110.15 ema50=78493.24 rsi=38.1 atr=762.39 atr%=0.98 vol=0.42 DOWN | 15m close=77666.80 ema20=78549.22 ema50=78507.57 rsi=23.2 atr=493.08 atr%=0.63 vol=0.97 DOWN | 1h close=77701.80 ema20=78365.92 ema50=78041.67 rsi=45.0 atr=468.71 atr%=0.60 vol=2.46 DOWN
2026-04-27 13:36:26,399 - INFO - 🔎 --- ETHUSDT ---
2026-04-27 13:36:29,646 - INFO - 📈 ETHUSDT | 1m close=2318.40 ema20=2322.24 ema50=2330.90 rsi=34.4 atr=4.19 atr%=0.18 vol=2.48 DOWN | 5m close=2318.29 ema20=2343.81 ema50=2362.93 rsi=29.0 atr=39.72 atr%=1.71 vol=0.65 DOWN | 15m close=2326.43 ema20=2367.24 ema50=2366.41 rsi=20.5 atr=23.96 atr%=1.03 vol=0.61 DOWN | 1h close=2329.00 ema20=2359.38 ema50=2342.91 rsi=43.9 atr=18.52 atr%=0.80 vol=2.27 DOWN
2026-04-27 13:36:31,905 - INFO - 🔎 --- SOLUSDT ---
2026-04-27 13:36:35,014 - INFO - 📈 SOLUSDT | 1m close=85.56 ema20=85.75 ema50=85.97 rsi=27.4 atr=0.17 atr%=0.20 vol=0.28 DOWN | 5m close=85.68 ema20=86.35 ema50=86.86 rsi=36.6 atr=1.01 atr%=1.18 vol=0.20 DOWN | 15m close=85.76 ema20=86.81 ema50=86.87 rsi=15.6 atr=0.66 atr%=0.77 vol=0.12 DOWN | 1h close=85.98 ema20=86.83 ema50=86.54 rsi=43.2 atr=0.59 atr%=0.69 vol=10.03 DOWN
2026-04-27 13:37:07,885 - INFO - 📊 Balance=5010.56 | daily=0.08%/10% | trades_today=6
2026-04-27 13:37:07,885 - INFO - 🚦 New entries paused: max trades per day reached. Existing positions still managed.
2026-04-27 13:37:07,885 - INFO - 🔎 --- BTCUSDT ---
2026-04-27 13:37:11,604 - INFO - 📈 BTCUSDT | 1m close=77654.20 ema20=77688.17 ema50=77851.72 rsi=48.5 atr=121.56 atr%=0.16 vol=1.81 DOWN | 5m close=77654.20 ema20=78110.15 ema50=78493.24 rsi=38.1 atr=762.39 atr%=0.98 vol=0.42 DOWN | 15m close=77666.80 ema20=78549.22 ema50=78507.57 rsi=23.2 atr=493.08 atr%=0.63 vol=0.97 DOWN | 1h close=77701.80 ema20=78365.92 ema50=78041.67 rsi=45.0 atr=468.71 atr%=0.60 vol=2.46 DOWN
2026-04-27 13:37:13,896 - INFO - 🔎 --- ETHUSDT ---
2026-04-27 13:37:17,065 - INFO - 📈 ETHUSDT | 1m close=2318.43 ema20=2321.87 ema50=2330.41 rsi=50.0 atr=3.78 atr%=0.16 vol=1.77 DOWN | 5m close=2318.29 ema20=2343.81 ema50=2362.93 rsi=29.0 atr=39.72 atr%=1.71 vol=0.65 DOWN | 15m close=2326.43 ema20=2367.24 ema50=2366.41 rsi=20.5 atr=23.96 atr%=1.03 vol=0.61 DOWN | 1h close=2329.00 ema20=2359.38 ema50=2342.91 rsi=43.9 atr=18.52 atr%=0.80 vol=2.27 DOWN
2026-04-27 13:37:19,267 - INFO - 🔎 --- SOLUSDT ---
2026-04-27 13:37:22,514 - INFO - 📈 SOLUSDT | 1m close=85.57 ema20=85.73 ema50=85.95 rsi=26.5 atr=0.18 atr%=0.21 vol=0.15 DOWN | 5m close=85.68 ema20=86.35 ema50=86.86 rsi=36.6 atr=1.01 atr%=1.18 vol=0.20 DOWN | 15m close=85.76 ema20=86.81 ema50=86.87 rsi=15.6 atr=0.66 atr%=0.77 vol=0.12 DOWN | 1h close=85.98 ema20=86.83 ema50=86.54 rsi=43.2 atr=0.59 atr%=0.69 vol=10.03 DOWN
2026-04-27 13:37:57,409 - INFO - 📊 Balance=5010.56 | daily=0.08%/10% | trades_today=6
2026-04-27 13:37:57,409 - INFO - 🚦 New entries paused: max trades per day reached. Existing positions still managed.
2026-04-27 13:37:57,409 - INFO - 🔎 --- BTCUSDT ---
2026-04-27 13:38:00,950 - INFO - 📈 BTCUSDT | 1m close=77654.20 ema20=77688.17 ema50=77851.72 rsi=48.5 atr=121.56 atr%=0.16 vol=1.81 DOWN | 5m close=77654.20 ema20=78110.15 ema50=78493.24 rsi=38.1 atr=762.39 atr%=0.98 vol=0.42 DOWN | 15m close=77666.80 ema20=78549.22 ema50=78507.57 rsi=23.2 atr=493.08 atr%=0.63 vol=0.97 DOWN | 1h close=77701.80 ema20=78365.92 ema50=78041.67 rsi=45.0 atr=468.71 atr%=0.60 vol=2.46 DOWN
2026-04-27 13:38:03,079 - INFO - 🔎 --- ETHUSDT ---
2026-04-27 13:38:06,401 - INFO - 📈 ETHUSDT | 1m close=2318.43 ema20=2321.87 ema50=2330.41 rsi=50.0 atr=3.78 atr%=0.16 vol=1.77 DOWN | 5m close=2318.29 ema20=2343.81 ema50=2362.93 rsi=29.0 atr=39.72 atr%=1.71 vol=0.65 DOWN | 15m close=2326.43 ema20=2367.24 ema50=2366.41 rsi=20.5 atr=23.96 atr%=1.03 vol=0.61 DOWN | 1h close=2329.00 ema20=2359.38 ema50=2342.91 rsi=43.9 atr=18.52 atr%=0.80 vol=2.27 DOWN
2026-04-27 13:38:08,525 - INFO - 🔎 --- SOLUSDT ---
2026-04-27 13:38:11,588 - INFO - 📈 SOLUSDT | 1m close=85.57 ema20=85.73 ema50=85.95 rsi=26.5 atr=0.18 atr%=0.21 vol=0.15 DOWN | 5m close=85.68 ema20=86.35 ema50=86.86 rsi=36.6 atr=1.01 atr%=1.18 vol=0.20 DOWN | 15m close=85.76 ema20=86.81 ema50=86.87 rsi=15.6 atr=0.66 atr%=0.77 vol=0.12 DOWN | 1h close=85.98 ema20=86.83 ema50=86.54 rsi=43.2 atr=0.59 atr%=0.69 vol=10.03 DOWN
2026-04-27 13:38:44,650 - INFO - 📊 Balance=5010.56 | daily=0.08%/10% | trades_today=6
2026-04-27 13:38:44,651 - INFO - 🚦 New entries paused: max trades per day reached. Existing positions still managed.
2026-04-27 13:38:44,651 - INFO - 🔎 --- BTCUSDT ---
2026-04-27 13:38:47,940 - INFO - 📈 BTCUSDT | 1m close=77563.10 ema20=77676.26 ema50=77840.40 rsi=38.0 atr=76.88 atr%=0.10 vol=3.23 DOWN | 5m close=77654.20 ema20=78110.15 ema50=78493.24 rsi=38.1 atr=762.39 atr%=0.98 vol=0.42 DOWN | 15m close=77666.80 ema20=78549.22 ema50=78507.57 rsi=23.2 atr=493.08 atr%=0.63 vol=0.97 DOWN | 1h close=77701.80 ema20=78365.92 ema50=78041.67 rsi=45.0 atr=468.71 atr%=0.60 vol=2.46 DOWN
2026-04-27 13:38:50,080 - INFO - 🔎 --- ETHUSDT ---
2026-04-27 13:38:53,294 - INFO - 📈 ETHUSDT | 1m close=2318.41 ema20=2321.54 ema50=2329.94 rsi=47.7 atr=3.23 atr%=0.14 vol=0.00 DOWN | 5m close=2318.29 ema20=2343.81 ema50=2362.93 rsi=29.0 atr=39.72 atr%=1.71 vol=0.65 DOWN | 15m close=2326.43 ema20=2367.24 ema50=2366.41 rsi=20.5 atr=23.96 atr%=1.03 vol=0.61 DOWN | 1h close=2329.00 ema20=2359.38 ema50=2342.91 rsi=43.9 atr=18.52 atr%=0.80 vol=2.27 DOWN
2026-04-27 13:38:55,540 - INFO - 🔎 --- SOLUSDT ---
2026-04-27 13:38:58,546 - INFO - 📈 SOLUSDT | 1m close=85.55 ema20=85.72 ema50=85.93 rsi=25.0 atr=0.18 atr%=0.21 vol=0.03 DOWN | 5m close=85.68 ema20=86.35 ema50=86.86 rsi=36.6 atr=1.01 atr%=1.18 vol=0.20 DOWN | 15m close=85.76 ema20=86.81 ema50=86.87 rsi=15.6 atr=0.66 atr%=0.77 vol=0.12 DOWN | 1h close=85.98 ema20=86.83 ema50=86.54 rsi=43.2 atr=0.59 atr%=0.69 vol=10.03 DOWN
2026-04-27 13:39:32,036 - INFO - 📊 Balance=5010.56 | daily=0.08%/10% | trades_today=6
2026-04-27 13:39:32,036 - INFO - 🚦 New entries paused: max trades per day reached. Existing positions still managed.
2026-04-27 13:39:32,037 - INFO - 🔎 --- BTCUSDT ---
2026-04-27 13:39:37,142 - INFO - 📈 BTCUSDT | 1m close=77566.00 ema20=77665.76 ema50=77829.64 rsi=33.6 atr=68.33 atr%=0.09 vol=0.01 DOWN | 5m close=77654.20 ema20=78110.15 ema50=78493.24 rsi=38.1 atr=762.39 atr%=0.98 vol=0.42 DOWN | 15m close=77666.80 ema20=78549.22 ema50=78507.57 rsi=23.2 atr=493.08 atr%=0.63 vol=0.97 DOWN | 1h close=77701.80 ema20=78365.92 ema50=78041.67 rsi=45.0 atr=468.71 atr%=0.60 vol=2.46 DOWN
2026-04-27 13:39:39,325 - INFO - 🔎 --- ETHUSDT ---
2026-04-27 13:39:42,708 - INFO - 📈 ETHUSDT | 1m close=2318.16 ema20=2321.22 ema50=2329.48 rsi=22.8 atr=2.82 atr%=0.12 vol=0.45 DOWN | 5m close=2318.29 ema20=2343.81 ema50=2362.93 rsi=29.0 atr=39.72 atr%=1.71 vol=0.65 DOWN | 15m close=2326.43 ema20=2367.24 ema50=2366.41 rsi=20.5 atr=23.96 atr%=1.03 vol=0.61 DOWN | 1h close=2329.00 ema20=2359.38 ema50=2342.91 rsi=43.9 atr=18.52 atr%=0.80 vol=2.27 DOWN
2026-04-27 13:39:44,842 - INFO - 🔎 --- SOLUSDT ---
2026-04-27 13:39:48,469 - INFO - 📈 SOLUSDT | 1m close=85.71 ema20=85.72 ema50=85.93 rsi=37.0 atr=0.18 atr%=0.22 vol=0.14 DOWN | 5m close=85.68 ema20=86.35 ema50=86.86 rsi=36.6 atr=1.01 atr%=1.18 vol=0.20 DOWN | 15m close=85.76 ema20=86.81 ema50=86.87 rsi=15.6 atr=0.66 atr%=0.77 vol=0.12 DOWN | 1h close=85.98 ema20=86.83 ema50=86.54 rsi=43.2 atr=0.59 atr%=0.69 vol=10.03 DOWN
2026-04-27 13:40:21,475 - INFO - 📊 Balance=5010.56 | daily=0.08%/10% | trades_today=6
2026-04-27 13:40:21,475 - INFO - 🚦 New entries paused: max trades per day reached. Existing positions still managed.
2026-04-27 13:40:21,475 - INFO - 🔎 --- BTCUSDT ---
2026-04-27 13:40:24,862 - INFO - 📈 BTCUSDT | 1m close=77563.10 ema20=77655.98 ema50=77819.20 rsi=39.8 atr=59.86 atr%=0.08 vol=0.02 DOWN | 5m close=77563.10 ema20=78058.05 ema50=78456.77 rsi=42.5 atr=708.24 atr%=0.91 vol=0.73 DOWN | 15m close=77666.80 ema20=78549.22 ema50=78507.57 rsi=23.2 atr=493.08 atr%=0.63 vol=0.97 DOWN | 1h close=77701.80 ema20=78365.92 ema50=78041.67 rsi=45.0 atr=468.71 atr%=0.60 vol=2.46 DOWN
2026-04-27 13:40:26,998 - INFO - 🔎 --- ETHUSDT ---
2026-04-27 13:40:30,260 - INFO - 📈 ETHUSDT | 1m close=2318.16 ema20=2320.93 ema50=2329.03 rsi=15.6 atr=2.61 atr%=0.11 vol=0.00 DOWN | 5m close=2318.16 ema20=2341.36 ema50=2361.18 rsi=27.1 atr=36.11 atr%=1.56 vol=0.54 DOWN | 15m close=2326.43 ema20=2367.24 ema50=2366.41 rsi=20.5 atr=23.96 atr%=1.03 vol=0.61 DOWN | 1h close=2329.00 ema20=2359.38 ema50=2342.91 rsi=43.9 atr=18.52 atr%=0.80 vol=2.27 DOWN
2026-04-27 13:40:32,413 - INFO - 🔎 --- SOLUSDT ---
2026-04-27 13:40:35,449 - INFO - 📈 SOLUSDT | 1m close=85.55 ema20=85.70 ema50=85.91 rsi=34.6 atr=0.19 atr%=0.22 vol=0.19 DOWN | 5m close=85.55 ema20=86.27 ema50=86.81 rsi=44.5 atr=0.92 atr%=1.08 vol=0.01 DOWN | 15m close=85.76 ema20=86.81 ema50=86.87 rsi=15.6 atr=0.66 atr%=0.77 vol=0.12 DOWN | 1h close=85.98 ema20=86.83 ema50=86.54 rsi=43.2 atr=0.59 atr%=0.69 vol=10.03 DOWN
2026-04-27 13:41:08,583 - INFO - 📊 Balance=5010.56 | daily=0.08%/10% | trades_today=6
2026-04-27 13:41:08,583 - INFO - 🚦 New entries paused: max trades per day reached. Existing positions still managed.
2026-04-27 13:41:08,583 - INFO - 🔎 --- BTCUSDT ---
2026-04-27 13:41:11,961 - INFO - 📈 BTCUSDT | 1m close=77591.10 ema20=77649.80 ema50=77810.25 rsi=32.7 atr=53.68 atr%=0.07 vol=0.23 DOWN | 5m close=77563.10 ema20=78058.05 ema50=78456.77 rsi=42.5 atr=708.24 atr%=0.91 vol=0.73 DOWN | 15m close=77666.80 ema20=78549.22 ema50=78507.57 rsi=23.2 atr=493.08 atr%=0.63 vol=0.97 DOWN | 1h close=77701.80 ema20=78365.92 ema50=78041.67 rsi=45.0 atr=468.71 atr%=0.60 vol=2.46 DOWN
2026-04-27 13:41:14,091 - INFO - 🔎 --- ETHUSDT ---
2026-04-27 13:41:17,309 - INFO - 📈 ETHUSDT | 1m close=2318.43 ema20=2320.69 ema50=2328.62 rsi=17.9 atr=2.55 atr%=0.11 vol=0.38 DOWN | 5m close=2318.16 ema20=2341.36 ema50=2361.18 rsi=27.1 atr=36.11 atr%=1.56 vol=0.54 DOWN | 15m close=2326.43 ema20=2367.24 ema50=2366.41 rsi=20.5 atr=23.96 atr%=1.03 vol=0.61 DOWN | 1h close=2329.00 ema20=2359.38 ema50=2342.91 rsi=43.9 atr=18.52 atr%=0.80 vol=2.27 DOWN
2026-04-27 13:41:19,387 - INFO - 🔎 --- SOLUSDT ---
2026-04-27 13:41:22,492 - INFO - 📈 SOLUSDT | 1m close=85.60 ema20=85.69 ema50=85.90 rsi=40.8 atr=0.20 atr%=0.23 vol=1.60 DOWN | 5m close=85.55 ema20=86.27 ema50=86.81 rsi=44.5 atr=0.92 atr%=1.08 vol=0.01 DOWN | 15m close=85.76 ema20=86.81 ema50=86.87 rsi=15.6 atr=0.66 atr%=0.77 vol=0.12 DOWN | 1h close=85.98 ema20=86.83 ema50=86.54 rsi=43.2 atr=0.59 atr%=0.69 vol=10.03 DOWN
2026-04-27 13:41:55,790 - INFO - 📊 Balance=5010.56 | daily=0.08%/10% | trades_today=6
2026-04-27 13:41:55,790 - INFO - 🚦 New entries paused: max trades per day reached. Existing positions still managed.
2026-04-27 13:41:55,790 - INFO - 🔎 --- BTCUSDT ---
2026-04-27 13:41:59,608 - INFO - 📈 BTCUSDT | 1m close=77591.10 ema20=77649.80 ema50=77810.25 rsi=32.7 atr=53.68 atr%=0.07 vol=0.23 DOWN | 5m close=77563.10 ema20=78058.05 ema50=78456.77 rsi=42.5 atr=708.24 atr%=0.91 vol=0.73 DOWN | 15m close=77666.80 ema20=78549.22 ema50=78507.57 rsi=23.2 atr=493.08 atr%=0.63 vol=0.97 DOWN | 1h close=77701.80 ema20=78365.92 ema50=78041.67 rsi=45.0 atr=468.71 atr%=0.60 vol=2.46 DOWN
2026-04-27 13:42:02,234 - INFO - 🔎 --- ETHUSDT ---
2026-04-27 13:42:07,496 - INFO - 📈 ETHUSDT | 1m close=2318.43 ema20=2320.69 ema50=2328.62 rsi=17.9 atr=2.55 atr%=0.11 vol=0.38 DOWN | 5m close=2318.16 ema20=2341.36 ema50=2361.18 rsi=27.1 atr=36.11 atr%=1.56 vol=0.54 DOWN | 15m close=2326.43 ema20=2367.24 ema50=2366.41 rsi=20.5 atr=23.96 atr%=1.03 vol=0.61 DOWN | 1h close=2329.00 ema20=2359.38 ema50=2342.91 rsi=43.9 atr=18.52 atr%=0.80 vol=2.27 DOWN
2026-04-27 13:42:11,937 - INFO - 🔎 --- SOLUSDT ---
2026-04-27 13:42:15,410 - INFO - 📈 SOLUSDT | 1m close=85.58 ema20=85.68 ema50=85.89 rsi=41.2 atr=0.20 atr%=0.24 vol=0.11 DOWN | 5m close=85.55 ema20=86.27 ema50=86.81 rsi=44.5 atr=0.92 atr%=1.08 vol=0.01 DOWN | 15m close=85.76 ema20=86.81 ema50=86.87 rsi=15.6 atr=0.66 atr%=0.77 vol=0.12 DOWN | 1h close=85.98 ema20=86.83 ema50=86.54 rsi=43.2 atr=0.59 atr%=0.69 vol=10.03 DOWN
2026-04-27 13:42:49,255 - INFO - 📊 Balance=5010.56 | daily=0.08%/10% | trades_today=6
2026-04-27 13:42:49,255 - INFO - 🚦 New entries paused: max trades per day reached. Existing positions still managed.
2026-04-27 13:42:49,255 - INFO - 🔎 --- BTCUSDT ---
2026-04-27 13:42:52,732 - INFO - 📈 BTCUSDT | 1m close=77590.00 ema20=77644.11 ema50=77801.61 rsi=33.3 atr=48.24 atr%=0.06 vol=0.02 DOWN | 5m close=77563.10 ema20=78058.05 ema50=78456.77 rsi=42.5 atr=708.24 atr%=0.91 vol=0.73 DOWN | 15m close=77666.80 ema20=78549.22 ema50=78507.57 rsi=23.2 atr=493.08 atr%=0.63 vol=0.97 DOWN | 1h close=77701.80 ema20=78365.92 ema50=78041.67 rsi=45.0 atr=468.71 atr%=0.60 vol=2.46 DOWN
2026-04-27 13:42:54,847 - INFO - 🔎 --- ETHUSDT ---
2026-04-27 13:42:58,026 - INFO - 📈 ETHUSDT | 1m close=2318.43 ema20=2320.48 ema50=2328.22 rsi=9.2 atr=2.80 atr%=0.12 vol=0.08 DOWN | 5m close=2318.16 ema20=2341.36 ema50=2361.18 rsi=27.1 atr=36.11 atr%=1.56 vol=0.54 DOWN | 15m close=2326.43 ema20=2367.24 ema50=2366.41 rsi=20.5 atr=23.96 atr%=1.03 vol=0.61 DOWN | 1h close=2329.00 ema20=2359.38 ema50=2342.91 rsi=43.9 atr=18.52 atr%=0.80 vol=2.27 DOWN
2026-04-27 13:43:00,299 - INFO - 🔎 --- SOLUSDT ---
2026-04-27 13:43:03,511 - INFO - 📈 SOLUSDT | 1m close=85.58 ema20=85.68 ema50=85.89 rsi=41.2 atr=0.20 atr%=0.24 vol=0.11 DOWN | 5m close=85.55 ema20=86.27 ema50=86.81 rsi=44.5 atr=0.92 atr%=1.08 vol=0.01 DOWN | 15m close=85.76 ema20=86.81 ema50=86.87 rsi=15.6 atr=0.66 atr%=0.77 vol=0.12 DOWN | 1h close=85.98 ema20=86.83 ema50=86.54 rsi=43.2 atr=0.59 atr%=0.69 vol=10.03 DOWN
2026-04-27 13:43:37,374 - INFO - 📊 Balance=5010.56 | daily=0.08%/10% | trades_today=6
2026-04-27 13:43:37,374 - INFO - 🚦 New entries paused: max trades per day reached. Existing positions still managed.
2026-04-27 13:43:37,375 - INFO - 🔎 --- BTCUSDT ---
2026-04-27 13:43:40,934 - INFO - 📈 BTCUSDT | 1m close=77596.00 ema20=77639.52 ema50=77793.55 rsi=41.9 atr=43.44 atr%=0.06 vol=0.01 DOWN | 5m close=77563.10 ema20=78058.05 ema50=78456.77 rsi=42.5 atr=708.24 atr%=0.91 vol=0.73 DOWN | 15m close=77666.80 ema20=78549.22 ema50=78507.57 rsi=23.2 atr=493.08 atr%=0.63 vol=0.97 DOWN | 1h close=77701.80 ema20=78365.92 ema50=78041.67 rsi=45.0 atr=468.71 atr%=0.60 vol=2.46 DOWN
2026-04-27 13:43:43,111 - INFO - 🔎 --- ETHUSDT ---
2026-04-27 13:43:46,378 - INFO - 📈 ETHUSDT | 1m close=2318.43 ema20=2320.28 ema50=2327.83 rsi=9.2 atr=3.13 atr%=0.14 vol=0.35 DOWN | 5m close=2318.16 ema20=2341.36 ema50=2361.18 rsi=27.1 atr=36.11 atr%=1.56 vol=0.54 DOWN | 15m close=2326.43 ema20=2367.24 ema50=2366.41 rsi=20.5 atr=23.96 atr%=1.03 vol=0.61 DOWN | 1h close=2329.00 ema20=2359.38 ema50=2342.91 rsi=43.9 atr=18.52 atr%=0.80 vol=2.27 DOWN
2026-04-27 13:43:48,638 - INFO - 🔎 --- SOLUSDT ---
2026-04-27 13:43:51,891 - INFO - 📈 SOLUSDT | 1m close=85.71 ema20=85.68 ema50=85.88 rsi=46.4 atr=0.20 atr%=0.24 vol=0.99 UP | 5m close=85.55 ema20=86.27 ema50=86.81 rsi=44.5 atr=0.92 atr%=1.08 vol=0.01 DOWN | 15m close=85.76 ema20=86.81 ema50=86.87 rsi=15.6 atr=0.66 atr%=0.77 vol=0.12 DOWN | 1h close=85.98 ema20=86.83 ema50=86.54 rsi=43.2 atr=0.59 atr%=0.69 vol=10.03 DOWN
2026-04-27 13:44:25,669 - INFO - 📊 Balance=5010.56 | daily=0.08%/10% | trades_today=6
2026-04-27 13:44:25,669 - INFO - 🚦 New entries paused: max trades per day reached. Existing positions still managed.
2026-04-27 13:44:25,670 - INFO - 🔎 --- BTCUSDT ---
2026-04-27 13:44:29,706 - INFO - 📈 BTCUSDT | 1m close=77555.10 ema20=77631.48 ema50=77784.19 rsi=37.8 atr=50.18 atr%=0.06 vol=0.03 DOWN | 5m close=77563.10 ema20=78058.05 ema50=78456.77 rsi=42.5 atr=708.24 atr%=0.91 vol=0.73 DOWN | 15m close=77666.80 ema20=78549.22 ema50=78507.57 rsi=23.2 atr=493.08 atr%=0.63 vol=0.97 DOWN | 1h close=77701.80 ema20=78365.92 ema50=78041.67 rsi=45.0 atr=468.71 atr%=0.60 vol=2.46 DOWN
2026-04-27 13:44:32,663 - INFO - 🔎 --- ETHUSDT ---
2026-04-27 13:44:36,050 - INFO - 📈 ETHUSDT | 1m close=2318.42 ema20=2320.10 ema50=2327.46 rsi=4.6 atr=2.96 atr%=0.13 vol=0.01 DOWN | 5m close=2318.16 ema20=2341.36 ema50=2361.18 rsi=27.1 atr=36.11 atr%=1.56 vol=0.54 DOWN | 15m close=2326.43 ema20=2367.24 ema50=2366.41 rsi=20.5 atr=23.96 atr%=1.03 vol=0.61 DOWN | 1h close=2329.00 ema20=2359.38 ema50=2342.91 rsi=43.9 atr=18.52 atr%=0.80 vol=2.27 DOWN
2026-04-27 13:44:38,307 - INFO - 🔎 --- SOLUSDT ---
2026-04-27 13:44:41,314 - INFO - 📈 SOLUSDT | 1m close=85.51 ema20=85.67 ema50=85.86 rsi=40.3 atr=0.21 atr%=0.24 vol=1.59 DOWN | 5m close=85.55 ema20=86.27 ema50=86.81 rsi=44.5 atr=0.92 atr%=1.08 vol=0.01 DOWN | 15m close=85.76 ema20=86.81 ema50=86.87 rsi=15.6 atr=0.66 atr%=0.77 vol=0.12 DOWN | 1h close=85.98 ema20=86.83 ema50=86.54 rsi=43.2 atr=0.59 atr%=0.69 vol=10.03 DOWN
2026-04-27 13:45:14,338 - INFO - 📊 Balance=5010.56 | daily=0.08%/10% | trades_today=6
2026-04-27 13:45:14,339 - INFO - 🚦 New entries paused: max trades per day reached. Existing positions still managed.
2026-04-27 13:45:14,339 - INFO - 🔎 --- BTCUSDT ---
2026-04-27 13:45:17,725 - INFO - 📈 BTCUSDT | 1m close=77566.70 ema20=77625.31 ema50=77775.67 rsi=39.8 atr=57.47 atr%=0.07 vol=0.27 DOWN | 5m close=77566.70 ema20=78011.26 ema50=78421.86 rsi=31.5 atr=634.53 atr%=0.82 vol=0.06 DOWN | 15m close=77566.70 ema20=78455.64 ema50=78470.68 rsi=21.0 atr=488.54 atr%=0.63 vol=0.58 DOWN | 1h close=77701.80 ema20=78365.92 ema50=78041.67 rsi=45.0 atr=468.71 atr%=0.60 vol=2.46 DOWN
2026-04-27 13:45:20,057 - INFO - 🔎 --- ETHUSDT ---
2026-04-27 13:45:23,947 - INFO - 📈 ETHUSDT | 1m close=2318.43 ema20=2319.94 ema50=2327.11 rsi=13.6 atr=2.55 atr%=0.11 vol=0.01 DOWN | 5m close=2318.43 ema20=2339.18 ema50=2359.50 rsi=35.1 atr=32.39 atr%=1.40 vol=0.09 DOWN | 15m close=2318.43 ema20=2362.60 ema50=2364.53 rsi=15.7 atr=24.38 atr%=1.05 vol=0.63 DOWN | 1h close=2329.00 ema20=2359.38 ema50=2342.91 rsi=43.9 atr=18.52 atr%=0.80 vol=2.27 DOWN
2026-04-27 13:45:26,488 - INFO - 🔎 --- SOLUSDT ---
2026-04-27 13:45:29,683 - INFO - 📈 SOLUSDT | 1m close=85.64 ema20=85.66 ema50=85.86 rsi=46.4 atr=0.22 atr%=0.25 vol=0.07 DOWN | 5m close=85.64 ema20=86.21 ema50=86.76 rsi=34.1 atr=0.83 atr%=0.97 vol=0.08 DOWN | 15m close=85.64 ema20=86.70 ema50=86.83 rsi=11.5 atr=0.67 atr%=0.78 vol=0.25 DOWN | 1h close=85.98 ema20=86.83 ema50=86.54 rsi=43.2 atr=0.59 atr%=0.69 vol=10.03 DOWN
2026-04-27 13:46:06,028 - INFO - 📊 Balance=5010.56 | daily=0.08%/10% | trades_today=6
2026-04-27 13:46:06,029 - INFO - 🚦 New entries paused: max trades per day reached. Existing positions still managed.
2026-04-27 13:46:06,029 - INFO - 🔎 --- BTCUSDT ---
2026-04-27 13:46:37,714 - INFO - 📈 BTCUSDT | 1m close=77575.80 ema20=77620.60 ema50=77767.83 rsi=40.9 atr=58.73 atr%=0.08 vol=0.67 DOWN | 5m close=77566.70 ema20=78011.26 ema50=78421.86 rsi=31.5 atr=634.53 atr%=0.82 vol=0.06 DOWN | 15m close=77566.70 ema20=78455.64 ema50=78470.68 rsi=21.0 atr=488.54 atr%=0.63 vol=0.58 DOWN | 1h close=77701.80 ema20=78365.92 ema50=78041.67 rsi=45.0 atr=468.71 atr%=0.60 vol=2.46 DOWN
2026-04-27 13:46:42,833 - INFO - 🔎 --- ETHUSDT ---
2026-04-27 13:46:46,189 - INFO - 📈 ETHUSDT | 1m close=2318.42 ema20=2319.80 ema50=2326.77 rsi=49.4 atr=1.97 atr%=0.09 vol=0.01 DOWN | 5m close=2318.43 ema20=2339.18 ema50=2359.50 rsi=35.1 atr=32.39 atr%=1.40 vol=0.09 DOWN | 15m close=2318.43 ema20=2362.60 ema50=2364.53 rsi=15.7 atr=24.38 atr%=1.05 vol=0.63 DOWN | 1h close=2329.00 ema20=2359.38 ema50=2342.91 rsi=43.9 atr=18.52 atr%=0.80 vol=2.27 DOWN
2026-04-27 13:46:48,865 - INFO - 🔎 --- SOLUSDT ---
2026-04-27 13:46:52,343 - INFO - 📈 SOLUSDT | 1m close=85.72 ema20=85.67 ema50=85.85 rsi=52.5 atr=0.23 atr%=0.27 vol=2.22 UP | 5m close=85.64 ema20=86.21 ema50=86.76 rsi=34.1 atr=0.83 atr%=0.97 vol=0.08 DOWN | 15m close=85.64 ema20=86.70 ema50=86.83 rsi=11.5 atr=0.67 atr%=0.78 vol=0.25 DOWN | 1h close=85.98 ema20=86.83 ema50=86.54 rsi=43.2 atr=0.59 atr%=0.69 vol=10.03 DOWN
2026-04-27 13:47:25,894 - INFO - 📊 Balance=5010.56 | daily=0.08%/10% | trades_today=6
2026-04-27 13:47:25,895 - INFO - 🚦 New entries paused: max trades per day reached. Existing positions still managed.
2026-04-27 13:47:25,895 - INFO - 🔎 --- BTCUSDT ---
2026-04-27 13:47:29,870 - INFO - 📈 BTCUSDT | 1m close=77662.00 ema20=77624.54 ema50=77763.68 rsi=53.0 atr=62.52 atr%=0.08 vol=1.62 UP | 5m close=77566.70 ema20=78011.26 ema50=78421.86 rsi=31.5 atr=634.53 atr%=0.82 vol=0.06 DOWN | 15m close=77566.70 ema20=78455.64 ema50=78470.68 rsi=21.0 atr=488.54 atr%=0.63 vol=0.58 DOWN | 1h close=77701.80 ema20=78365.92 ema50=78041.67 rsi=45.0 atr=468.71 atr%=0.60 vol=2.46 DOWN
2026-04-27 13:47:32,074 - INFO - 🔎 --- ETHUSDT ---
2026-04-27 13:47:35,297 - INFO - 📈 ETHUSDT | 1m close=2320.54 ema20=2319.87 ema50=2326.52 rsi=85.5 atr=2.00 atr%=0.09 vol=5.23 UP | 5m close=2318.43 ema20=2339.18 ema50=2359.50 rsi=35.1 atr=32.39 atr%=1.40 vol=0.09 DOWN | 15m close=2318.43 ema20=2362.60 ema50=2364.53 rsi=15.7 atr=24.38 atr%=1.05 vol=0.63 DOWN | 1h close=2329.00 ema20=2359.38 ema50=2342.91 rsi=43.9 atr=18.52 atr%=0.80 vol=2.27 DOWN
2026-04-27 13:47:37,393 - INFO - 🔎 --- SOLUSDT ---
2026-04-27 13:47:41,272 - INFO - 📈 SOLUSDT | 1m close=85.69 ema20=85.67 ema50=85.84 rsi=51.8 atr=0.23 atr%=0.26 vol=2.44 UP | 5m close=85.64 ema20=86.21 ema50=86.76 rsi=34.1 atr=0.83 atr%=0.97 vol=0.08 DOWN | 15m close=85.64 ema20=86.70 ema50=86.83 rsi=11.5 atr=0.67 atr%=0.78 vol=0.25 DOWN | 1h close=85.98 ema20=86.83 ema50=86.54 rsi=43.2 atr=0.59 atr%=0.69 vol=10.03 DOWN
2026-04-27 13:48:14,244 - INFO - 📊 Balance=5010.56 | daily=0.08%/10% | trades_today=6
2026-04-27 13:48:14,244 - INFO - 🚦 New entries paused: max trades per day reached. Existing positions still managed.
2026-04-27 13:48:14,244 - INFO - 🔎 --- BTCUSDT ---
2026-04-27 13:48:17,616 - INFO - 📈 BTCUSDT | 1m close=77645.40 ema20=77626.53 ema50=77759.04 rsi=48.4 atr=59.89 atr%=0.08 vol=2.07 UP | 5m close=77566.70 ema20=78011.26 ema50=78421.86 rsi=31.5 atr=634.53 atr%=0.82 vol=0.06 DOWN | 15m close=77566.70 ema20=78455.64 ema50=78470.68 rsi=21.0 atr=488.54 atr%=0.63 vol=0.58 DOWN | 1h close=77701.80 ema20=78365.92 ema50=78041.67 rsi=45.0 atr=468.71 atr%=0.60 vol=2.46 DOWN
2026-04-27 13:48:19,812 - INFO - 🔎 --- ETHUSDT ---
2026-04-27 13:48:23,649 - INFO - 📈 ETHUSDT | 1m close=2318.17 ema20=2319.71 ema50=2326.20 rsi=47.7 atr=1.97 atr%=0.09 vol=3.35 DOWN | 5m close=2318.43 ema20=2339.18 ema50=2359.50 rsi=35.1 atr=32.39 atr%=1.40 vol=0.09 DOWN | 15m close=2318.43 ema20=2362.60 ema50=2364.53 rsi=15.7 atr=24.38 atr%=1.05 vol=0.63 DOWN | 1h close=2329.00 ema20=2359.38 ema50=2342.91 rsi=43.9 atr=18.52 atr%=0.80 vol=2.27 DOWN
2026-04-27 13:48:25,866 - INFO - 🔎 --- SOLUSDT ---
2026-04-27 13:48:28,826 - INFO - 📈 SOLUSDT | 1m close=85.63 ema20=85.67 ema50=85.84 rsi=54.5 atr=0.22 atr%=0.26 vol=2.66 DOWN | 5m close=85.64 ema20=86.21 ema50=86.76 rsi=34.1 atr=0.83 atr%=0.97 vol=0.08 DOWN | 15m close=85.64 ema20=86.70 ema50=86.83 rsi=11.5 atr=0.67 atr%=0.78 vol=0.25 DOWN | 1h close=85.98 ema20=86.83 ema50=86.54 rsi=43.2 atr=0.59 atr%=0.69 vol=10.03 DOWN
2026-04-27 13:49:01,731 - INFO - 📊 Balance=5010.56 | daily=0.08%/10% | trades_today=6
2026-04-27 13:49:01,731 - INFO - 🚦 New entries paused: max trades per day reached. Existing positions still managed.
2026-04-27 13:49:01,732 - INFO - 🔎 --- BTCUSDT ---
2026-04-27 13:49:05,034 - INFO - 📈 BTCUSDT | 1m close=77645.40 ema20=77626.53 ema50=77759.04 rsi=48.4 atr=59.89 atr%=0.08 vol=2.07 UP | 5m close=77566.70 ema20=78011.26 ema50=78421.86 rsi=31.5 atr=634.53 atr%=0.82 vol=0.06 DOWN | 15m close=77566.70 ema20=78455.64 ema50=78470.68 rsi=21.0 atr=488.54 atr%=0.63 vol=0.58 DOWN | 1h close=77701.80 ema20=78365.92 ema50=78041.67 rsi=45.0 atr=468.71 atr%=0.60 vol=2.46 DOWN
2026-04-27 13:49:07,249 - INFO - 🔎 --- ETHUSDT ---
2026-04-27 13:49:10,474 - INFO - 📈 ETHUSDT | 1m close=2318.16 ema20=2319.56 ema50=2325.88 rsi=48.8 atr=1.94 atr%=0.08 vol=0.15 DOWN | 5m close=2318.43 ema20=2339.18 ema50=2359.50 rsi=35.1 atr=32.39 atr%=1.40 vol=0.09 DOWN | 15m close=2318.43 ema20=2362.60 ema50=2364.53 rsi=15.7 atr=24.38 atr%=1.05 vol=0.63 DOWN | 1h close=2329.00 ema20=2359.38 ema50=2342.91 rsi=43.9 atr=18.52 atr%=0.80 vol=2.27 DOWN
2026-04-27 13:49:12,597 - INFO - 🔎 --- SOLUSDT ---
2026-04-27 13:49:15,617 - INFO - 📈 SOLUSDT | 1m close=85.67 ema20=85.67 ema50=85.83 rsi=49.6 atr=0.22 atr%=0.25 vol=0.13 UP | 5m close=85.64 ema20=86.21 ema50=86.76 rsi=34.1 atr=0.83 atr%=0.97 vol=0.08 DOWN | 15m close=85.64 ema20=86.70 ema50=86.83 rsi=11.5 atr=0.67 atr%=0.78 vol=0.25 DOWN | 1h close=85.98 ema20=86.83 ema50=86.54 rsi=43.2 atr=0.59 atr%=0.69 vol=10.03 DOWN
2026-04-27 13:49:48,611 - INFO - 📊 Balance=5010.56 | daily=0.08%/10% | trades_today=6
2026-04-27 13:49:48,612 - INFO - 🚦 New entries paused: max trades per day reached. Existing positions still managed.
2026-04-27 13:49:48,612 - INFO - 🔎 --- BTCUSDT ---
2026-04-27 13:49:52,232 - INFO - 📈 BTCUSDT | 1m close=77660.60 ema20=77629.77 ema50=77755.18 rsi=50.6 atr=63.71 atr%=0.08 vol=3.95 UP | 5m close=77566.70 ema20=78011.26 ema50=78421.86 rsi=31.5 atr=634.53 atr%=0.82 vol=0.06 DOWN | 15m close=77566.70 ema20=78455.64 ema50=78470.68 rsi=21.0 atr=488.54 atr%=0.63 vol=0.58 DOWN | 1h close=77701.80 ema20=78365.92 ema50=78041.67 rsi=45.0 atr=468.71 atr%=0.60 vol=2.46 DOWN
2026-04-27 13:49:55,660 - INFO - 🔎 --- ETHUSDT ---
2026-04-27 13:50:14,945 - WARNING - 💥 Loop error: HTTPSConnectionPool(host='demo-fapi.binance.com', port=443): Read timed out. (read timeout=15)
2026-04-27 13:50:45,698 - INFO - 📊 Balance=5010.56 | daily=0.08%/10% | trades_today=6
2026-04-27 13:50:45,698 - INFO - 🚦 New entries paused: max trades per day reached. Existing positions still managed.
2026-04-27 13:50:45,698 - INFO - 🔎 --- BTCUSDT ---
2026-04-27 13:50:49,980 - INFO - 📈 BTCUSDT | 1m close=77660.60 ema20=77632.71 ema50=77751.47 rsi=63.3 atr=55.84 atr%=0.07 vol=0.01 UP | 5m close=77660.60 ema20=77977.86 ema50=78392.01 rsi=47.7 atr=553.21 atr%=0.71 vol=0.85 DOWN | 15m close=77566.70 ema20=78455.64 ema50=78470.68 rsi=21.0 atr=488.54 atr%=0.63 vol=0.58 DOWN | 1h close=77701.80 ema20=78365.92 ema50=78041.67 rsi=45.0 atr=468.71 atr%=0.60 vol=2.46 DOWN
2026-04-27 13:50:52,145 - INFO - 🔎 --- ETHUSDT ---
2026-04-27 13:50:55,411 - INFO - 📈 ETHUSDT | 1m close=2318.42 ema20=2319.45 ema50=2325.59 rsi=50.2 atr=1.89 atr%=0.08 vol=1.51 DOWN | 5m close=2318.42 ema20=2337.20 ema50=2357.89 rsi=24.2 atr=28.05 atr%=1.21 vol=1.04 DOWN | 15m close=2318.43 ema20=2362.60 ema50=2364.53 rsi=15.7 atr=24.38 atr%=1.05 vol=0.63 DOWN | 1h close=2329.00 ema20=2359.38 ema50=2342.91 rsi=43.9 atr=18.52 atr%=0.80 vol=2.27 DOWN
2026-04-27 13:50:58,764 - INFO - 🔎 --- SOLUSDT ---
2026-04-27 13:51:02,594 - INFO - 📈 SOLUSDT | 1m close=85.56 ema20=85.66 ema50=85.82 rsi=50.0 atr=0.22 atr%=0.25 vol=0.82 DOWN | 5m close=85.56 ema20=86.15 ema50=86.72 rsi=44.0 atr=0.72 atr%=0.84 vol=0.19 DOWN | 15m close=85.64 ema20=86.70 ema50=86.83 rsi=11.5 atr=0.67 atr%=0.78 vol=0.25 DOWN | 1h close=85.98 ema20=86.83 ema50=86.54 rsi=43.2 atr=0.59 atr%=0.69 vol=10.03 DOWN
2026-04-27 13:51:35,452 - INFO - 📊 Balance=5010.56 | daily=0.08%/10% | trades_today=6
2026-04-27 13:51:35,452 - INFO - 🚦 New entries paused: max trades per day reached. Existing positions still managed.
2026-04-27 13:51:35,452 - INFO - 🔎 --- BTCUSDT ---
2026-04-27 13:51:38,731 - INFO - 📈 BTCUSDT | 1m close=77662.00 ema20=77635.50 ema50=77747.96 rsi=51.2 atr=48.36 atr%=0.06 vol=0.03 UP | 5m close=77660.60 ema20=77977.86 ema50=78392.01 rsi=47.7 atr=553.21 atr%=0.71 vol=0.85 DOWN | 15m close=77566.70 ema20=78455.64 ema50=78470.68 rsi=21.0 atr=488.54 atr%=0.63 vol=0.58 DOWN | 1h close=77701.80 ema20=78365.92 ema50=78041.67 rsi=45.0 atr=468.71 atr%=0.60 vol=2.46 DOWN
2026-04-27 13:51:40,938 - INFO - 🔎 --- ETHUSDT ---
2026-04-27 13:51:44,133 - INFO - 📈 ETHUSDT | 1m close=2320.61 ema20=2319.56 ema50=2325.39 rsi=64.5 atr=1.88 atr%=0.08 vol=0.42 UP | 5m close=2318.42 ema20=2337.20 ema50=2357.89 rsi=24.2 atr=28.05 atr%=1.21 vol=1.04 DOWN | 15m close=2318.43 ema20=2362.60 ema50=2364.53 rsi=15.7 atr=24.38 atr%=1.05 vol=0.63 DOWN | 1h close=2329.00 ema20=2359.38 ema50=2342.91 rsi=43.9 atr=18.52 atr%=0.80 vol=2.27 DOWN
2026-04-27 13:51:46,214 - INFO - 🔎 --- SOLUSDT ---
2026-04-27 13:51:49,225 - INFO - 📈 SOLUSDT | 1m close=85.68 ema20=85.66 ema50=85.81 rsi=54.2 atr=0.22 atr%=0.26 vol=0.01 UP | 5m close=85.56 ema20=86.15 ema50=86.72 rsi=44.0 atr=0.72 atr%=0.84 vol=0.19 DOWN | 15m close=85.64 ema20=86.70 ema50=86.83 rsi=11.5 atr=0.67 atr%=0.78 vol=0.25 DOWN | 1h close=85.98 ema20=86.83 ema50=86.54 rsi=43.2 atr=0.59 atr%=0.69 vol=10.03 DOWN
2026-04-27 13:52:22,323 - INFO - 📊 Balance=5010.56 | daily=0.08%/10% | trades_today=6
2026-04-27 13:52:22,324 - INFO - 🚦 New entries paused: max trades per day reached. Existing positions still managed.
2026-04-27 13:52:22,324 - INFO - 🔎 --- BTCUSDT ---
2026-04-27 13:52:25,944 - INFO - 📈 BTCUSDT | 1m close=77660.00 ema20=77637.83 ema50=77744.51 rsi=71.6 atr=40.89 atr%=0.05 vol=0.32 UP | 5m close=77660.60 ema20=77977.86 ema50=78392.01 rsi=47.7 atr=553.21 atr%=0.71 vol=0.85 DOWN | 15m close=77566.70 ema20=78455.64 ema50=78470.68 rsi=21.0 atr=488.54 atr%=0.63 vol=0.58 DOWN | 1h close=77701.80 ema20=78365.92 ema50=78041.67 rsi=45.0 atr=468.71 atr%=0.60 vol=2.46 DOWN
2026-04-27 13:52:28,104 - INFO - 🔎 --- ETHUSDT ---
2026-04-27 13:52:31,302 - INFO - 📈 ETHUSDT | 1m close=2318.37 ema20=2319.45 ema50=2325.12 rsi=49.8 atr=2.04 atr%=0.09 vol=0.00 DOWN | 5m close=2318.42 ema20=2337.20 ema50=2357.89 rsi=24.2 atr=28.05 atr%=1.21 vol=1.04 DOWN | 15m close=2318.43 ema20=2362.60 ema50=2364.53 rsi=15.7 atr=24.38 atr%=1.05 vol=0.63 DOWN | 1h close=2329.00 ema20=2359.38 ema50=2342.91 rsi=43.9 atr=18.52 atr%=0.80 vol=2.27 DOWN
2026-04-27 13:52:33,382 - INFO - 🔎 --- SOLUSDT ---
2026-04-27 13:52:36,450 - INFO - 📈 SOLUSDT | 1m close=85.72 ema20=85.67 ema50=85.81 rsi=56.4 atr=0.22 atr%=0.26 vol=3.23 UP | 5m close=85.56 ema20=86.15 ema50=86.72 rsi=44.0 atr=0.72 atr%=0.84 vol=0.19 DOWN | 15m close=85.64 ema20=86.70 ema50=86.83 rsi=11.5 atr=0.67 atr%=0.78 vol=0.25 DOWN | 1h close=85.98 ema20=86.83 ema50=86.54 rsi=43.2 atr=0.59 atr%=0.69 vol=10.03 DOWN
2026-04-27 13:53:09,562 - INFO - 📊 Balance=5010.56 | daily=0.08%/10% | trades_today=6
2026-04-27 13:53:09,563 - INFO - 🚦 New entries paused: max trades per day reached. Existing positions still managed.
2026-04-27 13:53:09,563 - INFO - 🔎 --- BTCUSDT ---
2026-04-27 13:53:13,293 - INFO - 📈 BTCUSDT | 1m close=77662.00 ema20=77640.13 ema50=77741.27 rsi=71.5 atr=41.29 atr%=0.05 vol=0.65 UP | 5m close=77660.60 ema20=77977.86 ema50=78392.01 rsi=47.7 atr=553.21 atr%=0.71 vol=0.85 DOWN | 15m close=77566.70 ema20=78455.64 ema50=78470.68 rsi=21.0 atr=488.54 atr%=0.63 vol=0.58 DOWN | 1h close=77701.80 ema20=78365.92 ema50=78041.67 rsi=45.0 atr=468.71 atr%=0.60 vol=2.46 DOWN
2026-04-27 13:53:15,469 - INFO - 🔎 --- ETHUSDT ---
2026-04-27 13:53:18,646 - INFO - 📈 ETHUSDT | 1m close=2318.19 ema20=2319.33 ema50=2324.85 rsi=50.2 atr=2.22 atr%=0.10 vol=4.42 DOWN | 5m close=2318.42 ema20=2337.20 ema50=2357.89 rsi=24.2 atr=28.05 atr%=1.21 vol=1.04 DOWN | 15m close=2318.43 ema20=2362.60 ema50=2364.53 rsi=15.7 atr=24.38 atr%=1.05 vol=0.63 DOWN | 1h close=2329.00 ema20=2359.38 ema50=2342.91 rsi=43.9 atr=18.52 atr%=0.80 vol=2.27 DOWN
2026-04-27 13:53:20,793 - INFO - 🔎 --- SOLUSDT ---
2026-04-27 13:53:23,900 - INFO - 📈 SOLUSDT | 1m close=85.68 ema20=85.67 ema50=85.80 rsi=48.8 atr=0.22 atr%=0.26 vol=1.11 UP | 5m close=85.56 ema20=86.15 ema50=86.72 rsi=44.0 atr=0.72 atr%=0.84 vol=0.19 DOWN | 15m close=85.64 ema20=86.70 ema50=86.83 rsi=11.5 atr=0.67 atr%=0.78 vol=0.25 DOWN | 1h close=85.98 ema20=86.83 ema50=86.54 rsi=43.2 atr=0.59 atr%=0.69 vol=10.03 DOWN
2026-04-27 13:53:56,907 - INFO - 📊 Balance=5010.56 | daily=0.08%/10% | trades_today=6
2026-04-27 13:53:56,908 - INFO - 🚦 New entries paused: max trades per day reached. Existing positions still managed.
2026-04-27 13:53:56,908 - INFO - 🔎 --- BTCUSDT ---
2026-04-27 13:54:00,359 - INFO - 📈 BTCUSDT | 1m close=77662.00 ema20=77640.13 ema50=77741.27 rsi=71.5 atr=41.29 atr%=0.05 vol=0.65 UP | 5m close=77660.60 ema20=77977.86 ema50=78392.01 rsi=47.7 atr=553.21 atr%=0.71 vol=0.85 DOWN | 15m close=77566.70 ema20=78455.64 ema50=78470.68 rsi=21.0 atr=488.54 atr%=0.63 vol=0.58 DOWN | 1h close=77701.80 ema20=78365.92 ema50=78041.67 rsi=45.0 atr=468.71 atr%=0.60 vol=2.46 DOWN
2026-04-27 13:54:02,589 - INFO - 🔎 --- ETHUSDT ---
2026-04-27 13:54:05,795 - INFO - 📈 ETHUSDT | 1m close=2318.19 ema20=2319.33 ema50=2324.85 rsi=50.2 atr=2.22 atr%=0.10 vol=4.42 DOWN | 5m close=2318.42 ema20=2337.20 ema50=2357.89 rsi=24.2 atr=28.05 atr%=1.21 vol=1.04 DOWN | 15m close=2318.43 ema20=2362.60 ema50=2364.53 rsi=15.7 atr=24.38 atr%=1.05 vol=0.63 DOWN | 1h close=2329.00 ema20=2359.38 ema50=2342.91 rsi=43.9 atr=18.52 atr%=0.80 vol=2.27 DOWN
2026-04-27 13:54:07,905 - INFO - 🔎 --- SOLUSDT ---
2026-04-27 13:54:10,878 - INFO - 📈 SOLUSDT | 1m close=85.68 ema20=85.67 ema50=85.80 rsi=48.8 atr=0.22 atr%=0.26 vol=1.11 UP | 5m close=85.56 ema20=86.15 ema50=86.72 rsi=44.0 atr=0.72 atr%=0.84 vol=0.19 DOWN | 15m close=85.64 ema20=86.70 ema50=86.83 rsi=11.5 atr=0.67 atr%=0.78 vol=0.25 DOWN | 1h close=85.98 ema20=86.83 ema50=86.54 rsi=43.2 atr=0.59 atr%=0.69 vol=10.03 DOWN
2026-04-27 13:54:43,771 - INFO - 📊 Balance=5010.56 | daily=0.08%/10% | trades_today=6
2026-04-27 13:54:43,772 - INFO - 🚦 New entries paused: max trades per day reached. Existing positions still managed.
2026-04-27 13:54:43,772 - INFO - 🔎 --- BTCUSDT ---
2026-04-27 13:54:47,139 - INFO - 📈 BTCUSDT | 1m close=77654.20 ema20=77641.47 ema50=77737.86 rsi=70.0 atr=41.69 atr%=0.05 vol=0.43 UP | 5m close=77660.60 ema20=77977.86 ema50=78392.01 rsi=47.7 atr=553.21 atr%=0.71 vol=0.85 DOWN | 15m close=77566.70 ema20=78455.64 ema50=78470.68 rsi=21.0 atr=488.54 atr%=0.63 vol=0.58 DOWN | 1h close=77701.80 ema20=78365.92 ema50=78041.67 rsi=45.0 atr=468.71 atr%=0.60 vol=2.46 DOWN
2026-04-27 13:54:49,299 - INFO - 🔎 --- ETHUSDT ---
2026-04-27 13:54:52,458 - INFO - 📈 ETHUSDT | 1m close=2319.00 ema20=2319.30 ema50=2324.62 rsi=54.0 atr=2.33 atr%=0.10 vol=3.54 DOWN | 5m close=2318.42 ema20=2337.20 ema50=2357.89 rsi=24.2 atr=28.05 atr%=1.21 vol=1.04 DOWN | 15m close=2318.43 ema20=2362.60 ema50=2364.53 rsi=15.7 atr=24.38 atr%=1.05 vol=0.63 DOWN | 1h close=2329.00 ema20=2359.38 ema50=2342.91 rsi=43.9 atr=18.52 atr%=0.80 vol=2.27 DOWN
2026-04-27 13:54:54,533 - INFO - 🔎 --- SOLUSDT ---
2026-04-27 13:54:57,544 - INFO - 📈 SOLUSDT | 1m close=85.72 ema20=85.67 ema50=85.80 rsi=57.8 atr=0.22 atr%=0.25 vol=1.86 UP | 5m close=85.56 ema20=86.15 ema50=86.72 rsi=44.0 atr=0.72 atr%=0.84 vol=0.19 DOWN | 15m close=85.64 ema20=86.70 ema50=86.83 rsi=11.5 atr=0.67 atr%=0.78 vol=0.25 DOWN | 1h close=85.98 ema20=86.83 ema50=86.54 rsi=43.2 atr=0.59 atr%=0.69 vol=10.03 DOWN
2026-04-27 13:55:30,736 - INFO - 📊 Balance=5010.56 | daily=0.08%/10% | trades_today=6
2026-04-27 13:55:30,737 - INFO - 🚦 New entries paused: max trades per day reached. Existing positions still managed.
2026-04-27 13:55:30,737 - INFO - 🔎 --- BTCUSDT ---
2026-04-27 13:55:34,045 - INFO - 📈 BTCUSDT | 1m close=77654.20 ema20=77642.69 ema50=77734.58 rsi=65.8 atr=39.91 atr%=0.05 vol=0.11 UP | 5m close=77654.20 ema20=77947.03 ema50=78363.08 rsi=19.0 atr=468.14 atr%=0.60 vol=0.14 DOWN | 15m close=77566.70 ema20=78455.64 ema50=78470.68 rsi=21.0 atr=488.54 atr%=0.63 vol=0.58 DOWN | 1h close=77701.80 ema20=78365.92 ema50=78041.67 rsi=45.0 atr=468.71 atr%=0.60 vol=2.46 DOWN
2026-04-27 13:55:36,988 - INFO - 🔎 --- ETHUSDT ---
2026-04-27 13:55:40,160 - INFO - 📈 ETHUSDT | 1m close=2321.30 ema20=2319.49 ema50=2324.49 rsi=61.5 atr=2.48 atr%=0.11 vol=0.52 UP | 5m close=2321.30 ema20=2335.69 ema50=2356.46 rsi=22.9 atr=24.95 atr%=1.08 vol=1.25 DOWN | 15m close=2318.43 ema20=2362.60 ema50=2364.53 rsi=15.7 atr=24.38 atr%=1.05 vol=0.63 DOWN | 1h close=2329.00 ema20=2359.38 ema50=2342.91 rsi=43.9 atr=18.52 atr%=0.80 vol=2.27 DOWN
2026-04-27 13:55:42,284 - INFO - 🔎 --- SOLUSDT ---
2026-04-27 13:55:45,386 - INFO - 📈 SOLUSDT | 1m close=85.68 ema20=85.67 ema50=85.80 rsi=53.7 atr=0.22 atr%=0.25 vol=2.95 UP | 5m close=85.68 ema20=86.10 ema50=86.67 rsi=45.2 atr=0.65 atr%=0.76 vol=0.22 DOWN | 15m close=85.64 ema20=86.70 ema50=86.83 rsi=11.5 atr=0.67 atr%=0.78 vol=0.25 DOWN | 1h close=85.98 ema20=86.83 ema50=86.54 rsi=43.2 atr=0.59 atr%=0.69 vol=10.03 DOWN
2026-04-27 13:56:18,408 - INFO - 📊 Balance=5010.56 | daily=0.08%/10% | trades_today=6
2026-04-27 13:56:18,408 - INFO - 🚦 New entries paused: max trades per day reached. Existing positions still managed.
2026-04-27 13:56:18,408 - INFO - 🔎 --- BTCUSDT ---
2026-04-27 13:56:21,812 - INFO - 📈 BTCUSDT | 1m close=77662.00 ema20=77644.52 ema50=77731.73 rsi=67.4 atr=38.60 atr%=0.05 vol=0.01 UP | 5m close=77654.20 ema20=77947.03 ema50=78363.08 rsi=19.0 atr=468.14 atr%=0.60 vol=0.14 DOWN | 15m close=77566.70 ema20=78455.64 ema50=78470.68 rsi=21.0 atr=488.54 atr%=0.63 vol=0.58 DOWN | 1h close=77701.80 ema20=78365.92 ema50=78041.67 rsi=45.0 atr=468.71 atr%=0.60 vol=2.46 DOWN
2026-04-27 13:56:23,962 - INFO - 🔎 --- ETHUSDT ---
2026-04-27 13:56:27,116 - INFO - 📈 ETHUSDT | 1m close=2318.18 ema20=2319.36 ema50=2324.24 rsi=49.2 atr=2.39 atr%=0.10 vol=0.20 DOWN | 5m close=2321.30 ema20=2335.69 ema50=2356.46 rsi=22.9 atr=24.95 atr%=1.08 vol=1.25 DOWN | 15m close=2318.43 ema20=2362.60 ema50=2364.53 rsi=15.7 atr=24.38 atr%=1.05 vol=0.63 DOWN | 1h close=2329.00 ema20=2359.38 ema50=2342.91 rsi=43.9 atr=18.52 atr%=0.80 vol=2.27 DOWN
2026-04-27 13:56:29,361 - INFO - 🔎 --- SOLUSDT ---
2026-04-27 13:56:32,428 - INFO - 📈 SOLUSDT | 1m close=85.58 ema20=85.66 ema50=85.79 rsi=50.0 atr=0.22 atr%=0.26 vol=0.86 DOWN | 5m close=85.68 ema20=86.10 ema50=86.67 rsi=45.2 atr=0.65 atr%=0.76 vol=0.22 DOWN | 15m close=85.64 ema20=86.70 ema50=86.83 rsi=11.5 atr=0.67 atr%=0.78 vol=0.25 DOWN | 1h close=85.98 ema20=86.83 ema50=86.54 rsi=43.2 atr=0.59 atr%=0.69 vol=10.03 DOWN
2026-04-27 13:57:05,424 - INFO - 📊 Balance=5010.56 | daily=0.08%/10% | trades_today=6
2026-04-27 13:57:05,424 - INFO - 🚦 New entries paused: max trades per day reached. Existing positions still managed.
2026-04-27 13:57:05,424 - INFO - 🔎 --- BTCUSDT ---
2026-04-27 13:57:08,993 - INFO - 📈 BTCUSDT | 1m close=77654.10 ema20=77645.44 ema50=77728.69 rsi=63.9 atr=36.96 atr%=0.05 vol=0.71 UP | 5m close=77654.20 ema20=77947.03 ema50=78363.08 rsi=19.0 atr=468.14 atr%=0.60 vol=0.14 DOWN | 15m close=77566.70 ema20=78455.64 ema50=78470.68 rsi=21.0 atr=488.54 atr%=0.63 vol=0.58 DOWN | 1h close=77701.80 ema20=78365.92 ema50=78041.67 rsi=45.0 atr=468.71 atr%=0.60 vol=2.46 DOWN
2026-04-27 13:57:11,606 - INFO - 🔎 --- ETHUSDT ---
2026-04-27 13:57:15,373 - INFO - 📈 ETHUSDT | 1m close=2320.77 ema20=2319.50 ema50=2324.10 rsi=56.4 atr=2.17 atr%=0.09 vol=0.02 UP | 5m close=2321.30 ema20=2335.69 ema50=2356.46 rsi=22.9 atr=24.95 atr%=1.08 vol=1.25 DOWN | 15m close=2318.43 ema20=2362.60 ema50=2364.53 rsi=15.7 atr=24.38 atr%=1.05 vol=0.63 DOWN | 1h close=2329.00 ema20=2359.38 ema50=2342.91 rsi=43.9 atr=18.52 atr%=0.80 vol=2.27 DOWN
2026-04-27 13:57:17,476 - INFO - 🔎 --- SOLUSDT ---
2026-04-27 13:57:20,890 - INFO - 📈 SOLUSDT | 1m close=85.72 ema20=85.67 ema50=85.79 rsi=50.4 atr=0.22 atr%=0.26 vol=0.03 UP | 5m close=85.68 ema20=86.10 ema50=86.67 rsi=45.2 atr=0.65 atr%=0.76 vol=0.22 DOWN | 15m close=85.64 ema20=86.70 ema50=86.83 rsi=11.5 atr=0.67 atr%=0.78 vol=0.25 DOWN | 1h close=85.98 ema20=86.83 ema50=86.54 rsi=43.2 atr=0.59 atr%=0.69 vol=10.03 DOWN
2026-04-27 13:57:53,903 - INFO - 📊 Balance=5010.56 | daily=0.08%/10% | trades_today=6
2026-04-27 13:57:53,904 - INFO - 🚦 New entries paused: max trades per day reached. Existing positions still managed.
2026-04-27 13:57:53,904 - INFO - 🔎 --- BTCUSDT ---
2026-04-27 13:57:57,323 - INFO - 📈 BTCUSDT | 1m close=77654.10 ema20=77645.44 ema50=77728.69 rsi=63.9 atr=36.96 atr%=0.05 vol=0.71 UP | 5m close=77654.20 ema20=77947.03 ema50=78363.08 rsi=19.0 atr=468.14 atr%=0.60 vol=0.14 DOWN | 15m close=77566.70 ema20=78455.64 ema50=78470.68 rsi=21.0 atr=488.54 atr%=0.63 vol=0.58 DOWN | 1h close=77701.80 ema20=78365.92 ema50=78041.67 rsi=45.0 atr=468.71 atr%=0.60 vol=2.46 DOWN
2026-04-27 13:57:59,428 - INFO - 🔎 --- ETHUSDT ---
2026-04-27 13:58:02,647 - INFO - 📈 ETHUSDT | 1m close=2320.77 ema20=2319.50 ema50=2324.10 rsi=56.4 atr=2.17 atr%=0.09 vol=0.02 UP | 5m close=2321.30 ema20=2335.69 ema50=2356.46 rsi=22.9 atr=24.95 atr%=1.08 vol=1.25 DOWN | 15m close=2318.43 ema20=2362.60 ema50=2364.53 rsi=15.7 atr=24.38 atr%=1.05 vol=0.63 DOWN | 1h close=2329.00 ema20=2359.38 ema50=2342.91 rsi=43.9 atr=18.52 atr%=0.80 vol=2.27 DOWN
2026-04-27 13:58:04,930 - INFO - 🔎 --- SOLUSDT ---
2026-04-27 13:58:07,961 - INFO - 📈 SOLUSDT | 1m close=85.72 ema20=85.67 ema50=85.79 rsi=50.4 atr=0.22 atr%=0.26 vol=0.03 UP | 5m close=85.68 ema20=86.10 ema50=86.67 rsi=45.2 atr=0.65 atr%=0.76 vol=0.22 DOWN | 15m close=85.64 ema20=86.70 ema50=86.83 rsi=11.5 atr=0.67 atr%=0.78 vol=0.25 DOWN | 1h close=85.98 ema20=86.83 ema50=86.54 rsi=43.2 atr=0.59 atr%=0.69 vol=10.03 DOWN
2026-04-27 13:58:40,949 - INFO - 📊 Balance=5010.56 | daily=0.08%/10% | trades_today=6
2026-04-27 13:58:40,949 - INFO - 🚦 New entries paused: max trades per day reached. Existing positions still managed.
2026-04-27 13:58:40,950 - INFO - 🔎 --- BTCUSDT ---
2026-04-27 13:58:44,268 - INFO - 📈 BTCUSDT | 1m close=77664.80 ema20=77647.28 ema50=77726.18 rsi=80.8 atr=38.54 atr%=0.05 vol=5.34 UP | 5m close=77654.20 ema20=77947.03 ema50=78363.08 rsi=19.0 atr=468.14 atr%=0.60 vol=0.14 DOWN | 15m close=77566.70 ema20=78455.64 ema50=78470.68 rsi=21.0 atr=488.54 atr%=0.63 vol=0.58 DOWN | 1h close=77701.80 ema20=78365.92 ema50=78041.67 rsi=45.0 atr=468.71 atr%=0.60 vol=2.46 DOWN
2026-04-27 13:58:46,674 - INFO - 🔎 --- ETHUSDT ---
2026-04-27 13:58:49,879 - INFO - 📈 ETHUSDT | 1m close=2321.30 ema20=2319.67 ema50=2323.99 rsi=57.7 atr=2.29 atr%=0.10 vol=0.01 UP | 5m close=2321.30 ema20=2335.69 ema50=2356.46 rsi=22.9 atr=24.95 atr%=1.08 vol=1.25 DOWN | 15m close=2318.43 ema20=2362.60 ema50=2364.53 rsi=15.7 atr=24.38 atr%=1.05 vol=0.63 DOWN | 1h close=2329.00 ema20=2359.38 ema50=2342.91 rsi=43.9 atr=18.52 atr%=0.80 vol=2.27 DOWN
2026-04-27 13:58:51,985 - INFO - 🔎 --- SOLUSDT ---
2026-04-27 13:58:55,032 - INFO - 📈 SOLUSDT | 1m close=85.73 ema20=85.67 ema50=85.78 rsi=61.2 atr=0.23 atr%=0.26 vol=0.27 UP | 5m close=85.68 ema20=86.10 ema50=86.67 rsi=45.2 atr=0.65 atr%=0.76 vol=0.22 DOWN | 15m close=85.64 ema20=86.70 ema50=86.83 rsi=11.5 atr=0.67 atr%=0.78 vol=0.25 DOWN | 1h close=85.98 ema20=86.83 ema50=86.54 rsi=43.2 atr=0.59 atr%=0.69 vol=10.03 DOWN
2026-04-27 13:59:28,055 - INFO - 📊 Balance=5010.56 | daily=0.08%/10% | trades_today=6
2026-04-27 13:59:28,055 - INFO - 🚦 New entries paused: max trades per day reached. Existing positions still managed.
2026-04-27 13:59:28,055 - INFO - 🔎 --- BTCUSDT ---
2026-04-27 13:59:31,448 - INFO - 📈 BTCUSDT | 1m close=77555.10 ema20=77638.50 ema50=77719.47 rsi=47.9 atr=39.99 atr%=0.05 vol=5.39 DOWN | 5m close=77654.20 ema20=77947.03 ema50=78363.08 rsi=19.0 atr=468.14 atr%=0.60 vol=0.14 DOWN | 15m close=77566.70 ema20=78455.64 ema50=78470.68 rsi=21.0 atr=488.54 atr%=0.63 vol=0.58 DOWN | 1h close=77701.80 ema20=78365.92 ema50=78041.67 rsi=45.0 atr=468.71 atr%=0.60 vol=2.46 DOWN
2026-04-27 13:59:33,614 - INFO - 🔎 --- ETHUSDT ---
2026-04-27 13:59:36,891 - INFO - 📈 ETHUSDT | 1m close=2319.53 ema20=2319.66 ema50=2323.82 rsi=52.7 atr=2.50 atr%=0.11 vol=0.01 DOWN | 5m close=2321.30 ema20=2335.69 ema50=2356.46 rsi=22.9 atr=24.95 atr%=1.08 vol=1.25 DOWN | 15m close=2318.43 ema20=2362.60 ema50=2364.53 rsi=15.7 atr=24.38 atr%=1.05 vol=0.63 DOWN | 1h close=2329.00 ema20=2359.38 ema50=2342.91 rsi=43.9 atr=18.52 atr%=0.80 vol=2.27 DOWN
2026-04-27 13:59:38,990 - INFO - 🔎 --- SOLUSDT ---
2026-04-27 13:59:42,219 - INFO - 📈 SOLUSDT | 1m close=85.73 ema20=85.68 ema50=85.78 rsi=55.3 atr=0.23 atr%=0.26 vol=2.34 UP | 5m close=85.68 ema20=86.10 ema50=86.67 rsi=45.2 atr=0.65 atr%=0.76 vol=0.22 DOWN | 15m close=85.64 ema20=86.70 ema50=86.83 rsi=11.5 atr=0.67 atr%=0.78 vol=0.25 DOWN | 1h close=85.98 ema20=86.83 ema50=86.54 rsi=43.2 atr=0.59 atr%=0.69 vol=10.03 DOWN
2026-04-27 14:00:15,438 - INFO - 📊 Balance=5010.56 | daily=0.08%/10% | trades_today=6
2026-04-27 14:00:15,438 - INFO - 🚦 New entries paused: max trades per day reached. Existing positions still managed.
2026-04-27 14:00:15,439 - INFO - 🔎 --- BTCUSDT ---
2026-04-27 14:00:18,685 - INFO - 📈 BTCUSDT | 1m close=77555.10 ema20=77630.56 ema50=77713.03 rsi=46.1 atr=46.51 atr%=0.06 vol=0.95 DOWN | 5m close=77555.10 ema20=77909.71 ema50=78331.39 rsi=27.9 atr=407.30 atr%=0.53 vol=1.17 DOWN | 15m close=77555.10 ema20=78369.88 ema50=78434.77 rsi=21.0 atr=482.56 atr%=0.62 vol=0.95 DOWN | 1h close=77555.10 ema20=78288.70 ema50=78022.59 rsi=43.9 atr=541.81 atr%=0.70 vol=1.32 DOWN
2026-04-27 14:00:20,877 - INFO - 🔎 --- ETHUSDT ---
2026-04-27 14:00:24,059 - INFO - 📈 ETHUSDT | 1m close=2321.30 ema20=2319.81 ema50=2323.72 rsi=56.5 atr=2.71 atr%=0.12 vol=0.02 UP | 5m close=2321.30 ema20=2334.32 ema50=2355.08 rsi=38.0 atr=21.72 atr%=0.94 vol=0.04 DOWN | 15m close=2321.30 ema20=2358.66 ema50=2362.83 rsi=16.4 atr=24.30 atr%=1.05 vol=1.07 DOWN | 1h close=2321.30 ema20=2355.76 ema50=2342.07 rsi=42.2 atr=22.33 atr%=0.96 vol=1.32 DOWN
2026-04-27 14:00:26,157 - INFO - 🔎 --- SOLUSDT ---
2026-04-27 14:00:29,092 - INFO - 📈 SOLUSDT | 1m close=85.72 ema20=85.68 ema50=85.78 rsi=50.0 atr=0.22 atr%=0.26 vol=2.48 UP | 5m close=85.72 ema20=86.07 ema50=86.64 rsi=22.3 atr=0.57 atr%=0.66 vol=0.20 DOWN | 15m close=85.72 ema20=86.61 ema50=86.78 rsi=15.4 atr=0.66 atr%=0.77 vol=0.50 DOWN | 1h close=85.72 ema20=86.72 ema50=86.51 rsi=40.9 atr=0.70 atr%=0.81 vol=2.03 DOWN
2026-04-27 14:01:01,879 - INFO - 📊 Balance=5010.56 | daily=0.08%/10% | trades_today=6
2026-04-27 14:01:01,880 - INFO - 🚦 New entries paused: max trades per day reached. Existing positions still managed.
2026-04-27 14:01:01,880 - INFO - 🔎 --- BTCUSDT ---
2026-04-27 14:01:05,174 - INFO - 📈 BTCUSDT | 1m close=77555.10 ema20=77630.56 ema50=77713.03 rsi=46.1 atr=46.51 atr%=0.06 vol=0.95 DOWN | 5m close=77555.10 ema20=77909.71 ema50=78331.39 rsi=27.9 atr=407.30 atr%=0.53 vol=1.17 DOWN | 15m close=77555.10 ema20=78369.88 ema50=78434.77 rsi=21.0 atr=482.56 atr%=0.62 vol=0.95 DOWN | 1h close=77555.10 ema20=78288.70 ema50=78022.59 rsi=43.9 atr=541.81 atr%=0.70 vol=1.32 DOWN
2026-04-27 14:01:07,333 - INFO - 🔎 --- ETHUSDT ---
2026-04-27 14:01:10,475 - INFO - 📈 ETHUSDT | 1m close=2318.56 ema20=2319.69 ema50=2323.52 rsi=45.7 atr=2.68 atr%=0.12 vol=0.00 DOWN | 5m close=2321.30 ema20=2334.32 ema50=2355.08 rsi=38.0 atr=21.72 atr%=0.94 vol=0.04 DOWN | 15m close=2321.30 ema20=2358.66 ema50=2362.83 rsi=16.4 atr=24.30 atr%=1.05 vol=1.07 DOWN | 1h close=2321.30 ema20=2355.76 ema50=2342.07 rsi=42.2 atr=22.33 atr%=0.96 vol=1.32 DOWN
2026-04-27 14:01:12,588 - INFO - 🔎 --- SOLUSDT ---
2026-04-27 14:01:15,573 - INFO - 📈 SOLUSDT | 1m close=85.68 ema20=85.68 ema50=85.77 rsi=49.4 atr=0.23 atr%=0.26 vol=2.23 DOWN | 5m close=85.72 ema20=86.07 ema50=86.64 rsi=22.3 atr=0.57 atr%=0.66 vol=0.20 DOWN | 15m close=85.72 ema20=86.61 ema50=86.78 rsi=15.4 atr=0.66 atr%=0.77 vol=0.50 DOWN | 1h close=85.72 ema20=86.72 ema50=86.51 rsi=40.9 atr=0.70 atr%=0.81 vol=2.03 DOWN
2026-04-27 14:01:48,478 - INFO - 📊 Balance=5010.56 | daily=0.08%/10% | trades_today=6
2026-04-27 14:01:48,478 - INFO - 🚦 New entries paused: max trades per day reached. Existing positions still managed.
2026-04-27 14:01:48,478 - INFO - 🔎 --- BTCUSDT ---
2026-04-27 14:01:51,707 - INFO - 📈 BTCUSDT | 1m close=77654.20 ema20=77632.81 ema50=77710.72 rsi=48.6 atr=47.97 atr%=0.06 vol=0.44 UP | 5m close=77555.10 ema20=77909.71 ema50=78331.39 rsi=27.9 atr=407.30 atr%=0.53 vol=1.17 DOWN | 15m close=77555.10 ema20=78369.88 ema50=78434.77 rsi=21.0 atr=482.56 atr%=0.62 vol=0.95 DOWN | 1h close=77555.10 ema20=78288.70 ema50=78022.59 rsi=43.9 atr=541.81 atr%=0.70 vol=1.32 DOWN
2026-04-27 14:01:53,856 - INFO - 🔎 --- ETHUSDT ---
2026-04-27 14:01:56,980 - INFO - 📈 ETHUSDT | 1m close=2318.56 ema20=2319.69 ema50=2323.52 rsi=45.7 atr=2.68 atr%=0.12 vol=0.00 DOWN | 5m close=2321.30 ema20=2334.32 ema50=2355.08 rsi=38.0 atr=21.72 atr%=0.94 vol=0.04 DOWN | 15m close=2321.30 ema20=2358.66 ema50=2362.83 rsi=16.4 atr=24.30 atr%=1.05 vol=1.07 DOWN | 1h close=2321.30 ema20=2355.76 ema50=2342.07 rsi=42.2 atr=22.33 atr%=0.96 vol=1.32 DOWN
2026-04-27 14:01:59,128 - INFO - 🔎 --- SOLUSDT ---
2026-04-27 14:02:02,067 - INFO - 📈 SOLUSDT | 1m close=85.68 ema20=85.68 ema50=85.77 rsi=49.4 atr=0.23 atr%=0.26 vol=2.23 DOWN | 5m close=85.72 ema20=86.07 ema50=86.64 rsi=22.3 atr=0.57 atr%=0.66 vol=0.20 DOWN | 15m close=85.72 ema20=86.61 ema50=86.78 rsi=15.4 atr=0.66 atr%=0.77 vol=0.50 DOWN | 1h close=85.72 ema20=86.72 ema50=86.51 rsi=40.9 atr=0.70 atr%=0.81 vol=2.03 DOWN
2026-04-27 14:02:35,008 - INFO - 📊 Balance=5010.56 | daily=0.08%/10% | trades_today=6
2026-04-27 14:02:35,009 - INFO - 🚦 New entries paused: max trades per day reached. Existing positions still managed.
2026-04-27 14:02:35,013 - INFO - 🔎 --- BTCUSDT ---
2026-04-27 14:02:38,301 - INFO - 📈 BTCUSDT | 1m close=77555.10 ema20=77625.41 ema50=77704.62 rsi=37.6 atr=54.42 atr%=0.07 vol=0.46 DOWN | 5m close=77555.10 ema20=77909.71 ema50=78331.39 rsi=27.9 atr=407.30 atr%=0.53 vol=1.17 DOWN | 15m close=77555.10 ema20=78369.88 ema50=78434.77 rsi=21.0 atr=482.56 atr%=0.62 vol=0.95 DOWN | 1h close=77555.10 ema20=78288.70 ema50=78022.59 rsi=43.9 atr=541.81 atr%=0.70 vol=1.32 DOWN
2026-04-27 14:02:40,918 - INFO - 🔎 --- ETHUSDT ---
2026-04-27 14:02:44,276 - INFO - 📈 ETHUSDT | 1m close=2321.30 ema20=2319.85 ema50=2323.43 rsi=56.7 atr=2.70 atr%=0.12 vol=0.01 UP | 5m close=2321.30 ema20=2334.32 ema50=2355.08 rsi=38.0 atr=21.72 atr%=0.94 vol=0.04 DOWN | 15m close=2321.30 ema20=2358.66 ema50=2362.83 rsi=16.4 atr=24.30 atr%=1.05 vol=1.07 DOWN | 1h close=2321.30 ema20=2355.76 ema50=2342.07 rsi=42.2 atr=22.33 atr%=0.96 vol=1.32 DOWN
2026-04-27 14:02:46,485 - INFO - 🔎 --- SOLUSDT ---
2026-04-27 14:02:49,483 - INFO - 📈 SOLUSDT | 1m close=85.69 ema20=85.68 ema50=85.77 rsi=54.1 atr=0.23 atr%=0.27 vol=0.70 UP | 5m close=85.72 ema20=86.07 ema50=86.64 rsi=22.3 atr=0.57 atr%=0.66 vol=0.20 DOWN | 15m close=85.72 ema20=86.61 ema50=86.78 rsi=15.4 atr=0.66 atr%=0.77 vol=0.50 DOWN | 1h close=85.72 ema20=86.72 ema50=86.51 rsi=40.9 atr=0.70 atr%=0.81 vol=2.03 DOWN
2026-04-27 14:03:22,929 - INFO - 📊 Balance=5010.56 | daily=0.08%/10% | trades_today=6
2026-04-27 14:03:22,930 - INFO - 🚦 New entries paused: max trades per day reached. Existing positions still managed.
2026-04-27 14:03:22,930 - INFO - 🔎 --- BTCUSDT ---
2026-04-27 14:03:27,359 - INFO - 📈 BTCUSDT | 1m close=77628.80 ema20=77625.73 ema50=77701.65 rsi=46.2 atr=54.43 atr%=0.07 vol=0.44 UP | 5m close=77555.10 ema20=77909.71 ema50=78331.39 rsi=27.9 atr=407.30 atr%=0.53 vol=1.17 DOWN | 15m close=77555.10 ema20=78369.88 ema50=78434.77 rsi=21.0 atr=482.56 atr%=0.62 vol=0.95 DOWN | 1h close=77555.10 ema20=78288.70 ema50=78022.59 rsi=43.9 atr=541.81 atr%=0.70 vol=1.32 DOWN
2026-04-27 14:03:29,506 - INFO - 🔎 --- ETHUSDT ---
2026-04-27 14:03:32,686 - INFO - 📈 ETHUSDT | 1m close=2319.81 ema20=2319.84 ema50=2323.29 rsi=53.3 atr=2.92 atr%=0.13 vol=1.22 DOWN | 5m close=2321.30 ema20=2334.32 ema50=2355.08 rsi=38.0 atr=21.72 atr%=0.94 vol=0.04 DOWN | 15m close=2321.30 ema20=2358.66 ema50=2362.83 rsi=16.4 atr=24.30 atr%=1.05 vol=1.07 DOWN | 1h close=2321.30 ema20=2355.76 ema50=2342.07 rsi=42.2 atr=22.33 atr%=0.96 vol=1.32 DOWN
2026-04-27 14:03:34,842 - INFO - 🔎 --- SOLUSDT ---
2026-04-27 14:03:37,789 - INFO - 📈 SOLUSDT | 1m close=85.70 ema20=85.69 ema50=85.77 rsi=52.1 atr=0.23 atr%=0.27 vol=1.05 UP | 5m close=85.72 ema20=86.07 ema50=86.64 rsi=22.3 atr=0.57 atr%=0.66 vol=0.20 DOWN | 15m close=85.72 ema20=86.61 ema50=86.78 rsi=15.4 atr=0.66 atr%=0.77 vol=0.50 DOWN | 1h close=85.72 ema20=86.72 ema50=86.51 rsi=40.9 atr=0.70 atr%=0.81 vol=2.03 DOWN
2026-04-27 14:04:10,693 - INFO - 📊 Balance=5010.56 | daily=0.08%/10% | trades_today=6
2026-04-27 14:04:10,694 - INFO - 🚦 New entries paused: max trades per day reached. Existing positions still managed.
2026-04-27 14:04:10,694 - INFO - 🔎 --- BTCUSDT ---
2026-04-27 14:04:13,957 - INFO - 📈 BTCUSDT | 1m close=77636.10 ema20=77626.72 ema50=77699.08 rsi=47.1 atr=61.91 atr%=0.08 vol=0.03 UP | 5m close=77555.10 ema20=77909.71 ema50=78331.39 rsi=27.9 atr=407.30 atr%=0.53 vol=1.17 DOWN | 15m close=77555.10 ema20=78369.88 ema50=78434.77 rsi=21.0 atr=482.56 atr%=0.62 vol=0.95 DOWN | 1h close=77555.10 ema20=78288.70 ema50=78022.59 rsi=43.9 atr=541.81 atr%=0.70 vol=1.32 DOWN
2026-04-27 14:04:16,086 - INFO - 🔎 --- ETHUSDT ---
2026-04-27 14:04:19,280 - INFO - 📈 ETHUSDT | 1m close=2319.82 ema20=2319.84 ema50=2323.15 rsi=52.9 atr=2.75 atr%=0.12 vol=0.01 DOWN | 5m close=2321.30 ema20=2334.32 ema50=2355.08 rsi=38.0 atr=21.72 atr%=0.94 vol=0.04 DOWN | 15m close=2321.30 ema20=2358.66 ema50=2362.83 rsi=16.4 atr=24.30 atr%=1.05 vol=1.07 DOWN | 1h close=2321.30 ema20=2355.76 ema50=2342.07 rsi=42.2 atr=22.33 atr%=0.96 vol=1.32 DOWN
2026-04-27 14:04:21,364 - INFO - 🔎 --- SOLUSDT ---
2026-04-27 14:04:24,306 - INFO - 📈 SOLUSDT | 1m close=85.70 ema20=85.69 ema50=85.77 rsi=61.7 atr=0.22 atr%=0.25 vol=0.00 UP | 5m close=85.72 ema20=86.07 ema50=86.64 rsi=22.3 atr=0.57 atr%=0.66 vol=0.20 DOWN | 15m close=85.72 ema20=86.61 ema50=86.78 rsi=15.4 atr=0.66 atr%=0.77 vol=0.50 DOWN | 1h close=85.72 ema20=86.72 ema50=86.51 rsi=40.9 atr=0.70 atr%=0.81 vol=2.03 DOWN
2026-04-27 14:05:02,054 - INFO - 📊 Balance=5010.56 | daily=0.08%/10% | trades_today=6
2026-04-27 14:05:02,054 - INFO - 🚦 New entries paused: max trades per day reached. Existing positions still managed.
2026-04-27 14:05:02,055 - INFO - 🔎 --- BTCUSDT ---
2026-04-27 14:05:25,943 - INFO - 📈 BTCUSDT | 1m close=77636.10 ema20=77626.72 ema50=77699.08 rsi=47.1 atr=61.91 atr%=0.08 vol=0.03 UP | 5m close=77631.70 ema20=77883.23 ema50=78303.96 rsi=40.7 atr=351.22 atr%=0.45 vol=0.17 DOWN | 15m close=77555.10 ema20=78369.88 ema50=78434.77 rsi=21.0 atr=482.56 atr%=0.62 vol=0.95 DOWN | 1h close=77555.10 ema20=78288.70 ema50=78022.59 rsi=43.9 atr=541.81 atr%=0.70 vol=1.32 DOWN
2026-04-27 14:05:28,041 - INFO - 🔎 --- ETHUSDT ---
2026-04-27 14:05:31,265 - INFO - 📈 ETHUSDT | 1m close=2319.82 ema20=2319.84 ema50=2323.02 rsi=48.2 atr=2.59 atr%=0.11 vol=0.00 DOWN | 5m close=2319.82 ema20=2332.94 ema50=2353.69 rsi=25.1 atr=18.06 atr%=0.78 vol=0.17 DOWN | 15m close=2321.30 ema20=2358.66 ema50=2362.83 rsi=16.4 atr=24.30 atr%=1.05 vol=1.07 DOWN | 1h close=2321.30 ema20=2355.76 ema50=2342.07 rsi=42.2 atr=22.33 atr%=0.96 vol=1.32 DOWN
2026-04-27 14:05:33,375 - INFO - 🔎 --- SOLUSDT ---
2026-04-27 14:05:36,376 - INFO - 📈 SOLUSDT | 1m close=85.70 ema20=85.69 ema50=85.76 rsi=52.1 atr=0.20 atr%=0.23 vol=0.00 UP | 5m close=85.70 ema20=86.03 ema50=86.60 rsi=41.9 atr=0.49 atr%=0.57 vol=0.18 DOWN | 15m close=85.72 ema20=86.61 ema50=86.78 rsi=15.4 atr=0.66 atr%=0.77 vol=0.50 DOWN | 1h close=85.72 ema20=86.72 ema50=86.51 rsi=40.9 atr=0.70 atr%=0.81 vol=2.03 DOWN
2026-04-27 14:06:12,424 - INFO - 📊 Balance=5010.56 | daily=0.08%/10% | trades_today=6
2026-04-27 14:06:12,424 - INFO - 🚦 New entries paused: max trades per day reached. Existing positions still managed.
2026-04-27 14:06:12,424 - INFO - 🔎 --- BTCUSDT ---
2026-04-27 14:06:15,669 - INFO - 📈 BTCUSDT | 1m close=77661.00 ema20=77630.41 ema50=77695.05 rsi=50.1 atr=76.08 atr%=0.10 vol=0.01 UP | 5m close=77631.70 ema20=77883.23 ema50=78303.96 rsi=40.7 atr=351.22 atr%=0.45 vol=0.17 DOWN | 15m close=77555.10 ema20=78369.88 ema50=78434.77 rsi=21.0 atr=482.56 atr%=0.62 vol=0.95 DOWN | 1h close=77555.10 ema20=78288.70 ema50=78022.59 rsi=43.9 atr=541.81 atr%=0.70 vol=1.32 DOWN
2026-04-27 14:06:17,789 - INFO - 🔎 --- ETHUSDT ---
2026-04-27 14:06:21,121 - INFO - 📈 ETHUSDT | 1m close=2319.82 ema20=2319.84 ema50=2322.90 rsi=53.6 atr=2.43 atr%=0.10 vol=0.01 DOWN | 5m close=2319.82 ema20=2332.94 ema50=2353.69 rsi=25.1 atr=18.06 atr%=0.78 vol=0.17 DOWN | 15m close=2321.30 ema20=2358.66 ema50=2362.83 rsi=16.4 atr=24.30 atr%=1.05 vol=1.07 DOWN | 1h close=2321.30 ema20=2355.76 ema50=2342.07 rsi=42.2 atr=22.33 atr%=0.96 vol=1.32 DOWN
2026-04-27 14:06:23,409 - INFO - 🔎 --- SOLUSDT ---
2026-04-27 14:06:26,465 - INFO - 📈 SOLUSDT | 1m close=85.71 ema20=85.69 ema50=85.76 rsi=48.9 atr=0.18 atr%=0.22 vol=0.64 UP | 5m close=85.70 ema20=86.03 ema50=86.60 rsi=41.9 atr=0.49 atr%=0.57 vol=0.18 DOWN | 15m close=85.72 ema20=86.61 ema50=86.78 rsi=15.4 atr=0.66 atr%=0.77 vol=0.50 DOWN | 1h close=85.72 ema20=86.72 ema50=86.51 rsi=40.9 atr=0.70 atr%=0.81 vol=2.03 DOWN
2026-04-27 14:06:59,680 - INFO - 📊 Balance=5010.56 | daily=0.08%/10% | trades_today=6
2026-04-27 14:06:59,681 - INFO - 🚦 New entries paused: max trades per day reached. Existing positions still managed.
2026-04-27 14:06:59,681 - INFO - 🔎 --- BTCUSDT ---
2026-04-27 14:07:03,075 - INFO - 📈 BTCUSDT | 1m close=77661.00 ema20=77630.41 ema50=77695.05 rsi=50.1 atr=76.08 atr%=0.10 vol=0.01 UP | 5m close=77631.70 ema20=77883.23 ema50=78303.96 rsi=40.7 atr=351.22 atr%=0.45 vol=0.17 DOWN | 15m close=77555.10 ema20=78369.88 ema50=78434.77 rsi=21.0 atr=482.56 atr%=0.62 vol=0.95 DOWN | 1h close=77555.10 ema20=78288.70 ema50=78022.59 rsi=43.9 atr=541.81 atr%=0.70 vol=1.32 DOWN
2026-04-27 14:07:05,229 - INFO - 🔎 --- ETHUSDT ---
2026-04-27 14:07:08,435 - INFO - 📈 ETHUSDT | 1m close=2319.82 ema20=2319.84 ema50=2322.90 rsi=53.6 atr=2.43 atr%=0.10 vol=0.01 DOWN | 5m close=2319.82 ema20=2332.94 ema50=2353.69 rsi=25.1 atr=18.06 atr%=0.78 vol=0.17 DOWN | 15m close=2321.30 ema20=2358.66 ema50=2362.83 rsi=16.4 atr=24.30 atr%=1.05 vol=1.07 DOWN | 1h close=2321.30 ema20=2355.76 ema50=2342.07 rsi=42.2 atr=22.33 atr%=0.96 vol=1.32 DOWN
2026-04-27 14:07:10,606 - INFO - 🔎 --- SOLUSDT ---
2026-04-27 14:07:15,674 - INFO - 📈 SOLUSDT | 1m close=85.70 ema20=85.69 ema50=85.76 rsi=52.4 atr=0.17 atr%=0.20 vol=0.00 UP | 5m close=85.70 ema20=86.03 ema50=86.60 rsi=41.9 atr=0.49 atr%=0.57 vol=0.18 DOWN | 15m close=85.72 ema20=86.61 ema50=86.78 rsi=15.4 atr=0.66 atr%=0.77 vol=0.50 DOWN | 1h close=85.72 ema20=86.72 ema50=86.51 rsi=40.9 atr=0.70 atr%=0.81 vol=2.03 DOWN
2026-04-27 14:07:50,492 - INFO - 📊 Balance=5010.56 | daily=0.08%/10% | trades_today=6
2026-04-27 14:07:50,493 - INFO - 🚦 New entries paused: max trades per day reached. Existing positions still managed.
2026-04-27 14:07:50,493 - INFO - 🔎 --- BTCUSDT ---
2026-04-27 14:07:57,928 - INFO - 📈 BTCUSDT | 1m close=77664.00 ema20=77633.61 ema50=77693.83 rsi=50.2 atr=83.28 atr%=0.11 vol=1.04 UP | 5m close=77631.70 ema20=77883.23 ema50=78303.96 rsi=40.7 atr=351.22 atr%=0.45 vol=0.17 DOWN | 15m close=77555.10 ema20=78369.88 ema50=78434.77 rsi=21.0 atr=482.56 atr%=0.62 vol=0.95 DOWN | 1h close=77555.10 ema20=78288.70 ema50=78022.59 rsi=43.9 atr=541.81 atr%=0.70 vol=1.32 DOWN
2026-04-27 14:08:14,262 - WARNING - 💥 Loop error: HTTPSConnectionPool(host='demo-fapi.binance.com', port=443): Read timed out. (read timeout=15)
2026-04-27 14:08:45,001 - INFO - 📊 Balance=5010.56 | daily=0.08%/10% | trades_today=6
2026-04-27 14:08:45,001 - INFO - 🚦 New entries paused: max trades per day reached. Existing positions still managed.
2026-04-27 14:08:45,002 - INFO - 🔎 --- BTCUSDT ---
2026-04-27 14:08:48,228 - INFO - 📈 BTCUSDT | 1m close=77664.00 ema20=77636.51 ema50=77692.66 rsi=51.1 atr=82.81 atr%=0.11 vol=0.23 UP | 5m close=77631.70 ema20=77883.23 ema50=78303.96 rsi=40.7 atr=351.22 atr%=0.45 vol=0.17 DOWN | 15m close=77555.10 ema20=78369.88 ema50=78434.77 rsi=21.0 atr=482.56 atr%=0.62 vol=0.95 DOWN | 1h close=77555.10 ema20=78288.70 ema50=78022.59 rsi=43.9 atr=541.81 atr%=0.70 vol=1.32 DOWN
2026-04-27 14:08:50,346 - INFO - 🔎 --- ETHUSDT ---
2026-04-27 14:08:53,457 - INFO - 📈 ETHUSDT | 1m close=2319.82 ema20=2319.83 ema50=2322.66 rsi=52.1 atr=1.92 atr%=0.08 vol=0.03 DOWN | 5m close=2319.82 ema20=2332.94 ema50=2353.69 rsi=25.1 atr=18.06 atr%=0.78 vol=0.17 DOWN | 15m close=2321.30 ema20=2358.66 ema50=2362.83 rsi=16.4 atr=24.30 atr%=1.05 vol=1.07 DOWN | 1h close=2321.30 ema20=2355.76 ema50=2342.07 rsi=42.2 atr=22.33 atr%=0.96 vol=1.32 DOWN
2026-04-27 14:08:55,607 - INFO - 🔎 --- SOLUSDT ---
2026-04-27 14:08:58,563 - INFO - 📈 SOLUSDT | 1m close=85.70 ema20=85.69 ema50=85.76 rsi=47.4 atr=0.16 atr%=0.18 vol=0.04 UP | 5m close=85.70 ema20=86.03 ema50=86.60 rsi=41.9 atr=0.49 atr%=0.57 vol=0.18 DOWN | 15m close=85.72 ema20=86.61 ema50=86.78 rsi=15.4 atr=0.66 atr%=0.77 vol=0.50 DOWN | 1h close=85.72 ema20=86.72 ema50=86.51 rsi=40.9 atr=0.70 atr%=0.81 vol=2.03 DOWN
2026-04-27 14:09:31,501 - INFO - 📊 Balance=5010.56 | daily=0.08%/10% | trades_today=6
2026-04-27 14:09:31,502 - INFO - 🚦 New entries paused: max trades per day reached. Existing positions still managed.
2026-04-27 14:09:31,502 - INFO - 🔎 --- BTCUSDT ---
2026-04-27 14:09:35,801 - INFO - 📈 BTCUSDT | 1m close=77663.90 ema20=77639.12 ema50=77691.53 rsi=51.1 atr=82.05 atr%=0.11 vol=0.01 UP | 5m close=77631.70 ema20=77883.23 ema50=78303.96 rsi=40.7 atr=351.22 atr%=0.45 vol=0.17 DOWN | 15m close=77555.10 ema20=78369.88 ema50=78434.77 rsi=21.0 atr=482.56 atr%=0.62 vol=0.95 DOWN | 1h close=77555.10 ema20=78288.70 ema50=78022.59 rsi=43.9 atr=541.81 atr%=0.70 vol=1.32 DOWN
2026-04-27 14:09:37,944 - INFO - 🔎 --- ETHUSDT ---
2026-04-27 14:09:41,135 - INFO - 📈 ETHUSDT | 1m close=2319.84 ema20=2319.84 ema50=2322.55 rsi=45.7 atr=1.70 atr%=0.07 vol=0.01 UP | 5m close=2319.82 ema20=2332.94 ema50=2353.69 rsi=25.1 atr=18.06 atr%=0.78 vol=0.17 DOWN | 15m close=2321.30 ema20=2358.66 ema50=2362.83 rsi=16.4 atr=24.30 atr%=1.05 vol=1.07 DOWN | 1h close=2321.30 ema20=2355.76 ema50=2342.07 rsi=42.2 atr=22.33 atr%=0.96 vol=1.32 DOWN
2026-04-27 14:09:43,222 - INFO - 🔎 --- SOLUSDT ---
2026-04-27 14:09:46,125 - INFO - 📈 SOLUSDT | 1m close=85.70 ema20=85.69 ema50=85.75 rsi=52.9 atr=0.14 atr%=0.17 vol=0.00 UP | 5m close=85.70 ema20=86.03 ema50=86.60 rsi=41.9 atr=0.49 atr%=0.57 vol=0.18 DOWN | 15m close=85.72 ema20=86.61 ema50=86.78 rsi=15.4 atr=0.66 atr%=0.77 vol=0.50 DOWN | 1h close=85.72 ema20=86.72 ema50=86.51 rsi=40.9 atr=0.70 atr%=0.81 vol=2.03 DOWN
2026-04-27 14:10:18,896 - INFO - 📊 Balance=5010.56 | daily=0.08%/10% | trades_today=6
2026-04-27 14:10:18,896 - INFO - 🚦 New entries paused: max trades per day reached. Existing positions still managed.
2026-04-27 14:10:18,896 - INFO - 🔎 --- BTCUSDT ---
2026-04-27 14:10:22,145 - INFO - 📈 BTCUSDT | 1m close=77663.80 ema20=77641.47 ema50=77690.44 rsi=50.2 atr=80.97 atr%=0.10 vol=0.02 UP | 5m close=77663.80 ema20=77862.33 ema50=78278.85 rsi=47.7 atr=288.25 atr%=0.37 vol=0.16 DOWN | 15m close=77555.10 ema20=78369.88 ema50=78434.77 rsi=21.0 atr=482.56 atr%=0.62 vol=0.95 DOWN | 1h close=77555.10 ema20=78288.70 ema50=78022.59 rsi=43.9 atr=541.81 atr%=0.70 vol=1.32 DOWN
2026-04-27 14:10:24,268 - INFO - 🔎 --- ETHUSDT ---
2026-04-27 14:10:27,431 - INFO - 📈 ETHUSDT | 1m close=2319.88 ema20=2319.84 ema50=2322.45 rsi=56.2 atr=1.40 atr%=0.06 vol=0.00 UP | 5m close=2319.88 ema20=2331.69 ema50=2352.37 rsi=35.9 atr=14.00 atr%=0.60 vol=0.01 DOWN | 15m close=2321.30 ema20=2358.66 ema50=2362.83 rsi=16.4 atr=24.30 atr%=1.05 vol=1.07 DOWN | 1h close=2321.30 ema20=2355.76 ema50=2342.07 rsi=42.2 atr=22.33 atr%=0.96 vol=1.32 DOWN
2026-04-27 14:10:29,589 - INFO - 🔎 --- SOLUSDT ---
2026-04-27 14:10:32,514 - INFO - 📈 SOLUSDT | 1m close=85.70 ema20=85.69 ema50=85.75 rsi=75.0 atr=0.12 atr%=0.15 vol=0.01 UP | 5m close=85.70 ema20=86.00 ema50=86.57 rsi=38.5 atr=0.40 atr%=0.47 vol=0.03 DOWN | 15m close=85.72 ema20=86.61 ema50=86.78 rsi=15.4 atr=0.66 atr%=0.77 vol=0.50 DOWN | 1h close=85.72 ema20=86.72 ema50=86.51 rsi=40.9 atr=0.70 atr%=0.81 vol=2.03 DOWN
2026-04-27 14:11:05,329 - INFO - 📊 Balance=5010.56 | daily=0.08%/10% | trades_today=6
2026-04-27 14:11:05,329 - INFO - 🚦 New entries paused: max trades per day reached. Existing positions still managed.
2026-04-27 14:11:05,329 - INFO - 🔎 --- BTCUSDT ---
2026-04-27 14:11:08,630 - INFO - 📈 BTCUSDT | 1m close=77663.80 ema20=77641.47 ema50=77690.44 rsi=50.2 atr=80.97 atr%=0.10 vol=0.02 UP | 5m close=77663.80 ema20=77862.33 ema50=78278.85 rsi=47.7 atr=288.25 atr%=0.37 vol=0.16 DOWN | 15m close=77555.10 ema20=78369.88 ema50=78434.77 rsi=21.0 atr=482.56 atr%=0.62 vol=0.95 DOWN | 1h close=77555.10 ema20=78288.70 ema50=78022.59 rsi=43.9 atr=541.81 atr%=0.70 vol=1.32 DOWN
2026-04-27 14:11:10,848 - INFO - 🔎 --- ETHUSDT ---
2026-04-27 14:11:14,030 - INFO - 📈 ETHUSDT | 1m close=2319.82 ema20=2319.84 ema50=2322.34 rsi=45.8 atr=1.18 atr%=0.05 vol=0.01 DOWN | 5m close=2319.88 ema20=2331.69 ema50=2352.37 rsi=35.9 atr=14.00 atr%=0.60 vol=0.01 DOWN | 15m close=2321.30 ema20=2358.66 ema50=2362.83 rsi=16.4 atr=24.30 atr%=1.05 vol=1.07 DOWN | 1h close=2321.30 ema20=2355.76 ema50=2342.07 rsi=42.2 atr=22.33 atr%=0.96 vol=1.32 DOWN
2026-04-27 14:11:16,145 - INFO - 🔎 --- SOLUSDT ---
2026-04-27 14:11:19,056 - INFO - 📈 SOLUSDT | 1m close=85.70 ema20=85.69 ema50=85.75 rsi=40.0 atr=0.11 atr%=0.13 vol=0.00 UP | 5m close=85.70 ema20=86.00 ema50=86.57 rsi=38.5 atr=0.40 atr%=0.47 vol=0.03 DOWN | 15m close=85.72 ema20=86.61 ema50=86.78 rsi=15.4 atr=0.66 atr%=0.77 vol=0.50 DOWN | 1h close=85.72 ema20=86.72 ema50=86.51 rsi=40.9 atr=0.70 atr%=0.81 vol=2.03 DOWN
2026-04-27 14:11:51,919 - INFO - 📊 Balance=5010.56 | daily=0.08%/10% | trades_today=6
2026-04-27 14:11:51,919 - INFO - 🚦 New entries paused: max trades per day reached. Existing positions still managed.
2026-04-27 14:11:51,920 - INFO - 🔎 --- BTCUSDT ---
2026-04-27 14:11:55,176 - INFO - 📈 BTCUSDT | 1m close=77663.90 ema20=77643.60 ema50=77689.40 rsi=51.1 atr=79.70 atr%=0.10 vol=0.03 UP | 5m close=77663.80 ema20=77862.33 ema50=78278.85 rsi=47.7 atr=288.25 atr%=0.37 vol=0.16 DOWN | 15m close=77555.10 ema20=78369.88 ema50=78434.77 rsi=21.0 atr=482.56 atr%=0.62 vol=0.95 DOWN | 1h close=77555.10 ema20=78288.70 ema50=78022.59 rsi=43.9 atr=541.81 atr%=0.70 vol=1.32 DOWN
2026-04-27 14:11:57,327 - INFO - 🔎 --- ETHUSDT ---
2026-04-27 14:12:00,844 - INFO - 📈 ETHUSDT | 1m close=2319.82 ema20=2319.84 ema50=2322.34 rsi=45.8 atr=1.18 atr%=0.05 vol=0.01 DOWN | 5m close=2319.88 ema20=2331.69 ema50=2352.37 rsi=35.9 atr=14.00 atr%=0.60 vol=0.01 DOWN | 15m close=2321.30 ema20=2358.66 ema50=2362.83 rsi=16.4 atr=24.30 atr%=1.05 vol=1.07 DOWN | 1h close=2321.30 ema20=2355.76 ema50=2342.07 rsi=42.2 atr=22.33 atr%=0.96 vol=1.32 DOWN
2026-04-27 14:12:04,133 - INFO - 🔎 --- SOLUSDT ---
2026-04-27 14:12:09,695 - INFO - 📈 SOLUSDT | 1m close=85.70 ema20=85.69 ema50=85.75 rsi=40.0 atr=0.11 atr%=0.13 vol=0.00 UP | 5m close=85.70 ema20=86.00 ema50=86.57 rsi=38.5 atr=0.40 atr%=0.47 vol=0.03 DOWN | 15m close=85.72 ema20=86.61 ema50=86.78 rsi=15.4 atr=0.66 atr%=0.77 vol=0.50 DOWN | 1h close=85.72 ema20=86.72 ema50=86.51 rsi=40.9 atr=0.70 atr%=0.81 vol=2.03 DOWN
2026-04-27 14:12:46,906 - INFO - 📊 Balance=5010.56 | daily=0.08%/10% | trades_today=6
2026-04-27 14:12:46,906 - INFO - 🚦 New entries paused: max trades per day reached. Existing positions still managed.
2026-04-27 14:12:46,906 - INFO - 🔎 --- BTCUSDT ---
2026-04-27 14:12:50,240 - INFO - 📈 BTCUSDT | 1m close=77663.80 ema20=77645.53 ema50=77688.40 rsi=49.9 atr=71.06 atr%=0.09 vol=0.04 UP | 5m close=77663.80 ema20=77862.33 ema50=78278.85 rsi=47.7 atr=288.25 atr%=0.37 vol=0.16 DOWN | 15m close=77555.10 ema20=78369.88 ema50=78434.77 rsi=21.0 atr=482.56 atr%=0.62 vol=0.95 DOWN | 1h close=77555.10 ema20=78288.70 ema50=78022.59 rsi=43.9 atr=541.81 atr%=0.70 vol=1.32 DOWN
2026-04-27 14:12:52,391 - INFO - 🔎 --- ETHUSDT ---
2026-04-27 14:12:55,489 - INFO - 📈 ETHUSDT | 1m close=2319.82 ema20=2319.84 ema50=2322.24 rsi=43.1 atr=1.07 atr%=0.05 vol=0.01 DOWN | 5m close=2319.88 ema20=2331.69 ema50=2352.37 rsi=35.9 atr=14.00 atr%=0.60 vol=0.01 DOWN | 15m close=2321.30 ema20=2358.66 ema50=2362.83 rsi=16.4 atr=24.30 atr%=1.05 vol=1.07 DOWN | 1h close=2321.30 ema20=2355.76 ema50=2342.07 rsi=42.2 atr=22.33 atr%=0.96 vol=1.32 DOWN
2026-04-27 14:12:57,633 - INFO - 🔎 --- SOLUSDT ---
2026-04-27 14:13:24,742 - INFO - 📈 SOLUSDT | 1m close=85.70 ema20=85.69 ema50=85.75 rsi=33.3 atr=0.09 atr%=0.11 vol=0.05 UP | 5m close=85.70 ema20=86.00 ema50=86.57 rsi=38.5 atr=0.40 atr%=0.47 vol=0.03 DOWN | 15m close=85.72 ema20=86.61 ema50=86.78 rsi=15.4 atr=0.66 atr%=0.77 vol=0.50 DOWN | 1h close=85.72 ema20=86.72 ema50=86.51 rsi=40.9 atr=0.70 atr%=0.81 vol=2.03 DOWN
2026-04-27 14:14:04,809 - INFO - 📊 Balance=5010.56 | daily=0.08%/10% | trades_today=6
2026-04-27 14:14:04,809 - INFO - 🚦 New entries paused: max trades per day reached. Existing positions still managed.
2026-04-27 14:14:04,809 - INFO - 🔎 --- BTCUSDT ---
2026-04-27 14:14:09,699 - INFO - 📈 BTCUSDT | 1m close=77663.90 ema20=77647.28 ema50=77687.44 rsi=67.2 atr=62.00 atr%=0.08 vol=0.11 UP | 5m close=77663.80 ema20=77862.33 ema50=78278.85 rsi=47.7 atr=288.25 atr%=0.37 vol=0.16 DOWN | 15m close=77555.10 ema20=78369.88 ema50=78434.77 rsi=21.0 atr=482.56 atr%=0.62 vol=0.95 DOWN | 1h close=77555.10 ema20=78288.70 ema50=78022.59 rsi=43.9 atr=541.81 atr%=0.70 vol=1.32 DOWN
2026-04-27 14:14:11,811 - INFO - 🔎 --- ETHUSDT ---
2026-04-27 14:14:14,977 - INFO - 📈 ETHUSDT | 1m close=2319.82 ema20=2319.83 ema50=2322.06 rsi=39.6 atr=0.67 atr%=0.03 vol=0.04 DOWN | 5m close=2319.88 ema20=2331.69 ema50=2352.37 rsi=35.9 atr=14.00 atr%=0.60 vol=0.01 DOWN | 15m close=2321.30 ema20=2358.66 ema50=2362.83 rsi=16.4 atr=24.30 atr%=1.05 vol=1.07 DOWN | 1h close=2321.30 ema20=2355.76 ema50=2342.07 rsi=42.2 atr=22.33 atr%=0.96 vol=1.32 DOWN
2026-04-27 14:14:17,052 - INFO - 🔎 --- SOLUSDT ---
2026-04-27 14:14:20,026 - INFO - 📈 SOLUSDT | 1m close=85.70 ema20=85.70 ema50=85.74 rsi=37.5 atr=0.06 atr%=0.08 vol=0.05 UP | 5m close=85.70 ema20=86.00 ema50=86.57 rsi=38.5 atr=0.40 atr%=0.47 vol=0.03 DOWN | 15m close=85.72 ema20=86.61 ema50=86.78 rsi=15.4 atr=0.66 atr%=0.77 vol=0.50 DOWN | 1h close=85.72 ema20=86.72 ema50=86.51 rsi=40.9 atr=0.70 atr%=0.81 vol=2.03 DOWN
2026-04-27 14:14:52,978 - INFO - 📊 Balance=5010.56 | daily=0.08%/10% | trades_today=6
2026-04-27 14:14:52,979 - INFO - 🚦 New entries paused: max trades per day reached. Existing positions still managed.
2026-04-27 14:14:52,979 - INFO - 🔎 --- BTCUSDT ---
2026-04-27 14:14:56,386 - INFO - 📈 BTCUSDT | 1m close=77663.60 ema20=77648.83 ema50=77686.50 rsi=67.1 atr=54.19 atr%=0.07 vol=0.19 UP | 5m close=77663.80 ema20=77862.33 ema50=78278.85 rsi=47.7 atr=288.25 atr%=0.37 vol=0.16 DOWN | 15m close=77555.10 ema20=78369.88 ema50=78434.77 rsi=21.0 atr=482.56 atr%=0.62 vol=0.95 DOWN | 1h close=77555.10 ema20=78288.70 ema50=78022.59 rsi=43.9 atr=541.81 atr%=0.70 vol=1.32 DOWN
2026-04-27 14:14:58,596 - INFO - 🔎 --- ETHUSDT ---
2026-04-27 14:15:02,570 - INFO - 📈 ETHUSDT | 1m close=2319.82 ema20=2319.83 ema50=2322.06 rsi=39.6 atr=0.67 atr%=0.03 vol=0.04 DOWN | 5m close=2319.88 ema20=2331.69 ema50=2352.37 rsi=35.9 atr=14.00 atr%=0.60 vol=0.01 DOWN | 15m close=2321.30 ema20=2358.66 ema50=2362.83 rsi=16.4 atr=24.30 atr%=1.05 vol=1.07 DOWN | 1h close=2321.30 ema20=2355.76 ema50=2342.07 rsi=42.2 atr=22.33 atr%=0.96 vol=1.32 DOWN
2026-04-27 14:15:04,694 - INFO - 🔎 --- SOLUSDT ---
2026-04-27 14:15:07,722 - INFO - 📈 SOLUSDT | 1m close=85.70 ema20=85.70 ema50=85.74 rsi=37.5 atr=0.06 atr%=0.08 vol=0.05 UP | 5m close=85.70 ema20=86.00 ema50=86.57 rsi=38.5 atr=0.40 atr%=0.47 vol=0.03 DOWN | 15m close=85.72 ema20=86.61 ema50=86.78 rsi=15.4 atr=0.66 atr%=0.77 vol=0.50 DOWN | 1h close=85.72 ema20=86.72 ema50=86.51 rsi=40.9 atr=0.70 atr%=0.81 vol=2.03 DOWN
2026-04-27 14:15:40,622 - INFO - 📊 Balance=5010.56 | daily=0.08%/10% | trades_today=6
2026-04-27 14:15:40,622 - INFO - 🚦 New entries paused: max trades per day reached. Existing positions still managed.
2026-04-27 14:15:40,623 - INFO - 🔎 --- BTCUSDT ---
2026-04-27 14:15:43,842 - INFO - 📈 BTCUSDT | 1m close=77663.90 ema20=77650.27 ema50=77685.61 rsi=52.2 atr=46.39 atr%=0.06 vol=0.47 UP | 5m close=77663.90 ema20=77843.43 ema50=78254.73 rsi=48.9 atr=216.47 atr%=0.28 vol=0.08 DOWN | 15m close=77663.90 ema20=78302.64 ema50=78404.53 rsi=23.2 atr=469.86 atr%=0.60 vol=0.16 DOWN | 1h close=77555.10 ema20=78288.70 ema50=78022.59 rsi=43.9 atr=541.81 atr%=0.70 vol=1.32 DOWN
2026-04-27 14:15:46,049 - INFO - 🔎 --- ETHUSDT ---
2026-04-27 14:15:49,157 - INFO - 📈 ETHUSDT | 1m close=2319.82 ema20=2319.83 ema50=2321.97 rsi=64.3 atr=0.47 atr%=0.02 vol=0.09 DOWN | 5m close=2319.82 ema20=2330.56 ema50=2351.09 rsi=48.4 atr=10.25 atr%=0.44 vol=0.01 DOWN | 15m close=2319.82 ema20=2354.96 ema50=2361.14 rsi=15.6 atr=23.97 atr%=1.03 vol=0.08 DOWN | 1h close=2321.30 ema20=2355.76 ema50=2342.07 rsi=42.2 atr=22.33 atr%=0.96 vol=1.32 DOWN
2026-04-27 14:15:51,279 - INFO - 🔎 --- SOLUSDT ---
2026-04-27 14:15:54,260 - INFO - 📈 SOLUSDT | 1m close=85.70 ema20=85.70 ema50=85.74 rsi=75.0 atr=0.05 atr%=0.06 vol=0.09 UP | 5m close=85.70 ema20=85.97 ema50=86.53 rsi=40.9 atr=0.31 atr%=0.36 vol=0.01 DOWN | 15m close=85.70 ema20=86.52 ema50=86.74 rsi=4.5 atr=0.65 atr%=0.76 vol=0.15 DOWN | 1h close=85.72 ema20=86.72 ema50=86.51 rsi=40.9 atr=0.70 atr%=0.81 vol=2.03 DOWN
2026-04-27 14:16:27,158 - INFO - 📊 Balance=5010.56 | daily=0.08%/10% | trades_today=6
2026-04-27 14:16:27,159 - INFO - 🚦 New entries paused: max trades per day reached. Existing positions still managed.
2026-04-27 14:16:27,159 - INFO - 🔎 --- BTCUSDT ---
2026-04-27 14:16:30,298 - INFO - 📈 BTCUSDT | 1m close=77663.90 ema20=77651.56 ema50=77684.76 rsi=95.8 atr=38.76 atr%=0.05 vol=0.02 UP | 5m close=77663.90 ema20=77843.43 ema50=78254.73 rsi=48.9 atr=216.47 atr%=0.28 vol=0.08 DOWN | 15m close=77663.90 ema20=78302.64 ema50=78404.53 rsi=23.2 atr=469.86 atr%=0.60 vol=0.16 DOWN | 1h close=77555.10 ema20=78288.70 ema50=78022.59 rsi=43.9 atr=541.81 atr%=0.70 vol=1.32 DOWN
2026-04-27 14:16:32,408 - INFO - 🔎 --- ETHUSDT ---
2026-04-27 14:16:35,808 - INFO - 📈 ETHUSDT | 1m close=2319.82 ema20=2319.83 ema50=2321.89 rsi=5.4 atr=0.27 atr%=0.01 vol=0.09 DOWN | 5m close=2319.82 ema20=2330.56 ema50=2351.09 rsi=48.4 atr=10.25 atr%=0.44 vol=0.01 DOWN | 15m close=2319.82 ema20=2354.96 ema50=2361.14 rsi=15.6 atr=23.97 atr%=1.03 vol=0.08 DOWN | 1h close=2321.30 ema20=2355.76 ema50=2342.07 rsi=42.2 atr=22.33 atr%=0.96 vol=1.32 DOWN
2026-04-27 14:16:38,127 - INFO - 🔎 --- SOLUSDT ---
2026-04-27 14:16:41,065 - INFO - 📈 SOLUSDT | 1m close=85.70 ema20=85.70 ema50=85.74 rsi=66.7 atr=0.03 atr%=0.04 vol=0.08 UP | 5m close=85.70 ema20=85.97 ema50=86.53 rsi=40.9 atr=0.31 atr%=0.36 vol=0.01 DOWN | 15m close=85.70 ema20=86.52 ema50=86.74 rsi=4.5 atr=0.65 atr%=0.76 vol=0.15 DOWN | 1h close=85.72 ema20=86.72 ema50=86.51 rsi=40.9 atr=0.70 atr%=0.81 vol=2.03 DOWN
2026-04-27 14:17:13,924 - INFO - 📊 Balance=5010.56 | daily=0.08%/10% | trades_today=6
2026-04-27 14:17:13,924 - INFO - 🚦 New entries paused: max trades per day reached. Existing positions still managed.
2026-04-27 14:17:13,924 - INFO - 🔎 --- BTCUSDT ---
2026-04-27 14:17:17,044 - INFO - 📈 BTCUSDT | 1m close=77663.90 ema20=77652.74 ema50=77683.94 rsi=88.9 atr=31.14 atr%=0.04 vol=0.05 UP | 5m close=77663.90 ema20=77843.43 ema50=78254.73 rsi=48.9 atr=216.47 atr%=0.28 vol=0.08 DOWN | 15m close=77663.90 ema20=78302.64 ema50=78404.53 rsi=23.2 atr=469.86 atr%=0.60 vol=0.16 DOWN | 1h close=77555.10 ema20=78288.70 ema50=78022.59 rsi=43.9 atr=541.81 atr%=0.70 vol=1.32 DOWN
2026-04-27 14:17:19,084 - INFO - 🔎 --- ETHUSDT ---
2026-04-27 14:17:22,169 - INFO - 📈 ETHUSDT | 1m close=2319.82 ema20=2319.83 ema50=2321.80 rsi=52.9 atr=0.05 atr%=0.00 vol=0.63 DOWN | 5m close=2319.82 ema20=2330.56 ema50=2351.09 rsi=48.4 atr=10.25 atr%=0.44 vol=0.01 DOWN | 15m close=2319.82 ema20=2354.96 ema50=2361.14 rsi=15.6 atr=23.97 atr%=1.03 vol=0.08 DOWN | 1h close=2321.30 ema20=2355.76 ema50=2342.07 rsi=42.2 atr=22.33 atr%=0.96 vol=1.32 DOWN
2026-04-27 14:17:24,262 - INFO - 🔎 --- SOLUSDT ---
2026-04-27 14:17:27,242 - INFO - 📈 SOLUSDT | 1m close=85.70 ema20=85.70 ema50=85.74 rsi=50.0 atr=0.02 atr%=0.02 vol=0.02 UP | 5m close=85.70 ema20=85.97 ema50=86.53 rsi=40.9 atr=0.31 atr%=0.36 vol=0.01 DOWN | 15m close=85.70 ema20=86.52 ema50=86.74 rsi=4.5 atr=0.65 atr%=0.76 vol=0.15 DOWN | 1h close=85.72 ema20=86.72 ema50=86.51 rsi=40.9 atr=0.70 atr%=0.81 vol=2.03 DOWN
2026-04-27 14:18:00,231 - INFO - 📊 Balance=5010.56 | daily=0.08%/10% | trades_today=6
2026-04-27 14:18:00,231 - INFO - 🚦 New entries paused: max trades per day reached. Existing positions still managed.
2026-04-27 14:18:00,231 - INFO - 🔎 --- BTCUSDT ---
2026-04-27 14:18:03,501 - INFO - 📈 BTCUSDT | 1m close=77663.90 ema20=77652.74 ema50=77683.94 rsi=88.9 atr=31.14 atr%=0.04 vol=0.05 UP | 5m close=77663.90 ema20=77843.43 ema50=78254.73 rsi=48.9 atr=216.47 atr%=0.28 vol=0.08 DOWN | 15m close=77663.90 ema20=78302.64 ema50=78404.53 rsi=23.2 atr=469.86 atr%=0.60 vol=0.16 DOWN | 1h close=77555.10 ema20=78288.70 ema50=78022.59 rsi=43.9 atr=541.81 atr%=0.70 vol=1.32 DOWN
2026-04-27 14:18:05,729 - INFO - 🔎 --- ETHUSDT ---
2026-04-27 14:18:08,765 - INFO - 📈 ETHUSDT | 1m close=2319.82 ema20=2319.83 ema50=2321.80 rsi=52.9 atr=0.05 atr%=0.00 vol=0.63 DOWN | 5m close=2319.82 ema20=2330.56 ema50=2351.09 rsi=48.4 atr=10.25 atr%=0.44 vol=0.01 DOWN | 15m close=2319.82 ema20=2354.96 ema50=2361.14 rsi=15.6 atr=23.97 atr%=1.03 vol=0.08 DOWN | 1h close=2321.30 ema20=2355.76 ema50=2342.07 rsi=42.2 atr=22.33 atr%=0.96 vol=1.32 DOWN
2026-04-27 14:18:10,894 - INFO - 🔎 --- SOLUSDT ---
2026-04-27 14:18:13,841 - INFO - 📈 SOLUSDT | 1m close=85.70 ema20=85.70 ema50=85.74 rsi=50.0 atr=0.02 atr%=0.02 vol=0.01 UP | 5m close=85.70 ema20=85.97 ema50=86.53 rsi=40.9 atr=0.31 atr%=0.36 vol=0.01 DOWN | 15m close=85.70 ema20=86.52 ema50=86.74 rsi=4.5 atr=0.65 atr%=0.76 vol=0.15 DOWN | 1h close=85.72 ema20=86.72 ema50=86.51 rsi=40.9 atr=0.70 atr%=0.81 vol=2.03 DOWN
2026-04-27 14:18:46,764 - INFO - 📊 Balance=5010.56 | daily=0.08%/10% | trades_today=6
2026-04-27 14:18:46,764 - INFO - 🚦 New entries paused: max trades per day reached. Existing positions still managed.
2026-04-27 14:18:46,765 - INFO - 🔎 --- BTCUSDT ---
2026-04-27 14:18:49,939 - INFO - 📈 BTCUSDT | 1m close=77664.00 ema20=77653.81 ema50=77683.16 rsi=86.8 atr=23.50 atr%=0.03 vol=0.12 UP | 5m close=77663.90 ema20=77843.43 ema50=78254.73 rsi=48.9 atr=216.47 atr%=0.28 vol=0.08 DOWN | 15m close=77663.90 ema20=78302.64 ema50=78404.53 rsi=23.2 atr=469.86 atr%=0.60 vol=0.16 DOWN | 1h close=77555.10 ema20=78288.70 ema50=78022.59 rsi=43.9 atr=541.81 atr%=0.70 vol=1.32 DOWN
2026-04-27 14:18:52,109 - INFO - 🔎 --- ETHUSDT ---
2026-04-27 14:18:55,315 - INFO - 📈 ETHUSDT | 1m close=2319.82 ema20=2319.83 ema50=2321.73 rsi=50.0 atr=0.05 atr%=0.00 vol=0.12 DOWN | 5m close=2319.82 ema20=2330.56 ema50=2351.09 rsi=48.4 atr=10.25 atr%=0.44 vol=0.01 DOWN | 15m close=2319.82 ema20=2354.96 ema50=2361.14 rsi=15.6 atr=23.97 atr%=1.03 vol=0.08 DOWN | 1h close=2321.30 ema20=2355.76 ema50=2342.07 rsi=42.2 atr=22.33 atr%=0.96 vol=1.32 DOWN
2026-04-27 14:18:57,517 - INFO - 🔎 --- SOLUSDT ---
2026-04-27 14:19:00,626 - INFO - 📈 SOLUSDT | 1m close=85.70 ema20=85.70 ema50=85.74 rsi=50.0 atr=0.02 atr%=0.02 vol=0.01 UP | 5m close=85.70 ema20=85.97 ema50=86.53 rsi=40.9 atr=0.31 atr%=0.36 vol=0.01 DOWN | 15m close=85.70 ema20=86.52 ema50=86.74 rsi=4.5 atr=0.65 atr%=0.76 vol=0.15 DOWN | 1h close=85.72 ema20=86.72 ema50=86.51 rsi=40.9 atr=0.70 atr%=0.81 vol=2.03 DOWN
2026-04-27 14:19:33,584 - INFO - 📊 Balance=5010.56 | daily=0.08%/10% | trades_today=6
2026-04-27 14:19:33,585 - INFO - 🚦 New entries paused: max trades per day reached. Existing positions still managed.
2026-04-27 14:19:33,585 - INFO - 🔎 --- BTCUSDT ---
2026-04-27 14:19:37,066 - INFO - 📈 BTCUSDT | 1m close=77663.90 ema20=77654.77 ema50=77682.41 rsi=97.9 atr=15.86 atr%=0.02 vol=0.01 UP | 5m close=77663.90 ema20=77843.43 ema50=78254.73 rsi=48.9 atr=216.47 atr%=0.28 vol=0.08 DOWN | 15m close=77663.90 ema20=78302.64 ema50=78404.53 rsi=23.2 atr=469.86 atr%=0.60 vol=0.16 DOWN | 1h close=77555.10 ema20=78288.70 ema50=78022.59 rsi=43.9 atr=541.81 atr%=0.70 vol=1.32 DOWN
2026-04-27 14:19:39,271 - INFO - 🔎 --- ETHUSDT ---
2026-04-27 14:19:42,735 - INFO - 📈 ETHUSDT | 1m close=2319.82 ema20=2319.83 ema50=2321.65 rsi=50.0 atr=0.05 atr%=0.00 vol=0.08 DOWN | 5m close=2319.82 ema20=2330.56 ema50=2351.09 rsi=48.4 atr=10.25 atr%=0.44 vol=0.01 DOWN | 15m close=2319.82 ema20=2354.96 ema50=2361.14 rsi=15.6 atr=23.97 atr%=1.03 vol=0.08 DOWN | 1h close=2321.30 ema20=2355.76 ema50=2342.07 rsi=42.2 atr=22.33 atr%=0.96 vol=1.32 DOWN
2026-04-27 14:19:45,006 - INFO - 🔎 --- SOLUSDT ---
2026-04-27 14:19:48,087 - INFO - 📈 SOLUSDT | 1m close=85.70 ema20=85.70 ema50=85.74 rsi=50.0 atr=0.02 atr%=0.02 vol=0.17 UP | 5m close=85.70 ema20=85.97 ema50=86.53 rsi=40.9 atr=0.31 atr%=0.36 vol=0.01 DOWN | 15m close=85.70 ema20=86.52 ema50=86.74 rsi=4.5 atr=0.65 atr%=0.76 vol=0.15 DOWN | 1h close=85.72 ema20=86.72 ema50=86.51 rsi=40.9 atr=0.70 atr%=0.81 vol=2.03 DOWN
2026-04-27 14:20:20,932 - INFO - 📊 Balance=5010.56 | daily=0.08%/10% | trades_today=6
2026-04-27 14:20:20,932 - INFO - 🚦 New entries paused: max trades per day reached. Existing positions still managed.
2026-04-27 14:20:20,932 - INFO - 🔎 --- BTCUSDT ---
2026-04-27 14:20:24,154 - INFO - 📈 BTCUSDT | 1m close=77663.90 ema20=77655.64 ema50=77681.69 rsi=83.7 atr=8.24 atr%=0.01 vol=0.06 UP | 5m close=77663.90 ema20=77826.34 ema50=78231.56 rsi=44.6 atr=142.58 atr%=0.18 vol=0.02 DOWN | 15m close=77663.90 ema20=78302.64 ema50=78404.53 rsi=23.2 atr=469.86 atr%=0.60 vol=0.16 DOWN | 1h close=77555.10 ema20=78288.70 ema50=78022.59 rsi=43.9 atr=541.81 atr%=0.70 vol=1.32 DOWN
2026-04-27 14:20:26,238 - INFO - 🔎 --- ETHUSDT ---
2026-04-27 14:20:29,297 - INFO - 📈 ETHUSDT | 1m close=2319.82 ema20=2319.83 ema50=2321.58 rsi=50.0 atr=0.06 atr%=0.00 vol=0.05 DOWN | 5m close=2319.82 ema20=2329.54 ema50=2349.87 rsi=47.4 atr=6.42 atr%=0.28 vol=0.01 DOWN | 15m close=2319.82 ema20=2354.96 ema50=2361.14 rsi=15.6 atr=23.97 atr%=1.03 vol=0.08 DOWN | 1h close=2321.30 ema20=2355.76 ema50=2342.07 rsi=42.2 atr=22.33 atr%=0.96 vol=1.32 DOWN
2026-04-27 14:20:31,380 - INFO - 🔎 --- SOLUSDT ---
2026-04-27 14:20:34,370 - INFO - 📈 SOLUSDT | 1m close=85.70 ema20=85.70 ema50=85.74 rsi=0.0 atr=0.02 atr%=0.02 vol=0.07 UP | 5m close=85.70 ema20=85.95 ema50=86.50 rsi=44.8 atr=0.21 atr%=0.24 vol=0.01 DOWN | 15m close=85.70 ema20=86.52 ema50=86.74 rsi=4.5 atr=0.65 atr%=0.76 vol=0.15 DOWN | 1h close=85.72 ema20=86.72 ema50=86.51 rsi=40.9 atr=0.70 atr%=0.81 vol=2.03 DOWN
2026-04-27 14:21:07,368 - INFO - 📊 Balance=5010.56 | daily=0.08%/10% | trades_today=6
2026-04-27 14:21:07,368 - INFO - 🚦 New entries paused: max trades per day reached. Existing positions still managed.
2026-04-27 14:21:07,369 - INFO - 🔎 --- BTCUSDT ---
2026-04-27 14:21:10,536 - INFO - 📈 BTCUSDT | 1m close=77663.90 ema20=77656.43 ema50=77680.99 rsi=46.2 atr=0.45 atr%=0.00 vol=0.06 UP | 5m close=77663.90 ema20=77826.34 ema50=78231.56 rsi=44.6 atr=142.58 atr%=0.18 vol=0.02 DOWN | 15m close=77663.90 ema20=78302.64 ema50=78404.53 rsi=23.2 atr=469.86 atr%=0.60 vol=0.16 DOWN | 1h close=77555.10 ema20=78288.70 ema50=78022.59 rsi=43.9 atr=541.81 atr%=0.70 vol=1.32 DOWN
2026-04-27 14:21:12,803 - INFO - 🔎 --- ETHUSDT ---
2026-04-27 14:21:19,238 - INFO - 📈 ETHUSDT | 1m close=2319.82 ema20=2319.83 ema50=2321.58 rsi=50.0 atr=0.06 atr%=0.00 vol=0.05 DOWN | 5m close=2319.82 ema20=2329.54 ema50=2349.87 rsi=47.4 atr=6.42 atr%=0.28 vol=0.01 DOWN | 15m close=2319.82 ema20=2354.96 ema50=2361.14 rsi=15.6 atr=23.97 atr%=1.03 vol=0.08 DOWN | 1h close=2321.30 ema20=2355.76 ema50=2342.07 rsi=42.2 atr=22.33 atr%=0.96 vol=1.32 DOWN
2026-04-27 14:21:21,453 - INFO - 🔎 --- SOLUSDT ---
2026-04-27 14:21:24,409 - INFO - 📈 SOLUSDT | 1m close=85.70 ema20=85.70 ema50=85.73 rsi=nan atr=0.02 atr%=0.02 vol=0.01 UP | 5m close=85.70 ema20=85.95 ema50=86.50 rsi=44.8 atr=0.21 atr%=0.24 vol=0.01 DOWN | 15m close=85.70 ema20=86.52 ema50=86.74 rsi=4.5 atr=0.65 atr%=0.76 vol=0.15 DOWN | 1h close=85.72 ema20=86.72 ema50=86.51 rsi=40.9 atr=0.70 atr%=0.81 vol=2.03 DOWN
2026-04-27 14:21:57,696 - INFO - 📊 Balance=5010.56 | daily=0.08%/10% | trades_today=6
2026-04-27 14:21:57,697 - INFO - 🚦 New entries paused: max trades per day reached. Existing positions still managed.
2026-04-27 14:21:57,697 - INFO - 🔎 --- BTCUSDT ---
2026-04-27 14:22:00,896 - INFO - 📈 BTCUSDT | 1m close=77663.90 ema20=77656.43 ema50=77680.99 rsi=46.2 atr=0.45 atr%=0.00 vol=0.06 UP | 5m close=77663.90 ema20=77826.34 ema50=78231.56 rsi=44.6 atr=142.58 atr%=0.18 vol=0.02 DOWN | 15m close=77663.90 ema20=78302.64 ema50=78404.53 rsi=23.2 atr=469.86 atr%=0.60 vol=0.16 DOWN | 1h close=77555.10 ema20=78288.70 ema50=78022.59 rsi=43.9 atr=541.81 atr%=0.70 vol=1.32 DOWN
2026-04-27 14:22:03,008 - INFO - 🔎 --- ETHUSDT ---
2026-04-27 14:22:06,197 - INFO - 📈 ETHUSDT | 1m close=2319.82 ema20=2319.83 ema50=2321.51 rsi=46.7 atr=0.06 atr%=0.00 vol=0.01 DOWN | 5m close=2319.82 ema20=2329.54 ema50=2349.87 rsi=47.4 atr=6.42 atr%=0.28 vol=0.01 DOWN | 15m close=2319.82 ema20=2354.96 ema50=2361.14 rsi=15.6 atr=23.97 atr%=1.03 vol=0.08 DOWN | 1h close=2321.30 ema20=2355.76 ema50=2342.07 rsi=42.2 atr=22.33 atr%=0.96 vol=1.32 DOWN
2026-04-27 14:22:08,349 - INFO - 🔎 --- SOLUSDT ---
2026-04-27 14:22:11,400 - INFO - 📈 SOLUSDT | 1m close=85.70 ema20=85.70 ema50=85.73 rsi=nan atr=0.01 atr%=0.02 vol=0.01 UP | 5m close=85.70 ema20=85.95 ema50=86.50 rsi=44.8 atr=0.21 atr%=0.24 vol=0.01 DOWN | 15m close=85.70 ema20=86.52 ema50=86.74 rsi=4.5 atr=0.65 atr%=0.76 vol=0.15 DOWN | 1h close=85.72 ema20=86.72 ema50=86.51 rsi=40.9 atr=0.70 atr%=0.81 vol=2.03 DOWN
2026-04-27 14:22:50,610 - INFO - 📊 Balance=5010.56 | daily=0.08%/10% | trades_today=6
2026-04-27 14:22:50,610 - INFO - 🚦 New entries paused: max trades per day reached. Existing positions still managed.
2026-04-27 14:22:50,610 - INFO - 🔎 --- BTCUSDT ---
2026-04-27 14:22:53,795 - INFO - 📈 BTCUSDT | 1m close=77663.90 ema20=77657.14 ema50=77680.32 rsi=46.2 atr=0.24 atr%=0.00 vol=0.40 UP | 5m close=77663.90 ema20=77826.34 ema50=78231.56 rsi=44.6 atr=142.58 atr%=0.18 vol=0.02 DOWN | 15m close=77663.90 ema20=78302.64 ema50=78404.53 rsi=23.2 atr=469.86 atr%=0.60 vol=0.16 DOWN | 1h close=77555.10 ema20=78288.70 ema50=78022.59 rsi=43.9 atr=541.81 atr%=0.70 vol=1.32 DOWN
2026-04-27 14:22:55,889 - INFO - 🔎 --- ETHUSDT ---
2026-04-27 14:22:59,257 - INFO - 📈 ETHUSDT | 1m close=2319.82 ema20=2319.83 ema50=2321.44 rsi=50.0 atr=0.06 atr%=0.00 vol=0.03 DOWN | 5m close=2319.82 ema20=2329.54 ema50=2349.87 rsi=47.4 atr=6.42 atr%=0.28 vol=0.01 DOWN | 15m close=2319.82 ema20=2354.96 ema50=2361.14 rsi=15.6 atr=23.97 atr%=1.03 vol=0.08 DOWN | 1h close=2321.30 ema20=2355.76 ema50=2342.07 rsi=42.2 atr=22.33 atr%=0.96 vol=1.32 DOWN
2026-04-27 14:23:01,374 - INFO - 🔎 --- SOLUSDT ---
2026-04-27 14:23:04,258 - INFO - 📈 SOLUSDT | 1m close=85.70 ema20=85.70 ema50=85.73 rsi=nan atr=0.01 atr%=0.02 vol=0.01 UP | 5m close=85.70 ema20=85.95 ema50=86.50 rsi=44.8 atr=0.21 atr%=0.24 vol=0.01 DOWN | 15m close=85.70 ema20=86.52 ema50=86.74 rsi=4.5 atr=0.65 atr%=0.76 vol=0.15 DOWN | 1h close=85.72 ema20=86.72 ema50=86.51 rsi=40.9 atr=0.70 atr%=0.81 vol=2.03 DOWN
2026-04-27 14:23:37,228 - INFO - 📊 Balance=5010.56 | daily=0.08%/10% | trades_today=6
2026-04-27 14:23:37,228 - INFO - 🚦 New entries paused: max trades per day reached. Existing positions still managed.
2026-04-27 14:23:37,228 - INFO - 🔎 --- BTCUSDT ---
2026-04-27 14:23:40,438 - INFO - 📈 BTCUSDT | 1m close=77663.90 ema20=77657.78 ema50=77679.67 rsi=50.0 atr=0.24 atr%=0.00 vol=0.50 UP | 5m close=77663.90 ema20=77826.34 ema50=78231.56 rsi=44.6 atr=142.58 atr%=0.18 vol=0.02 DOWN | 15m close=77663.90 ema20=78302.64 ema50=78404.53 rsi=23.2 atr=469.86 atr%=0.60 vol=0.16 DOWN | 1h close=77555.10 ema20=78288.70 ema50=78022.59 rsi=43.9 atr=541.81 atr%=0.70 vol=1.32 DOWN
2026-04-27 14:23:42,543 - INFO - 🔎 --- ETHUSDT ---
2026-04-27 14:23:45,873 - INFO - 📈 ETHUSDT | 1m close=2319.82 ema20=2319.83 ema50=2321.38 rsi=41.7 atr=0.06 atr%=0.00 vol=0.25 DOWN | 5m close=2319.82 ema20=2329.54 ema50=2349.87 rsi=47.4 atr=6.42 atr%=0.28 vol=0.01 DOWN | 15m close=2319.82 ema20=2354.96 ema50=2361.14 rsi=15.6 atr=23.97 atr%=1.03 vol=0.08 DOWN | 1h close=2321.30 ema20=2355.76 ema50=2342.07 rsi=42.2 atr=22.33 atr%=0.96 vol=1.32 DOWN
2026-04-27 14:23:48,007 - INFO - 🔎 --- SOLUSDT ---
2026-04-27 14:23:50,967 - INFO - 📈 SOLUSDT | 1m close=85.70 ema20=85.70 ema50=85.73 rsi=nan atr=0.01 atr%=0.02 vol=0.03 UP | 5m close=85.70 ema20=85.95 ema50=86.50 rsi=44.8 atr=0.21 atr%=0.24 vol=0.01 DOWN | 15m close=85.70 ema20=86.52 ema50=86.74 rsi=4.5 atr=0.65 atr%=0.76 vol=0.15 DOWN | 1h close=85.72 ema20=86.72 ema50=86.51 rsi=40.9 atr=0.70 atr%=0.81 vol=2.03 DOWN
2026-04-27 14:24:23,831 - INFO - 📊 Balance=5010.56 | daily=0.08%/10% | trades_today=6
2026-04-27 14:24:23,832 - INFO - 🚦 New entries paused: max trades per day reached. Existing positions still managed.
2026-04-27 14:24:23,832 - INFO - 🔎 --- BTCUSDT ---
2026-04-27 14:24:27,027 - INFO - 📈 BTCUSDT | 1m close=77663.80 ema20=77658.36 ema50=77679.05 rsi=50.0 atr=0.24 atr%=0.00 vol=0.93 UP | 5m close=77663.90 ema20=77826.34 ema50=78231.56 rsi=44.6 atr=142.58 atr%=0.18 vol=0.02 DOWN | 15m close=77663.90 ema20=78302.64 ema50=78404.53 rsi=23.2 atr=469.86 atr%=0.60 vol=0.16 DOWN | 1h close=77555.10 ema20=78288.70 ema50=78022.59 rsi=43.9 atr=541.81 atr%=0.70 vol=1.32 DOWN
2026-04-27 14:24:29,162 - INFO - 🔎 --- ETHUSDT ---
2026-04-27 14:24:32,290 - INFO - 📈 ETHUSDT | 1m close=2319.82 ema20=2319.83 ema50=2321.32 rsi=12.5 atr=0.06 atr%=0.00 vol=11.11 DOWN | 5m close=2319.82 ema20=2329.54 ema50=2349.87 rsi=47.4 atr=6.42 atr%=0.28 vol=0.01 DOWN | 15m close=2319.82 ema20=2354.96 ema50=2361.14 rsi=15.6 atr=23.97 atr%=1.03 vol=0.08 DOWN | 1h close=2321.30 ema20=2355.76 ema50=2342.07 rsi=42.2 atr=22.33 atr%=0.96 vol=1.32 DOWN
2026-04-27 14:24:34,447 - INFO - 🔎 --- SOLUSDT ---
2026-04-27 14:24:37,407 - INFO - 📈 SOLUSDT | 1m close=85.70 ema20=85.70 ema50=85.73 rsi=nan atr=0.01 atr%=0.02 vol=11.49 UP | 5m close=85.70 ema20=85.95 ema50=86.50 rsi=44.8 atr=0.21 atr%=0.24 vol=0.01 DOWN | 15m close=85.70 ema20=86.52 ema50=86.74 rsi=4.5 atr=0.65 atr%=0.76 vol=0.15 DOWN | 1h close=85.72 ema20=86.72 ema50=86.51 rsi=40.9 atr=0.70 atr%=0.81 vol=2.03 DOWN
2026-04-27 14:25:10,745 - INFO - 📊 Balance=5010.56 | daily=0.08%/10% | trades_today=6
2026-04-27 14:25:10,746 - INFO - 🚦 New entries paused: max trades per day reached. Existing positions still managed.
2026-04-27 14:25:10,746 - INFO - 🔎 --- BTCUSDT ---
2026-04-27 14:25:13,902 - INFO - 📈 BTCUSDT | 1m close=77663.90 ema20=77658.88 ema50=77678.46 rsi=50.0 atr=0.24 atr%=0.00 vol=0.58 UP | 5m close=77663.90 ema20=77810.87 ema50=78209.30 rsi=48.2 atr=130.59 atr%=0.17 vol=0.04 DOWN | 15m close=77663.90 ema20=78302.64 ema50=78404.53 rsi=23.2 atr=469.86 atr%=0.60 vol=0.16 DOWN | 1h close=77555.10 ema20=78288.70 ema50=78022.59 rsi=43.9 atr=541.81 atr%=0.70 vol=1.32 DOWN
2026-04-27 14:25:16,013 - INFO - 🔎 --- ETHUSDT ---
2026-04-27 14:25:19,195 - INFO - 📈 ETHUSDT | 1m close=2319.82 ema20=2319.82 ema50=2321.26 rsi=50.0 atr=0.05 atr%=0.00 vol=0.18 DOWN | 5m close=2319.82 ema20=2328.61 ema50=2348.69 rsi=53.3 atr=4.65 atr%=0.20 vol=0.05 DOWN | 15m close=2319.82 ema20=2354.96 ema50=2361.14 rsi=15.6 atr=23.97 atr%=1.03 vol=0.08 DOWN | 1h close=2321.30 ema20=2355.76 ema50=2342.07 rsi=42.2 atr=22.33 atr%=0.96 vol=1.32 DOWN
2026-04-27 14:25:21,339 - INFO - 🔎 --- SOLUSDT ---
2026-04-27 14:25:24,344 - INFO - 📈 SOLUSDT | 1m close=85.70 ema20=85.70 ema50=85.73 rsi=nan atr=0.02 atr%=0.02 vol=0.01 UP | 5m close=85.70 ema20=85.92 ema50=86.47 rsi=47.5 atr=0.19 atr%=0.23 vol=0.11 DOWN | 15m close=85.70 ema20=86.52 ema50=86.74 rsi=4.5 atr=0.65 atr%=0.76 vol=0.15 DOWN | 1h close=85.72 ema20=86.72 ema50=86.51 rsi=40.9 atr=0.70 atr%=0.81 vol=2.03 DOWN
2026-04-27 14:25:57,485 - INFO - 📊 Balance=5010.56 | daily=0.08%/10% | trades_today=6
2026-04-27 14:25:57,486 - INFO - 🚦 New entries paused: max trades per day reached. Existing positions still managed.
2026-04-27 14:25:57,486 - INFO - 🔎 --- BTCUSDT ---
2026-04-27 14:26:00,672 - INFO - 📈 BTCUSDT | 1m close=77663.90 ema20=77658.88 ema50=77678.46 rsi=50.0 atr=0.24 atr%=0.00 vol=0.58 UP | 5m close=77663.90 ema20=77810.87 ema50=78209.30 rsi=48.2 atr=130.59 atr%=0.17 vol=0.04 DOWN | 15m close=77663.90 ema20=78302.64 ema50=78404.53 rsi=23.2 atr=469.86 atr%=0.60 vol=0.16 DOWN | 1h close=77555.10 ema20=78288.70 ema50=78022.59 rsi=43.9 atr=541.81 atr%=0.70 vol=1.32 DOWN
2026-04-27 14:26:02,800 - INFO - 🔎 --- ETHUSDT ---
2026-04-27 14:26:05,921 - INFO - 📈 ETHUSDT | 1m close=2319.82 ema20=2319.82 ema50=2321.26 rsi=50.0 atr=0.05 atr%=0.00 vol=0.18 DOWN | 5m close=2319.82 ema20=2328.61 ema50=2348.69 rsi=53.3 atr=4.65 atr%=0.20 vol=0.05 DOWN | 15m close=2319.82 ema20=2354.96 ema50=2361.14 rsi=15.6 atr=23.97 atr%=1.03 vol=0.08 DOWN | 1h close=2321.30 ema20=2355.76 ema50=2342.07 rsi=42.2 atr=22.33 atr%=0.96 vol=1.32 DOWN
2026-04-27 14:26:08,071 - INFO - 🔎 --- SOLUSDT ---
2026-04-27 14:26:11,128 - INFO - 📈 SOLUSDT | 1m close=85.70 ema20=85.70 ema50=85.73 rsi=nan atr=0.02 atr%=0.02 vol=0.01 UP | 5m close=85.70 ema20=85.92 ema50=86.47 rsi=47.5 atr=0.19 atr%=0.23 vol=0.11 DOWN | 15m close=85.70 ema20=86.52 ema50=86.74 rsi=4.5 atr=0.65 atr%=0.76 vol=0.15 DOWN | 1h close=85.72 ema20=86.72 ema50=86.51 rsi=40.9 atr=0.70 atr%=0.81 vol=2.03 DOWN
2026-04-27 14:26:43,922 - INFO - 📊 Balance=5010.56 | daily=0.08%/10% | trades_today=6
2026-04-27 14:26:43,922 - INFO - 🚦 New entries paused: max trades per day reached. Existing positions still managed.
2026-04-27 14:26:43,922 - INFO - 🔎 --- BTCUSDT ---
2026-04-27 14:26:47,055 - INFO - 📈 BTCUSDT | 1m close=77663.90 ema20=77659.36 ema50=77677.89 rsi=54.5 atr=0.24 atr%=0.00 vol=0.24 UP | 5m close=77663.90 ema20=77810.87 ema50=78209.30 rsi=48.2 atr=130.59 atr%=0.17 vol=0.04 DOWN | 15m close=77663.90 ema20=78302.64 ema50=78404.53 rsi=23.2 atr=469.86 atr%=0.60 vol=0.16 DOWN | 1h close=77555.10 ema20=78288.70 ema50=78022.59 rsi=43.9 atr=541.81 atr%=0.70 vol=1.32 DOWN
2026-04-27 14:26:49,119 - INFO - 🔎 --- ETHUSDT ---
2026-04-27 14:26:52,337 - INFO - 📈 ETHUSDT | 1m close=2319.82 ema20=2319.82 ema50=2321.20 rsi=50.0 atr=0.04 atr%=0.00 vol=0.17 DOWN | 5m close=2319.82 ema20=2328.61 ema50=2348.69 rsi=53.3 atr=4.65 atr%=0.20 vol=0.05 DOWN | 15m close=2319.82 ema20=2354.96 ema50=2361.14 rsi=15.6 atr=23.97 atr%=1.03 vol=0.08 DOWN | 1h close=2321.30 ema20=2355.76 ema50=2342.07 rsi=42.2 atr=22.33 atr%=0.96 vol=1.32 DOWN
2026-04-27 14:26:54,429 - INFO - 🔎 --- SOLUSDT ---
2026-04-27 14:26:57,384 - INFO - 📈 SOLUSDT | 1m close=85.70 ema20=85.70 ema50=85.73 rsi=nan atr=0.02 atr%=0.02 vol=0.37 UP | 5m close=85.70 ema20=85.92 ema50=86.47 rsi=47.5 atr=0.19 atr%=0.23 vol=0.11 DOWN | 15m close=85.70 ema20=86.52 ema50=86.74 rsi=4.5 atr=0.65 atr%=0.76 vol=0.15 DOWN | 1h close=85.72 ema20=86.72 ema50=86.51 rsi=40.9 atr=0.70 atr%=0.81 vol=2.03 DOWN
2026-04-27 14:27:30,230 - INFO - 📊 Balance=5010.56 | daily=0.08%/10% | trades_today=6
2026-04-27 14:27:30,230 - INFO - 🚦 New entries paused: max trades per day reached. Existing positions still managed.
2026-04-27 14:27:30,231 - INFO - 🔎 --- BTCUSDT ---
2026-04-27 14:27:33,385 - INFO - 📈 BTCUSDT | 1m close=77664.00 ema20=77659.80 ema50=77677.34 rsi=54.5 atr=0.24 atr%=0.00 vol=0.78 UP | 5m close=77663.90 ema20=77810.87 ema50=78209.30 rsi=48.2 atr=130.59 atr%=0.17 vol=0.04 DOWN | 15m close=77663.90 ema20=78302.64 ema50=78404.53 rsi=23.2 atr=469.86 atr%=0.60 vol=0.16 DOWN | 1h close=77555.10 ema20=78288.70 ema50=78022.59 rsi=43.9 atr=541.81 atr%=0.70 vol=1.32 DOWN
2026-04-27 14:27:35,470 - INFO - 🔎 --- ETHUSDT ---
2026-04-27 14:27:38,662 - INFO - 📈 ETHUSDT | 1m close=2319.01 ema20=2319.75 ema50=2321.12 rsi=0.0 atr=0.09 atr%=0.00 vol=12.48 DOWN | 5m close=2319.82 ema20=2328.61 ema50=2348.69 rsi=53.3 atr=4.65 atr%=0.20 vol=0.05 DOWN | 15m close=2319.82 ema20=2354.96 ema50=2361.14 rsi=15.6 atr=23.97 atr%=1.03 vol=0.08 DOWN | 1h close=2321.30 ema20=2355.76 ema50=2342.07 rsi=42.2 atr=22.33 atr%=0.96 vol=1.32 DOWN
2026-04-27 14:27:40,855 - INFO - 🔎 --- SOLUSDT ---
2026-04-27 14:27:43,792 - INFO - 📈 SOLUSDT | 1m close=85.70 ema20=85.70 ema50=85.73 rsi=nan atr=0.02 atr%=0.02 vol=0.12 UP | 5m close=85.70 ema20=85.92 ema50=86.47 rsi=47.5 atr=0.19 atr%=0.23 vol=0.11 DOWN | 15m close=85.70 ema20=86.52 ema50=86.74 rsi=4.5 atr=0.65 atr%=0.76 vol=0.15 DOWN | 1h close=85.72 ema20=86.72 ema50=86.51 rsi=40.9 atr=0.70 atr%=0.81 vol=2.03 DOWN
2026-04-27 14:28:16,754 - INFO - 📊 Balance=5010.56 | daily=0.08%/10% | trades_today=6
2026-04-27 14:28:16,755 - INFO - 🚦 New entries paused: max trades per day reached. Existing positions still managed.
2026-04-27 14:28:16,755 - INFO - 🔎 --- BTCUSDT ---
2026-04-27 14:28:19,957 - INFO - 📈 BTCUSDT | 1m close=77664.10 ema20=77660.21 ema50=77676.82 rsi=77.8 atr=0.37 atr%=0.00 vol=2.54 UP | 5m close=77663.90 ema20=77810.87 ema50=78209.30 rsi=48.2 atr=130.59 atr%=0.17 vol=0.04 DOWN | 15m close=77663.90 ema20=78302.64 ema50=78404.53 rsi=23.2 atr=469.86 atr%=0.60 vol=0.16 DOWN | 1h close=77555.10 ema20=78288.70 ema50=78022.59 rsi=43.9 atr=541.81 atr%=0.70 vol=1.32 DOWN
2026-04-27 14:28:22,110 - INFO - 🔎 --- ETHUSDT ---
2026-04-27 14:28:25,320 - INFO - 📈 ETHUSDT | 1m close=2319.01 ema20=2319.68 ema50=2321.04 rsi=0.0 atr=0.09 atr%=0.00 vol=1.34 DOWN | 5m close=2319.82 ema20=2328.61 ema50=2348.69 rsi=53.3 atr=4.65 atr%=0.20 vol=0.05 DOWN | 15m close=2319.82 ema20=2354.96 ema50=2361.14 rsi=15.6 atr=23.97 atr%=1.03 vol=0.08 DOWN | 1h close=2321.30 ema20=2355.76 ema50=2342.07 rsi=42.2 atr=22.33 atr%=0.96 vol=1.32 DOWN
2026-04-27 14:28:27,648 - INFO - 🔎 --- SOLUSDT ---
2026-04-27 14:28:30,647 - INFO - 📈 SOLUSDT | 1m close=85.46 ema20=85.68 ema50=85.72 rsi=0.0 atr=0.03 atr%=0.04 vol=1.91 DOWN | 5m close=85.70 ema20=85.92 ema50=86.47 rsi=47.5 atr=0.19 atr%=0.23 vol=0.11 DOWN | 15m close=85.70 ema20=86.52 ema50=86.74 rsi=4.5 atr=0.65 atr%=0.76 vol=0.15 DOWN | 1h close=85.72 ema20=86.72 ema50=86.51 rsi=40.9 atr=0.70 atr%=0.81 vol=2.03 DOWN
2026-04-27 14:29:03,448 - INFO - 📊 Balance=5010.56 | daily=0.08%/10% | trades_today=6
2026-04-27 14:29:03,448 - INFO - 🚦 New entries paused: max trades per day reached. Existing positions still managed.
2026-04-27 14:29:03,448 - INFO - 🔎 --- BTCUSDT ---
2026-04-27 14:29:06,656 - INFO - 📈 BTCUSDT | 1m close=77664.10 ema20=77660.21 ema50=77676.82 rsi=77.8 atr=0.37 atr%=0.00 vol=2.54 UP | 5m close=77663.90 ema20=77810.87 ema50=78209.30 rsi=48.2 atr=130.59 atr%=0.17 vol=0.04 DOWN | 15m close=77663.90 ema20=78302.64 ema50=78404.53 rsi=23.2 atr=469.86 atr%=0.60 vol=0.16 DOWN | 1h close=77555.10 ema20=78288.70 ema50=78022.59 rsi=43.9 atr=541.81 atr%=0.70 vol=1.32 DOWN
2026-04-27 14:29:08,765 - INFO - 🔎 --- ETHUSDT ---
2026-04-27 14:29:11,917 - INFO - 📈 ETHUSDT | 1m close=2319.01 ema20=2319.61 ema50=2320.96 rsi=0.0 atr=0.14 atr%=0.01 vol=10.15 DOWN | 5m close=2319.82 ema20=2328.61 ema50=2348.69 rsi=53.3 atr=4.65 atr%=0.20 vol=0.05 DOWN | 15m close=2319.82 ema20=2354.96 ema50=2361.14 rsi=15.6 atr=23.97 atr%=1.03 vol=0.08 DOWN | 1h close=2321.30 ema20=2355.76 ema50=2342.07 rsi=42.2 atr=22.33 atr%=0.96 vol=1.32 DOWN
2026-04-27 14:29:14,899 - INFO - 🔎 --- SOLUSDT ---
2026-04-27 14:29:17,901 - INFO - 📈 SOLUSDT | 1m close=85.46 ema20=85.66 ema50=85.71 rsi=0.0 atr=0.04 atr%=0.04 vol=4.79 DOWN | 5m close=85.70 ema20=85.92 ema50=86.47 rsi=47.5 atr=0.19 atr%=0.23 vol=0.11 DOWN | 15m close=85.70 ema20=86.52 ema50=86.74 rsi=4.5 atr=0.65 atr%=0.76 vol=0.15 DOWN | 1h close=85.72 ema20=86.72 ema50=86.51 rsi=40.9 atr=0.70 atr%=0.81 vol=2.03 DOWN
2026-04-27 14:29:50,944 - INFO - 📊 Balance=5010.56 | daily=0.08%/10% | trades_today=6
2026-04-27 14:29:50,944 - INFO - 🚦 New entries paused: max trades per day reached. Existing positions still managed.
2026-04-27 14:29:50,944 - INFO - 🔎 --- BTCUSDT ---
2026-04-27 14:29:54,137 - INFO - 📈 BTCUSDT | 1m close=77661.10 ema20=77660.30 ema50=77676.21 rsi=11.1 atr=0.97 atr%=0.00 vol=11.50 UP | 5m close=77663.90 ema20=77810.87 ema50=78209.30 rsi=48.2 atr=130.59 atr%=0.17 vol=0.04 DOWN | 15m close=77663.90 ema20=78302.64 ema50=78404.53 rsi=23.2 atr=469.86 atr%=0.60 vol=0.16 DOWN | 1h close=77555.10 ema20=78288.70 ema50=78022.59 rsi=43.9 atr=541.81 atr%=0.70 vol=1.32 DOWN
2026-04-27 14:29:56,233 - INFO - 🔎 --- ETHUSDT ---
2026-04-27 14:29:59,393 - INFO - 📈 ETHUSDT | 1m close=2319.01 ema20=2319.61 ema50=2320.96 rsi=0.0 atr=0.14 atr%=0.01 vol=10.15 DOWN | 5m close=2319.82 ema20=2328.61 ema50=2348.69 rsi=53.3 atr=4.65 atr%=0.20 vol=0.05 DOWN | 15m close=2319.82 ema20=2354.96 ema50=2361.14 rsi=15.6 atr=23.97 atr%=1.03 vol=0.08 DOWN | 1h close=2321.30 ema20=2355.76 ema50=2342.07 rsi=42.2 atr=22.33 atr%=0.96 vol=1.32 DOWN
2026-04-27 14:30:01,534 - INFO - 🔎 --- SOLUSDT ---
2026-04-27 14:30:04,443 - INFO - 📈 SOLUSDT | 1m close=85.46 ema20=85.66 ema50=85.71 rsi=0.0 atr=0.04 atr%=0.04 vol=4.79 DOWN | 5m close=85.70 ema20=85.92 ema50=86.47 rsi=47.5 atr=0.19 atr%=0.23 vol=0.11 DOWN | 15m close=85.70 ema20=86.52 ema50=86.74 rsi=4.5 atr=0.65 atr%=0.76 vol=0.15 DOWN | 1h close=85.72 ema20=86.72 ema50=86.51 rsi=40.9 atr=0.70 atr%=0.81 vol=2.03 DOWN
2026-04-27 14:30:37,414 - INFO - 📊 Balance=5010.56 | daily=0.08%/10% | trades_today=6
2026-04-27 14:30:37,414 - INFO - 🚦 New entries paused: max trades per day reached. Existing positions still managed.
2026-04-27 14:30:37,414 - INFO - 🔎 --- BTCUSDT ---
2026-04-27 14:30:40,815 - INFO - 📈 BTCUSDT | 1m close=77662.00 ema20=77660.46 ema50=77675.65 rsi=28.9 atr=1.69 atr%=0.00 vol=3.70 UP | 5m close=77662.00 ema20=77796.69 ema50=78187.84 rsi=50.0 atr=119.32 atr%=0.15 vol=0.46 DOWN | 15m close=77662.00 ema20=78241.63 ema50=78375.42 rsi=23.7 atr=463.55 atr%=0.60 vol=0.15 DOWN | 1h close=77555.10 ema20=78288.70 ema50=78022.59 rsi=43.9 atr=541.81 atr%=0.70 vol=1.32 DOWN
2026-04-27 14:30:43,123 - INFO - 🔎 --- ETHUSDT ---
2026-04-27 14:30:46,273 - INFO - 📈 ETHUSDT | 1m close=2319.01 ema20=2319.56 ema50=2320.88 rsi=0.0 atr=0.17 atr%=0.01 vol=2.84 DOWN | 5m close=2319.01 ema20=2327.70 ema50=2347.52 rsi=44.5 atr=4.57 atr%=0.20 vol=0.43 DOWN | 15m close=2319.01 ema20=2351.54 ema50=2359.49 rsi=15.6 atr=23.72 atr%=1.02 vol=0.14 DOWN | 1h close=2321.30 ema20=2355.76 ema50=2342.07 rsi=42.2 atr=22.33 atr%=0.96 vol=1.32 DOWN
2026-04-27 14:30:48,468 - INFO - 🔎 --- SOLUSDT ---
2026-04-27 14:30:51,396 - INFO - 📈 SOLUSDT | 1m close=85.46 ema20=85.64 ema50=85.70 rsi=0.0 atr=0.04 atr%=0.05 vol=2.02 DOWN | 5m close=85.46 ema20=85.88 ema50=86.43 rsi=30.3 atr=0.20 atr%=0.23 vol=0.10 DOWN | 15m close=85.46 ema20=86.42 ema50=86.69 rsi=4.5 atr=0.65 atr%=0.76 vol=0.07 DOWN | 1h close=85.72 ema20=86.72 ema50=86.51 rsi=40.9 atr=0.70 atr%=0.81 vol=2.03 DOWN
2026-04-27 14:31:24,277 - INFO - 📊 Balance=5010.56 | daily=0.08%/10% | trades_today=6
2026-04-27 14:31:24,277 - INFO - 🚦 New entries paused: max trades per day reached. Existing positions still managed.
2026-04-27 14:31:24,277 - INFO - 🔎 --- BTCUSDT ---
2026-04-27 14:31:27,478 - INFO - 📈 BTCUSDT | 1m close=77670.00 ema20=77661.37 ema50=77675.43 rsi=74.4 atr=2.25 atr%=0.00 vol=4.44 UP | 5m close=77662.00 ema20=77796.69 ema50=78187.84 rsi=50.0 atr=119.32 atr%=0.15 vol=0.46 DOWN | 15m close=77662.00 ema20=78241.63 ema50=78375.42 rsi=23.7 atr=463.55 atr%=0.60 vol=0.15 DOWN | 1h close=77555.10 ema20=78288.70 ema50=78022.59 rsi=43.9 atr=541.81 atr%=0.70 vol=1.32 DOWN
2026-04-27 14:31:29,624 - INFO - 🔎 --- ETHUSDT ---
2026-04-27 14:31:32,888 - INFO - 📈 ETHUSDT | 1m close=2319.01 ema20=2319.50 ema50=2320.81 rsi=0.0 atr=0.23 atr%=0.01 vol=6.14 DOWN | 5m close=2319.01 ema20=2327.70 ema50=2347.52 rsi=44.5 atr=4.57 atr%=0.20 vol=0.43 DOWN | 15m close=2319.01 ema20=2351.54 ema50=2359.49 rsi=15.6 atr=23.72 atr%=1.02 vol=0.14 DOWN | 1h close=2321.30 ema20=2355.76 ema50=2342.07 rsi=42.2 atr=22.33 atr%=0.96 vol=1.32 DOWN
2026-04-27 14:31:35,044 - INFO - 🔎 --- SOLUSDT ---
2026-04-27 14:31:38,194 - INFO - 📈 SOLUSDT | 1m close=85.46 ema20=85.62 ema50=85.69 rsi=0.0 atr=0.04 atr%=0.05 vol=0.41 DOWN | 5m close=85.46 ema20=85.88 ema50=86.43 rsi=30.3 atr=0.20 atr%=0.23 vol=0.10 DOWN | 15m close=85.46 ema20=86.42 ema50=86.69 rsi=4.5 atr=0.65 atr%=0.76 vol=0.07 DOWN | 1h close=85.72 ema20=86.72 ema50=86.51 rsi=40.9 atr=0.70 atr%=0.81 vol=2.03 DOWN
2026-04-27 14:32:11,125 - INFO - 📊 Balance=5010.56 | daily=0.08%/10% | trades_today=6
2026-04-27 14:32:11,126 - INFO - 🚦 New entries paused: max trades per day reached. Existing positions still managed.
2026-04-27 14:32:11,126 - INFO - 🔎 --- BTCUSDT ---
2026-04-27 14:32:14,841 - INFO - 📈 BTCUSDT | 1m close=77644.70 ema20=77659.78 ema50=77674.22 rsi=24.4 atr=4.11 atr%=0.01 vol=8.17 DOWN | 5m close=77662.00 ema20=77796.69 ema50=78187.84 rsi=50.0 atr=119.32 atr%=0.15 vol=0.46 DOWN | 15m close=77662.00 ema20=78241.63 ema50=78375.42 rsi=23.7 atr=463.55 atr%=0.60 vol=0.15 DOWN | 1h close=77555.10 ema20=78288.70 ema50=78022.59 rsi=43.9 atr=541.81 atr%=0.70 vol=1.32 DOWN
2026-04-27 14:32:16,981 - INFO - 🔎 --- ETHUSDT ---
2026-04-27 14:32:20,174 - INFO - 📈 ETHUSDT | 1m close=2319.01 ema20=2319.46 ema50=2320.74 rsi=0.0 atr=0.36 atr%=0.02 vol=4.34 DOWN | 5m close=2319.01 ema20=2327.70 ema50=2347.52 rsi=44.5 atr=4.57 atr%=0.20 vol=0.43 DOWN | 15m close=2319.01 ema20=2351.54 ema50=2359.49 rsi=15.6 atr=23.72 atr%=1.02 vol=0.14 DOWN | 1h close=2321.30 ema20=2355.76 ema50=2342.07 rsi=42.2 atr=22.33 atr%=0.96 vol=1.32 DOWN
2026-04-27 14:32:22,338 - INFO - 🔎 --- SOLUSDT ---
2026-04-27 14:32:25,284 - INFO - 📈 SOLUSDT | 1m close=85.45 ema20=85.60 ema50=85.68 rsi=0.0 atr=0.04 atr%=0.05 vol=0.01 DOWN | 5m close=85.46 ema20=85.88 ema50=86.43 rsi=30.3 atr=0.20 atr%=0.23 vol=0.10 DOWN | 15m close=85.46 ema20=86.42 ema50=86.69 rsi=4.5 atr=0.65 atr%=0.76 vol=0.07 DOWN | 1h close=85.72 ema20=86.72 ema50=86.51 rsi=40.9 atr=0.70 atr%=0.81 vol=2.03 DOWN
2026-04-27 14:32:58,185 - INFO - 📊 Balance=5010.56 | daily=0.08%/10% | trades_today=6
2026-04-27 14:32:58,185 - INFO - 🚦 New entries paused: max trades per day reached. Existing positions still managed.
2026-04-27 14:32:58,186 - INFO - 🔎 --- BTCUSDT ---
2026-04-27 14:33:01,459 - INFO - 📈 BTCUSDT | 1m close=77644.70 ema20=77659.78 ema50=77674.22 rsi=24.4 atr=4.11 atr%=0.01 vol=8.17 DOWN | 5m close=77662.00 ema20=77796.69 ema50=78187.84 rsi=50.0 atr=119.32 atr%=0.15 vol=0.46 DOWN | 15m close=77662.00 ema20=78241.63 ema50=78375.42 rsi=23.7 atr=463.55 atr%=0.60 vol=0.15 DOWN | 1h close=77555.10 ema20=78288.70 ema50=78022.59 rsi=43.9 atr=541.81 atr%=0.70 vol=1.32 DOWN
2026-04-27 14:33:03,520 - INFO - 🔎 --- ETHUSDT ---
2026-04-27 14:33:06,730 - INFO - 📈 ETHUSDT | 1m close=2319.01 ema20=2319.46 ema50=2320.74 rsi=0.0 atr=0.36 atr%=0.02 vol=4.34 DOWN | 5m close=2319.01 ema20=2327.70 ema50=2347.52 rsi=44.5 atr=4.57 atr%=0.20 vol=0.43 DOWN | 15m close=2319.01 ema20=2351.54 ema50=2359.49 rsi=15.6 atr=23.72 atr%=1.02 vol=0.14 DOWN | 1h close=2321.30 ema20=2355.76 ema50=2342.07 rsi=42.2 atr=22.33 atr%=0.96 vol=1.32 DOWN
2026-04-27 14:33:08,861 - INFO - 🔎 --- SOLUSDT ---
2026-04-27 14:33:11,813 - INFO - 📈 SOLUSDT | 1m close=85.45 ema20=85.60 ema50=85.68 rsi=0.0 atr=0.04 atr%=0.05 vol=0.01 DOWN | 5m close=85.46 ema20=85.88 ema50=86.43 rsi=30.3 atr=0.20 atr%=0.23 vol=0.10 DOWN | 15m close=85.46 ema20=86.42 ema50=86.69 rsi=4.5 atr=0.65 atr%=0.76 vol=0.07 DOWN | 1h close=85.72 ema20=86.72 ema50=86.51 rsi=40.9 atr=0.70 atr%=0.81 vol=2.03 DOWN
2026-04-27 14:33:44,642 - INFO - 📊 Balance=5010.56 | daily=0.08%/10% | trades_today=6
2026-04-27 14:33:44,642 - INFO - 🚦 New entries paused: max trades per day reached. Existing positions still managed.
2026-04-27 14:33:44,642 - INFO - 🔎 --- BTCUSDT ---
2026-04-27 14:33:48,020 - INFO - 📈 BTCUSDT | 1m close=77638.90 ema20=77657.79 ema50=77672.84 rsi=21.2 atr=6.11 atr%=0.01 vol=2.51 DOWN | 5m close=77662.00 ema20=77796.69 ema50=78187.84 rsi=50.0 atr=119.32 atr%=0.15 vol=0.46 DOWN | 15m close=77662.00 ema20=78241.63 ema50=78375.42 rsi=23.7 atr=463.55 atr%=0.60 vol=0.15 DOWN | 1h close=77555.10 ema20=78288.70 ema50=78022.59 rsi=43.9 atr=541.81 atr%=0.70 vol=1.32 DOWN
2026-04-27 14:33:50,115 - INFO - 🔎 --- ETHUSDT ---
2026-04-27 14:33:53,436 - INFO - 📈 ETHUSDT | 1m close=2319.01 ema20=2319.41 ema50=2320.67 rsi=0.0 atr=0.53 atr%=0.02 vol=8.97 DOWN | 5m close=2319.01 ema20=2327.70 ema50=2347.52 rsi=44.5 atr=4.57 atr%=0.20 vol=0.43 DOWN | 15m close=2319.01 ema20=2351.54 ema50=2359.49 rsi=15.6 atr=23.72 atr%=1.02 vol=0.14 DOWN | 1h close=2321.30 ema20=2355.76 ema50=2342.07 rsi=42.2 atr=22.33 atr%=0.96 vol=1.32 DOWN
2026-04-27 14:33:55,557 - INFO - 🔎 --- SOLUSDT ---
2026-04-27 14:33:58,495 - INFO - 📈 SOLUSDT | 1m close=85.44 ema20=85.59 ema50=85.67 rsi=0.0 atr=0.04 atr%=0.05 vol=3.10 DOWN | 5m close=85.46 ema20=85.88 ema50=86.43 rsi=30.3 atr=0.20 atr%=0.23 vol=0.10 DOWN | 15m close=85.46 ema20=86.42 ema50=86.69 rsi=4.5 atr=0.65 atr%=0.76 vol=0.07 DOWN | 1h close=85.72 ema20=86.72 ema50=86.51 rsi=40.9 atr=0.70 atr%=0.81 vol=2.03 DOWN
2026-04-27 14:34:31,488 - INFO - 📊 Balance=5010.56 | daily=0.08%/10% | trades_today=6
2026-04-27 14:34:31,488 - INFO - 🚦 New entries paused: max trades per day reached. Existing positions still managed.
2026-04-27 14:34:31,489 - INFO - 🔎 --- BTCUSDT ---
2026-04-27 14:34:34,769 - INFO - 📈 BTCUSDT | 1m close=77662.20 ema20=77658.21 ema50=77672.42 rsi=48.7 atr=9.24 atr%=0.01 vol=7.78 UP | 5m close=77662.00 ema20=77796.69 ema50=78187.84 rsi=50.0 atr=119.32 atr%=0.15 vol=0.46 DOWN | 15m close=77662.00 ema20=78241.63 ema50=78375.42 rsi=23.7 atr=463.55 atr%=0.60 vol=0.15 DOWN | 1h close=77555.10 ema20=78288.70 ema50=78022.59 rsi=43.9 atr=541.81 atr%=0.70 vol=1.32 DOWN
2026-04-27 14:34:36,865 - INFO - 🔎 --- ETHUSDT ---
2026-04-27 14:34:40,052 - INFO - 📈 ETHUSDT | 1m close=2316.43 ema20=2319.13 ema50=2320.50 rsi=0.0 atr=0.76 atr%=0.03 vol=5.11 DOWN | 5m close=2319.01 ema20=2327.70 ema50=2347.52 rsi=44.5 atr=4.57 atr%=0.20 vol=0.43 DOWN | 15m close=2319.01 ema20=2351.54 ema50=2359.49 rsi=15.6 atr=23.72 atr%=1.02 vol=0.14 DOWN | 1h close=2321.30 ema20=2355.76 ema50=2342.07 rsi=42.2 atr=22.33 atr%=0.96 vol=1.32 DOWN
2026-04-27 14:34:42,186 - INFO - 🔎 --- SOLUSDT ---
2026-04-27 14:34:47,355 - INFO - 📈 SOLUSDT | 1m close=85.41 ema20=85.57 ema50=85.66 rsi=0.0 atr=0.04 atr%=0.05 vol=2.74 DOWN | 5m close=85.46 ema20=85.88 ema50=86.43 rsi=30.3 atr=0.20 atr%=0.23 vol=0.10 DOWN | 15m close=85.46 ema20=86.42 ema50=86.69 rsi=4.5 atr=0.65 atr%=0.76 vol=0.07 DOWN | 1h close=85.72 ema20=86.72 ema50=86.51 rsi=40.9 atr=0.70 atr%=0.81 vol=2.03 DOWN
2026-04-27 14:35:20,466 - INFO - 📊 Balance=5010.56 | daily=0.08%/10% | trades_today=6
2026-04-27 14:35:20,466 - INFO - 🚦 New entries paused: max trades per day reached. Existing positions still managed.
2026-04-27 14:35:20,466 - INFO - 🔎 --- BTCUSDT ---
2026-04-27 14:35:23,713 - INFO - 📈 BTCUSDT | 1m close=77662.00 ema20=77658.57 ema50=77672.01 rsi=48.6 atr=9.47 atr%=0.01 vol=0.01 UP | 5m close=77662.00 ema20=77783.86 ema50=78167.22 rsi=38.1 atr=67.07 atr%=0.09 vol=1.89 DOWN | 15m close=77662.00 ema20=78241.63 ema50=78375.42 rsi=23.7 atr=463.55 atr%=0.60 vol=0.15 DOWN | 1h close=77555.10 ema20=78288.70 ema50=78022.59 rsi=43.9 atr=541.81 atr%=0.70 vol=1.32 DOWN
2026-04-27 14:35:25,871 - INFO - 🔎 --- ETHUSDT ---
2026-04-27 14:35:29,084 - INFO - 📈 ETHUSDT | 1m close=2319.01 ema20=2319.12 ema50=2320.44 rsi=43.2 atr=1.04 atr%=0.04 vol=7.03 DOWN | 5m close=2319.01 ema20=2326.87 ema50=2346.41 rsi=34.1 atr=3.35 atr%=0.14 vol=3.01 DOWN | 15m close=2319.01 ema20=2351.54 ema50=2359.49 rsi=15.6 atr=23.72 atr%=1.02 vol=0.14 DOWN | 1h close=2321.30 ema20=2355.76 ema50=2342.07 rsi=42.2 atr=22.33 atr%=0.96 vol=1.32 DOWN
2026-04-27 14:35:31,264 - INFO - 🔎 --- SOLUSDT ---
2026-04-27 14:35:34,217 - INFO - 📈 SOLUSDT | 1m close=85.46 ema20=85.56 ema50=85.65 rsi=14.7 atr=0.04 atr%=0.05 vol=0.02 DOWN | 5m close=85.46 ema20=85.84 ema50=86.39 rsi=24.8 atr=0.18 atr%=0.21 vol=0.13 DOWN | 15m close=85.46 ema20=86.42 ema50=86.69 rsi=4.5 atr=0.65 atr%=0.76 vol=0.07 DOWN | 1h close=85.72 ema20=86.72 ema50=86.51 rsi=40.9 atr=0.70 atr%=0.81 vol=2.03 DOWN
2026-04-27 14:36:07,176 - INFO - 📊 Balance=5010.56 | daily=0.08%/10% | trades_today=6
2026-04-27 14:36:07,176 - INFO - 🚦 New entries paused: max trades per day reached. Existing positions still managed.
2026-04-27 14:36:07,176 - INFO - 🔎 --- BTCUSDT ---
2026-04-27 14:36:10,348 - INFO - 📈 BTCUSDT | 1m close=77662.00 ema20=77658.57 ema50=77672.01 rsi=48.6 atr=9.47 atr%=0.01 vol=0.01 UP | 5m close=77662.00 ema20=77783.86 ema50=78167.22 rsi=38.1 atr=67.07 atr%=0.09 vol=1.89 DOWN | 15m close=77662.00 ema20=78241.63 ema50=78375.42 rsi=23.7 atr=463.55 atr%=0.60 vol=0.15 DOWN | 1h close=77555.10 ema20=78288.70 ema50=78022.59 rsi=43.9 atr=541.81 atr%=0.70 vol=1.32 DOWN
2026-04-27 14:36:12,540 - INFO - 🔎 --- ETHUSDT ---
2026-04-27 14:36:15,656 - INFO - 📈 ETHUSDT | 1m close=2319.00 ema20=2319.11 ema50=2320.39 rsi=43.1 atr=1.32 atr%=0.06 vol=1.82 DOWN | 5m close=2319.01 ema20=2326.87 ema50=2346.41 rsi=34.1 atr=3.35 atr%=0.14 vol=3.01 DOWN | 15m close=2319.01 ema20=2351.54 ema50=2359.49 rsi=15.6 atr=23.72 atr%=1.02 vol=0.14 DOWN | 1h close=2321.30 ema20=2355.76 ema50=2342.07 rsi=42.2 atr=22.33 atr%=0.96 vol=1.32 DOWN
2026-04-27 14:36:17,804 - INFO - 🔎 --- SOLUSDT ---
2026-04-27 14:36:20,842 - INFO - 📈 SOLUSDT | 1m close=85.46 ema20=85.55 ema50=85.64 rsi=14.7 atr=0.05 atr%=0.06 vol=6.63 DOWN | 5m close=85.46 ema20=85.84 ema50=86.39 rsi=24.8 atr=0.18 atr%=0.21 vol=0.13 DOWN | 15m close=85.46 ema20=86.42 ema50=86.69 rsi=4.5 atr=0.65 atr%=0.76 vol=0.07 DOWN | 1h close=85.72 ema20=86.72 ema50=86.51 rsi=40.9 atr=0.70 atr%=0.81 vol=2.03 DOWN
2026-04-27 14:36:53,989 - INFO - 📊 Balance=5010.56 | daily=0.08%/10% | trades_today=6
2026-04-27 14:36:53,989 - INFO - 🚦 New entries paused: max trades per day reached. Existing positions still managed.
2026-04-27 14:36:53,989 - INFO - 🔎 --- BTCUSDT ---
2026-04-27 14:36:57,403 - INFO - 📈 BTCUSDT | 1m close=77667.00 ema20=77659.38 ema50=77671.82 rsi=52.2 atr=10.11 atr%=0.01 vol=0.14 UP | 5m close=77662.00 ema20=77783.86 ema50=78167.22 rsi=38.1 atr=67.07 atr%=0.09 vol=1.89 DOWN | 15m close=77662.00 ema20=78241.63 ema50=78375.42 rsi=23.7 atr=463.55 atr%=0.60 vol=0.15 DOWN | 1h close=77555.10 ema20=78288.70 ema50=78022.59 rsi=43.9 atr=541.81 atr%=0.70 vol=1.32 DOWN
2026-04-27 14:36:59,633 - INFO - 🔎 --- ETHUSDT ---
2026-04-27 14:37:02,802 - INFO - 📈 ETHUSDT | 1m close=2319.00 ema20=2319.11 ema50=2320.39 rsi=43.1 atr=1.32 atr%=0.06 vol=1.82 DOWN | 5m close=2319.01 ema20=2326.87 ema50=2346.41 rsi=34.1 atr=3.35 atr%=0.14 vol=3.01 DOWN | 15m close=2319.01 ema20=2351.54 ema50=2359.49 rsi=15.6 atr=23.72 atr%=1.02 vol=0.14 DOWN | 1h close=2321.30 ema20=2355.76 ema50=2342.07 rsi=42.2 atr=22.33 atr%=0.96 vol=1.32 DOWN
2026-04-27 14:37:04,923 - INFO - 🔎 --- SOLUSDT ---
2026-04-27 14:37:07,957 - INFO - 📈 SOLUSDT | 1m close=85.46 ema20=85.55 ema50=85.64 rsi=14.7 atr=0.05 atr%=0.06 vol=6.63 DOWN | 5m close=85.46 ema20=85.84 ema50=86.39 rsi=24.8 atr=0.18 atr%=0.21 vol=0.13 DOWN | 15m close=85.46 ema20=86.42 ema50=86.69 rsi=4.5 atr=0.65 atr%=0.76 vol=0.07 DOWN | 1h close=85.72 ema20=86.72 ema50=86.51 rsi=40.9 atr=0.70 atr%=0.81 vol=2.03 DOWN
2026-04-27 14:37:40,860 - INFO - 📊 Balance=5010.56 | daily=0.08%/10% | trades_today=6
2026-04-27 14:37:40,861 - INFO - 🚦 New entries paused: max trades per day reached. Existing positions still managed.
2026-04-27 14:37:40,861 - INFO - 🔎 --- BTCUSDT ---
2026-04-27 14:37:45,261 - INFO - 📈 BTCUSDT | 1m close=77667.00 ema20=77660.10 ema50=77671.63 rsi=52.2 atr=10.76 atr%=0.01 vol=0.00 UP | 5m close=77662.00 ema20=77783.86 ema50=78167.22 rsi=38.1 atr=67.07 atr%=0.09 vol=1.89 DOWN | 15m close=77662.00 ema20=78241.63 ema50=78375.42 rsi=23.7 atr=463.55 atr%=0.60 vol=0.15 DOWN | 1h close=77555.10 ema20=78288.70 ema50=78022.59 rsi=43.9 atr=541.81 atr%=0.70 vol=1.32 DOWN
2026-04-27 14:37:47,785 - INFO - 🔎 --- ETHUSDT ---
2026-04-27 14:37:54,711 - INFO - 📈 ETHUSDT | 1m close=2319.02 ema20=2319.10 ema50=2320.33 rsi=43.3 atr=1.32 atr%=0.06 vol=0.05 DOWN | 5m close=2319.01 ema20=2326.87 ema50=2346.41 rsi=34.1 atr=3.35 atr%=0.14 vol=3.01 DOWN | 15m close=2319.01 ema20=2351.54 ema50=2359.49 rsi=15.6 atr=23.72 atr%=1.02 vol=0.14 DOWN | 1h close=2321.30 ema20=2355.76 ema50=2342.07 rsi=42.2 atr=22.33 atr%=0.96 vol=1.32 DOWN
2026-04-27 14:37:56,854 - INFO - 🔎 --- SOLUSDT ---
2026-04-27 14:37:59,899 - INFO - 📈 SOLUSDT | 1m close=85.46 ema20=85.54 ema50=85.64 rsi=14.7 atr=0.06 atr%=0.07 vol=0.68 DOWN | 5m close=85.46 ema20=85.84 ema50=86.39 rsi=24.8 atr=0.18 atr%=0.21 vol=0.13 DOWN | 15m close=85.46 ema20=86.42 ema50=86.69 rsi=4.5 atr=0.65 atr%=0.76 vol=0.07 DOWN | 1h close=85.72 ema20=86.72 ema50=86.51 rsi=40.9 atr=0.70 atr%=0.81 vol=2.03 DOWN
2026-04-27 14:38:33,323 - INFO - 📊 Balance=5010.56 | daily=0.08%/10% | trades_today=6
2026-04-27 14:38:33,324 - INFO - 🚦 New entries paused: max trades per day reached. Existing positions still managed.
2026-04-27 14:38:33,324 - INFO - 🔎 --- BTCUSDT ---
2026-04-27 14:38:36,521 - INFO - 📈 BTCUSDT | 1m close=77658.50 ema20=77659.95 ema50=77671.11 rsi=46.7 atr=11.35 atr%=0.01 vol=0.01 DOWN | 5m close=77662.00 ema20=77783.86 ema50=78167.22 rsi=38.1 atr=67.07 atr%=0.09 vol=1.89 DOWN | 15m close=77662.00 ema20=78241.63 ema50=78375.42 rsi=23.7 atr=463.55 atr%=0.60 vol=0.15 DOWN | 1h close=77555.10 ema20=78288.70 ema50=78022.59 rsi=43.9 atr=541.81 atr%=0.70 vol=1.32 DOWN
2026-04-27 14:38:38,712 - INFO - 🔎 --- ETHUSDT ---
2026-04-27 14:38:42,009 - INFO - 📈 ETHUSDT | 1m close=2319.02 ema20=2319.09 ema50=2320.28 rsi=43.3 atr=1.32 atr%=0.06 vol=0.01 DOWN | 5m close=2319.01 ema20=2326.87 ema50=2346.41 rsi=34.1 atr=3.35 atr%=0.14 vol=3.01 DOWN | 15m close=2319.01 ema20=2351.54 ema50=2359.49 rsi=15.6 atr=23.72 atr%=1.02 vol=0.14 DOWN | 1h close=2321.30 ema20=2355.76 ema50=2342.07 rsi=42.2 atr=22.33 atr%=0.96 vol=1.32 DOWN
2026-04-27 14:38:44,206 - INFO - 🔎 --- SOLUSDT ---
2026-04-27 14:38:47,108 - INFO - 📈 SOLUSDT | 1m close=85.38 ema20=85.53 ema50=85.63 rsi=11.9 atr=0.07 atr%=0.09 vol=1.29 DOWN | 5m close=85.46 ema20=85.84 ema50=86.39 rsi=24.8 atr=0.18 atr%=0.21 vol=0.13 DOWN | 15m close=85.46 ema20=86.42 ema50=86.69 rsi=4.5 atr=0.65 atr%=0.76 vol=0.07 DOWN | 1h close=85.72 ema20=86.72 ema50=86.51 rsi=40.9 atr=0.70 atr%=0.81 vol=2.03 DOWN
2026-04-27 14:39:19,967 - INFO - 📊 Balance=5010.56 | daily=0.08%/10% | trades_today=6
2026-04-27 14:39:19,967 - INFO - 🚦 New entries paused: max trades per day reached. Existing positions still managed.
2026-04-27 14:39:19,968 - INFO - 🔎 --- BTCUSDT ---
2026-04-27 14:39:23,172 - INFO - 📈 BTCUSDT | 1m close=77669.90 ema20=77660.90 ema50=77671.07 rsi=53.3 atr=12.15 atr%=0.02 vol=1.31 UP | 5m close=77662.00 ema20=77783.86 ema50=78167.22 rsi=38.1 atr=67.07 atr%=0.09 vol=1.89 DOWN | 15m close=77662.00 ema20=78241.63 ema50=78375.42 rsi=23.7 atr=463.55 atr%=0.60 vol=0.15 DOWN | 1h close=77555.10 ema20=78288.70 ema50=78022.59 rsi=43.9 atr=541.81 atr%=0.70 vol=1.32 DOWN
2026-04-27 14:39:25,389 - INFO - 🔎 --- ETHUSDT ---
2026-04-27 14:39:28,984 - INFO - 📈 ETHUSDT | 1m close=2319.00 ema20=2319.08 ema50=2320.23 rsi=43.2 atr=1.33 atr%=0.06 vol=0.00 DOWN | 5m close=2319.01 ema20=2326.87 ema50=2346.41 rsi=34.1 atr=3.35 atr%=0.14 vol=3.01 DOWN | 15m close=2319.01 ema20=2351.54 ema50=2359.49 rsi=15.6 atr=23.72 atr%=1.02 vol=0.14 DOWN | 1h close=2321.30 ema20=2355.76 ema50=2342.07 rsi=42.2 atr=22.33 atr%=0.96 vol=1.32 DOWN
2026-04-27 14:39:31,155 - INFO - 🔎 --- SOLUSDT ---
2026-04-27 14:39:35,052 - INFO - 📈 SOLUSDT | 1m close=85.36 ema20=85.51 ema50=85.62 rsi=11.4 atr=0.08 atr%=0.09 vol=0.20 DOWN | 5m close=85.46 ema20=85.84 ema50=86.39 rsi=24.8 atr=0.18 atr%=0.21 vol=0.13 DOWN | 15m close=85.46 ema20=86.42 ema50=86.69 rsi=4.5 atr=0.65 atr%=0.76 vol=0.07 DOWN | 1h close=85.72 ema20=86.72 ema50=86.51 rsi=40.9 atr=0.70 atr%=0.81 vol=2.03 DOWN
2026-04-27 14:40:08,433 - INFO - 📊 Balance=5010.56 | daily=0.08%/10% | trades_today=6
2026-04-27 14:40:08,433 - INFO - 🚦 New entries paused: max trades per day reached. Existing positions still managed.
2026-04-27 14:40:08,433 - INFO - 🔎 --- BTCUSDT ---
2026-04-27 14:40:13,615 - INFO - 📈 BTCUSDT | 1m close=77669.80 ema20=77661.74 ema50=77671.02 rsi=53.2 atr=13.06 atr%=0.02 vol=0.99 UP | 5m close=77669.80 ema20=77773.00 ema50=78147.71 rsi=50.4 atr=58.41 atr%=0.08 vol=0.37 DOWN | 15m close=77662.00 ema20=78241.63 ema50=78375.42 rsi=23.7 atr=463.55 atr%=0.60 vol=0.15 DOWN | 1h close=77555.10 ema20=78288.70 ema50=78022.59 rsi=43.9 atr=541.81 atr%=0.70 vol=1.32 DOWN
2026-04-27 14:40:16,636 - INFO - 🔎 --- ETHUSDT ---
2026-04-27 14:40:21,215 - INFO - 📈 ETHUSDT | 1m close=2319.02 ema20=2319.08 ema50=2320.18 rsi=43.4 atr=1.34 atr%=0.06 vol=0.00 DOWN | 5m close=2319.02 ema20=2326.12 ema50=2345.33 rsi=23.2 atr=3.25 atr%=0.14 vol=0.38 DOWN | 15m close=2319.01 ema20=2351.54 ema50=2359.49 rsi=15.6 atr=23.72 atr%=1.02 vol=0.14 DOWN | 1h close=2321.30 ema20=2355.76 ema50=2342.07 rsi=42.2 atr=22.33 atr%=0.96 vol=1.32 DOWN
2026-04-27 14:40:24,514 - INFO - 🔎 --- SOLUSDT ---
2026-04-27 14:40:42,353 - INFO - 📈 SOLUSDT | 1m close=85.40 ema20=85.50 ema50=85.61 rsi=18.8 atr=0.09 atr%=0.10 vol=0.15 DOWN | 5m close=85.40 ema20=85.80 ema50=86.35 rsi=29.1 atr=0.17 atr%=0.20 vol=0.40 DOWN | 15m close=85.46 ema20=86.42 ema50=86.69 rsi=4.5 atr=0.65 atr%=0.76 vol=0.07 DOWN | 1h close=85.72 ema20=86.72 ema50=86.51 rsi=40.9 atr=0.70 atr%=0.81 vol=2.03 DOWN
2026-04-27 14:41:18,398 - INFO - 📊 Balance=5010.56 | daily=0.08%/10% | trades_today=6
2026-04-27 14:41:18,398 - INFO - 🚦 New entries paused: max trades per day reached. Existing positions still managed.
2026-04-27 14:41:18,398 - INFO - 🔎 --- BTCUSDT ---
2026-04-27 14:41:38,676 - WARNING - 💥 Loop error: HTTPSConnectionPool(host='demo-fapi.binance.com', port=443): Read timed out. (read timeout=15)
2026-04-27 14:42:09,724 - INFO - 📊 Balance=5010.56 | daily=0.08%/10% | trades_today=6
2026-04-27 14:42:09,725 - INFO - 🚦 New entries paused: max trades per day reached. Existing positions still managed.
2026-04-27 14:42:09,725 - INFO - 🔎 --- BTCUSDT ---
2026-04-27 14:42:41,295 - WARNING - 💥 Loop error: HTTPSConnectionPool(host='demo-fapi.binance.com', port=443): Read timed out. (read timeout=15)
2026-04-27 14:43:13,391 - INFO - 📊 Balance=5010.56 | daily=0.08%/10% | trades_today=6
2026-04-27 14:43:13,391 - INFO - 🚦 New entries paused: max trades per day reached. Existing positions still managed.
2026-04-27 14:43:13,391 - INFO - 🔎 --- BTCUSDT ---
2026-04-27 14:43:32,795 - INFO - 📈 BTCUSDT | 1m close=77662.00 ema20=77663.12 ema50=77670.58 rsi=50.5 atr=13.74 atr%=0.02 vol=0.00 DOWN | 5m close=77669.80 ema20=77773.00 ema50=78147.71 rsi=50.4 atr=58.41 atr%=0.08 vol=0.37 DOWN | 15m close=77662.00 ema20=78241.63 ema50=78375.42 rsi=23.7 atr=463.55 atr%=0.60 vol=0.15 DOWN | 1h close=77555.10 ema20=78288.70 ema50=78022.59 rsi=43.9 atr=541.81 atr%=0.70 vol=1.32 DOWN
2026-04-27 14:43:35,617 - INFO - 🔎 --- ETHUSDT ---
2026-04-27 14:43:40,082 - INFO - 📈 ETHUSDT | 1m close=2319.01 ema20=2319.06 ema50=2320.05 rsi=50.0 atr=1.27 atr%=0.05 vol=0.04 DOWN | 5m close=2319.02 ema20=2326.12 ema50=2345.33 rsi=23.2 atr=3.25 atr%=0.14 vol=0.38 DOWN | 15m close=2319.01 ema20=2351.54 ema50=2359.49 rsi=15.6 atr=23.72 atr%=1.02 vol=0.14 DOWN | 1h close=2321.30 ema20=2355.76 ema50=2342.07 rsi=42.2 atr=22.33 atr%=0.96 vol=1.32 DOWN
2026-04-27 14:43:42,673 - INFO - 🔎 --- SOLUSDT ---
2026-04-27 14:43:45,624 - INFO - 📈 SOLUSDT | 1m close=85.46 ema20=85.49 ema50=85.59 rsi=50.0 atr=0.09 atr%=0.11 vol=0.04 DOWN | 5m close=85.40 ema20=85.80 ema50=86.35 rsi=29.1 atr=0.17 atr%=0.20 vol=0.40 DOWN | 15m close=85.46 ema20=86.42 ema50=86.69 rsi=4.5 atr=0.65 atr%=0.76 vol=0.07 DOWN | 1h close=85.72 ema20=86.72 ema50=86.51 rsi=40.9 atr=0.70 atr%=0.81 vol=2.03 DOWN
2026-04-27 14:44:18,587 - INFO - 📊 Balance=5010.56 | daily=0.08%/10% | trades_today=6
2026-04-27 14:44:18,588 - INFO - 🚦 New entries paused: max trades per day reached. Existing positions still managed.
2026-04-27 14:44:18,588 - INFO - 🔎 --- BTCUSDT ---
2026-04-27 14:44:22,050 - INFO - 📈 BTCUSDT | 1m close=77662.00 ema20=77663.02 ema50=77670.24 rsi=50.0 atr=13.57 atr%=0.02 vol=0.01 DOWN | 5m close=77669.80 ema20=77773.00 ema50=78147.71 rsi=50.4 atr=58.41 atr%=0.08 vol=0.37 DOWN | 15m close=77662.00 ema20=78241.63 ema50=78375.42 rsi=23.7 atr=463.55 atr%=0.60 vol=0.15 DOWN | 1h close=77555.10 ema20=78288.70 ema50=78022.59 rsi=43.9 atr=541.81 atr%=0.70 vol=1.32 DOWN
2026-04-27 14:44:24,780 - INFO - 🔎 --- ETHUSDT ---
2026-04-27 14:44:28,862 - INFO - 📈 ETHUSDT | 1m close=2319.01 ema20=2319.05 ema50=2320.01 rsi=50.0 atr=1.25 atr%=0.05 vol=0.01 DOWN | 5m close=2319.02 ema20=2326.12 ema50=2345.33 rsi=23.2 atr=3.25 atr%=0.14 vol=0.38 DOWN | 15m close=2319.01 ema20=2351.54 ema50=2359.49 rsi=15.6 atr=23.72 atr%=1.02 vol=0.14 DOWN | 1h close=2321.30 ema20=2355.76 ema50=2342.07 rsi=42.2 atr=22.33 atr%=0.96 vol=1.32 DOWN
2026-04-27 14:44:30,986 - INFO - 🔎 --- SOLUSDT ---
2026-04-27 14:44:34,009 - INFO - 📈 SOLUSDT | 1m close=85.40 ema20=85.48 ema50=85.58 rsi=42.9 atr=0.10 atr%=0.12 vol=0.13 DOWN | 5m close=85.40 ema20=85.80 ema50=86.35 rsi=29.1 atr=0.17 atr%=0.20 vol=0.40 DOWN | 15m close=85.46 ema20=86.42 ema50=86.69 rsi=4.5 atr=0.65 atr%=0.76 vol=0.07 DOWN | 1h close=85.72 ema20=86.72 ema50=86.51 rsi=40.9 atr=0.70 atr%=0.81 vol=2.03 DOWN
2026-04-27 14:45:06,801 - INFO - 📊 Balance=5010.56 | daily=0.08%/10% | trades_today=6
2026-04-27 14:45:06,801 - INFO - 🚦 New entries paused: max trades per day reached. Existing positions still managed.
2026-04-27 14:45:06,802 - INFO - 🔎 --- BTCUSDT ---
2026-04-27 14:45:10,163 - INFO - 📈 BTCUSDT | 1m close=77662.00 ema20=77662.92 ema50=77669.93 rsi=45.4 atr=13.57 atr%=0.02 vol=0.00 DOWN | 5m close=77662.00 ema20=77762.43 ema50=78128.67 rsi=50.9 atr=54.89 atr%=0.07 vol=0.07 DOWN | 15m close=77662.00 ema20=78186.43 ema50=78347.43 rsi=23.8 atr=453.98 atr%=0.58 vol=0.64 DOWN | 1h close=77555.10 ema20=78288.70 ema50=78022.59 rsi=43.9 atr=541.81 atr%=0.70 vol=1.32 DOWN
2026-04-27 14:45:12,668 - INFO - 🔎 --- ETHUSDT ---
2026-04-27 14:45:17,714 - INFO - 📈 ETHUSDT | 1m close=2319.01 ema20=2319.05 ema50=2320.01 rsi=50.0 atr=1.25 atr%=0.05 vol=0.01 DOWN | 5m close=2319.01 ema20=2325.45 ema50=2344.30 rsi=56.3 atr=2.51 atr%=0.11 vol=0.17 DOWN | 15m close=2319.01 ema20=2348.44 ema50=2357.90 rsi=16.4 atr=23.47 atr%=1.01 vol=0.98 DOWN | 1h close=2321.30 ema20=2355.76 ema50=2342.07 rsi=42.2 atr=22.33 atr%=0.96 vol=1.32 DOWN
2026-04-27 14:45:19,815 - INFO - 🔎 --- SOLUSDT ---
2026-04-27 14:45:22,799 - INFO - 📈 SOLUSDT | 1m close=85.46 ema20=85.48 ema50=85.58 rsi=50.0 atr=0.11 atr%=0.13 vol=0.53 DOWN | 5m close=85.46 ema20=85.77 ema50=86.32 rsi=36.9 atr=0.16 atr%=0.19 vol=0.16 DOWN | 15m close=85.46 ema20=86.33 ema50=86.64 rsi=4.6 atr=0.64 atr%=0.75 vol=0.11 DOWN | 1h close=85.72 ema20=86.72 ema50=86.51 rsi=40.9 atr=0.70 atr%=0.81 vol=2.03 DOWN
2026-04-27 14:45:55,683 - INFO - 📊 Balance=5010.56 | daily=0.08%/10% | trades_today=6
2026-04-27 14:45:55,683 - INFO - 🚦 New entries paused: max trades per day reached. Existing positions still managed.
2026-04-27 14:45:55,683 - INFO - 🔎 --- BTCUSDT ---
2026-04-27 14:45:58,900 - INFO - 📈 BTCUSDT | 1m close=77662.00 ema20=77662.92 ema50=77669.93 rsi=45.4 atr=13.57 atr%=0.02 vol=0.00 DOWN | 5m close=77662.00 ema20=77762.43 ema50=78128.67 rsi=50.9 atr=54.89 atr%=0.07 vol=0.07 DOWN | 15m close=77662.00 ema20=78186.43 ema50=78347.43 rsi=23.8 atr=453.98 atr%=0.58 vol=0.64 DOWN | 1h close=77555.10 ema20=78288.70 ema50=78022.59 rsi=43.9 atr=541.81 atr%=0.70 vol=1.32 DOWN
2026-04-27 14:46:00,993 - INFO - 🔎 --- ETHUSDT ---
2026-04-27 14:46:04,102 - INFO - 📈 ETHUSDT | 1m close=2319.01 ema20=2319.05 ema50=2319.97 rsi=50.0 atr=1.19 atr%=0.05 vol=0.37 DOWN | 5m close=2319.01 ema20=2325.45 ema50=2344.30 rsi=56.3 atr=2.51 atr%=0.11 vol=0.17 DOWN | 15m close=2319.01 ema20=2348.44 ema50=2357.90 rsi=16.4 atr=23.47 atr%=1.01 vol=0.98 DOWN | 1h close=2321.30 ema20=2355.76 ema50=2342.07 rsi=42.2 atr=22.33 atr%=0.96 vol=1.32 DOWN
2026-04-27 14:46:06,213 - INFO - 🔎 --- SOLUSDT ---
2026-04-27 14:46:09,082 - INFO - 📈 SOLUSDT | 1m close=85.46 ema20=85.48 ema50=85.58 rsi=50.0 atr=0.11 atr%=0.13 vol=0.53 DOWN | 5m close=85.46 ema20=85.77 ema50=86.32 rsi=36.9 atr=0.16 atr%=0.19 vol=0.16 DOWN | 15m close=85.46 ema20=86.33 ema50=86.64 rsi=4.6 atr=0.64 atr%=0.75 vol=0.11 DOWN | 1h close=85.72 ema20=86.72 ema50=86.51 rsi=40.9 atr=0.70 atr%=0.81 vol=2.03 DOWN
2026-04-27 14:47:04,349 - WARNING - 💥 Loop error: HTTPSConnectionPool(host='demo-fapi.binance.com', port=443): Read timed out. (read timeout=15)
2026-04-27 14:47:35,221 - INFO - 📊 Balance=5010.56 | daily=0.08%/10% | trades_today=6
2026-04-27 14:47:35,221 - INFO - 🚦 New entries paused: max trades per day reached. Existing positions still managed.
2026-04-27 14:47:35,222 - INFO - 🔎 --- BTCUSDT ---
2026-04-27 14:47:38,634 - INFO - 📈 BTCUSDT | 1m close=77670.00 ema20=77664.20 ema50=77669.93 rsi=74.0 atr=10.84 atr%=0.01 vol=0.01 UP | 5m close=77662.00 ema20=77762.43 ema50=78128.67 rsi=50.9 atr=54.89 atr%=0.07 vol=0.07 DOWN | 15m close=77662.00 ema20=78186.43 ema50=78347.43 rsi=23.8 atr=453.98 atr%=0.58 vol=0.64 DOWN | 1h close=77555.10 ema20=78288.70 ema50=78022.59 rsi=43.9 atr=541.81 atr%=0.70 vol=1.32 DOWN
2026-04-27 14:47:40,978 - INFO - 🔎 --- ETHUSDT ---
2026-04-27 14:47:44,182 - INFO - 📈 ETHUSDT | 1m close=2319.01 ema20=2319.04 ema50=2319.90 rsi=50.0 atr=0.89 atr%=0.04 vol=0.00 DOWN | 5m close=2319.01 ema20=2325.45 ema50=2344.30 rsi=56.3 atr=2.51 atr%=0.11 vol=0.17 DOWN | 15m close=2319.01 ema20=2348.44 ema50=2357.90 rsi=16.4 atr=23.47 atr%=1.01 vol=0.98 DOWN | 1h close=2321.30 ema20=2355.76 ema50=2342.07 rsi=42.2 atr=22.33 atr%=0.96 vol=1.32 DOWN
2026-04-27 14:47:46,418 - INFO - 🔎 --- SOLUSDT ---
2026-04-27 14:47:49,541 - INFO - 📈 SOLUSDT | 1m close=85.43 ema20=85.47 ema50=85.56 rsi=49.1 atr=0.13 atr%=0.15 vol=0.40 DOWN | 5m close=85.46 ema20=85.77 ema50=86.32 rsi=36.9 atr=0.16 atr%=0.19 vol=0.16 DOWN | 15m close=85.46 ema20=86.33 ema50=86.64 rsi=4.6 atr=0.64 atr%=0.75 vol=0.11 DOWN | 1h close=85.72 ema20=86.72 ema50=86.51 rsi=40.9 atr=0.70 atr%=0.81 vol=2.03 DOWN
2026-04-27 14:48:29,976 - WARNING - 💥 Loop error: ('Connection aborted.', ConnectionResetError(10054, 'An existing connection was forcibly closed by the remote host', None, 10054, None))
2026-04-27 14:49:00,827 - INFO - 📊 Balance=5010.56 | daily=0.08%/10% | trades_today=6
2026-04-27 14:49:00,828 - INFO - 🚦 New entries paused: max trades per day reached. Existing positions still managed.
2026-04-27 14:49:00,828 - INFO - 🔎 --- BTCUSDT ---
2026-04-27 14:49:04,789 - INFO - 📈 BTCUSDT | 1m close=77670.00 ema20=77664.76 ema50=77669.94 rsi=59.4 atr=8.26 atr%=0.01 vol=0.01 UP | 5m close=77662.00 ema20=77762.43 ema50=78128.67 rsi=50.9 atr=54.89 atr%=0.07 vol=0.07 DOWN | 15m close=77662.00 ema20=78186.43 ema50=78347.43 rsi=23.8 atr=453.98 atr%=0.58 vol=0.64 DOWN | 1h close=77555.10 ema20=78288.70 ema50=78022.59 rsi=43.9 atr=541.81 atr%=0.70 vol=1.32 DOWN
2026-04-27 14:49:06,862 - INFO - 🔎 --- ETHUSDT ---
2026-04-27 14:49:10,021 - INFO - 📈 ETHUSDT | 1m close=2319.01 ema20=2319.04 ema50=2319.83 rsi=50.0 atr=0.40 atr%=0.02 vol=0.04 DOWN | 5m close=2319.01 ema20=2325.45 ema50=2344.30 rsi=56.3 atr=2.51 atr%=0.11 vol=0.17 DOWN | 15m close=2319.01 ema20=2348.44 ema50=2357.90 rsi=16.4 atr=23.47 atr%=1.01 vol=0.98 DOWN | 1h close=2321.30 ema20=2355.76 ema50=2342.07 rsi=42.2 atr=22.33 atr%=0.96 vol=1.32 DOWN
2026-04-27 14:49:12,168 - INFO - 🔎 --- SOLUSDT ---
2026-04-27 14:49:15,158 - INFO - 📈 SOLUSDT | 1m close=85.46 ema20=85.46 ema50=85.56 rsi=50.0 atr=0.13 atr%=0.15 vol=0.01 DOWN | 5m close=85.46 ema20=85.77 ema50=86.32 rsi=36.9 atr=0.16 atr%=0.19 vol=0.16 DOWN | 15m close=85.46 ema20=86.33 ema50=86.64 rsi=4.6 atr=0.64 atr%=0.75 vol=0.11 DOWN | 1h close=85.72 ema20=86.72 ema50=86.51 rsi=40.9 atr=0.70 atr%=0.81 vol=2.03 DOWN
2026-04-27 14:49:52,957 - INFO - ════════════════════════════════════════════════════════════════
2026-04-27 14:49:52,957 - INFO - 🤖 Hybrid BTC/ETH/SOL bot started
2026-04-27 14:49:52,957 - INFO - 🧪 DRY_RUN=False | 🧠 AI_VALIDATOR=False | symbols=BTCUSDT,ETHUSDT,SOLUSDT
2026-04-27 14:49:52,958 - INFO - ════════════════════════════════════════════════════════════════
2026-04-27 14:49:53,696 - INFO - ⏱️ Time synced offset=-83ms
2026-04-27 14:49:54,436 - INFO - ✅ Set margin BTCUSDT: already ISOLATED
2026-04-27 14:49:55,112 - INFO - ⚙️ Set leverage BTCUSDT=1x
2026-04-27 14:49:55,806 - INFO - ✅ Set margin ETHUSDT: already ISOLATED
2026-04-27 14:49:56,483 - INFO - ⚙️ Set leverage ETHUSDT=1x
2026-04-27 14:49:57,174 - INFO - ✅ Set margin SOLUSDT: already ISOLATED
2026-04-27 14:49:57,862 - INFO - ⚙️ Set leverage SOLUSDT=1x
2026-04-27 14:49:58,557 - INFO - 📊 Balance=5010.56 | daily=0.08%/10% | trades_today=6
2026-04-27 14:49:58,558 - INFO - 🚦 New entries paused: max trades per day reached. Existing positions still managed.
2026-04-27 14:49:58,558 - INFO - 🔎 --- BTCUSDT ---
2026-04-27 14:50:02,045 - INFO - 📈 BTCUSDT | 1m close=77670.00 ema20=77665.26 ema50=77669.94 rsi=59.7 atr=8.59 atr%=0.01 vol=0.07 UP | 5m close=77662.00 ema20=77762.43 ema50=78128.67 rsi=50.9 atr=54.89 atr%=0.07 vol=0.07 DOWN | 15m close=77662.00 ema20=78186.43 ema50=78347.43 rsi=23.8 atr=453.98 atr%=0.58 vol=0.64 DOWN | 1h close=77555.10 ema20=78288.70 ema50=78022.59 rsi=43.9 atr=541.81 atr%=0.70 vol=1.32 DOWN
2026-04-27 14:50:04,287 - INFO - 🔎 --- ETHUSDT ---
2026-04-27 14:50:13,546 - INFO - 📈 ETHUSDT | 1m close=2319.01 ema20=2319.04 ema50=2319.83 rsi=50.0 atr=0.40 atr%=0.02 vol=0.04 DOWN | 5m close=2319.01 ema20=2325.45 ema50=2344.30 rsi=56.3 atr=2.51 atr%=0.11 vol=0.17 DOWN | 15m close=2319.01 ema20=2348.44 ema50=2357.90 rsi=16.4 atr=23.47 atr%=1.01 vol=0.98 DOWN | 1h close=2321.30 ema20=2355.76 ema50=2342.07 rsi=42.2 atr=22.33 atr%=0.96 vol=1.32 DOWN
2026-04-27 14:50:17,830 - INFO - 🔎 --- SOLUSDT ---
2026-04-27 14:50:23,113 - INFO - 📈 SOLUSDT | 1m close=85.46 ema20=85.46 ema50=85.55 rsi=50.0 atr=0.13 atr%=0.15 vol=0.96 DOWN | 5m close=85.46 ema20=85.74 ema50=86.28 rsi=43.7 atr=0.15 atr%=0.18 vol=0.23 DOWN | 15m close=85.46 ema20=86.33 ema50=86.64 rsi=4.6 atr=0.64 atr%=0.75 vol=0.11 DOWN | 1h close=85.72 ema20=86.72 ema50=86.51 rsi=40.9 atr=0.70 atr%=0.81 vol=2.03 DOWN
2026-04-27 14:50:55,995 - INFO - 📊 Balance=5010.56 | daily=0.08%/10% | trades_today=6
2026-04-27 14:50:55,996 - INFO - 🚦 New entries paused: max trades per day reached. Existing positions still managed.
2026-04-27 14:50:55,996 - INFO - 🔎 --- BTCUSDT ---
2026-04-27 14:50:59,317 - INFO - 📈 BTCUSDT | 1m close=77649.40 ema20=77663.75 ema50=77669.14 rsi=34.5 atr=10.46 atr%=0.01 vol=3.49 DOWN | 5m close=77649.40 ema20=77751.66 ema50=78109.87 rsi=62.6 atr=49.39 atr%=0.06 vol=0.75 DOWN | 15m close=77662.00 ema20=78186.43 ema50=78347.43 rsi=23.8 atr=453.98 atr%=0.58 vol=0.64 DOWN | 1h close=77555.10 ema20=78288.70 ema50=78022.59 rsi=43.9 atr=541.81 atr%=0.70 vol=1.32 DOWN
2026-04-27 14:51:01,469 - INFO - 🔎 --- ETHUSDT ---
2026-04-27 14:51:04,744 - INFO - 📈 ETHUSDT | 1m close=2319.01 ema20=2319.03 ema50=2319.80 rsi=54.5 atr=0.28 atr%=0.01 vol=3.54 DOWN | 5m close=2319.01 ema20=2324.83 ema50=2343.31 rsi=57.6 atr=2.46 atr%=0.11 vol=1.05 DOWN | 15m close=2319.01 ema20=2348.44 ema50=2357.90 rsi=16.4 atr=23.47 atr%=1.01 vol=0.98 DOWN | 1h close=2321.30 ema20=2355.76 ema50=2342.07 rsi=42.2 atr=22.33 atr%=0.96 vol=1.32 DOWN
2026-04-27 14:51:06,934 - INFO - 🔎 --- SOLUSDT ---
2026-04-27 14:51:09,945 - INFO - 📈 SOLUSDT | 1m close=85.46 ema20=85.46 ema50=85.55 rsi=50.0 atr=0.13 atr%=0.15 vol=0.96 DOWN | 5m close=85.46 ema20=85.74 ema50=86.28 rsi=43.7 atr=0.15 atr%=0.18 vol=0.23 DOWN | 15m close=85.46 ema20=86.33 ema50=86.64 rsi=4.6 atr=0.64 atr%=0.75 vol=0.11 DOWN | 1h close=85.72 ema20=86.72 ema50=86.51 rsi=40.9 atr=0.70 atr%=0.81 vol=2.03 DOWN
2026-04-27 14:51:28,928 - WARNING - 🧹 SOLUSDT openAlgoOrders failed, fallback to conditional openOrders: HTTPSConnectionPool(host='demo-fapi.binance.com', port=443): Read timed out. (read timeout=15)
2026-04-27 14:52:02,644 - INFO - 📊 Balance=5010.56 | daily=0.08%/10% | trades_today=6
2026-04-27 14:52:02,644 - INFO - 🚦 New entries paused: max trades per day reached. Existing positions still managed.
2026-04-27 14:52:02,644 - INFO - 🔎 --- BTCUSDT ---
2026-04-27 14:52:13,526 - INFO - 📈 BTCUSDT | 1m close=77667.70 ema20=77661.61 ema50=77667.78 rsi=54.8 atr=13.92 atr%=0.02 vol=1.00 UP | 5m close=77649.40 ema20=77751.66 ema50=78109.87 rsi=62.6 atr=49.39 atr%=0.06 vol=0.75 DOWN | 15m close=77662.00 ema20=78186.43 ema50=78347.43 rsi=23.8 atr=453.98 atr%=0.58 vol=0.64 DOWN | 1h close=77555.10 ema20=78288.70 ema50=78022.59 rsi=43.9 atr=541.81 atr%=0.70 vol=1.32 DOWN
2026-04-27 14:52:16,999 - INFO - 🔎 --- ETHUSDT ---
2026-04-27 14:52:20,533 - INFO - 📈 ETHUSDT | 1m close=2319.01 ema20=2319.03 ema50=2319.74 rsi=44.4 atr=0.29 atr%=0.01 vol=0.02 DOWN | 5m close=2319.01 ema20=2324.83 ema50=2343.31 rsi=57.6 atr=2.46 atr%=0.11 vol=1.05 DOWN | 15m close=2319.01 ema20=2348.44 ema50=2357.90 rsi=16.4 atr=23.47 atr%=1.01 vol=0.98 DOWN | 1h close=2321.30 ema20=2355.76 ema50=2342.07 rsi=42.2 atr=22.33 atr%=0.96 vol=1.32 DOWN
2026-04-27 14:52:22,765 - INFO - 🔎 --- SOLUSDT ---
2026-04-27 14:52:29,325 - INFO - 📈 SOLUSDT | 1m close=85.46 ema20=85.46 ema50=85.54 rsi=56.9 atr=0.12 atr%=0.14 vol=0.03 UP | 5m close=85.46 ema20=85.74 ema50=86.28 rsi=43.7 atr=0.15 atr%=0.18 vol=0.23 DOWN | 15m close=85.46 ema20=86.33 ema50=86.64 rsi=4.6 atr=0.64 atr%=0.75 vol=0.11 DOWN | 1h close=85.72 ema20=86.72 ema50=86.51 rsi=40.9 atr=0.70 atr%=0.81 vol=2.03 DOWN
2026-04-27 14:53:07,016 - INFO - 📊 Balance=5010.56 | daily=0.08%/10% | trades_today=6
2026-04-27 14:53:07,016 - INFO - 🚦 New entries paused: max trades per day reached. Existing positions still managed.
2026-04-27 14:53:07,016 - INFO - 🔎 --- BTCUSDT ---
2026-04-27 14:53:17,412 - INFO - 📈 BTCUSDT | 1m close=77667.70 ema20=77661.61 ema50=77667.78 rsi=54.8 atr=13.92 atr%=0.02 vol=1.00 UP | 5m close=77649.40 ema20=77751.66 ema50=78109.87 rsi=62.6 atr=49.39 atr%=0.06 vol=0.75 DOWN | 15m close=77662.00 ema20=78186.43 ema50=78347.43 rsi=23.8 atr=453.98 atr%=0.58 vol=0.64 DOWN | 1h close=77555.10 ema20=78288.70 ema50=78022.59 rsi=43.9 atr=541.81 atr%=0.70 vol=1.32 DOWN
2026-04-27 14:53:20,465 - INFO - 🔎 --- ETHUSDT ---
2026-04-27 14:53:23,992 - INFO - 📈 ETHUSDT | 1m close=2319.01 ema20=2319.03 ema50=2319.71 rsi=57.1 atr=0.29 atr%=0.01 vol=0.01 DOWN | 5m close=2319.01 ema20=2324.83 ema50=2343.31 rsi=57.6 atr=2.46 atr%=0.11 vol=1.05 DOWN | 15m close=2319.01 ema20=2348.44 ema50=2357.90 rsi=16.4 atr=23.47 atr%=1.01 vol=0.98 DOWN | 1h close=2321.30 ema20=2355.76 ema50=2342.07 rsi=42.2 atr=22.33 atr%=0.96 vol=1.32 DOWN
2026-04-27 14:53:26,150 - INFO - 🔎 --- SOLUSDT ---
2026-04-27 14:53:29,105 - INFO - 📈 SOLUSDT | 1m close=85.46 ema20=85.46 ema50=85.54 rsi=58.9 atr=0.12 atr%=0.14 vol=0.04 UP | 5m close=85.46 ema20=85.74 ema50=86.28 rsi=43.7 atr=0.15 atr%=0.18 vol=0.23 DOWN | 15m close=85.46 ema20=86.33 ema50=86.64 rsi=4.6 atr=0.64 atr%=0.75 vol=0.11 DOWN | 1h close=85.72 ema20=86.72 ema50=86.51 rsi=40.9 atr=0.70 atr%=0.81 vol=2.03 DOWN
2026-04-27 14:54:01,965 - INFO - 📊 Balance=5010.56 | daily=0.08%/10% | trades_today=6
2026-04-27 14:54:01,965 - INFO - 🚦 New entries paused: max trades per day reached. Existing positions still managed.
2026-04-27 14:54:01,965 - INFO - 🔎 --- BTCUSDT ---
2026-04-27 14:54:05,173 - INFO - 📈 BTCUSDT | 1m close=77670.00 ema20=77663.13 ema50=77667.95 rsi=50.1 atr=12.51 atr%=0.02 vol=1.44 UP | 5m close=77649.40 ema20=77751.66 ema50=78109.87 rsi=62.6 atr=49.39 atr%=0.06 vol=0.75 DOWN | 15m close=77662.00 ema20=78186.43 ema50=78347.43 rsi=23.8 atr=453.98 atr%=0.58 vol=0.64 DOWN | 1h close=77555.10 ema20=78288.70 ema50=78022.59 rsi=43.9 atr=541.81 atr%=0.70 vol=1.32 DOWN
2026-04-27 14:54:07,860 - INFO - 🔎 --- ETHUSDT ---
2026-04-27 14:54:11,181 - INFO - 📈 ETHUSDT | 1m close=2319.01 ema20=2319.03 ema50=2319.68 rsi=40.0 atr=0.30 atr%=0.01 vol=1.27 DOWN | 5m close=2319.01 ema20=2324.83 ema50=2343.31 rsi=57.6 atr=2.46 atr%=0.11 vol=1.05 DOWN | 15m close=2319.01 ema20=2348.44 ema50=2357.90 rsi=16.4 atr=23.47 atr%=1.01 vol=0.98 DOWN | 1h close=2321.30 ema20=2355.76 ema50=2342.07 rsi=42.2 atr=22.33 atr%=0.96 vol=1.32 DOWN
2026-04-27 14:54:13,569 - INFO - 🔎 --- SOLUSDT ---
2026-04-27 14:54:16,491 - INFO - 📈 SOLUSDT | 1m close=85.46 ema20=85.46 ema50=85.54 rsi=58.9 atr=0.12 atr%=0.14 vol=0.04 UP | 5m close=85.46 ema20=85.74 ema50=86.28 rsi=43.7 atr=0.15 atr%=0.18 vol=0.23 DOWN | 15m close=85.46 ema20=86.33 ema50=86.64 rsi=4.6 atr=0.64 atr%=0.75 vol=0.11 DOWN | 1h close=85.72 ema20=86.72 ema50=86.51 rsi=40.9 atr=0.70 atr%=0.81 vol=2.03 DOWN
2026-04-27 14:54:50,199 - INFO - 📊 Balance=5010.56 | daily=0.08%/10% | trades_today=6
2026-04-27 14:54:50,200 - INFO - 🚦 New entries paused: max trades per day reached. Existing positions still managed.
2026-04-27 14:54:50,200 - INFO - 🔎 --- BTCUSDT ---
2026-04-27 14:54:55,481 - INFO - 📈 BTCUSDT | 1m close=77670.00 ema20=77663.13 ema50=77667.95 rsi=50.1 atr=12.51 atr%=0.02 vol=1.44 UP | 5m close=77649.40 ema20=77751.66 ema50=78109.87 rsi=62.6 atr=49.39 atr%=0.06 vol=0.75 DOWN | 15m close=77662.00 ema20=78186.43 ema50=78347.43 rsi=23.8 atr=453.98 atr%=0.58 vol=0.64 DOWN | 1h close=77555.10 ema20=78288.70 ema50=78022.59 rsi=43.9 atr=541.81 atr%=0.70 vol=1.32 DOWN
2026-04-27 14:54:58,850 - INFO - 🔎 --- ETHUSDT ---
2026-04-27 14:55:03,685 - INFO - 📈 ETHUSDT | 1m close=2319.01 ema20=2319.03 ema50=2319.68 rsi=40.0 atr=0.30 atr%=0.01 vol=1.27 DOWN | 5m close=2319.01 ema20=2324.83 ema50=2343.31 rsi=57.6 atr=2.46 atr%=0.11 vol=1.05 DOWN | 15m close=2319.01 ema20=2348.44 ema50=2357.90 rsi=16.4 atr=23.47 atr%=1.01 vol=0.98 DOWN | 1h close=2321.30 ema20=2355.76 ema50=2342.07 rsi=42.2 atr=22.33 atr%=0.96 vol=1.32 DOWN
2026-04-27 14:55:06,040 - INFO - 🔎 --- SOLUSDT ---
2026-04-27 14:55:09,087 - INFO - 📈 SOLUSDT | 1m close=85.39 ema20=85.45 ema50=85.53 rsi=43.4 atr=0.11 atr%=0.13 vol=0.03 DOWN | 5m close=85.39 ema20=85.70 ema50=86.25 rsi=31.9 atr=0.14 atr%=0.16 vol=0.02 DOWN | 15m close=85.46 ema20=86.33 ema50=86.64 rsi=4.6 atr=0.64 atr%=0.75 vol=0.11 DOWN | 1h close=85.72 ema20=86.72 ema50=86.51 rsi=40.9 atr=0.70 atr%=0.81 vol=2.03 DOWN
2026-04-27 14:55:42,609 - INFO - 📊 Balance=5010.56 | daily=0.08%/10% | trades_today=6
2026-04-27 14:55:42,610 - INFO - 🚦 New entries paused: max trades per day reached. Existing positions still managed.
2026-04-27 14:55:42,610 - INFO - 🔎 --- BTCUSDT ---
2026-04-27 14:55:53,806 - INFO - 📈 BTCUSDT | 1m close=77662.70 ema20=77663.09 ema50=77667.74 rsi=46.1 atr=12.69 atr%=0.02 vol=5.90 DOWN | 5m close=77662.70 ema20=77743.19 ema50=78092.34 rsi=63.7 atr=44.28 atr%=0.06 vol=1.18 DOWN | 15m close=77662.00 ema20=78186.43 ema50=78347.43 rsi=23.8 atr=453.98 atr%=0.58 vol=0.64 DOWN | 1h close=77555.10 ema20=78288.70 ema50=78022.59 rsi=43.9 atr=541.81 atr%=0.70 vol=1.32 DOWN
2026-04-27 14:55:56,886 - INFO - 🔎 --- ETHUSDT ---
2026-04-27 14:56:04,284 - INFO - 📈 ETHUSDT | 1m close=2319.03 ema20=2319.03 ema50=2319.65 rsi=80.0 atr=0.31 atr%=0.01 vol=1.25 UP | 5m close=2319.03 ema20=2324.28 ema50=2342.36 rsi=55.6 atr=2.05 atr%=0.09 vol=0.41 DOWN | 15m close=2319.01 ema20=2348.44 ema50=2357.90 rsi=16.4 atr=23.47 atr%=1.01 vol=0.98 DOWN | 1h close=2321.30 ema20=2355.76 ema50=2342.07 rsi=42.2 atr=22.33 atr%=0.96 vol=1.32 DOWN
2026-04-27 14:56:06,631 - INFO - 🔎 --- SOLUSDT ---
2026-04-27 14:56:09,606 - INFO - 📈 SOLUSDT | 1m close=85.39 ema20=85.45 ema50=85.53 rsi=43.4 atr=0.11 atr%=0.13 vol=0.03 DOWN | 5m close=85.39 ema20=85.70 ema50=86.25 rsi=31.9 atr=0.14 atr%=0.16 vol=0.02 DOWN | 15m close=85.46 ema20=86.33 ema50=86.64 rsi=4.6 atr=0.64 atr%=0.75 vol=0.11 DOWN | 1h close=85.72 ema20=86.72 ema50=86.51 rsi=40.9 atr=0.70 atr%=0.81 vol=2.03 DOWN
2026-04-27 14:56:42,454 - INFO - 📊 Balance=5010.56 | daily=0.08%/10% | trades_today=6
2026-04-27 14:56:42,454 - INFO - 🚦 New entries paused: max trades per day reached. Existing positions still managed.
2026-04-27 14:56:42,454 - INFO - 🔎 --- BTCUSDT ---
2026-04-27 14:56:45,881 - INFO - 📈 BTCUSDT | 1m close=77670.00 ema20=77663.75 ema50=77667.83 rsi=50.0 atr=12.64 atr%=0.02 vol=1.62 UP | 5m close=77662.70 ema20=77743.19 ema50=78092.34 rsi=63.7 atr=44.28 atr%=0.06 vol=1.18 DOWN | 15m close=77662.00 ema20=78186.43 ema50=78347.43 rsi=23.8 atr=453.98 atr%=0.58 vol=0.64 DOWN | 1h close=77555.10 ema20=78288.70 ema50=78022.59 rsi=43.9 atr=541.81 atr%=0.70 vol=1.32 DOWN
2026-04-27 14:56:48,576 - INFO - 🔎 --- ETHUSDT ---
2026-04-27 14:56:53,174 - INFO - 📈 ETHUSDT | 1m close=2319.01 ema20=2319.02 ema50=2319.63 rsi=57.1 atr=0.30 atr%=0.01 vol=0.01 DOWN | 5m close=2319.03 ema20=2324.28 ema50=2342.36 rsi=55.6 atr=2.05 atr%=0.09 vol=0.41 DOWN | 15m close=2319.01 ema20=2348.44 ema50=2357.90 rsi=16.4 atr=23.47 atr%=1.01 vol=0.98 DOWN | 1h close=2321.30 ema20=2355.76 ema50=2342.07 rsi=42.2 atr=22.33 atr%=0.96 vol=1.32 DOWN
2026-04-27 14:56:55,417 - INFO - 🔎 --- SOLUSDT ---
2026-04-27 14:56:58,632 - INFO - 📈 SOLUSDT | 1m close=85.40 ema20=85.45 ema50=85.53 rsi=47.1 atr=0.11 atr%=0.13 vol=0.03 DOWN | 5m close=85.39 ema20=85.70 ema50=86.25 rsi=31.9 atr=0.14 atr%=0.16 vol=0.02 DOWN | 15m close=85.46 ema20=86.33 ema50=86.64 rsi=4.6 atr=0.64 atr%=0.75 vol=0.11 DOWN | 1h close=85.72 ema20=86.72 ema50=86.51 rsi=40.9 atr=0.70 atr%=0.81 vol=2.03 DOWN
2026-04-27 14:57:32,267 - INFO - 📊 Balance=5010.56 | daily=0.08%/10% | trades_today=6
2026-04-27 14:57:32,268 - INFO - 🚦 New entries paused: max trades per day reached. Existing positions still managed.
2026-04-27 14:57:32,268 - INFO - 🔎 --- BTCUSDT ---
2026-04-27 14:58:20,059 - INFO - 📈 BTCUSDT | 1m close=77670.00 ema20=77664.89 ema50=77668.00 rsi=54.3 atr=11.59 atr%=0.01 vol=0.88 UP | 5m close=77662.70 ema20=77743.19 ema50=78092.34 rsi=63.7 atr=44.28 atr%=0.06 vol=1.18 DOWN | 15m close=77662.00 ema20=78186.43 ema50=78347.43 rsi=23.8 atr=453.98 atr%=0.58 vol=0.64 DOWN | 1h close=77555.10 ema20=78288.70 ema50=78022.59 rsi=43.9 atr=541.81 atr%=0.70 vol=1.32 DOWN
2026-04-27 14:58:22,732 - INFO - 🔎 --- ETHUSDT ---
2026-04-27 14:58:26,112 - INFO - 📈 ETHUSDT | 1m close=2319.00 ema20=2319.00 ema50=2319.57 rsi=49.1 atr=0.43 atr%=0.02 vol=0.65 DOWN | 5m close=2319.03 ema20=2324.28 ema50=2342.36 rsi=55.6 atr=2.05 atr%=0.09 vol=0.41 DOWN | 15m close=2319.01 ema20=2348.44 ema50=2357.90 rsi=16.4 atr=23.47 atr%=1.01 vol=0.98 DOWN | 1h close=2321.30 ema20=2355.76 ema50=2342.07 rsi=42.2 atr=22.33 atr%=0.96 vol=1.32 DOWN
2026-04-27 14:58:28,474 - INFO - 🔎 --- SOLUSDT ---
2026-04-27 14:58:31,721 - INFO - 📈 SOLUSDT | 1m close=85.37 ema20=85.44 ema50=85.52 rsi=47.3 atr=0.10 atr%=0.12 vol=1.42 DOWN | 5m close=85.39 ema20=85.70 ema50=86.25 rsi=31.9 atr=0.14 atr%=0.16 vol=0.02 DOWN | 15m close=85.46 ema20=86.33 ema50=86.64 rsi=4.6 atr=0.64 atr%=0.75 vol=0.11 DOWN | 1h close=85.72 ema20=86.72 ema50=86.51 rsi=40.9 atr=0.70 atr%=0.81 vol=2.03 DOWN
2026-04-27 14:59:08,577 - INFO - 📊 Balance=5010.56 | daily=0.08%/10% | trades_today=6
2026-04-27 14:59:08,577 - INFO - 🚦 New entries paused: max trades per day reached. Existing positions still managed.
2026-04-27 14:59:08,578 - INFO - 🔎 --- BTCUSDT ---
2026-04-27 14:59:25,881 - INFO - 📈 BTCUSDT | 1m close=77668.70 ema20=77665.25 ema50=77668.03 rsi=53.5 atr=11.20 atr%=0.01 vol=0.35 UP | 5m close=77662.70 ema20=77743.19 ema50=78092.34 rsi=63.7 atr=44.28 atr%=0.06 vol=1.18 DOWN | 15m close=77662.00 ema20=78186.43 ema50=78347.43 rsi=23.8 atr=453.98 atr%=0.58 vol=0.64 DOWN | 1h close=77555.10 ema20=78288.70 ema50=78022.59 rsi=43.9 atr=541.81 atr%=0.70 vol=1.32 DOWN
2026-04-27 14:59:28,130 - INFO - 🔎 --- ETHUSDT ---
2026-04-27 14:59:31,317 - INFO - 📈 ETHUSDT | 1m close=2315.73 ema20=2318.69 ema50=2319.42 rsi=6.8 atr=0.68 atr%=0.03 vol=6.73 DOWN | 5m close=2319.03 ema20=2324.28 ema50=2342.36 rsi=55.6 atr=2.05 atr%=0.09 vol=0.41 DOWN | 15m close=2319.01 ema20=2348.44 ema50=2357.90 rsi=16.4 atr=23.47 atr%=1.01 vol=0.98 DOWN | 1h close=2321.30 ema20=2355.76 ema50=2342.07 rsi=42.2 atr=22.33 atr%=0.96 vol=1.32 DOWN
2026-04-27 14:59:33,698 - INFO - 🔎 --- SOLUSDT ---
2026-04-27 14:59:37,486 - INFO - 📈 SOLUSDT | 1m close=85.32 ema20=85.43 ema50=85.51 rsi=37.0 atr=0.10 atr%=0.12 vol=9.91 DOWN | 5m close=85.39 ema20=85.70 ema50=86.25 rsi=31.9 atr=0.14 atr%=0.16 vol=0.02 DOWN | 15m close=85.46 ema20=86.33 ema50=86.64 rsi=4.6 atr=0.64 atr%=0.75 vol=0.11 DOWN | 1h close=85.72 ema20=86.72 ema50=86.51 rsi=40.9 atr=0.70 atr%=0.81 vol=2.03 DOWN
2026-04-27 15:00:10,782 - INFO - 📊 Balance=5010.56 | daily=0.08%/10% | trades_today=6
2026-04-27 15:00:10,783 - INFO - 🚦 New entries paused: max trades per day reached. Existing positions still managed.
2026-04-27 15:00:10,783 - INFO - 🔎 --- BTCUSDT ---
2026-04-27 15:00:16,004 - INFO - 📈 BTCUSDT | 1m close=77669.10 ema20=77665.62 ema50=77668.07 rsi=49.5 atr=12.86 atr%=0.02 vol=5.63 UP | 5m close=77669.10 ema20=77736.13 ema50=78075.74 rsi=51.6 atr=38.87 atr%=0.05 vol=1.35 DOWN | 15m close=77669.10 ema20=78137.16 ema50=78320.84 rsi=21.4 atr=442.71 atr%=0.57 vol=0.62 DOWN | 1h close=77669.10 ema20=78229.69 ema50=78008.74 rsi=44.9 atr=544.00 atr%=0.70 vol=0.53 DOWN
2026-04-27 15:00:20,164 - INFO - 🔎 --- ETHUSDT ---
2026-04-27 15:00:26,495 - INFO - 📈 ETHUSDT | 1m close=2318.02 ema20=2318.63 ema50=2319.37 rsi=41.9 atr=0.88 atr%=0.04 vol=4.93 DOWN | 5m close=2318.02 ema20=2323.68 ema50=2341.40 rsi=46.8 atr=2.12 atr%=0.09 vol=1.75 DOWN | 15m close=2318.02 ema20=2345.54 ema50=2356.34 rsi=16.3 atr=23.30 atr%=1.01 vol=0.68 DOWN | 1h close=2318.02 ema20=2352.16 ema50=2341.12 rsi=40.0 atr=22.31 atr%=0.96 vol=0.59 DOWN
2026-04-27 15:00:28,755 - INFO - 🔎 --- SOLUSDT ---
2026-04-27 15:00:31,833 - INFO - 📈 SOLUSDT | 1m close=85.24 ema20=85.41 ema50=85.50 rsi=36.4 atr=0.11 atr%=0.13 vol=10.68 DOWN | 5m close=85.24 ema20=85.66 ema50=86.21 rsi=28.9 atr=0.14 atr%=0.16 vol=1.78 DOWN | 15m close=85.24 ema20=86.22 ema50=86.59 rsi=4.2 atr=0.64 atr%=0.75 vol=0.14 DOWN | 1h close=85.24 ema20=86.58 ema50=86.46 rsi=35.7 atr=0.71 atr%=0.84 vol=0.30 DOWN
2026-04-27 15:01:06,531 - INFO - 📊 Balance=5010.56 | daily=0.08%/10% | trades_today=6
2026-04-27 15:01:06,532 - INFO - 🚦 New entries paused: max trades per day reached. Existing positions still managed.
2026-04-27 15:01:06,532 - INFO - 🔎 --- BTCUSDT ---
2026-04-27 15:01:12,542 - INFO - 📈 BTCUSDT | 1m close=77669.10 ema20=77665.95 ema50=77668.11 rsi=49.5 atr=14.90 atr%=0.02 vol=0.01 UP | 5m close=77669.10 ema20=77736.13 ema50=78075.74 rsi=51.6 atr=38.87 atr%=0.05 vol=1.35 DOWN | 15m close=77669.10 ema20=78137.16 ema50=78320.84 rsi=21.4 atr=442.71 atr%=0.57 vol=0.62 DOWN | 1h close=77669.10 ema20=78229.69 ema50=78008.74 rsi=44.9 atr=544.00 atr%=0.70 vol=0.53 DOWN
2026-04-27 15:01:14,927 - INFO - 🔎 --- ETHUSDT ---
2026-04-27 15:01:18,664 - INFO - 📈 ETHUSDT | 1m close=2318.01 ema20=2318.57 ema50=2319.31 rsi=41.8 atr=0.89 atr%=0.04 vol=1.49 DOWN | 5m close=2318.02 ema20=2323.68 ema50=2341.40 rsi=46.8 atr=2.12 atr%=0.09 vol=1.75 DOWN | 15m close=2318.02 ema20=2345.54 ema50=2356.34 rsi=16.3 atr=23.30 atr%=1.01 vol=0.68 DOWN | 1h close=2318.02 ema20=2352.16 ema50=2341.12 rsi=40.0 atr=22.31 atr%=0.96 vol=0.59 DOWN
2026-04-27 15:01:20,904 - INFO - 🔎 --- SOLUSDT ---
2026-04-27 15:01:24,752 - INFO - 📈 SOLUSDT | 1m close=85.20 ema20=85.39 ema50=85.49 rsi=29.1 atr=0.11 atr%=0.13 vol=1.50 DOWN | 5m close=85.24 ema20=85.66 ema50=86.21 rsi=28.9 atr=0.14 atr%=0.16 vol=1.78 DOWN | 15m close=85.24 ema20=86.22 ema50=86.59 rsi=4.2 atr=0.64 atr%=0.75 vol=0.14 DOWN | 1h close=85.24 ema20=86.58 ema50=86.46 rsi=35.7 atr=0.71 atr%=0.84 vol=0.30 DOWN
2026-04-27 15:02:02,863 - INFO - 📊 Balance=5010.56 | daily=0.08%/10% | trades_today=6
2026-04-27 15:02:02,863 - INFO - 🚦 New entries paused: max trades per day reached. Existing positions still managed.
2026-04-27 15:02:02,864 - INFO - 🔎 --- BTCUSDT ---
2026-04-27 15:02:07,277 - INFO - 📈 BTCUSDT | 1m close=77669.10 ema20=77665.95 ema50=77668.11 rsi=49.5 atr=14.90 atr%=0.02 vol=0.01 UP | 5m close=77669.10 ema20=77736.13 ema50=78075.74 rsi=51.6 atr=38.87 atr%=0.05 vol=1.35 DOWN | 15m close=77669.10 ema20=78137.16 ema50=78320.84 rsi=21.4 atr=442.71 atr%=0.57 vol=0.62 DOWN | 1h close=77669.10 ema20=78229.69 ema50=78008.74 rsi=44.9 atr=544.00 atr%=0.70 vol=0.53 DOWN
2026-04-27 15:02:10,388 - INFO - 🔎 --- ETHUSDT ---
2026-04-27 15:02:14,205 - INFO - 📈 ETHUSDT | 1m close=2315.05 ema20=2318.23 ema50=2319.15 rsi=28.1 atr=1.10 atr%=0.05 vol=3.29 DOWN | 5m close=2318.02 ema20=2323.68 ema50=2341.40 rsi=46.8 atr=2.12 atr%=0.09 vol=1.75 DOWN | 15m close=2318.02 ema20=2345.54 ema50=2356.34 rsi=16.3 atr=23.30 atr%=1.01 vol=0.68 DOWN | 1h close=2318.02 ema20=2352.16 ema50=2341.12 rsi=40.0 atr=22.31 atr%=0.96 vol=0.59 DOWN
2026-04-27 15:02:16,594 - INFO - 🔎 --- SOLUSDT ---
2026-04-27 15:02:19,576 - INFO - 📈 SOLUSDT | 1m close=85.22 ema20=85.37 ema50=85.48 rsi=27.8 atr=0.13 atr%=0.15 vol=3.29 DOWN | 5m close=85.24 ema20=85.66 ema50=86.21 rsi=28.9 atr=0.14 atr%=0.16 vol=1.78 DOWN | 15m close=85.24 ema20=86.22 ema50=86.59 rsi=4.2 atr=0.64 atr%=0.75 vol=0.14 DOWN | 1h close=85.24 ema20=86.58 ema50=86.46 rsi=35.7 atr=0.71 atr%=0.84 vol=0.30 DOWN
2026-04-27 15:02:52,651 - INFO - 📊 Balance=5010.56 | daily=0.08%/10% | trades_today=6
2026-04-27 15:02:52,652 - INFO - 🚦 New entries paused: max trades per day reached. Existing positions still managed.
2026-04-27 15:02:52,652 - INFO - 🔎 --- BTCUSDT ---
2026-04-27 15:02:56,137 - INFO - 📈 BTCUSDT | 1m close=77669.10 ema20=77666.25 ema50=77668.15 rsi=49.5 atr=18.69 atr%=0.02 vol=2.50 UP | 5m close=77669.10 ema20=77736.13 ema50=78075.74 rsi=51.6 atr=38.87 atr%=0.05 vol=1.35 DOWN | 15m close=77669.10 ema20=78137.16 ema50=78320.84 rsi=21.4 atr=442.71 atr%=0.57 vol=0.62 DOWN | 1h close=77669.10 ema20=78229.69 ema50=78008.74 rsi=44.9 atr=544.00 atr%=0.70 vol=0.53 DOWN
2026-04-27 15:02:58,718 - INFO - 🔎 --- ETHUSDT ---
2026-04-27 15:03:02,979 - INFO - 📈 ETHUSDT | 1m close=2315.05 ema20=2318.23 ema50=2319.15 rsi=28.1 atr=1.10 atr%=0.05 vol=3.29 DOWN | 5m close=2318.02 ema20=2323.68 ema50=2341.40 rsi=46.8 atr=2.12 atr%=0.09 vol=1.75 DOWN | 15m close=2318.02 ema20=2345.54 ema50=2356.34 rsi=16.3 atr=23.30 atr%=1.01 vol=0.68 DOWN | 1h close=2318.02 ema20=2352.16 ema50=2341.12 rsi=40.0 atr=22.31 atr%=0.96 vol=0.59 DOWN
2026-04-27 15:03:05,170 - INFO - 🔎 --- SOLUSDT ---
2026-04-27 15:03:08,222 - INFO - 📈 SOLUSDT | 1m close=85.22 ema20=85.37 ema50=85.48 rsi=27.8 atr=0.13 atr%=0.15 vol=3.29 DOWN | 5m close=85.24 ema20=85.66 ema50=86.21 rsi=28.9 atr=0.14 atr%=0.16 vol=1.78 DOWN | 15m close=85.24 ema20=86.22 ema50=86.59 rsi=4.2 atr=0.64 atr%=0.75 vol=0.14 DOWN | 1h close=85.24 ema20=86.58 ema50=86.46 rsi=35.7 atr=0.71 atr%=0.84 vol=0.30 DOWN
2026-04-27 15:04:40,359 - WARNING - 💥 Loop error: HTTPSConnectionPool(host='demo-fapi.binance.com', port=443): Max retries exceeded with url: /fapi/v2/balance?timestamp=1777277024071&recvWindow=10000&signature=87767d888b3b7d662f2cf18865f5bce237ab182fc8c69eaba9a53a89c1cbb5f3 (Caused by ConnectTimeoutError(<HTTPSConnection(host='demo-fapi.binance.com', port=443) at 0x216b7d1b250>, 'Connection to demo-fapi.binance.com timed out. (connect timeout=15)'))
2026-04-27 15:05:10,366 - WARNING - 💥 Loop error: HTTPSConnectionPool(host='demo-fapi.binance.com', port=443): Max retries exceeded with url: /fapi/v2/balance?timestamp=1777277110277&recvWindow=10000&signature=ab3a3ef3b64b6fbfc8992634a688dac604290055f47666191eba3d4c676e070b (Caused by NameResolutionError("HTTPSConnection(host='demo-fapi.binance.com', port=443): Failed to resolve 'demo-fapi.binance.com' ([Errno 11001] getaddrinfo failed)"))
2026-04-27 15:05:41,396 - INFO - 📊 Balance=5010.56 | daily=0.08%/10% | trades_today=6
2026-04-27 15:05:41,396 - INFO - 🚦 New entries paused: max trades per day reached. Existing positions still managed.
2026-04-27 15:05:41,396 - INFO - 🔎 --- BTCUSDT ---
2026-04-27 15:05:45,415 - INFO - 📈 BTCUSDT | 1m close=77669.10 ema20=77666.30 ema50=77667.93 rsi=71.8 atr=24.37 atr%=0.03 vol=0.04 UP | 5m close=77669.10 ema20=77729.75 ema50=78059.79 rsi=52.9 atr=42.46 atr%=0.05 vol=0.55 DOWN | 15m close=77669.10 ema20=78137.16 ema50=78320.84 rsi=21.4 atr=442.71 atr%=0.57 vol=0.62 DOWN | 1h close=77669.10 ema20=78229.69 ema50=78008.74 rsi=44.9 atr=544.00 atr%=0.70 vol=0.53 DOWN
2026-04-27 15:05:48,153 - INFO - 🔎 --- ETHUSDT ---
2026-04-27 15:05:52,320 - INFO - 📈 ETHUSDT | 1m close=2318.05 ema20=2318.15 ema50=2319.01 rsi=46.2 atr=1.22 atr%=0.05 vol=0.24 DOWN | 5m close=2318.05 ema20=2323.15 ema50=2340.49 rsi=3.4 atr=1.99 atr%=0.09 vol=1.60 DOWN | 15m close=2318.02 ema20=2345.54 ema50=2356.34 rsi=16.3 atr=23.30 atr%=1.01 vol=0.68 DOWN | 1h close=2318.02 ema20=2352.16 ema50=2341.12 rsi=40.0 atr=22.31 atr%=0.96 vol=0.59 DOWN
2026-04-27 15:05:56,116 - INFO - 🔎 --- SOLUSDT ---
2026-04-27 15:06:00,476 - INFO - 📈 SOLUSDT | 1m close=85.29 ema20=85.35 ema50=85.45 rsi=41.4 atr=0.15 atr%=0.17 vol=0.99 DOWN | 5m close=85.29 ema20=85.62 ema50=86.17 rsi=21.7 atr=0.14 atr%=0.17 vol=0.90 DOWN | 15m close=85.24 ema20=86.22 ema50=86.59 rsi=4.2 atr=0.64 atr%=0.75 vol=0.14 DOWN | 1h close=85.24 ema20=86.58 ema50=86.46 rsi=35.7 atr=0.71 atr%=0.84 vol=0.30 DOWN
2026-04-27 15:06:57,907 - INFO - ════════════════════════════════════════════════════════════════
2026-04-27 15:06:57,908 - INFO - 🤖 Hybrid BTC/ETH/SOL bot started
2026-04-27 15:06:57,908 - INFO - 🧪 DRY_RUN=False | 🧠 AI_VALIDATOR=False | symbols=BTCUSDT,ETHUSDT,SOLUSDT
2026-04-27 15:06:57,908 - INFO - ════════════════════════════════════════════════════════════════
2026-04-27 15:06:59,383 - INFO - ⏱️ Time synced offset=-83ms
2026-04-27 15:07:00,187 - INFO - ✅ Set margin BTCUSDT: already ISOLATED
2026-04-27 15:07:00,932 - INFO - ⚙️ Set leverage BTCUSDT=1x
2026-04-27 15:07:02,036 - INFO - ✅ Set margin ETHUSDT: already ISOLATED
2026-04-27 15:07:02,762 - INFO - ⚙️ Set leverage ETHUSDT=1x
2026-04-27 15:07:03,500 - INFO - ✅ Set margin SOLUSDT: already ISOLATED
2026-04-27 15:07:04,261 - INFO - ⚙️ Set leverage SOLUSDT=1x
2026-04-27 15:07:04,986 - INFO - 🔄 Runtime mode changed dry_run=None -> False; resetting daily counters
2026-04-27 15:07:04,988 - INFO - 📊 Balance=5010.56 | daily=0.00%/10% | trades_today=0
2026-04-27 15:07:07,601 - INFO - 🔎 --- BTCUSDT ---
2026-04-27 15:07:12,139 - INFO - 📈 BTCUSDT | 1m close=77669.10 ema20=77666.81 ema50=77668.02 rsi=49.0 atr=22.31 atr%=0.03 vol=0.02 UP | 5m close=77669.10 ema20=77729.75 ema50=78059.79 rsi=52.9 atr=42.46 atr%=0.05 vol=0.55 DOWN | 15m close=77669.10 ema20=78137.16 ema50=78320.84 rsi=21.4 atr=442.71 atr%=0.57 vol=0.62 DOWN | 1h close=77669.10 ema20=78229.69 ema50=78008.74 rsi=44.9 atr=544.00 atr%=0.70 vol=0.53 DOWN
2026-04-27 15:07:14,668 - INFO - ⏸️ BTCUSDT no entry: ATR filter fail atr%=0.05
2026-04-27 15:07:14,668 - INFO - 🔎 --- ETHUSDT ---
2026-04-27 15:07:18,889 - INFO - 📈 ETHUSDT | 1m close=2316.41 ema20=2317.97 ema50=2318.87 rsi=40.8 atr=1.37 atr%=0.06 vol=1.82 DOWN | 5m close=2318.05 ema20=2323.15 ema50=2340.49 rsi=3.4 atr=1.99 atr%=0.09 vol=1.60 DOWN | 15m close=2318.02 ema20=2345.54 ema50=2356.34 rsi=16.3 atr=23.30 atr%=1.01 vol=0.68 DOWN | 1h close=2318.02 ema20=2352.16 ema50=2341.12 rsi=40.0 atr=22.31 atr%=0.96 vol=0.59 DOWN
2026-04-27 15:07:22,192 - INFO - ⏸️ ETHUSDT no entry: ATR filter fail atr%=0.09
2026-04-27 15:07:22,192 - INFO - 🔎 --- SOLUSDT ---
2026-04-27 15:07:27,251 - INFO - 📈 SOLUSDT | 1m close=85.45 ema20=85.36 ema50=85.45 rsi=49.3 atr=0.16 atr%=0.18 vol=0.11 UP | 5m close=85.29 ema20=85.62 ema50=86.17 rsi=21.7 atr=0.14 atr%=0.17 vol=0.90 DOWN | 15m close=85.24 ema20=86.22 ema50=86.59 rsi=4.2 atr=0.64 atr%=0.75 vol=0.14 DOWN | 1h close=85.24 ema20=86.58 ema50=86.46 rsi=35.7 atr=0.71 atr%=0.84 vol=0.30 DOWN
2026-04-27 15:07:29,685 - INFO - ⏸️ SOLUSDT no entry: 5m entry not ready side=SELL close=85.29 ema20=85.62 momentum=0.00059
2026-04-27 15:08:00,436 - INFO - 📊 Balance=5010.56 | daily=0.00%/10% | trades_today=0
2026-04-27 15:08:02,699 - INFO - 🔎 --- BTCUSDT ---
2026-04-27 15:08:06,338 - INFO - 📈 BTCUSDT | 1m close=77669.10 ema20=77666.81 ema50=77668.02 rsi=49.0 atr=22.31 atr%=0.03 vol=0.02 UP | 5m close=77669.10 ema20=77729.75 ema50=78059.79 rsi=52.9 atr=42.46 atr%=0.05 vol=0.55 DOWN | 15m close=77669.10 ema20=78137.16 ema50=78320.84 rsi=21.4 atr=442.71 atr%=0.57 vol=0.62 DOWN | 1h close=77669.10 ema20=78229.69 ema50=78008.74 rsi=44.9 atr=544.00 atr%=0.70 vol=0.53 DOWN
2026-04-27 15:08:08,493 - INFO - ⏸️ BTCUSDT no entry: ATR filter fail atr%=0.05
2026-04-27 15:08:08,494 - INFO - 🔎 --- ETHUSDT ---
2026-04-27 15:08:11,735 - INFO - 📈 ETHUSDT | 1m close=2316.41 ema20=2317.97 ema50=2318.87 rsi=40.8 atr=1.37 atr%=0.06 vol=1.82 DOWN | 5m close=2318.05 ema20=2323.15 ema50=2340.49 rsi=3.4 atr=1.99 atr%=0.09 vol=1.60 DOWN | 15m close=2318.02 ema20=2345.54 ema50=2356.34 rsi=16.3 atr=23.30 atr%=1.01 vol=0.68 DOWN | 1h close=2318.02 ema20=2352.16 ema50=2341.12 rsi=40.0 atr=22.31 atr%=0.96 vol=0.59 DOWN
2026-04-27 15:08:13,866 - INFO - ⏸️ ETHUSDT no entry: ATR filter fail atr%=0.09
2026-04-27 15:08:13,866 - INFO - 🔎 --- SOLUSDT ---
2026-04-27 15:08:16,865 - INFO - 📈 SOLUSDT | 1m close=85.43 ema20=85.37 ema50=85.45 rsi=47.8 atr=0.16 atr%=0.18 vol=0.00 UP | 5m close=85.29 ema20=85.62 ema50=86.17 rsi=21.7 atr=0.14 atr%=0.17 vol=0.90 DOWN | 15m close=85.24 ema20=86.22 ema50=86.59 rsi=4.2 atr=0.64 atr%=0.75 vol=0.14 DOWN | 1h close=85.24 ema20=86.58 ema50=86.46 rsi=35.7 atr=0.71 atr%=0.84 vol=0.30 DOWN
2026-04-27 15:08:20,013 - INFO - ⏸️ SOLUSDT no entry: 5m entry not ready side=SELL close=85.29 ema20=85.62 momentum=0.00059
2026-04-27 15:08:50,737 - INFO - 📊 Balance=5010.56 | daily=0.00%/10% | trades_today=0
2026-04-27 15:08:52,902 - INFO - 🔎 --- BTCUSDT ---
2026-04-27 15:08:56,576 - INFO - 📈 BTCUSDT | 1m close=77669.10 ema20=77667.03 ema50=77668.06 rsi=49.0 atr=23.69 atr%=0.03 vol=1.33 UP | 5m close=77669.10 ema20=77729.75 ema50=78059.79 rsi=52.9 atr=42.46 atr%=0.05 vol=0.55 DOWN | 15m close=77669.10 ema20=78137.16 ema50=78320.84 rsi=21.4 atr=442.71 atr%=0.57 vol=0.62 DOWN | 1h close=77669.10 ema20=78229.69 ema50=78008.74 rsi=44.9 atr=544.00 atr%=0.70 vol=0.53 DOWN
2026-04-27 15:08:59,794 - INFO - ⏸️ BTCUSDT no entry: ATR filter fail atr%=0.05
2026-04-27 15:08:59,794 - INFO - 🔎 --- ETHUSDT ---
2026-04-27 15:09:03,211 - INFO - 📈 ETHUSDT | 1m close=2317.11 ema20=2317.89 ema50=2318.80 rsi=43.6 atr=1.48 atr%=0.06 vol=0.31 DOWN | 5m close=2318.05 ema20=2323.15 ema50=2340.49 rsi=3.4 atr=1.99 atr%=0.09 vol=1.60 DOWN | 15m close=2318.02 ema20=2345.54 ema50=2356.34 rsi=16.3 atr=23.30 atr%=1.01 vol=0.68 DOWN | 1h close=2318.02 ema20=2352.16 ema50=2341.12 rsi=40.0 atr=22.31 atr%=0.96 vol=0.59 DOWN
2026-04-27 15:09:05,364 - INFO - ⏸️ ETHUSDT no entry: ATR filter fail atr%=0.09
2026-04-27 15:09:05,364 - INFO - 🔎 --- SOLUSDT ---
2026-04-27 15:09:08,494 - INFO - 📈 SOLUSDT | 1m close=85.44 ema20=85.37 ema50=85.45 rsi=54.0 atr=0.16 atr%=0.18 vol=0.03 UP | 5m close=85.29 ema20=85.62 ema50=86.17 rsi=21.7 atr=0.14 atr%=0.17 vol=0.90 DOWN | 15m close=85.24 ema20=86.22 ema50=86.59 rsi=4.2 atr=0.64 atr%=0.75 vol=0.14 DOWN | 1h close=85.24 ema20=86.58 ema50=86.46 rsi=35.7 atr=0.71 atr%=0.84 vol=0.30 DOWN
2026-04-27 15:09:10,664 - INFO - ⏸️ SOLUSDT no entry: 5m entry not ready side=SELL close=85.29 ema20=85.62 momentum=0.00059
2026-04-27 15:09:41,394 - INFO - 📊 Balance=5010.56 | daily=0.00%/10% | trades_today=0
2026-04-27 15:09:43,644 - INFO - 🔎 --- BTCUSDT ---
2026-04-27 15:09:47,267 - INFO - 📈 BTCUSDT | 1m close=77669.10 ema20=77667.22 ema50=77668.10 rsi=58.7 atr=29.09 atr%=0.04 vol=5.95 UP | 5m close=77669.10 ema20=77729.75 ema50=78059.79 rsi=52.9 atr=42.46 atr%=0.05 vol=0.55 DOWN | 15m close=77669.10 ema20=78137.16 ema50=78320.84 rsi=21.4 atr=442.71 atr%=0.57 vol=0.62 DOWN | 1h close=77669.10 ema20=78229.69 ema50=78008.74 rsi=44.9 atr=544.00 atr%=0.70 vol=0.53 DOWN
2026-04-27 15:09:49,439 - INFO - ⏸️ BTCUSDT no entry: ATR filter fail atr%=0.05
2026-04-27 15:09:49,440 - INFO - 🔎 --- ETHUSDT ---
2026-04-27 15:09:52,699 - INFO - 📈 ETHUSDT | 1m close=2316.27 ema20=2317.74 ema50=2318.70 rsi=41.2 atr=1.65 atr%=0.07 vol=0.23 DOWN | 5m close=2318.05 ema20=2323.15 ema50=2340.49 rsi=3.4 atr=1.99 atr%=0.09 vol=1.60 DOWN | 15m close=2318.02 ema20=2345.54 ema50=2356.34 rsi=16.3 atr=23.30 atr%=1.01 vol=0.68 DOWN | 1h close=2318.02 ema20=2352.16 ema50=2341.12 rsi=40.0 atr=22.31 atr%=0.96 vol=0.59 DOWN
2026-04-27 15:09:55,280 - INFO - ⏸️ ETHUSDT no entry: ATR filter fail atr%=0.09
2026-04-27 15:09:55,280 - INFO - 🔎 --- SOLUSDT ---
2026-04-27 15:09:58,320 - INFO - 📈 SOLUSDT | 1m close=85.44 ema20=85.37 ema50=85.45 rsi=54.0 atr=0.16 atr%=0.18 vol=0.03 UP | 5m close=85.29 ema20=85.62 ema50=86.17 rsi=21.7 atr=0.14 atr%=0.17 vol=0.90 DOWN | 15m close=85.24 ema20=86.22 ema50=86.59 rsi=4.2 atr=0.64 atr%=0.75 vol=0.14 DOWN | 1h close=85.24 ema20=86.58 ema50=86.46 rsi=35.7 atr=0.71 atr%=0.84 vol=0.30 DOWN
2026-04-27 15:10:00,485 - INFO - ⏸️ SOLUSDT no entry: 5m entry not ready side=SELL close=85.29 ema20=85.62 momentum=0.00059
2026-04-27 15:10:31,312 - INFO - 📊 Balance=5010.56 | daily=0.00%/10% | trades_today=0
2026-04-27 15:10:33,631 - INFO - 🔎 --- BTCUSDT ---
2026-04-27 15:10:36,936 - INFO - 📈 BTCUSDT | 1m close=77669.10 ema20=77667.40 ema50=77668.14 rsi=48.5 atr=28.72 atr%=0.04 vol=0.00 UP | 5m close=77669.10 ema20=77723.97 ema50=78044.47 rsi=85.9 atr=39.30 atr%=0.05 vol=2.08 DOWN | 15m close=77669.10 ema20=78137.16 ema50=78320.84 rsi=21.4 atr=442.71 atr%=0.57 vol=0.62 DOWN | 1h close=77669.10 ema20=78229.69 ema50=78008.74 rsi=44.9 atr=544.00 atr%=0.70 vol=0.53 DOWN
2026-04-27 15:10:39,095 - INFO - ⏸️ BTCUSDT no entry: ATR filter fail atr%=0.05
2026-04-27 15:10:39,095 - INFO - 🔎 --- ETHUSDT ---
2026-04-27 15:10:42,553 - INFO - 📈 ETHUSDT | 1m close=2318.00 ema20=2317.76 ema50=2318.67 rsi=47.1 atr=1.90 atr%=0.08 vol=1.95 UP | 5m close=2318.00 ema20=2322.66 ema50=2339.60 rsi=3.4 atr=1.96 atr%=0.08 vol=1.08 DOWN | 15m close=2318.02 ema20=2345.54 ema50=2356.34 rsi=16.3 atr=23.30 atr%=1.01 vol=0.68 DOWN | 1h close=2318.02 ema20=2352.16 ema50=2341.12 rsi=40.0 atr=22.31 atr%=0.96 vol=0.59 DOWN
2026-04-27 15:10:44,713 - INFO - ⏸️ ETHUSDT no entry: ATR filter fail atr%=0.08
2026-04-27 15:10:44,714 - INFO - 🔎 --- SOLUSDT ---
2026-04-27 15:10:47,816 - INFO - 📈 SOLUSDT | 1m close=85.45 ema20=85.38 ema50=85.45 rsi=54.0 atr=0.16 atr%=0.18 vol=0.29 UP | 5m close=85.45 ema20=85.61 ema50=86.14 rsi=33.3 atr=0.14 atr%=0.16 vol=0.21 DOWN | 15m close=85.24 ema20=86.22 ema50=86.59 rsi=4.2 atr=0.64 atr%=0.75 vol=0.14 DOWN | 1h close=85.24 ema20=86.58 ema50=86.46 rsi=35.7 atr=0.71 atr%=0.84 vol=0.30 DOWN
2026-04-27 15:10:50,258 - INFO - ⏸️ SOLUSDT no entry: 5m entry not ready side=SELL close=85.45 ema20=85.61 momentum=0.00188
2026-04-27 15:11:21,005 - INFO - 📊 Balance=5010.56 | daily=0.00%/10% | trades_today=0
2026-04-27 15:11:24,210 - INFO - 🔎 --- BTCUSDT ---
2026-04-27 15:11:28,420 - INFO - 📈 BTCUSDT | 1m close=77669.10 ema20=77667.56 ema50=77668.18 rsi=48.3 atr=34.66 atr%=0.04 vol=1.41 UP | 5m close=77669.10 ema20=77723.97 ema50=78044.47 rsi=85.9 atr=39.30 atr%=0.05 vol=2.08 DOWN | 15m close=77669.10 ema20=78137.16 ema50=78320.84 rsi=21.4 atr=442.71 atr%=0.57 vol=0.62 DOWN | 1h close=77669.10 ema20=78229.69 ema50=78008.74 rsi=44.9 atr=544.00 atr%=0.70 vol=0.53 DOWN
2026-04-27 15:11:30,696 - INFO - ⏸️ BTCUSDT no entry: ATR filter fail atr%=0.05
2026-04-27 15:11:30,697 - INFO - 🔎 --- ETHUSDT ---
2026-04-27 15:11:33,803 - INFO - 📈 ETHUSDT | 1m close=2313.58 ema20=2317.36 ema50=2318.47 rsi=38.0 atr=2.17 atr%=0.09 vol=3.85 DOWN | 5m close=2318.00 ema20=2322.66 ema50=2339.60 rsi=3.4 atr=1.96 atr%=0.08 vol=1.08 DOWN | 15m close=2318.02 ema20=2345.54 ema50=2356.34 rsi=16.3 atr=23.30 atr%=1.01 vol=0.68 DOWN | 1h close=2318.02 ema20=2352.16 ema50=2341.12 rsi=40.0 atr=22.31 atr%=0.96 vol=0.59 DOWN
2026-04-27 15:11:35,964 - INFO - ⏸️ ETHUSDT no entry: ATR filter fail atr%=0.08
2026-04-27 15:11:35,964 - INFO - 🔎 --- SOLUSDT ---
2026-04-27 15:11:39,500 - INFO - 📈 SOLUSDT | 1m close=85.45 ema20=85.39 ema50=85.45 rsi=50.0 atr=0.16 atr%=0.18 vol=0.02 UP | 5m close=85.45 ema20=85.61 ema50=86.14 rsi=33.3 atr=0.14 atr%=0.16 vol=0.21 DOWN | 15m close=85.24 ema20=86.22 ema50=86.59 rsi=4.2 atr=0.64 atr%=0.75 vol=0.14 DOWN | 1h close=85.24 ema20=86.58 ema50=86.46 rsi=35.7 atr=0.71 atr%=0.84 vol=0.30 DOWN
2026-04-27 15:11:41,660 - INFO - ⏸️ SOLUSDT no entry: 5m entry not ready side=SELL close=85.45 ema20=85.61 momentum=0.00188
2026-04-27 15:12:12,428 - INFO - 📊 Balance=5010.56 | daily=0.00%/10% | trades_today=0
2026-04-27 15:12:14,650 - INFO - 🔎 --- BTCUSDT ---
2026-04-27 15:12:17,946 - INFO - 📈 BTCUSDT | 1m close=77669.10 ema20=77667.71 ema50=77668.21 rsi=48.5 atr=40.57 atr%=0.05 vol=1.36 UP | 5m close=77669.10 ema20=77723.97 ema50=78044.47 rsi=85.9 atr=39.30 atr%=0.05 vol=2.08 DOWN | 15m close=77669.10 ema20=78137.16 ema50=78320.84 rsi=21.4 atr=442.71 atr%=0.57 vol=0.62 DOWN | 1h close=77669.10 ema20=78229.69 ema50=78008.74 rsi=44.9 atr=544.00 atr%=0.70 vol=0.53 DOWN
2026-04-27 15:12:20,071 - INFO - ⏸️ BTCUSDT no entry: ATR filter fail atr%=0.05
2026-04-27 15:12:20,071 - INFO - 🔎 --- ETHUSDT ---
2026-04-27 15:12:23,355 - INFO - 📈 ETHUSDT | 1m close=2313.44 ema20=2316.99 ema50=2318.27 rsi=37.0 atr=2.09 atr%=0.09 vol=1.65 DOWN | 5m close=2318.00 ema20=2322.66 ema50=2339.60 rsi=3.4 atr=1.96 atr%=0.08 vol=1.08 DOWN | 15m close=2318.02 ema20=2345.54 ema50=2356.34 rsi=16.3 atr=23.30 atr%=1.01 vol=0.68 DOWN | 1h close=2318.02 ema20=2352.16 ema50=2341.12 rsi=40.0 atr=22.31 atr%=0.96 vol=0.59 DOWN
2026-04-27 15:12:25,499 - INFO - ⏸️ ETHUSDT no entry: ATR filter fail atr%=0.08
2026-04-27 15:12:25,500 - INFO - 🔎 --- SOLUSDT ---
2026-04-27 15:12:28,500 - INFO - 📈 SOLUSDT | 1m close=85.45 ema20=85.39 ema50=85.45 rsi=58.0 atr=0.16 atr%=0.18 vol=0.00 UP | 5m close=85.45 ema20=85.61 ema50=86.14 rsi=33.3 atr=0.14 atr%=0.16 vol=0.21 DOWN | 15m close=85.24 ema20=86.22 ema50=86.59 rsi=4.2 atr=0.64 atr%=0.75 vol=0.14 DOWN | 1h close=85.24 ema20=86.58 ema50=86.46 rsi=35.7 atr=0.71 atr%=0.84 vol=0.30 DOWN
2026-04-27 15:12:30,903 - INFO - ⏸️ SOLUSDT no entry: 5m entry not ready side=SELL close=85.45 ema20=85.61 momentum=0.00188
2026-04-27 15:13:01,610 - INFO - 📊 Balance=5010.56 | daily=0.00%/10% | trades_today=0
2026-04-27 15:13:03,846 - INFO - 🔎 --- BTCUSDT ---
2026-04-27 15:13:07,573 - INFO - 📈 BTCUSDT | 1m close=77669.10 ema20=77667.71 ema50=77668.21 rsi=48.5 atr=40.57 atr%=0.05 vol=1.36 UP | 5m close=77669.10 ema20=77723.97 ema50=78044.47 rsi=85.9 atr=39.30 atr%=0.05 vol=2.08 DOWN | 15m close=77669.10 ema20=78137.16 ema50=78320.84 rsi=21.4 atr=442.71 atr%=0.57 vol=0.62 DOWN | 1h close=77669.10 ema20=78229.69 ema50=78008.74 rsi=44.9 atr=544.00 atr%=0.70 vol=0.53 DOWN
2026-04-27 15:13:09,832 - INFO - ⏸️ BTCUSDT no entry: ATR filter fail atr%=0.05
2026-04-27 15:13:09,833 - INFO - 🔎 --- ETHUSDT ---
2026-04-27 15:13:13,259 - INFO - 📈 ETHUSDT | 1m close=2314.64 ema20=2316.77 ema50=2318.13 rsi=47.2 atr=1.92 atr%=0.08 vol=1.69 DOWN | 5m close=2318.00 ema20=2322.66 ema50=2339.60 rsi=3.4 atr=1.96 atr%=0.08 vol=1.08 DOWN | 15m close=2318.02 ema20=2345.54 ema50=2356.34 rsi=16.3 atr=23.30 atr%=1.01 vol=0.68 DOWN | 1h close=2318.02 ema20=2352.16 ema50=2341.12 rsi=40.0 atr=22.31 atr%=0.96 vol=0.59 DOWN
2026-04-27 15:13:15,396 - INFO - ⏸️ ETHUSDT no entry: ATR filter fail atr%=0.08
2026-04-27 15:13:15,397 - INFO - 🔎 --- SOLUSDT ---
2026-04-27 15:13:18,637 - INFO - 📈 SOLUSDT | 1m close=85.35 ema20=85.39 ema50=85.45 rsi=52.7 atr=0.15 atr%=0.18 vol=0.01 DOWN | 5m close=85.45 ema20=85.61 ema50=86.14 rsi=33.3 atr=0.14 atr%=0.16 vol=0.21 DOWN | 15m close=85.24 ema20=86.22 ema50=86.59 rsi=4.2 atr=0.64 atr%=0.75 vol=0.14 DOWN | 1h close=85.24 ema20=86.58 ema50=86.46 rsi=35.7 atr=0.71 atr%=0.84 vol=0.30 DOWN
2026-04-27 15:13:20,788 - INFO - ⏸️ SOLUSDT no entry: 5m entry not ready side=SELL close=85.45 ema20=85.61 momentum=0.00188
2026-04-27 15:13:51,489 - INFO - 📊 Balance=5010.56 | daily=0.00%/10% | trades_today=0
2026-04-27 15:13:53,661 - INFO - 🔎 --- BTCUSDT ---
2026-04-27 15:13:56,852 - INFO - 📈 BTCUSDT | 1m close=77669.10 ema20=77667.84 ema50=77668.25 rsi=50.7 atr=41.69 atr%=0.05 vol=0.89 UP | 5m close=77669.10 ema20=77723.97 ema50=78044.47 rsi=85.9 atr=39.30 atr%=0.05 vol=2.08 DOWN | 15m close=77669.10 ema20=78137.16 ema50=78320.84 rsi=21.4 atr=442.71 atr%=0.57 vol=0.62 DOWN | 1h close=77669.10 ema20=78229.69 ema50=78008.74 rsi=44.9 atr=544.00 atr%=0.70 vol=0.53 DOWN
2026-04-27 15:13:58,956 - INFO - ⏸️ BTCUSDT no entry: ATR filter fail atr%=0.05
2026-04-27 15:13:58,957 - INFO - 🔎 --- ETHUSDT ---
2026-04-27 15:14:02,171 - INFO - 📈 ETHUSDT | 1m close=2314.64 ema20=2316.77 ema50=2318.13 rsi=47.2 atr=1.92 atr%=0.08 vol=1.69 DOWN | 5m close=2318.00 ema20=2322.66 ema50=2339.60 rsi=3.4 atr=1.96 atr%=0.08 vol=1.08 DOWN | 15m close=2318.02 ema20=2345.54 ema50=2356.34 rsi=16.3 atr=23.30 atr%=1.01 vol=0.68 DOWN | 1h close=2318.02 ema20=2352.16 ema50=2341.12 rsi=40.0 atr=22.31 atr%=0.96 vol=0.59 DOWN
2026-04-27 15:14:04,330 - INFO - ⏸️ ETHUSDT no entry: ATR filter fail atr%=0.08
2026-04-27 15:14:04,331 - INFO - 🔎 --- SOLUSDT ---
2026-04-27 15:14:07,387 - INFO - 📈 SOLUSDT | 1m close=85.35 ema20=85.39 ema50=85.45 rsi=52.7 atr=0.15 atr%=0.18 vol=0.01 DOWN | 5m close=85.45 ema20=85.61 ema50=86.14 rsi=33.3 atr=0.14 atr%=0.16 vol=0.21 DOWN | 15m close=85.24 ema20=86.22 ema50=86.59 rsi=4.2 atr=0.64 atr%=0.75 vol=0.14 DOWN | 1h close=85.24 ema20=86.58 ema50=86.46 rsi=35.7 atr=0.71 atr%=0.84 vol=0.30 DOWN
2026-04-27 15:14:09,576 - INFO - ⏸️ SOLUSDT no entry: 5m entry not ready side=SELL close=85.45 ema20=85.61 momentum=0.00188
2026-04-27 15:14:40,337 - INFO - 📊 Balance=5010.56 | daily=0.00%/10% | trades_today=0
2026-04-27 15:14:42,576 - INFO - 🔎 --- BTCUSDT ---
2026-04-27 15:14:45,799 - INFO - 📈 BTCUSDT | 1m close=77601.20 ema20=77661.50 ema50=77665.62 rsi=14.4 atr=44.56 atr%=0.06 vol=1.42 DOWN | 5m close=77669.10 ema20=77723.97 ema50=78044.47 rsi=85.9 atr=39.30 atr%=0.05 vol=2.08 DOWN | 15m close=77669.10 ema20=78137.16 ema50=78320.84 rsi=21.4 atr=442.71 atr%=0.57 vol=0.62 DOWN | 1h close=77669.10 ema20=78229.69 ema50=78008.74 rsi=44.9 atr=544.00 atr%=0.70 vol=0.53 DOWN
2026-04-27 15:14:47,913 - INFO - ⏸️ BTCUSDT no entry: ATR filter fail atr%=0.05
2026-04-27 15:14:47,913 - INFO - 🔎 --- ETHUSDT ---
2026-04-27 15:14:51,560 - INFO - 📈 ETHUSDT | 1m close=2314.72 ema20=2316.57 ema50=2318.00 rsi=40.4 atr=1.74 atr%=0.08 vol=0.19 DOWN | 5m close=2318.00 ema20=2322.66 ema50=2339.60 rsi=3.4 atr=1.96 atr%=0.08 vol=1.08 DOWN | 15m close=2318.02 ema20=2345.54 ema50=2356.34 rsi=16.3 atr=23.30 atr%=1.01 vol=0.68 DOWN | 1h close=2318.02 ema20=2352.16 ema50=2341.12 rsi=40.0 atr=22.31 atr%=0.96 vol=0.59 DOWN
2026-04-27 15:14:54,202 - INFO - ⏸️ ETHUSDT no entry: ATR filter fail atr%=0.08
2026-04-27 15:14:54,202 - INFO - 🔎 --- SOLUSDT ---
2026-04-27 15:14:57,628 - INFO - 📈 SOLUSDT | 1m close=85.45 ema20=85.40 ema50=85.45 rsi=68.4 atr=0.14 atr%=0.16 vol=0.01 UP | 5m close=85.45 ema20=85.61 ema50=86.14 rsi=33.3 atr=0.14 atr%=0.16 vol=0.21 DOWN | 15m close=85.24 ema20=86.22 ema50=86.59 rsi=4.2 atr=0.64 atr%=0.75 vol=0.14 DOWN | 1h close=85.24 ema20=86.58 ema50=86.46 rsi=35.7 atr=0.71 atr%=0.84 vol=0.30 DOWN
2026-04-27 15:15:00,593 - INFO - ⏸️ SOLUSDT no entry: 5m entry not ready side=SELL close=85.45 ema20=85.61 momentum=0.00188
2026-04-27 15:15:31,457 - INFO - 📊 Balance=5010.56 | daily=0.00%/10% | trades_today=0
2026-04-27 15:15:33,786 - INFO - 🔎 --- BTCUSDT ---
2026-04-27 15:15:37,043 - INFO - 📈 BTCUSDT | 1m close=77600.00 ema20=77655.64 ema50=77663.04 rsi=14.2 atr=42.16 atr%=0.05 vol=0.01 DOWN | 5m close=77600.00 ema20=77712.17 ema50=78027.04 rsi=39.5 atr=37.46 atr%=0.05 vol=1.48 DOWN | 15m close=77600.00 ema20=78086.00 ema50=78292.57 rsi=22.2 atr=435.40 atr%=0.56 vol=0.77 DOWN | 1h close=77669.10 ema20=78229.69 ema50=78008.74 rsi=44.9 atr=544.00 atr%=0.70 vol=0.53 DOWN
2026-04-27 15:15:40,290 - INFO - ⏸️ BTCUSDT no entry: ATR filter fail atr%=0.05
2026-04-27 15:15:40,291 - INFO - 🔎 --- ETHUSDT ---
2026-04-27 15:15:44,194 - INFO - 📈 ETHUSDT | 1m close=2315.00 ema20=2316.42 ema50=2317.88 rsi=41.4 atr=1.80 atr%=0.08 vol=0.19 DOWN | 5m close=2315.00 ema20=2321.93 ema50=2338.64 rsi=2.4 atr=2.06 atr%=0.09 vol=2.29 DOWN | 15m close=2315.00 ema20=2342.63 ema50=2354.72 rsi=15.8 atr=22.94 atr%=0.99 vol=1.03 DOWN | 1h close=2318.02 ema20=2352.16 ema50=2341.12 rsi=40.0 atr=22.31 atr%=0.96 vol=0.59 DOWN
2026-04-27 15:15:46,527 - INFO - ⏸️ ETHUSDT no entry: ATR filter fail atr%=0.09
2026-04-27 15:15:46,527 - INFO - 🔎 --- SOLUSDT ---
2026-04-27 15:15:50,740 - INFO - 📈 SOLUSDT | 1m close=85.35 ema20=85.39 ema50=85.44 rsi=61.9 atr=0.14 atr%=0.16 vol=1.26 DOWN | 5m close=85.35 ema20=85.58 ema50=86.11 rsi=30.3 atr=0.13 atr%=0.15 vol=0.24 DOWN | 15m close=85.35 ema20=86.14 ema50=86.54 rsi=7.5 atr=0.65 atr%=0.76 vol=0.09 DOWN | 1h close=85.24 ema20=86.58 ema50=86.46 rsi=35.7 atr=0.71 atr%=0.84 vol=0.30 DOWN
2026-04-27 15:15:53,063 - INFO - ✅ SOLUSDT SIGNAL SELL score=58 type=trend entry=85.35 sl=85.51 tp=85.12
2026-04-27 15:16:00,241 - INFO - 🚀 OPEN SOLUSDT SELL qty=189.16 score=58 type=trend entry~85.35 sl=85.51 tp=85.12
2026-04-27 15:16:00,991 - WARNING - 💥 Loop error: Binance error 400: {'code': -2019, 'msg': 'Margin is insufficient.'}
2026-04-27 15:16:31,743 - INFO - 📊 Balance=5010.56 | daily=0.00%/10% | trades_today=0
2026-04-27 15:16:33,938 - INFO - 🔎 --- BTCUSDT ---
2026-04-27 15:16:37,253 - INFO - 📈 BTCUSDT | 1m close=77669.10 ema20=77656.92 ema50=77663.28 rsi=50.0 atr=42.79 atr%=0.06 vol=0.22 UP | 5m close=77600.00 ema20=77712.17 ema50=78027.04 rsi=39.5 atr=37.46 atr%=0.05 vol=1.48 DOWN | 15m close=77600.00 ema20=78086.00 ema50=78292.57 rsi=22.2 atr=435.40 atr%=0.56 vol=0.77 DOWN | 1h close=77669.10 ema20=78229.69 ema50=78008.74 rsi=44.9 atr=544.00 atr%=0.70 vol=0.53 DOWN
2026-04-27 15:16:39,808 - INFO - ⏸️ BTCUSDT no entry: ATR filter fail atr%=0.05
2026-04-27 15:16:39,809 - INFO - 🔎 --- ETHUSDT ---
2026-04-27 15:16:43,500 - INFO - 📈 ETHUSDT | 1m close=2317.05 ema20=2316.48 ema50=2317.85 rsi=56.0 atr=1.73 atr%=0.07 vol=0.01 UP | 5m close=2315.00 ema20=2321.93 ema50=2338.64 rsi=2.4 atr=2.06 atr%=0.09 vol=2.29 DOWN | 15m close=2315.00 ema20=2342.63 ema50=2354.72 rsi=15.8 atr=22.94 atr%=0.99 vol=1.03 DOWN | 1h close=2318.02 ema20=2352.16 ema50=2341.12 rsi=40.0 atr=22.31 atr%=0.96 vol=0.59 DOWN
2026-04-27 15:16:46,536 - INFO - ⏸️ ETHUSDT no entry: ATR filter fail atr%=0.09
2026-04-27 15:16:46,536 - INFO - 🔎 --- SOLUSDT ---
2026-04-27 15:16:49,602 - INFO - 📈 SOLUSDT | 1m close=85.38 ema20=85.39 ema50=85.44 rsi=62.5 atr=0.13 atr%=0.15 vol=0.71 DOWN | 5m close=85.35 ema20=85.58 ema50=86.11 rsi=30.3 atr=0.13 atr%=0.15 vol=0.24 DOWN | 15m close=85.35 ema20=86.14 ema50=86.54 rsi=7.5 atr=0.65 atr%=0.76 vol=0.09 DOWN | 1h close=85.24 ema20=86.58 ema50=86.46 rsi=35.7 atr=0.71 atr%=0.84 vol=0.30 DOWN
2026-04-27 15:16:52,870 - INFO - ✅ SOLUSDT SIGNAL SELL score=58 type=trend entry=85.35 sl=85.51 tp=85.12
2026-04-27 15:16:58,764 - INFO - 🚀 OPEN SOLUSDT SELL qty=189.16 score=58 type=trend entry~85.35 sl=85.51 tp=85.12
2026-04-27 15:16:59,503 - WARNING - 💥 Loop error: Binance error 400: {'code': -2019, 'msg': 'Margin is insufficient.'}
2026-04-27 15:17:30,284 - INFO - 📊 Balance=5010.56 | daily=0.00%/10% | trades_today=0
2026-04-27 15:17:32,523 - INFO - 🔎 --- BTCUSDT ---
2026-04-27 15:17:36,266 - INFO - 📈 BTCUSDT | 1m close=77616.00 ema20=77653.02 ema50=77661.43 rsi=39.9 atr=42.22 atr%=0.05 vol=0.06 DOWN | 5m close=77600.00 ema20=77712.17 ema50=78027.04 rsi=39.5 atr=37.46 atr%=0.05 vol=1.48 DOWN | 15m close=77600.00 ema20=78086.00 ema50=78292.57 rsi=22.2 atr=435.40 atr%=0.56 vol=0.77 DOWN | 1h close=77669.10 ema20=78229.69 ema50=78008.74 rsi=44.9 atr=544.00 atr%=0.70 vol=0.53 DOWN
2026-04-27 15:17:38,742 - INFO - ⏸️ BTCUSDT no entry: ATR filter fail atr%=0.05
2026-04-27 15:17:38,743 - INFO - 🔎 --- ETHUSDT ---
2026-04-27 15:17:45,026 - INFO - 📈 ETHUSDT | 1m close=2316.93 ema20=2316.52 ema50=2317.81 rsi=46.3 atr=1.64 atr%=0.07 vol=0.11 UP | 5m close=2315.00 ema20=2321.93 ema50=2338.64 rsi=2.4 atr=2.06 atr%=0.09 vol=2.29 DOWN | 15m close=2315.00 ema20=2342.63 ema50=2354.72 rsi=15.8 atr=22.94 atr%=0.99 vol=1.03 DOWN | 1h close=2318.02 ema20=2352.16 ema50=2341.12 rsi=40.0 atr=22.31 atr%=0.96 vol=0.59 DOWN
2026-04-27 15:17:47,668 - INFO - ⏸️ ETHUSDT no entry: ATR filter fail atr%=0.09
2026-04-27 15:17:47,668 - INFO - 🔎 --- SOLUSDT ---
2026-04-27 15:17:50,877 - INFO - 📈 SOLUSDT | 1m close=85.45 ema20=85.40 ema50=85.44 rsi=64.2 atr=0.11 atr%=0.13 vol=0.08 UP | 5m close=85.35 ema20=85.58 ema50=86.11 rsi=30.3 atr=0.13 atr%=0.15 vol=0.24 DOWN | 15m close=85.35 ema20=86.14 ema50=86.54 rsi=7.5 atr=0.65 atr%=0.76 vol=0.09 DOWN | 1h close=85.24 ema20=86.58 ema50=86.46 rsi=35.7 atr=0.71 atr%=0.84 vol=0.30 DOWN
2026-04-27 15:17:53,199 - INFO - ✅ SOLUSDT SIGNAL SELL score=58 type=trend entry=85.35 sl=85.51 tp=85.12
2026-04-27 15:17:58,570 - INFO - 🚀 OPEN SOLUSDT SELL qty=189.16 score=58 type=trend entry~85.35 sl=85.51 tp=85.12
2026-04-27 15:17:59,251 - WARNING - 💥 Loop error: Binance error 400: {'code': -2019, 'msg': 'Margin is insufficient.'}
2026-04-27 15:18:30,065 - INFO - 📊 Balance=5010.56 | daily=0.00%/10% | trades_today=0
2026-04-27 15:18:32,302 - INFO - 🔎 --- BTCUSDT ---
2026-04-27 15:18:35,948 - INFO - 📈 BTCUSDT | 1m close=77654.30 ema20=77653.15 ema50=77661.15 rsi=46.3 atr=41.64 atr%=0.05 vol=0.76 UP | 5m close=77600.00 ema20=77712.17 ema50=78027.04 rsi=39.5 atr=37.46 atr%=0.05 vol=1.48 DOWN | 15m close=77600.00 ema20=78086.00 ema50=78292.57 rsi=22.2 atr=435.40 atr%=0.56 vol=0.77 DOWN | 1h close=77669.10 ema20=78229.69 ema50=78008.74 rsi=44.9 atr=544.00 atr%=0.70 vol=0.53 DOWN
2026-04-27 15:18:38,140 - INFO - ⏸️ BTCUSDT no entry: ATR filter fail atr%=0.05
2026-04-27 15:18:38,141 - INFO - 🔎 --- ETHUSDT ---
2026-04-27 15:18:41,439 - INFO - 📈 ETHUSDT | 1m close=2317.61 ema20=2316.63 ema50=2317.80 rsi=49.6 atr=1.70 atr%=0.07 vol=0.00 UP | 5m close=2315.00 ema20=2321.93 ema50=2338.64 rsi=2.4 atr=2.06 atr%=0.09 vol=2.29 DOWN | 15m close=2315.00 ema20=2342.63 ema50=2354.72 rsi=15.8 atr=22.94 atr%=0.99 vol=1.03 DOWN | 1h close=2318.02 ema20=2352.16 ema50=2341.12 rsi=40.0 atr=22.31 atr%=0.96 vol=0.59 DOWN
2026-04-27 15:18:43,897 - INFO - ⏸️ ETHUSDT no entry: ATR filter fail atr%=0.09
2026-04-27 15:18:43,898 - INFO - 🔎 --- SOLUSDT ---
2026-04-27 15:18:47,381 - INFO - 📈 SOLUSDT | 1m close=85.45 ema20=85.40 ema50=85.44 rsi=66.2 atr=0.11 atr%=0.13 vol=0.11 UP | 5m close=85.35 ema20=85.58 ema50=86.11 rsi=30.3 atr=0.13 atr%=0.15 vol=0.24 DOWN | 15m close=85.35 ema20=86.14 ema50=86.54 rsi=7.5 atr=0.65 atr%=0.76 vol=0.09 DOWN | 1h close=85.24 ema20=86.58 ema50=86.46 rsi=35.7 atr=0.71 atr%=0.84 vol=0.30 DOWN
2026-04-27 15:18:49,496 - INFO - ✅ SOLUSDT SIGNAL SELL score=58 type=trend entry=85.35 sl=85.51 tp=85.12
2026-04-27 15:18:54,588 - INFO - 🚀 OPEN SOLUSDT SELL qty=189.16 score=58 type=trend entry~85.35 sl=85.51 tp=85.12
2026-04-27 15:18:55,275 - WARNING - 💥 Loop error: Binance error 400: {'code': -2019, 'msg': 'Margin is insufficient.'}
2026-04-27 15:19:26,023 - INFO - 📊 Balance=5010.56 | daily=0.00%/10% | trades_today=0
2026-04-27 15:19:28,127 - INFO - 🔎 --- BTCUSDT ---
2026-04-27 15:19:31,857 - INFO - 📈 BTCUSDT | 1m close=77669.10 ema20=77654.66 ema50=77661.46 rsi=50.0 atr=43.21 atr%=0.06 vol=0.20 UP | 5m close=77600.00 ema20=77712.17 ema50=78027.04 rsi=39.5 atr=37.46 atr%=0.05 vol=1.48 DOWN | 15m close=77600.00 ema20=78086.00 ema50=78292.57 rsi=22.2 atr=435.40 atr%=0.56 vol=0.77 DOWN | 1h close=77669.10 ema20=78229.69 ema50=78008.74 rsi=44.9 atr=544.00 atr%=0.70 vol=0.53 DOWN
2026-04-27 15:19:33,986 - INFO - ⏸️ BTCUSDT no entry: ATR filter fail atr%=0.05
2026-04-27 15:19:33,986 - INFO - 🔎 --- ETHUSDT ---
2026-04-27 15:19:37,188 - INFO - 📈 ETHUSDT | 1m close=2317.12 ema20=2316.67 ema50=2317.78 rsi=46.8 atr=1.79 atr%=0.08 vol=0.00 UP | 5m close=2315.00 ema20=2321.93 ema50=2338.64 rsi=2.4 atr=2.06 atr%=0.09 vol=2.29 DOWN | 15m close=2315.00 ema20=2342.63 ema50=2354.72 rsi=15.8 atr=22.94 atr%=0.99 vol=1.03 DOWN | 1h close=2318.02 ema20=2352.16 ema50=2341.12 rsi=40.0 atr=22.31 atr%=0.96 vol=0.59 DOWN
2026-04-27 15:19:40,975 - INFO - ⏸️ ETHUSDT no entry: ATR filter fail atr%=0.09
2026-04-27 15:19:40,975 - INFO - 🔎 --- SOLUSDT ---
2026-04-27 15:19:44,174 - INFO - 📈 SOLUSDT | 1m close=85.39 ema20=85.40 ema50=85.44 rsi=57.6 atr=0.11 atr%=0.13 vol=0.26 DOWN | 5m close=85.35 ema20=85.58 ema50=86.11 rsi=30.3 atr=0.13 atr%=0.15 vol=0.24 DOWN | 15m close=85.35 ema20=86.14 ema50=86.54 rsi=7.5 atr=0.65 atr%=0.76 vol=0.09 DOWN | 1h close=85.24 ema20=86.58 ema50=86.46 rsi=35.7 atr=0.71 atr%=0.84 vol=0.30 DOWN
2026-04-27 15:19:47,351 - INFO - ✅ SOLUSDT SIGNAL SELL score=58 type=trend entry=85.35 sl=85.51 tp=85.12
2026-04-27 15:19:52,981 - INFO - 🚀 OPEN SOLUSDT SELL qty=189.16 score=58 type=trend entry~85.35 sl=85.51 tp=85.12
2026-04-27 15:19:53,683 - WARNING - 💥 Loop error: Binance error 400: {'code': -2019, 'msg': 'Margin is insufficient.'}
2026-04-27 15:20:24,396 - INFO - 📊 Balance=5010.56 | daily=0.00%/10% | trades_today=0
2026-04-27 15:20:27,327 - INFO - 🔎 --- BTCUSDT ---
2026-04-27 15:20:30,821 - INFO - 📈 BTCUSDT | 1m close=77669.10 ema20=77656.04 ema50=77661.77 rsi=50.0 atr=43.35 atr%=0.06 vol=0.79 UP | 5m close=77669.10 ema20=77708.06 ema50=78013.01 rsi=51.4 atr=34.65 atr%=0.04 vol=0.55 DOWN | 15m close=77600.00 ema20=78086.00 ema50=78292.57 rsi=22.2 atr=435.40 atr%=0.56 vol=0.77 DOWN | 1h close=77669.10 ema20=78229.69 ema50=78008.74 rsi=44.9 atr=544.00 atr%=0.70 vol=0.53 DOWN
2026-04-27 15:20:33,031 - INFO - ⏸️ BTCUSDT no entry: ATR filter fail atr%=0.04
2026-04-27 15:20:33,031 - INFO - 🔎 --- ETHUSDT ---
2026-04-27 15:20:36,474 - INFO - 📈 ETHUSDT | 1m close=2315.17 ema20=2316.53 ema50=2317.68 rsi=41.3 atr=1.93 atr%=0.08 vol=2.57 DOWN | 5m close=2315.17 ema20=2321.28 ema50=2337.72 rsi=4.4 atr=2.25 atr%=0.10 vol=0.77 DOWN | 15m close=2315.00 ema20=2342.63 ema50=2354.72 rsi=15.8 atr=22.94 atr%=0.99 vol=1.03 DOWN | 1h close=2318.02 ema20=2352.16 ema50=2341.12 rsi=40.0 atr=22.31 atr%=0.96 vol=0.59 DOWN
2026-04-27 15:20:38,706 - INFO - ⏸️ ETHUSDT no entry: ATR filter fail atr%=0.10
2026-04-27 15:20:38,706 - INFO - 🔎 --- SOLUSDT ---
2026-04-27 15:20:42,108 - INFO - 📈 SOLUSDT | 1m close=85.42 ema20=85.40 ema50=85.44 rsi=50.9 atr=0.11 atr%=0.13 vol=0.61 UP | 5m close=85.42 ema20=85.57 ema50=86.09 rsi=35.4 atr=0.13 atr%=0.16 vol=0.26 DOWN | 15m close=85.35 ema20=86.14 ema50=86.54 rsi=7.5 atr=0.65 atr%=0.76 vol=0.09 DOWN | 1h close=85.24 ema20=86.58 ema50=86.46 rsi=35.7 atr=0.71 atr%=0.84 vol=0.30 DOWN
2026-04-27 15:20:44,335 - INFO - ⏸️ SOLUSDT no entry: 5m entry not ready side=SELL close=85.42 ema20=85.57 momentum=0.00082
2026-04-27 15:21:15,063 - INFO - 📊 Balance=5010.56 | daily=0.00%/10% | trades_today=0
2026-04-27 15:21:17,221 - INFO - 🔎 --- BTCUSDT ---
2026-04-27 15:21:23,868 - INFO - 📈 BTCUSDT | 1m close=77669.10 ema20=77657.28 ema50=77662.04 rsi=50.0 atr=45.66 atr%=0.06 vol=0.83 UP | 5m close=77669.10 ema20=77708.06 ema50=78013.01 rsi=51.4 atr=34.65 atr%=0.04 vol=0.55 DOWN | 15m close=77600.00 ema20=78086.00 ema50=78292.57 rsi=22.2 atr=435.40 atr%=0.56 vol=0.77 DOWN | 1h close=77669.10 ema20=78229.69 ema50=78008.74 rsi=44.9 atr=544.00 atr%=0.70 vol=0.53 DOWN
2026-04-27 15:21:27,552 - INFO - ⏸️ BTCUSDT no entry: ATR filter fail atr%=0.04
2026-04-27 15:21:27,552 - INFO - 🔎 --- ETHUSDT ---
2026-04-27 15:21:34,948 - INFO - 📈 ETHUSDT | 1m close=2315.30 ema20=2316.41 ema50=2317.58 rsi=46.3 atr=1.83 atr%=0.08 vol=1.73 DOWN | 5m close=2315.17 ema20=2321.28 ema50=2337.72 rsi=4.4 atr=2.25 atr%=0.10 vol=0.77 DOWN | 15m close=2315.00 ema20=2342.63 ema50=2354.72 rsi=15.8 atr=22.94 atr%=0.99 vol=1.03 DOWN | 1h close=2318.02 ema20=2352.16 ema50=2341.12 rsi=40.0 atr=22.31 atr%=0.96 vol=0.59 DOWN
2026-04-27 15:21:37,800 - INFO - ⏸️ ETHUSDT no entry: ATR filter fail atr%=0.10
2026-04-27 15:21:37,800 - INFO - 🔎 --- SOLUSDT ---
2026-04-27 15:21:41,651 - INFO - 📈 SOLUSDT | 1m close=85.34 ema20=85.40 ema50=85.43 rsi=41.0 atr=0.11 atr%=0.13 vol=0.49 DOWN | 5m close=85.42 ema20=85.57 ema50=86.09 rsi=35.4 atr=0.13 atr%=0.16 vol=0.26 DOWN | 15m close=85.35 ema20=86.14 ema50=86.54 rsi=7.5 atr=0.65 atr%=0.76 vol=0.09 DOWN | 1h close=85.24 ema20=86.58 ema50=86.46 rsi=35.7 atr=0.71 atr%=0.84 vol=0.30 DOWN
2026-04-27 15:21:44,863 - INFO - ⏸️ SOLUSDT no entry: 5m entry not ready side=SELL close=85.42 ema20=85.57 momentum=0.00082
2026-04-27 15:22:16,605 - INFO - 📊 Balance=5010.56 | daily=0.00%/10% | trades_today=0
2026-04-27 15:22:18,976 - INFO - 🔎 --- BTCUSDT ---
2026-04-27 15:22:23,165 - INFO - 📈 BTCUSDT | 1m close=77616.30 ema20=77653.38 ema50=77660.25 rsi=41.1 atr=48.05 atr%=0.06 vol=1.43 DOWN | 5m close=77669.10 ema20=77708.06 ema50=78013.01 rsi=51.4 atr=34.65 atr%=0.04 vol=0.55 DOWN | 15m close=77600.00 ema20=78086.00 ema50=78292.57 rsi=22.2 atr=435.40 atr%=0.56 vol=0.77 DOWN | 1h close=77669.10 ema20=78229.69 ema50=78008.74 rsi=44.9 atr=544.00 atr%=0.70 vol=0.53 DOWN
2026-04-27 15:22:25,330 - INFO - ⏸️ BTCUSDT no entry: ATR filter fail atr%=0.04
2026-04-27 15:22:25,330 - INFO - 🔎 --- ETHUSDT ---
2026-04-27 15:22:28,554 - INFO - 📈 ETHUSDT | 1m close=2314.79 ema20=2316.26 ema50=2317.47 rsi=42.1 atr=1.78 atr%=0.08 vol=1.04 DOWN | 5m close=2315.17 ema20=2321.28 ema50=2337.72 rsi=4.4 atr=2.25 atr%=0.10 vol=0.77 DOWN | 15m close=2315.00 ema20=2342.63 ema50=2354.72 rsi=15.8 atr=22.94 atr%=0.99 vol=1.03 DOWN | 1h close=2318.02 ema20=2352.16 ema50=2341.12 rsi=40.0 atr=22.31 atr%=0.96 vol=0.59 DOWN
2026-04-27 15:22:30,717 - INFO - ⏸️ ETHUSDT no entry: ATR filter fail atr%=0.10
2026-04-27 15:22:30,718 - INFO - 🔎 --- SOLUSDT ---
2026-04-27 15:22:33,789 - INFO - 📈 SOLUSDT | 1m close=85.41 ema20=85.40 ema50=85.43 rsi=48.5 atr=0.11 atr%=0.13 vol=0.02 UP | 5m close=85.42 ema20=85.57 ema50=86.09 rsi=35.4 atr=0.13 atr%=0.16 vol=0.26 DOWN | 15m close=85.35 ema20=86.14 ema50=86.54 rsi=7.5 atr=0.65 atr%=0.76 vol=0.09 DOWN | 1h close=85.24 ema20=86.58 ema50=86.46 rsi=35.7 atr=0.71 atr%=0.84 vol=0.30 DOWN
2026-04-27 15:22:35,915 - INFO - ⏸️ SOLUSDT no entry: 5m entry not ready side=SELL close=85.42 ema20=85.57 momentum=0.00082
2026-04-27 15:23:07,667 - INFO - 📊 Balance=5010.56 | daily=0.00%/10% | trades_today=0
2026-04-27 15:23:10,524 - INFO - 🔎 --- BTCUSDT ---
2026-04-27 15:23:16,797 - INFO - 📈 BTCUSDT | 1m close=77621.60 ema20=77650.35 ema50=77658.74 rsi=42.1 atr=46.79 atr%=0.06 vol=2.68 DOWN | 5m close=77669.10 ema20=77708.06 ema50=78013.01 rsi=51.4 atr=34.65 atr%=0.04 vol=0.55 DOWN | 15m close=77600.00 ema20=78086.00 ema50=78292.57 rsi=22.2 atr=435.40 atr%=0.56 vol=0.77 DOWN | 1h close=77669.10 ema20=78229.69 ema50=78008.74 rsi=44.9 atr=544.00 atr%=0.70 vol=0.53 DOWN
2026-04-27 15:23:20,183 - INFO - ⏸️ BTCUSDT no entry: ATR filter fail atr%=0.04
2026-04-27 15:23:20,183 - INFO - 🔎 --- ETHUSDT ---
2026-04-27 15:23:28,035 - INFO - 📈 ETHUSDT | 1m close=2314.86 ema20=2316.13 ema50=2317.37 rsi=44.9 atr=1.60 atr%=0.07 vol=0.18 DOWN | 5m close=2315.17 ema20=2321.28 ema50=2337.72 rsi=4.4 atr=2.25 atr%=0.10 vol=0.77 DOWN | 15m close=2315.00 ema20=2342.63 ema50=2354.72 rsi=15.8 atr=22.94 atr%=0.99 vol=1.03 DOWN | 1h close=2318.02 ema20=2352.16 ema50=2341.12 rsi=40.0 atr=22.31 atr%=0.96 vol=0.59 DOWN
2026-04-27 15:23:30,216 - INFO - ⏸️ ETHUSDT no entry: ATR filter fail atr%=0.10
2026-04-27 15:23:30,217 - INFO - 🔎 --- SOLUSDT ---
2026-04-27 15:23:34,470 - INFO - 📈 SOLUSDT | 1m close=85.34 ema20=85.39 ema50=85.43 rsi=43.1 atr=0.11 atr%=0.13 vol=0.03 DOWN | 5m close=85.42 ema20=85.57 ema50=86.09 rsi=35.4 atr=0.13 atr%=0.16 vol=0.26 DOWN | 15m close=85.35 ema20=86.14 ema50=86.54 rsi=7.5 atr=0.65 atr%=0.76 vol=0.09 DOWN | 1h close=85.24 ema20=86.58 ema50=86.46 rsi=35.7 atr=0.71 atr%=0.84 vol=0.30 DOWN
2026-04-27 15:23:36,661 - INFO - ⏸️ SOLUSDT no entry: 5m entry not ready side=SELL close=85.42 ema20=85.57 momentum=0.00082
2026-04-27 15:24:08,529 - INFO - 📊 Balance=5010.56 | daily=0.00%/10% | trades_today=0
2026-04-27 15:24:12,207 - INFO - 🔎 --- BTCUSDT ---
2026-04-27 15:24:16,458 - INFO - 📈 BTCUSDT | 1m close=77621.60 ema20=77650.35 ema50=77658.74 rsi=42.1 atr=46.79 atr%=0.06 vol=2.68 DOWN | 5m close=77669.10 ema20=77708.06 ema50=78013.01 rsi=51.4 atr=34.65 atr%=0.04 vol=0.55 DOWN | 15m close=77600.00 ema20=78086.00 ema50=78292.57 rsi=22.2 atr=435.40 atr%=0.56 vol=0.77 DOWN | 1h close=77669.10 ema20=78229.69 ema50=78008.74 rsi=44.9 atr=544.00 atr%=0.70 vol=0.53 DOWN
2026-04-27 15:24:19,208 - INFO - ⏸️ BTCUSDT no entry: ATR filter fail atr%=0.04
2026-04-27 15:24:19,208 - INFO - 🔎 --- ETHUSDT ---
2026-04-27 15:24:22,827 - INFO - 📈 ETHUSDT | 1m close=2314.00 ema20=2315.92 ema50=2317.24 rsi=34.6 atr=1.40 atr%=0.06 vol=0.29 DOWN | 5m close=2315.17 ema20=2321.28 ema50=2337.72 rsi=4.4 atr=2.25 atr%=0.10 vol=0.77 DOWN | 15m close=2315.00 ema20=2342.63 ema50=2354.72 rsi=15.8 atr=22.94 atr%=0.99 vol=1.03 DOWN | 1h close=2318.02 ema20=2352.16 ema50=2341.12 rsi=40.0 atr=22.31 atr%=0.96 vol=0.59 DOWN
2026-04-27 15:24:24,978 - INFO - ⏸️ ETHUSDT no entry: ATR filter fail atr%=0.10
2026-04-27 15:24:24,978 - INFO - 🔎 --- SOLUSDT ---
2026-04-27 15:24:31,333 - INFO - 📈 SOLUSDT | 1m close=85.45 ema20=85.40 ema50=85.43 rsi=50.0 atr=0.11 atr%=0.13 vol=0.61 UP | 5m close=85.42 ema20=85.57 ema50=86.09 rsi=35.4 atr=0.13 atr%=0.16 vol=0.26 DOWN | 15m close=85.35 ema20=86.14 ema50=86.54 rsi=7.5 atr=0.65 atr%=0.76 vol=0.09 DOWN | 1h close=85.24 ema20=86.58 ema50=86.46 rsi=35.7 atr=0.71 atr%=0.84 vol=0.30 DOWN
2026-04-27 15:24:35,516 - INFO - ⏸️ SOLUSDT no entry: 5m entry not ready side=SELL close=85.42 ema20=85.57 momentum=0.00082
2026-04-27 15:25:06,298 - INFO - 📊 Balance=5010.56 | daily=0.00%/10% | trades_today=0
2026-04-27 15:25:09,585 - INFO - 🔎 --- BTCUSDT ---
2026-04-27 15:25:21,303 - INFO - 📈 BTCUSDT | 1m close=77669.10 ema20=77653.75 ema50=77659.53 rsi=50.0 atr=50.93 atr%=0.07 vol=1.78 UP | 5m close=77669.10 ema20=77704.35 ema50=77999.52 rsi=51.4 atr=40.21 atr%=0.05 vol=1.74 DOWN | 15m close=77600.00 ema20=78086.00 ema50=78292.57 rsi=22.2 atr=435.40 atr%=0.56 vol=0.77 DOWN | 1h close=77669.10 ema20=78229.69 ema50=78008.74 rsi=44.9 atr=544.00 atr%=0.70 vol=0.53 DOWN
2026-04-27 15:25:24,897 - INFO - ⏸️ BTCUSDT no entry: ATR filter fail atr%=0.05
2026-04-27 15:25:24,897 - INFO - 🔎 --- ETHUSDT ---
2026-04-27 15:25:30,990 - INFO - 📈 ETHUSDT | 1m close=2315.07 ema20=2315.84 ema50=2317.15 rsi=57.7 atr=1.24 atr%=0.05 vol=0.28 DOWN | 5m close=2315.07 ema20=2320.69 ema50=2336.83 rsi=4.4 atr=2.42 atr%=0.10 vol=0.95 DOWN | 15m close=2315.00 ema20=2342.63 ema50=2354.72 rsi=15.8 atr=22.94 atr%=0.99 vol=1.03 DOWN | 1h close=2318.02 ema20=2352.16 ema50=2341.12 rsi=40.0 atr=22.31 atr%=0.96 vol=0.59 DOWN
2026-04-27 15:25:33,142 - INFO - ⏸️ ETHUSDT no entry: 5m entry not ready side=SELL close=2315.07 ema20=2320.69 momentum=-0.00004
2026-04-27 15:25:33,142 - INFO - 🔎 --- SOLUSDT ---
2026-04-27 15:25:37,987 - INFO - 📈 SOLUSDT | 1m close=85.32 ema20=85.39 ema50=85.43 rsi=43.2 atr=0.12 atr%=0.14 vol=1.35 DOWN | 5m close=85.32 ema20=85.54 ema50=86.06 rsi=32.1 atr=0.15 atr%=0.17 vol=0.14 DOWN | 15m close=85.35 ema20=86.14 ema50=86.54 rsi=7.5 atr=0.65 atr%=0.76 vol=0.09 DOWN | 1h close=85.24 ema20=86.58 ema50=86.46 rsi=35.7 atr=0.71 atr%=0.84 vol=0.30 DOWN
2026-04-27 15:25:41,282 - INFO - ✅ SOLUSDT SIGNAL SELL score=58 type=trend entry=85.32 sl=85.50 tp=85.06
2026-04-27 15:25:48,223 - INFO - 🚀 OPEN SOLUSDT SELL qty=164.24 score=58 type=trend entry~85.32 sl=85.50 tp=85.06
2026-04-27 15:25:48,918 - WARNING - 💥 Loop error: Binance error 400: {'code': -2019, 'msg': 'Margin is insufficient.'}
2026-04-27 15:26:21,664 - INFO - 📊 Balance=5010.56 | daily=0.00%/10% | trades_today=0
2026-04-27 15:26:24,654 - INFO - 🔎 --- BTCUSDT ---
2026-04-27 15:26:27,902 - INFO - 📈 BTCUSDT | 1m close=77590.90 ema20=77647.77 ema50=77656.84 rsi=40.9 atr=50.68 atr%=0.07 vol=1.17 DOWN | 5m close=77669.10 ema20=77704.35 ema50=77999.52 rsi=51.4 atr=40.21 atr%=0.05 vol=1.74 DOWN | 15m close=77600.00 ema20=78086.00 ema50=78292.57 rsi=22.2 atr=435.40 atr%=0.56 vol=0.77 DOWN | 1h close=77669.10 ema20=78229.69 ema50=78008.74 rsi=44.9 atr=544.00 atr%=0.70 vol=0.53 DOWN
2026-04-27 15:26:30,147 - INFO - ⏸️ BTCUSDT no entry: ATR filter fail atr%=0.05
2026-04-27 15:26:30,148 - INFO - 🔎 --- ETHUSDT ---
2026-04-27 15:26:33,364 - INFO - 📈 ETHUSDT | 1m close=2313.34 ema20=2315.60 ema50=2317.00 rsi=49.6 atr=1.41 atr%=0.06 vol=0.02 DOWN | 5m close=2315.07 ema20=2320.69 ema50=2336.83 rsi=4.4 atr=2.42 atr%=0.10 vol=0.95 DOWN | 15m close=2315.00 ema20=2342.63 ema50=2354.72 rsi=15.8 atr=22.94 atr%=0.99 vol=1.03 DOWN | 1h close=2318.02 ema20=2352.16 ema50=2341.12 rsi=40.0 atr=22.31 atr%=0.96 vol=0.59 DOWN
2026-04-27 15:26:35,577 - INFO - ⏸️ ETHUSDT no entry: 5m entry not ready side=SELL close=2315.07 ema20=2320.69 momentum=-0.00004
2026-04-27 15:26:35,577 - INFO - 🔎 --- SOLUSDT ---
2026-04-27 15:26:38,772 - INFO - 📈 SOLUSDT | 1m close=85.45 ema20=85.40 ema50=85.43 rsi=50.0 atr=0.13 atr%=0.15 vol=0.25 UP | 5m close=85.32 ema20=85.54 ema50=86.06 rsi=32.1 atr=0.15 atr%=0.17 vol=0.14 DOWN | 15m close=85.35 ema20=86.14 ema50=86.54 rsi=7.5 atr=0.65 atr%=0.76 vol=0.09 DOWN | 1h close=85.24 ema20=86.58 ema50=86.46 rsi=35.7 atr=0.71 atr%=0.84 vol=0.30 DOWN
2026-04-27 15:26:41,022 - INFO - ✅ SOLUSDT SIGNAL SELL score=58 type=trend entry=85.32 sl=85.50 tp=85.06
2026-04-27 15:26:46,659 - INFO - 🚀 OPEN SOLUSDT SELL qty=164.24 score=58 type=trend entry~85.32 sl=85.50 tp=85.06
2026-04-27 15:26:47,374 - WARNING - 💥 Loop error: Binance error 400: {'code': -2019, 'msg': 'Margin is insufficient.'}
2026-04-27 15:27:18,130 - INFO - 📊 Balance=5010.56 | daily=0.00%/10% | trades_today=0
2026-04-27 15:27:21,218 - INFO - 🔎 --- BTCUSDT ---
2026-04-27 15:27:25,269 - INFO - 📈 BTCUSDT | 1m close=77584.50 ema20=77641.74 ema50=77654.01 rsi=40.3 atr=50.08 atr%=0.06 vol=1.04 DOWN | 5m close=77669.10 ema20=77704.35 ema50=77999.52 rsi=51.4 atr=40.21 atr%=0.05 vol=1.74 DOWN | 15m close=77600.00 ema20=78086.00 ema50=78292.57 rsi=22.2 atr=435.40 atr%=0.56 vol=0.77 DOWN | 1h close=77669.10 ema20=78229.69 ema50=78008.74 rsi=44.9 atr=544.00 atr%=0.70 vol=0.53 DOWN
2026-04-27 15:27:28,157 - INFO - ⏸️ BTCUSDT no entry: ATR filter fail atr%=0.05
2026-04-27 15:27:28,157 - INFO - 🔎 --- ETHUSDT ---
2026-04-27 15:27:31,948 - INFO - 📈 ETHUSDT | 1m close=2312.01 ema20=2315.26 ema50=2316.81 rsi=38.4 atr=1.55 atr%=0.07 vol=0.29 DOWN | 5m close=2315.07 ema20=2320.69 ema50=2336.83 rsi=4.4 atr=2.42 atr%=0.10 vol=0.95 DOWN | 15m close=2315.00 ema20=2342.63 ema50=2354.72 rsi=15.8 atr=22.94 atr%=0.99 vol=1.03 DOWN | 1h close=2318.02 ema20=2352.16 ema50=2341.12 rsi=40.0 atr=22.31 atr%=0.96 vol=0.59 DOWN
2026-04-27 15:27:34,397 - INFO - ⏸️ ETHUSDT no entry: 5m entry not ready side=SELL close=2315.07 ema20=2320.69 momentum=-0.00004
2026-04-27 15:27:34,397 - INFO - 🔎 --- SOLUSDT ---
2026-04-27 15:27:37,470 - INFO - 📈 SOLUSDT | 1m close=85.24 ema20=85.38 ema50=85.42 rsi=45.4 atr=0.13 atr%=0.16 vol=8.01 DOWN | 5m close=85.32 ema20=85.54 ema50=86.06 rsi=32.1 atr=0.15 atr%=0.17 vol=0.14 DOWN | 15m close=85.35 ema20=86.14 ema50=86.54 rsi=7.5 atr=0.65 atr%=0.76 vol=0.09 DOWN | 1h close=85.24 ema20=86.58 ema50=86.46 rsi=35.7 atr=0.71 atr%=0.84 vol=0.30 DOWN
2026-04-27 15:27:39,941 - INFO - ✅ SOLUSDT SIGNAL SELL score=58 type=trend entry=85.32 sl=85.50 tp=85.06
2026-04-27 15:27:45,363 - INFO - 🚀 OPEN SOLUSDT SELL qty=164.24 score=58 type=trend entry~85.32 sl=85.50 tp=85.06
2026-04-27 15:27:46,063 - WARNING - 💥 Loop error: Binance error 400: {'code': -2019, 'msg': 'Margin is insufficient.'}
2026-04-27 15:28:16,776 - INFO - 📊 Balance=5010.56 | daily=0.00%/10% | trades_today=0
2026-04-27 15:28:19,211 - INFO - 🔎 --- BTCUSDT ---
2026-04-27 15:28:22,745 - INFO - 📈 BTCUSDT | 1m close=77570.10 ema20=77634.92 ema50=77650.72 rsi=45.9 atr=46.71 atr%=0.06 vol=1.03 DOWN | 5m close=77669.10 ema20=77704.35 ema50=77999.52 rsi=51.4 atr=40.21 atr%=0.05 vol=1.74 DOWN | 15m close=77600.00 ema20=78086.00 ema50=78292.57 rsi=22.2 atr=435.40 atr%=0.56 vol=0.77 DOWN | 1h close=77669.10 ema20=78229.69 ema50=78008.74 rsi=44.9 atr=544.00 atr%=0.70 vol=0.53 DOWN
2026-04-27 15:28:24,927 - INFO - ⏸️ BTCUSDT no entry: ATR filter fail atr%=0.05
2026-04-27 15:28:24,927 - INFO - 🔎 --- ETHUSDT ---
2026-04-27 15:28:29,242 - INFO - 📈 ETHUSDT | 1m close=2312.85 ema20=2315.03 ema50=2316.65 rsi=42.3 atr=1.77 atr%=0.08 vol=0.00 DOWN | 5m close=2315.07 ema20=2320.69 ema50=2336.83 rsi=4.4 atr=2.42 atr%=0.10 vol=0.95 DOWN | 15m close=2315.00 ema20=2342.63 ema50=2354.72 rsi=15.8 atr=22.94 atr%=0.99 vol=1.03 DOWN | 1h close=2318.02 ema20=2352.16 ema50=2341.12 rsi=40.0 atr=22.31 atr%=0.96 vol=0.59 DOWN
2026-04-27 15:28:31,490 - INFO - ⏸️ ETHUSDT no entry: 5m entry not ready side=SELL close=2315.07 ema20=2320.69 momentum=-0.00004
2026-04-27 15:28:31,491 - INFO - 🔎 --- SOLUSDT ---
2026-04-27 15:28:35,616 - INFO - 📈 SOLUSDT | 1m close=85.19 ema20=85.36 ema50=85.41 rsi=38.6 atr=0.13 atr%=0.16 vol=5.33 DOWN | 5m close=85.32 ema20=85.54 ema50=86.06 rsi=32.1 atr=0.15 atr%=0.17 vol=0.14 DOWN | 15m close=85.35 ema20=86.14 ema50=86.54 rsi=7.5 atr=0.65 atr%=0.76 vol=0.09 DOWN | 1h close=85.24 ema20=86.58 ema50=86.46 rsi=35.7 atr=0.71 atr%=0.84 vol=0.30 DOWN
2026-04-27 15:28:37,808 - INFO - ✅ SOLUSDT SIGNAL SELL score=58 type=trend entry=85.32 sl=85.50 tp=85.06
2026-04-27 15:28:44,087 - INFO - 🚀 OPEN SOLUSDT SELL qty=164.24 score=58 type=trend entry~85.32 sl=85.50 tp=85.06
2026-04-27 15:28:44,790 - WARNING - 💥 Loop error: Binance error 400: {'code': -2019, 'msg': 'Margin is insufficient.'}
2026-04-27 15:29:16,645 - INFO - 📊 Balance=5010.56 | daily=0.00%/10% | trades_today=0
2026-04-27 15:29:19,546 - INFO - 🔎 --- BTCUSDT ---
2026-04-27 15:29:22,819 - INFO - 📈 BTCUSDT | 1m close=77549.60 ema20=77626.79 ema50=77646.75 rsi=43.7 atr=49.69 atr%=0.06 vol=1.16 DOWN | 5m close=77669.10 ema20=77704.35 ema50=77999.52 rsi=51.4 atr=40.21 atr%=0.05 vol=1.74 DOWN | 15m close=77600.00 ema20=78086.00 ema50=78292.57 rsi=22.2 atr=435.40 atr%=0.56 vol=0.77 DOWN | 1h close=77669.10 ema20=78229.69 ema50=78008.74 rsi=44.9 atr=544.00 atr%=0.70 vol=0.53 DOWN
2026-04-27 15:29:24,990 - INFO - ⏸️ BTCUSDT no entry: ATR filter fail atr%=0.05
2026-04-27 15:29:24,990 - INFO - 🔎 --- ETHUSDT ---
2026-04-27 15:29:28,650 - INFO - 📈 ETHUSDT | 1m close=2314.12 ema20=2314.94 ema50=2316.55 rsi=46.6 atr=1.92 atr%=0.08 vol=0.02 DOWN | 5m close=2315.07 ema20=2320.69 ema50=2336.83 rsi=4.4 atr=2.42 atr%=0.10 vol=0.95 DOWN | 15m close=2315.00 ema20=2342.63 ema50=2354.72 rsi=15.8 atr=22.94 atr%=0.99 vol=1.03 DOWN | 1h close=2318.02 ema20=2352.16 ema50=2341.12 rsi=40.0 atr=22.31 atr%=0.96 vol=0.59 DOWN
2026-04-27 15:29:31,492 - INFO - ⏸️ ETHUSDT no entry: 5m entry not ready side=SELL close=2315.07 ema20=2320.69 momentum=-0.00004
2026-04-27 15:29:31,492 - INFO - 🔎 --- SOLUSDT ---
2026-04-27 15:29:34,616 - INFO - 📈 SOLUSDT | 1m close=85.11 ema20=85.34 ema50=85.40 rsi=39.3 atr=0.14 atr%=0.16 vol=6.11 DOWN | 5m close=85.32 ema20=85.54 ema50=86.06 rsi=32.1 atr=0.15 atr%=0.17 vol=0.14 DOWN | 15m close=85.35 ema20=86.14 ema50=86.54 rsi=7.5 atr=0.65 atr%=0.76 vol=0.09 DOWN | 1h close=85.24 ema20=86.58 ema50=86.46 rsi=35.7 atr=0.71 atr%=0.84 vol=0.30 DOWN
2026-04-27 15:29:37,824 - INFO - ✅ SOLUSDT SIGNAL SELL score=58 type=trend entry=85.32 sl=85.50 tp=85.06
2026-04-27 15:29:43,752 - INFO - 🚀 OPEN SOLUSDT SELL qty=164.24 score=58 type=trend entry~85.32 sl=85.50 tp=85.06
2026-04-27 15:29:44,451 - WARNING - 💥 Loop error: Binance error 400: {'code': -2019, 'msg': 'Margin is insufficient.'}
2026-04-27 15:30:16,490 - INFO - 📊 Balance=5010.56 | daily=0.00%/10% | trades_today=0
2026-04-27 15:30:19,163 - INFO - 🔎 --- BTCUSDT ---
2026-04-27 15:30:23,402 - INFO - 📈 BTCUSDT | 1m close=77549.60 ema20=77619.44 ema50=77642.94 rsi=32.0 atr=44.78 atr%=0.06 vol=0.01 DOWN | 5m close=77549.60 ema20=77689.62 ema50=77981.88 rsi=31.4 atr=48.89 atr%=0.06 vol=1.38 DOWN | 15m close=77549.60 ema20=78034.91 ema50=78263.42 rsi=21.9 atr=435.84 atr%=0.56 vol=0.68 DOWN | 1h close=77669.10 ema20=78229.69 ema50=78008.74 rsi=44.9 atr=544.00 atr%=0.70 vol=0.53 DOWN
2026-04-27 15:30:25,573 - INFO - ⏸️ BTCUSDT no entry: ATR filter fail atr%=0.06
2026-04-27 15:30:25,573 - INFO - 🔎 --- ETHUSDT ---
2026-04-27 15:30:30,650 - INFO - 📈 ETHUSDT | 1m close=2310.61 ema20=2314.53 ema50=2316.32 rsi=27.9 atr=2.04 atr%=0.09 vol=1.42 DOWN | 5m close=2310.61 ema20=2319.73 ema50=2335.80 rsi=2.4 atr=2.77 atr%=0.12 vol=0.43 DOWN | 15m close=2310.61 ema20=2339.58 ema50=2352.99 rsi=16.6 atr=22.72 atr%=0.98 vol=0.46 DOWN | 1h close=2318.02 ema20=2352.16 ema50=2341.12 rsi=40.0 atr=22.31 atr%=0.96 vol=0.59 DOWN
2026-04-27 15:30:32,843 - INFO - ⏸️ ETHUSDT no entry: 5m entry not ready side=SELL close=2310.61 ema20=2319.73 momentum=-0.00193
2026-04-27 15:30:32,843 - INFO - 🔎 --- SOLUSDT ---
2026-04-27 15:30:37,533 - INFO - 📈 SOLUSDT | 1m close=85.06 ema20=85.31 ema50=85.39 rsi=36.0 atr=0.14 atr%=0.17 vol=4.30 DOWN | 5m close=85.06 ema20=85.50 ema50=86.02 rsi=25.8 atr=0.17 atr%=0.20 vol=2.39 DOWN | 15m close=85.06 ema20=86.04 ema50=86.48 rsi=7.2 atr=0.66 atr%=0.78 vol=0.15 DOWN | 1h close=85.24 ema20=86.58 ema50=86.46 rsi=35.7 atr=0.71 atr%=0.84 vol=0.30 DOWN
2026-04-27 15:30:40,519 - INFO - ✅ SOLUSDT SIGNAL SELL score=87 type=breakout entry=85.06 sl=85.28 tp=84.65
2026-04-27 15:30:46,107 - INFO - 🚀 OPEN SOLUSDT SELL qty=139.13 score=87 type=breakout entry~85.06 sl=85.28 tp=84.65
2026-04-27 15:30:47,313 - WARNING - 💥 Loop error: Binance error 400: {'code': -2019, 'msg': 'Margin is insufficient.'}
2026-04-27 15:31:18,139 - INFO - 📊 Balance=5010.56 | daily=0.00%/10% | trades_today=0
2026-04-27 15:31:21,935 - INFO - 🔎 --- BTCUSDT ---
2026-04-27 15:31:26,065 - INFO - 📈 BTCUSDT | 1m close=77549.60 ema20=77612.79 ema50=77639.28 rsi=38.1 atr=41.07 atr%=0.05 vol=0.01 DOWN | 5m close=77549.60 ema20=77689.62 ema50=77981.88 rsi=31.4 atr=48.89 atr%=0.06 vol=1.38 DOWN | 15m close=77549.60 ema20=78034.91 ema50=78263.42 rsi=21.9 atr=435.84 atr%=0.56 vol=0.68 DOWN | 1h close=77669.10 ema20=78229.69 ema50=78008.74 rsi=44.9 atr=544.00 atr%=0.70 vol=0.53 DOWN
2026-04-27 15:31:28,858 - INFO - ⏸️ BTCUSDT no entry: ATR filter fail atr%=0.06
2026-04-27 15:31:28,859 - INFO - 🔎 --- ETHUSDT ---
2026-04-27 15:31:33,267 - INFO - 📈 ETHUSDT | 1m close=2310.19 ema20=2314.12 ema50=2316.08 rsi=27.3 atr=2.02 atr%=0.09 vol=2.38 DOWN | 5m close=2310.61 ema20=2319.73 ema50=2335.80 rsi=2.4 atr=2.77 atr%=0.12 vol=0.43 DOWN | 15m close=2310.61 ema20=2339.58 ema50=2352.99 rsi=16.6 atr=22.72 atr%=0.98 vol=0.46 DOWN | 1h close=2318.02 ema20=2352.16 ema50=2341.12 rsi=40.0 atr=22.31 atr%=0.96 vol=0.59 DOWN
2026-04-27 15:31:35,530 - INFO - ⏸️ ETHUSDT no entry: 5m entry not ready side=SELL close=2310.61 ema20=2319.73 momentum=-0.00193
2026-04-27 15:31:35,530 - INFO - 🔎 --- SOLUSDT ---
2026-04-27 15:31:38,535 - INFO - 📈 SOLUSDT | 1m close=85.16 ema20=85.30 ema50=85.38 rsi=37.6 atr=0.15 atr%=0.17 vol=1.33 DOWN | 5m close=85.06 ema20=85.50 ema50=86.02 rsi=25.8 atr=0.17 atr%=0.20 vol=2.39 DOWN | 15m close=85.06 ema20=86.04 ema50=86.48 rsi=7.2 atr=0.66 atr%=0.78 vol=0.15 DOWN | 1h close=85.24 ema20=86.58 ema50=86.46 rsi=35.7 atr=0.71 atr%=0.84 vol=0.30 DOWN
2026-04-27 15:31:40,761 - INFO - ✅ SOLUSDT SIGNAL SELL score=87 type=breakout entry=85.06 sl=85.28 tp=84.65
2026-04-27 15:31:45,637 - INFO - 🚀 OPEN SOLUSDT SELL qty=139.13 score=87 type=breakout entry~85.06 sl=85.28 tp=84.65
2026-04-27 15:31:46,362 - WARNING - 💥 Loop error: Binance error 400: {'code': -2019, 'msg': 'Margin is insufficient.'}
2026-04-27 15:32:17,078 - INFO - 📊 Balance=5010.56 | daily=0.00%/10% | trades_today=0
2026-04-27 15:32:19,254 - INFO - 🔎 --- BTCUSDT ---
2026-04-27 15:32:22,542 - INFO - 📈 BTCUSDT | 1m close=77549.60 ema20=77606.77 ema50=77635.76 rsi=28.2 atr=37.36 atr%=0.05 vol=0.00 DOWN | 5m close=77549.60 ema20=77689.62 ema50=77981.88 rsi=31.4 atr=48.89 atr%=0.06 vol=1.38 DOWN | 15m close=77549.60 ema20=78034.91 ema50=78263.42 rsi=21.9 atr=435.84 atr%=0.56 vol=0.68 DOWN | 1h close=77669.10 ema20=78229.69 ema50=78008.74 rsi=44.9 atr=544.00 atr%=0.70 vol=0.53 DOWN
2026-04-27 15:32:24,714 - INFO - ⏸️ BTCUSDT no entry: ATR filter fail atr%=0.06
2026-04-27 15:32:24,714 - INFO - 🔎 --- ETHUSDT ---
2026-04-27 15:32:28,060 - INFO - 📈 ETHUSDT | 1m close=2308.10 ema20=2313.55 ema50=2315.77 rsi=20.8 atr=2.10 atr%=0.09 vol=5.82 DOWN | 5m close=2310.61 ema20=2319.73 ema50=2335.80 rsi=2.4 atr=2.77 atr%=0.12 vol=0.43 DOWN | 15m close=2310.61 ema20=2339.58 ema50=2352.99 rsi=16.6 atr=22.72 atr%=0.98 vol=0.46 DOWN | 1h close=2318.02 ema20=2352.16 ema50=2341.12 rsi=40.0 atr=22.31 atr%=0.96 vol=0.59 DOWN
2026-04-27 15:32:30,172 - INFO - ⏸️ ETHUSDT no entry: 5m entry not ready side=SELL close=2310.61 ema20=2319.73 momentum=-0.00193
2026-04-27 15:32:30,172 - INFO - 🔎 --- SOLUSDT ---
2026-04-27 15:32:34,398 - INFO - 📈 SOLUSDT | 1m close=85.04 ema20=85.27 ema50=85.36 rsi=34.1 atr=0.15 atr%=0.18 vol=0.14 DOWN | 5m close=85.06 ema20=85.50 ema50=86.02 rsi=25.8 atr=0.17 atr%=0.20 vol=2.39 DOWN | 15m close=85.06 ema20=86.04 ema50=86.48 rsi=7.2 atr=0.66 atr%=0.78 vol=0.15 DOWN | 1h close=85.24 ema20=86.58 ema50=86.46 rsi=35.7 atr=0.71 atr%=0.84 vol=0.30 DOWN
2026-04-27 15:32:36,550 - INFO - ✅ SOLUSDT SIGNAL SELL score=87 type=breakout entry=85.06 sl=85.28 tp=84.65
2026-04-27 15:32:41,398 - INFO - 🚀 OPEN SOLUSDT SELL qty=139.13 score=87 type=breakout entry~85.06 sl=85.28 tp=84.65
2026-04-27 15:32:42,100 - WARNING - 💥 Loop error: Binance error 400: {'code': -2019, 'msg': 'Margin is insufficient.'}
2026-04-27 15:33:12,844 - INFO - 📊 Balance=5010.56 | daily=0.00%/10% | trades_today=0
2026-04-27 15:33:15,050 - INFO - 🔎 --- BTCUSDT ---
2026-04-27 15:33:18,269 - INFO - 📈 BTCUSDT | 1m close=77549.60 ema20=77606.77 ema50=77635.76 rsi=28.2 atr=37.36 atr%=0.05 vol=0.00 DOWN | 5m close=77549.60 ema20=77689.62 ema50=77981.88 rsi=31.4 atr=48.89 atr%=0.06 vol=1.38 DOWN | 15m close=77549.60 ema20=78034.91 ema50=78263.42 rsi=21.9 atr=435.84 atr%=0.56 vol=0.68 DOWN | 1h close=77669.10 ema20=78229.69 ema50=78008.74 rsi=44.9 atr=544.00 atr%=0.70 vol=0.53 DOWN
2026-04-27 15:33:20,459 - INFO - ⏸️ BTCUSDT no entry: ATR filter fail atr%=0.06
2026-04-27 15:33:20,460 - INFO - 🔎 --- ETHUSDT ---
2026-04-27 15:33:23,850 - INFO - 📈 ETHUSDT | 1m close=2309.44 ema20=2313.15 ema50=2315.52 rsi=27.6 atr=2.18 atr%=0.09 vol=1.75 DOWN | 5m close=2310.61 ema20=2319.73 ema50=2335.80 rsi=2.4 atr=2.77 atr%=0.12 vol=0.43 DOWN | 15m close=2310.61 ema20=2339.58 ema50=2352.99 rsi=16.6 atr=22.72 atr%=0.98 vol=0.46 DOWN | 1h close=2318.02 ema20=2352.16 ema50=2341.12 rsi=40.0 atr=22.31 atr%=0.96 vol=0.59 DOWN
2026-04-27 15:33:25,925 - INFO - ⏸️ ETHUSDT no entry: 5m entry not ready side=SELL close=2310.61 ema20=2319.73 momentum=-0.00193
2026-04-27 15:33:25,925 - INFO - 🔎 --- SOLUSDT ---
2026-04-27 15:33:29,025 - INFO - 📈 SOLUSDT | 1m close=85.08 ema20=85.25 ema50=85.35 rsi=37.8 atr=0.15 atr%=0.18 vol=0.01 DOWN | 5m close=85.06 ema20=85.50 ema50=86.02 rsi=25.8 atr=0.17 atr%=0.20 vol=2.39 DOWN | 15m close=85.06 ema20=86.04 ema50=86.48 rsi=7.2 atr=0.66 atr%=0.78 vol=0.15 DOWN | 1h close=85.24 ema20=86.58 ema50=86.46 rsi=35.7 atr=0.71 atr%=0.84 vol=0.30 DOWN
2026-04-27 15:33:31,271 - INFO - ✅ SOLUSDT SIGNAL SELL score=87 type=breakout entry=85.06 sl=85.28 tp=84.65
2026-04-27 15:33:36,373 - INFO - 🚀 OPEN SOLUSDT SELL qty=139.13 score=87 type=breakout entry~85.06 sl=85.28 tp=84.65
2026-04-27 15:33:37,053 - WARNING - 💥 Loop error: Binance error 400: {'code': -2019, 'msg': 'Margin is insufficient.'}
2026-04-27 15:34:07,800 - INFO - 📊 Balance=5010.56 | daily=0.00%/10% | trades_today=0
2026-04-27 15:34:10,029 - INFO - 🔎 --- BTCUSDT ---
2026-04-27 15:34:13,333 - INFO - 📈 BTCUSDT | 1m close=77542.30 ema20=77593.66 ema50=77627.96 rsi=26.1 atr=36.61 atr%=0.05 vol=0.04 DOWN | 5m close=77549.60 ema20=77689.62 ema50=77981.88 rsi=31.4 atr=48.89 atr%=0.06 vol=1.38 DOWN | 15m close=77549.60 ema20=78034.91 ema50=78263.42 rsi=21.9 atr=435.84 atr%=0.56 vol=0.68 DOWN | 1h close=77669.10 ema20=78229.69 ema50=78008.74 rsi=44.9 atr=544.00 atr%=0.70 vol=0.53 DOWN
2026-04-27 15:34:15,442 - INFO - ⏸️ BTCUSDT no entry: ATR filter fail atr%=0.06
2026-04-27 15:34:15,442 - INFO - 🔎 --- ETHUSDT ---
2026-04-27 15:34:18,799 - INFO - 📈 ETHUSDT | 1m close=2310.93 ema20=2312.94 ema50=2315.34 rsi=37.3 atr=2.12 atr%=0.09 vol=0.64 DOWN | 5m close=2310.61 ema20=2319.73 ema50=2335.80 rsi=2.4 atr=2.77 atr%=0.12 vol=0.43 DOWN | 15m close=2310.61 ema20=2339.58 ema50=2352.99 rsi=16.6 atr=22.72 atr%=0.98 vol=0.46 DOWN | 1h close=2318.02 ema20=2352.16 ema50=2341.12 rsi=40.0 atr=22.31 atr%=0.96 vol=0.59 DOWN
2026-04-27 15:34:20,981 - INFO - ⏸️ ETHUSDT no entry: 5m entry not ready side=SELL close=2310.61 ema20=2319.73 momentum=-0.00193
2026-04-27 15:34:20,982 - INFO - 🔎 --- SOLUSDT ---
2026-04-27 15:34:24,125 - INFO - 📈 SOLUSDT | 1m close=85.15 ema20=85.24 ema50=85.34 rsi=39.7 atr=0.16 atr%=0.18 vol=0.01 DOWN | 5m close=85.06 ema20=85.50 ema50=86.02 rsi=25.8 atr=0.17 atr%=0.20 vol=2.39 DOWN | 15m close=85.06 ema20=86.04 ema50=86.48 rsi=7.2 atr=0.66 atr%=0.78 vol=0.15 DOWN | 1h close=85.24 ema20=86.58 ema50=86.46 rsi=35.7 atr=0.71 atr%=0.84 vol=0.30 DOWN
2026-04-27 15:34:26,253 - INFO - ✅ SOLUSDT SIGNAL SELL score=87 type=breakout entry=85.06 sl=85.28 tp=84.65
2026-04-27 15:34:30,835 - INFO - 🚀 OPEN SOLUSDT SELL qty=139.13 score=87 type=breakout entry~85.06 sl=85.28 tp=84.65
2026-04-27 15:34:31,523 - WARNING - 💥 Loop error: Binance error 400: {'code': -2019, 'msg': 'Margin is insufficient.'}
2026-04-27 15:35:02,395 - INFO - 📊 Balance=5010.56 | daily=0.00%/10% | trades_today=0
2026-04-27 15:35:04,812 - INFO - 🔎 --- BTCUSDT ---
2026-04-27 15:35:08,229 - INFO - 📈 BTCUSDT | 1m close=77542.30 ema20=77593.66 ema50=77627.96 rsi=26.1 atr=36.61 atr%=0.05 vol=0.04 DOWN | 5m close=77549.60 ema20=77689.62 ema50=77981.88 rsi=31.4 atr=48.89 atr%=0.06 vol=1.38 DOWN | 15m close=77549.60 ema20=78034.91 ema50=78263.42 rsi=21.9 atr=435.84 atr%=0.56 vol=0.68 DOWN | 1h close=77669.10 ema20=78229.69 ema50=78008.74 rsi=44.9 atr=544.00 atr%=0.70 vol=0.53 DOWN
2026-04-27 15:35:10,485 - INFO - ⏸️ BTCUSDT no entry: ATR filter fail atr%=0.06
2026-04-27 15:35:10,485 - INFO - 🔎 --- ETHUSDT ---
2026-04-27 15:35:14,991 - INFO - 📈 ETHUSDT | 1m close=2310.93 ema20=2312.94 ema50=2315.34 rsi=37.3 atr=2.12 atr%=0.09 vol=0.64 DOWN | 5m close=2310.97 ema20=2318.90 ema50=2334.83 rsi=5.9 atr=2.97 atr%=0.13 vol=2.69 DOWN | 15m close=2310.61 ema20=2339.58 ema50=2352.99 rsi=16.6 atr=22.72 atr%=0.98 vol=0.46 DOWN | 1h close=2318.02 ema20=2352.16 ema50=2341.12 rsi=40.0 atr=22.31 atr%=0.96 vol=0.59 DOWN
2026-04-27 15:35:19,713 - INFO - ⏸️ ETHUSDT no entry: 5m entry not ready side=SELL close=2310.97 ema20=2318.90 momentum=0.00016
2026-04-27 15:35:19,713 - INFO - 🔎 --- SOLUSDT ---
2026-04-27 15:35:22,786 - INFO - 📈 SOLUSDT | 1m close=85.17 ema20=85.24 ema50=85.34 rsi=43.2 atr=0.16 atr%=0.18 vol=0.14 DOWN | 5m close=85.17 ema20=85.47 ema50=85.98 rsi=31.5 atr=0.18 atr%=0.22 vol=0.32 DOWN | 15m close=85.06 ema20=86.04 ema50=86.48 rsi=7.2 atr=0.66 atr%=0.78 vol=0.15 DOWN | 1h close=85.24 ema20=86.58 ema50=86.46 rsi=35.7 atr=0.71 atr%=0.84 vol=0.30 DOWN
2026-04-27 15:35:24,951 - INFO - ⏸️ SOLUSDT no entry: 5m entry not ready side=SELL close=85.17 ema20=85.47 momentum=0.00129
2026-04-27 15:35:55,675 - INFO - 📊 Balance=5010.56 | daily=0.00%/10% | trades_today=0
2026-04-27 15:36:00,117 - INFO - 🔎 --- BTCUSDT ---
2026-04-27 15:36:07,824 - INFO - 📈 BTCUSDT | 1m close=77550.80 ema20=77589.58 ema50=77624.94 rsi=28.4 atr=36.16 atr%=0.05 vol=0.05 DOWN | 5m close=77550.80 ema20=77676.39 ema50=77964.97 rsi=31.7 atr=50.96 atr%=0.07 vol=0.51 DOWN | 15m close=77549.60 ema20=78034.91 ema50=78263.42 rsi=21.9 atr=435.84 atr%=0.56 vol=0.68 DOWN | 1h close=77669.10 ema20=78229.69 ema50=78008.74 rsi=44.9 atr=544.00 atr%=0.70 vol=0.53 DOWN
2026-04-27 15:36:10,013 - INFO - ⏸️ BTCUSDT no entry: ATR filter fail atr%=0.07
2026-04-27 15:36:10,013 - INFO - 🔎 --- ETHUSDT ---
2026-04-27 15:36:15,557 - INFO - 📈 ETHUSDT | 1m close=2310.97 ema20=2312.75 ema50=2315.17 rsi=36.9 atr=2.13 atr%=0.09 vol=0.56 DOWN | 5m close=2310.97 ema20=2318.90 ema50=2334.83 rsi=5.9 atr=2.97 atr%=0.13 vol=2.69 DOWN | 15m close=2310.61 ema20=2339.58 ema50=2352.99 rsi=16.6 atr=22.72 atr%=0.98 vol=0.46 DOWN | 1h close=2318.02 ema20=2352.16 ema50=2341.12 rsi=40.0 atr=22.31 atr%=0.96 vol=0.59 DOWN
2026-04-27 15:36:20,028 - INFO - ⏸️ ETHUSDT no entry: 5m entry not ready side=SELL close=2310.97 ema20=2318.90 momentum=0.00016
2026-04-27 15:36:20,029 - INFO - 🔎 --- SOLUSDT ---
2026-04-27 15:36:24,920 - INFO - 📈 SOLUSDT | 1m close=85.23 ema20=85.24 ema50=85.33 rsi=42.7 atr=0.16 atr%=0.18 vol=0.00 DOWN | 5m close=85.17 ema20=85.47 ema50=85.98 rsi=31.5 atr=0.18 atr%=0.22 vol=0.32 DOWN | 15m close=85.06 ema20=86.04 ema50=86.48 rsi=7.2 atr=0.66 atr%=0.78 vol=0.15 DOWN | 1h close=85.24 ema20=86.58 ema50=86.46 rsi=35.7 atr=0.71 atr%=0.84 vol=0.30 DOWN
2026-04-27 15:36:28,774 - INFO - ⏸️ SOLUSDT no entry: 5m entry not ready side=SELL close=85.17 ema20=85.47 momentum=0.00129
2026-04-27 15:37:02,937 - INFO - 📊 Balance=5010.56 | daily=0.00%/10% | trades_today=0
2026-04-27 15:37:11,722 - INFO - 🔎 --- BTCUSDT ---
2026-04-27 15:37:16,141 - INFO - 📈 BTCUSDT | 1m close=77560.90 ema20=77584.65 ema50=77620.14 rsi=36.9 atr=31.83 atr%=0.04 vol=0.24 DOWN | 5m close=77550.80 ema20=77676.39 ema50=77964.97 rsi=31.7 atr=50.96 atr%=0.07 vol=0.51 DOWN | 15m close=77549.60 ema20=78034.91 ema50=78263.42 rsi=21.9 atr=435.84 atr%=0.56 vol=0.68 DOWN | 1h close=77669.10 ema20=78229.69 ema50=78008.74 rsi=44.9 atr=544.00 atr%=0.70 vol=0.53 DOWN
2026-04-27 15:37:21,540 - INFO - ⏸️ BTCUSDT no entry: ATR filter fail atr%=0.07
2026-04-27 15:37:21,540 - INFO - 🔎 --- ETHUSDT ---
2026-04-27 15:37:27,405 - INFO - 📈 ETHUSDT | 1m close=2314.93 ema20=2313.07 ema50=2315.11 rsi=50.2 atr=2.43 atr%=0.10 vol=0.00 UP | 5m close=2310.97 ema20=2318.90 ema50=2334.83 rsi=5.9 atr=2.97 atr%=0.13 vol=2.69 DOWN | 15m close=2310.61 ema20=2339.58 ema50=2352.99 rsi=16.6 atr=22.72 atr%=0.98 vol=0.46 DOWN | 1h close=2318.02 ema20=2352.16 ema50=2341.12 rsi=40.0 atr=22.31 atr%=0.96 vol=0.59 DOWN
2026-04-27 15:37:34,048 - INFO - ⏸️ ETHUSDT no entry: 5m entry not ready side=SELL close=2310.97 ema20=2318.90 momentum=0.00016
2026-04-27 15:37:34,049 - INFO - 🔎 --- SOLUSDT ---
2026-04-27 15:37:39,272 - INFO - 📈 SOLUSDT | 1m close=85.17 ema20=85.23 ema50=85.33 rsi=43.1 atr=0.15 atr%=0.18 vol=0.29 DOWN | 5m close=85.17 ema20=85.47 ema50=85.98 rsi=31.5 atr=0.18 atr%=0.22 vol=0.32 DOWN | 15m close=85.06 ema20=86.04 ema50=86.48 rsi=7.2 atr=0.66 atr%=0.78 vol=0.15 DOWN | 1h close=85.24 ema20=86.58 ema50=86.46 rsi=35.7 atr=0.71 atr%=0.84 vol=0.30 DOWN
2026-04-27 15:37:44,244 - INFO - ⏸️ SOLUSDT no entry: 5m entry not ready side=SELL close=85.17 ema20=85.47 momentum=0.00129
2026-04-27 15:38:23,773 - INFO - 📊 Balance=5010.56 | daily=0.00%/10% | trades_today=0
2026-04-27 15:38:32,883 - INFO - 🔎 --- BTCUSDT ---
2026-04-27 15:38:36,356 - INFO - 📈 BTCUSDT | 1m close=77571.40 ema20=77583.39 ema50=77618.22 rsi=25.0 atr=28.01 atr%=0.04 vol=0.19 DOWN | 5m close=77550.80 ema20=77676.39 ema50=77964.97 rsi=31.7 atr=50.96 atr%=0.07 vol=0.51 DOWN | 15m close=77549.60 ema20=78034.91 ema50=78263.42 rsi=21.9 atr=435.84 atr%=0.56 vol=0.68 DOWN | 1h close=77669.10 ema20=78229.69 ema50=78008.74 rsi=44.9 atr=544.00 atr%=0.70 vol=0.53 DOWN
2026-04-27 15:38:41,474 - INFO - ⏸️ BTCUSDT no entry: ATR filter fail atr%=0.07
2026-04-27 15:38:41,474 - INFO - 🔎 --- ETHUSDT ---
2026-04-27 15:38:48,474 - INFO - 📈 ETHUSDT | 1m close=2315.00 ema20=2313.25 ema50=2315.11 rsi=52.6 atr=2.43 atr%=0.11 vol=0.00 UP | 5m close=2310.97 ema20=2318.90 ema50=2334.83 rsi=5.9 atr=2.97 atr%=0.13 vol=2.69 DOWN | 15m close=2310.61 ema20=2339.58 ema50=2352.99 rsi=16.6 atr=22.72 atr%=0.98 vol=0.46 DOWN | 1h close=2318.02 ema20=2352.16 ema50=2341.12 rsi=40.0 atr=22.31 atr%=0.96 vol=0.59 DOWN
2026-04-27 15:38:50,797 - INFO - ⏸️ ETHUSDT no entry: 5m entry not ready side=SELL close=2310.97 ema20=2318.90 momentum=0.00016
2026-04-27 15:38:50,798 - INFO - 🔎 --- SOLUSDT ---
2026-04-27 15:38:53,815 - INFO - 📈 SOLUSDT | 1m close=85.21 ema20=85.23 ema50=85.32 rsi=39.7 atr=0.15 atr%=0.17 vol=0.33 DOWN | 5m close=85.17 ema20=85.47 ema50=85.98 rsi=31.5 atr=0.18 atr%=0.22 vol=0.32 DOWN | 15m close=85.06 ema20=86.04 ema50=86.48 rsi=7.2 atr=0.66 atr%=0.78 vol=0.15 DOWN | 1h close=85.24 ema20=86.58 ema50=86.46 rsi=35.7 atr=0.71 atr%=0.84 vol=0.30 DOWN
2026-04-27 15:38:56,375 - INFO - ⏸️ SOLUSDT no entry: 5m entry not ready side=SELL close=85.17 ema20=85.47 momentum=0.00129
2026-04-27 15:39:27,132 - INFO - 📊 Balance=5010.56 | daily=0.00%/10% | trades_today=0
2026-04-27 15:39:29,339 - INFO - 🔎 --- BTCUSDT ---
2026-04-27 15:39:32,895 - INFO - 📈 BTCUSDT | 1m close=77584.20 ema20=77583.47 ema50=77616.88 rsi=29.6 atr=23.91 atr%=0.03 vol=2.58 UP | 5m close=77550.80 ema20=77676.39 ema50=77964.97 rsi=31.7 atr=50.96 atr%=0.07 vol=0.51 DOWN | 15m close=77549.60 ema20=78034.91 ema50=78263.42 rsi=21.9 atr=435.84 atr%=0.56 vol=0.68 DOWN | 1h close=77669.10 ema20=78229.69 ema50=78008.74 rsi=44.9 atr=544.00 atr%=0.70 vol=0.53 DOWN
2026-04-27 15:39:35,409 - INFO - ⏸️ BTCUSDT no entry: ATR filter fail atr%=0.07
2026-04-27 15:39:35,409 - INFO - 🔎 --- ETHUSDT ---
2026-04-27 15:39:38,651 - INFO - 📈 ETHUSDT | 1m close=2313.88 ema20=2313.31 ema50=2315.06 rsi=46.9 atr=2.46 atr%=0.11 vol=0.00 UP | 5m close=2310.97 ema20=2318.90 ema50=2334.83 rsi=5.9 atr=2.97 atr%=0.13 vol=2.69 DOWN | 15m close=2310.61 ema20=2339.58 ema50=2352.99 rsi=16.6 atr=22.72 atr%=0.98 vol=0.46 DOWN | 1h close=2318.02 ema20=2352.16 ema50=2341.12 rsi=40.0 atr=22.31 atr%=0.96 vol=0.59 DOWN
2026-04-27 15:39:40,833 - INFO - ⏸️ ETHUSDT no entry: 5m entry not ready side=SELL close=2310.97 ema20=2318.90 momentum=0.00016
2026-04-27 15:39:40,833 - INFO - 🔎 --- SOLUSDT ---
2026-04-27 15:39:44,358 - INFO - 📈 SOLUSDT | 1m close=85.21 ema20=85.23 ema50=85.32 rsi=44.7 atr=0.14 atr%=0.16 vol=0.43 DOWN | 5m close=85.17 ema20=85.47 ema50=85.98 rsi=31.5 atr=0.18 atr%=0.22 vol=0.32 DOWN | 15m close=85.06 ema20=86.04 ema50=86.48 rsi=7.2 atr=0.66 atr%=0.78 vol=0.15 DOWN | 1h close=85.24 ema20=86.58 ema50=86.46 rsi=35.7 atr=0.71 atr%=0.84 vol=0.30 DOWN
2026-04-27 15:39:46,464 - INFO - ⏸️ SOLUSDT no entry: 5m entry not ready side=SELL close=85.17 ema20=85.47 momentum=0.00129
2026-04-27 15:40:17,255 - INFO - 📊 Balance=5010.56 | daily=0.00%/10% | trades_today=0
2026-04-27 15:40:19,683 - INFO - 🔎 --- BTCUSDT ---
2026-04-27 15:40:22,827 - INFO - 📈 BTCUSDT | 1m close=77588.80 ema20=77583.98 ema50=77615.78 rsi=49.2 atr=20.20 atr%=0.03 vol=0.35 UP | 5m close=77588.80 ema20=77668.05 ema50=77950.22 rsi=39.4 atr=55.26 atr%=0.07 vol=1.81 DOWN | 15m close=77549.60 ema20=78034.91 ema50=78263.42 rsi=21.9 atr=435.84 atr%=0.56 vol=0.68 DOWN | 1h close=77669.10 ema20=78229.69 ema50=78008.74 rsi=44.9 atr=544.00 atr%=0.70 vol=0.53 DOWN
2026-04-27 15:40:24,926 - INFO - ⏸️ BTCUSDT no entry: ATR filter fail atr%=0.07
2026-04-27 15:40:24,927 - INFO - 🔎 --- ETHUSDT ---
2026-04-27 15:40:28,732 - INFO - 📈 ETHUSDT | 1m close=2311.70 ema20=2313.16 ema50=2314.93 rsi=45.8 atr=2.50 atr%=0.11 vol=0.94 DOWN | 5m close=2311.70 ema20=2318.21 ema50=2333.92 rsi=13.3 atr=3.17 atr%=0.14 vol=0.23 DOWN | 15m close=2310.61 ema20=2339.58 ema50=2352.99 rsi=16.6 atr=22.72 atr%=0.98 vol=0.46 DOWN | 1h close=2318.02 ema20=2352.16 ema50=2341.12 rsi=40.0 atr=22.31 atr%=0.96 vol=0.59 DOWN
2026-04-27 15:40:30,903 - INFO - ⏸️ ETHUSDT no entry: 5m entry not ready side=SELL close=2311.70 ema20=2318.21 momentum=0.00032
2026-04-27 15:40:30,903 - INFO - 🔎 --- SOLUSDT ---
2026-04-27 15:40:34,047 - INFO - 📈 SOLUSDT | 1m close=85.18 ema20=85.22 ema50=85.31 rsi=35.5 atr=0.13 atr%=0.15 vol=0.36 DOWN | 5m close=85.18 ema20=85.44 ema50=85.95 rsi=38.3 atr=0.17 atr%=0.20 vol=0.30 DOWN | 15m close=85.06 ema20=86.04 ema50=86.48 rsi=7.2 atr=0.66 atr%=0.78 vol=0.15 DOWN | 1h close=85.24 ema20=86.58 ema50=86.46 rsi=35.7 atr=0.71 atr%=0.84 vol=0.30 DOWN
2026-04-27 15:40:36,254 - INFO - ✅ SOLUSDT SIGNAL SELL score=58 type=breakout entry=85.18 sl=85.40 tp=84.87
2026-04-27 15:40:41,094 - INFO - 🚀 OPEN SOLUSDT SELL qty=137.99 score=58 type=breakout entry~85.18 sl=85.40 tp=84.87
2026-04-27 15:40:41,793 - WARNING - 💥 Loop error: Binance error 400: {'code': -2019, 'msg': 'Margin is insufficient.'}
2026-04-27 15:41:12,503 - INFO - 📊 Balance=5010.56 | daily=0.00%/10% | trades_today=0
2026-04-27 15:41:14,918 - INFO - 🔎 --- BTCUSDT ---
2026-04-27 15:41:18,170 - INFO - 📈 BTCUSDT | 1m close=77580.00 ema20=77583.60 ema50=77614.38 rsi=48.4 atr=20.35 atr%=0.03 vol=0.01 DOWN | 5m close=77588.80 ema20=77668.05 ema50=77950.22 rsi=39.4 atr=55.26 atr%=0.07 vol=1.81 DOWN | 15m close=77549.60 ema20=78034.91 ema50=78263.42 rsi=21.9 atr=435.84 atr%=0.56 vol=0.68 DOWN | 1h close=77669.10 ema20=78229.69 ema50=78008.74 rsi=44.9 atr=544.00 atr%=0.70 vol=0.53 DOWN
2026-04-27 15:41:20,409 - INFO - ⏸️ BTCUSDT no entry: ATR filter fail atr%=0.07
2026-04-27 15:41:20,409 - INFO - 🔎 --- ETHUSDT ---
2026-04-27 15:41:24,632 - INFO - 📈 ETHUSDT | 1m close=2311.70 ema20=2313.02 ema50=2314.80 rsi=49.2 atr=2.32 atr%=0.10 vol=0.00 DOWN | 5m close=2311.70 ema20=2318.21 ema50=2333.92 rsi=13.3 atr=3.17 atr%=0.14 vol=0.23 DOWN | 15m close=2310.61 ema20=2339.58 ema50=2352.99 rsi=16.6 atr=22.72 atr%=0.98 vol=0.46 DOWN | 1h close=2318.02 ema20=2352.16 ema50=2341.12 rsi=40.0 atr=22.31 atr%=0.96 vol=0.59 DOWN
2026-04-27 15:41:26,763 - INFO - ⏸️ ETHUSDT no entry: 5m entry not ready side=SELL close=2311.70 ema20=2318.21 momentum=0.00032
2026-04-27 15:41:26,763 - INFO - 🔎 --- SOLUSDT ---
2026-04-27 15:41:30,744 - INFO - 📈 SOLUSDT | 1m close=85.17 ema20=85.22 ema50=85.31 rsi=45.2 atr=0.11 atr%=0.14 vol=2.47 DOWN | 5m close=85.18 ema20=85.44 ema50=85.95 rsi=38.3 atr=0.17 atr%=0.20 vol=0.30 DOWN | 15m close=85.06 ema20=86.04 ema50=86.48 rsi=7.2 atr=0.66 atr%=0.78 vol=0.15 DOWN | 1h close=85.24 ema20=86.58 ema50=86.46 rsi=35.7 atr=0.71 atr%=0.84 vol=0.30 DOWN
2026-04-27 15:41:32,906 - INFO - ✅ SOLUSDT SIGNAL SELL score=58 type=breakout entry=85.18 sl=85.40 tp=84.87
2026-04-27 15:41:37,849 - INFO - 🚀 OPEN SOLUSDT SELL qty=137.99 score=58 type=breakout entry~85.18 sl=85.40 tp=84.87
2026-04-27 15:41:38,545 - WARNING - 💥 Loop error: Binance error 400: {'code': -2019, 'msg': 'Margin is insufficient.'}
2026-04-27 15:42:09,253 - INFO - 📊 Balance=5010.56 | daily=0.00%/10% | trades_today=0
2026-04-27 15:42:11,574 - INFO - 🔎 --- BTCUSDT ---
2026-04-27 15:42:14,968 - INFO - 📈 BTCUSDT | 1m close=77577.80 ema20=77583.05 ema50=77612.95 rsi=53.1 atr=20.62 atr%=0.03 vol=0.22 DOWN | 5m close=77588.80 ema20=77668.05 ema50=77950.22 rsi=39.4 atr=55.26 atr%=0.07 vol=1.81 DOWN | 15m close=77549.60 ema20=78034.91 ema50=78263.42 rsi=21.9 atr=435.84 atr%=0.56 vol=0.68 DOWN | 1h close=77669.10 ema20=78229.69 ema50=78008.74 rsi=44.9 atr=544.00 atr%=0.70 vol=0.53 DOWN
2026-04-27 15:42:17,472 - INFO - ⏸️ BTCUSDT no entry: ATR filter fail atr%=0.07
2026-04-27 15:42:17,473 - INFO - 🔎 --- ETHUSDT ---
2026-04-27 15:42:20,787 - INFO - 📈 ETHUSDT | 1m close=2311.05 ema20=2312.83 ema50=2314.66 rsi=45.0 atr=2.19 atr%=0.09 vol=1.89 DOWN | 5m close=2311.70 ema20=2318.21 ema50=2333.92 rsi=13.3 atr=3.17 atr%=0.14 vol=0.23 DOWN | 15m close=2310.61 ema20=2339.58 ema50=2352.99 rsi=16.6 atr=22.72 atr%=0.98 vol=0.46 DOWN | 1h close=2318.02 ema20=2352.16 ema50=2341.12 rsi=40.0 atr=22.31 atr%=0.96 vol=0.59 DOWN
2026-04-27 15:42:24,112 - INFO - ⏸️ ETHUSDT no entry: 5m entry not ready side=SELL close=2311.70 ema20=2318.21 momentum=0.00032
2026-04-27 15:42:24,113 - INFO - 🔎 --- SOLUSDT ---
2026-04-27 15:42:27,219 - INFO - 📈 SOLUSDT | 1m close=85.17 ema20=85.21 ema50=85.30 rsi=48.5 atr=0.11 atr%=0.13 vol=1.58 DOWN | 5m close=85.18 ema20=85.44 ema50=85.95 rsi=38.3 atr=0.17 atr%=0.20 vol=0.30 DOWN | 15m close=85.06 ema20=86.04 ema50=86.48 rsi=7.2 atr=0.66 atr%=0.78 vol=0.15 DOWN | 1h close=85.24 ema20=86.58 ema50=86.46 rsi=35.7 atr=0.71 atr%=0.84 vol=0.30 DOWN
2026-04-27 15:42:29,350 - INFO - ✅ SOLUSDT SIGNAL SELL score=58 type=breakout entry=85.18 sl=85.40 tp=84.87
2026-04-27 15:42:34,314 - INFO - 🚀 OPEN SOLUSDT SELL qty=137.99 score=58 type=breakout entry~85.18 sl=85.40 tp=84.87
2026-04-27 15:42:35,103 - WARNING - 💥 Loop error: Binance error 400: {'code': -2019, 'msg': 'Margin is insufficient.'}
2026-04-27 15:43:05,827 - INFO - 📊 Balance=5010.56 | daily=0.00%/10% | trades_today=0
2026-04-27 15:43:08,397 - INFO - 🔎 --- BTCUSDT ---
2026-04-27 15:43:11,736 - INFO - 📈 BTCUSDT | 1m close=77580.00 ema20=77582.76 ema50=77611.65 rsi=64.3 atr=19.43 atr%=0.03 vol=0.00 DOWN | 5m close=77588.80 ema20=77668.05 ema50=77950.22 rsi=39.4 atr=55.26 atr%=0.07 vol=1.81 DOWN | 15m close=77549.60 ema20=78034.91 ema50=78263.42 rsi=21.9 atr=435.84 atr%=0.56 vol=0.68 DOWN | 1h close=77669.10 ema20=78229.69 ema50=78008.74 rsi=44.9 atr=544.00 atr%=0.70 vol=0.53 DOWN
2026-04-27 15:43:13,859 - INFO - ⏸️ BTCUSDT no entry: ATR filter fail atr%=0.07
2026-04-27 15:43:13,859 - INFO - 🔎 --- ETHUSDT ---
2026-04-27 15:43:17,563 - INFO - 📈 ETHUSDT | 1m close=2310.93 ema20=2312.65 ema50=2314.51 rsi=40.6 atr=2.01 atr%=0.09 vol=0.01 DOWN | 5m close=2311.70 ema20=2318.21 ema50=2333.92 rsi=13.3 atr=3.17 atr%=0.14 vol=0.23 DOWN | 15m close=2310.61 ema20=2339.58 ema50=2352.99 rsi=16.6 atr=22.72 atr%=0.98 vol=0.46 DOWN | 1h close=2318.02 ema20=2352.16 ema50=2341.12 rsi=40.0 atr=22.31 atr%=0.96 vol=0.59 DOWN
2026-04-27 15:43:20,769 - INFO - ⏸️ ETHUSDT no entry: 5m entry not ready side=SELL close=2311.70 ema20=2318.21 momentum=0.00032
2026-04-27 15:43:20,769 - INFO - 🔎 --- SOLUSDT ---
2026-04-27 15:43:23,827 - INFO - 📈 SOLUSDT | 1m close=85.17 ema20=85.21 ema50=85.30 rsi=55.0 atr=0.11 atr%=0.13 vol=0.40 DOWN | 5m close=85.18 ema20=85.44 ema50=85.95 rsi=38.3 atr=0.17 atr%=0.20 vol=0.30 DOWN | 15m close=85.06 ema20=86.04 ema50=86.48 rsi=7.2 atr=0.66 atr%=0.78 vol=0.15 DOWN | 1h close=85.24 ema20=86.58 ema50=86.46 rsi=35.7 atr=0.71 atr%=0.84 vol=0.30 DOWN
2026-04-27 15:43:25,958 - INFO - ✅ SOLUSDT SIGNAL SELL score=58 type=breakout entry=85.18 sl=85.40 tp=84.87
2026-04-27 15:43:30,738 - INFO - 🚀 OPEN SOLUSDT SELL qty=137.99 score=58 type=breakout entry~85.18 sl=85.40 tp=84.87
2026-04-27 15:43:31,564 - WARNING - 💥 Loop error: Binance error 400: {'code': -2019, 'msg': 'Margin is insufficient.'}
2026-04-27 15:44:02,303 - INFO - 📊 Balance=5010.56 | daily=0.00%/10% | trades_today=0
2026-04-27 15:44:04,482 - INFO - 🔎 --- BTCUSDT ---
2026-04-27 15:44:07,870 - INFO - 📈 BTCUSDT | 1m close=77580.00 ema20=77582.76 ema50=77611.65 rsi=64.3 atr=19.43 atr%=0.03 vol=0.00 DOWN | 5m close=77588.80 ema20=77668.05 ema50=77950.22 rsi=39.4 atr=55.26 atr%=0.07 vol=1.81 DOWN | 15m close=77549.60 ema20=78034.91 ema50=78263.42 rsi=21.9 atr=435.84 atr%=0.56 vol=0.68 DOWN | 1h close=77669.10 ema20=78229.69 ema50=78008.74 rsi=44.9 atr=544.00 atr%=0.70 vol=0.53 DOWN
2026-04-27 15:44:10,024 - INFO - ⏸️ BTCUSDT no entry: ATR filter fail atr%=0.07
2026-04-27 15:44:10,025 - INFO - 🔎 --- ETHUSDT ---
2026-04-27 15:44:13,630 - INFO - 📈 ETHUSDT | 1m close=2310.93 ema20=2312.49 ema50=2314.37 rsi=51.2 atr=1.79 atr%=0.08 vol=0.03 DOWN | 5m close=2311.70 ema20=2318.21 ema50=2333.92 rsi=13.3 atr=3.17 atr%=0.14 vol=0.23 DOWN | 15m close=2310.61 ema20=2339.58 ema50=2352.99 rsi=16.6 atr=22.72 atr%=0.98 vol=0.46 DOWN | 1h close=2318.02 ema20=2352.16 ema50=2341.12 rsi=40.0 atr=22.31 atr%=0.96 vol=0.59 DOWN
2026-04-27 15:44:15,926 - INFO - ⏸️ ETHUSDT no entry: 5m entry not ready side=SELL close=2311.70 ema20=2318.21 momentum=0.00032
2026-04-27 15:44:15,926 - INFO - 🔎 --- SOLUSDT ---
2026-04-27 15:44:19,062 - INFO - 📈 SOLUSDT | 1m close=85.21 ema20=85.21 ema50=85.29 rsi=62.7 atr=0.10 atr%=0.12 vol=0.79 UP | 5m close=85.18 ema20=85.44 ema50=85.95 rsi=38.3 atr=0.17 atr%=0.20 vol=0.30 DOWN | 15m close=85.06 ema20=86.04 ema50=86.48 rsi=7.2 atr=0.66 atr%=0.78 vol=0.15 DOWN | 1h close=85.24 ema20=86.58 ema50=86.46 rsi=35.7 atr=0.71 atr%=0.84 vol=0.30 DOWN
2026-04-27 15:44:21,252 - INFO - ✅ SOLUSDT SIGNAL SELL score=58 type=breakout entry=85.18 sl=85.40 tp=84.87
2026-04-27 15:44:26,264 - INFO - 🚀 OPEN SOLUSDT SELL qty=137.99 score=58 type=breakout entry~85.18 sl=85.40 tp=84.87
2026-04-27 15:44:27,302 - WARNING - 💥 Loop error: Binance error 400: {'code': -2019, 'msg': 'Margin is insufficient.'}
2026-04-27 15:44:58,037 - INFO - 📊 Balance=5010.56 | daily=0.00%/10% | trades_today=0
2026-04-27 15:45:00,586 - INFO - 🔎 --- BTCUSDT ---
2026-04-27 15:45:03,799 - INFO - 📈 BTCUSDT | 1m close=77590.90 ema20=77583.53 ema50=77610.84 rsi=67.6 atr=21.34 atr%=0.03 vol=0.01 UP | 5m close=77588.80 ema20=77668.05 ema50=77950.22 rsi=39.4 atr=55.26 atr%=0.07 vol=1.81 DOWN | 15m close=77549.60 ema20=78034.91 ema50=78263.42 rsi=21.9 atr=435.84 atr%=0.56 vol=0.68 DOWN | 1h close=77669.10 ema20=78229.69 ema50=78008.74 rsi=44.9 atr=544.00 atr%=0.70 vol=0.53 DOWN
2026-04-27 15:45:05,906 - INFO - ⏸️ BTCUSDT no entry: ATR filter fail atr%=0.07
2026-04-27 15:45:05,906 - INFO - 🔎 --- ETHUSDT ---
2026-04-27 15:45:09,100 - INFO - 📈 ETHUSDT | 1m close=2310.93 ema20=2312.49 ema50=2314.37 rsi=51.2 atr=1.79 atr%=0.08 vol=0.03 DOWN | 5m close=2311.70 ema20=2318.21 ema50=2333.92 rsi=13.3 atr=3.17 atr%=0.14 vol=0.23 DOWN | 15m close=2310.61 ema20=2339.58 ema50=2352.99 rsi=16.6 atr=22.72 atr%=0.98 vol=0.46 DOWN | 1h close=2318.02 ema20=2352.16 ema50=2341.12 rsi=40.0 atr=22.31 atr%=0.96 vol=0.59 DOWN
2026-04-27 15:45:11,228 - INFO - ⏸️ ETHUSDT no entry: 5m entry not ready side=SELL close=2311.70 ema20=2318.21 momentum=0.00032
2026-04-27 15:45:11,228 - INFO - 🔎 --- SOLUSDT ---
2026-04-27 15:45:14,293 - INFO - 📈 SOLUSDT | 1m close=85.19 ema20=85.21 ema50=85.29 rsi=52.9 atr=0.09 atr%=0.10 vol=0.69 DOWN | 5m close=85.19 ema20=85.42 ema50=85.92 rsi=38.8 atr=0.17 atr%=0.20 vol=1.69 DOWN | 15m close=85.19 ema20=85.96 ema50=86.43 rsi=13.7 atr=0.63 atr%=0.74 vol=0.08 DOWN | 1h close=85.24 ema20=86.58 ema50=86.46 rsi=35.7 atr=0.71 atr%=0.84 vol=0.30 DOWN
2026-04-27 15:45:16,418 - INFO - ✅ SOLUSDT SIGNAL SELL score=73 type=trend entry=85.19 sl=85.41 tp=84.77
2026-04-27 15:45:22,918 - INFO - 🚀 OPEN SOLUSDT SELL qty=137.99 score=73 type=trend entry~85.19 sl=85.41 tp=84.77
2026-04-27 15:45:23,622 - WARNING - 💥 Loop error: Binance error 400: {'code': -2019, 'msg': 'Margin is insufficient.'}
2026-04-27 15:45:54,356 - INFO - 📊 Balance=5010.56 | daily=0.00%/10% | trades_today=0
2026-04-27 15:45:56,530 - INFO - 🔎 --- BTCUSDT ---
2026-04-27 15:45:59,719 - INFO - 📈 BTCUSDT | 1m close=77583.50 ema20=77583.53 ema50=77609.76 rsi=63.6 atr=22.39 atr%=0.03 vol=0.01 DOWN | 5m close=77583.50 ema20=77660.00 ema50=77935.84 rsi=38.8 atr=53.50 atr%=0.07 vol=0.06 DOWN | 15m close=77583.50 ema20=77991.92 ema50=78236.76 rsi=23.1 atr=409.58 atr%=0.53 vol=0.44 DOWN | 1h close=77669.10 ema20=78229.69 ema50=78008.74 rsi=44.9 atr=544.00 atr%=0.70 vol=0.53 DOWN
2026-04-27 15:46:01,847 - INFO - ⏸️ BTCUSDT no entry: ATR filter fail atr%=0.07
2026-04-27 15:46:01,847 - INFO - 🔎 --- ETHUSDT ---
2026-04-27 15:46:05,037 - INFO - 📈 ETHUSDT | 1m close=2311.28 ema20=2312.37 ema50=2314.25 rsi=54.1 atr=1.75 atr%=0.08 vol=0.01 DOWN | 5m close=2311.28 ema20=2317.55 ema50=2333.03 rsi=12.7 atr=3.00 atr%=0.13 vol=0.38 DOWN | 15m close=2311.28 ema20=2336.89 ema50=2351.35 rsi=18.6 atr=21.53 atr%=0.93 vol=0.65 DOWN | 1h close=2318.02 ema20=2352.16 ema50=2341.12 rsi=40.0 atr=22.31 atr%=0.96 vol=0.59 DOWN
2026-04-27 15:46:07,245 - INFO - ⏸️ ETHUSDT no entry: 5m entry not ready side=SELL close=2311.28 ema20=2317.55 momentum=-0.00018
2026-04-27 15:46:07,245 - INFO - 🔎 --- SOLUSDT ---
2026-04-27 15:46:10,371 - INFO - 📈 SOLUSDT | 1m close=85.20 ema20=85.21 ema50=85.29 rsi=70.0 atr=0.08 atr%=0.09 vol=0.90 DOWN | 5m close=85.19 ema20=85.42 ema50=85.92 rsi=38.8 atr=0.17 atr%=0.20 vol=1.69 DOWN | 15m close=85.19 ema20=85.96 ema50=86.43 rsi=13.7 atr=0.63 atr%=0.74 vol=0.08 DOWN | 1h close=85.24 ema20=86.58 ema50=86.46 rsi=35.7 atr=0.71 atr%=0.84 vol=0.30 DOWN
2026-04-27 15:46:12,564 - INFO - ✅ SOLUSDT SIGNAL SELL score=73 type=trend entry=85.19 sl=85.41 tp=84.77
2026-04-27 15:46:17,262 - INFO - 🚀 OPEN SOLUSDT SELL qty=137.99 score=73 type=trend entry~85.19 sl=85.41 tp=84.77
2026-04-27 15:46:17,945 - WARNING - 💥 Loop error: Binance error 400: {'code': -2019, 'msg': 'Margin is insufficient.'}
2026-04-27 15:46:48,755 - INFO - 📊 Balance=5010.56 | daily=0.00%/10% | trades_today=0
2026-04-27 15:46:51,744 - INFO - 🔎 --- BTCUSDT ---
2026-04-27 15:46:55,471 - INFO - 📈 BTCUSDT | 1m close=77592.20 ema20=77584.35 ema50=77609.08 rsi=66.0 atr=22.93 atr%=0.03 vol=1.73 UP | 5m close=77583.50 ema20=77660.00 ema50=77935.84 rsi=38.8 atr=53.50 atr%=0.07 vol=0.06 DOWN | 15m close=77583.50 ema20=77991.92 ema50=78236.76 rsi=23.1 atr=409.58 atr%=0.53 vol=0.44 DOWN | 1h close=77669.10 ema20=78229.69 ema50=78008.74 rsi=44.9 atr=544.00 atr%=0.70 vol=0.53 DOWN
2026-04-27 15:46:57,725 - INFO - ⏸️ BTCUSDT no entry: ATR filter fail atr%=0.07
2026-04-27 15:46:57,725 - INFO - 🔎 --- ETHUSDT ---
2026-04-27 15:47:01,930 - INFO - 📈 ETHUSDT | 1m close=2312.56 ema20=2312.39 ema50=2314.18 rsi=67.7 atr=1.66 atr%=0.07 vol=2.90 UP | 5m close=2311.28 ema20=2317.55 ema50=2333.03 rsi=12.7 atr=3.00 atr%=0.13 vol=0.38 DOWN | 15m close=2311.28 ema20=2336.89 ema50=2351.35 rsi=18.6 atr=21.53 atr%=0.93 vol=0.65 DOWN | 1h close=2318.02 ema20=2352.16 ema50=2341.12 rsi=40.0 atr=22.31 atr%=0.96 vol=0.59 DOWN
2026-04-27 15:47:05,241 - INFO - ⏸️ ETHUSDT no entry: 5m entry not ready side=SELL close=2311.28 ema20=2317.55 momentum=-0.00018
2026-04-27 15:47:05,241 - INFO - 🔎 --- SOLUSDT ---
2026-04-27 15:47:09,113 - INFO - 📈 SOLUSDT | 1m close=85.20 ema20=85.21 ema50=85.29 rsi=70.0 atr=0.08 atr%=0.09 vol=0.90 DOWN | 5m close=85.19 ema20=85.42 ema50=85.92 rsi=38.8 atr=0.17 atr%=0.20 vol=1.69 DOWN | 15m close=85.19 ema20=85.96 ema50=86.43 rsi=13.7 atr=0.63 atr%=0.74 vol=0.08 DOWN | 1h close=85.24 ema20=86.58 ema50=86.46 rsi=35.7 atr=0.71 atr%=0.84 vol=0.30 DOWN
2026-04-27 15:47:11,673 - INFO - ✅ SOLUSDT SIGNAL SELL score=73 type=trend entry=85.19 sl=85.41 tp=84.77
2026-04-27 15:47:16,924 - INFO - 🚀 OPEN SOLUSDT SELL qty=137.99 score=73 type=trend entry~85.19 sl=85.41 tp=84.77
2026-04-27 15:47:17,677 - WARNING - 💥 Loop error: Binance error 400: {'code': -2019, 'msg': 'Margin is insufficient.'}
2026-04-27 15:47:48,430 - INFO - 📊 Balance=5010.56 | daily=0.00%/10% | trades_today=0
2026-04-27 15:47:51,432 - INFO - 🔎 --- BTCUSDT ---
2026-04-27 15:47:55,170 - INFO - 📈 BTCUSDT | 1m close=77643.10 ema20=77589.95 ema50=77610.41 rsi=86.5 atr=25.19 atr%=0.03 vol=5.28 UP | 5m close=77583.50 ema20=77660.00 ema50=77935.84 rsi=38.8 atr=53.50 atr%=0.07 vol=0.06 DOWN | 15m close=77583.50 ema20=77991.92 ema50=78236.76 rsi=23.1 atr=409.58 atr%=0.53 vol=0.44 DOWN | 1h close=77669.10 ema20=78229.69 ema50=78008.74 rsi=44.9 atr=544.00 atr%=0.70 vol=0.53 DOWN
2026-04-27 15:47:57,310 - INFO - ⏸️ BTCUSDT no entry: ATR filter fail atr%=0.07
2026-04-27 15:47:57,311 - INFO - 🔎 --- ETHUSDT ---
2026-04-27 15:48:02,487 - INFO - 📈 ETHUSDT | 1m close=2313.31 ema20=2312.48 ema50=2314.15 rsi=66.1 atr=1.51 atr%=0.07 vol=3.81 UP | 5m close=2311.28 ema20=2317.55 ema50=2333.03 rsi=12.7 atr=3.00 atr%=0.13 vol=0.38 DOWN | 15m close=2311.28 ema20=2336.89 ema50=2351.35 rsi=18.6 atr=21.53 atr%=0.93 vol=0.65 DOWN | 1h close=2318.02 ema20=2352.16 ema50=2341.12 rsi=40.0 atr=22.31 atr%=0.96 vol=0.59 DOWN
2026-04-27 15:48:05,768 - INFO - ⏸️ ETHUSDT no entry: 5m entry not ready side=SELL close=2311.28 ema20=2317.55 momentum=-0.00018
2026-04-27 15:48:05,768 - INFO - 🔎 --- SOLUSDT ---
2026-04-27 15:48:09,442 - INFO - 📈 SOLUSDT | 1m close=85.23 ema20=85.21 ema50=85.28 rsi=69.2 atr=0.07 atr%=0.08 vol=0.48 UP | 5m close=85.19 ema20=85.42 ema50=85.92 rsi=38.8 atr=0.17 atr%=0.20 vol=1.69 DOWN | 15m close=85.19 ema20=85.96 ema50=86.43 rsi=13.7 atr=0.63 atr%=0.74 vol=0.08 DOWN | 1h close=85.24 ema20=86.58 ema50=86.46 rsi=35.7 atr=0.71 atr%=0.84 vol=0.30 DOWN
2026-04-27 15:48:11,778 - INFO - ✅ SOLUSDT SIGNAL SELL score=73 type=trend entry=85.19 sl=85.41 tp=84.77
2026-04-27 15:48:16,842 - INFO - 🚀 OPEN SOLUSDT SELL qty=137.99 score=73 type=trend entry~85.19 sl=85.41 tp=84.77
2026-04-27 15:48:17,549 - WARNING - 💥 Loop error: Binance error 400: {'code': -2019, 'msg': 'Margin is insufficient.'}
2026-04-27 15:48:48,307 - INFO - 📊 Balance=5010.56 | daily=0.00%/10% | trades_today=0
2026-04-27 15:48:51,816 - INFO - 🔎 --- BTCUSDT ---
2026-04-27 15:48:55,932 - INFO - 📈 BTCUSDT | 1m close=77643.10 ema20=77595.01 ema50=77611.69 rsi=85.0 atr=27.96 atr%=0.04 vol=0.03 UP | 5m close=77583.50 ema20=77660.00 ema50=77935.84 rsi=38.8 atr=53.50 atr%=0.07 vol=0.06 DOWN | 15m close=77583.50 ema20=77991.92 ema50=78236.76 rsi=23.1 atr=409.58 atr%=0.53 vol=0.44 DOWN | 1h close=77669.10 ema20=78229.69 ema50=78008.74 rsi=44.9 atr=544.00 atr%=0.70 vol=0.53 DOWN
2026-04-27 15:48:58,059 - INFO - ⏸️ BTCUSDT no entry: ATR filter fail atr%=0.07
2026-04-27 15:48:58,059 - INFO - 🔎 --- ETHUSDT ---
2026-04-27 15:49:02,075 - INFO - 📈 ETHUSDT | 1m close=2313.47 ema20=2312.57 ema50=2314.12 rsi=61.9 atr=1.58 atr%=0.07 vol=1.84 UP | 5m close=2311.28 ema20=2317.55 ema50=2333.03 rsi=12.7 atr=3.00 atr%=0.13 vol=0.38 DOWN | 15m close=2311.28 ema20=2336.89 ema50=2351.35 rsi=18.6 atr=21.53 atr%=0.93 vol=0.65 DOWN | 1h close=2318.02 ema20=2352.16 ema50=2341.12 rsi=40.0 atr=22.31 atr%=0.96 vol=0.59 DOWN
2026-04-27 15:49:05,200 - INFO - ⏸️ ETHUSDT no entry: 5m entry not ready side=SELL close=2311.28 ema20=2317.55 momentum=-0.00018
2026-04-27 15:49:05,200 - INFO - 🔎 --- SOLUSDT ---
2026-04-27 15:49:09,101 - INFO - 📈 SOLUSDT | 1m close=85.26 ema20=85.21 ema50=85.28 rsi=65.7 atr=0.06 atr%=0.07 vol=1.10 UP | 5m close=85.19 ema20=85.42 ema50=85.92 rsi=38.8 atr=0.17 atr%=0.20 vol=1.69 DOWN | 15m close=85.19 ema20=85.96 ema50=86.43 rsi=13.7 atr=0.63 atr%=0.74 vol=0.08 DOWN | 1h close=85.24 ema20=86.58 ema50=86.46 rsi=35.7 atr=0.71 atr%=0.84 vol=0.30 DOWN
2026-04-27 15:49:11,692 - INFO - ✅ SOLUSDT SIGNAL SELL score=73 type=trend entry=85.19 sl=85.41 tp=84.77
2026-04-27 15:49:17,348 - INFO - 🚀 OPEN SOLUSDT SELL qty=137.99 score=73 type=trend entry~85.19 sl=85.41 tp=84.77
2026-04-27 15:49:18,506 - WARNING - 💥 Loop error: Binance error 400: {'code': -2019, 'msg': 'Margin is insufficient.'}
2026-04-27 15:49:49,246 - INFO - 📊 Balance=5010.56 | daily=0.00%/10% | trades_today=0
2026-04-27 15:49:53,031 - INFO - 🔎 --- BTCUSDT ---
2026-04-27 15:49:57,417 - INFO - 📈 BTCUSDT | 1m close=77650.00 ema20=77600.25 ema50=77613.19 rsi=84.8 atr=30.61 atr%=0.04 vol=0.15 UP | 5m close=77583.50 ema20=77660.00 ema50=77935.84 rsi=38.8 atr=53.50 atr%=0.07 vol=0.06 DOWN | 15m close=77583.50 ema20=77991.92 ema50=78236.76 rsi=23.1 atr=409.58 atr%=0.53 vol=0.44 DOWN | 1h close=77669.10 ema20=78229.69 ema50=78008.74 rsi=44.9 atr=544.00 atr%=0.70 vol=0.53 DOWN
2026-04-27 15:50:00,907 - INFO - ⏸️ BTCUSDT no entry: ATR filter fail atr%=0.07
2026-04-27 15:50:00,908 - INFO - 🔎 --- ETHUSDT ---
2026-04-27 15:50:05,120 - INFO - 📈 ETHUSDT | 1m close=2313.63 ema20=2312.67 ema50=2314.10 rsi=62.3 atr=1.55 atr%=0.07 vol=0.41 UP | 5m close=2311.28 ema20=2317.55 ema50=2333.03 rsi=12.7 atr=3.00 atr%=0.13 vol=0.38 DOWN | 15m close=2311.28 ema20=2336.89 ema50=2351.35 rsi=18.6 atr=21.53 atr%=0.93 vol=0.65 DOWN | 1h close=2318.02 ema20=2352.16 ema50=2341.12 rsi=40.0 atr=22.31 atr%=0.96 vol=0.59 DOWN
2026-04-27 15:50:07,775 - INFO - ⏸️ ETHUSDT no entry: 5m entry not ready side=SELL close=2311.28 ema20=2317.55 momentum=-0.00018
2026-04-27 15:50:07,775 - INFO - 🔎 --- SOLUSDT ---
2026-04-27 15:50:11,734 - INFO - 📈 SOLUSDT | 1m close=85.27 ema20=85.22 ema50=85.28 rsi=64.7 atr=0.06 atr%=0.07 vol=0.24 UP | 5m close=85.19 ema20=85.42 ema50=85.92 rsi=38.8 atr=0.17 atr%=0.20 vol=1.69 DOWN | 15m close=85.19 ema20=85.96 ema50=86.43 rsi=13.7 atr=0.63 atr%=0.74 vol=0.08 DOWN | 1h close=85.24 ema20=86.58 ema50=86.46 rsi=35.7 atr=0.71 atr%=0.84 vol=0.30 DOWN
2026-04-27 15:50:13,878 - INFO - ✅ SOLUSDT SIGNAL SELL score=73 type=trend entry=85.19 sl=85.41 tp=84.77
2026-04-27 15:50:20,277 - INFO - 🚀 OPEN SOLUSDT SELL qty=137.99 score=73 type=trend entry~85.19 sl=85.41 tp=84.77
2026-04-27 15:50:21,004 - WARNING - 💥 Loop error: Binance error 400: {'code': -2019, 'msg': 'Margin is insufficient.'}
2026-04-27 15:50:52,805 - INFO - 📊 Balance=5010.56 | daily=0.00%/10% | trades_today=0
2026-04-27 15:50:55,527 - INFO - 🔎 --- BTCUSDT ---
2026-04-27 15:50:59,284 - INFO - 📈 BTCUSDT | 1m close=77675.40 ema20=77607.41 ema50=77615.64 rsi=86.0 atr=35.19 atr%=0.05 vol=5.40 UP | 5m close=77675.40 ema20=77661.47 ema50=77925.62 rsi=50.6 atr=60.36 atr%=0.08 vol=2.77 UP | 15m close=77583.50 ema20=77991.92 ema50=78236.76 rsi=23.1 atr=409.58 atr%=0.53 vol=0.44 DOWN | 1h close=77669.10 ema20=78229.69 ema50=78008.74 rsi=44.9 atr=544.00 atr%=0.70 vol=0.53 DOWN
2026-04-27 15:51:01,434 - INFO - ⏸️ BTCUSDT no entry: ATR filter fail atr%=0.08
2026-04-27 15:51:01,434 - INFO - 🔎 --- ETHUSDT ---
2026-04-27 15:51:05,128 - INFO - 📈 ETHUSDT | 1m close=2314.53 ema20=2312.70 ema50=2314.00 rsi=48.5 atr=1.70 atr%=0.07 vol=0.99 UP | 5m close=2310.97 ema20=2316.93 ema50=2332.17 rsi=12.3 atr=2.99 atr%=0.13 vol=2.43 DOWN | 15m close=2311.28 ema20=2336.89 ema50=2351.35 rsi=18.6 atr=21.53 atr%=0.93 vol=0.65 DOWN | 1h close=2318.02 ema20=2352.16 ema50=2341.12 rsi=40.0 atr=22.31 atr%=0.96 vol=0.59 DOWN
2026-04-27 15:51:08,414 - INFO - ⏸️ ETHUSDT no entry: 5m entry not ready side=SELL close=2310.97 ema20=2316.93 momentum=-0.00013
2026-04-27 15:51:08,414 - INFO - 🔎 --- SOLUSDT ---
2026-04-27 15:51:12,090 - INFO - 📈 SOLUSDT | 1m close=85.28 ema20=85.22 ema50=85.28 rsi=58.6 atr=0.05 atr%=0.06 vol=1.03 UP | 5m close=85.28 ema20=85.40 ema50=85.90 rsi=45.2 atr=0.17 atr%=0.20 vol=0.94 DOWN | 15m close=85.19 ema20=85.96 ema50=86.43 rsi=13.7 atr=0.63 atr%=0.74 vol=0.08 DOWN | 1h close=85.24 ema20=86.58 ema50=86.46 rsi=35.7 atr=0.71 atr%=0.84 vol=0.30 DOWN
2026-04-27 15:51:14,353 - INFO - ⏸️ SOLUSDT no entry: 5m entry not ready side=SELL close=85.28 ema20=85.40 momentum=0.00106
2026-04-27 15:51:45,064 - INFO - 📊 Balance=5010.56 | daily=0.00%/10% | trades_today=0
2026-04-27 15:51:48,004 - INFO - 🔎 --- BTCUSDT ---
2026-04-27 15:51:52,268 - INFO - 📈 BTCUSDT | 1m close=77685.70 ema20=77614.86 ema50=77618.38 rsi=88.6 atr=34.87 atr%=0.04 vol=0.54 UP | 5m close=77675.40 ema20=77661.47 ema50=77925.62 rsi=50.6 atr=60.36 atr%=0.08 vol=2.77 UP | 15m close=77583.50 ema20=77991.92 ema50=78236.76 rsi=23.1 atr=409.58 atr%=0.53 vol=0.44 DOWN | 1h close=77669.10 ema20=78229.69 ema50=78008.74 rsi=44.9 atr=544.00 atr%=0.70 vol=0.53 DOWN
2026-04-27 15:51:55,882 - INFO - ⏸️ BTCUSDT no entry: ATR filter fail atr%=0.08
2026-04-27 15:51:55,882 - INFO - 🔎 --- ETHUSDT ---
2026-04-27 15:51:59,351 - INFO - 📈 ETHUSDT | 1m close=2314.53 ema20=2312.70 ema50=2314.00 rsi=48.5 atr=1.70 atr%=0.07 vol=0.99 UP | 5m close=2310.97 ema20=2316.93 ema50=2332.17 rsi=12.3 atr=2.99 atr%=0.13 vol=2.43 DOWN | 15m close=2311.28 ema20=2336.89 ema50=2351.35 rsi=18.6 atr=21.53 atr%=0.93 vol=0.65 DOWN | 1h close=2318.02 ema20=2352.16 ema50=2341.12 rsi=40.0 atr=22.31 atr%=0.96 vol=0.59 DOWN
2026-04-27 15:52:03,311 - INFO - ⏸️ ETHUSDT no entry: 5m entry not ready side=SELL close=2310.97 ema20=2316.93 momentum=-0.00013
2026-04-27 15:52:03,311 - INFO - 🔎 --- SOLUSDT ---
2026-04-27 15:52:06,426 - INFO - 📈 SOLUSDT | 1m close=85.29 ema20=85.23 ema50=85.28 rsi=75.0 atr=0.05 atr%=0.06 vol=0.90 UP | 5m close=85.28 ema20=85.40 ema50=85.90 rsi=45.2 atr=0.17 atr%=0.20 vol=0.94 DOWN | 15m close=85.19 ema20=85.96 ema50=86.43 rsi=13.7 atr=0.63 atr%=0.74 vol=0.08 DOWN | 1h close=85.24 ema20=86.58 ema50=86.46 rsi=35.7 atr=0.71 atr%=0.84 vol=0.30 DOWN
2026-04-27 15:52:09,707 - INFO - ⏸️ SOLUSDT no entry: 5m entry not ready side=SELL close=85.28 ema20=85.40 momentum=0.00106
2026-04-27 15:52:40,430 - INFO - 📊 Balance=5010.56 | daily=0.00%/10% | trades_today=0
2026-04-27 15:52:43,406 - INFO - 🔎 --- BTCUSDT ---
2026-04-27 15:52:47,657 - INFO - 📈 BTCUSDT | 1m close=77686.00 ema20=77621.64 ema50=77621.03 rsi=87.8 atr=34.36 atr%=0.04 vol=0.92 UP | 5m close=77675.40 ema20=77661.47 ema50=77925.62 rsi=50.6 atr=60.36 atr%=0.08 vol=2.77 UP | 15m close=77583.50 ema20=77991.92 ema50=78236.76 rsi=23.1 atr=409.58 atr%=0.53 vol=0.44 DOWN | 1h close=77669.10 ema20=78229.69 ema50=78008.74 rsi=44.9 atr=544.00 atr%=0.70 vol=0.53 DOWN
2026-04-27 15:52:49,775 - INFO - ⏸️ BTCUSDT no entry: ATR filter fail atr%=0.08
2026-04-27 15:52:49,775 - INFO - 🔎 --- ETHUSDT ---
2026-04-27 15:52:54,418 - INFO - 📈 ETHUSDT | 1m close=2315.37 ema20=2312.96 ema50=2314.05 rsi=51.3 atr=1.95 atr%=0.08 vol=6.67 UP | 5m close=2310.97 ema20=2316.93 ema50=2332.17 rsi=12.3 atr=2.99 atr%=0.13 vol=2.43 DOWN | 15m close=2311.28 ema20=2336.89 ema50=2351.35 rsi=18.6 atr=21.53 atr%=0.93 vol=0.65 DOWN | 1h close=2318.02 ema20=2352.16 ema50=2341.12 rsi=40.0 atr=22.31 atr%=0.96 vol=0.59 DOWN
2026-04-27 15:52:57,503 - INFO - ⏸️ ETHUSDT no entry: 5m entry not ready side=SELL close=2310.97 ema20=2316.93 momentum=-0.00013
2026-04-27 15:52:57,504 - INFO - 🔎 --- SOLUSDT ---
2026-04-27 15:53:01,464 - INFO - 📈 SOLUSDT | 1m close=85.29 ema20=85.24 ema50=85.28 rsi=70.0 atr=0.05 atr%=0.06 vol=0.29 UP | 5m close=85.28 ema20=85.40 ema50=85.90 rsi=45.2 atr=0.17 atr%=0.20 vol=0.94 DOWN | 15m close=85.19 ema20=85.96 ema50=86.43 rsi=13.7 atr=0.63 atr%=0.74 vol=0.08 DOWN | 1h close=85.24 ema20=86.58 ema50=86.46 rsi=35.7 atr=0.71 atr%=0.84 vol=0.30 DOWN
2026-04-27 15:53:07,466 - INFO - ⏸️ SOLUSDT no entry: 5m entry not ready side=SELL close=85.28 ema20=85.40 momentum=0.00106
2026-04-27 15:53:38,247 - INFO - 📊 Balance=5010.56 | daily=0.00%/10% | trades_today=0
2026-04-27 15:53:41,403 - INFO - 🔎 --- BTCUSDT ---
2026-04-27 15:53:45,789 - INFO - 📈 BTCUSDT | 1m close=77685.60 ema20=77627.73 ema50=77623.57 rsi=86.5 atr=32.89 atr%=0.04 vol=0.01 UP | 5m close=77675.40 ema20=77661.47 ema50=77925.62 rsi=50.6 atr=60.36 atr%=0.08 vol=2.77 UP | 15m close=77583.50 ema20=77991.92 ema50=78236.76 rsi=23.1 atr=409.58 atr%=0.53 vol=0.44 DOWN | 1h close=77669.10 ema20=78229.69 ema50=78008.74 rsi=44.9 atr=544.00 atr%=0.70 vol=0.53 DOWN
2026-04-27 15:53:51,448 - INFO - ⏸️ BTCUSDT no entry: ATR filter fail atr%=0.08
2026-04-27 15:53:51,448 - INFO - 🔎 --- ETHUSDT ---
2026-04-27 15:53:56,022 - INFO - 📈 ETHUSDT | 1m close=2315.51 ema20=2313.20 ema50=2314.11 rsi=56.3 atr=1.78 atr%=0.08 vol=0.09 UP | 5m close=2310.97 ema20=2316.93 ema50=2332.17 rsi=12.3 atr=2.99 atr%=0.13 vol=2.43 DOWN | 15m close=2311.28 ema20=2336.89 ema50=2351.35 rsi=18.6 atr=21.53 atr%=0.93 vol=0.65 DOWN | 1h close=2318.02 ema20=2352.16 ema50=2341.12 rsi=40.0 atr=22.31 atr%=0.96 vol=0.59 DOWN
2026-04-27 15:53:58,206 - INFO - ⏸️ ETHUSDT no entry: 5m entry not ready side=SELL close=2310.97 ema20=2316.93 momentum=-0.00013
2026-04-27 15:53:58,206 - INFO - 🔎 --- SOLUSDT ---
2026-04-27 15:54:05,192 - INFO - 📈 SOLUSDT | 1m close=85.28 ema20=85.24 ema50=85.28 rsi=66.7 atr=0.05 atr%=0.06 vol=2.43 UP | 5m close=85.28 ema20=85.40 ema50=85.90 rsi=45.2 atr=0.17 atr%=0.20 vol=0.94 DOWN | 15m close=85.19 ema20=85.96 ema50=86.43 rsi=13.7 atr=0.63 atr%=0.74 vol=0.08 DOWN | 1h close=85.24 ema20=86.58 ema50=86.46 rsi=35.7 atr=0.71 atr%=0.84 vol=0.30 DOWN
2026-04-27 15:54:08,202 - INFO - ⏸️ SOLUSDT no entry: 5m entry not ready side=SELL close=85.28 ema20=85.40 momentum=0.00106
2026-04-27 15:54:40,050 - INFO - 📊 Balance=5010.56 | daily=0.00%/10% | trades_today=0
2026-04-27 15:54:42,399 - INFO - 🔎 --- BTCUSDT ---
2026-04-27 15:54:47,853 - INFO - 📈 BTCUSDT | 1m close=77686.00 ema20=77633.28 ema50=77626.01 rsi=86.1 atr=31.18 atr%=0.04 vol=0.01 UP | 5m close=77675.40 ema20=77661.47 ema50=77925.62 rsi=50.6 atr=60.36 atr%=0.08 vol=2.77 UP | 15m close=77583.50 ema20=77991.92 ema50=78236.76 rsi=23.1 atr=409.58 atr%=0.53 vol=0.44 DOWN | 1h close=77669.10 ema20=78229.69 ema50=78008.74 rsi=44.9 atr=544.00 atr%=0.70 vol=0.53 DOWN
2026-04-27 15:54:50,035 - INFO - ⏸️ BTCUSDT no entry: ATR filter fail atr%=0.08
2026-04-27 15:54:50,036 - INFO - 🔎 --- ETHUSDT ---
2026-04-27 15:54:54,572 - INFO - 📈 ETHUSDT | 1m close=2315.55 ema20=2313.42 ema50=2314.17 rsi=68.0 atr=1.55 atr%=0.07 vol=0.01 UP | 5m close=2310.97 ema20=2316.93 ema50=2332.17 rsi=12.3 atr=2.99 atr%=0.13 vol=2.43 DOWN | 15m close=2311.28 ema20=2336.89 ema50=2351.35 rsi=18.6 atr=21.53 atr%=0.93 vol=0.65 DOWN | 1h close=2318.02 ema20=2352.16 ema50=2341.12 rsi=40.0 atr=22.31 atr%=0.96 vol=0.59 DOWN
2026-04-27 15:54:57,863 - INFO - ⏸️ ETHUSDT no entry: 5m entry not ready side=SELL close=2310.97 ema20=2316.93 momentum=-0.00013
2026-04-27 15:54:57,863 - INFO - 🔎 --- SOLUSDT ---
2026-04-27 15:55:01,409 - INFO - 📈 SOLUSDT | 1m close=85.29 ema20=85.25 ema50=85.28 rsi=78.9 atr=0.05 atr%=0.06 vol=1.33 UP | 5m close=85.28 ema20=85.40 ema50=85.90 rsi=45.2 atr=0.17 atr%=0.20 vol=0.94 DOWN | 15m close=85.19 ema20=85.96 ema50=86.43 rsi=13.7 atr=0.63 atr%=0.74 vol=0.08 DOWN | 1h close=85.24 ema20=86.58 ema50=86.46 rsi=35.7 atr=0.71 atr%=0.84 vol=0.30 DOWN
2026-04-27 15:55:05,127 - INFO - ⏸️ SOLUSDT no entry: 5m entry not ready side=SELL close=85.28 ema20=85.40 momentum=0.00106
2026-04-27 15:55:36,821 - INFO - 📊 Balance=5010.56 | daily=0.00%/10% | trades_today=0
2026-04-27 15:55:40,081 - INFO - 🔎 --- BTCUSDT ---
2026-04-27 15:55:44,078 - INFO - 📈 BTCUSDT | 1m close=77686.00 ema20=77638.30 ema50=77628.37 rsi=92.1 atr=30.66 atr%=0.04 vol=0.01 UP | 5m close=77686.00 ema20=77663.80 ema50=77916.22 rsi=52.7 atr=60.54 atr%=0.08 vol=0.39 UP | 15m close=77583.50 ema20=77991.92 ema50=78236.76 rsi=23.1 atr=409.58 atr%=0.53 vol=0.44 DOWN | 1h close=77669.10 ema20=78229.69 ema50=78008.74 rsi=44.9 atr=544.00 atr%=0.70 vol=0.53 DOWN
2026-04-27 15:55:46,227 - INFO - ⏸️ BTCUSDT no entry: ATR filter fail atr%=0.08
2026-04-27 15:55:46,227 - INFO - 🔎 --- ETHUSDT ---
2026-04-27 15:55:51,773 - INFO - 📈 ETHUSDT | 1m close=2315.55 ema20=2313.63 ema50=2314.22 rsi=68.0 atr=1.51 atr%=0.07 vol=0.00 UP | 5m close=2315.55 ema20=2316.79 ema50=2331.52 rsi=38.6 atr=3.29 atr%=0.14 vol=1.99 DOWN | 15m close=2311.28 ema20=2336.89 ema50=2351.35 rsi=18.6 atr=21.53 atr%=0.93 vol=0.65 DOWN | 1h close=2318.02 ema20=2352.16 ema50=2341.12 rsi=40.0 atr=22.31 atr%=0.96 vol=0.59 DOWN
2026-04-27 15:55:54,016 - INFO - ⏸️ ETHUSDT no entry: 5m entry not ready side=SELL close=2315.55 ema20=2316.79 momentum=0.00198
2026-04-27 15:55:54,016 - INFO - 🔎 --- SOLUSDT ---
2026-04-27 15:55:59,580 - INFO - 📈 SOLUSDT | 1m close=85.31 ema20=85.25 ema50=85.28 rsi=85.0 atr=0.06 atr%=0.07 vol=1.35 UP | 5m close=85.31 ema20=85.39 ema50=85.87 rsi=43.8 atr=0.17 atr%=0.19 vol=1.10 DOWN | 15m close=85.19 ema20=85.96 ema50=86.43 rsi=13.7 atr=0.63 atr%=0.74 vol=0.08 DOWN | 1h close=85.24 ema20=86.58 ema50=86.46 rsi=35.7 atr=0.71 atr%=0.84 vol=0.30 DOWN
2026-04-27 15:56:01,795 - INFO - ⏸️ SOLUSDT no entry: 5m entry not ready side=SELL close=85.31 ema20=85.39 momentum=0.00035
2026-04-27 15:56:32,544 - INFO - 📊 Balance=5010.56 | daily=0.00%/10% | trades_today=0
2026-04-27 15:56:35,601 - INFO - 🔎 --- BTCUSDT ---
2026-04-27 15:56:39,297 - INFO - 📈 BTCUSDT | 1m close=77681.40 ema20=77642.40 ema50=77630.45 rsi=90.3 atr=28.99 atr%=0.04 vol=0.03 UP | 5m close=77686.00 ema20=77663.80 ema50=77916.22 rsi=52.7 atr=60.54 atr%=0.08 vol=0.39 UP | 15m close=77583.50 ema20=77991.92 ema50=78236.76 rsi=23.1 atr=409.58 atr%=0.53 vol=0.44 DOWN | 1h close=77669.10 ema20=78229.69 ema50=78008.74 rsi=44.9 atr=544.00 atr%=0.70 vol=0.53 DOWN
2026-04-27 15:56:43,917 - INFO - ⏸️ BTCUSDT no entry: ATR filter fail atr%=0.08
2026-04-27 15:56:43,917 - INFO - 🔎 --- ETHUSDT ---
2026-04-27 15:56:48,951 - INFO - 📈 ETHUSDT | 1m close=2315.58 ema20=2313.81 ema50=2314.28 rsi=72.4 atr=1.45 atr%=0.06 vol=0.42 UP | 5m close=2315.55 ema20=2316.79 ema50=2331.52 rsi=38.6 atr=3.29 atr%=0.14 vol=1.99 DOWN | 15m close=2311.28 ema20=2336.89 ema50=2351.35 rsi=18.6 atr=21.53 atr%=0.93 vol=0.65 DOWN | 1h close=2318.02 ema20=2352.16 ema50=2341.12 rsi=40.0 atr=22.31 atr%=0.96 vol=0.59 DOWN
2026-04-27 15:56:52,584 - INFO - ⏸️ ETHUSDT no entry: 5m entry not ready side=SELL close=2315.55 ema20=2316.79 momentum=0.00198
2026-04-27 15:56:52,585 - INFO - 🔎 --- SOLUSDT ---
2026-04-27 15:56:56,379 - INFO - 📈 SOLUSDT | 1m close=85.23 ema20=85.25 ema50=85.28 rsi=60.7 atr=0.06 atr%=0.07 vol=0.04 DOWN | 5m close=85.31 ema20=85.39 ema50=85.87 rsi=43.8 atr=0.17 atr%=0.19 vol=1.10 DOWN | 15m close=85.19 ema20=85.96 ema50=86.43 rsi=13.7 atr=0.63 atr%=0.74 vol=0.08 DOWN | 1h close=85.24 ema20=86.58 ema50=86.46 rsi=35.7 atr=0.71 atr%=0.84 vol=0.30 DOWN
2026-04-27 15:56:59,988 - INFO - ⏸️ SOLUSDT no entry: 5m entry not ready side=SELL close=85.31 ema20=85.39 momentum=0.00035
2026-04-27 15:57:31,509 - INFO - 📊 Balance=5010.56 | daily=0.00%/10% | trades_today=0
2026-04-27 15:57:33,833 - INFO - 🔎 --- BTCUSDT ---
2026-04-27 15:57:38,050 - INFO - 📈 BTCUSDT | 1m close=77686.00 ema20=77646.56 ema50=77632.62 rsi=90.5 atr=27.31 atr%=0.04 vol=0.01 UP | 5m close=77686.00 ema20=77663.80 ema50=77916.22 rsi=52.7 atr=60.54 atr%=0.08 vol=0.39 UP | 15m close=77583.50 ema20=77991.92 ema50=78236.76 rsi=23.1 atr=409.58 atr%=0.53 vol=0.44 DOWN | 1h close=77669.10 ema20=78229.69 ema50=78008.74 rsi=44.9 atr=544.00 atr%=0.70 vol=0.53 DOWN
2026-04-27 15:57:45,228 - INFO - ⏸️ BTCUSDT no entry: ATR filter fail atr%=0.08
2026-04-27 15:57:45,228 - INFO - 🔎 --- ETHUSDT ---
2026-04-27 15:57:49,057 - INFO - 📈 ETHUSDT | 1m close=2315.63 ema20=2313.99 ema50=2314.33 rsi=73.5 atr=1.40 atr%=0.06 vol=0.34 UP | 5m close=2315.55 ema20=2316.79 ema50=2331.52 rsi=38.6 atr=3.29 atr%=0.14 vol=1.99 DOWN | 15m close=2311.28 ema20=2336.89 ema50=2351.35 rsi=18.6 atr=21.53 atr%=0.93 vol=0.65 DOWN | 1h close=2318.02 ema20=2352.16 ema50=2341.12 rsi=40.0 atr=22.31 atr%=0.96 vol=0.59 DOWN
2026-04-27 15:57:51,355 - INFO - ⏸️ ETHUSDT no entry: 5m entry not ready side=SELL close=2315.55 ema20=2316.79 momentum=0.00198
2026-04-27 15:57:51,355 - INFO - 🔎 --- SOLUSDT ---
2026-04-27 15:57:54,867 - INFO - 📈 SOLUSDT | 1m close=85.32 ema20=85.26 ema50=85.28 rsi=70.3 atr=0.06 atr%=0.07 vol=1.11 UP | 5m close=85.31 ema20=85.39 ema50=85.87 rsi=43.8 atr=0.17 atr%=0.19 vol=1.10 DOWN | 15m close=85.19 ema20=85.96 ema50=86.43 rsi=13.7 atr=0.63 atr%=0.74 vol=0.08 DOWN | 1h close=85.24 ema20=86.58 ema50=86.46 rsi=35.7 atr=0.71 atr%=0.84 vol=0.30 DOWN
2026-04-27 15:57:58,099 - INFO - ⏸️ SOLUSDT no entry: 5m entry not ready side=SELL close=85.31 ema20=85.39 momentum=0.00035
2026-04-27 15:58:28,878 - INFO - 📊 Balance=5010.56 | daily=0.00%/10% | trades_today=0
2026-04-27 15:58:32,280 - INFO - 🔎 --- BTCUSDT ---
2026-04-27 15:58:36,638 - INFO - 📈 BTCUSDT | 1m close=77686.00 ema20=77650.31 ema50=77634.72 rsi=89.7 atr=25.64 atr%=0.03 vol=0.02 UP | 5m close=77686.00 ema20=77663.80 ema50=77916.22 rsi=52.7 atr=60.54 atr%=0.08 vol=0.39 UP | 15m close=77583.50 ema20=77991.92 ema50=78236.76 rsi=23.1 atr=409.58 atr%=0.53 vol=0.44 DOWN | 1h close=77669.10 ema20=78229.69 ema50=78008.74 rsi=44.9 atr=544.00 atr%=0.70 vol=0.53 DOWN
2026-04-27 15:58:40,900 - INFO - ⏸️ BTCUSDT no entry: ATR filter fail atr%=0.08
2026-04-27 15:58:40,900 - INFO - 🔎 --- ETHUSDT ---
2026-04-27 15:58:45,706 - INFO - 📈 ETHUSDT | 1m close=2315.63 ema20=2314.14 ema50=2314.38 rsi=73.5 atr=1.36 atr%=0.06 vol=0.01 UP | 5m close=2315.55 ema20=2316.79 ema50=2331.52 rsi=38.6 atr=3.29 atr%=0.14 vol=1.99 DOWN | 15m close=2311.28 ema20=2336.89 ema50=2351.35 rsi=18.6 atr=21.53 atr%=0.93 vol=0.65 DOWN | 1h close=2318.02 ema20=2352.16 ema50=2341.12 rsi=40.0 atr=22.31 atr%=0.96 vol=0.59 DOWN
2026-04-27 15:58:48,586 - INFO - ⏸️ ETHUSDT no entry: 5m entry not ready side=SELL close=2315.55 ema20=2316.79 momentum=0.00198
2026-04-27 15:58:48,586 - INFO - 🔎 --- SOLUSDT ---
2026-04-27 15:58:53,955 - INFO - 📈 SOLUSDT | 1m close=85.36 ema20=85.27 ema50=85.29 rsi=70.3 atr=0.06 atr%=0.07 vol=1.68 UP | 5m close=85.31 ema20=85.39 ema50=85.87 rsi=43.8 atr=0.17 atr%=0.19 vol=1.10 DOWN | 15m close=85.19 ema20=85.96 ema50=86.43 rsi=13.7 atr=0.63 atr%=0.74 vol=0.08 DOWN | 1h close=85.24 ema20=86.58 ema50=86.46 rsi=35.7 atr=0.71 atr%=0.84 vol=0.30 DOWN
2026-04-27 15:58:58,972 - INFO - ⏸️ SOLUSDT no entry: 5m entry not ready side=SELL close=85.31 ema20=85.39 momentum=0.00035
2026-04-27 15:59:29,828 - INFO - 📊 Balance=5010.56 | daily=0.00%/10% | trades_today=0
2026-04-27 15:59:32,942 - INFO - 🔎 --- BTCUSDT ---
2026-04-27 15:59:37,558 - INFO - 📈 BTCUSDT | 1m close=77686.00 ema20=77653.71 ema50=77636.73 rsi=95.6 atr=24.84 atr%=0.03 vol=0.02 UP | 5m close=77686.00 ema20=77663.80 ema50=77916.22 rsi=52.7 atr=60.54 atr%=0.08 vol=0.39 UP | 15m close=77583.50 ema20=77991.92 ema50=78236.76 rsi=23.1 atr=409.58 atr%=0.53 vol=0.44 DOWN | 1h close=77669.10 ema20=78229.69 ema50=78008.74 rsi=44.9 atr=544.00 atr%=0.70 vol=0.53 DOWN
2026-04-27 15:59:40,831 - INFO - ⏸️ BTCUSDT no entry: ATR filter fail atr%=0.08
2026-04-27 15:59:40,831 - INFO - 🔎 --- ETHUSDT ---
2026-04-27 15:59:45,322 - INFO - 📈 ETHUSDT | 1m close=2315.52 ema20=2314.27 ema50=2314.42 rsi=71.7 atr=1.31 atr%=0.06 vol=0.00 UP | 5m close=2315.55 ema20=2316.79 ema50=2331.52 rsi=38.6 atr=3.29 atr%=0.14 vol=1.99 DOWN | 15m close=2311.28 ema20=2336.89 ema50=2351.35 rsi=18.6 atr=21.53 atr%=0.93 vol=0.65 DOWN | 1h close=2318.02 ema20=2352.16 ema50=2341.12 rsi=40.0 atr=22.31 atr%=0.96 vol=0.59 DOWN
2026-04-27 15:59:48,381 - INFO - ⏸️ ETHUSDT no entry: 5m entry not ready side=SELL close=2315.55 ema20=2316.79 momentum=0.00198
2026-04-27 15:59:48,382 - INFO - 🔎 --- SOLUSDT ---
2026-04-27 15:59:52,481 - INFO - 📈 SOLUSDT | 1m close=85.40 ema20=85.28 ema50=85.29 rsi=76.9 atr=0.06 atr%=0.07 vol=1.95 UP | 5m close=85.31 ema20=85.39 ema50=85.87 rsi=43.8 atr=0.17 atr%=0.19 vol=1.10 DOWN | 15m close=85.19 ema20=85.96 ema50=86.43 rsi=13.7 atr=0.63 atr%=0.74 vol=0.08 DOWN | 1h close=85.24 ema20=86.58 ema50=86.46 rsi=35.7 atr=0.71 atr%=0.84 vol=0.30 DOWN
2026-04-27 15:59:55,763 - INFO - ⏸️ SOLUSDT no entry: 5m entry not ready side=SELL close=85.31 ema20=85.39 momentum=0.00035
2026-04-27 16:00:27,953 - INFO - 📊 Balance=5010.56 | daily=0.00%/10% | trades_today=0
2026-04-27 16:00:31,537 - INFO - 🔎 --- BTCUSDT ---
2026-04-27 16:00:37,903 - INFO - 📈 BTCUSDT | 1m close=77766.60 ema20=77664.46 ema50=77641.82 rsi=97.3 atr=30.30 atr%=0.04 vol=2.74 UP | 5m close=77766.60 ema20=77673.59 ema50=77910.36 rsi=61.6 atr=64.10 atr%=0.08 vol=0.51 UP | 15m close=77766.60 ema20=77970.46 ema50=78218.33 rsi=40.3 atr=360.92 atr%=0.46 vol=0.75 DOWN | 1h close=77766.60 ema20=78185.59 ema50=77999.23 rsi=43.0 atr=539.62 atr%=0.69 vol=0.85 DOWN
2026-04-27 16:00:41,215 - INFO - ⏸️ BTCUSDT no entry: ATR filter fail atr%=0.08
2026-04-27 16:00:41,216 - INFO - 🔎 --- ETHUSDT ---
2026-04-27 16:00:44,975 - INFO - 📈 ETHUSDT | 1m close=2315.63 ema20=2314.40 ema50=2314.47 rsi=67.8 atr=1.20 atr%=0.05 vol=0.00 UP | 5m close=2315.63 ema20=2316.68 ema50=2330.89 rsi=39.0 atr=3.16 atr%=0.14 vol=0.18 DOWN | 15m close=2315.63 ema20=2334.86 ema50=2349.95 rsi=16.5 atr=18.05 atr%=0.78 vol=1.09 DOWN | 1h close=2315.63 ema20=2348.68 ema50=2340.12 rsi=34.4 atr=21.66 atr%=0.94 vol=1.01 DOWN
2026-04-27 16:00:47,868 - INFO - ⏸️ ETHUSDT no entry: score too low 51 side=SELL type=trend
2026-04-27 16:00:47,868 - INFO - 🔎 --- SOLUSDT ---
2026-04-27 16:00:51,290 - INFO - 📈 SOLUSDT | 1m close=85.38 ema20=85.29 ema50=85.29 rsi=72.5 atr=0.06 atr%=0.07 vol=2.85 UP | 5m close=85.38 ema20=85.39 ema50=85.85 rsi=46.9 atr=0.17 atr%=0.20 vol=1.68 DOWN | 15m close=85.38 ema20=85.90 ema50=86.39 rsi=29.2 atr=0.54 atr%=0.63 vol=0.14 DOWN | 1h close=85.38 ema20=86.47 ema50=86.42 rsi=34.0 atr=0.71 atr%=0.83 vol=0.29 DOWN
2026-04-27 16:00:53,414 - INFO - ⏸️ SOLUSDT no entry: 5m entry not ready side=SELL close=85.38 ema20=85.39 momentum=0.00082
2026-04-27 16:01:24,119 - INFO - 📊 Balance=5010.56 | daily=0.00%/10% | trades_today=0
2026-04-27 16:01:27,106 - INFO - 🔎 --- BTCUSDT ---
2026-04-27 16:01:30,320 - INFO - 📈 BTCUSDT | 1m close=77763.30 ema20=77673.88 ema50=77646.58 rsi=93.9 atr=26.30 atr%=0.03 vol=0.01 UP | 5m close=77766.60 ema20=77673.59 ema50=77910.36 rsi=61.6 atr=64.10 atr%=0.08 vol=0.51 UP | 15m close=77766.60 ema20=77970.46 ema50=78218.33 rsi=40.3 atr=360.92 atr%=0.46 vol=0.75 DOWN | 1h close=77766.60 ema20=78185.59 ema50=77999.23 rsi=43.0 atr=539.62 atr%=0.69 vol=0.85 DOWN
2026-04-27 16:01:39,922 - INFO - ⏸️ BTCUSDT no entry: ATR filter fail atr%=0.08
2026-04-27 16:01:39,922 - INFO - 🔎 --- ETHUSDT ---
2026-04-27 16:01:44,219 - INFO - 📈 ETHUSDT | 1m close=2315.55 ema20=2314.51 ema50=2314.51 rsi=64.1 atr=1.17 atr%=0.05 vol=1.17 UP | 5m close=2315.63 ema20=2316.68 ema50=2330.89 rsi=39.0 atr=3.16 atr%=0.14 vol=0.18 DOWN | 15m close=2315.63 ema20=2334.86 ema50=2349.95 rsi=16.5 atr=18.05 atr%=0.78 vol=1.09 DOWN | 1h close=2315.63 ema20=2348.68 ema50=2340.12 rsi=34.4 atr=21.66 atr%=0.94 vol=1.01 DOWN
2026-04-27 16:01:47,691 - INFO - ⏸️ ETHUSDT no entry: score too low 51 side=SELL type=trend
2026-04-27 16:01:47,691 - INFO - 🔎 --- SOLUSDT ---
2026-04-27 16:01:51,526 - INFO - 📈 SOLUSDT | 1m close=85.44 ema20=85.30 ema50=85.30 rsi=74.4 atr=0.06 atr%=0.07 vol=0.36 UP | 5m close=85.38 ema20=85.39 ema50=85.85 rsi=46.9 atr=0.17 atr%=0.20 vol=1.68 DOWN | 15m close=85.38 ema20=85.90 ema50=86.39 rsi=29.2 atr=0.54 atr%=0.63 vol=0.14 DOWN | 1h close=85.38 ema20=86.47 ema50=86.42 rsi=34.0 atr=0.71 atr%=0.83 vol=0.29 DOWN
2026-04-27 16:01:53,722 - INFO - ⏸️ SOLUSDT no entry: 5m entry not ready side=SELL close=85.38 ema20=85.39 momentum=0.00082
2026-04-27 16:02:24,556 - INFO - 📊 Balance=5010.56 | daily=0.00%/10% | trades_today=0
2026-04-27 16:02:28,022 - INFO - 🔎 --- BTCUSDT ---
2026-04-27 16:02:32,627 - INFO - 📈 BTCUSDT | 1m close=77757.90 ema20=77681.88 ema50=77650.95 rsi=90.4 atr=23.28 atr%=0.03 vol=0.00 UP | 5m close=77766.60 ema20=77673.59 ema50=77910.36 rsi=61.6 atr=64.10 atr%=0.08 vol=0.51 UP | 15m close=77766.60 ema20=77970.46 ema50=78218.33 rsi=40.3 atr=360.92 atr%=0.46 vol=0.75 DOWN | 1h close=77766.60 ema20=78185.59 ema50=77999.23 rsi=43.0 atr=539.62 atr%=0.69 vol=0.85 DOWN
2026-04-27 16:02:35,506 - INFO - ⏸️ BTCUSDT no entry: ATR filter fail atr%=0.08
2026-04-27 16:02:35,506 - INFO - 🔎 --- ETHUSDT ---
2026-04-27 16:02:40,188 - INFO - 📈 ETHUSDT | 1m close=2317.78 ema20=2314.82 ema50=2314.64 rsi=71.5 atr=1.17 atr%=0.05 vol=2.79 UP | 5m close=2315.63 ema20=2316.68 ema50=2330.89 rsi=39.0 atr=3.16 atr%=0.14 vol=0.18 DOWN | 15m close=2315.63 ema20=2334.86 ema50=2349.95 rsi=16.5 atr=18.05 atr%=0.78 vol=1.09 DOWN | 1h close=2315.63 ema20=2348.68 ema50=2340.12 rsi=34.4 atr=21.66 atr%=0.94 vol=1.01 DOWN
2026-04-27 16:02:43,194 - INFO - ⏸️ ETHUSDT no entry: score too low 51 side=SELL type=trend
2026-04-27 16:02:43,194 - INFO - 🔎 --- SOLUSDT ---
2026-04-27 16:02:47,950 - INFO - 📈 SOLUSDT | 1m close=85.42 ema20=85.31 ema50=85.30 rsi=69.0 atr=0.07 atr%=0.08 vol=1.28 UP | 5m close=85.38 ema20=85.39 ema50=85.85 rsi=46.9 atr=0.17 atr%=0.20 vol=1.68 DOWN | 15m close=85.38 ema20=85.90 ema50=86.39 rsi=29.2 atr=0.54 atr%=0.63 vol=0.14 DOWN | 1h close=85.38 ema20=86.47 ema50=86.42 rsi=34.0 atr=0.71 atr%=0.83 vol=0.29 DOWN
2026-04-27 16:02:51,314 - INFO - ⏸️ SOLUSDT no entry: 5m entry not ready side=SELL close=85.38 ema20=85.39 momentum=0.00082
2026-04-27 16:03:22,083 - INFO - 📊 Balance=5010.56 | daily=0.00%/10% | trades_today=0
2026-04-27 16:03:25,391 - INFO - 🔎 --- BTCUSDT ---
2026-04-27 16:03:29,250 - INFO - 📈 BTCUSDT | 1m close=77761.40 ema20=77689.45 ema50=77655.28 rsi=90.1 atr=20.24 atr%=0.03 vol=1.12 UP | 5m close=77766.60 ema20=77673.59 ema50=77910.36 rsi=61.6 atr=64.10 atr%=0.08 vol=0.51 UP | 15m close=77766.60 ema20=77970.46 ema50=78218.33 rsi=40.3 atr=360.92 atr%=0.46 vol=0.75 DOWN | 1h close=77766.60 ema20=78185.59 ema50=77999.23 rsi=43.0 atr=539.62 atr%=0.69 vol=0.85 DOWN
2026-04-27 16:03:32,789 - INFO - ⏸️ BTCUSDT no entry: ATR filter fail atr%=0.08
2026-04-27 16:03:32,789 - INFO - 🔎 --- ETHUSDT ---
2026-04-27 16:03:37,068 - INFO - 📈 ETHUSDT | 1m close=2317.62 ema20=2315.09 ema50=2314.76 rsi=69.9 atr=1.18 atr%=0.05 vol=0.03 UP | 5m close=2315.63 ema20=2316.68 ema50=2330.89 rsi=39.0 atr=3.16 atr%=0.14 vol=0.18 DOWN | 15m close=2315.63 ema20=2334.86 ema50=2349.95 rsi=16.5 atr=18.05 atr%=0.78 vol=1.09 DOWN | 1h close=2315.63 ema20=2348.68 ema50=2340.12 rsi=34.4 atr=21.66 atr%=0.94 vol=1.01 DOWN
2026-04-27 16:03:40,256 - INFO - ⏸️ ETHUSDT no entry: score too low 51 side=SELL type=trend
2026-04-27 16:03:40,257 - INFO - 🔎 --- SOLUSDT ---
2026-04-27 16:03:44,162 - INFO - 📈 SOLUSDT | 1m close=85.44 ema20=85.33 ema50=85.31 rsi=69.8 atr=0.07 atr%=0.08 vol=2.43 UP | 5m close=85.38 ema20=85.39 ema50=85.85 rsi=46.9 atr=0.17 atr%=0.20 vol=1.68 DOWN | 15m close=85.38 ema20=85.90 ema50=86.39 rsi=29.2 atr=0.54 atr%=0.63 vol=0.14 DOWN | 1h close=85.38 ema20=86.47 ema50=86.42 rsi=34.0 atr=0.71 atr%=0.83 vol=0.29 DOWN
2026-04-27 16:03:48,460 - INFO - ⏸️ SOLUSDT no entry: 5m entry not ready side=SELL close=85.38 ema20=85.39 momentum=0.00082
2026-04-27 16:04:19,798 - INFO - 📊 Balance=5010.56 | daily=0.00%/10% | trades_today=0
2026-04-27 16:04:22,015 - INFO - 🔎 --- BTCUSDT ---
2026-04-27 16:04:27,436 - INFO - 📈 BTCUSDT | 1m close=77772.70 ema20=77697.38 ema50=77659.89 rsi=89.0 atr=14.36 atr%=0.02 vol=1.01 UP | 5m close=77766.60 ema20=77673.59 ema50=77910.36 rsi=61.6 atr=64.10 atr%=0.08 vol=0.51 UP | 15m close=77766.60 ema20=77970.46 ema50=78218.33 rsi=40.3 atr=360.92 atr%=0.46 vol=0.75 DOWN | 1h close=77766.60 ema20=78185.59 ema50=77999.23 rsi=43.0 atr=539.62 atr%=0.69 vol=0.85 DOWN
2026-04-27 16:04:30,325 - INFO - ⏸️ BTCUSDT no entry: ATR filter fail atr%=0.08
2026-04-27 16:04:30,325 - INFO - 🔎 --- ETHUSDT ---
2026-04-27 16:04:35,263 - INFO - 📈 ETHUSDT | 1m close=2318.16 ema20=2315.38 ema50=2314.89 rsi=95.6 atr=0.95 atr%=0.04 vol=0.59 UP | 5m close=2315.63 ema20=2316.68 ema50=2330.89 rsi=39.0 atr=3.16 atr%=0.14 vol=0.18 DOWN | 15m close=2315.63 ema20=2334.86 ema50=2349.95 rsi=16.5 atr=18.05 atr%=0.78 vol=1.09 DOWN | 1h close=2315.63 ema20=2348.68 ema50=2340.12 rsi=34.4 atr=21.66 atr%=0.94 vol=1.01 DOWN
2026-04-27 16:04:37,448 - INFO - ⏸️ ETHUSDT no entry: score too low 51 side=SELL type=trend
2026-04-27 16:04:37,448 - INFO - 🔎 --- SOLUSDT ---
2026-04-27 16:04:42,485 - INFO - 📈 SOLUSDT | 1m close=85.35 ema20=85.33 ema50=85.31 rsi=56.9 atr=0.07 atr%=0.09 vol=1.79 UP | 5m close=85.38 ema20=85.39 ema50=85.85 rsi=46.9 atr=0.17 atr%=0.20 vol=1.68 DOWN | 15m close=85.38 ema20=85.90 ema50=86.39 rsi=29.2 atr=0.54 atr%=0.63 vol=0.14 DOWN | 1h close=85.38 ema20=86.47 ema50=86.42 rsi=34.0 atr=0.71 atr%=0.83 vol=0.29 DOWN
2026-04-27 16:04:44,634 - INFO - ⏸️ SOLUSDT no entry: 5m entry not ready side=SELL close=85.38 ema20=85.39 momentum=0.00082
2026-04-27 16:05:15,450 - INFO - 📊 Balance=5010.56 | daily=0.00%/10% | trades_today=0
2026-04-27 16:05:17,701 - INFO - 🔎 --- BTCUSDT ---
2026-04-27 16:05:21,641 - INFO - 📈 BTCUSDT | 1m close=77776.90 ema20=77704.95 ema50=77664.47 rsi=88.4 atr=16.99 atr%=0.02 vol=1.09 UP | 5m close=77776.90 ema20=77683.43 ema50=77905.12 rsi=61.4 atr=64.94 atr%=0.08 vol=0.62 UP | 15m close=77766.60 ema20=77970.46 ema50=78218.33 rsi=40.3 atr=360.92 atr%=0.46 vol=0.75 DOWN | 1h close=77766.60 ema20=78185.59 ema50=77999.23 rsi=43.0 atr=539.62 atr%=0.69 vol=0.85 DOWN
2026-04-27 16:05:24,101 - INFO - ⏸️ BTCUSDT no entry: ATR filter fail atr%=0.08
2026-04-27 16:05:24,101 - INFO - 🔎 --- ETHUSDT ---
2026-04-27 16:05:28,615 - INFO - 📈 ETHUSDT | 1m close=2318.38 ema20=2315.67 ema50=2315.03 rsi=92.3 atr=0.72 atr%=0.03 vol=1.30 UP | 5m close=2318.38 ema20=2316.84 ema50=2330.40 rsi=48.2 atr=3.33 atr%=0.14 vol=1.48 UP | 15m close=2315.63 ema20=2334.86 ema50=2349.95 rsi=16.5 atr=18.05 atr%=0.78 vol=1.09 DOWN | 1h close=2315.63 ema20=2348.68 ema50=2340.12 rsi=34.4 atr=21.66 atr%=0.94 vol=1.01 DOWN
2026-04-27 16:05:30,937 - INFO - ⏸️ ETHUSDT no entry: 5m entry not ready side=SELL close=2318.38 ema20=2316.84 momentum=0.00119
2026-04-27 16:05:30,937 - INFO - 🔎 --- SOLUSDT ---
2026-04-27 16:05:34,341 - INFO - 📈 SOLUSDT | 1m close=85.46 ema20=85.34 ema50=85.32 rsi=63.9 atr=0.08 atr%=0.09 vol=0.99 UP | 5m close=85.46 ema20=85.40 ema50=85.84 rsi=52.7 atr=0.17 atr%=0.20 vol=1.61 UP | 15m close=85.38 ema20=85.90 ema50=86.39 rsi=29.2 atr=0.54 atr%=0.63 vol=0.14 DOWN | 1h close=85.38 ema20=86.47 ema50=86.42 rsi=34.0 atr=0.71 atr%=0.83 vol=0.29 DOWN
2026-04-27 16:05:36,648 - INFO - ⏸️ SOLUSDT no entry: 5m entry not ready side=SELL close=85.46 ema20=85.40 momentum=0.00094
2026-04-27 16:06:07,372 - INFO - 📊 Balance=5010.56 | daily=0.00%/10% | trades_today=0
2026-04-27 16:06:09,667 - INFO - 🔎 --- BTCUSDT ---
2026-04-27 16:06:12,915 - INFO - 📈 BTCUSDT | 1m close=77776.90 ema20=77704.95 ema50=77664.47 rsi=88.4 atr=16.99 atr%=0.02 vol=1.09 UP | 5m close=77776.90 ema20=77683.43 ema50=77905.12 rsi=61.4 atr=64.94 atr%=0.08 vol=0.62 UP | 15m close=77766.60 ema20=77970.46 ema50=78218.33 rsi=40.3 atr=360.92 atr%=0.46 vol=0.75 DOWN | 1h close=77766.60 ema20=78185.59 ema50=77999.23 rsi=43.0 atr=539.62 atr%=0.69 vol=0.85 DOWN
2026-04-27 16:06:15,159 - INFO - ⏸️ BTCUSDT no entry: ATR filter fail atr%=0.08
2026-04-27 16:06:15,159 - INFO - 🔎 --- ETHUSDT ---
2026-04-27 16:06:18,442 - INFO - 📈 ETHUSDT | 1m close=2318.36 ema20=2315.92 ema50=2315.16 rsi=90.1 atr=0.44 atr%=0.02 vol=0.35 UP | 5m close=2318.38 ema20=2316.84 ema50=2330.40 rsi=48.2 atr=3.33 atr%=0.14 vol=1.48 UP | 15m close=2315.63 ema20=2334.86 ema50=2349.95 rsi=16.5 atr=18.05 atr%=0.78 vol=1.09 DOWN | 1h close=2315.63 ema20=2348.68 ema50=2340.12 rsi=34.4 atr=21.66 atr%=0.94 vol=1.01 DOWN
2026-04-27 16:06:20,611 - INFO - ⏸️ ETHUSDT no entry: 5m entry not ready side=SELL close=2318.38 ema20=2316.84 momentum=0.00119
2026-04-27 16:06:20,612 - INFO - 🔎 --- SOLUSDT ---
2026-04-27 16:06:23,561 - INFO - 📈 SOLUSDT | 1m close=85.43 ema20=85.35 ema50=85.32 rsi=60.9 atr=0.08 atr%=0.09 vol=0.25 UP | 5m close=85.46 ema20=85.40 ema50=85.84 rsi=52.7 atr=0.17 atr%=0.20 vol=1.61 UP | 15m close=85.38 ema20=85.90 ema50=86.39 rsi=29.2 atr=0.54 atr%=0.63 vol=0.14 DOWN | 1h close=85.38 ema20=86.47 ema50=86.42 rsi=34.0 atr=0.71 atr%=0.83 vol=0.29 DOWN
2026-04-27 16:06:25,699 - INFO - ⏸️ SOLUSDT no entry: 5m entry not ready side=SELL close=85.46 ema20=85.40 momentum=0.00094
2026-04-27 16:06:56,438 - INFO - 📊 Balance=5010.56 | daily=0.00%/10% | trades_today=0
2026-04-27 16:06:59,437 - INFO - 🔎 --- BTCUSDT ---
2026-04-27 16:07:02,884 - INFO - 📈 BTCUSDT | 1m close=77770.00 ema20=77711.15 ema50=77668.61 rsi=83.5 atr=17.17 atr%=0.02 vol=0.12 UP | 5m close=77776.90 ema20=77683.43 ema50=77905.12 rsi=61.4 atr=64.94 atr%=0.08 vol=0.62 UP | 15m close=77766.60 ema20=77970.46 ema50=78218.33 rsi=40.3 atr=360.92 atr%=0.46 vol=0.75 DOWN | 1h close=77766.60 ema20=78185.59 ema50=77999.23 rsi=43.0 atr=539.62 atr%=0.69 vol=0.85 DOWN
2026-04-27 16:07:05,252 - INFO - ⏸️ BTCUSDT no entry: ATR filter fail atr%=0.08
2026-04-27 16:07:05,253 - INFO - 🔎 --- ETHUSDT ---
2026-04-27 16:07:08,608 - INFO - 📈 ETHUSDT | 1m close=2317.51 ema20=2316.07 ema50=2315.25 rsi=72.5 atr=0.49 atr%=0.02 vol=0.00 UP | 5m close=2318.38 ema20=2316.84 ema50=2330.40 rsi=48.2 atr=3.33 atr%=0.14 vol=1.48 UP | 15m close=2315.63 ema20=2334.86 ema50=2349.95 rsi=16.5 atr=18.05 atr%=0.78 vol=1.09 DOWN | 1h close=2315.63 ema20=2348.68 ema50=2340.12 rsi=34.4 atr=21.66 atr%=0.94 vol=1.01 DOWN
2026-04-27 16:07:10,875 - INFO - ⏸️ ETHUSDT no entry: 5m entry not ready side=SELL close=2318.38 ema20=2316.84 momentum=0.00119
2026-04-27 16:07:10,876 - INFO - 🔎 --- SOLUSDT ---
2026-04-27 16:07:14,055 - INFO - 📈 SOLUSDT | 1m close=85.48 ema20=85.36 ema50=85.33 rsi=64.7 atr=0.08 atr%=0.09 vol=0.28 UP | 5m close=85.46 ema20=85.40 ema50=85.84 rsi=52.7 atr=0.17 atr%=0.20 vol=1.61 UP | 15m close=85.38 ema20=85.90 ema50=86.39 rsi=29.2 atr=0.54 atr%=0.63 vol=0.14 DOWN | 1h close=85.38 ema20=86.47 ema50=86.42 rsi=34.0 atr=0.71 atr%=0.83 vol=0.29 DOWN
2026-04-27 16:07:16,185 - INFO - ⏸️ SOLUSDT no entry: 5m entry not ready side=SELL close=85.46 ema20=85.40 momentum=0.00094
2026-04-27 16:07:46,937 - INFO - 📊 Balance=5010.56 | daily=0.00%/10% | trades_today=0
2026-04-27 16:07:49,294 - INFO - 🔎 --- BTCUSDT ---
2026-04-27 16:07:53,295 - INFO - 📈 BTCUSDT | 1m close=77775.60 ema20=77717.29 ema50=77672.81 rsi=84.5 atr=18.35 atr%=0.02 vol=0.02 UP | 5m close=77776.90 ema20=77683.43 ema50=77905.12 rsi=61.4 atr=64.94 atr%=0.08 vol=0.62 UP | 15m close=77766.60 ema20=77970.46 ema50=78218.33 rsi=40.3 atr=360.92 atr%=0.46 vol=0.75 DOWN | 1h close=77766.60 ema20=78185.59 ema50=77999.23 rsi=43.0 atr=539.62 atr%=0.69 vol=0.85 DOWN
2026-04-27 16:07:55,534 - INFO - ⏸️ BTCUSDT no entry: ATR filter fail atr%=0.08
2026-04-27 16:07:55,534 - INFO - 🔎 --- ETHUSDT ---
2026-04-27 16:07:58,852 - INFO - 📈 ETHUSDT | 1m close=2317.51 ema20=2316.07 ema50=2315.25 rsi=72.5 atr=0.49 atr%=0.02 vol=0.00 UP | 5m close=2318.38 ema20=2316.84 ema50=2330.40 rsi=48.2 atr=3.33 atr%=0.14 vol=1.48 UP | 15m close=2315.63 ema20=2334.86 ema50=2349.95 rsi=16.5 atr=18.05 atr%=0.78 vol=1.09 DOWN | 1h close=2315.63 ema20=2348.68 ema50=2340.12 rsi=34.4 atr=21.66 atr%=0.94 vol=1.01 DOWN
2026-04-27 16:08:01,608 - INFO - ⏸️ ETHUSDT no entry: 5m entry not ready side=SELL close=2318.38 ema20=2316.84 momentum=0.00119
2026-04-27 16:08:01,609 - INFO - 🔎 --- SOLUSDT ---
2026-04-27 16:08:06,608 - INFO - 📈 SOLUSDT | 1m close=85.48 ema20=85.36 ema50=85.33 rsi=64.7 atr=0.08 atr%=0.09 vol=0.28 UP | 5m close=85.46 ema20=85.40 ema50=85.84 rsi=52.7 atr=0.17 atr%=0.20 vol=1.61 UP | 15m close=85.38 ema20=85.90 ema50=86.39 rsi=29.2 atr=0.54 atr%=0.63 vol=0.14 DOWN | 1h close=85.38 ema20=86.47 ema50=86.42 rsi=34.0 atr=0.71 atr%=0.83 vol=0.29 DOWN
2026-04-27 16:08:09,159 - INFO - ⏸️ SOLUSDT no entry: 5m entry not ready side=SELL close=85.46 ema20=85.40 momentum=0.00094
2026-04-27 16:08:42,448 - INFO - 📊 Balance=5010.56 | daily=0.00%/10% | trades_today=0
2026-04-27 16:08:47,346 - INFO - 🔎 --- BTCUSDT ---
2026-04-27 16:08:56,737 - INFO - 📈 BTCUSDT | 1m close=77777.00 ema20=77722.97 ema50=77676.90 rsi=84.6 atr=18.74 atr%=0.02 vol=0.68 UP | 5m close=77776.90 ema20=77683.43 ema50=77905.12 rsi=61.4 atr=64.94 atr%=0.08 vol=0.62 UP | 15m close=77766.60 ema20=77970.46 ema50=78218.33 rsi=40.3 atr=360.92 atr%=0.46 vol=0.75 DOWN | 1h close=77766.60 ema20=78185.59 ema50=77999.23 rsi=43.0 atr=539.62 atr%=0.69 vol=0.85 DOWN
2026-04-27 16:08:59,855 - INFO - ⏸️ BTCUSDT no entry: ATR filter fail atr%=0.08
2026-04-27 16:08:59,855 - INFO - 🔎 --- ETHUSDT ---
2026-04-27 16:09:04,574 - INFO - 📈 ETHUSDT | 1m close=2318.29 ema20=2316.29 ema50=2315.37 rsi=76.4 atr=0.56 atr%=0.02 vol=0.64 UP | 5m close=2318.38 ema20=2316.84 ema50=2330.40 rsi=48.2 atr=3.33 atr%=0.14 vol=1.48 UP | 15m close=2315.63 ema20=2334.86 ema50=2349.95 rsi=16.5 atr=18.05 atr%=0.78 vol=1.09 DOWN | 1h close=2315.63 ema20=2348.68 ema50=2340.12 rsi=34.4 atr=21.66 atr%=0.94 vol=1.01 DOWN
2026-04-27 16:09:08,041 - INFO - ⏸️ ETHUSDT no entry: 5m entry not ready side=SELL close=2318.38 ema20=2316.84 momentum=0.00119
2026-04-27 16:09:08,041 - INFO - 🔎 --- SOLUSDT ---
2026-04-27 16:09:14,543 - INFO - 📈 SOLUSDT | 1m close=85.50 ema20=85.39 ema50=85.34 rsi=64.2 atr=0.07 atr%=0.09 vol=0.70 UP | 5m close=85.46 ema20=85.40 ema50=85.84 rsi=52.7 atr=0.17 atr%=0.20 vol=1.61 UP | 15m close=85.38 ema20=85.90 ema50=86.39 rsi=29.2 atr=0.54 atr%=0.63 vol=0.14 DOWN | 1h close=85.38 ema20=86.47 ema50=86.42 rsi=34.0 atr=0.71 atr%=0.83 vol=0.29 DOWN
2026-04-27 16:09:16,836 - INFO - ⏸️ SOLUSDT no entry: 5m entry not ready side=SELL close=85.46 ema20=85.40 momentum=0.00094
2026-04-27 16:09:47,666 - INFO - 📊 Balance=5010.56 | daily=0.00%/10% | trades_today=0
2026-04-27 16:09:51,524 - INFO - 🔎 --- BTCUSDT ---
2026-04-27 16:10:02,873 - INFO - 📈 BTCUSDT | 1m close=77767.00 ema20=77727.17 ema50=77680.42 rsi=78.6 atr=21.01 atr%=0.03 vol=0.70 UP | 5m close=77776.90 ema20=77683.43 ema50=77905.12 rsi=61.4 atr=64.94 atr%=0.08 vol=0.62 UP | 15m close=77766.60 ema20=77970.46 ema50=78218.33 rsi=40.3 atr=360.92 atr%=0.46 vol=0.75 DOWN | 1h close=77766.60 ema20=78185.59 ema50=77999.23 rsi=43.0 atr=539.62 atr%=0.69 vol=0.85 DOWN
2026-04-27 16:10:15,009 - INFO - ⏸️ BTCUSDT no entry: ATR filter fail atr%=0.08
2026-04-27 16:10:15,009 - INFO - 🔎 --- ETHUSDT ---
2026-04-27 16:10:20,534 - WARNING - 💥 Loop error: ('Connection aborted.', ConnectionResetError(10054, 'An existing connection was forcibly closed by the remote host', None, 10054, None))
2026-04-27 16:10:54,697 - INFO - 📊 Balance=5010.56 | daily=0.00%/10% | trades_today=0
2026-04-27 16:11:08,039 - WARNING - 💥 Loop error: Binance error 400: {'code': -1021, 'msg': 'Timestamp for this request is outside of the recvWindow.'}
2026-04-27 16:11:13,550 - INFO - ⏱️ Time synced offset=-70ms
2026-04-27 16:11:44,343 - INFO - 📊 Balance=5010.56 | daily=0.00%/10% | trades_today=0
2026-04-27 16:11:50,694 - INFO - 🔎 --- BTCUSDT ---
2026-04-27 16:11:54,927 - INFO - 📈 BTCUSDT | 1m close=77763.20 ema20=77733.02 ema50=77686.49 rsi=75.4 atr=26.48 atr%=0.03 vol=3.16 UP | 5m close=77755.30 ema20=77690.28 ema50=77899.25 rsi=58.3 atr=66.40 atr%=0.09 vol=0.59 UP | 15m close=77766.60 ema20=77970.46 ema50=78218.33 rsi=40.3 atr=360.92 atr%=0.46 vol=0.75 DOWN | 1h close=77766.60 ema20=78185.59 ema50=77999.23 rsi=43.0 atr=539.62 atr%=0.69 vol=0.85 DOWN
2026-04-27 16:11:57,928 - INFO - ⏸️ BTCUSDT no entry: ATR filter fail atr%=0.09
2026-04-27 16:11:57,928 - INFO - 🔎 --- ETHUSDT ---
2026-04-27 16:12:01,689 - INFO - 📈 ETHUSDT | 1m close=2318.40 ema20=2316.84 ema50=2315.72 rsi=75.9 atr=0.60 atr%=0.03 vol=0.00 UP | 5m close=2318.40 ema20=2316.99 ema50=2329.93 rsi=51.1 atr=3.11 atr%=0.13 vol=0.50 UP | 15m close=2315.63 ema20=2334.86 ema50=2349.95 rsi=16.5 atr=18.05 atr%=0.78 vol=1.09 DOWN | 1h close=2315.63 ema20=2348.68 ema50=2340.12 rsi=34.4 atr=21.66 atr%=0.94 vol=1.01 DOWN
2026-04-27 16:12:03,938 - INFO - ⏸️ ETHUSDT no entry: 5m entry not ready side=SELL close=2318.40 ema20=2316.99 momentum=0.00001
2026-04-27 16:12:03,938 - INFO - 🔎 --- SOLUSDT ---
2026-04-27 16:12:08,030 - INFO - 📈 SOLUSDT | 1m close=85.46 ema20=85.40 ema50=85.35 rsi=63.0 atr=0.07 atr%=0.08 vol=0.00 UP | 5m close=85.46 ema20=85.40 ema50=85.82 rsi=59.6 atr=0.16 atr%=0.19 vol=0.34 UP | 15m close=85.38 ema20=85.90 ema50=86.39 rsi=29.2 atr=0.54 atr%=0.63 vol=0.14 DOWN | 1h close=85.38 ema20=86.47 ema50=86.42 rsi=34.0 atr=0.71 atr%=0.83 vol=0.29 DOWN
2026-04-27 16:12:11,851 - INFO - ⏸️ SOLUSDT no entry: 5m entry not ready side=SELL close=85.46 ema20=85.40 momentum=0.00000
2026-04-27 16:12:42,648 - INFO - 📊 Balance=5010.56 | daily=0.00%/10% | trades_today=0
2026-04-27 16:12:45,711 - INFO - 🔎 --- BTCUSDT ---
2026-04-27 16:12:52,492 - INFO - 📈 BTCUSDT | 1m close=77740.00 ema20=77733.69 ema50=77688.59 rsi=65.4 atr=27.81 atr%=0.04 vol=1.16 UP | 5m close=77755.30 ema20=77690.28 ema50=77899.25 rsi=58.3 atr=66.40 atr%=0.09 vol=0.59 UP | 15m close=77766.60 ema20=77970.46 ema50=78218.33 rsi=40.3 atr=360.92 atr%=0.46 vol=0.75 DOWN | 1h close=77766.60 ema20=78185.59 ema50=77999.23 rsi=43.0 atr=539.62 atr%=0.69 vol=0.85 DOWN
2026-04-27 16:12:56,718 - INFO - ⏸️ BTCUSDT no entry: ATR filter fail atr%=0.09
2026-04-27 16:12:56,719 - INFO - 🔎 --- ETHUSDT ---
2026-04-27 16:13:00,393 - INFO - 📈 ETHUSDT | 1m close=2316.89 ema20=2316.84 ema50=2315.76 rsi=59.2 atr=0.75 atr%=0.03 vol=1.99 UP | 5m close=2318.40 ema20=2316.99 ema50=2329.93 rsi=51.1 atr=3.11 atr%=0.13 vol=0.50 UP | 15m close=2315.63 ema20=2334.86 ema50=2349.95 rsi=16.5 atr=18.05 atr%=0.78 vol=1.09 DOWN | 1h close=2315.63 ema20=2348.68 ema50=2340.12 rsi=34.4 atr=21.66 atr%=0.94 vol=1.01 DOWN
2026-04-27 16:13:04,545 - INFO - ⏸️ ETHUSDT no entry: 5m entry not ready side=SELL close=2318.40 ema20=2316.99 momentum=0.00001
2026-04-27 16:13:04,545 - INFO - 🔎 --- SOLUSDT ---
2026-04-27 16:13:10,945 - INFO - 📈 SOLUSDT | 1m close=85.40 ema20=85.40 ema50=85.35 rsi=53.6 atr=0.07 atr%=0.08 vol=3.34 UP | 5m close=85.46 ema20=85.40 ema50=85.82 rsi=59.6 atr=0.16 atr%=0.19 vol=0.34 UP | 15m close=85.38 ema20=85.90 ema50=86.39 rsi=29.2 atr=0.54 atr%=0.63 vol=0.14 DOWN | 1h close=85.38 ema20=86.47 ema50=86.42 rsi=34.0 atr=0.71 atr%=0.83 vol=0.29 DOWN
2026-04-27 16:13:14,832 - INFO - ⏸️ SOLUSDT no entry: 5m entry not ready side=SELL close=85.46 ema20=85.40 momentum=0.00000
2026-04-27 16:13:46,765 - INFO - 📊 Balance=5010.56 | daily=0.00%/10% | trades_today=0
2026-04-27 16:13:50,479 - INFO - 🔎 --- BTCUSDT ---
2026-04-27 16:13:58,660 - INFO - 📈 BTCUSDT | 1m close=77768.80 ema20=77737.03 ema50=77691.73 rsi=70.3 atr=30.26 atr%=0.04 vol=3.50 UP | 5m close=77755.30 ema20=77690.28 ema50=77899.25 rsi=58.3 atr=66.40 atr%=0.09 vol=0.59 UP | 15m close=77766.60 ema20=77970.46 ema50=78218.33 rsi=40.3 atr=360.92 atr%=0.46 vol=0.75 DOWN | 1h close=77766.60 ema20=78185.59 ema50=77999.23 rsi=43.0 atr=539.62 atr%=0.69 vol=0.85 DOWN
2026-04-27 16:14:03,156 - INFO - ⏸️ BTCUSDT no entry: ATR filter fail atr%=0.09
2026-04-27 16:14:03,156 - INFO - 🔎 --- ETHUSDT ---
2026-04-27 16:14:09,358 - INFO - 📈 ETHUSDT | 1m close=2318.64 ema20=2317.02 ema50=2315.87 rsi=68.4 atr=0.91 atr%=0.04 vol=1.89 UP | 5m close=2318.40 ema20=2316.99 ema50=2329.93 rsi=51.1 atr=3.11 atr%=0.13 vol=0.50 UP | 15m close=2315.63 ema20=2334.86 ema50=2349.95 rsi=16.5 atr=18.05 atr%=0.78 vol=1.09 DOWN | 1h close=2315.63 ema20=2348.68 ema50=2340.12 rsi=34.4 atr=21.66 atr%=0.94 vol=1.01 DOWN
2026-04-27 16:14:14,549 - INFO - ⏸️ ETHUSDT no entry: 5m entry not ready side=SELL close=2318.40 ema20=2316.99 momentum=0.00001
2026-04-27 16:14:14,550 - INFO - 🔎 --- SOLUSDT ---
2026-04-27 16:14:23,143 - INFO - 📈 SOLUSDT | 1m close=85.44 ema20=85.40 ema50=85.36 rsi=55.6 atr=0.07 atr%=0.08 vol=0.25 UP | 5m close=85.46 ema20=85.40 ema50=85.82 rsi=59.6 atr=0.16 atr%=0.19 vol=0.34 UP | 15m close=85.38 ema20=85.90 ema50=86.39 rsi=29.2 atr=0.54 atr%=0.63 vol=0.14 DOWN | 1h close=85.38 ema20=86.47 ema50=86.42 rsi=34.0 atr=0.71 atr%=0.83 vol=0.29 DOWN
2026-04-27 16:14:33,588 - WARNING - 🧹 SOLUSDT openAlgoOrders failed, fallback to conditional openOrders: ('Connection aborted.', ConnectionResetError(10054, 'An existing connection was forcibly closed by the remote host', None, 10054, None))
2026-04-27 16:14:40,305 - INFO - ⏸️ SOLUSDT no entry: 5m entry not ready side=SELL close=85.46 ema20=85.40 momentum=0.00000
2026-04-27 16:15:13,471 - INFO - 📊 Balance=5010.56 | daily=0.00%/10% | trades_today=0
2026-04-27 16:15:24,618 - WARNING - 💥 Loop error: Binance error 400: {'code': -1021, 'msg': 'Timestamp for this request is outside of the recvWindow.'}
2026-04-27 16:15:26,206 - INFO - ⏱️ Time synced offset=-66ms
2026-04-27 16:15:58,452 - INFO - 📊 Balance=5010.56 | daily=0.00%/10% | trades_today=0
2026-04-27 16:16:00,650 - INFO - 🔎 --- BTCUSDT ---
2026-04-27 16:16:08,232 - INFO - 📈 BTCUSDT | 1m close=77771.30 ema20=77743.03 ema50=77697.75 rsi=53.3 atr=27.86 atr%=0.04 vol=0.04 UP | 5m close=77771.30 ema20=77697.99 ema50=77894.23 rsi=59.6 atr=65.54 atr%=0.08 vol=1.34 UP | 15m close=77771.30 ema20=77951.49 ema50=78200.80 rsi=22.4 atr=270.18 atr%=0.35 vol=0.55 DOWN | 1h close=77766.60 ema20=78185.59 ema50=77999.23 rsi=43.0 atr=539.62 atr%=0.69 vol=0.85 DOWN
2026-04-27 16:16:12,733 - INFO - ⏸️ BTCUSDT no entry: ATR filter fail atr%=0.08
2026-04-27 16:16:12,733 - INFO - 🔎 --- ETHUSDT ---
2026-04-27 16:16:19,314 - INFO - 📈 ETHUSDT | 1m close=2320.00 ema20=2317.63 ema50=2316.27 rsi=64.9 atr=1.03 atr%=0.04 vol=4.19 UP | 5m close=2319.08 ema20=2317.19 ema50=2329.51 rsi=52.9 atr=3.09 atr%=0.13 vol=0.99 UP | 15m close=2319.08 ema20=2333.36 ema50=2348.74 rsi=21.7 atr=13.59 atr%=0.59 vol=0.78 DOWN | 1h close=2315.63 ema20=2348.68 ema50=2340.12 rsi=34.4 atr=21.66 atr%=0.94 vol=1.01 DOWN
2026-04-27 16:16:22,796 - INFO - ⏸️ ETHUSDT no entry: 5m entry not ready side=SELL close=2319.08 ema20=2317.19 momentum=0.00029
2026-04-27 16:16:22,797 - INFO - 🔎 --- SOLUSDT ---
2026-04-27 16:16:27,204 - INFO - 📈 SOLUSDT | 1m close=85.41 ema20=85.41 ema50=85.36 rsi=49.1 atr=0.07 atr%=0.08 vol=0.69 UP | 5m close=85.47 ema20=85.41 ema50=85.81 rsi=58.2 atr=0.14 atr%=0.17 vol=1.02 UP | 15m close=85.47 ema20=85.86 ema50=86.35 rsi=34.7 atr=0.42 atr%=0.50 vol=0.12 DOWN | 1h close=85.38 ema20=86.47 ema50=86.42 rsi=34.0 atr=0.71 atr%=0.83 vol=0.29 DOWN
2026-04-27 16:16:31,234 - INFO - ⏸️ SOLUSDT no entry: 5m entry not ready side=SELL close=85.47 ema20=85.41 momentum=0.00012
2026-04-27 16:17:05,118 - INFO - 📊 Balance=5010.56 | daily=0.00%/10% | trades_today=0
2026-04-27 16:17:11,809 - INFO - 🔎 --- BTCUSDT ---
2026-04-27 16:17:19,743 - INFO - 📈 BTCUSDT | 1m close=77731.90 ema20=77745.08 ema50=77702.15 rsi=41.2 atr=29.29 atr%=0.04 vol=0.14 DOWN | 5m close=77771.30 ema20=77697.99 ema50=77894.23 rsi=59.6 atr=65.54 atr%=0.08 vol=1.34 UP | 15m close=77771.30 ema20=77951.49 ema50=78200.80 rsi=22.4 atr=270.18 atr%=0.35 vol=0.55 DOWN | 1h close=77766.60 ema20=78185.59 ema50=77999.23 rsi=43.0 atr=539.62 atr%=0.69 vol=0.85 DOWN
2026-04-27 16:17:25,417 - INFO - ⏸️ BTCUSDT no entry: ATR filter fail atr%=0.08
2026-04-27 16:17:25,417 - INFO - 🔎 --- ETHUSDT ---
2026-04-27 16:17:39,368 - INFO - 📈 ETHUSDT | 1m close=2319.10 ema20=2317.77 ema50=2316.38 rsi=59.0 atr=1.08 atr%=0.05 vol=0.51 UP | 5m close=2319.08 ema20=2317.19 ema50=2329.51 rsi=52.9 atr=3.09 atr%=0.13 vol=0.99 UP | 15m close=2319.08 ema20=2333.36 ema50=2348.74 rsi=21.7 atr=13.59 atr%=0.59 vol=0.78 DOWN | 1h close=2315.63 ema20=2348.68 ema50=2340.12 rsi=34.4 atr=21.66 atr%=0.94 vol=1.01 DOWN
2026-04-27 16:17:43,421 - INFO - ⏸️ ETHUSDT no entry: 5m entry not ready side=SELL close=2319.08 ema20=2317.19 momentum=0.00029
2026-04-27 16:17:43,421 - INFO - 🔎 --- SOLUSDT ---
2026-04-27 16:17:50,500 - INFO - 📈 SOLUSDT | 1m close=85.48 ema20=85.42 ema50=85.37 rsi=53.3 atr=0.07 atr%=0.08 vol=0.22 UP | 5m close=85.47 ema20=85.41 ema50=85.81 rsi=58.2 atr=0.14 atr%=0.17 vol=1.02 UP | 15m close=85.47 ema20=85.86 ema50=86.35 rsi=34.7 atr=0.42 atr%=0.50 vol=0.12 DOWN | 1h close=85.38 ema20=86.47 ema50=86.42 rsi=34.0 atr=0.71 atr%=0.83 vol=0.29 DOWN
2026-04-27 16:17:54,315 - INFO - ⏸️ SOLUSDT no entry: 5m entry not ready side=SELL close=85.47 ema20=85.41 momentum=0.00012
2026-04-27 16:18:25,486 - INFO - 📊 Balance=5010.56 | daily=0.00%/10% | trades_today=0
2026-04-27 16:18:27,720 - INFO - 🔎 --- BTCUSDT ---
2026-04-27 16:18:34,639 - INFO - 📈 BTCUSDT | 1m close=77732.50 ema20=77743.88 ema50=77703.36 rsi=37.3 atr=28.84 atr%=0.04 vol=0.85 DOWN | 5m close=77771.30 ema20=77697.99 ema50=77894.23 rsi=59.6 atr=65.54 atr%=0.08 vol=1.34 UP | 15m close=77771.30 ema20=77951.49 ema50=78200.80 rsi=22.4 atr=270.18 atr%=0.35 vol=0.55 DOWN | 1h close=77766.60 ema20=78185.59 ema50=77999.23 rsi=43.0 atr=539.62 atr%=0.69 vol=0.85 DOWN
2026-04-27 16:18:37,757 - INFO - ⏸️ BTCUSDT no entry: ATR filter fail atr%=0.08
2026-04-27 16:18:37,757 - INFO - 🔎 --- ETHUSDT ---
2026-04-27 16:18:44,323 - INFO - 📈 ETHUSDT | 1m close=2317.77 ema20=2317.77 ema50=2316.43 rsi=47.8 atr=1.23 atr%=0.05 vol=1.08 UP | 5m close=2319.08 ema20=2317.19 ema50=2329.51 rsi=52.9 atr=3.09 atr%=0.13 vol=0.99 UP | 15m close=2319.08 ema20=2333.36 ema50=2348.74 rsi=21.7 atr=13.59 atr%=0.59 vol=0.78 DOWN | 1h close=2315.63 ema20=2348.68 ema50=2340.12 rsi=34.4 atr=21.66 atr%=0.94 vol=1.01 DOWN
2026-04-27 16:18:47,101 - INFO - ⏸️ ETHUSDT no entry: 5m entry not ready side=SELL close=2319.08 ema20=2317.19 momentum=0.00029
2026-04-27 16:18:47,102 - INFO - 🔎 --- SOLUSDT ---
2026-04-27 16:18:51,289 - INFO - 📈 SOLUSDT | 1m close=85.44 ema20=85.42 ema50=85.37 rsi=58.2 atr=0.06 atr%=0.07 vol=0.56 UP | 5m close=85.47 ema20=85.41 ema50=85.81 rsi=58.2 atr=0.14 atr%=0.17 vol=1.02 UP | 15m close=85.47 ema20=85.86 ema50=86.35 rsi=34.7 atr=0.42 atr%=0.50 vol=0.12 DOWN | 1h close=85.38 ema20=86.47 ema50=86.42 rsi=34.0 atr=0.71 atr%=0.83 vol=0.29 DOWN
2026-04-27 16:18:54,389 - INFO - ⏸️ SOLUSDT no entry: 5m entry not ready side=SELL close=85.47 ema20=85.41 momentum=0.00012
2026-04-27 16:19:25,202 - INFO - 📊 Balance=5010.56 | daily=0.00%/10% | trades_today=0
2026-04-27 16:19:34,500 - INFO - 🔎 --- BTCUSDT ---
2026-04-27 16:19:42,038 - INFO - 📈 BTCUSDT | 1m close=77730.60 ema20=77742.62 ema50=77704.43 rsi=35.1 atr=25.88 atr%=0.03 vol=0.29 DOWN | 5m close=77771.30 ema20=77697.99 ema50=77894.23 rsi=59.6 atr=65.54 atr%=0.08 vol=1.34 UP | 15m close=77771.30 ema20=77951.49 ema50=78200.80 rsi=22.4 atr=270.18 atr%=0.35 vol=0.55 DOWN | 1h close=77766.60 ema20=78185.59 ema50=77999.23 rsi=43.0 atr=539.62 atr%=0.69 vol=0.85 DOWN
2026-04-27 16:19:53,676 - INFO - ⏸️ BTCUSDT no entry: ATR filter fail atr%=0.08
2026-04-27 16:19:53,676 - INFO - 🔎 --- ETHUSDT ---
2026-04-27 16:19:59,691 - INFO - 📈 ETHUSDT | 1m close=2317.90 ema20=2317.78 ema50=2316.49 rsi=47.3 atr=1.33 atr%=0.06 vol=0.42 UP | 5m close=2319.08 ema20=2317.19 ema50=2329.51 rsi=52.9 atr=3.09 atr%=0.13 vol=0.99 UP | 15m close=2319.08 ema20=2333.36 ema50=2348.74 rsi=21.7 atr=13.59 atr%=0.59 vol=0.78 DOWN | 1h close=2315.63 ema20=2348.68 ema50=2340.12 rsi=34.4 atr=21.66 atr%=0.94 vol=1.01 DOWN
2026-04-27 16:20:15,483 - INFO - ⏸️ ETHUSDT no entry: 5m entry not ready side=SELL close=2319.08 ema20=2317.19 momentum=0.00029
2026-04-27 16:20:15,484 - INFO - 🔎 --- SOLUSDT ---
2026-04-27 16:20:20,933 - INFO - 📈 SOLUSDT | 1m close=85.40 ema20=85.42 ema50=85.37 rsi=46.7 atr=0.06 atr%=0.08 vol=2.16 DOWN | 5m close=85.40 ema20=85.41 ema50=85.79 rsi=47.5 atr=0.14 atr%=0.16 vol=1.38 DOWN | 15m close=85.47 ema20=85.86 ema50=86.35 rsi=34.7 atr=0.42 atr%=0.50 vol=0.12 DOWN | 1h close=85.38 ema20=86.47 ema50=86.42 rsi=34.0 atr=0.71 atr%=0.83 vol=0.29 DOWN
2026-04-27 16:20:24,161 - INFO - ✅ SOLUSDT SIGNAL SELL score=83 type=reclaim entry=85.40 sl=85.57 tp=85.07
2026-04-27 16:20:31,533 - INFO - 🚀 OPEN SOLUSDT SELL qty=172.67 score=83 type=reclaim entry~85.40 sl=85.57 tp=85.07
2026-04-27 16:20:36,718 - WARNING - 💥 Loop error: Binance error 400: {'code': -2019, 'msg': 'Margin is insufficient.'}
2026-04-27 16:21:08,501 - INFO - 📊 Balance=5010.56 | daily=0.00%/10% | trades_today=0
2026-04-27 16:21:11,784 - INFO - 🔎 --- BTCUSDT ---
2026-04-27 16:21:19,913 - INFO - 📈 BTCUSDT | 1m close=77729.80 ema20=77740.29 ema50=77706.37 rsi=34.1 atr=24.35 atr%=0.03 vol=0.37 DOWN | 5m close=77729.80 ema20=77701.02 ema50=77887.78 rsi=55.3 atr=63.15 atr%=0.08 vol=0.54 UP | 15m close=77771.30 ema20=77951.49 ema50=78200.80 rsi=22.4 atr=270.18 atr%=0.35 vol=0.55 DOWN | 1h close=77766.60 ema20=78185.59 ema50=77999.23 rsi=43.0 atr=539.62 atr%=0.69 vol=0.85 DOWN
2026-04-27 16:21:23,554 - INFO - ⏸️ BTCUSDT no entry: ATR filter fail atr%=0.08
2026-04-27 16:21:23,554 - INFO - 🔎 --- ETHUSDT ---
2026-04-27 16:21:28,517 - INFO - 📈 ETHUSDT | 1m close=2317.99 ema20=2317.82 ema50=2316.61 rsi=53.0 atr=1.27 atr%=0.05 vol=0.00 UP | 5m close=2317.99 ema20=2317.27 ema50=2329.05 rsi=50.0 atr=3.09 atr%=0.13 vol=1.26 UP | 15m close=2319.08 ema20=2333.36 ema50=2348.74 rsi=21.7 atr=13.59 atr%=0.59 vol=0.78 DOWN | 1h close=2315.63 ema20=2348.68 ema50=2340.12 rsi=34.4 atr=21.66 atr%=0.94 vol=1.01 DOWN
2026-04-27 16:21:31,229 - INFO - ⏸️ ETHUSDT no entry: 5m entry not ready side=SELL close=2317.99 ema20=2317.27 momentum=-0.00047
2026-04-27 16:21:31,229 - INFO - 🔎 --- SOLUSDT ---
2026-04-27 16:21:34,447 - INFO - 📈 SOLUSDT | 1m close=85.47 ema20=85.42 ema50=85.38 rsi=48.9 atr=0.06 atr%=0.08 vol=1.61 UP | 5m close=85.40 ema20=85.41 ema50=85.79 rsi=47.5 atr=0.14 atr%=0.16 vol=1.38 DOWN | 15m close=85.47 ema20=85.86 ema50=86.35 rsi=34.7 atr=0.42 atr%=0.50 vol=0.12 DOWN | 1h close=85.38 ema20=86.47 ema50=86.42 rsi=34.0 atr=0.71 atr%=0.83 vol=0.29 DOWN
2026-04-27 16:21:36,587 - INFO - ✅ SOLUSDT SIGNAL SELL score=83 type=reclaim entry=85.40 sl=85.57 tp=85.07
2026-04-27 16:21:43,767 - INFO - 🚀 OPEN SOLUSDT SELL qty=172.67 score=83 type=reclaim entry~85.40 sl=85.57 tp=85.07
2026-04-27 16:21:47,844 - WARNING - 💥 Loop error: Binance error 400: {'code': -2019, 'msg': 'Margin is insufficient.'}
2026-04-27 16:22:18,717 - INFO - 📊 Balance=5010.56 | daily=0.00%/10% | trades_today=0
2026-04-27 16:22:20,931 - INFO - 🔎 --- BTCUSDT ---
2026-04-27 16:22:28,585 - INFO - 📈 BTCUSDT | 1m close=77729.80 ema20=77739.29 ema50=77707.30 rsi=33.4 atr=23.64 atr%=0.03 vol=0.37 DOWN | 5m close=77729.80 ema20=77701.02 ema50=77887.78 rsi=55.3 atr=63.15 atr%=0.08 vol=0.54 UP | 15m close=77771.30 ema20=77951.49 ema50=78200.80 rsi=22.4 atr=270.18 atr%=0.35 vol=0.55 DOWN | 1h close=77766.60 ema20=78185.59 ema50=77999.23 rsi=43.0 atr=539.62 atr%=0.69 vol=0.85 DOWN
2026-04-27 16:22:32,384 - INFO - ⏸️ BTCUSDT no entry: ATR filter fail atr%=0.08
2026-04-27 16:22:32,384 - INFO - 🔎 --- ETHUSDT ---
2026-04-27 16:22:37,989 - INFO - 📈 ETHUSDT | 1m close=2317.99 ema20=2317.83 ema50=2316.66 rsi=48.0 atr=1.20 atr%=0.05 vol=0.00 UP | 5m close=2317.99 ema20=2317.27 ema50=2329.05 rsi=50.0 atr=3.09 atr%=0.13 vol=1.26 UP | 15m close=2319.08 ema20=2333.36 ema50=2348.74 rsi=21.7 atr=13.59 atr%=0.59 vol=0.78 DOWN | 1h close=2315.63 ema20=2348.68 ema50=2340.12 rsi=34.4 atr=21.66 atr%=0.94 vol=1.01 DOWN
2026-04-27 16:22:41,272 - INFO - ⏸️ ETHUSDT no entry: 5m entry not ready side=SELL close=2317.99 ema20=2317.27 momentum=-0.00047
2026-04-27 16:22:41,272 - INFO - 🔎 --- SOLUSDT ---
2026-04-27 16:22:44,442 - INFO - 📈 SOLUSDT | 1m close=85.49 ema20=85.43 ema50=85.38 rsi=50.0 atr=0.07 atr%=0.08 vol=0.55 UP | 5m close=85.40 ema20=85.41 ema50=85.79 rsi=47.5 atr=0.14 atr%=0.16 vol=1.38 DOWN | 15m close=85.47 ema20=85.86 ema50=86.35 rsi=34.7 atr=0.42 atr%=0.50 vol=0.12 DOWN | 1h close=85.38 ema20=86.47 ema50=86.42 rsi=34.0 atr=0.71 atr%=0.83 vol=0.29 DOWN
2026-04-27 16:22:48,692 - INFO - ✅ SOLUSDT SIGNAL SELL score=83 type=reclaim entry=85.40 sl=85.57 tp=85.07
2026-04-27 16:22:54,619 - INFO - 🚀 OPEN SOLUSDT SELL qty=172.67 score=83 type=reclaim entry~85.40 sl=85.57 tp=85.07
2026-04-27 16:22:55,369 - WARNING - 💥 Loop error: Binance error 400: {'code': -2019, 'msg': 'Margin is insufficient.'}
2026-04-27 16:23:26,218 - INFO - 📊 Balance=5010.56 | daily=0.00%/10% | trades_today=0
2026-04-27 16:23:30,714 - INFO - 🔎 --- BTCUSDT ---
2026-04-27 16:23:36,125 - INFO - 📈 BTCUSDT | 1m close=77729.80 ema20=77738.39 ema50=77708.18 rsi=36.0 atr=21.05 atr%=0.03 vol=0.00 DOWN | 5m close=77729.80 ema20=77701.02 ema50=77887.78 rsi=55.3 atr=63.15 atr%=0.08 vol=0.54 UP | 15m close=77771.30 ema20=77951.49 ema50=78200.80 rsi=22.4 atr=270.18 atr%=0.35 vol=0.55 DOWN | 1h close=77766.60 ema20=78185.59 ema50=77999.23 rsi=43.0 atr=539.62 atr%=0.69 vol=0.85 DOWN
2026-04-27 16:23:38,414 - INFO - ⏸️ BTCUSDT no entry: ATR filter fail atr%=0.08
2026-04-27 16:23:38,415 - INFO - 🔎 --- ETHUSDT ---
2026-04-27 16:23:42,726 - INFO - 📈 ETHUSDT | 1m close=2316.68 ema20=2317.72 ema50=2316.66 rsi=39.4 atr=1.23 atr%=0.05 vol=0.29 DOWN | 5m close=2317.99 ema20=2317.27 ema50=2329.05 rsi=50.0 atr=3.09 atr%=0.13 vol=1.26 UP | 15m close=2319.08 ema20=2333.36 ema50=2348.74 rsi=21.7 atr=13.59 atr%=0.59 vol=0.78 DOWN | 1h close=2315.63 ema20=2348.68 ema50=2340.12 rsi=34.4 atr=21.66 atr%=0.94 vol=1.01 DOWN
2026-04-27 16:23:44,971 - INFO - ⏸️ ETHUSDT no entry: 5m entry not ready side=SELL close=2317.99 ema20=2317.27 momentum=-0.00047
2026-04-27 16:23:44,971 - INFO - 🔎 --- SOLUSDT ---
2026-04-27 16:23:49,008 - INFO - 📈 SOLUSDT | 1m close=85.29 ema20=85.42 ema50=85.38 rsi=34.3 atr=0.08 atr%=0.09 vol=7.19 DOWN | 5m close=85.40 ema20=85.41 ema50=85.79 rsi=47.5 atr=0.14 atr%=0.16 vol=1.38 DOWN | 15m close=85.47 ema20=85.86 ema50=86.35 rsi=34.7 atr=0.42 atr%=0.50 vol=0.12 DOWN | 1h close=85.38 ema20=86.47 ema50=86.42 rsi=34.0 atr=0.71 atr%=0.83 vol=0.29 DOWN
2026-04-27 16:23:52,278 - INFO - ✅ SOLUSDT SIGNAL SELL score=83 type=reclaim entry=85.40 sl=85.57 tp=85.07
2026-04-27 16:23:58,117 - INFO - 🚀 OPEN SOLUSDT SELL qty=172.67 score=83 type=reclaim entry~85.40 sl=85.57 tp=85.07
2026-04-27 16:23:59,811 - WARNING - 💥 Loop error: Binance error 400: {'code': -2019, 'msg': 'Margin is insufficient.'}
2026-04-27 16:24:31,094 - INFO - 📊 Balance=5010.56 | daily=0.00%/10% | trades_today=0
2026-04-27 16:24:33,689 - INFO - 🔎 --- BTCUSDT ---
2026-04-27 16:24:39,247 - INFO - 📈 BTCUSDT | 1m close=77729.80 ema20=77737.57 ema50=77709.03 rsi=39.4 atr=17.36 atr%=0.02 vol=0.01 DOWN | 5m close=77729.80 ema20=77701.02 ema50=77887.78 rsi=55.3 atr=63.15 atr%=0.08 vol=0.54 UP | 15m close=77771.30 ema20=77951.49 ema50=78200.80 rsi=22.4 atr=270.18 atr%=0.35 vol=0.55 DOWN | 1h close=77766.60 ema20=78185.59 ema50=77999.23 rsi=43.0 atr=539.62 atr%=0.69 vol=0.85 DOWN
2026-04-27 16:24:43,226 - INFO - ⏸️ BTCUSDT no entry: ATR filter fail atr%=0.08
2026-04-27 16:24:43,227 - INFO - 🔎 --- ETHUSDT ---
2026-04-27 16:24:47,658 - INFO - 📈 ETHUSDT | 1m close=2315.52 ema20=2317.51 ema50=2316.62 rsi=34.9 atr=1.30 atr%=0.06 vol=2.10 DOWN | 5m close=2317.99 ema20=2317.27 ema50=2329.05 rsi=50.0 atr=3.09 atr%=0.13 vol=1.26 UP | 15m close=2319.08 ema20=2333.36 ema50=2348.74 rsi=21.7 atr=13.59 atr%=0.59 vol=0.78 DOWN | 1h close=2315.63 ema20=2348.68 ema50=2340.12 rsi=34.4 atr=21.66 atr%=0.94 vol=1.01 DOWN
2026-04-27 16:24:51,240 - INFO - ⏸️ ETHUSDT no entry: 5m entry not ready side=SELL close=2317.99 ema20=2317.27 momentum=-0.00047
2026-04-27 16:24:51,240 - INFO - 🔎 --- SOLUSDT ---
2026-04-27 16:24:56,720 - INFO - 📈 SOLUSDT | 1m close=85.27 ema20=85.40 ema50=85.37 rsi=35.4 atr=0.08 atr%=0.09 vol=1.04 DOWN | 5m close=85.40 ema20=85.41 ema50=85.79 rsi=47.5 atr=0.14 atr%=0.16 vol=1.38 DOWN | 15m close=85.47 ema20=85.86 ema50=86.35 rsi=34.7 atr=0.42 atr%=0.50 vol=0.12 DOWN | 1h close=85.38 ema20=86.47 ema50=86.42 rsi=34.0 atr=0.71 atr%=0.83 vol=0.29 DOWN
2026-04-27 16:25:00,284 - INFO - ✅ SOLUSDT SIGNAL SELL score=83 type=reclaim entry=85.40 sl=85.57 tp=85.07
2026-04-27 16:25:08,973 - INFO - 🚀 OPEN SOLUSDT SELL qty=172.67 score=83 type=reclaim entry~85.40 sl=85.57 tp=85.07
2026-04-27 16:25:10,213 - WARNING - 💥 Loop error: Binance error 400: {'code': -2019, 'msg': 'Margin is insufficient.'}
2026-04-27 16:25:40,977 - INFO - 📊 Balance=5010.56 | daily=0.00%/10% | trades_today=0
2026-04-27 16:25:44,365 - INFO - 🔎 --- BTCUSDT ---
2026-04-27 16:25:48,065 - INFO - 📈 BTCUSDT | 1m close=77729.80 ema20=77736.83 ema50=77709.84 rsi=35.2 atr=14.94 atr%=0.02 vol=0.01 DOWN | 5m close=77729.80 ema20=77703.76 ema50=77881.58 rsi=62.8 atr=57.16 atr%=0.07 vol=0.12 UP | 15m close=77771.30 ema20=77951.49 ema50=78200.80 rsi=22.4 atr=270.18 atr%=0.35 vol=0.55 DOWN | 1h close=77766.60 ema20=78185.59 ema50=77999.23 rsi=43.0 atr=539.62 atr%=0.69 vol=0.85 DOWN
2026-04-27 16:25:51,214 - INFO - ⏸️ BTCUSDT no entry: ATR filter fail atr%=0.07
2026-04-27 16:25:51,215 - INFO - 🔎 --- ETHUSDT ---
2026-04-27 16:25:55,457 - INFO - 📈 ETHUSDT | 1m close=2315.34 ema20=2317.31 ema50=2316.56 rsi=34.3 atr=1.32 atr%=0.06 vol=1.11 DOWN | 5m close=2315.34 ema20=2317.08 ema50=2328.52 rsi=50.9 atr=2.96 atr%=0.13 vol=0.59 DOWN | 15m close=2319.08 ema20=2333.36 ema50=2348.74 rsi=21.7 atr=13.59 atr%=0.59 vol=0.78 DOWN | 1h close=2315.63 ema20=2348.68 ema50=2340.12 rsi=34.4 atr=21.66 atr%=0.94 vol=1.01 DOWN
2026-04-27 16:25:58,688 - INFO - ✅ ETHUSDT SIGNAL SELL score=61 type=reclaim entry=2315.34 sl=2319.03 tp=2310.02
2026-04-27 16:26:15,102 - INFO - 🚀 OPEN ETHUSDT SELL qty=8.137 score=61 type=reclaim entry~2315.34 sl=2319.03 tp=2310.02
2026-04-27 16:26:15,877 - WARNING - 💥 Loop error: Binance error 400: {'code': -2019, 'msg': 'Margin is insufficient.'}
2026-04-27 16:26:46,760 - INFO - 📊 Balance=5010.56 | daily=0.00%/10% | trades_today=0
2026-04-27 16:26:49,038 - INFO - 🔎 --- BTCUSDT ---
2026-04-27 16:26:53,014 - INFO - 📈 BTCUSDT | 1m close=77729.80 ema20=77736.16 ema50=77710.61 rsi=44.3 atr=13.29 atr%=0.02 vol=0.02 DOWN | 5m close=77729.80 ema20=77703.76 ema50=77881.58 rsi=62.8 atr=57.16 atr%=0.07 vol=0.12 UP | 15m close=77771.30 ema20=77951.49 ema50=78200.80 rsi=22.4 atr=270.18 atr%=0.35 vol=0.55 DOWN | 1h close=77766.60 ema20=78185.59 ema50=77999.23 rsi=43.0 atr=539.62 atr%=0.69 vol=0.85 DOWN
2026-04-27 16:26:56,745 - INFO - ⏸️ BTCUSDT no entry: ATR filter fail atr%=0.07
2026-04-27 16:26:56,746 - INFO - 🔎 --- ETHUSDT ---
2026-04-27 16:27:00,959 - INFO - 📈 ETHUSDT | 1m close=2316.32 ema20=2317.21 ema50=2316.56 rsi=46.9 atr=1.23 atr%=0.05 vol=0.07 DOWN | 5m close=2315.34 ema20=2317.08 ema50=2328.52 rsi=50.9 atr=2.96 atr%=0.13 vol=0.59 DOWN | 15m close=2319.08 ema20=2333.36 ema50=2348.74 rsi=21.7 atr=13.59 atr%=0.59 vol=0.78 DOWN | 1h close=2315.63 ema20=2348.68 ema50=2340.12 rsi=34.4 atr=21.66 atr%=0.94 vol=1.01 DOWN
2026-04-27 16:27:04,543 - INFO - ✅ ETHUSDT SIGNAL SELL score=61 type=reclaim entry=2315.34 sl=2319.03 tp=2310.02
2026-04-27 16:27:10,985 - INFO - 🚀 OPEN ETHUSDT SELL qty=8.137 score=61 type=reclaim entry~2315.34 sl=2319.03 tp=2310.02
2026-04-27 16:27:12,114 - WARNING - 💥 Loop error: Binance error 400: {'code': -2019, 'msg': 'Margin is insufficient.'}
2026-04-27 16:27:44,563 - INFO - 📊 Balance=5010.56 | daily=0.00%/10% | trades_today=0
2026-04-27 16:27:49,113 - INFO - 🔎 --- BTCUSDT ---
2026-04-27 16:27:54,823 - INFO - 📈 BTCUSDT | 1m close=77729.80 ema20=77735.56 ema50=77711.35 rsi=17.9 atr=10.51 atr%=0.01 vol=0.02 DOWN | 5m close=77729.80 ema20=77703.76 ema50=77881.58 rsi=62.8 atr=57.16 atr%=0.07 vol=0.12 UP | 15m close=77771.30 ema20=77951.49 ema50=78200.80 rsi=22.4 atr=270.18 atr%=0.35 vol=0.55 DOWN | 1h close=77766.60 ema20=78185.59 ema50=77999.23 rsi=43.0 atr=539.62 atr%=0.69 vol=0.85 DOWN
2026-04-27 16:27:56,973 - INFO - ⏸️ BTCUSDT no entry: ATR filter fail atr%=0.07
2026-04-27 16:27:56,974 - INFO - 🔎 --- ETHUSDT ---
2026-04-27 16:28:01,446 - INFO - 📈 ETHUSDT | 1m close=2315.34 ema20=2317.03 ema50=2316.51 rsi=30.4 atr=1.13 atr%=0.05 vol=0.04 DOWN | 5m close=2315.34 ema20=2317.08 ema50=2328.52 rsi=50.9 atr=2.96 atr%=0.13 vol=0.59 DOWN | 15m close=2319.08 ema20=2333.36 ema50=2348.74 rsi=21.7 atr=13.59 atr%=0.59 vol=0.78 DOWN | 1h close=2315.63 ema20=2348.68 ema50=2340.12 rsi=34.4 atr=21.66 atr%=0.94 vol=1.01 DOWN
2026-04-27 16:28:04,519 - INFO - ✅ ETHUSDT SIGNAL SELL score=61 type=reclaim entry=2315.34 sl=2319.03 tp=2310.02
2026-04-27 16:28:14,996 - INFO - 🚀 OPEN ETHUSDT SELL qty=8.137 score=61 type=reclaim entry~2315.34 sl=2319.03 tp=2310.02
2026-04-27 16:28:15,697 - WARNING - 💥 Loop error: Binance error 400: {'code': -2019, 'msg': 'Margin is insufficient.'}
2026-04-27 16:28:47,162 - INFO - 📊 Balance=5010.56 | daily=0.00%/10% | trades_today=0
2026-04-27 16:28:49,954 - INFO - 🔎 --- BTCUSDT ---
2026-04-27 16:28:54,259 - INFO - 📈 BTCUSDT | 1m close=77729.80 ema20=77735.01 ema50=77712.10 rsi=17.9 atr=7.72 atr%=0.01 vol=0.02 DOWN | 5m close=77729.80 ema20=77703.76 ema50=77881.58 rsi=62.8 atr=57.16 atr%=0.07 vol=0.12 UP | 15m close=77771.30 ema20=77951.49 ema50=78200.80 rsi=22.4 atr=270.18 atr%=0.35 vol=0.55 DOWN | 1h close=77766.60 ema20=78185.59 ema50=77999.23 rsi=43.0 atr=539.62 atr%=0.69 vol=0.85 DOWN
2026-04-27 16:28:56,462 - INFO - ⏸️ BTCUSDT no entry: ATR filter fail atr%=0.07
2026-04-27 16:28:56,463 - INFO - 🔎 --- ETHUSDT ---
2026-04-27 16:29:03,607 - INFO - 📈 ETHUSDT | 1m close=2316.32 ema20=2316.97 ema50=2316.50 rsi=35.8 atr=1.17 atr%=0.05 vol=1.04 DOWN | 5m close=2315.34 ema20=2317.08 ema50=2328.52 rsi=50.9 atr=2.96 atr%=0.13 vol=0.59 DOWN | 15m close=2319.08 ema20=2333.36 ema50=2348.74 rsi=21.7 atr=13.59 atr%=0.59 vol=0.78 DOWN | 1h close=2315.63 ema20=2348.68 ema50=2340.12 rsi=34.4 atr=21.66 atr%=0.94 vol=1.01 DOWN
2026-04-27 16:29:06,475 - INFO - ✅ ETHUSDT SIGNAL SELL score=61 type=reclaim entry=2315.34 sl=2319.03 tp=2310.02
2026-04-27 16:29:16,593 - INFO - 🚀 OPEN ETHUSDT SELL qty=8.137 score=61 type=reclaim entry~2315.34 sl=2319.03 tp=2310.02
2026-04-27 16:29:17,331 - WARNING - 💥 Loop error: Binance error 400: {'code': -2019, 'msg': 'Margin is insufficient.'}
2026-04-27 16:29:48,086 - INFO - 📊 Balance=5010.56 | daily=0.00%/10% | trades_today=0
2026-04-27 16:29:51,256 - INFO - 🔎 --- BTCUSDT ---
2026-04-27 16:29:55,155 - INFO - 📈 BTCUSDT | 1m close=77729.80 ema20=77734.51 ema50=77712.76 rsi=14.4 atr=6.50 atr%=0.01 vol=0.01 DOWN | 5m close=77729.80 ema20=77703.76 ema50=77881.58 rsi=62.8 atr=57.16 atr%=0.07 vol=0.12 UP | 15m close=77771.30 ema20=77951.49 ema50=78200.80 rsi=22.4 atr=270.18 atr%=0.35 vol=0.55 DOWN | 1h close=77766.60 ema20=78185.59 ema50=77999.23 rsi=43.0 atr=539.62 atr%=0.69 vol=0.85 DOWN
2026-04-27 16:29:57,414 - INFO - ⏸️ BTCUSDT no entry: ATR filter fail atr%=0.07
2026-04-27 16:29:57,414 - INFO - 🔎 --- ETHUSDT ---
2026-04-27 16:30:01,049 - INFO - 📈 ETHUSDT | 1m close=2315.28 ema20=2316.81 ema50=2316.45 rsi=31.0 atr=1.27 atr%=0.05 vol=1.83 DOWN | 5m close=2315.34 ema20=2317.08 ema50=2328.52 rsi=50.9 atr=2.96 atr%=0.13 vol=0.59 DOWN | 15m close=2319.08 ema20=2333.36 ema50=2348.74 rsi=21.7 atr=13.59 atr%=0.59 vol=0.78 DOWN | 1h close=2315.63 ema20=2348.68 ema50=2340.12 rsi=34.4 atr=21.66 atr%=0.94 vol=1.01 DOWN
2026-04-27 16:30:04,595 - INFO - ✅ ETHUSDT SIGNAL SELL score=61 type=reclaim entry=2315.34 sl=2319.03 tp=2310.02
2026-04-27 16:30:12,227 - INFO - 🚀 OPEN ETHUSDT SELL qty=8.137 score=61 type=reclaim entry~2315.34 sl=2319.03 tp=2310.02
2026-04-27 16:30:12,962 - WARNING - 💥 Loop error: Binance error 400: {'code': -2019, 'msg': 'Margin is insufficient.'}
2026-04-27 16:30:44,038 - INFO - 📊 Balance=5010.56 | daily=0.00%/10% | trades_today=0
2026-04-27 16:30:52,652 - INFO - 🔎 --- BTCUSDT ---
2026-04-27 16:30:57,690 - INFO - 📈 BTCUSDT | 1m close=77729.80 ema20=77734.06 ema50=77713.46 rsi=1.2 atr=5.66 atr%=0.01 vol=0.15 DOWN | 5m close=77729.80 ema20=77706.24 ema50=77875.63 rsi=57.0 atr=52.18 atr%=0.07 vol=0.03 UP | 15m close=77729.80 ema20=77930.38 ema50=78182.33 rsi=52.2 atr=202.93 atr%=0.26 vol=0.15 DOWN | 1h close=77766.60 ema20=78185.59 ema50=77999.23 rsi=43.0 atr=539.62 atr%=0.69 vol=0.85 DOWN
2026-04-27 16:31:00,448 - INFO - ⏸️ BTCUSDT no entry: ATR filter fail atr%=0.07
2026-04-27 16:31:00,448 - INFO - 🔎 --- ETHUSDT ---
2026-04-27 16:31:12,067 - INFO - 📈 ETHUSDT | 1m close=2317.66 ema20=2316.89 ema50=2316.50 rsi=39.8 atr=1.19 atr%=0.05 vol=5.23 UP | 5m close=2317.66 ema20=2317.14 ema50=2328.09 rsi=56.1 atr=2.96 atr%=0.13 vol=1.57 UP | 15m close=2317.66 ema20=2331.87 ema50=2347.52 rsi=38.7 atr=9.86 atr%=0.43 vol=0.90 DOWN | 1h close=2315.63 ema20=2348.68 ema50=2340.12 rsi=34.4 atr=21.66 atr%=0.94 vol=1.01 DOWN
2026-04-27 16:31:19,826 - INFO - ⏸️ ETHUSDT no entry: 5m entry not ready side=SELL close=2317.66 ema20=2317.14 momentum=0.00100
2026-04-27 16:31:19,826 - INFO - 🔎 --- SOLUSDT ---
2026-04-27 16:31:27,933 - INFO - 📈 SOLUSDT | 1m close=85.16 ema20=85.28 ema50=85.32 rsi=20.4 atr=0.07 atr%=0.09 vol=0.08 DOWN | 5m close=85.16 ema20=85.37 ema50=85.75 rsi=38.0 atr=0.15 atr%=0.18 vol=1.07 DOWN | 15m close=85.16 ema20=85.79 ema50=86.31 rsi=29.9 atr=0.35 atr%=0.42 vol=0.28 DOWN | 1h close=85.38 ema20=86.47 ema50=86.42 rsi=34.0 atr=0.71 atr%=0.83 vol=0.29 DOWN
2026-04-27 16:31:30,739 - INFO - ✅ SOLUSDT SIGNAL SELL score=76 type=trend entry=85.16 sl=85.35 tp=84.80
2026-04-27 16:31:46,512 - WARNING - 💥 Loop error: Binance error 400: {'code': -1021, 'msg': 'Timestamp for this request is outside of the recvWindow.'}
2026-04-27 16:31:48,274 - INFO - ⏱️ Time synced offset=-61ms
2026-04-27 16:32:20,361 - INFO - 📊 Balance=5010.56 | daily=0.00%/10% | trades_today=0
2026-04-27 16:32:24,000 - INFO - 🔎 --- BTCUSDT ---
2026-04-27 16:32:27,833 - INFO - 📈 BTCUSDT | 1m close=77730.10 ema20=77733.32 ema50=77714.69 rsi=10.0 atr=0.71 atr%=0.00 vol=0.01 DOWN | 5m close=77729.80 ema20=77706.24 ema50=77875.63 rsi=57.0 atr=52.18 atr%=0.07 vol=0.03 UP | 15m close=77729.80 ema20=77930.38 ema50=78182.33 rsi=52.2 atr=202.93 atr%=0.26 vol=0.15 DOWN | 1h close=77766.60 ema20=78185.59 ema50=77999.23 rsi=43.0 atr=539.62 atr%=0.69 vol=0.85 DOWN
2026-04-27 16:32:31,674 - INFO - ⏸️ BTCUSDT no entry: ATR filter fail atr%=0.07
2026-04-27 16:32:31,674 - INFO - 🔎 --- ETHUSDT ---
2026-04-27 16:32:36,011 - INFO - 📈 ETHUSDT | 1m close=2315.28 ema20=2316.60 ema50=2316.41 rsi=39.3 atr=1.09 atr%=0.05 vol=0.01 DOWN | 5m close=2317.66 ema20=2317.14 ema50=2328.09 rsi=56.1 atr=2.96 atr%=0.13 vol=1.57 UP | 15m close=2317.66 ema20=2331.87 ema50=2347.52 rsi=38.7 atr=9.86 atr%=0.43 vol=0.90 DOWN | 1h close=2315.63 ema20=2348.68 ema50=2340.12 rsi=34.4 atr=21.66 atr%=0.94 vol=1.01 DOWN
2026-04-27 16:32:45,306 - INFO - ⏸️ ETHUSDT no entry: 5m entry not ready side=SELL close=2317.66 ema20=2317.14 momentum=0.00100
2026-04-27 16:32:45,306 - INFO - 🔎 --- SOLUSDT ---
2026-04-27 16:32:52,178 - INFO - 📈 SOLUSDT | 1m close=85.15 ema20=85.27 ema50=85.32 rsi=21.6 atr=0.07 atr%=0.08 vol=0.01 DOWN | 5m close=85.16 ema20=85.37 ema50=85.75 rsi=38.0 atr=0.15 atr%=0.18 vol=1.07 DOWN | 15m close=85.16 ema20=85.79 ema50=86.31 rsi=29.9 atr=0.35 atr%=0.42 vol=0.28 DOWN | 1h close=85.38 ema20=86.47 ema50=86.42 rsi=34.0 atr=0.71 atr%=0.83 vol=0.29 DOWN
2026-04-27 16:32:55,415 - INFO - ✅ SOLUSDT SIGNAL SELL score=76 type=trend entry=85.16 sl=85.35 tp=84.80
2026-04-27 16:33:03,323 - INFO - 🚀 OPEN SOLUSDT SELL qty=160.33 score=76 type=trend entry~85.16 sl=85.35 tp=84.80
2026-04-27 16:33:03,997 - WARNING - 💥 Loop error: Binance error 400: {'code': -2019, 'msg': 'Margin is insufficient.'}
2026-04-27 16:33:35,855 - INFO - 📊 Balance=5010.56 | daily=0.00%/10% | trades_today=0
2026-04-27 16:33:38,723 - INFO - 🔎 --- BTCUSDT ---
2026-04-27 16:33:46,196 - INFO - 📈 BTCUSDT | 1m close=77729.80 ema20=77732.98 ema50=77715.31 rsi=21.4 atr=0.34 atr%=0.00 vol=3.58 DOWN | 5m close=77729.80 ema20=77706.24 ema50=77875.63 rsi=57.0 atr=52.18 atr%=0.07 vol=0.03 UP | 15m close=77729.80 ema20=77930.38 ema50=78182.33 rsi=52.2 atr=202.93 atr%=0.26 vol=0.15 DOWN | 1h close=77766.60 ema20=78185.59 ema50=77999.23 rsi=43.0 atr=539.62 atr%=0.69 vol=0.85 DOWN
2026-04-27 16:33:49,947 - INFO - ⏸️ BTCUSDT no entry: ATR filter fail atr%=0.07
2026-04-27 16:33:49,947 - INFO - 🔎 --- ETHUSDT ---
2026-04-27 16:33:58,521 - INFO - 📈 ETHUSDT | 1m close=2315.29 ema20=2316.47 ema50=2316.36 rsi=38.6 atr=0.97 atr%=0.04 vol=0.26 DOWN | 5m close=2317.66 ema20=2317.14 ema50=2328.09 rsi=56.1 atr=2.96 atr%=0.13 vol=1.57 UP | 15m close=2317.66 ema20=2331.87 ema50=2347.52 rsi=38.7 atr=9.86 atr%=0.43 vol=0.90 DOWN | 1h close=2315.63 ema20=2348.68 ema50=2340.12 rsi=34.4 atr=21.66 atr%=0.94 vol=1.01 DOWN
2026-04-27 16:34:03,259 - INFO - ⏸️ ETHUSDT no entry: 5m entry not ready side=SELL close=2317.66 ema20=2317.14 momentum=0.00100
2026-04-27 16:34:03,259 - INFO - 🔎 --- SOLUSDT ---
2026-04-27 16:34:07,375 - INFO - 📈 SOLUSDT | 1m close=85.23 ema20=85.27 ema50=85.31 rsi=32.2 atr=0.07 atr%=0.08 vol=0.03 DOWN | 5m close=85.16 ema20=85.37 ema50=85.75 rsi=38.0 atr=0.15 atr%=0.18 vol=1.07 DOWN | 15m close=85.16 ema20=85.79 ema50=86.31 rsi=29.9 atr=0.35 atr%=0.42 vol=0.28 DOWN | 1h close=85.38 ema20=86.47 ema50=86.42 rsi=34.0 atr=0.71 atr%=0.83 vol=0.29 DOWN
2026-04-27 16:34:09,638 - INFO - ✅ SOLUSDT SIGNAL SELL score=76 type=trend entry=85.16 sl=85.35 tp=84.80
2026-04-27 16:34:16,335 - INFO - 🚀 OPEN SOLUSDT SELL qty=160.33 score=76 type=trend entry~85.16 sl=85.35 tp=84.80
2026-04-27 16:34:17,276 - WARNING - 💥 Loop error: Binance error 400: {'code': -2019, 'msg': 'Margin is insufficient.'}
2026-04-27 16:34:52,185 - INFO - 📊 Balance=5010.56 | daily=0.00%/10% | trades_today=0
2026-04-27 16:34:55,083 - INFO - 🔎 --- BTCUSDT ---
2026-04-27 16:35:00,053 - INFO - 📈 BTCUSDT | 1m close=77790.80 ema20=77738.49 ema50=77718.27 rsi=99.5 atr=4.52 atr%=0.01 vol=13.88 UP | 5m close=77729.80 ema20=77706.24 ema50=77875.63 rsi=57.0 atr=52.18 atr%=0.07 vol=0.03 UP | 15m close=77729.80 ema20=77930.38 ema50=78182.33 rsi=52.2 atr=202.93 atr%=0.26 vol=0.15 DOWN | 1h close=77766.60 ema20=78185.59 ema50=77999.23 rsi=43.0 atr=539.62 atr%=0.69 vol=0.85 DOWN
2026-04-27 16:35:03,553 - INFO - ⏸️ BTCUSDT no entry: ATR filter fail atr%=0.07
2026-04-27 16:35:03,554 - INFO - 🔎 --- ETHUSDT ---
2026-04-27 16:35:10,907 - INFO - 📈 ETHUSDT | 1m close=2319.61 ema20=2316.77 ema50=2316.49 rsi=55.2 atr=1.25 atr%=0.05 vol=4.09 UP | 5m close=2317.66 ema20=2317.14 ema50=2328.09 rsi=56.1 atr=2.96 atr%=0.13 vol=1.57 UP | 15m close=2317.66 ema20=2331.87 ema50=2347.52 rsi=38.7 atr=9.86 atr%=0.43 vol=0.90 DOWN | 1h close=2315.63 ema20=2348.68 ema50=2340.12 rsi=34.4 atr=21.66 atr%=0.94 vol=1.01 DOWN
2026-04-27 16:35:13,045 - INFO - ⏸️ ETHUSDT no entry: 5m entry not ready side=SELL close=2317.66 ema20=2317.14 momentum=0.00100
2026-04-27 16:35:13,046 - INFO - 🔎 --- SOLUSDT ---
2026-04-27 16:35:21,737 - INFO - 📈 SOLUSDT | 1m close=85.36 ema20=85.27 ema50=85.31 rsi=41.0 atr=0.09 atr%=0.10 vol=0.67 UP | 5m close=85.36 ema20=85.37 ema50=85.73 rsi=51.7 atr=0.16 atr%=0.18 vol=0.26 DOWN | 15m close=85.16 ema20=85.79 ema50=86.31 rsi=29.9 atr=0.35 atr%=0.42 vol=0.28 DOWN | 1h close=85.38 ema20=86.47 ema50=86.42 rsi=34.0 atr=0.71 atr%=0.83 vol=0.29 DOWN
2026-04-27 16:35:25,539 - INFO - ⏸️ SOLUSDT no entry: 5m entry not ready side=SELL close=85.36 ema20=85.37 momentum=0.00235
2026-04-27 16:36:05,971 - WARNING - 💥 Loop error: Binance error 400: {'code': -1021, 'msg': 'Timestamp for this request is outside of the recvWindow.'}
2026-04-27 16:36:06,881 - INFO - ⏱️ Time synced offset=-69ms
2026-04-27 16:36:40,938 - INFO - 📊 Balance=5010.56 | daily=0.00%/10% | trades_today=0
2026-04-27 16:36:49,151 - INFO - 🔎 --- BTCUSDT ---
2026-04-27 16:37:01,367 - INFO - 📈 BTCUSDT | 1m close=77854.50 ema20=77762.91 ema50=77730.22 rsi=80.6 atr=19.18 atr%=0.02 vol=1.44 UP | 5m close=77893.70 ema20=77724.10 ema50=77876.33 rsi=68.7 atr=58.74 atr%=0.08 vol=2.91 UP | 15m close=77729.80 ema20=77930.38 ema50=78182.33 rsi=52.2 atr=202.93 atr%=0.26 vol=0.15 DOWN | 1h close=77766.60 ema20=78185.59 ema50=77999.23 rsi=43.0 atr=539.62 atr%=0.69 vol=0.85 DOWN
2026-04-27 16:37:04,663 - INFO - ⏸️ BTCUSDT no entry: ATR filter fail atr%=0.08
2026-04-27 16:37:04,663 - INFO - 🔎 --- ETHUSDT ---
2026-04-27 16:37:08,289 - INFO - 📈 ETHUSDT | 1m close=2321.69 ema20=2317.69 ema50=2316.90 rsi=60.0 atr=1.60 atr%=0.07 vol=0.00 UP | 5m close=2322.01 ema20=2317.60 ema50=2327.85 rsi=64.0 atr=3.25 atr%=0.14 vol=1.39 UP | 15m close=2317.66 ema20=2331.87 ema50=2347.52 rsi=38.7 atr=9.86 atr%=0.43 vol=0.90 DOWN | 1h close=2315.63 ema20=2348.68 ema50=2340.12 rsi=34.4 atr=21.66 atr%=0.94 vol=1.01 DOWN
2026-04-27 16:37:11,810 - INFO - ⏸️ ETHUSDT no entry: 5m entry not ready side=SELL close=2322.01 ema20=2317.60 momentum=0.00188
2026-04-27 16:37:11,810 - INFO - 🔎 --- SOLUSDT ---
2026-04-27 16:37:15,854 - INFO - 📈 SOLUSDT | 1m close=85.35 ema20=85.29 ema50=85.32 rsi=57.5 atr=0.08 atr%=0.09 vol=0.07 UP | 5m close=85.36 ema20=85.37 ema50=85.73 rsi=51.7 atr=0.16 atr%=0.18 vol=0.26 DOWN | 15m close=85.16 ema20=85.79 ema50=86.31 rsi=29.9 atr=0.35 atr%=0.42 vol=0.28 DOWN | 1h close=85.38 ema20=86.47 ema50=86.42 rsi=34.0 atr=0.71 atr%=0.83 vol=0.29 DOWN
2026-04-27 16:37:19,231 - INFO - ⏸️ SOLUSDT no entry: 5m entry not ready side=SELL close=85.36 ema20=85.37 momentum=0.00235
2026-04-27 16:37:51,010 - INFO - 📊 Balance=5010.56 | daily=0.00%/10% | trades_today=0
2026-04-27 16:37:54,604 - INFO - 🔎 --- BTCUSDT ---
2026-04-27 16:38:00,548 - INFO - 📈 BTCUSDT | 1m close=77862.50 ema20=77772.40 ema50=77735.41 rsi=81.3 atr=22.65 atr%=0.03 vol=1.89 UP | 5m close=77893.70 ema20=77724.10 ema50=77876.33 rsi=68.7 atr=58.74 atr%=0.08 vol=2.91 UP | 15m close=77729.80 ema20=77930.38 ema50=78182.33 rsi=52.2 atr=202.93 atr%=0.26 vol=0.15 DOWN | 1h close=77766.60 ema20=78185.59 ema50=77999.23 rsi=43.0 atr=539.62 atr%=0.69 vol=0.85 DOWN
2026-04-27 16:38:04,203 - INFO - ⏸️ BTCUSDT no entry: ATR filter fail atr%=0.08
2026-04-27 16:38:04,203 - INFO - 🔎 --- ETHUSDT ---
2026-04-27 16:38:12,091 - INFO - 📈 ETHUSDT | 1m close=2321.69 ema20=2318.07 ema50=2317.09 rsi=64.6 atr=1.54 atr%=0.07 vol=0.00 UP | 5m close=2322.01 ema20=2317.60 ema50=2327.85 rsi=64.0 atr=3.25 atr%=0.14 vol=1.39 UP | 15m close=2317.66 ema20=2331.87 ema50=2347.52 rsi=38.7 atr=9.86 atr%=0.43 vol=0.90 DOWN | 1h close=2315.63 ema20=2348.68 ema50=2340.12 rsi=34.4 atr=21.66 atr%=0.94 vol=1.01 DOWN
2026-04-27 16:38:20,271 - INFO - ⏸️ ETHUSDT no entry: 5m entry not ready side=SELL close=2322.01 ema20=2317.60 momentum=0.00188
2026-04-27 16:38:20,272 - INFO - 🔎 --- SOLUSDT ---
2026-04-27 16:38:30,196 - INFO - 📈 SOLUSDT | 1m close=85.34 ema20=85.29 ema50=85.32 rsi=59.0 atr=0.08 atr%=0.09 vol=0.85 UP | 5m close=85.36 ema20=85.37 ema50=85.73 rsi=51.7 atr=0.16 atr%=0.18 vol=0.26 DOWN | 15m close=85.16 ema20=85.79 ema50=86.31 rsi=29.9 atr=0.35 atr%=0.42 vol=0.28 DOWN | 1h close=85.38 ema20=86.47 ema50=86.42 rsi=34.0 atr=0.71 atr%=0.83 vol=0.29 DOWN
2026-04-27 16:38:32,386 - INFO - ⏸️ SOLUSDT no entry: 5m entry not ready side=SELL close=85.36 ema20=85.37 momentum=0.00235
2026-04-27 16:39:03,186 - INFO - 📊 Balance=5010.56 | daily=0.00%/10% | trades_today=0
2026-04-27 16:39:05,881 - INFO - 🔎 --- BTCUSDT ---
2026-04-27 16:39:09,260 - INFO - 📈 BTCUSDT | 1m close=77843.20 ema20=77779.14 ema50=77739.61 rsi=74.5 atr=26.71 atr%=0.03 vol=2.24 UP | 5m close=77893.70 ema20=77724.10 ema50=77876.33 rsi=68.7 atr=58.74 atr%=0.08 vol=2.91 UP | 15m close=77729.80 ema20=77930.38 ema50=78182.33 rsi=52.2 atr=202.93 atr%=0.26 vol=0.15 DOWN | 1h close=77766.60 ema20=78185.59 ema50=77999.23 rsi=43.0 atr=539.62 atr%=0.69 vol=0.85 DOWN
2026-04-27 16:39:11,479 - INFO - ⏸️ BTCUSDT no entry: ATR filter fail atr%=0.08
2026-04-27 16:39:11,479 - INFO - 🔎 --- ETHUSDT ---
2026-04-27 16:39:14,746 - INFO - 📈 ETHUSDT | 1m close=2318.01 ema20=2318.36 ema50=2317.29 rsi=56.9 atr=1.79 atr%=0.08 vol=1.77 DOWN | 5m close=2322.01 ema20=2317.60 ema50=2327.85 rsi=64.0 atr=3.25 atr%=0.14 vol=1.39 UP | 15m close=2317.66 ema20=2331.87 ema50=2347.52 rsi=38.7 atr=9.86 atr%=0.43 vol=0.90 DOWN | 1h close=2315.63 ema20=2348.68 ema50=2340.12 rsi=34.4 atr=21.66 atr%=0.94 vol=1.01 DOWN
2026-04-27 16:39:17,017 - INFO - ⏸️ ETHUSDT no entry: 5m entry not ready side=SELL close=2322.01 ema20=2317.60 momentum=0.00188
2026-04-27 16:39:17,017 - INFO - 🔎 --- SOLUSDT ---
2026-04-27 16:39:20,058 - INFO - 📈 SOLUSDT | 1m close=85.29 ema20=85.29 ema50=85.32 rsi=62.2 atr=0.07 atr%=0.08 vol=0.25 DOWN | 5m close=85.36 ema20=85.37 ema50=85.73 rsi=51.7 atr=0.16 atr%=0.18 vol=0.26 DOWN | 15m close=85.16 ema20=85.79 ema50=86.31 rsi=29.9 atr=0.35 atr%=0.42 vol=0.28 DOWN | 1h close=85.38 ema20=86.47 ema50=86.42 rsi=34.0 atr=0.71 atr%=0.83 vol=0.29 DOWN
2026-04-27 16:39:22,270 - INFO - ⏸️ SOLUSDT no entry: 5m entry not ready side=SELL close=85.36 ema20=85.37 momentum=0.00235
2026-04-27 16:39:53,009 - INFO - 📊 Balance=5010.56 | daily=0.00%/10% | trades_today=0
2026-04-27 16:39:55,214 - INFO - 🔎 --- BTCUSDT ---
2026-04-27 16:39:58,472 - INFO - 📈 BTCUSDT | 1m close=77864.40 ema20=77787.26 ema50=77744.53 rsi=76.7 atr=30.98 atr%=0.04 vol=0.22 UP | 5m close=77893.70 ema20=77724.10 ema50=77876.33 rsi=68.7 atr=58.74 atr%=0.08 vol=2.91 UP | 15m close=77729.80 ema20=77930.38 ema50=78182.33 rsi=52.2 atr=202.93 atr%=0.26 vol=0.15 DOWN | 1h close=77766.60 ema20=78185.59 ema50=77999.23 rsi=43.0 atr=539.62 atr%=0.69 vol=0.85 DOWN
2026-04-27 16:40:00,659 - INFO - ⏸️ BTCUSDT no entry: ATR filter fail atr%=0.08
2026-04-27 16:40:00,659 - INFO - 🔎 --- ETHUSDT ---
2026-04-27 16:40:04,390 - INFO - 📈 ETHUSDT | 1m close=2318.01 ema20=2318.36 ema50=2317.29 rsi=56.9 atr=1.79 atr%=0.08 vol=1.77 DOWN | 5m close=2322.01 ema20=2317.60 ema50=2327.85 rsi=64.0 atr=3.25 atr%=0.14 vol=1.39 UP | 15m close=2317.66 ema20=2331.87 ema50=2347.52 rsi=38.7 atr=9.86 atr%=0.43 vol=0.90 DOWN | 1h close=2315.63 ema20=2348.68 ema50=2340.12 rsi=34.4 atr=21.66 atr%=0.94 vol=1.01 DOWN
2026-04-27 16:40:06,589 - INFO - ⏸️ ETHUSDT no entry: 5m entry not ready side=SELL close=2322.01 ema20=2317.60 momentum=0.00188
2026-04-27 16:40:06,590 - INFO - 🔎 --- SOLUSDT ---
2026-04-27 16:40:09,747 - INFO - 📈 SOLUSDT | 1m close=85.29 ema20=85.29 ema50=85.32 rsi=62.2 atr=0.07 atr%=0.08 vol=0.25 DOWN | 5m close=85.36 ema20=85.37 ema50=85.73 rsi=51.7 atr=0.16 atr%=0.18 vol=0.26 DOWN | 15m close=85.16 ema20=85.79 ema50=86.31 rsi=29.9 atr=0.35 atr%=0.42 vol=0.28 DOWN | 1h close=85.38 ema20=86.47 ema50=86.42 rsi=34.0 atr=0.71 atr%=0.83 vol=0.29 DOWN
2026-04-27 16:40:12,021 - INFO - ⏸️ SOLUSDT no entry: 5m entry not ready side=SELL close=85.36 ema20=85.37 momentum=0.00235
2026-04-27 16:40:42,784 - INFO - 📊 Balance=5010.56 | daily=0.00%/10% | trades_today=0
2026-04-27 16:40:45,092 - INFO - 🔎 --- BTCUSDT ---
2026-04-27 16:40:48,461 - INFO - 📈 BTCUSDT | 1m close=77862.00 ema20=77794.38 ema50=77749.11 rsi=76.0 atr=31.14 atr%=0.04 vol=0.01 UP | 5m close=77862.00 ema20=77737.23 ema50=77875.77 rsi=80.5 atr=54.32 atr%=0.07 vol=1.23 UP | 15m close=77729.80 ema20=77930.38 ema50=78182.33 rsi=52.2 atr=202.93 atr%=0.26 vol=0.15 DOWN | 1h close=77766.60 ema20=78185.59 ema50=77999.23 rsi=43.0 atr=539.62 atr%=0.69 vol=0.85 DOWN
2026-04-27 16:40:50,631 - INFO - ⏸️ BTCUSDT no entry: ATR filter fail atr%=0.07
2026-04-27 16:40:50,632 - INFO - 🔎 --- ETHUSDT ---
2026-04-27 16:40:54,087 - INFO - 📈 ETHUSDT | 1m close=2317.93 ema20=2318.32 ema50=2317.32 rsi=54.3 atr=1.97 atr%=0.08 vol=1.83 DOWN | 5m close=2317.93 ema20=2317.63 ema50=2327.46 rsi=65.0 atr=3.22 atr%=0.14 vol=0.79 UP | 15m close=2317.66 ema20=2331.87 ema50=2347.52 rsi=38.7 atr=9.86 atr%=0.43 vol=0.90 DOWN | 1h close=2315.63 ema20=2348.68 ema50=2340.12 rsi=34.4 atr=21.66 atr%=0.94 vol=1.01 DOWN
2026-04-27 16:40:56,355 - INFO - ⏸️ ETHUSDT no entry: 5m entry not ready side=SELL close=2317.93 ema20=2317.63 momentum=-0.00176
2026-04-27 16:40:56,355 - INFO - 🔎 --- SOLUSDT ---
2026-04-27 16:40:59,537 - INFO - 📈 SOLUSDT | 1m close=85.30 ema20=85.29 ema50=85.32 rsi=68.6 atr=0.07 atr%=0.08 vol=0.15 UP | 5m close=85.30 ema20=85.36 ema50=85.71 rsi=62.2 atr=0.14 atr%=0.16 vol=0.64 DOWN | 15m close=85.16 ema20=85.79 ema50=86.31 rsi=29.9 atr=0.35 atr%=0.42 vol=0.28 DOWN | 1h close=85.38 ema20=86.47 ema50=86.42 rsi=34.0 atr=0.71 atr%=0.83 vol=0.29 DOWN
2026-04-27 16:41:01,873 - INFO - ⏸️ SOLUSDT no entry: score too low 54 side=SELL type=trend
2026-04-27 16:41:32,622 - INFO - 📊 Balance=5010.56 | daily=0.00%/10% | trades_today=0
2026-04-27 16:41:34,828 - INFO - 🔎 --- BTCUSDT ---
2026-04-27 16:41:38,040 - INFO - 📈 BTCUSDT | 1m close=77869.00 ema20=77801.48 ema50=77753.81 rsi=76.6 atr=33.19 atr%=0.04 vol=0.00 UP | 5m close=77862.00 ema20=77737.23 ema50=77875.77 rsi=80.5 atr=54.32 atr%=0.07 vol=1.23 UP | 15m close=77729.80 ema20=77930.38 ema50=78182.33 rsi=52.2 atr=202.93 atr%=0.26 vol=0.15 DOWN | 1h close=77766.60 ema20=78185.59 ema50=77999.23 rsi=43.0 atr=539.62 atr%=0.69 vol=0.85 DOWN
2026-04-27 16:41:40,190 - INFO - ⏸️ BTCUSDT no entry: ATR filter fail atr%=0.07
2026-04-27 16:41:40,191 - INFO - 🔎 --- ETHUSDT ---
2026-04-27 16:41:43,471 - INFO - 📈 ETHUSDT | 1m close=2318.33 ema20=2318.32 ema50=2317.35 rsi=58.3 atr=1.93 atr%=0.08 vol=0.01 UP | 5m close=2317.93 ema20=2317.63 ema50=2327.46 rsi=65.0 atr=3.22 atr%=0.14 vol=0.79 UP | 15m close=2317.66 ema20=2331.87 ema50=2347.52 rsi=38.7 atr=9.86 atr%=0.43 vol=0.90 DOWN | 1h close=2315.63 ema20=2348.68 ema50=2340.12 rsi=34.4 atr=21.66 atr%=0.94 vol=1.01 DOWN
2026-04-27 16:41:45,621 - INFO - ⏸️ ETHUSDT no entry: 5m entry not ready side=SELL close=2317.93 ema20=2317.63 momentum=-0.00176
2026-04-27 16:41:45,621 - INFO - 🔎 --- SOLUSDT ---
2026-04-27 16:41:48,813 - INFO - 📈 SOLUSDT | 1m close=85.32 ema20=85.30 ema50=85.32 rsi=72.2 atr=0.07 atr%=0.08 vol=1.00 UP | 5m close=85.30 ema20=85.36 ema50=85.71 rsi=62.2 atr=0.14 atr%=0.16 vol=0.64 DOWN | 15m close=85.16 ema20=85.79 ema50=86.31 rsi=29.9 atr=0.35 atr%=0.42 vol=0.28 DOWN | 1h close=85.38 ema20=86.47 ema50=86.42 rsi=34.0 atr=0.71 atr%=0.83 vol=0.29 DOWN
2026-04-27 16:41:50,953 - INFO - ⏸️ SOLUSDT no entry: score too low 54 side=SELL type=trend
2026-04-27 16:42:21,683 - INFO - 📊 Balance=5010.56 | daily=0.00%/10% | trades_today=0
2026-04-27 16:42:23,933 - INFO - 🔎 --- BTCUSDT ---
2026-04-27 16:42:27,268 - INFO - 📈 BTCUSDT | 1m close=77900.00 ema20=77810.87 ema50=77759.54 rsi=79.1 atr=37.46 atr%=0.05 vol=0.56 UP | 5m close=77862.00 ema20=77737.23 ema50=77875.77 rsi=80.5 atr=54.32 atr%=0.07 vol=1.23 UP | 15m close=77729.80 ema20=77930.38 ema50=78182.33 rsi=52.2 atr=202.93 atr%=0.26 vol=0.15 DOWN | 1h close=77766.60 ema20=78185.59 ema50=77999.23 rsi=43.0 atr=539.62 atr%=0.69 vol=0.85 DOWN
2026-04-27 16:42:29,433 - INFO - ⏸️ BTCUSDT no entry: ATR filter fail atr%=0.07
2026-04-27 16:42:29,434 - INFO - 🔎 --- ETHUSDT ---
2026-04-27 16:42:32,746 - INFO - 📈 ETHUSDT | 1m close=2321.40 ema20=2318.61 ema50=2317.51 rsi=62.6 atr=2.10 atr%=0.09 vol=0.14 UP | 5m close=2317.93 ema20=2317.63 ema50=2327.46 rsi=65.0 atr=3.22 atr%=0.14 vol=0.79 UP | 15m close=2317.66 ema20=2331.87 ema50=2347.52 rsi=38.7 atr=9.86 atr%=0.43 vol=0.90 DOWN | 1h close=2315.63 ema20=2348.68 ema50=2340.12 rsi=34.4 atr=21.66 atr%=0.94 vol=1.01 DOWN
2026-04-27 16:42:34,994 - INFO - ⏸️ ETHUSDT no entry: 5m entry not ready side=SELL close=2317.93 ema20=2317.63 momentum=-0.00176
2026-04-27 16:42:34,995 - INFO - 🔎 --- SOLUSDT ---
2026-04-27 16:42:38,299 - INFO - 📈 SOLUSDT | 1m close=85.33 ema20=85.30 ema50=85.32 rsi=77.1 atr=0.07 atr%=0.08 vol=1.21 UP | 5m close=85.30 ema20=85.36 ema50=85.71 rsi=62.2 atr=0.14 atr%=0.16 vol=0.64 DOWN | 15m close=85.16 ema20=85.79 ema50=86.31 rsi=29.9 atr=0.35 atr%=0.42 vol=0.28 DOWN | 1h close=85.38 ema20=86.47 ema50=86.42 rsi=34.0 atr=0.71 atr%=0.83 vol=0.29 DOWN
2026-04-27 16:42:40,498 - INFO - ⏸️ SOLUSDT no entry: score too low 54 side=SELL type=trend
2026-04-27 16:43:11,257 - INFO - 📊 Balance=5010.56 | daily=0.00%/10% | trades_today=0
2026-04-27 16:43:13,586 - INFO - 🔎 --- BTCUSDT ---
2026-04-27 16:43:17,018 - INFO - 📈 BTCUSDT | 1m close=77889.50 ema20=77818.36 ema50=77764.67 rsi=76.3 atr=41.78 atr%=0.05 vol=0.55 UP | 5m close=77862.00 ema20=77737.23 ema50=77875.77 rsi=80.5 atr=54.32 atr%=0.07 vol=1.23 UP | 15m close=77729.80 ema20=77930.38 ema50=78182.33 rsi=52.2 atr=202.93 atr%=0.26 vol=0.15 DOWN | 1h close=77766.60 ema20=78185.59 ema50=77999.23 rsi=43.0 atr=539.62 atr%=0.69 vol=0.85 DOWN
2026-04-27 16:43:19,270 - INFO - ⏸️ BTCUSDT no entry: ATR filter fail atr%=0.07
2026-04-27 16:43:19,270 - INFO - 🔎 --- ETHUSDT ---
2026-04-27 16:43:23,233 - INFO - 📈 ETHUSDT | 1m close=2317.91 ema20=2318.54 ema50=2317.53 rsi=55.8 atr=2.23 atr%=0.10 vol=0.11 DOWN | 5m close=2317.93 ema20=2317.63 ema50=2327.46 rsi=65.0 atr=3.22 atr%=0.14 vol=0.79 UP | 15m close=2317.66 ema20=2331.87 ema50=2347.52 rsi=38.7 atr=9.86 atr%=0.43 vol=0.90 DOWN | 1h close=2315.63 ema20=2348.68 ema50=2340.12 rsi=34.4 atr=21.66 atr%=0.94 vol=1.01 DOWN
2026-04-27 16:43:25,415 - INFO - ⏸️ ETHUSDT no entry: 5m entry not ready side=SELL close=2317.93 ema20=2317.63 momentum=-0.00176
2026-04-27 16:43:25,415 - INFO - 🔎 --- SOLUSDT ---
2026-04-27 16:43:28,476 - INFO - 📈 SOLUSDT | 1m close=85.34 ema20=85.30 ema50=85.32 rsi=76.5 atr=0.07 atr%=0.08 vol=2.68 UP | 5m close=85.30 ema20=85.36 ema50=85.71 rsi=62.2 atr=0.14 atr%=0.16 vol=0.64 DOWN | 15m close=85.16 ema20=85.79 ema50=86.31 rsi=29.9 atr=0.35 atr%=0.42 vol=0.28 DOWN | 1h close=85.38 ema20=86.47 ema50=86.42 rsi=34.0 atr=0.71 atr%=0.83 vol=0.29 DOWN
2026-04-27 16:43:30,676 - INFO - ⏸️ SOLUSDT no entry: score too low 54 side=SELL type=trend
2026-04-27 16:44:01,383 - INFO - 📊 Balance=5010.56 | daily=0.00%/10% | trades_today=0
2026-04-27 16:44:03,624 - INFO - 🔎 --- BTCUSDT ---
2026-04-27 16:44:06,842 - INFO - 📈 BTCUSDT | 1m close=77889.50 ema20=77818.36 ema50=77764.67 rsi=76.3 atr=41.78 atr%=0.05 vol=0.55 UP | 5m close=77862.00 ema20=77737.23 ema50=77875.77 rsi=80.5 atr=54.32 atr%=0.07 vol=1.23 UP | 15m close=77729.80 ema20=77930.38 ema50=78182.33 rsi=52.2 atr=202.93 atr%=0.26 vol=0.15 DOWN | 1h close=77766.60 ema20=78185.59 ema50=77999.23 rsi=43.0 atr=539.62 atr%=0.69 vol=0.85 DOWN
2026-04-27 16:44:09,062 - INFO - ⏸️ BTCUSDT no entry: ATR filter fail atr%=0.07
2026-04-27 16:44:09,063 - INFO - 🔎 --- ETHUSDT ---
2026-04-27 16:44:12,395 - INFO - 📈 ETHUSDT | 1m close=2317.91 ema20=2318.54 ema50=2317.53 rsi=55.8 atr=2.23 atr%=0.10 vol=0.11 DOWN | 5m close=2317.93 ema20=2317.63 ema50=2327.46 rsi=65.0 atr=3.22 atr%=0.14 vol=0.79 UP | 15m close=2317.66 ema20=2331.87 ema50=2347.52 rsi=38.7 atr=9.86 atr%=0.43 vol=0.90 DOWN | 1h close=2315.63 ema20=2348.68 ema50=2340.12 rsi=34.4 atr=21.66 atr%=0.94 vol=1.01 DOWN
2026-04-27 16:44:14,772 - INFO - ⏸️ ETHUSDT no entry: 5m entry not ready side=SELL close=2317.93 ema20=2317.63 momentum=-0.00176
2026-04-27 16:44:14,773 - INFO - 🔎 --- SOLUSDT ---
2026-04-27 16:44:17,850 - INFO - 📈 SOLUSDT | 1m close=85.32 ema20=85.30 ema50=85.32 rsi=72.2 atr=0.07 atr%=0.08 vol=0.03 UP | 5m close=85.30 ema20=85.36 ema50=85.71 rsi=62.2 atr=0.14 atr%=0.16 vol=0.64 DOWN | 15m close=85.16 ema20=85.79 ema50=86.31 rsi=29.9 atr=0.35 atr%=0.42 vol=0.28 DOWN | 1h close=85.38 ema20=86.47 ema50=86.42 rsi=34.0 atr=0.71 atr%=0.83 vol=0.29 DOWN
2026-04-27 16:44:20,060 - INFO - ⏸️ SOLUSDT no entry: score too low 54 side=SELL type=trend
2026-04-27 16:44:50,798 - INFO - 📊 Balance=5010.56 | daily=0.00%/10% | trades_today=0
2026-04-27 16:44:52,994 - INFO - 🔎 --- BTCUSDT ---
2026-04-27 16:44:56,490 - INFO - 📈 BTCUSDT | 1m close=77839.50 ema20=77820.37 ema50=77767.62 rsi=65.5 atr=46.09 atr%=0.06 vol=0.01 UP | 5m close=77862.00 ema20=77737.23 ema50=77875.77 rsi=80.5 atr=54.32 atr%=0.07 vol=1.23 UP | 15m close=77729.80 ema20=77930.38 ema50=78182.33 rsi=52.2 atr=202.93 atr%=0.26 vol=0.15 DOWN | 1h close=77766.60 ema20=78185.59 ema50=77999.23 rsi=43.0 atr=539.62 atr%=0.69 vol=0.85 DOWN
2026-04-27 16:44:59,165 - INFO - ⏸️ BTCUSDT no entry: ATR filter fail atr%=0.07
2026-04-27 16:44:59,166 - INFO - 🔎 --- ETHUSDT ---
2026-04-27 16:45:02,628 - INFO - 📈 ETHUSDT | 1m close=2322.46 ema20=2318.92 ema50=2317.72 rsi=59.7 atr=2.38 atr%=0.10 vol=2.57 UP | 5m close=2317.93 ema20=2317.63 ema50=2327.46 rsi=65.0 atr=3.22 atr%=0.14 vol=0.79 UP | 15m close=2317.66 ema20=2331.87 ema50=2347.52 rsi=38.7 atr=9.86 atr%=0.43 vol=0.90 DOWN | 1h close=2315.63 ema20=2348.68 ema50=2340.12 rsi=34.4 atr=21.66 atr%=0.94 vol=1.01 DOWN
2026-04-27 16:45:04,824 - INFO - ⏸️ ETHUSDT no entry: 5m entry not ready side=SELL close=2317.93 ema20=2317.63 momentum=-0.00176
2026-04-27 16:45:04,824 - INFO - 🔎 --- SOLUSDT ---
2026-04-27 16:45:08,203 - INFO - 📈 SOLUSDT | 1m close=85.37 ema20=85.31 ema50=85.32 rsi=75.6 atr=0.07 atr%=0.09 vol=3.41 UP | 5m close=85.37 ema20=85.36 ema50=85.70 rsi=60.6 atr=0.13 atr%=0.15 vol=1.95 UP | 15m close=85.37 ema20=85.75 ema50=86.27 rsi=40.6 atr=0.27 atr%=0.32 vol=0.14 DOWN | 1h close=85.38 ema20=86.47 ema50=86.42 rsi=34.0 atr=0.71 atr%=0.83 vol=0.29 DOWN
2026-04-27 16:45:10,491 - INFO - ⏸️ SOLUSDT no entry: 5m entry not ready side=SELL close=85.37 ema20=85.36 momentum=0.00082
2026-04-27 16:45:41,286 - INFO - 📊 Balance=5010.56 | daily=0.00%/10% | trades_today=0
2026-04-27 16:45:43,505 - INFO - 🔎 --- BTCUSDT ---
2026-04-27 16:45:46,810 - INFO - 📈 BTCUSDT | 1m close=77904.40 ema20=77828.37 ema50=77772.97 rsi=70.9 atr=50.71 atr%=0.07 vol=0.93 UP | 5m close=77904.40 ema20=77753.15 ema50=77876.89 rsi=81.9 atr=56.86 atr%=0.07 vol=0.46 UP | 15m close=77904.40 ema20=77927.91 ema50=78171.43 rsi=63.3 atr=141.47 atr%=0.18 vol=1.05 DOWN | 1h close=77766.60 ema20=78185.59 ema50=77999.23 rsi=43.0 atr=539.62 atr%=0.69 vol=0.85 DOWN
2026-04-27 16:45:49,003 - INFO - ⏸️ BTCUSDT no entry: ATR filter fail atr%=0.07
2026-04-27 16:45:49,004 - INFO - 🔎 --- ETHUSDT ---
2026-04-27 16:45:52,333 - INFO - 📈 ETHUSDT | 1m close=2322.17 ema20=2319.23 ema50=2317.90 rsi=65.2 atr=2.24 atr%=0.10 vol=0.00 UP | 5m close=2322.17 ema20=2318.07 ema50=2327.26 rsi=69.8 atr=3.35 atr%=0.14 vol=0.66 UP | 15m close=2322.17 ema20=2330.94 ema50=2346.53 rsi=54.3 atr=6.45 atr%=0.28 vol=0.80 DOWN | 1h close=2315.63 ema20=2348.68 ema50=2340.12 rsi=34.4 atr=21.66 atr%=0.94 vol=1.01 DOWN
2026-04-27 16:45:54,600 - INFO - ⏸️ ETHUSDT no entry: 5m entry not ready side=SELL close=2322.17 ema20=2318.07 momentum=0.00183
2026-04-27 16:45:54,600 - INFO - 🔎 --- SOLUSDT ---
2026-04-27 16:45:57,671 - INFO - 📈 SOLUSDT | 1m close=85.37 ema20=85.31 ema50=85.32 rsi=75.6 atr=0.07 atr%=0.09 vol=3.41 UP | 5m close=85.37 ema20=85.36 ema50=85.70 rsi=60.6 atr=0.13 atr%=0.15 vol=1.95 UP | 15m close=85.37 ema20=85.75 ema50=86.27 rsi=40.6 atr=0.27 atr%=0.32 vol=0.14 DOWN | 1h close=85.38 ema20=86.47 ema50=86.42 rsi=34.0 atr=0.71 atr%=0.83 vol=0.29 DOWN
2026-04-27 16:45:59,906 - INFO - ⏸️ SOLUSDT no entry: 5m entry not ready side=SELL close=85.37 ema20=85.36 momentum=0.00082
2026-04-27 16:46:31,388 - INFO - 📊 Balance=5010.56 | daily=0.00%/10% | trades_today=0
2026-04-27 16:46:33,889 - INFO - 🔎 --- BTCUSDT ---
2026-04-27 16:46:39,144 - INFO - 📈 BTCUSDT | 1m close=77905.90 ema20=77835.76 ema50=77778.19 rsi=71.0 atr=51.11 atr%=0.07 vol=0.70 UP | 5m close=77904.40 ema20=77753.15 ema50=77876.89 rsi=81.9 atr=56.86 atr%=0.07 vol=0.46 UP | 15m close=77904.40 ema20=77927.91 ema50=78171.43 rsi=63.3 atr=141.47 atr%=0.18 vol=1.05 DOWN | 1h close=77766.60 ema20=78185.59 ema50=77999.23 rsi=43.0 atr=539.62 atr%=0.69 vol=0.85 DOWN
2026-04-27 16:46:42,780 - INFO - ⏸️ BTCUSDT no entry: ATR filter fail atr%=0.07
2026-04-27 16:46:42,781 - INFO - 🔎 --- ETHUSDT ---
2026-04-27 16:46:48,213 - INFO - 📈 ETHUSDT | 1m close=2322.17 ema20=2319.51 ema50=2318.06 rsi=65.2 atr=2.28 atr%=0.10 vol=0.00 UP | 5m close=2322.17 ema20=2318.07 ema50=2327.26 rsi=69.8 atr=3.35 atr%=0.14 vol=0.66 UP | 15m close=2322.17 ema20=2330.94 ema50=2346.53 rsi=54.3 atr=6.45 atr%=0.28 vol=0.80 DOWN | 1h close=2315.63 ema20=2348.68 ema50=2340.12 rsi=34.4 atr=21.66 atr%=0.94 vol=1.01 DOWN
2026-04-27 16:46:51,939 - INFO - ⏸️ ETHUSDT no entry: 5m entry not ready side=SELL close=2322.17 ema20=2318.07 momentum=0.00183
2026-04-27 16:46:51,940 - INFO - 🔎 --- SOLUSDT ---
2026-04-27 16:46:55,122 - INFO - 📈 SOLUSDT | 1m close=85.38 ema20=85.32 ema50=85.32 rsi=78.0 atr=0.07 atr%=0.09 vol=1.48 UP | 5m close=85.37 ema20=85.36 ema50=85.70 rsi=60.6 atr=0.13 atr%=0.15 vol=1.95 UP | 15m close=85.37 ema20=85.75 ema50=86.27 rsi=40.6 atr=0.27 atr%=0.32 vol=0.14 DOWN | 1h close=85.38 ema20=86.47 ema50=86.42 rsi=34.0 atr=0.71 atr%=0.83 vol=0.29 DOWN
2026-04-27 16:46:59,768 - INFO - ⏸️ SOLUSDT no entry: 5m entry not ready side=SELL close=85.37 ema20=85.36 momentum=0.00082
2026-04-27 16:47:34,553 - INFO - 📊 Balance=5010.56 | daily=0.00%/10% | trades_today=0
2026-04-27 16:47:40,323 - INFO - 🔎 --- BTCUSDT ---
2026-04-27 16:47:44,925 - INFO - 📈 BTCUSDT | 1m close=77903.30 ema20=77842.19 ema50=77783.04 rsi=70.6 atr=51.26 atr%=0.07 vol=0.04 UP | 5m close=77904.40 ema20=77753.15 ema50=77876.89 rsi=81.9 atr=56.86 atr%=0.07 vol=0.46 UP | 15m close=77904.40 ema20=77927.91 ema50=78171.43 rsi=63.3 atr=141.47 atr%=0.18 vol=1.05 DOWN | 1h close=77766.60 ema20=78185.59 ema50=77999.23 rsi=43.0 atr=539.62 atr%=0.69 vol=0.85 DOWN
2026-04-27 16:47:47,135 - INFO - ⏸️ BTCUSDT no entry: ATR filter fail atr%=0.07
2026-04-27 16:47:47,136 - INFO - 🔎 --- ETHUSDT ---
2026-04-27 16:47:51,953 - INFO - 📈 ETHUSDT | 1m close=2322.17 ema20=2319.76 ema50=2318.23 rsi=65.2 atr=2.34 atr%=0.10 vol=0.73 UP | 5m close=2322.17 ema20=2318.07 ema50=2327.26 rsi=69.8 atr=3.35 atr%=0.14 vol=0.66 UP | 15m close=2322.17 ema20=2330.94 ema50=2346.53 rsi=54.3 atr=6.45 atr%=0.28 vol=0.80 DOWN | 1h close=2315.63 ema20=2348.68 ema50=2340.12 rsi=34.4 atr=21.66 atr%=0.94 vol=1.01 DOWN
2026-04-27 16:47:54,146 - INFO - ⏸️ ETHUSDT no entry: 5m entry not ready side=SELL close=2322.17 ema20=2318.07 momentum=0.00183
2026-04-27 16:47:54,146 - INFO - 🔎 --- SOLUSDT ---
2026-04-27 16:47:58,655 - INFO - 📈 SOLUSDT | 1m close=85.34 ema20=85.32 ema50=85.32 rsi=64.9 atr=0.07 atr%=0.09 vol=3.08 UP | 5m close=85.37 ema20=85.36 ema50=85.70 rsi=60.6 atr=0.13 atr%=0.15 vol=1.95 UP | 15m close=85.37 ema20=85.75 ema50=86.27 rsi=40.6 atr=0.27 atr%=0.32 vol=0.14 DOWN | 1h close=85.38 ema20=86.47 ema50=86.42 rsi=34.0 atr=0.71 atr%=0.83 vol=0.29 DOWN
2026-04-27 16:48:06,885 - INFO - ⏸️ SOLUSDT no entry: 5m entry not ready side=SELL close=85.37 ema20=85.36 momentum=0.00082
2026-04-27 16:48:37,620 - INFO - 📊 Balance=5010.56 | daily=0.00%/10% | trades_today=0
2026-04-27 16:48:39,836 - INFO - 🔎 --- BTCUSDT ---
2026-04-27 16:48:43,249 - INFO - 📈 BTCUSDT | 1m close=77903.30 ema20=77848.01 ema50=77787.76 rsi=65.6 atr=47.09 atr%=0.06 vol=0.04 UP | 5m close=77904.40 ema20=77753.15 ema50=77876.89 rsi=81.9 atr=56.86 atr%=0.07 vol=0.46 UP | 15m close=77904.40 ema20=77927.91 ema50=78171.43 rsi=63.3 atr=141.47 atr%=0.18 vol=1.05 DOWN | 1h close=77766.60 ema20=78185.59 ema50=77999.23 rsi=43.0 atr=539.62 atr%=0.69 vol=0.85 DOWN
2026-04-27 16:48:46,834 - INFO - ⏸️ BTCUSDT no entry: ATR filter fail atr%=0.07
2026-04-27 16:48:46,834 - INFO - 🔎 --- ETHUSDT ---
2026-04-27 16:48:50,133 - INFO - 📈 ETHUSDT | 1m close=2322.17 ema20=2319.99 ema50=2318.38 rsi=57.0 atr=2.10 atr%=0.09 vol=0.06 UP | 5m close=2322.17 ema20=2318.07 ema50=2327.26 rsi=69.8 atr=3.35 atr%=0.14 vol=0.66 UP | 15m close=2322.17 ema20=2330.94 ema50=2346.53 rsi=54.3 atr=6.45 atr%=0.28 vol=0.80 DOWN | 1h close=2315.63 ema20=2348.68 ema50=2340.12 rsi=34.4 atr=21.66 atr%=0.94 vol=1.01 DOWN
2026-04-27 16:48:52,422 - INFO - ⏸️ ETHUSDT no entry: 5m entry not ready side=SELL close=2322.17 ema20=2318.07 momentum=0.00183
2026-04-27 16:48:52,422 - INFO - 🔎 --- SOLUSDT ---
2026-04-27 16:48:55,891 - INFO - 📈 SOLUSDT | 1m close=85.39 ema20=85.33 ema50=85.32 rsi=65.8 atr=0.07 atr%=0.08 vol=0.79 UP | 5m close=85.37 ema20=85.36 ema50=85.70 rsi=60.6 atr=0.13 atr%=0.15 vol=1.95 UP | 15m close=85.37 ema20=85.75 ema50=86.27 rsi=40.6 atr=0.27 atr%=0.32 vol=0.14 DOWN | 1h close=85.38 ema20=86.47 ema50=86.42 rsi=34.0 atr=0.71 atr%=0.83 vol=0.29 DOWN
2026-04-27 16:48:58,068 - INFO - ⏸️ SOLUSDT no entry: 5m entry not ready side=SELL close=85.37 ema20=85.36 momentum=0.00082
2026-04-27 16:49:28,810 - INFO - 📊 Balance=5010.56 | daily=0.00%/10% | trades_today=0
2026-04-27 16:49:31,175 - INFO - 🔎 --- BTCUSDT ---
2026-04-27 16:49:34,591 - INFO - 📈 BTCUSDT | 1m close=77905.90 ema20=77853.52 ema50=77792.39 rsi=52.3 atr=35.61 atr%=0.05 vol=0.05 UP | 5m close=77904.40 ema20=77753.15 ema50=77876.89 rsi=81.9 atr=56.86 atr%=0.07 vol=0.46 UP | 15m close=77904.40 ema20=77927.91 ema50=78171.43 rsi=63.3 atr=141.47 atr%=0.18 vol=1.05 DOWN | 1h close=77766.60 ema20=78185.59 ema50=77999.23 rsi=43.0 atr=539.62 atr%=0.69 vol=0.85 DOWN
2026-04-27 16:49:36,908 - INFO - ⏸️ BTCUSDT no entry: ATR filter fail atr%=0.07
2026-04-27 16:49:36,908 - INFO - 🔎 --- ETHUSDT ---
2026-04-27 16:49:40,252 - INFO - 📈 ETHUSDT | 1m close=2322.00 ema20=2320.18 ema50=2318.52 rsi=50.0 atr=1.89 atr%=0.08 vol=0.51 UP | 5m close=2322.17 ema20=2318.07 ema50=2327.26 rsi=69.8 atr=3.35 atr%=0.14 vol=0.66 UP | 15m close=2322.17 ema20=2330.94 ema50=2346.53 rsi=54.3 atr=6.45 atr%=0.28 vol=0.80 DOWN | 1h close=2315.63 ema20=2348.68 ema50=2340.12 rsi=34.4 atr=21.66 atr%=0.94 vol=1.01 DOWN
2026-04-27 16:49:42,596 - INFO - ⏸️ ETHUSDT no entry: 5m entry not ready side=SELL close=2322.17 ema20=2318.07 momentum=0.00183
2026-04-27 16:49:42,596 - INFO - 🔎 --- SOLUSDT ---
2026-04-27 16:49:46,174 - INFO - 📈 SOLUSDT | 1m close=85.34 ema20=85.33 ema50=85.33 rsi=47.1 atr=0.05 atr%=0.06 vol=1.09 UP | 5m close=85.37 ema20=85.36 ema50=85.70 rsi=60.6 atr=0.13 atr%=0.15 vol=1.95 UP | 15m close=85.37 ema20=85.75 ema50=86.27 rsi=40.6 atr=0.27 atr%=0.32 vol=0.14 DOWN | 1h close=85.38 ema20=86.47 ema50=86.42 rsi=34.0 atr=0.71 atr%=0.83 vol=0.29 DOWN
2026-04-27 16:49:48,407 - INFO - ⏸️ SOLUSDT no entry: 5m entry not ready side=SELL close=85.37 ema20=85.36 momentum=0.00082
2026-04-27 16:50:19,135 - INFO - 📊 Balance=5010.56 | daily=0.00%/10% | trades_today=0
2026-04-27 16:50:21,492 - INFO - 🔎 --- BTCUSDT ---
2026-04-27 16:50:24,981 - INFO - 📈 BTCUSDT | 1m close=77880.40 ema20=77856.08 ema50=77795.88 rsi=55.3 atr=34.71 atr%=0.04 vol=0.48 UP | 5m close=77880.40 ema20=77765.27 ema50=77877.03 rsi=77.0 atr=53.71 atr%=0.07 vol=0.35 UP | 15m close=77904.40 ema20=77927.91 ema50=78171.43 rsi=63.3 atr=141.47 atr%=0.18 vol=1.05 DOWN | 1h close=77766.60 ema20=78185.59 ema50=77999.23 rsi=43.0 atr=539.62 atr%=0.69 vol=0.85 DOWN
2026-04-27 16:50:27,180 - INFO - ⏸️ BTCUSDT no entry: ATR filter fail atr%=0.07
2026-04-27 16:50:27,180 - INFO - 🔎 --- ETHUSDT ---
2026-04-27 16:50:31,937 - INFO - 📈 ETHUSDT | 1m close=2320.91 ema20=2320.25 ema50=2318.61 rsi=47.7 atr=1.98 atr%=0.09 vol=2.72 UP | 5m close=2320.91 ema20=2318.34 ema50=2327.01 rsi=66.0 atr=3.20 atr%=0.14 vol=0.81 UP | 15m close=2322.17 ema20=2330.94 ema50=2346.53 rsi=54.3 atr=6.45 atr%=0.28 vol=0.80 DOWN | 1h close=2315.63 ema20=2348.68 ema50=2340.12 rsi=34.4 atr=21.66 atr%=0.94 vol=1.01 DOWN
2026-04-27 16:50:35,981 - INFO - ⏸️ ETHUSDT no entry: 5m entry not ready side=SELL close=2320.91 ema20=2318.34 momentum=-0.00054
2026-04-27 16:50:35,981 - INFO - 🔎 --- SOLUSDT ---
2026-04-27 16:50:41,730 - INFO - 📈 SOLUSDT | 1m close=85.39 ema20=85.33 ema50=85.33 rsi=55.3 atr=0.05 atr%=0.06 vol=0.06 UP | 5m close=85.39 ema20=85.36 ema50=85.69 rsi=61.1 atr=0.13 atr%=0.15 vol=1.13 UP | 15m close=85.37 ema20=85.75 ema50=86.27 rsi=40.6 atr=0.27 atr%=0.32 vol=0.14 DOWN | 1h close=85.38 ema20=86.47 ema50=86.42 rsi=34.0 atr=0.71 atr%=0.83 vol=0.29 DOWN
2026-04-27 16:50:45,594 - INFO - ⏸️ SOLUSDT no entry: 5m entry not ready side=SELL close=85.39 ema20=85.36 momentum=0.00023
2026-04-27 16:51:18,533 - INFO - 📊 Balance=5010.56 | daily=0.00%/10% | trades_today=0
2026-04-27 16:51:20,992 - INFO - 🔎 --- BTCUSDT ---
2026-04-27 16:51:25,748 - INFO - 📈 BTCUSDT | 1m close=77878.90 ema20=77858.26 ema50=77799.10 rsi=53.4 atr=33.72 atr%=0.04 vol=0.02 UP | 5m close=77880.40 ema20=77765.27 ema50=77877.03 rsi=77.0 atr=53.71 atr%=0.07 vol=0.35 UP | 15m close=77904.40 ema20=77927.91 ema50=78171.43 rsi=63.3 atr=141.47 atr%=0.18 vol=1.05 DOWN | 1h close=77766.60 ema20=78185.59 ema50=77999.23 rsi=43.0 atr=539.62 atr%=0.69 vol=0.85 DOWN
2026-04-27 16:51:28,017 - INFO - ⏸️ BTCUSDT no entry: ATR filter fail atr%=0.07
2026-04-27 16:51:28,018 - INFO - 🔎 --- ETHUSDT ---
2026-04-27 16:51:34,208 - INFO - 📈 ETHUSDT | 1m close=2321.70 ema20=2320.39 ema50=2318.73 rsi=50.0 atr=2.02 atr%=0.09 vol=0.42 UP | 5m close=2320.91 ema20=2318.34 ema50=2327.01 rsi=66.0 atr=3.20 atr%=0.14 vol=0.81 UP | 15m close=2322.17 ema20=2330.94 ema50=2346.53 rsi=54.3 atr=6.45 atr%=0.28 vol=0.80 DOWN | 1h close=2315.63 ema20=2348.68 ema50=2340.12 rsi=34.4 atr=21.66 atr%=0.94 vol=1.01 DOWN
2026-04-27 16:51:36,828 - INFO - ⏸️ ETHUSDT no entry: 5m entry not ready side=SELL close=2320.91 ema20=2318.34 momentum=-0.00054
2026-04-27 16:51:36,829 - INFO - 🔎 --- SOLUSDT ---
2026-04-27 16:51:41,867 - INFO - 📈 SOLUSDT | 1m close=85.33 ema20=85.33 ema50=85.33 rsi=47.7 atr=0.06 atr%=0.07 vol=0.46 DOWN | 5m close=85.39 ema20=85.36 ema50=85.69 rsi=61.1 atr=0.13 atr%=0.15 vol=1.13 UP | 15m close=85.37 ema20=85.75 ema50=86.27 rsi=40.6 atr=0.27 atr%=0.32 vol=0.14 DOWN | 1h close=85.38 ema20=86.47 ema50=86.42 rsi=34.0 atr=0.71 atr%=0.83 vol=0.29 DOWN
2026-04-27 16:51:44,141 - INFO - ⏸️ SOLUSDT no entry: 5m entry not ready side=SELL close=85.39 ema20=85.36 momentum=0.00023
2026-04-27 16:52:15,144 - INFO - 📊 Balance=5010.56 | daily=0.00%/10% | trades_today=0
2026-04-27 16:52:18,972 - INFO - 🔎 --- BTCUSDT ---
2026-04-27 16:52:22,343 - INFO - 📈 BTCUSDT | 1m close=77875.30 ema20=77859.88 ema50=77802.09 rsi=57.2 atr=32.79 atr%=0.04 vol=0.84 UP | 5m close=77880.40 ema20=77765.27 ema50=77877.03 rsi=77.0 atr=53.71 atr%=0.07 vol=0.35 UP | 15m close=77904.40 ema20=77927.91 ema50=78171.43 rsi=63.3 atr=141.47 atr%=0.18 vol=1.05 DOWN | 1h close=77766.60 ema20=78185.59 ema50=77999.23 rsi=43.0 atr=539.62 atr%=0.69 vol=0.85 DOWN
2026-04-27 16:52:25,737 - INFO - ⏸️ BTCUSDT no entry: ATR filter fail atr%=0.07
2026-04-27 16:52:25,738 - INFO - 🔎 --- ETHUSDT ---
2026-04-27 16:52:28,995 - INFO - 📈 ETHUSDT | 1m close=2321.67 ema20=2320.51 ema50=2318.85 rsi=50.6 atr=2.04 atr%=0.09 vol=1.08 UP | 5m close=2320.91 ema20=2318.34 ema50=2327.01 rsi=66.0 atr=3.20 atr%=0.14 vol=0.81 UP | 15m close=2322.17 ema20=2330.94 ema50=2346.53 rsi=54.3 atr=6.45 atr%=0.28 vol=0.80 DOWN | 1h close=2315.63 ema20=2348.68 ema50=2340.12 rsi=34.4 atr=21.66 atr%=0.94 vol=1.01 DOWN
2026-04-27 16:52:31,255 - INFO - ⏸️ ETHUSDT no entry: 5m entry not ready side=SELL close=2320.91 ema20=2318.34 momentum=-0.00054
2026-04-27 16:52:31,255 - INFO - 🔎 --- SOLUSDT ---
2026-04-27 16:52:34,300 - INFO - 📈 SOLUSDT | 1m close=85.34 ema20=85.33 ema50=85.33 rsi=50.0 atr=0.05 atr%=0.06 vol=0.16 UP | 5m close=85.39 ema20=85.36 ema50=85.69 rsi=61.1 atr=0.13 atr%=0.15 vol=1.13 UP | 15m close=85.37 ema20=85.75 ema50=86.27 rsi=40.6 atr=0.27 atr%=0.32 vol=0.14 DOWN | 1h close=85.38 ema20=86.47 ema50=86.42 rsi=34.0 atr=0.71 atr%=0.83 vol=0.29 DOWN
2026-04-27 16:52:36,516 - INFO - ⏸️ SOLUSDT no entry: 5m entry not ready side=SELL close=85.39 ema20=85.36 momentum=0.00023
2026-04-27 16:53:07,251 - INFO - 📊 Balance=5010.56 | daily=0.00%/10% | trades_today=0
2026-04-27 16:53:10,291 - INFO - 🔎 --- BTCUSDT ---
2026-04-27 16:53:13,719 - INFO - 📈 BTCUSDT | 1m close=77875.30 ema20=77861.35 ema50=77805.00 rsi=52.7 atr=29.59 atr%=0.04 vol=0.34 UP | 5m close=77880.40 ema20=77765.27 ema50=77877.03 rsi=77.0 atr=53.71 atr%=0.07 vol=0.35 UP | 15m close=77904.40 ema20=77927.91 ema50=78171.43 rsi=63.3 atr=141.47 atr%=0.18 vol=1.05 DOWN | 1h close=77766.60 ema20=78185.59 ema50=77999.23 rsi=43.0 atr=539.62 atr%=0.69 vol=0.85 DOWN
2026-04-27 16:53:15,977 - INFO - ⏸️ BTCUSDT no entry: ATR filter fail atr%=0.07
2026-04-27 16:53:15,978 - INFO - 🔎 --- ETHUSDT ---
2026-04-27 16:53:19,309 - INFO - 📈 ETHUSDT | 1m close=2321.71 ema20=2320.63 ema50=2318.96 rsi=63.2 atr=1.85 atr%=0.08 vol=0.03 UP | 5m close=2320.91 ema20=2318.34 ema50=2327.01 rsi=66.0 atr=3.20 atr%=0.14 vol=0.81 UP | 15m close=2322.17 ema20=2330.94 ema50=2346.53 rsi=54.3 atr=6.45 atr%=0.28 vol=0.80 DOWN | 1h close=2315.63 ema20=2348.68 ema50=2340.12 rsi=34.4 atr=21.66 atr%=0.94 vol=1.01 DOWN
2026-04-27 16:53:22,649 - INFO - ⏸️ ETHUSDT no entry: 5m entry not ready side=SELL close=2320.91 ema20=2318.34 momentum=-0.00054
2026-04-27 16:53:22,649 - INFO - 🔎 --- SOLUSDT ---
2026-04-27 16:53:25,755 - INFO - 📈 SOLUSDT | 1m close=85.39 ema20=85.34 ema50=85.33 rsi=61.4 atr=0.06 atr%=0.07 vol=0.69 UP | 5m close=85.39 ema20=85.36 ema50=85.69 rsi=61.1 atr=0.13 atr%=0.15 vol=1.13 UP | 15m close=85.37 ema20=85.75 ema50=86.27 rsi=40.6 atr=0.27 atr%=0.32 vol=0.14 DOWN | 1h close=85.38 ema20=86.47 ema50=86.42 rsi=34.0 atr=0.71 atr%=0.83 vol=0.29 DOWN
2026-04-27 16:53:28,040 - INFO - ⏸️ SOLUSDT no entry: 5m entry not ready side=SELL close=85.39 ema20=85.36 momentum=0.00023
2026-04-27 16:54:09,098 - WARNING - 💥 Loop error: HTTPSConnectionPool(host='demo-fapi.binance.com', port=443): Max retries exceeded with url: /fapi/v2/balance?timestamp=1777283637972&recvWindow=10000&signature=2a79f9c84afdf97fd0dd217e234bd78468ee5f5124ba6bed4ef616587bfda7e7 (Caused by NameResolutionError("HTTPSConnection(host='demo-fapi.binance.com', port=443): Failed to resolve 'demo-fapi.binance.com' ([Errno 11001] getaddrinfo failed)"))
2026-04-27 16:54:40,468 - INFO - 📊 Balance=5010.56 | daily=0.00%/10% | trades_today=0
2026-04-27 16:54:42,878 - INFO - 🔎 --- BTCUSDT ---
2026-04-27 16:54:46,455 - INFO - 📈 BTCUSDT | 1m close=77875.30 ema20=77862.68 ema50=77807.72 rsi=53.3 atr=30.51 atr%=0.04 vol=0.01 UP | 5m close=77880.40 ema20=77765.27 ema50=77877.03 rsi=77.0 atr=53.71 atr%=0.07 vol=0.35 UP | 15m close=77904.40 ema20=77927.91 ema50=78171.43 rsi=63.3 atr=141.47 atr%=0.18 vol=1.05 DOWN | 1h close=77766.60 ema20=78185.59 ema50=77999.23 rsi=43.0 atr=539.62 atr%=0.69 vol=0.85 DOWN
2026-04-27 16:54:50,201 - INFO - ⏸️ BTCUSDT no entry: ATR filter fail atr%=0.07
2026-04-27 16:54:50,201 - INFO - 🔎 --- ETHUSDT ---
2026-04-27 16:54:55,285 - INFO - 📈 ETHUSDT | 1m close=2321.97 ema20=2320.75 ema50=2319.08 rsi=64.2 atr=1.70 atr%=0.07 vol=0.00 UP | 5m close=2320.91 ema20=2318.34 ema50=2327.01 rsi=66.0 atr=3.20 atr%=0.14 vol=0.81 UP | 15m close=2322.17 ema20=2330.94 ema50=2346.53 rsi=54.3 atr=6.45 atr%=0.28 vol=0.80 DOWN | 1h close=2315.63 ema20=2348.68 ema50=2340.12 rsi=34.4 atr=21.66 atr%=0.94 vol=1.01 DOWN
2026-04-27 16:54:57,771 - INFO - ⏸️ ETHUSDT no entry: 5m entry not ready side=SELL close=2320.91 ema20=2318.34 momentum=-0.00054
2026-04-27 16:54:57,772 - INFO - 🔎 --- SOLUSDT ---
2026-04-27 16:55:02,350 - INFO - 📈 SOLUSDT | 1m close=85.38 ema20=85.34 ema50=85.33 rsi=59.1 atr=0.06 atr%=0.07 vol=1.69 UP | 5m close=85.39 ema20=85.36 ema50=85.69 rsi=61.1 atr=0.13 atr%=0.15 vol=1.13 UP | 15m close=85.37 ema20=85.75 ema50=86.27 rsi=40.6 atr=0.27 atr%=0.32 vol=0.14 DOWN | 1h close=85.38 ema20=86.47 ema50=86.42 rsi=34.0 atr=0.71 atr%=0.83 vol=0.29 DOWN
2026-04-27 16:55:06,251 - INFO - ⏸️ SOLUSDT no entry: 5m entry not ready side=SELL close=85.39 ema20=85.36 momentum=0.00023
2026-04-27 16:55:36,965 - INFO - 📊 Balance=5010.56 | daily=0.00%/10% | trades_today=0
2026-04-27 16:55:40,657 - INFO - 🔎 --- BTCUSDT ---
2026-04-27 16:55:44,642 - INFO - 📈 BTCUSDT | 1m close=77906.80 ema20=77866.88 ema50=77811.63 rsi=58.4 atr=31.89 atr%=0.04 vol=0.99 UP | 5m close=77906.80 ema20=77778.75 ema50=77878.20 rsi=78.8 atr=55.15 atr%=0.07 vol=0.49 UP | 15m close=77904.40 ema20=77927.91 ema50=78171.43 rsi=63.3 atr=141.47 atr%=0.18 vol=1.05 DOWN | 1h close=77766.60 ema20=78185.59 ema50=77999.23 rsi=43.0 atr=539.62 atr%=0.69 vol=0.85 DOWN
2026-04-27 16:55:46,893 - INFO - ⏸️ BTCUSDT no entry: ATR filter fail atr%=0.07
2026-04-27 16:55:46,893 - INFO - 🔎 --- ETHUSDT ---
2026-04-27 16:55:51,007 - INFO - 📈 ETHUSDT | 1m close=2322.00 ema20=2320.87 ema50=2319.19 rsi=63.3 atr=1.77 atr%=0.08 vol=0.01 UP | 5m close=2322.00 ema20=2318.69 ema50=2326.81 rsi=68.2 atr=3.19 atr%=0.14 vol=0.31 UP | 15m close=2322.17 ema20=2330.94 ema50=2346.53 rsi=54.3 atr=6.45 atr%=0.28 vol=0.80 DOWN | 1h close=2315.63 ema20=2348.68 ema50=2340.12 rsi=34.4 atr=21.66 atr%=0.94 vol=1.01 DOWN
2026-04-27 16:55:53,255 - INFO - ⏸️ ETHUSDT no entry: 5m entry not ready side=SELL close=2322.00 ema20=2318.69 momentum=0.00047
2026-04-27 16:55:53,255 - INFO - 🔎 --- SOLUSDT ---
2026-04-27 16:55:57,137 - INFO - 📈 SOLUSDT | 1m close=85.34 ema20=85.34 ema50=85.33 rsi=52.2 atr=0.07 atr%=0.08 vol=1.37 DOWN | 5m close=85.34 ema20=85.36 ema50=85.68 rsi=57.6 atr=0.13 atr%=0.15 vol=0.92 DOWN | 15m close=85.37 ema20=85.75 ema50=86.27 rsi=40.6 atr=0.27 atr%=0.32 vol=0.14 DOWN | 1h close=85.38 ema20=86.47 ema50=86.42 rsi=34.0 atr=0.71 atr%=0.83 vol=0.29 DOWN
2026-04-27 16:56:00,934 - INFO - ✅ SOLUSDT SIGNAL SELL score=75 type=reclaim entry=85.34 sl=85.50 tp=85.03
2026-04-27 16:56:06,471 - INFO - 🚀 OPEN SOLUSDT SELL qty=186.02 score=75 type=reclaim entry~85.34 sl=85.50 tp=85.03
2026-04-27 16:56:07,404 - WARNING - 💥 Loop error: Binance error 400: {'code': -2019, 'msg': 'Margin is insufficient.'}
2026-04-27 16:56:38,157 - INFO - 📊 Balance=5010.56 | daily=0.00%/10% | trades_today=0
2026-04-27 16:56:40,412 - INFO - 🔎 --- BTCUSDT ---
2026-04-27 16:56:43,795 - INFO - 📈 BTCUSDT | 1m close=77918.40 ema20=77871.79 ema50=77815.79 rsi=54.5 atr=28.43 atr%=0.04 vol=1.55 UP | 5m close=77906.80 ema20=77778.75 ema50=77878.20 rsi=78.8 atr=55.15 atr%=0.07 vol=0.49 UP | 15m close=77904.40 ema20=77927.91 ema50=78171.43 rsi=63.3 atr=141.47 atr%=0.18 vol=1.05 DOWN | 1h close=77766.60 ema20=78185.59 ema50=77999.23 rsi=43.0 atr=539.62 atr%=0.69 vol=0.85 DOWN
2026-04-27 16:56:47,348 - INFO - ⏸️ BTCUSDT no entry: ATR filter fail atr%=0.07
2026-04-27 16:56:47,348 - INFO - 🔎 --- ETHUSDT ---
2026-04-27 16:56:53,401 - INFO - 📈 ETHUSDT | 1m close=2322.00 ema20=2320.98 ema50=2319.30 rsi=52.8 atr=1.61 atr%=0.07 vol=0.00 UP | 5m close=2322.00 ema20=2318.69 ema50=2326.81 rsi=68.2 atr=3.19 atr%=0.14 vol=0.31 UP | 15m close=2322.17 ema20=2330.94 ema50=2346.53 rsi=54.3 atr=6.45 atr%=0.28 vol=0.80 DOWN | 1h close=2315.63 ema20=2348.68 ema50=2340.12 rsi=34.4 atr=21.66 atr%=0.94 vol=1.01 DOWN
2026-04-27 16:56:55,737 - INFO - ⏸️ ETHUSDT no entry: 5m entry not ready side=SELL close=2322.00 ema20=2318.69 momentum=0.00047
2026-04-27 16:56:55,738 - INFO - 🔎 --- SOLUSDT ---
2026-04-27 16:57:00,209 - INFO - 📈 SOLUSDT | 1m close=85.34 ema20=85.34 ema50=85.33 rsi=51.1 atr=0.07 atr%=0.09 vol=1.42 DOWN | 5m close=85.34 ema20=85.36 ema50=85.68 rsi=57.6 atr=0.13 atr%=0.15 vol=0.92 DOWN | 15m close=85.37 ema20=85.75 ema50=86.27 rsi=40.6 atr=0.27 atr%=0.32 vol=0.14 DOWN | 1h close=85.38 ema20=86.47 ema50=86.42 rsi=34.0 atr=0.71 atr%=0.83 vol=0.29 DOWN
2026-04-27 16:57:02,512 - INFO - ✅ SOLUSDT SIGNAL SELL score=75 type=reclaim entry=85.34 sl=85.50 tp=85.03
2026-04-27 16:57:10,965 - INFO - 🚀 OPEN SOLUSDT SELL qty=186.02 score=75 type=reclaim entry~85.34 sl=85.50 tp=85.03
2026-04-27 16:57:12,215 - WARNING - 💥 Loop error: Binance error 400: {'code': -2019, 'msg': 'Margin is insufficient.'}
2026-04-27 16:57:42,977 - INFO - 📊 Balance=5010.56 | daily=0.00%/10% | trades_today=0
2026-04-27 16:57:45,266 - INFO - 🔎 --- BTCUSDT ---
2026-04-27 16:57:48,737 - INFO - 📈 BTCUSDT | 1m close=77906.80 ema20=77875.12 ema50=77819.36 rsi=54.2 atr=24.97 atr%=0.03 vol=0.02 UP | 5m close=77906.80 ema20=77778.75 ema50=77878.20 rsi=78.8 atr=55.15 atr%=0.07 vol=0.49 UP | 15m close=77904.40 ema20=77927.91 ema50=78171.43 rsi=63.3 atr=141.47 atr%=0.18 vol=1.05 DOWN | 1h close=77766.60 ema20=78185.59 ema50=77999.23 rsi=43.0 atr=539.62 atr%=0.69 vol=0.85 DOWN
2026-04-27 16:57:53,485 - INFO - ⏸️ BTCUSDT no entry: ATR filter fail atr%=0.07
2026-04-27 16:57:53,485 - INFO - 🔎 --- ETHUSDT ---
2026-04-27 16:57:56,679 - INFO - 📈 ETHUSDT | 1m close=2322.75 ema20=2321.15 ema50=2319.44 rsi=80.3 atr=1.45 atr%=0.06 vol=4.14 UP | 5m close=2322.00 ema20=2318.69 ema50=2326.81 rsi=68.2 atr=3.19 atr%=0.14 vol=0.31 UP | 15m close=2322.17 ema20=2330.94 ema50=2346.53 rsi=54.3 atr=6.45 atr%=0.28 vol=0.80 DOWN | 1h close=2315.63 ema20=2348.68 ema50=2340.12 rsi=34.4 atr=21.66 atr%=0.94 vol=1.01 DOWN
2026-04-27 16:57:58,894 - INFO - ⏸️ ETHUSDT no entry: 5m entry not ready side=SELL close=2322.00 ema20=2318.69 momentum=0.00047
2026-04-27 16:57:58,895 - INFO - 🔎 --- SOLUSDT ---
2026-04-27 16:58:03,387 - INFO - 📈 SOLUSDT | 1m close=85.47 ema20=85.35 ema50=85.34 rsi=61.4 atr=0.09 atr%=0.10 vol=0.30 UP | 5m close=85.34 ema20=85.36 ema50=85.68 rsi=57.6 atr=0.13 atr%=0.15 vol=0.92 DOWN | 15m close=85.37 ema20=85.75 ema50=86.27 rsi=40.6 atr=0.27 atr%=0.32 vol=0.14 DOWN | 1h close=85.38 ema20=86.47 ema50=86.42 rsi=34.0 atr=0.71 atr%=0.83 vol=0.29 DOWN
2026-04-27 16:58:05,567 - INFO - ✅ SOLUSDT SIGNAL SELL score=75 type=reclaim entry=85.34 sl=85.50 tp=85.03
2026-04-27 16:58:10,963 - INFO - 🚀 OPEN SOLUSDT SELL qty=186.02 score=75 type=reclaim entry~85.34 sl=85.50 tp=85.03
2026-04-27 16:58:11,731 - WARNING - 💥 Loop error: Binance error 400: {'code': -2019, 'msg': 'Margin is insufficient.'}
2026-04-27 16:58:42,452 - INFO - 📊 Balance=5010.56 | daily=0.00%/10% | trades_today=0
2026-04-27 16:58:44,675 - INFO - 🔎 --- BTCUSDT ---
2026-04-27 16:58:48,857 - INFO - 📈 BTCUSDT | 1m close=77906.80 ema20=77878.14 ema50=77822.80 rsi=71.4 atr=21.21 atr%=0.03 vol=0.02 UP | 5m close=77906.80 ema20=77778.75 ema50=77878.20 rsi=78.8 atr=55.15 atr%=0.07 vol=0.49 UP | 15m close=77904.40 ema20=77927.91 ema50=78171.43 rsi=63.3 atr=141.47 atr%=0.18 vol=1.05 DOWN | 1h close=77766.60 ema20=78185.59 ema50=77999.23 rsi=43.0 atr=539.62 atr%=0.69 vol=0.85 DOWN
2026-04-27 16:58:51,065 - INFO - ⏸️ BTCUSDT no entry: ATR filter fail atr%=0.07
2026-04-27 16:58:51,066 - INFO - 🔎 --- ETHUSDT ---
2026-04-27 16:58:54,337 - INFO - 📈 ETHUSDT | 1m close=2322.17 ema20=2321.25 ema50=2319.55 rsi=46.4 atr=1.19 atr%=0.05 vol=0.02 UP | 5m close=2322.00 ema20=2318.69 ema50=2326.81 rsi=68.2 atr=3.19 atr%=0.14 vol=0.31 UP | 15m close=2322.17 ema20=2330.94 ema50=2346.53 rsi=54.3 atr=6.45 atr%=0.28 vol=0.80 DOWN | 1h close=2315.63 ema20=2348.68 ema50=2340.12 rsi=34.4 atr=21.66 atr%=0.94 vol=1.01 DOWN
2026-04-27 16:58:56,506 - INFO - ⏸️ ETHUSDT no entry: 5m entry not ready side=SELL close=2322.00 ema20=2318.69 momentum=0.00047
2026-04-27 16:58:56,506 - INFO - 🔎 --- SOLUSDT ---
2026-04-27 16:58:59,508 - INFO - 📈 SOLUSDT | 1m close=85.39 ema20=85.36 ema50=85.34 rsi=55.6 atr=0.10 atr%=0.11 vol=1.43 UP | 5m close=85.34 ema20=85.36 ema50=85.68 rsi=57.6 atr=0.13 atr%=0.15 vol=0.92 DOWN | 15m close=85.37 ema20=85.75 ema50=86.27 rsi=40.6 atr=0.27 atr%=0.32 vol=0.14 DOWN | 1h close=85.38 ema20=86.47 ema50=86.42 rsi=34.0 atr=0.71 atr%=0.83 vol=0.29 DOWN
2026-04-27 16:59:02,209 - INFO - ✅ SOLUSDT SIGNAL SELL score=75 type=reclaim entry=85.34 sl=85.50 tp=85.03
2026-04-27 16:59:07,898 - INFO - 🚀 OPEN SOLUSDT SELL qty=186.02 score=75 type=reclaim entry~85.34 sl=85.50 tp=85.03
2026-04-27 16:59:08,971 - WARNING - 💥 Loop error: Binance error 400: {'code': -2019, 'msg': 'Margin is insufficient.'}
2026-04-27 16:59:39,756 - INFO - 📊 Balance=5010.56 | daily=0.00%/10% | trades_today=0
2026-04-27 16:59:43,187 - INFO - 🔎 --- BTCUSDT ---
2026-04-27 16:59:48,219 - INFO - 📈 BTCUSDT | 1m close=77892.90 ema20=77879.54 ema50=77825.57 rsi=44.6 atr=18.12 atr%=0.02 vol=0.01 UP | 5m close=77906.80 ema20=77778.75 ema50=77878.20 rsi=78.8 atr=55.15 atr%=0.07 vol=0.49 UP | 15m close=77904.40 ema20=77927.91 ema50=78171.43 rsi=63.3 atr=141.47 atr%=0.18 vol=1.05 DOWN | 1h close=77766.60 ema20=78185.59 ema50=77999.23 rsi=43.0 atr=539.62 atr%=0.69 vol=0.85 DOWN
2026-04-27 16:59:50,329 - INFO - ⏸️ BTCUSDT no entry: ATR filter fail atr%=0.07
2026-04-27 16:59:50,329 - INFO - 🔎 --- ETHUSDT ---
2026-04-27 16:59:53,614 - INFO - 📈 ETHUSDT | 1m close=2321.66 ema20=2321.28 ema50=2319.63 rsi=44.0 atr=1.28 atr%=0.06 vol=0.84 UP | 5m close=2322.00 ema20=2318.69 ema50=2326.81 rsi=68.2 atr=3.19 atr%=0.14 vol=0.31 UP | 15m close=2322.17 ema20=2330.94 ema50=2346.53 rsi=54.3 atr=6.45 atr%=0.28 vol=0.80 DOWN | 1h close=2315.63 ema20=2348.68 ema50=2340.12 rsi=34.4 atr=21.66 atr%=0.94 vol=1.01 DOWN
2026-04-27 16:59:56,612 - INFO - ⏸️ ETHUSDT no entry: 5m entry not ready side=SELL close=2322.00 ema20=2318.69 momentum=0.00047
2026-04-27 16:59:56,613 - INFO - 🔎 --- SOLUSDT ---
2026-04-27 17:00:00,694 - INFO - 📈 SOLUSDT | 1m close=85.35 ema20=85.36 ema50=85.34 rsi=48.4 atr=0.10 atr%=0.12 vol=0.43 DOWN | 5m close=85.34 ema20=85.36 ema50=85.68 rsi=57.6 atr=0.13 atr%=0.15 vol=0.92 DOWN | 15m close=85.37 ema20=85.75 ema50=86.27 rsi=40.6 atr=0.27 atr%=0.32 vol=0.14 DOWN | 1h close=85.38 ema20=86.47 ema50=86.42 rsi=34.0 atr=0.71 atr%=0.83 vol=0.29 DOWN
2026-04-27 17:00:02,898 - INFO - ✅ SOLUSDT SIGNAL SELL score=75 type=reclaim entry=85.34 sl=85.50 tp=85.03
2026-04-27 17:00:08,618 - INFO - 🚀 OPEN SOLUSDT SELL qty=186.02 score=75 type=reclaim entry~85.34 sl=85.50 tp=85.03
2026-04-27 17:00:09,317 - WARNING - 💥 Loop error: Binance error 400: {'code': -2019, 'msg': 'Margin is insufficient.'}
2026-04-27 17:00:40,014 - INFO - 📊 Balance=5010.56 | daily=0.00%/10% | trades_today=0
2026-04-27 17:00:43,046 - INFO - 🔎 --- BTCUSDT ---
2026-04-27 17:00:46,375 - INFO - 📈 BTCUSDT | 1m close=77905.90 ema20=77882.05 ema50=77828.72 rsi=50.0 atr=19.86 atr%=0.03 vol=3.59 UP | 5m close=77905.90 ema20=77790.86 ema50=77879.29 rsi=74.5 atr=49.83 atr%=0.06 vol=0.56 UP | 15m close=77905.90 ema20=77925.81 ema50=78161.02 rsi=65.2 atr=89.66 atr%=0.12 vol=0.29 DOWN | 1h close=77905.90 ema20=78158.95 ema50=77995.56 rsi=45.9 atr=531.23 atr%=0.68 vol=0.60 DOWN
2026-04-27 17:00:48,545 - INFO - ⏸️ BTCUSDT no entry: ATR filter fail atr%=0.06
2026-04-27 17:00:48,545 - INFO - 🔎 --- ETHUSDT ---
2026-04-27 17:00:51,721 - INFO - 📈 ETHUSDT | 1m close=2320.72 ema20=2321.23 ema50=2319.67 rsi=36.0 atr=1.33 atr%=0.06 vol=1.27 DOWN | 5m close=2320.72 ema20=2318.88 ema50=2326.57 rsi=66.0 atr=3.10 atr%=0.13 vol=1.03 UP | 15m close=2320.72 ema20=2329.97 ema50=2345.52 rsi=42.4 atr=5.15 atr%=0.22 vol=0.57 DOWN | 1h close=2320.72 ema20=2346.02 ema50=2339.36 rsi=35.1 atr=21.38 atr%=0.92 vol=0.93 DOWN
2026-04-27 17:00:53,895 - INFO - ⏸️ ETHUSDT no entry: 5m entry not ready side=SELL close=2320.72 ema20=2318.88 momentum=-0.00055
2026-04-27 17:00:53,895 - INFO - 🔎 --- SOLUSDT ---
2026-04-27 17:00:57,078 - INFO - 📈 SOLUSDT | 1m close=85.41 ema20=85.36 ema50=85.34 rsi=52.2 atr=0.11 atr%=0.12 vol=0.29 UP | 5m close=85.41 ema20=85.37 ema50=85.66 rsi=56.7 atr=0.14 atr%=0.16 vol=0.87 UP | 15m close=85.41 ema20=85.72 ema50=86.24 rsi=41.5 atr=0.26 atr%=0.31 vol=0.15 DOWN | 1h close=85.41 ema20=86.37 ema50=86.38 rsi=34.0 atr=0.71 atr%=0.83 vol=0.43 DOWN
2026-04-27 17:00:59,340 - INFO - ⏸️ SOLUSDT no entry: 5m entry not ready side=SELL close=85.41 ema20=85.37 momentum=0.00082
2026-04-27 17:01:30,129 - INFO - 📊 Balance=5010.56 | daily=0.00%/10% | trades_today=0
2026-04-27 17:01:32,428 - INFO - 🔎 --- BTCUSDT ---
2026-04-27 17:01:36,127 - INFO - 📈 BTCUSDT | 1m close=77886.40 ema20=77882.47 ema50=77830.95 rsi=43.7 atr=21.28 atr%=0.03 vol=0.18 UP | 5m close=77905.90 ema20=77790.86 ema50=77879.29 rsi=74.5 atr=49.83 atr%=0.06 vol=0.56 UP | 15m close=77905.90 ema20=77925.81 ema50=78161.02 rsi=65.2 atr=89.66 atr%=0.12 vol=0.29 DOWN | 1h close=77905.90 ema20=78158.95 ema50=77995.56 rsi=45.9 atr=531.23 atr%=0.68 vol=0.60 DOWN
2026-04-27 17:01:38,336 - INFO - ⏸️ BTCUSDT no entry: ATR filter fail atr%=0.06
2026-04-27 17:01:38,337 - INFO - 🔎 --- ETHUSDT ---
2026-04-27 17:01:41,650 - INFO - 📈 ETHUSDT | 1m close=2320.57 ema20=2321.17 ema50=2319.71 rsi=35.0 atr=1.38 atr%=0.06 vol=2.16 DOWN | 5m close=2320.72 ema20=2318.88 ema50=2326.57 rsi=66.0 atr=3.10 atr%=0.13 vol=1.03 UP | 15m close=2320.72 ema20=2329.97 ema50=2345.52 rsi=42.4 atr=5.15 atr%=0.22 vol=0.57 DOWN | 1h close=2320.72 ema20=2346.02 ema50=2339.36 rsi=35.1 atr=21.38 atr%=0.92 vol=0.93 DOWN
2026-04-27 17:01:44,378 - INFO - ⏸️ ETHUSDT no entry: 5m entry not ready side=SELL close=2320.72 ema20=2318.88 momentum=-0.00055
2026-04-27 17:01:44,378 - INFO - 🔎 --- SOLUSDT ---
2026-04-27 17:01:47,433 - INFO - 📈 SOLUSDT | 1m close=85.34 ema20=85.36 ema50=85.34 rsi=50.0 atr=0.11 atr%=0.12 vol=0.22 DOWN | 5m close=85.41 ema20=85.37 ema50=85.66 rsi=56.7 atr=0.14 atr%=0.16 vol=0.87 UP | 15m close=85.41 ema20=85.72 ema50=86.24 rsi=41.5 atr=0.26 atr%=0.31 vol=0.15 DOWN | 1h close=85.41 ema20=86.37 ema50=86.38 rsi=34.0 atr=0.71 atr%=0.83 vol=0.43 DOWN
2026-04-27 17:01:49,761 - INFO - ⏸️ SOLUSDT no entry: 5m entry not ready side=SELL close=85.41 ema20=85.37 momentum=0.00082
2026-04-27 17:02:20,473 - INFO - 📊 Balance=5010.56 | daily=0.00%/10% | trades_today=0
2026-04-27 17:02:23,140 - INFO - 🔎 --- BTCUSDT ---
2026-04-27 17:02:29,364 - INFO - 📈 BTCUSDT | 1m close=77884.40 ema20=77882.65 ema50=77833.04 rsi=43.1 atr=22.69 atr%=0.03 vol=0.12 UP | 5m close=77905.90 ema20=77790.86 ema50=77879.29 rsi=74.5 atr=49.83 atr%=0.06 vol=0.56 UP | 15m close=77905.90 ema20=77925.81 ema50=78161.02 rsi=65.2 atr=89.66 atr%=0.12 vol=0.29 DOWN | 1h close=77905.90 ema20=78158.95 ema50=77995.56 rsi=45.9 atr=531.23 atr%=0.68 vol=0.60 DOWN
2026-04-27 17:02:32,182 - INFO - ⏸️ BTCUSDT no entry: ATR filter fail atr%=0.06
2026-04-27 17:02:32,182 - INFO - 🔎 --- ETHUSDT ---
2026-04-27 17:02:36,162 - INFO - 📈 ETHUSDT | 1m close=2322.00 ema20=2321.25 ema50=2319.80 rsi=48.7 atr=1.42 atr%=0.06 vol=0.00 UP | 5m close=2320.72 ema20=2318.88 ema50=2326.57 rsi=66.0 atr=3.10 atr%=0.13 vol=1.03 UP | 15m close=2320.72 ema20=2329.97 ema50=2345.52 rsi=42.4 atr=5.15 atr%=0.22 vol=0.57 DOWN | 1h close=2320.72 ema20=2346.02 ema50=2339.36 rsi=35.1 atr=21.38 atr%=0.92 vol=0.93 DOWN
2026-04-27 17:02:38,863 - INFO - ⏸️ ETHUSDT no entry: 5m entry not ready side=SELL close=2320.72 ema20=2318.88 momentum=-0.00055
2026-04-27 17:02:38,863 - INFO - 🔎 --- SOLUSDT ---
2026-04-27 17:02:44,196 - INFO - 📈 SOLUSDT | 1m close=85.33 ema20=85.36 ema50=85.34 rsi=45.5 atr=0.11 atr%=0.12 vol=0.68 DOWN | 5m close=85.41 ema20=85.37 ema50=85.66 rsi=56.7 atr=0.14 atr%=0.16 vol=0.87 UP | 15m close=85.41 ema20=85.72 ema50=86.24 rsi=41.5 atr=0.26 atr%=0.31 vol=0.15 DOWN | 1h close=85.41 ema20=86.37 ema50=86.38 rsi=34.0 atr=0.71 atr%=0.83 vol=0.43 DOWN
2026-04-27 17:02:47,821 - INFO - ⏸️ SOLUSDT no entry: 5m entry not ready side=SELL close=85.41 ema20=85.37 momentum=0.00082
2026-04-27 17:03:18,552 - INFO - 📊 Balance=5010.56 | daily=0.00%/10% | trades_today=0
2026-04-27 17:03:20,760 - INFO - 🔎 --- BTCUSDT ---
2026-04-27 17:03:23,991 - INFO - 📈 BTCUSDT | 1m close=77879.30 ema20=77882.33 ema50=77834.86 rsi=40.4 atr=24.26 atr%=0.03 vol=4.81 DOWN | 5m close=77905.90 ema20=77790.86 ema50=77879.29 rsi=74.5 atr=49.83 atr%=0.06 vol=0.56 UP | 15m close=77905.90 ema20=77925.81 ema50=78161.02 rsi=65.2 atr=89.66 atr%=0.12 vol=0.29 DOWN | 1h close=77905.90 ema20=78158.95 ema50=77995.56 rsi=45.9 atr=531.23 atr%=0.68 vol=0.60 DOWN
2026-04-27 17:03:26,854 - INFO - ⏸️ BTCUSDT no entry: ATR filter fail atr%=0.06
2026-04-27 17:03:26,854 - INFO - 🔎 --- ETHUSDT ---
2026-04-27 17:03:30,133 - INFO - 📈 ETHUSDT | 1m close=2321.88 ema20=2321.31 ema50=2319.88 rsi=49.1 atr=1.42 atr%=0.06 vol=0.12 UP | 5m close=2320.72 ema20=2318.88 ema50=2326.57 rsi=66.0 atr=3.10 atr%=0.13 vol=1.03 UP | 15m close=2320.72 ema20=2329.97 ema50=2345.52 rsi=42.4 atr=5.15 atr%=0.22 vol=0.57 DOWN | 1h close=2320.72 ema20=2346.02 ema50=2339.36 rsi=35.1 atr=21.38 atr%=0.92 vol=0.93 DOWN
2026-04-27 17:03:32,273 - INFO - ⏸️ ETHUSDT no entry: 5m entry not ready side=SELL close=2320.72 ema20=2318.88 momentum=-0.00055
2026-04-27 17:03:32,273 - INFO - 🔎 --- SOLUSDT ---
2026-04-27 17:03:35,308 - INFO - 📈 SOLUSDT | 1m close=85.38 ema20=85.36 ema50=85.34 rsi=53.0 atr=0.11 atr%=0.13 vol=1.19 UP | 5m close=85.41 ema20=85.37 ema50=85.66 rsi=56.7 atr=0.14 atr%=0.16 vol=0.87 UP | 15m close=85.41 ema20=85.72 ema50=86.24 rsi=41.5 atr=0.26 atr%=0.31 vol=0.15 DOWN | 1h close=85.41 ema20=86.37 ema50=86.38 rsi=34.0 atr=0.71 atr%=0.83 vol=0.43 DOWN
2026-04-27 17:03:37,529 - INFO - ⏸️ SOLUSDT no entry: 5m entry not ready side=SELL close=85.41 ema20=85.37 momentum=0.00082
2026-04-27 17:04:08,272 - INFO - 📊 Balance=5010.56 | daily=0.00%/10% | trades_today=0
2026-04-27 17:04:10,745 - INFO - 🔎 --- BTCUSDT ---
2026-04-27 17:04:14,511 - INFO - 📈 BTCUSDT | 1m close=77899.80 ema20=77884.00 ema50=77837.42 rsi=57.2 atr=24.34 atr%=0.03 vol=0.01 UP | 5m close=77905.90 ema20=77790.86 ema50=77879.29 rsi=74.5 atr=49.83 atr%=0.06 vol=0.56 UP | 15m close=77905.90 ema20=77925.81 ema50=78161.02 rsi=65.2 atr=89.66 atr%=0.12 vol=0.29 DOWN | 1h close=77905.90 ema20=78158.95 ema50=77995.56 rsi=45.9 atr=531.23 atr%=0.68 vol=0.60 DOWN
2026-04-27 17:04:16,753 - INFO - ⏸️ BTCUSDT no entry: ATR filter fail atr%=0.06
2026-04-27 17:04:16,753 - INFO - 🔎 --- ETHUSDT ---
2026-04-27 17:04:20,142 - INFO - 📈 ETHUSDT | 1m close=2320.91 ema20=2321.27 ema50=2319.92 rsi=50.0 atr=1.35 atr%=0.06 vol=0.54 DOWN | 5m close=2320.72 ema20=2318.88 ema50=2326.57 rsi=66.0 atr=3.10 atr%=0.13 vol=1.03 UP | 15m close=2320.72 ema20=2329.97 ema50=2345.52 rsi=42.4 atr=5.15 atr%=0.22 vol=0.57 DOWN | 1h close=2320.72 ema20=2346.02 ema50=2339.36 rsi=35.1 atr=21.38 atr%=0.92 vol=0.93 DOWN
2026-04-27 17:04:22,548 - INFO - ⏸️ ETHUSDT no entry: 5m entry not ready side=SELL close=2320.72 ema20=2318.88 momentum=-0.00055
2026-04-27 17:04:22,548 - INFO - 🔎 --- SOLUSDT ---
2026-04-27 17:04:25,585 - INFO - 📈 SOLUSDT | 1m close=85.37 ema20=85.36 ema50=85.35 rsi=48.4 atr=0.11 atr%=0.13 vol=0.00 UP | 5m close=85.41 ema20=85.37 ema50=85.66 rsi=56.7 atr=0.14 atr%=0.16 vol=0.87 UP | 15m close=85.41 ema20=85.72 ema50=86.24 rsi=41.5 atr=0.26 atr%=0.31 vol=0.15 DOWN | 1h close=85.41 ema20=86.37 ema50=86.38 rsi=34.0 atr=0.71 atr%=0.83 vol=0.43 DOWN
2026-04-27 17:04:28,120 - INFO - ⏸️ SOLUSDT no entry: 5m entry not ready side=SELL close=85.41 ema20=85.37 momentum=0.00082
2026-04-27 17:04:59,202 - INFO - 📊 Balance=5010.56 | daily=0.00%/10% | trades_today=0
2026-04-27 17:05:02,553 - INFO - 🔎 --- BTCUSDT ---
2026-04-27 17:05:05,869 - INFO - 📈 BTCUSDT | 1m close=77899.80 ema20=77884.00 ema50=77837.42 rsi=57.2 atr=24.34 atr%=0.03 vol=0.01 UP | 5m close=77905.90 ema20=77790.86 ema50=77879.29 rsi=74.5 atr=49.83 atr%=0.06 vol=0.56 UP | 15m close=77905.90 ema20=77925.81 ema50=78161.02 rsi=65.2 atr=89.66 atr%=0.12 vol=0.29 DOWN | 1h close=77905.90 ema20=78158.95 ema50=77995.56 rsi=45.9 atr=531.23 atr%=0.68 vol=0.60 DOWN
2026-04-27 17:05:08,263 - INFO - ⏸️ BTCUSDT no entry: ATR filter fail atr%=0.06
2026-04-27 17:05:08,264 - INFO - 🔎 --- ETHUSDT ---
2026-04-27 17:05:13,274 - INFO - 📈 ETHUSDT | 1m close=2320.91 ema20=2321.27 ema50=2319.92 rsi=50.0 atr=1.35 atr%=0.06 vol=0.54 DOWN | 5m close=2320.72 ema20=2318.88 ema50=2326.57 rsi=66.0 atr=3.10 atr%=0.13 vol=1.03 UP | 15m close=2320.72 ema20=2329.97 ema50=2345.52 rsi=42.4 atr=5.15 atr%=0.22 vol=0.57 DOWN | 1h close=2320.72 ema20=2346.02 ema50=2339.36 rsi=35.1 atr=21.38 atr%=0.92 vol=0.93 DOWN
2026-04-27 17:05:16,663 - INFO - ⏸️ ETHUSDT no entry: 5m entry not ready side=SELL close=2320.72 ema20=2318.88 momentum=-0.00055
2026-04-27 17:05:16,664 - INFO - 🔎 --- SOLUSDT ---
2026-04-27 17:05:19,955 - INFO - 📈 SOLUSDT | 1m close=85.34 ema20=85.36 ema50=85.35 rsi=50.8 atr=0.11 atr%=0.13 vol=0.26 DOWN | 5m close=85.34 ema20=85.36 ema50=85.65 rsi=51.5 atr=0.14 atr%=0.16 vol=0.46 DOWN | 15m close=85.41 ema20=85.72 ema50=86.24 rsi=41.5 atr=0.26 atr%=0.31 vol=0.15 DOWN | 1h close=85.41 ema20=86.37 ema50=86.38 rsi=34.0 atr=0.71 atr%=0.83 vol=0.43 DOWN
2026-04-27 17:05:22,071 - INFO - ✅ SOLUSDT SIGNAL SELL score=61 type=reclaim entry=85.34 sl=85.51 tp=85.10
2026-04-27 17:05:26,770 - INFO - 🚀 OPEN SOLUSDT SELL qty=177.21 score=61 type=reclaim entry~85.34 sl=85.51 tp=85.10
2026-04-27 17:05:27,503 - WARNING - 💥 Loop error: Binance error 400: {'code': -2019, 'msg': 'Margin is insufficient.'}
2026-04-27 17:05:58,276 - INFO - 📊 Balance=5010.56 | daily=0.00%/10% | trades_today=0
2026-04-27 17:06:00,610 - INFO - 🔎 --- BTCUSDT ---
2026-04-27 17:06:03,787 - INFO - 📈 BTCUSDT | 1m close=77829.20 ema20=77878.78 ema50=77837.12 rsi=37.8 atr=27.61 atr%=0.04 vol=9.46 DOWN | 5m close=77829.20 ema20=77794.51 ema50=77877.32 rsi=63.4 atr=54.84 atr%=0.07 vol=2.29 UP | 15m close=77905.90 ema20=77925.81 ema50=78161.02 rsi=65.2 atr=89.66 atr%=0.12 vol=0.29 DOWN | 1h close=77905.90 ema20=78158.95 ema50=77995.56 rsi=45.9 atr=531.23 atr%=0.68 vol=0.60 DOWN
2026-04-27 17:06:05,894 - INFO - ⏸️ BTCUSDT no entry: ATR filter fail atr%=0.07
2026-04-27 17:06:05,894 - INFO - 🔎 --- ETHUSDT ---
2026-04-27 17:06:09,114 - INFO - 📈 ETHUSDT | 1m close=2321.20 ema20=2321.26 ema50=2319.97 rsi=45.9 atr=1.35 atr%=0.06 vol=0.88 DOWN | 5m close=2321.20 ema20=2319.10 ema50=2326.36 rsi=60.7 atr=2.89 atr%=0.12 vol=0.57 UP | 15m close=2320.72 ema20=2329.97 ema50=2345.52 rsi=42.4 atr=5.15 atr%=0.22 vol=0.57 DOWN | 1h close=2320.72 ema20=2346.02 ema50=2339.36 rsi=35.1 atr=21.38 atr%=0.92 vol=0.93 DOWN
2026-04-27 17:06:11,252 - INFO - ⏸️ ETHUSDT no entry: 5m entry not ready side=SELL close=2321.20 ema20=2319.10 momentum=0.00021
2026-04-27 17:06:11,252 - INFO - 🔎 --- SOLUSDT ---
2026-04-27 17:06:14,348 - INFO - 📈 SOLUSDT | 1m close=85.30 ema20=85.35 ema50=85.34 rsi=46.8 atr=0.11 atr%=0.13 vol=1.43 DOWN | 5m close=85.34 ema20=85.36 ema50=85.65 rsi=51.5 atr=0.14 atr%=0.16 vol=0.46 DOWN | 15m close=85.41 ema20=85.72 ema50=86.24 rsi=41.5 atr=0.26 atr%=0.31 vol=0.15 DOWN | 1h close=85.41 ema20=86.37 ema50=86.38 rsi=34.0 atr=0.71 atr%=0.83 vol=0.43 DOWN
2026-04-27 17:06:16,588 - INFO - ✅ SOLUSDT SIGNAL SELL score=61 type=reclaim entry=85.34 sl=85.51 tp=85.10
2026-04-27 17:06:21,187 - INFO - 🚀 OPEN SOLUSDT SELL qty=177.21 score=61 type=reclaim entry~85.34 sl=85.51 tp=85.10
2026-04-27 17:06:21,883 - WARNING - 💥 Loop error: Binance error 400: {'code': -2019, 'msg': 'Margin is insufficient.'}
2026-04-27 17:06:52,616 - INFO - 📊 Balance=5010.56 | daily=0.00%/10% | trades_today=0
2026-04-27 17:06:55,218 - INFO - 🔎 --- BTCUSDT ---
2026-04-27 17:07:01,491 - INFO - 📈 BTCUSDT | 1m close=77900.90 ema20=77880.88 ema50=77839.63 rsi=54.7 atr=30.45 atr%=0.04 vol=2.32 UP | 5m close=77829.20 ema20=77794.51 ema50=77877.32 rsi=63.4 atr=54.84 atr%=0.07 vol=2.29 UP | 15m close=77905.90 ema20=77925.81 ema50=78161.02 rsi=65.2 atr=89.66 atr%=0.12 vol=0.29 DOWN | 1h close=77905.90 ema20=78158.95 ema50=77995.56 rsi=45.9 atr=531.23 atr%=0.68 vol=0.60 DOWN
2026-04-27 17:07:03,812 - INFO - ⏸️ BTCUSDT no entry: ATR filter fail atr%=0.07
2026-04-27 17:07:03,813 - INFO - 🔎 --- ETHUSDT ---
2026-04-27 17:07:07,059 - INFO - 📈 ETHUSDT | 1m close=2319.11 ema20=2321.06 ema50=2319.94 rsi=34.3 atr=1.46 atr%=0.06 vol=4.08 DOWN | 5m close=2321.20 ema20=2319.10 ema50=2326.36 rsi=60.7 atr=2.89 atr%=0.12 vol=0.57 UP | 15m close=2320.72 ema20=2329.97 ema50=2345.52 rsi=42.4 atr=5.15 atr%=0.22 vol=0.57 DOWN | 1h close=2320.72 ema20=2346.02 ema50=2339.36 rsi=35.1 atr=21.38 atr%=0.92 vol=0.93 DOWN
2026-04-27 17:07:09,326 - INFO - ⏸️ ETHUSDT no entry: 5m entry not ready side=SELL close=2321.20 ema20=2319.10 momentum=0.00021
2026-04-27 17:07:09,326 - INFO - 🔎 --- SOLUSDT ---
2026-04-27 17:07:12,341 - INFO - 📈 SOLUSDT | 1m close=85.29 ema20=85.35 ema50=85.34 rsi=41.4 atr=0.11 atr%=0.12 vol=0.81 DOWN | 5m close=85.34 ema20=85.36 ema50=85.65 rsi=51.5 atr=0.14 atr%=0.16 vol=0.46 DOWN | 15m close=85.41 ema20=85.72 ema50=86.24 rsi=41.5 atr=0.26 atr%=0.31 vol=0.15 DOWN | 1h close=85.41 ema20=86.37 ema50=86.38 rsi=34.0 atr=0.71 atr%=0.83 vol=0.43 DOWN
2026-04-27 17:07:14,464 - INFO - ✅ SOLUSDT SIGNAL SELL score=61 type=reclaim entry=85.34 sl=85.51 tp=85.10
2026-04-27 17:07:19,271 - INFO - 🚀 OPEN SOLUSDT SELL qty=177.21 score=61 type=reclaim entry~85.34 sl=85.51 tp=85.10
2026-04-27 17:07:19,973 - WARNING - 💥 Loop error: Binance error 400: {'code': -2019, 'msg': 'Margin is insufficient.'}
2026-04-27 17:07:50,696 - INFO - 📊 Balance=5010.56 | daily=0.00%/10% | trades_today=0
2026-04-27 17:07:53,673 - INFO - 🔎 --- BTCUSDT ---
2026-04-27 17:07:57,265 - INFO - 📈 BTCUSDT | 1m close=77774.90 ema20=77870.79 ema50=77837.05 rsi=37.4 atr=38.79 atr%=0.05 vol=2.47 DOWN | 5m close=77829.20 ema20=77794.51 ema50=77877.32 rsi=63.4 atr=54.84 atr%=0.07 vol=2.29 UP | 15m close=77905.90 ema20=77925.81 ema50=78161.02 rsi=65.2 atr=89.66 atr%=0.12 vol=0.29 DOWN | 1h close=77905.90 ema20=78158.95 ema50=77995.56 rsi=45.9 atr=531.23 atr%=0.68 vol=0.60 DOWN
2026-04-27 17:07:59,409 - INFO - ⏸️ BTCUSDT no entry: ATR filter fail atr%=0.07
2026-04-27 17:07:59,410 - INFO - 🔎 --- ETHUSDT ---
2026-04-27 17:08:02,573 - INFO - 📈 ETHUSDT | 1m close=2319.35 ema20=2320.90 ema50=2319.91 rsi=35.9 atr=1.39 atr%=0.06 vol=0.78 DOWN | 5m close=2321.20 ema20=2319.10 ema50=2326.36 rsi=60.7 atr=2.89 atr%=0.12 vol=0.57 UP | 15m close=2320.72 ema20=2329.97 ema50=2345.52 rsi=42.4 atr=5.15 atr%=0.22 vol=0.57 DOWN | 1h close=2320.72 ema20=2346.02 ema50=2339.36 rsi=35.1 atr=21.38 atr%=0.92 vol=0.93 DOWN
2026-04-27 17:08:04,652 - INFO - ⏸️ ETHUSDT no entry: 5m entry not ready side=SELL close=2321.20 ema20=2319.10 momentum=0.00021
2026-04-27 17:08:04,653 - INFO - 🔎 --- SOLUSDT ---
2026-04-27 17:08:07,753 - INFO - 📈 SOLUSDT | 1m close=85.29 ema20=85.35 ema50=85.34 rsi=41.4 atr=0.11 atr%=0.12 vol=0.81 DOWN | 5m close=85.34 ema20=85.36 ema50=85.65 rsi=51.5 atr=0.14 atr%=0.16 vol=0.46 DOWN | 15m close=85.41 ema20=85.72 ema50=86.24 rsi=41.5 atr=0.26 atr%=0.31 vol=0.15 DOWN | 1h close=85.41 ema20=86.37 ema50=86.38 rsi=34.0 atr=0.71 atr%=0.83 vol=0.43 DOWN
2026-04-27 17:08:09,946 - INFO - ✅ SOLUSDT SIGNAL SELL score=61 type=reclaim entry=85.34 sl=85.51 tp=85.10
2026-04-27 17:08:14,568 - INFO - 🚀 OPEN SOLUSDT SELL qty=177.21 score=61 type=reclaim entry~85.34 sl=85.51 tp=85.10
2026-04-27 17:08:15,423 - WARNING - 💥 Loop error: Binance error 400: {'code': -2019, 'msg': 'Margin is insufficient.'}
2026-04-27 17:08:46,229 - INFO - 📊 Balance=5010.56 | daily=0.00%/10% | trades_today=0
2026-04-27 17:08:48,526 - INFO - 🔎 --- BTCUSDT ---
2026-04-27 17:08:51,968 - INFO - 📈 BTCUSDT | 1m close=77774.80 ema20=77861.65 ema50=77834.60 rsi=37.3 atr=38.08 atr%=0.05 vol=1.01 DOWN | 5m close=77829.20 ema20=77794.51 ema50=77877.32 rsi=63.4 atr=54.84 atr%=0.07 vol=2.29 UP | 15m close=77905.90 ema20=77925.81 ema50=78161.02 rsi=65.2 atr=89.66 atr%=0.12 vol=0.29 DOWN | 1h close=77905.90 ema20=78158.95 ema50=77995.56 rsi=45.9 atr=531.23 atr%=0.68 vol=0.60 DOWN
2026-04-27 17:08:54,125 - INFO - ⏸️ BTCUSDT no entry: ATR filter fail atr%=0.07
2026-04-27 17:08:54,125 - INFO - 🔎 --- ETHUSDT ---
2026-04-27 17:08:57,881 - INFO - 📈 ETHUSDT | 1m close=2320.11 ema20=2320.82 ema50=2319.92 rsi=39.5 atr=1.35 atr%=0.06 vol=2.17 DOWN | 5m close=2321.20 ema20=2319.10 ema50=2326.36 rsi=60.7 atr=2.89 atr%=0.12 vol=0.57 UP | 15m close=2320.72 ema20=2329.97 ema50=2345.52 rsi=42.4 atr=5.15 atr%=0.22 vol=0.57 DOWN | 1h close=2320.72 ema20=2346.02 ema50=2339.36 rsi=35.1 atr=21.38 atr%=0.92 vol=0.93 DOWN
2026-04-27 17:09:00,027 - INFO - ⏸️ ETHUSDT no entry: 5m entry not ready side=SELL close=2321.20 ema20=2319.10 momentum=0.00021
2026-04-27 17:09:00,027 - INFO - 🔎 --- SOLUSDT ---
2026-04-27 17:09:03,040 - INFO - 📈 SOLUSDT | 1m close=85.33 ema20=85.35 ema50=85.34 rsi=45.9 atr=0.10 atr%=0.12 vol=2.94 DOWN | 5m close=85.34 ema20=85.36 ema50=85.65 rsi=51.5 atr=0.14 atr%=0.16 vol=0.46 DOWN | 15m close=85.41 ema20=85.72 ema50=86.24 rsi=41.5 atr=0.26 atr%=0.31 vol=0.15 DOWN | 1h close=85.41 ema20=86.37 ema50=86.38 rsi=34.0 atr=0.71 atr%=0.83 vol=0.43 DOWN
2026-04-27 17:09:05,304 - INFO - ✅ SOLUSDT SIGNAL SELL score=61 type=reclaim entry=85.34 sl=85.51 tp=85.10
2026-04-27 17:09:10,014 - INFO - 🚀 OPEN SOLUSDT SELL qty=177.21 score=61 type=reclaim entry~85.34 sl=85.51 tp=85.10
2026-04-27 17:09:10,754 - WARNING - 💥 Loop error: Binance error 400: {'code': -2019, 'msg': 'Margin is insufficient.'}
2026-04-27 17:09:41,912 - INFO - 📊 Balance=5010.56 | daily=0.00%/10% | trades_today=0
2026-04-27 17:09:44,402 - INFO - 🔎 --- BTCUSDT ---
2026-04-27 17:09:59,108 - WARNING - 💥 Loop error: ('Connection aborted.', ConnectionResetError(10054, 'An existing connection was forcibly closed by the remote host', None, 10054, None))
2026-04-27 17:10:29,947 - INFO - 📊 Balance=5010.56 | daily=0.00%/10% | trades_today=0
2026-04-27 17:10:32,156 - INFO - 🔎 --- BTCUSDT ---
2026-04-27 17:10:36,749 - INFO - 📈 BTCUSDT | 1m close=77783.30 ema20=77846.71 ema50=77830.38 rsi=31.4 atr=34.67 atr%=0.04 vol=1.92 DOWN | 5m close=77783.30 ema20=77793.44 ema50=77873.63 rsi=51.7 atr=58.18 atr%=0.07 vol=1.71 DOWN | 15m close=77905.90 ema20=77925.81 ema50=78161.02 rsi=65.2 atr=89.66 atr%=0.12 vol=0.29 DOWN | 1h close=77905.90 ema20=78158.95 ema50=77995.56 rsi=45.9 atr=531.23 atr%=0.68 vol=0.60 DOWN
2026-04-27 17:10:39,085 - INFO - ⏸️ BTCUSDT no entry: ATR filter fail atr%=0.07
2026-04-27 17:10:39,086 - INFO - 🔎 --- ETHUSDT ---
2026-04-27 17:10:42,454 - INFO - 📈 ETHUSDT | 1m close=2320.13 ema20=2320.68 ema50=2319.93 rsi=39.9 atr=1.18 atr%=0.05 vol=0.53 DOWN | 5m close=2320.13 ema20=2319.20 ema50=2326.12 rsi=58.2 atr=3.06 atr%=0.13 vol=1.29 UP | 15m close=2320.72 ema20=2329.97 ema50=2345.52 rsi=42.4 atr=5.15 atr%=0.22 vol=0.57 DOWN | 1h close=2320.72 ema20=2346.02 ema50=2339.36 rsi=35.1 atr=21.38 atr%=0.92 vol=0.93 DOWN
2026-04-27 17:10:44,691 - INFO - ⏸️ ETHUSDT no entry: 5m entry not ready side=SELL close=2320.13 ema20=2319.20 momentum=-0.00046
2026-04-27 17:10:44,691 - INFO - 🔎 --- SOLUSDT ---
2026-04-27 17:10:47,708 - INFO - 📈 SOLUSDT | 1m close=85.36 ema20=85.34 ema50=85.34 rsi=51.5 atr=0.09 atr%=0.11 vol=2.96 UP | 5m close=85.36 ema20=85.36 ema50=85.64 rsi=49.0 atr=0.13 atr%=0.15 vol=1.82 DOWN | 15m close=85.41 ema20=85.72 ema50=86.24 rsi=41.5 atr=0.26 atr%=0.31 vol=0.15 DOWN | 1h close=85.41 ema20=86.37 ema50=86.38 rsi=34.0 atr=0.71 atr%=0.83 vol=0.43 DOWN
2026-04-27 17:10:49,927 - INFO - ⏸️ SOLUSDT no entry: 5m entry not ready side=SELL close=85.36 ema20=85.36 momentum=0.00023
2026-04-27 17:11:20,641 - INFO - 📊 Balance=5010.56 | daily=0.00%/10% | trades_today=0
2026-04-27 17:11:23,291 - INFO - 🔎 --- BTCUSDT ---
2026-04-27 17:11:26,795 - INFO - 📈 BTCUSDT | 1m close=77790.00 ema20=77841.31 ema50=77828.76 rsi=33.7 atr=34.74 atr%=0.04 vol=1.43 DOWN | 5m close=77783.30 ema20=77793.44 ema50=77873.63 rsi=51.7 atr=58.18 atr%=0.07 vol=1.71 DOWN | 15m close=77905.90 ema20=77925.81 ema50=78161.02 rsi=65.2 atr=89.66 atr%=0.12 vol=0.29 DOWN | 1h close=77905.90 ema20=78158.95 ema50=77995.56 rsi=45.9 atr=531.23 atr%=0.68 vol=0.60 DOWN
2026-04-27 17:11:29,430 - INFO - ⏸️ BTCUSDT no entry: ATR filter fail atr%=0.07
2026-04-27 17:11:29,430 - INFO - 🔎 --- ETHUSDT ---
2026-04-27 17:11:32,735 - INFO - 📈 ETHUSDT | 1m close=2320.73 ema20=2320.68 ema50=2319.96 rsi=38.9 atr=1.16 atr%=0.05 vol=0.89 UP | 5m close=2320.13 ema20=2319.20 ema50=2326.12 rsi=58.2 atr=3.06 atr%=0.13 vol=1.29 UP | 15m close=2320.72 ema20=2329.97 ema50=2345.52 rsi=42.4 atr=5.15 atr%=0.22 vol=0.57 DOWN | 1h close=2320.72 ema20=2346.02 ema50=2339.36 rsi=35.1 atr=21.38 atr%=0.92 vol=0.93 DOWN
2026-04-27 17:11:38,608 - INFO - ⏸️ ETHUSDT no entry: 5m entry not ready side=SELL close=2320.13 ema20=2319.20 momentum=-0.00046
2026-04-27 17:11:38,609 - INFO - 🔎 --- SOLUSDT ---
2026-04-27 17:11:54,312 - INFO - 📈 SOLUSDT | 1m close=85.39 ema20=85.35 ema50=85.34 rsi=42.9 atr=0.08 atr%=0.10 vol=3.14 UP | 5m close=85.36 ema20=85.36 ema50=85.64 rsi=49.0 atr=0.13 atr%=0.15 vol=1.82 DOWN | 15m close=85.41 ema20=85.72 ema50=86.24 rsi=41.5 atr=0.26 atr%=0.31 vol=0.15 DOWN | 1h close=85.41 ema20=86.37 ema50=86.38 rsi=34.0 atr=0.71 atr%=0.83 vol=0.43 DOWN
2026-04-27 17:11:58,697 - INFO - ⏸️ SOLUSDT no entry: 5m entry not ready side=SELL close=85.36 ema20=85.36 momentum=0.00023
2026-04-27 17:12:29,716 - INFO - 📊 Balance=5010.56 | daily=0.00%/10% | trades_today=0
2026-04-27 17:12:33,144 - INFO - 🔎 --- BTCUSDT ---
2026-04-27 17:12:45,474 - INFO - 📈 BTCUSDT | 1m close=77785.70 ema20=77836.01 ema50=77827.07 rsi=33.3 atr=35.14 atr%=0.05 vol=0.03 DOWN | 5m close=77783.30 ema20=77793.44 ema50=77873.63 rsi=51.7 atr=58.18 atr%=0.07 vol=1.71 DOWN | 15m close=77905.90 ema20=77925.81 ema50=78161.02 rsi=65.2 atr=89.66 atr%=0.12 vol=0.29 DOWN | 1h close=77905.90 ema20=78158.95 ema50=77995.56 rsi=45.9 atr=531.23 atr%=0.68 vol=0.60 DOWN
2026-04-27 17:12:50,277 - INFO - ⏸️ BTCUSDT no entry: ATR filter fail atr%=0.07
2026-04-27 17:12:50,277 - INFO - 🔎 --- ETHUSDT ---
2026-04-27 17:12:55,757 - INFO - 📈 ETHUSDT | 1m close=2320.27 ema20=2320.64 ema50=2319.97 rsi=39.4 atr=1.20 atr%=0.05 vol=0.76 DOWN | 5m close=2320.13 ema20=2319.20 ema50=2326.12 rsi=58.2 atr=3.06 atr%=0.13 vol=1.29 UP | 15m close=2320.72 ema20=2329.97 ema50=2345.52 rsi=42.4 atr=5.15 atr%=0.22 vol=0.57 DOWN | 1h close=2320.72 ema20=2346.02 ema50=2339.36 rsi=35.1 atr=21.38 atr%=0.92 vol=0.93 DOWN
2026-04-27 17:12:58,546 - INFO - ⏸️ ETHUSDT no entry: 5m entry not ready side=SELL close=2320.13 ema20=2319.20 momentum=-0.00046
2026-04-27 17:12:58,546 - INFO - 🔎 --- SOLUSDT ---
2026-04-27 17:13:03,236 - INFO - 📈 SOLUSDT | 1m close=85.34 ema20=85.35 ema50=85.34 rsi=45.3 atr=0.08 atr%=0.09 vol=1.10 DOWN | 5m close=85.36 ema20=85.36 ema50=85.64 rsi=49.0 atr=0.13 atr%=0.15 vol=1.82 DOWN | 15m close=85.41 ema20=85.72 ema50=86.24 rsi=41.5 atr=0.26 atr%=0.31 vol=0.15 DOWN | 1h close=85.41 ema20=86.37 ema50=86.38 rsi=34.0 atr=0.71 atr%=0.83 vol=0.43 DOWN
2026-04-27 17:13:05,705 - INFO - ⏸️ SOLUSDT no entry: 5m entry not ready side=SELL close=85.36 ema20=85.36 momentum=0.00023
2026-04-27 17:13:36,458 - INFO - 📊 Balance=5010.56 | daily=0.00%/10% | trades_today=0
2026-04-27 17:13:38,670 - INFO - 🔎 --- BTCUSDT ---
2026-04-27 17:13:44,553 - INFO - 📈 BTCUSDT | 1m close=77796.50 ema20=77832.25 ema50=77825.87 rsi=36.6 atr=34.87 atr%=0.04 vol=0.01 DOWN | 5m close=77783.30 ema20=77793.44 ema50=77873.63 rsi=51.7 atr=58.18 atr%=0.07 vol=1.71 DOWN | 15m close=77905.90 ema20=77925.81 ema50=78161.02 rsi=65.2 atr=89.66 atr%=0.12 vol=0.29 DOWN | 1h close=77905.90 ema20=78158.95 ema50=77995.56 rsi=45.9 atr=531.23 atr%=0.68 vol=0.60 DOWN
2026-04-27 17:13:46,750 - INFO - ⏸️ BTCUSDT no entry: ATR filter fail atr%=0.07
2026-04-27 17:13:46,750 - INFO - 🔎 --- ETHUSDT ---
2026-04-27 17:13:51,371 - INFO - 📈 ETHUSDT | 1m close=2319.95 ema20=2320.58 ema50=2319.97 rsi=40.3 atr=1.14 atr%=0.05 vol=1.48 DOWN | 5m close=2320.13 ema20=2319.20 ema50=2326.12 rsi=58.2 atr=3.06 atr%=0.13 vol=1.29 UP | 15m close=2320.72 ema20=2329.97 ema50=2345.52 rsi=42.4 atr=5.15 atr%=0.22 vol=0.57 DOWN | 1h close=2320.72 ema20=2346.02 ema50=2339.36 rsi=35.1 atr=21.38 atr%=0.92 vol=0.93 DOWN
2026-04-27 17:13:54,825 - INFO - ⏸️ ETHUSDT no entry: 5m entry not ready side=SELL close=2320.13 ema20=2319.20 momentum=-0.00046
2026-04-27 17:13:54,825 - INFO - 🔎 --- SOLUSDT ---
2026-04-27 17:13:57,850 - INFO - 📈 SOLUSDT | 1m close=85.29 ema20=85.34 ema50=85.34 rsi=44.4 atr=0.07 atr%=0.09 vol=0.13 DOWN | 5m close=85.36 ema20=85.36 ema50=85.64 rsi=49.0 atr=0.13 atr%=0.15 vol=1.82 DOWN | 15m close=85.41 ema20=85.72 ema50=86.24 rsi=41.5 atr=0.26 atr%=0.31 vol=0.15 DOWN | 1h close=85.41 ema20=86.37 ema50=86.38 rsi=34.0 atr=0.71 atr%=0.83 vol=0.43 DOWN
2026-04-27 17:14:00,202 - INFO - ⏸️ SOLUSDT no entry: 5m entry not ready side=SELL close=85.36 ema20=85.36 momentum=0.00023
2026-04-27 17:14:30,969 - INFO - 📊 Balance=5010.56 | daily=0.00%/10% | trades_today=0
2026-04-27 17:14:35,595 - INFO - 🔎 --- BTCUSDT ---
2026-04-27 17:14:39,014 - INFO - 📈 BTCUSDT | 1m close=77861.10 ema20=77835.00 ema50=77827.27 rsi=44.5 atr=41.87 atr%=0.05 vol=0.07 UP | 5m close=77783.30 ema20=77793.44 ema50=77873.63 rsi=51.7 atr=58.18 atr%=0.07 vol=1.71 DOWN | 15m close=77905.90 ema20=77925.81 ema50=78161.02 rsi=65.2 atr=89.66 atr%=0.12 vol=0.29 DOWN | 1h close=77905.90 ema20=78158.95 ema50=77995.56 rsi=45.9 atr=531.23 atr%=0.68 vol=0.60 DOWN
2026-04-27 17:14:41,313 - INFO - ⏸️ BTCUSDT no entry: ATR filter fail atr%=0.07
2026-04-27 17:14:41,314 - INFO - 🔎 --- ETHUSDT ---
2026-04-27 17:14:44,937 - INFO - 📈 ETHUSDT | 1m close=2319.27 ema20=2320.45 ema50=2319.95 rsi=41.5 atr=1.16 atr%=0.05 vol=1.57 DOWN | 5m close=2320.13 ema20=2319.20 ema50=2326.12 rsi=58.2 atr=3.06 atr%=0.13 vol=1.29 UP | 15m close=2320.72 ema20=2329.97 ema50=2345.52 rsi=42.4 atr=5.15 atr%=0.22 vol=0.57 DOWN | 1h close=2320.72 ema20=2346.02 ema50=2339.36 rsi=35.1 atr=21.38 atr%=0.92 vol=0.93 DOWN
2026-04-27 17:14:47,081 - INFO - ⏸️ ETHUSDT no entry: 5m entry not ready side=SELL close=2320.13 ema20=2319.20 momentum=-0.00046
2026-04-27 17:14:47,082 - INFO - 🔎 --- SOLUSDT ---
2026-04-27 17:14:50,373 - INFO - 📈 SOLUSDT | 1m close=85.39 ema20=85.35 ema50=85.34 rsi=48.3 atr=0.07 atr%=0.09 vol=1.17 UP | 5m close=85.36 ema20=85.36 ema50=85.64 rsi=49.0 atr=0.13 atr%=0.15 vol=1.82 DOWN | 15m close=85.41 ema20=85.72 ema50=86.24 rsi=41.5 atr=0.26 atr%=0.31 vol=0.15 DOWN | 1h close=85.41 ema20=86.37 ema50=86.38 rsi=34.0 atr=0.71 atr%=0.83 vol=0.43 DOWN
2026-04-27 17:14:52,611 - INFO - ⏸️ SOLUSDT no entry: 5m entry not ready side=SELL close=85.36 ema20=85.36 momentum=0.00023
2026-04-27 17:15:23,479 - INFO - 📊 Balance=5010.56 | daily=0.00%/10% | trades_today=0
2026-04-27 17:15:25,723 - INFO - 🔎 --- BTCUSDT ---
2026-04-27 17:15:29,980 - INFO - 📈 BTCUSDT | 1m close=77774.80 ema20=77829.27 ema50=77825.19 rsi=38.3 atr=49.70 atr%=0.06 vol=0.78 DOWN | 5m close=77774.80 ema20=77791.67 ema50=77869.76 rsi=49.8 atr=64.24 atr%=0.08 vol=0.61 DOWN | 15m close=77774.80 ema20=77911.43 ema50=78145.87 rsi=62.7 atr=90.71 atr%=0.12 vol=1.01 DOWN | 1h close=77905.90 ema20=78158.95 ema50=77995.56 rsi=45.9 atr=531.23 atr%=0.68 vol=0.60 DOWN
2026-04-27 17:15:32,699 - INFO - ⏸️ BTCUSDT no entry: ATR filter fail atr%=0.08
2026-04-27 17:15:32,699 - INFO - 🔎 --- ETHUSDT ---
2026-04-27 17:15:36,147 - INFO - 📈 ETHUSDT | 1m close=2319.50 ema20=2320.36 ema50=2319.93 rsi=43.8 atr=1.08 atr%=0.05 vol=0.01 DOWN | 5m close=2319.50 ema20=2319.23 ema50=2325.86 rsi=52.2 atr=2.97 atr%=0.13 vol=0.84 UP | 15m close=2319.50 ema20=2328.97 ema50=2344.50 rsi=51.7 atr=4.57 atr%=0.20 vol=0.75 DOWN | 1h close=2320.72 ema20=2346.02 ema50=2339.36 rsi=35.1 atr=21.38 atr%=0.92 vol=0.93 DOWN
2026-04-27 17:15:38,671 - INFO - ⏸️ ETHUSDT no entry: 5m entry not ready side=SELL close=2319.50 ema20=2319.23 momentum=-0.00027
2026-04-27 17:15:38,671 - INFO - 🔎 --- SOLUSDT ---
2026-04-27 17:15:41,729 - INFO - 📈 SOLUSDT | 1m close=85.29 ema20=85.34 ema50=85.34 rsi=45.9 atr=0.08 atr%=0.09 vol=2.18 DOWN | 5m close=85.29 ema20=85.36 ema50=85.63 rsi=41.1 atr=0.13 atr%=0.15 vol=1.74 DOWN | 15m close=85.29 ema20=85.68 ema50=86.20 rsi=41.5 atr=0.24 atr%=0.29 vol=0.22 DOWN | 1h close=85.41 ema20=86.37 ema50=86.38 rsi=34.0 atr=0.71 atr%=0.83 vol=0.43 DOWN
2026-04-27 17:15:44,210 - INFO - ✅ SOLUSDT SIGNAL SELL score=80 type=trend entry=85.29 sl=85.45 tp=84.99
2026-04-27 17:15:48,997 - INFO - 🚀 OPEN SOLUSDT SELL qty=190.23 score=80 type=trend entry~85.29 sl=85.45 tp=84.99
2026-04-27 17:15:49,699 - WARNING - 💥 Loop error: Binance error 400: {'code': -2019, 'msg': 'Margin is insufficient.'}
2026-04-27 17:16:20,438 - INFO - 📊 Balance=5010.56 | daily=0.00%/10% | trades_today=0
2026-04-27 17:16:22,625 - INFO - 🔎 --- BTCUSDT ---
2026-04-27 17:16:25,968 - INFO - 📈 BTCUSDT | 1m close=77776.00 ema20=77824.19 ema50=77823.26 rsi=38.6 atr=48.89 atr%=0.06 vol=3.20 DOWN | 5m close=77774.80 ema20=77791.67 ema50=77869.76 rsi=49.8 atr=64.24 atr%=0.08 vol=0.61 DOWN | 15m close=77774.80 ema20=77911.43 ema50=78145.87 rsi=62.7 atr=90.71 atr%=0.12 vol=1.01 DOWN | 1h close=77905.90 ema20=78158.95 ema50=77995.56 rsi=45.9 atr=531.23 atr%=0.68 vol=0.60 DOWN
2026-04-27 17:16:28,074 - INFO - ⏸️ BTCUSDT no entry: ATR filter fail atr%=0.08
2026-04-27 17:16:28,074 - INFO - 🔎 --- ETHUSDT ---
2026-04-27 17:16:31,410 - INFO - 📈 ETHUSDT | 1m close=2320.51 ema20=2320.38 ema50=2319.95 rsi=40.9 atr=1.07 atr%=0.05 vol=2.18 UP | 5m close=2319.50 ema20=2319.23 ema50=2325.86 rsi=52.2 atr=2.97 atr%=0.13 vol=0.84 UP | 15m close=2319.50 ema20=2328.97 ema50=2344.50 rsi=51.7 atr=4.57 atr%=0.20 vol=0.75 DOWN | 1h close=2320.72 ema20=2346.02 ema50=2339.36 rsi=35.1 atr=21.38 atr%=0.92 vol=0.93 DOWN
2026-04-27 17:16:33,533 - INFO - ⏸️ ETHUSDT no entry: 5m entry not ready side=SELL close=2319.50 ema20=2319.23 momentum=-0.00027
2026-04-27 17:16:33,534 - INFO - 🔎 --- SOLUSDT ---
2026-04-27 17:16:36,551 - INFO - 📈 SOLUSDT | 1m close=85.47 ema20=85.35 ema50=85.35 rsi=59.0 atr=0.08 atr%=0.10 vol=4.23 UP | 5m close=85.29 ema20=85.36 ema50=85.63 rsi=41.1 atr=0.13 atr%=0.15 vol=1.74 DOWN | 15m close=85.29 ema20=85.68 ema50=86.20 rsi=41.5 atr=0.24 atr%=0.29 vol=0.22 DOWN | 1h close=85.41 ema20=86.37 ema50=86.38 rsi=34.0 atr=0.71 atr%=0.83 vol=0.43 DOWN
2026-04-27 17:16:38,916 - INFO - ✅ SOLUSDT SIGNAL SELL score=80 type=trend entry=85.29 sl=85.45 tp=84.99
2026-04-27 17:16:44,304 - INFO - 🚀 OPEN SOLUSDT SELL qty=190.23 score=80 type=trend entry~85.29 sl=85.45 tp=84.99
2026-04-27 17:16:45,025 - WARNING - 💥 Loop error: Binance error 400: {'code': -2019, 'msg': 'Margin is insufficient.'}
2026-04-27 17:17:15,786 - INFO - 📊 Balance=5010.56 | daily=0.00%/10% | trades_today=0
2026-04-27 17:17:17,952 - INFO - 🔎 --- BTCUSDT ---
2026-04-27 17:17:21,940 - INFO - 📈 BTCUSDT | 1m close=77785.40 ema20=77820.50 ema50=77821.78 rsi=40.2 atr=47.79 atr%=0.06 vol=0.52 DOWN | 5m close=77774.80 ema20=77791.67 ema50=77869.76 rsi=49.8 atr=64.24 atr%=0.08 vol=0.61 DOWN | 15m close=77774.80 ema20=77911.43 ema50=78145.87 rsi=62.7 atr=90.71 atr%=0.12 vol=1.01 DOWN | 1h close=77905.90 ema20=78158.95 ema50=77995.56 rsi=45.9 atr=531.23 atr%=0.68 vol=0.60 DOWN
2026-04-27 17:17:27,181 - INFO - ⏸️ BTCUSDT no entry: ATR filter fail atr%=0.08
2026-04-27 17:17:27,181 - INFO - 🔎 --- ETHUSDT ---
2026-04-27 17:17:30,446 - INFO - 📈 ETHUSDT | 1m close=2319.27 ema20=2320.27 ema50=2319.92 rsi=36.0 atr=1.08 atr%=0.05 vol=1.08 DOWN | 5m close=2319.50 ema20=2319.23 ema50=2325.86 rsi=52.2 atr=2.97 atr%=0.13 vol=0.84 UP | 15m close=2319.50 ema20=2328.97 ema50=2344.50 rsi=51.7 atr=4.57 atr%=0.20 vol=0.75 DOWN | 1h close=2320.72 ema20=2346.02 ema50=2339.36 rsi=35.1 atr=21.38 atr%=0.92 vol=0.93 DOWN
2026-04-27 17:17:33,097 - INFO - ⏸️ ETHUSDT no entry: 5m entry not ready side=SELL close=2319.50 ema20=2319.23 momentum=-0.00027
2026-04-27 17:17:33,097 - INFO - 🔎 --- SOLUSDT ---
2026-04-27 17:17:39,543 - INFO - 📈 SOLUSDT | 1m close=85.30 ema20=85.35 ema50=85.34 rsi=45.6 atr=0.09 atr%=0.11 vol=1.19 DOWN | 5m close=85.29 ema20=85.36 ema50=85.63 rsi=41.1 atr=0.13 atr%=0.15 vol=1.74 DOWN | 15m close=85.29 ema20=85.68 ema50=86.20 rsi=41.5 atr=0.24 atr%=0.29 vol=0.22 DOWN | 1h close=85.41 ema20=86.37 ema50=86.38 rsi=34.0 atr=0.71 atr%=0.83 vol=0.43 DOWN
2026-04-27 17:17:41,853 - INFO - ✅ SOLUSDT SIGNAL SELL score=80 type=trend entry=85.29 sl=85.45 tp=84.99
2026-04-27 17:17:46,387 - INFO - 🚀 OPEN SOLUSDT SELL qty=190.23 score=80 type=trend entry~85.29 sl=85.45 tp=84.99
2026-04-27 17:17:47,089 - WARNING - 💥 Loop error: Binance error 400: {'code': -2019, 'msg': 'Margin is insufficient.'}
2026-04-27 17:18:17,870 - INFO - 📊 Balance=5010.56 | daily=0.00%/10% | trades_today=0
2026-04-27 17:18:20,153 - INFO - 🔎 --- BTCUSDT ---
2026-04-27 17:18:23,394 - INFO - 📈 BTCUSDT | 1m close=77780.00 ema20=77816.64 ema50=77820.14 rsi=37.1 atr=47.34 atr%=0.06 vol=0.43 DOWN | 5m close=77774.80 ema20=77791.67 ema50=77869.76 rsi=49.8 atr=64.24 atr%=0.08 vol=0.61 DOWN | 15m close=77774.80 ema20=77911.43 ema50=78145.87 rsi=62.7 atr=90.71 atr%=0.12 vol=1.01 DOWN | 1h close=77905.90 ema20=78158.95 ema50=77995.56 rsi=45.9 atr=531.23 atr%=0.68 vol=0.60 DOWN
2026-04-27 17:18:25,500 - INFO - ⏸️ BTCUSDT no entry: ATR filter fail atr%=0.08
2026-04-27 17:18:25,500 - INFO - 🔎 --- ETHUSDT ---
2026-04-27 17:18:28,822 - INFO - 📈 ETHUSDT | 1m close=2320.20 ema20=2320.26 ema50=2319.93 rsi=46.2 atr=1.05 atr%=0.05 vol=1.02 DOWN | 5m close=2319.50 ema20=2319.23 ema50=2325.86 rsi=52.2 atr=2.97 atr%=0.13 vol=0.84 UP | 15m close=2319.50 ema20=2328.97 ema50=2344.50 rsi=51.7 atr=4.57 atr%=0.20 vol=0.75 DOWN | 1h close=2320.72 ema20=2346.02 ema50=2339.36 rsi=35.1 atr=21.38 atr%=0.92 vol=0.93 DOWN
2026-04-27 17:18:31,147 - INFO - ⏸️ ETHUSDT no entry: 5m entry not ready side=SELL close=2319.50 ema20=2319.23 momentum=-0.00027
2026-04-27 17:18:31,147 - INFO - 🔎 --- SOLUSDT ---
2026-04-27 17:18:34,367 - INFO - 📈 SOLUSDT | 1m close=85.31 ema20=85.34 ema50=85.34 rsi=46.7 atr=0.10 atr%=0.12 vol=0.02 DOWN | 5m close=85.29 ema20=85.36 ema50=85.63 rsi=41.1 atr=0.13 atr%=0.15 vol=1.74 DOWN | 15m close=85.29 ema20=85.68 ema50=86.20 rsi=41.5 atr=0.24 atr%=0.29 vol=0.22 DOWN | 1h close=85.41 ema20=86.37 ema50=86.38 rsi=34.0 atr=0.71 atr%=0.83 vol=0.43 DOWN
2026-04-27 17:18:36,531 - INFO - ✅ SOLUSDT SIGNAL SELL score=80 type=trend entry=85.29 sl=85.45 tp=84.99
2026-04-27 17:18:43,004 - INFO - 🚀 OPEN SOLUSDT SELL qty=190.23 score=80 type=trend entry~85.29 sl=85.45 tp=84.99
2026-04-27 17:18:43,753 - WARNING - 💥 Loop error: Binance error 400: {'code': -2019, 'msg': 'Margin is insufficient.'}
2026-04-27 17:19:15,522 - INFO - 📊 Balance=5010.56 | daily=0.00%/10% | trades_today=0
2026-04-27 17:19:17,967 - INFO - 🔎 --- BTCUSDT ---
2026-04-27 17:19:21,219 - INFO - 📈 BTCUSDT | 1m close=77788.20 ema20=77813.93 ema50=77818.89 rsi=44.9 atr=43.06 atr%=0.06 vol=0.01 DOWN | 5m close=77774.80 ema20=77791.67 ema50=77869.76 rsi=49.8 atr=64.24 atr%=0.08 vol=0.61 DOWN | 15m close=77774.80 ema20=77911.43 ema50=78145.87 rsi=62.7 atr=90.71 atr%=0.12 vol=1.01 DOWN | 1h close=77905.90 ema20=78158.95 ema50=77995.56 rsi=45.9 atr=531.23 atr%=0.68 vol=0.60 DOWN
2026-04-27 17:19:24,184 - INFO - ⏸️ BTCUSDT no entry: ATR filter fail atr%=0.08
2026-04-27 17:19:24,184 - INFO - 🔎 --- ETHUSDT ---
2026-04-27 17:19:27,377 - INFO - 📈 ETHUSDT | 1m close=2319.33 ema20=2320.17 ema50=2319.91 rsi=40.5 atr=1.03 atr%=0.04 vol=0.08 DOWN | 5m close=2319.50 ema20=2319.23 ema50=2325.86 rsi=52.2 atr=2.97 atr%=0.13 vol=0.84 UP | 15m close=2319.50 ema20=2328.97 ema50=2344.50 rsi=51.7 atr=4.57 atr%=0.20 vol=0.75 DOWN | 1h close=2320.72 ema20=2346.02 ema50=2339.36 rsi=35.1 atr=21.38 atr%=0.92 vol=0.93 DOWN
2026-04-27 17:19:29,522 - INFO - ⏸️ ETHUSDT no entry: 5m entry not ready side=SELL close=2319.50 ema20=2319.23 momentum=-0.00027
2026-04-27 17:19:29,522 - INFO - 🔎 --- SOLUSDT ---
2026-04-27 17:19:32,599 - INFO - 📈 SOLUSDT | 1m close=85.29 ema20=85.34 ema50=85.34 rsi=47.2 atr=0.11 atr%=0.12 vol=0.30 DOWN | 5m close=85.29 ema20=85.36 ema50=85.63 rsi=41.1 atr=0.13 atr%=0.15 vol=1.74 DOWN | 15m close=85.29 ema20=85.68 ema50=86.20 rsi=41.5 atr=0.24 atr%=0.29 vol=0.22 DOWN | 1h close=85.41 ema20=86.37 ema50=86.38 rsi=34.0 atr=0.71 atr%=0.83 vol=0.43 DOWN
2026-04-27 17:19:34,727 - INFO - ✅ SOLUSDT SIGNAL SELL score=80 type=trend entry=85.29 sl=85.45 tp=84.99
2026-04-27 17:19:39,553 - INFO - 🚀 OPEN SOLUSDT SELL qty=190.23 score=80 type=trend entry~85.29 sl=85.45 tp=84.99
2026-04-27 17:19:40,302 - WARNING - 💥 Loop error: Binance error 400: {'code': -2019, 'msg': 'Margin is insufficient.'}
2026-04-27 17:20:11,055 - INFO - 📊 Balance=5010.56 | daily=0.00%/10% | trades_today=0
2026-04-27 17:20:13,326 - INFO - 🔎 --- BTCUSDT ---
2026-04-27 17:20:17,563 - INFO - 📈 BTCUSDT | 1m close=77796.00 ema20=77812.22 ema50=77817.99 rsi=34.5 atr=38.60 atr%=0.05 vol=0.02 DOWN | 5m close=77796.00 ema20=77792.08 ema50=77866.87 rsi=54.1 atr=62.06 atr%=0.08 vol=1.26 UP | 15m close=77774.80 ema20=77911.43 ema50=78145.87 rsi=62.7 atr=90.71 atr%=0.12 vol=1.01 DOWN | 1h close=77905.90 ema20=78158.95 ema50=77995.56 rsi=45.9 atr=531.23 atr%=0.68 vol=0.60 DOWN
2026-04-27 17:20:20,381 - INFO - ⏸️ BTCUSDT no entry: ATR filter fail atr%=0.08
2026-04-27 17:20:20,381 - INFO - 🔎 --- ETHUSDT ---
2026-04-27 17:20:23,966 - INFO - 📈 ETHUSDT | 1m close=2320.04 ema20=2320.16 ema50=2319.91 rsi=55.5 atr=0.87 atr%=0.04 vol=1.11 DOWN | 5m close=2320.04 ema20=2319.30 ema50=2325.63 rsi=53.2 atr=2.98 atr%=0.13 vol=1.06 UP | 15m close=2319.50 ema20=2328.97 ema50=2344.50 rsi=51.7 atr=4.57 atr%=0.20 vol=0.75 DOWN | 1h close=2320.72 ema20=2346.02 ema50=2339.36 rsi=35.1 atr=21.38 atr%=0.92 vol=0.93 DOWN
2026-04-27 17:20:26,266 - INFO - ⏸️ ETHUSDT no entry: 5m entry not ready side=SELL close=2320.04 ema20=2319.30 momentum=0.00023
2026-04-27 17:20:26,267 - INFO - 🔎 --- SOLUSDT ---
2026-04-27 17:20:29,327 - INFO - 📈 SOLUSDT | 1m close=85.29 ema20=85.33 ema50=85.34 rsi=49.4 atr=0.11 atr%=0.12 vol=0.26 DOWN | 5m close=85.29 ema20=85.35 ema50=85.61 rsi=41.1 atr=0.13 atr%=0.16 vol=1.57 DOWN | 15m close=85.29 ema20=85.68 ema50=86.20 rsi=41.5 atr=0.24 atr%=0.29 vol=0.22 DOWN | 1h close=85.41 ema20=86.37 ema50=86.38 rsi=34.0 atr=0.71 atr%=0.83 vol=0.43 DOWN
2026-04-27 17:20:31,455 - INFO - ✅ SOLUSDT SIGNAL SELL score=73 type=trend entry=85.29 sl=85.46 tp=84.97
2026-04-27 17:20:36,071 - INFO - 🚀 OPEN SOLUSDT SELL qty=179.1 score=73 type=trend entry~85.29 sl=85.46 tp=84.97
2026-04-27 17:20:36,834 - WARNING - 💥 Loop error: Binance error 400: {'code': -2019, 'msg': 'Margin is insufficient.'}
2026-04-27 17:21:07,577 - INFO - 📊 Balance=5010.56 | daily=0.00%/10% | trades_today=0
2026-04-27 17:21:09,883 - INFO - 🔎 --- BTCUSDT ---
2026-04-27 17:21:13,149 - INFO - 📈 BTCUSDT | 1m close=77787.50 ema20=77809.87 ema50=77816.80 rsi=52.8 atr=29.79 atr%=0.04 vol=0.62 DOWN | 5m close=77796.00 ema20=77792.08 ema50=77866.87 rsi=54.1 atr=62.06 atr%=0.08 vol=1.26 UP | 15m close=77774.80 ema20=77911.43 ema50=78145.87 rsi=62.7 atr=90.71 atr%=0.12 vol=1.01 DOWN | 1h close=77905.90 ema20=78158.95 ema50=77995.56 rsi=45.9 atr=531.23 atr%=0.68 vol=0.60 DOWN
2026-04-27 17:21:15,534 - INFO - ⏸️ BTCUSDT no entry: ATR filter fail atr%=0.08
2026-04-27 17:21:15,534 - INFO - 🔎 --- ETHUSDT ---
2026-04-27 17:21:18,766 - INFO - 📈 ETHUSDT | 1m close=2319.27 ema20=2320.08 ema50=2319.89 rsi=49.6 atr=0.91 atr%=0.04 vol=0.59 DOWN | 5m close=2320.04 ema20=2319.30 ema50=2325.63 rsi=53.2 atr=2.98 atr%=0.13 vol=1.06 UP | 15m close=2319.50 ema20=2328.97 ema50=2344.50 rsi=51.7 atr=4.57 atr%=0.20 vol=0.75 DOWN | 1h close=2320.72 ema20=2346.02 ema50=2339.36 rsi=35.1 atr=21.38 atr%=0.92 vol=0.93 DOWN
2026-04-27 17:21:22,120 - INFO - ⏸️ ETHUSDT no entry: 5m entry not ready side=SELL close=2320.04 ema20=2319.30 momentum=0.00023
2026-04-27 17:21:22,120 - INFO - 🔎 --- SOLUSDT ---
2026-04-27 17:21:25,226 - INFO - 📈 SOLUSDT | 1m close=85.29 ema20=85.33 ema50=85.34 rsi=50.0 atr=0.10 atr%=0.12 vol=0.08 DOWN | 5m close=85.29 ema20=85.35 ema50=85.61 rsi=41.1 atr=0.13 atr%=0.16 vol=1.57 DOWN | 15m close=85.29 ema20=85.68 ema50=86.20 rsi=41.5 atr=0.24 atr%=0.29 vol=0.22 DOWN | 1h close=85.41 ema20=86.37 ema50=86.38 rsi=34.0 atr=0.71 atr%=0.83 vol=0.43 DOWN
2026-04-27 17:21:27,406 - INFO - ✅ SOLUSDT SIGNAL SELL score=73 type=trend entry=85.29 sl=85.46 tp=84.97
2026-04-27 17:21:33,393 - INFO - 🚀 OPEN SOLUSDT SELL qty=179.1 score=73 type=trend entry~85.29 sl=85.46 tp=84.97
2026-04-27 17:21:34,106 - WARNING - 💥 Loop error: Binance error 400: {'code': -2019, 'msg': 'Margin is insufficient.'}
2026-04-27 17:22:04,893 - INFO - 📊 Balance=5010.56 | daily=0.00%/10% | trades_today=0
2026-04-27 17:22:10,581 - INFO - 🔎 --- BTCUSDT ---
2026-04-27 17:22:17,261 - INFO - 📈 BTCUSDT | 1m close=77787.50 ema20=77807.74 ema50=77815.65 rsi=52.9 atr=30.03 atr%=0.04 vol=0.00 DOWN | 5m close=77796.00 ema20=77792.08 ema50=77866.87 rsi=54.1 atr=62.06 atr%=0.08 vol=1.26 UP | 15m close=77774.80 ema20=77911.43 ema50=78145.87 rsi=62.7 atr=90.71 atr%=0.12 vol=1.01 DOWN | 1h close=77905.90 ema20=78158.95 ema50=77995.56 rsi=45.9 atr=531.23 atr%=0.68 vol=0.60 DOWN
2026-04-27 17:22:25,956 - INFO - ⏸️ BTCUSDT no entry: ATR filter fail atr%=0.08
2026-04-27 17:22:25,957 - INFO - 🔎 --- ETHUSDT ---
2026-04-27 17:22:36,245 - INFO - 📈 ETHUSDT | 1m close=2319.28 ema20=2320.00 ema50=2319.87 rsi=45.0 atr=0.95 atr%=0.04 vol=1.41 DOWN | 5m close=2320.04 ema20=2319.30 ema50=2325.63 rsi=53.2 atr=2.98 atr%=0.13 vol=1.06 UP | 15m close=2319.50 ema20=2328.97 ema50=2344.50 rsi=51.7 atr=4.57 atr%=0.20 vol=0.75 DOWN | 1h close=2320.72 ema20=2346.02 ema50=2339.36 rsi=35.1 atr=21.38 atr%=0.92 vol=0.93 DOWN
2026-04-27 17:22:38,480 - INFO - ⏸️ ETHUSDT no entry: 5m entry not ready side=SELL close=2320.04 ema20=2319.30 momentum=0.00023
2026-04-27 17:22:38,480 - INFO - 🔎 --- SOLUSDT ---
2026-04-27 17:22:41,545 - INFO - 📈 SOLUSDT | 1m close=85.29 ema20=85.33 ema50=85.33 rsi=47.5 atr=0.10 atr%=0.12 vol=0.04 DOWN | 5m close=85.29 ema20=85.35 ema50=85.61 rsi=41.1 atr=0.13 atr%=0.16 vol=1.57 DOWN | 15m close=85.29 ema20=85.68 ema50=86.20 rsi=41.5 atr=0.24 atr%=0.29 vol=0.22 DOWN | 1h close=85.41 ema20=86.37 ema50=86.38 rsi=34.0 atr=0.71 atr%=0.83 vol=0.43 DOWN
2026-04-27 17:22:43,827 - INFO - ✅ SOLUSDT SIGNAL SELL score=73 type=trend entry=85.29 sl=85.46 tp=84.97
2026-04-27 17:22:49,228 - INFO - 🚀 OPEN SOLUSDT SELL qty=179.1 score=73 type=trend entry~85.29 sl=85.46 tp=84.97
2026-04-27 17:22:49,962 - WARNING - 💥 Loop error: Binance error 400: {'code': -2019, 'msg': 'Margin is insufficient.'}
2026-04-27 17:23:21,571 - INFO - 📊 Balance=5010.56 | daily=0.00%/10% | trades_today=0
2026-04-27 17:23:23,956 - INFO - 🔎 --- BTCUSDT ---
2026-04-27 17:23:28,609 - INFO - 📈 BTCUSDT | 1m close=77787.50 ema20=77805.81 ema50=77814.54 rsi=52.8 atr=30.64 atr%=0.04 vol=0.01 DOWN | 5m close=77796.00 ema20=77792.08 ema50=77866.87 rsi=54.1 atr=62.06 atr%=0.08 vol=1.26 UP | 15m close=77774.80 ema20=77911.43 ema50=78145.87 rsi=62.7 atr=90.71 atr%=0.12 vol=1.01 DOWN | 1h close=77905.90 ema20=78158.95 ema50=77995.56 rsi=45.9 atr=531.23 atr%=0.68 vol=0.60 DOWN
2026-04-27 17:23:30,756 - INFO - ⏸️ BTCUSDT no entry: ATR filter fail atr%=0.08
2026-04-27 17:23:30,757 - INFO - 🔎 --- ETHUSDT ---
2026-04-27 17:23:35,734 - INFO - 📈 ETHUSDT | 1m close=2319.27 ema20=2319.93 ema50=2319.84 rsi=46.0 atr=0.95 atr%=0.04 vol=0.00 DOWN | 5m close=2320.04 ema20=2319.30 ema50=2325.63 rsi=53.2 atr=2.98 atr%=0.13 vol=1.06 UP | 15m close=2319.50 ema20=2328.97 ema50=2344.50 rsi=51.7 atr=4.57 atr%=0.20 vol=0.75 DOWN | 1h close=2320.72 ema20=2346.02 ema50=2339.36 rsi=35.1 atr=21.38 atr%=0.92 vol=0.93 DOWN
2026-04-27 17:23:37,988 - INFO - ⏸️ ETHUSDT no entry: 5m entry not ready side=SELL close=2320.04 ema20=2319.30 momentum=0.00023
2026-04-27 17:23:37,988 - INFO - 🔎 --- SOLUSDT ---
2026-04-27 17:23:41,176 - INFO - 📈 SOLUSDT | 1m close=85.26 ema20=85.32 ema50=85.33 rsi=47.5 atr=0.10 atr%=0.12 vol=0.03 DOWN | 5m close=85.29 ema20=85.35 ema50=85.61 rsi=41.1 atr=0.13 atr%=0.16 vol=1.57 DOWN | 15m close=85.29 ema20=85.68 ema50=86.20 rsi=41.5 atr=0.24 atr%=0.29 vol=0.22 DOWN | 1h close=85.41 ema20=86.37 ema50=86.38 rsi=34.0 atr=0.71 atr%=0.83 vol=0.43 DOWN
2026-04-27 17:23:43,385 - INFO - ✅ SOLUSDT SIGNAL SELL score=73 type=trend entry=85.29 sl=85.46 tp=84.97
2026-04-27 17:23:48,178 - INFO - 🚀 OPEN SOLUSDT SELL qty=179.1 score=73 type=trend entry~85.29 sl=85.46 tp=84.97
2026-04-27 17:23:48,881 - WARNING - 💥 Loop error: Binance error 400: {'code': -2019, 'msg': 'Margin is insufficient.'}
2026-04-27 17:24:20,036 - INFO - 📊 Balance=5010.56 | daily=0.00%/10% | trades_today=0
2026-04-27 17:24:22,430 - INFO - 🔎 --- BTCUSDT ---
2026-04-27 17:24:26,667 - INFO - 📈 BTCUSDT | 1m close=77789.70 ema20=77804.28 ema50=77813.57 rsi=51.5 atr=30.39 atr%=0.04 vol=0.01 DOWN | 5m close=77796.00 ema20=77792.08 ema50=77866.87 rsi=54.1 atr=62.06 atr%=0.08 vol=1.26 UP | 15m close=77774.80 ema20=77911.43 ema50=78145.87 rsi=62.7 atr=90.71 atr%=0.12 vol=1.01 DOWN | 1h close=77905.90 ema20=78158.95 ema50=77995.56 rsi=45.9 atr=531.23 atr%=0.68 vol=0.60 DOWN
2026-04-27 17:24:28,889 - INFO - ⏸️ BTCUSDT no entry: ATR filter fail atr%=0.08
2026-04-27 17:24:28,890 - INFO - 🔎 --- ETHUSDT ---
2026-04-27 17:24:38,616 - INFO - 📈 ETHUSDT | 1m close=2319.28 ema20=2319.87 ema50=2319.82 rsi=44.6 atr=0.95 atr%=0.04 vol=0.16 DOWN | 5m close=2320.04 ema20=2319.30 ema50=2325.63 rsi=53.2 atr=2.98 atr%=0.13 vol=1.06 UP | 15m close=2319.50 ema20=2328.97 ema50=2344.50 rsi=51.7 atr=4.57 atr%=0.20 vol=0.75 DOWN | 1h close=2320.72 ema20=2346.02 ema50=2339.36 rsi=35.1 atr=21.38 atr%=0.92 vol=0.93 DOWN
2026-04-27 17:24:40,810 - INFO - ⏸️ ETHUSDT no entry: 5m entry not ready side=SELL close=2320.04 ema20=2319.30 momentum=0.00023
2026-04-27 17:24:40,811 - INFO - 🔎 --- SOLUSDT ---
2026-04-27 17:24:43,891 - INFO - 📈 SOLUSDT | 1m close=85.23 ema20=85.31 ema50=85.33 rsi=41.6 atr=0.10 atr%=0.12 vol=0.03 DOWN | 5m close=85.29 ema20=85.35 ema50=85.61 rsi=41.1 atr=0.13 atr%=0.16 vol=1.57 DOWN | 15m close=85.29 ema20=85.68 ema50=86.20 rsi=41.5 atr=0.24 atr%=0.29 vol=0.22 DOWN | 1h close=85.41 ema20=86.37 ema50=86.38 rsi=34.0 atr=0.71 atr%=0.83 vol=0.43 DOWN
2026-04-27 17:24:46,099 - INFO - ✅ SOLUSDT SIGNAL SELL score=73 type=trend entry=85.29 sl=85.46 tp=84.97
2026-04-27 17:24:56,400 - INFO - 🚀 OPEN SOLUSDT SELL qty=179.1 score=73 type=trend entry~85.29 sl=85.46 tp=84.97
2026-04-27 17:24:59,063 - WARNING - 💥 Loop error: Binance error 400: {'code': -2019, 'msg': 'Margin is insufficient.'}
2026-04-27 17:25:29,850 - INFO - 📊 Balance=5010.56 | daily=0.00%/10% | trades_today=0
2026-04-27 17:25:32,159 - INFO - 🔎 --- BTCUSDT ---
2026-04-27 17:25:35,329 - INFO - 📈 BTCUSDT | 1m close=77787.50 ema20=77802.68 ema50=77812.54 rsi=49.4 atr=30.06 atr%=0.04 vol=0.02 DOWN | 5m close=77787.50 ema20=77791.64 ema50=77863.76 rsi=51.6 atr=59.16 atr%=0.08 vol=0.20 DOWN | 15m close=77774.80 ema20=77911.43 ema50=78145.87 rsi=62.7 atr=90.71 atr%=0.12 vol=1.01 DOWN | 1h close=77905.90 ema20=78158.95 ema50=77995.56 rsi=45.9 atr=531.23 atr%=0.68 vol=0.60 DOWN
2026-04-27 17:25:37,616 - INFO - ⏸️ BTCUSDT no entry: ATR filter fail atr%=0.08
2026-04-27 17:25:37,616 - INFO - 🔎 --- ETHUSDT ---
2026-04-27 17:25:40,873 - INFO - 📈 ETHUSDT | 1m close=2319.27 ema20=2319.81 ema50=2319.80 rsi=39.9 atr=0.92 atr%=0.04 vol=1.16 DOWN | 5m close=2319.27 ema20=2319.30 ema50=2325.38 rsi=50.4 atr=2.89 atr%=0.12 vol=0.61 DOWN | 15m close=2319.50 ema20=2328.97 ema50=2344.50 rsi=51.7 atr=4.57 atr%=0.20 vol=0.75 DOWN | 1h close=2320.72 ema20=2346.02 ema50=2339.36 rsi=35.1 atr=21.38 atr%=0.92 vol=0.93 DOWN
2026-04-27 17:25:43,003 - INFO - ⏸️ ETHUSDT no entry: score too low 57 side=SELL type=reclaim
2026-04-27 17:25:43,004 - INFO - 🔎 --- SOLUSDT ---
2026-04-27 17:25:52,219 - INFO - 📈 SOLUSDT | 1m close=85.21 ema20=85.30 ema50=85.32 rsi=38.2 atr=0.10 atr%=0.12 vol=2.27 DOWN | 5m close=85.21 ema20=85.34 ema50=85.60 rsi=37.3 atr=0.14 atr%=0.16 vol=0.67 DOWN | 15m close=85.29 ema20=85.68 ema50=86.20 rsi=41.5 atr=0.24 atr%=0.29 vol=0.22 DOWN | 1h close=85.41 ema20=86.37 ema50=86.38 rsi=34.0 atr=0.71 atr%=0.83 vol=0.43 DOWN
2026-04-27 17:25:55,902 - INFO - ✅ SOLUSDT SIGNAL SELL score=76 type=trend entry=85.21 sl=85.38 tp=84.88
2026-04-27 17:26:05,797 - INFO - 🚀 OPEN SOLUSDT SELL qty=176.28 score=76 type=trend entry~85.21 sl=85.38 tp=84.88
2026-04-27 17:26:06,497 - WARNING - 💥 Loop error: Binance error 400: {'code': -2019, 'msg': 'Margin is insufficient.'}
2026-04-27 17:26:37,330 - INFO - 📊 Balance=5010.56 | daily=0.00%/10% | trades_today=0
2026-04-27 17:26:39,693 - INFO - 🔎 --- BTCUSDT ---
2026-04-27 17:26:44,930 - INFO - 📈 BTCUSDT | 1m close=77789.70 ema20=77801.44 ema50=77811.65 rsi=51.0 atr=29.71 atr%=0.04 vol=0.02 DOWN | 5m close=77787.50 ema20=77791.64 ema50=77863.76 rsi=51.6 atr=59.16 atr%=0.08 vol=0.20 DOWN | 15m close=77774.80 ema20=77911.43 ema50=78145.87 rsi=62.7 atr=90.71 atr%=0.12 vol=1.01 DOWN | 1h close=77905.90 ema20=78158.95 ema50=77995.56 rsi=45.9 atr=531.23 atr%=0.68 vol=0.60 DOWN
2026-04-27 17:26:47,025 - INFO - ⏸️ BTCUSDT no entry: ATR filter fail atr%=0.08
2026-04-27 17:26:47,026 - INFO - 🔎 --- ETHUSDT ---
2026-04-27 17:26:53,519 - INFO - 📈 ETHUSDT | 1m close=2319.30 ema20=2319.76 ema50=2319.78 rsi=42.9 atr=0.80 atr%=0.03 vol=0.39 DOWN | 5m close=2319.27 ema20=2319.30 ema50=2325.38 rsi=50.4 atr=2.89 atr%=0.12 vol=0.61 DOWN | 15m close=2319.50 ema20=2328.97 ema50=2344.50 rsi=51.7 atr=4.57 atr%=0.20 vol=0.75 DOWN | 1h close=2320.72 ema20=2346.02 ema50=2339.36 rsi=35.1 atr=21.38 atr%=0.92 vol=0.93 DOWN
2026-04-27 17:26:57,128 - INFO - ⏸️ ETHUSDT no entry: score too low 57 side=SELL type=reclaim
2026-04-27 17:26:57,128 - INFO - 🔎 --- SOLUSDT ---
2026-04-27 17:27:00,184 - INFO - 📈 SOLUSDT | 1m close=85.29 ema20=85.30 ema50=85.32 rsi=46.8 atr=0.10 atr%=0.12 vol=0.77 DOWN | 5m close=85.21 ema20=85.34 ema50=85.60 rsi=37.3 atr=0.14 atr%=0.16 vol=0.67 DOWN | 15m close=85.29 ema20=85.68 ema50=86.20 rsi=41.5 atr=0.24 atr%=0.29 vol=0.22 DOWN | 1h close=85.41 ema20=86.37 ema50=86.38 rsi=34.0 atr=0.71 atr%=0.83 vol=0.43 DOWN
2026-04-27 17:27:02,581 - INFO - ✅ SOLUSDT SIGNAL SELL score=76 type=trend entry=85.21 sl=85.38 tp=84.88
2026-04-27 17:27:07,426 - INFO - 🚀 OPEN SOLUSDT SELL qty=176.28 score=76 type=trend entry~85.21 sl=85.38 tp=84.88
2026-04-27 17:27:08,182 - WARNING - 💥 Loop error: Binance error 400: {'code': -2019, 'msg': 'Margin is insufficient.'}
2026-04-27 17:27:38,932 - INFO - 📊 Balance=5010.56 | daily=0.00%/10% | trades_today=0
2026-04-27 17:27:42,149 - INFO - 🔎 --- BTCUSDT ---
2026-04-27 17:27:48,589 - INFO - 📈 BTCUSDT | 1m close=77787.50 ema20=77800.12 ema50=77810.70 rsi=47.8 atr=28.59 atr%=0.04 vol=0.01 DOWN | 5m close=77787.50 ema20=77791.64 ema50=77863.76 rsi=51.6 atr=59.16 atr%=0.08 vol=0.20 DOWN | 15m close=77774.80 ema20=77911.43 ema50=78145.87 rsi=62.7 atr=90.71 atr%=0.12 vol=1.01 DOWN | 1h close=77905.90 ema20=78158.95 ema50=77995.56 rsi=45.9 atr=531.23 atr%=0.68 vol=0.60 DOWN
2026-04-27 17:27:50,723 - INFO - ⏸️ BTCUSDT no entry: ATR filter fail atr%=0.08
2026-04-27 17:27:50,723 - INFO - 🔎 --- ETHUSDT ---
2026-04-27 17:27:57,057 - INFO - 📈 ETHUSDT | 1m close=2319.32 ema20=2319.72 ema50=2319.76 rsi=45.2 atr=0.73 atr%=0.03 vol=0.00 DOWN | 5m close=2319.27 ema20=2319.30 ema50=2325.38 rsi=50.4 atr=2.89 atr%=0.12 vol=0.61 DOWN | 15m close=2319.50 ema20=2328.97 ema50=2344.50 rsi=51.7 atr=4.57 atr%=0.20 vol=0.75 DOWN | 1h close=2320.72 ema20=2346.02 ema50=2339.36 rsi=35.1 atr=21.38 atr%=0.92 vol=0.93 DOWN
2026-04-27 17:28:00,264 - INFO - ⏸️ ETHUSDT no entry: score too low 57 side=SELL type=reclaim
2026-04-27 17:28:00,264 - INFO - 🔎 --- SOLUSDT ---
2026-04-27 17:28:05,403 - INFO - 📈 SOLUSDT | 1m close=85.21 ema20=85.29 ema50=85.32 rsi=45.1 atr=0.10 atr%=0.12 vol=0.01 DOWN | 5m close=85.21 ema20=85.34 ema50=85.60 rsi=37.3 atr=0.14 atr%=0.16 vol=0.67 DOWN | 15m close=85.29 ema20=85.68 ema50=86.20 rsi=41.5 atr=0.24 atr%=0.29 vol=0.22 DOWN | 1h close=85.41 ema20=86.37 ema50=86.38 rsi=34.0 atr=0.71 atr%=0.83 vol=0.43 DOWN
2026-04-27 17:28:09,784 - INFO - ✅ SOLUSDT SIGNAL SELL score=76 type=trend entry=85.21 sl=85.38 tp=84.88
2026-04-27 17:28:17,106 - INFO - 🚀 OPEN SOLUSDT SELL qty=176.28 score=76 type=trend entry~85.21 sl=85.38 tp=84.88
2026-04-27 17:28:17,804 - WARNING - 💥 Loop error: Binance error 400: {'code': -2019, 'msg': 'Margin is insufficient.'}
2026-04-27 17:28:48,994 - INFO - 📊 Balance=5010.56 | daily=0.00%/10% | trades_today=0
2026-04-27 17:28:51,275 - INFO - 🔎 --- BTCUSDT ---
2026-04-27 17:28:59,182 - INFO - 📈 BTCUSDT | 1m close=77796.10 ema20=77799.73 ema50=77810.13 rsi=27.5 atr=20.05 atr%=0.03 vol=0.02 DOWN | 5m close=77787.50 ema20=77791.64 ema50=77863.76 rsi=51.6 atr=59.16 atr%=0.08 vol=0.20 DOWN | 15m close=77774.80 ema20=77911.43 ema50=78145.87 rsi=62.7 atr=90.71 atr%=0.12 vol=1.01 DOWN | 1h close=77905.90 ema20=78158.95 ema50=77995.56 rsi=45.9 atr=531.23 atr%=0.68 vol=0.60 DOWN
2026-04-27 17:29:01,305 - INFO - ⏸️ BTCUSDT no entry: ATR filter fail atr%=0.08
2026-04-27 17:29:01,305 - INFO - 🔎 --- ETHUSDT ---
2026-04-27 17:29:06,382 - INFO - 📈 ETHUSDT | 1m close=2319.32 ema20=2319.68 ema50=2319.74 rsi=50.4 atr=0.64 atr%=0.03 vol=0.00 DOWN | 5m close=2319.27 ema20=2319.30 ema50=2325.38 rsi=50.4 atr=2.89 atr%=0.12 vol=0.61 DOWN | 15m close=2319.50 ema20=2328.97 ema50=2344.50 rsi=51.7 atr=4.57 atr%=0.20 vol=0.75 DOWN | 1h close=2320.72 ema20=2346.02 ema50=2339.36 rsi=35.1 atr=21.38 atr%=0.92 vol=0.93 DOWN
2026-04-27 17:29:10,768 - INFO - ⏸️ ETHUSDT no entry: score too low 57 side=SELL type=reclaim
2026-04-27 17:29:10,768 - INFO - 🔎 --- SOLUSDT ---
2026-04-27 17:29:16,061 - INFO - 📈 SOLUSDT | 1m close=85.29 ema20=85.29 ema50=85.32 rsi=50.0 atr=0.10 atr%=0.11 vol=0.07 DOWN | 5m close=85.21 ema20=85.34 ema50=85.60 rsi=37.3 atr=0.14 atr%=0.16 vol=0.67 DOWN | 15m close=85.29 ema20=85.68 ema50=86.20 rsi=41.5 atr=0.24 atr%=0.29 vol=0.22 DOWN | 1h close=85.41 ema20=86.37 ema50=86.38 rsi=34.0 atr=0.71 atr%=0.83 vol=0.43 DOWN
2026-04-27 17:29:18,810 - INFO - ✅ SOLUSDT SIGNAL SELL score=76 type=trend entry=85.21 sl=85.38 tp=84.88
2026-04-27 17:29:23,840 - INFO - 🚀 OPEN SOLUSDT SELL qty=176.28 score=76 type=trend entry~85.21 sl=85.38 tp=84.88
2026-04-27 17:29:24,587 - WARNING - 💥 Loop error: Binance error 400: {'code': -2019, 'msg': 'Margin is insufficient.'}
2026-04-27 17:29:57,334 - INFO - 📊 Balance=5010.56 | daily=0.00%/10% | trades_today=0
2026-04-27 17:30:00,481 - INFO - 🔎 --- BTCUSDT ---
2026-04-27 17:30:06,827 - INFO - 📈 BTCUSDT | 1m close=77787.50 ema20=77798.57 ema50=77809.24 rsi=59.5 atr=11.24 atr%=0.01 vol=0.00 DOWN | 5m close=77787.50 ema20=77791.64 ema50=77863.76 rsi=51.6 atr=59.16 atr%=0.08 vol=0.20 DOWN | 15m close=77774.80 ema20=77911.43 ema50=78145.87 rsi=62.7 atr=90.71 atr%=0.12 vol=1.01 DOWN | 1h close=77905.90 ema20=78158.95 ema50=77995.56 rsi=45.9 atr=531.23 atr%=0.68 vol=0.60 DOWN
2026-04-27 17:30:11,869 - INFO - ⏸️ BTCUSDT no entry: ATR filter fail atr%=0.08
2026-04-27 17:30:11,869 - INFO - 🔎 --- ETHUSDT ---
2026-04-27 17:30:18,212 - INFO - 📈 ETHUSDT | 1m close=2319.30 ema20=2319.61 ema50=2319.71 rsi=36.9 atr=0.50 atr%=0.02 vol=0.00 DOWN | 5m close=2319.30 ema20=2319.30 ema50=2325.14 rsi=52.6 atr=2.63 atr%=0.11 vol=0.07 DOWN | 15m close=2319.30 ema20=2328.05 ema50=2343.51 rsi=46.4 atr=4.26 atr%=0.18 vol=0.52 DOWN | 1h close=2320.72 ema20=2346.02 ema50=2339.36 rsi=35.1 atr=21.38 atr%=0.92 vol=0.93 DOWN
2026-04-27 17:30:26,013 - INFO - ⏸️ ETHUSDT no entry: score too low 51 side=SELL type=trend
2026-04-27 17:30:26,014 - INFO - 🔎 --- SOLUSDT ---
2026-04-27 17:30:32,646 - INFO - 📈 SOLUSDT | 1m close=85.29 ema20=85.29 ema50=85.31 rsi=32.7 atr=0.09 atr%=0.10 vol=0.00 DOWN | 5m close=85.29 ema20=85.33 ema50=85.59 rsi=44.7 atr=0.13 atr%=0.16 vol=0.26 DOWN | 15m close=85.29 ema20=85.64 ema50=86.16 rsi=39.1 atr=0.25 atr%=0.29 vol=0.20 DOWN | 1h close=85.41 ema20=86.37 ema50=86.38 rsi=34.0 atr=0.71 atr%=0.83 vol=0.43 DOWN
2026-04-27 17:30:34,894 - INFO - ⏸️ SOLUSDT no entry: 5m entry not ready side=SELL close=85.29 ema20=85.33 momentum=0.00094
2026-04-27 17:31:05,627 - INFO - 📊 Balance=5010.56 | daily=0.00%/10% | trades_today=0
2026-04-27 17:31:11,180 - INFO - 🔎 --- BTCUSDT ---
2026-04-27 17:31:14,418 - INFO - 📈 BTCUSDT | 1m close=77796.10 ema20=77798.02 ema50=77808.18 rsi=58.3 atr=10.81 atr%=0.01 vol=0.10 DOWN | 5m close=77794.90 ema20=77791.95 ema50=77861.06 rsi=57.1 atr=56.25 atr%=0.07 vol=0.01 UP | 15m close=77794.90 ema20=77900.33 ema50=78132.10 rsi=64.5 atr=83.15 atr%=0.11 vol=0.35 DOWN | 1h close=77905.90 ema20=78158.95 ema50=77995.56 rsi=45.9 atr=531.23 atr%=0.68 vol=0.60 DOWN
2026-04-27 17:31:16,957 - INFO - ⏸️ BTCUSDT no entry: ATR filter fail atr%=0.07
2026-04-27 17:31:16,958 - INFO - 🔎 --- ETHUSDT ---
2026-04-27 17:31:21,440 - INFO - 📈 ETHUSDT | 1m close=2319.28 ema20=2319.58 ema50=2319.69 rsi=50.1 atr=0.42 atr%=0.02 vol=0.05 DOWN | 5m close=2319.30 ema20=2319.30 ema50=2325.14 rsi=52.6 atr=2.63 atr%=0.11 vol=0.07 DOWN | 15m close=2319.30 ema20=2328.05 ema50=2343.51 rsi=46.4 atr=4.26 atr%=0.18 vol=0.52 DOWN | 1h close=2320.72 ema20=2346.02 ema50=2339.36 rsi=35.1 atr=21.38 atr%=0.92 vol=0.93 DOWN
2026-04-27 17:31:23,701 - INFO - ⏸️ ETHUSDT no entry: score too low 51 side=SELL type=trend
2026-04-27 17:31:23,701 - INFO - 🔎 --- SOLUSDT ---
2026-04-27 17:31:28,219 - INFO - 📈 SOLUSDT | 1m close=85.29 ema20=85.29 ema50=85.31 rsi=48.6 atr=0.08 atr%=0.09 vol=0.03 DOWN | 5m close=85.29 ema20=85.33 ema50=85.59 rsi=44.7 atr=0.13 atr%=0.16 vol=0.26 DOWN | 15m close=85.29 ema20=85.64 ema50=86.16 rsi=39.1 atr=0.25 atr%=0.29 vol=0.20 DOWN | 1h close=85.41 ema20=86.37 ema50=86.38 rsi=34.0 atr=0.71 atr%=0.83 vol=0.43 DOWN
2026-04-27 17:31:30,528 - INFO - ⏸️ SOLUSDT no entry: 5m entry not ready side=SELL close=85.29 ema20=85.33 momentum=0.00094
2026-04-27 17:32:01,285 - INFO - 📊 Balance=5010.56 | daily=0.00%/10% | trades_today=0
2026-04-27 17:32:03,579 - INFO - 🔎 --- BTCUSDT ---
2026-04-27 17:32:10,109 - INFO - 📈 BTCUSDT | 1m close=77796.10 ema20=77798.02 ema50=77808.18 rsi=58.3 atr=10.81 atr%=0.01 vol=0.10 DOWN | 5m close=77794.90 ema20=77791.95 ema50=77861.06 rsi=57.1 atr=56.25 atr%=0.07 vol=0.01 UP | 15m close=77794.90 ema20=77900.33 ema50=78132.10 rsi=64.5 atr=83.15 atr%=0.11 vol=0.35 DOWN | 1h close=77905.90 ema20=78158.95 ema50=77995.56 rsi=45.9 atr=531.23 atr%=0.68 vol=0.60 DOWN
2026-04-27 17:32:13,617 - INFO - ⏸️ BTCUSDT no entry: ATR filter fail atr%=0.07
2026-04-27 17:32:13,617 - INFO - 🔎 --- ETHUSDT ---
2026-04-27 17:32:16,886 - INFO - 📈 ETHUSDT | 1m close=2319.28 ema20=2319.55 ema50=2319.68 rsi=31.5 atr=0.36 atr%=0.02 vol=0.00 DOWN | 5m close=2319.30 ema20=2319.30 ema50=2325.14 rsi=52.6 atr=2.63 atr%=0.11 vol=0.07 DOWN | 15m close=2319.30 ema20=2328.05 ema50=2343.51 rsi=46.4 atr=4.26 atr%=0.18 vol=0.52 DOWN | 1h close=2320.72 ema20=2346.02 ema50=2339.36 rsi=35.1 atr=21.38 atr%=0.92 vol=0.93 DOWN
2026-04-27 17:32:19,258 - INFO - ⏸️ ETHUSDT no entry: score too low 51 side=SELL type=trend
2026-04-27 17:32:19,258 - INFO - 🔎 --- SOLUSDT ---
2026-04-27 17:32:22,303 - INFO - 📈 SOLUSDT | 1m close=85.25 ema20=85.29 ema50=85.31 rsi=42.1 atr=0.07 atr%=0.08 vol=0.02 DOWN | 5m close=85.29 ema20=85.33 ema50=85.59 rsi=44.7 atr=0.13 atr%=0.16 vol=0.26 DOWN | 15m close=85.29 ema20=85.64 ema50=86.16 rsi=39.1 atr=0.25 atr%=0.29 vol=0.20 DOWN | 1h close=85.41 ema20=86.37 ema50=86.38 rsi=34.0 atr=0.71 atr%=0.83 vol=0.43 DOWN
2026-04-27 17:32:27,361 - INFO - ⏸️ SOLUSDT no entry: 5m entry not ready side=SELL close=85.29 ema20=85.33 momentum=0.00094
2026-04-27 17:32:58,417 - INFO - 📊 Balance=5010.56 | daily=0.00%/10% | trades_today=0
2026-04-27 17:33:03,389 - INFO - 🔎 --- BTCUSDT ---
2026-04-27 17:33:09,149 - INFO - 📈 BTCUSDT | 1m close=77787.50 ema20=77797.02 ema50=77807.38 rsi=55.5 atr=9.91 atr%=0.01 vol=0.01 DOWN | 5m close=77794.90 ema20=77791.95 ema50=77861.06 rsi=57.1 atr=56.25 atr%=0.07 vol=0.01 UP | 15m close=77794.90 ema20=77900.33 ema50=78132.10 rsi=64.5 atr=83.15 atr%=0.11 vol=0.35 DOWN | 1h close=77905.90 ema20=78158.95 ema50=77995.56 rsi=45.9 atr=531.23 atr%=0.68 vol=0.60 DOWN
2026-04-27 17:33:12,695 - INFO - ⏸️ BTCUSDT no entry: ATR filter fail atr%=0.07
2026-04-27 17:33:12,695 - INFO - 🔎 --- ETHUSDT ---
2026-04-27 17:33:16,085 - INFO - 📈 ETHUSDT | 1m close=2319.34 ema20=2319.53 ema50=2319.66 rsi=50.3 atr=0.29 atr%=0.01 vol=0.00 DOWN | 5m close=2319.30 ema20=2319.30 ema50=2325.14 rsi=52.6 atr=2.63 atr%=0.11 vol=0.07 DOWN | 15m close=2319.30 ema20=2328.05 ema50=2343.51 rsi=46.4 atr=4.26 atr%=0.18 vol=0.52 DOWN | 1h close=2320.72 ema20=2346.02 ema50=2339.36 rsi=35.1 atr=21.38 atr%=0.92 vol=0.93 DOWN
2026-04-27 17:33:18,475 - INFO - ⏸️ ETHUSDT no entry: score too low 51 side=SELL type=trend
2026-04-27 17:33:18,475 - INFO - 🔎 --- SOLUSDT ---
2026-04-27 17:33:21,617 - INFO - 📈 SOLUSDT | 1m close=85.21 ema20=85.28 ema50=85.31 rsi=40.0 atr=0.07 atr%=0.08 vol=0.03 DOWN | 5m close=85.29 ema20=85.33 ema50=85.59 rsi=44.7 atr=0.13 atr%=0.16 vol=0.26 DOWN | 15m close=85.29 ema20=85.64 ema50=86.16 rsi=39.1 atr=0.25 atr%=0.29 vol=0.20 DOWN | 1h close=85.41 ema20=86.37 ema50=86.38 rsi=34.0 atr=0.71 atr%=0.83 vol=0.43 DOWN
2026-04-27 17:33:23,799 - INFO - ⏸️ SOLUSDT no entry: 5m entry not ready side=SELL close=85.29 ema20=85.33 momentum=0.00094
2026-04-27 17:33:54,527 - INFO - 📊 Balance=5010.56 | daily=0.00%/10% | trades_today=0
2026-04-27 17:33:56,792 - INFO - 🔎 --- BTCUSDT ---
2026-04-27 17:34:00,118 - INFO - 📈 BTCUSDT | 1m close=77787.60 ema20=77796.12 ema50=77806.60 rsi=49.5 atr=9.04 atr%=0.01 vol=0.02 DOWN | 5m close=77794.90 ema20=77791.95 ema50=77861.06 rsi=57.1 atr=56.25 atr%=0.07 vol=0.01 UP | 15m close=77794.90 ema20=77900.33 ema50=78132.10 rsi=64.5 atr=83.15 atr%=0.11 vol=0.35 DOWN | 1h close=77905.90 ema20=78158.95 ema50=77995.56 rsi=45.9 atr=531.23 atr%=0.68 vol=0.60 DOWN
2026-04-27 17:34:02,311 - INFO - ⏸️ BTCUSDT no entry: ATR filter fail atr%=0.07
2026-04-27 17:34:02,311 - INFO - 🔎 --- ETHUSDT ---
2026-04-27 17:34:05,606 - INFO - 📈 ETHUSDT | 1m close=2319.34 ema20=2319.53 ema50=2319.66 rsi=50.3 atr=0.29 atr%=0.01 vol=0.00 DOWN | 5m close=2319.30 ema20=2319.30 ema50=2325.14 rsi=52.6 atr=2.63 atr%=0.11 vol=0.07 DOWN | 15m close=2319.30 ema20=2328.05 ema50=2343.51 rsi=46.4 atr=4.26 atr%=0.18 vol=0.52 DOWN | 1h close=2320.72 ema20=2346.02 ema50=2339.36 rsi=35.1 atr=21.38 atr%=0.92 vol=0.93 DOWN
2026-04-27 17:34:07,767 - INFO - ⏸️ ETHUSDT no entry: score too low 51 side=SELL type=trend
2026-04-27 17:34:07,767 - INFO - 🔎 --- SOLUSDT ---
2026-04-27 17:34:10,888 - INFO - 📈 SOLUSDT | 1m close=85.26 ema20=85.28 ema50=85.30 rsi=46.7 atr=0.07 atr%=0.08 vol=0.01 DOWN | 5m close=85.29 ema20=85.33 ema50=85.59 rsi=44.7 atr=0.13 atr%=0.16 vol=0.26 DOWN | 15m close=85.29 ema20=85.64 ema50=86.16 rsi=39.1 atr=0.25 atr%=0.29 vol=0.20 DOWN | 1h close=85.41 ema20=86.37 ema50=86.38 rsi=34.0 atr=0.71 atr%=0.83 vol=0.43 DOWN
2026-04-27 17:34:13,086 - INFO - ⏸️ SOLUSDT no entry: 5m entry not ready side=SELL close=85.29 ema20=85.33 momentum=0.00094
2026-04-27 17:34:43,848 - INFO - 📊 Balance=5010.56 | daily=0.00%/10% | trades_today=0
2026-04-27 17:34:46,114 - INFO - 🔎 --- BTCUSDT ---
2026-04-27 17:34:49,457 - INFO - 📈 BTCUSDT | 1m close=77787.60 ema20=77795.31 ema50=77805.85 rsi=41.9 atr=8.14 atr%=0.01 vol=0.02 DOWN | 5m close=77794.90 ema20=77791.95 ema50=77861.06 rsi=57.1 atr=56.25 atr%=0.07 vol=0.01 UP | 15m close=77794.90 ema20=77900.33 ema50=78132.10 rsi=64.5 atr=83.15 atr%=0.11 vol=0.35 DOWN | 1h close=77905.90 ema20=78158.95 ema50=77995.56 rsi=45.9 atr=531.23 atr%=0.68 vol=0.60 DOWN
2026-04-27 17:34:51,659 - INFO - ⏸️ BTCUSDT no entry: ATR filter fail atr%=0.07
2026-04-27 17:34:51,659 - INFO - 🔎 --- ETHUSDT ---
2026-04-27 17:34:54,922 - INFO - 📈 ETHUSDT | 1m close=2319.34 ema20=2319.51 ema50=2319.65 rsi=13.5 atr=0.24 atr%=0.01 vol=0.00 DOWN | 5m close=2319.30 ema20=2319.30 ema50=2325.14 rsi=52.6 atr=2.63 atr%=0.11 vol=0.07 DOWN | 15m close=2319.30 ema20=2328.05 ema50=2343.51 rsi=46.4 atr=4.26 atr%=0.18 vol=0.52 DOWN | 1h close=2320.72 ema20=2346.02 ema50=2339.36 rsi=35.1 atr=21.38 atr%=0.92 vol=0.93 DOWN
2026-04-27 17:34:57,042 - INFO - ⏸️ ETHUSDT no entry: score too low 51 side=SELL type=trend
2026-04-27 17:34:57,042 - INFO - 🔎 --- SOLUSDT ---
2026-04-27 17:35:00,515 - INFO - 📈 SOLUSDT | 1m close=85.26 ema20=85.28 ema50=85.30 rsi=46.7 atr=0.07 atr%=0.08 vol=0.01 DOWN | 5m close=85.29 ema20=85.33 ema50=85.59 rsi=44.7 atr=0.13 atr%=0.16 vol=0.26 DOWN | 15m close=85.29 ema20=85.64 ema50=86.16 rsi=39.1 atr=0.25 atr%=0.29 vol=0.20 DOWN | 1h close=85.41 ema20=86.37 ema50=86.38 rsi=34.0 atr=0.71 atr%=0.83 vol=0.43 DOWN
2026-04-27 17:35:02,806 - INFO - ⏸️ SOLUSDT no entry: 5m entry not ready side=SELL close=85.29 ema20=85.33 momentum=0.00094
2026-04-27 17:35:33,521 - INFO - 📊 Balance=5010.56 | daily=0.00%/10% | trades_today=0
2026-04-27 17:35:35,671 - INFO - 🔎 --- BTCUSDT ---
2026-04-27 17:35:38,871 - INFO - 📈 BTCUSDT | 1m close=77796.10 ema20=77795.38 ema50=77805.48 rsi=58.3 atr=8.14 atr%=0.01 vol=0.03 UP | 5m close=77796.10 ema20=77792.35 ema50=77858.51 rsi=57.2 atr=56.86 atr%=0.07 vol=0.02 UP | 15m close=77794.90 ema20=77900.33 ema50=78132.10 rsi=64.5 atr=83.15 atr%=0.11 vol=0.35 DOWN | 1h close=77905.90 ema20=78158.95 ema50=77995.56 rsi=45.9 atr=531.23 atr%=0.68 vol=0.60 DOWN
2026-04-27 17:35:41,114 - INFO - ⏸️ BTCUSDT no entry: ATR filter fail atr%=0.07
2026-04-27 17:35:41,114 - INFO - 🔎 --- ETHUSDT ---
2026-04-27 17:35:44,401 - INFO - 📈 ETHUSDT | 1m close=2319.27 ema20=2319.49 ema50=2319.64 rsi=50.0 atr=0.18 atr%=0.01 vol=0.00 DOWN | 5m close=2319.27 ema20=2319.30 ema50=2324.91 rsi=58.9 atr=2.44 atr%=0.11 vol=0.01 DOWN | 15m close=2319.30 ema20=2328.05 ema50=2343.51 rsi=46.4 atr=4.26 atr%=0.18 vol=0.52 DOWN | 1h close=2320.72 ema20=2346.02 ema50=2339.36 rsi=35.1 atr=21.38 atr%=0.92 vol=0.93 DOWN
2026-04-27 17:35:46,542 - INFO - ⏸️ ETHUSDT no entry: score too low 51 side=SELL type=trend
2026-04-27 17:35:46,542 - INFO - 🔎 --- SOLUSDT ---
2026-04-27 17:35:49,628 - INFO - 📈 SOLUSDT | 1m close=85.21 ema20=85.27 ema50=85.30 rsi=42.0 atr=0.07 atr%=0.09 vol=0.26 DOWN | 5m close=85.21 ema20=85.32 ema50=85.57 rsi=50.5 atr=0.12 atr%=0.14 vol=0.05 DOWN | 15m close=85.29 ema20=85.64 ema50=86.16 rsi=39.1 atr=0.25 atr%=0.29 vol=0.20 DOWN | 1h close=85.41 ema20=86.37 ema50=86.38 rsi=34.0 atr=0.71 atr%=0.83 vol=0.43 DOWN
2026-04-27 17:35:51,781 - INFO - ✅ SOLUSDT SIGNAL SELL score=58 type=trend entry=85.21 sl=85.36 tp=85.00
2026-04-27 17:35:56,468 - INFO - 🚀 OPEN SOLUSDT SELL qty=201.62 score=58 type=trend entry~85.21 sl=85.36 tp=85.00
2026-04-27 17:35:57,187 - WARNING - 💥 Loop error: Binance error 400: {'code': -2019, 'msg': 'Margin is insufficient.'}
2026-04-27 17:36:27,895 - INFO - 📊 Balance=5010.56 | daily=0.00%/10% | trades_today=0
2026-04-27 17:36:30,030 - INFO - 🔎 --- BTCUSDT ---
2026-04-27 17:36:33,340 - INFO - 📈 BTCUSDT | 1m close=77786.90 ema20=77794.57 ema50=77804.75 rsi=49.5 atr=8.19 atr%=0.01 vol=0.05 DOWN | 5m close=77796.10 ema20=77792.35 ema50=77858.51 rsi=57.2 atr=56.86 atr%=0.07 vol=0.02 UP | 15m close=77794.90 ema20=77900.33 ema50=78132.10 rsi=64.5 atr=83.15 atr%=0.11 vol=0.35 DOWN | 1h close=77905.90 ema20=78158.95 ema50=77995.56 rsi=45.9 atr=531.23 atr%=0.68 vol=0.60 DOWN
2026-04-27 17:36:35,487 - INFO - ⏸️ BTCUSDT no entry: ATR filter fail atr%=0.07
2026-04-27 17:36:35,487 - INFO - 🔎 --- ETHUSDT ---
2026-04-27 17:36:38,632 - INFO - 📈 ETHUSDT | 1m close=2319.27 ema20=2319.47 ema50=2319.62 rsi=48.0 atr=0.09 atr%=0.00 vol=0.01 DOWN | 5m close=2319.27 ema20=2319.30 ema50=2324.91 rsi=58.9 atr=2.44 atr%=0.11 vol=0.01 DOWN | 15m close=2319.30 ema20=2328.05 ema50=2343.51 rsi=46.4 atr=4.26 atr%=0.18 vol=0.52 DOWN | 1h close=2320.72 ema20=2346.02 ema50=2339.36 rsi=35.1 atr=21.38 atr%=0.92 vol=0.93 DOWN
2026-04-27 17:36:40,869 - INFO - ⏸️ ETHUSDT no entry: score too low 51 side=SELL type=trend
2026-04-27 17:36:40,870 - INFO - 🔎 --- SOLUSDT ---
2026-04-27 17:36:43,922 - INFO - 📈 SOLUSDT | 1m close=85.29 ema20=85.27 ema50=85.30 rsi=50.0 atr=0.08 atr%=0.09 vol=0.28 UP | 5m close=85.21 ema20=85.32 ema50=85.57 rsi=50.5 atr=0.12 atr%=0.14 vol=0.05 DOWN | 15m close=85.29 ema20=85.64 ema50=86.16 rsi=39.1 atr=0.25 atr%=0.29 vol=0.20 DOWN | 1h close=85.41 ema20=86.37 ema50=86.38 rsi=34.0 atr=0.71 atr%=0.83 vol=0.43 DOWN
2026-04-27 17:36:46,156 - INFO - ✅ SOLUSDT SIGNAL SELL score=58 type=trend entry=85.21 sl=85.36 tp=85.00
2026-04-27 17:36:50,917 - INFO - 🚀 OPEN SOLUSDT SELL qty=201.62 score=58 type=trend entry~85.21 sl=85.36 tp=85.00
2026-04-27 17:36:51,615 - WARNING - 💥 Loop error: Binance error 400: {'code': -2019, 'msg': 'Margin is insufficient.'}
2026-04-27 17:37:22,329 - INFO - 📊 Balance=5010.56 | daily=0.00%/10% | trades_today=0
2026-04-27 17:37:24,529 - INFO - 🔎 --- BTCUSDT ---
2026-04-27 17:37:27,812 - INFO - 📈 BTCUSDT | 1m close=77796.80 ema20=77794.79 ema50=77804.43 rsi=56.6 atr=8.28 atr%=0.01 vol=3.40 UP | 5m close=77796.10 ema20=77792.35 ema50=77858.51 rsi=57.2 atr=56.86 atr%=0.07 vol=0.02 UP | 15m close=77794.90 ema20=77900.33 ema50=78132.10 rsi=64.5 atr=83.15 atr%=0.11 vol=0.35 DOWN | 1h close=77905.90 ema20=78158.95 ema50=77995.56 rsi=45.9 atr=531.23 atr%=0.68 vol=0.60 DOWN
2026-04-27 17:37:30,146 - INFO - ⏸️ BTCUSDT no entry: ATR filter fail atr%=0.07
2026-04-27 17:37:30,147 - INFO - 🔎 --- ETHUSDT ---
2026-04-27 17:37:33,350 - INFO - 📈 ETHUSDT | 1m close=2318.80 ema20=2319.41 ema50=2319.59 rsi=16.9 atr=0.12 atr%=0.00 vol=1.11 DOWN | 5m close=2319.27 ema20=2319.30 ema50=2324.91 rsi=58.9 atr=2.44 atr%=0.11 vol=0.01 DOWN | 15m close=2319.30 ema20=2328.05 ema50=2343.51 rsi=46.4 atr=4.26 atr%=0.18 vol=0.52 DOWN | 1h close=2320.72 ema20=2346.02 ema50=2339.36 rsi=35.1 atr=21.38 atr%=0.92 vol=0.93 DOWN
2026-04-27 17:37:35,558 - INFO - ⏸️ ETHUSDT no entry: score too low 51 side=SELL type=trend
2026-04-27 17:37:35,559 - INFO - 🔎 --- SOLUSDT ---
2026-04-27 17:37:38,745 - INFO - 📈 SOLUSDT | 1m close=85.13 ema20=85.26 ema50=85.29 rsi=40.8 atr=0.09 atr%=0.10 vol=3.47 DOWN | 5m close=85.21 ema20=85.32 ema50=85.57 rsi=50.5 atr=0.12 atr%=0.14 vol=0.05 DOWN | 15m close=85.29 ema20=85.64 ema50=86.16 rsi=39.1 atr=0.25 atr%=0.29 vol=0.20 DOWN | 1h close=85.41 ema20=86.37 ema50=86.38 rsi=34.0 atr=0.71 atr%=0.83 vol=0.43 DOWN
2026-04-27 17:37:40,885 - INFO - ✅ SOLUSDT SIGNAL SELL score=58 type=trend entry=85.21 sl=85.36 tp=85.00
2026-04-27 17:37:45,544 - INFO - 🚀 OPEN SOLUSDT SELL qty=201.62 score=58 type=trend entry~85.21 sl=85.36 tp=85.00
2026-04-27 17:37:46,250 - WARNING - 💥 Loop error: Binance error 400: {'code': -2019, 'msg': 'Margin is insufficient.'}
2026-04-27 17:38:16,953 - INFO - 📊 Balance=5010.56 | daily=0.00%/10% | trades_today=0
2026-04-27 17:38:19,139 - INFO - 🔎 --- BTCUSDT ---
2026-04-27 17:38:22,460 - INFO - 📈 BTCUSDT | 1m close=77799.90 ema20=77795.27 ema50=77804.25 rsi=57.1 atr=8.59 atr%=0.01 vol=8.50 UP | 5m close=77796.10 ema20=77792.35 ema50=77858.51 rsi=57.2 atr=56.86 atr%=0.07 vol=0.02 UP | 15m close=77794.90 ema20=77900.33 ema50=78132.10 rsi=64.5 atr=83.15 atr%=0.11 vol=0.35 DOWN | 1h close=77905.90 ema20=78158.95 ema50=77995.56 rsi=45.9 atr=531.23 atr%=0.68 vol=0.60 DOWN
2026-04-27 17:38:24,725 - INFO - ⏸️ BTCUSDT no entry: ATR filter fail atr%=0.07
2026-04-27 17:38:24,726 - INFO - 🔎 --- ETHUSDT ---
2026-04-27 17:38:28,046 - INFO - 📈 ETHUSDT | 1m close=2318.89 ema20=2319.36 ema50=2319.56 rsi=25.3 atr=0.11 atr%=0.00 vol=0.11 DOWN | 5m close=2319.27 ema20=2319.30 ema50=2324.91 rsi=58.9 atr=2.44 atr%=0.11 vol=0.01 DOWN | 15m close=2319.30 ema20=2328.05 ema50=2343.51 rsi=46.4 atr=4.26 atr%=0.18 vol=0.52 DOWN | 1h close=2320.72 ema20=2346.02 ema50=2339.36 rsi=35.1 atr=21.38 atr%=0.92 vol=0.93 DOWN
2026-04-27 17:38:30,345 - INFO - ⏸️ ETHUSDT no entry: score too low 51 side=SELL type=trend
2026-04-27 17:38:30,346 - INFO - 🔎 --- SOLUSDT ---
2026-04-27 17:38:33,449 - INFO - 📈 SOLUSDT | 1m close=85.11 ema20=85.25 ema50=85.29 rsi=41.4 atr=0.08 atr%=0.10 vol=2.52 DOWN | 5m close=85.21 ema20=85.32 ema50=85.57 rsi=50.5 atr=0.12 atr%=0.14 vol=0.05 DOWN | 15m close=85.29 ema20=85.64 ema50=86.16 rsi=39.1 atr=0.25 atr%=0.29 vol=0.20 DOWN | 1h close=85.41 ema20=86.37 ema50=86.38 rsi=34.0 atr=0.71 atr%=0.83 vol=0.43 DOWN
2026-04-27 17:38:35,640 - INFO - ✅ SOLUSDT SIGNAL SELL score=58 type=trend entry=85.21 sl=85.36 tp=85.00
2026-04-27 17:38:40,445 - INFO - 🚀 OPEN SOLUSDT SELL qty=201.62 score=58 type=trend entry~85.21 sl=85.36 tp=85.00
2026-04-27 17:38:41,186 - WARNING - 💥 Loop error: Binance error 400: {'code': -2019, 'msg': 'Margin is insufficient.'}
2026-04-27 17:39:11,933 - INFO - 📊 Balance=5010.56 | daily=0.00%/10% | trades_today=0
2026-04-27 17:39:14,457 - INFO - 🔎 --- BTCUSDT ---
2026-04-27 17:39:17,770 - INFO - 📈 BTCUSDT | 1m close=77800.00 ema20=77795.72 ema50=77804.09 rsi=59.0 atr=8.04 atr%=0.01 vol=7.68 UP | 5m close=77796.10 ema20=77792.35 ema50=77858.51 rsi=57.2 atr=56.86 atr%=0.07 vol=0.02 UP | 15m close=77794.90 ema20=77900.33 ema50=78132.10 rsi=64.5 atr=83.15 atr%=0.11 vol=0.35 DOWN | 1h close=77905.90 ema20=78158.95 ema50=77995.56 rsi=45.9 atr=531.23 atr%=0.68 vol=0.60 DOWN
2026-04-27 17:39:19,993 - INFO - ⏸️ BTCUSDT no entry: ATR filter fail atr%=0.07
2026-04-27 17:39:19,993 - INFO - 🔎 --- ETHUSDT ---
2026-04-27 17:39:23,294 - INFO - 📈 ETHUSDT | 1m close=2319.00 ema20=2319.32 ema50=2319.54 rsi=34.8 atr=0.13 atr%=0.01 vol=0.01 DOWN | 5m close=2319.27 ema20=2319.30 ema50=2324.91 rsi=58.9 atr=2.44 atr%=0.11 vol=0.01 DOWN | 15m close=2319.30 ema20=2328.05 ema50=2343.51 rsi=46.4 atr=4.26 atr%=0.18 vol=0.52 DOWN | 1h close=2320.72 ema20=2346.02 ema50=2339.36 rsi=35.1 atr=21.38 atr%=0.92 vol=0.93 DOWN
2026-04-27 17:39:25,512 - INFO - ⏸️ ETHUSDT no entry: score too low 51 side=SELL type=trend
2026-04-27 17:39:25,513 - INFO - 🔎 --- SOLUSDT ---
2026-04-27 17:39:28,688 - INFO - 📈 SOLUSDT | 1m close=85.13 ema20=85.23 ema50=85.28 rsi=44.3 atr=0.08 atr%=0.09 vol=0.13 DOWN | 5m close=85.21 ema20=85.32 ema50=85.57 rsi=50.5 atr=0.12 atr%=0.14 vol=0.05 DOWN | 15m close=85.29 ema20=85.64 ema50=86.16 rsi=39.1 atr=0.25 atr%=0.29 vol=0.20 DOWN | 1h close=85.41 ema20=86.37 ema50=86.38 rsi=34.0 atr=0.71 atr%=0.83 vol=0.43 DOWN
2026-04-27 17:39:30,860 - INFO - ✅ SOLUSDT SIGNAL SELL score=58 type=trend entry=85.21 sl=85.36 tp=85.00
2026-04-27 17:39:35,617 - INFO - 🚀 OPEN SOLUSDT SELL qty=201.62 score=58 type=trend entry~85.21 sl=85.36 tp=85.00
2026-04-27 17:39:36,311 - WARNING - 💥 Loop error: Binance error 400: {'code': -2019, 'msg': 'Margin is insufficient.'}
2026-04-27 17:40:07,046 - INFO - 📊 Balance=5010.56 | daily=0.00%/10% | trades_today=0
2026-04-27 17:40:09,322 - INFO - 🔎 --- BTCUSDT ---
2026-04-27 17:40:12,664 - INFO - 📈 BTCUSDT | 1m close=77829.90 ema20=77798.98 ema50=77805.10 rsi=70.6 atr=9.63 atr%=0.01 vol=7.09 UP | 5m close=77829.90 ema20=77795.92 ema50=77857.39 rsi=60.2 atr=59.91 atr%=0.08 vol=1.30 UP | 15m close=77794.90 ema20=77900.33 ema50=78132.10 rsi=64.5 atr=83.15 atr%=0.11 vol=0.35 DOWN | 1h close=77905.90 ema20=78158.95 ema50=77995.56 rsi=45.9 atr=531.23 atr%=0.68 vol=0.60 DOWN
2026-04-27 17:40:15,122 - INFO - ⏸️ BTCUSDT no entry: ATR filter fail atr%=0.08
2026-04-27 17:40:15,123 - INFO - 🔎 --- ETHUSDT ---
2026-04-27 17:40:18,430 - INFO - 📈 ETHUSDT | 1m close=2319.34 ema20=2319.32 ema50=2319.53 rsi=51.7 atr=0.17 atr%=0.01 vol=0.03 UP | 5m close=2319.34 ema20=2319.30 ema50=2324.69 rsi=54.2 atr=2.29 atr%=0.10 vol=0.09 UP | 15m close=2319.30 ema20=2328.05 ema50=2343.51 rsi=46.4 atr=4.26 atr%=0.18 vol=0.52 DOWN | 1h close=2320.72 ema20=2346.02 ema50=2339.36 rsi=35.1 atr=21.38 atr%=0.92 vol=0.93 DOWN
2026-04-27 17:40:20,632 - INFO - ⏸️ ETHUSDT no entry: ATR filter fail atr%=0.10
2026-04-27 17:40:20,633 - INFO - 🔎 --- SOLUSDT ---
2026-04-27 17:40:23,692 - INFO - 📈 SOLUSDT | 1m close=85.10 ema20=85.22 ema50=85.27 rsi=35.4 atr=0.08 atr%=0.09 vol=0.09 DOWN | 5m close=85.10 ema20=85.30 ema50=85.55 rsi=46.9 atr=0.13 atr%=0.15 vol=0.52 DOWN | 15m close=85.29 ema20=85.64 ema50=86.16 rsi=39.1 atr=0.25 atr%=0.29 vol=0.20 DOWN | 1h close=85.41 ema20=86.37 ema50=86.38 rsi=34.0 atr=0.71 atr%=0.83 vol=0.43 DOWN
2026-04-27 17:40:25,952 - INFO - ✅ SOLUSDT SIGNAL SELL score=58 type=trend entry=85.10 sl=85.26 tp=84.87
2026-04-27 17:40:30,798 - INFO - 🚀 OPEN SOLUSDT SELL qty=190.23 score=58 type=trend entry~85.10 sl=85.26 tp=84.87
2026-04-27 17:40:31,518 - WARNING - 💥 Loop error: Binance error 400: {'code': -2019, 'msg': 'Margin is insufficient.'}
2026-04-27 17:41:02,260 - INFO - 📊 Balance=5010.56 | daily=0.00%/10% | trades_today=0
2026-04-27 17:41:04,498 - INFO - 🔎 --- BTCUSDT ---
2026-04-27 17:41:07,954 - INFO - 📈 BTCUSDT | 1m close=77829.90 ema20=77798.98 ema50=77805.10 rsi=70.6 atr=9.63 atr%=0.01 vol=7.09 UP | 5m close=77829.90 ema20=77795.92 ema50=77857.39 rsi=60.2 atr=59.91 atr%=0.08 vol=1.30 UP | 15m close=77794.90 ema20=77900.33 ema50=78132.10 rsi=64.5 atr=83.15 atr%=0.11 vol=0.35 DOWN | 1h close=77905.90 ema20=78158.95 ema50=77995.56 rsi=45.9 atr=531.23 atr%=0.68 vol=0.60 DOWN
2026-04-27 17:41:10,119 - INFO - ⏸️ BTCUSDT no entry: ATR filter fail atr%=0.08
2026-04-27 17:41:10,120 - INFO - 🔎 --- ETHUSDT ---
2026-04-27 17:41:13,486 - INFO - 📈 ETHUSDT | 1m close=2319.44 ema20=2319.34 ema50=2319.53 rsi=54.7 atr=0.17 atr%=0.01 vol=0.02 UP | 5m close=2319.34 ema20=2319.30 ema50=2324.69 rsi=54.2 atr=2.29 atr%=0.10 vol=0.09 UP | 15m close=2319.30 ema20=2328.05 ema50=2343.51 rsi=46.4 atr=4.26 atr%=0.18 vol=0.52 DOWN | 1h close=2320.72 ema20=2346.02 ema50=2339.36 rsi=35.1 atr=21.38 atr%=0.92 vol=0.93 DOWN
2026-04-27 17:41:15,632 - INFO - ⏸️ ETHUSDT no entry: ATR filter fail atr%=0.10
2026-04-27 17:41:15,633 - INFO - 🔎 --- SOLUSDT ---
2026-04-27 17:41:18,712 - INFO - 📈 SOLUSDT | 1m close=85.12 ema20=85.21 ema50=85.27 rsi=42.4 atr=0.07 atr%=0.09 vol=1.76 DOWN | 5m close=85.10 ema20=85.30 ema50=85.55 rsi=46.9 atr=0.13 atr%=0.15 vol=0.52 DOWN | 15m close=85.29 ema20=85.64 ema50=86.16 rsi=39.1 atr=0.25 atr%=0.29 vol=0.20 DOWN | 1h close=85.41 ema20=86.37 ema50=86.38 rsi=34.0 atr=0.71 atr%=0.83 vol=0.43 DOWN
2026-04-27 17:41:20,943 - INFO - ✅ SOLUSDT SIGNAL SELL score=58 type=trend entry=85.10 sl=85.26 tp=84.87
2026-04-27 17:41:25,593 - INFO - 🚀 OPEN SOLUSDT SELL qty=190.23 score=58 type=trend entry~85.10 sl=85.26 tp=84.87
2026-04-27 17:41:26,297 - WARNING - 💥 Loop error: Binance error 400: {'code': -2019, 'msg': 'Margin is insufficient.'}
2026-04-27 17:41:57,068 - INFO - 📊 Balance=5010.56 | daily=0.00%/10% | trades_today=0
2026-04-27 17:41:59,347 - INFO - 🔎 --- BTCUSDT ---
2026-04-27 17:42:02,644 - INFO - 📈 BTCUSDT | 1m close=77837.30 ema20=77802.63 ema50=77806.36 rsi=74.3 atr=12.20 atr%=0.02 vol=4.82 UP | 5m close=77829.90 ema20=77795.92 ema50=77857.39 rsi=60.2 atr=59.91 atr%=0.08 vol=1.30 UP | 15m close=77794.90 ema20=77900.33 ema50=78132.10 rsi=64.5 atr=83.15 atr%=0.11 vol=0.35 DOWN | 1h close=77905.90 ema20=78158.95 ema50=77995.56 rsi=45.9 atr=531.23 atr%=0.68 vol=0.60 DOWN
2026-04-27 17:42:04,865 - INFO - ⏸️ BTCUSDT no entry: ATR filter fail atr%=0.08
2026-04-27 17:42:04,866 - INFO - 🔎 --- ETHUSDT ---
2026-04-27 17:42:08,177 - INFO - 📈 ETHUSDT | 1m close=2319.34 ema20=2319.34 ema50=2319.52 rsi=50.7 atr=0.19 atr%=0.01 vol=0.09 UP | 5m close=2319.34 ema20=2319.30 ema50=2324.69 rsi=54.2 atr=2.29 atr%=0.10 vol=0.09 UP | 15m close=2319.30 ema20=2328.05 ema50=2343.51 rsi=46.4 atr=4.26 atr%=0.18 vol=0.52 DOWN | 1h close=2320.72 ema20=2346.02 ema50=2339.36 rsi=35.1 atr=21.38 atr%=0.92 vol=0.93 DOWN
2026-04-27 17:42:10,382 - INFO - ⏸️ ETHUSDT no entry: ATR filter fail atr%=0.10
2026-04-27 17:42:10,382 - INFO - 🔎 --- SOLUSDT ---
2026-04-27 17:42:13,466 - INFO - 📈 SOLUSDT | 1m close=85.13 ema20=85.20 ema50=85.26 rsi=34.6 atr=0.07 atr%=0.08 vol=4.06 DOWN | 5m close=85.10 ema20=85.30 ema50=85.55 rsi=46.9 atr=0.13 atr%=0.15 vol=0.52 DOWN | 15m close=85.29 ema20=85.64 ema50=86.16 rsi=39.1 atr=0.25 atr%=0.29 vol=0.20 DOWN | 1h close=85.41 ema20=86.37 ema50=86.38 rsi=34.0 atr=0.71 atr%=0.83 vol=0.43 DOWN
2026-04-27 17:42:15,668 - INFO - ✅ SOLUSDT SIGNAL SELL score=58 type=trend entry=85.10 sl=85.26 tp=84.87
2026-04-27 17:42:20,245 - INFO - 🚀 OPEN SOLUSDT SELL qty=190.23 score=58 type=trend entry~85.10 sl=85.26 tp=84.87
2026-04-27 17:42:20,945 - WARNING - 💥 Loop error: Binance error 400: {'code': -2019, 'msg': 'Margin is insufficient.'}
2026-04-27 17:42:51,767 - INFO - 📊 Balance=5010.56 | daily=0.00%/10% | trades_today=0
2026-04-27 17:42:54,035 - INFO - 🔎 --- BTCUSDT ---
2026-04-27 17:42:57,344 - INFO - 📈 BTCUSDT | 1m close=77870.70 ema20=77809.11 ema50=77808.88 rsi=79.3 atr=14.51 atr%=0.02 vol=7.94 UP | 5m close=77829.90 ema20=77795.92 ema50=77857.39 rsi=60.2 atr=59.91 atr%=0.08 vol=1.30 UP | 15m close=77794.90 ema20=77900.33 ema50=78132.10 rsi=64.5 atr=83.15 atr%=0.11 vol=0.35 DOWN | 1h close=77905.90 ema20=78158.95 ema50=77995.56 rsi=45.9 atr=531.23 atr%=0.68 vol=0.60 DOWN
2026-04-27 17:42:59,521 - INFO - ⏸️ BTCUSDT no entry: ATR filter fail atr%=0.08
2026-04-27 17:42:59,522 - INFO - 🔎 --- ETHUSDT ---
2026-04-27 17:43:02,926 - INFO - 📈 ETHUSDT | 1m close=2319.34 ema20=2319.34 ema50=2319.52 rsi=50.7 atr=0.19 atr%=0.01 vol=0.09 UP | 5m close=2319.34 ema20=2319.30 ema50=2324.69 rsi=54.2 atr=2.29 atr%=0.10 vol=0.09 UP | 15m close=2319.30 ema20=2328.05 ema50=2343.51 rsi=46.4 atr=4.26 atr%=0.18 vol=0.52 DOWN | 1h close=2320.72 ema20=2346.02 ema50=2339.36 rsi=35.1 atr=21.38 atr%=0.92 vol=0.93 DOWN
2026-04-27 17:43:05,511 - INFO - ⏸️ ETHUSDT no entry: ATR filter fail atr%=0.10
2026-04-27 17:43:05,511 - INFO - 🔎 --- SOLUSDT ---
2026-04-27 17:43:08,595 - INFO - 📈 SOLUSDT | 1m close=85.13 ema20=85.20 ema50=85.26 rsi=34.6 atr=0.07 atr%=0.08 vol=0.06 DOWN | 5m close=85.10 ema20=85.30 ema50=85.55 rsi=46.9 atr=0.13 atr%=0.15 vol=0.52 DOWN | 15m close=85.29 ema20=85.64 ema50=86.16 rsi=39.1 atr=0.25 atr%=0.29 vol=0.20 DOWN | 1h close=85.41 ema20=86.37 ema50=86.38 rsi=34.0 atr=0.71 atr%=0.83 vol=0.43 DOWN
2026-04-27 17:43:10,799 - INFO - ✅ SOLUSDT SIGNAL SELL score=58 type=trend entry=85.10 sl=85.26 tp=84.87
2026-04-27 17:43:15,575 - INFO - 🚀 OPEN SOLUSDT SELL qty=190.23 score=58 type=trend entry~85.10 sl=85.26 tp=84.87
2026-04-27 17:43:16,261 - WARNING - 💥 Loop error: Binance error 400: {'code': -2019, 'msg': 'Margin is insufficient.'}
2026-04-27 17:43:47,021 - INFO - 📊 Balance=5010.56 | daily=0.00%/10% | trades_today=0
2026-04-27 17:43:49,288 - INFO - 🔎 --- BTCUSDT ---
2026-04-27 17:43:52,599 - INFO - 📈 BTCUSDT | 1m close=77861.40 ema20=77814.09 ema50=77810.94 rsi=78.8 atr=16.45 atr%=0.02 vol=0.03 UP | 5m close=77829.90 ema20=77795.92 ema50=77857.39 rsi=60.2 atr=59.91 atr%=0.08 vol=1.30 UP | 15m close=77794.90 ema20=77900.33 ema50=78132.10 rsi=64.5 atr=83.15 atr%=0.11 vol=0.35 DOWN | 1h close=77905.90 ema20=78158.95 ema50=77995.56 rsi=45.9 atr=531.23 atr%=0.68 vol=0.60 DOWN
2026-04-27 17:43:55,062 - INFO - ⏸️ BTCUSDT no entry: ATR filter fail atr%=0.08
2026-04-27 17:43:55,062 - INFO - 🔎 --- ETHUSDT ---
2026-04-27 17:43:58,338 - INFO - 📈 ETHUSDT | 1m close=2319.29 ema20=2319.33 ema50=2319.51 rsi=49.6 atr=0.25 atr%=0.01 vol=0.25 DOWN | 5m close=2319.34 ema20=2319.30 ema50=2324.69 rsi=54.2 atr=2.29 atr%=0.10 vol=0.09 UP | 15m close=2319.30 ema20=2328.05 ema50=2343.51 rsi=46.4 atr=4.26 atr%=0.18 vol=0.52 DOWN | 1h close=2320.72 ema20=2346.02 ema50=2339.36 rsi=35.1 atr=21.38 atr%=0.92 vol=0.93 DOWN
2026-04-27 17:44:00,508 - INFO - ⏸️ ETHUSDT no entry: ATR filter fail atr%=0.10
2026-04-27 17:44:00,508 - INFO - 🔎 --- SOLUSDT ---
2026-04-27 17:44:03,605 - INFO - 📈 SOLUSDT | 1m close=85.13 ema20=85.20 ema50=85.26 rsi=34.6 atr=0.07 atr%=0.08 vol=0.06 DOWN | 5m close=85.10 ema20=85.30 ema50=85.55 rsi=46.9 atr=0.13 atr%=0.15 vol=0.52 DOWN | 15m close=85.29 ema20=85.64 ema50=86.16 rsi=39.1 atr=0.25 atr%=0.29 vol=0.20 DOWN | 1h close=85.41 ema20=86.37 ema50=86.38 rsi=34.0 atr=0.71 atr%=0.83 vol=0.43 DOWN
2026-04-27 17:44:05,804 - INFO - ✅ SOLUSDT SIGNAL SELL score=58 type=trend entry=85.10 sl=85.26 tp=84.87
2026-04-27 17:44:10,563 - INFO - 🚀 OPEN SOLUSDT SELL qty=190.23 score=58 type=trend entry~85.10 sl=85.26 tp=84.87
2026-04-27 17:44:11,304 - WARNING - 💥 Loop error: Binance error 400: {'code': -2019, 'msg': 'Margin is insufficient.'}
2026-04-27 17:44:42,076 - INFO - 📊 Balance=5010.56 | daily=0.00%/10% | trades_today=0
2026-04-27 17:44:44,307 - INFO - 🔎 --- BTCUSDT ---
2026-04-27 17:44:47,515 - INFO - 📈 BTCUSDT | 1m close=77861.30 ema20=77818.59 ema50=77812.91 rsi=77.5 atr=18.56 atr%=0.02 vol=0.05 UP | 5m close=77829.90 ema20=77795.92 ema50=77857.39 rsi=60.2 atr=59.91 atr%=0.08 vol=1.30 UP | 15m close=77794.90 ema20=77900.33 ema50=78132.10 rsi=64.5 atr=83.15 atr%=0.11 vol=0.35 DOWN | 1h close=77905.90 ema20=78158.95 ema50=77995.56 rsi=45.9 atr=531.23 atr%=0.68 vol=0.60 DOWN
2026-04-27 17:44:49,734 - INFO - ⏸️ BTCUSDT no entry: ATR filter fail atr%=0.08
2026-04-27 17:44:49,735 - INFO - 🔎 --- ETHUSDT ---
2026-04-27 17:44:52,971 - INFO - 📈 ETHUSDT | 1m close=2319.34 ema20=2319.33 ema50=2319.50 rsi=51.4 atr=0.27 atr%=0.01 vol=0.03 UP | 5m close=2319.34 ema20=2319.30 ema50=2324.69 rsi=54.2 atr=2.29 atr%=0.10 vol=0.09 UP | 15m close=2319.30 ema20=2328.05 ema50=2343.51 rsi=46.4 atr=4.26 atr%=0.18 vol=0.52 DOWN | 1h close=2320.72 ema20=2346.02 ema50=2339.36 rsi=35.1 atr=21.38 atr%=0.92 vol=0.93 DOWN
2026-04-27 17:44:55,161 - INFO - ⏸️ ETHUSDT no entry: ATR filter fail atr%=0.10
2026-04-27 17:44:55,162 - INFO - 🔎 --- SOLUSDT ---
2026-04-27 17:44:58,289 - INFO - 📈 SOLUSDT | 1m close=85.14 ema20=85.19 ema50=85.25 rsi=35.8 atr=0.06 atr%=0.07 vol=1.36 DOWN | 5m close=85.10 ema20=85.30 ema50=85.55 rsi=46.9 atr=0.13 atr%=0.15 vol=0.52 DOWN | 15m close=85.29 ema20=85.64 ema50=86.16 rsi=39.1 atr=0.25 atr%=0.29 vol=0.20 DOWN | 1h close=85.41 ema20=86.37 ema50=86.38 rsi=34.0 atr=0.71 atr%=0.83 vol=0.43 DOWN
2026-04-27 17:45:01,003 - INFO - ✅ SOLUSDT SIGNAL SELL score=58 type=trend entry=85.10 sl=85.26 tp=84.87
2026-04-27 17:45:05,763 - INFO - 🚀 OPEN SOLUSDT SELL qty=190.23 score=58 type=trend entry~85.10 sl=85.26 tp=84.87
2026-04-27 17:45:06,518 - WARNING - 💥 Loop error: Binance error 400: {'code': -2019, 'msg': 'Margin is insufficient.'}
2026-04-27 17:45:37,264 - INFO - 📊 Balance=5010.56 | daily=0.00%/10% | trades_today=0
2026-04-27 17:45:39,507 - INFO - 🔎 --- BTCUSDT ---
2026-04-27 17:45:42,960 - INFO - 📈 BTCUSDT | 1m close=77861.30 ema20=77822.66 ema50=77814.82 rsi=77.3 atr=20.68 atr%=0.03 vol=0.01 UP | 5m close=77861.30 ema20=77802.15 ema50=77857.54 rsi=45.5 atr=52.88 atr%=0.07 vol=1.54 UP | 15m close=77861.30 ema20=77896.61 ema50=78121.49 rsi=62.6 atr=81.29 atr%=0.10 vol=0.66 DOWN | 1h close=77905.90 ema20=78158.95 ema50=77995.56 rsi=45.9 atr=531.23 atr%=0.68 vol=0.60 DOWN
2026-04-27 17:45:46,149 - INFO - ⏸️ BTCUSDT no entry: ATR filter fail atr%=0.07
2026-04-27 17:45:46,149 - INFO - 🔎 --- ETHUSDT ---
2026-04-27 17:45:51,274 - INFO - 📈 ETHUSDT | 1m close=2319.34 ema20=2319.33 ema50=2319.50 rsi=52.1 atr=0.29 atr%=0.01 vol=0.14 UP | 5m close=2319.34 ema20=2319.31 ema50=2324.48 rsi=41.4 atr=1.88 atr%=0.08 vol=0.01 UP | 15m close=2319.34 ema20=2327.22 ema50=2342.56 rsi=49.1 atr=4.10 atr%=0.18 vol=0.03 DOWN | 1h close=2320.72 ema20=2346.02 ema50=2339.36 rsi=35.1 atr=21.38 atr%=0.92 vol=0.93 DOWN
2026-04-27 17:45:57,731 - INFO - ⏸️ ETHUSDT no entry: ATR filter fail atr%=0.08
2026-04-27 17:45:57,731 - INFO - 🔎 --- SOLUSDT ---
2026-04-27 17:46:03,431 - INFO - 📈 SOLUSDT | 1m close=85.14 ema20=85.19 ema50=85.25 rsi=35.8 atr=0.06 atr%=0.07 vol=0.50 DOWN | 5m close=85.14 ema20=85.28 ema50=85.54 rsi=36.6 atr=0.11 atr%=0.13 vol=0.80 DOWN | 15m close=85.14 ema20=85.59 ema50=86.12 rsi=36.7 atr=0.24 atr%=0.28 vol=0.16 DOWN | 1h close=85.41 ema20=86.37 ema50=86.38 rsi=34.0 atr=0.71 atr%=0.83 vol=0.43 DOWN
2026-04-27 17:46:12,071 - INFO - ⏸️ SOLUSDT no entry: 5m entry not ready side=SELL close=85.14 ema20=85.28 momentum=0.00047
2026-04-27 17:46:43,397 - INFO - 📊 Balance=5010.56 | daily=0.00%/10% | trades_today=0
2026-04-27 17:46:46,942 - INFO - 🔎 --- BTCUSDT ---
2026-04-27 17:46:54,103 - INFO - 📈 BTCUSDT | 1m close=77870.80 ema20=77827.24 ema50=77817.01 rsi=84.6 atr=22.81 atr%=0.03 vol=0.04 UP | 5m close=77861.30 ema20=77802.15 ema50=77857.54 rsi=45.5 atr=52.88 atr%=0.07 vol=1.54 UP | 15m close=77861.30 ema20=77896.61 ema50=78121.49 rsi=62.6 atr=81.29 atr%=0.10 vol=0.66 DOWN | 1h close=77905.90 ema20=78158.95 ema50=77995.56 rsi=45.9 atr=531.23 atr%=0.68 vol=0.60 DOWN
2026-04-27 17:46:57,547 - INFO - ⏸️ BTCUSDT no entry: ATR filter fail atr%=0.07
2026-04-27 17:46:57,547 - INFO - 🔎 --- ETHUSDT ---
2026-04-27 17:47:10,166 - INFO - 📈 ETHUSDT | 1m close=2319.58 ema20=2319.36 ema50=2319.50 rsi=58.9 atr=0.31 atr%=0.01 vol=0.31 UP | 5m close=2319.34 ema20=2319.31 ema50=2324.48 rsi=41.4 atr=1.88 atr%=0.08 vol=0.01 UP | 15m close=2319.34 ema20=2327.22 ema50=2342.56 rsi=49.1 atr=4.10 atr%=0.18 vol=0.03 DOWN | 1h close=2320.72 ema20=2346.02 ema50=2339.36 rsi=35.1 atr=21.38 atr%=0.92 vol=0.93 DOWN
2026-04-27 17:47:13,177 - INFO - ⏸️ ETHUSDT no entry: ATR filter fail atr%=0.08
2026-04-27 17:47:13,178 - INFO - 🔎 --- SOLUSDT ---
2026-04-27 17:47:18,186 - INFO - 📈 SOLUSDT | 1m close=85.11 ema20=85.17 ema50=85.24 rsi=39.6 atr=0.05 atr%=0.06 vol=1.82 DOWN | 5m close=85.14 ema20=85.28 ema50=85.54 rsi=36.6 atr=0.11 atr%=0.13 vol=0.80 DOWN | 15m close=85.14 ema20=85.59 ema50=86.12 rsi=36.7 atr=0.24 atr%=0.28 vol=0.16 DOWN | 1h close=85.41 ema20=86.37 ema50=86.38 rsi=34.0 atr=0.71 atr%=0.83 vol=0.43 DOWN
2026-04-27 17:47:22,178 - INFO - ⏸️ SOLUSDT no entry: 5m entry not ready side=SELL close=85.14 ema20=85.28 momentum=0.00047
2026-04-27 17:47:54,282 - INFO - 📊 Balance=5010.56 | daily=0.00%/10% | trades_today=0
2026-04-27 17:47:58,052 - INFO - 🔎 --- BTCUSDT ---
2026-04-27 17:48:04,348 - INFO - 📈 BTCUSDT | 1m close=77827.50 ema20=77827.27 ema50=77817.42 rsi=62.2 atr=25.29 atr%=0.03 vol=0.77 UP | 5m close=77861.30 ema20=77802.15 ema50=77857.54 rsi=45.5 atr=52.88 atr%=0.07 vol=1.54 UP | 15m close=77861.30 ema20=77896.61 ema50=78121.49 rsi=62.6 atr=81.29 atr%=0.10 vol=0.66 DOWN | 1h close=77905.90 ema20=78158.95 ema50=77995.56 rsi=45.9 atr=531.23 atr%=0.68 vol=0.60 DOWN
2026-04-27 17:48:10,093 - INFO - ⏸️ BTCUSDT no entry: ATR filter fail atr%=0.07
2026-04-27 17:48:10,094 - INFO - 🔎 --- ETHUSDT ---
2026-04-27 17:48:15,709 - INFO - 📈 ETHUSDT | 1m close=2319.29 ema20=2319.34 ema50=2319.49 rsi=48.7 atr=0.34 atr%=0.01 vol=0.08 DOWN | 5m close=2319.34 ema20=2319.31 ema50=2324.48 rsi=41.4 atr=1.88 atr%=0.08 vol=0.01 UP | 15m close=2319.34 ema20=2327.22 ema50=2342.56 rsi=49.1 atr=4.10 atr%=0.18 vol=0.03 DOWN | 1h close=2320.72 ema20=2346.02 ema50=2339.36 rsi=35.1 atr=21.38 atr%=0.92 vol=0.93 DOWN
2026-04-27 17:48:18,620 - INFO - ⏸️ ETHUSDT no entry: ATR filter fail atr%=0.08
2026-04-27 17:48:18,620 - INFO - 🔎 --- SOLUSDT ---
2026-04-27 17:48:26,426 - INFO - 📈 SOLUSDT | 1m close=85.13 ema20=85.17 ema50=85.23 rsi=35.6 atr=0.05 atr%=0.05 vol=1.64 DOWN | 5m close=85.14 ema20=85.28 ema50=85.54 rsi=36.6 atr=0.11 atr%=0.13 vol=0.80 DOWN | 15m close=85.14 ema20=85.59 ema50=86.12 rsi=36.7 atr=0.24 atr%=0.28 vol=0.16 DOWN | 1h close=85.41 ema20=86.37 ema50=86.38 rsi=34.0 atr=0.71 atr%=0.83 vol=0.43 DOWN
2026-04-27 17:48:29,459 - INFO - ⏸️ SOLUSDT no entry: 5m entry not ready side=SELL close=85.14 ema20=85.28 momentum=0.00047
2026-04-27 17:49:00,492 - INFO - 📊 Balance=5010.56 | daily=0.00%/10% | trades_today=0
2026-04-27 17:49:07,715 - INFO - 🔎 --- BTCUSDT ---
2026-04-27 17:49:12,816 - INFO - 📈 BTCUSDT | 1m close=77828.70 ema20=77827.42 ema50=77818.24 rsi=60.4 atr=30.24 atr%=0.04 vol=0.01 UP | 5m close=77861.30 ema20=77802.15 ema50=77857.54 rsi=45.5 atr=52.88 atr%=0.07 vol=1.54 UP | 15m close=77861.30 ema20=77896.61 ema50=78121.49 rsi=62.6 atr=81.29 atr%=0.10 vol=0.66 DOWN | 1h close=77905.90 ema20=78158.95 ema50=77995.56 rsi=45.9 atr=531.23 atr%=0.68 vol=0.60 DOWN
2026-04-27 17:49:17,271 - INFO - ⏸️ BTCUSDT no entry: ATR filter fail atr%=0.07
2026-04-27 17:49:17,272 - INFO - 🔎 --- ETHUSDT ---
2026-04-27 17:49:23,698 - INFO - 📈 ETHUSDT | 1m close=2319.57 ema20=2319.37 ema50=2319.49 rsi=57.1 atr=0.35 atr%=0.02 vol=0.28 UP | 5m close=2319.34 ema20=2319.31 ema50=2324.48 rsi=41.4 atr=1.88 atr%=0.08 vol=0.01 UP | 15m close=2319.34 ema20=2327.22 ema50=2342.56 rsi=49.1 atr=4.10 atr%=0.18 vol=0.03 DOWN | 1h close=2320.72 ema20=2346.02 ema50=2339.36 rsi=35.1 atr=21.38 atr%=0.92 vol=0.93 DOWN
2026-04-27 17:49:27,715 - INFO - ⏸️ ETHUSDT no entry: ATR filter fail atr%=0.08
2026-04-27 17:49:27,715 - INFO - 🔎 --- SOLUSDT ---
2026-04-27 17:49:33,099 - INFO - 📈 SOLUSDT | 1m close=85.15 ema20=85.17 ema50=85.23 rsi=42.9 atr=0.04 atr%=0.05 vol=1.61 DOWN | 5m close=85.14 ema20=85.28 ema50=85.54 rsi=36.6 atr=0.11 atr%=0.13 vol=0.80 DOWN | 15m close=85.14 ema20=85.59 ema50=86.12 rsi=36.7 atr=0.24 atr%=0.28 vol=0.16 DOWN | 1h close=85.41 ema20=86.37 ema50=86.38 rsi=34.0 atr=0.71 atr%=0.83 vol=0.43 DOWN
2026-04-27 17:49:37,105 - INFO - ⏸️ SOLUSDT no entry: 5m entry not ready side=SELL close=85.14 ema20=85.28 momentum=0.00047
2026-04-27 17:50:08,185 - INFO - 📊 Balance=5010.56 | daily=0.00%/10% | trades_today=0
2026-04-27 17:50:14,146 - INFO - 🔎 --- BTCUSDT ---
2026-04-27 17:50:19,664 - INFO - 📈 BTCUSDT | 1m close=77827.10 ema20=77827.39 ema50=77818.59 rsi=63.5 atr=30.03 atr%=0.04 vol=2.30 DOWN | 5m close=77827.10 ema20=77804.53 ema50=77856.35 rsi=45.2 atr=51.72 atr%=0.07 vol=0.51 UP | 15m close=77861.30 ema20=77896.61 ema50=78121.49 rsi=62.6 atr=81.29 atr%=0.10 vol=0.66 DOWN | 1h close=77905.90 ema20=78158.95 ema50=77995.56 rsi=45.9 atr=531.23 atr%=0.68 vol=0.60 DOWN
2026-04-27 17:50:22,540 - INFO - ⏸️ BTCUSDT no entry: ATR filter fail atr%=0.07
2026-04-27 17:50:22,540 - INFO - 🔎 --- ETHUSDT ---
2026-04-27 17:50:28,970 - INFO - 📈 ETHUSDT | 1m close=2319.29 ema20=2319.36 ema50=2319.48 rsi=50.4 atr=0.37 atr%=0.02 vol=0.18 DOWN | 5m close=2319.29 ema20=2319.30 ema50=2324.28 rsi=55.9 atr=1.58 atr%=0.07 vol=0.01 DOWN | 15m close=2319.34 ema20=2327.22 ema50=2342.56 rsi=49.1 atr=4.10 atr%=0.18 vol=0.03 DOWN | 1h close=2320.72 ema20=2346.02 ema50=2339.36 rsi=35.1 atr=21.38 atr%=0.92 vol=0.93 DOWN
2026-04-27 17:50:34,957 - INFO - ⏸️ ETHUSDT no entry: ATR filter fail atr%=0.07
2026-04-27 17:50:34,957 - INFO - 🔎 --- SOLUSDT ---
2026-04-27 17:50:42,511 - INFO - 📈 SOLUSDT | 1m close=85.16 ema20=85.17 ema50=85.23 rsi=31.4 atr=0.04 atr%=0.04 vol=0.65 DOWN | 5m close=85.16 ema20=85.27 ema50=85.52 rsi=41.0 atr=0.11 atr%=0.13 vol=0.49 DOWN | 15m close=85.14 ema20=85.59 ema50=86.12 rsi=36.7 atr=0.24 atr%=0.28 vol=0.16 DOWN | 1h close=85.41 ema20=86.37 ema50=86.38 rsi=34.0 atr=0.71 atr%=0.83 vol=0.43 DOWN
2026-04-27 17:50:48,327 - INFO - ⏸️ SOLUSDT no entry: 5m entry not ready side=SELL close=85.16 ema20=85.27 momentum=0.00023
2026-04-27 17:51:20,764 - INFO - 📊 Balance=5010.56 | daily=0.00%/10% | trades_today=0
2026-04-27 17:51:23,599 - INFO - 🔎 --- BTCUSDT ---
2026-04-27 17:51:31,613 - INFO - 📈 BTCUSDT | 1m close=77823.20 ema20=77826.99 ema50=77818.77 rsi=59.2 atr=30.39 atr%=0.04 vol=1.20 DOWN | 5m close=77827.10 ema20=77804.53 ema50=77856.35 rsi=45.2 atr=51.72 atr%=0.07 vol=0.51 UP | 15m close=77861.30 ema20=77896.61 ema50=78121.49 rsi=62.6 atr=81.29 atr%=0.10 vol=0.66 DOWN | 1h close=77905.90 ema20=78158.95 ema50=77995.56 rsi=45.9 atr=531.23 atr%=0.68 vol=0.60 DOWN
2026-04-27 17:51:34,905 - INFO - ⏸️ BTCUSDT no entry: ATR filter fail atr%=0.07
2026-04-27 17:51:34,905 - INFO - 🔎 --- ETHUSDT ---
2026-04-27 17:51:40,614 - INFO - 📈 ETHUSDT | 1m close=2319.54 ema20=2319.38 ema50=2319.48 rsi=67.0 atr=0.36 atr%=0.02 vol=0.12 UP | 5m close=2319.29 ema20=2319.30 ema50=2324.28 rsi=55.9 atr=1.58 atr%=0.07 vol=0.01 DOWN | 15m close=2319.34 ema20=2327.22 ema50=2342.56 rsi=49.1 atr=4.10 atr%=0.18 vol=0.03 DOWN | 1h close=2320.72 ema20=2346.02 ema50=2339.36 rsi=35.1 atr=21.38 atr%=0.92 vol=0.93 DOWN
2026-04-27 17:51:44,209 - INFO - ⏸️ ETHUSDT no entry: ATR filter fail atr%=0.07
2026-04-27 17:51:44,209 - INFO - 🔎 --- SOLUSDT ---
2026-04-27 17:51:49,077 - INFO - 📈 SOLUSDT | 1m close=85.18 ema20=85.17 ema50=85.23 rsi=61.9 atr=0.03 atr%=0.03 vol=1.58 UP | 5m close=85.16 ema20=85.27 ema50=85.52 rsi=41.0 atr=0.11 atr%=0.13 vol=0.49 DOWN | 15m close=85.14 ema20=85.59 ema50=86.12 rsi=36.7 atr=0.24 atr%=0.28 vol=0.16 DOWN | 1h close=85.41 ema20=86.37 ema50=86.38 rsi=34.0 atr=0.71 atr%=0.83 vol=0.43 DOWN
2026-04-27 17:51:53,664 - INFO - ⏸️ SOLUSDT no entry: 5m entry not ready side=SELL close=85.16 ema20=85.27 momentum=0.00023
2026-04-27 17:52:24,579 - INFO - 📊 Balance=5010.56 | daily=0.00%/10% | trades_today=0
2026-04-27 17:52:26,787 - INFO - 🔎 --- BTCUSDT ---
2026-04-27 17:52:29,979 - INFO - 📈 BTCUSDT | 1m close=77828.80 ema20=77827.16 ema50=77819.16 rsi=59.9 atr=30.32 atr%=0.04 vol=0.01 UP | 5m close=77827.10 ema20=77804.53 ema50=77856.35 rsi=45.2 atr=51.72 atr%=0.07 vol=0.51 UP | 15m close=77861.30 ema20=77896.61 ema50=78121.49 rsi=62.6 atr=81.29 atr%=0.10 vol=0.66 DOWN | 1h close=77905.90 ema20=78158.95 ema50=77995.56 rsi=45.9 atr=531.23 atr%=0.68 vol=0.60 DOWN
2026-04-27 17:52:32,136 - INFO - ⏸️ BTCUSDT no entry: ATR filter fail atr%=0.07
2026-04-27 17:52:32,137 - INFO - 🔎 --- ETHUSDT ---
2026-04-27 17:52:35,428 - INFO - 📈 ETHUSDT | 1m close=2321.11 ema20=2319.54 ema50=2319.55 rsi=80.3 atr=0.48 atr%=0.02 vol=16.41 UP | 5m close=2319.29 ema20=2319.30 ema50=2324.28 rsi=55.9 atr=1.58 atr%=0.07 vol=0.01 DOWN | 15m close=2319.34 ema20=2327.22 ema50=2342.56 rsi=49.1 atr=4.10 atr%=0.18 vol=0.03 DOWN | 1h close=2320.72 ema20=2346.02 ema50=2339.36 rsi=35.1 atr=21.38 atr%=0.92 vol=0.93 DOWN
2026-04-27 17:52:37,583 - INFO - ⏸️ ETHUSDT no entry: ATR filter fail atr%=0.07
2026-04-27 17:52:37,583 - INFO - 🔎 --- SOLUSDT ---
2026-04-27 17:52:40,666 - INFO - 📈 SOLUSDT | 1m close=85.21 ema20=85.17 ema50=85.23 rsi=72.7 atr=0.03 atr%=0.03 vol=1.10 UP | 5m close=85.16 ema20=85.27 ema50=85.52 rsi=41.0 atr=0.11 atr%=0.13 vol=0.49 DOWN | 15m close=85.14 ema20=85.59 ema50=86.12 rsi=36.7 atr=0.24 atr%=0.28 vol=0.16 DOWN | 1h close=85.41 ema20=86.37 ema50=86.38 rsi=34.0 atr=0.71 atr%=0.83 vol=0.43 DOWN
2026-04-27 17:52:43,775 - INFO - ⏸️ SOLUSDT no entry: 5m entry not ready side=SELL close=85.16 ema20=85.27 momentum=0.00023
2026-04-27 17:53:14,517 - INFO - 📊 Balance=5010.56 | daily=0.00%/10% | trades_today=0
2026-04-27 17:53:16,730 - INFO - 🔎 --- BTCUSDT ---
2026-04-27 17:53:19,948 - INFO - 📈 BTCUSDT | 1m close=77828.80 ema20=77827.32 ema50=77819.54 rsi=59.9 atr=30.66 atr%=0.04 vol=0.03 UP | 5m close=77827.10 ema20=77804.53 ema50=77856.35 rsi=45.2 atr=51.72 atr%=0.07 vol=0.51 UP | 15m close=77861.30 ema20=77896.61 ema50=78121.49 rsi=62.6 atr=81.29 atr%=0.10 vol=0.66 DOWN | 1h close=77905.90 ema20=78158.95 ema50=77995.56 rsi=45.9 atr=531.23 atr%=0.68 vol=0.60 DOWN
2026-04-27 17:53:22,120 - INFO - ⏸️ BTCUSDT no entry: ATR filter fail atr%=0.07
2026-04-27 17:53:22,121 - INFO - 🔎 --- ETHUSDT ---
2026-04-27 17:53:25,403 - INFO - 📈 ETHUSDT | 1m close=2320.78 ema20=2319.66 ema50=2319.60 rsi=72.9 atr=0.46 atr%=0.02 vol=2.18 UP | 5m close=2319.29 ema20=2319.30 ema50=2324.28 rsi=55.9 atr=1.58 atr%=0.07 vol=0.01 DOWN | 15m close=2319.34 ema20=2327.22 ema50=2342.56 rsi=49.1 atr=4.10 atr%=0.18 vol=0.03 DOWN | 1h close=2320.72 ema20=2346.02 ema50=2339.36 rsi=35.1 atr=21.38 atr%=0.92 vol=0.93 DOWN
2026-04-27 17:53:27,678 - INFO - ⏸️ ETHUSDT no entry: ATR filter fail atr%=0.07
2026-04-27 17:53:27,678 - INFO - 🔎 --- SOLUSDT ---
2026-04-27 17:53:30,678 - INFO - 📈 SOLUSDT | 1m close=85.22 ema20=85.18 ema50=85.23 rsi=71.4 atr=0.03 atr%=0.03 vol=0.35 UP | 5m close=85.16 ema20=85.27 ema50=85.52 rsi=41.0 atr=0.11 atr%=0.13 vol=0.49 DOWN | 15m close=85.14 ema20=85.59 ema50=86.12 rsi=36.7 atr=0.24 atr%=0.28 vol=0.16 DOWN | 1h close=85.41 ema20=86.37 ema50=86.38 rsi=34.0 atr=0.71 atr%=0.83 vol=0.43 DOWN
2026-04-27 17:53:33,150 - INFO - ⏸️ SOLUSDT no entry: 5m entry not ready side=SELL close=85.16 ema20=85.27 momentum=0.00023
2026-04-27 17:54:03,885 - INFO - 📊 Balance=5010.56 | daily=0.00%/10% | trades_today=0
2026-04-27 17:54:06,171 - INFO - 🔎 --- BTCUSDT ---
2026-04-27 17:54:09,564 - INFO - 📈 BTCUSDT | 1m close=77828.80 ema20=77827.32 ema50=77819.54 rsi=59.9 atr=30.66 atr%=0.04 vol=0.03 UP | 5m close=77827.10 ema20=77804.53 ema50=77856.35 rsi=45.2 atr=51.72 atr%=0.07 vol=0.51 UP | 15m close=77861.30 ema20=77896.61 ema50=78121.49 rsi=62.6 atr=81.29 atr%=0.10 vol=0.66 DOWN | 1h close=77905.90 ema20=78158.95 ema50=77995.56 rsi=45.9 atr=531.23 atr%=0.68 vol=0.60 DOWN
2026-04-27 17:54:11,808 - INFO - ⏸️ BTCUSDT no entry: ATR filter fail atr%=0.07
2026-04-27 17:54:11,809 - INFO - 🔎 --- ETHUSDT ---
2026-04-27 17:54:15,162 - INFO - 📈 ETHUSDT | 1m close=2320.01 ema20=2319.69 ema50=2319.61 rsi=57.8 atr=0.50 atr%=0.02 vol=0.03 UP | 5m close=2319.29 ema20=2319.30 ema50=2324.28 rsi=55.9 atr=1.58 atr%=0.07 vol=0.01 DOWN | 15m close=2319.34 ema20=2327.22 ema50=2342.56 rsi=49.1 atr=4.10 atr%=0.18 vol=0.03 DOWN | 1h close=2320.72 ema20=2346.02 ema50=2339.36 rsi=35.1 atr=21.38 atr%=0.92 vol=0.93 DOWN
2026-04-27 17:54:17,308 - INFO - ⏸️ ETHUSDT no entry: ATR filter fail atr%=0.07
2026-04-27 17:54:17,309 - INFO - 🔎 --- SOLUSDT ---
2026-04-27 17:54:20,412 - INFO - 📈 SOLUSDT | 1m close=85.16 ema20=85.18 ema50=85.22 rsi=62.5 atr=0.03 atr%=0.03 vol=2.05 DOWN | 5m close=85.16 ema20=85.27 ema50=85.52 rsi=41.0 atr=0.11 atr%=0.13 vol=0.49 DOWN | 15m close=85.14 ema20=85.59 ema50=86.12 rsi=36.7 atr=0.24 atr%=0.28 vol=0.16 DOWN | 1h close=85.41 ema20=86.37 ema50=86.38 rsi=34.0 atr=0.71 atr%=0.83 vol=0.43 DOWN
2026-04-27 17:54:22,611 - INFO - ⏸️ SOLUSDT no entry: 5m entry not ready side=SELL close=85.16 ema20=85.27 momentum=0.00023
2026-04-27 17:54:53,368 - INFO - 📊 Balance=5010.56 | daily=0.00%/10% | trades_today=0
2026-04-27 17:54:55,568 - INFO - 🔎 --- BTCUSDT ---
2026-04-27 17:54:59,345 - INFO - 📈 BTCUSDT | 1m close=77810.40 ema20=77825.71 ema50=77819.18 rsi=42.7 atr=29.91 atr%=0.04 vol=1.00 DOWN | 5m close=77827.10 ema20=77804.53 ema50=77856.35 rsi=45.2 atr=51.72 atr%=0.07 vol=0.51 UP | 15m close=77861.30 ema20=77896.61 ema50=78121.49 rsi=62.6 atr=81.29 atr%=0.10 vol=0.66 DOWN | 1h close=77905.90 ema20=78158.95 ema50=77995.56 rsi=45.9 atr=531.23 atr%=0.68 vol=0.60 DOWN
2026-04-27 17:55:01,564 - INFO - ⏸️ BTCUSDT no entry: ATR filter fail atr%=0.07
2026-04-27 17:55:01,564 - INFO - 🔎 --- ETHUSDT ---
2026-04-27 17:55:04,861 - INFO - 📈 ETHUSDT | 1m close=2320.01 ema20=2319.69 ema50=2319.61 rsi=57.8 atr=0.50 atr%=0.02 vol=0.03 UP | 5m close=2319.29 ema20=2319.30 ema50=2324.28 rsi=55.9 atr=1.58 atr%=0.07 vol=0.01 DOWN | 15m close=2319.34 ema20=2327.22 ema50=2342.56 rsi=49.1 atr=4.10 atr%=0.18 vol=0.03 DOWN | 1h close=2320.72 ema20=2346.02 ema50=2339.36 rsi=35.1 atr=21.38 atr%=0.92 vol=0.93 DOWN
2026-04-27 17:55:07,256 - INFO - ⏸️ ETHUSDT no entry: ATR filter fail atr%=0.07
2026-04-27 17:55:07,257 - INFO - 🔎 --- SOLUSDT ---
2026-04-27 17:55:10,285 - INFO - 📈 SOLUSDT | 1m close=85.16 ema20=85.17 ema50=85.22 rsi=59.1 atr=0.03 atr%=0.03 vol=0.76 DOWN | 5m close=85.16 ema20=85.26 ema50=85.51 rsi=35.2 atr=0.11 atr%=0.12 vol=0.66 DOWN | 15m close=85.14 ema20=85.59 ema50=86.12 rsi=36.7 atr=0.24 atr%=0.28 vol=0.16 DOWN | 1h close=85.41 ema20=86.37 ema50=86.38 rsi=34.0 atr=0.71 atr%=0.83 vol=0.43 DOWN
2026-04-27 17:55:12,496 - INFO - ✅ SOLUSDT SIGNAL SELL score=69 type=trend entry=85.16 sl=85.29 tp=84.97
2026-04-27 17:55:17,202 - INFO - 🚀 OPEN SOLUSDT SELL qty=225.97 score=69 type=trend entry~85.16 sl=85.29 tp=84.97
2026-04-27 17:55:17,900 - WARNING - 💥 Loop error: Binance error 400: {'code': -2019, 'msg': 'Margin is insufficient.'}
2026-04-27 17:55:48,639 - INFO - 📊 Balance=5010.56 | daily=0.00%/10% | trades_today=0
2026-04-27 17:55:50,811 - INFO - 🔎 --- BTCUSDT ---
2026-04-27 17:55:54,030 - INFO - 📈 BTCUSDT | 1m close=77814.20 ema20=77824.61 ema50=77818.99 rsi=41.1 atr=27.74 atr%=0.04 vol=0.01 DOWN | 5m close=77814.20 ema20=77805.45 ema50=77854.69 rsi=36.5 atr=48.69 atr%=0.06 vol=0.43 UP | 15m close=77861.30 ema20=77896.61 ema50=78121.49 rsi=62.6 atr=81.29 atr%=0.10 vol=0.66 DOWN | 1h close=77905.90 ema20=78158.95 ema50=77995.56 rsi=45.9 atr=531.23 atr%=0.68 vol=0.60 DOWN
2026-04-27 17:55:56,187 - INFO - ⏸️ BTCUSDT no entry: ATR filter fail atr%=0.06
2026-04-27 17:55:56,187 - INFO - 🔎 --- ETHUSDT ---
2026-04-27 17:55:59,548 - INFO - 📈 ETHUSDT | 1m close=2319.91 ema20=2319.71 ema50=2319.62 rsi=55.5 atr=0.60 atr%=0.03 vol=2.69 UP | 5m close=2319.91 ema20=2319.36 ema50=2324.11 rsi=35.7 atr=1.38 atr%=0.06 vol=0.79 UP | 15m close=2319.34 ema20=2327.22 ema50=2342.56 rsi=49.1 atr=4.10 atr%=0.18 vol=0.03 DOWN | 1h close=2320.72 ema20=2346.02 ema50=2339.36 rsi=35.1 atr=21.38 atr%=0.92 vol=0.93 DOWN
2026-04-27 17:56:02,342 - INFO - ⏸️ ETHUSDT no entry: ATR filter fail atr%=0.06
2026-04-27 17:56:02,343 - INFO - 🔎 --- SOLUSDT ---
2026-04-27 17:56:05,578 - INFO - 📈 SOLUSDT | 1m close=85.16 ema20=85.17 ema50=85.22 rsi=59.1 atr=0.03 atr%=0.03 vol=0.76 DOWN | 5m close=85.16 ema20=85.26 ema50=85.51 rsi=35.2 atr=0.11 atr%=0.12 vol=0.66 DOWN | 15m close=85.14 ema20=85.59 ema50=86.12 rsi=36.7 atr=0.24 atr%=0.28 vol=0.16 DOWN | 1h close=85.41 ema20=86.37 ema50=86.38 rsi=34.0 atr=0.71 atr%=0.83 vol=0.43 DOWN
2026-04-27 17:56:08,269 - INFO - ✅ SOLUSDT SIGNAL SELL score=69 type=trend entry=85.16 sl=85.29 tp=84.97
2026-04-27 17:56:13,263 - INFO - 🚀 OPEN SOLUSDT SELL qty=225.97 score=69 type=trend entry~85.16 sl=85.29 tp=84.97
2026-04-27 17:56:14,039 - WARNING - 💥 Loop error: Binance error 400: {'code': -2019, 'msg': 'Margin is insufficient.'}
2026-04-27 17:56:44,827 - INFO - 📊 Balance=5010.56 | daily=0.00%/10% | trades_today=0
2026-04-27 17:56:47,041 - INFO - 🔎 --- BTCUSDT ---
2026-04-27 17:56:50,269 - INFO - 📈 BTCUSDT | 1m close=77816.10 ema20=77823.80 ema50=77818.88 rsi=22.3 atr=25.51 atr%=0.03 vol=0.01 DOWN | 5m close=77814.20 ema20=77805.45 ema50=77854.69 rsi=36.5 atr=48.69 atr%=0.06 vol=0.43 UP | 15m close=77861.30 ema20=77896.61 ema50=78121.49 rsi=62.6 atr=81.29 atr%=0.10 vol=0.66 DOWN | 1h close=77905.90 ema20=78158.95 ema50=77995.56 rsi=45.9 atr=531.23 atr%=0.68 vol=0.60 DOWN
2026-04-27 17:56:52,527 - INFO - ⏸️ BTCUSDT no entry: ATR filter fail atr%=0.06
2026-04-27 17:56:52,527 - INFO - 🔎 --- ETHUSDT ---
2026-04-27 17:56:55,871 - INFO - 📈 ETHUSDT | 1m close=2320.38 ema20=2319.78 ema50=2319.65 rsi=61.1 atr=0.67 atr%=0.03 vol=3.47 UP | 5m close=2319.91 ema20=2319.36 ema50=2324.11 rsi=35.7 atr=1.38 atr%=0.06 vol=0.79 UP | 15m close=2319.34 ema20=2327.22 ema50=2342.56 rsi=49.1 atr=4.10 atr%=0.18 vol=0.03 DOWN | 1h close=2320.72 ema20=2346.02 ema50=2339.36 rsi=35.1 atr=21.38 atr%=0.92 vol=0.93 DOWN
2026-04-27 17:56:58,119 - INFO - ⏸️ ETHUSDT no entry: ATR filter fail atr%=0.06
2026-04-27 17:56:58,119 - INFO - 🔎 --- SOLUSDT ---
2026-04-27 17:57:01,262 - INFO - 📈 SOLUSDT | 1m close=85.16 ema20=85.17 ema50=85.22 rsi=57.1 atr=0.03 atr%=0.03 vol=0.24 DOWN | 5m close=85.16 ema20=85.26 ema50=85.51 rsi=35.2 atr=0.11 atr%=0.12 vol=0.66 DOWN | 15m close=85.14 ema20=85.59 ema50=86.12 rsi=36.7 atr=0.24 atr%=0.28 vol=0.16 DOWN | 1h close=85.41 ema20=86.37 ema50=86.38 rsi=34.0 atr=0.71 atr%=0.83 vol=0.43 DOWN
2026-04-27 17:57:03,468 - INFO - ✅ SOLUSDT SIGNAL SELL score=69 type=trend entry=85.16 sl=85.29 tp=84.97
2026-04-27 17:57:08,091 - INFO - 🚀 OPEN SOLUSDT SELL qty=225.97 score=69 type=trend entry~85.16 sl=85.29 tp=84.97
2026-04-27 17:57:08,787 - WARNING - 💥 Loop error: Binance error 400: {'code': -2019, 'msg': 'Margin is insufficient.'}
2026-04-27 17:57:39,609 - INFO - 📊 Balance=5010.56 | daily=0.00%/10% | trades_today=0
2026-04-27 17:57:41,880 - INFO - 🔎 --- BTCUSDT ---
2026-04-27 17:57:45,214 - INFO - 📈 BTCUSDT | 1m close=77824.70 ema20=77823.89 ema50=77819.11 rsi=31.3 atr=24.26 atr%=0.03 vol=0.02 UP | 5m close=77814.20 ema20=77805.45 ema50=77854.69 rsi=36.5 atr=48.69 atr%=0.06 vol=0.43 UP | 15m close=77861.30 ema20=77896.61 ema50=78121.49 rsi=62.6 atr=81.29 atr%=0.10 vol=0.66 DOWN | 1h close=77905.90 ema20=78158.95 ema50=77995.56 rsi=45.9 atr=531.23 atr%=0.68 vol=0.60 DOWN
2026-04-27 17:57:47,384 - INFO - ⏸️ BTCUSDT no entry: ATR filter fail atr%=0.06
2026-04-27 17:57:47,385 - INFO - 🔎 --- ETHUSDT ---
2026-04-27 17:57:50,891 - INFO - 📈 ETHUSDT | 1m close=2320.39 ema20=2319.84 ema50=2319.68 rsi=61.9 atr=0.69 atr%=0.03 vol=0.03 UP | 5m close=2319.91 ema20=2319.36 ema50=2324.11 rsi=35.7 atr=1.38 atr%=0.06 vol=0.79 UP | 15m close=2319.34 ema20=2327.22 ema50=2342.56 rsi=49.1 atr=4.10 atr%=0.18 vol=0.03 DOWN | 1h close=2320.72 ema20=2346.02 ema50=2339.36 rsi=35.1 atr=21.38 atr%=0.92 vol=0.93 DOWN
2026-04-27 17:57:53,116 - INFO - ⏸️ ETHUSDT no entry: ATR filter fail atr%=0.06
2026-04-27 17:57:53,116 - INFO - 🔎 --- SOLUSDT ---
2026-04-27 17:57:56,080 - INFO - 📈 SOLUSDT | 1m close=85.15 ema20=85.17 ema50=85.22 rsi=54.5 atr=0.03 atr%=0.03 vol=2.68 DOWN | 5m close=85.16 ema20=85.26 ema50=85.51 rsi=35.2 atr=0.11 atr%=0.12 vol=0.66 DOWN | 15m close=85.14 ema20=85.59 ema50=86.12 rsi=36.7 atr=0.24 atr%=0.28 vol=0.16 DOWN | 1h close=85.41 ema20=86.37 ema50=86.38 rsi=34.0 atr=0.71 atr%=0.83 vol=0.43 DOWN
2026-04-27 17:57:58,296 - INFO - ✅ SOLUSDT SIGNAL SELL score=69 type=trend entry=85.16 sl=85.29 tp=84.97
2026-04-27 17:58:02,932 - INFO - 🚀 OPEN SOLUSDT SELL qty=225.97 score=69 type=trend entry~85.16 sl=85.29 tp=84.97
2026-04-27 17:58:03,619 - WARNING - 💥 Loop error: Binance error 400: {'code': -2019, 'msg': 'Margin is insufficient.'}
2026-04-27 17:58:34,424 - INFO - 📊 Balance=5010.56 | daily=0.00%/10% | trades_today=0
2026-04-27 17:58:36,608 - INFO - 🔎 --- BTCUSDT ---
2026-04-27 17:58:40,464 - INFO - 📈 BTCUSDT | 1m close=77824.70 ema20=77823.96 ema50=77819.32 rsi=31.3 atr=22.85 atr%=0.03 vol=0.01 UP | 5m close=77814.20 ema20=77805.45 ema50=77854.69 rsi=36.5 atr=48.69 atr%=0.06 vol=0.43 UP | 15m close=77861.30 ema20=77896.61 ema50=78121.49 rsi=62.6 atr=81.29 atr%=0.10 vol=0.66 DOWN | 1h close=77905.90 ema20=78158.95 ema50=77995.56 rsi=45.9 atr=531.23 atr%=0.68 vol=0.60 DOWN
2026-04-27 17:58:42,736 - INFO - ⏸️ BTCUSDT no entry: ATR filter fail atr%=0.06
2026-04-27 17:58:42,737 - INFO - 🔎 --- ETHUSDT ---
2026-04-27 17:58:46,024 - INFO - 📈 ETHUSDT | 1m close=2319.73 ema20=2319.83 ema50=2319.68 rsi=53.7 atr=0.74 atr%=0.03 vol=5.54 DOWN | 5m close=2319.91 ema20=2319.36 ema50=2324.11 rsi=35.7 atr=1.38 atr%=0.06 vol=0.79 UP | 15m close=2319.34 ema20=2327.22 ema50=2342.56 rsi=49.1 atr=4.10 atr%=0.18 vol=0.03 DOWN | 1h close=2320.72 ema20=2346.02 ema50=2339.36 rsi=35.1 atr=21.38 atr%=0.92 vol=0.93 DOWN
2026-04-27 17:58:48,162 - INFO - ⏸️ ETHUSDT no entry: ATR filter fail atr%=0.06
2026-04-27 17:58:48,163 - INFO - 🔎 --- SOLUSDT ---
2026-04-27 17:58:51,338 - INFO - 📈 SOLUSDT | 1m close=85.14 ema20=85.17 ema50=85.21 rsi=50.0 atr=0.03 atr%=0.03 vol=0.02 DOWN | 5m close=85.16 ema20=85.26 ema50=85.51 rsi=35.2 atr=0.11 atr%=0.12 vol=0.66 DOWN | 15m close=85.14 ema20=85.59 ema50=86.12 rsi=36.7 atr=0.24 atr%=0.28 vol=0.16 DOWN | 1h close=85.41 ema20=86.37 ema50=86.38 rsi=34.0 atr=0.71 atr%=0.83 vol=0.43 DOWN
2026-04-27 17:58:53,508 - INFO - ✅ SOLUSDT SIGNAL SELL score=69 type=trend entry=85.16 sl=85.29 tp=84.97
2026-04-27 17:58:58,287 - INFO - 🚀 OPEN SOLUSDT SELL qty=225.97 score=69 type=trend entry~85.16 sl=85.29 tp=84.97
2026-04-27 17:58:59,055 - WARNING - 💥 Loop error: Binance error 400: {'code': -2019, 'msg': 'Margin is insufficient.'}
2026-04-27 17:59:29,791 - INFO - 📊 Balance=5010.56 | daily=0.00%/10% | trades_today=0
2026-04-27 17:59:32,098 - INFO - 🔎 --- BTCUSDT ---
2026-04-27 17:59:35,337 - INFO - 📈 BTCUSDT | 1m close=77820.10 ema20=77823.60 ema50=77819.36 rsi=29.9 atr=21.44 atr%=0.03 vol=0.03 DOWN | 5m close=77814.20 ema20=77805.45 ema50=77854.69 rsi=36.5 atr=48.69 atr%=0.06 vol=0.43 UP | 15m close=77861.30 ema20=77896.61 ema50=78121.49 rsi=62.6 atr=81.29 atr%=0.10 vol=0.66 DOWN | 1h close=77905.90 ema20=78158.95 ema50=77995.56 rsi=45.9 atr=531.23 atr%=0.68 vol=0.60 DOWN
2026-04-27 17:59:37,606 - INFO - ⏸️ BTCUSDT no entry: ATR filter fail atr%=0.06
2026-04-27 17:59:37,606 - INFO - 🔎 --- ETHUSDT ---
2026-04-27 17:59:41,263 - INFO - 📈 ETHUSDT | 1m close=2319.70 ema20=2319.81 ema50=2319.68 rsi=53.4 atr=0.73 atr%=0.03 vol=0.00 DOWN | 5m close=2319.91 ema20=2319.36 ema50=2324.11 rsi=35.7 atr=1.38 atr%=0.06 vol=0.79 UP | 15m close=2319.34 ema20=2327.22 ema50=2342.56 rsi=49.1 atr=4.10 atr%=0.18 vol=0.03 DOWN | 1h close=2320.72 ema20=2346.02 ema50=2339.36 rsi=35.1 atr=21.38 atr%=0.92 vol=0.93 DOWN
2026-04-27 17:59:43,433 - INFO - ⏸️ ETHUSDT no entry: ATR filter fail atr%=0.06
2026-04-27 17:59:43,434 - INFO - 🔎 --- SOLUSDT ---
2026-04-27 17:59:46,473 - INFO - 📈 SOLUSDT | 1m close=85.15 ema20=85.17 ema50=85.21 rsi=52.2 atr=0.02 atr%=0.03 vol=0.01 DOWN | 5m close=85.16 ema20=85.26 ema50=85.51 rsi=35.2 atr=0.11 atr%=0.12 vol=0.66 DOWN | 15m close=85.14 ema20=85.59 ema50=86.12 rsi=36.7 atr=0.24 atr%=0.28 vol=0.16 DOWN | 1h close=85.41 ema20=86.37 ema50=86.38 rsi=34.0 atr=0.71 atr%=0.83 vol=0.43 DOWN
2026-04-27 17:59:48,685 - INFO - ✅ SOLUSDT SIGNAL SELL score=69 type=trend entry=85.16 sl=85.29 tp=84.97
2026-04-27 17:59:53,477 - INFO - 🚀 OPEN SOLUSDT SELL qty=225.97 score=69 type=trend entry~85.16 sl=85.29 tp=84.97
2026-04-27 17:59:54,181 - WARNING - 💥 Loop error: Binance error 400: {'code': -2019, 'msg': 'Margin is insufficient.'}
2026-04-27 18:00:24,993 - INFO - 📊 Balance=5010.56 | daily=0.00%/10% | trades_today=0
2026-04-27 18:00:27,228 - INFO - 🔎 --- BTCUSDT ---
2026-04-27 18:00:30,567 - INFO - 📈 BTCUSDT | 1m close=77808.40 ema20=77822.15 ema50=77818.93 rsi=20.2 atr=20.02 atr%=0.03 vol=0.01 DOWN | 5m close=77808.40 ema20=77805.73 ema50=77852.88 rsi=38.6 atr=48.11 atr%=0.06 vol=0.02 UP | 15m close=77808.40 ema20=77888.21 ema50=78109.21 rsi=58.8 atr=85.16 atr%=0.11 vol=0.26 DOWN | 1h close=77808.40 ema20=78125.57 ema50=77988.22 rsi=44.5 atr=518.76 atr%=0.67 vol=0.57 DOWN
2026-04-27 18:00:32,724 - INFO - ⏸️ BTCUSDT no entry: ATR filter fail atr%=0.06
2026-04-27 18:00:32,725 - INFO - 🔎 --- ETHUSDT ---
2026-04-27 18:00:35,966 - INFO - 📈 ETHUSDT | 1m close=2319.69 ema20=2319.80 ema50=2319.68 rsi=51.1 atr=0.71 atr%=0.03 vol=0.03 DOWN | 5m close=2319.69 ema20=2319.39 ema50=2323.93 rsi=41.1 atr=1.31 atr%=0.06 vol=0.62 UP | 15m close=2319.69 ema20=2326.50 ema50=2341.66 rsi=51.3 atr=4.13 atr%=0.18 vol=0.35 DOWN | 1h close=2319.69 ema20=2343.51 ema50=2338.59 rsi=31.9 atr=21.14 atr%=0.91 vol=0.44 DOWN
2026-04-27 18:00:38,299 - INFO - ⏸️ ETHUSDT no entry: ATR filter fail atr%=0.06
2026-04-27 18:00:38,300 - INFO - 🔎 --- SOLUSDT ---
2026-04-27 18:00:41,873 - INFO - 📈 SOLUSDT | 1m close=85.14 ema20=85.16 ema50=85.21 rsi=52.2 atr=0.02 atr%=0.03 vol=0.20 DOWN | 5m close=85.14 ema20=85.25 ema50=85.49 rsi=32.4 atr=0.10 atr%=0.12 vol=0.41 DOWN | 15m close=85.14 ema20=85.55 ema50=86.08 rsi=41.4 atr=0.23 atr%=0.27 vol=0.30 DOWN | 1h close=85.14 ema20=86.25 ema50=86.33 rsi=32.4 atr=0.72 atr%=0.85 vol=0.33 DOWN
2026-04-27 18:00:44,150 - INFO - ⏸️ SOLUSDT no entry: score too low 51 side=SELL type=trend
2026-04-27 18:01:14,924 - INFO - 📊 Balance=5010.56 | daily=0.00%/10% | trades_today=0
2026-04-27 18:01:17,112 - INFO - 🔎 --- BTCUSDT ---
2026-04-27 18:01:20,793 - INFO - 📈 BTCUSDT | 1m close=77815.20 ema20=77821.49 ema50=77818.78 rsi=41.0 atr=18.67 atr%=0.02 vol=0.02 DOWN | 5m close=77808.40 ema20=77805.73 ema50=77852.88 rsi=38.6 atr=48.11 atr%=0.06 vol=0.02 UP | 15m close=77808.40 ema20=77888.21 ema50=78109.21 rsi=58.8 atr=85.16 atr%=0.11 vol=0.26 DOWN | 1h close=77808.40 ema20=78125.57 ema50=77988.22 rsi=44.5 atr=518.76 atr%=0.67 vol=0.57 DOWN
2026-04-27 18:01:23,004 - INFO - ⏸️ BTCUSDT no entry: ATR filter fail atr%=0.06
2026-04-27 18:01:23,004 - INFO - 🔎 --- ETHUSDT ---
2026-04-27 18:01:26,311 - INFO - 📈 ETHUSDT | 1m close=2319.59 ema20=2319.78 ema50=2319.68 rsi=53.1 atr=0.75 atr%=0.03 vol=0.17 DOWN | 5m close=2319.69 ema20=2319.39 ema50=2323.93 rsi=41.1 atr=1.31 atr%=0.06 vol=0.62 UP | 15m close=2319.69 ema20=2326.50 ema50=2341.66 rsi=51.3 atr=4.13 atr%=0.18 vol=0.35 DOWN | 1h close=2319.69 ema20=2343.51 ema50=2338.59 rsi=31.9 atr=21.14 atr%=0.91 vol=0.44 DOWN
2026-04-27 18:01:28,506 - INFO - ⏸️ ETHUSDT no entry: ATR filter fail atr%=0.06
2026-04-27 18:01:28,506 - INFO - 🔎 --- SOLUSDT ---
2026-04-27 18:01:31,581 - INFO - 📈 SOLUSDT | 1m close=85.11 ema20=85.16 ema50=85.20 rsi=50.0 atr=0.02 atr%=0.03 vol=4.52 DOWN | 5m close=85.14 ema20=85.25 ema50=85.49 rsi=32.4 atr=0.10 atr%=0.12 vol=0.41 DOWN | 15m close=85.14 ema20=85.55 ema50=86.08 rsi=41.4 atr=0.23 atr%=0.27 vol=0.30 DOWN | 1h close=85.14 ema20=86.25 ema50=86.33 rsi=32.4 atr=0.72 atr%=0.85 vol=0.33 DOWN
2026-04-27 18:01:33,984 - INFO - ⏸️ SOLUSDT no entry: score too low 51 side=SELL type=trend
2026-04-27 18:02:04,713 - INFO - 📊 Balance=5010.56 | daily=0.00%/10% | trades_today=0
2026-04-27 18:02:08,994 - INFO - 🔎 --- BTCUSDT ---
2026-04-27 18:02:12,398 - INFO - 📈 BTCUSDT | 1m close=77815.20 ema20=77821.49 ema50=77818.78 rsi=41.0 atr=18.67 atr%=0.02 vol=0.02 DOWN | 5m close=77808.40 ema20=77805.73 ema50=77852.88 rsi=38.6 atr=48.11 atr%=0.06 vol=0.02 UP | 15m close=77808.40 ema20=77888.21 ema50=78109.21 rsi=58.8 atr=85.16 atr%=0.11 vol=0.26 DOWN | 1h close=77808.40 ema20=78125.57 ema50=77988.22 rsi=44.5 atr=518.76 atr%=0.67 vol=0.57 DOWN
2026-04-27 18:02:14,544 - INFO - ⏸️ BTCUSDT no entry: ATR filter fail atr%=0.06
2026-04-27 18:02:14,544 - INFO - 🔎 --- ETHUSDT ---
2026-04-27 18:02:17,978 - INFO - 📈 ETHUSDT | 1m close=2319.16 ema20=2319.72 ema50=2319.66 rsi=48.8 atr=0.77 atr%=0.03 vol=0.00 DOWN | 5m close=2319.69 ema20=2319.39 ema50=2323.93 rsi=41.1 atr=1.31 atr%=0.06 vol=0.62 UP | 15m close=2319.69 ema20=2326.50 ema50=2341.66 rsi=51.3 atr=4.13 atr%=0.18 vol=0.35 DOWN | 1h close=2319.69 ema20=2343.51 ema50=2338.59 rsi=31.9 atr=21.14 atr%=0.91 vol=0.44 DOWN
2026-04-27 18:02:20,188 - INFO - ⏸️ ETHUSDT no entry: ATR filter fail atr%=0.06
2026-04-27 18:02:20,188 - INFO - 🔎 --- SOLUSDT ---
2026-04-27 18:02:23,641 - INFO - 📈 SOLUSDT | 1m close=85.10 ema20=85.15 ema50=85.20 rsi=43.5 atr=0.02 atr%=0.03 vol=0.38 DOWN | 5m close=85.14 ema20=85.25 ema50=85.49 rsi=32.4 atr=0.10 atr%=0.12 vol=0.41 DOWN | 15m close=85.14 ema20=85.55 ema50=86.08 rsi=41.4 atr=0.23 atr%=0.27 vol=0.30 DOWN | 1h close=85.14 ema20=86.25 ema50=86.33 rsi=32.4 atr=0.72 atr%=0.85 vol=0.33 DOWN
2026-04-27 18:02:25,808 - INFO - ⏸️ SOLUSDT no entry: score too low 51 side=SELL type=trend
2026-04-27 18:02:56,575 - INFO - 📊 Balance=5010.56 | daily=0.00%/10% | trades_today=0
2026-04-27 18:02:58,831 - INFO - 🔎 --- BTCUSDT ---
2026-04-27 18:03:02,147 - INFO - 📈 BTCUSDT | 1m close=77805.20 ema20=77819.94 ema50=77818.25 rsi=35.7 atr=17.07 atr%=0.02 vol=0.04 DOWN | 5m close=77808.40 ema20=77805.73 ema50=77852.88 rsi=38.6 atr=48.11 atr%=0.06 vol=0.02 UP | 15m close=77808.40 ema20=77888.21 ema50=78109.21 rsi=58.8 atr=85.16 atr%=0.11 vol=0.26 DOWN | 1h close=77808.40 ema20=78125.57 ema50=77988.22 rsi=44.5 atr=518.76 atr%=0.67 vol=0.57 DOWN
2026-04-27 18:03:04,319 - INFO - ⏸️ BTCUSDT no entry: ATR filter fail atr%=0.06
2026-04-27 18:03:04,319 - INFO - 🔎 --- ETHUSDT ---
2026-04-27 18:03:07,592 - INFO - 📈 ETHUSDT | 1m close=2319.16 ema20=2319.72 ema50=2319.66 rsi=48.8 atr=0.77 atr%=0.03 vol=0.00 DOWN | 5m close=2319.69 ema20=2319.39 ema50=2323.93 rsi=41.1 atr=1.31 atr%=0.06 vol=0.62 UP | 15m close=2319.69 ema20=2326.50 ema50=2341.66 rsi=51.3 atr=4.13 atr%=0.18 vol=0.35 DOWN | 1h close=2319.69 ema20=2343.51 ema50=2338.59 rsi=31.9 atr=21.14 atr%=0.91 vol=0.44 DOWN
2026-04-27 18:03:09,833 - INFO - ⏸️ ETHUSDT no entry: ATR filter fail atr%=0.06
2026-04-27 18:03:09,833 - INFO - 🔎 --- SOLUSDT ---
2026-04-27 18:03:12,936 - INFO - 📈 SOLUSDT | 1m close=85.10 ema20=85.15 ema50=85.20 rsi=43.5 atr=0.02 atr%=0.03 vol=0.38 DOWN | 5m close=85.14 ema20=85.25 ema50=85.49 rsi=32.4 atr=0.10 atr%=0.12 vol=0.41 DOWN | 15m close=85.14 ema20=85.55 ema50=86.08 rsi=41.4 atr=0.23 atr%=0.27 vol=0.30 DOWN | 1h close=85.14 ema20=86.25 ema50=86.33 rsi=32.4 atr=0.72 atr%=0.85 vol=0.33 DOWN
2026-04-27 18:03:15,191 - INFO - ⏸️ SOLUSDT no entry: score too low 51 side=SELL type=trend
2026-04-27 18:03:45,951 - INFO - 📊 Balance=5010.56 | daily=0.00%/10% | trades_today=0
2026-04-27 18:03:48,151 - INFO - 🔎 --- BTCUSDT ---
2026-04-27 18:03:51,781 - INFO - 📈 BTCUSDT | 1m close=77824.80 ema20=77820.40 ema50=77818.50 rsi=48.0 atr=15.84 atr%=0.02 vol=3.92 UP | 5m close=77808.40 ema20=77805.73 ema50=77852.88 rsi=38.6 atr=48.11 atr%=0.06 vol=0.02 UP | 15m close=77808.40 ema20=77888.21 ema50=78109.21 rsi=58.8 atr=85.16 atr%=0.11 vol=0.26 DOWN | 1h close=77808.40 ema20=78125.57 ema50=77988.22 rsi=44.5 atr=518.76 atr%=0.67 vol=0.57 DOWN
2026-04-27 18:03:53,920 - INFO - ⏸️ BTCUSDT no entry: ATR filter fail atr%=0.06
2026-04-27 18:03:53,921 - INFO - 🔎 --- ETHUSDT ---
2026-04-27 18:03:57,349 - INFO - 📈 ETHUSDT | 1m close=2320.43 ema20=2319.79 ema50=2319.69 rsi=56.8 atr=0.84 atr%=0.04 vol=5.44 UP | 5m close=2319.69 ema20=2319.39 ema50=2323.93 rsi=41.1 atr=1.31 atr%=0.06 vol=0.62 UP | 15m close=2319.69 ema20=2326.50 ema50=2341.66 rsi=51.3 atr=4.13 atr%=0.18 vol=0.35 DOWN | 1h close=2319.69 ema20=2343.51 ema50=2338.59 rsi=31.9 atr=21.14 atr%=0.91 vol=0.44 DOWN
2026-04-27 18:03:59,493 - INFO - ⏸️ ETHUSDT no entry: ATR filter fail atr%=0.06
2026-04-27 18:03:59,494 - INFO - 🔎 --- SOLUSDT ---
2026-04-27 18:04:02,573 - INFO - 📈 SOLUSDT | 1m close=85.13 ema20=85.15 ema50=85.20 rsi=45.8 atr=0.02 atr%=0.03 vol=0.86 DOWN | 5m close=85.14 ema20=85.25 ema50=85.49 rsi=32.4 atr=0.10 atr%=0.12 vol=0.41 DOWN | 15m close=85.14 ema20=85.55 ema50=86.08 rsi=41.4 atr=0.23 atr%=0.27 vol=0.30 DOWN | 1h close=85.14 ema20=86.25 ema50=86.33 rsi=32.4 atr=0.72 atr%=0.85 vol=0.33 DOWN
2026-04-27 18:04:04,804 - INFO - ⏸️ SOLUSDT no entry: score too low 51 side=SELL type=trend
2026-04-27 18:04:35,534 - INFO - 📊 Balance=5010.56 | daily=0.00%/10% | trades_today=0
2026-04-27 18:04:37,823 - INFO - 🔎 --- BTCUSDT ---
2026-04-27 18:04:41,061 - INFO - 📈 BTCUSDT | 1m close=77824.80 ema20=77820.82 ema50=77818.75 rsi=48.8 atr=15.77 atr%=0.02 vol=1.95 UP | 5m close=77808.40 ema20=77805.73 ema50=77852.88 rsi=38.6 atr=48.11 atr%=0.06 vol=0.02 UP | 15m close=77808.40 ema20=77888.21 ema50=78109.21 rsi=58.8 atr=85.16 atr%=0.11 vol=0.26 DOWN | 1h close=77808.40 ema20=78125.57 ema50=77988.22 rsi=44.5 atr=518.76 atr%=0.67 vol=0.57 DOWN
2026-04-27 18:04:43,248 - INFO - ⏸️ BTCUSDT no entry: ATR filter fail atr%=0.06
2026-04-27 18:04:43,248 - INFO - 🔎 --- ETHUSDT ---
2026-04-27 18:04:46,718 - INFO - 📈 ETHUSDT | 1m close=2319.45 ema20=2319.76 ema50=2319.68 rsi=51.1 atr=0.89 atr%=0.04 vol=1.07 DOWN | 5m close=2319.69 ema20=2319.39 ema50=2323.93 rsi=41.1 atr=1.31 atr%=0.06 vol=0.62 UP | 15m close=2319.69 ema20=2326.50 ema50=2341.66 rsi=51.3 atr=4.13 atr%=0.18 vol=0.35 DOWN | 1h close=2319.69 ema20=2343.51 ema50=2338.59 rsi=31.9 atr=21.14 atr%=0.91 vol=0.44 DOWN
2026-04-27 18:04:49,208 - INFO - ⏸️ ETHUSDT no entry: ATR filter fail atr%=0.06
2026-04-27 18:04:49,208 - INFO - 🔎 --- SOLUSDT ---
2026-04-27 18:04:52,861 - INFO - 📈 SOLUSDT | 1m close=85.11 ema20=85.15 ema50=85.19 rsi=40.0 atr=0.02 atr%=0.03 vol=0.01 DOWN | 5m close=85.14 ema20=85.25 ema50=85.49 rsi=32.4 atr=0.10 atr%=0.12 vol=0.41 DOWN | 15m close=85.14 ema20=85.55 ema50=86.08 rsi=41.4 atr=0.23 atr%=0.27 vol=0.30 DOWN | 1h close=85.14 ema20=86.25 ema50=86.33 rsi=32.4 atr=0.72 atr%=0.85 vol=0.33 DOWN
2026-04-27 18:04:55,101 - INFO - ⏸️ SOLUSDT no entry: score too low 51 side=SELL type=trend
2026-04-27 18:05:25,853 - INFO - 📊 Balance=5010.56 | daily=0.00%/10% | trades_today=0
2026-04-27 18:05:28,129 - INFO - 🔎 --- BTCUSDT ---
2026-04-27 18:05:31,469 - INFO - 📈 BTCUSDT | 1m close=77780.10 ema20=77816.94 ema50=77817.23 rsi=34.1 atr=18.26 atr%=0.02 vol=8.25 DOWN | 5m close=77780.10 ema20=77803.29 ema50=77850.03 rsi=30.0 atr=48.24 atr%=0.06 vol=1.31 DOWN | 15m close=77808.40 ema20=77888.21 ema50=78109.21 rsi=58.8 atr=85.16 atr%=0.11 vol=0.26 DOWN | 1h close=77808.40 ema20=78125.57 ema50=77988.22 rsi=44.5 atr=518.76 atr%=0.67 vol=0.57 DOWN
2026-04-27 18:05:33,961 - INFO - ⏸️ BTCUSDT no entry: ATR filter fail atr%=0.06
2026-04-27 18:05:33,961 - INFO - 🔎 --- ETHUSDT ---
2026-04-27 18:05:37,291 - INFO - 📈 ETHUSDT | 1m close=2317.62 ema20=2319.55 ema50=2319.60 rsi=38.8 atr=1.01 atr%=0.04 vol=5.71 DOWN | 5m close=2317.62 ema20=2319.22 ema50=2323.69 rsi=22.1 atr=1.41 atr%=0.06 vol=1.50 DOWN | 15m close=2319.69 ema20=2326.50 ema50=2341.66 rsi=51.3 atr=4.13 atr%=0.18 vol=0.35 DOWN | 1h close=2319.69 ema20=2343.51 ema50=2338.59 rsi=31.9 atr=21.14 atr%=0.91 vol=0.44 DOWN
2026-04-27 18:05:39,594 - INFO - ⏸️ ETHUSDT no entry: ATR filter fail atr%=0.06
2026-04-27 18:05:39,594 - INFO - 🔎 --- SOLUSDT ---
2026-04-27 18:05:42,861 - INFO - 📈 SOLUSDT | 1m close=85.05 ema20=85.14 ema50=85.19 rsi=27.6 atr=0.03 atr%=0.03 vol=5.95 DOWN | 5m close=85.05 ema20=85.23 ema50=85.48 rsi=30.7 atr=0.10 atr%=0.12 vol=2.01 DOWN | 15m close=85.14 ema20=85.55 ema50=86.08 rsi=41.4 atr=0.23 atr%=0.27 vol=0.30 DOWN | 1h close=85.14 ema20=86.25 ema50=86.33 rsi=32.4 atr=0.72 atr%=0.85 vol=0.33 DOWN
2026-04-27 18:05:45,446 - INFO - ✅ SOLUSDT SIGNAL SELL score=80 type=trend entry=85.05 sl=85.17 tp=84.81
2026-04-27 18:05:50,101 - INFO - 🚀 OPEN SOLUSDT SELL qty=240.5 score=80 type=trend entry~85.05 sl=85.17 tp=84.81
2026-04-27 18:05:50,801 - WARNING - 💥 Loop error: Binance error 400: {'code': -2019, 'msg': 'Margin is insufficient.'}
2026-04-27 18:06:21,540 - INFO - 📊 Balance=5010.56 | daily=0.00%/10% | trades_today=0
2026-04-27 18:06:23,806 - INFO - 🔎 --- BTCUSDT ---
2026-04-27 18:06:27,515 - INFO - 📈 BTCUSDT | 1m close=77751.10 ema20=77810.67 ema50=77814.64 rsi=25.6 atr=23.07 atr%=0.03 vol=8.95 DOWN | 5m close=77780.10 ema20=77803.29 ema50=77850.03 rsi=30.0 atr=48.24 atr%=0.06 vol=1.31 DOWN | 15m close=77808.40 ema20=77888.21 ema50=78109.21 rsi=58.8 atr=85.16 atr%=0.11 vol=0.26 DOWN | 1h close=77808.40 ema20=78125.57 ema50=77988.22 rsi=44.5 atr=518.76 atr%=0.67 vol=0.57 DOWN
2026-04-27 18:06:29,733 - INFO - ⏸️ BTCUSDT no entry: ATR filter fail atr%=0.06
2026-04-27 18:06:29,734 - INFO - 🔎 --- ETHUSDT ---
2026-04-27 18:06:33,111 - INFO - 📈 ETHUSDT | 1m close=2317.86 ema20=2319.39 ema50=2319.53 rsi=27.5 atr=0.92 atr%=0.04 vol=1.78 DOWN | 5m close=2317.62 ema20=2319.22 ema50=2323.69 rsi=22.1 atr=1.41 atr%=0.06 vol=1.50 DOWN | 15m close=2319.69 ema20=2326.50 ema50=2341.66 rsi=51.3 atr=4.13 atr%=0.18 vol=0.35 DOWN | 1h close=2319.69 ema20=2343.51 ema50=2338.59 rsi=31.9 atr=21.14 atr%=0.91 vol=0.44 DOWN
2026-04-27 18:06:35,301 - INFO - ⏸️ ETHUSDT no entry: ATR filter fail atr%=0.06
2026-04-27 18:06:35,301 - INFO - 🔎 --- SOLUSDT ---
2026-04-27 18:06:38,388 - INFO - 📈 SOLUSDT | 1m close=85.04 ema20=85.13 ema50=85.18 rsi=18.5 atr=0.03 atr%=0.03 vol=0.56 DOWN | 5m close=85.05 ema20=85.23 ema50=85.48 rsi=30.7 atr=0.10 atr%=0.12 vol=2.01 DOWN | 15m close=85.14 ema20=85.55 ema50=86.08 rsi=41.4 atr=0.23 atr%=0.27 vol=0.30 DOWN | 1h close=85.14 ema20=86.25 ema50=86.33 rsi=32.4 atr=0.72 atr%=0.85 vol=0.33 DOWN
2026-04-27 18:06:40,677 - INFO - ✅ SOLUSDT SIGNAL SELL score=80 type=trend entry=85.05 sl=85.17 tp=84.81
2026-04-27 18:06:45,439 - INFO - 🚀 OPEN SOLUSDT SELL qty=240.5 score=80 type=trend entry~85.05 sl=85.17 tp=84.81
2026-04-27 18:06:46,181 - WARNING - 💥 Loop error: Binance error 400: {'code': -2019, 'msg': 'Margin is insufficient.'}
2026-04-27 18:07:16,913 - INFO - 📊 Balance=5010.56 | daily=0.00%/10% | trades_today=0
2026-04-27 18:07:19,191 - INFO - 🔎 --- BTCUSDT ---
2026-04-27 18:07:22,784 - INFO - 📈 BTCUSDT | 1m close=77750.70 ema20=77804.96 ema50=77812.13 rsi=25.5 atr=24.97 atr%=0.03 vol=0.01 DOWN | 5m close=77780.10 ema20=77803.29 ema50=77850.03 rsi=30.0 atr=48.24 atr%=0.06 vol=1.31 DOWN | 15m close=77808.40 ema20=77888.21 ema50=78109.21 rsi=58.8 atr=85.16 atr%=0.11 vol=0.26 DOWN | 1h close=77808.40 ema20=78125.57 ema50=77988.22 rsi=44.5 atr=518.76 atr%=0.67 vol=0.57 DOWN
2026-04-27 18:07:25,006 - INFO - ⏸️ BTCUSDT no entry: ATR filter fail atr%=0.06
2026-04-27 18:07:25,006 - INFO - 🔎 --- ETHUSDT ---
2026-04-27 18:07:28,236 - INFO - 📈 ETHUSDT | 1m close=2318.00 ema20=2319.26 ema50=2319.47 rsi=30.3 atr=1.01 atr%=0.04 vol=0.01 DOWN | 5m close=2317.62 ema20=2319.22 ema50=2323.69 rsi=22.1 atr=1.41 atr%=0.06 vol=1.50 DOWN | 15m close=2319.69 ema20=2326.50 ema50=2341.66 rsi=51.3 atr=4.13 atr%=0.18 vol=0.35 DOWN | 1h close=2319.69 ema20=2343.51 ema50=2338.59 rsi=31.9 atr=21.14 atr%=0.91 vol=0.44 DOWN
2026-04-27 18:07:30,513 - INFO - ⏸️ ETHUSDT no entry: ATR filter fail atr%=0.06
2026-04-27 18:07:30,513 - INFO - 🔎 --- SOLUSDT ---
2026-04-27 18:07:33,620 - INFO - 📈 SOLUSDT | 1m close=85.06 ema20=85.12 ema50=85.18 rsi=21.4 atr=0.03 atr%=0.03 vol=1.48 DOWN | 5m close=85.05 ema20=85.23 ema50=85.48 rsi=30.7 atr=0.10 atr%=0.12 vol=2.01 DOWN | 15m close=85.14 ema20=85.55 ema50=86.08 rsi=41.4 atr=0.23 atr%=0.27 vol=0.30 DOWN | 1h close=85.14 ema20=86.25 ema50=86.33 rsi=32.4 atr=0.72 atr%=0.85 vol=0.33 DOWN
2026-04-27 18:07:35,926 - INFO - ✅ SOLUSDT SIGNAL SELL score=80 type=trend entry=85.05 sl=85.17 tp=84.81
2026-04-27 18:07:40,620 - INFO - 🚀 OPEN SOLUSDT SELL qty=240.5 score=80 type=trend entry~85.05 sl=85.17 tp=84.81
2026-04-27 18:07:41,359 - WARNING - 💥 Loop error: Binance error 400: {'code': -2019, 'msg': 'Margin is insufficient.'}
2026-04-27 18:08:12,184 - INFO - 📊 Balance=5010.56 | daily=0.00%/10% | trades_today=0
2026-04-27 18:08:14,571 - INFO - 🔎 --- BTCUSDT ---
2026-04-27 18:08:17,869 - INFO - 📈 BTCUSDT | 1m close=77783.00 ema20=77802.87 ema50=77810.99 rsi=42.1 atr=26.60 atr%=0.03 vol=0.84 DOWN | 5m close=77780.10 ema20=77803.29 ema50=77850.03 rsi=30.0 atr=48.24 atr%=0.06 vol=1.31 DOWN | 15m close=77808.40 ema20=77888.21 ema50=78109.21 rsi=58.8 atr=85.16 atr%=0.11 vol=0.26 DOWN | 1h close=77808.40 ema20=78125.57 ema50=77988.22 rsi=44.5 atr=518.76 atr%=0.67 vol=0.57 DOWN
2026-04-27 18:08:20,065 - INFO - ⏸️ BTCUSDT no entry: ATR filter fail atr%=0.06
2026-04-27 18:08:20,065 - INFO - 🔎 --- ETHUSDT ---
2026-04-27 18:08:23,468 - INFO - 📈 ETHUSDT | 1m close=2317.47 ema20=2319.09 ema50=2319.39 rsi=31.3 atr=0.98 atr%=0.04 vol=0.99 DOWN | 5m close=2317.62 ema20=2319.22 ema50=2323.69 rsi=22.1 atr=1.41 atr%=0.06 vol=1.50 DOWN | 15m close=2319.69 ema20=2326.50 ema50=2341.66 rsi=51.3 atr=4.13 atr%=0.18 vol=0.35 DOWN | 1h close=2319.69 ema20=2343.51 ema50=2338.59 rsi=31.9 atr=21.14 atr%=0.91 vol=0.44 DOWN
2026-04-27 18:08:25,790 - INFO - ⏸️ ETHUSDT no entry: ATR filter fail atr%=0.06
2026-04-27 18:08:25,791 - INFO - 🔎 --- SOLUSDT ---
2026-04-27 18:08:29,066 - INFO - 📈 SOLUSDT | 1m close=85.04 ema20=85.11 ema50=85.17 rsi=25.0 atr=0.03 atr%=0.03 vol=0.76 DOWN | 5m close=85.05 ema20=85.23 ema50=85.48 rsi=30.7 atr=0.10 atr%=0.12 vol=2.01 DOWN | 15m close=85.14 ema20=85.55 ema50=86.08 rsi=41.4 atr=0.23 atr%=0.27 vol=0.30 DOWN | 1h close=85.14 ema20=86.25 ema50=86.33 rsi=32.4 atr=0.72 atr%=0.85 vol=0.33 DOWN
2026-04-27 18:08:31,296 - INFO - ✅ SOLUSDT SIGNAL SELL score=80 type=trend entry=85.05 sl=85.17 tp=84.81
2026-04-27 18:08:35,973 - INFO - 🚀 OPEN SOLUSDT SELL qty=240.5 score=80 type=trend entry~85.05 sl=85.17 tp=84.81
2026-04-27 18:08:36,685 - WARNING - 💥 Loop error: Binance error 400: {'code': -2019, 'msg': 'Margin is insufficient.'}
2026-04-27 18:09:07,436 - INFO - 📊 Balance=5010.56 | daily=0.00%/10% | trades_today=0
2026-04-27 18:09:09,783 - INFO - 🔎 --- BTCUSDT ---
2026-04-27 18:09:12,998 - INFO - 📈 BTCUSDT | 1m close=77735.00 ema20=77796.40 ema50=77808.01 rsi=31.8 atr=29.47 atr%=0.04 vol=1.41 DOWN | 5m close=77780.10 ema20=77803.29 ema50=77850.03 rsi=30.0 atr=48.24 atr%=0.06 vol=1.31 DOWN | 15m close=77808.40 ema20=77888.21 ema50=78109.21 rsi=58.8 atr=85.16 atr%=0.11 vol=0.26 DOWN | 1h close=77808.40 ema20=78125.57 ema50=77988.22 rsi=44.5 atr=518.76 atr%=0.67 vol=0.57 DOWN
2026-04-27 18:09:15,279 - INFO - ⏸️ BTCUSDT no entry: ATR filter fail atr%=0.06
2026-04-27 18:09:15,279 - INFO - 🔎 --- ETHUSDT ---
2026-04-27 18:09:18,514 - INFO - 📈 ETHUSDT | 1m close=2317.30 ema20=2318.92 ema50=2319.31 rsi=31.0 atr=0.90 atr%=0.04 vol=0.93 DOWN | 5m close=2317.62 ema20=2319.22 ema50=2323.69 rsi=22.1 atr=1.41 atr%=0.06 vol=1.50 DOWN | 15m close=2319.69 ema20=2326.50 ema50=2341.66 rsi=51.3 atr=4.13 atr%=0.18 vol=0.35 DOWN | 1h close=2319.69 ema20=2343.51 ema50=2338.59 rsi=31.9 atr=21.14 atr%=0.91 vol=0.44 DOWN
2026-04-27 18:09:20,704 - INFO - ⏸️ ETHUSDT no entry: ATR filter fail atr%=0.06
2026-04-27 18:09:20,704 - INFO - 🔎 --- SOLUSDT ---
2026-04-27 18:09:23,748 - INFO - 📈 SOLUSDT | 1m close=85.04 ema20=85.11 ema50=85.17 rsi=25.0 atr=0.03 atr%=0.03 vol=0.56 DOWN | 5m close=85.05 ema20=85.23 ema50=85.48 rsi=30.7 atr=0.10 atr%=0.12 vol=2.01 DOWN | 15m close=85.14 ema20=85.55 ema50=86.08 rsi=41.4 atr=0.23 atr%=0.27 vol=0.30 DOWN | 1h close=85.14 ema20=86.25 ema50=86.33 rsi=32.4 atr=0.72 atr%=0.85 vol=0.33 DOWN
2026-04-27 18:09:25,923 - INFO - ✅ SOLUSDT SIGNAL SELL score=80 type=trend entry=85.05 sl=85.17 tp=84.81
2026-04-27 18:09:31,704 - INFO - 🚀 OPEN SOLUSDT SELL qty=240.5 score=80 type=trend entry~85.05 sl=85.17 tp=84.81
2026-04-27 18:09:32,473 - WARNING - 💥 Loop error: Binance error 400: {'code': -2019, 'msg': 'Margin is insufficient.'}
2026-04-27 18:10:03,228 - INFO - 📊 Balance=5010.56 | daily=0.00%/10% | trades_today=0
2026-04-27 18:10:05,507 - INFO - 🔎 --- BTCUSDT ---
2026-04-27 18:10:08,854 - INFO - 📈 BTCUSDT | 1m close=77735.00 ema20=77796.40 ema50=77808.01 rsi=31.8 atr=29.47 atr%=0.04 vol=1.41 DOWN | 5m close=77780.10 ema20=77803.29 ema50=77850.03 rsi=30.0 atr=48.24 atr%=0.06 vol=1.31 DOWN | 15m close=77808.40 ema20=77888.21 ema50=78109.21 rsi=58.8 atr=85.16 atr%=0.11 vol=0.26 DOWN | 1h close=77808.40 ema20=78125.57 ema50=77988.22 rsi=44.5 atr=518.76 atr%=0.67 vol=0.57 DOWN
2026-04-27 18:10:11,047 - INFO - ⏸️ BTCUSDT no entry: ATR filter fail atr%=0.06
2026-04-27 18:10:11,047 - INFO - 🔎 --- ETHUSDT ---
2026-04-27 18:10:14,246 - INFO - 📈 ETHUSDT | 1m close=2316.86 ema20=2318.72 ema50=2319.22 rsi=24.3 atr=0.84 atr%=0.04 vol=2.07 DOWN | 5m close=2316.86 ema20=2319.00 ema50=2323.42 rsi=23.7 atr=1.39 atr%=0.06 vol=1.10 DOWN | 15m close=2319.69 ema20=2326.50 ema50=2341.66 rsi=51.3 atr=4.13 atr%=0.18 vol=0.35 DOWN | 1h close=2319.69 ema20=2343.51 ema50=2338.59 rsi=31.9 atr=21.14 atr%=0.91 vol=0.44 DOWN
2026-04-27 18:10:16,827 - INFO - ⏸️ ETHUSDT no entry: ATR filter fail atr%=0.06
2026-04-27 18:10:16,827 - INFO - 🔎 --- SOLUSDT ---
2026-04-27 18:10:19,949 - INFO - 📈 SOLUSDT | 1m close=85.03 ema20=85.10 ema50=85.16 rsi=24.0 atr=0.03 atr%=0.03 vol=0.02 DOWN | 5m close=85.03 ema20=85.21 ema50=85.46 rsi=22.9 atr=0.09 atr%=0.11 vol=0.68 DOWN | 15m close=85.14 ema20=85.55 ema50=86.08 rsi=41.4 atr=0.23 atr%=0.27 vol=0.30 DOWN | 1h close=85.14 ema20=86.25 ema50=86.33 rsi=32.4 atr=0.72 atr%=0.85 vol=0.33 DOWN
2026-04-27 18:10:22,208 - INFO - ⏸️ SOLUSDT no entry: 5m entry not ready side=SELL close=85.03 ema20=85.21 momentum=-0.00024
2026-04-27 18:10:52,907 - INFO - 📊 Balance=5010.56 | daily=0.00%/10% | trades_today=0
2026-04-27 18:10:55,146 - INFO - 🔎 --- BTCUSDT ---
2026-04-27 18:10:58,412 - INFO - 📈 BTCUSDT | 1m close=77733.80 ema20=77790.44 ema50=77805.10 rsi=31.0 atr=31.63 atr%=0.04 vol=0.88 DOWN | 5m close=77733.80 ema20=77796.67 ema50=77845.47 rsi=26.2 atr=52.65 atr%=0.07 vol=2.23 DOWN | 15m close=77808.40 ema20=77888.21 ema50=78109.21 rsi=58.8 atr=85.16 atr%=0.11 vol=0.26 DOWN | 1h close=77808.40 ema20=78125.57 ema50=77988.22 rsi=44.5 atr=518.76 atr%=0.67 vol=0.57 DOWN
2026-04-27 18:11:00,737 - INFO - ⏸️ BTCUSDT no entry: ATR filter fail atr%=0.07
2026-04-27 18:11:00,737 - INFO - 🔎 --- ETHUSDT ---
2026-04-27 18:11:04,024 - INFO - 📈 ETHUSDT | 1m close=2316.86 ema20=2318.72 ema50=2319.22 rsi=24.3 atr=0.84 atr%=0.04 vol=2.07 DOWN | 5m close=2316.86 ema20=2319.00 ema50=2323.42 rsi=23.7 atr=1.39 atr%=0.06 vol=1.10 DOWN | 15m close=2319.69 ema20=2326.50 ema50=2341.66 rsi=51.3 atr=4.13 atr%=0.18 vol=0.35 DOWN | 1h close=2319.69 ema20=2343.51 ema50=2338.59 rsi=31.9 atr=21.14 atr%=0.91 vol=0.44 DOWN
2026-04-27 18:11:06,178 - INFO - ⏸️ ETHUSDT no entry: ATR filter fail atr%=0.06
2026-04-27 18:11:06,178 - INFO - 🔎 --- SOLUSDT ---
2026-04-27 18:11:09,337 - INFO - 📈 SOLUSDT | 1m close=85.03 ema20=85.10 ema50=85.16 rsi=24.0 atr=0.03 atr%=0.03 vol=0.02 DOWN | 5m close=85.03 ema20=85.21 ema50=85.46 rsi=22.9 atr=0.09 atr%=0.11 vol=0.68 DOWN | 15m close=85.14 ema20=85.55 ema50=86.08 rsi=41.4 atr=0.23 atr%=0.27 vol=0.30 DOWN | 1h close=85.14 ema20=86.25 ema50=86.33 rsi=32.4 atr=0.72 atr%=0.85 vol=0.33 DOWN
2026-04-27 18:11:11,498 - INFO - ⏸️ SOLUSDT no entry: 5m entry not ready side=SELL close=85.03 ema20=85.21 momentum=-0.00024
2026-04-27 18:11:42,253 - INFO - 📊 Balance=5010.56 | daily=0.00%/10% | trades_today=0
2026-04-27 18:11:44,460 - INFO - 🔎 --- BTCUSDT ---
2026-04-27 18:11:47,782 - INFO - 📈 BTCUSDT | 1m close=77756.70 ema20=77787.23 ema50=77803.20 rsi=35.3 atr=33.83 atr%=0.04 vol=0.02 DOWN | 5m close=77733.80 ema20=77796.67 ema50=77845.47 rsi=26.2 atr=52.65 atr%=0.07 vol=2.23 DOWN | 15m close=77808.40 ema20=77888.21 ema50=78109.21 rsi=58.8 atr=85.16 atr%=0.11 vol=0.26 DOWN | 1h close=77808.40 ema20=78125.57 ema50=77988.22 rsi=44.5 atr=518.76 atr%=0.67 vol=0.57 DOWN
2026-04-27 18:11:49,977 - INFO - ⏸️ BTCUSDT no entry: ATR filter fail atr%=0.07
2026-04-27 18:11:49,978 - INFO - 🔎 --- ETHUSDT ---
2026-04-27 18:11:53,285 - INFO - 📈 ETHUSDT | 1m close=2315.93 ema20=2318.46 ema50=2319.09 rsi=21.3 atr=0.85 atr%=0.04 vol=2.54 DOWN | 5m close=2316.86 ema20=2319.00 ema50=2323.42 rsi=23.7 atr=1.39 atr%=0.06 vol=1.10 DOWN | 15m close=2319.69 ema20=2326.50 ema50=2341.66 rsi=51.3 atr=4.13 atr%=0.18 vol=0.35 DOWN | 1h close=2319.69 ema20=2343.51 ema50=2338.59 rsi=31.9 atr=21.14 atr%=0.91 vol=0.44 DOWN
2026-04-27 18:11:56,532 - INFO - ⏸️ ETHUSDT no entry: ATR filter fail atr%=0.06
2026-04-27 18:11:56,533 - INFO - 🔎 --- SOLUSDT ---
2026-04-27 18:11:59,687 - INFO - 📈 SOLUSDT | 1m close=85.03 ema20=85.09 ema50=85.16 rsi=25.0 atr=0.03 atr%=0.03 vol=0.84 DOWN | 5m close=85.03 ema20=85.21 ema50=85.46 rsi=22.9 atr=0.09 atr%=0.11 vol=0.68 DOWN | 15m close=85.14 ema20=85.55 ema50=86.08 rsi=41.4 atr=0.23 atr%=0.27 vol=0.30 DOWN | 1h close=85.14 ema20=86.25 ema50=86.33 rsi=32.4 atr=0.72 atr%=0.85 vol=0.33 DOWN
2026-04-27 18:12:02,037 - INFO - ⏸️ SOLUSDT no entry: 5m entry not ready side=SELL close=85.03 ema20=85.21 momentum=-0.00024
2026-04-27 18:12:32,767 - INFO - 📊 Balance=5010.56 | daily=0.00%/10% | trades_today=0
2026-04-27 18:12:34,996 - INFO - 🔎 --- BTCUSDT ---
2026-04-27 18:12:38,273 - INFO - 📈 BTCUSDT | 1m close=77776.20 ema20=77786.18 ema50=77802.14 rsi=40.3 atr=36.04 atr%=0.05 vol=0.09 DOWN | 5m close=77733.80 ema20=77796.67 ema50=77845.47 rsi=26.2 atr=52.65 atr%=0.07 vol=2.23 DOWN | 15m close=77808.40 ema20=77888.21 ema50=78109.21 rsi=58.8 atr=85.16 atr%=0.11 vol=0.26 DOWN | 1h close=77808.40 ema20=78125.57 ema50=77988.22 rsi=44.5 atr=518.76 atr%=0.67 vol=0.57 DOWN
2026-04-27 18:12:41,425 - INFO - ⏸️ BTCUSDT no entry: ATR filter fail atr%=0.07
2026-04-27 18:12:41,425 - INFO - 🔎 --- ETHUSDT ---
2026-04-27 18:12:44,724 - INFO - 📈 ETHUSDT | 1m close=2316.06 ema20=2318.23 ema50=2318.97 rsi=24.6 atr=0.80 atr%=0.03 vol=0.04 DOWN | 5m close=2316.86 ema20=2319.00 ema50=2323.42 rsi=23.7 atr=1.39 atr%=0.06 vol=1.10 DOWN | 15m close=2319.69 ema20=2326.50 ema50=2341.66 rsi=51.3 atr=4.13 atr%=0.18 vol=0.35 DOWN | 1h close=2319.69 ema20=2343.51 ema50=2338.59 rsi=31.9 atr=21.14 atr%=0.91 vol=0.44 DOWN
2026-04-27 18:12:46,970 - INFO - ⏸️ ETHUSDT no entry: ATR filter fail atr%=0.06
2026-04-27 18:12:46,970 - INFO - 🔎 --- SOLUSDT ---
2026-04-27 18:12:50,139 - INFO - 📈 SOLUSDT | 1m close=85.05 ema20=85.09 ema50=85.15 rsi=32.0 atr=0.03 atr%=0.04 vol=0.99 DOWN | 5m close=85.03 ema20=85.21 ema50=85.46 rsi=22.9 atr=0.09 atr%=0.11 vol=0.68 DOWN | 15m close=85.14 ema20=85.55 ema50=86.08 rsi=41.4 atr=0.23 atr%=0.27 vol=0.30 DOWN | 1h close=85.14 ema20=86.25 ema50=86.33 rsi=32.4 atr=0.72 atr%=0.85 vol=0.33 DOWN
2026-04-27 18:12:52,373 - INFO - ⏸️ SOLUSDT no entry: 5m entry not ready side=SELL close=85.03 ema20=85.21 momentum=-0.00024
2026-04-27 18:13:23,206 - INFO - 📊 Balance=5010.56 | daily=0.00%/10% | trades_today=0
2026-04-27 18:13:25,426 - INFO - 🔎 --- BTCUSDT ---
2026-04-27 18:13:28,869 - INFO - 📈 BTCUSDT | 1m close=77754.10 ema20=77783.12 ema50=77800.26 rsi=37.7 atr=38.24 atr%=0.05 vol=0.02 DOWN | 5m close=77733.80 ema20=77796.67 ema50=77845.47 rsi=26.2 atr=52.65 atr%=0.07 vol=2.23 DOWN | 15m close=77808.40 ema20=77888.21 ema50=78109.21 rsi=58.8 atr=85.16 atr%=0.11 vol=0.26 DOWN | 1h close=77808.40 ema20=78125.57 ema50=77988.22 rsi=44.5 atr=518.76 atr%=0.67 vol=0.57 DOWN
2026-04-27 18:13:31,053 - INFO - ⏸️ BTCUSDT no entry: ATR filter fail atr%=0.07
2026-04-27 18:13:31,054 - INFO - 🔎 --- ETHUSDT ---
2026-04-27 18:13:34,298 - INFO - 📈 ETHUSDT | 1m close=2317.15 ema20=2318.13 ema50=2318.90 rsi=34.6 atr=0.88 atr%=0.04 vol=0.13 DOWN | 5m close=2316.86 ema20=2319.00 ema50=2323.42 rsi=23.7 atr=1.39 atr%=0.06 vol=1.10 DOWN | 15m close=2319.69 ema20=2326.50 ema50=2341.66 rsi=51.3 atr=4.13 atr%=0.18 vol=0.35 DOWN | 1h close=2319.69 ema20=2343.51 ema50=2338.59 rsi=31.9 atr=21.14 atr%=0.91 vol=0.44 DOWN
2026-04-27 18:13:36,464 - INFO - ⏸️ ETHUSDT no entry: ATR filter fail atr%=0.06
2026-04-27 18:13:36,464 - INFO - 🔎 --- SOLUSDT ---
2026-04-27 18:13:39,576 - INFO - 📈 SOLUSDT | 1m close=85.08 ema20=85.09 ema50=85.15 rsi=37.0 atr=0.03 atr%=0.04 vol=1.59 DOWN | 5m close=85.03 ema20=85.21 ema50=85.46 rsi=22.9 atr=0.09 atr%=0.11 vol=0.68 DOWN | 15m close=85.14 ema20=85.55 ema50=86.08 rsi=41.4 atr=0.23 atr%=0.27 vol=0.30 DOWN | 1h close=85.14 ema20=86.25 ema50=86.33 rsi=32.4 atr=0.72 atr%=0.85 vol=0.33 DOWN
2026-04-27 18:13:41,831 - INFO - ⏸️ SOLUSDT no entry: 5m entry not ready side=SELL close=85.03 ema20=85.21 momentum=-0.00024
2026-04-27 18:14:12,620 - INFO - 📊 Balance=5010.56 | daily=0.00%/10% | trades_today=0
2026-04-27 18:14:14,913 - INFO - 🔎 --- BTCUSDT ---
2026-04-27 18:14:18,103 - INFO - 📈 BTCUSDT | 1m close=77748.40 ema20=77779.82 ema50=77798.23 rsi=38.6 atr=40.40 atr%=0.05 vol=0.01 DOWN | 5m close=77733.80 ema20=77796.67 ema50=77845.47 rsi=26.2 atr=52.65 atr%=0.07 vol=2.23 DOWN | 15m close=77808.40 ema20=77888.21 ema50=78109.21 rsi=58.8 atr=85.16 atr%=0.11 vol=0.26 DOWN | 1h close=77808.40 ema20=78125.57 ema50=77988.22 rsi=44.5 atr=518.76 atr%=0.67 vol=0.57 DOWN
2026-04-27 18:14:20,302 - INFO - ⏸️ BTCUSDT no entry: ATR filter fail atr%=0.07
2026-04-27 18:14:20,302 - INFO - 🔎 --- ETHUSDT ---
2026-04-27 18:14:23,624 - INFO - 📈 ETHUSDT | 1m close=2317.34 ema20=2318.05 ema50=2318.84 rsi=36.1 atr=0.97 atr%=0.04 vol=0.56 DOWN | 5m close=2316.86 ema20=2319.00 ema50=2323.42 rsi=23.7 atr=1.39 atr%=0.06 vol=1.10 DOWN | 15m close=2319.69 ema20=2326.50 ema50=2341.66 rsi=51.3 atr=4.13 atr%=0.18 vol=0.35 DOWN | 1h close=2319.69 ema20=2343.51 ema50=2338.59 rsi=31.9 atr=21.14 atr%=0.91 vol=0.44 DOWN
2026-04-27 18:14:25,981 - INFO - ⏸️ ETHUSDT no entry: ATR filter fail atr%=0.06
2026-04-27 18:14:25,981 - INFO - 🔎 --- SOLUSDT ---
2026-04-27 18:14:28,988 - INFO - 📈 SOLUSDT | 1m close=85.07 ema20=85.09 ema50=85.15 rsi=37.0 atr=0.03 atr%=0.04 vol=0.22 DOWN | 5m close=85.03 ema20=85.21 ema50=85.46 rsi=22.9 atr=0.09 atr%=0.11 vol=0.68 DOWN | 15m close=85.14 ema20=85.55 ema50=86.08 rsi=41.4 atr=0.23 atr%=0.27 vol=0.30 DOWN | 1h close=85.14 ema20=86.25 ema50=86.33 rsi=32.4 atr=0.72 atr%=0.85 vol=0.33 DOWN
2026-04-27 18:14:31,230 - INFO - ⏸️ SOLUSDT no entry: 5m entry not ready side=SELL close=85.03 ema20=85.21 momentum=-0.00024
2026-04-27 18:15:01,978 - INFO - 📊 Balance=5010.56 | daily=0.00%/10% | trades_today=0
2026-04-27 18:15:04,220 - INFO - 🔎 --- BTCUSDT ---
2026-04-27 18:15:07,501 - INFO - 📈 BTCUSDT | 1m close=77760.00 ema20=77777.93 ema50=77796.73 rsi=39.7 atr=42.18 atr%=0.05 vol=0.02 DOWN | 5m close=77760.00 ema20=77793.18 ema50=77842.12 rsi=38.9 atr=50.41 atr%=0.06 vol=0.04 DOWN | 15m close=77760.00 ema20=77876.00 ema50=78095.52 rsi=55.5 atr=88.27 atr%=0.11 vol=1.09 DOWN | 1h close=77808.40 ema20=78125.57 ema50=77988.22 rsi=44.5 atr=518.76 atr%=0.67 vol=0.57 DOWN
2026-04-27 18:15:09,711 - INFO - ⏸️ BTCUSDT no entry: ATR filter fail atr%=0.06
2026-04-27 18:15:09,711 - INFO - 🔎 --- ETHUSDT ---
2026-04-27 18:15:12,877 - INFO - 📈 ETHUSDT | 1m close=2317.06 ema20=2317.96 ema50=2318.77 rsi=35.4 atr=0.97 atr%=0.04 vol=0.01 DOWN | 5m close=2317.06 ema20=2318.81 ema50=2323.17 rsi=20.7 atr=1.40 atr%=0.06 vol=0.84 DOWN | 15m close=2317.06 ema20=2325.60 ema50=2340.70 rsi=46.6 atr=4.18 atr%=0.18 vol=0.89 DOWN | 1h close=2319.69 ema20=2343.51 ema50=2338.59 rsi=31.9 atr=21.14 atr%=0.91 vol=0.44 DOWN
2026-04-27 18:15:14,983 - INFO - ⏸️ ETHUSDT no entry: ATR filter fail atr%=0.06
2026-04-27 18:15:14,983 - INFO - 🔎 --- SOLUSDT ---
2026-04-27 18:15:17,988 - INFO - 📈 SOLUSDT | 1m close=85.07 ema20=85.08 ema50=85.14 rsi=41.7 atr=0.03 atr%=0.03 vol=0.00 DOWN | 5m close=85.07 ema20=85.20 ema50=85.44 rsi=29.9 atr=0.09 atr%=0.11 vol=0.73 DOWN | 15m close=85.07 ema20=85.51 ema50=86.04 rsi=39.9 atr=0.23 atr%=0.27 vol=1.00 DOWN | 1h close=85.14 ema20=86.25 ema50=86.33 rsi=32.4 atr=0.72 atr%=0.85 vol=0.33 DOWN
2026-04-27 18:15:20,183 - INFO - ⏸️ SOLUSDT no entry: 5m entry not ready side=SELL close=85.07 ema20=85.20 momentum=0.00047
2026-04-27 18:15:50,954 - INFO - 📊 Balance=5010.56 | daily=0.00%/10% | trades_today=0
2026-04-27 18:15:53,217 - INFO - 🔎 --- BTCUSDT ---
2026-04-27 18:15:56,420 - INFO - 📈 BTCUSDT | 1m close=77760.00 ema20=77777.93 ema50=77796.73 rsi=39.7 atr=42.18 atr%=0.05 vol=0.02 DOWN | 5m close=77760.00 ema20=77793.18 ema50=77842.12 rsi=38.9 atr=50.41 atr%=0.06 vol=0.04 DOWN | 15m close=77760.00 ema20=77876.00 ema50=78095.52 rsi=55.5 atr=88.27 atr%=0.11 vol=1.09 DOWN | 1h close=77808.40 ema20=78125.57 ema50=77988.22 rsi=44.5 atr=518.76 atr%=0.67 vol=0.57 DOWN
2026-04-27 18:15:58,573 - INFO - ⏸️ BTCUSDT no entry: ATR filter fail atr%=0.06
2026-04-27 18:15:58,573 - INFO - 🔎 --- ETHUSDT ---
2026-04-27 18:16:01,747 - INFO - 📈 ETHUSDT | 1m close=2317.06 ema20=2317.96 ema50=2318.77 rsi=35.4 atr=0.97 atr%=0.04 vol=0.01 DOWN | 5m close=2317.06 ema20=2318.81 ema50=2323.17 rsi=20.7 atr=1.40 atr%=0.06 vol=0.84 DOWN | 15m close=2317.06 ema20=2325.60 ema50=2340.70 rsi=46.6 atr=4.18 atr%=0.18 vol=0.89 DOWN | 1h close=2319.69 ema20=2343.51 ema50=2338.59 rsi=31.9 atr=21.14 atr%=0.91 vol=0.44 DOWN
2026-04-27 18:16:03,915 - INFO - ⏸️ ETHUSDT no entry: ATR filter fail atr%=0.06
2026-04-27 18:16:03,915 - INFO - 🔎 --- SOLUSDT ---
2026-04-27 18:16:07,486 - INFO - 📈 SOLUSDT | 1m close=85.07 ema20=85.08 ema50=85.14 rsi=41.7 atr=0.03 atr%=0.03 vol=0.00 DOWN | 5m close=85.07 ema20=85.20 ema50=85.44 rsi=29.9 atr=0.09 atr%=0.11 vol=0.73 DOWN | 15m close=85.07 ema20=85.51 ema50=86.04 rsi=39.9 atr=0.23 atr%=0.27 vol=1.00 DOWN | 1h close=85.14 ema20=86.25 ema50=86.33 rsi=32.4 atr=0.72 atr%=0.85 vol=0.33 DOWN
2026-04-27 18:16:09,724 - INFO - ⏸️ SOLUSDT no entry: 5m entry not ready side=SELL close=85.07 ema20=85.20 momentum=0.00047
2026-04-27 18:16:40,476 - INFO - 📊 Balance=5010.56 | daily=0.00%/10% | trades_today=0
2026-04-27 18:16:42,673 - INFO - 🔎 --- BTCUSDT ---
2026-04-27 18:16:46,874 - INFO - 📈 BTCUSDT | 1m close=77735.20 ema20=77773.86 ema50=77794.32 rsi=37.6 atr=44.11 atr%=0.06 vol=2.12 DOWN | 5m close=77760.00 ema20=77793.18 ema50=77842.12 rsi=38.9 atr=50.41 atr%=0.06 vol=0.04 DOWN | 15m close=77760.00 ema20=77876.00 ema50=78095.52 rsi=55.5 atr=88.27 atr%=0.11 vol=1.09 DOWN | 1h close=77808.40 ema20=78125.57 ema50=77988.22 rsi=44.5 atr=518.76 atr%=0.67 vol=0.57 DOWN
2026-04-27 18:16:49,018 - INFO - ⏸️ BTCUSDT no entry: ATR filter fail atr%=0.06
2026-04-27 18:16:49,019 - INFO - 🔎 --- ETHUSDT ---
2026-04-27 18:16:52,279 - INFO - 📈 ETHUSDT | 1m close=2317.00 ema20=2317.87 ema50=2318.70 rsi=37.0 atr=0.98 atr%=0.04 vol=0.00 DOWN | 5m close=2317.06 ema20=2318.81 ema50=2323.17 rsi=20.7 atr=1.40 atr%=0.06 vol=0.84 DOWN | 15m close=2317.06 ema20=2325.60 ema50=2340.70 rsi=46.6 atr=4.18 atr%=0.18 vol=0.89 DOWN | 1h close=2319.69 ema20=2343.51 ema50=2338.59 rsi=31.9 atr=21.14 atr%=0.91 vol=0.44 DOWN
2026-04-27 18:16:55,529 - INFO - ⏸️ ETHUSDT no entry: ATR filter fail atr%=0.06
2026-04-27 18:16:55,529 - INFO - 🔎 --- SOLUSDT ---
2026-04-27 18:16:58,613 - INFO - 📈 SOLUSDT | 1m close=85.07 ema20=85.08 ema50=85.14 rsi=43.5 atr=0.03 atr%=0.04 vol=0.25 DOWN | 5m close=85.07 ema20=85.20 ema50=85.44 rsi=29.9 atr=0.09 atr%=0.11 vol=0.73 DOWN | 15m close=85.07 ema20=85.51 ema50=86.04 rsi=39.9 atr=0.23 atr%=0.27 vol=1.00 DOWN | 1h close=85.14 ema20=86.25 ema50=86.33 rsi=32.4 atr=0.72 atr%=0.85 vol=0.33 DOWN
2026-04-27 18:17:00,732 - INFO - ⏸️ SOLUSDT no entry: 5m entry not ready side=SELL close=85.07 ema20=85.20 momentum=0.00047
2026-04-27 18:17:31,454 - INFO - 📊 Balance=5010.56 | daily=0.00%/10% | trades_today=0
2026-04-27 18:17:33,707 - INFO - 🔎 --- BTCUSDT ---
2026-04-27 18:17:37,012 - INFO - 📈 BTCUSDT | 1m close=77715.90 ema20=77768.34 ema50=77791.24 rsi=30.7 atr=43.93 atr%=0.06 vol=7.46 DOWN | 5m close=77760.00 ema20=77793.18 ema50=77842.12 rsi=38.9 atr=50.41 atr%=0.06 vol=0.04 DOWN | 15m close=77760.00 ema20=77876.00 ema50=78095.52 rsi=55.5 atr=88.27 atr%=0.11 vol=1.09 DOWN | 1h close=77808.40 ema20=78125.57 ema50=77988.22 rsi=44.5 atr=518.76 atr%=0.67 vol=0.57 DOWN
2026-04-27 18:17:39,707 - INFO - ⏸️ BTCUSDT no entry: ATR filter fail atr%=0.06
2026-04-27 18:17:39,708 - INFO - 🔎 --- ETHUSDT ---
2026-04-27 18:17:43,291 - INFO - 📈 ETHUSDT | 1m close=2316.66 ema20=2317.75 ema50=2318.62 rsi=24.4 atr=0.95 atr%=0.04 vol=0.10 DOWN | 5m close=2317.06 ema20=2318.81 ema50=2323.17 rsi=20.7 atr=1.40 atr%=0.06 vol=0.84 DOWN | 15m close=2317.06 ema20=2325.60 ema50=2340.70 rsi=46.6 atr=4.18 atr%=0.18 vol=0.89 DOWN | 1h close=2319.69 ema20=2343.51 ema50=2338.59 rsi=31.9 atr=21.14 atr%=0.91 vol=0.44 DOWN
2026-04-27 18:17:45,512 - INFO - ⏸️ ETHUSDT no entry: ATR filter fail atr%=0.06
2026-04-27 18:17:45,513 - INFO - 🔎 --- SOLUSDT ---
2026-04-27 18:17:48,659 - INFO - 📈 SOLUSDT | 1m close=85.05 ema20=85.08 ema50=85.14 rsi=31.8 atr=0.03 atr%=0.04 vol=1.70 DOWN | 5m close=85.07 ema20=85.20 ema50=85.44 rsi=29.9 atr=0.09 atr%=0.11 vol=0.73 DOWN | 15m close=85.07 ema20=85.51 ema50=86.04 rsi=39.9 atr=0.23 atr%=0.27 vol=1.00 DOWN | 1h close=85.14 ema20=86.25 ema50=86.33 rsi=32.4 atr=0.72 atr%=0.85 vol=0.33 DOWN
2026-04-27 18:17:50,791 - INFO - ⏸️ SOLUSDT no entry: 5m entry not ready side=SELL close=85.07 ema20=85.20 momentum=0.00047
2026-04-27 18:18:21,617 - INFO - 📊 Balance=5010.56 | daily=0.00%/10% | trades_today=0
2026-04-27 18:18:24,059 - INFO - 🔎 --- BTCUSDT ---
2026-04-27 18:18:27,807 - INFO - 📈 BTCUSDT | 1m close=77722.90 ema20=77764.01 ema50=77788.56 rsi=32.3 atr=45.42 atr%=0.06 vol=0.20 DOWN | 5m close=77760.00 ema20=77793.18 ema50=77842.12 rsi=38.9 atr=50.41 atr%=0.06 vol=0.04 DOWN | 15m close=77760.00 ema20=77876.00 ema50=78095.52 rsi=55.5 atr=88.27 atr%=0.11 vol=1.09 DOWN | 1h close=77808.40 ema20=78125.57 ema50=77988.22 rsi=44.5 atr=518.76 atr%=0.67 vol=0.57 DOWN
2026-04-27 18:18:30,077 - INFO - ⏸️ BTCUSDT no entry: ATR filter fail atr%=0.06
2026-04-27 18:18:30,078 - INFO - 🔎 --- ETHUSDT ---
2026-04-27 18:18:33,325 - INFO - 📈 ETHUSDT | 1m close=2317.10 ema20=2317.69 ema50=2318.56 rsi=32.7 atr=0.94 atr%=0.04 vol=0.03 DOWN | 5m close=2317.06 ema20=2318.81 ema50=2323.17 rsi=20.7 atr=1.40 atr%=0.06 vol=0.84 DOWN | 15m close=2317.06 ema20=2325.60 ema50=2340.70 rsi=46.6 atr=4.18 atr%=0.18 vol=0.89 DOWN | 1h close=2319.69 ema20=2343.51 ema50=2338.59 rsi=31.9 atr=21.14 atr%=0.91 vol=0.44 DOWN
2026-04-27 18:18:35,644 - INFO - ⏸️ ETHUSDT no entry: ATR filter fail atr%=0.06
2026-04-27 18:18:35,644 - INFO - 🔎 --- SOLUSDT ---
2026-04-27 18:18:38,864 - INFO - 📈 SOLUSDT | 1m close=85.06 ema20=85.08 ema50=85.13 rsi=38.1 atr=0.03 atr%=0.03 vol=0.23 DOWN | 5m close=85.07 ema20=85.20 ema50=85.44 rsi=29.9 atr=0.09 atr%=0.11 vol=0.73 DOWN | 15m close=85.07 ema20=85.51 ema50=86.04 rsi=39.9 atr=0.23 atr%=0.27 vol=1.00 DOWN | 1h close=85.14 ema20=86.25 ema50=86.33 rsi=32.4 atr=0.72 atr%=0.85 vol=0.33 DOWN
2026-04-27 18:18:41,185 - INFO - ⏸️ SOLUSDT no entry: 5m entry not ready side=SELL close=85.07 ema20=85.20 momentum=0.00047
2026-04-27 18:19:11,943 - INFO - 📊 Balance=5010.56 | daily=0.00%/10% | trades_today=0
2026-04-27 18:19:14,306 - INFO - 🔎 --- BTCUSDT ---
2026-04-27 18:19:17,827 - INFO - 📈 BTCUSDT | 1m close=77740.00 ema20=77761.72 ema50=77786.66 rsi=42.3 atr=43.72 atr%=0.06 vol=0.00 DOWN | 5m close=77760.00 ema20=77793.18 ema50=77842.12 rsi=38.9 atr=50.41 atr%=0.06 vol=0.04 DOWN | 15m close=77760.00 ema20=77876.00 ema50=78095.52 rsi=55.5 atr=88.27 atr%=0.11 vol=1.09 DOWN | 1h close=77808.40 ema20=78125.57 ema50=77988.22 rsi=44.5 atr=518.76 atr%=0.67 vol=0.57 DOWN
2026-04-27 18:19:20,032 - INFO - ⏸️ BTCUSDT no entry: ATR filter fail atr%=0.06
2026-04-27 18:19:20,032 - INFO - 🔎 --- ETHUSDT ---
2026-04-27 18:19:23,575 - INFO - 📈 ETHUSDT | 1m close=2317.49 ema20=2317.67 ema50=2318.52 rsi=48.8 atr=0.83 atr%=0.04 vol=0.55 DOWN | 5m close=2317.06 ema20=2318.81 ema50=2323.17 rsi=20.7 atr=1.40 atr%=0.06 vol=0.84 DOWN | 15m close=2317.06 ema20=2325.60 ema50=2340.70 rsi=46.6 atr=4.18 atr%=0.18 vol=0.89 DOWN | 1h close=2319.69 ema20=2343.51 ema50=2338.59 rsi=31.9 atr=21.14 atr%=0.91 vol=0.44 DOWN
2026-04-27 18:19:25,796 - INFO - ⏸️ ETHUSDT no entry: ATR filter fail atr%=0.06
2026-04-27 18:19:25,796 - INFO - 🔎 --- SOLUSDT ---
2026-04-27 18:19:34,395 - INFO - 📈 SOLUSDT | 1m close=85.08 ema20=85.08 ema50=85.13 rsi=58.8 atr=0.03 atr%=0.03 vol=1.17 UP | 5m close=85.07 ema20=85.20 ema50=85.44 rsi=29.9 atr=0.09 atr%=0.11 vol=0.73 DOWN | 15m close=85.07 ema20=85.51 ema50=86.04 rsi=39.9 atr=0.23 atr%=0.27 vol=1.00 DOWN | 1h close=85.14 ema20=86.25 ema50=86.33 rsi=32.4 atr=0.72 atr%=0.85 vol=0.33 DOWN
2026-04-27 18:19:36,749 - INFO - ⏸️ SOLUSDT no entry: 5m entry not ready side=SELL close=85.07 ema20=85.20 momentum=0.00047
2026-04-27 18:20:07,498 - INFO - 📊 Balance=5010.56 | daily=0.00%/10% | trades_today=0
2026-04-27 18:20:09,827 - INFO - 🔎 --- BTCUSDT ---
2026-04-27 18:20:13,406 - INFO - 📈 BTCUSDT | 1m close=77740.00 ema20=77761.72 ema50=77786.66 rsi=42.3 atr=43.72 atr%=0.06 vol=0.00 DOWN | 5m close=77760.00 ema20=77793.18 ema50=77842.12 rsi=38.9 atr=50.41 atr%=0.06 vol=0.04 DOWN | 15m close=77760.00 ema20=77876.00 ema50=78095.52 rsi=55.5 atr=88.27 atr%=0.11 vol=1.09 DOWN | 1h close=77808.40 ema20=78125.57 ema50=77988.22 rsi=44.5 atr=518.76 atr%=0.67 vol=0.57 DOWN
2026-04-27 18:20:15,593 - INFO - ⏸️ BTCUSDT no entry: ATR filter fail atr%=0.06
2026-04-27 18:20:15,593 - INFO - 🔎 --- ETHUSDT ---
2026-04-27 18:20:18,795 - INFO - 📈 ETHUSDT | 1m close=2318.59 ema20=2317.76 ema50=2318.52 rsi=55.9 atr=0.87 atr%=0.04 vol=3.92 UP | 5m close=2318.59 ema20=2318.79 ema50=2322.99 rsi=39.8 atr=1.33 atr%=0.06 vol=1.12 DOWN | 15m close=2317.06 ema20=2325.60 ema50=2340.70 rsi=46.6 atr=4.18 atr%=0.18 vol=0.89 DOWN | 1h close=2319.69 ema20=2343.51 ema50=2338.59 rsi=31.9 atr=21.14 atr%=0.91 vol=0.44 DOWN
2026-04-27 18:20:21,006 - INFO - ⏸️ ETHUSDT no entry: ATR filter fail atr%=0.06
2026-04-27 18:20:21,006 - INFO - 🔎 --- SOLUSDT ---
2026-04-27 18:20:24,053 - INFO - 📈 SOLUSDT | 1m close=85.11 ema20=85.08 ema50=85.13 rsi=68.4 atr=0.03 atr%=0.03 vol=1.55 UP | 5m close=85.11 ema20=85.19 ema50=85.43 rsi=31.9 atr=0.09 atr%=0.10 vol=0.98 DOWN | 15m close=85.07 ema20=85.51 ema50=86.04 rsi=39.9 atr=0.23 atr%=0.27 vol=1.00 DOWN | 1h close=85.14 ema20=86.25 ema50=86.33 rsi=32.4 atr=0.72 atr%=0.85 vol=0.33 DOWN
2026-04-27 18:20:26,253 - INFO - ⏸️ SOLUSDT no entry: 5m entry not ready side=SELL close=85.11 ema20=85.19 momentum=0.00047
2026-04-27 18:20:56,967 - INFO - 📊 Balance=5010.56 | daily=0.00%/10% | trades_today=0
2026-04-27 18:20:59,229 - INFO - 🔎 --- BTCUSDT ---
2026-04-27 18:21:02,496 - INFO - 📈 BTCUSDT | 1m close=77759.90 ema20=77761.55 ema50=77785.61 rsi=51.7 atr=41.49 atr%=0.05 vol=0.05 DOWN | 5m close=77759.90 ema20=77790.01 ema50=77838.90 rsi=45.6 atr=45.78 atr%=0.06 vol=3.09 DOWN | 15m close=77760.00 ema20=77876.00 ema50=78095.52 rsi=55.5 atr=88.27 atr%=0.11 vol=1.09 DOWN | 1h close=77808.40 ema20=78125.57 ema50=77988.22 rsi=44.5 atr=518.76 atr%=0.67 vol=0.57 DOWN
2026-04-27 18:21:04,687 - INFO - ⏸️ BTCUSDT no entry: ATR filter fail atr%=0.06
2026-04-27 18:21:04,687 - INFO - 🔎 --- ETHUSDT ---
2026-04-27 18:21:08,014 - INFO - 📈 ETHUSDT | 1m close=2318.79 ema20=2317.86 ema50=2318.53 rsi=56.3 atr=0.78 atr%=0.03 vol=0.96 UP | 5m close=2318.59 ema20=2318.79 ema50=2322.99 rsi=39.8 atr=1.33 atr%=0.06 vol=1.12 DOWN | 15m close=2317.06 ema20=2325.60 ema50=2340.70 rsi=46.6 atr=4.18 atr%=0.18 vol=0.89 DOWN | 1h close=2319.69 ema20=2343.51 ema50=2338.59 rsi=31.9 atr=21.14 atr%=0.91 vol=0.44 DOWN
2026-04-27 18:21:10,216 - INFO - ⏸️ ETHUSDT no entry: ATR filter fail atr%=0.06
2026-04-27 18:21:10,216 - INFO - 🔎 --- SOLUSDT ---
2026-04-27 18:21:13,142 - INFO - 📈 SOLUSDT | 1m close=85.11 ema20=85.08 ema50=85.13 rsi=68.4 atr=0.03 atr%=0.03 vol=1.55 UP | 5m close=85.11 ema20=85.19 ema50=85.43 rsi=31.9 atr=0.09 atr%=0.10 vol=0.98 DOWN | 15m close=85.07 ema20=85.51 ema50=86.04 rsi=39.9 atr=0.23 atr%=0.27 vol=1.00 DOWN | 1h close=85.14 ema20=86.25 ema50=86.33 rsi=32.4 atr=0.72 atr%=0.85 vol=0.33 DOWN
2026-04-27 18:21:15,489 - INFO - ⏸️ SOLUSDT no entry: 5m entry not ready side=SELL close=85.11 ema20=85.19 momentum=0.00047
2026-04-27 18:21:46,264 - INFO - 📊 Balance=5010.56 | daily=0.00%/10% | trades_today=0
2026-04-27 18:21:48,498 - INFO - 🔎 --- BTCUSDT ---
2026-04-27 18:21:51,856 - INFO - 📈 BTCUSDT | 1m close=77777.60 ema20=77763.08 ema50=77785.29 rsi=55.0 atr=40.89 atr%=0.05 vol=0.00 UP | 5m close=77759.90 ema20=77790.01 ema50=77838.90 rsi=45.6 atr=45.78 atr%=0.06 vol=3.09 DOWN | 15m close=77760.00 ema20=77876.00 ema50=78095.52 rsi=55.5 atr=88.27 atr%=0.11 vol=1.09 DOWN | 1h close=77808.40 ema20=78125.57 ema50=77988.22 rsi=44.5 atr=518.76 atr%=0.67 vol=0.57 DOWN
2026-04-27 18:21:54,088 - INFO - ⏸️ BTCUSDT no entry: ATR filter fail atr%=0.06
2026-04-27 18:21:54,089 - INFO - 🔎 --- ETHUSDT ---
2026-04-27 18:21:57,587 - INFO - 📈 ETHUSDT | 1m close=2318.79 ema20=2317.86 ema50=2318.53 rsi=56.3 atr=0.78 atr%=0.03 vol=0.96 UP | 5m close=2318.59 ema20=2318.79 ema50=2322.99 rsi=39.8 atr=1.33 atr%=0.06 vol=1.12 DOWN | 15m close=2317.06 ema20=2325.60 ema50=2340.70 rsi=46.6 atr=4.18 atr%=0.18 vol=0.89 DOWN | 1h close=2319.69 ema20=2343.51 ema50=2338.59 rsi=31.9 atr=21.14 atr%=0.91 vol=0.44 DOWN
2026-04-27 18:21:59,965 - INFO - ⏸️ ETHUSDT no entry: ATR filter fail atr%=0.06
2026-04-27 18:21:59,966 - INFO - 🔎 --- SOLUSDT ---
2026-04-27 18:22:05,099 - INFO - 📈 SOLUSDT | 1m close=85.12 ema20=85.09 ema50=85.13 rsi=66.7 atr=0.02 atr%=0.03 vol=0.23 UP | 5m close=85.11 ema20=85.19 ema50=85.43 rsi=31.9 atr=0.09 atr%=0.10 vol=0.98 DOWN | 15m close=85.07 ema20=85.51 ema50=86.04 rsi=39.9 atr=0.23 atr%=0.27 vol=1.00 DOWN | 1h close=85.14 ema20=86.25 ema50=86.33 rsi=32.4 atr=0.72 atr%=0.85 vol=0.33 DOWN
2026-04-27 18:22:07,276 - INFO - ⏸️ SOLUSDT no entry: 5m entry not ready side=SELL close=85.11 ema20=85.19 momentum=0.00047
2026-04-27 18:22:37,998 - INFO - 📊 Balance=5010.56 | daily=0.00%/10% | trades_today=0
2026-04-27 18:22:41,665 - INFO - 🔎 --- BTCUSDT ---
2026-04-27 18:22:45,930 - INFO - 📈 BTCUSDT | 1m close=77783.60 ema20=77765.03 ema50=77785.23 rsi=50.1 atr=38.31 atr%=0.05 vol=0.33 UP | 5m close=77759.90 ema20=77790.01 ema50=77838.90 rsi=45.6 atr=45.78 atr%=0.06 vol=3.09 DOWN | 15m close=77760.00 ema20=77876.00 ema50=78095.52 rsi=55.5 atr=88.27 atr%=0.11 vol=1.09 DOWN | 1h close=77808.40 ema20=78125.57 ema50=77988.22 rsi=44.5 atr=518.76 atr%=0.67 vol=0.57 DOWN
2026-04-27 18:22:48,141 - INFO - ⏸️ BTCUSDT no entry: ATR filter fail atr%=0.06
2026-04-27 18:22:48,141 - INFO - 🔎 --- ETHUSDT ---
2026-04-27 18:22:51,747 - INFO - 📈 ETHUSDT | 1m close=2319.30 ema20=2317.99 ema50=2318.56 rsi=64.6 atr=0.76 atr%=0.03 vol=1.22 UP | 5m close=2318.59 ema20=2318.79 ema50=2322.99 rsi=39.8 atr=1.33 atr%=0.06 vol=1.12 DOWN | 15m close=2317.06 ema20=2325.60 ema50=2340.70 rsi=46.6 atr=4.18 atr%=0.18 vol=0.89 DOWN | 1h close=2319.69 ema20=2343.51 ema50=2338.59 rsi=31.9 atr=21.14 atr%=0.91 vol=0.44 DOWN
2026-04-27 18:22:54,135 - INFO - ⏸️ ETHUSDT no entry: ATR filter fail atr%=0.06
2026-04-27 18:22:54,135 - INFO - 🔎 --- SOLUSDT ---
2026-04-27 18:22:57,171 - INFO - 📈 SOLUSDT | 1m close=85.14 ema20=85.09 ema50=85.13 rsi=77.8 atr=0.02 atr%=0.03 vol=0.64 UP | 5m close=85.11 ema20=85.19 ema50=85.43 rsi=31.9 atr=0.09 atr%=0.10 vol=0.98 DOWN | 15m close=85.07 ema20=85.51 ema50=86.04 rsi=39.9 atr=0.23 atr%=0.27 vol=1.00 DOWN | 1h close=85.14 ema20=86.25 ema50=86.33 rsi=32.4 atr=0.72 atr%=0.85 vol=0.33 DOWN
2026-04-27 18:22:59,751 - INFO - ⏸️ SOLUSDT no entry: 5m entry not ready side=SELL close=85.11 ema20=85.19 momentum=0.00047
2026-04-27 18:23:30,480 - INFO - 📊 Balance=5010.56 | daily=0.00%/10% | trades_today=0
2026-04-27 18:23:33,280 - INFO - 🔎 --- BTCUSDT ---
2026-04-27 18:23:39,586 - INFO - 📈 BTCUSDT | 1m close=77786.10 ema20=77767.04 ema50=77785.26 rsi=62.9 atr=35.09 atr%=0.05 vol=0.48 UP | 5m close=77759.90 ema20=77790.01 ema50=77838.90 rsi=45.6 atr=45.78 atr%=0.06 vol=3.09 DOWN | 15m close=77760.00 ema20=77876.00 ema50=78095.52 rsi=55.5 atr=88.27 atr%=0.11 vol=1.09 DOWN | 1h close=77808.40 ema20=78125.57 ema50=77988.22 rsi=44.5 atr=518.76 atr%=0.67 vol=0.57 DOWN
2026-04-27 18:23:42,994 - INFO - ⏸️ BTCUSDT no entry: ATR filter fail atr%=0.06
2026-04-27 18:23:42,995 - INFO - 🔎 --- ETHUSDT ---
2026-04-27 18:23:46,696 - INFO - 📈 ETHUSDT | 1m close=2319.50 ema20=2318.14 ema50=2318.60 rsi=67.5 atr=0.78 atr%=0.03 vol=2.58 UP | 5m close=2318.59 ema20=2318.79 ema50=2322.99 rsi=39.8 atr=1.33 atr%=0.06 vol=1.12 DOWN | 15m close=2317.06 ema20=2325.60 ema50=2340.70 rsi=46.6 atr=4.18 atr%=0.18 vol=0.89 DOWN | 1h close=2319.69 ema20=2343.51 ema50=2338.59 rsi=31.9 atr=21.14 atr%=0.91 vol=0.44 DOWN
2026-04-27 18:23:49,169 - INFO - ⏸️ ETHUSDT no entry: ATR filter fail atr%=0.06
2026-04-27 18:23:49,169 - INFO - 🔎 --- SOLUSDT ---
2026-04-27 18:23:53,339 - INFO - 📈 SOLUSDT | 1m close=85.14 ema20=85.10 ema50=85.13 rsi=77.8 atr=0.02 atr%=0.03 vol=0.29 UP | 5m close=85.11 ema20=85.19 ema50=85.43 rsi=31.9 atr=0.09 atr%=0.10 vol=0.98 DOWN | 15m close=85.07 ema20=85.51 ema50=86.04 rsi=39.9 atr=0.23 atr%=0.27 vol=1.00 DOWN | 1h close=85.14 ema20=86.25 ema50=86.33 rsi=32.4 atr=0.72 atr%=0.85 vol=0.33 DOWN
2026-04-27 18:23:55,909 - INFO - ⏸️ SOLUSDT no entry: 5m entry not ready side=SELL close=85.11 ema20=85.19 momentum=0.00047
2026-04-27 18:24:26,602 - INFO - 📊 Balance=5010.56 | daily=0.00%/10% | trades_today=0
2026-04-27 18:24:28,917 - INFO - 🔎 --- BTCUSDT ---
2026-04-27 18:24:32,092 - INFO - 📈 BTCUSDT | 1m close=77786.10 ema20=77768.86 ema50=77785.29 rsi=63.3 atr=32.51 atr%=0.04 vol=0.08 UP | 5m close=77759.90 ema20=77790.01 ema50=77838.90 rsi=45.6 atr=45.78 atr%=0.06 vol=3.09 DOWN | 15m close=77760.00 ema20=77876.00 ema50=78095.52 rsi=55.5 atr=88.27 atr%=0.11 vol=1.09 DOWN | 1h close=77808.40 ema20=78125.57 ema50=77988.22 rsi=44.5 atr=518.76 atr%=0.67 vol=0.57 DOWN
2026-04-27 18:24:34,370 - INFO - ⏸️ BTCUSDT no entry: ATR filter fail atr%=0.06
2026-04-27 18:24:34,370 - INFO - 🔎 --- ETHUSDT ---
2026-04-27 18:24:37,558 - INFO - 📈 ETHUSDT | 1m close=2320.02 ema20=2318.32 ema50=2318.65 rsi=74.8 atr=0.78 atr%=0.03 vol=0.76 UP | 5m close=2318.59 ema20=2318.79 ema50=2322.99 rsi=39.8 atr=1.33 atr%=0.06 vol=1.12 DOWN | 15m close=2317.06 ema20=2325.60 ema50=2340.70 rsi=46.6 atr=4.18 atr%=0.18 vol=0.89 DOWN | 1h close=2319.69 ema20=2343.51 ema50=2338.59 rsi=31.9 atr=21.14 atr%=0.91 vol=0.44 DOWN
2026-04-27 18:24:39,872 - INFO - ⏸️ ETHUSDT no entry: ATR filter fail atr%=0.06
2026-04-27 18:24:39,872 - INFO - 🔎 --- SOLUSDT ---
2026-04-27 18:24:42,863 - INFO - 📈 SOLUSDT | 1m close=85.16 ema20=85.10 ema50=85.13 rsi=84.2 atr=0.02 atr%=0.03 vol=1.25 UP | 5m close=85.11 ema20=85.19 ema50=85.43 rsi=31.9 atr=0.09 atr%=0.10 vol=0.98 DOWN | 15m close=85.07 ema20=85.51 ema50=86.04 rsi=39.9 atr=0.23 atr%=0.27 vol=1.00 DOWN | 1h close=85.14 ema20=86.25 ema50=86.33 rsi=32.4 atr=0.72 atr%=0.85 vol=0.33 DOWN
2026-04-27 18:24:45,076 - INFO - ⏸️ SOLUSDT no entry: 5m entry not ready side=SELL close=85.11 ema20=85.19 momentum=0.00047
2026-04-27 18:25:16,848 - INFO - 📊 Balance=5010.56 | daily=0.00%/10% | trades_today=0
2026-04-27 18:25:19,119 - INFO - 🔎 --- BTCUSDT ---
2026-04-27 18:25:22,390 - INFO - 📈 BTCUSDT | 1m close=77782.30 ema20=77770.14 ema50=77785.18 rsi=57.2 atr=29.27 atr%=0.04 vol=0.14 UP | 5m close=77782.30 ema20=77789.27 ema50=77836.68 rsi=51.3 atr=38.27 atr%=0.05 vol=0.36 DOWN | 15m close=77760.00 ema20=77876.00 ema50=78095.52 rsi=55.5 atr=88.27 atr%=0.11 vol=1.09 DOWN | 1h close=77808.40 ema20=78125.57 ema50=77988.22 rsi=44.5 atr=518.76 atr%=0.67 vol=0.57 DOWN
2026-04-27 18:25:24,516 - INFO - ⏸️ BTCUSDT no entry: ATR filter fail atr%=0.05
2026-04-27 18:25:24,516 - INFO - 🔎 --- ETHUSDT ---
2026-04-27 18:25:27,865 - INFO - 📈 ETHUSDT | 1m close=2320.25 ema20=2318.50 ema50=2318.71 rsi=88.0 atr=0.73 atr%=0.03 vol=1.13 UP | 5m close=2320.25 ema20=2318.93 ema50=2322.88 rsi=54.4 atr=1.34 atr%=0.06 vol=1.78 UP | 15m close=2317.06 ema20=2325.60 ema50=2340.70 rsi=46.6 atr=4.18 atr%=0.18 vol=0.89 DOWN | 1h close=2319.69 ema20=2343.51 ema50=2338.59 rsi=31.9 atr=21.14 atr%=0.91 vol=0.44 DOWN
2026-04-27 18:25:30,088 - INFO - ⏸️ ETHUSDT no entry: ATR filter fail atr%=0.06
2026-04-27 18:25:30,088 - INFO - 🔎 --- SOLUSDT ---
2026-04-27 18:25:34,184 - INFO - 📈 SOLUSDT | 1m close=85.17 ema20=85.11 ema50=85.13 rsi=85.0 atr=0.03 atr%=0.03 vol=0.77 UP | 5m close=85.17 ema20=85.19 ema50=85.42 rsi=41.2 atr=0.09 atr%=0.10 vol=0.61 DOWN | 15m close=85.07 ema20=85.51 ema50=86.04 rsi=39.9 atr=0.23 atr%=0.27 vol=1.00 DOWN | 1h close=85.14 ema20=86.25 ema50=86.33 rsi=32.4 atr=0.72 atr%=0.85 vol=0.33 DOWN
2026-04-27 18:25:36,721 - INFO - ⏸️ SOLUSDT no entry: 5m entry not ready side=SELL close=85.17 ema20=85.19 momentum=0.00070
2026-04-27 18:26:07,485 - INFO - 📊 Balance=5010.56 | daily=0.00%/10% | trades_today=0
2026-04-27 18:26:10,050 - INFO - 🔎 --- BTCUSDT ---
2026-04-27 18:26:13,585 - INFO - 📈 BTCUSDT | 1m close=77782.30 ema20=77770.14 ema50=77785.18 rsi=57.2 atr=29.27 atr%=0.04 vol=0.14 UP | 5m close=77782.30 ema20=77789.27 ema50=77836.68 rsi=51.3 atr=38.27 atr%=0.05 vol=0.36 DOWN | 15m close=77760.00 ema20=77876.00 ema50=78095.52 rsi=55.5 atr=88.27 atr%=0.11 vol=1.09 DOWN | 1h close=77808.40 ema20=78125.57 ema50=77988.22 rsi=44.5 atr=518.76 atr%=0.67 vol=0.57 DOWN
2026-04-27 18:26:15,735 - INFO - ⏸️ BTCUSDT no entry: ATR filter fail atr%=0.05
2026-04-27 18:26:15,735 - INFO - 🔎 --- ETHUSDT ---
2026-04-27 18:26:18,910 - INFO - 📈 ETHUSDT | 1m close=2320.30 ema20=2318.67 ema50=2318.78 rsi=87.9 atr=0.72 atr%=0.03 vol=0.22 UP | 5m close=2320.25 ema20=2318.93 ema50=2322.88 rsi=54.4 atr=1.34 atr%=0.06 vol=1.78 UP | 15m close=2317.06 ema20=2325.60 ema50=2340.70 rsi=46.6 atr=4.18 atr%=0.18 vol=0.89 DOWN | 1h close=2319.69 ema20=2343.51 ema50=2338.59 rsi=31.9 atr=21.14 atr%=0.91 vol=0.44 DOWN
2026-04-27 18:26:21,038 - INFO - ⏸️ ETHUSDT no entry: ATR filter fail atr%=0.06
2026-04-27 18:26:21,039 - INFO - 🔎 --- SOLUSDT ---
2026-04-27 18:26:24,076 - INFO - 📈 SOLUSDT | 1m close=85.17 ema20=85.11 ema50=85.13 rsi=83.3 atr=0.02 atr%=0.03 vol=0.82 UP | 5m close=85.17 ema20=85.19 ema50=85.42 rsi=41.2 atr=0.09 atr%=0.10 vol=0.61 DOWN | 15m close=85.07 ema20=85.51 ema50=86.04 rsi=39.9 atr=0.23 atr%=0.27 vol=1.00 DOWN | 1h close=85.14 ema20=86.25 ema50=86.33 rsi=32.4 atr=0.72 atr%=0.85 vol=0.33 DOWN
2026-04-27 18:26:26,254 - INFO - ⏸️ SOLUSDT no entry: 5m entry not ready side=SELL close=85.17 ema20=85.19 momentum=0.00070
2026-04-27 18:26:56,974 - INFO - 📊 Balance=5010.56 | daily=0.00%/10% | trades_today=0
2026-04-27 18:26:59,159 - INFO - 🔎 --- BTCUSDT ---
2026-04-27 18:27:02,470 - INFO - 📈 BTCUSDT | 1m close=77786.10 ema20=77771.66 ema50=77785.21 rsi=53.1 atr=26.02 atr%=0.03 vol=0.55 UP | 5m close=77782.30 ema20=77789.27 ema50=77836.68 rsi=51.3 atr=38.27 atr%=0.05 vol=0.36 DOWN | 15m close=77760.00 ema20=77876.00 ema50=78095.52 rsi=55.5 atr=88.27 atr%=0.11 vol=1.09 DOWN | 1h close=77808.40 ema20=78125.57 ema50=77988.22 rsi=44.5 atr=518.76 atr%=0.67 vol=0.57 DOWN
2026-04-27 18:27:05,193 - INFO - ⏸️ BTCUSDT no entry: ATR filter fail atr%=0.05
2026-04-27 18:27:05,194 - INFO - 🔎 --- ETHUSDT ---
2026-04-27 18:27:09,508 - INFO - 📈 ETHUSDT | 1m close=2320.80 ema20=2318.87 ema50=2318.86 rsi=86.4 atr=0.68 atr%=0.03 vol=2.31 UP | 5m close=2320.25 ema20=2318.93 ema50=2322.88 rsi=54.4 atr=1.34 atr%=0.06 vol=1.78 UP | 15m close=2317.06 ema20=2325.60 ema50=2340.70 rsi=46.6 atr=4.18 atr%=0.18 vol=0.89 DOWN | 1h close=2319.69 ema20=2343.51 ema50=2338.59 rsi=31.9 atr=21.14 atr%=0.91 vol=0.44 DOWN
2026-04-27 18:27:11,690 - INFO - ⏸️ ETHUSDT no entry: ATR filter fail atr%=0.06
2026-04-27 18:27:11,691 - INFO - 🔎 --- SOLUSDT ---
2026-04-27 18:27:14,746 - INFO - 📈 SOLUSDT | 1m close=85.20 ema20=85.12 ema50=85.14 rsi=83.3 atr=0.02 atr%=0.03 vol=1.39 UP | 5m close=85.17 ema20=85.19 ema50=85.42 rsi=41.2 atr=0.09 atr%=0.10 vol=0.61 DOWN | 15m close=85.07 ema20=85.51 ema50=86.04 rsi=39.9 atr=0.23 atr%=0.27 vol=1.00 DOWN | 1h close=85.14 ema20=86.25 ema50=86.33 rsi=32.4 atr=0.72 atr%=0.85 vol=0.33 DOWN
2026-04-27 18:27:16,857 - INFO - ⏸️ SOLUSDT no entry: 5m entry not ready side=SELL close=85.17 ema20=85.19 momentum=0.00070
2026-04-27 18:27:47,670 - INFO - 📊 Balance=5010.56 | daily=0.00%/10% | trades_today=0
2026-04-27 18:27:50,172 - INFO - 🔎 --- BTCUSDT ---
2026-04-27 18:27:54,551 - INFO - 📈 BTCUSDT | 1m close=77790.10 ema20=77773.41 ema50=77785.40 rsi=62.6 atr=22.79 atr%=0.03 vol=1.82 UP | 5m close=77782.30 ema20=77789.27 ema50=77836.68 rsi=51.3 atr=38.27 atr%=0.05 vol=0.36 DOWN | 15m close=77760.00 ema20=77876.00 ema50=78095.52 rsi=55.5 atr=88.27 atr%=0.11 vol=1.09 DOWN | 1h close=77808.40 ema20=78125.57 ema50=77988.22 rsi=44.5 atr=518.76 atr%=0.67 vol=0.57 DOWN
2026-04-27 18:27:56,758 - INFO - ⏸️ BTCUSDT no entry: ATR filter fail atr%=0.05
2026-04-27 18:27:56,758 - INFO - 🔎 --- ETHUSDT ---
2026-04-27 18:28:01,705 - INFO - 📈 ETHUSDT | 1m close=2320.80 ema20=2318.87 ema50=2318.86 rsi=86.4 atr=0.68 atr%=0.03 vol=2.31 UP | 5m close=2320.25 ema20=2318.93 ema50=2322.88 rsi=54.4 atr=1.34 atr%=0.06 vol=1.78 UP | 15m close=2317.06 ema20=2325.60 ema50=2340.70 rsi=46.6 atr=4.18 atr%=0.18 vol=0.89 DOWN | 1h close=2319.69 ema20=2343.51 ema50=2338.59 rsi=31.9 atr=21.14 atr%=0.91 vol=0.44 DOWN
2026-04-27 18:28:03,981 - INFO - ⏸️ ETHUSDT no entry: ATR filter fail atr%=0.06
2026-04-27 18:28:03,982 - INFO - 🔎 --- SOLUSDT ---
2026-04-27 18:28:07,162 - INFO - 📈 SOLUSDT | 1m close=85.20 ema20=85.12 ema50=85.14 rsi=83.3 atr=0.02 atr%=0.03 vol=1.39 UP | 5m close=85.17 ema20=85.19 ema50=85.42 rsi=41.2 atr=0.09 atr%=0.10 vol=0.61 DOWN | 15m close=85.07 ema20=85.51 ema50=86.04 rsi=39.9 atr=0.23 atr%=0.27 vol=1.00 DOWN | 1h close=85.14 ema20=86.25 ema50=86.33 rsi=32.4 atr=0.72 atr%=0.85 vol=0.33 DOWN
2026-04-27 18:28:10,478 - INFO - ⏸️ SOLUSDT no entry: 5m entry not ready side=SELL close=85.17 ema20=85.19 momentum=0.00070
2026-04-27 18:28:41,230 - INFO - 📊 Balance=5010.56 | daily=0.00%/10% | trades_today=0
2026-04-27 18:28:43,422 - INFO - 🔎 --- BTCUSDT ---
2026-04-27 18:28:46,680 - INFO - 📈 BTCUSDT | 1m close=77831.80 ema20=77778.97 ema50=77787.22 rsi=73.3 atr=22.81 atr%=0.03 vol=3.73 UP | 5m close=77782.30 ema20=77789.27 ema50=77836.68 rsi=51.3 atr=38.27 atr%=0.05 vol=0.36 DOWN | 15m close=77760.00 ema20=77876.00 ema50=78095.52 rsi=55.5 atr=88.27 atr%=0.11 vol=1.09 DOWN | 1h close=77808.40 ema20=78125.57 ema50=77988.22 rsi=44.5 atr=518.76 atr%=0.67 vol=0.57 DOWN
2026-04-27 18:28:48,889 - INFO - ⏸️ BTCUSDT no entry: ATR filter fail atr%=0.05
2026-04-27 18:28:48,889 - INFO - 🔎 --- ETHUSDT ---
2026-04-27 18:28:52,224 - INFO - 📈 ETHUSDT | 1m close=2320.42 ema20=2319.02 ema50=2318.92 rsi=79.6 atr=0.61 atr%=0.03 vol=0.07 UP | 5m close=2320.25 ema20=2318.93 ema50=2322.88 rsi=54.4 atr=1.34 atr%=0.06 vol=1.78 UP | 15m close=2317.06 ema20=2325.60 ema50=2340.70 rsi=46.6 atr=4.18 atr%=0.18 vol=0.89 DOWN | 1h close=2319.69 ema20=2343.51 ema50=2338.59 rsi=31.9 atr=21.14 atr%=0.91 vol=0.44 DOWN
2026-04-27 18:28:54,499 - INFO - ⏸️ ETHUSDT no entry: ATR filter fail atr%=0.06
2026-04-27 18:28:54,499 - INFO - 🔎 --- SOLUSDT ---
2026-04-27 18:28:57,590 - INFO - 📈 SOLUSDT | 1m close=85.21 ema20=85.13 ema50=85.14 rsi=88.9 atr=0.02 atr%=0.03 vol=0.33 UP | 5m close=85.17 ema20=85.19 ema50=85.42 rsi=41.2 atr=0.09 atr%=0.10 vol=0.61 DOWN | 15m close=85.07 ema20=85.51 ema50=86.04 rsi=39.9 atr=0.23 atr%=0.27 vol=1.00 DOWN | 1h close=85.14 ema20=86.25 ema50=86.33 rsi=32.4 atr=0.72 atr%=0.85 vol=0.33 DOWN
2026-04-27 18:29:00,018 - INFO - ⏸️ SOLUSDT no entry: 5m entry not ready side=SELL close=85.17 ema20=85.19 momentum=0.00070
2026-04-27 18:29:30,772 - INFO - 📊 Balance=5010.56 | daily=0.00%/10% | trades_today=0
2026-04-27 18:29:32,937 - INFO - 🔎 --- BTCUSDT ---
2026-04-27 18:29:36,138 - INFO - 📈 BTCUSDT | 1m close=77835.10 ema20=77784.32 ema50=77789.10 rsi=72.0 atr=19.53 atr%=0.03 vol=0.03 UP | 5m close=77782.30 ema20=77789.27 ema50=77836.68 rsi=51.3 atr=38.27 atr%=0.05 vol=0.36 DOWN | 15m close=77760.00 ema20=77876.00 ema50=78095.52 rsi=55.5 atr=88.27 atr%=0.11 vol=1.09 DOWN | 1h close=77808.40 ema20=78125.57 ema50=77988.22 rsi=44.5 atr=518.76 atr%=0.67 vol=0.57 DOWN
2026-04-27 18:29:38,360 - INFO - ⏸️ BTCUSDT no entry: ATR filter fail atr%=0.05
2026-04-27 18:29:38,360 - INFO - 🔎 --- ETHUSDT ---
2026-04-27 18:29:41,756 - INFO - 📈 ETHUSDT | 1m close=2320.87 ema20=2319.20 ema50=2318.99 rsi=85.5 atr=0.58 atr%=0.03 vol=0.25 UP | 5m close=2320.25 ema20=2318.93 ema50=2322.88 rsi=54.4 atr=1.34 atr%=0.06 vol=1.78 UP | 15m close=2317.06 ema20=2325.60 ema50=2340.70 rsi=46.6 atr=4.18 atr%=0.18 vol=0.89 DOWN | 1h close=2319.69 ema20=2343.51 ema50=2338.59 rsi=31.9 atr=21.14 atr%=0.91 vol=0.44 DOWN
2026-04-27 18:29:43,935 - INFO - ⏸️ ETHUSDT no entry: ATR filter fail atr%=0.06
2026-04-27 18:29:43,935 - INFO - 🔎 --- SOLUSDT ---
2026-04-27 18:29:46,917 - INFO - 📈 SOLUSDT | 1m close=85.20 ema20=85.14 ema50=85.14 rsi=84.2 atr=0.02 atr%=0.03 vol=0.02 UP | 5m close=85.17 ema20=85.19 ema50=85.42 rsi=41.2 atr=0.09 atr%=0.10 vol=0.61 DOWN | 15m close=85.07 ema20=85.51 ema50=86.04 rsi=39.9 atr=0.23 atr%=0.27 vol=1.00 DOWN | 1h close=85.14 ema20=86.25 ema50=86.33 rsi=32.4 atr=0.72 atr%=0.85 vol=0.33 DOWN
2026-04-27 18:29:49,128 - INFO - ⏸️ SOLUSDT no entry: 5m entry not ready side=SELL close=85.17 ema20=85.19 momentum=0.00070
2026-04-27 18:30:41,787 - WARNING - 💥 Loop error: HTTPSConnectionPool(host='demo-fapi.binance.com', port=443): Read timed out. (read timeout=15)
2026-04-27 18:31:12,584 - INFO - 📊 Balance=5010.56 | daily=0.00%/10% | trades_today=0
2026-04-27 18:32:11,438 - WARNING - 💥 Loop error: HTTPSConnectionPool(host='demo-fapi.binance.com', port=443): Read timed out. (read timeout=15)
2026-04-27 18:32:42,188 - INFO - 📊 Balance=5010.56 | daily=0.00%/10% | trades_today=0
2026-04-27 18:32:44,379 - INFO - 🔎 --- BTCUSDT ---
2026-04-27 18:32:47,689 - INFO - 📈 BTCUSDT | 1m close=77834.20 ema20=77797.23 ema50=77794.19 rsi=95.2 atr=12.96 atr%=0.02 vol=0.01 UP | 5m close=77833.40 ema20=77793.48 ema50=77836.55 rsi=56.0 atr=40.53 atr%=0.05 vol=1.54 UP | 15m close=77833.40 ema20=77871.94 ema50=78085.24 rsi=58.6 atr=94.17 atr%=0.12 vol=1.48 DOWN | 1h close=77808.40 ema20=78125.57 ema50=77988.22 rsi=44.5 atr=518.76 atr%=0.67 vol=0.57 DOWN
2026-04-27 18:32:49,873 - INFO - ⏸️ BTCUSDT no entry: ATR filter fail atr%=0.05
2026-04-27 18:32:49,873 - INFO - 🔎 --- ETHUSDT ---
2026-04-27 18:32:53,126 - INFO - 📈 ETHUSDT | 1m close=2321.00 ema20=2319.64 ema50=2319.21 rsi=91.7 atr=0.46 atr%=0.02 vol=0.22 UP | 5m close=2320.86 ema20=2319.12 ema50=2322.80 rsi=54.8 atr=1.30 atr%=0.06 vol=0.79 UP | 15m close=2320.86 ema20=2325.15 ema50=2339.92 rsi=54.5 atr=4.19 atr%=0.18 vol=0.86 DOWN | 1h close=2319.69 ema20=2343.51 ema50=2338.59 rsi=31.9 atr=21.14 atr%=0.91 vol=0.44 DOWN
2026-04-27 18:32:55,259 - INFO - ⏸️ ETHUSDT no entry: ATR filter fail atr%=0.06
2026-04-27 18:32:55,260 - INFO - 🔎 --- SOLUSDT ---
2026-04-27 18:33:00,075 - INFO - 📈 SOLUSDT | 1m close=85.19 ema20=85.15 ema50=85.15 rsi=84.2 atr=0.03 atr%=0.03 vol=0.00 UP | 5m close=85.19 ema20=85.19 ema50=85.41 rsi=42.9 atr=0.08 atr%=0.09 vol=1.01 UP | 15m close=85.19 ema20=85.48 ema50=86.01 rsi=48.6 atr=0.22 atr%=0.26 vol=0.74 DOWN | 1h close=85.14 ema20=86.25 ema50=86.33 rsi=32.4 atr=0.72 atr%=0.85 vol=0.33 DOWN
2026-04-27 18:33:02,683 - INFO - ⏸️ SOLUSDT no entry: ATR filter fail atr%=0.09
2026-04-27 18:33:40,555 - INFO - 📊 Balance=5010.56 | daily=0.00%/10% | trades_today=0
2026-04-27 18:34:04,627 - WARNING - 💥 Loop error: Binance error 400: {'code': -1021, 'msg': 'Timestamp for this request is outside of the recvWindow.'}
2026-04-27 18:34:05,406 - INFO - ⏱️ Time synced offset=-70ms
2026-04-27 18:34:38,956 - INFO - 📊 Balance=5010.56 | daily=0.00%/10% | trades_today=0
2026-04-27 18:34:44,077 - INFO - 🔎 --- BTCUSDT ---
2026-04-27 18:35:22,436 - WARNING - 💥 Loop error: HTTPSConnectionPool(host='demo-fapi.binance.com', port=443): Read timed out. (read timeout=15)
2026-04-27 18:36:09,035 - WARNING - 💥 Loop error: HTTPSConnectionPool(host='demo-fapi.binance.com', port=443): Read timed out. (read timeout=15)
2026-04-27 18:36:39,790 - INFO - 📊 Balance=5010.56 | daily=0.00%/10% | trades_today=0
2026-04-27 18:36:42,204 - INFO - 🔎 --- BTCUSDT ---
2026-04-27 18:36:45,469 - INFO - 📈 BTCUSDT | 1m close=77828.10 ema20=77808.00 ema50=77799.48 rsi=79.6 atr=7.15 atr%=0.01 vol=0.01 UP | 5m close=77828.00 ema20=77796.76 ema50=77836.22 rsi=56.6 atr=40.42 atr%=0.05 vol=0.05 UP | 15m close=77833.40 ema20=77871.94 ema50=78085.24 rsi=58.6 atr=94.17 atr%=0.12 vol=1.48 DOWN | 1h close=77808.40 ema20=78125.57 ema50=77988.22 rsi=44.5 atr=518.76 atr%=0.67 vol=0.57 DOWN
