symbol,variant,strategy,month,trades,pnl,wins,losses
XAUUSDm,A_sweep_lb10_wick1.2_rr1.5_atr20,sweep,2025-01,67,-975.8881228440877,26,41
XAUUSDm,A_sweep_lb10_wick1.2_rr1.5_atr20,sweep,2025-02,63,-643.8382282376215,25,38
XAUUSDm,A_sweep_lb10_wick1.2_rr1.5_atr20,sweep,2025-03,66,-919.5534737151469,24,42
XAUUSDm,A_sweep_lb10_wick1.2_rr1.5_atr20,sweep,2025-04,69,-439.83092948610647,27,42
XAUUSDm,A_sweep_lb10_wick1.2_rr1.5_atr20,sweep,2025-05,72,-874.6448482792962,22,50
XAUUSDm,A_sweep_lb10_wick1.2_rr1.5_atr20,sweep,2025-06,67,-1027.6251237879646,19,48
XAUUSDm,A_sweep_lb10_wick1.2_rr1.5_atr20,sweep,2025-07,77,-1179.0479531647725,26,51
XAUUSDm,A_sweep_lb10_wick1.2_rr1.5_atr20,sweep,2025-08,68,-689.0666778411387,29,39
XAUUSDm,A_sweep_lb10_wick1.2_rr1.5_atr20,sweep,2025-09,71,-964.4107663678672,24,47
XAUUSDm,A_sweep_lb10_wick1.2_rr1.5_atr20,sweep,2025-10,75,-489.29654147640815,30,45
XAUUSDm,A_sweep_lb10_wick1.2_rr1.5_atr20,sweep,2025-11,62,-546.3469552046424,22,40
XAUUSDm,A_sweep_lb10_wick1.2_rr1.5_atr20,sweep,2025-12,70,-623.2034512197622,26,44
XAUUSDm,A_sweep_lb10_wick1.2_rr1.5_atr20,sweep,2026-01,68,-670.4972034053026,23,45
XAUUSDm,A_sweep_lb10_wick1.2_rr1.5_atr20,sweep,2026-02,65,-446.89304040503316,23,42
XAUUSDm,A_sweep_lb10_wick1.2_rr1.5_atr20,sweep,2026-03,75,-590.9137263581125,25,50
XAUUSDm,A_sweep_lb10_wick1.2_rr1.5_atr20,sweep,2026-04,68,-628.7496449789985,23,45
XAUUSDm,A_sweep_lb10_wick1.2_rr1.5_atr20,sweep,2026-05,13,-162.86861416462764,4,9
XAUUSDm,A_sweep_lb10_wick1.2_rr1.5_atr30,sweep,2025-01,67,-1099.6934470479453,24,43
XAUUSDm,A_sweep_lb10_wick1.2_rr1.5_atr30,sweep,2025-02,63,-614.7711245992074,25,38
XAUUSDm,A_sweep_lb10_wick1.2_rr1.5_atr30,sweep,2025-03,65,-797.7597520794066,25,40
XAUUSDm,A_sweep_lb10_wick1.2_rr1.5_atr30,sweep,2025-04,69,-499.9439778198347,26,43
XAUUSDm,A_sweep_lb10_wick1.2_rr1.5_atr30,sweep,2025-05,72,-869.5692139767951,22,50
XAUUSDm,A_sweep_lb10_wick1.2_rr1.5_atr30,sweep,2025-06,67,-1010.4294386568864,19,48
XAUUSDm,A_sweep_lb10_wick1.2_rr1.5_atr30,sweep,2025-07,77,-1030.9773666657918,28,49
XAUUSDm,A_sweep_lb10_wick1.2_rr1.5_atr30,sweep,2025-08,67,-757.9608832477398,27,40
XAUUSDm,A_sweep_lb10_wick1.2_rr1.5_atr30,sweep,2025-09,71,-982.1175926624402,24,47
XAUUSDm,A_sweep_lb10_wick1.2_rr1.5_atr30,sweep,2025-10,74,-458.95527700220055,30,44
XAUUSDm,A_sweep_lb10_wick1.2_rr1.5_atr30,sweep,2025-11,61,-638.8837546456888,20,41
XAUUSDm,A_sweep_lb10_wick1.2_rr1.5_atr30,sweep,2025-12,70,-652.2453454257575,25,45
XAUUSDm,A_sweep_lb10_wick1.2_rr1.5_atr30,sweep,2026-01,67,-429.9634202884943,26,41
XAUUSDm,A_sweep_lb10_wick1.2_rr1.5_atr30,sweep,2026-02,64,-357.3404277524355,24,40
XAUUSDm,A_sweep_lb10_wick1.2_rr1.5_atr30,sweep,2026-03,73,-638.783347419964,23,50
XAUUSDm,A_sweep_lb10_wick1.2_rr1.5_atr30,sweep,2026-04,67,-719.3641987850178,21,46
XAUUSDm,A_sweep_lb10_wick1.2_rr1.5_atr30,sweep,2026-05,13,-162.9777327656571,4,9
XAUUSDm,A_sweep_lb10_wick1.2_rr1.5_atr40,sweep,2025-01,67,-1355.041990626311,19,48
XAUUSDm,A_sweep_lb10_wick1.2_rr1.5_atr40,sweep,2025-02,62,-806.9487978793976,21,41
XAUUSDm,A_sweep_lb10_wick1.2_rr1.5_atr40,sweep,2025-03,65,-782.2510799570232,25,40
XAUUSDm,A_sweep_lb10_wick1.2_rr1.5_atr40,sweep,2025-04,69,-499.366217453505,26,43
XAUUSDm,A_sweep_lb10_wick1.2_rr1.5_atr40,sweep,2025-05,71,-824.3321287569419,22,49
XAUUSDm,A_sweep_lb10_wick1.2_rr1.5_atr40,sweep,2025-06,66,-1091.3869988894141,17,49
XAUUSDm,A_sweep_lb10_wick1.2_rr1.5_atr40,sweep,2025-07,77,-862.1043015645407,31,46
XAUUSDm,A_sweep_lb10_wick1.2_rr1.5_atr40,sweep,2025-08,66,-511.6792268382301,30,36
XAUUSDm,A_sweep_lb10_wick1.2_rr1.5_atr40,sweep,2025-09,69,-720.1866768092169,26,43
XAUUSDm,A_sweep_lb10_wick1.2_rr1.5_atr40,sweep,2025-10,71,-465.281826725021,28,43
XAUUSDm,A_sweep_lb10_wick1.2_rr1.5_atr40,sweep,2025-11,61,-477.7094172344555,23,38
XAUUSDm,A_sweep_lb10_wick1.2_rr1.5_atr40,sweep,2025-12,69,-573.9332113305911,26,43
XAUUSDm,A_sweep_lb10_wick1.2_rr1.5_atr40,sweep,2026-01,67,-548.6085317910234,24,43
XAUUSDm,A_sweep_lb10_wick1.2_rr1.5_atr40,sweep,2026-02,64,-474.8598105619836,22,42
XAUUSDm,A_sweep_lb10_wick1.2_rr1.5_atr40,sweep,2026-03,72,-406.75574201143655,26,46
XAUUSDm,A_sweep_lb10_wick1.2_rr1.5_atr40,sweep,2026-04,66,-639.4616032875962,22,44
XAUUSDm,A_sweep_lb10_wick1.2_rr1.5_atr40,sweep,2026-05,13,-228.05310396851942,3,10
XAUUSDm,A_sweep_lb10_wick1.2_rr2_atr20,sweep,2025-01,67,-1253.4932886343774,18,49
XAUUSDm,A_sweep_lb10_wick1.2_rr2_atr20,sweep,2025-02,63,-555.5305571965325,22,41
XAUUSDm,A_sweep_lb10_wick1.2_rr2_atr20,sweep,2025-03,66,-763.0794391607103,22,44
XAUUSDm,A_sweep_lb10_wick1.2_rr2_atr20,sweep,2025-04,69,-254.06894869524655,25,44
XAUUSDm,A_sweep_lb10_wick1.2_rr2_atr20,sweep,2025-05,72,-826.0272365282115,19,53
XAUUSDm,A_sweep_lb10_wick1.2_rr2_atr20,sweep,2025-06,67,-935.7893109894474,17,50
XAUUSDm,A_sweep_lb10_wick1.2_rr2_atr20,sweep,2025-07,77,-1237.0615443760453,21,56
XAUUSDm,A_sweep_lb10_wick1.2_rr2_atr20,sweep,2025-08,68,-637.6818665643011,25,43
XAUUSDm,A_sweep_lb10_wick1.2_rr2_atr20,sweep,2025-09,71,-1023.1967915175383,19,52
XAUUSDm,A_sweep_lb10_wick1.2_rr2_atr20,sweep,2025-10,75,-414.2940414764124,26,49
XAUUSDm,A_sweep_lb10_wick1.2_rr2_atr20,sweep,2025-11,62,-646.339455204643,17,45
XAUUSDm,A_sweep_lb10_wick1.2_rr2_atr20,sweep,2025-12,70,-881.7770945300358,18,52
XAUUSDm,A_sweep_lb10_wick1.2_rr2_atr20,sweep,2026-01,68,-500.48331648659405,22,46
XAUUSDm,A_sweep_lb10_wick1.2_rr2_atr20,sweep,2026-02,65,-539.8198410932326,18,47
XAUUSDm,A_sweep_lb10_wick1.2_rr2_atr20,sweep,2026-03,75,-578.0719436754788,21,54
XAUUSDm,A_sweep_lb10_wick1.2_rr2_atr20,sweep,2026-04,68,-638.3143483477938,19,49
XAUUSDm,A_sweep_lb10_wick1.2_rr2_atr20,sweep,2026-05,13,-262.8686141646277,2,11
XAUUSDm,A_sweep_lb10_wick1.2_rr2_atr30,sweep,2025-01,67,-1477.6130785634382,15,52
XAUUSDm,A_sweep_lb10_wick1.2_rr2_atr30,sweep,2025-02,63,-526.4584535581259,22,41
XAUUSDm,A_sweep_lb10_wick1.2_rr2_atr30,sweep,2025-03,65,-700.4521332756844,22,43
XAUUSDm,A_sweep_lb10_wick1.2_rr2_atr30,sweep,2025-04,69,-251.68987966832802,25,44
XAUUSDm,A_sweep_lb10_wick1.2_rr2_atr30,sweep,2025-05,72,-820.3024601436406,19,53
XAUUSDm,A_sweep_lb10_wick1.2_rr2_atr30,sweep,2025-06,67,-993.2876383538951,16,51
XAUUSDm,A_sweep_lb10_wick1.2_rr2_atr30,sweep,2025-07,77,-1063.9026722158592,23,54
XAUUSDm,A_sweep_lb10_wick1.2_rr2_atr30,sweep,2025-08,67,-647.2023328494553,24,43
XAUUSDm,A_sweep_lb10_wick1.2_rr2_atr30,sweep,2025-09,71,-875.780555039096,21,50
XAUUSDm,A_sweep_lb10_wick1.2_rr2_atr30,sweep,2025-10,74,-383.9552770021946,26,48
XAUUSDm,A_sweep_lb10_wick1.2_rr2_atr30,sweep,2025-11,61,-763.8762546456775,15,46
XAUUSDm,A_sweep_lb10_wick1.2_rr2_atr30,sweep,2025-12,70,-859.4350625616462,18,52
XAUUSDm,A_sweep_lb10_wick1.2_rr2_atr30,sweep,2026-01,67,-306.1951799267317,24,43
XAUUSDm,A_sweep_lb10_wick1.2_rr2_atr30,sweep,2026-02,64,-358.40360711412904,20,44
XAUUSDm,A_sweep_lb10_wick1.2_rr2_atr30,sweep,2026-03,73,-653.5902999260941,19,54
XAUUSDm,A_sweep_lb10_wick1.2_rr2_atr30,sweep,2026-04,67,-679.0266231994855,18,49
XAUUSDm,A_sweep_lb10_wick1.2_rr2_atr30,sweep,2026-05,13,-187.97023276565977,3,10
XAUUSDm,A_sweep_lb10_wick1.2_rr2_atr40,sweep,2025-01,67,-1641.1449650003633,12,55
XAUUSDm,A_sweep_lb10_wick1.2_rr2_atr40,sweep,2025-02,62,-694.8361507760326,19,43
XAUUSDm,A_sweep_lb10_wick1.2_rr2_atr40,sweep,2025-03,65,-679.6898430260512,22,43
XAUUSDm,A_sweep_lb10_wick1.2_rr2_atr40,sweep,2025-04,69,-331.04583457486666,24,45
XAUUSDm,A_sweep_lb10_wick1.2_rr2_atr40,sweep,2025-05,71,-708.004947500977,20,51
XAUUSDm,A_sweep_lb10_wick1.2_rr2_atr40,sweep,2025-06,66,-1028.8732488894123,15,51
XAUUSDm,A_sweep_lb10_wick1.2_rr2_atr40,sweep,2025-07,77,-932.298455496602,25,52
XAUUSDm,A_sweep_lb10_wick1.2_rr2_atr40,sweep,2025-08,66,-363.4878330273956,27,39
XAUUSDm,A_sweep_lb10_wick1.2_rr2_atr40,sweep,2025-09,69,-747.4083935401729,21,48
XAUUSDm,A_sweep_lb10_wick1.2_rr2_atr40,sweep,2025-10,71,-565.2843267250227,22,49
XAUUSDm,A_sweep_lb10_wick1.2_rr2_atr40,sweep,2025-11,61,-565.2181672344614,18,43
XAUUSDm,A_sweep_lb10_wick1.2_rr2_atr40,sweep,2025-12,69,-929.1342701046744,17,52
XAUUSDm,A_sweep_lb10_wick1.2_rr2_atr40,sweep,2026-01,67,-510.38187821163575,21,46
XAUUSDm,A_sweep_lb10_wick1.2_rr2_atr40,sweep,2026-02,64,-500.92338575023143,18,46
XAUUSDm,A_sweep_lb10_wick1.2_rr2_atr40,sweep,2026-03,72,-456.77574201144887,21,51
XAUUSDm,A_sweep_lb10_wick1.2_rr2_atr40,sweep,2026-04,66,-511.57776143308195,20,46
XAUUSDm,A_sweep_lb10_wick1.2_rr2_atr40,sweep,2026-05,13,-265.54435396852176,2,11
XAUUSDm,A_sweep_lb10_wick1.5_rr1.5_atr20,sweep,2025-01,66,-1022.4161477104669,24,42
XAUUSDm,A_sweep_lb10_wick1.5_rr1.5_atr20,sweep,2025-02,63,-783.1852892311722,23,40
XAUUSDm,A_sweep_lb10_wick1.5_rr1.5_atr20,sweep,2025-03,66,-863.6903024992204,25,41
XAUUSDm,A_sweep_lb10_wick1.5_rr1.5_atr20,sweep,2025-04,69,-313.8084153938287,29,40
XAUUSDm,A_sweep_lb10_wick1.5_rr1.5_atr20,sweep,2025-05,72,-942.5370079760967,21,51
XAUUSDm,A_sweep_lb10_wick1.5_rr1.5_atr20,sweep,2025-06,67,-887.7019875193906,21,46
XAUUSDm,A_sweep_lb10_wick1.5_rr1.5_atr20,sweep,2025-07,77,-1341.6711282691465,24,53
XAUUSDm,A_sweep_lb10_wick1.5_rr1.5_atr20,sweep,2025-08,68,-820.8950362201413,27,41
XAUUSDm,A_sweep_lb10_wick1.5_rr1.5_atr20,sweep,2025-09,71,-908.6572059502831,25,46
XAUUSDm,A_sweep_lb10_wick1.5_rr1.5_atr20,sweep,2025-10,74,-630.4347135379132,27,47
XAUUSDm,A_sweep_lb10_wick1.5_rr1.5_atr20,sweep,2025-11,62,-488.7418567734819,23,39
XAUUSDm,A_sweep_lb10_wick1.5_rr1.5_atr20,sweep,2025-12,69,-494.42538722476877,28,41
XAUUSDm,A_sweep_lb10_wick1.5_rr1.5_atr20,sweep,2026-01,67,-903.8094663275584,19,48
XAUUSDm,A_sweep_lb10_wick1.5_rr1.5_atr20,sweep,2026-02,64,-623.8160386664046,20,44
XAUUSDm,A_sweep_lb10_wick1.5_rr1.5_atr20,sweep,2026-03,75,-528.8885791275918,26,49
XAUUSDm,A_sweep_lb10_wick1.5_rr1.5_atr20,sweep,2026-04,66,-437.36891889665344,25,41
XAUUSDm,A_sweep_lb10_wick1.5_rr1.5_atr20,sweep,2026-05,13,-228.0740997895188,3,10
XAUUSDm,A_sweep_lb10_wick1.5_rr1.5_atr30,sweep,2025-01,66,-1148.2842527934495,22,44
XAUUSDm,A_sweep_lb10_wick1.5_rr1.5_atr30,sweep,2025-02,63,-761.5651609076292,23,40
XAUUSDm,A_sweep_lb10_wick1.5_rr1.5_atr30,sweep,2025-03,65,-746.8483253789376,26,39
XAUUSDm,A_sweep_lb10_wick1.5_rr1.5_atr30,sweep,2025-04,69,-555.6776405260853,25,44
XAUUSDm,A_sweep_lb10_wick1.5_rr1.5_atr30,sweep,2025-05,72,-809.1548248186033,23,49
XAUUSDm,A_sweep_lb10_wick1.5_rr1.5_atr30,sweep,2025-06,67,-883.987679654727,21,46
XAUUSDm,A_sweep_lb10_wick1.5_rr1.5_atr30,sweep,2025-07,77,-1125.0635000687862,27,50
XAUUSDm,A_sweep_lb10_wick1.5_rr1.5_atr30,sweep,2025-08,67,-893.046677704646,25,42
XAUUSDm,A_sweep_lb10_wick1.5_rr1.5_atr30,sweep,2025-09,71,-920.3198977677037,25,46
XAUUSDm,A_sweep_lb10_wick1.5_rr1.5_atr30,sweep,2025-10,73,-539.0078464897865,28,45
XAUUSDm,A_sweep_lb10_wick1.5_rr1.5_atr30,sweep,2025-11,61,-517.007227245498,22,39
XAUUSDm,A_sweep_lb10_wick1.5_rr1.5_atr30,sweep,2025-12,69,-466.98404111727166,28,41
XAUUSDm,A_sweep_lb10_wick1.5_rr1.5_atr30,sweep,2026-01,66,-580.0840446266803,23,43
XAUUSDm,A_sweep_lb10_wick1.5_rr1.5_atr30,sweep,2026-02,63,-592.3332959729726,20,43
XAUUSDm,A_sweep_lb10_wick1.5_rr1.5_atr30,sweep,2026-03,73,-582.2572487244023,24,49
XAUUSDm,A_sweep_lb10_wick1.5_rr1.5_atr30,sweep,2026-04,65,-465.79330639857386,24,41
XAUUSDm,A_sweep_lb10_wick1.5_rr1.5_atr30,sweep,2026-05,13,-228.33915742075493,3,10
XAUUSDm,A_sweep_lb10_wick1.5_rr1.5_atr40,sweep,2025-01,66,-1404.1407270691195,17,49
XAUUSDm,A_sweep_lb10_wick1.5_rr1.5_atr40,sweep,2025-02,62,-1012.173423287104,18,44
XAUUSDm,A_sweep_lb10_wick1.5_rr1.5_atr40,sweep,2025-03,65,-796.7555627594357,25,40
XAUUSDm,A_sweep_lb10_wick1.5_rr1.5_atr40,sweep,2025-04,69,-631.6123078297826,24,45
XAUUSDm,A_sweep_lb10_wick1.5_rr1.5_atr40,sweep,2025-05,71,-770.4257793403119,23,48
XAUUSDm,A_sweep_lb10_wick1.5_rr1.5_atr40,sweep,2025-06,66,-964.1182230147954,19,47
XAUUSDm,A_sweep_lb10_wick1.5_rr1.5_atr40,sweep,2025-07,77,-990.4490303791722,29,48
XAUUSDm,A_sweep_lb10_wick1.5_rr1.5_atr40,sweep,2025-08,66,-583.1058570566316,29,37
XAUUSDm,A_sweep_lb10_wick1.5_rr1.5_atr40,sweep,2025-09,69,-691.2454804035499,27,42
XAUUSDm,A_sweep_lb10_wick1.5_rr1.5_atr40,sweep,2025-10,70,-537.759210919845,26,44
XAUUSDm,A_sweep_lb10_wick1.5_rr1.5_atr40,sweep,2025-11,61,-360.6875562477074,25,36
XAUUSDm,A_sweep_lb10_wick1.5_rr1.5_atr40,sweep,2025-12,68,-434.1363116390584,28,40
XAUUSDm,A_sweep_lb10_wick1.5_rr1.5_atr40,sweep,2026-01,66,-607.2077029301088,23,43
XAUUSDm,A_sweep_lb10_wick1.5_rr1.5_atr40,sweep,2026-02,62,-518.7454483448294,21,41
XAUUSDm,A_sweep_lb10_wick1.5_rr1.5_atr40,sweep,2026-03,72,-413.197749812517,26,46
XAUUSDm,A_sweep_lb10_wick1.5_rr1.5_atr40,sweep,2026-04,65,-347.5811643994743,26,39
XAUUSDm,A_sweep_lb10_wick1.5_rr1.5_atr40,sweep,2026-05,13,-227.78921699869778,3,10
XAUUSDm,A_sweep_lb10_wick1.5_rr2_atr20,sweep,2025-01,66,-1481.1258555764662,14,52
XAUUSDm,A_sweep_lb10_wick1.5_rr2_atr20,sweep,2025-02,63,-721.0826421278186,20,43
XAUUSDm,A_sweep_lb10_wick1.5_rr2_atr20,sweep,2025-03,66,-692.7488625874718,23,43
XAUUSDm,A_sweep_lb10_wick1.5_rr2_atr20,sweep,2025-04,69,-250.8529726421028,25,44
XAUUSDm,A_sweep_lb10_wick1.5_rr2_atr20,sweep,2025-05,72,-840.6309980824411,19,53
XAUUSDm,A_sweep_lb10_wick1.5_rr2_atr20,sweep,2025-06,67,-857.640969308399,18,49
XAUUSDm,A_sweep_lb10_wick1.5_rr2_atr20,sweep,2025-07,77,-1416.0758646685126,19,58
XAUUSDm,A_sweep_lb10_wick1.5_rr2_atr20,sweep,2025-08,68,-637.7379612470867,25,43
XAUUSDm,A_sweep_lb10_wick1.5_rr2_atr20,sweep,2025-09,71,-1060.8637966054846,19,52
XAUUSDm,A_sweep_lb10_wick1.5_rr2_atr20,sweep,2025-10,74,-514.442434309679,24,50
XAUUSDm,A_sweep_lb10_wick1.5_rr2_atr20,sweep,2025-11,62,-501.24310677347495,19,43
XAUUSDm,A_sweep_lb10_wick1.5_rr2_atr20,sweep,2025-12,69,-804.9197845646394,19,50
XAUUSDm,A_sweep_lb10_wick1.5_rr2_atr20,sweep,2026-01,67,-684.2782374531836,19,48
XAUUSDm,A_sweep_lb10_wick1.5_rr2_atr20,sweep,2026-02,64,-678.9349798413165,16,48
XAUUSDm,A_sweep_lb10_wick1.5_rr2_atr20,sweep,2026-03,75,-503.4779342726915,22,53
XAUUSDm,A_sweep_lb10_wick1.5_rr2_atr20,sweep,2026-04,66,-647.0627337810008,18,48
XAUUSDm,A_sweep_lb10_wick1.5_rr2_atr20,sweep,2026-05,13,-265.5653497895132,2,11
XAUUSDm,A_sweep_lb10_wick1.5_rr2_atr30,sweep,2025-01,66,-1632.3823984759213,12,54
XAUUSDm,A_sweep_lb10_wick1.5_rr2_atr30,sweep,2025-02,63,-774.4650138042769,19,44
XAUUSDm,A_sweep_lb10_wick1.5_rr2_atr30,sweep,2025-03,65,-637.7408937624431,23,42
XAUUSDm,A_sweep_lb10_wick1.5_rr2_atr30,sweep,2025-04,69,-395.9741031102653,23,46
XAUUSDm,A_sweep_lb10_wick1.5_rr2_atr30,sweep,2025-05,72,-757.3785642996521,20,52
XAUUSDm,A_sweep_lb10_wick1.5_rr2_atr30,sweep,2025-06,67,-929.1857383255294,17,50
XAUUSDm,A_sweep_lb10_wick1.5_rr2_atr30,sweep,2025-07,77,-1161.9357312725024,22,55
XAUUSDm,A_sweep_lb10_wick1.5_rr2_atr30,sweep,2025-08,67,-650.6325650385098,24,43
XAUUSDm,A_sweep_lb10_wick1.5_rr2_atr30,sweep,2025-09,71,-907.3413582881798,21,50
XAUUSDm,A_sweep_lb10_wick1.5_rr2_atr30,sweep,2025-10,73,-410.6426398463363,25,48
XAUUSDm,A_sweep_lb10_wick1.5_rr2_atr30,sweep,2025-11,61,-616.999727245495,17,44
XAUUSDm,A_sweep_lb10_wick1.5_rr2_atr30,sweep,2025-12,69,-786.9741587758402,19,50
XAUUSDm,A_sweep_lb10_wick1.5_rr2_atr30,sweep,2026-01,66,-490.2422466013673,21,45
XAUUSDm,A_sweep_lb10_wick1.5_rr2_atr30,sweep,2026-02,63,-647.4579463853946,16,47
XAUUSDm,A_sweep_lb10_wick1.5_rr2_atr30,sweep,2026-03,73,-584.5781200431782,20,53
XAUUSDm,A_sweep_lb10_wick1.5_rr2_atr30,sweep,2026-04,65,-612.9842800289508,18,47
XAUUSDm,A_sweep_lb10_wick1.5_rr2_atr30,sweep,2026-05,13,-340.83790742075496,1,12
XAUUSDm,A_sweep_lb10_wick1.5_rr2_atr40,sweep,2025-01,66,-1864.773630511013,8,58
XAUUSDm,A_sweep_lb10_wick1.5_rr2_atr40,sweep,2025-02,62,-868.0494778126367,17,45
XAUUSDm,A_sweep_lb10_wick1.5_rr2_atr40,sweep,2025-03,65,-695.9257475758391,22,43
XAUUSDm,A_sweep_lb10_wick1.5_rr2_atr40,sweep,2025-04,69,-484.4732309058322,22,47
XAUUSDm,A_sweep_lb10_wick1.5_rr2_atr40,sweep,2025-05,71,-573.5185875840982,22,49
XAUUSDm,A_sweep_lb10_wick1.5_rr2_atr40,sweep,2025-06,66,-957.4861948052253,16,50
XAUUSDm,A_sweep_lb10_wick1.5_rr2_atr40,sweep,2025-07,77,-1152.3187709278318,22,55
XAUUSDm,A_sweep_lb10_wick1.5_rr2_atr40,sweep,2025-08,66,-291.0066018293585,28,38
XAUUSDm,A_sweep_lb10_wick1.5_rr2_atr40,sweep,2025-09,69,-805.2463292572554,21,48
XAUUSDm,A_sweep_lb10_wick1.5_rr2_atr40,sweep,2025-10,70,-584.3924556070183,21,49
XAUUSDm,A_sweep_lb10_wick1.5_rr2_atr40,sweep,2025-11,61,-423.1963062476821,20,41
XAUUSDm,A_sweep_lb10_wick1.5_rr2_atr40,sweep,2025-12,68,-837.7657341078433,18,50
XAUUSDm,A_sweep_lb10_wick1.5_rr2_atr40,sweep,2026-01,66,-483.92485040301057,21,45
XAUUSDm,A_sweep_lb10_wick1.5_rr2_atr40,sweep,2026-02,62,-481.2441983448304,18,44
XAUUSDm,A_sweep_lb10_wick1.5_rr2_atr40,sweep,2026-03,72,-538.2102498125213,20,52
XAUUSDm,A_sweep_lb10_wick1.5_rr2_atr40,sweep,2026-04,65,-319.69219976374103,22,43
XAUUSDm,A_sweep_lb10_wick1.5_rr2_atr40,sweep,2026-05,13,-340.28796699869775,1,12
XAUUSDm,A_sweep_lb10_wick2_rr1.5_atr20,sweep,2025-01,66,-898.4669391810892,26,40
XAUUSDm,A_sweep_lb10_wick2_rr1.5_atr20,sweep,2025-02,63,-959.3194750181912,20,43
XAUUSDm,A_sweep_lb10_wick2_rr1.5_atr20,sweep,2025-03,66,-955.7986823338354,23,43
XAUUSDm,A_sweep_lb10_wick2_rr1.5_atr20,sweep,2025-04,68,-605.7102933056345,24,44
XAUUSDm,A_sweep_lb10_wick2_rr1.5_atr20,sweep,2025-05,70,-812.9123036812897,22,48
XAUUSDm,A_sweep_lb10_wick2_rr1.5_atr20,sweep,2025-06,65,-672.6702880678752,23,42
XAUUSDm,A_sweep_lb10_wick2_rr1.5_atr20,sweep,2025-07,77,-1203.626544845599,26,51
XAUUSDm,A_sweep_lb10_wick2_rr1.5_atr20,sweep,2025-08,65,-1198.6544126712286,20,45
XAUUSDm,A_sweep_lb10_wick2_rr1.5_atr20,sweep,2025-09,70,-914.0759867917343,25,45
XAUUSDm,A_sweep_lb10_wick2_rr1.5_atr20,sweep,2025-10,73,-403.8843033360516,30,43
XAUUSDm,A_sweep_lb10_wick2_rr1.5_atr20,sweep,2025-11,62,-371.4362216615413,25,37
XAUUSDm,A_sweep_lb10_wick2_rr1.5_atr20,sweep,2025-12,67,-375.2475967611849,29,38
XAUUSDm,A_sweep_lb10_wick2_rr1.5_atr20,sweep,2026-01,67,-843.6589936250875,20,47
XAUUSDm,A_sweep_lb10_wick2_rr1.5_atr20,sweep,2026-02,64,-564.8525299747652,21,43
XAUUSDm,A_sweep_lb10_wick2_rr1.5_atr20,sweep,2026-03,74,-626.1173766073944,24,50
XAUUSDm,A_sweep_lb10_wick2_rr1.5_atr20,sweep,2026-04,66,-262.20272058291295,28,38
XAUUSDm,A_sweep_lb10_wick2_rr1.5_atr20,sweep,2026-05,13,-290.24378412554995,2,11
XAUUSDm,A_sweep_lb10_wick2_rr1.5_atr30,sweep,2025-01,66,-951.0562748948474,25,41
XAUUSDm,A_sweep_lb10_wick2_rr1.5_atr30,sweep,2025-02,63,-1070.1138463383165,18,45
XAUUSDm,A_sweep_lb10_wick2_rr1.5_atr30,sweep,2025-03,65,-847.6341282711585,24,41
XAUUSDm,A_sweep_lb10_wick2_rr1.5_atr30,sweep,2025-04,68,-787.4183381861149,21,47
XAUUSDm,A_sweep_lb10_wick2_rr1.5_atr30,sweep,2025-05,70,-736.959945596935,23,47
XAUUSDm,A_sweep_lb10_wick2_rr1.5_atr30,sweep,2025-06,65,-734.9073732941424,22,43
XAUUSDm,A_sweep_lb10_wick2_rr1.5_atr30,sweep,2025-07,77,-1127.7489663847994,27,50
XAUUSDm,A_sweep_lb10_wick2_rr1.5_atr30,sweep,2025-08,65,-1264.3165483448145,19,46
XAUUSDm,A_sweep_lb10_wick2_rr1.5_atr30,sweep,2025-09,70,-897.3603323618534,25,45
XAUUSDm,A_sweep_lb10_wick2_rr1.5_atr30,sweep,2025-10,72,-303.48163081134567,31,41
XAUUSDm,A_sweep_lb10_wick2_rr1.5_atr30,sweep,2025-11,61,-335.7295306735797,25,36
XAUUSDm,A_sweep_lb10_wick2_rr1.5_atr30,sweep,2025-12,67,-589.9984863324636,25,42
XAUUSDm,A_sweep_lb10_wick2_rr1.5_atr30,sweep,2026-01,66,-796.3624655911229,20,46
XAUUSDm,A_sweep_lb10_wick2_rr1.5_atr30,sweep,2026-02,63,-528.830704592555,21,42
XAUUSDm,A_sweep_lb10_wick2_rr1.5_atr30,sweep,2026-03,72,-676.9560681075092,22,50
XAUUSDm,A_sweep_lb10_wick2_rr1.5_atr30,sweep,2026-04,65,-343.81333810681554,26,39
XAUUSDm,A_sweep_lb10_wick2_rr1.5_atr30,sweep,2026-05,13,-289.7134982845143,2,11
XAUUSDm,A_sweep_lb10_wick2_rr1.5_atr40,sweep,2025-01,66,-1156.4003965115958,21,45
XAUUSDm,A_sweep_lb10_wick2_rr1.5_atr40,sweep,2025-02,62,-1131.914862507648,16,46
XAUUSDm,A_sweep_lb10_wick2_rr1.5_atr40,sweep,2025-03,65,-978.0478821481794,22,43
XAUUSDm,A_sweep_lb10_wick2_rr1.5_atr40,sweep,2025-04,68,-787.0883999809062,21,47
XAUUSDm,A_sweep_lb10_wick2_rr1.5_atr40,sweep,2025-05,68,-734.7035263251148,22,46
XAUUSDm,A_sweep_lb10_wick2_rr1.5_atr40,sweep,2025-06,64,-692.4758641910945,22,42
XAUUSDm,A_sweep_lb10_wick2_rr1.5_atr40,sweep,2025-07,77,-1181.4786333940808,26,51
XAUUSDm,A_sweep_lb10_wick2_rr1.5_atr40,sweep,2025-08,65,-967.4337014103297,23,42
XAUUSDm,A_sweep_lb10_wick2_rr1.5_atr40,sweep,2025-09,68,-858.5870676137977,24,44
XAUUSDm,A_sweep_lb10_wick2_rr1.5_atr40,sweep,2025-10,70,-546.1124461735542,26,44
XAUUSDm,A_sweep_lb10_wick2_rr1.5_atr40,sweep,2025-11,61,-247.48320143903555,27,34
XAUUSDm,A_sweep_lb10_wick2_rr1.5_atr40,sweep,2025-12,67,-663.1033835984351,24,43
XAUUSDm,A_sweep_lb10_wick2_rr1.5_atr40,sweep,2026-01,66,-763.0748766761749,21,45
XAUUSDm,A_sweep_lb10_wick2_rr1.5_atr40,sweep,2026-02,62,-455.4503438704932,22,40
XAUUSDm,A_sweep_lb10_wick2_rr1.5_atr40,sweep,2026-03,71,-513.9556928997631,24,47
XAUUSDm,A_sweep_lb10_wick2_rr1.5_atr40,sweep,2026-04,65,-353.82998659423237,26,39
XAUUSDm,A_sweep_lb10_wick2_rr1.5_atr40,sweep,2026-05,13,-290.1739929441837,2,11
XAUUSDm,A_sweep_lb10_wick2_rr2_atr20,sweep,2025-01,66,-1411.475839153584,15,51
XAUUSDm,A_sweep_lb10_wick2_rr2_atr20,sweep,2025-02,63,-934.3288574882807,17,46
XAUUSDm,A_sweep_lb10_wick2_rr2_atr20,sweep,2025-03,66,-808.1192736763944,21,45
XAUUSDm,A_sweep_lb10_wick2_rr2_atr20,sweep,2025-04,68,-454.5503402479982,22,46
XAUUSDm,A_sweep_lb10_wick2_rr2_atr20,sweep,2025-05,70,-703.4158912644688,20,50
XAUUSDm,A_sweep_lb10_wick2_rr2_atr20,sweep,2025-06,65,-689.0348718228402,19,46
XAUUSDm,A_sweep_lb10_wick2_rr2_atr20,sweep,2025-07,77,-1253.0248191328064,21,56
XAUUSDm,A_sweep_lb10_wick2_rr2_atr20,sweep,2025-08,65,-1030.775884301452,19,46
XAUUSDm,A_sweep_lb10_wick2_rr2_atr20,sweep,2025-09,70,-974.4301930093759,20,50
XAUUSDm,A_sweep_lb10_wick2_rr2_atr20,sweep,2025-10,73,-323.6163534457033,26,47
XAUUSDm,A_sweep_lb10_wick2_rr2_atr20,sweep,2025-11,62,-433.9324716615581,20,42
XAUUSDm,A_sweep_lb10_wick2_rr2_atr20,sweep,2025-12,67,-678.3389929265111,20,47
XAUUSDm,A_sweep_lb10_wick2_rr2_atr20,sweep,2026-01,67,-937.0866598863172,16,51
XAUUSDm,A_sweep_lb10_wick2_rr2_atr20,sweep,2026-02,64,-682.5047675598719,16,48
XAUUSDm,A_sweep_lb10_wick2_rr2_atr20,sweep,2026-03,74,-625.7600999738177,20,54
XAUUSDm,A_sweep_lb10_wick2_rr2_atr20,sweep,2026-04,66,-364.24272145434594,22,44
XAUUSDm,A_sweep_lb10_wick2_rr2_atr20,sweep,2026-05,13,-265.24128412555,2,11
XAUUSDm,A_sweep_lb10_wick2_rr2_atr30,sweep,2025-01,66,-1475.4629102056083,14,52
XAUUSDm,A_sweep_lb10_wick2_rr2_atr30,sweep,2025-02,63,-1070.1232288084022,15,48
XAUUSDm,A_sweep_lb10_wick2_rr2_atr30,sweep,2025-03,65,-761.6875256530918,21,44
XAUUSDm,A_sweep_lb10_wick2_rr2_atr30,sweep,2025-04,68,-599.9095881861215,20,48
XAUUSDm,A_sweep_lb10_wick2_rr2_atr30,sweep,2025-05,70,-540.0552538407037,22,48
XAUUSDm,A_sweep_lb10_wick2_rr2_atr30,sweep,2025-06,65,-763.9475740254937,18,47
XAUUSDm,A_sweep_lb10_wick2_rr2_atr30,sweep,2025-07,77,-1164.6125095060959,22,55
XAUUSDm,A_sweep_lb10_wick2_rr2_atr30,sweep,2025-08,65,-1024.5258404460376,19,46
XAUUSDm,A_sweep_lb10_wick2_rr2_atr30,sweep,2025-09,70,-957.8021817150733,20,50
XAUUSDm,A_sweep_lb10_wick2_rr2_atr30,sweep,2025-10,72,-210.7465972175641,27,45
XAUUSDm,A_sweep_lb10_wick2_rr2_atr30,sweep,2025-11,61,-398.22578067356704,20,41
XAUUSDm,A_sweep_lb10_wick2_rr2_atr30,sweep,2025-12,67,-803.9088760702911,18,49
XAUUSDm,A_sweep_lb10_wick2_rr2_atr30,sweep,2026-01,66,-902.9193592250874,16,50
XAUUSDm,A_sweep_lb10_wick2_rr2_atr30,sweep,2026-02,63,-646.4307007236914,16,47
XAUUSDm,A_sweep_lb10_wick2_rr2_atr30,sweep,2026-03,72,-704.3025871736836,18,54
XAUUSDm,A_sweep_lb10_wick2_rr2_atr30,sweep,2026-04,65,-402.06449643281763,21,44
XAUUSDm,A_sweep_lb10_wick2_rr2_atr30,sweep,2026-05,13,-264.7109982845183,2,11
XAUUSDm,A_sweep_lb10_wick2_rr2_atr40,sweep,2025-01,66,-1644.8405395817892,11,55
XAUUSDm,A_sweep_lb10_wick2_rr2_atr40,sweep,2025-02,62,-1087.7959170331749,14,48
XAUUSDm,A_sweep_lb10_wick2_rr2_atr40,sweep,2025-03,65,-837.9397157705761,20,45
XAUUSDm,A_sweep_lb10_wick2_rr2_atr40,sweep,2025-04,68,-599.5796499809113,20,48
XAUUSDm,A_sweep_lb10_wick2_rr2_atr40,sweep,2025-05,68,-550.1047781104697,21,47
XAUUSDm,A_sweep_lb10_wick2_rr2_atr40,sweep,2025-06,64,-651.0702422941149,19,45
XAUUSDm,A_sweep_lb10_wick2_rr2_atr40,sweep,2025-07,77,-1305.8633771075415,20,57
XAUUSDm,A_sweep_lb10_wick2_rr2_atr40,sweep,2025-08,65,-677.8772505911915,23,42
XAUUSDm,A_sweep_lb10_wick2_rr2_atr40,sweep,2025-09,68,-856.5458634373642,20,48
XAUUSDm,A_sweep_lb10_wick2_rr2_atr40,sweep,2025-10,70,-440.8651615061983,23,47
XAUUSDm,A_sweep_lb10_wick2_rr2_atr40,sweep,2025-11,61,-294.7234722016893,22,39
XAUUSDm,A_sweep_lb10_wick2_rr2_atr40,sweep,2025-12,67,-890.2335464144718,17,50
XAUUSDm,A_sweep_lb10_wick2_rr2_atr40,sweep,2026-01,66,-821.2096023545917,17,49
XAUUSDm,A_sweep_lb10_wick2_rr2_atr40,sweep,2026-02,62,-480.44534387050345,18,44
XAUUSDm,A_sweep_lb10_wick2_rr2_atr40,sweep,2026-03,71,-663.9681928997736,18,53
XAUUSDm,A_sweep_lb10_wick2_rr2_atr40,sweep,2026-04,65,-253.83498659421454,23,42
XAUUSDm,A_sweep_lb10_wick2_rr2_atr40,sweep,2026-05,13,-265.171492944186,2,11
XAUUSDm,A_sweep_lb20_wick1.2_rr1.5_atr20,sweep,2025-01,67,-1064.0421792963716,24,43
XAUUSDm,A_sweep_lb20_wick1.2_rr1.5_atr20,sweep,2025-02,63,-711.435960123829,23,40
XAUUSDm,A_sweep_lb20_wick1.2_rr1.5_atr20,sweep,2025-03,65,-927.9873923985662,23,42
XAUUSDm,A_sweep_lb20_wick1.2_rr1.5_atr20,sweep,2025-04,67,-116.0380732545226,31,36
XAUUSDm,A_sweep_lb20_wick1.2_rr1.5_atr20,sweep,2025-05,71,-954.7910287729303,20,51
XAUUSDm,A_sweep_lb20_wick1.2_rr1.5_atr20,sweep,2025-06,64,-975.244101885814,18,46
XAUUSDm,A_sweep_lb20_wick1.2_rr1.5_atr20,sweep,2025-07,75,-1240.3647278009591,24,51
XAUUSDm,A_sweep_lb20_wick1.2_rr1.5_atr20,sweep,2025-08,67,-1285.906256388805,20,47
XAUUSDm,A_sweep_lb20_wick1.2_rr1.5_atr20,sweep,2025-09,69,-976.3778161339867,23,46
XAUUSDm,A_sweep_lb20_wick1.2_rr1.5_atr20,sweep,2025-10,75,-346.6726506187881,32,43
XAUUSDm,A_sweep_lb20_wick1.2_rr1.5_atr20,sweep,2025-11,61,-391.10900801286766,24,37
XAUUSDm,A_sweep_lb20_wick1.2_rr1.5_atr20,sweep,2025-12,70,-563.6202930527227,27,43
XAUUSDm,A_sweep_lb20_wick1.2_rr1.5_atr20,sweep,2026-01,68,-1069.8488269875768,17,51
XAUUSDm,A_sweep_lb20_wick1.2_rr1.5_atr20,sweep,2026-02,65,-589.3173838203446,21,44
XAUUSDm,A_sweep_lb20_wick1.2_rr1.5_atr20,sweep,2026-03,71,-195.70827412641103,29,42
XAUUSDm,A_sweep_lb20_wick1.2_rr1.5_atr20,sweep,2026-04,67,-403.283017825073,26,41
XAUUSDm,A_sweep_lb20_wick1.2_rr1.5_atr20,sweep,2026-05,12,-70.63527305331402,5,7
XAUUSDm,A_sweep_lb20_wick1.2_rr1.5_atr30,sweep,2025-01,67,-1141.0603108970417,22,45
XAUUSDm,A_sweep_lb20_wick1.2_rr1.5_atr30,sweep,2025-02,63,-906.4789464388895,20,43
XAUUSDm,A_sweep_lb20_wick1.2_rr1.5_atr30,sweep,2025-03,64,-940.7832612915539,22,42
XAUUSDm,A_sweep_lb20_wick1.2_rr1.5_atr30,sweep,2025-04,67,-233.22172317321719,29,38
XAUUSDm,A_sweep_lb20_wick1.2_rr1.5_atr30,sweep,2025-05,71,-823.7578689465528,22,49
XAUUSDm,A_sweep_lb20_wick1.2_rr1.5_atr30,sweep,2025-06,64,-1026.8542031149577,17,47
XAUUSDm,A_sweep_lb20_wick1.2_rr1.5_atr30,sweep,2025-07,75,-1229.5644863511777,24,51
XAUUSDm,A_sweep_lb20_wick1.2_rr1.5_atr30,sweep,2025-08,66,-1340.4789548865947,18,48
XAUUSDm,A_sweep_lb20_wick1.2_rr1.5_atr30,sweep,2025-09,69,-1052.7229163996014,22,47
XAUUSDm,A_sweep_lb20_wick1.2_rr1.5_atr30,sweep,2025-10,74,-375.25110826866916,31,43
XAUUSDm,A_sweep_lb20_wick1.2_rr1.5_atr30,sweep,2025-11,60,-488.517545469954,22,38
XAUUSDm,A_sweep_lb20_wick1.2_rr1.5_atr30,sweep,2025-12,70,-719.2195146954625,24,46
XAUUSDm,A_sweep_lb20_wick1.2_rr1.5_atr30,sweep,2026-01,67,-847.8624980974693,20,47
XAUUSDm,A_sweep_lb20_wick1.2_rr1.5_atr30,sweep,2026-02,64,-432.3602484967379,23,41
XAUUSDm,A_sweep_lb20_wick1.2_rr1.5_atr30,sweep,2026-03,71,-260.1532326443223,28,43
XAUUSDm,A_sweep_lb20_wick1.2_rr1.5_atr30,sweep,2026-04,66,-482.58319242822836,24,42
XAUUSDm,A_sweep_lb20_wick1.2_rr1.5_atr30,sweep,2026-05,12,-70.33382142979704,5,7
XAUUSDm,A_sweep_lb20_wick1.2_rr1.5_atr40,sweep,2025-01,67,-1217.0550403067286,20,47
XAUUSDm,A_sweep_lb20_wick1.2_rr1.5_atr40,sweep,2025-02,62,-997.5325574160826,18,44
XAUUSDm,A_sweep_lb20_wick1.2_rr1.5_atr40,sweep,2025-03,64,-877.0825896370397,23,41
XAUUSDm,A_sweep_lb20_wick1.2_rr1.5_atr40,sweep,2025-04,67,-354.0900426829442,27,40
XAUUSDm,A_sweep_lb20_wick1.2_rr1.5_atr40,sweep,2025-05,70,-784.7317984253757,22,48
XAUUSDm,A_sweep_lb20_wick1.2_rr1.5_atr40,sweep,2025-06,64,-940.816009181819,18,46
XAUUSDm,A_sweep_lb20_wick1.2_rr1.5_atr40,sweep,2025-07,75,-1109.892969623097,26,49
XAUUSDm,A_sweep_lb20_wick1.2_rr1.5_atr40,sweep,2025-08,65,-1092.8721981026856,21,44
XAUUSDm,A_sweep_lb20_wick1.2_rr1.5_atr40,sweep,2025-09,68,-893.6006604883061,23,45
XAUUSDm,A_sweep_lb20_wick1.2_rr1.5_atr40,sweep,2025-10,71,-447.20114562183187,28,43
XAUUSDm,A_sweep_lb20_wick1.2_rr1.5_atr40,sweep,2025-11,60,-284.67701052849753,25,35
XAUUSDm,A_sweep_lb20_wick1.2_rr1.5_atr40,sweep,2025-12,69,-754.2494049389725,23,46
XAUUSDm,A_sweep_lb20_wick1.2_rr1.5_atr40,sweep,2026-01,67,-663.1719817766016,23,44
XAUUSDm,A_sweep_lb20_wick1.2_rr1.5_atr40,sweep,2026-02,62,-453.18471086210366,22,40
XAUUSDm,A_sweep_lb20_wick1.2_rr1.5_atr40,sweep,2026-03,71,-61.75613031713431,31,40
XAUUSDm,A_sweep_lb20_wick1.2_rr1.5_atr40,sweep,2026-04,65,-225.111624955629,28,37
XAUUSDm,A_sweep_lb20_wick1.2_rr1.5_atr40,sweep,2026-05,12,-135.8666588224204,4,8
XAUUSDm,A_sweep_lb20_wick1.2_rr2_atr20,sweep,2025-01,67,-1283.6219566039374,17,50
XAUUSDm,A_sweep_lb20_wick1.2_rr2_atr20,sweep,2025-02,63,-798.934710123832,18,45
XAUUSDm,A_sweep_lb20_wick1.2_rr2_atr20,sweep,2025-03,65,-619.9203073596886,23,42
XAUUSDm,A_sweep_lb20_wick1.2_rr2_atr20,sweep,2025-04,67,45.10055928789666,28,39
XAUUSDm,A_sweep_lb20_wick1.2_rr2_atr20,sweep,2025-05,71,-860.3953493932675,18,53
XAUUSDm,A_sweep_lb20_wick1.2_rr2_atr20,sweep,2025-06,64,-900.2491018858109,16,48
XAUUSDm,A_sweep_lb20_wick1.2_rr2_atr20,sweep,2025-07,75,-1390.3228141215004,18,57
XAUUSDm,A_sweep_lb20_wick1.2_rr2_atr20,sweep,2025-08,67,-1109.2337541303323,19,48
XAUUSDm,A_sweep_lb20_wick1.2_rr2_atr20,sweep,2025-09,69,-1199.4761327193048,16,53
XAUUSDm,A_sweep_lb20_wick1.2_rr2_atr20,sweep,2025-10,75,-96.66015061878825,30,45
XAUUSDm,A_sweep_lb20_wick1.2_rr2_atr20,sweep,2025-11,61,-391.10900801288693,20,41
XAUUSDm,A_sweep_lb20_wick1.2_rr2_atr20,sweep,2025-12,70,-669.2985775415983,21,49
XAUUSDm,A_sweep_lb20_wick1.2_rr2_atr20,sweep,2026-01,68,-962.1986811506818,16,52
XAUUSDm,A_sweep_lb20_wick1.2_rr2_atr20,sweep,2026-02,65,-700.5322635020885,16,49
XAUUSDm,A_sweep_lb20_wick1.2_rr2_atr20,sweep,2026-03,71,-210.00934652452793,24,47
XAUUSDm,A_sweep_lb20_wick1.2_rr2_atr20,sweep,2026-04,67,-448.5835731450992,21,46
XAUUSDm,A_sweep_lb20_wick1.2_rr2_atr20,sweep,2026-05,12,-83.129023053314,4,8
XAUUSDm,A_sweep_lb20_wick1.2_rr2_atr30,sweep,2025-01,67,-1385.5711161133538,15,52
XAUUSDm,A_sweep_lb20_wick1.2_rr2_atr30,sweep,2025-02,63,-956.4714464388868,16,47
XAUUSDm,A_sweep_lb20_wick1.2_rr2_atr30,sweep,2025-03,64,-792.9620215735289,20,44
XAUUSDm,A_sweep_lb20_wick1.2_rr2_atr30,sweep,2025-04,67,-101.89998237921478,26,41
XAUUSDm,A_sweep_lb20_wick1.2_rr2_atr30,sweep,2025-05,71,-704.4117022976603,20,51
XAUUSDm,A_sweep_lb20_wick1.2_rr2_atr30,sweep,2025-06,64,-964.3604531149535,15,49
XAUUSDm,A_sweep_lb20_wick1.2_rr2_atr30,sweep,2025-07,75,-1304.6110111343194,19,56
XAUUSDm,A_sweep_lb20_wick1.2_rr2_atr30,sweep,2025-08,66,-1188.8007286054733,17,49
XAUUSDm,A_sweep_lb20_wick1.2_rr2_atr30,sweep,2025-09,69,-1196.1563271731197,16,53
XAUUSDm,A_sweep_lb20_wick1.2_rr2_atr30,sweep,2025-10,74,-216.28596241915747,28,46
XAUUSDm,A_sweep_lb20_wick1.2_rr2_atr30,sweep,2025-11,60,-588.5100454699378,17,43
XAUUSDm,A_sweep_lb20_wick1.2_rr2_atr30,sweep,2025-12,70,-1023.221762680653,16,54
XAUUSDm,A_sweep_lb20_wick1.2_rr2_atr30,sweep,2026-01,67,-685.3637480974761,19,48
XAUUSDm,A_sweep_lb20_wick1.2_rr2_atr30,sweep,2026-02,64,-443.6034073463651,19,45
XAUUSDm,A_sweep_lb20_wick1.2_rr2_atr30,sweep,2026-03,71,-211.51324462566552,24,47
XAUUSDm,A_sweep_lb20_wick1.2_rr2_atr30,sweep,2026-04,66,-478.0264679604533,20,46
XAUUSDm,A_sweep_lb20_wick1.2_rr2_atr30,sweep,2026-05,12,-157.83507142979414,3,9
XAUUSDm,A_sweep_lb20_wick1.2_rr2_atr40,sweep,2025-01,67,-1262.5964587519668,16,51
XAUUSDm,A_sweep_lb20_wick1.2_rr2_atr40,sweep,2025-02,62,-922.5325574160931,16,46
XAUUSDm,A_sweep_lb20_wick1.2_rr2_atr40,sweep,2025-03,64,-642.083281767671,22,42
XAUUSDm,A_sweep_lb20_wick1.2_rr2_atr40,sweep,2025-04,67,-240.20985615091683,24,43
XAUUSDm,A_sweep_lb20_wick1.2_rr2_atr40,sweep,2025-05,70,-665.2522650717036,20,50
XAUUSDm,A_sweep_lb20_wick1.2_rr2_atr40,sweep,2025-06,64,-868.4704386386197,16,48
XAUUSDm,A_sweep_lb20_wick1.2_rr2_atr40,sweep,2025-07,75,-1160.620993889647,21,54
XAUUSDm,A_sweep_lb20_wick1.2_rr2_atr40,sweep,2025-08,65,-903.6918264932198,20,45
XAUUSDm,A_sweep_lb20_wick1.2_rr2_atr40,sweep,2025-09,68,-1101.6463266198305,16,52
XAUUSDm,A_sweep_lb20_wick1.2_rr2_atr40,sweep,2025-10,71,-244.91918126177606,26,45
XAUUSDm,A_sweep_lb20_wick1.2_rr2_atr40,sweep,2025-11,60,-272.18076052849966,21,39
XAUUSDm,A_sweep_lb20_wick1.2_rr2_atr40,sweep,2025-12,69,-920.1968561936272,17,52
XAUUSDm,A_sweep_lb20_wick1.2_rr2_atr40,sweep,2026-01,66,-512.2697179499835,21,45
XAUUSDm,A_sweep_lb20_wick1.2_rr2_atr40,sweep,2026-02,62,-403.713152422185,19,43
XAUUSDm,A_sweep_lb20_wick1.2_rr2_atr40,sweep,2026-03,71,-49.15699938997663,26,45
XAUUSDm,A_sweep_lb20_wick1.2_rr2_atr40,sweep,2026-04,65,-19.521652178871463,26,39
XAUUSDm,A_sweep_lb20_wick1.2_rr2_atr40,sweep,2026-05,12,-161.08115057627856,3,9
XAUUSDm,A_sweep_lb20_wick1.5_rr1.5_atr20,sweep,2025-01,66,-1210.2762575109277,21,45
XAUUSDm,A_sweep_lb20_wick1.5_rr1.5_atr20,sweep,2025-02,63,-867.3551119811715,21,42
XAUUSDm,A_sweep_lb20_wick1.5_rr1.5_atr20,sweep,2025-03,65,-822.648025505754,25,40
XAUUSDm,A_sweep_lb20_wick1.5_rr1.5_atr20,sweep,2025-04,67,-59.8384059832465,32,35
XAUUSDm,A_sweep_lb20_wick1.5_rr1.5_atr20,sweep,2025-05,71,-1022.4524823050251,19,52
XAUUSDm,A_sweep_lb20_wick1.5_rr1.5_atr20,sweep,2025-06,63,-755.9801811254162,21,42
XAUUSDm,A_sweep_lb20_wick1.5_rr1.5_atr20,sweep,2025-07,75,-1315.8295784315922,23,52
XAUUSDm,A_sweep_lb20_wick1.5_rr1.5_atr20,sweep,2025-08,67,-1350.2821265215448,19,48
XAUUSDm,A_sweep_lb20_wick1.5_rr1.5_atr20,sweep,2025-09,69,-983.7719952642665,23,46
XAUUSDm,A_sweep_lb20_wick1.5_rr1.5_atr20,sweep,2025-10,74,-355.67921026989336,31,43
XAUUSDm,A_sweep_lb20_wick1.5_rr1.5_atr20,sweep,2025-11,61,-399.9482988901408,24,37
XAUUSDm,A_sweep_lb20_wick1.5_rr1.5_atr20,sweep,2025-12,69,-734.6290805647028,24,45
XAUUSDm,A_sweep_lb20_wick1.5_rr1.5_atr20,sweep,2026-01,67,-1029.3160282771262,17,50
XAUUSDm,A_sweep_lb20_wick1.5_rr1.5_atr20,sweep,2026-02,64,-638.7660632734717,20,44
XAUUSDm,A_sweep_lb20_wick1.5_rr1.5_atr20,sweep,2026-03,71,-380.7471910356768,26,45
XAUUSDm,A_sweep_lb20_wick1.5_rr1.5_atr20,sweep,2026-04,65,-327.7408036211264,26,39
XAUUSDm,A_sweep_lb20_wick1.5_rr1.5_atr20,sweep,2026-05,12,-135.57718144459076,4,8
XAUUSDm,A_sweep_lb20_wick1.5_rr1.5_atr30,sweep,2025-01,66,-1245.9733499949673,20,46
XAUUSDm,A_sweep_lb20_wick1.5_rr1.5_atr30,sweep,2025-02,63,-981.9852227686794,19,44
XAUUSDm,A_sweep_lb20_wick1.5_rr1.5_atr30,sweep,2025-03,64,-770.0818752626401,25,39
XAUUSDm,A_sweep_lb20_wick1.5_rr1.5_atr30,sweep,2025-04,66,-270.9817618134447,28,38
XAUUSDm,A_sweep_lb20_wick1.5_rr1.5_atr30,sweep,2025-05,71,-891.1787464104268,21,50
XAUUSDm,A_sweep_lb20_wick1.5_rr1.5_atr30,sweep,2025-06,63,-803.5594738428667,20,43
XAUUSDm,A_sweep_lb20_wick1.5_rr1.5_atr30,sweep,2025-07,75,-1244.2330593998565,24,51
XAUUSDm,A_sweep_lb20_wick1.5_rr1.5_atr30,sweep,2025-08,66,-1404.3965047513377,17,49
XAUUSDm,A_sweep_lb20_wick1.5_rr1.5_atr30,sweep,2025-09,69,-986.3517740018132,23,46
XAUUSDm,A_sweep_lb20_wick1.5_rr1.5_atr30,sweep,2025-10,73,-316.67045788845115,31,42
XAUUSDm,A_sweep_lb20_wick1.5_rr1.5_atr30,sweep,2025-11,60,-232.89836606333796,26,34
XAUUSDm,A_sweep_lb20_wick1.5_rr1.5_atr30,sweep,2025-12,69,-898.3810682969562,21,48
XAUUSDm,A_sweep_lb20_wick1.5_rr1.5_atr30,sweep,2026-01,65,-836.4740648218573,19,46
XAUUSDm,A_sweep_lb20_wick1.5_rr1.5_atr30,sweep,2026-02,63,-541.930578345501,21,42
XAUUSDm,A_sweep_lb20_wick1.5_rr1.5_atr30,sweep,2026-03,71,-380.9334482685771,26,45
XAUUSDm,A_sweep_lb20_wick1.5_rr1.5_atr30,sweep,2026-04,64,-214.00182373363256,27,37
XAUUSDm,A_sweep_lb20_wick1.5_rr1.5_atr30,sweep,2026-05,12,-135.86139104056048,4,8
XAUUSDm,A_sweep_lb20_wick1.5_rr1.5_atr40,sweep,2025-01,66,-1261.6869379611219,19,47
XAUUSDm,A_sweep_lb20_wick1.5_rr1.5_atr40,sweep,2025-02,62,-1012.7777968469958,18,44
XAUUSDm,A_sweep_lb20_wick1.5_rr1.5_atr40,sweep,2025-03,64,-899.9102191143173,23,41
XAUUSDm,A_sweep_lb20_wick1.5_rr1.5_atr40,sweep,2025-04,66,-394.71494136171975,26,40
XAUUSDm,A_sweep_lb20_wick1.5_rr1.5_atr40,sweep,2025-05,70,-733.7052259509254,23,47
XAUUSDm,A_sweep_lb20_wick1.5_rr1.5_atr40,sweep,2025-06,63,-718.855673775013,21,42
XAUUSDm,A_sweep_lb20_wick1.5_rr1.5_atr40,sweep,2025-07,75,-1244.7400622274954,24,51
XAUUSDm,A_sweep_lb20_wick1.5_rr1.5_atr40,sweep,2025-08,65,-1083.314425900585,21,44
XAUUSDm,A_sweep_lb20_wick1.5_rr1.5_atr40,sweep,2025-09,68,-787.4198833702467,25,43
XAUUSDm,A_sweep_lb20_wick1.5_rr1.5_atr40,sweep,2025-10,70,-383.2564951498031,28,42
XAUUSDm,A_sweep_lb20_wick1.5_rr1.5_atr40,sweep,2025-11,60,-94.07118081247206,28,32
XAUUSDm,A_sweep_lb20_wick1.5_rr1.5_atr40,sweep,2025-12,68,-793.1774825002499,22,46
XAUUSDm,A_sweep_lb20_wick1.5_rr1.5_atr40,sweep,2026-01,64,-566.6436514609816,23,41
XAUUSDm,A_sweep_lb20_wick1.5_rr1.5_atr40,sweep,2026-02,61,-496.6579394524268,21,40
XAUUSDm,A_sweep_lb20_wick1.5_rr1.5_atr40,sweep,2026-03,71,-59.80274746787869,31,40
XAUUSDm,A_sweep_lb20_wick1.5_rr1.5_atr40,sweep,2026-04,62,-110.15353170960094,28,34
XAUUSDm,A_sweep_lb20_wick1.5_rr1.5_atr40,sweep,2026-05,12,-135.7674346179431,4,8
XAUUSDm,A_sweep_lb20_wick1.5_rr2_atr20,sweep,2025-01,66,-1498.997295039123,14,52
XAUUSDm,A_sweep_lb20_wick1.5_rr2_atr20,sweep,2025-02,63,-829.8563619811844,18,45
XAUUSDm,A_sweep_lb20_wick1.5_rr2_atr20,sweep,2025-03,65,-494.27101465561293,25,40
XAUUSDm,A_sweep_lb20_wick1.5_rr2_atr20,sweep,2025-04,67,-38.636222290692174,27,40
XAUUSDm,A_sweep_lb20_wick1.5_rr2_atr20,sweep,2025-05,71,-875.5502905488079,18,53
XAUUSDm,A_sweep_lb20_wick1.5_rr2_atr20,sweep,2025-06,63,-726.9111361447431,18,45
XAUUSDm,A_sweep_lb20_wick1.5_rr2_atr20,sweep,2025-07,75,-1403.335828431585,18,57
XAUUSDm,A_sweep_lb20_wick1.5_rr2_atr20,sweep,2025-08,67,-1112.788376521549,19,48
XAUUSDm,A_sweep_lb20_wick1.5_rr2_atr20,sweep,2025-09,69,-1236.4443742186374,16,53
XAUUSDm,A_sweep_lb20_wick1.5_rr2_atr20,sweep,2025-10,74,-37.44272512101507,30,44
XAUUSDm,A_sweep_lb20_wick1.5_rr2_atr20,sweep,2025-11,61,-399.9482988901258,20,41
XAUUSDm,A_sweep_lb20_wick1.5_rr2_atr20,sweep,2025-12,69,-798.7593884531171,19,50
XAUUSDm,A_sweep_lb20_wick1.5_rr2_atr20,sweep,2026-01,67,-1079.717238049518,14,53
XAUUSDm,A_sweep_lb20_wick1.5_rr2_atr20,sweep,2026-02,64,-613.7635632734709,17,47
XAUUSDm,A_sweep_lb20_wick1.5_rr2_atr20,sweep,2026-03,71,-433.09792463028015,21,50
XAUUSDm,A_sweep_lb20_wick1.5_rr2_atr20,sweep,2026-04,65,-375.80958506624785,21,44
XAUUSDm,A_sweep_lb20_wick1.5_rr2_atr20,sweep,2026-05,12,-235.57718144458664,2,10
XAUUSDm,A_sweep_lb20_wick1.5_rr2_atr30,sweep,2025-01,66,-1515.9512124883724,13,53
XAUUSDm,A_sweep_lb20_wick1.5_rr2_atr30,sweep,2025-02,63,-969.4864727686883,16,47
XAUUSDm,A_sweep_lb20_wick1.5_rr2_atr30,sweep,2025-03,64,-516.040122707747,24,40
XAUUSDm,A_sweep_lb20_wick1.5_rr2_atr30,sweep,2025-04,66,0.7142139281415218,27,39
XAUUSDm,A_sweep_lb20_wick1.5_rr2_atr30,sweep,2025-05,71,-719.115481641394,20,51
XAUUSDm,A_sweep_lb20_wick1.5_rr2_atr30,sweep,2025-06,63,-787.1303751783762,17,46
XAUUSDm,A_sweep_lb20_wick1.5_rr2_atr30,sweep,2025-07,75,-1319.2405593998621,19,56
XAUUSDm,A_sweep_lb20_wick1.5_rr2_atr30,sweep,2025-08,66,-1191.9002547513344,17,49
XAUUSDm,A_sweep_lb20_wick1.5_rr2_atr30,sweep,2025-09,69,-1148.8422064732788,17,52
XAUUSDm,A_sweep_lb20_wick1.5_rr2_atr30,sweep,2025-10,73,-77.11945276744827,29,44
XAUUSDm,A_sweep_lb20_wick1.5_rr2_atr30,sweep,2025-11,60,-282.89086606333643,21,39
XAUUSDm,A_sweep_lb20_wick1.5_rr2_atr30,sweep,2025-12,69,-1079.5765770211735,15,54
XAUUSDm,A_sweep_lb20_wick1.5_rr2_atr30,sweep,2026-01,65,-865.9755023717719,16,49
XAUUSDm,A_sweep_lb20_wick1.5_rr2_atr30,sweep,2026-02,63,-504.4318283454935,18,45
XAUUSDm,A_sweep_lb20_wick1.5_rr2_atr30,sweep,2026-03,71,-357.28282868076946,22,49
XAUUSDm,A_sweep_lb20_wick1.5_rr2_atr30,sweep,2026-04,64,-323.9225104190087,21,43
XAUUSDm,A_sweep_lb20_wick1.5_rr2_atr30,sweep,2026-05,12,-160.85389104056023,3,9
XAUUSDm,A_sweep_lb20_wick1.5_rr2_atr40,sweep,2025-01,66,-1399.1806879611236,14,52
XAUUSDm,A_sweep_lb20_wick1.5_rr2_atr40,sweep,2025-02,62,-868.6118298531994,17,45
XAUUSDm,A_sweep_lb20_wick1.5_rr2_atr40,sweep,2025-03,64,-666.7072003620142,22,42
XAUUSDm,A_sweep_lb20_wick1.5_rr2_atr40,sweep,2025-04,66,-292.8337472132549,23,43
XAUUSDm,A_sweep_lb20_wick1.5_rr2_atr40,sweep,2025-05,70,-536.4407993862536,22,48
XAUUSDm,A_sweep_lb20_wick1.5_rr2_atr40,sweep,2025-06,63,-689.9521661738953,18,45
XAUUSDm,A_sweep_lb20_wick1.5_rr2_atr40,sweep,2025-07,75,-1319.7325622274957,19,56
XAUUSDm,A_sweep_lb20_wick1.5_rr2_atr40,sweep,2025-08,65,-820.8231759005732,21,44
XAUUSDm,A_sweep_lb20_wick1.5_rr2_atr40,sweep,2025-09,68,-1072.0135987288816,17,51
XAUUSDm,A_sweep_lb20_wick1.5_rr2_atr40,sweep,2025-10,70,-181.09022513096028,26,44
XAUUSDm,A_sweep_lb20_wick1.5_rr2_atr40,sweep,2025-11,60,-47.28834835670064,24,36
XAUUSDm,A_sweep_lb20_wick1.5_rr2_atr40,sweep,2025-12,68,-894.7001716395672,17,51
XAUUSDm,A_sweep_lb20_wick1.5_rr2_atr40,sweep,2026-01,64,-620.3239716298625,19,45
XAUUSDm,A_sweep_lb20_wick1.5_rr2_atr40,sweep,2026-02,61,-459.15918945242413,18,43
XAUUSDm,A_sweep_lb20_wick1.5_rr2_atr40,sweep,2026-03,71,-122.32399746788153,25,46
XAUUSDm,A_sweep_lb20_wick1.5_rr2_atr40,sweep,2026-04,62,19.39218943439056,25,37
XAUUSDm,A_sweep_lb20_wick1.5_rr2_atr40,sweep,2026-05,12,-160.75993461793652,3,9
XAUUSDm,A_sweep_lb20_wick2_rr1.5_atr20,sweep,2025-01,66,-838.5355580128368,27,39
XAUUSDm,A_sweep_lb20_wick2_rr1.5_atr20,sweep,2025-02,63,-1053.2139528408002,18,45
XAUUSDm,A_sweep_lb20_wick2_rr1.5_atr20,sweep,2025-03,65,-987.4478769490661,22,43
XAUUSDm,A_sweep_lb20_wick2_rr1.5_atr20,sweep,2025-04,67,-434.1693465234442,26,41
XAUUSDm,A_sweep_lb20_wick2_rr1.5_atr20,sweep,2025-05,69,-949.869900147613,19,50
XAUUSDm,A_sweep_lb20_wick2_rr1.5_atr20,sweep,2025-06,62,-646.8271895960017,22,40
XAUUSDm,A_sweep_lb20_wick2_rr1.5_atr20,sweep,2025-07,75,-1143.0288081190504,25,50
XAUUSDm,A_sweep_lb20_wick2_rr1.5_atr20,sweep,2025-08,64,-1264.5146545671203,19,45
XAUUSDm,A_sweep_lb20_wick2_rr1.5_atr20,sweep,2025-09,68,-1041.2197056125322,22,46
XAUUSDm,A_sweep_lb20_wick2_rr1.5_atr20,sweep,2025-10,73,-319.672661479576,31,42
XAUUSDm,A_sweep_lb20_wick2_rr1.5_atr20,sweep,2025-11,61,-142.40154911707356,28,33
XAUUSDm,A_sweep_lb20_wick2_rr1.5_atr20,sweep,2025-12,67,-743.5432308936076,23,44
XAUUSDm,A_sweep_lb20_wick2_rr1.5_atr20,sweep,2026-01,67,-1197.975956937135,15,52
XAUUSDm,A_sweep_lb20_wick2_rr1.5_atr20,sweep,2026-02,64,-521.8239830128406,22,42
XAUUSDm,A_sweep_lb20_wick2_rr1.5_atr20,sweep,2026-03,71,-578.6594011742156,23,48
XAUUSDm,A_sweep_lb20_wick2_rr1.5_atr20,sweep,2026-04,65,-339.7801593776361,26,39
XAUUSDm,A_sweep_lb20_wick2_rr1.5_atr20,sweep,2026-05,12,-197.80150924577845,3,9
XAUUSDm,A_sweep_lb20_wick2_rr1.5_atr30,sweep,2025-01,66,-757.9999377966072,28,38
XAUUSDm,A_sweep_lb20_wick2_rr1.5_atr30,sweep,2025-02,63,-1090.8555404486358,17,46
XAUUSDm,A_sweep_lb20_wick2_rr1.5_atr30,sweep,2025-03,64,-1000.8964782242733,21,43
XAUUSDm,A_sweep_lb20_wick2_rr1.5_atr30,sweep,2025-04,65,-551.5102344748785,23,42
XAUUSDm,A_sweep_lb20_wick2_rr1.5_atr30,sweep,2025-05,68,-913.2035244031152,19,49
XAUUSDm,A_sweep_lb20_wick2_rr1.5_atr30,sweep,2025-06,62,-694.4217311283568,21,41
XAUUSDm,A_sweep_lb20_wick2_rr1.5_atr30,sweep,2025-07,75,-1146.8370298561576,25,50
XAUUSDm,A_sweep_lb20_wick2_rr1.5_atr30,sweep,2025-08,64,-1314.1265881292636,18,46
XAUUSDm,A_sweep_lb20_wick2_rr1.5_atr30,sweep,2025-09,68,-1019.9714678762537,22,46
XAUUSDm,A_sweep_lb20_wick2_rr1.5_atr30,sweep,2025-10,71,-236.4696515385839,31,40
XAUUSDm,A_sweep_lb20_wick2_rr1.5_atr30,sweep,2025-11,60,-176.81598765307632,27,33
XAUUSDm,A_sweep_lb20_wick2_rr1.5_atr30,sweep,2025-12,67,-965.9319948163587,19,48
XAUUSDm,A_sweep_lb20_wick2_rr1.5_atr30,sweep,2026-01,65,-1017.2981652196592,17,48
XAUUSDm,A_sweep_lb20_wick2_rr1.5_atr30,sweep,2026-02,62,-455.0644297716679,22,40
XAUUSDm,A_sweep_lb20_wick2_rr1.5_atr30,sweep,2026-03,71,-513.0797492945978,24,47
XAUUSDm,A_sweep_lb20_wick2_rr1.5_atr30,sweep,2026-04,63,-315.0124187271388,25,38
XAUUSDm,A_sweep_lb20_wick2_rr1.5_atr30,sweep,2026-05,12,-197.54236760276635,3,9
XAUUSDm,A_sweep_lb20_wick2_rr1.5_atr40,sweep,2025-01,65,-1035.3685922754275,22,43
XAUUSDm,A_sweep_lb20_wick2_rr1.5_atr40,sweep,2025-02,62,-1184.9662523784025,15,47
XAUUSDm,A_sweep_lb20_wick2_rr1.5_atr40,sweep,2025-03,64,-1007.2461089293922,21,43
XAUUSDm,A_sweep_lb20_wick2_rr1.5_atr40,sweep,2025-04,65,-481.7540661459173,24,41
XAUUSDm,A_sweep_lb20_wick2_rr1.5_atr40,sweep,2025-05,67,-763.2473477758341,21,46
XAUUSDm,A_sweep_lb20_wick2_rr1.5_atr40,sweep,2025-06,61,-533.1045096630936,23,38
XAUUSDm,A_sweep_lb20_wick2_rr1.5_atr40,sweep,2025-07,75,-1271.7141074318845,23,52
XAUUSDm,A_sweep_lb20_wick2_rr1.5_atr40,sweep,2025-08,64,-1138.4663188249242,20,44
XAUUSDm,A_sweep_lb20_wick2_rr1.5_atr40,sweep,2025-09,67,-883.989598246452,23,44
XAUUSDm,A_sweep_lb20_wick2_rr1.5_atr40,sweep,2025-10,67,-357.179425186398,27,40
XAUUSDm,A_sweep_lb20_wick2_rr1.5_atr40,sweep,2025-11,60,-115.43468570645162,28,32
XAUUSDm,A_sweep_lb20_wick2_rr1.5_atr40,sweep,2025-12,67,-1027.5094020993574,18,49
XAUUSDm,A_sweep_lb20_wick2_rr1.5_atr40,sweep,2026-01,64,-896.1477882191514,18,46
XAUUSDm,A_sweep_lb20_wick2_rr1.5_atr40,sweep,2026-02,61,-320.68247974241046,24,37
XAUUSDm,A_sweep_lb20_wick2_rr1.5_atr40,sweep,2026-03,71,-244.64617543384333,28,43
XAUUSDm,A_sweep_lb20_wick2_rr1.5_atr40,sweep,2026-04,62,-289.56519410204436,25,37
XAUUSDm,A_sweep_lb20_wick2_rr1.5_atr40,sweep,2026-05,12,-198.14191066110166,3,9
XAUUSDm,A_sweep_lb20_wick2_rr2_atr20,sweep,2025-01,66,-973.8094283314765,21,45
XAUUSDm,A_sweep_lb20_wick2_rr2_atr20,sweep,2025-02,63,-1053.2164528408075,15,48
XAUUSDm,A_sweep_lb20_wick2_rr2_atr20,sweep,2025-03,65,-696.5646160989311,22,43
XAUUSDm,A_sweep_lb20_wick2_rr2_atr20,sweep,2025-04,67,-341.4818375495471,23,44
XAUUSDm,A_sweep_lb20_wick2_rr2_atr20,sweep,2025-05,69,-952.813012365435,16,53
XAUUSDm,A_sweep_lb20_wick2_rr2_atr20,sweep,2025-06,62,-596.0709615366335,19,43
XAUUSDm,A_sweep_lb20_wick2_rr2_atr20,sweep,2025-07,75,-1205.5200581190581,20,55
XAUUSDm,A_sweep_lb20_wick2_rr2_atr20,sweep,2025-08,64,-1027.0159045671244,19,45
XAUUSDm,A_sweep_lb20_wick2_rr2_atr20,sweep,2025-09,68,-1141.2422056125288,17,51
XAUUSDm,A_sweep_lb20_wick2_rr2_atr20,sweep,2025-10,73,-75.46658313760436,29,44
XAUUSDm,A_sweep_lb20_wick2_rr2_atr20,sweep,2025-11,61,-323.6312693369028,21,40
XAUUSDm,A_sweep_lb20_wick2_rr2_atr20,sweep,2025-12,67,-755.0420084690189,19,48
XAUUSDm,A_sweep_lb20_wick2_rr2_atr20,sweep,2026-01,67,-1248.7950082093964,12,55
XAUUSDm,A_sweep_lb20_wick2_rr2_atr20,sweep,2026-02,64,-546.8164830128349,18,46
XAUUSDm,A_sweep_lb20_wick2_rr2_atr20,sweep,2026-03,71,-668.4854254738353,18,53
XAUUSDm,A_sweep_lb20_wick2_rr2_atr20,sweep,2026-04,65,-381.5797825337124,21,44
XAUUSDm,A_sweep_lb20_wick2_rr2_atr20,sweep,2026-05,12,-160.30025924577845,3,9
XAUUSDm,A_sweep_lb20_wick2_rr2_atr30,sweep,2025-01,66,-927.9603002900212,21,45
XAUUSDm,A_sweep_lb20_wick2_rr2_atr30,sweep,2025-02,63,-1103.3567904486342,14,49
XAUUSDm,A_sweep_lb20_wick2_rr2_atr30,sweep,2025-03,64,-796.8472256693705,20,44
XAUUSDm,A_sweep_lb20_wick2_rr2_atr30,sweep,2025-04,65,-493.78331765431125,20,45
XAUUSDm,A_sweep_lb20_wick2_rr2_atr30,sweep,2025-05,68,-841.0699714482902,17,51
XAUUSDm,A_sweep_lb20_wick2_rr2_atr30,sweep,2025-06,62,-656.048115041216,18,44
XAUUSDm,A_sweep_lb20_wick2_rr2_atr30,sweep,2025-07,75,-1209.328279856166,20,55
XAUUSDm,A_sweep_lb20_wick2_rr2_atr30,sweep,2025-08,64,-1089.1265881292613,18,46
XAUUSDm,A_sweep_lb20_wick2_rr2_atr30,sweep,2025-09,68,-1119.993967876239,17,51
XAUUSDm,A_sweep_lb20_wick2_rr2_atr30,sweep,2025-10,71,7.838444652486018,29,42
XAUUSDm,A_sweep_lb20_wick2_rr2_atr30,sweep,2025-11,60,-292.5215862579686,21,39
XAUUSDm,A_sweep_lb20_wick2_rr2_atr30,sweep,2025-12,67,-1025.4988882258785,15,52
XAUUSDm,A_sweep_lb20_wick2_rr2_atr30,sweep,2026-01,65,-1043.3193972999254,14,51
XAUUSDm,A_sweep_lb20_wick2_rr2_atr30,sweep,2026-02,62,-480.06192977167547,18,44
XAUUSDm,A_sweep_lb20_wick2_rr2_atr30,sweep,2026-03,71,-514.4389343064992,20,51
XAUUSDm,A_sweep_lb20_wick2_rr2_atr30,sweep,2026-04,63,-369.3939758618429,20,43
XAUUSDm,A_sweep_lb20_wick2_rr2_atr30,sweep,2026-05,12,-160.04111760277036,3,9
XAUUSDm,A_sweep_lb20_wick2_rr2_atr40,sweep,2025-01,65,-1135.3460922754311,17,48
XAUUSDm,A_sweep_lb20_wick2_rr2_atr40,sweep,2025-02,62,-1078.2284808972145,14,48
XAUUSDm,A_sweep_lb20_wick2_rr2_atr40,sweep,2025-03,64,-798.0254630780812,20,44
XAUUSDm,A_sweep_lb20_wick2_rr2_atr40,sweep,2025-04,65,-406.73656614591863,21,44
XAUUSDm,A_sweep_lb20_wick2_rr2_atr40,sweep,2025-05,67,-666.197403473292,19,48
XAUUSDm,A_sweep_lb20_wick2_rr2_atr40,sweep,2025-06,61,-469.5959225760108,20,41
XAUUSDm,A_sweep_lb20_wick2_rr2_atr40,sweep,2025-07,75,-1281.386660749878,19,56
XAUUSDm,A_sweep_lb20_wick2_rr2_atr40,sweep,2025-08,64,-963.476318824911,19,45
XAUUSDm,A_sweep_lb20_wick2_rr2_atr40,sweep,2025-09,67,-971.508348246449,18,49
XAUUSDm,A_sweep_lb20_wick2_rr2_atr40,sweep,2025-10,67,-163.04676438591423,25,42
XAUUSDm,A_sweep_lb20_wick2_rr2_atr40,sweep,2025-11,60,6.409014376804453,25,35
XAUUSDm,A_sweep_lb20_wick2_rr2_atr40,sweep,2025-12,67,-954.6392669338835,16,51
XAUUSDm,A_sweep_lb20_wick2_rr2_atr40,sweep,2026-01,64,-930.8680642111677,15,49
XAUUSDm,A_sweep_lb20_wick2_rr2_atr40,sweep,2026-02,61,-320.67997974241314,20,41
XAUUSDm,A_sweep_lb20_wick2_rr2_atr40,sweep,2026-03,71,-344.66367543384996,22,49
XAUUSDm,A_sweep_lb20_wick2_rr2_atr40,sweep,2026-04,62,-127.08144410205531,23,39
XAUUSDm,A_sweep_lb20_wick2_rr2_atr40,sweep,2026-05,12,-160.6406606610927,3,9
XAUUSDm,A_sweep_lb30_wick1.2_rr1.5_atr20,sweep,2025-01,67,-913.239608927948,26,41
XAUUSDm,A_sweep_lb30_wick1.2_rr1.5_atr20,sweep,2025-02,63,-862.0177916122957,21,42
XAUUSDm,A_sweep_lb30_wick1.2_rr1.5_atr20,sweep,2025-03,65,-809.015128656242,25,40
XAUUSDm,A_sweep_lb30_wick1.2_rr1.5_atr20,sweep,2025-04,66,-75.6841908526658,31,35
XAUUSDm,A_sweep_lb30_wick1.2_rr1.5_atr20,sweep,2025-05,71,-1003.1278666733183,19,52
XAUUSDm,A_sweep_lb30_wick1.2_rr1.5_atr20,sweep,2025-06,65,-1001.8454777528034,18,47
XAUUSDm,A_sweep_lb30_wick1.2_rr1.5_atr20,sweep,2025-07,76,-1343.3438304802178,23,53
XAUUSDm,A_sweep_lb30_wick1.2_rr1.5_atr20,sweep,2025-08,67,-1416.898028885373,18,49
XAUUSDm,A_sweep_lb30_wick1.2_rr1.5_atr20,sweep,2025-09,68,-978.3289430891631,22,46
XAUUSDm,A_sweep_lb30_wick1.2_rr1.5_atr20,sweep,2025-10,73,-342.4397474940852,31,42
XAUUSDm,A_sweep_lb30_wick1.2_rr1.5_atr20,sweep,2025-11,61,-193.6794647424314,27,34
XAUUSDm,A_sweep_lb30_wick1.2_rr1.5_atr20,sweep,2025-12,69,-491.88327774186314,27,42
XAUUSDm,A_sweep_lb30_wick1.2_rr1.5_atr20,sweep,2026-01,68,-892.7044745064574,20,48
XAUUSDm,A_sweep_lb30_wick1.2_rr1.5_atr20,sweep,2026-02,65,-466.6231193957225,23,42
XAUUSDm,A_sweep_lb30_wick1.2_rr1.5_atr20,sweep,2026-03,71,-267.44194124498216,28,43
XAUUSDm,A_sweep_lb30_wick1.2_rr1.5_atr20,sweep,2026-04,67,-390.38733072919456,26,41
XAUUSDm,A_sweep_lb30_wick1.2_rr1.5_atr20,sweep,2026-05,12,-70.33403396526896,5,7
XAUUSDm,A_sweep_lb30_wick1.2_rr1.5_atr30,sweep,2025-01,67,-995.3040662462324,24,43
XAUUSDm,A_sweep_lb30_wick1.2_rr1.5_atr30,sweep,2025-02,63,-979.5229750573831,19,44
XAUUSDm,A_sweep_lb30_wick1.2_rr1.5_atr30,sweep,2025-03,64,-753.333402866648,25,39
XAUUSDm,A_sweep_lb30_wick1.2_rr1.5_atr30,sweep,2025-04,66,-321.76497306978575,27,39
XAUUSDm,A_sweep_lb30_wick1.2_rr1.5_atr30,sweep,2025-05,71,-880.2287546961951,21,50
XAUUSDm,A_sweep_lb30_wick1.2_rr1.5_atr30,sweep,2025-06,64,-1024.5992856723242,17,47
XAUUSDm,A_sweep_lb30_wick1.2_rr1.5_atr30,sweep,2025-07,76,-1202.2368249715712,25,51
XAUUSDm,A_sweep_lb30_wick1.2_rr1.5_atr30,sweep,2025-08,66,-1422.9097909922355,17,49
XAUUSDm,A_sweep_lb30_wick1.2_rr1.5_atr30,sweep,2025-09,68,-912.5808406970808,23,45
XAUUSDm,A_sweep_lb30_wick1.2_rr1.5_atr30,sweep,2025-10,72,-423.10509688445177,29,43
XAUUSDm,A_sweep_lb30_wick1.2_rr1.5_atr30,sweep,2025-11,60,-154.58597696247605,27,33
XAUUSDm,A_sweep_lb30_wick1.2_rr1.5_atr30,sweep,2025-12,69,-672.1464630222125,24,45
XAUUSDm,A_sweep_lb30_wick1.2_rr1.5_atr30,sweep,2026-01,66,-793.3028629250044,21,45
XAUUSDm,A_sweep_lb30_wick1.2_rr1.5_atr30,sweep,2026-02,62,-245.8020892602015,25,37
XAUUSDm,A_sweep_lb30_wick1.2_rr1.5_atr30,sweep,2026-03,71,-192.3468261012675,29,42
XAUUSDm,A_sweep_lb30_wick1.2_rr1.5_atr30,sweep,2026-04,66,-343.2197876612095,26,40
XAUUSDm,A_sweep_lb30_wick1.2_rr1.5_atr30,sweep,2026-05,12,-70.18368919466326,5,7
XAUUSDm,A_sweep_lb30_wick1.2_rr1.5_atr40,sweep,2025-01,67,-1228.7269976400678,20,47
XAUUSDm,A_sweep_lb30_wick1.2_rr1.5_atr40,sweep,2025-02,62,-1115.3733276801358,16,46
XAUUSDm,A_sweep_lb30_wick1.2_rr1.5_atr40,sweep,2025-03,64,-744.0752029000681,25,39
XAUUSDm,A_sweep_lb30_wick1.2_rr1.5_atr40,sweep,2025-04,66,-386.29374176676,26,40
XAUUSDm,A_sweep_lb30_wick1.2_rr1.5_atr40,sweep,2025-05,70,-970.1474499514148,19,51
XAUUSDm,A_sweep_lb30_wick1.2_rr1.5_atr40,sweep,2025-06,63,-1034.9412206416641,16,47
XAUUSDm,A_sweep_lb30_wick1.2_rr1.5_atr40,sweep,2025-07,76,-1139.5370650178124,26,50
XAUUSDm,A_sweep_lb30_wick1.2_rr1.5_atr40,sweep,2025-08,65,-1240.2779541610412,19,46
XAUUSDm,A_sweep_lb30_wick1.2_rr1.5_atr40,sweep,2025-09,68,-698.4225003572806,26,42
XAUUSDm,A_sweep_lb30_wick1.2_rr1.5_atr40,sweep,2025-10,67,-307.9236245681376,28,39
XAUUSDm,A_sweep_lb30_wick1.2_rr1.5_atr40,sweep,2025-11,60,-104.05400722371388,28,32
XAUUSDm,A_sweep_lb30_wick1.2_rr1.5_atr40,sweep,2025-12,66,-708.0903771243175,22,44
XAUUSDm,A_sweep_lb30_wick1.2_rr1.5_atr40,sweep,2026-01,65,-665.3795321884669,22,43
XAUUSDm,A_sweep_lb30_wick1.2_rr1.5_atr40,sweep,2026-02,61,-342.1940466212596,23,38
XAUUSDm,A_sweep_lb30_wick1.2_rr1.5_atr40,sweep,2026-03,71,16.960418168348557,32,39
XAUUSDm,A_sweep_lb30_wick1.2_rr1.5_atr40,sweep,2026-04,65,-135.462952964602,29,36
XAUUSDm,A_sweep_lb30_wick1.2_rr1.5_atr40,sweep,2026-05,12,-136.01572598442758,4,8
XAUUSDm,A_sweep_lb30_wick1.2_rr2_atr20,sweep,2025-01,67,-1042.6264881606544,20,47
XAUUSDm,A_sweep_lb30_wick1.2_rr2_atr20,sweep,2025-02,63,-974.5165416122952,16,47
XAUUSDm,A_sweep_lb30_wick1.2_rr2_atr20,sweep,2025-03,65,-626.4187248270016,23,42
XAUUSDm,A_sweep_lb30_wick1.2_rr2_atr20,sweep,2025-04,66,-136.857123893665,25,41
XAUUSDm,A_sweep_lb30_wick1.2_rr2_atr20,sweep,2025-05,71,-921.2804500244189,17,54
XAUUSDm,A_sweep_lb30_wick1.2_rr2_atr20,sweep,2025-06,65,-926.8504777527932,16,49
XAUUSDm,A_sweep_lb30_wick1.2_rr2_atr20,sweep,2025-07,76,-1430.8375804802022,18,58
XAUUSDm,A_sweep_lb30_wick1.2_rr2_atr20,sweep,2025-08,67,-1266.8980288853702,17,50
XAUUSDm,A_sweep_lb30_wick1.2_rr2_atr20,sweep,2025-09,68,-1119.1898359562113,16,52
XAUUSDm,A_sweep_lb30_wick1.2_rr2_atr20,sweep,2025-10,73,-107.98528109602918,29,44
XAUUSDm,A_sweep_lb30_wick1.2_rr2_atr20,sweep,2025-11,61,-231.1193935327852,22,39
XAUUSDm,A_sweep_lb30_wick1.2_rr2_atr20,sweep,2025-12,68,-675.7387827587202,20,48
XAUUSDm,A_sweep_lb30_wick1.2_rr2_atr20,sweep,2026-01,68,-748.0488971179349,19,49
XAUUSDm,A_sweep_lb30_wick1.2_rr2_atr20,sweep,2026-02,65,-404.029414414189,20,45
XAUUSDm,A_sweep_lb30_wick1.2_rr2_atr20,sweep,2026-03,71,-294.94541934464894,23,48
XAUUSDm,A_sweep_lb30_wick1.2_rr2_atr20,sweep,2026-04,67,-437.3158119397316,21,46
XAUUSDm,A_sweep_lb30_wick1.2_rr2_atr20,sweep,2026-05,12,-82.74087579046576,4,8
XAUUSDm,A_sweep_lb30_wick1.2_rr2_atr30,sweep,2025-01,67,-1149.6219733876806,18,49
XAUUSDm,A_sweep_lb30_wick1.2_rr2_atr30,sweep,2025-02,63,-1042.0142250573736,15,48
XAUUSDm,A_sweep_lb30_wick1.2_rr2_atr30,sweep,2025-03,64,-718.4394895969468,21,43
XAUUSDm,A_sweep_lb30_wick1.2_rr2_atr30,sweep,2025-04,66,-132.8326890057054,25,41
XAUUSDm,A_sweep_lb30_wick1.2_rr2_atr30,sweep,2025-05,71,-848.258574983477,18,53
XAUUSDm,A_sweep_lb30_wick1.2_rr2_atr30,sweep,2025-06,64,-962.1080356723339,15,49
XAUUSDm,A_sweep_lb30_wick1.2_rr2_atr30,sweep,2025-07,76,-1264.7305749715517,20,56
XAUUSDm,A_sweep_lb30_wick1.2_rr2_atr30,sweep,2025-08,66,-1285.4085409922384,16,50
XAUUSDm,A_sweep_lb30_wick1.2_rr2_atr30,sweep,2025-09,68,-1043.4116416051893,17,51
XAUUSDm,A_sweep_lb30_wick1.2_rr2_atr30,sweep,2025-10,72,-64.82848927589852,29,43
XAUUSDm,A_sweep_lb30_wick1.2_rr2_atr30,sweep,2025-11,60,-267.0872269624727,21,39
XAUUSDm,A_sweep_lb30_wick1.2_rr2_atr30,sweep,2025-12,68,-898.0227578082317,17,51
XAUUSDm,A_sweep_lb30_wick1.2_rr2_atr30,sweep,2026-01,66,-619.0883244012056,20,46
XAUUSDm,A_sweep_lb30_wick1.2_rr2_atr30,sweep,2026-02,62,-83.33008263167531,23,39
XAUUSDm,A_sweep_lb30_wick1.2_rr2_atr30,sweep,2026-03,71,-131.3968687353339,25,46
XAUUSDm,A_sweep_lb30_wick1.2_rr2_atr30,sweep,2026-04,66,-315.08383850402504,22,44
XAUUSDm,A_sweep_lb30_wick1.2_rr2_atr30,sweep,2026-05,12,-82.91994695213324,4,8
XAUUSDm,A_sweep_lb30_wick1.2_rr2_atr40,sweep,2025-01,67,-1199.2759160853034,17,50
XAUUSDm,A_sweep_lb30_wick1.2_rr2_atr40,sweep,2025-02,62,-1065.370827680148,14,48
XAUUSDm,A_sweep_lb30_wick1.2_rr2_atr40,sweep,2025-03,64,-559.0783950306851,23,41
XAUUSDm,A_sweep_lb30_wick1.2_rr2_atr40,sweep,2025-04,66,-207.27405502386424,24,42
XAUUSDm,A_sweep_lb30_wick1.2_rr2_atr40,sweep,2025-05,70,-888.043506966833,17,53
XAUUSDm,A_sweep_lb30_wick1.2_rr2_atr40,sweep,2025-06,63,-984.9487206416578,14,49
XAUUSDm,A_sweep_lb30_wick1.2_rr2_atr40,sweep,2025-07,76,-1189.519565017825,21,55
XAUUSDm,A_sweep_lb30_wick1.2_rr2_atr40,sweep,2025-08,65,-1077.779204161047,18,47
XAUUSDm,A_sweep_lb30_wick1.2_rr2_atr40,sweep,2025-09,68,-863.0154143908195,19,49
XAUUSDm,A_sweep_lb30_wick1.2_rr2_atr40,sweep,2025-10,67,-38.557302057039095,27,40
XAUUSDm,A_sweep_lb30_wick1.2_rr2_atr40,sweep,2025-11,60,-129.06400722371805,23,37
XAUUSDm,A_sweep_lb30_wick1.2_rr2_atr40,sweep,2025-12,65,-885.1549781744111,16,49
XAUUSDm,A_sweep_lb30_wick1.2_rr2_atr40,sweep,2026-01,65,-498.5242560735352,21,44
XAUUSDm,A_sweep_lb30_wick1.2_rr2_atr40,sweep,2026-02,61,-204.81647445577224,21,40
XAUUSDm,A_sweep_lb30_wick1.2_rr2_atr40,sweep,2026-03,71,42.23417764244017,27,44
XAUUSDm,A_sweep_lb30_wick1.2_rr2_atr40,sweep,2026-04,65,81.30534346516593,27,38
XAUUSDm,A_sweep_lb30_wick1.2_rr2_atr40,sweep,2026-05,12,-160.75993461793652,3,9
XAUUSDm,A_sweep_lb30_wick1.5_rr1.5_atr20,sweep,2025-01,66,-980.4421277772327,24,42
XAUUSDm,A_sweep_lb30_wick1.5_rr1.5_atr20,sweep,2025-02,63,-1000.3576072004226,19,44
XAUUSDm,A_sweep_lb30_wick1.5_rr1.5_atr20,sweep,2025-03,64,-796.4275836973611,25,39
XAUUSDm,A_sweep_lb30_wick1.5_rr1.5_atr20,sweep,2025-04,67,-177.72492920519164,30,37
XAUUSDm,A_sweep_lb30_wick1.5_rr1.5_atr20,sweep,2025-05,71,-948.9274399559431,20,51
XAUUSDm,A_sweep_lb30_wick1.5_rr1.5_atr20,sweep,2025-06,63,-874.854380587856,19,44
XAUUSDm,A_sweep_lb30_wick1.5_rr1.5_atr20,sweep,2025-07,75,-1100.6339694774417,26,49
XAUUSDm,A_sweep_lb30_wick1.5_rr1.5_atr20,sweep,2025-08,67,-1392.0138644372641,18,49
XAUUSDm,A_sweep_lb30_wick1.5_rr1.5_atr20,sweep,2025-09,68,-772.4983833441668,25,43
XAUUSDm,A_sweep_lb30_wick1.5_rr1.5_atr20,sweep,2025-10,72,-161.78310930452352,33,39
XAUUSDm,A_sweep_lb30_wick1.5_rr1.5_atr20,sweep,2025-11,61,-203.5075046212023,27,34
XAUUSDm,A_sweep_lb30_wick1.5_rr1.5_atr20,sweep,2025-12,69,-636.1725488320968,25,44
XAUUSDm,A_sweep_lb30_wick1.5_rr1.5_atr20,sweep,2026-01,66,-892.0987643012351,19,47
XAUUSDm,A_sweep_lb30_wick1.5_rr1.5_atr20,sweep,2026-02,63,-530.4502732084584,21,42
XAUUSDm,A_sweep_lb30_wick1.5_rr1.5_atr20,sweep,2026-03,71,-454.41518978363143,25,46
XAUUSDm,A_sweep_lb30_wick1.5_rr1.5_atr20,sweep,2026-04,65,-312.96832362106557,26,39
XAUUSDm,A_sweep_lb30_wick1.5_rr1.5_atr20,sweep,2026-05,12,-135.74255128258815,4,8
XAUUSDm,A_sweep_lb30_wick1.5_rr1.5_atr30,sweep,2025-01,66,-1021.0794269308449,23,43
XAUUSDm,A_sweep_lb30_wick1.5_rr1.5_atr30,sweep,2025-02,63,-1001.7369094028301,19,44
XAUUSDm,A_sweep_lb30_wick1.5_rr1.5_atr30,sweep,2025-03,63,-739.7052841536533,25,38
XAUUSDm,A_sweep_lb30_wick1.5_rr1.5_atr30,sweep,2025-04,66,-396.66892908014387,26,40
XAUUSDm,A_sweep_lb30_wick1.5_rr1.5_atr30,sweep,2025-05,71,-947.9793780985419,20,51
XAUUSDm,A_sweep_lb30_wick1.5_rr1.5_atr30,sweep,2025-06,62,-839.6164474515563,19,43
XAUUSDm,A_sweep_lb30_wick1.5_rr1.5_atr30,sweep,2025-07,75,-958.3481215480298,28,47
XAUUSDm,A_sweep_lb30_wick1.5_rr1.5_atr30,sweep,2025-08,66,-1397.9139478213353,17,49
XAUUSDm,A_sweep_lb30_wick1.5_rr1.5_atr30,sweep,2025-09,68,-708.3668822892238,26,42
XAUUSDm,A_sweep_lb30_wick1.5_rr1.5_atr30,sweep,2025-10,71,-249.91588663620368,31,40
XAUUSDm,A_sweep_lb30_wick1.5_rr1.5_atr30,sweep,2025-11,60,-113.78349667491065,28,32
XAUUSDm,A_sweep_lb30_wick1.5_rr1.5_atr30,sweep,2025-12,69,-761.6310848776691,23,46
XAUUSDm,A_sweep_lb30_wick1.5_rr1.5_atr30,sweep,2026-01,64,-631.3437479082795,22,42
XAUUSDm,A_sweep_lb30_wick1.5_rr1.5_atr30,sweep,2026-02,61,-348.87459138248647,23,38
XAUUSDm,A_sweep_lb30_wick1.5_rr1.5_atr30,sweep,2026-03,71,-379.4867506782198,26,45
XAUUSDm,A_sweep_lb30_wick1.5_rr1.5_atr30,sweep,2026-04,63,-235.83503782414238,26,37
XAUUSDm,A_sweep_lb30_wick1.5_rr1.5_atr30,sweep,2026-05,12,-135.57716070682704,4,8
XAUUSDm,A_sweep_lb30_wick1.5_rr1.5_atr40,sweep,2025-01,66,-1188.671938861415,20,46
XAUUSDm,A_sweep_lb30_wick1.5_rr1.5_atr40,sweep,2025-02,62,-1072.7753023730727,17,45
XAUUSDm,A_sweep_lb30_wick1.5_rr1.5_atr40,sweep,2025-03,63,-727.595518769904,25,38
XAUUSDm,A_sweep_lb30_wick1.5_rr1.5_atr40,sweep,2025-04,66,-453.33692609581067,25,41
XAUUSDm,A_sweep_lb30_wick1.5_rr1.5_atr40,sweep,2025-05,70,-908.2078969951422,20,50
XAUUSDm,A_sweep_lb30_wick1.5_rr1.5_atr40,sweep,2025-06,62,-758.7375682563318,20,42
XAUUSDm,A_sweep_lb30_wick1.5_rr1.5_atr40,sweep,2025-07,75,-1099.5697339780095,26,49
XAUUSDm,A_sweep_lb30_wick1.5_rr1.5_atr40,sweep,2025-08,65,-1202.2910489321105,19,46
XAUUSDm,A_sweep_lb30_wick1.5_rr1.5_atr40,sweep,2025-09,67,-651.7196325216444,26,41
XAUUSDm,A_sweep_lb30_wick1.5_rr1.5_atr40,sweep,2025-10,66,-250.14635176650523,28,38
XAUUSDm,A_sweep_lb30_wick1.5_rr1.5_atr40,sweep,2025-11,59,-9.515382484775184,29,30
XAUUSDm,A_sweep_lb30_wick1.5_rr1.5_atr40,sweep,2025-12,66,-721.0148933639216,22,44
XAUUSDm,A_sweep_lb30_wick1.5_rr1.5_atr40,sweep,2026-01,63,-517.193689394224,23,40
XAUUSDm,A_sweep_lb30_wick1.5_rr1.5_atr40,sweep,2026-02,60,-383.02152224121903,22,38
XAUUSDm,A_sweep_lb30_wick1.5_rr1.5_atr40,sweep,2026-03,71,-46.10840387764081,31,40
XAUUSDm,A_sweep_lb30_wick1.5_rr1.5_atr40,sweep,2026-04,62,-153.0485876533095,27,35
XAUUSDm,A_sweep_lb30_wick1.5_rr1.5_atr40,sweep,2026-05,12,-136.71176492921697,4,8
XAUUSDm,A_sweep_lb30_wick1.5_rr2_atr20,sweep,2025-01,66,-1212.8819223007313,17,49
XAUUSDm,A_sweep_lb30_wick1.5_rr2_atr20,sweep,2025-02,63,-987.8563572004358,16,47
XAUUSDm,A_sweep_lb30_wick1.5_rr2_atr20,sweep,2025-03,64,-538.946575020534,24,40
XAUUSDm,A_sweep_lb30_wick1.5_rr2_atr20,sweep,2025-04,67,-23.56277408919466,27,40
XAUUSDm,A_sweep_lb30_wick1.5_rr2_atr20,sweep,2025-05,71,-864.3743021737672,18,53
XAUUSDm,A_sweep_lb30_wick1.5_rr2_atr20,sweep,2025-06,63,-936.4024522358695,15,48
XAUUSDm,A_sweep_lb30_wick1.5_rr2_atr20,sweep,2025-07,75,-1143.301540388867,21,54
XAUUSDm,A_sweep_lb30_wick1.5_rr2_atr20,sweep,2025-08,67,-1167.0188644372847,18,49
XAUUSDm,A_sweep_lb30_wick1.5_rr2_atr20,sweep,2025-09,68,-985.3694616331587,18,50
XAUUSDm,A_sweep_lb30_wick1.5_rr2_atr20,sweep,2025-10,72,100.71564069547824,31,41
XAUUSDm,A_sweep_lb30_wick1.5_rr2_atr20,sweep,2025-11,61,-315.94205264440546,21,40
XAUUSDm,A_sweep_lb30_wick1.5_rr2_atr20,sweep,2025-12,68,-837.1821829781235,18,50
XAUUSDm,A_sweep_lb30_wick1.5_rr2_atr20,sweep,2026-01,66,-917.1356045120065,16,50
XAUUSDm,A_sweep_lb30_wick1.5_rr2_atr20,sweep,2026-02,63,-418.00480555687227,19,44
XAUUSDm,A_sweep_lb30_wick1.5_rr2_atr20,sweep,2026-03,71,-518.7145666599338,20,51
XAUUSDm,A_sweep_lb30_wick1.5_rr2_atr20,sweep,2026-04,65,-361.908116963073,21,44
XAUUSDm,A_sweep_lb30_wick1.5_rr2_atr20,sweep,2026-05,12,-160.8117851825565,3,9
XAUUSDm,A_sweep_lb30_wick1.5_rr2_atr30,sweep,2025-01,66,-1266.017971454341,16,50
XAUUSDm,A_sweep_lb30_wick1.5_rr2_atr30,sweep,2025-02,63,-989.2331594028391,16,47
XAUUSDm,A_sweep_lb30_wick1.5_rr2_atr30,sweep,2025-03,63,-556.0674330455964,23,40
XAUUSDm,A_sweep_lb30_wick1.5_rr2_atr30,sweep,2025-04,66,-223.33734946412955,24,42
XAUUSDm,A_sweep_lb30_wick1.5_rr2_atr30,sweep,2025-05,71,-788.3831298838837,19,52
XAUUSDm,A_sweep_lb30_wick1.5_rr2_atr30,sweep,2025-06,62,-901.1710620405161,15,47
XAUUSDm,A_sweep_lb30_wick1.5_rr2_atr30,sweep,2025-07,75,-975.8975072538196,23,52
XAUUSDm,A_sweep_lb30_wick1.5_rr2_atr30,sweep,2025-08,66,-1185.4176978213318,17,49
XAUUSDm,A_sweep_lb30_wick1.5_rr2_atr30,sweep,2025-09,68,-833.649609123617,20,48
XAUUSDm,A_sweep_lb30_wick1.5_rr2_atr30,sweep,2025-10,71,59.234135328955304,30,41
XAUUSDm,A_sweep_lb30_wick1.5_rr2_atr30,sweep,2025-11,60,-213.7859966749033,22,38
XAUUSDm,A_sweep_lb30_wick1.5_rr2_atr30,sweep,2025-12,68,-915.2387567111377,17,51
XAUUSDm,A_sweep_lb30_wick1.5_rr2_atr30,sweep,2026-01,64,-622.2677606049268,19,45
XAUUSDm,A_sweep_lb30_wick1.5_rr2_atr30,sweep,2026-02,61,-211.09003376641758,21,40
XAUUSDm,A_sweep_lb30_wick1.5_rr2_atr30,sweep,2026-03,71,-355.57993921376044,22,49
XAUUSDm,A_sweep_lb30_wick1.5_rr2_atr30,sweep,2026-04,63,-359.425540115925,20,43
XAUUSDm,A_sweep_lb30_wick1.5_rr2_atr30,sweep,2026-05,12,-236.09646719892856,2,10
XAUUSDm,A_sweep_lb30_wick1.5_rr2_atr40,sweep,2025-01,66,-1313.6669388614043,15,51
XAUUSDm,A_sweep_lb30_wick1.5_rr2_atr40,sweep,2025-02,62,-941.1055853792761,16,46
XAUUSDm,A_sweep_lb30_wick1.5_rr2_atr40,sweep,2025-03,63,-618.8446966925443,22,41
XAUUSDm,A_sweep_lb30_wick1.5_rr2_atr40,sweep,2025-04,66,-286.1988358097626,23,43
XAUUSDm,A_sweep_lb30_wick1.5_rr2_atr40,sweep,2025-05,70,-748.5780940403026,19,51
XAUUSDm,A_sweep_lb30_wick1.5_rr2_atr40,sweep,2025-06,62,-807.792512915362,16,46
XAUUSDm,A_sweep_lb30_wick1.5_rr2_atr40,sweep,2025-07,75,-1067.0619433669258,22,53
XAUUSDm,A_sweep_lb30_wick1.5_rr2_atr40,sweep,2025-08,65,-964.7997989321067,19,46
XAUUSDm,A_sweep_lb30_wick1.5_rr2_atr40,sweep,2025-09,67,-702.0603362476402,21,46
XAUUSDm,A_sweep_lb30_wick1.5_rr2_atr40,sweep,2025-10,66,21.408617065110377,27,39
XAUUSDm,A_sweep_lb30_wick1.5_rr2_atr40,sweep,2025-11,59,-23.59247156913979,24,35
XAUUSDm,A_sweep_lb30_wick1.5_rr2_atr40,sweep,2025-12,65,-747.4421377005152,18,47
XAUUSDm,A_sweep_lb30_wick1.5_rr2_atr40,sweep,2026-01,63,-495.61744139592713,20,43
XAUUSDm,A_sweep_lb30_wick1.5_rr2_atr40,sweep,2026-02,60,-257.3370137229551,20,40
XAUUSDm,A_sweep_lb30_wick1.5_rr2_atr40,sweep,2026-03,71,-108.65478847706191,25,46
XAUUSDm,A_sweep_lb30_wick1.5_rr2_atr40,sweep,2026-04,62,-35.95406755497963,24,38
XAUUSDm,A_sweep_lb30_wick1.5_rr2_atr40,sweep,2026-05,12,-161.18486495970268,3,9
XAUUSDm,A_sweep_lb30_wick2_rr1.5_atr20,sweep,2025-01,66,-596.2518951502998,30,36
XAUUSDm,A_sweep_lb30_wick2_rr1.5_atr20,sweep,2025-02,63,-1121.2854235899317,17,46
XAUUSDm,A_sweep_lb30_wick2_rr1.5_atr20,sweep,2025-03,64,-887.4947986250029,23,41
XAUUSDm,A_sweep_lb30_wick2_rr1.5_atr20,sweep,2025-04,67,-547.0980001819695,24,43
XAUUSDm,A_sweep_lb30_wick2_rr1.5_atr20,sweep,2025-05,69,-987.8256742033741,18,51
XAUUSDm,A_sweep_lb30_wick2_rr1.5_atr20,sweep,2025-06,62,-764.464939329765,20,42
XAUUSDm,A_sweep_lb30_wick2_rr1.5_atr20,sweep,2025-07,75,-1057.894863590318,26,49
XAUUSDm,A_sweep_lb30_wick2_rr1.5_atr20,sweep,2025-08,64,-1427.136745304834,16,48
XAUUSDm,A_sweep_lb30_wick2_rr1.5_atr20,sweep,2025-09,67,-827.250086180883,24,43
XAUUSDm,A_sweep_lb30_wick2_rr1.5_atr20,sweep,2025-10,71,-250.11209237014364,31,40
XAUUSDm,A_sweep_lb30_wick2_rr1.5_atr20,sweep,2025-11,61,-81.27722767331983,29,32
XAUUSDm,A_sweep_lb30_wick2_rr1.5_atr20,sweep,2025-12,66,-566.3186217879877,25,41
XAUUSDm,A_sweep_lb30_wick2_rr1.5_atr20,sweep,2026-01,66,-1024.4264222626641,17,49
XAUUSDm,A_sweep_lb30_wick2_rr1.5_atr20,sweep,2026-02,63,-412.7578761498059,23,40
XAUUSDm,A_sweep_lb30_wick2_rr1.5_atr20,sweep,2026-03,71,-643.2366250462544,22,49
XAUUSDm,A_sweep_lb30_wick2_rr1.5_atr20,sweep,2026-04,65,-511.44218724491134,23,42
XAUUSDm,A_sweep_lb30_wick2_rr1.5_atr20,sweep,2026-05,12,-197.97384049333562,3,9
XAUUSDm,A_sweep_lb30_wick2_rr1.5_atr30,sweep,2025-01,65,-547.154274851661,30,35
XAUUSDm,A_sweep_lb30_wick2_rr1.5_atr30,sweep,2025-02,63,-997.325352281732,19,44
XAUUSDm,A_sweep_lb30_wick2_rr1.5_atr30,sweep,2025-03,63,-830.2534172635376,23,40
XAUUSDm,A_sweep_lb30_wick2_rr1.5_atr30,sweep,2025-04,65,-667.0927019150597,21,44
XAUUSDm,A_sweep_lb30_wick2_rr1.5_atr30,sweep,2025-05,68,-830.6076272627989,20,48
XAUUSDm,A_sweep_lb30_wick2_rr1.5_atr30,sweep,2025-06,60,-689.2599280321002,20,40
XAUUSDm,A_sweep_lb30_wick2_rr1.5_atr30,sweep,2025-07,75,-985.1136591466095,27,48
XAUUSDm,A_sweep_lb30_wick2_rr1.5_atr30,sweep,2025-08,64,-1418.796607254362,16,48
XAUUSDm,A_sweep_lb30_wick2_rr1.5_atr30,sweep,2025-09,67,-796.1459171270558,24,43
XAUUSDm,A_sweep_lb30_wick2_rr1.5_atr30,sweep,2025-10,69,-227.99673157858896,30,39
XAUUSDm,A_sweep_lb30_wick2_rr1.5_atr30,sweep,2025-11,60,-46.053534929591486,29,31
XAUUSDm,A_sweep_lb30_wick2_rr1.5_atr30,sweep,2025-12,65,-757.8448268400165,21,44
XAUUSDm,A_sweep_lb30_wick2_rr1.5_atr30,sweep,2026-01,63,-863.5164149055985,18,45
XAUUSDm,A_sweep_lb30_wick2_rr1.5_atr30,sweep,2026-02,61,-289.3511590289347,24,37
XAUUSDm,A_sweep_lb30_wick2_rr1.5_atr30,sweep,2026-03,69,-385.76236438164756,25,44
XAUUSDm,A_sweep_lb30_wick2_rr1.5_atr30,sweep,2026-04,63,-424.66280965284847,23,40
XAUUSDm,A_sweep_lb30_wick2_rr1.5_atr30,sweep,2026-05,12,-198.23701944536367,3,9
XAUUSDm,A_sweep_lb30_wick2_rr1.5_atr40,sweep,2025-01,64,-920.2495991691021,23,41
XAUUSDm,A_sweep_lb30_wick2_rr1.5_atr40,sweep,2025-02,62,-1183.3499877570243,15,47
XAUUSDm,A_sweep_lb30_wick2_rr1.5_atr40,sweep,2025-03,63,-819.2423826959376,23,40
XAUUSDm,A_sweep_lb30_wick2_rr1.5_atr40,sweep,2025-04,64,-640.1729023157976,21,43
XAUUSDm,A_sweep_lb30_wick2_rr1.5_atr40,sweep,2025-05,66,-837.4160640532328,19,47
XAUUSDm,A_sweep_lb30_wick2_rr1.5_atr40,sweep,2025-06,59,-588.2978820356972,21,38
XAUUSDm,A_sweep_lb30_wick2_rr1.5_atr40,sweep,2025-07,75,-1113.4920483694875,25,50
XAUUSDm,A_sweep_lb30_wick2_rr1.5_atr40,sweep,2025-08,64,-1383.6937407871737,16,48
XAUUSDm,A_sweep_lb30_wick2_rr1.5_atr40,sweep,2025-09,65,-695.1704196709512,24,41
XAUUSDm,A_sweep_lb30_wick2_rr1.5_atr40,sweep,2025-10,64,-252.61593338470334,27,37
XAUUSDm,A_sweep_lb30_wick2_rr1.5_atr40,sweep,2025-11,59,-68.44369486656451,28,31
XAUUSDm,A_sweep_lb30_wick2_rr1.5_atr40,sweep,2025-12,62,-792.3018054635465,19,43
XAUUSDm,A_sweep_lb30_wick2_rr1.5_atr40,sweep,2026-01,63,-705.5499862759104,20,43
XAUUSDm,A_sweep_lb30_wick2_rr1.5_atr40,sweep,2026-02,60,-260.5680606424275,24,36
XAUUSDm,A_sweep_lb30_wick2_rr1.5_atr40,sweep,2026-03,69,-52.71305540145771,30,39
XAUUSDm,A_sweep_lb30_wick2_rr1.5_atr40,sweep,2026-04,62,-397.8265789947712,23,39
XAUUSDm,A_sweep_lb30_wick2_rr1.5_atr40,sweep,2026-05,12,-197.75040554380547,3,9
XAUUSDm,A_sweep_lb30_wick2_rr2_atr20,sweep,2025-01,66,-675.2445224642383,24,42
XAUUSDm,A_sweep_lb30_wick2_rr2_atr20,sweep,2025-02,63,-1133.7866735899358,14,49
XAUUSDm,A_sweep_lb30_wick2_rr2_atr20,sweep,2025-03,64,-655.0112899481659,22,42
XAUUSDm,A_sweep_lb30_wick2_rr2_atr20,sweep,2025-04,67,-474.57028870273354,21,46
XAUUSDm,A_sweep_lb30_wick2_rr2_atr20,sweep,2025-05,69,-928.2511594343433,16,53
XAUUSDm,A_sweep_lb30_wick2_rr2_atr20,sweep,2025-06,62,-665.315845363888,18,44
XAUUSDm,A_sweep_lb30_wick2_rr2_atr20,sweep,2025-07,75,-1183.3725377962896,20,55
XAUUSDm,A_sweep_lb30_wick2_rr2_atr20,sweep,2025-08,64,-1227.1417453048075,16,48
XAUUSDm,A_sweep_lb30_wick2_rr2_atr20,sweep,2025-09,67,-977.2650861808679,18,49
XAUUSDm,A_sweep_lb30_wick2_rr2_atr20,sweep,2025-10,71,-80.93602954826184,28,43
XAUUSDm,A_sweep_lb30_wick2_rr2_atr20,sweep,2025-11,61,-95.25621165188593,24,37
XAUUSDm,A_sweep_lb30_wick2_rr2_atr20,sweep,2025-12,65,-698.3299875668989,19,46
XAUUSDm,A_sweep_lb30_wick2_rr2_atr20,sweep,2026-01,66,-1070.8776676447515,14,52
XAUUSDm,A_sweep_lb30_wick2_rr2_atr20,sweep,2026-02,63,-350.28726668202444,20,43
XAUUSDm,A_sweep_lb30_wick2_rr2_atr20,sweep,2026-03,71,-745.4900990385456,17,54
XAUUSDm,A_sweep_lb30_wick2_rr2_atr20,sweep,2026-04,65,-532.4597797581233,19,46
XAUUSDm,A_sweep_lb30_wick2_rr2_atr20,sweep,2026-05,12,-160.02879611395636,3,9
XAUUSDm,A_sweep_lb30_wick2_rr2_atr30,sweep,2025-01,65,-704.5740693751624,23,42
XAUUSDm,A_sweep_lb30_wick2_rr2_atr30,sweep,2025-02,63,-990.6506352879215,16,47
XAUUSDm,A_sweep_lb30_wick2_rr2_atr30,sweep,2025-03,63,-671.507595186196,21,42
XAUUSDm,A_sweep_lb30_wick2_rr2_atr30,sweep,2025-04,64,-601.5411364587435,18,46
XAUUSDm,A_sweep_lb30_wick2_rr2_atr30,sweep,2025-05,68,-820.2873210064168,17,51
XAUUSDm,A_sweep_lb30_wick2_rr2_atr30,sweep,2025-06,60,-590.2947947080122,18,42
XAUUSDm,A_sweep_lb30_wick2_rr2_atr30,sweep,2025-07,75,-1098.5037967427102,21,54
XAUUSDm,A_sweep_lb30_wick2_rr2_atr30,sweep,2025-08,64,-1294.306699858567,15,49
XAUUSDm,A_sweep_lb30_wick2_rr2_atr30,sweep,2025-09,67,-946.278371306753,18,49
XAUUSDm,A_sweep_lb30_wick2_rr2_atr30,sweep,2025-10,69,1.615346692646927,28,41
XAUUSDm,A_sweep_lb30_wick2_rr2_atr30,sweep,2025-11,60,14.14308040481373,25,35
XAUUSDm,A_sweep_lb30_wick2_rr2_atr30,sweep,2025-12,64,-789.6717146137681,17,47
XAUUSDm,A_sweep_lb30_wick2_rr2_atr30,sweep,2026-01,63,-901.0055870112634,15,48
XAUUSDm,A_sweep_lb30_wick2_rr2_atr30,sweep,2026-02,61,-214.9670103165875,21,40
XAUUSDm,A_sweep_lb30_wick2_rr2_atr30,sweep,2026-03,69,-449.03929073506777,20,49
XAUUSDm,A_sweep_lb30_wick2_rr2_atr30,sweep,2026-04,63,-445.28629008344427,19,44
XAUUSDm,A_sweep_lb30_wick2_rr2_atr30,sweep,2026-05,12,-161.00676406666656,3,9
XAUUSDm,A_sweep_lb30_wick2_rr2_atr40,sweep,2025-01,64,-1007.7283491691061,18,46
XAUUSDm,A_sweep_lb30_wick2_rr2_atr40,sweep,2025-02,62,-1076.5935885311474,14,48
XAUUSDm,A_sweep_lb30_wick2_rr2_atr40,sweep,2025-03,63,-661.4943147159838,21,42
XAUUSDm,A_sweep_lb30_wick2_rr2_atr40,sweep,2025-04,63,-647.4587064339077,17,46
XAUUSDm,A_sweep_lb30_wick2_rr2_atr40,sweep,2025-05,66,-758.0592259501597,17,49
XAUUSDm,A_sweep_lb30_wick2_rr2_atr40,sweep,2025-06,59,-476.0953564652841,19,40
XAUUSDm,A_sweep_lb30_wick2_rr2_atr40,sweep,2025-07,75,-1177.0244100616499,20,55
XAUUSDm,A_sweep_lb30_wick2_rr2_atr40,sweep,2025-08,64,-1259.643461334853,15,49
XAUUSDm,A_sweep_lb30_wick2_rr2_atr40,sweep,2025-09,65,-846.1720455389756,18,47
XAUUSDm,A_sweep_lb30_wick2_rr2_atr40,sweep,2025-10,64,-60.47279835100371,25,39
XAUUSDm,A_sweep_lb30_wick2_rr2_atr40,sweep,2025-11,59,53.993903155454454,25,34
XAUUSDm,A_sweep_lb30_wick2_rr2_atr40,sweep,2025-12,61,-706.6214160158904,17,44
XAUUSDm,A_sweep_lb30_wick2_rr2_atr40,sweep,2026-01,63,-639.232497399266,18,45
XAUUSDm,A_sweep_lb30_wick2_rr2_atr40,sweep,2026-02,60,-185.76405224895552,21,39
XAUUSDm,A_sweep_lb30_wick2_rr2_atr40,sweep,2026-03,69,-127.60967062841925,24,45
XAUUSDm,A_sweep_lb30_wick2_rr2_atr40,sweep,2026-04,62,-259.5671662310364,21,41
XAUUSDm,A_sweep_lb30_wick2_rr2_atr40,sweep,2026-05,12,-160.30889506170917,3,9
XAUUSDm,B_momo_london_adx18_rr1.5_atrexp0,momentum,2025-01,10,35.8540292443247,5,5
XAUUSDm,B_momo_london_adx18_rr1.5_atrexp0,momentum,2025-02,11,-109.73081543213873,3,8
XAUUSDm,B_momo_london_adx18_rr1.5_atrexp0,momentum,2025-03,10,-87.1871782154658,3,7
XAUUSDm,B_momo_london_adx18_rr1.5_atrexp0,momentum,2025-04,9,-177.6643047866378,1,8
XAUUSDm,B_momo_london_adx18_rr1.5_atrexp0,momentum,2025-05,11,121.11378997993906,6,5
XAUUSDm,B_momo_london_adx18_rr1.5_atrexp0,momentum,2025-06,12,-53.14840094651693,5,7
XAUUSDm,B_momo_london_adx18_rr1.5_atrexp0,momentum,2025-07,10,-24.23506816412992,4,6
XAUUSDm,B_momo_london_adx18_rr1.5_atrexp0,momentum,2025-08,8,-55.88260206529317,3,5
XAUUSDm,B_momo_london_adx18_rr1.5_atrexp0,momentum,2025-09,7,-59.73541915838875,2,5
XAUUSDm,B_momo_london_adx18_rr1.5_atrexp0,momentum,2025-10,9,-109.7482855131639,2,7
XAUUSDm,B_momo_london_adx18_rr1.5_atrexp0,momentum,2025-11,13,-205.53194737571442,2,11
XAUUSDm,B_momo_london_adx18_rr1.5_atrexp0,momentum,2025-12,13,-71.32699995416417,5,8
XAUUSDm,B_momo_london_adx18_rr1.5_atrexp0,momentum,2026-01,6,-34.51824419243159,2,4
XAUUSDm,B_momo_london_adx18_rr1.5_atrexp0,momentum,2026-02,5,-36.80434808707378,2,3
XAUUSDm,B_momo_london_adx18_rr1.5_atrexp0,momentum,2026-03,12,-62.135169220089956,4,8
XAUUSDm,B_momo_london_adx18_rr1.5_atrexp0,momentum,2026-04,11,-157.9796780918528,2,9
XAUUSDm,B_momo_london_adx18_rr1.5_atrexp0,momentum,2026-05,3,45.54482600721504,2,1
XAUUSDm,B_momo_london_adx18_rr1.5_atrexp1,momentum,2025-01,9,-61.50391364030936,3,6
XAUUSDm,B_momo_london_adx18_rr1.5_atrexp1,momentum,2025-02,4,-1.1028210194505554,2,2
XAUUSDm,B_momo_london_adx18_rr1.5_atrexp1,momentum,2025-03,7,-2.3370045757961044,3,4
XAUUSDm,B_momo_london_adx18_rr1.5_atrexp1,momentum,2025-04,2,-52.95226277861708,0,2
XAUUSDm,B_momo_london_adx18_rr1.5_atrexp1,momentum,2025-05,5,68.70231877087917,3,2
XAUUSDm,B_momo_london_adx18_rr1.5_atrexp1,momentum,2025-06,9,-34.55285907470011,4,5
XAUUSDm,B_momo_london_adx18_rr1.5_atrexp1,momentum,2025-07,7,-67.26959809717792,2,5
XAUUSDm,B_momo_london_adx18_rr1.5_atrexp1,momentum,2025-08,6,-63.922057426298906,2,4
XAUUSDm,B_momo_london_adx18_rr1.5_atrexp1,momentum,2025-09,5,-131.70248840640002,0,5
XAUUSDm,B_momo_london_adx18_rr1.5_atrexp1,momentum,2025-10,6,-92.6853157139041,1,5
XAUUSDm,B_momo_london_adx18_rr1.5_atrexp1,momentum,2025-11,4,-43.17293984194754,1,3
XAUUSDm,B_momo_london_adx18_rr1.5_atrexp1,momentum,2025-12,4,45.97420197817499,3,1
XAUUSDm,B_momo_london_adx18_rr1.5_atrexp1,momentum,2026-01,2,9.92666348404839,1,1
XAUUSDm,B_momo_london_adx18_rr1.5_atrexp1,momentum,2026-02,2,10.356477001793607,1,1
XAUUSDm,B_momo_london_adx18_rr1.5_atrexp1,momentum,2026-03,6,32.177868549258484,3,3
XAUUSDm,B_momo_london_adx18_rr1.5_atrexp1,momentum,2026-04,8,-84.63040385088557,2,6
XAUUSDm,B_momo_london_adx18_rr1.5_atrexp1,momentum,2026-05,2,10.068674707984254,1,1
XAUUSDm,B_momo_london_adx18_rr2_atrexp0,momentum,2025-01,9,-38.33832525845631,3,6
XAUUSDm,B_momo_london_adx18_rr2_atrexp0,momentum,2025-02,11,-72.23798241498606,3,8
XAUUSDm,B_momo_london_adx18_rr2_atrexp0,momentum,2025-03,10,-49.71237672344953,3,7
XAUUSDm,B_momo_london_adx18_rr2_atrexp0,momentum,2025-04,9,-165.15487589546282,1,8
XAUUSDm,B_momo_london_adx18_rr2_atrexp0,momentum,2025-05,11,104.78864347710592,5,6
XAUUSDm,B_momo_london_adx18_rr2_atrexp0,momentum,2025-06,12,-15.697063325188552,5,7
XAUUSDm,B_momo_london_adx18_rr2_atrexp0,momentum,2025-07,10,-104.61267946453857,2,8
XAUUSDm,B_momo_london_adx18_rr2_atrexp0,momentum,2025-08,8,-62.01782554801083,3,5
XAUUSDm,B_momo_london_adx18_rr2_atrexp0,momentum,2025-09,6,-8.948519869105702,2,4
XAUUSDm,B_momo_london_adx18_rr2_atrexp0,momentum,2025-10,9,-84.7457350760462,2,7
XAUUSDm,B_momo_london_adx18_rr2_atrexp0,momentum,2025-11,13,-180.5623328691209,2,11
XAUUSDm,B_momo_london_adx18_rr2_atrexp0,momentum,2025-12,13,-96.31792154338008,4,9
XAUUSDm,B_momo_london_adx18_rr2_atrexp0,momentum,2026-01,6,-9.519007047413005,2,4
XAUUSDm,B_momo_london_adx18_rr2_atrexp0,momentum,2026-02,5,-99.21412559317781,1,4
XAUUSDm,B_momo_london_adx18_rr2_atrexp0,momentum,2026-03,12,-12.129357630111745,4,8
XAUUSDm,B_momo_london_adx18_rr2_atrexp0,momentum,2026-04,11,-155.33152338418313,2,9
XAUUSDm,B_momo_london_adx18_rr2_atrexp0,momentum,2026-05,3,28.58893801160382,2,1
XAUUSDm,B_momo_london_adx18_rr2_atrexp1,momentum,2025-01,8,-71.78000315937729,2,6
XAUUSDm,B_momo_london_adx18_rr2_atrexp1,momentum,2025-02,4,11.529206319087368,2,2
XAUUSDm,B_momo_london_adx18_rr2_atrexp1,momentum,2025-03,7,35.171006106226116,3,4
XAUUSDm,B_momo_london_adx18_rr2_atrexp1,momentum,2025-04,2,-52.94933797319767,0,2
XAUUSDm,B_momo_london_adx18_rr2_atrexp1,momentum,2025-05,5,106.2209250826631,3,2
XAUUSDm,B_momo_london_adx18_rr2_atrexp1,momentum,2025-06,9,-9.642238692566515,4,5
XAUUSDm,B_momo_london_adx18_rr2_atrexp1,momentum,2025-07,7,-117.28122147343504,1,6
XAUUSDm,B_momo_london_adx18_rr2_atrexp1,momentum,2025-08,6,-51.43052611848712,2,4
XAUUSDm,B_momo_london_adx18_rr2_atrexp1,momentum,2025-09,5,-131.70180967588925,0,5
XAUUSDm,B_momo_london_adx18_rr2_atrexp1,momentum,2025-10,6,-80.18309357061258,1,5
XAUUSDm,B_momo_london_adx18_rr2_atrexp1,momentum,2025-11,4,-30.676934761506395,1,3
XAUUSDm,B_momo_london_adx18_rr2_atrexp1,momentum,2025-12,4,-4.037296285621469,2,2
XAUUSDm,B_momo_london_adx18_rr2_atrexp1,momentum,2026-01,2,22.43077991249018,1,1
XAUUSDm,B_momo_london_adx18_rr2_atrexp1,momentum,2026-02,2,-52.14947933355334,0,2
XAUUSDm,B_momo_london_adx18_rr2_atrexp1,momentum,2026-03,6,69.6852070727363,3,3
XAUUSDm,B_momo_london_adx18_rr2_atrexp1,momentum,2026-04,8,-81.943189059394,2,6
XAUUSDm,B_momo_london_adx18_rr2_atrexp1,momentum,2026-05,2,-19.393968587602362,1,1
XAUUSDm,B_momo_london_adx18_rr2.5_atrexp0,momentum,2025-01,9,-13.340825258457826,3,6
XAUUSDm,B_momo_london_adx18_rr2.5_atrexp0,momentum,2025-02,11,-34.739232414986574,3,8
XAUUSDm,B_momo_london_adx18_rr2.5_atrexp0,momentum,2025-03,10,-36.48561687985388,3,7
XAUUSDm,B_momo_london_adx18_rr2.5_atrexp0,momentum,2025-04,9,-152.65362589546282,1,8
XAUUSDm,B_momo_london_adx18_rr2.5_atrexp0,momentum,2025-05,11,124.28023560445264,5,6
XAUUSDm,B_momo_london_adx18_rr2.5_atrexp0,momentum,2025-06,12,-65.70456332518854,4,8
XAUUSDm,B_momo_london_adx18_rr2.5_atrexp0,momentum,2025-07,10,-132.61089922926192,2,8
XAUUSDm,B_momo_london_adx18_rr2.5_atrexp0,momentum,2025-08,8,-49.51657554800968,3,5
XAUUSDm,B_momo_london_adx18_rr2.5_atrexp0,momentum,2025-09,6,-71.4422698691052,1,5
XAUUSDm,B_momo_london_adx18_rr2.5_atrexp0,momentum,2025-10,9,-59.74323507604606,2,7
XAUUSDm,B_momo_london_adx18_rr2.5_atrexp0,momentum,2025-11,13,-155.56233286912226,2,11
XAUUSDm,B_momo_london_adx18_rr2.5_atrexp0,momentum,2025-12,13,-146.06061430054544,3,10
XAUUSDm,B_momo_london_adx18_rr2.5_atrexp0,momentum,2026-01,6,15.48099295258585,2,4
XAUUSDm,B_momo_london_adx18_rr2.5_atrexp0,momentum,2026-02,5,-99.21412559317781,1,4
XAUUSDm,B_momo_london_adx18_rr2.5_atrexp0,momentum,2026-03,12,-12.129412191068571,4,8
XAUUSDm,B_momo_london_adx18_rr2.5_atrexp0,momentum,2026-04,11,-142.83027338418313,2,9
XAUUSDm,B_momo_london_adx18_rr2.5_atrexp0,momentum,2026-05,3,41.09018801160382,2,1
XAUUSDm,B_momo_london_adx18_rr2.5_atrexp1,momentum,2025-01,8,-46.782503159377285,2,6
XAUUSDm,B_momo_london_adx18_rr2.5_atrexp1,momentum,2025-02,4,24.02795631908737,2,2
XAUUSDm,B_momo_london_adx18_rr2.5_atrexp1,momentum,2025-03,7,48.45056155838071,3,4
XAUUSDm,B_momo_london_adx18_rr2.5_atrexp1,momentum,2025-04,2,-52.94933797319767,0,2
XAUUSDm,B_momo_london_adx18_rr2.5_atrexp1,momentum,2025-05,5,102.05053852072828,3,2
XAUUSDm,B_momo_london_adx18_rr2.5_atrexp1,momentum,2025-06,9,-72.1484886925671,3,6
XAUUSDm,B_momo_london_adx18_rr2.5_atrexp1,momentum,2025-07,7,-104.7799714734359,1,6
XAUUSDm,B_momo_london_adx18_rr2.5_atrexp1,momentum,2025-08,6,-38.929276118487124,2,4
XAUUSDm,B_momo_london_adx18_rr2.5_atrexp1,momentum,2025-09,5,-131.70180967588925,0,5
XAUUSDm,B_momo_london_adx18_rr2.5_atrexp1,momentum,2025-10,6,-67.68184357061259,1,5
XAUUSDm,B_momo_london_adx18_rr2.5_atrexp1,momentum,2025-11,4,-18.17568476150482,1,3
XAUUSDm,B_momo_london_adx18_rr2.5_atrexp1,momentum,2025-12,4,8.461453714377537,2,2
XAUUSDm,B_momo_london_adx18_rr2.5_atrexp1,momentum,2026-01,2,34.92952991249018,1,1
XAUUSDm,B_momo_london_adx18_rr2.5_atrexp1,momentum,2026-02,2,-52.14947933355334,0,2
XAUUSDm,B_momo_london_adx18_rr2.5_atrexp1,momentum,2026-03,6,107.18895707273657,3,3
XAUUSDm,B_momo_london_adx18_rr2.5_atrexp1,momentum,2026-04,8,-69.441939059394,2,6
XAUUSDm,B_momo_london_adx18_rr2.5_atrexp1,momentum,2026-05,2,-19.393968587602362,1,1
XAUUSDm,B_momo_london_adx20_rr1.5_atrexp0,momentum,2025-01,9,-59.52433372417751,3,6
XAUUSDm,B_momo_london_adx20_rr1.5_atrexp0,momentum,2025-02,9,-55.225362454961726,3,6
XAUUSDm,B_momo_london_adx20_rr1.5_atrexp0,momentum,2025-03,9,-81.39442338955911,3,6
XAUUSDm,B_momo_london_adx20_rr1.5_atrexp0,momentum,2025-04,9,-177.65462322311828,1,8
XAUUSDm,B_momo_london_adx20_rr1.5_atrexp0,momentum,2025-05,10,147.31830614907815,6,4
XAUUSDm,B_momo_london_adx20_rr1.5_atrexp0,momentum,2025-06,11,-88.02762179603617,4,7
XAUUSDm,B_momo_london_adx20_rr1.5_atrexp0,momentum,2025-07,8,31.390699736757288,4,4
XAUUSDm,B_momo_london_adx20_rr1.5_atrexp0,momentum,2025-08,7,-90.00137426552902,2,5
XAUUSDm,B_momo_london_adx20_rr1.5_atrexp0,momentum,2025-09,6,-95.78572026157931,1,5
XAUUSDm,B_momo_london_adx20_rr1.5_atrexp0,momentum,2025-10,7,-57.575773006700345,2,5
XAUUSDm,B_momo_london_adx20_rr1.5_atrexp0,momentum,2025-11,9,-99.90867270458371,2,7
XAUUSDm,B_momo_london_adx20_rr1.5_atrexp0,momentum,2025-12,12,-45.60294828900881,5,7
XAUUSDm,B_momo_london_adx20_rr1.5_atrexp0,momentum,2026-01,6,-34.50222045275471,2,4
XAUUSDm,B_momo_london_adx20_rr1.5_atrexp0,momentum,2026-02,4,-8.550372173081854,2,2
XAUUSDm,B_momo_london_adx20_rr1.5_atrexp0,momentum,2026-03,10,-72.25141056014917,3,7
XAUUSDm,B_momo_london_adx20_rr1.5_atrexp0,momentum,2026-04,10,-136.8458097326989,2,8
XAUUSDm,B_momo_london_adx20_rr1.5_atrexp0,momentum,2026-05,3,45.54243784079644,2,1
XAUUSDm,B_momo_london_adx20_rr1.5_atrexp1,momentum,2025-01,8,-95.41774921355625,2,6
XAUUSDm,B_momo_london_adx20_rr1.5_atrexp1,momentum,2025-02,3,26.167296005715926,2,1
XAUUSDm,B_momo_london_adx20_rr1.5_atrexp1,momentum,2025-03,6,3.449545922803072,3,3
XAUUSDm,B_momo_london_adx20_rr1.5_atrexp1,momentum,2025-04,2,-52.95300705586513,0,2
XAUUSDm,B_momo_london_adx20_rr1.5_atrexp1,momentum,2025-05,5,68.67478634591102,3,2
XAUUSDm,B_momo_london_adx20_rr1.5_atrexp1,momentum,2025-06,8,-69.32419311818497,3,5
XAUUSDm,B_momo_london_adx20_rr1.5_atrexp1,momentum,2025-07,5,-11.677951424598444,2,3
XAUUSDm,B_momo_london_adx20_rr1.5_atrexp1,momentum,2025-08,5,-98.06314208856193,1,4
XAUUSDm,B_momo_london_adx20_rr1.5_atrexp1,momentum,2025-09,5,-131.6922167343228,0,5
XAUUSDm,B_momo_london_adx20_rr1.5_atrexp1,momentum,2025-10,4,-40.52256858035738,1,3
XAUUSDm,B_momo_london_adx20_rr1.5_atrexp1,momentum,2025-11,3,-17.434271282373764,1,2
XAUUSDm,B_momo_london_adx20_rr1.5_atrexp1,momentum,2025-12,4,45.956183747490215,3,1
XAUUSDm,B_momo_london_adx20_rr1.5_atrexp1,momentum,2026-01,2,9.92867655129318,1,1
XAUUSDm,B_momo_london_adx20_rr1.5_atrexp1,momentum,2026-02,2,10.359154036647919,1,1
XAUUSDm,B_momo_london_adx20_rr1.5_atrexp1,momentum,2026-03,4,22.074913841698887,2,2
XAUUSDm,B_momo_london_adx20_rr1.5_atrexp1,momentum,2026-04,8,-84.63638856358807,2,6
XAUUSDm,B_momo_london_adx20_rr1.5_atrexp1,momentum,2026-05,2,10.062597407959881,1,1
XAUUSDm,B_momo_london_adx20_rr2_atrexp0,momentum,2025-01,9,-35.9330331386584,3,6
XAUUSDm,B_momo_london_adx20_rr2_atrexp0,momentum,2025-02,9,-17.72661245496375,3,6
XAUUSDm,B_momo_london_adx20_rr2_atrexp0,momentum,2025-03,9,-56.3969233895593,3,6
XAUUSDm,B_momo_london_adx20_rr2_atrexp0,momentum,2025-04,9,-165.15337322311828,1,8
XAUUSDm,B_momo_london_adx20_rr2_atrexp0,momentum,2025-05,10,131.12347802000616,5,5
XAUUSDm,B_momo_london_adx20_rr2_atrexp0,momentum,2025-06,11,-63.02762179603535,4,7
XAUUSDm,B_momo_london_adx20_rr2_atrexp0,momentum,2025-07,8,-49.059102910248114,2,6
XAUUSDm,B_momo_london_adx20_rr2_atrexp0,momentum,2025-08,7,-108.76440506136024,2,5
XAUUSDm,B_momo_london_adx20_rr2_atrexp0,momentum,2025-09,6,-83.28697026157931,1,5
XAUUSDm,B_momo_london_adx20_rr2_atrexp0,momentum,2025-10,7,-32.57327300670073,2,5
XAUUSDm,B_momo_london_adx20_rr2_atrexp0,momentum,2025-11,9,-74.90867270458529,2,7
XAUUSDm,B_momo_london_adx20_rr2_atrexp0,momentum,2025-12,12,-70.58339481666566,4,8
XAUUSDm,B_momo_london_adx20_rr2_atrexp0,momentum,2026-01,6,-9.502220452755864,2,4
XAUUSDm,B_momo_london_adx20_rr2_atrexp0,momentum,2026-02,4,-71.05662217308239,1,3
XAUUSDm,B_momo_london_adx20_rr2_atrexp0,momentum,2026-03,10,-34.74766056014802,3,7
XAUUSDm,B_momo_london_adx20_rr2_atrexp0,momentum,2026-04,10,-134.17245368941946,2,8
XAUUSDm,B_momo_london_adx20_rr2_atrexp0,momentum,2026-05,3,28.572663707551797,2,1
XAUUSDm,B_momo_london_adx20_rr2_atrexp1,momentum,2025-01,8,-70.42024921355625,2,6
XAUUSDm,B_momo_london_adx20_rr2_atrexp1,momentum,2025-02,3,38.66604600571593,2,1
XAUUSDm,B_momo_london_adx20_rr2_atrexp1,momentum,2025-03,6,28.447045922802207,3,3
XAUUSDm,B_momo_london_adx20_rr2_atrexp1,momentum,2025-04,2,-52.95300705586513,0,2
XAUUSDm,B_momo_london_adx20_rr2_atrexp1,momentum,2025-05,5,106.17353634591045,3,2
XAUUSDm,B_momo_london_adx20_rr2_atrexp1,momentum,2025-06,8,-56.822943118184966,3,5
XAUUSDm,B_momo_london_adx20_rr2_atrexp1,momentum,2025-07,5,-61.670451424599506,1,4
XAUUSDm,B_momo_london_adx20_rr2_atrexp1,momentum,2025-08,5,-98.06314208856193,1,4
XAUUSDm,B_momo_london_adx20_rr2_atrexp1,momentum,2025-09,5,-131.6922167343228,0,5
XAUUSDm,B_momo_london_adx20_rr2_atrexp1,momentum,2025-10,4,-28.021318580357374,1,3
XAUUSDm,B_momo_london_adx20_rr2_atrexp1,momentum,2025-11,3,-4.933021282375343,1,2
XAUUSDm,B_momo_london_adx20_rr2_atrexp1,momentum,2025-12,4,-4.051316252509867,2,2
XAUUSDm,B_momo_london_adx20_rr2_atrexp1,momentum,2026-01,2,22.427426551293173,1,1
XAUUSDm,B_momo_london_adx20_rr2_atrexp1,momentum,2026-02,2,-52.147095963352086,0,2
XAUUSDm,B_momo_london_adx20_rr2_atrexp1,momentum,2026-03,4,47.07741384169906,2,2
XAUUSDm,B_momo_london_adx20_rr2_atrexp1,momentum,2026-04,8,-82.01070261982514,2,6
XAUUSDm,B_momo_london_adx20_rr2_atrexp1,momentum,2026-05,2,-19.314575018731368,1,1
XAUUSDm,B_momo_london_adx20_rr2.5_atrexp0,momentum,2025-01,9,-10.935533138657462,3,6
XAUUSDm,B_momo_london_adx20_rr2.5_atrexp0,momentum,2025-02,9,19.77213754503424,3,6
XAUUSDm,B_momo_london_adx20_rr2.5_atrexp0,momentum,2025-03,9,-31.399423389559495,3,6
XAUUSDm,B_momo_london_adx20_rr2.5_atrexp0,momentum,2025-04,9,-152.65212322311828,1,8
XAUUSDm,B_momo_london_adx20_rr2.5_atrexp0,momentum,2025-05,10,150.5347647543437,5,5
XAUUSDm,B_momo_london_adx20_rr2.5_atrexp0,momentum,2025-06,11,-38.027621796034495,4,7
XAUUSDm,B_momo_london_adx20_rr2.5_atrexp0,momentum,2025-07,8,-77.05796953047223,2,6
XAUUSDm,B_momo_london_adx20_rr2.5_atrexp0,momentum,2025-08,7,-108.76440506136024,2,5
XAUUSDm,B_momo_london_adx20_rr2.5_atrexp0,momentum,2025-09,6,-70.78822026157931,1,5
XAUUSDm,B_momo_london_adx20_rr2.5_atrexp0,momentum,2025-10,7,-7.570773006701113,2,5
XAUUSDm,B_momo_london_adx20_rr2.5_atrexp0,momentum,2025-11,9,-49.90867270458688,2,7
XAUUSDm,B_momo_london_adx20_rr2.5_atrexp0,momentum,2025-12,12,-120.32668597859562,3,9
XAUUSDm,B_momo_london_adx20_rr2.5_atrexp0,momentum,2026-01,6,15.497779547242985,2,4
XAUUSDm,B_momo_london_adx20_rr2.5_atrexp0,momentum,2026-02,4,-71.05662217308239,1,3
XAUUSDm,B_momo_london_adx20_rr2.5_atrexp0,momentum,2026-03,10,-47.35583543892298,3,7
XAUUSDm,B_momo_london_adx20_rr2.5_atrexp0,momentum,2026-04,10,-121.67120368941944,2,8
XAUUSDm,B_momo_london_adx20_rr2.5_atrexp0,momentum,2026-05,3,41.07391370755282,2,1
XAUUSDm,B_momo_london_adx20_rr2.5_atrexp1,momentum,2025-01,8,-45.42274921355626,2,6
XAUUSDm,B_momo_london_adx20_rr2.5_atrexp1,momentum,2025-02,3,51.16479600571593,2,1
XAUUSDm,B_momo_london_adx20_rr2.5_atrexp1,momentum,2025-03,6,53.44454592280134,3,3
XAUUSDm,B_momo_london_adx20_rr2.5_atrexp1,momentum,2025-04,2,-52.95300705586513,0,2
XAUUSDm,B_momo_london_adx20_rr2.5_atrexp1,momentum,2025-05,5,101.87880110246464,3,2
XAUUSDm,B_momo_london_adx20_rr2.5_atrexp1,momentum,2025-06,8,-44.321693118184974,3,5
XAUUSDm,B_momo_london_adx20_rr2.5_atrexp1,momentum,2025-07,5,-49.16920142459951,1,4
XAUUSDm,B_momo_london_adx20_rr2.5_atrexp1,momentum,2025-08,5,-98.06314208856193,1,4
XAUUSDm,B_momo_london_adx20_rr2.5_atrexp1,momentum,2025-09,5,-131.6922167343228,0,5
XAUUSDm,B_momo_london_adx20_rr2.5_atrexp1,momentum,2025-10,4,-15.520068580357382,1,3
XAUUSDm,B_momo_london_adx20_rr2.5_atrexp1,momentum,2025-11,3,7.568228717623093,1,2
XAUUSDm,B_momo_london_adx20_rr2.5_atrexp1,momentum,2025-12,4,8.44743374748914,2,2
XAUUSDm,B_momo_london_adx20_rr2.5_atrexp1,momentum,2026-01,2,34.92617655129317,1,1
XAUUSDm,B_momo_london_adx20_rr2.5_atrexp1,momentum,2026-02,2,-52.147095963352086,0,2
XAUUSDm,B_momo_london_adx20_rr2.5_atrexp1,momentum,2026-03,4,72.07991384169922,2,2
XAUUSDm,B_momo_london_adx20_rr2.5_atrexp1,momentum,2026-04,8,-69.50945261982514,2,6
XAUUSDm,B_momo_london_adx20_rr2.5_atrexp1,momentum,2026-05,2,-19.314575018731368,1,1
XAUUSDm,B_momo_london_adx25_rr1.5_atrexp0,momentum,2025-01,7,-130.46543763682223,1,6
XAUUSDm,B_momo_london_adx25_rr1.5_atrexp0,momentum,2025-02,8,-90.91894409920911,2,6
XAUUSDm,B_momo_london_adx25_rr1.5_atrexp0,momentum,2025-03,4,14.182177499327565,2,2
XAUUSDm,B_momo_london_adx25_rr1.5_atrexp0,momentum,2025-04,6,-97.9723415391003,1,5
XAUUSDm,B_momo_london_adx25_rr1.5_atrexp0,momentum,2025-05,8,137.55997507603948,5,3
XAUUSDm,B_momo_london_adx25_rr1.5_atrexp0,momentum,2025-06,7,-42.188977499226695,3,4
XAUUSDm,B_momo_london_adx25_rr1.5_atrexp0,momentum,2025-07,6,25.336872259974875,3,3
XAUUSDm,B_momo_london_adx25_rr1.5_atrexp0,momentum,2025-08,3,-19.433887894466512,1,2
XAUUSDm,B_momo_london_adx25_rr1.5_atrexp0,momentum,2025-09,4,-105.17680877015435,0,4
XAUUSDm,B_momo_london_adx25_rr1.5_atrexp0,momentum,2025-10,6,-31.174456601480774,2,4
XAUUSDm,B_momo_london_adx25_rr1.5_atrexp0,momentum,2025-11,4,-45.61928158962289,1,3
XAUUSDm,B_momo_london_adx25_rr1.5_atrexp0,momentum,2025-12,9,-56.499717567317575,3,6
XAUUSDm,B_momo_london_adx25_rr1.5_atrexp0,momentum,2026-01,6,-34.513114204176254,2,4
XAUUSDm,B_momo_london_adx25_rr1.5_atrexp0,momentum,2026-02,1,36.34470852495496,1,0
XAUUSDm,B_momo_london_adx25_rr1.5_atrexp0,momentum,2026-03,5,-3.1021038818308035,2,3
XAUUSDm,B_momo_london_adx25_rr1.5_atrexp0,momentum,2026-04,6,-74.64755170877068,1,5
XAUUSDm,B_momo_london_adx25_rr1.5_atrexp0,momentum,2026-05,2,9.780160974538163,1,1
XAUUSDm,B_momo_london_adx25_rr1.5_atrexp1,momentum,2025-01,6,-102.77457643581047,1,5
XAUUSDm,B_momo_london_adx25_rr1.5_atrexp1,momentum,2025-02,3,26.090355406898855,2,1
XAUUSDm,B_momo_london_adx25_rr1.5_atrexp1,momentum,2025-03,3,44.232194767795654,2,1
XAUUSDm,B_momo_london_adx25_rr1.5_atrexp1,momentum,2025-04,2,-52.94862409585572,0,2
XAUUSDm,B_momo_london_adx25_rr1.5_atrexp1,momentum,2025-05,4,32.13664167146415,2,2
XAUUSDm,B_momo_london_adx25_rr1.5_atrexp1,momentum,2025-06,6,-15.438580963413884,3,3
XAUUSDm,B_momo_london_adx25_rr1.5_atrexp1,momentum,2025-07,4,-46.016915443884415,1,3
XAUUSDm,B_momo_london_adx25_rr1.5_atrexp1,momentum,2025-08,1,-27.52008684939255,0,1
XAUUSDm,B_momo_london_adx25_rr1.5_atrexp1,momentum,2025-09,4,-105.16205370181788,0,4
XAUUSDm,B_momo_london_adx25_rr1.5_atrexp1,momentum,2025-10,3,-14.383871490788682,1,2
XAUUSDm,B_momo_london_adx25_rr1.5_atrexp1,momentum,2025-11,2,8.582872861364287,1,1
XAUUSDm,B_momo_london_adx25_rr1.5_atrexp1,momentum,2025-12,3,45.361678963887606,2,1
XAUUSDm,B_momo_london_adx25_rr1.5_atrexp1,momentum,2026-01,2,9.943535117866329,1,1
XAUUSDm,B_momo_london_adx25_rr1.5_atrexp1,momentum,2026-02,1,36.34341792642251,1,0
XAUUSDm,B_momo_london_adx25_rr1.5_atrexp1,momentum,2026-03,4,22.073458558799608,2,2
XAUUSDm,B_momo_london_adx25_rr1.5_atrexp1,momentum,2026-04,5,-48.82583349270914,1,4
XAUUSDm,B_momo_london_adx25_rr1.5_atrexp1,momentum,2026-05,1,-26.240936067707437,0,1
XAUUSDm,B_momo_london_adx25_rr2_atrexp0,momentum,2025-01,7,-117.96668763682224,1,6
XAUUSDm,B_momo_london_adx25_rr2_atrexp0,momentum,2025-02,8,-65.92144409920911,2,6
XAUUSDm,B_momo_london_adx25_rr2_atrexp0,momentum,2025-03,4,39.1796774993267,2,2
XAUUSDm,B_momo_london_adx25_rr2_atrexp0,momentum,2025-04,6,-85.4710915390996,1,5
XAUUSDm,B_momo_london_adx25_rr2_atrexp0,momentum,2025-05,8,108.90587250640733,4,4
XAUUSDm,B_momo_london_adx25_rr2_atrexp0,momentum,2025-06,7,-29.687727499226696,3,4
XAUUSDm,B_momo_london_adx25_rr2_atrexp0,momentum,2025-07,6,7.415340041572918,2,4
XAUUSDm,B_momo_london_adx25_rr2_atrexp0,momentum,2025-08,3,-38.1512307593438,1,2
XAUUSDm,B_momo_london_adx25_rr2_atrexp0,momentum,2025-09,4,-105.17680877015435,0,4
XAUUSDm,B_momo_london_adx25_rr2_atrexp0,momentum,2025-10,6,-6.171956601480975,2,4
XAUUSDm,B_momo_london_adx25_rr2_atrexp0,momentum,2025-11,4,-33.11803158962131,1,3
XAUUSDm,B_momo_london_adx25_rr2_atrexp0,momentum,2025-12,9,-94.00846756731823,2,7
XAUUSDm,B_momo_london_adx25_rr2_atrexp0,momentum,2026-01,6,-9.513114204177413,2,4
XAUUSDm,B_momo_london_adx25_rr2_atrexp0,momentum,2026-02,1,-26.161541475045567,0,1
XAUUSDm,B_momo_london_adx25_rr2_atrexp0,momentum,2026-03,5,21.900396118169187,2,3
XAUUSDm,B_momo_london_adx25_rr2_atrexp0,momentum,2026-04,6,-62.14630170877068,1,5
XAUUSDm,B_momo_london_adx25_rr2_atrexp0,momentum,2026-05,2,22.281410974537422,1,1
XAUUSDm,B_momo_london_adx25_rr2_atrexp1,momentum,2025-01,6,-90.27582643581047,1,5
XAUUSDm,B_momo_london_adx25_rr2_atrexp1,momentum,2025-02,3,38.58910540689885,2,1
XAUUSDm,B_momo_london_adx25_rr2_atrexp1,momentum,2025-03,3,69.22969476779565,2,1
XAUUSDm,B_momo_london_adx25_rr2_atrexp1,momentum,2025-04,2,-52.94862409585572,0,2
XAUUSDm,B_momo_london_adx25_rr2_atrexp1,momentum,2025-05,4,57.1366416714645,2,2
XAUUSDm,B_momo_london_adx25_rr2_atrexp1,momentum,2025-06,6,-2.937330963414496,3,3
XAUUSDm,B_momo_london_adx25_rr2_atrexp1,momentum,2025-07,4,-33.515665443884416,1,3
XAUUSDm,B_momo_london_adx25_rr2_atrexp1,momentum,2025-08,1,-27.52008684939255,0,1
XAUUSDm,B_momo_london_adx25_rr2_atrexp1,momentum,2025-09,4,-105.16205370181788,0,4
XAUUSDm,B_momo_london_adx25_rr2_atrexp1,momentum,2025-10,3,-1.882621490788683,1,2
XAUUSDm,B_momo_london_adx25_rr2_atrexp1,momentum,2025-11,2,21.084122861362715,1,1
XAUUSDm,B_momo_london_adx25_rr2_atrexp1,momentum,2025-12,3,-4.645821036112466,1,2
XAUUSDm,B_momo_london_adx25_rr2_atrexp1,momentum,2026-01,2,22.442285117866323,1,1
XAUUSDm,B_momo_london_adx25_rr2_atrexp1,momentum,2026-02,1,-26.16283207357696,0,1
XAUUSDm,B_momo_london_adx25_rr2_atrexp1,momentum,2026-03,4,47.07595855880003,2,2
XAUUSDm,B_momo_london_adx25_rr2_atrexp1,momentum,2026-04,5,-36.32458349270854,1,4
XAUUSDm,B_momo_london_adx25_rr2_atrexp1,momentum,2026-05,1,-26.240936067707437,0,1
XAUUSDm,B_momo_london_adx25_rr2.5_atrexp0,momentum,2025-01,7,-105.46793763682224,1,6
XAUUSDm,B_momo_london_adx25_rr2.5_atrexp0,momentum,2025-02,8,-40.92394409920911,2,6
XAUUSDm,B_momo_london_adx25_rr2.5_atrexp0,momentum,2025-03,4,64.17717749932584,2,2
XAUUSDm,B_momo_london_adx25_rr2.5_atrexp0,momentum,2025-04,6,-72.9698415390989,1,5
XAUUSDm,B_momo_london_adx25_rr2.5_atrexp0,momentum,2025-05,8,115.80700337211343,4,4
XAUUSDm,B_momo_london_adx25_rr2.5_atrexp0,momentum,2025-06,7,-17.186477499226697,3,4
XAUUSDm,B_momo_london_adx25_rr2.5_atrexp0,momentum,2025-07,6,-20.559225452969834,2,4
XAUUSDm,B_momo_london_adx25_rr2.5_atrexp0,momentum,2025-08,3,-38.1512307593438,1,2
XAUUSDm,B_momo_london_adx25_rr2.5_atrexp0,momentum,2025-09,4,-105.17680877015435,0,4
XAUUSDm,B_momo_london_adx25_rr2.5_atrexp0,momentum,2025-10,6,4.21785445136717,2,4
XAUUSDm,B_momo_london_adx25_rr2.5_atrexp0,momentum,2025-11,4,-20.616781589619734,1,3
XAUUSDm,B_momo_london_adx25_rr2.5_atrexp0,momentum,2025-12,9,-156.25197835996647,1,8
XAUUSDm,B_momo_london_adx25_rr2.5_atrexp0,momentum,2026-01,6,15.486885795821422,2,4
XAUUSDm,B_momo_london_adx25_rr2.5_atrexp0,momentum,2026-02,1,-26.161541475045567,0,1
XAUUSDm,B_momo_london_adx25_rr2.5_atrexp0,momentum,2026-03,5,46.90289611816918,2,3
XAUUSDm,B_momo_london_adx25_rr2.5_atrexp0,momentum,2026-04,6,-49.64505170877068,1,5
XAUUSDm,B_momo_london_adx25_rr2.5_atrexp0,momentum,2026-05,2,34.7826609745367,1,1
XAUUSDm,B_momo_london_adx25_rr2.5_atrexp1,momentum,2025-01,6,-77.77707643581047,1,5
XAUUSDm,B_momo_london_adx25_rr2.5_atrexp1,momentum,2025-02,3,51.08785540689887,2,1
XAUUSDm,B_momo_london_adx25_rr2.5_atrexp1,momentum,2025-03,3,94.22719476779565,2,1
XAUUSDm,B_momo_london_adx25_rr2.5_atrexp1,momentum,2025-04,2,-52.94862409585572,0,2
XAUUSDm,B_momo_london_adx25_rr2.5_atrexp1,momentum,2025-05,4,40.500790202568396,2,2
XAUUSDm,B_momo_london_adx25_rr2.5_atrexp1,momentum,2025-06,6,9.563919036584906,3,3
XAUUSDm,B_momo_london_adx25_rr2.5_atrexp1,momentum,2025-07,4,-21.01441544388442,1,3
XAUUSDm,B_momo_london_adx25_rr2.5_atrexp1,momentum,2025-08,1,-27.52008684939255,0,1
XAUUSDm,B_momo_london_adx25_rr2.5_atrexp1,momentum,2025-09,4,-105.16205370181788,0,4
XAUUSDm,B_momo_london_adx25_rr2.5_atrexp1,momentum,2025-10,3,10.618628509211316,1,2
XAUUSDm,B_momo_london_adx25_rr2.5_atrexp1,momentum,2025-11,2,33.58537286136113,1,1
XAUUSDm,B_momo_london_adx25_rr2.5_atrexp1,momentum,2025-12,3,7.852928963886548,1,2
XAUUSDm,B_momo_london_adx25_rr2.5_atrexp1,momentum,2026-01,2,34.94103511786632,1,1
XAUUSDm,B_momo_london_adx25_rr2.5_atrexp1,momentum,2026-02,1,-26.16283207357696,0,1
XAUUSDm,B_momo_london_adx25_rr2.5_atrexp1,momentum,2026-03,4,72.07845855880043,2,2
XAUUSDm,B_momo_london_adx25_rr2.5_atrexp1,momentum,2026-04,5,-23.823333492707928,1,4
XAUUSDm,B_momo_london_adx25_rr2.5_atrexp1,momentum,2026-05,1,-26.240936067707437,0,1
XAUUSDm,B_momo_ny_adx18_rr1.5_atrexp0,momentum,2025-01,19,171.24373139165357,12,7
XAUUSDm,B_momo_ny_adx18_rr1.5_atrexp0,momentum,2025-02,15,27.331595974231135,6,9
XAUUSDm,B_momo_ny_adx18_rr1.5_atrexp0,momentum,2025-03,13,-52.47428546987524,4,9
XAUUSDm,B_momo_ny_adx18_rr1.5_atrexp0,momentum,2025-04,15,-29.75271443432932,6,9
XAUUSDm,B_momo_ny_adx18_rr1.5_atrexp0,momentum,2025-05,17,-34.844513371790825,7,10
XAUUSDm,B_momo_ny_adx18_rr1.5_atrexp0,momentum,2025-06,18,-53.72339265098575,8,10
XAUUSDm,B_momo_ny_adx18_rr1.5_atrexp0,momentum,2025-07,17,116.15400503174473,10,7
XAUUSDm,B_momo_ny_adx18_rr1.5_atrexp0,momentum,2025-08,18,31.14539734896759,10,8
XAUUSDm,B_momo_ny_adx18_rr1.5_atrexp0,momentum,2025-09,13,41.85380908521292,6,7
XAUUSDm,B_momo_ny_adx18_rr1.5_atrexp0,momentum,2025-10,16,145.37926359902843,9,7
XAUUSDm,B_momo_ny_adx18_rr1.5_atrexp0,momentum,2025-11,10,-46.26313512055218,3,7
XAUUSDm,B_momo_ny_adx18_rr1.5_atrexp0,momentum,2025-12,17,-77.03245951896567,5,12
XAUUSDm,B_momo_ny_adx18_rr1.5_atrexp0,momentum,2026-01,12,-39.37086703097132,4,8
XAUUSDm,B_momo_ny_adx18_rr1.5_atrexp0,momentum,2026-02,13,-69.50228728620988,4,9
XAUUSDm,B_momo_ny_adx18_rr1.5_atrexp0,momentum,2026-03,14,177.7123761406608,10,4
XAUUSDm,B_momo_ny_adx18_rr1.5_atrexp0,momentum,2026-04,14,-210.95647303865837,3,11
XAUUSDm,B_momo_ny_adx18_rr1.5_atrexp0,momentum,2026-05,1,6.821939629398287,1,0
XAUUSDm,B_momo_ny_adx18_rr1.5_atrexp1,momentum,2025-01,16,104.89318965075157,10,6
XAUUSDm,B_momo_ny_adx18_rr1.5_atrexp1,momentum,2025-02,11,-42.60560367255798,3,8
XAUUSDm,B_momo_ny_adx18_rr1.5_atrexp1,momentum,2025-03,10,31.338025129306654,4,6
XAUUSDm,B_momo_ny_adx18_rr1.5_atrexp1,momentum,2025-04,14,-74.1486738114447,5,9
XAUUSDm,B_momo_ny_adx18_rr1.5_atrexp1,momentum,2025-05,14,-18.648980655332714,6,8
XAUUSDm,B_momo_ny_adx18_rr1.5_atrexp1,momentum,2025-06,14,-13.28453144064573,7,7
XAUUSDm,B_momo_ny_adx18_rr1.5_atrexp1,momentum,2025-07,16,110.70060286062485,9,7
XAUUSDm,B_momo_ny_adx18_rr1.5_atrexp1,momentum,2025-08,17,40.322472797629615,10,7
XAUUSDm,B_momo_ny_adx18_rr1.5_atrexp1,momentum,2025-09,13,41.86308852628894,6,7
XAUUSDm,B_momo_ny_adx18_rr1.5_atrexp1,momentum,2025-10,11,108.80836455740541,6,5
XAUUSDm,B_momo_ny_adx18_rr1.5_atrexp1,momentum,2025-11,7,-86.35321086683194,1,6
XAUUSDm,B_momo_ny_adx18_rr1.5_atrexp1,momentum,2025-12,14,-85.76766937495638,4,10
XAUUSDm,B_momo_ny_adx18_rr1.5_atrexp1,momentum,2026-01,10,-49.0375230600265,3,7
XAUUSDm,B_momo_ny_adx18_rr1.5_atrexp1,momentum,2026-02,8,-52.10803332574141,3,5
XAUUSDm,B_momo_ny_adx18_rr1.5_atrexp1,momentum,2026-03,14,177.93124875057947,10,4
XAUUSDm,B_momo_ny_adx18_rr1.5_atrexp1,momentum,2026-04,13,-212.28318592493665,2,11
XAUUSDm,B_momo_ny_adx18_rr1.5_atrexp1,momentum,2026-05,1,6.870700587826483,1,0
XAUUSDm,B_momo_ny_adx18_rr2_atrexp0,momentum,2025-01,19,121.24373139165559,10,9
XAUUSDm,B_momo_ny_adx18_rr2_atrexp0,momentum,2025-02,14,113.00992626103219,6,8
XAUUSDm,B_momo_ny_adx18_rr2_atrexp0,momentum,2025-03,13,-89.97054414052108,3,10
XAUUSDm,B_momo_ny_adx18_rr2_atrexp0,momentum,2025-04,15,-155.74184544561632,4,11
XAUUSDm,B_momo_ny_adx18_rr2_atrexp0,momentum,2025-05,17,-4.331521517812007,7,10
XAUUSDm,B_momo_ny_adx18_rr2_atrexp0,momentum,2025-06,17,-72.10814078444726,8,9
XAUUSDm,B_momo_ny_adx18_rr2_atrexp0,momentum,2025-07,16,202.1767966398831,10,6
XAUUSDm,B_momo_ny_adx18_rr2_atrexp0,momentum,2025-08,17,79.99611784065755,10,7
XAUUSDm,B_momo_ny_adx18_rr2_atrexp0,momentum,2025-09,12,37.51087777113077,5,7
XAUUSDm,B_momo_ny_adx18_rr2_atrexp0,momentum,2025-10,16,103.7468823868762,8,8
XAUUSDm,B_momo_ny_adx18_rr2_atrexp0,momentum,2025-11,10,-27.698349960545087,3,7
XAUUSDm,B_momo_ny_adx18_rr2_atrexp0,momentum,2025-12,16,-34.644209585211534,5,11
XAUUSDm,B_momo_ny_adx18_rr2_atrexp0,momentum,2026-01,11,-0.08124284076676958,4,7
XAUUSDm,B_momo_ny_adx18_rr2_atrexp0,momentum,2026-02,11,-92.78925438433095,2,9
XAUUSDm,B_momo_ny_adx18_rr2_atrexp0,momentum,2026-03,14,130.77543067915346,8,6
XAUUSDm,B_momo_ny_adx18_rr2_atrexp0,momentum,2026-04,14,-198.52585069712518,3,11
XAUUSDm,B_momo_ny_adx18_rr2_atrexp0,momentum,2026-05,1,6.794105626695585,1,0
XAUUSDm,B_momo_ny_adx18_rr2_atrexp1,momentum,2025-01,15,43.6207638446624,8,7
XAUUSDm,B_momo_ny_adx18_rr2_atrexp1,momentum,2025-02,10,-68.73908801514457,2,8
XAUUSDm,B_momo_ny_adx18_rr2_atrexp1,momentum,2025-03,11,-32.65671907334936,3,8
XAUUSDm,B_momo_ny_adx18_rr2_atrexp1,momentum,2025-04,14,-137.75964648361295,4,10
XAUUSDm,B_momo_ny_adx18_rr2_atrexp1,momentum,2025-05,14,-0.7196965118653011,6,8
XAUUSDm,B_momo_ny_adx18_rr2_atrexp1,momentum,2025-06,14,-23.710780372653787,7,7
XAUUSDm,B_momo_ny_adx18_rr2_atrexp1,momentum,2025-07,15,158.34537599019723,9,6
XAUUSDm,B_momo_ny_adx18_rr2_atrexp1,momentum,2025-08,16,89.23543806739886,10,6
XAUUSDm,B_momo_ny_adx18_rr2_atrexp1,momentum,2025-09,12,37.37699636447969,5,7
XAUUSDm,B_momo_ny_adx18_rr2_atrexp1,momentum,2025-10,11,92.73380648334623,6,5
XAUUSDm,B_momo_ny_adx18_rr2_atrexp1,momentum,2025-11,7,-80.42707545845434,1,6
XAUUSDm,B_momo_ny_adx18_rr2_atrexp1,momentum,2025-12,13,-50.90460774415408,4,9
XAUUSDm,B_momo_ny_adx18_rr2_atrexp1,momentum,2026-01,9,-22.32705535322779,3,6
XAUUSDm,B_momo_ny_adx18_rr2_atrexp1,momentum,2026-02,7,-151.26583939400277,1,6
XAUUSDm,B_momo_ny_adx18_rr2_atrexp1,momentum,2026-03,14,130.682235347686,8,6
XAUUSDm,B_momo_ny_adx18_rr2_atrexp1,momentum,2026-04,13,-199.92911659460674,2,11
XAUUSDm,B_momo_ny_adx18_rr2_atrexp1,momentum,2026-05,1,6.923813672080963,1,0
XAUUSDm,B_momo_ny_adx18_rr2.5_atrexp0,momentum,2025-01,18,74.55746793054305,9,9
XAUUSDm,B_momo_ny_adx18_rr2.5_atrexp0,momentum,2025-02,12,-34.74131639966016,3,9
XAUUSDm,B_momo_ny_adx18_rr2.5_atrexp0,momentum,2025-03,14,-158.73098412689825,2,12
XAUUSDm,B_momo_ny_adx18_rr2.5_atrexp0,momentum,2025-04,15,-155.67040380039094,4,11
XAUUSDm,B_momo_ny_adx18_rr2.5_atrexp0,momentum,2025-05,17,-81.00820186369826,6,11
XAUUSDm,B_momo_ny_adx18_rr2.5_atrexp0,momentum,2025-06,17,-162.54044289209304,7,10
XAUUSDm,B_momo_ny_adx18_rr2.5_atrexp0,momentum,2025-07,16,210.4161761012488,10,6
XAUUSDm,B_momo_ny_adx18_rr2.5_atrexp0,momentum,2025-08,16,144.2063844501968,10,6
XAUUSDm,B_momo_ny_adx18_rr2.5_atrexp0,momentum,2025-09,12,62.628983130246894,5,7
XAUUSDm,B_momo_ny_adx18_rr2.5_atrexp0,momentum,2025-10,16,147.73415395246153,7,9
XAUUSDm,B_momo_ny_adx18_rr2.5_atrexp0,momentum,2025-11,10,-2.7749655557973156,3,7
XAUUSDm,B_momo_ny_adx18_rr2.5_atrexp0,momentum,2025-12,15,14.10008248757557,5,10
XAUUSDm,B_momo_ny_adx18_rr2.5_atrexp0,momentum,2026-01,11,37.34716663038969,4,7
XAUUSDm,B_momo_ny_adx18_rr2.5_atrexp0,momentum,2026-02,11,-125.03184048507693,2,9
XAUUSDm,B_momo_ny_adx18_rr2.5_atrexp0,momentum,2026-03,14,154.3052636101672,8,6
XAUUSDm,B_momo_ny_adx18_rr2.5_atrexp0,momentum,2026-04,14,-203.17395791170765,3,11
XAUUSDm,B_momo_ny_adx18_rr2.5_atrexp0,momentum,2026-05,1,6.848739716301248,1,0
XAUUSDm,B_momo_ny_adx18_rr2.5_atrexp1,momentum,2025-01,15,-117.18722696405588,6,9
XAUUSDm,B_momo_ny_adx18_rr2.5_atrexp1,momentum,2025-02,10,-56.237838015144575,2,8
XAUUSDm,B_momo_ny_adx18_rr2.5_atrexp1,momentum,2025-03,11,-74.92904453813819,2,9
XAUUSDm,B_momo_ny_adx18_rr2.5_atrexp1,momentum,2025-04,14,-137.75964648361295,4,10
XAUUSDm,B_momo_ny_adx18_rr2.5_atrexp1,momentum,2025-05,14,-89.96834805485737,5,9
XAUUSDm,B_momo_ny_adx18_rr2.5_atrexp1,momentum,2025-06,14,-114.1072477198619,6,8
XAUUSDm,B_momo_ny_adx18_rr2.5_atrexp1,momentum,2025-07,15,171.2831977040946,9,6
XAUUSDm,B_momo_ny_adx18_rr2.5_atrexp1,momentum,2025-08,15,153.44926074727914,10,5
XAUUSDm,B_momo_ny_adx18_rr2.5_atrexp1,momentum,2025-09,12,62.404313765290375,5,7
XAUUSDm,B_momo_ny_adx18_rr2.5_atrexp1,momentum,2025-10,11,130.4526196255221,6,5
XAUUSDm,B_momo_ny_adx18_rr2.5_atrexp1,momentum,2025-11,7,-67.8194491824741,1,6
XAUUSDm,B_momo_ny_adx18_rr2.5_atrexp1,momentum,2025-12,12,-48.17351346816105,4,8
XAUUSDm,B_momo_ny_adx18_rr2.5_atrexp1,momentum,2026-01,9,2.6864604675521804,3,6
XAUUSDm,B_momo_ny_adx18_rr2.5_atrexp1,momentum,2026-02,7,-151.37942430637952,1,6
XAUUSDm,B_momo_ny_adx18_rr2.5_atrexp1,momentum,2026-03,14,154.11693754185146,8,6
XAUUSDm,B_momo_ny_adx18_rr2.5_atrexp1,momentum,2026-04,13,-204.55707294232624,2,11
XAUUSDm,B_momo_ny_adx18_rr2.5_atrexp1,momentum,2026-05,1,6.8163011044259,1,0
XAUUSDm,B_momo_ny_adx20_rr1.5_atrexp0,momentum,2025-01,17,63.92981516285373,9,8
XAUUSDm,B_momo_ny_adx20_rr1.5_atrexp0,momentum,2025-02,14,39.60715706880441,6,8
XAUUSDm,B_momo_ny_adx20_rr1.5_atrexp0,momentum,2025-03,8,-119.04617386566329,1,7
XAUUSDm,B_momo_ny_adx20_rr1.5_atrexp0,momentum,2025-04,15,-30.11222065061732,6,9
XAUUSDm,B_momo_ny_adx20_rr1.5_atrexp0,momentum,2025-05,14,-41.587375193135586,6,8
XAUUSDm,B_momo_ny_adx20_rr1.5_atrexp0,momentum,2025-06,14,-43.83196643788806,5,9
XAUUSDm,B_momo_ny_adx20_rr1.5_atrexp0,momentum,2025-07,17,78.6165762541406,9,8
XAUUSDm,B_momo_ny_adx20_rr1.5_atrexp0,momentum,2025-08,16,41.10513246257108,9,7
XAUUSDm,B_momo_ny_adx20_rr1.5_atrexp0,momentum,2025-09,10,-28.718858678592017,3,7
XAUUSDm,B_momo_ny_adx20_rr1.5_atrexp0,momentum,2025-10,13,118.82154840124419,7,6
XAUUSDm,B_momo_ny_adx20_rr1.5_atrexp0,momentum,2025-11,10,-71.43377763148212,3,7
XAUUSDm,B_momo_ny_adx20_rr1.5_atrexp0,momentum,2025-12,15,-108.98325614023491,4,11
XAUUSDm,B_momo_ny_adx20_rr1.5_atrexp0,momentum,2026-01,11,-14.315932210806956,4,7
XAUUSDm,B_momo_ny_adx20_rr1.5_atrexp0,momentum,2026-02,12,-43.503551896727586,4,8
XAUUSDm,B_momo_ny_adx20_rr1.5_atrexp0,momentum,2026-03,11,163.3170588966427,8,3
XAUUSDm,B_momo_ny_adx20_rr1.5_atrexp0,momentum,2026-04,10,-134.87399798424326,2,8
XAUUSDm,B_momo_ny_adx20_rr1.5_atrexp0,momentum,2026-05,1,6.841545966035097,1,0
XAUUSDm,B_momo_ny_adx20_rr1.5_atrexp1,momentum,2025-01,14,6.497564776431403,7,7
XAUUSDm,B_momo_ny_adx20_rr1.5_atrexp1,momentum,2025-02,10,-42.249555099953994,3,7
XAUUSDm,B_momo_ny_adx20_rr1.5_atrexp1,momentum,2025-03,6,-62.48400976637523,1,5
XAUUSDm,B_momo_ny_adx20_rr1.5_atrexp1,momentum,2025-04,14,-74.38574535116373,5,9
XAUUSDm,B_momo_ny_adx20_rr1.5_atrexp1,momentum,2025-05,11,-25.321882400021963,5,6
XAUUSDm,B_momo_ny_adx20_rr1.5_atrexp1,momentum,2025-06,12,-49.48803535939341,4,8
XAUUSDm,B_momo_ny_adx20_rr1.5_atrexp1,momentum,2025-07,16,72.91187590397057,8,8
XAUUSDm,B_momo_ny_adx20_rr1.5_atrexp1,momentum,2025-08,15,50.962778275201124,9,6
XAUUSDm,B_momo_ny_adx20_rr1.5_atrexp1,momentum,2025-09,10,-28.745212179296534,3,7
XAUUSDm,B_momo_ny_adx20_rr1.5_atrexp1,momentum,2025-10,9,97.9455950221862,5,4
XAUUSDm,B_momo_ny_adx20_rr1.5_atrexp1,momentum,2025-11,7,-86.36022004769873,1,6
XAUUSDm,B_momo_ny_adx20_rr1.5_atrexp1,momentum,2025-12,12,-117.67205646919919,3,9
XAUUSDm,B_momo_ny_adx20_rr1.5_atrexp1,momentum,2026-01,9,-23.712494929230363,3,6
XAUUSDm,B_momo_ny_adx20_rr1.5_atrexp1,momentum,2026-02,7,6.514545564437913,3,4
XAUUSDm,B_momo_ny_adx20_rr1.5_atrexp1,momentum,2026-03,11,163.55652800694486,8,3
XAUUSDm,B_momo_ny_adx20_rr1.5_atrexp1,momentum,2026-04,10,-134.96687827940772,2,8
XAUUSDm,B_momo_ny_adx20_rr1.5_atrexp1,momentum,2026-05,1,6.799061853862758,1,0
XAUUSDm,B_momo_ny_adx20_rr2_atrexp0,momentum,2025-01,17,51.43606516285245,8,9
XAUUSDm,B_momo_ny_adx20_rr2_atrexp0,momentum,2025-02,13,99.77361931842049,6,7
XAUUSDm,B_momo_ny_adx20_rr2_atrexp0,momentum,2025-03,8,-106.5528195007458,1,7
XAUUSDm,B_momo_ny_adx20_rr2_atrexp0,momentum,2025-04,15,-156.09499640613603,4,11
XAUUSDm,B_momo_ny_adx20_rr2_atrexp0,momentum,2025-05,14,-23.67019154648243,6,8
XAUUSDm,B_momo_ny_adx20_rr2_atrexp0,momentum,2025-06,14,-85.41491347159071,5,9
XAUUSDm,B_momo_ny_adx20_rr2_atrexp0,momentum,2025-07,16,123.89630474530514,9,7
XAUUSDm,B_momo_ny_adx20_rr2_atrexp0,momentum,2025-08,15,90.1909127631033,9,6
XAUUSDm,B_momo_ny_adx20_rr2_atrexp0,momentum,2025-09,9,-10.738862739140082,3,6
XAUUSDm,B_momo_ny_adx20_rr2_atrexp0,momentum,2025-10,13,-10.771663572894495,5,8
XAUUSDm,B_momo_ny_adx20_rr2_atrexp0,momentum,2025-11,10,-52.91906161013389,3,7
XAUUSDm,B_momo_ny_adx20_rr2_atrexp0,momentum,2025-12,14,-78.88901430593118,4,10
XAUUSDm,B_momo_ny_adx20_rr2_atrexp0,momentum,2026-01,10,25.26265106691443,4,6
XAUUSDm,B_momo_ny_adx20_rr2_atrexp0,momentum,2026-02,10,-66.1953250897707,2,8
XAUUSDm,B_momo_ny_adx20_rr2_atrexp0,momentum,2026-03,12,129.88287803770274,7,5
XAUUSDm,B_momo_ny_adx20_rr2_atrexp0,momentum,2026-04,10,-122.3590095816183,2,8
XAUUSDm,B_momo_ny_adx20_rr2_atrexp0,momentum,2026-05,1,6.8251320764494015,1,0
XAUUSDm,B_momo_ny_adx20_rr2_atrexp1,momentum,2025-01,13,-4.557559464354561,6,7
XAUUSDm,B_momo_ny_adx20_rr2_atrexp1,momentum,2025-02,9,-93.84641969935294,2,7
XAUUSDm,B_momo_ny_adx20_rr2_atrexp1,momentum,2025-03,7,-76.37497722346579,1,6
XAUUSDm,B_momo_ny_adx20_rr2_atrexp1,momentum,2025-04,14,-138.0414877105854,4,10
XAUUSDm,B_momo_ny_adx20_rr2_atrexp1,momentum,2025-05,11,-19.97292463343294,5,6
XAUUSDm,B_momo_ny_adx20_rr2_atrexp1,momentum,2025-06,11,-36.93171920826657,4,7
XAUUSDm,B_momo_ny_adx20_rr2_atrexp1,momentum,2025-07,15,80.39968368493699,8,7
XAUUSDm,B_momo_ny_adx20_rr2_atrexp1,momentum,2025-08,14,99.37433989686451,9,5
XAUUSDm,B_momo_ny_adx20_rr2_atrexp1,momentum,2025-09,9,-10.72603680022278,3,6
XAUUSDm,B_momo_ny_adx20_rr2_atrexp1,momentum,2025-10,9,-6.3439367242835445,4,5
XAUUSDm,B_momo_ny_adx20_rr2_atrexp1,momentum,2025-11,7,-80.38183417797647,1,6
XAUUSDm,B_momo_ny_adx20_rr2_atrexp1,momentum,2025-12,11,-95.16863432976352,3,8
XAUUSDm,B_momo_ny_adx20_rr2_atrexp1,momentum,2026-01,8,3.1085693318661356,3,5
XAUUSDm,B_momo_ny_adx20_rr2_atrexp1,momentum,2026-02,6,-129.23910975628445,0,6
XAUUSDm,B_momo_ny_adx20_rr2_atrexp1,momentum,2026-03,12,130.01812707105216,7,5
XAUUSDm,B_momo_ny_adx20_rr2_atrexp1,momentum,2026-04,10,-122.54257097316594,2,8
XAUUSDm,B_momo_ny_adx20_rr2_atrexp1,momentum,2026-05,1,6.816518569670618,1,0
XAUUSDm,B_momo_ny_adx20_rr2.5_atrexp0,momentum,2025-01,16,43.074301340486784,7,9
XAUUSDm,B_momo_ny_adx20_rr2.5_atrexp0,momentum,2025-02,11,-60.20334373820092,3,8
XAUUSDm,B_momo_ny_adx20_rr2.5_atrexp0,momentum,2025-03,9,-120.60623671487264,1,8
XAUUSDm,B_momo_ny_adx20_rr2.5_atrexp0,momentum,2025-04,15,-156.19361957404126,4,11
XAUUSDm,B_momo_ny_adx20_rr2.5_atrexp0,momentum,2025-05,14,-112.89007531919201,5,9
XAUUSDm,B_momo_ny_adx20_rr2.5_atrexp0,momentum,2025-06,14,-175.718583186217,4,10
XAUUSDm,B_momo_ny_adx20_rr2.5_atrexp0,momentum,2025-07,16,144.27470477976624,9,7
XAUUSDm,B_momo_ny_adx20_rr2.5_atrexp0,momentum,2025-08,14,154.41572971482236,9,5
XAUUSDm,B_momo_ny_adx20_rr2.5_atrexp0,momentum,2025-09,9,14.065101904472444,3,6
XAUUSDm,B_momo_ny_adx20_rr2.5_atrexp0,momentum,2025-10,13,8.098826017724114,4,9
XAUUSDm,B_momo_ny_adx20_rr2.5_atrexp0,momentum,2025-11,10,-28.016141355184104,3,7
XAUUSDm,B_momo_ny_adx20_rr2.5_atrexp0,momentum,2025-12,13,-15.821414870618234,4,9
XAUUSDm,B_momo_ny_adx20_rr2.5_atrexp0,momentum,2026-01,10,62.58708808420318,4,6
XAUUSDm,B_momo_ny_adx20_rr2.5_atrexp0,momentum,2026-02,10,-98.40215678700125,2,8
XAUUSDm,B_momo_ny_adx20_rr2.5_atrexp0,momentum,2026-03,12,140.42946132514652,7,5
XAUUSDm,B_momo_ny_adx20_rr2.5_atrexp0,momentum,2026-04,10,-127.2255940449918,2,8
XAUUSDm,B_momo_ny_adx20_rr2.5_atrexp0,momentum,2026-05,1,6.854438639476096,1,0
XAUUSDm,B_momo_ny_adx20_rr2.5_atrexp1,momentum,2025-01,13,-131.14856033043182,4,9
XAUUSDm,B_momo_ny_adx20_rr2.5_atrexp1,momentum,2025-02,9,-93.84641969935294,2,7
XAUUSDm,B_momo_ny_adx20_rr2.5_atrexp1,momentum,2025-03,7,-63.87622722346579,1,6
XAUUSDm,B_momo_ny_adx20_rr2.5_atrexp1,momentum,2025-04,14,-138.0414877105854,4,10
XAUUSDm,B_momo_ny_adx20_rr2.5_atrexp1,momentum,2025-05,11,-121.65537504805569,4,7
XAUUSDm,B_momo_ny_adx20_rr2.5_atrexp1,momentum,2025-06,11,-127.20474550742712,3,8
XAUUSDm,B_momo_ny_adx20_rr2.5_atrexp1,momentum,2025-07,15,105.39968368493655,8,7
XAUUSDm,B_momo_ny_adx20_rr2.5_atrexp1,momentum,2025-08,13,163.61983390110944,9,4
XAUUSDm,B_momo_ny_adx20_rr2.5_atrexp1,momentum,2025-09,9,14.222170871212196,3,6
XAUUSDm,B_momo_ny_adx20_rr2.5_atrexp1,momentum,2025-10,9,6.0924203110731865,4,5
XAUUSDm,B_momo_ny_adx20_rr2.5_atrexp1,momentum,2025-11,7,-67.91719719681645,1,6
XAUUSDm,B_momo_ny_adx20_rr2.5_atrexp1,momentum,2025-12,10,-78.0878342908862,3,7
XAUUSDm,B_momo_ny_adx20_rr2.5_atrexp1,momentum,2026-01,8,27.86514152257493,3,5
XAUUSDm,B_momo_ny_adx20_rr2.5_atrexp1,momentum,2026-02,6,-129.29961721632225,0,6
XAUUSDm,B_momo_ny_adx20_rr2.5_atrexp1,momentum,2026-03,12,140.6707672287767,7,5
XAUUSDm,B_momo_ny_adx20_rr2.5_atrexp1,momentum,2026-04,10,-127.4635671229468,2,8
XAUUSDm,B_momo_ny_adx20_rr2.5_atrexp1,momentum,2026-05,1,6.861777805065195,1,0
XAUUSDm,B_momo_ny_adx25_rr1.5_atrexp0,momentum,2025-01,13,8.22622120095734,7,6
XAUUSDm,B_momo_ny_adx25_rr1.5_atrexp0,momentum,2025-02,9,35.98162467717168,4,5
XAUUSDm,B_momo_ny_adx25_rr1.5_atrexp0,momentum,2025-03,3,-57.420672155206795,0,3
XAUUSDm,B_momo_ny_adx25_rr1.5_atrexp0,momentum,2025-04,10,-93.47064141000683,3,7
XAUUSDm,B_momo_ny_adx25_rr1.5_atrexp0,momentum,2025-05,9,-6.130938821244328,4,5
XAUUSDm,B_momo_ny_adx25_rr1.5_atrexp0,momentum,2025-06,11,33.88480780087903,5,6
XAUUSDm,B_momo_ny_adx25_rr1.5_atrexp0,momentum,2025-07,11,-37.89426719556161,3,8
XAUUSDm,B_momo_ny_adx25_rr1.5_atrexp0,momentum,2025-08,9,51.659143340905615,5,4
XAUUSDm,B_momo_ny_adx25_rr1.5_atrexp0,momentum,2025-09,5,35.330063521411084,3,2
XAUUSDm,B_momo_ny_adx25_rr1.5_atrexp0,momentum,2025-10,11,46.89299609126467,5,6
XAUUSDm,B_momo_ny_adx25_rr1.5_atrexp0,momentum,2025-11,8,-66.83420362817904,2,6
XAUUSDm,B_momo_ny_adx25_rr1.5_atrexp0,momentum,2025-12,11,-144.74887340510674,2,9
XAUUSDm,B_momo_ny_adx25_rr1.5_atrexp0,momentum,2026-01,8,-27.973634123409745,3,5
XAUUSDm,B_momo_ny_adx25_rr1.5_atrexp0,momentum,2026-02,7,6.365055079308668,3,4
XAUUSDm,B_momo_ny_adx25_rr1.5_atrexp0,momentum,2026-03,6,113.36487981441917,5,1
XAUUSDm,B_momo_ny_adx25_rr1.5_atrexp0,momentum,2026-04,7,19.898028632686355,3,4
XAUUSDm,B_momo_ny_adx25_rr1.5_atrexp0,momentum,2026-05,1,6.824255402036738,1,0
XAUUSDm,B_momo_ny_adx25_rr1.5_atrexp1,momentum,2025-01,11,1.3135686609114288,6,5
XAUUSDm,B_momo_ny_adx25_rr1.5_atrexp1,momentum,2025-02,6,-9.479267931819127,2,4
XAUUSDm,B_momo_ny_adx25_rr1.5_atrexp1,momentum,2025-03,1,-0.7809726390758303,0,1
XAUUSDm,B_momo_ny_adx25_rr1.5_atrexp1,momentum,2025-04,9,-67.42174045003023,3,6
XAUUSDm,B_momo_ny_adx25_rr1.5_atrexp1,momentum,2025-05,6,10.04654910592997,3,3
XAUUSDm,B_momo_ny_adx25_rr1.5_atrexp1,momentum,2025-06,9,25.03419912613394,4,5
XAUUSDm,B_momo_ny_adx25_rr1.5_atrexp1,momentum,2025-07,10,19.132923311776263,4,6
XAUUSDm,B_momo_ny_adx25_rr1.5_atrexp1,momentum,2025-08,9,34.35850908893781,5,4
XAUUSDm,B_momo_ny_adx25_rr1.5_atrexp1,momentum,2025-09,5,35.319815632028956,3,2
XAUUSDm,B_momo_ny_adx25_rr1.5_atrexp1,momentum,2025-10,7,25.81094659363946,3,4
XAUUSDm,B_momo_ny_adx25_rr1.5_atrexp1,momentum,2025-11,5,-49.88041609847282,1,4
XAUUSDm,B_momo_ny_adx25_rr1.5_atrexp1,momentum,2025-12,9,-164.33075711138375,1,8
XAUUSDm,B_momo_ny_adx25_rr1.5_atrexp1,momentum,2026-01,7,-65.09890894310826,2,5
XAUUSDm,B_momo_ny_adx25_rr1.5_atrexp1,momentum,2026-02,6,31.82159741738134,3,3
XAUUSDm,B_momo_ny_adx25_rr1.5_atrexp1,momentum,2026-03,6,113.28237173407538,5,1
XAUUSDm,B_momo_ny_adx25_rr1.5_atrexp1,momentum,2026-04,7,19.868499837191187,3,4
XAUUSDm,B_momo_ny_adx25_rr1.5_atrexp1,momentum,2026-05,1,6.857761377095948,1,0
XAUUSDm,B_momo_ny_adx25_rr2_atrexp0,momentum,2025-01,12,9.719250682677092,6,6
XAUUSDm,B_momo_ny_adx25_rr2_atrexp0,momentum,2025-02,9,45.72592061167391,4,5
XAUUSDm,B_momo_ny_adx25_rr2_atrexp0,momentum,2025-03,3,-57.45615505083252,0,3
XAUUSDm,B_momo_ny_adx25_rr2_atrexp0,momentum,2025-04,10,-155.8961759058702,2,8
XAUUSDm,B_momo_ny_adx25_rr2_atrexp0,momentum,2025-05,9,31.474276460240763,4,5
XAUUSDm,B_momo_ny_adx25_rr2_atrexp0,momentum,2025-06,11,-22.999937675318378,5,6
XAUUSDm,B_momo_ny_adx25_rr2_atrexp0,momentum,2025-07,11,-80.35544546741926,2,9
XAUUSDm,B_momo_ny_adx25_rr2_atrexp0,momentum,2025-08,8,92.92879169327963,5,3
XAUUSDm,B_momo_ny_adx25_rr2_atrexp0,momentum,2025-09,5,60.37143051081795,3,2
XAUUSDm,B_momo_ny_adx25_rr2_atrexp0,momentum,2025-10,11,-1.728743705590257,4,7
XAUUSDm,B_momo_ny_adx25_rr2_atrexp0,momentum,2025-11,8,-48.37587589240704,2,6
XAUUSDm,B_momo_ny_adx25_rr2_atrexp0,momentum,2025-12,10,-105.39851810890687,2,8
XAUUSDm,B_momo_ny_adx25_rr2_atrexp0,momentum,2026-01,8,-2.934533640194161,3,5
XAUUSDm,B_momo_ny_adx25_rr2_atrexp0,momentum,2026-02,6,-129.03929652032022,0,6
XAUUSDm,B_momo_ny_adx25_rr2_atrexp0,momentum,2026-03,7,67.05544866117049,4,3
XAUUSDm,B_momo_ny_adx25_rr2_atrexp0,momentum,2026-04,7,57.36778327160622,3,4
XAUUSDm,B_momo_ny_adx25_rr2_atrexp0,momentum,2026-05,1,6.949728498403889,1,0
XAUUSDm,B_momo_ny_adx25_rr2_atrexp1,momentum,2025-01,10,-9.939652906864087,5,5
XAUUSDm,B_momo_ny_adx25_rr2_atrexp1,momentum,2025-02,6,-24.90977069434602,2,4
XAUUSDm,B_momo_ny_adx25_rr2_atrexp1,momentum,2025-03,1,-0.8564245345288163,0,1
XAUUSDm,B_momo_ny_adx25_rr2_atrexp1,momentum,2025-04,9,-129.8587952085188,2,7
XAUUSDm,B_momo_ny_adx25_rr2_atrexp1,momentum,2025-05,6,35.08012501896634,3,3
XAUUSDm,B_momo_ny_adx25_rr2_atrexp1,momentum,2025-06,9,14.66475847856604,4,5
XAUUSDm,B_momo_ny_adx25_rr2_atrexp1,momentum,2025-07,10,-48.77686589185976,3,7
XAUUSDm,B_momo_ny_adx25_rr2_atrexp1,momentum,2025-08,8,75.8993062978558,5,3
XAUUSDm,B_momo_ny_adx25_rr2_atrexp1,momentum,2025-09,5,60.32641501360279,3,2
XAUUSDm,B_momo_ny_adx25_rr2_atrexp1,momentum,2025-10,7,2.9123318987190228,3,4
XAUUSDm,B_momo_ny_adx25_rr2_atrexp1,momentum,2025-11,5,-43.90817616257577,1,4
XAUUSDm,B_momo_ny_adx25_rr2_atrexp1,momentum,2025-12,8,-132.5232012209274,1,7
XAUUSDm,B_momo_ny_adx25_rr2_atrexp1,momentum,2026-01,7,-52.54149357329639,2,5
XAUUSDm,B_momo_ny_adx25_rr2_atrexp1,momentum,2026-02,5,-103.57922272685364,0,5
XAUUSDm,B_momo_ny_adx25_rr2_atrexp1,momentum,2026-03,7,66.9288094432512,4,3
XAUUSDm,B_momo_ny_adx25_rr2_atrexp1,momentum,2026-04,7,57.39050053530373,3,4
XAUUSDm,B_momo_ny_adx25_rr2_atrexp1,momentum,2026-05,1,6.878118962231267,1,0
XAUUSDm,B_momo_ny_adx25_rr2.5_atrexp0,momentum,2025-01,12,-104.30977065521027,4,8
XAUUSDm,B_momo_ny_adx25_rr2.5_atrexp0,momentum,2025-02,8,8.69205723672611,3,5
XAUUSDm,B_momo_ny_adx25_rr2.5_atrexp0,momentum,2025-03,3,-57.46678366323181,0,3
XAUUSDm,B_momo_ny_adx25_rr2.5_atrexp0,momentum,2025-04,10,-155.86906913342088,2,8
XAUUSDm,B_momo_ny_adx25_rr2.5_atrexp0,momentum,2025-05,9,-57.69991472434437,3,6
XAUUSDm,B_momo_ny_adx25_rr2.5_atrexp0,momentum,2025-06,11,-97.93642909293798,4,7
XAUUSDm,B_momo_ny_adx25_rr2.5_atrexp0,momentum,2025-07,11,-67.68205714063595,2,9
XAUUSDm,B_momo_ny_adx25_rr2.5_atrexp0,momentum,2025-08,7,144.76050299248237,5,2
XAUUSDm,B_momo_ny_adx25_rr2.5_atrexp0,momentum,2025-09,5,85.41968743321019,3,2
XAUUSDm,B_momo_ny_adx25_rr2.5_atrexp0,momentum,2025-10,11,17.151439362336696,3,8
XAUUSDm,B_momo_ny_adx25_rr2.5_atrexp0,momentum,2025-11,8,-23.349964545913707,2,6
XAUUSDm,B_momo_ny_adx25_rr2.5_atrexp0,momentum,2025-12,10,-80.40783354508255,2,8
XAUUSDm,B_momo_ny_adx25_rr2.5_atrexp0,momentum,2026-01,8,22.103035287888744,3,5
XAUUSDm,B_momo_ny_adx25_rr2.5_atrexp0,momentum,2026-02,6,-129.10444649439478,0,6
XAUUSDm,B_momo_ny_adx25_rr2.5_atrexp0,momentum,2026-03,7,65.34630666300953,4,3
XAUUSDm,B_momo_ny_adx25_rr2.5_atrexp0,momentum,2026-04,7,77.45641658952533,3,4
XAUUSDm,B_momo_ny_adx25_rr2.5_atrexp0,momentum,2026-05,1,6.896100832167592,1,0
XAUUSDm,B_momo_ny_adx25_rr2.5_atrexp1,momentum,2025-01,10,-136.46742424475016,3,7
XAUUSDm,B_momo_ny_adx25_rr2.5_atrexp1,momentum,2025-02,6,-24.90977069434602,2,4
XAUUSDm,B_momo_ny_adx25_rr2.5_atrexp1,momentum,2025-03,1,-0.8564245345288163,0,1
XAUUSDm,B_momo_ny_adx25_rr2.5_atrexp1,momentum,2025-04,9,-129.8587952085188,2,7
XAUUSDm,B_momo_ny_adx25_rr2.5_atrexp1,momentum,2025-05,6,-66.72195712994112,2,4
XAUUSDm,B_momo_ny_adx25_rr2.5_atrexp1,momentum,2025-06,9,-75.62895493544738,3,6
XAUUSDm,B_momo_ny_adx25_rr2.5_atrexp1,momentum,2025-07,10,-48.77686589185976,3,7
XAUUSDm,B_momo_ny_adx25_rr2.5_atrexp1,momentum,2025-08,7,127.57391763734967,5,2
XAUUSDm,B_momo_ny_adx25_rr2.5_atrexp1,momentum,2025-09,5,85.33818748755681,3,2
XAUUSDm,B_momo_ny_adx25_rr2.5_atrexp1,momentum,2025-10,7,15.391344920531166,3,4
XAUUSDm,B_momo_ny_adx25_rr2.5_atrexp1,momentum,2025-11,5,-31.469365884338306,1,4
XAUUSDm,B_momo_ny_adx25_rr2.5_atrexp1,momentum,2025-12,8,-153.52646162838494,1,7
XAUUSDm,B_momo_ny_adx25_rr2.5_atrexp1,momentum,2026-01,7,-40.11081969956129,2,5
XAUUSDm,B_momo_ny_adx25_rr2.5_atrexp1,momentum,2026-02,5,-103.59756865711094,0,5
XAUUSDm,B_momo_ny_adx25_rr2.5_atrexp1,momentum,2026-03,7,65.21994570872982,4,3
XAUUSDm,B_momo_ny_adx25_rr2.5_atrexp1,momentum,2026-04,7,77.67862438019151,3,4
XAUUSDm,B_momo_ny_adx25_rr2.5_atrexp1,momentum,2026-05,1,6.804553924761962,1,0
XAUUSDm,B_momo_london_ny_adx18_rr1.5_atrexp0,momentum,2025-01,27,137.32810667208435,15,12
XAUUSDm,B_momo_london_ny_adx18_rr1.5_atrexp0,momentum,2025-02,25,-118.25236438554796,8,17
XAUUSDm,B_momo_london_ny_adx18_rr1.5_atrexp0,momentum,2025-03,23,-139.68593521577787,7,16
XAUUSDm,B_momo_london_ny_adx18_rr1.5_atrexp0,momentum,2025-04,23,-181.21235956993382,7,16
XAUUSDm,B_momo_london_ny_adx18_rr1.5_atrexp0,momentum,2025-05,26,135.46905969455372,13,13
XAUUSDm,B_momo_london_ny_adx18_rr1.5_atrexp0,momentum,2025-06,28,-73.96887606758536,13,15
XAUUSDm,B_momo_london_ny_adx18_rr1.5_atrexp0,momentum,2025-07,27,121.67780935285373,15,12
XAUUSDm,B_momo_london_ny_adx18_rr1.5_atrexp0,momentum,2025-08,25,-19.28621149363137,13,12
XAUUSDm,B_momo_london_ny_adx18_rr1.5_atrexp0,momentum,2025-09,20,-17.98402889549695,7,13
XAUUSDm,B_momo_london_ny_adx18_rr1.5_atrexp0,momentum,2025-10,22,-53.912282107472365,8,14
XAUUSDm,B_momo_london_ny_adx18_rr1.5_atrexp0,momentum,2025-11,21,-262.2266059241135,4,17
XAUUSDm,B_momo_london_ny_adx18_rr1.5_atrexp0,momentum,2025-12,28,-159.42766388093378,9,19
XAUUSDm,B_momo_london_ny_adx18_rr1.5_atrexp0,momentum,2026-01,17,-111.11936287371896,5,12
XAUUSDm,B_momo_london_ny_adx18_rr1.5_atrexp0,momentum,2026-02,17,-112.77475440585232,6,11
XAUUSDm,B_momo_london_ny_adx18_rr1.5_atrexp0,momentum,2026-03,26,74.1233876646931,13,13
XAUUSDm,B_momo_london_ny_adx18_rr1.5_atrexp0,momentum,2026-04,24,-343.16457385578343,5,19
XAUUSDm,B_momo_london_ny_adx18_rr1.5_atrexp0,momentum,2026-05,4,52.41147103244478,3,1
XAUUSDm,B_momo_london_ny_adx18_rr1.5_atrexp1,momentum,2025-01,25,43.30225167068151,13,12
XAUUSDm,B_momo_london_ny_adx18_rr1.5_atrexp1,momentum,2025-02,15,-43.62748560441618,5,10
XAUUSDm,B_momo_london_ny_adx18_rr1.5_atrexp1,momentum,2025-03,17,28.95948709866573,7,10
XAUUSDm,B_momo_london_ny_adx18_rr1.5_atrexp1,momentum,2025-04,15,-100.89273679476908,5,10
XAUUSDm,B_momo_london_ny_adx18_rr1.5_atrexp1,momentum,2025-05,17,99.35474859769799,9,8
XAUUSDm,B_momo_london_ny_adx18_rr1.5_atrexp1,momentum,2025-06,22,-41.89495238803562,11,11
XAUUSDm,B_momo_london_ny_adx18_rr1.5_atrexp1,momentum,2025-07,23,43.53828652689906,11,12
XAUUSDm,B_momo_london_ny_adx18_rr1.5_atrexp1,momentum,2025-08,22,-18.064100926505922,12,10
XAUUSDm,B_momo_london_ny_adx18_rr1.5_atrexp1,momentum,2025-09,18,-89.90264102319887,6,12
XAUUSDm,B_momo_london_ny_adx18_rr1.5_atrexp1,momentum,2025-10,17,16.113815825886793,7,10
XAUUSDm,B_momo_london_ny_adx18_rr1.5_atrexp1,momentum,2025-11,11,-129.5503218646861,2,9
XAUUSDm,B_momo_london_ny_adx18_rr1.5_atrexp1,momentum,2025-12,18,-39.803224353449,7,11
XAUUSDm,B_momo_london_ny_adx18_rr1.5_atrexp1,momentum,2026-01,12,-39.377343835879735,4,8
XAUUSDm,B_momo_london_ny_adx18_rr1.5_atrexp1,momentum,2026-02,9,-15.66047726783357,4,5
XAUUSDm,B_momo_london_ny_adx18_rr1.5_atrexp1,momentum,2026-03,20,198.781084281151,13,7
XAUUSDm,B_momo_london_ny_adx18_rr1.5_atrexp1,momentum,2026-04,20,-271.1099487175602,4,16
XAUUSDm,B_momo_london_ny_adx18_rr1.5_atrexp1,momentum,2026-05,3,16.97759323224455,2,1
XAUUSDm,B_momo_london_ny_adx18_rr2_atrexp0,momentum,2025-01,27,32.993839864402815,12,15
XAUUSDm,B_momo_london_ny_adx18_rr2_atrexp0,momentum,2025-02,23,-38.537320992138845,7,16
XAUUSDm,B_momo_london_ny_adx18_rr2_atrexp0,momentum,2025-03,22,-137.3953485788066,6,16
XAUUSDm,B_momo_london_ny_adx18_rr2_atrexp0,momentum,2025-04,23,-294.78318912722733,5,18
XAUUSDm,B_momo_london_ny_adx18_rr2_atrexp0,momentum,2025-05,25,136.49098615920397,11,14
XAUUSDm,B_momo_london_ny_adx18_rr2_atrexp0,momentum,2025-06,27,-55.0494724666318,13,14
XAUUSDm,B_momo_london_ny_adx18_rr2_atrexp0,momentum,2025-07,24,151.58333718620648,12,12
XAUUSDm,B_momo_london_ny_adx18_rr2_atrexp0,momentum,2025-08,24,23.272474796163422,13,11
XAUUSDm,B_momo_london_ny_adx18_rr2_atrexp0,momentum,2025-09,18,28.641873368969108,7,11
XAUUSDm,B_momo_london_ny_adx18_rr2_atrexp0,momentum,2025-10,22,-44.909509066611676,8,14
XAUUSDm,B_momo_london_ny_adx18_rr2_atrexp0,momentum,2025-11,21,-231.25305764782422,4,17
XAUUSDm,B_momo_london_ny_adx18_rr2_atrexp0,momentum,2025-12,27,-154.68571657286105,8,19
XAUUSDm,B_momo_london_ny_adx18_rr2_atrexp0,momentum,2026-01,16,-59.198097307754374,5,11
XAUUSDm,B_momo_london_ny_adx18_rr2_atrexp0,momentum,2026-02,15,-166.0470392835204,3,12
XAUUSDm,B_momo_london_ny_adx18_rr2_atrexp0,momentum,2026-03,25,96.26935450445222,11,14
XAUUSDm,B_momo_london_ny_adx18_rr2_atrexp0,momentum,2026-04,24,-328.0682349408434,5,19
XAUUSDm,B_momo_london_ny_adx18_rr2_atrexp0,momentum,2026-05,4,35.4113922542085,3,1
XAUUSDm,B_momo_london_ny_adx18_rr2_atrexp1,momentum,2025-01,23,-29.665620842539436,10,13
XAUUSDm,B_momo_london_ny_adx18_rr2_atrexp1,momentum,2025-02,13,-90.41574886240967,3,10
XAUUSDm,B_momo_london_ny_adx18_rr2_atrexp1,momentum,2025-03,18,-23.784180428532125,6,12
XAUUSDm,B_momo_london_ny_adx18_rr2_atrexp1,momentum,2025-04,15,-164.5289619720874,4,11
XAUUSDm,B_momo_london_ny_adx18_rr2_atrexp1,momentum,2025-05,16,141.59839093060998,8,8
XAUUSDm,B_momo_london_ny_adx18_rr2_atrexp1,momentum,2025-06,22,-42.859367423842926,11,11
XAUUSDm,B_momo_london_ny_adx18_rr2_atrexp1,momentum,2025-07,21,68.65853582853663,10,11
XAUUSDm,B_momo_london_ny_adx18_rr2_atrexp1,momentum,2025-08,21,43.6389740174247,12,9
XAUUSDm,B_momo_london_ny_adx18_rr2_atrexp1,momentum,2025-09,17,-94.13639696859371,5,12
XAUUSDm,B_momo_london_ny_adx18_rr2_atrexp1,momentum,2025-10,17,12.256644774452372,7,10
XAUUSDm,B_momo_london_ny_adx18_rr2_atrexp1,momentum,2025-11,11,-111.08736677931734,2,9
XAUUSDm,B_momo_london_ny_adx18_rr2_atrexp1,momentum,2025-12,17,-54.84121257951152,6,11
XAUUSDm,B_momo_london_ny_adx18_rr2_atrexp1,momentum,2026-01,11,0.07403999411294038,4,7
XAUUSDm,B_momo_london_ny_adx18_rr2_atrexp1,momentum,2026-02,8,-177.36315357427856,1,7
XAUUSDm,B_momo_london_ny_adx18_rr2_atrexp1,momentum,2026-03,20,182.6970543966691,11,9
XAUUSDm,B_momo_london_ny_adx18_rr2_atrexp1,momentum,2026-04,20,-255.7359965267648,4,16
XAUUSDm,B_momo_london_ny_adx18_rr2_atrexp1,momentum,2026-05,3,-12.34869026310464,2,1
XAUUSDm,B_momo_london_ny_adx18_rr2.5_atrexp0,momentum,2025-01,25,26.330715079919297,11,14
XAUUSDm,B_momo_london_ny_adx18_rr2.5_atrexp0,momentum,2025-02,22,-129.01513706251126,5,17
XAUUSDm,B_momo_london_ny_adx18_rr2.5_atrexp0,momentum,2025-03,22,-204.15651450332132,5,17
XAUUSDm,B_momo_london_ny_adx18_rr2.5_atrexp0,momentum,2025-04,23,-282.1662702903341,5,18
XAUUSDm,B_momo_london_ny_adx18_rr2.5_atrexp0,momentum,2025-05,25,79.38538717858611,10,15
XAUUSDm,B_momo_london_ny_adx18_rr2.5_atrexp0,momentum,2025-06,27,-222.1202288422893,10,17
XAUUSDm,B_momo_london_ny_adx18_rr2.5_atrexp0,momentum,2025-07,24,131.65787597081058,12,12
XAUUSDm,B_momo_london_ny_adx18_rr2.5_atrexp0,momentum,2025-08,23,99.97199616786159,13,10
XAUUSDm,B_momo_london_ny_adx18_rr2.5_atrexp0,momentum,2025-09,18,-9.061231799167778,6,12
XAUUSDm,B_momo_london_ny_adx18_rr2.5_atrexp0,momentum,2025-10,22,17.34664490472236,8,14
XAUUSDm,B_momo_london_ny_adx18_rr2.5_atrexp0,momentum,2025-11,21,-193.7884187826702,4,17
XAUUSDm,B_momo_london_ny_adx18_rr2.5_atrexp0,momentum,2025-12,27,-193.63468694731688,7,20
XAUUSDm,B_momo_london_ny_adx18_rr2.5_atrexp0,momentum,2026-01,15,16.68316822237817,5,10
XAUUSDm,B_momo_london_ny_adx18_rr2.5_atrexp0,momentum,2026-02,15,-198.22272310581272,3,12
XAUUSDm,B_momo_london_ny_adx18_rr2.5_atrexp0,momentum,2026-03,25,119.39391615278988,11,14
XAUUSDm,B_momo_london_ny_adx18_rr2.5_atrexp0,momentum,2026-04,24,-320.4579081594576,5,19
XAUUSDm,B_momo_london_ny_adx18_rr2.5_atrexp0,momentum,2026-05,4,48.053240545119976,3,1
XAUUSDm,B_momo_london_ny_adx18_rr2.5_atrexp1,momentum,2025-01,22,-158.88530426288284,8,14
XAUUSDm,B_momo_london_ny_adx18_rr2.5_atrexp1,momentum,2025-02,13,-65.57479498256974,3,10
XAUUSDm,B_momo_london_ny_adx18_rr2.5_atrexp1,momentum,2025-03,17,-64.24983876023376,5,12
XAUUSDm,B_momo_london_ny_adx18_rr2.5_atrexp1,momentum,2025-04,15,-164.41672711680414,4,11
XAUUSDm,B_momo_london_ny_adx18_rr2.5_atrexp1,momentum,2025-05,16,48.352029933683816,7,9
XAUUSDm,B_momo_london_ny_adx18_rr2.5_atrexp1,momentum,2025-06,22,-206.62477174191815,8,14
XAUUSDm,B_momo_london_ny_adx18_rr2.5_atrexp1,momentum,2025-07,21,94.38959206217096,10,11
XAUUSDm,B_momo_london_ny_adx18_rr2.5_atrexp1,momentum,2025-08,20,120.21306322955412,12,8
XAUUSDm,B_momo_london_ny_adx18_rr2.5_atrexp1,momentum,2025-09,17,-69.34603360051219,5,12
XAUUSDm,B_momo_london_ny_adx18_rr2.5_atrexp1,momentum,2025-10,17,62.38977221708116,7,10
XAUUSDm,B_momo_london_ny_adx18_rr2.5_atrexp1,momentum,2025-11,11,-86.05999566077186,2,9
XAUUSDm,B_momo_london_ny_adx18_rr2.5_atrexp1,momentum,2025-12,16,-39.63676026628798,6,10
XAUUSDm,B_momo_london_ny_adx18_rr2.5_atrexp1,momentum,2026-01,10,63.57506466099775,4,6
XAUUSDm,B_momo_london_ny_adx18_rr2.5_atrexp1,momentum,2026-02,8,-177.37694758728077,1,7
XAUUSDm,B_momo_london_ny_adx18_rr2.5_atrexp1,momentum,2026-03,20,243.33330085578604,11,9
XAUUSDm,B_momo_london_ny_adx18_rr2.5_atrexp1,momentum,2026-04,20,-248.06904732393778,4,16
XAUUSDm,B_momo_london_ny_adx18_rr2.5_atrexp1,momentum,2026-05,3,-12.384268733817718,2,1
XAUUSDm,B_momo_london_ny_adx20_rr1.5_atrexp0,momentum,2025-01,25,-31.02381194401307,11,14
XAUUSDm,B_momo_london_ny_adx20_rr1.5_atrexp0,momentum,2025-02,22,-51.541317585628356,8,14
XAUUSDm,B_momo_london_ny_adx20_rr1.5_atrexp0,momentum,2025-03,16,-171.78221546942927,4,12
XAUUSDm,B_momo_london_ny_adx20_rr1.5_atrexp0,momentum,2025-04,23,-181.59488460378384,7,16
XAUUSDm,B_momo_london_ny_adx20_rr1.5_atrexp0,momentum,2025-05,22,154.98009119862388,12,10
XAUUSDm,B_momo_london_ny_adx20_rr1.5_atrexp0,momentum,2025-06,23,-99.11711286791946,9,14
XAUUSDm,B_momo_london_ny_adx20_rr1.5_atrexp0,momentum,2025-07,25,139.33981186831406,14,11
XAUUSDm,B_momo_london_ny_adx20_rr1.5_atrexp0,momentum,2025-08,23,-48.91378537753653,11,12
XAUUSDm,B_momo_london_ny_adx20_rr1.5_atrexp0,momentum,2025-09,16,-124.52528843992033,5,11
XAUUSDm,B_momo_london_ny_adx20_rr1.5_atrexp0,momentum,2025-10,18,-12.548536141952006,7,11
XAUUSDm,B_momo_london_ny_adx20_rr1.5_atrexp0,momentum,2025-11,18,-207.6111457301884,4,14
XAUUSDm,B_momo_london_ny_adx20_rr1.5_atrexp0,momentum,2025-12,25,-165.65320360027658,8,17
XAUUSDm,B_momo_london_ny_adx20_rr1.5_atrexp0,momentum,2026-01,16,-85.85624541987883,5,11
XAUUSDm,B_momo_london_ny_adx20_rr1.5_atrexp0,momentum,2026-02,15,-25.909935279101788,6,9
XAUUSDm,B_momo_london_ny_adx20_rr1.5_atrexp0,momentum,2026-03,21,60.41331551453893,10,11
XAUUSDm,B_momo_london_ny_adx20_rr1.5_atrexp0,momentum,2026-04,19,-245.7705660980678,4,15
XAUUSDm,B_momo_london_ny_adx20_rr1.5_atrexp0,momentum,2026-05,4,52.384208009678126,3,1
XAUUSDm,B_momo_london_ny_adx20_rr1.5_atrexp1,momentum,2025-01,22,-88.64199670660734,9,13
XAUUSDm,B_momo_london_ny_adx20_rr1.5_atrexp1,momentum,2025-02,13,-16.04098019394067,5,8
XAUUSDm,B_momo_london_ny_adx20_rr1.5_atrexp1,momentum,2025-03,12,-58.98955024766852,4,8
XAUUSDm,B_momo_london_ny_adx20_rr1.5_atrexp1,momentum,2025-04,15,-101.14232011014519,5,10
XAUUSDm,B_momo_london_ny_adx20_rr1.5_atrexp1,momentum,2025-05,14,92.48876625689095,8,6
XAUUSDm,B_momo_london_ny_adx20_rr1.5_atrexp1,momentum,2025-06,18,-89.80598407173872,7,11
XAUUSDm,B_momo_london_ny_adx20_rr1.5_atrexp1,momentum,2025-07,21,61.29224317353234,10,11
XAUUSDm,B_momo_london_ny_adx20_rr1.5_atrexp1,momentum,2025-08,20,-47.65663129962329,10,10
XAUUSDm,B_momo_london_ny_adx20_rr1.5_atrexp1,momentum,2025-09,15,-160.4452445831833,4,11
XAUUSDm,B_momo_london_ny_adx20_rr1.5_atrexp1,momentum,2025-10,13,57.345908103363406,6,7
XAUUSDm,B_momo_london_ny_adx20_rr1.5_atrexp1,momentum,2025-11,10,-103.75993909537793,2,8
XAUUSDm,B_momo_london_ny_adx20_rr1.5_atrexp1,momentum,2025-12,16,-71.71824732307364,6,10
XAUUSDm,B_momo_london_ny_adx20_rr1.5_atrexp1,momentum,2026-01,11,-13.748269134806968,4,7
XAUUSDm,B_momo_london_ny_adx20_rr1.5_atrexp1,momentum,2026-02,8,42.956748069987995,4,4
XAUUSDm,B_momo_london_ny_adx20_rr1.5_atrexp1,momentum,2026-03,15,185.30976837427704,10,5
XAUUSDm,B_momo_london_ny_adx20_rr1.5_atrexp1,momentum,2026-04,17,-193.695133839465,4,13
XAUUSDm,B_momo_london_ny_adx20_rr1.5_atrexp1,momentum,2026-05,3,16.889859161686438,2,1
XAUUSDm,B_momo_london_ny_adx20_rr2_atrexp0,momentum,2025-01,24,-81.21945711808306,9,15
XAUUSDm,B_momo_london_ny_adx20_rr2_atrexp0,momentum,2025-02,20,3.111756009328225,7,13
XAUUSDm,B_momo_london_ny_adx20_rr2_atrexp0,momentum,2025-03,16,-160.73211340257402,4,12
XAUUSDm,B_momo_london_ny_adx20_rr2_atrexp0,momentum,2025-04,23,-294.9154474541757,5,18
XAUUSDm,B_momo_london_ny_adx20_rr2_atrexp0,momentum,2025-05,21,143.62680750106438,10,11
XAUUSDm,B_momo_london_ny_adx20_rr2_atrexp0,momentum,2025-06,23,-115.65356711315374,9,14
XAUUSDm,B_momo_london_ny_adx20_rr2_atrexp0,momentum,2025-07,22,128.92809028499641,11,11
XAUUSDm,B_momo_london_ny_adx20_rr2_atrexp0,momentum,2025-08,22,-18.621922877501014,11,11
XAUUSDm,B_momo_london_ny_adx20_rr2_atrexp0,momentum,2025-09,15,-94.07380403566422,4,11
XAUUSDm,B_momo_london_ny_adx20_rr2_atrexp0,momentum,2025-10,18,-91.93182284998193,6,12
XAUUSDm,B_momo_london_ny_adx20_rr2_atrexp0,momentum,2025-11,18,-176.64792575579875,4,14
XAUUSDm,B_momo_london_ny_adx20_rr2_atrexp0,momentum,2025-12,24,-173.48891239068166,7,17
XAUUSDm,B_momo_london_ny_adx20_rr2_atrexp0,momentum,2026-01,15,-34.045940435187525,5,10
XAUUSDm,B_momo_london_ny_adx20_rr2_atrexp0,momentum,2026-02,13,-111.26828246219101,3,10
XAUUSDm,B_momo_london_ny_adx20_rr2_atrexp0,momentum,2026-03,21,84.4622417044863,9,12
XAUUSDm,B_momo_london_ny_adx20_rr2_atrexp0,momentum,2026-04,19,-230.78608936404288,4,15
XAUUSDm,B_momo_london_ny_adx20_rr2_atrexp0,momentum,2026-05,4,35.48313980728874,3,1
XAUUSDm,B_momo_london_ny_adx20_rr2_atrexp1,momentum,2025-01,21,-76.77652499982423,8,13
XAUUSDm,B_momo_london_ny_adx20_rr2_atrexp1,momentum,2025-02,11,-88.55047777077621,3,8
XAUUSDm,B_momo_london_ny_adx20_rr2_atrexp1,momentum,2025-03,13,-74.1449018284355,4,9
XAUUSDm,B_momo_london_ny_adx20_rr2_atrexp1,momentum,2025-04,15,-164.68981738692045,4,11
XAUUSDm,B_momo_london_ny_adx20_rr2_atrexp1,momentum,2025-05,13,122.44320332749379,7,6
XAUUSDm,B_momo_london_ny_adx20_rr2_atrexp1,momentum,2025-06,18,-103.00274520090558,7,11
XAUUSDm,B_momo_london_ny_adx20_rr2_atrexp1,momentum,2025-07,19,46.26016589444829,9,10
XAUUSDm,B_momo_london_ny_adx20_rr2_atrexp1,momentum,2025-08,19,1.5055079657384578,10,9
XAUUSDm,B_momo_london_ny_adx20_rr2_atrexp1,momentum,2025-09,14,-142.50763946538234,3,11
XAUUSDm,B_momo_london_ny_adx20_rr2_atrexp1,momentum,2025-10,13,-34.27390303343485,5,8
XAUUSDm,B_momo_london_ny_adx20_rr2_atrexp1,momentum,2025-11,10,-85.37187282852983,2,8
XAUUSDm,B_momo_london_ny_adx20_rr2_atrexp1,momentum,2025-12,15,-99.19897335923979,5,10
XAUUSDm,B_momo_london_ny_adx20_rr2_atrexp1,momentum,2026-01,10,25.31750314695874,4,6
XAUUSDm,B_momo_london_ny_adx20_rr2_atrexp1,momentum,2026-02,7,-155.377951027536,0,7
XAUUSDm,B_momo_london_ny_adx20_rr2_atrexp1,momentum,2026-03,16,170.46404780211023,9,7
XAUUSDm,B_momo_london_ny_adx20_rr2_atrexp1,momentum,2026-04,17,-178.31836530718468,4,13
XAUUSDm,B_momo_london_ny_adx20_rr2_atrexp1,momentum,2026-05,3,-12.574678424534934,2,1
XAUUSDm,B_momo_london_ny_adx20_rr2.5_atrexp0,momentum,2025-01,22,-62.04327638962238,8,14
XAUUSDm,B_momo_london_ny_adx20_rr2.5_atrexp0,momentum,2025-02,19,-100.05806099007481,5,14
XAUUSDm,B_momo_london_ny_adx20_rr2.5_atrexp0,momentum,2025-03,16,-161.33425012800578,4,12
XAUUSDm,B_momo_london_ny_adx20_rr2.5_atrexp0,momentum,2025-04,23,-282.5978534858297,5,18
XAUUSDm,B_momo_london_ny_adx20_rr2.5_atrexp0,momentum,2025-05,21,73.83767899876167,9,12
XAUUSDm,B_momo_london_ny_adx20_rr2.5_atrexp0,momentum,2025-06,23,-180.52984189985972,8,15
XAUUSDm,B_momo_london_ny_adx20_rr2.5_atrexp0,momentum,2025-07,22,121.4912344007398,11,11
XAUUSDm,B_momo_london_ny_adx20_rr2.5_atrexp0,momentum,2025-08,21,45.384686622274685,11,10
XAUUSDm,B_momo_london_ny_adx20_rr2.5_atrexp0,momentum,2025-09,15,-56.684279167957925,4,11
XAUUSDm,B_momo_london_ny_adx20_rr2.5_atrexp0,momentum,2025-10,18,-54.366950958546475,6,12
XAUUSDm,B_momo_london_ny_adx20_rr2.5_atrexp0,momentum,2025-11,18,-139.05137408534858,4,14
XAUUSDm,B_momo_london_ny_adx20_rr2.5_atrexp0,momentum,2025-12,24,-198.14772385978117,6,18
XAUUSDm,B_momo_london_ny_adx20_rr2.5_atrexp0,momentum,2026-01,14,41.99072900577872,5,9
XAUUSDm,B_momo_london_ny_adx20_rr2.5_atrexp0,momentum,2026-02,13,-143.47658449018414,3,10
XAUUSDm,B_momo_london_ny_adx20_rr2.5_atrexp0,momentum,2026-03,21,82.41910945554051,9,12
XAUUSDm,B_momo_london_ny_adx20_rr2.5_atrexp0,momentum,2026-04,19,-222.81617552742273,4,15
XAUUSDm,B_momo_london_ny_adx20_rr2.5_atrexp0,momentum,2026-05,4,48.04048172448019,3,1
XAUUSDm,B_momo_london_ny_adx20_rr2.5_atrexp1,momentum,2025-01,20,-171.54982426009582,6,14
XAUUSDm,B_momo_london_ny_adx20_rr2.5_atrexp1,momentum,2025-02,11,-75.95145243816594,3,8
XAUUSDm,B_momo_london_ny_adx20_rr2.5_atrexp1,momentum,2025-03,12,-48.32270122659133,4,8
XAUUSDm,B_momo_london_ny_adx20_rr2.5_atrexp1,momentum,2025-04,15,-164.63223396946088,4,11
XAUUSDm,B_momo_london_ny_adx20_rr2.5_atrexp1,momentum,2025-05,13,16.857808755939622,6,7
XAUUSDm,B_momo_london_ny_adx20_rr2.5_atrexp1,momentum,2025-06,18,-165.55113442613603,6,12
XAUUSDm,B_momo_london_ny_adx20_rr2.5_atrexp1,momentum,2025-07,19,83.59325640744825,9,10
XAUUSDm,B_momo_london_ny_adx20_rr2.5_atrexp1,momentum,2025-08,18,65.60067579202746,10,8
XAUUSDm,B_momo_london_ny_adx20_rr2.5_atrexp1,momentum,2025-09,14,-117.4533969552481,3,11
XAUUSDm,B_momo_london_ny_adx20_rr2.5_atrexp1,momentum,2025-10,13,-9.326521540473202,5,8
XAUUSDm,B_momo_london_ny_adx20_rr2.5_atrexp1,momentum,2025-11,10,-60.34827724443633,2,8
XAUUSDm,B_momo_london_ny_adx20_rr2.5_atrexp1,momentum,2025-12,14,-69.69104706865565,5,9
XAUUSDm,B_momo_london_ny_adx20_rr2.5_atrexp1,momentum,2026-01,9,88.78067989950452,4,5
XAUUSDm,B_momo_london_ny_adx20_rr2.5_atrexp1,momentum,2026-02,7,-155.36208740117996,0,7
XAUUSDm,B_momo_london_ny_adx20_rr2.5_atrexp1,momentum,2026-03,16,206.26250799257426,9,7
XAUUSDm,B_momo_london_ny_adx20_rr2.5_atrexp1,momentum,2026-04,17,-170.84367321349865,4,13
XAUUSDm,B_momo_london_ny_adx20_rr2.5_atrexp1,momentum,2026-05,3,-12.516799740916825,2,1
XAUUSDm,B_momo_london_ny_adx25_rr1.5_atrexp0,momentum,2025-01,20,-121.76750104802892,8,12
XAUUSDm,B_momo_london_ny_adx25_rr1.5_atrexp0,momentum,2025-02,16,-29.09814351327772,6,10
XAUUSDm,B_momo_london_ny_adx25_rr1.5_atrexp0,momentum,2025-03,7,-43.28121209374235,2,5
XAUUSDm,B_momo_london_ny_adx25_rr1.5_atrexp0,momentum,2025-04,15,-165.10907541685216,4,11
XAUUSDm,B_momo_london_ny_adx25_rr1.5_atrexp0,momentum,2025-05,15,184.2700644980787,9,6
XAUUSDm,B_momo_london_ny_adx25_rr1.5_atrexp0,momentum,2025-06,16,24.672816403227614,8,8
XAUUSDm,B_momo_london_ny_adx25_rr1.5_atrexp0,momentum,2025-07,17,17.05908500695269,7,10
XAUUSDm,B_momo_london_ny_adx25_rr1.5_atrexp0,momentum,2025-08,12,32.09767000252957,6,6
XAUUSDm,B_momo_london_ny_adx25_rr1.5_atrexp0,momentum,2025-09,9,-69.86159700818448,3,6
XAUUSDm,B_momo_london_ny_adx25_rr1.5_atrexp0,momentum,2025-10,15,-64.51472241822918,4,11
XAUUSDm,B_momo_london_ny_adx25_rr1.5_atrexp0,momentum,2025-11,12,-112.4586004740658,3,9
XAUUSDm,B_momo_london_ny_adx25_rr1.5_atrexp0,momentum,2025-12,20,-201.30017855906334,5,15
XAUUSDm,B_momo_london_ny_adx25_rr1.5_atrexp0,momentum,2026-01,13,-99.65134599047045,4,9
XAUUSDm,B_momo_london_ny_adx25_rr1.5_atrexp0,momentum,2026-02,7,68.79828307203519,4,3
XAUUSDm,B_momo_london_ny_adx25_rr1.5_atrexp0,momentum,2026-03,11,110.08656465244263,7,4
XAUUSDm,B_momo_london_ny_adx25_rr1.5_atrexp0,momentum,2026-04,13,-54.74819172198778,4,9
XAUUSDm,B_momo_london_ny_adx25_rr1.5_atrexp0,momentum,2026-05,3,16.669527310117495,2,1
XAUUSDm,B_momo_london_ny_adx25_rr1.5_atrexp1,momentum,2025-01,17,-101.61498809158525,7,10
XAUUSDm,B_momo_london_ny_adx25_rr1.5_atrexp1,momentum,2025-02,9,16.554065986918726,4,5
XAUUSDm,B_momo_london_ny_adx25_rr1.5_atrexp1,momentum,2025-03,4,43.342028916714725,2,2
XAUUSDm,B_momo_london_ny_adx25_rr1.5_atrexp1,momentum,2025-04,10,-93.92595524722128,3,7
XAUUSDm,B_momo_london_ny_adx25_rr1.5_atrexp1,momentum,2025-05,8,94.94619707034286,5,3
XAUUSDm,B_momo_london_ny_adx25_rr1.5_atrexp1,momentum,2025-06,14,15.694905134881786,7,7
XAUUSDm,B_momo_london_ny_adx25_rr1.5_atrexp1,momentum,2025-07,14,-26.932231643437895,5,9
XAUUSDm,B_momo_london_ny_adx25_rr1.5_atrexp1,momentum,2025-08,10,6.937906808704419,5,5
XAUUSDm,B_momo_london_ny_adx25_rr1.5_atrexp1,momentum,2025-09,9,-69.82812685917172,3,6
XAUUSDm,B_momo_london_ny_adx25_rr1.5_atrexp1,momentum,2025-10,10,11.37343472737576,4,6
XAUUSDm,B_momo_london_ny_adx25_rr1.5_atrexp1,momentum,2025-11,7,-41.2944848547659,2,5
XAUUSDm,B_momo_london_ny_adx25_rr1.5_atrexp1,momentum,2025-12,12,-118.9459260128959,3,9
XAUUSDm,B_momo_london_ny_adx25_rr1.5_atrexp1,momentum,2026-01,9,-55.23373527500019,3,6
XAUUSDm,B_momo_london_ny_adx25_rr1.5_atrexp1,momentum,2026-02,6,94.25316597689701,4,2
XAUUSDm,B_momo_london_ny_adx25_rr1.5_atrexp1,momentum,2026-03,10,135.27533679961465,7,3
XAUUSDm,B_momo_london_ny_adx25_rr1.5_atrexp1,momentum,2026-04,12,-28.871507441825408,4,8
XAUUSDm,B_momo_london_ny_adx25_rr1.5_atrexp1,momentum,2026-05,2,-19.32371885350192,1,1
XAUUSDm,B_momo_london_ny_adx25_rr2_atrexp0,momentum,2025-01,18,-155.2115419875157,6,12
XAUUSDm,B_momo_london_ny_adx25_rr2_atrexp0,momentum,2025-02,16,-51.38810927020789,5,11
XAUUSDm,B_momo_london_ny_adx25_rr2_atrexp0,momentum,2025-03,7,-18.271332839942716,2,5
XAUUSDm,B_momo_london_ny_adx25_rr2_atrexp0,momentum,2025-04,15,-215.22420694407342,3,12
XAUUSDm,B_momo_london_ny_adx25_rr2_atrexp0,momentum,2025-05,15,193.12110572860104,8,7
XAUUSDm,B_momo_london_ny_adx25_rr2_atrexp0,momentum,2025-06,16,-4.335086860540573,8,8
XAUUSDm,B_momo_london_ny_adx25_rr2_atrexp0,momentum,2025-07,16,-46.34197453760454,4,12
XAUUSDm,B_momo_london_ny_adx25_rr2_atrexp0,momentum,2025-08,11,54.64270930126601,6,5
XAUUSDm,B_momo_london_ny_adx25_rr2_atrexp0,momentum,2025-09,9,-44.86720460188616,3,6
XAUUSDm,B_momo_london_ny_adx25_rr2_atrexp0,momentum,2025-10,14,-56.54405863705446,4,10
XAUUSDm,B_momo_london_ny_adx25_rr2_atrexp0,momentum,2025-11,12,-81.55188876437668,3,9
XAUUSDm,B_momo_london_ny_adx25_rr2_atrexp0,momentum,2025-12,19,-199.41173629222092,4,15
XAUUSDm,B_momo_london_ny_adx25_rr2_atrexp0,momentum,2026-01,13,-62.235044375280445,4,9
XAUUSDm,B_momo_london_ny_adx25_rr2_atrexp0,momentum,2026-02,6,-129.1846764788952,0,6
XAUUSDm,B_momo_london_ny_adx25_rr2_atrexp0,momentum,2026-03,12,82.44821107302496,6,6
XAUUSDm,B_momo_london_ny_adx25_rr2_atrexp0,momentum,2026-04,13,-4.771833828554875,4,9
XAUUSDm,B_momo_london_ny_adx25_rr2_atrexp0,momentum,2026-05,3,29.10269194120493,2,1
XAUUSDm,B_momo_london_ny_adx25_rr2_atrexp1,momentum,2025-01,16,-100.21825346415135,6,10
XAUUSDm,B_momo_london_ny_adx25_rr2_atrexp1,momentum,2025-02,8,-19.730420609839584,3,5
XAUUSDm,B_momo_london_ny_adx25_rr2_atrexp1,momentum,2025-03,4,68.44855494743976,2,2
XAUUSDm,B_momo_london_ny_adx25_rr2_atrexp1,momentum,2025-04,10,-156.57062239817776,2,8
XAUUSDm,B_momo_london_ny_adx25_rr2_atrexp1,momentum,2025-05,8,144.93681728414163,5,3
XAUUSDm,B_momo_london_ny_adx25_rr2_atrexp1,momentum,2025-06,14,17.824395903961005,7,7
XAUUSDm,B_momo_london_ny_adx25_rr2_atrexp1,momentum,2025-07,14,-82.2834929012923,4,10
XAUUSDm,B_momo_london_ny_adx25_rr2_atrexp1,momentum,2025-08,9,48.314644752314905,5,4
XAUUSDm,B_momo_london_ny_adx25_rr2_atrexp1,momentum,2025-09,9,-44.88898445239855,3,6
XAUUSDm,B_momo_london_ny_adx25_rr2_atrexp1,momentum,2025-10,10,0.9288115655853453,4,6
XAUUSDm,B_momo_london_ny_adx25_rr2_atrexp1,momentum,2025-11,7,-22.87636014593248,2,5
XAUUSDm,B_momo_london_ny_adx25_rr2_atrexp1,momentum,2025-12,11,-137.16556255136942,2,9
XAUUSDm,B_momo_london_ny_adx25_rr2_atrexp1,momentum,2026-01,9,-30.1429148877614,3,6
XAUUSDm,B_momo_london_ny_adx25_rr2_atrexp1,momentum,2026-02,5,-103.76238215610802,0,5
XAUUSDm,B_momo_london_ny_adx25_rr2_atrexp1,momentum,2026-03,11,107.59085686708775,6,5
XAUUSDm,B_momo_london_ny_adx25_rr2_atrexp1,momentum,2026-04,12,21.072370968223684,4,8
XAUUSDm,B_momo_london_ny_adx25_rr2_atrexp1,momentum,2026-05,2,-19.407550435976574,1,1
XAUUSDm,B_momo_london_ny_adx25_rr2.5_atrexp0,momentum,2025-01,18,-269.1883790782892,4,14
XAUUSDm,B_momo_london_ny_adx25_rr2.5_atrexp0,momentum,2025-02,16,-118.53380392064497,4,12
XAUUSDm,B_momo_london_ny_adx25_rr2.5_atrexp0,momentum,2025-03,6,7.611080554623925,2,4
XAUUSDm,B_momo_london_ny_adx25_rr2.5_atrexp0,momentum,2025-04,15,-202.63250042929633,3,12
XAUUSDm,B_momo_london_ny_adx25_rr2.5_atrexp0,momentum,2025-05,15,110.88722962085288,7,8
XAUUSDm,B_momo_london_ny_adx25_rr2.5_atrexp0,momentum,2025-06,16,-81.97605863216091,7,9
XAUUSDm,B_momo_london_ny_adx25_rr2.5_atrexp0,momentum,2025-07,16,-61.756853239235184,4,12
XAUUSDm,B_momo_london_ny_adx25_rr2.5_atrexp0,momentum,2025-08,10,106.54116944467313,6,4
XAUUSDm,B_momo_london_ny_adx25_rr2.5_atrexp0,momentum,2025-09,9,-19.8892642857067,3,6
XAUUSDm,B_momo_london_ny_adx25_rr2.5_atrexp0,momentum,2025-10,14,-33.620209531015206,4,10
XAUUSDm,B_momo_london_ny_adx25_rr2.5_atrexp0,momentum,2025-11,12,-43.99450755444598,3,9
XAUUSDm,B_momo_london_ny_adx25_rr2.5_atrexp0,momentum,2025-12,19,-236.63074350137936,3,16
XAUUSDm,B_momo_london_ny_adx25_rr2.5_atrexp0,momentum,2026-01,12,1.3261366530427523,4,8
XAUUSDm,B_momo_london_ny_adx25_rr2.5_atrexp0,momentum,2026-02,6,-129.20722859059538,0,6
XAUUSDm,B_momo_london_ny_adx25_rr2.5_atrexp0,momentum,2026-03,12,105.69176587804843,6,6
XAUUSDm,B_momo_london_ny_adx25_rr2.5_atrexp0,momentum,2026-04,13,28.106195168702346,4,9
XAUUSDm,B_momo_london_ny_adx25_rr2.5_atrexp0,momentum,2026-05,3,41.62289779857049,2,1
XAUUSDm,B_momo_london_ny_adx25_rr2.5_atrexp1,momentum,2025-01,16,-214.28625584973352,4,12
XAUUSDm,B_momo_london_ny_adx25_rr2.5_atrexp1,momentum,2025-02,8,-7.231670609840151,3,5
XAUUSDm,B_momo_london_ny_adx25_rr2.5_atrexp1,momentum,2025-03,3,94.22394065151745,2,1
XAUUSDm,B_momo_london_ny_adx25_rr2.5_atrexp1,momentum,2025-04,10,-156.54355052084983,2,8
XAUUSDm,B_momo_london_ny_adx25_rr2.5_atrexp1,momentum,2025-05,8,26.51694998115814,4,4
XAUUSDm,B_momo_london_ny_adx25_rr2.5_atrexp1,momentum,2025-06,14,-60.18290320332696,6,8
XAUUSDm,B_momo_london_ny_adx25_rr2.5_atrexp1,momentum,2025-07,14,-69.7508774596977,4,10
XAUUSDm,B_momo_london_ny_adx25_rr2.5_atrexp1,momentum,2025-08,8,100.10340886021737,5,3
XAUUSDm,B_momo_london_ny_adx25_rr2.5_atrexp1,momentum,2025-09,9,-19.747328985638454,3,6
XAUUSDm,B_momo_london_ny_adx25_rr2.5_atrexp1,momentum,2025-10,10,26.050289817345693,4,6
XAUUSDm,B_momo_london_ny_adx25_rr2.5_atrexp1,momentum,2025-11,7,2.1897092250266326,2,5
XAUUSDm,B_momo_london_ny_adx25_rr2.5_atrexp1,momentum,2025-12,11,-145.66650745503878,2,9
XAUUSDm,B_momo_london_ny_adx25_rr2.5_atrexp1,momentum,2026-01,8,20.89202746077852,3,5
XAUUSDm,B_momo_london_ny_adx25_rr2.5_atrexp1,momentum,2026-02,5,-103.61033282847202,0,5
XAUUSDm,B_momo_london_ny_adx25_rr2.5_atrexp1,momentum,2026-03,11,131.0423864942815,6,5
XAUUSDm,B_momo_london_ny_adx25_rr2.5_atrexp1,momentum,2026-04,12,53.82256344986562,4,8
XAUUSDm,B_momo_london_ny_adx25_rr2.5_atrexp1,momentum,2026-05,2,-19.402575884146614,1,1
